组合,挑选_单数,挑选_胜率%,挑选_PF,挑选_随机PF,挑选_过关,验证1换时间_单数,验证1换时间_胜率%,验证1换时间_PF,验证1换时间_随机PF,验证1换时间_过关,验证2换币_单数,验证2换币_胜率%,验证2换币_PF,验证2换币_随机PF,验证2换币_过关
1分钟 关键位吸收 原版止损 止盈1倍 拿2h,8238,50,0.54,0.52,,5523,50,0.55,0.52,,7282,49,0.57,0.57,
1分钟 关键位吸收 原版止损 止盈1倍 拿12h,8225,50,0.55,0.55,,5521,50,0.55,0.54,,7277,49,0.57,0.59,
1分钟 关键位吸收 原版止损 止盈2倍 拿2h,7815,34,0.62,0.59,,5344,34,0.62,0.6,,6992,33,0.64,0.65,
1分钟 关键位吸收 原版止损 止盈2倍 拿12h,7762,34,0.63,0.62,,5318,34,0.62,0.64,,6957,33,0.65,0.66,
1分钟 关键位吸收 原版止损 止盈3倍 拿2h,7561,27,0.63,0.62,,5239,27,0.65,0.62,,6779,26,0.66,0.67,
1分钟 关键位吸收 原版止损 止盈3倍 拿12h,7438,26,0.66,0.63,,5182,26,0.65,0.65,,6716,25,0.67,0.66,
1分钟 关键位吸收 止损2% 止盈不设 拿4h,4910,46,0.89,0.76,,3628,46,0.96,0.85,,4303,46,0.85,0.87,
1分钟 关键位吸收 止损2% 止盈不设 拿12h,3704,44,0.93,0.87,,2866,41,0.99,0.91,,3316,40,0.85,0.84,
1分钟 关键位吸收 止损2% 止盈不设 拿24h,3180,39,1.02,0.95,,2515,37,0.99,0.95,,2905,34,0.91,0.93,
1分钟 关键位吸收 止损2% 止盈不设 拿48h,2389,31,1.06,1.0,,1966,29,0.99,0.98,,2239,25,0.91,1.01,
1分钟 关键位吸收 止损2% 止盈1% 拿4h,5355,55,0.91,0.87,,3947,57,0.93,0.81,,4876,57,0.88,0.88,
1分钟 关键位吸收 止损2% 止盈1% 拿12h,4708,63,0.95,0.86,,3592,65,0.96,0.9,,4454,64,0.91,0.87,
1分钟 关键位吸收 止损2% 止盈1% 拿24h,4563,66,0.96,0.9,,3528,67,0.96,0.91,,4387,66,0.93,0.91,
1分钟 关键位吸收 止损2% 止盈1% 拿48h,4397,68,0.96,0.9,,3467,67,0.95,0.86,,4328,67,0.92,0.91,
1分钟 关键位吸收 止损2% 止盈2% 拿4h,5011,48,0.91,0.87,,3708,49,0.95,0.83,,4444,48,0.88,0.87,
1分钟 关键位吸收 止损2% 止盈2% 拿12h,4062,51,0.97,0.89,,3130,50,0.95,0.91,,3749,50,0.93,0.93,
1分钟 关键位吸收 止损2% 止盈2% 拿24h,3822,51,0.96,0.91,,3007,50,0.95,0.91,,3628,50,0.93,0.93,
1分钟 关键位吸收 止损2% 止盈2% 拿48h,3490,51,0.99,0.91,,2865,51,0.95,0.9,,3460,50,0.93,0.9,
1分钟 关键位吸收 止损2% 止盈3% 拿4h,4941,47,0.91,0.81,,3652,47,0.93,0.85,,4361,46,0.87,0.85,
1分钟 关键位吸收 止损2% 止盈3% 拿12h,3858,46,0.94,0.89,,2969,45,0.96,0.91,,3524,44,0.92,0.88,
1分钟 关键位吸收 止损2% 止盈3% 拿24h,3523,44,0.93,0.9,,2795,42,0.96,0.92,,3328,42,0.93,0.92,
1分钟 关键位吸收 止损2% 止盈3% 拿48h,3069,42,0.97,0.89,,2570,42,0.97,0.91,,3063,40,0.89,0.9,
1分钟 关键位吸收 止损2% 止盈5% 拿4h,4913,46,0.88,0.81,,3633,46,0.95,0.84,,4313,46,0.87,0.85,
1分钟 关键位吸收 止损2% 止盈5% 拿12h,3728,44,0.91,0.88,,2883,42,0.95,0.9,,3372,41,0.88,0.87,
1分钟 关键位吸收 止损2% 止盈5% 拿24h,3301,39,0.93,0.94,,2623,37,0.97,0.94,,3076,36,0.9,0.9,
1分钟 关键位吸收 止损2% 止盈5% 拿48h,2699,34,0.94,0.91,,2273,33,0.98,0.93,,2656,30,0.86,0.9,
1分钟 关键位吸收 止损2% 止盈8% 拿4h,4910,46,0.89,0.84,,3628,46,0.96,0.85,,4304,46,0.85,0.86,
1分钟 关键位吸收 止损2% 止盈8% 拿12h,3710,44,0.91,0.87,,2866,41,0.97,0.88,,3322,40,0.85,0.87,
1分钟 关键位吸收 止损2% 止盈8% 拿24h,3216,39,0.95,0.87,,2546,36,0.97,0.91,,2955,34,0.87,0.92,
1分钟 关键位吸收 止损2% 止盈8% 拿48h,2489,31,0.93,0.91,,2075,30,0.99,0.92,,2390,26,0.82,0.93,
1分钟 关键位吸收 止损3% 止盈不设 拿4h,4847,47,0.9,0.84,,3585,47,0.93,0.9,,4201,47,0.87,0.88,
1分钟 关键位吸收 止损3% 止盈不设 拿12h,3483,47,0.93,0.9,,2729,45,0.97,0.94,,3071,46,0.88,0.89,
1分钟 关键位吸收 止损3% 止盈不设 拿24h,2926,45,1.0,1.0,,2307,43,0.99,0.89,,2629,41,0.93,0.96,
1分钟 关键位吸收 止损3% 止盈不设 拿48h,2060,39,1.06,0.95,,1712,38,0.97,1.02,,1901,35,1.03,1.0,
1分钟 关键位吸收 止损3% 止盈1% 拿4h,5292,56,0.93,0.86,,3897,58,0.92,0.78,,4773,59,0.88,0.89,
1分钟 关键位吸收 止损3% 止盈1% 拿12h,4513,67,0.97,0.93,,3457,70,0.97,0.91,,4217,70,0.92,0.92,
1分钟 关键位吸收 止损3% 止盈1% 拿24h,4291,72,0.96,0.91,,3339,73,0.97,0.9,,4082,73,0.94,0.93,
1分钟 关键位吸收 止损3% 止盈1% 拿48h,4032,75,0.98,0.93,,3225,75,0.98,0.89,,3948,75,0.94,0.94,
1分钟 关键位吸收 止损3% 止盈2% 拿4h,4947,49,0.92,0.85,,3662,50,0.92,0.88,,4340,50,0.91,0.87,
1分钟 关键位吸收 止损3% 止盈2% 拿12h,3850,54,0.96,0.93,,2985,54,0.93,0.89,,3500,56,0.95,0.93,
1分钟 关键位吸收 止损3% 止盈2% 拿24h,3530,56,0.94,0.94,,2795,57,0.93,0.92,,3330,58,0.98,0.94,
1分钟 关键位吸收 止损3% 止盈2% 拿48h,3101,59,0.96,0.95,,2581,59,0.94,0.91,,3074,61,1.0,0.95,
1分钟 关键位吸收 止损3% 止盈3% 拿4h,4877,48,0.91,0.88,,3609,48,0.9,0.87,,4254,48,0.9,0.89,
1分钟 关键位吸收 止损3% 止盈3% 拿12h,3641,49,0.93,0.89,,2829,49,0.93,0.88,,3272,50,0.94,0.91,
1分钟 关键位吸收 止损3% 止盈3% 拿24h,3247,49,0.93,0.94,,2577,49,0.95,0.91,,3031,50,0.95,0.96,
1分钟 关键位吸收 止损3% 止盈3% 拿48h,2694,50,0.97,0.95,,2265,50,0.97,0.92,,2661,50,0.95,0.96,
1分钟 关键位吸收 止损3% 止盈5% 拿4h,4850,47,0.89,0.81,,3590,47,0.92,0.87,,4210,47,0.89,0.88,
1分钟 关键位吸收 止损3% 止盈5% 拿12h,3506,47,0.91,0.9,,2745,46,0.92,0.9,,3125,46,0.91,0.91,
1分钟 关键位吸收 止损3% 止盈5% 拿24h,3036,46,0.95,0.95,,2413,44,0.96,0.89,,2802,44,0.95,0.91,
1分钟 关键位吸收 止损3% 止盈5% 拿48h,2324,42,0.96,0.89,,1977,41,0.98,0.96,,2293,41,0.97,0.92,
1分钟 关键位吸收 止损3% 止盈8% 拿4h,4847,47,0.9,0.83,,3585,47,0.93,0.88,,4202,47,0.87,0.84,
1分钟 关键位吸收 止损3% 止盈8% 拿12h,3489,47,0.92,0.91,,2729,45,0.95,0.95,,3077,46,0.88,0.9,
1分钟 关键位吸收 止损3% 止盈8% 拿24h,2962,45,0.97,0.92,,2336,43,0.97,0.94,,2680,42,0.92,0.95,
1分钟 关键位吸收 止损3% 止盈8% 拿48h,2147,40,0.97,0.95,,1798,38,0.96,0.96,,2046,36,0.94,0.9,
1分钟 关键位吸收 止损5% 止盈不设 拿4h,4834,47,0.91,0.82,,3567,48,0.92,0.84,,4171,48,0.9,0.85,
1分钟 关键位吸收 止损5% 止盈不设 拿12h,3391,49,0.96,0.91,,2649,48,0.98,0.9,,2920,48,0.85,0.94,
1分钟 关键位吸收 止损5% 止盈不设 拿24h,2733,49,1.03,0.94,,2160,49,0.97,0.94,,2415,47,0.95,0.97,
1分钟 关键位吸收 止损5% 止盈不设 拿48h,1787,45,1.02,1.02,,1492,46,0.92,0.95,,1607,44,0.99,1.02,
1分钟 关键位吸收 止损5% 止盈1% 拿4h,5278,56,0.94,0.86,,3881,59,0.91,0.84,,4741,59,0.91,0.91,
1分钟 关键位吸收 止损5% 止盈1% 拿12h,4426,69,1.01,0.9,,3394,72,0.94,0.91,,4067,72,0.95,0.93,
1分钟 关键位吸收 止损5% 止盈1% 拿24h,4070,75,0.99,0.94,,3198,78,0.96,0.87,,3828,78,0.95,0.95,
1分钟 关键位吸收 止损5% 止盈1% 拿48h,3641,81,1.03,0.95,,2960,82,0.98,0.87,,3540,82,0.98,0.97,
1分钟 关键位吸收 止损5% 止盈2% 拿4h,4934,49,0.93,0.88,,3644,50,0.91,0.86,,4309,51,0.93,0.9,
1分钟 关键位吸收 止损5% 止盈2% 拿12h,3763,56,1.0,0.95,,2904,57,0.91,0.86,,3351,59,0.96,0.96,
1分钟 关键位吸收 止损5% 止盈2% 拿24h,3323,61,0.98,0.96,,2633,62,0.93,0.95,,3076,63,0.96,0.95,
1分钟 关键位吸收 止损5% 止盈2% 拿48h,2733,66,1.0,0.97,,2278,68,0.97,0.93,,2676,69,1.03,0.98,
1分钟 关键位吸收 止损5% 止盈3% 拿4h,4863,48,0.92,0.88,,3591,49,0.89,0.85,,4223,48,0.93,0.86,
1分钟 关键位吸收 止损5% 止盈3% 拿12h,3549,51,0.97,0.93,,2746,52,0.92,0.89,,3122,53,0.94,0.94,
1分钟 关键位吸收 止损5% 止盈3% 拿24h,3050,54,0.98,0.96,,2411,55,0.96,0.95,,2801,56,0.97,0.99,
1分钟 关键位吸收 止损5% 止盈3% 拿48h,2348,59,1.04,0.95,,1969,59,0.98,0.91,,2282,60,0.98,1.0,
1分钟 关键位吸收 止损5% 止盈5% 拿4h,4837,48,0.91,0.84,,3572,48,0.91,0.87,,4180,48,0.92,0.89,
1分钟 关键位吸收 止损5% 止盈5% 拿12h,3414,49,0.95,0.94,,2665,49,0.92,0.92,,2974,49,0.91,0.94,
1分钟 关键位吸收 止损5% 止盈5% 拿24h,2823,50,0.98,0.91,,2256,50,0.97,0.95,,2578,50,0.98,0.95,
1分钟 关键位吸收 止损5% 止盈5% 拿48h,2002,49,0.95,0.97,,1694,50,0.98,0.91,,1937,51,1.02,0.97,
1分钟 关键位吸收 止损5% 止盈8% 拿4h,4834,47,0.91,0.82,,3567,48,0.92,0.86,,4172,48,0.9,0.92,
1分钟 关键位吸收 止损5% 止盈8% 拿12h,3397,49,0.94,0.92,,2649,48,0.96,0.97,,2928,48,0.87,0.91,
1分钟 关键位吸收 止损5% 止盈8% 拿24h,2759,49,0.99,0.96,,2185,49,0.97,0.91,,2462,48,0.97,0.91,
1分钟 关键位吸收 止损5% 止盈8% 拿48h,1859,45,0.94,0.98,,1557,47,0.95,0.95,,1733,44,0.92,0.94,
1分钟 关键位吸收 补仓3笔(1:1:1，-2%/-4%补) 均价止盈1% 止损离第一笔10% 拿24h,4126,82,0.97,0.87,,3237,86,0.91,0.81,,3863,86,0.95,0.98,
1分钟 关键位吸收 补仓3笔(1:1:1，-2%/-4%补) 均价止盈1% 止损离第一笔10% 拿72h,3426,91,1.04,0.92,,2883,92,0.86,0.78,,3413,93,1.06,1.04,
1分钟 关键位吸收 补仓3笔(1:1:1，-2%/-4%补) 均价止盈1% 止损离第一笔15% 拿24h,4118,82,0.97,0.86,,3228,86,0.89,0.83,,3844,86,0.9,0.93,
1分钟 关键位吸收 补仓3笔(1:1:1，-2%/-4%补) 均价止盈1% 止损离第一笔15% 拿72h,3359,92,1.04,0.88,,2799,92,0.85,0.81,,3322,94,0.98,0.95,
1分钟 关键位吸收 补仓3笔(1:1:1，-2%/-4%补) 均价止盈2% 止损离第一笔10% 拿24h,3325,69,0.99,0.91,,2612,72,0.91,0.83,,3035,74,0.97,0.98,
1分钟 关键位吸收 补仓3笔(1:1:1，-2%/-4%补) 均价止盈2% 止损离第一笔10% 拿72h,2382,81,1.07,0.92,,2055,82,0.84,0.92,,2385,85,1.04,1.01,
1分钟 关键位吸收 补仓3笔(1:1:1，-2%/-4%补) 均价止盈2% 止损离第一笔15% 拿24h,3318,69,1.0,0.94,,2604,72,0.9,0.87,,3017,74,0.94,0.97,
1分钟 关键位吸收 补仓3笔(1:1:1，-2%/-4%补) 均价止盈2% 止损离第一笔15% 拿72h,2314,82,1.04,0.92,,1955,83,0.86,0.9,,2268,86,0.98,0.95,
1分钟 关键位吸收 补仓3笔(1:1:1，-2%/-4%补) 均价止盈3% 止损离第一笔10% 拿24h,2999,61,0.96,0.96,,2371,65,0.98,0.85,,2711,66,0.97,0.97,
1分钟 关键位吸收 补仓3笔(1:1:1，-2%/-4%补) 均价止盈3% 止损离第一笔10% 拿72h,1896,74,1.07,1.01,,1686,76,0.99,0.88,,1895,78,1.04,0.98,
1分钟 关键位吸收 补仓3笔(1:1:1，-2%/-4%补) 均价止盈3% 止损离第一笔15% 拿24h,2994,62,0.97,0.91,,2365,65,0.98,0.89,,2696,66,0.95,0.93,
1分钟 关键位吸收 补仓3笔(1:1:1，-2%/-4%补) 均价止盈3% 止损离第一笔15% 拿72h,1841,74,1.04,0.87,,1619,76,0.95,0.9,,1795,79,0.99,0.95,
1分钟 关键位吸收 补仓3笔(1:1:1，-3%/-6%补) 均价止盈1% 止损离第一笔10% 拿24h,4041,80,1.0,0.95,,3180,84,0.91,0.79,,3783,84,0.91,0.91,
1分钟 关键位吸收 补仓3笔(1:1:1，-3%/-6%补) 均价止盈1% 止损离第一笔10% 拿72h,3342,91,1.08,0.94,,2798,92,0.9,0.92,,3307,93,1.07,1.08,
1分钟 关键位吸收 补仓3笔(1:1:1，-3%/-6%补) 均价止盈1% 止损离第一笔15% 拿24h,4032,80,1.01,0.89,,3170,84,0.86,0.8,,3760,84,0.86,1.02,
1分钟 关键位吸收 补仓3笔(1:1:1，-3%/-6%补) 均价止盈1% 止损离第一笔15% 拿72h,3278,92,1.06,0.86,,2712,93,0.9,0.83,,3218,94,0.99,1.0,
1分钟 关键位吸收 补仓3笔(1:1:1，-3%/-6%补) 均价止盈2% 止损离第一笔10% 拿24h,3282,66,0.97,0.91,,2593,70,0.96,0.88,,3004,72,1.0,0.94,
1分钟 关键位吸收 补仓3笔(1:1:1，-3%/-6%补) 均价止盈2% 止损离第一笔10% 拿72h,2324,81,1.03,0.92,,2009,83,0.87,0.92,,2359,85,1.07,1.01,
1分钟 关键位吸收 补仓3笔(1:1:1，-3%/-6%补) 均价止盈2% 止损离第一笔15% 拿24h,3274,66,0.97,0.84,,2586,70,0.95,0.85,,2985,72,0.96,1.0,
1分钟 关键位吸收 补仓3笔(1:1:1，-3%/-6%补) 均价止盈2% 止损离第一笔15% 拿72h,2258,81,1.0,0.91,,1921,84,0.88,0.89,,2236,86,0.99,1.0,
1分钟 关键位吸收 补仓3笔(1:1:1，-3%/-6%补) 均价止盈3% 止损离第一笔10% 拿24h,2982,59,0.94,0.88,,2366,63,1.01,0.91,,2689,64,0.98,0.91,
1分钟 关键位吸收 补仓3笔(1:1:1，-3%/-6%补) 均价止盈3% 止损离第一笔10% 拿72h,1869,73,1.13,0.98,,1664,75,0.93,0.88,,1867,78,1.07,1.02,
1分钟 关键位吸收 补仓3笔(1:1:1，-3%/-6%补) 均价止盈3% 止损离第一笔15% 拿24h,2976,59,0.96,0.88,,2360,63,1.0,0.89,,2673,65,0.98,0.96,
1分钟 关键位吸收 补仓3笔(1:1:1，-3%/-6%补) 均价止盈3% 止损离第一笔15% 拿72h,1813,74,1.07,0.94,,1595,76,0.88,0.9,,1777,79,1.02,0.95,
1分钟 关键位吸收 补仓3笔(1:1:2，-3%/-6%补) 均价止盈1% 止损离第一笔10% 拿24h,4044,81,0.98,0.91,,3181,85,0.89,0.81,,3803,85,0.93,0.99,
1分钟 关键位吸收 补仓3笔(1:1:2，-3%/-6%补) 均价止盈1% 止损离第一笔10% 拿72h,3368,92,1.05,0.95,,2825,93,0.86,0.82,,3350,94,1.11,1.05,
1分钟 关键位吸收 补仓3笔(1:1:2，-3%/-6%补) 均价止盈1% 止损离第一笔15% 拿24h,4035,81,0.98,0.86,,3175,85,0.84,0.75,,3780,85,0.88,1.04,
1分钟 关键位吸收 补仓3笔(1:1:2，-3%/-6%补) 均价止盈1% 止损离第一笔15% 拿72h,3310,92,1.05,0.88,,2750,94,0.87,0.87,,3266,95,0.99,1.05,
1分钟 关键位吸收 补仓3笔(1:1:2，-3%/-6%补) 均价止盈2% 止损离第一笔10% 拿24h,3285,67,0.96,0.98,,2600,71,0.99,0.91,,3007,72,1.01,0.95,
1分钟 关键位吸收 补仓3笔(1:1:2，-3%/-6%补) 均价止盈2% 止损离第一笔10% 拿72h,2355,82,1.05,0.92,,2025,84,0.88,0.93,,2392,87,1.11,1.03,
1分钟 关键位吸收 补仓3笔(1:1:2，-3%/-6%补) 均价止盈2% 止损离第一笔15% 拿24h,3277,67,0.96,0.91,,2593,71,0.96,0.85,,2988,72,0.96,0.96,
1分钟 关键位吸收 补仓3笔(1:1:2，-3%/-6%补) 均价止盈2% 止损离第一笔15% 拿72h,2297,83,1.03,0.85,,1946,85,0.87,0.86,,2281,88,1.01,0.95,
1分钟 关键位吸收 补仓3笔(1:1:2，-3%/-6%补) 均价止盈3% 止损离第一笔10% 拿24h,2982,59,0.94,0.93,,2369,64,1.01,0.88,,2695,65,0.99,0.93,
1分钟 关键位吸收 补仓3笔(1:1:2，-3%/-6%补) 均价止盈3% 止损离第一笔10% 拿72h,1882,75,1.14,0.95,✔,1681,77,0.94,0.88,,1899,80,1.11,0.97,✔
1分钟 关键位吸收 补仓3笔(1:1:2，-3%/-6%补) 均价止盈3% 止损离第一笔15% 拿24h,2976,60,0.95,0.92,,2363,64,1.0,0.86,,2679,65,0.98,0.91,
1分钟 关键位吸收 补仓3笔(1:1:2，-3%/-6%补) 均价止盈3% 止损离第一笔15% 拿72h,1827,76,1.05,0.93,,1619,78,0.89,0.85,,1808,81,1.04,0.98,
1分钟 关键位吸收 补仓4笔(1:1:1:1，-2%/-4%/-6%补) 均价止盈1% 止损离第一笔10% 拿24h,4131,83,0.98,0.99,,3246,87,0.93,0.79,,3870,87,0.95,1.0,
1分钟 关键位吸收 补仓4笔(1:1:1:1，-2%/-4%/-6%补) 均价止盈1% 止损离第一笔10% 拿72h,3468,92,1.05,0.96,,2915,93,0.91,0.85,,3450,94,1.09,1.02,
1分钟 关键位吸收 补仓4笔(1:1:1:1，-2%/-4%/-6%补) 均价止盈1% 止损离第一笔15% 拿24h,4123,83,1.0,0.88,,3237,87,0.9,0.83,,3851,87,0.89,0.97,
1分钟 关键位吸收 补仓4笔(1:1:1:1，-2%/-4%/-6%补) 均价止盈1% 止损离第一笔15% 拿72h,3408,93,1.05,0.91,,2840,94,0.9,0.84,,3367,95,1.0,0.96,
1分钟 关键位吸收 补仓4笔(1:1:1:1，-2%/-4%/-6%补) 均价止盈2% 止损离第一笔10% 拿24h,3325,69,0.97,0.9,,2617,73,0.92,0.84,,3042,75,0.97,0.94,
1分钟 关键位吸收 补仓4笔(1:1:1:1，-2%/-4%/-6%补) 均价止盈2% 止损离第一笔10% 拿72h,2396,82,1.05,0.95,,2078,84,0.85,0.82,,2429,87,1.06,1.0,
1分钟 关键位吸收 补仓4笔(1:1:1:1，-2%/-4%/-6%补) 均价止盈2% 止损离第一笔15% 拿24h,3318,69,0.99,0.9,,2609,73,0.9,0.87,,3023,75,0.94,0.91,
1分钟 关键位吸收 补仓4笔(1:1:1:1，-2%/-4%/-6%补) 均价止盈2% 止损离第一笔15% 拿72h,2327,83,1.02,0.93,,1987,85,0.87,0.87,,2309,87,0.99,0.94,
1分钟 关键位吸收 补仓4笔(1:1:1:1，-2%/-4%/-6%补) 均价止盈3% 止损离第一笔10% 拿24h,3000,62,0.95,0.92,,2372,66,0.98,0.85,,2713,67,0.97,0.99,
1分钟 关键位吸收 补仓4笔(1:1:1:1，-2%/-4%/-6%补) 均价止盈3% 止损离第一笔10% 拿72h,1920,75,1.11,0.93,✔,1697,77,0.97,0.86,,1916,80,1.06,0.98,
1分钟 关键位吸收 补仓4笔(1:1:1:1，-2%/-4%/-6%补) 均价止盈3% 止损离第一笔15% 拿24h,2995,62,0.96,0.88,,2366,66,0.97,0.82,,2698,67,0.95,0.98,
1分钟 关键位吸收 补仓4笔(1:1:1:1，-2%/-4%/-6%补) 均价止盈3% 止损离第一笔15% 拿72h,1863,76,1.08,0.86,,1630,77,0.93,0.84,,1825,81,1.01,0.96,
1分钟 关键位吸收 补仓5笔(1:1:1:1:1，-2%/-4%/-6%/-8%补) 均价止盈1% 止损离第一笔11% 拿24h,4131,83,0.98,0.91,,3244,87,0.92,0.86,,3872,87,0.96,0.99,
1分钟 关键位吸收 补仓5笔(1:1:1:1:1，-2%/-4%/-6%/-8%补) 均价止盈1% 止损离第一笔11% 拿72h,3453,92,1.03,0.93,,2901,94,0.9,0.78,,3445,95,1.11,1.11,
1分钟 关键位吸收 补仓5笔(1:1:1:1:1，-2%/-4%/-6%/-8%补) 均价止盈1% 止损离第一笔14% 拿24h,4127,83,0.98,0.93,,3241,87,0.89,0.74,,3861,87,0.93,0.98,
1分钟 关键位吸收 补仓5笔(1:1:1:1:1，-2%/-4%/-6%/-8%补) 均价止盈1% 止损离第一笔14% 拿72h,3428,93,1.06,0.87,,2860,94,0.89,0.84,,3409,95,1.05,1.06,
1分钟 关键位吸收 补仓5笔(1:1:1:1:1，-2%/-4%/-6%/-8%补) 均价止盈1% 止损离第一笔18% 拿24h,4120,83,1.01,0.93,,3236,87,0.93,0.75,,3857,87,0.9,0.99,
1分钟 关键位吸收 补仓5笔(1:1:1:1:1，-2%/-4%/-6%/-8%补) 均价止盈1% 止损离第一笔18% 拿72h,3396,93,1.03,0.83,,2831,94,0.92,0.9,,3378,96,1.03,0.9,
1分钟 关键位吸收 补仓5笔(1:1:1:1:1，-2%/-4%/-6%/-8%补) 均价止盈2% 止损离第一笔11% 拿24h,3325,70,0.97,0.93,,2620,73,0.94,0.87,,3034,75,0.97,0.92,
1分钟 关键位吸收 补仓5笔(1:1:1:1:1，-2%/-4%/-6%/-8%补) 均价止盈2% 止损离第一笔11% 拿72h,2386,83,1.04,0.91,,2051,85,0.89,0.96,,2399,87,1.05,0.98,
1分钟 关键位吸收 补仓5笔(1:1:1:1:1，-2%/-4%/-6%/-8%补) 均价止盈2% 止损离第一笔14% 拿24h,3320,70,1.0,0.87,,2615,73,0.9,0.84,,3026,75,0.96,0.95,
1分钟 关键位吸收 补仓5笔(1:1:1:1:1，-2%/-4%/-6%/-8%补) 均价止盈2% 止损离第一笔14% 拿72h,2356,84,1.0,0.85,,2005,86,0.88,0.81,,2348,88,1.01,0.96,
1分钟 关键位吸收 补仓5笔(1:1:1:1:1，-2%/-4%/-6%/-8%补) 均价止盈2% 止损离第一笔18% 拿24h,3315,70,1.0,0.94,,2609,73,0.92,0.81,,3021,75,0.93,0.95,
1分钟 关键位吸收 补仓5笔(1:1:1:1:1，-2%/-4%/-6%/-8%补) 均价止盈2% 止损离第一笔18% 拿72h,2330,84,1.0,0.89,,1972,86,0.88,0.86,,2308,88,1.01,0.91,
1分钟 关键位吸收 补仓5笔(1:1:1:1:1，-2%/-4%/-6%/-8%补) 均价止盈3% 止损离第一笔11% 拿24h,3001,62,0.95,0.91,,2370,66,0.97,0.88,,2705,67,0.98,0.95,
1分钟 关键位吸收 补仓5笔(1:1:1:1:1，-2%/-4%/-6%/-8%补) 均价止盈3% 止损离第一笔11% 拿72h,1907,77,1.13,0.98,✔,1684,78,0.94,0.83,,1894,81,1.04,0.97,
1分钟 关键位吸收 补仓5笔(1:1:1:1:1，-2%/-4%/-6%/-8%补) 均价止盈3% 止损离第一笔14% 拿24h,2996,62,0.95,0.91,,2367,66,0.97,0.87,,2700,68,0.96,0.86,
1分钟 关键位吸收 补仓5笔(1:1:1:1:1，-2%/-4%/-6%/-8%补) 均价止盈3% 止损离第一笔14% 拿72h,1883,77,1.07,0.91,,1649,78,0.93,0.87,,1841,82,1.03,0.9,
1分钟 关键位吸收 补仓5笔(1:1:1:1:1，-2%/-4%/-6%/-8%补) 均价止盈3% 止损离第一笔18% 拿24h,2990,62,0.95,0.92,,2362,66,0.99,0.85,,2695,68,0.94,0.91,
1分钟 关键位吸收 补仓5笔(1:1:1:1:1，-2%/-4%/-6%/-8%补) 均价止盈3% 止损离第一笔18% 拿72h,1864,77,1.04,0.9,,1621,79,0.95,0.95,,1815,82,1.04,0.96,
1分钟 关键位吸收 补仓5笔(1:1:1:1:1，-2%/-4%/-6%/-8%补) 均价止盈5% 止损离第一笔11% 拿24h,2759,58,1.03,0.95,,2193,61,1.03,0.94,,2448,62,0.97,0.97,
1分钟 关键位吸收 补仓5笔(1:1:1:1:1，-2%/-4%/-6%/-8%补) 均价止盈5% 止损离第一笔11% 拿72h,1505,67,1.06,1.02,,1305,68,0.93,0.88,,1437,70,1.05,0.95,
1分钟 关键位吸收 补仓5笔(1:1:1:1:1，-2%/-4%/-6%/-8%补) 均价止盈5% 止损离第一笔14% 拿24h,2755,58,1.06,0.91,,2191,61,1.01,0.81,,2442,62,0.97,1.0,
1分钟 关键位吸收 补仓5笔(1:1:1:1:1，-2%/-4%/-6%/-8%补) 均价止盈5% 止损离第一笔14% 拿72h,1489,68,1.04,0.94,,1275,68,0.88,0.85,,1397,70,0.98,0.93,
1分钟 关键位吸收 补仓5笔(1:1:1:1:1，-2%/-4%/-6%/-8%补) 均价止盈5% 止损离第一笔18% 拿24h,2753,58,1.07,0.92,,2186,61,1.03,0.86,,2437,62,0.94,1.0,
1分钟 关键位吸收 补仓5笔(1:1:1:1:1，-2%/-4%/-6%/-8%补) 均价止盈5% 止损离第一笔18% 拿72h,1473,68,1.03,0.89,,1263,69,0.9,0.86,,1368,71,0.99,0.96,
1分钟 关键位吸收 补仓5笔(1:1:1:1:1，-2%/-4%/-6%/-8%补) 均价止盈8% 止损离第一笔11% 拿24h,2687,57,1.04,0.92,,2118,60,1.05,0.87,,2338,60,0.94,0.97,
1分钟 关键位吸收 补仓5笔(1:1:1:1:1，-2%/-4%/-6%/-8%补) 均价止盈8% 止损离第一笔11% 拿72h,1313,60,1.0,0.95,,1114,60,0.87,0.91,,1197,63,1.04,0.88,
1分钟 关键位吸收 补仓5笔(1:1:1:1:1，-2%/-4%/-6%/-8%补) 均价止盈8% 止损离第一笔14% 拿24h,2682,58,1.07,0.9,,2116,60,1.02,0.93,,2331,60,0.93,0.96,
1分钟 关键位吸收 补仓5笔(1:1:1:1:1，-2%/-4%/-6%/-8%补) 均价止盈8% 止损离第一笔14% 拿72h,1291,61,0.96,0.9,,1091,61,0.83,0.86,,1165,64,0.96,0.93,
1分钟 关键位吸收 补仓5笔(1:1:1:1:1，-2%/-4%/-6%/-8%补) 均价止盈8% 止损离第一笔18% 拿24h,2680,58,1.09,0.88,,2113,60,1.05,0.92,,2326,60,0.9,0.91,
1分钟 关键位吸收 补仓5笔(1:1:1:1:1，-2%/-4%/-6%/-8%补) 均价止盈8% 止损离第一笔18% 拿72h,1275,61,0.92,0.95,,1079,60,0.83,0.92,,1150,65,0.95,0.99,
1分钟 关键位吸收 补仓6笔(1:1:1:1:1:1，-1.5%/-3%/-4.5%/-6%/-7.5%补) 均价止盈1% 止损离第一笔10.5% 拿24h,4158,84,0.96,0.94,,3283,88,0.9,0.82,,3933,88,0.87,0.95,
1分钟 关键位吸收 补仓6笔(1:1:1:1:1:1，-1.5%/-3%/-4.5%/-6%/-7.5%补) 均价止盈1% 止损离第一笔10.5% 拿72h,3566,94,1.05,0.95,,2981,94,0.89,0.84,,3540,95,1.09,1.04,
1分钟 关键位吸收 补仓6笔(1:1:1:1:1:1，-1.5%/-3%/-4.5%/-6%/-7.5%补) 均价止盈1% 止损离第一笔13.5% 拿24h,4156,84,0.96,0.95,,3280,88,0.86,0.8,,3917,88,0.9,0.96,
1分钟 关键位吸收 补仓6笔(1:1:1:1:1:1，-1.5%/-3%/-4.5%/-6%/-7.5%补) 均价止盈1% 止损离第一笔13.5% 拿72h,3529,94,1.03,0.9,,2928,95,0.9,0.86,,3490,96,1.05,0.99,
1分钟 关键位吸收 补仓6笔(1:1:1:1:1:1，-1.5%/-3%/-4.5%/-6%/-7.5%补) 均价止盈1% 止损离第一笔17.5% 拿24h,4148,84,1.03,0.93,,3273,88,0.89,0.79,,3913,88,0.84,0.93,
1分钟 关键位吸收 补仓6笔(1:1:1:1:1:1，-1.5%/-3%/-4.5%/-6%/-7.5%补) 均价止盈1% 止损离第一笔17.5% 拿72h,3507,94,1.04,0.93,,2896,95,0.9,0.86,,3461,96,0.97,1.06,
1分钟 关键位吸收 补仓6笔(1:1:1:1:1:1，-1.5%/-3%/-4.5%/-6%/-7.5%补) 均价止盈2% 止损离第一笔10.5% 拿24h,3347,72,0.99,0.94,,2647,74,0.93,0.84,,3068,77,1.02,0.96,
1分钟 关键位吸收 补仓6笔(1:1:1:1:1:1，-1.5%/-3%/-4.5%/-6%/-7.5%补) 均价止盈2% 止损离第一笔10.5% 拿72h,2448,85,1.09,0.97,,2104,86,0.88,0.88,,2471,88,1.12,1.0,✔
1分钟 关键位吸收 补仓6笔(1:1:1:1:1:1，-1.5%/-3%/-4.5%/-6%/-7.5%补) 均价止盈2% 止损离第一笔13.5% 拿24h,3343,72,0.97,0.92,,2643,75,0.89,0.8,,3056,77,1.01,1.0,
1分钟 关键位吸收 补仓6笔(1:1:1:1:1:1，-1.5%/-3%/-4.5%/-6%/-7.5%补) 均价止盈2% 止损离第一笔13.5% 拿72h,2416,85,1.04,0.9,,2055,86,0.88,0.94,,2413,89,1.09,0.94,
1分钟 关键位吸收 补仓6笔(1:1:1:1:1:1，-1.5%/-3%/-4.5%/-6%/-7.5%补) 均价止盈2% 止损离第一笔17.5% 拿24h,3334,72,1.0,0.86,,2636,75,0.92,0.85,,3053,77,0.99,0.94,
1分钟 关键位吸收 补仓6笔(1:1:1:1:1:1，-1.5%/-3%/-4.5%/-6%/-7.5%补) 均价止盈2% 止损离第一笔17.5% 拿72h,2389,86,1.02,0.9,,2015,86,0.91,0.8,,2369,90,1.05,0.95,
1分钟 关键位吸收 补仓6笔(1:1:1:1:1:1，-1.5%/-3%/-4.5%/-6%/-7.5%补) 均价止盈3% 止损离第一笔10.5% 拿24h,3009,65,0.94,0.96,,2392,68,1.0,0.85,,2724,69,0.96,0.98,
1分钟 关键位吸收 补仓6笔(1:1:1:1:1:1，-1.5%/-3%/-4.5%/-6%/-7.5%补) 均价止盈3% 止损离第一笔10.5% 拿72h,1940,77,1.16,0.9,✔,1724,79,0.97,0.86,,1954,81,1.07,0.98,
1分钟 关键位吸收 补仓6笔(1:1:1:1:1:1，-1.5%/-3%/-4.5%/-6%/-7.5%补) 均价止盈3% 止损离第一笔13.5% 拿24h,3005,65,0.94,0.9,,2386,68,0.98,0.86,,2713,69,0.96,0.94,
1分钟 关键位吸收 补仓6笔(1:1:1:1:1:1，-1.5%/-3%/-4.5%/-6%/-7.5%补) 均价止盈3% 止损离第一笔13.5% 拿72h,1908,78,1.06,0.95,,1683,80,0.94,0.84,,1883,83,1.05,0.95,
1分钟 关键位吸收 补仓6笔(1:1:1:1:1:1，-1.5%/-3%/-4.5%/-6%/-7.5%补) 均价止盈3% 止损离第一笔17.5% 拿24h,2999,65,0.95,0.88,,2381,68,1.0,0.83,,2708,69,0.94,0.91,
1分钟 关键位吸收 补仓6笔(1:1:1:1:1:1，-1.5%/-3%/-4.5%/-6%/-7.5%补) 均价止盈3% 止损离第一笔17.5% 拿72h,1881,78,1.07,0.86,,1646,80,0.94,0.83,,1856,83,1.06,0.93,
1分钟 关键位吸收 补仓6笔(1:1:1:1:1:1，-1.5%/-3%/-4.5%/-6%/-7.5%补) 均价止盈5% 止损离第一笔10.5% 拿24h,2760,60,1.03,0.94,,2198,62,1.01,0.88,,2456,63,0.95,0.98,
1分钟 关键位吸收 补仓6笔(1:1:1:1:1:1，-1.5%/-3%/-4.5%/-6%/-7.5%补) 均价止盈5% 止损离第一笔10.5% 拿72h,1517,67,1.07,0.94,,1335,70,0.99,0.83,,1458,69,1.01,0.95,
1分钟 关键位吸收 补仓6笔(1:1:1:1:1:1，-1.5%/-3%/-4.5%/-6%/-7.5%补) 均价止盈5% 止损离第一笔13.5% 拿24h,2756,61,1.04,0.95,,2192,63,0.99,0.85,,2447,63,0.98,0.9,
1分钟 关键位吸收 补仓6笔(1:1:1:1:1:1，-1.5%/-3%/-4.5%/-6%/-7.5%补) 均价止盈5% 止损离第一笔13.5% 拿72h,1491,68,1.02,0.85,,1299,70,0.91,0.89,,1414,71,0.99,0.95,
1分钟 关键位吸收 补仓6笔(1:1:1:1:1:1，-1.5%/-3%/-4.5%/-6%/-7.5%补) 均价止盈5% 止损离第一笔17.5% 拿24h,2753,61,1.06,0.91,,2187,63,1.02,0.88,,2442,63,0.96,0.96,
1分钟 关键位吸收 补仓6笔(1:1:1:1:1:1，-1.5%/-3%/-4.5%/-6%/-7.5%补) 均价止盈5% 止损离第一笔17.5% 拿72h,1474,68,1.02,0.88,,1281,70,0.91,0.89,,1381,71,0.99,0.98,
1分钟 关键位吸收 补仓6笔(1:1:1:1:1:1，-1.5%/-3%/-4.5%/-6%/-7.5%补) 均价止盈8% 止损离第一笔10.5% 拿24h,2687,60,1.04,0.87,,2122,61,1.05,0.9,,2345,61,0.91,1.0,
1分钟 关键位吸收 补仓6笔(1:1:1:1:1:1，-1.5%/-3%/-4.5%/-6%/-7.5%补) 均价止盈8% 止损离第一笔10.5% 拿72h,1317,62,0.98,0.98,,1122,61,0.85,0.88,,1213,62,1.0,0.88,
1分钟 关键位吸收 补仓6笔(1:1:1:1:1:1，-1.5%/-3%/-4.5%/-6%/-7.5%补) 均价止盈8% 止损离第一笔13.5% 拿24h,2683,60,1.05,0.97,,2119,61,1.01,0.81,,2333,61,0.94,0.96,
1分钟 关键位吸收 补仓6笔(1:1:1:1:1:1，-1.5%/-3%/-4.5%/-6%/-7.5%补) 均价止盈8% 止损离第一笔13.5% 拿72h,1290,62,0.94,0.9,,1093,60,0.81,0.87,,1171,64,0.96,0.94,
1分钟 关键位吸收 补仓6笔(1:1:1:1:1:1，-1.5%/-3%/-4.5%/-6%/-7.5%补) 均价止盈8% 止损离第一笔17.5% 拿24h,2680,60,1.09,0.88,,2115,61,1.05,0.85,,2327,61,0.91,0.89,
1分钟 关键位吸收 补仓6笔(1:1:1:1:1:1，-1.5%/-3%/-4.5%/-6%/-7.5%补) 均价止盈8% 止损离第一笔17.5% 拿72h,1274,62,0.92,0.94,,1079,60,0.82,0.88,,1153,65,0.99,0.98,
1分钟 关键位吸收 补仓5笔(1:1:2:2:4，-2%/-4%/-6%/-8%补) 均价止盈1% 止损离第一笔11% 拿24h,4147,84,0.96,0.89,,3264,89,0.94,0.8,,3919,89,1.03,0.98,
1分钟 关键位吸收 补仓5笔(1:1:2:2:4，-2%/-4%/-6%/-8%补) 均价止盈1% 止损离第一笔11% 拿72h,3525,94,0.99,0.86,,2979,95,0.92,0.81,,3563,96,1.19,1.15,
1分钟 关键位吸收 补仓5笔(1:1:2:2:4，-2%/-4%/-6%/-8%补) 均价止盈1% 止损离第一笔14% 拿24h,4144,84,0.99,0.92,,3260,89,0.89,0.74,,3908,89,0.99,1.09,
1分钟 关键位吸收 补仓5笔(1:1:2:2:4，-2%/-4%/-6%/-8%补) 均价止盈1% 止损离第一笔14% 拿72h,3516,94,1.09,0.97,,2947,96,0.86,0.8,,3527,97,1.09,1.01,
1分钟 关键位吸收 补仓5笔(1:1:2:2:4，-2%/-4%/-6%/-8%补) 均价止盈1% 止损离第一笔18% 拿24h,4138,84,1.05,0.82,,3258,89,0.93,0.66,,3906,89,0.93,0.94,
1分钟 关键位吸收 补仓5笔(1:1:2:2:4，-2%/-4%/-6%/-8%补) 均价止盈1% 止损离第一笔18% 拿72h,3493,94,1.08,0.95,,2919,96,0.91,0.83,,3507,97,0.97,0.93,
1分钟 关键位吸收 补仓5笔(1:1:2:2:4，-2%/-4%/-6%/-8%补) 均价止盈2% 止损离第一笔11% 拿24h,3335,71,0.96,0.88,,2628,75,0.91,0.85,,3059,78,1.04,1.02,
1分钟 关键位吸收 补仓5笔(1:1:2:2:4，-2%/-4%/-6%/-8%补) 均价止盈2% 止损离第一笔11% 拿72h,2451,86,1.07,0.89,,2111,88,0.86,0.9,,2491,90,1.18,0.95,✔
1分钟 关键位吸收 补仓5笔(1:1:2:2:4，-2%/-4%/-6%/-8%补) 均价止盈2% 止损离第一笔14% 拿24h,3331,72,1.01,0.9,,2625,75,0.86,0.76,,3051,78,1.02,1.05,
1分钟 关键位吸收 补仓5笔(1:1:2:2:4，-2%/-4%/-6%/-8%补) 均价止盈2% 止损离第一笔14% 拿72h,2424,87,1.06,0.98,,2072,89,0.85,0.84,,2453,91,1.14,0.96,✔
1分钟 关键位吸收 补仓5笔(1:1:2:2:4，-2%/-4%/-6%/-8%补) 均价止盈2% 止损离第一笔18% 拿24h,3326,72,1.04,0.87,,2619,75,0.89,0.8,,3047,78,0.99,0.96,
1分钟 关键位吸收 补仓5笔(1:1:2:2:4，-2%/-4%/-6%/-8%补) 均价止盈2% 止损离第一笔18% 拿72h,2397,87,1.05,0.86,,2037,89,0.88,0.88,,2424,91,1.09,1.0,
1分钟 关键位吸收 补仓5笔(1:1:2:2:4，-2%/-4%/-6%/-8%补) 均价止盈3% 止损离第一笔11% 拿24h,3011,64,0.94,0.91,,2381,68,0.94,0.83,,2721,70,1.0,0.98,
1分钟 关键位吸收 补仓5笔(1:1:2:2:4，-2%/-4%/-6%/-8%补) 均价止盈3% 止损离第一笔11% 拿72h,1935,79,1.11,0.89,✔,1726,81,0.94,0.85,,1950,84,1.06,0.96,
1分钟 关键位吸收 补仓5笔(1:1:2:2:4，-2%/-4%/-6%/-8%补) 均价止盈3% 止损离第一笔14% 拿24h,3006,65,0.96,0.89,,2380,69,0.92,0.83,,2715,70,0.97,1.03,
1分钟 关键位吸收 补仓5笔(1:1:2:2:4，-2%/-4%/-6%/-8%补) 均价止盈3% 止损离第一笔14% 拿72h,1912,80,1.02,0.92,,1694,82,0.93,0.85,,1897,85,1.02,0.94,
1分钟 关键位吸收 补仓5笔(1:1:2:2:4，-2%/-4%/-6%/-8%补) 均价止盈3% 止损离第一笔18% 拿24h,3000,65,0.96,0.88,,2375,69,0.95,0.8,,2711,70,0.94,0.9,
1分钟 关键位吸收 补仓5笔(1:1:2:2:4，-2%/-4%/-6%/-8%补) 均价止盈3% 止损离第一笔18% 拿72h,1891,80,1.0,0.89,,1667,82,0.97,0.94,,1872,85,1.01,0.96,
1分钟 关键位吸收 补仓5笔(1:1:2:2:4，-2%/-4%/-6%/-8%补) 均价止盈5% 止损离第一笔11% 拿24h,2760,60,1.02,0.88,,2195,64,1.02,0.87,,2452,64,1.0,0.93,
1分钟 关键位吸收 补仓5笔(1:1:2:2:4，-2%/-4%/-6%/-8%补) 均价止盈5% 止损离第一笔11% 拿72h,1516,70,1.03,0.95,,1329,72,0.91,0.89,,1450,72,1.02,0.95,
1分钟 关键位吸收 补仓5笔(1:1:2:2:4，-2%/-4%/-6%/-8%补) 均价止盈5% 止损离第一笔14% 拿24h,2756,60,1.06,0.93,,2193,64,0.98,0.83,,2446,65,1.01,1.0,
1分钟 关键位吸收 补仓5笔(1:1:2:2:4，-2%/-4%/-6%/-8%补) 均价止盈5% 止损离第一笔14% 拿72h,1498,71,1.0,0.87,,1301,73,0.86,0.83,,1411,73,0.93,0.95,
1分钟 关键位吸收 补仓5笔(1:1:2:2:4，-2%/-4%/-6%/-8%补) 均价止盈5% 止损离第一笔18% 拿24h,2754,60,1.07,0.87,,2188,64,1.01,0.83,,2442,65,0.98,0.92,
1分钟 关键位吸收 补仓5笔(1:1:2:2:4，-2%/-4%/-6%/-8%补) 均价止盈5% 止损离第一笔18% 拿72h,1480,71,1.01,0.82,,1284,74,0.86,0.88,,1385,74,0.97,0.94,
1分钟 关键位吸收 补仓5笔(1:1:2:2:4，-2%/-4%/-6%/-8%补) 均价止盈8% 止损离第一笔11% 拿24h,2687,60,1.06,0.93,,2118,63,1.07,0.88,,2339,63,0.94,0.88,
1分钟 关键位吸收 补仓5笔(1:1:2:2:4，-2%/-4%/-6%/-8%补) 均价止盈8% 止损离第一笔11% 拿72h,1316,66,1.03,0.88,,1117,64,0.87,0.85,,1203,66,1.02,0.98,
1分钟 关键位吸收 补仓5笔(1:1:2:2:4，-2%/-4%/-6%/-8%补) 均价止盈8% 止损离第一笔14% 拿24h,2682,60,1.12,0.92,✔,2116,62,1.02,0.85,,2332,63,0.93,0.99,
1分钟 关键位吸收 补仓5笔(1:1:2:2:4，-2%/-4%/-6%/-8%补) 均价止盈8% 止损离第一笔14% 拿72h,1297,66,1.02,0.92,,1094,65,0.84,0.84,,1171,67,0.93,0.92,
1分钟 关键位吸收 补仓5笔(1:1:2:2:4，-2%/-4%/-6%/-8%补) 均价止盈8% 止损离第一笔18% 拿24h,2680,60,1.15,0.9,✔,2113,63,1.05,0.83,,2327,63,0.88,0.86,
1分钟 关键位吸收 补仓5笔(1:1:2:2:4，-2%/-4%/-6%/-8%补) 均价止盈8% 止损离第一笔18% 拿72h,1282,66,0.98,0.79,,1082,65,0.85,0.85,,1157,68,0.89,0.97,
1分钟 关键位吸收 补仓8笔(1:1:1:1:1:1:1:1，-1%/-2%/-3%/-4%/-5%/-6%/-7%补) 均价止盈1% 止损离第一笔10% 拿24h,4253,86,0.95,0.85,,3340,90,0.94,0.79,,4023,90,0.97,1.01,
1分钟 关键位吸收 补仓8笔(1:1:1:1:1:1:1:1，-1%/-2%/-3%/-4%/-5%/-6%/-7%补) 均价止盈1% 止损离第一笔10% 拿72h,3688,94,1.09,0.93,,3082,95,0.91,0.84,,3683,96,1.21,1.03,✔
1分钟 关键位吸收 补仓8笔(1:1:1:1:1:1:1:1，-1%/-2%/-3%/-4%/-5%/-6%/-7%补) 均价止盈1% 止损离第一笔13% 拿24h,4251,86,0.93,0.88,,3337,90,0.9,0.76,,4009,90,0.95,0.94,
1分钟 关键位吸收 补仓8笔(1:1:1:1:1:1:1:1，-1%/-2%/-3%/-4%/-5%/-6%/-7%补) 均价止盈1% 止损离第一笔13% 拿72h,3648,95,1.04,0.89,,3027,95,0.92,0.85,,3635,97,1.17,1.01,✔
1分钟 关键位吸收 补仓8笔(1:1:1:1:1:1:1:1，-1%/-2%/-3%/-4%/-5%/-6%/-7%补) 均价止盈1% 止损离第一笔17% 拿24h,4241,86,1.01,0.86,,3330,90,0.96,0.72,,4004,90,0.9,0.92,
1分钟 关键位吸收 补仓8笔(1:1:1:1:1:1:1:1，-1%/-2%/-3%/-4%/-5%/-6%/-7%补) 均价止盈1% 止损离第一笔17% 拿72h,3623,95,1.06,0.91,,2989,96,0.91,0.87,,3602,97,1.0,0.99,
1分钟 关键位吸收 补仓8笔(1:1:1:1:1:1:1:1，-1%/-2%/-3%/-4%/-5%/-6%/-7%补) 均价止盈2% 止损离第一笔10% 拿24h,3386,74,0.97,0.9,,2680,76,0.92,0.81,,3107,79,1.0,0.96,
1分钟 关键位吸收 补仓8笔(1:1:1:1:1:1:1:1，-1%/-2%/-3%/-4%/-5%/-6%/-7%补) 均价止盈2% 止损离第一笔10% 拿72h,2524,86,1.08,0.94,,2187,86,0.85,0.9,,2544,89,1.06,1.04,
1分钟 关键位吸收 补仓8笔(1:1:1:1:1:1:1:1，-1%/-2%/-3%/-4%/-5%/-6%/-7%补) 均价止盈2% 止损离第一笔13% 拿24h,3384,74,0.94,0.96,,2676,76,0.89,0.87,,3090,79,0.96,0.97,
1分钟 关键位吸收 补仓8笔(1:1:1:1:1:1:1:1，-1%/-2%/-3%/-4%/-5%/-6%/-7%补) 均价止盈2% 止损离第一笔13% 拿72h,2483,86,1.02,0.89,,2108,87,0.88,0.88,,2462,89,0.99,1.01,
1分钟 关键位吸收 补仓8笔(1:1:1:1:1:1:1:1，-1%/-2%/-3%/-4%/-5%/-6%/-7%补) 均价止盈2% 止损离第一笔17% 拿24h,3373,74,0.97,0.9,,2668,76,0.92,0.8,,3085,79,0.93,0.96,
1分钟 关键位吸收 补仓8笔(1:1:1:1:1:1:1:1，-1%/-2%/-3%/-4%/-5%/-6%/-7%补) 均价止盈2% 止损离第一笔17% 拿72h,2436,86,0.99,0.89,,2076,87,0.87,0.85,,2404,90,0.98,0.98,
1分钟 关键位吸收 补仓8笔(1:1:1:1:1:1:1:1，-1%/-2%/-3%/-4%/-5%/-6%/-7%补) 均价止盈3% 止损离第一笔10% 拿24h,3023,66,0.95,0.89,,2396,69,0.97,0.92,,2750,72,1.01,0.93,
1分钟 关键位吸收 补仓8笔(1:1:1:1:1:1:1:1，-1%/-2%/-3%/-4%/-5%/-6%/-7%补) 均价止盈3% 止损离第一笔10% 拿72h,1982,78,1.13,0.98,✔,1755,79,0.96,0.91,,1999,83,1.13,0.97,✔
1分钟 关键位吸收 补仓8笔(1:1:1:1:1:1:1:1，-1%/-2%/-3%/-4%/-5%/-6%/-7%补) 均价止盈3% 止损离第一笔13% 拿24h,3022,66,0.93,0.9,,2389,70,0.95,0.84,,2738,72,1.01,1.01,
1分钟 关键位吸收 补仓8笔(1:1:1:1:1:1:1:1，-1%/-2%/-3%/-4%/-5%/-6%/-7%补) 均价止盈3% 止损离第一笔13% 拿72h,1944,79,1.11,0.94,✔,1708,80,0.94,0.89,,1924,83,1.05,0.92,
1分钟 关键位吸收 补仓8笔(1:1:1:1:1:1:1:1，-1%/-2%/-3%/-4%/-5%/-6%/-7%补) 均价止盈3% 止损离第一笔17% 拿24h,3013,66,0.97,0.9,,2384,70,0.99,0.78,,2733,72,1.0,0.95,
1分钟 关键位吸收 补仓8笔(1:1:1:1:1:1:1:1，-1%/-2%/-3%/-4%/-5%/-6%/-7%补) 均价止盈3% 止损离第一笔17% 拿72h,1919,79,1.04,0.88,,1676,80,0.91,0.87,,1884,84,1.08,0.95,
1分钟 关键位吸收 补仓8笔(1:1:1:1:1:1:1:1，-1%/-2%/-3%/-4%/-5%/-6%/-7%补) 均价止盈5% 止损离第一笔10% 拿24h,2763,62,1.02,0.99,,2206,64,0.99,0.87,,2463,65,0.96,0.94,
1分钟 关键位吸收 补仓8笔(1:1:1:1:1:1:1:1，-1%/-2%/-3%/-4%/-5%/-6%/-7%补) 均价止盈5% 止损离第一笔10% 拿72h,1544,68,1.07,0.95,,1366,70,1.0,0.88,,1479,71,1.02,0.91,
1分钟 关键位吸收 补仓8笔(1:1:1:1:1:1:1:1，-1%/-2%/-3%/-4%/-5%/-6%/-7%补) 均价止盈5% 止损离第一笔13% 拿24h,2761,62,0.99,0.94,,2200,64,0.97,0.84,,2452,66,0.99,0.97,
1分钟 关键位吸收 补仓8笔(1:1:1:1:1:1:1:1，-1%/-2%/-3%/-4%/-5%/-6%/-7%补) 均价止盈5% 止损离第一笔13% 拿72h,1510,69,1.03,0.92,,1324,70,0.92,0.82,,1433,73,1.01,0.93,
1分钟 关键位吸收 补仓8笔(1:1:1:1:1:1:1:1，-1%/-2%/-3%/-4%/-5%/-6%/-7%补) 均价止盈5% 止损离第一笔17% 拿24h,2756,62,1.05,0.91,,2195,65,1.0,0.84,,2447,66,0.98,0.98,
1分钟 关键位吸收 补仓8笔(1:1:1:1:1:1:1:1，-1%/-2%/-3%/-4%/-5%/-6%/-7%补) 均价止盈5% 止损离第一笔17% 拿72h,1491,69,1.04,0.93,,1299,71,0.94,0.81,,1386,73,0.99,0.93,
1分钟 关键位吸收 补仓8笔(1:1:1:1:1:1:1:1，-1%/-2%/-3%/-4%/-5%/-6%/-7%补) 均价止盈8% 止损离第一笔10% 拿24h,2687,62,1.05,0.91,,2124,63,1.02,0.92,,2346,64,0.91,0.93,
1分钟 关键位吸收 补仓8笔(1:1:1:1:1:1:1:1，-1%/-2%/-3%/-4%/-5%/-6%/-7%补) 均价止盈8% 止损离第一笔10% 拿72h,1328,63,1.0,0.91,,1131,61,0.86,0.84,,1227,64,1.02,0.96,
1分钟 关键位吸收 补仓8笔(1:1:1:1:1:1:1:1，-1%/-2%/-3%/-4%/-5%/-6%/-7%补) 均价止盈8% 止损离第一笔13% 拿24h,2685,62,1.03,0.91,,2121,63,1.0,0.9,,2333,64,0.93,0.92,
1分钟 关键位吸收 补仓8笔(1:1:1:1:1:1:1:1，-1%/-2%/-3%/-4%/-5%/-6%/-7%补) 均价止盈8% 止损离第一笔13% 拿72h,1298,62,0.92,0.95,,1097,61,0.82,0.89,,1179,64,0.95,0.97,
1分钟 关键位吸收 补仓8笔(1:1:1:1:1:1:1:1，-1%/-2%/-3%/-4%/-5%/-6%/-7%补) 均价止盈8% 止损离第一笔17% 拿24h,2680,62,1.1,0.89,,2117,64,1.04,0.87,,2327,64,0.89,0.97,
1分钟 关键位吸收 补仓8笔(1:1:1:1:1:1:1:1，-1%/-2%/-3%/-4%/-5%/-6%/-7%补) 均价止盈8% 止损离第一笔17% 拿72h,1277,63,0.94,0.92,,1081,61,0.81,0.89,,1155,65,0.95,0.94,
1分钟 关键位吸收 补仓6笔(1:1:1:2:2:3，-2%/-4%/-6%/-9%/-12%补) 均价止盈1% 止损离第一笔15% 拿24h,4127,83,0.98,0.92,,3247,88,0.88,0.72,,3868,88,0.88,0.97,
1分钟 关键位吸收 补仓6笔(1:1:1:2:2:3，-2%/-4%/-6%/-9%/-12%补) 均价止盈1% 止损离第一笔15% 拿72h,3448,94,1.04,0.83,,2880,95,0.79,0.81,,3427,96,0.96,0.96,
1分钟 关键位吸收 补仓6笔(1:1:1:2:2:3，-2%/-4%/-6%/-9%/-12%补) 均价止盈1% 止损离第一笔18% 拿24h,4124,83,1.01,0.87,,3245,88,0.94,0.75,,3868,88,0.89,0.91,
1分钟 关键位吸收 补仓6笔(1:1:1:2:2:3，-2%/-4%/-6%/-9%/-12%补) 均价止盈1% 止损离第一笔18% 拿72h,3427,94,0.97,0.86,,2863,95,0.85,0.69,,3410,96,0.98,0.96,
1分钟 关键位吸收 补仓6笔(1:1:1:2:2:3，-2%/-4%/-6%/-9%/-12%补) 均价止盈1% 止损离第一笔22% 拿24h,4124,83,1.02,0.86,,3244,88,0.88,0.8,,3865,88,0.88,0.94,
1分钟 关键位吸收 补仓6笔(1:1:1:2:2:3，-2%/-4%/-6%/-9%/-12%补) 均价止盈1% 止损离第一笔22% 拿72h,3413,94,0.97,0.79,,2854,95,0.77,0.75,,3401,96,0.87,0.95,
1分钟 关键位吸收 补仓6笔(1:1:1:2:2:3，-2%/-4%/-6%/-9%/-12%补) 均价止盈2% 止损离第一笔15% 拿24h,3322,70,1.01,0.86,,2619,74,0.9,0.84,,3033,76,0.98,0.97,
1分钟 关键位吸收 补仓6笔(1:1:1:2:2:3，-2%/-4%/-6%/-9%/-12%补) 均价止盈2% 止损离第一笔15% 拿72h,2377,85,1.03,0.82,,2028,87,0.85,0.81,,2376,90,1.03,0.89,
1分钟 关键位吸收 补仓6笔(1:1:1:2:2:3，-2%/-4%/-6%/-9%/-12%补) 均价止盈2% 止损离第一笔18% 拿24h,3319,70,1.01,0.83,,2615,74,0.94,0.78,,3032,76,0.96,0.99,
1分钟 关键位吸收 补仓6笔(1:1:1:2:2:3，-2%/-4%/-6%/-9%/-12%补) 均价止盈2% 止损离第一笔18% 拿72h,2366,85,1.0,0.85,,2008,88,0.9,0.9,,2356,90,1.01,0.95,
1分钟 关键位吸收 补仓6笔(1:1:1:2:2:3，-2%/-4%/-6%/-9%/-12%补) 均价止盈2% 止损离第一笔22% 拿24h,3319,70,1.0,0.94,,2614,74,0.89,0.81,,3030,76,0.94,0.91,
1分钟 关键位吸收 补仓6笔(1:1:1:2:2:3，-2%/-4%/-6%/-9%/-12%补) 均价止盈2% 止损离第一笔22% 拿72h,2353,85,0.94,0.82,,1990,88,0.85,0.84,,2345,90,0.95,0.96,
1分钟 关键位吸收 补仓6笔(1:1:1:2:2:3，-2%/-4%/-6%/-9%/-12%补) 均价止盈3% 止损离第一笔15% 拿24h,2996,63,0.98,0.84,,2371,67,0.96,0.84,,2700,69,0.94,0.98,
1分钟 关键位吸收 补仓6笔(1:1:1:2:2:3，-2%/-4%/-6%/-9%/-12%补) 均价止盈3% 止损离第一笔15% 拿72h,1883,78,1.02,0.88,,1660,81,0.92,0.82,,1868,84,1.0,0.97,
1分钟 关键位吸收 补仓6笔(1:1:1:2:2:3，-2%/-4%/-6%/-9%/-12%补) 均价止盈3% 止损离第一笔18% 拿24h,2991,63,0.98,0.87,,2368,67,1.01,0.86,,2698,69,0.92,0.99,
1分钟 关键位吸收 补仓6笔(1:1:1:2:2:3，-2%/-4%/-6%/-9%/-12%补) 均价止盈3% 止损离第一笔18% 拿72h,1873,79,1.01,0.77,,1643,81,0.98,0.84,,1852,84,1.03,0.93,
1分钟 关键位吸收 补仓6笔(1:1:1:2:2:3，-2%/-4%/-6%/-9%/-12%补) 均价止盈3% 止损离第一笔22% 拿24h,2991,63,0.98,0.86,,2368,67,0.95,0.92,,2697,69,0.89,0.96,
1分钟 关键位吸收 补仓6笔(1:1:1:2:2:3，-2%/-4%/-6%/-9%/-12%补) 均价止盈3% 止损离第一笔22% 拿72h,1866,79,1.02,0.83,,1628,81,0.95,0.81,,1839,84,0.9,0.83,
1分钟 关键位吸收 补仓6笔(1:1:1:2:2:3，-2%/-4%/-6%/-9%/-12%补) 均价止盈5% 止损离第一笔15% 拿24h,2755,59,1.1,0.91,,2191,62,1.0,0.95,,2442,63,0.96,0.9,
1分钟 关键位吸收 补仓6笔(1:1:1:2:2:3，-2%/-4%/-6%/-9%/-12%补) 均价止盈5% 止损离第一笔15% 拿72h,1483,69,1.05,0.89,,1282,70,0.84,0.83,,1391,72,0.91,0.92,
1分钟 关键位吸收 补仓6笔(1:1:1:2:2:3，-2%/-4%/-6%/-9%/-12%补) 均价止盈5% 止损离第一笔18% 拿24h,2753,59,1.1,0.8,,2187,62,1.02,0.88,,2440,63,0.94,0.94,
1分钟 关键位吸收 补仓6笔(1:1:1:2:2:3，-2%/-4%/-6%/-9%/-12%补) 均价止盈5% 止损离第一笔18% 拿72h,1474,69,0.98,0.88,,1270,71,0.85,0.91,,1381,73,0.95,0.83,
1分钟 关键位吸收 补仓6笔(1:1:1:2:2:3，-2%/-4%/-6%/-9%/-12%补) 均价止盈5% 止损离第一笔22% 拿24h,2753,59,1.09,0.88,,2187,62,0.97,0.79,,2439,63,0.91,0.94,
1分钟 关键位吸收 补仓6笔(1:1:1:2:2:3，-2%/-4%/-6%/-9%/-12%补) 均价止盈5% 止损离第一笔22% 拿72h,1466,70,0.95,0.76,,1257,71,0.87,0.79,,1374,73,0.84,0.88,
1分钟 关键位吸收 补仓6笔(1:1:1:2:2:3，-2%/-4%/-6%/-9%/-12%补) 均价止盈8% 止损离第一笔15% 拿24h,2682,58,1.15,0.95,✔,2115,61,1.03,0.91,,2330,61,0.89,0.87,
1分钟 关键位吸收 补仓6笔(1:1:1:2:2:3，-2%/-4%/-6%/-9%/-12%补) 均价止盈8% 止损离第一笔15% 拿72h,1287,63,0.98,0.92,,1088,64,0.82,0.83,,1161,66,0.92,0.92,
1分钟 关键位吸收 补仓6笔(1:1:1:2:2:3，-2%/-4%/-6%/-9%/-12%补) 均价止盈8% 止损离第一笔18% 拿24h,2680,58,1.15,0.85,✔,2113,61,1.05,0.87,,2326,61,0.87,1.0,
1分钟 关键位吸收 补仓6笔(1:1:1:2:2:3，-2%/-4%/-6%/-9%/-12%补) 均价止盈8% 止损离第一笔18% 拿72h,1277,63,0.91,0.79,,1078,63,0.81,0.89,,1151,67,0.95,0.94,
1分钟 关键位吸收 补仓6笔(1:1:1:2:2:3，-2%/-4%/-6%/-9%/-12%补) 均价止盈8% 止损离第一笔22% 拿24h,2680,58,1.14,0.89,✔,2113,61,0.98,0.83,,2324,61,0.85,0.93,
1分钟 关键位吸收 补仓6笔(1:1:1:2:2:3，-2%/-4%/-6%/-9%/-12%补) 均价止盈8% 止损离第一笔22% 拿72h,1272,62,0.85,0.85,,1074,63,0.79,0.81,,1134,66,0.86,0.85,
1分钟 扫止损收回 原版止损 止盈1倍 拿2h,2457,46,0.57,0.65,,3459,46,0.57,0.6,,2164,48,0.64,0.64,
1分钟 扫止损收回 原版止损 止盈1倍 拿12h,2457,47,0.57,0.65,,3459,47,0.57,0.59,,2164,48,0.64,0.68,
1分钟 扫止损收回 原版止损 止盈2倍 拿2h,2439,33,0.66,0.64,,3426,33,0.65,0.67,,2149,34,0.74,0.69,
1分钟 扫止损收回 原版止损 止盈2倍 拿12h,2436,32,0.67,0.67,,3424,33,0.66,0.69,,2149,34,0.74,0.73,
1分钟 扫止损收回 原版止损 止盈3倍 拿2h,2421,27,0.69,0.67,,3397,26,0.68,0.67,,2137,27,0.73,0.75,
1分钟 扫止损收回 原版止损 止盈3倍 拿12h,2415,25,0.71,0.69,,3394,26,0.7,0.74,,2135,25,0.74,0.73,
1分钟 扫止损收回 止损2% 止盈不设 拿4h,1923,47,0.95,0.8,,2508,44,0.97,0.89,,1721,45,0.91,0.84,
1分钟 扫止损收回 止损2% 止盈不设 拿12h,1780,43,0.9,0.85,,2262,39,1.03,0.91,,1606,38,0.94,0.84,
1分钟 扫止损收回 止损2% 止盈不设 拿24h,1612,35,0.9,0.9,,2053,33,0.94,0.97,,1491,33,0.99,0.95,
1分钟 扫止损收回 止损2% 止盈不设 拿48h,1388,29,0.93,0.99,,1697,27,1.04,1.02,,1311,25,0.86,0.92,
1分钟 扫止损收回 止损2% 止盈1% 拿4h,2085,59,0.94,0.81,,2870,61,0.85,0.84,,1914,63,0.96,0.88,
1分钟 扫止损收回 止损2% 止盈1% 拿12h,2037,65,0.97,0.93,,2796,65,0.88,0.91,,1897,67,0.96,0.92,
1分钟 扫止损收回 止损2% 止盈1% 拿24h,2016,66,0.95,0.89,,2785,66,0.89,0.9,,1893,68,0.97,0.94,
1分钟 扫止损收回 止损2% 止盈1% 拿48h,1986,68,0.96,0.94,,2773,66,0.9,0.89,,1889,68,0.97,0.91,
1分钟 扫止损收回 止损2% 止盈2% 拿4h,1995,51,1.0,0.88,,2664,48,0.83,0.89,,1815,50,0.94,0.91,
1分钟 扫止损收回 止损2% 止盈2% 拿12h,1919,53,1.03,0.88,,2533,48,0.85,0.91,,1763,51,0.95,0.92,
1分钟 扫止损收回 止损2% 止盈2% 拿24h,1868,52,1.0,0.95,,2489,48,0.86,0.89,,1752,51,0.94,0.9,
1分钟 扫止损收回 止损2% 止盈2% 拿48h,1812,52,0.99,0.93,,2450,48,0.86,0.92,,1741,51,0.96,0.94,
1分钟 扫止损收回 止损2% 止盈3% 拿4h,1960,48,1.0,0.82,,2577,45,0.85,0.87,,1767,46,0.93,0.9,
1分钟 扫止损收回 止损2% 止盈3% 拿12h,1852,47,1.01,0.87,,2394,43,0.9,0.95,,1700,43,0.94,0.88,
1分钟 扫止损收回 止损2% 止盈3% 拿24h,1780,43,0.96,0.89,,2324,41,0.91,0.96,,1674,41,0.93,0.97,
1分钟 扫止损收回 止损2% 止盈3% 拿48h,1688,42,0.96,0.93,,2249,40,0.93,0.99,,1645,41,0.94,0.88,
1分钟 扫止损收回 止损2% 止盈5% 拿4h,1929,47,1.0,0.83,,2530,44,0.89,0.89,,1740,45,0.95,0.91,
1分钟 扫止损收回 止损2% 止盈5% 拿12h,1802,44,0.97,0.91,,2301,40,0.91,0.95,,1646,39,0.97,0.89,
1分钟 扫止损收回 止损2% 止盈5% 拿24h,1684,37,0.92,0.88,,2160,35,0.92,0.94,,1597,35,0.97,0.92,
1分钟 扫止损收回 止损2% 止盈5% 拿48h,1552,33,0.91,0.93,,1993,31,0.94,0.95,,1537,32,0.95,0.89,
1分钟 扫止损收回 止损2% 止盈8% 拿4h,1923,47,0.96,0.83,,2511,44,0.95,0.86,,1726,45,0.92,0.79,
1分钟 扫止损收回 止损2% 止盈8% 拿12h,1783,43,0.93,0.86,,2266,39,0.96,0.95,,1621,38,0.96,0.82,
1分钟 扫止损收回 止损2% 止盈8% 拿24h,1643,36,0.96,0.86,,2088,33,0.93,0.93,,1544,33,1.0,0.94,
1分钟 扫止损收回 止损2% 止盈8% 拿48h,1460,31,0.99,0.88,,1815,28,1.05,0.99,,1441,27,0.96,0.86,
1分钟 扫止损收回 止损3% 止盈不设 拿4h,1881,49,0.98,0.84,,2436,47,0.94,0.9,,1678,49,1.0,0.84,
1分钟 扫止损收回 止损3% 止盈不设 拿12h,1727,48,0.9,0.83,,2139,47,1.13,0.96,✔,1528,46,1.01,0.89,
1分钟 扫止损收回 止损3% 止盈不设 拿24h,1513,41,0.88,0.92,,1869,41,0.99,0.9,,1400,40,0.96,0.91,
1分钟 扫止损收回 止损3% 止盈不设 拿48h,1266,37,0.95,0.99,,1459,38,1.16,0.99,✔,1180,32,0.81,0.96,
1分钟 扫止损收回 止损3% 止盈1% 拿4h,2042,61,1.0,0.88,,2803,63,0.83,0.86,,1887,67,1.02,0.86,
1分钟 扫止损收回 止损3% 止盈1% 拿12h,1988,70,1.02,0.92,,2688,72,0.94,0.87,,1861,74,1.02,0.9,
1分钟 扫止损收回 止损3% 止盈1% 拿24h,1948,72,0.98,0.95,,2668,74,0.93,0.89,,1853,75,1.02,0.96,
1分钟 扫止损收回 止损3% 止盈1% 拿48h,1899,75,0.98,0.96,,2644,75,0.94,0.92,,1844,77,1.03,0.93,
1分钟 扫止损收回 止损3% 止盈2% 拿4h,1952,53,1.03,0.85,,2592,51,0.81,0.82,,1773,55,1.05,0.86,
1分钟 扫止损收回 止损3% 止盈2% 拿12h,1863,57,1.03,0.89,,2413,56,0.9,0.91,,1703,59,1.06,0.86,
1分钟 扫止损收回 止损3% 止盈2% 拿24h,1783,58,1.0,0.9,,2334,57,0.89,0.91,,1672,60,1.02,0.95,
1分钟 扫止损收回 止损3% 止盈2% 拿48h,1702,60,0.98,1.01,,2261,59,0.92,0.97,,1649,62,1.04,0.89,
1分钟 扫止损收回 止损3% 止盈3% 拿4h,1918,50,1.04,0.85,,2507,47,0.82,0.88,,1727,51,1.02,0.86,
1分钟 扫止损收回 止损3% 止盈3% 拿12h,1797,52,1.02,0.93,,2273,51,0.94,0.97,,1633,52,1.03,0.93,
1分钟 扫止损收回 止损3% 止盈3% 拿24h,1690,50,0.97,0.97,,2161,49,0.93,0.92,,1588,51,0.99,0.94,
1分钟 扫止损收回 止损3% 止盈3% 拿48h,1572,50,0.95,0.99,,2023,50,0.96,0.95,,1535,51,1.0,0.97,
1分钟 扫止损收回 止损3% 止盈5% 拿4h,1887,49,1.02,0.79,,2458,47,0.86,0.89,,1698,50,1.03,0.87,
1分钟 扫止损收回 止损3% 止盈5% 拿12h,1748,49,0.97,0.89,,2181,48,0.99,0.9,,1574,47,1.04,0.9,
1分钟 扫止损收回 止损3% 止盈5% 拿24h,1586,43,0.92,0.92,,1974,43,0.96,0.97,,1504,43,0.98,0.95,
1分钟 扫止损收回 止损3% 止盈5% 拿48h,1426,41,0.92,0.97,,1739,41,1.02,0.98,,1402,40,0.97,0.94,
1分钟 扫止损收回 止损3% 止盈8% 拿4h,1881,49,0.99,0.8,,2439,47,0.92,0.9,,1681,50,1.02,0.81,
1分钟 扫止损收回 止损3% 止盈8% 拿12h,1730,48,0.93,0.89,,2143,47,1.05,0.97,,1544,46,1.02,0.94,
1分钟 扫止损收回 止损3% 止盈8% 拿24h,1541,42,0.94,0.99,,1905,42,0.98,0.89,,1443,41,1.01,0.92,
1分钟 扫止损收回 止损3% 止盈8% 拿48h,1329,38,0.98,0.85,,1578,39,1.14,0.93,✔,1292,35,0.97,0.95,
1分钟 扫止损收回 止损5% 止盈不设 拿4h,1863,49,0.96,0.78,,2386,48,0.94,0.85,,1653,51,1.02,0.86,
1分钟 扫止损收回 止损5% 止盈不设 拿12h,1684,50,0.86,0.92,,2041,52,1.19,0.99,✔,1467,50,1.01,0.83,
1分钟 扫止损收回 止损5% 止盈不设 拿24h,1438,45,0.85,0.85,,1729,49,1.01,0.98,,1295,47,0.98,0.92,
1分钟 扫止损收回 止损5% 止盈不设 拿48h,1152,45,0.92,1.08,,1268,46,1.16,1.0,✔,1051,42,0.83,0.95,
1分钟 扫止损收回 止损5% 止盈1% 拿4h,2028,62,1.01,0.86,,2776,64,0.82,0.87,,1864,69,1.06,0.9,
1分钟 扫止损收回 止损5% 止盈1% 拿12h,1959,73,1.0,0.9,,2620,76,0.95,0.91,,1815,78,1.04,0.91,
1分钟 扫止损收回 止损5% 止盈1% 拿24h,1897,76,0.94,0.96,,2545,79,0.92,0.94,,1793,81,1.04,0.92,
1分钟 扫止损收回 止损5% 止盈1% 拿48h,1810,80,0.98,0.93,,2467,83,0.96,0.94,,1771,84,1.07,0.99,
1分钟 扫止损收回 止损5% 止盈2% 拿4h,1933,54,1.04,0.88,,2543,52,0.81,0.89,,1745,56,1.08,0.9,
1分钟 扫止损收回 止损5% 止盈2% 拿12h,1821,60,0.99,0.95,,2318,61,0.96,0.99,,1650,64,1.07,0.93,
1分钟 扫止损收回 止损5% 止盈2% 拿24h,1706,62,0.93,0.94,,2182,65,0.96,0.95,,1596,67,1.03,0.91,
1分钟 扫止损收回 止损5% 止盈2% 拿48h,1583,67,0.96,0.95,,2026,70,0.98,0.94,,1545,71,1.07,0.99,
1分钟 扫止损收回 止损5% 止盈3% 拿4h,1899,51,1.02,0.89,,2454,49,0.84,0.87,,1698,52,1.07,0.83,
1分钟 扫止损收回 止损5% 止盈3% 拿12h,1756,54,0.97,0.88,,2172,56,1.01,0.92,,1576,56,1.05,0.99,
1分钟 扫止损收回 止损5% 止盈3% 拿24h,1615,53,0.91,0.92,,1994,57,1.0,1.0,,1497,58,1.0,0.9,
1分钟 扫止损收回 止损5% 止盈3% 拿48h,1442,57,0.91,0.97,,1765,60,0.99,0.98,,1412,62,1.05,0.9,
1分钟 扫止损收回 止损5% 止盈5% 拿4h,1869,50,1.01,0.86,,2407,48,0.87,0.89,,1670,51,1.07,0.84,
1分钟 扫止损收回 止损5% 止盈5% 拿12h,1705,51,0.92,0.88,,2081,52,1.03,0.92,,1512,51,1.05,0.89,
1分钟 扫止损收回 止损5% 止盈5% 拿24h,1512,47,0.88,0.93,,1826,51,1.02,0.98,,1401,50,0.99,0.94,
1分钟 扫止损收回 止损5% 止盈5% 拿48h,1304,49,0.89,0.96,,1513,51,1.05,1.04,,1251,51,1.0,0.96,
1分钟 扫止损收回 止损5% 止盈8% 拿4h,1863,49,0.97,0.78,,2389,48,0.92,0.89,,1656,51,1.04,0.86,
1分钟 扫止损收回 止损5% 止盈8% 拿12h,1687,50,0.89,0.83,,2045,52,1.1,1.01,,1484,50,1.02,0.9,
1分钟 扫止损收回 止损5% 止盈8% 拿24h,1464,46,0.92,0.92,,1754,49,1.02,0.95,,1336,48,1.02,0.93,
1分钟 扫止损收回 止损5% 止盈8% 拿48h,1215,47,0.95,0.95,,1364,47,1.14,0.95,✔,1147,45,0.96,0.91,
1分钟 扫止损收回 补仓3笔(1:1:1，-2%/-4%补) 均价止盈1% 止损离第一笔10% 拿24h,1894,84,0.98,0.85,,2535,88,0.91,0.86,,1778,90,1.06,0.92,
1分钟 扫止损收回 补仓3笔(1:1:1，-2%/-4%补) 均价止盈1% 止损离第一笔10% 拿72h,1759,92,1.0,0.9,,2386,93,0.95,0.91,,1734,94,1.18,0.96,✔
1分钟 扫止损收回 补仓3笔(1:1:1，-2%/-4%补) 均价止盈1% 止损离第一笔15% 拿24h,1889,85,1.0,0.83,,2517,88,0.88,0.87,,1774,90,1.06,0.93,
1分钟 扫止损收回 补仓3笔(1:1:1，-2%/-4%补) 均价止盈1% 止损离第一笔15% 拿72h,1730,93,0.96,0.82,,2318,94,0.99,0.92,,1705,95,1.17,0.93,✔
1分钟 扫止损收回 补仓3笔(1:1:1，-2%/-4%补) 均价止盈2% 止损离第一笔10% 拿24h,1700,73,0.92,0.86,,2157,77,1.05,0.92,,1588,78,1.01,0.88,
1分钟 扫止损收回 补仓3笔(1:1:1，-2%/-4%补) 均价止盈2% 止损离第一笔10% 拿72h,1473,83,0.91,0.94,,1851,85,1.02,0.91,,1463,85,1.0,0.97,
1分钟 扫止损收回 补仓3笔(1:1:1，-2%/-4%补) 均价止盈2% 止损离第一笔15% 拿24h,1686,73,0.88,0.9,,2134,77,1.04,0.87,,1584,78,1.03,0.89,
1分钟 扫止损收回 补仓3笔(1:1:1，-2%/-4%补) 均价止盈2% 止损离第一笔15% 拿72h,1422,84,0.86,0.87,,1767,87,1.12,0.93,,1415,86,0.98,0.91,
1分钟 扫止损收回 补仓3笔(1:1:1，-2%/-4%补) 均价止盈3% 止损离第一笔10% 拿24h,1586,64,0.88,0.87,,1952,69,1.09,0.91,,1462,69,0.96,0.93,
1分钟 扫止损收回 补仓3笔(1:1:1，-2%/-4%补) 均价止盈3% 止损离第一笔10% 拿72h,1267,74,0.92,0.89,,1537,78,1.04,0.93,,1270,77,0.91,0.94,
1分钟 扫止损收回 补仓3笔(1:1:1，-2%/-4%补) 均价止盈3% 止损离第一笔15% 拿24h,1570,64,0.83,0.85,,1936,69,1.04,0.93,,1457,70,0.96,0.93,
1分钟 扫止损收回 补仓3笔(1:1:1，-2%/-4%补) 均价止盈3% 止损离第一笔15% 拿72h,1215,75,0.88,0.87,,1462,80,1.09,0.93,,1219,78,0.88,0.89,
1分钟 扫止损收回 补仓3笔(1:1:1，-3%/-6%补) 均价止盈1% 止损离第一笔10% 拿24h,1883,82,0.94,0.85,,2519,87,0.92,0.88,,1776,88,1.02,0.89,
1分钟 扫止损收回 补仓3笔(1:1:1，-3%/-6%补) 均价止盈1% 止损离第一笔10% 拿72h,1732,91,0.95,0.93,,2377,94,0.99,0.89,,1727,94,1.11,1.03,
1分钟 扫止损收回 补仓3笔(1:1:1，-3%/-6%补) 均价止盈1% 止损离第一笔15% 拿24h,1877,82,0.94,0.9,,2504,87,0.89,0.81,,1770,88,1.01,0.87,
1分钟 扫止损收回 补仓3笔(1:1:1，-3%/-6%补) 均价止盈1% 止损离第一笔15% 拿72h,1693,92,0.88,0.85,,2318,95,1.01,0.88,,1697,95,1.08,0.92,
1分钟 扫止损收回 补仓3笔(1:1:1，-3%/-6%补) 均价止盈2% 止损离第一笔10% 拿24h,1685,70,0.91,0.88,,2135,74,0.97,0.91,,1560,76,1.05,0.9,
1分钟 扫止损收回 补仓3笔(1:1:1，-3%/-6%补) 均价止盈2% 止损离第一笔10% 拿72h,1446,82,0.96,0.98,,1830,85,0.97,0.9,,1444,86,1.08,0.99,
1分钟 扫止损收回 补仓3笔(1:1:1，-3%/-6%补) 均价止盈2% 止损离第一笔15% 拿24h,1673,70,0.85,0.92,,2111,74,0.94,0.88,,1556,77,1.08,0.97,
1分钟 扫止损收回 补仓3笔(1:1:1，-3%/-6%补) 均价止盈2% 止损离第一笔15% 拿72h,1398,83,0.89,0.81,,1744,87,1.05,0.88,,1400,87,1.04,1.0,
1分钟 扫止损收回 补仓3笔(1:1:1，-3%/-6%补) 均价止盈3% 止损离第一笔10% 拿24h,1577,62,0.9,0.96,,1935,66,1.05,0.93,,1455,67,0.95,0.91,
1分钟 扫止损收回 补仓3笔(1:1:1，-3%/-6%补) 均价止盈3% 止损离第一笔10% 拿72h,1249,74,0.9,0.91,,1506,77,0.97,0.96,,1262,77,0.93,1.03,
1分钟 扫止损收回 补仓3笔(1:1:1，-3%/-6%补) 均价止盈3% 止损离第一笔15% 拿24h,1564,62,0.83,0.89,,1920,66,1.0,0.87,,1451,68,0.98,0.88,
1分钟 扫止损收回 补仓3笔(1:1:1，-3%/-6%补) 均价止盈3% 止损离第一笔15% 拿72h,1194,75,0.83,0.84,,1433,79,1.02,0.94,,1213,79,0.92,0.9,
1分钟 扫止损收回 补仓3笔(1:1:2，-3%/-6%补) 均价止盈1% 止损离第一笔10% 拿24h,1888,83,1.0,0.93,,2523,87,0.88,0.84,,1782,89,1.06,1.07,
1分钟 扫止损收回 补仓3笔(1:1:2，-3%/-6%补) 均价止盈1% 止损离第一笔10% 拿72h,1750,92,1.05,0.93,,2399,94,0.96,0.85,,1741,95,1.22,0.92,✔
1分钟 扫止损收回 补仓3笔(1:1:2，-3%/-6%补) 均价止盈1% 止损离第一笔15% 拿24h,1882,83,1.01,0.85,,2508,87,0.85,0.82,,1776,89,1.08,0.92,
1分钟 扫止损收回 补仓3笔(1:1:2，-3%/-6%补) 均价止盈1% 止损离第一笔15% 拿72h,1717,93,0.95,0.9,,2345,96,1.03,0.86,,1717,96,1.22,1.07,✔
1分钟 扫止损收回 补仓3笔(1:1:2，-3%/-6%补) 均价止盈2% 止损离第一笔10% 拿24h,1689,70,0.91,0.93,,2141,75,0.97,0.9,,1567,77,1.03,0.89,
1分钟 扫止损收回 补仓3笔(1:1:2，-3%/-6%补) 均价止盈2% 止损离第一笔10% 拿72h,1457,83,0.98,0.92,,1854,87,0.98,0.92,,1456,87,1.09,0.92,
1分钟 扫止损收回 补仓3笔(1:1:2，-3%/-6%补) 均价止盈2% 止损离第一笔15% 拿24h,1677,71,0.84,0.88,,2118,75,0.94,0.85,,1563,78,1.06,1.02,
1分钟 扫止损收回 补仓3笔(1:1:2，-3%/-6%补) 均价止盈2% 止损离第一笔15% 拿72h,1410,84,0.9,0.86,,1770,88,1.06,0.99,,1421,89,1.08,0.86,
1分钟 扫止损收回 补仓3笔(1:1:2，-3%/-6%补) 均价止盈3% 止损离第一笔10% 拿24h,1577,62,0.88,0.9,,1937,66,1.02,0.89,,1456,69,0.98,0.91,
1分钟 扫止损收回 补仓3笔(1:1:2，-3%/-6%补) 均价止盈3% 止损离第一笔10% 拿72h,1257,75,0.88,0.97,,1525,79,0.98,0.88,,1274,79,0.97,0.99,
1分钟 扫止损收回 补仓3笔(1:1:2，-3%/-6%补) 均价止盈3% 止损离第一笔15% 拿24h,1564,63,0.8,0.84,,1922,67,0.98,0.93,,1452,70,1.03,0.95,
1分钟 扫止损收回 补仓3笔(1:1:2，-3%/-6%补) 均价止盈3% 止损离第一笔15% 拿72h,1202,76,0.8,0.91,,1456,81,1.03,0.9,,1232,81,0.98,0.92,
1分钟 扫止损收回 补仓4笔(1:1:1:1，-2%/-4%/-6%补) 均价止盈1% 止损离第一笔10% 拿24h,1901,85,1.02,0.89,,2546,89,0.93,0.83,,1783,90,1.03,0.95,
1分钟 扫止损收回 补仓4笔(1:1:1:1，-2%/-4%/-6%补) 均价止盈1% 止损离第一笔10% 拿72h,1774,93,1.06,0.87,,2424,94,0.97,0.89,,1744,95,1.14,1.03,✔
1分钟 扫止损收回 补仓4笔(1:1:1:1，-2%/-4%/-6%补) 均价止盈1% 止损离第一笔15% 拿24h,1896,85,1.04,0.92,,2529,89,0.9,0.82,,1779,90,1.02,0.92,
1分钟 扫止损收回 补仓4笔(1:1:1:1，-2%/-4%/-6%补) 均价止盈1% 止损离第一笔15% 拿72h,1743,94,1.0,0.75,,2357,95,1.04,0.85,,1719,96,1.14,0.98,
1分钟 扫止损收回 补仓4笔(1:1:1:1，-2%/-4%/-6%补) 均价止盈2% 止损离第一笔10% 拿24h,1701,73,0.91,0.86,,2162,78,1.03,0.98,,1592,79,1.03,0.92,
1分钟 扫止损收回 补仓4笔(1:1:1:1，-2%/-4%/-6%补) 均价止盈2% 止损离第一笔10% 拿72h,1481,84,0.92,0.87,,1887,87,1.04,0.99,,1476,86,1.04,0.97,
1分钟 扫止损收回 补仓4笔(1:1:1:1，-2%/-4%/-6%补) 均价止盈2% 止损离第一笔15% 拿24h,1688,73,0.86,0.86,,2140,78,1.02,0.92,,1588,79,1.07,0.89,
1分钟 扫止损收回 补仓4笔(1:1:1:1，-2%/-4%/-6%补) 均价止盈2% 止损离第一笔15% 拿72h,1433,85,0.87,0.88,,1806,89,1.11,0.9,,1436,88,1.02,1.02,
1分钟 扫止损收回 补仓4笔(1:1:1:1，-2%/-4%/-6%补) 均价止盈3% 止损离第一笔10% 拿24h,1587,65,0.89,0.93,,1954,70,1.06,0.96,,1466,70,0.98,0.96,
1分钟 扫止损收回 补仓4笔(1:1:1:1，-2%/-4%/-6%补) 均价止盈3% 止损离第一笔10% 拿72h,1277,76,0.92,0.92,,1556,79,1.0,0.93,,1281,78,0.93,0.89,
1分钟 扫止损收回 补仓4笔(1:1:1:1，-2%/-4%/-6%补) 均价止盈3% 止损离第一笔15% 拿24h,1573,65,0.82,0.9,,1939,70,1.02,0.88,,1463,71,0.99,0.84,
1分钟 扫止损收回 补仓4笔(1:1:1:1，-2%/-4%/-6%补) 均价止盈3% 止损离第一笔15% 拿72h,1227,77,0.85,0.9,,1482,82,1.09,0.91,,1233,80,0.9,0.94,
1分钟 扫止损收回 补仓5笔(1:1:1:1:1，-2%/-4%/-6%/-8%补) 均价止盈1% 止损离第一笔11% 拿24h,1903,85,1.05,0.88,,2544,89,0.92,0.85,,1783,91,1.09,1.0,
1分钟 扫止损收回 补仓5笔(1:1:1:1:1，-2%/-4%/-6%/-8%补) 均价止盈1% 止损离第一笔11% 拿72h,1772,94,1.1,0.93,,2418,95,1.04,0.89,,1743,96,1.34,1.05,✔
1分钟 扫止损收回 补仓5笔(1:1:1:1:1，-2%/-4%/-6%/-8%补) 均价止盈1% 止损离第一笔14% 拿24h,1900,86,1.11,0.82,,2534,89,0.86,0.73,,1781,91,1.02,1.03,
1分钟 扫止损收回 补仓5笔(1:1:1:1:1，-2%/-4%/-6%/-8%补) 均价止盈1% 止损离第一笔14% 拿72h,1757,94,1.05,0.83,,2387,96,1.0,1.02,,1733,96,1.27,1.04,✔
1分钟 扫止损收回 补仓5笔(1:1:1:1:1，-2%/-4%/-6%/-8%补) 均价止盈1% 止损离第一笔18% 拿24h,1900,86,1.0,0.86,,2526,89,0.87,0.81,,1780,91,0.97,0.9,
1分钟 扫止损收回 补仓5笔(1:1:1:1:1，-2%/-4%/-6%/-8%补) 均价止盈1% 止损离第一笔18% 拿72h,1748,94,0.91,0.82,,2363,96,1.02,0.88,,1726,96,1.17,0.86,✔
1分钟 扫止损收回 补仓5笔(1:1:1:1:1，-2%/-4%/-6%/-8%补) 均价止盈2% 止损离第一笔11% 拿24h,1701,73,0.89,0.93,,2160,78,1.05,0.92,,1593,79,1.07,0.96,
1分钟 扫止损收回 补仓5笔(1:1:1:1:1，-2%/-4%/-6%/-8%补) 均价止盈2% 止损离第一笔11% 拿72h,1475,85,0.97,0.95,,1861,88,1.1,0.88,,1472,88,1.15,1.02,✔
1分钟 扫止损收回 补仓5笔(1:1:1:1:1，-2%/-4%/-6%/-8%补) 均价止盈2% 止损离第一笔14% 拿24h,1690,74,0.86,0.84,,2149,78,0.99,0.88,,1591,79,1.06,0.92,
1分钟 扫止损收回 补仓5笔(1:1:1:1:1，-2%/-4%/-6%/-8%补) 均价止盈2% 止损离第一笔14% 拿72h,1450,86,0.9,0.98,,1828,89,1.05,0.95,,1451,89,1.08,0.91,
1分钟 扫止损收回 补仓5笔(1:1:1:1:1，-2%/-4%/-6%/-8%补) 均价止盈2% 止损离第一笔18% 拿24h,1689,74,0.86,0.82,,2137,78,0.97,0.87,,1586,79,0.99,0.93,
1分钟 扫止损收回 补仓5笔(1:1:1:1:1，-2%/-4%/-6%/-8%补) 均价止盈2% 止损离第一笔18% 拿72h,1435,86,0.89,0.81,,1793,89,1.05,0.96,,1439,89,0.95,0.94,
1分钟 扫止损收回 补仓5笔(1:1:1:1:1，-2%/-4%/-6%/-8%补) 均价止盈3% 止损离第一笔11% 拿24h,1585,65,0.85,0.82,,1952,70,1.06,0.92,,1466,71,1.03,0.99,
1分钟 扫止损收回 补仓5笔(1:1:1:1:1，-2%/-4%/-6%/-8%补) 均价止盈3% 止损离第一笔11% 拿72h,1265,77,0.94,0.95,,1536,81,1.04,0.89,,1275,81,0.99,1.02,
1分钟 扫止损收回 补仓5笔(1:1:1:1:1，-2%/-4%/-6%/-8%补) 均价止盈3% 止损离第一笔14% 拿24h,1575,65,0.8,0.84,,1945,70,1.0,0.89,,1463,71,1.0,0.97,
1分钟 扫止损收回 补仓5笔(1:1:1:1:1，-2%/-4%/-6%/-8%补) 均价止盈3% 止损离第一笔14% 拿72h,1235,77,0.84,0.87,,1505,82,1.03,0.92,,1253,81,0.93,0.93,
1分钟 扫止损收回 补仓5笔(1:1:1:1:1，-2%/-4%/-6%/-8%补) 均价止盈3% 止损离第一笔18% 拿24h,1572,65,0.81,0.87,,1935,70,0.98,0.89,,1456,71,0.94,0.91,
1分钟 扫止损收回 补仓5笔(1:1:1:1:1，-2%/-4%/-6%/-8%补) 均价止盈3% 止损离第一笔18% 拿72h,1219,77,0.81,0.86,,1481,83,1.03,0.98,,1230,82,0.89,0.87,
1分钟 扫止损收回 补仓5笔(1:1:1:1:1，-2%/-4%/-6%/-8%补) 均价止盈5% 止损离第一笔11% 拿24h,1466,58,0.77,0.98,,1759,64,1.11,0.99,,1339,63,0.89,0.91,
1分钟 扫止损收回 补仓5笔(1:1:1:1:1，-2%/-4%/-6%/-8%补) 均价止盈5% 止损离第一笔11% 拿72h,1051,65,0.83,0.86,,1224,73,1.21,0.93,✔,1045,69,0.84,0.92,
1分钟 扫止损收回 补仓5笔(1:1:1:1:1，-2%/-4%/-6%/-8%补) 均价止盈5% 止损离第一笔14% 拿24h,1456,58,0.75,0.88,,1755,64,1.03,0.93,,1334,63,0.88,0.94,
1分钟 扫止损收回 补仓5笔(1:1:1:1:1，-2%/-4%/-6%/-8%补) 均价止盈5% 止损离第一笔14% 拿72h,1021,66,0.81,0.86,,1190,74,1.16,0.98,,1009,70,0.8,0.94,
1分钟 扫止损收回 补仓5笔(1:1:1:1:1，-2%/-4%/-6%/-8%补) 均价止盈5% 止损离第一笔18% 拿24h,1453,58,0.73,0.86,,1750,64,1.02,0.91,,1329,64,0.88,0.95,
1分钟 扫止损收回 补仓5笔(1:1:1:1:1，-2%/-4%/-6%/-8%补) 均价止盈5% 止损离第一笔18% 拿72h,1005,66,0.76,0.79,,1170,74,1.17,0.86,,977,71,0.77,0.96,
1分钟 扫止损收回 补仓5笔(1:1:1:1:1，-2%/-4%/-6%/-8%补) 均价止盈8% 止损离第一笔11% 拿24h,1416,57,0.79,0.79,,1678,62,1.15,0.93,,1273,61,0.95,0.93,
1分钟 扫止损收回 补仓5笔(1:1:1:1:1，-2%/-4%/-6%/-8%补) 均价止盈8% 止损离第一笔11% 拿72h,938,60,0.86,0.87,,1023,67,1.18,0.91,✔,897,61,0.82,0.95,
1分钟 扫止损收回 补仓5笔(1:1:1:1:1，-2%/-4%/-6%/-8%补) 均价止盈8% 止损离第一笔14% 拿24h,1406,57,0.77,0.82,,1674,62,1.07,0.9,,1268,62,0.93,0.98,
1分钟 扫止损收回 补仓5笔(1:1:1:1:1，-2%/-4%/-6%/-8%补) 均价止盈8% 止损离第一笔14% 拿72h,917,62,0.88,0.83,,998,68,1.09,0.92,,867,63,0.8,0.91,
1分钟 扫止损收回 补仓5笔(1:1:1:1:1，-2%/-4%/-6%/-8%补) 均价止盈8% 止损离第一笔18% 拿24h,1403,58,0.77,0.84,,1669,62,1.05,0.9,,1262,62,0.9,0.88,
1分钟 扫止损收回 补仓5笔(1:1:1:1:1，-2%/-4%/-6%/-8%补) 均价止盈8% 止损离第一笔18% 拿72h,903,62,0.83,0.84,,984,68,1.09,0.93,,846,63,0.76,0.9,
1分钟 扫止损收回 补仓6笔(1:1:1:1:1:1，-1.5%/-3%/-4.5%/-6%/-7.5%补) 均价止盈1% 止损离第一笔10.5% 拿24h,1912,86,1.02,0.87,,2580,90,0.89,0.78,,1801,91,1.09,0.95,
1分钟 扫止损收回 补仓6笔(1:1:1:1:1:1，-1.5%/-3%/-4.5%/-6%/-7.5%补) 均价止盈1% 止损离第一笔10.5% 拿72h,1797,94,1.09,0.96,,2480,95,0.97,0.93,,1757,96,1.27,1.05,✔
1分钟 扫止损收回 补仓6笔(1:1:1:1:1:1，-1.5%/-3%/-4.5%/-6%/-7.5%补) 均价止盈1% 止损离第一笔13.5% 拿24h,1908,86,1.05,0.92,,2573,90,0.89,0.78,,1798,91,1.02,0.85,
1分钟 扫止损收回 补仓6笔(1:1:1:1:1:1，-1.5%/-3%/-4.5%/-6%/-7.5%补) 均价止盈1% 止损离第一笔13.5% 拿72h,1785,95,1.06,0.84,,2453,96,1.03,0.86,,1746,96,1.19,1.03,✔
1分钟 扫止损收回 补仓6笔(1:1:1:1:1:1，-1.5%/-3%/-4.5%/-6%/-7.5%补) 均价止盈1% 止损离第一笔17.5% 拿24h,1907,86,1.0,0.85,,2566,91,0.87,0.76,,1796,92,0.99,1.01,
1分钟 扫止损收回 补仓6笔(1:1:1:1:1:1，-1.5%/-3%/-4.5%/-6%/-7.5%补) 均价止盈1% 止损离第一笔17.5% 拿72h,1772,95,0.91,0.76,,2429,97,0.98,0.91,,1737,96,1.11,0.91,
1分钟 扫止损收回 补仓6笔(1:1:1:1:1:1，-1.5%/-3%/-4.5%/-6%/-7.5%补) 均价止盈2% 止损离第一笔10.5% 拿24h,1717,74,0.88,0.85,,2180,79,0.96,0.87,,1600,81,1.09,0.98,
1分钟 扫止损收回 补仓6笔(1:1:1:1:1:1，-1.5%/-3%/-4.5%/-6%/-7.5%补) 均价止盈2% 止损离第一笔10.5% 拿72h,1492,86,0.96,0.95,,1906,88,0.97,0.95,,1496,90,1.2,0.99,✔
1分钟 扫止损收回 补仓6笔(1:1:1:1:1:1，-1.5%/-3%/-4.5%/-6%/-7.5%补) 均价止盈2% 止损离第一笔13.5% 拿24h,1707,74,0.85,0.88,,2169,79,0.93,0.86,,1596,81,1.08,0.86,
1分钟 扫止损收回 补仓6笔(1:1:1:1:1:1，-1.5%/-3%/-4.5%/-6%/-7.5%补) 均价止盈2% 止损离第一笔13.5% 拿72h,1466,87,0.94,0.82,,1853,89,0.96,0.9,,1472,90,1.17,0.93,✔
1分钟 扫止损收回 补仓6笔(1:1:1:1:1:1，-1.5%/-3%/-4.5%/-6%/-7.5%补) 均价止盈2% 止损离第一笔17.5% 拿24h,1705,74,0.84,0.89,,2156,79,0.92,0.85,,1592,81,0.99,0.9,
1分钟 扫止损收回 补仓6笔(1:1:1:1:1:1，-1.5%/-3%/-4.5%/-6%/-7.5%补) 均价止盈2% 止损离第一笔17.5% 拿72h,1448,87,0.89,0.82,,1815,89,0.96,0.84,,1460,90,0.97,0.86,
1分钟 扫止损收回 补仓6笔(1:1:1:1:1:1，-1.5%/-3%/-4.5%/-6%/-7.5%补) 均价止盈3% 止损离第一笔10.5% 拿24h,1595,66,0.85,0.99,,1956,71,1.05,0.96,,1473,73,1.02,0.97,
1分钟 扫止损收回 补仓6笔(1:1:1:1:1:1，-1.5%/-3%/-4.5%/-6%/-7.5%补) 均价止盈3% 止损离第一笔10.5% 拿72h,1285,77,0.92,0.93,,1565,81,1.02,0.97,,1293,81,1.0,0.9,
1分钟 扫止损收回 补仓6笔(1:1:1:1:1:1，-1.5%/-3%/-4.5%/-6%/-7.5%补) 均价止盈3% 止损离第一笔13.5% 拿24h,1581,66,0.81,0.85,,1951,72,1.03,0.92,,1470,73,1.04,0.94,
1分钟 扫止损收回 补仓6笔(1:1:1:1:1:1，-1.5%/-3%/-4.5%/-6%/-7.5%补) 均价止盈3% 止损离第一笔13.5% 拿72h,1253,78,0.85,0.87,,1529,83,1.03,0.93,,1266,82,0.96,0.91,
1分钟 扫止损收回 补仓6笔(1:1:1:1:1:1，-1.5%/-3%/-4.5%/-6%/-7.5%补) 均价止盈3% 止损离第一笔17.5% 拿24h,1579,66,0.8,0.81,,1941,72,1.0,0.88,,1464,73,0.98,0.91,
1分钟 扫止损收回 补仓6笔(1:1:1:1:1:1，-1.5%/-3%/-4.5%/-6%/-7.5%补) 均价止盈3% 止损离第一笔17.5% 拿72h,1232,79,0.81,0.77,,1499,83,1.06,0.94,,1244,83,0.91,0.92,
1分钟 扫止损收回 补仓6笔(1:1:1:1:1:1，-1.5%/-3%/-4.5%/-6%/-7.5%补) 均价止盈5% 止损离第一笔10.5% 拿24h,1469,59,0.76,0.98,,1762,66,1.09,0.87,,1338,65,0.85,1.04,
1分钟 扫止损收回 补仓6笔(1:1:1:1:1:1，-1.5%/-3%/-4.5%/-6%/-7.5%补) 均价止盈5% 止损离第一笔10.5% 拿72h,1058,65,0.79,0.89,,1233,73,1.09,0.99,,1047,69,0.84,0.92,
1分钟 扫止损收回 补仓6笔(1:1:1:1:1:1，-1.5%/-3%/-4.5%/-6%/-7.5%补) 均价止盈5% 止损离第一笔13.5% 拿24h,1457,59,0.73,0.88,,1757,66,1.04,0.93,,1333,65,0.87,0.97,
1分钟 扫止损收回 补仓6笔(1:1:1:1:1:1，-1.5%/-3%/-4.5%/-6%/-7.5%补) 均价止盈5% 止损离第一笔13.5% 拿72h,1029,67,0.79,0.9,,1196,74,1.09,0.97,,1016,70,0.82,0.94,
1分钟 扫止损收回 补仓6笔(1:1:1:1:1:1，-1.5%/-3%/-4.5%/-6%/-7.5%补) 均价止盈5% 止损离第一笔17.5% 拿24h,1454,59,0.72,0.86,,1752,66,1.01,0.95,,1329,66,0.87,0.98,
1分钟 扫止损收回 补仓6笔(1:1:1:1:1:1，-1.5%/-3%/-4.5%/-6%/-7.5%补) 均价止盈5% 止损离第一笔17.5% 拿72h,1010,67,0.76,0.84,,1172,75,1.11,0.88,,980,71,0.78,0.8,
1分钟 扫止损收回 补仓6笔(1:1:1:1:1:1，-1.5%/-3%/-4.5%/-6%/-7.5%补) 均价止盈8% 止损离第一笔10.5% 拿24h,1417,58,0.82,0.92,,1680,64,1.12,0.97,,1275,63,0.91,1.0,
1分钟 扫止损收回 补仓6笔(1:1:1:1:1:1，-1.5%/-3%/-4.5%/-6%/-7.5%补) 均价止盈8% 止损离第一笔10.5% 拿72h,945,61,0.86,0.83,,1026,66,1.07,0.93,,903,60,0.81,0.95,
1分钟 扫止损收回 补仓6笔(1:1:1:1:1:1，-1.5%/-3%/-4.5%/-6%/-7.5%补) 均价止盈8% 止损离第一笔13.5% 拿24h,1406,58,0.79,0.85,,1676,64,1.07,0.89,,1270,64,0.93,0.9,
1分钟 扫止损收回 补仓6笔(1:1:1:1:1:1，-1.5%/-3%/-4.5%/-6%/-7.5%补) 均价止盈8% 止损离第一笔13.5% 拿72h,926,63,0.87,0.81,,1000,67,1.06,0.92,,871,62,0.81,0.92,
1分钟 扫止损收回 补仓6笔(1:1:1:1:1:1，-1.5%/-3%/-4.5%/-6%/-7.5%补) 均价止盈8% 止损离第一笔17.5% 拿24h,1403,58,0.78,0.93,,1671,64,1.05,0.89,,1265,64,0.92,0.91,
1分钟 扫止损收回 补仓6笔(1:1:1:1:1:1，-1.5%/-3%/-4.5%/-6%/-7.5%补) 均价止盈8% 止损离第一笔17.5% 拿72h,909,64,0.83,0.81,,980,68,1.09,0.94,,848,63,0.77,0.86,
1分钟 扫止损收回 补仓5笔(1:1:2:2:4，-2%/-4%/-6%/-8%补) 均价止盈1% 止损离第一笔11% 拿24h,1907,87,1.17,0.95,✔,2559,91,0.87,0.82,,1795,92,1.04,0.92,
1分钟 扫止损收回 补仓5笔(1:1:2:2:4，-2%/-4%/-6%/-8%补) 均价止盈1% 止损离第一笔11% 拿72h,1796,95,1.17,0.89,✔,2461,96,0.97,0.86,,1768,97,1.4,0.89,✔
1分钟 扫止损收回 补仓5笔(1:1:2:2:4，-2%/-4%/-6%/-8%补) 均价止盈1% 止损离第一笔14% 拿24h,1906,87,1.26,0.98,✔,2550,91,0.8,0.75,,1793,92,1.0,1.04,
1分钟 扫止损收回 补仓5笔(1:1:2:2:4，-2%/-4%/-6%/-8%补) 均价止盈1% 止损离第一笔14% 拿72h,1787,95,1.15,1.01,✔,2436,97,0.9,0.73,,1762,97,1.39,0.95,✔
1分钟 扫止损收回 补仓5笔(1:1:2:2:4，-2%/-4%/-6%/-8%补) 均价止盈1% 止损离第一笔18% 拿24h,1904,87,1.17,0.75,✔,2544,91,0.78,0.77,,1792,92,0.9,1.02,
1分钟 扫止损收回 补仓5笔(1:1:2:2:4，-2%/-4%/-6%/-8%补) 均价止盈1% 止损离第一笔18% 拿72h,1776,95,1.05,0.84,,2414,97,0.9,0.79,,1758,98,1.23,0.91,✔
1分钟 扫止损收回 补仓5笔(1:1:2:2:4，-2%/-4%/-6%/-8%补) 均价止盈2% 止损离第一笔11% 拿24h,1711,75,0.85,0.92,,2169,81,1.02,0.89,,1599,82,1.11,1.03,
1分钟 扫止损收回 补仓5笔(1:1:2:2:4，-2%/-4%/-6%/-8%补) 均价止盈2% 止损离第一笔11% 拿72h,1495,87,0.91,0.96,,1924,91,1.14,0.94,,1504,91,1.3,0.9,✔
1分钟 扫止损收回 补仓5笔(1:1:2:2:4，-2%/-4%/-6%/-8%补) 均价止盈2% 止损离第一笔14% 拿24h,1702,75,0.82,0.87,,2159,81,0.95,0.76,,1597,82,1.06,1.08,
1分钟 扫止损收回 补仓5笔(1:1:2:2:4，-2%/-4%/-6%/-8%补) 均价止盈2% 止损离第一笔14% 拿72h,1472,88,0.83,0.88,,1893,92,1.08,0.94,,1486,92,1.16,0.91,
1分钟 扫止损收回 补仓5笔(1:1:2:2:4，-2%/-4%/-6%/-8%补) 均价止盈2% 止损离第一笔18% 拿24h,1700,76,0.85,0.92,,2149,81,0.91,0.83,,1595,82,0.97,1.03,
1分钟 扫止损收回 补仓5笔(1:1:2:2:4，-2%/-4%/-6%/-8%补) 均价止盈2% 止损离第一笔18% 拿72h,1459,88,0.81,0.75,,1865,92,1.04,0.93,,1479,92,1.01,1.09,
1分钟 扫止损收回 补仓5笔(1:1:2:2:4，-2%/-4%/-6%/-8%补) 均价止盈3% 止损离第一笔11% 拿24h,1588,67,0.81,0.88,,1959,73,1.01,0.86,,1479,74,1.08,1.02,
1分钟 扫止损收回 补仓5笔(1:1:2:2:4，-2%/-4%/-6%/-8%补) 均价止盈3% 止损离第一笔11% 拿72h,1294,80,0.93,0.96,,1582,84,1.03,0.94,,1309,84,1.06,1.02,
1分钟 扫止损收回 补仓5笔(1:1:2:2:4，-2%/-4%/-6%/-8%补) 均价止盈3% 止损离第一笔14% 拿24h,1577,67,0.74,0.79,,1952,73,0.93,0.81,,1477,74,1.02,0.85,
1分钟 扫止损收回 补仓5笔(1:1:2:2:4，-2%/-4%/-6%/-8%补) 均价止盈3% 止损离第一笔14% 拿72h,1267,80,0.83,0.94,,1555,86,1.0,0.88,,1287,85,0.96,0.94,
1分钟 扫止损收回 补仓5笔(1:1:2:2:4，-2%/-4%/-6%/-8%补) 均价止盈3% 止损离第一笔18% 拿24h,1574,67,0.76,0.87,,1942,73,0.9,0.96,,1471,74,0.95,0.83,
1分钟 扫止损收回 补仓5笔(1:1:2:2:4，-2%/-4%/-6%/-8%补) 均价止盈3% 止损离第一笔18% 拿72h,1253,81,0.82,0.76,,1527,86,0.96,0.88,,1270,86,0.92,0.88,
1分钟 扫止损收回 补仓5笔(1:1:2:2:4，-2%/-4%/-6%/-8%补) 均价止盈5% 止损离第一笔11% 拿24h,1467,60,0.75,0.87,,1761,67,1.09,0.95,,1341,65,0.88,0.85,
1分钟 扫止损收回 补仓5笔(1:1:2:2:4，-2%/-4%/-6%/-8%补) 均价止盈5% 止损离第一笔11% 拿72h,1066,69,0.83,0.9,,1237,77,1.19,0.99,✔,1055,72,0.84,0.91,
1分钟 扫止损收回 补仓5笔(1:1:2:2:4，-2%/-4%/-6%/-8%补) 均价止盈5% 止损离第一笔14% 拿24h,1458,60,0.71,0.89,,1757,67,1.0,0.92,,1337,66,0.86,0.86,
1分钟 扫止损收回 补仓5笔(1:1:2:2:4，-2%/-4%/-6%/-8%补) 均价止盈5% 止损离第一笔14% 拿72h,1040,70,0.79,0.79,,1203,78,1.15,0.93,✔,1021,74,0.8,0.97,
1分钟 扫止损收回 补仓5笔(1:1:2:2:4，-2%/-4%/-6%/-8%补) 均价止盈5% 止损离第一笔18% 拿24h,1456,61,0.71,0.89,,1752,67,0.98,0.75,,1332,66,0.85,0.77,
1分钟 扫止损收回 补仓5笔(1:1:2:2:4，-2%/-4%/-6%/-8%补) 均价止盈5% 止损离第一笔18% 拿72h,1023,70,0.73,0.71,,1184,79,1.17,0.95,✔,991,75,0.77,0.91,
1分钟 扫止损收回 补仓5笔(1:1:2:2:4，-2%/-4%/-6%/-8%补) 均价止盈8% 止损离第一笔11% 拿24h,1417,59,0.74,0.87,,1678,65,1.15,0.91,,1277,64,0.93,0.88,
1分钟 扫止损收回 补仓5笔(1:1:2:2:4，-2%/-4%/-6%/-8%补) 均价止盈8% 止损离第一笔11% 拿72h,944,64,0.85,0.89,,1029,70,1.18,0.86,✔,901,64,0.77,0.9,
1分钟 扫止损收回 补仓5笔(1:1:2:2:4，-2%/-4%/-6%/-8%补) 均价止盈8% 止损离第一笔14% 拿24h,1407,59,0.72,0.9,,1674,65,1.03,0.87,,1272,64,0.9,0.99,
1分钟 扫止损收回 补仓5笔(1:1:2:2:4，-2%/-4%/-6%/-8%补) 均价止盈8% 止损离第一笔14% 拿72h,923,65,0.86,0.88,,1005,72,1.06,0.85,,870,66,0.76,0.95,
1分钟 扫止损收回 补仓5笔(1:1:2:2:4，-2%/-4%/-6%/-8%补) 均价止盈8% 止损离第一笔18% 拿24h,1404,59,0.7,0.9,,1669,65,1.0,0.96,,1267,65,0.86,0.77,
1分钟 扫止损收回 补仓5笔(1:1:2:2:4，-2%/-4%/-6%/-8%补) 均价止盈8% 止损离第一笔18% 拿72h,908,66,0.79,0.85,,991,73,1.08,0.97,,850,67,0.73,0.85,
1分钟 扫止损收回 补仓8笔(1:1:1:1:1:1:1:1，-1%/-2%/-3%/-4%/-5%/-6%/-7%补) 均价止盈1% 止损离第一笔10% 拿24h,1927,88,1.02,0.86,,2608,91,0.89,0.74,,1819,92,1.07,0.95,
1分钟 扫止损收回 补仓8笔(1:1:1:1:1:1:1:1，-1%/-2%/-3%/-4%/-5%/-6%/-7%补) 均价止盈1% 止损离第一笔10% 拿72h,1823,94,1.05,1.06,,2526,95,0.93,0.83,,1788,96,1.26,1.09,✔
1分钟 扫止损收回 补仓8笔(1:1:1:1:1:1:1:1，-1%/-2%/-3%/-4%/-5%/-6%/-7%补) 均价止盈1% 止损离第一笔13% 拿24h,1923,88,1.06,0.87,,2601,91,0.88,0.79,,1818,92,1.04,0.91,
1分钟 扫止损收回 补仓8笔(1:1:1:1:1:1:1:1，-1%/-2%/-3%/-4%/-5%/-6%/-7%补) 均价止盈1% 止损离第一笔13% 拿72h,1804,95,1.01,0.96,,2490,96,0.99,0.85,,1777,97,1.22,0.96,✔
1分钟 扫止损收回 补仓8笔(1:1:1:1:1:1:1:1，-1%/-2%/-3%/-4%/-5%/-6%/-7%补) 均价止盈1% 止损离第一笔17% 拿24h,1922,88,1.02,0.76,,2594,92,0.88,0.81,,1814,93,1.0,0.95,
1分钟 扫止损收回 补仓8笔(1:1:1:1:1:1:1:1，-1%/-2%/-3%/-4%/-5%/-6%/-7%补) 均价止盈1% 止损离第一笔17% 拿72h,1791,95,0.9,0.8,,2464,97,0.98,0.99,,1767,97,1.14,0.92,
1分钟 扫止损收回 补仓8笔(1:1:1:1:1:1:1:1，-1%/-2%/-3%/-4%/-5%/-6%/-7%补) 均价止盈2% 止损离第一笔10% 拿24h,1717,77,0.88,0.84,,2206,81,1.01,0.91,,1625,82,1.07,0.99,
1分钟 扫止损收回 补仓8笔(1:1:1:1:1:1:1:1，-1%/-2%/-3%/-4%/-5%/-6%/-7%补) 均价止盈2% 止损离第一笔10% 拿72h,1520,86,0.93,0.89,,1964,89,1.07,0.94,,1536,90,1.17,0.99,✔
1分钟 扫止损收回 补仓8笔(1:1:1:1:1:1:1:1，-1%/-2%/-3%/-4%/-5%/-6%/-7%补) 均价止盈2% 止损离第一笔13% 拿24h,1706,77,0.84,0.81,,2195,81,0.98,0.86,,1621,83,1.14,0.92,
1分钟 扫止损收回 补仓8笔(1:1:1:1:1:1:1:1，-1%/-2%/-3%/-4%/-5%/-6%/-7%补) 均价止盈2% 止损离第一笔13% 拿72h,1482,87,0.91,0.92,,1911,90,1.08,0.87,,1508,91,1.23,1.01,✔
1分钟 扫止损收回 补仓8笔(1:1:1:1:1:1:1:1，-1%/-2%/-3%/-4%/-5%/-6%/-7%补) 均价止盈2% 止损离第一笔17% 拿24h,1703,77,0.81,0.95,,2181,81,0.98,0.91,,1618,83,1.04,0.87,
1分钟 扫止损收回 补仓8笔(1:1:1:1:1:1:1:1，-1%/-2%/-3%/-4%/-5%/-6%/-7%补) 均价止盈2% 止损离第一笔17% 拿72h,1464,87,0.86,0.76,,1864,90,1.08,0.87,,1498,91,1.04,0.97,
1分钟 扫止损收回 补仓8笔(1:1:1:1:1:1:1:1，-1%/-2%/-3%/-4%/-5%/-6%/-7%补) 均价止盈3% 止损离第一笔10% 拿24h,1601,69,0.86,0.87,,1969,73,1.04,0.95,,1479,73,0.98,0.93,
1分钟 扫止损收回 补仓8笔(1:1:1:1:1:1:1:1，-1%/-2%/-3%/-4%/-5%/-6%/-7%补) 均价止盈3% 止损离第一笔10% 拿72h,1312,79,0.92,0.93,,1598,81,1.0,0.98,,1315,81,0.94,0.92,
1分钟 扫止损收回 补仓8笔(1:1:1:1:1:1:1:1，-1%/-2%/-3%/-4%/-5%/-6%/-7%补) 均价止盈3% 止损离第一笔13% 拿24h,1589,69,0.82,0.87,,1962,73,1.0,0.89,,1477,74,1.05,0.93,
1分钟 扫止损收回 补仓8笔(1:1:1:1:1:1:1:1，-1%/-2%/-3%/-4%/-5%/-6%/-7%补) 均价止盈3% 止损离第一笔13% 拿72h,1277,80,0.86,0.95,,1549,83,0.99,0.91,,1280,83,0.96,0.91,
1分钟 扫止损收回 补仓8笔(1:1:1:1:1:1:1:1，-1%/-2%/-3%/-4%/-5%/-6%/-7%补) 均价止盈3% 止损离第一笔17% 拿24h,1584,69,0.81,0.91,,1951,73,0.98,0.91,,1471,74,0.97,0.93,
1分钟 扫止损收回 补仓8笔(1:1:1:1:1:1:1:1，-1%/-2%/-3%/-4%/-5%/-6%/-7%补) 均价止盈3% 止损离第一笔17% 拿72h,1254,80,0.85,0.84,,1513,83,1.04,0.94,,1256,83,0.88,0.96,
1分钟 扫止损收回 补仓8笔(1:1:1:1:1:1:1:1，-1%/-2%/-3%/-4%/-5%/-6%/-7%补) 均价止盈5% 止损离第一笔10% 拿24h,1473,62,0.78,0.94,,1772,67,1.1,0.96,,1343,65,0.86,0.92,
1分钟 扫止损收回 补仓8笔(1:1:1:1:1:1:1:1，-1%/-2%/-3%/-4%/-5%/-6%/-7%补) 均价止盈5% 止损离第一笔10% 拿72h,1076,67,0.79,0.92,,1256,73,1.11,0.95,,1072,69,0.82,0.94,
1分钟 扫止损收回 补仓8笔(1:1:1:1:1:1:1:1，-1%/-2%/-3%/-4%/-5%/-6%/-7%补) 均价止盈5% 止损离第一笔13% 拿24h,1461,62,0.76,0.85,,1766,67,1.03,0.95,,1340,66,0.88,0.94,
1分钟 扫止损收回 补仓8笔(1:1:1:1:1:1:1:1，-1%/-2%/-3%/-4%/-5%/-6%/-7%补) 均价止盈5% 止损离第一笔13% 拿72h,1040,69,0.82,0.84,,1217,74,1.12,0.91,,1028,71,0.83,0.96,
1分钟 扫止损收回 补仓8笔(1:1:1:1:1:1:1:1，-1%/-2%/-3%/-4%/-5%/-6%/-7%补) 均价止盈5% 止损离第一笔17% 拿24h,1458,62,0.72,0.83,,1760,67,1.02,0.89,,1334,66,0.87,0.9,
1分钟 扫止损收回 补仓8笔(1:1:1:1:1:1:1:1，-1%/-2%/-3%/-4%/-5%/-6%/-7%补) 均价止盈5% 止损离第一笔17% 拿72h,1020,69,0.77,0.75,,1188,76,1.19,0.92,,996,71,0.77,0.89,
1分钟 扫止损收回 补仓8笔(1:1:1:1:1:1:1:1，-1%/-2%/-3%/-4%/-5%/-6%/-7%补) 均价止盈8% 止损离第一笔10% 拿24h,1419,61,0.83,0.83,,1682,65,1.14,0.94,,1273,63,0.89,0.93,
1分钟 扫止损收回 补仓8笔(1:1:1:1:1:1:1:1，-1%/-2%/-3%/-4%/-5%/-6%/-7%补) 均价止盈8% 止损离第一笔10% 拿72h,955,61,0.79,0.92,,1031,66,1.09,0.93,,918,60,0.78,0.96,
1分钟 扫止损收回 补仓8笔(1:1:1:1:1:1:1:1，-1%/-2%/-3%/-4%/-5%/-6%/-7%补) 均价止盈8% 止损离第一笔13% 拿24h,1408,61,0.79,0.88,,1677,65,1.07,0.88,,1270,64,0.9,0.96,
1分钟 扫止损收回 补仓8笔(1:1:1:1:1:1:1:1，-1%/-2%/-3%/-4%/-5%/-6%/-7%补) 均价止盈8% 止损离第一笔13% 拿72h,927,64,0.86,0.86,,1009,68,1.09,0.97,,874,63,0.77,1.0,
1分钟 扫止损收回 补仓8笔(1:1:1:1:1:1:1:1，-1%/-2%/-3%/-4%/-5%/-6%/-7%补) 均价止盈8% 止损离第一笔17% 拿24h,1405,61,0.76,0.84,,1671,66,1.06,0.92,,1262,64,0.89,0.9,
1分钟 扫止损收回 补仓8笔(1:1:1:1:1:1:1:1，-1%/-2%/-3%/-4%/-5%/-6%/-7%补) 均价止盈8% 止损离第一笔17% 拿72h,911,64,0.82,0.78,,986,69,1.12,0.95,✔,852,64,0.78,0.95,
1分钟 扫止损收回 补仓6笔(1:1:1:2:2:3，-2%/-4%/-6%/-9%/-12%补) 均价止盈1% 止损离第一笔15% 拿24h,1899,86,1.22,0.8,✔,2536,90,0.81,0.78,,1787,91,1.16,0.86,✔
1分钟 扫止损收回 补仓6笔(1:1:1:2:2:3，-2%/-4%/-6%/-9%/-12%补) 均价止盈1% 止损离第一笔15% 拿72h,1765,95,1.06,0.81,,2405,96,0.89,0.78,,1747,97,1.44,0.93,✔
1分钟 扫止损收回 补仓6笔(1:1:1:2:2:3，-2%/-4%/-6%/-9%/-12%补) 均价止盈1% 止损离第一笔18% 拿24h,1899,86,1.1,0.9,,2533,90,0.78,0.72,,1786,91,1.02,1.03,
1分钟 扫止损收回 补仓6笔(1:1:1:2:2:3，-2%/-4%/-6%/-9%/-12%补) 均价止盈1% 止损离第一笔18% 拿72h,1760,95,0.93,0.8,,2393,97,0.84,0.75,,1744,97,1.31,0.96,✔
1分钟 扫止损收回 补仓6笔(1:1:1:2:2:3，-2%/-4%/-6%/-9%/-12%补) 均价止盈1% 止损离第一笔22% 拿24h,1899,86,1.06,0.83,,2529,90,0.73,0.77,,1784,91,1.05,0.89,
1分钟 扫止损收回 补仓6笔(1:1:1:2:2:3，-2%/-4%/-6%/-9%/-12%补) 均价止盈1% 止损离第一笔22% 拿72h,1751,95,0.87,0.71,,2376,97,0.79,0.79,,1738,98,1.37,0.77,✔
1分钟 扫止损收回 补仓6笔(1:1:1:2:2:3，-2%/-4%/-6%/-9%/-12%补) 均价止盈2% 止损离第一笔15% 拿24h,1695,75,0.84,0.88,,2151,79,0.97,0.8,,1595,80,1.01,0.96,
1分钟 扫止损收回 补仓6笔(1:1:1:2:2:3，-2%/-4%/-6%/-9%/-12%补) 均价止盈2% 止损离第一笔15% 拿72h,1452,87,0.86,0.97,,1853,91,1.09,0.94,,1463,90,1.01,0.91,
1分钟 扫止损收回 补仓6笔(1:1:1:2:2:3，-2%/-4%/-6%/-9%/-12%补) 均价止盈2% 止损离第一笔18% 拿24h,1695,75,0.86,0.82,,2145,79,0.92,0.85,,1590,80,0.89,0.97,
1分钟 扫止损收回 补仓6笔(1:1:1:2:2:3，-2%/-4%/-6%/-9%/-12%补) 均价止盈2% 止损离第一笔18% 拿72h,1448,87,0.81,0.86,,1834,92,1.04,0.92,,1455,91,0.87,0.98,
1分钟 扫止损收回 补仓6笔(1:1:1:2:2:3，-2%/-4%/-6%/-9%/-12%补) 均价止盈2% 止损离第一笔22% 拿24h,1695,75,0.83,0.84,,2141,79,0.91,0.78,,1588,80,0.82,0.96,
1分钟 扫止损收回 补仓6笔(1:1:1:2:2:3，-2%/-4%/-6%/-9%/-12%补) 均价止盈2% 止损离第一笔22% 拿72h,1433,88,0.76,0.62,,1816,92,1.02,0.89,,1444,91,0.79,0.89,
1分钟 扫止损收回 补仓6笔(1:1:1:2:2:3，-2%/-4%/-6%/-9%/-12%补) 均价止盈3% 止损离第一笔15% 拿24h,1574,66,0.75,0.93,,1940,71,0.96,0.83,,1465,72,1.02,0.87,
1分钟 扫止损收回 补仓6笔(1:1:1:2:2:3，-2%/-4%/-6%/-9%/-12%补) 均价止盈3% 止损离第一笔15% 拿72h,1238,79,0.78,0.82,,1512,85,1.04,0.82,,1263,84,0.94,0.99,
1分钟 扫止损收回 补仓6笔(1:1:1:2:2:3，-2%/-4%/-6%/-9%/-12%补) 均价止盈3% 止损离第一笔18% 拿24h,1574,66,0.77,0.82,,1936,71,0.92,0.98,,1460,73,0.95,0.88,
1分钟 扫止损收回 补仓6笔(1:1:1:2:2:3，-2%/-4%/-6%/-9%/-12%补) 均价止盈3% 止损离第一笔18% 拿72h,1234,79,0.74,0.79,,1500,85,0.96,0.93,,1249,85,0.89,0.84,
1分钟 扫止损收回 补仓6笔(1:1:1:2:2:3，-2%/-4%/-6%/-9%/-12%补) 均价止盈3% 止损离第一笔22% 拿24h,1574,66,0.75,0.81,,1934,71,0.91,0.82,,1458,73,0.9,0.83,
1分钟 扫止损收回 补仓6笔(1:1:1:2:2:3，-2%/-4%/-6%/-9%/-12%补) 均价止盈3% 止损离第一笔22% 拿72h,1219,79,0.72,0.76,,1483,85,0.94,0.92,,1237,85,0.85,0.86,
1分钟 扫止损收回 补仓6笔(1:1:1:2:2:3，-2%/-4%/-6%/-9%/-12%补) 均价止盈5% 止损离第一笔15% 拿24h,1457,59,0.71,0.83,,1751,65,1.03,0.91,,1333,64,0.88,0.92,
1分钟 扫止损收回 补仓6笔(1:1:1:2:2:3，-2%/-4%/-6%/-9%/-12%补) 均价止盈5% 止损离第一笔15% 拿72h,1022,68,0.77,0.82,,1187,78,1.2,0.93,,1004,74,0.83,0.85,
1分钟 扫止损收回 补仓6笔(1:1:1:2:2:3，-2%/-4%/-6%/-9%/-12%补) 均价止盈5% 止损离第一笔18% 拿24h,1456,60,0.71,0.83,,1750,65,0.97,0.92,,1330,65,0.87,0.92,
1分钟 扫止损收回 补仓6笔(1:1:1:2:2:3，-2%/-4%/-6%/-9%/-12%补) 均价止盈5% 止损离第一笔18% 拿72h,1013,69,0.72,0.82,,1180,78,1.14,0.91,,986,74,0.77,0.85,
1分钟 扫止损收回 补仓6笔(1:1:1:2:2:3，-2%/-4%/-6%/-9%/-12%补) 均价止盈5% 止损离第一笔22% 拿24h,1456,60,0.72,0.75,,1747,65,0.97,0.87,,1327,65,0.82,0.77,
1分钟 扫止损收回 补仓6笔(1:1:1:2:2:3，-2%/-4%/-6%/-9%/-12%补) 均价止盈5% 止损离第一笔22% 拿72h,1000,69,0.71,0.7,,1166,78,1.14,1.06,,973,74,0.75,0.88,
1分钟 扫止损收回 补仓6笔(1:1:1:2:2:3，-2%/-4%/-6%/-9%/-12%补) 均价止盈8% 止损离第一笔15% 拿24h,1407,58,0.73,0.85,,1670,63,1.04,0.88,,1266,63,0.91,0.97,
1分钟 扫止损收回 补仓6笔(1:1:1:2:2:3，-2%/-4%/-6%/-9%/-12%补) 均价止盈8% 止损离第一笔15% 拿72h,913,63,0.82,0.83,,991,72,1.16,0.91,✔,866,66,0.83,0.94,
1分钟 扫止损收回 补仓6笔(1:1:1:2:2:3，-2%/-4%/-6%/-9%/-12%补) 均价止盈8% 止损离第一笔18% 拿24h,1404,58,0.72,0.81,,1669,63,0.97,0.92,,1263,63,0.88,0.84,
1分钟 扫止损收回 补仓6笔(1:1:1:2:2:3，-2%/-4%/-6%/-9%/-12%补) 均价止盈8% 止损离第一笔18% 拿72h,905,64,0.78,0.77,,985,72,1.08,0.89,,850,66,0.79,0.88,
1分钟 扫止损收回 补仓6笔(1:1:1:2:2:3，-2%/-4%/-6%/-9%/-12%补) 均价止盈8% 止损离第一笔22% 拿24h,1404,59,0.73,0.91,,1665,63,0.98,0.81,,1259,63,0.82,0.89,
1分钟 扫止损收回 补仓6笔(1:1:1:2:2:3，-2%/-4%/-6%/-9%/-12%补) 均价止盈8% 止损离第一笔22% 拿72h,892,64,0.72,0.77,,974,72,1.19,0.89,✔,837,66,0.72,0.92,
1分钟 回踩VWAP失衡 原版止损 止盈1倍 拿2h,3523,48,0.57,0.58,,3113,49,0.55,0.53,,3171,48,0.6,0.62,
1分钟 回踩VWAP失衡 原版止损 止盈1倍 拿12h,3519,49,0.58,0.61,,3113,49,0.55,0.57,,3171,48,0.6,0.65,
1分钟 回踩VWAP失衡 原版止损 止盈2倍 拿2h,3414,34,0.68,0.63,,3023,33,0.62,0.62,,3097,34,0.7,0.66,
1分钟 回踩VWAP失衡 原版止损 止盈2倍 拿12h,3402,34,0.7,0.67,,3021,33,0.63,0.64,,3095,33,0.7,0.71,
1分钟 回踩VWAP失衡 原版止损 止盈3倍 拿2h,3379,28,0.69,0.64,,2984,27,0.66,0.61,,3065,28,0.73,0.71,
1分钟 回踩VWAP失衡 原版止损 止盈3倍 拿12h,3357,26,0.73,0.66,,2981,26,0.68,0.65,,3061,26,0.73,0.72,
1分钟 回踩VWAP失衡 止损2% 止盈不设 拿4h,2412,46,0.91,0.78,,1962,44,0.89,0.85,,2113,44,0.89,0.88,
1分钟 回踩VWAP失衡 止损2% 止盈不设 拿12h,2116,42,1.0,0.9,,1686,37,0.87,0.92,,1887,38,0.95,0.86,
1分钟 回踩VWAP失衡 止损2% 止盈不设 拿24h,1893,38,1.08,0.94,,1520,32,0.82,0.93,,1735,32,0.98,0.95,
1分钟 回踩VWAP失衡 止损2% 止盈不设 拿48h,1564,33,1.08,1.03,,1259,26,0.87,0.91,,1472,25,0.96,0.95,
1分钟 回踩VWAP失衡 止损2% 止盈1% 拿4h,2544,57,0.97,0.91,,2081,55,0.79,0.87,,2285,59,0.9,0.88,
1分钟 回踩VWAP失衡 止损2% 止盈1% 拿12h,2402,64,0.98,0.93,,1971,61,0.8,0.9,,2217,65,0.9,0.92,
1分钟 回踩VWAP失衡 止损2% 止盈1% 拿24h,2363,67,1.01,0.91,,1940,63,0.81,0.89,,2208,66,0.92,0.91,
1分钟 回踩VWAP失衡 止损2% 止盈1% 拿48h,2329,68,1.0,0.88,,1924,64,0.82,0.87,,2192,67,0.92,0.93,
1分钟 回踩VWAP失衡 止损2% 止盈2% 拿4h,2439,48,0.95,0.87,,1984,47,0.83,0.89,,2156,48,0.9,0.88,
1分钟 回踩VWAP失衡 止损2% 止盈2% 拿12h,2214,50,0.97,0.91,,1784,47,0.86,0.85,,2006,50,0.94,0.9,
1分钟 回踩VWAP失衡 止损2% 止盈2% 拿24h,2126,51,0.98,0.88,,1728,48,0.86,0.92,,1974,50,0.94,0.92,
1分钟 回踩VWAP失衡 止损2% 止盈2% 拿48h,2044,52,0.99,0.93,,1674,48,0.86,0.91,,1939,51,0.95,0.94,
1分钟 回踩VWAP失衡 止损2% 止盈3% 拿4h,2417,47,0.94,0.81,,1967,44,0.83,0.89,,2128,45,0.91,0.87,
1分钟 回踩VWAP失衡 止损2% 止盈3% 拿12h,2158,45,0.98,0.91,,1718,41,0.85,0.91,,1946,44,0.95,0.92,
1分钟 回踩VWAP失衡 止损2% 止盈3% 拿24h,2032,44,1.01,0.9,,1639,40,0.85,0.93,,1888,41,0.94,0.89,
1分钟 回踩VWAP失衡 止损2% 止盈3% 拿48h,1898,44,1.01,0.9,,1552,40,0.89,0.93,,1821,40,0.92,0.9,
1分钟 回踩VWAP失衡 止损2% 止盈5% 拿4h,2413,46,0.91,0.8,,1962,44,0.85,0.89,,2115,44,0.89,0.85,
1分钟 回踩VWAP失衡 止损2% 止盈5% 拿12h,2125,43,0.96,0.85,,1692,38,0.83,0.93,,1900,39,0.95,0.91,
1分钟 回踩VWAP失衡 止损2% 止盈5% 拿24h,1954,40,1.01,0.9,,1564,34,0.81,0.91,,1804,35,0.94,0.91,
1分钟 回踩VWAP失衡 止损2% 止盈5% 拿48h,1746,36,1.02,0.91,,1409,31,0.86,0.93,,1686,31,0.92,0.89,
1分钟 回踩VWAP失衡 止损2% 止盈8% 拿4h,2412,46,0.9,0.83,,1962,44,0.88,0.89,,2113,44,0.88,0.85,
1分钟 回踩VWAP失衡 止损2% 止盈8% 拿12h,2119,42,0.99,0.91,,1686,37,0.84,0.91,,1887,38,0.92,0.89,
1分钟 回踩VWAP失衡 止损2% 止盈8% 拿24h,1921,39,1.05,0.88,,1533,32,0.82,0.9,,1758,32,0.94,0.91,
1分钟 回踩VWAP失衡 止损2% 止盈8% 拿48h,1653,33,1.03,0.87,,1317,28,0.89,0.94,,1574,26,0.92,0.93,
1分钟 回踩VWAP失衡 止损3% 止盈不设 拿4h,2383,48,0.96,0.85,,1938,46,0.88,0.9,,2084,46,0.91,0.87,
1分钟 回踩VWAP失衡 止损3% 止盈不设 拿12h,2033,47,1.04,0.92,,1607,43,0.91,0.94,,1811,45,0.99,0.9,
1分钟 回踩VWAP失衡 止损3% 止盈不设 拿24h,1770,45,1.13,0.93,✔,1413,40,0.86,0.93,,1624,40,1.03,0.96,
1分钟 回踩VWAP失衡 止损3% 止盈不设 拿48h,1409,40,1.1,1.0,✔,1118,36,0.91,1.03,,1300,34,1.01,0.98,
1分钟 回踩VWAP失衡 止损3% 止盈1% 拿4h,2519,59,1.0,0.84,,2065,56,0.79,0.85,,2259,62,0.91,0.87,
1分钟 回踩VWAP失衡 止损3% 止盈1% 拿12h,2344,68,1.02,0.88,,1910,67,0.8,0.84,,2171,71,0.95,0.9,
1分钟 回踩VWAP失衡 止损3% 止盈1% 拿24h,2286,73,1.04,0.93,,1858,70,0.8,0.93,,2145,74,0.96,0.95,
1分钟 回踩VWAP失衡 止损3% 止盈1% 拿48h,2224,75,1.03,0.93,,1827,72,0.82,0.91,,2113,75,0.96,0.95,
1分钟 回踩VWAP失衡 止损3% 止盈2% 拿4h,2411,50,0.98,0.86,,1963,48,0.83,0.82,,2129,50,0.92,0.9,
1分钟 回踩VWAP失衡 止损3% 止盈2% 拿12h,2138,54,1.01,0.9,,1711,53,0.85,0.92,,1946,57,1.0,0.91,
1分钟 回踩VWAP失衡 止损3% 止盈2% 拿24h,2015,58,1.02,0.94,,1633,56,0.87,0.92,,1890,58,0.98,0.95,
1分钟 回踩VWAP失衡 止损3% 止盈2% 拿48h,1896,60,1.01,0.97,,1542,58,0.89,0.88,,1820,61,0.99,0.97,
1分钟 回踩VWAP失衡 止损3% 止盈3% 拿4h,2387,48,0.98,0.86,,1943,46,0.82,0.86,,2098,48,0.92,0.86,
1分钟 回踩VWAP失衡 止损3% 止盈3% 拿12h,2078,50,1.04,0.89,,1643,47,0.86,0.92,,1873,50,1.0,0.95,
1分钟 回踩VWAP失衡 止损3% 止盈3% 拿24h,1910,51,1.04,0.93,,1530,48,0.87,0.93,,1787,50,0.98,0.99,
1分钟 回踩VWAP失衡 止损3% 止盈3% 拿48h,1739,52,1.04,0.96,,1397,49,0.9,0.91,,1669,50,0.98,0.97,
1分钟 回踩VWAP失衡 止损3% 止盈5% 拿4h,2384,48,0.96,0.83,,1938,46,0.85,0.85,,2086,47,0.92,0.83,
1分钟 回踩VWAP失衡 止损3% 止盈5% 拿12h,2044,47,1.02,0.87,,1613,44,0.86,0.91,,1826,46,1.03,0.9,
1分钟 回踩VWAP失衡 止损3% 止盈5% 拿24h,1834,47,1.07,0.88,,1451,42,0.84,0.94,,1695,43,1.02,1.01,
1分钟 回踩VWAP失衡 止损3% 止盈5% 拿48h,1580,44,1.04,0.93,,1250,40,0.91,0.93,,1519,41,1.0,0.92,
1分钟 回踩VWAP失衡 止损3% 止盈8% 拿4h,2383,48,0.95,0.83,,1938,46,0.88,0.87,,2084,46,0.9,0.87,
1分钟 回踩VWAP失衡 止损3% 止盈8% 拿12h,2037,47,1.03,0.89,,1607,43,0.88,0.88,,1812,45,0.98,0.92,
1分钟 回踩VWAP失衡 止损3% 止盈8% 拿24h,1799,46,1.1,0.96,,1427,40,0.84,0.93,,1646,40,1.01,0.91,
1分钟 回踩VWAP失衡 止损3% 止盈8% 拿48h,1488,40,1.02,0.93,,1163,37,0.95,0.95,,1403,35,1.01,0.96,
1分钟 回踩VWAP失衡 止损5% 止盈不设 拿4h,2376,48,0.98,0.86,,1937,46,0.85,0.83,,2077,47,0.91,0.9,
1分钟 回踩VWAP失衡 止损5% 止盈不设 拿12h,1995,50,1.08,0.87,,1574,46,0.92,0.92,,1758,48,1.02,0.87,
1分钟 回踩VWAP失衡 止损5% 止盈不设 拿24h,1678,50,1.16,0.95,✔,1332,45,0.86,0.92,,1521,45,1.03,0.94,
1分钟 回踩VWAP失衡 止损5% 止盈不设 拿48h,1265,48,1.15,0.97,✔,977,45,0.89,0.92,,1155,43,1.06,0.96,
1分钟 回踩VWAP失衡 止损5% 止盈1% 拿4h,2510,59,1.04,0.87,,2064,57,0.75,0.81,,2254,63,0.94,0.9,
1分钟 回踩VWAP失衡 止损5% 止盈1% 拿12h,2310,71,1.12,0.9,✔,1879,69,0.81,0.87,,2135,74,0.97,0.99,
1分钟 回踩VWAP失衡 止损5% 止盈1% 拿24h,2216,77,1.11,0.91,,1786,75,0.83,0.83,,2077,79,0.99,1.01,
1分钟 回踩VWAP失衡 止损5% 止盈1% 拿48h,2096,82,1.18,0.97,✔,1710,80,0.87,0.88,,2008,83,1.02,0.96,
1分钟 回踩VWAP失衡 止损5% 止盈2% 拿4h,2405,50,1.02,0.88,,1962,49,0.8,0.83,,2121,51,0.93,0.92,
1分钟 回踩VWAP失衡 止损5% 止盈2% 拿12h,2109,57,1.08,0.91,,1681,56,0.85,0.9,,1902,60,1.03,0.96,
1分钟 回踩VWAP失衡 止损5% 止盈2% 拿24h,1936,63,1.07,0.92,,1554,62,0.9,0.9,,1795,65,1.03,0.95,
1分钟 回踩VWAP失衡 止损5% 止盈2% 拿48h,1745,69,1.1,0.99,✔,1390,68,0.93,0.89,,1675,71,1.09,1.03,
1分钟 回踩VWAP失衡 止损5% 止盈3% 拿4h,2380,49,1.01,0.87,,1942,47,0.79,0.85,,2091,48,0.93,0.88,
1分钟 回踩VWAP失衡 止损5% 止盈3% 拿12h,2046,53,1.11,0.93,✔,1610,50,0.86,0.92,,1826,54,1.03,0.93,
1分钟 回踩VWAP失衡 止损5% 止盈3% 拿24h,1829,56,1.1,0.95,✔,1447,54,0.89,0.91,,1691,55,1.0,1.0,
1分钟 回踩VWAP失衡 止损5% 止盈3% 拿48h,1581,61,1.13,0.95,✔,1233,59,0.92,0.86,,1522,61,1.04,1.0,
1分钟 回踩VWAP失衡 止损5% 止盈5% 拿4h,2377,48,0.98,0.85,,1937,46,0.81,0.84,,2079,47,0.93,0.88,
1分钟 回踩VWAP失衡 止损5% 止盈5% 拿12h,2007,50,1.08,0.9,,1580,47,0.87,0.89,,1774,49,1.04,0.92,
1分钟 回踩VWAP失衡 止损5% 止盈5% 拿24h,1747,51,1.12,0.94,✔,1374,47,0.86,0.92,,1591,49,1.03,0.96,
1分钟 回踩VWAP失衡 止损5% 止盈5% 拿48h,1428,53,1.14,0.98,✔,1101,49,0.93,0.99,,1359,50,1.03,0.96,
1分钟 回踩VWAP失衡 止损5% 止盈8% 拿4h,2376,48,0.98,0.85,,1937,46,0.84,0.85,,2077,47,0.91,0.86,
1分钟 回踩VWAP失衡 止损5% 止盈8% 拿12h,1999,50,1.08,0.9,,1574,46,0.9,0.98,,1760,49,1.01,0.9,
1分钟 回踩VWAP失衡 止损5% 止盈8% 拿24h,1710,50,1.12,0.97,✔,1347,45,0.85,0.88,,1542,46,1.02,0.95,
1分钟 回踩VWAP失衡 止损5% 止盈8% 拿48h,1335,49,1.09,1.04,,1017,46,0.94,0.99,,1243,45,1.06,0.96,
1分钟 回踩VWAP失衡 补仓3笔(1:1:1，-2%/-4%补) 均价止盈1% 止损离第一笔10% 拿24h,2263,83,1.0,0.92,,1812,83,0.68,0.79,,2101,88,0.97,1.0,
1分钟 回踩VWAP失衡 补仓3笔(1:1:1，-2%/-4%补) 均价止盈1% 止损离第一笔10% 拿72h,2069,92,1.07,0.9,,1637,90,0.68,0.83,,1995,93,1.03,1.01,
1分钟 回踩VWAP失衡 补仓3笔(1:1:1，-2%/-4%补) 均价止盈1% 止损离第一笔15% 拿24h,2256,83,0.97,0.86,,1800,83,0.65,0.83,,2092,88,1.0,1.04,
1分钟 回踩VWAP失衡 补仓3笔(1:1:1，-2%/-4%补) 均价止盈1% 止损离第一笔15% 拿72h,2024,92,1.02,0.89,,1574,91,0.67,0.82,,1940,94,1.02,0.96,
1分钟 回踩VWAP失衡 补仓3笔(1:1:1，-2%/-4%补) 均价止盈2% 止损离第一笔10% 拿24h,1940,71,1.0,0.94,,1539,71,0.82,0.87,,1779,76,0.94,1.01,
1分钟 回踩VWAP失衡 补仓3笔(1:1:1，-2%/-4%补) 均价止盈2% 止损离第一笔10% 拿72h,1610,83,1.11,0.99,✔,1267,81,0.78,0.87,,1565,85,1.01,1.0,
1分钟 回踩VWAP失衡 补仓3笔(1:1:1，-2%/-4%补) 均价止盈2% 止损离第一笔15% 拿24h,1936,71,0.95,0.96,,1532,71,0.78,0.87,,1769,77,0.98,0.97,
1分钟 回踩VWAP失衡 补仓3笔(1:1:1，-2%/-4%补) 均价止盈2% 止损离第一笔15% 拿72h,1576,84,1.03,0.95,,1203,82,0.78,0.84,,1500,87,1.02,1.01,
1分钟 回踩VWAP失衡 补仓3笔(1:1:1，-2%/-4%补) 均价止盈3% 止损离第一笔10% 拿24h,1826,65,1.07,0.92,,1434,64,0.87,0.88,,1652,67,0.9,0.94,
1分钟 回踩VWAP失衡 补仓3笔(1:1:1，-2%/-4%补) 均价止盈3% 止损离第一笔10% 拿72h,1402,76,1.12,1.01,✔,1074,73,0.78,0.84,,1335,77,0.99,0.99,
1分钟 回踩VWAP失衡 补仓3笔(1:1:1，-2%/-4%补) 均价止盈3% 止损离第一笔15% 拿24h,1823,65,1.01,0.88,,1429,64,0.83,0.86,,1643,67,0.91,0.95,
1分钟 回踩VWAP失衡 补仓3笔(1:1:1，-2%/-4%补) 均价止盈3% 止损离第一笔15% 拿72h,1362,76,1.01,0.95,,1017,74,0.75,0.88,,1279,79,1.0,1.0,
1分钟 回踩VWAP失衡 补仓3笔(1:1:1，-3%/-6%补) 均价止盈1% 止损离第一笔10% 拿24h,2235,81,1.0,0.9,,1780,82,0.72,0.85,,2066,86,0.92,0.89,
1分钟 回踩VWAP失衡 补仓3笔(1:1:1，-3%/-6%补) 均价止盈1% 止损离第一笔10% 拿72h,2026,91,1.14,0.9,✔,1616,91,0.76,0.85,,1943,93,1.02,1.09,
1分钟 回踩VWAP失衡 补仓3笔(1:1:1，-3%/-6%补) 均价止盈1% 止损离第一笔15% 拿24h,2228,81,0.96,0.92,,1767,82,0.68,0.89,,2056,87,0.97,0.95,
1分钟 回踩VWAP失衡 补仓3笔(1:1:1，-3%/-6%补) 均价止盈1% 止损离第一笔15% 拿72h,1989,92,1.04,0.92,,1561,92,0.75,0.85,,1887,94,1.02,0.95,
1分钟 回踩VWAP失衡 补仓3笔(1:1:1，-3%/-6%补) 均价止盈2% 止损离第一笔10% 拿24h,1925,69,1.0,0.96,,1534,70,0.81,0.86,,1762,73,0.96,1.07,
1分钟 回踩VWAP失衡 补仓3笔(1:1:1，-3%/-6%补) 均价止盈2% 止损离第一笔10% 拿72h,1591,83,1.14,1.0,✔,1262,82,0.81,0.86,,1546,85,1.05,1.04,
1分钟 回踩VWAP失衡 补仓3笔(1:1:1，-3%/-6%补) 均价止盈2% 止损离第一笔15% 拿24h,1919,69,0.94,0.9,,1526,70,0.75,0.9,,1754,74,0.99,0.96,
1分钟 回踩VWAP失衡 补仓3笔(1:1:1，-3%/-6%补) 均价止盈2% 止损离第一笔15% 拿72h,1557,83,1.02,0.91,,1199,84,0.81,0.86,,1490,86,0.99,1.0,
1分钟 回踩VWAP失衡 补仓3笔(1:1:1，-3%/-6%补) 均价止盈3% 止损离第一笔10% 拿24h,1816,62,1.02,0.89,,1426,63,0.86,0.94,,1643,65,0.91,0.97,
1分钟 回踩VWAP失衡 补仓3笔(1:1:1，-3%/-6%补) 均价止盈3% 止损离第一笔10% 拿72h,1391,74,1.11,0.96,✔,1064,73,0.78,0.95,,1326,77,1.0,1.0,
1分钟 回踩VWAP失衡 补仓3笔(1:1:1，-3%/-6%补) 均价止盈3% 止损离第一笔15% 拿24h,1813,62,0.96,0.9,,1421,63,0.81,0.89,,1635,65,0.93,0.95,
1分钟 回踩VWAP失衡 补仓3笔(1:1:1，-3%/-6%补) 均价止盈3% 止损离第一笔15% 拿72h,1353,75,1.01,0.96,,1012,75,0.79,0.91,,1270,79,0.98,1.01,
1分钟 回踩VWAP失衡 补仓3笔(1:1:2，-3%/-6%补) 均价止盈1% 止损离第一笔10% 拿24h,2235,82,0.98,0.9,,1782,82,0.69,0.75,,2071,87,0.91,1.01,
1分钟 回踩VWAP失衡 补仓3笔(1:1:2，-3%/-6%补) 均价止盈1% 止损离第一笔10% 拿72h,2042,92,1.13,0.95,✔,1630,92,0.75,0.84,,1959,94,1.01,1.03,
1分钟 回踩VWAP失衡 补仓3笔(1:1:2，-3%/-6%补) 均价止盈1% 止损离第一笔15% 拿24h,2228,82,0.92,0.92,,1770,82,0.64,0.75,,2062,87,0.98,0.88,
1分钟 回踩VWAP失衡 补仓3笔(1:1:2，-3%/-6%补) 均价止盈1% 止损离第一笔15% 拿72h,2007,93,1.01,0.89,,1580,93,0.73,0.87,,1913,95,1.02,0.99,
1分钟 回踩VWAP失衡 补仓3笔(1:1:2，-3%/-6%补) 均价止盈2% 止损离第一笔10% 拿24h,1928,69,0.97,0.96,,1536,71,0.82,0.88,,1765,74,0.96,0.99,
1分钟 回踩VWAP失衡 补仓3笔(1:1:2，-3%/-6%补) 均价止盈2% 止损离第一笔10% 拿72h,1605,84,1.12,0.98,✔,1270,84,0.85,0.83,,1554,86,1.06,0.97,
1分钟 回踩VWAP失衡 补仓3笔(1:1:2，-3%/-6%补) 均价止盈2% 止损离第一笔15% 拿24h,1922,69,0.9,0.93,,1528,71,0.74,0.81,,1758,75,1.01,1.03,
1分钟 回踩VWAP失衡 补仓3笔(1:1:2，-3%/-6%补) 均价止盈2% 止损离第一笔15% 拿72h,1570,85,1.01,0.88,,1211,86,0.84,0.88,,1498,87,1.01,0.97,
1分钟 回踩VWAP失衡 补仓3笔(1:1:2，-3%/-6%补) 均价止盈3% 止损离第一笔10% 拿24h,1817,62,1.0,0.91,,1427,63,0.84,0.93,,1649,65,0.9,1.0,
1分钟 回踩VWAP失衡 补仓3笔(1:1:2，-3%/-6%补) 均价止盈3% 止损离第一笔10% 拿72h,1399,76,1.12,0.99,✔,1080,76,0.82,0.94,,1337,78,1.01,0.99,
1分钟 回踩VWAP失衡 补仓3笔(1:1:2，-3%/-6%补) 均价止盈3% 止损离第一笔15% 拿24h,1814,62,0.94,0.84,,1422,63,0.78,0.88,,1642,66,0.92,0.98,
1分钟 回踩VWAP失衡 补仓3笔(1:1:2，-3%/-6%补) 均价止盈3% 止损离第一笔15% 拿72h,1362,77,1.03,0.91,,1031,78,0.83,0.89,,1286,80,0.98,1.02,
1分钟 回踩VWAP失衡 补仓4笔(1:1:1:1，-2%/-4%/-6%补) 均价止盈1% 止损离第一笔10% 拿24h,2267,84,0.99,0.89,,1815,84,0.68,0.76,,2105,89,0.97,0.96,
1分钟 回踩VWAP失衡 补仓4笔(1:1:1:1，-2%/-4%/-6%补) 均价止盈1% 止损离第一笔10% 拿72h,2078,93,1.09,0.99,,1658,91,0.69,0.84,,2004,94,1.04,1.11,
1分钟 回踩VWAP失衡 补仓4笔(1:1:1:1，-2%/-4%/-6%补) 均价止盈1% 止损离第一笔15% 拿24h,2260,84,0.96,0.97,,1803,84,0.64,0.79,,2096,89,1.01,0.97,
1分钟 回踩VWAP失衡 补仓4笔(1:1:1:1，-2%/-4%/-6%补) 均价止盈1% 止损离第一笔15% 拿72h,2034,93,1.04,0.88,,1604,93,0.7,0.76,,1954,95,1.06,0.89,
1分钟 回踩VWAP失衡 补仓4笔(1:1:1:1，-2%/-4%/-6%补) 均价止盈2% 止损离第一笔10% 拿24h,1943,71,0.98,0.98,,1540,72,0.8,0.82,,1785,77,0.96,1.03,
1分钟 回踩VWAP失衡 补仓4笔(1:1:1:1，-2%/-4%/-6%补) 均价止盈2% 止损离第一笔10% 拿72h,1622,85,1.12,0.94,✔,1284,83,0.8,0.86,,1584,87,1.05,1.02,
1分钟 回踩VWAP失衡 补仓4笔(1:1:1:1，-2%/-4%/-6%补) 均价止盈2% 止损离第一笔15% 拿24h,1937,71,0.92,0.92,,1533,72,0.74,0.85,,1777,77,1.0,0.98,
1分钟 回踩VWAP失衡 补仓4笔(1:1:1:1，-2%/-4%/-6%补) 均价止盈2% 止损离第一笔15% 拿72h,1586,85,1.03,0.95,,1223,84,0.81,0.84,,1524,88,1.03,1.02,
1分钟 回踩VWAP失衡 补仓4笔(1:1:1:1，-2%/-4%/-6%补) 均价止盈3% 止损离第一笔10% 拿24h,1827,65,1.04,0.93,,1435,65,0.86,0.87,,1654,67,0.89,0.96,
1分钟 回踩VWAP失衡 补仓4笔(1:1:1:1，-2%/-4%/-6%补) 均价止盈3% 止损离第一笔10% 拿72h,1407,76,1.1,0.99,,1088,75,0.79,0.87,,1348,79,0.98,0.96,
1分钟 回踩VWAP失衡 补仓4笔(1:1:1:1，-2%/-4%/-6%补) 均价止盈3% 止损离第一笔15% 拿24h,1824,65,0.98,0.92,,1430,65,0.81,0.79,,1645,68,0.91,0.94,
1分钟 回踩VWAP失衡 补仓4笔(1:1:1:1，-2%/-4%/-6%补) 均价止盈3% 止损离第一笔15% 拿72h,1368,76,0.98,0.93,,1037,77,0.8,0.87,,1291,81,0.99,0.99,
1分钟 回踩VWAP失衡 补仓5笔(1:1:1:1:1，-2%/-4%/-6%/-8%补) 均价止盈1% 止损离第一笔11% 拿24h,2265,84,0.96,0.93,,1810,84,0.67,0.74,,2103,89,0.96,0.96,
1分钟 回踩VWAP失衡 补仓5笔(1:1:1:1:1，-2%/-4%/-6%/-8%补) 均价止盈1% 止损离第一笔11% 拿72h,2061,93,1.11,0.95,,1649,92,0.69,0.82,,1998,95,1.13,0.99,✔
1分钟 回踩VWAP失衡 补仓5笔(1:1:1:1:1，-2%/-4%/-6%/-8%补) 均价止盈1% 止损离第一笔14% 拿24h,2261,84,0.93,0.91,,1805,84,0.64,0.79,,2101,89,0.98,0.97,
1分钟 回踩VWAP失衡 补仓5笔(1:1:1:1:1，-2%/-4%/-6%/-8%补) 均价止盈1% 止损离第一笔14% 拿72h,2041,93,1.04,0.98,,1616,93,0.68,0.81,,1976,96,1.14,0.99,✔
1分钟 回踩VWAP失衡 补仓5笔(1:1:1:1:1，-2%/-4%/-6%/-8%补) 均价止盈1% 止损离第一笔18% 拿24h,2260,84,0.93,0.87,,1800,84,0.6,0.78,,2094,89,1.02,0.95,
1分钟 回踩VWAP失衡 补仓5笔(1:1:1:1:1，-2%/-4%/-6%/-8%补) 均价止盈1% 止损离第一笔18% 拿72h,2030,93,1.02,0.9,,1598,93,0.69,0.83,,1950,96,1.15,1.01,
1分钟 回踩VWAP失衡 补仓5笔(1:1:1:1:1，-2%/-4%/-6%/-8%补) 均价止盈2% 止损离第一笔11% 拿24h,1942,71,0.95,0.96,,1538,72,0.77,0.8,,1783,77,0.96,0.98,
1分钟 回踩VWAP失衡 补仓5笔(1:1:1:1:1，-2%/-4%/-6%/-8%补) 均价止盈2% 止损离第一笔11% 拿72h,1614,85,1.11,0.99,✔,1269,84,0.81,0.89,,1571,87,1.02,0.99,
1分钟 回踩VWAP失衡 补仓5笔(1:1:1:1:1，-2%/-4%/-6%/-8%补) 均价止盈2% 止损离第一笔14% 拿24h,1938,71,0.91,0.86,,1534,72,0.74,0.88,,1781,78,0.99,1.04,
1分钟 回踩VWAP失衡 补仓5笔(1:1:1:1:1，-2%/-4%/-6%/-8%补) 均价止盈2% 止损离第一笔14% 拿72h,1597,85,1.04,0.9,,1229,85,0.8,0.88,,1537,88,1.01,1.03,
1分钟 回踩VWAP失衡 补仓5笔(1:1:1:1:1，-2%/-4%/-6%/-8%补) 均价止盈2% 止损离第一笔18% 拿24h,1936,71,0.93,0.89,,1530,72,0.69,0.83,,1775,78,0.97,0.96,
1分钟 回踩VWAP失衡 补仓5笔(1:1:1:1:1，-2%/-4%/-6%/-8%补) 均价止盈2% 止损离第一笔18% 拿72h,1580,86,0.98,0.81,,1209,85,0.77,0.92,,1509,89,1.0,0.98,
1分钟 回踩VWAP失衡 补仓5笔(1:1:1:1:1，-2%/-4%/-6%/-8%补) 均价止盈3% 止损离第一笔11% 拿24h,1828,65,0.99,0.91,,1431,65,0.82,0.81,,1650,68,0.89,0.96,
1分钟 回踩VWAP失衡 补仓5笔(1:1:1:1:1，-2%/-4%/-6%/-8%补) 均价止盈3% 止损离第一笔11% 拿72h,1398,77,1.05,0.88,,1081,77,0.78,0.88,,1338,80,0.95,0.98,
1分钟 回踩VWAP失衡 补仓5笔(1:1:1:1:1，-2%/-4%/-6%/-8%补) 均价止盈3% 止损离第一笔14% 拿24h,1823,65,0.96,0.88,,1430,65,0.79,0.88,,1649,68,0.91,0.9,
1分钟 回踩VWAP失衡 补仓5笔(1:1:1:1:1，-2%/-4%/-6%/-8%补) 均价止盈3% 止损离第一笔14% 拿72h,1373,77,0.99,0.89,,1048,78,0.78,0.84,,1308,81,0.97,1.01,
1分钟 回踩VWAP失衡 补仓5笔(1:1:1:1:1，-2%/-4%/-6%/-8%补) 均价止盈3% 止损离第一笔18% 拿24h,1822,65,0.97,0.83,,1426,65,0.75,0.77,,1645,68,0.89,1.01,
1分钟 回踩VWAP失衡 补仓5笔(1:1:1:1:1，-2%/-4%/-6%/-8%补) 均价止盈3% 止损离第一笔18% 拿72h,1361,77,0.9,0.88,,1025,78,0.78,0.95,,1280,82,0.99,0.88,
1分钟 回踩VWAP失衡 补仓5笔(1:1:1:1:1，-2%/-4%/-6%/-8%补) 均价止盈5% 止损离第一笔11% 拿24h,1721,61,1.06,0.88,,1345,58,0.73,0.94,,1540,61,0.92,1.0,
1分钟 回踩VWAP失衡 补仓5笔(1:1:1:1:1，-2%/-4%/-6%/-8%补) 均价止盈5% 止损离第一笔11% 拿72h,1156,68,1.06,0.95,,878,64,0.74,0.84,,1104,70,1.07,1.0,
1分钟 回踩VWAP失衡 补仓5笔(1:1:1:1:1，-2%/-4%/-6%/-8%补) 均价止盈5% 止损离第一笔14% 拿24h,1720,61,1.02,0.92,,1342,58,0.71,0.86,,1537,62,0.93,1.02,
1分钟 回踩VWAP失衡 补仓5笔(1:1:1:1:1，-2%/-4%/-6%/-8%补) 均价止盈5% 止损离第一笔14% 拿72h,1138,68,1.0,0.88,,849,64,0.76,0.87,,1077,72,1.06,1.03,
1分钟 回踩VWAP失衡 补仓5笔(1:1:1:1:1，-2%/-4%/-6%/-8%补) 均价止盈5% 止损离第一笔18% 拿24h,1720,61,1.01,0.95,,1339,58,0.69,0.82,,1535,62,0.92,0.96,
1分钟 回踩VWAP失衡 补仓5笔(1:1:1:1:1，-2%/-4%/-6%/-8%补) 均价止盈5% 止损离第一笔18% 拿72h,1128,69,0.9,0.88,,840,65,0.75,0.82,,1063,73,1.11,0.94,✔
1分钟 回踩VWAP失衡 补仓5笔(1:1:1:1:1，-2%/-4%/-6%/-8%补) 均价止盈8% 止损离第一笔11% 拿24h,1675,60,1.04,0.92,,1314,56,0.72,0.84,,1489,59,0.96,0.93,
1分钟 回踩VWAP失衡 补仓5笔(1:1:1:1:1，-2%/-4%/-6%/-8%补) 均价止盈8% 止损离第一笔11% 拿72h,1019,64,1.13,0.88,✔,772,58,0.77,0.86,,958,64,1.13,0.95,✔
1分钟 回踩VWAP失衡 补仓5笔(1:1:1:1:1，-2%/-4%/-6%/-8%补) 均价止盈8% 止损离第一笔14% 拿24h,1673,60,1.0,0.92,,1310,56,0.7,0.87,,1487,60,0.97,0.93,
1分钟 回踩VWAP失衡 补仓5笔(1:1:1:1:1，-2%/-4%/-6%/-8%补) 均价止盈8% 止损离第一笔14% 拿72h,1005,65,1.09,0.95,,750,59,0.77,0.89,,935,67,1.17,0.96,✔
1分钟 回踩VWAP失衡 补仓5笔(1:1:1:1:1，-2%/-4%/-6%/-8%补) 均价止盈8% 止损离第一笔18% 拿24h,1673,60,0.99,0.87,,1309,56,0.67,0.86,,1484,60,0.93,0.92,
1分钟 回踩VWAP失衡 补仓5笔(1:1:1:1:1，-2%/-4%/-6%/-8%补) 均价止盈8% 止损离第一笔18% 拿72h,995,65,0.97,0.81,,741,60,0.75,0.88,,922,67,1.13,0.95,✔
1分钟 回踩VWAP失衡 补仓6笔(1:1:1:1:1:1，-1.5%/-3%/-4.5%/-6%/-7.5%补) 均价止盈1% 止损离第一笔10.5% 拿24h,2286,85,0.93,0.91,,1847,85,0.68,0.76,,2125,90,0.91,0.96,
1分钟 回踩VWAP失衡 补仓6笔(1:1:1:1:1:1，-1.5%/-3%/-4.5%/-6%/-7.5%补) 均价止盈1% 止损离第一笔10.5% 拿72h,2111,94,1.06,1.05,,1699,93,0.7,0.74,,2029,95,1.03,1.06,
1分钟 回踩VWAP失衡 补仓6笔(1:1:1:1:1:1，-1.5%/-3%/-4.5%/-6%/-7.5%补) 均价止盈1% 止损离第一笔13.5% 拿24h,2283,85,0.9,0.87,,1838,85,0.66,0.73,,2120,90,0.96,0.99,
1分钟 回踩VWAP失衡 补仓6笔(1:1:1:1:1:1，-1.5%/-3%/-4.5%/-6%/-7.5%补) 均价止盈1% 止损离第一笔13.5% 拿72h,2091,94,0.99,0.93,,1662,93,0.7,0.96,,2005,96,1.15,1.07,
1分钟 回踩VWAP失衡 补仓6笔(1:1:1:1:1:1，-1.5%/-3%/-4.5%/-6%/-7.5%补) 均价止盈1% 止损离第一笔17.5% 拿24h,2282,85,0.91,0.92,,1836,85,0.62,0.76,,2113,90,0.95,0.94,
1分钟 回踩VWAP失衡 补仓6笔(1:1:1:1:1:1，-1.5%/-3%/-4.5%/-6%/-7.5%补) 均价止盈1% 止损离第一笔17.5% 拿72h,2078,94,0.99,0.8,,1649,94,0.64,0.72,,1982,96,1.08,0.95,
1分钟 回踩VWAP失衡 补仓6笔(1:1:1:1:1:1，-1.5%/-3%/-4.5%/-6%/-7.5%补) 均价止盈2% 止损离第一笔10.5% 拿24h,1955,73,0.99,0.97,,1551,74,0.76,0.89,,1807,78,0.93,1.05,
1分钟 回踩VWAP失衡 补仓6笔(1:1:1:1:1:1，-1.5%/-3%/-4.5%/-6%/-7.5%补) 均价止盈2% 止损离第一笔10.5% 拿72h,1650,87,1.18,0.92,✔,1305,85,0.78,0.82,,1596,87,0.96,0.98,
1分钟 回踩VWAP失衡 补仓6笔(1:1:1:1:1:1，-1.5%/-3%/-4.5%/-6%/-7.5%补) 均价止盈2% 止损离第一笔13.5% 拿24h,1951,73,0.96,0.87,,1546,74,0.72,0.81,,1803,78,0.98,1.02,
1分钟 回踩VWAP失衡 补仓6笔(1:1:1:1:1:1，-1.5%/-3%/-4.5%/-6%/-7.5%补) 均价止盈2% 止损离第一笔13.5% 拿72h,1632,87,1.1,0.94,,1260,86,0.81,0.9,,1562,88,0.95,1.04,
1分钟 回踩VWAP失衡 补仓6笔(1:1:1:1:1:1，-1.5%/-3%/-4.5%/-6%/-7.5%补) 均价止盈2% 止损离第一笔17.5% 拿24h,1949,73,0.98,0.86,,1542,74,0.68,0.82,,1797,78,0.95,0.95,
1分钟 回踩VWAP失衡 补仓6笔(1:1:1:1:1:1，-1.5%/-3%/-4.5%/-6%/-7.5%补) 均价止盈2% 止损离第一笔17.5% 拿72h,1613,87,1.03,0.85,,1234,86,0.78,0.92,,1528,89,0.93,1.05,
1分钟 回踩VWAP失衡 补仓6笔(1:1:1:1:1:1，-1.5%/-3%/-4.5%/-6%/-7.5%补) 均价止盈3% 止损离第一笔10.5% 拿24h,1836,66,0.97,0.96,,1437,67,0.84,0.87,,1660,69,0.9,1.04,
1分钟 回踩VWAP失衡 补仓6笔(1:1:1:1:1:1，-1.5%/-3%/-4.5%/-6%/-7.5%补) 均价止盈3% 止损离第一笔10.5% 拿72h,1425,77,1.01,0.89,,1101,77,0.79,0.88,,1362,80,0.97,1.05,
1分钟 回踩VWAP失衡 补仓6笔(1:1:1:1:1:1，-1.5%/-3%/-4.5%/-6%/-7.5%补) 均价止盈3% 止损离第一笔13.5% 拿24h,1831,66,0.92,0.89,,1434,67,0.79,0.89,,1657,70,0.91,0.95,
1分钟 回踩VWAP失衡 补仓6笔(1:1:1:1:1:1，-1.5%/-3%/-4.5%/-6%/-7.5%补) 均价止盈3% 止损离第一笔13.5% 拿72h,1400,78,0.96,1.0,,1061,79,0.78,0.82,,1332,82,0.99,0.96,
1分钟 回踩VWAP失衡 补仓6笔(1:1:1:1:1:1，-1.5%/-3%/-4.5%/-6%/-7.5%补) 均价止盈3% 止损离第一笔17.5% 拿24h,1829,66,0.92,0.96,,1431,67,0.76,0.88,,1652,70,0.89,0.92,
1分钟 回踩VWAP失衡 补仓6笔(1:1:1:1:1:1，-1.5%/-3%/-4.5%/-6%/-7.5%补) 均价止盈3% 止损离第一笔17.5% 拿72h,1383,78,0.88,0.79,,1032,79,0.77,0.89,,1303,82,1.0,0.94,
1分钟 回踩VWAP失衡 补仓6笔(1:1:1:1:1:1，-1.5%/-3%/-4.5%/-6%/-7.5%补) 均价止盈5% 止损离第一笔10.5% 拿24h,1725,63,1.04,0.87,,1349,60,0.75,0.88,,1546,63,0.92,1.01,
1分钟 回踩VWAP失衡 补仓6笔(1:1:1:1:1:1，-1.5%/-3%/-4.5%/-6%/-7.5%补) 均价止盈5% 止损离第一笔10.5% 拿72h,1169,69,1.09,0.88,,893,64,0.73,0.81,,1118,70,1.03,1.0,
1分钟 回踩VWAP失衡 补仓6笔(1:1:1:1:1:1，-1.5%/-3%/-4.5%/-6%/-7.5%补) 均价止盈5% 止损离第一笔13.5% 拿24h,1723,63,1.01,0.93,,1344,60,0.72,0.86,,1542,63,0.91,0.94,
1分钟 回踩VWAP失衡 补仓6笔(1:1:1:1:1:1，-1.5%/-3%/-4.5%/-6%/-7.5%补) 均价止盈5% 止损离第一笔13.5% 拿72h,1148,69,1.06,0.93,,861,65,0.74,0.88,,1087,73,1.06,1.04,
1分钟 回踩VWAP失衡 补仓6笔(1:1:1:1:1:1，-1.5%/-3%/-4.5%/-6%/-7.5%补) 均价止盈5% 止损离第一笔17.5% 拿24h,1723,63,0.99,0.89,,1342,60,0.71,0.83,,1539,63,0.88,0.97,
1分钟 回踩VWAP失衡 补仓6笔(1:1:1:1:1:1，-1.5%/-3%/-4.5%/-6%/-7.5%补) 均价止盈5% 止损离第一笔17.5% 拿72h,1135,69,0.94,0.92,,846,64,0.7,0.82,,1073,74,1.07,0.97,
1分钟 回踩VWAP失衡 补仓6笔(1:1:1:1:1:1，-1.5%/-3%/-4.5%/-6%/-7.5%补) 均价止盈8% 止损离第一笔10.5% 拿24h,1677,62,1.01,0.96,,1315,58,0.73,0.9,,1491,61,0.97,0.97,
1分钟 回踩VWAP失衡 补仓6笔(1:1:1:1:1:1，-1.5%/-3%/-4.5%/-6%/-7.5%补) 均价止盈8% 止损离第一笔10.5% 拿72h,1027,64,1.14,0.91,✔,781,59,0.77,0.85,,969,65,1.15,0.95,✔
1分钟 回踩VWAP失衡 补仓6笔(1:1:1:1:1:1，-1.5%/-3%/-4.5%/-6%/-7.5%补) 均价止盈8% 止损离第一笔13.5% 拿24h,1674,62,1.0,0.96,,1310,58,0.69,0.95,,1487,61,0.96,0.97,
1分钟 回踩VWAP失衡 补仓6笔(1:1:1:1:1:1，-1.5%/-3%/-4.5%/-6%/-7.5%补) 均价止盈8% 止损离第一笔13.5% 拿72h,1008,65,1.14,0.92,✔,755,60,0.76,0.81,,941,68,1.19,0.93,✔
1分钟 回踩VWAP失衡 补仓6笔(1:1:1:1:1:1，-1.5%/-3%/-4.5%/-6%/-7.5%补) 均价止盈8% 止损离第一笔17.5% 拿24h,1674,62,0.98,0.89,,1310,58,0.67,0.89,,1484,61,0.91,0.91,
1分钟 回踩VWAP失衡 补仓6笔(1:1:1:1:1:1，-1.5%/-3%/-4.5%/-6%/-7.5%补) 均价止盈8% 止损离第一笔17.5% 拿72h,995,65,1.04,0.82,,742,61,0.74,0.93,,927,69,1.17,0.96,✔
1分钟 回踩VWAP失衡 补仓5笔(1:1:2:2:4，-2%/-4%/-6%/-8%补) 均价止盈1% 止损离第一笔11% 拿24h,2271,85,0.96,0.96,,1820,86,0.65,0.75,,2119,90,0.93,1.01,
1分钟 回踩VWAP失衡 补仓5笔(1:1:2:2:4，-2%/-4%/-6%/-8%补) 均价止盈1% 止损离第一笔11% 拿72h,2096,95,1.17,0.9,,1686,94,0.67,0.83,,2031,96,1.24,1.02,✔
1分钟 回踩VWAP失衡 补仓5笔(1:1:2:2:4，-2%/-4%/-6%/-8%补) 均价止盈1% 止损离第一笔14% 拿24h,2267,85,0.93,0.89,,1817,86,0.6,0.71,,2117,91,0.96,1.06,
1分钟 回踩VWAP失衡 补仓5笔(1:1:2:2:4，-2%/-4%/-6%/-8%补) 均价止盈1% 止损离第一笔14% 拿72h,2081,95,1.09,0.86,,1660,94,0.63,0.82,,2019,97,1.27,0.99,✔
1分钟 回踩VWAP失衡 补仓5笔(1:1:2:2:4，-2%/-4%/-6%/-8%补) 均价止盈1% 止损离第一笔18% 拿24h,2267,85,0.96,0.94,,1812,86,0.55,0.73,,2112,91,1.0,0.94,
1分钟 回踩VWAP失衡 补仓5笔(1:1:2:2:4，-2%/-4%/-6%/-8%补) 均价止盈1% 止损离第一笔18% 拿72h,2069,95,1.04,0.84,,1644,95,0.65,0.84,,2005,97,1.2,1.12,
1分钟 回踩VWAP失衡 补仓5笔(1:1:2:2:4，-2%/-4%/-6%/-8%补) 均价止盈2% 止损离第一笔11% 拿24h,1951,72,0.88,1.03,,1544,74,0.75,0.8,,1800,80,1.0,1.02,
1分钟 回踩VWAP失衡 补仓5笔(1:1:2:2:4，-2%/-4%/-6%/-8%补) 均价止盈2% 止损离第一笔11% 拿72h,1643,88,1.04,0.87,,1291,87,0.83,0.91,,1613,90,1.13,1.08,
1分钟 回踩VWAP失衡 补仓5笔(1:1:2:2:4，-2%/-4%/-6%/-8%补) 均价止盈2% 止损离第一笔14% 拿24h,1947,72,0.83,0.91,,1540,74,0.69,0.75,,1797,80,1.0,1.04,
1分钟 回踩VWAP失衡 补仓5笔(1:1:2:2:4，-2%/-4%/-6%/-8%补) 均价止盈2% 止损离第一笔14% 拿72h,1625,88,1.0,0.9,,1258,88,0.78,0.87,,1586,91,1.04,1.02,
1分钟 回踩VWAP失衡 补仓5笔(1:1:2:2:4，-2%/-4%/-6%/-8%补) 均价止盈2% 止损离第一笔18% 拿24h,1946,72,0.87,0.9,,1536,74,0.63,0.83,,1791,80,1.0,0.99,
1分钟 回踩VWAP失衡 补仓5笔(1:1:2:2:4，-2%/-4%/-6%/-8%补) 均价止盈2% 止损离第一笔18% 拿72h,1610,88,0.99,0.84,,1241,88,0.76,0.89,,1558,91,1.02,1.0,
1分钟 回踩VWAP失衡 补仓5笔(1:1:2:2:4，-2%/-4%/-6%/-8%补) 均价止盈3% 止损离第一笔11% 拿24h,1831,66,0.95,0.9,,1435,67,0.77,0.78,,1660,70,0.89,1.02,
1分钟 回踩VWAP失衡 补仓5笔(1:1:2:2:4，-2%/-4%/-6%/-8%补) 均价止盈3% 止损离第一笔11% 拿72h,1423,81,1.07,0.95,,1099,80,0.75,0.9,,1365,82,0.95,1.02,
1分钟 回踩VWAP失衡 补仓5笔(1:1:2:2:4，-2%/-4%/-6%/-8%补) 均价止盈3% 止损离第一笔14% 拿24h,1826,66,0.91,0.87,,1434,67,0.72,0.78,,1659,71,0.93,1.06,
1分钟 回踩VWAP失衡 补仓5笔(1:1:2:2:4，-2%/-4%/-6%/-8%补) 均价止盈3% 止损离第一笔14% 拿72h,1401,81,1.02,0.92,,1070,81,0.74,0.82,,1338,84,0.96,1.01,
1分钟 回踩VWAP失衡 补仓5笔(1:1:2:2:4，-2%/-4%/-6%/-8%补) 均价止盈3% 止损离第一笔18% 拿24h,1825,66,0.94,0.83,,1430,67,0.67,0.78,,1654,71,0.92,0.98,
1分钟 回踩VWAP失衡 补仓5笔(1:1:2:2:4，-2%/-4%/-6%/-8%补) 均价止盈3% 止损离第一笔18% 拿72h,1390,81,0.93,0.84,,1049,82,0.75,0.81,,1313,84,1.0,0.99,
1分钟 回踩VWAP失衡 补仓5笔(1:1:2:2:4，-2%/-4%/-6%/-8%补) 均价止盈5% 止损离第一笔11% 拿24h,1726,62,1.03,0.96,,1346,60,0.68,0.89,,1540,63,0.88,0.93,
1分钟 回踩VWAP失衡 补仓5笔(1:1:2:2:4，-2%/-4%/-6%/-8%补) 均价止盈5% 止损离第一笔11% 拿72h,1169,72,1.0,0.87,,890,67,0.72,0.81,,1117,73,1.0,0.98,
1分钟 回踩VWAP失衡 补仓5笔(1:1:2:2:4，-2%/-4%/-6%/-8%补) 均价止盈5% 止损离第一笔14% 拿24h,1724,62,0.99,0.9,,1343,61,0.65,0.84,,1537,64,0.9,1.01,
1分钟 回踩VWAP失衡 补仓5笔(1:1:2:2:4，-2%/-4%/-6%/-8%补) 均价止盈5% 止损离第一笔14% 拿72h,1151,72,0.96,0.96,,858,68,0.76,0.88,,1093,75,1.03,0.95,
1分钟 回踩VWAP失衡 补仓5笔(1:1:2:2:4，-2%/-4%/-6%/-8%补) 均价止盈5% 止损离第一笔18% 拿24h,1724,62,0.97,0.87,,1340,61,0.61,0.9,,1535,64,0.87,0.99,
1分钟 回踩VWAP失衡 补仓5笔(1:1:2:2:4，-2%/-4%/-6%/-8%补) 均价止盈5% 止损离第一笔18% 拿72h,1140,72,0.8,0.97,,846,69,0.76,0.81,,1078,76,1.04,0.91,
1分钟 回踩VWAP失衡 补仓5笔(1:1:2:2:4，-2%/-4%/-6%/-8%补) 均价止盈8% 止损离第一笔11% 拿24h,1676,61,1.03,0.93,,1315,59,0.68,0.89,,1489,62,0.91,0.93,
1分钟 回踩VWAP失衡 补仓5笔(1:1:2:2:4，-2%/-4%/-6%/-8%补) 均价止盈8% 止损离第一笔11% 拿72h,1021,68,1.08,0.97,,775,62,0.74,0.82,,964,67,1.09,0.97,
1分钟 回踩VWAP失衡 补仓5笔(1:1:2:2:4，-2%/-4%/-6%/-8%补) 均价止盈8% 止损离第一笔14% 拿24h,1674,61,0.97,0.91,,1311,59,0.65,0.88,,1487,62,0.92,0.86,
1分钟 回踩VWAP失衡 补仓5笔(1:1:2:2:4，-2%/-4%/-6%/-8%补) 均价止盈8% 止损离第一笔14% 拿72h,1007,68,1.01,0.8,,754,63,0.75,0.91,,941,70,1.1,0.94,
1分钟 回踩VWAP失衡 补仓5笔(1:1:2:2:4，-2%/-4%/-6%/-8%补) 均价止盈8% 止损离第一笔18% 拿24h,1674,61,0.95,0.87,,1310,59,0.62,0.81,,1484,62,0.87,0.89,
1分钟 回踩VWAP失衡 补仓5笔(1:1:2:2:4，-2%/-4%/-6%/-8%补) 均价止盈8% 止损离第一笔18% 拿72h,996,68,0.86,0.86,,745,64,0.74,0.88,,927,72,1.05,0.95,
1分钟 回踩VWAP失衡 补仓8笔(1:1:1:1:1:1:1:1，-1%/-2%/-3%/-4%/-5%/-6%/-7%补) 均价止盈1% 止损离第一笔10% 拿24h,2311,87,1.0,0.9,,1875,87,0.64,0.78,,2154,91,0.9,0.95,
1分钟 回踩VWAP失衡 补仓8笔(1:1:1:1:1:1:1:1，-1%/-2%/-3%/-4%/-5%/-6%/-7%补) 均价止盈1% 止损离第一笔10% 拿72h,2157,94,1.12,0.97,✔,1740,93,0.63,0.75,,2071,95,1.01,1.09,
1分钟 回踩VWAP失衡 补仓8笔(1:1:1:1:1:1:1:1，-1%/-2%/-3%/-4%/-5%/-6%/-7%补) 均价止盈1% 止损离第一笔13% 拿24h,2306,87,0.97,0.89,,1864,87,0.63,0.7,,2149,92,0.96,1.0,
1分钟 回踩VWAP失衡 补仓8笔(1:1:1:1:1:1:1:1，-1%/-2%/-3%/-4%/-5%/-6%/-7%补) 均价止盈1% 止损离第一笔13% 拿72h,2128,95,1.09,0.89,,1702,94,0.66,0.74,,2043,96,1.1,0.95,
1分钟 回踩VWAP失衡 补仓8笔(1:1:1:1:1:1:1:1，-1%/-2%/-3%/-4%/-5%/-6%/-7%补) 均价止盈1% 止损离第一笔17% 拿24h,2305,87,0.94,0.89,,1861,87,0.6,0.82,,2142,92,0.96,1.03,
1分钟 回踩VWAP失衡 补仓8笔(1:1:1:1:1:1:1:1，-1%/-2%/-3%/-4%/-5%/-6%/-7%补) 均价止盈1% 止损离第一笔17% 拿72h,2118,95,1.0,0.9,,1682,94,0.65,0.81,,2024,96,1.1,0.96,
1分钟 回踩VWAP失衡 补仓8笔(1:1:1:1:1:1:1:1，-1%/-2%/-3%/-4%/-5%/-6%/-7%补) 均价止盈2% 止损离第一笔10% 拿24h,1969,75,0.99,0.94,,1561,75,0.77,0.84,,1825,81,0.97,1.02,
1分钟 回踩VWAP失衡 补仓8笔(1:1:1:1:1:1:1:1，-1%/-2%/-3%/-4%/-5%/-6%/-7%补) 均价止盈2% 止损离第一笔10% 拿72h,1679,87,1.16,1.02,✔,1324,85,0.78,0.88,,1640,89,1.07,1.05,
1分钟 回踩VWAP失衡 补仓8笔(1:1:1:1:1:1:1:1，-1%/-2%/-3%/-4%/-5%/-6%/-7%补) 均价止盈2% 止损离第一笔13% 拿24h,1964,75,0.96,0.9,,1554,75,0.73,0.81,,1821,81,0.97,0.98,
1分钟 回踩VWAP失衡 补仓8笔(1:1:1:1:1:1:1:1，-1%/-2%/-3%/-4%/-5%/-6%/-7%补) 均价止盈2% 止损离第一笔13% 拿72h,1657,88,1.1,0.95,✔,1274,87,0.82,0.89,,1608,90,1.04,1.01,
1分钟 回踩VWAP失衡 补仓8笔(1:1:1:1:1:1:1:1，-1%/-2%/-3%/-4%/-5%/-6%/-7%补) 均价止盈2% 止损离第一笔17% 拿24h,1962,75,0.95,0.9,,1551,75,0.7,0.77,,1815,81,0.97,0.99,
1分钟 回踩VWAP失衡 补仓8笔(1:1:1:1:1:1:1:1，-1%/-2%/-3%/-4%/-5%/-6%/-7%补) 均价止盈2% 止损离第一笔17% 拿72h,1639,88,1.0,0.92,,1252,87,0.79,0.9,,1571,90,1.01,1.03,
1分钟 回踩VWAP失衡 补仓8笔(1:1:1:1:1:1:1:1，-1%/-2%/-3%/-4%/-5%/-6%/-7%补) 均价止盈3% 止损离第一笔10% 拿24h,1845,68,1.01,0.95,,1451,68,0.84,0.84,,1667,71,0.89,1.07,
1分钟 回踩VWAP失衡 补仓8笔(1:1:1:1:1:1:1:1，-1%/-2%/-3%/-4%/-5%/-6%/-7%补) 均价止盈3% 止损离第一笔10% 拿72h,1445,79,1.07,0.94,,1121,77,0.75,0.86,,1382,81,1.0,0.98,
1分钟 回踩VWAP失衡 补仓8笔(1:1:1:1:1:1:1:1，-1%/-2%/-3%/-4%/-5%/-6%/-7%补) 均价止盈3% 止损离第一笔13% 拿24h,1841,68,0.97,0.9,,1446,68,0.79,0.78,,1661,72,0.89,0.91,
1分钟 回踩VWAP失衡 补仓8笔(1:1:1:1:1:1:1:1，-1%/-2%/-3%/-4%/-5%/-6%/-7%补) 均价止盈3% 止损离第一笔13% 拿72h,1414,79,1.0,0.95,,1080,79,0.75,0.89,,1347,83,1.0,0.94,
1分钟 回踩VWAP失衡 补仓8笔(1:1:1:1:1:1:1:1，-1%/-2%/-3%/-4%/-5%/-6%/-7%补) 均价止盈3% 止损离第一笔17% 拿24h,1839,68,0.96,0.85,,1443,68,0.75,0.81,,1655,72,0.9,1.03,
1分钟 回踩VWAP失衡 补仓8笔(1:1:1:1:1:1:1:1，-1%/-2%/-3%/-4%/-5%/-6%/-7%补) 均价止盈3% 止损离第一笔17% 拿72h,1396,79,0.91,0.86,,1052,79,0.75,0.84,,1318,83,1.0,1.03,
1分钟 回踩VWAP失衡 补仓8笔(1:1:1:1:1:1:1:1，-1%/-2%/-3%/-4%/-5%/-6%/-7%补) 均价止盈5% 止损离第一笔10% 拿24h,1725,64,1.05,0.93,,1354,61,0.76,0.91,,1548,65,0.93,0.95,
1分钟 回踩VWAP失衡 补仓8笔(1:1:1:1:1:1:1:1，-1%/-2%/-3%/-4%/-5%/-6%/-7%补) 均价止盈5% 止损离第一笔10% 拿72h,1183,70,1.09,0.94,,904,65,0.75,0.88,,1138,71,1.05,1.0,
1分钟 回踩VWAP失衡 补仓8笔(1:1:1:1:1:1:1:1，-1%/-2%/-3%/-4%/-5%/-6%/-7%补) 均价止盈5% 止损离第一笔13% 拿24h,1723,65,1.02,0.87,,1348,62,0.73,0.91,,1544,66,0.9,0.99,
1分钟 回踩VWAP失衡 补仓8笔(1:1:1:1:1:1:1:1，-1%/-2%/-3%/-4%/-5%/-6%/-7%补) 均价止盈5% 止损离第一笔13% 拿72h,1155,71,1.05,0.81,,871,66,0.72,0.85,,1092,74,1.06,0.96,
1分钟 回踩VWAP失衡 补仓8笔(1:1:1:1:1:1:1:1，-1%/-2%/-3%/-4%/-5%/-6%/-7%补) 均价止盈5% 止损离第一笔17% 拿24h,1723,65,0.98,0.88,,1346,62,0.72,0.91,,1541,66,0.91,0.96,
1分钟 回踩VWAP失衡 补仓8笔(1:1:1:1:1:1:1:1，-1%/-2%/-3%/-4%/-5%/-6%/-7%补) 均价止盈5% 止损离第一笔17% 拿72h,1144,70,0.91,0.82,,853,66,0.73,0.93,,1079,75,1.1,0.99,✔
1分钟 回踩VWAP失衡 补仓8笔(1:1:1:1:1:1:1:1，-1%/-2%/-3%/-4%/-5%/-6%/-7%补) 均价止盈8% 止损离第一笔10% 拿24h,1677,63,1.03,0.94,,1317,60,0.73,0.91,,1492,63,0.97,1.05,
1分钟 回踩VWAP失衡 补仓8笔(1:1:1:1:1:1:1:1，-1%/-2%/-3%/-4%/-5%/-6%/-7%补) 均价止盈8% 止损离第一笔10% 拿72h,1035,66,1.12,0.91,,787,59,0.75,0.89,,978,65,1.09,0.95,
1分钟 回踩VWAP失衡 补仓8笔(1:1:1:1:1:1:1:1，-1%/-2%/-3%/-4%/-5%/-6%/-7%补) 均价止盈8% 止损离第一笔13% 拿24h,1674,64,1.02,0.92,,1311,60,0.69,0.82,,1489,64,0.94,0.98,
1分钟 回踩VWAP失衡 补仓8笔(1:1:1:1:1:1:1:1，-1%/-2%/-3%/-4%/-5%/-6%/-7%补) 均价止盈8% 止损离第一笔13% 拿72h,1009,67,1.17,0.93,✔,758,60,0.73,0.89,,945,68,1.15,0.94,✔
1分钟 回踩VWAP失衡 补仓8笔(1:1:1:1:1:1:1:1，-1%/-2%/-3%/-4%/-5%/-6%/-7%补) 均价止盈8% 止损离第一笔17% 拿24h,1674,64,0.97,0.9,,1310,60,0.67,0.87,,1485,64,0.93,1.0,
1分钟 回踩VWAP失衡 补仓8笔(1:1:1:1:1:1:1:1，-1%/-2%/-3%/-4%/-5%/-6%/-7%补) 均价止盈8% 止损离第一笔17% 拿72h,998,67,1.06,0.89,,742,61,0.74,0.91,,930,69,1.15,0.89,✔
1分钟 回踩VWAP失衡 补仓6笔(1:1:1:2:2:3，-2%/-4%/-6%/-9%/-12%补) 均价止盈1% 止损离第一笔15% 拿24h,2260,84,0.96,0.85,,1810,85,0.57,0.74,,2107,90,1.02,1.04,
1分钟 回踩VWAP失衡 补仓6笔(1:1:1:2:2:3，-2%/-4%/-6%/-9%/-12%补) 均价止盈1% 止损离第一笔15% 拿72h,2056,94,1.18,0.92,,1636,94,0.6,0.81,,1998,96,1.2,1.09,
1分钟 回踩VWAP失衡 补仓6笔(1:1:1:2:2:3，-2%/-4%/-6%/-9%/-12%补) 均价止盈1% 止损离第一笔18% 拿24h,2260,84,0.98,0.9,,1805,85,0.54,0.82,,2104,90,1.01,1.08,
1分钟 回踩VWAP失衡 补仓6笔(1:1:1:2:2:3，-2%/-4%/-6%/-9%/-12%补) 均价止盈1% 止损离第一笔18% 拿72h,2052,95,1.21,0.84,✔,1624,94,0.59,0.73,,1989,97,1.15,1.03,
1分钟 回踩VWAP失衡 补仓6笔(1:1:1:2:2:3，-2%/-4%/-6%/-9%/-12%补) 均价止盈1% 止损离第一笔22% 拿24h,2260,84,0.97,0.93,,1804,85,0.51,0.69,,2104,90,0.93,1.13,
1分钟 回踩VWAP失衡 补仓6笔(1:1:1:2:2:3，-2%/-4%/-6%/-9%/-12%补) 均价止盈1% 止损离第一笔22% 拿72h,2049,95,1.08,0.84,,1611,94,0.6,0.88,,1986,97,1.08,0.97,
1分钟 回踩VWAP失衡 补仓6笔(1:1:1:2:2:3，-2%/-4%/-6%/-9%/-12%补) 均价止盈2% 止损离第一笔15% 拿24h,1940,71,0.88,0.91,,1536,73,0.69,0.82,,1781,79,1.02,0.95,
1分钟 回踩VWAP失衡 补仓6笔(1:1:1:2:2:3，-2%/-4%/-6%/-9%/-12%补) 均价止盈2% 止损离第一笔15% 拿72h,1601,87,1.06,0.85,,1242,87,0.78,0.85,,1551,90,1.09,1.02,
1分钟 回踩VWAP失衡 补仓6笔(1:1:1:2:2:3，-2%/-4%/-6%/-9%/-12%补) 均价止盈2% 止损离第一笔18% 拿24h,1940,71,0.93,0.84,,1532,73,0.64,0.81,,1778,79,0.99,0.95,
1分钟 回踩VWAP失衡 补仓6笔(1:1:1:2:2:3，-2%/-4%/-6%/-9%/-12%补) 均价止盈2% 止损离第一笔18% 拿72h,1591,87,1.05,0.89,,1228,87,0.74,0.84,,1536,91,1.05,1.03,
1分钟 回踩VWAP失衡 补仓6笔(1:1:1:2:2:3，-2%/-4%/-6%/-9%/-12%补) 均价止盈2% 止损离第一笔22% 拿24h,1940,71,0.92,0.84,,1533,73,0.6,0.83,,1777,79,1.0,0.96,
1分钟 回踩VWAP失衡 补仓6笔(1:1:1:2:2:3，-2%/-4%/-6%/-9%/-12%补) 均价止盈2% 止损离第一笔22% 拿72h,1585,88,0.94,0.82,,1223,87,0.72,0.88,,1532,91,1.0,0.94,
1分钟 回踩VWAP失衡 补仓6笔(1:1:1:2:2:3，-2%/-4%/-6%/-9%/-12%补) 均价止盈3% 止损离第一笔15% 拿24h,1824,65,0.94,0.9,,1431,66,0.72,0.84,,1652,69,0.96,1.03,
1分钟 回踩VWAP失衡 补仓6笔(1:1:1:2:2:3，-2%/-4%/-6%/-9%/-12%补) 均价止盈3% 止损离第一笔15% 拿72h,1382,79,0.99,0.88,,1055,80,0.75,0.82,,1315,83,1.03,0.97,
1分钟 回踩VWAP失衡 补仓6笔(1:1:1:2:2:3，-2%/-4%/-6%/-9%/-12%补) 均价止盈3% 止损离第一笔18% 拿24h,1824,65,0.99,0.87,,1427,66,0.68,0.8,,1650,70,0.93,0.98,
1分钟 回踩VWAP失衡 补仓6笔(1:1:1:2:2:3，-2%/-4%/-6%/-9%/-12%补) 均价止盈3% 止损离第一笔18% 拿72h,1375,80,0.94,0.81,,1038,81,0.75,0.79,,1300,83,1.05,1.0,
1分钟 回踩VWAP失衡 补仓6笔(1:1:1:2:2:3，-2%/-4%/-6%/-9%/-12%补) 均价止盈3% 止损离第一笔22% 拿24h,1824,65,0.97,0.88,,1427,66,0.64,0.82,,1647,70,0.94,0.91,
1分钟 回踩VWAP失衡 补仓6笔(1:1:1:2:2:3，-2%/-4%/-6%/-9%/-12%补) 均价止盈3% 止损离第一笔22% 拿72h,1365,80,0.94,0.73,,1033,81,0.71,0.87,,1292,84,1.1,1.05,
1分钟 回踩VWAP失衡 补仓6笔(1:1:1:2:2:3，-2%/-4%/-6%/-9%/-12%补) 均价止盈5% 止损离第一笔15% 拿24h,1723,62,0.98,0.91,,1342,59,0.66,0.8,,1536,62,0.92,1.0,
1分钟 回踩VWAP失衡 补仓6笔(1:1:1:2:2:3，-2%/-4%/-6%/-9%/-12%补) 均价止盈5% 止损离第一笔15% 拿72h,1141,71,0.93,0.9,,850,67,0.76,0.92,,1084,73,1.06,1.03,
1分钟 回踩VWAP失衡 补仓6笔(1:1:1:2:2:3，-2%/-4%/-6%/-9%/-12%补) 均价止盈5% 止损离第一笔18% 拿24h,1723,62,0.98,0.94,,1339,59,0.63,0.9,,1534,63,0.91,0.95,
1分钟 回踩VWAP失衡 补仓6笔(1:1:1:2:2:3，-2%/-4%/-6%/-9%/-12%补) 均价止盈5% 止损离第一笔18% 拿72h,1133,71,0.81,0.79,,842,67,0.76,0.88,,1074,74,1.08,0.96,
1分钟 回踩VWAP失衡 补仓6笔(1:1:1:2:2:3，-2%/-4%/-6%/-9%/-12%补) 均价止盈5% 止损离第一笔22% 拿24h,1722,62,1.01,0.93,,1340,59,0.59,0.82,,1532,63,0.93,0.86,
1分钟 回踩VWAP失衡 补仓6笔(1:1:1:2:2:3，-2%/-4%/-6%/-9%/-12%补) 均价止盈5% 止损离第一笔22% 拿72h,1125,71,0.77,0.75,,842,67,0.72,0.88,,1063,75,1.16,0.96,✔
1分钟 回踩VWAP失衡 补仓6笔(1:1:1:2:2:3，-2%/-4%/-6%/-9%/-12%补) 均价止盈8% 止损离第一笔15% 拿24h,1673,60,0.95,0.86,,1310,57,0.65,0.9,,1486,61,0.96,0.91,
1分钟 回踩VWAP失衡 补仓6笔(1:1:1:2:2:3，-2%/-4%/-6%/-9%/-12%补) 均价止盈8% 止损离第一笔15% 拿72h,1003,67,0.97,0.91,,748,62,0.78,0.87,,934,69,1.1,0.96,
1分钟 回踩VWAP失衡 补仓6笔(1:1:1:2:2:3，-2%/-4%/-6%/-9%/-12%补) 均价止盈8% 止损离第一笔18% 拿24h,1673,60,0.95,0.98,,1309,57,0.61,0.99,,1485,61,0.92,0.96,
1分钟 回踩VWAP失衡 补仓6笔(1:1:1:2:2:3，-2%/-4%/-6%/-9%/-12%补) 均价止盈8% 止损离第一笔18% 拿72h,996,67,0.86,0.85,,741,62,0.74,0.98,,925,69,1.11,0.98,✔
1分钟 回踩VWAP失衡 补仓6笔(1:1:1:2:2:3，-2%/-4%/-6%/-9%/-12%补) 均价止盈8% 止损离第一笔22% 拿24h,1672,61,0.99,0.89,,1309,57,0.56,0.93,,1483,61,0.92,0.97,
1分钟 回踩VWAP失衡 补仓6笔(1:1:1:2:2:3，-2%/-4%/-6%/-9%/-12%补) 均价止盈8% 止损离第一笔22% 拿72h,989,67,0.81,0.74,,737,63,0.71,0.81,,911,70,1.16,0.91,✔
5分钟 关键位吸收 原版止损 止盈1倍 拿2h,1146,51,0.72,0.68,,828,46,0.59,0.64,,1115,49,0.7,0.71,
5分钟 关键位吸收 原版止损 止盈1倍 拿12h,1145,53,0.75,0.63,,828,46,0.6,0.69,,1114,50,0.71,0.66,
5分钟 关键位吸收 原版止损 止盈2倍 拿2h,1125,36,0.74,0.67,,816,31,0.63,0.61,,1096,36,0.76,0.72,
5分钟 关键位吸收 原版止损 止盈2倍 拿12h,1115,36,0.81,0.74,,815,30,0.64,0.67,,1092,34,0.77,0.73,
5分钟 关键位吸收 原版止损 止盈3倍 拿2h,1123,34,0.77,0.62,,814,26,0.63,0.68,,1088,31,0.75,0.7,
5分钟 关键位吸收 原版止损 止盈3倍 拿12h,1091,28,0.82,0.76,,813,22,0.66,0.72,,1079,25,0.76,0.73,
5分钟 关键位吸收 止损2% 止盈不设 拿4h,1032,48,0.96,0.82,,761,44,0.95,0.79,,1008,44,0.85,0.87,
5分钟 关键位吸收 止损2% 止盈不设 拿12h,949,44,0.89,0.85,,716,40,0.95,0.89,,940,44,1.04,0.85,
5分钟 关键位吸收 止损2% 止盈不设 拿24h,875,39,0.92,0.94,,674,39,0.98,1.04,,866,39,1.07,0.87,
5分钟 关键位吸收 止损2% 止盈不设 拿48h,760,32,0.86,0.94,,605,30,0.89,0.97,,771,30,0.98,0.85,
5分钟 关键位吸收 止损2% 止盈1% 拿4h,1047,53,0.89,0.92,,770,52,0.81,0.83,,1030,55,0.91,0.85,
5分钟 关键位吸收 止损2% 止盈1% 拿12h,987,60,0.89,0.89,,742,61,0.86,0.97,,986,65,0.99,0.88,
5分钟 关键位吸收 止损2% 止盈1% 拿24h,958,63,0.91,0.95,,731,65,0.89,0.81,,964,68,1.03,0.84,
5分钟 关键位吸收 止损2% 止盈1% 拿48h,922,65,0.9,0.91,,719,65,0.87,0.91,,949,69,1.01,0.87,
5分钟 关键位吸收 止损2% 止盈2% 拿4h,1035,49,0.95,0.79,,762,46,0.9,0.84,,1016,46,0.86,0.82,
5分钟 关键位吸收 止损2% 止盈2% 拿12h,963,49,0.91,0.96,,722,47,0.88,0.86,,955,51,0.96,0.88,
5分钟 关键位吸收 止损2% 止盈2% 拿24h,910,49,0.93,0.89,,699,50,0.92,0.87,,921,52,1.01,0.94,
5分钟 关键位吸收 止损2% 止盈2% 拿48h,853,50,0.93,0.93,,676,49,0.9,0.97,,890,51,0.97,0.89,
5分钟 关键位吸收 止损2% 止盈3% 拿4h,1033,48,0.99,0.85,,762,45,0.95,0.84,,1010,45,0.86,0.88,
5分钟 关键位吸收 止损2% 止盈3% 拿12h,953,46,0.94,0.94,,720,44,0.93,0.89,,943,46,0.99,0.94,
5分钟 关键位吸收 止损2% 止盈3% 拿24h,890,44,0.96,0.94,,691,44,0.98,0.96,,893,45,1.04,0.98,
5分钟 关键位吸收 止损2% 止盈3% 拿48h,813,42,0.97,0.88,,659,42,0.96,0.92,,847,42,1.0,0.95,
5分钟 关键位吸收 止损2% 止盈5% 拿4h,1032,48,0.99,0.74,,761,44,0.95,0.89,,1008,44,0.86,0.86,
5分钟 关键位吸收 止损2% 止盈5% 拿12h,949,44,0.88,0.93,,716,41,0.93,0.85,,942,44,1.02,0.86,
5分钟 关键位吸收 止损2% 止盈5% 拿24h,879,40,0.92,0.89,,680,40,1.02,1.01,,875,40,1.04,0.95,
5分钟 关键位吸收 止损2% 止盈5% 拿48h,784,34,0.91,0.9,,631,34,1.01,0.92,,806,35,1.02,0.93,
5分钟 关键位吸收 止损2% 止盈8% 拿4h,1032,48,0.96,0.82,,761,44,0.96,0.86,,1008,44,0.86,0.9,
5分钟 关键位吸收 止损2% 止盈8% 拿12h,949,44,0.88,0.81,,716,40,0.94,0.9,,940,44,1.01,0.9,
5分钟 关键位吸收 止损2% 止盈8% 拿24h,876,40,0.91,0.9,,675,39,0.99,0.96,,868,39,1.06,0.85,
5分钟 关键位吸收 止损2% 止盈8% 拿48h,768,32,0.86,1.0,,614,30,0.95,0.84,,785,32,1.0,0.95,
5分钟 关键位吸收 止损3% 止盈不设 拿4h,1031,48,0.95,0.78,,758,46,0.94,0.83,,1007,45,0.9,0.77,
5分钟 关键位吸收 止损3% 止盈不设 拿12h,946,47,0.9,0.86,,710,44,0.9,0.83,,932,49,1.1,0.98,
5分钟 关键位吸收 止损3% 止盈不设 拿24h,856,46,1.0,0.93,,661,44,0.93,0.92,,838,44,1.04,1.01,
5分钟 关键位吸收 止损3% 止盈不设 拿48h,723,38,0.84,0.99,,573,37,0.95,0.98,,722,40,0.97,1.03,
5分钟 关键位吸收 止损3% 止盈1% 拿4h,1046,53,0.89,0.81,,767,53,0.81,0.83,,1029,56,0.96,0.94,
5分钟 关键位吸收 止损3% 止盈1% 拿12h,984,63,0.92,0.87,,736,64,0.84,0.85,,981,70,1.07,0.91,
5分钟 关键位吸收 止损3% 止盈1% 拿24h,947,70,1.01,0.92,,721,70,0.87,0.86,,949,75,1.15,0.93,✔
5分钟 关键位吸收 止损3% 止盈1% 拿48h,901,73,0.98,0.91,,704,72,0.86,0.84,,929,78,1.15,0.98,✔
5分钟 关键位吸收 止损3% 止盈2% 拿4h,1034,49,0.94,0.82,,759,47,0.9,0.87,,1014,48,0.93,0.91,
5分钟 关键位吸收 止损3% 止盈2% 拿12h,960,52,0.92,0.9,,716,51,0.86,0.83,,947,57,1.05,0.89,
5分钟 关键位吸收 止损3% 止盈2% 拿24h,895,54,0.96,0.94,,688,55,0.88,0.94,,896,60,1.09,0.92,
5分钟 关键位吸收 止损3% 止盈2% 拿48h,823,57,0.94,0.97,,655,58,0.91,0.86,,847,62,1.08,0.98,
5分钟 关键位吸收 止损3% 止盈3% 拿4h,1032,48,0.98,0.83,,759,46,0.94,0.86,,1009,46,0.93,0.9,
5分钟 关键位吸收 止损3% 止盈3% 拿12h,950,49,0.94,0.9,,714,47,0.9,0.84,,935,52,1.07,0.93,
5分钟 关键位吸收 止损3% 止盈3% 拿24h,875,50,0.99,0.94,,677,50,0.95,0.82,,868,52,1.09,0.99,
5分钟 关键位吸收 止损3% 止盈3% 拿48h,784,49,0.97,0.87,,631,50,0.96,0.92,,802,53,1.06,1.0,
5分钟 关键位吸收 止损3% 止盈5% 拿4h,1031,48,0.98,0.88,,758,46,0.93,0.83,,1007,45,0.91,0.83,
5分钟 关键位吸收 止损3% 止盈5% 拿12h,946,48,0.89,0.84,,710,44,0.89,0.89,,934,50,1.09,0.93,
5分钟 关键位吸收 止损3% 止盈5% 拿24h,861,47,1.0,0.9,,667,45,0.95,0.87,,848,46,1.04,0.94,
5分钟 关键位吸收 止损3% 止盈5% 拿48h,752,41,0.92,0.97,,598,42,0.98,0.87,,759,43,1.01,0.94,
5分钟 关键位吸收 止损3% 止盈8% 拿4h,1031,48,0.95,0.84,,758,46,0.94,0.81,,1007,45,0.91,0.88,
5分钟 关键位吸收 止损3% 止盈8% 拿12h,946,47,0.89,0.88,,710,44,0.89,0.92,,932,49,1.06,0.94,
5分钟 关键位吸收 止损3% 止盈8% 拿24h,857,46,0.99,0.9,,662,44,0.93,0.84,,839,44,1.02,0.91,
5分钟 关键位吸收 止损3% 止盈8% 拿48h,734,39,0.87,0.97,,582,38,0.95,0.96,,738,40,0.98,0.89,
5分钟 关键位吸收 止损5% 止盈不设 拿4h,1029,48,0.96,0.84,,758,46,0.89,0.84,,1006,46,0.91,0.94,
5分钟 关键位吸收 止损5% 止盈不设 拿12h,941,49,0.95,0.91,,708,45,0.88,1.0,,926,51,1.09,0.94,
5分钟 关键位吸收 止损5% 止盈不设 拿24h,845,50,1.04,0.93,,644,48,0.92,0.9,,812,50,1.12,1.06,
5分钟 关键位吸收 止损5% 止盈不设 拿48h,688,45,0.9,1.04,,543,44,0.88,0.91,,663,50,1.06,0.9,
5分钟 关键位吸收 止损5% 止盈1% 拿4h,1044,54,0.91,0.88,,767,53,0.75,0.84,,1028,56,0.96,0.89,
5分钟 关键位吸收 止损5% 止盈1% 拿12h,980,64,0.94,0.93,,734,66,0.8,0.87,,974,72,1.08,0.97,
5分钟 关键位吸收 止损5% 止盈1% 拿24h,940,73,1.06,0.96,,710,73,0.86,0.86,,931,79,1.18,0.9,✔
5分钟 关键位吸收 止损5% 止盈1% 拿48h,880,79,1.04,1.02,,686,79,0.82,0.82,,899,83,1.17,0.96,✔
5分钟 关键位吸收 止损5% 止盈2% 拿4h,1032,49,0.95,0.86,,759,47,0.85,0.92,,1013,48,0.92,0.85,
5分钟 关键位吸收 止损5% 止盈2% 拿12h,956,54,0.96,0.9,,714,52,0.82,0.87,,941,59,1.04,0.98,
5分钟 关键位吸收 止损5% 止盈2% 拿24h,885,57,0.99,0.97,,672,58,0.84,0.94,,875,64,1.13,0.95,✔
5分钟 关键位吸收 止损5% 止盈2% 拿48h,790,64,1.0,1.01,,630,65,0.87,0.88,,805,71,1.19,0.95,✔
5分钟 关键位吸收 止损5% 止盈3% 拿4h,1030,48,0.99,0.89,,759,46,0.89,0.83,,1008,46,0.93,0.91,
5分钟 关键位吸收 止损5% 止盈3% 拿12h,945,51,1.0,0.86,,712,49,0.86,0.88,,929,54,1.07,0.98,
5分钟 关键位吸收 止损5% 止盈3% 拿24h,865,53,1.05,0.94,,660,53,0.9,0.93,,847,57,1.16,0.95,✔
5分钟 关键位吸收 止损5% 止盈3% 拿48h,752,57,1.08,0.95,,604,57,0.91,0.89,,754,62,1.13,0.97,✔
5分钟 关键位吸收 止损5% 止盈5% 拿4h,1029,48,0.98,0.85,,758,46,0.89,0.87,,1006,46,0.91,0.92,
5分钟 关键位吸收 止损5% 止盈5% 拿12h,941,49,0.94,0.95,,708,45,0.86,0.87,,928,52,1.12,0.89,
5分钟 关键位吸收 止损5% 止盈5% 拿24h,849,50,1.05,0.94,,650,49,0.94,0.97,,822,52,1.15,0.87,✔
5分钟 关键位吸收 止损5% 止盈5% 拿48h,715,48,0.99,0.93,,567,49,0.92,0.84,,706,55,1.14,0.96,✔
5分钟 关键位吸收 止损5% 止盈8% 拿4h,1029,48,0.96,0.83,,758,46,0.89,0.79,,1006,46,0.92,0.91,
5分钟 关键位吸收 止损5% 止盈8% 拿12h,941,49,0.95,0.95,,708,45,0.87,0.95,,926,51,1.08,0.94,
5分钟 关键位吸收 止损5% 止盈8% 拿24h,846,50,1.04,0.92,,645,48,0.91,0.91,,813,50,1.12,0.96,✔
5分钟 关键位吸收 止损5% 止盈8% 拿48h,697,46,0.91,0.91,,549,45,0.88,0.96,,681,51,1.1,0.95,✔
5分钟 关键位吸收 补仓3笔(1:1:1，-2%/-4%补) 均价止盈1% 止损离第一笔10% 拿24h,939,78,0.98,0.87,,716,83,0.86,0.83,,937,87,1.14,0.89,✔
5分钟 关键位吸收 补仓3笔(1:1:1，-2%/-4%补) 均价止盈1% 止损离第一笔10% 拿72h,839,90,1.05,0.93,,678,90,0.76,0.81,,892,95,1.22,1.04,✔
5分钟 关键位吸收 补仓3笔(1:1:1，-2%/-4%补) 均价止盈1% 止损离第一笔15% 拿24h,939,78,0.99,0.92,,716,83,0.86,0.82,,937,87,1.09,0.93,
5分钟 关键位吸收 补仓3笔(1:1:1，-2%/-4%补) 均价止盈1% 止损离第一笔15% 拿72h,834,90,0.97,0.91,,672,91,0.69,0.81,,888,95,1.21,0.93,✔
5分钟 关键位吸收 补仓3笔(1:1:1，-2%/-4%补) 均价止盈2% 止损离第一笔10% 拿24h,885,64,1.01,0.89,,672,69,0.83,0.75,,870,74,1.02,0.96,
5分钟 关键位吸收 补仓3笔(1:1:1，-2%/-4%补) 均价止盈2% 止损离第一笔10% 拿72h,716,77,0.98,0.93,,601,80,0.86,0.87,,758,85,1.01,0.94,
5分钟 关键位吸收 补仓3笔(1:1:1，-2%/-4%补) 均价止盈2% 止损离第一笔15% 拿24h,885,64,1.01,0.98,,672,69,0.84,0.95,,869,74,1.02,0.86,
5分钟 关键位吸收 补仓3笔(1:1:1，-2%/-4%补) 均价止盈2% 止损离第一笔15% 拿72h,711,77,0.92,0.94,,595,81,0.77,0.89,,749,86,1.08,1.06,
5分钟 关键位吸收 补仓3笔(1:1:1，-2%/-4%补) 均价止盈3% 止损离第一笔10% 拿24h,862,59,0.99,1.03,,660,64,0.87,0.85,,838,67,1.07,0.94,
5分钟 关键位吸收 补仓3笔(1:1:1，-2%/-4%补) 均价止盈3% 止损离第一笔10% 拿72h,659,69,0.9,1.03,,560,74,0.91,0.84,,677,76,1.01,0.94,
5分钟 关键位吸收 补仓3笔(1:1:1，-2%/-4%补) 均价止盈3% 止损离第一笔15% 拿24h,862,59,0.97,1.02,,660,64,0.9,0.82,,837,67,1.04,0.91,
5分钟 关键位吸收 补仓3笔(1:1:1，-2%/-4%补) 均价止盈3% 止损离第一笔15% 拿72h,653,69,0.86,0.91,,554,75,0.85,0.79,,666,77,1.04,0.97,
5分钟 关键位吸收 补仓3笔(1:1:1，-3%/-6%补) 均价止盈1% 止损离第一笔10% 拿24h,939,77,1.02,0.95,,712,80,0.9,0.85,,930,84,1.03,1.0,
5分钟 关键位吸收 补仓3笔(1:1:1，-3%/-6%补) 均价止盈1% 止损离第一笔10% 拿72h,827,89,1.12,0.95,,669,91,0.9,0.77,,870,94,1.11,0.98,
5分钟 关键位吸收 补仓3笔(1:1:1，-3%/-6%补) 均价止盈1% 止损离第一笔15% 拿24h,939,77,1.03,0.93,,712,80,0.91,0.85,,929,84,0.98,0.84,
5分钟 关键位吸收 补仓3笔(1:1:1，-3%/-6%补) 均价止盈1% 止损离第一笔15% 拿72h,822,89,1.01,0.89,,665,91,0.89,0.81,,863,95,1.12,0.96,
5分钟 关键位吸收 补仓3笔(1:1:1，-3%/-6%补) 均价止盈2% 止损离第一笔10% 拿24h,882,61,0.99,0.96,,672,66,0.82,0.85,,868,71,1.04,0.99,
5分钟 关键位吸收 补仓3笔(1:1:1，-3%/-6%补) 均价止盈2% 止损离第一笔10% 拿72h,708,76,1.01,1.02,,599,81,0.88,0.85,,748,84,1.04,1.02,
5分钟 关键位吸收 补仓3笔(1:1:1，-3%/-6%补) 均价止盈2% 止损离第一笔15% 拿24h,882,61,0.99,0.85,,672,66,0.86,0.84,,867,71,1.04,1.05,
5分钟 关键位吸收 补仓3笔(1:1:1，-3%/-6%补) 均价止盈2% 止损离第一笔15% 拿72h,704,76,0.92,0.95,,593,81,0.79,0.84,,739,86,1.11,0.89,✔
5分钟 关键位吸收 补仓3笔(1:1:1，-3%/-6%补) 均价止盈3% 止损离第一笔10% 拿24h,862,57,1.01,0.95,,659,60,0.92,0.88,,835,65,1.12,1.05,
5分钟 关键位吸收 补仓3笔(1:1:1，-3%/-6%补) 均价止盈3% 止损离第一笔10% 拿72h,661,68,0.95,0.95,,557,74,0.92,0.82,,677,77,1.03,1.07,
5分钟 关键位吸收 补仓3笔(1:1:1，-3%/-6%补) 均价止盈3% 止损离第一笔15% 拿24h,862,57,0.99,0.92,,659,60,0.95,0.83,,834,65,1.09,0.98,
5分钟 关键位吸收 补仓3笔(1:1:1，-3%/-6%补) 均价止盈3% 止损离第一笔15% 拿72h,657,68,0.9,0.96,,552,74,0.87,0.87,,666,78,1.06,0.99,
5分钟 关键位吸收 补仓3笔(1:1:2，-3%/-6%补) 均价止盈1% 止损离第一笔10% 拿24h,940,77,0.98,1.01,,712,80,0.86,0.8,,930,84,1.0,0.96,
5分钟 关键位吸收 补仓3笔(1:1:2，-3%/-6%补) 均价止盈1% 止损离第一笔10% 拿72h,833,90,1.17,1.01,✔,670,91,0.87,0.81,,871,94,1.04,1.06,
5分钟 关键位吸收 补仓3笔(1:1:2，-3%/-6%补) 均价止盈1% 止损离第一笔15% 拿24h,940,77,1.0,0.88,,712,80,0.86,0.86,,929,84,0.96,1.09,
5分钟 关键位吸收 补仓3笔(1:1:2，-3%/-6%补) 均价止盈1% 止损离第一笔15% 拿72h,828,90,1.05,0.78,,666,92,0.84,0.82,,864,95,1.02,1.04,
5分钟 关键位吸收 补仓3笔(1:1:2，-3%/-6%补) 均价止盈2% 止损离第一笔10% 拿24h,883,62,0.99,0.99,,672,67,0.86,0.83,,869,72,1.06,0.95,
5分钟 关键位吸收 补仓3笔(1:1:2，-3%/-6%补) 均价止盈2% 止损离第一笔10% 拿72h,713,77,1.03,1.07,,600,83,0.94,0.86,,754,86,1.09,0.93,
5分钟 关键位吸收 补仓3笔(1:1:2，-3%/-6%补) 均价止盈2% 止损离第一笔15% 拿24h,883,62,0.98,0.96,,672,67,0.91,0.87,,868,72,1.05,1.02,
5分钟 关键位吸收 补仓3笔(1:1:2，-3%/-6%补) 均价止盈2% 止损离第一笔15% 拿72h,709,77,0.91,1.1,,595,83,0.84,0.94,,745,88,1.12,1.03,
5分钟 关键位吸收 补仓3笔(1:1:2，-3%/-6%补) 均价止盈3% 止损离第一笔10% 拿24h,862,58,0.98,0.91,,659,61,0.91,0.81,,835,67,1.16,0.92,✔
5分钟 关键位吸收 补仓3笔(1:1:2，-3%/-6%补) 均价止盈3% 止损离第一笔10% 拿72h,663,69,0.94,1.03,,561,76,0.95,0.9,,678,78,1.04,0.93,
5分钟 关键位吸收 补仓3笔(1:1:2，-3%/-6%补) 均价止盈3% 止损离第一笔15% 拿24h,862,58,0.96,0.95,,659,61,0.95,0.84,,834,67,1.12,1.1,
5分钟 关键位吸收 补仓3笔(1:1:2，-3%/-6%补) 均价止盈3% 止损离第一笔15% 拿72h,659,70,0.89,0.89,,556,77,0.89,0.95,,667,80,1.07,0.93,
5分钟 关键位吸收 补仓4笔(1:1:1:1，-2%/-4%/-6%补) 均价止盈1% 止损离第一笔10% 拿24h,940,79,0.98,0.97,,716,84,0.93,0.8,,937,87,1.12,1.09,
5分钟 关键位吸收 补仓4笔(1:1:1:1，-2%/-4%/-6%补) 均价止盈1% 止损离第一笔10% 拿72h,843,91,1.14,1.16,,680,92,0.88,1.0,,893,95,1.17,0.91,✔
5分钟 关键位吸收 补仓4笔(1:1:1:1，-2%/-4%/-6%补) 均价止盈1% 止损离第一笔15% 拿24h,940,79,1.0,0.82,,716,84,0.93,0.79,,937,87,1.05,0.92,
5分钟 关键位吸收 补仓4笔(1:1:1:1，-2%/-4%/-6%补) 均价止盈1% 止损离第一笔15% 拿72h,838,91,1.04,0.92,,675,93,0.83,0.97,,889,96,1.12,1.04,
5分钟 关键位吸收 补仓4笔(1:1:1:1，-2%/-4%/-6%补) 均价止盈2% 止损离第一笔10% 拿24h,885,64,0.98,1.03,,672,70,0.82,0.94,,870,74,1.03,1.04,
5分钟 关键位吸收 补仓4笔(1:1:1:1，-2%/-4%/-6%补) 均价止盈2% 止损离第一笔10% 拿72h,719,79,1.0,0.93,,603,83,0.86,0.85,,759,86,1.03,1.01,
5分钟 关键位吸收 补仓4笔(1:1:1:1，-2%/-4%/-6%补) 均价止盈2% 止损离第一笔15% 拿24h,885,64,0.99,0.9,,672,70,0.84,0.86,,869,74,1.04,1.02,
5分钟 关键位吸收 补仓4笔(1:1:1:1，-2%/-4%/-6%补) 均价止盈2% 止损离第一笔15% 拿72h,715,79,0.93,0.93,,597,83,0.76,0.86,,750,87,1.11,1.01,
5分钟 关键位吸收 补仓4笔(1:1:1:1，-2%/-4%/-6%补) 均价止盈3% 止损离第一笔10% 拿24h,862,59,0.97,0.93,,660,64,0.87,0.84,,838,67,1.06,0.96,
5分钟 关键位吸收 补仓4笔(1:1:1:1，-2%/-4%/-6%补) 均价止盈3% 止损离第一笔10% 拿72h,661,70,0.9,0.92,,561,76,0.88,0.89,,681,77,0.97,0.95,
5分钟 关键位吸收 补仓4笔(1:1:1:1，-2%/-4%/-6%补) 均价止盈3% 止损离第一笔15% 拿24h,862,59,0.95,0.94,,660,64,0.9,0.87,,837,68,1.03,0.88,
5分钟 关键位吸收 补仓4笔(1:1:1:1，-2%/-4%/-6%补) 均价止盈3% 止损离第一笔15% 拿72h,656,70,0.85,0.93,,556,76,0.81,0.83,,670,79,1.02,0.9,
5分钟 关键位吸收 补仓5笔(1:1:1:1:1，-2%/-4%/-6%/-8%补) 均价止盈1% 止损离第一笔11% 拿24h,940,79,0.93,0.91,,716,84,0.91,0.77,,937,87,1.07,0.86,
5分钟 关键位吸收 补仓5笔(1:1:1:1:1，-2%/-4%/-6%/-8%补) 均价止盈1% 止损离第一笔11% 拿72h,845,91,1.05,0.85,,679,93,0.87,0.9,,891,96,1.14,1.08,
5分钟 关键位吸收 补仓5笔(1:1:1:1:1，-2%/-4%/-6%/-8%补) 均价止盈1% 止损离第一笔14% 拿24h,940,79,0.97,1.0,,716,84,0.88,0.69,,937,87,1.06,0.92,
5分钟 关键位吸收 补仓5笔(1:1:1:1:1，-2%/-4%/-6%/-8%补) 均价止盈1% 止损离第一笔14% 拿72h,841,92,1.01,0.82,,677,93,0.81,0.73,,890,96,1.15,0.88,✔
5分钟 关键位吸收 补仓5笔(1:1:1:1:1，-2%/-4%/-6%/-8%补) 均价止盈1% 止损离第一笔18% 拿24h,940,79,0.99,0.94,,716,84,0.87,0.65,,937,87,1.01,1.08,
5分钟 关键位吸收 补仓5笔(1:1:1:1:1，-2%/-4%/-6%/-8%补) 均价止盈1% 止损离第一笔18% 拿72h,840,92,1.03,0.87,,675,93,0.85,0.86,,889,96,1.06,1.17,
5分钟 关键位吸收 补仓5笔(1:1:1:1:1，-2%/-4%/-6%/-8%补) 均价止盈2% 止损离第一笔11% 拿24h,885,64,0.97,1.01,,672,70,0.81,0.83,,869,74,1.01,0.95,
5分钟 关键位吸收 补仓5笔(1:1:1:1:1，-2%/-4%/-6%/-8%补) 均价止盈2% 止损离第一笔11% 拿72h,719,79,0.98,0.96,,603,83,0.82,0.76,,754,86,1.02,1.04,
5分钟 关键位吸收 补仓5笔(1:1:1:1:1，-2%/-4%/-6%/-8%补) 均价止盈2% 止损离第一笔14% 拿24h,885,64,0.99,0.98,,672,70,0.83,0.87,,869,74,1.04,0.96,
5分钟 关键位吸收 补仓5笔(1:1:1:1:1，-2%/-4%/-6%/-8%补) 均价止盈2% 止损离第一笔14% 拿72h,716,79,0.92,0.96,,600,84,0.79,0.88,,751,87,1.01,1.02,
5分钟 关键位吸收 补仓5笔(1:1:1:1:1，-2%/-4%/-6%/-8%补) 均价止盈2% 止损离第一笔18% 拿24h,885,64,1.01,0.95,,672,70,0.82,0.87,,869,74,1.02,0.93,
5分钟 关键位吸收 补仓5笔(1:1:1:1:1，-2%/-4%/-6%/-8%补) 均价止盈2% 止损离第一笔18% 拿72h,715,80,0.98,0.94,,597,84,0.75,1.04,,750,87,0.99,1.08,
5分钟 关键位吸收 补仓5笔(1:1:1:1:1，-2%/-4%/-6%/-8%补) 均价止盈3% 止损离第一笔11% 拿24h,862,59,0.94,0.94,,660,64,0.87,0.86,,837,68,1.05,0.93,
5分钟 关键位吸收 补仓5笔(1:1:1:1:1，-2%/-4%/-6%/-8%补) 均价止盈3% 止损离第一笔11% 拿72h,661,71,0.9,0.98,,560,76,0.83,0.85,,675,78,0.97,1.05,
5分钟 关键位吸收 补仓5笔(1:1:1:1:1，-2%/-4%/-6%/-8%补) 均价止盈3% 止损离第一笔14% 拿24h,862,59,0.94,0.94,,660,64,0.89,0.75,,837,68,1.03,0.86,
5分钟 关键位吸收 补仓5笔(1:1:1:1:1，-2%/-4%/-6%/-8%补) 均价止盈3% 止损离第一笔14% 拿72h,658,71,0.82,0.95,,557,77,0.81,0.82,,671,79,0.94,1.08,
5分钟 关键位吸收 补仓5笔(1:1:1:1:1，-2%/-4%/-6%/-8%补) 均价止盈3% 止损离第一笔18% 拿24h,862,59,0.96,0.96,,660,64,0.89,0.9,,837,68,1.03,0.98,
5分钟 关键位吸收 补仓5笔(1:1:1:1:1，-2%/-4%/-6%/-8%补) 均价止盈3% 止损离第一笔18% 拿72h,656,71,0.86,0.93,,554,77,0.8,0.82,,670,79,0.99,0.88,
5分钟 关键位吸收 补仓5笔(1:1:1:1:1，-2%/-4%/-6%/-8%补) 均价止盈5% 止损离第一笔11% 拿24h,845,56,0.99,0.92,,649,61,0.94,0.87,,810,63,1.1,0.98,
5分钟 关键位吸收 补仓5笔(1:1:1:1:1，-2%/-4%/-6%/-8%补) 均价止盈5% 止损离第一笔11% 拿72h,607,62,0.93,1.01,,500,67,0.83,0.82,,605,70,1.11,1.08,
5分钟 关键位吸收 补仓5笔(1:1:1:1:1，-2%/-4%/-6%/-8%补) 均价止盈5% 止损离第一笔14% 拿24h,845,56,0.99,0.92,,649,61,0.96,0.84,,810,63,1.09,0.92,
5分钟 关键位吸收 补仓5笔(1:1:1:1:1，-2%/-4%/-6%/-8%补) 均价止盈5% 止损离第一笔14% 拿72h,605,62,0.9,1.05,,496,68,0.83,0.78,,601,70,1.06,0.97,
5分钟 关键位吸收 补仓5笔(1:1:1:1:1，-2%/-4%/-6%/-8%补) 均价止盈5% 止损离第一笔18% 拿24h,845,56,1.01,1.01,,649,61,0.96,1.02,,810,63,1.09,0.94,
5分钟 关键位吸收 补仓5笔(1:1:1:1:1，-2%/-4%/-6%/-8%补) 均价止盈5% 止损离第一笔18% 拿72h,604,62,0.92,0.9,,495,68,0.8,0.9,,600,71,1.13,0.9,✔
5分钟 关键位吸收 补仓5笔(1:1:1:1:1，-2%/-4%/-6%/-8%补) 均价止盈8% 止损离第一笔11% 拿24h,842,56,1.0,0.99,,642,60,0.89,0.82,,800,61,1.07,0.96,
5分钟 关键位吸收 补仓5笔(1:1:1:1:1，-2%/-4%/-6%/-8%补) 均价止盈8% 止损离第一笔11% 拿72h,580,58,0.89,0.96,,472,59,0.7,0.78,,547,64,1.11,0.95,✔
5分钟 关键位吸收 补仓5笔(1:1:1:1:1，-2%/-4%/-6%/-8%补) 均价止盈8% 止损离第一笔14% 拿24h,842,56,0.99,0.79,,642,60,0.91,0.85,,800,61,1.06,1.04,
5分钟 关键位吸收 补仓5笔(1:1:1:1:1，-2%/-4%/-6%/-8%补) 均价止盈8% 止损离第一笔14% 拿72h,578,58,0.86,0.89,,467,59,0.67,0.81,,545,64,1.07,0.9,
5分钟 关键位吸收 补仓5笔(1:1:1:1:1，-2%/-4%/-6%/-8%补) 均价止盈8% 止损离第一笔18% 拿24h,842,56,1.01,0.91,,642,60,0.92,0.85,,800,61,1.05,1.02,
5分钟 关键位吸收 补仓5笔(1:1:1:1:1，-2%/-4%/-6%/-8%补) 均价止盈8% 止损离第一笔18% 拿72h,576,58,0.86,0.86,,466,60,0.63,0.71,,543,65,1.07,1.01,
5分钟 关键位吸收 补仓6笔(1:1:1:1:1:1，-1.5%/-3%/-4.5%/-6%/-7.5%补) 均价止盈1% 止损离第一笔10.5% 拿24h,948,81,0.94,1.04,,719,84,0.96,0.88,,939,89,1.08,0.85,
5分钟 关键位吸收 补仓6笔(1:1:1:1:1:1，-1.5%/-3%/-4.5%/-6%/-7.5%补) 均价止盈1% 止损离第一笔10.5% 拿72h,858,92,1.17,0.89,✔,686,93,0.86,0.74,,896,95,1.03,1.01,
5分钟 关键位吸收 补仓6笔(1:1:1:1:1:1，-1.5%/-3%/-4.5%/-6%/-7.5%补) 均价止盈1% 止损离第一笔13.5% 拿24h,948,81,0.96,0.88,,719,84,0.99,0.67,,938,89,1.12,0.96,✔
5分钟 关键位吸收 补仓6笔(1:1:1:1:1:1，-1.5%/-3%/-4.5%/-6%/-7.5%补) 均价止盈1% 止损离第一笔13.5% 拿72h,853,92,1.09,0.8,,682,94,0.86,0.87,,892,96,1.11,0.95,✔
5分钟 关键位吸收 补仓6笔(1:1:1:1:1:1，-1.5%/-3%/-4.5%/-6%/-7.5%补) 均价止盈1% 止损离第一笔17.5% 拿24h,948,81,0.97,0.98,,719,84,0.9,0.78,,938,89,1.05,1.04,
5分钟 关键位吸收 补仓6笔(1:1:1:1:1:1，-1.5%/-3%/-4.5%/-6%/-7.5%补) 均价止盈1% 止损离第一笔17.5% 拿72h,853,92,1.06,0.82,,682,94,0.84,0.82,,891,96,0.97,1.01,
5分钟 关键位吸收 补仓6笔(1:1:1:1:1:1，-1.5%/-3%/-4.5%/-6%/-7.5%补) 均价止盈2% 止损离第一笔10.5% 拿24h,887,67,0.98,0.93,,677,71,0.82,0.71,,873,77,1.01,0.88,
5分钟 关键位吸收 补仓6笔(1:1:1:1:1:1，-1.5%/-3%/-4.5%/-6%/-7.5%补) 均价止盈2% 止损离第一笔10.5% 拿72h,734,81,0.98,0.96,,610,85,0.89,0.84,,767,87,0.96,0.95,
5分钟 关键位吸收 补仓6笔(1:1:1:1:1:1，-1.5%/-3%/-4.5%/-6%/-7.5%补) 均价止盈2% 止损离第一笔13.5% 拿24h,887,67,0.98,0.89,,677,71,0.82,0.8,,872,77,1.02,1.05,
5分钟 关键位吸收 补仓6笔(1:1:1:1:1:1，-1.5%/-3%/-4.5%/-6%/-7.5%补) 均价止盈2% 止损离第一笔13.5% 拿72h,731,81,0.9,1.02,,606,85,0.82,0.85,,761,88,1.02,1.05,
5分钟 关键位吸收 补仓6笔(1:1:1:1:1:1，-1.5%/-3%/-4.5%/-6%/-7.5%补) 均价止盈2% 止损离第一笔17.5% 拿24h,887,67,1.01,0.96,,677,71,0.83,0.75,,872,77,1.03,0.94,
5分钟 关键位吸收 补仓6笔(1:1:1:1:1:1，-1.5%/-3%/-4.5%/-6%/-7.5%补) 均价止盈2% 止损离第一笔17.5% 拿72h,730,81,0.9,1.05,,603,85,0.79,0.9,,759,88,1.03,1.05,
5分钟 关键位吸收 补仓6笔(1:1:1:1:1:1，-1.5%/-3%/-4.5%/-6%/-7.5%补) 均价止盈3% 止损离第一笔10.5% 拿24h,864,62,0.99,0.99,,661,66,0.88,0.94,,838,72,1.07,1.0,
5分钟 关键位吸收 补仓6笔(1:1:1:1:1:1，-1.5%/-3%/-4.5%/-6%/-7.5%补) 均价止盈3% 止损离第一笔10.5% 拿72h,669,72,0.92,0.98,,569,79,0.91,0.78,,686,81,1.04,1.07,
5分钟 关键位吸收 补仓6笔(1:1:1:1:1:1，-1.5%/-3%/-4.5%/-6%/-7.5%补) 均价止盈3% 止损离第一笔13.5% 拿24h,864,62,0.98,0.82,,661,66,0.89,0.86,,837,72,1.06,0.92,
5分钟 关键位吸收 补仓6笔(1:1:1:1:1:1，-1.5%/-3%/-4.5%/-6%/-7.5%补) 均价止盈3% 止损离第一笔13.5% 拿72h,663,72,0.86,0.87,,565,79,0.87,0.77,,679,82,1.07,0.97,
5分钟 关键位吸收 补仓6笔(1:1:1:1:1:1，-1.5%/-3%/-4.5%/-6%/-7.5%补) 均价止盈3% 止损离第一笔17.5% 拿24h,864,62,0.99,0.88,,661,66,0.91,0.81,,837,72,1.05,1.05,
5分钟 关键位吸收 补仓6笔(1:1:1:1:1:1，-1.5%/-3%/-4.5%/-6%/-7.5%补) 均价止盈3% 止损离第一笔17.5% 拿72h,661,72,0.88,0.96,,562,80,0.86,0.77,,677,83,1.13,0.99,✔
5分钟 关键位吸收 补仓6笔(1:1:1:1:1:1，-1.5%/-3%/-4.5%/-6%/-7.5%补) 均价止盈5% 止损离第一笔10.5% 拿24h,845,59,1.04,0.93,,650,63,0.92,0.78,,811,66,1.09,1.02,
5分钟 关键位吸收 补仓6笔(1:1:1:1:1:1，-1.5%/-3%/-4.5%/-6%/-7.5%补) 均价止盈5% 止损离第一笔10.5% 拿72h,608,63,1.0,0.95,,502,67,0.79,0.79,,610,72,1.06,1.03,
5分钟 关键位吸收 补仓6笔(1:1:1:1:1:1，-1.5%/-3%/-4.5%/-6%/-7.5%补) 均价止盈5% 止损离第一笔13.5% 拿24h,845,59,1.03,0.87,,650,63,0.93,0.83,,810,66,1.09,1.0,
5分钟 关键位吸收 补仓6笔(1:1:1:1:1:1，-1.5%/-3%/-4.5%/-6%/-7.5%补) 均价止盈5% 止损离第一笔13.5% 拿72h,606,63,0.95,0.91,,498,68,0.81,0.78,,603,73,1.09,0.96,
5分钟 关键位吸收 补仓6笔(1:1:1:1:1:1，-1.5%/-3%/-4.5%/-6%/-7.5%补) 均价止盈5% 止损离第一笔17.5% 拿24h,845,59,1.04,1.17,,650,63,0.95,0.91,,810,66,1.08,0.88,
5分钟 关键位吸收 补仓6笔(1:1:1:1:1:1，-1.5%/-3%/-4.5%/-6%/-7.5%补) 均价止盈5% 止损离第一笔17.5% 拿72h,605,63,0.95,0.95,,497,68,0.78,0.77,,601,73,1.15,0.88,✔
5分钟 关键位吸收 补仓6笔(1:1:1:1:1:1，-1.5%/-3%/-4.5%/-6%/-7.5%补) 均价止盈8% 止损离第一笔10.5% 拿24h,842,59,1.03,0.9,,642,61,0.88,0.88,,801,65,1.07,1.04,
5分钟 关键位吸收 补仓6笔(1:1:1:1:1:1，-1.5%/-3%/-4.5%/-6%/-7.5%补) 均价止盈8% 止损离第一笔10.5% 拿72h,580,59,0.92,0.95,,473,59,0.68,0.86,,551,65,1.06,1.05,
5分钟 关键位吸收 补仓6笔(1:1:1:1:1:1，-1.5%/-3%/-4.5%/-6%/-7.5%补) 均价止盈8% 止损离第一笔13.5% 拿24h,842,59,1.01,0.95,,642,61,0.89,0.9,,800,65,1.06,0.96,
5分钟 关键位吸收 补仓6笔(1:1:1:1:1:1，-1.5%/-3%/-4.5%/-6%/-7.5%补) 均价止盈8% 止损离第一笔13.5% 拿72h,578,59,0.89,0.86,,468,60,0.67,0.88,,547,67,1.13,0.98,✔
5分钟 关键位吸收 补仓6笔(1:1:1:1:1:1，-1.5%/-3%/-4.5%/-6%/-7.5%补) 均价止盈8% 止损离第一笔17.5% 拿24h,842,59,1.03,0.9,,642,61,0.91,1.07,,800,65,1.05,0.83,
5分钟 关键位吸收 补仓6笔(1:1:1:1:1:1，-1.5%/-3%/-4.5%/-6%/-7.5%补) 均价止盈8% 止损离第一笔17.5% 拿72h,576,59,0.87,0.92,,467,60,0.63,0.89,,544,67,1.12,1.01,✔
5分钟 关键位吸收 补仓5笔(1:1:2:2:4，-2%/-4%/-6%/-8%补) 均价止盈1% 止损离第一笔11% 拿24h,941,80,0.9,0.94,,718,85,0.84,0.74,,938,88,1.1,0.98,
5分钟 关键位吸收 补仓5笔(1:1:2:2:4，-2%/-4%/-6%/-8%补) 均价止盈1% 止损离第一笔11% 拿72h,853,93,0.94,0.85,,685,93,0.72,0.75,,899,96,1.18,1.21,
5分钟 关键位吸收 补仓5笔(1:1:2:2:4，-2%/-4%/-6%/-8%补) 均价止盈1% 止损离第一笔14% 拿24h,941,80,0.98,1.05,,718,85,0.8,0.99,,938,88,1.03,1.19,
5分钟 关键位吸收 补仓5笔(1:1:2:2:4，-2%/-4%/-6%/-8%补) 均价止盈1% 止损离第一笔14% 拿72h,849,93,0.94,1.08,,683,94,0.66,1.04,,898,97,1.2,1.06,✔
5分钟 关键位吸收 补仓5笔(1:1:2:2:4，-2%/-4%/-6%/-8%补) 均价止盈1% 止损离第一笔18% 拿24h,941,80,1.01,0.96,,718,85,0.78,0.72,,938,88,0.96,1.18,
5分钟 关键位吸收 补仓5笔(1:1:2:2:4，-2%/-4%/-6%/-8%补) 均价止盈1% 止损离第一笔18% 拿72h,848,93,0.99,0.82,,681,94,0.68,0.69,,898,97,1.0,0.93,
5分钟 关键位吸收 补仓5笔(1:1:2:2:4，-2%/-4%/-6%/-8%补) 均价止盈2% 止损离第一笔11% 拿24h,887,66,0.93,0.99,,672,72,0.83,0.72,,873,76,1.06,0.96,
5分钟 关键位吸收 补仓5笔(1:1:2:2:4，-2%/-4%/-6%/-8%补) 均价止盈2% 止损离第一笔11% 拿72h,731,83,1.0,1.11,,606,86,0.84,0.8,,769,89,1.08,1.15,
5分钟 关键位吸收 补仓5笔(1:1:2:2:4，-2%/-4%/-6%/-8%补) 均价止盈2% 止损离第一笔14% 拿24h,887,66,0.96,0.81,,672,72,0.86,0.79,,873,77,1.08,1.21,
5分钟 关键位吸收 补仓5笔(1:1:2:2:4，-2%/-4%/-6%/-8%补) 均价止盈2% 止损离第一笔14% 拿72h,729,83,0.93,0.9,,603,87,0.8,0.79,,765,90,1.04,0.87,
5分钟 关键位吸收 补仓5笔(1:1:2:2:4，-2%/-4%/-6%/-8%补) 均价止盈2% 止损离第一笔18% 拿24h,887,66,1.0,0.96,,672,72,0.84,0.76,,873,77,1.05,1.04,
5分钟 关键位吸收 补仓5笔(1:1:2:2:4，-2%/-4%/-6%/-8%补) 均价止盈2% 止损离第一笔18% 拿72h,728,83,0.98,0.95,,600,87,0.77,0.8,,764,90,1.03,0.98,
5分钟 关键位吸收 补仓5笔(1:1:2:2:4，-2%/-4%/-6%/-8%补) 均价止盈3% 止损离第一笔11% 拿24h,863,61,0.9,0.87,,660,66,0.87,0.85,,838,70,1.04,0.97,
5分钟 关键位吸收 补仓5笔(1:1:2:2:4，-2%/-4%/-6%/-8%补) 均价止盈3% 止损离第一笔11% 拿72h,668,74,0.9,0.88,,568,79,0.83,0.98,,678,80,0.91,1.04,
5分钟 关键位吸收 补仓5笔(1:1:2:2:4，-2%/-4%/-6%/-8%补) 均价止盈3% 止损离第一笔14% 拿24h,863,61,0.9,0.99,,660,66,0.91,0.81,,838,70,1.01,1.02,
5分钟 关键位吸收 补仓5笔(1:1:2:2:4，-2%/-4%/-6%/-8%补) 均价止盈3% 止损离第一笔14% 拿72h,664,75,0.82,0.9,,566,80,0.8,0.86,,674,81,0.88,0.92,
5分钟 关键位吸收 补仓5笔(1:1:2:2:4，-2%/-4%/-6%/-8%补) 均价止盈3% 止损离第一笔18% 拿24h,863,61,0.93,0.92,,660,66,0.91,0.87,,838,70,1.01,1.08,
5分钟 关键位吸收 补仓5笔(1:1:2:2:4，-2%/-4%/-6%/-8%补) 均价止盈3% 止损离第一笔18% 拿72h,662,75,0.85,0.78,,563,80,0.78,0.84,,673,82,0.91,0.96,
5分钟 关键位吸收 补仓5笔(1:1:2:2:4，-2%/-4%/-6%/-8%补) 均价止盈5% 止损离第一笔11% 拿24h,845,58,0.93,1.01,,649,63,0.96,0.89,,810,65,1.1,0.97,
5分钟 关键位吸收 补仓5笔(1:1:2:2:4，-2%/-4%/-6%/-8%补) 均价止盈5% 止损离第一笔11% 拿72h,609,65,0.92,0.92,,503,70,0.84,0.82,,606,73,1.01,0.93,
5分钟 关键位吸收 补仓5笔(1:1:2:2:4，-2%/-4%/-6%/-8%补) 均价止盈5% 止损离第一笔14% 拿24h,845,58,0.92,0.89,,649,63,0.99,0.86,,810,65,1.08,0.94,
5分钟 关键位吸收 补仓5笔(1:1:2:2:4，-2%/-4%/-6%/-8%补) 均价止盈5% 止损离第一笔14% 拿72h,607,66,0.88,0.94,,499,71,0.82,0.79,,602,73,0.96,0.91,
5分钟 关键位吸收 补仓5笔(1:1:2:2:4，-2%/-4%/-6%/-8%补) 均价止盈5% 止损离第一笔18% 拿24h,845,58,0.95,0.83,,649,63,1.0,0.88,,810,65,1.07,0.86,
5分钟 关键位吸收 补仓5笔(1:1:2:2:4，-2%/-4%/-6%/-8%补) 均价止盈5% 止损离第一笔18% 拿72h,606,66,0.89,0.89,,498,71,0.8,0.74,,601,74,1.05,0.93,
5分钟 关键位吸收 补仓5笔(1:1:2:2:4，-2%/-4%/-6%/-8%补) 均价止盈8% 止损离第一笔11% 拿24h,842,58,0.96,1.06,,642,62,0.91,0.91,,800,63,1.05,0.9,
5分钟 关键位吸收 补仓5笔(1:1:2:2:4，-2%/-4%/-6%/-8%补) 均价止盈8% 止损离第一笔11% 拿72h,581,62,0.91,0.91,,473,62,0.7,0.79,,548,67,1.08,0.92,
5分钟 关键位吸收 补仓5笔(1:1:2:2:4，-2%/-4%/-6%/-8%补) 均价止盈8% 止损离第一笔14% 拿24h,842,58,0.95,1.0,,642,62,0.94,0.81,,800,63,1.04,0.94,
5分钟 关键位吸收 补仓5笔(1:1:2:2:4，-2%/-4%/-6%/-8%补) 均价止盈8% 止损离第一笔14% 拿72h,578,63,0.87,0.9,,468,63,0.66,0.89,,546,68,1.03,0.88,
5分钟 关键位吸收 补仓5笔(1:1:2:2:4，-2%/-4%/-6%/-8%补) 均价止盈8% 止损离第一笔18% 拿24h,842,58,0.98,0.81,,642,62,0.95,0.8,,800,63,1.01,0.92,
5分钟 关键位吸收 补仓5笔(1:1:2:2:4，-2%/-4%/-6%/-8%补) 均价止盈8% 止损离第一笔18% 拿72h,576,63,0.86,0.73,,466,63,0.62,0.76,,544,68,1.03,0.92,
5分钟 关键位吸收 补仓8笔(1:1:1:1:1:1:1:1，-1%/-2%/-3%/-4%/-5%/-6%/-7%补) 均价止盈1% 止损离第一笔10% 拿24h,947,82,0.88,0.93,,719,87,0.89,0.84,,953,90,1.04,0.94,
5分钟 关键位吸收 补仓8笔(1:1:1:1:1:1:1:1，-1%/-2%/-3%/-4%/-5%/-6%/-7%补) 均价止盈1% 止损离第一笔10% 拿72h,863,93,1.16,1.04,✔,690,93,0.77,0.85,,915,96,0.97,0.87,
5分钟 关键位吸收 补仓8笔(1:1:1:1:1:1:1:1，-1%/-2%/-3%/-4%/-5%/-6%/-7%补) 均价止盈1% 止损离第一笔13% 拿24h,947,82,0.88,0.87,,719,87,0.93,0.7,,953,90,1.02,1.06,
5分钟 关键位吸收 补仓8笔(1:1:1:1:1:1:1:1，-1%/-2%/-3%/-4%/-5%/-6%/-7%补) 均价止盈1% 止损离第一笔13% 拿72h,859,93,1.01,0.98,,686,94,0.75,0.76,,911,96,0.98,1.07,
5分钟 关键位吸收 补仓8笔(1:1:1:1:1:1:1:1，-1%/-2%/-3%/-4%/-5%/-6%/-7%补) 均价止盈1% 止损离第一笔17% 拿24h,947,82,0.91,1.05,,719,87,0.85,0.73,,953,90,0.95,0.98,
5分钟 关键位吸收 补仓8笔(1:1:1:1:1:1:1:1，-1%/-2%/-3%/-4%/-5%/-6%/-7%补) 均价止盈1% 止损离第一笔17% 拿72h,857,93,1.0,0.84,,686,94,0.72,0.85,,910,96,0.87,0.85,
5分钟 关键位吸收 补仓8笔(1:1:1:1:1:1:1:1，-1%/-2%/-3%/-4%/-5%/-6%/-7%补) 均价止盈2% 止损离第一笔10% 拿24h,890,70,1.07,0.98,,679,73,0.79,0.86,,880,78,1.03,1.01,
5分钟 关键位吸收 补仓8笔(1:1:1:1:1:1:1:1，-1%/-2%/-3%/-4%/-5%/-6%/-7%补) 均价止盈2% 止损离第一笔10% 拿72h,742,83,1.07,1.01,,612,84,0.84,0.81,,785,88,1.03,1.04,
5分钟 关键位吸收 补仓8笔(1:1:1:1:1:1:1:1，-1%/-2%/-3%/-4%/-5%/-6%/-7%补) 均价止盈2% 止损离第一笔13% 拿24h,890,70,1.08,0.97,,679,73,0.8,0.74,,879,78,1.03,0.93,
5分钟 关键位吸收 补仓8笔(1:1:1:1:1:1:1:1，-1%/-2%/-3%/-4%/-5%/-6%/-7%补) 均价止盈2% 止损离第一笔13% 拿72h,738,83,0.95,0.87,,607,85,0.78,0.88,,778,89,1.05,0.91,
5分钟 关键位吸收 补仓8笔(1:1:1:1:1:1:1:1，-1%/-2%/-3%/-4%/-5%/-6%/-7%补) 均价止盈2% 止损离第一笔17% 拿24h,890,70,1.1,0.97,,679,73,0.8,0.87,,879,78,1.04,0.91,
5分钟 关键位吸收 补仓8笔(1:1:1:1:1:1:1:1，-1%/-2%/-3%/-4%/-5%/-6%/-7%补) 均价止盈2% 止损离第一笔17% 拿72h,737,83,0.99,0.8,,604,85,0.74,0.89,,776,90,1.05,0.98,
5分钟 关键位吸收 补仓8笔(1:1:1:1:1:1:1:1，-1%/-2%/-3%/-4%/-5%/-6%/-7%补) 均价止盈3% 止损离第一笔10% 拿24h,866,65,0.96,0.97,,661,68,0.88,0.82,,841,72,1.09,0.89,
5分钟 关键位吸收 补仓8笔(1:1:1:1:1:1:1:1，-1%/-2%/-3%/-4%/-5%/-6%/-7%补) 均价止盈3% 止损离第一笔10% 拿72h,670,74,0.91,0.93,,570,79,0.89,0.86,,694,81,1.05,0.92,
5分钟 关键位吸收 补仓8笔(1:1:1:1:1:1:1:1，-1%/-2%/-3%/-4%/-5%/-6%/-7%补) 均价止盈3% 止损离第一笔13% 拿24h,866,65,0.93,0.82,,661,68,0.9,0.88,,840,72,1.08,1.02,
5分钟 关键位吸收 补仓8笔(1:1:1:1:1:1:1:1，-1%/-2%/-3%/-4%/-5%/-6%/-7%补) 均价止盈3% 止损离第一笔13% 拿72h,665,74,0.85,0.96,,566,80,0.86,0.95,,685,82,1.05,0.94,
5分钟 关键位吸收 补仓8笔(1:1:1:1:1:1:1:1，-1%/-2%/-3%/-4%/-5%/-6%/-7%补) 均价止盈3% 止损离第一笔17% 拿24h,866,65,0.95,1.1,,661,68,0.91,0.8,,840,72,1.07,0.94,
5分钟 关键位吸收 补仓8笔(1:1:1:1:1:1:1:1，-1%/-2%/-3%/-4%/-5%/-6%/-7%补) 均价止盈3% 止损离第一笔17% 拿72h,664,74,0.86,0.94,,563,80,0.82,0.84,,683,83,1.08,1.0,
5分钟 关键位吸收 补仓8笔(1:1:1:1:1:1:1:1，-1%/-2%/-3%/-4%/-5%/-6%/-7%补) 均价止盈5% 止损离第一笔10% 拿24h,845,62,1.05,0.84,,650,65,0.91,0.96,,813,67,1.09,0.98,
5分钟 关键位吸收 补仓8笔(1:1:1:1:1:1:1:1，-1%/-2%/-3%/-4%/-5%/-6%/-7%补) 均价止盈5% 止损离第一笔10% 拿72h,610,64,0.98,0.89,,504,67,0.77,0.82,,620,72,1.05,0.89,
5分钟 关键位吸收 补仓8笔(1:1:1:1:1:1:1:1，-1%/-2%/-3%/-4%/-5%/-6%/-7%补) 均价止盈5% 止损离第一笔13% 拿24h,845,62,1.03,0.9,,650,65,0.93,0.85,,812,67,1.09,0.86,
5分钟 关键位吸收 补仓8笔(1:1:1:1:1:1:1:1，-1%/-2%/-3%/-4%/-5%/-6%/-7%补) 均价止盈5% 止损离第一笔13% 拿72h,606,65,0.94,1.0,,498,68,0.83,0.87,,611,73,1.04,1.06,
5分钟 关键位吸收 补仓8笔(1:1:1:1:1:1:1:1，-1%/-2%/-3%/-4%/-5%/-6%/-7%补) 均价止盈5% 止损离第一笔17% 拿24h,845,62,1.04,1.04,,650,65,0.94,0.83,,812,67,1.08,0.92,
5分钟 关键位吸收 补仓8笔(1:1:1:1:1:1:1:1，-1%/-2%/-3%/-4%/-5%/-6%/-7%补) 均价止盈5% 止损离第一笔17% 拿72h,605,65,0.95,0.82,,497,69,0.77,0.78,,609,74,1.12,0.88,✔
5分钟 关键位吸收 补仓8笔(1:1:1:1:1:1:1:1，-1%/-2%/-3%/-4%/-5%/-6%/-7%补) 均价止盈8% 止损离第一笔10% 拿24h,842,62,1.05,0.91,,642,63,0.88,0.9,,801,66,1.04,0.96,
5分钟 关键位吸收 补仓8笔(1:1:1:1:1:1:1:1，-1%/-2%/-3%/-4%/-5%/-6%/-7%补) 均价止盈8% 止损离第一笔10% 拿72h,580,59,0.9,1.02,,475,60,0.68,0.89,,557,66,0.97,0.82,
5分钟 关键位吸收 补仓8笔(1:1:1:1:1:1:1:1，-1%/-2%/-3%/-4%/-5%/-6%/-7%补) 均价止盈8% 止损离第一笔13% 拿24h,842,62,1.02,0.8,,642,63,0.9,0.92,,800,66,1.05,0.89,
5分钟 关键位吸收 补仓8笔(1:1:1:1:1:1:1:1，-1%/-2%/-3%/-4%/-5%/-6%/-7%补) 均价止盈8% 止损离第一笔13% 拿72h,578,60,0.86,0.94,,469,60,0.69,0.83,,549,68,1.08,0.92,
5分钟 关键位吸收 补仓8笔(1:1:1:1:1:1:1:1，-1%/-2%/-3%/-4%/-5%/-6%/-7%补) 均价止盈8% 止损离第一笔17% 拿24h,842,62,1.04,0.92,,642,63,0.91,0.78,,800,66,1.03,0.96,
5分钟 关键位吸收 补仓8笔(1:1:1:1:1:1:1:1，-1%/-2%/-3%/-4%/-5%/-6%/-7%补) 均价止盈8% 止损离第一笔17% 拿72h,577,60,0.86,1.02,,468,61,0.63,0.87,,547,69,1.07,0.99,
5分钟 关键位吸收 补仓6笔(1:1:1:2:2:3，-2%/-4%/-6%/-9%/-12%补) 均价止盈1% 止损离第一笔15% 拿24h,940,79,1.12,0.93,,716,84,0.87,0.77,,937,88,1.04,1.19,
5分钟 关键位吸收 补仓6笔(1:1:1:2:2:3，-2%/-4%/-6%/-9%/-12%补) 均价止盈1% 止损离第一笔15% 拿72h,844,93,1.16,0.91,✔,677,94,0.69,0.72,,892,97,1.15,1.15,
5分钟 关键位吸收 补仓6笔(1:1:1:2:2:3，-2%/-4%/-6%/-9%/-12%补) 均价止盈1% 止损离第一笔18% 拿24h,940,79,1.12,0.89,,716,84,0.8,0.6,,937,88,1.02,0.9,
5分钟 关键位吸收 补仓6笔(1:1:1:2:2:3，-2%/-4%/-6%/-9%/-12%补) 均价止盈1% 止损离第一笔18% 拿72h,844,93,1.2,0.86,✔,677,94,0.71,0.94,,892,97,1.0,0.86,
5分钟 关键位吸收 补仓6笔(1:1:1:2:2:3，-2%/-4%/-6%/-9%/-12%补) 均价止盈1% 止损离第一笔22% 拿24h,940,79,1.12,1.08,,716,84,0.77,0.81,,937,88,1.04,0.88,
5分钟 关键位吸收 补仓6笔(1:1:1:2:2:3，-2%/-4%/-6%/-9%/-12%补) 均价止盈1% 止损离第一笔22% 拿72h,844,93,1.16,0.84,✔,676,94,0.7,0.8,,891,97,1.13,0.89,✔
5分钟 关键位吸收 补仓6笔(1:1:1:2:2:3，-2%/-4%/-6%/-9%/-12%补) 均价止盈2% 止损离第一笔15% 拿24h,886,65,1.06,0.92,,672,70,0.86,0.72,,870,75,1.04,0.92,
5分钟 关键位吸收 补仓6笔(1:1:1:2:2:3，-2%/-4%/-6%/-9%/-12%补) 均价止盈2% 止损离第一笔15% 拿72h,721,81,0.92,0.89,,600,85,0.75,0.81,,758,90,1.12,1.05,
5分钟 关键位吸收 补仓6笔(1:1:1:2:2:3，-2%/-4%/-6%/-9%/-12%补) 均价止盈2% 止损离第一笔18% 拿24h,886,65,1.06,0.87,,672,70,0.81,0.91,,870,75,1.03,0.89,
5分钟 关键位吸收 补仓6笔(1:1:1:2:2:3，-2%/-4%/-6%/-9%/-12%补) 均价止盈2% 止损离第一笔18% 拿72h,720,81,0.94,0.79,,598,85,0.72,0.86,,757,90,1.02,0.96,
5分钟 关键位吸收 补仓6笔(1:1:1:2:2:3，-2%/-4%/-6%/-9%/-12%补) 均价止盈2% 止损离第一笔22% 拿24h,886,65,1.06,0.94,,672,70,0.79,0.68,,870,75,1.04,0.93,
5分钟 关键位吸收 补仓6笔(1:1:1:2:2:3，-2%/-4%/-6%/-9%/-12%补) 均价止盈2% 止损离第一笔22% 拿72h,720,81,0.87,0.73,,595,86,0.78,0.82,,756,90,1.03,0.93,
5分钟 关键位吸收 补仓6笔(1:1:1:2:2:3，-2%/-4%/-6%/-9%/-12%补) 均价止盈3% 止损离第一笔15% 拿24h,862,60,0.93,0.95,,660,65,0.91,0.78,,837,69,1.05,0.9,
5分钟 关键位吸收 补仓6笔(1:1:1:2:2:3，-2%/-4%/-6%/-9%/-12%补) 均价止盈3% 止损离第一笔15% 拿72h,659,72,0.82,0.8,,558,78,0.72,0.76,,673,81,0.98,0.89,
5分钟 关键位吸收 补仓6笔(1:1:1:2:2:3，-2%/-4%/-6%/-9%/-12%补) 均价止盈3% 止损离第一笔18% 拿24h,862,60,0.94,0.89,,660,65,0.88,0.8,,837,69,1.06,0.91,
5分钟 关键位吸收 补仓6笔(1:1:1:2:2:3，-2%/-4%/-6%/-9%/-12%补) 均价止盈3% 止损离第一笔18% 拿72h,657,73,0.87,0.82,,556,79,0.76,0.95,,672,81,0.99,0.95,
5分钟 关键位吸收 补仓6笔(1:1:1:2:2:3，-2%/-4%/-6%/-9%/-12%补) 均价止盈3% 止损离第一笔22% 拿24h,862,60,0.92,0.82,,660,65,0.84,0.89,,837,69,1.13,0.91,✔
5分钟 关键位吸收 补仓6笔(1:1:1:2:2:3，-2%/-4%/-6%/-9%/-12%补) 均价止盈3% 止损离第一笔22% 拿72h,657,73,0.81,0.9,,554,79,0.76,0.85,,671,82,1.01,1.12,
5分钟 关键位吸收 补仓6笔(1:1:1:2:2:3，-2%/-4%/-6%/-9%/-12%补) 均价止盈5% 止损离第一笔15% 拿24h,845,57,0.98,1.05,,649,61,0.99,0.75,,810,64,1.07,0.92,
5分钟 关键位吸收 补仓6笔(1:1:1:2:2:3，-2%/-4%/-6%/-9%/-12%补) 均价止盈5% 止损离第一笔15% 拿72h,605,64,0.89,0.98,,497,70,0.77,0.81,,602,74,1.13,0.93,✔
5分钟 关键位吸收 补仓6笔(1:1:1:2:2:3，-2%/-4%/-6%/-9%/-12%补) 均价止盈5% 止损离第一笔18% 拿24h,845,57,1.0,1.08,,649,61,0.96,0.78,,810,64,1.08,1.08,
5分钟 关键位吸收 补仓6笔(1:1:1:2:2:3，-2%/-4%/-6%/-9%/-12%补) 均价止盈5% 止损离第一笔18% 拿72h,604,64,0.89,0.86,,496,70,0.78,0.79,,601,74,1.2,0.97,✔
5分钟 关键位吸收 补仓6笔(1:1:1:2:2:3，-2%/-4%/-6%/-9%/-12%补) 均价止盈5% 止损离第一笔22% 拿24h,845,57,0.97,0.86,,649,61,0.91,0.78,,810,64,1.14,0.91,✔
5分钟 关键位吸收 补仓6笔(1:1:1:2:2:3，-2%/-4%/-6%/-9%/-12%补) 均价止盈5% 止损离第一笔22% 拿72h,604,64,0.81,0.88,,494,70,0.76,0.77,,600,75,1.21,1.14,
5分钟 关键位吸收 补仓6笔(1:1:1:2:2:3，-2%/-4%/-6%/-9%/-12%补) 均价止盈8% 止损离第一笔15% 拿24h,842,57,0.99,0.77,,642,60,0.94,0.71,,800,62,1.02,1.13,
5分钟 关键位吸收 补仓6笔(1:1:1:2:2:3，-2%/-4%/-6%/-9%/-12%补) 均价止盈8% 止损离第一笔15% 拿72h,578,60,0.84,0.81,,467,61,0.6,0.82,,545,67,1.01,0.84,
5分钟 关键位吸收 补仓6笔(1:1:1:2:2:3，-2%/-4%/-6%/-9%/-12%补) 均价止盈8% 止损离第一笔18% 拿24h,842,57,1.01,0.88,,642,60,0.91,0.96,,800,62,1.01,1.05,
5分钟 关键位吸收 补仓6笔(1:1:1:2:2:3，-2%/-4%/-6%/-9%/-12%补) 均价止盈8% 止损离第一笔18% 拿72h,576,60,0.81,0.78,,466,62,0.6,0.79,,543,68,1.02,0.94,
5分钟 关键位吸收 补仓6笔(1:1:1:2:2:3，-2%/-4%/-6%/-9%/-12%补) 均价止盈8% 止损离第一笔22% 拿24h,842,57,0.98,0.87,,642,60,0.86,0.71,,800,62,1.05,0.96,
5分钟 关键位吸收 补仓6笔(1:1:1:2:2:3，-2%/-4%/-6%/-9%/-12%补) 均价止盈8% 止损离第一笔22% 拿72h,576,60,0.75,0.77,,465,62,0.57,0.84,,543,68,1.06,0.91,
5分钟 扫止损收回 原版止损 止盈1倍 拿2h,1690,48,0.69,0.71,,1973,52,0.79,0.7,,1515,50,0.73,0.77,
5分钟 扫止损收回 原版止损 止盈1倍 拿12h,1690,49,0.7,0.7,,1973,52,0.79,0.7,,1515,50,0.73,0.74,
5分钟 扫止损收回 原版止损 止盈2倍 拿2h,1679,34,0.69,0.73,,1966,37,0.81,0.74,,1508,36,0.79,0.77,
5分钟 扫止损收回 原版止损 止盈2倍 拿12h,1677,32,0.69,0.76,,1966,36,0.82,0.77,,1508,34,0.78,0.75,
5分钟 扫止损收回 原版止损 止盈3倍 拿2h,1676,29,0.68,0.7,,1955,30,0.78,0.73,,1500,30,0.76,0.71,
5分钟 扫止损收回 原版止损 止盈3倍 拿12h,1673,24,0.69,0.77,,1954,27,0.81,0.77,,1497,25,0.75,0.73,
5分钟 扫止损收回 止损2% 止盈不设 拿4h,1453,47,0.87,0.81,,1612,45,0.88,0.87,,1314,47,0.95,0.82,
5分钟 扫止损收回 止损2% 止盈不设 拿12h,1395,42,0.77,0.88,,1518,41,0.97,0.91,,1245,40,0.99,0.86,
5分钟 扫止损收回 止损2% 止盈不设 拿24h,1293,36,0.89,0.84,,1393,36,1.01,0.94,,1165,34,0.98,0.89,
5分钟 扫止损收回 止损2% 止盈不设 拿48h,1150,30,0.91,0.87,,1232,28,0.97,1.0,,1058,27,0.98,0.95,
5分钟 扫止损收回 止损2% 止盈1% 拿4h,1515,57,0.88,0.89,,1734,62,0.97,0.85,,1371,61,0.9,0.88,
5分钟 扫止损收回 止损2% 止盈1% 拿12h,1491,62,0.87,0.91,,1716,67,1.01,0.95,,1357,65,0.9,0.85,
5分钟 扫止损收回 止损2% 止盈1% 拿24h,1465,63,0.85,0.89,,1706,68,1.0,0.92,,1351,66,0.91,0.93,
5分钟 扫止损收回 止损2% 止盈1% 拿48h,1446,65,0.86,0.92,,1703,69,1.0,0.93,,1347,67,0.91,0.91,
5分钟 扫止损收回 止损2% 止盈2% 拿4h,1484,48,0.88,0.86,,1674,50,0.96,0.91,,1340,50,0.9,0.86,
5分钟 扫止损收回 止损2% 止盈2% 拿12h,1444,49,0.86,0.9,,1628,52,1.0,0.87,,1308,49,0.89,0.91,
5分钟 扫止损收回 止损2% 止盈2% 拿24h,1407,48,0.86,0.89,,1608,51,0.97,0.93,,1291,49,0.89,0.93,
5分钟 扫止损收回 止损2% 止盈2% 拿48h,1365,48,0.86,0.88,,1586,52,0.99,0.93,,1277,50,0.91,0.9,
5分钟 扫止损收回 止损2% 止盈3% 拿4h,1464,47,0.85,0.82,,1644,47,0.93,0.9,,1330,48,0.94,0.84,
5分钟 扫止损收回 止损2% 止盈3% 拿12h,1413,44,0.82,0.92,,1578,46,1.0,0.85,,1284,43,0.93,0.87,
5分钟 扫止损收回 止损2% 止盈3% 拿24h,1357,41,0.84,0.93,,1534,43,0.99,0.94,,1259,42,0.93,0.84,
5分钟 扫止损收回 止损2% 止盈3% 拿48h,1296,39,0.84,0.94,,1482,42,1.0,0.98,,1234,41,0.94,0.95,
5分钟 扫止损收回 止损2% 止盈5% 拿4h,1456,47,0.86,0.76,,1623,45,0.85,0.86,,1318,47,0.98,0.85,
5分钟 扫止损收回 止损2% 止盈5% 拿12h,1402,42,0.8,0.91,,1540,41,0.94,0.91,,1257,41,0.99,0.94,
5分钟 扫止损收回 止损2% 止盈5% 拿24h,1319,37,0.88,0.91,,1453,37,0.99,0.97,,1207,36,0.97,0.84,
5分钟 扫止损收回 止损2% 止盈5% 拿48h,1223,33,0.89,0.92,,1365,32,0.98,0.96,,1154,33,0.99,0.87,
5分钟 扫止损收回 止损2% 止盈8% 拿4h,1453,47,0.86,0.83,,1613,45,0.9,0.91,,1317,47,0.95,0.78,
5分钟 扫止损收回 止损2% 止盈8% 拿12h,1395,42,0.76,0.78,,1522,41,0.94,0.92,,1251,40,0.99,0.92,
5分钟 扫止损收回 止损2% 止盈8% 拿24h,1297,36,0.87,0.88,,1409,36,0.98,1.03,,1184,34,0.96,0.91,
5分钟 扫止损收回 止损2% 止盈8% 拿48h,1177,30,0.87,0.92,,1284,28,0.98,0.92,,1107,29,0.99,0.81,
5分钟 扫止损收回 止损3% 止盈不设 拿4h,1431,49,0.9,0.86,,1575,46,0.85,0.89,,1289,50,1.0,0.81,
5分钟 扫止损收回 止损3% 止盈不设 拿12h,1364,47,0.81,0.84,,1469,46,0.98,0.96,,1208,47,1.04,0.87,
5分钟 扫止损收回 止损3% 止盈不设 拿24h,1238,42,0.88,0.94,,1323,44,1.01,1.03,,1104,43,1.02,0.9,
5分钟 扫止损收回 止损3% 止盈不设 拿48h,1073,38,0.91,0.96,,1112,37,0.97,0.96,,969,36,1.04,0.93,
5分钟 扫止损收回 止损3% 止盈1% 拿4h,1496,59,0.91,0.85,,1703,63,0.92,0.89,,1350,64,0.96,0.89,
5分钟 扫止损收回 止损3% 止盈1% 拿12h,1472,67,0.89,0.9,,1680,72,1.02,0.91,,1333,71,0.96,0.92,
5分钟 扫止损收回 止损3% 止盈1% 拿24h,1437,70,0.86,0.94,,1659,75,0.98,0.92,,1319,74,0.96,0.94,
5分钟 扫止损收回 止损3% 止盈1% 拿48h,1407,72,0.87,0.98,,1647,76,0.99,0.9,,1310,75,0.97,1.0,
5分钟 扫止损收回 止损3% 止盈2% 拿4h,1462,51,0.91,0.83,,1638,51,0.91,0.88,,1316,54,0.99,0.9,
5分钟 扫止损收回 止损3% 止盈2% 拿12h,1416,54,0.87,0.9,,1582,57,1.02,0.93,,1275,56,0.98,0.94,
5分钟 扫止损收回 止损3% 止盈2% 拿24h,1362,54,0.85,0.97,,1540,60,0.98,0.97,,1243,59,0.98,0.92,
5分钟 扫止损收回 止损3% 止盈2% 拿48h,1299,57,0.86,0.93,,1504,61,1.0,0.97,,1213,61,1.02,0.96,
5分钟 扫止损收回 止损3% 止盈3% 拿4h,1441,49,0.88,0.78,,1608,49,0.9,0.87,,1304,51,1.0,0.87,
5分钟 扫止损收回 止损3% 止盈3% 拿12h,1382,49,0.84,0.86,,1530,52,1.02,0.94,,1246,50,1.01,0.89,
5分钟 扫止损收回 止损3% 止盈3% 拿24h,1308,48,0.83,0.9,,1461,52,1.0,0.92,,1203,51,0.97,0.91,
5分钟 扫止损收回 止损3% 止盈3% 拿48h,1224,47,0.84,0.9,,1392,51,1.0,0.98,,1156,52,1.01,0.9,
5分钟 扫止损收回 止损3% 止盈5% 拿4h,1434,49,0.9,0.83,,1586,46,0.82,0.88,,1292,51,1.06,0.87,
5分钟 扫止损收回 止损3% 止盈5% 拿12h,1372,47,0.83,0.93,,1491,47,0.96,0.94,,1220,48,1.06,0.9,
5分钟 扫止损收回 止损3% 止盈5% 拿24h,1267,43,0.87,0.89,,1381,46,1.0,1.0,,1145,46,1.03,0.92,
5分钟 扫止损收回 止损3% 止盈5% 拿48h,1147,41,0.88,0.91,,1258,42,1.02,0.95,,1067,44,1.09,0.88,
5分钟 扫止损收回 止损3% 止盈8% 拿4h,1431,49,0.89,0.83,,1576,47,0.87,0.89,,1291,51,1.01,0.89,
5分钟 扫止损收回 止损3% 止盈8% 拿12h,1364,47,0.8,0.9,,1473,47,0.95,0.95,,1213,47,1.04,0.89,
5分钟 扫止损收回 止损3% 止盈8% 拿24h,1244,42,0.88,0.91,,1338,45,1.0,0.95,,1123,43,0.99,0.89,
5分钟 扫止损收回 止损3% 止盈8% 拿48h,1100,38,0.87,0.93,,1165,37,0.99,0.94,,1017,38,1.03,0.97,
5分钟 扫止损收回 止损5% 止盈不设 拿4h,1421,50,0.88,0.83,,1556,47,0.82,0.85,,1283,51,0.98,0.84,
5分钟 扫止损收回 止损5% 止盈不设 拿12h,1345,50,0.82,0.94,,1440,50,0.99,1.0,,1186,50,1.03,0.84,
5分钟 扫止损收回 止损5% 止盈不设 拿24h,1195,46,0.83,0.95,,1250,50,1.01,1.02,,1064,49,0.99,0.95,
5分钟 扫止损收回 止损5% 止盈不设 拿48h,991,47,0.91,0.88,,990,46,0.97,0.97,,895,47,1.05,0.92,
5分钟 扫止损收回 止损5% 止盈1% 拿4h,1486,59,0.89,0.81,,1688,64,0.86,0.9,,1346,65,0.95,0.91,
5分钟 扫止损收回 止损5% 止盈1% 拿12h,1454,69,0.87,0.91,,1654,74,1.01,0.92,,1320,75,1.03,0.96,
5分钟 扫止损收回 止损5% 止盈1% 拿24h,1405,73,0.82,0.99,,1615,79,0.99,0.93,,1300,81,1.03,0.9,
5分钟 扫止损收回 止损5% 止盈1% 拿48h,1348,78,0.85,0.93,,1574,83,1.02,0.94,,1280,83,1.06,1.0,
5分钟 扫止损收回 止损5% 止盈2% 拿4h,1452,51,0.9,0.85,,1619,52,0.86,0.88,,1310,55,0.96,0.85,
5分钟 扫止损收回 止损5% 止盈2% 拿12h,1397,56,0.87,0.96,,1554,60,1.05,0.88,,1256,60,1.0,0.9,
5分钟 扫止损收回 止损5% 止盈2% 拿24h,1323,59,0.82,0.97,,1482,66,1.05,1.0,,1211,65,0.99,0.89,
5分钟 扫止损收回 止损5% 止盈2% 拿48h,1227,64,0.87,0.94,,1390,71,1.07,0.98,,1157,71,1.08,0.92,
5分钟 扫止损收回 止损5% 止盈3% 拿4h,1430,50,0.87,0.86,,1587,50,0.86,0.85,,1298,52,0.97,0.79,
5分钟 扫止损收回 止损5% 止盈3% 拿12h,1361,51,0.84,0.94,,1499,55,1.07,0.96,,1225,54,0.99,0.93,
5分钟 扫止损收回 止损5% 止盈3% 拿24h,1261,52,0.78,0.93,,1398,58,1.04,0.92,,1163,57,0.96,0.91,
5分钟 扫止损收回 止损5% 止盈3% 拿48h,1140,55,0.83,0.93,,1267,62,1.08,0.97,,1081,62,1.05,1.04,
5分钟 扫止损收回 止损5% 止盈5% 拿4h,1424,50,0.88,0.9,,1566,48,0.8,0.88,,1286,52,1.04,0.78,
5分钟 扫止损收回 止损5% 止盈5% 拿12h,1353,50,0.84,0.86,,1461,50,0.98,0.95,,1198,52,1.06,0.94,
5分钟 扫止损收回 止损5% 止盈5% 拿24h,1222,47,0.83,0.96,,1309,52,1.02,0.97,,1104,52,1.02,0.89,
5分钟 扫止损收回 止损5% 止盈5% 拿48h,1067,50,0.92,0.99,,1117,52,1.07,0.89,,987,55,1.15,0.99,✔
5分钟 扫止损收回 止损5% 止盈8% 拿4h,1421,50,0.87,0.82,,1557,48,0.83,0.94,,1285,51,0.99,0.79,
5分钟 扫止损收回 止损5% 止盈8% 拿12h,1345,50,0.81,0.87,,1444,50,0.97,0.94,,1191,50,1.02,0.81,
5分钟 扫止损收回 止损5% 止盈8% 拿24h,1201,46,0.83,0.88,,1266,51,1.0,0.89,,1082,49,0.97,0.95,
5分钟 扫止损收回 止损5% 止盈8% 拿48h,1020,47,0.89,0.93,,1031,47,1.02,0.99,,940,48,1.09,0.92,
5分钟 扫止损收回 补仓3笔(1:1:1，-2%/-4%补) 均价止盈1% 止损离第一笔10% 拿24h,1406,82,0.85,0.85,,1621,88,1.05,0.88,,1298,89,1.18,0.85,✔
5分钟 扫止损收回 补仓3笔(1:1:1，-2%/-4%补) 均价止盈1% 止损离第一笔10% 拿72h,1325,91,1.0,0.98,,1570,94,1.14,0.83,,1263,94,1.31,1.05,✔
5分钟 扫止损收回 补仓3笔(1:1:1，-2%/-4%补) 均价止盈1% 止损离第一笔15% 拿24h,1404,82,0.77,0.86,,1618,88,1.01,0.86,,1295,89,1.11,0.97,✔
5分钟 扫止损收回 补仓3笔(1:1:1，-2%/-4%补) 均价止盈1% 止损离第一笔15% 拿72h,1313,91,0.82,0.87,,1541,94,1.24,0.83,,1258,95,1.12,0.95,✔
5分钟 扫止损收回 补仓3笔(1:1:1，-2%/-4%补) 均价止盈2% 止损离第一笔10% 拿24h,1315,70,0.98,0.87,,1478,76,1.04,0.9,,1205,76,1.06,0.9,
5分钟 扫止损收回 补仓3笔(1:1:1，-2%/-4%补) 均价止盈2% 止损离第一笔10% 拿72h,1165,82,1.12,0.92,,1319,86,1.13,0.94,✔,1109,86,1.15,0.94,✔
5分钟 扫止损收回 补仓3笔(1:1:1，-2%/-4%补) 均价止盈2% 止损离第一笔15% 拿24h,1311,70,0.92,0.91,,1471,76,1.04,0.99,,1202,77,1.01,0.85,
5分钟 扫止损收回 补仓3笔(1:1:1，-2%/-4%补) 均价止盈2% 止损离第一笔15% 拿72h,1144,82,1.03,0.86,,1277,87,1.24,0.92,✔,1098,87,1.03,0.87,
5分钟 扫止损收回 补仓3笔(1:1:1，-2%/-4%补) 均价止盈3% 止损离第一笔10% 拿24h,1241,62,0.83,0.88,,1382,68,1.06,0.99,,1144,70,1.07,0.98,
5分钟 扫止损收回 补仓3笔(1:1:1，-2%/-4%补) 均价止盈3% 止损离第一笔10% 拿72h,1030,72,0.9,0.96,,1158,78,1.05,0.99,,1006,79,1.1,0.94,
5分钟 扫止损收回 补仓3笔(1:1:1，-2%/-4%补) 均价止盈3% 止损离第一笔15% 拿24h,1238,62,0.79,0.93,,1373,68,1.06,0.93,,1140,70,1.04,0.99,
5分钟 扫止损收回 补仓3笔(1:1:1，-2%/-4%补) 均价止盈3% 止损离第一笔15% 拿72h,1004,74,0.86,0.82,,1125,79,1.14,0.89,✔,987,81,1.03,0.84,
5分钟 扫止损收回 补仓3笔(1:1:1，-3%/-6%补) 均价止盈1% 止损离第一笔10% 拿24h,1405,80,0.85,0.86,,1607,86,1.01,0.83,,1288,88,1.1,0.94,
5分钟 扫止损收回 补仓3笔(1:1:1，-3%/-6%补) 均价止盈1% 止损离第一笔10% 拿72h,1315,90,1.01,0.83,,1542,93,1.12,0.83,,1243,94,1.26,1.1,✔
5分钟 扫止损收回 补仓3笔(1:1:1，-3%/-6%补) 均价止盈1% 止损离第一笔15% 拿24h,1403,80,0.78,0.95,,1604,86,0.98,0.72,,1285,88,1.07,0.82,
5分钟 扫止损收回 补仓3笔(1:1:1，-3%/-6%补) 均价止盈1% 止损离第一笔15% 拿72h,1303,91,0.81,0.85,,1516,94,1.15,1.02,,1237,95,1.08,0.84,
5分钟 扫止损收回 补仓3笔(1:1:1，-3%/-6%补) 均价止盈2% 止损离第一笔10% 拿24h,1304,67,0.93,0.8,,1472,75,1.06,0.92,,1198,76,1.06,0.98,
5分钟 扫止损收回 补仓3笔(1:1:1，-3%/-6%补) 均价止盈2% 止损离第一笔10% 拿72h,1140,81,1.09,0.91,,1309,86,1.12,0.85,✔,1100,86,1.19,0.98,✔
5分钟 扫止损收回 补仓3笔(1:1:1，-3%/-6%补) 均价止盈2% 止损离第一笔15% 拿24h,1300,67,0.84,0.86,,1464,75,1.06,0.86,,1195,76,1.0,0.9,
5分钟 扫止损收回 补仓3笔(1:1:1，-3%/-6%补) 均价止盈2% 止损离第一笔15% 拿72h,1124,82,0.96,0.74,,1277,88,1.26,0.94,✔,1089,87,1.03,0.95,
5分钟 扫止损收回 补仓3笔(1:1:1，-3%/-6%补) 均价止盈3% 止损离第一笔10% 拿24h,1239,60,0.87,0.9,,1378,67,1.06,0.97,,1142,68,0.96,1.0,
5分钟 扫止损收回 补仓3笔(1:1:1，-3%/-6%补) 均价止盈3% 止损离第一笔10% 拿72h,1022,73,0.94,0.88,,1149,78,1.03,0.92,,1000,78,1.03,0.94,
5分钟 扫止损收回 补仓3笔(1:1:1，-3%/-6%补) 均价止盈3% 止损离第一笔15% 拿24h,1236,61,0.8,0.9,,1370,67,1.07,0.9,,1138,69,0.92,0.95,
5分钟 扫止损收回 补仓3笔(1:1:1，-3%/-6%补) 均价止盈3% 止损离第一笔15% 拿72h,998,74,0.84,0.85,,1114,80,1.11,0.9,,982,80,0.95,0.88,
5分钟 扫止损收回 补仓3笔(1:1:2，-3%/-6%补) 均价止盈1% 止损离第一笔10% 拿24h,1406,81,0.83,0.85,,1607,87,0.98,0.79,,1288,88,1.09,0.82,
5分钟 扫止损收回 补仓3笔(1:1:2，-3%/-6%补) 均价止盈1% 止损离第一笔10% 拿72h,1318,91,1.0,0.87,,1551,94,1.08,0.84,,1246,95,1.32,1.07,✔
5分钟 扫止损收回 补仓3笔(1:1:2，-3%/-6%补) 均价止盈1% 止损离第一笔15% 拿24h,1404,81,0.75,0.88,,1605,87,0.94,0.94,,1285,88,1.02,0.96,
5分钟 扫止损收回 补仓3笔(1:1:2，-3%/-6%补) 均价止盈1% 止损离第一笔15% 拿72h,1306,91,0.8,0.76,,1527,95,1.07,0.84,,1241,95,1.17,0.93,✔
5分钟 扫止损收回 补仓3笔(1:1:2，-3%/-6%补) 均价止盈2% 止损离第一笔10% 拿24h,1308,68,0.95,0.9,,1472,75,1.08,0.86,,1201,77,1.08,0.9,
5分钟 扫止损收回 补仓3笔(1:1:2，-3%/-6%补) 均价止盈2% 止损离第一笔10% 拿72h,1148,83,1.13,1.01,,1322,88,1.18,0.99,✔,1110,87,1.25,0.97,✔
5分钟 扫止损收回 补仓3笔(1:1:2，-3%/-6%补) 均价止盈2% 止损离第一笔15% 拿24h,1305,68,0.83,0.84,,1464,75,1.06,0.84,,1198,77,1.01,0.86,
5分钟 扫止损收回 补仓3笔(1:1:2，-3%/-6%补) 均价止盈2% 止损离第一笔15% 拿72h,1133,83,0.95,0.85,,1294,90,1.3,1.0,✔,1100,88,1.07,0.83,
5分钟 扫止损收回 补仓3笔(1:1:2，-3%/-6%补) 均价止盈3% 止损离第一笔10% 拿24h,1239,61,0.91,0.85,,1380,68,1.05,0.98,,1143,69,0.95,0.91,
5分钟 扫止损收回 补仓3笔(1:1:2，-3%/-6%补) 均价止盈3% 止损离第一笔10% 拿72h,1027,74,0.97,0.92,,1158,80,1.04,0.92,,1006,79,1.04,0.98,
5分钟 扫止损收回 补仓3笔(1:1:2，-3%/-6%补) 均价止盈3% 止损离第一笔15% 拿24h,1236,61,0.81,0.81,,1372,68,1.06,0.8,,1139,69,0.91,0.89,
5分钟 扫止损收回 补仓3笔(1:1:2，-3%/-6%补) 均价止盈3% 止损离第一笔15% 拿72h,1003,75,0.85,0.82,,1123,82,1.12,0.9,,990,81,0.93,0.85,
5分钟 扫止损收回 补仓4笔(1:1:1:1，-2%/-4%/-6%补) 均价止盈1% 止损离第一笔10% 拿24h,1408,82,0.85,0.86,,1621,89,1.06,0.84,,1301,90,1.23,0.94,✔
5分钟 扫止损收回 补仓4笔(1:1:1:1，-2%/-4%/-6%补) 均价止盈1% 止损离第一笔10% 拿72h,1331,92,1.03,0.89,,1578,94,1.14,0.86,,1267,95,1.42,0.97,✔
5分钟 扫止损收回 补仓4笔(1:1:1:1，-2%/-4%/-6%补) 均价止盈1% 止损离第一笔15% 拿24h,1406,82,0.75,0.88,,1618,89,1.0,0.84,,1298,90,1.11,0.9,✔
5分钟 扫止损收回 补仓4笔(1:1:1:1，-2%/-4%/-6%补) 均价止盈1% 止损离第一笔15% 拿72h,1321,92,0.81,0.8,,1550,95,1.21,0.9,,1262,96,1.14,0.82,✔
5分钟 扫止损收回 补仓4笔(1:1:1:1，-2%/-4%/-6%补) 均价止盈2% 止损离第一笔10% 拿24h,1315,71,1.0,0.91,,1482,77,1.05,0.94,,1205,77,1.05,0.95,
5分钟 扫止损收回 补仓4笔(1:1:1:1，-2%/-4%/-6%补) 均价止盈2% 止损离第一笔10% 拿72h,1166,83,1.19,1.05,,1333,87,1.16,0.89,✔,1110,87,1.16,0.9,✔
5分钟 扫止损收回 补仓4笔(1:1:1:1，-2%/-4%/-6%补) 均价止盈2% 止损离第一笔15% 拿24h,1311,71,0.9,0.92,,1475,77,1.05,0.89,,1202,77,0.99,0.93,
5分钟 扫止损收回 补仓4笔(1:1:1:1，-2%/-4%/-6%补) 均价止盈2% 止损离第一笔15% 拿72h,1149,84,1.07,0.92,,1296,89,1.3,0.93,✔,1099,88,1.01,0.89,
5分钟 扫止损收回 补仓4笔(1:1:1:1，-2%/-4%/-6%补) 均价止盈3% 止损离第一笔10% 拿24h,1242,63,0.86,0.91,,1383,69,1.06,0.91,,1147,71,1.07,0.9,
5分钟 扫止损收回 补仓4笔(1:1:1:1，-2%/-4%/-6%补) 均价止盈3% 止损离第一笔10% 拿72h,1032,74,0.94,0.91,,1163,79,1.03,0.92,,1009,80,1.12,0.9,✔
5分钟 扫止损收回 补仓4笔(1:1:1:1，-2%/-4%/-6%补) 均价止盈3% 止损离第一笔15% 拿24h,1239,63,0.79,0.83,,1374,69,1.06,0.83,,1143,71,1.02,0.99,
5分钟 扫止损收回 补仓4笔(1:1:1:1，-2%/-4%/-6%补) 均价止盈3% 止损离第一笔15% 拿72h,1007,75,0.85,0.8,,1130,81,1.14,0.94,✔,989,82,1.01,0.97,
5分钟 扫止损收回 补仓5笔(1:1:1:1:1，-2%/-4%/-6%/-8%补) 均价止盈1% 止损离第一笔11% 拿24h,1410,83,0.84,0.87,,1620,89,1.05,0.8,,1300,90,1.31,1.09,✔
5分钟 扫止损收回 补仓5笔(1:1:1:1:1，-2%/-4%/-6%/-8%补) 均价止盈1% 止损离第一笔11% 拿72h,1331,92,1.0,0.86,,1567,95,1.13,0.92,,1270,96,1.54,0.88,✔
5分钟 扫止损收回 补仓5笔(1:1:1:1:1，-2%/-4%/-6%/-8%补) 均价止盈1% 止损离第一笔14% 拿24h,1408,83,0.78,0.84,,1618,89,1.01,0.8,,1299,90,1.18,0.85,✔
5分钟 扫止损收回 补仓5笔(1:1:1:1:1，-2%/-4%/-6%/-8%补) 均价止盈1% 止损离第一笔14% 拿72h,1327,92,0.84,0.86,,1552,96,1.21,0.78,,1268,96,1.3,1.01,✔
5分钟 扫止损收回 补仓5笔(1:1:1:1:1，-2%/-4%/-6%/-8%补) 均价止盈1% 止损离第一笔18% 拿24h,1408,83,0.75,0.77,,1618,89,0.99,0.84,,1299,90,1.1,0.86,
5分钟 扫止损收回 补仓5笔(1:1:1:1:1，-2%/-4%/-6%/-8%补) 均价止盈1% 止损离第一笔18% 拿72h,1324,92,0.71,0.78,,1548,96,1.14,0.85,,1268,96,1.03,0.73,
5分钟 扫止损收回 补仓5笔(1:1:1:1:1，-2%/-4%/-6%/-8%补) 均价止盈2% 止损离第一笔11% 拿24h,1315,71,1.01,0.84,,1478,77,1.06,0.82,,1205,78,1.07,0.89,
5分钟 扫止损收回 补仓5笔(1:1:1:1:1，-2%/-4%/-6%/-8%补) 均价止盈2% 止损离第一笔11% 拿72h,1158,84,1.2,0.98,✔,1321,89,1.2,0.89,✔,1112,88,1.19,1.03,✔
5分钟 扫止损收回 补仓5笔(1:1:1:1:1，-2%/-4%/-6%/-8%补) 均价止盈2% 止损离第一笔14% 拿24h,1312,71,0.91,0.91,,1476,77,1.05,0.85,,1204,78,1.0,1.01,
5分钟 扫止损收回 补仓5笔(1:1:1:1:1，-2%/-4%/-6%/-8%补) 均价止盈2% 止损离第一笔14% 拿72h,1153,84,1.06,0.82,,1306,90,1.31,0.95,✔,1108,89,1.06,1.0,
5分钟 扫止损收回 补仓5笔(1:1:1:1:1，-2%/-4%/-6%/-8%补) 均价止盈2% 止损离第一笔18% 拿24h,1312,71,0.9,0.82,,1475,77,1.04,0.94,,1204,78,1.0,0.83,
5分钟 扫止损收回 补仓5笔(1:1:1:1:1，-2%/-4%/-6%/-8%补) 均价止盈2% 止损离第一笔18% 拿72h,1147,85,1.0,0.85,,1295,90,1.24,0.92,✔,1104,89,1.0,0.96,
5分钟 扫止损收回 补仓5笔(1:1:1:1:1，-2%/-4%/-6%/-8%补) 均价止盈3% 止损离第一笔11% 拿24h,1241,63,0.88,0.89,,1379,69,1.08,0.9,,1146,71,1.06,0.9,
5分钟 扫止损收回 补仓5笔(1:1:1:1:1，-2%/-4%/-6%/-8%补) 均价止盈3% 止损离第一笔11% 拿72h,1021,75,0.95,0.9,,1158,81,1.1,0.92,✔,1005,82,1.11,0.9,✔
5分钟 扫止损收回 补仓5笔(1:1:1:1:1，-2%/-4%/-6%/-8%补) 均价止盈3% 止损离第一笔14% 拿24h,1239,63,0.8,0.89,,1375,70,1.09,0.92,,1144,71,1.01,1.03,
5分钟 扫止损收回 补仓5笔(1:1:1:1:1，-2%/-4%/-6%/-8%补) 均价止盈3% 止损离第一笔14% 拿72h,1012,75,0.85,0.85,,1140,82,1.18,0.94,✔,995,83,1.01,0.86,
5分钟 扫止损收回 补仓5笔(1:1:1:1:1，-2%/-4%/-6%/-8%补) 均价止盈3% 止损离第一笔18% 拿24h,1239,63,0.8,0.89,,1374,70,1.05,0.95,,1143,71,1.02,0.86,
5分钟 扫止损收回 补仓5笔(1:1:1:1:1，-2%/-4%/-6%/-8%补) 均价止盈3% 止损离第一笔18% 拿72h,1003,76,0.79,0.79,,1128,82,1.12,0.95,✔,987,83,0.98,0.92,
5分钟 扫止损收回 补仓5笔(1:1:1:1:1，-2%/-4%/-6%/-8%补) 均价止盈5% 止损离第一笔11% 拿24h,1199,59,0.94,0.92,,1291,63,1.15,1.0,,1073,63,0.99,0.86,
5分钟 扫止损收回 补仓5笔(1:1:1:1:1，-2%/-4%/-6%/-8%补) 均价止盈5% 止损离第一笔11% 拿72h,904,67,1.06,0.88,,967,70,1.1,0.94,✔,857,72,1.02,0.99,
5分钟 扫止损收回 补仓5笔(1:1:1:1:1，-2%/-4%/-6%/-8%补) 均价止盈5% 止损离第一笔14% 拿24h,1196,59,0.88,0.94,,1290,64,1.15,0.95,,1071,64,0.96,0.85,
5分钟 扫止损收回 补仓5笔(1:1:1:1:1，-2%/-4%/-6%/-8%补) 均价止盈5% 止损离第一笔14% 拿72h,891,67,0.95,0.87,,948,72,1.18,0.81,✔,844,73,1.0,1.01,
5分钟 扫止损收回 补仓5笔(1:1:1:1:1，-2%/-4%/-6%/-8%补) 均价止盈5% 止损离第一笔18% 拿24h,1196,59,0.85,0.83,,1289,64,1.09,0.93,,1070,64,0.97,0.88,
5分钟 扫止损收回 补仓5笔(1:1:1:1:1，-2%/-4%/-6%/-8%补) 均价止盈5% 止损离第一笔18% 拿72h,882,68,0.88,0.82,,937,72,1.1,0.94,,837,74,0.96,0.9,
5分钟 扫止损收回 补仓5笔(1:1:1:1:1，-2%/-4%/-6%/-8%补) 均价止盈8% 止损离第一笔11% 拿24h,1167,58,0.96,0.9,,1240,62,1.13,0.94,,1045,60,0.93,0.84,
5分钟 扫止损收回 补仓5笔(1:1:1:1:1，-2%/-4%/-6%/-8%补) 均价止盈8% 止损离第一笔11% 拿72h,824,63,1.01,0.92,,839,64,1.12,0.97,✔,758,65,0.98,0.98,
5分钟 扫止损收回 补仓5笔(1:1:1:1:1，-2%/-4%/-6%/-8%补) 均价止盈8% 止损离第一笔14% 拿24h,1164,58,0.89,0.84,,1239,62,1.12,0.95,,1043,61,0.91,0.91,
5分钟 扫止损收回 补仓5笔(1:1:1:1:1，-2%/-4%/-6%/-8%补) 均价止盈8% 止损离第一笔14% 拿72h,810,63,0.89,0.77,,825,65,1.13,1.02,✔,744,67,0.99,0.83,
5分钟 扫止损收回 补仓5笔(1:1:1:1:1，-2%/-4%/-6%/-8%补) 均价止盈8% 止损离第一笔18% 拿24h,1164,58,0.87,0.89,,1239,62,1.06,0.89,,1042,61,0.94,0.99,
5分钟 扫止损收回 补仓5笔(1:1:1:1:1，-2%/-4%/-6%/-8%补) 均价止盈8% 止损离第一笔18% 拿72h,802,63,0.82,0.8,,815,65,1.08,0.97,,732,68,1.02,0.92,
5分钟 扫止损收回 补仓6笔(1:1:1:1:1:1，-1.5%/-3%/-4.5%/-6%/-7.5%补) 均价止盈1% 止损离第一笔10.5% 拿24h,1418,84,0.91,0.84,,1630,90,1.01,0.82,,1304,90,1.1,0.92,✔
5分钟 扫止损收回 补仓6笔(1:1:1:1:1:1，-1.5%/-3%/-4.5%/-6%/-7.5%补) 均价止盈1% 止损离第一笔10.5% 拿72h,1354,93,1.12,0.84,,1586,95,1.05,0.74,,1275,96,1.36,1.08,✔
5分钟 扫止损收回 补仓6笔(1:1:1:1:1:1，-1.5%/-3%/-4.5%/-6%/-7.5%补) 均价止盈1% 止损离第一笔13.5% 拿24h,1417,84,0.84,0.78,,1628,90,0.99,0.85,,1301,91,1.12,0.83,✔
5分钟 扫止损收回 补仓6笔(1:1:1:1:1:1，-1.5%/-3%/-4.5%/-6%/-7.5%补) 均价止盈1% 止损离第一笔13.5% 拿72h,1348,93,0.96,0.81,,1570,96,1.06,0.81,,1271,97,1.33,1.1,✔
5分钟 扫止损收回 补仓6笔(1:1:1:1:1:1，-1.5%/-3%/-4.5%/-6%/-7.5%补) 均价止盈1% 止损离第一笔17.5% 拿24h,1417,84,0.83,0.73,,1628,90,1.0,0.8,,1301,91,1.03,0.89,
5分钟 扫止损收回 补仓6笔(1:1:1:1:1:1，-1.5%/-3%/-4.5%/-6%/-7.5%补) 均价止盈1% 止损离第一笔17.5% 拿72h,1345,93,0.84,0.78,,1564,96,1.06,0.78,,1270,97,1.08,0.95,
5分钟 扫止损收回 补仓6笔(1:1:1:1:1:1，-1.5%/-3%/-4.5%/-6%/-7.5%补) 均价止盈2% 止损离第一笔10.5% 拿24h,1322,73,1.01,0.82,,1491,78,1.02,0.95,,1214,80,1.08,0.97,
5分钟 扫止损收回 补仓6笔(1:1:1:1:1:1，-1.5%/-3%/-4.5%/-6%/-7.5%补) 均价止盈2% 止损离第一笔10.5% 拿72h,1177,86,1.2,0.88,,1348,89,1.09,0.86,,1136,89,1.22,0.89,✔
5分钟 扫止损收回 补仓6笔(1:1:1:1:1:1，-1.5%/-3%/-4.5%/-6%/-7.5%补) 均价止盈2% 止损离第一笔13.5% 拿24h,1322,73,0.91,0.91,,1486,79,1.01,0.83,,1211,80,1.05,0.91,
5分钟 扫止损收回 补仓6笔(1:1:1:1:1:1，-1.5%/-3%/-4.5%/-6%/-7.5%补) 均价止盈2% 止损离第一笔13.5% 拿72h,1169,86,1.06,0.87,,1323,90,1.18,0.92,✔,1129,90,1.16,0.85,✔
5分钟 扫止损收回 补仓6笔(1:1:1:1:1:1，-1.5%/-3%/-4.5%/-6%/-7.5%补) 均价止盈2% 止损离第一笔17.5% 拿24h,1321,73,0.9,0.89,,1485,79,1.03,0.89,,1211,80,1.01,0.89,
5分钟 扫止损收回 补仓6笔(1:1:1:1:1:1，-1.5%/-3%/-4.5%/-6%/-7.5%补) 均价止盈2% 止损离第一笔17.5% 拿72h,1162,86,1.0,0.78,,1312,90,1.23,0.78,✔,1125,90,0.98,0.88,
5分钟 扫止损收回 补仓6笔(1:1:1:1:1:1，-1.5%/-3%/-4.5%/-6%/-7.5%补) 均价止盈3% 止损离第一笔10.5% 拿24h,1244,65,0.9,0.91,,1382,71,1.04,0.95,,1155,73,0.99,0.98,
5分钟 扫止损收回 补仓6笔(1:1:1:1:1:1，-1.5%/-3%/-4.5%/-6%/-7.5%补) 均价止盈3% 止损离第一笔10.5% 拿72h,1032,77,1.0,0.84,,1171,81,1.07,0.92,,1025,82,1.08,0.89,
5分钟 扫止损收回 补仓6笔(1:1:1:1:1:1，-1.5%/-3%/-4.5%/-6%/-7.5%补) 均价止盈3% 止损离第一笔13.5% 拿24h,1243,65,0.83,0.92,,1376,71,1.03,0.87,,1153,73,0.98,0.9,
5分钟 扫止损收回 补仓6笔(1:1:1:1:1:1，-1.5%/-3%/-4.5%/-6%/-7.5%补) 均价止盈3% 止损离第一笔13.5% 拿72h,1020,77,0.88,0.87,,1150,83,1.12,0.87,,1016,84,1.05,0.9,
5分钟 扫止损收回 补仓6笔(1:1:1:1:1:1，-1.5%/-3%/-4.5%/-6%/-7.5%补) 均价止盈3% 止损离第一笔17.5% 拿24h,1242,65,0.8,0.9,,1375,71,1.03,0.93,,1152,74,0.96,0.87,
5分钟 扫止损收回 补仓6笔(1:1:1:1:1:1，-1.5%/-3%/-4.5%/-6%/-7.5%补) 均价止盈3% 止损离第一笔17.5% 拿72h,1011,77,0.85,0.85,,1135,84,1.12,0.93,,1007,84,0.95,0.89,
5分钟 扫止损收回 补仓6笔(1:1:1:1:1:1，-1.5%/-3%/-4.5%/-6%/-7.5%补) 均价止盈5% 止损离第一笔10.5% 拿24h,1198,61,0.93,0.85,,1294,66,1.12,0.86,,1074,66,0.94,0.94,
5分钟 扫止损收回 补仓6笔(1:1:1:1:1:1，-1.5%/-3%/-4.5%/-6%/-7.5%补) 均价止盈5% 止损离第一笔10.5% 拿72h,914,68,1.03,0.91,,973,70,1.07,0.91,,864,72,0.97,0.93,
5分钟 扫止损收回 补仓6笔(1:1:1:1:1:1，-1.5%/-3%/-4.5%/-6%/-7.5%补) 均价止盈5% 止损离第一笔13.5% 拿24h,1197,61,0.87,0.84,,1290,66,1.1,0.92,,1071,66,0.95,0.85,
5分钟 扫止损收回 补仓6笔(1:1:1:1:1:1，-1.5%/-3%/-4.5%/-6%/-7.5%补) 均价止盈5% 止损离第一笔13.5% 拿72h,898,68,0.95,0.89,,949,72,1.11,0.95,✔,846,74,0.99,0.87,
5分钟 扫止损收回 补仓6笔(1:1:1:1:1:1，-1.5%/-3%/-4.5%/-6%/-7.5%补) 均价止盈5% 止损离第一笔17.5% 拿24h,1196,61,0.84,0.95,,1289,66,1.08,0.88,,1070,67,0.93,0.83,
5分钟 扫止损收回 补仓6笔(1:1:1:1:1:1，-1.5%/-3%/-4.5%/-6%/-7.5%补) 均价止盈5% 止损离第一笔17.5% 拿72h,886,69,0.87,0.77,,939,72,1.06,0.84,,840,74,0.93,0.93,
5分钟 扫止损收回 补仓6笔(1:1:1:1:1:1，-1.5%/-3%/-4.5%/-6%/-7.5%补) 均价止盈8% 止损离第一笔10.5% 拿24h,1168,60,0.9,0.91,,1244,65,1.11,0.95,,1046,63,0.89,0.92,
5分钟 扫止损收回 补仓6笔(1:1:1:1:1:1，-1.5%/-3%/-4.5%/-6%/-7.5%补) 均价止盈8% 止损离第一笔10.5% 拿72h,829,63,0.97,0.87,,847,64,1.11,0.91,✔,767,65,0.97,0.82,
5分钟 扫止损收回 补仓6笔(1:1:1:1:1:1，-1.5%/-3%/-4.5%/-6%/-7.5%补) 均价止盈8% 止损离第一笔13.5% 拿24h,1165,60,0.87,0.83,,1240,65,1.1,0.83,,1044,64,0.9,0.95,
5分钟 扫止损收回 补仓6笔(1:1:1:1:1:1，-1.5%/-3%/-4.5%/-6%/-7.5%补) 均价止盈8% 止损离第一笔13.5% 拿72h,814,64,0.88,0.78,,828,65,1.1,0.9,✔,746,67,0.97,1.02,
5分钟 扫止损收回 补仓6笔(1:1:1:1:1:1，-1.5%/-3%/-4.5%/-6%/-7.5%补) 均价止盈8% 止损离第一笔17.5% 拿24h,1164,60,0.84,0.74,,1240,65,1.06,0.86,,1043,64,0.91,0.83,
5分钟 扫止损收回 补仓6笔(1:1:1:1:1:1，-1.5%/-3%/-4.5%/-6%/-7.5%补) 均价止盈8% 止损离第一笔17.5% 拿72h,804,64,0.82,0.8,,816,66,1.08,0.96,,736,68,0.97,0.89,
5分钟 扫止损收回 补仓5笔(1:1:2:2:4，-2%/-4%/-6%/-8%补) 均价止盈1% 止损离第一笔11% 拿24h,1413,84,0.86,0.89,,1625,90,1.04,0.72,,1306,91,1.32,0.82,✔
5分钟 扫止损收回 补仓5笔(1:1:2:2:4，-2%/-4%/-6%/-8%补) 均价止盈1% 止损离第一笔11% 拿72h,1345,94,1.02,0.93,,1583,96,1.03,0.81,,1280,97,1.52,1.04,✔
5分钟 扫止损收回 补仓5笔(1:1:2:2:4，-2%/-4%/-6%/-8%补) 均价止盈1% 止损离第一笔14% 拿24h,1411,84,0.78,0.83,,1623,90,0.98,0.74,,1305,91,1.15,0.94,✔
5分钟 扫止损收回 补仓5笔(1:1:2:2:4，-2%/-4%/-6%/-8%补) 均价止盈1% 止损离第一笔14% 拿72h,1341,94,0.8,0.89,,1571,97,1.05,0.81,,1278,97,1.2,0.81,✔
5分钟 扫止损收回 补仓5笔(1:1:2:2:4，-2%/-4%/-6%/-8%补) 均价止盈1% 止损离第一笔18% 拿24h,1411,84,0.73,0.89,,1623,90,0.94,0.88,,1305,91,0.96,0.84,
5分钟 扫止损收回 补仓5笔(1:1:2:2:4，-2%/-4%/-6%/-8%补) 均价止盈1% 止损离第一笔18% 拿72h,1339,94,0.67,0.83,,1567,97,0.97,0.76,,1278,97,0.88,1.0,
5分钟 扫止损收回 补仓5笔(1:1:2:2:4，-2%/-4%/-6%/-8%补) 均价止盈2% 止损离第一笔11% 拿24h,1323,73,1.06,0.84,,1483,80,1.18,0.82,,1210,80,1.14,0.97,
5分钟 扫止损收回 补仓5笔(1:1:2:2:4，-2%/-4%/-6%/-8%补) 均价止盈2% 止损离第一笔11% 拿72h,1174,86,1.24,0.93,✔,1350,91,1.25,1.01,✔,1135,91,1.29,0.98,✔
5分钟 扫止损收回 补仓5笔(1:1:2:2:4，-2%/-4%/-6%/-8%补) 均价止盈2% 止损离第一笔14% 拿24h,1320,73,0.91,0.93,,1481,80,1.12,0.87,,1209,80,1.04,0.84,
5分钟 扫止损收回 补仓5笔(1:1:2:2:4，-2%/-4%/-6%/-8%补) 均价止盈2% 止损离第一笔14% 拿72h,1170,86,1.05,0.88,,1335,92,1.32,0.81,,1130,92,1.18,0.9,
5分钟 扫止损收回 补仓5笔(1:1:2:2:4，-2%/-4%/-6%/-8%补) 均价止盈2% 止损离第一笔18% 拿24h,1320,74,0.91,0.78,,1480,80,1.12,0.86,,1209,80,1.05,1.01,
5分钟 扫止损收回 补仓5笔(1:1:2:2:4，-2%/-4%/-6%/-8%补) 均价止盈2% 止损离第一笔18% 拿72h,1165,87,0.97,0.72,,1324,92,1.19,0.94,,1128,92,1.06,0.87,
5分钟 扫止损收回 补仓5笔(1:1:2:2:4，-2%/-4%/-6%/-8%补) 均价止盈3% 止损离第一笔11% 拿24h,1243,65,0.95,0.88,,1384,71,1.08,0.89,,1152,73,1.05,0.95,
5分钟 扫止损收回 补仓5笔(1:1:2:2:4，-2%/-4%/-6%/-8%补) 均价止盈3% 止损离第一笔11% 拿72h,1035,79,1.03,0.81,,1172,83,1.07,0.95,,1023,85,1.15,0.86,✔
5分钟 扫止损收回 补仓5笔(1:1:2:2:4，-2%/-4%/-6%/-8%补) 均价止盈3% 止损离第一笔14% 拿24h,1241,65,0.81,0.93,,1380,72,1.08,0.86,,1151,73,0.98,0.91,
5分钟 扫止损收回 补仓5笔(1:1:2:2:4，-2%/-4%/-6%/-8%补) 均价止盈3% 止损离第一笔14% 拿72h,1027,79,0.88,0.81,,1157,85,1.16,0.92,✔,1016,86,1.0,0.94,
5分钟 扫止损收回 补仓5笔(1:1:2:2:4，-2%/-4%/-6%/-8%补) 均价止盈3% 止损离第一笔18% 拿24h,1241,66,0.81,0.79,,1379,72,1.03,0.81,,1150,74,0.96,0.94,
5分钟 扫止损收回 补仓5笔(1:1:2:2:4，-2%/-4%/-6%/-8%补) 均价止盈3% 止损离第一笔18% 拿72h,1021,79,0.82,0.71,,1144,85,1.08,0.87,,1010,87,0.92,0.8,
5分钟 扫止损收回 补仓5笔(1:1:2:2:4，-2%/-4%/-6%/-8%补) 均价止盈5% 止损离第一笔11% 拿24h,1201,62,1.0,0.88,,1292,65,1.19,0.96,,1075,66,0.99,0.95,
5分钟 扫止损收回 补仓5笔(1:1:2:2:4，-2%/-4%/-6%/-8%补) 均价止盈5% 止损离第一笔11% 拿72h,909,70,1.03,0.92,,974,73,1.09,0.94,,865,75,1.03,0.97,
5分钟 扫止损收回 补仓5笔(1:1:2:2:4，-2%/-4%/-6%/-8%补) 均价止盈5% 止损离第一笔14% 拿24h,1198,62,0.9,0.89,,1291,66,1.19,0.86,,1073,66,0.94,0.84,
5分钟 扫止损收回 补仓5笔(1:1:2:2:4，-2%/-4%/-6%/-8%补) 均价止盈5% 止损离第一笔14% 拿72h,898,71,0.94,0.81,,957,75,1.16,0.87,,853,77,0.99,0.83,
5分钟 扫止损收回 补仓5笔(1:1:2:2:4，-2%/-4%/-6%/-8%补) 均价止盈5% 止损离第一笔18% 拿24h,1198,62,0.87,0.84,,1290,66,1.1,0.86,,1072,67,0.95,0.91,
5分钟 扫止损收回 补仓5笔(1:1:2:2:4，-2%/-4%/-6%/-8%补) 均价止盈5% 止损离第一笔18% 拿72h,889,71,0.84,0.69,,946,75,1.05,0.85,,847,78,0.97,0.84,
5分钟 扫止损收回 补仓5笔(1:1:2:2:4，-2%/-4%/-6%/-8%补) 均价止盈8% 止损离第一笔11% 拿24h,1167,61,1.02,0.89,,1241,64,1.21,0.99,,1045,63,0.96,0.88,
5分钟 扫止损收回 补仓5笔(1:1:2:2:4，-2%/-4%/-6%/-8%补) 均价止盈8% 止损离第一笔11% 拿72h,826,66,0.99,0.89,,843,67,1.13,0.92,✔,762,69,0.96,0.88,
5分钟 扫止损收回 补仓5笔(1:1:2:2:4，-2%/-4%/-6%/-8%补) 均价止盈8% 止损离第一笔14% 拿24h,1164,61,0.91,0.89,,1240,65,1.2,0.81,,1043,63,0.92,0.81,
5分钟 扫止损收回 补仓5笔(1:1:2:2:4，-2%/-4%/-6%/-8%补) 均价止盈8% 止损离第一笔14% 拿72h,813,67,0.84,0.81,,830,69,1.16,0.9,✔,750,71,0.95,0.9,
5分钟 扫止损收回 补仓5笔(1:1:2:2:4，-2%/-4%/-6%/-8%补) 均价止盈8% 止损离第一笔18% 拿24h,1164,61,0.88,0.85,,1240,65,1.1,0.93,,1042,64,0.96,0.94,
5分钟 扫止损收回 补仓5笔(1:1:2:2:4，-2%/-4%/-6%/-8%补) 均价止盈8% 止损离第一笔18% 拿72h,805,67,0.74,0.75,,820,69,1.09,0.92,,738,72,0.95,1.02,
5分钟 扫止损收回 补仓8笔(1:1:1:1:1:1:1:1，-1%/-2%/-3%/-4%/-5%/-6%/-7%补) 均价止盈1% 止损离第一笔10% 拿24h,1427,86,0.9,0.91,,1636,91,0.96,0.75,,1316,92,1.23,1.02,✔
5分钟 扫止损收回 补仓8笔(1:1:1:1:1:1:1:1，-1%/-2%/-3%/-4%/-5%/-6%/-7%补) 均价止盈1% 止损离第一笔10% 拿72h,1371,94,1.09,0.87,,1604,95,1.0,0.88,,1291,97,1.49,1.02,✔
5分钟 扫止损收回 补仓8笔(1:1:1:1:1:1:1:1，-1%/-2%/-3%/-4%/-5%/-6%/-7%补) 均价止盈1% 止损离第一笔13% 拿24h,1426,86,0.81,0.83,,1634,91,0.87,0.79,,1313,92,1.21,0.94,✔
5分钟 扫止损收回 补仓8笔(1:1:1:1:1:1:1:1，-1%/-2%/-3%/-4%/-5%/-6%/-7%补) 均价止盈1% 止损离第一笔13% 拿72h,1366,94,0.88,0.8,,1587,96,0.97,0.67,,1287,97,1.41,0.87,✔
5分钟 扫止损收回 补仓8笔(1:1:1:1:1:1:1:1，-1%/-2%/-3%/-4%/-5%/-6%/-7%补) 均价止盈1% 止损离第一笔17% 拿24h,1425,86,0.79,0.91,,1634,91,0.88,0.73,,1313,92,1.03,0.95,
5分钟 扫止损收回 补仓8笔(1:1:1:1:1:1:1:1，-1%/-2%/-3%/-4%/-5%/-6%/-7%补) 均价止盈1% 止损离第一笔17% 拿72h,1363,94,0.74,0.8,,1581,96,1.0,0.95,,1287,97,1.16,0.91,✔
5分钟 扫止损收回 补仓8笔(1:1:1:1:1:1:1:1，-1%/-2%/-3%/-4%/-5%/-6%/-7%补) 均价止盈2% 止损离第一笔10% 拿24h,1322,75,0.99,0.83,,1490,79,0.98,0.91,,1216,80,1.08,0.95,
5分钟 扫止损收回 补仓8笔(1:1:1:1:1:1:1:1，-1%/-2%/-3%/-4%/-5%/-6%/-7%补) 均价止盈2% 止损离第一笔10% 拿72h,1187,86,1.17,0.96,,1355,89,1.07,0.95,,1141,90,1.23,1.0,✔
5分钟 扫止损收回 补仓8笔(1:1:1:1:1:1:1:1，-1%/-2%/-3%/-4%/-5%/-6%/-7%补) 均价止盈2% 止损离第一笔13% 拿24h,1321,75,0.94,0.89,,1485,79,0.92,0.88,,1213,81,1.08,0.93,
5分钟 扫止损收回 补仓8笔(1:1:1:1:1:1:1:1，-1%/-2%/-3%/-4%/-5%/-6%/-7%补) 均价止盈2% 止损离第一笔13% 拿72h,1176,87,1.06,0.9,,1336,90,1.08,0.92,,1134,91,1.17,0.88,✔
5分钟 扫止损收回 补仓8笔(1:1:1:1:1:1:1:1，-1%/-2%/-3%/-4%/-5%/-6%/-7%补) 均价止盈2% 止损离第一笔17% 拿24h,1320,75,0.89,0.8,,1483,79,0.96,0.83,,1213,81,1.01,1.04,
5分钟 扫止损收回 补仓8笔(1:1:1:1:1:1:1:1，-1%/-2%/-3%/-4%/-5%/-6%/-7%补) 均价止盈2% 止损离第一笔17% 拿72h,1171,87,1.01,0.82,,1318,90,1.19,0.82,,1130,91,0.99,0.89,
5分钟 扫止损收回 补仓8笔(1:1:1:1:1:1:1:1，-1%/-2%/-3%/-4%/-5%/-6%/-7%补) 均价止盈3% 止损离第一笔10% 拿24h,1248,67,0.88,0.95,,1393,72,1.06,0.85,,1158,74,1.04,0.96,
5分钟 扫止损收回 补仓8笔(1:1:1:1:1:1:1:1，-1%/-2%/-3%/-4%/-5%/-6%/-7%补) 均价止盈3% 止损离第一笔10% 拿72h,1049,77,1.0,0.88,,1197,82,1.07,0.86,,1031,83,1.15,0.97,✔
5分钟 扫止损收回 补仓8笔(1:1:1:1:1:1:1:1，-1%/-2%/-3%/-4%/-5%/-6%/-7%补) 均价止盈3% 止损离第一笔13% 拿24h,1247,67,0.84,0.87,,1386,72,0.99,0.87,,1156,74,1.0,0.95,
5分钟 扫止损收回 补仓8笔(1:1:1:1:1:1:1:1，-1%/-2%/-3%/-4%/-5%/-6%/-7%补) 均价止盈3% 止损离第一笔13% 拿72h,1033,78,0.89,0.81,,1179,83,1.05,0.85,,1020,84,1.06,1.03,
5分钟 扫止损收回 补仓8笔(1:1:1:1:1:1:1:1，-1%/-2%/-3%/-4%/-5%/-6%/-7%补) 均价止盈3% 止损离第一笔17% 拿24h,1245,67,0.8,0.77,,1384,73,1.02,0.95,,1155,75,0.98,0.99,
5分钟 扫止损收回 补仓8笔(1:1:1:1:1:1:1:1，-1%/-2%/-3%/-4%/-5%/-6%/-7%补) 均价止盈3% 止损离第一笔17% 拿72h,1021,78,0.87,0.78,,1158,84,1.12,0.99,,1012,85,0.97,1.04,
5分钟 扫止损收回 补仓8笔(1:1:1:1:1:1:1:1，-1%/-2%/-3%/-4%/-5%/-6%/-7%补) 均价止盈5% 止损离第一笔10% 拿24h,1201,63,0.88,0.88,,1299,66,1.08,0.9,,1075,67,0.96,0.88,
5分钟 扫止损收回 补仓8笔(1:1:1:1:1:1:1:1，-1%/-2%/-3%/-4%/-5%/-6%/-7%补) 均价止盈5% 止损离第一笔10% 拿72h,926,69,1.04,0.93,,983,70,1.06,0.9,,868,72,0.96,0.95,
5分钟 扫止损收回 补仓8笔(1:1:1:1:1:1:1:1，-1%/-2%/-3%/-4%/-5%/-6%/-7%补) 均价止盈5% 止损离第一笔13% 拿24h,1200,63,0.88,0.82,,1294,67,1.06,0.89,,1072,67,0.95,0.9,
5分钟 扫止损收回 补仓8笔(1:1:1:1:1:1:1:1，-1%/-2%/-3%/-4%/-5%/-6%/-7%补) 均价止盈5% 止损离第一笔13% 拿72h,907,70,0.99,0.9,,961,72,1.1,0.92,,847,74,0.97,0.84,
5分钟 扫止损收回 补仓8笔(1:1:1:1:1:1:1:1，-1%/-2%/-3%/-4%/-5%/-6%/-7%补) 均价止盈5% 止损离第一笔17% 拿24h,1198,63,0.83,0.81,,1293,67,1.07,0.96,,1072,68,0.92,0.86,
5分钟 扫止损收回 补仓8笔(1:1:1:1:1:1:1:1，-1%/-2%/-3%/-4%/-5%/-6%/-7%补) 均价止盈5% 止损离第一笔17% 拿72h,893,71,0.91,0.81,,946,73,1.09,0.89,,844,75,0.91,0.84,
5分钟 扫止损收回 补仓8笔(1:1:1:1:1:1:1:1，-1%/-2%/-3%/-4%/-5%/-6%/-7%补) 均价止盈8% 止损离第一笔10% 拿24h,1170,62,0.86,0.84,,1245,65,1.08,0.86,,1046,64,0.93,0.85,
5分钟 扫止损收回 补仓8笔(1:1:1:1:1:1:1:1，-1%/-2%/-3%/-4%/-5%/-6%/-7%补) 均价止盈8% 止损离第一笔10% 拿72h,836,64,0.98,1.02,,851,64,1.09,0.94,,773,65,0.96,0.91,
5分钟 扫止损收回 补仓8笔(1:1:1:1:1:1:1:1，-1%/-2%/-3%/-4%/-5%/-6%/-7%补) 均价止盈8% 止损离第一笔13% 拿24h,1167,62,0.9,0.78,,1240,66,1.06,0.94,,1044,64,0.9,0.88,
5分钟 扫止损收回 补仓8笔(1:1:1:1:1:1:1:1，-1%/-2%/-3%/-4%/-5%/-6%/-7%补) 均价止盈8% 止损离第一笔13% 拿72h,820,65,0.93,0.86,,832,65,1.08,0.9,,752,68,0.96,0.96,
5分钟 扫止损收回 补仓8笔(1:1:1:1:1:1:1:1，-1%/-2%/-3%/-4%/-5%/-6%/-7%补) 均价止盈8% 止损离第一笔17% 拿24h,1165,62,0.85,0.78,,1240,66,1.06,0.99,,1044,65,0.91,0.87,
5分钟 扫止损收回 补仓8笔(1:1:1:1:1:1:1:1，-1%/-2%/-3%/-4%/-5%/-6%/-7%补) 均价止盈8% 止损离第一笔17% 拿72h,808,65,0.84,0.75,,819,66,1.09,0.89,,744,69,0.98,0.82,
5分钟 扫止损收回 补仓6笔(1:1:1:2:2:3，-2%/-4%/-6%/-9%/-12%补) 均价止盈1% 止损离第一笔15% 拿24h,1409,83,0.77,0.8,,1621,90,0.94,0.75,,1300,90,1.03,0.9,
5分钟 扫止损收回 补仓6笔(1:1:1:2:2:3，-2%/-4%/-6%/-9%/-12%补) 均价止盈1% 止损离第一笔15% 拿72h,1330,93,0.83,0.78,,1564,96,1.03,0.93,,1269,97,1.08,0.99,
5分钟 扫止损收回 补仓6笔(1:1:1:2:2:3，-2%/-4%/-6%/-9%/-12%补) 均价止盈1% 止损离第一笔18% 拿24h,1409,83,0.74,0.86,,1621,90,0.94,0.75,,1300,91,0.97,0.78,
5分钟 扫止损收回 补仓6笔(1:1:1:2:2:3，-2%/-4%/-6%/-9%/-12%补) 均价止盈1% 止损离第一笔18% 拿72h,1328,93,0.69,0.69,,1562,96,0.98,0.82,,1269,97,0.87,1.06,
5分钟 扫止损收回 补仓6笔(1:1:1:2:2:3，-2%/-4%/-6%/-9%/-12%补) 均价止盈1% 止损离第一笔22% 拿24h,1409,83,0.77,0.93,,1621,90,0.92,0.91,,1300,91,1.01,0.93,
5分钟 扫止损收回 补仓6笔(1:1:1:2:2:3，-2%/-4%/-6%/-9%/-12%补) 均价止盈1% 止损离第一笔22% 拿72h,1326,94,0.61,0.71,,1560,97,0.93,0.87,,1268,97,0.83,0.93,
5分钟 扫止损收回 补仓6笔(1:1:1:2:2:3，-2%/-4%/-6%/-9%/-12%补) 均价止盈2% 止损离第一笔15% 拿24h,1314,72,0.84,0.81,,1477,78,1.07,0.79,,1206,79,0.98,0.96,
5分钟 扫止损收回 补仓6笔(1:1:1:2:2:3，-2%/-4%/-6%/-9%/-12%补) 均价止盈2% 止损离第一笔15% 拿72h,1157,86,0.99,0.75,,1317,92,1.28,0.94,,1116,91,1.05,0.8,
5分钟 扫止损收回 补仓6笔(1:1:1:2:2:3，-2%/-4%/-6%/-9%/-12%补) 均价止盈2% 止损离第一笔18% 拿24h,1314,72,0.85,0.75,,1477,78,1.04,0.92,,1206,79,0.99,1.04,
5分钟 扫止损收回 补仓6笔(1:1:1:2:2:3，-2%/-4%/-6%/-9%/-12%补) 均价止盈2% 止损离第一笔18% 拿72h,1153,86,0.93,0.71,,1314,92,1.13,0.93,,1116,91,0.96,0.84,
5分钟 扫止损收回 补仓6笔(1:1:1:2:2:3，-2%/-4%/-6%/-9%/-12%补) 均价止盈2% 止损离第一笔22% 拿24h,1314,72,0.89,0.8,,1477,78,1.06,0.81,,1204,79,0.92,0.8,
5分钟 扫止损收回 补仓6笔(1:1:1:2:2:3，-2%/-4%/-6%/-9%/-12%补) 均价止盈2% 止损离第一笔22% 拿72h,1151,86,0.82,0.71,,1311,92,1.03,0.83,,1112,91,0.85,0.86,
5分钟 扫止损收回 补仓6笔(1:1:1:2:2:3，-2%/-4%/-6%/-9%/-12%补) 均价止盈3% 止损离第一笔15% 拿24h,1239,64,0.74,0.82,,1376,70,1.04,0.95,,1143,72,0.96,1.0,
5分钟 扫止损收回 补仓6笔(1:1:1:2:2:3，-2%/-4%/-6%/-9%/-12%补) 均价止盈3% 止损离第一笔15% 拿72h,1015,77,0.78,0.82,,1144,84,1.12,0.89,,1001,85,0.94,0.94,
5分钟 扫止损收回 补仓6笔(1:1:1:2:2:3，-2%/-4%/-6%/-9%/-12%补) 均价止盈3% 止损离第一笔18% 拿24h,1239,64,0.77,0.9,,1376,70,1.0,0.86,,1143,72,0.95,0.98,
5分钟 扫止损收回 补仓6笔(1:1:1:2:2:3，-2%/-4%/-6%/-9%/-12%补) 均价止盈3% 止损离第一笔18% 拿72h,1009,77,0.73,0.69,,1134,85,1.05,0.9,,999,85,0.89,0.98,
5分钟 扫止损收回 补仓6笔(1:1:1:2:2:3，-2%/-4%/-6%/-9%/-12%补) 均价止盈3% 止损离第一笔22% 拿24h,1238,64,0.79,0.75,,1376,70,1.0,0.85,,1141,72,0.87,0.85,
5分钟 扫止损收回 补仓6笔(1:1:1:2:2:3，-2%/-4%/-6%/-9%/-12%补) 均价止盈3% 止损离第一笔22% 拿72h,1005,77,0.66,0.72,,1132,85,0.94,0.92,,993,85,0.84,0.8,
5分钟 扫止损收回 补仓6笔(1:1:1:2:2:3，-2%/-4%/-6%/-9%/-12%补) 均价止盈5% 止损离第一笔15% 拿24h,1196,59,0.82,0.87,,1289,64,1.12,0.84,,1072,64,0.9,0.91,
5分钟 扫止损收回 补仓6笔(1:1:1:2:2:3，-2%/-4%/-6%/-9%/-12%补) 均价止盈5% 止损离第一笔15% 拿72h,890,69,0.86,0.82,,950,75,1.15,0.84,,849,76,0.96,0.98,
5分钟 扫止损收回 补仓6笔(1:1:1:2:2:3，-2%/-4%/-6%/-9%/-12%补) 均价止盈5% 止损离第一笔18% 拿24h,1196,60,0.86,0.87,,1289,64,1.04,0.84,,1071,65,0.92,0.88,
5分钟 扫止损收回 补仓6笔(1:1:1:2:2:3，-2%/-4%/-6%/-9%/-12%补) 均价止盈5% 止损离第一笔18% 拿72h,886,70,0.82,0.83,,940,75,1.07,0.9,,844,77,0.95,0.84,
5分钟 扫止损收回 补仓6笔(1:1:1:2:2:3，-2%/-4%/-6%/-9%/-12%补) 均价止盈5% 止损离第一笔22% 拿24h,1195,60,0.96,0.78,,1289,64,1.03,0.84,,1070,65,0.87,0.96,
5分钟 扫止损收回 补仓6笔(1:1:1:2:2:3，-2%/-4%/-6%/-9%/-12%补) 均价止盈5% 止损离第一笔22% 拿72h,882,70,0.78,0.81,,936,75,1.02,0.83,,838,77,0.88,0.93,
5分钟 扫止损收回 补仓6笔(1:1:1:2:2:3，-2%/-4%/-6%/-9%/-12%补) 均价止盈8% 止损离第一笔15% 拿24h,1164,59,0.86,0.85,,1239,63,1.09,0.81,,1043,62,0.9,0.95,
5分钟 扫止损收回 补仓6笔(1:1:1:2:2:3，-2%/-4%/-6%/-9%/-12%补) 均价止盈8% 止损离第一笔15% 拿72h,808,65,0.77,0.77,,823,68,1.12,0.97,✔,744,70,0.93,0.9,
5分钟 扫止损收回 补仓6笔(1:1:1:2:2:3，-2%/-4%/-6%/-9%/-12%补) 均价止盈8% 止损离第一笔18% 拿24h,1164,59,0.86,0.8,,1239,63,1.02,1.05,,1042,63,0.96,0.94,
5分钟 扫止损收回 补仓6笔(1:1:1:2:2:3，-2%/-4%/-6%/-9%/-12%补) 均价止盈8% 止损离第一笔18% 拿72h,804,65,0.73,0.73,,816,69,1.04,0.85,,735,72,1.01,0.92,
5分钟 扫止损收回 补仓6笔(1:1:1:2:2:3，-2%/-4%/-6%/-9%/-12%补) 均价止盈8% 止损离第一笔22% 拿24h,1163,59,0.95,0.83,,1239,63,1.01,0.86,,1041,63,0.9,0.95,
5分钟 扫止损收回 补仓6笔(1:1:1:2:2:3，-2%/-4%/-6%/-9%/-12%补) 均价止盈8% 止损离第一笔22% 拿72h,800,66,0.72,0.7,,814,69,1.0,0.9,,731,72,0.93,0.92,
5分钟 回踩VWAP失衡 原版止损 止盈1倍 拿2h,2147,50,0.72,0.65,,1849,50,0.7,0.64,,1985,49,0.7,0.67,
5分钟 回踩VWAP失衡 原版止损 止盈1倍 拿12h,2141,52,0.74,0.7,,1846,51,0.71,0.67,,1985,50,0.71,0.68,
5分钟 回踩VWAP失衡 原版止损 止盈2倍 拿2h,2096,36,0.75,0.69,,1784,34,0.71,0.7,,1939,36,0.81,0.71,
5分钟 回踩VWAP失衡 原版止损 止盈2倍 拿12h,2075,35,0.78,0.75,,1777,34,0.75,0.73,,1934,35,0.81,0.74,
5分钟 回踩VWAP失衡 原版止损 止盈3倍 拿2h,2081,31,0.72,0.65,,1772,29,0.71,0.69,,1923,30,0.81,0.72,
5分钟 回踩VWAP失衡 原版止损 止盈3倍 拿12h,2052,26,0.76,0.72,,1755,26,0.76,0.7,,1908,26,0.81,0.81,
5分钟 回踩VWAP失衡 止损2% 止盈不设 拿4h,1767,44,0.84,0.81,,1418,41,0.78,0.9,,1599,45,0.88,0.81,
5分钟 回踩VWAP失衡 止损2% 止盈不设 拿12h,1612,42,0.97,0.86,,1270,36,0.8,0.92,,1456,39,0.89,0.92,
5分钟 回踩VWAP失衡 止损2% 止盈不设 拿24h,1456,39,1.05,0.86,,1162,30,0.73,1.0,,1341,33,0.95,0.86,
5分钟 回踩VWAP失衡 止损2% 止盈不设 拿48h,1253,31,0.97,0.98,,1020,25,0.81,0.93,,1185,25,0.92,0.97,
5分钟 回踩VWAP失衡 止损2% 止盈1% 拿4h,1818,54,0.88,0.83,,1473,54,0.78,0.87,,1652,58,0.9,0.89,
5分钟 回踩VWAP失衡 止损2% 止盈1% 拿12h,1740,63,0.96,0.87,,1399,59,0.75,0.85,,1602,65,0.91,0.94,
5分钟 回踩VWAP失衡 止损2% 止盈1% 拿24h,1702,67,0.98,0.88,,1378,61,0.76,0.89,,1589,66,0.91,0.95,
5分钟 回踩VWAP失衡 止损2% 止盈1% 拿48h,1671,68,0.98,0.93,,1361,62,0.75,0.88,,1585,67,0.91,0.89,
5分钟 回踩VWAP失衡 止损2% 止盈2% 拿4h,1775,46,0.9,0.89,,1424,44,0.78,0.85,,1611,48,0.89,0.88,
5分钟 回踩VWAP失衡 止损2% 止盈2% 拿12h,1648,49,0.99,0.9,,1302,44,0.74,0.91,,1514,49,0.91,0.93,
5分钟 回踩VWAP失衡 止损2% 止盈2% 拿24h,1579,52,1.01,0.86,,1263,44,0.74,0.89,,1489,49,0.91,0.92,
5分钟 回踩VWAP失衡 止损2% 止盈2% 拿48h,1513,52,1.0,0.91,,1232,45,0.74,0.92,,1469,50,0.91,0.94,
5分钟 回踩VWAP失衡 止损2% 止盈3% 拿4h,1769,44,0.89,0.8,,1418,42,0.75,0.85,,1604,46,0.9,0.87,
5分钟 回踩VWAP失衡 止损2% 止盈3% 拿12h,1629,45,1.02,0.97,,1280,38,0.71,0.89,,1481,43,0.92,0.95,
5分钟 回踩VWAP失衡 止损2% 止盈3% 拿24h,1529,45,1.01,0.85,,1229,36,0.73,0.87,,1439,41,0.93,0.94,
5分钟 回踩VWAP失衡 止损2% 止盈3% 拿48h,1438,42,0.98,0.91,,1176,36,0.77,0.92,,1399,40,0.92,0.95,
5分钟 回踩VWAP失衡 止损2% 止盈5% 拿4h,1768,44,0.83,0.81,,1418,41,0.77,0.84,,1599,45,0.93,0.86,
5分钟 回踩VWAP失衡 止损2% 止盈5% 拿12h,1614,43,0.99,0.92,,1273,36,0.71,0.87,,1458,40,0.93,0.87,
5分钟 回踩VWAP失衡 止损2% 止盈5% 拿24h,1484,41,1.01,0.91,,1188,32,0.73,0.91,,1386,36,0.98,0.91,
5分钟 回踩VWAP失衡 止损2% 止盈5% 拿48h,1350,35,0.99,0.87,,1098,28,0.77,0.88,,1306,31,0.92,0.9,
5分钟 回踩VWAP失衡 止损2% 止盈8% 拿4h,1767,44,0.83,0.82,,1418,41,0.79,0.81,,1599,45,0.89,0.85,
5分钟 回踩VWAP失衡 止损2% 止盈8% 拿12h,1613,42,0.97,0.9,,1271,36,0.75,0.89,,1457,39,0.89,0.87,
5分钟 回踩VWAP失衡 止损2% 止盈8% 拿24h,1469,40,1.04,0.95,,1176,30,0.71,0.93,,1354,34,0.97,0.91,
5分钟 回踩VWAP失衡 止损2% 止盈8% 拿48h,1295,32,1.0,0.98,,1058,25,0.78,0.93,,1229,27,0.92,0.91,
5分钟 回踩VWAP失衡 止损3% 止盈不设 拿4h,1749,45,0.88,0.83,,1399,43,0.75,0.89,,1576,47,0.92,0.8,
5分钟 回踩VWAP失衡 止损3% 止盈不设 拿12h,1577,47,1.01,0.83,,1219,41,0.81,0.96,,1405,45,0.92,0.91,
5分钟 回踩VWAP失衡 止损3% 止盈不设 拿24h,1397,46,1.08,0.9,,1094,37,0.74,1.0,,1262,40,0.94,0.96,
5分钟 回踩VWAP失衡 止损3% 止盈不设 拿48h,1159,40,1.03,0.98,,920,32,0.81,0.97,,1081,31,0.84,0.99,
5分钟 回踩VWAP失衡 止损3% 止盈1% 拿4h,1804,55,0.91,0.86,,1459,55,0.76,0.84,,1631,61,0.93,0.86,
5分钟 回踩VWAP失衡 止损3% 止盈1% 拿12h,1721,67,1.02,0.92,,1365,64,0.74,0.92,,1572,71,0.92,0.95,
5分钟 回踩VWAP失衡 止损3% 止盈1% 拿24h,1672,74,1.03,0.94,,1332,68,0.75,0.86,,1546,73,0.93,0.97,
5分钟 回踩VWAP失衡 止损3% 止盈1% 拿48h,1625,75,1.04,0.97,,1309,70,0.74,0.89,,1528,75,0.94,0.98,
5分钟 回踩VWAP失衡 止损3% 止盈2% 拿4h,1757,47,0.92,0.83,,1407,46,0.75,0.86,,1589,51,0.95,0.9,
5分钟 回踩VWAP失衡 止损3% 止盈2% 拿12h,1619,54,1.03,0.87,,1257,50,0.72,0.86,,1472,56,0.93,0.92,
5分钟 回踩VWAP失衡 止损3% 止盈2% 拿24h,1529,59,1.03,0.91,,1203,51,0.72,0.93,,1427,57,0.92,0.95,
5分钟 回踩VWAP失衡 止损3% 止盈2% 拿48h,1436,60,1.04,0.93,,1148,53,0.72,0.9,,1389,59,0.92,0.97,
5分钟 回踩VWAP失衡 止损3% 止盈3% 拿4h,1751,46,0.92,0.86,,1401,44,0.73,0.86,,1581,48,0.95,0.86,
5分钟 回踩VWAP失衡 止损3% 止盈3% 拿12h,1598,50,1.08,0.92,,1231,44,0.71,0.88,,1433,50,0.96,0.93,
5分钟 回踩VWAP失衡 止损3% 止盈3% 拿24h,1473,52,1.05,0.92,,1160,44,0.72,0.92,,1367,49,0.95,0.96,
5分钟 回踩VWAP失衡 止损3% 止盈3% 拿48h,1351,51,1.03,0.95,,1069,44,0.76,0.9,,1307,50,0.93,0.93,
5分钟 回踩VWAP失衡 止损3% 止盈5% 拿4h,1750,45,0.86,0.85,,1399,43,0.75,0.86,,1576,48,0.98,0.82,
5分钟 回踩VWAP失衡 止损3% 止盈5% 拿12h,1580,47,1.04,0.88,,1222,42,0.72,0.97,,1408,46,0.98,0.86,
5分钟 回踩VWAP失衡 止损3% 止盈5% 拿24h,1424,47,1.05,0.91,,1119,39,0.73,0.91,,1309,43,1.0,0.89,
5分钟 回踩VWAP失衡 止损3% 止盈5% 拿48h,1252,44,1.05,0.94,,997,35,0.75,0.94,,1209,40,0.92,0.88,
5分钟 回踩VWAP失衡 止损3% 止盈8% 拿4h,1749,45,0.87,0.83,,1399,43,0.76,0.89,,1576,47,0.94,0.82,
5分钟 回踩VWAP失衡 止损3% 止盈8% 拿12h,1579,47,1.02,0.92,,1220,41,0.76,0.95,,1406,45,0.94,0.96,
5分钟 回踩VWAP失衡 止损3% 止盈8% 拿24h,1409,46,1.07,0.89,,1106,37,0.71,0.95,,1277,41,0.97,0.92,
5分钟 回踩VWAP失衡 止损3% 止盈8% 拿48h,1200,41,1.05,0.94,,951,32,0.78,1.0,,1126,34,0.88,0.95,
5分钟 回踩VWAP失衡 止损5% 止盈不设 拿4h,1746,45,0.89,0.81,,1397,44,0.75,0.92,,1570,48,0.97,0.9,
5分钟 回踩VWAP失衡 止损5% 止盈不设 拿12h,1560,48,1.07,0.91,,1202,45,0.82,0.95,,1376,50,1.02,0.88,
5分钟 回踩VWAP失衡 止损5% 止盈不设 拿24h,1344,50,1.13,0.93,,1041,44,0.76,0.91,,1188,47,1.05,1.0,
5分钟 回踩VWAP失衡 止损5% 止盈不设 拿48h,1056,49,1.16,1.03,✔,826,40,0.79,0.99,,950,43,1.01,0.99,
5分钟 回踩VWAP失衡 止损5% 止盈1% 拿4h,1801,55,0.93,0.91,,1457,56,0.75,0.92,,1625,62,0.99,0.87,
5分钟 回踩VWAP失衡 止损5% 止盈1% 拿12h,1705,69,1.07,0.93,,1352,68,0.76,0.88,,1555,74,1.0,0.93,
5分钟 回踩VWAP失衡 止损5% 止盈1% 拿24h,1628,77,1.09,0.98,,1298,74,0.76,0.83,,1502,79,1.02,1.02,
5分钟 回踩VWAP失衡 止损5% 止盈1% 拿48h,1554,81,1.12,0.95,✔,1260,78,0.76,0.94,,1460,83,1.02,0.91,
5分钟 回踩VWAP失衡 止损5% 止盈2% 拿4h,1754,47,0.94,0.9,,1405,47,0.75,0.86,,1583,52,0.99,0.87,
5分钟 回踩VWAP失衡 止损5% 止盈2% 拿12h,1601,55,1.1,0.92,,1242,53,0.73,0.93,,1449,60,1.03,0.93,
5分钟 回踩VWAP失衡 止损5% 止盈2% 拿24h,1480,63,1.1,0.94,,1154,58,0.76,0.88,,1364,64,1.01,1.0,
5分钟 回踩VWAP失衡 止损5% 止盈2% 拿48h,1355,69,1.18,0.92,✔,1069,63,0.77,0.9,,1285,70,1.04,0.98,
5分钟 回踩VWAP失衡 止损5% 止盈3% 拿4h,1748,46,0.93,0.87,,1399,45,0.73,0.86,,1575,49,0.99,0.83,
5分钟 回踩VWAP失衡 止损5% 止盈3% 拿12h,1580,51,1.13,0.94,✔,1214,47,0.72,0.9,,1409,54,1.04,0.95,
5分钟 回踩VWAP失衡 止损5% 止盈3% 拿24h,1420,57,1.12,0.88,✔,1107,51,0.76,0.98,,1303,56,1.05,0.95,
5分钟 回踩VWAP失衡 止损5% 止盈3% 拿48h,1252,60,1.17,0.93,✔,977,55,0.8,1.01,,1195,61,1.06,1.04,
5分钟 回踩VWAP失衡 止损5% 止盈5% 拿4h,1747,45,0.88,0.83,,1397,44,0.75,0.86,,1570,48,1.03,0.88,
5分钟 回踩VWAP失衡 止损5% 止盈5% 拿12h,1563,49,1.11,0.93,✔,1205,45,0.73,0.88,,1380,50,1.07,0.93,
5分钟 回踩VWAP失衡 止损5% 止盈5% 拿24h,1372,52,1.1,0.97,,1066,45,0.75,0.96,,1239,50,1.08,0.91,
5分钟 回踩VWAP失衡 止损5% 止盈5% 拿48h,1142,53,1.19,1.01,✔,901,45,0.79,0.91,,1082,51,1.03,0.96,
5分钟 回踩VWAP失衡 止损5% 止盈8% 拿4h,1746,45,0.88,0.84,,1397,44,0.76,0.87,,1570,48,0.99,0.9,
5分钟 回踩VWAP失衡 止损5% 止盈8% 拿12h,1562,49,1.08,0.92,,1203,44,0.78,0.91,,1378,50,1.03,0.89,
5分钟 回踩VWAP失衡 止损5% 止盈8% 拿24h,1354,51,1.1,0.95,,1053,43,0.74,0.92,,1204,48,1.05,0.95,
5分钟 回踩VWAP失衡 止损5% 止盈8% 拿48h,1091,50,1.18,0.96,✔,854,41,0.77,0.98,,999,45,1.01,1.0,
5分钟 回踩VWAP失衡 补仓3笔(1:1:1，-2%/-4%补) 均价止盈1% 止损离第一笔10% 拿24h,1634,83,0.95,0.88,,1308,83,0.69,0.87,,1519,88,1.05,0.9,
5分钟 回踩VWAP失衡 补仓3笔(1:1:1，-2%/-4%补) 均价止盈1% 止损离第一笔10% 拿72h,1508,92,1.09,0.98,,1231,90,0.68,0.84,,1457,94,1.13,0.98,✔
5分钟 回踩VWAP失衡 补仓3笔(1:1:1，-2%/-4%补) 均价止盈1% 止损离第一笔15% 拿24h,1631,83,0.95,0.89,,1304,83,0.69,0.86,,1513,88,1.09,0.97,
5分钟 回踩VWAP失衡 补仓3笔(1:1:1，-2%/-4%补) 均价止盈1% 止损离第一笔15% 拿72h,1495,92,1.07,0.89,,1194,91,0.71,0.86,,1434,95,1.14,1.05,
5分钟 回踩VWAP失衡 补仓3笔(1:1:1，-2%/-4%补) 均价止盈2% 止损离第一笔10% 拿24h,1479,70,1.05,0.88,,1158,69,0.74,0.85,,1359,74,0.97,0.9,
5分钟 回踩VWAP失衡 补仓3笔(1:1:1，-2%/-4%补) 均价止盈2% 止损离第一笔10% 拿72h,1261,82,1.17,0.91,✔,1011,80,0.73,0.88,,1215,85,1.04,1.07,
5分钟 回踩VWAP失衡 补仓3笔(1:1:1，-2%/-4%补) 均价止盈2% 止损离第一笔15% 拿24h,1475,70,1.04,0.87,,1155,70,0.74,0.94,,1351,75,0.99,0.93,
5分钟 回踩VWAP失衡 补仓3笔(1:1:1，-2%/-4%补) 均价止盈2% 止损离第一笔15% 拿72h,1245,83,1.14,0.96,✔,970,82,0.79,0.86,,1184,86,1.01,1.11,
5分钟 回踩VWAP失衡 补仓3笔(1:1:1，-2%/-4%补) 均价止盈3% 止损离第一笔10% 拿24h,1408,64,1.03,0.98,,1100,62,0.78,0.87,,1280,67,1.0,0.89,
5分钟 回踩VWAP失衡 补仓3笔(1:1:1，-2%/-4%补) 均价止盈3% 止损离第一笔10% 拿72h,1124,75,1.14,0.89,,880,71,0.69,0.89,,1068,76,0.98,1.02,
5分钟 回踩VWAP失衡 补仓3笔(1:1:1，-2%/-4%补) 均价止盈3% 止损离第一笔15% 拿24h,1404,64,1.04,0.98,,1096,62,0.78,0.82,,1270,67,1.03,0.93,
5分钟 回踩VWAP失衡 补仓3笔(1:1:1，-2%/-4%补) 均价止盈3% 止损离第一笔15% 拿72h,1098,76,1.1,0.95,,835,73,0.71,0.94,,1030,77,0.97,0.95,
5分钟 回踩VWAP失衡 补仓3笔(1:1:1，-3%/-6%补) 均价止盈1% 止损离第一笔10% 拿24h,1631,82,0.99,0.83,,1298,81,0.67,0.83,,1498,86,0.97,0.98,
5分钟 回踩VWAP失衡 补仓3笔(1:1:1，-3%/-6%补) 均价止盈1% 止损离第一笔10% 拿72h,1502,91,1.18,0.93,✔,1216,90,0.68,0.94,,1420,93,1.09,1.06,
5分钟 回踩VWAP失衡 补仓3笔(1:1:1，-3%/-6%补) 均价止盈1% 止损离第一笔15% 拿24h,1628,82,0.97,0.94,,1294,81,0.66,0.81,,1490,86,1.03,1.0,
5分钟 回踩VWAP失衡 补仓3笔(1:1:1，-3%/-6%补) 均价止盈1% 止损离第一笔15% 拿72h,1488,92,1.14,0.9,,1181,91,0.74,0.83,,1395,94,1.06,1.15,
5分钟 回踩VWAP失衡 补仓3笔(1:1:1，-3%/-6%补) 均价止盈2% 止损离第一笔10% 拿24h,1472,69,1.01,0.89,,1147,67,0.72,0.84,,1345,72,0.98,0.94,
5分钟 回踩VWAP失衡 补仓3笔(1:1:1，-3%/-6%补) 均价止盈2% 止损离第一笔10% 拿72h,1247,82,1.13,0.96,✔,987,80,0.72,0.87,,1192,84,1.02,1.0,
5分钟 回踩VWAP失衡 补仓3笔(1:1:1，-3%/-6%补) 均价止盈2% 止损离第一笔15% 拿24h,1468,69,1.03,0.93,,1144,68,0.72,0.81,,1339,72,1.0,0.96,
5分钟 回踩VWAP失衡 补仓3笔(1:1:1，-3%/-6%补) 均价止盈2% 止损离第一笔15% 拿72h,1232,83,1.13,0.94,✔,948,82,0.78,0.84,,1159,86,1.01,1.07,
5分钟 回踩VWAP失衡 补仓3笔(1:1:1，-3%/-6%补) 均价止盈3% 止损离第一笔10% 拿24h,1406,62,1.01,0.89,,1095,60,0.74,0.84,,1280,65,1.0,0.94,
5分钟 回踩VWAP失衡 补仓3笔(1:1:1，-3%/-6%补) 均价止盈3% 止损离第一笔10% 拿72h,1118,75,1.11,0.93,,861,71,0.69,0.87,,1069,76,0.97,0.97,
5分钟 回踩VWAP失衡 补仓3笔(1:1:1，-3%/-6%补) 均价止盈3% 止损离第一笔15% 拿24h,1402,62,1.02,0.98,,1092,61,0.75,0.93,,1271,66,1.05,0.95,
5分钟 回踩VWAP失衡 补仓3笔(1:1:1，-3%/-6%补) 均价止盈3% 止损离第一笔15% 拿72h,1095,75,1.07,0.87,,818,72,0.72,0.86,,1035,78,1.0,1.03,
5分钟 回踩VWAP失衡 补仓3笔(1:1:2，-3%/-6%补) 均价止盈1% 止损离第一笔10% 拿24h,1631,82,0.94,0.87,,1302,81,0.65,0.83,,1500,87,0.95,1.04,
5分钟 回踩VWAP失衡 补仓3笔(1:1:2，-3%/-6%补) 均价止盈1% 止损离第一笔10% 拿72h,1506,92,1.17,0.88,,1227,91,0.65,0.79,,1430,94,1.15,1.17,
5分钟 回踩VWAP失衡 补仓3笔(1:1:2，-3%/-6%补) 均价止盈1% 止损离第一笔15% 拿24h,1628,82,0.92,1.1,,1298,82,0.64,0.76,,1492,87,1.03,1.07,
5分钟 回踩VWAP失衡 补仓3笔(1:1:2，-3%/-6%补) 均价止盈1% 止损离第一笔15% 拿72h,1493,92,1.1,0.95,,1190,92,0.73,0.79,,1408,95,1.12,0.98,
5分钟 回踩VWAP失衡 补仓3笔(1:1:2，-3%/-6%补) 均价止盈2% 止损离第一笔10% 拿24h,1474,69,1.01,0.91,,1147,68,0.72,0.91,,1346,73,0.96,0.97,
5分钟 回踩VWAP失衡 补仓3笔(1:1:2，-3%/-6%补) 均价止盈2% 止损离第一笔10% 拿72h,1255,83,1.08,0.95,,993,82,0.75,0.89,,1200,86,1.05,1.15,
5分钟 回踩VWAP失衡 补仓3笔(1:1:2，-3%/-6%补) 均价止盈2% 止损离第一笔15% 拿24h,1470,69,1.03,0.91,,1144,69,0.72,0.86,,1341,73,0.98,0.97,
5分钟 回踩VWAP失衡 补仓3笔(1:1:2，-3%/-6%补) 均价止盈2% 止损离第一笔15% 拿72h,1240,84,1.08,0.89,,956,84,0.81,0.87,,1171,87,0.99,1.04,
5分钟 回踩VWAP失衡 补仓3笔(1:1:2，-3%/-6%补) 均价止盈3% 止损离第一笔10% 拿24h,1407,63,0.98,0.89,,1095,61,0.72,0.96,,1281,66,1.0,1.04,
5分钟 回踩VWAP失衡 补仓3笔(1:1:2，-3%/-6%补) 均价止盈3% 止损离第一笔10% 拿72h,1121,76,1.1,0.94,,869,73,0.71,0.87,,1073,77,0.95,0.97,
5分钟 回踩VWAP失衡 补仓3笔(1:1:2，-3%/-6%补) 均价止盈3% 止损离第一笔15% 拿24h,1403,63,0.99,0.85,,1092,62,0.73,0.93,,1272,66,1.05,0.96,
5分钟 回踩VWAP失衡 补仓3笔(1:1:2，-3%/-6%补) 均价止盈3% 止损离第一笔15% 拿72h,1099,77,1.07,0.93,,827,75,0.74,0.94,,1039,79,0.97,1.0,
5分钟 回踩VWAP失衡 补仓4笔(1:1:1:1，-2%/-4%/-6%补) 均价止盈1% 止损离第一笔10% 拿24h,1637,84,0.96,0.89,,1308,84,0.68,0.85,,1519,89,1.03,1.01,
5分钟 回踩VWAP失衡 补仓4笔(1:1:1:1，-2%/-4%/-6%补) 均价止盈1% 止损离第一笔10% 拿72h,1520,93,1.12,0.96,✔,1235,91,0.69,0.83,,1463,95,1.15,1.1,
5分钟 回踩VWAP失衡 补仓4笔(1:1:1:1，-2%/-4%/-6%补) 均价止盈1% 止损离第一笔15% 拿24h,1634,84,0.96,0.96,,1304,84,0.68,0.71,,1513,89,1.07,0.9,
5分钟 回踩VWAP失衡 补仓4笔(1:1:1:1，-2%/-4%/-6%补) 均价止盈1% 止损离第一笔15% 拿72h,1507,93,1.09,0.85,,1201,92,0.75,0.84,,1441,95,1.13,1.02,✔
5分钟 回踩VWAP失衡 补仓4笔(1:1:1:1，-2%/-4%/-6%补) 均价止盈2% 止损离第一笔10% 拿24h,1479,70,1.01,0.88,,1158,70,0.72,0.86,,1359,75,0.98,0.91,
5分钟 回踩VWAP失衡 补仓4笔(1:1:1:1，-2%/-4%/-6%补) 均价止盈2% 止损离第一笔10% 拿72h,1264,83,1.14,0.94,✔,1022,82,0.75,0.91,,1221,86,1.06,1.04,
5分钟 回踩VWAP失衡 补仓4笔(1:1:1:1，-2%/-4%/-6%补) 均价止盈2% 止损离第一笔15% 拿24h,1475,70,1.01,0.94,,1155,71,0.72,0.85,,1352,75,1.0,0.94,
5分钟 回踩VWAP失衡 补仓4笔(1:1:1:1，-2%/-4%/-6%补) 均价止盈2% 止损离第一笔15% 拿72h,1249,84,1.12,0.98,✔,983,84,0.81,0.84,,1189,88,1.04,0.9,
5分钟 回踩VWAP失衡 补仓4笔(1:1:1:1，-2%/-4%/-6%补) 均价止盈3% 止损离第一笔10% 拿24h,1409,64,1.01,0.92,,1100,63,0.76,0.87,,1284,68,1.01,0.94,
5分钟 回踩VWAP失衡 补仓4笔(1:1:1:1，-2%/-4%/-6%补) 均价止盈3% 止损离第一笔10% 拿72h,1130,76,1.12,0.91,,886,73,0.68,0.8,,1072,77,0.96,1.01,
5分钟 回踩VWAP失衡 补仓4笔(1:1:1:1，-2%/-4%/-6%补) 均价止盈3% 止损离第一笔15% 拿24h,1405,64,1.03,0.9,,1096,63,0.76,0.82,,1274,68,1.05,0.9,
5分钟 回踩VWAP失衡 补仓4笔(1:1:1:1，-2%/-4%/-6%补) 均价止盈3% 止损离第一笔15% 拿72h,1106,77,1.1,0.97,,842,75,0.72,0.88,,1037,79,0.98,0.84,
5分钟 回踩VWAP失衡 补仓5笔(1:1:1:1:1，-2%/-4%/-6%/-8%补) 均价止盈1% 止损离第一笔11% 拿24h,1637,84,0.95,0.96,,1311,85,0.71,0.72,,1518,89,1.06,1.01,
5分钟 回踩VWAP失衡 补仓5笔(1:1:1:1:1，-2%/-4%/-6%/-8%补) 均价止盈1% 止损离第一笔11% 拿72h,1517,93,1.24,0.93,✔,1232,92,0.68,0.76,,1465,96,1.34,1.12,✔
5分钟 回踩VWAP失衡 补仓5笔(1:1:1:1:1，-2%/-4%/-6%/-8%补) 均价止盈1% 止损离第一笔14% 拿24h,1634,84,0.96,0.88,,1308,85,0.69,0.79,,1516,89,1.06,1.0,
5分钟 回踩VWAP失衡 补仓5笔(1:1:1:1:1，-2%/-4%/-6%/-8%补) 均价止盈1% 止损离第一笔14% 拿72h,1509,94,1.24,0.94,✔,1213,93,0.69,0.76,,1452,96,1.25,0.94,✔
5分钟 回踩VWAP失衡 补仓5笔(1:1:1:1:1，-2%/-4%/-6%/-8%补) 均价止盈1% 止损离第一笔18% 拿24h,1634,84,0.96,0.91,,1307,85,0.66,0.87,,1513,89,1.05,0.87,
5分钟 回踩VWAP失衡 补仓5笔(1:1:1:1:1，-2%/-4%/-6%/-8%补) 均价止盈1% 止损离第一笔18% 拿72h,1507,94,1.21,0.76,✔,1199,93,0.76,0.82,,1443,96,1.32,0.87,✔
5分钟 回踩VWAP失衡 补仓5笔(1:1:1:1:1，-2%/-4%/-6%/-8%补) 均价止盈2% 止损离第一笔11% 拿24h,1479,70,1.03,0.85,,1157,71,0.75,0.81,,1358,76,0.99,0.94,
5分钟 回踩VWAP失衡 补仓5笔(1:1:1:1:1，-2%/-4%/-6%/-8%补) 均价止盈2% 止损离第一笔11% 拿72h,1260,84,1.17,1.0,✔,1013,83,0.78,0.9,,1212,87,1.07,1.12,
5分钟 回踩VWAP失衡 补仓5笔(1:1:1:1:1，-2%/-4%/-6%/-8%补) 均价止盈2% 止损离第一笔14% 拿24h,1476,70,1.02,0.94,,1155,71,0.73,0.86,,1357,76,0.97,0.9,
5分钟 回踩VWAP失衡 补仓5笔(1:1:1:1:1，-2%/-4%/-6%/-8%补) 均价止盈2% 止损离第一笔14% 拿72h,1253,85,1.1,0.92,✔,992,85,0.8,0.77,,1200,88,1.04,1.01,
5分钟 回踩VWAP失衡 补仓5笔(1:1:1:1:1，-2%/-4%/-6%/-8%补) 均价止盈2% 止损离第一笔18% 拿24h,1476,71,1.04,0.88,,1154,71,0.7,0.83,,1353,76,0.96,0.99,
5分钟 回踩VWAP失衡 补仓5笔(1:1:1:1:1，-2%/-4%/-6%/-8%补) 均价止盈2% 止损离第一笔18% 拿72h,1248,85,1.09,0.9,,978,85,0.83,0.76,,1187,89,1.12,1.01,
5分钟 回踩VWAP失衡 补仓5笔(1:1:1:1:1，-2%/-4%/-6%/-8%补) 均价止盈3% 止损离第一笔11% 拿24h,1408,64,1.04,0.87,,1099,64,0.78,0.84,,1281,68,1.04,0.92,
5分钟 回踩VWAP失衡 补仓5笔(1:1:1:1:1，-2%/-4%/-6%/-8%补) 均价止盈3% 止损离第一笔11% 拿72h,1122,78,1.16,0.9,✔,881,75,0.73,0.89,,1060,78,0.92,0.97,
5分钟 回踩VWAP失衡 补仓5笔(1:1:1:1:1，-2%/-4%/-6%/-8%补) 均价止盈3% 止损离第一笔14% 拿24h,1405,64,1.03,0.9,,1096,64,0.77,0.9,,1278,68,1.03,0.97,
5分钟 回踩VWAP失衡 补仓5笔(1:1:1:1:1，-2%/-4%/-6%/-8%补) 均价止盈3% 止损离第一笔14% 拿72h,1111,78,1.12,0.88,,856,77,0.73,0.85,,1043,79,0.93,0.93,
5分钟 回踩VWAP失衡 补仓5笔(1:1:1:1:1，-2%/-4%/-6%/-8%补) 均价止盈3% 止损离第一笔18% 拿24h,1405,64,1.03,0.9,,1095,64,0.74,0.94,,1274,68,1.02,1.0,
5分钟 回踩VWAP失衡 补仓5笔(1:1:1:1:1，-2%/-4%/-6%/-8%补) 均价止盈3% 止损离第一笔18% 拿72h,1105,78,1.1,0.92,,840,77,0.74,0.8,,1031,80,0.98,0.92,
5分钟 回踩VWAP失衡 补仓5笔(1:1:1:1:1，-2%/-4%/-6%/-8%补) 均价止盈5% 止损离第一笔11% 拿24h,1356,60,1.01,0.94,,1050,58,0.74,0.85,,1207,63,1.11,0.95,✔
5分钟 回踩VWAP失衡 补仓5笔(1:1:1:1:1，-2%/-4%/-6%/-8%补) 均价止盈5% 止损离第一笔11% 拿72h,974,69,1.08,0.88,,745,62,0.67,0.89,,907,69,1.02,0.94,
5分钟 回踩VWAP失衡 补仓5笔(1:1:1:1:1，-2%/-4%/-6%/-8%补) 均价止盈5% 止损离第一笔14% 拿24h,1353,60,1.02,0.98,,1047,58,0.73,0.85,,1205,63,1.08,0.91,
5分钟 回踩VWAP失衡 补仓5笔(1:1:1:1:1，-2%/-4%/-6%/-8%补) 均价止盈5% 止损离第一笔14% 拿72h,959,69,0.98,1.04,,718,63,0.67,0.85,,893,70,1.01,0.97,
5分钟 回踩VWAP失衡 补仓5笔(1:1:1:1:1，-2%/-4%/-6%/-8%补) 均价止盈5% 止损离第一笔18% 拿24h,1353,60,1.01,0.88,,1046,58,0.7,0.83,,1201,63,1.05,0.93,
5分钟 回踩VWAP失衡 补仓5笔(1:1:1:1:1，-2%/-4%/-6%/-8%补) 均价止盈5% 止损离第一笔18% 拿72h,952,69,0.96,0.79,,710,63,0.66,0.8,,882,70,1.03,0.96,
5分钟 回踩VWAP失衡 补仓5笔(1:1:1:1:1，-2%/-4%/-6%/-8%补) 均价止盈8% 止损离第一笔11% 拿24h,1334,59,0.99,0.92,,1037,57,0.76,0.97,,1169,62,1.08,0.96,
5分钟 回踩VWAP失衡 补仓5笔(1:1:1:1:1，-2%/-4%/-6%/-8%补) 均价止盈8% 止损离第一笔11% 拿72h,880,64,1.14,0.97,✔,670,59,0.78,0.91,,796,63,1.0,0.96,
5分钟 回踩VWAP失衡 补仓5笔(1:1:1:1:1，-2%/-4%/-6%/-8%补) 均价止盈8% 止损离第一笔14% 拿24h,1330,59,1.04,0.9,,1034,57,0.74,0.83,,1167,62,1.05,0.9,
5分钟 回踩VWAP失衡 补仓5笔(1:1:1:1:1，-2%/-4%/-6%/-8%补) 均价止盈8% 止损离第一笔14% 拿72h,864,64,1.05,0.92,,648,60,0.81,0.84,,785,64,0.98,1.0,
5分钟 回踩VWAP失衡 补仓5笔(1:1:1:1:1，-2%/-4%/-6%/-8%补) 均价止盈8% 止损离第一笔18% 拿24h,1330,59,1.03,0.92,,1033,57,0.71,0.89,,1163,61,1.01,0.91,
5分钟 回踩VWAP失衡 补仓5笔(1:1:1:1:1，-2%/-4%/-6%/-8%补) 均价止盈8% 止损离第一笔18% 拿72h,858,65,1.04,0.85,,640,60,0.78,0.87,,771,65,0.98,1.04,
5分钟 回踩VWAP失衡 补仓6笔(1:1:1:1:1:1，-1.5%/-3%/-4.5%/-6%/-7.5%补) 均价止盈1% 止损离第一笔10.5% 拿24h,1647,85,0.9,0.86,,1331,84,0.64,0.67,,1536,90,1.01,1.08,
5分钟 回踩VWAP失衡 补仓6笔(1:1:1:1:1:1，-1.5%/-3%/-4.5%/-6%/-7.5%补) 均价止盈1% 止损离第一笔10.5% 拿72h,1543,94,1.19,0.97,✔,1261,92,0.66,0.88,,1488,96,1.15,1.01,✔
5分钟 回踩VWAP失衡 补仓6笔(1:1:1:1:1:1，-1.5%/-3%/-4.5%/-6%/-7.5%补) 均价止盈1% 止损离第一笔13.5% 拿24h,1644,85,0.9,0.94,,1328,85,0.65,0.77,,1533,90,1.05,1.05,
5分钟 回踩VWAP失衡 补仓6笔(1:1:1:1:1:1，-1.5%/-3%/-4.5%/-6%/-7.5%补) 均价止盈1% 止损离第一笔13.5% 拿72h,1534,94,1.17,0.9,,1242,93,0.7,0.8,,1475,96,1.1,1.08,
5分钟 回踩VWAP失衡 补仓6笔(1:1:1:1:1:1，-1.5%/-3%/-4.5%/-6%/-7.5%补) 均价止盈1% 止损离第一笔17.5% 拿24h,1644,85,0.9,0.8,,1327,85,0.62,0.8,,1528,90,1.07,1.06,
5分钟 回踩VWAP失衡 补仓6笔(1:1:1:1:1:1，-1.5%/-3%/-4.5%/-6%/-7.5%补) 均价止盈1% 止损离第一笔17.5% 拿72h,1527,94,1.21,0.9,✔,1229,94,0.74,0.86,,1462,96,1.17,1.07,✔
5分钟 回踩VWAP失衡 补仓6笔(1:1:1:1:1:1，-1.5%/-3%/-4.5%/-6%/-7.5%补) 均价止盈2% 止损离第一笔10.5% 拿24h,1484,73,1.05,0.96,,1162,72,0.72,0.82,,1359,77,0.97,0.96,
5分钟 回踩VWAP失衡 补仓6笔(1:1:1:1:1:1，-1.5%/-3%/-4.5%/-6%/-7.5%补) 均价止盈2% 止损离第一笔10.5% 拿72h,1280,86,1.16,0.93,✔,1017,83,0.74,0.85,,1221,87,1.0,1.03,
5分钟 回踩VWAP失衡 补仓6笔(1:1:1:1:1:1，-1.5%/-3%/-4.5%/-6%/-7.5%补) 均价止盈2% 止损离第一笔13.5% 拿24h,1481,73,1.08,0.92,,1160,72,0.72,0.94,,1357,77,0.96,1.03,
5分钟 回踩VWAP失衡 补仓6笔(1:1:1:1:1:1，-1.5%/-3%/-4.5%/-6%/-7.5%补) 均价止盈2% 止损离第一笔13.5% 拿72h,1271,86,1.12,0.85,✔,994,85,0.77,0.77,,1203,88,0.98,1.04,
5分钟 回踩VWAP失衡 补仓6笔(1:1:1:1:1:1，-1.5%/-3%/-4.5%/-6%/-7.5%补) 均价止盈2% 止损离第一笔17.5% 拿24h,1481,73,1.08,0.92,,1159,72,0.7,0.81,,1353,77,0.98,1.01,
5分钟 回踩VWAP失衡 补仓6笔(1:1:1:1:1:1，-1.5%/-3%/-4.5%/-6%/-7.5%补) 均价止盈2% 止损离第一笔17.5% 拿72h,1267,87,1.13,0.82,✔,975,85,0.8,0.9,,1191,89,1.1,0.97,
5分钟 回踩VWAP失衡 补仓6笔(1:1:1:1:1:1，-1.5%/-3%/-4.5%/-6%/-7.5%补) 均价止盈3% 止损离第一笔10.5% 拿24h,1412,66,1.01,0.87,,1103,65,0.76,0.85,,1285,71,1.02,0.95,
5分钟 回踩VWAP失衡 补仓6笔(1:1:1:1:1:1，-1.5%/-3%/-4.5%/-6%/-7.5%补) 均价止盈3% 止损离第一笔10.5% 拿72h,1140,78,1.11,0.95,✔,889,76,0.75,0.85,,1080,79,0.95,1.04,
5分钟 回踩VWAP失衡 补仓6笔(1:1:1:1:1:1，-1.5%/-3%/-4.5%/-6%/-7.5%补) 均价止盈3% 止损离第一笔13.5% 拿24h,1409,66,1.03,1.02,,1100,66,0.77,0.77,,1283,71,0.98,0.9,
5分钟 回踩VWAP失衡 补仓6笔(1:1:1:1:1:1，-1.5%/-3%/-4.5%/-6%/-7.5%补) 均价止盈3% 止损离第一笔13.5% 拿72h,1124,79,1.11,0.94,,864,77,0.74,0.83,,1059,80,0.92,0.93,
5分钟 回踩VWAP失衡 补仓6笔(1:1:1:1:1:1，-1.5%/-3%/-4.5%/-6%/-7.5%补) 均价止盈3% 止损离第一笔17.5% 拿24h,1409,66,1.0,0.78,,1099,66,0.74,0.92,,1277,71,1.01,0.9,
5分钟 回踩VWAP失衡 补仓6笔(1:1:1:1:1:1，-1.5%/-3%/-4.5%/-6%/-7.5%补) 均价止盈3% 止损离第一笔17.5% 拿72h,1117,79,1.08,0.86,,844,77,0.76,0.79,,1047,81,1.0,0.95,
5分钟 回踩VWAP失衡 补仓6笔(1:1:1:1:1:1，-1.5%/-3%/-4.5%/-6%/-7.5%补) 均价止盈5% 止损离第一笔10.5% 拿24h,1357,61,0.98,0.94,,1051,60,0.74,0.82,,1207,65,1.07,0.95,
5分钟 回踩VWAP失衡 补仓6笔(1:1:1:1:1:1，-1.5%/-3%/-4.5%/-6%/-7.5%补) 均价止盈5% 止损离第一笔10.5% 拿72h,976,69,1.07,0.96,,750,63,0.68,0.86,,910,68,0.94,1.01,
5分钟 回踩VWAP失衡 补仓6笔(1:1:1:1:1:1，-1.5%/-3%/-4.5%/-6%/-7.5%补) 均价止盈5% 止损离第一笔13.5% 拿24h,1354,61,1.02,0.89,,1048,61,0.74,0.83,,1205,65,1.03,0.96,
5分钟 回踩VWAP失衡 补仓6笔(1:1:1:1:1:1，-1.5%/-3%/-4.5%/-6%/-7.5%补) 均价止盈5% 止损离第一笔13.5% 拿72h,959,70,1.01,0.94,,722,64,0.68,0.84,,893,69,0.92,0.96,
5分钟 回踩VWAP失衡 补仓6笔(1:1:1:1:1:1，-1.5%/-3%/-4.5%/-6%/-7.5%补) 均价止盈5% 止损离第一笔17.5% 拿24h,1354,61,0.98,0.95,,1047,61,0.72,0.84,,1200,65,1.03,0.92,
5分钟 回踩VWAP失衡 补仓6笔(1:1:1:1:1:1，-1.5%/-3%/-4.5%/-6%/-7.5%补) 均价止盈5% 止损离第一笔17.5% 拿72h,951,70,0.97,0.89,,711,64,0.68,0.86,,883,70,0.96,0.99,
5分钟 回踩VWAP失衡 补仓6笔(1:1:1:1:1:1，-1.5%/-3%/-4.5%/-6%/-7.5%补) 均价止盈8% 止损离第一笔10.5% 拿24h,1334,60,0.96,0.87,,1038,59,0.75,0.9,,1169,63,1.03,0.97,
5分钟 回踩VWAP失衡 补仓6笔(1:1:1:1:1:1，-1.5%/-3%/-4.5%/-6%/-7.5%补) 均价止盈8% 止损离第一笔10.5% 拿72h,885,65,1.08,1.01,,677,59,0.76,0.82,,799,63,0.96,1.07,
5分钟 回踩VWAP失衡 补仓6笔(1:1:1:1:1:1，-1.5%/-3%/-4.5%/-6%/-7.5%补) 均价止盈8% 止损离第一笔13.5% 拿24h,1330,61,1.05,0.87,,1035,59,0.75,0.83,,1167,63,1.0,0.93,
5分钟 回踩VWAP失衡 补仓6笔(1:1:1:1:1:1，-1.5%/-3%/-4.5%/-6%/-7.5%补) 均价止盈8% 止损离第一笔13.5% 拿72h,866,65,1.06,0.9,,652,60,0.8,0.81,,788,65,0.93,0.93,
5分钟 回踩VWAP失衡 补仓6笔(1:1:1:1:1:1，-1.5%/-3%/-4.5%/-6%/-7.5%补) 均价止盈8% 止损离第一笔17.5% 拿24h,1330,61,1.01,0.95,,1034,59,0.72,0.89,,1162,63,0.99,0.96,
5分钟 回踩VWAP失衡 补仓6笔(1:1:1:1:1:1，-1.5%/-3%/-4.5%/-6%/-7.5%补) 均价止盈8% 止损离第一笔17.5% 拿72h,859,66,1.01,0.93,,642,61,0.79,0.86,,771,66,0.96,0.97,
5分钟 回踩VWAP失衡 补仓5笔(1:1:2:2:4，-2%/-4%/-6%/-8%补) 均价止盈1% 止损离第一笔11% 拿24h,1641,85,0.96,0.82,,1318,86,0.67,0.77,,1528,91,1.18,1.06,✔
5分钟 回踩VWAP失衡 补仓5笔(1:1:2:2:4，-2%/-4%/-6%/-8%补) 均价止盈1% 止损离第一笔11% 拿72h,1535,95,1.49,1.03,✔,1257,93,0.64,0.71,,1486,97,1.72,1.08,✔
5分钟 回踩VWAP失衡 补仓5笔(1:1:2:2:4，-2%/-4%/-6%/-8%补) 均价止盈1% 止损离第一笔14% 拿24h,1639,85,0.96,0.87,,1315,86,0.66,0.76,,1526,91,1.21,1.17,
5分钟 回踩VWAP失衡 补仓5笔(1:1:2:2:4，-2%/-4%/-6%/-8%补) 均价止盈1% 止损离第一笔14% 拿72h,1531,95,1.61,0.89,✔,1237,94,0.65,0.84,,1476,97,1.63,0.9,✔
5分钟 回踩VWAP失衡 补仓5笔(1:1:2:2:4，-2%/-4%/-6%/-8%补) 均价止盈1% 止损离第一笔18% 拿24h,1639,85,0.97,0.83,,1314,86,0.6,0.72,,1524,91,1.32,1.04,✔
5分钟 回踩VWAP失衡 补仓5笔(1:1:2:2:4，-2%/-4%/-6%/-8%补) 均价止盈1% 止损离第一笔18% 拿72h,1531,95,1.46,0.68,✔,1227,94,0.74,0.79,,1470,98,2.18,0.97,✔
5分钟 回踩VWAP失衡 补仓5笔(1:1:2:2:4，-2%/-4%/-6%/-8%补) 均价止盈2% 止损离第一笔11% 拿24h,1480,72,1.02,0.99,,1164,73,0.76,0.83,,1362,78,1.0,1.05,
5分钟 回踩VWAP失衡 补仓5笔(1:1:2:2:4，-2%/-4%/-6%/-8%补) 均价止盈2% 止损离第一笔11% 拿72h,1270,87,1.22,0.98,✔,1030,86,0.81,1.08,,1244,91,1.23,1.02,
5分钟 回踩VWAP失衡 补仓5笔(1:1:2:2:4，-2%/-4%/-6%/-8%补) 均价止盈2% 止损离第一笔14% 拿24h,1477,72,1.03,0.83,,1162,73,0.72,0.78,,1361,78,0.96,0.99,
5分钟 回踩VWAP失衡 补仓5笔(1:1:2:2:4，-2%/-4%/-6%/-8%补) 均价止盈2% 止损离第一笔14% 拿72h,1264,87,1.18,0.87,✔,1009,88,0.8,0.89,,1236,92,1.17,1.03,
5分钟 回踩VWAP失衡 补仓5笔(1:1:2:2:4，-2%/-4%/-6%/-8%补) 均价止盈2% 止损离第一笔18% 拿24h,1477,72,1.02,0.91,,1161,73,0.68,0.79,,1357,78,0.95,0.86,
5分钟 回踩VWAP失衡 补仓5笔(1:1:2:2:4，-2%/-4%/-6%/-8%补) 均价止盈2% 止损离第一笔18% 拿72h,1262,87,1.1,0.88,,996,88,0.83,0.8,,1224,92,1.27,0.95,✔
5分钟 回踩VWAP失衡 补仓5笔(1:1:2:2:4，-2%/-4%/-6%/-8%补) 均价止盈3% 止损离第一笔11% 拿24h,1409,66,1.01,0.83,,1103,66,0.78,0.88,,1287,70,1.02,0.85,
5分钟 回踩VWAP失衡 补仓5笔(1:1:2:2:4，-2%/-4%/-6%/-8%补) 均价止盈3% 止损离第一笔11% 拿72h,1137,80,1.18,0.94,✔,895,78,0.72,1.07,,1078,81,0.93,0.95,
5分钟 回踩VWAP失衡 补仓5笔(1:1:2:2:4，-2%/-4%/-6%/-8%补) 均价止盈3% 止损离第一笔14% 拿24h,1407,66,1.0,0.82,,1101,66,0.75,0.86,,1284,70,1.01,0.96,
5分钟 回踩VWAP失衡 补仓5笔(1:1:2:2:4，-2%/-4%/-6%/-8%补) 均价止盈3% 止损离第一笔14% 拿72h,1127,81,1.12,0.86,✔,871,80,0.7,0.87,,1063,82,0.92,0.93,
5分钟 回踩VWAP失衡 补仓5笔(1:1:2:2:4，-2%/-4%/-6%/-8%补) 均价止盈3% 止损离第一笔18% 拿24h,1407,66,0.99,0.91,,1100,66,0.71,0.82,,1280,70,0.98,1.05,
5分钟 回踩VWAP失衡 补仓5笔(1:1:2:2:4，-2%/-4%/-6%/-8%补) 均价止盈3% 止损离第一笔18% 拿72h,1121,81,1.07,0.92,,855,80,0.72,0.92,,1053,83,1.0,1.03,
5分钟 回踩VWAP失衡 补仓5笔(1:1:2:2:4，-2%/-4%/-6%/-8%补) 均价止盈5% 止损离第一笔11% 拿24h,1356,61,1.0,0.83,,1053,60,0.76,0.97,,1209,65,1.08,0.95,
5分钟 回踩VWAP失衡 补仓5笔(1:1:2:2:4，-2%/-4%/-6%/-8%补) 均价止盈5% 止损离第一笔11% 拿72h,980,72,1.08,0.84,,757,66,0.7,0.85,,911,71,0.99,1.02,
5分钟 回踩VWAP失衡 补仓5笔(1:1:2:2:4，-2%/-4%/-6%/-8%补) 均价止盈5% 止损离第一笔14% 拿24h,1353,61,1.01,0.87,,1050,60,0.74,0.9,,1207,65,1.03,0.99,
5分钟 回踩VWAP失衡 补仓5笔(1:1:2:2:4，-2%/-4%/-6%/-8%补) 均价止盈5% 止损离第一笔14% 拿72h,965,72,0.96,0.86,,731,68,0.73,0.86,,897,73,0.97,0.96,
5分钟 回踩VWAP失衡 补仓5笔(1:1:2:2:4，-2%/-4%/-6%/-8%补) 均价止盈5% 止损离第一笔18% 拿24h,1353,61,1.0,0.97,,1049,60,0.7,0.99,,1203,65,0.99,0.98,
5分钟 回踩VWAP失衡 补仓5笔(1:1:2:2:4，-2%/-4%/-6%/-8%补) 均价止盈5% 止损离第一笔18% 拿72h,960,72,0.93,0.83,,723,68,0.71,0.81,,886,74,0.98,0.97,
5分钟 回踩VWAP失衡 补仓5笔(1:1:2:2:4，-2%/-4%/-6%/-8%补) 均价止盈8% 止损离第一笔11% 拿24h,1334,60,0.95,0.93,,1037,59,0.76,0.89,,1169,63,1.07,0.94,
5分钟 回踩VWAP失衡 补仓5笔(1:1:2:2:4，-2%/-4%/-6%/-8%补) 均价止盈8% 止损离第一笔11% 拿72h,881,66,1.09,0.9,,673,61,0.72,0.83,,799,67,1.03,0.94,
5分钟 回踩VWAP失衡 补仓5笔(1:1:2:2:4，-2%/-4%/-6%/-8%补) 均价止盈8% 止损离第一笔14% 拿24h,1330,61,1.04,0.91,,1034,59,0.74,0.96,,1167,63,1.03,0.94,
5分钟 回踩VWAP失衡 补仓5笔(1:1:2:2:4，-2%/-4%/-6%/-8%补) 均价止盈8% 止损离第一笔14% 拿72h,866,67,0.99,0.94,,652,63,0.78,0.9,,788,68,1.0,1.02,
5分钟 回踩VWAP失衡 补仓5笔(1:1:2:2:4，-2%/-4%/-6%/-8%补) 均价止盈8% 止损离第一笔18% 拿24h,1330,61,1.02,1.02,,1033,59,0.7,0.9,,1163,63,0.97,1.01,
5分钟 回踩VWAP失衡 补仓5笔(1:1:2:2:4，-2%/-4%/-6%/-8%补) 均价止盈8% 止损离第一笔18% 拿72h,860,67,0.98,0.74,,644,64,0.75,0.83,,774,69,1.0,0.94,
5分钟 回踩VWAP失衡 补仓8笔(1:1:1:1:1:1:1:1，-1%/-2%/-3%/-4%/-5%/-6%/-7%补) 均价止盈1% 止损离第一笔10% 拿24h,1660,86,0.9,0.96,,1344,86,0.66,0.81,,1558,91,1.02,1.01,
5分钟 回踩VWAP失衡 补仓8笔(1:1:1:1:1:1:1:1，-1%/-2%/-3%/-4%/-5%/-6%/-7%补) 均价止盈1% 止损离第一笔10% 拿72h,1561,94,1.18,1.02,✔,1286,93,0.71,0.8,,1511,96,1.17,0.89,
5分钟 回踩VWAP失衡 补仓8笔(1:1:1:1:1:1:1:1，-1%/-2%/-3%/-4%/-5%/-6%/-7%补) 均价止盈1% 止损离第一笔13% 拿24h,1658,86,0.88,0.88,,1341,87,0.69,0.72,,1555,91,1.08,1.1,
5分钟 回踩VWAP失衡 补仓8笔(1:1:1:1:1:1:1:1，-1%/-2%/-3%/-4%/-5%/-6%/-7%补) 均价止盈1% 止损离第一笔13% 拿72h,1553,94,1.13,0.99,,1265,94,0.78,0.81,,1499,96,1.23,0.99,✔
5分钟 回踩VWAP失衡 补仓8笔(1:1:1:1:1:1:1:1，-1%/-2%/-3%/-4%/-5%/-6%/-7%补) 均价止盈1% 止损离第一笔17% 拿24h,1657,86,0.89,0.81,,1339,87,0.64,0.73,,1552,91,1.09,0.89,
5分钟 回踩VWAP失衡 补仓8笔(1:1:1:1:1:1:1:1，-1%/-2%/-3%/-4%/-5%/-6%/-7%补) 均价止盈1% 止损离第一笔17% 拿72h,1549,95,1.13,0.92,,1252,94,0.81,0.77,,1491,97,1.3,1.04,✔
5分钟 回踩VWAP失衡 补仓8笔(1:1:1:1:1:1:1:1，-1%/-2%/-3%/-4%/-5%/-6%/-7%补) 均价止盈2% 止损离第一笔10% 拿24h,1494,75,0.99,0.91,,1174,74,0.71,0.88,,1369,79,0.96,0.98,
5分钟 回踩VWAP失衡 补仓8笔(1:1:1:1:1:1:1:1，-1%/-2%/-3%/-4%/-5%/-6%/-7%补) 均价止盈2% 止损离第一笔10% 拿72h,1301,87,1.1,0.91,,1047,84,0.73,0.88,,1249,88,1.05,0.98,
5分钟 回踩VWAP失衡 补仓8笔(1:1:1:1:1:1:1:1，-1%/-2%/-3%/-4%/-5%/-6%/-7%补) 均价止盈2% 止损离第一笔13% 拿24h,1491,75,1.0,0.94,,1172,74,0.73,0.84,,1367,79,0.98,1.1,
5分钟 回踩VWAP失衡 补仓8笔(1:1:1:1:1:1:1:1，-1%/-2%/-3%/-4%/-5%/-6%/-7%补) 均价止盈2% 止损离第一笔13% 拿72h,1291,87,1.06,0.88,,1022,86,0.79,0.77,,1231,89,0.99,1.05,
5分钟 回踩VWAP失衡 补仓8笔(1:1:1:1:1:1:1:1，-1%/-2%/-3%/-4%/-5%/-6%/-7%补) 均价止盈2% 止损离第一笔17% 拿24h,1490,75,0.99,0.8,,1170,74,0.7,0.9,,1363,79,0.98,0.97,
5分钟 回踩VWAP失衡 补仓8笔(1:1:1:1:1:1:1:1，-1%/-2%/-3%/-4%/-5%/-6%/-7%补) 均价止盈2% 止损离第一笔17% 拿72h,1284,87,1.07,0.81,,1004,86,0.81,0.85,,1218,90,1.11,0.93,
5分钟 回踩VWAP失衡 补仓8笔(1:1:1:1:1:1:1:1，-1%/-2%/-3%/-4%/-5%/-6%/-7%补) 均价止盈3% 止损离第一笔10% 拿24h,1415,68,0.98,0.93,,1106,67,0.74,0.81,,1294,72,0.98,0.92,
5分钟 回踩VWAP失衡 补仓8笔(1:1:1:1:1:1:1:1，-1%/-2%/-3%/-4%/-5%/-6%/-7%补) 均价止盈3% 止损离第一笔10% 拿72h,1147,79,1.08,0.97,,902,75,0.71,0.91,,1093,79,0.93,0.98,
5分钟 回踩VWAP失衡 补仓8笔(1:1:1:1:1:1:1:1，-1%/-2%/-3%/-4%/-5%/-6%/-7%补) 均价止盈3% 止损离第一笔13% 拿24h,1413,69,0.98,0.87,,1104,67,0.76,0.9,,1290,72,0.99,0.99,
5分钟 回踩VWAP失衡 补仓8笔(1:1:1:1:1:1:1:1，-1%/-2%/-3%/-4%/-5%/-6%/-7%补) 均价止盈3% 止损离第一笔13% 拿72h,1131,80,1.06,0.91,,875,77,0.73,0.88,,1067,80,0.89,0.96,
5分钟 回踩VWAP失衡 补仓8笔(1:1:1:1:1:1:1:1，-1%/-2%/-3%/-4%/-5%/-6%/-7%补) 均价止盈3% 止损离第一笔17% 拿24h,1411,69,0.98,0.89,,1101,67,0.73,0.81,,1284,72,1.01,1.0,
5分钟 回踩VWAP失衡 补仓8笔(1:1:1:1:1:1:1:1，-1%/-2%/-3%/-4%/-5%/-6%/-7%补) 均价止盈3% 止损离第一笔17% 拿72h,1120,80,1.05,0.87,,852,78,0.75,0.9,,1051,81,0.99,0.88,
5分钟 回踩VWAP失衡 补仓8笔(1:1:1:1:1:1:1:1，-1%/-2%/-3%/-4%/-5%/-6%/-7%补) 均价止盈5% 止损离第一笔10% 拿24h,1359,63,0.98,0.92,,1052,62,0.74,0.89,,1215,66,1.07,1.05,
5分钟 回踩VWAP失衡 补仓8笔(1:1:1:1:1:1:1:1，-1%/-2%/-3%/-4%/-5%/-6%/-7%补) 均价止盈5% 止损离第一笔10% 拿72h,997,71,1.06,0.94,,756,61,0.65,0.86,,928,69,0.94,0.98,
5分钟 回踩VWAP失衡 补仓8笔(1:1:1:1:1:1:1:1，-1%/-2%/-3%/-4%/-5%/-6%/-7%补) 均价止盈5% 止损离第一笔13% 拿24h,1358,63,0.99,0.97,,1051,62,0.74,0.93,,1211,67,1.06,0.9,
5分钟 回踩VWAP失衡 补仓8笔(1:1:1:1:1:1:1:1，-1%/-2%/-3%/-4%/-5%/-6%/-7%补) 均价止盈5% 止损离第一笔13% 拿72h,978,71,1.0,1.0,,725,63,0.66,0.86,,906,71,0.95,0.99,
5分钟 回踩VWAP失衡 补仓8笔(1:1:1:1:1:1:1:1，-1%/-2%/-3%/-4%/-5%/-6%/-7%补) 均价止盈5% 止损离第一笔17% 拿24h,1356,64,0.98,0.9,,1048,62,0.71,0.95,,1206,67,1.05,0.93,
5分钟 回踩VWAP失衡 补仓8笔(1:1:1:1:1:1:1:1，-1%/-2%/-3%/-4%/-5%/-6%/-7%补) 均价止盈5% 止损离第一笔17% 拿72h,967,71,0.96,0.85,,712,64,0.67,0.95,,895,72,0.99,0.98,
5分钟 回踩VWAP失衡 补仓8笔(1:1:1:1:1:1:1:1，-1%/-2%/-3%/-4%/-5%/-6%/-7%补) 均价止盈8% 止损离第一笔10% 拿24h,1334,63,0.93,0.84,,1038,60,0.75,0.77,,1173,65,1.05,0.96,
5分钟 回踩VWAP失衡 补仓8笔(1:1:1:1:1:1:1:1，-1%/-2%/-3%/-4%/-5%/-6%/-7%补) 均价止盈8% 止损离第一笔10% 拿72h,891,66,1.08,0.95,,680,58,0.74,0.91,,809,65,0.96,0.96,
5分钟 回踩VWAP失衡 补仓8笔(1:1:1:1:1:1:1:1，-1%/-2%/-3%/-4%/-5%/-6%/-7%补) 均价止盈8% 止损离第一笔13% 拿24h,1332,63,1.01,0.82,,1037,61,0.75,0.84,,1169,65,1.04,0.91,
5分钟 回踩VWAP失衡 补仓8笔(1:1:1:1:1:1:1:1，-1%/-2%/-3%/-4%/-5%/-6%/-7%补) 均价止盈8% 止损离第一笔13% 拿72h,871,66,1.05,0.99,,652,60,0.78,0.87,,792,66,0.95,1.09,
5分钟 回踩VWAP失衡 补仓8笔(1:1:1:1:1:1:1:1，-1%/-2%/-3%/-4%/-5%/-6%/-7%补) 均价止盈8% 止损离第一笔17% 拿24h,1330,63,0.99,0.87,,1034,61,0.72,0.87,,1164,65,1.03,0.92,
5分钟 回踩VWAP失衡 补仓8笔(1:1:1:1:1:1:1:1，-1%/-2%/-3%/-4%/-5%/-6%/-7%补) 均价止盈8% 止损离第一笔17% 拿72h,861,67,1.0,0.95,,643,61,0.78,0.84,,775,67,0.98,1.01,
5分钟 回踩VWAP失衡 补仓6笔(1:1:1:2:2:3，-2%/-4%/-6%/-9%/-12%补) 均价止盈1% 止损离第一笔15% 拿24h,1635,84,0.9,0.9,,1309,85,0.64,0.76,,1518,90,1.2,1.14,
5分钟 回踩VWAP失衡 补仓6笔(1:1:1:2:2:3，-2%/-4%/-6%/-9%/-12%补) 均价止盈1% 止损离第一笔15% 拿72h,1515,95,1.42,0.93,✔,1218,94,0.69,0.75,,1458,97,1.36,0.88,✔
5分钟 回踩VWAP失衡 补仓6笔(1:1:1:2:2:3，-2%/-4%/-6%/-9%/-12%补) 均价止盈1% 止损离第一笔18% 拿24h,1635,84,0.92,0.92,,1308,85,0.6,0.8,,1518,90,1.09,0.91,
5分钟 回踩VWAP失衡 补仓6笔(1:1:1:2:2:3，-2%/-4%/-6%/-9%/-12%补) 均价止盈1% 止损离第一笔18% 拿72h,1515,95,1.47,0.73,✔,1212,94,0.73,0.75,,1456,97,1.43,1.04,✔
5分钟 回踩VWAP失衡 补仓6笔(1:1:1:2:2:3，-2%/-4%/-6%/-9%/-12%补) 均价止盈1% 止损离第一笔22% 拿24h,1635,84,0.99,0.89,,1308,85,0.55,0.77,,1518,90,0.99,0.93,
5分钟 回踩VWAP失衡 补仓6笔(1:1:1:2:2:3，-2%/-4%/-6%/-9%/-12%补) 均价止盈1% 止损离第一笔22% 拿72h,1511,95,1.36,0.73,✔,1211,94,0.73,0.79,,1454,97,1.42,1.03,✔
5分钟 回踩VWAP失衡 补仓6笔(1:1:1:2:2:3，-2%/-4%/-6%/-9%/-12%补) 均价止盈2% 止损离第一笔15% 拿24h,1476,71,0.99,0.88,,1155,72,0.68,0.99,,1356,77,1.08,0.93,
5分钟 回踩VWAP失衡 补仓6笔(1:1:1:2:2:3，-2%/-4%/-6%/-9%/-12%补) 均价止盈2% 止损离第一笔15% 拿72h,1259,86,1.03,0.88,,992,87,0.78,0.84,,1208,91,1.18,0.93,
5分钟 回踩VWAP失衡 补仓6笔(1:1:1:2:2:3，-2%/-4%/-6%/-9%/-12%补) 均价止盈2% 止损离第一笔18% 拿24h,1476,71,1.04,0.89,,1154,72,0.65,0.82,,1356,77,0.97,0.87,
5分钟 回踩VWAP失衡 补仓6笔(1:1:1:2:2:3，-2%/-4%/-6%/-9%/-12%补) 均价止盈2% 止损离第一笔18% 拿72h,1257,86,1.02,0.87,,982,87,0.79,1.01,,1203,91,1.19,0.89,✔
5分钟 回踩VWAP失衡 补仓6笔(1:1:1:2:2:3，-2%/-4%/-6%/-9%/-12%补) 均价止盈2% 止损离第一笔22% 拿24h,1476,71,1.14,0.82,,1154,72,0.59,0.82,,1356,77,1.01,0.98,
5分钟 回踩VWAP失衡 补仓6笔(1:1:1:2:2:3，-2%/-4%/-6%/-9%/-12%补) 均价止盈2% 止损离第一笔22% 拿72h,1251,86,0.98,0.74,,979,88,0.76,0.87,,1203,91,1.18,1.01,✔
5分钟 回踩VWAP失衡 补仓6笔(1:1:1:2:2:3，-2%/-4%/-6%/-9%/-12%补) 均价止盈3% 止损离第一笔15% 拿24h,1406,65,0.98,0.93,,1096,64,0.71,0.83,,1278,70,1.09,1.03,
5分钟 回踩VWAP失衡 补仓6笔(1:1:1:2:2:3，-2%/-4%/-6%/-9%/-12%补) 均价止盈3% 止损离第一笔15% 拿72h,1113,79,1.03,0.85,,854,79,0.73,0.81,,1049,82,1.0,0.9,
5分钟 回踩VWAP失衡 补仓6笔(1:1:1:2:2:3，-2%/-4%/-6%/-9%/-12%补) 均价止盈3% 止损离第一笔18% 拿24h,1406,65,1.0,0.83,,1095,64,0.68,0.8,,1278,70,1.03,0.96,
5分钟 回踩VWAP失衡 补仓6笔(1:1:1:2:2:3，-2%/-4%/-6%/-9%/-12%补) 均价止盈3% 止损离第一笔18% 拿72h,1110,79,1.03,0.94,,843,79,0.72,0.89,,1046,83,1.06,0.93,
5分钟 回踩VWAP失衡 补仓6笔(1:1:1:2:2:3，-2%/-4%/-6%/-9%/-12%补) 均价止盈3% 止损离第一笔22% 拿24h,1406,65,1.11,0.83,,1095,64,0.61,0.9,,1278,70,1.04,0.89,
5分钟 回踩VWAP失衡 补仓6笔(1:1:1:2:2:3，-2%/-4%/-6%/-9%/-12%补) 均价止盈3% 止损离第一笔22% 拿72h,1105,80,1.01,0.85,,841,80,0.68,0.81,,1039,83,1.03,0.83,
5分钟 回踩VWAP失衡 补仓6笔(1:1:1:2:2:3，-2%/-4%/-6%/-9%/-12%补) 均价止盈5% 止损离第一笔15% 拿24h,1354,60,0.98,0.9,,1048,59,0.71,0.92,,1203,64,1.09,0.96,
5分钟 回踩VWAP失衡 补仓6笔(1:1:1:2:2:3，-2%/-4%/-6%/-9%/-12%补) 均价止盈5% 止损离第一笔15% 拿72h,959,71,0.89,0.81,,720,66,0.71,0.8,,888,72,1.01,0.99,
5分钟 回踩VWAP失衡 补仓6笔(1:1:1:2:2:3，-2%/-4%/-6%/-9%/-12%补) 均价止盈5% 止损离第一笔18% 拿24h,1354,60,0.99,0.83,,1047,59,0.67,0.93,,1203,64,1.0,0.99,
5分钟 回踩VWAP失衡 补仓6笔(1:1:1:2:2:3，-2%/-4%/-6%/-9%/-12%补) 均价止盈5% 止损离第一笔18% 拿72h,955,71,0.87,0.83,,715,67,0.68,0.87,,884,73,0.99,0.84,
5分钟 回踩VWAP失衡 补仓6笔(1:1:1:2:2:3，-2%/-4%/-6%/-9%/-12%补) 均价止盈5% 止损离第一笔22% 拿24h,1354,61,1.09,0.86,,1047,59,0.61,0.8,,1203,64,1.0,1.13,
5分钟 回踩VWAP失衡 补仓6笔(1:1:1:2:2:3，-2%/-4%/-6%/-9%/-12%补) 均价止盈5% 止损离第一笔22% 拿72h,952,71,0.85,0.77,,712,67,0.64,0.91,,880,73,0.96,0.95,
5分钟 回踩VWAP失衡 补仓6笔(1:1:1:2:2:3，-2%/-4%/-6%/-9%/-12%补) 均价止盈8% 止损离第一笔15% 拿24h,1330,60,1.03,0.93,,1034,57,0.7,0.91,,1163,63,1.08,0.97,
5分钟 回踩VWAP失衡 补仓6笔(1:1:1:2:2:3，-2%/-4%/-6%/-9%/-12%补) 均价止盈8% 止损离第一笔15% 拿72h,865,66,1.01,0.89,,645,62,0.83,0.99,,780,67,0.99,0.95,
5分钟 回踩VWAP失衡 补仓6笔(1:1:1:2:2:3，-2%/-4%/-6%/-9%/-12%补) 均价止盈8% 止损离第一笔18% 拿24h,1330,60,1.04,0.83,,1033,57,0.67,0.83,,1163,63,0.99,0.98,
5分钟 回踩VWAP失衡 补仓6笔(1:1:1:2:2:3，-2%/-4%/-6%/-9%/-12%补) 均价止盈8% 止损离第一笔18% 拿72h,861,66,1.01,0.87,,640,62,0.75,0.86,,773,68,1.02,0.95,
5分钟 回踩VWAP失衡 补仓6笔(1:1:1:2:2:3，-2%/-4%/-6%/-9%/-12%补) 均价止盈8% 止损离第一笔22% 拿24h,1330,60,1.15,0.78,,1033,57,0.61,0.87,,1163,63,0.98,0.89,
5分钟 回踩VWAP失衡 补仓6笔(1:1:1:2:2:3，-2%/-4%/-6%/-9%/-12%补) 均价止盈8% 止损离第一笔22% 拿72h,859,67,0.98,0.76,,637,63,0.72,0.81,,774,69,1.02,0.92,
15分钟 关键位吸收 原版止损 止盈1倍 拿2h,198,49,0.73,0.66,,161,48,0.68,0.66,,208,50,0.77,0.71,
15分钟 关键位吸收 原版止损 止盈1倍 拿12h,198,52,0.77,0.63,,161,48,0.67,0.8,,208,51,0.78,0.64,
15分钟 关键位吸收 原版止损 止盈2倍 拿2h,198,39,0.73,0.72,,160,36,0.72,0.75,,207,39,0.78,0.71,
15分钟 关键位吸收 原版止损 止盈2倍 拿12h,197,36,0.85,0.73,,160,31,0.66,0.74,,207,34,0.75,0.86,
15分钟 关键位吸收 原版止损 止盈3倍 拿2h,198,38,0.72,0.62,,159,32,0.6,0.61,,207,35,0.83,0.63,
15分钟 关键位吸收 原版止损 止盈3倍 拿12h,197,21,0.58,0.67,,159,19,0.54,0.82,,207,26,0.72,0.79,
15分钟 关键位吸收 止损2% 止盈不设 拿4h,189,47,0.75,0.88,,158,43,0.72,1.03,,201,47,0.79,0.98,
15分钟 关键位吸收 止损2% 止盈不设 拿12h,188,34,0.61,0.79,,158,39,0.69,0.9,,199,41,0.87,0.74,
15分钟 关键位吸收 止损2% 止盈不设 拿24h,185,34,0.75,0.83,,157,35,0.77,0.84,,194,37,0.92,1.09,
15分钟 关键位吸收 止损2% 止盈不设 拿48h,174,32,0.92,1.04,,152,28,0.86,0.82,,183,32,0.97,0.69,
15分钟 关键位吸收 止损2% 止盈1% 拿4h,190,52,0.74,0.88,,159,53,0.85,0.87,,203,56,0.91,0.99,
15分钟 关键位吸收 止损2% 止盈1% 拿12h,189,52,0.69,0.93,,159,58,0.77,0.83,,202,63,0.92,0.88,
15分钟 关键位吸收 止损2% 止盈1% 拿24h,187,57,0.71,1.0,,159,60,0.72,1.0,,201,65,0.94,0.73,
15分钟 关键位吸收 止损2% 止盈1% 拿48h,181,60,0.76,0.86,,159,61,0.71,0.89,,199,67,0.96,0.81,
15分钟 关键位吸收 止损2% 止盈2% 拿4h,190,48,0.82,0.79,,158,44,0.81,0.57,,202,50,0.93,0.95,
15分钟 关键位吸收 止损2% 止盈2% 拿12h,189,39,0.59,0.96,,158,46,0.86,0.77,,201,48,0.91,0.92,
15分钟 关键位吸收 止损2% 止盈2% 拿24h,186,40,0.64,0.93,,158,47,0.84,1.0,,198,49,0.96,0.86,
15分钟 关键位吸收 止损2% 止盈2% 拿48h,180,44,0.75,0.87,,157,46,0.8,0.97,,193,51,0.95,0.95,
15分钟 关键位吸收 止损2% 止盈3% 拿4h,190,47,0.82,0.78,,158,43,0.79,0.85,,201,48,0.89,0.84,
15分钟 关键位吸收 止损2% 止盈3% 拿12h,189,35,0.6,0.93,,158,42,0.83,0.94,,199,43,0.95,0.76,
15分钟 关键位吸收 止损2% 止盈3% 拿24h,186,38,0.69,0.97,,157,39,0.78,0.82,,196,43,0.97,0.94,
15分钟 关键位吸收 止损2% 止盈3% 拿48h,178,38,0.81,1.05,,152,37,0.79,0.87,,189,41,0.96,0.96,
15分钟 关键位吸收 止损2% 止盈5% 拿4h,189,47,0.76,0.9,,158,43,0.74,0.95,,201,47,0.86,0.9,
15分钟 关键位吸收 止损2% 止盈5% 拿12h,188,34,0.58,0.78,,158,39,0.72,0.74,,199,42,0.98,0.86,
15分钟 关键位吸收 止损2% 止盈5% 拿24h,185,35,0.74,0.98,,157,35,0.78,1.05,,194,38,0.92,1.05,
15分钟 关键位吸收 止损2% 止盈5% 拿48h,176,32,0.85,1.01,,152,29,0.81,0.9,,186,33,0.85,0.94,
15分钟 关键位吸收 止损2% 止盈8% 拿4h,189,47,0.75,0.98,,158,43,0.72,0.9,,201,47,0.79,0.73,
15分钟 关键位吸收 止损2% 止盈8% 拿12h,188,34,0.6,1.01,,158,39,0.7,0.9,,199,41,0.89,0.87,
15分钟 关键位吸收 止损2% 止盈8% 拿24h,185,35,0.83,0.97,,157,35,0.79,0.85,,194,37,0.94,1.13,
15分钟 关键位吸收 止损2% 止盈8% 拿48h,175,33,0.97,1.0,,152,28,0.89,0.73,,185,32,0.94,1.17,
15分钟 关键位吸收 止损3% 止盈不设 拿4h,188,49,0.88,0.81,,158,45,0.87,0.91,,201,48,0.85,0.9,
15分钟 关键位吸收 止损3% 止盈不设 拿12h,187,38,0.73,0.97,,157,43,0.75,0.84,,199,45,0.97,0.81,
15分钟 关键位吸收 止损3% 止盈不设 拿24h,184,38,0.81,0.98,,155,40,0.76,0.83,,192,45,1.01,0.79,
15分钟 关键位吸收 止损3% 止盈不设 拿48h,171,42,0.99,0.89,,148,34,0.76,0.85,,179,41,1.1,0.82,
15分钟 关键位吸收 止损3% 止盈1% 拿4h,189,53,0.8,0.8,,159,55,0.96,0.85,,203,57,0.93,0.94,
15分钟 关键位吸收 止损3% 止盈1% 拿12h,188,57,0.76,0.82,,159,63,0.86,0.79,,202,66,0.91,0.86,
15分钟 关键位吸收 止损3% 止盈1% 拿24h,186,61,0.73,0.85,,159,68,0.8,0.87,,200,72,0.97,0.9,
15分钟 关键位吸收 止损3% 止盈1% 拿48h,179,68,0.79,1.0,,159,70,0.77,0.8,,198,75,1.04,1.09,
15分钟 关键位吸收 止损3% 止盈2% 拿4h,189,49,0.92,0.77,,158,46,0.96,0.94,,202,50,0.95,1.01,
15分钟 关键位吸收 止损3% 止盈2% 拿12h,188,43,0.65,1.0,,157,51,0.93,0.9,,201,51,0.85,1.13,
15分钟 关键位吸收 止损3% 止盈2% 拿24h,185,43,0.63,0.82,,157,53,0.86,0.8,,197,57,0.92,0.89,
15分钟 关键位吸收 止损3% 止盈2% 拿48h,177,54,0.82,0.8,,155,52,0.77,0.92,,191,60,0.99,1.11,
15分钟 关键位吸收 止损3% 止盈3% 拿4h,189,49,0.96,0.82,,158,45,0.94,1.07,,201,49,0.93,0.72,
15分钟 关键位吸收 止损3% 止盈3% 拿12h,188,40,0.7,0.9,,157,47,0.94,0.94,,199,47,0.95,0.85,
15分钟 关键位吸收 止损3% 止盈3% 拿24h,185,42,0.73,0.85,,155,46,0.85,0.82,,194,51,0.95,0.93,
15分钟 关键位吸收 止损3% 止盈3% 拿48h,175,49,0.89,0.9,,149,45,0.82,0.85,,185,51,1.04,0.96,
15分钟 关键位吸收 止损3% 止盈5% 拿4h,188,49,0.88,0.92,,158,45,0.89,0.88,,201,49,0.91,0.98,
15分钟 关键位吸收 止损3% 止盈5% 拿12h,187,38,0.7,0.99,,157,43,0.78,1.04,,199,46,0.98,0.87,
15分钟 关键位吸收 止损3% 止盈5% 拿24h,184,39,0.8,0.94,,155,40,0.76,0.91,,192,46,0.96,1.05,
15分钟 关键位吸收 止损3% 止盈5% 拿48h,173,42,0.86,0.92,,149,36,0.77,1.01,,181,43,0.94,0.93,
15分钟 关键位吸收 止损3% 止盈8% 拿4h,188,49,0.88,0.74,,158,45,0.87,0.77,,201,48,0.85,0.81,
15分钟 关键位吸收 止损3% 止盈8% 拿12h,187,38,0.72,0.78,,157,43,0.75,0.9,,199,45,0.93,0.86,
15分钟 关键位吸收 止损3% 止盈8% 拿24h,184,39,0.89,1.13,,155,40,0.78,0.91,,192,45,0.98,0.93,
15分钟 关键位吸收 止损3% 止盈8% 拿48h,172,42,0.97,0.99,,148,34,0.79,1.1,,181,41,1.02,0.89,
15分钟 关键位吸收 止损5% 止盈不设 拿4h,187,49,0.82,0.91,,158,45,0.81,0.69,,201,48,0.85,0.85,
15分钟 关键位吸收 止损5% 止盈不设 拿12h,186,38,0.66,0.88,,157,45,0.77,0.89,,199,47,0.93,0.9,
15分钟 关键位吸收 止损5% 止盈不设 拿24h,183,39,0.72,1.15,,154,45,0.83,0.77,,192,50,1.02,0.85,
15分钟 关键位吸收 止损5% 止盈不设 拿48h,170,46,0.89,1.3,,145,44,0.97,0.86,,177,49,1.1,0.93,
15分钟 关键位吸收 止损5% 止盈1% 拿4h,188,53,0.75,0.77,,159,55,0.88,1.15,,203,57,0.94,0.92,
15分钟 关键位吸收 止损5% 止盈1% 拿12h,187,57,0.69,0.97,,159,65,0.86,0.83,,202,69,0.91,1.04,
15分钟 关键位吸收 止损5% 止盈1% 拿24h,185,63,0.67,1.02,,159,72,0.82,0.92,,200,75,0.96,0.92,
15分钟 关键位吸收 止损5% 止盈1% 拿48h,178,71,0.71,0.92,,155,77,0.8,0.8,,198,80,0.97,0.99,
15分钟 关键位吸收 止损5% 止盈2% 拿4h,188,49,0.85,1.0,,158,46,0.89,0.73,,202,50,0.96,0.76,
15分钟 关键位吸收 止损5% 止盈2% 拿12h,187,43,0.61,0.94,,157,52,0.95,0.76,,201,53,0.82,1.06,
15分钟 关键位吸收 止损5% 止盈2% 拿24h,184,45,0.59,0.91,,156,57,0.92,0.98,,197,61,0.95,0.9,
15分钟 关键位吸收 止损5% 止盈2% 拿48h,176,59,0.75,0.86,,150,62,0.93,0.93,,190,67,0.97,0.98,
15分钟 关键位吸收 止损5% 止盈3% 拿4h,188,49,0.89,0.81,,158,45,0.88,0.83,,201,49,0.95,0.88,
15分钟 关键位吸收 止损5% 止盈3% 拿12h,187,40,0.63,1.0,,157,48,0.95,1.09,,199,48,0.92,0.95,
15分钟 关键位吸收 止损5% 止盈3% 拿24h,184,43,0.66,0.97,,154,51,0.89,0.91,,194,56,0.99,1.03,
15分钟 关键位吸收 止损5% 止盈3% 拿48h,174,52,0.79,1.09,,145,53,0.92,1.06,,183,59,1.05,1.02,
15分钟 关键位吸收 止损5% 止盈5% 拿4h,187,49,0.82,0.87,,158,45,0.83,0.97,,201,49,0.92,0.86,
15分钟 关键位吸收 止损5% 止盈5% 拿12h,186,38,0.63,0.92,,157,45,0.8,0.82,,199,47,0.95,0.95,
15分钟 关键位吸收 止损5% 止盈5% 拿24h,183,40,0.71,1.07,,154,45,0.84,0.87,,192,51,0.98,0.85,
15分钟 关键位吸收 止损5% 止盈5% 拿48h,172,47,0.8,0.68,,145,46,0.97,0.88,,179,51,1.0,0.96,
15分钟 关键位吸收 止损5% 止盈8% 拿4h,187,49,0.82,0.75,,158,45,0.81,0.76,,201,48,0.85,0.88,
15分钟 关键位吸收 止损5% 止盈8% 拿12h,186,38,0.64,0.76,,157,45,0.78,0.74,,199,47,0.89,0.94,
15分钟 关键位吸收 止损5% 止盈8% 拿24h,183,40,0.79,0.92,,154,45,0.86,0.88,,192,50,0.99,0.87,
15分钟 关键位吸收 止损5% 止盈8% 拿48h,171,47,0.88,1.02,,145,44,1.01,1.03,,179,49,1.02,0.93,
15分钟 关键位吸收 补仓3笔(1:1:1，-2%/-4%补) 均价止盈1% 止损离第一笔10% 拿24h,185,70,0.93,1.11,,159,79,0.79,0.69,,199,81,0.93,0.89,
15分钟 关键位吸收 补仓3笔(1:1:1，-2%/-4%补) 均价止盈1% 止损离第一笔10% 拿72h,175,89,1.2,0.96,,155,90,0.78,0.76,,193,92,1.1,1.08,
15分钟 关键位吸收 补仓3笔(1:1:1，-2%/-4%补) 均价止盈1% 止损离第一笔15% 拿24h,185,70,0.93,0.83,,159,79,0.8,0.89,,199,81,0.86,1.14,
15分钟 关键位吸收 补仓3笔(1:1:1，-2%/-4%补) 均价止盈1% 止损离第一笔15% 拿72h,175,89,1.03,0.98,,154,90,0.76,0.89,,193,92,1.0,0.91,
15分钟 关键位吸收 补仓3笔(1:1:1，-2%/-4%补) 均价止盈2% 止损离第一笔10% 拿24h,184,54,0.8,0.98,,156,68,1.08,1.19,,196,69,0.89,0.75,
15分钟 关键位吸收 补仓3笔(1:1:1，-2%/-4%补) 均价止盈2% 止损离第一笔10% 拿72h,170,79,0.89,0.77,,148,84,1.35,0.87,✔,183,80,1.0,1.33,
15分钟 关键位吸收 补仓3笔(1:1:1，-2%/-4%补) 均价止盈2% 止损离第一笔15% 拿24h,184,54,0.8,0.83,,156,68,1.14,0.71,✔,196,69,0.84,0.81,
15分钟 关键位吸收 补仓3笔(1:1:1，-2%/-4%补) 均价止盈2% 止损离第一笔15% 拿72h,170,79,0.81,0.95,,147,84,1.44,0.82,✔,183,80,0.84,0.93,
15分钟 关键位吸收 补仓3笔(1:1:1，-2%/-4%补) 均价止盈3% 止损离第一笔10% 拿24h,184,49,0.68,1.03,,154,61,1.03,0.99,,194,61,0.84,1.22,
15分钟 关键位吸收 补仓3笔(1:1:1，-2%/-4%补) 均价止盈3% 止损离第一笔10% 拿72h,165,68,0.71,1.06,,139,79,1.45,0.8,✔,173,69,0.81,0.86,
15分钟 关键位吸收 补仓3笔(1:1:1，-2%/-4%补) 均价止盈3% 止损离第一笔15% 拿24h,184,49,0.68,0.98,,154,61,1.08,0.89,,194,61,0.78,1.0,
15分钟 关键位吸收 补仓3笔(1:1:1，-2%/-4%补) 均价止盈3% 止损离第一笔15% 拿72h,165,68,0.68,0.98,,138,79,1.51,0.8,✔,173,69,0.69,0.93,
15分钟 关键位吸收 补仓3笔(1:1:1，-3%/-6%补) 均价止盈1% 止损离第一笔10% 拿24h,185,70,1.0,1.21,,159,77,0.85,0.67,,199,80,0.93,0.9,
15分钟 关键位吸收 补仓3笔(1:1:1，-3%/-6%补) 均价止盈1% 止损离第一笔10% 拿72h,174,86,0.8,1.01,,155,91,0.92,0.77,,192,92,1.34,0.98,✔
15分钟 关键位吸收 补仓3笔(1:1:1，-3%/-6%补) 均价止盈1% 止损离第一笔15% 拿24h,185,70,1.0,0.64,,159,77,0.85,0.91,,199,80,0.85,1.05,
15分钟 关键位吸收 补仓3笔(1:1:1，-3%/-6%补) 均价止盈1% 止损离第一笔15% 拿72h,174,86,0.69,0.9,,154,92,0.86,1.2,,192,93,1.16,0.98,✔
15分钟 关键位吸收 补仓3笔(1:1:1，-3%/-6%补) 均价止盈2% 止损离第一笔10% 拿24h,184,51,0.78,1.14,,156,65,1.04,0.9,,196,66,0.78,1.02,
15分钟 关键位吸收 补仓3笔(1:1:1，-3%/-6%补) 均价止盈2% 止损离第一笔10% 拿72h,169,80,1.06,0.97,,148,84,1.4,0.97,✔,182,79,0.88,1.04,
15分钟 关键位吸收 补仓3笔(1:1:1，-3%/-6%补) 均价止盈2% 止损离第一笔15% 拿24h,184,51,0.78,0.97,,156,65,1.11,0.91,✔,196,66,0.7,0.82,
15分钟 关键位吸收 补仓3笔(1:1:1，-3%/-6%补) 均价止盈2% 止损离第一笔15% 拿72h,169,80,0.92,0.93,,147,84,1.44,0.77,✔,182,80,0.76,1.13,
15分钟 关键位吸收 补仓3笔(1:1:1，-3%/-6%补) 均价止盈3% 止损离第一笔10% 拿24h,184,48,0.76,1.02,,154,59,1.06,1.04,,193,61,0.85,0.87,
15分钟 关键位吸收 补仓3笔(1:1:1，-3%/-6%补) 均价止盈3% 止损离第一笔10% 拿72h,164,69,0.79,0.85,,141,74,1.31,0.9,✔,172,70,0.77,1.1,
15分钟 关键位吸收 补仓3笔(1:1:1，-3%/-6%补) 均价止盈3% 止损离第一笔15% 拿24h,184,48,0.76,0.88,,154,59,1.12,1.16,,193,61,0.77,0.91,
15分钟 关键位吸收 补仓3笔(1:1:1，-3%/-6%补) 均价止盈3% 止损离第一笔15% 拿72h,164,69,0.73,0.74,,140,75,1.33,0.77,✔,172,70,0.64,0.92,
15分钟 关键位吸收 补仓3笔(1:1:2，-3%/-6%补) 均价止盈1% 止损离第一笔10% 拿24h,185,70,1.02,0.85,,159,77,0.82,0.67,,199,81,0.94,1.07,
15分钟 关键位吸收 补仓3笔(1:1:2，-3%/-6%补) 均价止盈1% 止损离第一笔10% 拿72h,174,87,0.97,0.98,,155,92,0.96,0.92,,193,93,1.44,0.97,✔
15分钟 关键位吸收 补仓3笔(1:1:2，-3%/-6%补) 均价止盈1% 止损离第一笔15% 拿24h,185,70,1.02,0.93,,159,77,0.83,0.92,,199,81,0.84,0.94,
15分钟 关键位吸收 补仓3笔(1:1:2，-3%/-6%补) 均价止盈1% 止损离第一笔15% 拿72h,174,87,0.86,0.78,,155,93,0.95,0.96,,193,93,1.17,0.94,
15分钟 关键位吸收 补仓3笔(1:1:2，-3%/-6%补) 均价止盈2% 止损离第一笔10% 拿24h,184,52,1.0,0.93,,156,65,1.0,0.77,,196,67,0.78,0.67,
15分钟 关键位吸收 补仓3笔(1:1:2，-3%/-6%补) 均价止盈2% 止损离第一笔10% 拿72h,169,80,1.12,0.78,,148,84,1.34,0.69,✔,182,82,0.95,0.91,
15分钟 关键位吸收 补仓3笔(1:1:2，-3%/-6%补) 均价止盈2% 止损离第一笔15% 拿24h,184,52,1.0,0.83,,156,65,1.07,0.71,,196,67,0.68,1.05,
15分钟 关键位吸收 补仓3笔(1:1:2，-3%/-6%补) 均价止盈2% 止损离第一笔15% 拿72h,169,80,0.99,1.04,,147,85,1.4,0.86,,182,82,0.79,1.1,
15分钟 关键位吸收 补仓3笔(1:1:2，-3%/-6%补) 均价止盈3% 止损离第一笔10% 拿24h,184,49,0.89,1.14,,154,60,1.06,1.05,,193,61,0.82,1.0,
15分钟 关键位吸收 补仓3笔(1:1:2，-3%/-6%补) 均价止盈3% 止损离第一笔10% 拿72h,164,71,0.89,0.94,,141,76,1.35,0.95,✔,172,70,0.73,1.18,
15分钟 关键位吸收 补仓3笔(1:1:2，-3%/-6%补) 均价止盈3% 止损离第一笔15% 拿24h,184,49,0.89,0.86,,154,60,1.13,0.69,,193,61,0.73,0.9,
15分钟 关键位吸收 补仓3笔(1:1:2，-3%/-6%补) 均价止盈3% 止损离第一笔15% 拿72h,164,71,0.84,0.76,,140,76,1.39,0.91,✔,172,71,0.61,1.1,
15分钟 关键位吸收 补仓4笔(1:1:1:1，-2%/-4%/-6%补) 均价止盈1% 止损离第一笔10% 拿24h,185,72,1.09,0.88,,159,79,0.76,0.77,,199,83,0.96,0.77,
15分钟 关键位吸收 补仓4笔(1:1:1:1，-2%/-4%/-6%补) 均价止盈1% 止损离第一笔10% 拿72h,175,89,1.13,1.34,,155,91,0.74,0.77,,193,93,1.22,0.93,✔
15分钟 关键位吸收 补仓4笔(1:1:1:1，-2%/-4%/-6%补) 均价止盈1% 止损离第一笔15% 拿24h,185,72,1.09,0.72,,159,79,0.77,0.68,,199,83,0.87,1.01,
15分钟 关键位吸收 补仓4笔(1:1:1:1，-2%/-4%/-6%补) 均价止盈1% 止损离第一笔15% 拿72h,175,89,0.94,1.01,,154,92,0.72,0.82,,193,94,1.06,0.91,
15分钟 关键位吸收 补仓4笔(1:1:1:1，-2%/-4%/-6%补) 均价止盈2% 止损离第一笔10% 拿24h,184,55,0.9,0.7,,156,69,1.07,0.97,,196,70,0.87,0.99,
15分钟 关键位吸收 补仓4笔(1:1:1:1，-2%/-4%/-6%补) 均价止盈2% 止损离第一笔10% 拿72h,170,82,1.12,1.09,,149,87,1.47,0.92,✔,183,81,0.98,1.13,
15分钟 关键位吸收 补仓4笔(1:1:1:1，-2%/-4%/-6%补) 均价止盈2% 止损离第一笔15% 拿24h,184,55,0.9,0.92,,156,69,1.14,0.81,✔,196,70,0.81,0.88,
15分钟 关键位吸收 补仓4笔(1:1:1:1，-2%/-4%/-6%补) 均价止盈2% 止损离第一笔15% 拿72h,170,82,1.02,0.74,,148,87,1.6,1.12,✔,183,82,0.82,1.21,
15分钟 关键位吸收 补仓4笔(1:1:1:1，-2%/-4%/-6%补) 均价止盈3% 止损离第一笔10% 拿24h,184,51,0.75,0.88,,154,62,1.01,0.87,,194,62,0.83,1.24,
15分钟 关键位吸收 补仓4笔(1:1:1:1，-2%/-4%/-6%补) 均价止盈3% 止损离第一笔10% 拿72h,165,70,0.78,1.24,,140,79,1.32,0.86,✔,173,71,0.82,0.9,
15分钟 关键位吸收 补仓4笔(1:1:1:1，-2%/-4%/-6%补) 均价止盈3% 止损离第一笔15% 拿24h,184,51,0.75,0.83,,154,62,1.07,1.07,,194,62,0.75,1.07,
15分钟 关键位吸收 补仓4笔(1:1:1:1，-2%/-4%/-6%补) 均价止盈3% 止损离第一笔15% 拿72h,165,70,0.72,0.96,,139,80,1.34,0.97,✔,173,71,0.68,1.11,
15分钟 关键位吸收 补仓5笔(1:1:1:1:1，-2%/-4%/-6%/-8%补) 均价止盈1% 止损离第一笔11% 拿24h,185,72,1.08,0.74,,159,79,0.78,0.58,,199,83,1.02,1.15,
15分钟 关键位吸收 补仓5笔(1:1:1:1:1，-2%/-4%/-6%/-8%补) 均价止盈1% 止损离第一笔11% 拿72h,175,89,1.25,1.07,,154,92,0.75,0.98,,193,94,1.2,0.88,✔
15分钟 关键位吸收 补仓5笔(1:1:1:1:1，-2%/-4%/-6%/-8%补) 均价止盈1% 止损离第一笔14% 拿24h,185,72,1.08,0.89,,159,79,0.77,0.6,,199,83,0.88,1.18,
15分钟 关键位吸收 补仓5笔(1:1:1:1:1，-2%/-4%/-6%/-8%补) 均价止盈1% 止损离第一笔14% 拿72h,175,89,1.06,0.87,,154,92,0.78,0.63,,193,94,0.93,0.72,
15分钟 关键位吸收 补仓5笔(1:1:1:1:1，-2%/-4%/-6%/-8%补) 均价止盈1% 止损离第一笔18% 拿24h,185,72,1.08,1.1,,159,79,0.78,0.75,,199,83,0.89,0.82,
15分钟 关键位吸收 补仓5笔(1:1:1:1:1，-2%/-4%/-6%/-8%补) 均价止盈1% 止损离第一笔18% 拿72h,175,89,0.99,0.66,,154,93,1.04,1.1,,192,94,0.82,0.91,
15分钟 关键位吸收 补仓5笔(1:1:1:1:1，-2%/-4%/-6%/-8%补) 均价止盈2% 止损离第一笔11% 拿24h,184,55,0.94,1.08,,156,69,1.05,0.74,,196,70,0.92,0.88,
15分钟 关键位吸收 补仓5笔(1:1:1:1:1，-2%/-4%/-6%/-8%补) 均价止盈2% 止损离第一笔11% 拿72h,170,82,1.15,0.98,,148,86,1.43,0.92,✔,183,83,0.99,1.46,
15分钟 关键位吸收 补仓5笔(1:1:1:1:1，-2%/-4%/-6%/-8%补) 均价止盈2% 止损离第一笔14% 拿24h,184,55,0.94,1.04,,156,69,1.15,0.83,✔,196,70,0.81,1.22,
15分钟 关键位吸收 补仓5笔(1:1:1:1:1，-2%/-4%/-6%/-8%补) 均价止盈2% 止损离第一笔14% 拿72h,170,82,1.01,0.74,,148,87,1.64,0.9,✔,183,83,0.78,1.06,
15分钟 关键位吸收 补仓5笔(1:1:1:1:1，-2%/-4%/-6%/-8%补) 均价止盈2% 止损离第一笔18% 拿24h,184,55,0.94,1.27,,156,69,1.15,0.69,✔,196,70,0.82,0.91,
15分钟 关键位吸收 补仓5笔(1:1:1:1:1，-2%/-4%/-6%/-8%补) 均价止盈2% 止损离第一笔18% 拿72h,170,82,0.97,0.9,,148,88,2.2,1.16,✔,182,84,0.72,1.02,
15分钟 关键位吸收 补仓5笔(1:1:1:1:1，-2%/-4%/-6%/-8%补) 均价止盈3% 止损离第一笔11% 拿24h,184,51,0.8,1.19,,154,62,1.0,0.79,,194,62,0.86,0.84,
15分钟 关键位吸收 补仓5笔(1:1:1:1:1，-2%/-4%/-6%/-8%补) 均价止盈3% 止损离第一笔11% 拿72h,165,72,0.98,1.11,,139,81,1.32,0.81,✔,173,72,0.78,1.14,
15分钟 关键位吸收 补仓5笔(1:1:1:1:1，-2%/-4%/-6%/-8%补) 均价止盈3% 止损离第一笔14% 拿24h,184,51,0.8,0.94,,154,62,1.08,0.74,,194,62,0.75,1.0,
15分钟 关键位吸收 补仓5笔(1:1:1:1:1，-2%/-4%/-6%/-8%补) 均价止盈3% 止损离第一笔14% 拿72h,165,72,0.86,0.84,,139,81,1.46,1.16,✔,173,72,0.65,0.79,
15分钟 关键位吸收 补仓5笔(1:1:1:1:1，-2%/-4%/-6%/-8%补) 均价止盈3% 止损离第一笔18% 拿24h,184,51,0.8,1.26,,154,62,1.08,0.91,,194,62,0.73,0.8,
15分钟 关键位吸收 补仓5笔(1:1:1:1:1，-2%/-4%/-6%/-8%补) 均价止盈3% 止损离第一笔18% 拿72h,165,72,0.85,0.99,,139,83,2.03,1.01,✔,172,73,0.6,0.88,
15分钟 关键位吸收 补仓5笔(1:1:1:1:1，-2%/-4%/-6%/-8%补) 均价止盈5% 止损离第一笔11% 拿24h,183,47,0.74,0.76,,154,56,0.93,0.68,,191,59,0.97,0.89,
15分钟 关键位吸收 补仓5笔(1:1:1:1:1，-2%/-4%/-6%/-8%补) 均价止盈5% 止损离第一笔11% 拿72h,161,64,0.79,1.02,,136,68,1.14,1.08,,165,61,0.71,1.04,
15分钟 关键位吸收 补仓5笔(1:1:1:1:1，-2%/-4%/-6%/-8%补) 均价止盈5% 止损离第一笔14% 拿24h,183,47,0.71,1.27,,154,56,0.99,1.11,,191,59,0.85,0.89,
15分钟 关键位吸收 补仓5笔(1:1:1:1:1，-2%/-4%/-6%/-8%补) 均价止盈5% 止损离第一笔14% 拿72h,161,64,0.7,0.99,,136,69,1.2,0.8,✔,165,61,0.61,1.04,
15分钟 关键位吸收 补仓5笔(1:1:1:1:1，-2%/-4%/-6%/-8%补) 均价止盈5% 止损离第一笔18% 拿24h,183,47,0.71,0.83,,154,56,1.0,0.88,,191,59,0.83,1.36,
15分钟 关键位吸收 补仓5笔(1:1:1:1:1，-2%/-4%/-6%/-8%补) 均价止盈5% 止损离第一笔18% 拿72h,160,64,0.65,1.26,,136,71,1.65,0.84,✔,164,62,0.57,0.94,
15分钟 关键位吸收 补仓5笔(1:1:1:1:1，-2%/-4%/-6%/-8%补) 均价止盈8% 止损离第一笔11% 拿24h,183,47,0.83,0.76,,154,56,0.96,1.05,,191,59,0.91,0.79,
15分钟 关键位吸收 补仓5笔(1:1:1:1:1，-2%/-4%/-6%/-8%补) 均价止盈8% 止损离第一笔11% 拿72h,158,59,0.73,0.95,,134,65,1.19,0.85,✔,165,56,0.73,0.88,
15分钟 关键位吸收 补仓5笔(1:1:1:1:1，-2%/-4%/-6%/-8%补) 均价止盈8% 止损离第一笔14% 拿24h,183,47,0.79,1.09,,154,56,1.03,0.82,,191,59,0.79,0.98,
15分钟 关键位吸收 补仓5笔(1:1:1:1:1，-2%/-4%/-6%/-8%补) 均价止盈8% 止损离第一笔14% 拿72h,158,59,0.66,1.07,,134,66,1.22,0.95,✔,165,56,0.63,1.02,
15分钟 关键位吸收 补仓5笔(1:1:1:1:1，-2%/-4%/-6%/-8%补) 均价止盈8% 止损离第一笔18% 拿24h,183,47,0.8,0.88,,154,56,1.03,0.72,,191,59,0.74,1.14,
15分钟 关键位吸收 补仓5笔(1:1:1:1:1，-2%/-4%/-6%/-8%补) 均价止盈8% 止损离第一笔18% 拿72h,157,59,0.61,0.81,,134,67,1.56,0.91,✔,164,57,0.58,0.86,
15分钟 关键位吸收 补仓6笔(1:1:1:1:1:1，-1.5%/-3%/-4.5%/-6%/-7.5%补) 均价止盈1% 止损离第一笔10.5% 拿24h,185,75,1.08,0.76,,159,81,0.79,0.84,,199,85,1.0,1.02,
15分钟 关键位吸收 补仓6笔(1:1:1:1:1:1，-1.5%/-3%/-4.5%/-6%/-7.5%补) 均价止盈1% 止损离第一笔10.5% 拿72h,176,90,1.03,0.88,,155,93,0.82,0.9,,193,94,1.14,1.02,✔
15分钟 关键位吸收 补仓6笔(1:1:1:1:1:1，-1.5%/-3%/-4.5%/-6%/-7.5%补) 均价止盈1% 止损离第一笔13.5% 拿24h,185,75,1.08,1.13,,159,81,0.86,0.47,,199,85,0.86,1.18,
15分钟 关键位吸收 补仓6笔(1:1:1:1:1:1，-1.5%/-3%/-4.5%/-6%/-7.5%补) 均价止盈1% 止损离第一笔13.5% 拿72h,176,90,0.91,1.14,,155,94,0.95,1.02,,193,94,0.88,1.39,
15分钟 关键位吸收 补仓6笔(1:1:1:1:1:1，-1.5%/-3%/-4.5%/-6%/-7.5%补) 均价止盈1% 止损离第一笔17.5% 拿24h,185,75,1.08,0.85,,159,81,0.86,0.84,,199,85,0.86,1.26,
15分钟 关键位吸收 补仓6笔(1:1:1:1:1:1，-1.5%/-3%/-4.5%/-6%/-7.5%补) 均价止盈1% 止损离第一笔17.5% 拿72h,176,90,0.84,0.68,,155,95,1.31,0.95,✔,192,94,0.75,0.84,
15分钟 关键位吸收 补仓6笔(1:1:1:1:1:1，-1.5%/-3%/-4.5%/-6%/-7.5%补) 均价止盈2% 止损离第一笔10.5% 拿24h,184,61,1.01,1.19,,156,70,0.97,0.99,,196,72,0.92,1.05,
15分钟 关键位吸收 补仓6笔(1:1:1:1:1:1，-1.5%/-3%/-4.5%/-6%/-7.5%补) 均价止盈2% 止损离第一笔10.5% 拿72h,169,83,1.1,0.9,,148,88,1.47,0.91,✔,183,85,1.12,1.13,
15分钟 关键位吸收 补仓6笔(1:1:1:1:1:1，-1.5%/-3%/-4.5%/-6%/-7.5%补) 均价止盈2% 止损离第一笔13.5% 拿24h,184,61,1.01,1.01,,156,70,1.14,0.79,✔,196,72,0.81,0.93,
15分钟 关键位吸收 补仓6笔(1:1:1:1:1:1，-1.5%/-3%/-4.5%/-6%/-7.5%补) 均价止盈2% 止损离第一笔13.5% 拿72h,169,83,0.97,1.12,,148,89,1.69,0.93,✔,183,85,0.88,0.91,
15分钟 关键位吸收 补仓6笔(1:1:1:1:1:1，-1.5%/-3%/-4.5%/-6%/-7.5%补) 均价止盈2% 止损离第一笔17.5% 拿24h,184,61,1.01,0.88,,156,70,1.13,0.89,✔,196,72,0.81,1.24,
15分钟 关键位吸收 补仓6笔(1:1:1:1:1:1，-1.5%/-3%/-4.5%/-6%/-7.5%补) 均价止盈2% 止损离第一笔17.5% 拿72h,169,83,0.95,0.65,,148,89,2.2,1.06,✔,182,85,0.78,1.25,
15分钟 关键位吸收 补仓6笔(1:1:1:1:1:1，-1.5%/-3%/-4.5%/-6%/-7.5%补) 均价止盈3% 止损离第一笔10.5% 拿24h,184,56,0.86,0.99,,154,62,0.97,0.84,,194,64,0.86,1.28,
15分钟 关键位吸收 补仓6笔(1:1:1:1:1:1，-1.5%/-3%/-4.5%/-6%/-7.5%补) 均价止盈3% 止损离第一笔10.5% 拿72h,167,72,0.91,1.2,,141,80,1.29,0.86,✔,173,74,0.73,0.94,
15分钟 关键位吸收 补仓6笔(1:1:1:1:1:1，-1.5%/-3%/-4.5%/-6%/-7.5%补) 均价止盈3% 止损离第一笔13.5% 拿24h,184,56,0.86,0.78,,154,62,1.11,0.87,,194,64,0.76,0.91,
15分钟 关键位吸收 补仓6笔(1:1:1:1:1:1，-1.5%/-3%/-4.5%/-6%/-7.5%补) 均价止盈3% 止损离第一笔13.5% 拿72h,167,72,0.86,0.81,,141,81,1.42,0.81,✔,173,74,0.61,0.74,
15分钟 关键位吸收 补仓6笔(1:1:1:1:1:1，-1.5%/-3%/-4.5%/-6%/-7.5%补) 均价止盈3% 止损离第一笔17.5% 拿24h,184,56,0.86,0.79,,154,62,1.1,0.94,,194,64,0.73,0.96,
15分钟 关键位吸收 补仓6笔(1:1:1:1:1:1，-1.5%/-3%/-4.5%/-6%/-7.5%补) 均价止盈3% 止损离第一笔17.5% 拿72h,167,72,0.85,1.25,,141,82,1.92,0.84,✔,172,74,0.56,0.78,
15分钟 关键位吸收 补仓6笔(1:1:1:1:1:1，-1.5%/-3%/-4.5%/-6%/-7.5%补) 均价止盈5% 止损离第一笔10.5% 拿24h,183,51,0.74,0.71,,154,55,0.87,0.87,,191,62,1.04,0.77,
15分钟 关键位吸收 补仓6笔(1:1:1:1:1:1，-1.5%/-3%/-4.5%/-6%/-7.5%补) 均价止盈5% 止损离第一笔10.5% 拿72h,161,66,0.81,0.96,,136,68,1.05,0.77,,165,64,0.73,1.06,
15分钟 关键位吸收 补仓6笔(1:1:1:1:1:1，-1.5%/-3%/-4.5%/-6%/-7.5%补) 均价止盈5% 止损离第一笔13.5% 拿24h,183,51,0.71,1.0,,154,55,0.98,0.86,,191,62,0.91,0.82,
15分钟 关键位吸收 补仓6笔(1:1:1:1:1:1，-1.5%/-3%/-4.5%/-6%/-7.5%补) 均价止盈5% 止损离第一笔13.5% 拿72h,161,66,0.69,0.84,,136,69,1.21,0.88,✔,165,64,0.62,0.89,
15分钟 关键位吸收 补仓6笔(1:1:1:1:1:1，-1.5%/-3%/-4.5%/-6%/-7.5%补) 均价止盈5% 止损离第一笔17.5% 拿24h,183,51,0.71,0.88,,154,55,0.98,0.87,,191,62,0.88,0.87,
15分钟 关键位吸收 补仓6笔(1:1:1:1:1:1，-1.5%/-3%/-4.5%/-6%/-7.5%补) 均价止盈5% 止损离第一笔17.5% 拿72h,161,66,0.68,1.14,,136,70,1.6,0.87,✔,164,64,0.57,0.82,
15分钟 关键位吸收 补仓6笔(1:1:1:1:1:1，-1.5%/-3%/-4.5%/-6%/-7.5%补) 均价止盈8% 止损离第一笔10.5% 拿24h,183,51,0.81,1.16,,154,55,0.89,0.97,,191,61,0.97,0.99,
15分钟 关键位吸收 补仓6笔(1:1:1:1:1:1，-1.5%/-3%/-4.5%/-6%/-7.5%补) 均价止盈8% 止损离第一笔10.5% 拿72h,158,61,0.76,0.93,,134,63,1.1,0.88,,165,60,0.77,0.83,
15分钟 关键位吸收 补仓6笔(1:1:1:1:1:1，-1.5%/-3%/-4.5%/-6%/-7.5%补) 均价止盈8% 止损离第一笔13.5% 拿24h,183,51,0.78,1.01,,154,55,1.0,1.4,,191,61,0.84,0.77,
15分钟 关键位吸收 补仓6笔(1:1:1:1:1:1，-1.5%/-3%/-4.5%/-6%/-7.5%补) 均价止盈8% 止损离第一笔13.5% 拿72h,158,61,0.65,1.25,,134,65,1.22,0.77,✔,165,60,0.65,0.92,
15分钟 关键位吸收 补仓6笔(1:1:1:1:1:1，-1.5%/-3%/-4.5%/-6%/-7.5%补) 均价止盈8% 止损离第一笔17.5% 拿24h,183,51,0.78,1.06,,154,55,1.0,0.65,,191,61,0.78,0.84,
15分钟 关键位吸收 补仓6笔(1:1:1:1:1:1，-1.5%/-3%/-4.5%/-6%/-7.5%补) 均价止盈8% 止损离第一笔17.5% 拿72h,158,61,0.64,0.75,,134,66,1.51,0.88,✔,164,60,0.59,0.86,
15分钟 关键位吸收 补仓5笔(1:1:2:2:4，-2%/-4%/-6%/-8%补) 均价止盈1% 止损离第一笔11% 拿24h,185,74,1.23,0.69,,159,81,0.75,1.17,,199,85,1.12,1.44,
15分钟 关键位吸收 补仓5笔(1:1:2:2:4，-2%/-4%/-6%/-8%补) 均价止盈1% 止损离第一笔11% 拿72h,175,90,1.29,0.7,,155,94,0.72,0.85,,193,95,1.15,1.18,
15分钟 关键位吸收 补仓5笔(1:1:2:2:4，-2%/-4%/-6%/-8%补) 均价止盈1% 止损离第一笔14% 拿24h,185,74,1.23,0.99,,159,81,0.74,0.51,,199,85,0.87,0.98,
15分钟 关键位吸收 补仓5笔(1:1:2:2:4，-2%/-4%/-6%/-8%补) 均价止盈1% 止损离第一笔14% 拿72h,175,90,0.97,1.72,,155,94,0.75,0.75,,193,95,0.85,0.76,
15分钟 关键位吸收 补仓5笔(1:1:2:2:4，-2%/-4%/-6%/-8%补) 均价止盈1% 止损离第一笔18% 拿24h,185,74,1.23,0.76,,159,81,0.74,0.67,,199,85,0.9,1.25,
15分钟 关键位吸收 补仓5笔(1:1:2:2:4，-2%/-4%/-6%/-8%补) 均价止盈1% 止损离第一笔18% 拿72h,175,90,0.87,0.84,,155,95,1.12,0.79,,192,95,0.78,1.17,
15分钟 关键位吸收 补仓5笔(1:1:2:2:4，-2%/-4%/-6%/-8%补) 均价止盈2% 止损离第一笔11% 拿24h,184,58,1.14,1.29,,156,70,0.92,0.67,,196,73,1.02,0.96,
15分钟 关键位吸收 补仓5笔(1:1:2:2:4，-2%/-4%/-6%/-8%补) 均价止盈2% 止损离第一笔11% 拿72h,171,84,1.49,1.06,✔,148,88,1.24,1.27,,183,86,1.01,1.21,
15分钟 关键位吸收 补仓5笔(1:1:2:2:4，-2%/-4%/-6%/-8%补) 均价止盈2% 止损离第一笔14% 拿24h,184,58,1.14,0.9,,156,70,1.05,0.74,,196,73,0.83,0.92,
15分钟 关键位吸收 补仓5笔(1:1:2:2:4，-2%/-4%/-6%/-8%补) 均价止盈2% 止损离第一笔14% 拿72h,171,84,1.24,0.95,,148,89,1.45,0.73,,183,86,0.73,1.16,
15分钟 关键位吸收 补仓5笔(1:1:2:2:4，-2%/-4%/-6%/-8%补) 均价止盈2% 止损离第一笔18% 拿24h,184,58,1.14,0.85,,156,70,1.06,0.6,,196,73,0.84,0.79,
15分钟 关键位吸收 补仓5笔(1:1:2:2:4，-2%/-4%/-6%/-8%补) 均价止盈2% 止损离第一笔18% 拿72h,171,84,1.09,1.36,,148,89,2.1,0.7,✔,182,86,0.66,0.79,
15分钟 关键位吸收 补仓5笔(1:1:2:2:4，-2%/-4%/-6%/-8%补) 均价止盈3% 止损离第一笔11% 拿24h,184,54,1.15,0.89,,154,63,0.91,0.73,,194,64,0.81,0.82,
15分钟 关键位吸收 补仓5笔(1:1:2:2:4，-2%/-4%/-6%/-8%补) 均价止盈3% 止损离第一笔11% 拿72h,165,75,1.12,1.03,,139,81,1.18,0.88,✔,173,74,0.75,1.08,
15分钟 关键位吸收 补仓5笔(1:1:2:2:4，-2%/-4%/-6%/-8%补) 均价止盈3% 止损离第一笔14% 拿24h,184,54,1.15,1.11,,154,63,1.03,0.74,,194,64,0.65,0.78,
15分钟 关键位吸收 补仓5笔(1:1:2:2:4，-2%/-4%/-6%/-8%补) 均价止盈3% 止损离第一笔14% 拿72h,165,75,0.95,0.87,,139,83,1.43,0.85,✔,173,75,0.59,0.85,
15分钟 关键位吸收 补仓5笔(1:1:2:2:4，-2%/-4%/-6%/-8%补) 均价止盈3% 止损离第一笔18% 拿24h,184,54,1.15,1.13,,154,63,1.04,0.75,,194,64,0.62,0.71,
15分钟 关键位吸收 补仓5笔(1:1:2:2:4，-2%/-4%/-6%/-8%补) 均价止盈3% 止损离第一笔18% 拿72h,165,75,0.89,0.69,,139,84,2.29,0.66,✔,172,75,0.53,0.68,
15分钟 关键位吸收 补仓5笔(1:1:2:2:4，-2%/-4%/-6%/-8%补) 均价止盈5% 止损离第一笔11% 拿24h,183,49,0.83,1.15,,154,58,0.94,0.79,,191,61,0.95,0.96,
15分钟 关键位吸收 补仓5笔(1:1:2:2:4，-2%/-4%/-6%/-8%补) 均价止盈5% 止损离第一笔11% 拿72h,161,66,0.97,0.9,,136,72,1.31,0.86,✔,165,62,0.62,1.04,
15分钟 关键位吸收 补仓5笔(1:1:2:2:4，-2%/-4%/-6%/-8%补) 均价止盈5% 止损离第一笔14% 拿24h,183,49,0.77,1.12,,154,58,1.05,0.93,,191,61,0.77,1.02,
15分钟 关键位吸收 补仓5笔(1:1:2:2:4，-2%/-4%/-6%/-8%补) 均价止盈5% 止损离第一笔14% 拿72h,161,66,0.83,1.01,,136,73,1.43,0.95,✔,165,62,0.51,1.07,
15分钟 关键位吸收 补仓5笔(1:1:2:2:4，-2%/-4%/-6%/-8%补) 均价止盈5% 止损离第一笔18% 拿24h,183,49,0.78,0.98,,154,58,1.06,0.76,,191,61,0.73,1.34,
15分钟 关键位吸收 补仓5笔(1:1:2:2:4，-2%/-4%/-6%/-8%补) 均价止盈5% 止损离第一笔18% 拿72h,160,66,0.79,1.0,,136,74,2.57,0.7,✔,164,63,0.46,0.71,
15分钟 关键位吸收 补仓5笔(1:1:2:2:4，-2%/-4%/-6%/-8%补) 均价止盈8% 止损离第一笔11% 拿24h,183,49,0.91,1.1,,154,58,0.95,0.66,,191,61,0.86,1.05,
15分钟 关键位吸收 补仓5笔(1:1:2:2:4，-2%/-4%/-6%/-8%补) 均价止盈8% 止损离第一笔11% 拿72h,158,61,0.78,0.98,,134,68,1.37,0.76,✔,165,58,0.71,0.87,
15分钟 关键位吸收 补仓5笔(1:1:2:2:4，-2%/-4%/-6%/-8%补) 均价止盈8% 止损离第一笔14% 拿24h,183,49,0.85,1.01,,154,58,1.07,1.25,,191,61,0.68,0.85,
15分钟 关键位吸收 补仓5笔(1:1:2:2:4，-2%/-4%/-6%/-8%补) 均价止盈8% 止损离第一笔14% 拿72h,158,61,0.66,0.67,,134,69,1.46,1.17,✔,165,59,0.58,0.94,
15分钟 关键位吸收 补仓5笔(1:1:2:2:4，-2%/-4%/-6%/-8%补) 均价止盈8% 止损离第一笔18% 拿24h,183,49,0.86,1.19,,154,58,1.07,0.86,,191,61,0.62,1.09,
15分钟 关键位吸收 补仓5笔(1:1:2:2:4，-2%/-4%/-6%/-8%补) 均价止盈8% 止损离第一笔18% 拿72h,157,61,0.61,0.92,,134,70,2.35,0.63,✔,164,59,0.51,0.95,
15分钟 关键位吸收 补仓8笔(1:1:1:1:1:1:1:1，-1%/-2%/-3%/-4%/-5%/-6%/-7%补) 均价止盈1% 止损离第一笔10% 拿24h,187,78,1.07,0.97,,159,83,0.85,0.58,,200,86,0.87,1.46,
15分钟 关键位吸收 补仓8笔(1:1:1:1:1:1:1:1，-1%/-2%/-3%/-4%/-5%/-6%/-7%补) 均价止盈1% 止损离第一笔10% 拿72h,179,90,0.95,1.3,,155,92,0.69,1.03,,194,95,0.99,0.82,
15分钟 关键位吸收 补仓8笔(1:1:1:1:1:1:1:1，-1%/-2%/-3%/-4%/-5%/-6%/-7%补) 均价止盈1% 止损离第一笔13% 拿24h,187,78,1.07,0.82,,159,83,0.92,0.74,,200,86,0.84,1.1,
15分钟 关键位吸收 补仓8笔(1:1:1:1:1:1:1:1，-1%/-2%/-3%/-4%/-5%/-6%/-7%补) 均价止盈1% 止损离第一笔13% 拿72h,179,90,0.83,1.2,,154,94,0.81,1.34,,194,95,0.89,0.78,
15分钟 关键位吸收 补仓8笔(1:1:1:1:1:1:1:1，-1%/-2%/-3%/-4%/-5%/-6%/-7%补) 均价止盈1% 止损离第一笔17% 拿24h,187,78,1.07,1.13,,159,83,0.89,0.84,,200,86,0.83,1.02,
15分钟 关键位吸收 补仓8笔(1:1:1:1:1:1:1:1，-1%/-2%/-3%/-4%/-5%/-6%/-7%补) 均价止盈1% 止损离第一笔17% 拿72h,179,90,0.75,0.93,,154,94,1.04,1.23,,193,95,0.74,0.97,
15分钟 关键位吸收 补仓8笔(1:1:1:1:1:1:1:1，-1%/-2%/-3%/-4%/-5%/-6%/-7%补) 均价止盈2% 止损离第一笔10% 拿24h,184,62,0.97,0.71,,156,70,1.01,0.82,,196,73,0.77,0.87,
15分钟 关键位吸收 补仓8笔(1:1:1:1:1:1:1:1，-1%/-2%/-3%/-4%/-5%/-6%/-7%补) 均价止盈2% 止损离第一笔10% 拿72h,171,85,1.25,0.87,✔,149,89,1.44,0.9,✔,183,85,1.02,1.22,
15分钟 关键位吸收 补仓8笔(1:1:1:1:1:1:1:1，-1%/-2%/-3%/-4%/-5%/-6%/-7%补) 均价止盈2% 止损离第一笔13% 拿24h,184,62,0.97,1.05,,156,70,1.15,0.95,✔,196,73,0.76,0.87,
15分钟 关键位吸收 补仓8笔(1:1:1:1:1:1:1:1，-1%/-2%/-3%/-4%/-5%/-6%/-7%补) 均价止盈2% 止损离第一笔13% 拿72h,171,85,1.09,0.91,,148,90,1.79,0.97,✔,183,85,0.88,0.72,
15分钟 关键位吸收 补仓8笔(1:1:1:1:1:1:1:1，-1%/-2%/-3%/-4%/-5%/-6%/-7%补) 均价止盈2% 止损离第一笔17% 拿24h,184,62,0.97,0.92,,156,70,1.13,0.87,✔,196,73,0.75,1.0,
15分钟 关键位吸收 补仓8笔(1:1:1:1:1:1:1:1，-1%/-2%/-3%/-4%/-5%/-6%/-7%补) 均价止盈2% 止损离第一笔17% 拿72h,171,85,1.05,0.81,,148,91,2.27,0.73,✔,182,86,0.81,1.2,
15分钟 关键位吸收 补仓8笔(1:1:1:1:1:1:1:1，-1%/-2%/-3%/-4%/-5%/-6%/-7%补) 均价止盈3% 止损离第一笔10% 拿24h,184,56,0.77,0.85,,154,65,1.02,1.09,,194,66,0.8,1.01,
15分钟 关键位吸收 补仓8笔(1:1:1:1:1:1:1:1，-1%/-2%/-3%/-4%/-5%/-6%/-7%补) 均价止盈3% 止损离第一笔10% 拿72h,166,73,0.86,0.88,,142,82,1.28,0.86,✔,175,76,0.81,1.06,
15分钟 关键位吸收 补仓8笔(1:1:1:1:1:1:1:1，-1%/-2%/-3%/-4%/-5%/-6%/-7%补) 均价止盈3% 止损离第一笔13% 拿24h,184,56,0.77,1.09,,154,65,1.14,0.91,,194,66,0.77,0.84,
15分钟 关键位吸收 补仓8笔(1:1:1:1:1:1:1:1，-1%/-2%/-3%/-4%/-5%/-6%/-7%补) 均价止盈3% 止损离第一笔13% 拿72h,166,73,0.82,0.83,,141,82,1.48,0.83,✔,175,77,0.72,1.14,
15分钟 关键位吸收 补仓8笔(1:1:1:1:1:1:1:1，-1%/-2%/-3%/-4%/-5%/-6%/-7%补) 均价止盈3% 止损离第一笔17% 拿24h,184,56,0.77,0.9,,154,65,1.12,1.05,,194,66,0.73,1.24,
15分钟 关键位吸收 补仓8笔(1:1:1:1:1:1:1:1，-1%/-2%/-3%/-4%/-5%/-6%/-7%补) 均价止盈3% 止损离第一笔17% 拿72h,166,73,0.77,0.95,,141,83,1.94,0.98,✔,174,77,0.64,0.79,
15分钟 关键位吸收 补仓8笔(1:1:1:1:1:1:1:1，-1%/-2%/-3%/-4%/-5%/-6%/-7%补) 均价止盈5% 止损离第一笔10% 拿24h,183,53,0.71,0.8,,154,58,0.94,0.85,,191,64,0.93,0.66,
15分钟 关键位吸收 补仓8笔(1:1:1:1:1:1:1:1，-1%/-2%/-3%/-4%/-5%/-6%/-7%补) 均价止盈5% 止损离第一笔10% 拿72h,161,66,0.76,0.97,,137,69,1.1,0.93,,165,65,0.77,0.9,
15分钟 关键位吸收 补仓8笔(1:1:1:1:1:1:1:1，-1%/-2%/-3%/-4%/-5%/-6%/-7%补) 均价止盈5% 止损离第一笔13% 拿24h,183,53,0.68,0.98,,154,58,1.04,0.69,,191,64,0.89,0.89,
15分钟 关键位吸收 补仓8笔(1:1:1:1:1:1:1:1，-1%/-2%/-3%/-4%/-5%/-6%/-7%补) 均价止盈5% 止损离第一笔13% 拿72h,161,66,0.69,1.06,,136,71,1.35,0.81,✔,165,65,0.67,0.8,
15分钟 关键位吸收 补仓8笔(1:1:1:1:1:1:1:1，-1%/-2%/-3%/-4%/-5%/-6%/-7%补) 均价止盈5% 止损离第一笔17% 拿24h,183,53,0.68,0.86,,154,58,1.03,0.69,,191,64,0.85,0.97,
15分钟 关键位吸收 补仓8笔(1:1:1:1:1:1:1:1，-1%/-2%/-3%/-4%/-5%/-6%/-7%补) 均价止盈5% 止损离第一笔17% 拿72h,161,66,0.65,0.97,,136,71,1.75,1.01,✔,164,66,0.61,0.85,
15分钟 关键位吸收 补仓8笔(1:1:1:1:1:1:1:1，-1%/-2%/-3%/-4%/-5%/-6%/-7%补) 均价止盈8% 止损离第一笔10% 拿24h,183,53,0.8,0.83,,154,58,0.99,0.69,,191,64,0.88,1.0,
15分钟 关键位吸收 补仓8笔(1:1:1:1:1:1:1:1，-1%/-2%/-3%/-4%/-5%/-6%/-7%补) 均价止盈8% 止损离第一笔10% 拿72h,158,61,0.7,1.14,,135,64,1.09,0.82,,165,61,0.71,0.88,
15分钟 关键位吸收 补仓8笔(1:1:1:1:1:1:1:1，-1%/-2%/-3%/-4%/-5%/-6%/-7%补) 均价止盈8% 止损离第一笔13% 拿24h,183,53,0.77,1.16,,154,58,1.09,0.74,,191,64,0.83,0.78,
15分钟 关键位吸收 补仓8笔(1:1:1:1:1:1:1:1，-1%/-2%/-3%/-4%/-5%/-6%/-7%补) 均价止盈8% 止损离第一笔13% 拿72h,158,61,0.64,0.94,,134,66,1.28,0.71,✔,165,61,0.67,1.2,
15分钟 关键位吸收 补仓8笔(1:1:1:1:1:1:1:1，-1%/-2%/-3%/-4%/-5%/-6%/-7%补) 均价止盈8% 止损离第一笔17% 拿24h,183,53,0.76,1.06,,154,58,1.08,0.96,,191,64,0.76,1.0,
15分钟 关键位吸收 补仓8笔(1:1:1:1:1:1:1:1，-1%/-2%/-3%/-4%/-5%/-6%/-7%补) 均价止盈8% 止损离第一笔17% 拿72h,158,61,0.6,1.15,,134,66,1.55,0.84,✔,164,62,0.6,1.19,
15分钟 关键位吸收 补仓6笔(1:1:1:2:2:3，-2%/-4%/-6%/-9%/-12%补) 均价止盈1% 止损离第一笔15% 拿24h,185,72,1.09,0.96,,159,81,0.74,0.72,,199,84,0.81,0.88,
15分钟 关键位吸收 补仓6笔(1:1:1:2:2:3，-2%/-4%/-6%/-9%/-12%补) 均价止盈1% 止损离第一笔15% 拿72h,175,90,1.02,1.22,,155,94,0.72,0.51,,193,94,1.02,0.92,
15分钟 关键位吸收 补仓6笔(1:1:1:2:2:3，-2%/-4%/-6%/-9%/-12%补) 均价止盈1% 止损离第一笔18% 拿24h,185,72,1.09,0.78,,159,81,0.79,0.85,,199,84,0.92,1.18,
15分钟 关键位吸收 补仓6笔(1:1:1:2:2:3，-2%/-4%/-6%/-9%/-12%补) 均价止盈1% 止损离第一笔18% 拿72h,175,90,0.93,0.81,,155,94,1.22,0.84,✔,192,94,0.85,0.7,
15分钟 关键位吸收 补仓6笔(1:1:1:2:2:3，-2%/-4%/-6%/-9%/-12%补) 均价止盈1% 止损离第一笔22% 拿24h,185,72,1.09,1.09,,159,81,0.79,1.21,,199,84,0.92,0.77,
15分钟 关键位吸收 补仓6笔(1:1:1:2:2:3，-2%/-4%/-6%/-9%/-12%补) 均价止盈1% 止损离第一笔22% 拿72h,175,90,0.93,1.13,,155,94,1.22,1.08,✔,192,94,0.75,1.9,
15分钟 关键位吸收 补仓6笔(1:1:1:2:2:3，-2%/-4%/-6%/-9%/-12%补) 均价止盈2% 止损离第一笔15% 拿24h,184,57,1.08,0.79,,156,69,1.05,0.84,,196,70,0.73,1.03,
15分钟 关键位吸收 补仓6笔(1:1:1:2:2:3，-2%/-4%/-6%/-9%/-12%补) 均价止盈2% 止损离第一笔15% 拿72h,170,83,0.98,1.07,,148,89,1.34,1.04,,183,85,0.82,0.95,
15分钟 关键位吸收 补仓6笔(1:1:1:2:2:3，-2%/-4%/-6%/-9%/-12%补) 均价止盈2% 止损离第一笔18% 拿24h,184,57,1.08,1.05,,156,69,1.11,0.66,,196,70,0.8,0.76,
15分钟 关键位吸收 补仓6笔(1:1:1:2:2:3，-2%/-4%/-6%/-9%/-12%补) 均价止盈2% 止损离第一笔18% 拿72h,170,83,0.97,0.72,,148,89,2.18,0.99,✔,182,85,0.69,0.91,
15分钟 关键位吸收 补仓6笔(1:1:1:2:2:3，-2%/-4%/-6%/-9%/-12%补) 均价止盈2% 止损离第一笔22% 拿24h,184,57,1.08,0.91,,156,69,1.11,1.01,,196,70,0.81,1.51,
15分钟 关键位吸收 补仓6笔(1:1:1:2:2:3，-2%/-4%/-6%/-9%/-12%补) 均价止盈2% 止损离第一笔22% 拿72h,170,83,0.91,0.73,,148,89,2.18,0.76,✔,182,85,0.61,0.66,
15分钟 关键位吸收 补仓6笔(1:1:1:2:2:3，-2%/-4%/-6%/-9%/-12%补) 均价止盈3% 止损离第一笔15% 拿24h,184,51,0.85,1.13,,154,62,1.01,0.81,,194,62,0.65,0.6,
15分钟 关键位吸收 补仓6笔(1:1:1:2:2:3，-2%/-4%/-6%/-9%/-12%补) 均价止盈3% 止损离第一笔15% 拿72h,165,73,0.77,1.01,,139,82,1.25,1.1,✔,173,73,0.61,1.08,
15分钟 关键位吸收 补仓6笔(1:1:1:2:2:3，-2%/-4%/-6%/-9%/-12%补) 均价止盈3% 止损离第一笔18% 拿24h,184,51,0.85,0.79,,154,62,1.06,0.93,,194,62,0.66,0.87,
15分钟 关键位吸收 补仓6笔(1:1:1:2:2:3，-2%/-4%/-6%/-9%/-12%补) 均价止盈3% 止损离第一笔18% 拿72h,165,73,0.8,0.8,,139,83,2.23,0.8,✔,172,73,0.52,0.96,
15分钟 关键位吸收 补仓6笔(1:1:1:2:2:3，-2%/-4%/-6%/-9%/-12%补) 均价止盈3% 止损离第一笔22% 拿24h,184,51,0.85,1.18,,154,62,1.06,0.65,,194,62,0.62,0.79,
15分钟 关键位吸收 补仓6笔(1:1:1:2:2:3，-2%/-4%/-6%/-9%/-12%补) 均价止盈3% 止损离第一笔22% 拿72h,165,73,0.76,0.85,,139,83,1.7,0.55,✔,172,73,0.45,0.85,
15分钟 关键位吸收 补仓6笔(1:1:1:2:2:3，-2%/-4%/-6%/-9%/-12%补) 均价止盈5% 止损离第一笔15% 拿24h,183,48,0.7,0.75,,154,56,0.98,0.9,,191,59,0.75,0.8,
15分钟 关键位吸收 补仓6笔(1:1:1:2:2:3，-2%/-4%/-6%/-9%/-12%补) 均价止盈5% 止损离第一笔15% 拿72h,161,65,0.71,1.0,,136,72,1.36,0.95,✔,165,62,0.57,0.95,
15分钟 关键位吸收 补仓6笔(1:1:1:2:2:3，-2%/-4%/-6%/-9%/-12%补) 均价止盈5% 止损离第一笔18% 拿24h,183,48,0.73,1.03,,154,56,1.03,0.66,,191,59,0.76,0.83,
15分钟 关键位吸收 补仓6笔(1:1:1:2:2:3，-2%/-4%/-6%/-9%/-12%补) 均价止盈5% 止损离第一笔18% 拿72h,160,64,0.7,1.2,,136,74,2.26,0.79,✔,164,63,0.5,0.69,
15分钟 关键位吸收 补仓6笔(1:1:1:2:2:3，-2%/-4%/-6%/-9%/-12%补) 均价止盈5% 止损离第一笔22% 拿24h,183,48,0.73,1.39,,154,56,1.03,0.49,,191,59,0.72,0.78,
15分钟 关键位吸收 补仓6笔(1:1:1:2:2:3，-2%/-4%/-6%/-9%/-12%补) 均价止盈5% 止损离第一笔22% 拿72h,160,64,0.65,0.99,,136,74,1.83,0.79,✔,164,63,0.43,0.78,
15分钟 关键位吸收 补仓6笔(1:1:1:2:2:3，-2%/-4%/-6%/-9%/-12%补) 均价止盈8% 止损离第一笔15% 拿24h,183,48,0.78,1.21,,154,56,1.0,0.96,,191,59,0.67,0.99,
15分钟 关键位吸收 补仓6笔(1:1:1:2:2:3，-2%/-4%/-6%/-9%/-12%补) 均价止盈8% 止损离第一笔15% 拿72h,158,59,0.6,1.01,,134,68,1.23,0.94,✔,165,58,0.58,0.9,
15分钟 关键位吸收 补仓6笔(1:1:1:2:2:3，-2%/-4%/-6%/-9%/-12%补) 均价止盈8% 止损离第一笔18% 拿24h,183,48,0.81,1.19,,154,56,1.04,0.75,,191,59,0.65,0.96,
15分钟 关键位吸收 补仓6笔(1:1:1:2:2:3，-2%/-4%/-6%/-9%/-12%补) 均价止盈8% 止损离第一笔18% 拿72h,157,59,0.57,1.02,,134,69,1.78,1.17,✔,164,59,0.5,1.06,
15分钟 关键位吸收 补仓6笔(1:1:1:2:2:3，-2%/-4%/-6%/-9%/-12%补) 均价止盈8% 止损离第一笔22% 拿24h,183,48,0.81,0.93,,154,56,1.04,1.24,,191,59,0.58,0.62,
15分钟 关键位吸收 补仓6笔(1:1:1:2:2:3，-2%/-4%/-6%/-9%/-12%补) 均价止盈8% 止损离第一笔22% 拿72h,157,59,0.53,0.99,,134,69,1.42,0.61,,164,59,0.43,1.12,
15分钟 扫止损收回 原版止损 止盈1倍 拿2h,875,52,0.89,0.69,,1109,49,0.73,0.72,,827,52,0.84,0.75,
15分钟 扫止损收回 原版止损 止盈1倍 拿12h,875,53,0.88,0.77,,1108,50,0.75,0.73,,827,52,0.84,0.73,
15分钟 扫止损收回 原版止损 止盈2倍 拿2h,873,40,0.9,0.69,,1108,34,0.72,0.7,,826,40,0.9,0.72,
15分钟 扫止损收回 原版止损 止盈2倍 拿12h,873,36,0.87,0.84,,1106,32,0.73,0.81,,826,36,0.89,0.83,
15分钟 扫止损收回 原版止损 止盈3倍 拿2h,871,37,0.91,0.76,,1105,28,0.74,0.69,,826,36,0.93,0.77,
15分钟 扫止损收回 原版止损 止盈3倍 拿12h,871,27,0.82,0.79,,1103,24,0.78,0.79,,826,27,0.9,0.79,
15分钟 扫止损收回 止损2% 止盈不设 拿4h,804,50,0.98,0.9,,992,45,0.94,0.92,,759,45,0.92,0.89,
15分钟 扫止损收回 止损2% 止盈不设 拿12h,795,43,0.82,0.86,,965,43,1.1,0.91,,736,38,0.83,0.87,
15分钟 扫止损收回 止损2% 止盈不设 拿24h,762,39,0.94,0.92,,907,38,1.21,0.87,✔,694,31,0.78,0.98,
15分钟 扫止损收回 止损2% 止盈不设 拿48h,708,32,0.88,0.84,,828,29,1.12,0.94,✔,639,25,0.85,0.86,
15分钟 扫止损收回 止损2% 止盈1% 拿4h,820,59,1.0,0.85,,1033,59,0.84,0.84,,783,61,0.92,0.88,
15分钟 扫止损收回 止损2% 止盈1% 拿12h,817,64,0.95,0.91,,1029,64,0.89,0.93,,775,65,0.9,0.92,
15分钟 扫止损收回 止损2% 止盈1% 拿24h,812,66,0.96,0.88,,1024,65,0.88,0.91,,771,66,0.9,0.93,
15分钟 扫止损收回 止损2% 止盈1% 拿48h,805,68,0.97,0.9,,1024,66,0.88,0.88,,768,67,0.91,0.93,
15分钟 扫止损收回 止损2% 止盈2% 拿4h,811,52,1.07,0.85,,1009,48,0.89,0.92,,766,49,0.9,0.91,
15分钟 扫止损收回 止损2% 止盈2% 拿12h,806,51,0.95,0.92,,996,52,1.02,0.87,,753,48,0.85,0.88,
15分钟 扫止损收回 止损2% 止盈2% 拿24h,793,50,0.98,0.88,,987,52,1.04,0.92,,742,48,0.86,0.99,
15分钟 扫止损收回 止损2% 止盈2% 拿48h,777,51,1.0,0.94,,981,53,1.05,0.96,,736,48,0.87,0.89,
15分钟 扫止损收回 止损2% 止盈3% 拿4h,806,50,1.06,0.8,,1000,46,0.87,0.84,,763,46,0.93,0.87,
15分钟 扫止损收回 止损2% 止盈3% 拿12h,799,47,1.0,0.83,,980,46,1.04,0.96,,745,42,0.9,0.92,
15分钟 扫止损收回 止损2% 止盈3% 拿24h,782,45,1.03,0.94,,958,44,1.06,0.94,,726,41,0.88,0.96,
15分钟 扫止损收回 止损2% 止盈3% 拿48h,758,45,1.08,0.91,,940,43,1.06,0.92,,713,40,0.92,0.9,
15分钟 扫止损收回 止损2% 止盈5% 拿4h,804,50,1.0,0.8,,994,45,0.89,0.84,,761,45,0.94,0.86,
15分钟 扫止损收回 止损2% 止盈5% 拿12h,795,44,0.89,0.92,,968,43,1.06,0.92,,740,39,0.91,0.92,
15分钟 扫止损收回 止损2% 止盈5% 拿24h,767,40,0.98,0.95,,923,39,1.14,0.95,✔,713,34,0.84,0.93,
15分钟 扫止损收回 止损2% 止盈5% 拿48h,727,37,1.04,0.85,,886,35,1.1,0.95,✔,690,31,0.9,0.9,
15分钟 扫止损收回 止损2% 止盈8% 拿4h,804,50,0.98,0.8,,992,45,0.94,0.79,,760,45,0.92,0.85,
15分钟 扫止损收回 止损2% 止盈8% 拿12h,795,43,0.81,0.78,,965,43,1.1,0.96,,737,38,0.87,0.91,
15分钟 扫止损收回 止损2% 止盈8% 拿24h,762,39,0.9,0.82,,911,38,1.16,0.94,✔,702,31,0.8,0.92,
15分钟 扫止损收回 止损2% 止盈8% 拿48h,710,33,0.89,0.77,,852,30,1.11,0.99,✔,665,27,0.87,0.92,
15分钟 扫止损收回 止损3% 止盈不设 拿4h,800,50,0.94,0.81,,977,47,0.91,0.86,,748,50,0.98,0.89,
15分钟 扫止损收回 止损3% 止盈不设 拿12h,788,47,0.79,0.87,,945,48,1.08,0.99,,718,44,0.81,0.81,
15分钟 扫止损收回 止损3% 止盈不设 拿24h,746,44,0.87,0.99,,881,46,1.17,0.89,✔,671,40,0.75,0.94,
15分钟 扫止损收回 止损3% 止盈不设 拿48h,686,39,0.86,0.84,,775,37,1.08,1.11,,601,34,0.91,0.97,
15分钟 扫止损收回 止损3% 止盈1% 拿4h,817,60,1.0,0.85,,1019,62,0.82,0.84,,773,65,1.03,0.93,
15分钟 扫止损收回 止损3% 止盈1% 拿12h,813,68,0.97,0.95,,1012,70,0.89,0.87,,762,71,0.95,0.94,
15分钟 扫止损收回 止损3% 止盈1% 拿24h,805,72,0.99,0.88,,1004,72,0.87,0.86,,756,74,0.97,0.92,
15分钟 扫止损收回 止损3% 止盈1% 拿48h,793,74,0.97,0.85,,999,74,0.88,0.91,,753,76,0.99,0.93,
15分钟 扫止损收回 止损3% 止盈2% 拿4h,807,53,1.05,0.82,,994,51,0.86,0.86,,756,53,0.97,0.84,
15分钟 扫止损收回 止损3% 止盈2% 拿12h,801,54,0.94,0.84,,976,57,1.01,0.93,,739,55,0.91,0.9,
15分钟 扫止损收回 止损3% 止盈2% 拿24h,781,55,0.94,0.93,,962,60,1.02,0.89,,724,59,0.94,0.93,
15分钟 扫止损收回 止损3% 止盈2% 拿48h,757,59,0.96,0.96,,946,60,0.99,0.91,,714,59,0.96,0.9,
15分钟 扫止损收回 止损3% 止盈3% 拿4h,802,51,1.03,0.8,,985,48,0.84,0.86,,752,51,1.0,0.91,
15分钟 扫止损收回 止损3% 止盈3% 拿12h,793,51,0.98,0.83,,960,52,1.01,0.94,,730,49,0.96,0.97,
15分钟 扫止损收回 止损3% 止盈3% 拿24h,767,50,0.97,0.91,,933,52,1.04,0.96,,707,51,0.93,0.92,
15分钟 扫止损收回 止损3% 止盈3% 拿48h,739,52,1.02,0.96,,902,51,1.01,0.91,,687,51,0.98,0.91,
15分钟 扫止损收回 止损3% 止盈5% 拿4h,800,50,0.96,0.81,,979,47,0.88,0.84,,750,50,1.0,0.82,
15分钟 扫止损收回 止损3% 止盈5% 拿12h,789,48,0.86,0.84,,948,48,1.03,0.93,,724,45,0.93,0.89,
15分钟 扫止损收回 止损3% 止盈5% 拿24h,753,45,0.92,0.86,,897,47,1.14,0.91,✔,691,43,0.85,0.93,
15分钟 扫止损收回 止损3% 止盈5% 拿48h,708,44,0.98,0.95,,844,43,1.12,0.97,✔,657,40,0.94,0.95,
15分钟 扫止损收回 止损3% 止盈8% 拿4h,800,50,0.94,0.82,,977,47,0.91,0.91,,749,50,0.98,0.84,
15分钟 扫止损收回 止损3% 止盈8% 拿12h,788,47,0.78,0.87,,945,48,1.07,0.88,,719,44,0.85,0.86,
15分钟 扫止损收回 止损3% 止盈8% 拿24h,746,44,0.84,0.91,,884,46,1.14,1.01,✔,677,40,0.78,0.87,
15分钟 扫止损收回 止损3% 止盈8% 拿48h,688,40,0.85,0.85,,795,38,1.08,0.98,,626,35,0.86,0.9,
15分钟 扫止损收回 止损5% 止盈不设 拿4h,796,51,0.93,0.78,,970,48,0.84,0.81,,745,51,0.95,0.91,
15分钟 扫止损收回 止损5% 止盈不设 拿12h,783,50,0.85,0.8,,928,51,1.1,0.91,,713,49,0.87,0.76,
15分钟 扫止损收回 止损5% 止盈不设 拿24h,733,49,0.86,0.97,,851,53,1.19,1.0,✔,656,46,0.78,0.97,
15分钟 扫止损收回 止损5% 止盈不设 拿48h,656,46,0.87,0.91,,722,46,1.04,1.06,,567,44,0.95,0.92,
15分钟 扫止损收回 止损5% 止盈1% 拿4h,815,61,0.95,0.88,,1012,62,0.75,0.91,,770,66,1.02,0.87,
15分钟 扫止损收回 止损5% 止盈1% 拿12h,811,70,0.98,0.92,,999,73,0.9,0.9,,757,74,1.0,0.85,
15分钟 扫止损收回 止损5% 止盈1% 拿24h,797,75,0.97,0.84,,987,78,0.88,0.96,,747,79,0.97,0.93,
15分钟 扫止损收回 止损5% 止盈1% 拿48h,776,80,0.98,0.98,,974,82,0.93,0.93,,739,83,1.05,0.94,
15分钟 扫止损收回 止损5% 止盈2% 拿4h,804,54,1.01,0.81,,987,51,0.79,0.85,,753,54,0.94,0.86,
15分钟 扫止损收回 止损5% 止盈2% 拿12h,797,56,0.95,0.9,,962,60,1.04,0.99,,734,59,0.94,0.98,
15分钟 扫止损收回 止损5% 止盈2% 拿24h,770,59,0.9,0.97,,939,66,1.04,0.92,,714,65,0.94,0.94,
15分钟 扫止损收回 止损5% 止盈2% 拿48h,732,64,0.92,0.89,,905,70,1.05,0.94,,697,68,0.99,0.99,
15分钟 扫止损收回 止损5% 止盈3% 拿4h,798,52,1.01,0.84,,978,49,0.78,0.83,,749,52,0.97,0.82,
15分钟 扫止损收回 止损5% 止盈3% 拿12h,788,53,1.01,0.91,,945,55,1.04,0.95,,725,54,1.01,0.95,
15分钟 扫止损收回 止损5% 止盈3% 拿24h,755,54,0.94,0.99,,909,58,1.04,0.95,,694,57,0.92,0.88,
15分钟 扫止损收回 止损5% 止盈3% 拿48h,713,58,0.95,1.0,,855,60,1.05,0.92,,668,61,1.03,0.95,
15分钟 扫止损收回 止损5% 止盈5% 拿4h,796,51,0.94,0.77,,972,48,0.82,0.84,,747,51,0.98,0.88,
15分钟 扫止损收回 止损5% 止盈5% 拿12h,784,51,0.92,0.9,,932,52,1.04,0.99,,719,50,0.99,0.89,
15分钟 扫止损收回 止损5% 止盈5% 拿24h,740,50,0.91,0.93,,869,54,1.16,0.89,✔,676,50,0.85,0.94,
15分钟 扫止损收回 止损5% 止盈5% 拿48h,680,51,0.96,0.92,,793,53,1.16,0.98,,623,51,0.98,0.93,
15分钟 扫止损收回 止损5% 止盈8% 拿4h,796,51,0.93,0.79,,970,48,0.84,0.87,,746,51,0.96,0.9,
15分钟 扫止损收回 止损5% 止盈8% 拿12h,783,50,0.84,0.95,,928,51,1.09,0.96,,714,49,0.93,0.8,
15分钟 扫止损收回 止损5% 止盈8% 拿24h,733,49,0.84,0.92,,854,53,1.18,0.96,✔,662,47,0.8,0.88,
15分钟 扫止损收回 止损5% 止盈8% 拿48h,660,46,0.84,0.95,,741,47,1.12,0.99,✔,591,45,0.9,0.94,
15分钟 扫止损收回 补仓3笔(1:1:1，-2%/-4%补) 均价止盈1% 止损离第一笔10% 拿24h,799,82,0.9,0.9,,980,87,0.93,0.82,,744,88,0.99,0.84,
15分钟 扫止损收回 补仓3笔(1:1:1，-2%/-4%补) 均价止盈1% 止损离第一笔10% 拿72h,769,91,0.97,0.87,,954,94,1.15,0.98,,728,94,1.02,1.0,
15分钟 扫止损收回 补仓3笔(1:1:1，-2%/-4%补) 均价止盈1% 止损离第一笔15% 拿24h,797,82,0.76,0.86,,978,87,0.9,0.78,,742,88,0.87,0.9,
15分钟 扫止损收回 补仓3笔(1:1:1，-2%/-4%补) 均价止盈1% 止损离第一笔15% 拿72h,765,91,0.73,0.81,,948,95,1.29,0.83,✔,724,95,0.87,0.73,
15分钟 扫止损收回 补仓3笔(1:1:1，-2%/-4%补) 均价止盈2% 止损离第一笔10% 拿24h,770,69,0.85,0.8,,926,77,1.08,0.87,,708,75,0.95,0.84,
15分钟 扫止损收回 补仓3笔(1:1:1，-2%/-4%补) 均价止盈2% 止损离第一笔10% 拿72h,710,82,0.98,0.87,,867,87,1.31,0.95,✔,673,86,1.05,0.94,
15分钟 扫止损收回 补仓3笔(1:1:1，-2%/-4%补) 均价止盈2% 止损离第一笔15% 拿24h,768,69,0.75,0.9,,924,77,1.08,0.93,,706,75,0.87,0.82,
15分钟 扫止损收回 补仓3笔(1:1:1，-2%/-4%补) 均价止盈2% 止损离第一笔15% 拿72h,703,83,0.83,0.92,,856,88,1.46,0.93,✔,670,87,0.92,0.91,
15分钟 扫止损收回 补仓3笔(1:1:1，-2%/-4%补) 均价止盈3% 止损离第一笔10% 拿24h,752,64,0.84,0.9,,893,69,1.03,0.91,,685,68,0.91,0.78,
15分钟 扫止损收回 补仓3笔(1:1:1，-2%/-4%补) 均价止盈3% 止损离第一笔10% 拿72h,671,75,0.91,0.87,,797,80,1.3,0.94,✔,626,78,0.95,0.9,
15分钟 扫止损收回 补仓3笔(1:1:1，-2%/-4%补) 均价止盈3% 止损离第一笔15% 拿24h,750,64,0.73,0.91,,890,69,1.05,0.89,,682,69,0.8,0.83,
15分钟 扫止损收回 补仓3笔(1:1:1，-2%/-4%补) 均价止盈3% 止损离第一笔15% 拿72h,662,76,0.83,0.81,,783,81,1.32,0.9,✔,617,79,0.82,0.85,
15分钟 扫止损收回 补仓3笔(1:1:1，-3%/-6%补) 均价止盈1% 止损离第一笔10% 拿24h,800,81,0.95,1.01,,977,85,0.88,0.8,,741,87,1.02,0.98,
15分钟 扫止损收回 补仓3笔(1:1:1，-3%/-6%补) 均价止盈1% 止损离第一笔10% 拿72h,764,91,0.97,0.88,,957,94,1.13,0.74,✔,729,94,1.02,1.01,
15分钟 扫止损收回 补仓3笔(1:1:1，-3%/-6%补) 均价止盈1% 止损离第一笔15% 拿24h,797,81,0.83,0.79,,975,85,0.85,0.81,,740,87,0.92,0.9,
15分钟 扫止损收回 补仓3笔(1:1:1，-3%/-6%补) 均价止盈1% 止损离第一笔15% 拿72h,758,91,0.77,0.88,,954,95,1.2,0.8,✔,726,94,0.88,0.73,
15分钟 扫止损收回 补仓3笔(1:1:1，-3%/-6%补) 均价止盈2% 止损离第一笔10% 拿24h,766,65,0.79,0.88,,926,75,1.11,0.9,✔,706,73,0.89,0.87,
15分钟 扫止损收回 补仓3笔(1:1:1，-3%/-6%补) 均价止盈2% 止损离第一笔10% 拿72h,705,81,0.93,0.88,,865,87,1.23,0.9,✔,668,84,0.87,0.83,
15分钟 扫止损收回 补仓3笔(1:1:1，-3%/-6%补) 均价止盈2% 止损离第一笔15% 拿24h,764,65,0.68,0.87,,924,75,1.13,0.82,✔,703,74,0.8,1.01,
15分钟 扫止损收回 补仓3笔(1:1:1，-3%/-6%补) 均价止盈2% 止损离第一笔15% 拿72h,698,82,0.8,0.73,,853,88,1.39,1.07,✔,661,85,0.75,0.78,
15分钟 扫止损收回 补仓3笔(1:1:1，-3%/-6%补) 均价止盈3% 止损离第一笔10% 拿24h,750,61,0.86,0.83,,891,68,1.1,1.03,,685,65,0.81,0.9,
15分钟 扫止损收回 补仓3笔(1:1:1，-3%/-6%补) 均价止盈3% 止损离第一笔10% 拿72h,664,74,0.9,0.87,,790,80,1.31,0.91,✔,624,77,0.89,0.85,
15分钟 扫止损收回 补仓3笔(1:1:1，-3%/-6%补) 均价止盈3% 止损离第一笔15% 拿24h,748,61,0.74,0.83,,888,68,1.09,1.0,,682,66,0.71,0.89,
15分钟 扫止损收回 补仓3笔(1:1:1，-3%/-6%补) 均价止盈3% 止损离第一笔15% 拿72h,656,75,0.79,0.82,,777,82,1.36,1.0,✔,616,78,0.77,0.88,
15分钟 扫止损收回 补仓3笔(1:1:2，-3%/-6%补) 均价止盈1% 止损离第一笔10% 拿24h,800,81,0.94,0.83,,977,86,0.88,0.85,,741,87,1.0,0.88,
15分钟 扫止损收回 补仓3笔(1:1:2，-3%/-6%补) 均价止盈1% 止损离第一笔10% 拿72h,766,92,0.99,0.92,,961,94,1.13,0.75,✔,730,94,1.0,0.97,
15分钟 扫止损收回 补仓3笔(1:1:2，-3%/-6%补) 均价止盈1% 止损离第一笔15% 拿24h,797,81,0.79,0.91,,975,86,0.83,0.88,,740,88,0.88,1.14,
15分钟 扫止损收回 补仓3笔(1:1:2，-3%/-6%补) 均价止盈1% 止损离第一笔15% 拿72h,761,92,0.74,0.73,,958,95,1.11,0.86,✔,727,95,0.89,0.88,
15分钟 扫止损收回 补仓3笔(1:1:2，-3%/-6%补) 均价止盈2% 止损离第一笔10% 拿24h,766,66,0.79,0.79,,929,76,1.14,0.92,✔,706,74,0.87,0.92,
15分钟 扫止损收回 补仓3笔(1:1:2，-3%/-6%补) 均价止盈2% 止损离第一笔10% 拿72h,705,81,0.91,0.82,,874,88,1.29,0.91,✔,669,85,0.85,1.0,
15分钟 扫止损收回 补仓3笔(1:1:2，-3%/-6%补) 均价止盈2% 止损离第一笔15% 拿24h,764,66,0.67,0.76,,927,76,1.14,0.98,✔,704,75,0.78,0.85,
15分钟 扫止损收回 补仓3笔(1:1:2，-3%/-6%补) 均价止盈2% 止损离第一笔15% 拿72h,699,82,0.75,0.74,,865,90,1.47,0.84,✔,662,86,0.73,1.13,
15分钟 扫止损收回 补仓3笔(1:1:2，-3%/-6%补) 均价止盈3% 止损离第一笔10% 拿24h,750,61,0.84,0.91,,891,69,1.11,1.04,,685,67,0.83,0.86,
15分钟 扫止损收回 补仓3笔(1:1:2，-3%/-6%补) 均价止盈3% 止损离第一笔10% 拿72h,667,75,0.87,0.92,,792,81,1.28,0.98,✔,625,78,0.87,0.99,
15分钟 扫止损收回 补仓3笔(1:1:2，-3%/-6%补) 均价止盈3% 止损离第一笔15% 拿24h,748,61,0.7,0.8,,888,69,1.1,0.82,,682,67,0.73,0.81,
15分钟 扫止损收回 补仓3笔(1:1:2，-3%/-6%补) 均价止盈3% 止损离第一笔15% 拿72h,659,76,0.76,0.8,,780,83,1.32,0.88,✔,616,80,0.73,0.77,
15分钟 扫止损收回 补仓4笔(1:1:1:1，-2%/-4%/-6%补) 均价止盈1% 止损离第一笔10% 拿24h,799,83,0.92,0.81,,981,88,0.94,0.84,,744,89,0.97,0.81,
15分钟 扫止损收回 补仓4笔(1:1:1:1，-2%/-4%/-6%补) 均价止盈1% 止损离第一笔10% 拿72h,770,92,1.0,0.85,,963,95,1.09,0.8,,730,95,1.02,1.18,
15分钟 扫止损收回 补仓4笔(1:1:1:1，-2%/-4%/-6%补) 均价止盈1% 止损离第一笔15% 拿24h,797,83,0.77,0.78,,979,88,0.9,0.78,,743,89,0.84,0.91,
15分钟 扫止损收回 补仓4笔(1:1:1:1，-2%/-4%/-6%补) 均价止盈1% 止损离第一笔15% 拿72h,767,92,0.74,0.79,,957,96,1.2,0.96,✔,728,95,0.88,0.9,
15分钟 扫止损收回 补仓4笔(1:1:1:1，-2%/-4%/-6%补) 均价止盈2% 止损离第一笔10% 拿24h,771,69,0.83,0.88,,927,78,1.12,0.97,✔,708,76,0.97,0.81,
15分钟 扫止损收回 补仓4笔(1:1:1:1，-2%/-4%/-6%补) 均价止盈2% 止损离第一笔10% 拿72h,713,83,0.97,0.84,,873,89,1.36,0.93,✔,675,86,0.99,0.88,
15分钟 扫止损收回 补仓4笔(1:1:1:1，-2%/-4%/-6%补) 均价止盈2% 止损离第一笔15% 拿24h,769,69,0.71,0.82,,925,78,1.11,0.9,✔,706,76,0.87,0.97,
15分钟 扫止损收回 补仓4笔(1:1:1:1，-2%/-4%/-6%补) 均价止盈2% 止损离第一笔15% 拿72h,706,84,0.82,0.84,,863,90,1.51,0.9,✔,671,87,0.85,0.86,
15分钟 扫止损收回 补仓4笔(1:1:1:1，-2%/-4%/-6%补) 均价止盈3% 止损离第一笔10% 拿24h,752,64,0.86,0.87,,894,70,1.06,1.06,,686,69,0.88,0.96,
15分钟 扫止损收回 补仓4笔(1:1:1:1，-2%/-4%/-6%补) 均价止盈3% 止损离第一笔10% 拿72h,673,76,0.92,0.89,,801,82,1.3,0.93,✔,631,78,0.9,0.93,
15分钟 扫止损收回 补仓4笔(1:1:1:1，-2%/-4%/-6%补) 均价止盈3% 止损离第一笔15% 拿24h,750,64,0.74,0.86,,891,71,1.05,0.96,,683,69,0.77,0.9,
15分钟 扫止损收回 补仓4笔(1:1:1:1，-2%/-4%/-6%补) 均价止盈3% 止损离第一笔15% 拿72h,665,77,0.8,0.82,,789,83,1.36,0.96,✔,624,80,0.78,0.83,
15分钟 扫止损收回 补仓5笔(1:1:1:1:1，-2%/-4%/-6%/-8%补) 均价止盈1% 止损离第一笔11% 拿24h,799,83,0.88,0.88,,980,88,0.93,0.79,,744,89,0.91,0.79,
15分钟 扫止损收回 补仓5笔(1:1:1:1:1，-2%/-4%/-6%/-8%补) 均价止盈1% 止损离第一笔11% 拿72h,770,92,0.93,0.77,,961,95,1.08,0.9,,730,95,0.96,1.14,
15分钟 扫止损收回 补仓5笔(1:1:1:1:1，-2%/-4%/-6%/-8%补) 均价止盈1% 止损离第一笔14% 拿24h,798,83,0.76,0.79,,979,88,0.9,0.77,,744,89,0.89,0.95,
15分钟 扫止损收回 补仓5笔(1:1:1:1:1，-2%/-4%/-6%/-8%补) 均价止盈1% 止损离第一笔14% 拿72h,768,92,0.71,0.74,,960,96,1.16,0.93,✔,730,96,0.98,0.72,
15分钟 扫止损收回 补仓5笔(1:1:1:1:1，-2%/-4%/-6%/-8%补) 均价止盈1% 止损离第一笔18% 拿24h,797,83,0.83,0.83,,979,88,0.89,0.72,,744,89,0.78,0.85,
15分钟 扫止损收回 补仓5笔(1:1:1:1:1，-2%/-4%/-6%/-8%补) 均价止盈1% 止损离第一笔18% 拿72h,766,93,0.67,0.78,,958,96,1.36,0.97,✔,729,96,0.84,0.79,
15分钟 扫止损收回 补仓5笔(1:1:1:1:1，-2%/-4%/-6%/-8%补) 均价止盈2% 止损离第一笔11% 拿24h,770,69,0.77,0.83,,926,78,1.11,0.98,✔,708,76,0.94,0.97,
15分钟 扫止损收回 补仓5笔(1:1:1:1:1，-2%/-4%/-6%/-8%补) 均价止盈2% 止损离第一笔11% 拿72h,711,83,0.89,0.94,,869,90,1.38,0.91,✔,674,87,0.98,1.03,
15分钟 扫止损收回 补仓5笔(1:1:1:1:1，-2%/-4%/-6%/-8%补) 均价止盈2% 止损离第一笔14% 拿24h,770,69,0.68,0.84,,925,78,1.1,0.87,,707,76,0.91,0.89,
15分钟 扫止损收回 补仓5笔(1:1:1:1:1，-2%/-4%/-6%/-8%补) 均价止盈2% 止损离第一笔14% 拿72h,708,84,0.76,0.72,,865,90,1.48,0.99,✔,673,88,0.9,0.82,
15分钟 扫止损收回 补仓5笔(1:1:1:1:1，-2%/-4%/-6%/-8%补) 均价止盈2% 止损离第一笔18% 拿24h,768,70,0.73,0.8,,925,78,1.13,0.93,✔,707,77,0.86,1.02,
15分钟 扫止损收回 补仓5笔(1:1:1:1:1，-2%/-4%/-6%/-8%补) 均价止盈2% 止损离第一笔18% 拿72h,704,85,0.76,0.73,,864,91,1.68,0.95,✔,672,89,0.79,0.82,
15分钟 扫止损收回 补仓5笔(1:1:1:1:1，-2%/-4%/-6%/-8%补) 均价止盈3% 止损离第一笔11% 拿24h,752,64,0.82,0.75,,892,71,1.04,0.89,,686,69,0.85,0.84,
15分钟 扫止损收回 补仓5笔(1:1:1:1:1，-2%/-4%/-6%/-8%补) 均价止盈3% 止损离第一笔11% 拿72h,671,77,0.9,0.97,,795,82,1.29,0.96,✔,630,80,0.9,0.92,
15分钟 扫止损收回 补仓5笔(1:1:1:1:1，-2%/-4%/-6%/-8%补) 均价止盈3% 止损离第一笔14% 拿24h,752,64,0.73,0.9,,891,71,1.05,0.84,,683,70,0.8,0.94,
15分钟 扫止损收回 补仓5笔(1:1:1:1:1，-2%/-4%/-6%/-8%补) 均价止盈3% 止损离第一笔14% 拿72h,669,77,0.78,0.83,,790,83,1.36,0.9,✔,624,80,0.79,0.8,
15分钟 扫止损收回 补仓5笔(1:1:1:1:1，-2%/-4%/-6%/-8%补) 均价止盈3% 止损离第一笔18% 拿24h,750,65,0.72,0.89,,891,71,1.08,0.85,,682,70,0.8,0.91,
15分钟 扫止损收回 补仓5笔(1:1:1:1:1，-2%/-4%/-6%/-8%补) 均价止盈3% 止损离第一笔18% 拿72h,665,78,0.75,0.8,,786,84,1.4,0.87,✔,622,81,0.74,0.96,
15分钟 扫止损收回 补仓5笔(1:1:1:1:1，-2%/-4%/-6%/-8%补) 均价止盈5% 止损离第一笔11% 拿24h,733,60,0.77,0.73,,854,66,1.12,0.86,,660,61,0.78,0.89,
15分钟 扫止损收回 补仓5笔(1:1:1:1:1，-2%/-4%/-6%/-8%补) 均价止盈5% 止损离第一笔11% 拿72h,608,66,0.81,0.83,,691,72,1.32,0.9,✔,561,70,0.93,0.9,
15分钟 扫止损收回 补仓5笔(1:1:1:1:1，-2%/-4%/-6%/-8%补) 均价止盈5% 止损离第一笔14% 拿24h,733,60,0.68,0.83,,853,66,1.12,0.94,,656,61,0.73,0.76,
15分钟 扫止损收回 补仓5笔(1:1:1:1:1，-2%/-4%/-6%/-8%补) 均价止盈5% 止损离第一笔14% 拿72h,603,67,0.75,0.84,,684,73,1.33,0.91,✔,553,72,0.87,0.84,
15分钟 扫止损收回 补仓5笔(1:1:1:1:1，-2%/-4%/-6%/-8%补) 均价止盈5% 止损离第一笔18% 拿24h,731,60,0.67,0.83,,853,66,1.13,0.91,✔,655,62,0.72,0.78,
15分钟 扫止损收回 补仓5笔(1:1:1:1:1，-2%/-4%/-6%/-8%补) 均价止盈5% 止损离第一笔18% 拿72h,599,68,0.72,0.83,,681,74,1.38,0.88,✔,552,73,0.82,0.86,
15分钟 扫止损收回 补仓5笔(1:1:1:1:1，-2%/-4%/-6%/-8%补) 均价止盈8% 止损离第一笔11% 拿24h,724,59,0.72,0.81,,835,64,1.16,0.87,,644,59,0.8,0.88,
15分钟 扫止损收回 补仓5笔(1:1:1:1:1，-2%/-4%/-6%/-8%补) 均价止盈8% 止损离第一笔11% 拿72h,570,61,0.73,0.8,,622,67,1.31,0.96,✔,508,64,0.96,0.92,
15分钟 扫止损收回 补仓5笔(1:1:1:1:1，-2%/-4%/-6%/-8%补) 均价止盈8% 止损离第一笔14% 拿24h,724,59,0.64,0.85,,834,65,1.16,0.92,✔,642,59,0.76,0.96,
15分钟 扫止损收回 补仓5笔(1:1:1:1:1，-2%/-4%/-6%/-8%补) 均价止盈8% 止损离第一笔14% 拿72h,566,62,0.7,0.85,,615,68,1.29,0.93,✔,504,66,0.91,0.83,
15分钟 扫止损收回 补仓5笔(1:1:1:1:1，-2%/-4%/-6%/-8%补) 均价止盈8% 止损离第一笔18% 拿24h,722,59,0.62,0.74,,834,65,1.18,0.9,✔,641,60,0.76,0.94,
15分钟 扫止损收回 补仓5笔(1:1:1:1:1，-2%/-4%/-6%/-8%补) 均价止盈8% 止损离第一笔18% 拿72h,562,63,0.67,0.74,,613,68,1.3,0.95,✔,498,67,0.85,0.86,
15分钟 扫止损收回 补仓6笔(1:1:1:1:1:1，-1.5%/-3%/-4.5%/-6%/-7.5%补) 均价止盈1% 止损离第一笔10.5% 拿24h,803,85,0.97,0.72,,985,89,0.86,0.75,,745,90,0.94,0.89,
15分钟 扫止损收回 补仓6笔(1:1:1:1:1:1，-1.5%/-3%/-4.5%/-6%/-7.5%补) 均价止盈1% 止损离第一笔10.5% 拿72h,775,93,1.15,0.8,,973,95,1.01,0.9,,734,95,1.0,0.78,
15分钟 扫止损收回 补仓6笔(1:1:1:1:1:1，-1.5%/-3%/-4.5%/-6%/-7.5%补) 均价止盈1% 止损离第一笔13.5% 拿24h,802,85,0.85,0.78,,983,89,0.84,0.78,,745,90,0.92,0.82,
15分钟 扫止损收回 补仓6笔(1:1:1:1:1:1，-1.5%/-3%/-4.5%/-6%/-7.5%补) 均价止盈1% 止损离第一笔13.5% 拿72h,773,93,0.86,0.89,,969,96,1.05,1.01,,734,96,0.98,0.81,
15分钟 扫止损收回 补仓6笔(1:1:1:1:1:1，-1.5%/-3%/-4.5%/-6%/-7.5%补) 均价止盈1% 止损离第一笔17.5% 拿24h,801,85,0.85,0.76,,983,89,0.81,0.77,,744,90,0.76,0.8,
15分钟 扫止损收回 补仓6笔(1:1:1:1:1:1，-1.5%/-3%/-4.5%/-6%/-7.5%补) 均价止盈1% 止损离第一笔17.5% 拿72h,771,94,0.79,0.94,,968,97,1.17,0.84,✔,732,96,0.86,0.98,
15分钟 扫止损收回 补仓6笔(1:1:1:1:1:1，-1.5%/-3%/-4.5%/-6%/-7.5%补) 均价止盈2% 止损离第一笔10.5% 拿24h,774,71,0.72,0.78,,932,79,1.08,0.89,,709,77,0.91,0.94,
15分钟 扫止损收回 补仓6笔(1:1:1:1:1:1，-1.5%/-3%/-4.5%/-6%/-7.5%补) 均价止盈2% 止损离第一笔10.5% 拿72h,717,84,0.84,0.86,,882,90,1.4,0.91,✔,676,87,0.88,1.01,
15分钟 扫止损收回 补仓6笔(1:1:1:1:1:1，-1.5%/-3%/-4.5%/-6%/-7.5%补) 均价止盈2% 止损离第一笔13.5% 拿24h,773,71,0.64,0.92,,930,79,1.11,0.83,✔,709,78,0.88,0.75,
15分钟 扫止损收回 补仓6笔(1:1:1:1:1:1，-1.5%/-3%/-4.5%/-6%/-7.5%补) 均价止盈2% 止损离第一笔13.5% 拿72h,713,84,0.68,0.88,,875,91,1.52,0.91,✔,673,88,0.82,0.97,
15分钟 扫止损收回 补仓6笔(1:1:1:1:1:1，-1.5%/-3%/-4.5%/-6%/-7.5%补) 均价止盈2% 止损离第一笔17.5% 拿24h,771,71,0.69,0.84,,930,79,1.1,0.86,,708,78,0.81,0.87,
15分钟 扫止损收回 补仓6笔(1:1:1:1:1:1，-1.5%/-3%/-4.5%/-6%/-7.5%补) 均价止盈2% 止损离第一笔17.5% 拿72h,709,85,0.64,0.77,,874,92,1.73,1.01,✔,671,88,0.72,0.84,
15分钟 扫止损收回 补仓6笔(1:1:1:1:1:1，-1.5%/-3%/-4.5%/-6%/-7.5%补) 均价止盈3% 止损离第一笔10.5% 拿24h,751,65,0.79,0.84,,895,73,1.07,0.87,,689,71,0.83,0.95,
15分钟 扫止损收回 补仓6笔(1:1:1:1:1:1，-1.5%/-3%/-4.5%/-6%/-7.5%补) 均价止盈3% 止损离第一笔10.5% 拿72h,672,78,0.88,0.83,,805,83,1.31,0.96,✔,635,80,0.95,0.9,
15分钟 扫止损收回 补仓6笔(1:1:1:1:1:1，-1.5%/-3%/-4.5%/-6%/-7.5%补) 均价止盈3% 止损离第一笔13.5% 拿24h,750,65,0.7,0.76,,892,73,1.1,0.92,✔,687,71,0.79,0.87,
15分钟 扫止损收回 补仓6笔(1:1:1:1:1:1，-1.5%/-3%/-4.5%/-6%/-7.5%补) 均价止盈3% 止损离第一笔13.5% 拿72h,668,78,0.74,0.72,,796,84,1.38,0.88,✔,630,81,0.85,0.75,
15分钟 扫止损收回 补仓6笔(1:1:1:1:1:1，-1.5%/-3%/-4.5%/-6%/-7.5%补) 均价止盈3% 止损离第一笔17.5% 拿24h,748,65,0.67,0.85,,892,73,1.09,0.87,,686,71,0.75,0.74,
15分钟 扫止损收回 补仓6笔(1:1:1:1:1:1，-1.5%/-3%/-4.5%/-6%/-7.5%补) 均价止盈3% 止损离第一笔17.5% 拿72h,664,79,0.69,0.71,,793,85,1.42,0.92,✔,628,82,0.75,0.86,
15分钟 扫止损收回 补仓6笔(1:1:1:1:1:1，-1.5%/-3%/-4.5%/-6%/-7.5%补) 均价止盈5% 止损离第一笔10.5% 拿24h,734,61,0.76,0.97,,857,68,1.16,0.88,,661,63,0.76,0.81,
15分钟 扫止损收回 补仓6笔(1:1:1:1:1:1，-1.5%/-3%/-4.5%/-6%/-7.5%补) 均价止盈5% 止损离第一笔10.5% 拿72h,612,67,0.8,0.86,,704,73,1.33,0.86,✔,567,71,0.91,0.97,
15分钟 扫止损收回 补仓6笔(1:1:1:1:1:1，-1.5%/-3%/-4.5%/-6%/-7.5%补) 均价止盈5% 止损离第一笔13.5% 拿24h,733,61,0.71,0.84,,854,68,1.18,0.89,✔,657,63,0.72,0.86,
15分钟 扫止损收回 补仓6笔(1:1:1:1:1:1，-1.5%/-3%/-4.5%/-6%/-7.5%补) 均价止盈5% 止损离第一笔13.5% 拿72h,605,68,0.76,0.78,,692,75,1.31,0.9,✔,558,72,0.87,0.85,
15分钟 扫止损收回 补仓6笔(1:1:1:1:1:1，-1.5%/-3%/-4.5%/-6%/-7.5%补) 均价止盈5% 止损离第一笔17.5% 拿24h,731,61,0.67,0.79,,854,68,1.15,0.88,✔,655,64,0.7,0.89,
15分钟 扫止损收回 补仓6笔(1:1:1:1:1:1，-1.5%/-3%/-4.5%/-6%/-7.5%补) 均价止盈5% 止损离第一笔17.5% 拿72h,601,69,0.72,0.81,,690,75,1.32,0.94,✔,555,73,0.8,0.84,
15分钟 扫止损收回 补仓6笔(1:1:1:1:1:1，-1.5%/-3%/-4.5%/-6%/-7.5%补) 均价止盈8% 止损离第一笔10.5% 拿24h,725,60,0.71,0.8,,838,66,1.16,0.96,,645,60,0.8,0.96,
15分钟 扫止损收回 补仓6笔(1:1:1:1:1:1，-1.5%/-3%/-4.5%/-6%/-7.5%补) 均价止盈8% 止损离第一笔10.5% 拿72h,573,61,0.71,0.89,,628,68,1.32,0.85,✔,508,64,0.94,0.83,
15分钟 扫止损收回 补仓6笔(1:1:1:1:1:1，-1.5%/-3%/-4.5%/-6%/-7.5%补) 均价止盈8% 止损离第一笔13.5% 拿24h,724,60,0.66,0.76,,835,66,1.17,0.9,✔,642,61,0.76,0.86,
15分钟 扫止损收回 补仓6笔(1:1:1:1:1:1，-1.5%/-3%/-4.5%/-6%/-7.5%补) 均价止盈8% 止损离第一笔13.5% 拿72h,567,63,0.69,0.84,,618,69,1.26,1.08,✔,503,66,0.89,0.91,
15分钟 扫止损收回 补仓6笔(1:1:1:1:1:1，-1.5%/-3%/-4.5%/-6%/-7.5%补) 均价止盈8% 止损离第一笔17.5% 拿24h,722,61,0.62,0.77,,835,66,1.15,0.93,✔,641,61,0.76,0.8,
15分钟 扫止损收回 补仓6笔(1:1:1:1:1:1，-1.5%/-3%/-4.5%/-6%/-7.5%补) 均价止盈8% 止损离第一笔17.5% 拿72h,563,64,0.65,0.69,,615,69,1.28,0.96,✔,498,68,0.85,0.86,
15分钟 扫止损收回 补仓5笔(1:1:2:2:4，-2%/-4%/-6%/-8%补) 均价止盈1% 止损离第一笔11% 拿24h,800,84,0.89,0.74,,982,89,0.88,0.71,,744,90,0.91,0.93,
15分钟 扫止损收回 补仓5笔(1:1:2:2:4，-2%/-4%/-6%/-8%补) 均价止盈1% 止损离第一笔11% 拿72h,775,94,0.84,0.84,,968,96,0.97,0.72,,733,96,0.94,1.02,
15分钟 扫止损收回 补仓5笔(1:1:2:2:4，-2%/-4%/-6%/-8%补) 均价止盈1% 止损离第一笔14% 拿24h,800,84,0.74,0.87,,981,89,0.84,0.75,,744,91,0.84,1.04,
15分钟 扫止损收回 补仓5笔(1:1:2:2:4，-2%/-4%/-6%/-8%补) 均价止盈1% 止损离第一笔14% 拿72h,774,94,0.58,0.85,,967,97,1.01,0.99,,733,97,0.96,0.8,
15分钟 扫止损收回 补仓5笔(1:1:2:2:4，-2%/-4%/-6%/-8%补) 均价止盈1% 止损离第一笔18% 拿24h,800,84,0.78,1.12,,981,89,0.81,0.68,,744,91,0.66,0.93,
15分钟 扫止损收回 补仓5笔(1:1:2:2:4，-2%/-4%/-6%/-8%补) 均价止盈1% 止损离第一笔18% 拿72h,774,94,0.52,0.98,,966,97,1.07,0.65,,732,97,0.76,0.61,
15分钟 扫止损收回 补仓5笔(1:1:2:2:4，-2%/-4%/-6%/-8%补) 均价止盈2% 止损离第一笔11% 拿24h,773,71,0.76,0.85,,929,80,1.13,0.86,✔,709,79,0.96,0.98,
15分钟 扫止损收回 补仓5笔(1:1:2:2:4，-2%/-4%/-6%/-8%补) 均价止盈2% 止损离第一笔11% 拿72h,714,86,0.86,0.8,,883,92,1.46,0.91,✔,684,90,1.0,0.98,
15分钟 扫止损收回 补仓5笔(1:1:2:2:4，-2%/-4%/-6%/-8%补) 均价止盈2% 止损离第一笔14% 拿24h,773,71,0.62,0.82,,928,80,1.08,0.79,,709,79,0.91,0.99,
15分钟 扫止损收回 补仓5笔(1:1:2:2:4，-2%/-4%/-6%/-8%补) 均价止盈2% 止损离第一笔14% 拿72h,711,86,0.66,0.81,,881,93,1.5,0.93,✔,684,91,0.9,0.83,
15分钟 扫止损收回 补仓5笔(1:1:2:2:4，-2%/-4%/-6%/-8%补) 均价止盈2% 止损离第一笔18% 拿24h,771,71,0.71,0.81,,928,80,1.11,0.81,✔,709,79,0.84,0.71,
15分钟 扫止损收回 补仓5笔(1:1:2:2:4，-2%/-4%/-6%/-8%补) 均价止盈2% 止损离第一笔18% 拿72h,707,87,0.64,0.67,,879,94,1.73,0.84,✔,683,91,0.78,0.94,
15分钟 扫止损收回 补仓5笔(1:1:2:2:4，-2%/-4%/-6%/-8%补) 均价止盈3% 止损离第一笔11% 拿24h,753,65,0.74,0.99,,892,73,1.0,0.83,,689,73,0.84,0.95,
15分钟 扫止损收回 补仓5笔(1:1:2:2:4，-2%/-4%/-6%/-8%补) 均价止盈3% 止损离第一笔11% 拿72h,677,79,0.84,0.84,,802,84,1.23,1.05,✔,636,83,0.9,0.89,
15分钟 扫止损收回 补仓5笔(1:1:2:2:4，-2%/-4%/-6%/-8%补) 均价止盈3% 止损离第一笔14% 拿24h,753,65,0.61,0.78,,891,73,1.01,0.8,,687,73,0.79,0.89,
15分钟 扫止损收回 补仓5笔(1:1:2:2:4，-2%/-4%/-6%/-8%补) 均价止盈3% 止损离第一笔14% 拿72h,674,79,0.69,0.76,,797,86,1.29,0.97,✔,632,84,0.8,0.87,
15分钟 扫止损收回 补仓5笔(1:1:2:2:4，-2%/-4%/-6%/-8%补) 均价止盈3% 止损离第一笔18% 拿24h,751,66,0.66,0.71,,891,73,1.04,0.92,,687,74,0.75,0.84,
15分钟 扫止损收回 补仓5笔(1:1:2:2:4，-2%/-4%/-6%/-8%补) 均价止盈3% 止损离第一笔18% 拿72h,670,80,0.67,0.77,,793,86,1.36,1.09,✔,631,85,0.71,0.79,
15分钟 扫止损收回 补仓5笔(1:1:2:2:4，-2%/-4%/-6%/-8%补) 均价止盈5% 止损离第一笔11% 拿24h,733,61,0.77,0.78,,855,68,1.11,0.93,,662,65,0.79,0.94,
15分钟 扫止损收回 补仓5笔(1:1:2:2:4，-2%/-4%/-6%/-8%补) 均价止盈5% 止损离第一笔11% 拿72h,608,68,0.76,0.88,,694,74,1.3,0.89,✔,565,74,0.95,0.79,
15分钟 扫止损收回 补仓5笔(1:1:2:2:4，-2%/-4%/-6%/-8%补) 均价止盈5% 止损离第一笔14% 拿24h,733,61,0.64,0.79,,854,68,1.11,0.8,✔,658,65,0.74,0.83,
15分钟 扫止损收回 补仓5笔(1:1:2:2:4，-2%/-4%/-6%/-8%补) 均价止盈5% 止损离第一笔14% 拿72h,603,69,0.67,0.8,,688,76,1.3,0.88,✔,557,75,0.83,0.8,
15分钟 扫止损收回 补仓5笔(1:1:2:2:4，-2%/-4%/-6%/-8%补) 均价止盈5% 止损离第一笔18% 拿24h,731,61,0.63,0.82,,854,69,1.11,0.96,✔,657,66,0.74,0.91,
15分钟 扫止损收回 补仓5笔(1:1:2:2:4，-2%/-4%/-6%/-8%补) 均价止盈5% 止损离第一笔18% 拿72h,599,70,0.63,0.71,,686,76,1.34,0.87,✔,556,77,0.76,0.88,
15分钟 扫止损收回 补仓5笔(1:1:2:2:4，-2%/-4%/-6%/-8%补) 均价止盈8% 止损离第一笔11% 拿24h,724,60,0.71,0.83,,836,67,1.15,0.9,,644,62,0.81,0.91,
15分钟 扫止损收回 补仓5笔(1:1:2:2:4，-2%/-4%/-6%/-8%补) 均价止盈8% 止损离第一笔11% 拿72h,572,63,0.72,0.68,,623,70,1.3,0.89,✔,509,66,0.97,0.87,
15分钟 扫止损收回 补仓5笔(1:1:2:2:4，-2%/-4%/-6%/-8%补) 均价止盈8% 止损离第一笔14% 拿24h,724,60,0.59,0.74,,835,67,1.15,0.92,✔,642,63,0.75,0.94,
15分钟 扫止损收回 补仓5笔(1:1:2:2:4，-2%/-4%/-6%/-8%补) 均价止盈8% 止损离第一笔14% 拿72h,568,64,0.68,0.79,,616,71,1.26,0.96,✔,506,69,0.89,1.01,
15分钟 扫止损收回 补仓5笔(1:1:2:2:4，-2%/-4%/-6%/-8%补) 均价止盈8% 止损离第一笔18% 拿24h,722,60,0.58,0.68,,835,67,1.18,1.0,✔,641,63,0.75,0.84,
15分钟 扫止损收回 补仓5笔(1:1:2:2:4，-2%/-4%/-6%/-8%补) 均价止盈8% 止损离第一笔18% 拿72h,564,65,0.65,0.77,,614,71,1.27,0.79,✔,499,70,0.82,0.79,
15分钟 扫止损收回 补仓8笔(1:1:1:1:1:1:1:1，-1%/-2%/-3%/-4%/-5%/-6%/-7%补) 均价止盈1% 止损离第一笔10% 拿24h,804,86,1.01,0.86,,986,90,0.9,0.76,,753,91,0.91,0.86,
15分钟 扫止损收回 补仓8笔(1:1:1:1:1:1:1:1，-1%/-2%/-3%/-4%/-5%/-6%/-7%补) 均价止盈1% 止损离第一笔10% 拿72h,781,94,1.06,0.94,,975,96,1.04,0.82,,742,96,0.98,0.68,
15分钟 扫止损收回 补仓8笔(1:1:1:1:1:1:1:1，-1%/-2%/-3%/-4%/-5%/-6%/-7%补) 均价止盈1% 止损离第一笔13% 拿24h,803,86,0.86,1.01,,984,90,0.83,0.82,,753,91,0.87,0.88,
15分钟 扫止损收回 补仓8笔(1:1:1:1:1:1:1:1，-1%/-2%/-3%/-4%/-5%/-6%/-7%补) 均价止盈1% 止损离第一笔13% 拿72h,779,94,0.82,0.85,,969,96,1.11,0.88,,742,96,0.94,0.9,
15分钟 扫止损收回 补仓8笔(1:1:1:1:1:1:1:1，-1%/-2%/-3%/-4%/-5%/-6%/-7%补) 均价止盈1% 止损离第一笔17% 拿24h,803,86,0.82,0.89,,984,90,0.81,0.76,,752,91,0.72,1.12,
15分钟 扫止损收回 补仓8笔(1:1:1:1:1:1:1:1，-1%/-2%/-3%/-4%/-5%/-6%/-7%补) 均价止盈1% 止损离第一笔17% 拿72h,779,94,0.7,0.74,,969,97,1.21,0.94,✔,740,96,0.84,0.86,
15分钟 扫止损收回 补仓8笔(1:1:1:1:1:1:1:1，-1%/-2%/-3%/-4%/-5%/-6%/-7%补) 均价止盈2% 止损离第一笔10% 拿24h,776,72,0.76,0.85,,936,80,1.11,0.85,✔,714,79,0.96,1.05,
15分钟 扫止损收回 补仓8笔(1:1:1:1:1:1:1:1，-1%/-2%/-3%/-4%/-5%/-6%/-7%补) 均价止盈2% 止损离第一笔10% 拿72h,723,85,0.9,0.94,,891,90,1.37,0.97,✔,689,88,0.99,0.93,
15分钟 扫止损收回 补仓8笔(1:1:1:1:1:1:1:1，-1%/-2%/-3%/-4%/-5%/-6%/-7%补) 均价止盈2% 止损离第一笔13% 拿24h,775,72,0.67,0.88,,934,80,1.07,0.83,,714,80,0.92,0.9,
15分钟 扫止损收回 补仓8笔(1:1:1:1:1:1:1:1，-1%/-2%/-3%/-4%/-5%/-6%/-7%补) 均价止盈2% 止损离第一笔13% 拿72h,718,85,0.73,0.8,,883,92,1.46,0.87,✔,687,89,0.91,0.8,
15分钟 扫止损收回 补仓8笔(1:1:1:1:1:1:1:1，-1%/-2%/-3%/-4%/-5%/-6%/-7%补) 均价止盈2% 止损离第一笔17% 拿24h,773,72,0.68,0.66,,934,81,1.09,0.88,,713,80,0.83,1.04,
15分钟 扫止损收回 补仓8笔(1:1:1:1:1:1:1:1，-1%/-2%/-3%/-4%/-5%/-6%/-7%补) 均价止盈2% 止损离第一笔17% 拿72h,716,86,0.69,0.83,,881,92,1.65,0.94,✔,685,89,0.79,0.84,
15分钟 扫止损收回 补仓8笔(1:1:1:1:1:1:1:1，-1%/-2%/-3%/-4%/-5%/-6%/-7%补) 均价止盈3% 止损离第一笔10% 拿24h,755,66,0.8,0.89,,899,74,1.06,0.86,,689,72,0.83,0.83,
15分钟 扫止损收回 补仓8笔(1:1:1:1:1:1:1:1，-1%/-2%/-3%/-4%/-5%/-6%/-7%补) 均价止盈3% 止损离第一笔10% 拿72h,681,78,0.89,0.88,,809,83,1.29,0.91,✔,636,80,0.86,0.85,
15分钟 扫止损收回 补仓8笔(1:1:1:1:1:1:1:1，-1%/-2%/-3%/-4%/-5%/-6%/-7%补) 均价止盈3% 止损离第一笔13% 拿24h,754,66,0.71,0.85,,896,74,1.06,0.98,,687,72,0.78,0.84,
15分钟 扫止损收回 补仓8笔(1:1:1:1:1:1:1:1，-1%/-2%/-3%/-4%/-5%/-6%/-7%补) 均价止盈3% 止损离第一笔13% 拿72h,675,79,0.79,0.8,,798,84,1.36,0.87,✔,631,81,0.82,0.87,
15分钟 扫止损收回 补仓8笔(1:1:1:1:1:1:1:1，-1%/-2%/-3%/-4%/-5%/-6%/-7%补) 均价止盈3% 止损离第一笔17% 拿24h,752,66,0.67,0.87,,896,74,1.07,0.9,,685,73,0.74,0.82,
15分钟 扫止损收回 补仓8笔(1:1:1:1:1:1:1:1，-1%/-2%/-3%/-4%/-5%/-6%/-7%补) 均价止盈3% 止损离第一笔17% 拿72h,672,80,0.72,0.81,,794,85,1.37,0.86,✔,628,82,0.72,0.83,
15分钟 扫止损收回 补仓8笔(1:1:1:1:1:1:1:1，-1%/-2%/-3%/-4%/-5%/-6%/-7%补) 均价止盈5% 止损离第一笔10% 拿24h,734,62,0.77,0.9,,859,69,1.13,0.95,,663,64,0.77,0.96,
15分钟 扫止损收回 补仓8笔(1:1:1:1:1:1:1:1，-1%/-2%/-3%/-4%/-5%/-6%/-7%补) 均价止盈5% 止损离第一笔10% 拿72h,613,68,0.8,0.84,,710,74,1.34,0.87,✔,572,70,0.88,0.87,
15分钟 扫止损收回 补仓8笔(1:1:1:1:1:1:1:1，-1%/-2%/-3%/-4%/-5%/-6%/-7%补) 均价止盈5% 止损离第一笔13% 拿24h,733,62,0.71,0.81,,856,69,1.13,0.94,,658,64,0.72,0.94,
15分钟 扫止损收回 补仓8笔(1:1:1:1:1:1:1:1，-1%/-2%/-3%/-4%/-5%/-6%/-7%补) 均价止盈5% 止损离第一笔13% 拿72h,605,69,0.77,0.75,,697,75,1.33,0.94,✔,561,73,0.87,0.95,
15分钟 扫止损收回 补仓8笔(1:1:1:1:1:1:1:1，-1%/-2%/-3%/-4%/-5%/-6%/-7%补) 均价止盈5% 止损离第一笔17% 拿24h,731,62,0.66,0.87,,856,70,1.12,0.86,✔,655,65,0.7,0.8,
15分钟 扫止损收回 补仓8笔(1:1:1:1:1:1:1:1，-1%/-2%/-3%/-4%/-5%/-6%/-7%补) 均价止盈5% 止损离第一笔17% 拿72h,602,70,0.7,0.74,,693,75,1.34,0.94,✔,557,74,0.82,0.92,
15分钟 扫止损收回 补仓8笔(1:1:1:1:1:1:1:1，-1%/-2%/-3%/-4%/-5%/-6%/-7%补) 均价止盈8% 止损离第一笔10% 拿24h,725,61,0.72,0.76,,837,67,1.16,1.03,,647,62,0.81,1.0,
15分钟 扫止损收回 补仓8笔(1:1:1:1:1:1:1:1，-1%/-2%/-3%/-4%/-5%/-6%/-7%补) 均价止盈8% 止损离第一笔10% 拿72h,573,62,0.72,0.81,,630,68,1.33,0.99,✔,511,63,0.87,0.89,
15分钟 扫止损收回 补仓8笔(1:1:1:1:1:1:1:1，-1%/-2%/-3%/-4%/-5%/-6%/-7%补) 均价止盈8% 止损离第一笔13% 拿24h,724,61,0.66,0.88,,834,68,1.14,0.98,,643,63,0.77,0.71,
15分钟 扫止损收回 补仓8笔(1:1:1:1:1:1:1:1，-1%/-2%/-3%/-4%/-5%/-6%/-7%补) 均价止盈8% 止损离第一笔13% 拿72h,566,64,0.71,0.75,,620,69,1.3,0.99,✔,503,66,0.85,0.98,
15分钟 扫止损收回 补仓8笔(1:1:1:1:1:1:1:1，-1%/-2%/-3%/-4%/-5%/-6%/-7%补) 均价止盈8% 止损离第一笔17% 拿24h,722,61,0.61,0.87,,834,68,1.14,1.01,✔,641,63,0.76,0.92,
15分钟 扫止损收回 补仓8笔(1:1:1:1:1:1:1:1，-1%/-2%/-3%/-4%/-5%/-6%/-7%补) 均价止盈8% 止损离第一笔17% 拿72h,563,65,0.66,0.76,,616,69,1.31,0.94,✔,496,67,0.83,0.83,
15分钟 扫止损收回 补仓6笔(1:1:1:2:2:3，-2%/-4%/-6%/-9%/-12%补) 均价止盈1% 止损离第一笔15% 拿24h,797,84,0.87,0.82,,980,89,0.84,0.72,,743,89,0.7,0.87,
15分钟 扫止损收回 补仓6笔(1:1:1:2:2:3，-2%/-4%/-6%/-9%/-12%补) 均价止盈1% 止损离第一笔15% 拿72h,767,94,0.73,0.9,,964,97,1.04,0.88,,730,96,0.8,0.91,
15分钟 扫止损收回 补仓6笔(1:1:1:2:2:3，-2%/-4%/-6%/-9%/-12%补) 均价止盈1% 止损离第一笔18% 拿24h,797,84,0.95,0.73,,980,89,0.86,0.66,,743,89,0.6,0.89,
15分钟 扫止损收回 补仓6笔(1:1:1:2:2:3，-2%/-4%/-6%/-9%/-12%补) 均价止盈1% 止损离第一笔18% 拿72h,766,94,0.6,0.79,,964,97,1.16,0.9,✔,730,96,0.71,0.8,
15分钟 扫止损收回 补仓6笔(1:1:1:2:2:3，-2%/-4%/-6%/-9%/-12%补) 均价止盈1% 止损离第一笔22% 拿24h,797,84,1.01,0.74,,980,89,0.96,0.67,,743,89,0.53,1.02,
15分钟 扫止损收回 补仓6笔(1:1:1:2:2:3，-2%/-4%/-6%/-9%/-12%补) 均价止盈1% 止损离第一笔22% 拿72h,766,94,0.5,0.69,,963,97,1.38,0.84,✔,730,96,0.56,0.65,
15分钟 扫止损收回 补仓6笔(1:1:1:2:2:3，-2%/-4%/-6%/-9%/-12%补) 均价止盈2% 止损离第一笔15% 拿24h,769,70,0.66,0.84,,927,79,1.1,0.86,,708,77,0.81,0.99,
15分钟 扫止损收回 补仓6笔(1:1:1:2:2:3，-2%/-4%/-6%/-9%/-12%补) 均价止盈2% 止损离第一笔15% 拿72h,707,85,0.71,0.71,,874,92,1.54,0.78,✔,675,89,0.78,0.93,
15分钟 扫止损收回 补仓6笔(1:1:1:2:2:3，-2%/-4%/-6%/-9%/-12%补) 均价止盈2% 止损离第一笔18% 拿24h,768,70,0.7,0.73,,927,80,1.15,0.73,✔,708,77,0.78,0.97,
15分钟 扫止损收回 补仓6笔(1:1:1:2:2:3，-2%/-4%/-6%/-9%/-12%补) 均价止盈2% 止损离第一笔18% 拿72h,705,86,0.61,0.7,,874,93,1.79,0.76,✔,675,90,0.7,0.79,
15分钟 扫止损收回 补仓6笔(1:1:1:2:2:3，-2%/-4%/-6%/-9%/-12%补) 均价止盈2% 止损离第一笔22% 拿24h,768,71,0.83,0.79,,927,80,1.17,0.81,✔,708,77,0.7,0.83,
15分钟 扫止损收回 补仓6笔(1:1:1:2:2:3，-2%/-4%/-6%/-9%/-12%补) 均价止盈2% 止损离第一笔22% 拿72h,702,86,0.59,0.66,,872,93,1.81,0.74,✔,674,90,0.59,0.79,
15分钟 扫止损收回 补仓6笔(1:1:1:2:2:3，-2%/-4%/-6%/-9%/-12%补) 均价止盈3% 止损离第一笔15% 拿24h,751,65,0.66,0.85,,891,72,1.03,0.88,,684,71,0.74,0.78,
15分钟 扫止损收回 补仓6笔(1:1:1:2:2:3，-2%/-4%/-6%/-9%/-12%补) 均价止盈3% 止损离第一笔15% 拿72h,670,79,0.73,0.82,,796,86,1.29,0.84,✔,626,82,0.71,0.89,
15分钟 扫止损收回 补仓6笔(1:1:1:2:2:3，-2%/-4%/-6%/-9%/-12%补) 均价止盈3% 止损离第一笔18% 拿24h,750,65,0.7,0.72,,891,72,1.07,0.82,,683,71,0.78,0.86,
15分钟 扫止损收回 补仓6笔(1:1:1:2:2:3，-2%/-4%/-6%/-9%/-12%补) 均价止盈3% 止损离第一笔18% 拿72h,668,79,0.65,0.71,,792,86,1.4,0.93,✔,625,84,0.69,0.77,
15分钟 扫止损收回 补仓6笔(1:1:1:2:2:3，-2%/-4%/-6%/-9%/-12%补) 均价止盈3% 止损离第一笔22% 拿24h,750,65,0.86,0.65,,891,72,1.06,0.81,,683,71,0.7,0.86,
15分钟 扫止损收回 补仓6笔(1:1:1:2:2:3，-2%/-4%/-6%/-9%/-12%补) 均价止盈3% 止损离第一笔22% 拿72h,664,80,0.66,0.69,,790,86,1.34,0.84,✔,622,84,0.59,0.67,
15分钟 扫止损收回 补仓6笔(1:1:1:2:2:3，-2%/-4%/-6%/-9%/-12%补) 均价止盈5% 止损离第一笔15% 拿24h,732,60,0.65,0.75,,853,67,1.1,0.96,✔,657,63,0.68,0.83,
15分钟 扫止损收回 补仓6笔(1:1:1:2:2:3，-2%/-4%/-6%/-9%/-12%补) 均价止盈5% 止损离第一笔15% 拿72h,603,69,0.71,0.79,,683,76,1.26,0.87,✔,555,74,0.76,0.88,
15分钟 扫止损收回 补仓6笔(1:1:1:2:2:3，-2%/-4%/-6%/-9%/-12%补) 均价止盈5% 止损离第一笔18% 拿24h,731,60,0.69,0.71,,853,67,1.13,0.89,✔,656,64,0.72,0.83,
15分钟 扫止损收回 补仓6笔(1:1:1:2:2:3，-2%/-4%/-6%/-9%/-12%补) 均价止盈5% 止损离第一笔18% 拿72h,601,70,0.64,0.74,,681,77,1.33,0.91,✔,554,75,0.75,0.76,
15分钟 扫止损收回 补仓6笔(1:1:1:2:2:3，-2%/-4%/-6%/-9%/-12%补) 均价止盈5% 止损离第一笔22% 拿24h,731,61,0.89,0.78,,853,67,1.11,0.72,,656,64,0.67,0.85,
15分钟 扫止损收回 补仓6笔(1:1:1:2:2:3，-2%/-4%/-6%/-9%/-12%补) 均价止盈5% 止损离第一笔22% 拿72h,595,71,0.7,0.65,,679,77,1.29,0.96,✔,549,76,0.64,0.77,
15分钟 扫止损收回 补仓6笔(1:1:1:2:2:3，-2%/-4%/-6%/-9%/-12%补) 均价止盈8% 止损离第一笔15% 拿24h,723,59,0.58,1.01,,834,66,1.15,0.85,✔,642,61,0.71,0.83,
15分钟 扫止损收回 补仓6笔(1:1:1:2:2:3，-2%/-4%/-6%/-9%/-12%补) 均价止盈8% 止损离第一笔15% 拿72h,566,64,0.71,0.88,,614,71,1.21,0.85,✔,503,67,0.8,0.83,
15分钟 扫止损收回 补仓6笔(1:1:1:2:2:3，-2%/-4%/-6%/-9%/-12%补) 均价止盈8% 止损离第一笔18% 拿24h,722,59,0.58,0.82,,834,66,1.2,1.02,✔,641,62,0.76,0.97,
15分钟 扫止损收回 补仓6笔(1:1:1:2:2:3，-2%/-4%/-6%/-9%/-12%补) 均价止盈8% 止损离第一笔18% 拿72h,564,65,0.66,0.75,,613,72,1.24,0.97,✔,499,69,0.79,0.85,
15分钟 扫止损收回 补仓6笔(1:1:1:2:2:3，-2%/-4%/-6%/-9%/-12%补) 均价止盈8% 止损离第一笔22% 拿24h,722,60,0.75,0.78,,834,66,1.2,0.91,✔,641,62,0.71,0.95,
15分钟 扫止损收回 补仓6笔(1:1:1:2:2:3，-2%/-4%/-6%/-9%/-12%补) 均价止盈8% 止损离第一笔22% 拿72h,559,66,0.68,0.72,,611,72,1.25,0.91,✔,495,70,0.74,0.97,
15分钟 回踩VWAP失衡 原版止损 止盈1倍 拿2h,1238,50,0.78,0.7,,1171,51,0.76,0.72,,1283,48,0.71,0.73,
15分钟 回踩VWAP失衡 原版止损 止盈1倍 拿12h,1232,53,0.82,0.72,,1170,51,0.78,0.74,,1281,49,0.73,0.7,
15分钟 回踩VWAP失衡 原版止损 止盈2倍 拿2h,1223,38,0.82,0.75,,1148,37,0.82,0.69,,1258,35,0.77,0.71,
15分钟 回踩VWAP失衡 原版止损 止盈2倍 拿12h,1207,37,0.89,0.73,,1143,34,0.81,0.79,,1249,33,0.79,0.8,
15分钟 回踩VWAP失衡 原版止损 止盈3倍 拿2h,1215,34,0.77,0.71,,1142,33,0.81,0.72,,1243,30,0.75,0.71,
15分钟 回踩VWAP失衡 原版止损 止盈3倍 拿12h,1196,27,0.85,0.79,,1135,27,0.88,0.75,,1227,25,0.79,0.81,
15分钟 回踩VWAP失衡 止损2% 止盈不设 拿4h,1117,48,0.91,0.77,,1015,42,0.91,0.87,,1103,45,0.94,0.9,
15分钟 回踩VWAP失衡 止损2% 止盈不设 拿12h,1042,42,0.96,0.85,,941,37,0.88,0.91,,1035,39,0.93,0.88,
15分钟 回踩VWAP失衡 止损2% 止盈不设 拿24h,974,37,0.99,0.93,,889,33,0.91,0.94,,968,33,1.0,0.88,
15分钟 回踩VWAP失衡 止损2% 止盈不设 拿48h,885,31,0.93,0.97,,792,25,0.86,0.98,,875,26,0.98,0.84,
15分钟 回踩VWAP失衡 止损2% 止盈1% 拿4h,1137,58,1.02,0.86,,1042,55,0.81,0.81,,1155,58,0.92,0.92,
15分钟 回踩VWAP失衡 止损2% 止盈1% 拿12h,1097,63,0.99,0.91,,1008,61,0.79,0.86,,1134,65,0.91,0.96,
15分钟 回踩VWAP失衡 止损2% 止盈1% 拿24h,1082,66,0.98,0.91,,999,62,0.78,0.92,,1131,66,0.9,0.89,
15分钟 回踩VWAP失衡 止损2% 止盈1% 拿48h,1068,68,0.98,0.86,,992,63,0.77,0.91,,1127,67,0.92,0.89,
15分钟 回踩VWAP失衡 止损2% 止盈2% 拿4h,1124,49,0.92,0.82,,1018,45,0.82,0.86,,1115,48,0.93,0.93,
15分钟 回踩VWAP失衡 止损2% 止盈2% 拿12h,1062,49,0.97,0.91,,955,48,0.84,0.91,,1073,49,0.93,0.89,
15分钟 回踩VWAP失衡 止损2% 止盈2% 拿24h,1030,50,0.95,0.93,,938,48,0.85,0.9,,1062,49,0.91,0.94,
15分钟 回踩VWAP失衡 止损2% 止盈2% 拿48h,999,51,0.96,0.91,,922,48,0.84,0.94,,1046,50,0.92,0.9,
15分钟 回踩VWAP失衡 止损2% 止盈3% 拿4h,1117,48,0.92,0.84,,1016,43,0.85,0.86,,1108,46,0.94,0.87,
15分钟 回踩VWAP失衡 止损2% 止盈3% 拿12h,1051,45,0.96,0.9,,946,42,0.85,0.91,,1052,44,0.98,0.89,
15分钟 回踩VWAP失衡 止损2% 止盈3% 拿24h,1004,42,0.92,0.9,,922,40,0.87,0.95,,1032,42,0.97,0.94,
15分钟 回踩VWAP失衡 止损2% 止盈3% 拿48h,958,41,0.92,0.9,,895,39,0.88,0.95,,1005,41,0.94,0.94,
15分钟 回踩VWAP失衡 止损2% 止盈5% 拿4h,1117,48,0.91,0.82,,1015,43,0.89,0.87,,1104,45,0.96,0.85,
15分钟 回踩VWAP失衡 止损2% 止盈5% 拿12h,1043,42,0.94,0.84,,941,38,0.8,0.92,,1039,40,0.99,0.89,
15分钟 回踩VWAP失衡 止损2% 止盈5% 拿24h,981,39,0.92,0.88,,906,35,0.87,0.91,,1001,36,1.01,0.88,
15分钟 回踩VWAP失衡 止损2% 止盈5% 拿48h,913,34,0.9,0.83,,849,30,0.86,0.96,,955,32,0.95,0.94,
15分钟 回踩VWAP失衡 止损2% 止盈8% 拿4h,1117,48,0.92,0.81,,1015,42,0.9,0.84,,1103,45,0.95,0.9,
15分钟 回踩VWAP失衡 止损2% 止盈8% 拿12h,1042,42,0.96,0.8,,941,38,0.8,0.99,,1036,39,0.95,0.85,
15分钟 回踩VWAP失衡 止损2% 止盈8% 拿24h,976,38,0.97,0.92,,895,33,0.87,0.95,,978,34,1.02,1.0,
15分钟 回踩VWAP失衡 止损2% 止盈8% 拿48h,897,32,0.93,0.9,,818,26,0.87,0.96,,913,28,0.98,0.91,
15分钟 回踩VWAP失衡 止损3% 止盈不设 拿4h,1106,49,1.0,0.76,,1013,43,0.84,0.9,,1093,47,0.97,0.8,
15分钟 回踩VWAP失衡 止损3% 止盈不设 拿12h,1026,47,1.02,0.8,,914,41,0.85,1.02,,1008,45,0.97,0.98,
15分钟 回踩VWAP失衡 止损3% 止盈不设 拿24h,942,44,1.03,0.89,,854,39,0.85,1.05,,928,41,1.0,0.93,
15分钟 回踩VWAP失衡 止损3% 止盈不设 拿48h,824,40,0.99,0.99,,728,33,0.85,1.02,,807,32,0.95,0.93,
15分钟 回踩VWAP失衡 止损3% 止盈1% 拿4h,1127,59,1.14,0.84,✔,1040,56,0.75,0.86,,1147,60,0.92,0.89,
15分钟 回踩VWAP失衡 止损3% 止盈1% 拿12h,1087,69,1.16,0.92,✔,987,66,0.75,0.86,,1118,70,0.91,0.94,
15分钟 回踩VWAP失衡 止损3% 止盈1% 拿24h,1063,74,1.16,0.94,✔,969,68,0.75,0.92,,1106,73,0.9,0.94,
15分钟 回踩VWAP失衡 止损3% 止盈1% 拿48h,1038,78,1.15,0.88,✔,954,70,0.75,0.92,,1097,75,0.93,0.84,
15分钟 回踩VWAP失衡 止损3% 止盈2% 拿4h,1113,51,1.04,0.85,,1016,46,0.75,0.87,,1106,50,0.95,0.89,
15分钟 回踩VWAP失衡 止损3% 止盈2% 拿12h,1048,55,1.1,0.98,,931,52,0.78,0.95,,1050,55,0.97,0.9,
15分钟 回踩VWAP失衡 止损3% 止盈2% 拿24h,1004,58,1.1,0.98,,904,54,0.8,0.87,,1025,58,0.95,0.96,
15分钟 回踩VWAP失衡 止损3% 止盈2% 拿48h,959,62,1.12,0.94,✔,873,56,0.83,0.95,,994,60,0.97,0.99,
15分钟 回踩VWAP失衡 止损3% 止盈3% 拿4h,1106,50,1.0,0.84,,1014,44,0.79,0.86,,1099,47,0.94,0.84,
15分钟 回踩VWAP失衡 止损3% 止盈3% 拿12h,1035,50,1.06,0.86,,921,45,0.79,0.91,,1028,50,1.02,0.91,
15分钟 回踩VWAP失衡 止损3% 止盈3% 拿24h,974,50,1.02,0.91,,884,46,0.81,0.96,,993,50,1.0,0.93,
15分钟 回踩VWAP失衡 止损3% 止盈3% 拿48h,905,51,1.02,0.94,,831,47,0.87,0.9,,946,50,0.96,0.91,
15分钟 回踩VWAP失衡 止损3% 止盈5% 拿4h,1106,49,0.99,0.81,,1013,43,0.83,0.89,,1095,47,0.98,0.82,
15分钟 回踩VWAP失衡 止损3% 止盈5% 拿12h,1027,47,1.03,1.0,,915,42,0.77,0.95,,1013,46,1.02,0.94,
15分钟 回踩VWAP失衡 止损3% 止盈5% 拿24h,950,45,0.99,0.89,,868,41,0.82,0.97,,960,43,1.01,0.93,
15分钟 回踩VWAP失衡 止损3% 止盈5% 拿48h,857,44,1.03,0.93,,776,38,0.87,1.0,,885,40,0.96,0.92,
15分钟 回踩VWAP失衡 止损3% 止盈8% 拿4h,1106,49,1.01,0.83,,1013,43,0.83,0.82,,1094,47,0.97,0.88,
15分钟 回踩VWAP失衡 止损3% 止盈8% 拿12h,1026,47,1.04,0.92,,914,41,0.79,0.9,,1010,45,0.99,0.93,
15分钟 回踩VWAP失衡 止损3% 止盈8% 拿24h,945,45,1.03,0.93,,860,40,0.82,0.91,,940,42,1.02,0.95,
15分钟 回踩VWAP失衡 止损3% 止盈8% 拿48h,838,42,1.03,0.93,,750,34,0.87,0.92,,846,35,0.97,0.89,
15分钟 回踩VWAP失衡 止损5% 止盈不设 拿4h,1105,50,1.01,0.85,,1011,44,0.82,0.9,,1085,48,1.01,0.79,
15分钟 回踩VWAP失衡 止损5% 止盈不设 拿12h,1018,49,1.09,0.84,,908,43,0.8,0.79,,993,48,1.02,0.94,
15分钟 回踩VWAP失衡 止损5% 止盈不设 拿24h,916,48,1.1,0.99,✔,833,44,0.8,1.01,,898,47,1.06,0.99,
15分钟 回踩VWAP失衡 止损5% 止盈不设 拿48h,770,48,1.13,1.04,,678,41,0.82,1.08,,737,42,1.01,0.93,
15分钟 回踩VWAP失衡 止损5% 止盈1% 拿4h,1126,60,1.17,0.85,✔,1038,56,0.7,0.8,,1140,61,1.0,0.93,
15分钟 回踩VWAP失衡 止损5% 止盈1% 拿12h,1081,70,1.27,0.97,✔,983,68,0.7,0.95,,1106,73,0.97,1.0,
15分钟 回踩VWAP失衡 止损5% 止盈1% 拿24h,1044,77,1.28,0.96,✔,955,73,0.69,0.91,,1080,78,0.92,0.97,
15分钟 回踩VWAP失衡 止损5% 止盈1% 拿48h,1004,83,1.3,0.96,✔,923,76,0.69,0.98,,1055,82,0.95,0.94,
15分钟 回踩VWAP失衡 止损5% 止盈2% 拿4h,1112,52,1.06,0.88,,1014,46,0.72,0.87,,1098,51,1.01,0.88,
15分钟 回踩VWAP失衡 止损5% 止盈2% 拿12h,1041,56,1.19,0.95,,925,54,0.75,0.89,,1036,59,1.03,1.0,
15分钟 回踩VWAP失衡 止损5% 止盈2% 拿24h,981,62,1.19,0.91,✔,886,59,0.79,0.93,,996,64,0.95,0.93,
15分钟 回踩VWAP失衡 止损5% 止盈2% 拿48h,914,70,1.29,0.92,✔,824,64,0.81,0.9,,940,69,0.97,0.99,
15分钟 回踩VWAP失衡 止损5% 止盈3% 拿4h,1105,50,1.02,0.91,,1012,45,0.76,0.89,,1091,49,1.01,0.93,
15分钟 回踩VWAP失衡 止损5% 止盈3% 拿12h,1027,51,1.12,0.91,,915,48,0.76,1.01,,1013,53,1.07,1.04,
15分钟 回踩VWAP失衡 止损5% 止盈3% 拿24h,947,53,1.07,0.97,,862,51,0.78,0.97,,965,56,1.01,0.91,
15分钟 回踩VWAP失衡 止损5% 止盈3% 拿48h,855,59,1.17,1.01,✔,769,55,0.83,0.97,,888,60,1.0,0.95,
15分钟 回踩VWAP失衡 止损5% 止盈5% 拿4h,1105,50,1.01,0.82,,1011,44,0.8,0.85,,1087,48,1.03,0.84,
15分钟 回踩VWAP失衡 止损5% 止盈5% 拿12h,1019,49,1.1,0.92,,909,44,0.72,0.93,,998,49,1.06,0.93,
15分钟 回踩VWAP失衡 止损5% 止盈5% 拿24h,926,49,1.06,0.92,,846,46,0.77,0.93,,930,50,1.05,0.92,
15分钟 回踩VWAP失衡 止损5% 止盈5% 拿48h,804,52,1.21,0.89,✔,722,44,0.8,1.02,,814,49,1.0,1.02,
15分钟 回踩VWAP失衡 止损5% 止盈8% 拿4h,1105,50,1.02,0.83,,1011,44,0.8,0.89,,1086,48,1.01,0.84,
15分钟 回踩VWAP失衡 止损5% 止盈8% 拿12h,1018,49,1.11,0.89,,908,44,0.75,0.96,,995,49,1.02,0.94,
15分钟 回踩VWAP失衡 止损5% 止盈8% 拿24h,919,48,1.08,0.95,,838,44,0.77,0.91,,910,48,1.06,0.95,
15分钟 回踩VWAP失衡 止损5% 止盈8% 拿48h,784,50,1.19,0.98,✔,695,41,0.82,1.04,,775,45,1.02,0.96,
15分钟 回踩VWAP失衡 补仓3笔(1:1:1，-2%/-4%补) 均价止盈1% 止损离第一笔10% 拿24h,1051,84,1.37,0.81,✔,949,81,0.58,0.85,,1083,86,0.83,1.03,
15分钟 回踩VWAP失衡 补仓3笔(1:1:1，-2%/-4%补) 均价止盈1% 止损离第一笔10% 拿72h,984,92,1.32,0.91,✔,881,89,0.6,0.8,,1043,92,0.85,0.94,
15分钟 回踩VWAP失衡 补仓3笔(1:1:1，-2%/-4%补) 均价止盈1% 止损离第一笔15% 拿24h,1050,84,1.43,0.92,✔,947,81,0.61,0.78,,1082,86,0.89,0.92,
15分钟 回踩VWAP失衡 补仓3笔(1:1:1，-2%/-4%补) 均价止盈1% 止损离第一笔15% 拿72h,981,92,1.33,0.85,,865,89,0.64,0.85,,1027,93,0.88,0.91,
15分钟 回踩VWAP失衡 补仓3笔(1:1:1，-2%/-4%补) 均价止盈2% 止损离第一笔10% 拿24h,977,71,1.32,0.92,✔,869,69,0.75,0.92,,979,72,0.85,0.87,
15分钟 回踩VWAP失衡 补仓3笔(1:1:1，-2%/-4%补) 均价止盈2% 止损离第一笔10% 拿72h,862,83,1.4,0.89,✔,765,80,0.75,0.94,,893,83,0.86,1.1,
15分钟 回踩VWAP失衡 补仓3笔(1:1:1，-2%/-4%补) 均价止盈2% 止损离第一笔15% 拿24h,976,71,1.36,0.82,✔,866,69,0.74,0.91,,979,73,0.87,0.89,
15分钟 回踩VWAP失衡 补仓3笔(1:1:1，-2%/-4%补) 均价止盈2% 止损离第一笔15% 拿72h,857,84,1.38,0.87,✔,751,81,0.78,0.95,,863,84,0.84,0.96,
15分钟 回踩VWAP失衡 补仓3笔(1:1:1，-2%/-4%补) 均价止盈3% 止损离第一笔10% 拿24h,946,64,1.33,0.93,✔,845,62,0.83,0.93,,944,64,0.9,0.92,
15分钟 回踩VWAP失衡 补仓3笔(1:1:1，-2%/-4%补) 均价止盈3% 止损离第一笔10% 拿72h,789,76,1.41,0.95,✔,696,73,0.77,0.88,,808,75,0.89,1.0,
15分钟 回踩VWAP失衡 补仓3笔(1:1:1，-2%/-4%补) 均价止盈3% 止损离第一笔15% 拿24h,945,64,1.4,0.87,✔,842,62,0.84,0.85,,943,64,0.93,0.9,
15分钟 回踩VWAP失衡 补仓3笔(1:1:1，-2%/-4%补) 均价止盈3% 止损离第一笔15% 拿72h,782,76,1.46,0.92,✔,679,74,0.77,0.84,,779,76,0.9,0.89,
15分钟 回踩VWAP失衡 补仓3笔(1:1:1，-3%/-6%补) 均价止盈1% 止损离第一笔10% 拿24h,1044,81,1.32,0.89,✔,943,80,0.64,0.8,,1076,85,0.95,0.98,
15分钟 回踩VWAP失衡 补仓3笔(1:1:1，-3%/-6%补) 均价止盈1% 止损离第一笔10% 拿72h,974,92,1.42,0.92,✔,881,90,0.74,0.78,,1033,93,1.02,1.16,
15分钟 回踩VWAP失衡 补仓3笔(1:1:1，-3%/-6%补) 均价止盈1% 止损离第一笔15% 拿24h,1043,81,1.37,0.86,✔,941,80,0.66,0.75,,1075,85,1.09,0.95,
15分钟 回踩VWAP失衡 补仓3笔(1:1:1，-3%/-6%补) 均价止盈1% 止损离第一笔15% 拿72h,972,93,1.44,0.86,,866,91,0.81,0.87,,1019,94,1.14,1.02,
15分钟 回踩VWAP失衡 补仓3笔(1:1:1，-3%/-6%补) 均价止盈2% 止损离第一笔10% 拿24h,972,67,1.21,0.92,✔,866,69,0.79,0.86,,979,71,0.83,1.01,
15分钟 回踩VWAP失衡 补仓3笔(1:1:1，-3%/-6%补) 均价止盈2% 止损离第一笔10% 拿72h,849,83,1.39,0.98,✔,762,81,0.81,0.96,,885,82,0.84,0.96,
15分钟 回踩VWAP失衡 补仓3笔(1:1:1，-3%/-6%补) 均价止盈2% 止损离第一笔15% 拿24h,971,67,1.25,0.85,✔,863,69,0.77,0.83,,978,71,0.87,0.94,
15分钟 回踩VWAP失衡 补仓3笔(1:1:1，-3%/-6%补) 均价止盈2% 止损离第一笔15% 拿72h,843,84,1.38,0.81,✔,749,83,0.85,0.93,,858,84,0.82,1.01,
15分钟 回踩VWAP失衡 补仓3笔(1:1:1，-3%/-6%补) 均价止盈3% 止损离第一笔10% 拿24h,940,60,1.18,0.89,✔,843,61,0.81,0.89,,943,63,0.86,0.89,
15分钟 回踩VWAP失衡 补仓3笔(1:1:1，-3%/-6%补) 均价止盈3% 止损离第一笔10% 拿72h,774,74,1.24,0.88,✔,683,73,0.76,0.87,,803,73,0.81,0.94,
15分钟 回踩VWAP失衡 补仓3笔(1:1:1，-3%/-6%补) 均价止盈3% 止损离第一笔15% 拿24h,939,60,1.27,0.88,✔,840,61,0.82,0.89,,942,63,0.9,0.9,
15分钟 回踩VWAP失衡 补仓3笔(1:1:1，-3%/-6%补) 均价止盈3% 止损离第一笔15% 拿72h,766,75,1.32,0.88,✔,667,74,0.73,0.93,,775,75,0.85,1.0,
15分钟 回踩VWAP失衡 补仓3笔(1:1:2，-3%/-6%补) 均价止盈1% 止损离第一笔10% 拿24h,1044,82,1.31,0.98,✔,944,81,0.64,0.77,,1077,86,0.93,0.94,
15分钟 回踩VWAP失衡 补仓3笔(1:1:2，-3%/-6%补) 均价止盈1% 止损离第一笔10% 拿72h,976,93,1.47,1.04,✔,890,91,0.72,0.86,,1038,94,0.99,1.14,
15分钟 回踩VWAP失衡 补仓3笔(1:1:2，-3%/-6%补) 均价止盈1% 止损离第一笔15% 拿24h,1043,82,1.36,0.86,✔,942,81,0.67,0.72,,1076,86,1.11,1.02,
15分钟 回踩VWAP失衡 补仓3笔(1:1:2，-3%/-6%补) 均价止盈1% 止损离第一笔15% 拿72h,974,94,1.47,0.83,,873,92,0.84,0.78,,1026,95,1.11,1.03,
15分钟 回踩VWAP失衡 补仓3笔(1:1:2，-3%/-6%补) 均价止盈2% 止损离第一笔10% 拿24h,972,67,1.2,0.9,✔,867,70,0.8,0.9,,981,72,0.84,1.0,
15分钟 回踩VWAP失衡 补仓3笔(1:1:2，-3%/-6%补) 均价止盈2% 止损离第一笔10% 拿72h,852,84,1.35,0.92,✔,769,83,0.82,0.91,,891,83,0.86,1.0,
15分钟 回踩VWAP失衡 补仓3笔(1:1:2，-3%/-6%补) 均价止盈2% 止损离第一笔15% 拿24h,971,67,1.25,0.87,✔,864,70,0.78,0.86,,980,72,0.92,0.91,
15分钟 回踩VWAP失衡 补仓3笔(1:1:2，-3%/-6%补) 均价止盈2% 止损离第一笔15% 拿72h,847,85,1.32,0.89,✔,756,84,0.86,0.84,,865,85,0.86,0.88,
15分钟 回踩VWAP失衡 补仓3笔(1:1:2，-3%/-6%补) 均价止盈3% 止损离第一笔10% 拿24h,941,60,1.16,0.93,✔,844,62,0.82,0.94,,945,64,0.85,0.93,
15分钟 回踩VWAP失衡 补仓3笔(1:1:2，-3%/-6%补) 均价止盈3% 止损离第一笔10% 拿72h,776,76,1.22,0.94,✔,689,75,0.78,0.89,,806,74,0.79,1.08,
15分钟 回踩VWAP失衡 补仓3笔(1:1:2，-3%/-6%补) 均价止盈3% 止损离第一笔15% 拿24h,940,61,1.27,0.81,✔,841,62,0.83,0.94,,944,64,0.9,1.02,
15分钟 回踩VWAP失衡 补仓3笔(1:1:2，-3%/-6%补) 均价止盈3% 止损离第一笔15% 拿72h,768,77,1.31,0.86,✔,671,76,0.76,0.92,,779,76,0.84,0.93,
15分钟 回踩VWAP失衡 补仓4笔(1:1:1:1，-2%/-4%/-6%补) 均价止盈1% 止损离第一笔10% 拿24h,1051,84,1.35,0.87,✔,950,82,0.59,0.93,,1085,87,0.85,0.97,
15分钟 回踩VWAP失衡 补仓4笔(1:1:1:1，-2%/-4%/-6%补) 均价止盈1% 止损离第一笔10% 拿72h,986,92,1.28,0.86,,892,90,0.64,0.81,,1049,94,0.92,1.04,
15分钟 回踩VWAP失衡 补仓4笔(1:1:1:1，-2%/-4%/-6%补) 均价止盈1% 止损离第一笔15% 拿24h,1050,84,1.41,0.89,✔,948,82,0.62,0.9,,1084,87,0.99,1.04,
15分钟 回踩VWAP失衡 补仓4笔(1:1:1:1，-2%/-4%/-6%补) 均价止盈1% 止损离第一笔15% 拿72h,984,93,1.27,0.84,,876,92,0.71,0.84,,1035,95,0.99,0.95,
15分钟 回踩VWAP失衡 补仓4笔(1:1:1:1，-2%/-4%/-6%补) 均价止盈2% 止损离第一笔10% 拿24h,977,71,1.3,0.85,✔,870,70,0.76,0.83,,981,73,0.85,0.99,
15分钟 回踩VWAP失衡 补仓4笔(1:1:1:1，-2%/-4%/-6%补) 均价止盈2% 止损离第一笔10% 拿72h,862,84,1.4,0.92,✔,773,82,0.79,1.0,,896,84,0.86,0.93,
15分钟 回踩VWAP失衡 补仓4笔(1:1:1:1，-2%/-4%/-6%补) 均价止盈2% 止损离第一笔15% 拿24h,976,71,1.35,0.86,✔,867,70,0.74,0.86,,981,73,0.88,0.95,
15分钟 回踩VWAP失衡 补仓4笔(1:1:1:1，-2%/-4%/-6%补) 均价止盈2% 止损离第一笔15% 拿72h,857,85,1.37,0.88,✔,759,84,0.83,0.91,,870,86,0.83,0.91,
15分钟 回踩VWAP失衡 补仓4笔(1:1:1:1，-2%/-4%/-6%补) 均价止盈3% 止损离第一笔10% 拿24h,946,64,1.33,0.84,✔,845,63,0.83,0.93,,944,65,0.88,0.99,
15分钟 回踩VWAP失衡 补仓4笔(1:1:1:1，-2%/-4%/-6%补) 均价止盈3% 止损离第一笔10% 拿72h,789,77,1.39,0.94,✔,699,75,0.77,0.84,,811,76,0.84,0.86,
15分钟 回踩VWAP失衡 补仓4笔(1:1:1:1，-2%/-4%/-6%补) 均价止盈3% 止损离第一笔15% 拿24h,945,64,1.41,0.97,✔,842,63,0.84,0.92,,943,65,0.92,1.03,
15分钟 回踩VWAP失衡 补仓4笔(1:1:1:1，-2%/-4%/-6%补) 均价止盈3% 止损离第一笔15% 拿72h,782,77,1.44,0.95,✔,683,77,0.78,0.94,,781,78,0.86,1.0,
15分钟 回踩VWAP失衡 补仓5笔(1:1:1:1:1，-2%/-4%/-6%/-8%补) 均价止盈1% 止损离第一笔11% 拿24h,1051,84,1.3,0.91,,949,83,0.62,0.77,,1085,87,0.91,0.98,
15分钟 回踩VWAP失衡 补仓5笔(1:1:1:1:1，-2%/-4%/-6%/-8%补) 均价止盈1% 止损离第一笔11% 拿72h,985,93,1.32,0.96,,884,92,0.7,0.91,,1046,95,1.05,0.93,
15分钟 回踩VWAP失衡 补仓5笔(1:1:1:1:1，-2%/-4%/-6%/-8%补) 均价止盈1% 止损离第一笔14% 拿24h,1050,84,1.4,0.97,✔,949,83,0.63,0.76,,1085,87,0.98,0.98,
15分钟 回踩VWAP失衡 补仓5笔(1:1:1:1:1，-2%/-4%/-6%/-8%补) 均价止盈1% 止损离第一笔14% 拿72h,984,93,1.34,0.81,,876,92,0.72,0.97,,1043,95,1.09,0.96,
15分钟 回踩VWAP失衡 补仓5笔(1:1:1:1:1，-2%/-4%/-6%/-8%补) 均价止盈1% 止损离第一笔18% 拿24h,1050,84,1.39,0.82,,949,83,0.6,0.76,,1084,87,1.04,1.0,
15分钟 回踩VWAP失衡 补仓5笔(1:1:1:1:1，-2%/-4%/-6%/-8%补) 均价止盈1% 止损离第一笔18% 拿72h,983,93,1.08,0.8,,875,92,0.74,0.78,,1039,95,1.17,1.01,
15分钟 回踩VWAP失衡 补仓5笔(1:1:1:1:1，-2%/-4%/-6%/-8%补) 均价止盈2% 止损离第一笔11% 拿24h,977,71,1.29,0.92,✔,868,70,0.77,0.82,,981,74,0.89,1.04,
15分钟 回踩VWAP失衡 补仓5笔(1:1:1:1:1，-2%/-4%/-6%/-8%补) 均价止盈2% 止损离第一笔11% 拿72h,861,85,1.37,0.89,✔,768,85,0.92,0.88,,884,86,0.89,0.94,
15分钟 回踩VWAP失衡 补仓5笔(1:1:1:1:1，-2%/-4%/-6%/-8%补) 均价止盈2% 止损离第一笔14% 拿24h,976,71,1.35,0.91,✔,867,70,0.75,0.91,,981,74,0.91,0.95,
15分钟 回踩VWAP失衡 补仓5笔(1:1:1:1:1，-2%/-4%/-6%/-8%补) 均价止盈2% 止损离第一笔14% 拿72h,860,85,1.37,0.82,✔,764,85,0.88,0.89,,875,87,0.86,0.89,
15分钟 回踩VWAP失衡 补仓5笔(1:1:1:1:1，-2%/-4%/-6%/-8%补) 均价止盈2% 止损离第一笔18% 拿24h,976,71,1.32,0.84,✔,867,70,0.71,0.83,,980,74,0.9,1.03,
15分钟 回踩VWAP失衡 补仓5笔(1:1:1:1:1，-2%/-4%/-6%/-8%补) 均价止盈2% 止损离第一笔18% 拿72h,858,85,1.22,0.82,✔,761,85,0.89,0.91,,869,87,0.85,0.93,
15分钟 回踩VWAP失衡 补仓5笔(1:1:1:1:1，-2%/-4%/-6%/-8%补) 均价止盈3% 止损离第一笔11% 拿24h,946,64,1.32,0.92,✔,843,63,0.85,0.82,,944,65,0.91,0.87,
15分钟 回踩VWAP失衡 补仓5笔(1:1:1:1:1，-2%/-4%/-6%/-8%补) 均价止盈3% 止损离第一笔11% 拿72h,787,78,1.47,0.9,✔,693,77,0.83,0.91,,795,77,0.85,1.0,
15分钟 回踩VWAP失衡 补仓5笔(1:1:1:1:1，-2%/-4%/-6%/-8%补) 均价止盈3% 止损离第一笔14% 拿24h,945,64,1.42,0.87,✔,842,64,0.84,0.83,,943,65,0.91,0.9,
15分钟 回踩VWAP失衡 补仓5笔(1:1:1:1:1，-2%/-4%/-6%/-8%补) 均价止盈3% 止损离第一笔14% 拿72h,784,78,1.52,0.98,✔,687,77,0.78,0.88,,783,78,0.88,0.99,
15分钟 回踩VWAP失衡 补仓5笔(1:1:1:1:1，-2%/-4%/-6%/-8%补) 均价止盈3% 止损离第一笔18% 拿24h,945,64,1.39,0.98,✔,842,64,0.83,0.94,,943,65,0.91,1.02,
15分钟 回踩VWAP失衡 补仓5笔(1:1:1:1:1，-2%/-4%/-6%/-8%补) 均价止盈3% 止损离第一笔18% 拿72h,782,78,1.36,0.87,✔,681,78,0.78,0.99,,774,79,0.93,1.0,
15分钟 回踩VWAP失衡 补仓5笔(1:1:1:1:1，-2%/-4%/-6%/-8%补) 均价止盈5% 止损离第一笔11% 拿24h,917,59,1.15,0.96,✔,823,57,0.8,0.89,,911,59,0.96,0.89,
15分钟 回踩VWAP失衡 补仓5笔(1:1:1:1:1，-2%/-4%/-6%/-8%补) 均价止盈5% 止损离第一笔11% 拿72h,703,68,1.24,0.91,✔,597,63,0.73,0.86,,710,68,0.91,1.02,
15分钟 回踩VWAP失衡 补仓5笔(1:1:1:1:1，-2%/-4%/-6%/-8%补) 均价止盈5% 止损离第一笔14% 拿24h,916,59,1.24,0.84,✔,822,57,0.79,0.88,,910,59,0.94,1.04,
15分钟 回踩VWAP失衡 补仓5笔(1:1:1:1:1，-2%/-4%/-6%/-8%补) 均价止盈5% 止损离第一笔14% 拿72h,699,69,1.24,1.01,✔,592,65,0.74,0.93,,704,70,0.9,0.88,
15分钟 回踩VWAP失衡 补仓5笔(1:1:1:1:1，-2%/-4%/-6%/-8%补) 均价止盈5% 止损离第一笔18% 拿24h,916,59,1.21,0.93,✔,822,57,0.77,0.95,,909,59,0.94,0.93,
15分钟 回踩VWAP失衡 补仓5笔(1:1:1:1:1，-2%/-4%/-6%/-8%补) 均价止盈5% 止损离第一笔18% 拿72h,694,69,1.19,0.96,✔,588,64,0.71,0.79,,696,71,0.92,1.02,
15分钟 回踩VWAP失衡 补仓5笔(1:1:1:1:1，-2%/-4%/-6%/-8%补) 均价止盈8% 止损离第一笔11% 拿24h,907,58,1.18,0.86,✔,813,56,0.78,0.89,,892,58,0.94,0.94,
15分钟 回踩VWAP失衡 补仓5笔(1:1:1:1:1，-2%/-4%/-6%/-8%补) 均价止盈8% 止损离第一笔11% 拿72h,660,65,1.34,0.91,✔,552,60,0.8,0.99,,652,63,0.94,0.86,
15分钟 回踩VWAP失衡 补仓5笔(1:1:1:1:1，-2%/-4%/-6%/-8%补) 均价止盈8% 止损离第一笔14% 拿24h,906,58,1.26,0.88,✔,812,56,0.79,0.92,,890,58,0.92,0.88,
15分钟 回踩VWAP失衡 补仓5笔(1:1:1:1:1，-2%/-4%/-6%/-8%补) 均价止盈8% 止损离第一笔14% 拿72h,656,66,1.34,0.91,✔,547,61,0.83,0.87,,644,65,0.9,0.97,
15分钟 回踩VWAP失衡 补仓5笔(1:1:1:1:1，-2%/-4%/-6%/-8%补) 均价止盈8% 止损离第一笔18% 拿24h,906,58,1.23,0.9,✔,812,56,0.77,0.9,,889,57,0.93,0.9,
15分钟 回踩VWAP失衡 补仓5笔(1:1:1:1:1，-2%/-4%/-6%/-8%补) 均价止盈8% 止损离第一笔18% 拿72h,651,66,1.29,0.84,✔,544,61,0.81,0.82,,639,65,0.9,0.93,
15分钟 回踩VWAP失衡 补仓6笔(1:1:1:1:1:1，-1.5%/-3%/-4.5%/-6%/-7.5%补) 均价止盈1% 止损离第一笔10.5% 拿24h,1057,85,1.26,0.88,,953,84,0.56,0.86,,1089,89,0.94,0.93,
15分钟 回踩VWAP失衡 补仓6笔(1:1:1:1:1:1，-1.5%/-3%/-4.5%/-6%/-7.5%补) 均价止盈1% 止损离第一笔10.5% 拿72h,992,94,1.31,1.13,,901,92,0.63,0.68,,1057,95,1.03,0.99,
15分钟 回踩VWAP失衡 补仓6笔(1:1:1:1:1:1，-1.5%/-3%/-4.5%/-6%/-7.5%补) 均价止盈1% 止损离第一笔13.5% 拿24h,1057,85,1.32,1.02,,953,84,0.6,0.78,,1089,89,1.07,0.98,
15分钟 回踩VWAP失衡 补仓6笔(1:1:1:1:1:1，-1.5%/-3%/-4.5%/-6%/-7.5%补) 均价止盈1% 止损离第一笔13.5% 拿72h,992,94,1.39,0.77,,890,93,0.71,0.87,,1048,96,1.19,0.9,
15分钟 回踩VWAP失衡 补仓6笔(1:1:1:1:1:1，-1.5%/-3%/-4.5%/-6%/-7.5%补) 均价止盈1% 止损离第一笔17.5% 拿24h,1056,85,1.32,0.86,,953,84,0.57,0.92,,1088,89,1.1,0.97,
15分钟 回踩VWAP失衡 补仓6笔(1:1:1:1:1:1，-1.5%/-3%/-4.5%/-6%/-7.5%补) 均价止盈1% 止损离第一笔17.5% 拿72h,990,94,1.12,0.89,,887,93,0.72,0.78,,1044,96,1.14,0.98,
15分钟 回踩VWAP失衡 补仓6笔(1:1:1:1:1:1，-1.5%/-3%/-4.5%/-6%/-7.5%补) 均价止盈2% 止损离第一笔10.5% 拿24h,981,72,1.28,0.99,✔,872,72,0.75,0.81,,987,76,0.85,1.08,
15分钟 回踩VWAP失衡 补仓6笔(1:1:1:1:1:1，-1.5%/-3%/-4.5%/-6%/-7.5%补) 均价止盈2% 止损离第一笔10.5% 拿72h,868,86,1.47,0.91,✔,781,85,0.86,0.9,,907,86,0.91,1.04,
15分钟 回踩VWAP失衡 补仓6笔(1:1:1:1:1:1，-1.5%/-3%/-4.5%/-6%/-7.5%补) 均价止盈2% 止损离第一笔13.5% 拿24h,981,72,1.31,0.81,✔,872,72,0.76,0.85,,986,76,0.91,0.95,
15分钟 回踩VWAP失衡 补仓6笔(1:1:1:1:1:1，-1.5%/-3%/-4.5%/-6%/-7.5%补) 均价止盈2% 止损离第一笔13.5% 拿72h,868,87,1.5,0.89,✔,773,86,0.85,0.86,,891,87,0.91,0.93,
15分钟 回踩VWAP失衡 补仓6笔(1:1:1:1:1:1，-1.5%/-3%/-4.5%/-6%/-7.5%补) 均价止盈2% 止损离第一笔17.5% 拿24h,980,72,1.29,0.77,✔,872,72,0.72,0.98,,985,76,0.89,1.03,
15分钟 回踩VWAP失衡 补仓6笔(1:1:1:1:1:1，-1.5%/-3%/-4.5%/-6%/-7.5%补) 均价止盈2% 止损离第一笔17.5% 拿72h,865,87,1.35,0.96,✔,769,86,0.86,0.79,,886,88,0.87,0.85,
15分钟 回踩VWAP失衡 补仓6笔(1:1:1:1:1:1，-1.5%/-3%/-4.5%/-6%/-7.5%补) 均价止盈3% 止损离第一笔10.5% 拿24h,946,65,1.3,0.98,✔,844,64,0.79,0.92,,946,67,0.8,0.93,
15分钟 回踩VWAP失衡 补仓6笔(1:1:1:1:1:1，-1.5%/-3%/-4.5%/-6%/-7.5%补) 均价止盈3% 止损离第一笔10.5% 拿72h,789,79,1.37,1.01,✔,698,77,0.76,1.03,,806,77,0.78,1.03,
15分钟 回踩VWAP失衡 补仓6笔(1:1:1:1:1:1，-1.5%/-3%/-4.5%/-6%/-7.5%补) 均价止盈3% 止损离第一笔13.5% 拿24h,946,65,1.36,0.85,✔,843,64,0.81,0.91,,945,67,0.85,1.0,
15分钟 回踩VWAP失衡 补仓6笔(1:1:1:1:1:1，-1.5%/-3%/-4.5%/-6%/-7.5%补) 均价止盈3% 止损离第一笔13.5% 拿72h,785,79,1.44,0.86,✔,689,78,0.71,0.9,,787,79,0.82,0.9,
15分钟 回踩VWAP失衡 补仓6笔(1:1:1:1:1:1，-1.5%/-3%/-4.5%/-6%/-7.5%补) 均价止盈3% 止损离第一笔17.5% 拿24h,945,65,1.32,0.82,✔,843,64,0.8,0.85,,945,67,0.85,0.94,
15分钟 回踩VWAP失衡 补仓6笔(1:1:1:1:1:1，-1.5%/-3%/-4.5%/-6%/-7.5%补) 均价止盈3% 止损离第一笔17.5% 拿72h,782,79,1.29,0.91,✔,681,78,0.73,0.91,,778,79,0.87,0.86,
15分钟 回踩VWAP失衡 补仓6笔(1:1:1:1:1:1，-1.5%/-3%/-4.5%/-6%/-7.5%补) 均价止盈5% 止损离第一笔10.5% 拿24h,918,60,1.19,0.95,✔,825,58,0.78,0.9,,910,62,0.89,1.05,
15分钟 回踩VWAP失衡 补仓6笔(1:1:1:1:1:1，-1.5%/-3%/-4.5%/-6%/-7.5%补) 均价止盈5% 止损离第一笔10.5% 拿72h,709,70,1.19,0.93,✔,605,64,0.73,0.96,,716,68,0.88,0.96,
15分钟 回踩VWAP失衡 补仓6笔(1:1:1:1:1:1，-1.5%/-3%/-4.5%/-6%/-7.5%补) 均价止盈5% 止损离第一笔13.5% 拿24h,918,61,1.26,0.83,✔,824,59,0.81,0.79,,909,62,0.93,0.9,
15分钟 回踩VWAP失衡 补仓6笔(1:1:1:1:1:1，-1.5%/-3%/-4.5%/-6%/-7.5%补) 均价止盈5% 止损离第一笔13.5% 拿72h,704,71,1.28,0.83,✔,598,65,0.73,0.94,,704,70,0.88,1.03,
15分钟 回踩VWAP失衡 补仓6笔(1:1:1:1:1:1，-1.5%/-3%/-4.5%/-6%/-7.5%补) 均价止盈5% 止损离第一笔17.5% 拿24h,917,61,1.23,0.75,✔,824,59,0.79,0.86,,908,62,0.93,1.04,
15分钟 回踩VWAP失衡 补仓6笔(1:1:1:1:1:1，-1.5%/-3%/-4.5%/-6%/-7.5%补) 均价止盈5% 止损离第一笔17.5% 拿72h,698,71,1.22,0.89,✔,592,66,0.73,0.83,,696,71,0.9,0.94,
15分钟 回踩VWAP失衡 补仓6笔(1:1:1:1:1:1，-1.5%/-3%/-4.5%/-6%/-7.5%补) 均价止盈8% 止损离第一笔10.5% 拿24h,907,59,1.18,0.94,✔,813,57,0.73,0.86,,892,60,0.88,0.98,
15分钟 回踩VWAP失衡 补仓6笔(1:1:1:1:1:1，-1.5%/-3%/-4.5%/-6%/-7.5%补) 均价止盈8% 止损离第一笔10.5% 拿72h,661,67,1.27,0.91,✔,554,61,0.79,0.84,,658,64,0.95,0.99,
15分钟 回踩VWAP失衡 补仓6笔(1:1:1:1:1:1，-1.5%/-3%/-4.5%/-6%/-7.5%补) 均价止盈8% 止损离第一笔13.5% 拿24h,907,60,1.24,0.95,✔,812,57,0.77,0.94,,890,60,0.92,0.89,
15分钟 回踩VWAP失衡 补仓6笔(1:1:1:1:1:1，-1.5%/-3%/-4.5%/-6%/-7.5%补) 均价止盈8% 止损离第一笔13.5% 拿72h,656,68,1.35,0.92,✔,547,61,0.82,0.85,,646,66,0.93,0.94,
15分钟 回踩VWAP失衡 补仓6笔(1:1:1:1:1:1，-1.5%/-3%/-4.5%/-6%/-7.5%补) 均价止盈8% 止损离第一笔17.5% 拿24h,906,59,1.21,1.0,✔,812,57,0.75,0.81,,889,60,0.92,0.98,
15分钟 回踩VWAP失衡 补仓6笔(1:1:1:1:1:1，-1.5%/-3%/-4.5%/-6%/-7.5%补) 均价止盈8% 止损离第一笔17.5% 拿72h,650,68,1.28,0.77,✔,543,62,0.82,0.93,,641,66,0.92,0.99,
15分钟 回踩VWAP失衡 补仓5笔(1:1:2:2:4，-2%/-4%/-6%/-8%补) 均价止盈1% 止损离第一笔11% 拿24h,1051,85,1.18,0.98,,953,84,0.61,0.76,,1089,89,0.93,0.86,
15分钟 回踩VWAP失衡 补仓5笔(1:1:2:2:4，-2%/-4%/-6%/-8%补) 均价止盈1% 止损离第一笔11% 拿72h,991,94,1.43,0.97,,899,93,0.78,0.75,,1060,96,1.17,1.18,
15分钟 回踩VWAP失衡 补仓5笔(1:1:2:2:4，-2%/-4%/-6%/-8%补) 均价止盈1% 止损离第一笔14% 拿24h,1050,85,1.34,0.92,,953,84,0.61,0.7,,1089,89,1.04,1.14,
15分钟 回踩VWAP失衡 补仓5笔(1:1:2:2:4，-2%/-4%/-6%/-8%补) 均价止盈1% 止损离第一笔14% 拿72h,990,95,1.46,0.84,,893,94,0.82,0.94,,1057,96,1.18,1.02,
15分钟 回踩VWAP失衡 补仓5笔(1:1:2:2:4，-2%/-4%/-6%/-8%补) 均价止盈1% 止损离第一笔18% 拿24h,1050,85,1.31,0.8,,953,84,0.55,0.8,,1089,89,1.15,0.83,✔
15分钟 回踩VWAP失衡 补仓5笔(1:1:2:2:4，-2%/-4%/-6%/-8%补) 均价止盈1% 止损离第一笔18% 拿72h,989,95,1.1,0.9,,893,94,0.83,0.75,,1055,97,1.32,1.03,✔
15分钟 回踩VWAP失衡 补仓5笔(1:1:2:2:4，-2%/-4%/-6%/-8%补) 均价止盈2% 止损离第一笔11% 拿24h,981,72,1.27,0.9,✔,871,72,0.79,0.78,,987,77,0.95,0.96,
15分钟 回踩VWAP失衡 补仓5笔(1:1:2:2:4，-2%/-4%/-6%/-8%补) 均价止盈2% 止损离第一笔11% 拿72h,872,87,1.3,0.82,✔,783,87,0.96,0.9,,906,88,0.95,0.98,
15分钟 回踩VWAP失衡 补仓5笔(1:1:2:2:4，-2%/-4%/-6%/-8%补) 均价止盈2% 止损离第一笔14% 拿24h,980,73,1.36,0.98,✔,870,72,0.75,0.7,,987,77,1.0,1.03,
15分钟 回踩VWAP失衡 补仓5笔(1:1:2:2:4，-2%/-4%/-6%/-8%补) 均价止盈2% 止损离第一笔14% 拿72h,871,87,1.34,0.96,✔,778,88,0.98,1.04,,898,90,1.02,0.89,
15分钟 回踩VWAP失衡 补仓5笔(1:1:2:2:4，-2%/-4%/-6%/-8%补) 均价止盈2% 止损离第一笔18% 拿24h,980,73,1.31,0.88,✔,870,72,0.69,0.95,,986,77,1.0,1.06,
15分钟 回踩VWAP失衡 补仓5笔(1:1:2:2:4，-2%/-4%/-6%/-8%补) 均价止盈2% 止损离第一笔18% 拿72h,870,87,1.17,0.86,,776,89,1.01,0.9,,892,90,0.94,1.03,
15分钟 回踩VWAP失衡 补仓5笔(1:1:2:2:4，-2%/-4%/-6%/-8%补) 均价止盈3% 止损离第一笔11% 拿24h,946,65,1.26,0.93,✔,844,65,0.86,0.81,,946,69,0.94,0.98,
15分钟 回踩VWAP失衡 补仓5笔(1:1:2:2:4，-2%/-4%/-6%/-8%补) 均价止盈3% 止损离第一笔11% 拿72h,792,81,1.45,0.93,✔,702,80,0.9,1.01,,807,80,0.87,1.12,
15分钟 回踩VWAP失衡 补仓5笔(1:1:2:2:4，-2%/-4%/-6%/-8%补) 均价止盈3% 止损离第一笔14% 拿24h,945,65,1.4,0.88,✔,843,65,0.84,0.88,,946,69,0.99,0.91,
15分钟 回踩VWAP失衡 补仓5笔(1:1:2:2:4，-2%/-4%/-6%/-8%补) 均价止盈3% 止损离第一笔14% 拿72h,790,81,1.49,0.89,✔,696,81,0.85,0.91,,797,82,0.92,0.91,
15分钟 回踩VWAP失衡 补仓5笔(1:1:2:2:4，-2%/-4%/-6%/-8%补) 均价止盈3% 止损离第一笔18% 拿24h,945,65,1.36,0.77,✔,843,65,0.82,0.76,,946,69,0.98,1.0,
15分钟 回踩VWAP失衡 补仓5笔(1:1:2:2:4，-2%/-4%/-6%/-8%补) 均价止盈3% 止损离第一笔18% 拿72h,788,81,1.3,0.69,✔,690,81,0.83,0.93,,792,82,0.93,1.11,
15分钟 回踩VWAP失衡 补仓5笔(1:1:2:2:4，-2%/-4%/-6%/-8%补) 均价止盈5% 止损离第一笔11% 拿24h,918,61,1.13,0.88,✔,823,59,0.81,0.89,,913,63,0.92,0.97,
15分钟 回踩VWAP失衡 补仓5笔(1:1:2:2:4，-2%/-4%/-6%/-8%补) 均价止盈5% 止损离第一笔11% 拿72h,706,72,1.21,0.89,✔,603,67,0.74,0.9,,714,71,0.86,1.0,
15分钟 回踩VWAP失衡 补仓5笔(1:1:2:2:4，-2%/-4%/-6%/-8%补) 均价止盈5% 止损离第一笔14% 拿24h,917,61,1.27,0.9,✔,822,59,0.8,0.8,,912,63,0.9,0.95,
15分钟 回踩VWAP失衡 补仓5笔(1:1:2:2:4，-2%/-4%/-6%/-8%补) 均价止盈5% 止损离第一笔14% 拿72h,702,72,1.21,0.95,✔,598,68,0.73,0.91,,707,73,0.87,0.96,
15分钟 回踩VWAP失衡 补仓5笔(1:1:2:2:4，-2%/-4%/-6%/-8%补) 均价止盈5% 止损离第一笔18% 拿24h,917,61,1.22,0.82,✔,822,59,0.77,0.86,,911,63,0.9,0.91,
15分钟 回踩VWAP失衡 补仓5笔(1:1:2:2:4，-2%/-4%/-6%/-8%补) 均价止盈5% 止损离第一笔18% 拿72h,697,72,1.14,0.72,✔,593,68,0.69,0.93,,699,73,0.88,0.97,
15分钟 回踩VWAP失衡 补仓5笔(1:1:2:2:4，-2%/-4%/-6%/-8%补) 均价止盈8% 止损离第一笔11% 拿24h,907,60,1.14,0.76,,813,58,0.83,0.85,,892,61,0.91,0.91,
15分钟 回踩VWAP失衡 补仓5笔(1:1:2:2:4，-2%/-4%/-6%/-8%补) 均价止盈8% 止损离第一笔11% 拿72h,660,68,1.29,0.86,✔,553,63,0.78,0.89,,655,66,0.9,0.87,
15分钟 回踩VWAP失衡 补仓5笔(1:1:2:2:4，-2%/-4%/-6%/-8%补) 均价止盈8% 止损离第一笔14% 拿24h,906,60,1.31,0.9,✔,812,58,0.83,0.93,,891,61,0.89,0.92,
15分钟 回踩VWAP失衡 补仓5笔(1:1:2:2:4，-2%/-4%/-6%/-8%补) 均价止盈8% 止损离第一笔14% 拿72h,656,69,1.28,0.92,✔,548,65,0.83,0.95,,649,68,0.85,0.98,
15分钟 回踩VWAP失衡 补仓5笔(1:1:2:2:4，-2%/-4%/-6%/-8%补) 均价止盈8% 止损离第一笔18% 拿24h,906,60,1.25,0.82,✔,812,58,0.81,0.94,,890,61,0.89,0.93,
15分钟 回踩VWAP失衡 补仓5笔(1:1:2:2:4，-2%/-4%/-6%/-8%补) 均价止盈8% 止损离第一笔18% 拿72h,651,69,1.22,0.77,✔,545,66,0.8,0.87,,643,69,0.86,0.89,
15分钟 回踩VWAP失衡 补仓8笔(1:1:1:1:1:1:1:1，-1%/-2%/-3%/-4%/-5%/-6%/-7%补) 均价止盈1% 止损离第一笔10% 拿24h,1061,87,1.27,0.86,,971,84,0.52,0.69,,1102,89,0.81,0.89,
15分钟 回踩VWAP失衡 补仓8笔(1:1:1:1:1:1:1:1，-1%/-2%/-3%/-4%/-5%/-6%/-7%补) 均价止盈1% 止损离第一笔10% 拿72h,1003,94,1.31,0.86,✔,924,92,0.6,0.81,,1074,95,0.88,1.27,
15分钟 回踩VWAP失衡 补仓8笔(1:1:1:1:1:1:1:1，-1%/-2%/-3%/-4%/-5%/-6%/-7%补) 均价止盈1% 止损离第一笔13% 拿24h,1061,87,1.35,0.92,,969,85,0.57,0.66,,1101,90,0.93,0.87,
15分钟 回踩VWAP失衡 补仓8笔(1:1:1:1:1:1:1:1，-1%/-2%/-3%/-4%/-5%/-6%/-7%补) 均价止盈1% 止损离第一笔13% 拿72h,1002,95,1.51,0.85,,911,93,0.72,0.88,,1061,96,1.03,0.92,
15分钟 回踩VWAP失衡 补仓8笔(1:1:1:1:1:1:1:1，-1%/-2%/-3%/-4%/-5%/-6%/-7%补) 均价止盈1% 止损离第一笔17% 拿24h,1060,87,1.32,0.78,,969,85,0.55,0.82,,1100,90,0.96,1.09,
15分钟 回踩VWAP失衡 补仓8笔(1:1:1:1:1:1:1:1，-1%/-2%/-3%/-4%/-5%/-6%/-7%补) 均价止盈1% 止损离第一笔17% 拿72h,1001,95,1.22,0.88,,905,93,0.77,0.86,,1057,96,0.99,0.88,
15分钟 回踩VWAP失衡 补仓8笔(1:1:1:1:1:1:1:1，-1%/-2%/-3%/-4%/-5%/-6%/-7%补) 均价止盈2% 止损离第一笔10% 拿24h,982,75,1.31,0.91,✔,880,74,0.76,0.9,,987,77,0.81,0.98,
15分钟 回踩VWAP失衡 补仓8笔(1:1:1:1:1:1:1:1，-1%/-2%/-3%/-4%/-5%/-6%/-7%补) 均价止盈2% 止损离第一笔10% 拿72h,875,88,1.36,1.01,✔,791,85,0.81,0.95,,922,86,0.86,1.06,
15分钟 回踩VWAP失衡 补仓8笔(1:1:1:1:1:1:1:1，-1%/-2%/-3%/-4%/-5%/-6%/-7%补) 均价止盈2% 止损离第一笔13% 拿24h,982,75,1.39,0.88,✔,878,74,0.78,0.82,,986,77,0.86,1.03,
15分钟 回踩VWAP失衡 补仓8笔(1:1:1:1:1:1:1:1，-1%/-2%/-3%/-4%/-5%/-6%/-7%补) 均价止盈2% 止损离第一笔13% 拿72h,872,88,1.44,0.92,✔,779,87,0.92,0.93,,897,88,0.89,1.04,
15分钟 回踩VWAP失衡 补仓8笔(1:1:1:1:1:1:1:1，-1%/-2%/-3%/-4%/-5%/-6%/-7%补) 均价止盈2% 止损离第一笔17% 拿24h,981,75,1.4,0.89,✔,878,74,0.74,0.8,,985,77,0.85,0.94,
15分钟 回踩VWAP失衡 补仓8笔(1:1:1:1:1:1:1:1，-1%/-2%/-3%/-4%/-5%/-6%/-7%补) 均价止盈2% 止损离第一笔17% 拿72h,870,88,1.31,0.83,✔,776,87,0.91,0.84,,893,88,0.85,0.9,
15分钟 回踩VWAP失衡 补仓8笔(1:1:1:1:1:1:1:1，-1%/-2%/-3%/-4%/-5%/-6%/-7%补) 均价止盈3% 止损离第一笔10% 拿24h,951,68,1.33,0.9,✔,846,66,0.81,0.84,,948,69,0.84,1.04,
15分钟 回踩VWAP失衡 补仓8笔(1:1:1:1:1:1:1:1，-1%/-2%/-3%/-4%/-5%/-6%/-7%补) 均价止盈3% 止损离第一笔10% 拿72h,793,79,1.3,0.92,✔,710,78,0.78,0.91,,820,78,0.81,1.01,
15分钟 回踩VWAP失衡 补仓8笔(1:1:1:1:1:1:1:1，-1%/-2%/-3%/-4%/-5%/-6%/-7%补) 均价止盈3% 止损离第一笔13% 拿24h,951,69,1.44,1.04,✔,844,66,0.82,0.9,,947,69,0.87,0.99,
15分钟 回踩VWAP失衡 补仓8笔(1:1:1:1:1:1:1:1，-1%/-2%/-3%/-4%/-5%/-6%/-7%补) 均价止盈3% 止损离第一笔13% 拿72h,788,80,1.4,0.98,✔,698,80,0.8,0.88,,792,79,0.84,1.01,
15分钟 回踩VWAP失衡 补仓8笔(1:1:1:1:1:1:1:1，-1%/-2%/-3%/-4%/-5%/-6%/-7%补) 均价止盈3% 止损离第一笔17% 拿24h,950,69,1.42,0.96,✔,843,66,0.81,0.87,,947,69,0.86,0.98,
15分钟 回踩VWAP失衡 补仓8笔(1:1:1:1:1:1:1:1，-1%/-2%/-3%/-4%/-5%/-6%/-7%补) 均价止盈3% 止损离第一笔17% 拿72h,785,80,1.29,0.92,✔,692,80,0.82,0.86,,785,80,0.84,1.01,
15分钟 回踩VWAP失衡 补仓8笔(1:1:1:1:1:1:1:1，-1%/-2%/-3%/-4%/-5%/-6%/-7%补) 均价止盈5% 止损离第一笔10% 拿24h,918,63,1.14,0.91,✔,825,61,0.77,0.86,,911,63,0.89,0.9,
15分钟 回踩VWAP失衡 补仓8笔(1:1:1:1:1:1:1:1，-1%/-2%/-3%/-4%/-5%/-6%/-7%补) 均价止盈5% 止损离第一笔10% 拿72h,715,70,1.14,0.86,✔,608,65,0.72,0.96,,730,68,0.85,0.88,
15分钟 回踩VWAP失衡 补仓8笔(1:1:1:1:1:1:1:1，-1%/-2%/-3%/-4%/-5%/-6%/-7%补) 均价止盈5% 止损离第一笔13% 拿24h,918,63,1.19,0.76,✔,823,61,0.79,0.89,,910,64,0.92,0.9,
15分钟 回踩VWAP失衡 补仓8笔(1:1:1:1:1:1:1:1，-1%/-2%/-3%/-4%/-5%/-6%/-7%补) 均价止盈5% 止损离第一笔13% 拿72h,707,72,1.24,0.88,✔,597,66,0.73,0.82,,708,70,0.89,0.95,
15分钟 回踩VWAP失衡 补仓8笔(1:1:1:1:1:1:1:1，-1%/-2%/-3%/-4%/-5%/-6%/-7%补) 均价止盈5% 止损离第一笔17% 拿24h,917,63,1.22,0.86,✔,822,61,0.78,0.93,,909,63,0.9,0.99,
15分钟 回踩VWAP失衡 补仓8笔(1:1:1:1:1:1:1:1，-1%/-2%/-3%/-4%/-5%/-6%/-7%补) 均价止盈5% 止损离第一笔17% 拿72h,701,72,1.17,0.85,✔,591,66,0.72,0.92,,700,71,0.88,0.98,
15分钟 回踩VWAP失衡 补仓8笔(1:1:1:1:1:1:1:1，-1%/-2%/-3%/-4%/-5%/-6%/-7%补) 均价止盈8% 止损离第一笔10% 拿24h,907,63,1.16,0.97,✔,815,59,0.73,0.9,,892,62,0.91,0.89,
15分钟 回踩VWAP失衡 补仓8笔(1:1:1:1:1:1:1:1，-1%/-2%/-3%/-4%/-5%/-6%/-7%补) 均价止盈8% 止损离第一笔10% 拿72h,664,67,1.22,0.87,✔,558,61,0.78,0.93,,668,63,0.94,0.88,
15分钟 回踩VWAP失衡 补仓8笔(1:1:1:1:1:1:1:1，-1%/-2%/-3%/-4%/-5%/-6%/-7%补) 均价止盈8% 止损离第一笔13% 拿24h,907,63,1.2,0.89,✔,813,59,0.75,0.81,,890,62,0.94,0.87,
15分钟 回踩VWAP失衡 补仓8笔(1:1:1:1:1:1:1:1，-1%/-2%/-3%/-4%/-5%/-6%/-7%补) 均价止盈8% 止损离第一笔13% 拿72h,657,68,1.33,0.9,✔,549,62,0.8,0.95,,648,66,0.94,0.91,
15分钟 回踩VWAP失衡 补仓8笔(1:1:1:1:1:1:1:1，-1%/-2%/-3%/-4%/-5%/-6%/-7%补) 均价止盈8% 止损离第一笔17% 拿24h,906,63,1.23,0.94,✔,812,59,0.74,0.95,,889,62,0.94,0.95,
15分钟 回踩VWAP失衡 补仓8笔(1:1:1:1:1:1:1:1，-1%/-2%/-3%/-4%/-5%/-6%/-7%补) 均价止盈8% 止损离第一笔17% 拿72h,652,69,1.26,0.8,✔,543,63,0.81,1.01,,642,67,0.92,0.92,
15分钟 回踩VWAP失衡 补仓6笔(1:1:1:2:2:3，-2%/-4%/-6%/-9%/-12%补) 均价止盈1% 止损离第一笔15% 拿24h,1050,84,1.37,0.97,,951,83,0.63,0.74,,1085,88,1.09,1.28,
15分钟 回踩VWAP失衡 补仓6笔(1:1:1:2:2:3，-2%/-4%/-6%/-9%/-12%补) 均价止盈1% 止损离第一笔15% 拿72h,986,94,1.32,0.8,,886,93,0.82,0.83,,1047,96,1.11,1.05,
15分钟 回踩VWAP失衡 补仓6笔(1:1:1:2:2:3，-2%/-4%/-6%/-9%/-12%补) 均价止盈1% 止损离第一笔18% 拿24h,1050,84,1.38,0.9,,951,83,0.57,0.77,,1084,88,1.1,0.84,
15分钟 回踩VWAP失衡 补仓6笔(1:1:1:2:2:3，-2%/-4%/-6%/-9%/-12%补) 均价止盈1% 止损离第一笔18% 拿72h,985,94,1.04,0.66,,886,93,0.79,0.81,,1043,96,1.25,0.99,
15分钟 回踩VWAP失衡 补仓6笔(1:1:1:2:2:3，-2%/-4%/-6%/-9%/-12%补) 均价止盈1% 止损离第一笔22% 拿24h,1050,84,1.38,0.89,,951,83,0.53,0.65,,1083,88,1.18,0.95,✔
15分钟 回踩VWAP失衡 补仓6笔(1:1:1:2:2:3，-2%/-4%/-6%/-9%/-12%补) 均价止盈1% 止损离第一笔22% 拿72h,985,94,0.96,0.56,,885,93,0.74,0.81,,1039,96,1.18,0.89,
15分钟 回踩VWAP失衡 补仓6笔(1:1:1:2:2:3，-2%/-4%/-6%/-9%/-12%补) 均价止盈2% 止损离第一笔15% 拿24h,976,72,1.34,0.87,✔,869,71,0.71,0.73,,984,75,0.97,0.91,
15分钟 回踩VWAP失衡 补仓6笔(1:1:1:2:2:3，-2%/-4%/-6%/-9%/-12%补) 均价止盈2% 止损离第一笔15% 拿72h,861,86,1.29,0.89,✔,766,87,0.82,0.82,,888,89,0.92,0.94,
15分钟 回踩VWAP失衡 补仓6笔(1:1:1:2:2:3，-2%/-4%/-6%/-9%/-12%补) 均价止盈2% 止损离第一笔18% 拿24h,976,72,1.32,0.87,✔,869,71,0.68,0.77,,983,75,0.93,0.99,
15分钟 回踩VWAP失衡 补仓6笔(1:1:1:2:2:3，-2%/-4%/-6%/-9%/-12%补) 均价止盈2% 止损离第一笔18% 拿72h,859,86,1.12,0.76,,764,87,0.87,0.75,,882,89,0.88,1.04,
15分钟 回踩VWAP失衡 补仓6笔(1:1:1:2:2:3，-2%/-4%/-6%/-9%/-12%补) 均价止盈2% 止损离第一笔22% 拿24h,975,71,1.35,0.93,✔,869,71,0.61,0.73,,982,75,1.03,0.92,
15分钟 回踩VWAP失衡 补仓6笔(1:1:1:2:2:3，-2%/-4%/-6%/-9%/-12%补) 均价止盈2% 止损离第一笔22% 拿72h,858,86,1.02,0.72,,763,87,0.88,0.85,,876,89,0.92,0.97,
15分钟 回踩VWAP失衡 补仓6笔(1:1:1:2:2:3，-2%/-4%/-6%/-9%/-12%补) 均价止盈3% 止损离第一笔15% 拿24h,945,64,1.41,0.78,✔,843,64,0.83,0.8,,945,67,1.0,0.85,
15分钟 回踩VWAP失衡 补仓6笔(1:1:1:2:2:3，-2%/-4%/-6%/-9%/-12%补) 均价止盈3% 止损离第一笔15% 拿72h,786,80,1.38,0.91,✔,688,80,0.77,0.93,,792,81,0.94,1.02,
15分钟 回踩VWAP失衡 补仓6笔(1:1:1:2:2:3，-2%/-4%/-6%/-9%/-12%补) 均价止盈3% 止损离第一笔18% 拿24h,945,64,1.38,0.78,✔,843,64,0.81,0.84,,945,67,0.97,0.83,
15分钟 回踩VWAP失衡 补仓6笔(1:1:1:2:2:3，-2%/-4%/-6%/-9%/-12%补) 均价止盈3% 止损离第一笔18% 拿72h,784,80,1.22,0.72,✔,685,80,0.78,0.79,,788,81,1.01,0.95,
15分钟 回踩VWAP失衡 补仓6笔(1:1:1:2:2:3，-2%/-4%/-6%/-9%/-12%补) 均价止盈3% 止损离第一笔22% 拿24h,944,64,1.42,0.78,✔,843,64,0.78,0.74,,944,67,1.06,0.96,
15分钟 回踩VWAP失衡 补仓6笔(1:1:1:2:2:3，-2%/-4%/-6%/-9%/-12%补) 均价止盈3% 止损离第一笔22% 拿72h,783,80,1.11,0.79,,682,80,0.85,0.81,,786,82,1.02,0.87,
15分钟 回踩VWAP失衡 补仓6笔(1:1:1:2:2:3，-2%/-4%/-6%/-9%/-12%补) 均价止盈5% 止损离第一笔15% 拿24h,916,60,1.24,0.89,✔,822,58,0.78,0.89,,910,61,0.95,0.97,
15分钟 回踩VWAP失衡 补仓6笔(1:1:1:2:2:3，-2%/-4%/-6%/-9%/-12%补) 均价止盈5% 止损离第一笔15% 拿72h,699,71,1.23,0.81,✔,592,66,0.7,0.9,,703,72,0.86,0.89,
15分钟 回踩VWAP失衡 补仓6笔(1:1:1:2:2:3，-2%/-4%/-6%/-9%/-12%补) 均价止盈5% 止损离第一笔18% 拿24h,916,60,1.2,0.81,✔,822,58,0.75,0.8,,910,61,0.94,0.89,
15分钟 回踩VWAP失衡 补仓6笔(1:1:1:2:2:3，-2%/-4%/-6%/-9%/-12%补) 均价止盈5% 止损离第一笔18% 拿72h,696,71,1.13,0.86,✔,590,66,0.68,0.88,,699,73,0.91,1.07,
15分钟 回踩VWAP失衡 补仓6笔(1:1:1:2:2:3，-2%/-4%/-6%/-9%/-12%补) 均价止盈5% 止损离第一笔22% 拿24h,915,60,1.27,0.92,✔,822,58,0.72,0.93,,909,61,1.0,0.99,
15分钟 回踩VWAP失衡 补仓6笔(1:1:1:2:2:3，-2%/-4%/-6%/-9%/-12%补) 均价止盈5% 止损离第一笔22% 拿72h,695,72,1.09,0.74,,586,67,0.69,0.89,,693,73,0.92,0.96,
15分钟 回踩VWAP失衡 补仓6笔(1:1:1:2:2:3，-2%/-4%/-6%/-9%/-12%补) 均价止盈8% 止损离第一笔15% 拿24h,906,59,1.31,0.75,✔,812,56,0.8,1.0,,889,59,0.93,0.87,
15分钟 回踩VWAP失衡 补仓6笔(1:1:1:2:2:3，-2%/-4%/-6%/-9%/-12%补) 均价止盈8% 止损离第一笔15% 拿72h,654,68,1.32,0.8,✔,545,63,0.85,1.05,,642,67,0.85,0.9,
15分钟 回踩VWAP失衡 补仓6笔(1:1:1:2:2:3，-2%/-4%/-6%/-9%/-12%补) 均价止盈8% 止损离第一笔18% 拿24h,906,59,1.28,0.81,✔,812,56,0.77,0.84,,889,59,0.91,1.0,
15分钟 回踩VWAP失衡 补仓6笔(1:1:1:2:2:3，-2%/-4%/-6%/-9%/-12%补) 均价止盈8% 止损离第一笔18% 拿72h,651,68,1.23,0.81,✔,544,64,0.81,0.96,,640,68,0.88,1.01,
15分钟 回踩VWAP失衡 补仓6笔(1:1:1:2:2:3，-2%/-4%/-6%/-9%/-12%补) 均价止盈8% 止损离第一笔22% 拿24h,905,59,1.34,0.87,✔,812,56,0.72,1.0,,888,59,0.97,0.99,
15分钟 回踩VWAP失衡 补仓6笔(1:1:1:2:2:3，-2%/-4%/-6%/-9%/-12%补) 均价止盈8% 止损离第一笔22% 拿72h,650,68,1.17,0.75,,541,64,0.81,0.84,,635,68,0.88,0.84,
