方向,条件,个数,大盘,出场,k,过关,每天,最差PF,2022-23,2024-25,2025-26
做多,142,1,不过滤,止盈2% 止损5% 24h,0,True,0.12,3.37,60笔 胜90% PF3.37 均+1.22% 组合106.7 撤-0.8% 半2.4/5.2,51笔 胜96% PF9.19 均+1.65% 组合108.8 撤-0.5% 半10.0/4.5,45笔 胜96% PF8.06 均+1.62% 组合107.5 撤-0.6% 半10.0/3.9
做多,142,1,不过滤,止盈1.5% 止损3% 12h,3,True,0.12,1.82,60笔 胜80% PF1.82 均+0.51% 组合102.5 撤-1.3% 半1.1/4.1,52笔 胜88% PF3.48 均+0.90% 组合104.8 撤-0.6% 半5.5/2.5,45笔 胜80% PF1.82 均+0.51% 组合102.3 撤-1.2% 半4.5/1.0
做多,142,1,不过滤,止盈3% 止损8% 48h,1,True,0.11,3.28,60笔 胜87% PF3.28 均+1.77% 组合109.8 撤-0.8% 半2.2/5.7,46笔 胜96% PF11.96 均+2.57% 组合112.5 撤-0.8% 半10.0/5.7,44笔 胜98% PF15.47 均+2.68% 组合112.5 撤-0.8% 半10.0/7.6
做多,142,1,不过滤,止盈5% 止损11% 72h,2,True,0.11,3.72,59笔 胜83% PF4.41 均+3.04% 组合117.1 撤-2.2% 半2.3/26.4,45笔 胜91% PF6.43 均+3.68% 组合117.9 撤-1.4% 半4.8/9.2,43笔 胜86% PF3.72 均+3.02% 组合113.8 撤-3.6% 半2.0/9.3
做多,141,1,不过滤,止盈2% 止损5% 24h,0,True,0.1,1.61,65笔 胜80% PF1.61 均+0.59% 组合103.8 撤-2.4% 半1.1/2.6,37笔 胜86% PF2.40 均+0.97% 组合103.6 撤-1.7% 半1.3/6.7,45笔 胜89% PF3.73 均+1.26% 组合104.6 撤-0.8% 半1.7/441.5
做多,141,1,不过滤,止盈3% 止损8% 48h,1,True,0.1,1.74,64笔 胜80% PF1.74 均+0.96% 组合106.3 撤-3.4% 半1.2/3.2,35笔 胜86% PF2.60 均+1.50% 组合105.3 撤-0.8% 半2.7/2.5,45笔 胜96% PF7.73 均+2.44% 组合109.3 撤-0.8% 半3.6/10.0
做多,141,1,不过滤,止盈5% 止损11% 72h,2,True,0.1,1.43,63笔 胜73% PF1.43 均+1.05% 组合106.5 撤-5.6% 半1.6/1.3,34笔 胜85% PF3.88 均+2.96% 组合110.4 撤-2.2% 半3.3/4.9,44笔 胜80% PF2.65 均+2.37% 组合107.1 撤-2.7% 半1.0/49.0
做多,142,1,BTC24h跌,止盈2% 止损5% 24h,0,True,0.09,3.84,45笔 胜91% PF3.84 均+1.30% 组合105.2 撤-0.8% 半3.7/3.9,36笔 胜94% PF6.37 均+1.54% 组合105.7 撤-0.5% 半10.0/3.0,39笔 胜97% PF14.25 均+1.75% 组合107.0 撤-0.5% 半10.0/7.1
做多,142,1,BTC24h跌,止盈1.5% 止损3% 12h,3,True,0.09,1.76,45笔 胜80% PF1.82 均+0.51% 组合101.7 撤-1.4% 半1.2/3.0,37笔 胜86% PF2.91 均+0.81% 组合103.0 撤-0.6% 半7.7/1.7,39笔 胜79% PF1.76 均+0.49% 组合101.9 撤-1.3% 半3.9/1.1
做多,142,1,BTC24h跌,止盈3% 止损8% 48h,1,True,0.08,5.48,45笔 胜91% PF5.48 均+2.18% 组合109.0 撤-0.8% 半7.6/4.2,31笔 胜97% PF10.79 均+2.57% 组合108.3 撤-0.8% 半10.0/5.4,38笔 胜97% PF13.31 均+2.64% 组合110.5 撤-0.8% 半10.0/6.5
做多,142,1,BTC24h跌,止盈5% 止损11% 72h,2,True,0.08,3.1,44笔 胜86% PF6.61 均+3.43% 组合113.9 撤-2.2% 半4.2/18.3,30笔 胜93% PF6.19 均+3.86% 组合112.2 撤-1.1% 半6.2/6.2,37笔 胜84% PF3.10 均+2.71% 组合110.5 撤-3.6% 半1.6/8.0
做多,168,1,不过滤,止盈1.5% 止损3% 12h,3,False,57.96,0.83,26481笔 胜59% PF0.83 均-0.15% 组合3.8 撤-96.3% 半0.8/0.8,17862笔 胜60% PF0.84 均-0.15% 组合15.3 撤-85.9% 半0.8/0.9,31986笔 胜58% PF0.84 均-0.14% 组合15.0 撤-86.9% 半0.8/0.9
做多,168,1,不过滤,止盈2% 止损5% 24h,0,False,38.8,0.84,18031笔 胜63% PF0.89 均-0.14% 组合11.6 撤-90.6% 半0.9/0.9,12022笔 胜65% PF0.88 均-0.17% 组合31.5 撤-77.5% 半0.8/0.9,21206笔 胜61% PF0.84 均-0.20% 组合22.4 撤-82.8% 半0.7/1.0
做多,168,1,BTC24h跌,止盈1.5% 止损3% 12h,3,False,37.33,0.8,17308笔 胜60% PF0.86 均-0.13% 组合12.8 撤-88.0% 半0.8/0.9,10961笔 胜60% PF0.80 均-0.20% 组合27.1 撤-74.0% 半0.8/0.8,21022笔 胜60% PF0.88 均-0.11% 组合31.1 撤-71.5% 半0.8/1.0
做多,168,1,BTC24h涨,止盈1.5% 止损3% 12h,3,False,28.3,0.79,12918笔 胜56% PF0.79 均-0.19% 组合14.6 撤-85.9% 半0.8/0.7,9193笔 胜60% PF0.85 均-0.14% 组合44.3 撤-58.8% 半0.9/0.8,15147笔 胜56% PF0.79 均-0.19% 组合35.2 撤-71.1% 半0.7/0.9
做多,168,1,BTC24h跌,止盈2% 止损5% 24h,0,False,26.1,0.83,12331笔 胜64% PF0.92 均-0.10% 组合26.3 撤-79.0% 半0.9/1.0,7553笔 胜64% PF0.83 均-0.24% 组合39.4 撤-66.2% 半0.8/0.8,14706笔 胜63% PF0.91 均-0.11% 组合32.0 撤-71.9% 半0.8/1.1
做多,168,1,不过滤,止盈3% 止损8% 48h,1,False,22.79,0.85,10747笔 胜63% PF0.92 均-0.15% 组合20.8 撤-89.8% 半0.8/1.0,7114笔 胜66% PF0.94 均-0.12% 组合61.9 撤-73.6% 半0.9/1.0,12329笔 胜60% PF0.85 均-0.29% 组合39.4 撤-74.2% 半0.7/1.1
做多,168,1,BTC24h涨,止盈2% 止损5% 24h,0,False,21.65,0.78,10126笔 胜60% PF0.85 均-0.18% 组合19.4 撤-84.5% 半0.8/0.9,7065笔 胜63% PF0.89 均-0.15% 组合49.9 撤-58.7% 半0.9/0.9,11447笔 胜58% PF0.78 均-0.29% 组合33.3 撤-72.4% 半0.7/0.9
做空,666,1,不过滤,止盈1.5% 止损3% 12h,3,False,19.78,0.86,9752笔 胜62% PF0.92 均-0.08% 组合46.7 撤-57.9% 半1.0/0.9,6471笔 胜61% PF0.86 均-0.14% 组合47.5 撤-55.1% 半0.9/0.8,10199笔 胜61% PF0.90 均-0.09% 组合52.7 撤-50.9% 半0.9/0.9
做多,166,1,不过滤,止盈1.5% 止损3% 12h,3,False,18.07,0.79,8037笔 胜56% PF0.79 均-0.19% 组合20.2 撤-80.7% 半0.8/0.8,4828笔 胜60% PF0.86 均-0.13% 组合55.3 撤-46.3% 半0.9/0.9,10815笔 胜56% PF0.79 均-0.20% 组合20.2 撤-82.5% 半0.8/0.8
做多,168,1,BTC24h跌,止盈3% 止损8% 48h,1,False,16.73,0.88,8066笔 胜65% PF0.98 均-0.04% 组合54.1 撤-69.8% 半0.9/1.1,4864笔 胜65% PF0.92 均-0.16% 组合65.7 撤-59.7% 半0.9/1.0,9326笔 胜62% PF0.88 均-0.22% 组合36.5 撤-72.8% 半0.7/1.2
做空,666,1,不过滤,止盈2% 止损5% 24h,0,False,16.64,0.83,8219笔 胜65% PF0.95 均-0.06% 组合49.2 撤-59.9% 半1.0/0.9,5337笔 胜63% PF0.83 均-0.24% 组合34.3 撤-67.9% 半0.9/0.8,8686笔 胜65% PF0.93 均-0.08% 组合53.8 撤-58.0% 半1.0/0.9
做多,166,1,不过滤,止盈2% 止损5% 24h,0,False,15.55,0.8,6942笔 胜60% PF0.84 均-0.21% 组合23.6 撤-79.1% 半0.8/0.8,4254笔 胜63% PF0.86 均-0.18% 组合49.6 撤-53.5% 半0.8/0.9,9193笔 胜59% PF0.80 均-0.27% 组合24.6 撤-80.6% 半0.7/0.9
做多,168,1,BTC24h涨,止盈3% 止损8% 48h,1,False,15.23,0.8,7209笔 胜61% PF0.89 均-0.20% 组合24.5 撤-86.2% 半0.8/1.0,4853笔 胜64% PF0.94 均-0.11% 组合82.1 撤-56.3% 半0.9/1.0,8130笔 胜58% PF0.80 均-0.39% 组合46.1 撤-66.3% 半0.6/1.0
做多,168,1,不过滤,止盈5% 止损11% 72h,2,False,13.83,0.81,6513笔 胜58% PF0.95 均-0.14% 组合36.7 撤-84.5% 半0.9/1.1,4273笔 胜61% PF0.99 均-0.02% 组合95.2 撤-70.5% 半0.9/1.1,7528笔 胜53% PF0.81 均-0.52% 组合37.7 撤-75.6% 半0.6/1.2
做多,173,1,不过滤,止盈1.5% 止损3% 12h,3,False,13.32,0.88,6826笔 胜62% PF0.88 均-0.12% 组合41.5 撤-64.0% 半0.8/1.0,4000笔 胜64% PF0.89 均-0.11% 组合62.6 撤-45.3% 半0.9/0.9,7105笔 胜62% PF0.89 均-0.11% 组合43.8 撤-64.8% 半0.8/1.0
做空,666,1,BTC24h涨,止盈1.5% 止损3% 12h,3,False,12.84,0.9,6275笔 胜63% PF0.97 均-0.03% 组合83.5 撤-27.2% 半1.0/0.9,4429笔 胜63% PF0.91 均-0.09% 组合72.4 撤-31.1% 半1.0/0.8,6423笔 胜61% PF0.90 均-0.09% 组合78.3 撤-35.5% 半0.9/0.9
做空,666,1,不过滤,止盈3% 止损8% 48h,1,False,12.74,0.87,6169笔 胜65% PF0.96 均-0.07% 组合56.5 撤-58.3% 半1.0/0.9,4067笔 胜65% PF0.87 均-0.26% 组合37.3 撤-67.0% 半0.9/0.8,6727笔 胜65% PF0.99 均-0.03% 组合104.9 撤-49.1% 半1.2/0.8
做多,164,1,不过滤,止盈1.5% 止损3% 12h,3,False,12.72,0.76,5103笔 胜58% PF0.77 均-0.22% 组合31.3 撤-71.5% 半0.8/0.7,3636笔 胜60% PF0.78 均-0.23% 组合50.4 撤-51.8% 半0.7/0.9,7640笔 胜57% PF0.76 均-0.23% 组合31.2 撤-71.2% 半0.6/1.0
做多,166,1,不过滤,止盈3% 止损8% 48h,1,False,12.03,0.81,5442笔 胜61% PF0.89 均-0.21% 组合30.5 撤-80.5% 半0.8/1.0,3389笔 胜64% PF0.93 均-0.14% 组合72.4 撤-48.3% 半0.9/1.0,6983笔 胜59% PF0.81 均-0.38% 组合26.4 撤-81.4% 半0.7/1.0
做多,173,1,不过滤,止盈2% 止损5% 24h,0,False,11.83,0.88,6019笔 胜65% PF0.90 均-0.13% 组合39.4 撤-71.5% 半0.8/1.0,3575笔 胜66% PF0.88 均-0.18% 组合57.2 撤-54.4% 半0.9/0.9,6313笔 胜66% PF0.93 均-0.09% 组合41.7 撤-68.0% 半0.8/1.0
做空,671,1,不过滤,止盈1.5% 止损3% 12h,3,False,11.15,0.8,5116笔 胜62% PF0.87 均-0.13% 组合50.2 撤-50.9% 半0.9/0.8,3446笔 胜62% PF0.80 均-0.22% 组合46.7 撤-54.5% 半0.8/0.8,6129笔 胜62% PF0.85 均-0.15% 组合42.9 撤-59.2% 半0.8/0.9
做多,168,1,BTC24h跌,止盈5% 止损11% 72h,2,False,11.06,0.81,5337笔 胜59% PF1.00 均-0.01% 组合58.2 撤-70.4% 半0.9/1.2,3225笔 胜60% PF0.95 均-0.14% 组合61.7 撤-66.0% 半0.9/1.0,6149笔 胜53% PF0.81 均-0.52% 组合39.7 撤-68.7% 半0.6/1.2
做空,666,1,BTC24h涨,止盈2% 止损5% 24h,0,False,10.82,0.88,5295笔 胜66% PF1.00 均-0.00% 组合86.6 撤-27.9% 半1.1/0.9,3646笔 胜65% PF0.88 均-0.17% 组合56.6 撤-47.2% 半0.9/0.8,5489笔 胜65% PF0.95 均-0.07% 组合90.9 撤-36.2% 半1.0/0.9
做多,8,1,不过滤,止盈1.5% 止损3% 12h,3,False,10.67,0.9,4742笔 胜61% PF0.90 均-0.10% 组合65.7 撤-44.2% 半0.9/0.9,3598笔 胜64% PF0.98 均-0.02% 组合90.8 撤-20.8% 半0.9/1.1,5646笔 胜64% PF0.97 均-0.03% 组合78.3 撤-33.2% 半0.9/1.1
做多,168,1,BTC24h涨,止盈5% 止损11% 72h,2,False,10.36,0.79,4878笔 胜56% PF0.94 均-0.15% 组合40.1 撤-76.1% 半0.8/1.1,3214笔 胜61% PF1.01 均+0.02% 组合99.6 撤-51.5% 半1.0/1.1,5627笔 胜51% PF0.79 均-0.56% 组合44.5 撤-66.9% 半0.6/1.1
做多,164,1,不过滤,止盈2% 止损5% 24h,0,False,10.09,0.77,4153笔 胜61% PF0.81 均-0.24% 组合35.2 撤-68.5% 半0.8/0.8,2874笔 胜62% PF0.77 均-0.34% 组合44.2 撤-58.4% 半0.7/0.8,6018笔 胜61% PF0.81 均-0.24% 组合32.8 撤-70.5% 半0.6/1.1
做空,671,1,不过滤,止盈2% 止损5% 24h,0,False,10.09,0.81,4652笔 胜67% PF0.93 均-0.09% 组合62.2 撤-43.1% 半1.0/0.9,3122笔 胜66% PF0.81 均-0.30% 组合39.1 撤-62.8% 半0.8/0.8,5538笔 胜67% PF0.93 均-0.09% 组合62.1 撤-45.6% 半1.0/0.9
做多,164,1,BTC24h跌,止盈1.5% 止损3% 12h,3,False,10.03,0.74,4112笔 胜58% PF0.78 均-0.21% 组合42.6 撤-59.8% 半0.8/0.7,2838笔 胜59% PF0.77 均-0.24% 组合58.7 撤-42.5% 半0.7/0.9,6011笔 胜56% PF0.74 均-0.26% 组合39.9 撤-62.1% 半0.6/0.9
做多,166,1,BTC24h涨,止盈1.5% 止损3% 12h,3,False,9.75,0.72,4319笔 胜55% PF0.78 均-0.20% 组合41.5 撤-59.1% 半0.8/0.7,2827笔 胜60% PF0.92 均-0.07% 组合81.7 撤-21.6% 半0.9/0.9,5626笔 胜54% PF0.72 均-0.27% 组合34.4 撤-68.4% 半0.7/0.8
做多,173,1,不过滤,止盈3% 止损8% 48h,1,False,9.59,0.89,4828笔 胜64% PF0.92 均-0.16% 组合35.0 撤-78.2% 半0.8/1.1,2890笔 胜66% PF0.89 均-0.23% 组合48.0 撤-65.5% 半0.8/0.9,5141笔 胜64% PF0.94 均-0.12% 组合48.1 撤-65.7% 半0.8/1.2
做空,666,1,不过滤,止盈5% 止损11% 72h,2,False,9.4,0.85,4513笔 胜59% PF0.95 均-0.12% 组合44.0 撤-74.1% 半1.1/0.8,2970笔 胜58% PF0.85 均-0.46% 组合33.9 撤-74.3% 半0.9/0.8,5014笔 胜62% PF1.03 均+0.07% 组合99.1 撤-51.7% 半1.3/0.8
做多,166,1,不过滤,止盈5% 止损11% 72h,2,False,8.98,0.79,4049笔 胜56% PF0.90 均-0.26% 组合25.8 撤-87.0% 半0.8/1.1,2594笔 胜61% PF1.02 均+0.06% 组合89.8 撤-56.3% 半1.0/1.1,5150笔 胜52% PF0.79 均-0.58% 组合34.4 撤-76.7% 半0.6/1.1
做多,8,1,BTC24h涨,止盈1.5% 止损3% 12h,3,False,8.95,0.89,3990笔 胜61% PF0.89 均-0.10% 组合70.0 撤-38.6% 半0.9/0.9,3116笔 胜64% PF0.98 均-0.02% 组合92.9 撤-21.4% 半0.9/1.1,4631笔 胜63% PF0.97 均-0.03% 组合80.4 撤-30.2% 半0.9/1.1
做多,166,1,BTC24h跌,止盈1.5% 止损3% 12h,3,False,8.91,0.78,3996笔 胜56% PF0.80 均-0.18% 组合47.1 撤-56.6% 半0.8/0.8,2122笔 胜58% PF0.78 均-0.22% 组合64.5 撤-36.7% 半0.8/0.8,5581笔 胜58% PF0.85 均-0.13% 组合51.5 撤-53.6% 半0.8/0.9
做空,605,1,不过滤,止盈1.5% 止损3% 12h,3,False,8.84,0.88,3792笔 胜59% PF0.91 均-0.07% 组合75.6 撤-33.3% 半1.0/0.9,2721笔 胜61% PF0.88 均-0.11% 组合78.4 撤-25.5% 半1.0/0.8,5003笔 胜62% PF0.97 均-0.03% 组合81.7 撤-28.8% 半1.1/0.8
做多,166,1,BTC24h涨,止盈2% 止损5% 24h,0,False,8.7,0.77,3878笔 胜59% PF0.84 均-0.20% 组合43.1 撤-62.0% 半0.8/0.8,2555笔 胜63% PF0.89 均-0.14% 组合69.8 撤-36.4% 半0.9/0.9,4968笔 胜57% PF0.77 均-0.31% 组合38.8 撤-66.1% 半0.7/0.8
做空,666,1,BTC24h涨,止盈3% 止损8% 48h,1,False,8.53,0.94,4134笔 胜66% PF1.02 均+0.03% 组合97.4 撤-31.1% 半1.1/0.9,2857笔 胜67% PF0.94 均-0.12% 组合61.6 撤-45.5% 半0.9/1.0,4367笔 胜64% PF0.94 均-0.10% 组合95.4 撤-36.8% 半1.1/0.8
做空,671,1,不过滤,止盈3% 止损8% 48h,1,False,8.42,0.8,3870笔 胜68% PF0.98 均-0.04% 组合73.2 撤-43.1% 半1.0/0.9,2605笔 胜65% PF0.80 均-0.47% 组合35.0 撤-69.6% 半0.8/0.8,4630笔 胜67% PF0.96 均-0.09% 组合83.6 撤-48.6% 半1.1/0.9
做多,8,1,不过滤,止盈2% 止损5% 24h,0,False,8.36,0.91,3766笔 胜64% PF0.91 均-0.12% 组合66.3 撤-45.4% 半1.0/0.9,2790笔 胜69% PF1.10 均+0.12% 组合123.4 撤-18.5% 半1.0/1.2,4428笔 胜68% PF1.09 均+0.11% 组合116.0 撤-16.9% 半1.0/1.3
做多,173,1,BTC24h跌,止盈1.5% 止损3% 12h,3,False,8.16,0.92,4421笔 胜64% PF0.93 均-0.07% 组合71.2 撤-39.8% 半0.8/1.1,2295笔 胜66% PF0.96 均-0.04% 组合85.6 撤-21.3% 半1.0/0.9,4391笔 胜64% PF0.92 均-0.08% 组合62.9 撤-48.7% 半0.8/1.1
做多,164,1,BTC24h跌,止盈2% 止损5% 24h,0,False,8.15,0.77,3436笔 胜61% PF0.82 均-0.23% 组合45.4 撤-59.0% 半0.9/0.8,2283笔 胜62% PF0.77 均-0.34% 组合54.3 撤-48.5% 半0.7/0.8,4864笔 胜61% PF0.81 均-0.25% 组合42.5 撤-61.4% 半0.6/1.1
做多,166,1,BTC24h跌,止盈2% 止损5% 24h,0,False,8.09,0.82,3641笔 胜60% PF0.82 均-0.23% 组合44.5 撤-59.6% 半0.8/0.8,1966笔 胜61% PF0.82 均-0.26% 组合65.2 撤-37.5% 半0.8/0.8,5014笔 胜61% PF0.84 均-0.20% 组合52.5 撤-58.0% 半0.8/0.9
做空,605,1,不过滤,止盈2% 止损5% 24h,0,False,7.71,0.84,3387笔 胜63% PF0.93 均-0.09% 组合70.3 撤-41.0% 半1.0/0.9,2305笔 胜62% PF0.84 均-0.22% 组合73.8 撤-30.5% 半0.9/0.8,4394笔 胜66% PF1.08 均+0.08% 组合108.2 撤-23.5% 半1.3/0.9
做多,164,1,不过滤,止盈3% 止损8% 48h,1,False,7.53,0.79,3218笔 胜59% PF0.80 均-0.40% 组合25.1 撤-79.2% 半0.8/0.9,2142笔 胜64% PF0.91 均-0.17% 组合70.5 撤-44.6% 半0.8/1.1,4439笔 胜59% PF0.79 均-0.42% 组合38.2 撤-66.7% 半0.6/1.1
做空,666,1,BTC24h跌,止盈1.5% 止损3% 12h,3,False,7.53,0.76,3846笔 胜59% PF0.83 均-0.16% 组合52.6 撤-49.9% 半0.8/0.8,2222笔 胜58% PF0.76 均-0.25% 组合61.7 撤-40.7% 半0.8/0.7,4065笔 胜61% PF0.87 均-0.12% 组合61.7 撤-40.2% 半0.9/0.9
做多,166,1,BTC24h涨,止盈3% 止损8% 48h,1,False,7.36,0.79,3341笔 胜61% PF0.94 均-0.11% 组合47.2 撤-67.5% 半0.8/1.1,2196笔 胜64% PF0.94 均-0.11% 组合89.7 撤-32.4% 半0.9/1.0,4142笔 胜57% PF0.79 均-0.40% 组合49.3 撤-64.0% 半0.7/1.0
做多,173,1,BTC24h跌,止盈2% 止损5% 24h,0,False,7.36,0.88,3940笔 胜66% PF0.93 均-0.09% 组合65.1 撤-45.8% 半0.8/1.0,2062笔 胜67% PF0.88 均-0.17% 组合71.0 撤-35.1% 半0.9/0.9,3991笔 胜68% PF1.00 均+0.01% 组合64.5 撤-51.0% 半0.8/1.2
做多,173,1,不过滤,止盈5% 止损11% 72h,2,False,7.28,0.89,3685笔 胜58% PF0.93 均-0.18% 组合38.6 撤-80.4% 半0.8/1.1,2205笔 胜60% PF0.92 均-0.24% 组合60.4 撤-62.7% 半0.9/1.0,3885笔 胜56% PF0.89 均-0.30% 组合43.6 撤-71.6% 半0.7/1.2
做多,8,1,BTC24h涨,止盈2% 止损5% 24h,0,False,7.1,0.91,3208笔 胜64% PF0.91 均-0.12% 组合70.6 撤-41.4% 半1.0/0.8,2441笔 胜69% PF1.09 均+0.10% 组合118.1 撤-19.4% 半1.0/1.2,3677笔 胜67% PF1.08 均+0.10% 组合106.6 撤-17.6% 半0.9/1.3
做多,172,1,不过滤,止盈1.5% 止损3% 12h,3,False,7.08,0.89,2955笔 胜63% PF0.89 均-0.11% 组合70.2 撤-30.8% 半0.9/0.9,2927笔 胜65% PF0.93 均-0.07% 组合83.1 撤-31.6% 半0.9/1.0,3294笔 胜65% PF0.99 均-0.01% 组合85.9 撤-28.2% 半0.9/1.1
做空,666,1,BTC24h跌,止盈2% 止损5% 24h,0,False,7.02,0.76,3586笔 胜62% PF0.88 均-0.15% 组合57.8 撤-47.2% 半0.9/0.9,2076笔 胜60% PF0.76 均-0.35% 组合53.0 撤-49.3% 半0.8/0.7,3777笔 胜64% PF0.90 均-0.13% 组合56.6 撤-49.5% 半1.0/0.8
做多,166,1,BTC24h跌,止盈3% 止损8% 48h,1,False,6.85,0.8,3115笔 胜60% PF0.85 均-0.29% 组合41.5 撤-67.1% 半0.8/0.9,1708笔 胜62% PF0.89 均-0.21% 组合76.5 撤-42.1% 半0.8/1.0,4194笔 胜59% PF0.80 均-0.40% 组合40.6 撤-67.9% 半0.7/1.0
做空,605,1,不过滤,止盈3% 止损8% 48h,1,False,6.76,0.89,2983笔 胜63% PF0.96 均-0.07% 组合73.7 撤-40.1% 半1.0/0.9,2002笔 胜63% PF0.89 均-0.21% 组合83.1 撤-36.6% 半1.0/0.8,3862笔 胜65% PF1.07 均+0.11% 组合116.2 撤-31.2% 半1.4/0.8
做空,666,1,BTC24h涨,止盈5% 止损11% 72h,2,False,6.72,0.93,3245笔 胜60% PF0.97 均-0.07% 组合65.4 撤-57.1% 半1.2/0.8,2203笔 胜60% PF0.93 均-0.19% 组合58.0 撤-53.2% 半0.9/0.9,3493笔 胜62% PF1.03 均+0.07% 组合140.1 撤-35.2% 半1.3/0.8
做空,671,1,不过滤,止盈5% 止损11% 72h,2,False,6.61,0.75,3042笔 胜61% PF0.97 均-0.08% 组合68.2 撤-62.6% 半1.1/0.9,2025笔 胜57% PF0.75 均-0.87% 组合24.1 撤-77.6% 半0.8/0.7,3652笔 胜63% PF1.04 均+0.10% 组合116.3 撤-47.0% 半1.3/0.9
做多,164,1,BTC24h跌,止盈3% 止损8% 48h,1,False,6.4,0.78,2769笔 胜60% PF0.79 均-0.42% 组合29.0 撤-75.1% 半0.8/0.8,1780笔 胜64% PF0.92 均-0.16% 组合81.5 撤-37.8% 半0.8/1.1,3795笔 胜59% PF0.78 均-0.45% 组合42.3 撤-64.7% 半0.6/1.1
做多,168+173,2,不过滤,止盈1.5% 止损3% 12h,3,False,6.28,0.89,3389笔 胜62% PF0.89 均-0.11% 组合68.3 撤-39.9% 半0.8/0.9,1841笔 胜64% PF0.90 均-0.10% 组合81.5 撤-23.5% 半0.9/0.9,3318笔 胜62% PF0.89 均-0.11% 组合69.4 撤-45.5% 半0.8/1.0
做空,666,1,BTC24h跌,止盈3% 止损8% 48h,1,False,6.28,0.81,3207笔 胜63% PF0.89 均-0.20% 组合49.5 撤-59.1% 半0.9/0.9,1871笔 胜62% PF0.81 均-0.40% 组合51.9 撤-55.1% 半0.9/0.7,3369笔 胜65% PF0.99 均-0.02% 组合100.9 撤-42.4% 半1.3/0.8
做多,173,1,BTC24h跌,止盈3% 止损8% 48h,1,False,6.26,0.87,3291笔 胜64% PF0.93 均-0.14% 组合53.5 撤-60.1% 半0.8/1.0,1755笔 胜67% PF0.87 均-0.28% 组合58.8 撤-47.1% 半0.8/0.9,3419笔 胜65% PF0.92 均-0.15% 组合53.3 撤-61.3% 半0.7/1.3
做多,8,1,不过滤,止盈3% 止损8% 48h,1,False,6.15,0.98,2774笔 胜63% PF0.98 均-0.03% 组合89.7 撤-40.1% 半1.0/1.0,2066笔 胜69% PF1.12 均+0.21% 组合123.9 撤-26.1% 半1.1/1.2,3240笔 胜66% PF1.09 均+0.15% 组合123.1 撤-26.2% 半0.9/1.4
做多,166,1,BTC24h涨,止盈5% 止损11% 72h,2,False,6.04,0.79,2697笔 胜57% PF0.99 均-0.03% 组合54.6 撤-67.8% 半0.8/1.2,1828笔 胜60% PF0.99 均-0.02% 组合78.7 撤-49.5% 半0.9/1.1,3394笔 胜51% PF0.79 均-0.58% 组合45.7 撤-69.7% 半0.6/1.1
做多,172,1,不过滤,止盈2% 止损5% 24h,0,False,6.02,0.89,2539笔 胜66% PF0.89 均-0.16% 组合64.8 撤-36.5% 半0.8/1.0,2480笔 胜68% PF0.90 均-0.15% 组合68.6 撤-45.7% 半1.0/0.8,2795笔 胜69% PF1.05 均+0.07% 组合101.1 撤-25.2% 半0.9/1.2
做空,671,1,BTC24h涨,止盈1.5% 止损3% 12h,3,False,6.02,0.85,2898笔 胜63% PF0.88 均-0.12% 组合70.0 撤-33.3% 半1.0/0.8,1967笔 胜64% PF0.88 均-0.13% 组合78.4 撤-26.2% 半0.9/0.9,3143笔 胜63% PF0.85 均-0.15% 组合66.3 撤-36.5% 半0.9/0.8
做多,169,1,不过滤,止盈1.5% 止损3% 12h,3,False,5.94,0.78,2901笔 胜56% PF0.78 均-0.21% 组合53.4 撤-46.8% 半0.8/0.7,1930笔 胜61% PF0.95 均-0.04% 组合92.2 撤-11.3% 半1.0/1.0,3091笔 胜57% PF0.83 均-0.15% 组合63.3 撤-45.6% 半0.7/1.0
做多,164,1,不过滤,止盈5% 止损11% 72h,2,False,5.92,0.76,2580笔 胜55% PF0.85 均-0.40% 组合27.8 撤-81.3% 半0.8/1.0,1711笔 胜61% PF0.99 均-0.03% 组合80.2 撤-49.4% 半0.9/1.2,3438笔 胜51% PF0.76 均-0.67% 组合37.0 撤-68.9% 半0.5/1.2
做多,168+173,2,不过滤,止盈2% 止损5% 24h,0,False,5.92,0.86,3172笔 胜64% PF0.88 均-0.15% 组合59.2 撤-51.3% 半0.8/0.9,1738笔 胜66% PF0.86 均-0.19% 组合69.3 撤-37.5% 半0.8/0.9,3134笔 胜66% PF0.97 均-0.04% 组合69.3 撤-44.0% 半0.9/1.1
做空,605,1,BTC24h涨,止盈1.5% 止损3% 12h,3,False,5.92,0.9,2511笔 胜60% PF0.95 均-0.04% 组合90.0 撤-18.0% 半1.0/0.9,1905笔 胜61% PF0.90 均-0.09% 组合85.8 撤-20.5% 半1.0/0.8,3278笔 胜61% PF0.94 均-0.05% 组合80.2 撤-28.0% 半1.1/0.8
做多,166,1,BTC24h跌,止盈5% 止损11% 72h,2,False,5.69,0.76,2608笔 胜55% PF0.86 均-0.37% 组合45.3 撤-72.0% 半0.8/1.0,1469笔 胜61% PF1.01 均+0.02% 组合94.1 撤-43.4% 半0.9/1.2,3418笔 胜52% PF0.76 均-0.69% 组合52.8 撤-59.7% 半0.6/1.0
做空,605,1,不过滤,止盈5% 止损11% 72h,2,False,5.64,0.87,2506笔 胜58% PF0.92 均-0.20% 组合50.3 撤-66.3% 半1.0/0.8,1652笔 胜58% PF0.87 均-0.38% 组合65.7 撤-44.4% 半1.0/0.8,3233笔 胜62% PF1.17 均+0.37% 组合140.8 撤-36.9% 半1.6/0.8
做空,671,1,BTC24h涨,止盈2% 止损5% 24h,0,False,5.52,0.9,2656笔 胜68% PF0.97 均-0.04% 组合87.4 撤-26.9% 半1.0/0.9,1812笔 胜68% PF0.90 均-0.14% 组合77.0 撤-30.5% 半0.9/0.9,2867笔 胜68% PF0.94 均-0.08% 组合85.1 撤-28.8% 半1.0/0.9
做多,173,1,BTC24h涨,止盈1.5% 止损3% 12h,3,False,5.44,0.79,2580笔 胜59% PF0.79 均-0.21% 组合57.6 撤-46.6% 半0.7/0.9,1776笔 胜62% PF0.83 均-0.18% 组合74.6 撤-31.9% 半0.9/0.8,2856笔 胜60% PF0.84 均-0.15% 组合65.5 撤-40.8% 半0.8/0.9
做多,169,1,不过滤,止盈2% 止损5% 24h,0,False,5.35,0.78,2615笔 胜58% PF0.78 均-0.30% 组合44.2 撤-57.7% 半0.8/0.8,1743笔 胜64% PF0.93 均-0.08% 组合83.5 撤-24.4% 半0.9/0.9,2781笔 胜61% PF0.89 均-0.14% 组合68.8 撤-43.9% 半0.8/1.0
做空,666,1,BTC24h跌,止盈5% 止损11% 72h,2,False,5.35,0.83,2695笔 胜59% PF0.96 均-0.11% 组合64.9 撤-56.8% 半1.0/0.9,1603笔 胜57% PF0.83 均-0.52% 组合50.0 撤-58.7% 半0.9/0.8,2883笔 胜61% PF1.03 均+0.08% 组合92.6 撤-47.9% 半1.3/0.8
做多,8,1,BTC24h涨,止盈3% 止损8% 48h,1,False,5.34,0.98,2435笔 胜63% PF0.98 均-0.03% 组合104.0 撤-31.7% 半1.0/1.0,1829笔 胜70% PF1.17 均+0.29% 组合140.3 撤-20.3% 半1.2/1.2,2764笔 胜65% PF1.06 均+0.11% 组合108.1 撤-23.1% 半0.8/1.4
做多,168+173,2,不过滤,止盈3% 止损8% 48h,1,False,5.29,0.83,2819笔 胜64% PF0.94 均-0.11% 组合64.4 撤-50.9% 半0.8/1.1,1532笔 胜65% PF0.83 均-0.38% 组合57.5 撤-47.7% 半0.7/0.9,2826笔 胜63% PF0.94 均-0.10% 组合74.5 撤-47.9% 半0.8/1.2
做空,671,1,BTC24h跌,止盈1.5% 止损3% 12h,3,False,5.29,0.72,2302笔 胜62% PF0.85 均-0.15% 组合69.0 撤-31.4% 半0.9/0.8,1527笔 胜60% PF0.72 均-0.32% 组合60.5 撤-40.3% 半0.7/0.7,3075笔 胜62% PF0.84 均-0.16% 组合62.9 撤-39.2% 半0.8/0.8
做空,605,1,BTC24h涨,止盈2% 止损5% 24h,0,False,5.25,0.84,2296笔 胜63% PF0.95 均-0.06% 组合82.9 撤-25.0% 半1.0/0.9,1642笔 胜62% PF0.84 均-0.22% 组合77.4 撤-28.8% 半0.9/0.8,2920笔 胜65% PF1.02 均+0.02% 组合93.9 撤-30.9% 半1.2/0.9
做多,164,1,BTC24h跌,止盈5% 止损11% 72h,2,False,5.24,0.74,2280笔 胜54% PF0.84 均-0.42% 组合31.6 撤-79.2% 半0.8/1.0,1496笔 胜61% PF1.03 均+0.08% 组合93.9 撤-37.9% 半0.9/1.2,3061笔 胜51% PF0.74 均-0.72% 组合44.6 撤-64.2% 半0.5/1.3
做多,173,1,BTC24h跌,止盈5% 止损11% 72h,2,False,5.09,0.85,2659笔 胜59% PF0.94 均-0.16% 组合49.8 撤-72.7% 半0.8/1.2,1431笔 胜58% PF0.85 均-0.47% 组合62.6 撤-51.4% 半0.8/0.9,2784笔 胜57% PF0.90 均-0.28% 组合40.5 撤-66.5% 半0.7/1.3
做多,173,1,BTC24h涨,止盈2% 止损5% 24h,0,False,5.08,0.85,2428笔 胜62% PF0.85 均-0.20% 组合59.6 撤-53.7% 半0.8/1.0,1658笔 胜66% PF0.88 均-0.18% 组合76.4 撤-36.6% 半0.9/0.9,2655笔 胜63% PF0.86 均-0.18% 组合64.3 撤-41.6% 半0.8/0.9
做空,671,1,BTC24h跌,止盈2% 止损5% 24h,0,False,4.99,0.72,2173笔 胜66% PF0.88 均-0.17% 组合66.2 撤-35.6% 半0.9/0.9,1431笔 胜63% PF0.72 均-0.46% 组合52.0 撤-49.0% 半0.7/0.7,2907笔 胜67% PF0.92 均-0.11% 组合65.8 撤-37.5% 半1.0/0.9
做多,172,1,BTC24h涨,止盈1.5% 止损3% 12h,3,False,4.96,0.88,1958笔 胜63% PF0.88 均-0.12% 组合77.2 撤-23.9% 半0.9/0.9,2166笔 胜65% PF0.96 均-0.04% 组合92.1 撤-23.8% 半0.9/1.0,2249笔 胜65% PF1.00 均-0.00% 组合91.6 撤-20.0% 半0.9/1.2
做多,169,1,不过滤,止盈3% 止损8% 48h,1,False,4.78,0.85,2299笔 胜58% PF0.85 均-0.29% 组合46.8 撤-60.6% 半0.8/0.9,1555笔 胜64% PF0.94 均-0.11% 组合89.3 撤-29.1% 半0.9/0.9,2503笔 胜61% PF0.92 均-0.15% 组合71.8 撤-45.1% 半0.8/1.2
做多,172,1,不过滤,止盈3% 止损8% 48h,1,False,4.76,0.94,2008笔 胜66% PF0.94 均-0.12% 组合75.4 撤-45.6% 半0.8/1.1,1933笔 胜68% PF0.95 均-0.10% 组合84.9 撤-50.1% 半1.1/0.8,2237笔 胜68% PF1.03 均+0.05% 组合92.5 撤-37.3% 半0.9/1.3
做空,671,1,BTC24h涨,止盈3% 止损8% 48h,1,False,4.75,0.88,2260笔 胜68% PF0.99 均-0.02% 组合87.2 撤-31.5% 半1.1/0.9,1557笔 胜68% PF0.88 均-0.25% 组合71.3 撤-43.5% 半0.8/0.9,2482笔 胜67% PF0.95 均-0.10% 组合86.4 撤-36.1% 半1.1/0.9
做多,169,1,BTC24h涨,止盈1.5% 止损3% 12h,3,False,4.74,0.77,2271笔 胜55% PF0.77 均-0.22% 组合60.2 撤-41.1% 半0.8/0.7,1572笔 胜61% PF0.96 均-0.03% 组合96.1 撤-12.3% 半0.9/1.0,2456笔 胜56% PF0.82 均-0.16% 组合68.7 撤-41.0% 半0.7/1.0
做空,605,1,BTC24h涨,止盈3% 止损8% 48h,1,False,4.73,0.88,2077笔 胜64% PF1.00 均+0.00% 组合88.4 撤-34.0% 半1.0/1.0,1463笔 胜63% PF0.88 均-0.23% 组合76.3 撤-31.5% 半1.0/0.8,2641笔 胜63% PF1.00 均+0.00% 组合98.8 撤-33.1% 半1.3/0.8
做空,666+671,2,不过滤,止盈1.5% 止损3% 12h,3,False,4.63,0.85,2284笔 胜63% PF0.90 均-0.09% 组合80.3 撤-21.4% 半0.9/0.9,1385笔 胜63% PF0.86 均-0.14% 组合82.1 撤-21.9% 半0.9/0.8,2512笔 胜62% PF0.85 均-0.15% 组合69.3 撤-32.7% 半0.8/0.9
做多,173,1,BTC24h涨,止盈3% 止损8% 48h,1,False,4.55,0.92,2189笔 胜64% PF0.93 均-0.13% 组合69.6 撤-54.3% 半0.8/1.1,1463笔 胜67% PF0.95 均-0.09% 组合82.3 撤-35.8% 半1.0/0.9,2396笔 胜63% PF0.92 均-0.15% 组合73.8 撤-37.6% 半0.8/1.0
做空,662,1,不过滤,止盈1.5% 止损3% 12h,3,False,4.55,0.81,2370笔 胜58% PF0.86 均-0.12% 组合74.9 撤-28.1% 半1.0/0.7,1424笔 胜58% PF0.81 均-0.19% 组合76.4 撤-25.7% 半0.8/0.8,2349笔 胜63% PF1.02 均+0.01% 组合99.7 撤-12.6% 半1.0/1.0
做空,671,1,BTC24h跌,止盈3% 止损8% 48h,1,False,4.53,0.74,1989笔 胜68% PF0.98 均-0.04% 组合87.0 撤-28.5% 半1.0/1.0,1297笔 胜63% PF0.74 均-0.64% 组合45.4 撤-58.3% 半0.8/0.7,2634笔 胜67% PF0.97 均-0.06% 组合85.1 撤-39.4% 半1.1/0.8
做多,168+173,2,不过滤,止盈5% 止损11% 72h,2,False,4.47,0.87,2337笔 胜58% PF0.95 均-0.13% 组合55.0 撤-63.4% 半0.9/1.1,1300笔 胜59% PF0.88 均-0.37% 组合60.4 撤-56.3% 半0.8/0.9,2401笔 胜55% PF0.87 均-0.36% 组合61.1 撤-55.3% 半0.7/1.2
做空,666+671,2,不过滤,止盈2% 止损5% 24h,0,False,4.42,0.81,2180笔 胜67% PF0.95 均-0.07% 组合84.7 撤-20.0% 半1.0/0.9,1320笔 胜65% PF0.81 均-0.30% 组合65.8 撤-36.8% 半0.8/0.8,2404笔 胜67% PF0.90 均-0.13% 组合74.2 撤-33.9% 半0.9/0.9
做多,8,1,不过滤,止盈5% 止损11% 72h,2,False,4.36,1.01,1993笔 胜58% PF1.03 均+0.07% 组合98.9 撤-37.4% 半1.0/1.0,1429笔 胜65% PF1.26 均+0.62% 组合187.3 撤-26.7% 半1.2/1.3,2315笔 胜59% PF1.01 均+0.04% 组合95.4 撤-40.6% 半0.8/1.3
做多,172,1,BTC24h涨,止盈2% 止损5% 24h,0,False,4.33,0.89,1717笔 胜66% PF0.89 均-0.16% 组合74.8 撤-29.1% 半0.8/0.9,1882笔 胜67% PF0.89 均-0.16% 组合74.2 撤-35.3% 半0.9/0.9,1967笔 胜68% PF1.03 均+0.03% 组合96.5 撤-22.6% 半0.8/1.3
做多,169,1,BTC24h涨,止盈2% 止损5% 24h,0,False,4.31,0.77,2072笔 胜57% PF0.77 均-0.31% 组合52.6 撤-49.4% 半0.8/0.8,1434笔 胜65% PF0.95 均-0.06% 组合91.1 撤-20.3% 半0.9/1.0,2229笔 胜60% PF0.88 均-0.15% 组合75.5 撤-38.2% 半0.7/1.1
做空,662,1,不过滤,止盈2% 止损5% 24h,0,False,4.29,0.85,2219笔 胜61% PF0.85 均-0.19% 组合64.6 撤-37.5% 半0.9/0.8,1342笔 胜64% PF0.88 均-0.15% 组合80.1 撤-24.4% 半0.9/0.9,2228笔 胜66% PF1.05 均+0.06% 组合108.6 撤-23.4% 半1.2/1.0
做多,169,1,不过滤,止盈5% 止损11% 72h,2,False,4.15,0.89,1988笔 胜55% PF0.95 均-0.13% 组合73.0 撤-49.8% 半0.9/1.0,1351笔 胜58% PF0.93 均-0.19% 组合77.6 撤-49.3% 半0.9/1.0,2174笔 胜54% PF0.89 均-0.28% 组合71.1 撤-55.2% 半0.7/1.2
做多,168+173,2,BTC24h跌,止盈1.5% 止损3% 12h,3,False,4.13,0.91,2264笔 胜63% PF0.94 均-0.05% 组合87.8 撤-24.7% 半0.8/1.1,1161笔 胜65% PF0.91 均-0.08% 组合88.5 撤-17.1% 半0.8/1.0,2208笔 胜64% PF0.97 均-0.02% 组合86.1 撤-34.8% 半0.8/1.2
做空,605,1,BTC24h涨,止盈5% 止损11% 72h,2,False,4.09,0.84,1835笔 胜59% PF0.95 均-0.13% 组合61.0 撤-51.6% 半1.0/0.9,1248笔 胜57% PF0.84 均-0.48% 组合62.7 撤-49.4% 半0.9/0.8,2289笔 胜61% PF1.12 均+0.27% 组合132.4 撤-32.9% 半1.4/0.9
做空,666+671,2,不过滤,止盈3% 止损8% 48h,1,False,4.05,0.78,1971笔 胜66% PF0.94 均-0.11% 组合76.3 撤-31.7% 半1.0/0.8,1225笔 胜65% PF0.78 均-0.51% 组合52.5 撤-54.5% 半0.7/0.8,2204笔 胜66% PF0.93 均-0.14% 组合75.2 撤-43.5% 半1.1/0.8
做多,164,1,BTC24h涨,止盈1.5% 止损3% 12h,3,False,4.01,0.69,1520笔 胜53% PF0.69 均-0.30% 组合62.4 撤-42.6% 半0.6/0.8,1191笔 胜58% PF0.75 均-0.27% 组合71.8 撤-29.0% 半0.6/0.9,2408笔 胜57% PF0.80 均-0.18% 组合66.6 撤-36.1% 半0.7/0.9
做多,167,1,不过滤,止盈1.5% 止损3% 12h,3,False,3.98,0.87,1811笔 胜61% PF0.87 均-0.13% 组合78.6 撤-26.2% 半1.0/0.8,1380笔 胜63% PF0.90 均-0.10% 组合86.5 撤-19.1% 半0.9/0.9,2050笔 胜62% PF0.91 均-0.09% 组合89.3 撤-16.6% 半0.8/1.1
做空,671,1,BTC24h涨,止盈5% 止损11% 72h,2,False,3.98,0.83,1901笔 胜62% PF0.99 均-0.02% 组合87.5 撤-49.6% 半1.1/0.9,1276笔 胜59% PF0.83 均-0.58% 组合56.5 撤-53.5% 半0.8/0.9,2107笔 胜63% PF1.02 均+0.05% 组合95.0 撤-46.1% 半1.3/0.8
做多,169,1,BTC24h涨,止盈3% 止损8% 48h,1,False,3.93,0.83,1881笔 胜58% PF0.83 均-0.31% 组合52.4 撤-53.4% 半0.8/0.9,1292笔 胜64% PF0.97 均-0.06% 组合99.6 撤-22.3% 半1.0/0.9,2044笔 胜61% PF0.91 均-0.16% 组合80.9 撤-35.6% 半0.7/1.2
做空,671,1,BTC24h跌,止盈5% 止损11% 72h,2,False,3.93,0.72,1723笔 胜62% PF1.01 均+0.04% 组合90.9 撤-41.1% 半1.1/1.0,1145笔 胜57% PF0.72 均-1.01% 组合35.9 撤-67.1% 半0.8/0.6,2272笔 胜62% PF1.02 均+0.04% 组合102.6 撤-45.3% 半1.2/0.9
做多,168+173,2,BTC24h跌,止盈2% 止损5% 24h,0,False,3.92,0.84,2127笔 胜66% PF0.94 均-0.08% 组合81.4 撤-31.9% 半0.8/1.1,1101笔 胜66% PF0.84 均-0.23% 组合76.5 撤-25.7% 半0.8/0.9,2111笔 胜69% PF1.09 均+0.11% 组合93.7 撤-28.2% 半0.9/1.3
做空,662,1,不过滤,止盈3% 止损8% 48h,1,False,3.9,0.85,2012笔 胜62% PF0.94 均-0.10% 组合79.2 撤-32.9% 半1.0/0.8,1215笔 胜63% PF0.85 均-0.30% 组合66.1 撤-42.3% 半0.8/0.9,2033笔 胜65% PF1.04 均+0.07% 组合98.6 撤-37.8% 半1.2/0.9
做多,8,1,BTC24h涨,止盈5% 止损11% 72h,2,False,3.89,0.99,1800笔 胜58% PF1.03 均+0.07% 组合113.7 撤-27.8% 半1.1/1.0,1300笔 胜65% PF1.29 均+0.66% 组合168.1 撤-24.1% 半1.3/1.3,2033笔 胜58% PF0.99 均-0.02% 组合91.3 撤-40.2% 半0.8/1.3
做多,173,1,BTC24h涨,止盈5% 止损11% 72h,2,False,3.87,0.8,1891笔 胜59% PF0.96 均-0.10% 组合64.2 撤-58.7% 半0.8/1.2,1223笔 胜61% PF1.00 均+0.01% 组合81.9 撤-45.6% 半0.9/1.1,2045笔 胜53% PF0.80 均-0.57% 组合60.5 撤-54.9% 半0.6/1.0
做多,168+173,2,BTC24h跌,止盈3% 止损8% 48h,1,False,3.6,0.81,1936笔 胜65% PF1.00 均-0.00% 组合92.5 撤-39.4% 半0.9/1.2,1003笔 胜64% PF0.81 均-0.43% 组合64.5 撤-37.5% 半0.7/1.0,1954笔 胜64% PF0.97 均-0.07% 组合74.6 撤-49.5% 半0.7/1.4
做多,172,1,BTC24h涨,止盈3% 止损8% 48h,1,False,3.58,0.93,1418笔 胜65% PF0.93 均-0.14% 组合84.3 撤-31.9% 半0.9/1.0,1536笔 胜68% PF0.95 均-0.11% 组合88.8 撤-42.1% 半1.0/0.9,1641笔 胜66% PF1.00 均-0.00% 组合91.5 撤-25.8% 半0.8/1.2
做空,666+671,2,不过滤,止盈5% 止损11% 72h,2,False,3.57,0.76,1727笔 胜61% PF0.97 均-0.10% 组合81.7 撤-44.3% 半1.1/0.9,1080笔 胜58% PF0.76 均-0.83% 组合42.9 撤-63.8% 半0.8/0.8,1944笔 胜62% PF1.00 均+0.00% 组合90.2 撤-47.7% 半1.3/0.8
做多,164,1,BTC24h涨,止盈2% 止损5% 24h,0,False,3.52,0.76,1353笔 胜57% PF0.76 均-0.31% 组合65.6 撤-42.5% 半0.7/0.9,1050笔 胜61% PF0.77 均-0.35% 组合67.2 撤-34.1% 半0.6/1.1,2103笔 胜59% PF0.79 均-0.27% 组合61.1 撤-41.3% 半0.7/0.9
做空,662,1,不过滤,止盈5% 止损11% 72h,2,False,3.48,0.88,1768笔 胜57% PF0.93 均-0.18% 组合66.0 撤-50.0% 半1.1/0.8,1086笔 胜58% PF0.88 均-0.36% 组合60.5 撤-45.8% 半0.9/0.8,1826笔 胜61% PF1.09 均+0.21% 组合107.0 撤-46.8% 半1.5/0.8
做多,172,1,不过滤,止盈5% 止损11% 72h,2,False,3.47,1.0,1465笔 胜59% PF1.00 均-0.01% 组合97.5 撤-38.8% 半0.9/1.1,1392笔 胜64% PF1.07 均+0.19% 组合96.4 撤-54.8% 半1.1/1.0,1646笔 胜61% PF1.10 均+0.25% 组合104.9 撤-36.1% 半0.8/1.5
做多,169,1,BTC24h涨,止盈5% 止损11% 72h,2,False,3.46,0.88,1665笔 胜55% PF0.95 均-0.12% 组合76.6 撤-47.3% 半0.9/1.1,1145笔 胜57% PF0.94 均-0.16% 组合81.6 撤-41.5% 半0.9/1.0,1792笔 胜53% PF0.88 均-0.31% 组合77.1 撤-46.9% 半0.6/1.3
做空,605,1,BTC24h跌,止盈1.5% 止损3% 12h,3,False,3.43,0.76,1575笔 胜58% PF0.89 均-0.09% 组合87.1 撤-19.6% 半1.0/0.8,958笔 胜57% PF0.76 均-0.24% 组合81.3 撤-22.4% 半0.7/0.8,1988笔 胜63% PF0.98 均-0.01% 组合93.3 撤-17.0% 半1.2/0.8
做多,167,1,不过滤,止盈2% 止损5% 24h,0,False,3.39,0.86,1550笔 胜64% PF0.86 均-0.19% 组合73.2 撤-34.4% 半1.0/0.7,1170笔 胜67% PF0.94 均-0.08% 组合88.4 撤-24.2% 半1.0/0.8,1740笔 胜64% PF0.94 均-0.08% 组合88.0 撤-22.6% 半0.8/1.2
做空,665,1,不过滤,止盈1.5% 止损3% 12h,3,False,3.39,0.84,1439笔 胜60% PF0.97 均-0.02% 组合96.0 撤-11.1% 半1.0/0.9,1074笔 胜59% PF0.84 均-0.16% 组合83.5 撤-19.3% 半1.0/0.7,1891笔 胜59% PF0.92 均-0.07% 组合85.9 撤-19.9% 半1.1/0.8
做空,605,1,BTC24h跌,止盈2% 止损5% 24h,0,False,3.23,0.75,1496笔 胜62% PF0.96 均-0.05% 组合91.6 撤-24.1% 半1.0/0.9,897笔 胜60% PF0.75 均-0.36% 组合74.9 撤-26.5% 半0.8/0.7,1869笔 胜67% PF1.12 均+0.13% 组合112.8 撤-16.7% 半1.6/0.8
做空,665,1,不过滤,止盈2% 止损5% 24h,0,False,3.22,0.86,1363笔 胜64% PF1.11 均+0.12% 组合116.6 撤-10.2% 半1.2/1.1,1024笔 胜63% PF0.86 均-0.20% 组合79.9 撤-26.1% 半1.0/0.7,1793笔 胜62% PF0.94 均-0.07% 组合80.7 撤-24.3% 半1.1/0.8
做多,168+173,2,BTC24h跌,止盈5% 止损11% 72h,2,False,3.18,0.83,1685笔 胜60% PF1.01 均+0.01% 组合80.9 撤-51.5% 半0.9/1.2,893笔 胜58% PF0.83 均-0.51% 组合61.4 撤-43.9% 半0.7/1.0,1737笔 胜57% PF0.91 均-0.25% 组合56.2 撤-58.6% 半0.6/1.4
做空,664,1,不过滤,止盈1.5% 止损3% 12h,3,False,3.14,0.86,1511笔 胜58% PF0.86 均-0.12% 组合82.7 撤-20.6% 半0.9/0.8,930笔 胜63% PF0.94 均-0.05% 组合94.8 撤-9.8% 半0.9/1.0,1732笔 胜60% PF0.96 均-0.03% 组合92.2 撤-20.0% 半1.2/0.8
做多,105,1,不过滤,止盈1.5% 止损3% 12h,3,False,3.1,0.83,1213笔 胜57% PF0.83 均-0.15% 组合83.3 撤-20.2% 半1.0/0.6,992笔 胜60% PF0.91 均-0.08% 组合89.1 撤-12.7% 半0.9/1.0,1775笔 胜61% PF0.95 均-0.04% 组合88.5 撤-17.5% 半0.9/1.0
做空,664,1,不过滤,止盈2% 止损5% 24h,0,False,3.07,0.95,1469笔 胜62% PF0.95 均-0.06% 组合90.8 撤-16.2% 半0.9/1.0,915笔 胜67% PF1.00 均+0.00% 组合99.3 撤-11.0% 半0.9/1.1,1692笔 胜65% PF1.05 均+0.05% 组合102.7 撤-26.6% 半1.4/0.8
做多,164,1,BTC24h涨,止盈3% 止损8% 48h,1,False,3.06,0.76,1213笔 胜57% PF0.76 均-0.46% 组合55.7 撤-57.3% 半0.7/0.9,902笔 胜66% PF0.95 均-0.10% 组合82.5 撤-34.9% 半0.7/1.4,1815笔 胜60% PF0.85 均-0.28% 组合61.0 撤-41.6% 半0.7/1.0
做多,167,1,BTC24h涨,止盈1.5% 止损3% 12h,3,False,3.05,0.87,1400笔 胜61% PF0.87 均-0.13% 组合83.4 撤-21.6% 半1.0/0.8,1067笔 胜62% PF0.87 均-0.13% 组合86.9 撤-18.7% 半0.9/0.9,1553笔 胜61% PF0.89 均-0.10% 组合91.1 撤-15.9% 半0.7/1.1
做空,605,1,BTC24h跌,止盈3% 止损8% 48h,1,False,3.04,0.83,1410笔 胜62% PF0.94 均-0.11% 组合83.9 撤-30.3% 半1.0/0.9,848笔 胜60% PF0.83 均-0.34% 组合77.8 撤-27.7% 半0.9/0.7,1756笔 胜64% PF0.99 均-0.02% 组合107.3 撤-26.3% 半1.5/0.7
做空,506,1,不过滤,止盈1.5% 止损3% 12h,3,False,3.02,0.79,1207笔 胜66% PF1.23 均+0.18% 组合122.4 撤-5.1% 半1.5/1.0,833笔 胜65% PF0.96 均-0.04% 组合99.1 撤-17.3% 半1.4/0.7,1848笔 胜58% PF0.79 均-0.21% 组合75.7 撤-30.2% 半0.9/0.7
做空,662,1,BTC24h涨,止盈1.5% 止损3% 12h,3,False,3.0,0.79,1513笔 胜59% PF0.88 均-0.10% 组合85.7 撤-16.1% 半1.0/0.8,995笔 胜58% PF0.79 均-0.21% 组合81.1 撤-21.3% 半0.8/0.8,1513笔 胜63% PF1.06 均+0.05% 组合103.8 撤-9.1% 半1.1/1.0
做多,105,1,不过滤,止盈2% 止损5% 24h,0,False,2.97,0.88,1164笔 胜60% PF0.88 均-0.14% 组合83.7 撤-21.7% 半1.1/0.7,933笔 胜62% PF0.88 均-0.16% 组合82.8 撤-20.0% 半0.9/0.8,1708笔 胜64% PF1.05 均+0.05% 组合98.1 撤-19.1% 半1.0/1.2
做空,665,1,不过滤,止盈3% 止损8% 48h,1,False,2.93,0.94,1251笔 胜65% PF1.13 均+0.20% 组合124.2 撤-23.3% 半1.4/0.9,930笔 胜65% PF0.94 均-0.11% 组合87.7 撤-32.1% 半1.1/0.8,1634笔 胜64% PF1.09 均+0.15% 组合111.3 撤-18.8% 半1.3/0.9
做空,664,1,不过滤,止盈3% 止损8% 48h,1,False,2.9,1.03,1386笔 胜65% PF1.03 均+0.05% 组合104.6 撤-20.0% 半1.1/0.9,869笔 胜68% PF1.08 均+0.14% 组合109.5 撤-18.4% 半0.9/1.3,1598笔 胜65% PF1.16 均+0.25% 组合125.4 撤-27.6% 半1.6/0.8
做多,167,1,不过滤,止盈3% 止损8% 48h,1,False,2.85,0.92,1292笔 胜66% PF1.07 均+0.12% 组合111.3 撤-22.3% 半1.3/0.9,974笔 胜67% PF0.98 均-0.03% 组合96.0 撤-30.7% 半1.1/0.9,1479笔 胜63% PF0.92 均-0.15% 组合85.0 撤-35.9% 半0.7/1.2
做空,662,1,BTC24h涨,止盈2% 止损5% 24h,0,False,2.85,0.86,1425笔 胜60% PF0.86 均-0.18% 组合77.0 撤-25.1% 半0.9/0.8,951笔 胜64% PF0.88 均-0.15% 组合85.8 撤-18.8% 半0.8/0.9,1439笔 胜65% PF1.05 均+0.06% 组合104.4 撤-13.1% 半1.1/1.0
做多,105,1,不过滤,止盈3% 止损8% 48h,1,False,2.84,0.9,1120笔 胜63% PF0.99 均-0.02% 组合97.6 撤-25.3% 半1.2/0.8,895笔 胜62% PF0.90 均-0.20% 组合77.8 撤-30.8% 半0.9/0.9,1632笔 胜59% PF0.90 均-0.18% 组合76.8 撤-33.4% 半0.8/1.1
做空,605,1,BTC24h跌,止盈5% 止损11% 72h,2,False,2.8,0.86,1297笔 胜58% PF0.97 均-0.06% 组合91.4 撤-36.7% 半1.1/0.9,788笔 胜56% PF0.86 均-0.40% 组合78.4 撤-31.0% 半0.9/0.8,1615笔 胜60% PF1.02 均+0.05% 组合101.4 撤-40.9% 半1.5/0.7
做空,666+671,2,BTC24h涨,止盈1.5% 止损3% 12h,3,False,2.78,0.84,1392笔 胜65% PF0.98 均-0.02% 组合97.6 撤-11.9% 半1.1/0.9,892笔 胜66% PF0.96 均-0.04% 组合96.0 撤-11.5% 半1.0/0.9,1438笔 胜62% PF0.84 均-0.16% 组合77.5 撤-24.1% 半0.8/0.9
做多,172,1,BTC24h涨,止盈5% 止损11% 72h,2,False,2.77,1.0,1125笔 胜60% PF1.00 均-0.01% 组合95.3 撤-31.0% 半0.9/1.1,1163笔 胜64% PF1.06 均+0.18% 组合96.7 撤-44.3% 半1.1/1.0,1287笔 胜60% PF1.04 均+0.10% 组合87.9 撤-35.2% 半0.8/1.4
做空,506,1,不过滤,止盈2% 止损5% 24h,0,False,2.77,0.86,1116笔 胜69% PF1.24 均+0.25% 组合130.0 撤-8.6% 半1.7/0.9,761笔 胜68% PF1.06 均+0.07% 组合109.6 撤-14.1% 半1.2/0.9,1697笔 胜61% PF0.86 均-0.18% 组合78.1 撤-30.5% 半1.0/0.7
做空,506,1,BTC24h跌,止盈1.5% 止损3% 12h,3,False,2.77,0.75,1150笔 胜66% PF1.20 均+0.15% 组合118.1 撤-5.2% 半1.4/1.0,803笔 胜64% PF0.94 均-0.05% 组合98.0 撤-17.0% 半1.3/0.7,1639笔 胜57% PF0.75 均-0.26% 组合73.2 撤-31.9% 半0.9/0.6
做多,164,1,BTC24h涨,止盈5% 止损11% 72h,2,False,2.71,0.79,1108笔 胜54% PF0.79 均-0.56% 组合51.4 撤-60.8% 半0.7/1.0,782笔 胜59% PF0.94 均-0.17% 组合84.3 撤-39.7% 半0.7/1.4,1610笔 胜52% PF0.86 均-0.35% 组合50.6 撤-52.9% 半0.7/1.1
做空,664,1,不过滤,止盈5% 止损11% 72h,2,False,2.67,1.06,1273笔 胜59% PF1.06 均+0.14% 组合113.3 撤-31.6% 半1.3/0.8,802笔 胜62% PF1.09 均+0.23% 组合109.9 撤-30.1% 半0.9/1.3,1464笔 胜62% PF1.21 均+0.44% 组合146.2 撤-28.0% 半1.7/0.9
做空,666+671,2,BTC24h涨,止盈2% 止损5% 24h,0,False,2.67,0.89,1342笔 胜69% PF1.05 均+0.06% 组合107.8 撤-16.5% 半1.2/0.9,853笔 胜68% PF0.89 均-0.15% 组合86.9 撤-20.1% 半0.9/0.9,1384笔 胜67% PF0.90 均-0.14% 组合78.9 撤-30.9% 半0.9/0.9
做空,665,1,BTC24h跌,止盈1.5% 止损3% 12h,3,False,2.65,0.87,1077笔 胜60% PF0.94 均-0.05% 组合94.7 撤-10.3% 半1.0/0.9,841笔 胜60% PF0.90 均-0.09% 组合92.2 撤-13.4% 半1.1/0.7,1502笔 胜58% PF0.87 均-0.12% 组合83.7 撤-21.5% 半1.1/0.7
做多,105,1,不过滤,止盈5% 止损11% 72h,2,False,2.64,0.74,1043笔 胜56% PF0.98 均-0.04% 组合93.1 撤-33.5% 半1.2/0.8,823笔 胜56% PF0.84 均-0.47% 组合78.7 撤-40.2% 半0.8/0.9,1520笔 胜48% PF0.74 均-0.71% 组合53.8 撤-55.4% 半0.6/1.0
做空,662,1,BTC24h涨,止盈3% 止损8% 48h,1,False,2.64,0.89,1334笔 胜64% PF1.03 均+0.05% 组合107.7 撤-15.6% 半1.1/1.0,879笔 胜64% PF0.89 均-0.21% 组合77.9 撤-33.2% 半0.8/1.0,1335笔 胜65% PF1.05 均+0.09% 组合103.2 撤-23.6% 半1.2/0.9
做多,167,1,BTC24h涨,止盈2% 止损5% 24h,0,False,2.63,0.86,1214笔 胜64% PF0.86 均-0.20% 组合77.5 撤-28.3% 半1.0/0.7,915笔 胜66% PF0.91 均-0.13% 组合87.0 撤-25.9% 半1.0/0.8,1336笔 胜63% PF0.92 均-0.10% 组合91.1 撤-19.9% 半0.7/1.3
做空,665,1,不过滤,止盈5% 止损11% 72h,2,False,2.57,0.92,1118笔 胜57% PF1.07 均+0.16% 组合114.5 撤-34.0% 半1.2/0.9,800笔 胜58% PF0.92 均-0.23% 组合76.3 撤-39.2% 半1.2/0.7,1442笔 胜59% PF1.10 均+0.23% 组合105.8 撤-31.6% 半1.4/0.8
做空,506,1,BTC24h跌,止盈2% 止损5% 24h,0,False,2.55,0.82,1064笔 胜69% PF1.21 均+0.22% 组合125.2 撤-8.5% 半1.6/0.9,732笔 胜68% PF1.06 均+0.08% 组合109.3 撤-14.2% 半1.2/0.9,1514笔 胜60% PF0.82 均-0.25% 组合74.1 撤-33.3% 半1.1/0.6
做空,665,1,BTC24h跌,止盈2% 止损5% 24h,0,False,2.53,0.9,1026笔 胜64% PF1.09 均+0.10% 组合109.9 撤-10.6% 半1.2/1.0,803笔 胜64% PF0.90 均-0.14% 组合88.0 撤-18.9% 半1.0/0.8,1434笔 胜61% PF0.90 均-0.13% 组合77.7 撤-26.5% 半1.1/0.7
做空,666+671,2,BTC24h涨,止盈3% 止损8% 48h,1,False,2.48,0.87,1231笔 胜67% PF0.99 均-0.02% 组合93.3 撤-22.9% 半1.1/0.9,805笔 胜67% PF0.88 均-0.27% 组合80.0 撤-32.7% 半0.8/1.0,1285笔 胜65% PF0.87 均-0.26% 组合69.2 撤-38.6% 半1.0/0.8
做空,506,1,不过滤,止盈3% 止损8% 48h,1,False,2.44,1.08,1006笔 胜69% PF1.41 均+0.56% 组合167.3 撤-15.9% 半2.2/0.9,658笔 胜66% PF1.09 均+0.15% 组合121.2 撤-16.6% 半1.3/0.9,1490笔 胜66% PF1.08 均+0.13% 组合99.9 撤-25.2% 半1.4/0.8
做空,662,1,BTC24h涨,止盈5% 止损11% 72h,2,False,2.44,0.9,1222笔 胜57% PF0.94 均-0.15% 组合77.3 撤-36.4% 半1.0/0.9,807笔 胜59% PF0.90 均-0.27% 组合72.2 撤-39.2% 半0.9/0.9,1244笔 胜61% PF1.12 均+0.27% 组合116.1 撤-33.2% 半1.6/0.8
做多,167,1,不过滤,止盈5% 止损11% 72h,2,False,2.42,0.86,1112笔 胜61% PF1.11 均+0.28% 组合122.7 撤-26.7% 半1.3/0.9,823笔 胜62% PF1.06 均+0.17% 组合115.7 撤-35.8% 半1.3/0.9,1252笔 胜54% PF0.86 均-0.40% 组合72.9 撤-45.8% 半0.6/1.2
做多,7,1,不过滤,止盈1.5% 止损3% 12h,3,False,2.36,0.95,1076笔 胜61% PF0.95 均-0.05% 组合95.0 撤-9.9% 半1.1/0.8,754笔 胜66% PF1.10 均+0.08% 组合106.0 撤-6.0% 半0.9/1.4,1272笔 胜61% PF0.96 均-0.03% 组合97.6 撤-9.7% 半0.9/1.0
做多,172,1,BTC24h跌,止盈1.5% 止损3% 12h,3,False,2.35,0.86,1093笔 胜64% PF0.91 均-0.08% 组合90.9 撤-12.9% 半0.8/1.0,839笔 胜64% PF0.86 均-0.14% 组合89.2 撤-16.6% 半0.9/0.9,1171笔 胜65% PF0.98 均-0.02% 组合97.9 撤-15.7% 半0.9/1.1
做空,665,1,BTC24h跌,止盈3% 止损8% 48h,1,False,2.34,1.0,955笔 胜65% PF1.13 均+0.20% 组合118.1 撤-17.0% 半1.5/0.9,738笔 胜66% PF1.00 均+0.00% 组合98.1 撤-21.9% 半1.1/0.9,1326笔 胜63% PF1.00 均+0.00% 组合96.5 撤-22.2% 半1.2/0.8
做多,8,1,BTC24h跌,止盈1.5% 止损3% 12h,3,False,2.29,0.88,1063笔 胜62% PF0.88 均-0.12% 组合87.6 撤-19.1% 半0.9/0.9,654笔 胜67% PF1.04 均+0.04% 组合100.4 撤-6.0% 半1.1/1.0,1310笔 胜66% PF0.98 均-0.02% 组合96.9 撤-9.2% 半1.0/0.9
做多,167,1,BTC24h涨,止盈3% 止损8% 48h,1,False,2.27,0.89,1042笔 胜66% PF1.07 均+0.13% 组合109.4 撤-19.7% 半1.3/0.9,782笔 胜66% PF0.94 均-0.12% 组合88.3 撤-33.0% 半1.1/0.8,1164笔 胜61% PF0.89 均-0.22% 组合89.7 撤-32.7% 半0.6/1.4
做空,506,1,BTC24h跌,止盈3% 止损8% 48h,1,False,2.27,1.05,967笔 胜69% PF1.40 均+0.55% 组合162.4 撤-14.9% 半2.2/0.9,643笔 胜65% PF1.07 均+0.13% 组合120.0 撤-17.0% 半1.3/0.9,1341笔 胜65% PF1.05 均+0.09% 组合99.2 撤-25.6% 半1.5/0.7
做空,666+671,2,BTC24h涨,止盈5% 止损11% 72h,2,False,2.26,0.83,1111笔 胜60% PF0.97 均-0.09% 组合89.0 撤-34.7% 半1.0/0.9,725笔 胜60% PF0.83 均-0.57% 组合66.4 撤-44.4% 半0.8/0.9,1181笔 胜61% PF0.95 均-0.13% 组合80.5 撤-39.5% 半1.2/0.8
做多,168+173,2,BTC24h涨,止盈1.5% 止损3% 12h,3,False,2.25,0.75,1188笔 胜59% PF0.79 均-0.21% 组合77.9 撤-23.0% 半0.9/0.7,701笔 胜63% PF0.88 均-0.12% 组合92.9 撤-14.2% 半0.9/0.8,1156笔 胜58% PF0.75 均-0.25% 组合80.5 撤-24.2% 半0.7/0.9
做多,168+173,2,BTC24h涨,止盈2% 止损5% 24h,0,False,2.18,0.79,1158笔 胜60% PF0.81 均-0.25% 组合74.2 撤-30.2% 半0.8/0.8,679笔 胜67% PF0.92 均-0.11% 组合93.3 撤-18.2% 半0.9/1.0,1123笔 胜61% PF0.79 均-0.30% 组合76.9 撤-27.3% 半0.8/0.8
做多,172,1,BTC24h跌,止盈2% 止损5% 24h,0,False,2.09,0.9,984笔 胜66% PF0.90 均-0.14% 组合86.0 撤-18.4% 半0.8/1.0,749笔 胜70% PF0.95 均-0.08% 组合94.9 撤-21.8% 半1.0/0.9,1033笔 胜70% PF1.14 均+0.17% 组合109.2 撤-12.0% 半1.0/1.3
做多,168+173,2,BTC24h涨,止盈3% 止损8% 48h,1,False,2.09,0.88,1104笔 胜62% PF0.90 均-0.18% 组合80.2 撤-30.5% 半0.9/0.9,642笔 胜67% PF0.91 均-0.20% 组合87.0 撤-24.9% 半0.9/0.9,1084笔 胜61% PF0.88 均-0.23% 组合91.3 撤-17.2% 半0.8/0.9
做空,665,1,BTC24h跌,止盈5% 止损11% 72h,2,False,2.09,0.93,866笔 胜58% PF1.13 均+0.29% 组合122.2 撤-28.7% 半1.4/0.8,637笔 胜58% PF0.93 均-0.19% 组合84.9 撤-31.3% 半1.2/0.7,1201笔 胜58% PF1.04 均+0.09% 组合102.1 撤-25.1% 半1.3/0.8
做空,670,1,不过滤,止盈1.5% 止损3% 12h,3,False,2.07,0.84,870笔 胜62% PF0.84 均-0.16% 组合84.2 撤-22.4% 半0.7/1.1,785笔 胜63% PF0.84 均-0.17% 组合88.6 撤-16.5% 半0.8/0.8,1033笔 胜68% PF1.11 均+0.09% 组合98.7 撤-10.0% 半1.1/1.2
做空,506,1,不过滤,止盈5% 止损11% 72h,2,False,2.06,0.9,846笔 胜63% PF1.51 均+0.95% 组合199.8 撤-19.0% 半2.1/1.0,568笔 胜57% PF0.90 均-0.29% 组合105.5 撤-19.5% 半1.0/0.8,1253笔 胜57% PF1.08 均+0.19% 组合104.2 撤-33.2% 半1.4/0.8
做多,7,1,BTC24h涨,止盈1.5% 止损3% 12h,3,False,2.02,0.92,909笔 胜61% PF0.94 均-0.05% 组合95.3 撤-8.8% 半1.1/0.8,663笔 胜65% PF1.09 均+0.07% 组合104.8 撤-6.9% 半0.9/1.4,1086笔 胜60% PF0.92 均-0.08% 组合93.7 撤-12.5% 半0.8/1.0
做空,670,1,不过滤,止盈2% 止损5% 24h,0,False,2.01,0.89,855笔 胜66% PF0.89 均-0.16% 组合82.8 撤-25.5% 半0.7/1.1,771笔 胜69% PF0.92 均-0.11% 组合91.2 撤-19.4% 半0.9/0.9,989笔 胜70% PF1.10 均+0.12% 组合97.4 撤-18.1% 半1.0/1.2
做多,167,1,BTC24h涨,止盈5% 止损11% 72h,2,False,1.96,0.84,907笔 胜61% PF1.16 均+0.37% 组合127.8 撤-25.1% 半1.4/1.0,669笔 胜61% PF1.03 均+0.07% 组合109.4 撤-31.4% 半1.2/0.9,1007笔 胜52% PF0.84 均-0.47% 组合77.4 撤-44.6% 半0.5/1.4
做多,8,1,BTC24h跌,止盈2% 止损5% 24h,0,False,1.94,0.87,927笔 胜65% PF0.87 均-0.18% 组合83.8 撤-22.2% 半0.9/0.9,568笔 胜71% PF1.12 均+0.15% 组合107.1 撤-8.0% 半1.2/1.0,1086笔 胜69% PF1.12 均+0.13% 组合112.2 撤-10.0% 半1.3/1.0
做空,506,1,BTC24h跌,止盈5% 止损11% 72h,2,False,1.94,0.91,814笔 胜64% PF1.49 均+0.93% 组合193.8 撤-17.4% 半2.2/1.0,556笔 胜57% PF0.91 均-0.25% 组合105.7 撤-19.6% 半1.0/0.8,1145笔 胜57% PF1.05 均+0.11% 组合102.1 撤-29.3% 半1.4/0.8
做多,168+173,2,BTC24h涨,止盈5% 止损11% 72h,2,False,1.93,0.72,1001笔 胜56% PF0.91 均-0.23% 组合74.8 撤-39.5% 半0.8/1.0,594笔 胜62% PF1.02 均+0.07% 组合94.0 撤-32.1% 半1.0/1.0,1012笔 胜50% PF0.72 均-0.87% 组合67.3 撤-43.4% 半0.6/0.9
做多,7,1,不过滤,止盈2% 止损5% 24h,0,False,1.92,0.9,910笔 胜62% PF0.98 均-0.03% 组合96.7 撤-13.8% 半1.1/0.9,606笔 胜68% PF1.06 均+0.08% 组合102.5 撤-11.5% 半0.8/1.5,1027笔 胜61% PF0.90 均-0.12% 组合94.4 撤-18.8% 半0.7/1.2
做空,670,1,不过滤,止盈3% 止损8% 48h,1,False,1.9,0.9,839笔 胜66% PF0.90 均-0.20% 组合79.4 撤-28.2% 半0.8/1.1,737笔 胜70% PF0.98 均-0.05% 组合94.1 撤-22.7% 半0.8/1.2,916笔 胜70% PF1.12 均+0.21% 组合100.7 撤-23.4% 半1.0/1.2
做多,105+168,2,不过滤,止盈1.5% 止损3% 12h,3,False,1.88,0.85,746笔 胜59% PF0.85 均-0.14% 组合90.0 撤-12.6% 半1.0/0.7,654笔 胜62% PF0.92 均-0.07% 组合93.5 撤-8.8% 半0.9/1.0,1016笔 胜60% PF0.93 均-0.06% 组合90.1 撤-16.4% 半0.9/1.0
做空,666+671,2,BTC24h跌,止盈1.5% 止损3% 12h,3,False,1.88,0.74,907笔 胜60% PF0.78 均-0.24% 组合80.4 撤-20.0% 半0.7/0.9,505笔 胜59% PF0.74 均-0.30% 组合85.8 撤-15.4% 半0.8/0.7,1091笔 胜62% PF0.84 均-0.16% 组合86.4 撤-17.2% 半0.8/0.9
做多,105,1,BTC24h涨,止盈1.5% 止损3% 12h,3,False,1.84,0.73,679笔 胜53% PF0.73 均-0.25% 组合84.7 撤-19.5% 半1.1/0.5,568笔 胜61% PF0.94 均-0.05% 组合94.2 撤-10.6% 半0.8/1.2,1094笔 胜60% PF0.96 均-0.03% 组合91.7 撤-15.7% 半1.1/0.8
做空,666+671,2,BTC24h跌,止盈2% 止损5% 24h,0,False,1.83,0.69,880笔 胜64% PF0.83 均-0.24% 组合80.1 撤-22.1% 半0.8/0.8,493笔 胜61% PF0.69 均-0.52% 组合77.0 撤-23.5% 半0.7/0.7,1057笔 胜67% PF0.91 均-0.12% 组合88.7 撤-19.7% 半0.9/0.9
做多,172,1,BTC24h跌,止盈3% 止损8% 48h,1,False,1.82,0.94,861笔 胜66% PF0.94 均-0.13% 组合89.2 撤-28.4% 半0.8/1.2,650笔 胜70% PF1.00 均-0.01% 组合95.2 撤-29.2% 半1.1/0.9,904笔 胜71% PF1.16 均+0.28% 组合111.5 撤-21.1% 半1.0/1.4
做多,105+168,2,不过滤,止盈2% 止损5% 24h,0,False,1.82,0.87,724笔 胜61% PF0.89 均-0.14% 组合89.9 撤-13.9% 半1.1/0.7,626笔 胜61% PF0.87 均-0.17% 组合88.3 撤-15.4% 半0.9/0.8,993笔 胜62% PF0.98 均-0.02% 组合92.8 撤-16.4% 半0.9/1.0
做多,105+168,2,不过滤,止盈3% 止损8% 48h,1,False,1.79,0.86,713笔 胜65% PF1.06 均+0.10% 组合105.2 撤-14.5% 半1.3/0.8,616笔 胜62% PF0.89 均-0.21% 组合84.5 撤-21.1% 半0.9/0.9,976笔 胜58% PF0.86 均-0.26% 组合80.3 撤-27.8% 半0.7/1.0
做多,105,1,BTC24h涨,止盈2% 止损5% 24h,0,False,1.78,0.77,662笔 胜56% PF0.77 均-0.30% 组合82.0 撤-19.6% 半1.0/0.6,538笔 胜64% PF0.96 均-0.05% 组合92.5 撤-10.9% 半0.8/1.2,1067笔 胜65% PF1.22 均+0.21% 组合112.2 撤-8.8% 半1.5/1.0
做空,670,1,不过滤,止盈5% 止损11% 72h,2,False,1.76,0.91,803笔 胜60% PF0.91 均-0.27% 组合73.4 撤-32.6% 半0.9/0.9,687笔 胜63% PF0.96 均-0.13% 组合89.0 撤-31.6% 半0.8/1.3,823笔 胜65% PF1.19 均+0.47% 组合117.7 撤-27.9% 半1.4/1.0
做空,666+671,2,BTC24h跌,止盈3% 止损8% 48h,1,False,1.76,0.69,848笔 胜65% PF0.88 均-0.24% 组合80.6 撤-21.4% 半0.9/0.8,476笔 胜62% PF0.69 均-0.77% 组合69.4 撤-33.2% 半0.8/0.6,1016笔 胜68% PF0.99 均-0.03% 组合95.6 撤-19.5% 半1.1/0.9
做多,105,1,BTC24h涨,止盈3% 止损8% 48h,1,False,1.74,0.86,643笔 胜60% PF0.87 均-0.24% 组合88.2 撤-21.9% 半1.1/0.7,525笔 胜62% PF0.86 均-0.27% 组合84.4 撤-22.8% 半0.7/1.1,1040笔 胜58% PF0.92 均-0.13% 组合92.0 撤-20.9% 半0.9/1.0
做空,605+666,2,不过滤,止盈1.5% 止损3% 12h,3,False,1.72,0.82,819笔 胜59% PF0.84 均-0.14% 组合88.8 撤-14.9% 半0.9/0.8,579笔 胜61% PF0.82 均-0.17% 组合90.2 撤-12.4% 半0.9/0.7,887笔 胜63% PF0.94 均-0.05% 组合94.6 撤-11.6% 半0.9/1.0
做多,105+168,2,不过滤,止盈5% 止损11% 72h,2,False,1.7,0.76,677笔 胜57% PF1.03 均+0.07% 组合100.8 撤-23.5% 半1.2/0.9,576笔 胜55% PF0.79 均-0.66% 组合72.0 撤-37.1% 半0.7/0.9,932笔 胜49% PF0.76 均-0.66% 组合69.1 撤-36.9% 半0.6/0.9
做多,7,1,BTC24h涨,止盈2% 止损5% 24h,0,False,1.68,0.87,776笔 胜61% PF0.97 均-0.03% 组合97.0 撤-10.6% 半1.1/0.8,545笔 胜68% PF1.11 均+0.13% 组合105.3 撤-9.6% 半0.8/1.6,899笔 胜60% PF0.87 均-0.17% 组合91.9 撤-20.9% 半0.6/1.3
做空,605+666,2,不过滤,止盈2% 止损5% 24h,0,False,1.66,0.83,791笔 胜61% PF0.83 均-0.21% 组合83.9 撤-20.5% 半0.9/0.8,554笔 胜63% PF0.89 均-0.14% 组合91.8 撤-11.5% 半1.0/0.8,858笔 胜64% PF0.86 均-0.19% 组合83.2 撤-28.0% 半0.9/0.8
做空,666+671,2,BTC24h跌,止盈5% 止损11% 72h,2,False,1.66,0.72,798笔 胜62% PF0.99 均-0.02% 组合95.4 撤-20.8% 半1.1/0.9,456笔 胜57% PF0.72 均-0.99% 组合66.1 撤-36.6% 半0.9/0.6,957笔 胜62% PF1.00 均+0.01% 组合103.9 撤-27.2% 半1.3/0.8
做多,105,1,BTC24h涨,止盈5% 止损11% 72h,2,False,1.65,0.68,617笔 胜54% PF0.92 均-0.20% 组合94.5 撤-27.6% 半1.2/0.7,494笔 胜53% PF0.75 均-0.78% 组合78.2 撤-29.1% 半0.6/1.0,988笔 胜45% PF0.68 均-0.91% 组合58.6 撤-48.2% 半0.6/0.8
做空,662,1,BTC24h跌,止盈1.5% 止损3% 12h,3,False,1.65,0.84,935笔 胜57% PF0.84 均-0.14% 组合87.1 撤-16.6% 半1.0/0.7,461笔 胜60% PF0.86 均-0.13% 组合94.0 撤-8.2% 半0.8/0.9,877笔 胜62% PF0.94 均-0.05% 组合95.7 撤-13.1% 半1.0/0.8
做空,664,1,BTC24h跌,止盈1.5% 止损3% 12h,3,False,1.65,0.88,825笔 胜57% PF0.88 均-0.11% 组合91.3 撤-11.1% 半0.9/0.8,479笔 胜65% PF1.04 均+0.03% 组合101.4 撤-4.6% 半1.1/1.0,905笔 胜60% PF0.92 均-0.07% 组合92.9 撤-12.7% 半1.1/0.8
做多,7,1,不过滤,止盈3% 止损8% 48h,1,False,1.63,0.93,766笔 胜62% PF1.02 均+0.04% 组合101.2 撤-12.8% 半1.0/1.1,508笔 胜69% PF1.10 均+0.18% 组合106.8 撤-14.3% 半0.9/1.4,879笔 胜61% PF0.93 均-0.12% 组合99.0 撤-22.5% 半0.7/1.3
做空,664,1,BTC24h跌,止盈2% 止损5% 24h,0,False,1.63,0.99,806笔 胜64% PF0.99 均-0.01% 组合98.7 撤-9.6% 半1.0/1.0,475笔 胜70% PF1.15 均+0.17% 组合107.9 撤-5.4% 半1.2/1.1,893笔 胜65% PF1.04 均+0.05% 组合100.7 撤-14.0% 半1.3/0.8
做空,662,1,BTC24h跌,止盈2% 止损5% 24h,0,False,1.61,0.83,913笔 胜60% PF0.83 均-0.21% 组合81.9 撤-23.0% 半1.0/0.7,445笔 胜62% PF0.88 均-0.15% 组合93.2 撤-11.0% 半0.9/0.8,856笔 胜66% PF1.04 均+0.05% 组合102.0 撤-18.8% 半1.3/0.8
做多,8,1,BTC24h跌,止盈3% 止损8% 48h,1,False,1.59,0.92,775笔 胜63% PF0.92 均-0.17% 组合87.0 撤-29.3% 半0.8/1.0,466笔 胜69% PF1.02 均+0.04% 组合100.7 撤-16.1% 半1.3/0.8,875笔 胜70% PF1.20 均+0.33% 组合118.5 撤-11.6% 半1.3/1.1
做空,667,1,不过滤,止盈1.5% 止损3% 12h,3,False,1.59,0.85,852笔 胜56% PF0.87 均-0.11% 组合90.9 撤-15.7% 半1.1/0.7,423笔 胜61% PF0.85 均-0.15% 组合93.7 撤-8.4% 半1.0/0.7,880笔 胜58% PF0.93 均-0.06% 组合94.9 撤-7.3% 半1.1/0.8
做空,605+666,2,不过滤,止盈3% 止损8% 48h,1,False,1.59,0.78,759笔 胜62% PF0.91 均-0.17% 组合86.2 撤-19.4% 半0.9/0.9,525笔 胜65% PF0.96 均-0.08% 组合94.1 撤-15.4% 半1.0/0.9,826笔 胜60% PF0.78 均-0.47% 组合69.4 撤-40.6% 半0.9/0.7
做空,664,1,BTC24h跌,止盈3% 止损8% 48h,1,False,1.58,1.13,783笔 胜67% PF1.15 均+0.24% 组合119.6 撤-7.2% 半1.2/1.1,461笔 胜71% PF1.30 均+0.46% 组合122.3 撤-7.3% 半1.2/1.4,874笔 胜65% PF1.13 均+0.21% 组合108.9 撤-21.0% 半1.6/0.8
做空,662,1,BTC24h跌,止盈3% 止损8% 48h,1,False,1.55,0.79,867笔 胜61% PF0.88 均-0.23% 组合80.3 撤-28.0% 半1.0/0.8,430笔 胜61% PF0.79 均-0.44% 组合82.0 撤-26.1% 半1.0/0.6,831笔 胜64% PF1.04 均+0.07% 组合100.1 撤-21.8% 半1.3/0.8
做空,667,1,不过滤,止盈2% 止损5% 24h,0,False,1.55,0.95,830笔 胜58% PF0.95 均-0.06% 组合95.0 撤-13.6% 半1.2/0.7,415笔 胜66% PF1.00 均-0.00% 组合99.4 撤-10.6% 半1.1/0.9,858笔 胜63% PF1.06 均+0.06% 组合104.3 撤-10.4% 半1.3/0.9
做多,172,1,BTC24h跌,止盈5% 止损11% 72h,2,False,1.52,0.98,741笔 胜59% PF0.98 均-0.06% 组合100.5 撤-37.4% 半0.7/1.3,550笔 胜63% PF1.07 均+0.20% 组合100.3 撤-34.1% 半1.2/0.9,734笔 胜62% PF1.14 均+0.36% 组合118.6 撤-19.5% 半1.0/1.3
做空,664,1,BTC24h跌,止盈5% 止损11% 72h,2,False,1.51,1.17,739笔 胜63% PF1.21 均+0.45% 组合135.6 撤-13.1% 半1.5/0.9,439笔 胜63% PF1.17 均+0.43% 组合117.4 撤-15.8% 半1.2/1.2,832笔 胜63% PF1.30 均+0.62% 组合138.2 撤-17.1% 半1.7/0.9
做空,670,1,BTC24h跌,止盈1.5% 止损3% 12h,3,False,1.51,0.75,664笔 胜59% PF0.75 均-0.27% 组合81.1 撤-23.2% 半0.6/1.0,582笔 胜64% PF0.86 均-0.15% 组合91.4 撤-13.9% 半0.7/1.0,733笔 胜69% PF1.12 均+0.10% 组合98.3 撤-9.0% 半1.0/1.2
做空,664,1,BTC24h涨,止盈1.5% 止损3% 12h,3,False,1.5,0.83,696笔 胜59% PF0.83 均-0.15% 组合89.9 撤-12.5% 半0.9/0.8,455笔 胜60% PF0.86 均-0.13% 组合94.0 撤-9.7% 半0.7/1.0,835笔 胜60% PF1.00 均+0.00% 组合99.6 撤-11.6% 半1.3/0.8
做空,605+666,2,不过滤,止盈5% 止损11% 72h,2,False,1.5,0.81,721笔 胜57% PF0.81 均-0.54% 组合64.4 撤-42.7% 半0.8/0.9,487笔 胜58% PF0.87 均-0.38% 组合78.5 撤-28.5% 半0.9/0.8,783笔 胜59% PF0.85 均-0.43% 组合81.3 撤-40.7% 半1.0/0.8
做空,662,1,BTC24h跌,止盈5% 止损11% 72h,2,False,1.48,0.87,816笔 胜59% PF0.97 均-0.09% 组合89.7 撤-24.0% 半1.1/0.8,409笔 胜57% PF0.87 均-0.36% 组合84.2 撤-26.0% 半1.1/0.7,794笔 胜61% PF1.07 均+0.18% 组合108.2 撤-32.5% 半1.6/0.7
做空,664,1,BTC24h涨,止盈2% 止损5% 24h,0,False,1.48,0.89,686笔 胜61% PF0.91 均-0.12% 组合92.0 撤-13.1% 半0.9/0.9,447笔 胜65% PF0.89 均-0.15% 组合93.1 撤-12.4% 半0.8/1.0,817笔 胜64% PF1.05 均+0.06% 组合103.4 撤-19.5% 半1.6/0.7
做空,670,1,BTC24h跌,止盈2% 止损5% 24h,0,False,1.47,0.81,650笔 胜64% PF0.81 均-0.28% 组合79.0 撤-28.9% 半0.6/1.1,569笔 胜68% PF0.90 均-0.15% 组合92.0 撤-15.7% 半0.8/1.0,702笔 胜73% PF1.24 均+0.26% 组合106.3 撤-13.3% 半1.0/1.5
做空,667,1,不过滤,止盈3% 止损8% 48h,1,False,1.46,1.07,776笔 胜63% PF1.09 均+0.14% 组合110.6 撤-15.2% 半1.3/0.9,395笔 胜69% PF1.07 均+0.12% 组合103.5 撤-14.9% 半1.3/0.9,811笔 胜64% PF1.13 均+0.19% 组合110.7 撤-18.5% 半1.5/0.8
做多,7,1,BTC24h涨,止盈3% 止损8% 48h,1,False,1.44,0.91,672笔 胜62% PF1.06 均+0.10% 组合104.8 撤-9.2% 半1.0/1.1,453笔 胜69% PF1.15 均+0.25% 组合109.8 撤-11.9% 半0.9/1.5,780笔 胜59% PF0.91 均-0.17% 组合95.5 撤-23.3% 半0.7/1.3
做多,7,1,不过滤,止盈5% 止损11% 72h,2,False,1.42,0.93,654笔 胜59% PF1.08 均+0.18% 组合108.8 撤-16.3% 半1.2/1.0,439笔 胜59% PF1.01 均+0.03% 组合96.3 撤-23.0% 半0.9/1.1,775笔 胜54% PF0.93 均-0.18% 组合84.9 撤-34.8% 半0.7/1.3
做空,664,1,BTC24h涨,止盈3% 止损8% 48h,1,False,1.42,0.92,660笔 胜62% PF0.96 均-0.06% 组合95.0 撤-15.7% 半1.0/0.9,434笔 胜66% PF0.92 均-0.15% 组合92.6 撤-18.4% 半0.8/1.1,787笔 胜65% PF1.16 均+0.24% 组合116.5 撤-19.0% 半1.6/0.8
做多,171,1,不过滤,止盈1.5% 止损3% 12h,3,False,1.41,0.9,716笔 胜58% PF0.90 均-0.09% 组合93.6 撤-8.8% 半1.0/0.8,368笔 胜61% PF0.98 均-0.02% 组合99.1 撤-6.5% 半1.3/0.7,815笔 胜61% PF0.96 均-0.03% 组合96.2 撤-10.8% 半1.2/0.8
做空,670,1,BTC24h跌,止盈3% 止损8% 48h,1,False,1.41,0.83,641笔 胜64% PF0.83 均-0.37% 组合74.6 撤-34.2% 半0.7/1.0,550笔 胜69% PF0.96 均-0.09% 组合95.7 撤-20.4% 半0.8/1.3,660笔 胜73% PF1.26 均+0.43% 组合109.9 撤-18.4% 半1.2/1.3
做多,105,1,BTC24h跌,止盈1.5% 止损3% 12h,3,False,1.39,0.82,600笔 胜61% PF0.92 均-0.07% 组合95.7 撤-5.6% 半0.9/0.9,454笔 胜57% PF0.82 均-0.17% 组合92.6 撤-8.1% 半1.0/0.7,758笔 胜61% PF0.91 均-0.08% 组合94.5 撤-10.6% 半0.7/1.3
做多,171,1,不过滤,止盈2% 止损5% 24h,0,False,1.38,0.93,703笔 胜64% PF0.93 均-0.08% 组合93.9 撤-14.4% 半1.0/0.8,359笔 胜64% PF0.98 均-0.02% 组合98.8 撤-9.9% 半1.3/0.8,795笔 胜64% PF0.93 均-0.09% 组合90.5 撤-12.1% 半0.9/0.9
做空,664,1,BTC24h涨,止盈5% 止损11% 72h,2,False,1.36,0.94,630笔 胜56% PF0.94 均-0.15% 组合89.0 撤-23.7% 半1.0/0.9,411笔 胜61% PF0.99 均-0.02% 组合97.3 撤-26.0% 半0.8/1.3,753笔 胜60% PF1.08 均+0.19% 组合107.5 撤-26.7% 半1.5/0.8
做空,667,1,不过滤,止盈5% 止损11% 72h,2,False,1.36,0.89,712笔 胜56% PF1.02 均+0.04% 组合99.7 撤-21.9% 半1.3/0.8,373笔 胜57% PF0.89 均-0.33% 组合87.3 撤-21.0% 半1.0/0.8,750笔 胜59% PF1.10 均+0.23% 组合118.0 撤-22.1% 半1.6/0.8
做多,105,1,BTC24h跌,止盈2% 止损5% 24h,0,False,1.34,0.77,578笔 胜63% PF0.98 均-0.02% 组合98.0 撤-6.9% 半1.1/0.9,437笔 胜59% PF0.77 均-0.33% 组合86.6 撤-15.0% 半1.1/0.6,735笔 胜59% PF0.79 均-0.28% 组合82.1 撤-25.1% 半0.5/1.4
做多,169,1,BTC24h跌,止盈1.5% 止损3% 12h,3,False,1.34,0.8,714笔 胜56% PF0.80 均-0.18% 组合87.6 撤-14.4% 半0.7/0.9,405笔 胜61% PF0.89 均-0.10% 组合95.2 撤-5.9% 半0.9/0.9,699笔 胜59% PF0.89 均-0.10% 组合92.3 撤-12.2% 半0.8/0.9
做空,670,1,BTC24h跌,止盈5% 止损11% 72h,2,False,1.32,0.86,617笔 胜59% PF0.86 均-0.44% 组合69.9 撤-35.0% 半0.9/0.9,530笔 胜62% PF0.97 均-0.11% 组合95.0 撤-31.4% 半0.7/1.4,599笔 胜67% PF1.40 均+0.88% 组合129.6 撤-15.4% 半1.3/1.5
做多,171,1,不过滤,止盈3% 止损8% 48h,1,False,1.31,0.85,672笔 胜59% PF0.86 均-0.27% 组合82.4 撤-25.2% 半0.8/0.9,342笔 胜62% PF0.85 均-0.30% 组合89.4 撤-19.7% 半0.9/0.8,755笔 胜62% PF0.95 均-0.09% 组合86.7 撤-15.7% 半1.0/0.9
做多,8,1,BTC24h跌,止盈5% 止损11% 72h,2,False,1.3,0.93,639笔 胜57% PF0.93 均-0.19% 组合88.7 撤-30.0% 半0.8/1.2,394笔 胜62% PF0.99 均-0.04% 组合97.7 撤-26.9% 半1.3/0.8,705笔 胜60% PF0.96 均-0.10% 组合97.2 撤-19.4% 半1.2/0.8
做多,105,1,BTC24h跌,止盈3% 止损8% 48h,1,False,1.3,0.82,565笔 胜65% PF1.12 均+0.19% 组合109.0 撤-11.2% 半1.3/1.0,423笔 胜62% PF0.89 均-0.22% 组合87.2 撤-17.6% 半1.1/0.7,713笔 胜58% PF0.82 均-0.34% 组合77.1 撤-32.6% 半0.5/1.4
做多,169,1,BTC24h跌,止盈2% 止损5% 24h,0,False,1.29,0.79,681笔 胜60% PF0.79 均-0.29% 组合81.6 撤-20.8% 半0.7/0.9,396笔 胜63% PF0.88 均-0.16% 组合92.9 撤-8.1% 半0.8/0.9,666笔 胜65% PF1.02 均+0.02% 组合96.4 撤-9.9% 半1.1/1.0
做多,7,1,BTC24h涨,止盈5% 止损11% 72h,2,False,1.28,0.92,580笔 胜59% PF1.14 均+0.32% 组合116.9 撤-13.6% 半1.2/1.1,404笔 胜58% PF0.99 均-0.02% 组合94.1 撤-19.3% 半0.9/1.1,702笔 胜53% PF0.92 均-0.21% 组合85.6 撤-34.4% 半0.6/1.4
做多,105,1,BTC24h跌,止盈5% 止损11% 72h,2,False,1.25,0.79,539笔 胜58% PF1.08 均+0.19% 组合106.3 撤-17.5% 半1.1/1.1,402笔 胜59% PF0.88 均-0.37% 组合83.0 撤-28.2% 半0.9/0.8,693笔 胜51% PF0.79 均-0.58% 组合75.8 撤-37.6% 半0.5/1.4
做多,169,1,BTC24h跌,止盈3% 止损8% 48h,1,False,1.23,0.83,646笔 胜59% PF0.92 均-0.14% 组合90.1 撤-23.6% 半0.9/1.0,382笔 胜64% PF0.83 均-0.35% 组合85.1 撤-16.4% 半0.7/1.0,631笔 胜63% PF0.98 均-0.04% 组合91.0 撤-20.6% 半1.0/1.0
做多,171,1,不过滤,止盈5% 止损11% 72h,2,False,1.22,0.91,622笔 胜54% PF0.91 均-0.22% 组合85.1 撤-24.1% 半0.9/0.9,322笔 胜56% PF0.98 均-0.05% 组合98.3 撤-20.5% 半0.8/1.2,701笔 胜57% PF1.02 均+0.06% 组合88.7 撤-24.7% 半0.9/1.1
做空,605+666,2,BTC24h涨,止盈1.5% 止损3% 12h,3,False,1.2,0.79,547笔 胜59% PF0.84 均-0.14% 组合92.4 撤-10.0% 半0.9/0.8,416笔 胜61% PF0.79 均-0.21% 组合91.4 撤-10.5% 半1.0/0.6,614笔 胜62% PF0.93 均-0.06% 组合95.0 撤-11.8% 半0.9/1.0
做多,8+172,2,不过滤,止盈1.5% 止损3% 12h,3,False,1.19,0.94,453笔 胜64% PF0.94 均-0.06% 组合97.2 撤-5.5% 半0.9/1.0,502笔 胜68% PF1.08 均+0.07% 组合103.3 撤-5.2% 半0.9/1.3,568笔 胜67% PF1.02 均+0.02% 组合101.0 撤-7.7% 半0.8/1.4
做多,169,1,BTC24h跌,止盈5% 止损11% 72h,2,False,1.16,0.85,616笔 胜54% PF0.91 均-0.23% 组合84.8 撤-28.5% 半0.9/1.0,356笔 胜57% PF0.85 均-0.45% 组合82.3 撤-31.9% 半0.9/0.8,601笔 胜58% PF1.01 均+0.03% 组合88.2 撤-27.4% 半1.0/1.1
做多,164+168,2,不过滤,止盈1.5% 止损3% 12h,3,False,1.16,0.72,479笔 胜56% PF0.73 均-0.27% 组合87.6 撤-13.5% 半0.8/0.6,382笔 胜57% PF0.72 均-0.29% 组合89.2 撤-12.2% 半0.6/0.9,637笔 胜57% PF0.79 均-0.20% 组合88.3 撤-15.4% 半0.6/1.0
做空,605+666,2,BTC24h涨,止盈2% 止损5% 24h,0,False,1.16,0.87,535笔 胜62% PF0.87 均-0.17% 组合91.0 撤-12.7% 半0.9/0.9,402笔 胜63% PF0.92 均-0.10% 组合95.6 撤-9.5% 半1.1/0.8,597笔 胜65% PF0.91 均-0.11% 组合91.2 撤-21.1% 半0.9/0.9
做多,164+168,2,不过滤,止盈2% 止损5% 24h,0,False,1.13,0.7,467笔 胜59% PF0.70 均-0.44% 组合80.7 撤-20.2% 半0.8/0.6,373笔 胜60% PF0.71 均-0.43% 组合84.5 撤-18.8% 半0.7/0.7,627笔 胜65% PF0.99 均-0.02% 组合97.7 撤-12.2% 半0.7/1.4
做多,8+172,2,不过滤,止盈2% 止损5% 24h,0,False,1.12,0.88,430笔 胜66% PF0.88 均-0.16% 组合92.9 撤-12.7% 半0.7/1.2,473笔 胜71% PF1.07 均+0.09% 组合103.8 撤-8.6% 半1.0/1.1,534笔 胜72% PF1.22 均+0.25% 组合109.4 撤-6.1% 半0.9/1.8
做空,605+666,2,BTC24h涨,止盈3% 止损8% 48h,1,False,1.12,0.8,514笔 胜63% PF0.91 均-0.16% 组合91.1 撤-13.5% 半1.0/0.9,384笔 胜65% PF0.97 均-0.06% 组合96.5 撤-15.2% 半1.1/0.8,578笔 胜60% PF0.80 均-0.40% 组合78.7 撤-31.5% 半0.8/0.8
做多,105+168,2,BTC24h涨,止盈1.5% 止损3% 12h,3,False,1.09,0.8,396笔 胜56% PF0.80 均-0.18% 组合93.0 撤-11.8% 半1.2/0.5,369笔 胜63% PF0.97 均-0.03% 组合97.2 撤-6.5% 半0.9/1.1,613笔 胜61% PF0.97 均-0.02% 组合94.6 撤-10.5% 半1.3/0.7
做多,164+168,2,不过滤,止盈3% 止损8% 48h,1,False,1.09,0.67,454笔 胜57% PF0.67 均-0.75% 组合69.9 撤-31.3% 半0.7/0.7,361笔 胜66% PF0.97 均-0.05% 组合96.4 撤-14.2% 半0.7/1.4,598笔 胜61% PF0.87 均-0.25% 组合83.5 撤-25.0% 半0.7/1.1
做空,605+666,2,BTC24h涨,止盈5% 止损11% 72h,2,False,1.07,0.77,492笔 胜56% PF0.77 均-0.68% 组合69.2 撤-34.8% 半0.8/0.8,362笔 胜59% PF0.90 均-0.29% 组合87.8 撤-19.2% 半1.0/0.8,554笔 胜59% PF0.85 均-0.43% 组合84.5 撤-33.9% 半0.9/0.8
做多,167,1,BTC24h跌,止盈1.5% 止损3% 12h,3,False,1.06,0.89,463笔 胜62% PF0.89 均-0.10% 组合95.2 撤-7.7% 半0.9/0.9,360笔 胜65% PF0.98 均-0.02% 组合99.3 撤-4.2% 半0.9/1.0,559笔 胜65% PF0.93 均-0.07% 组合96.1 撤-7.0% 半1.1/0.8
做多,171,1,BTC24h涨,止盈1.5% 止损3% 12h,3,False,1.06,0.8,522笔 胜55% PF0.80 均-0.19% 组合90.6 撤-12.0% 半1.0/0.7,283笔 胜60% PF0.96 均-0.03% 组合99.0 撤-5.3% 半1.3/0.7,607笔 胜61% PF0.96 均-0.03% 组合97.7 撤-8.8% 半1.3/0.8
做多,105+168,2,BTC24h涨,止盈2% 止损5% 24h,0,False,1.06,0.85,391笔 胜60% PF0.85 均-0.19% 组合92.5 撤-12.0% 半1.2/0.6,353笔 胜62% PF0.93 均-0.09% 组合94.6 撤-8.3% 半0.8/1.1,604笔 胜63% PF1.14 均+0.13% 组合104.4 撤-9.5% 半1.5/0.9
做多,105+168,2,BTC24h涨,止盈3% 止损8% 48h,1,False,1.05,0.84,384笔 胜63% PF0.95 均-0.09% 组合95.9 撤-14.1% 半1.3/0.7,348笔 胜62% PF0.84 均-0.33% 组合86.7 撤-19.9% 半0.7/1.1,597笔 胜57% PF0.87 均-0.23% 组合90.2 撤-17.7% 半0.9/0.8
做多,8+172,2,不过滤,止盈3% 止损8% 48h,1,False,1.04,0.84,396笔 胜63% PF0.84 均-0.35% 组合86.4 撤-15.1% 半0.8/0.9,438笔 胜72% PF1.20 均+0.34% 组合114.5 撤-11.7% 半1.2/1.2,490笔 胜70% PF1.15 均+0.27% 组合104.6 撤-13.7% 半0.8/1.8
做多,171,1,BTC24h涨,止盈2% 止损5% 24h,0,False,1.03,0.89,514笔 胜63% PF0.89 均-0.15% 组合92.4 撤-14.6% 半1.1/0.7,274笔 胜66% PF1.08 均+0.09% 组合102.3 撤-9.5% 半1.4/0.8,596笔 胜63% PF0.93 均-0.09% 组合93.2 撤-9.8% 半1.0/0.8
做多,164+168,2,不过滤,止盈5% 止损11% 72h,2,False,1.03,0.69,434笔 胜53% PF0.69 均-0.95% 组合63.9 撤-39.1% 半0.6/0.8,343笔 胜59% PF0.97 均-0.08% 组合93.8 撤-23.8% 半0.9/1.1,565笔 胜55% PF0.89 均-0.27% 组合76.4 撤-35.6% 半0.7/1.2
做多,8+169,2,不过滤,止盈1.5% 止损3% 12h,3,False,1.02,0.8,428笔 胜58% PF0.80 均-0.21% 组合91.4 撤-10.6% 半0.9/0.7,382笔 胜63% PF0.97 均-0.03% 组合98.8 撤-4.9% 半0.9/1.1,514笔 胜65% PF1.15 均+0.12% 组合106.1 撤-3.1% 半1.1/1.2
做空,667,1,BTC24h跌,止盈1.5% 止损3% 12h,3,False,1.02,0.84,581笔 胜58% PF0.91 均-0.08% 组合95.4 撤-11.2% 半1.0/0.8,278笔 胜60% PF0.84 均-0.16% 组合95.5 撤-6.3% 半1.1/0.6,548笔 胜58% PF0.91 均-0.07% 组合95.9 撤-6.6% 半1.0/0.8
做空,667,1,BTC24h跌,止盈2% 止损5% 24h,0,False,1.01,0.95,569笔 胜59% PF0.95 均-0.06% 组合96.4 撤-10.3% 半1.0/0.9,278笔 胜65% PF1.02 均+0.02% 组合100.3 撤-8.4% 半1.3/0.8,539笔 胜65% PF1.06 均+0.06% 组合102.7 撤-6.1% 半1.2/0.9
做多,105+168,2,BTC24h涨,止盈5% 止损11% 72h,2,False,1.0,0.71,370笔 胜54% PF0.93 均-0.18% 组合92.2 撤-18.9% 半1.1/0.7,330笔 胜52% PF0.71 均-0.97% 组合75.0 撤-31.2% 半0.5/1.0,573笔 胜47% PF0.75 均-0.66% 组合79.4 撤-26.2% 半0.8/0.8
做多,171,1,BTC24h涨,止盈3% 止损8% 48h,1,False,0.99,0.84,498笔 胜59% PF0.84 均-0.31% 组合85.0 撤-20.7% 半0.8/0.9,265笔 胜63% PF0.91 均-0.17% 组合95.0 撤-16.0% 半1.0/0.8,568笔 胜60% PF0.94 均-0.11% 组合89.5 撤-12.8% 半1.1/0.8
做多,8+172,2,BTC24h涨,止盈1.5% 止损3% 12h,3,False,0.99,0.97,369笔 胜65% PF0.97 均-0.02% 组合99.0 撤-4.3% 半0.9/1.1,429笔 胜69% PF1.16 均+0.14% 组合106.0 撤-4.4% 半1.0/1.4,458笔 胜67% PF1.03 均+0.03% 组合101.6 撤-5.6% 半0.8/1.3
做多,8+169,2,不过滤,止盈2% 止损5% 24h,0,False,0.98,0.87,411笔 胜62% PF0.87 均-0.18% 组合92.7 撤-15.1% 半0.9/0.8,366笔 胜69% PF1.11 均+0.12% 组合104.4 撤-6.4% 半0.9/1.4,499笔 胜68% PF1.26 均+0.26% 组合114.6 撤-4.8% 半1.2/1.3
做空,667,1,BTC24h跌,止盈3% 止损8% 48h,1,False,0.98,1.06,543笔 胜62% PF1.06 均+0.10% 组合104.3 撤-10.4% 半1.2/0.9,272笔 胜70% PF1.20 均+0.33% 组合108.6 撤-12.0% 半1.6/0.9,522笔 胜66% PF1.21 均+0.31% 组合113.4 撤-9.8% 半1.4/1.0
做多,167,1,BTC24h跌,止盈2% 止损5% 24h,0,False,0.94,0.93,416笔 胜66% PF0.93 均-0.09% 组合96.1 撤-9.6% 半1.2/0.8,322笔 胜70% PF1.12 均+0.14% 组合104.3 撤-5.4% 半1.0/1.3,493笔 胜67% PF0.99 均-0.02% 组合99.2 撤-6.6% 半1.1/0.9
做多,171,1,BTC24h涨,止盈5% 止损11% 72h,2,False,0.94,0.93,476笔 胜54% PF0.93 均-0.18% 组合90.7 撤-19.0% 半0.9/1.0,252笔 胜57% PF1.16 均+0.35% 组合109.5 撤-11.0% 半1.1/1.2,536笔 胜56% PF1.01 均+0.02% 组合88.9 撤-14.2% 半1.0/1.0
做多,8+169,2,不过滤,止盈3% 止损8% 48h,1,False,0.94,0.96,388笔 胜62% PF0.96 均-0.06% 组合97.1 撤-12.1% 半1.1/0.9,350笔 胜68% PF1.14 均+0.23% 组合107.9 撤-8.1% 半1.1/1.2,481笔 胜67% PF1.25 均+0.37% 组合115.8 撤-15.0% 半0.9/1.9
做多,8+172,2,BTC24h涨,止盈2% 止损5% 24h,0,False,0.93,0.96,353笔 胜67% PF0.96 均-0.06% 组合97.8 撤-9.2% 半0.7/1.3,407笔 胜71% PF1.10 均+0.12% 组合104.8 撤-8.9% 半1.0/1.2,431笔 胜71% PF1.15 均+0.18% 组合103.5 撤-7.3% 半0.8/1.8
做多,8+172,2,不过滤,止盈5% 止损11% 72h,2,False,0.92,1.02,353笔 胜59% PF1.02 均+0.05% 组合100.7 撤-9.7% 半0.9/1.1,384笔 胜69% PF1.35 均+0.84% 组合129.2 撤-17.3% 半1.4/1.3,438笔 胜64% PF1.14 均+0.38% 组合102.7 撤-20.8% 半0.7/1.9
做空,667,1,BTC24h跌,止盈5% 止损11% 72h,2,False,0.92,1.02,502笔 胜56% PF1.02 均+0.05% 组合100.0 撤-17.7% 半1.2/0.8,259笔 胜60% PF1.02 均+0.06% 组合101.7 撤-17.6% 半1.1/0.9,496笔 胜61% PF1.19 均+0.40% 组合113.8 撤-15.3% 半1.7/0.8
做多,8+169,2,BTC24h涨,止盈1.5% 止损3% 12h,3,False,0.9,0.84,378笔 胜59% PF0.84 均-0.15% 组合94.3 撤-7.6% 半0.9/0.8,339笔 胜63% PF0.99 均-0.01% 组合99.7 撤-4.3% 半1.0/1.0,449笔 胜64% PF1.14 均+0.11% 组合104.8 撤-3.2% 半1.0/1.3
做多,8+169,2,不过滤,止盈5% 止损11% 72h,2,False,0.88,0.95,369笔 胜55% PF0.95 均-0.14% 组合93.9 撤-19.5% 半1.1/0.8,324笔 胜63% PF1.11 均+0.27% 组合105.3 撤-16.1% 半1.0/1.2,449笔 胜59% PF1.16 均+0.36% 组合120.8 撤-18.4% 半0.8/1.6
做多,8+169,2,BTC24h涨,止盈2% 止损5% 24h,0,False,0.86,0.9,360笔 胜62% PF0.90 均-0.13% 组合95.2 撤-11.7% 半0.9/0.9,324笔 胜69% PF1.08 均+0.10% 组合103.0 撤-5.7% 半1.0/1.2,436笔 胜67% PF1.26 均+0.25% 组合112.6 撤-5.3% 半1.2/1.4
做多,8+172,2,BTC24h涨,止盈3% 止损8% 48h,1,False,0.86,0.92,329笔 胜64% PF0.92 均-0.17% 组合94.2 撤-9.2% 半0.9/1.0,376笔 胜73% PF1.27 均+0.44% 组合116.6 撤-10.8% 半1.3/1.3,399笔 胜68% PF1.06 均+0.11% 组合96.1 撤-17.4% 半0.7/1.8
做多,164+168,2,BTC24h跌,止盈1.5% 止损3% 12h,3,False,0.86,0.76,383笔 胜59% PF0.76 均-0.24% 组合91.0 撤-10.3% 半0.8/0.7,294笔 胜58% PF0.76 均-0.25% 组合92.7 撤-8.6% 半0.6/1.0,446笔 胜57% PF0.78 均-0.21% 组合91.0 撤-12.8% 半0.6/1.2
做多,167,1,BTC24h跌,止盈3% 止损8% 48h,1,False,0.84,0.98,374笔 胜69% PF1.14 均+0.25% 组合109.1 撤-8.0% 半1.3/1.0,286笔 胜70% PF1.15 均+0.26% 组合106.7 撤-6.8% 半1.2/1.1,436笔 胜67% PF0.98 均-0.03% 组合95.8 撤-13.6% 半1.0/0.9
做多,105+168,2,BTC24h跌,止盈1.5% 止损3% 12h,3,False,0.84,0.83,384笔 胜61% PF0.84 均-0.15% 组合94.3 撤-6.2% 半0.8/0.9,299笔 胜60% PF0.85 均-0.14% 组合95.3 撤-5.4% 半0.9/0.8,425笔 胜58% PF0.83 均-0.15% 组合93.3 撤-11.3% 半0.5/1.4
做多,164+168,2,BTC24h跌,止盈2% 止损5% 24h,0,False,0.84,0.64,374笔 胜60% PF0.70 均-0.45% 组合83.9 撤-16.9% 半0.7/0.7,289笔 胜58% PF0.64 均-0.57% 组合84.1 撤-18.0% 半0.6/0.7,443笔 胜66% PF0.97 均-0.03% 组合98.6 撤-11.4% 半0.7/1.5
做多,8+169,2,BTC24h涨,止盈3% 止损8% 48h,1,False,0.83,1.02,347笔 胜63% PF1.02 均+0.04% 组合100.9 撤-7.9% 半1.1/1.0,311笔 胜67% PF1.12 均+0.20% 组合106.1 撤-7.7% 半1.2/1.1,423笔 胜66% PF1.24 均+0.36% 组合112.6 撤-15.9% 半0.9/1.9
做多,105+168,2,BTC24h跌,止盈2% 止损5% 24h,0,False,0.82,0.75,374笔 胜63% PF0.89 均-0.14% 组合94.7 撤-6.3% 半0.8/1.0,292笔 胜60% PF0.82 均-0.25% 组合93.5 撤-10.4% 半1.1/0.6,418笔 胜58% PF0.75 均-0.34% 组合84.4 撤-20.1% 半0.5/1.3
做多,105+168,2,BTC24h跌,止盈3% 止损8% 48h,1,False,0.82,0.79,372笔 胜67% PF1.16 均+0.24% 组合108.8 撤-9.8% 半1.2/1.1,289笔 胜61% PF0.91 均-0.18% 组合93.0 撤-13.5% 半1.3/0.6,416笔 胜58% PF0.79 均-0.41% 组合83.5 撤-24.6% 半0.5/1.2
做多,164+168,2,BTC24h跌,止盈3% 止损8% 48h,1,False,0.82,0.65,364笔 胜57% PF0.65 均-0.80% 组合73.6 撤-28.0% 半0.6/0.8,281笔 胜62% PF0.85 均-0.29% 组合90.9 撤-15.5% 半0.6/1.2,427笔 胜62% PF0.89 均-0.21% 组合88.8 撤-22.2% 半0.6/1.3
做空,505,1,不过滤,止盈1.5% 止损3% 12h,3,False,0.81,0.86,364笔 胜57% PF0.86 均-0.12% 组合95.6 撤-7.5% 半1.1/0.6,234笔 胜66% PF1.18 均+0.14% 组合103.2 撤-3.5% 半1.3/1.0,465笔 胜56% PF0.91 均-0.07% 组合97.6 撤-5.3% 半1.0/0.8
做多,105+168,2,BTC24h跌,止盈5% 止损11% 72h,2,False,0.8,0.71,362笔 胜61% PF1.16 均+0.36% 组合112.2 撤-13.7% 半1.1/1.2,283笔 胜55% PF0.81 均-0.57% 组合80.4 撤-21.4% 半0.9/0.8,410笔 胜49% PF0.71 均-0.86% 组合75.7 撤-32.3% 半0.5/1.1
做多,164+168,2,BTC24h跌,止盈5% 止损11% 72h,2,False,0.79,0.67,352笔 胜52% PF0.67 均-1.04% 组合67.2 撤-35.6% 半0.6/0.8,266笔 胜58% PF0.91 均-0.24% 组合91.9 撤-20.1% 半0.8/1.0,413笔 胜54% PF0.87 均-0.34% 组合81.9 撤-32.1% 半0.6/1.4
做多,8+169,2,BTC24h涨,止盈5% 止损11% 72h,2,False,0.78,1.05,329笔 胜57% PF1.09 均+0.21% 组合106.2 撤-12.0% 半1.1/1.0,291笔 胜62% PF1.05 均+0.14% 组合100.2 撤-14.5% 半1.1/1.0,394笔 胜59% PF1.17 均+0.38% 组合120.8 撤-18.1% 半0.8/1.7
做多,8+172,2,BTC24h涨,止盈5% 止损11% 72h,2,False,0.78,1.04,300笔 胜59% PF1.04 均+0.11% 组合102.2 撤-9.8% 半0.9/1.2,334笔 胜68% PF1.34 均+0.82% 组合124.0 撤-14.9% 半1.4/1.3,362笔 胜62% PF1.12 均+0.32% 组合95.8 撤-22.1% 半0.6/2.0
做空,665,1,BTC24h涨,止盈1.5% 止损3% 12h,3,False,0.77,0.6,370笔 胜61% PF1.08 均+0.06% 组合102.0 撤-3.7% 半1.3/0.9,243笔 胜52% PF0.60 均-0.47% 组合89.1 撤-11.6% 半0.7/0.5,414笔 胜62% PF1.11 均+0.08% 组合102.4 撤-3.8% 半1.3/1.0
做多,167,1,BTC24h跌,止盈5% 止损11% 72h,2,False,0.76,0.91,346笔 胜61% PF1.03 均+0.08% 组合101.6 撤-17.1% 半1.1/0.9,259笔 胜65% PF1.18 均+0.46% 组合111.3 撤-20.0% 半2.1/0.7,390笔 胜60% PF0.91 均-0.27% 组合90.4 撤-23.3% 半0.8/1.0
做空,505,1,BTC24h跌,止盈1.5% 止损3% 12h,3,False,0.76,0.86,343笔 胜57% PF0.86 均-0.12% 组合95.9 撤-7.0% 半1.2/0.6,221笔 胜67% PF1.18 均+0.14% 组合103.0 撤-3.8% 半1.2/1.1,430笔 胜57% PF0.92 均-0.06% 组合98.2 撤-5.0% 半1.0/0.8
做空,665,1,BTC24h涨,止盈2% 止损5% 24h,0,False,0.76,0.75,363笔 胜64% PF1.18 均+0.17% 组合106.2 撤-5.7% 半1.5/0.9,239笔 胜60% PF0.75 均-0.36% 组合91.5 撤-11.7% 半1.0/0.6,406笔 胜65% PF1.14 均+0.15% 组合105.2 撤-4.2% 半1.3/1.0
做空,505,1,不过滤,止盈2% 止损5% 24h,0,False,0.74,0.94,339笔 胜61% PF0.97 均-0.03% 组合98.6 撤-9.8% 半1.5/0.6,206笔 胜69% PF1.24 均+0.25% 组合105.1 撤-3.5% 半1.3/1.2,435笔 胜60% PF0.94 均-0.07% 组合96.6 撤-7.8% 半1.0/0.9
做空,669,1,不过滤,止盈1.5% 止损3% 12h,3,False,0.74,1.04,378笔 胜66% PF1.22 均+0.17% 组合105.8 撤-4.2% 半2.0/0.8,173笔 胜70% PF1.33 均+0.24% 组合104.2 撤-2.2% 半1.2/1.4,441笔 胜63% PF1.04 均+0.04% 组合100.9 撤-10.2% 半1.7/0.6
做空,665,1,BTC24h涨,止盈3% 止损8% 48h,1,False,0.73,0.75,356笔 胜63% PF1.08 均+0.12% 组合103.7 撤-11.3% 半1.3/0.9,231笔 胜59% PF0.75 均-0.56% 组合87.4 撤-17.8% 半1.0/0.5,390笔 胜66% PF1.38 均+0.49% 组合117.4 撤-4.4% 半1.7/1.1
做空,669,1,不过滤,止盈2% 止损5% 24h,0,False,0.73,1.07,369笔 胜68% PF1.19 均+0.20% 组合106.6 撤-5.7% 半1.7/0.8,171笔 胜77% PF1.74 均+0.62% 组合111.1 撤-2.0% 半1.8/1.7,435笔 胜67% PF1.07 均+0.08% 组合104.4 撤-7.3% 半1.5/0.8
做多,8+166,2,不过滤,止盈1.5% 止损3% 12h,3,False,0.72,0.79,293笔 胜57% PF0.79 均-0.22% 组合93.8 撤-8.2% 半1.0/0.6,232笔 胜62% PF1.02 均+0.02% 组合100.4 撤-3.4% 半1.1/0.9,399笔 胜62% PF1.01 均+0.01% 组合100.0 撤-5.0% 半0.8/1.3
做多,8+166,2,不过滤,止盈2% 止损5% 24h,0,False,0.7,1.01,283笔 胜66% PF1.01 均+0.02% 组合100.3 撤-7.4% 半1.4/0.8,226笔 胜68% PF1.11 均+0.12% 组合102.7 撤-4.0% 半1.2/1.0,390笔 胜66% PF1.04 均+0.05% 组合101.1 撤-6.4% 半0.9/1.3
做空,505,1,不过滤,止盈3% 止损8% 48h,1,False,0.7,1.0,320笔 胜63% PF1.21 均+0.30% 组合109.5 撤-9.3% 半1.9/0.7,188笔 胜68% PF1.52 均+0.65% 组合112.8 撤-5.2% 半1.5/1.5,410笔 胜60% PF1.00 均-0.00% 组合97.6 撤-12.6% 半1.3/0.7
做空,669,1,不过滤,止盈3% 止损8% 48h,1,False,0.7,1.19,352笔 胜69% PF1.52 均+0.66% 组合124.2 撤-7.9% 半1.9/1.2,168笔 胜70% PF1.19 均+0.31% 组合105.1 撤-3.6% 半1.2/1.2,416笔 胜73% PF1.71 均+0.84% 组合133.9 撤-7.5% 半2.0/1.5
做空,505,1,BTC24h跌,止盈2% 止损5% 24h,0,False,0.69,0.97,319笔 胜61% PF0.97 均-0.04% 组合98.6 撤-8.6% 半1.5/0.6,195笔 胜70% PF1.30 均+0.30% 组合105.9 撤-3.0% 半1.4/1.2,402笔 胜61% PF0.98 均-0.02% 组合98.8 撤-6.6% 半1.1/0.9
做空,665,1,BTC24h涨,止盈5% 止损11% 72h,2,False,0.69,0.83,340笔 胜54% PF0.95 均-0.12% 组合94.8 撤-16.1% 半1.0/0.9,210笔 胜55% PF0.83 均-0.49% 组合89.4 撤-19.4% 半1.1/0.6,376笔 胜64% PF1.31 均+0.60% 组合119.2 撤-9.9% 半1.6/1.1
做多,8+166,2,不过滤,止盈3% 止损8% 48h,1,False,0.67,1.07,276笔 胜63% PF1.07 均+0.11% 组合102.7 撤-8.0% 半1.1/1.0,219笔 胜68% PF1.15 均+0.24% 组合105.2 撤-8.7% 半1.6/0.9,373笔 胜66% PF1.15 均+0.24% 组合103.7 撤-21.1% 半0.6/3.1
做空,505,1,不过滤,止盈5% 止损11% 72h,2,False,0.66,0.91,300笔 胜57% PF1.18 均+0.36% 组合110.3 撤-10.3% 半1.8/0.7,179笔 胜66% PF1.59 均+1.12% 组合121.0 撤-6.6% 半1.8/1.4,390笔 胜53% PF0.91 均-0.20% 组合93.9 撤-24.9% 半1.2/0.6
做空,669,1,不过滤,止盈5% 止损11% 72h,2,False,0.66,1.18,332笔 胜63% PF1.43 均+0.86% 组合128.5 撤-9.2% 半1.5/1.3,161笔 胜62% PF1.18 均+0.44% 组合106.6 撤-6.4% 半1.3/1.1,393笔 胜66% PF1.62 均+1.10% 组合131.4 撤-13.2% 半1.8/1.4
做空,505,1,BTC24h跌,止盈3% 止损8% 48h,1,False,0.65,1.09,302笔 胜64% PF1.21 均+0.31% 组合109.3 撤-8.2% 半1.8/0.8,178笔 胜68% PF1.57 均+0.69% 组合112.9 撤-6.2% 半1.4/1.8,379笔 胜61% PF1.09 均+0.15% 组合102.8 撤-10.7% 半1.5/0.8
做多,8+166,2,不过滤,止盈5% 止损11% 72h,2,False,0.63,1.11,261笔 胜61% PF1.22 均+0.50% 组合113.1 撤-7.1% 半1.1/1.3,211笔 胜60% PF1.12 均+0.29% 组合105.7 撤-8.1% 半1.1/1.1,346笔 胜60% PF1.11 均+0.25% 组合95.8 撤-27.1% 半0.6/2.2
做多,166+169,2,不过滤,止盈2% 止损5% 24h,0,False,0.63,0.72,304笔 胜59% PF0.72 均-0.40% 组合88.4 撤-12.5% 半0.7/0.8,176笔 胜68% PF1.03 均+0.04% 组合100.6 撤-3.2% 半1.1/0.9,354笔 胜63% PF1.00 均-0.00% 组合99.9 撤-8.1% 半0.9/1.1
做多,166+169,2,不过滤,止盈1.5% 止损3% 12h,3,False,0.63,0.7,307笔 胜54% PF0.70 均-0.31% 组合90.9 撤-9.1% 半0.7/0.7,176笔 胜60% PF0.90 均-0.10% 组合98.3 撤-2.9% 半1.0/0.8,358笔 胜57% PF0.81 均-0.18% 组合93.7 撤-10.2% 半0.6/1.1
做多,8+166,2,BTC24h涨,止盈1.5% 止损3% 12h,3,False,0.62,0.77,256笔 胜57% PF0.77 均-0.24% 组合94.1 撤-7.8% 半0.9/0.6,207笔 胜62% PF1.02 均+0.01% 组合100.2 撤-4.2% 半1.3/0.8,341笔 胜61% PF0.98 均-0.02% 组合99.1 撤-4.9% 半0.7/1.3
做空,505,1,BTC24h跌,止盈5% 止损11% 72h,2,False,0.62,1.01,285笔 胜57% PF1.16 均+0.31% 组合108.4 撤-9.9% 半1.7/0.7,170笔 胜67% PF1.66 均+1.20% 组合121.8 撤-7.8% 半1.7/1.6,360笔 胜54% PF1.01 均+0.02% 组合102.0 撤-22.6% 半1.4/0.7
做多,8+166,2,BTC24h涨,止盈2% 止损5% 24h,0,False,0.61,0.98,247笔 胜65% PF0.98 均-0.02% 组合99.3 撤-5.8% 半1.1/0.9,202笔 胜68% PF1.10 均+0.11% 组合102.2 撤-3.9% 半1.2/1.0,333笔 胜65% PF1.04 均+0.04% 组合100.5 撤-6.1% 半0.9/1.3
做多,166+169,2,不过滤,止盈3% 止损8% 48h,1,False,0.61,0.91,299笔 胜61% PF0.91 均-0.17% 组合94.8 撤-12.2% 半0.8/1.0,172笔 胜70% PF1.18 均+0.29% 组合104.9 撤-4.9% 半1.4/1.0,348笔 胜66% PF1.06 均+0.10% 组合102.4 撤-12.2% 半0.9/1.3
做空,669,1,BTC24h跌,止盈1.5% 止损3% 12h,3,False,0.61,1.0,336笔 胜68% PF1.31 均+0.23% 组合107.2 撤-3.2% 半2.0/0.9,141笔 胜73% PF1.46 均+0.33% 组合104.6 撤-1.8% 半1.7/1.2,352笔 胜62% PF1.00 均+0.00% 组合99.5 撤-8.7% 半1.7/0.6
做多,7+8,2,不过滤,止盈1.5% 止损3% 12h,3,False,0.6,0.92,256笔 胜62% PF1.00 均+0.00% 组合100.0 撤-3.6% 半1.1/0.9,208笔 胜61% PF0.92 均-0.07% 组合98.4 撤-5.1% 半0.8/1.1,314笔 胜67% PF1.18 均+0.14% 组合104.4 撤-3.7% 半0.9/1.6
做多,166+169,2,不过滤,止盈5% 止损11% 72h,2,False,0.6,1.07,291笔 胜58% PF1.11 均+0.26% 组合107.2 撤-12.6% 半0.9/1.4,169笔 胜64% PF1.27 均+0.60% 组合110.1 撤-7.3% 半1.3/1.2,343笔 胜58% PF1.07 均+0.18% 组合102.4 撤-14.8% 半0.8/1.6
做空,669,1,BTC24h跌,止盈2% 止损5% 24h,0,False,0.6,1.07,331笔 胜68% PF1.22 均+0.23% 组合106.9 撤-5.2% 半2.0/0.8,140笔 胜78% PF1.78 均+0.65% 组合109.4 撤-2.6% 半2.4/1.4,348笔 胜68% PF1.07 均+0.09% 组合103.8 撤-7.0% 半1.7/0.7
做多,8+166,2,BTC24h涨,止盈3% 止损8% 48h,1,False,0.58,1.05,240笔 胜62% PF1.06 均+0.09% 组合102.0 撤-6.5% 半1.0/1.1,196笔 胜66% PF1.05 均+0.08% 组合101.4 撤-8.5% 半1.6/0.7,320笔 胜66% PF1.11 均+0.19% 组合100.7 撤-19.2% 半0.7/2.4
做空,667,1,BTC24h涨,止盈1.5% 止损3% 12h,3,False,0.58,0.79,281笔 胜51% PF0.79 均-0.17% 组合95.3 撤-7.5% 半1.0/0.6,150笔 胜61% PF0.83 均-0.16% 组合97.6 撤-3.8% 半0.9/0.8,337笔 胜58% PF0.97 均-0.02% 组合99.2 撤-3.6% 半1.0/1.0
做空,669,1,BTC24h跌,止盈3% 止损8% 48h,1,False,0.58,1.19,316笔 胜69% PF1.54 均+0.68% 组合121.9 撤-7.2% 半2.1/1.1,138笔 胜70% PF1.19 均+0.32% 组合104.3 撤-4.9% 半1.3/1.1,337笔 胜74% PF1.76 均+0.89% 组合127.7 撤-6.5% 半2.1/1.5
做空,670,1,BTC24h涨,止盈1.5% 止损3% 12h,3,False,0.58,0.79,207笔 胜69% PF1.26 均+0.20% 组合104.0 撤-2.4% 半1.4/1.2,206笔 胜60% PF0.79 均-0.22% 组合96.7 撤-6.0% 半1.2/0.5,315笔 胜65% PF1.08 均+0.07% 组合100.3 撤-3.7% 半1.1/1.1
做空,670,1,BTC24h涨,止盈2% 止损5% 24h,0,False,0.57,0.86,206笔 胜72% PF1.23 均+0.25% 组合105.1 撤-3.3% 半1.3/1.2,206笔 胜69% PF0.97 均-0.03% 组合98.7 撤-9.2% 半1.3/0.8,305笔 胜65% PF0.86 均-0.20% 组合92.8 撤-7.6% 半0.8/0.9
做多,7+8,2,不过滤,止盈2% 止损5% 24h,0,False,0.56,0.85,240笔 胜62% PF0.85 均-0.20% 组合95.1 撤-7.2% 半0.9/0.8,192笔 胜69% PF1.10 均+0.12% 组合102.1 撤-5.0% 半1.1/1.2,293笔 胜66% PF1.16 均+0.17% 组合105.0 撤-7.7% 半0.8/1.7
做空,667,1,BTC24h涨,止盈2% 止损5% 24h,0,False,0.56,0.95,278笔 胜56% PF0.95 均-0.05% 组合98.5 撤-7.4% 半1.3/0.7,145笔 胜67% PF0.97 均-0.04% 组合99.2 撤-4.8% 半0.8/1.2,328笔 胜60% PF1.06 均+0.06% 组合101.6 撤-6.3% 半1.2/0.9
做多,8+166,2,BTC24h涨,止盈5% 止损11% 72h,2,False,0.55,1.11,227笔 胜59% PF1.25 均+0.55% 组合112.6 撤-7.9% 半1.1/1.5,189笔 胜59% PF1.11 均+0.27% 组合104.8 撤-8.1% 半1.2/1.0,296笔 胜61% PF1.24 均+0.52% 组合104.3 撤-21.2% 半0.7/2.6
做空,667,1,BTC24h涨,止盈3% 止损8% 48h,1,False,0.55,0.83,270笔 胜64% PF1.20 均+0.28% 组合107.6 撤-6.6% 半1.4/1.0,143笔 胜65% PF0.83 均-0.36% 组合94.6 撤-9.4% 半0.9/0.7,316笔 胜61% PF1.00 均+0.00% 组合98.1 撤-11.4% 半1.4/0.7
做空,669,1,BTC24h跌,止盈5% 止损11% 72h,2,False,0.55,1.28,299笔 胜62% PF1.39 均+0.79% 组合122.4 撤-9.6% 半1.6/1.2,135笔 胜65% PF1.28 均+0.67% 组合108.8 撤-5.8% 半1.3/1.2,320笔 胜63% PF1.52 均+0.96% 组合119.7 撤-13.1% 半1.7/1.3
做多,7+8,2,BTC24h涨,止盈1.5% 止损3% 12h,3,False,0.54,0.94,230笔 胜65% PF1.08 均+0.07% 组合101.5 撤-2.4% 半1.2/1.0,197笔 胜61% PF0.94 均-0.06% 组合98.8 撤-4.5% 半0.8/1.1,276笔 胜65% PF1.07 均+0.06% 组合101.6 撤-4.8% 半0.8/1.6
做空,670,1,BTC24h涨,止盈3% 止损8% 48h,1,False,0.54,0.87,205笔 胜71% PF1.27 均+0.43% 组合108.5 撤-5.5% 半1.6/1.0,200笔 胜72% PF1.05 均+0.11% 组合100.2 撤-9.5% 半1.2/0.9,289笔 胜63% PF0.87 均-0.26% 组合93.7 撤-10.6% 半0.8/0.9
做空,605+666,2,BTC24h跌,止盈1.5% 止损3% 12h,3,False,0.54,0.83,286笔 胜60% PF0.83 均-0.15% 组合95.7 撤-7.4% 半0.9/0.8,171笔 胜59% PF0.85 均-0.14% 组合97.6 撤-4.6% 半0.6/1.1,278笔 胜65% PF1.00 均+0.00% 组合100.0 撤-3.8% 半1.0/1.0
做空,667,1,BTC24h涨,止盈5% 止损11% 72h,2,False,0.53,0.71,264笔 胜58% PF1.02 均+0.05% 组合100.7 撤-9.4% 半1.2/0.8,137笔 胜53% PF0.71 均-0.95% 组合87.0 撤-16.4% 半0.7/0.7,305笔 胜55% PF0.94 均-0.13% 组合95.2 撤-19.1% 半1.3/0.7
做空,605+666,2,BTC24h跌,止盈2% 止损5% 24h,0,False,0.53,0.76,280笔 胜60% PF0.80 均-0.25% 组合93.1 撤-11.2% 半0.9/0.7,166笔 胜61% PF0.79 均-0.29% 组合95.1 撤-6.8% 半0.6/1.0,270笔 胜63% PF0.76 均-0.36% 组合90.5 撤-10.7% 半0.8/0.7
做空,670,1,BTC24h涨,止盈5% 止损11% 72h,2,False,0.52,0.82,201笔 胜63% PF1.07 均+0.19% 组合103.5 撤-12.4% 半1.5/0.8,191笔 胜63% PF0.91 均-0.28% 组合92.4 撤-15.1% 半0.9/1.0,271笔 胜58% PF0.82 均-0.57% 组合90.2 撤-20.2% 半1.3/0.5
做空,605+666,2,BTC24h跌,止盈3% 止损8% 48h,1,False,0.52,0.69,278笔 胜60% PF0.86 均-0.28% 组合92.3 撤-11.4% 半0.8/0.9,163笔 胜66% PF0.99 均-0.02% 组合99.4 撤-7.4% 半0.9/1.1,269笔 胜61% PF0.69 均-0.75% 组合81.5 撤-22.6% 半0.8/0.6
做多,7,1,BTC24h跌,止盈1.5% 止损3% 12h,3,False,0.51,0.81,277笔 胜57% PF0.81 均-0.18% 组合95.0 撤-8.0% 半0.8/0.8,151笔 胜66% PF1.10 均+0.08% 组合101.2 撤-2.3% 半1.1/1.1,271笔 胜65% PF1.11 均+0.08% 组合102.2 撤-4.4% 半1.4/0.9
做多,7+8,2,不过滤,止盈3% 止损8% 48h,1,False,0.51,1.03,217笔 胜62% PF1.03 均+0.05% 组合100.8 撤-9.6% 半1.0/1.1,180笔 胜67% PF1.15 均+0.25% 组合104.1 撤-7.3% 半1.2/1.1,262笔 胜62% PF1.13 均+0.20% 组合104.2 撤-9.2% 半0.8/1.9
做多,8+167,2,不过滤,止盈1.5% 止损3% 12h,3,False,0.51,0.77,185笔 胜59% PF0.78 均-0.24% 组合95.6 撤-7.5% 半1.1/0.6,199笔 胜58% PF0.77 均-0.24% 组合95.3 撤-5.9% 半0.8/0.7,259笔 胜68% PF1.18 均+0.14% 组合103.7 撤-2.3% 半1.2/1.2
做多,166+169,2,BTC24h涨,止盈2% 止损5% 24h,0,False,0.51,0.74,229笔 胜58% PF0.74 均-0.37% 组合91.8 撤-9.7% 半0.6/0.9,153笔 胜68% PF1.04 均+0.05% 组合100.7 撤-3.1% 半1.2/0.9,283笔 胜59% PF0.84 均-0.20% 组合94.5 撤-8.9% 半0.8/0.9
做多,166+169,2,BTC24h涨,止盈1.5% 止损3% 12h,3,False,0.51,0.68,231笔 胜54% PF0.68 均-0.33% 组合92.6 撤-7.7% 半0.7/0.7,153笔 胜61% PF0.96 均-0.04% 组合99.4 撤-2.5% 半1.1/0.8,286笔 胜55% PF0.76 均-0.23% 组合93.4 撤-9.1% 半0.6/1.0
做空,605+666,2,BTC24h跌,止盈5% 止损11% 72h,2,False,0.51,0.75,273笔 胜58% PF0.86 均-0.41% 组合88.8 撤-15.6% 半0.7/1.0,159笔 胜57% PF0.84 均-0.45% 组合92.6 撤-13.2% 半0.8/0.9,264笔 胜56% PF0.75 均-0.83% 组合79.2 撤-27.7% 半0.9/0.6
做多,7+8,2,BTC24h涨,止盈2% 止损5% 24h,0,False,0.5,0.92,214笔 胜63% PF0.92 均-0.10% 组合97.8 撤-4.7% 半1.0/0.9,182笔 胜69% PF1.11 均+0.13% 组合102.2 撤-4.3% 半1.0/1.2,259笔 胜65% PF1.05 均+0.06% 组合101.6 撤-7.8% 半0.7/1.7
做多,166+169,2,BTC24h涨,止盈3% 止损8% 48h,1,False,0.5,0.87,225笔 胜59% PF0.87 均-0.25% 组合94.4 撤-11.8% 半0.7/1.2,149笔 胜71% PF1.18 均+0.30% 组合104.4 撤-5.1% 半1.6/0.9,278笔 胜62% PF0.88 均-0.22% 组合92.8 撤-13.7% 半0.7/1.1
做多,8+167,2,不过滤,止盈2% 止损5% 24h,0,False,0.49,0.91,176笔 胜66% PF0.91 均-0.12% 组合97.8 撤-5.9% 半0.8/1.1,197笔 胜64% PF0.94 均-0.08% 组合98.4 撤-4.7% 半1.1/0.8,247笔 胜71% PF1.26 均+0.27% 组合106.7 撤-2.8% 半1.1/1.4
做多,166+169,2,BTC24h涨,止盈5% 止损11% 72h,2,False,0.49,0.87,220笔 胜58% PF1.11 均+0.25% 组合105.1 撤-13.1% 半0.7/1.9,146笔 胜64% PF1.33 均+0.71% 组合110.5 撤-6.5% 半1.5/1.2,273笔 胜54% PF0.87 均-0.35% 组合87.8 撤-22.3% 半0.6/1.3
做多,7+8,2,不过滤,止盈5% 止损11% 72h,2,False,0.47,0.97,202笔 胜64% PF1.33 均+0.66% 组合113.7 撤-5.9% 半1.3/1.3,169笔 胜59% PF0.97 均-0.07% 组合97.7 撤-13.0% 半1.2/0.8,239笔 胜62% PF1.31 均+0.65% 组合112.2 撤-8.7% 半0.9/2.2
做多,7+8,2,BTC24h涨,止盈3% 止损8% 48h,1,False,0.46,1.13,193笔 胜64% PF1.18 均+0.27% 组合105.2 撤-6.5% 半1.1/1.3,171笔 胜68% PF1.21 均+0.33% 组合105.4 撤-6.5% 半1.3/1.1,231笔 胜62% PF1.13 均+0.20% 组合103.6 撤-8.7% 半0.7/2.0
做多,8+167,2,不过滤,止盈3% 止损8% 48h,1,False,0.46,0.88,168笔 胜67% PF1.03 均+0.06% 组合100.8 撤-5.7% 半1.0/1.1,187笔 胜63% PF0.88 均-0.26% 组合95.0 撤-10.6% 半1.2/0.7,226笔 胜73% PF1.48 均+0.66% 组合115.1 撤-4.1% 半1.2/2.0
做多,7,1,BTC24h跌,止盈2% 止损5% 24h,0,False,0.43,0.74,241笔 胜56% PF0.74 均-0.36% 组合91.6 撤-12.5% 半0.8/0.7,127笔 胜64% PF0.86 均-0.19% 组合97.5 撤-5.4% 半0.7/1.1,225笔 胜64% PF0.99 均-0.01% 组合99.7 撤-7.1% 半1.3/0.8
做多,7+8,2,BTC24h涨,止盈5% 止损11% 72h,2,False,0.43,0.98,181笔 胜64% PF1.44 均+0.82% 组合115.6 撤-5.5% 半1.4/1.5,160笔 胜59% PF0.98 均-0.05% 组合98.2 撤-12.3% 半1.3/0.8,212笔 胜61% PF1.27 均+0.59% 组合109.0 撤-8.2% 半0.9/2.1
做多,8+167,2,不过滤,止盈5% 止损11% 72h,2,False,0.43,0.92,160笔 胜62% PF1.08 均+0.21% 组合103.1 撤-4.2% 半1.2/1.0,171笔 胜60% PF0.92 均-0.25% 组合95.2 撤-13.7% 半1.2/0.7,211笔 胜64% PF1.38 均+0.82% 组合115.9 撤-5.8% 半1.1/1.8
做空,605+671,2,不过滤,止盈2% 止损5% 24h,0,False,0.43,0.69,203笔 胜70% PF1.19 均+0.21% 组合104.3 撤-2.6% 半1.3/1.1,154笔 胜71% PF1.00 均+0.01% 组合100.0 撤-3.4% 半1.2/0.9,210笔 胜62% PF0.69 均-0.52% 组合89.4 撤-14.1% 半0.6/0.9
做空,605+671,2,不过滤,止盈1.5% 止损3% 12h,3,False,0.43,0.72,205笔 胜64% PF0.96 均-0.04% 组合99.1 撤-4.4% 半1.1/0.8,156笔 胜63% PF0.82 均-0.19% 组合97.0 撤-4.2% 半0.9/0.8,210笔 胜59% PF0.72 均-0.32% 组合93.4 撤-9.1% 半0.6/0.9
做空,605+671,2,不过滤,止盈3% 止损8% 48h,1,False,0.42,0.67,196笔 胜69% PF1.08 均+0.14% 组合102.6 撤-4.4% 半0.9/1.4,150笔 胜69% PF0.97 均-0.06% 组合98.8 撤-5.5% 半1.0/1.0,206笔 胜59% PF0.67 均-0.82% 组合83.8 撤-19.4% 半0.6/0.7
做多,8+167,2,BTC24h涨,止盈1.5% 止损3% 12h,3,False,0.41,0.67,157笔 胜61% PF0.81 均-0.20% 组合96.8 撤-6.0% 半1.0/0.7,170笔 胜55% PF0.67 均-0.38% 组合93.7 撤-7.3% 半0.8/0.6,193笔 胜67% PF1.17 均+0.13% 组合102.6 撤-2.2% 半0.9/1.5
做空,605+671,2,不过滤,止盈5% 止损11% 72h,2,False,0.41,0.78,191笔 胜62% PF0.96 均-0.13% 组合97.0 撤-11.7% 半0.8/1.2,149笔 胜61% PF0.96 均-0.12% 组合97.7 撤-7.3% 半0.9/1.0,200笔 胜60% PF0.78 均-0.72% 组合85.4 撤-22.9% 半1.2/0.5
做多,7+168,2,不过滤,止盈2% 止损5% 24h,0,False,0.39,0.83,178笔 胜57% PF0.83 均-0.22% 组合96.1 撤-7.4% 半0.9/0.8,123笔 胜63% PF0.88 均-0.16% 组合98.0 撤-4.2% 半0.7/1.2,212笔 胜61% PF1.00 均-0.00% 组合100.2 撤-4.8% 半0.7/1.5
做多,7+168,2,不过滤,止盈3% 止损8% 48h,1,False,0.39,0.96,175笔 胜61% PF1.06 均+0.10% 组合101.5 撤-7.3% 半1.3/0.9,122笔 胜65% PF1.00 均+0.01% 组合99.9 撤-6.2% 半0.8/1.3,211笔 胜60% PF0.96 均-0.07% 组合99.2 撤-13.4% 半0.6/1.8
做多,7+168,2,不过滤,止盈1.5% 止损3% 12h,3,False,0.39,0.79,179笔 胜55% PF0.79 均-0.20% 组合96.5 撤-4.7% 半0.9/0.7,124笔 胜62% PF0.93 均-0.07% 组合99.1 撤-3.4% 半0.6/1.5,213笔 胜60% PF1.10 均+0.07% 组合101.5 撤-2.6% 半0.9/1.3
做多,8+167,2,BTC24h涨,止盈2% 止损5% 24h,0,False,0.39,0.8,149笔 胜65% PF0.90 均-0.14% 组合97.8 撤-5.6% 半0.8/1.0,168笔 胜61% PF0.80 均-0.29% 组合95.2 撤-6.9% 半1.0/0.6,186笔 胜72% PF1.28 均+0.29% 组合105.4 撤-4.0% 半0.9/1.8
做多,7,1,BTC24h跌,止盈3% 止损8% 48h,1,False,0.38,0.75,208笔 胜56% PF0.75 均-0.52% 组合89.5 撤-17.4% 半0.6/0.9,117笔 胜68% PF1.02 均+0.04% 组合100.4 撤-4.9% 半0.9/1.2,196笔 胜63% PF0.94 均-0.10% 组合97.7 撤-8.4% 半0.9/1.0
做多,171,1,BTC24h跌,止盈1.5% 止损3% 12h,3,False,0.38,0.95,205笔 胜66% PF1.28 均+0.20% 组合104.2 撤-2.9% 半1.1/1.5,89笔 胜64% PF0.99 均-0.01% 组合99.9 撤-2.1% 半1.3/0.8,219笔 胜64% PF0.95 均-0.05% 组合98.8 撤-4.8% 半1.2/0.8
做多,7+168,2,不过滤,止盈5% 止损11% 72h,2,False,0.38,0.9,174笔 胜58% PF1.10 均+0.23% 组合103.5 撤-10.1% 半1.4/0.9,119笔 胜56% PF0.90 均-0.27% 组合96.4 撤-9.3% 半0.9/0.9,210笔 胜53% PF0.91 均-0.24% 组合95.1 撤-15.9% 半0.7/1.2
做多,171,1,BTC24h跌,止盈2% 止损5% 24h,0,False,0.37,0.84,204笔 胜66% PF1.15 均+0.16% 组合103.1 撤-5.8% 半0.9/1.5,89笔 胜62% PF0.84 均-0.22% 组合98.0 撤-4.6% 半1.0/0.7,215笔 胜67% PF0.93 均-0.10% 组合97.5 撤-5.3% 半0.9/1.0
做多,171,1,BTC24h跌,止盈3% 止损8% 48h,1,False,0.37,0.68,201笔 胜61% PF0.92 均-0.14% 组合97.0 撤-9.5% 半0.7/1.3,89笔 胜57% PF0.68 均-0.75% 组合93.4 撤-8.0% 半0.7/0.7,211笔 胜65% PF1.00 均+0.00% 组合99.4 撤-9.0% 半0.8/1.4
做多,8+167,2,BTC24h涨,止盈3% 止损8% 48h,1,False,0.37,0.8,144笔 胜69% PF1.20 均+0.32% 组合104.6 撤-5.7% 半1.2/1.2,159笔 胜60% PF0.80 均-0.43% 组合93.0 撤-11.4% 半1.3/0.5,173笔 胜71% PF1.35 均+0.53% 组合108.6 撤-4.4% 半1.0/2.0
做多,171,1,BTC24h跌,止盈5% 止损11% 72h,2,False,0.36,0.68,195笔 胜52% PF0.84 均-0.44% 组合91.3 撤-12.0% 半0.9/0.8,89笔 胜53% PF0.68 均-1.11% 组合90.3 撤-12.2% 半0.6/0.8,206笔 胜62% PF1.09 均+0.22% 组合103.3 撤-14.7% 半0.8/1.5
做多,8+167,2,BTC24h涨,止盈5% 止损11% 72h,2,False,0.35,0.89,136笔 胜67% PF1.42 均+0.88% 组合112.4 撤-3.2% 半1.5/1.3,145笔 胜59% PF0.89 均-0.32% 组合95.0 撤-12.9% 半1.4/0.6,163笔 胜61% PF1.33 均+0.71% 组合109.2 撤-6.0% 半1.0/1.9
做多,7,1,BTC24h跌,止盈5% 止损11% 72h,2,False,0.34,0.75,190笔 胜53% PF0.75 均-0.74% 组合86.4 撤-19.7% 半0.8/0.7,104笔 胜58% PF0.89 均-0.31% 组合96.7 撤-10.8% 半0.7/1.1,175笔 胜56% PF0.86 均-0.39% 组合93.6 撤-12.3% 半0.7/1.0
做多,7+168,2,BTC24h涨,止盈2% 止损5% 24h,0,False,0.34,0.9,141笔 胜60% PF1.05 均+0.05% 组合100.7 撤-4.0% 半1.3/0.9,111笔 胜63% PF0.90 均-0.13% 组合98.5 撤-4.1% 半0.6/1.4,184笔 胜59% PF0.96 均-0.04% 组合99.4 撤-4.4% 半0.7/1.5
做多,7+168,2,BTC24h涨,止盈1.5% 止损3% 12h,3,False,0.34,0.96,142笔 胜62% PF1.09 均+0.07% 组合101.0 撤-2.2% 半1.5/0.8,111笔 胜63% PF0.96 均-0.03% 组合99.6 撤-3.3% 半0.6/1.9,185笔 胜59% PF1.03 均+0.02% 组合100.4 撤-2.4% 半0.9/1.1
做多,7+168,2,BTC24h涨,止盈3% 止损8% 48h,1,False,0.33,0.93,139笔 胜68% PF1.70 均+0.78% 组合111.2 撤-3.0% 半1.9/1.5,110笔 胜64% PF0.94 均-0.11% 组合98.7 撤-6.7% 半0.7/1.5,183笔 胜59% PF0.93 均-0.13% 组合98.4 撤-11.3% 半0.6/1.8
做多,7+168,2,BTC24h涨,止盈5% 止损11% 72h,2,False,0.33,0.88,138笔 胜62% PF1.47 均+0.89% 组合112.7 撤-6.2% 半1.9/1.1,108笔 胜56% PF0.88 均-0.33% 组合96.1 撤-9.5% 半0.9/0.9,183笔 胜53% PF0.93 均-0.17% 组合97.1 撤-13.2% 半0.6/1.4
做多,164+166,2,不过滤,止盈1.5% 止损3% 12h,3,False,0.32,0.66,108笔 胜58% PF0.78 均-0.23% 组合97.6 撤-3.7% 半0.8/0.8,78笔 胜55% PF0.66 均-0.37% 组合97.1 撤-4.2% 半1.1/0.4,212笔 胜61% PF0.96 均-0.03% 组合99.2 撤-5.1% 半0.7/1.4
做多,164+166,2,不过滤,止盈2% 止损5% 24h,0,False,0.31,0.61,107笔 胜60% PF0.92 均-0.09% 组合99.0 撤-4.1% 半0.7/1.2,77笔 胜55% PF0.61 均-0.61% 组合95.3 撤-4.9% 半0.7/0.6,210笔 胜60% PF0.91 均-0.10% 组合97.7 撤-8.0% 半0.7/1.4
做多,164+166,2,不过滤,止盈3% 止损8% 48h,1,False,0.31,0.8,106笔 胜58% PF0.86 均-0.25% 组合97.3 撤-6.0% 半0.7/1.1,76笔 胜59% PF0.80 均-0.38% 组合97.1 撤-4.7% 半0.9/0.7,209笔 胜63% PF0.86 均-0.28% 组合93.8 撤-15.9% 半0.5/1.7
做多,164+166,2,不过滤,止盈5% 止损11% 72h,2,False,0.31,0.69,104笔 胜51% PF0.81 均-0.50% 组合94.7 撤-9.8% 半0.7/1.1,74笔 胜54% PF0.69 均-0.99% 组合92.7 撤-9.7% 半0.8/0.6,206笔 胜54% PF0.72 均-0.83% 组合83.0 撤-29.2% 半0.4/1.7
做多,164+168,2,BTC24h涨,止盈1.5% 止损3% 12h,3,False,0.31,0.55,101笔 胜47% PF0.55 均-0.45% 组合95.5 撤-5.3% 半0.7/0.5,90笔 胜56% PF0.65 均-0.39% 组合96.5 撤-4.2% 半0.6/0.7,194笔 胜57% PF0.81 均-0.17% 组合96.7 撤-4.8% 半1.0/0.7
做空,605+671,2,BTC24h涨,止盈1.5% 止损3% 12h,3,False,0.31,0.64,113笔 胜55% PF0.64 均-0.42% 组合95.4 撤-5.1% 半0.7/0.6,114笔 胜61% PF0.75 均-0.28% 组合96.8 撤-4.4% 半0.9/0.6,162笔 胜58% PF0.68 均-0.37% 组合94.0 撤-7.8% 半0.5/0.9
做多,164+168,2,BTC24h涨,止盈2% 止损5% 24h,0,False,0.3,0.71,100笔 胜57% PF0.71 均-0.42% 组合95.9 撤-5.6% 半1.1/0.4,89笔 胜65% PF1.14 均+0.15% 组合101.3 撤-2.2% 半1.1/1.1,189笔 胜64% PF1.01 均+0.01% 组合99.0 撤-3.9% 半1.0/1.0
做多,164+168,2,BTC24h涨,止盈3% 止损8% 48h,1,False,0.3,0.72,100笔 胜55% PF0.72 均-0.59% 组合94.2 撤-8.0% 半1.2/0.4,87笔 胜79% PF1.69 均+0.85% 组合107.6 撤-1.8% 半1.3/2.6,187笔 胜57% PF0.79 均-0.40% 组合91.4 撤-9.7% 半0.8/0.8
做空,506,1,BTC24h涨,止盈1.5% 止损3% 12h,3,False,0.3,1.16,71笔 胜69% PF2.06 均+0.49% 组合103.6 撤-1.2% 半2.3/1.8,40笔 胜72% PF1.32 均+0.24% 组合101.0 撤-1.1% 半2.4/0.8,246笔 胜63% PF1.16 均+0.12% 组合101.3 撤-4.1% 半1.1/1.2
做空,641,1,不过滤,止盈1.5% 止损3% 12h,3,False,0.3,0.69,146笔 胜69% PF1.04 均+0.04% 组合100.5 撤-2.8% 半1.0/1.1,149笔 胜60% PF0.69 均-0.38% 组合94.4 撤-6.2% 半0.7/0.6,106笔 胜62% PF0.75 均-0.30% 组合96.9 撤-3.1% 半0.7/0.7
做空,605+671,2,BTC24h涨,止盈2% 止损5% 24h,0,False,0.3,0.64,112笔 胜70% PF1.05 均+0.07% 组合100.7 撤-3.6% 半1.2/0.9,112笔 胜69% PF0.90 均-0.15% 组合98.2 撤-3.6% 半1.1/0.7,162笔 胜60% PF0.64 均-0.64% 组合89.9 撤-13.8% 半0.5/0.9
做空,605+671,2,BTC24h涨,止盈3% 止损8% 48h,1,False,0.3,0.67,109笔 胜66% PF0.84 均-0.35% 组合96.2 撤-6.5% 半0.9/0.8,109笔 胜69% PF1.00 均-0.01% 组合99.7 撤-4.5% 半0.9/1.1,158笔 胜58% PF0.67 均-0.80% 组合87.8 撤-15.4% 半0.6/0.8
做多,164+168,2,BTC24h涨,止盈5% 止损11% 72h,2,False,0.29,0.8,98笔 胜57% PF0.80 均-0.55% 组合94.5 撤-11.0% 半1.4/0.4,85笔 胜65% PF1.27 均+0.57% 组合104.8 撤-6.0% 半1.6/1.0,179笔 胜56% PF1.04 均+0.08% 组合99.8 撤-7.2% 半1.1/1.0
做空,506,1,BTC24h涨,止盈2% 止损5% 24h,0,False,0.29,0.93,70笔 胜64% PF1.36 均+0.32% 组合102.3 撤-2.3% 半2.4/0.8,40笔 胜60% PF0.93 均-0.09% 组合99.6 撤-1.7% 半0.9/0.9,234笔 胜67% PF1.19 均+0.20% 组合101.8 撤-4.1% 半1.1/1.3
做空,642,1,不过滤,止盈1.5% 止损3% 12h,3,False,0.29,0.45,158笔 胜65% PF0.83 均-0.19% 组合96.8 撤-6.7% 半0.5/1.3,129笔 胜50% PF0.45 均-0.88% 组合90.7 撤-10.1% 半0.8/0.2,110笔 胜63% PF0.76 均-0.28% 组合96.9 撤-4.1% 半0.7/0.8
做空,506+665,2,不过滤,止盈2% 止损5% 24h,0,False,0.29,0.56,88笔 胜74% PF1.75 均+0.59% 组合105.3 撤-1.5% 半2.1/1.5,101笔 胜53% PF0.56 均-0.74% 组合92.7 撤-8.0% 半0.5/0.6,169笔 胜62% PF0.89 均-0.15% 组合96.7 撤-6.6% 半1.0/0.8
做空,506+665,2,不过滤,止盈1.5% 止损3% 12h,3,False,0.29,0.6,89笔 胜69% PF1.25 均+0.19% 组合101.6 撤-1.4% 半1.3/1.2,102笔 胜52% PF0.60 均-0.48% 组合95.2 撤-5.9% 半0.7/0.5,173笔 胜60% PF0.89 均-0.10% 组合98.0 撤-5.5% 半1.0/0.8
做空,605+671,2,BTC24h涨,止盈5% 止损11% 72h,2,False,0.29,0.66,106笔 胜56% PF0.66 均-1.30% 组合86.8 撤-14.1% 半0.6/0.7,108笔 胜61% PF0.93 均-0.23% 组合97.2 撤-7.5% 半0.8/1.1,153笔 胜61% PF0.80 均-0.61% 组合90.4 撤-18.2% 半1.2/0.6
做空,506,1,BTC24h涨,止盈3% 止损8% 48h,1,False,0.28,0.88,70笔 胜63% PF1.56 均+0.62% 组合104.3 撤-2.1% 半2.0/1.2,37笔 胜59% PF0.88 均-0.23% 组合99.1 撤-3.7% 半0.6/1.3,228笔 胜68% PF1.34 均+0.47% 组合106.0 撤-7.8% 半1.8/1.0
做空,641,1,不过滤,止盈2% 止损5% 24h,0,False,0.28,0.76,139笔 胜74% PF1.07 均+0.10% 组合101.3 撤-2.2% 半1.0/1.2,135笔 胜67% PF0.76 均-0.41% 组合94.3 撤-6.6% 半0.8/0.7,105笔 胜69% PF0.82 均-0.30% 组合96.9 撤-3.8% 半0.8/0.9
做空,506+665,2,不过滤,止盈3% 止损8% 48h,1,False,0.28,0.53,86笔 胜73% PF1.50 均+0.65% 组合105.7 撤-2.5% 半2.7/0.9,99笔 胜49% PF0.53 均-1.25% 组合88.0 撤-14.5% 半0.6/0.4,165笔 胜63% PF1.04 均+0.07% 组合100.9 撤-8.1% 半1.2/0.9
做空,506,1,BTC24h涨,止盈5% 止损11% 72h,2,False,0.27,0.42,69笔 胜64% PF1.76 均+1.16% 组合108.2 撤-3.7% 半2.7/1.1,37笔 胜43% PF0.42 均-2.56% 组合90.8 撤-12.5% 半0.2/1.3,218笔 胜63% PF1.34 均+0.69% 组合105.8 撤-10.1% 半1.9/1.0
做空,641,1,不过滤,止盈3% 止损8% 48h,1,False,0.27,0.79,131笔 胜75% PF1.06 均+0.12% 组合101.4 撤-5.2% 半0.9/1.2,124笔 胜68% PF0.79 均-0.53% 组合93.2 撤-9.7% 半1.0/0.6,101笔 胜71% PF0.88 均-0.28% 组合97.1 撤-5.1% 半1.2/0.7
做空,642,1,不过滤,止盈2% 止损5% 24h,0,False,0.27,0.59,137笔 胜74% PF1.05 均+0.07% 组合100.0 撤-6.1% 半0.7/1.6,118笔 胜61% PF0.59 均-0.83% 组合91.6 撤-10.6% 半1.0/0.4,104笔 胜63% PF0.65 均-0.66% 组合93.1 撤-8.8% 半0.5/0.9
做空,506+665,2,不过滤,止盈5% 止损11% 72h,2,False,0.27,0.47,84笔 胜67% PF1.67 均+1.16% 组合110.1 撤-3.7% 半2.9/1.0,97笔 胜45% PF0.47 均-2.04% 组合81.6 撤-19.2% 半0.5/0.4,158笔 胜54% PF1.03 均+0.07% 组合99.8 撤-13.4% 半1.5/0.7
做空,506+665,2,BTC24h跌,止盈2% 止损5% 24h,0,False,0.27,0.56,84笔 胜75% PF1.89 均+0.66% 组合105.7 撤-1.5% 半2.0/1.8,99笔 胜54% PF0.56 均-0.76% 组合92.6 撤-8.1% 半0.5/0.6,149笔 胜60% PF0.83 均-0.24% 组合95.8 撤-7.5% 半0.8/0.9
做空,506+665,2,BTC24h跌,止盈1.5% 止损3% 12h,3,False,0.27,0.6,85笔 胜69% PF1.27 均+0.20% 组合101.7 撤-1.4% 半1.2/1.4,100笔 胜52% PF0.60 均-0.47% 组合95.4 撤-5.7% 半0.7/0.5,153笔 胜60% PF0.89 均-0.10% 组合98.2 撤-5.4% 半0.9/0.9
做多,8+171,2,不过滤,止盈2% 止损5% 24h,0,False,0.26,0.87,165笔 胜64% PF0.87 均-0.18% 组合97.0 撤-6.5% 半1.1/0.7,81笔 胜63% PF0.95 均-0.06% 组合99.4 撤-2.9% 半1.3/0.7,116笔 胜67% PF1.05 均+0.06% 组合100.7 撤-3.7% 半1.1/1.0
做多,8+171,2,不过滤,止盈1.5% 止损3% 12h,3,False,0.26,0.87,167笔 胜59% PF0.93 均-0.06% 组合98.9 撤-2.8% 半1.1/0.8,83笔 胜64% PF1.10 均+0.08% 组合100.7 撤-1.4% 半1.6/0.8,120笔 胜62% PF0.87 均-0.13% 组合98.4 撤-3.6% 半0.8/1.0
做空,506+665,2,BTC24h跌,止盈3% 止损8% 48h,1,False,0.26,0.53,82笔 胜74% PF1.63 均+0.77% 组合106.5 撤-2.5% 半2.8/1.0,97笔 胜49% PF0.53 均-1.26% 组合88.2 撤-14.4% 半0.6/0.5,145笔 胜62% PF1.02 均+0.04% 组合100.5 撤-6.4% 半1.0/1.0
做空,605+666+671,3,不过滤,止盈2% 止损5% 24h,0,False,0.26,0.68,129笔 胜68% PF1.07 均+0.08% 组合101.0 撤-2.0% 半1.3/0.9,91笔 胜74% PF1.14 均+0.17% 组合101.5 撤-2.8% 半1.6/0.8,130笔 胜61% PF0.68 均-0.54% 组合93.0 撤-8.9% 半0.6/0.7
做空,605+666+671,3,不过滤,止盈3% 止损8% 48h,1,False,0.26,0.63,126笔 胜65% PF0.87 均-0.28% 组合96.4 撤-6.7% 半0.7/1.2,90笔 胜72% PF1.11 均+0.20% 组合101.7 撤-4.2% 半1.2/1.0,129笔 胜57% PF0.63 均-0.95% 组合88.3 撤-13.8% 半0.5/0.7
做空,605+666+671,3,不过滤,止盈1.5% 止损3% 12h,3,False,0.26,0.64,130笔 胜65% PF0.97 均-0.03% 组合99.6 撤-2.4% 半1.1/0.9,91笔 胜67% PF1.03 均+0.02% 组合100.2 撤-1.9% 半1.3/0.8,130笔 胜57% PF0.64 均-0.43% 组合94.5 撤-5.9% 半0.6/0.7
做多,8+171,2,不过滤,止盈3% 止损8% 48h,1,False,0.25,0.92,160笔 胜65% PF1.01 均+0.01% 组合100.0 撤-8.5% 半1.0/1.0,78笔 胜62% PF0.92 均-0.16% 组合98.6 撤-5.6% 半1.3/0.7,113笔 胜59% PF0.92 均-0.15% 组合98.1 撤-4.3% 半1.0/0.9
做多,167+172,2,不过滤,止盈2% 止损5% 24h,0,False,0.25,0.93,91笔 胜67% PF0.93 均-0.10% 组合99.0 撤-3.4% 半0.7/1.2,109笔 胜71% PF1.05 均+0.06% 组合100.6 撤-3.4% 半1.2/0.9,114笔 胜75% PF1.55 均+0.51% 组合106.0 撤-2.7% 半3.5/0.9
做多,167+172,2,不过滤,止盈1.5% 止损3% 12h,3,False,0.25,0.89,91笔 胜65% PF0.89 均-0.12% 组合98.9 撤-2.3% 半1.0/0.8,111笔 胜66% PF0.93 均-0.07% 组合99.2 撤-2.7% 半0.8/1.2,117笔 胜70% PF1.13 均+0.12% 组合101.4 撤-1.7% 半1.3/1.0
做空,641,1,不过滤,止盈5% 止损11% 72h,2,False,0.25,0.81,125笔 胜69% PF1.09 均+0.29% 组合103.3 撤-8.1% 半1.1/1.1,117笔 胜64% PF0.81 均-0.72% 组合91.0 撤-12.1% 半0.9/0.8,98笔 胜65% PF0.87 均-0.45% 组合95.4 撤-6.5% 半1.1/0.7
做空,642,1,不过滤,止盈3% 止损8% 48h,1,False,0.25,0.58,127笔 胜72% PF0.90 均-0.22% 组合95.6 撤-8.9% 半0.7/1.1,106笔 胜61% PF0.58 均-1.28% 组合86.6 撤-15.9% 半0.9/0.4,98笔 胜68% PF0.79 均-0.54% 组合95.1 撤-10.4% 半0.6/1.1
做空,506+665,2,BTC24h跌,止盈5% 止损11% 72h,2,False,0.25,0.46,81笔 胜68% PF1.81 均+1.34% 组合111.3 撤-3.7% 半3.0/1.1,95笔 胜45% PF0.46 均-2.10% 组合81.5 撤-19.3% 半0.5/0.4,139笔 胜53% PF1.04 均+0.08% 组合99.8 撤-11.6% 半1.7/0.6
做空,605+666+671,3,不过滤,止盈5% 止损11% 72h,2,False,0.25,0.72,123笔 胜56% PF0.75 均-0.85% 组合89.7 撤-13.6% 半0.5/1.1,89笔 胜62% PF0.93 均-0.22% 组合97.7 撤-7.0% 半1.0/0.9,127笔 胜58% PF0.72 均-0.92% 组合88.5 撤-16.9% 半1.0/0.5
做多,8+171,2,不过滤,止盈5% 止损11% 72h,2,False,0.24,1.02,154笔 胜58% PF1.15 均+0.34% 组合104.9 撤-8.4% 半0.9/1.5,78笔 胜56% PF1.02 均+0.04% 组合100.1 撤-8.8% 半1.2/0.9,111笔 胜59% PF1.02 均+0.06% 组合99.3 撤-5.4% 半1.2/0.9
做多,164+166,2,BTC24h跌,止盈2% 止损5% 24h,0,False,0.24,0.67,74笔 胜54% PF0.77 均-0.29% 组合97.8 撤-3.4% 半0.7/0.9,55笔 胜56% PF0.67 均-0.49% 组合97.3 撤-3.2% 半0.7/0.6,167笔 胜59% PF0.85 均-0.18% 组合96.9 撤-8.0% 半0.6/1.6
做多,164+166,2,BTC24h跌,止盈3% 止损8% 48h,1,False,0.24,0.72,74笔 胜53% PF0.72 均-0.55% 组合95.9 撤-4.9% 半0.6/0.9,54笔 胜57% PF0.74 均-0.51% 组合97.2 撤-4.5% 半0.7/0.8,167笔 胜63% PF0.79 均-0.45% 组合92.3 撤-16.3% 半0.4/1.9
做多,164+166,2,BTC24h跌,止盈1.5% 止损3% 12h,3,False,0.24,0.58,74笔 胜51% PF0.58 均-0.49% 组合96.4 撤-4.1% 半0.6/0.6,56笔 胜52% PF0.58 均-0.48% 组合97.3 撤-3.9% 半1.0/0.3,168笔 胜61% PF0.92 均-0.07% 组合98.8 撤-4.7% 半0.7/1.4
做多,167+172,2,不过滤,止盈3% 止损8% 48h,1,False,0.24,1.13,86笔 胜72% PF1.18 均+0.33% 组合102.8 撤-3.4% 半1.2/1.2,107笔 胜72% PF1.13 均+0.24% 组合102.4 撤-4.7% 半1.3/1.0,109笔 胜74% PF1.36 均+0.56% 组合106.2 撤-3.6% 半1.6/1.2
做空,544,1,不过滤,止盈1.5% 止损3% 12h,3,False,0.24,0.5,108笔 胜51% PF0.72 均-0.22% 组合97.6 撤-2.7% 半0.7/0.7,60笔 胜48% PF0.50 均-0.66% 组合96.1 撤-4.1% 半0.8/0.3,145笔 胜61% PF0.94 均-0.05% 组合99.3 撤-4.2% 半1.3/0.7
做多,164+166,2,BTC24h跌,止盈5% 止损11% 72h,2,False,0.23,0.65,72笔 胜53% PF0.83 均-0.44% 组合96.8 撤-6.3% 半0.7/1.1,52笔 胜58% PF0.75 均-0.77% 组合95.9 撤-6.3% 半0.8/0.7,166笔 胜52% PF0.65 均-1.09% 组合82.3 撤-27.7% 半0.3/1.9
做多,166+172,2,不过滤,止盈2% 止损5% 24h,0,False,0.23,0.67,103笔 胜67% PF1.15 均+0.17% 组合101.7 撤-2.8% 半1.0/1.3,90笔 胜62% PF0.67 均-0.56% 组合95.0 撤-6.5% 半0.7/0.7,113笔 胜64% PF0.80 均-0.29% 组合96.7 撤-5.4% 半0.7/0.9
做多,166+172,2,不过滤,止盈3% 止损8% 48h,1,False,0.23,0.86,103笔 胜69% PF1.16 均+0.27% 组合102.8 撤-4.4% 半0.9/1.4,87笔 胜64% PF0.86 均-0.29% 组合97.4 撤-6.0% 半0.8/0.9,112笔 胜70% PF1.23 均+0.37% 组合104.0 撤-6.1% 半1.4/1.1
做多,166+172,2,不过滤,止盈5% 止损11% 72h,2,False,0.23,0.89,102笔 胜63% PF1.27 均+0.63% 组合106.4 撤-5.9% 半1.2/1.4,86笔 胜60% PF0.89 均-0.33% 组合96.9 撤-7.6% 半1.0/0.8,108笔 胜63% PF1.29 均+0.66% 组合106.9 撤-6.5% 半1.0/1.7
做多,166+172,2,不过滤,止盈1.5% 止损3% 12h,3,False,0.23,0.69,103笔 胜64% PF1.01 均+0.00% 组合100.0 撤-1.8% 半1.0/1.0,90笔 胜60% PF0.76 均-0.27% 组合97.6 撤-3.3% 半0.8/0.7,114笔 胜57% PF0.69 均-0.36% 组合96.0 撤-4.8% 半0.7/0.7
做多,167+172,2,不过滤,止盈5% 止损11% 72h,2,False,0.23,0.8,84笔 胜58% PF0.80 均-0.71% 组合94.1 撤-9.6% 半0.8/0.8,104笔 胜67% PF1.22 均+0.59% 组合106.1 撤-6.3% 半1.5/1.0,106笔 胜66% PF1.18 均+0.48% 组合104.9 撤-4.6% 半1.2/1.2
做空,544,1,不过滤,止盈2% 止损5% 24h,0,False,0.23,0.7,105笔 胜52% PF0.78 均-0.23% 组合97.5 撤-4.5% 半1.2/0.5,56笔 胜59% PF0.70 均-0.45% 组合97.5 撤-3.9% 半1.1/0.4,143笔 胜60% PF0.88 均-0.14% 组合97.9 撤-4.7% 半1.1/0.7
做空,544,1,不过滤,止盈3% 止损8% 48h,1,False,0.23,0.88,105笔 胜59% PF1.03 均+0.04% 组合100.3 撤-6.7% 半1.9/0.5,54笔 胜61% PF0.88 均-0.22% 组合98.7 撤-4.6% 半1.6/0.5,140笔 胜62% PF1.28 均+0.37% 组合105.1 撤-3.6% 半2.1/0.8
做空,642,1,不过滤,止盈5% 止损11% 72h,2,False,0.23,0.62,121笔 胜66% PF0.96 均-0.15% 组合95.9 撤-13.7% 半0.9/1.1,100笔 胜56% PF0.62 均-1.65% 组合84.8 撤-17.6% 半0.8/0.5,89笔 胜60% PF0.65 均-1.54% 组合86.8 撤-15.7% 半0.5/0.9
做多,165,1,不过滤,止盈1.5% 止损3% 12h,3,False,0.22,0.78,113笔 胜72% PF1.35 均+0.26% 组合103.0 撤-1.2% 半1.2/1.6,87笔 胜62% PF0.78 均-0.26% 组合97.8 撤-4.2% 半0.6/1.0,99笔 胜70% PF1.13 均+0.11% 组合101.1 撤-2.2% 半1.0/1.2
做多,8+172,2,BTC24h跌,止盈1.5% 止损3% 12h,3,False,0.22,0.74,90笔 胜62% PF0.81 均-0.21% 组合98.1 撤-2.6% 半0.9/0.7,75笔 胜61% PF0.74 均-0.30% 组合97.8 撤-3.6% 半0.8/0.7,119笔 胜66% PF0.92 均-0.08% 组合99.1 撤-3.8% 半0.6/1.6
做空,544,1,不过滤,止盈5% 止损11% 72h,2,False,0.22,1.24,105笔 胜64% PF1.39 均+0.61% 组合106.4 撤-5.7% 半2.4/0.8,54笔 胜65% PF1.24 均+0.54% 组合102.8 撤-4.3% 半2.8/0.6,137笔 胜58% PF1.43 均+0.69% 组合109.5 撤-6.3% 半3.1/0.8
做多,165,1,不过滤,止盈2% 止损5% 24h,0,False,0.21,0.75,108笔 胜73% PF1.27 均+0.29% 组合103.2 撤-2.5% 半1.0/1.7,82笔 胜66% PF0.75 均-0.43% 组合96.5 撤-5.3% 半0.7/0.8,97笔 胜80% PF1.91 均+0.73% 组合107.3 撤-1.3% 半2.2/1.7
做多,8+172,2,BTC24h跌,止盈2% 止损5% 24h,0,False,0.21,0.66,89笔 胜58% PF0.66 均-0.58% 组合94.9 撤-6.3% 半0.5/0.8,72笔 胜69% PF1.09 均+0.11% 组合100.7 撤-3.5% 半1.6/0.7,115笔 胜73% PF1.23 均+0.26% 组合103.0 撤-1.6% 半1.0/1.5
做多,169+172,2,不过滤,止盈2% 止损5% 24h,0,False,0.21,0.79,82笔 胜63% PF0.79 均-0.32% 组合97.4 撤-4.0% 半0.6/1.1,90笔 胜71% PF0.97 均-0.04% 组合99.6 撤-3.9% 半0.8/1.2,93笔 胜66% PF1.12 均+0.13% 组合101.1 撤-2.5% 半1.1/1.2
做多,169+172,2,不过滤,止盈1.5% 止损3% 12h,3,False,0.21,0.79,82笔 胜59% PF0.79 均-0.22% 组合98.2 撤-2.2% 半0.7/0.9,90笔 胜69% PF1.07 均+0.06% 组合100.5 撤-1.8% 半0.9/1.2,95笔 胜78% PF1.62 均+0.41% 组合103.5 撤-0.8% 半1.6/1.6
做多,165,1,不过滤,止盈3% 止损8% 48h,1,False,0.2,1.15,105笔 胜71% PF1.30 均+0.47% 组合105.0 撤-4.1% 半1.0/1.7,78笔 胜74% PF1.15 均+0.29% 组合102.2 撤-7.0% 半0.8/1.8,91笔 胜75% PF1.44 均+0.66% 组合106.1 撤-2.4% 半1.6/1.3
做多,8+172,2,BTC24h跌,止盈3% 止损8% 48h,1,False,0.2,0.61,83笔 胜58% PF0.61 均-1.06% 组合91.5 撤-9.6% 半0.5/0.7,70笔 胜67% PF0.98 均-0.04% 组合99.6 撤-5.5% 半1.2/0.8,105笔 胜76% PF1.44 均+0.66% 组合107.0 撤-3.0% 半1.7/1.3
做多,169+172,2,不过滤,止盈3% 止损8% 48h,1,False,0.2,0.63,81笔 胜54% PF0.63 均-0.88% 组合93.1 撤-6.9% 半0.6/0.7,90笔 胜77% PF1.39 均+0.62% 组合105.7 撤-5.0% 半1.3/1.6,92笔 胜63% PF0.82 均-0.39% 组合98.0 撤-8.3% 半0.5/1.6
做多,169+172,2,不过滤,止盈5% 止损11% 72h,2,False,0.2,0.58,80笔 胜46% PF0.58 均-1.47% 组合88.7 撤-12.6% 半0.4/0.9,89笔 胜72% PF1.70 均+1.40% 组合113.1 撤-4.0% 半2.0/1.5,90笔 胜52% PF0.85 均-0.46% 组合97.4 撤-9.7% 半0.4/1.8
做空,641,1,BTC24h涨,止盈1.5% 止损3% 12h,3,False,0.2,0.64,93笔 胜72% PF1.21 均+0.18% 组合101.7 撤-2.6% 半0.9/1.6,113笔 胜58% PF0.64 均-0.48% 组合94.7 撤-5.9% 半0.8/0.5,53笔 胜66% PF0.88 均-0.13% 组合99.3 撤-1.1% 半1.0/0.8
做多,165,1,不过滤,止盈5% 止损11% 72h,2,False,0.19,1.15,102笔 胜65% PF1.15 均+0.40% 组合103.9 撤-10.3% 半0.8/1.7,70笔 胜70% PF1.44 均+1.05% 组合107.4 撤-7.7% 半1.1/2.0,86笔 胜72% PF1.62 均+1.31% 组合111.6 撤-3.5% 半1.6/1.7
做多,8+171,2,BTC24h涨,止盈2% 止损5% 24h,0,False,0.19,0.91,126笔 胜65% PF0.92 均-0.10% 组合98.7 撤-5.0% 半1.2/0.7,60笔 胜63% PF1.06 均+0.07% 组合100.4 撤-1.9% 半1.2/0.9,85笔 胜64% PF0.91 均-0.11% 组合99.0 撤-4.1% 半0.8/1.1
做多,8+171,2,BTC24h涨,止盈3% 止损8% 48h,1,False,0.19,0.86,125笔 胜67% PF1.08 均+0.13% 组合101.5 撤-6.1% 半1.0/1.2,58笔 胜60% PF0.91 均-0.16% 组合99.0 撤-5.0% 半1.2/0.7,82笔 胜55% PF0.86 均-0.26% 组合97.8 撤-5.1% 半0.9/0.9
做多,8+171,2,BTC24h涨,止盈1.5% 止损3% 12h,3,False,0.19,0.8,126笔 胜62% PF1.06 均+0.05% 组合100.6 撤-2.3% 半1.4/0.8,62笔 胜61% PF1.05 均+0.04% 组合100.2 撤-1.1% 半1.4/0.8,86笔 胜59% PF0.80 均-0.20% 组合98.2 撤-4.1% 半0.5/1.2
做多,8+172,2,BTC24h跌,止盈5% 止损11% 72h,2,False,0.19,0.8,79笔 胜56% PF0.80 均-0.65% 组合94.8 撤-8.5% 半0.6/1.0,68笔 胜66% PF1.14 均+0.39% 组合102.5 撤-7.0% 半1.8/0.7,99笔 胜64% PF1.05 均+0.15% 组合101.2 撤-7.0% 半1.0/1.1
做空,506+669,2,不过滤,止盈1.5% 止损3% 12h,3,False,0.19,0.73,104笔 胜76% PF1.79 均+0.48% 组合105.1 撤-2.0% 半4.3/1.0,42笔 胜67% PF1.14 均+0.12% 组合100.5 撤-1.4% 半1.9/0.7,110笔 胜55% PF0.73 均-0.29% 组合96.9 撤-4.1% 半1.2/0.5
做空,605+666+671,3,BTC24h涨,止盈2% 止损5% 24h,0,False,0.19,0.62,71笔 胜65% PF0.83 均-0.24% 组合98.3 撤-3.1% 半0.9/0.7,71笔 胜72% PF1.07 均+0.09% 组合100.6 撤-3.1% 半2.5/0.6,95笔 胜58% PF0.62 均-0.68% 组合93.6 撤-8.7% 半0.6/0.6
做空,605+666+671,3,BTC24h涨,止盈1.5% 止损3% 12h,3,False,0.19,0.57,72笔 胜56% PF0.63 均-0.42% 组合97.0 撤-3.3% 半0.8/0.5,71笔 胜66% PF0.95 均-0.05% 组合99.7 撤-2.1% 半1.5/0.6,95笔 胜54% PF0.57 均-0.55% 组合94.8 撤-5.5% 半0.6/0.5
做多,7+169,2,不过滤,止盈2% 止损5% 24h,0,False,0.18,0.89,98笔 胜58% PF0.89 均-0.13% 组合98.7 撤-2.4% 半1.0/0.8,58笔 胜76% PF1.65 均+0.54% 组合103.2 撤-2.2% 半0.9/4.3,93笔 胜66% PF1.16 均+0.16% 组合101.5 撤-3.6% 半0.8/1.9
做多,7+169,2,不过滤,止盈3% 止损8% 48h,1,False,0.18,0.88,98笔 胜59% PF0.88 均-0.22% 组合97.8 撤-5.3% 半0.8/1.0,57笔 胜68% PF1.17 均+0.29% 组合101.6 撤-3.3% 半0.7/2.5,93笔 胜70% PF1.69 均+0.80% 组合107.7 撤-3.5% 半1.0/3.5
做多,7+169,2,不过滤,止盈5% 止损11% 72h,2,False,0.18,0.96,98笔 胜59% PF0.96 均-0.10% 组合98.8 撤-7.4% 半1.0/1.0,57笔 胜65% PF1.16 均+0.40% 组合102.2 撤-6.4% 半0.6/3.1,93笔 胜66% PF1.62 均+1.06% 组合110.1 撤-4.4% 半0.8/3.9
做多,7+169,2,不过滤,止盈1.5% 止损3% 12h,3,False,0.18,0.8,98笔 胜55% PF0.80 均-0.19% 组合98.1 撤-2.3% 半0.9/0.7,59笔 胜68% PF1.49 均+0.31% 组合101.8 撤-1.0% 半1.0/2.5,93笔 胜63% PF1.09 均+0.07% 组合100.7 撤-1.8% 半0.7/1.9
做多,8+171,2,BTC24h涨,止盈5% 止损11% 72h,2,False,0.18,0.9,123笔 胜60% PF1.24 均+0.51% 组合106.1 撤-6.3% 半1.1/1.5,58笔 胜57% PF1.11 均+0.25% 组合101.3 撤-6.3% 半1.4/0.9,81笔 胜52% PF0.90 均-0.25% 组合97.3 撤-4.7% 半1.0/0.8
做空,641,1,BTC24h涨,止盈2% 止损5% 24h,0,False,0.18,0.77,88笔 胜75% PF1.12 均+0.16% 组合101.4 撤-3.1% 半0.9/1.5,103笔 胜67% PF0.77 均-0.39% 组合95.8 撤-6.2% 半1.1/0.6,53笔 胜68% PF0.79 均-0.34% 组合98.2 撤-2.6% 半0.8/0.7
做空,506+669,2,不过滤,止盈2% 止损5% 24h,0,False,0.18,0.76,100笔 胜75% PF1.55 均+0.50% 组合105.1 撤-2.1% 半3.2/0.9,42笔 胜81% PF2.16 均+0.82% 组合103.5 撤-1.8% 半5.4/1.2,109笔 胜59% PF0.76 均-0.35% 组合96.1 撤-5.4% 半0.8/0.8
做空,506+669,2,不过滤,止盈3% 止损8% 48h,1,False,0.18,1.36,99笔 胜74% PF1.75 均+0.89% 组合109.1 撤-2.4% 半2.2/1.4,42笔 胜74% PF1.47 均+0.66% 组合102.8 撤-2.3% 半2.8/0.9,109笔 胜69% PF1.36 均+0.50% 组合105.5 撤-2.9% 半1.2/1.5
做空,506+669,2,不过滤,止盈5% 止损11% 72h,2,False,0.18,1.27,94笔 胜71% PF1.92 均+1.55% 组合115.1 撤-5.1% 半2.1/1.8,42笔 胜64% PF1.27 均+0.66% 组合102.7 撤-3.0% 半1.6/1.0,103笔 胜60% PF1.64 均+1.05% 组合111.1 撤-3.1% 半1.4/1.9
做空,605+666+671,3,BTC24h涨,止盈3% 止损8% 48h,1,False,0.18,0.57,69笔 胜62% PF0.68 均-0.85% 组合94.2 撤-7.2% 半0.7/0.6,70笔 胜70% PF1.01 均+0.02% 组合100.0 撤-4.3% 半1.2/0.8,94笔 胜52% PF0.57 均-1.13% 组合89.8 撤-11.9% 半0.5/0.7
做空,605+666+671,3,BTC24h涨,止盈5% 止损11% 72h,2,False,0.18,0.51,67笔 胜51% PF0.51 均-2.19% 组合86.1 撤-15.1% 半0.4/0.6,69笔 胜62% PF0.89 均-0.37% 组合97.2 撤-5.8% 半1.0/0.8,92笔 胜58% PF0.68 均-1.08% 组合90.3 撤-15.6% 半1.2/0.4
做多,7+167,2,不过滤,止盈2% 止损5% 24h,0,False,0.17,0.65,97笔 胜65% PF0.74 均-0.42% 组合95.9 撤-5.8% 半1.3/0.5,65笔 胜63% PF0.71 均-0.45% 组合97.0 撤-4.8% 半0.5/1.1,67笔 胜55% PF0.65 均-0.56% 组合96.2 撤-5.3% 半0.4/1.2
做多,7+167,2,不过滤,止盈1.5% 止损3% 12h,3,False,0.17,0.65,101笔 胜63% PF0.88 均-0.13% 组合98.7 撤-2.0% 半1.2/0.7,66笔 胜53% PF0.65 均-0.41% 组合97.3 撤-3.4% 半0.5/0.9,72笔 胜57% PF0.81 均-0.19% 组合98.6 撤-2.4% 半0.6/1.2
做多,169+172,2,BTC24h涨,止盈1.5% 止损3% 12h,3,False,0.17,0.68,63笔 胜57% PF0.68 均-0.37% 组合97.7 撤-2.5% 半0.7/0.6,70笔 胜70% PF1.15 均+0.13% 组合100.9 撤-1.4% 半0.8/1.7,78笔 胜77% PF1.55 均+0.38% 组合102.6 撤-0.6% 半1.6/1.5
做空,544,1,BTC24h涨,止盈2% 止损5% 24h,0,False,0.17,0.61,83笔 胜47% PF0.61 均-0.49% 组合96.0 撤-4.6% 半1.0/0.3,41笔 胜56% PF0.66 均-0.52% 组合97.9 撤-3.6% 半1.5/0.3,103笔 胜57% PF0.78 均-0.28% 组合97.1 撤-4.4% 半1.0/0.6
做空,544,1,BTC24h涨,止盈3% 止损8% 48h,1,False,0.17,0.85,83笔 胜57% PF0.85 均-0.24% 组合97.9 撤-6.7% 半1.7/0.4,40笔 胜62% PF1.00 均+0.01% 组合100.0 撤-3.4% 半2.6/0.5,101笔 胜62% PF1.16 均+0.22% 组合102.1 撤-4.1% 半1.8/0.7
做空,544,1,BTC24h涨,止盈5% 止损11% 72h,2,False,0.17,1.2,83笔 胜61% PF1.20 均+0.35% 组合102.8 撤-5.6% 半2.2/0.7,40笔 胜68% PF1.22 均+0.53% 组合102.0 撤-5.2% 半4.1/0.4,100笔 胜57% PF1.58 均+0.83% 组合108.4 撤-6.0% 半4.1/0.8
做空,544,1,BTC24h涨,止盈1.5% 止损3% 12h,3,False,0.17,0.46,86笔 胜51% PF0.66 均-0.30% 组合97.5 撤-2.6% 半0.7/0.6,42笔 胜45% PF0.46 均-0.73% 组合97.0 撤-3.6% 半0.9/0.2,104笔 胜61% PF0.92 均-0.06% 组合99.3 撤-4.1% 半1.3/0.6
做空,641,1,BTC24h涨,止盈3% 止损8% 48h,1,False,0.17,0.74,85笔 胜76% PF1.17 均+0.32% 组合102.7 撤-6.9% 半0.8/1.8,96笔 胜67% PF0.75 均-0.65% 组合93.5 撤-9.1% 半1.1/0.5,50笔 胜68% PF0.74 均-0.67% 组合96.6 撤-5.1% 半1.4/0.5
做空,641,1,BTC24h涨,止盈5% 止损11% 72h,2,False,0.17,0.83,82笔 胜68% PF1.01 均+0.04% 组合100.0 撤-8.4% 半1.0/1.1,91笔 胜65% PF0.83 均-0.67% 组合93.2 撤-9.7% 半0.9/0.7,50笔 胜64% PF0.83 均-0.62% 组合96.8 撤-5.8% 半1.3/0.5
做空,506+669,2,BTC24h跌,止盈2% 止损5% 24h,0,False,0.17,0.77,97笔 胜74% PF1.49 均+0.46% 组合104.5 撤-2.5% 半3.0/0.9,41笔 胜80% PF2.09 均+0.80% 组合103.3 撤-1.8% 半5.2/1.2,95笔 胜60% PF0.77 均-0.35% 组合96.7 撤-4.7% 半0.8/0.8
做空,506+669,2,BTC24h跌,止盈3% 止损8% 48h,1,False,0.17,1.35,96笔 胜73% PF1.67 均+0.83% 组合108.1 撤-2.4% 半2.1/1.3,41笔 胜73% PF1.42 均+0.61% 组合102.5 撤-2.3% 半2.6/0.9,95笔 胜67% PF1.35 均+0.49% 组合104.6 撤-2.6% 半1.2/1.5
做空,506+669,2,BTC24h跌,止盈1.5% 止损3% 12h,3,False,0.17,0.7,100笔 胜76% PF1.77 均+0.47% 组合104.8 撤-2.0% 半4.1/1.0,41笔 胜66% PF1.10 均+0.09% 组合100.4 撤-1.4% 半2.6/0.6,96笔 胜55% PF0.70 均-0.32% 组合96.9 撤-3.6% 半1.0/0.5
做多,7+166,2,不过滤,止盈2% 止损5% 24h,0,False,0.16,0.66,67笔 胜60% PF0.81 均-0.27% 组合98.1 撤-3.6% 半0.7/0.9,58笔 胜86% PF3.17 均+1.09% 组合106.5 撤-0.8% 半2.4/4.5,82笔 胜52% PF0.66 均-0.52% 组合95.8 撤-5.7% 半0.6/0.8
做多,7+166,2,不过滤,止盈3% 止损8% 48h,1,False,0.16,0.78,66笔 胜61% PF0.78 均-0.44% 组合97.1 撤-5.5% 半0.6/1.0,58笔 胜76% PF1.64 均+0.85% 组合105.0 撤-4.0% 半1.2/2.3,82笔 胜63% PF1.02 均+0.04% 组合100.3 撤-3.9% 半1.0/1.0
做多,7+166,2,不过滤,止盈5% 止损11% 72h,2,False,0.16,1.08,63笔 胜57% PF1.08 均+0.17% 组合101.0 撤-3.6% 半1.3/0.9,57笔 胜68% PF1.61 均+1.22% 组合107.0 撤-4.6% 半1.4/1.8,82笔 胜60% PF1.10 均+0.22% 组合101.6 撤-4.6% 半0.9/1.4
做多,7+166,2,不过滤,止盈1.5% 止损3% 12h,3,False,0.16,0.78,67笔 胜64% PF0.93 均-0.06% 组合99.6 撤-1.8% 半1.0/0.9,58笔 胜74% PF2.08 均+0.55% 组合103.2 撤-1.2% 半1.4/3.6,82笔 胜59% PF0.78 均-0.22% 组合98.2 撤-2.8% 半0.8/0.8
做多,7+167,2,不过滤,止盈3% 止损8% 48h,1,False,0.16,0.56,95笔 胜69% PF1.19 均+0.31% 组合102.9 撤-3.4% 半1.4/1.1,62笔 胜53% PF0.56 均-1.18% 组合92.8 撤-10.2% 半0.5/0.6,65笔 胜54% PF0.72 均-0.60% 组合96.1 撤-7.1% 半0.5/1.3
做多,7+169,2,BTC24h涨,止盈2% 止损5% 24h,0,False,0.16,0.9,83笔 胜58% PF0.90 均-0.12% 组合99.0 撤-2.6% 半1.1/0.7,52笔 胜75% PF1.62 均+0.52% 组合102.7 撤-2.0% 半0.9/4.1,82笔 胜67% PF1.20 均+0.20% 组合101.6 撤-3.6% 半0.9/1.9
做多,7+169,2,BTC24h涨,止盈3% 止损8% 48h,1,False,0.16,0.87,83笔 胜58% PF0.87 均-0.23% 组合98.0 撤-3.8% 半0.8/0.9,51笔 胜69% PF1.27 均+0.41% 组合102.1 撤-3.4% 半0.5/7.6,82笔 胜70% PF1.66 均+0.80% 组合106.7 撤-3.6% 半1.0/3.7
做多,7+169,2,BTC24h涨,止盈5% 止损11% 72h,2,False,0.16,0.93,83笔 胜58% PF0.93 均-0.15% 组合98.6 撤-5.6% 半1.1/0.8,51笔 胜63% PF1.07 均+0.18% 组合100.8 撤-7.2% 半0.4/5.8,82笔 胜65% PF1.62 均+1.08% 组合109.0 撤-4.4% 半0.8/3.8
做多,7+169,2,BTC24h涨,止盈1.5% 止损3% 12h,3,False,0.16,0.81,83笔 胜54% PF0.81 均-0.18% 组合98.5 撤-2.7% 半1.2/0.6,53笔 胜66% PF1.41 均+0.27% 组合101.4 撤-1.0% 半0.9/2.5,82笔 胜65% PF1.17 均+0.13% 组合101.0 撤-1.8% 半0.9/1.7
做多,166+172,2,BTC24h涨,止盈2% 止损5% 24h,0,False,0.16,0.59,73笔 胜70% PF1.28 均+0.29% 组合102.1 撤-1.5% 半1.3/1.3,71笔 胜62% PF0.68 均-0.54% 组合96.2 撤-5.8% 半0.6/0.8,70笔 胜57% PF0.59 均-0.74% 组合94.9 撤-5.8% 半0.5/0.7
做多,166+172,2,BTC24h涨,止盈3% 止损8% 48h,1,False,0.16,0.78,73笔 胜71% PF1.25 均+0.41% 组合103.0 撤-2.5% 半1.2/1.3,70笔 胜64% PF0.83 均-0.38% 组合97.3 撤-6.1% 半0.9/0.8,69笔 胜58% PF0.78 均-0.46% 组合96.8 撤-5.5% 半0.7/0.8
做多,166+172,2,BTC24h涨,止盈5% 止损11% 72h,2,False,0.16,0.79,72笔 胜62% PF1.28 均+0.63% 组合104.5 撤-3.8% 半1.4/1.2,69笔 胜59% PF0.79 均-0.67% 组合95.2 撤-8.3% 半0.9/0.7,65笔 胜58% PF1.22 均+0.48% 组合103.0 撤-3.5% 半0.8/1.9
做多,166+172,2,BTC24h涨,止盈1.5% 止损3% 12h,3,False,0.16,0.56,73笔 胜66% PF1.11 均+0.09% 组合100.7 撤-1.0% 半1.2/1.0,71笔 胜65% PF0.95 均-0.05% 组合99.6 撤-2.0% 半1.0/0.9,71笔 胜52% PF0.56 均-0.57% 组合96.0 撤-4.0% 半0.5/0.6
做多,167+172,2,BTC24h涨,止盈2% 止损5% 24h,0,False,0.16,0.9,59笔 胜66% PF0.90 均-0.14% 组合99.2 撤-3.0% 半0.7/1.1,80笔 胜76% PF1.30 均+0.34% 组合102.7 撤-1.9% 半1.5/1.1,67笔 胜81% PF2.13 均+0.82% 组合105.7 撤-1.2% 半3.6/1.5
做多,167+172,2,BTC24h涨,止盈3% 止损8% 48h,1,False,0.16,1.16,56笔 胜75% PF1.37 均+0.59% 组合103.3 撤-2.2% 半1.6/1.2,79笔 胜76% PF1.35 均+0.58% 组合104.6 撤-4.2% 半2.3/0.9,65笔 胜72% PF1.16 均+0.29% 组合101.8 撤-3.6% 半1.5/0.9
做多,167+172,2,BTC24h涨,止盈5% 止损11% 72h,2,False,0.16,1.03,55笔 胜67% PF1.19 均+0.50% 组合102.7 撤-2.2% 半1.3/1.1,77笔 胜69% PF1.29 均+0.76% 组合105.8 撤-6.3% 半1.6/1.1,64笔 胜64% PF1.03 均+0.08% 组合100.3 撤-5.9% 半1.0/1.1
做多,167+172,2,BTC24h涨,止盈1.5% 止损3% 12h,3,False,0.16,0.86,59笔 胜64% PF0.86 均-0.15% 组合99.1 撤-2.2% 半0.8/0.9,81笔 胜70% PF1.18 均+0.16% 组合101.3 撤-1.3% 半1.1/1.3,68笔 胜76% PF1.72 均+0.45% 组合103.1 撤-0.6% 半1.8/1.6
做多,169+172,2,BTC24h涨,止盈2% 止损5% 24h,0,False,0.16,0.68,63笔 胜59% PF0.68 均-0.52% 组合96.7 撤-4.6% 半0.6/0.7,70笔 胜73% PF1.08 均+0.11% 组合100.7 撤-2.6% 半0.9/1.3,76笔 胜68% PF1.18 均+0.19% 组合101.3 撤-2.2% 半1.0/1.4
做多,169+172,2,BTC24h涨,止盈3% 止损8% 48h,1,False,0.16,0.6,63笔 胜54% PF0.60 均-0.96% 组合94.1 撤-6.5% 半0.6/0.6,70笔 胜81% PF1.98 均+1.16% 组合108.4 撤-2.4% 半1.7/2.3,75笔 胜61% PF0.79 均-0.48% 组合98.1 撤-7.6% 半0.4/2.0
做多,169+172,2,BTC24h涨,止盈5% 止损11% 72h,2,False,0.16,0.55,63笔 胜46% PF0.55 均-1.61% 组合90.2 撤-10.7% 半0.4/0.7,70笔 胜73% PF1.83 均+1.57% 组合111.5 撤-3.9% 半1.6/2.1,73笔 胜52% PF0.84 均-0.46% 组合98.1 撤-8.4% 半0.4/2.0
做空,642,1,BTC24h涨,止盈1.5% 止损3% 12h,3,False,0.16,0.39,87笔 胜69% PF1.01 均+0.01% 组合100.0 撤-2.9% 半0.6/1.8,84笔 胜46% PF0.39 均-1.02% 组合93.3 撤-7.4% 半0.7/0.2,48笔 胜67% PF0.91 均-0.10% 组合99.5 撤-1.3% 半1.1/0.8
做空,506+669,2,BTC24h跌,止盈5% 止损11% 72h,2,False,0.16,1.22,92笔 胜71% PF1.86 均+1.47% 组合114.0 撤-5.1% 半2.0/1.7,41笔 胜63% PF1.22 均+0.55% 组合102.2 撤-3.0% 半1.5/1.0,89笔 胜58% PF1.57 均+0.93% 组合108.4 撤-3.1% 半1.3/1.9
做空,662+666,2,不过滤,止盈2% 止损5% 24h,0,False,0.16,0.8,82笔 胜67% PF1.05 均+0.06% 组合100.4 撤-1.9% 半1.1/1.0,40笔 胜65% PF0.80 均-0.30% 组合98.8 撤-3.0% 半1.3/0.5,89笔 胜69% PF1.44 均+0.38% 组合103.4 撤-2.2% 半1.1/1.9
做空,662+666,2,不过滤,止盈3% 止损8% 48h,1,False,0.16,0.8,82笔 胜60% PF0.80 均-0.40% 组合96.6 撤-5.6% 半0.7/1.0,40笔 胜68% PF1.36 均+0.52% 组合102.1 撤-3.3% 半2.8/0.7,89笔 胜72% PF1.43 均+0.56% 组合105.0 撤-4.3% 半2.1/1.1
做空,662+666,2,不过滤,止盈1.5% 止损3% 12h,3,False,0.16,0.59,83笔 胜61% PF0.90 均-0.09% 组合99.3 撤-3.0% 半1.1/0.7,40笔 胜55% PF0.59 均-0.51% 组合98.0 撤-2.8% 半0.7/0.5,89笔 胜61% PF0.86 均-0.12% 组合98.9 撤-3.6% 半0.8/0.9
做多,7+167,2,不过滤,止盈5% 止损11% 72h,2,False,0.15,0.61,92笔 胜63% PF1.41 均+0.88% 组合108.3 撤-4.4% 半1.2/1.6,60笔 胜48% PF0.61 均-1.49% 组合91.2 撤-10.7% 半0.6/0.6,63笔 胜56% PF0.88 均-0.34% 组合97.7 撤-7.1% 半0.5/1.8
做多,7+167,2,BTC24h涨,止盈2% 止损5% 24h,0,False,0.15,0.69,83笔 胜67% PF0.85 均-0.22% 组合98.1 撤-4.1% 半1.4/0.6,58笔 胜62% PF0.69 均-0.49% 组合97.1 撤-4.6% 半0.6/0.9,60笔 胜58% PF0.69 均-0.48% 组合97.1 撤-4.4% 半0.4/1.4
做多,7+167,2,BTC24h涨,止盈1.5% 止损3% 12h,3,False,0.15,0.55,87笔 胜66% PF0.96 均-0.04% 组合99.6 撤-2.0% 半1.2/0.8,59笔 胜49% PF0.55 均-0.55% 组合96.8 撤-3.7% 半0.3/1.0,63笔 胜57% PF0.84 均-0.15% 组合99.1 撤-2.1% 半0.5/1.5
做多,7+172,2,不过滤,止盈2% 止损5% 24h,0,False,0.15,0.82,63笔 胜65% PF0.82 均-0.28% 组合98.2 撤-3.1% 半0.7/1.0,66笔 胜80% PF1.63 均+0.59% 组合103.9 撤-1.2% 半2.7/1.1,63笔 胜79% PF1.65 均+0.60% 组合103.9 撤-0.8% 半1.7/1.6
做多,7+172,2,不过滤,止盈1.5% 止损3% 12h,3,False,0.15,0.99,64笔 胜66% PF0.99 均-0.01% 组合99.9 撤-2.1% 半1.0/1.0,67笔 胜82% PF2.27 均+0.66% 组合104.5 撤-0.7% 半2.6/2.0,64笔 胜75% PF1.50 均+0.35% 组合102.3 撤-1.1% 半1.5/1.5
做空,642,1,BTC24h涨,止盈2% 止损5% 24h,0,False,0.15,0.59,79笔 胜77% PF1.27 均+0.32% 组合102.5 撤-2.4% 半0.8/2.1,75笔 胜61% PF0.59 均-0.81% 组合95.2 撤-6.8% 半0.9/0.4,44笔 胜70% PF0.89 均-0.16% 组合99.3 撤-1.7% 半0.8/1.0
做空,662+666,2,不过滤,止盈5% 止损11% 72h,2,False,0.15,0.77,81笔 胜56% PF0.77 均-0.70% 组合94.3 撤-7.9% 半0.8/0.8,39笔 胜62% PF1.16 均+0.36% 组合101.3 撤-3.9% 半1.5/0.9,88笔 胜69% PF1.38 均+0.79% 组合107.1 撤-3.5% 半2.1/1.0
做多,165,1,BTC24h涨,止盈2% 止损5% 24h,0,False,0.14,0.84,69笔 胜74% PF1.28 均+0.30% 组合102.1 撤-2.3% 半1.0/1.7,53笔 胜68% PF0.84 均-0.25% 组合98.7 撤-4.5% 半0.6/1.3,62笔 胜82% PF2.44 均+0.94% 组合106.0 撤-1.0% 半2.0/3.1
做多,165,1,BTC24h涨,止盈1.5% 止损3% 12h,3,False,0.14,0.67,71笔 胜68% PF1.14 均+0.12% 组合100.8 撤-1.3% 半0.8/1.7,55笔 胜58% PF0.67 均-0.41% 组合97.8 撤-3.3% 半0.5/0.9,63笔 胜71% PF1.28 均+0.22% 组合101.4 撤-1.3% 半0.8/2.2
做多,7+167,2,BTC24h涨,止盈3% 止损8% 48h,1,False,0.14,0.54,82笔 胜70% PF1.29 均+0.44% 组合103.6 撤-3.6% 半1.6/1.1,56笔 胜52% PF0.54 均-1.27% 组合93.0 撤-10.0% 半0.6/0.5,58笔 胜53% PF0.74 均-0.55% 组合96.8 撤-5.8% 半0.4/1.5
做多,7+167,2,BTC24h涨,止盈5% 止损11% 72h,2,False,0.14,0.55,80笔 胜66% PF1.84 均+1.44% 组合112.1 撤-2.2% 半1.8/1.9,54笔 胜46% PF0.55 均-1.77% 组合90.6 撤-10.5% 半0.6/0.5,56笔 胜54% PF0.90 均-0.29% 组合98.3 撤-6.0% 半0.5/1.9
做多,7+172,2,不过滤,止盈3% 止损8% 48h,1,False,0.14,0.97,59笔 胜64% PF0.97 均-0.06% 组合99.6 撤-2.5% 半1.0/1.0,64笔 胜78% PF1.50 均+0.76% 组合104.9 撤-2.1% 半2.0/1.2,58笔 胜78% PF1.80 均+1.01% 组合106.0 撤-1.0% 半2.1/1.6
做多,105+173,2,不过滤,止盈2% 止损5% 24h,0,False,0.14,0.84,81笔 胜64% PF0.87 均-0.16% 组合98.6 撤-3.1% 半0.8/1.0,46笔 胜67% PF0.84 均-0.25% 组合98.8 撤-2.9% 半0.6/1.2,68笔 胜69% PF1.25 均+0.26% 组合101.7 撤-2.1% 半1.5/1.1
做多,105+173,2,不过滤,止盈3% 止损8% 48h,1,False,0.14,0.96,81笔 胜67% PF1.02 均+0.04% 组合100.2 撤-3.4% 半1.3/0.8,46笔 胜72% PF0.96 均-0.08% 组合99.5 撤-3.6% 半0.7/1.3,68笔 胜66% PF1.14 均+0.24% 组合101.6 撤-2.0% 半1.4/1.0
做多,105+173,2,不过滤,止盈5% 止损11% 72h,2,False,0.14,0.53,81笔 胜60% PF1.06 均+0.17% 组合101.2 撤-4.1% 半1.2/0.9,44笔 胜59% PF1.05 均+0.13% 组合100.5 撤-3.5% 半1.0/1.1,68笔 胜46% PF0.53 均-1.87% 组合87.1 撤-13.7% 半0.4/0.8
做多,105+173,2,不过滤,止盈1.5% 止损3% 12h,3,False,0.14,0.87,82笔 胜62% PF0.87 均-0.12% 组合99.0 撤-2.9% 半0.6/1.2,46笔 胜70% PF1.21 均+0.17% 组合100.8 撤-1.2% 半0.8/2.0,69笔 胜62% PF0.99 均-0.01% 组合99.9 撤-1.6% 半1.2/0.9
做空,642,1,BTC24h涨,止盈3% 止损8% 48h,1,False,0.14,0.7,76笔 胜71% PF0.89 均-0.25% 组合98.0 撤-5.5% 半0.7/1.2,69笔 胜65% PF0.70 均-0.81% 组合94.1 撤-8.3% 半0.8/0.7,41笔 胜80% PF1.44 均+0.70% 组合102.9 撤-1.6% 半1.9/1.1
做多,165,1,BTC24h涨,止盈3% 止损8% 48h,1,False,0.13,1.23,68笔 胜72% PF1.55 均+0.72% 组合105.0 撤-2.5% 半1.1/2.2,52笔 胜77% PF1.23 均+0.43% 组合102.2 撤-6.0% 半0.8/2.2,57笔 胜81% PF2.47 均+1.41% 组合108.3 撤-1.3% 半2.4/2.5
做多,165,1,BTC24h涨,止盈5% 止损11% 72h,2,False,0.13,1.35,66笔 胜65% PF1.35 均+0.78% 组合105.1 撤-4.8% 半0.9/2.2,49笔 胜71% PF1.66 均+1.40% 组合107.0 撤-6.7% 半1.1/3.1,55笔 胜80% PF2.70 均+2.44% 组合114.2 撤-2.4% 半2.1/3.6
做多,7+166,2,BTC24h涨,止盈2% 止损5% 24h,0,False,0.13,0.59,55笔 胜60% PF0.79 均-0.31% 组合98.3 撤-2.9% 半0.8/0.8,48笔 胜90% PF5.78 均+1.35% 组合106.7 撤-0.5% 半4.7/7.4,66笔 胜50% PF0.59 均-0.67% 组合95.6 撤-6.0% 半0.4/0.9
做多,7+166,2,BTC24h涨,止盈3% 止损8% 48h,1,False,0.13,0.83,55笔 胜60% PF0.83 均-0.33% 组合98.1 撤-4.5% 半0.7/1.1,48笔 胜77% PF2.02 均+1.11% 组合105.4 撤-2.4% 半1.6/2.6,66笔 胜62% PF0.91 均-0.17% 组合98.8 撤-3.8% 半0.8/1.1
做多,7+166,2,BTC24h涨,止盈5% 止损11% 72h,2,False,0.13,1.14,55笔 胜55% PF1.14 均+0.27% 组合101.4 撤-2.5% 半1.1/1.1,48笔 胜67% PF1.51 均+1.08% 组合105.1 撤-3.5% 半1.2/2.0,66笔 胜62% PF1.20 均+0.43% 组合102.8 撤-3.3% 半0.8/1.9
做多,7+166,2,BTC24h涨,止盈1.5% 止损3% 12h,3,False,0.13,0.71,55笔 胜64% PF0.90 均-0.09% 组合99.5 撤-1.4% 半1.1/0.8,48笔 胜73% PF2.08 均+0.54% 组合102.6 撤-1.4% 半1.0/7.6,66笔 胜56% PF0.71 均-0.31% 组合97.9 撤-3.2% 半0.5/1.0
做多,7+172,2,不过滤,止盈5% 止损11% 72h,2,False,0.13,0.89,55笔 胜60% PF0.89 均-0.32% 组合98.1 撤-5.7% 半1.0/0.8,62笔 胜68% PF1.29 均+0.74% 组合104.5 撤-2.8% 半1.7/1.0,57笔 胜72% PF2.20 均+1.93% 组合111.5 撤-1.9% 半2.6/1.9
做多,8+169,2,BTC24h跌,止盈2% 止损5% 24h,0,False,0.13,0.73,57笔 胜65% PF0.73 均-0.45% 组合97.4 撤-4.0% 半0.6/0.9,48笔 胜75% PF1.58 均+0.49% 组合102.4 撤-1.3% 半1.0/2.8,68笔 胜68% PF1.24 均+0.24% 组合101.6 撤-1.9% 半1.5/1.0
做多,8+169,2,BTC24h跌,止盈3% 止损8% 48h,1,False,0.13,0.76,56笔 胜55% PF0.76 均-0.48% 组合97.3 撤-5.0% 半0.5/1.3,48笔 胜77% PF1.52 均+0.70% 组合103.3 撤-2.1% 半1.3/1.9,64笔 胜70% PF1.35 均+0.47% 组合103.0 撤-2.5% 半1.1/1.9
做多,8+169,2,BTC24h跌,止盈5% 止损11% 72h,2,False,0.13,0.66,56笔 胜50% PF0.66 均-1.19% 组合93.4 撤-9.6% 半0.4/1.1,47笔 胜74% PF1.66 均+1.32% 组合106.3 撤-2.7% 半1.9/1.5,62笔 胜63% PF1.18 均+0.38% 组合102.3 撤-2.4% 半1.3/1.1
做多,8+169,2,BTC24h跌,止盈1.5% 止损3% 12h,3,False,0.13,0.6,57笔 胜56% PF0.60 均-0.50% 组合97.2 撤-3.5% 半0.6/0.6,49笔 胜63% PF0.91 均-0.09% 组合99.5 撤-1.7% 半0.8/1.0,69笔 胜64% PF1.22 均+0.16% 组合101.1 撤-1.9% 半3.0/0.6
做多,167+169,2,不过滤,止盈2% 止损5% 24h,0,False,0.13,0.71,45笔 胜58% PF0.71 均-0.45% 组合98.0 撤-3.0% 半0.5/0.9,44笔 胜61% PF0.78 均-0.34% 组合98.5 撤-2.0% 半0.8/0.8,75笔 胜79% PF1.75 均+0.61% 组合104.6 撤-1.6% 半1.1/3.6
做多,167+169,2,不过滤,止盈3% 止损8% 48h,1,False,0.13,0.82,45笔 胜62% PF0.82 均-0.38% 组合98.3 撤-2.6% 半0.7/0.9,44笔 胜68% PF1.09 均+0.17% 组合100.7 撤-2.4% 半1.2/1.0,75笔 胜71% PF1.30 均+0.47% 组合103.5 撤-3.6% 半0.8/2.5
做多,167+169,2,不过滤,止盈5% 止损11% 72h,2,False,0.13,0.91,44笔 胜57% PF0.91 均-0.25% 组合98.8 撤-3.7% 半0.8/1.1,44笔 胜64% PF1.34 均+0.77% 组合103.4 撤-3.8% 半2.3/0.9,74笔 胜62% PF1.10 均+0.25% 组合101.7 撤-8.1% 半0.7/2.1
做多,167+169,2,不过滤,止盈1.5% 止损3% 12h,3,False,0.13,0.62,45笔 胜56% PF0.62 均-0.49% 组合97.8 撤-2.5% 半0.5/0.8,44笔 胜61% PF0.95 均-0.04% 组合99.8 撤-0.8% 半1.2/0.7,75笔 胜69% PF1.23 均+0.18% 组合101.3 撤-2.2% 半0.6/3.4
做空,503,1,不过滤,止盈2% 止损5% 24h,0,False,0.13,0.7,61笔 胜72% PF0.97 均-0.04% 组合99.7 撤-3.8% 半1.9/0.6,60笔 胜65% PF0.70 均-0.55% 组合96.7 撤-3.7% 半0.9/0.6,48笔 胜73% PF1.01 均+0.01% 组合100.0 撤-2.5% 半0.9/1.1
做空,503,1,不过滤,止盈1.5% 止损3% 12h,3,False,0.13,0.65,61笔 胜70% PF1.08 均+0.08% 组合100.5 撤-2.6% 半2.3/0.6,63笔 胜60% PF0.69 均-0.39% 组合97.6 撤-2.7% 半0.8/0.6,51笔 胜59% PF0.65 均-0.46% 组合97.7 撤-2.9% 半0.8/0.5
做空,541,1,不过滤,止盈1.5% 止损3% 12h,3,False,0.13,0.55,30笔 胜77% PF1.49 均+0.36% 组合101.1 撤-1.1% 半1.2/1.8,60笔 胜70% PF1.06 均+0.06% 组合100.3 撤-1.6% 半1.2/0.9,64笔 胜55% PF0.55 均-0.65% 组合95.9 撤-4.5% 半0.6/0.5
做空,642,1,BTC24h涨,止盈5% 止损11% 72h,2,False,0.13,0.52,75笔 胜64% PF0.93 均-0.24% 组合97.9 撤-9.2% 半1.0/0.8,66笔 胜52% PF0.52 均-2.35% 组合85.7 撤-16.7% 半0.6/0.4,39笔 胜72% PF1.09 均+0.29% 组合101.0 撤-4.0% 半1.2/1.0
做空,642,1,BTC24h跌,止盈2% 止损5% 24h,0,False,0.13,0.52,68笔 胜74% PF1.04 均+0.06% 组合99.5 撤-4.6% 半0.6/2.2,43笔 胜60% PF0.57 均-0.87% 组合96.2 撤-5.5% 半1.2/0.3,60笔 胜58% PF0.52 均-1.02% 组合93.8 撤-7.5% 半0.3/1.0
做空,642,1,BTC24h跌,止盈1.5% 止损3% 12h,3,False,0.13,0.57,74笔 胜61% PF0.70 均-0.37% 组合97.2 撤-4.7% 半0.4/1.4,45笔 胜56% PF0.57 均-0.61% 组合97.3 撤-3.8% 半0.8/0.4,62笔 胜60% PF0.67 均-0.42% 组合97.4 撤-4.1% 半0.5/1.0
做空,669,1,BTC24h涨,止盈2% 止损5% 24h,0,False,0.13,0.95,42笔 胜64% PF0.95 均-0.06% 组合99.7 撤-2.3% 半2.1/0.5,33笔 胜73% PF1.57 均+0.49% 组合101.6 撤-1.4% 半0.8/7.5,91笔 胜64% PF1.12 均+0.12% 组合101.1 撤-1.8% 半1.1/1.1
做空,669,1,BTC24h涨,止盈3% 止损8% 48h,1,False,0.13,1.38,42笔 胜71% PF1.42 均+0.60% 组合102.5 撤-2.0% 半3.4/0.7,33笔 胜70% PF1.38 均+0.52% 组合101.7 撤-2.9% 半0.6/6.4,86笔 胜71% PF1.63 均+0.75% 组合106.5 撤-2.7% 半1.7/1.6
做空,669,1,BTC24h涨,止盈5% 止损11% 72h,2,False,0.13,0.98,41笔 胜73% PF1.91 均+1.58% 组合106.6 撤-1.9% 半4.2/1.1,33笔 胜52% PF0.98 均-0.05% 组合99.8 撤-2.3% 半1.3/0.8,86笔 胜78% PF2.26 均+1.76% 组合116.0 撤-3.1% 半3.0/1.7
做空,669,1,BTC24h涨,止盈1.5% 止损3% 12h,3,False,0.13,0.7,42笔 胜55% PF0.70 均-0.32% 组合98.6 撤-1.8% 半1.1/0.4,33笔 胜58% PF0.91 均-0.08% 组合99.7 撤-1.7% 半0.4/5.0,91笔 胜66% PF1.28 均+0.20% 组合101.8 撤-1.9% 半2.1/0.8
做多,7+172,2,BTC24h涨,止盈1.5% 止损3% 12h,3,False,0.12,1.12,52笔 胜69% PF1.12 均+0.10% 组合100.5 撤-1.7% 半1.7/0.8,54笔 胜81% PF2.22 均+0.64% 组合103.5 撤-0.8% 半3.8/1.5,46笔 胜74% PF1.37 均+0.28% 组合101.3 撤-1.4% 半1.2/1.6
做空,503,1,不过滤,止盈3% 止损8% 48h,1,False,0.12,0.51,59笔 胜73% PF0.97 均-0.08% 组合99.4 撤-4.5% 半1.4/0.7,56笔 胜77% PF1.19 均+0.36% 组合102.0 撤-2.1% 半1.3/1.1,46笔 胜59% PF0.51 均-1.65% 组合92.6 撤-7.9% 半0.6/0.5
做空,541,1,不过滤,止盈2% 止损5% 24h,0,False,0.12,0.84,28笔 胜71% PF0.94 均-0.09% 组合99.7 撤-1.9% 半0.9/0.9,56笔 胜71% PF0.94 均-0.09% 组合99.4 撤-2.8% 半0.8/1.1,55笔 胜69% PF0.84 均-0.26% 组合98.6 撤-2.9% 半1.3/0.6
做空,642,1,BTC24h跌,止盈3% 止损8% 48h,1,False,0.12,0.44,61笔 胜77% PF1.18 均+0.34% 组合100.5 撤-5.1% 半0.8/1.8,38笔 胜55% PF0.44 均-2.03% 组合92.2 撤-9.4% 半0.8/0.3,58笔 胜59% PF0.53 均-1.54% 组合91.7 撤-10.8% 半0.3/1.1
做空,605+671,2,BTC24h跌,止盈2% 止损5% 24h,0,False,0.12,0.93,91笔 胜71% PF1.40 均+0.39% 组合103.6 撤-2.2% 半1.5/1.3,42笔 胜79% PF1.42 均+0.43% 组合101.8 撤-0.9% 半1.1/2.1,48笔 胜69% PF0.93 均-0.09% 组合99.5 撤-2.1% 半0.7/1.2
做空,605+671,2,BTC24h跌,止盈3% 止损8% 48h,1,False,0.12,0.66,89笔 胜73% PF1.56 均+0.75% 组合106.8 撤-4.2% 半0.8/5.4,42笔 胜71% PF0.94 均-0.12% 组合99.5 撤-2.7% 半1.2/0.8,48笔 胜62% PF0.66 均-0.88% 组合95.8 撤-5.1% 半0.8/0.5
做空,605+671,2,BTC24h跌,止盈5% 止损11% 72h,2,False,0.12,0.66,88笔 胜68% PF1.64 均+1.21% 组合111.0 撤-4.0% 半0.9/3.8,42笔 胜60% PF0.97 均-0.09% 组合99.5 撤-3.0% 半1.1/0.8,48笔 胜54% PF0.66 均-1.21% 组合94.2 撤-6.8% 半0.8/0.6
做空,605+671,2,BTC24h跌,止盈1.5% 止损3% 12h,3,False,0.12,0.87,92笔 胜75% PF1.70 均+0.42% 组合103.9 撤-1.5% 半1.7/1.7,42笔 胜67% PF1.08 均+0.07% 组合100.3 撤-1.2% 半0.6/2.4,48笔 胜62% PF0.87 均-0.12% 组合99.4 撤-1.8% 半0.6/1.4
做多,141,1,不过滤,止盈1.5% 止损3% 12h,3,False,0.11,1.46,65笔 胜78% PF1.65 均+0.44% 组合102.9 撤-1.2% 半1.0/3.3,38笔 胜76% PF1.46 均+0.35% 组合101.3 撤-1.1% 半1.3/1.7,45笔 胜87% PF3.29 均+0.86% 组合103.1 撤-0.6% 半1.5/26.4
做多,7+172,2,BTC24h涨,止盈2% 止损5% 24h,0,False,0.11,0.93,51笔 胜69% PF0.93 均-0.09% 组合99.5 撤-2.1% 半1.1/0.8,53笔 胜79% PF1.54 均+0.53% 组合102.8 撤-1.2% 半4.5/0.8,45笔 胜80% PF1.56 均+0.56% 组合102.5 撤-1.1% 半1.1/2.5
做多,7+172,2,BTC24h涨,止盈3% 止损8% 48h,1,False,0.11,1.11,48笔 胜67% PF1.11 均+0.19% 组合100.9 撤-1.9% 半1.3/1.0,52笔 胜75% PF1.25 均+0.44% 组合102.2 撤-2.4% 半1.9/0.9,41笔 胜78% PF1.82 均+1.03% 组合104.3 撤-1.5% 半1.3/2.7
做空,503,1,不过滤,止盈5% 止损11% 72h,2,False,0.11,0.75,57笔 胜72% PF1.28 均+0.74% 组合104.1 撤-4.3% 半2.0/0.9,52笔 胜71% PF1.10 均+0.31% 组合101.5 撤-5.2% 半1.2/1.0,41笔 胜63% PF0.75 均-1.00% 组合95.9 撤-4.7% 半0.7/0.9
做空,641,1,BTC24h跌,止盈1.5% 止损3% 12h,3,False,0.11,0.66,53笔 胜64% PF0.81 均-0.21% 组合98.9 撤-2.1% 半0.7/0.9,36笔 胜67% PF0.91 均-0.10% 组合99.6 撤-1.5% 半0.9/0.9,54笔 胜59% PF0.66 均-0.44% 组合97.7 撤-2.6% 半0.6/0.8
做空,642,1,BTC24h跌,止盈5% 止损11% 72h,2,False,0.11,0.45,57笔 胜74% PF1.33 均+0.86% 组合102.8 撤-8.0% 半0.8/3.1,36笔 胜61% PF0.77 均-0.88% 组合96.7 撤-6.5% 半0.7/0.9,52笔 胜50% PF0.45 均-2.96% 组合85.3 撤-16.3% 半0.3/0.6
做多,7+172,2,BTC24h涨,止盈5% 止损11% 72h,2,False,0.1,1.06,46笔 胜63% PF1.06 均+0.15% 组合100.6 撤-3.5% 半1.2/0.9,50笔 胜64% PF1.12 均+0.34% 组合101.5 撤-4.3% 半1.5/0.8,41笔 胜71% PF2.34 均+2.00% 组合108.4 撤-1.8% 半1.6/3.6
做多,8+167,2,BTC24h跌,止盈2% 止损5% 24h,0,False,0.1,1.04,28笔 胜71% PF1.04 均+0.05% 组合100.1 撤-1.3% 半0.9/1.2,31笔 胜84% PF3.63 均+1.14% 组合103.6 撤-0.6% 半2.1/10.9,64笔 胜69% PF1.13 均+0.15% 组合100.9 撤-2.0% 半1.7/0.8
做多,8+167,2,BTC24h跌,止盈3% 止损8% 48h,1,False,0.1,0.55,26笔 胜54% PF0.55 均-1.29% 组合96.7 撤-3.6% 半0.5/0.6,31笔 胜74% PF1.46 均+0.63% 组合102.0 撤-1.3% 半1.2/2.0,59笔 胜73% PF1.61 均+0.77% 组合104.6 撤-1.3% 半1.9/1.4
做多,8+167,2,BTC24h跌,止盈1.5% 止损3% 12h,3,False,0.1,0.66,29笔 胜55% PF0.66 均-0.40% 组合98.8 撤-1.9% 半1.4/0.3,31笔 胜81% PF2.47 均+0.65% 组合102.0 撤-0.7% 半1.5/5.4,68笔 胜69% PF1.14 均+0.12% 组合100.8 撤-2.3% 半2.3/0.7
做多,8+166+169,3,不过滤,止盈2% 止损5% 24h,0,False,0.1,0.62,39笔 胜56% PF0.62 均-0.60% 组合97.7 撤-3.1% 半0.5/0.7,33笔 胜73% PF1.07 均+0.08% 组合100.3 撤-1.1% 半1.5/0.8,53笔 胜64% PF1.22 均+0.20% 组合101.1 撤-1.3% 半1.5/1.0
做多,8+166+169,3,不过滤,止盈3% 止损8% 48h,1,False,0.1,0.5,39笔 胜49% PF0.50 均-1.12% 组合95.7 撤-5.2% 半0.6/0.4,32笔 胜75% PF1.53 均+0.68% 组合102.2 撤-1.2% 半2.3/1.2,53笔 胜72% PF1.67 均+0.78% 组合104.1 撤-1.8% 半1.3/2.3
做多,8+166+169,3,不过滤,止盈5% 止损11% 72h,2,False,0.1,0.6,39笔 胜46% PF0.60 均-1.33% 组合94.9 撤-6.5% 半0.5/0.8,32笔 胜66% PF1.68 均+1.15% 组合103.7 撤-1.6% 半1.8/1.6,52笔 胜62% PF1.47 均+0.91% 组合104.6 撤-2.8% 半1.3/1.7
做多,8+166+169,3,不过滤,止盈1.5% 止损3% 12h,3,False,0.1,0.68,39笔 胜56% PF0.68 均-0.36% 组合98.6 撤-1.6% 半1.0/0.5,33笔 胜64% PF0.95 均-0.05% 组合99.8 撤-1.4% 半1.8/0.6,53笔 胜60% PF0.96 均-0.03% 组合99.8 撤-1.2% 半0.8/1.2
做多,105+168+173,3,不过滤,止盈2% 止损5% 24h,0,False,0.1,0.99,58笔 胜69% PF1.04 均+0.04% 组合100.2 撤-2.0% 半0.9/1.3,35笔 胜71% PF0.99 均-0.02% 组合99.9 撤-2.0% 半0.8/1.3,48笔 胜73% PF1.42 均+0.40% 组合101.9 撤-1.5% 半2.0/1.0
做多,105+168+173,3,不过滤,止盈3% 止损8% 48h,1,False,0.1,0.93,58笔 胜72% PF1.32 均+0.47% 组合102.7 撤-1.9% 半1.7/1.0,35笔 胜71% PF0.93 均-0.16% 组合99.4 撤-3.4% 半0.6/1.7,48笔 胜69% PF1.27 均+0.43% 组合102.0 撤-1.8% 半1.7/1.0
做多,105+168+173,3,不过滤,止盈5% 止损11% 72h,2,False,0.1,0.47,58笔 胜64% PF1.47 均+0.97% 组合105.6 撤-3.1% 半1.7/1.3,34笔 胜59% PF1.00 均+0.01% 组合99.9 撤-4.1% 半0.6/1.8,48笔 胜44% PF0.47 均-2.27% 组合89.3 撤-10.9% 半0.3/0.7
做多,105+168+173,3,不过滤,止盈1.5% 止损3% 12h,3,False,0.1,0.87,59笔 胜64% PF0.87 均-0.12% 组合99.3 撤-2.3% 半0.6/1.3,35笔 胜74% PF1.50 均+0.35% 组合101.2 撤-0.9% 半1.0/2.3,49笔 胜65% PF1.16 均+0.13% 组合100.6 撤-1.3% 半1.5/0.9
做空,541,1,不过滤,止盈3% 止损8% 48h,1,False,0.1,0.54,25笔 胜60% PF0.54 均-1.50% 组合96.3 撤-4.6% 半0.7/0.4,46笔 胜76% PF1.14 均+0.28% 组合101.2 撤-3.5% 半1.3/1.0,45笔 胜67% PF0.72 均-0.76% 组合96.6 撤-4.9% 半1.0/0.6
做空,641,1,BTC24h跌,止盈2% 止损5% 24h,0,False,0.1,0.72,51笔 胜73% PF0.99 均-0.01% 组合99.9 撤-2.4% 半1.0/1.0,32笔 胜66% PF0.72 均-0.50% 组合98.4 撤-2.9% 半0.4/1.6,53笔 胜70% PF0.87 均-0.21% 组合98.9 撤-2.7% 半0.7/1.1
做空,641,1,BTC24h跌,止盈3% 止损8% 48h,1,False,0.1,0.91,47笔 胜72% PF0.91 均-0.19% 组合99.0 撤-4.5% 半1.0/0.8,28笔 胜71% PF0.95 均-0.11% 组合99.7 撤-3.5% 半0.6/1.5,53笔 胜74% PF1.00 均+0.00% 组合100.0 撤-3.3% 半1.0/1.0
做多,8+167,2,BTC24h跌,止盈5% 止损11% 72h,2,False,0.09,0.36,26笔 胜38% PF0.36 均-3.04% 组合92.3 撤-8.1% 半0.4/0.3,30笔 胜63% PF1.09 均+0.23% 组合100.6 撤-1.7% 半1.4/0.8,55笔 胜69% PF1.26 均+0.62% 组合103.4 撤-2.8% 半1.3/1.3
做多,167+169,2,BTC24h涨,止盈2% 止损5% 24h,0,False,0.09,0.53,31笔 胜52% PF0.53 均-0.83% 组合97.4 撤-2.7% 半0.3/0.9,31笔 胜65% PF0.88 均-0.18% 组合99.4 撤-1.2% 半1.2/0.7,54笔 胜78% PF1.74 均+0.60% 组合103.3 撤-0.8% 半1.2/2.9
做多,167+169,2,BTC24h涨,止盈3% 止损8% 48h,1,False,0.09,0.81,31笔 胜61% PF0.81 均-0.39% 组合98.8 撤-2.0% 半0.6/1.1,31笔 胜74% PF1.50 均+0.73% 组合102.3 撤-1.3% 半3.3/0.9,54笔 胜70% PF1.38 均+0.56% 组合103.0 撤-2.6% 半0.8/3.1
做多,167+169,2,BTC24h涨,止盈5% 止损11% 72h,2,False,0.09,0.77,30笔 胜53% PF0.77 均-0.68% 组合98.0 撤-4.1% 半0.3/1.8,31笔 胜61% PF1.19 均+0.47% 组合101.4 撤-2.9% 半2.0/0.8,54笔 胜61% PF1.12 均+0.30% 组合101.5 撤-5.6% 半0.7/2.1
做多,167+169,2,BTC24h涨,止盈1.5% 止损3% 12h,3,False,0.09,0.58,31笔 胜55% PF0.58 均-0.56% 组合98.3 撤-1.9% 半0.3/1.0,31笔 胜68% PF1.18 均+0.15% 组合100.5 撤-0.6% 半1.5/1.0,54笔 胜63% PF0.99 均-0.01% 组合99.9 撤-2.0% 半0.5/2.4
做多,167+172,2,BTC24h跌,止盈2% 止损5% 24h,0,False,0.09,0.64,33笔 胜67% PF0.91 均-0.13% 组合99.6 撤-1.3% 半1.0/0.8,30笔 胜57% PF0.64 均-0.62% 组合98.1 撤-2.6% 半0.7/0.6,47笔 胜68% PF1.06 均+0.07% 组合100.3 撤-2.8% 半3.3/0.5
做多,167+172,2,BTC24h跌,止盈1.5% 止损3% 12h,3,False,0.09,0.55,33笔 胜64% PF0.85 均-0.15% 组合99.5 撤-1.5% 半1.5/0.5,31笔 胜55% PF0.55 均-0.61% 组合98.1 撤-1.9% 半0.4/0.7,49笔 胜61% PF0.72 均-0.35% 组合98.3 撤-2.7% 半0.9/0.6
做多,8+166+169,3,BTC24h涨,止盈2% 止损5% 24h,0,False,0.09,0.54,33笔 胜52% PF0.54 均-0.79% 组合97.4 撤-3.0% 半0.5/0.6,31笔 胜71% PF1.01 均+0.01% 组合100.0 撤-1.1% 半1.5/0.7,51笔 胜63% PF1.14 均+0.14% 组合100.7 撤-1.3% 半1.5/0.9
做多,8+166+169,3,BTC24h涨,止盈3% 止损8% 48h,1,False,0.09,0.42,33笔 胜42% PF0.42 均-1.40% 组合95.4 撤-5.1% 半0.5/0.3,30笔 胜73% PF1.39 均+0.54% 组合101.6 撤-1.2% 半2.1/1.1,51笔 胜71% PF1.58 均+0.70% 组合103.5 撤-1.8% 半1.2/2.2
做多,8+166+169,3,BTC24h涨,止盈5% 止损11% 72h,2,False,0.09,0.58,33笔 胜42% PF0.58 均-1.37% 组合95.5 撤-5.0% 半0.5/0.6,30笔 胜67% PF1.62 均+1.10% 组合103.3 撤-1.6% 半1.8/1.4,50笔 胜64% PF1.57 均+1.08% 组合105.4 撤-2.8% 半1.4/1.8
做多,8+166+169,3,BTC24h涨,止盈1.5% 止损3% 12h,3,False,0.09,0.71,33笔 胜58% PF0.71 均-0.32% 组合98.9 撤-1.2% 半1.0/0.5,31笔 胜65% PF1.00 均+0.00% 组合100.0 撤-1.4% 半2.6/0.5,51笔 胜59% PF0.90 均-0.09% 组合99.5 撤-1.2% 半0.7/1.1
做空,541,1,不过滤,止盈5% 止损11% 72h,2,False,0.09,0.66,24笔 胜62% PF0.74 均-1.10% 组合97.3 撤-5.4% 半0.9/0.6,41笔 胜73% PF1.21 均+0.61% 组合102.4 撤-5.1% 半1.0/1.4,40笔 胜60% PF0.66 均-1.50% 组合94.1 撤-8.2% 半0.7/0.7
做空,641,1,BTC24h跌,止盈5% 止损11% 72h,2,False,0.09,0.82,46笔 胜70% PF1.25 均+0.68% 组合103.1 撤-4.4% 半2.0/0.8,27笔 胜63% PF0.82 均-0.68% 组合98.1 撤-5.5% 半0.5/1.4,50笔 胜66% PF0.89 均-0.39% 组合97.9 撤-6.2% 半0.9/0.9
做多,141,1,BTC24h跌,止盈2% 止损5% 24h,0,False,0.08,1.57,46笔 胜80% PF1.71 均+0.65% 组合103.0 撤-1.6% 半1.8/1.6,26笔 胜81% PF1.57 均+0.57% 组合101.5 撤-1.7% 半0.8/4.5,42笔 胜88% PF3.45 均+1.21% 组合104.0 撤-0.8% 半1.6/401.4
做多,141,1,BTC24h跌,止盈3% 止损8% 48h,1,False,0.08,1.52,45笔 胜80% PF1.52 均+0.76% 组合103.4 撤-3.7% 半1.2/2.0,24笔 胜79% PF1.62 均+0.85% 组合102.0 撤-1.6% 半1.8/1.4,42笔 胜95% PF7.19 均+2.40% 组合108.3 撤-0.8% 半3.4/10.0
做多,141,1,BTC24h跌,止盈5% 止损11% 72h,2,False,0.08,2.08,44笔 胜80% PF2.08 均+1.94% 组合108.7 撤-4.5% 半1.7/2.8,23笔 胜78% PF2.33 均+2.02% 组合104.7 撤-2.4% 半2.0/2.9,41笔 胜83% PF2.78 均+2.54% 组合107.1 撤-2.2% 半1.1/46.7
做多,141,1,BTC24h跌,止盈1.5% 止损3% 12h,3,False,0.08,1.08,46笔 胜78% PF1.64 均+0.43% 组合102.0 撤-0.7% 半1.3/2.2,27笔 胜70% PF1.08 均+0.07% 组合100.2 撤-1.3% 半0.7/1.7,42笔 胜86% PF3.04 均+0.82% 组合102.6 撤-0.6% 半1.5/24.0
做多,165,1,BTC24h跌,止盈2% 止损5% 24h,0,False,0.08,0.59,39笔 胜72% PF1.25 均+0.28% 组合101.1 撤-1.9% 半0.9/1.9,31笔 胜61% PF0.59 均-0.81% 组合97.5 撤-3.1% 半1.0/0.4,36笔 胜78% PF1.40 均+0.42% 组合101.5 撤-1.0% 半2.9/0.8
做多,165,1,BTC24h跌,止盈3% 止损8% 48h,1,False,0.08,0.79,38笔 胜71% PF1.05 均+0.10% 组合100.3 撤-4.3% 半0.7/1.7,28笔 胜71% PF1.12 均+0.23% 组合100.6 撤-2.4% 半0.9/1.5,35笔 胜66% PF0.79 均-0.50% 组合98.2 撤-3.2% 半1.4/0.5
做多,165,1,BTC24h跌,止盈1.5% 止损3% 12h,3,False,0.08,0.95,42笔 胜79% PF1.83 均+0.51% 组合102.2 撤-0.8% 半1.7/1.9,34笔 胜68% PF0.95 均-0.05% 组合99.8 撤-1.2% 半1.5/0.6,37笔 胜68% PF0.97 均-0.03% 组合99.9 撤-1.5% 半2.5/0.5
做多,167+172,2,BTC24h跌,止盈3% 止损8% 48h,1,False,0.08,0.79,32笔 胜66% PF0.95 均-0.10% 组合99.6 撤-2.2% 半0.6/1.8,30笔 胜63% PF0.79 均-0.49% 组合98.5 撤-3.0% 半0.6/1.1,45笔 胜78% PF1.91 均+1.01% 组合104.6 撤-1.6% 半1.6/2.3
做多,167+172,2,BTC24h跌,止盈5% 止损11% 72h,2,False,0.08,0.42,31笔 胜42% PF0.42 均-2.81% 组合91.6 撤-9.8% 半0.4/0.4,29笔 胜66% PF1.16 均+0.43% 组合101.2 撤-2.1% 半2.1/0.7,44笔 胜66% PF1.29 均+0.71% 组合103.1 撤-3.4% 半1.1/1.5
做空,503,1,BTC24h涨,止盈2% 止损5% 24h,0,False,0.08,0.84,44笔 胜77% PF1.27 均+0.32% 组合101.4 撤-2.8% 半3.7/0.7,42笔 胜69% PF0.84 均-0.26% 组合98.9 撤-1.5% 半0.9/0.7,25笔 胜76% PF1.19 均+0.23% 组合100.6 撤-1.3% 半1.1/1.2
做空,503,1,BTC24h涨,止盈3% 止损8% 48h,1,False,0.08,0.82,42笔 胜81% PF1.53 均+0.82% 组合103.4 撤-3.0% 半3.4/0.9,38笔 胜74% PF1.01 均+0.01% 组合100.0 撤-2.4% 半1.3/0.8,23笔 胜70% PF0.82 均-0.44% 组合99.0 撤-2.9% 半1.0/0.7
做空,503,1,BTC24h涨,止盈1.5% 止损3% 12h,3,False,0.08,0.81,44笔 胜73% PF1.21 均+0.18% 组合100.8 撤-1.8% 半2.9/0.7,45笔 胜64% PF0.82 均-0.20% 组合99.1 撤-1.5% 半0.8/0.9,25笔 胜64% PF0.81 均-0.22% 组合99.4 撤-1.6% 半0.9/0.7
做空,505,1,BTC24h涨,止盈1.5% 止损3% 12h,3,False,0.08,0.7,33笔 胜45% PF0.70 均-0.24% 组合99.2 撤-1.2% 半0.9/0.5,26笔 胜73% PF1.86 均+0.47% 组合101.2 撤-0.5% 半2.1/1.7,41笔 胜44% PF0.74 均-0.21% 组合99.1 撤-1.1% 半0.9/0.6
做空,541,1,BTC24h涨,止盈1.5% 止损3% 12h,3,False,0.08,0.64,16笔 胜81% PF1.97 均+0.57% 组合100.9 撤-0.5% 半3.2/1.4,41笔 胜68% PF0.98 均-0.02% 组合99.9 撤-1.2% 半0.8/1.1,41笔 胜59% PF0.64 均-0.47% 组合98.1 撤-2.9% 半0.5/0.9
做多,144,1,不过滤,止盈2% 止损5% 24h,0,False,0.07,1.12,20笔 胜75% PF1.12 均+0.16% 组合100.3 撤-0.8% 半0.9/1.5,45笔 胜96% PF8.06 均+1.62% 组合107.1 撤-1.0% 半10.0/3.9,24笔 胜88% PF3.40 均+1.19% 组合102.9 撤-0.5% 半13.1/1.9
做多,144,1,不过滤,止盈3% 止损8% 48h,1,False,0.07,1.92,19笔 胜84% PF1.92 均+1.18% 组合102.2 撤-0.8% 半1.3/3.2,45笔 胜98% PF15.83 均+2.68% 组合112.1 撤-0.8% 半10.0/7.9,23笔 胜96% PF17.74 均+2.64% 组合106.3 撤-0.4% 半10.0/8.9
做多,144,1,不过滤,止盈5% 止损11% 72h,2,False,0.07,2.36,19笔 胜84% PF2.36 均+2.39% 组合104.6 撤-1.1% 半1.5/4.0,44笔 胜91% PF4.42 均+3.47% 组合115.1 撤-3.3% 半9.3/2.8,23笔 胜87% PF9.26 均+3.68% 组合108.8 撤-0.8% 半23.7/5.9
做多,144,1,不过滤,止盈1.5% 止损3% 12h,3,False,0.07,0.5,21笔 胜52% PF0.50 均-0.75% 组合98.4 撤-1.8% 半0.3/0.8,46笔 胜89% PF3.72 均+0.93% 组合104.1 撤-0.9% 半10.0/2.2,24笔 胜88% PF3.18 均+0.86% 组合102.1 撤-0.3% 半5.0/2.3
做多,165,1,BTC24h跌,止盈5% 止损11% 72h,2,False,0.07,0.89,37笔 胜65% PF0.95 均-0.16% 组合99.3 撤-7.8% 半0.5/2.1,25笔 胜72% PF1.37 均+0.97% 组合102.4 撤-1.6% 半1.3/1.4,33笔 胜61% PF0.89 均-0.35% 组合98.7 撤-4.6% 半1.5/0.6
做多,7+8,2,BTC24h跌,止盈2% 止损5% 24h,0,False,0.07,0.52,32笔 胜56% PF0.52 均-0.91% 组合97.1 撤-3.6% 半0.5/0.6,14笔 胜57% PF0.60 均-0.68% 组合99.0 撤-1.5% 半0.8/0.4,43笔 胜67% PF1.50 均+0.42% 组合101.8 撤-1.4% 半1.6/1.4
做多,7+8,2,BTC24h跌,止盈1.5% 止损3% 12h,3,False,0.07,0.52,33笔 胜45% PF0.52 均-0.55% 组合98.2 撤-2.3% 半0.4/0.6,14笔 胜64% PF0.97 均-0.02% 组合100.0 撤-0.6% 半0.6/1.6,46笔 胜72% PF1.74 均+0.39% 组合101.8 撤-0.8% 半3.9/1.0
做空,503,1,BTC24h涨,止盈5% 止损11% 72h,2,False,0.07,1.04,41笔 胜78% PF1.82 均+1.65% 组合106.9 撤-3.4% 半8.4/0.8,36笔 胜69% PF1.04 均+0.14% 组合100.4 撤-4.7% 半1.5/0.7,21笔 胜71% PF1.10 均+0.33% 组合100.7 撤-2.4% 半1.0/1.2
做空,505,1,BTC24h涨,止盈2% 止损5% 24h,0,False,0.07,0.58,32笔 胜56% PF0.72 均-0.36% 组合98.8 撤-2.8% 半2.7/0.2,24笔 胜75% PF1.67 均+0.55% 组合101.3 撤-1.0% 半1.7/1.6,40笔 胜52% PF0.58 均-0.63% 组合97.5 撤-2.7% 半0.7/0.4
做空,505,1,BTC24h涨,止盈3% 止损8% 48h,1,False,0.07,0.54,31笔 胜55% PF0.98 均-0.03% 组合99.9 撤-2.3% 半1.6/0.5,24笔 胜75% PF1.20 均+0.35% 组合100.8 撤-2.4% 半1.0/1.5,39笔 胜51% PF0.54 均-1.16% 组合95.5 撤-4.8% 半0.4/0.7
做空,505,1,BTC24h涨,止盈5% 止损11% 72h,2,False,0.07,0.42,30笔 胜53% PF1.06 均+0.12% 组合100.3 撤-3.0% 半2.2/0.4,24笔 胜67% PF1.03 均+0.10% 组合100.2 撤-5.3% 半0.7/1.5,39笔 胜41% PF0.42 均-2.02% 组合92.3 撤-7.7% 半0.5/0.4
做空,541,1,BTC24h涨,止盈2% 止损5% 24h,0,False,0.07,0.89,15笔 胜80% PF1.50 均+0.51% 组合100.8 撤-0.8% 半2.2/1.1,37笔 胜70% PF0.89 均-0.18% 组合99.3 撤-2.9% 半0.5/2.0,34笔 胜71% PF0.90 均-0.15% 组合99.5 撤-1.5% 半0.9/0.9
做空,544,1,BTC24h跌,止盈2% 止损5% 24h,0,False,0.07,0.95,27笔 胜70% PF2.53 均+0.67% 组合101.8 撤-0.6% 半3.7/1.6,17笔 胜71% PF1.02 均+0.02% 组合100.0 撤-1.5% 半0.6/2.0,46笔 胜61% PF0.95 均-0.06% 组合99.7 撤-1.1% 半0.9/1.1
做空,544,1,BTC24h跌,止盈3% 止损8% 48h,1,False,0.07,0.82,27笔 胜67% PF3.05 均+1.16% 组合103.2 撤-0.8% 半3.3/2.6,16笔 胜62% PF0.82 均-0.40% 组合99.3 撤-2.3% 半0.8/0.8,46笔 胜65% PF1.71 均+0.74% 组合103.4 撤-1.2% 半2.6/1.2
做空,544,1,BTC24h跌,止盈5% 止损11% 72h,2,False,0.07,1.34,27笔 胜70% PF3.86 均+1.80% 组合104.9 撤-1.1% 半5.0/1.7,16笔 胜62% PF1.61 均+1.13% 组合101.8 撤-1.3% 半1.7/1.5,46笔 胜61% PF1.34 均+0.60% 组合102.7 撤-2.0% 半1.9/0.9
做空,544,1,BTC24h跌,止盈1.5% 止损3% 12h,3,False,0.07,0.67,27笔 胜52% PF1.31 均+0.14% 组合100.4 撤-0.7% 半2.0/0.8,19笔 胜58% PF0.67 均-0.41% 组合99.2 撤-1.0% 半0.4/1.3,46笔 胜57% PF0.83 均-0.15% 组合99.3 撤-1.1% 半0.9/0.8
做空,503+641,2,不过滤,止盈2% 止损5% 24h,0,False,0.07,0.87,36笔 胜78% PF1.31 均+0.36% 组合101.3 撤-1.9% 半3.0/0.7,36笔 胜72% PF0.97 均-0.04% 组合99.8 撤-1.3% 半1.3/0.7,20笔 胜70% PF0.87 均-0.19% 组合99.6 撤-1.0% 半0.6/1.5
做空,503+641,2,不过滤,止盈1.5% 止损3% 12h,3,False,0.07,0.74,36笔 胜67% PF0.91 均-0.10% 组合99.6 撤-2.0% 半1.6/0.6,39笔 胜64% PF0.81 均-0.21% 组合99.2 撤-1.5% 半1.0/0.7,21笔 胜62% PF0.74 均-0.32% 组合99.3 撤-1.0% 半1.1/0.5
做多,143,1,不过滤,止盈2% 止损5% 24h,0,False,0.06,1.82,41笔 胜83% PF1.82 均+0.72% 组合103.0 撤-1.0% 半1.5/2.2,25笔 胜88% PF2.75 均+1.08% 组合102.7 撤-1.0% 半10.0/1.2,23笔 胜87% PF3.18 均+1.15% 组合102.7 撤-1.2% 半1.3/10.0
做多,143,1,不过滤,止盈3% 止损8% 48h,1,False,0.06,2.64,41笔 胜95% PF7.01 均+2.39% 组合110.2 撤-1.6% 半3.2/10.0,25笔 胜88% PF2.64 均+1.60% 组合104.0 撤-1.6% 半10.0/1.2,23笔 胜100% PF9.99 均+2.93% 组合106.9 撤0.0% 半10.0/10.0
做多,143,1,不过滤,止盈5% 止损11% 72h,2,False,0.06,3.7,41笔 胜90% PF7.40 均+3.78% 组合116.6 撤-1.7% 半10.0/3.3,24笔 胜88% PF3.70 均+3.02% 组合107.4 撤-2.2% 半10.0/1.5,23笔 胜87% PF8.10 均+3.76% 组合109.0 撤-1.1% 半3.2/10.0
做多,143,1,不过滤,止盈1.5% 止损3% 12h,3,False,0.06,0.85,41笔 胜83% PF2.21 均+0.65% 组合102.7 撤-0.6% 半1.8/2.7,25笔 胜80% PF1.82 均+0.51% 组合101.3 撤-0.8% 半5.0/1.0,23笔 胜65% PF0.85 均-0.16% 组合99.6 撤-1.6% 半0.5/1.4
做多,7+8,2,BTC24h跌,止盈3% 止损8% 48h,1,False,0.06,0.5,31笔 胜52% PF0.50 均-1.42% 组合95.7 撤-5.4% 半0.3/0.8,13笔 胜62% PF0.71 均-0.69% 组合99.1 撤-1.5% 半0.5/1.0,40笔 胜60% PF0.91 均-0.14% 组合99.4 撤-3.0% 半0.8/1.2
做多,7+8,2,BTC24h跌,止盈5% 止损11% 72h,2,False,0.06,0.67,29笔 胜55% PF0.67 均-1.03% 组合97.0 撤-5.8% 半0.7/0.7,13笔 胜54% PF0.79 均-0.70% 组合99.1 撤-2.1% 半0.8/0.8,37笔 胜62% PF1.13 均+0.28% 组合101.0 撤-3.1% 半0.9/1.5
做空,541,1,BTC24h涨,止盈3% 止损8% 48h,1,False,0.06,0.65,14笔 胜64% PF0.65 均-1.03% 组合98.6 撤-2.7% 半0.5/0.9,32笔 胜78% PF1.28 均+0.51% 组合101.6 撤-2.6% 半0.8/2.5,30笔 胜70% PF0.84 均-0.40% 组合98.8 撤-3.1% 半0.7/1.0
做空,541,1,BTC24h涨,止盈5% 止损11% 72h,2,False,0.06,1.05,13笔 胜77% PF1.47 均+1.22% 组合101.6 撤-2.2% 半2.2/1.1,31笔 胜71% PF1.08 均+0.26% 组合100.7 撤-5.1% 半0.7/1.9,27笔 胜70% PF1.05 均+0.16% 组合100.4 撤-3.1% 半1.0/1.1
做空,503+641,2,不过滤,止盈3% 止损8% 48h,1,False,0.06,0.67,35笔 胜83% PF1.74 均+1.03% 组合103.6 撤-2.3% 半5.7/0.9,33笔 胜79% PF1.33 均+0.58% 组合101.9 撤-2.4% 半5.4/0.7,20笔 胜65% PF0.67 均-0.95% 组合98.1 撤-2.0% 半0.5/0.8
做空,503+641,2,不过滤,止盈5% 止损11% 72h,2,False,0.06,0.85,34笔 胜79% PF1.90 均+1.79% 组合106.1 撤-3.9% 半7.1/0.9,33笔 胜67% PF0.92 均-0.30% 组合98.9 撤-5.0% 半1.3/0.7,19笔 胜63% PF0.85 均-0.55% 组合98.9 撤-2.3% 半0.9/0.8
做多,143,1,BTC24h跌,止盈2% 止损5% 24h,0,False,0.05,1.77,40笔 胜82% PF1.77 均+0.69% 组合102.8 撤-1.0% 半1.5/2.1,21笔 胜86% PF2.25 均+0.92% 组合101.9 撤-1.0% 半10.0/1.0,19笔 胜84% PF2.55 均+0.99% 组合101.9 撤-1.2% 半1.0/10.0
做多,143,1,BTC24h跌,止盈3% 止损8% 48h,1,False,0.05,2.16,40笔 胜95% PF6.83 均+2.38% 组合109.9 撤-1.6% 半3.2/10.0,21笔 胜86% PF2.16 均+1.35% 组合102.8 撤-1.6% 半10.0/1.0,19笔 胜100% PF9.99 均+2.93% 组合105.7 撤0.0% 半10.0/10.0
做多,143,1,BTC24h跌,止盈5% 止损11% 72h,2,False,0.05,2.96,40笔 胜90% PF7.20 均+3.75% 组合116.0 撤-1.7% 半10.0/3.1,20笔 胜85% PF2.96 均+2.63% 组合105.3 撤-2.2% 半10.0/1.1,19笔 胜84% PF6.48 均+3.51% 组合106.8 撤-1.1% 半2.4/10.0
做多,143,1,BTC24h跌,止盈1.5% 止损3% 12h,3,False,0.05,0.98,40笔 胜82% PF2.14 均+0.63% 组合102.5 撤-0.6% 半1.8/2.6,21笔 胜81% PF1.93 均+0.56% 组合101.2 撤-0.6% 半4.1/1.2,19笔 胜68% PF0.98 均-0.02% 组合100.0 撤-1.3% 半0.6/1.8
做空,541,1,BTC24h跌,止盈2% 止损5% 24h,0,False,0.05,0.5,14笔 胜57% PF0.50 均-1.11% 组合98.5 撤-1.8% 半0.5/0.5,19笔 胜74% PF1.05 均+0.07% 组合100.1 撤-1.2% 半1.3/0.9,24笔 胜62% PF0.62 均-0.73% 组合98.3 撤-2.1% 半1.1/0.4
做空,541,1,BTC24h跌,止盈1.5% 止损3% 12h,3,False,0.05,0.45,15笔 胜67% PF0.91 均-0.10% 组合99.9 撤-1.1% 半0.6/1.4,20笔 胜75% PF1.36 均+0.28% 组合100.6 撤-0.9% 半4.1/0.7,26笔 胜50% PF0.45 均-0.86% 组合97.8 撤-2.6% 半1.0/0.2
做空,541,1,BTC24h跌,止盈3% 止损8% 48h,1,False,0.04,0.4,12笔 胜58% PF0.50 均-1.69% 组合98.0 撤-2.3% 半0.7/0.4,15笔 胜73% PF0.99 均-0.03% 组合99.9 撤-1.3% 半2.2/0.6,17笔 胜53% PF0.40 均-2.29% 组合96.2 撤-4.2% 半1.1/0.2
做空,541,1,BTC24h跌,止盈5% 止损11% 72h,2,False,0.03,0.22,12笔 胜50% PF0.44 均-3.11% 组合96.3 撤-4.2% 半0.4/0.4,12笔 胜67% PF0.88 均-0.43% 组合99.5 撤-3.5% 半0.9/0.9,15笔 胜33% PF0.22 均-5.79% 组合91.6 撤-8.4% 半0.3/0.1
