方向,条件,个数,大盘,出场,k,过关,每天,最差PF,2022-23,2024-25,2025-26
做多,168,1,不过滤,止盈1.5% 止损3% 12h,3,False,178.81,0.83,26999笔 胜59% PF0.83 均-0.15% 组合3.6 撤-96.5% 半0.8/0.8,22953笔 胜61% PF0.84 均-0.15% 组合15.0 撤-86.7% 半0.8/0.9,156800笔 胜61% PF0.86 均-0.14% 组合5.5 撤-94.9% 半0.8/0.9
做多,168,1,不过滤,止盈2% 止损5% 24h,0,False,122.31,0.88,18407笔 胜63% PF0.89 均-0.14% 组合11.5 撤-91.1% 半0.9/0.9,15596笔 胜65% PF0.88 均-0.17% 组合28.5 撤-79.7% 半0.8/0.9,107395笔 胜64% PF0.88 均-0.16% 组合16.9 撤-87.5% 半0.8/1.0
做多,168,1,BTC24h跌,止盈1.5% 止损3% 12h,3,False,113.47,0.82,17600笔 胜60% PF0.86 均-0.13% 组合12.4 撤-88.4% 半0.8/0.9,13938笔 胜60% PF0.82 均-0.19% 组合27.8 撤-74.1% 半0.8/0.8,99909笔 胜62% PF0.89 均-0.10% 组合16.7 撤-83.8% 半0.8/1.0
做多,168,1,BTC24h涨,止盈1.5% 止损3% 12h,3,False,86.5,0.79,13200笔 胜56% PF0.79 均-0.19% 组合14.2 撤-86.5% 半0.9/0.7,11766笔 胜61% PF0.85 均-0.15% 组合37.9 撤-64.0% 半0.8/0.9,75123笔 胜58% PF0.81 均-0.18% 组合15.9 撤-86.4% 半0.7/0.9
做多,168,1,BTC24h跌,止盈2% 止损5% 24h,0,False,81.52,0.84,12557笔 胜64% PF0.92 均-0.10% 组合25.8 撤-79.9% 半0.9/1.0,9719笔 胜64% PF0.84 均-0.24% 组合38.5 撤-68.0% 半0.8/0.9,72114笔 胜66% PF0.92 均-0.10% 组合30.8 撤-72.9% 半0.8/1.0
做多,168,1,不过滤,止盈3% 止损8% 48h,1,False,73.28,0.9,10981笔 胜63% PF0.92 均-0.16% 组合19.2 撤-90.3% 半0.8/1.0,9321笔 胜66% PF0.93 均-0.14% 组合60.0 撤-74.7% 半0.9/1.0,64392笔 胜64% PF0.90 均-0.19% 组合42.8 撤-73.6% 半0.8/1.1
做多,168,1,BTC24h涨,止盈2% 止损5% 24h,0,False,65.9,0.82,10352笔 胜61% PF0.85 均-0.18% 组合19.4 撤-84.9% 半0.9/0.9,9080笔 胜64% PF0.87 均-0.17% 组合47.1 撤-57.5% 半0.8/0.9,56974笔 胜61% PF0.82 均-0.25% 组合22.4 撤-81.5% 半0.7/0.9
做空,666,1,不过滤,止盈1.5% 止损3% 12h,3,False,59.86,0.87,9938笔 胜62% PF0.92 均-0.07% 组合46.1 撤-58.2% 半1.0/0.9,8124笔 胜62% PF0.87 均-0.12% 组合46.4 撤-57.7% 半0.9/0.8,51630笔 胜63% PF0.88 均-0.12% 组合20.2 撤-81.0% 半0.9/0.9
做多,166,1,不过滤,止盈1.5% 止损3% 12h,3,False,55.43,0.79,8233笔 胜56% PF0.79 均-0.20% 组合18.8 撤-81.9% 半0.8/0.8,6106笔 胜60% PF0.84 均-0.16% 组合38.9 撤-62.5% 半0.9/0.8,49687笔 胜58% PF0.82 均-0.18% 组合9.3 撤-91.6% 半0.8/0.8
做多,168,1,BTC24h跌,止盈3% 止损8% 48h,1,False,53.22,0.91,8219笔 胜65% PF0.98 均-0.04% 组合50.3 撤-70.1% 半0.9/1.1,6295笔 胜66% PF0.91 均-0.19% 组合68.6 撤-58.8% 半0.9/0.9,47123笔 胜65% PF0.92 均-0.15% 组合44.3 撤-65.3% 半0.8/1.1
做空,666,1,不过滤,止盈2% 止损5% 24h,0,False,51.55,0.86,8381笔 胜65% PF0.95 均-0.06% 组合50.3 撤-58.9% 半1.0/0.9,6774笔 胜65% PF0.86 均-0.20% 组合39.6 撤-64.6% 半0.9/0.8,44764笔 胜67% PF0.93 均-0.09% 组合46.5 撤-65.1% 半1.0/0.9
做多,173,1,不过滤,止盈1.5% 止损3% 12h,3,False,49.97,0.86,7087笔 胜62% PF0.86 均-0.13% 组合36.9 撤-67.4% 半0.8/0.9,5665笔 胜64% PF0.88 均-0.13% 组合47.4 撤-56.0% 半0.9/0.9,44788笔 胜63% PF0.88 均-0.12% 组合7.0 撤-94.3% 半0.8/0.9
做多,166,1,不过滤,止盈2% 止损5% 24h,0,False,48.21,0.83,7113笔 胜60% PF0.83 均-0.22% 组合21.5 撤-81.0% 半0.8/0.8,5388笔 胜63% PF0.85 均-0.21% 组合33.8 撤-67.9% 半0.8/0.9,43159笔 胜62% PF0.85 均-0.20% 组合28.1 撤-77.7% 半0.8/0.9
做多,168,1,BTC24h涨,止盈3% 止损8% 48h,1,False,46.83,0.86,7371笔 胜61% PF0.89 均-0.20% 组合24.6 撤-86.2% 半0.8/1.0,6247笔 胜65% PF0.93 均-0.13% 组合79.9 撤-54.6% 半0.8/1.1,40689笔 胜62% PF0.86 均-0.29% 组合49.8 撤-63.7% 半0.7/1.1
做多,168,1,不过滤,止盈5% 止损11% 72h,2,False,44.66,0.89,6660笔 胜58% PF0.95 均-0.14% 组合34.7 撤-85.0% 半0.9/1.1,5581笔 胜62% PF0.97 均-0.09% 组合64.3 撤-68.6% 半0.9/1.0,39358笔 胜58% PF0.89 均-0.32% 组合53.6 撤-62.1% 半0.7/1.1
做空,671,1,不过滤,止盈1.5% 止损3% 12h,3,False,44.29,0.82,5297笔 胜62% PF0.87 均-0.13% 组合48.9 撤-52.2% 半0.9/0.8,4961笔 胜63% PF0.82 均-0.19% 组合39.6 撤-62.6% 半0.8/0.8,40225笔 胜64% PF0.88 均-0.12% 组合10.6 撤-90.1% 半0.9/0.9
做多,173,1,不过滤,止盈2% 止损5% 24h,0,False,44.2,0.88,6242笔 胜64% PF0.89 均-0.15% 组合35.2 撤-74.2% 半0.8/1.0,5044笔 胜67% PF0.88 均-0.18% 组合42.2 撤-64.8% 半0.9/0.9,39597笔 胜67% PF0.92 均-0.11% 组合17.9 撤-86.0% 半0.8/1.0
做多,164,1,不过滤,止盈1.5% 止损3% 12h,3,False,41.04,0.76,5195笔 胜57% PF0.76 均-0.23% 组合29.9 撤-72.9% 半0.8/0.7,4728笔 胜61% PF0.80 均-0.20% 组合47.2 撤-53.7% 半0.7/0.9,37003笔 胜59% PF0.79 均-0.22% 组合9.1 撤-91.7% 半0.7/0.9
做空,666,1,不过滤,止盈3% 止损8% 48h,1,False,40.36,0.89,6299笔 胜65% PF0.97 均-0.06% 组合62.8 撤-53.9% 半1.0/0.9,5214笔 胜66% PF0.89 均-0.23% 组合31.4 撤-73.5% 半0.9/0.8,35261笔 胜68% PF0.97 均-0.06% 组合135.5 撤-40.0% 半1.1/0.8
做空,671,1,不过滤,止盈2% 止损5% 24h,0,False,39.97,0.85,4816笔 胜67% PF0.93 均-0.09% 组合61.9 撤-43.5% 半1.0/0.9,4456笔 胜67% PF0.85 均-0.23% 组合36.2 撤-67.2% 半0.9/0.8,36305笔 胜69% PF0.94 均-0.08% 组合46.2 撤-67.3% 半1.0/0.9
做多,166,1,不过滤,止盈3% 止损8% 48h,1,False,37.98,0.87,5578笔 胜61% PF0.88 均-0.22% 组合28.0 撤-81.6% 半0.8/1.0,4315笔 胜64% PF0.91 均-0.17% 组合60.3 撤-54.7% 半0.9/1.0,33936笔 胜63% PF0.87 均-0.27% 组合25.0 撤-80.5% 半0.8/1.0
做空,666,1,BTC24h涨,止盈1.5% 止损3% 12h,3,False,36.43,0.86,6407笔 胜63% PF0.98 均-0.02% 组合84.3 撤-26.7% 半1.0/0.9,5477笔 胜64% PF0.92 均-0.08% 组合69.1 撤-36.1% 半1.0/0.8,30717笔 胜62% PF0.86 均-0.13% 组合29.2 撤-72.7% 半0.9/0.8
做多,173,1,不过滤,止盈3% 止损8% 48h,1,False,35.38,0.88,4992笔 胜64% PF0.92 均-0.16% 组合32.8 撤-79.7% 半0.8/1.1,4061笔 胜67% PF0.88 均-0.25% 组合40.6 撤-69.4% 半0.8/0.9,31676笔 胜66% PF0.93 均-0.13% 组合27.7 撤-82.6% 半0.8/1.1
做多,168,1,BTC24h跌,止盈5% 止损11% 72h,2,False,35.15,0.9,5442笔 胜59% PF1.00 均-0.01% 组合54.8 撤-70.4% 半0.9/1.2,4142笔 胜60% PF0.94 均-0.18% 组合57.6 撤-69.2% 半0.9/1.0,31129笔 胜58% PF0.90 均-0.29% 组合45.2 撤-68.2% 半0.7/1.2
做空,671,1,不过滤,止盈3% 止损8% 48h,1,False,33.02,0.83,4013笔 胜68% PF0.99 均-0.02% 组合83.3 撤-35.5% 半1.0/0.9,3699笔 胜67% PF0.83 均-0.39% 组合34.1 撤-71.6% 半0.9/0.8,29957笔 胜69% PF0.99 均-0.02% 组合49.3 撤-62.8% 半1.1/0.9
做多,164,1,不过滤,止盈2% 止损5% 24h,0,False,32.68,0.78,4231笔 胜61% PF0.80 均-0.26% 组合33.3 撤-70.4% 半0.8/0.8,3754笔 胜63% PF0.78 均-0.32% 组合41.1 撤-61.1% 半0.7/0.9,29431笔 胜63% PF0.84 均-0.23% 组合21.7 撤-80.6% 半0.7/1.0
做多,168,1,BTC24h涨,止盈5% 止损11% 72h,2,False,32.46,0.86,4990笔 胜56% PF0.94 均-0.15% 组合40.2 撤-76.3% 半0.9/1.0,4166笔 胜61% PF0.98 均-0.05% 组合83.9 撤-52.9% 半0.9/1.1,28428笔 胜56% PF0.86 均-0.40% 组合51.8 撤-63.8% 半0.7/1.1
做空,666,1,BTC24h涨,止盈2% 止损5% 24h,0,False,31.38,0.91,5412笔 胜66% PF1.00 均-0.00% 组合86.9 撤-27.8% 半1.1/0.9,4556笔 胜66% PF0.91 均-0.12% 组合59.5 撤-46.1% 半1.0/0.8,26666笔 胜67% PF0.91 均-0.12% 组合86.9 撤-38.8% 半1.0/0.9
做多,164,1,BTC24h跌,止盈1.5% 止损3% 12h,3,False,30.94,0.77,4177笔 胜58% PF0.77 均-0.22% 组合40.8 撤-61.6% 半0.8/0.7,3600笔 胜61% PF0.81 均-0.19% 组合61.3 撤-41.4% 半0.7/0.9,27743笔 胜59% PF0.79 均-0.21% 组合22.1 撤-78.8% 半0.7/0.9
做空,666,1,不过滤,止盈5% 止损11% 72h,2,False,30.28,0.89,4613笔 胜60% PF0.96 均-0.12% 组合48.0 撤-72.2% 半1.1/0.8,3851笔 胜60% PF0.89 均-0.33% 组合41.1 撤-69.7% 半0.9/0.9,26574笔 胜64% PF1.01 均+0.03% 组合96.3 撤-42.5% 半1.2/0.8
做多,173,1,BTC24h跌,止盈1.5% 止损3% 12h,3,False,29.83,0.9,4570笔 胜64% PF0.92 均-0.08% 组合66.5 撤-41.5% 半0.8/1.0,3239笔 胜65% PF0.93 均-0.07% 组合73.9 撤-30.4% 半1.0/0.9,26715笔 胜64% PF0.90 均-0.10% 组合23.8 撤-77.5% 半0.8/1.0
做多,166,1,BTC24h涨,止盈1.5% 止损3% 12h,3,False,29.22,0.78,4417笔 胜55% PF0.78 均-0.21% 组合39.4 撤-61.0% 半0.8/0.7,3559笔 胜60% PF0.89 均-0.10% 组合68.4 撤-34.1% 半0.9/0.9,25817笔 胜57% PF0.78 均-0.22% 组合24.9 撤-77.4% 半0.7/0.8
做多,166,1,不过滤,止盈5% 止损11% 72h,2,False,28.63,0.85,4145笔 胜56% PF0.90 均-0.28% 组合25.7 撤-87.4% 半0.8/1.1,3323笔 胜61% PF1.00 均-0.01% 组合77.5 撤-59.8% 半0.9/1.1,25548笔 胜56% PF0.85 均-0.44% 组合38.2 撤-76.1% 半0.7/1.1
做多,8,1,不过滤,止盈1.5% 止损3% 12h,3,False,28.12,0.9,4800笔 胜61% PF0.90 均-0.10% 组合64.8 撤-45.0% 半0.9/0.9,4366笔 胜64% PF0.95 均-0.05% 组合76.2 撤-28.6% 半0.9/1.0,23640笔 胜65% PF0.95 均-0.05% 组合19.9 撤-80.4% 半0.9/1.0
做多,166,1,BTC24h跌,止盈1.5% 止损3% 12h,3,False,27.83,0.77,4100笔 胜57% PF0.80 均-0.18% 组合46.1 撤-57.6% 半0.8/0.8,2702笔 胜59% PF0.77 均-0.24% 组合52.8 撤-48.4% 半0.8/0.7,25328笔 胜60% PF0.85 均-0.14% 组合31.4 撤-71.0% 半0.8/0.9
做多,173,1,BTC24h跌,止盈2% 止损5% 24h,0,False,26.96,0.9,4067笔 胜66% PF0.92 均-0.10% 组合58.8 撤-48.8% 半0.8/1.0,2913笔 胜68% PF0.90 均-0.15% 组合66.1 撤-42.5% 半0.9/0.9,24187笔 胜68% PF0.96 均-0.06% 组合39.6 撤-67.3% 半0.8/1.1
做多,173,1,不过滤,止盈5% 止损11% 72h,2,False,26.42,0.92,3802笔 胜59% PF0.93 均-0.19% 组合34.8 撤-82.4% 半0.8/1.1,3076笔 胜61% PF0.92 均-0.26% 组合57.2 撤-67.6% 半0.9/1.0,23568笔 胜60% PF0.94 均-0.19% 组合45.3 撤-73.3% 半0.8/1.1
做多,166,1,BTC24h涨,止盈2% 止损5% 24h,0,False,26.22,0.83,3969笔 胜59% PF0.83 均-0.21% 组合40.5 撤-63.3% 半0.9/0.8,3222笔 胜64% PF0.87 均-0.17% 组合57.7 撤-46.7% 半0.8/0.9,23137笔 胜61% PF0.83 均-0.23% 组合36.0 撤-68.6% 半0.8/0.9
做空,605,1,不过滤,止盈1.5% 止损3% 12h,3,False,25.56,0.91,3849笔 胜59% PF0.92 均-0.07% 组合76.1 撤-32.8% 半1.0/0.8,3458笔 胜62% PF0.91 均-0.09% 组合77.8 撤-25.7% 半0.9/0.9,22247笔 胜63% PF0.95 均-0.04% 组合69.6 撤-42.1% 半1.0/0.9
做空,671,1,不过滤,止盈5% 止损11% 72h,2,False,25.49,0.82,3155笔 胜62% PF0.98 均-0.04% 组合73.8 撤-59.8% 半1.1/0.9,2869笔 胜60% PF0.82 均-0.63% 组合30.9 撤-72.9% 半0.9/0.8,23089笔 胜64% PF1.02 均+0.05% 组合96.0 撤-46.9% 半1.2/0.9
做多,166,1,BTC24h跌,止盈2% 止损5% 24h,0,False,25.42,0.81,3735笔 胜60% PF0.82 均-0.24% 组合42.5 撤-61.4% 半0.8/0.8,2495笔 胜62% PF0.81 均-0.26% 组合54.8 撤-47.6% 半0.8/0.8,23105笔 胜63% PF0.87 均-0.18% 组合59.8 撤-47.0% 半0.8/1.0
做多,164,1,BTC24h跌,止盈2% 止损5% 24h,0,False,25.3,0.79,3489笔 胜61% PF0.81 均-0.25% 组合43.0 撤-61.4% 半0.9/0.8,2917笔 胜63% PF0.79 均-0.30% 组合51.9 撤-51.4% 半0.7/0.9,22679笔 胜63% PF0.84 均-0.22% 组合27.8 撤-75.4% 半0.7/1.1
做空,666,1,BTC24h涨,止盈3% 止损8% 48h,1,False,25.25,0.94,4231笔 胜66% PF1.02 均+0.04% 组合102.4 撤-31.1% 半1.1/0.9,3611笔 胜68% PF0.97 均-0.07% 组合53.5 撤-53.6% 半1.0/0.9,21579笔 胜67% PF0.94 均-0.12% 组合90.0 撤-55.3% 半1.1/0.8
做空,666,1,BTC24h跌,止盈1.5% 止损3% 12h,3,False,25.04,0.79,3907笔 胜59% PF0.82 均-0.17% 组合51.4 撤-50.8% 半0.8/0.8,2856笔 胜59% PF0.79 均-0.22% 组合60.3 撤-42.5% 半0.8/0.8,22252笔 胜63% PF0.90 均-0.10% 组合45.0 撤-60.9% 半0.9/0.9
做多,164,1,不过滤,止盈3% 止损8% 48h,1,False,24.42,0.79,3275笔 胜59% PF0.79 均-0.42% 组合24.0 撤-80.4% 半0.7/0.9,2791笔 胜65% PF0.90 均-0.20% 组合64.7 撤-48.3% 半0.8/1.1,21959笔 胜63% PF0.84 均-0.33% 组合40.1 撤-66.2% 半0.7/1.1
做空,666,1,BTC24h跌,止盈2% 止损5% 24h,0,False,23.32,0.79,3644笔 胜62% PF0.88 均-0.15% 组合57.5 撤-47.3% 半0.9/0.9,2672笔 胜62% PF0.79 均-0.31% 组合51.9 撤-52.0% 半0.8/0.7,20708笔 胜68% PF0.95 均-0.06% 组合68.6 撤-50.7% 半1.0/0.9
做空,671,1,BTC24h涨,止盈1.5% 止损3% 12h,3,False,22.83,0.88,3016笔 胜63% PF0.88 均-0.12% 组合70.4 撤-32.9% 半1.0/0.8,2772笔 胜65% PF0.89 均-0.11% 组合74.4 撤-33.5% 半0.9/0.9,20389笔 胜64% PF0.88 均-0.12% 组合34.3 撤-69.5% 半0.9/0.9
做多,173,1,BTC24h跌,止盈3% 止损8% 48h,1,False,22.65,0.86,3391笔 胜64% PF0.93 均-0.14% 组合50.2 撤-61.7% 半0.8/1.1,2467笔 胜67% PF0.86 均-0.32% 组合50.8 撤-52.0% 半0.8/0.9,20312笔 胜67% PF0.92 均-0.16% 组合47.1 撤-63.3% 半0.8/1.1
做空,605,1,不过滤,止盈2% 止损5% 24h,0,False,22.44,0.88,3437笔 胜63% PF0.93 均-0.09% 组合69.9 撤-41.3% 半1.0/0.9,2936笔 胜64% PF0.88 均-0.17% 组合75.7 撤-27.2% 半0.9/0.8,19603笔 胜68% PF1.07 均+0.08% 组合115.5 撤-34.4% 半1.2/0.9
做多,166,1,BTC24h涨,止盈3% 止损8% 48h,1,False,22.38,0.88,3419笔 胜61% PF0.93 均-0.13% 组合44.9 撤-68.4% 半0.9/1.0,2777笔 胜64% PF0.92 均-0.16% 组合72.1 撤-41.4% 半0.9/1.0,19702笔 胜62% PF0.88 均-0.24% 组合38.3 撤-70.9% 半0.8/1.0
做多,8,1,不过滤,止盈2% 止损5% 24h,0,False,22.31,0.92,3815笔 胜65% PF0.92 均-0.11% 组合66.8 撤-45.2% 半1.0/0.9,3396笔 胜69% PF1.06 均+0.08% 组合108.7 撤-18.0% 半1.0/1.1,18817笔 胜68% PF1.00 均-0.01% 组合48.0 撤-56.8% 半0.9/1.1
做多,8,1,BTC24h涨,止盈1.5% 止损3% 12h,3,False,22.22,0.9,4037笔 胜61% PF0.90 均-0.10% 组合68.9 撤-39.7% 半0.9/0.9,3731笔 胜64% PF0.95 均-0.05% 组合81.0 撤-22.6% 半0.9/1.0,18286笔 胜65% PF0.96 均-0.04% 组合29.1 撤-71.6% 半0.9/1.1
做空,671,1,BTC24h跌,止盈1.5% 止损3% 12h,3,False,22.1,0.76,2371笔 胜62% PF0.85 均-0.16% 组合67.6 撤-32.9% 半0.9/0.8,2262笔 胜61% PF0.76 均-0.28% 组合54.1 撤-47.5% 半0.7/0.8,20412笔 胜64% PF0.87 均-0.13% 组合26.9 撤-75.3% 半0.9/0.9
做多,168+173,2,不过滤,止盈1.5% 止损3% 12h,3,False,21.89,0.88,3490笔 胜62% PF0.88 均-0.11% 组合66.0 撤-41.9% 半0.8/0.9,2488笔 胜64% PF0.88 均-0.12% 组合73.7 撤-30.6% 半0.9/0.9,19429笔 胜63% PF0.90 均-0.10% 组合21.6 撤-82.9% 半0.8/1.0
做多,166,1,BTC24h跌,止盈3% 止损8% 48h,1,False,21.87,0.84,3196笔 胜60% PF0.85 均-0.30% 组合39.1 撤-69.3% 半0.8/0.9,2173笔 胜63% PF0.89 均-0.22% 组合67.4 撤-47.5% 半0.8/1.0,19862笔 胜63% PF0.84 均-0.33% 组合59.8 撤-50.5% 半0.7/1.0
做多,173,1,BTC24h涨,止盈1.5% 止损3% 12h,3,False,21.2,0.78,2704笔 胜59% PF0.78 均-0.22% 组合54.6 撤-48.4% 半0.7/0.8,2531笔 胜62% PF0.82 均-0.19% 组合66.6 撤-37.5% 半0.8/0.8,19022笔 胜61% PF0.84 均-0.16% 组合21.3 撤-82.5% 半0.8/0.9
做空,671,1,BTC24h涨,止盈2% 止损5% 24h,0,False,20.91,0.93,2764笔 胜68% PF0.97 均-0.04% 组合87.2 撤-26.6% 半1.1/0.9,2544笔 胜69% PF0.93 均-0.10% 组合78.8 撤-38.6% 半0.9/0.9,18660笔 胜69% PF0.96 均-0.06% 组合67.5 撤-51.3% 半1.0/0.9
做空,666,1,BTC24h跌,止盈3% 止损8% 48h,1,False,20.81,0.81,3258笔 胜63% PF0.90 均-0.20% 组合51.1 撤-57.9% 半0.9/0.9,2406笔 胜63% PF0.81 均-0.42% 组合43.6 撤-64.0% 半0.9/0.7,18463笔 胜68% PF0.99 均-0.02% 组合101.3 撤-50.5% 半1.1/0.9
做空,671,1,BTC24h跌,止盈2% 止损5% 24h,0,False,20.63,0.78,2238笔 胜66% PF0.89 均-0.16% 组合67.2 撤-34.7% 半0.9/0.9,2103笔 胜65% PF0.78 均-0.34% 组合51.2 撤-51.4% 半0.8/0.8,19053笔 胜68% PF0.92 均-0.11% 组合40.2 撤-66.2% 半1.0/0.9
做多,168+173,2,不过滤,止盈2% 止损5% 24h,0,False,20.61,0.84,3263笔 胜63% PF0.87 均-0.17% 组合55.8 撤-53.6% 半0.8/0.9,2338笔 胜66% PF0.84 均-0.24% 组合55.4 撤-48.8% 半0.8/0.9,18314笔 胜67% PF0.96 均-0.05% 组合25.4 撤-80.0% 半0.9/1.1
做空,666,1,BTC24h涨,止盈5% 止损11% 72h,2,False,20.16,0.97,3320笔 胜60% PF0.97 均-0.07% 组合65.7 撤-57.3% 半1.1/0.8,2810笔 胜62% PF0.97 均-0.07% 组合63.4 撤-50.5% 半1.0/0.9,17331笔 胜63% PF1.00 均-0.00% 组合198.4 撤-34.0% 半1.2/0.8
做多,164,1,BTC24h跌,止盈3% 止损8% 48h,1,False,19.93,0.78,2811笔 胜59% PF0.78 均-0.44% 组合28.0 撤-76.1% 半0.7/0.8,2274笔 胜65% PF0.91 均-0.17% 组合79.6 撤-38.0% 半0.8/1.1,17861笔 胜63% PF0.85 均-0.31% 组合38.6 撤-69.5% 半0.7/1.1
做空,605,1,不过滤,止盈3% 止损8% 48h,1,False,19.72,0.91,3029笔 胜63% PF0.96 均-0.08% 组合72.5 撤-41.3% 半1.0/0.9,2534笔 胜64% PF0.91 均-0.18% 组合87.9 撤-32.7% 半0.9/0.9,17263笔 胜67% PF1.04 均+0.08% 组合95.8 撤-42.9% 半1.3/0.8
做多,173,1,BTC24h涨,止盈2% 止损5% 24h,0,False,19.53,0.84,2544笔 胜62% PF0.85 均-0.21% 组合57.9 撤-55.4% 半0.8/0.9,2354笔 胜65% PF0.84 均-0.23% 组合61.8 撤-43.8% 半0.9/0.8,17470笔 胜65% PF0.87 均-0.18% 组合24.9 撤-78.8% 半0.8/0.9
做多,164,1,不过滤,止盈5% 止损11% 72h,2,False,18.85,0.84,2627笔 胜55% PF0.85 均-0.40% 组合28.4 撤-81.5% 半0.8/1.0,2209笔 胜61% PF0.96 均-0.10% 组合69.0 撤-57.9% 半0.8/1.2,16846笔 胜56% PF0.84 均-0.45% 组合46.4 撤-64.9% 半0.6/1.2
做多,172,1,不过滤,止盈1.5% 止损3% 12h,3,False,18.59,0.88,3053笔 胜63% PF0.88 均-0.12% 组合67.7 撤-33.3% 半0.9/0.9,3524笔 胜65% PF0.92 均-0.08% 组合74.8 撤-37.1% 半0.9/1.0,15045笔 胜64% PF0.91 均-0.09% 组合27.4 撤-77.5% 半0.8/1.0
做多,166,1,BTC24h涨,止盈5% 止损11% 72h,2,False,18.48,0.88,2762笔 胜57% PF0.98 均-0.04% 组合52.0 撤-68.2% 半0.9/1.2,2317笔 胜60% PF0.96 均-0.10% 组合65.4 撤-55.3% 半0.9/1.1,16275笔 胜56% PF0.88 均-0.36% 组合68.7 撤-59.0% 半0.7/1.2
做空,671,1,BTC24h跌,止盈3% 止损8% 48h,1,False,18.42,0.77,2048笔 胜68% PF0.99 均-0.02% 组合90.3 撤-26.1% 半1.0/1.0,1884笔 胜65% PF0.77 均-0.55% 组合38.0 撤-65.1% 半0.9/0.7,16978笔 胜69% PF0.97 均-0.07% 组合40.0 撤-61.7% 半1.0/0.9
做多,168+173,2,不过滤,止盈3% 止损8% 48h,1,False,18.38,0.81,2896笔 胜64% PF0.93 均-0.12% 组合61.3 撤-53.8% 半0.9/1.0,2067笔 胜65% PF0.81 均-0.43% 组合45.0 撤-59.0% 半0.7/0.9,16358笔 胜66% PF0.96 均-0.08% 组合51.1 撤-69.1% 半0.8/1.1
做多,173,1,BTC24h跌,止盈5% 止损11% 72h,2,False,18.22,0.88,2736笔 胜59% PF0.94 均-0.16% 组合49.6 撤-72.7% 半0.8/1.2,2006笔 胜60% PF0.88 均-0.39% 组合68.3 撤-51.9% 半0.8/0.9,16319笔 胜60% PF0.92 均-0.23% 组合45.8 撤-63.0% 半0.8/1.2
做多,166,1,BTC24h跌,止盈5% 止损11% 72h,2,False,18.14,0.79,2675笔 胜55% PF0.86 均-0.37% 组合44.3 撤-73.8% 半0.8/0.9,1869笔 胜61% PF0.99 均-0.04% 组合75.5 撤-53.1% 半0.9/1.2,16400笔 胜55% PF0.79 均-0.64% 组合55.8 撤-54.3% 半0.7/1.0
做空,671,1,BTC24h涨,止盈3% 止损8% 48h,1,False,17.89,0.91,2360笔 胜68% PF1.01 均+0.01% 组合94.7 撤-26.2% 半1.1/0.9,2171笔 胜69% PF0.91 均-0.21% 组合75.2 撤-44.3% 半0.9/1.0,15971笔 胜70% PF1.00 均-0.00% 组合103.2 撤-45.1% 半1.1/0.9
做多,8,1,BTC24h涨,止盈2% 止损5% 24h,0,False,17.86,0.91,3247笔 胜64% PF0.91 均-0.12% 组合72.6 撤-41.3% 半1.0/0.8,2935笔 胜69% PF1.05 均+0.07% 组合98.7 撤-17.5% 半1.0/1.1,14754笔 胜68% PF1.01 均+0.01% 组合48.0 撤-55.5% 半0.9/1.2
做空,666,1,BTC24h跌,止盈5% 止损11% 72h,2,False,17.65,0.84,2742笔 胜59% PF0.96 均-0.10% 组合69.7 撤-53.8% 半1.0/0.9,2067笔 胜58% PF0.84 均-0.51% 组合51.1 撤-61.3% 半0.9/0.8,15644笔 胜63% PF1.02 均+0.06% 组合93.4 撤-51.2% 半1.2/0.9
做空,666+671,2,不过滤,止盈1.5% 止损3% 12h,3,False,17.32,0.87,2367笔 胜63% PF0.91 均-0.09% 组合80.6 撤-21.1% 半0.9/0.9,1948笔 胜65% PF0.90 均-0.11% 组合81.3 撤-23.7% 半0.9/0.8,15583笔 胜63% PF0.87 均-0.13% 组合32.9 撤-69.8% 半0.8/0.9
做多,173,1,BTC24h涨,止盈3% 止损8% 48h,1,False,17.3,0.92,2284笔 胜64% PF0.93 均-0.14% 组合68.4 撤-56.2% 半0.8/1.0,2065笔 胜67% PF0.92 均-0.17% 组合68.2 撤-46.1% 半0.9/0.9,15478笔 胜65% PF0.92 均-0.16% 组合33.1 撤-77.9% 半0.8/1.0
做多,8,1,不过滤,止盈3% 止损8% 48h,1,False,16.6,0.99,2812笔 胜64% PF0.99 均-0.02% 组合91.9 撤-39.4% 半1.0/1.0,2516笔 胜70% PF1.08 均+0.15% 组合122.4 撤-27.3% 半1.1/1.1,14025笔 胜67% PF0.99 均-0.01% 组合48.9 撤-58.8% 半0.9/1.1
做空,666+671,2,不过滤,止盈2% 止损5% 24h,0,False,16.59,0.86,2261笔 胜67% PF0.95 均-0.06% 组合85.7 撤-19.3% 半1.0/0.9,1858笔 胜67% PF0.86 均-0.21% 组合66.3 撤-37.7% 半0.9/0.8,14938笔 胜68% PF0.92 均-0.11% 组合44.2 撤-62.6% 半0.9/0.9
做空,605,1,不过滤,止盈5% 止损11% 72h,2,False,16.55,0.9,2542笔 胜58% PF0.92 均-0.20% 组合51.1 撤-66.3% 半1.0/0.8,2086笔 胜59% PF0.90 均-0.29% 组合71.1 撤-40.0% 半0.9/0.8,14527笔 胜63% PF1.12 均+0.29% 组合148.0 撤-43.3% 半1.5/0.8
做空,605,1,BTC24h涨,止盈1.5% 止损3% 12h,3,False,16.37,0.92,2549笔 胜61% PF0.96 均-0.03% 组合91.2 撤-17.3% 半1.0/0.9,2397笔 胜63% PF0.94 均-0.06% 组合89.2 撤-19.4% 半1.0/0.9,14022笔 胜62% PF0.92 均-0.07% 组合64.2 撤-37.5% 半1.0/0.9
做多,164,1,BTC24h跌,止盈5% 止损11% 72h,2,False,16.13,0.84,2320笔 胜54% PF0.84 均-0.43% 组合32.1 撤-79.4% 半0.8/1.0,1900笔 胜61% PF1.01 均+0.02% 组合92.3 撤-46.0% 半0.9/1.2,14369笔 胜56% PF0.84 均-0.45% 组合45.0 撤-67.8% 半0.6/1.2
做多,169,1,不过滤,止盈1.5% 止损3% 12h,3,False,16.1,0.78,2949笔 胜56% PF0.78 均-0.21% 组合52.8 撤-47.4% 半0.8/0.7,2363笔 胜62% PF0.95 均-0.04% 组合88.0 撤-16.2% 半0.9/1.0,13571笔 胜60% PF0.83 均-0.16% 组合21.4 撤-80.9% 半0.7/0.9
做多,172,1,不过滤,止盈2% 止损5% 24h,0,False,15.93,0.87,2625笔 胜66% PF0.87 均-0.18% 组合62.5 撤-38.7% 半0.8/0.9,2985笔 胜67% PF0.88 均-0.17% 组合65.1 撤-48.2% 半0.9/0.9,12928笔 胜68% PF0.97 均-0.04% 组合27.9 撤-78.6% 半0.9/1.1
做空,671,1,BTC24h跌,止盈5% 止损11% 72h,2,False,15.63,0.78,1776笔 胜63% PF1.03 均+0.08% 组合97.9 撤-36.9% 半1.1/1.0,1649笔 胜59% PF0.78 均-0.77% 组合38.3 撤-65.1% 半0.9/0.7,14337笔 胜64% PF0.98 均-0.05% 组合67.8 撤-51.7% 半1.1/0.9
做多,168+173,2,不过滤,止盈5% 止损11% 72h,2,False,15.57,0.86,2400笔 胜58% PF0.95 均-0.13% 组合54.2 撤-65.3% 半0.9/1.1,1761笔 胜59% PF0.86 均-0.44% 组合55.4 撤-63.1% 半0.8/0.9,13873笔 胜59% PF0.93 均-0.19% 组合60.1 撤-69.9% 半0.8/1.1
做空,666+671,2,不过滤,止盈3% 止损8% 48h,1,False,15.19,0.82,2045笔 胜67% PF0.97 均-0.07% 组合82.3 撤-26.6% 半1.0/0.9,1718笔 胜66% PF0.82 均-0.41% 组合48.6 撤-58.1% 半0.8/0.8,13667笔 胜69% PF0.96 均-0.07% 组合77.2 撤-48.4% 半1.1/0.9
做空,671,1,BTC24h涨,止盈5% 止损11% 72h,2,False,14.87,0.88,1975笔 胜62% PF1.00 均-0.01% 组合89.6 撤-48.9% 半1.1/0.9,1787笔 胜61% PF0.88 均-0.39% 组合58.4 撤-55.9% 半0.9/0.9,13289笔 胜65% PF1.04 均+0.11% 组合113.0 撤-48.0% 半1.2/0.9
做多,169,1,不过滤,止盈2% 止损5% 24h,0,False,14.65,0.77,2660笔 胜58% PF0.77 均-0.31% 组合43.0 撤-59.1% 半0.8/0.8,2144笔 胜66% PF0.95 均-0.06% 组合86.5 撤-24.7% 半1.0/1.0,12374笔 胜64% PF0.89 均-0.14% 组合31.1 撤-71.4% 半0.8/1.1
做多,173,1,BTC24h涨,止盈5% 止损11% 72h,2,False,14.56,0.88,1966笔 胜59% PF0.96 均-0.12% 组合63.0 撤-59.9% 半0.8/1.1,1723笔 胜61% PF0.94 均-0.17% 组合64.2 撤-53.0% 半0.9/1.0,13027笔 胜58% PF0.88 均-0.35% 组合31.5 撤-76.6% 半0.7/1.1
做空,605,1,BTC24h涨,止盈2% 止损5% 24h,0,False,14.56,0.89,2331笔 胜63% PF0.95 均-0.06% 组合83.6 撤-24.7% 半1.0/0.9,2070笔 胜64% PF0.89 均-0.15% 组合84.8 撤-25.9% 半1.0/0.8,12502笔 胜67% PF1.03 均+0.04% 组合101.4 撤-28.4% 半1.2/0.9
做多,164,1,BTC24h涨,止盈1.5% 止损3% 12h,3,False,14.0,0.69,1561笔 胜53% PF0.69 均-0.30% 组合61.0 撤-44.0% 半0.6/0.8,1611笔 胜60% PF0.77 均-0.24% 组合66.6 撤-34.5% 半0.7/0.9,12725笔 胜58% PF0.77 均-0.23% 组合25.9 撤-75.2% 半0.7/0.8
做多,168+173,2,BTC24h跌,止盈1.5% 止损3% 12h,3,False,13.74,0.89,2320笔 胜63% PF0.93 均-0.06% 组合85.8 撤-26.0% 半0.8/1.0,1559笔 胜64% PF0.89 均-0.11% 组合81.2 撤-22.2% 半0.8/1.0,12138笔 胜64% PF0.94 均-0.05% 组合42.6 撤-61.2% 半0.8/1.1
做多,8,1,BTC24h涨,止盈3% 止损8% 48h,1,False,13.6,0.99,2467笔 胜63% PF0.99 均-0.03% 组合104.5 撤-31.8% 半1.0/1.0,2203笔 胜70% PF1.13 均+0.22% 组合139.8 撤-17.9% 半1.2/1.1,11276笔 胜67% PF1.00 均+0.00% 组合73.2 撤-36.7% 半0.8/1.2
做空,666+671,2,不过滤,止盈5% 止损11% 72h,2,False,13.29,0.79,1789笔 胜61% PF0.98 均-0.05% 组合89.7 撤-39.1% 半1.0/0.9,1506笔 胜59% PF0.79 均-0.73% 组合38.3 撤-67.6% 半0.8/0.8,11959笔 胜64% PF0.99 均-0.03% 组合65.6 撤-61.0% 半1.1/0.9
做多,169,1,不过滤,止盈3% 止损8% 48h,1,False,13.24,0.84,2339笔 胜58% PF0.84 均-0.29% 组合46.3 撤-61.2% 半0.8/0.9,1910笔 胜65% PF0.96 均-0.08% 组合88.2 撤-30.5% 半0.9/1.0,11238笔 胜64% PF0.92 均-0.16% 组合40.8 撤-65.1% 半0.8/1.1
做空,605,1,BTC24h涨,止盈3% 止损8% 48h,1,False,13.12,0.9,2109笔 胜64% PF1.00 均-0.00% 组合85.5 撤-35.4% 半1.0/1.0,1826笔 胜65% PF0.90 均-0.20% 组合81.8 撤-27.7% 半0.9/0.9,11301笔 胜65% PF0.98 均-0.03% 组合105.2 撤-31.0% 半1.3/0.8
做多,168+173,2,BTC24h跌,止盈2% 止损5% 24h,0,False,13.05,0.82,2180笔 胜66% PF0.93 均-0.09% 组合79.6 撤-33.3% 半0.9/1.0,1472笔 胜65% PF0.82 均-0.27% 组合65.7 撤-35.9% 半0.8/0.8,11551笔 胜69% PF1.02 均+0.03% 组合42.0 撤-61.5% 半0.9/1.2
做多,172,1,不过滤,止盈3% 止损8% 48h,1,False,12.69,0.93,2073笔 胜66% PF0.93 均-0.14% 组合74.8 撤-45.8% 半0.8/1.0,2329笔 胜68% PF0.94 均-0.12% 组合83.7 撤-51.7% 半1.0/0.9,10354笔 胜68% PF1.00 均-0.00% 组合33.2 撤-77.4% 半0.9/1.1
做空,662,1,不过滤,止盈1.5% 止损3% 12h,3,False,12.59,0.82,2403笔 胜58% PF0.86 均-0.12% 组合74.1 撤-28.8% 半1.0/0.8,1748笔 胜59% PF0.82 均-0.17% 组合74.1 撤-28.3% 半0.8/0.8,10668笔 胜63% PF0.95 均-0.04% 组合75.9 撤-41.1% 半1.0/0.9
做多,172,1,BTC24h涨,止盈1.5% 止损3% 12h,3,False,12.42,0.87,2038笔 胜63% PF0.87 均-0.13% 组合74.5 撤-26.6% 半0.9/0.9,2601笔 胜65% PF0.92 均-0.08% 组合82.0 撤-29.9% 半0.8/1.1,9806笔 胜64% PF0.91 均-0.09% 组合47.4 撤-60.0% 半0.8/1.0
做多,164,1,BTC24h涨,止盈2% 止损5% 24h,0,False,12.19,0.75,1391笔 胜57% PF0.75 均-0.32% 组合64.1 撤-44.3% 半0.6/0.9,1408笔 胜62% PF0.78 均-0.32% 组合60.1 撤-41.0% 半0.6/1.0,11062笔 胜62% PF0.81 均-0.26% 组合33.0 撤-68.1% 半0.7/0.9
做多,168+173,2,BTC24h跌,止盈3% 止损8% 48h,1,False,11.97,0.77,1982笔 胜65% PF1.00 均-0.00% 组合92.2 撤-39.4% 半0.9/1.2,1338笔 胜64% PF0.77 均-0.53% 组合51.7 撤-49.6% 半0.7/0.8,10613笔 胜67% PF0.97 均-0.05% 组合46.2 撤-57.8% 半0.8/1.2
做多,8,1,不过滤,止盈5% 止损11% 72h,2,False,11.95,0.96,2024笔 胜59% PF1.03 均+0.07% 组合98.3 撤-37.4% 半1.0/1.1,1750笔 胜65% PF1.20 均+0.50% 组合174.3 撤-30.8% 半1.3/1.1,10162笔 胜60% PF0.96 均-0.11% 组合50.4 撤-59.0% 半0.8/1.1
做多,169,1,BTC24h涨,止盈1.5% 止损3% 12h,3,False,11.94,0.77,2304笔 胜55% PF0.77 均-0.22% 组合59.6 撤-41.7% 半0.9/0.7,1895笔 胜62% PF0.96 均-0.04% 组合91.4 撤-13.1% 半0.9/1.0,9873笔 胜59% PF0.82 均-0.18% 组合32.3 撤-72.2% 半0.7/1.0
做空,662,1,不过滤,止盈2% 止损5% 24h,0,False,11.91,0.85,2251笔 胜61% PF0.85 均-0.19% 组合63.5 撤-38.7% 半0.9/0.8,1650笔 胜64% PF0.88 均-0.15% 组合76.5 撤-27.5% 半0.9/0.9,10113笔 胜67% PF1.00 均-0.00% 组合92.3 撤-44.4% 半1.1/0.9
做多,169,1,不过滤,止盈5% 止损11% 72h,2,False,11.7,0.9,2023笔 胜56% PF0.95 均-0.12% 组合72.7 撤-51.0% 半0.9/1.0,1659笔 胜59% PF0.94 均-0.16% 组合80.4 撤-50.7% 半0.9/1.0,9982笔 胜57% PF0.90 均-0.30% 组合32.8 撤-73.7% 半0.7/1.1
做空,605,1,BTC24h涨,止盈5% 止损11% 72h,2,False,11.46,0.88,1862笔 胜59% PF0.95 均-0.12% 组合62.6 撤-51.4% 半1.0/0.9,1561笔 胜59% PF0.88 均-0.34% 组合63.2 撤-48.2% 半0.9/0.9,9898笔 胜62% PF1.08 均+0.21% 组合121.3 撤-37.2% 半1.4/0.8
做多,169,1,BTC24h涨,止盈2% 止损5% 24h,0,False,10.97,0.77,2103笔 胜57% PF0.77 均-0.32% 组合51.5 撤-50.7% 半0.8/0.7,1738笔 胜66% PF0.96 均-0.05% 组合91.7 撤-22.6% 半1.0/0.9,9080笔 胜63% PF0.88 均-0.15% 组合41.5 撤-61.7% 半0.7/1.1
做多,167,1,不过滤,止盈1.5% 止损3% 12h,3,False,10.96,0.86,1847笔 胜62% PF0.87 均-0.12% 组合79.1 撤-25.8% 半1.0/0.8,1725笔 胜63% PF0.87 均-0.13% 组合79.0 撤-27.2% 半0.9/0.8,9203笔 胜63% PF0.86 均-0.14% 组合40.2 撤-61.7% 半0.8/0.9
做空,662,1,不过滤,止盈3% 止损8% 48h,1,False,10.95,0.86,2039笔 胜62% PF0.94 均-0.11% 组合78.0 撤-33.9% 半1.0/0.8,1503笔 胜64% PF0.86 均-0.29% 组合60.2 撤-45.9% 半0.9/0.8,9317笔 胜67% PF1.01 均+0.02% 组合126.8 撤-32.3% 半1.2/0.9
做多,172,1,BTC24h涨,止盈2% 止损5% 24h,0,False,10.87,0.86,1786笔 胜66% PF0.88 均-0.18% 组合73.7 撤-29.3% 半0.8/1.0,2260笔 胜66% PF0.86 均-0.21% 组合64.9 撤-42.5% 半0.8/0.9,8603笔 胜68% PF0.95 均-0.07% 组合45.9 撤-63.0% 半0.8/1.1
做多,168+173,2,BTC24h跌,止盈5% 止损11% 72h,2,False,10.63,0.84,1727笔 胜60% PF1.01 均+0.03% 组合79.1 撤-51.5% 半0.9/1.2,1193笔 胜59% PF0.84 均-0.51% 组合57.4 撤-49.5% 半0.8/0.9,9440笔 胜60% PF0.95 均-0.14% 组合50.6 撤-64.5% 半0.8/1.2
做多,164,1,BTC24h涨,止盈3% 止损8% 48h,1,False,10.46,0.77,1243笔 胜57% PF0.77 均-0.46% 组合54.8 撤-58.4% 半0.6/1.0,1201笔 胜66% PF0.95 均-0.10% 组合77.2 撤-40.9% 半0.7/1.4,9473笔 胜62% PF0.84 均-0.33% 组合54.9 撤-55.7% 半0.7/1.0
做空,605,1,BTC24h跌,止盈1.5% 止损3% 12h,3,False,10.29,0.76,1596笔 胜58% PF0.89 均-0.10% 组合86.6 撤-19.9% 半1.0/0.8,1229笔 胜58% PF0.76 均-0.25% 组合75.3 撤-28.4% 半0.7/0.8,9094笔 胜65% PF1.00 均-0.00% 组合92.5 撤-24.3% 半1.0/0.9
做多,169,1,BTC24h涨,止盈3% 止损8% 48h,1,False,10.1,0.83,1909笔 胜58% PF0.83 均-0.32% 组合52.6 撤-53.6% 半0.8/0.8,1570笔 胜64% PF0.94 均-0.11% 组合93.7 撤-23.3% 半1.0/0.9,8399笔 胜64% PF0.92 均-0.16% 组合51.3 撤-58.9% 半0.8/1.1
做多,8,1,BTC24h涨,止盈5% 止损11% 72h,2,False,10.05,0.96,1827笔 胜58% PF1.03 均+0.08% 组合115.8 撤-27.8% 半1.0/1.0,1578笔 胜65% PF1.22 均+0.53% 组合158.3 撤-24.2% 半1.3/1.1,8377笔 胜60% PF0.96 均-0.11% 组合46.4 撤-57.8% 半0.8/1.2
做空,662,1,不过滤,止盈5% 止损11% 72h,2,False,9.83,0.92,1793笔 胜58% PF0.93 均-0.17% 组合66.3 撤-49.8% 半1.1/0.8,1347笔 胜60% PF0.92 均-0.22% 组合56.6 撤-50.3% 半1.0/0.9,8390笔 胜63% PF1.05 均+0.13% 组合121.3 撤-39.8% 半1.3/0.9
做空,666+671,2,BTC24h涨,止盈1.5% 止损3% 12h,3,False,9.67,0.87,1453笔 胜65% PF0.99 均-0.01% 组合98.8 撤-11.0% 半1.1/0.9,1224笔 胜67% PF0.98 均-0.01% 组合97.7 撤-12.6% 半1.1/0.9,8499笔 胜64% PF0.87 均-0.13% 组合48.1 撤-54.9% 半0.9/0.8
做空,605,1,BTC24h跌,止盈2% 止损5% 24h,0,False,9.6,0.77,1515笔 胜62% PF0.95 均-0.06% 组合91.4 撤-23.9% 半1.0/0.9,1151笔 胜61% PF0.77 均-0.33% 组合70.7 撤-30.4% 半0.8/0.8,8465笔 胜69% PF1.10 均+0.12% 组合107.3 撤-34.4% 半1.3/1.0
做空,664,1,不过滤,止盈1.5% 止损3% 12h,3,False,9.5,0.87,1568笔 胜58% PF0.87 均-0.11% 组合83.2 撤-20.1% 半0.9/0.8,1184笔 胜64% PF0.96 均-0.04% 组合95.3 撤-9.6% 半1.0/1.0,8304笔 胜62% PF0.94 均-0.05% 组合53.5 撤-54.7% 半1.1/0.8
做多,167,1,不过滤,止盈2% 止损5% 24h,0,False,9.44,0.86,1584笔 胜64% PF0.86 均-0.19% 组合72.8 撤-34.8% 半1.1/0.7,1463笔 胜67% PF0.91 均-0.13% 组合79.8 撤-31.7% 半1.0/0.8,7950笔 胜66% PF0.89 均-0.16% 组合51.8 撤-58.2% 半0.8/1.0
做多,172,1,不过滤,止盈5% 止损11% 72h,2,False,9.41,0.99,1516笔 胜59% PF0.99 均-0.03% 组合92.8 撤-40.1% 半0.9/1.1,1675笔 胜64% PF1.06 均+0.17% 组合92.1 撤-56.4% 半1.1/1.0,7741笔 胜62% PF1.05 均+0.14% 组合61.0 撤-61.6% 半0.9/1.2
做空,666+671,2,BTC24h涨,止盈2% 止损5% 24h,0,False,9.31,0.93,1402笔 胜69% PF1.05 均+0.07% 组合108.7 撤-15.5% 半1.2/0.9,1172笔 胜69% PF0.95 均-0.07% 组合91.0 撤-20.4% 半1.0/0.9,8184笔 胜68% PF0.93 均-0.10% 组合65.1 撤-51.2% 半1.0/0.9
做空,664,1,不过滤,止盈2% 止损5% 24h,0,False,9.27,0.97,1524笔 胜63% PF0.97 均-0.04% 组合93.0 撤-14.1% 半1.0/1.0,1164笔 胜68% PF1.02 均+0.02% 组合101.6 撤-9.6% 半1.0/1.0,8091笔 胜67% PF1.03 均+0.04% 组合99.5 撤-33.1% 半1.2/0.9
做多,164,1,BTC24h涨,止盈5% 止损11% 72h,2,False,9.17,0.79,1134笔 胜54% PF0.79 均-0.57% 组合51.3 撤-61.7% 半0.6/1.0,1039笔 胜60% PF0.93 均-0.18% 组合77.4 撤-47.0% 半0.6/1.5,8298笔 胜56% PF0.88 均-0.32% 组合35.1 撤-73.7% 半0.7/1.2
做空,506,1,不过滤,止盈1.5% 止损3% 12h,3,False,9.16,0.84,1220笔 胜66% PF1.24 均+0.18% 组合123.5 撤-5.1% 半1.5/1.0,1017笔 胜65% PF0.96 均-0.03% 组合103.1 撤-15.0% 半1.5/0.7,8272笔 胜60% PF0.84 均-0.16% 组合48.7 撤-53.2% 半1.0/0.7
做多,172,1,BTC24h涨,止盈3% 止损8% 48h,1,False,9.05,0.93,1469笔 胜66% PF0.93 均-0.14% 组合83.1 撤-30.7% 半0.9/1.0,1842笔 胜68% PF0.93 均-0.14% 组合88.6 撤-42.6% 半1.0/0.9,7212笔 胜68% PF1.00 均-0.01% 组合59.2 撤-59.7% 半0.8/1.2
做多,169,1,BTC24h涨,止盈5% 止损11% 72h,2,False,9.04,0.9,1690笔 胜55% PF0.96 均-0.11% 组合76.3 撤-48.2% 半0.9/1.0,1389笔 胜58% PF0.93 均-0.19% 组合84.2 撤-42.3% 半0.9/0.9,7540笔 胜56% PF0.90 均-0.29% 组合38.4 撤-65.1% 半0.7/1.2
做空,605,1,BTC24h跌,止盈3% 止损8% 48h,1,False,8.94,0.86,1429笔 胜62% PF0.93 均-0.13% 组合83.0 撤-31.6% 半1.0/0.9,1082笔 胜62% PF0.86 均-0.27% 组合79.4 撤-27.8% 半1.0/0.8,7865笔 胜67% PF1.03 均+0.05% 组合98.9 撤-40.7% 半1.3/0.8
做多,105,1,不过滤,止盈1.5% 止损3% 12h,3,False,8.83,0.83,1225笔 胜57% PF0.83 均-0.15% 组合83.0 撤-20.3% 半1.0/0.7,1190笔 胜60% PF0.89 均-0.10% 组合83.9 撤-17.7% 半0.9/0.9,7734笔 胜62% PF0.93 均-0.06% 组合61.5 撤-45.3% 半0.9/1.0
做空,664,1,不过滤,止盈3% 止损8% 48h,1,False,8.81,1.05,1436笔 胜65% PF1.05 均+0.08% 组合109.5 撤-21.0% 半1.2/0.9,1105笔 胜70% PF1.13 均+0.23% 组合123.9 撤-17.4% 半1.1/1.2,7703笔 胜68% PF1.08 均+0.14% 组合127.9 撤-36.7% 半1.3/0.9
做空,666+671,2,BTC24h涨,止盈3% 止损8% 48h,1,False,8.65,0.92,1287笔 胜67% PF1.01 均+0.02% 组合98.1 撤-19.2% 半1.1/0.9,1102笔 胜69% PF0.92 均-0.18% 组合82.1 撤-32.8% 半0.9/1.0,7607笔 胜68% PF0.94 均-0.13% 组合88.3 撤-46.2% 半1.1/0.8
做空,665,1,不过滤,止盈1.5% 止损3% 12h,3,False,8.57,0.82,1465笔 胜60% PF0.97 均-0.02% 组合96.2 撤-11.1% 半1.0/0.9,1307笔 胜59% PF0.82 均-0.17% 组合78.6 撤-23.0% 半0.9/0.7,7223笔 胜61% PF0.91 均-0.09% 组合62.4 撤-43.0% 半1.1/0.7
做多,168+173,2,BTC24h涨,止盈1.5% 止损3% 12h,3,False,8.44,0.79,1236笔 胜59% PF0.79 均-0.21% 组合77.4 撤-23.6% 半0.8/0.7,955笔 胜63% PF0.87 均-0.14% 组合90.7 撤-16.3% 半0.9/0.9,7544笔 胜61% PF0.84 均-0.16% 组合47.8 撤-60.7% 半0.8/0.9
做空,506,1,不过滤,止盈2% 止损5% 24h,0,False,8.43,0.88,1128笔 胜69% PF1.24 均+0.25% 组合130.6 撤-8.2% 半1.7/0.9,931笔 胜69% PF1.08 均+0.10% 组合121.2 撤-13.4% 半1.4/0.9,7610笔 胜64% PF0.88 均-0.17% 组合67.6 撤-38.2% 半1.0/0.7
做多,105,1,不过滤,止盈2% 止损5% 24h,0,False,8.41,0.88,1176笔 胜60% PF0.88 均-0.14% 组合83.5 撤-21.8% 半1.1/0.7,1117笔 胜62% PF0.88 均-0.16% 组合80.0 撤-22.8% 半1.0/0.8,7384笔 胜66% PF1.05 均+0.06% 组合65.8 撤-42.7% 半0.9/1.2
做多,7,1,不过滤,止盈1.5% 止损3% 12h,3,False,8.26,0.85,1100笔 胜62% PF0.96 均-0.04% 组合95.6 撤-9.8% 半1.0/0.9,985笔 胜65% PF1.04 均+0.04% 组合102.8 撤-9.3% 半0.8/1.3,7385笔 胜62% PF0.85 均-0.15% 组合34.6 撤-67.5% 半0.8/0.9
做空,605,1,BTC24h跌,止盈5% 止损11% 72h,2,False,8.21,0.89,1313笔 胜58% PF0.97 均-0.08% 组合90.5 撤-37.4% 半1.1/0.9,997笔 胜58% PF0.89 均-0.30% 组合77.5 撤-33.0% 半1.0/0.8,7218笔 胜63% PF1.09 均+0.22% 组合184.1 撤-39.3% 半1.4/0.9
做多,168+173,2,BTC24h涨,止盈2% 止损5% 24h,0,False,8.18,0.81,1203笔 胜60% PF0.81 均-0.26% 组合72.5 撤-31.9% 半0.8/0.8,922笔 胜66% PF0.88 均-0.18% 组合85.7 撤-25.1% 半0.9/0.9,7317笔 胜65% PF0.88 均-0.16% 组合55.3 撤-57.3% 半0.8/1.0
做空,665,1,不过滤,止盈2% 止损5% 24h,0,False,8.17,0.85,1389笔 胜64% PF1.11 均+0.12% 组合116.9 撤-10.6% 半1.2/1.0,1250笔 胜64% PF0.85 均-0.21% 组合76.5 撤-28.6% 半1.0/0.7,6890笔 胜65% PF0.93 均-0.09% 组合58.6 撤-49.5% 半1.1/0.8
做空,664,1,不过滤,止盈5% 止损11% 72h,2,False,8.11,1.07,1320笔 胜60% PF1.07 均+0.16% 组合117.3 撤-29.2% 半1.3/0.9,1014笔 胜63% PF1.09 均+0.24% 组合106.2 撤-30.4% 半1.0/1.2,7098笔 胜63% PF1.11 均+0.27% 组合166.0 撤-37.4% 半1.4/0.9
做多,105,1,不过滤,止盈3% 止损8% 48h,1,False,8.05,0.86,1132笔 胜63% PF0.99 均-0.02% 组合97.0 撤-26.0% 半1.2/0.8,1071笔 胜62% PF0.86 均-0.27% 组合73.9 撤-34.4% 半0.8/0.9,7062笔 胜64% PF1.01 均+0.02% 组合82.0 撤-42.0% 半0.9/1.2
做多,167,1,BTC24h涨,止盈1.5% 止损3% 12h,3,False,7.98,0.85,1431笔 胜61% PF0.88 均-0.11% 组合84.5 撤-20.9% 半1.0/0.8,1317笔 胜62% PF0.86 均-0.14% 组合82.0 撤-24.1% 半0.9/0.9,6599笔 胜62% PF0.85 均-0.15% 组合52.8 撤-53.5% 半0.7/1.0
做多,167,1,不过滤,止盈3% 止损8% 48h,1,False,7.97,0.9,1318笔 胜66% PF1.06 均+0.11% 组合109.5 撤-21.3% 半1.3/0.9,1221笔 胜67% PF0.98 均-0.03% 组合93.4 撤-33.1% 半1.1/0.9,6736笔 胜66% PF0.90 均-0.21% 组合61.1 撤-57.3% 半0.8/1.1
做空,506,1,BTC24h跌,止盈1.5% 止损3% 12h,3,False,7.97,0.79,1163笔 胜66% PF1.21 均+0.16% 组合119.2 撤-5.2% 半1.4/1.0,967笔 胜64% PF0.95 均-0.05% 组合102.0 撤-14.6% 半1.5/0.6,7060笔 胜59% PF0.79 均-0.22% 组合48.1 撤-53.3% 半1.0/0.6
做空,662,1,BTC24h涨,止盈1.5% 止损3% 12h,3,False,7.96,0.8,1539笔 胜59% PF0.88 均-0.10% 组合85.2 撤-16.5% 半1.0/0.8,1203笔 胜58% PF0.80 均-0.20% 组合78.6 撤-23.7% 半0.8/0.8,6635笔 胜63% PF0.97 均-0.02% 组合98.1 撤-26.9% 半1.0/0.9
做空,666+671,2,BTC24h涨,止盈5% 止损11% 72h,2,False,7.86,0.85,1154笔 胜61% PF0.97 均-0.08% 组合89.5 撤-33.8% 半1.1/0.9,990笔 胜61% PF0.85 均-0.52% 组合62.1 撤-47.8% 半0.8/0.9,6927笔 胜63% PF0.97 均-0.09% 组合69.2 撤-54.4% 半1.1/0.8
做多,168+173,2,BTC24h涨,止盈3% 止损8% 48h,1,False,7.78,0.88,1147笔 胜62% PF0.90 均-0.19% 组合79.3 撤-33.2% 半0.9/0.9,874笔 胜66% PF0.88 均-0.25% 组合80.1 撤-32.8% 半0.8/1.0,6959笔 胜64% PF0.91 均-0.17% 组合48.0 撤-60.0% 半0.8/1.0
做空,666+671,2,BTC24h跌,止盈1.5% 止损3% 12h,3,False,7.76,0.78,930笔 胜60% PF0.78 均-0.24% 组合79.9 撤-20.6% 半0.7/0.8,740笔 胜61% PF0.78 均-0.25% 组合83.6 撤-18.0% 半0.8/0.7,7180笔 胜63% PF0.86 均-0.14% 组合61.5 撤-45.6% 半0.8/0.9
做空,662,1,BTC24h涨,止盈2% 止损5% 24h,0,False,7.58,0.85,1450笔 胜60% PF0.85 均-0.19% 组合75.5 撤-26.5% 半0.9/0.8,1150笔 胜65% PF0.89 均-0.14% 组合85.1 撤-19.4% 半0.9/0.9,6322笔 胜66% PF1.01 均+0.01% 组合106.8 撤-31.8% 半1.1/0.9
做空,666+671,2,BTC24h跌,止盈2% 止损5% 24h,0,False,7.57,0.75,903笔 胜64% PF0.84 均-0.23% 组合80.6 撤-21.8% 半0.8/0.8,723笔 胜63% PF0.75 均-0.40% 组合73.7 撤-28.1% 半0.8/0.7,7006笔 胜68% PF0.92 均-0.12% 组合58.0 撤-47.6% 半0.9/0.9
做多,105,1,不过滤,止盈5% 止损11% 72h,2,False,7.5,0.83,1055笔 胜56% PF0.98 均-0.05% 组合93.7 撤-33.2% 半1.2/0.8,990笔 胜57% PF0.83 均-0.52% 组合75.3 撤-42.6% 半0.8/0.9,6584笔 胜54% PF0.89 均-0.32% 组合63.7 撤-56.1% 半0.7/1.2
做空,665,1,不过滤,止盈3% 止损8% 48h,1,False,7.48,0.92,1277笔 胜65% PF1.14 均+0.21% 组合126.9 撤-22.1% 半1.4/0.9,1138笔 胜65% PF0.92 均-0.16% 组合79.3 撤-39.4% 半1.1/0.8,6312笔 胜66% PF1.03 均+0.06% 组合109.3 撤-43.8% 半1.3/0.8
做空,506,1,不过滤,止盈3% 止损8% 48h,1,False,7.39,1.06,1018笔 胜69% PF1.40 均+0.54% 组合165.3 撤-17.0% 半2.1/0.9,813笔 胜67% PF1.06 均+0.11% 组合124.8 撤-19.4% 半1.3/0.8,6665笔 胜67% PF1.06 均+0.11% 组合97.3 撤-33.4% 半1.3/0.8
做空,506,1,BTC24h跌,止盈2% 止损5% 24h,0,False,7.35,0.82,1076笔 胜69% PF1.21 均+0.23% 组合125.8 撤-8.0% 半1.6/0.9,882笔 胜69% PF1.09 均+0.11% 组合120.7 撤-12.6% 半1.4/0.9,6523笔 胜63% PF0.82 均-0.26% 组合57.6 撤-47.4% 半1.0/0.6
做多,8,1,BTC24h跌,止盈1.5% 止损3% 12h,3,False,7.34,0.88,1076笔 胜62% PF0.88 均-0.12% 组合87.8 撤-18.9% 半0.9/0.9,837笔 胜66% PF0.98 均-0.02% 组合96.1 撤-9.0% 半1.0/0.9,6557笔 胜64% PF0.91 均-0.09% 组合56.6 撤-44.2% 半1.0/0.8
做空,666+671,2,BTC24h跌,止盈3% 止损8% 48h,1,False,7.25,0.73,868笔 胜65% PF0.90 均-0.19% 组合83.2 撤-19.0% 半0.9/0.9,692笔 胜63% PF0.73 均-0.66% 组合63.4 撤-40.0% 半0.9/0.6,6705笔 胜69% PF0.97 均-0.06% 组合84.3 撤-43.5% 半1.1/0.9
做多,168+173,2,BTC24h涨,止盈5% 止损11% 72h,2,False,7.2,0.86,1040笔 胜57% PF0.91 均-0.24% 组合74.2 撤-42.0% 半0.9/1.0,809笔 胜61% PF0.96 均-0.11% 组合82.2 撤-38.9% 半0.9/1.0,6448笔 胜57% PF0.86 均-0.43% 组合48.9 撤-67.8% 半0.7/1.1
做多,172,1,BTC24h涨,止盈5% 止损11% 72h,2,False,7.12,0.99,1168笔 胜60% PF0.99 均-0.02% 组合95.3 撤-30.2% 半0.9/1.1,1396笔 胜64% PF1.04 均+0.10% 组合93.4 撤-46.9% 半1.0/1.0,5713笔 胜62% PF1.05 均+0.15% 组合73.3 撤-48.8% 半0.9/1.3
做空,662,1,BTC24h涨,止盈3% 止损8% 48h,1,False,7.08,0.89,1355笔 胜64% PF1.02 均+0.03% 组合104.5 撤-16.9% 半1.0/1.0,1068笔 胜64% PF0.89 均-0.23% 组合71.9 撤-35.2% 半0.9/0.9,5911笔 胜66% PF1.00 均+0.00% 组合125.1 撤-32.9% 半1.2/0.9
做多,167,1,BTC24h涨,止盈2% 止损5% 24h,0,False,6.94,0.86,1243笔 胜64% PF0.86 均-0.20% 组合77.4 撤-28.4% 半1.0/0.7,1127笔 胜66% PF0.88 均-0.18% 组合80.0 撤-32.6% 半1.0/0.8,5761笔 胜65% PF0.87 均-0.19% 组合63.0 撤-50.3% 半0.7/1.1
做多,172,1,BTC24h跌,止盈1.5% 止损3% 12h,3,False,6.79,0.9,1115笔 胜64% PF0.92 均-0.08% 组合91.0 撤-13.4% 半0.8/1.0,1013笔 胜65% PF0.90 均-0.10% 组合90.9 撤-17.1% 半0.9/0.9,5765笔 胜64% PF0.91 均-0.08% 组合57.0 撤-46.4% 半1.0/0.9
做空,666+671,2,BTC24h跌,止盈5% 止损11% 72h,2,False,6.79,0.76,817笔 胜62% PF1.02 均+0.05% 组合100.8 撤-20.8% 半1.1/1.0,660笔 胜58% PF0.76 均-0.86% 组合62.6 撤-41.8% 半1.0/0.6,6263笔 胜63% PF0.97 均-0.08% 组合70.0 撤-53.0% 半1.1/0.9
做多,167,1,不过滤,止盈5% 止损11% 72h,2,False,6.71,0.87,1130笔 胜60% PF1.10 均+0.25% 组合117.7 撤-27.7% 半1.3/0.9,1030笔 胜63% PF1.04 均+0.11% 组合113.6 撤-39.3% 半1.3/0.8,5662笔 胜58% PF0.87 均-0.41% 组合39.4 撤-69.3% 半0.7/1.1
做空,670,1,不过滤,止盈1.5% 止损3% 12h,3,False,6.65,0.85,879笔 胜62% PF0.85 均-0.16% 组合84.2 撤-22.4% 半0.7/1.1,1083笔 胜64% PF0.87 均-0.14% 组合87.6 撤-17.8% 半0.8/0.9,5662笔 胜66% PF0.99 均-0.01% 组合57.6 撤-45.9% 半1.0/1.0
做空,665,1,不过滤,止盈5% 止损11% 72h,2,False,6.64,0.9,1140笔 胜57% PF1.06 均+0.13% 组合113.6 撤-34.6% 半1.2/0.9,985笔 胜58% PF0.90 均-0.27% 组合72.0 撤-42.5% 半1.1/0.7,5624笔 胜61% PF1.05 均+0.14% 组合166.1 撤-40.6% 半1.4/0.8
做空,662,1,BTC24h涨,止盈5% 止损11% 72h,2,False,6.58,0.94,1243笔 胜58% PF0.94 均-0.14% 组合77.4 撤-36.3% 半1.0/0.9,986笔 胜60% PF0.95 均-0.13% 组合76.1 撤-37.8% 半1.0/0.9,5509笔 胜63% PF1.06 均+0.15% 组合127.5 撤-37.2% 半1.3/0.8
做空,506,1,BTC24h跌,止盈3% 止损8% 48h,1,False,6.55,1.04,979笔 胜69% PF1.38 均+0.53% 组合160.5 撤-16.0% 半2.1/0.9,783笔 胜66% PF1.06 均+0.11% 组合125.7 撤-18.5% 半1.3/0.8,5809笔 胜66% PF1.04 均+0.07% 组合79.6 撤-40.4% 半1.4/0.8
做空,665,1,BTC24h跌,止盈1.5% 止损3% 12h,3,False,6.55,0.87,1099笔 胜60% PF0.95 均-0.05% 组合94.8 撤-10.2% 半1.0/0.9,1007笔 胜61% PF0.90 均-0.10% 组合89.9 撤-16.7% 半1.1/0.8,5526笔 胜60% PF0.87 均-0.12% 组合65.3 撤-42.1% 半1.1/0.7
做空,670,1,不过滤,止盈2% 止损5% 24h,0,False,6.51,0.89,864笔 胜66% PF0.89 均-0.15% 组合82.9 撤-25.5% 半0.7/1.2,1063笔 胜71% PF1.02 均+0.02% 组合103.0 撤-13.8% 半1.0/1.1,5533笔 胜69% PF1.00 均+0.00% 组合62.9 撤-42.7% 半1.0/1.1
做多,7,1,不过滤,止盈2% 止损5% 24h,0,False,6.43,0.89,925笔 胜62% PF0.98 均-0.03% 组合96.8 撤-13.9% 半1.1/0.9,773笔 胜68% PF1.03 均+0.04% 组合98.8 撤-15.3% 半0.8/1.4,5709笔 胜64% PF0.89 均-0.14% 组合43.3 撤-63.5% 半0.8/1.1
做多,7,1,BTC24h涨,止盈1.5% 止损3% 12h,3,False,6.4,0.83,928笔 胜61% PF0.95 均-0.04% 组合96.2 撤-8.7% 半1.1/0.8,826笔 胜65% PF1.03 均+0.03% 组合101.5 撤-10.1% 半0.8/1.4,5621笔 胜61% PF0.83 均-0.17% 组合40.5 撤-62.5% 半0.7/0.9
做空,506,1,不过滤,止盈5% 止损11% 72h,2,False,6.32,0.86,855笔 胜64% PF1.51 均+0.96% 组合202.3 撤-19.0% 半2.1/1.1,703笔 胜58% PF0.86 均-0.41% 组合100.5 撤-22.3% 半1.1/0.7,5701笔 胜59% PF1.03 均+0.07% 组合104.2 撤-39.8% 半1.4/0.8
做空,665,1,BTC24h跌,止盈2% 止损5% 24h,0,False,6.29,0.89,1048笔 胜64% PF1.10 均+0.10% 组合110.5 撤-10.6% 半1.2/1.0,966笔 胜65% PF0.89 均-0.15% 组合85.6 撤-21.8% 半1.0/0.8,5312笔 胜64% PF0.91 均-0.12% 组合58.9 撤-45.9% 半1.1/0.7
做多,8,1,BTC24h跌,止盈2% 止损5% 24h,0,False,6.24,0.87,939笔 胜65% PF0.87 均-0.18% 组合84.0 撤-21.9% 半0.9/0.8,721笔 胜71% PF1.08 均+0.09% 组合104.2 撤-8.0% 半1.2/1.0,5556笔 胜67% PF0.93 均-0.10% 组合64.9 撤-37.3% 半1.1/0.8
做空,670,1,不过滤,止盈3% 止损8% 48h,1,False,6.23,0.9,848笔 胜66% PF0.90 均-0.21% 组合78.4 撤-28.2% 半0.8/1.1,1015笔 胜72% PF1.03 均+0.06% 组合102.3 撤-17.3% 半0.9/1.1,5294笔 胜69% PF1.02 均+0.04% 组合79.4 撤-44.3% 半1.0/1.1
做多,172,1,BTC24h跌,止盈2% 止损5% 24h,0,False,6.08,0.88,1004笔 胜66% PF0.88 均-0.17% 组合83.8 撤-18.7% 半0.8/1.0,903笔 胜70% PF0.97 均-0.05% 组合97.4 撤-23.9% 半1.0/0.9,5169笔 胜69% PF1.02 均+0.03% 组合66.3 撤-41.8% 半1.1/1.0
做多,167,1,BTC24h涨,止盈3% 止损8% 48h,1,False,6.0,0.88,1065笔 胜66% PF1.07 均+0.11% 组合107.9 撤-18.5% 半1.3/0.9,962笔 胜66% PF0.92 均-0.17% 组合83.3 撤-37.4% 半1.1/0.8,4999笔 胜64% PF0.88 均-0.25% 组合68.4 撤-50.6% 半0.7/1.2
做空,665,1,BTC24h跌,止盈3% 止损8% 48h,1,False,5.85,0.95,977笔 胜65% PF1.14 均+0.21% 组合120.7 撤-15.4% 半1.4/0.9,888笔 胜65% PF0.95 均-0.09% 组合90.6 撤-29.3% 半1.0/0.9,4949笔 胜66% PF1.00 均-0.01% 组合80.3 撤-45.8% 半1.3/0.8
做空,670,1,不过滤,止盈5% 止损11% 72h,2,False,5.8,0.92,812笔 胜60% PF0.92 均-0.26% 组合74.3 撤-31.8% 半0.9/0.9,948笔 胜64% PF1.01 均+0.02% 组合101.9 撤-32.3% 半0.9/1.2,4909笔 胜64% PF1.09 均+0.25% 组合122.7 撤-36.2% 半1.1/1.0
做空,506,1,BTC24h跌,止盈5% 止损11% 72h,2,False,5.69,0.9,823笔 胜64% PF1.50 均+0.94% 组合196.3 撤-17.4% 半2.1/1.0,678笔 胜58% PF0.90 均-0.30% 组合108.9 撤-21.3% 半1.1/0.7,5064笔 胜59% PF1.03 均+0.07% 组合97.3 撤-36.4% 半1.3/0.8
做多,172,1,BTC24h跌,止盈3% 止损8% 48h,1,False,5.3,0.91,881笔 胜65% PF0.91 均-0.18% 组合85.5 撤-29.8% 半0.8/1.1,785笔 胜70% PF1.02 均+0.05% 组合99.9 撤-30.2% 半1.1/1.0,4502笔 胜69% PF1.05 均+0.10% 组合57.3 撤-51.0% 半1.1/1.0
做空,665,1,BTC24h跌,止盈5% 止损11% 72h,2,False,5.3,0.91,886笔 胜58% PF1.12 均+0.26% 组合119.1 撤-29.4% 半1.3/0.9,775笔 胜58% PF0.91 均-0.24% 组合78.8 撤-36.2% 半1.2/0.7,4512笔 胜60% PF1.05 均+0.12% 组合136.5 撤-34.8% 半1.3/0.8
做多,7,1,不过滤,止盈3% 止损8% 48h,1,False,5.22,0.91,777笔 胜62% PF1.01 均+0.02% 组合99.9 撤-13.3% 半1.0/1.0,638笔 胜69% PF1.06 均+0.11% 组合102.7 撤-15.3% 半0.9/1.3,4618笔 胜64% PF0.91 均-0.18% 组合43.6 撤-62.4% 半0.8/1.1
做多,105,1,BTC24h涨,止盈1.5% 止损3% 12h,3,False,5.17,0.73,687笔 胜53% PF0.73 均-0.26% 组合83.9 撤-20.2% 半1.1/0.5,668笔 胜62% PF0.96 均-0.04% 组合92.5 撤-12.0% 半0.8/1.2,4578笔 胜60% PF0.91 均-0.08% 组合75.4 撤-33.5% 半1.0/0.8
做多,167,1,BTC24h涨,止盈5% 止损11% 72h,2,False,5.17,0.88,923笔 胜61% PF1.13 均+0.32% 组合120.6 撤-26.5% 半1.4/0.9,821笔 胜61% PF0.99 均-0.04% 组合104.5 撤-36.3% 半1.3/0.8,4311笔 胜57% PF0.88 均-0.38% 组合62.9 撤-52.2% 半0.7/1.2
做多,7,1,BTC24h涨,止盈2% 止损5% 24h,0,False,5.16,0.88,790笔 胜62% PF0.98 均-0.02% 组合97.5 撤-10.9% 半1.1/0.9,667笔 胜68% PF1.07 均+0.09% 组合102.2 撤-12.7% 半0.8/1.5,4510笔 胜64% PF0.88 均-0.16% 组合51.3 撤-58.5% 半0.7/1.1
做多,105+168,2,不过滤,止盈1.5% 止损3% 12h,3,False,5.09,0.84,751笔 胜59% PF0.84 均-0.14% 组合89.4 撤-13.2% 半1.0/0.7,771笔 胜63% PF0.96 均-0.04% 组合94.0 撤-10.2% 半1.0/1.0,4354笔 胜62% PF0.95 均-0.05% 组合75.4 撤-33.8% 半0.9/1.0
做多,8,1,BTC24h跌,止盈3% 止损8% 48h,1,False,5.08,0.92,785笔 胜64% PF0.92 均-0.16% 组合87.6 撤-28.5% 半0.8/1.0,589笔 胜68% PF0.97 均-0.07% 组合93.3 撤-22.0% 半1.0/0.9,4512笔 胜67% PF0.94 均-0.13% 组合54.1 撤-49.8% 半1.1/0.8
做多,105,1,BTC24h涨,止盈2% 止损5% 24h,0,False,4.99,0.76,670笔 胜56% PF0.76 均-0.31% 组合81.2 撤-19.9% 半1.0/0.6,632笔 胜65% PF0.98 均-0.03% 组合93.1 撤-11.4% 半0.8/1.1,4427笔 胜65% PF1.10 均+0.11% 组合85.7 撤-25.5% 半1.1/1.1
做多,105+168,2,不过滤,止盈2% 止损5% 24h,0,False,4.96,0.88,729笔 胜61% PF0.88 均-0.15% 组合88.9 撤-14.9% 半1.1/0.7,741笔 胜62% PF0.88 均-0.16% 组合84.9 撤-19.6% 半1.0/0.8,4259笔 胜67% PF1.08 均+0.09% 组合82.1 撤-27.1% 半1.0/1.2
做空,662,1,BTC24h跌,止盈1.5% 止损3% 12h,3,False,4.89,0.83,943笔 胜57% PF0.83 均-0.15% 组合86.5 撤-17.2% 半1.0/0.7,581笔 胜61% PF0.89 均-0.10% 组合94.0 撤-8.5% 半0.9/0.9,4240笔 胜63% PF0.92 均-0.07% 组合78.5 撤-36.1% 半1.0/0.8
做多,105+168,2,不过滤,止盈3% 止损8% 48h,1,False,4.88,0.9,718笔 胜65% PF1.04 均+0.07% 组合103.2 撤-15.5% 半1.3/0.8,730笔 胜62% PF0.90 均-0.20% 组合84.5 撤-23.0% 半0.9/0.9,4181笔 胜65% PF1.06 均+0.10% 组合86.3 撤-37.4% 半0.9/1.2
做空,667,1,不过滤,止盈1.5% 止损3% 12h,3,False,4.88,0.82,876笔 胜56% PF0.86 均-0.12% 组合90.0 撤-16.4% 半1.1/0.7,538笔 胜60% PF0.82 均-0.18% 组合90.5 撤-11.2% 半0.9/0.7,4303笔 胜60% PF0.88 均-0.11% 组合69.3 撤-35.5% 半1.0/0.8
做多,105,1,BTC24h涨,止盈3% 止损8% 48h,1,False,4.86,0.86,651笔 胜60% PF0.86 均-0.26% 组合86.9 撤-22.8% 半1.1/0.6,616笔 胜62% PF0.86 均-0.28% 组合83.4 撤-25.8% 半0.7/1.1,4305笔 胜63% PF0.98 均-0.03% 组合80.4 撤-33.6% 半0.9/1.1
做空,664,1,BTC24h跌,止盈1.5% 止损3% 12h,3,False,4.84,0.87,850笔 胜57% PF0.87 均-0.12% 组合90.2 撤-12.2% 半0.9/0.8,600笔 胜65% PF1.02 均+0.02% 组合101.0 撤-4.9% 半1.1/0.9,4214笔 胜62% PF0.92 均-0.07% 组合67.9 撤-36.4% 半1.0/0.9
做空,605+666,2,不过滤,止盈1.5% 止损3% 12h,3,False,4.81,0.86,835笔 胜60% PF0.86 均-0.13% 组合89.8 撤-13.9% 半0.9/0.9,718笔 胜63% PF0.90 均-0.10% 组合92.7 撤-12.4% 半0.9/0.9,4064笔 胜63% PF0.90 均-0.10% 组合69.6 撤-34.9% 半0.9/0.9
做空,664,1,BTC24h跌,止盈2% 止损5% 24h,0,False,4.77,0.99,830笔 胜64% PF0.99 均-0.01% 组合98.4 撤-9.6% 半1.0/1.0,595笔 胜71% PF1.12 均+0.14% 组合108.3 撤-6.2% 半1.3/1.0,4145笔 胜67% PF1.01 均+0.02% 组合83.5 撤-31.5% 半1.1/0.9
做空,667,1,不过滤,止盈2% 止损5% 24h,0,False,4.77,0.94,854笔 胜58% PF0.94 均-0.06% 组合94.1 撤-14.6% 半1.2/0.7,529笔 胜66% PF0.95 均-0.07% 组合95.7 撤-13.9% 半1.1/0.8,4208笔 胜64% PF0.95 均-0.06% 组合76.4 撤-37.9% 半1.1/0.8
做空,662,1,BTC24h跌,止盈2% 止损5% 24h,0,False,4.75,0.83,921笔 胜60% PF0.83 均-0.21% 组合81.5 撤-23.3% 半1.0/0.7,563笔 胜63% PF0.88 均-0.16% 组合91.1 撤-13.1% 半1.0/0.8,4111笔 胜67% PF0.99 均-0.02% 组合91.5 撤-35.5% 半1.1/0.9
做空,664,1,BTC24h涨,止盈1.5% 止损3% 12h,3,False,4.69,0.87,728笔 胜60% PF0.87 均-0.12% 组合91.6 撤-11.0% 半0.9/0.8,588笔 胜62% PF0.91 均-0.08% 组合94.9 撤-9.7% 半0.8/1.0,4116笔 胜62% PF0.97 均-0.03% 组合80.5 撤-35.3% 半1.2/0.8
做多,105+168,2,不过滤,止盈5% 止损11% 72h,2,False,4.66,0.81,682笔 胜57% PF1.02 均+0.04% 组合99.9 撤-23.7% 半1.2/0.8,687笔 胜55% PF0.81 均-0.60% 组合70.2 撤-40.9% 半0.7/0.9,4007笔 胜56% PF0.93 均-0.18% 组合70.4 撤-54.0% 半0.7/1.2
做空,664,1,BTC24h跌,止盈3% 止损8% 48h,1,False,4.66,1.05,805笔 胜67% PF1.17 均+0.27% 组合123.0 撤-7.2% 半1.3/1.1,578笔 胜72% PF1.30 均+0.47% 组合129.5 撤-8.3% 半1.4/1.2,4054笔 胜67% PF1.05 均+0.09% 组合97.7 撤-32.6% 半1.2/0.9
做空,670,1,BTC24h跌,止盈1.5% 止损3% 12h,3,False,4.64,0.76,671笔 胜60% PF0.76 均-0.26% 组合81.2 撤-23.2% 半0.6/1.0,783笔 胜64% PF0.88 均-0.13% 组合90.3 撤-15.8% 半0.8/1.0,3896笔 胜66% PF1.00 均-0.00% 组合65.6 撤-39.5% 半0.9/1.1
做空,605+666,2,不过滤,止盈2% 止损5% 24h,0,False,4.64,0.85,806笔 胜62% PF0.85 均-0.19% 组合85.0 撤-19.4% 半0.9/0.8,687笔 胜65% PF0.94 均-0.08% 组合93.8 撤-12.4% 半1.0/0.9,3931笔 胜68% PF0.99 均-0.02% 组合95.6 撤-28.3% 半1.0/1.0
做多,105,1,BTC24h涨,止盈5% 止损11% 72h,2,False,4.63,0.75,625笔 胜54% PF0.91 均-0.24% 组合92.7 撤-28.4% 半1.2/0.7,583笔 胜54% PF0.75 均-0.81% 组合72.3 撤-35.8% 半0.6/1.0,4110笔 胜52% PF0.83 均-0.48% 组合61.7 撤-52.1% 半0.7/1.1
做空,664,1,BTC24h涨,止盈2% 止损5% 24h,0,False,4.59,0.93,718笔 胜62% PF0.94 均-0.07% 组合94.7 撤-10.7% 半1.0/0.9,578笔 胜66% PF0.93 均-0.10% 组合93.9 撤-11.6% 半0.9/1.0,4022笔 胜66% PF1.05 均+0.06% 组合108.0 撤-29.1% 半1.3/0.8
做空,662,1,BTC24h跌,止盈3% 止损8% 48h,1,False,4.57,0.82,875笔 胜61% PF0.87 均-0.24% 组合79.8 撤-28.4% 半1.0/0.8,542笔 胜63% PF0.82 均-0.37% 组合80.6 撤-30.2% 半1.0/0.7,3968笔 胜67% PF1.02 均+0.04% 组合135.9 撤-29.8% 半1.1/0.9
做空,670,1,BTC24h跌,止盈2% 止损5% 24h,0,False,4.55,0.82,657笔 胜64% PF0.82 均-0.27% 组合79.4 撤-28.9% 半0.6/1.1,767笔 胜70% PF0.98 均-0.02% 组合99.3 撤-15.7% 半0.9/1.0,3816笔 胜70% PF1.02 均+0.02% 组合65.8 撤-40.3% 半0.9/1.2
做空,667,1,不过滤,止盈3% 止损8% 48h,1,False,4.53,1.03,797笔 胜62% PF1.09 均+0.13% 组合110.0 撤-15.5% 半1.3/0.9,501笔 胜69% PF1.04 均+0.08% 组合103.2 撤-19.2% 半1.4/0.8,3995笔 胜66% PF1.03 均+0.05% 组合105.2 撤-36.9% 半1.2/0.9
做多,169,1,BTC24h跌,止盈1.5% 止损3% 12h,3,False,4.49,0.81,729笔 胜56% PF0.81 均-0.18% 组合87.6 撤-14.4% 半0.7/1.0,518笔 胜63% PF0.92 均-0.07% 组合94.7 撤-6.8% 半0.9/1.0,3975笔 胜61% PF0.87 均-0.12% 组合62.1 撤-39.3% 半0.9/0.9
做空,664,1,BTC24h跌,止盈5% 止损11% 72h,2,False,4.46,1.13,761笔 胜63% PF1.22 均+0.49% 组合140.7 撤-12.2% 半1.5/0.9,545笔 胜64% PF1.18 均+0.44% 组合119.8 撤-21.1% 半1.3/1.0,3894笔 胜63% PF1.13 均+0.32% 组合125.5 撤-23.7% 半1.3/1.0
做空,605+666,2,不过滤,止盈3% 止损8% 48h,1,False,4.46,0.92,774笔 胜63% PF0.92 均-0.15% 组合87.4 撤-18.3% 半1.0/0.9,651笔 胜66% PF0.97 均-0.06% 组合93.9 撤-18.0% 半1.0/0.9,3790笔 胜67% PF0.94 均-0.11% 组合122.4 撤-30.1% 半1.1/0.8
做多,7,1,不过滤,止盈5% 止损11% 72h,2,False,4.45,0.9,664笔 胜59% PF1.07 均+0.16% 组合107.5 撤-17.3% 半1.2/1.0,550笔 胜59% PF0.97 均-0.10% 组合92.8 撤-20.8% 半1.0/1.0,3929笔 胜56% PF0.90 均-0.29% 组合42.0 撤-66.1% 半0.7/1.1
做多,172,1,BTC24h跌,止盈5% 止损11% 72h,2,False,4.42,0.95,760笔 胜59% PF0.95 均-0.13% 组合94.8 撤-38.2% 半0.7/1.3,665笔 胜64% PF1.12 均+0.33% 组合110.2 撤-36.0% 半1.2/1.1,3736笔 胜63% PF1.07 均+0.18% 组合89.1 撤-39.9% 半1.1/1.0
做空,664,1,BTC24h涨,止盈3% 止损8% 48h,1,False,4.42,0.99,690笔 胜63% PF0.99 均-0.03% 组合97.3 撤-15.6% 半1.1/0.9,558笔 胜68% PF1.00 均+0.01% 组合98.9 撤-19.9% 半0.9/1.2,3879笔 胜67% PF1.10 均+0.17% 组合160.7 撤-31.3% 半1.4/0.9
做空,670,1,BTC24h跌,止盈3% 止损8% 48h,1,False,4.39,0.84,648笔 胜65% PF0.84 均-0.36% 组合74.8 撤-34.2% 半0.7/1.1,740笔 胜71% PF1.02 均+0.04% 组合104.1 撤-20.6% 半0.9/1.2,3675笔 胜70% PF1.06 均+0.12% 组合73.6 撤-44.0% 半0.9/1.2
做空,662,1,BTC24h跌,止盈5% 止损11% 72h,2,False,4.34,0.9,824笔 胜59% PF0.96 均-0.09% 组合88.9 撤-24.7% 半1.1/0.9,517笔 胜59% PF0.90 均-0.29% 组合81.7 撤-31.3% 半1.1/0.7,3761笔 胜63% PF1.06 均+0.16% 组合133.7 撤-32.2% 半1.3/0.9
做多,169,1,BTC24h跌,止盈2% 止损5% 24h,0,False,4.29,0.79,695笔 胜60% PF0.79 均-0.29% 组合81.1 撤-21.5% 半0.7/0.9,506笔 胜65% PF0.93 均-0.09% 组合93.3 撤-7.5% 半0.8/1.0,3785笔 胜66% PF0.94 均-0.08% 组合63.1 撤-38.3% 半0.9/0.9
做多,7,1,BTC24h涨,止盈3% 止损8% 48h,1,False,4.26,0.91,682笔 胜62% PF1.06 均+0.09% 组合104.4 撤-9.4% 半1.0/1.1,552笔 胜69% PF1.08 均+0.15% 组合104.8 撤-13.2% 半0.9/1.3,3714笔 胜63% PF0.91 均-0.18% 组合54.9 撤-53.8% 半0.7/1.2
做空,605+666,2,不过滤,止盈5% 止损11% 72h,2,False,4.24,0.82,735笔 胜57% PF0.82 均-0.52% 组合64.4 撤-42.8% 半0.8/0.8,608笔 胜60% PF0.91 均-0.27% 组合80.4 撤-28.6% 半1.0/0.8,3612笔 胜63% PF0.98 均-0.05% 组合154.8 撤-40.8% 半1.2/0.8
做空,664,1,BTC24h涨,止盈5% 止损11% 72h,2,False,4.23,0.95,658笔 胜57% PF0.95 均-0.12% 组合90.2 撤-22.7% 半1.0/0.9,531笔 胜62% PF1.01 均+0.03% 组合99.1 撤-27.0% 半0.8/1.2,3710笔 胜63% PF1.08 均+0.20% 组合149.2 撤-34.9% 半1.5/0.8
做空,667,1,不过滤,止盈5% 止损11% 72h,2,False,4.21,0.88,731笔 胜57% PF1.04 均+0.09% 组合104.1 撤-19.6% 半1.3/0.8,471笔 胜58% PF0.88 均-0.38% 组合86.4 撤-22.9% 半1.1/0.7,3715笔 胜61% PF1.06 均+0.16% 组合116.9 撤-42.1% 半1.4/0.8
做空,670,1,BTC24h跌,止盈5% 止损11% 72h,2,False,4.15,0.86,624笔 胜59% PF0.86 均-0.44% 组合70.1 撤-34.9% 半0.8/0.9,713笔 胜64% PF1.00 均+0.01% 组合104.1 撤-27.9% 半0.9/1.2,3457笔 胜65% PF1.13 均+0.35% 组合72.0 撤-51.6% 半1.1/1.2
做多,8,1,BTC24h跌,止盈5% 止损11% 72h,2,False,4.13,0.9,647笔 胜57% PF0.93 均-0.19% 组合88.7 撤-30.1% 半0.8/1.1,489笔 胜62% PF0.99 均-0.03% 组合99.3 撤-28.4% 半1.2/0.8,3648笔 胜59% PF0.90 均-0.30% 组合39.1 撤-65.4% 半1.1/0.8
做多,169,1,BTC24h跌,止盈3% 止损8% 48h,1,False,4.09,0.91,660笔 胜59% PF0.91 均-0.15% 组合89.2 撤-24.4% 半0.8/1.0,486笔 胜67% PF0.93 均-0.15% 组合89.8 撤-16.2% 半0.8/1.1,3602笔 胜65% PF0.92 均-0.15% 组合63.0 撤-41.3% 半0.9/0.9
做多,105,1,BTC24h跌,止盈1.5% 止损3% 12h,3,False,3.98,0.78,604笔 胜61% PF0.93 均-0.06% 组合96.2 撤-5.4% 半0.9/0.9,556笔 胜57% PF0.78 均-0.22% 组合88.2 撤-12.8% 半0.9/0.6,3441笔 胜63% PF0.97 均-0.03% 组合71.2 撤-31.6% 半0.8/1.3
做多,169,1,BTC24h跌,止盈5% 止损11% 72h,2,False,3.87,0.92,630笔 胜55% PF0.92 均-0.19% 组合85.8 撤-27.9% 半0.8/1.1,455笔 胜60% PF0.92 均-0.24% 组合90.1 撤-31.0% 半0.9/0.9,3419笔 胜58% PF0.92 均-0.24% 组合62.5 撤-53.9% 半0.9/1.0
做多,171,1,不过滤,止盈1.5% 止损3% 12h,3,False,3.83,0.87,736笔 胜57% PF0.87 均-0.12% 组合91.7 撤-10.6% 半1.0/0.8,431笔 胜61% PF0.90 均-0.09% 组合96.1 撤-8.5% 半1.2/0.7,3349笔 胜62% PF0.91 均-0.09% 组合71.0 撤-31.8% 半1.0/0.9
做多,105,1,BTC24h跌,止盈2% 止损5% 24h,0,False,3.82,0.75,582笔 胜64% PF0.99 均-0.01% 组合98.8 撤-6.6% 半1.1/0.9,532笔 胜59% PF0.75 均-0.36% 组合83.0 撤-20.2% 半1.1/0.5,3301笔 胜65% PF0.96 均-0.05% 组合65.7 撤-36.7% 半0.7/1.3
做多,171,1,不过滤,止盈2% 止损5% 24h,0,False,3.73,0.91,722笔 胜63% PF0.91 均-0.11% 组合91.9 撤-15.5% 半1.1/0.8,418笔 胜65% PF0.99 均-0.01% 组合99.2 撤-8.9% 半1.2/0.8,3258笔 胜64% PF0.91 均-0.12% 组合57.3 撤-47.1% 半0.9/0.9
做多,7,1,BTC24h涨,止盈5% 止损11% 72h,2,False,3.71,0.9,589笔 胜59% PF1.14 均+0.31% 组合116.4 撤-14.6% 半1.2/1.1,489笔 胜58% PF0.91 均-0.25% 组合87.7 撤-17.9% 半0.9/0.9,3225笔 胜56% PF0.90 均-0.29% 组合46.6 撤-62.8% 半0.7/1.2
做多,105,1,BTC24h跌,止盈3% 止损8% 48h,1,False,3.69,0.83,569笔 胜66% PF1.13 均+0.20% 组合109.9 撤-11.2% 半1.3/1.0,515笔 胜62% PF0.83 均-0.36% 组合79.4 撤-26.0% 半1.0/0.7,3186笔 胜65% PF1.03 均+0.05% 组合79.2 撤-40.6% 半0.8/1.3
做多,171,1,不过滤,止盈3% 止损8% 48h,1,False,3.56,0.84,690笔 胜59% PF0.85 均-0.29% 组合80.6 撤-27.4% 半0.8/0.9,397笔 胜62% PF0.84 均-0.32% 组合87.0 撤-20.0% 半0.9/0.8,3114笔 胜64% PF1.01 均+0.02% 组合71.2 撤-38.3% 半1.0/1.0
做多,105,1,BTC24h跌,止盈5% 止损11% 72h,2,False,3.55,0.86,543笔 胜58% PF1.10 均+0.23% 组合107.9 撤-17.5% 半1.1/1.1,491笔 胜59% PF0.86 均-0.43% 组合79.7 撤-31.3% 半0.9/0.8,3072笔 胜56% PF0.93 均-0.18% 组合65.5 撤-48.8% 半0.7/1.3
做多,171,1,不过滤,止盈5% 止损11% 72h,2,False,3.35,0.89,640笔 胜54% PF0.89 均-0.27% 组合81.8 撤-28.0% 半0.9/0.9,373笔 胜56% PF0.95 均-0.13% 组合95.1 撤-19.8% 半0.9/1.0,2936笔 胜58% PF1.01 均+0.04% 组合54.1 撤-54.7% 半1.0/1.1
做多,167,1,BTC24h跌,止盈1.5% 止损3% 12h,3,False,3.28,0.88,468笔 胜62% PF0.88 均-0.12% 组合94.6 撤-8.3% 半0.9/0.9,461笔 胜64% PF0.91 均-0.09% 组合95.9 撤-7.0% 半1.0/0.9,2846笔 胜64% PF0.89 均-0.12% 组合73.3 撤-29.7% 半1.0/0.8
做多,164+168,2,不过滤,止盈1.5% 止损3% 12h,3,False,3.16,0.73,482笔 胜57% PF0.73 均-0.26% 组合88.0 撤-13.1% 半0.8/0.6,469笔 胜59% PF0.76 均-0.26% 组合88.2 撤-13.3% 半0.6/0.9,2704笔 胜61% PF0.87 均-0.12% 组合69.1 撤-39.8% 半0.7/1.1
做空,605+666,2,BTC24h涨,止盈1.5% 止损3% 12h,3,False,3.15,0.86,558笔 胜59% PF0.87 均-0.11% 组合93.7 撤-8.8% 半0.9/0.8,514笔 胜64% PF0.90 均-0.10% 组合94.6 撤-8.7% 半1.0/0.8,2617笔 胜62% PF0.86 均-0.14% 组合66.9 撤-34.4% 半0.8/0.9
做多,164+168,2,不过滤,止盈2% 止损5% 24h,0,False,3.11,0.71,470笔 胜59% PF0.71 均-0.43% 组合81.2 撤-19.7% 半0.8/0.6,460笔 胜61% PF0.72 均-0.43% 组合80.9 撤-21.8% 半0.8/0.7,2661笔 胜66% PF0.99 均-0.01% 组合74.3 撤-39.4% 半0.8/1.2
做空,605+666,2,BTC24h涨,止盈2% 止损5% 24h,0,False,3.05,0.88,546笔 胜63% PF0.88 均-0.15% 组合91.9 撤-11.9% 半0.9/0.9,496笔 胜66% PF1.00 均+0.00% 组合99.3 撤-10.6% 半1.3/0.8,2534笔 胜67% PF0.94 均-0.07% 组合76.4 撤-31.9% 半0.9/1.0
做多,164+168,2,不过滤,止盈3% 止损8% 48h,1,False,3.0,0.68,457笔 胜57% PF0.68 均-0.73% 组合70.5 撤-30.9% 半0.7/0.7,447笔 胜66% PF0.93 均-0.13% 组合92.7 撤-17.7% 半0.7/1.2,2562笔 胜66% PF1.01 均+0.02% 组合65.1 撤-49.5% 半0.8/1.3
做空,605+666,2,BTC24h涨,止盈3% 止损8% 48h,1,False,2.96,0.9,525笔 胜63% PF0.92 均-0.15% 组合91.3 撤-13.3% 半1.0/0.9,476笔 胜67% PF1.02 均+0.03% 组合100.5 撤-15.6% 半1.2/0.9,2464笔 胜66% PF0.90 均-0.21% 组合81.5 撤-34.9% 半1.0/0.8
做多,167,1,BTC24h跌,止盈2% 止损5% 24h,0,False,2.95,0.93,421笔 胜66% PF0.93 均-0.10% 组合95.6 撤-10.0% 半1.1/0.8,417笔 胜70% PF1.06 均+0.07% 组合102.8 撤-6.7% 半1.0/1.1,2558笔 胜69% PF0.96 均-0.06% 组合83.7 撤-27.8% 半1.1/0.8
做多,105+168,2,BTC24h涨,止盈1.5% 止损3% 12h,3,False,2.92,0.79,400笔 胜55% PF0.79 均-0.20% 组合92.3 撤-12.5% 半1.2/0.5,433笔 胜64% PF1.01 均+0.01% 组合98.0 撤-7.3% 半0.9/1.1,2522笔 胜61% PF0.92 均-0.07% 组合80.5 撤-28.1% 半1.1/0.8
做空,667,1,BTC24h跌,止盈1.5% 止损3% 12h,3,False,2.92,0.82,597笔 胜58% PF0.90 均-0.08% 组合94.9 撤-11.8% 半1.0/0.8,354笔 胜60% PF0.82 均-0.18% 组合93.6 撤-7.1% 半0.9/0.7,2512笔 胜60% PF0.85 均-0.14% 组合74.1 撤-28.7% 半1.0/0.7
做空,667,1,BTC24h跌,止盈2% 止损5% 24h,0,False,2.88,0.92,585笔 胜59% PF0.95 均-0.06% 组合96.2 撤-10.6% 半1.0/0.9,354笔 胜66% PF0.96 均-0.05% 组合97.7 撤-9.7% 半1.1/0.8,2474笔 胜64% PF0.92 均-0.10% 组合74.4 撤-30.4% 半1.1/0.8
做多,105+168,2,BTC24h涨,止盈2% 止损5% 24h,0,False,2.87,0.82,395笔 胜59% PF0.82 均-0.22% 组合91.3 撤-12.8% 半1.2/0.6,416笔 胜63% PF0.94 均-0.07% 组合93.3 撤-10.7% 半0.8/1.1,2483笔 胜66% PF1.14 均+0.14% 组合101.7 撤-16.3% 半1.3/1.0
做多,164+168,2,不过滤,止盈5% 止损11% 72h,2,False,2.86,0.69,437笔 胜53% PF0.69 均-0.95% 组合63.8 撤-39.6% 半0.6/0.8,423笔 胜59% PF0.92 均-0.22% 组合87.3 撤-31.9% 半0.8/1.1,2450笔 胜60% PF1.08 均+0.20% 组合76.0 撤-51.5% 半0.8/1.5
做多,105+168,2,BTC24h涨,止盈3% 止损8% 48h,1,False,2.84,0.87,388笔 胜63% PF0.92 均-0.14% 组合93.8 撤-15.2% 半1.3/0.6,410笔 胜63% PF0.87 均-0.25% 组合87.5 撤-21.4% 半0.6/1.3,2464笔 胜65% PF1.04 均+0.07% 组合102.9 撤-13.6% 半1.0/1.1
做空,605+666,2,BTC24h涨,止盈5% 止损11% 72h,2,False,2.84,0.79,502笔 胜56% PF0.79 均-0.63% 组合70.6 撤-33.5% 半0.8/0.8,451笔 胜61% PF0.95 均-0.14% 组合92.4 撤-22.4% 半1.1/0.8,2371笔 胜62% PF0.96 均-0.10% 组合88.8 撤-39.7% 半1.1/0.9
做空,667,1,BTC24h跌,止盈3% 止损8% 48h,1,False,2.79,1.07,558笔 胜62% PF1.07 均+0.11% 组合105.0 撤-10.0% 半1.2/1.0,345笔 胜70% PF1.11 均+0.20% 组合105.9 撤-15.5% 半1.4/0.9,2400笔 胜67% PF1.09 均+0.16% 组合91.6 撤-30.2% 半1.2/1.0
做多,105+168,2,BTC24h涨,止盈5% 止损11% 72h,2,False,2.75,0.74,374笔 胜53% PF0.90 均-0.24% 组合90.0 撤-20.3% 半1.1/0.7,392笔 胜54% PF0.74 均-0.84% 组合73.8 撤-34.2% 半0.5/1.1,2388笔 胜55% PF0.90 均-0.27% 组合83.1 撤-38.3% 半0.8/1.1
做多,171,1,BTC24h涨,止盈1.5% 止损3% 12h,3,False,2.68,0.79,535笔 胜55% PF0.79 均-0.20% 组合89.5 撤-13.0% 半0.9/0.7,329笔 胜59% PF0.87 均-0.12% 组合96.0 撤-7.6% 半1.1/0.7,2308笔 胜62% PF0.94 均-0.06% 组合84.5 撤-19.8% 半1.0/0.9
做多,8+172,2,不过滤,止盈1.5% 止损3% 12h,3,False,2.68,0.94,459笔 胜65% PF0.95 均-0.05% 组合97.6 撤-5.3% 半0.9/1.0,567笔 胜67% PF1.04 均+0.03% 组合101.5 撤-4.6% 半0.9/1.2,2105笔 胜66% PF0.94 均-0.06% 组合81.5 撤-26.4% 半0.7/1.3
做空,667,1,BTC24h跌,止盈5% 止损11% 72h,2,False,2.66,0.99,516笔 胜57% PF1.07 均+0.14% 组合105.3 撤-13.4% 半1.2/0.9,329笔 胜61% PF0.99 均-0.02% 组合101.8 撤-18.8% 半1.2/0.8,2292笔 胜63% PF1.15 均+0.35% 组合102.6 撤-34.0% 半1.4/0.9
做多,171,1,BTC24h涨,止盈2% 止损5% 24h,0,False,2.62,0.86,527笔 胜63% PF0.86 均-0.18% 组合90.6 撤-16.1% 半1.1/0.7,316笔 胜66% PF1.09 均+0.10% 组合102.9 撤-8.4% 半1.4/0.9,2255笔 胜64% PF0.92 均-0.11% 组合73.8 撤-33.0% 半0.9/0.9
做多,167,1,BTC24h跌,止盈3% 止损8% 48h,1,False,2.61,0.94,377笔 胜69% PF1.14 均+0.24% 组合108.9 撤-8.8% 半1.3/1.0,370笔 胜71% PF1.17 均+0.30% 组合110.7 撤-10.0% 半1.2/1.1,2262笔 胜68% PF0.94 均-0.13% 组合71.9 撤-31.1% 半1.1/0.8
做多,8+172,2,不过滤,止盈2% 止损5% 24h,0,False,2.54,0.89,435笔 胜66% PF0.89 均-0.16% 组合93.1 撤-12.7% 半0.7/1.2,536笔 胜71% PF1.04 均+0.06% 组合102.5 撤-9.4% 半1.1/1.0,1998笔 胜70% PF1.00 均+0.00% 组合86.2 撤-23.8% 半0.8/1.4
做多,171,1,BTC24h涨,止盈3% 止损8% 48h,1,False,2.53,0.84,511笔 胜59% PF0.84 均-0.31% 组合84.5 撤-22.2% 半0.8/0.8,305笔 胜63% PF0.91 均-0.18% 组合93.8 撤-15.8% 半1.1/0.8,2179笔 胜64% PF1.05 均+0.08% 组合88.6 撤-22.5% 半1.1/1.0
做多,7,1,BTC24h跌,止盈1.5% 止损3% 12h,3,False,2.5,0.81,283笔 胜57% PF0.81 均-0.18% 组合95.0 撤-8.0% 半0.7/0.9,238笔 胜66% PF1.06 均+0.05% 组合101.2 撤-2.9% 半1.0/1.1,2317笔 胜63% PF0.88 均-0.11% 组合77.7 撤-23.8% 半0.9/0.9
做多,171,1,BTC24h涨,止盈5% 止损11% 72h,2,False,2.43,0.91,489笔 胜54% PF0.91 均-0.23% 组合88.3 撤-22.3% 半0.9/0.9,289笔 胜57% PF1.09 均+0.22% 组合107.0 撤-11.6% 半1.1/1.1,2091笔 胜59% PF1.07 均+0.18% 组合87.0 撤-32.8% 半1.1/1.1
做多,8+172,2,不过滤,止盈3% 止损8% 48h,1,False,2.36,0.85,401笔 胜63% PF0.85 均-0.31% 组合87.7 撤-13.8% 半0.8/0.9,498笔 胜71% PF1.16 均+0.29% 组合114.1 撤-12.9% 半1.2/1.1,1851笔 胜69% PF1.01 均+0.02% 组合78.9 撤-34.5% 半0.8/1.3
做多,167,1,BTC24h跌,止盈5% 止损11% 72h,2,False,2.33,0.84,348笔 胜61% PF1.04 均+0.11% 组合102.6 撤-16.7% 半1.1/0.9,335笔 胜65% PF1.14 均+0.38% 组合109.5 撤-23.7% 半1.9/0.7,2006笔 胜59% PF0.84 均-0.53% 组合37.8 撤-64.4% 半0.9/0.8
做多,8+169,2,不过滤,止盈1.5% 止损3% 12h,3,False,2.33,0.79,434笔 胜58% PF0.79 均-0.21% 组合91.0 撤-10.8% 半0.9/0.7,443笔 胜64% PF0.99 均-0.01% 组合99.4 撤-5.0% 半1.0/1.0,1860笔 胜67% PF1.12 均+0.10% 组合110.4 撤-8.5% 半1.0/1.2
做多,105+168,2,BTC24h跌,止盈1.5% 止损3% 12h,3,False,2.28,0.84,385笔 胜61% PF0.84 均-0.15% 组合94.4 撤-6.0% 半0.8/0.9,355笔 胜60% PF0.86 均-0.13% 组合94.7 撤-6.8% 半0.9/0.8,1923笔 胜63% PF0.96 均-0.03% 组合88.4 撤-17.5% 半0.7/1.4
做空,641,1,不过滤,止盈1.5% 止损3% 12h,3,False,2.27,0.76,164笔 胜69% PF1.02 均+0.02% 组合100.4 撤-3.2% 半0.9/1.1,235笔 胜63% PF0.76 均-0.29% 组合93.4 撤-7.7% 半0.8/0.7,2130笔 胜65% PF0.85 均-0.16% 组合70.8 撤-30.4% 半0.8/0.9
做多,8+169,2,不过滤,止盈2% 止损5% 24h,0,False,2.26,0.84,417笔 胜62% PF0.84 均-0.21% 组合91.2 撤-16.2% 半0.9/0.8,425笔 胜70% PF1.15 均+0.17% 组合107.3 撤-6.7% 半1.0/1.3,1808笔 胜69% PF1.15 均+0.17% 组合117.6 撤-9.0% 半1.0/1.3
做多,164+168,2,BTC24h跌,止盈1.5% 止损3% 12h,3,False,2.26,0.77,386笔 胜59% PF0.77 均-0.23% 组合91.4 撤-9.9% 半0.8/0.8,352笔 胜60% PF0.80 均-0.20% 组合92.7 撤-9.0% 半0.7/1.0,1897笔 胜62% PF0.89 均-0.11% 组合76.3 撤-30.5% 半0.7/1.1
做多,105+168,2,BTC24h跌,止盈2% 止损5% 24h,0,False,2.25,0.81,375笔 胜63% PF0.89 均-0.13% 组合94.9 撤-6.3% 半0.8/1.0,347笔 胜61% PF0.81 均-0.26% 组合91.8 撤-12.3% 半1.2/0.6,1893笔 胜66% PF0.98 均-0.02% 组合81.5 撤-25.1% 半0.7/1.3
做多,164+168,2,BTC24h跌,止盈2% 止损5% 24h,0,False,2.23,0.65,377笔 胜60% PF0.71 均-0.43% 组合84.4 撤-16.4% 半0.7/0.7,347笔 胜59% PF0.65 均-0.58% 组合80.6 撤-21.5% 半0.7/0.6,1873笔 胜67% PF1.01 均+0.02% 组合80.4 撤-32.9% 半0.8/1.3
做多,105+168,2,BTC24h跌,止盈3% 止损8% 48h,1,False,2.21,0.87,373笔 胜67% PF1.16 均+0.25% 组合109.1 撤-9.8% 半1.2/1.1,344笔 胜61% PF0.87 均-0.27% 组合89.4 撤-16.3% 半1.3/0.6,1859笔 胜65% PF1.04 均+0.08% 组合82.8 撤-34.0% 半0.8/1.4
做空,505,1,不过滤,止盈1.5% 止损3% 12h,3,False,2.2,0.84,373笔 胜56% PF0.84 均-0.14% 组合94.9 撤-8.2% 半1.2/0.6,291笔 胜65% PF1.07 均+0.06% 组合101.7 撤-3.7% 半1.2/0.9,1905笔 胜62% PF0.96 均-0.03% 组合105.4 撤-9.3% 半0.9/1.0
做多,105+168,2,BTC24h跌,止盈5% 止损11% 72h,2,False,2.17,0.82,363笔 胜61% PF1.17 均+0.38% 组合112.8 撤-13.7% 半1.1/1.2,338笔 胜55% PF0.82 均-0.56% 组合79.2 撤-24.7% 半0.9/0.8,1822笔 胜56% PF0.94 均-0.17% 组合68.6 撤-43.0% 半0.7/1.4
做多,8+169,2,不过滤,止盈3% 止损8% 48h,1,False,2.16,0.97,394笔 胜62% PF0.97 均-0.06% 组合97.3 撤-12.0% 半1.1/0.9,408笔 胜68% PF1.06 均+0.12% 组合105.2 撤-10.0% 半1.1/1.0,1727笔 胜70% PF1.23 均+0.37% 组合125.8 撤-23.3% 半1.0/1.6
做多,164+168,2,BTC24h跌,止盈3% 止损8% 48h,1,False,2.16,0.66,367笔 胜58% PF0.66 均-0.77% 组合74.2 撤-27.6% 半0.6/0.8,339笔 胜62% PF0.81 均-0.40% 组合86.5 撤-19.4% 半0.6/1.1,1814笔 胜66% PF1.05 均+0.08% 组合72.8 撤-44.0% 半0.8/1.4
做多,8+172,2,BTC24h涨,止盈1.5% 止损3% 12h,3,False,2.13,0.98,374笔 胜65% PF0.98 均-0.02% 组合99.3 撤-4.2% 半0.9/1.1,479笔 胜68% PF1.09 均+0.08% 组合103.6 撤-4.9% 半1.0/1.2,1634笔 胜67% PF0.99 均-0.01% 组合94.5 撤-17.3% 半0.8/1.3
做多,8+172,2,不过滤,止盈5% 止损11% 72h,2,False,2.11,1.01,358笔 胜59% PF1.01 均+0.02% 组合99.5 撤-9.7% 半0.9/1.1,439笔 胜69% PF1.31 均+0.78% 组合132.3 撤-16.2% 半1.4/1.2,1665笔 胜62% PF1.02 均+0.06% 组合60.7 撤-49.4% 半0.8/1.3
做空,641,1,不过滤,止盈2% 止损5% 24h,0,False,2.11,0.86,156笔 胜74% PF1.05 均+0.07% 组合101.0 撤-3.2% 半1.1/1.0,217笔 胜70% PF0.86 均-0.21% 组合95.1 撤-6.9% 半1.0/0.8,1983笔 胜73% PF1.00 均-0.01% 组合97.9 撤-19.3% 半0.9/1.1
做空,665,1,BTC24h涨,止盈1.5% 止损3% 12h,3,False,2.11,0.6,374笔 胜61% PF1.08 均+0.06% 组合102.1 撤-3.8% 半1.3/0.9,310笔 胜53% PF0.60 均-0.48% 组合86.1 撤-14.5% 半0.6/0.6,1788笔 胜63% PF1.04 均+0.03% 组合95.1 撤-10.9% 半1.1/1.0
做多,164+168,2,BTC24h跌,止盈5% 止损11% 72h,2,False,2.09,0.67,355笔 胜52% PF0.67 均-1.04% 组合67.1 撤-36.1% 半0.6/0.8,321笔 胜57% PF0.85 均-0.44% 组合84.1 撤-28.6% 半0.7/1.0,1763笔 胜61% PF1.10 均+0.24% 组合77.6 撤-50.2% 半0.8/1.7
做空,665,1,BTC24h涨,止盈2% 止损5% 24h,0,False,2.06,0.76,367笔 胜63% PF1.17 均+0.16% 组合106.0 撤-5.9% 半1.5/0.9,305笔 胜61% PF0.76 均-0.36% 组合89.4 撤-12.7% 半0.9/0.6,1739笔 胜67% PF1.02 均+0.03% 组合87.8 撤-22.0% 半1.1/0.9
做空,642,1,不过滤,止盈1.5% 止损3% 12h,3,False,2.05,0.58,166笔 胜64% PF0.82 均-0.20% 组合96.6 撤-6.7% 半0.5/1.4,189笔 胜56% PF0.58 均-0.58% 组合92.2 撤-9.3% 半0.7/0.5,1937笔 胜63% PF0.76 均-0.28% 组合65.0 撤-35.9% 半0.8/0.8
做空,670,1,BTC24h涨,止盈1.5% 止损3% 12h,3,False,2.05,0.84,209笔 胜68% PF1.24 均+0.19% 组合103.8 撤-2.4% 半1.4/1.1,303笔 胜62% PF0.84 均-0.16% 组合96.8 撤-6.7% 半1.2/0.6,1805笔 胜65% PF0.99 均-0.01% 组合88.0 撤-17.8% 半1.0/1.0
做多,8+169,2,不过滤,止盈5% 止损11% 72h,2,False,2.03,0.96,375笔 胜56% PF0.96 均-0.10% 组合95.2 撤-17.9% 半1.1/0.9,377笔 胜63% PF1.07 均+0.18% 组合105.4 撤-17.6% 半1.1/1.0,1631笔 胜62% PF1.09 均+0.25% 组合88.5 撤-37.3% 半0.9/1.4
做空,505,1,不过滤,止盈2% 止损5% 24h,0,False,2.03,0.97,347笔 胜61% PF0.97 均-0.04% 组合98.5 撤-10.0% 半1.5/0.6,259笔 胜69% PF1.10 均+0.12% 组合102.9 撤-5.6% 半1.3/0.9,1761笔 胜65% PF1.01 均+0.01% 组合111.1 撤-15.1% 半1.0/1.0
做多,8+172,2,BTC24h涨,止盈2% 止损5% 24h,0,False,2.02,0.96,357笔 胜68% PF0.96 均-0.05% 组合97.8 撤-9.2% 半0.7/1.3,456笔 胜70% PF1.03 均+0.04% 组合101.4 撤-8.0% 半1.0/1.0,1553笔 胜70% PF1.05 均+0.06% 组合96.0 撤-21.4% 半0.7/1.6
做空,670,1,BTC24h涨,止盈2% 止损5% 24h,0,False,2.02,0.97,208笔 胜72% PF1.21 均+0.24% 组合104.7 撤-3.8% 半1.3/1.1,302笔 胜73% PF1.11 均+0.14% 组合103.8 撤-6.8% 半1.3/1.0,1771笔 胜68% PF0.97 均-0.05% 组合91.4 撤-17.9% 半1.1/0.9
做空,665,1,BTC24h涨,止盈3% 止损8% 48h,1,False,1.99,0.79,360笔 胜64% PF1.08 均+0.12% 组合103.7 撤-11.5% 半1.3/0.9,294笔 胜61% PF0.79 均-0.47% 组合86.5 撤-21.2% 半1.0/0.6,1678笔 胜67% PF1.13 均+0.21% 组合114.9 撤-16.8% 半1.4/0.9
做空,667,1,BTC24h涨,止盈1.5% 止损3% 12h,3,False,1.99,0.79,290笔 胜51% PF0.79 均-0.17% 组合95.1 撤-7.5% 半1.0/0.6,189笔 胜61% PF0.79 均-0.21% 组合96.1 撤-5.7% 半0.9/0.7,1816笔 胜61% PF0.94 均-0.05% 组合92.6 撤-13.0% 半1.0/0.9
做空,670,1,BTC24h涨,止盈3% 止损8% 48h,1,False,1.97,0.95,207笔 胜70% PF1.21 均+0.34% 组合106.7 撤-6.6% 半1.7/0.9,292笔 胜73% PF1.10 均+0.19% 组合101.8 撤-8.9% 半1.3/0.9,1728笔 胜67% PF0.95 均-0.10% 组合89.4 撤-26.1% 半1.0/0.9
做多,8+169,2,BTC24h涨,止盈1.5% 止损3% 12h,3,False,1.96,0.85,382笔 胜59% PF0.85 均-0.15% 组合94.4 撤-7.5% 半0.9/0.8,394笔 胜63% PF1.00 均-0.00% 组合99.8 撤-4.5% 半1.0/1.0,1534笔 胜67% PF1.12 均+0.10% 组合107.5 撤-8.6% 半1.0/1.3
做空,505,1,BTC24h跌,止盈1.5% 止损3% 12h,3,False,1.96,0.86,349笔 胜57% PF0.86 均-0.13% 组合95.6 撤-7.3% 半1.2/0.6,270笔 胜66% PF1.08 均+0.07% 组合101.7 撤-3.7% 半1.2/0.9,1680笔 胜62% PF0.95 均-0.04% 组合104.7 撤-9.2% 半0.9/1.0
做空,667,1,BTC24h涨,止盈2% 止损5% 24h,0,False,1.96,0.93,287笔 胜56% PF0.93 均-0.07% 组合97.9 撤-7.8% 半1.3/0.7,183笔 胜66% PF0.93 均-0.09% 组合98.2 撤-6.7% 半1.0/0.9,1791笔 胜65% PF1.00 均+0.00% 组合102.0 撤-22.2% 半1.2/0.8
做多,7,1,BTC24h跌,止盈2% 止损5% 24h,0,False,1.94,0.75,245笔 胜56% PF0.75 均-0.35% 组合91.6 撤-12.6% 半0.8/0.7,192笔 胜66% PF0.91 均-0.13% 组合97.4 撤-7.6% 半0.8/1.0,1782笔 胜66% PF0.94 均-0.08% 组合83.7 撤-20.4% 半0.9/0.9
做空,641,1,不过滤,止盈3% 止损8% 48h,1,False,1.93,0.84,146笔 胜75% PF1.05 均+0.10% 组合101.3 撤-5.9% 半1.0/1.1,196笔 胜69% PF0.84 均-0.39% 组合92.1 撤-10.9% 半0.9/0.8,1816笔 胜74% PF1.03 均+0.07% 组合110.8 撤-21.8% 半1.0/1.1
做多,8+169,2,BTC24h涨,止盈2% 止损5% 24h,0,False,1.9,0.88,364笔 胜62% PF0.88 均-0.16% 组合94.2 撤-12.8% 半0.9/0.9,377笔 胜70% PF1.15 均+0.17% 组合106.5 撤-6.0% 半1.1/1.2,1493笔 胜69% PF1.19 均+0.21% 组合117.6 撤-9.6% 半1.0/1.5
做空,667,1,BTC24h涨,止盈3% 止损8% 48h,1,False,1.9,0.89,279笔 胜65% PF1.18 均+0.26% 组合107.2 撤-8.6% 半1.4/1.0,179笔 胜67% PF0.89 均-0.23% 组合95.5 撤-11.1% 半1.0/0.8,1738笔 胜64% PF0.97 均-0.06% 组合105.3 撤-25.0% 半1.2/0.8
做多,8+172,2,BTC24h涨,止盈3% 止损8% 48h,1,False,1.89,0.93,333笔 胜65% PF0.93 均-0.13% 组合95.3 撤-8.9% 半0.9/1.0,423笔 胜72% PF1.19 均+0.33% 组合114.2 撤-11.1% 半1.3/1.1,1453笔 胜70% PF1.07 均+0.13% 组合94.7 撤-28.5% 半0.7/1.6
做空,642,1,不过滤,止盈2% 止损5% 24h,0,False,1.89,0.71,144笔 胜74% PF1.04 均+0.06% 组合100.0 撤-6.1% 半0.7/1.7,174笔 胜66% PF0.71 均-0.51% 组合93.7 撤-9.4% 半0.7/0.7,1788笔 胜69% PF0.84 均-0.25% 组合76.4 撤-25.6% 半0.8/0.9
做空,670,1,BTC24h涨,止盈5% 止损11% 72h,2,False,1.89,0.94,203笔 胜64% PF1.09 均+0.24% 组合104.5 撤-12.0% 半1.5/0.8,280笔 胜65% PF0.94 均-0.17% 组合90.1 撤-21.0% 半0.9/1.0,1663笔 胜63% PF1.03 均+0.07% 组合153.2 撤-15.4% 半1.3/0.8
做空,505,1,不过滤,止盈3% 止损8% 48h,1,False,1.88,1.06,328笔 胜63% PF1.20 均+0.29% 组合109.6 撤-9.2% 半2.0/0.7,235笔 胜68% PF1.33 均+0.48% 组合111.5 撤-5.1% 半1.6/1.1,1633笔 胜66% PF1.06 均+0.10% 组合131.0 撤-17.3% 半1.2/0.9
做空,665,1,BTC24h涨,止盈5% 止损11% 72h,2,False,1.88,0.85,343笔 胜54% PF0.95 均-0.13% 组合94.6 撤-16.6% 半1.0/0.9,266笔 胜57% PF0.85 均-0.43% 组合87.9 撤-24.9% 半1.0/0.7,1595笔 胜61% PF1.10 均+0.24% 组合114.0 撤-29.4% 半1.4/0.8
做空,669,1,不过滤,止盈1.5% 止损3% 12h,3,False,1.86,0.95,395笔 胜67% PF1.23 均+0.18% 组合106.4 撤-3.9% 半1.7/0.9,218笔 胜68% PF1.21 均+0.17% 组合103.6 撤-2.5% 半1.4/1.1,1596笔 胜63% PF0.95 均-0.04% 组合95.1 撤-16.3% 半1.3/0.7
做多,8+166,2,不过滤,止盈1.5% 止损3% 12h,3,False,1.84,0.79,295笔 胜57% PF0.79 均-0.22% 组合93.8 撤-8.2% 半1.0/0.6,272笔 胜62% PF0.97 均-0.03% 组合99.1 撤-4.7% 半1.1/0.9,1569笔 胜63% PF0.99 均-0.01% 组合96.5 撤-13.4% 半0.9/1.0
做空,667,1,BTC24h涨,止盈5% 止损11% 72h,2,False,1.84,0.73,273笔 胜58% PF1.04 均+0.10% 组合101.9 撤-10.1% 半1.2/0.9,173笔 胜55% PF0.73 均-0.91% 组合84.4 撤-19.8% 半0.7/0.7,1676笔 胜58% PF0.95 均-0.13% 组合102.6 撤-27.4% 半1.2/0.8
做空,669,1,不过滤,止盈2% 止损5% 24h,0,False,1.83,0.96,386笔 胜68% PF1.18 均+0.19% 组合106.5 撤-6.6% 半1.6/0.9,216笔 胜75% PF1.53 均+0.50% 组合111.2 撤-2.5% 半1.9/1.2,1575笔 胜65% PF0.96 均-0.06% 组合102.6 撤-16.2% 半1.2/0.7
做多,8+169,2,BTC24h涨,止盈3% 止损8% 48h,1,False,1.82,1.03,351笔 胜64% PF1.03 均+0.06% 组合101.7 撤-8.0% 半1.1/1.0,364笔 胜68% PF1.07 均+0.12% 组合104.7 撤-9.6% 半1.2/0.9,1430笔 胜72% PF1.35 均+0.53% 组合133.1 撤-18.9% 半1.0/2.0
做空,505,1,BTC24h跌,止盈2% 止损5% 24h,0,False,1.81,0.97,325笔 胜61% PF0.97 均-0.03% 组合98.8 撤-8.4% 半1.4/0.7,241笔 胜70% PF1.17 均+0.19% 组合104.5 撤-4.5% 半1.4/1.0,1553笔 胜65% PF1.02 均+0.03% 组合113.3 撤-11.4% 半1.0/1.1
做多,166+169,2,不过滤,止盈1.5% 止损3% 12h,3,False,1.79,0.69,315笔 胜54% PF0.69 均-0.32% 组合90.3 撤-9.8% 半0.8/0.6,217笔 胜61% PF0.89 均-0.11% 组合97.6 撤-3.6% 半1.0/0.8,1560笔 胜60% PF0.83 均-0.16% 组合76.6 撤-29.6% 半0.7/1.0
做多,8+166,2,不过滤,止盈2% 止损5% 24h,0,False,1.78,0.99,285笔 胜66% PF1.00 均+0.01% 组合100.0 撤-7.7% 半1.3/0.8,266笔 胜68% PF1.04 均+0.05% 组合101.2 撤-5.0% 半1.2/0.9,1519笔 胜66% PF0.99 均-0.01% 组合85.9 撤-24.8% 半0.9/1.1
做空,641,1,不过滤,止盈5% 止损11% 72h,2,False,1.78,0.82,139笔 胜69% PF1.10 均+0.29% 组合103.7 撤-8.4% 半1.2/1.0,183笔 胜64% PF0.82 均-0.70% 组合86.9 撤-17.1% 半0.7/1.0,1667笔 胜71% PF1.11 均+0.34% 组合165.9 撤-22.2% 半1.1/1.1
做空,669,1,不过滤,止盈3% 止损8% 48h,1,False,1.78,1.08,369笔 胜68% PF1.44 均+0.59% 组合122.3 撤-8.6% 半1.8/1.2,210笔 胜69% PF1.08 均+0.15% 组合102.8 撤-6.6% 半1.2/1.0,1528笔 胜71% PF1.35 均+0.52% 组合156.6 撤-22.7% 半1.8/1.1
做多,166+169,2,不过滤,止盈2% 止损5% 24h,0,False,1.77,0.71,312笔 胜59% PF0.71 均-0.43% 组合87.4 撤-13.8% 半0.7/0.7,217笔 胜68% PF0.98 均-0.02% 组合99.3 撤-4.7% 半1.1/0.9,1542笔 胜65% PF0.94 均-0.08% 组合84.3 撤-24.6% 半0.8/1.1
做空,505,1,不过滤,止盈5% 止损11% 72h,2,False,1.77,1.01,308笔 胜57% PF1.17 均+0.33% 组合109.6 撤-10.8% 半1.8/0.7,223笔 胜66% PF1.46 均+0.95% 组合122.2 撤-7.2% 半1.9/1.1,1535笔 胜58% PF1.01 均+0.02% 组合129.1 撤-30.5% 半1.3/0.8
做多,166+169,2,不过滤,止盈3% 止损8% 48h,1,False,1.75,0.87,307笔 胜60% PF0.87 均-0.23% 组合92.8 撤-12.7% 半0.9/0.9,212笔 胜67% PF0.96 均-0.08% 组合97.9 撤-10.8% 半1.3/0.7,1524笔 胜67% PF0.98 均-0.03% 组合81.7 撤-30.8% 半0.9/1.1
做多,8+166,2,不过滤,止盈3% 止损8% 48h,1,False,1.72,1.02,278笔 胜63% PF1.07 均+0.11% 组合102.9 撤-8.2% 半1.2/1.0,257笔 胜67% PF1.05 均+0.09% 组合102.0 撤-10.4% 半1.5/0.8,1467笔 胜67% PF1.02 均+0.04% 组合64.6 撤-46.6% 半0.8/1.3
做多,166+169,2,不过滤,止盈5% 止损11% 72h,2,False,1.72,0.9,298笔 胜58% PF1.10 均+0.24% 组合106.7 撤-12.6% 半1.0/1.3,208笔 胜63% PF1.17 均+0.42% 组合108.3 撤-11.7% 半1.5/0.9,1502笔 胜58% PF0.90 均-0.31% 组合62.6 撤-53.0% 半0.7/1.1
做空,642,1,不过滤,止盈3% 止损8% 48h,1,False,1.72,0.73,134笔 胜73% PF0.97 均-0.05% 组合97.6 撤-8.9% 半0.8/1.3,159笔 胜67% PF0.73 均-0.71% 组合89.4 撤-14.5% 半0.6/0.9,1632笔 胜72% PF0.92 均-0.19% 组合94.3 撤-19.7% 半0.9/1.0
做多,8+169,2,BTC24h涨,止盈5% 止损11% 72h,2,False,1.71,1.04,333笔 胜58% PF1.12 均+0.27% 组合108.3 撤-11.1% 半1.2/1.1,339笔 胜63% PF1.04 均+0.09% 组合101.8 撤-17.1% 半1.1/1.0,1347笔 胜63% PF1.22 均+0.54% 组合126.0 撤-26.1% 半0.9/1.7
做多,8+172,2,BTC24h涨,止盈5% 止损11% 72h,2,False,1.7,1.05,304笔 胜60% PF1.05 均+0.12% 组合102.0 撤-10.8% 半0.9/1.2,377笔 胜68% PF1.28 均+0.71% 组合122.3 撤-15.0% 半1.4/1.2,1309笔 胜63% PF1.08 均+0.22% 组合85.4 撤-35.5% 半0.7/1.6
做空,669,1,不过滤,止盈5% 止损11% 72h,2,False,1.7,1.19,349笔 胜63% PF1.37 均+0.76% 组合125.8 撤-10.4% 半1.5/1.2,203笔 胜63% PF1.19 均+0.46% 组合108.9 撤-8.2% 半1.4/1.0,1466笔 胜67% PF1.51 均+1.01% 组合172.8 撤-24.3% 半1.9/1.2
做空,605+666,2,BTC24h跌,止盈1.5% 止损3% 12h,3,False,1.69,0.83,291笔 胜60% PF0.83 均-0.16% 组合95.5 撤-7.6% 半0.8/0.8,213笔 胜60% PF0.84 均-0.16% 组合96.6 撤-5.5% 半0.7/1.1,1472笔 胜66% PF0.97 均-0.02% 组合102.8 撤-9.8% 半1.0/1.0
做空,505,1,BTC24h跌,止盈3% 止损8% 48h,1,False,1.68,1.13,308笔 胜64% PF1.22 均+0.32% 组合110.0 撤-7.9% 半1.9/0.8,221笔 胜67% PF1.32 均+0.46% 组合110.3 撤-6.6% 半1.5/1.2,1439笔 胜67% PF1.13 均+0.21% 组合143.5 撤-16.4% 半1.3/1.0
做空,605+666,2,BTC24h跌,止盈2% 止损5% 24h,0,False,1.66,0.78,285笔 胜61% PF0.82 均-0.23% 组合93.5 撤-10.8% 半0.9/0.7,208笔 胜62% PF0.78 均-0.32% 组合93.4 撤-8.8% 半0.6/0.9,1442笔 胜70% PF1.05 均+0.06% 组合118.7 撤-13.0% 半1.2/0.9
做多,8+166,2,不过滤,止盈5% 止损11% 72h,2,False,1.63,0.94,263笔 胜61% PF1.24 均+0.53% 组合114.2 撤-7.1% 半1.1/1.4,248笔 胜60% PF1.04 均+0.11% 组合102.0 撤-9.7% 半1.2/0.9,1388笔 胜58% PF0.94 均-0.18% 组合46.3 撤-60.4% 半0.8/1.1
做多,7,1,BTC24h跌,止盈3% 止损8% 48h,1,False,1.62,0.75,211笔 胜56% PF0.75 均-0.53% 组合89.3 撤-17.4% 半0.7/0.9,167笔 胜69% PF1.04 均+0.07% 组合101.0 撤-7.3% 半1.1/1.0,1479笔 胜65% PF0.92 均-0.17% 组合74.0 撤-26.7% 半0.9/0.9
做空,605+666,2,BTC24h跌,止盈3% 止损8% 48h,1,False,1.62,0.86,283笔 胜61% PF0.86 均-0.26% 组合92.6 撤-11.1% 半0.8/0.9,204笔 胜66% PF0.92 均-0.16% 组合96.4 撤-10.7% 半0.8/1.1,1408笔 胜69% PF0.97 均-0.05% 组合125.7 撤-21.3% 半1.3/0.8
做空,505,1,BTC24h跌,止盈5% 止损11% 72h,2,False,1.58,1.05,291笔 胜57% PF1.15 均+0.31% 组合108.4 撤-10.2% 半1.7/0.7,209笔 胜67% PF1.50 均+1.00% 组合121.9 撤-8.2% 半1.8/1.2,1354笔 胜58% PF1.05 均+0.13% 组合135.3 撤-21.1% 半1.3/0.8
做空,605+666,2,BTC24h跌,止盈5% 止损11% 72h,2,False,1.58,0.85,278笔 胜58% PF0.85 均-0.43% 组合87.9 撤-16.5% 半0.7/1.0,198笔 胜59% PF0.90 均-0.29% 组合93.7 撤-13.3% 半0.9/0.9,1377笔 胜63% PF0.96 均-0.12% 组合146.4 撤-25.2% 半1.2/0.7
做空,541,1,不过滤,止盈1.5% 止损3% 12h,3,False,1.57,0.74,38笔 胜79% PF1.70 均+0.47% 组合101.8 撤-1.1% 半1.3/2.4,105笔 胜73% PF1.25 均+0.21% 组合102.2 撤-1.3% 半1.2/1.3,1570笔 胜62% PF0.74 均-0.31% 组合61.6 撤-39.6% 半0.7/0.8
做空,642,1,不过滤,止盈5% 止损11% 72h,2,False,1.55,0.73,128笔 胜67% PF1.02 均+0.06% 组合98.4 撤-12.8% 半0.8/1.3,149笔 胜60% PF0.73 均-1.10% 组合85.4 撤-19.9% 半0.6/0.8,1459笔 胜68% PF0.93 均-0.25% 组合107.2 撤-24.0% 半0.9/1.0
做多,8+166,2,BTC24h涨,止盈1.5% 止损3% 12h,3,False,1.51,0.77,257笔 胜57% PF0.77 均-0.23% 组合94.2 撤-7.7% 半0.9/0.7,244笔 胜62% PF0.98 均-0.02% 组合99.4 撤-5.2% 半1.3/0.8,1260笔 胜63% PF0.98 均-0.02% 组合95.7 撤-14.2% 半0.9/1.1
做空,605+671,2,不过滤,止盈1.5% 止损3% 12h,3,False,1.5,0.87,213笔 胜64% PF0.97 均-0.03% 组合99.4 撤-4.4% 半1.0/0.9,211笔 胜65% PF0.90 均-0.10% 组合97.9 撤-5.4% 半1.0/0.9,1304笔 胜64% PF0.87 均-0.13% 组合92.9 撤-19.1% 半0.8/0.9
做空,605+671,2,不过滤,止盈2% 止损5% 24h,0,False,1.48,0.97,211笔 胜71% PF1.18 均+0.21% 组合104.4 撤-2.6% 半1.3/1.1,209笔 胜71% PF1.00 均-0.01% 组合99.7 撤-5.0% 半1.2/0.8,1287笔 胜70% PF0.97 均-0.04% 组合110.9 撤-20.3% 半0.9/1.1
做多,7+8,2,不过滤,止盈1.5% 止损3% 12h,3,False,1.47,0.94,257笔 胜63% PF1.01 均+0.01% 组合100.1 撤-3.6% 半1.1/0.9,239笔 胜62% PF0.99 均-0.01% 组合99.8 撤-4.9% 半0.8/1.2,1219笔 胜64% PF0.94 均-0.06% 组合93.8 撤-15.0% 半0.9/1.0
做多,8+166,2,BTC24h涨,止盈2% 止损5% 24h,0,False,1.46,0.97,248笔 胜65% PF0.97 均-0.03% 组合99.0 撤-6.1% 半1.1/0.8,239笔 胜68% PF1.06 均+0.07% 组合101.6 撤-4.9% 半1.2/0.9,1221笔 胜66% PF1.03 均+0.03% 组合92.1 撤-19.0% 半0.9/1.2
做空,669,1,BTC24h跌,止盈1.5% 止损3% 12h,3,False,1.46,0.86,347笔 胜68% PF1.33 均+0.24% 组合107.9 撤-3.1% 半2.1/0.9,176笔 胜72% PF1.38 均+0.28% 组合105.0 撤-2.2% 半1.7/1.1,1228笔 胜60% PF0.86 均-0.14% 组合89.3 撤-18.6% 半1.3/0.6
做空,605+671,2,不过滤,止盈3% 止损8% 48h,1,False,1.46,0.92,203笔 胜69% PF1.04 均+0.07% 组合101.3 撤-4.4% 半0.9/1.3,204笔 胜70% PF0.97 均-0.06% 组合98.3 撤-7.1% 半1.0/0.9,1267笔 胜68% PF0.92 均-0.16% 组合101.9 撤-24.6% 半1.0/0.9
做多,7,1,BTC24h跌,止盈5% 止损11% 72h,2,False,1.44,0.76,193笔 胜53% PF0.76 均-0.71% 组合86.7 撤-19.8% 半0.8/0.7,149笔 胜62% PF1.01 均+0.03% 组合100.0 撤-11.6% 半0.9/1.1,1307笔 胜57% PF0.89 均-0.33% 组合69.6 撤-36.8% 半0.9/0.9
做空,669,1,BTC24h跌,止盈2% 止损5% 24h,0,False,1.44,0.92,342笔 胜68% PF1.22 均+0.23% 组合107.1 撤-5.8% 半1.8/0.9,175笔 胜77% PF1.61 均+0.55% 组合110.0 撤-3.4% 半2.2/1.2,1211笔 胜65% PF0.92 均-0.10% 组合101.2 撤-16.4% 半1.3/0.7
做空,605+671,2,不过滤,止盈5% 止损11% 72h,2,False,1.43,0.91,198笔 胜62% PF0.95 均-0.16% 组合96.2 撤-11.7% 半0.8/1.2,202笔 胜64% PF1.03 均+0.09% 组合100.9 撤-10.3% 半1.2/0.9,1242笔 胜63% PF0.91 均-0.28% 组合97.7 撤-34.0% 半1.1/0.7
做多,8+166,2,BTC24h涨,止盈3% 止损8% 48h,1,False,1.42,1.0,241笔 胜62% PF1.05 均+0.09% 组合101.8 撤-6.5% 半1.0/1.1,231笔 胜66% PF1.00 均-0.00% 组合99.6 撤-12.1% 半1.6/0.7,1183笔 胜68% PF1.09 均+0.16% 组合75.4 撤-38.5% 半0.8/1.6
做空,669,1,BTC24h跌,止盈3% 止损8% 48h,1,False,1.4,1.03,327笔 胜68% PF1.52 均+0.66% 组合122.0 撤-7.4% 半2.0/1.1,172笔 胜69% PF1.03 均+0.06% 组合100.7 撤-8.1% 半1.2/0.9,1182笔 胜72% PF1.44 均+0.63% 组合163.7 撤-16.6% 半1.9/1.1
做空,541,1,不过滤,止盈2% 止损5% 24h,0,False,1.39,0.85,35笔 胜74% PF1.08 均+0.11% 组合100.4 撤-1.8% 半0.7/1.9,98笔 胜73% PF1.04 均+0.05% 组合100.5 撤-3.0% 半0.8/1.3,1385笔 胜69% PF0.85 均-0.23% 组合71.9 撤-28.7% 半0.8/0.9
做空,506,1,BTC24h涨,止盈1.5% 止损3% 12h,3,False,1.37,1.1,72笔 胜69% PF2.10 均+0.51% 组合103.7 撤-1.2% 半1.9/2.4,61笔 胜70% PF1.16 均+0.14% 组合100.8 撤-1.6% 半1.8/0.8,1375笔 胜65% PF1.10 均+0.08% 组合97.6 撤-10.1% 半1.0/1.2
做多,8+166,2,BTC24h涨,止盈5% 止损11% 72h,2,False,1.35,1.01,228笔 胜60% PF1.27 均+0.57% 组合113.1 撤-7.9% 半1.1/1.5,223笔 胜60% PF1.06 均+0.15% 组合102.8 撤-10.4% 半1.3/0.9,1123笔 胜59% PF1.01 均+0.04% 组合64.3 撤-48.3% 半0.8/1.4
做空,669,1,BTC24h跌,止盈5% 止损11% 72h,2,False,1.35,1.21,310笔 胜62% PF1.38 均+0.76% 组合122.2 撤-9.6% 半1.5/1.3,169笔 胜64% PF1.21 均+0.54% 组合108.6 撤-7.5% 半1.3/1.1,1136笔 胜66% PF1.55 均+1.07% 组合178.5 撤-21.6% 半1.9/1.3
做多,7+8,2,不过滤,止盈2% 止损5% 24h,0,False,1.34,0.86,241笔 胜62% PF0.86 均-0.20% 组合95.3 撤-7.2% 半0.9/0.8,219笔 胜70% PF1.14 均+0.15% 组合103.2 撤-5.1% 半1.1/1.2,1112笔 胜67% PF1.04 均+0.05% 组合106.4 撤-11.9% 半1.0/1.1
做多,166+169,2,BTC24h涨,止盈1.5% 止损3% 12h,3,False,1.33,0.66,235笔 胜53% PF0.66 均-0.36% 组合91.9 撤-8.5% 半0.7/0.6,185笔 胜62% PF0.93 均-0.06% 组合98.8 撤-3.2% 半1.2/0.8,1135笔 胜58% PF0.76 均-0.25% 组合75.4 撤-30.1% 半0.6/0.9
做多,166+169,2,BTC24h涨,止盈2% 止损5% 24h,0,False,1.32,0.71,233笔 胜58% PF0.71 均-0.41% 组合90.7 撤-10.8% 半0.6/0.8,185笔 胜68% PF0.97 均-0.04% 组合99.1 撤-4.5% 半1.2/0.8,1122笔 胜63% PF0.86 均-0.19% 组合79.8 撤-25.8% 半0.7/1.1
做空,506,1,BTC24h涨,止盈2% 止损5% 24h,0,False,1.31,0.93,71笔 胜65% PF1.39 均+0.35% 组合102.5 撤-2.2% 半2.4/0.8,61笔 胜64% PF0.93 均-0.09% 组合99.4 撤-2.4% 半1.1/0.8,1315笔 胜70% PF1.25 均+0.26% 组合109.1 撤-6.1% 半1.2/1.3
做多,166+169,2,BTC24h涨,止盈3% 止损8% 48h,1,False,1.3,0.82,229笔 胜59% PF0.82 均-0.34% 组合92.4 撤-12.4% 半0.7/1.0,180笔 胜67% PF0.93 均-0.15% 组合97.1 撤-11.1% 半1.5/0.6,1109笔 胜65% PF0.93 均-0.15% 组合77.9 撤-30.9% 半0.8/1.2
做空,641,1,BTC24h涨,止盈1.5% 止损3% 12h,3,False,1.29,0.67,105笔 胜70% PF1.07 均+0.06% 组合100.6 撤-2.6% 半0.9/1.2,159笔 胜60% PF0.67 均-0.41% 组合93.6 撤-7.1% 半0.8/0.6,1182笔 胜65% PF0.86 均-0.16% 组合83.0 撤-18.5% 半0.8/0.9
做多,166+169,2,BTC24h涨,止盈5% 止损11% 72h,2,False,1.28,0.84,224笔 胜58% PF1.08 均+0.19% 组合103.8 撤-13.1% 半0.8/1.7,176笔 胜62% PF1.15 均+0.37% 组合106.0 撤-10.7% 半1.6/0.9,1094笔 胜56% PF0.84 均-0.49% 组合59.8 撤-52.5% 半0.6/1.2
做空,506,1,BTC24h涨,止盈3% 止损8% 48h,1,False,1.24,0.79,71笔 胜63% PF1.59 均+0.65% 组合104.6 撤-2.1% 半2.0/1.2,54笔 胜61% PF0.79 均-0.47% 组合97.4 撤-5.4% 半0.6/1.2,1250笔 胜70% PF1.20 均+0.32% 组合118.6 撤-8.6% 半1.5/1.0
做多,7+8,2,BTC24h涨,止盈1.5% 止损3% 12h,3,False,1.22,0.9,231笔 胜65% PF1.09 均+0.08% 组合101.7 撤-2.4% 半1.2/1.0,226笔 胜63% PF1.02 均+0.02% 组合100.3 撤-4.0% 半0.9/1.2,982笔 胜63% PF0.90 均-0.10% 组合91.8 撤-14.6% 半0.8/1.0
做多,7+8,2,不过滤,止盈3% 止损8% 48h,1,False,1.21,1.0,218笔 胜62% PF1.04 均+0.06% 组合101.1 撤-9.6% 半0.9/1.1,205笔 胜68% PF1.16 均+0.27% 组合105.2 撤-7.2% 半1.2/1.1,992笔 胜65% PF1.00 均-0.00% 组合92.2 撤-21.5% 半0.9/1.2
做空,641,1,BTC24h涨,止盈2% 止损5% 24h,0,False,1.21,0.84,99笔 胜73% PF1.00 均-0.00% 组合99.9 撤-3.1% 半0.8/1.3,148笔 胜69% PF0.84 均-0.26% 组合96.0 撤-6.7% 半1.1/0.7,1106笔 胜73% PF1.02 均+0.02% 组合102.0 撤-13.8% 半1.0/1.0
做多,171,1,BTC24h跌,止盈1.5% 止损3% 12h,3,False,1.19,0.84,212笔 胜65% PF1.20 均+0.15% 组合103.2 撤-2.9% 半1.1/1.4,106笔 胜64% PF0.99 均-0.01% 组合99.9 撤-2.1% 半1.2/0.8,1073笔 胜62% PF0.84 均-0.16% 组合82.5 撤-20.3% 半1.0/0.7
做多,171,1,BTC24h跌,止盈2% 止损5% 24h,0,False,1.17,0.85,211笔 胜65% PF1.14 均+0.15% 组合103.0 撤-5.8% 半1.0/1.4,106笔 胜63% PF0.85 均-0.20% 组合97.8 撤-4.3% 半0.8/0.9,1051笔 胜65% PF0.88 均-0.17% 组合79.9 撤-23.6% 半0.9/0.8
做空,506,1,BTC24h涨,止盈5% 止损11% 72h,2,False,1.17,0.37,70笔 胜64% PF1.81 均+1.21% 组合108.7 撤-3.2% 半2.5/1.2,54笔 胜41% PF0.37 均-3.14% 组合84.1 撤-16.9% 半0.2/0.8,1175笔 胜63% PF1.15 均+0.37% 组合136.5 撤-17.6% 半1.7/0.8
做多,7+168,2,不过滤,止盈1.5% 止损3% 12h,3,False,1.16,0.81,182笔 胜55% PF0.81 均-0.17% 组合96.9 撤-4.3% 半0.8/0.8,152笔 胜61% PF0.87 均-0.13% 组合98.0 撤-4.2% 半0.6/1.4,1007笔 胜60% PF0.86 均-0.13% 组合90.1 撤-14.8% 半0.8/1.0
做空,541,1,不过滤,止盈3% 止损8% 48h,1,False,1.15,0.53,32笔 胜59% PF0.53 均-1.57% 组合95.0 撤-6.4% 半0.5/0.6,81笔 胜80% PF1.46 均+0.74% 组合106.1 撤-2.4% 半1.1/2.1,1137笔 胜72% PF0.93 均-0.17% 组合81.2 撤-21.4% 半0.9/1.0
做多,171,1,BTC24h跌,止盈3% 止损8% 48h,1,False,1.14,0.68,208笔 胜61% PF0.90 均-0.18% 组合96.0 撤-9.5% 半0.8/1.1,104笔 胜58% PF0.68 均-0.78% 组合92.0 撤-8.6% 半0.6/0.8,1022笔 胜65% PF0.96 均-0.08% 组合83.4 撤-22.9% 半0.9/1.0
做多,7+168,2,不过滤,止盈2% 止损5% 24h,0,False,1.14,0.85,181笔 胜58% PF0.85 均-0.18% 组合96.7 撤-6.9% 半0.8/0.9,151笔 胜66% PF0.97 均-0.04% 组合99.3 撤-4.6% 半0.8/1.2,995笔 胜63% PF0.92 均-0.10% 组合94.4 撤-17.0% 半0.7/1.3
做多,7+168,2,不过滤,止盈3% 止损8% 48h,1,False,1.14,1.01,178笔 胜61% PF1.05 均+0.08% 组合101.3 撤-7.5% 半1.2/0.9,149笔 胜66% PF1.01 均+0.02% 组合100.0 撤-7.0% 半0.8/1.3,989笔 胜64% PF1.05 均+0.08% 组合109.8 撤-25.8% 半0.7/1.6
做多,7+8,2,BTC24h涨,止盈2% 止损5% 24h,0,False,1.13,0.93,215笔 胜63% PF0.93 均-0.09% 组合98.0 撤-4.7% 半1.0/0.9,207笔 胜70% PF1.16 均+0.18% 组合103.6 撤-4.8% 半1.2/1.1,904笔 胜66% PF0.98 均-0.03% 组合98.3 撤-14.7% 半0.9/1.1
做空,503,1,不过滤,止盈1.5% 止损3% 12h,3,False,1.13,0.82,73笔 胜71% PF1.12 均+0.11% 组合100.8 撤-3.1% 半1.9/0.7,118笔 胜64% PF0.82 均-0.20% 组合97.6 撤-2.5% 半0.9/0.8,1062笔 胜66% PF0.89 均-0.11% 组合88.3 撤-16.0% 半0.8/1.0
做多,7+8,2,不过滤,止盈5% 止损11% 72h,2,False,1.12,0.99,203笔 胜64% PF1.35 均+0.68% 组合114.3 撤-5.9% 半1.3/1.4,192笔 胜60% PF0.99 均-0.04% 组合97.9 撤-13.1% 半1.2/0.8,913笔 胜59% PF1.01 均+0.04% 组合88.1 撤-28.4% 半0.8/1.3
做多,7+168,2,不过滤,止盈5% 止损11% 72h,2,False,1.12,0.95,177笔 胜58% PF1.09 均+0.22% 组合103.4 撤-10.2% 半1.3/0.9,146笔 胜60% PF1.00 均+0.01% 组合99.6 撤-7.5% 半0.9/1.1,981笔 胜56% PF0.95 均-0.14% 组合87.0 撤-37.5% 半0.7/1.3
做多,165,1,不过滤,止盈1.5% 止损3% 12h,3,False,1.11,0.71,123笔 胜71% PF1.27 均+0.21% 组合102.6 撤-1.3% 半1.1/1.5,118笔 胜60% PF0.71 均-0.36% 组合95.8 撤-5.7% 半0.8/0.6,1016笔 胜64% PF0.84 均-0.17% 组合83.9 撤-18.3% 半0.8/0.9
做空,641,1,BTC24h涨,止盈3% 止损8% 48h,1,False,1.11,0.73,96笔 胜76% PF1.14 均+0.27% 组合102.5 撤-6.9% 半0.7/2.1,137笔 胜66% PF0.73 均-0.71% 组合90.2 撤-12.1% 半1.0/0.6,1018笔 胜74% PF1.04 均+0.08% 组合107.7 撤-12.3% 半1.1/1.0
做多,171,1,BTC24h跌,止盈5% 止损11% 72h,2,False,1.1,0.71,202笔 胜52% PF0.84 均-0.43% 组合91.0 撤-12.0% 半0.9/0.8,104笔 胜55% PF0.71 均-0.99% 组合89.8 撤-12.9% 半0.5/0.9,990笔 胜58% PF0.93 均-0.19% 组合75.3 撤-43.1% 半0.8/1.1
做多,8+167,2,不过滤,止盈1.5% 止损3% 12h,3,False,1.1,0.78,185笔 胜59% PF0.78 均-0.24% 组合95.6 撤-7.5% 半1.1/0.6,227笔 胜59% PF0.80 均-0.20% 组合95.5 撤-5.6% 半1.0/0.7,874笔 胜69% PF1.11 均+0.10% 组合107.5 撤-4.5% 半1.0/1.2
做空,642,1,BTC24h涨,止盈1.5% 止损3% 12h,3,False,1.1,0.56,92笔 胜68% PF0.99 均-0.01% 组合99.8 撤-2.9% 半0.7/1.4,129笔 胜55% PF0.56 均-0.63% 组合94.3 撤-6.9% 半0.9/0.3,1016笔 胜65% PF0.83 均-0.19% 组合82.1 撤-19.3% 半0.9/0.8
做空,503,1,不过滤,止盈2% 止损5% 24h,0,False,1.07,0.8,73笔 胜73% PF0.99 均-0.01% 组合99.9 撤-4.7% 半1.3/0.8,110笔 胜68% PF0.80 均-0.32% 组合96.4 撤-5.3% 半0.9/0.7,1013笔 胜73% PF0.99 均-0.01% 组合98.1 撤-9.9% 半0.9/1.0
做多,8+167,2,不过滤,止盈2% 止损5% 24h,0,False,1.06,0.91,176笔 胜66% PF0.91 均-0.12% 组合97.8 撤-5.9% 半0.8/1.1,225笔 胜65% PF0.99 均-0.01% 组合99.6 撤-4.8% 半1.2/0.8,836笔 胜71% PF1.10 均+0.12% 组合107.7 撤-9.8% 半0.9/1.4
做多,164+166,2,不过滤,止盈2% 止损5% 24h,0,False,1.06,0.71,109笔 胜59% PF0.85 均-0.18% 组合98.0 撤-4.1% 半0.7/1.0,104笔 胜60% PF0.71 均-0.42% 组合95.6 撤-4.6% 半0.7/0.7,981笔 胜61% PF0.80 均-0.28% 组合80.4 撤-29.5% 半0.6/1.1
做多,164+166,2,不过滤,止盈1.5% 止损3% 12h,3,False,1.06,0.73,110笔 胜57% PF0.73 均-0.28% 组合97.0 撤-4.3% 半0.8/0.7,106笔 胜58% PF0.73 均-0.29% 组合97.0 撤-4.2% 半0.9/0.6,988笔 胜59% PF0.84 均-0.16% 组合86.4 撤-18.3% 半0.7/1.0
做空,641,1,BTC24h涨,止盈5% 止损11% 72h,2,False,1.05,0.81,93笔 胜69% PF1.03 均+0.10% 组合100.6 撤-8.8% 半0.9/1.2,129笔 胜64% PF0.81 均-0.76% 组合89.7 撤-13.3% 半0.8/0.8,953笔 胜70% PF1.06 均+0.19% 组合116.5 撤-19.2% 半1.1/1.0
做多,165,1,不过滤,止盈2% 止损5% 24h,0,False,1.04,0.67,116笔 胜74% PF1.33 均+0.34% 组合104.0 撤-2.4% 半1.0/1.9,112笔 胜63% PF0.67 均-0.60% 组合93.4 撤-7.6% 半0.8/0.6,955笔 胜70% PF0.93 均-0.10% 组合90.0 撤-15.2% 半0.9/0.9
做多,164+166,2,不过滤,止盈3% 止损8% 48h,1,False,1.04,0.77,108笔 胜56% PF0.79 均-0.39% 组合95.7 撤-7.0% 半0.8/0.8,103笔 胜61% PF0.82 均-0.35% 组合96.3 撤-5.5% 半0.9/0.7,968笔 胜62% PF0.77 均-0.50% 组合70.3 撤-41.2% 半0.6/1.2
做多,7+8,2,BTC24h涨,止盈3% 止损8% 48h,1,False,1.02,1.01,194笔 胜64% PF1.19 均+0.29% 组合105.5 撤-6.5% 半1.1/1.3,194笔 胜69% PF1.24 均+0.37% 组合107.0 撤-6.5% 半1.4/1.1,813笔 胜64% PF1.01 均+0.01% 组合94.5 撤-22.9% 半0.8/1.3
做多,164+166,2,不过滤,止盈5% 止损11% 72h,2,False,1.02,0.75,106笔 胜50% PF0.75 均-0.70% 组合92.6 撤-10.0% 半0.7/0.9,100笔 胜56% PF0.79 均-0.64% 组合93.4 撤-9.8% 半0.8/0.8,950笔 胜55% PF0.80 均-0.61% 组合67.8 撤-47.4% 半0.5/1.3
做空,642,1,BTC24h涨,止盈2% 止损5% 24h,0,False,1.01,0.78,83笔 胜76% PF1.18 均+0.22% 组合101.8 撤-2.4% 半0.9/1.6,117笔 胜68% PF0.78 均-0.37% 组合97.2 撤-6.0% 半1.1/0.6,928笔 胜72% PF0.96 均-0.05% 组合94.6 撤-11.6% 半1.0/0.9
做多,8+167,2,不过滤,止盈3% 止损8% 48h,1,False,1.0,0.91,168笔 胜67% PF1.03 均+0.06% 组合100.8 撤-5.7% 半1.0/1.1,215笔 胜64% PF0.91 均-0.17% 组合96.4 撤-12.1% 半1.4/0.6,778笔 胜69% PF1.06 均+0.12% 组合103.5 撤-15.9% 半0.9/1.3
做空,503,1,不过滤,止盈3% 止损8% 48h,1,False,1.0,1.02,71笔 胜75% PF1.06 均+0.12% 组合100.7 撤-5.0% 半1.0/1.1,100笔 胜74% PF1.02 均+0.05% 组合100.4 撤-6.6% 半1.6/0.7,944笔 胜76% PF1.13 均+0.26% 组合127.0 撤-7.4% 半1.1/1.1
做空,641,1,BTC24h跌,止盈1.5% 止损3% 12h,3,False,0.99,0.85,59笔 胜68% PF0.96 均-0.05% 组合99.7 撤-1.9% 半0.9/1.1,76笔 胜68% PF0.98 均-0.02% 组合99.9 撤-1.8% 半1.1/0.9,958笔 胜65% PF0.85 均-0.17% 组合85.0 撤-19.8% 半0.8/1.0
做空,541,1,不过滤,止盈5% 止损11% 72h,2,False,0.98,0.8,31笔 胜65% PF0.80 均-0.78% 组合97.5 撤-5.5% 半0.7/1.0,75笔 胜81% PF1.91 均+1.91% 组合115.1 撤-5.1% 半1.6/2.4,964笔 胜68% PF0.93 均-0.26% 组合75.6 撤-36.4% 半0.9/1.0
做多,165,1,不过滤,止盈3% 止损8% 48h,1,False,0.96,0.91,111笔 胜71% PF1.25 均+0.41% 组合104.5 撤-4.4% 半1.0/1.6,107笔 胜72% PF1.06 均+0.11% 组合101.0 撤-8.2% 半0.8/1.4,874笔 胜69% PF0.91 均-0.20% 组合81.9 撤-25.6% 半0.8/1.0
做多,142,1,不过滤,止盈1.5% 止损3% 12h,3,False,0.95,0.88,65笔 胜77% PF1.51 均+0.37% 组合101.8 撤-1.3% 半1.2/2.0,99笔 胜84% PF2.36 均+0.69% 组合106.9 撤-0.6% 半2.7/2.1,894笔 胜66% PF0.88 均-0.13% 组合85.6 撤-16.0% 半0.9/0.8
做多,7+8,2,BTC24h涨,止盈5% 止损11% 72h,2,False,0.95,1.0,182笔 胜64% PF1.46 均+0.85% 组合116.2 撤-5.5% 半1.4/1.5,181笔 胜61% PF1.00 均+0.01% 组合99.0 撤-12.5% 半1.3/0.8,760笔 胜59% PF1.03 均+0.07% 组合89.5 撤-26.9% 半0.8/1.4
做空,642,1,BTC24h跌,止盈1.5% 止损3% 12h,3,False,0.95,0.64,77笔 胜61% PF0.71 均-0.35% 组合97.1 撤-4.7% 半0.4/1.5,60笔 胜58% PF0.64 均-0.48% 组合97.7 撤-3.8% 半1.1/0.4,926笔 胜61% PF0.70 均-0.38% 组合79.4 撤-20.9% 半0.7/0.7
做空,605+671,2,BTC24h涨,止盈1.5% 止损3% 12h,3,False,0.95,0.65,119笔 胜55% PF0.65 均-0.40% 组合95.3 撤-5.2% 半0.7/0.6,152笔 胜65% PF0.87 均-0.13% 组合97.9 撤-5.0% 半0.9/0.8,813笔 胜64% PF0.86 均-0.14% 组合93.2 撤-15.1% 半0.9/0.9
做多,7+168,2,BTC24h涨,止盈1.5% 止损3% 12h,3,False,0.94,0.8,145笔 胜63% PF1.13 均+0.10% 组合101.4 撤-2.0% 半1.4/0.9,137笔 胜61% PF0.87 均-0.13% 组合98.2 撤-4.4% 半0.5/1.6,806笔 胜58% PF0.80 均-0.20% 组合87.6 撤-15.7% 半0.7/0.9
做空,503,1,不过滤,止盈5% 止损11% 72h,2,False,0.94,1.01,67笔 胜73% PF1.35 均+0.89% 组合105.9 撤-5.1% 半2.0/1.0,95笔 胜69% PF1.01 均+0.03% 组合100.0 撤-9.3% 半1.4/0.7,884笔 胜72% PF1.14 均+0.42% 组合142.1 撤-10.7% 半1.1/1.2
做空,605+671,2,BTC24h涨,止盈2% 止损5% 24h,0,False,0.94,0.95,118笔 胜69% PF1.03 均+0.04% 组合100.4 撤-3.6% 半1.1/0.9,150笔 胜71% PF0.96 均-0.05% 组合99.1 撤-4.5% 半1.2/0.8,802笔 胜69% PF0.95 均-0.08% 组合101.8 撤-18.2% 半0.9/1.0
做多,7+168,2,BTC24h涨,止盈2% 止损5% 24h,0,False,0.93,0.85,144笔 胜61% PF1.09 均+0.09% 组合101.3 撤-3.4% 半1.1/1.1,137笔 胜66% PF0.97 均-0.04% 组合99.4 撤-4.8% 半0.7/1.4,797笔 胜61% PF0.85 均-0.20% 组合88.9 撤-18.2% 半0.6/1.2
做多,8+167,2,不过滤,止盈5% 止损11% 72h,2,False,0.93,0.96,160笔 胜62% PF1.08 均+0.21% 组合103.1 撤-4.2% 半1.2/1.0,199笔 胜61% PF0.96 均-0.11% 组合97.4 撤-15.2% 半1.5/0.6,731笔 胜62% PF1.05 均+0.14% 组合92.1 撤-24.3% 半0.9/1.3
做空,642,1,BTC24h涨,止盈3% 止损8% 48h,1,False,0.93,0.88,80笔 胜72% PF0.96 均-0.09% 组合99.1 撤-5.5% 半0.8/1.2,108笔 胜70% PF0.88 均-0.28% 组合95.9 撤-8.2% 半0.9/0.8,852笔 胜75% PF1.08 均+0.15% 组合112.8 撤-8.5% 半1.1/1.1
做多,142,1,不过滤,止盈2% 止损5% 24h,0,False,0.92,0.99,65笔 胜86% PF2.33 均+0.95% 组合105.5 撤-1.0% 半2.6/2.1,98笔 胜90% PF3.30 均+1.21% 组合112.3 撤-0.8% 半5.7/2.2,861笔 胜72% PF0.99 均-0.01% 组合91.5 撤-15.6% 半1.0/0.9
做多,7+168,2,BTC24h涨,止盈3% 止损8% 48h,1,False,0.92,0.94,142笔 胜68% PF1.65 均+0.74% 组合111.0 撤-3.6% 半1.9/1.4,135笔 胜65% PF0.94 均-0.12% 组合98.2 撤-8.7% 半0.7/1.4,793笔 胜63% PF0.99 均-0.02% 组合100.5 撤-20.7% 半0.7/1.5
做多,7+168,2,BTC24h涨,止盈5% 止损11% 72h,2,False,0.92,0.95,141笔 胜62% PF1.44 均+0.86% 组合112.5 撤-7.2% 半1.7/1.2,133笔 胜59% PF1.00 均+0.00% 组合99.5 撤-8.4% 半0.9/1.1,789笔 胜56% PF0.95 均-0.13% 组合91.6 撤-32.0% 半0.7/1.4
做空,641,1,BTC24h跌,止盈2% 止损5% 24h,0,False,0.92,0.92,57笔 胜75% PF1.15 均+0.19% 组合101.1 撤-2.2% 半1.1/1.2,69笔 胜71% PF0.92 均-0.12% 组合99.1 撤-2.3% 半0.9/0.9,890笔 胜72% PF0.96 均-0.06% 组合94.2 撤-15.7% 半0.9/1.0
做空,605+671,2,BTC24h涨,止盈3% 止损8% 48h,1,False,0.92,0.79,114笔 胜65% PF0.79 均-0.49% 组合94.4 撤-8.2% 半0.9/0.7,146笔 胜71% PF1.02 均+0.03% 组合100.1 撤-7.4% 半1.0/1.0,790笔 胜67% PF0.90 均-0.22% 组合91.7 撤-27.3% 半1.0/0.8
做多,164+168,2,BTC24h涨,止盈1.5% 止损3% 12h,3,False,0.91,0.55,101笔 胜47% PF0.55 均-0.45% 组合95.5 撤-5.3% 半0.7/0.5,119笔 胜56% PF0.66 均-0.39% 组合95.5 撤-5.6% 半0.6/0.8,816笔 胜60% PF0.84 均-0.15% 组合89.2 撤-15.8% 半0.8/0.9
做空,605+666+671,3,不过滤,止盈1.5% 止损3% 12h,3,False,0.91,0.87,135笔 胜66% PF1.03 均+0.02% 组合100.3 撤-2.3% 半1.1/1.0,120笔 胜68% PF1.02 均+0.02% 组合100.2 撤-2.4% 半1.3/0.8,792笔 胜64% PF0.87 均-0.14% 组合93.0 撤-15.3% 半0.8/1.0
做多,164+168,2,BTC24h涨,止盈2% 止损5% 24h,0,False,0.9,0.71,100笔 胜57% PF0.71 均-0.42% 组合95.9 撤-5.6% 半1.1/0.4,118笔 胜67% PF1.08 均+0.09% 组合101.0 撤-2.6% 半1.1/1.0,809笔 胜64% PF0.96 均-0.05% 组合92.4 撤-12.6% 半0.9/1.0
做多,164+168,2,BTC24h涨,止盈3% 止损8% 48h,1,False,0.9,0.72,100笔 胜55% PF0.72 均-0.59% 组合94.2 撤-8.0% 半1.2/0.4,116笔 胜78% PF1.58 均+0.77% 组合109.2 撤-2.2% 半1.1/2.7,803笔 胜63% PF0.93 均-0.13% 组合88.8 撤-16.3% 半0.9/1.0
做空,541,1,BTC24h涨,止盈1.5% 止损3% 12h,3,False,0.9,0.74,23笔 胜83% PF2.16 均+0.63% 组合101.5 撤-0.5% 半4.5/1.4,72笔 胜72% PF1.18 均+0.16% 组合101.1 撤-1.2% 半1.0/1.4,884笔 胜62% PF0.74 均-0.31% 组合75.8 撤-25.6% 半0.7/0.8
做空,605+671,2,BTC24h涨,止盈5% 止损11% 72h,2,False,0.9,0.64,111笔 胜55% PF0.64 均-1.40% 组合85.2 撤-15.7% 半0.6/0.7,144笔 胜64% PF1.00 均-0.00% 组合99.4 撤-12.4% 半1.2/0.8,776笔 胜64% PF0.94 均-0.19% 组合87.5 撤-37.7% 半1.3/0.7
做空,605+666+671,3,不过滤,止盈2% 止损5% 24h,0,False,0.9,1.04,134笔 胜69% PF1.13 均+0.15% 组合102.0 撤-1.9% 半1.2/1.0,120笔 胜72% PF1.08 均+0.11% 组合101.2 撤-3.0% 半1.6/0.8,786笔 胜71% PF1.04 均+0.05% 组合109.3 撤-16.1% 半0.9/1.2
做空,642,1,BTC24h跌,止盈2% 止损5% 24h,0,False,0.89,0.6,71笔 胜75% PF1.10 均+0.13% 组合100.1 撤-4.6% 半0.6/2.3,57笔 胜61% PF0.60 均-0.80% 组合96.4 撤-5.3% 半1.4/0.3,867笔 胜66% PF0.74 均-0.46% 组合80.8 撤-21.0% 半0.7/0.8
做空,605+666+671,3,不过滤,止盈3% 止损8% 48h,1,False,0.89,0.88,131笔 胜66% PF0.88 均-0.24% 组合96.7 撤-6.7% 半0.7/1.2,118笔 胜72% PF1.08 均+0.14% 组合101.5 撤-4.9% 半1.2/1.0,780笔 胜69% PF0.99 均-0.02% 组合107.3 撤-14.8% 半1.0/1.0
做多,165,1,不过滤,止盈5% 止损11% 72h,2,False,0.88,0.95,107笔 胜64% PF1.14 均+0.36% 组合103.7 撤-10.9% 半0.8/1.7,97笔 胜69% PF1.33 均+0.83% 组合108.0 撤-7.7% 半1.3/1.3,800笔 胜63% PF0.95 均-0.16% 组合79.0 撤-34.2% 半0.8/1.1
做空,605+666+671,3,不过滤,止盈5% 止损11% 72h,2,False,0.88,0.79,128笔 胜57% PF0.79 均-0.70% 组合91.0 撤-13.6% 半0.6/1.1,116笔 胜65% PF1.02 均+0.06% 组合100.3 撤-9.1% 半1.5/0.7,768笔 胜64% PF0.98 均-0.07% 组合113.3 撤-21.5% 半1.1/0.9
做多,142,1,不过滤,止盈3% 止损8% 48h,1,False,0.87,0.97,65笔 胜83% PF2.23 均+1.34% 组合107.8 撤-1.6% 半2.4/2.1,89笔 胜87% PF2.60 均+1.56% 组合114.4 撤-2.1% 半7.6/1.5,813笔 胜72% PF0.97 均-0.07% 组合85.0 撤-19.9% 半0.9/1.0
做多,144,1,不过滤,止盈1.5% 止损3% 12h,3,False,0.87,0.5,23笔 胜52% PF0.50 均-0.76% 组合98.3 撤-2.0% 半0.4/0.6,80笔 胜82% PF2.14 均+0.63% 组合104.7 撤-1.0% 半5.6/1.2,844笔 胜68% PF0.97 均-0.03% 组合97.3 撤-12.5% 半1.0/0.9
做多,164+168,2,BTC24h涨,止盈5% 止损11% 72h,2,False,0.87,0.8,98笔 胜57% PF0.80 均-0.55% 组合94.5 撤-11.0% 半1.4/0.4,112笔 胜65% PF1.25 均+0.55% 组合106.0 撤-6.1% 半1.2/1.4,783笔 胜59% PF1.07 均+0.17% 组合95.8 撤-24.6% 半0.9/1.3
做多,8+167,2,BTC24h涨,止盈1.5% 止损3% 12h,3,False,0.86,0.71,157笔 胜61% PF0.81 均-0.20% 组合96.8 撤-6.0% 半1.0/0.7,192笔 胜56% PF0.71 均-0.32% 组合94.0 撤-6.8% 半0.8/0.6,664笔 胜70% PF1.17 均+0.14% 组合108.7 撤-3.6% 半1.0/1.4
做空,642,1,BTC24h涨,止盈5% 止损11% 72h,2,False,0.85,0.67,79笔 胜66% PF1.01 均+0.02% 组合99.8 撤-8.3% 半1.1/0.9,101笔 胜58% PF0.67 均-1.42% 组合86.8 撤-18.5% 半0.8/0.5,776笔 胜71% PF1.11 均+0.35% 组合126.3 撤-11.3% 半1.2/1.1
做空,641,1,BTC24h跌,止盈3% 止损8% 48h,1,False,0.84,0.93,51笔 胜73% PF0.93 均-0.17% 组合99.1 撤-4.4% 半1.1/0.8,59笔 胜76% PF1.19 均+0.36% 组合102.1 撤-2.8% 半1.1/1.3,819笔 胜74% PF1.02 均+0.04% 组合102.7 撤-15.4% 半1.0/1.0
做多,142,1,不过滤,止盈5% 止损11% 72h,2,False,0.83,0.82,64笔 胜81% PF3.74 均+2.83% 组合117.3 撤-2.2% 半2.6/6.9,87笔 胜84% PF2.59 均+2.47% 组合123.0 撤-3.1% 半2.3/2.9,776笔 胜63% PF0.82 均-0.65% 组合55.3 撤-50.1% 半0.7/0.9
做多,8+167,2,BTC24h涨,止盈2% 止损5% 24h,0,False,0.83,0.83,149笔 胜65% PF0.90 均-0.14% 组合97.8 撤-5.6% 半0.8/1.0,190笔 胜62% PF0.83 均-0.24% 组合95.5 撤-6.2% 半1.0/0.7,638笔 胜71% PF1.14 均+0.16% 组合108.3 撤-11.4% 半0.8/1.6
做空,642,1,BTC24h跌,止盈3% 止损8% 48h,1,False,0.81,0.53,64笔 胜78% PF1.26 均+0.46% 组合101.4 撤-5.1% 半0.9/1.9,52笔 胜60% PF0.53 均-1.55% 组合93.4 撤-9.2% 半1.0/0.3,793笔 胜68% PF0.78 均-0.56% 组合83.2 撤-20.8% 半0.7/0.9
做多,144,1,不过滤,止盈2% 止损5% 24h,0,False,0.8,0.94,22笔 胜77% PF1.27 均+0.32% 组合100.7 撤-0.8% 半1.0/1.7,73笔 胜81% PF1.63 均+0.61% 组合103.8 撤-3.3% 半8.3/0.8,777笔 胜71% PF0.94 均-0.09% 组合91.8 撤-19.2% 半1.1/0.8
做多,8+167,2,BTC24h涨,止盈3% 止损8% 48h,1,False,0.79,0.83,144笔 胜69% PF1.20 均+0.32% 组合104.6 撤-5.7% 半1.2/1.2,181笔 胜62% PF0.83 均-0.38% 组合92.9 撤-13.9% 半1.4/0.5,598笔 胜69% PF1.08 均+0.14% 组合101.0 撤-16.1% 半0.8/1.5
做空,541,1,BTC24h涨,止盈2% 止损5% 24h,0,False,0.79,0.81,21笔 胜81% PF1.59 均+0.58% 组合101.2 撤-0.8% 半3.4/1.0,65笔 胜71% PF0.91 均-0.14% 组合99.1 撤-2.7% 半0.7/1.2,780笔 胜68% PF0.81 均-0.30% 组合78.6 撤-22.9% 半0.7/0.9
做空,506+665,2,不过滤,止盈1.5% 止损3% 12h,3,False,0.78,0.61,91笔 胜68% PF1.25 均+0.19% 组合101.7 撤-1.4% 半1.3/1.2,116笔 胜53% PF0.61 均-0.47% 组合94.7 撤-6.2% 半0.8/0.5,683笔 胜63% PF1.01 均+0.01% 组合96.6 撤-9.0% 半1.3/0.8
做空,641,1,BTC24h跌,止盈5% 止损11% 72h,2,False,0.77,0.9,49笔 胜69% PF1.22 均+0.61% 组合102.9 撤-5.0% 半1.6/1.0,56笔 胜66% PF0.90 均-0.36% 组合97.8 撤-7.2% 半0.7/1.2,746笔 胜72% PF1.15 均+0.47% 组合139.7 撤-17.1% 半1.1/1.2
做空,506+665,2,不过滤,止盈2% 止损5% 24h,0,False,0.77,0.6,90笔 胜73% PF1.66 均+0.55% 组合105.0 撤-1.5% 半2.1/1.3,115笔 胜56% PF0.60 均-0.66% 组合92.5 撤-7.9% 半0.6/0.6,672笔 胜67% PF0.97 均-0.04% 组合96.2 撤-12.2% 半1.1/0.8
做空,544,1,不过滤,止盈1.5% 止损3% 12h,3,False,0.75,0.57,109笔 胜51% PF0.73 均-0.21% 组合97.8 撤-2.5% 半0.7/0.7,75笔 胜52% PF0.57 均-0.55% 组合95.9 撤-4.1% 半0.6/0.5,683笔 胜55% PF0.84 均-0.14% 组合91.5 撤-11.3% 半0.8/0.9
做空,506+665,2,不过滤,止盈3% 止损8% 48h,1,False,0.75,0.48,88笔 胜72% PF1.37 均+0.51% 组合104.5 撤-2.8% 半2.7/0.8,113笔 胜49% PF0.48 均-1.48% 组合84.2 撤-18.2% 半0.5/0.4,654笔 胜67% PF1.12 均+0.21% 组合110.7 撤-12.3% 半1.4/0.9
做多,8+167,2,BTC24h涨,止盈5% 止损11% 72h,2,False,0.74,0.94,136笔 胜67% PF1.42 均+0.88% 组合112.4 撤-3.2% 半1.5/1.3,167笔 胜60% PF0.94 均-0.18% 组合96.3 撤-14.2% 半1.6/0.6,562笔 胜63% PF1.17 均+0.44% 组合105.5 撤-15.6% 半0.9/1.5
做多,164+166,2,BTC24h跌,止盈1.5% 止损3% 12h,3,False,0.74,0.54,76笔 胜50% PF0.54 均-0.56% 组合95.8 撤-4.7% 半0.6/0.5,72笔 胜56% PF0.66 均-0.38% 组合97.3 撤-3.9% 半0.8/0.5,685笔 胜60% PF0.86 均-0.14% 组合92.7 撤-15.1% 半0.7/1.1
做多,144,1,不过滤,止盈3% 止损8% 48h,1,False,0.73,0.84,21笔 胜86% PF2.16 均+1.35% 组合102.8 撤-0.8% 半1.4/3.6,72笔 胜83% PF1.86 均+1.13% 组合107.4 撤-4.2% 半7.6/0.9,703笔 胜70% PF0.84 均-0.37% 组合75.7 撤-33.4% 半0.9/0.8
做多,164+166,2,BTC24h跌,止盈2% 止损5% 24h,0,False,0.73,0.69,76笔 胜53% PF0.69 均-0.42% 组合96.8 撤-3.7% 半0.7/0.7,71笔 胜62% PF0.81 均-0.26% 组合98.1 撤-2.9% 半0.7/1.0,681笔 胜61% PF0.79 均-0.29% 组合87.9 撤-23.4% 半0.6/1.3
做多,164+166,2,BTC24h跌,止盈3% 止损8% 48h,1,False,0.73,0.65,76笔 胜51% PF0.65 均-0.75% 组合94.4 撤-6.4% 半0.6/0.7,70笔 胜61% PF0.87 均-0.22% 组合98.4 撤-3.9% 半0.8/1.0,676笔 胜64% PF0.80 均-0.45% 组合85.0 撤-30.8% 半0.5/1.4
做空,544,1,不过滤,止盈2% 止损5% 24h,0,False,0.73,0.78,106笔 胜53% PF0.78 均-0.23% 组合97.6 撤-4.5% 半1.2/0.4,70笔 胜63% PF0.82 均-0.25% 组合98.2 撤-4.2% 半1.1/0.6,669笔 胜59% PF0.88 均-0.14% 组合91.5 撤-13.4% 半0.9/0.8
做空,642,1,BTC24h跌,止盈5% 止损11% 72h,2,False,0.73,0.77,60笔 胜73% PF1.36 均+0.92% 组合103.4 撤-8.0% 半0.7/4.2,50笔 胜62% PF0.78 均-0.86% 组合96.1 撤-8.2% 半0.7/0.9,711笔 胜63% PF0.77 均-0.94% 组合80.7 撤-27.7% 半0.7/0.9
做空,506+665,2,不过滤,止盈5% 止损11% 72h,2,False,0.73,0.43,86笔 胜65% PF1.53 均+0.99% 组合108.6 撤-3.7% 半3.0/0.8,111笔 胜45% PF0.43 均-2.35% 组合76.4 撤-24.4% 半0.5/0.4,636笔 胜59% PF1.09 均+0.21% 组合109.4 撤-19.6% 半1.5/0.8
做多,164+166,2,BTC24h跌,止盈5% 止损11% 72h,2,False,0.72,0.74,74笔 胜51% PF0.74 均-0.72% 组合94.6 撤-6.7% 半0.7/0.8,68笔 胜60% PF0.92 均-0.23% 组合98.3 撤-4.5% 半0.9/1.0,670笔 胜55% PF0.77 均-0.72% 组合73.5 撤-42.2% 半0.5/1.5
做多,141,1,不过滤,止盈1.5% 止损3% 12h,3,False,0.71,1.1,70笔 胜80% PF1.82 均+0.51% 组合103.6 撤-1.2% 半1.1/3.5,65笔 胜74% PF1.28 均+0.23% 组合101.5 撤-1.4% 半1.2/1.4,669笔 胜71% PF1.10 均+0.09% 组合91.9 撤-11.3% 半0.9/1.3
做空,544,1,不过滤,止盈3% 止损8% 48h,1,False,0.71,0.91,106笔 胜59% PF1.05 均+0.07% 组合100.6 撤-6.4% 半1.9/0.5,68笔 胜62% PF0.91 均-0.18% 组合98.7 撤-5.8% 半1.5/0.6,649笔 胜61% PF1.05 均+0.08% 组合103.8 撤-9.9% 半1.2/0.9
做多,143,1,不过滤,止盈1.5% 止损3% 12h,3,False,0.7,0.87,46笔 胜80% PF1.87 均+0.53% 组合102.5 撤-0.8% 半1.6/2.2,51笔 胜73% PF1.29 均+0.23% 组合101.2 撤-1.3% 半1.2/1.4,686笔 胜66% PF0.87 均-0.15% 组合85.4 撤-15.1% 半0.9/0.8
做空,544,1,不过滤,止盈5% 止损11% 72h,2,False,0.7,1.07,106笔 胜64% PF1.40 均+0.63% 组合106.7 撤-5.5% 半2.5/0.8,68笔 胜66% PF1.44 均+0.92% 组合106.2 撤-4.5% 半3.2/0.8,634笔 胜57% PF1.07 均+0.16% 组合109.0 撤-22.8% 半1.3/0.9
做多,141,1,不过滤,止盈2% 止损5% 24h,0,False,0.69,1.1,70笔 胜80% PF1.60 均+0.58% 组合104.1 撤-2.4% 半1.3/2.1,64笔 胜80% PF1.47 均+0.49% 组合103.2 撤-2.1% 半1.1/2.0,647笔 胜74% PF1.10 均+0.13% 组合87.9 撤-14.8% 半1.0/1.3
做空,541,1,BTC24h跌,止盈1.5% 止损3% 12h,3,False,0.69,0.74,16笔 胜69% PF1.00 均-0.00% 组合100.0 撤-1.1% 半0.5/3.2,34笔 胜76% PF1.47 均+0.35% 组合101.2 撤-0.9% 半1.5/1.5,705笔 胜62% PF0.74 均-0.31% 组合80.1 撤-20.8% 半0.7/0.7
做空,641+642,2,不过滤,止盈1.5% 止损3% 12h,3,False,0.68,0.75,45笔 胜62% PF0.75 均-0.30% 组合98.6 撤-2.8% 半0.5/1.3,73笔 胜66% PF0.87 均-0.14% 组合99.0 撤-2.7% 半0.8/0.9,639笔 胜64% PF0.82 均-0.20% 组合87.6 撤-13.2% 半0.9/0.7
做多,143,1,不过滤,止盈2% 止损5% 24h,0,False,0.67,0.96,46笔 胜83% PF1.78 均+0.70% 组合103.2 撤-1.0% 半1.3/2.5,51笔 胜80% PF1.54 均+0.54% 组合102.8 撤-2.4% 半2.0/1.2,645笔 胜71% PF0.96 均-0.06% 组合88.3 撤-13.4% 半0.9/1.0
做多,144,1,不过滤,止盈5% 止损11% 72h,2,False,0.67,0.82,21笔 胜86% PF2.65 均+2.63% 组合105.6 撤-1.1% 半1.8/4.4,68笔 胜76% PF1.50 均+1.26% 组合107.0 撤-6.6% 半6.0/0.7,643笔 胜63% PF0.82 均-0.69% 组合61.3 撤-40.1% 半0.8/0.8
做多,141,1,不过滤,止盈3% 止损8% 48h,1,False,0.66,1.08,69笔 胜80% PF1.72 均+0.94% 组合106.6 撤-3.4% 半1.3/2.5,62笔 胜79% PF1.44 均+0.69% 组合104.3 撤-2.4% 半1.5/1.4,620笔 胜75% PF1.08 均+0.17% 组合84.5 撤-20.6% 半0.9/1.3
做空,541,1,BTC24h涨,止盈3% 止损8% 48h,1,False,0.66,0.67,20笔 胜65% PF0.67 均-0.95% 组合98.1 撤-3.3% 半0.4/1.4,54笔 胜80% PF1.40 均+0.67% 组合103.6 撤-2.0% 半1.3/1.6,652笔 胜72% PF0.93 均-0.16% 组合89.1 撤-14.7% 半0.9/0.9
做空,506+665,2,BTC24h跌,止盈1.5% 止损3% 12h,3,False,0.66,0.6,87笔 胜69% PF1.28 均+0.20% 组合101.7 撤-1.4% 半1.2/1.3,113笔 胜52% PF0.60 均-0.47% 组合94.7 撤-6.2% 半0.7/0.5,561笔 胜64% PF1.02 均+0.02% 组合97.1 撤-8.9% 半1.3/0.8
做多,141,1,不过滤,止盈5% 止损11% 72h,2,False,0.65,1.05,68笔 胜75% PF1.58 均+1.31% 组合109.0 撤-5.6% 半1.8/1.4,61笔 胜79% PF1.80 均+1.63% 组合110.2 撤-3.3% 半1.5/2.4,604笔 胜68% PF1.05 均+0.14% 组合70.7 撤-33.9% 半0.8/1.4
做空,506+665,2,BTC24h跌,止盈2% 止损5% 24h,0,False,0.65,0.59,86笔 胜74% PF1.77 均+0.61% 组合105.3 撤-1.5% 半2.0/1.6,112笔 胜55% PF0.59 均-0.70% 组合92.3 撤-8.1% 半0.6/0.6,552笔 胜67% PF0.97 均-0.04% 组合96.4 撤-10.3% 半1.1/0.8
做多,143,1,不过滤,止盈3% 止损8% 48h,1,False,0.64,1.01,46笔 胜96% PF7.91 均+2.45% 组合111.9 撤-1.6% 半3.8/10.0,51笔 胜76% PF1.23 均+0.42% 组合102.1 撤-4.9% 半1.9/0.9,617笔 胜73% PF1.01 均+0.02% 组合89.2 撤-15.1% 半1.0/1.0
做多,165,1,BTC24h涨,止盈1.5% 止损3% 12h,3,False,0.64,0.75,79笔 胜67% PF1.09 均+0.08% 组合100.6 撤-1.5% 半0.9/1.3,72笔 胜61% PF0.75 均-0.29% 组合97.9 撤-3.3% 半0.6/0.9,579笔 胜65% PF0.87 均-0.14% 组合92.3 撤-13.3% 半0.7/1.1
做空,506+665,2,BTC24h跌,止盈3% 止损8% 48h,1,False,0.64,0.49,84笔 胜73% PF1.47 均+0.62% 组合105.3 撤-2.5% 半2.6/0.9,110笔 胜49% PF0.49 均-1.43% 组合85.0 撤-17.4% 半0.6/0.4,535笔 胜67% PF1.21 均+0.34% 组合114.3 撤-10.9% 半1.5/1.0
做空,641+642,2,不过滤,止盈2% 止损5% 24h,0,False,0.64,0.99,43笔 胜74% PF1.09 均+0.12% 组合100.5 撤-2.1% 半0.6/2.4,67笔 胜76% PF1.19 均+0.24% 组合101.6 撤-2.4% 半1.4/1.0,602笔 胜73% PF0.99 均-0.01% 组合99.0 撤-10.2% 半1.1/0.9
做多,142,1,BTC24h跌,止盈1.5% 止损3% 12h,3,False,0.62,0.89,48笔 胜77% PF1.53 均+0.38% 组合101.2 撤-1.4% 半1.1/2.3,67笔 胜82% PF2.08 均+0.61% 组合104.2 撤-0.7% 半2.0/2.1,579笔 胜66% PF0.89 均-0.11% 组合90.4 撤-10.5% 半0.9/0.9
做多,143,1,不过滤,止盈5% 止损11% 72h,2,False,0.62,0.96,46笔 胜89% PF7.63 均+3.75% 组合118.7 撤-1.7% 半10.0/3.3,49笔 胜76% PF1.46 均+1.15% 组合105.6 撤-5.5% 半2.2/1.0,593笔 胜67% PF0.96 均-0.14% 组合80.7 撤-24.2% 半1.0/1.0
做空,503,1,BTC24h涨,止盈1.5% 止损3% 12h,3,False,0.62,0.84,54笔 胜72% PF1.18 均+0.16% 组合100.8 撤-2.3% 半1.3/1.1,79笔 胜66% PF0.87 均-0.14% 组合98.9 撤-2.6% 半1.2/0.7,567笔 胜65% PF0.84 均-0.18% 组合90.3 撤-11.8% 半0.7/0.9
做空,541,1,BTC24h跌,止盈2% 止损5% 24h,0,False,0.62,0.56,15笔 胜60% PF0.56 均-0.90% 组合98.6 撤-1.8% 半0.5/0.6,33笔 胜79% PF1.39 均+0.43% 组合101.4 撤-1.2% 半1.1/1.7,628笔 胜70% PF0.89 均-0.17% 组合89.7 撤-13.0% 半0.9/0.9
做空,506+665,2,BTC24h跌,止盈5% 止损11% 72h,2,False,0.62,0.43,83笔 胜66% PF1.65 均+1.15% 组合109.8 撤-3.7% 半2.8/1.0,108笔 胜45% PF0.43 均-2.33% 组合77.1 撤-23.7% 半0.5/0.4,520笔 胜61% PF1.19 均+0.43% 组合114.8 撤-14.3% 半1.7/0.8
做多,142,1,BTC24h跌,止盈2% 止损5% 24h,0,False,0.61,1.07,48笔 胜88% PF2.62 均+1.05% 组合104.3 撤-1.0% 半2.6/2.6,66笔 胜86% PF2.37 均+0.96% 组合106.5 撤-1.3% 半3.7/1.7,563笔 胜74% PF1.07 均+0.09% 组合97.8 撤-8.6% 半1.0/1.1
做多,165,1,BTC24h涨,止盈2% 止损5% 24h,0,False,0.61,0.89,76笔 胜75% PF1.34 均+0.36% 组合102.7 撤-2.2% 半1.0/1.9,69笔 胜70% PF0.89 均-0.16% 组合98.8 撤-4.5% 半0.7/1.1,554笔 胜70% PF0.95 均-0.06% 组合96.2 撤-12.1% 半0.8/1.1
做空,641+642,2,不过滤,止盈3% 止损8% 48h,1,False,0.6,0.95,43笔 胜74% PF1.01 均+0.03% 组合100.1 撤-4.7% 半0.5/3.4,62笔 胜73% PF0.95 均-0.11% 组合99.2 撤-3.9% 半1.0/0.9,562笔 胜74% PF1.04 均+0.08% 组合104.2 撤-9.1% 半1.2/0.9
做多,8+172,2,BTC24h跌,止盈1.5% 止损3% 12h,3,False,0.59,0.8,91笔 胜63% PF0.83 均-0.19% 组合98.3 撤-2.5% 半0.9/0.8,90笔 胜63% PF0.83 均-0.18% 组合98.3 撤-3.0% 半1.1/0.6,497笔 胜62% PF0.80 均-0.22% 组合87.1 撤-14.5% 半0.7/0.9
做空,503,1,BTC24h涨,止盈2% 止损5% 24h,0,False,0.59,0.81,54笔 胜76% PF1.18 均+0.22% 组合101.2 撤-3.8% 半1.6/0.9,73笔 胜68% PF0.81 均-0.30% 组合97.8 撤-4.2% 半1.1/0.6,542笔 胜71% PF0.93 均-0.11% 组合94.0 撤-7.6% 半0.9/0.9
做多,165,1,BTC24h涨,止盈3% 止损8% 48h,1,False,0.58,1.02,73笔 胜71% PF1.39 均+0.57% 组合104.2 撤-3.0% 半1.2/1.6,68笔 胜76% PF1.35 均+0.59% 组合104.0 撤-6.0% 半0.9/2.6,519笔 胜71% PF1.02 均+0.04% 组合100.1 撤-13.1% 半0.8/1.3
做多,166+172,2,不过滤,止盈2% 止损5% 24h,0,False,0.58,0.63,108笔 胜67% PF1.10 均+0.12% 组合101.3 撤-2.8% 半1.1/1.1,105笔 胜61% PF0.63 均-0.68% 组合93.0 撤-8.0% 半0.6/0.7,469笔 胜69% PF1.01 均+0.01% 组合100.3 撤-7.8% 半0.9/1.2
做多,166+172,2,不过滤,止盈3% 止损8% 48h,1,False,0.58,0.86,108笔 胜69% PF1.17 均+0.29% 组合103.1 撤-4.4% 半1.0/1.3,102笔 胜65% PF0.86 均-0.30% 组合96.8 撤-6.9% 半1.0/0.7,466笔 胜69% PF1.12 均+0.21% 组合108.7 撤-10.5% 半1.0/1.3
做多,166+172,2,不过滤,止盈1.5% 止损3% 12h,3,False,0.58,0.67,108笔 胜65% PF1.03 均+0.03% 组合100.3 撤-1.9% 半1.1/1.0,105笔 胜57% PF0.67 均-0.40% 组合95.9 撤-4.4% 半0.7/0.7,473笔 胜67% PF1.03 均+0.03% 组合101.1 撤-6.1% 半1.0/1.1
做多,167+172,2,不过滤,止盈1.5% 止损3% 12h,3,False,0.58,0.84,94笔 胜64% PF0.84 均-0.16% 组合98.5 撤-2.9% 半1.1/0.7,126笔 胜65% PF0.89 均-0.11% 组合98.6 撤-3.1% 半0.7/1.1,449笔 胜64% PF0.90 均-0.10% 组合95.4 撤-5.5% 半0.9/0.9
做多,142,1,BTC24h跌,止盈3% 止损8% 48h,1,False,0.57,1.03,48笔 胜88% PF3.22 均+1.77% 组合107.5 撤-0.8% 半4.0/2.7,58笔 胜84% PF2.11 均+1.30% 组合107.8 撤-2.8% 半4.9/1.2,534笔 胜73% PF1.03 均+0.05% 组合93.3 撤-11.1% 半1.0/1.1
做多,8+172,2,BTC24h跌,止盈2% 止损5% 24h,0,False,0.57,0.67,90笔 胜59% PF0.67 均-0.56% 组合95.1 撤-6.1% 半0.5/0.8,86笔 胜73% PF1.30 均+0.32% 组合102.8 撤-3.5% 半2.0/0.9,487笔 胜67% PF0.84 均-0.23% 组合89.3 撤-15.4% 半0.9/0.8
做多,166+172,2,不过滤,止盈5% 止损11% 72h,2,False,0.57,0.93,107笔 胜64% PF1.36 均+0.81% 组合108.8 撤-5.9% 半1.2/1.5,101笔 胜62% PF0.93 均-0.21% 组合97.5 撤-6.9% 半1.2/0.7,459笔 胜59% PF1.00 均+0.01% 组合102.5 撤-16.9% 半0.8/1.3
做多,167+172,2,不过滤,止盈2% 止损5% 24h,0,False,0.57,0.83,94笔 胜65% PF0.83 均-0.26% 组合97.5 撤-3.9% 半0.8/0.9,124笔 胜68% PF0.91 均-0.13% 组合98.3 撤-5.5% 半0.9/0.9,441笔 胜71% PF1.06 均+0.07% 组合103.0 撤-5.3% 半1.0/1.1
做空,541,1,BTC24h涨,止盈5% 止损11% 72h,2,False,0.57,0.93,19笔 胜74% PF1.24 均+0.70% 组合101.3 撤-2.8% 半0.9/1.8,53笔 胜79% PF1.69 均+1.59% 组合108.6 撤-5.0% 半1.5/1.9,552笔 胜68% PF0.93 均-0.26% 组合85.4 撤-23.1% 半0.9/1.0
做空,605+666+671,3,BTC24h涨,止盈2% 止损5% 24h,0,False,0.57,0.91,75笔 胜67% PF0.91 均-0.13% 组合99.0 撤-2.7% 半1.0/0.8,92笔 胜74% PF1.16 均+0.20% 组合101.8 撤-3.0% 半2.3/0.7,481笔 胜71% PF1.07 均+0.08% 组合104.7 撤-12.5% 半1.0/1.2
做空,605+666+671,3,BTC24h涨,止盈1.5% 止损3% 12h,3,False,0.57,0.7,76笔 胜58% PF0.70 均-0.32% 组合97.6 撤-2.9% 半0.9/0.5,92笔 胜68% PF1.05 均+0.04% 组合100.4 撤-2.3% 半1.3/0.8,485笔 胜64% PF0.87 均-0.13% 组合95.0 撤-10.8% 半0.8/1.0
做空,641+642,2,不过滤,止盈5% 止损11% 72h,2,False,0.56,0.84,43笔 胜63% PF1.01 均+0.02% 组合100.0 撤-6.9% 半0.6/1.9,58笔 胜66% PF0.84 均-0.62% 组合96.3 撤-5.8% 半1.0/0.7,526笔 胜71% PF1.12 均+0.36% 组合119.5 撤-12.4% 半1.1/1.1
做空,605+666+671,3,BTC24h涨,止盈3% 止损8% 48h,1,False,0.56,0.69,73笔 胜63% PF0.69 均-0.79% 组合94.3 撤-7.4% 半0.7/0.7,90笔 胜72% PF1.08 均+0.15% 组合101.2 撤-5.2% 半1.3/0.9,479笔 胜68% PF0.99 均-0.01% 组合100.2 撤-12.8% 半1.1/0.9
做多,142,1,BTC24h跌,止盈5% 止损11% 72h,2,False,0.55,0.77,47笔 胜83% PF4.54 均+3.03% 组合112.9 撤-2.2% 半4.4/4.7,56笔 胜82% PF2.13 均+2.11% 组合112.4 撤-3.2% 半1.6/3.0,515笔 胜62% PF0.77 均-0.87% 组合59.3 撤-44.1% 半0.6/1.0
做多,8+171,2,不过滤,止盈1.5% 止损3% 12h,3,False,0.55,0.95,169笔 胜60% PF0.95 均-0.05% 组合99.2 撤-2.6% 半1.1/0.8,91笔 胜64% PF1.06 均+0.05% 组合100.4 撤-1.9% 半1.6/0.7,424笔 胜65% PF0.95 均-0.05% 组合98.0 撤-5.3% 半1.0/0.9
做多,8+172,2,BTC24h跌,止盈3% 止损8% 48h,1,False,0.55,0.62,84笔 胜58% PF0.62 均-1.01% 组合91.7 撤-9.3% 半0.5/0.8,83笔 胜69% PF1.09 均+0.17% 组合101.3 撤-4.4% 半1.4/0.9,467笔 胜64% PF0.77 均-0.55% 组合78.3 撤-28.0% 半1.1/0.6
做多,167+172,2,不过滤,止盈3% 止损8% 48h,1,False,0.55,0.97,89笔 胜70% PF1.02 均+0.04% 组合100.3 撤-3.7% 半1.2/0.9,122笔 胜70% PF0.97 均-0.05% 组合99.2 撤-7.5% 半1.0/0.9,427笔 胜71% PF1.02 均+0.03% 组合101.8 撤-8.6% 半1.0/1.1
做空,503,1,BTC24h涨,止盈3% 止损8% 48h,1,False,0.55,0.81,52笔 胜81% PF1.51 均+0.80% 组合104.2 撤-3.4% 半2.0/1.2,65笔 胜69% PF0.81 均-0.48% 组合96.9 撤-7.4% 半1.6/0.5,504笔 胜77% PF1.19 均+0.36% 组合119.0 撤-6.2% 半1.2/1.2
做空,503+641,2,不过滤,止盈1.5% 止损3% 12h,3,False,0.55,0.91,43笔 胜70% PF1.05 均+0.04% 组合100.2 撤-2.0% 半1.1/1.0,66笔 胜67% PF0.91 均-0.10% 组合99.3 撤-1.9% 半1.0/0.8,502笔 胜69% PF1.00 均-0.00% 组合99.7 撤-8.8% 半0.8/1.2
做空,605+671,2,BTC24h跌,止盈2% 止损5% 24h,0,False,0.55,1.0,93笔 胜72% PF1.44 均+0.42% 组合104.0 撤-2.2% 半1.5/1.4,59笔 胜73% PF1.08 均+0.11% 组合100.6 撤-1.0% 半1.1/1.1,489笔 胜70% PF1.00 均+0.00% 组合104.7 撤-9.3% 半0.8/1.4
做空,605+671,2,BTC24h跌,止盈3% 止损8% 48h,1,False,0.55,0.89,91笔 胜74% PF1.61 均+0.79% 组合107.4 撤-4.2% 半0.9/5.6,59笔 胜69% PF0.89 均-0.24% 组合98.5 撤-3.5% 半1.1/0.7,486笔 胜69% PF0.95 均-0.11% 组合101.5 撤-13.3% 半0.9/1.0
做空,605+671,2,BTC24h跌,止盈1.5% 止损3% 12h,3,False,0.55,0.88,94笔 胜76% PF1.75 均+0.44% 组合104.2 撤-1.5% 半1.8/1.7,59笔 胜66% PF0.99 均-0.01% 组合99.9 撤-1.6% 半0.7/1.4,491笔 胜65% PF0.88 均-0.12% 组合96.7 撤-10.7% 半0.7/1.1
做空,605+666+671,3,BTC24h涨,止盈5% 止损11% 72h,2,False,0.55,0.55,71笔 胜52% PF0.55 均-1.93% 组合86.9 撤-13.9% 半0.4/0.7,88笔 胜66% PF1.01 均+0.04% 组合100.0 撤-8.5% 半1.5/0.7,470笔 胜64% PF0.95 均-0.14% 组合96.9 撤-22.3% 半1.2/0.8
做多,165,1,BTC24h涨,止盈5% 止损11% 72h,2,False,0.54,1.14,71笔 胜65% PF1.30 均+0.70% 组合104.9 撤-5.4% 半1.0/1.8,64笔 胜73% PF1.87 均+1.66% 组合111.0 撤-6.7% 半1.2/3.4,481笔 胜66% PF1.14 均+0.40% 组合111.8 撤-17.4% 半0.8/1.7
做多,8+171,2,不过滤,止盈2% 止损5% 24h,0,False,0.54,0.88,167笔 胜64% PF0.88 均-0.15% 组合97.4 撤-6.1% 半1.1/0.7,88笔 胜62% PF0.89 均-0.15% 组合98.7 撤-3.9% 半1.3/0.7,415笔 胜67% PF0.98 均-0.02% 组合98.6 撤-10.2% 半1.1/0.9
做多,169+172,2,不过滤,止盈2% 止损5% 24h,0,False,0.54,0.88,88笔 胜66% PF0.88 均-0.17% 组合98.5 撤-4.0% 半0.6/1.5,111笔 胜69% PF0.88 均-0.18% 组合97.9 撤-4.9% 半0.8/1.0,424笔 胜71% PF1.11 均+0.14% 组合105.0 撤-6.2% 半0.9/1.5
做多,169+172,2,不过滤,止盈1.5% 止损3% 12h,3,False,0.54,0.86,89笔 胜61% PF0.86 均-0.14% 组合98.8 撤-2.2% 半0.7/1.1,111笔 胜68% PF1.01 均+0.01% 组合100.1 撤-2.4% 半0.7/1.5,430笔 胜71% PF1.21 均+0.17% 组合105.4 撤-3.3% 半1.1/1.4
做空,605+671,2,BTC24h跌,止盈5% 止损11% 72h,2,False,0.54,0.84,90笔 胜69% PF1.69 均+1.29% 组合112.1 撤-4.0% 半1.0/4.0,59笔 胜63% PF1.04 均+0.11% 组合100.5 撤-4.0% 半1.5/0.8,480笔 胜61% PF0.84 均-0.54% 组合87.4 撤-24.2% 半0.8/0.9
做多,8+171,2,不过滤,止盈3% 止损8% 48h,1,False,0.53,0.94,161笔 胜65% PF1.02 均+0.03% 组合100.3 撤-8.5% 半1.0/1.0,84笔 胜62% PF0.94 均-0.11% 组合98.9 撤-6.1% 半1.5/0.7,409笔 胜65% PF1.00 均-0.00% 组合97.5 撤-14.8% 半1.1/0.9
做多,8+172,2,BTC24h跌,止盈5% 止损11% 72h,2,False,0.53,0.77,80笔 胜55% PF0.77 均-0.78% 组合93.7 撤-9.2% 半0.7/0.9,81笔 胜67% PF1.23 均+0.60% 组合104.8 撤-6.8% 半2.0/0.8,447笔 胜57% PF0.80 均-0.66% 组合76.6 撤-30.7% 半1.1/0.6
做多,167+172,2,不过滤,止盈5% 止损11% 72h,2,False,0.53,0.71,87笔 胜56% PF0.71 均-1.07% 组合91.0 撤-11.6% 半0.8/0.7,118笔 胜66% PF1.12 均+0.34% 组合103.7 撤-7.9% 半1.3/1.0,413笔 胜66% PF1.12 均+0.33% 组合106.0 撤-15.2% 半1.1/1.2
做多,169+172,2,不过滤,止盈3% 止损8% 48h,1,False,0.53,0.64,87笔 胜55% PF0.64 均-0.87% 组合92.6 撤-7.6% 半0.6/0.7,111笔 胜73% PF1.14 均+0.27% 组合102.9 撤-6.1% 半1.0/1.3,417笔 胜69% PF1.01 均+0.01% 组合105.1 撤-14.8% 半0.7/1.5
做多,8+171,2,不过滤,止盈5% 止损11% 72h,2,False,0.52,1.03,155笔 胜59% PF1.16 均+0.37% 组合105.4 撤-8.4% 半0.9/1.5,84笔 胜57% PF1.03 均+0.08% 组合100.5 撤-8.0% 半1.3/0.8,401笔 胜61% PF1.03 均+0.09% 组合98.7 撤-18.1% 半1.3/0.8
做多,169+172,2,不过滤,止盈5% 止损11% 72h,2,False,0.52,0.61,86笔 胜48% PF0.61 均-1.38% 组合88.6 撤-12.6% 半0.4/1.0,110笔 胜70% PF1.47 均+1.06% 组合112.2 撤-5.7% 半1.5/1.4,411笔 胜62% PF1.10 均+0.28% 组合120.4 撤-17.6% 半0.7/1.8
做空,503,1,BTC24h涨,止盈5% 止损11% 72h,2,False,0.52,0.95,50笔 胜78% PF1.77 均+1.60% 组合108.1 撤-4.2% 半3.1/1.1,62笔 胜68% PF0.95 均-0.19% 组合98.7 撤-8.8% 半1.5/0.6,470笔 胜72% PF1.16 均+0.49% 组合124.1 撤-9.1% 半1.0/1.3
做空,544,1,BTC24h涨,止盈1.5% 止损3% 12h,3,False,0.52,0.52,87笔 胜52% PF0.68 均-0.28% 组合97.6 撤-2.5% 半0.7/0.7,53笔 胜49% PF0.52 均-0.63% 组合96.7 撤-3.7% 半0.7/0.4,471笔 胜53% PF0.78 均-0.20% 组合92.1 撤-12.0% 半0.9/0.7
做空,503+641,2,不过滤,止盈2% 止损5% 24h,0,False,0.52,1.08,43笔 胜79% PF1.42 均+0.45% 组合101.9 撤-2.4% 半1.6/1.3,62笔 胜74% PF1.08 均+0.10% 组合100.6 撤-2.0% 半1.3/0.9,482笔 胜75% PF1.12 均+0.15% 组合107.4 撤-4.1% 半1.1/1.2
做多,7+166,2,不过滤,止盈2% 止损5% 24h,0,False,0.51,0.85,69笔 胜61% PF0.85 均-0.21% 组合98.5 撤-3.6% 半0.7/1.0,70笔 胜84% PF2.69 均+0.98% 组合107.1 撤-0.8% 半1.6/5.6,445笔 胜63% PF0.91 均-0.11% 组合94.8 撤-9.2% 半0.9/0.9
做多,7+166,2,不过滤,止盈3% 止损8% 48h,1,False,0.51,0.83,68笔 胜62% PF0.83 均-0.34% 组合97.7 撤-5.5% 半0.7/1.1,70笔 胜73% PF1.30 均+0.49% 组合103.4 撤-4.6% 半0.9/2.2,443笔 胜63% PF0.91 均-0.19% 组合91.9 撤-13.9% 半0.9/0.9
做多,7+166,2,不过滤,止盈1.5% 止损3% 12h,3,False,0.51,0.86,69笔 胜65% PF0.98 均-0.02% 组合99.9 撤-1.8% 半1.0/1.0,70笔 胜70% PF1.60 均+0.37% 组合102.6 撤-1.7% 半1.0/3.0,445笔 胜62% PF0.86 均-0.14% 组合93.8 撤-9.6% 半0.8/0.9
做空,503,1,BTC24h跌,止盈1.5% 止损3% 12h,3,False,0.51,0.73,19笔 胜68% PF0.98 均-0.02% 组合100.0 撤-0.9% 半1.6/0.7,39笔 胜62% PF0.73 均-0.33% 组合98.7 撤-1.9% 半0.5/1.1,502笔 胜68% PF0.95 均-0.05% 组合97.5 撤-7.2% 半0.8/1.2
做空,544,1,BTC24h涨,止盈2% 止损5% 24h,0,False,0.51,0.62,84笔 胜48% PF0.62 均-0.48% 组合96.0 撤-4.6% 半1.0/0.3,52笔 胜60% PF0.74 均-0.38% 组合98.0 撤-3.4% 半1.2/0.4,462笔 胜56% PF0.84 均-0.19% 组合91.8 撤-13.2% 半1.0/0.7
做空,544,1,BTC24h涨,止盈3% 止损8% 48h,1,False,0.51,0.87,84笔 胜57% PF0.87 均-0.21% 组合98.2 撤-6.4% 半1.8/0.4,51笔 胜61% PF0.92 均-0.14% 组合99.2 撤-4.6% 半2.0/0.5,453笔 胜59% PF0.95 均-0.08% 组合94.9 撤-13.9% 半1.3/0.7
做多,141,1,BTC24h跌,止盈1.5% 止损3% 12h,3,False,0.5,0.97,50笔 胜80% PF1.82 均+0.51% 组合102.6 撤-0.7% 半1.2/3.3,44笔 胜68% PF0.97 均-0.03% 组合99.9 撤-1.4% 半1.2/0.8,476笔 胜74% PF1.31 均+0.25% 组合98.6 撤-4.3% 半1.1/1.7
做多,7+166,2,不过滤,止盈5% 止损11% 72h,2,False,0.5,0.94,65笔 胜58% PF1.15 均+0.32% 组合102.0 撤-3.6% 半1.1/1.1,68笔 胜69% PF1.59 均+1.19% 组合108.2 撤-4.6% 半1.2/2.3,441笔 胜59% PF0.94 均-0.17% 组合93.2 撤-24.7% 半0.9/1.0
做空,541,1,BTC24h跌,止盈3% 止损8% 48h,1,False,0.5,0.42,13笔 胜54% PF0.42 均-2.19% 组合97.2 撤-3.1% 半0.7/0.3,28笔 胜82% PF1.65 均+0.95% 组合102.7 撤-1.6% 半1.3/2.2,508笔 胜71% PF0.89 均-0.26% 组合87.3 撤-19.0% 半0.9/0.9
做空,544,1,BTC24h涨,止盈5% 止损11% 72h,2,False,0.5,0.97,84笔 胜62% PF1.21 均+0.38% 组合103.1 撤-5.4% 半2.3/0.7,51笔 胜67% PF1.36 均+0.77% 组合103.9 撤-5.6% 半4.2/0.6,444笔 胜54% PF0.97 均-0.06% 组合101.0 撤-23.8% 半1.4/0.7
做多,141,1,BTC24h跌,止盈2% 止损5% 24h,0,False,0.49,0.97,50笔 胜80% PF1.65 均+0.61% 组合103.1 撤-1.6% 半1.5/1.8,43笔 胜72% PF0.97 均-0.05% 组合99.8 撤-2.1% 半0.9/1.0,459笔 胜76% PF1.22 均+0.26% 组合93.1 撤-8.9% 半1.1/1.4
做多,105+173,2,不过滤,止盈1.5% 止损3% 12h,3,False,0.49,0.83,83笔 胜61% PF0.83 均-0.15% 组合98.7 撤-3.1% 半0.6/1.1,63笔 胜68% PF1.08 均+0.08% 组合100.5 撤-1.3% 半1.1/1.1,420笔 胜68% PF1.15 均+0.13% 组合103.5 撤-3.8% 半1.1/1.2
做空,503,1,BTC24h跌,止盈2% 止损5% 24h,0,False,0.49,0.64,19笔 胜63% PF0.64 均-0.68% 组合98.7 撤-2.1% 半0.7/0.6,37笔 胜68% PF0.78 均-0.37% 组合98.6 撤-3.5% 半0.7/0.8,479笔 胜74% PF1.06 均+0.08% 组合103.7 撤-6.7% 半0.9/1.2
做空,503+641,2,不过滤,止盈3% 止损8% 48h,1,False,0.49,1.19,42笔 胜83% PF1.80 均+1.08% 组合104.6 撤-3.1% 半2.2/1.5,56笔 胜77% PF1.19 均+0.36% 组合102.0 撤-3.9% 半2.2/0.8,454笔 胜77% PF1.21 均+0.39% 组合118.8 撤-8.0% 半1.2/1.2
做空,506+669,2,不过滤,止盈2% 止损5% 24h,0,False,0.49,0.95,103笔 胜76% PF1.62 均+0.54% 组合105.7 撤-1.9% 半3.2/1.0,46笔 胜76% PF1.65 均+0.57% 组合102.6 撤-2.3% 半5.7/0.8,429笔 胜65% PF0.95 均-0.07% 组合98.8 撤-9.6% 半1.2/0.7
做空,506+669,2,不过滤,止盈1.5% 止损3% 12h,3,False,0.49,0.96,107笔 胜77% PF1.86 均+0.51% 组合105.5 撤-2.0% 半4.4/1.1,46笔 胜63% PF0.96 均-0.04% 组合99.8 撤-1.8% 半1.6/0.6,432笔 胜63% PF0.99 均-0.01% 组合100.0 撤-9.2% 半1.5/0.7
做多,165,1,BTC24h跌,止盈1.5% 止损3% 12h,3,False,0.48,0.64,44笔 胜77% PF1.68 均+0.45% 组合102.0 撤-0.9% 半1.8/1.5,48笔 胜58% PF0.64 均-0.48% 组合97.7 撤-3.1% 半1.1/0.4,449笔 胜63% PF0.81 均-0.21% 组合90.7 撤-10.2% 半0.9/0.8
做多,7+169,2,不过滤,止盈2% 止损5% 24h,0,False,0.48,0.9,100笔 胜59% PF0.92 均-0.09% 组合99.0 撤-2.4% 半0.9/0.9,69笔 胜77% PF1.66 均+0.56% 组合103.9 撤-2.0% 半1.1/2.7,401笔 胜64% PF0.90 均-0.14% 组合95.6 撤-9.6% 半0.7/1.1
做多,7+169,2,不过滤,止盈3% 止损8% 48h,1,False,0.48,0.81,100笔 胜60% PF0.91 均-0.16% 组合98.3 撤-5.3% 半0.8/1.1,68笔 胜69% PF1.13 均+0.23% 组合101.5 撤-3.0% 半0.8/1.8,397笔 胜62% PF0.81 均-0.41% 组合84.4 撤-22.3% 半0.6/1.1
做多,7+169,2,不过滤,止盈1.5% 止损3% 12h,3,False,0.48,0.83,100笔 胜56% PF0.83 均-0.16% 组合98.4 撤-2.3% 半0.8/0.8,70笔 胜69% PF1.48 均+0.31% 组合102.2 撤-1.0% 半1.1/2.2,404笔 胜61% PF0.85 均-0.15% 组合94.2 撤-8.4% 半0.7/1.0
做多,105+173,2,不过滤,止盈2% 止损5% 24h,0,False,0.48,0.79,82笔 胜63% PF0.83 均-0.22% 组合98.1 撤-3.6% 半0.8/0.8,63笔 胜67% PF0.79 均-0.34% 组合97.8 撤-3.1% 半0.7/0.9,414笔 胜71% PF1.22 均+0.25% 组合106.2 撤-6.5% 半1.2/1.3
做多,105+173,2,不过滤,止盈3% 止损8% 48h,1,False,0.48,0.82,82笔 胜66% PF0.97 均-0.06% 组合99.4 撤-4.2% 半1.3/0.7,63笔 胜68% PF0.82 均-0.41% 组合97.3 撤-4.1% 半0.8/0.8,413笔 胜73% PF1.30 均+0.49% 组合113.3 撤-8.0% 半1.3/1.3
做多,105+173,2,不过滤,止盈5% 止损11% 72h,2,False,0.48,0.85,82笔 胜60% PF1.01 均+0.03% 组合100.0 撤-5.2% 半1.2/0.8,61笔 胜57% PF0.85 均-0.49% 组合96.9 撤-4.7% 半0.9/0.8,412笔 胜60% PF0.96 均-0.13% 组合106.3 撤-16.7% 半0.8/1.2
做空,506+669,2,不过滤,止盈3% 止损8% 48h,1,False,0.48,1.14,102笔 胜74% PF1.75 均+0.89% 组合109.4 撤-2.4% 半2.3/1.3,46笔 胜70% PF1.14 均+0.24% 组合101.0 撤-2.9% 半3.1/0.5,427笔 胜72% PF1.46 均+0.63% 组合122.9 撤-9.4% 半1.6/1.3
做多,141,1,BTC24h跌,止盈3% 止损8% 48h,1,False,0.47,0.92,49笔 胜80% PF1.47 均+0.71% 组合103.5 撤-3.7% 半1.1/2.2,41笔 胜71% PF0.92 均-0.18% 组合99.2 撤-4.6% 半1.4/0.6,443笔 胜78% PF1.29 均+0.51% 组合92.7 撤-11.2% 半1.1/1.6
做多,143,1,BTC24h跌,止盈1.5% 止损3% 12h,3,False,0.47,0.83,42笔 胜81% PF1.93 均+0.56% 组合102.4 撤-0.6% 半1.5/2.7,37笔 胜70% PF1.18 均+0.15% 组合100.5 撤-1.9% 半1.6/0.9,445笔 胜64% PF0.83 均-0.20% 组合86.3 撤-14.3% 半0.8/0.9
做多,7+169,2,不过滤,止盈5% 止损11% 72h,2,False,0.47,0.8,100笔 胜60% PF1.00 均-0.00% 组合99.8 撤-7.4% 半1.0/1.0,68笔 胜68% PF1.34 均+0.78% 组合105.3 撤-5.5% 半0.6/4.2,396笔 胜56% PF0.80 均-0.62% 组合79.1 撤-31.7% 半0.6/1.1
做空,503+641,2,不过滤,止盈5% 止损11% 72h,2,False,0.47,0.95,40笔 胜80% PF1.95 均+1.86% 组合107.6 撤-4.1% 半8.4/0.9,56笔 胜68% PF0.95 均-0.16% 组合98.9 撤-6.6% 半1.3/0.7,433笔 胜73% PF1.22 均+0.64% 组合130.7 撤-7.2% 半1.1/1.3
做空,506+669,2,不过滤,止盈5% 止损11% 72h,2,False,0.47,1.18,97笔 胜70% PF1.92 均+1.52% 组合115.4 撤-5.1% 半2.1/1.7,46笔 胜63% PF1.18 均+0.44% 组合101.9 撤-3.2% 半1.8/0.8,416笔 胜65% PF1.59 均+1.10% 组合138.0 撤-19.4% 半1.8/1.4
做多,141,1,BTC24h跌,止盈5% 止损11% 72h,2,False,0.46,1.11,48笔 胜81% PF2.30 均+2.15% 组合110.7 撤-4.5% 半1.9/3.1,40笔 胜70% PF1.11 均+0.30% 组合101.1 撤-5.3% 半1.0/1.2,434笔 胜69% PF1.12 均+0.36% 组合70.7 撤-31.2% 半0.8/1.6
做多,166+169,2,BTC24h跌,止盈2% 止损5% 24h,0,False,0.46,0.7,80笔 胜61% PF0.70 均-0.46% 组合96.4 撤-4.3% 半0.6/0.7,32笔 胜69% PF1.06 均+0.07% 组合100.2 撤-1.1% 半0.9/1.2,429笔 胜72% PF1.17 均+0.19% 组合104.0 撤-4.9% 半1.1/1.2
做多,166+169,2,BTC24h跌,止盈3% 止损8% 48h,1,False,0.46,1.05,80笔 胜65% PF1.05 均+0.08% 组合100.6 撤-4.3% 半1.2/1.0,32笔 胜69% PF1.18 均+0.29% 组合100.9 撤-1.7% 半1.1/1.3,427笔 胜71% PF1.13 均+0.23% 组合102.3 撤-9.9% 半1.5/0.9
做多,166+169,2,BTC24h跌,止盈5% 止损11% 72h,2,False,0.46,1.06,80笔 胜60% PF1.14 均+0.33% 组合102.5 撤-4.7% 半1.2/1.0,32笔 胜69% PF1.32 均+0.69% 组合102.2 撤-2.0% 半2.7/0.8,425笔 胜64% PF1.06 均+0.16% 组合93.9 撤-13.2% 半1.1/1.0
做多,166+169,2,BTC24h跌,止盈1.5% 止损3% 12h,3,False,0.46,0.67,80笔 胜55% PF0.77 均-0.21% 组合98.3 撤-2.4% 半0.7/0.8,32笔 胜56% PF0.67 均-0.38% 组合98.8 撤-1.7% 半0.5/1.0,429笔 胜66% PF1.05 均+0.05% 组合101.0 撤-3.4% 半1.0/1.2
做空,503,1,BTC24h跌,止盈3% 止损8% 48h,1,False,0.46,0.49,19笔 胜58% PF0.49 均-1.74% 组合96.7 撤-4.4% 半0.3/0.8,35笔 胜83% PF1.74 均+1.03% 组合103.6 撤-1.3% 半2.7/1.3,449笔 胜75% PF1.07 均+0.14% 组合105.9 撤-8.6% 半1.0/1.2
做多,165,1,BTC24h跌,止盈2% 止损5% 24h,0,False,0.45,0.44,41笔 胜73% PF1.34 均+0.36% 组合101.5 撤-1.9% 半0.9/2.0,45笔 胜53% PF0.44 均-1.32% 组合94.2 撤-6.0% 半0.8/0.2,416笔 胜69% PF0.89 均-0.17% 组合93.0 撤-11.3% 半1.1/0.7
做空,662+666,2,不过滤,止盈2% 止损5% 24h,0,False,0.45,0.75,84笔 胜67% PF1.04 均+0.05% 组合100.3 撤-1.9% 半1.1/1.0,56笔 胜62% PF0.75 均-0.40% 组合97.8 撤-3.7% 半1.0/0.5,387笔 胜66% PF0.92 均-0.11% 组合96.0 撤-10.4% 半0.8/1.0
做空,662+666,2,不过滤,止盈1.5% 止损3% 12h,3,False,0.45,0.62,85笔 胜61% PF0.88 均-0.10% 组合99.1 撤-3.0% 半1.0/0.8,56笔 胜55% PF0.62 均-0.46% 组合97.4 撤-3.3% 半0.6/0.6,387笔 胜61% PF0.77 均-0.24% 组合91.2 撤-12.5% 半0.7/0.8
做多,143,1,BTC24h跌,止盈2% 止损5% 24h,0,False,0.44,0.95,42笔 胜83% PF1.87 均+0.75% 组合103.2 撤-1.0% 半1.2/3.6,37笔 胜76% PF1.17 均+0.21% 组合100.7 撤-3.3% 半1.9/0.8,415笔 胜71% PF0.95 均-0.08% 组合89.0 撤-12.1% 半0.9/1.0
做多,145,1,不过滤,止盈1.5% 止损3% 12h,3,False,0.44,1.16,32笔 胜81% PF1.97 均+0.57% 组合101.8 撤-0.9% 半1.0/6.8,63笔 胜90% PF4.31 均+0.99% 组合105.8 撤-0.6% 半4.2/4.4,394笔 胜72% PF1.16 均+0.14% 组合102.0 撤-3.2% 半1.5/0.9
做空,662+666,2,不过滤,止盈3% 止损8% 48h,1,False,0.44,0.78,84笔 胜60% PF0.78 均-0.46% 组合96.1 撤-5.6% 半0.7/0.9,56笔 胜68% PF1.36 均+0.52% 组合102.9 撤-2.9% 半2.7/0.7,383笔 胜66% PF0.90 均-0.21% 组合92.8 撤-13.2% 半1.0/0.8
做空,662+666,2,不过滤,止盈5% 止损11% 72h,2,False,0.44,0.8,83笔 胜57% PF0.80 均-0.60% 组合95.0 撤-7.9% 半0.7/0.9,55笔 胜64% PF1.09 均+0.24% 组合101.2 撤-4.7% 半1.9/0.7,380笔 胜62% PF0.90 均-0.30% 组合88.9 撤-19.4% 半1.0/0.8
做多,145,1,不过滤,止盈2% 止损5% 24h,0,False,0.43,1.3,32笔 胜84% PF2.02 均+0.82% 组合102.7 撤-1.5% 半0.8/10.0,60笔 胜90% PF3.32 均+1.19% 组合106.6 撤-1.3% 半5.2/2.4,390笔 胜77% PF1.30 均+0.34% 组合108.5 撤-4.5% 半1.8/1.0
做空,503,1,BTC24h跌,止盈5% 止损11% 72h,2,False,0.43,0.77,18笔 胜61% PF0.77 均-0.87% 组合98.4 撤-3.5% 半0.8/0.7,33笔 胜73% PF1.15 均+0.45% 组合101.4 撤-2.7% 半1.9/0.8,426笔 胜71% PF1.09 均+0.29% 组合111.7 撤-11.1% 半1.1/1.0
做空,541,1,BTC24h跌,止盈5% 止损11% 72h,2,False,0.43,0.52,13笔 胜54% PF0.52 均-2.49% 组合96.8 撤-3.7% 半0.4/0.6,24笔 胜79% PF1.65 均+1.51% 组合103.6 撤-3.5% 半0.9/4.7,438笔 胜67% PF0.90 均-0.36% 组合84.3 撤-26.2% 半0.8/1.0
做多,143,1,BTC24h跌,止盈3% 止损8% 48h,1,False,0.42,1.0,42笔 胜95% PF7.19 均+2.40% 组合110.6 撤-1.6% 半3.4/10.0,37笔 胜73% PF1.03 均+0.07% 组合100.2 撤-5.8% 半1.8/0.7,400笔 胜73% PF1.00 均-0.01% 组合87.3 撤-15.0% 半0.9/1.0
做多,145,1,不过滤,止盈3% 止损8% 48h,1,False,0.42,1.15,32笔 胜81% PF1.92 均+1.14% 组合103.7 撤-2.7% 半0.7/10.0,57笔 胜95% PF9.45 均+2.48% 组合113.4 撤-0.8% 半173.6/4.9,382笔 胜75% PF1.15 均+0.28% 组合102.6 撤-8.1% 半1.4/0.9
做多,145,1,不过滤,止盈5% 止损11% 72h,2,False,0.42,1.04,31笔 胜87% PF3.70 均+3.13% 组合110.1 撤-2.8% 半1.5/10.0,57笔 胜91% PF4.44 均+3.36% 组合118.0 撤-1.2% 半5.5/3.7,376笔 胜66% PF1.04 均+0.11% 组合94.0 撤-22.5% 半1.4/0.8
做多,143,1,BTC24h跌,止盈5% 止损11% 72h,2,False,0.41,0.95,42笔 胜88% PF6.87 均+3.64% 组合116.4 撤-1.7% 半10.0/2.9,35笔 胜71% PF1.20 均+0.56% 组合101.8 撤-7.3% 半1.4/1.0,389笔 胜67% PF0.95 均-0.16% 组合82.3 撤-20.9% 半0.9/1.0
做多,165,1,BTC24h跌,止盈3% 止损8% 48h,1,False,0.41,0.78,40笔 胜72% PF1.13 均+0.24% 组合100.9 撤-4.3% 半0.6/2.7,41笔 胜66% PF0.78 均-0.53% 组合97.8 撤-4.5% 半0.7/0.9,379笔 胜67% PF0.82 均-0.42% 组合84.5 撤-19.5% 半0.9/0.8
做空,669,1,BTC24h涨,止盈2% 止损5% 24h,0,False,0.41,0.92,48笔 胜65% PF0.92 均-0.11% 组合99.5 撤-2.6% 半1.6/0.6,43笔 胜70% PF1.25 均+0.26% 组合101.1 撤-1.6% 半0.8/2.3,373笔 胜66% PF1.08 均+0.09% 组合103.2 撤-5.4% 半1.0/1.2
做空,669,1,BTC24h涨,止盈1.5% 止损3% 12h,3,False,0.41,0.73,48笔 胜56% PF0.73 均-0.30% 组合98.6 撤-1.8% 半1.0/0.5,43笔 胜53% PF0.74 均-0.26% 组合98.9 撤-2.2% 半0.4/2.0,375笔 胜70% PF1.36 均+0.26% 组合106.7 撤-2.5% 半1.6/1.2
做空,506+669,2,BTC24h跌,止盈2% 止损5% 24h,0,False,0.41,0.94,100笔 胜75% PF1.55 均+0.50% 组合105.1 撤-2.3% 半3.2/0.9,44笔 胜75% PF1.55 均+0.51% 组合102.2 撤-2.3% 半5.4/0.8,350笔 胜65% PF0.94 均-0.08% 组合99.1 撤-9.0% 半1.3/0.7
做空,506+669,2,BTC24h跌,止盈3% 止损8% 48h,1,False,0.41,1.23,99笔 胜73% PF1.68 均+0.83% 组合108.4 撤-2.4% 半2.2/1.3,44笔 胜70% PF1.23 均+0.37% 组合101.6 撤-2.7% 半2.9/0.6,349笔 胜72% PF1.53 均+0.70% 组合121.6 撤-6.2% 半1.6/1.4
做空,506+669,2,BTC24h跌,止盈1.5% 止损3% 12h,3,False,0.41,0.9,103笔 胜77% PF1.84 均+0.50% 组合105.3 撤-2.0% 半4.2/1.1,44笔 胜61% PF0.90 均-0.10% 组合99.5 撤-2.1% 半1.7/0.5,353笔 胜62% PF0.96 均-0.04% 组合99.0 撤-9.2% 半1.6/0.6
做空,641+642,2,BTC24h涨,止盈1.5% 止损3% 12h,3,False,0.41,0.86,29笔 胜66% PF0.86 均-0.15% 组合99.6 撤-2.0% 半0.3/2.9,49笔 胜67% PF0.94 均-0.07% 组合99.7 撤-1.8% 半0.9/1.0,379笔 胜66% PF0.88 均-0.13% 组合95.1 撤-6.2% 半0.9/0.9
做多,8+171,2,BTC24h涨,止盈1.5% 止损3% 12h,3,False,0.4,0.92,127笔 胜62% PF1.07 均+0.06% 组合100.7 撤-2.2% 半1.4/0.8,70笔 胜61% PF1.00 均+0.00% 组合100.0 撤-1.6% 半1.4/0.7,296笔 胜64% PF0.92 均-0.07% 组合97.8 撤-5.8% 半0.8/1.0
做多,169+172,2,BTC24h涨,止盈1.5% 止损3% 12h,3,False,0.4,0.77,70笔 胜60% PF0.77 均-0.25% 组合98.2 撤-2.3% 半0.7/0.9,84笔 胜68% PF1.04 均+0.04% 组合100.3 撤-2.3% 半0.6/2.0,313笔 胜71% PF1.16 均+0.14% 组合102.3 撤-3.7% 半0.9/1.5
做空,669,1,BTC24h涨,止盈3% 止损8% 48h,1,False,0.4,1.11,48笔 胜69% PF1.11 均+0.20% 组合100.9 撤-3.6% 半2.6/0.6,42笔 胜71% PF1.45 均+0.61% 组合102.6 撤-3.7% 半0.7/5.9,364笔 胜67% PF1.12 均+0.20% 组合101.7 撤-15.9% 半1.5/0.9
做空,506+669,2,BTC24h跌,止盈5% 止损11% 72h,2,False,0.4,1.26,95笔 胜69% PF1.86 均+1.45% 组合114.2 撤-5.1% 半2.1/1.6,44笔 胜64% PF1.26 均+0.60% 组合102.6 撤-3.2% 半1.7/0.9,338笔 胜65% PF1.67 均+1.18% 组合137.6 撤-13.1% 半1.7/1.6
做多,7+167,2,不过滤,止盈1.5% 止损3% 12h,3,False,0.39,0.6,101笔 胜63% PF0.88 均-0.13% 组合98.7 撤-2.0% 半1.2/0.7,76笔 胜51% PF0.60 均-0.49% 组合96.3 撤-4.1% 半0.4/0.9,298笔 胜59% PF0.75 均-0.27% 组合92.1 撤-8.5% 半0.8/0.7
做多,7+172,2,不过滤,止盈1.5% 止损3% 12h,3,False,0.39,1.0,66笔 胜67% PF1.03 均+0.03% 组合100.2 撤-2.0% 半1.1/1.0,83笔 胜82% PF2.29 均+0.66% 组合105.6 撤-1.1% 半3.0/1.8,304笔 胜67% PF1.00 均+0.00% 组合100.0 撤-6.4% 半0.9/1.1
做多,8+169,2,BTC24h跌,止盈2% 止损5% 24h,0,False,0.39,0.69,59笔 胜63% PF0.69 均-0.52% 组合96.9 撤-4.0% 半0.7/0.7,54笔 胜72% PF1.34 均+0.33% 组合101.8 撤-1.1% 半1.2/1.5,333笔 胜67% PF0.99 均-0.02% 组合100.2 撤-6.8% 半1.3/0.8
做多,8+169,2,BTC24h跌,止盈1.5% 止损3% 12h,3,False,0.39,0.57,59笔 胜54% PF0.57 均-0.56% 组合96.7 撤-3.8% 半0.6/0.5,55笔 胜65% PF0.99 均-0.01% 组合99.9 撤-1.5% 半0.8/1.2,341笔 胜66% PF1.07 均+0.06% 组合102.0 撤-3.4% 半1.3/0.9
做多,8+171,2,BTC24h涨,止盈2% 止损5% 24h,0,False,0.39,0.93,127笔 胜65% PF0.93 均-0.08% 组合98.9 撤-4.8% 半1.2/0.7,67笔 胜63% PF0.96 均-0.05% 组合99.6 撤-2.6% 半1.1/0.8,291笔 胜66% PF0.94 均-0.08% 组合97.3 撤-8.8% 半1.0/0.9
做多,169+172,2,BTC24h涨,止盈2% 止损5% 24h,0,False,0.39,0.8,69笔 胜62% PF0.80 均-0.31% 组合97.9 撤-3.9% 半0.6/1.1,84笔 胜70% PF0.93 均-0.10% 组合99.1 撤-2.9% 半0.8/1.0,307笔 胜72% PF1.20 均+0.23% 组合106.1 撤-7.1% 半0.7/2.2
做多,169+172,2,BTC24h涨,止盈3% 止损8% 48h,1,False,0.39,0.61,69笔 胜55% PF0.61 均-0.94% 组合93.6 撤-7.5% 半0.6/0.6,84笔 胜76% PF1.40 均+0.62% 组合105.3 撤-3.2% 半1.3/1.5,303笔 胜68% PF0.95 均-0.10% 组合102.0 撤-17.3% 半0.5/2.0
做多,169+172,2,BTC24h涨,止盈5% 止损11% 72h,2,False,0.39,0.59,69笔 胜48% PF0.59 均-1.48% 组合90.1 撤-10.5% 半0.4/0.9,84笔 胜70% PF1.54 均+1.17% 组合110.2 撤-4.9% 半1.4/1.8,298笔 胜61% PF1.04 均+0.11% 组合106.0 撤-22.9% 半0.5/2.7
做空,669,1,BTC24h涨,止盈5% 止损11% 72h,2,False,0.39,1.16,47笔 胜70% PF1.44 均+0.98% 组合104.6 撤-3.6% 半3.3/0.8,42笔 胜57% PF1.16 均+0.38% 组合101.5 撤-2.1% 半1.3/1.0,361笔 胜69% PF1.36 均+0.79% 组合106.5 撤-16.4% 半1.8/1.0
做多,165,1,BTC24h跌,止盈5% 止损11% 72h,2,False,0.38,0.79,38笔 胜66% PF0.99 均-0.03% 组合99.8 撤-7.8% 半0.5/2.1,37笔 胜65% PF0.95 均-0.17% 组合99.3 撤-4.8% 半1.5/0.6,351笔 胜60% PF0.79 均-0.76% 组合75.7 撤-26.9% 半0.8/0.7
做多,7+169,2,BTC24h涨,止盈2% 止损5% 24h,0,False,0.38,0.86,85笔 胜59% PF0.94 均-0.07% 组合99.4 撤-2.6% 半1.1/0.8,60笔 胜77% PF1.73 均+0.59% 组合103.6 撤-1.9% 半1.1/3.1,304笔 胜62% PF0.86 均-0.19% 组合95.5 撤-9.8% 半0.7/1.0
做多,7+169,2,BTC24h涨,止盈1.5% 止损3% 12h,3,False,0.38,0.85,85笔 胜55% PF0.85 均-0.14% 组合98.8 撤-2.6% 半1.1/0.7,61笔 胜67% PF1.49 均+0.31% 组合101.9 撤-1.0% 半1.0/2.4,306笔 胜61% PF0.88 均-0.12% 组合96.6 撤-6.8% 半0.8/1.0
做多,7+172,2,不过滤,止盈2% 止损5% 24h,0,False,0.38,0.86,65笔 胜66% PF0.86 均-0.21% 组合98.6 撤-2.9% 半0.7/1.0,81笔 胜81% PF1.88 均+0.73% 组合106.0 撤-1.1% 半3.3/1.3,300笔 胜74% PF1.24 均+0.27% 组合108.4 撤-4.2% 半1.0/1.6
做多,8+169,2,BTC24h跌,止盈3% 止损8% 48h,1,False,0.38,0.74,58笔 胜55% PF0.74 均-0.55% 组合96.8 撤-5.0% 半0.6/1.0,54笔 胜74% PF1.28 均+0.43% 组合102.3 撤-2.1% 半1.2/1.4,325笔 胜63% PF0.82 均-0.39% 组合90.1 撤-12.6% 半1.0/0.7
做多,8+171,2,BTC24h涨,止盈3% 止损8% 48h,1,False,0.38,0.95,126笔 胜67% PF1.09 均+0.16% 组合101.8 撤-6.1% 半1.0/1.2,64笔 胜61% PF0.95 均-0.09% 组合99.3 撤-5.0% 半1.4/0.7,286笔 胜64% PF1.01 均+0.03% 组合99.4 撤-13.0% 半1.1/1.0
做多,8+171,2,BTC24h涨,止盈5% 止损11% 72h,2,False,0.38,1.08,124笔 胜60% PF1.26 均+0.54% 组合106.6 撤-6.3% 半1.0/1.6,64笔 胜58% PF1.13 均+0.29% 组合101.7 撤-5.9% 半1.6/0.8,282笔 胜60% PF1.08 均+0.21% 组合108.5 撤-10.1% 半1.3/0.9
做多,166+172,2,BTC24h涨,止盈2% 止损5% 24h,0,False,0.38,0.6,75笔 胜69% PF1.22 均+0.24% 组合101.8 撤-1.5% 半1.1/1.3,84笔 胜60% PF0.60 均-0.75% 组合93.8 撤-7.0% 半0.6/0.6,289笔 胜67% PF0.96 均-0.05% 组合98.5 撤-6.6% 半0.8/1.2
做多,166+172,2,BTC24h涨,止盈3% 止损8% 48h,1,False,0.38,0.8,75笔 胜72% PF1.30 均+0.48% 组合103.6 撤-2.5% 半1.2/1.4,83笔 胜64% PF0.80 均-0.45% 组合96.2 撤-7.2% 半1.1/0.6,287笔 胜67% PF1.05 均+0.08% 组合101.9 撤-7.0% 半0.9/1.2
做多,166+172,2,BTC24h涨,止盈1.5% 止损3% 12h,3,False,0.38,0.79,75笔 胜65% PF1.08 均+0.07% 组合100.5 撤-1.1% 半1.1/1.0,84笔 胜61% PF0.79 均-0.23% 组合98.1 撤-2.3% 半1.0/0.7,292笔 胜65% PF0.95 均-0.05% 组合98.6 撤-3.6% 半0.9/1.0
做空,641+642,2,BTC24h涨,止盈2% 止损5% 24h,0,False,0.38,0.75,27笔 胜67% PF0.75 均-0.43% 组合98.8 撤-2.9% 半0.3/2.2,45笔 胜76% PF1.16 均+0.20% 组合100.9 撤-2.5% 半1.7/0.9,353笔 胜74% PF1.08 均+0.10% 组合103.6 撤-5.4% 半1.1/1.0
做多,7+166,2,BTC24h涨,止盈2% 止损5% 24h,0,False,0.37,0.81,56笔 胜61% PF0.81 均-0.27% 组合98.4 撤-2.9% 半0.8/0.8,58笔 胜88% PF4.68 均+1.27% 组合107.6 撤-0.6% 半3.0/9.1,315笔 胜61% PF0.87 均-0.17% 组合94.5 撤-8.0% 半0.7/1.0
做多,7+166,2,BTC24h涨,止盈3% 止损8% 48h,1,False,0.37,0.86,56笔 胜61% PF0.86 均-0.27% 组合98.4 撤-4.5% 半0.7/1.1,58笔 胜74% PF1.54 均+0.74% 组合104.3 撤-3.3% 半1.1/2.3,315笔 胜63% PF0.92 均-0.16% 组合95.3 撤-12.8% 半0.8/1.1
做多,7+166,2,BTC24h涨,止盈5% 止损11% 72h,2,False,0.37,0.88,56笔 胜55% PF1.18 均+0.36% 组合101.9 撤-2.5% 半1.1/1.2,57笔 胜67% PF1.45 均+0.98% 组合105.6 撤-4.6% 半0.9/2.6,313笔 胜58% PF0.88 均-0.37% 组合90.1 撤-25.2% 半0.6/1.2
做多,7+166,2,BTC24h涨,止盈1.5% 止损3% 12h,3,False,0.37,0.85,56笔 胜64% PF0.93 均-0.06% 组合99.6 撤-1.4% 半1.1/0.8,58笔 胜69% PF1.64 均+0.38% 组合102.2 撤-1.5% 半0.9/4.3,315笔 胜62% PF0.85 均-0.15% 组合95.3 撤-7.2% 半0.7/1.0
做多,7+167,2,不过滤,止盈2% 止损5% 24h,0,False,0.37,0.63,97笔 胜65% PF0.74 均-0.42% 组合95.9 撤-5.8% 半1.3/0.5,75笔 胜60% PF0.63 均-0.64% 组合95.2 撤-5.6% 半0.5/0.8,277笔 胜60% PF0.73 均-0.42% 组合88.8 撤-13.8% 半0.6/1.0
做多,7+169,2,BTC24h涨,止盈3% 止损8% 48h,1,False,0.37,0.84,85笔 胜59% PF0.91 均-0.16% 组合98.6 撤-3.8% 半0.8/1.0,59笔 胜69% PF1.24 均+0.38% 组合102.2 撤-3.1% 半0.6/3.0,303笔 胜61% PF0.84 均-0.33% 组合90.2 撤-18.3% 半0.7/1.1
做多,7+169,2,BTC24h涨,止盈5% 止损11% 72h,2,False,0.37,0.89,85笔 胜59% PF0.98 均-0.03% 组合99.6 撤-5.5% 半1.1/0.9,59笔 胜66% PF1.23 均+0.55% 组合103.2 撤-6.8% 半0.5/4.1,302笔 胜57% PF0.89 均-0.33% 组合92.6 撤-22.4% 半0.7/1.2
做多,7+172,2,不过滤,止盈3% 止损8% 48h,1,False,0.37,1.02,61笔 胜66% PF1.02 均+0.04% 组合100.2 撤-2.5% 半0.9/1.1,77笔 胜79% PF1.61 均+0.87% 组合106.8 撤-2.4% 半2.1/1.3,290笔 胜74% PF1.34 均+0.54% 组合115.8 撤-4.5% 半1.2/1.4
做多,8+169,2,BTC24h跌,止盈5% 止损11% 72h,2,False,0.37,0.64,58笔 胜50% PF0.64 均-1.25% 组合92.8 撤-9.6% 半0.5/1.0,53笔 胜72% PF1.49 均+1.06% 组合105.7 撤-2.2% 半1.7/1.3,318笔 胜53% PF0.70 均-1.02% 组合71.8 撤-29.1% 半0.8/0.6
做多,166+172,2,BTC24h涨,止盈5% 止损11% 72h,2,False,0.37,0.82,74笔 胜64% PF1.34 均+0.74% 组合105.5 撤-3.8% 半1.3/1.4,82笔 胜61% PF0.82 均-0.59% 组合94.9 撤-8.9% 半1.2/0.6,281笔 胜60% PF1.09 均+0.23% 组合105.2 撤-11.0% 半0.9/1.4
做多,167+172,2,BTC24h涨,止盈2% 止损5% 24h,0,False,0.37,0.76,62笔 胜63% PF0.76 均-0.38% 组合97.7 撤-3.2% 半0.7/0.8,93笔 胜73% PF1.13 均+0.16% 组合101.5 撤-2.7% 半1.5/0.9,274笔 胜73% PF1.18 均+0.21% 组合105.8 撤-5.7% 半0.8/1.9
做多,167+172,2,BTC24h涨,止盈1.5% 止损3% 12h,3,False,0.37,0.8,62笔 胜63% PF0.80 均-0.22% 组合98.6 撤-2.5% 半0.8/0.8,94笔 胜69% PF1.10 均+0.09% 组合100.8 撤-1.6% 半1.1/1.1,277笔 胜66% PF0.98 均-0.02% 组合99.3 撤-4.2% 半0.8/1.3
做多,7+172,2,不过滤,止盈5% 止损11% 72h,2,False,0.36,0.95,57笔 胜61% PF0.95 均-0.13% 组合99.1 撤-5.3% 半1.1/0.9,75笔 胜69% PF1.34 均+0.86% 组合106.4 撤-4.0% 半1.8/1.0,282笔 胜67% PF1.31 均+0.78% 组合120.5 撤-10.1% 半1.2/1.5
做多,167+172,2,BTC24h涨,止盈3% 止损8% 48h,1,False,0.36,1.04,59笔 胜71% PF1.07 均+0.14% 组合100.8 撤-3.1% 半1.6/0.8,92笔 胜74% PF1.18 均+0.33% 组合102.9 撤-6.1% 半1.9/0.8,267笔 胜72% PF1.04 均+0.07% 组合101.4 撤-7.6% 半0.8/1.3
做空,641+642,2,BTC24h涨,止盈3% 止损8% 48h,1,False,0.36,0.85,27笔 胜70% PF0.85 均-0.35% 组合99.0 撤-4.5% 半0.4/2.2,42笔 胜71% PF0.90 均-0.24% 组合98.9 撤-3.8% 半1.1/0.7,329笔 胜75% PF1.06 均+0.13% 组合103.8 撤-9.2% 半1.1/1.1
做多,7+167,2,不过滤,止盈3% 止损8% 48h,1,False,0.35,0.53,95笔 胜69% PF1.19 均+0.31% 组合102.9 撤-3.4% 半1.4/1.1,72笔 胜53% PF0.53 均-1.29% 组合90.9 撤-11.2% 半0.6/0.5,264笔 胜59% PF0.76 均-0.53% 组合87.2 撤-16.8% 半0.6/1.1
做多,167+172,2,BTC24h涨,止盈5% 止损11% 72h,2,False,0.35,0.97,58笔 胜64% PF0.97 均-0.10% 组合99.3 撤-3.3% 半1.2/0.8,89笔 胜67% PF1.18 均+0.49% 组合104.1 撤-7.7% 半1.4/1.0,262笔 胜68% PF1.24 均+0.63% 组合110.8 撤-12.3% 半1.0/1.5
做多,7+167,2,不过滤,止盈5% 止损11% 72h,2,False,0.34,0.69,92笔 胜63% PF1.41 均+0.88% 组合108.3 撤-4.4% 半1.2/1.6,69笔 胜52% PF0.69 均-1.11% 组合92.4 撤-8.9% 半0.7/0.7,257笔 胜54% PF0.76 均-0.80% 组合80.8 撤-25.1% 半0.6/1.0
做多,8+166,2,BTC24h跌,止盈2% 止损5% 24h,0,False,0.34,0.86,40笔 胜75% PF1.39 均+0.40% 组合101.6 撤-3.6% 半2.1/0.9,30笔 胜67% PF1.08 均+0.10% 组合100.3 撤-1.5% 半0.5/3.0,312笔 胜64% PF0.86 均-0.19% 组合94.1 撤-10.4% 半1.0/0.7
做多,8+166,2,BTC24h跌,止盈1.5% 止损3% 12h,3,False,0.34,0.92,41笔 胜63% PF1.00 均-0.00% 组合100.0 撤-1.5% 半1.3/0.8,30笔 胜63% PF0.92 均-0.08% 组合99.7 撤-1.9% 半0.5/1.8,316笔 胜63% PF1.02 均+0.02% 组合100.6 撤-4.1% 半1.1/0.9
做多,105+168+173,3,不过滤,止盈2% 止损5% 24h,0,False,0.34,0.96,59笔 胜68% PF0.96 均-0.04% 组合99.7 撤-2.5% 半0.9/1.1,45笔 胜73% PF1.08 均+0.10% 组合100.4 撤-1.5% 半1.1/1.1,292笔 胜74% PF1.41 均+0.41% 组合108.4 撤-4.2% 半1.6/1.2
做多,105+168+173,3,不过滤,止盈3% 止损8% 48h,1,False,0.34,1.02,59笔 胜71% PF1.20 均+0.33% 组合101.9 撤-2.7% 半1.7/0.9,45笔 胜73% PF1.02 均+0.03% 组合100.1 撤-2.4% 半0.8/1.2,292笔 胜74% PF1.40 均+0.61% 组合112.6 撤-4.6% 半1.4/1.4
做多,105+168+173,3,不过滤,止盈5% 止损11% 72h,2,False,0.34,0.91,59笔 胜63% PF1.35 均+0.76% 组合104.5 撤-4.2% 半1.7/1.1,44笔 胜61% PF1.01 均+0.03% 组合100.0 撤-3.6% 半0.8/1.3,292笔 胜59% PF0.91 均-0.27% 组合98.2 撤-17.1% 半0.7/1.3
做多,105+168+173,3,不过滤,止盈1.5% 止损3% 12h,3,False,0.34,0.82,60笔 胜63% PF0.82 均-0.17% 组合99.0 撤-2.5% 半0.6/1.1,45笔 胜76% PF1.56 均+0.39% 组合101.8 撤-1.0% 半1.5/1.6,293笔 胜69% PF1.20 均+0.16% 组合102.5 撤-4.3% 半1.3/1.1
做空,641+642,2,BTC24h涨,止盈5% 止损11% 72h,2,False,0.34,0.83,27笔 胜59% PF0.83 均-0.61% 组合98.3 撤-7.2% 半0.5/1.3,39笔 胜67% PF0.88 均-0.43% 组合98.2 撤-5.8% 半1.2/0.7,313笔 胜71% PF1.08 均+0.27% 组合107.8 撤-12.4% 半1.0/1.1
做多,7+173,2,不过滤,止盈2% 止损5% 24h,0,False,0.33,0.82,45笔 胜58% PF0.82 均-0.24% 组合98.9 撤-2.2% 半1.4/0.5,34笔 胜74% PF1.23 均+0.27% 组合100.9 撤-1.7% 半0.9/1.7,296笔 胜69% PF1.05 均+0.07% 组合101.9 撤-3.6% 半0.9/1.2
做多,7+173,2,不过滤,止盈1.5% 止损3% 12h,3,False,0.33,0.72,45笔 胜53% PF0.72 均-0.30% 组合98.7 撤-2.3% 半1.0/0.5,34笔 胜74% PF1.38 均+0.29% 组合101.0 撤-0.8% 半1.0/2.1,302笔 胜66% PF0.94 均-0.06% 组合98.0 撤-5.2% 半0.9/0.9
做多,8+166,2,BTC24h跌,止盈3% 止损8% 48h,1,False,0.33,0.82,40笔 胜70% PF1.12 均+0.21% 组合100.8 撤-4.0% 半1.5/0.9,30笔 胜77% PF1.54 均+0.76% 组合102.3 撤-1.3% 半1.0/2.8,307笔 胜62% PF0.82 均-0.39% 组合87.7 撤-17.0% 半0.8/0.8
做多,8+166,2,BTC24h跌,止盈5% 止损11% 72h,2,False,0.33,0.76,40笔 胜65% PF0.97 均-0.10% 组合99.5 撤-5.1% 半0.8/1.2,30笔 胜57% PF0.95 均-0.13% 组合99.6 撤-2.6% 半0.7/1.4,302笔 胜55% PF0.76 均-0.81% 组合75.9 撤-29.9% 半0.8/0.7
做多,164+166,2,BTC24h涨,止盈2% 止损5% 24h,0,False,0.33,0.59,34笔 胜74% PF1.42 均+0.37% 组合101.2 撤-1.9% 半0.9/2.5,34笔 胜56% PF0.59 均-0.69% 组合97.7 撤-2.3% 半0.6/0.6,304笔 胜62% PF0.84 均-0.23% 组合93.0 撤-10.6% 半0.8/0.9
做多,164+166,2,BTC24h涨,止盈3% 止损8% 48h,1,False,0.33,0.74,34笔 胜65% PF1.03 均+0.05% 组合100.1 撤-2.9% 半0.9/1.2,34笔 胜62% PF0.76 均-0.52% 组合98.2 撤-2.6% 半0.9/0.6,302笔 胜59% PF0.74 均-0.58% 组合83.6 撤-20.1% 半0.7/0.8
做多,164+166,2,BTC24h涨,止盈1.5% 止损3% 12h,3,False,0.33,0.8,35笔 胜71% PF1.52 均+0.34% 组合101.2 撤-1.0% 半2.0/1.2,34笔 胜65% PF0.90 均-0.09% 组合99.7 撤-1.0% 半1.2/0.7,305笔 胜58% PF0.80 均-0.20% 组合94.1 撤-6.6% 半0.8/0.8
做多,7+167,2,BTC24h涨,止盈1.5% 止损3% 12h,3,False,0.32,0.54,87笔 胜66% PF0.96 均-0.04% 组合99.6 撤-2.0% 半1.2/0.8,66笔 胜48% PF0.54 均-0.57% 组合96.3 撤-4.0% 半0.3/0.9,242笔 胜59% PF0.75 均-0.27% 组合93.5 撤-7.2% 半0.8/0.7
做多,7+173,2,不过滤,止盈3% 止损8% 48h,1,False,0.32,0.91,45笔 胜69% PF1.12 均+0.21% 组合100.9 撤-1.8% 半1.8/0.7,33笔 胜70% PF0.91 均-0.20% 组合99.3 撤-3.2% 半0.6/1.4,294笔 胜68% PF1.05 均+0.09% 组合102.4 撤-6.9% 半0.9/1.3
做多,7+173,2,不过滤,止盈5% 止损11% 72h,2,False,0.32,0.85,44笔 胜64% PF1.18 均+0.44% 组合101.9 撤-2.7% 半1.8/0.8,32笔 胜59% PF0.85 均-0.53% 组合98.2 撤-3.0% 半0.8/0.9,292笔 胜61% PF0.97 均-0.09% 组合96.6 撤-17.4% 半0.7/1.5
做多,164+166,2,BTC24h涨,止盈5% 止损11% 72h,2,False,0.32,0.63,34笔 胜44% PF0.68 均-0.99% 组合96.6 撤-5.3% 半0.5/1.1,33笔 胜48% PF0.63 均-1.32% 组合95.7 撤-6.9% 半0.9/0.4,298笔 胜56% PF0.90 均-0.28% 组合90.5 撤-19.6% 半0.8/1.1
做多,7+167,2,BTC24h涨,止盈2% 止损5% 24h,0,False,0.31,0.64,83笔 胜67% PF0.85 均-0.22% 组合98.1 撤-4.1% 半1.4/0.6,65笔 胜60% PF0.64 均-0.60% 组合96.1 撤-4.9% 半0.5/0.9,227笔 胜59% PF0.69 均-0.51% 组合88.8 撤-14.1% 半0.5/1.0
做多,167+169,2,不过滤,止盈2% 止损5% 24h,0,False,0.31,0.73,48笔 胜60% PF0.79 均-0.30% 组合98.6 撤-2.7% 半0.6/1.0,54笔 胜61% PF0.73 均-0.44% 组合97.6 撤-2.8% 半1.0/0.5,259笔 胜69% PF0.94 均-0.08% 组合97.8 撤-6.2% 半0.8/1.1
做多,167+169,2,不过滤,止盈3% 止损8% 48h,1,False,0.31,0.7,48笔 胜65% PF0.91 均-0.17% 组合99.1 撤-2.2% 半0.8/1.0,54笔 胜61% PF0.70 均-0.76% 组合95.9 撤-6.3% 半1.6/0.4,258笔 胜66% PF0.89 均-0.23% 组合93.9 撤-9.6% 半0.8/1.0
做多,167+169,2,不过滤,止盈5% 止损11% 72h,2,False,0.31,0.92,47笔 胜60% PF1.03 均+0.08% 组合100.3 撤-3.7% 半0.6/1.7,54笔 胜59% PF0.92 均-0.24% 组合98.5 撤-7.6% 半3.0/0.4,257笔 胜63% PF1.02 均+0.05% 组合100.6 撤-13.8% 半0.7/1.5
做多,167+169,2,不过滤,止盈1.5% 止损3% 12h,3,False,0.31,0.69,48笔 胜58% PF0.69 均-0.37% 组合98.2 撤-2.2% 半0.6/0.8,54笔 胜61% PF0.89 均-0.11% 组合99.4 撤-1.5% 半1.2/0.7,260笔 胜65% PF0.98 均-0.01% 组合99.6 撤-3.8% 半0.8/1.2
做多,7+172,2,BTC24h涨,止盈2% 止损5% 24h,0,False,0.3,0.99,53笔 胜70% PF0.99 均-0.02% 组合99.9 撤-2.1% 半1.0/1.0,65笔 胜80% PF1.74 均+0.65% 组合104.3 撤-1.3% 半2.5/1.3,230笔 胜73% PF1.17 均+0.21% 组合104.7 撤-5.7% 半0.8/1.9
做多,7+172,2,BTC24h涨,止盈1.5% 止损3% 12h,3,False,0.3,1.0,54笔 胜70% PF1.18 均+0.15% 组合100.8 撤-1.6% 半1.4/1.0,67笔 胜81% PF2.13 均+0.61% 组合104.1 撤-1.3% 半4.1/1.4,233笔 胜67% PF1.00 均-0.00% 组合99.9 撤-5.8% 半0.8/1.2
做空,503+641,2,BTC24h涨,止盈1.5% 止损3% 12h,3,False,0.3,0.94,33笔 胜76% PF1.42 均+0.32% 组合101.0 撤-1.3% 半1.4/1.5,46笔 胜67% PF0.94 均-0.06% 组合99.7 撤-1.3% 半1.0/0.9,266笔 胜68% PF0.98 均-0.02% 组合99.5 撤-6.2% 半0.8/1.2
做多,7+167,2,BTC24h涨,止盈3% 止损8% 48h,1,False,0.29,0.52,82笔 胜70% PF1.29 均+0.44% 组合103.6 撤-3.6% 半1.6/1.1,63笔 胜52% PF0.52 均-1.33% 组合91.8 撤-10.4% 半0.6/0.5,215笔 胜59% PF0.77 均-0.49% 组合90.1 撤-15.9% 半0.5/1.4
做多,7+167,2,BTC24h涨,止盈5% 止损11% 72h,2,False,0.29,0.58,80笔 胜66% PF1.84 均+1.44% 组合112.1 撤-2.2% 半1.8/1.9,60笔 胜48% PF0.58 均-1.63% 组合90.4 撤-10.5% 半0.6/0.6,210笔 胜53% PF0.75 均-0.85% 组合83.6 撤-22.7% 半0.5/1.1
做多,7+172,2,BTC24h涨,止盈3% 止损8% 48h,1,False,0.29,1.18,50笔 胜68% PF1.18 均+0.30% 组合101.5 撤-1.9% 半1.1/1.2,62笔 胜77% PF1.42 均+0.66% 组合104.1 撤-2.6% 半2.0/1.1,222笔 胜73% PF1.36 均+0.56% 组合112.2 撤-5.4% 半1.0/2.0
做空,505,1,BTC24h涨,止盈1.5% 止损3% 12h,3,False,0.29,0.59,37笔 胜43% PF0.59 均-0.37% 组合98.6 撤-1.8% 半1.2/0.2,37笔 胜68% PF1.17 均+0.14% 组合100.5 撤-0.8% 半1.4/1.0,256笔 胜58% PF0.91 均-0.08% 组合97.9 撤-4.8% 半1.1/0.7
做空,503+641,2,BTC24h涨,止盈2% 止损5% 24h,0,False,0.29,0.86,33笔 胜85% PF2.10 均+0.86% 组合102.8 撤-1.4% 半2.6/1.7,43笔 胜70% PF0.86 均-0.21% 组合99.1 撤-2.0% 半1.2/0.7,257笔 胜73% PF1.00 均+0.00% 组合99.9 撤-3.4% 半1.0/1.0
做空,662+666,2,BTC24h涨,止盈1.5% 止损3% 12h,3,False,0.29,0.79,49笔 胜63% PF0.98 均-0.01% 组合99.9 撤-1.8% 半1.8/0.6,36笔 胜61% PF0.79 均-0.22% 组合99.2 撤-1.9% 半1.1/0.6,248笔 胜63% PF0.88 均-0.11% 组合97.4 撤-6.4% 半0.8/0.9
做空,664+667,2,不过滤,止盈2% 止损5% 24h,0,False,0.29,0.82,52笔 胜62% PF0.96 均-0.05% 组合99.7 撤-2.4% 半1.0/0.9,31笔 胜77% PF1.61 均+0.57% 组合101.8 撤-1.2% 半1.2/2.1,257笔 胜62% PF0.82 均-0.24% 组合93.9 撤-7.5% 半0.9/0.7
做空,664+667,2,不过滤,止盈3% 止损8% 48h,1,False,0.29,0.95,50笔 胜64% PF0.95 均-0.09% 组合99.5 撤-3.1% 半0.7/1.3,31笔 胜81% PF1.74 均+1.00% 组合103.1 撤-1.9% 半1.4/2.1,255笔 胜68% PF1.17 均+0.28% 组合106.9 撤-9.8% 半1.6/0.9
做空,664+667,2,不过滤,止盈1.5% 止损3% 12h,3,False,0.29,0.62,52笔 胜48% PF0.62 均-0.41% 组合97.9 撤-2.8% 半0.7/0.5,31笔 胜65% PF1.17 均+0.13% 组合100.4 撤-1.8% 半0.5/3.5,257笔 胜58% PF0.85 均-0.14% 组合96.5 撤-4.3% 半0.9/0.8
做多,7+8,2,BTC24h跌,止盈1.5% 止损3% 12h,3,False,0.28,0.52,33笔 胜45% PF0.52 均-0.55% 组合98.2 撤-2.3% 半0.4/0.6,16笔 胜62% PF0.87 均-0.13% 组合99.8 撤-0.9% 半0.5/2.0,272笔 胜65% PF0.97 均-0.03% 组合99.2 撤-4.9% 半1.0/1.0
做多,7+172,2,BTC24h涨,止盈5% 止损11% 72h,2,False,0.28,1.14,48笔 胜65% PF1.14 均+0.35% 组合101.6 撤-3.1% 半1.1/1.2,60笔 胜67% PF1.21 均+0.57% 组合103.2 撤-4.9% 半1.7/0.9,218笔 胜65% PF1.26 均+0.65% 组合111.5 撤-10.8% 半0.9/1.7
做空,505,1,BTC24h涨,止盈2% 止损5% 24h,0,False,0.28,0.65,36笔 胜56% PF0.65 均-0.50% 组合98.2 撤-3.4% 半1.8/0.2,34笔 胜74% PF1.32 均+0.33% 组合101.1 撤-1.0% 半1.6/1.1,247笔 胜60% PF0.83 均-0.22% 组合95.4 撤-8.7% 半1.2/0.6
做空,503+641,2,BTC24h涨,止盈3% 止损8% 48h,1,False,0.28,0.85,32笔 胜88% PF2.52 均+1.54% 组合105.0 撤-1.5% 半2.5/2.5,37笔 胜70% PF0.85 均-0.37% 组合98.6 撤-4.3% 半1.8/0.5,244笔 胜77% PF1.21 均+0.39% 组合109.6 撤-5.6% 半1.2/1.2
做空,662+666,2,BTC24h涨,止盈2% 止损5% 24h,0,False,0.28,0.83,48笔 胜71% PF1.23 均+0.23% 组合101.1 撤-1.7% 半2.1/0.8,36笔 胜64% PF0.83 均-0.26% 组合99.1 撤-2.9% 半2.2/0.4,248笔 胜67% PF0.99 均-0.01% 组合100.2 撤-5.0% 半0.8/1.3
做空,662+666,2,BTC24h涨,止盈3% 止损8% 48h,1,False,0.28,0.78,48笔 胜56% PF0.78 均-0.43% 组合97.9 撤-3.4% 半1.4/0.4,36笔 胜75% PF1.85 均+0.99% 组合103.6 撤-2.1% 半6.0/0.9,245笔 胜65% PF0.84 均-0.33% 组合92.8 撤-10.2% 半0.9/0.8
做空,662+666,2,BTC24h涨,止盈5% 止损11% 72h,2,False,0.28,0.63,48笔 胜48% PF0.63 均-1.20% 组合94.3 撤-5.8% 半0.8/0.5,35笔 胜69% PF1.43 均+0.92% 组合103.2 撤-3.0% 半3.7/0.8,244笔 胜64% PF0.89 均-0.32% 组合92.7 撤-11.6% 半1.0/0.8
做空,664+667,2,不过滤,止盈5% 止损11% 72h,2,False,0.28,0.73,50笔 胜50% PF0.84 均-0.46% 组合97.6 撤-5.0% 半0.7/0.9,30笔 胜53% PF0.73 均-0.87% 组合97.3 撤-5.2% 半0.5/1.3,250笔 胜64% PF1.08 均+0.21% 组合104.6 撤-12.5% 半1.6/0.7
做空,503+641,2,BTC24h涨,止盈5% 止损11% 72h,2,False,0.27,0.95,31笔 胜84% PF2.21 均+2.18% 组合106.8 撤-3.0% 半10.0/0.9,37笔 胜68% PF0.95 均-0.17% 组合99.3 撤-5.9% 半1.5/0.6,235笔 胜72% PF1.18 均+0.55% 组合113.1 撤-5.1% 半1.0/1.4
做空,641+642,2,BTC24h跌,止盈1.5% 止损3% 12h,3,False,0.27,0.58,16笔 胜56% PF0.58 均-0.57% 组合99.1 撤-1.4% 半0.3/1.4,24笔 胜62% PF0.76 均-0.29% 组合99.3 撤-1.3% 半0.5/1.4,261笔 胜62% PF0.74 均-0.31% 组合92.2 撤-9.1% 半1.0/0.6
做空,642+666,2,不过滤,止盈1.5% 止损3% 12h,3,False,0.27,0.32,24笔 胜62% PF0.76 均-0.29% 组合99.3 撤-1.1% 半0.9/0.6,34笔 胜41% PF0.32 均-1.26% 组合95.8 撤-4.4% 半0.4/0.2,246笔 胜64% PF0.80 均-0.23% 组合94.5 撤-6.1% 半0.9/0.7
做多,7+8,2,BTC24h跌,止盈2% 止损5% 24h,0,False,0.26,0.52,32笔 胜56% PF0.52 均-0.91% 组合97.1 撤-3.6% 半0.5/0.6,16笔 胜56% PF0.56 均-0.80% 组合98.7 撤-2.0% 半0.5/0.6,247笔 胜70% PF1.22 均+0.24% 组合106.1 撤-4.1% 半1.6/1.0
做空,505,1,BTC24h涨,止盈3% 止损8% 48h,1,False,0.26,0.74,35笔 胜54% PF0.81 均-0.33% 组合98.8 撤-3.4% 半1.7/0.4,33笔 胜79% PF1.47 均+0.72% 组合102.4 撤-2.3% 半1.5/1.5,235笔 胜59% PF0.74 均-0.58% 组合90.4 撤-13.9% 半1.1/0.5
做空,505,1,BTC24h涨,止盈5% 止损11% 72h,2,False,0.26,0.81,34笔 胜56% PF1.04 均+0.07% 组合100.2 撤-3.4% 半1.8/0.6,33笔 胜70% PF1.11 均+0.33% 组合101.0 撤-5.5% 半0.8/1.5,230笔 胜56% PF0.81 均-0.58% 组合91.6 撤-22.1% 半1.8/0.4
做空,544,1,BTC24h跌,止盈2% 止损5% 24h,0,False,0.26,0.89,27笔 胜70% PF2.53 均+0.67% 组合101.8 撤-0.6% 半3.7/1.6,21笔 胜76% PF1.37 均+0.39% 组合100.8 撤-1.5% 半0.9/2.6,246笔 胜60% PF0.89 均-0.14% 组合95.8 撤-7.2% 半0.7/1.1
做空,544,1,BTC24h跌,止盈3% 止损8% 48h,1,False,0.26,1.02,27笔 胜67% PF3.05 均+1.16% 组合103.2 撤-0.8% 半3.3/2.6,20笔 胜65% PF1.02 均+0.04% 组合100.1 撤-2.3% 半0.9/1.1,243笔 胜64% PF1.23 均+0.34% 组合106.9 撤-6.4% 半1.0/1.7
做空,544,1,BTC24h跌,止盈1.5% 止损3% 12h,3,False,0.26,0.82,27笔 胜52% PF1.31 均+0.14% 组合100.4 撤-0.7% 半2.0/0.8,23笔 胜65% PF0.91 均-0.09% 组合99.8 撤-1.0% 半0.5/1.7,248笔 胜56% PF0.82 均-0.17% 组合95.4 撤-6.3% 半0.6/1.2
做空,641+642,2,BTC24h跌,止盈2% 止损5% 24h,0,False,0.26,0.87,16笔 胜88% PF2.62 均+1.04% 组合101.7 撤-0.5% 半1.1/10.0,22笔 胜77% PF1.27 均+0.32% 组合100.7 撤-0.6% 半1.0/1.7,250笔 胜70% PF0.87 均-0.19% 组合95.1 撤-7.8% 半1.1/0.7
做空,642+666,2,不过滤,止盈2% 止损5% 24h,0,False,0.26,0.45,23笔 胜74% PF1.06 均+0.08% 组合100.2 撤-1.6% 半1.0/1.1,33笔 胜55% PF0.45 均-1.29% 组合95.8 撤-4.5% 半0.5/0.4,238笔 胜71% PF0.95 均-0.07% 组合98.2 撤-5.6% 半1.1/0.8
做空,642+666,2,不过滤,止盈3% 止损8% 48h,1,False,0.26,0.67,23笔 胜65% PF0.67 均-0.93% 组合97.9 撤-4.7% 半0.4/1.1,33笔 胜67% PF0.73 均-0.70% 组合97.7 撤-4.3% 半0.4/1.8,231笔 胜74% PF1.04 均+0.08% 组合101.6 撤-6.6% 半1.0/1.1
做多,8+167,2,BTC24h跌,止盈1.5% 止损3% 12h,3,False,0.25,0.66,29笔 胜55% PF0.66 均-0.40% 组合98.8 撤-1.9% 半1.4/0.3,37笔 胜78% PF1.95 均+0.51% 组合101.9 撤-0.6% 半1.9/2.0,215笔 胜66% PF0.92 均-0.09% 组合98.1 撤-5.1% 半1.2/0.7
做空,544,1,BTC24h跌,止盈5% 止损11% 72h,2,False,0.25,1.38,27笔 胜70% PF3.86 均+1.80% 组合104.9 撤-1.1% 半5.0/1.7,20笔 胜70% PF2.27 均+1.89% 组合103.8 撤-1.3% 半2.4/2.2,241笔 胜62% PF1.38 均+0.73% 组合112.7 撤-6.7% 半1.3/1.5
做空,642+666,2,不过滤,止盈5% 止损11% 72h,2,False,0.25,0.69,23笔 胜61% PF0.69 均-1.36% 组合96.8 撤-6.1% 半0.4/1.3,31笔 胜61% PF0.75 均-1.02% 组合96.8 撤-4.5% 半0.5/1.1,226笔 胜69% PF0.98 均-0.06% 组合98.1 撤-10.7% 半0.8/1.2
做多,8+167,2,BTC24h跌,止盈2% 止损5% 24h,0,False,0.24,1.0,28笔 胜71% PF1.04 均+0.05% 组合100.1 撤-1.3% 半0.9/1.2,37笔 胜84% PF4.13 均+1.20% 组合104.5 撤-0.5% 半2.6/9.6,208笔 胜70% PF1.00 均-0.00% 组合99.8 撤-5.9% 半1.3/0.8
做多,8+166+169,3,不过滤,止盈1.5% 止损3% 12h,3,False,0.24,0.68,39笔 胜56% PF0.68 均-0.36% 组合98.6 撤-1.6% 半1.0/0.5,40笔 胜65% PF1.05 均+0.04% 组合100.2 撤-1.4% 半1.7/0.7,195笔 胜66% PF1.03 均+0.03% 组合99.9 撤-4.2% 半0.9/1.1
做空,641+642,2,BTC24h跌,止盈3% 止损8% 48h,1,False,0.24,1.02,16笔 胜81% PF1.45 均+0.68% 组合101.1 撤-1.6% 半0.6/10.0,20笔 胜75% PF1.08 均+0.16% 组合100.3 撤-2.4% 半0.8/1.4,235笔 胜74% PF1.02 均+0.05% 组合101.0 撤-7.5% 半1.3/0.8
做多,7+8,2,BTC24h跌,止盈3% 止损8% 48h,1,False,0.23,0.5,31笔 胜52% PF0.50 均-1.42% 组合95.7 撤-5.4% 半0.3/0.8,15笔 胜60% PF0.64 均-0.94% 组合98.6 撤-2.3% 半0.3/1.2,219笔 胜64% PF0.90 均-0.21% 组合95.3 撤-11.0% 半1.3/0.6
做多,7+168,2,BTC24h跌,止盈2% 止损5% 24h,0,False,0.23,0.36,40笔 胜45% PF0.36 均-1.37% 组合94.7 撤-6.2% 半0.3/0.4,20笔 胜65% PF1.14 均+0.14% 组合100.3 撤-0.9% 半1.0/1.3,212笔 胜70% PF1.31 均+0.31% 组合106.6 撤-1.8% 半1.2/1.4
做多,7+168,2,BTC24h跌,止盈3% 止损8% 48h,1,False,0.23,0.28,40笔 胜35% PF0.28 均-2.37% 组合90.9 撤-9.9% 半0.3/0.2,20笔 胜75% PF2.43 均+1.23% 组合102.5 撤-0.9% 半3.4/1.9,210笔 胜70% PF1.30 均+0.47% 组合110.1 撤-5.5% 半1.0/1.9
做多,7+168,2,BTC24h跌,止盈5% 止损11% 72h,2,False,0.23,0.44,40笔 胜40% PF0.44 均-2.21% 组合91.5 撤-10.3% 半0.7/0.2,19笔 胜58% PF0.98 均-0.06% 组合99.8 撤-2.1% 半0.8/1.1,209笔 胜57% PF0.97 均-0.08% 组合97.8 撤-10.9% 半0.8/1.2
做多,7+168,2,BTC24h跌,止盈1.5% 止损3% 12h,3,False,0.23,0.24,40笔 胜28% PF0.24 均-1.20% 组合95.3 撤-4.8% 半0.2/0.4,20笔 胜55% PF0.71 均-0.32% 组合99.4 撤-1.0% 半0.5/1.0,213笔 胜67% PF1.16 均+0.12% 组合102.6 撤-1.9% 半0.9/1.6
做多,8+167,2,BTC24h跌,止盈3% 止损8% 48h,1,False,0.23,0.55,26笔 胜54% PF0.55 均-1.29% 组合96.7 撤-3.6% 半0.5/0.6,37笔 胜73% PF1.67 均+0.80% 组合103.0 撤-1.0% 半1.3/2.6,199笔 胜69% PF1.00 均+0.01% 组合100.0 撤-8.2% 半1.3/0.8
做多,167+169,2,BTC24h涨,止盈2% 止损5% 24h,0,False,0.23,0.64,34笔 胜56% PF0.64 均-0.59% 组合98.0 撤-2.6% 半0.4/1.0,40笔 胜65% PF0.84 均-0.23% 组合99.1 撤-2.3% 半1.3/0.6,189笔 胜67% PF0.88 均-0.17% 组合96.8 撤-6.7% 半0.8/1.0
做多,167+169,2,BTC24h涨,止盈3% 止损8% 48h,1,False,0.23,0.81,34笔 胜65% PF0.95 均-0.10% 组合99.6 撤-2.0% 半0.6/1.7,40笔 胜65% PF0.81 均-0.44% 组合98.2 撤-5.5% 半2.5/0.4,188笔 胜65% PF0.88 均-0.26% 组合94.9 撤-9.5% 半0.8/1.0
做多,167+169,2,BTC24h涨,止盈5% 止损11% 72h,2,False,0.23,0.84,33笔 胜58% PF0.94 均-0.17% 组合99.4 撤-4.1% 半0.4/2.2,40笔 胜57% PF0.84 均-0.54% 组合97.8 撤-6.7% 半1.9/0.5,188笔 胜63% PF1.04 均+0.10% 组合101.2 撤-11.2% 半0.7/1.7
做多,167+169,2,BTC24h涨,止盈1.5% 止损3% 12h,3,False,0.23,0.68,34笔 胜59% PF0.68 均-0.39% 组合98.7 撤-1.9% 半0.4/1.1,40笔 胜65% PF0.98 均-0.02% 组合99.9 撤-1.2% 半1.6/0.6,189笔 胜61% PF0.84 均-0.16% 组合97.0 撤-5.4% 半0.7/1.0
做多,8+166+169,3,不过滤,止盈2% 止损5% 24h,0,False,0.23,0.62,39笔 胜56% PF0.62 均-0.60% 组合97.7 撤-3.1% 半0.5/0.7,40笔 胜78% PF1.41 均+0.41% 组合101.6 撤-0.8% 半2.0/1.0,194笔 胜68% PF1.19 均+0.20% 组合102.8 撤-2.9% 半1.2/1.2
做多,8+166+169,3,不过滤,止盈3% 止损8% 48h,1,False,0.23,0.5,39笔 胜49% PF0.50 均-1.12% 组合95.7 撤-5.2% 半0.6/0.4,39笔 胜74% PF1.35 均+0.52% 组合102.0 撤-1.6% 半1.7/1.2,192笔 胜73% PF1.44 均+0.62% 组合109.8 撤-7.3% 半1.2/1.9
做多,8+166+169,3,不过滤,止盈5% 止损11% 72h,2,False,0.23,0.6,39笔 胜46% PF0.60 均-1.33% 组合94.9 撤-6.5% 半0.5/0.8,39笔 胜64% PF1.32 均+0.70% 组合102.7 撤-1.9% 半1.1/1.5,191笔 胜60% PF1.02 均+0.06% 组合95.1 撤-15.9% 半0.7/1.5
做空,641+642,2,BTC24h跌,止盈5% 止损11% 72h,2,False,0.23,0.82,16笔 胜69% PF1.47 均+1.08% 组合101.7 撤-1.9% 半0.6/11.1,20笔 胜65% PF0.82 均-0.70% 组合98.6 撤-4.4% 半0.7/1.0,220笔 胜73% PF1.22 均+0.65% 组合114.7 撤-9.9% 半1.3/1.1
做多,8+167,2,BTC24h跌,止盈5% 止损11% 72h,2,False,0.22,0.36,26笔 胜38% PF0.36 均-3.04% 组合92.3 撤-8.1% 半0.4/0.3,36笔 胜64% PF1.12 均+0.30% 组合101.0 撤-2.8% 半1.6/0.8,191笔 胜59% PF0.77 均-0.81% 组合85.2 撤-17.8% 半0.7/0.8
做多,105+173,2,BTC24h跌,止盈2% 止损5% 24h,0,False,0.22,0.51,56笔 胜64% PF0.98 均-0.02% 组合99.9 撤-1.6% 半0.8/1.2,28笔 胜57% PF0.51 均-1.07% 组合97.0 撤-4.3% 半0.7/0.4,183笔 胜66% PF0.98 均-0.02% 组合99.8 撤-6.4% 半0.7/1.6
做多,105+173,2,BTC24h跌,止盈3% 止损8% 48h,1,False,0.22,0.6,56笔 胜73% PF1.64 均+0.78% 组合104.4 撤-2.0% 半1.7/1.6,28笔 胜61% PF0.60 均-1.11% 组合96.9 撤-4.5% 半0.9/0.4,182笔 胜73% PF1.38 均+0.58% 组合109.1 撤-4.5% 半1.1/1.9
做多,105+173,2,BTC24h跌,止盈5% 止损11% 72h,2,False,0.22,0.85,56笔 胜68% PF1.42 均+0.94% 组合105.3 撤-3.0% 半1.2/1.7,27笔 胜56% PF0.85 均-0.45% 组合98.7 撤-3.7% 半1.3/0.6,182笔 胜62% PF1.02 均+0.06% 组合100.8 撤-12.3% 半0.6/1.8
做多,105+173,2,BTC24h跌,止盈1.5% 止损3% 12h,3,False,0.22,0.88,57笔 胜65% PF1.03 均+0.02% 组合100.1 撤-1.7% 半0.7/1.6,28笔 胜64% PF0.88 均-0.13% 组合99.6 撤-1.7% 半1.7/0.5,184笔 胜64% PF0.97 均-0.03% 组合100.6 撤-4.6% 半0.5/2.0
做多,7+8,2,BTC24h跌,止盈5% 止损11% 72h,2,False,0.21,0.67,29笔 胜55% PF0.67 均-1.03% 组合97.0 撤-5.8% 半0.7/0.7,15笔 胜53% PF0.72 均-1.02% 组合98.5 撤-2.7% 半0.5/1.0,200笔 胜57% PF0.85 均-0.48% 组合91.9 撤-11.9% 半1.0/0.7
做多,167+172,2,BTC24h跌,止盈1.5% 止损3% 12h,3,False,0.21,0.54,33笔 胜64% PF0.85 均-0.15% 组合99.5 撤-1.5% 半1.5/0.5,33笔 胜55% PF0.54 均-0.63% 组合97.9 撤-2.1% 半0.4/0.8,173笔 胜62% PF0.80 均-0.22% 组合96.3 撤-5.5% 半1.0/0.6
做多,8+166+169,3,BTC24h涨,止盈2% 止损5% 24h,0,False,0.21,0.54,33笔 胜52% PF0.54 均-0.79% 组合97.4 撤-3.0% 半0.5/0.6,38笔 胜76% PF1.35 均+0.36% 组合101.4 撤-0.8% 半2.0/1.0,169笔 胜68% PF1.23 均+0.23% 组合102.8 撤-3.4% 半1.1/1.3
做多,8+166+169,3,BTC24h涨,止盈1.5% 止损3% 12h,3,False,0.21,0.71,33笔 胜58% PF0.71 均-0.32% 组合98.9 撤-1.2% 半1.0/0.5,38笔 胜66% PF1.10 均+0.09% 组合100.3 撤-1.4% 半2.2/0.6,170笔 胜65% PF0.97 均-0.03% 组合98.9 撤-4.6% 半0.9/1.1
做多,167+172,2,BTC24h跌,止盈2% 止损5% 24h,0,False,0.2,0.53,33笔 胜67% PF0.91 均-0.13% 组合99.6 撤-1.3% 半1.0/0.8,32笔 胜53% PF0.53 均-0.91% 组合97.1 撤-3.6% 半0.7/0.4,169笔 胜66% PF0.91 均-0.13% 组合97.7 撤-7.1% 半1.5/0.6
做多,167+172,2,BTC24h跌,止盈3% 止损8% 48h,1,False,0.2,0.64,32笔 胜66% PF0.95 均-0.10% 组合99.6 撤-2.2% 半0.6/1.8,32笔 胜59% PF0.64 均-0.97% 组合96.9 撤-3.9% 半0.7/0.6,166笔 胜69% PF1.00 均+0.01% 组合99.8 撤-5.8% 半1.2/0.8
做多,8+166+169,3,BTC24h涨,止盈3% 止损8% 48h,1,False,0.2,0.42,33笔 胜42% PF0.42 均-1.40% 组合95.4 撤-5.1% 半0.5/0.3,37笔 胜73% PF1.25 均+0.39% 组合101.4 撤-1.6% 半1.5/1.1,167笔 胜74% PF1.50 均+0.68% 组合109.1 撤-5.8% 半1.2/2.0
做多,8+166+169,3,BTC24h涨,止盈5% 止损11% 72h,2,False,0.2,0.58,33笔 胜42% PF0.58 均-1.37% 组合95.5 撤-5.0% 半0.5/0.6,37笔 胜65% PF1.28 均+0.63% 组合102.3 撤-1.9% 半1.2/1.4,166笔 胜62% PF1.11 均+0.30% 组合98.9 撤-13.1% 半0.8/1.5
做多,192,1,不过滤,止盈2% 止损5% 24h,0,False,0.19,0.71,42笔 胜64% PF1.57 均+0.42% 组合101.8 撤-1.5% 半2.1/1.1,32笔 胜81% PF2.03 均+0.74% 组合102.4 撤-1.8% 半1.1/11.2,152笔 胜53% PF0.71 均-0.40% 组合94.0 撤-10.2% 半0.3/1.9
做多,192,1,不过滤,止盈3% 止损8% 48h,1,False,0.19,0.93,40笔 胜68% PF1.42 均+0.52% 组合102.1 撤-1.9% 半1.1/1.9,31笔 胜74% PF1.63 均+0.84% 组合102.6 撤-2.7% 半1.2/2.5,150笔 胜57% PF0.93 均-0.11% 组合97.7 撤-10.9% 半0.5/2.3
做多,192,1,不过滤,止盈1.5% 止损3% 12h,3,False,0.19,0.63,42笔 胜69% PF2.37 均+0.50% 组合102.1 撤-1.0% 半6.6/1.1,32笔 胜75% PF1.61 均+0.36% 组合101.2 撤-0.8% 半1.0/3.1,155笔 胜46% PF0.63 均-0.37% 组合94.3 撤-7.5% 半0.3/1.4
做多,167+172,2,BTC24h跌,止盈5% 止损11% 72h,2,False,0.19,0.42,31笔 胜42% PF0.42 均-2.81% 组合91.6 撤-9.8% 半0.4/0.4,31笔 胜65% PF1.07 均+0.20% 组合100.6 撤-2.8% 半2.3/0.6,162笔 胜63% PF0.92 均-0.25% 组合95.8 撤-10.3% 半1.1/0.8
做多,192,1,不过滤,止盈5% 止损11% 72h,2,False,0.18,1.07,40笔 胜55% PF1.28 均+0.54% 组合102.1 撤-2.3% 半2.1/0.9,31笔 胜77% PF1.94 均+1.73% 组合105.4 撤-3.3% 半1.4/2.9,149笔 胜52% PF1.07 均+0.15% 组合99.8 撤-10.3% 半0.7/1.9
做多,63,1,不过滤,止盈2% 止损5% 24h,0,False,0.15,0.7,15笔 胜93% PF5.25 均+1.46% 组合102.2 撤-0.5% 半2.2/10.0,20笔 胜65% PF0.70 均-0.55% 组合98.9 撤-1.6% 半0.6/0.9,132笔 胜71% PF0.93 均-0.11% 组合100.8 撤-3.2% 半0.7/1.4
做多,63,1,不过滤,止盈1.5% 止损3% 12h,3,False,0.15,0.68,16笔 胜88% PF3.18 均+0.86% 组合101.4 撤-0.5% 半1.4/10.0,20笔 胜60% PF0.68 均-0.40% 组合99.2 撤-1.2% 半0.7/0.7,134笔 胜65% PF0.84 均-0.18% 组合100.3 撤-3.5% 半0.5/1.7
做多,170,1,不过滤,止盈1.5% 止损3% 12h,3,False,0.15,0.66,72笔 胜76% PF1.47 均+0.35% 组合102.5 撤-1.4% 半1.4/1.6,27笔 胜59% PF0.66 均-0.44% 组合98.8 撤-1.6% 半0.5/0.8,96笔 胜65% PF0.83 均-0.19% 组合98.1 撤-2.9% 半1.0/0.7
做多,63,1,不过滤,止盈3% 止损8% 48h,1,False,0.14,1.08,15笔 胜87% PF2.34 均+1.45% 组合102.2 撤-0.8% 半0.9/10.0,20笔 胜75% PF1.08 均+0.16% 组合100.3 撤-2.4% 半1.4/0.8,124笔 胜83% PF1.76 均+1.05% 组合108.0 撤-3.5% 半1.7/1.9
做多,170,1,不过滤,止盈2% 止损5% 24h,0,False,0.14,1.02,68笔 胜74% PF1.04 均+0.06% 组合100.3 撤-3.2% 半1.0/1.0,26笔 胜77% PF1.25 均+0.30% 组合100.8 撤-1.3% 半1.2/1.2,93笔 胜73% PF1.02 均+0.03% 组合100.2 撤-3.1% 半1.3/0.8
做多,63,1,不过滤,止盈5% 止损11% 72h,2,False,0.13,2.21,14笔 胜86% PF2.23 均+1.96% 组合102.7 撤-1.7% 半1.1/10.0,18笔 胜83% PF2.21 均+2.25% 组合104.0 撤-3.3% 半10.0/0.9,113笔 胜85% PF2.61 均+2.58% 组合116.4 撤-3.1% 半3.7/2.0
做多,63,1,BTC24h跌,止盈2% 止损5% 24h,0,False,0.13,0.64,14笔 胜93% PF4.87 均+1.42% 组合102.0 撤-0.5% 半2.2/10.0,19笔 胜63% PF0.64 均-0.68% 组合98.7 撤-1.6% 半0.5/0.9,114笔 胜72% PF0.96 均-0.06% 组合101.6 撤-3.2% 半0.6/1.8
做多,63,1,BTC24h跌,止盈3% 止损8% 48h,1,False,0.13,1.01,14笔 胜86% PF2.16 均+1.35% 组合101.9 撤-0.8% 半0.9/10.0,19笔 胜74% PF1.01 均+0.02% 组合100.0 撤-2.4% 半1.3/0.8,109笔 胜84% PF1.95 均+1.20% 组合108.1 撤-3.5% 半1.6/2.5
做多,63,1,BTC24h跌,止盈1.5% 止损3% 12h,3,False,0.13,0.62,14笔 胜86% PF2.73 均+0.78% 组合101.1 撤-0.5% 半1.1/10.0,19笔 胜58% PF0.62 均-0.50% 组合99.0 撤-1.2% 半0.6/0.7,115笔 胜63% PF0.79 均-0.24% 组合99.9 撤-3.5% 半0.4/1.9
做多,170,1,不过滤,止盈3% 止损8% 48h,1,False,0.13,0.91,61笔 胜72% PF0.93 均-0.16% 组合98.8 撤-7.2% 半0.4/3.4,25笔 胜88% PF2.64 均+1.60% 组合104.0 撤-1.6% 半1.8/4.3,88笔 胜72% PF0.91 均-0.22% 组合97.9 撤-6.8% 半1.2/0.7
做多,170,1,BTC24h跌,止盈1.5% 止损3% 12h,3,False,0.13,0.66,72笔 胜76% PF1.47 均+0.35% 组合102.5 撤-1.4% 半1.4/1.6,27笔 胜59% PF0.66 均-0.44% 组合98.8 撤-1.6% 半0.5/0.8,78笔 胜69% PF1.02 均+0.02% 组合100.1 撤-2.6% 半1.2/0.9
做空,561,1,不过滤,止盈2% 止损5% 24h,0,False,0.13,0.65,21笔 胜71% PF0.94 均-0.09% 组合99.8 撤-1.9% 半3.4/0.4,29笔 胜62% PF0.65 均-0.64% 组合98.1 撤-3.6% 半0.4/1.2,102笔 胜89% PF3.10 均+1.17% 组合112.1 撤-2.6% 半2.4/4.4
做空,561,1,不过滤,止盈3% 止损8% 48h,1,False,0.13,0.32,21笔 胜71% PF1.02 均+0.04% 组合100.0 撤-1.9% 半1.4/0.8,29笔 胜45% PF0.32 均-2.75% 组合92.1 撤-9.4% 半0.3/0.3,102笔 胜90% PF3.77 均+1.94% 组合119.0 撤-5.6% 半2.3/9.9
做空,561,1,不过滤,止盈5% 止损11% 72h,2,False,0.13,0.48,20笔 胜70% PF1.03 均+0.10% 组合100.1 撤-3.3% 半1.0/1.0,28笔 胜50% PF0.48 均-2.51% 组合93.0 撤-8.8% 半0.5/0.5,101笔 胜80% PF2.84 均+2.52% 组合122.6 撤-8.7% 半1.9/5.1
做空,561,1,不过滤,止盈1.5% 止损3% 12h,3,False,0.13,0.61,21笔 胜57% PF0.61 均-0.53% 组合98.9 撤-2.4% 半4.1/0.2,29笔 胜69% PF1.01 均+0.01% 组合100.0 撤-1.9% 半0.5/2.9,102笔 胜84% PF2.42 均+0.70% 组合107.4 撤-0.9% 半2.1/2.8
做多,170,1,不过滤,止盈5% 止损11% 72h,2,False,0.12,0.85,54笔 胜70% PF1.05 均+0.17% 组合100.3 撤-8.2% 半0.5/3.5,25笔 胜84% PF2.32 均+2.36% 组合106.0 撤-2.2% 半1.3/5.3,82笔 胜66% PF0.85 均-0.56% 组合94.9 撤-15.3% 半1.6/0.5
做多,170,1,BTC24h跌,止盈2% 止损5% 24h,0,False,0.12,1.04,68笔 胜74% PF1.04 均+0.06% 组合100.3 撤-3.2% 半1.0/1.0,26笔 胜77% PF1.25 均+0.30% 组合100.8 撤-1.3% 半1.2/1.2,76笔 胜74% PF1.05 均+0.07% 组合100.5 撤-3.1% 半1.7/0.7
做多,170,1,BTC24h跌,止盈3% 止损8% 48h,1,False,0.12,0.93,61笔 胜72% PF0.93 均-0.16% 组合98.8 撤-7.2% 半0.4/3.4,25笔 胜88% PF2.64 均+1.60% 组合104.0 撤-1.6% 半1.8/4.3,74笔 胜73% PF0.97 均-0.06% 组合99.4 撤-5.6% 半1.5/0.7
做多,63,1,BTC24h跌,止盈5% 止损11% 72h,2,False,0.11,2.01,13笔 胜85% PF2.01 均+1.73% 组合102.2 撤-1.7% 半0.9/10.0,17笔 胜82% PF2.06 均+2.09% 组合103.5 撤-3.3% 半10.0/0.9,99笔 胜89% PF3.54 均+3.14% 组合118.7 撤-2.9% 半6.8/2.3
做多,170,1,BTC24h跌,止盈5% 止损11% 72h,2,False,0.11,1.01,54笔 胜70% PF1.05 均+0.17% 组合100.3 撤-8.2% 半0.5/3.5,25笔 胜84% PF2.32 均+2.36% 组合106.0 撤-2.2% 半1.3/5.3,69笔 胜70% PF1.01 均+0.04% 组合99.7 撤-11.6% 半2.1/0.6
