范围,规则,出场,k,过关,2022-23,2024-25,2025-26,最差PF,平均每天,平均每笔,分数
头部币,L_C144_0.1|glob,止盈5% 止损11% 72h,2,True,236笔 每天0.31 胜77% PF1.5199999809265137 均+1.30% 组合123.9 撤-12.1%,206笔 每天0.57 胜82% PF2.180000066757202 均+2.20% 组合147.7 撤-16.9%,214笔 每天0.6 胜73% PF1.4500000476837158 均+1.11% 组合105.6 撤-12.2%,1.45,0.49,1.535,0.752
头部币,L_A142_0.04|own,止盈5% 止损11% 72h,2,True,59笔 每天0.08 胜83% PF4.409999847412109 均+3.04% 组合117.1 撤-2.2%,45笔 每天0.13 胜91% PF6.429999828338623 均+3.68% 组合117.9 撤-1.4%,43笔 每天0.12 胜86% PF3.7200000286102295 均+3.02% 组合113.8 撤-3.6%,3.72,0.11,3.249,0.357
头部币,L_A142_0.035|own,止盈3% 止损8% 48h,1,True,126笔 每天0.17 胜77% PF1.5 均+0.75% 组合108.5 撤-4.9%,89笔 每天0.25 胜90% PF3.799999952316284 均+1.94% 组合116.6 撤-1.3%,110笔 每天0.31 胜87% PF2.450000047683716 均+1.50% 组合117.5 撤-2.4%,1.5,0.24,1.399,0.336
头部币,L_A142_0.04|own,止盈3% 止损8% 48h,1,True,60笔 每天0.08 胜87% PF3.2799999713897705 均+1.76% 组合109.8 撤-1.4%,46笔 每天0.13 胜96% PF11.960000038146973 均+2.57% 组合112.5 撤-0.8%,44笔 每天0.12 胜98% PF15.470000267028809 均+2.68% 组合112.5 撤-0.8%,3.28,0.11,2.337,0.257
头部币,L_A141_0.04|own,止盈5% 止损11% 72h,2,True,63笔 每天0.08 胜73% PF1.4299999475479126 均+1.05% 组合106.5 撤-5.6%,34笔 每天0.09 胜85% PF3.880000114440918 均+2.96% 组合110.4 撤-2.2%,44笔 每天0.12 胜80% PF2.6500000953674316 均+2.37% 组合107.1 撤-2.7%,1.43,0.1,2.128,0.213
头部币,L_A142_0.04|own,止盈2% 止损5% 24h,0,True,60笔 每天0.08 胜90% PF3.369999885559082 均+1.22% 组合106.7 撤-0.8%,51笔 每天0.14 胜96% PF9.1899995803833 均+1.65% 组合108.8 撤-0.5%,45笔 每天0.13 胜96% PF8.0600004196167 均+1.62% 组合107.5 撤-0.6%,3.37,0.12,1.496,0.18
头部币,L_C144_0.08|own,止盈3% 止损8% 48h,1,True,52笔 每天0.07 胜81% PF1.5099999904632568 均+0.80% 组合104.2 撤-1.6%,69笔 每天0.19 胜87% PF2.4000000953674316 均+1.49% 组合110.0 撤-1.6%,71笔 每天0.2 胜83% PF1.9299999475479126 均+1.17% 组合108.6 撤-2.9%,1.51,0.15,1.153,0.173
头部币,L_A141_0.04|own,止盈3% 止损8% 48h,1,True,64笔 每天0.08 胜80% PF1.7400000095367432 均+0.96% 组合106.3 撤-3.4%,35笔 每天0.1 胜86% PF2.5999999046325684 均+1.50% 组合105.3 撤-0.8%,45笔 每天0.13 胜96% PF7.730000019073486 均+2.44% 组合109.3 撤-0.8%,1.74,0.1,1.634,0.163
头部币,L_A141_0.04|own,止盈2% 止损5% 24h,0,True,65笔 每天0.09 胜80% PF1.6100000143051147 均+0.59% 组合103.8 撤-2.4%,37笔 每天0.1 胜86% PF2.4000000953674316 均+0.97% 组合103.6 撤-1.7%,45笔 每天0.13 胜89% PF3.7300000190734863 均+1.26% 组合104.6 撤-0.8%,1.61,0.11,0.939,0.103
头部币,L_A142_0.04|own,止盈1.5% 止损3% 12h,3,True,60笔 每天0.08 胜80% PF1.8200000524520874 均+0.51% 组合102.5 撤-1.3%,52笔 每天0.14 胜88% PF3.4800000190734863 均+0.90% 组合104.8 撤-0.6%,45笔 每天0.13 胜80% PF1.8200000524520874 均+0.51% 组合102.3 撤-1.2%,1.82,0.12,0.643,0.077
头部币,L_A141_0.04|own,止盈1.5% 止损3% 12h,3,True,65笔 每天0.09 胜78% PF1.649999976158142 均+0.44% 组合102.9 撤-1.2%,38笔 每天0.11 胜76% PF1.4600000381469727 均+0.35% 组合101.3 撤-1.1%,45笔 每天0.13 胜87% PF3.2899999618530273 均+0.86% 组合103.1 撤-0.6%,1.46,0.11,0.551,0.061
头部币,L_A141_0.025|any,止盈2% 止损5% 24h,0,False,1848笔 每天2.44 胜70% PF0.9599999785423279 均-0.06% 组合83.7 撤-40.9%,1298笔 每天3.62 胜71% PF0.9399999976158142 均-0.09% 组合93.7 撤-34.6%,1780笔 每天4.96 胜73% PF1.1200000047683716 均+0.15% 组合94.7 撤-28.4%,0.94,3.67,0.001,0.0
头部币,L_A141_0.025|any,止盈3% 止损8% 48h,1,False,1664笔 每天2.2 胜70% PF1.0399999618530273 均+0.08% 组合94.0 撤-46.3%,1132笔 每天3.15 胜70% PF0.949999988079071 均-0.12% 组合95.6 撤-39.4%,1608笔 每天4.48 胜72% PF1.0700000524520874 均+0.13% 组合96.8 撤-32.1%,0.95,3.28,0.028,0.0
头部币,L_A141_0.025|any,止盈5% 止损11% 72h,2,False,1406笔 每天1.86 胜62% PF0.949999988079071 均-0.15% 组合62.4 撤-63.7%,976笔 每天2.72 胜67% PF1.1399999856948853 均+0.38% 组合111.4 撤-39.0%,1376笔 每天3.83 胜63% PF0.9900000095367432 均-0.03% 组合76.9 撤-51.8%,0.95,2.8,0.068,0.0
头部币,L_A141_0.025|any,止盈1.5% 止损3% 12h,3,False,2021笔 每天2.67 胜65% PF0.8899999856948853 均-0.12% 组合75.4 撤-37.6%,1427笔 每天3.97 胜66% PF0.8899999856948853 均-0.12% 组合88.4 撤-28.2%,1876笔 每天5.23 胜68% PF0.9800000190734863 均-0.01% 组合90.2 撤-25.5%,0.89,3.96,-0.084,0.0
头部币,L_A141_0.025|glob,止盈2% 止损5% 24h,0,False,2806笔 每天3.71 胜70% PF0.9599999785423279 均-0.06% 组合77.5 撤-51.7%,1826笔 每天5.09 胜72% PF0.9900000095367432 均-0.01% 组合105.5 撤-32.9%,2558笔 每天7.13 胜73% PF1.100000023841858 均+0.12% 组合97.3 撤-25.5%,0.96,5.31,0.017,0.0
头部币,L_A141_0.025|glob,止盈3% 止损8% 48h,1,False,2395笔 每天3.17 胜70% PF1.0199999809265137 均+0.05% 组合89.9 撤-54.6%,1553笔 每天4.33 胜72% PF1.0199999809265137 均+0.05% 组合121.8 撤-40.3%,2244笔 每天6.25 胜72% PF1.0700000524520874 均+0.14% 组合100.4 撤-32.7%,1.02,4.58,0.078,0.0
头部币,L_A141_0.025|glob,止盈5% 止损11% 72h,2,False,1960笔 每天2.59 胜64% PF1.0 均-0.00% 组合76.1 撤-65.3%,1300笔 每天3.62 胜68% PF1.2100000381469727 均+0.58% 组合138.0 撤-42.8%,1826笔 每天5.09 胜63% PF1.0 均-0.01% 组合81.0 撤-53.6%,1.0,3.77,0.187,0.0
头部币,L_A141_0.025|glob,止盈1.5% 止损3% 12h,3,False,3189笔 每天4.22 胜66% PF0.9100000262260437 均-0.09% 组合69.4 撤-44.3%,2048笔 每天5.7 胜67% PF0.9300000071525574 均-0.07% 组合93.6 撤-29.1%,2752笔 每天7.67 胜68% PF1.0199999809265137 均+0.02% 组合96.6 撤-23.2%,0.91,5.86,-0.049,0.0
头部币,L_A141_0.025|none,止盈2% 止损5% 24h,0,False,3212笔 每天4.25 胜70% PF0.9399999976158142 均-0.08% 组合69.0 撤-55.2%,2159笔 每天6.01 胜73% PF1.0499999523162842 均+0.07% 组合110.4 撤-34.0%,2988笔 每天8.32 胜72% PF1.059999942779541 均+0.08% 组合95.8 撤-28.3%,0.94,6.19,0.022,0.0
头部币,L_A141_0.025|none,止盈3% 止损8% 48h,1,False,2702笔 每天3.57 胜70% PF1.0299999713897705 均+0.07% 组合90.7 撤-54.2%,1815笔 每天5.06 胜72% PF1.059999942779541 均+0.11% 组合119.8 撤-42.5%,2600笔 每天7.24 胜71% PF1.0299999713897705 均+0.07% 组合103.0 撤-34.2%,1.03,5.29,0.082,0.0
头部币,L_A141_0.025|none,止盈5% 止损11% 72h,2,False,2197笔 每天2.91 胜64% PF1.0199999809265137 均+0.06% 组合72.8 撤-69.2%,1517笔 每天4.23 胜69% PF1.2699999809265137 均+0.70% 组合141.7 撤-42.3%,2081笔 每天5.8 胜62% PF0.9399999976158142 均-0.17% 组合82.0 撤-54.2%,0.94,4.31,0.193,0.0
头部币,L_A141_0.025|none,止盈1.5% 止损3% 12h,3,False,3702笔 每天4.9 胜66% PF0.8999999761581421 均-0.11% 组合63.7 撤-46.9%,2456笔 每天6.84 胜69% PF1.0 均-0.00% 组合105.6 撤-25.7%,3259笔 每天9.08 胜68% PF0.9900000095367432 均-0.01% 组合95.4 撤-23.9%,0.9,6.94,-0.037,0.0
头部币,L_A141_0.025|own,止盈2% 止损5% 24h,0,False,386笔 每天0.51 胜70% PF0.9700000286102295 均-0.04% 组合98.2 撤-11.0%,275笔 每天0.77 胜72% PF0.9800000190734863 均-0.03% 组合98.9 撤-12.8%,374笔 每天1.04 胜72% PF1.0199999809265137 均+0.02% 组合96.3 撤-13.0%,0.97,0.77,-0.015,0.0
头部币,L_A141_0.025|own,止盈3% 止损8% 48h,1,False,373笔 每天0.49 胜70% PF1.0299999713897705 均+0.05% 组合101.1 撤-17.6%,260笔 每天0.72 胜75% PF1.2400000095367432 均+0.41% 组合110.9 撤-14.2%,359笔 每天1.0 胜74% PF1.1699999570846558 均+0.30% 组合102.0 撤-15.3%,1.03,0.74,0.257,0.0
头部币,L_A141_0.025|own,止盈5% 止损11% 72h,2,False,350笔 每天0.46 胜60% PF0.8500000238418579 均-0.47% 组合83.1 撤-29.8%,251笔 每天0.7 胜71% PF1.399999976158142 均+0.99% 组合126.8 撤-12.2%,336笔 每天0.94 胜66% PF1.100000023841858 均+0.28% 组合98.5 撤-26.6%,0.85,0.7,0.267,0.0
头部币,L_A141_0.025|own,止盈1.5% 止损3% 12h,3,False,410笔 每天0.54 胜67% PF0.9800000190734863 均-0.02% 组合99.1 撤-8.0%,283笔 每天0.79 胜70% PF1.0499999523162842 均+0.04% 组合101.1 撤-8.6%,391笔 每天1.09 胜70% PF1.0700000524520874 均+0.06% 组合96.8 撤-10.1%,0.98,0.81,0.031,0.0
头部币,L_A141_0.02|any,止盈2% 止损5% 24h,0,False,3503笔 每天4.63 胜70% PF0.9900000095367432 均-0.02% 组合86.8 撤-49.6%,2530笔 每天7.05 胜72% PF1.0299999713897705 均+0.04% 组合109.0 撤-31.6%,3507笔 每天9.77 胜71% PF1.059999942779541 均+0.08% 组合95.4 撤-33.2%,0.99,7.15,0.031,0.0
头部币,L_A141_0.02|any,止盈3% 止损8% 48h,1,False,2990笔 每天3.96 胜70% PF1.0399999618530273 均+0.08% 组合107.1 撤-57.6%,2074笔 每天5.78 胜71% PF1.0199999809265137 均+0.04% 组合88.9 撤-51.4%,3010笔 每天8.38 胜69% PF0.9800000190734863 均-0.05% 组合88.4 撤-48.1%,0.98,6.04,0.023,0.0
头部币,L_A141_0.02|any,止盈5% 止损11% 72h,2,False,2344笔 每天3.1 胜63% PF1.0099999904632568 均+0.02% 组合79.0 撤-67.6%,1636笔 每天4.56 胜66% PF1.159999966621399 均+0.43% 组合101.1 撤-51.7%,2360笔 每天6.57 胜59% PF0.8799999952316284 均-0.38% 组合68.7 撤-55.9%,0.88,4.74,0.024,0.0
头部币,L_A141_0.02|any,止盈1.5% 止损3% 12h,3,False,3898笔 每天5.16 胜65% PF0.8899999856948853 均-0.11% 组合63.4 撤-49.4%,2843笔 每天7.92 胜68% PF1.0 均-0.00% 组合95.0 撤-35.2%,3816笔 每天10.63 胜66% PF0.949999988079071 均-0.05% 组合74.7 撤-40.3%,0.89,7.9,-0.055,0.0
头部币,L_A141_0.02|glob,止盈2% 止损5% 24h,0,False,4878笔 每天6.45 胜70% PF0.9700000286102295 均-0.04% 组合75.4 撤-59.0%,3324笔 每天9.26 胜72% PF1.0399999618530273 均+0.05% 组合109.4 撤-33.6%,4715笔 每天13.13 胜71% PF1.059999942779541 均+0.08% 组合97.3 撤-33.7%,0.97,9.61,0.03,0.0
头部币,L_A141_0.02|glob,止盈3% 止损8% 48h,1,False,3923笔 每天5.19 胜69% PF1.0099999904632568 均+0.02% 组合76.9 撤-68.0%,2650笔 每天7.38 胜72% PF1.0499999523162842 均+0.09% 组合92.9 撤-55.7%,3909笔 每天10.89 胜69% PF1.0099999904632568 均+0.02% 组合98.2 撤-45.0%,1.01,7.82,0.045,0.0
头部币,L_A141_0.02|glob,止盈5% 止损11% 72h,2,False,2986笔 每天3.95 胜63% PF1.0199999809265137 均+0.05% 组合67.6 撤-72.5%,2044笔 每天5.69 胜67% PF1.1699999570846558 均+0.47% 组合106.6 撤-54.9%,2931笔 每天8.16 胜60% PF0.9200000166893005 均-0.23% 组合60.3 撤-63.7%,0.92,5.93,0.095,0.0
头部币,L_A141_0.02|glob,止盈1.5% 止损3% 12h,3,False,5665笔 每天7.49 胜66% PF0.9100000262260437 均-0.09% 组合55.7 撤-57.3%,3838笔 每天10.69 胜68% PF0.9900000095367432 均-0.00% 组合96.8 撤-38.6%,5256笔 每天14.64 胜67% PF0.9700000286102295 均-0.03% 组合84.9 撤-35.8%,0.91,10.94,-0.04,0.0
头部币,L_A141_0.02|none,止盈2% 止损5% 24h,0,False,5409笔 每天7.15 胜70% PF0.9599999785423279 均-0.05% 组合66.0 撤-63.3%,3779笔 每天10.53 胜73% PF1.059999942779541 均+0.08% 组合114.8 撤-35.1%,5348笔 每天14.9 胜70% PF1.0199999809265137 均+0.03% 组合88.8 撤-39.2%,0.96,10.86,0.021,0.0
头部币,L_A141_0.02|none,止盈3% 止损8% 48h,1,False,4284笔 每天5.67 胜69% PF1.0099999904632568 均+0.03% 组合76.7 撤-68.5%,2991笔 每天8.33 胜72% PF1.059999942779541 均+0.12% 组合94.6 撤-58.6%,4391笔 每天12.23 胜69% PF1.0 均-0.01% 组合108.7 撤-38.5%,1.0,8.74,0.048,0.0
头部币,L_A141_0.02|none,止盈5% 止损11% 72h,2,False,3226笔 每天4.27 胜64% PF1.0199999809265137 均+0.06% 组合63.0 撤-74.3%,2261笔 每天6.3 胜67% PF1.190000057220459 均+0.51% 组合131.9 撤-52.2%,3273笔 每天9.12 胜59% PF0.9100000262260437 均-0.27% 组合69.8 撤-58.6%,0.91,6.56,0.097,0.0
头部币,L_A141_0.02|none,止盈1.5% 止损3% 12h,3,False,6379笔 每天8.44 胜66% PF0.9100000262260437 均-0.09% 组合52.2 撤-59.7%,4423笔 每天12.32 胜69% PF1.0199999809265137 均+0.02% 组合107.0 撤-34.4%,6049笔 每天16.85 胜66% PF0.949999988079071 均-0.05% 组合83.4 撤-38.7%,0.91,12.54,-0.041,0.0
头部币,L_A141_0.02|own,止盈2% 止损5% 24h,0,False,920笔 每天1.22 胜69% PF0.9700000286102295 均-0.04% 组合94.0 撤-21.9%,658笔 每天1.83 胜72% PF1.0399999618530273 均+0.05% 组合103.9 撤-18.3%,971笔 每天2.7 胜72% PF1.0700000524520874 均+0.09% 组合97.6 撤-20.6%,0.97,1.92,0.032,0.0
头部币,L_A141_0.02|own,止盈3% 止损8% 48h,1,False,861笔 每天1.14 胜69% PF1.0199999809265137 均+0.03% 组合98.8 撤-28.6%,616笔 每天1.72 胜73% PF1.1200000047683716 均+0.23% 组合113.2 撤-21.9%,901笔 每天2.51 胜70% PF1.100000023841858 均+0.19% 组合103.1 撤-23.4%,1.02,1.79,0.15,0.0
头部币,L_A141_0.02|own,止盈5% 止损11% 72h,2,False,774笔 每天1.02 胜61% PF0.9300000071525574 均-0.21% 组合79.6 撤-45.6%,567笔 每天1.58 胜68% PF1.2599999904632568 均+0.68% 组合130.3 撤-28.0%,813笔 每天2.26 胜62% PF1.0099999904632568 均+0.03% 组合98.0 撤-27.1%,0.93,1.62,0.165,0.0
头部币,L_A141_0.02|own,止盈1.5% 止损3% 12h,3,False,973笔 每天1.29 胜66% PF0.9100000262260437 均-0.09% 组合91.3 撤-16.7%,703笔 每天1.96 胜71% PF1.1200000047683716 均+0.11% 组合107.1 撤-14.5%,1013笔 每天2.82 胜68% PF1.0399999618530273 均+0.04% 组合96.0 撤-12.9%,0.91,2.02,0.021,0.0
头部币,L_A141_0.035|any,止盈2% 止损5% 24h,0,False,586笔 每天0.78 胜75% PF1.2000000476837158 均+0.24% 组合112.5 撤-15.7%,384笔 每天1.07 胜71% PF0.9200000166893005 均-0.12% 组合93.4 撤-18.8%,499笔 每天1.39 胜74% PF1.149999976158142 均+0.19% 组合99.8 撤-12.9%,0.92,1.08,0.1,0.0
头部币,L_A141_0.035|any,止盈3% 止损8% 48h,1,False,559笔 每天0.74 胜75% PF1.2599999904632568 均+0.45% 组合122.5 撤-20.3%,359笔 每天1.0 胜71% PF0.9200000166893005 均-0.18% 组合89.1 撤-28.4%,473笔 每天1.32 胜76% PF1.2100000381469727 均+0.39% 组合101.3 撤-18.6%,0.92,1.02,0.22,0.0
头部币,L_A141_0.035|any,止盈5% 止损11% 72h,2,False,512笔 每天0.68 胜66% PF1.0399999618530273 均+0.11% 组合97.2 撤-30.7%,339笔 每天0.94 胜71% PF1.2599999904632568 均+0.70% 组合110.6 撤-24.9%,437笔 每天1.22 胜66% PF1.0700000524520874 均+0.20% 组合94.0 撤-27.9%,1.04,0.95,0.336,0.0
头部币,L_A141_0.035|any,止盈1.5% 止损3% 12h,3,False,618笔 每天0.82 胜69% PF1.0199999809265137 均+0.02% 组合100.8 撤-14.1%,398笔 每天1.11 胜66% PF0.8600000143051147 均-0.15% 组合93.9 撤-12.7%,520笔 每天1.45 胜72% PF1.25 均+0.21% 组合103.5 撤-11.4%,0.86,1.13,0.026,0.0
头部币,L_A141_0.035|glob,止盈2% 止损5% 24h,0,False,1044笔 每天1.38 胜74% PF1.1299999952316284 均+0.16% 组合113.4 撤-19.1%,624笔 每天1.74 胜73% PF1.0099999904632568 均+0.01% 组合95.1 撤-18.5%,813笔 每天2.26 胜74% PF1.1399999856948853 均+0.17% 组合98.1 撤-16.3%,1.01,1.79,0.116,0.0
头部币,L_A141_0.035|glob,止盈3% 止损8% 48h,1,False,938笔 每天1.24 胜72% PF1.1100000143051147 均+0.20% 组合109.4 撤-32.3%,568笔 每天1.58 胜73% PF1.0099999904632568 均+0.02% 组合97.7 撤-28.7%,765笔 每天2.13 胜77% PF1.350000023841858 均+0.58% 组合103.7 撤-23.6%,1.01,1.65,0.268,0.0
头部币,L_A141_0.035|glob,止盈5% 止损11% 72h,2,False,836笔 每天1.11 胜66% PF1.0399999618530273 均+0.12% 组合89.8 撤-37.5%,527笔 每天1.47 胜70% PF1.2000000476837158 均+0.55% 组合117.3 撤-32.1%,666笔 每天1.86 胜66% PF1.0700000524520874 均+0.21% 组合102.7 撤-29.8%,1.04,1.48,0.292,0.0
头部币,L_A141_0.035|glob,止盈1.5% 止损3% 12h,3,False,1129笔 每天1.49 胜68% PF0.9700000286102295 均-0.03% 组合96.2 撤-19.9%,666笔 每天1.86 胜69% PF1.0199999809265137 均+0.02% 组合99.6 撤-10.9%,856笔 每天2.38 胜71% PF1.1699999570846558 均+0.15% 组合104.1 撤-12.0%,0.97,1.91,0.045,0.0
头部币,L_A141_0.035|none,止盈2% 止损5% 24h,0,False,1240笔 每天1.64 胜73% PF1.0800000429153442 均+0.10% 组合108.9 撤-20.9%,784笔 每天2.18 胜76% PF1.159999966621399 均+0.20% 组合102.5 撤-17.0%,1033笔 每天2.88 胜73% PF1.090000033378601 均+0.12% 组合97.7 撤-17.2%,1.08,2.23,0.137,0.0
头部币,L_A141_0.035|none,止盈3% 止损8% 48h,1,False,1102笔 每天1.46 胜72% PF1.1200000047683716 均+0.23% 组合106.6 撤-33.6%,707笔 每天1.97 胜75% PF1.149999976158142 均+0.28% 组合109.4 撤-25.9%,960笔 每天2.67 胜75% PF1.1799999475479126 均+0.33% 组合107.7 撤-26.5%,1.12,2.03,0.281,0.0
头部币,L_A141_0.035|none,止盈5% 止损11% 72h,2,False,977笔 每天1.29 胜67% PF1.090000033378601 均+0.27% 组合96.3 撤-35.3%,646笔 每天1.8 胜72% PF1.340000033378601 均+0.86% 组合144.7 撤-25.4%,825笔 每天2.3 胜65% PF1.0299999713897705 均+0.08% 组合92.8 撤-37.5%,1.03,1.8,0.401,0.0
头部币,L_A141_0.035|none,止盈1.5% 止损3% 12h,3,False,1373笔 每天1.82 胜68% PF0.9700000286102295 均-0.03% 组合95.1 撤-18.8%,851笔 每天2.37 胜72% PF1.159999966621399 均+0.14% 组合105.9 撤-10.4%,1100笔 每天3.06 胜69% PF1.0499999523162842 均+0.05% 组合103.5 撤-13.1%,0.97,2.42,0.056,0.0
头部币,L_A141_0.035|own,止盈2% 止损5% 24h,0,False,102笔 每天0.13 胜78% PF1.4299999475479126 均+0.44% 组合104.6 撤-3.8%,64笔 每天0.18 胜75% PF1.1200000047683716 均+0.16% 组合101.0 撤-4.1%,101笔 每天0.28 胜77% PF1.350000023841858 均+0.39% 组合101.5 撤-4.3%,1.12,0.2,0.331,0.0
头部币,L_A141_0.035|own,止盈3% 止损8% 48h,1,False,100笔 每天0.13 胜76% PF1.350000023841858 均+0.55% 组合105.5 撤-5.5%,62笔 每天0.17 胜79% PF1.440000057220459 均+0.69% 组合104.3 撤-5.0%,100笔 每天0.28 胜81% PF1.9199999570846558 均+1.13% 组合107.1 撤-4.0%,1.35,0.19,0.794,0.0
头部币,L_A141_0.035|own,止盈5% 止损11% 72h,2,False,97笔 每天0.13 胜64% PF0.9900000095367432 均-0.02% 组合99.3 撤-9.9%,61笔 每天0.17 胜79% PF1.9800000190734863 均+1.82% 组合111.5 撤-3.3%,95笔 每天0.26 胜73% PF1.649999976158142 均+1.37% 组合106.3 撤-6.3%,0.99,0.19,1.056,0.0
头部币,L_A141_0.035|own,止盈1.5% 止损3% 12h,3,False,103笔 每天0.14 胜81% PF2.059999942779541 均+0.59% 组合106.3 撤-1.3%,65笔 每天0.18 胜69% PF1.0 均+0.00% 组合100.0 撤-2.3%,104笔 每天0.29 胜85% PF2.75 均+0.77% 组合106.4 撤-1.3%,1.0,0.2,0.455,0.0
头部币,L_A141_0.03|any,止盈2% 止损5% 24h,0,False,998笔 每天1.32 胜73% PF1.090000033378601 均+0.12% 组合106.7 撤-23.7%,717笔 每天2.0 胜69% PF0.8299999833106995 均-0.27% 组合89.2 撤-31.9%,929笔 每天2.59 胜73% PF1.1100000143051147 均+0.14% 组合100.5 撤-21.9%,0.83,1.97,-0.001,0.0
头部币,L_A141_0.03|any,止盈3% 止损8% 48h,1,False,919笔 每天1.22 胜72% PF1.1200000047683716 均+0.22% 组合112.7 撤-29.5%,648笔 每天1.81 胜70% PF0.8999999761581421 均-0.23% 组合88.6 撤-39.4%,871笔 每天2.43 胜73% PF1.1100000143051147 均+0.22% 组合103.2 撤-27.0%,0.9,1.82,0.07,0.0
头部币,L_A141_0.03|any,止盈5% 止损11% 72h,2,False,830笔 每天1.1 胜64% PF0.9900000095367432 均-0.04% 组合84.8 撤-42.3%,586笔 每天1.63 胜68% PF1.100000023841858 均+0.30% 组合108.3 撤-40.9%,776笔 每天2.16 胜66% PF1.090000033378601 均+0.27% 组合106.7 撤-29.0%,0.99,1.63,0.174,0.0
头部币,L_A141_0.03|any,止盈1.5% 止损3% 12h,3,False,1058笔 每天1.4 胜68% PF1.0299999713897705 均+0.03% 组合100.6 撤-17.3%,761笔 每天2.12 胜64% PF0.8100000023841858 均-0.22% 组合86.2 撤-23.2%,975笔 每天2.72 胜71% PF1.1399999856948853 均+0.12% 组合105.9 撤-12.8%,0.81,2.08,-0.021,0.0
头部币,L_A141_0.03|glob,止盈2% 止损5% 24h,0,False,1679笔 每天2.22 胜72% PF1.0299999713897705 均+0.04% 组合100.3 撤-33.0%,1066笔 每天2.97 胜70% PF0.8799999952316284 均-0.19% 组合90.0 撤-34.9%,1449笔 每天4.04 胜73% PF1.0700000524520874 均+0.09% 组合99.3 撤-25.2%,0.88,3.08,-0.02,0.0
头部币,L_A141_0.03|glob,止盈3% 止损8% 48h,1,False,1470笔 每天1.94 胜71% PF1.0700000524520874 均+0.13% 组合110.3 撤-40.9%,939笔 每天2.62 胜71% PF0.949999988079071 均-0.10% 组合99.6 撤-42.6%,1322笔 每天3.68 胜73% PF1.1200000047683716 均+0.23% 组合107.0 撤-30.2%,0.95,2.75,0.085,0.0
头部币,L_A141_0.03|glob,止盈5% 止损11% 72h,2,False,1269笔 每天1.68 胜65% PF0.9800000190734863 均-0.05% 组合82.8 撤-52.0%,832笔 每天2.32 胜68% PF1.1299999952316284 均+0.37% 组合134.7 撤-42.8%,1103笔 每天3.07 胜65% PF1.0399999618530273 均+0.11% 组合101.5 撤-34.6%,0.98,2.36,0.146,0.0
头部币,L_A141_0.03|glob,止盈1.5% 止损3% 12h,3,False,1854笔 每天2.45 胜68% PF0.9900000095367432 均-0.01% 组合92.6 撤-25.4%,1161笔 每天3.23 胜66% PF0.8899999856948853 均-0.12% 组合87.7 撤-25.4%,1540笔 每天4.29 胜69% PF1.0800000429153442 均+0.07% 组合105.4 撤-13.6%,0.89,3.32,-0.02,0.0
头部币,L_A141_0.03|none,止盈2% 止损5% 24h,0,False,1964笔 每天2.6 胜72% PF1.0199999809265137 均+0.03% 组合98.2 撤-34.9%,1330笔 每天3.7 胜72% PF1.0 均-0.01% 组合101.9 撤-31.1%,1743笔 每天4.86 胜71% PF1.0099999904632568 均+0.01% 组合92.4 撤-26.2%,1.0,3.72,0.01,0.0
头部币,L_A141_0.03|none,止盈3% 止损8% 48h,1,False,1686笔 每天2.23 胜71% PF1.0700000524520874 均+0.14% 组合105.1 撤-44.5%,1157笔 每天3.22 胜72% PF1.0199999809265137 均+0.04% 组合113.4 撤-42.9%,1583笔 每天4.41 胜73% PF1.090000033378601 均+0.17% 组合106.5 撤-35.4%,1.02,3.29,0.119,0.0
头部币,L_A141_0.03|none,止盈5% 止损11% 72h,2,False,1446笔 每天1.91 胜66% PF1.0199999809265137 均+0.06% 组合82.1 撤-51.1%,1017笔 每天2.83 胜69% PF1.25 均+0.65% 组合167.0 撤-37.2%,1307笔 每天3.64 胜64% PF0.9900000095367432 均-0.03% 组合96.6 撤-39.4%,0.99,2.79,0.23,0.0
头部币,L_A141_0.03|none,止盈1.5% 止损3% 12h,3,False,2206笔 每天2.92 胜68% PF0.9800000190734863 均-0.02% 组合92.5 撤-25.5%,1462笔 每天4.07 胜68% PF0.9900000095367432 均-0.01% 组合95.0 撤-22.7%,1879笔 每天5.23 胜68% PF1.0099999904632568 均+0.01% 组合103.3 撤-16.3%,0.98,4.07,-0.007,0.0
头部币,L_A141_0.03|own,止盈2% 止损5% 24h,0,False,189笔 每天0.25 胜71% PF1.0800000429153442 均+0.10% 组合101.7 撤-6.6%,135笔 每天0.38 胜67% PF0.7799999713897705 均-0.38% 组合94.8 撤-11.3%,185笔 每天0.52 胜69% PF0.9100000262260437 均-0.13% 组合92.9 撤-12.4%,0.78,0.38,-0.138,0.0
头部币,L_A141_0.03|own,止盈3% 止损8% 48h,1,False,180笔 每天0.24 胜66% PF0.8500000238418579 均-0.33% 组合93.9 撤-13.5%,129笔 每天0.36 胜72% PF1.0099999904632568 均+0.03% 组合99.9 撤-11.1%,178笔 每天0.5 胜71% PF1.0199999809265137 均+0.04% 组合91.9 撤-15.5%,0.85,0.37,-0.088,0.0
头部币,L_A141_0.03|own,止盈5% 止损11% 72h,2,False,173笔 每天0.23 胜57% PF0.7400000095367432 均-0.90% 组合84.7 撤-25.1%,128笔 每天0.36 胜72% PF1.3700000047683716 均+0.93% 组合111.9 撤-10.5%,171笔 每天0.48 胜68% PF1.2100000381469727 均+0.56% 组合97.7 撤-16.2%,0.74,0.36,0.193,0.0
头部币,L_A141_0.03|own,止盈1.5% 止损3% 12h,3,False,194笔 每天0.26 胜72% PF1.3799999952316284 均+0.28% 组合105.6 撤-2.9%,137笔 每天0.38 胜64% PF0.7799999713897705 均-0.25% 组合96.5 撤-6.2%,197笔 每天0.55 胜72% PF1.25 均+0.21% 组合100.6 撤-4.8%,0.78,0.4,0.08,0.0
头部币,L_A141_0.04|any,止盈2% 止损5% 24h,0,False,366笔 每天0.48 胜76% PF1.25 均+0.30% 组合109.0 撤-12.5%,204笔 每天0.57 胜74% PF1.0800000429153442 均+0.11% 组合101.7 撤-8.4%,270笔 每天0.75 胜78% PF1.4600000381469727 均+0.47% 组合106.2 撤-7.4%,1.08,0.6,0.293,0.0
头部币,L_A141_0.04|any,止盈3% 止损8% 48h,1,False,351笔 每天0.46 胜78% PF1.409999966621399 均+0.65% 组合121.6 撤-16.4%,191笔 每天0.53 胜70% PF0.8700000047683716 均-0.29% 组合94.9 撤-17.1%,258笔 每天0.72 胜78% PF1.3700000047683716 均+0.61% 组合104.1 撤-9.5%,0.87,0.57,0.325,0.0
头部币,L_A141_0.04|any,止盈5% 止损11% 72h,2,False,331笔 每天0.44 胜70% PF1.25 均+0.64% 组合114.2 撤-26.4%,182笔 每天0.51 胜70% PF1.190000057220459 均+0.53% 组合108.0 撤-18.5%,245笔 每天0.68 胜64% PF1.0199999809265137 均+0.06% 组合95.0 撤-16.1%,1.02,0.54,0.411,0.0
头部币,L_A141_0.04|any,止盈1.5% 止损3% 12h,3,False,380笔 每天0.5 胜71% PF1.1200000047683716 均+0.11% 组合103.2 撤-9.0%,212笔 每天0.59 胜68% PF0.9800000190734863 均-0.02% 组合99.4 撤-7.3%,279笔 每天0.78 胜78% PF1.6399999856948853 均+0.43% 组合107.1 撤-5.2%,0.98,0.62,0.174,0.0
头部币,L_A141_0.04|glob,止盈2% 止损5% 24h,0,False,679笔 每天0.9 胜76% PF1.2000000476837158 均+0.25% 组合114.8 撤-14.2%,361笔 每天1.01 胜77% PF1.2300000190734863 均+0.27% 组合108.8 撤-10.4%,488笔 每天1.36 胜78% PF1.4700000286102295 均+0.48% 组合110.1 撤-6.0%,1.2,1.09,0.332,0.0
头部币,L_A141_0.04|glob,止盈3% 止损8% 48h,1,False,620笔 每天0.82 胜74% PF1.1699999570846558 均+0.32% 组合112.8 撤-23.1%,330笔 每天0.92 胜72% PF0.9800000190734863 均-0.05% 组合99.1 撤-19.2%,466笔 每天1.3 胜81% PF1.649999976158142 均+0.92% 组合117.8 撤-8.2%,0.98,1.01,0.397,0.0
头部币,L_A141_0.04|glob,止盈5% 止损11% 72h,2,False,567笔 每天0.75 胜68% PF1.1399999856948853 均+0.41% 组合105.1 撤-33.4%,311笔 每天0.87 胜68% PF1.1299999952316284 均+0.38% 组合114.6 撤-21.9%,412笔 每天1.15 胜65% PF1.0299999713897705 均+0.09% 组合100.1 撤-21.6%,1.03,0.92,0.294,0.0
头部币,L_A141_0.04|glob,止盈1.5% 止损3% 12h,3,False,718笔 每天0.95 胜68% PF0.9700000286102295 均-0.03% 组合96.1 撤-13.9%,376笔 每天1.05 胜72% PF1.2000000476837158 均+0.17% 组合105.3 撤-5.9%,508笔 每天1.42 胜74% PF1.340000033378601 均+0.27% 组合110.0 撤-5.4%,0.97,1.14,0.137,0.0
头部币,L_A141_0.04|none,止盈2% 止损5% 24h,0,False,828笔 每天1.1 胜76% PF1.2300000190734863 均+0.27% 组合115.8 撤-15.5%,472笔 每天1.31 胜78% PF1.350000023841858 均+0.39% 组合115.1 撤-10.6%,637笔 每天1.77 胜74% PF1.2000000476837158 均+0.24% 组合106.0 撤-7.8%,1.2,1.39,0.301,0.0
头部币,L_A141_0.04|none,止盈3% 止损8% 48h,1,False,742笔 每天0.98 胜75% PF1.2599999904632568 均+0.45% 组合121.0 撤-22.0%,428笔 每天1.19 胜74% PF1.0700000524520874 均+0.15% 组合103.6 撤-22.3%,600笔 每天1.67 胜76% PF1.2699999809265137 均+0.46% 组合118.6 撤-11.2%,1.07,1.28,0.353,0.0
头部币,L_A141_0.04|none,止盈5% 止损11% 72h,2,False,670笔 每天0.89 胜69% PF1.1799999475479126 均+0.50% 组合106.5 撤-33.4%,395笔 每天1.1 胜69% PF1.2300000190734863 均+0.62% 组合124.8 撤-23.7%,529笔 每天1.47 胜64% PF0.9900000095367432 均-0.03% 组合102.6 撤-25.7%,0.99,1.15,0.363,0.0
头部币,L_A141_0.04|none,止盈1.5% 止损3% 12h,3,False,891笔 每天1.18 胜69% PF1.0199999809265137 均+0.02% 组合98.3 撤-13.4%,501笔 每天1.4 胜74% PF1.2599999904632568 均+0.22% 组合109.3 撤-5.6%,676笔 每天1.88 胜70% PF1.090000033378601 均+0.08% 组合106.8 撤-6.1%,1.02,1.49,0.107,0.0
头部币,L_A142_0.025|any,止盈2% 止损5% 24h,0,False,1591笔 每天2.1 胜70% PF0.9100000262260437 均-0.12% 组合76.0 撤-36.8%,1247笔 每天3.47 胜71% PF0.9300000071525574 均-0.10% 组合91.1 撤-31.2%,1450笔 每天4.04 胜75% PF1.2200000286102295 均+0.26% 组合107.3 撤-16.4%,0.91,3.2,0.014,0.0
头部币,L_A142_0.025|any,止盈3% 止损8% 48h,1,False,1427笔 每天1.89 胜70% PF1.0299999713897705 均+0.05% 组合95.3 撤-33.3%,1070笔 每天2.98 胜71% PF0.9700000286102295 均-0.07% 组合97.3 撤-38.7%,1324笔 每天3.69 胜73% PF1.1100000143051147 均+0.21% 组合118.2 撤-18.2%,0.97,2.85,0.063,0.0
头部币,L_A142_0.025|any,止盈5% 止损11% 72h,2,False,1214笔 每天1.61 胜63% PF0.9399999976158142 均-0.19% 组合66.7 撤-51.8%,896笔 每天2.5 胜69% PF1.149999976158142 均+0.44% 组合109.8 撤-42.9%,1130笔 每天3.15 胜62% PF0.9399999976158142 均-0.19% 组合78.2 撤-47.0%,0.94,2.42,0.018,0.0
头部币,L_A142_0.025|any,止盈1.5% 止损3% 12h,3,False,1747笔 每天2.31 胜65% PF0.8700000047683716 均-0.14% 组合74.2 撤-32.8%,1390笔 每天3.87 胜65% PF0.8700000047683716 均-0.14% 组合83.5 撤-26.7%,1544笔 每天4.3 胜70% PF1.0800000429153442 均+0.07% 组合97.0 撤-13.0%,0.87,3.49,-0.071,0.0
头部币,L_A142_0.025|glob,止盈2% 止损5% 24h,0,False,2490笔 每天3.29 胜70% PF0.8999999761581421 均-0.14% 组合63.0 撤-52.5%,1741笔 每天4.85 胜72% PF0.9900000095367432 均-0.02% 组合95.8 撤-34.2%,2090笔 每天5.82 胜73% PF1.0700000524520874 均+0.09% 组合99.4 撤-17.6%,0.9,4.65,-0.025,0.0
头部币,L_A142_0.025|glob,止盈3% 止损8% 48h,1,False,2092笔 每天2.77 胜70% PF0.9700000286102295 均-0.05% 组合70.1 撤-52.2%,1449笔 每天4.04 胜73% PF1.059999942779541 均+0.12% 组合112.5 撤-37.5%,1857笔 每天5.17 胜72% PF1.0700000524520874 均+0.14% 组合129.9 撤-22.6%,0.97,3.99,0.07,0.0
头部币,L_A142_0.025|glob,止盈5% 止损11% 72h,2,False,1715笔 每天2.27 胜64% PF0.9300000071525574 均-0.21% 组合47.5 撤-69.3%,1173笔 每天3.27 胜70% PF1.25 均+0.68% 组合140.3 撤-40.0%,1530笔 每天4.26 胜63% PF0.9800000190734863 均-0.06% 组合76.3 撤-44.5%,0.93,3.27,0.136,0.0
头部币,L_A142_0.025|glob,止盈1.5% 止损3% 12h,3,False,2835笔 每天3.75 胜65% PF0.8600000143051147 均-0.15% 组合62.3 撤-44.3%,1962笔 每天5.47 胜67% PF0.9200000166893005 均-0.08% 组合83.4 撤-30.7%,2260笔 每天6.3 胜68% PF0.9800000190734863 均-0.02% 组合93.3 撤-12.7%,0.86,5.17,-0.084,0.0
头部币,L_A142_0.025|none,止盈2% 止损5% 24h,0,False,2846笔 每天3.76 胜70% PF0.9100000262260437 均-0.14% 组合62.1 撤-52.6%,2046笔 每天5.7 胜74% PF1.0800000429153442 均+0.10% 组合107.9 撤-32.4%,2494笔 每天6.95 胜71% PF1.0 均-0.00% 组合102.9 撤-16.4%,0.91,5.47,-0.013,0.0
头部币,L_A142_0.025|none,止盈3% 止损8% 48h,1,False,2367笔 每天3.13 胜70% PF0.9800000190734863 均-0.03% 组合74.7 撤-49.4%,1680笔 每天4.68 胜73% PF1.090000033378601 均+0.17% 组合117.5 撤-42.1%,2194笔 每天6.11 胜71% PF1.0099999904632568 均+0.01% 组合118.1 撤-23.8%,0.98,4.64,0.05,0.0
头部币,L_A142_0.025|none,止盈5% 止损11% 72h,2,False,1928笔 每天2.55 胜64% PF0.9700000286102295 均-0.09% 组合58.5 撤-63.4%,1367笔 每天3.81 胜70% PF1.2999999523162842 均+0.77% 组合165.5 撤-36.9%,1782笔 每天4.96 胜62% PF0.9200000166893005 均-0.25% 组合78.8 撤-45.5%,0.92,3.77,0.144,0.0
头部币,L_A142_0.025|none,止盈1.5% 止损3% 12h,3,False,3284笔 每天4.34 胜65% PF0.8600000143051147 均-0.15% 组合60.3 撤-45.6%,2342笔 每天6.52 胜68% PF0.9800000190734863 均-0.03% 组合89.5 撤-27.6%,2729笔 每天7.6 胜66% PF0.9399999976158142 均-0.06% 组合92.8 撤-15.3%,0.86,6.15,-0.078,0.0
头部币,L_A142_0.025|own,止盈2% 止损5% 24h,0,False,545笔 每天0.72 胜71% PF0.9700000286102295 均-0.04% 组合94.5 撤-17.3%,459笔 每天1.28 胜73% PF1.0499999523162842 均+0.06% 组合98.9 撤-15.5%,515笔 每天1.43 胜78% PF1.3899999856948853 均+0.42% 组合114.8 撤-8.2%,0.97,1.14,0.145,0.0
头部币,L_A142_0.025|own,止盈3% 止损8% 48h,1,False,526笔 每天0.7 胜72% PF1.1100000143051147 均+0.20% 组合108.1 撤-13.8%,414笔 每天1.15 胜78% PF1.4700000286102295 均+0.73% 组合124.7 撤-9.4%,485笔 每天1.35 胜76% PF1.2899999618530273 均+0.49% 组合120.9 撤-14.1%,1.11,1.07,0.473,0.0
头部币,L_A142_0.025|own,止盈5% 止损11% 72h,2,False,489笔 每天0.65 胜64% PF0.9700000286102295 均-0.09% 组合87.7 撤-30.7%,379笔 每天1.06 胜73% PF1.5099999904632568 均+1.19% 组合132.2 撤-15.2%,436笔 每天1.21 胜64% PF1.0 均-0.01% 组合106.5 撤-21.4%,0.97,0.97,0.365,0.0
头部币,L_A142_0.025|own,止盈1.5% 止损3% 12h,3,False,562笔 每天0.74 胜65% PF0.8999999761581421 均-0.10% 组合92.6 撤-15.3%,493笔 每天1.37 胜66% PF0.9100000262260437 均-0.09% 组合93.5 撤-12.4%,547笔 每天1.52 胜75% PF1.3899999856948853 均+0.29% 组合108.7 撤-6.9%,0.9,1.21,0.033,0.0
头部币,L_A142_0.02|any,止盈2% 止损5% 24h,0,False,3309笔 每天4.38 胜70% PF0.9300000071525574 均-0.10% 组合62.5 撤-55.4%,2579笔 每天7.18 胜72% PF1.0 均+0.00% 组合99.2 撤-33.0%,3129笔 每天8.72 胜73% PF1.1299999952316284 均+0.16% 组合98.9 撤-25.8%,0.93,6.76,0.017,0.0
头部币,L_A142_0.02|any,止盈3% 止损8% 48h,1,False,2805笔 每天3.71 胜69% PF0.9399999976158142 均-0.12% 组合61.7 撤-61.8%,2111笔 每天5.88 胜72% PF1.0199999809265137 均+0.05% 组合105.5 撤-43.7%,2719笔 每天7.57 胜71% PF1.0399999618530273 均+0.07% 组合91.9 撤-47.2%,0.94,5.72,-0.001,0.0
头部币,L_A142_0.02|any,止盈5% 止损11% 72h,2,False,2183笔 每天2.89 胜62% PF0.9300000071525574 均-0.23% 组合55.4 撤-64.4%,1634笔 每天4.55 胜66% PF1.1299999952316284 均+0.37% 组合138.2 撤-49.8%,2137笔 每天5.95 胜60% PF0.9100000262260437 均-0.27% 组合73.8 撤-53.6%,0.91,4.46,-0.045,0.0
头部币,L_A142_0.02|any,止盈1.5% 止损3% 12h,3,False,3714笔 每天4.91 胜65% PF0.8600000143051147 均-0.15% 组合53.4 撤-51.3%,2994笔 每天8.34 胜67% PF0.9599999785423279 均-0.04% 组合83.9 撤-34.1%,3443笔 每天9.59 胜68% PF1.0199999809265137 均+0.02% 组合92.4 撤-25.4%,0.86,7.61,-0.057,0.0
头部币,L_A142_0.02|glob,止盈2% 止损5% 24h,0,False,4639笔 每天6.14 胜70% PF0.9200000166893005 均-0.11% 组合52.2 撤-64.4%,3359笔 每天9.36 胜72% PF1.0199999809265137 均+0.02% 组合95.9 撤-35.9%,4270笔 每天11.89 胜72% PF1.090000033378601 均+0.12% 组合106.3 撤-27.7%,0.92,9.13,0.009,0.0
头部币,L_A142_0.02|glob,止盈3% 止损8% 48h,1,False,3705笔 每天4.9 胜69% PF0.9599999785423279 均-0.08% 组合60.5 撤-66.2%,2653笔 每天7.39 胜73% PF1.0700000524520874 均+0.15% 组合106.9 撤-45.7%,3586笔 每天9.99 胜71% PF1.059999942779541 均+0.11% 组合91.4 撤-46.9%,0.96,7.43,0.057,0.0
头部币,L_A142_0.02|glob,止盈5% 止损11% 72h,2,False,2786笔 每天3.69 胜63% PF0.9700000286102295 均-0.10% 组合54.2 撤-71.3%,1998笔 每天5.57 胜68% PF1.2200000286102295 均+0.58% 组合159.1 撤-51.3%,2742笔 每天7.64 胜62% PF0.9700000286102295 均-0.07% 组合77.1 撤-52.9%,0.97,5.63,0.135,0.0
头部币,L_A142_0.02|glob,止盈1.5% 止损3% 12h,3,False,5441笔 每天7.2 胜65% PF0.8600000143051147 均-0.15% 组合42.6 撤-61.7%,3983笔 每天11.09 胜68% PF0.9900000095367432 均-0.01% 组合87.7 撤-36.1%,4789笔 每天13.34 胜68% PF1.0 均-0.00% 组合87.5 撤-29.2%,0.86,10.54,-0.054,0.0
头部币,L_A142_0.02|none,止盈2% 止损5% 24h,0,False,5109笔 每天6.76 胜69% PF0.9100000262260437 均-0.13% 组合48.9 撤-65.4%,3827笔 每天10.66 胜73% PF1.059999942779541 均+0.08% 组合114.6 撤-31.3%,4903笔 每天13.66 胜71% PF1.0399999618530273 均+0.05% 组合98.4 撤-30.3%,0.91,10.36,0.0,0.0
头部币,L_A142_0.02|none,止盈3% 止损8% 48h,1,False,4029笔 每天5.33 胜69% PF0.9700000286102295 均-0.06% 组合61.0 撤-63.2%,2965笔 每天8.26 胜73% PF1.090000033378601 均+0.17% 组合118.9 撤-42.4%,4061笔 每天11.31 胜70% PF1.0 均+0.00% 组合86.4 撤-46.2%,0.97,8.3,0.039,0.0
头部币,L_A142_0.02|none,止盈5% 止损11% 72h,2,False,2989笔 每天3.95 胜63% PF0.9800000190734863 均-0.05% 组合53.8 撤-70.8%,2194笔 每天6.11 胜67% PF1.2200000286102295 均+0.59% 组合165.6 撤-47.3%,3085笔 每天8.59 胜61% PF0.9399999976158142 均-0.17% 组合83.3 撤-50.5%,0.94,6.22,0.125,0.0
头部币,L_A142_0.02|none,止盈1.5% 止损3% 12h,3,False,6082笔 每天8.04 胜65% PF0.8700000047683716 均-0.14% 组合40.1 撤-63.9%,4567笔 每天12.72 胜69% PF1.0199999809265137 均+0.01% 组合98.6 撤-32.4%,5586笔 每天15.56 胜67% PF0.9700000286102295 均-0.03% 组合90.0 撤-32.3%,0.87,12.11,-0.051,0.0
头部币,L_A142_0.02|own,止盈2% 止损5% 24h,0,False,1350笔 每天1.79 胜70% PF0.9399999976158142 均-0.08% 组合84.7 撤-29.7%,1018笔 每天2.84 胜71% PF0.9599999785423279 均-0.05% 组合89.4 撤-27.7%,1287笔 每天3.58 胜75% PF1.2200000286102295 均+0.26% 组合113.6 撤-13.5%,0.94,2.74,0.041,0.0
头部币,L_A142_0.02|own,止盈3% 止损8% 48h,1,False,1227笔 每天1.62 胜69% PF0.9599999785423279 均-0.09% 组合80.5 撤-40.8%,907笔 每天2.53 胜73% PF1.1100000143051147 均+0.21% 组合101.8 撤-31.9%,1168笔 每天3.25 胜72% PF1.1200000047683716 均+0.22% 组合113.5 撤-25.3%,0.96,2.47,0.116,0.0
头部币,L_A142_0.02|own,止盈5% 止损11% 72h,2,False,1064笔 每天1.41 胜60% PF0.8500000238418579 均-0.49% 组合48.2 撤-64.1%,767笔 每天2.14 胜68% PF1.2200000286102295 均+0.59% 组合125.6 撤-39.4%,992笔 每天2.76 胜61% PF0.9100000262260437 均-0.28% 组合84.3 撤-40.6%,0.85,2.1,-0.059,0.0
头部币,L_A142_0.02|own,止盈1.5% 止损3% 12h,3,False,1416笔 每天1.87 胜64% PF0.8600000143051147 均-0.15% 组合78.5 撤-29.7%,1133笔 每天3.16 胜67% PF0.9300000071525574 均-0.07% 组合88.9 撤-20.2%,1380笔 每天3.84 胜70% PF1.100000023841858 均+0.09% 组合105.5 撤-10.6%,0.86,2.96,-0.045,0.0
头部币,L_A142_0.035|any,止盈2% 止损5% 24h,0,False,441笔 每天0.58 胜73% PF1.0499999523162842 均+0.06% 组合99.6 撤-15.9%,293笔 每天0.82 胜80% PF1.4800000190734863 均+0.50% 组合114.4 撤-11.0%,358笔 每天1.0 胜75% PF1.2100000381469727 均+0.25% 组合101.9 撤-8.1%,1.05,0.8,0.269,0.0
头部币,L_A142_0.035|any,止盈3% 止损8% 48h,1,False,420笔 每天0.56 胜73% PF1.1200000047683716 均+0.22% 组合104.2 撤-18.4%,279笔 每天0.78 胜77% PF1.2799999713897705 均+0.49% 组合109.4 撤-15.4%,345笔 每天0.96 胜72% PF0.9800000190734863 均-0.04% 组合105.7 撤-8.6%,0.98,0.77,0.225,0.0
头部币,L_A142_0.035|any,止盈5% 止损11% 72h,2,False,385笔 每天0.51 胜64% PF0.9599999785423279 均-0.12% 组合91.0 撤-20.9%,258笔 每天0.72 胜73% PF1.340000033378601 均+0.90% 组合119.7 撤-20.3%,317笔 每天0.88 胜61% PF0.8600000143051147 均-0.48% 组合109.6 撤-19.9%,0.86,0.7,0.098,0.0
头部币,L_A142_0.035|any,止盈1.5% 止损3% 12h,3,False,470笔 每天0.62 胜67% PF0.9200000166893005 均-0.08% 组合94.5 撤-11.9%,310笔 每天0.86 胜74% PF1.2799999713897705 均+0.23% 组合106.1 撤-8.8%,368笔 每天1.03 胜70% PF1.0800000429153442 均+0.07% 组合98.6 撤-6.7%,0.92,0.84,0.073,0.0
头部币,L_A142_0.035|glob,止盈2% 止损5% 24h,0,False,843笔 每天1.12 胜73% PF1.0700000524520874 均+0.09% 组合100.8 撤-20.3%,506笔 每天1.41 胜79% PF1.399999976158142 均+0.44% 组合114.2 撤-12.4%,604笔 每天1.68 胜71% PF0.9700000286102295 均-0.05% 组合96.7 撤-9.7%,0.97,1.4,0.159,0.0
头部币,L_A142_0.035|glob,止盈3% 止损8% 48h,1,False,744笔 每天0.98 胜73% PF1.1200000047683716 均+0.23% 组合108.4 撤-24.2%,460笔 每天1.28 胜76% PF1.25 均+0.44% 组合110.8 撤-17.1%,570笔 每天1.59 胜72% PF1.0 均-0.00% 组合105.5 撤-13.7%,1.0,1.28,0.223,0.0
头部币,L_A142_0.035|glob,止盈5% 止损11% 72h,2,False,666笔 每天0.88 胜66% PF1.0399999618530273 均+0.11% 组合91.4 撤-33.2%,412笔 每天1.15 胜71% PF1.2100000381469727 均+0.58% 组合124.0 撤-24.7%,509笔 每天1.42 胜62% PF0.8999999761581421 均-0.30% 组合107.7 撤-22.8%,0.9,1.15,0.132,0.0
头部币,L_A142_0.035|glob,止盈1.5% 止损3% 12h,3,False,931笔 每天1.23 胜67% PF0.949999988079071 均-0.05% 组合92.9 撤-16.1%,545笔 每天1.52 胜75% PF1.3899999856948853 均+0.30% 组合110.2 撤-7.4%,628笔 每天1.75 胜66% PF0.9300000071525574 均-0.07% 组合93.0 撤-8.2%,0.93,1.5,0.06,0.0
头部币,L_A142_0.035|none,止盈2% 止损5% 24h,0,False,1012笔 每天1.34 胜72% PF1.0 均+0.00% 组合90.8 撤-27.5%,629笔 每天1.75 胜81% PF1.649999976158142 均+0.62% 组合132.1 撤-10.0%,805笔 每天2.24 胜68% PF0.8399999737739563 均-0.25% 组合93.0 撤-12.5%,0.84,1.78,0.122,0.0
头部币,L_A142_0.035|none,止盈3% 止损8% 48h,1,False,884笔 每天1.17 胜73% PF1.1399999856948853 均+0.26% 组合111.4 撤-25.3%,568笔 每天1.58 胜78% PF1.4299999475479126 均+0.70% 组合126.9 撤-15.6%,753笔 每天2.1 胜68% PF0.8399999737739563 均-0.39% 组合102.2 撤-15.8%,0.84,1.62,0.191,0.0
头部币,L_A142_0.035|none,止盈5% 止损11% 72h,2,False,785笔 每天1.04 胜68% PF1.1100000143051147 均+0.31% 组合99.8 撤-32.9%,505笔 每天1.41 胜72% PF1.3799999952316284 均+0.96% 组合151.7 撤-21.5%,668笔 每天1.86 胜60% PF0.8199999928474426 均-0.62% 组合111.8 撤-16.9%,0.82,1.44,0.217,0.0
头部币,L_A142_0.035|none,止盈1.5% 止损3% 12h,3,False,1130笔 每天1.49 胜66% PF0.9200000166893005 均-0.09% 组合88.5 撤-18.9%,693笔 每天1.93 胜77% PF1.5199999809265137 均+0.38% 组合117.9 撤-9.1%,853笔 每天2.38 胜64% PF0.8500000238418579 均-0.17% 组合91.7 撤-10.1%,0.85,1.93,0.041,0.0
头部币,L_A142_0.035|own,止盈2% 止损5% 24h,0,False,127笔 每天0.17 胜79% PF1.409999966621399 均+0.44% 组合104.8 撤-4.3%,95笔 每天0.26 胜87% PF2.5899999141693115 均+1.04% 组合109.0 撤-2.7%,113笔 每天0.31 胜88% PF2.799999952316284 均+1.09% 组合113.0 撤-2.1%,1.41,0.25,0.853,0.0
头部币,L_A142_0.035|own,止盈5% 止损11% 72h,2,False,121笔 每天0.16 胜68% PF1.2300000190734863 均+0.59% 组合104.7 撤-7.9%,87笔 每天0.24 胜86% PF3.450000047683716 均+2.97% 组合127.6 撤-4.4%,101笔 每天0.28 胜75% PF1.7100000381469727 均+1.48% 组合113.5 撤-6.9%,1.23,0.23,1.678,0.0
头部币,L_A142_0.035|own,止盈1.5% 止损3% 12h,3,False,128笔 每天0.17 胜70% PF1.100000023841858 均+0.09% 组合100.5 撤-4.0%,97笔 每天0.27 胜76% PF1.4600000381469727 均+0.34% 组合102.9 撤-3.0%,115笔 每天0.32 胜82% PF2.0199999809265137 均+0.59% 组合106.9 撤-1.3%,1.1,0.25,0.339,0.0
头部币,L_A142_0.03|any,止盈2% 止损5% 24h,0,False,798笔 每天1.06 胜70% PF0.9300000071525574 均-0.10% 组合86.7 撤-24.4%,636笔 每天1.77 胜72% PF0.9900000095367432 均-0.01% 组合100.8 撤-20.9%,705笔 每天1.96 胜76% PF1.309999942779541 均+0.34% 组合108.9 撤-12.3%,0.93,1.6,0.076,0.0
头部币,L_A142_0.03|any,止盈3% 止损8% 48h,1,False,729笔 每天0.96 胜71% PF1.059999942779541 均+0.11% 组合99.9 撤-21.3%,578笔 每天1.61 胜74% PF1.0700000524520874 均+0.14% 组合102.0 撤-25.6%,665笔 每天1.85 胜75% PF1.1799999475479126 均+0.33% 组合122.4 撤-11.6%,1.06,1.47,0.193,0.0
头部币,L_A142_0.03|any,止盈5% 止损11% 72h,2,False,658笔 每天0.87 胜63% PF0.9300000071525574 均-0.22% 组合78.3 撤-36.4%,523笔 每天1.46 胜71% PF1.2300000190734863 均+0.63% 组合119.9 撤-27.7%,580笔 每天1.62 胜63% PF0.9700000286102295 均-0.09% 组合120.8 撤-18.1%,0.93,1.32,0.109,0.0
头部币,L_A142_0.03|any,止盈1.5% 止损3% 12h,3,False,850笔 每天1.12 胜66% PF0.8999999761581421 均-0.11% 组合88.2 撤-19.0%,683笔 每天1.9 胜67% PF0.9200000166893005 均-0.08% 组合93.8 撤-16.4%,742笔 每天2.07 胜71% PF1.149999976158142 均+0.13% 组合103.8 撤-8.0%,0.9,1.7,-0.019,0.0
头部币,L_A142_0.03|glob,止盈2% 止损5% 24h,0,False,1420笔 每天1.88 胜70% PF0.9100000262260437 均-0.14% 组合75.5 撤-39.8%,943笔 每天2.63 胜73% PF1.0399999618530273 均+0.05% 组合94.7 撤-28.3%,1096笔 每天3.05 胜72% PF1.0299999713897705 均+0.04% 组合106.8 撤-11.8%,0.91,2.52,-0.015,0.0
头部币,L_A142_0.03|glob,止盈3% 止损8% 48h,1,False,1214笔 每天1.61 胜71% PF1.0099999904632568 均+0.02% 组合92.0 撤-37.3%,827笔 每天2.3 胜74% PF1.090000033378601 均+0.18% 组合97.8 撤-33.6%,1016笔 每天2.83 胜73% PF1.1100000143051147 均+0.21% 组合129.9 撤-14.1%,1.01,2.25,0.138,0.0
头部币,L_A142_0.03|glob,止盈5% 止损11% 72h,2,False,1046笔 每天1.38 胜64% PF0.9599999785423279 均-0.14% 组合69.8 撤-49.3%,717笔 每天2.0 胜71% PF1.2400000095367432 均+0.65% 组合129.5 撤-30.0%,861笔 每天2.4 胜64% PF1.0299999713897705 均+0.09% 组合122.6 撤-21.5%,0.96,1.93,0.204,0.0
头部币,L_A142_0.03|glob,止盈1.5% 止损3% 12h,3,False,1574笔 每天2.08 胜66% PF0.8899999856948853 均-0.11% 组合79.5 撤-27.5%,1029笔 每天2.87 胜69% PF1.0 均+0.00% 组合94.9 撤-20.2%,1167笔 每天3.25 胜67% PF0.9599999785423279 均-0.04% 组合96.6 撤-8.4%,0.89,2.73,-0.05,0.0
头部币,L_A142_0.03|none,止盈2% 止损5% 24h,0,False,1675笔 每天2.22 胜69% PF0.8899999856948853 均-0.16% 组合72.4 撤-42.1%,1156笔 每天3.22 胜76% PF1.1699999570846558 均+0.21% 组合108.5 撤-25.2%,1374笔 每天3.83 胜70% PF0.949999988079071 均-0.07% 组合105.0 撤-14.2%,0.89,3.09,-0.006,0.0
头部币,L_A142_0.03|none,止盈3% 止损8% 48h,1,False,1414笔 每天1.87 胜70% PF1.0 均+0.00% 组合84.2 撤-43.4%,1002笔 每天2.79 胜75% PF1.159999966621399 均+0.30% 组合114.5 撤-32.1%,1263笔 每天3.52 胜71% PF0.9900000095367432 均-0.02% 组合120.1 撤-15.8%,0.99,2.73,0.097,0.0
头部币,L_A142_0.03|none,止盈5% 止损11% 72h,2,False,1204笔 每天1.59 胜65% PF0.9900000095367432 均-0.04% 组合65.5 撤-53.1%,863笔 每天2.4 胜71% PF1.309999942779541 均+0.80% 组合162.7 撤-25.7%,1060笔 每天2.95 胜62% PF0.9300000071525574 均-0.22% 组合120.2 撤-24.6%,0.93,2.31,0.178,0.0
头部币,L_A142_0.03|none,止盈1.5% 止损3% 12h,3,False,1880笔 每天2.49 胜65% PF0.8799999952316284 均-0.12% 组合77.3 撤-30.1%,1284笔 每天3.58 胜70% PF1.0700000524520874 均+0.07% 组合99.4 撤-18.6%,1476笔 每天4.11 胜66% PF0.8999999761581421 均-0.11% 组合95.3 撤-11.6%,0.88,3.39,-0.053,0.0
头部币,L_A142_0.03|own,止盈2% 止损5% 24h,0,False,255笔 每天0.34 胜73% PF1.059999942779541 均+0.08% 组合100.0 撤-8.1%,203笔 每天0.57 胜78% PF1.3899999856948853 均+0.42% 组合107.1 撤-6.1%,240笔 每天0.67 胜80% PF1.6200000047683716 均+0.60% 组合112.5 撤-4.9%,1.06,0.53,0.367,0.0
头部币,L_A142_0.03|own,止盈3% 止损8% 48h,1,False,250笔 每天0.33 胜70% PF1.0399999618530273 均+0.09% 组合99.9 撤-12.1%,187笔 每天0.52 胜83% PF2.0199999809265137 均+1.21% 组合122.0 撤-4.9%,234笔 每天0.65 胜80% PF1.659999966621399 均+0.92% 组合116.5 撤-10.0%,1.04,0.5,0.74,0.0
头部币,L_A142_0.03|own,止盈5% 止损11% 72h,2,False,240笔 每天0.32 胜63% PF0.9200000166893005 均-0.24% 组合89.8 撤-19.5%,182笔 每天0.51 胜77% PF1.8200000524520874 均+1.67% 组合126.5 撤-9.4%,219笔 每天0.61 胜69% PF1.2400000095367432 均+0.65% 组合109.5 撤-14.3%,0.92,0.48,0.69,0.0
头部币,L_A142_0.03|own,止盈1.5% 止损3% 12h,3,False,258笔 每天0.34 胜69% PF1.0399999618530273 均+0.04% 组合99.5 撤-6.2%,206笔 每天0.57 胜69% PF1.0399999618530273 均+0.04% 组合99.6 撤-6.2%,250笔 每天0.7 胜79% PF1.6799999475479126 均+0.45% 组合109.7 撤-2.8%,1.04,0.54,0.175,0.0
头部币,L_A142_0.04|any,止盈2% 止损5% 24h,0,False,264笔 每天0.35 胜77% PF1.2999999523162842 均+0.34% 组合107.4 撤-8.6%,150笔 每天0.42 胜82% PF1.7000000476837158 均+0.65% 组合110.0 撤-5.3%,183笔 每天0.51 胜77% PF1.399999976158142 均+0.43% 组合103.5 撤-3.4%,1.3,0.43,0.473,0.0
头部币,L_A142_0.04|any,止盈3% 止损8% 48h,1,False,251笔 每天0.33 胜78% PF1.5 均+0.76% 组合117.3 撤-10.5%,139笔 每天0.39 胜76% PF1.2300000190734863 均+0.42% 组合105.6 撤-10.5%,180笔 每天0.5 胜71% PF0.949999988079071 均-0.11% 组合99.9 撤-9.2%,0.95,0.41,0.356,0.0
头部币,L_A142_0.04|any,止盈5% 止损11% 72h,2,False,233笔 每天0.31 胜70% PF1.3200000524520874 均+0.81% 组合114.8 撤-17.4%,134笔 每天0.37 胜73% PF1.3600000143051147 均+0.93% 组合111.9 撤-16.3%,173笔 每天0.48 胜60% PF0.7799999713897705 均-0.79% 组合100.1 撤-17.9%,0.78,0.39,0.319,0.0
头部币,L_A142_0.04|any,止盈1.5% 止损3% 12h,3,False,278笔 每天0.37 胜71% PF1.1100000143051147 均+0.10% 组合101.5 撤-6.1%,156笔 每天0.43 胜79% PF1.690000057220459 均+0.46% 组合107.4 撤-4.1%,186笔 每天0.52 胜75% PF1.350000023841858 均+0.27% 组合101.9 撤-2.4%,1.11,0.44,0.278,0.0
头部币,L_A142_0.04|glob,止盈2% 止损5% 24h,0,False,538笔 每天0.71 胜76% PF1.25 均+0.30% 组合111.6 撤-11.3%,280笔 每天0.78 胜80% PF1.5099999904632568 均+0.52% 组合112.1 撤-5.4%,347笔 每天0.97 胜73% PF1.0800000429153442 均+0.10% 组合97.8 撤-8.7%,1.08,0.82,0.306,0.0
头部币,L_A142_0.04|glob,止盈3% 止损8% 48h,1,False,479笔 每天0.63 胜77% PF1.3899999856948853 均+0.63% 组合126.5 撤-13.3%,258笔 每天0.72 胜76% PF1.2300000190734863 均+0.41% 组合108.5 撤-11.5%,338笔 每天0.94 胜73% PF1.0800000429153442 均+0.15% 组合104.0 撤-13.8%,1.08,0.76,0.399,0.0
头部币,L_A142_0.04|glob,止盈5% 止损11% 72h,2,False,435笔 每天0.58 胜72% PF1.350000023841858 均+0.89% 组合131.8 撤-22.7%,238笔 每天0.66 胜70% PF1.149999976158142 均+0.43% 组合109.3 撤-23.4%,313笔 每天0.87 胜62% PF0.8700000047683716 均-0.41% 组合100.8 撤-13.6%,0.87,0.7,0.304,0.0
头部币,L_A142_0.04|glob,止盈1.5% 止损3% 12h,3,False,575笔 每天0.76 胜70% PF1.0499999523162842 均+0.05% 组合101.3 撤-9.5%,295笔 每天0.82 胜78% PF1.590000033378601 均+0.41% 组合110.0 撤-3.9%,358笔 每天1.0 胜70% PF1.0499999523162842 均+0.05% 组合96.9 撤-7.0%,1.05,0.86,0.169,0.0
头部币,L_A142_0.04|none,止盈2% 止损5% 24h,0,False,654笔 每天0.87 胜75% PF1.2000000476837158 均+0.25% 组合109.1 撤-14.3%,356笔 每天0.99 胜83% PF1.7899999618530273 均+0.70% 组合121.4 撤-6.1%,498笔 每天1.39 胜66% PF0.7900000214576721 均-0.33% 组合90.2 撤-12.4%,0.79,1.08,0.206,0.0
头部币,L_A142_0.04|none,止盈3% 止损8% 48h,1,False,573笔 每天0.76 胜76% PF1.3600000143051147 均+0.58% 组合124.6 撤-14.7%,326笔 每天0.91 胜79% PF1.5199999809265137 均+0.80% 组合122.8 撤-10.2%,476笔 每天1.33 胜68% PF0.8100000023841858 均-0.47% 组合100.0 撤-15.6%,0.81,1.0,0.306,0.0
头部币,L_A142_0.04|none,止盈5% 止损11% 72h,2,False,518笔 每天0.69 胜73% PF1.3899999856948853 均+0.97% 组合132.5 撤-23.2%,298笔 每天0.83 胜74% PF1.4199999570846558 均+1.06% 组合135.6 撤-17.7%,435笔 每天1.21 胜58% PF0.7300000190734863 均-1.01% 组合97.4 撤-17.7%,0.73,0.91,0.339,0.0
头部币,L_A142_0.04|none,止盈1.5% 止损3% 12h,3,False,706笔 每天0.93 胜69% PF1.0 均+0.00% 组合97.7 撤-11.3%,382笔 每天1.06 胜78% PF1.6799999475479126 均+0.45% 组合114.1 撤-4.6%,526笔 每天1.47 胜64% PF0.8299999833106995 均-0.19% 组合92.9 撤-9.2%,0.83,1.15,0.09,0.0
头部币,L_B143_0.0125|any,止盈2% 止损5% 24h,0,False,554笔 每天0.73 胜73% PF1.0399999618530273 均+0.05% 组合101.7 撤-13.9%,433笔 每天1.21 胜74% PF1.0800000429153442 均+0.11% 组合103.6 撤-15.1%,453笔 每天1.26 胜71% PF1.0700000524520874 均+0.09% 组合99.0 撤-12.9%,1.04,1.07,0.082,0.0
头部币,L_B143_0.0125|any,止盈3% 止损8% 48h,1,False,519笔 每天0.69 胜74% PF1.1699999570846558 均+0.31% 组合116.3 撤-12.0%,396笔 每天1.1 胜74% PF1.0800000429153442 均+0.16% 组合97.7 撤-25.5%,436笔 每天1.21 胜73% PF1.1100000143051147 均+0.20% 组合98.9 撤-12.8%,1.08,1.0,0.225,0.0
头部币,L_B143_0.0125|any,止盈5% 止损11% 72h,2,False,481笔 每天0.64 胜66% PF1.0199999809265137 均+0.05% 组合98.6 撤-24.7%,373笔 每天1.04 胜70% PF1.2400000095367432 均+0.66% 组合112.3 撤-25.9%,405笔 每天1.13 胜61% PF0.8600000143051147 均-0.47% 组合74.7 撤-37.1%,0.86,0.94,0.082,0.0
头部币,L_B143_0.0125|any,止盈1.5% 止损3% 12h,3,False,584笔 每天0.77 胜65% PF0.8500000238418579 均-0.17% 组合90.4 撤-15.9%,451笔 每天1.26 胜70% PF1.059999942779541 均+0.06% 组合101.6 撤-7.8%,471笔 每天1.31 胜70% PF1.0800000429153442 均+0.08% 组合97.4 撤-9.1%,0.85,1.11,-0.011,0.0
头部币,L_B143_0.0125|glob,止盈2% 止损5% 24h,0,False,1133笔 每天1.5 胜72% PF1.0099999904632568 均+0.02% 组合98.5 撤-28.2%,782笔 每天2.18 胜74% PF1.059999942779541 均+0.09% 组合108.0 撤-24.7%,929笔 每天2.59 胜72% PF1.0700000524520874 均+0.09% 组合102.9 撤-12.7%,1.01,2.09,0.065,0.0
头部币,L_B143_0.0125|glob,止盈3% 止损8% 48h,1,False,1004笔 每天1.33 胜72% PF1.0199999809265137 均+0.03% 组合98.6 撤-34.4%,706笔 每天1.97 胜74% PF1.0800000429153442 均+0.16% 组合109.0 撤-34.1%,873笔 每天2.43 胜74% PF1.149999976158142 均+0.28% 组合105.0 撤-13.7%,1.02,1.91,0.156,0.0
头部币,L_B143_0.0125|glob,止盈5% 止损11% 72h,2,False,890笔 每天1.18 胜66% PF1.0 均+0.01% 组合96.3 撤-41.4%,650笔 每天1.81 胜70% PF1.2699999809265137 均+0.73% 组合139.3 撤-34.2%,779笔 每天2.17 胜63% PF0.9100000262260437 均-0.27% 组合81.3 撤-40.3%,0.91,1.72,0.157,0.0
头部币,L_B143_0.0125|glob,止盈1.5% 止损3% 12h,3,False,1222笔 每天1.62 胜65% PF0.8600000143051147 均-0.15% 组合81.0 撤-28.6%,831笔 每天2.31 胜70% PF1.090000033378601 均+0.08% 组合107.3 撤-13.5%,977笔 每天2.72 胜71% PF1.1399999856948853 均+0.12% 组合99.5 撤-8.6%,0.86,2.22,0.017,0.0
头部币,L_B143_0.0125|none,止盈2% 止损5% 24h,0,False,1318笔 每天1.74 胜72% PF1.0099999904632568 均+0.01% 组合98.5 撤-31.2%,964笔 每天2.69 胜75% PF1.1399999856948853 均+0.18% 组合116.6 撤-24.7%,1218笔 每天3.39 胜70% PF0.9399999976158142 均-0.09% 组合103.2 撤-12.6%,0.94,2.61,0.036,0.0
头部币,L_B143_0.0125|none,止盈3% 止损8% 48h,1,False,1157笔 每天1.53 胜71% PF1.0099999904632568 均+0.02% 组合104.2 撤-34.3%,868笔 每天2.42 胜74% PF1.090000033378601 均+0.18% 组合124.1 撤-32.3%,1137笔 每天3.17 胜71% PF0.9800000190734863 均-0.03% 组合98.6 撤-22.5%,0.98,2.37,0.055,0.0
头部币,L_B143_0.0125|none,止盈5% 止损11% 72h,2,False,1008笔 每天1.33 胜65% PF0.9900000095367432 均-0.02% 组合92.1 撤-46.7%,791笔 每天2.2 胜70% PF1.2799999713897705 均+0.74% 组合152.3 撤-35.2%,1002笔 每天2.79 胜61% PF0.8600000143051147 均-0.48% 组合76.5 撤-45.6%,0.86,2.11,0.081,0.0
头部币,L_B143_0.0125|none,止盈1.5% 止损3% 12h,3,False,1441笔 每天1.91 胜65% PF0.8600000143051147 均-0.15% 组合79.1 撤-32.6%,1037笔 每天2.89 胜72% PF1.2000000476837158 均+0.17% 组合116.7 撤-14.1%,1298笔 每天3.62 胜66% PF0.9200000166893005 均-0.08% 组合95.6 撤-13.8%,0.86,2.81,-0.022,0.0
头部币,L_B143_0.0125|own,止盈2% 止损5% 24h,0,False,368笔 每天0.49 胜73% PF1.0399999618530273 均+0.06% 组合101.9 撤-10.1%,310笔 每天0.86 胜76% PF1.1699999570846558 均+0.21% 组合105.8 撤-9.1%,254笔 每天0.71 胜70% PF0.9399999976158142 均-0.08% 组合93.4 撤-14.5%,0.94,0.69,0.065,0.0
头部币,L_B143_0.0125|own,止盈3% 止损8% 48h,1,False,346笔 每天0.46 胜75% PF1.2400000095367432 均+0.42% 组合114.6 撤-8.9%,292笔 每天0.81 胜77% PF1.3200000524520874 均+0.55% 组合113.7 撤-9.2%,244笔 每天0.68 胜70% PF0.9100000262260437 均-0.19% 组合88.8 撤-18.4%,0.91,0.65,0.259,0.0
头部币,L_B143_0.0125|own,止盈5% 止损11% 72h,2,False,329笔 每天0.44 胜65% PF1.0299999713897705 均+0.08% 组合101.2 撤-21.3%,277笔 每天0.77 胜75% PF1.6100000143051147 均+1.37% 组合134.8 撤-13.7%,232笔 每天0.65 胜59% PF0.7599999904632568 均-0.84% 组合73.9 撤-34.4%,0.76,0.62,0.202,0.0
头部币,L_B143_0.0125|own,止盈1.5% 止损3% 12h,3,False,381笔 每天0.5 胜63% PF0.7799999713897705 均-0.26% 组合90.5 撤-13.1%,315笔 每天0.88 胜71% PF1.1399999856948853 均+0.12% 组合103.8 撤-3.5%,263笔 每天0.73 胜69% PF1.059999942779541 均+0.06% 组合98.5 撤-6.4%,0.78,0.7,-0.025,0.0
头部币,L_B143_0.015|any,止盈2% 止损5% 24h,0,False,273笔 每天0.36 胜76% PF1.2000000476837158 均+0.24% 组合106.6 撤-5.2%,209笔 每天0.58 胜78% PF1.2799999713897705 均+0.33% 组合105.6 撤-5.1%,185笔 每天0.52 胜74% PF1.2300000190734863 均+0.27% 组合104.2 撤-7.5%,1.2,0.49,0.281,0.0
头部币,L_B143_0.015|any,止盈3% 止损8% 48h,1,False,258笔 每天0.34 胜74% PF1.190000057220459 均+0.35% 组合108.7 撤-10.1%,196笔 每天0.55 胜75% PF1.1200000047683716 均+0.24% 组合102.9 撤-8.3%,183笔 每天0.51 胜80% PF1.590000033378601 均+0.86% 组合112.3 撤-5.5%,1.12,0.47,0.483,0.0
头部币,L_B143_0.015|any,止盈5% 止损11% 72h,2,False,249笔 每天0.33 胜70% PF1.1799999475479126 均+0.50% 组合110.2 撤-14.5%,185笔 每天0.52 胜72% PF1.309999942779541 均+0.82% 组合111.0 撤-10.0%,175笔 每天0.49 胜66% PF0.9800000190734863 均-0.06% 组合93.8 撤-19.7%,0.98,0.45,0.421,0.0
头部币,L_B143_0.015|any,止盈1.5% 止损3% 12h,3,False,282笔 每天0.37 胜67% PF0.9100000262260437 均-0.09% 组合97.4 撤-7.7%,213笔 每天0.59 胜75% PF1.3700000047683716 均+0.29% 组合105.5 撤-2.4%,189笔 每天0.53 胜70% PF1.090000033378601 均+0.08% 组合100.2 撤-5.6%,0.91,0.5,0.094,0.0
头部币,L_B143_0.015|glob,止盈2% 止损5% 24h,0,False,640笔 每天0.85 胜73% PF1.0299999713897705 均+0.04% 组合102.3 撤-18.7%,403笔 每天1.12 胜75% PF1.100000023841858 均+0.13% 组合101.8 撤-15.3%,458笔 每天1.28 胜74% PF1.2200000286102295 均+0.26% 组合111.0 撤-6.9%,1.03,1.08,0.144,0.0
头部币,L_B143_0.015|glob,止盈3% 止损8% 48h,1,False,578笔 每天0.76 胜72% PF1.0199999809265137 均+0.04% 组合99.8 撤-25.4%,369笔 每天1.03 胜73% PF1.0199999809265137 均+0.04% 组合95.3 撤-22.3%,440笔 每天1.23 胜80% PF1.5099999904632568 均+0.78% 组合124.7 撤-8.6%,1.02,1.01,0.286,0.0
头部币,L_B143_0.015|glob,止盈5% 止损11% 72h,2,False,531笔 每天0.7 胜68% PF1.0499999523162842 均+0.17% 组合102.9 撤-30.1%,345笔 每天0.96 胜68% PF1.1100000143051147 均+0.33% 组合99.1 撤-28.4%,420笔 每天1.17 胜67% PF1.1699999570846558 均+0.45% 组合103.6 撤-23.5%,1.05,0.94,0.318,0.0
头部币,L_B143_0.015|glob,止盈1.5% 止损3% 12h,3,False,681笔 每天0.9 胜66% PF0.8799999952316284 均-0.13% 组合93.3 撤-15.6%,414笔 每天1.15 胜71% PF1.1299999952316284 均+0.12% 组合102.1 撤-8.1%,480笔 每天1.34 胜72% PF1.2200000286102295 均+0.19% 组合107.2 撤-6.0%,0.88,1.13,0.058,0.0
头部币,L_B143_0.015|none,止盈2% 止损5% 24h,0,False,773笔 每天1.02 胜73% PF1.0399999618530273 均+0.05% 组合103.1 撤-21.3%,533笔 每天1.48 胜77% PF1.2799999713897705 均+0.33% 组合112.0 撤-15.5%,648笔 每天1.81 胜68% PF0.8799999952316284 均-0.18% 组合103.0 撤-9.6%,0.88,1.44,0.066,0.0
头部币,L_B143_0.015|none,止盈3% 止损8% 48h,1,False,689笔 每天0.91 胜73% PF1.059999942779541 均+0.12% 组合107.6 撤-27.6%,484笔 每天1.35 胜74% PF1.059999942779541 均+0.13% 组合99.0 撤-26.9%,620笔 每天1.73 胜72% PF1.0099999904632568 均+0.03% 组合113.7 撤-14.0%,1.01,1.33,0.093,0.0
头部币,L_B143_0.015|none,止盈5% 止损11% 72h,2,False,622笔 每天0.82 胜68% PF1.0800000429153442 均+0.23% 组合107.4 撤-34.4%,448笔 每天1.25 胜67% PF1.1100000143051147 均+0.31% 组合102.9 撤-30.1%,586笔 每天1.63 胜62% PF0.9100000262260437 均-0.29% 组合89.6 撤-27.9%,0.91,1.23,0.087,0.0
头部币,L_B143_0.015|none,止盈1.5% 止损3% 12h,3,False,828笔 每天1.1 胜66% PF0.8899999856948853 均-0.12% 组合92.2 撤-18.8%,554笔 每天1.54 胜74% PF1.2799999713897705 均+0.23% 组合108.6 撤-7.8%,687笔 每天1.91 胜63% PF0.8100000023841858 均-0.21% 组合96.9 撤-10.1%,0.81,1.52,-0.032,0.0
头部币,L_B143_0.015|own,止盈2% 止损5% 24h,0,False,165笔 每天0.22 胜78% PF1.350000023841858 均+0.39% 组合106.5 撤-3.1%,139笔 每天0.39 胜77% PF1.2400000095367432 均+0.29% 组合103.1 撤-3.6%,108笔 每天0.3 胜78% PF1.4500000476837158 均+0.46% 组合103.8 撤-4.4%,1.24,0.3,0.379,0.0
头部币,L_B143_0.015|own,止盈3% 止损8% 48h,1,False,155笔 每天0.21 胜79% PF1.5 均+0.76% 组合112.3 撤-5.2%,134笔 每天0.37 胜75% PF1.159999966621399 均+0.30% 组合101.9 撤-8.0%,107笔 每天0.3 胜78% PF1.309999942779541 均+0.53% 组合102.9 撤-4.2%,1.16,0.29,0.532,0.0
头部币,L_B143_0.015|own,止盈5% 止损11% 72h,2,False,153笔 每天0.2 胜74% PF1.440000057220459 均+1.08% 组合117.0 撤-7.3%,128笔 每天0.36 胜74% PF1.559999942779541 均+1.30% 组合113.4 撤-9.5%,102笔 每天0.28 胜65% PF0.9100000262260437 均-0.31% 组合94.1 撤-13.9%,0.91,0.28,0.689,0.0
头部币,L_B143_0.015|own,止盈1.5% 止损3% 12h,3,False,166笔 每天0.22 胜66% PF0.8799999952316284 均-0.13% 组合97.8 撤-4.6%,140笔 每天0.39 胜76% PF1.4700000286102295 均+0.35% 组合104.5 撤-2.2%,110笔 每天0.31 胜68% PF1.0 均-0.00% 组合99.2 撤-3.8%,0.88,0.31,0.073,0.0
头部币,L_B143_0.0175|any,止盈2% 止损5% 24h,0,False,133笔 每天0.18 胜77% PF1.2599999904632568 均+0.31% 组合104.1 撤-3.3%,101笔 每天0.28 胜78% PF1.350000023841858 均+0.39% 组合103.9 撤-4.2%,76笔 每天0.21 胜72% PF1.1699999570846558 均+0.21% 组合101.5 撤-5.0%,1.17,0.22,0.301,0.0
头部币,L_B143_0.0175|any,止盈3% 止损8% 48h,1,False,129笔 每天0.17 胜77% PF1.2599999904632568 均+0.47% 组合105.9 撤-5.0%,99笔 每天0.28 胜76% PF1.1699999570846558 均+0.31% 组合102.9 撤-7.2%,76笔 每天0.21 胜84% PF1.8899999856948853 均+1.14% 组合108.6 撤-3.2%,1.17,0.22,0.642,0.0
头部币,L_B143_0.0175|any,止盈5% 止损11% 72h,2,False,127笔 每天0.17 胜69% PF1.1200000047683716 均+0.35% 组合104.1 撤-10.2%,94笔 每天0.26 胜73% PF1.2300000190734863 均+0.65% 组合105.7 撤-7.8%,75笔 每天0.21 胜69% PF1.1299999952316284 均+0.38% 组合102.0 撤-5.6%,1.12,0.21,0.459,0.0
头部币,L_B143_0.0175|any,止盈1.5% 止损3% 12h,3,False,138笔 每天0.18 胜70% PF1.0700000524520874 均+0.07% 组合100.9 撤-3.7%,102笔 每天0.28 胜78% PF1.559999942779541 均+0.40% 组合104.1 撤-1.8%,78笔 每天0.22 胜74% PF1.3200000524520874 均+0.26% 组合101.9 撤-2.3%,1.07,0.23,0.24,0.0
头部币,L_B143_0.0175|glob,止盈2% 止损5% 24h,0,False,375笔 每天0.5 胜75% PF1.1200000047683716 均+0.16% 组合104.2 撤-10.4%,212笔 每天0.59 胜74% PF1.0800000429153442 均+0.10% 组合102.4 撤-11.0%,236笔 每天0.66 胜75% PF1.3700000047683716 均+0.40% 组合107.7 撤-4.4%,1.08,0.58,0.217,0.0
头部币,L_B143_0.0175|glob,止盈3% 止损8% 48h,1,False,343笔 每天0.45 胜74% PF1.0800000429153442 均+0.16% 组合103.6 撤-15.8%,202笔 每天0.56 胜72% PF0.949999988079071 均-0.12% 组合99.1 撤-14.2%,230笔 每天0.64 胜82% PF1.7699999809265137 均+1.04% 组合112.2 撤-7.8%,0.95,0.55,0.359,0.0
头部币,L_B143_0.0175|glob,止盈5% 止损11% 72h,2,False,317笔 每天0.42 胜69% PF1.0700000524520874 均+0.20% 组合96.9 撤-23.7%,192笔 每天0.53 胜70% PF1.0700000524520874 均+0.22% 组合105.5 撤-18.2%,223笔 每天0.62 胜72% PF1.409999966621399 均+0.96% 组合104.2 撤-13.6%,1.07,0.52,0.459,0.0
头部币,L_B143_0.0175|glob,止盈1.5% 止损3% 12h,3,False,398笔 每天0.53 胜68% PF0.9900000095367432 均-0.01% 组合99.1 撤-6.9%,219笔 每天0.61 胜74% PF1.2899999618530273 均+0.24% 组合106.0 撤-5.3%,246笔 每天0.69 胜75% PF1.4500000476837158 均+0.33% 组合103.2 撤-4.1%,0.99,0.61,0.186,0.0
头部币,L_B143_0.0175|none,止盈2% 止损5% 24h,0,False,467笔 每天0.62 胜74% PF1.1100000143051147 均+0.14% 组合106.6 撤-10.0%,280笔 每天0.78 胜76% PF1.190000057220459 均+0.24% 组合105.9 撤-12.3%,366笔 每天1.02 胜67% PF0.8399999737739563 均-0.25% 组合99.9 撤-7.5%,0.84,0.81,0.043,0.0
头部币,L_B143_0.0175|none,止盈3% 止损8% 48h,1,False,423笔 每天0.56 胜74% PF1.090000033378601 均+0.17% 组合103.5 撤-20.7%,267笔 每天0.74 胜74% PF1.0700000524520874 均+0.14% 组合105.1 撤-17.2%,354笔 每天0.99 胜70% PF0.9100000262260437 均-0.20% 组合103.9 撤-10.8%,0.91,0.76,0.038,0.0
头部币,L_B143_0.0175|none,止盈5% 止损11% 72h,2,False,386笔 每天0.51 胜69% PF1.100000023841858 均+0.29% 组合102.5 撤-26.4%,250笔 每天0.7 胜71% PF1.1799999475479126 均+0.53% 组合113.2 撤-20.2%,341笔 每天0.95 胜62% PF0.8700000047683716 均-0.45% 组合92.2 撤-19.5%,0.87,0.72,0.124,0.0
头部币,L_B143_0.0175|none,止盈1.5% 止损3% 12h,3,False,498笔 每天0.66 胜68% PF0.9599999785423279 均-0.04% 组合98.1 撤-9.3%,293笔 每天0.82 胜75% PF1.340000033378601 均+0.27% 组合108.1 撤-5.6%,381笔 每天1.06 胜62% PF0.7799999713897705 均-0.25% 组合96.9 撤-7.1%,0.78,0.85,-0.005,0.0
头部币,L_B143_0.0175|own,止盈2% 止损5% 24h,0,False,72笔 每天0.1 胜83% PF1.8700000047683716 均+0.75% 组合105.5 撤-1.3%,59笔 每天0.16 胜81% PF1.6399999856948853 均+0.61% 组合103.6 撤-2.1%,48笔 每天0.13 胜79% PF1.5299999713897705 均+0.53% 组合102.5 撤-2.2%,1.53,0.13,0.629,0.0
头部币,L_B143_0.0175|own,止盈3% 止损8% 48h,1,False,70笔 每天0.09 胜87% PF2.619999885559082 均+1.58% 组合111.6 撤-2.4%,59笔 每天0.16 胜78% PF1.3600000143051147 均+0.61% 组合103.5 撤-4.7%,48笔 每天0.13 胜85% PF2.059999942779541 均+1.25% 组合106.1 撤-3.2%,1.36,0.13,1.146,0.0
头部币,L_B143_0.0175|own,止盈5% 止损11% 72h,2,False,70笔 每天0.09 胜83% PF2.549999952316284 均+2.45% 组合118.5 撤-2.8%,57笔 每天0.16 胜77% PF1.559999942779541 均+1.34% 组合107.6 撤-5.9%,48笔 每天0.13 胜69% PF1.090000033378601 均+0.27% 组合101.1 撤-5.5%,1.09,0.13,1.353,0.0
头部币,L_B143_0.0175|own,止盈1.5% 止损3% 12h,3,False,75笔 每天0.1 胜71% PF1.090000033378601 均+0.09% 组合100.6 撤-2.4%,59笔 每天0.16 胜78% PF1.6100000143051147 均+0.42% 组合102.5 撤-0.7%,49笔 每天0.14 胜67% PF0.9399999976158142 均-0.06% 组合99.7 撤-2.1%,0.94,0.13,0.148,0.0
头部币,L_B143_0.01|any,止盈2% 止损5% 24h,0,False,1194笔 每天1.58 胜72% PF1.0099999904632568 均+0.01% 组合98.6 撤-23.0%,946笔 每天2.64 胜70% PF0.9200000166893005 均-0.11% 组合96.9 撤-32.1%,1234笔 每天3.44 胜73% PF1.1100000143051147 均+0.14% 组合111.4 撤-13.7%,0.92,2.55,0.011,0.0
头部币,L_B143_0.01|any,止盈3% 止损8% 48h,1,False,1074笔 每天1.42 胜71% PF1.0299999713897705 均+0.06% 组合102.6 撤-27.5%,859笔 每天2.39 胜72% PF1.0299999713897705 均+0.06% 组合114.0 撤-35.1%,1127笔 每天3.14 胜72% PF1.0499999523162842 均+0.10% 组合109.6 撤-17.2%,1.03,2.32,0.076,0.0
头部币,L_B143_0.01|any,止盈5% 止损11% 72h,2,False,932笔 每天1.23 胜63% PF0.9300000071525574 均-0.22% 组合76.6 撤-49.9%,740笔 每天2.06 胜67% PF1.059999942779541 均+0.18% 组合107.3 撤-48.0%,935笔 每天2.6 胜60% PF0.8299999833106995 均-0.57% 组合90.4 撤-37.2%,0.83,1.96,-0.203,0.0
头部币,L_B143_0.01|any,止盈1.5% 止损3% 12h,3,False,1262笔 每天1.67 胜64% PF0.8500000238418579 均-0.16% 组合81.0 撤-28.5%,1013笔 每天2.82 胜68% PF0.9800000190734863 均-0.02% 组合96.8 撤-21.7%,1292笔 每天3.6 胜70% PF1.100000023841858 均+0.09% 组合99.8 撤-14.0%,0.85,2.7,-0.032,0.0
头部币,L_B143_0.01|glob,止盈2% 止损5% 24h,0,False,2109笔 每天2.79 胜70% PF0.9200000166893005 均-0.11% 组合76.5 撤-44.0%,1491笔 每天4.15 胜72% PF1.0 均-0.00% 组合100.0 撤-37.5%,2036笔 每天5.67 胜73% PF1.1200000047683716 均+0.15% 组合117.9 撤-17.2%,0.92,4.2,0.013,0.0
头部币,L_B143_0.01|glob,止盈3% 止损8% 48h,1,False,1807笔 每天2.39 胜70% PF1.0099999904632568 均+0.01% 组合104.1 撤-36.7%,1314笔 每天3.66 胜74% PF1.1100000143051147 均+0.21% 组合130.7 撤-38.4%,1811笔 每天5.04 胜73% PF1.149999976158142 均+0.27% 组合112.5 撤-25.0%,1.01,3.7,0.165,0.0
头部币,L_B143_0.01|glob,止盈5% 止损11% 72h,2,False,1501笔 每天1.99 胜64% PF0.9700000286102295 均-0.10% 组合91.8 撤-53.0%,1105笔 每天3.08 胜68% PF1.1799999475479126 均+0.50% 组合119.9 撤-50.3%,1470笔 每天4.09 胜63% PF0.9599999785423279 均-0.13% 组合80.9 撤-45.2%,0.96,3.05,0.088,0.0
头部币,L_B143_0.01|glob,止盈1.5% 止损3% 12h,3,False,2332笔 每天3.08 胜64% PF0.8399999737739563 均-0.17% 组合64.5 撤-44.2%,1640笔 每天4.57 胜69% PF1.0099999904632568 均+0.01% 组合99.5 撤-24.2%,2190笔 每天6.1 胜70% PF1.100000023841858 均+0.09% 组合101.6 撤-16.5%,0.84,4.58,-0.023,0.0
头部币,L_B143_0.01|none,止盈2% 止损5% 24h,0,False,2384笔 每天3.15 胜69% PF0.8999999761581421 均-0.14% 组合69.0 撤-50.2%,1760笔 每天4.9 胜73% PF1.0700000524520874 均+0.09% 组合110.5 撤-35.0%,2476笔 每天6.9 胜72% PF1.0399999618530273 均+0.05% 组合105.3 撤-20.6%,0.9,4.98,-0.001,0.0
头部币,L_B143_0.01|none,止盈3% 止损8% 48h,1,False,2018笔 每天2.67 胜70% PF1.0199999809265137 均+0.04% 组合106.3 撤-39.3%,1530笔 每天4.26 胜74% PF1.1299999952316284 均+0.25% 组合130.4 撤-44.6%,2190笔 每天6.1 胜72% PF1.0499999523162842 均+0.10% 组合110.8 撤-24.7%,1.02,4.34,0.129,0.0
头部币,L_B143_0.01|none,止盈5% 止损11% 72h,2,False,1659笔 每天2.19 胜64% PF0.9800000190734863 均-0.05% 组合82.0 撤-61.1%,1282笔 每天3.57 胜68% PF1.2000000476837158 均+0.54% 组合130.0 撤-50.2%,1752笔 每天4.88 胜62% PF0.9200000166893005 均-0.25% 组合71.8 撤-51.8%,0.92,3.55,0.078,0.0
头部币,L_B143_0.01|none,止盈1.5% 止损3% 12h,3,False,2672笔 每天3.53 胜63% PF0.8199999928474426 均-0.20% 组合56.2 撤-52.3%,1955笔 每天5.45 胜70% PF1.059999942779541 均+0.06% 组合102.5 撤-24.8%,2693笔 每天7.5 胜68% PF1.0 均+0.00% 组合99.4 撤-16.0%,0.82,5.49,-0.046,0.0
头部币,L_B143_0.01|own,止盈2% 止损5% 24h,0,False,829笔 每天1.1 胜72% PF1.0199999809265137 均+0.03% 组合100.5 撤-19.2%,667笔 每天1.86 胜71% PF0.949999988079071 均-0.07% 组合94.5 撤-27.3%,753笔 每天2.1 胜72% PF1.0299999713897705 均+0.04% 组合106.9 撤-12.6%,0.95,1.69,-0.002,0.0
头部币,L_B143_0.01|own,止盈3% 止损8% 48h,1,False,750笔 每天0.99 胜73% PF1.090000033378601 均+0.17% 组合109.4 撤-25.0%,628笔 每天1.75 胜76% PF1.2100000381469727 均+0.38% 组合120.5 撤-24.2%,708笔 每天1.97 胜70% PF0.9399999976158142 均-0.13% 组合98.2 撤-22.5%,0.94,1.57,0.141,0.0
头部币,L_B143_0.01|own,止盈5% 止损11% 72h,2,False,672笔 每天0.89 胜64% PF0.9900000095367432 均-0.02% 组合90.0 撤-42.6%,560笔 每天1.56 胜70% PF1.25 均+0.68% 组合118.8 撤-36.8%,618笔 每天1.72 胜59% PF0.7699999809265137 均-0.81% 组合80.2 撤-41.5%,0.77,1.39,-0.054,0.0
头部币,L_B143_0.01|own,止盈1.5% 止损3% 12h,3,False,865笔 每天1.14 胜64% PF0.8399999737739563 均-0.17% 组合85.4 撤-24.5%,704笔 每天1.96 胜68% PF0.9700000286102295 均-0.03% 组合96.6 撤-17.8%,783笔 每天2.18 胜69% PF1.0499999523162842 均+0.05% 组合102.1 撤-9.5%,0.84,1.76,-0.053,0.0
头部币,L_B143_0.02|any,止盈2% 止损5% 24h,0,False,77笔 每天0.1 胜74% PF1.0700000524520874 均+0.09% 组合100.7 撤-3.1%,46笔 每天0.13 胜78% PF1.350000023841858 均+0.39% 组合101.8 撤-2.6%,42笔 每天0.12 胜74% PF1.350000023841858 均+0.37% 组合101.5 撤-3.4%,1.07,0.12,0.285,0.0
头部币,L_B143_0.02|any,止盈3% 止损8% 48h,1,False,75笔 每天0.1 胜81% PF1.5700000524520874 均+0.86% 组合106.5 撤-4.5%,45笔 每天0.13 胜78% PF1.2599999904632568 均+0.47% 组合102.0 撤-4.1%,42笔 每天0.12 胜93% PF4.679999828338623 均+2.14% 组合109.3 撤-0.8%,1.26,0.12,1.157,0.0
头部币,L_B143_0.02|any,止盈5% 止损11% 72h,2,False,74笔 每天0.1 胜74% PF1.4600000381469727 均+1.13% 组合108.4 撤-3.9%,44笔 每天0.12 胜80% PF1.7999999523162842 均+1.69% 组合107.4 撤-5.6%,42笔 每天0.12 胜79% PF2.180000066757202 均+2.10% 组合109.0 撤-2.8%,1.46,0.11,1.638,0.0
头部币,L_B143_0.02|any,止盈1.5% 止损3% 12h,3,False,78笔 每天0.1 胜72% PF1.159999966621399 均+0.14% 组合101.1 撤-2.2%,46笔 每天0.13 胜80% PF1.8700000047683716 均+0.53% 组合102.5 撤-1.6%,42笔 每天0.12 胜76% PF1.4500000476837158 均+0.34% 组合101.4 撤-1.5%,1.16,0.12,0.338,0.0
头部币,L_B143_0.02|glob,止盈2% 止损5% 24h,0,False,219笔 每天0.29 胜70% PF0.9100000262260437 均-0.13% 组合97.2 撤-12.8%,106笔 每天0.3 胜71% PF0.9100000262260437 均-0.14% 组合100.7 撤-7.6%,151笔 每天0.42 胜75% PF1.2999999523162842 均+0.33% 组合103.1 撤-3.7%,0.91,0.34,0.022,0.0
头部币,L_B143_0.02|glob,止盈3% 止损8% 48h,1,False,206笔 每天0.27 胜77% PF1.2000000476837158 均+0.38% 组合105.9 撤-12.0%,95笔 每天0.26 胜66% PF0.7099999785423279 均-0.80% 组合98.4 撤-10.7%,148笔 每天0.41 胜88% PF2.9700000286102295 均+1.71% 组合115.4 撤-3.7%,0.71,0.31,0.429,0.0
头部币,L_B143_0.02|glob,止盈5% 止损11% 72h,2,False,189笔 每天0.25 胜70% PF1.1299999952316284 均+0.39% 组合102.2 撤-17.2%,94笔 每天0.26 胜67% PF0.8999999761581421 均-0.35% 组合102.8 撤-15.8%,146笔 每天0.41 胜77% PF2.200000047683716 均+1.95% 组合114.3 撤-5.6%,0.9,0.31,0.666,0.0
头部币,L_B143_0.02|glob,止盈1.5% 止损3% 12h,3,False,230笔 每天0.3 胜67% PF0.949999988079071 均-0.05% 组合99.4 撤-6.4%,108笔 每天0.3 胜70% PF1.0800000429153442 均+0.07% 组合102.8 撤-4.4%,152笔 每天0.42 胜77% PF1.6100000143051147 均+0.41% 组合102.2 撤-2.3%,0.95,0.34,0.146,0.0
头部币,L_B143_0.02|none,止盈2% 止损5% 24h,0,False,279笔 每天0.37 胜71% PF0.9200000166893005 均-0.12% 组合97.4 撤-15.0%,139笔 每天0.39 胜72% PF0.9599999785423279 均-0.06% 组合101.3 撤-7.6%,250笔 每天0.7 胜62% PF0.6899999976158142 均-0.54% 组合97.6 撤-5.7%,0.69,0.49,-0.238,0.0
头部币,L_B143_0.02|none,止盈3% 止损8% 48h,1,False,261笔 每天0.35 胜77% PF1.2000000476837158 均+0.37% 组合108.8 撤-14.0%,124笔 每天0.35 胜68% PF0.7599999904632568 均-0.64% 组合97.7 撤-13.2%,244笔 每天0.68 胜70% PF0.9200000166893005 均-0.18% 组合107.4 撤-8.9%,0.76,0.46,-0.151,0.0
头部币,L_B143_0.02|none,止盈5% 止损11% 72h,2,False,236笔 每天0.31 胜72% PF1.2400000095367432 均+0.68% 组合109.9 撤-19.3%,120笔 每天0.33 胜70% PF1.0399999618530273 均+0.13% 组合106.9 撤-16.5%,239笔 每天0.67 胜64% PF0.9599999785423279 均-0.11% 组合106.4 撤-12.2%,0.96,0.44,0.232,0.0
头部币,L_B143_0.02|none,止盈1.5% 止损3% 12h,3,False,295笔 每天0.39 胜67% PF0.9200000166893005 均-0.08% 组合98.4 撤-8.3%,143笔 每天0.4 胜71% PF1.090000033378601 均+0.09% 组合103.1 撤-4.4%,253笔 每天0.7 胜59% PF0.6800000071525574 均-0.39% 组合96.7 撤-4.7%,0.68,0.5,-0.129,0.0
头部币,L_B143_0.02|own,止盈2% 止损5% 24h,0,False,41笔 每天0.05 胜83% PF1.8200000524520874 均+0.72% 组合103.0 撤-1.0%,25笔 每天0.07 胜88% PF2.75 均+1.08% 组合102.7 撤-1.0%,23笔 每天0.06 胜87% PF3.180000066757202 均+1.15% 组合102.7 撤-1.2%,1.82,0.06,0.985,0.0
头部币,L_B143_0.02|own,止盈3% 止损8% 48h,1,False,41笔 每天0.05 胜95% PF7.010000228881836 均+2.39% 组合110.2 撤-1.6%,25笔 每天0.07 胜88% PF2.640000104904175 均+1.60% 组合104.0 撤-1.6%,23笔 每天0.06 胜100% PF9.99 均+2.93% 组合106.9 撤0.0%,2.64,0.06,2.307,0.0
头部币,L_B143_0.02|own,止盈5% 止损11% 72h,2,False,41笔 每天0.05 胜90% PF7.400000095367432 均+3.78% 组合116.6 撤-1.7%,24笔 每天0.07 胜88% PF3.700000047683716 均+3.02% 组合107.4 撤-2.2%,23笔 每天0.06 胜87% PF8.100000381469727 均+3.76% 组合109.0 撤-1.1%,3.7,0.06,3.516,0.0
头部币,L_B143_0.02|own,止盈1.5% 止损3% 12h,3,False,41笔 每天0.05 胜83% PF2.2100000381469727 均+0.65% 组合102.7 撤-0.6%,25笔 每天0.07 胜80% PF1.8200000524520874 均+0.51% 组合101.3 撤-0.8%,23笔 每天0.06 胜65% PF0.8500000238418579 均-0.16% 组合99.6 撤-1.6%,0.85,0.06,0.333,0.0
头部币,L_C144_0.05|any,止盈2% 止损5% 24h,0,False,610笔 每天0.81 胜72% PF1.0 均+0.00% 组合98.5 撤-13.1%,536笔 每天1.49 胜74% PF1.0800000429153442 均+0.11% 组合98.6 撤-12.4%,661笔 每天1.84 胜67% PF0.8100000023841858 均-0.31% 组合89.6 撤-19.4%,0.81,1.38,-0.065,0.0
头部币,L_C144_0.05|any,止盈3% 止损8% 48h,1,False,504笔 每天0.67 胜69% PF0.8600000143051147 均-0.33% 组合85.0 撤-26.1%,479笔 每天1.33 胜75% PF1.1399999856948853 均+0.27% 组合105.8 撤-15.0%,552笔 每天1.54 胜64% PF0.699999988079071 均-0.80% 组合74.5 撤-34.6%,0.7,1.18,-0.288,0.0
头部币,L_C144_0.05|any,止盈5% 止损11% 72h,2,False,471笔 每天0.62 胜67% PF1.0 均-0.00% 组合97.8 撤-20.8%,427笔 每天1.19 胜71% PF1.3700000047683716 均+0.94% 组合130.1 撤-19.7%,505笔 每天1.41 胜57% PF0.7099999785423279 均-1.12% 组合70.1 撤-45.4%,0.71,1.07,-0.062,0.0
头部币,L_C144_0.05|any,止盈1.5% 止损3% 12h,3,False,726笔 每天0.96 胜68% PF0.9599999785423279 均-0.04% 组合96.7 撤-10.4%,645笔 每天1.8 胜63% PF0.7799999713897705 均-0.25% 组合82.9 撤-19.3%,757笔 每天2.11 胜64% PF0.8600000143051147 均-0.15% 组合92.6 撤-13.2%,0.78,1.62,-0.148,0.0
头部币,L_C144_0.05|glob,止盈2% 止损5% 24h,0,False,1118笔 每天1.48 胜73% PF1.0199999809265137 均+0.03% 组合100.3 撤-21.3%,907笔 每天2.53 胜74% PF1.1200000047683716 均+0.16% 组合99.5 撤-19.8%,1140笔 每天3.18 胜69% PF0.8899999856948853 均-0.17% 组合92.1 撤-23.5%,0.89,2.4,0.005,0.0
头部币,L_C144_0.05|glob,止盈3% 止损8% 48h,1,False,897笔 每天1.19 胜72% PF0.9900000095367432 均-0.03% 组合98.2 撤-22.5%,773笔 每天2.15 胜74% PF1.090000033378601 均+0.19% 组合110.6 撤-21.4%,893笔 每天2.49 胜69% PF0.8600000143051147 均-0.32% 组合75.7 撤-37.2%,0.86,1.94,-0.055,0.0
头部币,L_C144_0.05|glob,止盈5% 止损11% 72h,2,False,750笔 每天0.99 胜69% PF1.100000023841858 均+0.31% 组合124.0 撤-26.1%,653笔 每天1.82 胜72% PF1.3899999856948853 均+0.99% 组合144.3 撤-25.0%,781笔 每天2.18 胜62% PF0.8999999761581421 均-0.33% 组合80.3 撤-44.8%,0.9,1.66,0.321,0.0
头部币,L_C144_0.05|glob,止盈1.5% 止损3% 12h,3,False,1365笔 每天1.81 胜68% PF0.9700000286102295 均-0.03% 组合94.7 撤-18.2%,1099笔 每天3.06 胜65% PF0.8399999737739563 均-0.17% 组合78.5 撤-26.8%,1366笔 每天3.81 胜66% PF0.9100000262260437 均-0.09% 组合96.0 撤-15.9%,0.84,2.89,-0.096,0.0
头部币,L_C144_0.05|none,止盈2% 止损5% 24h,0,False,1213笔 每天1.6 胜73% PF1.059999942779541 均+0.08% 组合106.0 撤-20.6%,1014笔 每天2.82 胜75% PF1.1699999570846558 均+0.21% 组合105.3 撤-19.0%,1320笔 每天3.68 胜68% PF0.8399999737739563 均-0.25% 组合84.4 撤-26.5%,0.84,2.7,0.013,0.0
头部币,L_C144_0.05|none,止盈3% 止损8% 48h,1,False,973笔 每天1.29 胜73% PF1.0399999618530273 均+0.09% 组合107.2 撤-23.5%,853笔 每天2.38 胜75% PF1.149999976158142 均+0.28% 组合119.2 撤-23.8%,1017笔 每天2.83 胜68% PF0.8199999928474426 均-0.44% 组合72.9 撤-40.5%,0.82,2.17,-0.024,0.0
头部币,L_C144_0.05|none,止盈5% 止损11% 72h,2,False,800笔 每天1.06 胜69% PF1.1299999952316284 均+0.38% 组合128.4 撤-27.9%,707笔 每天1.97 胜72% PF1.3799999952316284 均+0.97% 组合143.6 撤-28.7%,888笔 每天2.47 胜61% PF0.8500000238418579 均-0.51% 组合76.9 撤-46.5%,0.85,1.83,0.28,0.0
头部币,L_C144_0.05|none,止盈1.5% 止损3% 12h,3,False,1489笔 每天1.97 胜68% PF0.9900000095367432 均-0.01% 组合97.1 撤-19.7%,1252笔 每天3.49 胜67% PF0.9100000262260437 均-0.09% 组合81.8 撤-25.1%,1610笔 每天4.48 胜65% PF0.8799999952316284 均-0.12% 组合93.5 撤-18.4%,0.88,3.31,-0.078,0.0
头部币,L_C144_0.05|own,止盈2% 止损5% 24h,0,False,227笔 每天0.3 胜68% PF0.8399999737739563 均-0.25% 组合94.3 撤-7.8%,249笔 每天0.69 胜75% PF1.1399999856948853 均+0.18% 组合103.1 撤-3.6%,287笔 每天0.8 胜67% PF0.8100000023841858 均-0.30% 组合91.3 撤-13.5%,0.81,0.6,-0.126,0.0
头部币,L_C144_0.05|own,止盈3% 止损8% 48h,1,False,206笔 每天0.27 胜68% PF0.8199999928474426 均-0.43% 组合90.9 撤-14.7%,237笔 每天0.66 胜78% PF1.3200000524520874 均+0.55% 组合111.2 撤-8.6%,248笔 每天0.69 胜66% PF0.75 均-0.64% 组合85.3 撤-22.4%,0.75,0.54,-0.173,0.0
头部币,L_C144_0.05|own,止盈5% 止损11% 72h,2,False,198笔 每天0.26 胜68% PF1.0099999904632568 均+0.03% 组合99.7 撤-11.6%,221笔 每天0.62 胜72% PF1.440000057220459 均+1.07% 组合127.5 撤-11.3%,227笔 每天0.63 胜59% PF0.7300000190734863 均-1.03% 组合80.0 撤-31.1%,0.73,0.5,0.02,0.0
头部币,L_C144_0.05|own,止盈1.5% 止损3% 12h,3,False,264笔 每天0.35 胜63% PF0.7799999713897705 均-0.26% 组合93.3 撤-9.7%,267笔 每天0.74 胜65% PF0.8500000238418579 均-0.17% 组合94.7 撤-6.1%,315笔 每天0.88 胜64% PF0.8199999928474426 均-0.20% 组合93.7 撤-8.6%,0.78,0.66,-0.21,0.0
头部币,L_C144_0.06|any,止盈2% 止损5% 24h,0,False,443笔 每天0.59 胜72% PF0.9599999785423279 均-0.06% 组合96.7 撤-11.6%,391笔 每天1.09 胜78% PF1.2899999618530273 均+0.34% 组合107.6 撤-7.0%,466笔 每天1.3 胜68% PF0.8500000238418579 均-0.24% 组合93.3 撤-13.3%,0.85,0.99,0.013,0.0
头部币,L_C144_0.06|any,止盈3% 止损8% 48h,1,False,377笔 每天0.5 胜71% PF0.9100000262260437 均-0.20% 组合89.9 撤-19.5%,360笔 每天1.0 胜77% PF1.2400000095367432 均+0.43% 组合110.7 撤-11.1%,391笔 每天1.09 胜63% PF0.6700000166893005 均-0.91% 组合75.5 撤-28.2%,0.67,0.86,-0.225,0.0
头部币,L_C144_0.06|any,止盈5% 止损11% 72h,2,False,352笔 每天0.47 胜67% PF0.9700000286102295 均-0.10% 组合93.8 撤-23.1%,318笔 每天0.89 胜74% PF1.5700000524520874 均+1.32% 组合132.4 撤-15.5%,366笔 每天1.02 胜57% PF0.7099999785423279 均-1.10% 组合74.4 撤-36.6%,0.71,0.79,0.04,0.0
头部币,L_C144_0.06|any,止盈1.5% 止损3% 12h,3,False,515笔 每天0.68 胜68% PF0.9700000286102295 均-0.03% 组合97.6 撤-8.5%,446笔 每天1.24 胜67% PF0.9200000166893005 均-0.08% 组合95.1 撤-8.9%,520笔 每天1.45 胜66% PF0.9100000262260437 均-0.10% 组合96.1 撤-8.5%,0.91,1.12,-0.069,0.0
头部币,L_C144_0.06|glob,止盈2% 止损5% 24h,0,False,879笔 每天1.16 胜73% PF1.0099999904632568 均+0.02% 组合97.9 撤-20.7%,693笔 每天1.93 胜76% PF1.2300000190734863 均+0.27% 组合110.8 撤-13.9%,878笔 每天2.45 胜71% PF0.949999988079071 均-0.08% 组合93.5 撤-19.3%,0.95,1.85,0.072,0.0
头部币,L_C144_0.06|glob,止盈3% 止损8% 48h,1,False,711笔 每天0.94 胜74% PF1.059999942779541 均+0.11% 组合103.2 撤-22.2%,606笔 每天1.69 胜76% PF1.1799999475479126 均+0.34% 组合117.2 撤-19.0%,695笔 每天1.94 胜68% PF0.8500000238418579 均-0.36% 组合76.0 撤-32.7%,0.85,1.52,0.032,0.0
头部币,L_C144_0.06|glob,止盈5% 止损11% 72h,2,False,609笔 每天0.81 胜70% PF1.1200000047683716 均+0.36% 组合119.1 撤-23.9%,507笔 每天1.41 胜75% PF1.5399999618530273 均+1.28% 组合141.1 撤-24.2%,616笔 每天1.72 胜63% PF0.9300000071525574 均-0.23% 组合78.0 撤-41.1%,0.93,1.31,0.472,0.0
头部币,L_C144_0.06|glob,止盈1.5% 止损3% 12h,3,False,1045笔 每天1.38 胜68% PF0.9800000190734863 均-0.02% 组合96.1 撤-16.2%,808笔 每天2.25 胜66% PF0.8899999856948853 均-0.12% 组合85.8 撤-17.9%,1014笔 每天2.82 胜65% PF0.8700000047683716 均-0.14% 组合95.0 撤-14.0%,0.87,2.15,-0.092,0.0
头部币,L_C144_0.06|none,止盈2% 止损5% 24h,0,False,961笔 每天1.27 胜73% PF1.0099999904632568 均+0.02% 组合98.2 撤-20.8%,790笔 每天2.2 胜78% PF1.309999942779541 均+0.36% 组合117.3 撤-14.9%,1038笔 每天2.89 胜69% PF0.8700000047683716 均-0.20% 组合84.6 撤-22.9%,0.87,2.12,0.057,0.0
头部币,L_C144_0.06|none,止盈3% 止损8% 48h,1,False,773笔 每天1.02 胜74% PF1.090000033378601 均+0.18% 组合107.9 撤-22.7%,682笔 每天1.9 胜77% PF1.2599999904632568 均+0.46% 组合125.4 撤-19.7%,808笔 每天2.25 胜67% PF0.800000011920929 均-0.49% 组合70.9 撤-36.4%,0.8,1.72,0.05,0.0
头部币,L_C144_0.06|none,止盈5% 止损11% 72h,2,False,657笔 每天0.87 胜70% PF1.1399999856948853 均+0.41% 组合124.2 撤-24.8%,562笔 每天1.57 胜75% PF1.5499999523162842 均+1.31% 组合153.7 撤-24.2%,718笔 每天2.0 胜62% PF0.8700000047683716 均-0.43% 组合76.6 撤-41.6%,0.87,1.48,0.431,0.0
头部币,L_C144_0.06|none,止盈1.5% 止损3% 12h,3,False,1155笔 每天1.53 胜69% PF1.0099999904632568 均+0.01% 组合99.1 撤-16.3%,936笔 每天2.61 胜68% PF0.949999988079071 均-0.05% 组合88.2 撤-17.0%,1225笔 每天3.41 胜64% PF0.8199999928474426 均-0.20% 组合92.4 撤-15.2%,0.82,2.52,-0.081,0.0
头部币,L_C144_0.06|own,止盈2% 止损5% 24h,0,False,148笔 每天0.2 胜71% PF0.9200000166893005 均-0.13% 组合98.0 撤-4.5%,158笔 每天0.44 胜82% PF1.6699999570846558 均+0.63% 组合109.9 撤-2.1%,187笔 每天0.52 胜67% PF0.800000011920929 均-0.32% 组合94.0 撤-9.6%,0.8,0.39,0.062,0.0
头部币,L_C144_0.06|own,止盈3% 止损8% 48h,1,False,141笔 每天0.19 胜72% PF0.9900000095367432 均-0.03% 组合99.4 撤-6.8%,151笔 每天0.42 胜80% PF1.4900000095367432 均+0.77% 组合111.4 撤-3.5%,161笔 每天0.45 胜63% PF0.6700000166893005 均-0.89% 组合86.0 撤-17.4%,0.67,0.35,-0.048,0.0
头部币,L_C144_0.06|own,止盈5% 止损11% 72h,2,False,135笔 每天0.18 胜67% PF0.9800000190734863 均-0.06% 组合98.5 撤-13.1%,143笔 每天0.4 胜80% PF2.0399999618530273 均+1.99% 组合129.3 撤-7.7%,153笔 每天0.43 胜60% PF0.7900000214576721 均-0.78% 组合86.8 撤-20.3%,0.79,0.34,0.383,0.0
头部币,L_C144_0.06|own,止盈1.5% 止损3% 12h,3,False,165笔 每天0.22 胜64% PF0.8199999928474426 均-0.21% 组合96.6 撤-6.3%,162笔 每天0.45 胜72% PF1.1699999570846558 均+0.15% 组合102.2 撤-2.3%,199笔 每天0.55 胜61% PF0.7300000190734863 均-0.32% 组合93.7 撤-7.6%,0.73,0.41,-0.126,0.0
头部币,L_C144_0.07|any,止盈2% 止损5% 24h,0,False,305笔 每天0.4 胜72% PF0.9800000190734863 均-0.03% 组合98.6 撤-10.4%,285笔 每天0.79 胜81% PF1.6399999856948853 均+0.61% 组合115.2 撤-4.8%,325笔 每天0.91 胜67% PF0.8299999833106995 均-0.26% 组合93.4 撤-12.4%,0.83,0.7,0.107,0.0
头部币,L_C144_0.07|any,止盈3% 止损8% 48h,1,False,267笔 每天0.35 胜72% PF0.9399999976158142 均-0.14% 组合95.2 撤-12.8%,266笔 每天0.74 胜82% PF1.659999966621399 均+0.95% 组合122.2 撤-6.1%,290笔 每天0.81 胜62% PF0.6399999856948853 均-1.01% 组合83.4 撤-23.0%,0.64,0.63,-0.065,0.0
头部币,L_C144_0.07|any,止盈5% 止损11% 72h,2,False,246笔 每天0.33 胜67% PF0.949999988079071 均-0.16% 组合91.9 撤-18.5%,242笔 每天0.67 胜78% PF1.7999999523162842 均+1.70% 组合134.8 撤-10.5%,271笔 每天0.75 胜55% PF0.6499999761581421 均-1.43% 组合75.4 撤-32.5%,0.65,0.58,0.039,0.0
头部币,L_C144_0.07|any,止盈1.5% 止损3% 12h,3,False,340笔 每天0.45 胜68% PF0.9900000095367432 均-0.01% 组合99.3 撤-7.6%,320笔 每天0.89 胜71% PF1.1299999952316284 均+0.12% 组合102.4 撤-5.4%,360笔 每天1.0 胜65% PF0.8700000047683716 均-0.14% 组合96.0 撤-9.3%,0.87,0.78,-0.011,0.0
头部币,L_C144_0.07|glob,止盈2% 止损5% 24h,0,False,679笔 每天0.9 胜73% PF1.0099999904632568 均+0.01% 组合97.0 撤-20.2%,539笔 每天1.5 胜78% PF1.309999942779541 均+0.35% 组合113.9 撤-12.8%,675笔 每天1.88 胜71% PF0.9700000286102295 均-0.05% 组合96.1 撤-16.8%,0.97,1.43,0.104,0.0
头部币,L_C144_0.07|glob,止盈3% 止损8% 48h,1,False,560笔 每天0.74 胜73% PF1.0299999713897705 均+0.06% 组合101.0 撤-22.8%,490笔 每天1.36 胜79% PF1.399999976158142 均+0.66% 组合130.0 撤-16.8%,547笔 每天1.52 胜68% PF0.8299999833106995 均-0.42% 组合80.8 撤-30.9%,0.83,1.21,0.104,0.0
头部币,L_C144_0.07|glob,止盈5% 止损11% 72h,2,False,472笔 每天0.62 胜69% PF1.090000033378601 均+0.29% 组合102.1 撤-24.0%,413笔 每天1.15 胜77% PF1.659999966621399 均+1.50% 组合144.4 撤-22.3%,484笔 每天1.35 胜62% PF0.8799999952316284 均-0.39% 组合82.0 撤-37.6%,0.88,1.04,0.467,0.0
头部币,L_C144_0.07|glob,止盈1.5% 止损3% 12h,3,False,777笔 每天1.03 胜69% PF0.9900000095367432 均-0.01% 组合97.1 撤-15.0%,631笔 每天1.76 胜69% PF1.0299999713897705 均+0.03% 组合97.4 撤-12.9%,765笔 每天2.13 胜64% PF0.8199999928474426 均-0.20% 组合91.3 撤-16.5%,0.82,1.64,-0.058,0.0
头部币,L_C144_0.07|none,止盈2% 止损5% 24h,0,False,758笔 每天1.0 胜74% PF1.0499999523162842 均+0.07% 组合99.6 撤-20.7%,622笔 每天1.73 胜78% PF1.3200000524520874 均+0.36% 组合115.2 撤-13.4%,827笔 每天2.3 胜69% PF0.8700000047683716 均-0.20% 组合89.4 撤-19.2%,0.87,1.68,0.074,0.0
头部币,L_C144_0.07|none,止盈3% 止损8% 48h,1,False,615笔 每天0.81 胜74% PF1.0700000524520874 均+0.13% 组合104.1 撤-23.0%,556笔 每天1.55 胜80% PF1.4199999570846558 均+0.69% 组合135.5 撤-18.3%,657笔 每天1.83 胜67% PF0.7599999904632568 均-0.61% 组合76.2 撤-33.4%,0.76,1.4,0.072,0.0
头部币,L_C144_0.07|none,止盈5% 止损11% 72h,2,False,513笔 每天0.68 胜70% PF1.1200000047683716 均+0.38% 组合104.8 撤-25.0%,465笔 每天1.3 胜77% PF1.6399999856948853 均+1.46% 组合156.8 撤-22.2%,585笔 每天1.63 胜60% PF0.8299999833106995 均-0.61% 组合75.1 撤-41.6%,0.83,1.2,0.411,0.0
头部币,L_C144_0.07|none,止盈1.5% 止损3% 12h,3,False,875笔 每天1.16 胜69% PF1.0099999904632568 均+0.01% 组合99.0 撤-15.1%,737笔 每天2.05 胜71% PF1.1100000143051147 均+0.10% 组合100.7 撤-13.0%,948笔 每天2.64 胜62% PF0.7599999904632568 均-0.28% 组合89.3 撤-17.7%,0.76,1.95,-0.053,0.0
头部币,L_C144_0.07|own,止盈2% 止损5% 24h,0,False,90笔 每天0.12 胜76% PF1.2000000476837158 均+0.25% 组合102.2 撤-2.7%,110笔 每天0.31 胜83% PF1.7999999523162842 均+0.71% 组合107.6 撤-1.9%,118笔 每天0.33 胜64% PF0.7400000095367432 均-0.43% 组合94.9 撤-7.8%,0.74,0.25,0.174,0.0
头部币,L_C144_0.07|own,止盈3% 止损8% 48h,1,False,85笔 每天0.11 胜79% PF1.440000057220459 均+0.70% 组合106.1 撤-2.4%,108笔 每天0.3 胜80% PF1.409999966621399 均+0.67% 组合106.7 撤-2.3%,105笔 每天0.29 胜68% PF0.8299999833106995 均-0.42% 组合95.4 撤-11.6%,0.83,0.23,0.319,0.0
头部币,L_C144_0.07|own,止盈5% 止损11% 72h,2,False,81笔 每天0.11 胜73% PF1.340000033378601 均+0.90% 组合107.2 撤-4.1%,103笔 每天0.29 胜81% PF2.049999952316284 均+2.03% 组合120.9 撤-5.5%,98笔 每天0.27 胜56% PF0.7599999904632568 均-0.85% 组合91.4 撤-14.4%,0.76,0.22,0.695,0.0
头部币,L_C144_0.07|own,止盈1.5% 止损3% 12h,3,False,97笔 每天0.13 胜70% PF1.059999942779541 均+0.06% 组合100.6 撤-2.9%,113笔 每天0.31 胜75% PF1.3700000047683716 均+0.29% 组合103.0 撤-1.7%,126笔 每天0.35 胜60% PF0.6899999976158142 均-0.38% 组合95.3 撤-6.6%,0.69,0.26,-0.009,0.0
头部币,L_C144_0.08|any,止盈2% 止损5% 24h,0,False,220笔 每天0.29 胜73% PF1.0199999809265137 均+0.03% 组合100.2 撤-7.4%,200笔 每天0.56 胜84% PF2.0399999618530273 均+0.83% 组合115.2 撤-3.8%,222笔 每天0.62 胜68% PF0.8899999856948853 均-0.17% 组合97.9 撤-7.9%,0.89,0.49,0.233,0.0
头部币,L_C144_0.08|any,止盈3% 止损8% 48h,1,False,193笔 每天0.26 胜74% PF1.0099999904632568 均+0.01% 组合99.4 撤-10.7%,188笔 每天0.52 胜85% PF1.9700000286102295 均+1.22% 组合121.0 撤-5.6%,199笔 每天0.55 胜69% PF0.8600000143051147 均-0.33% 组合96.6 撤-12.4%,0.86,0.44,0.301,0.0
头部币,L_C144_0.08|any,止盈5% 止损11% 72h,2,False,182笔 每天0.24 胜71% PF1.1399999856948853 均+0.42% 组合104.9 撤-11.3%,173笔 每天0.48 胜83% PF2.390000104904175 均+2.37% 组合138.7 撤-9.4%,185笔 每天0.52 胜58% PF0.7599999904632568 均-0.88% 组合90.7 撤-17.8%,0.76,0.41,0.638,0.0
头部币,L_C144_0.08|any,止盈1.5% 止损3% 12h,3,False,247笔 每天0.33 胜70% PF1.059999942779541 均+0.06% 组合101.2 撤-3.5%,221笔 每天0.62 胜76% PF1.4299999475479126 均+0.33% 组合105.6 撤-2.2%,250笔 每天0.7 胜67% PF0.9399999976158142 均-0.06% 组合98.9 撤-5.9%,0.94,0.55,0.11,0.0
头部币,L_C144_0.08|glob,止盈2% 止损5% 24h,0,False,520笔 每天0.69 胜74% PF1.0700000524520874 均+0.09% 组合104.2 撤-10.4%,420笔 每天1.17 胜78% PF1.3200000524520874 均+0.36% 组合109.1 撤-12.0%,510笔 每天1.42 胜72% PF1.0199999809265137 均+0.03% 组合98.9 撤-11.4%,1.02,1.09,0.163,0.0
头部币,L_C144_0.08|glob,止盈3% 止损8% 48h,1,False,427笔 每天0.56 胜76% PF1.1699999570846558 均+0.33% 组合108.0 撤-16.3%,382笔 每天1.06 胜81% PF1.559999942779541 均+0.85% 组合126.8 撤-15.0%,425笔 每天1.18 胜73% PF1.0399999618530273 均+0.08% 组合102.1 撤-15.7%,1.04,0.93,0.42,0.0
头部币,L_C144_0.08|glob,止盈5% 止损11% 72h,2,False,369笔 每天0.49 胜73% PF1.2100000381469727 均+0.62% 组合107.3 撤-20.7%,336笔 每天0.94 胜80% PF1.9600000381469727 均+1.93% 组合148.4 撤-19.5%,371笔 每天1.03 胜66% PF1.0499999523162842 均+0.15% 组合99.8 撤-21.0%,1.05,0.82,0.898,0.0
头部币,L_C144_0.08|glob,止盈1.5% 止损3% 12h,3,False,603笔 每天0.8 胜70% PF1.0399999618530273 均+0.04% 组合101.6 撤-7.2%,480笔 每天1.34 胜72% PF1.190000057220459 均+0.17% 组合104.4 撤-7.7%,587笔 每天1.64 胜64% PF0.8399999737739563 均-0.17% 组合94.4 撤-12.0%,0.84,1.26,0.012,0.0
头部币,L_C144_0.08|none,止盈2% 止损5% 24h,0,False,585笔 每天0.77 胜74% PF1.0399999618530273 均+0.05% 组合101.7 撤-13.3%,493笔 每天1.37 胜79% PF1.3899999856948853 均+0.42% 组合115.1 撤-11.9%,640笔 每天1.78 胜69% PF0.8799999952316284 均-0.18% 组合93.8 撤-13.3%,0.88,1.31,0.1,0.0
头部币,L_C144_0.08|none,止盈3% 止损8% 48h,1,False,476笔 每天0.63 胜77% PF1.2200000286102295 均+0.41% 组合113.8 撤-16.0%,442笔 每天1.23 胜81% PF1.590000033378601 均+0.88% 组合134.4 撤-15.4%,524笔 每天1.46 胜70% PF0.8999999761581421 均-0.23% 组合97.5 撤-18.0%,0.9,1.11,0.354,0.0
头部币,L_C144_0.08|none,止盈5% 止损11% 72h,2,False,403笔 每天0.53 胜72% PF1.190000057220459 均+0.56% 组合105.8 撤-20.6%,383笔 每天1.07 胜81% PF2.0199999809265137 均+2.00% 组合162.7 撤-21.0%,464笔 每天1.29 胜65% PF0.9399999976158142 均-0.19% 组合97.4 撤-20.5%,0.94,0.96,0.792,0.0
头部币,L_C144_0.08|none,止盈1.5% 止损3% 12h,3,False,684笔 每天0.9 胜70% PF1.059999942779541 均+0.06% 组合102.4 撤-8.2%,569笔 每天1.58 胜74% PF1.25 均+0.21% 组合107.0 撤-8.0%,746笔 每天2.08 胜63% PF0.7799999713897705 均-0.25% 组合93.7 撤-12.2%,0.78,1.52,0.004,0.0
头部币,L_C144_0.08|own,止盈2% 止损5% 24h,0,False,56笔 每天0.07 胜79% PF1.3700000047683716 均+0.41% 组合102.3 撤-2.3%,69笔 每天0.19 胜87% PF2.5 均+1.01% 组合106.7 撤-1.5%,77笔 每天0.21 胜70% PF1.059999942779541 均+0.08% 组合100.5 撤-3.5%,1.06,0.16,0.499,0.0
头部币,L_C144_0.08|own,止盈5% 止损11% 72h,2,False,52笔 每天0.07 胜75% PF1.340000033378601 均+0.93% 组合104.7 撤-4.1%,67笔 每天0.19 胜87% PF3.130000114440918 均+2.90% 组合119.3 撤-4.4%,66笔 每天0.18 胜70% PF1.4500000476837158 均+1.03% 组合106.8 撤-4.4%,1.34,0.15,1.62,0.0
头部币,L_C144_0.08|own,止盈1.5% 止损3% 12h,3,False,60笔 每天0.08 胜70% PF1.059999942779541 均+0.06% 组合100.3 撤-2.1%,70笔 每天0.19 胜80% PF1.7999999523162842 均+0.50% 组合103.2 撤-1.3%,85笔 每天0.24 胜67% PF0.9700000286102295 均-0.03% 组合99.7 撤-3.3%,0.97,0.17,0.175,0.0
头部币,L_C144_0.1|any,止盈2% 止损5% 24h,0,False,116笔 每天0.15 胜80% PF1.5199999809265137 均+0.53% 组合106.0 撤-3.2%,121笔 每天0.34 胜88% PF2.869999885559082 均+1.11% 组合112.8 撤-2.6%,82笔 每天0.23 胜67% PF0.8199999928474426 均-0.28% 组合97.6 撤-4.3%,0.82,0.24,0.452,0.0
头部币,L_C144_0.1|any,止盈3% 止损8% 48h,1,False,101笔 每天0.13 胜77% PF1.2200000286102295 均+0.41% 组合103.6 撤-6.6%,117笔 每天0.33 胜92% PF3.8499999046325684 均+1.98% 组合123.3 撤-3.7%,77笔 每天0.21 胜71% PF0.9900000095367432 均-0.02% 组合99.7 撤-3.8%,0.99,0.22,0.789,0.0
头部币,L_C144_0.1|any,止盈5% 止损11% 72h,2,False,97笔 每天0.13 胜79% PF1.690000057220459 均+1.58% 组合115.2 撤-5.9%,109笔 每天0.3 胜85% PF2.7300000190734863 均+2.67% 组合128.5 撤-7.2%,75笔 每天0.21 胜68% PF1.25 均+0.66% 组合104.8 撤-3.4%,1.25,0.21,1.634,0.0
头部币,L_C144_0.1|any,止盈1.5% 止损3% 12h,3,False,124笔 每天0.16 胜73% PF1.2000000476837158 均+0.17% 组合102.0 撤-1.4%,131笔 每天0.36 胜80% PF1.8300000429153442 均+0.52% 组合105.9 撤-1.8%,86笔 每天0.24 胜64% PF0.8199999928474426 均-0.20% 组合98.2 撤-2.7%,0.82,0.25,0.165,0.0
头部币,L_C144_0.1|glob,止盈2% 止损5% 24h,0,False,315笔 每天0.42 胜75% PF1.1200000047683716 均+0.16% 组合103.0 撤-7.1%,248笔 每天0.69 胜82% PF1.690000057220459 均+0.65% 组合114.2 撤-9.8%,272笔 每天0.76 胜72% PF1.0099999904632568 均+0.01% 组合93.7 撤-11.5%,1.01,0.62,0.272,0.0
头部币,L_C144_0.1|glob,止盈3% 止损8% 48h,1,False,267笔 每天0.35 胜77% PF1.2300000190734863 均+0.42% 组合106.6 撤-9.8%,235笔 每天0.65 胜84% PF1.8799999952316284 均+1.15% 组合126.5 撤-11.3%,237笔 每天0.66 胜77% PF1.2899999618530273 均+0.50% 组合98.1 撤-11.2%,1.23,0.55,0.693,0.0
头部币,L_C144_0.1|glob,止盈1.5% 止损3% 12h,3,False,352笔 每天0.47 胜67% PF0.9399999976158142 均-0.07% 组合96.7 撤-7.6%,271笔 每天0.75 胜72% PF1.190000057220459 均+0.16% 组合103.5 撤-6.9%,306笔 每天0.85 胜64% PF0.800000011920929 均-0.22% 组合95.0 撤-7.6%,0.8,0.69,-0.043,0.0
头部币,L_C144_0.1|none,止盈2% 止损5% 24h,0,False,361笔 每天0.48 胜74% PF1.100000023841858 均+0.13% 组合101.8 撤-9.0%,298笔 每天0.83 胜82% PF1.7300000190734863 均+0.67% 组合120.0 撤-9.4%,372笔 每天1.04 胜67% PF0.7799999713897705 均-0.37% 组合92.6 撤-9.5%,0.78,0.78,0.144,0.0
头部币,L_C144_0.1|none,止盈3% 止损8% 48h,1,False,303笔 每天0.4 胜78% PF1.2599999904632568 均+0.47% 组合108.3 撤-11.0%,276笔 每天0.77 胜84% PF1.9700000286102295 均+1.22% 组合135.5 撤-11.2%,324笔 每天0.9 胜71% PF0.8999999761581421 均-0.23% 组合93.6 撤-11.9%,0.9,0.69,0.482,0.0
头部币,L_C144_0.1|none,止盈5% 止损11% 72h,2,False,263笔 每天0.35 胜76% PF1.4600000381469727 均+1.18% 组合122.0 撤-13.1%,242笔 每天0.67 胜82% PF2.1700000762939453 均+2.19% 组合155.5 撤-17.9%,294笔 每天0.82 胜67% PF1.0299999713897705 均+0.09% 组合95.6 撤-13.7%,1.03,0.61,1.154,0.0
头部币,L_C144_0.1|none,止盈1.5% 止损3% 12h,3,False,408笔 每天0.54 胜68% PF0.949999988079071 均-0.05% 组合96.8 撤-9.3%,331笔 每天0.92 胜73% PF1.2300000190734863 均+0.20% 组合105.9 撤-7.0%,426笔 每天1.19 胜60% PF0.6700000166893005 均-0.41% 组合90.9 撤-11.1%,0.67,0.88,-0.089,0.0
头部币,L_C144_0.1|own,止盈2% 止损5% 24h,0,False,20笔 每天0.03 胜75% PF1.1200000047683716 均+0.16% 组合100.3 撤-0.8%,45笔 每天0.13 胜96% PF8.0600004196167 均+1.62% 组合107.1 撤-1.0%,24笔 每天0.07 胜88% PF3.4000000953674316 均+1.19% 组合102.9 撤-0.5%,1.12,0.08,0.989,0.0
头部币,L_C144_0.1|own,止盈3% 止损8% 48h,1,False,19笔 每天0.03 胜84% PF1.9199999570846558 均+1.18% 组合102.2 撤-0.8%,45笔 每天0.13 胜98% PF15.829999923706055 均+2.68% 组合112.1 撤-0.8%,23笔 每天0.06 胜96% PF17.739999771118164 均+2.64% 组合106.3 撤-0.4%,1.92,0.07,2.17,0.0
头部币,L_C144_0.1|own,止盈5% 止损11% 72h,2,False,19笔 每天0.03 胜84% PF2.359999895095825 均+2.39% 组合104.6 撤-1.1%,44笔 每天0.12 胜91% PF4.420000076293945 均+3.47% 组合115.1 撤-3.3%,23笔 每天0.06 胜87% PF9.260000228881836 均+3.68% 组合108.8 撤-0.8%,2.36,0.07,3.18,0.0
头部币,L_C144_0.1|own,止盈1.5% 止损3% 12h,3,False,21笔 每天0.03 胜52% PF0.5 均-0.75% 组合98.4 撤-1.8%,46笔 每天0.13 胜89% PF3.7200000286102295 均+0.93% 组合104.1 撤-0.9%,24笔 每天0.07 胜88% PF3.180000066757202 均+0.86% 组合102.1 撤-0.3%,0.5,0.08,0.347,0.0
头部币,L_D145_0.0125|any,止盈2% 止损5% 24h,0,False,701笔 每天0.93 胜71% PF0.949999988079071 均-0.08% 组合93.8 撤-16.7%,499笔 每天1.39 胜74% PF1.0499999523162842 均+0.07% 组合104.5 撤-11.7%,543笔 每天1.51 胜76% PF1.4199999570846558 均+0.43% 组合118.4 撤-4.2%,0.95,1.28,0.141,0.0
头部币,L_D145_0.0125|any,止盈3% 止损8% 48h,1,False,645笔 每天0.85 胜72% PF1.059999942779541 均+0.12% 组合106.4 撤-21.8%,462笔 每天1.29 胜77% PF1.3300000429153442 均+0.55% 组合122.3 撤-17.5%,533笔 每天1.48 胜73% PF1.2200000286102295 均+0.38% 组合108.9 撤-14.8%,1.06,1.21,0.349,0.0
头部币,L_D145_0.0125|any,止盈5% 止损11% 72h,2,False,590笔 每天0.78 胜67% PF1.1100000143051147 均+0.32% 组合119.6 撤-32.0%,428笔 每天1.19 胜74% PF1.5700000524520874 均+1.30% 组合152.0 撤-15.1%,499笔 每天1.39 胜64% PF1.090000033378601 均+0.25% 组合98.0 撤-35.6%,1.09,1.12,0.625,0.0
头部币,L_D145_0.0125|any,止盈1.5% 止损3% 12h,3,False,727笔 每天0.96 胜66% PF0.8899999856948853 均-0.12% 组合91.4 撤-10.8%,531笔 每天1.48 胜69% PF1.0099999904632568 均+0.01% 组合98.7 撤-7.8%,556笔 每天1.55 胜74% PF1.3700000047683716 均+0.28% 组合111.8 撤-4.3%,0.89,1.33,0.059,0.0
头部币,L_D145_0.0125|glob,止盈2% 止损5% 24h,0,False,1094笔 每天1.45 胜70% PF0.9200000166893005 均-0.12% 组合84.0 撤-24.3%,712笔 每天1.98 胜74% PF1.0800000429153442 均+0.11% 组合105.5 撤-20.1%,740笔 每天2.06 胜75% PF1.3600000143051147 均+0.38% 组合117.9 撤-5.6%,0.92,1.83,0.125,0.0
头部币,L_D145_0.0125|glob,止盈3% 止损8% 48h,1,False,972笔 每天1.29 胜71% PF0.9599999785423279 均-0.08% 组合91.4 撤-33.3%,635笔 每天1.77 胜79% PF1.4199999570846558 均+0.68% 组合150.8 撤-14.4%,714笔 每天1.99 胜73% PF1.1799999475479126 均+0.33% 组合105.4 撤-18.6%,0.96,1.68,0.309,0.0
头部币,L_D145_0.0125|glob,止盈5% 止损11% 72h,2,False,851笔 每天1.13 胜66% PF1.0099999904632568 均+0.02% 组合103.4 撤-47.2%,576笔 每天1.6 胜76% PF1.690000057220459 均+1.50% 组合183.8 撤-17.7%,661笔 每天1.84 胜63% PF1.0499999523162842 均+0.15% 组合85.9 撤-38.9%,1.01,1.52,0.558,0.0
头部币,L_D145_0.0125|glob,止盈1.5% 止损3% 12h,3,False,1170笔 每天1.55 胜66% PF0.8799999952316284 均-0.12% 组合84.6 撤-17.0%,758笔 每天2.11 胜70% PF1.0399999618530273 均+0.04% 组合100.8 撤-10.7%,767笔 每天2.14 胜72% PF1.2400000095367432 均+0.20% 组合108.2 撤-5.5%,0.88,1.93,0.039,0.0
头部币,L_D145_0.0125|none,止盈2% 止损5% 24h,0,False,1231笔 每天1.63 胜70% PF0.9200000166893005 均-0.11% 组合84.8 撤-23.7%,831笔 每天2.31 胜75% PF1.149999976158142 均+0.19% 组合114.3 撤-19.4%,847笔 每天2.36 胜76% PF1.3700000047683716 均+0.39% 组合122.5 撤-5.7%,0.92,2.1,0.157,0.0
头部币,L_D145_0.0125|none,止盈3% 止损8% 48h,1,False,1090笔 每天1.44 胜71% PF1.0 均-0.01% 组合100.6 撤-28.7%,740笔 每天2.06 胜79% PF1.4900000095367432 均+0.76% 组合163.6 撤-18.0%,806笔 每天2.25 胜73% PF1.1699999570846558 均+0.31% 组合103.1 撤-22.7%,1.0,1.92,0.353,0.0
头部币,L_D145_0.0125|none,止盈5% 止损11% 72h,2,False,950笔 每天1.26 胜66% PF1.0399999618530273 均+0.13% 组合108.0 撤-47.7%,654笔 每天1.82 胜76% PF1.7799999713897705 均+1.61% 组合208.9 撤-16.3%,743笔 每天2.07 胜63% PF1.0199999809265137 均+0.05% 组合79.0 撤-45.4%,1.02,1.72,0.597,0.0
头部币,L_D145_0.0125|none,止盈1.5% 止损3% 12h,3,False,1321笔 每天1.75 胜66% PF0.8899999856948853 均-0.12% 组合85.3 撤-16.0%,885笔 每天2.47 胜71% PF1.1100000143051147 均+0.10% 组合106.1 撤-11.8%,879笔 每天2.45 胜73% PF1.2799999713897705 均+0.23% 组合113.3 撤-4.2%,0.89,2.22,0.072,0.0
头部币,L_D145_0.0125|own,止盈2% 止损5% 24h,0,False,327笔 每天0.43 胜69% PF0.8899999856948853 均-0.16% 组合94.5 撤-14.8%,244笔 每天0.68 胜73% PF1.0099999904632568 均+0.01% 组合100.4 撤-9.4%,290笔 每天0.81 胜74% PF1.3799999952316284 均+0.40% 组合108.5 撤-3.8%,0.89,0.64,0.082,0.0
头部币,L_D145_0.0125|own,止盈3% 止损8% 48h,1,False,314笔 每天0.42 胜70% PF1.0 均-0.01% 组合99.1 撤-21.4%,231笔 每天0.64 胜74% PF1.149999976158142 均+0.28% 组合105.5 撤-11.8%,284笔 每天0.79 胜74% PF1.3600000143051147 均+0.57% 组合111.2 撤-9.0%,1.0,0.62,0.28,0.0
头部币,L_D145_0.0125|own,止盈5% 止损11% 72h,2,False,299笔 每天0.4 胜63% PF0.949999988079071 均-0.16% 组合93.6 撤-30.5%,220笔 每天0.61 胜73% PF1.6299999952316284 均+1.37% 组合131.3 撤-9.1%,271笔 每天0.75 胜62% PF1.149999976158142 均+0.38% 组合111.9 撤-14.3%,0.95,0.59,0.528,0.0
头部币,L_D145_0.0125|own,止盈1.5% 止损3% 12h,3,False,333笔 每天0.44 胜66% PF0.9200000166893005 均-0.09% 组合97.1 撤-6.6%,253笔 每天0.7 胜72% PF1.159999966621399 均+0.14% 组合103.5 撤-3.6%,293笔 每天0.82 胜75% PF1.4500000476837158 均+0.33% 组合107.4 撤-4.1%,0.92,0.65,0.129,0.0
头部币,L_D145_0.015|any,止盈2% 止损5% 24h,0,False,336笔 每天0.44 胜71% PF0.9399999976158142 均-0.09% 组合96.6 撤-6.3%,273笔 每天0.76 胜76% PF1.190000057220459 均+0.23% 组合104.3 撤-8.7%,244笔 每天0.68 胜78% PF1.5 均+0.50% 组合110.5 撤-3.1%,0.94,0.63,0.212,0.0
头部币,L_D145_0.015|any,止盈3% 止损8% 48h,1,False,317笔 每天0.42 胜73% PF1.0099999904632568 均+0.03% 组合100.3 撤-13.1%,255笔 每天0.71 胜81% PF1.7000000476837158 均+0.97% 组合119.1 撤-8.0%,241笔 每天0.67 胜77% PF1.3899999856948853 均+0.63% 组合112.4 撤-8.7%,1.01,0.6,0.544,0.0
头部币,L_D145_0.015|any,止盈5% 止损11% 72h,2,False,297笔 每天0.39 胜66% PF1.0199999809265137 均+0.06% 组合100.6 撤-21.9%,246笔 每天0.69 胜77% PF1.7699999809265137 均+1.62% 组合133.8 撤-13.3%,230笔 每天0.64 胜68% PF1.2200000286102295 均+0.58% 组合107.5 撤-18.5%,1.02,0.57,0.753,0.0
头部币,L_D145_0.015|any,止盈1.5% 止损3% 12h,3,False,346笔 每天0.46 胜66% PF0.8799999952316284 均-0.13% 组合95.5 撤-6.4%,286笔 每天0.8 胜74% PF1.3300000429153442 均+0.26% 组合105.7 撤-3.3%,246笔 每天0.69 胜77% PF1.6200000047683716 均+0.42% 组合109.2 撤-2.1%,0.88,0.65,0.184,0.0
头部币,L_D145_0.015|glob,止盈2% 止损5% 24h,0,False,599笔 每天0.79 胜71% PF0.9399999976158142 均-0.09% 组合92.4 撤-10.1%,380笔 每天1.06 胜76% PF1.1799999475479126 均+0.23% 组合105.6 撤-10.5%,346笔 每天0.96 胜74% PF1.2100000381469727 均+0.25% 组合106.4 撤-5.1%,0.94,0.94,0.127,0.0
头部币,L_D145_0.015|glob,止盈3% 止损8% 48h,1,False,541笔 每天0.72 胜71% PF0.9300000071525574 均-0.17% 组合88.4 撤-21.9%,349笔 每天0.97 胜80% PF1.590000033378601 均+0.87% 组合127.4 撤-9.7%,339笔 每天0.94 胜76% PF1.2300000190734863 均+0.41% 组合109.3 撤-10.9%,0.93,0.88,0.372,0.0
头部币,L_D145_0.015|glob,止盈5% 止损11% 72h,2,False,483笔 每天0.64 胜65% PF0.9300000071525574 均-0.23% 组合86.2 撤-39.0%,329笔 每天0.92 胜75% PF1.7000000476837158 均+1.51% 组合144.6 撤-15.3%,314笔 每天0.87 胜67% PF1.1200000047683716 均+0.33% 组合104.0 撤-18.9%,0.93,0.81,0.538,0.0
头部币,L_D145_0.015|glob,止盈1.5% 止损3% 12h,3,False,626笔 每天0.83 胜67% PF0.9399999976158142 均-0.06% 组合95.1 撤-8.9%,397笔 每天1.11 胜74% PF1.309999942779541 均+0.25% 组合107.7 撤-5.8%,356笔 每天0.99 胜74% PF1.340000033378601 均+0.26% 组合107.5 撤-3.4%,0.94,0.98,0.153,0.0
头部币,L_D145_0.015|none,止盈2% 止损5% 24h,0,False,688笔 每天0.91 胜71% PF0.9399999976158142 均-0.08% 组合93.9 撤-11.0%,437笔 每天1.22 胜76% PF1.2200000286102295 均+0.27% 组合108.8 撤-11.7%,409笔 每天1.14 胜76% PF1.309999942779541 均+0.35% 组合112.2 撤-4.6%,0.94,1.09,0.179,0.0
头部币,L_D145_0.015|none,止盈3% 止损8% 48h,1,False,618笔 每天0.82 胜71% PF0.9599999785423279 均-0.10% 组合92.1 撤-19.8%,403笔 每天1.12 胜80% PF1.6100000143051147 均+0.89% 组合135.3 撤-10.3%,395笔 每天1.1 胜76% PF1.2599999904632568 均+0.45% 组合113.0 撤-11.1%,0.96,1.01,0.414,0.0
头部币,L_D145_0.015|none,止盈5% 止损11% 72h,2,False,547笔 每天0.72 胜66% PF0.9700000286102295 均-0.09% 组合92.4 撤-39.6%,369笔 每天1.03 胜76% PF1.7599999904632568 均+1.60% 组合156.5 撤-14.9%,367笔 每天1.02 胜67% PF1.100000023841858 均+0.30% 组合101.3 撤-25.2%,0.97,0.92,0.603,0.0
头部币,L_D145_0.015|none,止盈1.5% 止损3% 12h,3,False,720笔 每天0.95 胜67% PF0.949999988079071 均-0.05% 组合96.6 撤-9.3%,459笔 每天1.28 胜76% PF1.409999966621399 均+0.31% 组合111.5 撤-5.3%,423笔 每天1.18 胜75% PF1.4199999570846558 均+0.32% 组合111.7 撤-3.3%,0.95,1.14,0.192,0.0
头部币,L_D145_0.015|own,止盈2% 止损5% 24h,0,False,137笔 每天0.18 胜74% PF1.090000033378601 均+0.12% 组合101.6 撤-5.4%,128笔 每天0.36 胜77% PF1.2699999809265137 均+0.32% 组合103.9 撤-4.1%,112笔 每天0.31 胜77% PF1.559999942779541 均+0.53% 组合105.9 撤-1.9%,1.09,0.28,0.326,0.0
头部币,L_D145_0.015|own,止盈3% 止损8% 48h,1,False,131笔 每天0.17 胜75% PF1.159999966621399 均+0.31% 组合103.9 撤-8.5%,120笔 每天0.33 胜80% PF1.7899999618530273 均+1.02% 组合112.2 撤-2.4%,111笔 每天0.31 胜80% PF1.850000023841858 均+1.07% 组合112.1 撤-4.3%,1.16,0.27,0.799,0.0
头部币,L_D145_0.015|own,止盈5% 止损11% 72h,2,False,126笔 每天0.17 胜68% PF1.1200000047683716 均+0.34% 组合104.0 撤-11.2%,118笔 每天0.33 胜78% PF2.200000047683716 均+2.04% 组合125.3 撤-5.5%,108笔 每天0.3 胜69% PF1.399999976158142 均+0.90% 组合109.3 撤-9.3%,1.12,0.27,1.094,0.0
头部币,L_D145_0.015|own,止盈1.5% 止损3% 12h,3,False,138笔 每天0.18 胜71% PF1.159999966621399 均+0.14% 组合102.0 撤-1.9%,132笔 每天0.37 胜78% PF1.6100000143051147 均+0.42% 组合105.7 撤-1.6%,114笔 每天0.32 胜81% PF2.0399999618530273 均+0.58% 组合106.7 撤-1.4%,1.16,0.29,0.384,0.0
头部币,L_D145_0.01|any,止盈2% 止损5% 24h,0,False,1488笔 每天1.97 胜71% PF1.0199999809265137 均+0.02% 组合100.6 撤-23.3%,1062笔 每天2.96 胜72% PF1.0199999809265137 均+0.03% 组合100.1 撤-24.0%,1383笔 每天3.85 胜71% PF1.100000023841858 均+0.13% 组合96.3 撤-12.3%,1.02,2.93,0.059,0.0
头部币,L_D145_0.01|any,止盈3% 止损8% 48h,1,False,1333笔 每天1.76 胜72% PF1.0800000429153442 均+0.15% 组合114.0 撤-31.9%,958笔 每天2.67 胜73% PF1.100000023841858 均+0.18% 组合108.9 撤-27.6%,1290笔 每天3.59 胜68% PF0.9399999976158142 均-0.12% 组合70.8 撤-39.0%,0.94,2.67,0.073,0.0
头部币,L_D145_0.01|any,止盈5% 止损11% 72h,2,False,1171笔 每天1.55 胜65% PF1.059999942779541 均+0.19% 组合101.8 撤-47.2%,834笔 每天2.32 胜70% PF1.2599999904632568 均+0.68% 组合128.6 撤-33.4%,1156笔 每天3.22 胜59% PF0.8899999856948853 均-0.33% 组合60.9 撤-51.6%,0.89,2.36,0.179,0.0
头部币,L_D145_0.01|any,止盈1.5% 止损3% 12h,3,False,1576笔 每天2.08 胜67% PF0.9399999976158142 均-0.05% 组合90.8 撤-15.0%,1139笔 每天3.17 胜68% PF0.9700000286102295 均-0.03% 组合93.4 撤-20.3%,1436笔 每天4.0 胜68% PF1.0499999523162842 均+0.04% 组合96.2 撤-16.1%,0.94,3.08,-0.014,0.0
头部币,L_D145_0.01|glob,止盈2% 止损5% 24h,0,False,2110笔 每天2.79 胜71% PF0.9900000095367432 均-0.02% 组合88.9 撤-32.7%,1436笔 每天4.0 胜74% PF1.0700000524520874 均+0.10% 组合113.4 撤-25.6%,1798笔 每天5.01 胜71% PF1.0800000429153442 均+0.10% 组合88.2 撤-20.9%,0.99,3.93,0.059,0.0
头部币,L_D145_0.01|glob,止盈3% 止损8% 48h,1,False,1845笔 每天2.44 胜71% PF1.0199999809265137 均+0.03% 组合96.5 撤-43.0%,1249笔 每天3.48 胜75% PF1.190000057220459 均+0.35% 组合131.0 撤-28.1%,1640笔 每天4.57 胜68% PF0.9300000071525574 均-0.14% 组合59.7 撤-46.2%,0.93,3.5,0.082,0.0
头部币,L_D145_0.01|glob,止盈5% 止损11% 72h,2,False,1544笔 每天2.04 胜64% PF0.9700000286102295 均-0.11% 组合67.6 撤-60.2%,1052笔 每天2.93 胜71% PF1.3200000524520874 均+0.81% 组合138.2 撤-39.0%,1436笔 每天4.0 胜59% PF0.8899999856948853 均-0.32% 组合54.0 撤-54.7%,0.89,2.99,0.13,0.0
头部币,L_D145_0.01|glob,止盈1.5% 止损3% 12h,3,False,2311笔 每天3.06 胜66% PF0.9200000166893005 均-0.09% 组合77.0 撤-25.4%,1554笔 每天4.33 胜69% PF1.0099999904632568 均+0.00% 组合96.2 撤-25.7%,1898笔 每天5.29 胜67% PF1.0099999904632568 均+0.01% 组合90.2 撤-20.7%,0.92,4.23,-0.023,0.0
头部币,L_D145_0.01|none,止盈2% 止损5% 24h,0,False,2314笔 每天3.06 胜71% PF0.9900000095367432 均-0.02% 组合92.3 撤-31.3%,1627笔 每天4.53 胜74% PF1.1100000143051147 均+0.15% 组合127.1 撤-26.1%,2005笔 每天5.58 胜70% PF1.0700000524520874 均+0.08% 组合89.8 撤-22.5%,0.99,4.39,0.071,0.0
头部币,L_D145_0.01|none,止盈3% 止损8% 48h,1,False,2005笔 每天2.65 胜71% PF1.0399999618530273 均+0.08% 组合101.8 撤-42.2%,1395笔 每天3.89 胜75% PF1.190000057220459 均+0.35% 组合132.5 撤-30.7%,1814笔 每天5.05 胜68% PF0.9300000071525574 均-0.14% 组合57.6 撤-49.9%,0.93,3.86,0.101,0.0
头部币,L_D145_0.01|none,止盈5% 止损11% 72h,2,False,1662笔 每天2.2 胜64% PF1.0 均+0.01% 组合79.5 撤-59.0%,1162笔 每天3.24 胜70% PF1.3200000524520874 均+0.80% 组合133.5 撤-41.3%,1583笔 每天4.41 胜59% PF0.8899999856948853 均-0.33% 组合51.7 撤-56.7%,0.89,3.28,0.162,0.0
头部币,L_D145_0.01|none,止盈1.5% 止损3% 12h,3,False,2547笔 每天3.37 胜66% PF0.9300000071525574 均-0.07% 组合80.2 撤-23.1%,1773笔 每天4.94 胜70% PF1.0499999523162842 均+0.05% 组合103.2 撤-24.1%,2131笔 每天5.94 胜67% PF1.0099999904632568 均+0.01% 组合93.4 撤-19.9%,0.93,4.75,-0.005,0.0
头部币,L_D145_0.01|own,止盈2% 止损5% 24h,0,False,768笔 每天1.02 胜69% PF0.949999988079071 均-0.07% 组合93.9 撤-21.2%,560笔 每天1.56 胜72% PF0.9800000190734863 均-0.02% 组合98.0 撤-16.2%,768笔 每天2.14 胜71% PF1.1100000143051147 均+0.13% 组合98.7 撤-13.4%,0.95,1.57,0.012,0.0
头部币,L_D145_0.01|own,止盈3% 止损8% 48h,1,False,724笔 每天0.96 胜70% PF0.9700000286102295 均-0.06% 组合94.0 撤-29.2%,522笔 每天1.45 胜72% PF1.0299999713897705 均+0.06% 组合95.5 撤-26.0%,734笔 每天2.04 胜67% PF0.9700000286102295 均-0.07% 组合83.0 撤-30.5%,0.97,1.48,-0.021,0.0
头部币,L_D145_0.01|own,止盈5% 止损11% 72h,2,False,667笔 每天0.88 胜62% PF0.8999999761581421 均-0.33% 组合75.2 撤-41.6%,473笔 每天1.32 胜70% PF1.3200000524520874 均+0.80% 组合124.7 撤-27.0%,682笔 每天1.9 胜59% PF0.9100000262260437 均-0.25% 组合79.4 撤-36.7%,0.9,1.37,0.076,0.0
头部币,L_D145_0.01|own,止盈1.5% 止损3% 12h,3,False,798笔 每天1.06 胜66% PF0.9100000262260437 均-0.09% 组合92.6 撤-10.9%,584笔 每天1.63 胜68% PF1.0 均+0.00% 组合98.8 撤-9.9%,789笔 每天2.2 胜68% PF1.059999942779541 均+0.05% 组合99.3 撤-13.9%,0.91,1.63,-0.014,0.0
头部币,L_D145_0.02|any,止盈2% 止损5% 24h,0,False,88笔 每天0.12 胜75% PF1.1699999570846558 均+0.21% 组合101.8 撤-3.1%,83笔 每天0.23 胜82% PF1.7000000476837158 均+0.65% 组合104.8 撤-2.4%,68笔 每天0.19 胜79% PF1.4500000476837158 均+0.47% 组合103.2 撤-1.7%,1.17,0.18,0.445,0.0
头部币,L_D145_0.02|any,止盈3% 止损8% 48h,1,False,86笔 每天0.11 胜77% PF1.2400000095367432 均+0.43% 组合103.6 撤-4.1%,78笔 每天0.22 胜85% PF2.1500000953674316 均+1.33% 组合107.9 撤-2.4%,67笔 每天0.19 胜78% PF1.3600000143051147 均+0.60% 组合104.0 撤-4.2%,1.24,0.17,0.785,0.0
头部币,L_D145_0.02|any,止盈5% 止损11% 72h,2,False,82笔 每天0.11 胜71% PF1.1399999856948853 均+0.42% 组合103.1 撤-6.4%,78笔 每天0.22 胜86% PF2.6600000858306885 均+2.60% 组合116.7 撤-4.5%,66笔 每天0.18 胜76% PF1.5800000429153442 均+1.33% 组合108.9 撤-8.0%,1.14,0.17,1.451,0.0
头部币,L_D145_0.02|any,止盈1.5% 止损3% 12h,3,False,90笔 每天0.12 胜64% PF0.8199999928474426 均-0.20% 组合98.2 撤-3.8%,89笔 每天0.25 胜85% PF2.6600000858306885 均+0.76% 组合105.9 撤-1.0%,68笔 每天0.19 胜76% PF1.5199999809265137 均+0.37% 组合102.5 撤-1.5%,0.82,0.19,0.312,0.0
头部币,L_D145_0.02|glob,止盈2% 止损5% 24h,0,False,203笔 每天0.27 胜74% PF1.1100000143051147 均+0.14% 组合102.0 撤-8.3%,115笔 每天0.32 胜80% PF1.5 均+0.51% 组合105.3 撤-3.0%,108笔 每天0.3 胜72% PF0.9800000190734863 均-0.02% 组合100.1 撤-4.8%,0.98,0.3,0.21,0.0
头部币,L_D145_0.02|glob,止盈3% 止损8% 48h,1,False,192笔 每天0.25 胜77% PF1.2000000476837158 均+0.37% 组合107.9 撤-12.8%,104笔 每天0.29 胜85% PF2.0999999046325684 均+1.30% 组合111.2 撤-5.7%,106笔 每天0.3 胜74% PF1.0399999618530273 均+0.08% 组合100.4 撤-7.0%,1.04,0.28,0.583,0.0
头部币,L_D145_0.02|glob,止盈5% 止损11% 72h,2,False,171笔 每天0.23 胜72% PF1.190000057220459 均+0.56% 组合110.4 撤-13.7%,101笔 每天0.28 胜81% PF1.9600000381469727 均+1.93% 组合116.4 撤-11.1%,101笔 每天0.28 胜70% PF1.1799999475479126 均+0.51% 组合105.4 撤-10.8%,1.18,0.26,1.002,0.0
头部币,L_D145_0.02|glob,止盈1.5% 止损3% 12h,3,False,211笔 每天0.28 胜69% PF1.0 均-0.00% 组合99.4 撤-7.2%,121笔 每天0.34 胜83% PF2.1600000858306885 均+0.63% 组合106.9 撤-1.3%,109笔 每天0.3 胜70% PF1.059999942779541 均+0.06% 组合100.4 撤-3.3%,1.0,0.31,0.23,0.0
头部币,L_D145_0.02|none,止盈2% 止损5% 24h,0,False,240笔 每天0.32 胜74% PF1.0700000524520874 均+0.09% 组合103.3 撤-8.5%,138笔 每天0.38 胜80% PF1.4700000286102295 均+0.49% 组合105.5 撤-4.0%,140笔 每天0.39 胜74% PF1.090000033378601 均+0.12% 组合100.9 撤-5.4%,1.07,0.36,0.235,0.0
头部币,L_D145_0.02|none,止盈3% 止损8% 48h,1,False,224笔 每天0.3 胜77% PF1.25 均+0.46% 组合111.4 撤-12.6%,126笔 每天0.35 胜84% PF2.0 均+1.23% 组合111.1 撤-6.5%,135笔 每天0.38 胜73% PF1.0299999713897705 均+0.06% 组合98.7 撤-9.7%,1.03,0.34,0.583,0.0
头部币,L_D145_0.02|none,止盈5% 止损11% 72h,2,False,199笔 每天0.26 胜71% PF1.149999976158142 均+0.45% 组合112.3 撤-12.8%,121笔 每天0.34 胜81% PF1.9800000190734863 均+1.96% 组合118.4 撤-11.1%,128笔 每天0.36 胜70% PF1.2000000476837158 均+0.56% 组合105.0 撤-14.3%,1.15,0.32,0.99,0.0
头部币,L_D145_0.02|none,止盈1.5% 止损3% 12h,3,False,250笔 每天0.33 胜69% PF1.0 均+0.00% 组合101.1 撤-7.2%,147笔 每天0.41 胜82% PF2.109999895095825 均+0.62% 组合107.3 撤-1.6%,141笔 每天0.39 胜72% PF1.159999966621399 均+0.14% 组合101.5 撤-3.4%,1.0,0.38,0.254,0.0
头部币,L_D145_0.02|own,止盈2% 止损5% 24h,0,False,31笔 每天0.04 胜84% PF1.9500000476837158 均+0.79% 组合102.5 撤-1.5%,41笔 每天0.11 胜93% PF4.75 均+1.41% 组合105.9 撤-0.8%,27笔 每天0.08 胜89% PF3.0 均+1.14% 组合103.1 撤-0.5%,1.95,0.08,1.115,0.0
头部币,L_D145_0.02|own,止盈3% 止损8% 48h,1,False,31笔 每天0.04 胜81% PF1.850000023841858 均+1.08% 组合103.4 撤-2.4%,38笔 每天0.11 胜97% PF237.86000061035156 均+2.84% 组合111.0 撤-0.0%,27笔 每天0.08 胜96% PF15.619999885559082 均+2.64% 组合107.3 撤-0.5%,1.85,0.08,2.189,0.0
头部币,L_D145_0.02|own,止盈5% 止损11% 72h,2,False,30笔 每天0.04 胜87% PF3.559999942779541 均+3.07% 组合109.6 撤-2.8%,38笔 每天0.11 胜97% PF15.9399995803833 均+4.38% 组合117.3 撤-1.1%,27笔 每天0.08 胜89% PF6.900000095367432 均+3.68% 组合110.4 撤-1.1%,3.56,0.08,3.712,0.0
头部币,L_D145_0.02|own,止盈1.5% 止损3% 12h,3,False,31笔 每天0.04 胜81% PF1.8899999856948853 均+0.54% 组合101.7 撤-0.9%,44笔 每天0.12 胜93% PF6.210000038146973 均+1.12% 组合105.0 撤-0.3%,27笔 每天0.08 胜89% PF4.28000020980835 均+0.97% 组合102.7 撤-0.5%,1.89,0.08,0.879,0.0
头部币,S_A641_0.025|any,止盈2% 止损5% 24h,0,False,1035笔 每天1.37 胜67% PF0.7799999713897705 均-0.36% 组合68.7 撤-34.0%,805笔 每天2.24 胜66% PF0.75 均-0.42% 组合72.4 撤-28.7%,963笔 每天2.68 胜66% PF0.75 均-0.43% 组合66.1 撤-35.0%,0.75,2.1,-0.402,0.0
头部币,S_A641_0.025|any,止盈3% 止损8% 48h,1,False,918笔 每天1.21 胜68% PF0.8399999737739563 均-0.38% 组合69.4 撤-36.8%,701笔 每天1.95 胜64% PF0.6700000166893005 均-0.89% 组合56.1 撤-45.6%,868笔 每天2.42 胜67% PF0.7599999904632568 均-0.61% 组合56.2 撤-45.2%,0.67,1.86,-0.629,0.0
头部币,S_A641_0.025|any,止盈5% 止损11% 72h,2,False,810笔 每天1.07 胜64% PF0.9399999976158142 均-0.21% 组合79.4 撤-35.4%,617笔 每天1.72 胜61% PF0.7799999713897705 均-0.83% 组合62.2 撤-42.2%,756笔 每天2.11 胜60% PF0.7400000095367432 均-0.99% 组合44.6 撤-57.1%,0.74,1.63,-0.675,0.0
头部币,S_A641_0.025|any,止盈1.5% 止损3% 12h,3,False,1138笔 每天1.51 胜63% PF0.800000011920929 均-0.23% 组合76.1 撤-27.9%,888笔 每天2.47 胜63% PF0.7900000214576721 均-0.25% 组合81.5 撤-19.2%,1052笔 每天2.93 胜62% PF0.7400000095367432 均-0.31% 组合72.3 撤-28.3%,0.74,2.3,-0.26,0.0
头部币,S_A641_0.025|glob,止盈2% 止损5% 24h,0,False,2842笔 每天3.76 胜70% PF0.9100000262260437 均-0.14% 组合64.9 撤-40.2%,2215笔 每天6.17 胜67% PF0.7900000214576721 均-0.35% 组合59.0 撤-43.0%,2951笔 每天8.22 胜70% PF0.8999999761581421 均-0.14% 组合75.9 撤-29.4%,0.79,6.05,-0.21,0.0
头部币,S_A641_0.025|glob,止盈3% 止损8% 48h,1,False,2408笔 每天3.19 胜71% PF0.9599999785423279 均-0.08% 组合69.9 撤-50.4%,1848笔 每天5.15 胜67% PF0.7699999809265137 均-0.56% 组合42.6 撤-59.4%,2515笔 每天7.01 胜68% PF0.8399999737739563 均-0.38% 组合58.5 撤-43.7%,0.77,5.12,-0.342,0.0
头部币,S_A641_0.025|glob,止盈5% 止损11% 72h,2,False,1968笔 每天2.6 胜65% PF0.9800000190734863 均-0.06% 组合60.9 撤-61.3%,1469笔 每天4.09 胜59% PF0.7200000286102295 均-1.07% 组合26.4 撤-75.5%,2078笔 每天5.79 胜62% PF0.8299999833106995 均-0.56% 组合52.4 撤-55.8%,0.72,4.16,-0.567,0.0
头部币,S_A641_0.025|glob,止盈1.5% 止损3% 12h,3,False,3207笔 每天4.24 胜66% PF0.8899999856948853 均-0.11% 组合68.7 撤-38.8%,2517笔 每天7.01 胜65% PF0.8500000238418579 均-0.17% 组合74.6 撤-27.5%,3339笔 每天9.3 胜65% PF0.8700000047683716 均-0.14% 组合70.5 撤-32.8%,0.85,6.85,-0.139,0.0
头部币,S_A641_0.025|none,止盈2% 止损5% 24h,0,False,3134笔 每天4.15 胜70% PF0.8999999761581421 均-0.15% 组合60.1 撤-44.7%,2464笔 每天6.86 胜68% PF0.8199999928474426 均-0.28% 组合59.7 撤-42.9%,3231笔 每天9.0 胜70% PF0.9200000166893005 均-0.12% 组合81.2 撤-26.4%,0.82,6.67,-0.183,0.0
头部币,S_A641_0.025|none,止盈3% 止损8% 48h,1,False,2632笔 每天3.48 胜71% PF0.9599999785423279 均-0.09% 组合66.9 撤-54.9%,2012笔 每天5.6 胜67% PF0.7799999713897705 均-0.55% 组合41.0 撤-60.6%,2717笔 每天7.57 胜67% PF0.8299999833106995 均-0.39% 组合57.8 撤-46.2%,0.78,5.55,-0.343,0.0
头部币,S_A641_0.025|none,止盈5% 止损11% 72h,2,False,2125笔 每天2.81 胜64% PF0.9700000286102295 均-0.09% 组合54.7 撤-65.2%,1576笔 每天4.39 胜60% PF0.75 均-0.97% 组合29.5 撤-74.6%,2221笔 每天6.19 胜61% PF0.8199999928474426 均-0.61% 组合57.4 撤-57.3%,0.75,4.46,-0.56,0.0
头部币,S_A641_0.025|none,止盈1.5% 止损3% 12h,3,False,3566笔 每天4.72 胜66% PF0.8899999856948853 均-0.12% 组合61.5 撤-44.7%,2811笔 每天7.83 胜65% PF0.8600000143051147 均-0.15% 组合73.3 撤-28.4%,3674笔 每天10.23 胜65% PF0.8799999952316284 均-0.13% 组合70.3 撤-32.4%,0.86,7.59,-0.133,0.0
头部币,S_A641_0.025|own,止盈2% 止损5% 24h,0,False,874笔 每天1.16 胜67% PF0.7799999713897705 均-0.37% 组合71.5 撤-32.5%,696笔 每天1.94 胜67% PF0.7799999713897705 均-0.36% 组合79.0 撤-22.0%,797笔 每天2.22 胜67% PF0.7699999809265137 均-0.38% 组合72.2 撤-28.0%,0.77,1.77,-0.37,0.0
头部币,S_A641_0.025|own,止盈3% 止损8% 48h,1,False,777笔 每天1.03 胜67% PF0.8199999928474426 均-0.43% 组合70.5 撤-35.2%,611笔 每天1.7 胜63% PF0.6600000262260437 均-0.96% 组合56.4 撤-45.2%,725笔 每天2.02 胜68% PF0.8199999928474426 均-0.45% 组合66.9 撤-33.7%,0.66,1.58,-0.61,0.0
头部币,S_A641_0.025|own,止盈5% 止损11% 72h,2,False,696笔 每天0.92 胜64% PF0.949999988079071 均-0.17% 组合86.2 撤-35.2%,537笔 每天1.5 胜60% PF0.7599999904632568 均-0.90% 组合61.3 撤-44.0%,644笔 每天1.79 胜62% PF0.7900000214576721 均-0.76% 组合54.0 撤-47.9%,0.76,1.4,-0.609,0.0
头部币,S_A641_0.025|own,止盈1.5% 止损3% 12h,3,False,956笔 每天1.26 胜64% PF0.8199999928474426 均-0.20% 组合81.8 撤-23.0%,762笔 每天2.12 胜64% PF0.8199999928474426 均-0.20% 组合85.9 撤-14.5%,864笔 每天2.41 胜62% PF0.7599999904632568 均-0.28% 组合78.2 撤-22.0%,0.76,1.93,-0.229,0.0
头部币,S_A641_0.02|any,止盈2% 止损5% 24h,0,False,1820笔 每天2.41 胜69% PF0.8700000047683716 均-0.19% 组合68.7 撤-33.9%,1427笔 每天3.97 胜68% PF0.8299999833106995 均-0.28% 组合68.8 撤-32.6%,1776笔 每天4.95 胜67% PF0.7900000214576721 均-0.34% 组合62.4 撤-40.0%,0.79,3.78,-0.272,0.0
头部币,S_A641_0.02|any,止盈3% 止损8% 48h,1,False,1543笔 每天2.04 胜68% PF0.8500000238418579 均-0.35% 组合56.0 撤-46.7%,1201笔 每天3.35 胜68% PF0.8399999737739563 均-0.37% 组合64.1 撤-42.6%,1542笔 每天4.3 胜68% PF0.8199999928474426 均-0.41% 组合54.3 撤-48.3%,0.82,3.23,-0.375,0.0
头部币,S_A641_0.02|any,止盈5% 止损11% 72h,2,False,1300笔 每天1.72 胜64% PF0.949999988079071 均-0.14% 组合73.9 撤-36.8%,997笔 每天2.78 胜63% PF0.8399999737739563 均-0.55% 组合54.9 撤-48.7%,1313笔 每天3.66 胜62% PF0.8299999833106995 均-0.58% 组合44.3 撤-58.2%,0.83,2.72,-0.425,0.0
头部币,S_A641_0.02|any,止盈1.5% 止损3% 12h,3,False,2029笔 每天2.68 胜64% PF0.8600000143051147 均-0.15% 组合73.1 撤-31.8%,1596笔 每天4.45 胜64% PF0.800000011920929 均-0.22% 组合71.0 撤-30.2%,1967笔 每天5.48 胜62% PF0.7699999809265137 均-0.26% 组合67.5 撤-34.0%,0.77,4.2,-0.211,0.0
头部币,S_A641_0.02|glob,止盈2% 止损5% 24h,0,False,4555笔 每天6.03 胜70% PF0.9200000166893005 均-0.11% 组合56.0 撤-54.8%,3732笔 每天10.4 胜68% PF0.8299999833106995 均-0.26% 组合45.9 撤-57.6%,5059笔 每天14.09 胜69% PF0.9100000262260437 均-0.12% 组合69.1 撤-40.4%,0.83,10.17,-0.167,0.0
头部币,S_A641_0.02|glob,止盈3% 止损8% 48h,1,False,3675笔 每天4.86 胜69% PF0.9200000166893005 均-0.16% 组合46.0 撤-64.2%,2955笔 每天8.23 胜68% PF0.8299999833106995 均-0.39% 组合41.9 撤-60.0%,4166笔 每天11.6 胜68% PF0.9200000166893005 均-0.18% 组合111.3 撤-35.5%,0.83,8.23,-0.245,0.0
头部币,S_A641_0.02|glob,止盈5% 止损11% 72h,2,False,2834笔 每天3.75 胜63% PF0.949999988079071 均-0.17% 组合47.6 撤-70.7%,2194笔 每天6.11 胜60% PF0.7599999904632568 均-0.88% 组合30.5 撤-71.8%,3229笔 每天8.99 胜62% PF0.8999999761581421 均-0.32% 组合92.7 撤-46.7%,0.76,6.28,-0.455,0.0
头部币,S_A641_0.02|glob,止盈1.5% 止损3% 12h,3,False,5293笔 每天7.0 胜66% PF0.9100000262260437 均-0.09% 组合61.1 撤-47.0%,4347笔 每天12.11 胜64% PF0.8299999833106995 均-0.19% 组合49.0 撤-51.5%,5831笔 每天16.24 胜65% PF0.8799999952316284 均-0.13% 组合63.3 撤-40.6%,0.83,11.78,-0.136,0.0
头部币,S_A641_0.02|none,止盈2% 止损5% 24h,0,False,5015笔 每天6.63 胜70% PF0.9300000071525574 均-0.10% 组合54.8 撤-56.5%,4087笔 每天11.38 胜69% PF0.8600000143051147 均-0.21% 组合49.9 撤-54.3%,5591笔 每天15.57 胜70% PF0.9399999976158142 均-0.09% 组合85.6 撤-32.9%,0.86,11.19,-0.133,0.0
头部币,S_A641_0.02|none,止盈3% 止损8% 48h,1,False,3979笔 每天5.26 胜69% PF0.9200000166893005 均-0.18% 组合40.9 撤-69.6%,3179笔 每天8.86 胜68% PF0.8500000238418579 均-0.34% 组合41.3 撤-60.6%,4519笔 每天12.59 胜68% PF0.9200000166893005 均-0.17% 组合109.2 撤-34.5%,0.85,8.9,-0.231,0.0
头部币,S_A641_0.02|none,止盈5% 止损11% 72h,2,False,3029笔 每天4.01 胜63% PF0.949999988079071 均-0.16% 组合51.9 撤-71.3%,2305笔 每天6.42 胜60% PF0.7699999809265137 均-0.84% 组合24.4 撤-77.4%,3438笔 每天9.58 胜62% PF0.8999999761581421 均-0.33% 组合79.1 撤-50.7%,0.77,6.67,-0.441,0.0
头部币,S_A641_0.02|none,止盈1.5% 止损3% 12h,3,False,5856笔 每天7.75 胜65% PF0.8999999761581421 均-0.11% 组合54.1 撤-53.5%,4797笔 每天13.36 胜65% PF0.8500000238418579 均-0.16% 组合48.3 撤-52.1%,6486笔 每天18.07 胜65% PF0.8999999761581421 均-0.10% 组合69.1 撤-34.9%,0.85,13.06,-0.123,0.0
头部币,S_A641_0.02|own,止盈2% 止损5% 24h,0,False,1540笔 每天2.04 胜69% PF0.8999999761581421 均-0.15% 组合78.5 撤-27.3%,1213笔 每天3.38 胜68% PF0.8100000023841858 均-0.30% 组合72.4 撤-28.5%,1492笔 每天4.16 胜68% PF0.8199999928474426 均-0.28% 组合70.3 撤-31.5%,0.81,3.19,-0.242,0.0
头部币,S_A641_0.02|own,止盈3% 止损8% 48h,1,False,1311笔 每天1.73 胜67% PF0.8399999737739563 均-0.37% 组合59.6 撤-45.5%,1025笔 每天2.86 胜68% PF0.8199999928474426 均-0.43% 组合64.8 撤-40.3%,1307笔 每天3.64 胜68% PF0.8600000143051147 均-0.31% 组合63.0 撤-40.3%,0.82,2.74,-0.369,0.0
头部币,S_A641_0.02|own,止盈5% 止损11% 72h,2,False,1104笔 每天1.46 胜64% PF0.9599999785423279 均-0.14% 组合79.3 撤-37.0%,860笔 每天2.4 胜63% PF0.8399999737739563 均-0.58% 组合61.6 撤-42.6%,1125笔 每天3.13 胜63% PF0.8700000047683716 均-0.44% 组合53.2 撤-54.4%,0.84,2.33,-0.387,0.0
头部币,S_A641_0.02|own,止盈1.5% 止损3% 12h,3,False,1691笔 每天2.24 胜65% PF0.8700000047683716 均-0.14% 组合77.9 撤-28.1%,1357笔 每天3.78 胜64% PF0.8199999928474426 均-0.20% 组合77.0 撤-23.8%,1633笔 每天4.55 胜63% PF0.7900000214576721 均-0.23% 组合74.3 撤-27.2%,0.79,3.52,-0.188,0.0
头部币,S_A641_0.035|any,止盈2% 止损5% 24h,0,False,378笔 每天0.5 胜69% PF0.8500000238418579 均-0.23% 组合91.5 撤-14.3%,327笔 每天0.91 胜63% PF0.6499999761581421 均-0.65% 组合81.7 撤-19.2%,334笔 每天0.93 胜70% PF0.8799999952316284 均-0.18% 组合94.8 撤-12.2%,0.65,0.78,-0.352,0.0
头部币,S_A641_0.035|any,止盈3% 止损8% 48h,1,False,355笔 每天0.47 胜71% PF0.9100000262260437 均-0.19% 组合95.2 撤-16.2%,299笔 每天0.83 胜65% PF0.7099999785423279 均-0.79% 组合78.1 撤-23.1%,314笔 每天0.87 胜69% PF0.8199999928474426 均-0.43% 组合87.9 撤-15.3%,0.71,0.72,-0.472,0.0
头部币,S_A641_0.035|any,止盈5% 止损11% 72h,2,False,332笔 每天0.44 胜69% PF1.0499999523162842 均+0.17% 组合102.4 撤-18.7%,272笔 每天0.76 胜63% PF0.8100000023841858 均-0.70% 组合81.4 撤-23.0%,286笔 每天0.8 胜61% PF0.7200000286102295 均-1.15% 组合73.6 撤-27.5%,0.72,0.67,-0.561,0.0
头部币,S_A641_0.035|any,止盈1.5% 止损3% 12h,3,False,409笔 每天0.54 胜65% PF0.8500000238418579 均-0.16% 组合93.5 撤-10.0%,356笔 每天0.99 胜61% PF0.7200000286102295 均-0.34% 组合89.4 撤-11.9%,353笔 每天0.98 胜66% PF0.8899999856948853 均-0.12% 组合95.7 撤-8.5%,0.72,0.84,-0.207,0.0
头部币,S_A641_0.035|glob,止盈2% 止损5% 24h,0,False,1236笔 每天1.63 胜71% PF0.9200000166893005 均-0.12% 组合83.0 撤-28.1%,927笔 每天2.58 胜66% PF0.7200000286102295 均-0.48% 组合68.6 撤-33.0%,1098笔 每天3.06 胜69% PF0.8700000047683716 均-0.20% 组合95.5 撤-16.3%,0.72,2.42,-0.267,0.0
头部币,S_A641_0.035|glob,止盈3% 止损8% 48h,1,False,1104笔 每天1.46 胜73% PF1.0099999904632568 均+0.02% 组合92.5 撤-38.7%,792笔 每天2.21 胜67% PF0.7599999904632568 均-0.60% 组合62.8 撤-39.0%,972笔 每天2.71 胜68% PF0.8100000023841858 均-0.46% 组合91.0 撤-19.5%,0.76,2.13,-0.348,0.0
头部币,S_A641_0.035|glob,止盈5% 止损11% 72h,2,False,977笔 每天1.29 胜68% PF1.0299999713897705 均+0.10% 组合89.8 撤-47.9%,681笔 每天1.9 胜61% PF0.7300000190734863 均-1.05% 组合45.2 撤-57.1%,828笔 每天2.31 胜61% PF0.7200000286102295 均-1.09% 组合61.7 撤-40.9%,0.72,1.83,-0.679,0.0
头部币,S_A641_0.035|glob,止盈1.5% 止损3% 12h,3,False,1371笔 每天1.81 胜67% PF0.9200000166893005 均-0.08% 组合86.0 撤-23.7%,1053笔 每天2.93 胜64% PF0.8199999928474426 均-0.20% 组合85.3 撤-16.7%,1234笔 每天3.44 胜65% PF0.8399999737739563 均-0.17% 组合88.4 撤-16.1%,0.82,2.73,-0.151,0.0
头部币,S_A641_0.035|none,止盈2% 止损5% 24h,0,False,1359笔 每天1.8 胜71% PF0.949999988079071 均-0.08% 组合86.7 撤-27.3%,1018笔 每天2.84 胜65% PF0.7099999785423279 均-0.52% 组合64.1 撤-37.8%,1188笔 每天3.31 胜70% PF0.8799999952316284 均-0.18% 组合96.9 撤-14.0%,0.71,2.65,-0.26,0.0
头部币,S_A641_0.035|none,止盈3% 止损8% 48h,1,False,1203笔 每天1.59 胜72% PF0.9900000095367432 均-0.01% 组合87.7 撤-40.7%,860笔 每天2.4 胜66% PF0.7300000190734863 均-0.71% 组合53.7 撤-48.2%,1040笔 每天2.9 胜68% PF0.8100000023841858 均-0.47% 组合86.6 撤-23.5%,0.73,2.3,-0.398,0.0
头部币,S_A641_0.035|none,止盈5% 止损11% 72h,2,False,1051笔 每天1.39 胜67% PF1.0199999809265137 均+0.05% 组合82.0 撤-45.4%,740笔 每天2.06 胜61% PF0.7300000190734863 均-1.09% 组合41.8 撤-60.8%,884笔 每天2.46 胜61% PF0.7400000095367432 均-0.99% 组合66.9 撤-36.7%,0.73,1.97,-0.675,0.0
头部币,S_A641_0.035|none,止盈1.5% 止损3% 12h,3,False,1506笔 每天1.99 胜66% PF0.9100000262260437 均-0.10% 组合83.4 撤-24.9%,1170笔 每天3.26 胜64% PF0.8199999928474426 均-0.20% 组合82.5 撤-19.7%,1341笔 每天3.74 胜64% PF0.8299999833106995 均-0.19% 组合84.9 撤-16.3%,0.82,3.0,-0.164,0.0
头部币,S_A641_0.035|own,止盈2% 止损5% 24h,0,False,310笔 每天0.41 胜67% PF0.8100000023841858 均-0.31% 组合90.6 撤-13.3%,275笔 每天0.77 胜66% PF0.7300000190734863 均-0.46% 组合87.7 撤-13.2%,258笔 每天0.72 胜70% PF0.8899999856948853 均-0.17% 组合95.5 撤-7.1%,0.73,0.63,-0.314,0.0
头部币,S_A641_0.035|own,止盈3% 止损8% 48h,1,False,295笔 每天0.39 胜71% PF0.9200000166893005 均-0.19% 组合94.2 撤-16.5%,250笔 每天0.7 胜66% PF0.7300000190734863 均-0.71% 组合82.9 撤-18.3%,241笔 每天0.67 胜69% PF0.8500000238418579 均-0.37% 组合91.1 撤-8.7%,0.73,0.59,-0.423,0.0
头部币,S_A641_0.035|own,止盈5% 止损11% 72h,2,False,276笔 每天0.37 胜69% PF1.0499999523162842 均+0.16% 组合103.4 撤-17.0%,228笔 每天0.64 胜64% PF0.8399999737739563 均-0.59% 组合85.6 撤-19.5%,228笔 每天0.64 胜61% PF0.75 均-0.96% 组合79.3 撤-21.6%,0.75,0.55,-0.465,0.0
头部币,S_A641_0.035|own,止盈1.5% 止损3% 12h,3,False,333笔 每天0.44 胜66% PF0.8700000047683716 均-0.14% 组合95.4 撤-8.1%,298笔 每天0.83 胜64% PF0.800000011920929 均-0.23% 组合93.3 撤-8.1%,270笔 每天0.75 胜66% PF0.8700000047683716 均-0.14% 组合96.2 撤-5.1%,0.8,0.67,-0.169,0.0
头部币,S_A641_0.03|any,止盈2% 止损5% 24h,0,False,608笔 每天0.8 胜69% PF0.8700000047683716 均-0.20% 组合89.5 撤-20.4%,480笔 每天1.34 胜64% PF0.6800000071525574 均-0.58% 组合76.4 撤-23.5%,562笔 每天1.57 胜68% PF0.8100000023841858 均-0.31% 组合84.2 撤-16.9%,0.68,1.24,-0.363,0.0
头部币,S_A641_0.03|any,止盈3% 止损8% 48h,1,False,549笔 每天0.73 胜70% PF0.8999999761581421 均-0.22% 组合87.6 撤-21.1%,427笔 每天1.19 胜60% PF0.6000000238418579 均-1.19% 组合60.9 撤-39.8%,517笔 每天1.44 胜68% PF0.7799999713897705 均-0.55% 组合74.6 撤-26.4%,0.6,1.12,-0.654,0.0
头部币,S_A641_0.03|any,止盈5% 止损11% 72h,2,False,503笔 每天0.67 胜66% PF0.9599999785423279 均-0.14% 组合88.6 撤-23.8%,390笔 每天1.09 胜59% PF0.6800000071525574 均-1.31% 组合61.4 撤-40.5%,469笔 每天1.31 胜61% PF0.7799999713897705 均-0.85% 组合65.9 撤-37.8%,0.68,1.02,-0.768,0.0
头部币,S_A641_0.03|any,止盈1.5% 止损3% 12h,3,False,652笔 每天0.86 胜66% PF0.8999999761581421 均-0.11% 组合93.5 撤-12.9%,521笔 每天1.45 胜61% PF0.7099999785423279 均-0.35% 组合84.1 撤-15.9%,605笔 每天1.69 胜64% PF0.8199999928474426 均-0.20% 组合87.5 撤-15.4%,0.71,1.33,-0.221,0.0
头部币,S_A641_0.03|glob,止盈2% 止损5% 24h,0,False,1823笔 每天2.41 胜71% PF0.9300000071525574 均-0.09% 组合76.3 撤-35.8%,1394笔 每天3.88 胜66% PF0.7300000190734863 均-0.46% 组合61.6 撤-40.2%,1768笔 每天4.92 胜69% PF0.8799999952316284 均-0.19% 组合80.8 撤-21.3%,0.73,3.74,-0.247,0.0
头部币,S_A641_0.03|glob,止盈3% 止损8% 48h,1,False,1581笔 每天2.09 胜71% PF0.9599999785423279 均-0.09% 组合73.1 撤-43.0%,1196笔 每天3.33 胜66% PF0.75 均-0.64% 组合55.3 撤-47.0%,1535笔 每天4.28 胜68% PF0.800000011920929 均-0.48% 组合66.8 撤-34.0%,0.75,3.23,-0.402,0.0
头部币,S_A641_0.03|glob,止盈5% 止损11% 72h,2,False,1344笔 每天1.78 胜65% PF0.9599999785423279 均-0.13% 组合63.5 撤-58.5%,997笔 每天2.78 胜59% PF0.6800000071525574 均-1.30% 组合31.0 撤-70.9%,1303笔 每天3.63 胜62% PF0.800000011920929 均-0.74% 组合58.8 撤-44.4%,0.68,2.73,-0.724,0.0
头部币,S_A641_0.03|glob,止盈1.5% 止损3% 12h,3,False,2031笔 每天2.69 胜67% PF0.9200000166893005 均-0.09% 组合80.7 撤-29.3%,1592笔 每天4.43 胜64% PF0.800000011920929 均-0.22% 组合76.0 撤-26.0%,1984笔 每天5.53 胜65% PF0.8600000143051147 均-0.15% 组合82.5 撤-20.2%,0.8,4.22,-0.154,0.0
头部币,S_A641_0.03|none,止盈2% 止损5% 24h,0,False,2026笔 每天2.68 胜71% PF0.9399999976158142 均-0.08% 组合77.4 撤-37.6%,1549笔 每天4.31 胜66% PF0.75 均-0.42% 组合60.5 撤-41.7%,1933笔 每天5.38 胜70% PF0.8999999761581421 均-0.15% 组合85.3 撤-17.8%,0.75,4.12,-0.217,0.0
头部币,S_A641_0.03|none,止盈3% 止损8% 48h,1,False,1742笔 每天2.3 胜71% PF0.949999988079071 均-0.11% 组合72.6 撤-45.8%,1311笔 每天3.65 胜66% PF0.7400000095367432 均-0.69% 组合47.8 撤-54.5%,1666笔 每天4.64 胜68% PF0.8100000023841858 均-0.46% 组合67.3 撤-33.6%,0.74,3.53,-0.417,0.0
头部币,S_A641_0.03|none,止盈5% 止损11% 72h,2,False,1465笔 每天1.94 胜65% PF0.9399999976158142 均-0.18% 组合57.5 撤-60.5%,1077笔 每天3.0 胜58% PF0.6800000071525574 均-1.32% 组合29.1 撤-73.4%,1404笔 每天3.91 胜62% PF0.8100000023841858 均-0.68% 组合58.4 撤-46.1%,0.68,2.95,-0.729,0.0
头部币,S_A641_0.03|none,止盈1.5% 止损3% 12h,3,False,2268笔 每天3.0 胜67% PF0.9100000262260437 均-0.09% 组合79.5 撤-31.4%,1775笔 每天4.94 胜64% PF0.8100000023841858 均-0.21% 组合76.6 撤-25.3%,2173笔 每天6.05 胜65% PF0.8500000238418579 均-0.17% 组合78.1 撤-23.6%,0.81,4.66,-0.156,0.0
头部币,S_A641_0.03|own,止盈2% 止损5% 24h,0,False,508笔 每天0.67 胜68% PF0.8299999833106995 均-0.28% 组合86.6 撤-20.5%,408笔 每天1.14 胜66% PF0.7400000095367432 均-0.45% 组合82.9 撤-17.0%,455笔 每天1.27 胜69% PF0.8600000143051147 均-0.21% 组合89.5 撤-10.3%,0.74,1.03,-0.314,0.0
头部币,S_A641_0.03|own,止盈3% 止损8% 48h,1,False,462笔 每天0.61 胜69% PF0.8600000143051147 均-0.34% 组合84.8 撤-21.8%,367笔 每天1.02 胜60% PF0.6000000238418579 均-1.16% 组合65.7 撤-35.3%,420笔 每天1.17 胜69% PF0.8199999928474426 均-0.43% 组合81.8 撤-19.0%,0.6,0.93,-0.644,0.0
头部币,S_A641_0.03|own,止盈5% 止损11% 72h,2,False,427笔 每天0.56 胜66% PF0.9200000166893005 均-0.26% 组合87.6 撤-22.7%,335笔 每天0.93 胜59% PF0.6899999976158142 均-1.27% 组合65.4 撤-37.8%,389笔 每天1.08 胜63% PF0.8399999737739563 均-0.56% 组合76.5 撤-28.8%,0.69,0.86,-0.696,0.0
头部币,S_A641_0.03|own,止盈1.5% 止损3% 12h,3,False,541笔 每天0.72 胜66% PF0.8999999761581421 均-0.11% 组合94.0 撤-12.2%,436笔 每天1.21 胜62% PF0.75 均-0.29% 组合88.1 撤-11.9%,486笔 每天1.35 胜64% PF0.8199999928474426 均-0.20% 组合90.1 撤-12.0%,0.75,1.09,-0.201,0.0
头部币,S_A641_0.04|any,止盈2% 止损5% 24h,0,False,244笔 每天0.32 胜73% PF1.0399999618530273 均+0.06% 组合101.4 撤-6.1%,226笔 每天0.63 胜64% PF0.6600000262260437 均-0.63% 组合86.2 撤-15.8%,196笔 每天0.55 胜68% PF0.8100000023841858 均-0.31% 组合93.9 撤-11.4%,0.66,0.5,-0.293,0.0
头部币,S_A641_0.04|any,止盈3% 止损8% 48h,1,False,230笔 每天0.3 胜72% PF0.9200000166893005 均-0.18% 组合94.7 撤-11.3%,205笔 每天0.57 胜65% PF0.7099999785423279 均-0.79% 组合84.1 撤-20.3%,183笔 每天0.51 胜67% PF0.7200000286102295 均-0.74% 组合86.3 撤-14.1%,0.71,0.46,-0.571,0.0
头部币,S_A641_0.04|any,止盈5% 止损11% 72h,2,False,212笔 每天0.28 胜68% PF0.9800000190734863 均-0.07% 组合96.7 撤-13.7%,191笔 每天0.53 胜63% PF0.800000011920929 均-0.75% 组合85.0 撤-18.9%,172笔 每天0.48 胜57% PF0.6200000047683716 均-1.72% 组合74.9 撤-25.7%,0.62,0.43,-0.848,0.0
头部币,S_A641_0.04|any,止盈1.5% 止损3% 12h,3,False,263笔 每天0.35 胜69% PF1.0099999904632568 均+0.01% 组合100.4 撤-3.8%,244笔 每天0.68 胜58% PF0.6299999952316284 均-0.49% 组合89.1 撤-11.5%,204笔 每天0.57 胜63% PF0.7599999904632568 均-0.28% 组合94.4 撤-6.4%,0.63,0.53,-0.251,0.0
头部币,S_A641_0.04|glob,止盈2% 止损5% 24h,0,False,824笔 每天1.09 胜73% PF1.0299999713897705 均+0.04% 组合99.8 撤-16.2%,649笔 每天1.81 胜67% PF0.7799999713897705 均-0.37% 组合82.6 撤-18.4%,718笔 每天2.0 胜67% PF0.7799999713897705 均-0.36% 组合88.1 撤-18.7%,0.78,1.63,-0.23,0.0
头部币,S_A641_0.04|glob,止盈3% 止损8% 48h,1,False,753笔 每天1.0 胜74% PF1.059999942779541 均+0.12% 组合103.0 撤-23.2%,562笔 每天1.57 胜67% PF0.7699999809265137 均-0.59% 组合70.6 撤-30.3%,632笔 每天1.76 胜67% PF0.7400000095367432 均-0.69% 组合77.0 撤-24.1%,0.74,1.44,-0.387,0.0
头部币,S_A641_0.04|glob,止盈5% 止损11% 72h,2,False,679笔 每天0.9 胜69% PF1.0800000429153442 均+0.26% 组合104.0 撤-33.6%,499笔 每天1.39 胜64% PF0.8500000238418579 均-0.56% 组合68.7 撤-34.1%,546笔 每天1.52 胜58% PF0.6499999761581421 均-1.46% 组合60.6 撤-41.2%,0.65,1.27,-0.588,0.0
头部币,S_A641_0.04|glob,止盈1.5% 止损3% 12h,3,False,904笔 每天1.2 胜68% PF0.9800000190734863 均-0.02% 组合97.7 撤-13.0%,739笔 每天2.06 胜64% PF0.8199999928474426 均-0.21% 组合88.5 撤-12.2%,807笔 每天2.25 胜64% PF0.800000011920929 均-0.23% 组合88.2 撤-13.6%,0.8,1.84,-0.15,0.0
头部币,S_A641_0.04|none,止盈2% 止损5% 24h,0,False,910笔 每天1.2 胜73% PF1.0299999713897705 均+0.04% 组合98.9 撤-16.9%,706笔 每天1.97 胜66% PF0.75 均-0.42% 组合79.4 撤-21.7%,773笔 每天2.15 胜68% PF0.800000011920929 均-0.33% 组合86.7 撤-19.1%,0.75,1.77,-0.24,0.0
头部币,S_A641_0.04|none,止盈3% 止损8% 48h,1,False,821笔 每天1.09 胜74% PF1.0299999713897705 均+0.07% 组合97.3 撤-24.8%,602笔 每天1.68 胜66% PF0.7400000095367432 均-0.69% 组合64.6 撤-36.4%,679笔 每天1.89 胜67% PF0.7400000095367432 均-0.67% 组合74.1 撤-26.8%,0.74,1.55,-0.43,0.0
头部币,S_A641_0.04|none,止盈5% 止损11% 72h,2,False,735笔 每天0.97 胜69% PF1.0800000429153442 均+0.25% 组合104.6 撤-30.9%,532笔 每天1.48 胜64% PF0.8199999928474426 均-0.67% 组合61.8 撤-39.7%,586笔 每天1.63 胜58% PF0.6600000262260437 均-1.41% 组合60.1 撤-41.6%,0.66,1.36,-0.61,0.0
头部币,S_A641_0.04|none,止盈1.5% 止损3% 12h,3,False,998笔 每天1.32 胜68% PF0.9700000286102295 均-0.03% 组合96.9 撤-12.9%,812笔 每天2.26 胜64% PF0.8100000023841858 均-0.22% 组合88.5 撤-12.4%,877笔 每天2.44 胜64% PF0.8100000023841858 均-0.22% 组合86.8 撤-14.9%,0.81,2.01,-0.156,0.0
头部币,S_A641_0.04|own,止盈2% 止损5% 24h,0,False,198笔 每天0.26 胜74% PF1.0700000524520874 均+0.09% 组合101.7 撤-4.1%,185笔 每天0.52 胜67% PF0.7699999809265137 均-0.39% 组合92.6 撤-9.3%,146笔 每天0.41 胜70% PF0.8700000047683716 均-0.20% 组合97.0 撤-6.1%,0.77,0.4,-0.169,0.0
头部币,S_A641_0.04|own,止盈3% 止损8% 48h,1,False,186笔 每天0.25 胜72% PF0.9300000071525574 均-0.15% 组合97.1 撤-10.4%,168笔 每天0.47 胜68% PF0.800000011920929 均-0.49% 组合91.4 撤-13.8%,134笔 每天0.37 胜68% PF0.75 均-0.65% 组合91.5 撤-8.1%,0.75,0.36,-0.429,0.0
头部币,S_A641_0.04|own,止盈5% 止损11% 72h,2,False,172笔 每天0.23 胜67% PF1.0 均+0.01% 组合99.6 撤-9.8%,157笔 每天0.44 胜65% PF0.8600000143051147 均-0.50% 组合91.3 撤-13.5%,130笔 每天0.36 胜60% PF0.7099999785423279 均-1.21% 组合85.0 撤-15.8%,0.71,0.34,-0.565,0.0
头部币,S_A641_0.04|own,止盈1.5% 止损3% 12h,3,False,211笔 每天0.28 胜70% PF1.0800000429153442 均+0.07% 组合101.5 撤-3.3%,198笔 每天0.55 胜62% PF0.7300000190734863 均-0.33% 组合93.6 撤-7.0%,148笔 每天0.41 胜63% PF0.7699999809265137 均-0.27% 组合96.0 撤-4.2%,0.73,0.41,-0.177,0.0
头部币,S_A642_0.025|any,止盈2% 止损5% 24h,0,False,1507笔 每天1.99 胜68% PF0.8399999737739563 均-0.25% 组合68.7 撤-33.6%,1112笔 每天3.1 胜66% PF0.7699999809265137 均-0.38% 组合68.4 撤-32.4%,1337笔 每天3.72 胜67% PF0.7900000214576721 均-0.34% 组合60.8 撤-40.6%,0.77,2.94,-0.325,0.0
头部币,S_A642_0.025|any,止盈3% 止损8% 48h,1,False,1311笔 每天1.73 胜70% PF0.9200000166893005 均-0.17% 组合78.6 撤-37.5%,946笔 每天2.64 胜65% PF0.7200000286102295 均-0.73% 组合51.4 撤-50.4%,1159笔 每天3.23 胜67% PF0.7799999713897705 均-0.55% 组合48.3 撤-53.6%,0.72,2.53,-0.483,0.0
头部币,S_A642_0.025|any,止盈5% 止损11% 72h,2,False,1100笔 每天1.46 胜65% PF0.9700000286102295 均-0.10% 组合81.1 撤-41.6%,798笔 每天2.22 胜62% PF0.7900000214576721 均-0.79% 组合55.9 撤-47.4%,982笔 每天2.74 胜61% PF0.7599999904632568 均-0.93% 组合39.8 撤-63.6%,0.76,2.14,-0.606,0.0
头部币,S_A642_0.025|any,止盈1.5% 止损3% 12h,3,False,1710笔 每天2.26 胜64% PF0.8299999833106995 均-0.19% 组合73.2 撤-31.9%,1262笔 每天3.52 胜62% PF0.7599999904632568 均-0.28% 组合74.5 撤-26.2%,1489笔 每天4.15 胜63% PF0.7900000214576721 均-0.24% 组合71.4 撤-29.3%,0.76,3.31,-0.235,0.0
头部币,S_A642_0.025|glob,止盈2% 止损5% 24h,0,False,3967笔 每天5.25 胜71% PF0.949999988079071 均-0.08% 组合65.2 撤-45.5%,2996笔 每天8.35 胜66% PF0.7599999904632568 均-0.40% 组合45.0 撤-56.2%,4053笔 每天11.29 胜70% PF0.9100000262260437 均-0.13% 组合61.1 撤-42.5%,0.76,8.3,-0.201,0.0
头部币,S_A642_0.025|glob,止盈3% 止损8% 48h,1,False,3187笔 每天4.22 胜70% PF0.9300000071525574 均-0.15% 组合57.7 撤-56.5%,2388笔 每天6.65 胜66% PF0.7599999904632568 均-0.60% 组合35.6 撤-66.1%,3302笔 每天9.2 胜68% PF0.8700000047683716 均-0.29% 组合50.9 撤-52.0%,0.76,6.69,-0.349,0.0
头部币,S_A642_0.025|glob,止盈5% 止损11% 72h,2,False,2439笔 每天3.23 胜63% PF0.9200000166893005 均-0.27% 组合40.9 撤-71.7%,1785笔 每天4.97 胜60% PF0.7400000095367432 均-1.01% 组合22.0 撤-79.5%,2633笔 每天7.33 胜63% PF0.8700000047683716 均-0.43% 组合55.1 撤-60.6%,0.74,5.18,-0.569,0.0
头部币,S_A642_0.025|glob,止盈1.5% 止损3% 12h,3,False,4666笔 每天6.17 胜66% PF0.8799999952316284 均-0.13% 组合56.6 撤-49.6%,3529笔 每天9.83 胜63% PF0.7799999713897705 均-0.25% 组合52.4 撤-49.6%,4742笔 每天13.21 胜67% PF0.9300000071525574 均-0.07% 组合71.3 撤-31.7%,0.78,9.74,-0.149,0.0
头部币,S_A642_0.025|none,止盈2% 止损5% 24h,0,False,4268笔 每天5.65 胜70% PF0.9399999976158142 均-0.09% 组合59.7 撤-48.6%,3271笔 每天9.11 胜67% PF0.7900000214576721 均-0.34% 组合45.7 撤-55.5%,4366笔 每天12.16 胜70% PF0.9200000166893005 均-0.11% 组合63.2 撤-40.9%,0.79,8.97,-0.181,0.0
头部币,S_A642_0.025|none,止盈3% 止损8% 48h,1,False,3419笔 每天4.52 胜70% PF0.9399999976158142 均-0.13% 组合57.9 撤-58.4%,2552笔 每天7.11 胜66% PF0.7699999809265137 均-0.59% 组合32.0 撤-69.3%,3506笔 每天9.77 胜68% PF0.8700000047683716 均-0.31% 组合54.2 撤-49.2%,0.77,7.13,-0.342,0.0
头部币,S_A642_0.025|none,止盈5% 止损11% 72h,2,False,2599笔 每天3.44 胜64% PF0.9300000071525574 均-0.23% 组合38.5 撤-73.0%,1885笔 每天5.25 胜60% PF0.7400000095367432 均-0.98% 组合22.5 撤-79.1%,2764笔 每天7.7 胜62% PF0.8600000143051147 均-0.49% 组合54.4 撤-61.9%,0.74,5.46,-0.566,0.0
头部币,S_A642_0.025|none,止盈1.5% 止损3% 12h,3,False,5078笔 每天6.72 胜66% PF0.8799999952316284 均-0.12% 组合51.8 撤-53.6%,3876笔 每天10.8 胜63% PF0.800000011920929 均-0.23% 组合50.2 撤-51.4%,5130笔 每天14.29 胜67% PF0.9300000071525574 均-0.07% 组合71.4 撤-31.3%,0.8,10.6,-0.141,0.0
头部币,S_A642_0.025|own,止盈2% 止损5% 24h,0,False,705笔 每天0.93 胜69% PF0.8600000143051147 均-0.22% 组合85.2 撤-18.4%,494笔 每天1.38 胜65% PF0.7200000286102295 均-0.48% 组合82.4 撤-18.9%,574笔 每天1.6 胜67% PF0.7900000214576721 均-0.34% 组合84.5 撤-17.4%,0.72,1.3,-0.346,0.0
头部币,S_A642_0.025|own,止盈3% 止损8% 48h,1,False,646笔 每天0.85 胜72% PF1.059999942779541 均+0.12% 组合106.5 撤-21.2%,437笔 每天1.22 胜66% PF0.75 均-0.63% 组合77.0 撤-24.2%,511笔 每天1.42 胜67% PF0.7599999904632568 均-0.62% 组合73.8 撤-30.5%,0.75,1.16,-0.376,0.0
头部币,S_A642_0.025|own,止盈5% 止损11% 72h,2,False,573笔 每天0.76 胜65% PF0.9700000286102295 均-0.09% 组合89.1 撤-34.9%,400笔 每天1.11 胜62% PF0.800000011920929 均-0.71% 组合77.9 撤-26.5%,458笔 每天1.28 胜61% PF0.7400000095367432 均-1.00% 组合62.6 撤-43.7%,0.74,1.05,-0.599,0.0
头部币,S_A642_0.025|own,止盈1.5% 止损3% 12h,3,False,788笔 每天1.04 胜64% PF0.8199999928474426 均-0.19% 组合85.8 撤-18.8%,555笔 每天1.55 胜60% PF0.6800000071525574 均-0.41% 组合82.8 撤-17.8%,633笔 每天1.76 胜63% PF0.7799999713897705 均-0.26% 组合85.9 撤-16.9%,0.68,1.45,-0.285,0.0
头部币,S_A642_0.02|any,止盈2% 止损5% 24h,0,False,2571笔 每天3.4 胜69% PF0.8899999856948853 均-0.17% 组合66.2 撤-34.7%,1975笔 每天5.5 胜67% PF0.8100000023841858 均-0.31% 组合57.1 撤-44.1%,2500笔 每天6.96 胜68% PF0.8299999833106995 均-0.27% 组合59.4 撤-43.5%,0.81,5.29,-0.247,0.0
头部币,S_A642_0.02|any,止盈3% 止损8% 48h,1,False,2100笔 每天2.78 胜69% PF0.9100000262260437 均-0.20% 组合63.3 撤-41.0%,1600笔 每天4.46 胜68% PF0.8199999928474426 均-0.44% 组合50.4 撤-51.1%,2083笔 每天5.8 胜69% PF0.8799999952316284 均-0.28% 组合54.3 撤-48.4%,0.82,4.35,-0.307,0.0
头部币,S_A642_0.02|any,止盈5% 止损11% 72h,2,False,1684笔 每天2.23 胜64% PF0.9599999785423279 均-0.14% 组合66.2 撤-47.4%,1262笔 每天3.52 胜62% PF0.8199999928474426 均-0.65% 组合46.3 撤-57.9%,1683笔 每天4.69 胜63% PF0.8600000143051147 均-0.47% 组合44.0 撤-63.5%,0.82,3.48,-0.419,0.0
头部币,S_A642_0.02|any,止盈1.5% 止损3% 12h,3,False,2966笔 每天3.92 胜64% PF0.8500000238418579 均-0.16% 组合64.4 撤-38.8%,2289笔 每天6.38 胜64% PF0.800000011920929 均-0.22% 组合63.2 撤-38.0%,2856笔 每天7.96 胜63% PF0.8100000023841858 均-0.22% 组合64.9 撤-37.2%,0.8,6.09,-0.198,0.0
头部币,S_A642_0.02|glob,止盈2% 止损5% 24h,0,False,6173笔 每天8.17 胜70% PF0.9200000166893005 均-0.12% 组合51.0 撤-58.6%,4975笔 每天13.86 胜67% PF0.800000011920929 均-0.32% 组合29.1 撤-72.0%,6913笔 每天19.26 胜70% PF0.9300000071525574 均-0.10% 组合61.4 撤-44.7%,0.8,13.76,-0.18,0.0
头部币,S_A642_0.02|glob,止盈3% 止损8% 48h,1,False,4708笔 每天6.23 胜70% PF0.949999988079071 均-0.12% 组合62.9 撤-53.5%,3708笔 每天10.33 胜67% PF0.8100000023841858 均-0.44% 组合28.6 撤-72.6%,5431笔 每天15.13 胜70% PF0.9700000286102295 均-0.06% 组合81.8 撤-41.2%,0.81,10.56,-0.208,0.0
头部币,S_A642_0.02|glob,止盈5% 止损11% 72h,2,False,3418笔 每天4.52 胜63% PF0.9300000071525574 均-0.21% 组合43.5 撤-71.9%,2577笔 每天7.18 胜60% PF0.7799999713897705 均-0.82% 组合19.1 撤-82.3%,3976笔 每天11.08 胜63% PF0.9200000166893005 均-0.24% 组合74.1 撤-52.3%,0.78,7.59,-0.422,0.0
头部币,S_A642_0.02|glob,止盈1.5% 止损3% 12h,3,False,7550笔 每天9.99 胜65% PF0.8899999856948853 均-0.12% 组合41.2 撤-61.7%,6078笔 每天16.93 胜64% PF0.8100000023841858 均-0.22% 组合34.0 撤-66.4%,8330笔 每天23.2 胜66% PF0.9100000262260437 均-0.09% 组合56.3 撤-48.4%,0.81,16.71,-0.141,0.0
头部币,S_A642_0.02|none,止盈2% 止损5% 24h,0,False,6618笔 每天8.75 胜70% PF0.9200000166893005 均-0.12% 组合46.5 撤-62.4%,5324笔 每天14.83 胜68% PF0.8199999928474426 均-0.28% 组合33.1 撤-68.1%,7473笔 每天20.82 胜70% PF0.949999988079071 均-0.07% 组合69.8 撤-42.1%,0.82,14.8,-0.156,0.0
头部币,S_A642_0.02|none,止盈3% 止损8% 48h,1,False,4983笔 每天6.59 胜70% PF0.949999988079071 均-0.11% 组合54.1 撤-58.9%,3902笔 每天10.87 胜68% PF0.8299999833106995 均-0.40% 组合28.7 撤-72.4%,5731笔 每天15.96 胜69% PF0.9599999785423279 均-0.08% 组合97.1 撤-35.7%,0.83,11.14,-0.197,0.0
头部币,S_A642_0.02|none,止盈5% 止损11% 72h,2,False,3578笔 每天4.73 胜63% PF0.9399999976158142 均-0.17% 组合47.1 撤-70.9%,2677笔 每天7.46 胜60% PF0.7799999713897705 均-0.78% 组合19.3 撤-82.0%,4162笔 每天11.59 胜63% PF0.9200000166893005 均-0.25% 组合84.5 撤-50.8%,0.78,7.93,-0.399,0.0
头部币,S_A642_0.02|none,止盈1.5% 止损3% 12h,3,False,8143笔 每天10.77 胜65% PF0.8799999952316284 均-0.13% 组合35.5 撤-66.7%,6557笔 每天18.26 胜64% PF0.8199999928474426 均-0.20% 组合35.1 撤-65.3%,9062笔 每天25.24 胜66% PF0.9200000166893005 均-0.08% 组合59.2 撤-45.5%,0.82,18.09,-0.137,0.0
头部币,S_A642_0.02|own,止盈2% 止损5% 24h,0,False,1221笔 每天1.62 胜70% PF0.9300000071525574 均-0.10% 组合86.8 撤-19.1%,928笔 每天2.58 胜67% PF0.8100000023841858 均-0.30% 组合77.6 撤-23.5%,1116笔 每天3.11 胜68% PF0.8500000238418579 均-0.23% 组合77.9 撤-24.6%,0.81,2.44,-0.212,0.0
头部币,S_A642_0.02|own,止盈3% 止损8% 48h,1,False,1077笔 每天1.42 胜72% PF1.0399999618530273 均+0.07% 组合104.5 撤-20.8%,805笔 每天2.24 胜68% PF0.8299999833106995 均-0.40% 组合69.9 撤-33.7%,994笔 每天2.77 胜68% PF0.8700000047683716 均-0.30% 组合73.6 撤-35.0%,0.83,2.14,-0.208,0.0
头部币,S_A642_0.02|own,止盈5% 止损11% 72h,2,False,928笔 每天1.23 胜64% PF0.9900000095367432 均-0.04% 组合87.3 撤-35.3%,706笔 每天1.97 胜61% PF0.7900000214576721 均-0.76% 组合56.2 撤-47.3%,880笔 每天2.45 胜63% PF0.8399999737739563 均-0.55% 组合55.8 撤-46.2%,0.79,1.88,-0.45,0.0
头部币,S_A642_0.02|own,止盈1.5% 止损3% 12h,3,False,1373笔 每天1.82 胜64% PF0.8600000143051147 均-0.14% 组合82.0 撤-22.5%,1037笔 每天2.89 胜63% PF0.7699999809265137 均-0.26% 组合79.0 撤-21.6%,1243笔 每天3.46 胜64% PF0.8299999833106995 均-0.19% 组合82.8 撤-20.0%,0.77,2.72,-0.2,0.0
头部币,S_A642_0.035|any,止盈2% 止损5% 24h,0,False,556笔 每天0.74 胜72% PF0.9900000095367432 均-0.01% 组合99.3 撤-10.8%,435笔 每天1.21 胜63% PF0.6700000166893005 均-0.61% 组合79.0 撤-21.5%,454笔 每天1.26 胜70% PF0.8700000047683716 均-0.21% 组合91.8 撤-17.3%,0.67,1.07,-0.274,0.0
头部币,S_A642_0.035|any,止盈3% 止损8% 48h,1,False,503笔 每天0.67 胜72% PF0.9900000095367432 均-0.02% 组合100.4 撤-16.1%,384笔 每天1.07 胜64% PF0.6700000166893005 均-0.91% 组合70.6 撤-30.0%,415笔 每天1.16 胜66% PF0.7300000190734863 均-0.73% 组合74.1 撤-26.9%,0.67,0.97,-0.551,0.0
头部币,S_A642_0.035|any,止盈5% 止损11% 72h,2,False,457笔 每天0.6 胜69% PF1.090000033378601 均+0.26% 组合106.9 撤-21.9%,337笔 每天0.94 胜58% PF0.6800000071525574 均-1.29% 组合64.3 撤-37.9%,363笔 每天1.01 胜60% PF0.6700000166893005 均-1.38% 组合61.0 撤-41.0%,0.67,0.85,-0.804,0.0
头部币,S_A642_0.035|any,止盈1.5% 止损3% 12h,3,False,616笔 每天0.81 胜65% PF0.8500000238418579 均-0.16% 组合90.9 撤-14.4%,485笔 每天1.35 胜60% PF0.6800000071525574 均-0.41% 组合85.1 撤-17.9%,488笔 每天1.36 胜66% PF0.8899999856948853 均-0.12% 组合94.4 撤-11.5%,0.68,1.17,-0.227,0.0
头部币,S_A642_0.035|glob,止盈2% 止损5% 24h,0,False,1752笔 每天2.32 胜73% PF1.0399999618530273 均+0.05% 组合98.7 撤-26.2%,1231笔 每天3.43 胜66% PF0.7300000190734863 均-0.48% 组合60.3 撤-41.1%,1482笔 每天4.13 胜70% PF0.9100000262260437 均-0.13% 组合93.2 撤-19.4%,0.73,3.29,-0.186,0.0
头部币,S_A642_0.035|glob,止盈3% 止损8% 48h,1,False,1480笔 每天1.96 胜73% PF1.0299999713897705 均+0.06% 组合93.0 撤-40.7%,1016笔 每天2.83 胜67% PF0.75 均-0.66% 组合55.9 撤-45.7%,1285笔 每天3.58 胜69% PF0.8500000238418579 均-0.36% 组合88.5 撤-25.7%,0.75,2.79,-0.317,0.0
头部币,S_A642_0.035|glob,止盈5% 止损11% 72h,2,False,1241笔 每天1.64 胜67% PF0.9900000095367432 均-0.04% 组合72.4 撤-47.6%,845笔 每天2.35 胜59% PF0.699999988079071 均-1.20% 组合37.5 撤-64.6%,1074笔 每天2.99 胜63% PF0.800000011920929 均-0.72% 组合67.5 撤-37.2%,0.7,2.33,-0.652,0.0
头部币,S_A642_0.035|glob,止盈1.5% 止损3% 12h,3,False,1975笔 每天2.61 胜67% PF0.9300000071525574 均-0.07% 组合84.1 撤-28.8%,1429笔 每天3.98 胜62% PF0.7400000095367432 均-0.31% 组合69.7 撤-32.3%,1691笔 每天4.71 胜66% PF0.9100000262260437 均-0.09% 组合86.1 撤-18.0%,0.74,3.77,-0.159,0.0
头部币,S_A642_0.035|none,止盈2% 止损5% 24h,0,False,1890笔 每天2.5 胜73% PF1.0499999523162842 均+0.06% 组合101.3 撤-28.4%,1347笔 每天3.75 胜65% PF0.699999988079071 均-0.52% 组合55.1 撤-46.4%,1586笔 每天4.42 胜70% PF0.9200000166893005 均-0.13% 组合92.0 撤-20.8%,0.7,3.56,-0.196,0.0
头部币,S_A642_0.035|none,止盈3% 止损8% 48h,1,False,1589笔 每天2.1 胜73% PF1.0299999713897705 均+0.06% 组合94.3 撤-39.3%,1105笔 每天3.08 胜66% PF0.7300000190734863 均-0.70% 组合50.2 撤-51.6%,1366笔 每天3.81 胜69% PF0.8600000143051147 均-0.33% 组合90.2 撤-24.7%,0.73,3.0,-0.323,0.0
头部币,S_A642_0.035|none,止盈5% 止损11% 72h,2,False,1318笔 每天1.74 胜66% PF0.9700000286102295 均-0.08% 组合66.2 撤-49.0%,915笔 每天2.55 胜60% PF0.7099999785423279 均-1.17% 组合35.6 撤-66.8%,1128笔 每天3.14 胜63% PF0.8100000023841858 均-0.69% 组合70.5 撤-36.5%,0.71,2.48,-0.648,0.0
头部币,S_A642_0.035|none,止盈1.5% 止损3% 12h,3,False,2142笔 每天2.83 胜67% PF0.9300000071525574 均-0.07% 组合81.1 撤-30.7%,1579笔 每天4.4 胜61% PF0.7300000190734863 均-0.33% 组合65.1 撤-36.6%,1821笔 每天5.07 胜66% PF0.8899999856948853 均-0.12% 组合84.3 撤-17.7%,0.73,4.1,-0.173,0.0
头部币,S_A642_0.035|own,止盈2% 止损5% 24h,0,False,245笔 每天0.32 胜77% PF1.2899999618530273 均+0.34% 组合107.6 撤-6.7%,207笔 每天0.58 胜60% PF0.5699999928474426 均-0.89% 组合86.1 撤-15.4%,189笔 每天0.53 胜69% PF0.8299999833106995 均-0.28% 组合95.3 撤-9.0%,0.57,0.48,-0.277,0.0
头部币,S_A642_0.035|own,止盈3% 止损8% 48h,1,False,227笔 每天0.3 胜74% PF1.059999942779541 均+0.12% 组合102.8 撤-10.5%,188笔 每天0.52 胜62% PF0.6100000143051147 均-1.16% 组合81.7 撤-19.6%,177笔 每天0.49 胜68% PF0.8199999928474426 均-0.44% 组合92.5 撤-12.2%,0.61,0.44,-0.497,0.0
头部币,S_A642_0.035|own,止盈5% 止损11% 72h,2,False,212笔 每天0.28 胜72% PF1.2300000190734863 均+0.64% 组合112.2 撤-13.5%,170笔 每天0.47 胜57% PF0.6499999761581421 均-1.46% 组合79.6 撤-24.4%,162笔 每天0.45 胜62% PF0.7200000286102295 均-1.11% 组合84.7 撤-20.3%,0.65,0.4,-0.645,0.0
头部币,S_A642_0.035|own,止盈1.5% 止损3% 12h,3,False,275笔 每天0.36 胜69% PF0.9900000095367432 均-0.01% 组合99.3 撤-7.9%,229笔 每天0.64 胜54% PF0.5400000214576721 均-0.66% 组合88.9 撤-11.9%,204笔 每天0.57 胜66% PF0.8899999856948853 均-0.12% 组合97.5 撤-6.6%,0.54,0.52,-0.262,0.0
头部币,S_A642_0.03|any,止盈2% 止损5% 24h,0,False,877笔 每天1.16 胜70% PF0.8999999761581421 均-0.15% 组合89.1 撤-21.4%,639笔 每天1.78 胜64% PF0.6800000071525574 均-0.56% 组合71.8 撤-28.4%,766笔 每天2.13 胜68% PF0.8299999833106995 均-0.27% 组合79.7 撤-21.4%,0.68,1.69,-0.329,0.0
头部币,S_A642_0.03|any,止盈3% 止损8% 48h,1,False,778笔 每天1.03 胜71% PF0.9599999785423279 均-0.10% 组合93.3 撤-23.4%,553笔 每天1.54 胜62% PF0.6200000047683716 均-1.10% 组合55.3 撤-45.8%,684笔 每天1.91 胜65% PF0.699999988079071 均-0.82% 组合55.7 撤-45.0%,0.62,1.49,-0.671,0.0
头部币,S_A642_0.03|any,止盈5% 止损11% 72h,2,False,685笔 每天0.91 胜67% PF0.9900000095367432 均-0.05% 组合91.5 撤-29.5%,485笔 每天1.35 胜57% PF0.6600000262260437 均-1.42% 组合49.8 撤-51.4%,592笔 每天1.65 胜60% PF0.7200000286102295 均-1.13% 组合47.8 撤-54.6%,0.66,1.3,-0.864,0.0
头部币,S_A642_0.03|any,止盈1.5% 止损3% 12h,3,False,978笔 每天1.29 胜65% PF0.8399999737739563 均-0.17% 组合85.1 撤-20.6%,721笔 每天2.01 胜60% PF0.6700000166893005 均-0.41% 组合77.6 撤-22.5%,845笔 每天2.35 胜66% PF0.8700000047683716 均-0.14% 组合88.1 撤-16.1%,0.67,1.88,-0.24,0.0
头部币,S_A642_0.03|glob,止盈2% 止损5% 24h,0,False,2556笔 每天3.38 胜72% PF0.9700000286102295 均-0.04% 组合82.2 撤-39.3%,1850笔 每天5.15 胜65% PF0.7099999785423279 均-0.52% 组合46.6 撤-54.6%,2412笔 每天6.72 胜70% PF0.9200000166893005 均-0.12% 组合78.0 撤-24.1%,0.71,5.08,-0.225,0.0
头部币,S_A642_0.03|glob,止盈3% 止损8% 48h,1,False,2136笔 每天2.83 胜71% PF0.9300000071525574 均-0.15% 组合58.0 撤-53.2%,1527笔 每天4.25 胜66% PF0.7300000190734863 均-0.70% 组合43.8 撤-58.2%,2026笔 每天5.64 胜68% PF0.8199999928474426 均-0.43% 组合57.1 撤-43.9%,0.73,4.24,-0.426,0.0
头部币,S_A642_0.03|glob,止盈5% 止损11% 72h,2,False,1704笔 每天2.25 胜64% PF0.9100000262260437 均-0.29% 组合42.5 撤-65.7%,1221笔 每天3.4 胜59% PF0.7099999785423279 均-1.16% 组合26.2 撤-75.6%,1688笔 每天4.7 胜64% PF0.8600000143051147 均-0.49% 组合59.7 撤-45.5%,0.71,3.45,-0.648,0.0
头部币,S_A642_0.03|glob,止盈1.5% 止损3% 12h,3,False,2939笔 每天3.89 胜66% PF0.8999999761581421 均-0.11% 组合71.4 撤-37.8%,2177笔 每天6.06 胜62% PF0.7300000190734863 均-0.32% 组合59.9 撤-41.7%,2792笔 每天7.78 胜67% PF0.9399999976158142 均-0.06% 组合85.7 撤-18.2%,0.73,5.91,-0.162,0.0
头部币,S_A642_0.03|none,止盈2% 止损5% 24h,0,False,2775笔 每天3.67 胜72% PF0.9700000286102295 均-0.04% 组合81.3 撤-41.8%,2037笔 每天5.67 胜66% PF0.7300000190734863 均-0.48% 组合45.5 撤-55.9%,2592笔 每天7.22 胜71% PF0.9399999976158142 均-0.09% 组合76.1 撤-25.4%,0.73,5.52,-0.203,0.0
头部币,S_A642_0.03|none,止盈3% 止损8% 48h,1,False,2309笔 每天3.05 胜71% PF0.9399999976158142 均-0.13% 组合65.6 撤-50.7%,1654笔 每天4.61 胜66% PF0.7300000190734863 均-0.71% 组合39.3 撤-62.7%,2166笔 每天6.03 胜68% PF0.8299999833106995 均-0.40% 组合61.7 撤-40.0%,0.73,4.56,-0.412,0.0
头部币,S_A642_0.03|none,止盈5% 止损11% 72h,2,False,1825笔 每天2.41 胜64% PF0.9100000262260437 均-0.31% 组合41.4 撤-67.7%,1312笔 每天3.65 胜59% PF0.7099999785423279 均-1.17% 组合24.9 撤-76.8%,1785笔 每天4.97 胜64% PF0.8600000143051147 均-0.48% 组合60.8 撤-47.0%,0.71,3.68,-0.653,0.0
头部币,S_A642_0.03|none,止盈1.5% 止损3% 12h,3,False,3219笔 每天4.26 胜66% PF0.8999999761581421 均-0.10% 组合70.2 撤-39.8%,2410笔 每天6.71 胜62% PF0.75 均-0.30% 组合56.5 撤-44.9%,3005笔 每天8.37 胜67% PF0.9200000166893005 均-0.08% 组合76.2 撤-26.4%,0.75,6.45,-0.16,0.0
头部币,S_A642_0.03|own,止盈2% 止损5% 24h,0,False,408笔 每天0.54 胜72% PF0.9900000095367432 均-0.01% 组合99.8 撤-11.7%,301笔 每天0.84 胜62% PF0.6499999761581421 均-0.64% 组合84.4 撤-17.3%,315笔 每天0.88 胜66% PF0.75 均-0.43% 组合88.0 撤-14.3%,0.65,0.75,-0.362,0.0
头部币,S_A642_0.03|own,止盈3% 止损8% 48h,1,False,376笔 每天0.5 胜73% PF1.0499999523162842 均+0.11% 组合102.8 撤-14.7%,263笔 每天0.73 胜62% PF0.6399999856948853 均-1.00% 组合76.3 撤-24.7%,287笔 每天0.8 胜64% PF0.6600000262260437 均-0.94% 组合78.4 撤-24.0%,0.64,0.68,-0.612,0.0
头部币,S_A642_0.03|own,止盈5% 止损11% 72h,2,False,346笔 每天0.46 胜68% PF1.0499999523162842 均+0.15% 组合100.7 撤-22.7%,244笔 每天0.68 胜61% PF0.7599999904632568 均-0.90% 组合79.6 撤-24.5%,264笔 每天0.74 胜60% PF0.699999988079071 均-1.21% 组合75.4 撤-30.7%,0.7,0.63,-0.654,0.0
头部币,S_A642_0.03|own,止盈1.5% 止损3% 12h,3,False,455笔 每天0.6 胜66% PF0.8999999761581421 均-0.11% 组合94.9 撤-9.9%,340笔 每天0.95 胜58% PF0.6299999952316284 均-0.48% 组合88.0 撤-12.6%,351笔 每天0.98 胜62% PF0.7599999904632568 均-0.28% 组合91.2 撤-10.3%,0.63,0.84,-0.292,0.0
头部币,S_A642_0.04|any,止盈2% 止损5% 24h,0,False,361笔 每天0.48 胜76% PF1.25 均+0.29% 组合112.7 撤-6.1%,297笔 每天0.83 胜65% PF0.6899999976158142 均-0.55% 组合85.9 撤-17.8%,267笔 每天0.74 胜67% PF0.7599999904632568 均-0.40% 组合89.9 撤-15.1%,0.69,0.68,-0.221,0.0
头部币,S_A642_0.04|any,止盈3% 止损8% 48h,1,False,331笔 每天0.44 胜74% PF1.0499999523162842 均+0.11% 组合106.8 撤-9.4%,261笔 每天0.73 胜65% PF0.7099999785423279 均-0.79% 组合81.0 撤-23.2%,249笔 每天0.69 胜65% PF0.6700000166893005 均-0.93% 组合79.5 撤-22.6%,0.67,0.62,-0.536,0.0
头部币,S_A642_0.04|any,止盈5% 止损11% 72h,2,False,301笔 每天0.4 胜68% PF1.0299999713897705 均+0.08% 组合102.4 撤-12.7%,238笔 每天0.66 胜61% PF0.7300000190734863 均-1.07% 组合76.8 撤-26.9%,227笔 每天0.63 胜58% PF0.6200000047683716 均-1.72% 组合68.3 撤-35.0%,0.62,0.56,-0.899,0.0
头部币,S_A642_0.04|any,止盈1.5% 止损3% 12h,3,False,408笔 每天0.54 胜68% PF0.9800000190734863 均-0.03% 组合100.8 撤-6.3%,328笔 每天0.91 胜58% PF0.6399999856948853 均-0.47% 组合87.9 撤-13.9%,283笔 每天0.79 胜63% PF0.7699999809265137 均-0.27% 组合92.5 撤-8.7%,0.64,0.75,-0.255,0.0
头部币,S_A642_0.04|glob,止盈2% 止损5% 24h,0,False,1203笔 每天1.59 胜76% PF1.1799999475479126 均+0.23% 组合124.2 撤-15.4%,863笔 每天2.4 胜66% PF0.7300000190734863 均-0.46% 组合70.4 撤-30.5%,968笔 每天2.7 胜68% PF0.8100000023841858 均-0.31% 组合84.5 撤-21.0%,0.73,2.23,-0.181,0.0
头部币,S_A642_0.04|glob,止盈3% 止损8% 48h,1,False,1035笔 每天1.37 胜75% PF1.1299999952316284 均+0.26% 组合123.2 撤-25.6%,710笔 每天1.98 胜66% PF0.75 均-0.65% 组合63.1 撤-37.8%,842笔 每天2.35 胜67% PF0.7699999809265137 均-0.60% 组合80.9 撤-26.1%,0.75,1.9,-0.329,0.0
头部币,S_A642_0.04|glob,止盈5% 止损11% 72h,2,False,893笔 每天1.18 胜69% PF1.0800000429153442 均+0.26% 组合101.9 撤-37.7%,618笔 每天1.72 胜63% PF0.800000011920929 均-0.74% 组合54.4 撤-47.2%,720笔 每天2.01 胜61% PF0.7200000286102295 均-1.13% 组合60.9 撤-42.1%,0.72,1.64,-0.538,0.0
头部币,S_A642_0.04|glob,止盈1.5% 止损3% 12h,3,False,1338笔 每天1.77 胜69% PF1.0099999904632568 均+0.01% 组合100.5 撤-19.8%,990笔 每天2.76 胜62% PF0.75 均-0.29% 组合79.9 撤-22.0%,1104笔 每天3.08 胜65% PF0.8399999737739563 均-0.17% 组合84.7 撤-17.7%,0.75,2.54,-0.152,0.0
头部币,S_A642_0.04|none,止盈2% 止损5% 24h,0,False,1301笔 每天1.72 胜75% PF1.159999966621399 均+0.20% 组合121.7 撤-17.3%,937笔 每天2.61 胜66% PF0.7200000286102295 均-0.48% 组合66.8 撤-34.2%,1043笔 每天2.91 胜68% PF0.8199999928474426 均-0.29% 组合84.4 撤-22.6%,0.72,2.41,-0.189,0.0
头部币,S_A642_0.04|none,止盈3% 止损8% 48h,1,False,1112笔 每天1.47 胜75% PF1.1100000143051147 均+0.22% 组合116.5 撤-27.6%,762笔 每天2.12 胜66% PF0.75 均-0.63% 组合62.6 撤-38.5%,901笔 每天2.51 胜68% PF0.7799999713897705 均-0.57% 组合79.0 撤-25.9%,0.75,2.03,-0.326,0.0
头部币,S_A642_0.04|none,止盈5% 止损11% 72h,2,False,951笔 每天1.26 胜69% PF1.0800000429153442 均+0.24% 组合101.9 撤-36.7%,659笔 每天1.84 胜63% PF0.800000011920929 均-0.76% 组合54.1 撤-47.7%,769笔 每天2.14 胜60% PF0.7200000286102295 均-1.11% 组合59.8 撤-43.8%,0.72,1.75,-0.543,0.0
头部币,S_A642_0.04|none,止盈1.5% 止损3% 12h,3,False,1453笔 每天1.92 胜69% PF1.0 均+0.00% 组合97.2 撤-20.5%,1089笔 每天3.03 胜62% PF0.7400000095367432 均-0.31% 组合76.5 撤-24.8%,1196笔 每天3.33 胜65% PF0.8399999737739563 均-0.18% 组合84.2 撤-18.2%,0.74,2.76,-0.163,0.0
头部币,S_A642_0.04|own,止盈2% 止损5% 24h,0,False,158笔 每天0.21 胜75% PF1.1699999570846558 均+0.21% 组合103.1 撤-6.4%,140笔 每天0.39 胜62% PF0.6100000143051147 均-0.75% 组合91.4 撤-10.8%,121笔 每天0.34 胜65% PF0.699999988079071 均-0.53% 组合93.4 撤-8.5%,0.61,0.31,-0.357,0.0
头部币,S_A642_0.04|own,止盈3% 止损8% 48h,1,False,145笔 每天0.19 胜73% PF1.0 均-0.01% 组合99.6 撤-9.7%,124笔 每天0.35 胜63% PF0.6200000047683716 均-1.12% 组合87.0 撤-15.7%,114笔 每天0.32 胜66% PF0.699999988079071 均-0.83% 组合92.0 撤-10.4%,0.62,0.29,-0.652,0.0
头部币,S_A642_0.04|own,止盈5% 止损11% 72h,2,False,137笔 每天0.18 胜67% PF1.0099999904632568 均+0.02% 组合99.5 撤-14.4%,118笔 每天0.33 胜58% PF0.6800000071525574 均-1.33% 组合86.0 撤-17.3%,102笔 每天0.28 胜57% PF0.5799999833106995 均-1.97% 组合83.7 撤-18.7%,0.58,0.26,-1.093,0.0
头部币,S_A642_0.04|own,止盈1.5% 止损3% 12h,3,False,182笔 每天0.24 胜66% PF0.8999999761581421 均-0.11% 组合98.4 撤-7.4%,153笔 每天0.43 胜52% PF0.5 均-0.76% 组合90.8 撤-10.1%,128笔 每天0.36 胜63% PF0.7799999713897705 均-0.25% 组合96.7 撤-4.2%,0.5,0.34,-0.371,0.0
头部币,S_B143_0.0125|any,止盈2% 止损5% 24h,0,False,301笔 每天0.4 胜68% PF0.8199999928474426 均-0.30% 组合91.4 撤-13.6%,254笔 每天0.71 胜67% PF0.7900000214576721 均-0.34% 组合90.9 撤-10.0%,323笔 每天0.9 胜69% PF0.8500000238418579 均-0.23% 组合91.9 撤-10.0%,0.79,0.67,-0.291,0.0
头部币,S_B143_0.0125|any,止盈3% 止损8% 48h,1,False,279笔 每天0.37 胜70% PF0.8700000047683716 均-0.31% 组合92.6 撤-14.2%,241笔 每天0.67 胜68% PF0.7900000214576721 均-0.52% 组合86.3 撤-16.7%,305笔 每天0.85 胜71% PF0.9100000262260437 均-0.20% 组合92.7 撤-10.6%,0.79,0.63,-0.345,0.0
头部币,S_B143_0.0125|any,止盈5% 止损11% 72h,2,False,259笔 每天0.34 胜65% PF0.8799999952316284 均-0.42% 组合87.6 撤-17.5%,225笔 每天0.63 胜63% PF0.8199999928474426 均-0.68% 组合84.7 撤-20.2%,284笔 每天0.79 胜61% PF0.7799999713897705 均-0.83% 组合79.2 撤-24.7%,0.78,0.59,-0.644,0.0
头部币,S_B143_0.0125|any,止盈1.5% 止损3% 12h,3,False,322笔 每天0.43 胜62% PF0.7599999904632568 均-0.28% 组合92.0 撤-11.5%,281笔 每天0.78 胜60% PF0.6800000071525574 均-0.40% 组合91.3 撤-9.7%,347笔 每天0.97 胜67% PF0.9200000166893005 均-0.09% 组合96.4 撤-6.3%,0.68,0.73,-0.255,0.0
头部币,S_B143_0.0125|glob,止盈2% 止损5% 24h,0,False,950笔 每天1.26 胜70% PF0.8899999856948853 均-0.16% 组合86.3 撤-20.9%,825笔 每天2.3 胜67% PF0.7599999904632568 均-0.40% 组合73.3 撤-28.1%,1101笔 每天3.07 胜72% PF0.9900000095367432 均-0.02% 组合95.9 撤-14.0%,0.76,2.21,-0.192,0.0
头部币,S_B143_0.0125|glob,止盈3% 止损8% 48h,1,False,863笔 每天1.14 胜71% PF0.9100000262260437 均-0.20% 组合82.2 撤-25.3%,753笔 每天2.1 胜67% PF0.7900000214576721 均-0.51% 组合65.4 撤-36.4%,1001笔 每天2.79 胜71% PF0.9300000071525574 均-0.16% 组合80.0 撤-30.5%,0.79,2.01,-0.292,0.0
头部币,S_B143_0.0125|glob,止盈5% 止损11% 72h,2,False,767笔 每天1.01 胜66% PF0.9800000190734863 均-0.08% 组合86.9 撤-29.3%,659笔 每天1.84 胜62% PF0.7699999809265137 均-0.89% 组合48.3 撤-52.8%,900笔 每天2.51 胜67% PF1.0299999713897705 均+0.10% 组合94.5 撤-33.1%,0.77,1.79,-0.289,0.0
头部币,S_B143_0.0125|glob,止盈1.5% 止损3% 12h,3,False,1039笔 每天1.37 胜65% PF0.8500000238418579 均-0.17% 组合84.1 撤-22.5%,939笔 每天2.62 胜66% PF0.8799999952316284 均-0.13% 组合90.4 撤-12.0%,1221笔 每天3.4 胜67% PF0.949999988079071 均-0.05% 组合90.6 撤-16.1%,0.85,2.46,-0.116,0.0
头部币,S_B143_0.0125|none,止盈2% 止损5% 24h,0,False,1075笔 每天1.42 胜70% PF0.8999999761581421 均-0.15% 组合85.1 撤-21.0%,946笔 每天2.64 胜67% PF0.7900000214576721 均-0.35% 组合72.0 撤-29.6%,1233笔 每天3.43 胜72% PF0.9800000190734863 均-0.03% 组合94.1 撤-13.3%,0.79,2.5,-0.176,0.0
头部币,S_B143_0.0125|none,止盈3% 止损8% 48h,1,False,972笔 每天1.29 胜71% PF0.9300000071525574 均-0.16% 组合84.3 撤-24.8%,844笔 每天2.35 胜67% PF0.7799999713897705 均-0.54% 组合58.3 撤-43.6%,1110笔 每天3.09 胜71% PF0.9300000071525574 均-0.15% 组合76.6 撤-30.9%,0.78,2.24,-0.285,0.0
头部币,S_B143_0.0125|none,止盈5% 止损11% 72h,2,False,850笔 每天1.12 胜66% PF0.949999988079071 均-0.17% 组合78.9 撤-32.4%,736笔 每天2.05 胜63% PF0.800000011920929 均-0.75% 组合47.8 撤-53.7%,985笔 每天2.74 胜67% PF1.0099999904632568 均+0.03% 组合93.5 撤-34.0%,0.8,1.97,-0.297,0.0
头部币,S_B143_0.0125|none,止盈1.5% 止损3% 12h,3,False,1186笔 每天1.57 胜65% PF0.8399999737739563 均-0.18% 组合80.4 撤-25.3%,1086笔 每天3.03 胜66% PF0.8899999856948853 均-0.12% 组合89.3 撤-13.3%,1377笔 每天3.84 胜67% PF0.949999988079071 均-0.05% 组合88.7 撤-17.5%,0.84,2.81,-0.118,0.0
头部币,S_B143_0.015|any,止盈2% 止损5% 24h,0,False,158笔 每天0.21 胜67% PF0.7799999713897705 均-0.37% 组合94.0 撤-8.4%,141笔 每天0.39 胜62% PF0.6100000143051147 均-0.76% 组合90.4 撤-9.9%,175笔 每天0.49 胜62% PF0.6299999952316284 均-0.71% 组合89.0 撤-11.6%,0.61,0.36,-0.613,0.0
头部币,S_B143_0.015|any,止盈3% 止损8% 48h,1,False,151笔 每天0.2 胜70% PF0.8299999833106995 均-0.42% 组合93.5 撤-9.9%,134笔 每天0.37 胜69% PF0.8100000023841858 均-0.47% 组合91.9 撤-9.6%,169笔 每天0.47 胜67% PF0.7799999713897705 均-0.54% 组合91.0 撤-10.9%,0.78,0.35,-0.478,0.0
头部币,S_B143_0.015|any,止盈5% 止损11% 72h,2,False,141笔 每天0.19 胜63% PF0.8100000023841858 均-0.73% 组合89.5 撤-15.1%,128笔 每天0.36 胜62% PF0.7799999713897705 均-0.82% 组合87.9 撤-16.2%,158笔 每天0.44 胜61% PF0.8199999928474426 均-0.66% 组合91.2 撤-11.9%,0.78,0.33,-0.738,0.0
头部币,S_B143_0.015|any,止盈1.5% 止损3% 12h,3,False,168笔 每天0.22 胜61% PF0.7300000190734863 均-0.32% 组合94.8 撤-6.3%,158笔 每天0.44 胜58% PF0.6299999952316284 均-0.48% 组合93.2 撤-7.1%,189笔 每天0.53 胜62% PF0.75 均-0.29% 组合94.7 撤-6.0%,0.63,0.4,-0.368,0.0
头部币,S_B143_0.015|glob,止盈2% 止损5% 24h,0,False,535笔 每天0.71 胜71% PF0.9599999785423279 均-0.06% 组合96.6 撤-11.4%,485笔 每天1.35 胜68% PF0.8100000023841858 均-0.30% 组合88.9 撤-12.6%,611笔 每天1.7 胜69% PF0.8600000143051147 均-0.21% 组合88.3 撤-17.9%,0.81,1.25,-0.192,0.0
头部币,S_B143_0.015|glob,止盈3% 止损8% 48h,1,False,498笔 每天0.66 胜73% PF1.0499999523162842 均+0.10% 组合103.8 撤-13.6%,449笔 每天1.25 胜70% PF0.8999999761581421 均-0.22% 组合86.0 撤-16.0%,559笔 每天1.56 胜68% PF0.8299999833106995 均-0.40% 组合79.7 撤-27.2%,0.83,1.16,-0.175,0.0
头部币,S_B143_0.015|glob,止盈5% 止损11% 72h,2,False,453笔 每天0.6 胜68% PF1.0499999523162842 均+0.14% 组合104.4 撤-16.0%,403笔 每天1.12 胜68% PF1.0 均+0.00% 组合87.7 撤-26.7%,511笔 每天1.42 胜67% PF1.0 均-0.01% 组合96.3 撤-24.0%,1.0,1.05,0.045,0.0
头部币,S_B143_0.015|glob,止盈1.5% 止损3% 12h,3,False,583笔 每天0.77 胜67% PF0.9399999976158142 均-0.06% 组合96.2 撤-8.4%,548笔 每天1.53 胜63% PF0.7699999809265137 均-0.27% 组合87.8 撤-12.8%,684笔 每天1.91 胜66% PF0.8799999952316284 均-0.13% 组合91.0 撤-13.3%,0.77,1.4,-0.156,0.0
头部币,S_B143_0.015|none,止盈2% 止损5% 24h,0,False,604笔 每天0.8 胜71% PF0.949999988079071 均-0.07% 组合95.8 撤-11.8%,552笔 每天1.54 胜69% PF0.8299999833106995 均-0.26% 组合87.7 撤-13.9%,673笔 每天1.87 胜69% PF0.8700000047683716 均-0.21% 组合89.2 撤-18.0%,0.83,1.4,-0.18,0.0
头部币,S_B143_0.015|none,止盈3% 止损8% 48h,1,False,555笔 每天0.73 胜73% PF1.0299999713897705 均+0.07% 组合102.4 撤-15.1%,502笔 每天1.4 胜71% PF0.9200000166893005 均-0.17% 组合86.7 撤-17.0%,611笔 每天1.7 胜68% PF0.8199999928474426 均-0.44% 组合79.9 撤-27.5%,0.82,1.28,-0.181,0.0
头部币,S_B143_0.015|none,止盈5% 止损11% 72h,2,False,498笔 每天0.66 胜67% PF0.9900000095367432 均-0.02% 组合94.0 撤-23.5%,447笔 每天1.25 胜68% PF1.0199999809265137 均+0.07% 组合89.7 撤-27.8%,558笔 每天1.55 胜66% PF0.9399999976158142 均-0.21% 组合86.0 撤-31.6%,0.94,1.15,-0.053,0.0
头部币,S_B143_0.015|none,止盈1.5% 止损3% 12h,3,False,661笔 每天0.87 胜66% PF0.8999999761581421 均-0.11% 组合92.8 撤-10.0%,627笔 每天1.75 胜64% PF0.800000011920929 均-0.22% 组合88.3 撤-12.4%,762笔 每天2.12 胜65% PF0.8600000143051147 均-0.15% 组合90.3 撤-14.3%,0.8,1.58,-0.161,0.0
头部币,S_B143_0.0175|any,止盈2% 止损5% 24h,0,False,83笔 每天0.11 胜66% PF0.7400000095367432 均-0.46% 组合96.2 撤-4.8%,91笔 每天0.25 胜69% PF0.8399999737739563 均-0.25% 组合97.3 撤-3.0%,94笔 每天0.26 胜65% PF0.6899999976158142 均-0.56% 组合94.8 撤-6.3%,0.69,0.21,-0.421,0.0
头部币,S_B143_0.0175|any,止盈3% 止损8% 48h,1,False,77笔 每天0.1 胜62% PF0.5899999737739563 均-1.24% 组合91.4 撤-9.5%,86笔 每天0.24 胜76% PF1.1299999952316284 均+0.25% 组合100.8 撤-5.2%,92笔 每天0.26 胜68% PF0.7799999713897705 均-0.56% 组合94.8 撤-6.3%,0.59,0.2,-0.521,0.0
头部币,S_B143_0.0175|any,止盈5% 止损11% 72h,2,False,75笔 每天0.1 胜60% PF0.7200000286102295 均-1.17% 组合92.4 撤-8.4%,85笔 每天0.24 胜60% PF0.7699999809265137 均-0.90% 组合90.5 撤-13.4%,84笔 每天0.23 胜57% PF0.6000000238418579 均-1.78% 组合85.8 撤-15.5%,0.6,0.19,-1.286,0.0
头部币,S_B143_0.0175|any,止盈1.5% 止损3% 12h,3,False,91笔 每天0.12 胜65% PF0.8399999737739563 均-0.18% 组合98.3 撤-3.2%,100笔 每天0.28 胜62% PF0.7400000095367432 均-0.31% 组合96.7 撤-3.7%,100笔 每天0.28 胜64% PF0.8100000023841858 均-0.22% 组合97.8 撤-2.8%,0.74,0.23,-0.237,0.0
头部币,S_B143_0.0175|glob,止盈2% 止损5% 24h,0,False,302笔 每天0.4 胜69% PF0.8399999737739563 均-0.26% 组合92.0 撤-13.5%,291笔 每天0.81 胜68% PF0.8199999928474426 均-0.30% 组合91.0 撤-10.2%,360笔 每天1.0 胜71% PF0.9399999976158142 均-0.09% 组合97.5 撤-8.9%,0.82,0.74,-0.214,0.0
头部币,S_B143_0.0175|glob,止盈3% 止损8% 48h,1,False,282笔 每天0.37 胜70% PF0.8399999737739563 均-0.39% 组合90.5 撤-18.1%,273笔 每天0.76 胜72% PF0.9399999976158142 均-0.13% 组合92.7 撤-11.4%,342笔 每天0.95 胜70% PF0.8600000143051147 均-0.34% 组合91.1 撤-13.6%,0.84,0.69,-0.287,0.0
头部币,S_B143_0.0175|glob,止盈5% 止损11% 72h,2,False,262笔 每天0.35 胜70% PF1.0399999618530273 均+0.13% 组合104.9 撤-13.3%,252笔 每天0.7 胜66% PF0.9100000262260437 均-0.32% 组合87.4 撤-23.9%,314笔 每天0.87 胜65% PF0.8399999737739563 均-0.58% 组合79.9 撤-23.8%,0.84,0.64,-0.255,0.0
头部币,S_B143_0.0175|glob,止盈1.5% 止损3% 12h,3,False,333笔 每天0.44 胜67% PF0.9100000262260437 均-0.10% 组合96.4 撤-7.8%,321笔 每天0.89 胜68% PF0.9599999785423279 均-0.04% 组合98.2 撤-4.4%,407笔 每天1.13 胜66% PF0.8799999952316284 均-0.13% 组合94.4 撤-8.7%,0.88,0.82,-0.091,0.0
头部币,S_B143_0.0175|none,止盈2% 止损5% 24h,0,False,336笔 每天0.44 胜68% PF0.7900000214576721 均-0.35% 组合88.4 撤-14.7%,335笔 每天0.93 胜69% PF0.8600000143051147 均-0.21% 组合92.0 撤-9.2%,392笔 每天1.09 胜71% PF0.9200000166893005 均-0.12% 组合96.0 撤-11.6%,0.79,0.82,-0.227,0.0
头部币,S_B143_0.0175|none,止盈3% 止损8% 48h,1,False,309笔 每天0.41 胜68% PF0.7900000214576721 均-0.53% 组合84.9 撤-21.2%,306笔 每天0.85 胜72% PF0.9399999976158142 均-0.13% 组合91.3 撤-12.1%,370笔 每天1.03 胜70% PF0.8500000238418579 均-0.35% 组合89.3 撤-15.8%,0.79,0.76,-0.336,0.0
头部币,S_B143_0.0175|none,止盈5% 止损11% 72h,2,False,286笔 每天0.38 胜69% PF1.0099999904632568 均+0.03% 组合100.5 撤-16.4%,282笔 每天0.79 胜66% PF0.949999988079071 均-0.17% 组合88.4 撤-22.5%,339笔 每天0.94 胜63% PF0.7799999713897705 均-0.84% 组合72.5 撤-30.3%,0.78,0.7,-0.329,0.0
头部币,S_B143_0.0175|none,止盈1.5% 止损3% 12h,3,False,371笔 每天0.49 胜65% PF0.8299999833106995 均-0.19% 组合92.8 撤-10.3%,372笔 每天1.04 胜68% PF0.9700000286102295 均-0.03% 组合99.1 撤-3.7%,446笔 每天1.24 胜64% PF0.8199999928474426 均-0.20% 组合92.0 撤-11.6%,0.82,0.92,-0.139,0.0
头部币,S_B143_0.01|any,止盈2% 止损5% 24h,0,False,605笔 每天0.8 胜68% PF0.8199999928474426 均-0.29% 组合83.6 撤-20.8%,496笔 每天1.38 胜65% PF0.699999988079071 均-0.53% 组合75.9 撤-25.3%,656笔 每天1.83 胜70% PF0.9100000262260437 均-0.13% 组合91.5 撤-10.5%,0.7,1.34,-0.316,0.0
头部币,S_B143_0.01|any,止盈3% 止损8% 48h,1,False,531笔 每天0.7 胜68% PF0.8100000023841858 均-0.47% 组合76.8 撤-28.5%,451笔 每天1.26 胜65% PF0.7099999785423279 均-0.75% 组合69.1 撤-31.5%,588笔 每天1.64 胜68% PF0.8100000023841858 均-0.46% 组合73.1 撤-30.1%,0.71,1.2,-0.561,0.0
头部币,S_B143_0.01|any,止盈5% 止损11% 72h,2,False,476笔 每天0.63 胜65% PF0.949999988079071 均-0.16% 组合89.2 撤-23.5%,398笔 每天1.11 胜62% PF0.7799999713897705 均-0.81% 组合71.5 撤-31.4%,524笔 每天1.46 胜63% PF0.8100000023841858 均-0.71% 组合60.6 撤-43.4%,0.78,1.07,-0.557,0.0
头部币,S_B143_0.01|any,止盈1.5% 止损3% 12h,3,False,649笔 每天0.86 胜62% PF0.75 均-0.30% 组合82.8 撤-21.5%,545笔 每天1.52 胜61% PF0.699999988079071 均-0.36% 组合83.7 撤-17.3%,708笔 每天1.97 胜66% PF0.8999999761581421 均-0.11% 组合91.1 撤-10.1%,0.7,1.45,-0.258,0.0
头部币,S_B143_0.01|glob,止盈2% 止损5% 24h,0,False,1680笔 每天2.22 胜69% PF0.8899999856948853 均-0.17% 组合70.7 撤-35.4%,1489笔 每天4.15 胜67% PF0.7799999713897705 均-0.37% 组合62.8 撤-39.2%,2095笔 每天5.84 胜72% PF1.0 均-0.00% 组合85.5 撤-25.7%,0.78,4.07,-0.181,0.0
头部币,S_B143_0.01|glob,止盈3% 止损8% 48h,1,False,1472笔 每天1.95 胜69% PF0.8700000047683716 均-0.30% 组合60.5 撤-45.1%,1303笔 每天3.63 胜67% PF0.7799999713897705 均-0.54% 组合52.6 撤-50.4%,1855笔 每天5.17 胜71% PF0.9599999785423279 均-0.08% 组合70.9 撤-47.1%,0.78,3.58,-0.306,0.0
头部币,S_B143_0.01|glob,止盈5% 止损11% 72h,2,False,1249笔 每天1.65 胜65% PF0.9599999785423279 均-0.12% 组合78.1 撤-45.0%,1080笔 每天3.01 胜61% PF0.75 均-0.95% 组合34.8 撤-67.6%,1582笔 每天4.41 胜66% PF1.0 均-0.01% 组合68.5 撤-49.8%,0.75,3.02,-0.358,0.0
头部币,S_B143_0.01|glob,止盈1.5% 止损3% 12h,3,False,1863笔 每天2.46 胜65% PF0.8600000143051147 均-0.14% 组合74.0 撤-32.6%,1676笔 每天4.67 胜65% PF0.8399999737739563 均-0.17% 组合80.0 撤-24.0%,2311笔 每天6.44 胜67% PF0.9599999785423279 均-0.04% 组合85.0 撤-22.2%,0.84,4.52,-0.118,0.0
头部币,S_B143_0.01|none,止盈2% 止损5% 24h,0,False,1914笔 每天2.53 胜70% PF0.9100000262260437 均-0.13% 组合73.7 撤-33.3%,1731笔 每天4.82 胜68% PF0.800000011920929 均-0.32% 组合58.7 撤-43.4%,2360笔 每天6.57 胜72% PF1.0299999713897705 均+0.04% 组合94.1 撤-26.8%,0.8,4.64,-0.136,0.0
头部币,S_B143_0.01|none,止盈3% 止损8% 48h,1,False,1654笔 每天2.19 胜69% PF0.8600000143051147 均-0.34% 组合54.6 撤-51.5%,1491笔 每天4.15 胜68% PF0.8299999833106995 均-0.41% 组合56.4 撤-47.7%,2070笔 每天5.77 胜71% PF0.9700000286102295 均-0.06% 组合70.2 撤-49.3%,0.83,4.04,-0.27,0.0
头部币,S_B143_0.01|none,止盈5% 止损11% 72h,2,False,1378笔 每天1.82 胜64% PF0.9300000071525574 均-0.23% 组合66.9 撤-53.1%,1221笔 每天3.4 胜62% PF0.800000011920929 均-0.75% 组合37.8 撤-67.4%,1739笔 每天4.84 胜66% PF1.0 均-0.01% 组合70.4 撤-53.4%,0.8,3.35,-0.33,0.0
头部币,S_B143_0.01|none,止盈1.5% 止损3% 12h,3,False,2129笔 每天2.82 胜65% PF0.8600000143051147 均-0.15% 组合69.8 撤-35.7%,1975笔 每天5.5 胜65% PF0.8700000047683716 均-0.14% 组合81.5 撤-24.2%,2630笔 每天7.33 胜67% PF0.9599999785423279 均-0.04% 组合84.5 撤-21.8%,0.86,5.22,-0.108,0.0
头部币,S_B143_0.02|any,止盈2% 止损5% 24h,0,False,45笔 每天0.06 胜64% PF0.6800000071525574 均-0.59% 组合97.4 撤-3.8%,61笔 每天0.17 胜75% PF1.149999976158142 均+0.19% 组合101.1 撤-2.4%,53笔 每天0.15 胜53% PF0.41999998688697815 均-1.41% 组合92.8 撤-7.5%,0.42,0.13,-0.604,0.0
头部币,S_B143_0.02|any,止盈3% 止损8% 48h,1,False,41笔 每天0.05 胜71% PF0.8700000047683716 均-0.31% 组合98.7 撤-4.8%,58笔 每天0.16 胜76% PF1.2400000095367432 均+0.43% 组合102.4 撤-2.5%,53笔 每天0.15 胜57% PF0.4699999988079071 均-1.88% 组合90.4 撤-9.1%,0.47,0.12,-0.589,0.0
头部币,S_B143_0.02|any,止盈5% 止损11% 72h,2,False,40笔 每天0.05 胜68% PF0.9100000262260437 均-0.32% 组合98.6 撤-5.0%,55笔 每天0.15 胜64% PF0.8799999952316284 均-0.42% 组合97.5 撤-9.8%,48笔 每天0.13 胜54% PF0.5400000214576721 均-2.25% 组合89.6 撤-9.9%,0.54,0.11,-0.997,0.0
头部币,S_B143_0.02|any,止盈1.5% 止损3% 12h,3,False,47笔 每天0.06 胜62% PF0.7300000190734863 均-0.32% 组合98.5 撤-2.3%,65笔 每天0.18 胜68% PF0.949999988079071 均-0.05% 组合99.7 撤-2.9%,59笔 每天0.16 胜58% PF0.6200000047683716 均-0.51% 组合97.0 撤-3.2%,0.62,0.13,-0.295,0.0
头部币,S_B143_0.02|glob,止盈2% 止损5% 24h,0,False,177笔 每天0.23 胜66% PF0.7300000190734863 均-0.47% 组合91.9 撤-10.6%,187笔 每天0.52 胜72% PF0.9599999785423279 均-0.06% 组合97.9 撤-6.4%,209笔 每天0.58 胜68% PF0.8199999928474426 均-0.28% 组合94.1 撤-9.3%,0.73,0.44,-0.27,0.0
头部币,S_B143_0.02|glob,止盈3% 止损8% 48h,1,False,164笔 每天0.22 胜68% PF0.7799999713897705 均-0.56% 组合91.1 撤-11.3%,180笔 每天0.5 胜76% PF1.1399999856948853 均+0.26% 组合102.4 撤-6.0%,199笔 每天0.55 胜65% PF0.6700000166893005 均-0.94% 组合82.5 撤-19.5%,0.67,0.42,-0.412,0.0
头部币,S_B143_0.02|glob,止盈5% 止损11% 72h,2,False,156笔 每天0.21 胜70% PF1.0299999713897705 均+0.10% 组合101.1 撤-10.0%,162笔 每天0.45 胜65% PF0.8500000238418579 均-0.56% 组合89.1 撤-18.3%,181笔 每天0.5 胜64% PF0.7900000214576721 均-0.84% 组合85.2 撤-16.9%,0.79,0.39,-0.433,0.0
头部币,S_B143_0.02|glob,止盈1.5% 止损3% 12h,3,False,189笔 每天0.25 胜61% PF0.7200000286102295 均-0.34% 组合93.7 撤-7.4%,205笔 每天0.57 胜68% PF0.9599999785423279 均-0.05% 组合99.3 撤-3.2%,239笔 每天0.67 胜68% PF0.9700000286102295 均-0.03% 组合99.3 撤-3.7%,0.72,0.5,-0.137,0.0
头部币,S_B143_0.02|none,止盈2% 止损5% 24h,0,False,193笔 每天0.26 胜65% PF0.699999988079071 均-0.53% 组合90.2 撤-11.7%,218笔 每天0.61 胜73% PF1.0199999809265137 均+0.03% 组合99.6 撤-6.3%,233笔 每天0.65 胜70% PF0.8500000238418579 均-0.23% 组合94.7 撤-9.5%,0.7,0.51,-0.242,0.0
头部币,S_B143_0.02|none,止盈3% 止损8% 48h,1,False,178笔 每天0.24 胜67% PF0.7699999809265137 均-0.59% 组合89.8 撤-11.7%,206笔 每天0.57 胜74% PF1.0700000524520874 均+0.14% 组合100.6 撤-6.0%,220笔 每天0.61 胜66% PF0.699999988079071 均-0.83% 组合83.0 撤-19.3%,0.7,0.47,-0.425,0.0
头部币,S_B143_0.02|none,止盈5% 止损11% 72h,2,False,170笔 每天0.22 胜70% PF1.0399999618530273 均+0.12% 组合101.5 撤-11.7%,186笔 每天0.52 胜64% PF0.800000011920929 均-0.74% 组合84.9 撤-20.1%,201笔 每天0.56 胜62% PF0.75 均-1.02% 组合80.6 撤-21.0%,0.75,0.43,-0.549,0.0
头部币,S_B143_0.02|none,止盈1.5% 止损3% 12h,3,False,208笔 每天0.28 胜58% PF0.6299999952316284 均-0.49% 组合90.3 撤-10.5%,242笔 每天0.67 胜68% PF0.9700000286102295 均-0.03% 组合99.1 撤-3.9%,268笔 每天0.75 胜67% PF0.9300000071525574 均-0.07% 组合98.0 撤-5.5%,0.63,0.57,-0.196,0.0
头部币,S_C144_0.05|any,止盈2% 止损5% 24h,0,False,566笔 每天0.75 胜70% PF0.8700000047683716 均-0.20% 组合90.3 撤-12.5%,556笔 每天1.55 胜72% PF0.9800000190734863 均-0.03% 组合96.4 撤-7.9%,510笔 每天1.42 胜69% PF0.8399999737739563 均-0.25% 组合88.0 撤-17.3%,0.84,1.24,-0.162,0.0
头部币,S_C144_0.05|any,止盈3% 止损8% 48h,1,False,486笔 每天0.64 胜70% PF0.8700000047683716 均-0.30% 组合88.7 撤-17.1%,482笔 每天1.34 胜71% PF0.9200000166893005 均-0.17% 组合89.1 撤-17.7%,430笔 每天1.2 胜68% PF0.8199999928474426 均-0.43% 组合82.8 撤-24.9%,0.82,1.06,-0.302,0.0
头部币,S_C144_0.05|any,止盈5% 止损11% 72h,2,False,416笔 每天0.55 胜68% PF0.9800000190734863 均-0.05% 组合97.0 撤-19.5%,417笔 每天1.16 胜66% PF0.8999999761581421 均-0.37% 组合77.3 撤-25.2%,386笔 每天1.08 胜65% PF0.8999999761581421 均-0.33% 组合82.3 撤-25.9%,0.9,0.93,-0.252,0.0
头部币,S_C144_0.05|any,止盈1.5% 止损3% 12h,3,False,689笔 每天0.91 胜66% PF0.8700000047683716 均-0.14% 组合92.0 撤-11.4%,640笔 每天1.78 胜66% PF0.8700000047683716 均-0.14% 组合90.2 撤-10.0%,589笔 每天1.64 胜66% PF0.8999999761581421 均-0.11% 组合93.7 撤-10.3%,0.87,1.44,-0.131,0.0
头部币,S_C144_0.05|glob,止盈2% 止损5% 24h,0,False,1227笔 每天1.62 胜70% PF0.8600000143051147 均-0.21% 组合79.3 撤-26.7%,1162笔 每天3.24 胜68% PF0.800000011920929 均-0.34% 组合70.0 撤-32.9%,1262笔 每天3.52 胜69% PF0.8700000047683716 均-0.21% 组合78.8 撤-28.6%,0.8,2.79,-0.252,0.0
头部币,S_C144_0.05|glob,止盈3% 止损8% 48h,1,False,963笔 每天1.27 胜68% PF0.8100000023841858 均-0.48% 组合65.8 撤-38.4%,918笔 每天2.56 胜68% PF0.7799999713897705 均-0.55% 组合63.6 撤-37.8%,1006笔 每天2.8 胜69% PF0.8399999737739563 均-0.37% 组合68.1 撤-40.0%,0.78,2.21,-0.466,0.0
头部币,S_C144_0.05|glob,止盈5% 止损11% 72h,2,False,754笔 每天1.0 胜65% PF0.8700000047683716 均-0.49% 组合66.2 撤-40.3%,739笔 每天2.06 胜57% PF0.6299999952316284 均-1.59% 组合35.6 撤-64.9%,859笔 每天2.39 胜64% PF0.8600000143051147 均-0.49% 组合58.5 撤-45.5%,0.63,1.82,-0.855,0.0
头部币,S_C144_0.05|glob,止盈1.5% 止损3% 12h,3,False,1591笔 每天2.1 胜64% PF0.8100000023841858 均-0.21% 组合73.2 撤-30.0%,1446笔 每天4.03 胜65% PF0.8500000238418579 均-0.17% 组合82.1 撤-20.0%,1551笔 每天4.32 胜65% PF0.8700000047683716 均-0.14% 组合82.5 撤-25.6%,0.81,3.48,-0.175,0.0
头部币,S_C144_0.05|none,止盈2% 止损5% 24h,0,False,1299笔 每天1.72 胜69% PF0.8399999737739563 均-0.25% 组合76.5 撤-29.0%,1242笔 每天3.46 胜68% PF0.8100000023841858 均-0.30% 组合69.5 撤-33.6%,1327笔 每天3.7 胜70% PF0.8799999952316284 均-0.18% 组合79.9 撤-26.9%,0.81,2.96,-0.245,0.0
头部币,S_C144_0.05|none,止盈3% 止损8% 48h,1,False,998笔 每天1.32 胜68% PF0.800000011920929 均-0.51% 组合65.9 撤-39.2%,961笔 每天2.68 胜68% PF0.7900000214576721 均-0.53% 组合62.5 撤-39.1%,1056笔 每天2.94 胜70% PF0.8600000143051147 均-0.32% 组合69.1 撤-38.8%,0.79,2.31,-0.451,0.0
头部币,S_C144_0.05|none,止盈5% 止损11% 72h,2,False,787笔 每天1.04 胜65% PF0.8899999856948853 均-0.39% 组合74.8 撤-34.2%,763笔 每天2.13 胜57% PF0.6399999856948853 均-1.52% 组合37.5 撤-63.2%,896笔 每天2.5 胜64% PF0.8700000047683716 均-0.44% 组合58.4 撤-45.8%,0.64,1.89,-0.784,0.0
头部币,S_C144_0.05|none,止盈1.5% 止损3% 12h,3,False,1699笔 每天2.25 胜64% PF0.800000011920929 均-0.22% 组合71.4 撤-32.4%,1557笔 每天4.34 胜65% PF0.8600000143051147 均-0.15% 组合81.8 撤-20.4%,1637笔 每天4.56 胜66% PF0.8799999952316284 均-0.13% 组合82.3 撤-24.5%,0.8,3.72,-0.165,0.0
头部币,S_C144_0.06|any,止盈2% 止损5% 24h,0,False,432笔 每天0.57 胜69% PF0.8700000047683716 均-0.19% 组合92.4 撤-11.1%,400笔 每天1.11 胜70% PF0.8700000047683716 均-0.19% 组合91.7 撤-10.0%,380笔 每天1.06 胜66% PF0.7400000095367432 均-0.46% 组合84.3 撤-18.4%,0.74,0.91,-0.282,0.0
头部币,S_C144_0.06|any,止盈3% 止损8% 48h,1,False,374笔 每天0.49 胜69% PF0.8399999737739563 均-0.40% 组合87.8 撤-14.5%,352笔 每天0.98 胜70% PF0.8999999761581421 均-0.23% 组合90.4 撤-14.9%,324笔 每天0.9 胜66% PF0.75 均-0.66% 组合80.8 撤-22.6%,0.75,0.79,-0.426,0.0
头部币,S_C144_0.06|any,止盈5% 止损11% 72h,2,False,323笔 每天0.43 胜66% PF0.9100000262260437 均-0.30% 组合89.7 撤-17.3%,305笔 每天0.85 胜65% PF0.8999999761581421 均-0.36% 组合83.6 撤-21.1%,292笔 每天0.81 胜62% PF0.8100000023841858 均-0.69% 组合79.3 撤-25.8%,0.81,0.7,-0.45,0.0
头部币,S_C144_0.06|any,止盈1.5% 止损3% 12h,3,False,523笔 每天0.69 胜64% PF0.800000011920929 均-0.23% 组合90.3 撤-13.4%,462笔 每天1.29 胜63% PF0.75 均-0.29% 组合87.3 撤-13.1%,438笔 每天1.22 胜66% PF0.8799999952316284 均-0.13% 组合94.5 撤-8.4%,0.75,1.07,-0.216,0.0
头部币,S_C144_0.06|glob,止盈2% 止损5% 24h,0,False,999笔 每天1.32 胜69% PF0.8500000238418579 均-0.24% 组合79.6 撤-23.4%,932笔 每天2.6 胜67% PF0.7799999713897705 均-0.36% 组合72.0 撤-29.2%,1017笔 每天2.83 胜68% PF0.800000011920929 均-0.34% 组合74.9 撤-29.0%,0.78,2.25,-0.313,0.0
头部币,S_C144_0.06|glob,止盈3% 止损8% 48h,1,False,797笔 每天1.05 胜68% PF0.7900000214576721 均-0.53% 组合66.1 撤-35.8%,748笔 每天2.08 胜67% PF0.7699999809265137 均-0.60% 组合69.1 撤-31.8%,815笔 每天2.27 胜68% PF0.7900000214576721 均-0.51% 组合70.3 撤-35.1%,0.77,1.8,-0.548,0.0
头部币,S_C144_0.06|glob,止盈5% 止损11% 72h,2,False,630笔 每天0.83 胜64% PF0.8399999737739563 均-0.58% 组合68.2 撤-35.6%,612笔 每天1.7 胜58% PF0.6600000262260437 均-1.47% 组合42.3 撤-58.3%,701笔 每天1.95 胜64% PF0.8500000238418579 均-0.54% 组合69.3 撤-36.4%,0.66,1.49,-0.864,0.0
头部币,S_C144_0.06|glob,止盈1.5% 止损3% 12h,3,False,1276笔 每天1.69 胜64% PF0.7900000214576721 均-0.24% 组合74.7 撤-28.1%,1129笔 每天3.14 胜64% PF0.7900000214576721 均-0.23% 组合80.4 撤-21.7%,1204笔 每天3.35 胜64% PF0.8299999833106995 均-0.19% 组合84.1 撤-21.9%,0.79,2.73,-0.221,0.0
头部币,S_C144_0.06|none,止盈2% 止损5% 24h,0,False,1062笔 每天1.4 胜68% PF0.8199999928474426 均-0.29% 组合73.1 撤-30.0%,994笔 每天2.77 胜68% PF0.7900000214576721 均-0.35% 组合73.0 撤-28.4%,1071笔 每天2.98 胜68% PF0.800000011920929 均-0.32% 组合74.7 撤-28.7%,0.79,2.38,-0.321,0.0
头部币,S_C144_0.06|none,止盈3% 止损8% 48h,1,False,836笔 每天1.11 胜68% PF0.7699999809265137 均-0.58% 组合66.4 撤-36.1%,785笔 每天2.19 胜67% PF0.7599999904632568 均-0.61% 组合64.4 撤-36.4%,864笔 每天2.41 胜68% PF0.800000011920929 均-0.50% 组合69.9 撤-34.4%,0.76,1.9,-0.564,0.0
头部币,S_C144_0.06|none,止盈5% 止损11% 72h,2,False,657笔 每天0.87 胜64% PF0.8399999737739563 均-0.58% 组合71.4 撤-33.5%,637笔 每天1.77 胜58% PF0.6700000166893005 均-1.39% 组合45.6 撤-55.1%,736笔 每天2.05 胜64% PF0.8399999737739563 均-0.60% 组合64.9 撤-39.3%,0.67,1.56,-0.858,0.0
头部币,S_C144_0.06|none,止盈1.5% 止损3% 12h,3,False,1379笔 每天1.82 胜64% PF0.800000011920929 均-0.22% 组合74.3 撤-30.6%,1225笔 每天3.41 胜64% PF0.8100000023841858 均-0.22% 组合78.8 撤-23.1%,1280笔 每天3.57 胜65% PF0.8399999737739563 均-0.17% 组合83.2 撤-21.7%,0.8,2.93,-0.205,0.0
头部币,S_C144_0.07|any,止盈2% 止损5% 24h,0,False,316笔 每天0.42 胜71% PF0.9100000262260437 均-0.13% 组合97.0 撤-7.5%,299笔 每天0.83 胜69% PF0.8700000047683716 均-0.21% 组合93.6 撤-9.4%,292笔 每天0.81 胜66% PF0.75 均-0.42% 组合88.3 撤-13.7%,0.75,0.69,-0.252,0.0
头部币,S_C144_0.07|any,止盈3% 止损8% 48h,1,False,285笔 每天0.38 胜73% PF1.0 均+0.00% 组合98.2 撤-8.6%,273笔 每天0.76 胜70% PF0.8700000047683716 均-0.30% 组合90.9 撤-13.9%,241笔 每天0.67 胜64% PF0.6600000262260437 均-0.95% 组合79.3 撤-22.4%,0.66,0.6,-0.414,0.0
头部币,S_C144_0.07|any,止盈5% 止损11% 72h,2,False,253笔 每天0.33 胜70% PF1.0800000429153442 均+0.25% 组合104.8 撤-11.2%,239笔 每天0.67 胜68% PF1.0 均+0.01% 组合95.5 撤-10.3%,219笔 每天0.61 胜61% PF0.7300000190734863 均-1.08% 组合78.3 撤-23.5%,0.73,0.54,-0.274,0.0
头部币,S_C144_0.07|any,止盈1.5% 止损3% 12h,3,False,382笔 每天0.51 胜63% PF0.7599999904632568 均-0.28% 组合90.2 撤-12.2%,345笔 每天0.96 胜64% PF0.8100000023841858 均-0.21% 组合93.1 撤-8.0%,330笔 每天0.92 胜66% PF0.8799999952316284 均-0.13% 组合95.8 撤-7.3%,0.76,0.8,-0.207,0.0
头部币,S_C144_0.07|glob,止盈2% 止损5% 24h,0,False,799笔 每天1.06 胜70% PF0.8799999952316284 均-0.18% 组合86.0 撤-16.5%,736笔 每天2.05 胜66% PF0.7400000095367432 均-0.45% 组合74.9 撤-26.0%,790笔 每天2.2 胜67% PF0.75 均-0.42% 组合78.2 撤-25.9%,0.74,1.77,-0.349,0.0
头部币,S_C144_0.07|glob,止盈3% 止损8% 48h,1,False,654笔 每天0.87 胜71% PF0.8999999761581421 均-0.24% 组合83.0 撤-24.8%,606笔 每天1.69 胜67% PF0.7599999904632568 均-0.63% 组合72.4 撤-29.5%,645笔 每天1.8 胜66% PF0.7400000095367432 均-0.70% 组合70.9 撤-33.2%,0.74,1.45,-0.52,0.0
头部币,S_C144_0.07|glob,止盈5% 止损11% 72h,2,False,523笔 每天0.69 胜66% PF0.8999999761581421 均-0.35% 组合79.0 撤-28.9%,508笔 每天1.42 胜58% PF0.6499999761581421 均-1.48% 组合49.6 撤-50.9%,556笔 每天1.55 胜65% PF0.8399999737739563 均-0.58% 组合78.6 撤-28.7%,0.65,1.22,-0.802,0.0
头部币,S_C144_0.07|glob,止盈1.5% 止损3% 12h,3,False,1004笔 每天1.33 胜62% PF0.7400000095367432 均-0.31% 组合74.0 撤-28.4%,886笔 每天2.47 胜62% PF0.7599999904632568 均-0.28% 组合79.5 撤-21.5%,924笔 每天2.57 胜63% PF0.7699999809265137 均-0.27% 组合81.8 撤-21.9%,0.74,2.12,-0.286,0.0
头部币,S_C144_0.07|none,止盈2% 止损5% 24h,0,False,855笔 每天1.13 胜70% PF0.8700000047683716 均-0.20% 组合83.9 撤-19.5%,783笔 每天2.18 胜67% PF0.7599999904632568 均-0.40% 组合74.9 撤-26.1%,838笔 每天2.33 胜67% PF0.7699999809265137 均-0.39% 组合78.4 撤-25.4%,0.76,1.88,-0.329,0.0
头部币,S_C144_0.07|none,止盈3% 止损8% 48h,1,False,695笔 每天0.92 胜70% PF0.8700000047683716 均-0.31% 组合77.4 撤-30.4%,637笔 每天1.77 胜68% PF0.7799999713897705 均-0.56% 组合76.4 撤-27.9%,684笔 每天1.91 胜67% PF0.75 均-0.65% 组合71.6 撤-32.5%,0.75,1.53,-0.504,0.0
头部币,S_C144_0.07|none,止盈5% 止损11% 72h,2,False,551笔 每天0.73 胜65% PF0.8700000047683716 均-0.46% 组合74.9 撤-32.2%,533笔 每天1.48 胜58% PF0.6700000166893005 均-1.42% 组合50.2 撤-50.3%,587笔 每天1.64 胜64% PF0.8299999833106995 均-0.65% 组合73.3 撤-30.8%,0.67,1.28,-0.844,0.0
头部币,S_C144_0.07|none,止盈1.5% 止损3% 12h,3,False,1092笔 每天1.44 胜63% PF0.7599999904632568 均-0.28% 组合74.1 撤-28.7%,959笔 每天2.67 胜63% PF0.7799999713897705 均-0.25% 组合80.5 撤-20.4%,983笔 每天2.74 胜63% PF0.7799999713897705 均-0.26% 组合81.7 撤-22.1%,0.76,2.28,-0.264,0.0
头部币,S_C144_0.08|any,止盈2% 止损5% 24h,0,False,235笔 每天0.31 胜69% PF0.8399999737739563 均-0.26% 组合94.3 撤-8.1%,235笔 每天0.65 胜68% PF0.8100000023841858 均-0.30% 组合91.9 撤-9.6%,222笔 每天0.62 胜68% PF0.800000011920929 均-0.33% 组合92.8 撤-9.5%,0.8,0.53,-0.298,0.0
头部币,S_C144_0.08|any,止盈3% 止损8% 48h,1,False,214笔 每天0.28 胜73% PF1.0099999904632568 均+0.01% 组合100.6 撤-7.0%,211笔 每天0.59 胜67% PF0.7400000095367432 均-0.69% 组合84.4 撤-17.3%,191笔 每天0.53 胜65% PF0.7200000286102295 均-0.76% 组合86.3 撤-15.5%,0.72,0.47,-0.476,0.0
头部币,S_C144_0.08|any,止盈5% 止损11% 72h,2,False,196笔 每天0.26 胜70% PF1.0499999523162842 均+0.15% 组合100.7 撤-8.9%,184笔 每天0.51 胜66% PF0.9200000166893005 均-0.29% 组合90.9 撤-11.6%,177笔 每天0.49 胜63% PF0.800000011920929 均-0.78% 组合86.7 撤-16.4%,0.8,0.42,-0.306,0.0
头部币,S_C144_0.08|any,止盈1.5% 止损3% 12h,3,False,284笔 每天0.38 胜62% PF0.7300000190734863 均-0.33% 组合91.6 撤-10.2%,269笔 每天0.75 胜62% PF0.75 均-0.29% 组合92.0 撤-8.3%,255笔 每天0.71 胜64% PF0.8100000023841858 均-0.21% 组合94.7 撤-7.4%,0.73,0.61,-0.276,0.0
头部币,S_C144_0.08|glob,止盈2% 止损5% 24h,0,False,642笔 每天0.85 胜70% PF0.8799999952316284 均-0.18% 组合89.0 撤-15.9%,590笔 每天1.64 胜66% PF0.7400000095367432 均-0.45% 组合77.8 撤-23.7%,616笔 每天1.72 胜66% PF0.7400000095367432 均-0.44% 组合83.1 撤-18.9%,0.74,1.4,-0.357,0.0
头部币,S_C144_0.08|glob,止盈3% 止损8% 48h,1,False,528笔 每天0.7 胜71% PF0.9300000071525574 均-0.16% 组合88.2 撤-20.7%,489笔 每天1.36 胜66% PF0.7200000286102295 均-0.77% 组合71.3 撤-29.5%,508笔 每天1.42 胜65% PF0.6899999976158142 均-0.85% 组合74.9 撤-27.6%,0.69,1.16,-0.594,0.0
头部币,S_C144_0.08|glob,止盈5% 止损11% 72h,2,False,434笔 每天0.57 胜67% PF0.949999988079071 均-0.16% 组合84.9 撤-24.9%,424笔 每天1.18 胜59% PF0.6800000071525574 均-1.38% 组合53.5 撤-46.8%,444笔 每天1.24 胜64% PF0.8299999833106995 均-0.64% 组合86.4 撤-20.5%,0.68,1.0,-0.727,0.0
头部币,S_C144_0.08|glob,止盈1.5% 止损3% 12h,3,False,801笔 每天1.06 胜63% PF0.7900000214576721 均-0.25% 组合83.2 撤-18.9%,712笔 每天1.98 胜64% PF0.7900000214576721 均-0.24% 组合85.5 撤-15.6%,730笔 每天2.03 胜61% PF0.7200000286102295 均-0.34% 组合83.1 撤-18.8%,0.72,1.69,-0.273,0.0
头部币,S_C144_0.08|none,止盈2% 止损5% 24h,0,False,694笔 每天0.92 胜70% PF0.8700000047683716 均-0.20% 组合83.5 撤-21.8%,633笔 每天1.76 胜67% PF0.7699999809265137 均-0.39% 组合80.4 撤-21.6%,651笔 每天1.81 胜66% PF0.75 均-0.43% 组合82.2 撤-20.1%,0.75,1.5,-0.337,0.0
头部币,S_C144_0.08|none,止盈3% 止损8% 48h,1,False,571笔 每天0.76 胜72% PF0.9399999976158142 均-0.14% 组合90.4 撤-19.9%,516笔 每天1.44 胜67% PF0.7400000095367432 均-0.69% 组合72.4 撤-28.8%,536笔 每天1.49 胜65% PF0.699999988079071 均-0.83% 组合73.1 撤-29.6%,0.7,1.23,-0.556,0.0
头部币,S_C144_0.08|none,止盈5% 止损11% 72h,2,False,460笔 每天0.61 胜66% PF0.9100000262260437 均-0.30% 组合79.4 撤-29.7%,448笔 每天1.25 胜60% PF0.7099999785423279 均-1.22% 组合56.6 撤-43.7%,468笔 每天1.3 胜64% PF0.8100000023841858 均-0.73% 组合81.0 撤-24.3%,0.71,1.05,-0.75,0.0
头部币,S_C144_0.08|none,止盈1.5% 止损3% 12h,3,False,875笔 每天1.16 胜63% PF0.7900000214576721 均-0.25% 组合82.7 撤-20.1%,774笔 每天2.16 胜64% PF0.8100000023841858 均-0.21% 组合86.3 撤-15.7%,772笔 每天2.15 胜61% PF0.7200000286102295 均-0.34% 组合81.0 撤-20.8%,0.72,1.82,-0.265,0.0
头部币,S_C144_0.1|any,止盈2% 止损5% 24h,0,False,138笔 每天0.18 胜72% PF0.949999988079071 均-0.07% 组合99.7 撤-6.3%,150笔 每天0.42 胜71% PF0.8999999761581421 均-0.15% 组合97.7 撤-6.2%,137笔 每天0.38 胜65% PF0.7099999785423279 均-0.51% 组合93.1 撤-8.4%,0.71,0.33,-0.245,0.0
头部币,S_C144_0.1|any,止盈3% 止损8% 48h,1,False,123笔 每天0.16 胜77% PF1.2200000286102295 均+0.41% 组合105.2 撤-5.7%,136笔 每天0.38 胜71% PF0.8899999856948853 均-0.25% 组合96.4 撤-7.6%,121笔 每天0.34 胜64% PF0.6700000166893005 均-0.93% 组合89.2 撤-12.1%,0.67,0.29,-0.257,0.0
头部币,S_C144_0.1|any,止盈5% 止损11% 72h,2,False,113笔 每天0.15 胜74% PF1.2899999618530273 均+0.82% 组合109.5 撤-3.6%,123笔 每天0.34 胜68% PF0.9800000190734863 均-0.08% 组合98.6 撤-9.1%,113笔 每天0.31 胜66% PF0.9200000166893005 均-0.29% 组合96.5 撤-8.0%,0.92,0.27,0.151,0.0
头部币,S_C144_0.1|any,止盈1.5% 止损3% 12h,3,False,170笔 每天0.22 胜62% PF0.75 均-0.29% 组合95.5 撤-7.1%,167笔 每天0.47 胜63% PF0.7699999809265137 均-0.27% 组合95.5 撤-6.3%,157笔 每天0.44 胜66% PF0.8600000143051147 均-0.15% 组合97.6 撤-4.2%,0.75,0.38,-0.24,0.0
头部币,S_C144_0.1|glob,止盈2% 止损5% 24h,0,False,421笔 每天0.56 胜73% PF1.0399999618530273 均+0.05% 组合102.8 撤-7.3%,395笔 每天1.1 胜67% PF0.7400000095367432 均-0.44% 组合85.5 撤-17.9%,410笔 每天1.14 胜65% PF0.7200000286102295 均-0.50% 组合84.9 撤-17.9%,0.72,0.93,-0.297,0.0
头部币,S_C144_0.1|glob,止盈3% 止损8% 48h,1,False,345笔 每天0.46 胜76% PF1.1299999952316284 均+0.26% 组合106.0 撤-7.9%,327笔 每天0.91 胜68% PF0.7699999809265137 均-0.61% 组合83.5 撤-19.7%,342笔 每天0.95 胜64% PF0.6499999761581421 均-1.00% 组合77.8 撤-24.1%,0.65,0.77,-0.447,0.0
头部币,S_C144_0.1|glob,止盈5% 止损11% 72h,2,False,304笔 每天0.4 胜73% PF1.2100000381469727 均+0.62% 组合112.1 撤-11.4%,289笔 每天0.81 胜61% PF0.7200000286102295 均-1.16% 组合75.2 撤-29.9%,308笔 每天0.86 胜63% PF0.7599999904632568 均-0.95% 组合82.7 撤-20.7%,0.72,0.69,-0.495,0.0
头部币,S_C144_0.1|glob,止盈1.5% 止损3% 12h,3,False,519笔 每天0.69 胜66% PF0.8999999761581421 均-0.11% 组合95.0 撤-10.9%,466笔 每天1.3 胜65% PF0.8399999737739563 均-0.18% 组合91.8 撤-12.2%,477笔 每天1.33 胜60% PF0.6700000166893005 均-0.42% 组合84.8 撤-16.6%,0.67,1.11,-0.237,0.0
头部币,S_C144_0.1|none,止盈2% 止损5% 24h,0,False,459笔 每天0.61 胜73% PF1.0 均+0.00% 组合100.5 撤-8.0%,421笔 每天1.17 胜68% PF0.7799999713897705 均-0.36% 组合87.4 撤-16.8%,428笔 每天1.19 胜66% PF0.7300000190734863 均-0.48% 组合85.4 撤-17.5%,0.73,0.99,-0.279,0.0
头部币,S_C144_0.1|none,止盈3% 止损8% 48h,1,False,375笔 每天0.5 胜76% PF1.1200000047683716 均+0.24% 组合105.1 撤-8.2%,343笔 每天0.96 胜68% PF0.7699999809265137 均-0.60% 组合82.7 撤-20.2%,354笔 每天0.99 胜64% PF0.6600000262260437 均-0.99% 组合77.5 撤-24.6%,0.66,0.82,-0.45,0.0
头部币,S_C144_0.1|none,止盈5% 止损11% 72h,2,False,324笔 每天0.43 胜72% PF1.159999966621399 均+0.48% 组合110.2 撤-11.6%,308笔 每天0.86 胜63% PF0.7799999713897705 均-0.87% 组合80.3 撤-26.7%,317笔 每天0.88 胜62% PF0.7599999904632568 均-0.97% 组合81.6 撤-21.0%,0.76,0.72,-0.455,0.0
头部币,S_C144_0.1|none,止盈1.5% 止损3% 12h,3,False,570笔 每天0.75 胜67% PF0.9100000262260437 均-0.09% 组合95.6 撤-10.9%,500笔 每天1.39 胜65% PF0.8600000143051147 均-0.16% 组合92.3 撤-12.1%,500笔 每天1.39 胜59% PF0.6600000262260437 均-0.44% 组合82.9 撤-18.5%,0.66,1.18,-0.228,0.0
头部币,S_D145_0.0125|any,止盈2% 止损5% 24h,0,False,1284笔 每天1.7 胜72% PF1.0 均+0.00% 组合96.2 撤-11.6%,871笔 每天2.43 胜67% PF0.7900000214576721 均-0.35% 组合76.4 撤-25.0%,1115笔 每天3.11 胜70% PF0.9200000166893005 均-0.12% 组合86.9 撤-17.2%,0.79,2.41,-0.154,0.0
头部币,S_D145_0.0125|any,止盈3% 止损8% 48h,1,False,1127笔 每天1.49 胜72% PF1.0199999809265137 均+0.05% 组合100.3 撤-22.4%,762笔 每天2.12 胜67% PF0.7699999809265137 均-0.57% 组合64.3 撤-36.6%,1003笔 每天2.79 胜70% PF0.9399999976158142 均-0.14% 组合78.5 撤-33.5%,0.77,2.13,-0.218,0.0
头部币,S_D145_0.0125|any,止盈5% 止损11% 72h,2,False,974笔 每天1.29 胜67% PF1.0399999618530273 均+0.13% 组合103.4 撤-31.1%,659笔 每天1.84 胜62% PF0.7799999713897705 均-0.83% 组合56.1 撤-50.8%,892笔 每天2.48 胜66% PF0.9800000190734863 均-0.05% 组合83.7 撤-39.2%,0.78,1.87,-0.251,0.0
头部币,S_D145_0.0125|any,止盈1.5% 止损3% 12h,3,False,1391笔 每天1.84 胜67% PF0.9399999976158142 均-0.06% 组合90.6 撤-16.5%,947笔 每天2.64 胜63% PF0.7699999809265137 均-0.27% 组合80.0 撤-21.5%,1189笔 每天3.31 胜66% PF0.8899999856948853 均-0.11% 组合86.1 撤-16.8%,0.77,2.6,-0.147,0.0
头部币,S_D145_0.0125|glob,止盈2% 止损5% 24h,0,False,2879笔 每天3.81 胜71% PF0.949999988079071 均-0.07% 组合76.5 撤-31.7%,1999笔 每天5.57 胜67% PF0.7699999809265137 均-0.38% 组合54.0 撤-47.8%,2895笔 每天8.06 胜70% PF0.949999988079071 均-0.08% 组合82.6 撤-30.2%,0.77,5.81,-0.175,0.0
头部币,S_D145_0.0125|glob,止盈3% 止损8% 48h,1,False,2416笔 每天3.2 胜71% PF0.9900000095367432 均-0.02% 组合86.5 撤-40.2%,1676笔 每天4.67 胜67% PF0.7799999713897705 均-0.56% 组合41.1 撤-60.2%,2516笔 每天7.01 胜70% PF0.949999988079071 均-0.10% 组合75.9 撤-46.6%,0.78,4.96,-0.227,0.0
头部币,S_D145_0.0125|glob,止盈5% 止损11% 72h,2,False,1941笔 每天2.57 胜65% PF0.9800000190734863 均-0.06% 组合70.5 撤-55.3%,1365笔 每天3.8 胜62% PF0.800000011920929 均-0.73% 组合34.5 撤-66.8%,2069笔 每天5.76 胜65% PF1.0199999809265137 均+0.05% 组合83.8 撤-48.3%,0.8,4.04,-0.245,0.0
头部币,S_D145_0.0125|glob,止盈1.5% 止损3% 12h,3,False,3218笔 每天4.26 胜67% PF0.9599999785423279 均-0.05% 组合85.1 撤-28.7%,2235笔 每天6.23 胜62% PF0.7400000095367432 均-0.31% 组合57.2 撤-43.7%,3180笔 每天8.86 胜65% PF0.8799999952316284 均-0.12% 组合67.1 撤-36.7%,0.74,6.45,-0.159,0.0
头部币,S_D145_0.0125|none,止盈2% 止损5% 24h,0,False,3103笔 每天4.1 胜71% PF0.9599999785423279 均-0.05% 组合78.4 撤-35.2%,2166笔 每天6.03 胜67% PF0.7799999713897705 均-0.35% 组合55.4 撤-46.7%,3132笔 每天8.72 胜70% PF0.9599999785423279 均-0.05% 组合81.7 撤-31.1%,0.78,6.28,-0.154,0.0
头部币,S_D145_0.0125|none,止盈3% 止损8% 48h,1,False,2589笔 每天3.42 胜72% PF1.0 均+0.00% 组合90.1 撤-42.1%,1796笔 每天5.0 胜67% PF0.7900000214576721 均-0.53% 组合40.7 撤-60.7%,2698笔 每天7.52 胜70% PF0.9700000286102295 均-0.05% 组合80.6 撤-46.0%,0.79,5.31,-0.195,0.0
头部币,S_D145_0.0125|none,止盈5% 止损11% 72h,2,False,2055笔 每天2.72 胜65% PF0.9800000190734863 均-0.05% 组合71.3 撤-58.7%,1434笔 每天3.99 胜62% PF0.8100000023841858 均-0.69% 组合37.8 撤-63.7%,2199笔 每天6.13 胜65% PF1.0199999809265137 均+0.07% 组合83.9 撤-49.8%,0.81,4.28,-0.223,0.0
头部币,S_D145_0.0125|none,止盈1.5% 止损3% 12h,3,False,3490笔 每天4.62 胜68% PF0.9700000286102295 均-0.03% 组合87.0 撤-30.0%,2441笔 每天6.8 胜62% PF0.75 均-0.30% 组合55.7 撤-45.4%,3467笔 每天9.66 胜66% PF0.8999999761581421 均-0.10% 组合68.0 撤-35.4%,0.75,7.03,-0.144,0.0
头部币,S_D145_0.015|any,止盈2% 止损5% 24h,0,False,748笔 每天0.99 胜71% PF0.9800000190734863 均-0.03% 组合96.9 撤-10.2%,535笔 每天1.49 胜64% PF0.6899999976158142 均-0.57% 组合74.9 撤-25.8%,570笔 每天1.59 胜71% PF0.9399999976158142 均-0.09% 组合94.5 撤-10.5%,0.69,1.36,-0.228,0.0
头部币,S_D145_0.015|any,止盈3% 止损8% 48h,1,False,677笔 每天0.9 胜70% PF0.9300000071525574 均-0.16% 组合89.9 撤-25.0%,476笔 每天1.33 胜64% PF0.6899999976158142 均-0.85% 组合69.3 撤-32.6%,528笔 每天1.47 胜70% PF0.9200000166893005 均-0.19% 组合88.3 撤-20.2%,0.69,1.23,-0.396,0.0
头部币,S_D145_0.015|any,止盈5% 止损11% 72h,2,False,612笔 每天0.81 胜68% PF1.100000023841858 均+0.30% 组合116.1 撤-22.0%,418笔 每天1.16 胜59% PF0.6899999976158142 均-1.28% 组合57.7 撤-44.3%,479笔 每天1.33 胜65% PF0.8700000047683716 均-0.47% 组合74.8 撤-33.3%,0.69,1.1,-0.483,0.0
头部币,S_D145_0.015|any,止盈1.5% 止损3% 12h,3,False,798笔 每天1.06 胜66% PF0.9200000166893005 均-0.09% 组合92.1 撤-13.0%,575笔 每天1.6 胜63% PF0.7599999904632568 均-0.29% 组合86.1 撤-15.3%,605笔 每天1.69 胜67% PF0.9300000071525574 均-0.07% 组合95.6 撤-8.5%,0.76,1.45,-0.147,0.0
头部币,S_D145_0.015|glob,止盈2% 止损5% 24h,0,False,1816笔 每天2.4 胜72% PF1.0199999809265137 均+0.03% 组合101.0 撤-17.2%,1281笔 每天3.57 胜66% PF0.7200000286102295 均-0.48% 组合61.4 撤-40.0%,1552笔 每天4.32 胜71% PF0.9700000286102295 均-0.04% 组合92.2 撤-14.4%,0.72,3.43,-0.166,0.0
头部币,S_D145_0.015|glob,止盈3% 止损8% 48h,1,False,1585笔 每天2.1 胜73% PF1.0099999904632568 均+0.02% 组合94.3 撤-37.1%,1081笔 每天3.01 胜65% PF0.7200000286102295 均-0.73% 组合49.0 撤-52.2%,1393笔 每天3.88 胜71% PF0.949999988079071 均-0.10% 组合89.3 撤-24.0%,0.72,3.0,-0.27,0.0
头部币,S_D145_0.015|glob,止盈5% 止损11% 72h,2,False,1312笔 每天1.74 胜66% PF1.0199999809265137 均+0.06% 组合83.9 撤-45.6%,925笔 每天2.58 胜61% PF0.7599999904632568 均-0.92% 组合44.9 撤-57.7%,1215笔 每天3.38 胜68% PF1.0399999618530273 均+0.12% 组合96.3 撤-35.4%,0.76,2.57,-0.244,0.0
头部币,S_D145_0.015|glob,止盈1.5% 止损3% 12h,3,False,1976笔 每天2.61 胜68% PF0.9599999785423279 均-0.04% 组合89.9 撤-17.4%,1406笔 每天3.92 胜62% PF0.7300000190734863 均-0.32% 组合70.2 撤-31.0%,1679笔 每天4.68 胜66% PF0.8899999856948853 均-0.11% 组合79.8 撤-22.1%,0.73,3.74,-0.159,0.0
头部币,S_D145_0.015|none,止盈2% 止损5% 24h,0,False,1972笔 每天2.61 胜72% PF1.0199999809265137 均+0.03% 组合100.3 撤-19.7%,1379笔 每天3.84 胜66% PF0.7300000190734863 均-0.47% 组合58.9 撤-42.7%,1687笔 每天4.7 胜71% PF0.9800000190734863 均-0.03% 组合90.8 撤-15.0%,0.73,3.72,-0.157,0.0
头部币,S_D145_0.015|none,止盈3% 止损8% 48h,1,False,1708笔 每天2.26 胜72% PF1.0099999904632568 均+0.02% 组合89.4 撤-37.1%,1158笔 每天3.23 胜66% PF0.7300000190734863 均-0.71% 组合44.5 撤-56.8%,1503笔 每天4.19 胜70% PF0.9399999976158142 均-0.13% 组合84.2 撤-23.9%,0.73,3.23,-0.275,0.0
头部币,S_D145_0.015|none,止盈5% 止损11% 72h,2,False,1407笔 每天1.86 胜66% PF1.0099999904632568 均+0.03% 组合84.0 撤-41.2%,975笔 每天2.72 胜61% PF0.7599999904632568 均-0.91% 组合40.8 撤-61.3%,1301笔 每天3.62 胜67% PF1.0099999904632568 均+0.05% 组合91.8 撤-41.7%,0.76,2.73,-0.279,0.0
头部币,S_D145_0.015|none,止盈1.5% 止损3% 12h,3,False,2157笔 每天2.85 胜68% PF0.9800000190734863 均-0.02% 组合92.1 撤-16.6%,1521笔 每天4.24 胜62% PF0.7400000095367432 均-0.31% 组合69.1 撤-32.2%,1834笔 每天5.11 胜66% PF0.9200000166893005 均-0.08% 组合83.7 撤-18.6%,0.74,4.07,-0.138,0.0
头部币,S_D145_0.01|any,止盈2% 止损5% 24h,0,False,2208笔 每天2.92 胜70% PF0.9200000166893005 均-0.12% 组合73.2 撤-30.6%,1526笔 每天4.25 胜67% PF0.8199999928474426 均-0.29% 组合64.7 撤-37.1%,2170笔 每天6.04 胜68% PF0.8700000047683716 均-0.19% 组合74.0 撤-31.0%,0.82,4.4,-0.201,0.0
头部币,S_D145_0.01|any,止盈3% 止损8% 48h,1,False,1860笔 每天2.46 胜70% PF0.9300000071525574 均-0.14% 组合77.6 撤-30.2%,1296笔 每天3.61 胜67% PF0.8100000023841858 均-0.46% 组合54.9 撤-45.8%,1881笔 每天5.24 胜68% PF0.8999999761581421 均-0.22% 组合66.7 撤-51.6%,0.81,3.77,-0.273,0.0
头部币,S_D145_0.01|any,止盈5% 止损11% 72h,2,False,1527笔 每天2.02 胜64% PF0.9900000095367432 均-0.03% 组合85.1 撤-33.6%,1072笔 每天2.99 胜61% PF0.7799999713897705 均-0.82% 组合38.2 撤-63.1%,1622笔 每天4.52 胜64% PF0.9399999976158142 均-0.18% 组合54.9 撤-67.2%,0.78,3.18,-0.344,0.0
头部币,S_D145_0.01|any,止盈1.5% 止损3% 12h,3,False,2452笔 每天3.24 胜66% PF0.8999999761581421 均-0.10% 组合78.4 撤-26.3%,1706笔 每天4.75 胜64% PF0.800000011920929 均-0.22% 组合70.5 撤-31.4%,2358笔 每天6.57 胜62% PF0.8100000023841858 均-0.21% 组合66.3 撤-34.4%,0.8,4.85,-0.177,0.0
头部币,S_D145_0.01|glob,止盈2% 止损5% 24h,0,False,4669笔 每天6.18 胜69% PF0.9200000166893005 均-0.12% 组合58.3 撤-43.0%,3301笔 每天9.19 胜68% PF0.8299999833106995 均-0.27% 组合47.4 撤-54.7%,5228笔 每天14.56 胜69% PF0.9300000071525574 均-0.09% 组合64.7 撤-42.3%,0.83,9.98,-0.161,0.0
头部币,S_D145_0.01|glob,止盈3% 止损8% 48h,1,False,3682笔 每天4.87 胜70% PF0.9399999976158142 均-0.12% 组合72.8 撤-44.8%,2641笔 每天7.36 胜67% PF0.8199999928474426 均-0.43% 组合35.6 撤-66.5%,4273笔 每天11.9 胜69% PF0.9800000190734863 均-0.03% 组合75.6 撤-59.4%,0.82,8.04,-0.194,0.0
头部币,S_D145_0.01|glob,止盈5% 止损11% 72h,2,False,2808笔 每天3.71 胜64% PF0.9800000190734863 均-0.06% 组合74.7 撤-61.9%,1984笔 每天5.53 胜61% PF0.7900000214576721 均-0.74% 组合27.3 撤-74.0%,3328笔 每天9.27 胜64% PF1.0099999904632568 均+0.04% 组合72.6 撤-59.4%,0.79,6.17,-0.255,0.0
头部币,S_D145_0.01|glob,止盈1.5% 止损3% 12h,3,False,5382笔 每天7.12 胜66% PF0.9100000262260437 均-0.09% 组合65.0 撤-41.9%,3796笔 每天10.57 胜64% PF0.8199999928474426 均-0.20% 组合52.3 撤-49.2%,5938笔 每天16.54 胜64% PF0.8600000143051147 均-0.14% 组合50.9 撤-52.1%,0.82,11.41,-0.144,0.0
头部币,S_D145_0.01|none,止盈2% 止损5% 24h,0,False,5001笔 每天6.62 胜70% PF0.9300000071525574 均-0.10% 组合58.9 撤-47.6%,3550笔 每天9.89 胜68% PF0.8399999737739563 均-0.25% 组合47.5 撤-54.5%,5680笔 每天15.82 胜69% PF0.949999988079071 均-0.07% 组合73.8 撤-38.6%,0.84,10.78,-0.144,0.0
头部币,S_D145_0.01|none,止盈3% 止损8% 48h,1,False,3902笔 每天5.16 胜69% PF0.9399999976158142 均-0.12% 组合69.9 撤-47.4%,2803笔 每天7.81 胜68% PF0.8399999737739563 均-0.38% 组合35.3 撤-66.7%,4571笔 每天12.73 胜69% PF0.9900000095367432 均-0.02% 组合93.1 撤-51.0%,0.84,8.57,-0.174,0.0
头部币,S_D145_0.01|none,止盈5% 止损11% 72h,2,False,2951笔 每天3.9 胜64% PF0.9800000190734863 均-0.05% 组合84.7 撤-59.2%,2070笔 每天5.77 胜62% PF0.8100000023841858 均-0.65% 组合26.0 撤-75.3%,3519笔 每天9.8 胜64% PF1.0 均+0.00% 组合77.3 撤-61.7%,0.81,6.49,-0.231,0.0
头部币,S_D145_0.01|none,止盈1.5% 止损3% 12h,3,False,5834笔 每天7.72 胜66% PF0.9200000166893005 均-0.08% 组合64.2 撤-44.3%,4128笔 每天11.5 胜64% PF0.8299999833106995 均-0.18% 组合52.2 撤-49.6%,6495笔 每天18.09 胜65% PF0.8899999856948853 均-0.11% 组合54.7 撤-47.5%,0.83,12.44,-0.124,0.0
头部币,S_D145_0.02|any,止盈2% 止损5% 24h,0,False,287笔 每天0.38 胜76% PF1.2100000381469727 均+0.25% 组合107.5 撤-3.9%,222笔 每天0.62 胜67% PF0.7599999904632568 均-0.41% 组合91.8 撤-12.3%,184笔 每天0.51 胜73% PF1.059999942779541 均+0.08% 组合101.4 撤-2.6%,0.76,0.5,-0.026,0.0
头部币,S_D145_0.02|any,止盈3% 止损8% 48h,1,False,273笔 每天0.36 胜74% PF1.0199999809265137 均+0.04% 组合101.0 撤-15.0%,203笔 每天0.57 胜65% PF0.6899999976158142 均-0.86% 组合83.6 撤-21.6%,174笔 每天0.48 胜68% PF0.800000011920929 均-0.49% 组合91.6 撤-13.3%,0.69,0.47,-0.437,0.0
头部币,S_D145_0.02|any,止盈5% 止损11% 72h,2,False,259笔 每天0.34 胜74% PF1.409999966621399 均+1.05% 组合130.1 撤-7.8%,188笔 每天0.52 胜63% PF0.7699999809265137 均-0.90% 组合85.2 撤-16.3%,162笔 每天0.45 胜61% PF0.7099999785423279 均-1.20% 组合81.8 撤-24.3%,0.71,0.44,-0.35,0.0
头部币,S_D145_0.02|any,止盈1.5% 止损3% 12h,3,False,296笔 每天0.39 胜70% PF1.059999942779541 均+0.05% 组合101.4 撤-5.2%,231笔 每天0.64 胜64% PF0.7900000214576721 均-0.24% 组合94.6 撤-8.9%,187笔 每天0.52 胜67% PF0.9399999976158142 均-0.06% 组合98.9 撤-3.7%,0.79,0.52,-0.082,0.0
头部币,S_D145_0.02|glob,止盈2% 止损5% 24h,0,False,768笔 每天1.02 胜75% PF1.1200000047683716 均+0.16% 组合112.3 撤-10.3%,567笔 每天1.58 胜65% PF0.699999988079071 均-0.53% 组合76.5 撤-24.3%,524笔 每天1.46 胜70% PF0.9100000262260437 均-0.14% 组合92.6 撤-8.9%,0.7,1.35,-0.172,0.0
头部币,S_D145_0.02|glob,止盈3% 止损8% 48h,1,False,701笔 每天0.93 胜74% PF1.0299999713897705 均+0.06% 组合104.3 撤-21.1%,506笔 每天1.41 胜66% PF0.7200000286102295 均-0.74% 组合70.7 撤-31.1%,489笔 每天1.36 胜71% PF0.9100000262260437 均-0.20% 组合89.8 撤-19.6%,0.72,1.23,-0.295,0.0
头部币,S_D145_0.02|glob,止盈5% 止损11% 72h,2,False,631笔 每天0.83 胜72% PF1.2300000190734863 均+0.64% 组合139.0 撤-16.5%,447笔 每天1.25 胜64% PF0.8299999833106995 均-0.61% 组合72.9 撤-29.3%,441笔 每天1.23 胜68% PF0.9599999785423279 均-0.12% 组合92.4 撤-27.8%,0.83,1.1,-0.031,0.0
头部币,S_D145_0.02|glob,止盈1.5% 止损3% 12h,3,False,810笔 每天1.07 胜70% PF1.0499999523162842 均+0.04% 组合103.8 撤-8.8%,604笔 每天1.68 胜61% PF0.7200000286102295 均-0.34% 组合84.1 撤-18.9%,557笔 每天1.55 胜64% PF0.8100000023841858 均-0.21% 组合88.9 撤-11.8%,0.72,1.43,-0.168,0.0
头部币,S_D145_0.02|none,止盈2% 止损5% 24h,0,False,835笔 每天1.1 胜75% PF1.1299999952316284 均+0.16% 组合113.9 撤-12.0%,604笔 每天1.68 胜65% PF0.699999988079071 均-0.55% 组合74.1 撤-26.8%,577笔 每天1.61 胜71% PF0.9200000166893005 均-0.12% 组合93.3 撤-9.6%,0.7,1.46,-0.166,0.0
头部币,S_D145_0.02|none,止盈3% 止损8% 48h,1,False,760笔 每天1.01 胜74% PF1.0399999618530273 均+0.08% 组合103.7 撤-21.8%,538笔 每天1.5 胜66% PF0.7300000190734863 均-0.73% 组合68.3 撤-33.6%,529笔 每天1.47 胜70% PF0.8500000238418579 均-0.37% 组合81.3 撤-22.3%,0.73,1.33,-0.342,0.0
头部币,S_D145_0.02|none,止盈5% 止损11% 72h,2,False,679笔 每天0.9 胜71% PF1.190000057220459 均+0.54% 组合136.2 撤-17.0%,472笔 每天1.31 胜63% PF0.8100000023841858 均-0.72% 组合67.0 撤-35.3%,474笔 每天1.32 胜66% PF0.8899999856948853 均-0.40% 组合80.2 撤-32.8%,0.81,1.18,-0.197,0.0
头部币,S_D145_0.02|none,止盈1.5% 止损3% 12h,3,False,884笔 每天1.17 胜70% PF1.0399999618530273 均+0.04% 组合102.6 撤-10.6%,654笔 每天1.82 胜61% PF0.7099999785423279 均-0.36% 组合82.3 撤-20.1%,619笔 每天1.72 胜65% PF0.8299999833106995 均-0.19% 组合89.0 撤-11.8%,0.71,1.57,-0.169,0.0
全部币,L_A141_0.025|any,止盈2% 止损5% 24h,0,False,1927笔 每天2.55 胜71% PF0.9700000286102295 均-0.03% 组合84.9 撤-42.0%,1967笔 每天5.48 胜72% PF0.949999988079071 均-0.07% 组合95.1 撤-35.7%,14548笔 每天40.52 胜72% PF0.9900000095367432 均-0.01% 组合30.8 撤-72.5%,0.95,16.18,-0.038,0.0
全部币,L_A141_0.025|any,止盈3% 止损8% 48h,1,False,1731笔 每天2.29 胜70% PF1.0399999618530273 均+0.07% 组合93.6 撤-46.4%,1727笔 每天4.81 胜71% PF0.9800000190734863 均-0.04% 组合99.4 撤-43.9%,13003笔 每天36.22 胜71% PF0.9599999785423279 均-0.08% 组合22.6 撤-80.5%,0.96,14.44,-0.018,0.0
全部币,L_A141_0.025|any,止盈5% 止损11% 72h,2,False,1465笔 每天1.94 胜62% PF0.9599999785423279 均-0.14% 组合66.6 撤-61.9%,1470笔 每天4.09 胜67% PF1.100000023841858 均+0.29% 组合103.4 撤-47.2%,10991笔 每天30.62 胜64% PF0.9399999976158142 均-0.20% 组合28.8 撤-78.0%,0.94,12.22,-0.018,0.0
全部币,L_A141_0.025|any,止盈1.5% 止损3% 12h,3,False,2105笔 每天2.78 胜66% PF0.8999999761581421 均-0.10% 组合76.9 撤-36.9%,2163笔 每天6.03 胜67% PF0.9200000166893005 均-0.09% 组合84.9 撤-32.3%,15609笔 每天43.48 胜67% PF0.9399999976158142 均-0.06% 组合27.8 撤-75.4%,0.9,17.43,-0.08,0.0
全部币,L_A141_0.025|glob,止盈2% 止损5% 24h,0,False,2919笔 每天3.86 胜71% PF0.9700000286102295 均-0.04% 组合76.0 撤-51.5%,2755笔 每天7.67 胜72% PF0.9800000190734863 均-0.04% 组合91.7 撤-39.1%,20243笔 每天56.39 胜71% PF0.9800000190734863 均-0.03% 组合13.3 撤-88.8%,0.97,22.64,-0.036,0.0
全部币,L_A141_0.025|glob,止盈3% 止损8% 48h,1,False,2493笔 每天3.3 胜70% PF1.0299999713897705 均+0.06% 组合87.9 撤-55.4%,2341笔 每天6.52 胜72% PF1.0299999713897705 均+0.06% 组合125.0 撤-42.9%,17585笔 每天48.98 胜71% PF0.9599999785423279 均-0.08% 组合14.5 撤-88.5%,0.96,19.6,0.013,0.0
全部币,L_A141_0.025|glob,止盈5% 止损11% 72h,2,False,2040笔 每天2.7 胜64% PF1.0099999904632568 均+0.02% 组合82.0 撤-66.0%,1928笔 每天5.37 胜68% PF1.149999976158142 均+0.42% 组合115.2 撤-49.9%,14364笔 每天40.01 胜64% PF0.9599999785423279 均-0.14% 组合15.5 撤-88.1%,0.96,16.03,0.099,0.0
全部币,L_A141_0.025|glob,止盈1.5% 止损3% 12h,3,False,3314笔 每天4.38 胜66% PF0.9200000166893005 均-0.08% 组合70.0 撤-44.7%,3110笔 每天8.66 胜67% PF0.9399999976158142 均-0.06% 组合87.8 撤-32.2%,22197笔 每天61.83 胜67% PF0.9399999976158142 均-0.06% 组合14.3 撤-87.7%,0.92,24.96,-0.068,0.0
全部币,L_A141_0.025|none,止盈2% 止损5% 24h,0,False,3345笔 每天4.42 胜70% PF0.9599999785423279 均-0.06% 组合72.9 撤-54.5%,3295笔 每天9.18 胜72% PF1.0099999904632568 均+0.01% 组合86.6 撤-39.0%,24953笔 每天69.51 胜71% PF0.949999988079071 均-0.06% 组合8.7 撤-93.2%,0.95,27.7,-0.039,0.0
全部币,L_A141_0.025|none,止盈3% 止损8% 48h,1,False,2817笔 每天3.73 胜70% PF1.0399999618530273 均+0.07% 组合83.6 撤-55.6%,2755笔 每天7.67 胜72% PF1.0299999713897705 均+0.06% 组合108.3 撤-43.8%,21191笔 每天59.03 胜70% PF0.9300000071525574 均-0.16% 组合7.2 撤-94.6%,0.93,23.48,-0.011,0.0
全部币,L_A141_0.025|none,止盈5% 止损11% 72h,2,False,2287笔 每天3.03 胜65% PF1.0199999809265137 均+0.07% 组合77.0 撤-68.8%,2256笔 每天6.28 胜68% PF1.1699999570846558 均+0.46% 组合109.6 撤-52.4%,16968笔 每天47.26 胜64% PF0.9200000166893005 均-0.25% 组合18.7 撤-86.8%,0.92,18.86,0.094,0.0
全部币,L_A141_0.025|none,止盈1.5% 止损3% 12h,3,False,3851笔 每天5.09 胜66% PF0.9100000262260437 均-0.09% 组合66.8 撤-45.6%,3780笔 每天10.53 胜68% PF0.9900000095367432 均-0.01% 组合95.3 撤-28.4%,27989笔 每天77.96 胜66% PF0.9100000262260437 均-0.09% 组合8.0 撤-93.0%,0.91,31.19,-0.065,0.0
全部币,L_A141_0.025|own,止盈2% 止损5% 24h,0,False,406笔 每天0.54 胜71% PF1.0 均+0.00% 组合99.9 撤-11.0%,401笔 每天1.12 胜72% PF0.9800000190734863 均-0.03% 组合98.6 撤-15.9%,3706笔 每天10.32 胜71% PF0.949999988079071 均-0.08% 组合58.9 撤-45.1%,0.95,3.99,-0.034,0.0
全部币,L_A141_0.025|own,止盈3% 止损8% 48h,1,False,391笔 每天0.52 胜70% PF1.0199999809265137 均+0.04% 组合100.8 撤-17.6%,378笔 每天1.05 胜75% PF1.2100000381469727 均+0.38% 组合114.8 撤-15.4%,3530笔 每天9.83 胜71% PF0.9700000286102295 均-0.07% 组合53.3 撤-56.8%,0.97,3.8,0.118,0.0
全部币,L_A141_0.025|own,止盈5% 止损11% 72h,2,False,368笔 每天0.49 胜60% PF0.8700000047683716 均-0.40% 组合84.3 撤-30.0%,362笔 每天1.01 胜71% PF1.3200000524520874 均+0.82% 组合131.7 撤-15.3%,3274笔 每天9.12 胜64% PF0.949999988079071 均-0.18% 组合42.4 撤-68.7%,0.87,3.54,0.081,0.0
全部币,L_A141_0.025|own,止盈1.5% 止损3% 12h,3,False,430笔 每天0.57 胜67% PF1.0099999904632568 均+0.01% 组合100.1 撤-8.0%,416笔 每天1.16 胜68% PF1.0 均-0.00% 组合99.7 撤-10.9%,3880笔 每天10.81 胜67% PF0.9599999785423279 均-0.04% 组合66.3 撤-37.2%,0.96,4.18,-0.012,0.0
全部币,L_A141_0.02|any,止盈2% 止损5% 24h,0,False,3639笔 每天4.81 胜70% PF1.0 均-0.00% 组合89.8 撤-49.7%,3726笔 每天10.38 胜72% PF1.0099999904632568 均+0.02% 组合101.0 撤-34.5%,25979笔 每天72.36 胜70% PF0.9599999785423279 均-0.06% 组合17.5 撤-85.5%,0.96,29.18,-0.016,0.0
全部币,L_A141_0.02|any,止盈3% 止损8% 48h,1,False,3104笔 每天4.11 胜70% PF1.0399999618530273 均+0.08% 组合102.9 撤-58.6%,3084笔 每天8.59 胜72% PF1.0299999713897705 均+0.07% 组合93.5 撤-54.5%,21994笔 每天61.26 胜70% PF0.949999988079071 均-0.10% 组合28.3 撤-76.4%,0.95,24.65,0.014,0.0
全部币,L_A141_0.02|any,止盈5% 止损11% 72h,2,False,2431笔 每天3.22 胜63% PF1.0099999904632568 均+0.02% 组合71.7 撤-67.3%,2395笔 每天6.67 胜67% PF1.1299999952316284 均+0.37% 组合103.7 撤-56.1%,17336笔 每天48.29 胜62% PF0.9200000166893005 均-0.25% 组合26.3 撤-82.0%,0.92,19.39,0.046,0.0
全部币,L_A141_0.02|any,止盈1.5% 止损3% 12h,3,False,4050笔 每天5.36 胜65% PF0.8999999761581421 均-0.10% 组合65.5 撤-48.1%,4169笔 每天11.61 胜68% PF0.9700000286102295 均-0.03% 组合85.4 撤-38.5%,28737笔 每天80.05 胜66% PF0.9300000071525574 均-0.07% 组合14.2 撤-87.3%,0.9,32.34,-0.067,0.0
全部币,L_A141_0.02|glob,止盈2% 止损5% 24h,0,False,5061笔 每天6.69 胜70% PF0.9800000190734863 均-0.03% 组合76.2 撤-58.4%,4901笔 每天13.65 胜72% PF1.0099999904632568 均+0.01% 组合94.0 撤-39.7%,33992笔 每天94.69 胜70% PF0.9599999785423279 均-0.05% 组合9.2 撤-92.6%,0.96,38.34,-0.022,0.0
全部币,L_A141_0.02|glob,止盈3% 止损8% 48h,1,False,4074笔 每天5.39 胜70% PF1.0099999904632568 均+0.02% 组合72.3 撤-67.3%,3917笔 每天10.91 胜72% PF1.0299999713897705 均+0.07% 组合70.3 撤-65.5%,27946笔 每天77.84 胜70% PF0.9800000190734863 均-0.05% 组合15.7 撤-87.2%,0.98,31.38,0.012,0.0
全部币,L_A141_0.02|glob,止盈5% 止损11% 72h,2,False,3094笔 每天4.09 胜63% PF1.0099999904632568 均+0.04% 组合65.1 撤-71.1%,2965笔 每天8.26 胜67% PF1.1200000047683716 均+0.35% 组合94.2 撤-62.4%,21291笔 每天59.31 胜63% PF0.9599999785423279 均-0.13% 组合30.3 撤-81.1%,0.96,23.89,0.085,0.0
全部币,L_A141_0.02|glob,止盈1.5% 止损3% 12h,3,False,5875笔 每天7.77 胜66% PF0.9100000262260437 均-0.09% 组合56.6 撤-56.7%,5665笔 每天15.78 胜68% PF0.9800000190734863 均-0.02% 组合80.0 撤-44.5%,38539笔 每天107.35 胜66% PF0.9300000071525574 均-0.08% 组合8.3 撤-92.8%,0.91,43.63,-0.063,0.0
全部币,L_A141_0.02|none,止盈2% 止损5% 24h,0,False,5612笔 每天7.42 胜70% PF0.9700000286102295 均-0.04% 组合67.8 撤-63.1%,5618笔 每天15.65 胜72% PF1.0299999713897705 均+0.04% 组合96.3 撤-43.0%,39919笔 每天111.19 胜70% PF0.9399999976158142 均-0.08% 组合4.7 撤-96.5%,0.94,44.75,-0.028,0.0
全部币,L_A141_0.02|none,止盈3% 止损8% 48h,1,False,4448笔 每天5.88 胜69% PF1.0099999904632568 均+0.02% 组合70.8 撤-68.7%,4436笔 每天12.36 胜72% PF1.0399999618530273 均+0.08% 组合75.1 撤-65.9%,32198笔 每天89.69 胜70% PF0.949999988079071 均-0.10% 组合8.3 撤-93.8%,0.95,35.98,0.002,0.0
全部币,L_A141_0.02|none,止盈5% 止损11% 72h,2,False,3340笔 每天4.42 胜63% PF1.0099999904632568 均+0.04% 组合55.7 撤-75.7%,3282笔 每天9.14 胜67% PF1.1299999952316284 均+0.36% 组合110.5 撤-58.8%,24101笔 每天67.13 胜63% PF0.9399999976158142 均-0.19% 组合16.0 撤-89.3%,0.94,26.9,0.07,0.0
全部币,L_A141_0.02|none,止盈1.5% 止损3% 12h,3,False,6619笔 每天8.76 胜66% PF0.9100000262260437 均-0.09% 组合53.2 撤-58.9%,6598笔 每天18.38 胜68% PF0.9900000095367432 均-0.01% 组合85.4 撤-41.2%,46164笔 每天128.59 胜66% PF0.9100000262260437 均-0.10% 组合4.4 撤-96.3%,0.91,51.91,-0.066,0.0
全部币,L_A141_0.02|own,止盈2% 止损5% 24h,0,False,957笔 每天1.27 胜70% PF0.9800000190734863 均-0.03% 组合95.7 撤-21.3%,966笔 每天2.69 胜71% PF0.9800000190734863 均-0.02% 组合99.7 撤-18.9%,7812笔 每天21.76 胜70% PF0.9399999976158142 均-0.09% 组合42.6 撤-59.3%,0.94,8.57,-0.046,0.0
全部币,L_A141_0.02|own,止盈3% 止损8% 48h,1,False,893笔 每天1.18 胜70% PF1.0199999809265137 均+0.04% 组合99.5 撤-28.8%,900笔 每天2.51 胜72% PF1.059999942779541 均+0.12% 组合110.3 撤-24.6%,7236笔 每天20.16 胜70% PF0.9599999785423279 均-0.08% 组合37.7 撤-73.6%,0.96,7.95,0.029,0.0
全部币,L_A141_0.02|own,止盈5% 止损11% 72h,2,False,804笔 每天1.06 胜62% PF0.9399999976158142 均-0.19% 组合81.4 撤-45.7%,822笔 每天2.29 胜69% PF1.2300000190734863 均+0.61% 组合146.5 撤-26.4%,6435笔 每天17.92 胜63% PF0.9399999976158142 均-0.21% 组合53.2 撤-63.9%,0.94,7.09,0.072,0.0
全部币,L_A141_0.02|own,止盈1.5% 止损3% 12h,3,False,1012笔 每天1.34 胜66% PF0.9200000166893005 均-0.08% 组合91.8 撤-16.8%,1026笔 每天2.86 胜68% PF1.0199999809265137 均+0.02% 组合101.6 撤-15.8%,8260笔 每天23.01 胜67% PF0.9399999976158142 均-0.06% 组合47.1 撤-55.8%,0.92,9.07,-0.038,0.0
全部币,L_A141_0.035|any,止盈2% 止损5% 24h,0,False,613笔 每天0.81 胜76% PF1.2400000095367432 均+0.28% 组合117.0 撤-15.0%,628笔 每天1.75 胜70% PF0.8799999952316284 均-0.19% 组合87.2 撤-24.3%,5029笔 每天14.01 胜71% PF0.949999988079071 均-0.08% 组合36.2 撤-67.1%,0.88,5.52,0.005,0.0
全部币,L_A141_0.035|any,止盈3% 止损8% 48h,1,False,584笔 每天0.77 胜75% PF1.2300000190734863 均+0.40% 组合118.9 撤-20.3%,584笔 每天1.63 胜70% PF0.8899999856948853 均-0.25% 组合84.9 撤-33.5%,4701笔 每天13.09 胜72% PF0.9900000095367432 均-0.03% 组合40.3 撤-64.6%,0.89,5.16,0.039,0.0
全部币,L_A141_0.035|any,止盈5% 止损11% 72h,2,False,536笔 每天0.71 胜66% PF1.0499999523162842 均+0.16% 组合100.9 撤-28.9%,544笔 每天1.52 胜69% PF1.1299999952316284 均+0.38% 组合101.8 撤-37.2%,4313笔 每天12.01 胜66% PF0.9300000071525574 均-0.23% 组合24.4 撤-81.9%,0.93,4.75,0.102,0.0
全部币,L_A141_0.035|any,止盈1.5% 止损3% 12h,3,False,646笔 每天0.85 胜70% PF1.059999942779541 均+0.06% 组合102.6 撤-14.5%,663笔 每天1.85 胜66% PF0.8700000047683716 均-0.14% 组合91.0 撤-17.1%,5337笔 每天14.87 胜68% PF0.9800000190734863 均-0.02% 组合47.0 撤-55.3%,0.87,5.86,-0.035,0.0
全部币,L_A141_0.035|glob,止盈2% 止损5% 24h,0,False,1088笔 每天1.44 胜74% PF1.1299999952316284 均+0.17% 组合113.8 撤-18.7%,999笔 每天2.78 胜72% PF0.9700000286102295 均-0.05% 组合88.2 撤-25.3%,7849笔 每天21.86 胜71% PF0.949999988079071 均-0.07% 组合25.8 撤-77.1%,0.95,8.69,0.016,0.0
全部币,L_A141_0.035|glob,止盈3% 止损8% 48h,1,False,980笔 每天1.3 胜72% PF1.090000033378601 均+0.18% 组合105.7 撤-32.6%,907笔 每天2.53 胜72% PF0.9700000286102295 均-0.08% 组合91.8 撤-34.2%,7152笔 每天19.92 胜73% PF1.0199999809265137 均+0.04% 组合32.1 撤-74.0%,0.97,7.92,0.046,0.0
全部币,L_A141_0.035|glob,止盈5% 止损11% 72h,2,False,875笔 每天1.16 胜67% PF1.0700000524520874 均+0.19% 组合95.0 撤-38.0%,822笔 每天2.29 胜68% PF1.090000033378601 均+0.27% 组合110.9 撤-41.5%,6314笔 每天17.59 胜66% PF0.949999988079071 均-0.16% 组合28.0 撤-80.6%,0.95,7.01,0.097,0.0
全部币,L_A141_0.035|glob,止盈1.5% 止损3% 12h,3,False,1177笔 每天1.56 胜68% PF0.9700000286102295 均-0.03% 组合96.1 撤-19.5%,1086笔 每天3.03 胜68% PF0.9599999785423279 均-0.04% 组合95.4 撤-15.9%,8447笔 每天23.53 胜67% PF0.9300000071525574 均-0.07% 组合32.0 撤-71.2%,0.93,9.37,-0.046,0.0
全部币,L_A141_0.035|none,止盈2% 止损5% 24h,0,False,1299笔 每天1.72 胜73% PF1.090000033378601 均+0.11% 组合104.9 撤-22.6%,1272笔 每天3.54 胜73% PF1.0299999713897705 均+0.04% 组合95.2 撤-22.2%,10924笔 每天30.43 胜71% PF0.9300000071525574 均-0.10% 组合15.0 撤-87.1%,0.93,11.9,0.015,0.0
全部币,L_A141_0.035|none,止盈3% 止损8% 48h,1,False,1155笔 每天1.53 胜72% PF1.1100000143051147 均+0.20% 组合106.5 撤-33.5%,1136笔 每天3.16 胜73% PF1.0 均+0.00% 组合97.2 撤-33.6%,9689笔 每天26.99 胜72% PF0.9599999785423279 均-0.09% 组合17.0 撤-87.8%,0.96,10.56,0.04,0.0
全部币,L_A141_0.035|none,止盈5% 止损11% 72h,2,False,1024笔 每天1.35 胜67% PF1.1100000143051147 均+0.32% 组合104.8 撤-35.0%,1004笔 每天2.8 胜69% PF1.1399999856948853 均+0.40% 组合112.2 撤-42.8%,8317笔 每天23.17 胜65% PF0.9300000071525574 均-0.25% 组合14.6 撤-89.8%,0.93,9.11,0.159,0.0
全部币,L_A141_0.035|none,止盈1.5% 止损3% 12h,3,False,1439笔 每天1.9 胜68% PF0.9900000095367432 均-0.01% 组合96.5 撤-18.5%,1404笔 每天3.91 胜70% PF1.0399999618530273 均+0.04% 组合98.0 撤-14.9%,12058笔 每天33.59 胜66% PF0.8799999952316284 均-0.13% 组合17.4 撤-83.8%,0.88,13.13,-0.034,0.0
全部币,L_A141_0.035|own,止盈2% 止损5% 24h,0,False,109笔 每天0.14 胜78% PF1.4700000286102295 均+0.47% 组合105.2 撤-3.8%,102笔 每天0.28 胜74% PF1.0399999618530273 均+0.06% 组合100.5 撤-4.9%,1085笔 每天3.02 胜72% PF0.9599999785423279 均-0.05% 组合78.5 撤-23.7%,0.96,1.15,0.16,0.0
全部币,L_A141_0.035|own,止盈3% 止损8% 48h,1,False,107笔 每天0.14 胜76% PF1.309999942779541 均+0.50% 组合105.4 撤-5.5%,100笔 每天0.28 胜76% PF1.1699999570846558 均+0.33% 组合103.1 撤-7.4%,1048笔 每天2.92 胜72% PF1.0 均-0.00% 组合85.0 撤-20.0%,1.0,1.11,0.276,0.0
全部币,L_A141_0.035|own,止盈5% 止损11% 72h,2,False,104笔 每天0.14 胜65% PF1.0499999523162842 均+0.14% 组合100.9 撤-9.7%,97笔 每天0.27 胜71% PF1.1799999475479126 均+0.51% 组合104.6 撤-7.1%,1008笔 每天2.81 胜67% PF1.0 均+0.01% 组合75.2 撤-34.5%,1.0,1.07,0.22,0.0
全部币,L_A141_0.035|own,止盈1.5% 止损3% 12h,3,False,110笔 每天0.15 胜82% PF2.240000009536743 均+0.65% 组合107.3 撤-1.3%,105笔 每天0.29 胜70% PF1.0399999618530273 均+0.04% 组合100.4 撤-2.8%,1132笔 每天3.15 胜70% PF1.090000033378601 均+0.08% 组合85.1 撤-18.1%,1.04,1.2,0.256,0.0
全部币,L_A141_0.03|any,止盈2% 止损5% 24h,0,False,1048笔 每天1.39 胜73% PF1.1200000047683716 均+0.15% 组合110.7 撤-23.7%,1108笔 每天3.09 胜70% PF0.8600000143051147 均-0.21% 组合87.3 撤-33.9%,8464笔 每天23.58 胜72% PF0.9900000095367432 均-0.01% 组合34.2 撤-68.6%,0.86,9.35,-0.023,0.0
全部币,L_A141_0.03|any,止盈3% 止损8% 48h,1,False,964笔 每天1.28 胜72% PF1.1100000143051147 均+0.21% 组合112.0 撤-29.5%,1004笔 每天2.8 胜70% PF0.9100000262260437 均-0.21% 组合85.2 撤-45.0%,7807笔 每天21.75 胜72% PF1.0 均-0.01% 组合36.4 撤-69.7%,0.91,8.61,-0.003,0.0
全部币,L_A141_0.03|any,止盈5% 止损11% 72h,2,False,868笔 每天1.15 胜64% PF1.0 均-0.01% 组合84.2 撤-43.0%,901笔 每天2.51 胜67% PF1.059999942779541 均+0.19% 组合104.7 撤-47.7%,6922笔 每天19.28 胜65% PF0.949999988079071 均-0.16% 组合29.3 撤-78.7%,0.95,7.65,0.008,0.0
全部币,L_A141_0.03|any,止盈1.5% 止损3% 12h,3,False,1110笔 每天1.47 胜69% PF1.059999942779541 均+0.05% 组合102.8 撤-17.3%,1181笔 每天3.29 胜65% PF0.8399999737739563 均-0.17% 组合84.7 撤-24.5%,8995笔 每天25.06 胜68% PF0.9700000286102295 均-0.03% 组合44.5 撤-59.6%,0.84,9.94,-0.049,0.0
全部币,L_A141_0.03|glob,止盈2% 止损5% 24h,0,False,1753笔 每天2.32 胜72% PF1.0399999618530273 均+0.05% 组合100.5 撤-35.1%,1642笔 每天4.57 胜70% PF0.8899999856948853 均-0.16% 组合84.9 撤-38.8%,12538笔 每天34.92 胜72% PF0.9800000190734863 均-0.03% 组合20.9 撤-82.0%,0.89,13.94,-0.049,0.0
全部币,L_A141_0.03|glob,止盈3% 止损8% 48h,1,False,1537笔 每天2.03 胜71% PF1.0700000524520874 均+0.13% 组合106.2 撤-41.3%,1445笔 每天4.03 胜71% PF0.9300000071525574 均-0.15% 组合94.4 撤-46.3%,11230笔 每天31.28 胜72% PF1.0 均+0.00% 组合20.4 撤-83.5%,0.93,12.45,-0.005,0.0
全部币,L_A141_0.03|glob,止盈5% 止损11% 72h,2,False,1326笔 每天1.75 胜65% PF1.0099999904632568 均+0.02% 组合89.4 撤-51.9%,1253笔 每天3.49 胜68% PF1.0800000429153442 均+0.23% 组合122.7 撤-47.7%,9582笔 每天26.69 胜66% PF0.9599999785423279 均-0.12% 组合29.6 撤-79.2%,0.96,10.64,0.042,0.0
全部币,L_A141_0.03|glob,止盈1.5% 止损3% 12h,3,False,1932笔 每天2.56 胜68% PF1.0 均-0.00% 组合93.4 撤-25.1%,1807笔 每天5.03 胜66% PF0.8899999856948853 均-0.11% 组合85.8 撤-25.8%,13523笔 每天37.67 胜67% PF0.9399999976158142 均-0.06% 组合26.0 撤-77.5%,0.89,15.09,-0.059,0.0
全部币,L_A141_0.03|none,止盈2% 止损5% 24h,0,False,2056笔 每天2.72 胜72% PF1.0399999618530273 均+0.05% 组合99.2 撤-35.4%,2053笔 每天5.72 胜71% PF0.949999988079071 均-0.07% 组合88.8 撤-33.9%,16347笔 每天45.53 胜71% PF0.949999988079071 均-0.07% 组合11.9 撤-89.7%,0.95,17.99,-0.032,0.0
全部币,L_A141_0.03|none,止盈3% 止损8% 48h,1,False,1767笔 每天2.34 胜71% PF1.0700000524520874 均+0.14% 组合106.9 撤-45.1%,1776笔 每天4.95 胜71% PF0.949999988079071 均-0.11% 组合93.2 撤-47.0%,14302笔 每天39.84 胜71% PF0.9599999785423279 均-0.09% 组合10.3 撤-92.3%,0.95,15.71,-0.019,0.0
全部币,L_A141_0.03|none,止盈5% 止损11% 72h,2,False,1510笔 每天2.0 胜66% PF1.0399999618530273 均+0.12% 组合91.9 撤-49.9%,1523笔 每天4.24 胜68% PF1.1399999856948853 均+0.39% 组合143.3 撤-42.0%,11917笔 每天33.19 胜65% PF0.9300000071525574 均-0.24% 组合17.2 撤-88.6%,0.93,13.14,0.09,0.0
全部币,L_A141_0.03|none,止盈1.5% 止损3% 12h,3,False,2305笔 每天3.05 胜68% PF0.9900000095367432 均-0.01% 组合95.4 撤-24.2%,2288笔 每天6.37 胜68% PF0.949999988079071 均-0.05% 组合90.7 撤-24.4%,18089笔 每天50.39 胜66% PF0.9100000262260437 均-0.09% 组合13.9 撤-87.6%,0.91,19.94,-0.051,0.0
全部币,L_A141_0.03|own,止盈2% 止损5% 24h,0,False,200笔 每天0.26 胜72% PF1.1399999856948853 均+0.16% 组合103.2 撤-6.6%,200笔 每天0.56 胜70% PF0.8999999761581421 均-0.16% 组合96.6 撤-12.4%,1937笔 每天5.4 胜72% PF0.9800000190734863 均-0.03% 组合84.6 撤-26.2%,0.9,2.07,-0.009,0.0
全部币,L_A141_0.03|own,止盈3% 止损8% 48h,1,False,190笔 每天0.25 胜66% PF0.8500000238418579 均-0.34% 组合93.5 撤-14.7%,193笔 每天0.54 胜74% PF1.059999942779541 均+0.13% 组合101.8 撤-12.8%,1851笔 每天5.16 胜71% PF0.9700000286102295 均-0.07% 组合65.0 撤-42.3%,0.85,1.98,-0.092,0.0
全部币,L_A141_0.03|own,止盈5% 止损11% 72h,2,False,183笔 每天0.24 胜58% PF0.7699999809265137 均-0.81% 组合85.3 撤-25.6%,190笔 每天0.53 胜70% PF1.1699999570846558 均+0.49% 组合108.5 撤-12.8%,1762笔 每天4.91 胜66% PF0.9700000286102295 均-0.08% 组合58.3 撤-52.4%,0.77,1.89,-0.135,0.0
全部币,L_A141_0.03|own,止盈1.5% 止损3% 12h,3,False,205笔 每天0.27 胜72% PF1.3700000047683716 均+0.28% 组合105.8 撤-2.9%,205笔 每天0.57 胜66% PF0.8799999952316284 均-0.13% 组合97.2 撤-7.5%,2029笔 每天5.65 胜69% PF1.0399999618530273 均+0.04% 组合89.1 撤-24.4%,0.88,2.16,0.062,0.0
全部币,L_A141_0.04|any,止盈2% 止损5% 24h,0,False,383笔 每天0.51 胜77% PF1.309999942779541 均+0.35% 组合111.4 撤-12.5%,355笔 每天0.99 胜72% PF0.9800000190734863 均-0.03% 组合97.1 撤-11.4%,3200笔 每天8.91 胜72% PF1.0099999904632568 均+0.02% 组合52.4 撤-52.1%,0.98,3.47,0.113,0.0
全部币,L_A141_0.04|any,止盈3% 止损8% 48h,1,False,366笔 每天0.48 胜77% PF1.3899999856948853 均+0.62% 组合120.8 撤-16.4%,335笔 每天0.93 胜71% PF0.9100000262260437 均-0.21% 组合92.0 撤-23.0%,3015笔 每天8.4 胜73% PF0.9900000095367432 均-0.01% 组合42.4 撤-61.2%,0.91,3.27,0.132,0.0
全部币,L_A141_0.04|any,止盈5% 止损11% 72h,2,False,345笔 每天0.46 胜70% PF1.2699999809265137 均+0.68% 组合115.5 撤-26.4%,315笔 每天0.88 胜70% PF1.1699999570846558 均+0.49% 组合112.4 撤-19.7%,2819笔 每天7.85 胜66% PF0.9200000166893005 均-0.26% 组合37.4 撤-70.6%,0.92,3.06,0.305,0.0
全部币,L_A141_0.04|any,止盈1.5% 止损3% 12h,3,False,397笔 每天0.53 胜72% PF1.1799999475479126 均+0.15% 组合104.9 撤-9.0%,375笔 每天1.04 胜68% PF0.9700000286102295 均-0.03% 组合98.9 撤-8.4%,3371笔 每天9.39 胜70% PF1.0800000429153442 均+0.07% 组合66.8 撤-37.0%,0.97,3.65,0.064,0.0
全部币,L_A141_0.04|glob,止盈2% 止损5% 24h,0,False,711笔 每天0.94 胜76% PF1.2100000381469727 均+0.25% 组合114.9 撤-15.5%,609笔 每天1.7 胜74% PF1.0499999523162842 均+0.07% 组合99.9 撤-13.7%,5226笔 每天14.56 胜72% PF1.0 均-0.00% 组合36.6 撤-67.7%,1.0,5.73,0.107,0.0
全部币,L_A141_0.04|glob,止盈3% 止损8% 48h,1,False,650笔 每天0.86 胜74% PF1.1699999570846558 均+0.32% 组合111.7 撤-23.1%,557笔 每天1.55 胜73% PF1.0 均-0.00% 组合100.0 撤-22.9%,4820笔 每天13.43 胜73% PF1.0299999713897705 均+0.06% 组合35.8 撤-68.5%,1.0,5.28,0.126,0.0
全部币,L_A141_0.04|glob,止盈5% 止损11% 72h,2,False,595笔 每天0.79 胜69% PF1.190000057220459 均+0.51% 组合113.7 撤-32.7%,519笔 每天1.45 胜69% PF1.1399999856948853 均+0.41% 组合123.9 撤-24.1%,4328笔 每天12.06 胜66% PF0.949999988079071 均-0.17% 组合33.9 撤-76.4%,0.95,4.77,0.253,0.0
全部币,L_A141_0.04|glob,止盈1.5% 止损3% 12h,3,False,751笔 每天0.99 胜68% PF0.9700000286102295 均-0.03% 组合96.3 撤-13.7%,651笔 每天1.81 胜70% PF1.0700000524520874 均+0.06% 组合101.3 撤-10.5%,5593笔 每天15.58 胜68% PF0.9599999785423279 均-0.04% 组合45.0 撤-58.8%,0.96,6.13,-0.002,0.0
全部币,L_A141_0.04|none,止盈2% 止损5% 24h,0,False,873笔 每天1.15 胜76% PF1.2300000190734863 均+0.28% 组合119.3 撤-15.1%,807笔 每天2.25 胜75% PF1.1299999952316284 均+0.17% 组合105.5 撤-12.8%,7697笔 每天21.44 胜71% PF0.9399999976158142 均-0.09% 组合24.6 撤-79.4%,0.94,8.28,0.119,0.0
全部币,L_A141_0.04|none,止盈3% 止损8% 48h,1,False,780笔 每天1.03 胜75% PF1.25 均+0.44% 组合122.8 撤-20.8%,719笔 每天2.0 胜73% PF1.0099999904632568 均+0.03% 组合96.0 撤-27.6%,6867笔 每天19.13 胜72% PF0.9399999976158142 均-0.13% 组合17.9 撤-85.7%,0.94,7.39,0.112,0.0
全部币,L_A141_0.04|none,止盈5% 止损11% 72h,2,False,705笔 每天0.93 胜69% PF1.2100000381469727 均+0.57% 组合111.0 撤-34.5%,651笔 每天1.81 胜70% PF1.190000057220459 均+0.54% 组合134.3 撤-23.9%,6030笔 每天16.8 胜65% PF0.9300000071525574 均-0.25% 组合20.4 撤-86.4%,0.93,6.51,0.285,0.0
全部币,L_A141_0.04|none,止盈1.5% 止损3% 12h,3,False,938笔 每天1.24 胜69% PF1.0199999809265137 均+0.02% 组合97.8 撤-14.4%,872笔 每天2.43 胜71% PF1.1200000047683716 均+0.11% 组合106.6 撤-8.3%,8458笔 每天23.56 胜66% PF0.8799999952316284 均-0.13% 组合25.3 撤-76.2%,0.88,9.08,-0.0,0.0
全部币,L_A141_0.04|own,止盈2% 止损5% 24h,0,False,70笔 每天0.09 胜80% PF1.600000023841858 均+0.58% 组合104.1 撤-2.4%,64笔 每天0.18 胜80% PF1.4700000286102295 均+0.49% 组合103.2 撤-2.1%,647笔 每天1.8 胜74% PF1.100000023841858 均+0.13% 组合88.7 撤-14.0%,1.1,0.69,0.4,0.0
全部币,L_A141_0.04|own,止盈3% 止损8% 48h,1,False,69笔 每天0.09 胜80% PF1.7200000286102295 均+0.94% 组合106.6 撤-3.4%,62笔 每天0.17 胜79% PF1.440000057220459 均+0.69% 组合104.3 撤-2.4%,620笔 每天1.73 胜75% PF1.0800000429153442 均+0.17% 组合86.8 撤-18.4%,1.08,0.66,0.603,0.0
全部币,L_A141_0.04|own,止盈5% 止损11% 72h,2,False,68笔 每天0.09 胜75% PF1.5800000429153442 均+1.31% 组合109.0 撤-5.6%,61笔 每天0.17 胜79% PF1.7999999523162842 均+1.63% 组合110.2 撤-3.3%,604笔 每天1.68 胜68% PF1.0499999523162842 均+0.14% 组合72.2 撤-32.5%,1.05,0.65,1.029,0.0
全部币,L_A141_0.04|own,止盈1.5% 止损3% 12h,3,False,70笔 每天0.09 胜80% PF1.8200000524520874 均+0.51% 组合103.6 撤-1.2%,65笔 每天0.18 胜74% PF1.2799999713897705 均+0.23% 组合101.5 撤-1.4%,669笔 每天1.86 胜71% PF1.100000023841858 均+0.09% 组合91.9 撤-11.3%,1.1,0.71,0.28,0.0
全部币,L_A142_0.025|any,止盈2% 止损5% 24h,0,False,1670笔 每天2.21 胜70% PF0.9200000166893005 均-0.12% 组合75.8 撤-36.3%,1938笔 每天5.4 胜72% PF0.9900000095367432 均-0.02% 组合96.5 撤-34.9%,14919笔 每天41.56 胜72% PF1.0 均-0.01% 组合31.8 撤-72.1%,0.92,16.39,-0.048,0.0
全部币,L_A142_0.025|any,止盈3% 止损8% 48h,1,False,1498笔 每天1.98 胜71% PF1.0299999713897705 均+0.05% 组合95.8 撤-32.5%,1687笔 每天4.7 胜72% PF1.0299999713897705 均+0.06% 组合116.0 撤-45.8%,13146笔 每天36.62 胜71% PF0.9700000286102295 均-0.07% 组合25.8 撤-79.5%,0.97,14.43,0.015,0.0
全部币,L_A142_0.025|any,止盈5% 止损11% 72h,2,False,1273笔 每天1.68 胜63% PF0.949999988079071 均-0.14% 组合67.8 撤-53.7%,1410笔 每天3.93 胜69% PF1.149999976158142 均+0.43% 组合122.7 撤-47.7%,10868笔 每天30.27 胜64% PF0.9200000166893005 均-0.27% 组合29.7 撤-77.8%,0.92,11.96,0.004,0.0
全部币,L_A142_0.025|any,止盈1.5% 止损3% 12h,3,False,1835笔 每天2.43 胜65% PF0.8600000143051147 均-0.14% 组合72.0 撤-34.5%,2149笔 每天5.99 胜66% PF0.9100000262260437 均-0.10% 组合81.6 撤-29.4%,16337笔 每天45.51 胜67% PF0.9300000071525574 均-0.07% 组合21.1 撤-80.0%,0.86,17.98,-0.106,0.0
全部币,L_A142_0.025|glob,止盈2% 止损5% 24h,0,False,2607笔 每天3.45 胜70% PF0.9100000262260437 均-0.14% 组合61.0 撤-51.9%,2711笔 每天7.55 胜73% PF1.0099999904632568 均+0.01% 组合94.1 撤-39.5%,20496笔 每天57.09 胜71% PF0.949999988079071 均-0.07% 组合13.2 撤-88.5%,0.91,22.7,-0.064,0.0
全部币,L_A142_0.025|glob,止盈3% 止损8% 48h,1,False,2196笔 每天2.9 胜70% PF0.9800000190734863 均-0.04% 组合69.7 撤-53.0%,2267笔 每天6.31 胜73% PF1.0800000429153442 均+0.15% 组合121.4 撤-45.9%,17623笔 每天49.09 胜71% PF0.9599999785423279 均-0.09% 组合13.1 撤-90.8%,0.96,19.43,0.007,0.0
全部币,L_A142_0.025|glob,止盈5% 止损11% 72h,2,False,1801笔 每天2.38 胜64% PF0.949999988079071 均-0.15% 组合53.3 撤-67.1%,1824笔 每天5.08 胜70% PF1.190000057220459 均+0.55% 组合139.8 撤-46.4%,14218笔 每天39.6 胜65% PF0.949999988079071 均-0.17% 组合18.8 撤-87.9%,0.95,15.69,0.074,0.0
全部币,L_A142_0.025|glob,止盈1.5% 止损3% 12h,3,False,2973笔 每天3.93 胜65% PF0.8500000238418579 均-0.16% 组合58.9 撤-47.7%,3069笔 每天8.55 胜68% PF0.9599999785423279 均-0.04% 组合82.0 撤-30.9%,22821笔 每天63.57 胜66% PF0.8999999761581421 均-0.11% 组合9.1 撤-91.3%,0.85,25.35,-0.102,0.0
全部币,L_A142_0.025|none,止盈2% 止损5% 24h,0,False,2981笔 每天3.94 胜70% PF0.9100000262260437 均-0.14% 组合59.9 撤-52.2%,3211笔 每天8.94 胜74% PF1.059999942779541 均+0.08% 组合101.9 撤-38.6%,25427笔 每天70.83 胜70% PF0.9300000071525574 均-0.10% 组合8.1 撤-93.3%,0.91,27.9,-0.056,0.0
全部币,L_A142_0.025|none,止盈3% 止损8% 48h,1,False,2484笔 每天3.29 胜70% PF0.9900000095367432 均-0.02% 组合71.7 撤-50.5%,2628笔 每天7.32 胜73% PF1.0700000524520874 均+0.14% 组合117.2 撤-46.3%,21265笔 每天59.23 胜71% PF0.9300000071525574 均-0.16% 组合8.8 撤-94.0%,0.93,23.28,-0.015,0.0
全部币,L_A142_0.025|none,止盈5% 止损11% 72h,2,False,2020笔 每天2.67 胜64% PF0.9800000190734863 均-0.07% 组合58.3 撤-62.5%,2104笔 每天5.86 胜69% PF1.1699999570846558 均+0.48% 组合117.6 撤-48.2%,16759笔 每天46.68 胜64% PF0.9200000166893005 均-0.27% 组合11.6 撤-93.4%,0.92,18.4,0.046,0.0
全部币,L_A142_0.025|none,止盈1.5% 止损3% 12h,3,False,3444笔 每天4.56 胜65% PF0.8600000143051147 均-0.14% 组合61.4 撤-45.1%,3712笔 每天10.34 胜68% PF0.9800000190734863 均-0.02% 组合82.3 撤-29.5%,29090笔 每天81.03 胜66% PF0.8799999952316284 均-0.13% 组合3.3 撤-96.8%,0.86,31.98,-0.1,0.0
全部币,L_A142_0.025|own,止盈2% 止损5% 24h,0,False,576笔 每天0.76 胜71% PF0.949999988079071 均-0.07% 组合92.7 撤-18.3%,706笔 每天1.97 胜74% PF1.090000033378601 均+0.11% 组合101.8 撤-18.6%,5396笔 每天15.03 胜73% PF1.0399999618530273 均+0.05% 组合70.5 撤-33.1%,0.95,5.92,0.031,0.0
全部币,L_A142_0.025|own,止盈3% 止损8% 48h,1,False,555笔 每天0.73 胜71% PF1.0399999618530273 均+0.08% 组合101.8 撤-17.5%,640笔 每天1.78 胜78% PF1.3600000143051147 均+0.60% 组合126.5 撤-12.6%,4992笔 每天13.91 胜72% PF1.0199999809265137 均+0.04% 组合59.4 撤-48.6%,1.02,5.47,0.239,0.0
全部币,L_A142_0.025|own,止盈5% 止损11% 72h,2,False,515笔 每天0.68 胜64% PF0.9399999976158142 均-0.19% 组合82.6 撤-32.6%,577笔 每天1.61 胜72% PF1.3899999856948853 均+0.99% 组合142.9 撤-20.3%,4421笔 每天12.31 胜65% PF0.949999988079071 均-0.17% 组合46.0 撤-64.4%,0.94,4.87,0.208,0.0
全部币,L_A142_0.025|own,止盈1.5% 止损3% 12h,3,False,593笔 每天0.78 胜65% PF0.8799999952316284 均-0.12% 组合91.3 撤-16.3%,755笔 每天2.1 胜68% PF0.9599999785423279 均-0.04% 组合94.7 撤-13.8%,5735笔 每天15.97 胜68% PF1.0 均+0.00% 组合74.8 撤-31.2%,0.88,6.28,-0.052,0.0
全部币,L_A142_0.02|any,止盈2% 止损5% 24h,0,False,3459笔 每天4.58 胜70% PF0.9300000071525574 均-0.10% 组合58.9 撤-56.4%,3933笔 每天10.96 胜72% PF0.9800000190734863 均-0.02% 组合89.0 撤-37.9%,27896笔 每天77.7 胜71% PF0.9599999785423279 均-0.05% 组合11.8 撤-90.9%,0.93,31.08,-0.059,0.0
全部币,L_A142_0.02|any,止盈3% 止损8% 48h,1,False,2931笔 每天3.88 胜69% PF0.949999988079071 均-0.10% 组合59.9 撤-62.8%,3216笔 每天8.96 胜72% PF1.0299999713897705 均+0.06% 组合109.6 撤-50.1%,23344笔 每天65.03 胜70% PF0.9599999785423279 均-0.09% 组合32.2 撤-76.7%,0.95,25.96,-0.047,0.0
全部币,L_A142_0.02|any,止盈5% 止损11% 72h,2,False,2280笔 每天3.02 胜62% PF0.9300000071525574 均-0.22% 组合54.4 撤-65.5%,2458笔 每天6.85 胜67% PF1.100000023841858 均+0.29% 组合122.9 撤-57.6%,17900笔 每天49.86 胜63% PF0.9100000262260437 均-0.29% 组合17.7 撤-86.7%,0.91,19.91,-0.076,0.0
全部币,L_A142_0.02|any,止盈1.5% 止损3% 12h,3,False,3886笔 每天5.14 胜65% PF0.8600000143051147 均-0.15% 组合50.7 撤-52.5%,4531笔 每天12.62 胜67% PF0.9300000071525574 均-0.07% 组合68.9 撤-41.5%,31409笔 每天87.49 胜66% PF0.9200000166893005 均-0.08% 组合8.8 撤-92.1%,0.86,35.08,-0.102,0.0
全部币,L_A142_0.02|glob,止盈2% 止损5% 24h,0,False,4845笔 每天6.41 胜70% PF0.9200000166893005 均-0.11% 组合50.1 撤-64.5%,5134笔 每天14.3 胜72% PF0.9900000095367432 均-0.01% 组合82.6 撤-41.4%,36149笔 每天100.69 胜71% PF0.9599999785423279 均-0.06% 组合9.5 撤-92.4%,0.92,40.47,-0.062,0.0
全部币,L_A142_0.02|glob,止盈3% 止损8% 48h,1,False,3875笔 每天5.13 胜69% PF0.9700000286102295 均-0.07% 组合59.7 撤-64.5%,4027笔 每天11.22 胜72% PF1.0499999523162842 均+0.10% 组合102.2 撤-51.9%,29477笔 每天82.11 胜71% PF0.9700000286102295 均-0.05% 组合19.5 撤-86.6%,0.97,32.82,-0.008,0.0
全部币,L_A142_0.02|glob,止盈5% 止损11% 72h,2,False,2907笔 每天3.85 胜63% PF0.9700000286102295 均-0.10% 组合48.2 撤-72.0%,2987笔 每天8.32 胜68% PF1.1399999856948853 均+0.41% 组合123.9 撤-56.6%,22024笔 每天61.35 胜64% PF0.949999988079071 均-0.14% 组合34.6 撤-80.4%,0.95,24.51,0.054,0.0
全部币,L_A142_0.02|glob,止盈1.5% 止损3% 12h,3,False,5686笔 每天7.52 胜64% PF0.8600000143051147 均-0.15% 组合37.8 撤-65.2%,6065笔 每天16.89 胜67% PF0.949999988079071 均-0.05% 组合66.0 撤-43.5%,41610笔 每天115.91 胜66% PF0.9200000166893005 均-0.09% 组合3.8 撤-96.5%,0.86,46.77,-0.097,0.0
全部币,L_A142_0.02|none,止盈2% 止损5% 24h,0,False,5336笔 每天7.06 胜69% PF0.9100000262260437 均-0.13% 组合44.4 撤-66.6%,5858笔 每天16.32 胜72% PF1.0199999809265137 均+0.02% 组合92.8 撤-38.7%,42413笔 每天118.14 胜70% PF0.9300000071525574 均-0.09% 组合4.1 撤-96.8%,0.91,47.17,-0.066,0.0
全部币,L_A142_0.02|none,止盈3% 止损8% 48h,1,False,4206笔 每天5.56 胜69% PF0.9800000190734863 均-0.05% 组合54.0 撤-66.6%,4484笔 每天12.49 胜72% PF1.0499999523162842 均+0.09% 组合97.6 撤-51.1%,33700笔 每天93.87 胜70% PF0.949999988079071 均-0.11% 组合11.6 撤-91.5%,0.95,37.31,-0.022,0.0
全部币,L_A142_0.02|none,止盈5% 止损11% 72h,2,False,3114笔 每天4.12 胜63% PF0.9800000190734863 均-0.06% 组合52.0 撤-67.9%,3263笔 每天9.09 胜67% PF1.1299999952316284 均+0.37% 组合101.5 撤-61.1%,24768笔 每天68.99 胜64% PF0.9300000071525574 均-0.22% 组合14.3 撤-92.0%,0.93,27.4,0.028,0.0
全部币,L_A142_0.02|none,止盈1.5% 止损3% 12h,3,False,6356笔 每天8.41 胜65% PF0.8600000143051147 均-0.15% 组合36.0 撤-66.8%,6991笔 每天19.47 胜68% PF0.9700000286102295 均-0.03% 组合66.2 撤-43.9%,50004笔 每天139.29 胜66% PF0.8999999761581421 均-0.10% 组合1.6 撤-98.5%,0.86,55.72,-0.096,0.0
全部币,L_A142_0.02|own,止盈2% 止损5% 24h,0,False,1413笔 每天1.87 胜70% PF0.9399999976158142 均-0.08% 组合83.9 撤-30.6%,1569笔 每天4.37 胜71% PF0.9399999976158142 均-0.08% 组合83.7 撤-30.7%,11490笔 每天32.01 胜71% PF0.9900000095367432 均-0.01% 组合32.8 撤-70.2%,0.94,12.75,-0.059,0.0
全部币,L_A142_0.02|own,止盈3% 止损8% 48h,1,False,1284笔 每天1.7 胜69% PF0.949999988079071 均-0.11% 组合78.2 撤-40.8%,1389笔 每天3.87 胜73% PF1.0800000429153442 均+0.15% 组合101.5 撤-38.8%,10243笔 每天28.53 胜71% PF0.9700000286102295 均-0.07% 组合32.1 撤-73.7%,0.95,11.37,-0.008,0.0
全部币,L_A142_0.02|own,止盈5% 止损11% 72h,2,False,1115笔 每天1.47 胜60% PF0.8500000238418579 均-0.51% 组合45.3 撤-65.5%,1168笔 每天3.25 胜68% PF1.149999976158142 均+0.43% 组合114.4 撤-52.8%,8597笔 每天23.95 胜63% PF0.9200000166893005 均-0.28% 组合23.2 撤-82.3%,0.85,9.56,-0.12,0.0
全部币,L_A142_0.02|own,止盈1.5% 止损3% 12h,3,False,1484笔 每天1.96 胜64% PF0.8500000238418579 均-0.16% 组合76.2 撤-30.9%,1730笔 每天4.82 胜66% PF0.8999999761581421 均-0.11% 组合78.0 撤-30.4%,12438笔 每天34.65 胜67% PF0.9599999785423279 均-0.04% 组合35.5 撤-66.8%,0.85,13.81,-0.105,0.0
全部币,L_A142_0.035|any,止盈2% 止损5% 24h,0,False,471笔 每天0.62 胜74% PF1.0700000524520874 均+0.09% 组合100.5 撤-15.9%,496笔 每天1.38 胜77% PF1.2699999809265137 均+0.31% 组合113.8 撤-13.3%,5243笔 每天14.6 胜71% PF0.949999988079071 均-0.07% 组合42.1 撤-60.3%,0.95,5.53,0.112,0.0
全部币,L_A142_0.035|any,止盈3% 止损8% 48h,1,False,450笔 每天0.6 胜74% PF1.1399999856948853 均+0.26% 组合105.5 撤-18.4%,472笔 每天1.31 胜76% PF1.190000057220459 均+0.35% 组合111.1 撤-17.2%,4795笔 每天13.36 胜71% PF0.9300000071525574 均-0.16% 组合45.9 撤-60.8%,0.93,5.09,0.147,0.0
全部币,L_A142_0.035|any,止盈5% 止损11% 72h,2,False,415笔 每天0.55 胜65% PF1.0299999713897705 均+0.10% 组合96.8 撤-21.4%,426笔 每天1.19 胜71% PF1.2300000190734863 均+0.65% 组合124.0 撤-25.2%,4300笔 每天11.98 胜64% PF0.8600000143051147 均-0.50% 组合41.2 撤-68.6%,0.86,4.57,0.083,0.0
全部币,L_A142_0.035|any,止盈1.5% 止损3% 12h,3,False,501笔 每天0.66 胜67% PF0.9399999976158142 均-0.06% 组合95.4 撤-11.9%,529笔 每天1.47 胜72% PF1.149999976158142 均+0.14% 组合105.3 撤-10.3%,5611笔 每天15.63 胜65% PF0.8700000047683716 均-0.15% 组合36.2 撤-64.7%,0.87,5.92,-0.025,0.0
全部币,L_A142_0.035|glob,止盈2% 止损5% 24h,0,False,891笔 每天1.18 胜73% PF1.059999942779541 均+0.09% 组合102.0 撤-20.3%,840笔 每天2.34 胜76% PF1.2300000190734863 均+0.27% 组合113.0 撤-11.5%,7844笔 每天21.85 胜70% PF0.8999999761581421 均-0.15% 组合26.0 撤-76.7%,0.9,8.46,0.069,0.0
全部币,L_A142_0.035|glob,止盈3% 止损8% 48h,1,False,791笔 每天1.05 胜74% PF1.1399999856948853 均+0.26% 组合109.7 撤-24.4%,770笔 每天2.14 胜76% PF1.2000000476837158 均+0.37% 组合117.6 撤-16.7%,7063笔 每天19.67 胜71% PF0.9100000262260437 均-0.21% 组合29.3 撤-79.0%,0.91,7.62,0.142,0.0
全部币,L_A142_0.035|glob,止盈5% 止损11% 72h,2,False,708笔 每天0.94 胜67% PF1.090000033378601 均+0.28% 组合100.5 撤-34.8%,672笔 每天1.87 胜71% PF1.2000000476837158 均+0.58% 组合129.9 撤-30.4%,6202笔 每天17.28 胜64% PF0.8799999952316284 均-0.41% 组合26.1 撤-83.1%,0.88,6.7,0.148,0.0
全部币,L_A142_0.035|glob,止盈1.5% 止损3% 12h,3,False,986笔 每天1.3 胜67% PF0.949999988079071 均-0.05% 组合93.3 撤-15.7%,914笔 每天2.55 胜73% PF1.2200000286102295 均+0.19% 组合106.2 撤-8.2%,8531笔 每天23.76 胜65% PF0.8500000238418579 均-0.17% 组合24.7 撤-76.3%,0.85,9.2,-0.012,0.0
全部币,L_A142_0.035|none,止盈2% 止损5% 24h,0,False,1071笔 每天1.42 胜72% PF1.0099999904632568 均+0.01% 组合90.4 撤-28.1%,1065笔 每天2.97 胜78% PF1.3300000429153442 均+0.38% 组合126.7 撤-11.2%,11091笔 每天30.89 胜69% PF0.8600000143051147 均-0.21% 组合14.2 撤-87.0%,0.86,11.76,0.059,0.0
全部币,L_A142_0.035|none,止盈3% 止损8% 48h,1,False,939笔 每天1.24 胜74% PF1.149999976158142 均+0.28% 组合111.6 撤-26.0%,953笔 每天2.65 胜76% PF1.2300000190734863 均+0.42% 组合113.7 撤-22.5%,9595笔 每天26.73 胜70% PF0.8600000143051147 均-0.32% 组合11.9 撤-92.0%,0.86,10.21,0.124,0.0
全部币,L_A142_0.035|none,止盈5% 止损11% 72h,2,False,833笔 每天1.1 胜68% PF1.149999976158142 均+0.42% 组合105.6 撤-34.5%,818笔 每天2.28 胜71% PF1.2100000381469727 均+0.59% 组合144.9 撤-26.8%,8128笔 每天22.64 胜64% PF0.8500000238418579 均-0.54% 组合9.6 撤-93.2%,0.85,8.67,0.156,0.0
全部币,L_A142_0.035|none,止盈1.5% 止损3% 12h,3,False,1196笔 每天1.58 胜67% PF0.9300000071525574 均-0.08% 组合88.2 撤-18.5%,1187笔 每天3.31 胜73% PF1.25 均+0.21% 组合113.2 撤-8.1%,12396笔 每天34.53 胜64% PF0.800000011920929 均-0.23% 组合9.4 撤-91.0%,0.8,13.14,-0.032,0.0
全部币,L_A142_0.035|own,止盈2% 止损5% 24h,0,False,135笔 每天0.18 胜78% PF1.3300000429153442 均+0.37% 组合104.0 撤-4.3%,160笔 每天0.45 胜83% PF1.850000023841858 均+0.74% 组合110.2 撤-2.6%,1537笔 每天4.28 胜73% PF1.0299999713897705 均+0.04% 组合89.1 撤-19.9%,1.03,1.64,0.38,0.0
全部币,L_A142_0.035|own,止盈3% 止损8% 48h,1,False,134笔 每天0.18 胜75% PF1.3300000429153442 均+0.55% 组合105.9 撤-4.9%,148笔 每天0.41 胜84% PF2.0399999618530273 均+1.25% 组合117.1 撤-2.7%,1460笔 每天4.07 胜74% PF1.0700000524520874 均+0.14% 组合96.6 撤-16.0%,1.07,1.55,0.646,0.0
全部币,L_A142_0.035|own,止盈5% 止损11% 72h,2,False,129笔 每天0.17 胜67% PF1.2100000381469727 均+0.55% 组合104.2 撤-7.9%,143笔 每天0.4 胜78% PF1.7999999523162842 均+1.69% 组合122.7 撤-6.3%,1361笔 每天3.79 胜66% PF0.9200000166893005 均-0.25% 组合70.6 撤-40.9%,0.92,1.45,0.662,0.0
全部币,L_A142_0.035|own,止盈1.5% 止损3% 12h,3,False,136笔 每天0.18 胜70% PF1.0700000524520874 均+0.06% 组合100.2 撤-4.0%,164笔 每天0.46 胜73% PF1.2599999904632568 均+0.21% 组合102.0 撤-3.6%,1599笔 每天4.45 胜68% PF0.9700000286102295 均-0.03% 组合86.5 撤-14.9%,0.97,1.7,0.084,0.0
全部币,L_A142_0.03|any,止盈2% 止损5% 24h,0,False,843笔 每天1.12 胜70% PF0.9399999976158142 均-0.08% 组合88.0 撤-24.4%,1018笔 每天2.84 胜73% PF1.0099999904632568 均+0.01% 组合99.4 撤-27.1%,8615笔 每天24.0 胜72% PF0.9800000190734863 均-0.04% 组合37.1 撤-66.5%,0.94,9.32,-0.033,0.0
全部币,L_A142_0.03|any,止盈3% 止损8% 48h,1,False,773笔 每天1.02 胜72% PF1.0700000524520874 均+0.14% 组合101.8 撤-21.3%,928笔 每天2.58 胜74% PF1.100000023841858 均+0.20% 组合109.5 撤-31.0%,7769笔 每天21.64 胜72% PF0.9700000286102295 均-0.07% 组合39.0 撤-69.9%,0.97,8.41,0.091,0.0
全部币,L_A142_0.03|any,止盈5% 止损11% 72h,2,False,696笔 每天0.92 胜64% PF0.9599999785423279 均-0.11% 组合83.6 撤-37.2%,836笔 每天2.33 胜71% PF1.2000000476837158 均+0.57% 组合128.5 撤-33.3%,6735笔 每天18.76 胜64% PF0.9100000262260437 均-0.32% 组合20.2 撤-84.4%,0.91,7.34,0.047,0.0
全部币,L_A142_0.03|any,止盈1.5% 止损3% 12h,3,False,897笔 每天1.19 胜66% PF0.9100000262260437 均-0.10% 组合87.9 撤-19.0%,1094笔 每天3.05 胜68% PF0.949999988079071 均-0.05% 组合92.7 撤-19.3%,9314笔 每天25.94 胜67% PF0.9200000166893005 均-0.09% 组合38.4 撤-63.4%,0.91,10.06,-0.078,0.0
全部币,L_A142_0.03|glob,止盈2% 止损5% 24h,0,False,1488笔 每天1.97 胜70% PF0.9100000262260437 均-0.14% 组合74.4 撤-40.2%,1515笔 每天4.22 胜73% PF1.0399999618530273 均+0.06% 组合94.4 撤-32.4%,12415笔 每天34.58 胜71% PF0.9200000166893005 均-0.12% 组合21.0 撤-81.4%,0.91,13.59,-0.066,0.0
全部币,L_A142_0.03|glob,止盈3% 止损8% 48h,1,False,1278笔 每天1.69 胜71% PF1.0199999809265137 均+0.05% 组合90.5 撤-40.4%,1338笔 每天3.73 胜74% PF1.1100000143051147 均+0.22% 组合105.7 撤-35.9%,10984笔 每天30.6 胜72% PF0.949999988079071 均-0.10% 组合29.3 撤-81.6%,0.95,12.01,0.055,0.0
全部币,L_A142_0.03|glob,止盈5% 止损11% 72h,2,False,1101笔 每天1.46 胜65% PF0.9900000095367432 均-0.02% 组合76.1 撤-49.3%,1142笔 每天3.18 胜71% PF1.2100000381469727 均+0.59% 组合135.4 撤-35.1%,9276笔 每天25.84 胜65% PF0.9399999976158142 均-0.19% 组合21.4 撤-86.6%,0.94,10.16,0.127,0.0
全部币,L_A142_0.03|glob,止盈1.5% 止损3% 12h,3,False,1651笔 每天2.18 胜66% PF0.8999999761581421 均-0.10% 组合79.0 撤-27.6%,1667笔 每天4.64 胜69% PF1.0199999809265137 均+0.02% 组合95.6 撤-21.0%,13589笔 每天37.85 胜66% PF0.8799999952316284 均-0.12% 组合22.5 撤-78.3%,0.88,14.89,-0.069,0.0
全部币,L_A142_0.03|none,止盈2% 止损5% 24h,0,False,1758笔 每天2.33 胜69% PF0.8999999761581421 均-0.15% 组合67.5 撤-44.2%,1862笔 每天5.19 胜74% PF1.100000023841858 均+0.14% 组合100.6 撤-31.1%,16393笔 每天45.66 胜70% PF0.8999999761581421 均-0.15% 组合13.6 撤-88.2%,0.9,17.73,-0.057,0.0
全部币,L_A142_0.03|none,止盈3% 止损8% 48h,1,False,1488笔 每天1.97 胜71% PF1.0099999904632568 均+0.02% 组合84.3 撤-43.4%,1609笔 每天4.48 胜74% PF1.1200000047683716 均+0.23% 组合113.9 撤-35.8%,14047笔 每天39.13 胜71% PF0.9200000166893005 均-0.18% 组合12.6 撤-91.4%,0.92,15.19,0.02,0.0
全部币,L_A142_0.03|none,止盈5% 止损11% 72h,2,False,1266笔 每天1.67 胜66% PF1.0099999904632568 均+0.03% 组合72.4 撤-51.3%,1358笔 每天3.78 胜70% PF1.1799999475479126 均+0.52% 组合132.1 撤-30.9%,11504笔 每天32.04 胜65% PF0.9100000262260437 均-0.32% 组合7.4 撤-94.5%,0.91,12.5,0.078,0.0
全部币,L_A142_0.03|none,止盈1.5% 止损3% 12h,3,False,1972笔 每天2.61 胜66% PF0.8899999856948853 均-0.11% 组合80.0 撤-28.7%,2101笔 每天5.85 胜69% PF1.0299999713897705 均+0.03% 组合95.3 撤-20.0%,18479笔 每天51.47 胜65% PF0.8500000238418579 均-0.16% 组合8.5 撤-92.0%,0.85,19.98,-0.08,0.0
全部币,L_A142_0.03|own,止盈2% 止损5% 24h,0,False,268笔 每天0.35 胜73% PF1.0499999523162842 均+0.06% 组合99.6 撤-8.1%,323笔 每天0.9 胜79% PF1.399999976158142 均+0.44% 组合111.1 撤-6.4%,2819笔 每天7.85 胜72% PF1.0099999904632568 均+0.02% 组合84.7 撤-28.5%,1.01,3.03,0.173,0.0
全部币,L_A142_0.03|own,止盈3% 止损8% 48h,1,False,263笔 每天0.35 胜70% PF1.0 均+0.01% 组合97.6 撤-13.9%,299笔 每天0.83 胜82% PF1.8300000429153442 均+1.08% 组合129.9 撤-5.4%,2640笔 每天7.35 胜73% PF1.0199999809265137 均+0.04% 组合79.0 撤-32.8%,1.0,2.84,0.375,0.0
全部币,L_A142_0.03|own,止盈5% 止损11% 72h,2,False,252笔 每天0.33 胜63% PF0.9200000166893005 均-0.25% 组合89.9 撤-19.9%,288笔 每天0.8 胜74% PF1.4500000476837158 均+1.12% 组合127.9 撤-10.0%,2427笔 每天6.76 胜65% PF0.9300000071525574 均-0.22% 组合68.0 撤-45.3%,0.92,2.63,0.22,0.0
全部币,L_A142_0.03|own,止盈1.5% 止损3% 12h,3,False,271笔 每天0.36 胜68% PF1.0199999809265137 均+0.02% 组合99.0 撤-6.2%,331笔 每天0.92 胜71% PF1.100000023841858 均+0.09% 组合101.1 撤-7.5%,2966笔 每天8.26 胜68% PF0.9800000190734863 均-0.02% 组合77.0 撤-29.4%,0.98,3.18,0.033,0.0
全部币,L_A142_0.04|any,止盈2% 止损5% 24h,0,False,283笔 每天0.37 胜77% PF1.309999942779541 均+0.35% 组合107.9 撤-8.6%,281笔 每天0.78 胜80% PF1.4700000286102295 均+0.49% 组合113.7 撤-5.0%,3345笔 每天9.32 胜72% PF0.949999988079071 均-0.07% 组合53.0 撤-50.4%,0.95,3.49,0.257,0.0
全部币,L_A142_0.04|any,止盈3% 止损8% 48h,1,False,270笔 每天0.36 胜78% PF1.4900000095367432 均+0.75% 组合118.0 撤-10.5%,266笔 每天0.74 胜75% PF1.1799999475479126 均+0.33% 组合106.8 撤-11.2%,3065笔 每天8.54 胜71% PF0.9300000071525574 均-0.17% 组合52.5 撤-56.2%,0.93,3.21,0.303,0.0
全部币,L_A142_0.04|any,止盈5% 止损11% 72h,2,False,252笔 每天0.33 胜71% PF1.440000057220459 均+1.03% 组合121.8 撤-17.4%,251笔 每天0.7 胜75% PF1.4500000476837158 均+1.12% 组合127.7 撤-17.0%,2800笔 每天7.8 胜63% PF0.8199999928474426 均-0.67% 组合37.2 撤-69.2%,0.82,2.94,0.495,0.0
全部币,L_A142_0.04|any,止盈1.5% 止损3% 12h,3,False,298笔 每天0.39 胜70% PF1.090000033378601 均+0.08% 组合100.8 撤-6.1%,292笔 每天0.81 胜76% PF1.409999966621399 均+0.32% 组合108.5 撤-4.9%,3569笔 每天9.94 胜65% PF0.8600000143051147 均-0.15% 组合48.0 撤-52.9%,0.86,3.71,0.083,0.0
全部币,L_A142_0.04|glob,止盈2% 止损5% 24h,0,False,573笔 每天0.76 胜76% PF1.2300000190734863 均+0.27% 组合110.0 撤-11.3%,501笔 每天1.4 胜78% PF1.3200000524520874 均+0.37% 组合114.2 撤-5.7%,5224笔 每天14.55 胜70% PF0.8999999761581421 均-0.14% 组合39.1 撤-63.9%,0.9,5.57,0.164,0.0
全部币,L_A142_0.04|glob,止盈3% 止损8% 48h,1,False,513笔 每天0.68 胜78% PF1.409999966621399 均+0.65% 组合127.8 撤-13.5%,464笔 每天1.29 胜76% PF1.2200000286102295 均+0.41% 组合112.4 撤-13.6%,4731笔 每天13.18 胜71% PF0.9100000262260437 均-0.21% 组合39.4 撤-70.6%,0.91,5.05,0.283,0.0
全部币,L_A142_0.04|glob,止盈5% 止损11% 72h,2,False,465笔 每天0.62 胜73% PF1.440000057220459 均+1.07% 组合145.3 撤-22.6%,421笔 每天1.17 胜73% PF1.2899999618530273 均+0.80% 组合141.5 撤-20.6%,4257笔 每天11.86 胜64% PF0.8500000238418579 均-0.54% 组合35.7 撤-77.4%,0.85,4.55,0.442,0.0
全部币,L_A142_0.04|glob,止盈1.5% 止损3% 12h,3,False,611笔 每天0.81 胜69% PF1.0199999809265137 均+0.02% 组合99.8 撤-9.0%,531笔 每天1.48 胜75% PF1.3799999952316284 均+0.30% 组合110.2 撤-5.6%,5640笔 每天15.71 胜65% PF0.8500000238418579 均-0.16% 组合35.2 撤-65.7%,0.85,6.0,0.051,0.0
全部币,L_A142_0.04|none,止盈2% 止损5% 24h,0,False,697笔 每天0.92 胜75% PF1.190000057220459 均+0.23% 组合107.5 撤-14.3%,655笔 每天1.82 胜79% PF1.4199999570846558 均+0.45% 组合123.8 撤-6.6%,7833笔 每天21.82 胜69% PF0.8500000238418579 均-0.23% 组合22.1 撤-79.9%,0.85,8.19,0.149,0.0
全部币,L_A142_0.04|none,止盈3% 止损8% 48h,1,False,613笔 每天0.81 胜76% PF1.3600000143051147 均+0.59% 组合126.0 撤-15.2%,585笔 每天1.63 胜77% PF1.2699999809265137 均+0.49% 组合123.1 撤-9.2%,6801笔 每天18.94 胜70% PF0.8500000238418579 均-0.36% 组合22.2 撤-84.2%,0.85,7.13,0.239,0.0
全部币,L_A142_0.04|none,止盈5% 止损11% 72h,2,False,554笔 每天0.73 胜73% PF1.4500000476837158 均+1.08% 组合145.0 撤-23.2%,523笔 每天1.46 胜73% PF1.350000023841858 均+0.92% 组合154.3 撤-18.6%,5911笔 每天16.47 胜63% PF0.8100000023841858 均-0.71% 组合12.5 撤-91.5%,0.81,6.22,0.43,0.0
全部币,L_A142_0.04|none,止盈1.5% 止损3% 12h,3,False,750笔 每天0.99 胜68% PF0.9900000095367432 均-0.01% 组合97.2 撤-10.9%,714笔 每天1.99 胜76% PF1.399999976158142 均+0.31% 组合118.1 撤-5.5%,8696笔 每天24.22 胜63% PF0.7799999713897705 均-0.25% 组合14.1 撤-86.3%,0.78,9.07,0.018,0.0
全部币,L_A142_0.04|own,止盈2% 止损5% 24h,0,False,65笔 每天0.09 胜86% PF2.3299999237060547 均+0.95% 组合105.5 撤-1.0%,98笔 每天0.27 胜90% PF3.299999952316284 均+1.21% 组合112.3 撤-0.8%,861笔 每天2.4 胜72% PF0.9900000095367432 均-0.01% 组合91.8 撤-15.3%,0.99,0.92,0.715,0.0
全部币,L_A142_0.04|own,止盈3% 止损8% 48h,1,False,65笔 每天0.09 胜83% PF2.2300000190734863 均+1.34% 组合107.8 撤-1.6%,89笔 每天0.25 胜86% PF2.5999999046325684 均+1.56% 组合114.4 撤-2.1%,813笔 每天2.26 胜72% PF0.9700000286102295 均-0.07% 组合84.4 撤-20.4%,0.97,0.87,0.943,0.0
全部币,L_A142_0.04|own,止盈5% 止损11% 72h,2,False,64笔 每天0.08 胜81% PF3.740000009536743 均+2.83% 组合117.3 撤-2.2%,87笔 每天0.24 胜84% PF2.5899999141693115 均+2.47% 组合123.0 撤-3.1%,776笔 每天2.16 胜63% PF0.8199999928474426 均-0.65% 组合57.7 撤-48.0%,0.82,0.83,1.547,0.0
全部币,L_A142_0.04|own,止盈1.5% 止损3% 12h,3,False,65笔 每天0.09 胜77% PF1.5099999904632568 均+0.37% 组合101.8 撤-1.3%,99笔 每天0.28 胜84% PF2.359999895095825 均+0.69% 组合106.9 撤-0.6%,894笔 每天2.49 胜66% PF0.8799999952316284 均-0.13% 组合84.5 撤-17.2%,0.88,0.95,0.311,0.0
全部币,L_B143_0.0125|any,止盈2% 止损5% 24h,0,False,578笔 每天0.76 胜73% PF1.0499999523162842 均+0.07% 组合102.8 撤-13.9%,678笔 每天1.89 胜72% PF0.9700000286102295 均-0.05% 组合96.1 撤-18.4%,4870笔 每天13.57 胜71% PF0.9700000286102295 均-0.04% 组合65.8 撤-41.4%,0.97,5.41,-0.008,0.0
全部币,L_B143_0.0125|any,止盈3% 止损8% 48h,1,False,542笔 每天0.72 胜74% PF1.1699999570846558 均+0.31% 组合117.0 撤-12.0%,623笔 每天1.74 胜72% PF0.9800000190734863 均-0.04% 组合93.0 撤-30.7%,4572笔 每天12.74 胜71% PF0.9200000166893005 均-0.17% 组合45.4 撤-61.5%,0.92,5.07,0.032,0.0
全部币,L_B143_0.0125|any,止盈5% 止损11% 72h,2,False,503笔 每天0.67 胜66% PF1.0499999523162842 均+0.16% 组合105.4 撤-24.2%,579笔 每天1.61 胜69% PF1.159999966621399 均+0.46% 组合114.0 撤-30.3%,4142笔 每天11.54 胜62% PF0.800000011920929 均-0.73% 组合20.0 撤-82.6%,0.8,4.61,-0.039,0.0
全部币,L_B143_0.0125|any,止盈1.5% 止损3% 12h,3,False,610笔 每天0.81 胜65% PF0.8700000047683716 均-0.14% 组合91.3 撤-15.9%,709笔 每天1.97 胜68% PF0.9700000286102295 均-0.03% 组合98.0 撤-9.8%,5183笔 每天14.44 胜67% PF0.9200000166893005 均-0.08% 组合52.1 撤-49.2%,0.87,5.74,-0.082,0.0
全部币,L_B143_0.0125|glob,止盈2% 止损5% 24h,0,False,1179笔 每天1.56 胜72% PF1.0099999904632568 均+0.01% 组合97.7 撤-28.4%,1205笔 每天3.36 胜72% PF0.9900000095367432 均-0.01% 组合101.3 撤-23.5%,8638笔 每天24.06 胜72% PF0.9800000190734863 均-0.02% 组合33.6 撤-69.1%,0.98,9.66,-0.006,0.0
全部币,L_B143_0.0125|glob,止盈3% 止损8% 48h,1,False,1046笔 每天1.38 胜72% PF1.0299999713897705 均+0.06% 组合101.2 撤-34.4%,1091笔 每天3.04 胜73% PF1.0199999809265137 均+0.05% 组合113.8 撤-32.8%,7867笔 每天21.91 胜72% PF0.9900000095367432 均-0.02% 组合28.9 撤-75.3%,0.99,8.78,0.027,0.0
全部币,L_B143_0.0125|glob,止盈5% 止损11% 72h,2,False,929笔 每天1.23 胜66% PF1.0399999618530273 均+0.11% 组合102.4 撤-42.5%,980笔 每天2.73 胜70% PF1.190000057220459 均+0.54% 组合139.5 撤-38.9%,6885笔 每天19.18 胜64% PF0.8700000047683716 均-0.46% 组合10.4 撤-90.8%,0.87,7.71,0.064,0.0
全部币,L_B143_0.0125|glob,止盈1.5% 止损3% 12h,3,False,1272笔 每天1.68 胜65% PF0.8600000143051147 均-0.15% 组合81.2 撤-28.6%,1296笔 每天3.61 胜69% PF1.0099999904632568 均+0.01% 组合102.7 撤-16.1%,9396笔 每天26.17 胜67% PF0.9300000071525574 均-0.07% 组合32.5 撤-70.5%,0.86,10.49,-0.069,0.0
全部币,L_B143_0.0125|none,止盈2% 止损5% 24h,0,False,1372笔 每天1.81 胜72% PF1.0099999904632568 均+0.01% 组合96.5 撤-31.8%,1501笔 每天4.18 胜73% PF1.0399999618530273 均+0.05% 组合106.4 撤-24.8%,11892笔 每天33.13 胜70% PF0.8999999761581421 均-0.14% 组合22.7 撤-81.0%,0.9,13.04,-0.028,0.0
全部币,L_B143_0.0125|none,止盈3% 止损8% 48h,1,False,1205笔 每天1.59 胜71% PF1.0099999904632568 均+0.03% 组合104.4 撤-34.9%,1345笔 每天3.75 胜72% PF1.0099999904632568 均+0.02% 组合111.0 撤-37.1%,10521笔 每天29.31 胜71% PF0.9200000166893005 均-0.19% 组合18.5 撤-84.8%,0.92,11.55,-0.047,0.0
全部币,L_B143_0.0125|none,止盈5% 止损11% 72h,2,False,1050笔 每天1.39 胜66% PF1.0099999904632568 均+0.04% 组合99.0 撤-46.3%,1193笔 每天3.32 胜69% PF1.1399999856948853 均+0.40% 组合133.5 撤-38.4%,9027笔 每天25.14 胜63% PF0.8600000143051147 均-0.49% 组合11.0 撤-91.9%,0.86,9.95,-0.018,0.0
全部币,L_B143_0.0125|none,止盈1.5% 止损3% 12h,3,False,1503笔 每天1.99 胜65% PF0.8600000143051147 均-0.15% 组合78.8 撤-33.0%,1646笔 每天4.58 胜70% PF1.0700000524520874 均+0.06% 组合106.9 撤-16.0%,13254笔 每天36.92 胜65% PF0.8600000143051147 均-0.16% 组合18.9 撤-82.7%,0.86,14.5,-0.08,0.0
全部币,L_B143_0.0125|own,止盈2% 止损5% 24h,0,False,387笔 每天0.51 胜73% PF1.0700000524520874 均+0.10% 组合103.4 撤-10.1%,491笔 每天1.37 胜74% PF1.0499999523162842 均+0.07% 组合102.0 撤-11.3%,3391笔 每天9.45 胜71% PF0.9399999976158142 均-0.09% 组合78.6 撤-27.6%,0.94,3.78,0.025,0.0
全部币,L_B143_0.0125|own,止盈3% 止损8% 48h,1,False,364笔 每天0.48 胜75% PF1.2300000190734863 均+0.41% 组合114.9 撤-8.9%,465笔 每天1.3 胜75% PF1.1699999570846558 均+0.31% 组合110.2 撤-14.7%,3199笔 每天8.91 胜70% PF0.8700000047683716 均-0.30% 组合61.0 撤-45.9%,0.87,3.56,0.14,0.0
全部币,L_B143_0.0125|own,止盈5% 止损11% 72h,2,False,346笔 每天0.46 胜65% PF1.0700000524520874 均+0.20% 组合105.6 撤-21.3%,435笔 每天1.21 胜73% PF1.3899999856948853 均+1.00% 组合129.7 撤-18.2%,2967笔 每天8.26 胜62% PF0.800000011920929 均-0.75% 组合34.9 撤-68.3%,0.8,3.31,0.149,0.0
全部币,L_B143_0.0125|own,止盈1.5% 止损3% 12h,3,False,402笔 每天0.53 胜64% PF0.8100000023841858 均-0.21% 组合91.6 撤-13.1%,507笔 每天1.41 胜70% PF1.0499999523162842 均+0.05% 组合101.8 撤-5.2%,3604笔 每天10.04 胜66% PF0.8999999761581421 均-0.11% 组合70.6 撤-33.1%,0.81,3.99,-0.091,0.0
全部币,L_B143_0.015|any,止盈2% 止损5% 24h,0,False,287笔 每天0.38 胜75% PF1.190000057220459 均+0.23% 组合106.5 撤-5.2%,345笔 每天0.96 胜74% PF1.059999942779541 均+0.08% 组合99.8 撤-8.7%,2584笔 每天7.2 胜72% PF0.9700000286102295 均-0.04% 组合67.0 撤-37.3%,0.97,2.85,0.088,0.0
全部币,L_B143_0.015|any,止盈3% 止损8% 48h,1,False,272笔 每天0.36 胜75% PF1.2300000190734863 均+0.40% 组合110.8 撤-10.1%,322笔 每天0.9 胜72% PF0.9399999976158142 均-0.13% 组合91.8 撤-17.7%,2443笔 每天6.81 胜72% PF0.949999988079071 均-0.11% 组合55.3 撤-48.3%,0.94,2.69,0.054,0.0
全部币,L_B143_0.015|any,止盈5% 止损11% 72h,2,False,263笔 每天0.35 胜70% PF1.2300000190734863 均+0.62% 组合114.4 撤-14.5%,304笔 每天0.85 胜71% PF1.190000057220459 均+0.55% 组合107.5 撤-15.8%,2287笔 每天6.37 胜63% PF0.8399999737739563 均-0.57% 组合38.9 撤-67.1%,0.84,2.52,0.197,0.0
全部币,L_B143_0.015|any,止盈1.5% 止损3% 12h,3,False,297笔 每天0.39 胜67% PF0.9100000262260437 均-0.09% 组合97.2 撤-7.7%,353笔 每天0.98 胜73% PF1.2300000190734863 均+0.19% 组合105.0 撤-3.7%,2744笔 每天7.64 胜67% PF0.9300000071525574 均-0.08% 组合67.5 撤-35.4%,0.91,3.0,0.008,0.0
全部币,L_B143_0.015|glob,止盈2% 止损5% 24h,0,False,668笔 每天0.88 胜73% PF1.0199999809265137 均+0.03% 组合101.7 撤-18.4%,658笔 每天1.83 胜73% PF1.0 均+0.00% 组合96.7 撤-18.1%,5055笔 每天14.08 胜71% PF0.9700000286102295 均-0.04% 组合41.6 撤-60.9%,0.97,5.6,-0.005,0.0
全部币,L_B143_0.015|glob,止盈3% 止损8% 48h,1,False,604笔 每天0.8 胜73% PF1.0499999523162842 均+0.11% 组合102.7 撤-25.4%,602笔 每天1.68 胜72% PF0.9599999785423279 均-0.08% 组合87.7 撤-30.0%,4661笔 每天12.98 胜73% PF1.0099999904632568 均+0.01% 组合40.6 撤-64.9%,0.96,5.15,0.013,0.0
全部币,L_B143_0.015|glob,止盈5% 止损11% 72h,2,False,557笔 每天0.74 胜69% PF1.100000023841858 均+0.31% 组合111.7 撤-30.1%,557笔 每天1.55 胜70% PF1.149999976158142 均+0.44% 组合103.1 撤-33.5%,4273笔 每天11.9 胜65% PF0.9300000071525574 均-0.22% 组合23.8 撤-81.1%,0.93,4.73,0.178,0.0
全部币,L_B143_0.015|glob,止盈1.5% 止损3% 12h,3,False,711笔 每天0.94 胜65% PF0.8700000047683716 均-0.14% 组合92.1 撤-15.6%,684笔 每天1.91 胜70% PF1.0800000429153442 均+0.08% 组合102.0 撤-9.1%,5471笔 每天15.24 胜67% PF0.9200000166893005 均-0.08% 组合42.6 撤-59.0%,0.87,6.03,-0.047,0.0
全部币,L_B143_0.015|none,止盈2% 止损5% 24h,0,False,808笔 每天1.07 胜73% PF1.0199999809265137 均+0.03% 组合103.1 撤-20.4%,875笔 每天2.44 胜74% PF1.0800000429153442 均+0.11% 组合103.1 撤-19.1%,7492笔 每天20.87 胜69% PF0.8600000143051147 均-0.22% 组合31.1 撤-72.1%,0.86,8.13,-0.025,0.0
全部币,L_B143_0.015|none,止盈3% 止损8% 48h,1,False,720笔 每天0.95 胜73% PF1.0800000429153442 均+0.15% 组合109.6 撤-27.0%,790笔 每天2.2 胜72% PF0.949999988079071 均-0.11% 组合83.8 撤-34.5%,6698笔 每天18.66 胜70% PF0.8999999761581421 均-0.23% 组合28.7 撤-75.1%,0.9,7.27,-0.065,0.0
全部币,L_B143_0.015|none,止盈5% 止损11% 72h,2,False,652笔 每天0.86 胜69% PF1.100000023841858 均+0.31% 组合109.8 撤-36.4%,722笔 每天2.01 胜68% PF1.1100000143051147 均+0.34% 组合112.3 撤-33.5%,5964笔 每天16.61 胜64% PF0.8700000047683716 均-0.46% 组合15.3 撤-88.6%,0.87,6.49,0.064,0.0
全部币,L_B143_0.015|none,止盈1.5% 止损3% 12h,3,False,867笔 每天1.15 胜66% PF0.8799999952316284 均-0.13% 组合91.0 撤-18.8%,923笔 每天2.57 胜72% PF1.1699999570846558 均+0.15% 组合107.4 撤-9.0%,8351笔 每天23.26 胜64% PF0.8199999928474426 均-0.21% 组合25.9 撤-74.5%,0.82,8.99,-0.062,0.0
全部币,L_B143_0.015|own,止盈2% 止损5% 24h,0,False,175笔 每天0.23 胜77% PF1.3200000524520874 均+0.35% 组合106.3 撤-3.1%,232笔 每天0.65 胜75% PF1.1399999856948853 均+0.18% 组合102.6 撤-5.5%,1810笔 每天5.04 胜71% PF0.949999988079071 均-0.08% 组合73.3 撤-29.5%,0.95,1.97,0.154,0.0
全部币,L_B143_0.015|own,止盈3% 止损8% 48h,1,False,165笔 每天0.22 胜79% PF1.4900000095367432 均+0.76% 组合113.1 撤-5.2%,222笔 每天0.62 胜73% PF1.0299999713897705 均+0.07% 组合98.0 撤-11.3%,1719笔 每天4.79 胜71% PF0.9200000166893005 均-0.17% 组合61.0 撤-43.0%,0.92,1.88,0.218,0.0
全部币,L_B143_0.015|own,止盈5% 止损11% 72h,2,False,163笔 每天0.22 胜74% PF1.4600000381469727 均+1.12% 组合119.1 撤-7.3%,213笔 每天0.59 胜73% PF1.3300000429153442 均+0.87% 组合113.2 撤-14.2%,1635笔 每天4.55 胜64% PF0.8700000047683716 均-0.45% 组合48.4 撤-56.8%,0.87,1.79,0.514,0.0
全部币,L_B143_0.015|own,止盈1.5% 止损3% 12h,3,False,177笔 每天0.23 胜66% PF0.8700000047683716 均-0.14% 组合97.6 撤-4.6%,237笔 每天0.66 胜73% PF1.2699999809265137 均+0.22% 组合104.4 撤-2.7%,1922笔 每天5.35 胜67% PF0.9399999976158142 均-0.06% 组合81.7 撤-21.6%,0.87,2.08,0.01,0.0
全部币,L_B143_0.0175|any,止盈2% 止损5% 24h,0,False,142笔 每天0.19 胜78% PF1.3200000524520874 均+0.36% 组合105.2 撤-3.3%,172笔 每天0.48 胜74% PF1.090000033378601 均+0.12% 组合101.9 撤-6.2%,1462笔 每天4.07 胜71% PF0.9399999976158142 均-0.08% 组合77.4 撤-25.3%,0.94,1.58,0.134,0.0
全部币,L_B143_0.0175|any,止盈3% 止损8% 48h,1,False,138笔 每天0.18 胜78% PF1.3799999952316284 均+0.63% 组合108.8 撤-5.0%,168笔 每天0.47 胜72% PF0.949999988079071 均-0.11% 组合97.3 撤-10.6%,1383笔 每天3.85 胜73% PF0.9900000095367432 均-0.01% 组合73.1 撤-33.2%,0.95,1.5,0.168,0.0
全部币,L_B143_0.0175|any,止盈5% 止损11% 72h,2,False,136笔 每天0.18 胜71% PF1.2200000286102295 均+0.61% 组合108.0 撤-10.2%,161笔 每天0.45 胜71% PF1.1299999952316284 均+0.40% 组合105.7 撤-11.0%,1322笔 每天3.68 胜66% PF0.9399999976158142 均-0.20% 组合51.7 撤-55.4%,0.94,1.44,0.269,0.0
全部币,L_B143_0.0175|any,止盈1.5% 止损3% 12h,3,False,147笔 每天0.19 胜71% PF1.100000023841858 均+0.09% 组合101.2 撤-3.7%,178笔 每天0.5 胜74% PF1.2899999618530273 均+0.23% 组合104.2 撤-2.9%,1557笔 每天4.34 胜68% PF0.949999988079071 均-0.06% 组合79.7 撤-22.5%,0.95,1.68,0.089,0.0
全部币,L_B143_0.0175|glob,止盈2% 止损5% 24h,0,False,392笔 每天0.52 胜74% PF1.1100000143051147 均+0.14% 组合103.9 撤-10.4%,363笔 每天1.01 胜72% PF0.9900000095367432 均-0.01% 组合99.9 撤-13.3%,3183笔 每天8.87 胜71% PF0.949999988079071 均-0.07% 组合52.5 撤-49.2%,0.95,3.47,0.018,0.0
全部币,L_B143_0.0175|glob,止盈3% 止损8% 48h,1,False,359笔 每天0.47 胜75% PF1.1299999952316284 均+0.25% 组合106.1 撤-16.8%,342笔 每天0.95 胜72% PF0.9399999976158142 均-0.14% 组合96.2 撤-18.9%,2944笔 每天8.2 胜73% PF1.0199999809265137 均+0.05% 组合53.4 撤-50.7%,0.94,3.21,0.053,0.0
全部币,L_B143_0.0175|glob,止盈5% 止损11% 72h,2,False,333笔 每天0.44 胜70% PF1.1399999856948853 均+0.41% 组合104.1 撤-23.7%,326笔 每天0.91 胜72% PF1.1699999570846558 均+0.50% 组合114.2 撤-21.8%,2753笔 每天7.67 胜67% PF1.0 均-0.00% 组合33.7 撤-70.2%,1.0,3.01,0.305,0.0
全部币,L_B143_0.0175|glob,止盈1.5% 止损3% 12h,3,False,417笔 每天0.55 胜68% PF0.9800000190734863 均-0.03% 组合98.6 撤-6.9%,382笔 每天1.06 胜72% PF1.159999966621399 均+0.14% 组合105.5 撤-6.8%,3435笔 每天9.57 胜67% PF0.9300000071525574 均-0.07% 组合54.1 撤-48.2%,0.93,3.73,0.016,0.0
全部币,L_B143_0.0175|none,止盈2% 止损5% 24h,0,False,493笔 每天0.65 胜74% PF1.090000033378601 均+0.12% 组合104.0 撤-11.6%,482笔 每天1.34 胜73% PF1.0 均+0.01% 组合100.3 撤-15.5%,5095笔 每天14.19 胜68% PF0.8299999833106995 均-0.28% 组合38.7 撤-64.0%,0.83,5.39,-0.051,0.0
全部币,L_B143_0.0175|none,止盈3% 止损8% 48h,1,False,446笔 每天0.59 胜74% PF1.1200000047683716 均+0.24% 组合107.1 撤-20.7%,451笔 每天1.26 胜72% PF0.9700000286102295 均-0.07% 组合96.9 撤-22.0%,4567笔 每天12.72 胜70% PF0.8700000047683716 均-0.31% 组合40.2 撤-63.9%,0.87,4.86,-0.047,0.0
全部币,L_B143_0.0175|none,止盈5% 止损11% 72h,2,False,408笔 每天0.54 胜70% PF1.1299999952316284 均+0.38% 组合106.9 撤-26.4%,420笔 每天1.17 胜71% PF1.159999966621399 均+0.47% 组合111.5 撤-24.0%,4132笔 每天11.51 胜64% PF0.8700000047683716 均-0.47% 组合18.1 撤-85.5%,0.87,4.41,0.127,0.0
全部币,L_B143_0.0175|none,止盈1.5% 止损3% 12h,3,False,527笔 每天0.7 胜68% PF0.949999988079071 均-0.05% 组合97.2 撤-9.3%,514笔 每天1.43 胜71% PF1.1299999952316284 均+0.12% 组合105.2 撤-7.3%,5672笔 每天15.8 胜63% PF0.7900000214576721 均-0.24% 组合35.4 撤-66.0%,0.79,5.98,-0.058,0.0
全部币,L_B143_0.0175|own,止盈2% 止损5% 24h,0,False,78笔 每天0.1 胜83% PF1.8700000047683716 均+0.75% 组合106.0 撤-1.3%,105笔 每天0.29 胜78% PF1.340000033378601 均+0.38% 组合104.0 撤-3.7%,1045笔 每天2.91 胜72% PF0.9700000286102295 均-0.05% 组合82.8 撤-18.4%,0.97,1.1,0.359,0.0
全部币,L_B143_0.0175|own,止盈3% 止损8% 48h,1,False,76笔 每天0.1 胜88% PF2.880000114440918 均+1.68% 组合113.6 撤-2.4%,104笔 每天0.29 胜75% PF1.1399999856948853 均+0.28% 组合102.3 撤-8.4%,996笔 每天2.77 胜74% PF1.0299999713897705 均+0.07% 组合85.5 撤-20.5%,1.03,1.05,0.675,0.0
全部币,L_B143_0.0175|own,止盈5% 止损11% 72h,2,False,76笔 每天0.1 胜83% PF2.7300000190734863 均+2.56% 组合121.2 撤-2.8%,102笔 每天0.28 胜74% PF1.340000033378601 均+0.93% 组合109.2 撤-8.8%,963笔 每天2.68 胜67% PF0.9900000095367432 均-0.04% 组合71.1 撤-38.3%,0.99,1.02,1.149,0.0
全部币,L_B143_0.0175|own,止盈1.5% 止损3% 12h,3,False,81笔 每天0.11 胜70% PF1.0800000429153442 均+0.07% 组合100.6 撤-2.4%,108笔 每天0.3 胜73% PF1.2699999809265137 均+0.22% 组合102.4 撤-1.8%,1109笔 每天3.09 胜68% PF0.949999988079071 均-0.05% 组合85.4 撤-15.2%,0.95,1.17,0.081,0.0
全部币,L_B143_0.01|any,止盈2% 止损5% 24h,0,False,1240笔 每天1.64 胜72% PF1.0099999904632568 均+0.01% 组合99.2 撤-23.0%,1416笔 每天3.94 胜71% PF0.9300000071525574 均-0.10% 组合100.1 撤-30.6%,10217笔 每天28.46 胜72% PF1.0199999809265137 均+0.02% 组合49.3 撤-61.0%,0.93,11.35,-0.023,0.0
全部币,L_B143_0.01|any,止盈3% 止损8% 48h,1,False,1117笔 每天1.48 胜71% PF1.0199999809265137 均+0.04% 组合100.9 撤-27.5%,1288笔 每天3.59 胜72% PF1.0199999809265137 均+0.04% 组合116.9 撤-39.8%,9229笔 每天25.71 胜70% PF0.9300000071525574 均-0.14% 组合29.5 撤-75.5%,0.93,10.26,-0.02,0.0
全部币,L_B143_0.01|any,止盈5% 止损11% 72h,2,False,970笔 每天1.28 胜63% PF0.949999988079071 均-0.17% 组合77.7 撤-50.9%,1109笔 每天3.09 胜67% PF1.0499999523162842 均+0.16% 组合113.7 撤-50.4%,7845笔 每天21.85 胜61% PF0.8299999833106995 均-0.62% 组合23.8 撤-80.0%,0.83,8.74,-0.209,0.0
全部币,L_B143_0.01|any,止盈1.5% 止损3% 12h,3,False,1315笔 每天1.74 胜64% PF0.8500000238418579 均-0.16% 组合80.3 撤-28.6%,1531笔 每天4.26 胜67% PF0.949999988079071 均-0.05% 组合95.5 撤-23.7%,11020笔 每天30.7 胜68% PF0.9800000190734863 均-0.02% 组合43.3 撤-65.2%,0.85,12.23,-0.078,0.0
全部币,L_B143_0.01|glob,止盈2% 止损5% 24h,0,False,2186笔 每天2.89 胜70% PF0.9300000071525574 均-0.09% 组合78.5 撤-43.8%,2262笔 每天6.3 胜72% PF1.0 均-0.00% 组合106.6 撤-34.9%,16174笔 每天45.05 胜72% PF1.0199999809265137 均+0.03% 组合24.5 撤-80.3%,0.93,18.08,-0.022,0.0
全部币,L_B143_0.01|glob,止盈3% 止损8% 48h,1,False,1877笔 每天2.48 胜71% PF1.0099999904632568 均+0.02% 组合109.4 撤-34.2%,1977笔 每天5.51 胜73% PF1.0700000524520874 均+0.14% 组合125.4 撤-43.7%,14138笔 每天39.38 胜72% PF0.9900000095367432 均-0.02% 组合18.3 撤-84.4%,0.99,15.79,0.046,0.0
全部币,L_B143_0.01|glob,止盈5% 止损11% 72h,2,False,1562笔 每天2.07 胜64% PF0.9800000190734863 均-0.05% 组合89.9 撤-56.6%,1645笔 每天4.58 胜68% PF1.1299999952316284 均+0.37% 组合112.6 撤-56.7%,11677笔 每天32.53 胜64% PF0.9200000166893005 均-0.27% 组合19.4 撤-83.9%,0.92,13.06,0.016,0.0
全部币,L_B143_0.01|glob,止盈1.5% 止损3% 12h,3,False,2418笔 每天3.2 胜64% PF0.8500000238418579 均-0.16% 组合64.8 撤-44.9%,2515笔 每天7.01 胜68% PF0.9800000190734863 均-0.02% 组合93.2 撤-29.4%,17868笔 每天49.77 胜67% PF0.9700000286102295 均-0.04% 组合26.6 撤-78.7%,0.85,19.99,-0.072,0.0
全部币,L_B143_0.01|none,止盈2% 止损5% 24h,0,False,2473笔 每天3.27 胜69% PF0.9100000262260437 均-0.13% 组合68.2 撤-51.2%,2698笔 每天7.52 胜72% PF1.0099999904632568 均+0.02% 组合91.0 撤-39.9%,20489笔 每天57.07 胜71% PF0.9700000286102295 均-0.04% 组合17.8 撤-86.9%,0.91,22.62,-0.05,0.0
全部币,L_B143_0.01|none,止盈3% 止损8% 48h,1,False,2097笔 每天2.77 胜70% PF1.0199999809265137 均+0.04% 组合112.1 撤-35.4%,2325笔 每天6.48 胜73% PF1.0399999618530273 均+0.08% 组合111.8 撤-47.1%,17511笔 每天48.78 胜71% PF0.949999988079071 均-0.11% 组合16.0 撤-87.8%,0.95,19.34,0.002,0.0
全部币,L_B143_0.01|none,止盈5% 止损11% 72h,2,False,1727笔 每天2.28 胜64% PF1.0 均-0.01% 组合88.0 撤-59.9%,1910笔 每天5.32 胜67% PF1.090000033378601 均+0.28% 组合96.8 撤-58.9%,14163笔 每天39.45 胜63% PF0.8899999856948853 均-0.36% 组合23.0 撤-83.7%,0.89,15.68,-0.03,0.0
全部币,L_B143_0.01|none,止盈1.5% 止损3% 12h,3,False,2774笔 每天3.67 胜64% PF0.8299999833106995 均-0.19% 组合55.9 撤-53.5%,3045笔 每天8.48 胜68% PF1.0 均-0.00% 组合84.7 撤-29.8%,23066笔 每天64.25 胜66% PF0.9200000166893005 均-0.08% 组合15.5 撤-87.4%,0.83,25.47,-0.093,0.0
全部币,L_B143_0.01|own,止盈2% 止损5% 24h,0,False,866笔 每天1.15 胜72% PF1.0299999713897705 均+0.04% 组合101.6 撤-19.2%,1017笔 每天2.83 胜72% PF0.9700000286102295 均-0.04% 组合101.6 撤-24.5%,7329笔 每天20.42 胜71% PF0.9700000286102295 均-0.05% 组合59.1 撤-50.2%,0.97,8.13,-0.015,0.0
全部币,L_B143_0.01|own,止盈3% 止损8% 48h,1,False,784笔 每天1.04 胜73% PF1.0700000524520874 均+0.14% 组合107.8 撤-25.0%,954笔 每天2.66 胜75% PF1.190000057220459 均+0.35% 组合134.7 撤-24.6%,6735笔 每天18.76 胜69% PF0.8799999952316284 均-0.28% 组合28.6 撤-74.4%,0.88,7.49,0.068,0.0
全部币,L_B143_0.01|own,止盈5% 止损11% 72h,2,False,703笔 每天0.93 胜64% PF1.0099999904632568 均+0.02% 组合92.3 撤-42.6%,850笔 每天2.37 胜70% PF1.2000000476837158 均+0.56% 组合128.0 撤-39.4%,5905笔 每天16.45 胜61% PF0.7900000214576721 均-0.75% 组合21.5 撤-82.2%,0.79,6.58,-0.058,0.0
全部币,L_B143_0.01|own,止盈1.5% 止损3% 12h,3,False,907笔 每天1.2 胜64% PF0.8500000238418579 均-0.17% 组合85.3 撤-24.6%,1085笔 每天3.02 胜68% PF0.9700000286102295 均-0.03% 组合97.8 撤-18.9%,7868笔 每天21.92 胜67% PF0.9300000071525574 均-0.07% 组合51.3 撤-54.8%,0.85,8.71,-0.089,0.0
全部币,L_B143_0.02|any,止盈2% 止损5% 24h,0,False,82笔 每天0.11 胜74% PF1.090000033378601 均+0.12% 组合100.9 撤-3.1%,85笔 每天0.24 胜74% PF1.0700000524520874 均+0.10% 组合100.7 撤-4.5%,911笔 每天2.54 胜71% PF0.9399999976158142 均-0.09% 组合87.1 撤-15.5%,0.94,0.96,0.042,0.0
全部币,L_B143_0.02|any,止盈3% 止损8% 48h,1,False,80笔 每天0.11 胜82% PF1.7000000476837158 均+0.99% 组合108.1 撤-4.5%,84笔 每天0.23 胜74% PF1.0299999713897705 均+0.07% 组合100.3 撤-7.3%,861笔 每天2.4 胜73% PF1.0 均-0.01% 组合81.3 撤-22.6%,1.0,0.91,0.352,0.0
全部币,L_B143_0.02|any,止盈5% 止损11% 72h,2,False,79笔 每天0.1 胜75% PF1.5499999523162842 均+1.28% 组合110.3 撤-3.9%,82笔 每天0.23 胜74% PF1.3700000047683716 均+0.98% 组合107.7 撤-8.8%,824笔 每天2.3 胜66% PF0.9100000262260437 均-0.30% 组合61.2 撤-43.7%,0.91,0.88,0.651,0.0
全部币,L_B143_0.02|any,止盈1.5% 止损3% 12h,3,False,83笔 每天0.11 胜71% PF1.1200000047683716 均+0.11% 组合100.8 撤-2.2%,88笔 每天0.25 胜75% PF1.4199999570846558 均+0.32% 组合102.8 撤-2.1%,974笔 每天2.71 胜66% PF0.8899999856948853 均-0.12% 组合82.3 撤-18.4%,0.89,1.02,0.102,0.0
全部币,L_B143_0.02|glob,止盈2% 止损5% 24h,0,False,231笔 每天0.31 胜70% PF0.8999999761581421 均-0.14% 组合96.7 撤-12.8%,191笔 每天0.53 胜68% PF0.800000011920929 均-0.33% 组合95.5 撤-12.3%,2155笔 每天6.0 胜70% PF0.9200000166893005 均-0.12% 组合53.5 撤-48.5%,0.8,2.28,-0.197,0.0
全部币,L_B143_0.02|glob,止盈3% 止损8% 48h,1,False,217笔 每天0.29 胜77% PF1.25 均+0.46% 组合108.1 撤-12.0%,174笔 每天0.48 胜68% PF0.800000011920929 均-0.51% 组合99.4 撤-12.8%,1998笔 每天5.57 胜74% PF1.0399999618530273 均+0.08% 组合54.6 撤-48.2%,0.8,2.11,0.01,0.0
全部币,L_B143_0.02|glob,止盈5% 止损11% 72h,2,False,200笔 每天0.26 胜72% PF1.2100000381469727 均+0.61% 组合107.1 撤-17.2%,170笔 每天0.47 胜71% PF1.1100000143051147 均+0.33% 组合110.9 撤-18.4%,1875笔 每天5.22 胜67% PF1.0 均+0.00% 组合34.2 撤-68.3%,1.0,1.98,0.313,0.0
全部币,L_B143_0.02|glob,止盈1.5% 止损3% 12h,3,False,243笔 每天0.32 胜67% PF0.9200000166893005 均-0.08% 组合98.6 撤-6.4%,201笔 每天0.56 胜69% PF1.0099999904632568 均+0.01% 组合101.5 撤-5.6%,2342笔 每天6.52 胜66% PF0.8700000047683716 均-0.14% 组合51.1 撤-50.0%,0.87,2.47,-0.071,0.0
全部币,L_B143_0.02|none,止盈2% 止损5% 24h,0,False,296笔 每天0.39 胜71% PF0.9200000166893005 均-0.12% 组合95.2 撤-16.6%,261笔 每天0.73 胜69% PF0.8299999833106995 均-0.27% 组合96.0 撤-11.6%,3747笔 每天10.44 胜67% PF0.7799999713897705 均-0.36% 组合40.5 撤-61.5%,0.78,3.85,-0.248,0.0
全部币,L_B143_0.02|none,止盈3% 止损8% 48h,1,False,277笔 每天0.37 胜77% PF1.2400000095367432 均+0.44% 组合110.2 撤-15.1%,234笔 每天0.65 胜70% PF0.8399999737739563 均-0.38% 组合100.4 撤-14.2%,3369笔 每天9.38 胜70% PF0.8700000047683716 均-0.30% 组合51.2 撤-53.9%,0.84,3.47,-0.082,0.0
全部币,L_B143_0.02|none,止盈5% 止损11% 72h,2,False,252笔 每天0.33 胜73% PF1.3200000524520874 均+0.86% 组合116.2 撤-19.3%,221笔 每天0.62 胜72% PF1.1699999570846558 均+0.52% 组合122.4 撤-17.4%,3064笔 每天8.53 胜64% PF0.8700000047683716 均-0.48% 组合30.5 撤-74.7%,0.87,3.16,0.3,0.0
全部币,L_B143_0.02|none,止盈1.5% 止损3% 12h,3,False,314笔 每天0.42 胜66% PF0.8899999856948853 均-0.12% 组合97.0 撤-8.3%,279笔 每天0.78 胜68% PF0.9800000190734863 均-0.02% 组合101.9 撤-4.7%,4162笔 每天11.59 胜62% PF0.7300000190734863 均-0.32% 组合35.7 撤-65.6%,0.73,4.26,-0.153,0.0
全部币,L_B143_0.02|own,止盈2% 止损5% 24h,0,False,46笔 每天0.06 胜83% PF1.7799999713897705 均+0.70% 组合103.2 撤-1.0%,51笔 每天0.14 胜80% PF1.5399999618530273 均+0.54% 组合102.8 撤-2.4%,645笔 每天1.8 胜72% PF0.9599999785423279 均-0.06% 组合88.3 撤-13.1%,0.96,0.67,0.392,0.0
全部币,L_B143_0.02|own,止盈3% 止损8% 48h,1,False,46笔 每天0.06 胜96% PF7.909999847412109 均+2.45% 组合111.9 撤-1.6%,51笔 每天0.14 胜76% PF1.2300000190734863 均+0.42% 组合102.1 撤-4.9%,617笔 每天1.72 胜73% PF1.0099999904632568 均+0.02% 组合89.2 撤-15.1%,1.01,0.64,0.962,0.0
全部币,L_B143_0.02|own,止盈5% 止损11% 72h,2,False,46笔 每天0.06 胜89% PF7.630000114440918 均+3.75% 组合118.7 撤-1.7%,49笔 每天0.14 胜76% PF1.4600000381469727 均+1.15% 组合105.6 撤-5.5%,593笔 每天1.65 胜67% PF0.9599999785423279 均-0.14% 组合81.3 撤-24.2%,0.96,0.62,1.588,0.0
全部币,L_B143_0.02|own,止盈1.5% 止损3% 12h,3,False,46笔 每天0.06 胜80% PF1.8700000047683716 均+0.53% 组合102.5 撤-0.8%,51笔 每天0.14 胜72% PF1.2899999618530273 均+0.23% 组合101.2 撤-1.3%,686笔 每天1.91 胜66% PF0.8700000047683716 均-0.14% 组合85.4 撤-15.1%,0.87,0.7,0.207,0.0
全部币,L_C144_0.05|any,止盈2% 止损5% 24h,0,False,644笔 每天0.85 胜73% PF1.059999942779541 均+0.07% 组合103.0 撤-13.1%,883笔 每天2.46 胜72% PF0.9800000190734863 均-0.03% 组合91.0 撤-20.2%,8009笔 每天22.31 胜69% PF0.8700000047683716 均-0.21% 组合32.2 撤-71.6%,0.87,8.54,-0.054,0.0
全部币,L_C144_0.05|any,止盈3% 止损8% 48h,1,False,533笔 每天0.71 胜70% PF0.8899999856948853 均-0.24% 组合89.1 撤-25.2%,770笔 每天2.14 胜74% PF1.059999942779541 均+0.12% 组合103.7 撤-18.3%,6551笔 每天18.25 胜68% PF0.8100000023841858 均-0.46% 组合17.1 撤-84.7%,0.81,7.03,-0.195,0.0
全部币,L_C144_0.05|any,止盈5% 止损11% 72h,2,False,498笔 每天0.66 胜68% PF1.0499999523162842 均+0.16% 组合104.1 撤-22.1%,671笔 每天1.87 胜70% PF1.2599999904632568 均+0.71% 组合143.0 撤-19.5%,5565笔 每天15.5 胜62% PF0.8299999833106995 均-0.63% 组合18.8 撤-83.7%,0.83,6.01,0.077,0.0
全部币,L_C144_0.05|any,止盈1.5% 止损3% 12h,3,False,767笔 每天1.01 胜68% PF0.9800000190734863 均-0.02% 组合97.8 撤-10.5%,1060笔 每天2.95 胜64% PF0.7900000214576721 均-0.24% 组合76.2 撤-26.1%,9597笔 每天26.73 胜65% PF0.8600000143051147 均-0.16% 组合31.6 撤-70.4%,0.79,10.23,-0.14,0.0
全部币,L_C144_0.05|glob,止盈2% 止损5% 24h,0,False,1172笔 每天1.55 胜73% PF1.0499999523162842 均+0.06% 组合102.9 撤-21.9%,1484笔 每天4.13 胜73% PF1.0199999809265137 均+0.03% 组合88.9 撤-25.2%,12397笔 每天34.53 胜70% PF0.8799999952316284 均-0.18% 组合20.7 撤-80.3%,0.88,13.4,-0.028,0.0
全部币,L_C144_0.05|glob,止盈3% 止损8% 48h,1,False,943笔 每天1.25 胜72% PF1.0099999904632568 均+0.01% 组合103.3 撤-21.6%,1221笔 每天3.4 胜73% PF1.0099999904632568 均+0.03% 组合94.2 撤-30.0%,9678笔 每天26.96 胜70% PF0.8799999952316284 均-0.29% 组合17.0 撤-84.2%,0.88,10.54,-0.081,0.0
全部币,L_C144_0.05|glob,止盈5% 止损11% 72h,2,False,789笔 每天1.04 胜69% PF1.1299999952316284 均+0.38% 组合130.0 撤-27.4%,1013笔 每天2.82 胜71% PF1.2599999904632568 均+0.72% 组合136.2 撤-31.1%,7920笔 每天22.06 胜64% PF0.8999999761581421 均-0.34% 组合20.2 撤-83.4%,0.9,8.64,0.254,0.0
全部币,L_C144_0.05|glob,止盈1.5% 止损3% 12h,3,False,1431笔 每天1.89 胜68% PF0.9800000190734863 均-0.02% 组合96.4 撤-17.8%,1835笔 每天5.11 胜65% PF0.8399999737739563 均-0.17% 组合69.4 撤-33.1%,15255笔 每天42.49 胜65% PF0.8700000047683716 均-0.14% 组合19.6 撤-81.2%,0.84,16.5,-0.113,0.0
全部币,L_C144_0.05|none,止盈2% 止损5% 24h,0,False,1273笔 每天1.68 胜74% PF1.0700000524520874 均+0.10% 组合108.2 撤-21.6%,1695笔 每天4.72 胜74% PF1.059999942779541 均+0.08% 组合96.3 撤-22.6%,14877笔 每天41.44 胜69% PF0.8600000143051147 均-0.22% 组合17.7 撤-84.2%,0.86,15.95,-0.015,0.0
全部币,L_C144_0.05|none,止盈3% 止损8% 48h,1,False,1022笔 每天1.35 胜73% PF1.0499999523162842 均+0.11% 组合111.5 撤-22.5%,1368笔 每天3.81 胜73% PF1.0299999713897705 均+0.06% 组合99.2 撤-33.2%,11326笔 每天31.55 胜69% PF0.8500000238418579 均-0.35% 组合16.9 撤-84.6%,0.85,12.24,-0.061,0.0
全部币,L_C144_0.05|none,止盈5% 止损11% 72h,2,False,843笔 每天1.12 胜70% PF1.149999976158142 均+0.45% 组合139.7 撤-26.7%,1112笔 每天3.1 胜71% PF1.2200000286102295 均+0.63% 组合131.2 撤-32.7%,9038笔 每天25.18 胜64% PF0.8700000047683716 均-0.44% 组合18.6 撤-84.6%,0.87,9.8,0.21,0.0
全部币,L_C144_0.05|none,止盈1.5% 止损3% 12h,3,False,1567笔 每天2.07 胜68% PF0.9900000095367432 均-0.01% 组合95.6 撤-20.9%,2125笔 每天5.92 胜66% PF0.8899999856948853 均-0.12% 组合72.8 撤-30.5%,18704笔 每天52.1 胜65% PF0.8500000238418579 均-0.16% 组合13.9 撤-86.9%,0.85,20.03,-0.098,0.0
全部币,L_C144_0.05|own,止盈2% 止损5% 24h,0,False,244笔 每天0.32 胜70% PF0.8999999761581421 均-0.16% 组合96.0 撤-7.8%,416笔 每天1.16 胜72% PF0.9900000095367432 均-0.01% 组合96.5 撤-6.5%,3932笔 每天10.95 胜69% PF0.8600000143051147 均-0.22% 组合44.3 撤-58.7%,0.86,4.14,-0.132,0.0
全部币,L_C144_0.05|own,止盈3% 止损8% 48h,1,False,222笔 每天0.29 胜69% PF0.8600000143051147 均-0.34% 组合92.1 撤-13.6%,386笔 每天1.08 胜76% PF1.1699999570846558 均+0.33% 组合112.8 撤-8.6%,3359笔 每天9.36 胜68% PF0.8199999928474426 均-0.44% 组合26.7 撤-74.7%,0.82,3.58,-0.149,0.0
全部币,L_C144_0.05|own,止盈5% 止损11% 72h,2,False,213笔 每天0.28 胜70% PF1.100000023841858 均+0.30% 组合105.7 撤-10.5%,354笔 每天0.99 胜70% PF1.25 均+0.69% 组合129.5 撤-18.1%,2956笔 每天8.23 胜62% PF0.8199999928474426 均-0.68% 组合20.4 撤-81.7%,0.82,3.17,0.104,0.0
全部币,L_C144_0.05|own,止盈1.5% 止损3% 12h,3,False,284笔 每天0.38 胜63% PF0.7699999809265137 均-0.27% 组合92.5 撤-10.4%,456笔 每天1.27 胜66% PF0.8700000047683716 均-0.14% 组合91.6 撤-10.0%,4523笔 每天12.6 胜65% PF0.8399999737739563 均-0.17% 组合51.3 撤-51.3%,0.77,4.75,-0.195,0.0
全部币,L_C144_0.06|any,止盈2% 止损5% 24h,0,False,470笔 每天0.62 胜73% PF1.0299999713897705 均+0.04% 组合100.6 撤-12.1%,649笔 每天1.81 胜74% PF1.100000023841858 均+0.13% 组合101.9 撤-9.6%,6112笔 每天17.03 胜70% PF0.8899999856948853 均-0.16% 组合43.4 撤-59.3%,0.89,6.49,0.005,0.0
全部币,L_C144_0.06|any,止盈3% 止损8% 48h,1,False,399笔 每天0.53 胜72% PF0.9599999785423279 均-0.09% 组合93.6 撤-19.5%,574笔 每天1.6 胜74% PF1.059999942779541 均+0.13% 组合101.1 撤-19.8%,5097笔 每天14.2 胜69% PF0.8399999737739563 均-0.39% 组合23.7 撤-77.6%,0.84,5.44,-0.116,0.0
全部币,L_C144_0.06|any,止盈5% 止损11% 72h,2,False,372笔 每天0.49 胜68% PF1.0399999618530273 均+0.14% 组合102.4 撤-23.1%,507笔 每天1.41 胜72% PF1.2899999618530273 均+0.80% 组合126.3 撤-19.6%,4372笔 每天12.18 胜63% PF0.8600000143051147 均-0.52% 组合20.1 撤-82.0%,0.86,4.69,0.142,0.0
全部币,L_C144_0.06|any,止盈1.5% 止损3% 12h,3,False,548笔 每天0.72 胜69% PF1.0099999904632568 均+0.01% 组合99.5 撤-8.5%,753笔 每天2.1 胜65% PF0.8500000238418579 均-0.16% 组合87.0 撤-16.0%,7164笔 每天19.96 胜65% PF0.8700000047683716 均-0.14% 组合43.6 撤-58.2%,0.85,7.59,-0.099,0.0
全部币,L_C144_0.06|glob,止盈2% 止损5% 24h,0,False,921笔 每天1.22 胜73% PF1.0399999618530273 均+0.05% 组合100.1 撤-21.7%,1152笔 每天3.21 胜74% PF1.1100000143051147 均+0.14% 组合102.2 撤-16.3%,9983笔 每天27.81 胜70% PF0.8999999761581421 均-0.15% 组合26.8 撤-74.0%,0.9,10.75,0.012,0.0
全部币,L_C144_0.06|glob,止盈3% 止损8% 48h,1,False,747笔 每天0.99 胜74% PF1.0700000524520874 均+0.15% 组合103.8 撤-23.1%,975笔 每天2.72 胜74% PF1.0700000524520874 均+0.14% 组合108.9 撤-21.9%,7933笔 每天22.1 胜70% PF0.8899999856948853 均-0.25% 组合19.6 撤-81.0%,0.89,8.6,0.016,0.0
全部币,L_C144_0.06|glob,止盈5% 止损11% 72h,2,False,640笔 每天0.85 胜71% PF1.149999976158142 均+0.46% 组合127.6 撤-23.9%,813笔 每天2.26 胜73% PF1.350000023841858 均+0.94% 组合143.8 撤-26.4%,6582笔 每天18.33 胜65% PF0.9300000071525574 均-0.23% 组合24.2 撤-79.7%,0.93,7.15,0.387,0.0
全部币,L_C144_0.06|glob,止盈1.5% 止损3% 12h,3,False,1096笔 每天1.45 胜69% PF1.0 均+0.00% 组合97.9 撤-16.4%,1382笔 每天3.85 胜66% PF0.8700000047683716 均-0.14% 组合77.1 撤-26.4%,12050笔 每天33.57 胜65% PF0.8600000143051147 均-0.16% 组合29.8 撤-71.4%,0.86,12.96,-0.099,0.0
全部币,L_C144_0.06|none,止盈2% 止损5% 24h,0,False,1009笔 每天1.33 胜73% PF1.0299999713897705 均+0.04% 组合101.7 撤-20.5%,1340笔 每天3.73 胜75% PF1.159999966621399 均+0.20% 组合113.1 撤-16.6%,12364笔 每天34.44 胜69% PF0.8700000047683716 均-0.20% 组合21.4 撤-79.3%,0.87,13.17,0.014,0.0
全部币,L_C144_0.06|none,止盈3% 止损8% 48h,1,False,813笔 每天1.08 胜74% PF1.100000023841858 均+0.20% 组合110.8 撤-22.7%,1114笔 每天3.1 胜75% PF1.100000023841858 均+0.20% 组合113.0 撤-24.6%,9565笔 每天26.64 胜70% PF0.8600000143051147 均-0.33% 组合17.5 撤-83.0%,0.86,10.27,0.025,0.0
全部币,L_C144_0.06|none,止盈5% 止损11% 72h,2,False,693笔 每天0.92 胜71% PF1.1799999475479126 均+0.52% 组合136.8 撤-24.8%,904笔 每天2.52 胜73% PF1.309999942779541 均+0.85% 组合145.7 撤-26.0%,7698笔 每天21.44 胜64% PF0.8899999856948853 均-0.40% 组合16.8 撤-85.6%,0.89,8.29,0.322,0.0
全部币,L_C144_0.06|none,止盈1.5% 止损3% 12h,3,False,1215笔 每天1.61 胜69% PF1.0199999809265137 均+0.01% 组合99.9 撤-16.3%,1626笔 每天4.53 胜66% PF0.9100000262260437 均-0.10% 组合76.6 撤-28.4%,15280笔 每天42.56 胜65% PF0.8399999737739563 均-0.18% 组合19.7 撤-80.9%,0.84,16.23,-0.089,0.0
全部币,L_C144_0.06|own,止盈2% 止损5% 24h,0,False,164笔 每天0.22 胜73% PF1.0199999809265137 均+0.03% 组合100.4 撤-4.5%,267笔 每天0.74 胜76% PF1.2200000286102295 均+0.27% 组合106.2 撤-3.9%,2822笔 每天7.86 胜69% PF0.8600000143051147 均-0.21% 组合54.0 撤-48.1%,0.86,2.94,0.03,0.0
全部币,L_C144_0.06|own,止盈3% 止损8% 48h,1,False,155笔 每天0.21 胜74% PF1.0800000429153442 均+0.17% 组合102.4 撤-6.2%,249笔 每天0.69 胜77% PF1.2400000095367432 均+0.43% 组合108.8 撤-5.2%,2460笔 每天6.85 胜69% PF0.8299999833106995 均-0.42% 组合35.9 撤-66.8%,0.83,2.58,0.058,0.0
全部币,L_C144_0.06|own,止盈5% 止损11% 72h,2,False,148笔 每天0.2 胜70% PF1.1200000047683716 均+0.38% 组合105.0 撤-13.1%,235笔 每天0.65 胜74% PF1.4600000381469727 均+1.15% 组合122.9 撤-13.0%,2178笔 每天6.07 胜63% PF0.8399999737739563 均-0.57% 组合29.9 撤-74.1%,0.84,2.31,0.319,0.0
全部币,L_C144_0.06|own,止盈1.5% 止损3% 12h,3,False,183笔 每天0.24 胜65% PF0.8399999737739563 均-0.17% 组合96.9 撤-6.3%,289笔 每天0.81 胜70% PF1.0299999713897705 均+0.03% 组合100.0 撤-3.1%,3210笔 每天8.94 胜65% PF0.8500000238418579 均-0.16% 组合62.4 撤-39.2%,0.84,3.33,-0.1,0.0
全部币,L_C144_0.07|any,止盈2% 止损5% 24h,0,False,326笔 每天0.43 胜74% PF1.059999942779541 均+0.08% 组合101.9 撤-10.4%,469笔 每天1.31 胜76% PF1.2000000476837158 均+0.25% 组合105.5 撤-8.3%,4599笔 每天12.81 胜70% PF0.8999999761581421 均-0.15% 组合55.7 撤-50.5%,0.9,4.85,0.058,0.0
全部币,L_C144_0.07|any,止盈3% 止损8% 48h,1,False,285笔 每天0.38 胜73% PF0.9900000095367432 均-0.03% 组合98.0 撤-12.8%,431笔 每天1.2 胜79% PF1.3700000047683716 均+0.62% 组合118.9 撤-10.6%,3909笔 每天10.89 胜69% PF0.8399999737739563 均-0.39% 组合31.2 撤-69.9%,0.84,4.16,0.07,0.0
全部币,L_C144_0.07|any,止盈5% 止损11% 72h,2,False,262笔 每天0.35 胜68% PF1.0399999618530273 均+0.12% 组合98.4 撤-18.5%,390笔 每天1.09 胜76% PF1.5099999904632568 均+1.24% 组合133.3 撤-15.7%,3376笔 每天9.4 胜63% PF0.8399999737739563 均-0.57% 组合19.9 撤-81.4%,0.84,3.61,0.263,0.0
全部币,L_C144_0.07|any,止盈1.5% 止损3% 12h,3,False,365笔 每天0.48 胜70% PF1.0399999618530273 均+0.04% 组合101.1 撤-7.6%,539笔 每天1.5 胜68% PF0.9800000190734863 均-0.02% 组合96.9 撤-7.6%,5321笔 每天14.82 胜65% PF0.8700000047683716 均-0.14% 组合50.4 撤-50.9%,0.87,5.6,-0.042,0.0
全部币,L_C144_0.07|glob,止盈2% 止损5% 24h,0,False,713笔 每天0.94 胜73% PF1.0199999809265137 均+0.03% 组合99.4 撤-19.8%,891笔 每天2.48 胜75% PF1.1100000143051147 均+0.14% 组合101.9 撤-15.3%,7994笔 每天22.27 胜70% PF0.8999999761581421 均-0.14% 组合29.7 撤-71.3%,0.9,8.56,0.008,0.0
全部币,L_C144_0.07|glob,止盈3% 止损8% 48h,1,False,589笔 每天0.78 胜74% PF1.0399999618530273 均+0.09% 组合101.8 撤-23.7%,788笔 每天2.19 胜77% PF1.2400000095367432 均+0.43% 组合125.1 撤-19.0%,6463笔 每天18.0 胜71% PF0.8999999761581421 均-0.24% 组合24.2 撤-77.0%,0.9,6.99,0.094,0.0
全部币,L_C144_0.07|glob,止盈5% 止损11% 72h,2,False,498笔 每天0.66 胜70% PF1.1399999856948853 均+0.41% 组合109.4 撤-24.0%,664笔 每天1.85 胜76% PF1.5199999809265137 均+1.26% 组合152.7 撤-26.3%,5399笔 每天15.04 胜65% PF0.9200000166893005 均-0.27% 组合14.8 撤-86.7%,0.92,5.85,0.47,0.0
全部币,L_C144_0.07|glob,止盈1.5% 止损3% 12h,3,False,817笔 每天1.08 胜69% PF1.0099999904632568 均+0.01% 组合98.2 撤-15.3%,1071笔 每天2.98 胜68% PF0.9900000095367432 均-0.01% 组合92.2 撤-13.8%,9480笔 每天26.41 胜64% PF0.8299999833106995 均-0.18% 组合30.7 撤-70.6%,0.83,10.16,-0.061,0.0
全部币,L_C144_0.07|none,止盈2% 止损5% 24h,0,False,800笔 每天1.06 胜74% PF1.059999942779541 均+0.09% 组合103.5 撤-19.4%,1060笔 每天2.95 胜75% PF1.1399999856948853 均+0.18% 组合106.3 撤-14.9%,10186笔 每天28.37 胜70% PF0.8700000047683716 均-0.21% 组合22.7 撤-78.0%,0.87,10.79,0.018,0.0
全部币,L_C144_0.07|none,止盈3% 止损8% 48h,1,False,651笔 每天0.86 胜74% PF1.0700000524520874 均+0.15% 组合103.7 撤-23.7%,915笔 每天2.55 胜77% PF1.2400000095367432 均+0.44% 组合133.2 撤-19.0%,7996笔 每天22.27 胜70% PF0.8600000143051147 均-0.34% 组合17.0 撤-83.6%,0.86,8.56,0.082,0.0
全部币,L_C144_0.07|none,止盈5% 止损11% 72h,2,False,543笔 每天0.72 胜70% PF1.159999966621399 均+0.48% 组合112.0 撤-25.0%,749笔 每天2.09 胜74% PF1.4199999570846558 均+1.09% 组合148.3 撤-26.0%,6471笔 每天18.03 胜64% PF0.8700000047683716 均-0.45% 组合10.9 撤-90.1%,0.87,6.95,0.37,0.0
全部币,L_C144_0.07|none,止盈1.5% 止损3% 12h,3,False,925笔 每天1.22 胜69% PF1.0299999713897705 均+0.03% 组合99.5 撤-15.6%,1280笔 每天3.57 胜69% PF1.0299999713897705 均+0.03% 组合95.5 撤-13.5%,12400笔 每天34.54 胜64% PF0.8100000023841858 均-0.21% 组合22.0 撤-78.6%,0.81,13.11,-0.052,0.0
全部币,L_C144_0.07|own,止盈2% 止损5% 24h,0,False,99笔 每天0.13 胜77% PF1.2799999713897705 均+0.33% 组合103.2 撤-2.7%,184笔 每天0.51 胜76% PF1.2100000381469727 均+0.25% 组合103.9 撤-4.0%,1994笔 每天5.55 胜70% PF0.8700000047683716 均-0.19% 组合70.2 撤-36.5%,0.87,2.06,0.128,0.0
全部币,L_C144_0.07|own,止盈3% 止损8% 48h,1,False,93笔 每天0.12 胜80% PF1.5 均+0.78% 组合107.4 撤-2.4%,178笔 每天0.5 胜76% PF1.159999966621399 均+0.31% 组合104.3 撤-5.2%,1756笔 每天4.89 胜69% PF0.8199999928474426 均-0.43% 组合49.9 撤-55.0%,0.82,1.84,0.217,0.0
全部币,L_C144_0.07|own,止盈5% 止损11% 72h,2,False,89笔 每天0.12 胜75% PF1.5199999809265137 均+1.26% 组合111.5 撤-4.1%,169笔 每天0.47 胜76% PF1.559999942779541 均+1.35% 组合122.0 撤-9.8%,1565笔 每天4.36 胜63% PF0.8299999833106995 均-0.62% 组合38.9 撤-65.9%,0.83,1.65,0.664,0.0
全部币,L_C144_0.07|own,止盈1.5% 止损3% 12h,3,False,107笔 每天0.14 胜70% PF1.059999942779541 均+0.06% 组合100.6 撤-2.9%,197笔 每天0.55 胜72% PF1.1699999570846558 均+0.15% 组合102.4 撤-2.1%,2237笔 每天6.23 胜65% PF0.8600000143051147 均-0.15% 组合71.4 撤-31.0%,0.86,2.31,0.019,0.0
全部币,L_C144_0.08|any,止盈2% 止损5% 24h,0,False,234笔 每天0.31 胜74% PF1.090000033378601 均+0.12% 组合102.3 撤-7.4%,332笔 每天0.92 胜78% PF1.3600000143051147 均+0.40% 组合109.2 撤-6.5%,3475笔 每天9.68 胜70% PF0.8999999761581421 均-0.16% 组合66.7 撤-41.1%,0.9,3.64,0.12,0.0
全部币,L_C144_0.08|any,止盈3% 止损8% 48h,1,False,205笔 每天0.27 胜75% PF1.059999942779541 均+0.13% 组合101.8 撤-10.7%,306笔 每天0.85 胜80% PF1.440000057220459 均+0.71% 组合115.6 撤-9.2%,2992笔 每天8.33 胜70% PF0.8899999856948853 均-0.26% 组合56.5 撤-53.7%,0.89,3.15,0.197,0.0
全部币,L_C144_0.08|any,止盈5% 止损11% 72h,2,False,194笔 每天0.26 胜73% PF1.2300000190734863 均+0.65% 组合110.4 撤-11.3%,280笔 每天0.78 胜79% PF1.8200000524520874 均+1.76% 组合139.1 撤-13.7%,2634笔 每天7.34 胜64% PF0.8600000143051147 均-0.50% 组合32.7 撤-70.1%,0.86,2.79,0.639,0.0
全部币,L_C144_0.08|any,止盈1.5% 止损3% 12h,3,False,264笔 每天0.35 胜70% PF1.0800000429153442 均+0.08% 组合101.8 撤-3.5%,375笔 每天1.04 胜72% PF1.2000000476837158 均+0.17% 组合103.4 撤-3.1%,3966笔 每天11.05 胜66% PF0.8799999952316284 均-0.13% 组合62.3 撤-40.6%,0.88,4.15,0.039,0.0
全部币,L_C144_0.08|glob,止盈2% 止损5% 24h,0,False,545笔 每天0.72 胜74% PF1.059999942779541 均+0.09% 组合103.8 撤-10.6%,697笔 每天1.94 胜76% PF1.159999966621399 均+0.20% 组合106.0 撤-11.9%,6383笔 每天17.78 胜70% PF0.8799999952316284 均-0.18% 组合36.2 撤-65.1%,0.88,6.81,0.035,0.0
全部币,L_C144_0.08|glob,止盈3% 止损8% 48h,1,False,448笔 每天0.59 胜76% PF1.190000057220459 均+0.35% 组合112.4 撤-15.3%,624笔 每天1.74 胜78% PF1.3200000524520874 均+0.55% 组合125.6 撤-15.3%,5225笔 每天14.55 胜71% PF0.9100000262260437 均-0.19% 组合32.8 撤-71.1%,0.91,5.63,0.236,0.0
全部币,L_C144_0.08|glob,止盈5% 止损11% 72h,2,False,390笔 每天0.52 胜73% PF1.25 均+0.71% 组合112.4 撤-20.7%,541笔 每天1.51 胜77% PF1.649999976158142 均+1.50% 组合147.5 撤-22.4%,4428笔 每天12.33 胜66% PF0.949999988079071 均-0.18% 组合22.0 撤-79.3%,0.95,4.79,0.675,0.0
全部币,L_C144_0.08|glob,止盈1.5% 止损3% 12h,3,False,631笔 每天0.83 胜70% PF1.0399999618530273 均+0.04% 组合100.9 撤-7.7%,816笔 每天2.27 胜72% PF1.1399999856948853 均+0.13% 组合101.5 撤-9.6%,7478笔 每天20.83 胜64% PF0.8199999928474426 均-0.20% 组合36.3 撤-64.3%,0.82,7.98,-0.012,0.0
全部币,L_C144_0.08|none,止盈2% 止损5% 24h,0,False,617笔 每天0.82 胜73% PF1.0399999618530273 均+0.05% 组合101.9 撤-13.0%,851笔 每天2.37 胜76% PF1.190000057220459 均+0.24% 组合111.6 撤-12.1%,8409笔 每天23.42 胜69% PF0.8500000238418579 均-0.24% 组合26.8 撤-74.5%,0.85,8.87,0.014,0.0
全部币,L_C144_0.08|none,止盈3% 止损8% 48h,1,False,504笔 每天0.67 胜77% PF1.2300000190734863 均+0.41% 组合114.3 撤-16.0%,738笔 每天2.06 胜78% PF1.2899999618530273 均+0.52% 组合132.2 撤-16.8%,6671笔 每天18.58 胜70% PF0.8600000143051147 均-0.33% 组合23.6 撤-77.6%,0.86,7.1,0.201,0.0
全部币,L_C144_0.08|none,止盈5% 止损11% 72h,2,False,430笔 每天0.57 胜73% PF1.2300000190734863 均+0.66% 组合111.7 撤-20.6%,623笔 每天1.74 胜76% PF1.5499999523162842 均+1.32% 组合155.7 撤-23.9%,5476笔 每天15.25 胜65% PF0.8799999952316284 均-0.42% 组合12.7 撤-87.8%,0.88,5.85,0.521,0.0
全部币,L_C144_0.08|none,止盈1.5% 止损3% 12h,3,False,720笔 每天0.95 胜70% PF1.0399999618530273 均+0.04% 组合102.4 撤-7.5%,1000笔 每天2.79 胜72% PF1.159999966621399 均+0.14% 组合105.8 撤-9.3%,10098笔 每天28.13 胜64% PF0.800000011920929 均-0.23% 组合25.1 撤-75.4%,0.8,10.62,-0.014,0.0
全部币,L_C144_0.08|own,止盈2% 止损5% 24h,0,False,63笔 每天0.08 胜79% PF1.440000057220459 均+0.47% 组合103.0 撤-2.3%,121笔 每天0.34 胜76% PF1.2100000381469727 均+0.25% 组合102.4 撤-4.0%,1470笔 每天4.09 胜70% PF0.9200000166893005 均-0.12% 组合84.1 撤-25.6%,0.92,1.5,0.202,0.0
全部币,L_C144_0.08|own,止盈3% 止损8% 48h,1,False,59笔 每天0.08 胜81% PF1.5700000524520874 均+0.87% 组合105.2 撤-1.6%,118笔 每天0.33 胜77% PF1.2699999809265137 均+0.47% 组合104.6 撤-5.1%,1301笔 每天3.62 胜71% PF0.8999999761581421 均-0.22% 组合69.2 撤-44.1%,0.9,1.34,0.372,0.0
全部币,L_C144_0.08|own,止盈5% 止损11% 72h,2,False,59笔 每天0.08 胜78% PF1.590000033378601 均+1.40% 组合108.4 撤-4.1%,113笔 每天0.31 胜78% PF1.649999976158142 均+1.51% 组合115.6 撤-7.7%,1180笔 每天3.29 胜65% PF0.8899999856948853 均-0.39% 组合58.7 撤-47.4%,0.89,1.23,0.841,0.0
全部币,L_C144_0.08|own,止盈1.5% 止损3% 12h,3,False,68笔 每天0.09 胜69% PF1.0199999809265137 均+0.02% 组合100.1 撤-2.1%,129笔 每天0.36 胜74% PF1.309999942779541 均+0.25% 组合102.8 撤-1.2%,1627笔 每天4.53 胜66% PF0.8899999856948853 均-0.12% 组合83.5 撤-23.9%,0.89,1.66,0.051,0.0
全部币,L_C144_0.1|any,止盈2% 止损5% 24h,0,False,122笔 每天0.16 胜81% PF1.6100000143051147 均+0.60% 组合107.2 撤-3.2%,190笔 每天0.53 胜80% PF1.5700000524520874 均+0.56% 组合109.0 撤-4.2%,1972笔 每天5.49 胜71% PF0.9200000166893005 均-0.11% 组合81.1 撤-29.3%,0.92,2.06,0.35,0.0
全部币,L_C144_0.1|any,止盈3% 止损8% 48h,1,False,106笔 每天0.14 胜78% PF1.2999999523162842 均+0.53% 组合105.1 撤-6.6%,181笔 每天0.5 胜82% PF1.7000000476837158 均+0.99% 组合115.8 撤-6.6%,1726笔 每天4.81 胜71% PF0.9200000166893005 均-0.19% 组合65.1 撤-43.7%,0.92,1.82,0.444,0.0
全部币,L_C144_0.1|any,止盈5% 止损11% 72h,2,False,102笔 每天0.13 胜80% PF1.7999999523162842 均+1.74% 组合118.1 撤-5.9%,166笔 每天0.46 胜78% PF1.6699999570846558 均+1.55% 组合121.9 撤-10.5%,1543笔 每天4.3 胜66% PF0.9300000071525574 均-0.25% 组合53.7 撤-48.2%,0.93,1.63,1.016,0.0
全部币,L_C144_0.1|any,止盈1.5% 止损3% 12h,3,False,130笔 每天0.17 胜72% PF1.190000057220459 均+0.16% 组合102.0 撤-1.4%,211笔 每天0.59 胜78% PF1.6299999952316284 均+0.43% 组合107.9 撤-2.0%,2218笔 每天6.18 胜67% PF0.9300000071525574 均-0.08% 组合84.7 撤-18.1%,0.93,2.31,0.173,0.0
全部币,L_C144_0.1|glob,止盈2% 止损5% 24h,0,False,328笔 每天0.43 胜75% PF1.1100000143051147 均+0.14% 组合101.9 撤-7.5%,408笔 每天1.14 胜78% PF1.2899999618530273 均+0.34% 组合109.6 撤-11.5%,4081笔 每天11.37 胜70% PF0.8999999761581421 均-0.15% 组合55.9 撤-49.8%,0.9,4.31,0.108,0.0
全部币,L_C144_0.1|glob,止盈3% 止损8% 48h,1,False,279笔 每天0.37 胜77% PF1.2200000286102295 均+0.41% 组合106.8 撤-9.8%,381笔 每天1.06 胜79% PF1.3700000047683716 均+0.62% 组合120.5 撤-13.8%,3443笔 每天9.59 胜72% PF0.9599999785423279 均-0.09% 组合43.3 撤-62.8%,0.96,3.67,0.314,0.0
全部币,L_C144_0.1|glob,止盈5% 止损11% 72h,2,False,247笔 每天0.33 胜77% PF1.5 均+1.26% 组合126.7 撤-11.0%,335笔 每天0.93 胜78% PF1.649999976158142 均+1.52% 组合142.5 撤-21.9%,2984笔 每天8.31 胜68% PF1.0199999809265137 均+0.07% 组合27.4 撤-73.4%,1.02,3.19,0.954,0.0
全部币,L_C144_0.1|glob,止盈1.5% 止损3% 12h,3,False,365笔 每天0.48 胜67% PF0.9200000166893005 均-0.09% 组合95.9 撤-7.6%,458笔 每天1.28 胜72% PF1.159999966621399 均+0.14% 组合104.4 撤-6.8%,4706笔 每天13.11 胜65% PF0.8399999737739563 均-0.17% 组合54.5 撤-46.6%,0.84,4.96,-0.041,0.0
全部币,L_C144_0.1|none,止盈2% 止损5% 24h,0,False,381笔 每天0.5 胜74% PF1.0700000524520874 均+0.09% 组合100.7 撤-9.0%,509笔 每天1.42 胜78% PF1.3200000524520874 均+0.36% 组合116.9 撤-10.4%,5799笔 每天16.15 胜69% PF0.8299999833106995 均-0.27% 组合40.8 撤-60.6%,0.83,6.02,0.061,0.0
全部币,L_C144_0.1|none,止盈3% 止损8% 48h,1,False,320笔 每天0.42 胜77% PF1.2300000190734863 均+0.42% 组合107.6 撤-11.0%,457笔 每天1.27 胜79% PF1.350000023841858 均+0.59% 组合123.0 撤-15.4%,4715笔 每天13.13 胜70% PF0.8600000143051147 均-0.33% 组合32.9 撤-72.0%,0.86,4.94,0.228,0.0
全部币,L_C144_0.1|none,止盈5% 止损11% 72h,2,False,279笔 每天0.37 胜76% PF1.440000057220459 均+1.14% 组合122.9 撤-13.1%,396笔 每天1.1 胜77% PF1.559999942779541 均+1.36% 组合144.7 撤-21.9%,3965笔 每天11.04 胜66% PF0.9100000262260437 均-0.31% 组合19.4 撤-81.0%,0.91,4.17,0.729,0.0
全部币,L_C144_0.1|none,止盈1.5% 止损3% 12h,3,False,428笔 每天0.57 胜67% PF0.9100000262260437 均-0.09% 组合95.2 撤-9.3%,580笔 每天1.62 胜72% PF1.1399999856948853 均+0.13% 组合105.9 撤-7.1%,6874笔 每天19.15 胜64% PF0.800000011920929 均-0.23% 组合40.6 撤-60.2%,0.8,7.11,-0.064,0.0
全部币,L_C144_0.1|own,止盈2% 止损5% 24h,0,False,22笔 每天0.03 胜77% PF1.2699999809265137 均+0.32% 组合100.7 撤-0.8%,73笔 每天0.2 胜81% PF1.6299999952316284 均+0.61% 组合103.8 撤-3.3%,777笔 每天2.16 胜71% PF0.9399999976158142 均-0.09% 组合92.7 撤-18.5%,0.94,0.8,0.278,0.0
全部币,L_C144_0.1|own,止盈3% 止损8% 48h,1,False,21笔 每天0.03 胜86% PF2.1600000858306885 均+1.35% 组合102.8 撤-0.8%,72笔 每天0.2 胜83% PF1.8600000143051147 均+1.13% 组合107.4 撤-4.2%,703笔 每天1.96 胜70% PF0.8399999737739563 均-0.37% 组合75.7 撤-33.4%,0.84,0.73,0.701,0.0
全部币,L_C144_0.1|own,止盈5% 止损11% 72h,2,False,21笔 每天0.03 胜86% PF2.6500000953674316 均+2.63% 组合105.6 撤-1.1%,68笔 每天0.19 胜76% PF1.5 均+1.26% 组合107.0 撤-6.6%,643笔 每天1.79 胜63% PF0.8199999928474426 均-0.69% 组合61.3 撤-40.1%,0.82,0.67,1.068,0.0
全部币,L_C144_0.1|own,止盈1.5% 止损3% 12h,3,False,23笔 每天0.03 胜52% PF0.5 均-0.76% 组合98.3 撤-2.0%,80笔 每天0.22 胜82% PF2.140000104904175 均+0.63% 组合104.7 撤-0.8%,844笔 每天2.35 胜68% PF0.9700000286102295 均-0.03% 组合97.9 撤-12.0%,0.5,0.87,-0.053,0.0
全部币,L_D145_0.0125|any,止盈2% 止损5% 24h,0,False,733笔 每天0.97 胜70% PF0.949999988079071 均-0.08% 组合93.7 撤-16.7%,768笔 每天2.14 胜72% PF0.9599999785423279 均-0.06% 组合95.2 撤-15.4%,4877笔 每天13.58 胜72% PF1.0299999713897705 均+0.04% 组合61.6 撤-43.4%,0.95,5.56,-0.034,0.0
全部币,L_D145_0.0125|any,止盈3% 止损8% 48h,1,False,675笔 每天0.89 胜72% PF1.0800000429153442 均+0.16% 组合109.8 撤-21.8%,714笔 每天1.99 胜75% PF1.190000057220459 均+0.35% 组合120.1 撤-21.4%,4649笔 每天12.95 胜72% PF1.0199999809265137 均+0.04% 组合56.0 撤-50.5%,1.02,5.28,0.182,0.0
全部币,L_D145_0.0125|any,止盈5% 止损11% 72h,2,False,615笔 每天0.81 胜67% PF1.1200000047683716 均+0.33% 组合120.7 撤-32.0%,660笔 每天1.84 胜71% PF1.2899999618530273 均+0.77% 组合136.1 撤-26.0%,4298笔 每天11.97 胜64% PF0.9800000190734863 均-0.08% 组合42.2 撤-65.0%,0.98,4.87,0.341,0.0
全部币,L_D145_0.0125|any,止盈1.5% 止损3% 12h,3,False,759笔 每天1.0 胜65% PF0.8700000047683716 均-0.13% 组合90.1 撤-11.2%,811笔 每天2.26 胜67% PF0.9399999976158142 均-0.06% 组合92.5 撤-14.2%,5022笔 每天13.99 胜68% PF1.0 均+0.00% 组合70.3 撤-34.3%,0.87,5.75,-0.064,0.0
全部币,L_D145_0.0125|glob,止盈2% 止损5% 24h,0,False,1142笔 每天1.51 胜70% PF0.9300000071525574 均-0.10% 组合85.8 撤-24.3%,1111笔 每天3.09 胜72% PF0.9800000190734863 均-0.03% 组合96.6 撤-24.1%,6750笔 每天18.8 胜72% PF1.0099999904632568 均+0.02% 组合45.0 撤-58.0%,0.93,7.8,-0.037,0.0
全部币,L_D145_0.0125|glob,止盈3% 止损8% 48h,1,False,1017笔 每天1.35 胜71% PF1.0 均+0.00% 组合98.5 撤-33.3%,991笔 每天2.76 胜77% PF1.25 均+0.45% 组合139.3 撤-25.4%,6348笔 每天17.68 胜72% PF1.0199999809265137 均+0.03% 组合40.5 撤-65.2%,1.0,7.26,0.163,0.0
全部币,L_D145_0.0125|glob,止盈5% 止损11% 72h,2,False,887笔 每天1.17 胜66% PF1.0199999809265137 均+0.07% 组合105.8 撤-48.2%,887笔 每天2.47 胜73% PF1.3799999952316284 均+0.97% 组合164.7 撤-23.8%,5745笔 每天16.0 胜64% PF0.9700000286102295 均-0.08% 组合25.9 撤-78.5%,0.97,6.55,0.318,0.0
全部币,L_D145_0.0125|glob,止盈1.5% 止损3% 12h,3,False,1219笔 每天1.61 胜66% PF0.8799999952316284 均-0.13% 组合83.8 撤-17.8%,1184笔 每天3.3 胜68% PF0.9900000095367432 均-0.01% 组合92.7 撤-18.4%,7043笔 每天19.62 胜68% PF0.9800000190734863 均-0.02% 组合55.6 撤-49.0%,0.88,8.18,-0.053,0.0
全部币,L_D145_0.0125|none,止盈2% 止损5% 24h,0,False,1293笔 每天1.71 胜70% PF0.9300000071525574 均-0.10% 组合85.9 撤-23.9%,1311笔 每天3.65 胜73% PF1.0399999618530273 均+0.05% 组合103.2 撤-25.5%,8339笔 每天23.23 胜72% PF0.9900000095367432 均-0.01% 组合33.8 撤-69.6%,0.93,9.53,-0.018,0.0
全部币,L_D145_0.0125|none,止盈3% 止损8% 48h,1,False,1145笔 每天1.51 胜72% PF1.0099999904632568 均+0.03% 组合105.1 撤-28.6%,1158笔 每天3.23 胜77% PF1.2699999809265137 均+0.48% 组合159.6 撤-22.0%,7706笔 每天21.47 胜72% PF1.0 均+0.01% 组合33.0 撤-75.4%,1.0,8.74,0.172,0.0
全部币,L_D145_0.0125|none,止盈5% 止损11% 72h,2,False,995笔 每天1.32 胜66% PF1.0499999523162842 均+0.16% 组合113.2 撤-47.2%,1012笔 每天2.82 胜73% PF1.4299999475479126 均+1.07% 组合185.9 撤-25.9%,6882笔 每天19.17 胜65% PF0.9700000286102295 均-0.10% 组合22.8 撤-83.7%,0.97,7.77,0.376,0.0
全部币,L_D145_0.0125|none,止盈1.5% 止损3% 12h,3,False,1385笔 每天1.83 胜66% PF0.8799999952316284 均-0.12% 组合83.8 撤-17.7%,1400笔 每天3.9 胜69% PF1.0399999618530273 均+0.03% 组合95.9 撤-19.8%,8794笔 每天24.5 胜67% PF0.949999988079071 均-0.05% 组合43.4 撤-59.9%,0.88,10.08,-0.048,0.0
全部币,L_D145_0.0125|own,止盈2% 止损5% 24h,0,False,338笔 每天0.45 胜70% PF0.8999999761581421 均-0.14% 组合94.9 撤-14.8%,386笔 每天1.08 胜71% PF0.9399999976158142 均-0.09% 组合96.3 撤-11.3%,2462笔 每天6.86 胜73% PF1.059999942779541 均+0.08% 组合85.8 撤-23.3%,0.9,2.8,-0.05,0.0
全部币,L_D145_0.0125|own,止盈3% 止损8% 48h,1,False,325笔 每天0.43 胜70% PF1.0399999618530273 均+0.08% 组合102.0 撤-21.4%,366笔 每天1.02 胜73% PF1.0800000429153442 均+0.16% 组合102.1 撤-16.7%,2380笔 每天6.63 胜72% PF1.0299999713897705 均+0.07% 组合71.5 撤-39.1%,1.03,2.69,0.101,0.0
全部币,L_D145_0.0125|own,止盈5% 止损11% 72h,2,False,309笔 每天0.41 胜64% PF0.9800000190734863 均-0.05% 组合96.8 撤-30.5%,348笔 每天0.97 胜70% PF1.2599999904632568 均+0.69% 组合118.1 撤-14.7%,2274笔 每天6.33 胜63% PF0.9599999785423279 均-0.12% 组合61.9 撤-52.5%,0.96,2.57,0.174,0.0
全部币,L_D145_0.0125|own,止盈1.5% 止损3% 12h,3,False,344笔 每天0.46 胜66% PF0.8999999761581421 均-0.10% 组合96.4 撤-6.7%,400笔 每天1.11 胜69% PF1.0099999904632568 均+0.01% 组合99.8 撤-4.6%,2510笔 每天6.99 胜69% PF1.0499999523162842 均+0.05% 组合89.2 撤-20.0%,0.9,2.85,-0.015,0.0
全部币,L_D145_0.015|any,止盈2% 止损5% 24h,0,False,354笔 每天0.47 胜72% PF0.9599999785423279 均-0.05% 组合97.9 撤-6.3%,415笔 每天1.16 胜74% PF1.100000023841858 均+0.13% 组合104.7 撤-7.8%,2634笔 每天7.34 胜73% PF1.0399999618530273 均+0.05% 组合84.9 撤-29.4%,0.96,2.99,0.044,0.0
全部币,L_D145_0.015|any,止盈3% 止损8% 48h,1,False,334笔 每天0.44 胜73% PF1.0399999618530273 均+0.09% 组合102.4 撤-13.1%,394笔 每天1.1 胜80% PF1.559999942779541 均+0.84% 组合129.1 撤-9.1%,2547笔 每天7.09 胜73% PF1.059999942779541 均+0.13% 组合79.1 撤-39.2%,1.04,2.88,0.353,0.0
全部币,L_D145_0.015|any,止盈5% 止损11% 72h,2,False,312笔 每天0.41 胜66% PF1.0299999713897705 均+0.09% 组合101.5 撤-21.9%,380笔 每天1.06 胜74% PF1.4500000476837158 均+1.11% 组合138.2 撤-12.5%,2422笔 每天6.75 胜66% PF1.0299999713897705 均+0.08% 组合76.5 撤-43.1%,1.03,2.74,0.429,0.0
全部币,L_D145_0.015|any,止盈1.5% 止损3% 12h,3,False,364笔 每天0.48 胜66% PF0.8899999856948853 均-0.11% 组合95.8 撤-5.7%,433笔 每天1.21 胜72% PF1.149999976158142 均+0.13% 组合104.4 撤-3.3%,2689笔 每天7.49 胜69% PF1.0299999713897705 均+0.03% 组合88.7 撤-23.3%,0.89,3.06,0.015,0.0
全部币,L_D145_0.015|glob,止盈2% 止损5% 24h,0,False,631笔 每天0.83 胜72% PF0.9599999785423279 均-0.06% 组合94.1 撤-9.4%,606笔 每天1.69 胜74% PF1.090000033378601 均+0.12% 组合105.2 撤-13.1%,3793笔 每天10.57 胜72% PF0.9900000095367432 均-0.02% 组合65.8 撤-39.5%,0.96,4.36,0.013,0.0
全部币,L_D145_0.015|glob,止盈3% 止损8% 48h,1,False,571笔 每天0.76 胜72% PF0.9700000286102295 均-0.07% 组合92.7 撤-21.9%,559笔 每天1.56 胜79% PF1.4700000286102295 均+0.75% 组合145.1 撤-12.6%,3632笔 每天10.12 胜72% PF1.0 均+0.00% 组合53.0 撤-56.6%,0.97,4.15,0.226,0.0
全部币,L_D145_0.015|glob,止盈5% 止损11% 72h,2,False,508笔 每天0.67 胜65% PF0.949999988079071 均-0.16% 组合90.3 撤-38.0%,523笔 每天1.46 胜74% PF1.440000057220459 均+1.10% 组合151.5 撤-15.2%,3379笔 每天9.41 胜66% PF0.9900000095367432 均-0.03% 组合42.5 撤-67.8%,0.95,3.85,0.304,0.0
全部币,L_D145_0.015|glob,止盈1.5% 止损3% 12h,3,False,658笔 每天0.87 胜67% PF0.949999988079071 均-0.06% 组合95.6 撤-8.8%,633笔 每天1.76 胜72% PF1.1699999570846558 均+0.15% 组合106.3 撤-6.4%,3922笔 每天10.92 胜68% PF0.9700000286102295 均-0.03% 组合69.9 撤-34.0%,0.95,4.52,0.021,0.0
全部币,L_D145_0.015|none,止盈2% 止损5% 24h,0,False,729笔 每天0.96 胜72% PF0.9599999785423279 均-0.06% 组合95.4 撤-10.8%,720笔 每天2.01 胜75% PF1.1299999952316284 均+0.17% 组合109.3 撤-13.2%,4934笔 每天13.74 胜71% PF0.949999988079071 均-0.06% 组合50.3 撤-54.7%,0.95,5.57,0.014,0.0
全部币,L_D145_0.015|none,止盈3% 止损8% 48h,1,False,654笔 每天0.87 胜72% PF0.9700000286102295 均-0.06% 组合92.6 撤-21.0%,659笔 每天1.84 胜79% PF1.440000057220459 均+0.70% 组合148.5 撤-14.8%,4616笔 每天12.86 胜72% PF0.9900000095367432 均-0.01% 组合48.0 撤-66.5%,0.97,5.19,0.21,0.0
全部币,L_D145_0.015|none,止盈5% 止损11% 72h,2,False,577笔 每天0.76 胜66% PF0.9900000095367432 均-0.05% 组合97.7 撤-37.5%,600笔 每天1.67 胜74% PF1.4800000190734863 均+1.18% 组合163.2 撤-16.3%,4226笔 每天11.77 胜66% PF0.9800000190734863 均-0.08% 组合34.0 撤-78.8%,0.98,4.73,0.352,0.0
全部币,L_D145_0.015|none,止盈1.5% 止损3% 12h,3,False,762笔 每天1.01 胜67% PF0.9399999976158142 均-0.06% 组合96.1 撤-10.0%,755笔 每天2.1 胜73% PF1.2300000190734863 均+0.20% 组合110.6 撤-6.5%,5159笔 每天14.37 胜66% PF0.9100000262260437 均-0.10% 组合50.4 撤-52.4%,0.91,5.83,0.015,0.0
全部币,L_D145_0.015|own,止盈2% 止损5% 24h,0,False,139笔 每天0.18 胜75% PF1.1100000143051147 均+0.15% 组合102.0 撤-5.4%,199笔 每天0.55 胜76% PF1.2200000286102295 均+0.26% 组合104.7 撤-4.9%,1249笔 每天3.48 胜73% PF1.0800000429153442 均+0.10% 组合95.4 撤-22.4%,1.08,1.4,0.169,0.0
全部币,L_D145_0.015|own,止盈3% 止损8% 48h,1,False,133笔 每天0.18 胜75% PF1.190000057220459 均+0.34% 组合104.5 撤-8.5%,190笔 每天0.53 胜80% PF1.6799999475479126 均+0.94% 组合116.9 撤-5.3%,1225笔 每天3.41 胜72% PF1.0499999523162842 均+0.10% 组合87.5 撤-22.9%,1.05,1.37,0.465,0.0
全部币,L_D145_0.015|own,止盈5% 止损11% 72h,2,False,128笔 每天0.17 胜68% PF1.149999976158142 均+0.41% 组合105.1 撤-11.2%,186笔 每天0.52 胜77% PF1.7599999904632568 均+1.59% 组合129.0 撤-7.4%,1193笔 每天3.32 胜64% PF1.0 均-0.01% 组合82.0 撤-33.0%,1.0,1.34,0.663,0.0
全部币,L_D145_0.015|own,止盈1.5% 止损3% 12h,3,False,140笔 每天0.19 胜71% PF1.190000057220459 均+0.16% 组合102.2 撤-1.9%,204笔 每天0.57 胜74% PF1.2999999523162842 均+0.25% 组合104.3 撤-2.2%,1262笔 每天3.52 胜71% PF1.149999976158142 均+0.13% 组合104.1 撤-15.0%,1.15,1.43,0.179,0.0
全部币,L_D145_0.01|any,止盈2% 止损5% 24h,0,False,1547笔 每天2.05 胜71% PF1.0099999904632568 均+0.01% 组合98.3 撤-23.3%,1607笔 每天4.48 胜71% PF0.9700000286102295 均-0.05% 组合94.3 撤-22.7%,10288笔 每天28.66 胜70% PF0.9800000190734863 均-0.03% 组合36.1 撤-67.5%,0.97,11.73,-0.025,0.0
全部币,L_D145_0.01|any,止盈3% 止损8% 48h,1,False,1386笔 每天1.83 胜72% PF1.0800000429153442 均+0.16% 组合116.5 撤-31.9%,1445笔 每天4.03 胜72% PF1.0499999523162842 均+0.11% 组合108.3 撤-32.8%,9470笔 每天26.38 胜70% PF0.949999988079071 均-0.10% 组合45.6 撤-64.5%,0.95,10.75,0.055,0.0
全部币,L_D145_0.01|any,止盈5% 止损11% 72h,2,False,1216笔 每天1.61 胜65% PF1.0700000524520874 均+0.20% 组合110.2 撤-45.5%,1258笔 每天3.5 胜69% PF1.159999966621399 均+0.45% 组合113.7 撤-42.3%,8298笔 每天23.11 胜61% PF0.8999999761581421 均-0.33% 组合42.1 撤-67.3%,0.9,9.41,0.106,0.0
全部币,L_D145_0.01|any,止盈1.5% 止损3% 12h,3,False,1636笔 每天2.16 胜66% PF0.9200000166893005 均-0.08% 组合86.7 撤-16.0%,1709笔 每天4.76 胜67% PF0.9399999976158142 均-0.06% 组合87.4 撤-26.8%,10758笔 每天29.97 胜67% PF0.9800000190734863 均-0.02% 组合49.3 撤-56.6%,0.92,12.3,-0.053,0.0
全部币,L_D145_0.01|glob,止盈2% 止损5% 24h,0,False,2190笔 每天2.9 胜71% PF0.9900000095367432 均-0.02% 组合90.3 撤-32.2%,2179笔 每天6.07 胜72% PF1.0 均+0.00% 组合95.8 撤-27.9%,13521笔 每天37.66 胜70% PF0.9800000190734863 均-0.03% 组合31.7 撤-71.9%,0.98,15.54,-0.017,0.0
全部币,L_D145_0.01|glob,止盈3% 止损8% 48h,1,False,1918笔 每天2.54 胜71% PF1.0299999713897705 均+0.06% 组合102.3 撤-43.7%,1882笔 每天5.24 胜73% PF1.100000023841858 均+0.20% 组合111.4 撤-37.0%,12216笔 每天34.03 胜70% PF0.9599999785423279 均-0.08% 组合35.2 撤-73.2%,0.96,13.94,0.059,0.0
全部币,L_D145_0.01|glob,止盈5% 止损11% 72h,2,False,1604笔 每天2.12 胜64% PF0.9800000190734863 均-0.07% 组合72.0 撤-60.5%,1592笔 每天4.43 胜70% PF1.190000057220459 均+0.54% 组合123.7 撤-41.3%,10433笔 每天29.06 胜62% PF0.9100000262260437 均-0.29% 组合27.8 撤-79.6%,0.91,11.87,0.061,0.0
全部币,L_D145_0.01|glob,止盈1.5% 止损3% 12h,3,False,2394笔 每天3.17 胜66% PF0.9100000262260437 均-0.09% 组合76.2 撤-25.6%,2352笔 每天6.55 胜68% PF0.9800000190734863 均-0.02% 组合91.9 撤-29.9%,14368笔 每天40.02 胜67% PF0.9700000286102295 均-0.03% 组合37.0 撤-66.8%,0.91,16.58,-0.05,0.0
全部币,L_D145_0.01|none,止盈2% 止损5% 24h,0,False,2408笔 每天3.19 胜71% PF0.9900000095367432 均-0.02% 组合91.3 撤-31.6%,2473笔 每天6.89 胜73% PF1.0399999618530273 均+0.05% 组合107.7 撤-28.2%,15796笔 每天44.0 胜70% PF0.9599999785423279 均-0.05% 组合22.1 撤-81.0%,0.96,18.03,-0.006,0.0
全部币,L_D145_0.01|none,止盈3% 止损8% 48h,1,False,2089笔 每天2.76 胜71% PF1.0499999523162842 均+0.09% 组合103.7 撤-42.7%,2109笔 每天5.87 胜74% PF1.100000023841858 均+0.20% 组合110.6 撤-38.4%,14108笔 每天39.3 胜70% PF0.9599999785423279 均-0.08% 组合30.6 撤-78.6%,0.96,15.98,0.072,0.0
全部币,L_D145_0.01|none,止盈5% 止损11% 72h,2,False,1731笔 每天2.29 胜64% PF1.0099999904632568 均+0.04% 组合88.0 撤-57.3%,1756笔 每天4.89 胜69% PF1.2000000476837158 均+0.55% 组合119.5 撤-47.2%,11891笔 每天33.12 胜62% PF0.9200000166893005 均-0.26% 组合20.0 撤-86.5%,0.92,13.43,0.108,0.0
全部币,L_D145_0.01|none,止盈1.5% 止损3% 12h,3,False,2645笔 每天3.5 胜66% PF0.9200000166893005 均-0.09% 组合77.6 撤-24.6%,2689笔 每天7.49 胜68% PF1.0 均+0.00% 组合97.3 撤-27.7%,16951笔 每天47.22 胜67% PF0.949999988079071 均-0.05% 组合31.5 撤-72.4%,0.92,19.4,-0.044,0.0
全部币,L_D145_0.01|own,止盈2% 止损5% 24h,0,False,795笔 每天1.05 胜69% PF0.9300000071525574 均-0.09% 组合92.0 撤-21.2%,871笔 每天2.43 胜71% PF0.9300000071525574 均-0.11% 组合87.7 撤-19.7%,5630笔 每天15.68 胜70% PF0.9700000286102295 均-0.04% 组合47.1 撤-56.9%,0.93,6.39,-0.082,0.0
全部币,L_D145_0.01|own,止盈3% 止损8% 48h,1,False,750笔 每天0.99 胜70% PF0.9700000286102295 均-0.05% 组合94.3 撤-29.2%,807笔 每天2.25 胜71% PF1.0099999904632568 均+0.01% 组合93.4 撤-29.8%,5325笔 每天14.83 胜69% PF0.9599999785423279 均-0.09% 组合52.8 撤-55.1%,0.96,6.02,-0.043,0.0
全部币,L_D145_0.01|own,止盈5% 止损11% 72h,2,False,690笔 每天0.91 胜62% PF0.9100000262260437 均-0.29% 组合76.8 撤-41.6%,728笔 每天2.03 胜68% PF1.149999976158142 均+0.43% 组合112.9 撤-34.4%,4832笔 每天13.46 胜60% PF0.8899999856948853 均-0.34% 组合53.5 撤-56.3%,0.89,5.47,-0.066,0.0
全部币,L_D145_0.01|own,止盈1.5% 止损3% 12h,3,False,825笔 每天1.09 胜65% PF0.8799999952316284 均-0.12% 组合89.9 撤-12.3%,909笔 每天2.53 胜67% PF0.9300000071525574 均-0.07% 组合91.7 撤-15.9%,5821笔 每天16.21 胜67% PF0.9700000286102295 均-0.03% 组合66.9 撤-38.4%,0.88,6.61,-0.076,0.0
全部币,L_D145_0.02|any,止盈2% 止损5% 24h,0,False,97笔 每天0.13 胜75% PF1.1799999475479126 均+0.22% 组合102.1 撤-3.1%,125笔 每天0.35 胜82% PF1.649999976158142 均+0.61% 组合107.2 撤-3.1%,976笔 每天2.72 胜71% PF0.949999988079071 均-0.07% 组合87.7 撤-16.3%,0.95,1.07,0.258,0.0
全部币,L_D145_0.02|any,止盈3% 止损8% 48h,1,False,94笔 每天0.12 胜78% PF1.309999942779541 均+0.53% 组合104.9 撤-4.1%,118笔 每天0.33 胜85% PF2.109999895095825 均+1.31% 组合112.1 撤-2.4%,947笔 每天2.64 胜72% PF0.9900000095367432 均-0.03% 组合86.4 撤-24.2%,0.99,1.03,0.601,0.0
全部币,L_D145_0.02|any,止盈5% 止损11% 72h,2,False,90笔 每天0.12 胜71% PF1.2000000476837158 均+0.57% 组合104.9 撤-6.4%,118笔 每天0.33 胜79% PF1.6699999570846558 均+1.53% 组合113.5 撤-6.7%,921笔 每天2.57 胜66% PF0.9800000190734863 均-0.08% 组合77.7 撤-39.4%,0.98,1.01,0.675,0.0
全部币,L_D145_0.02|any,止盈1.5% 止损3% 12h,3,False,99笔 每天0.13 胜64% PF0.7900000214576721 均-0.23% 组合97.7 撤-4.1%,132笔 每天0.37 胜83% PF2.2699999809265137 均+0.67% 组合107.5 撤-0.9%,992笔 每天2.76 胜67% PF0.9300000071525574 均-0.08% 组合88.4 撤-13.9%,0.79,1.09,0.119,0.0
全部币,L_D145_0.02|glob,止盈2% 止损5% 24h,0,False,217笔 每天0.29 胜75% PF1.1200000047683716 均+0.16% 组合102.6 撤-8.3%,185笔 每天0.52 胜78% PF1.350000023841858 均+0.39% 组合106.5 撤-7.1%,1563笔 每天4.35 胜70% PF0.8999999761581421 均-0.16% 组合75.4 撤-26.6%,0.9,1.72,0.13,0.0
全部币,L_D145_0.02|glob,止盈3% 止损8% 48h,1,False,205笔 每天0.27 胜78% PF1.2699999809265137 均+0.48% 组合110.8 撤-12.8%,169笔 每天0.47 胜82% PF1.649999976158142 均+0.94% 组合112.4 撤-7.2%,1499笔 每天4.18 胜71% PF0.9100000262260437 均-0.21% 组合67.5 撤-38.6%,0.91,1.64,0.405,0.0
全部币,L_D145_0.02|glob,止盈5% 止损11% 72h,2,False,184笔 每天0.24 胜73% PF1.2699999809265137 均+0.75% 组合115.1 撤-13.7%,165笔 每天0.46 胜74% PF1.2799999713897705 均+0.80% 组合113.4 撤-12.2%,1417笔 每天3.95 胜66% PF0.9399999976158142 均-0.22% 组合60.7 撤-49.6%,0.94,1.55,0.443,0.0
全部币,L_D145_0.02|glob,止盈1.5% 止损3% 12h,3,False,225笔 每天0.3 胜68% PF0.9900000095367432 均-0.01% 组合99.1 撤-7.2%,192笔 每天0.53 胜80% PF1.7799999713897705 均+0.50% 组合108.3 撤-2.2%,1603笔 每天4.47 胜66% PF0.8899999856948853 均-0.11% 组合81.3 撤-20.9%,0.89,1.77,0.124,0.0
全部币,L_D145_0.02|none,止盈2% 止损5% 24h,0,False,260笔 每天0.34 胜74% PF1.0499999523162842 均+0.07% 组合102.9 撤-8.5%,237笔 每天0.66 胜79% PF1.399999976158142 均+0.43% 组合108.7 撤-8.4%,2270笔 每天6.32 胜70% PF0.8799999952316284 均-0.19% 组合62.0 撤-40.2%,0.88,2.44,0.103,0.0
全部币,L_D145_0.02|none,止盈3% 止损8% 48h,1,False,242笔 每天0.32 胜77% PF1.2200000286102295 均+0.41% 组合111.1 撤-12.6%,218笔 每天0.61 胜81% PF1.590000033378601 均+0.88% 组合113.2 撤-8.9%,2138笔 每天5.96 胜72% PF0.9200000166893005 均-0.17% 组合60.2 撤-50.3%,0.92,2.3,0.374,0.0
全部币,L_D145_0.02|none,止盈5% 止损11% 72h,2,False,216笔 每天0.29 胜72% PF1.190000057220459 均+0.55% 组合115.0 撤-12.8%,210笔 每天0.58 胜74% PF1.340000033378601 均+0.91% 组合116.9 撤-12.8%,1987笔 每天5.53 胜66% PF0.9300000071525574 均-0.25% 组合46.3 撤-66.1%,0.93,2.13,0.405,0.0
全部币,L_D145_0.02|none,止盈1.5% 止损3% 12h,3,False,271笔 每天0.36 胜68% PF0.9599999785423279 均-0.04% 组合99.9 撤-7.2%,248笔 每天0.69 胜79% PF1.75 均+0.49% 组合109.7 撤-2.8%,2353笔 每天6.55 胜65% PF0.8299999833106995 均-0.19% 组合63.6 撤-37.1%,0.83,2.53,0.087,0.0
全部币,L_D145_0.02|own,止盈2% 止损5% 24h,0,False,32笔 每天0.04 胜84% PF2.0199999809265137 均+0.82% 组合102.7 撤-1.5%,60笔 每天0.17 胜90% PF3.319999933242798 均+1.19% 组合108.1 撤-1.3%,390笔 每天1.09 胜77% PF1.2999999523162842 均+0.34% 组合108.5 撤-4.5%,1.3,0.43,0.787,0.0
全部币,L_D145_0.02|own,止盈3% 止损8% 48h,1,False,32笔 每天0.04 胜81% PF1.9199999570846558 均+1.14% 组合103.7 撤-2.4%,57笔 每天0.16 胜95% PF9.449999809265137 均+2.48% 组合113.4 撤-0.8%,382笔 每天1.06 胜75% PF1.149999976158142 均+0.28% 组合102.6 撤-8.1%,1.15,0.42,1.301,0.0
全部币,L_D145_0.02|own,止盈5% 止损11% 72h,2,False,31笔 每天0.04 胜87% PF3.700000047683716 均+3.13% 组合110.1 撤-2.8%,57笔 每天0.16 胜91% PF4.440000057220459 均+3.36% 组合118.0 撤-1.2%,376笔 每天1.05 胜66% PF1.0399999618530273 均+0.11% 组合94.0 撤-22.5%,1.04,0.42,2.203,0.0
全部币,L_D145_0.02|own,止盈1.5% 止损3% 12h,3,False,32笔 每天0.04 胜81% PF1.9700000286102295 均+0.57% 组合101.8 撤-0.9%,63笔 每天0.18 胜90% PF4.309999942779541 均+0.99% 组合105.8 撤-0.6%,394笔 每天1.1 胜72% PF1.159999966621399 均+0.14% 组合102.0 撤-3.2%,1.16,0.44,0.57,0.0
全部币,S_A641_0.025|any,止盈2% 止损5% 24h,0,False,1072笔 每天1.42 胜66% PF0.7599999904632568 均-0.40% 组合65.1 撤-36.0%,1257笔 每天3.5 胜68% PF0.800000011920929 均-0.33% 组合70.7 撤-30.0%,9372笔 每天26.11 胜71% PF0.949999988079071 均-0.08% 组合68.4 撤-41.9%,0.76,10.34,-0.269,0.0
全部币,S_A641_0.025|any,止盈3% 止损8% 48h,1,False,952笔 每天1.26 胜67% PF0.8299999833106995 均-0.41% 组合67.0 撤-37.2%,1097笔 每天3.06 胜67% PF0.7599999904632568 均-0.62% 组合53.8 撤-47.1%,8312笔 每天23.15 胜73% PF0.9900000095367432 均-0.01% 组合120.9 撤-37.7%,0.76,9.16,-0.35,0.0
全部币,S_A641_0.025|any,止盈5% 止损11% 72h,2,False,840笔 每天1.11 胜64% PF0.9399999976158142 均-0.21% 组合76.7 撤-37.0%,942笔 每天2.62 胜62% PF0.8100000023841858 均-0.71% 组合55.1 撤-46.6%,7151笔 每天19.92 胜68% PF1.0 均+0.01% 组合133.9 撤-45.6%,0.81,7.88,-0.301,0.0
全部币,S_A641_0.025|any,止盈1.5% 止损3% 12h,3,False,1179笔 每天1.56 胜63% PF0.7799999713897705 均-0.25% 组合74.1 撤-29.5%,1384笔 每天3.86 胜65% PF0.8399999737739563 均-0.18% 组合80.8 撤-20.2%,10309笔 每天28.72 胜66% PF0.8700000047683716 均-0.14% 组合32.3 撤-69.0%,0.78,11.38,-0.189,0.0
全部币,S_A641_0.025|glob,止盈2% 止损5% 24h,0,False,2980笔 每天3.94 胜70% PF0.8999999761581421 均-0.15% 组合60.8 撤-43.3%,3464笔 每天9.65 胜68% PF0.8299999833106995 均-0.28% 组合53.4 撤-49.2%,26918笔 每天74.98 胜71% PF0.9399999976158142 均-0.09% 组合34.5 撤-71.7%,0.83,29.52,-0.172,0.0
全部币,S_A641_0.025|glob,止盈3% 止损8% 48h,1,False,2527笔 每天3.34 胜71% PF0.9599999785423279 均-0.08% 组合65.6 撤-52.9%,2875笔 每天8.01 胜68% PF0.8199999928474426 均-0.44% 组合39.3 撤-63.3%,22582笔 每天62.9 胜72% PF0.9599999785423279 均-0.08% 组合145.2 撤-50.2%,0.82,24.75,-0.199,0.0
全部币,S_A641_0.025|glob,止盈5% 止损11% 72h,2,False,2064笔 每天2.73 胜65% PF0.9800000190734863 均-0.06% 组合59.7 撤-62.3%,2255笔 每天6.28 胜62% PF0.7900000214576721 均-0.78% 组合31.6 撤-72.4%,17975笔 每天50.07 胜66% PF0.9599999785423279 均-0.12% 组合60.7 撤-72.9%,0.79,19.69,-0.318,0.0
全部币,S_A641_0.025|glob,止盈1.5% 止损3% 12h,3,False,3370笔 每天4.46 胜66% PF0.8899999856948853 均-0.11% 组合66.8 撤-40.1%,3937笔 每天10.97 胜65% PF0.8500000238418579 均-0.16% 组合62.8 撤-41.0%,30686笔 每天85.48 胜66% PF0.8799999952316284 均-0.12% 组合6.7 撤-93.9%,0.85,33.64,-0.132,0.0
全部币,S_A641_0.025|none,止盈2% 止损5% 24h,0,False,3278笔 每天4.34 胜70% PF0.8899999856948853 均-0.16% 组合57.0 撤-47.7%,3844笔 每天10.71 胜69% PF0.8500000238418579 均-0.23% 组合58.6 撤-44.2%,29881笔 每天83.23 胜71% PF0.949999988079071 均-0.07% 组合45.1 撤-63.1%,0.85,32.76,-0.152,0.0
全部币,S_A641_0.025|none,止盈3% 止损8% 48h,1,False,2755笔 每天3.64 胜71% PF0.9599999785423279 均-0.09% 组合63.0 撤-56.4%,3141笔 每天8.75 胜68% PF0.8299999833106995 均-0.40% 组合43.3 撤-59.6%,24694笔 每天68.79 胜72% PF0.9700000286102295 均-0.06% 组合120.2 撤-58.7%,0.83,27.06,-0.185,0.0
全部币,S_A641_0.025|none,止盈5% 止损11% 72h,2,False,2222笔 每天2.94 胜64% PF0.9700000286102295 均-0.08% 组合54.5 撤-65.8%,2424笔 每天6.75 胜62% PF0.800000011920929 均-0.74% 组合27.1 撤-76.3%,19374笔 每天53.97 胜66% PF0.9599999785423279 均-0.12% 组合71.5 撤-66.2%,0.8,21.22,-0.318,0.0
全部币,S_A641_0.025|none,止盈1.5% 止损3% 12h,3,False,3742笔 每天4.95 胜66% PF0.8899999856948853 均-0.12% 组合61.3 撤-44.9%,4408笔 每天12.28 胜65% PF0.8700000047683716 均-0.14% 组合60.7 撤-42.3%,34389笔 每天95.79 胜66% PF0.8799999952316284 均-0.12% 组合3.8 撤-96.5%,0.87,37.67,-0.128,0.0
全部币,S_A641_0.025|own,止盈2% 止损5% 24h,0,False,909笔 每天1.2 胜66% PF0.7599999904632568 均-0.40% 组合68.7 撤-33.8%,1091笔 每天3.04 胜68% PF0.8199999928474426 均-0.28% 组合73.9 撤-26.7%,7950笔 每天22.14 胜72% PF0.9599999785423279 均-0.06% 组合71.2 撤-43.0%,0.76,8.79,-0.249,0.0
全部币,S_A641_0.025|own,止盈3% 止损8% 48h,1,False,809笔 每天1.07 胜67% PF0.8100000023841858 均-0.46% 组合68.1 撤-36.0%,954笔 每天2.66 胜66% PF0.75 均-0.63% 组合56.6 撤-44.4%,7076笔 每天19.71 胜73% PF1.0099999904632568 均+0.02% 组合123.4 撤-43.6%,0.75,7.81,-0.359,0.0
全部币,S_A641_0.025|own,止盈5% 止损11% 72h,2,False,724笔 每天0.96 胜64% PF0.9399999976158142 均-0.19% 组合83.5 撤-36.0%,823笔 每天2.29 胜62% PF0.800000011920929 均-0.73% 组合56.0 撤-45.3%,6114笔 每天17.03 胜68% PF1.0199999809265137 均+0.07% 组合161.1 撤-42.0%,0.8,6.76,-0.283,0.0
全部币,S_A641_0.025|own,止盈1.5% 止损3% 12h,3,False,994笔 每天1.31 胜63% PF0.800000011920929 均-0.23% 组合79.4 撤-24.9%,1195笔 每天3.33 胜66% PF0.8799999952316284 均-0.13% 组合85.4 撤-15.5%,8731笔 每天24.32 胜66% PF0.8899999856948853 均-0.11% 组合43.3 撤-58.2%,0.8,9.65,-0.158,0.0
全部币,S_A641_0.02|any,止盈2% 止损5% 24h,0,False,1885笔 每天2.49 胜69% PF0.8700000047683716 均-0.20% 组合67.7 撤-33.5%,2152笔 每天5.99 胜69% PF0.8500000238418579 均-0.23% 组合60.9 撤-41.5%,15348笔 每天42.75 胜71% PF0.9399999976158142 均-0.09% 组合59.5 撤-50.0%,0.85,17.08,-0.174,0.0
全部币,S_A641_0.02|any,止盈3% 止损8% 48h,1,False,1601笔 每天2.12 胜68% PF0.8500000238418579 均-0.35% 组合55.4 撤-46.9%,1813笔 每天5.05 胜69% PF0.8600000143051147 均-0.32% 组合52.9 撤-49.9%,13193笔 每天36.75 胜73% PF1.0199999809265137 均+0.04% 组合284.5 撤-29.7%,0.85,14.64,-0.211,0.0
全部币,S_A641_0.02|any,止盈5% 止损11% 72h,2,False,1345笔 每天1.78 胜64% PF0.949999988079071 均-0.15% 组合73.9 撤-36.5%,1479笔 每天4.12 胜63% PF0.8399999737739563 均-0.59% 组合36.2 撤-65.4%,10896笔 每天30.35 胜68% PF1.0399999618530273 均+0.14% 组合166.7 撤-45.2%,0.84,12.08,-0.2,0.0
全部币,S_A641_0.02|any,止盈1.5% 止损3% 12h,3,False,2100笔 每天2.78 胜64% PF0.8500000238418579 均-0.16% 组合71.4 撤-33.1%,2407笔 每天6.7 胜64% PF0.8100000023841858 均-0.21% 组合60.2 撤-40.7%,17114笔 每天47.67 胜66% PF0.8899999856948853 均-0.12% 组合25.4 撤-76.2%,0.81,19.05,-0.164,0.0
全部币,S_A641_0.02|glob,止盈2% 止损5% 24h,0,False,4748笔 每天6.28 胜70% PF0.9200000166893005 均-0.12% 组合52.8 撤-56.5%,5608笔 每天15.62 胜68% PF0.8399999737739563 均-0.25% 组合36.5 撤-65.7%,41158笔 每天114.65 胜71% PF0.949999988079071 均-0.07% 组合56.4 撤-58.6%,0.84,45.52,-0.145,0.0
全部币,S_A641_0.02|glob,止盈3% 止损8% 48h,1,False,3837笔 每天5.08 胜69% PF0.9300000071525574 均-0.15% 组合45.8 撤-64.6%,4421笔 每天12.31 胜69% PF0.8500000238418579 均-0.35% 组合32.5 撤-70.6%,33249笔 每天92.62 胜72% PF0.9900000095367432 均-0.02% 组合176.3 撤-47.7%,0.85,36.67,-0.175,0.0
全部币,S_A641_0.02|glob,止盈5% 止损11% 72h,2,False,2952笔 每天3.9 胜63% PF0.9399999976158142 均-0.17% 组合44.7 撤-72.7%,3235笔 每天9.01 胜62% PF0.8100000023841858 均-0.71% 组合22.1 撤-81.7%,24922笔 每天69.42 胜66% PF0.9900000095367432 均-0.03% 组合74.2 撤-54.0%,0.81,27.44,-0.305,0.0
全部币,S_A641_0.02|glob,止盈1.5% 止损3% 12h,3,False,5518笔 每天7.3 胜66% PF0.9100000262260437 均-0.09% 组合58.8 撤-49.2%,6545笔 每天18.23 胜64% PF0.8199999928474426 均-0.20% 组合32.8 撤-67.8%,47862笔 每天133.32 胜66% PF0.8899999856948853 均-0.11% 组合4.6 撤-96.1%,0.82,52.95,-0.135,0.0
全部币,S_A641_0.02|none,止盈2% 止损5% 24h,0,False,5219笔 每天6.9 胜70% PF0.9300000071525574 均-0.11% 组合54.3 撤-57.7%,6139笔 每天17.1 胜69% PF0.8799999952316284 均-0.19% 组合39.6 撤-63.6%,45331笔 每天126.27 胜71% PF0.9599999785423279 均-0.06% 组合61.6 撤-48.1%,0.88,50.09,-0.119,0.0
全部币,S_A641_0.02|none,止盈3% 止损8% 48h,1,False,4146笔 每天5.48 胜69% PF0.9200000166893005 均-0.17% 组合41.8 撤-68.7%,4757笔 每天13.25 胜69% PF0.8700000047683716 均-0.30% 组合34.2 撤-68.9%,35963笔 每天100.18 胜72% PF0.9900000095367432 均-0.02% 组合123.3 撤-50.8%,0.87,39.64,-0.163,0.0
全部币,S_A641_0.02|none,止盈5% 止损11% 72h,2,False,3150笔 每天4.17 胜63% PF0.949999988079071 均-0.17% 组合42.0 撤-74.7%,3403笔 每天9.48 胜62% PF0.8100000023841858 均-0.68% 组合16.9 撤-86.1%,26501笔 每天73.82 胜66% PF0.9900000095367432 均-0.04% 组合53.6 撤-60.5%,0.81,29.16,-0.297,0.0
全部币,S_A641_0.02|none,止盈1.5% 止损3% 12h,3,False,6101笔 每天8.07 胜66% PF0.8999999761581421 均-0.10% 组合51.5 撤-55.6%,7233笔 每天20.15 胜65% PF0.8500000238418579 均-0.16% 组合35.3 撤-65.4%,53272笔 每天148.39 胜66% PF0.8999999761581421 均-0.11% 组合3.0 撤-97.4%,0.85,58.87,-0.125,0.0
全部币,S_A641_0.02|own,止盈2% 止损5% 24h,0,False,1600笔 每天2.12 胜69% PF0.8999999761581421 均-0.15% 组合76.3 撤-27.9%,1846笔 每天5.14 胜68% PF0.8399999737739563 均-0.26% 组合65.1 撤-36.7%,13124笔 每天36.56 胜71% PF0.9599999785423279 均-0.06% 组合76.9 撤-42.9%,0.84,14.61,-0.158,0.0
全部币,S_A641_0.02|own,止盈3% 止损8% 48h,1,False,1364笔 每天1.8 胜67% PF0.8399999737739563 均-0.38% 组合58.3 撤-46.7%,1558笔 每天4.34 胜69% PF0.8700000047683716 均-0.31% 组合61.1 撤-41.8%,11293笔 每天31.46 胜73% PF1.0299999713897705 均+0.06% 组合237.7 撤-32.5%,0.84,12.53,-0.208,0.0
全部币,S_A641_0.02|own,止盈5% 止损11% 72h,2,False,1145笔 每天1.51 胜64% PF0.949999988079071 均-0.16% 组合79.2 撤-35.2%,1289笔 每天3.59 胜64% PF0.8600000143051147 均-0.51% 组合45.2 撤-57.3%,9369笔 每天26.1 胜69% PF1.059999942779541 均+0.18% 组合161.4 撤-38.0%,0.86,10.4,-0.164,0.0
全部币,S_A641_0.02|own,止盈1.5% 止损3% 12h,3,False,1756笔 每天2.32 胜65% PF0.8700000047683716 均-0.14% 组合77.6 撤-27.9%,2064笔 每天5.75 胜64% PF0.8299999833106995 均-0.19% 组合67.4 撤-33.3%,14595笔 每天40.65 胜66% PF0.9100000262260437 均-0.10% 组合36.5 撤-65.5%,0.83,16.24,-0.144,0.0
全部币,S_A641_0.035|any,止盈2% 止损5% 24h,0,False,400笔 每天0.53 胜68% PF0.8100000023841858 均-0.30% 组合88.3 撤-16.1%,519笔 每天1.45 胜66% PF0.75 均-0.42% 组合82.4 撤-21.2%,4245笔 每天11.82 胜71% PF0.9300000071525574 均-0.10% 组合81.5 撤-28.2%,0.75,4.6,-0.272,0.0
全部币,S_A641_0.035|any,止盈3% 止损8% 48h,1,False,376笔 每天0.5 胜71% PF0.9100000262260437 均-0.19% 组合91.6 撤-18.9%,471笔 每天1.31 胜69% PF0.8299999833106995 均-0.42% 组合81.4 撤-22.4%,3857笔 每天10.74 胜73% PF0.9599999785423279 均-0.09% 组合91.7 撤-27.3%,0.83,4.18,-0.236,0.0
全部币,S_A641_0.035|any,止盈5% 止损11% 72h,2,False,348笔 每天0.46 胜69% PF1.0299999713897705 均+0.08% 组合99.7 撤-19.8%,431笔 每天1.2 胜66% PF0.9100000262260437 均-0.32% 组合89.4 撤-20.2%,3467笔 每天9.66 胜69% PF1.0099999904632568 均+0.04% 组合179.6 撤-29.8%,0.91,3.77,-0.066,0.0
全部币,S_A641_0.035|any,止盈1.5% 止损3% 12h,3,False,434笔 每天0.57 胜64% PF0.8199999928474426 均-0.20% 组合91.5 撤-11.9%,558笔 每天1.55 胜64% PF0.800000011920929 均-0.22% 组合90.1 撤-13.2%,4615笔 每天12.86 胜66% PF0.8600000143051147 均-0.15% 组合57.4 撤-42.9%,0.8,4.99,-0.194,0.0
全部币,S_A641_0.035|glob,止盈2% 止损5% 24h,0,False,1319笔 每天1.74 胜70% PF0.8999999761581421 均-0.15% 组合77.2 撤-33.2%,1507笔 每天4.2 胜67% PF0.7799999713897705 均-0.36% 组合65.2 撤-36.5%,13180笔 每天36.71 胜70% PF0.8899999856948853 均-0.17% 组合27.4 撤-74.0%,0.78,14.22,-0.229,0.0
全部币,S_A641_0.035|glob,止盈3% 止损8% 48h,1,False,1178笔 每天1.56 胜72% PF1.0 均+0.00% 组合89.9 撤-40.6%,1301笔 每天3.62 胜69% PF0.8299999833106995 均-0.42% 组合62.0 撤-39.9%,11445笔 每天31.88 胜72% PF0.9300000071525574 均-0.16% 组合91.7 撤-51.2%,0.83,12.35,-0.193,0.0
全部币,S_A641_0.035|glob,止盈5% 止损11% 72h,2,False,1041笔 每天1.38 胜67% PF1.0199999809265137 均+0.06% 组合85.3 撤-49.2%,1115笔 每天3.11 胜64% PF0.8500000238418579 均-0.53% 组合54.7 撤-49.1%,9600笔 每天26.74 胜67% PF0.9300000071525574 均-0.23% 组合84.6 撤-58.0%,0.85,10.41,-0.232,0.0
全部币,S_A641_0.035|glob,止盈1.5% 止损3% 12h,3,False,1467笔 每天1.94 胜66% PF0.8999999761581421 均-0.10% 组合82.9 撤-26.9%,1698笔 每天4.73 胜65% PF0.8399999737739563 均-0.17% 组合81.4 撤-22.8%,14838笔 每天41.33 胜65% PF0.8299999833106995 均-0.19% 组合13.1 撤-87.4%,0.83,16.0,-0.154,0.0
全部币,S_A641_0.035|none,止盈2% 止损5% 24h,0,False,1453笔 每天1.92 胜71% PF0.9300000071525574 均-0.10% 组合83.5 撤-29.8%,1668笔 每天4.65 胜67% PF0.7799999713897705 均-0.37% 组合60.9 撤-41.8%,14872笔 每天41.43 胜70% PF0.8999999761581421 均-0.15% 组合27.5 撤-73.8%,0.78,16.0,-0.207,0.0
全部币,S_A641_0.035|none,止盈3% 止损8% 48h,1,False,1285笔 每天1.7 胜72% PF0.9900000095367432 均-0.03% 组合88.5 撤-42.9%,1425笔 每天3.97 胜68% PF0.800000011920929 均-0.49% 组合54.5 撤-47.8%,12733笔 每天35.47 胜72% PF0.9399999976158142 均-0.13% 组合104.6 撤-48.0%,0.8,13.71,-0.214,0.0
全部币,S_A641_0.035|none,止盈5% 止损11% 72h,2,False,1120笔 每天1.48 胜67% PF1.0099999904632568 均+0.04% 组合83.4 撤-46.2%,1222笔 每天3.4 胜64% PF0.8500000238418579 均-0.54% 组合53.9 撤-51.3%,10578笔 每天29.47 胜67% PF0.949999988079071 均-0.17% 组合109.0 撤-58.7%,0.85,11.45,-0.223,0.0
全部币,S_A641_0.035|none,止盈1.5% 止损3% 12h,3,False,1614笔 每天2.13 胜66% PF0.8899999856948853 均-0.11% 组合79.9 撤-28.2%,1901笔 每天5.3 胜65% PF0.8399999737739563 均-0.17% 组合78.4 撤-26.3%,16889笔 每天47.04 胜65% PF0.8299999833106995 均-0.19% 组合8.9 撤-91.2%,0.83,18.16,-0.158,0.0
全部币,S_A641_0.035|own,止盈2% 止损5% 24h,0,False,331笔 每天0.44 胜67% PF0.7799999713897705 均-0.36% 组合88.5 撤-14.6%,444笔 每天1.24 胜68% PF0.8199999928474426 均-0.28% 组合87.5 撤-16.0%,3510笔 每天9.78 胜72% PF0.949999988079071 均-0.08% 组合77.2 撤-29.0%,0.78,3.82,-0.24,0.0
全部币,S_A641_0.035|own,止盈3% 止损8% 48h,1,False,315笔 每天0.42 胜71% PF0.9100000262260437 均-0.20% 组合93.4 撤-17.6%,401笔 每天1.12 胜70% PF0.8600000143051147 均-0.34% 组合86.2 撤-17.7%,3203笔 每天8.92 胜73% PF0.9900000095367432 均-0.03% 组合87.5 撤-28.4%,0.86,3.49,-0.188,0.0
全部币,S_A641_0.035|own,止盈5% 止损11% 72h,2,False,291笔 每天0.38 胜68% PF1.0099999904632568 均+0.04% 组合100.2 撤-18.4%,367笔 每天1.02 胜67% PF0.9599999785423279 均-0.15% 组合91.4 撤-19.7%,2888笔 每天8.04 胜69% PF1.0399999618530273 均+0.12% 组合146.8 撤-28.2%,0.96,3.15,0.004,0.0
全部币,S_A641_0.035|own,止盈1.5% 止损3% 12h,3,False,356笔 每天0.47 胜65% PF0.8399999737739563 均-0.18% 组合93.8 撤-9.4%,477笔 每天1.33 胜66% PF0.8700000047683716 均-0.14% 组合93.2 撤-10.5%,3817笔 每天10.63 胜66% PF0.8999999761581421 均-0.11% 组合65.7 撤-34.6%,0.84,4.14,-0.144,0.0
全部币,S_A641_0.03|any,止盈2% 止损5% 24h,0,False,639笔 每天0.85 胜68% PF0.8299999833106995 均-0.26% 组合86.1 撤-21.3%,784笔 每天2.18 胜67% PF0.7900000214576721 均-0.35% 组合78.3 撤-24.0%,6225笔 每天17.34 胜72% PF0.949999988079071 均-0.07% 组合84.5 撤-30.4%,0.79,6.79,-0.227,0.0
全部币,S_A641_0.03|any,止盈3% 止损8% 48h,1,False,578笔 每天0.76 胜70% PF0.8899999856948853 均-0.26% 组合85.1 撤-23.0%,693笔 每天1.93 胜65% PF0.7200000286102295 均-0.74% 组合60.2 撤-41.8%,5620笔 每天15.65 胜73% PF0.9900000095367432 均-0.02% 组合104.0 撤-43.1%,0.72,6.11,-0.339,0.0
全部币,S_A641_0.03|any,止盈5% 止损11% 72h,2,False,527笔 每天0.7 胜66% PF0.9399999976158142 均-0.18% 组合86.5 撤-23.8%,616笔 每天1.72 胜62% PF0.7699999809265137 均-0.90% 组合57.9 撤-43.7%,4982笔 每天13.88 胜68% PF1.0099999904632568 均+0.02% 组合154.0 撤-44.4%,0.77,5.43,-0.356,0.0
全部币,S_A641_0.03|any,止盈1.5% 止损3% 12h,3,False,686笔 每天0.91 胜66% PF0.8700000047683716 均-0.14% 组合91.2 撤-14.8%,843笔 每天2.35 胜64% PF0.7900000214576721 均-0.24% 组合84.2 撤-17.4%,6783笔 每天18.89 胜66% PF0.8700000047683716 均-0.14% 组合48.4 撤-52.0%,0.79,7.38,-0.173,0.0
全部币,S_A641_0.03|glob,止盈2% 止损5% 24h,0,False,1933笔 每天2.56 胜71% PF0.9200000166893005 均-0.11% 组合73.6 撤-37.5%,2251笔 每天6.27 胜68% PF0.800000011920929 均-0.33% 组合61.5 撤-41.6%,18541笔 每天51.65 胜71% PF0.9200000166893005 均-0.12% 组合33.2 撤-68.8%,0.8,20.16,-0.188,0.0
全部币,S_A641_0.03|glob,止盈3% 止损8% 48h,1,False,1677笔 每天2.22 胜71% PF0.9599999785423279 均-0.09% 组合70.0 撤-45.9%,1923笔 每天5.36 胜68% PF0.8100000023841858 均-0.45% 组合53.1 撤-49.1%,15874笔 每天44.22 胜72% PF0.949999988079071 均-0.11% 组合147.1 撤-56.1%,0.81,17.27,-0.218,0.0
全部币,S_A641_0.03|glob,止盈5% 止损11% 72h,2,False,1423笔 每天1.88 胜65% PF0.9599999785423279 均-0.14% 组合62.7 撤-58.9%,1576笔 每天4.39 胜62% PF0.7799999713897705 均-0.82% 组合35.8 撤-66.6%,13019笔 每天36.26 胜67% PF0.9399999976158142 均-0.21% 组合60.8 撤-74.7%,0.78,14.18,-0.391,0.0
全部币,S_A641_0.03|glob,止盈1.5% 止损3% 12h,3,False,2160笔 每天2.86 胜66% PF0.9100000262260437 均-0.09% 组合79.0 撤-31.1%,2556笔 每天7.12 胜64% PF0.8299999833106995 均-0.19% 组合70.6 撤-33.5%,20920笔 每天58.27 胜65% PF0.8600000143051147 均-0.15% 组合9.6 撤-90.7%,0.83,22.75,-0.144,0.0
全部币,S_A641_0.03|none,止盈2% 止损5% 24h,0,False,2144笔 每天2.84 胜71% PF0.9399999976158142 均-0.09% 组合74.7 撤-39.3%,2506笔 每天6.98 胜68% PF0.8100000023841858 均-0.31% 组合58.7 撤-45.0%,20737笔 每天57.76 胜71% PF0.9300000071525574 均-0.11% 组合35.1 撤-68.1%,0.81,22.53,-0.17,0.0
全部币,S_A641_0.03|none,止盈3% 止损8% 48h,1,False,1843笔 每天2.44 胜71% PF0.949999988079071 均-0.11% 组合71.2 撤-48.4%,2115笔 每天5.89 胜68% PF0.800000011920929 均-0.48% 组合45.5 撤-57.9%,17509笔 每天48.77 胜72% PF0.9599999785423279 均-0.09% 组合122.0 撤-51.2%,0.8,19.03,-0.225,0.0
全部币,S_A641_0.03|none,止盈5% 止损11% 72h,2,False,1547笔 每天2.05 胜65% PF0.949999988079071 均-0.18% 组合55.7 撤-61.6%,1714笔 每天4.77 胜62% PF0.7799999713897705 均-0.84% 组合30.6 撤-72.5%,14180笔 每天39.5 胜67% PF0.9399999976158142 均-0.20% 组合58.0 撤-70.0%,0.78,15.44,-0.406,0.0
全部币,S_A641_0.03|none,止盈1.5% 止损3% 12h,3,False,2409笔 每天3.19 胜66% PF0.9100000262260437 均-0.09% 组合76.3 撤-33.2%,2872笔 每天8.0 胜65% PF0.8399999737739563 均-0.18% 组合69.4 撤-34.4%,23622笔 每天65.8 胜65% PF0.8600000143051147 均-0.15% 组合7.1 撤-93.0%,0.84,25.66,-0.14,0.0
全部币,S_A641_0.03|own,止盈2% 止损5% 24h,0,False,537笔 每天0.71 胜67% PF0.800000011920929 均-0.33% 组合83.5 撤-22.1%,676笔 每天1.88 胜69% PF0.8399999737739563 均-0.26% 组合83.6 撤-18.5%,5221笔 每天14.54 胜72% PF0.9599999785423279 均-0.06% 组合77.5 撤-33.9%,0.8,5.71,-0.216,0.0
全部币,S_A641_0.03|own,止盈3% 止损8% 48h,1,False,489笔 每天0.65 胜68% PF0.8399999737739563 均-0.38% 组合82.1 撤-24.3%,601笔 每天1.67 胜66% PF0.7400000095367432 均-0.67% 组合66.5 撤-37.0%,4746笔 每天13.22 胜74% PF1.0199999809265137 均+0.04% 组合119.0 撤-43.1%,0.74,5.18,-0.338,0.0
全部币,S_A641_0.03|own,止盈5% 止损11% 72h,2,False,449笔 每天0.59 胜65% PF0.8999999761581421 均-0.32% 组合84.7 撤-22.7%,535笔 每天1.49 胜62% PF0.7799999713897705 均-0.83% 组合62.7 撤-39.2%,4218笔 每天11.75 胜69% PF1.0299999713897705 均+0.09% 组合116.7 撤-49.5%,0.78,4.61,-0.354,0.0
全部币,S_A641_0.03|own,止盈1.5% 止损3% 12h,3,False,572笔 每天0.76 胜65% PF0.8600000143051147 均-0.15% 组合91.8 撤-13.9%,721笔 每天2.01 胜65% PF0.8299999833106995 均-0.19% 组合87.2 撤-14.6%,5682笔 每天15.83 胜66% PF0.8999999761581421 均-0.11% 组合56.6 撤-43.9%,0.83,6.2,-0.148,0.0
全部币,S_A641_0.04|any,止盈2% 止损5% 24h,0,False,265笔 每天0.35 胜72% PF1.0 均-0.00% 组合99.8 撤-6.1%,355笔 每天0.99 胜68% PF0.7900000214576721 均-0.34% 组合88.4 撤-14.5%,3108笔 每天8.66 胜72% PF0.9399999976158142 均-0.09% 组合88.1 撤-24.2%,0.79,3.33,-0.143,0.0
全部币,S_A641_0.04|any,止盈3% 止损8% 48h,1,False,248笔 每天0.33 胜72% PF0.9200000166893005 均-0.18% 组合94.4 撤-11.3%,321笔 每天0.89 胜68% PF0.7799999713897705 均-0.55% 组合82.4 撤-22.5%,2834笔 每天7.89 胜74% PF1.0 均-0.00% 组合119.7 撤-15.8%,0.78,3.04,-0.244,0.0
全部币,S_A641_0.04|any,止盈5% 止损11% 72h,2,False,229笔 每天0.3 胜67% PF0.9700000286102295 均-0.09% 组合96.1 撤-13.7%,298笔 每天0.83 胜64% PF0.8399999737739563 均-0.59% 组合82.5 撤-23.2%,2577笔 每天7.18 胜69% PF1.0199999809265137 均+0.08% 组合171.7 撤-33.7%,0.84,2.77,-0.199,0.0
全部币,S_A641_0.04|any,止盈1.5% 止损3% 12h,3,False,285笔 每天0.38 胜68% PF0.9700000286102295 均-0.03% 组合99.4 撤-4.7%,379笔 每天1.06 胜61% PF0.7200000286102295 均-0.35% 组合89.1 撤-12.3%,3359笔 每天9.36 胜65% PF0.8500000238418579 均-0.16% 组合64.3 撤-39.2%,0.72,3.6,-0.177,0.0
全部币,S_A641_0.04|glob,止盈2% 止损5% 24h,0,False,892笔 每天1.18 胜72% PF1.0 均-0.00% 组合97.1 撤-17.5%,1060笔 每天2.95 胜69% PF0.8299999833106995 均-0.28% 组合78.1 撤-22.5%,9837笔 每天27.4 胜70% PF0.8700000047683716 均-0.20% 组合33.8 撤-68.3%,0.83,10.51,-0.162,0.0
全部币,S_A641_0.04|glob,止盈3% 止损8% 48h,1,False,810笔 每天1.07 胜74% PF1.0299999713897705 均+0.06% 组合100.1 撤-25.2%,923笔 每天2.57 胜69% PF0.8100000023841858 均-0.46% 组合64.6 撤-37.1%,8563笔 每天23.85 胜72% PF0.9200000166893005 均-0.18% 组合85.4 撤-52.2%,0.81,9.16,-0.195,0.0
全部币,S_A641_0.04|glob,止盈5% 止损11% 72h,2,False,731笔 每天0.97 胜68% PF1.0499999523162842 均+0.17% 组合98.1 撤-34.6%,822笔 每天2.29 胜67% PF0.9300000071525574 均-0.22% 组合73.9 撤-32.4%,7289笔 每天20.3 胜68% PF0.949999988079071 均-0.16% 组合134.7 撤-55.0%,0.93,7.85,-0.071,0.0
全部币,S_A641_0.04|glob,止盈1.5% 止损3% 12h,3,False,982笔 每天1.3 胜68% PF0.949999988079071 均-0.05% 组合94.0 撤-15.7%,1196笔 每天3.33 胜65% PF0.8299999833106995 均-0.19% 组合84.8 撤-16.9%,11027笔 每天30.72 胜64% PF0.800000011920929 均-0.22% 组合14.5 撤-85.8%,0.8,11.78,-0.152,0.0
全部币,S_A641_0.04|none,止盈2% 止损5% 24h,0,False,985笔 每天1.3 胜72% PF1.0 均+0.00% 组合95.8 撤-19.4%,1169笔 每天3.26 胜68% PF0.8100000023841858 均-0.31% 组合73.3 撤-28.3%,11161笔 每天31.09 胜70% PF0.8799999952316284 均-0.19% 组合31.0 撤-70.6%,0.81,11.88,-0.168,0.0
全部币,S_A641_0.04|none,止盈3% 止损8% 48h,1,False,882笔 每天1.17 胜73% PF1.0099999904632568 均+0.02% 组合95.3 撤-27.4%,1005笔 每天2.8 胜68% PF0.7799999713897705 均-0.54% 组合60.2 撤-41.9%,9570笔 每天26.66 胜72% PF0.9300000071525574 均-0.16% 组合83.2 撤-52.1%,0.78,10.21,-0.229,0.0
全部币,S_A641_0.04|none,止盈5% 止损11% 72h,2,False,790笔 每天1.04 胜68% PF1.059999942779541 均+0.19% 组合97.6 撤-32.3%,890笔 每天2.48 胜66% PF0.9100000262260437 均-0.33% 组合65.5 撤-37.8%,8063笔 每天22.46 胜68% PF0.9599999785423279 均-0.14% 组合146.5 撤-50.7%,0.91,8.66,-0.095,0.0
全部币,S_A641_0.04|none,止盈1.5% 止损3% 12h,3,False,1084笔 每天1.43 胜67% PF0.9399999976158142 均-0.06% 组合91.7 撤-16.6%,1335笔 每天3.72 胜65% PF0.8299999833106995 均-0.19% 组合83.5 撤-18.8%,12613笔 每天35.13 胜64% PF0.8100000023841858 均-0.22% 组合11.2 撤-89.0%,0.81,13.43,-0.155,0.0
全部币,S_A641_0.04|own,止盈2% 止损5% 24h,0,False,218笔 每天0.29 胜73% PF1.0199999809265137 均+0.03% 组合100.6 撤-4.7%,298笔 每天0.83 胜70% PF0.8999999761581421 均-0.15% 组合95.6 撤-8.5%,2524笔 每天7.03 胜72% PF0.9800000190734863 均-0.03% 组合93.2 撤-22.3%,0.9,2.72,-0.049,0.0
全部币,S_A641_0.04|own,止盈3% 止损8% 48h,1,False,203笔 每天0.27 胜72% PF0.9300000071525574 均-0.16% 组合96.5 撤-10.8%,269笔 每天0.75 胜70% PF0.8500000238418579 均-0.36% 组合89.7 撤-15.8%,2306笔 每天6.42 胜74% PF1.0499999523162842 均+0.10% 组合121.5 撤-18.7%,0.85,2.48,-0.141,0.0
全部币,S_A641_0.04|own,止盈5% 止损11% 72h,2,False,188笔 每天0.25 胜67% PF0.9800000190734863 均-0.05% 组合98.5 撤-9.8%,251笔 每天0.7 胜66% PF0.8999999761581421 均-0.37% 组合89.2 撤-16.4%,2107笔 每天5.87 胜70% PF1.090000033378601 均+0.27% 组合163.6 撤-31.5%,0.9,2.27,-0.049,0.0
全部币,S_A641_0.04|own,止盈1.5% 止损3% 12h,3,False,232笔 每天0.31 胜70% PF1.059999942779541 均+0.06% 组合101.3 撤-3.8%,317笔 每天0.88 胜64% PF0.800000011920929 均-0.23% 组合92.8 撤-8.7%,2729笔 每天7.6 胜67% PF0.9100000262260437 均-0.10% 组合76.0 撤-26.6%,0.8,2.93,-0.091,0.0
全部币,S_A642_0.025|any,止盈2% 止损5% 24h,0,False,1561笔 每天2.06 胜68% PF0.8199999928474426 均-0.29% 组合63.6 撤-37.4%,1756笔 每天4.89 胜68% PF0.8299999833106995 均-0.26% 组合68.7 撤-33.3%,13976笔 每天38.93 胜71% PF0.9399999976158142 均-0.08% 组合44.4 撤-61.0%,0.82,15.29,-0.21,0.0
全部币,S_A642_0.025|any,止盈3% 止损8% 48h,1,False,1356笔 每天1.79 胜70% PF0.9200000166893005 均-0.19% 组合76.6 撤-37.3%,1486笔 每天4.14 胜68% PF0.800000011920929 均-0.50% 组合49.5 撤-52.0%,11830笔 每天32.95 胜73% PF1.0 均+0.00% 组合95.1 撤-52.8%,0.8,12.96,-0.229,0.0
全部币,S_A642_0.025|any,止盈5% 止损11% 72h,2,False,1140笔 每天1.51 胜65% PF0.9700000286102295 均-0.09% 组合80.8 撤-42.6%,1218笔 每天3.39 胜63% PF0.8199999928474426 均-0.67% 组合47.1 撤-55.4%,9663笔 每天26.92 胜68% PF1.0099999904632568 均+0.05% 组合124.8 撤-58.2%,0.82,10.61,-0.238,0.0
全部币,S_A642_0.025|any,止盈1.5% 止损3% 12h,3,False,1771笔 每天2.34 胜64% PF0.8199999928474426 均-0.19% 组合71.7 撤-33.0%,1979笔 每天5.51 胜64% PF0.8199999928474426 均-0.20% 组合71.7 撤-29.9%,15773笔 每天43.94 胜66% PF0.8899999856948853 均-0.12% 组合25.3 撤-74.9%,0.82,17.26,-0.172,0.0
全部币,S_A642_0.025|glob,止盈2% 止损5% 24h,0,False,4158笔 每天5.5 胜70% PF0.9399999976158142 均-0.09% 组合64.7 撤-46.3%,4709笔 每天13.12 胜68% PF0.8199999928474426 均-0.29% 组合41.0 撤-61.9%,38985笔 每天108.59 胜71% PF0.9399999976158142 均-0.09% 组合16.2 撤-85.3%,0.82,42.4,-0.157,0.0
全部币,S_A642_0.025|glob,止盈3% 止损8% 48h,1,False,3340笔 每天4.42 胜70% PF0.9300000071525574 均-0.14% 组合59.7 撤-57.1%,3723笔 每天10.37 胜68% PF0.800000011920929 均-0.49% 组合31.8 撤-70.2%,30917笔 每天86.12 胜72% PF0.9800000190734863 均-0.05% 组合82.4 撤-62.1%,0.8,33.64,-0.228,0.0
全部币,S_A642_0.025|glob,止盈5% 止损11% 72h,2,False,2552笔 每天3.38 胜64% PF0.9300000071525574 均-0.22% 组合42.5 撤-69.3%,2724笔 每天7.59 胜62% PF0.7900000214576721 均-0.79% 组合19.9 撤-82.8%,23072笔 每天64.27 胜67% PF0.9800000190734863 均-0.06% 组合145.9 撤-47.3%,0.79,25.08,-0.356,0.0
全部币,S_A642_0.025|glob,止盈1.5% 止损3% 12h,3,False,4906笔 每天6.49 胜66% PF0.8899999856948853 均-0.12% 组合54.2 撤-52.5%,5547笔 每天15.45 胜64% PF0.8199999928474426 均-0.20% 组合45.6 撤-59.4%,45892笔 每天127.83 胜66% PF0.8999999761581421 均-0.11% 组合2.3 撤-98.0%,0.82,49.92,-0.143,0.0
全部币,S_A642_0.025|none,止盈2% 止损5% 24h,0,False,4465笔 每天5.91 胜70% PF0.9300000071525574 均-0.10% 组合56.1 撤-50.3%,5132笔 每天14.3 胜69% PF0.8500000238418579 均-0.24% 组合48.1 撤-55.1%,42346笔 每天117.96 胜71% PF0.949999988079071 均-0.08% 组合16.4 撤-85.2%,0.85,46.06,-0.14,0.0
全部币,S_A642_0.025|none,止盈3% 止损8% 48h,1,False,3576笔 每天4.73 胜70% PF0.9399999976158142 均-0.12% 组合55.9 撤-60.2%,3976笔 每天11.08 胜68% PF0.8100000023841858 均-0.47% 组合28.9 撤-72.9%,33139笔 每天92.31 胜72% PF0.9800000190734863 均-0.04% 组合89.2 撤-59.9%,0.81,36.04,-0.211,0.0
全部币,S_A642_0.025|none,止盈5% 止损11% 72h,2,False,2713笔 每天3.59 胜64% PF0.9399999976158142 均-0.19% 组合43.4 撤-69.9%,2876笔 每天8.01 胜62% PF0.7900000214576721 均-0.77% 组合19.6 撤-82.7%,24388笔 每天67.93 胜67% PF0.9800000190734863 均-0.06% 组合74.3 撤-70.5%,0.79,26.51,-0.338,0.0
全部币,S_A642_0.025|none,止盈1.5% 止损3% 12h,3,False,5334笔 每天7.06 胜66% PF0.8899999856948853 均-0.12% 组合49.8 撤-55.3%,6091笔 每天16.97 胜64% PF0.8299999833106995 均-0.18% 组合41.9 撤-62.5%,50348笔 每天140.25 胜66% PF0.8999999761581421 均-0.11% 组合1.6 撤-98.5%,0.83,54.76,-0.136,0.0
全部币,S_A642_0.025|own,止盈2% 止损5% 24h,0,False,729笔 每天0.96 胜68% PF0.8399999737739563 均-0.24% 组合83.7 撤-19.1%,754笔 每天2.1 胜68% PF0.8199999928474426 均-0.29% 组合83.9 撤-17.9%,6253笔 每天17.42 胜71% PF0.9200000166893005 均-0.11% 组合58.9 撤-44.9%,0.82,6.83,-0.214,0.0
全部币,S_A642_0.025|own,止盈3% 止损8% 48h,1,False,668笔 每天0.88 胜72% PF1.059999942779541 均+0.13% 组合108.4 撤-20.0%,664笔 每天1.85 胜68% PF0.8100000023841858 均-0.48% 组合73.4 撤-27.6%,5528笔 每天15.4 胜73% PF0.9900000095367432 均-0.03% 组合81.7 撤-37.3%,0.81,6.04,-0.126,0.0
全部币,S_A642_0.025|own,止盈5% 止损11% 72h,2,False,593笔 每天0.78 胜65% PF0.9900000095367432 均-0.02% 组合94.5 撤-33.3%,600笔 每天1.67 胜63% PF0.8299999833106995 均-0.62% 组合74.1 撤-30.6%,4822笔 每天13.43 胜69% PF1.0199999809265137 均+0.08% 组合151.6 撤-42.1%,0.83,5.29,-0.188,0.0
全部币,S_A642_0.025|own,止盈1.5% 止损3% 12h,3,False,813笔 每天1.08 胜64% PF0.8199999928474426 均-0.20% 组合85.5 撤-19.2%,838笔 每天2.33 胜62% PF0.7599999904632568 均-0.28% 组合83.4 撤-17.7%,6918笔 每天19.27 胜65% PF0.8500000238418579 均-0.16% 组合39.3 撤-61.5%,0.76,7.56,-0.215,0.0
全部币,S_A642_0.02|any,止盈2% 止损5% 24h,0,False,2660笔 每天3.52 胜69% PF0.8799999952316284 均-0.17% 组合63.0 撤-37.9%,3016笔 每天8.4 胜68% PF0.8500000238418579 均-0.23% 组合54.1 撤-48.9%,22892笔 每天63.77 胜71% PF0.9599999785423279 均-0.06% 组合58.8 撤-56.0%,0.85,25.23,-0.156,0.0
全部币,S_A642_0.02|any,止盈3% 止损8% 48h,1,False,2173笔 每天2.87 胜69% PF0.9100000262260437 均-0.19% 组合65.3 撤-38.9%,2416笔 每天6.73 胜69% PF0.8500000238418579 均-0.36% 组合40.5 撤-62.2%,18536笔 每天51.63 胜73% PF1.0299999713897705 均+0.07% 组合163.4 撤-39.0%,0.85,20.41,-0.162,0.0
全部币,S_A642_0.02|any,止盈5% 止损11% 72h,2,False,1742笔 每天2.3 胜64% PF0.9599999785423279 均-0.12% 组合69.9 撤-44.9%,1868笔 每天5.2 胜63% PF0.8399999737739563 均-0.56% 组合35.5 撤-66.8%,14404笔 每天40.12 胜68% PF1.0499999523162842 均+0.16% 组合124.6 撤-49.1%,0.84,15.87,-0.174,0.0
全部币,S_A642_0.02|any,止盈1.5% 止损3% 12h,3,False,3069笔 每天4.06 胜64% PF0.8500000238418579 均-0.16% 组合63.1 撤-40.0%,3485笔 每天9.71 胜64% PF0.8199999928474426 均-0.20% 组合53.7 撤-47.6%,26445笔 每天73.66 胜66% PF0.8999999761581421 均-0.10% 组合13.8 撤-87.3%,0.82,29.14,-0.155,0.0
全部币,S_A642_0.02|glob,止盈2% 止损5% 24h,0,False,6436笔 每天8.51 胜70% PF0.9100000262260437 均-0.12% 组合45.1 撤-63.6%,7502笔 每天20.9 胜68% PF0.8299999833106995 均-0.28% 组合23.1 撤-78.8%,59207笔 每天164.92 胜71% PF0.9599999785423279 均-0.06% 组合25.2 撤-80.6%,0.83,64.78,-0.153,0.0
全部币,S_A642_0.02|glob,止盈3% 止损8% 48h,1,False,4913笔 每天6.5 胜70% PF0.949999988079071 均-0.10% 组合61.0 撤-55.5%,5526笔 每天15.39 胜68% PF0.8299999833106995 均-0.41% 组合20.1 撤-81.1%,44537笔 每天124.06 胜72% PF1.0 均-0.01% 组合48.7 撤-63.2%,0.83,48.65,-0.174,0.0
全部币,S_A642_0.02|glob,止盈5% 止损11% 72h,2,False,3558笔 每天4.71 胜63% PF0.9399999976158142 均-0.20% 组合44.8 撤-70.8%,3801笔 每天10.59 胜62% PF0.8199999928474426 均-0.63% 组合23.5 撤-81.1%,31043笔 每天86.47 胜66% PF1.0 均+0.01% 组合43.6 撤-60.2%,0.82,33.92,-0.274,0.0
全部币,S_A642_0.02|glob,止盈1.5% 止损3% 12h,3,False,7884笔 每天10.43 胜65% PF0.8899999856948853 均-0.12% 组合39.4 撤-63.0%,9193笔 每天25.61 胜64% PF0.8299999833106995 均-0.19% 组合26.2 撤-75.4%,71850笔 每天200.14 胜66% PF0.9100000262260437 均-0.09% 组合1.1 撤-99.0%,0.83,78.73,-0.135,0.0
全部币,S_A642_0.02|none,止盈2% 止损5% 24h,0,False,6892笔 每天9.12 胜70% PF0.9200000166893005 均-0.12% 组合44.3 撤-65.2%,8036笔 每天22.38 胜69% PF0.8500000238418579 均-0.23% 组合25.3 撤-76.8%,63630笔 每天177.24 胜71% PF0.9599999785423279 均-0.06% 组合24.9 撤-79.2%,0.85,69.58,-0.135,0.0
全部币,S_A642_0.02|none,止盈3% 止损8% 48h,1,False,5194笔 每天6.87 胜70% PF0.949999988079071 均-0.10% 组合55.3 撤-58.4%,5811笔 每天16.19 胜68% PF0.8399999737739563 均-0.37% 组合19.9 撤-81.1%,47088笔 每天131.16 胜72% PF1.0 均-0.00% 组合70.9 撤-62.6%,0.84,51.41,-0.16,0.0
全部币,S_A642_0.02|none,止盈5% 止损11% 72h,2,False,3721笔 每天4.92 胜63% PF0.949999988079071 均-0.17% 组合44.5 撤-71.5%,3946笔 每天10.99 胜62% PF0.8299999833106995 均-0.60% 组合17.9 撤-85.2%,32381笔 每天90.2 胜66% PF1.0 均+0.00% 组合69.8 撤-64.6%,0.83,35.37,-0.254,0.0
全部币,S_A642_0.02|none,止盈1.5% 止损3% 12h,3,False,8499笔 每天11.24 胜65% PF0.8799999952316284 均-0.12% 组合36.2 撤-66.0%,9932笔 每天27.67 胜64% PF0.8399999737739563 均-0.18% 组合25.1 撤-76.3%,78192笔 每天217.81 胜66% PF0.9100000262260437 均-0.09% 组合1.0 撤-99.1%,0.84,85.57,-0.131,0.0
全部币,S_A642_0.02|own,止盈2% 止损5% 24h,0,False,1266笔 每天1.67 胜70% PF0.9300000071525574 均-0.10% 组合86.6 撤-18.6%,1365笔 每天3.8 胜69% PF0.8500000238418579 均-0.23% 组合74.8 撤-26.1%,10618笔 每天29.58 胜71% PF0.949999988079071 均-0.07% 组合69.9 撤-53.2%,0.85,11.68,-0.134,0.0
全部币,S_A642_0.02|own,止盈3% 止损8% 48h,1,False,1119笔 每天1.48 胜72% PF1.0399999618530273 均+0.08% 组合106.9 撤-20.8%,1171笔 每天3.26 胜68% PF0.800000011920929 均-0.48% 组合53.4 撤-46.9%,9218笔 每天25.68 胜73% PF1.0299999713897705 均+0.05% 组合138.4 撤-51.9%,0.8,10.14,-0.116,0.0
全部币,S_A642_0.02|own,止盈5% 止损11% 72h,2,False,964笔 每天1.28 胜65% PF1.0099999904632568 均+0.04% 组合93.8 撤-34.4%,1023笔 每天2.85 胜62% PF0.7900000214576721 均-0.77% 组合41.8 撤-59.6%,7789笔 每天21.7 胜68% PF1.0499999523162842 均+0.15% 组合142.6 撤-38.6%,0.79,8.61,-0.194,0.0
全部币,S_A642_0.02|own,止盈1.5% 止损3% 12h,3,False,1419笔 每天1.88 胜65% PF0.8700000047683716 均-0.14% 组合82.2 撤-21.9%,1520笔 每天4.23 胜64% PF0.800000011920929 均-0.22% 组合73.5 撤-27.7%,11904笔 每天33.16 胜66% PF0.8799999952316284 均-0.12% 组合29.8 撤-73.6%,0.8,13.09,-0.163,0.0
全部币,S_A642_0.035|any,止盈2% 止损5% 24h,0,False,587笔 每天0.78 胜71% PF0.949999988079071 均-0.08% 组合95.4 撤-11.8%,701笔 每天1.95 胜66% PF0.75 均-0.42% 组合77.7 撤-24.2%,6341笔 每天17.66 胜72% PF0.949999988079071 均-0.07% 组合79.6 撤-24.8%,0.75,6.8,-0.189,0.0
全部币,S_A642_0.035|any,止盈3% 止损8% 48h,1,False,531笔 每天0.7 胜72% PF1.0 均-0.01% 组合99.7 撤-17.4%,618笔 每天1.72 胜68% PF0.7900000214576721 均-0.53% 组合72.6 撤-29.6%,5609笔 每天15.62 胜73% PF0.9800000190734863 均-0.05% 组合91.8 撤-37.2%,0.79,6.01,-0.197,0.0
全部币,S_A642_0.035|any,止盈5% 止损11% 72h,2,False,479笔 每天0.63 胜69% PF1.0700000524520874 均+0.22% 组合105.4 撤-22.6%,546笔 每天1.52 胜63% PF0.800000011920929 均-0.75% 组合66.0 撤-37.7%,4810笔 每天13.4 胜69% PF1.0099999904632568 均+0.04% 组合159.6 撤-33.0%,0.8,5.18,-0.163,0.0
全部币,S_A642_0.035|any,止盈1.5% 止损3% 12h,3,False,653笔 每天0.86 胜65% PF0.8299999833106995 均-0.18% 组合89.6 撤-15.1%,778笔 每天2.17 胜62% PF0.7300000190734863 均-0.33% 组合82.3 撤-21.4%,7032笔 每天19.59 胜66% PF0.8899999856948853 均-0.11% 组合50.1 撤-50.3%,0.73,7.54,-0.208,0.0
全部币,S_A642_0.035|glob,止盈2% 止损5% 24h,0,False,1867笔 每天2.47 胜73% PF1.0199999809265137 均+0.03% 组合96.7 撤-27.6%,2032笔 每天5.66 胜68% PF0.7900000214576721 均-0.34% 组合57.3 撤-43.8%,19000笔 每天52.92 胜71% PF0.9100000262260437 均-0.13% 组合16.2 撤-84.7%,0.79,20.35,-0.148,0.0
全部币,S_A642_0.035|glob,止盈3% 止损8% 48h,1,False,1580笔 每天2.09 胜73% PF1.0299999713897705 均+0.05% 组合90.6 撤-42.3%,1697笔 每天4.73 胜69% PF0.8100000023841858 均-0.46% 组合52.8 撤-48.7%,15915笔 每天44.33 胜72% PF0.9399999976158142 均-0.14% 组合54.9 撤-72.2%,0.81,17.05,-0.181,0.0
全部币,S_A642_0.035|glob,止盈5% 止损11% 72h,2,False,1325笔 每天1.75 胜67% PF1.0 均-0.01% 组合73.6 撤-48.4%,1391笔 每天3.87 胜63% PF0.8199999928474426 均-0.69% 组合42.4 撤-61.8%,12807笔 每天35.67 胜68% PF0.9599999785423279 均-0.12% 组合62.8 撤-75.4%,0.82,13.76,-0.274,0.0
全部币,S_A642_0.035|glob,止盈1.5% 止损3% 12h,3,False,2112笔 每天2.79 胜67% PF0.9300000071525574 均-0.08% 组合81.2 撤-30.4%,2347笔 每天6.54 胜64% PF0.7900000214576721 均-0.24% 组合63.9 撤-40.3%,21854笔 每天60.87 胜65% PF0.8500000238418579 均-0.16% 组合4.4 撤-95.7%,0.79,23.4,-0.159,0.0
全部币,S_A642_0.035|none,止盈2% 止损5% 24h,0,False,2014笔 每天2.66 胜73% PF1.0399999618530273 均+0.05% 组合101.0 撤-27.6%,2237笔 每天6.23 胜68% PF0.7799999713897705 均-0.36% 组合53.4 撤-48.4%,21020笔 每天58.55 胜71% PF0.9100000262260437 均-0.13% 组合14.9 撤-85.5%,0.78,22.48,-0.144,0.0
全部币,S_A642_0.035|none,止盈3% 止损8% 48h,1,False,1694笔 每天2.24 胜73% PF1.0199999809265137 均+0.04% 组合88.2 撤-40.5%,1846笔 每天5.14 胜68% PF0.800000011920929 均-0.50% 组合46.5 撤-55.0%,17400笔 每天48.47 胜72% PF0.949999988079071 均-0.12% 组合60.2 撤-72.1%,0.8,18.62,-0.193,0.0
全部币,S_A642_0.035|none,止盈5% 止损11% 72h,2,False,1405笔 每天1.86 胜66% PF0.9900000095367432 均-0.05% 组合66.8 撤-49.6%,1508笔 每天4.2 胜63% PF0.8199999928474426 均-0.68% 组合38.1 撤-65.1%,13795笔 每天38.43 胜68% PF0.9700000286102295 均-0.11% 组合52.3 撤-70.4%,0.82,14.83,-0.28,0.0
全部币,S_A642_0.035|none,止盈1.5% 止损3% 12h,3,False,2292笔 每天3.03 胜67% PF0.9300000071525574 均-0.08% 组合80.7 撤-31.5%,2602笔 每天7.25 胜63% PF0.7799999713897705 均-0.25% 组合59.7 撤-44.2%,24413笔 每天68.0 胜65% PF0.8500000238418579 均-0.17% 组合2.9 撤-97.2%,0.78,26.09,-0.164,0.0
全部币,S_A642_0.035|own,止盈2% 止损5% 24h,0,False,258笔 每天0.34 胜77% PF1.2899999618530273 均+0.33% 组合107.0 撤-6.8%,308笔 每天0.86 胜65% PF0.699999988079071 均-0.54% 组合88.1 撤-13.8%,2765笔 每天7.7 胜71% PF0.9100000262260437 均-0.14% 组合81.4 撤-21.5%,0.7,2.97,-0.116,0.0
全部币,S_A642_0.035|own,止盈3% 止损8% 48h,1,False,239笔 每天0.32 胜75% PF1.1299999952316284 均+0.26% 组合106.5 撤-10.5%,283笔 每天0.79 胜66% PF0.7400000095367432 均-0.69% 组合83.8 撤-19.6%,2499笔 每天6.96 胜72% PF0.9599999785423279 均-0.10% 组合103.5 撤-17.1%,0.74,2.69,-0.177,0.0
全部币,S_A642_0.035|own,止盈5% 止损11% 72h,2,False,222笔 每天0.29 胜72% PF1.2999999523162842 均+0.79% 组合116.8 撤-13.2%,255笔 每天0.71 胜60% PF0.7400000095367432 均-1.06% 组合77.6 撤-26.6%,2232笔 每天6.22 胜69% PF1.0199999809265137 均+0.05% 组合159.3 撤-22.3%,0.74,2.41,-0.07,0.0
全部币,S_A642_0.035|own,止盈1.5% 止损3% 12h,3,False,289笔 每天0.38 胜68% PF0.9800000190734863 均-0.02% 组合99.0 撤-7.9%,336笔 每天0.94 胜59% PF0.6600000262260437 均-0.43% 组合90.8 撤-11.4%,3042笔 每天8.47 胜64% PF0.8100000023841858 均-0.21% 组合58.8 撤-41.8%,0.66,3.26,-0.219,0.0
全部币,S_A642_0.03|any,止盈2% 止损5% 24h,0,False,919笔 每天1.22 胜69% PF0.8700000047683716 均-0.19% 组合85.5 撤-22.1%,1065笔 每天2.97 胜67% PF0.7799999713897705 均-0.36% 组合72.5 撤-29.7%,9233笔 每天25.72 胜72% PF0.9599999785423279 均-0.06% 组合71.9 撤-31.4%,0.78,9.97,-0.205,0.0
全部币,S_A642_0.03|any,止盈3% 止损8% 48h,1,False,814笔 每天1.08 胜71% PF0.949999988079071 均-0.11% 组合91.4 撤-24.4%,914笔 每天2.55 胜66% PF0.7400000095367432 均-0.67% 组合57.5 撤-45.1%,8002笔 每天22.29 胜73% PF0.9800000190734863 均-0.04% 组合80.9 撤-53.9%,0.74,8.64,-0.273,0.0
全部币,S_A642_0.03|any,止盈5% 止损11% 72h,2,False,714笔 每天0.94 胜67% PF0.9800000190734863 均-0.07% 组合92.0 撤-29.3%,779笔 每天2.17 胜62% PF0.7699999809265137 均-0.91% 组合50.1 撤-51.8%,6739笔 每天18.77 胜69% PF1.0 均+0.01% 组合121.9 撤-53.3%,0.77,7.29,-0.321,0.0
全部币,S_A642_0.03|any,止盈1.5% 止损3% 12h,3,False,1026笔 每天1.36 胜64% PF0.8299999833106995 均-0.18% 组合83.8 撤-21.9%,1191笔 每天3.32 胜63% PF0.7699999809265137 均-0.27% 组合77.6 撤-24.7%,10287笔 每天28.65 胜66% PF0.8999999761581421 均-0.11% 组合41.7 撤-59.0%,0.77,11.11,-0.188,0.0
全部币,S_A642_0.03|glob,止盈2% 止损5% 24h,0,False,2711笔 每天3.59 胜72% PF0.9700000286102295 均-0.04% 组合80.4 撤-41.9%,3029笔 每天8.44 胜68% PF0.7900000214576721 均-0.35% 组合49.4 撤-54.5%,26768笔 每天74.56 胜71% PF0.9300000071525574 均-0.10% 组合20.4 撤-81.3%,0.79,28.86,-0.165,0.0
全部币,S_A642_0.03|glob,止盈3% 止损8% 48h,1,False,2263笔 每天2.99 胜71% PF0.9399999976158142 均-0.14% 组合62.5 撤-52.3%,2476笔 每天6.9 胜68% PF0.7900000214576721 均-0.52% 组合41.7 撤-60.6%,21904笔 每天61.01 胜72% PF0.9599999785423279 均-0.09% 组合66.9 撤-70.5%,0.79,23.63,-0.248,0.0
全部币,S_A642_0.03|glob,止盈5% 止损11% 72h,2,False,1801笔 每天2.38 胜64% PF0.9200000166893005 均-0.25% 组合44.8 撤-65.5%,1928笔 每天5.37 胜62% PF0.7900000214576721 均-0.81% 组合29.1 撤-74.5%,17059笔 每天47.52 胜67% PF0.9599999785423279 均-0.14% 组合48.5 撤-73.7%,0.79,18.42,-0.401,0.0
全部币,S_A642_0.03|glob,止盈1.5% 止损3% 12h,3,False,3128笔 每天4.14 胜66% PF0.8999999761581421 均-0.10% 组合71.5 撤-38.2%,3541笔 每天9.86 胜64% PF0.800000011920929 均-0.23% 组合56.7 撤-49.0%,30991笔 每天86.33 胜66% PF0.8799999952316284 均-0.13% 组合3.8 撤-96.3%,0.8,33.44,-0.155,0.0
全部币,S_A642_0.03|none,止盈2% 止损5% 24h,0,False,2939笔 每天3.89 胜72% PF0.9700000286102295 均-0.04% 组合75.6 撤-43.8%,3336笔 每天9.29 胜68% PF0.800000011920929 均-0.32% 组合45.3 撤-58.6%,29372笔 每天81.82 胜71% PF0.9399999976158142 均-0.09% 组合17.2 撤-84.1%,0.8,31.67,-0.151,0.0
全部币,S_A642_0.03|none,止盈3% 止损8% 48h,1,False,2440笔 每天3.23 胜71% PF0.9399999976158142 均-0.12% 组合61.3 撤-52.4%,2684笔 每天7.48 胜68% PF0.7900000214576721 均-0.53% 组合37.1 撤-65.7%,23745笔 每天66.14 胜72% PF0.9700000286102295 均-0.08% 组合66.2 撤-71.4%,0.79,25.62,-0.243,0.0
全部币,S_A642_0.03|none,止盈5% 止损11% 72h,2,False,1925笔 每天2.55 胜64% PF0.9200000166893005 均-0.27% 组合42.9 撤-68.0%,2078笔 每天5.79 胜62% PF0.7900000214576721 均-0.81% 组合26.0 撤-77.3%,18235笔 每天50.79 胜67% PF0.9599999785423279 均-0.13% 组合49.2 撤-71.8%,0.79,19.71,-0.404,0.0
全部币,S_A642_0.03|none,止盈1.5% 止损3% 12h,3,False,3422笔 每天4.53 胜66% PF0.9100000262260437 均-0.09% 组合70.5 撤-39.7%,3931笔 每天10.95 胜64% PF0.800000011920929 均-0.22% 组合52.9 撤-51.9%,34324笔 每天95.61 胜66% PF0.8799999952316284 均-0.13% 组合2.4 撤-97.7%,0.8,37.03,-0.149,0.0
全部币,S_A642_0.03|own,止盈2% 止损5% 24h,0,False,427笔 每天0.56 胜72% PF0.9900000095367432 均-0.01% 组合99.2 撤-11.7%,463笔 每天1.29 胜66% PF0.7699999809265137 均-0.38% 组合87.8 撤-14.2%,4015笔 每天11.18 胜70% PF0.8999999761581421 均-0.15% 组合66.3 撤-36.7%,0.77,4.34,-0.181,0.0
全部币,S_A642_0.03|own,止盈3% 止损8% 48h,1,False,394笔 每天0.52 胜74% PF1.1100000143051147 均+0.21% 组合107.2 撤-14.7%,408笔 每天1.14 胜65% PF0.7099999785423279 均-0.78% 组合74.3 撤-26.6%,3586笔 每天9.99 胜72% PF0.949999988079071 均-0.12% 组合89.5 撤-28.5%,0.71,3.88,-0.229,0.0
全部币,S_A642_0.03|own,止盈5% 止损11% 72h,2,False,361笔 每天0.48 胜69% PF1.0800000429153442 均+0.24% 组合105.9 撤-20.8%,368笔 每天1.03 胜62% PF0.800000011920929 均-0.77% 组合77.4 撤-27.3%,3178笔 每天8.85 胜68% PF0.9800000190734863 均-0.07% 组合115.1 撤-33.6%,0.8,3.45,-0.199,0.0
全部币,S_A642_0.03|own,止盈1.5% 止损3% 12h,3,False,475笔 每天0.63 胜66% PF0.8899999856948853 均-0.12% 组合94.1 撤-10.4%,511笔 每天1.42 胜62% PF0.75 均-0.29% 组合91.3 撤-10.4%,4426笔 每天12.33 胜64% PF0.8199999928474426 均-0.20% 组合46.8 撤-54.0%,0.75,4.79,-0.204,0.0
全部币,S_A642_0.04|any,止盈2% 止损5% 24h,0,False,387笔 每天0.51 胜75% PF1.159999966621399 均+0.20% 组合108.0 撤-6.8%,469笔 每天1.31 胜68% PF0.800000011920929 均-0.34% 组合87.3 撤-16.8%,4618笔 每天12.86 胜72% PF0.949999988079071 均-0.07% 组合86.0 撤-25.9%,0.8,4.89,-0.068,0.0
全部币,S_A642_0.04|any,止盈3% 止损8% 48h,1,False,354笔 每天0.47 胜75% PF1.0700000524520874 均+0.14% 组合105.7 撤-10.4%,413笔 每天1.15 胜68% PF0.8100000023841858 均-0.47% 组合81.7 撤-24.3%,4110笔 每天11.45 胜73% PF0.9900000095367432 均-0.02% 组合112.9 撤-21.2%,0.81,4.36,-0.118,0.0
全部币,S_A642_0.04|any,止盈5% 止损11% 72h,2,False,323笔 每天0.43 胜68% PF1.0399999618530273 均+0.14% 组合100.5 撤-15.4%,376笔 每天1.05 胜64% PF0.8299999833106995 均-0.65% 组合75.5 撤-29.3%,3584笔 每天9.98 胜69% PF1.0 均+0.00% 组合146.5 撤-37.2%,0.83,3.82,-0.171,0.0
全部币,S_A642_0.04|any,止盈1.5% 止损3% 12h,3,False,437笔 每天0.58 胜67% PF0.9399999976158142 均-0.06% 组合98.5 撤-6.9%,511笔 每天1.42 胜60% PF0.6899999976158142 均-0.38% 组合85.2 撤-17.5%,5057笔 每天14.09 胜66% PF0.8899999856948853 均-0.12% 组合61.5 撤-39.5%,0.69,5.36,-0.187,0.0
全部币,S_A642_0.04|glob,止盈2% 止损5% 24h,0,False,1294笔 每天1.71 胜75% PF1.159999966621399 均+0.19% 组合120.5 撤-16.7%,1430笔 每天3.98 胜68% PF0.800000011920929 均-0.34% 组合67.1 撤-33.9%,14174笔 每天39.48 胜70% PF0.8899999856948853 均-0.16% 组合25.6 撤-76.5%,0.8,15.06,-0.101,0.0
全部币,S_A642_0.04|glob,止盈3% 止损8% 48h,1,False,1111笔 每天1.47 胜75% PF1.1100000143051147 均+0.21% 组合116.5 撤-28.8%,1197笔 每天3.33 胜68% PF0.8100000023841858 均-0.48% 组合60.7 撤-40.7%,11964笔 每天33.33 胜72% PF0.9300000071525574 均-0.16% 组合60.5 撤-66.7%,0.81,12.71,-0.141,0.0
全部币,S_A642_0.04|glob,止盈5% 止损11% 72h,2,False,958笔 每天1.27 胜68% PF1.0700000524520874 均+0.23% 组合99.5 撤-38.9%,1036笔 每天2.89 胜66% PF0.8999999761581421 均-0.34% 组合61.3 撤-43.3%,9797笔 每天27.29 胜68% PF0.9599999785423279 均-0.14% 组合124.2 撤-61.4%,0.9,10.48,-0.086,0.0
全部币,S_A642_0.04|glob,止盈1.5% 止损3% 12h,3,False,1441笔 每天1.91 胜68% PF0.9800000190734863 均-0.02% 组合94.8 撤-22.6%,1626笔 每天4.53 胜64% PF0.800000011920929 均-0.23% 组合76.8 撤-26.7%,16120笔 每天44.9 胜65% PF0.8299999833106995 均-0.19% 组合7.3 撤-92.8%,0.8,17.11,-0.147,0.0
全部币,S_A642_0.04|none,止盈2% 止损5% 24h,0,False,1398笔 每天1.85 胜75% PF1.1399999856948853 均+0.18% 组合120.5 撤-18.3%,1561笔 每天4.35 胜68% PF0.7799999713897705 均-0.36% 组合62.8 撤-38.2%,15813笔 每天44.05 胜70% PF0.8899999856948853 均-0.16% 组合21.6 撤-79.6%,0.78,16.75,-0.113,0.0
全部币,S_A642_0.04|none,止盈3% 止损8% 48h,1,False,1192笔 每天1.58 胜75% PF1.090000033378601 均+0.17% 组合107.3 撤-32.4%,1287笔 每天3.58 胜68% PF0.7900000214576721 均-0.52% 组合54.8 撤-46.5%,13162笔 每天36.66 胜72% PF0.9300000071525574 均-0.15% 组合63.6 撤-63.1%,0.79,13.94,-0.164,0.0
全部币,S_A642_0.04|none,止盈5% 止损11% 72h,2,False,1020笔 每天1.35 胜68% PF1.0800000429153442 均+0.23% 组合100.3 撤-38.3%,1107笔 每天3.08 胜66% PF0.8799999952316284 均-0.43% 组合58.5 撤-46.4%,10664笔 每天29.7 胜68% PF0.9599999785423279 均-0.14% 组合125.8 撤-64.0%,0.88,11.38,-0.111,0.0
全部币,S_A642_0.04|none,止盈1.5% 止损3% 12h,3,False,1566笔 每天2.07 胜68% PF0.9700000286102295 均-0.03% 组合93.4 撤-23.1%,1801笔 每天5.02 胜63% PF0.7799999713897705 均-0.25% 组合71.7 撤-31.5%,18135笔 每天50.52 胜64% PF0.8299999833106995 均-0.19% 组合4.9 撤-95.1%,0.78,19.2,-0.156,0.0
全部币,S_A642_0.04|own,止盈2% 止损5% 24h,0,False,167笔 每天0.22 胜75% PF1.1699999570846558 均+0.22% 组合103.4 撤-6.4%,208笔 每天0.58 胜68% PF0.7900000214576721 均-0.35% 组合95.7 撤-9.2%,2031笔 每天5.66 胜70% PF0.8700000047683716 均-0.20% 组合78.4 撤-23.5%,0.79,2.15,-0.111,0.0
全部币,S_A642_0.04|own,止盈3% 止损8% 48h,1,False,153笔 每天0.2 胜74% PF1.0700000524520874 均+0.14% 组合101.9 撤-9.7%,187笔 每天0.52 胜68% PF0.7699999809265137 均-0.58% 组合89.4 撤-15.2%,1851笔 每天5.16 胜72% PF0.9399999976158142 均-0.14% 组合97.8 撤-21.6%,0.77,1.96,-0.195,0.0
全部币,S_A642_0.04|own,止盈5% 止损11% 72h,2,False,145笔 每天0.19 胜68% PF1.0800000429153442 均+0.23% 组合102.6 撤-13.6%,175笔 每天0.49 胜61% PF0.75 均-1.01% 组合85.2 撤-19.4%,1650笔 每天4.6 胜68% PF0.9700000286102295 均-0.10% 组合128.6 撤-22.3%,0.75,1.76,-0.293,0.0
全部币,S_A642_0.04|own,止盈1.5% 止损3% 12h,3,False,192笔 每天0.25 胜66% PF0.8899999856948853 均-0.12% 组合98.0 撤-7.4%,225笔 每天0.63 胜58% PF0.6299999952316284 均-0.48% 组合92.5 撤-9.2%,2209笔 每天6.15 胜64% PF0.8100000023841858 均-0.22% 组合68.3 撤-32.3%,0.63,2.34,-0.274,0.0
全部币,S_B143_0.0125|any,止盈2% 止损5% 24h,0,False,323笔 每天0.43 胜68% PF0.800000011920929 均-0.32% 组合90.1 撤-14.5%,412笔 每天1.15 胜69% PF0.8600000143051147 均-0.21% 组合91.6 撤-11.6%,3454笔 每天9.62 胜71% PF0.9200000166893005 均-0.12% 组合76.5 撤-33.3%,0.8,3.73,-0.216,0.0
全部币,S_B143_0.0125|any,止盈3% 止损8% 48h,1,False,299笔 每天0.4 胜70% PF0.8700000047683716 均-0.32% 组合91.8 撤-14.7%,387笔 每天1.08 胜71% PF0.8999999761581421 均-0.22% 组合91.0 撤-17.2%,3170笔 每天8.83 胜74% PF1.0399999618530273 均+0.08% 组合120.0 撤-23.1%,0.87,3.44,-0.153,0.0
全部币,S_B143_0.0125|any,止盈5% 止损11% 72h,2,False,278笔 每天0.37 胜66% PF0.8999999761581421 均-0.34% 组合88.7 撤-17.5%,361笔 每天1.01 胜65% PF0.8999999761581421 均-0.35% 组合86.2 撤-25.8%,2895笔 每天8.06 胜68% PF1.0 均-0.00% 组合98.4 撤-33.3%,0.9,3.15,-0.231,0.0
全部币,S_B143_0.0125|any,止盈1.5% 止损3% 12h,3,False,348笔 每天0.46 胜63% PF0.7900000214576721 均-0.25% 组合91.9 撤-12.3%,448笔 每天1.25 胜62% PF0.7300000190734863 均-0.32% 组合88.6 撤-12.9%,3767笔 每天10.49 胜66% PF0.8600000143051147 均-0.15% 组合67.2 撤-35.2%,0.73,4.07,-0.238,0.0
全部币,S_B143_0.0125|glob,止盈2% 止损5% 24h,0,False,1014笔 每天1.34 胜70% PF0.8899999856948853 均-0.17% 组合83.9 撤-23.0%,1300笔 每天3.62 胜67% PF0.7799999713897705 均-0.36% 组合65.7 撤-35.5%,10964笔 每天30.54 胜71% PF0.9399999976158142 均-0.09% 组合41.5 撤-63.2%,0.78,11.83,-0.205,0.0
全部币,S_B143_0.0125|glob,止盈3% 止损8% 48h,1,False,922笔 每天1.22 胜71% PF0.9100000262260437 均-0.20% 组合81.8 撤-25.9%,1176笔 每天3.28 胜68% PF0.800000011920929 均-0.50% 组合55.5 撤-45.3%,9733笔 每天27.11 胜73% PF1.0099999904632568 均+0.01% 组合88.8 撤-65.9%,0.8,10.54,-0.232,0.0
全部币,S_B143_0.0125|glob,止盈5% 止损11% 72h,2,False,818笔 每天1.08 胜66% PF0.9900000095367432 均-0.05% 组合88.2 撤-29.5%,1028笔 每天2.86 胜63% PF0.8100000023841858 均-0.70% 组合41.7 撤-59.8%,8499笔 每天23.67 胜69% PF1.0399999618530273 均+0.14% 组合112.5 撤-57.7%,0.81,9.2,-0.202,0.0
全部币,S_B143_0.0125|glob,止盈1.5% 止损3% 12h,3,False,1114笔 每天1.47 胜65% PF0.8600000143051147 均-0.15% 组合84.5 撤-22.8%,1476笔 每天4.11 胜64% PF0.8299999833106995 均-0.19% 组合80.1 撤-22.0%,12230笔 每天34.07 胜66% PF0.8799999952316284 均-0.13% 组合22.1 撤-80.2%,0.83,13.22,-0.16,0.0
全部币,S_B143_0.0125|none,止盈2% 止损5% 24h,0,False,1145笔 每天1.51 胜70% PF0.8999999761581421 均-0.15% 组合84.3 撤-22.6%,1514笔 每天4.22 胜68% PF0.8199999928474426 均-0.29% 组合64.9 撤-35.9%,12726笔 每天35.45 胜71% PF0.9399999976158142 均-0.09% 组合34.5 撤-68.8%,0.82,13.73,-0.176,0.0
全部币,S_B143_0.0125|none,止盈3% 止损8% 48h,1,False,1036笔 每天1.37 胜71% PF0.9300000071525574 均-0.16% 组合81.4 撤-25.8%,1345笔 每天3.75 胜68% PF0.8100000023841858 均-0.46% 组合52.9 撤-48.1%,11130笔 每天31.0 胜73% PF1.0 均-0.00% 组合81.2 撤-66.8%,0.81,12.04,-0.209,0.0
全部币,S_B143_0.0125|none,止盈5% 止损11% 72h,2,False,907笔 每天1.2 胜66% PF0.9700000286102295 均-0.11% 组合82.9 撤-31.6%,1176笔 每天3.28 胜65% PF0.8799999952316284 均-0.44% 组合51.5 撤-52.7%,9567笔 每天26.65 胜69% PF1.0199999809265137 均+0.07% 组合84.2 撤-66.4%,0.88,10.38,-0.161,0.0
全部币,S_B143_0.0125|none,止盈1.5% 止损3% 12h,3,False,1267笔 每天1.68 胜65% PF0.8600000143051147 均-0.15% 组合81.5 撤-25.7%,1737笔 每天4.84 胜65% PF0.8399999737739563 均-0.18% 组合74.6 撤-27.2%,14321笔 每天39.89 胜66% PF0.8600000143051147 均-0.15% 组合15.0 撤-86.3%,0.84,15.47,-0.161,0.0
全部币,S_B143_0.015|any,止盈2% 止损5% 24h,0,False,169笔 每天0.22 胜66% PF0.75 均-0.43% 组合92.7 撤-9.5%,229笔 每天0.64 胜66% PF0.7300000190734863 均-0.47% 组合89.5 撤-11.3%,2115笔 每天5.89 胜71% PF0.9100000262260437 均-0.13% 组合85.2 撤-19.5%,0.73,2.25,-0.344,0.0
全部币,S_B143_0.015|any,止盈3% 止损8% 48h,1,False,161笔 每天0.21 胜70% PF0.8299999833106995 均-0.42% 组合93.1 撤-10.3%,215笔 每天0.6 胜72% PF0.8999999761581421 均-0.22% 组合92.8 撤-10.2%,1955笔 每天5.45 胜74% PF1.0099999904632568 均+0.03% 组合110.1 撤-21.9%,0.83,2.09,-0.203,0.0
全部币,S_B143_0.015|any,止盈5% 止损11% 72h,2,False,151笔 每天0.2 胜64% PF0.8199999928474426 均-0.67% 组合89.6 撤-15.1%,204笔 每天0.57 胜64% PF0.8500000238418579 均-0.53% 组合86.5 撤-18.6%,1813笔 每天5.05 胜69% PF1.0299999713897705 均+0.09% 组合126.6 撤-28.0%,0.82,1.94,-0.37,0.0
全部币,S_B143_0.015|any,止盈1.5% 止损3% 12h,3,False,181笔 每天0.24 胜61% PF0.7300000190734863 均-0.32% 组合94.4 撤-7.1%,253笔 每天0.7 胜62% PF0.7400000095367432 均-0.31% 组合93.3 撤-6.8%,2311笔 每天6.44 胜66% PF0.8700000047683716 均-0.14% 组合80.0 撤-20.9%,0.73,2.46,-0.257,0.0
全部币,S_B143_0.015|glob,止盈2% 止损5% 24h,0,False,582笔 每天0.77 胜71% PF0.9300000071525574 均-0.10% 组合94.4 撤-13.9%,785笔 每天2.19 胜68% PF0.7900000214576721 均-0.34% 组合78.9 撤-22.2%,7143笔 每天19.9 胜71% PF0.9200000166893005 均-0.12% 组合47.9 撤-54.9%,0.79,7.62,-0.188,0.0
全部币,S_B143_0.015|glob,止盈3% 止损8% 48h,1,False,541笔 每天0.72 胜73% PF1.0399999618530273 均+0.08% 组合102.9 撤-13.8%,722笔 每天2.01 胜70% PF0.8700000047683716 均-0.31% 组合77.1 撤-23.8%,6402笔 每天17.83 胜73% PF0.9800000190734863 均-0.04% 组合85.0 撤-56.2%,0.87,6.85,-0.09,0.0
全部币,S_B143_0.015|glob,止盈5% 止损11% 72h,2,False,491笔 每天0.65 胜68% PF1.0299999713897705 均+0.09% 组合100.4 撤-19.2%,646笔 每天1.8 胜67% PF0.9599999785423279 均-0.15% 组合74.9 撤-31.2%,5692笔 每天15.86 胜69% PF1.0199999809265137 均+0.08% 组合127.2 撤-54.4%,0.96,6.1,0.007,0.0
全部币,S_B143_0.015|glob,止盈1.5% 止损3% 12h,3,False,636笔 每天0.84 胜67% PF0.9300000071525574 均-0.08% 组合95.1 撤-10.1%,886笔 每天2.47 胜63% PF0.7599999904632568 均-0.28% 组合81.0 撤-19.9%,7986笔 每天22.25 胜65% PF0.8500000238418579 均-0.17% 组合30.2 撤-71.2%,0.76,8.52,-0.175,0.0
全部币,S_B143_0.015|none,止盈2% 止损5% 24h,0,False,653笔 每天0.86 胜71% PF0.9399999976158142 均-0.09% 组合94.0 撤-14.2%,903笔 每天2.52 胜68% PF0.8199999928474426 均-0.29% 组合77.6 撤-23.4%,8320笔 每天23.18 胜71% PF0.9100000262260437 均-0.13% 组合39.3 撤-62.9%,0.82,8.85,-0.172,0.0
全部币,S_B143_0.015|none,止盈3% 止损8% 48h,1,False,599笔 每天0.79 胜73% PF1.0299999713897705 均+0.06% 组合101.9 撤-15.3%,816笔 每天2.27 胜71% PF0.9200000166893005 均-0.19% 组合80.8 撤-20.6%,7346笔 每天20.46 胜73% PF0.9599999785423279 均-0.08% 组合68.8 撤-56.4%,0.92,7.84,-0.069,0.0
全部币,S_B143_0.015|none,止盈5% 止损11% 72h,2,False,538笔 每天0.71 胜67% PF1.0 均-0.01% 组合94.2 撤-24.0%,727笔 每天2.03 胜68% PF1.0 均-0.00% 组合78.6 撤-31.4%,6455笔 每天17.98 胜69% PF1.0 均+0.00% 组合103.3 撤-58.2%,1.0,6.91,-0.003,0.0
全部币,S_B143_0.015|none,止盈1.5% 止损3% 12h,3,False,717笔 每天0.95 胜66% PF0.9100000262260437 均-0.10% 组合93.5 撤-10.7%,1028笔 每天2.86 胜63% PF0.7799999713897705 均-0.25% 组合78.6 撤-22.6%,9392笔 每天26.16 胜64% PF0.8299999833106995 均-0.19% 组合20.5 撤-79.9%,0.78,9.99,-0.182,0.0
全部币,S_B143_0.0175|any,止盈2% 止损5% 24h,0,False,91笔 每天0.12 胜66% PF0.7200000286102295 均-0.48% 组合95.6 撤-5.4%,143笔 每天0.4 胜68% PF0.7900000214576721 均-0.35% 组合95.4 撤-5.1%,1376笔 每天3.83 胜70% PF0.8799999952316284 均-0.19% 组合80.3 撤-23.1%,0.72,1.45,-0.339,0.0
全部币,S_B143_0.0175|any,止盈3% 止损8% 48h,1,False,84笔 每天0.11 胜63% PF0.6100000143051147 均-1.16% 组合91.3 撤-9.7%,135笔 每天0.38 胜76% PF1.1200000047683716 均+0.23% 组合101.8 撤-5.2%,1272笔 每天3.54 胜72% PF0.9300000071525574 均-0.15% 组合83.6 撤-27.1%,0.61,1.34,-0.358,0.0
全部币,S_B143_0.0175|any,止盈5% 止损11% 72h,2,False,82笔 每天0.11 胜61% PF0.7400000095367432 均-1.05% 组合92.6 撤-8.2%,131笔 每天0.36 胜62% PF0.800000011920929 均-0.76% 组合88.3 撤-14.9%,1181笔 每天3.29 胜69% PF1.0099999904632568 均+0.04% 组合100.1 撤-27.8%,0.74,1.25,-0.591,0.0
全部币,S_B143_0.0175|any,止盈1.5% 止损3% 12h,3,False,101笔 每天0.13 胜65% PF0.8600000143051147 均-0.16% 组合98.4 撤-3.6%,156笔 每天0.43 胜60% PF0.6899999976158142 均-0.39% 组合93.9 撤-6.2%,1496笔 每天4.17 胜63% PF0.7799999713897705 均-0.25% 组合69.8 撤-30.4%,0.69,1.58,-0.267,0.0
全部币,S_B143_0.0175|glob,止盈2% 止损5% 24h,0,False,335笔 每天0.44 胜68% PF0.8199999928474426 均-0.30% 组合90.1 撤-15.4%,487笔 每天1.36 胜68% PF0.8100000023841858 均-0.30% 组合85.6 撤-15.7%,4866笔 每天13.55 胜70% PF0.8600000143051147 均-0.21% 组合39.9 撤-62.8%,0.81,5.12,-0.27,0.0
全部币,S_B143_0.0175|glob,止盈3% 止损8% 48h,1,False,313笔 每天0.41 胜69% PF0.8299999833106995 均-0.42% 组合88.6 撤-19.8%,450笔 每天1.25 胜71% PF0.8999999761581421 均-0.22% 组合86.7 撤-15.3%,4367笔 每天12.16 胜72% PF0.9399999976158142 均-0.15% 组合64.9 撤-44.8%,0.83,4.61,-0.261,0.0
全部币,S_B143_0.0175|glob,止盈5% 止损11% 72h,2,False,289笔 每天0.38 胜68% PF0.9700000286102295 均-0.09% 组合98.7 撤-18.4%,409笔 每天1.14 胜66% PF0.9100000262260437 均-0.31% 组合81.7 撤-27.8%,3942笔 每天10.98 胜69% PF0.9900000095367432 均-0.02% 组合91.4 撤-52.2%,0.91,4.17,-0.139,0.0
全部币,S_B143_0.0175|glob,止盈1.5% 止损3% 12h,3,False,371笔 每天0.49 胜66% PF0.8899999856948853 均-0.12% 组合95.4 撤-8.7%,536笔 每天1.49 胜65% PF0.8399999737739563 均-0.17% 组合90.5 撤-11.5%,5447笔 每天15.17 胜63% PF0.7799999713897705 均-0.26% 组合26.0 撤-74.0%,0.78,5.72,-0.182,0.0
全部币,S_B143_0.0175|none,止盈2% 止损5% 24h,0,False,372笔 每天0.49 胜68% PF0.7799999713897705 均-0.36% 组合87.0 撤-16.0%,567笔 每天1.58 胜69% PF0.8600000143051147 均-0.22% 组合88.0 撤-13.3%,5723笔 每天15.94 胜70% PF0.8700000047683716 均-0.20% 组合35.1 撤-67.0%,0.78,6.0,-0.262,0.0
全部币,S_B143_0.0175|none,止盈3% 止损8% 48h,1,False,341笔 每天0.45 胜68% PF0.7900000214576721 均-0.53% 组合83.4 撤-22.5%,515笔 每天1.43 胜72% PF0.9200000166893005 均-0.19% 组合87.2 撤-15.5%,5082笔 每天14.16 胜72% PF0.9200000166893005 均-0.18% 组合52.2 撤-55.5%,0.79,5.35,-0.298,0.0
全部币,S_B143_0.0175|none,止盈5% 止损11% 72h,2,False,315笔 每天0.42 胜68% PF0.9800000190734863 均-0.08% 组合97.0 撤-19.3%,466笔 每天1.3 胜67% PF0.9599999785423279 均-0.13% 组合85.7 撤-26.4%,4521笔 每天12.59 胜68% PF0.9700000286102295 均-0.09% 组合73.6 撤-60.5%,0.96,4.77,-0.1,0.0
全部币,S_B143_0.0175|none,止盈1.5% 止损3% 12h,3,False,413笔 每天0.55 胜65% PF0.8500000238418579 均-0.16% 组合93.3 撤-10.2%,632笔 每天1.76 胜65% PF0.8399999737739563 均-0.17% 组合89.1 撤-12.5%,6482笔 每天18.06 胜62% PF0.75 均-0.29% 组合17.0 撤-83.0%,0.75,6.79,-0.209,0.0
全部币,S_B143_0.01|any,止盈2% 止损5% 24h,0,False,632笔 每天0.84 胜67% PF0.800000011920929 均-0.32% 组合82.2 撤-21.7%,794笔 每天2.21 胜67% PF0.7799999713897705 均-0.36% 组合74.4 撤-26.6%,5964笔 每天16.61 胜72% PF0.949999988079071 均-0.07% 组合71.4 撤-34.7%,0.78,6.55,-0.25,0.0
全部币,S_B143_0.01|any,止盈3% 止损8% 48h,1,False,555笔 每天0.73 胜68% PF0.800000011920929 均-0.48% 组合77.9 撤-27.2%,713笔 每天1.99 胜67% PF0.7699999809265137 均-0.57% 组合65.1 撤-37.4%,5376笔 每天14.97 胜73% PF1.0 均+0.00% 组合99.1 撤-45.4%,0.77,5.9,-0.35,0.0
全部币,S_B143_0.01|any,止盈5% 止损11% 72h,2,False,498笔 每天0.66 胜66% PF0.9700000286102295 均-0.09% 组合90.1 撤-24.7%,626笔 每天1.74 胜63% PF0.8199999928474426 均-0.65% 组合67.0 撤-39.0%,4794笔 每天13.35 胜69% PF1.0299999713897705 均+0.10% 组合164.7 撤-51.7%,0.82,5.25,-0.213,0.0
全部币,S_B143_0.01|any,止盈1.5% 止损3% 12h,3,False,678笔 每天0.9 胜62% PF0.75 均-0.29% 组合82.1 撤-22.5%,861笔 每天2.4 胜62% PF0.7400000095367432 均-0.30% 组合79.2 撤-22.2%,6497笔 每天18.1 胜66% PF0.8899999856948853 均-0.11% 组合54.8 撤-46.0%,0.74,7.13,-0.236,0.0
全部币,S_B143_0.01|glob,止盈2% 止损5% 24h,0,False,1776笔 每天2.35 胜70% PF0.8899999856948853 均-0.16% 组合70.7 撤-35.4%,2308笔 每天6.43 胜68% PF0.8199999928474426 均-0.30% 组合59.6 撤-41.9%,17868笔 每天49.77 胜72% PF0.9700000286102295 均-0.05% 组合30.6 撤-71.5%,0.82,19.52,-0.168,0.0
全部币,S_B143_0.01|glob,止盈3% 止损8% 48h,1,False,1560笔 每天2.06 胜69% PF0.8799999952316284 均-0.27% 组合58.8 撤-45.8%,2002笔 每天5.58 胜67% PF0.7900000214576721 均-0.52% 组合40.0 撤-60.3%,15568笔 每天43.36 胜73% PF1.0 均-0.00% 组合58.1 撤-77.4%,0.79,17.0,-0.264,0.0
全部币,S_B143_0.01|glob,止盈5% 止损11% 72h,2,False,1326笔 每天1.75 胜66% PF0.9800000190734863 均-0.06% 组合80.3 撤-41.9%,1640笔 每天4.57 胜62% PF0.7799999713897705 均-0.82% 组合25.6 撤-75.3%,13075笔 每天36.42 胜68% PF1.0299999713897705 均+0.09% 组合109.1 撤-75.2%,0.78,14.25,-0.262,0.0
全部币,S_B143_0.01|glob,止盈1.5% 止损3% 12h,3,False,1969笔 每天2.6 胜65% PF0.8799999952316284 均-0.13% 组合74.4 撤-33.8%,2589笔 每天7.21 胜64% PF0.8399999737739563 均-0.18% 组合68.8 撤-35.1%,19944笔 每天55.55 胜66% PF0.8999999761581421 均-0.11% 组合11.2 撤-89.0%,0.84,21.79,-0.14,0.0
全部币,S_B143_0.01|none,止盈2% 止损5% 24h,0,False,2019笔 每天2.67 胜70% PF0.9200000166893005 均-0.11% 组合76.5 撤-32.7%,2708笔 每天7.54 胜69% PF0.8399999737739563 均-0.24% 组合55.7 撤-45.8%,20670笔 每天57.58 胜72% PF0.9700000286102295 均-0.04% 组合32.1 撤-71.2%,0.84,22.6,-0.133,0.0
全部币,S_B143_0.01|none,止盈3% 止损8% 48h,1,False,1749笔 每天2.31 胜69% PF0.8600000143051147 均-0.32% 组合54.4 撤-50.8%,2310笔 每天6.43 胜69% PF0.8399999737739563 均-0.38% 组合44.6 撤-56.4%,17727笔 每天49.38 胜73% PF1.0 均+0.01% 组合77.8 撤-73.4%,0.84,19.37,-0.231,0.0
全部币,S_B143_0.01|none,止盈5% 止损11% 72h,2,False,1459笔 每天1.93 胜65% PF0.949999988079071 均-0.16% 组合70.8 撤-49.2%,1873笔 每天5.22 胜64% PF0.8500000238418579 均-0.54% 组合39.5 撤-67.2%,14599笔 每天40.67 胜68% PF1.0199999809265137 均+0.06% 组合76.1 撤-80.8%,0.85,15.94,-0.215,0.0
全部币,S_B143_0.01|none,止盈1.5% 止损3% 12h,3,False,2246笔 每天2.97 胜65% PF0.8799999952316284 均-0.13% 组合72.2 撤-35.5%,3077笔 每天8.57 胜65% PF0.8600000143051147 均-0.16% 组合69.1 撤-35.8%,23314笔 每天64.94 胜66% PF0.8899999856948853 均-0.11% 组合7.8 撤-92.4%,0.86,25.49,-0.132,0.0
全部币,S_B143_0.02|any,止盈2% 止损5% 24h,0,False,51笔 每天0.07 胜65% PF0.6899999976158142 均-0.57% 组合97.1 撤-4.6%,93笔 每天0.26 胜72% PF0.9700000286102295 均-0.05% 组合99.5 撤-4.4%,955笔 每天2.66 胜69% PF0.8399999737739563 均-0.25% 组合77.1 撤-25.6%,0.69,1.0,-0.29,0.0
全部币,S_B143_0.02|any,止盈3% 止损8% 48h,1,False,46笔 每天0.06 胜72% PF0.9100000262260437 均-0.20% 组合99.0 撤-4.8%,88笔 每天0.25 胜75% PF1.1399999856948853 均+0.27% 组合102.3 撤-3.8%,885笔 每天2.47 胜72% PF0.9300000071525574 均-0.15% 组合88.0 撤-20.3%,0.91,0.93,-0.027,0.0
全部币,S_B143_0.02|any,止盈5% 止损11% 72h,2,False,45笔 每天0.06 胜69% PF0.9700000286102295 均-0.09% 组合99.5 撤-4.6%,83笔 每天0.23 胜66% PF0.949999988079071 均-0.17% 组合98.3 撤-10.8%,815笔 每天2.27 胜68% PF0.9300000071525574 均-0.23% 组合82.6 撤-29.0%,0.93,0.85,-0.164,0.0
全部币,S_B143_0.02|any,止盈1.5% 止损3% 12h,3,False,54笔 每天0.07 胜63% PF0.7699999809265137 均-0.27% 组合98.6 撤-2.8%,99笔 每天0.28 胜66% PF0.8700000047683716 均-0.14% 组合98.6 撤-3.6%,1043笔 每天2.91 胜62% PF0.75 均-0.29% 组合73.6 撤-27.0%,0.75,1.09,-0.234,0.0
全部币,S_B143_0.02|glob,止盈2% 止损5% 24h,0,False,205笔 每天0.27 胜67% PF0.75 均-0.42% 组合91.7 撤-10.8%,321笔 每天0.89 胜70% PF0.8700000047683716 均-0.20% 组合93.7 撤-9.2%,3532笔 每天9.84 胜69% PF0.8500000238418579 均-0.24% 组合44.7 撤-58.2%,0.75,3.67,-0.285,0.0
全部币,S_B143_0.02|glob,止盈3% 止损8% 48h,1,False,190笔 每天0.25 胜69% PF0.8199999928474426 均-0.43% 组合92.0 撤-10.5%,302笔 每天0.84 胜74% PF1.0499999523162842 均+0.09% 组合99.3 撤-8.5%,3157笔 每天8.79 胜72% PF0.9100000262260437 均-0.20% 组合59.4 撤-47.1%,0.82,3.29,-0.178,0.0
全部币,S_B143_0.02|glob,止盈5% 止损11% 72h,2,False,179笔 每天0.24 胜68% PF0.949999988079071 均-0.18% 组合96.4 撤-14.7%,275笔 每天0.77 胜68% PF0.949999988079071 均-0.18% 组合92.8 撤-19.1%,2861笔 每天7.97 胜69% PF0.9900000095367432 均-0.03% 组合86.6 撤-42.8%,0.95,2.99,-0.129,0.0
全部币,S_B143_0.02|glob,止盈1.5% 止损3% 12h,3,False,221笔 每天0.29 胜63% PF0.7699999809265137 均-0.27% 组合94.2 撤-7.5%,353笔 每天0.98 胜65% PF0.8299999833106995 均-0.19% 组合93.6 撤-7.2%,3918笔 每天10.91 胜62% PF0.7400000095367432 均-0.32% 组合29.6 撤-71.1%,0.74,4.06,-0.26,0.0
全部币,S_B143_0.02|none,止盈2% 止损5% 24h,0,False,223笔 每天0.29 胜66% PF0.7400000095367432 均-0.45% 组合90.3 撤-11.6%,377笔 每天1.05 胜70% PF0.8899999856948853 均-0.16% 组合93.7 撤-10.3%,4168笔 每天11.61 胜70% PF0.8500000238418579 均-0.23% 组合39.6 撤-63.2%,0.74,4.32,-0.282,0.0
全部币,S_B143_0.02|none,止盈3% 止损8% 48h,1,False,204笔 每天0.27 胜69% PF0.8100000023841858 均-0.47% 组合90.6 撤-10.8%,352笔 每天0.98 胜73% PF1.0 均+0.01% 组合96.2 撤-8.8%,3692笔 每天10.28 胜72% PF0.9200000166893005 均-0.19% 组合56.4 撤-49.3%,0.81,3.84,-0.215,0.0
全部币,S_B143_0.02|none,止盈5% 止损11% 72h,2,False,194笔 每天0.26 胜69% PF0.9700000286102295 均-0.12% 组合97.2 撤-15.9%,320笔 每天0.89 胜68% PF0.949999988079071 均-0.18% 组合91.0 撤-21.2%,3293笔 每天9.17 胜68% PF0.9599999785423279 均-0.13% 组合63.0 撤-52.0%,0.95,3.44,-0.14,0.0
全部币,S_B143_0.02|none,止盈1.5% 止损3% 12h,3,False,243笔 每天0.32 胜60% PF0.6899999976158142 均-0.38% 组合91.1 撤-10.5%,424笔 每天1.18 胜64% PF0.800000011920929 均-0.23% 组合90.2 撤-10.5%,4673笔 每天13.02 胜61% PF0.7099999785423279 均-0.36% 组合19.8 撤-80.7%,0.69,4.84,-0.323,0.0
全部币,S_C144_0.05|any,止盈2% 止损5% 24h,0,False,586笔 每天0.78 胜70% PF0.8799999952316284 均-0.18% 组合91.7 撤-12.1%,878笔 每天2.45 胜72% PF0.9700000286102295 均-0.05% 组合93.1 撤-13.1%,5555笔 每天15.47 胜72% PF0.9700000286102295 均-0.05% 组合61.2 撤-47.8%,0.88,6.23,-0.091,0.0
全部币,S_C144_0.05|any,止盈3% 止损8% 48h,1,False,505笔 每天0.67 胜70% PF0.8899999856948853 均-0.27% 组合88.6 撤-17.1%,748笔 每天2.08 胜72% PF0.9599999785423279 均-0.10% 组合86.9 撤-19.6%,4618笔 每天12.86 胜74% PF1.0299999713897705 均+0.07% 组合86.5 撤-42.8%,0.89,5.2,-0.099,0.0
全部币,S_C144_0.05|any,止盈5% 止损11% 72h,2,False,432笔 每天0.57 胜68% PF0.9900000095367432 均-0.02% 组合98.4 撤-19.5%,635笔 每天1.77 胜67% PF0.949999988079071 均-0.17% 组合79.2 撤-28.0%,3933笔 每天10.96 胜70% PF1.059999942779541 均+0.18% 组合86.1 撤-42.2%,0.95,4.43,-0.003,0.0
全部币,S_C144_0.05|any,止盈1.5% 止损3% 12h,3,False,711笔 每天0.94 胜66% PF0.8799999952316284 均-0.13% 组合93.1 撤-11.1%,1023笔 每天2.85 胜66% PF0.8700000047683716 均-0.14% 组合85.9 撤-15.7%,6531笔 每天18.19 胜67% PF0.9100000262260437 均-0.09% 组合47.4 撤-58.7%,0.87,7.33,-0.12,0.0
全部币,S_C144_0.05|glob,止盈2% 止损5% 24h,0,False,1286笔 每天1.7 胜70% PF0.8700000047683716 均-0.20% 组合79.8 撤-26.8%,1826笔 每天5.09 胜68% PF0.8199999928474426 均-0.29% 组合60.0 撤-41.4%,12706笔 每天35.39 胜71% PF0.9300000071525574 均-0.10% 组合22.1 撤-79.1%,0.82,14.06,-0.197,0.0
全部币,S_C144_0.05|glob,止盈3% 止损8% 48h,1,False,1015笔 每天1.34 胜69% PF0.8299999833106995 均-0.42% 组合67.7 撤-36.7%,1426笔 每天3.97 胜69% PF0.8199999928474426 均-0.44% 组合59.2 撤-44.9%,9979笔 每天27.8 胜72% PF0.9599999785423279 均-0.09% 组合32.2 撤-71.8%,0.82,11.04,-0.314,0.0
全部币,S_C144_0.05|glob,止盈5% 止损11% 72h,2,False,794笔 每天1.05 胜65% PF0.8799999952316284 均-0.41% 组合69.1 撤-37.9%,1149笔 每天3.2 胜61% PF0.75 均-1.00% 组合40.7 撤-63.9%,8093笔 每天22.54 胜69% PF1.0199999809265137 均+0.08% 组合77.1 撤-52.8%,0.75,8.93,-0.446,0.0
全部币,S_C144_0.05|glob,止盈1.5% 止损3% 12h,3,False,1661笔 每天2.2 胜64% PF0.8199999928474426 均-0.20% 组合73.3 撤-30.0%,2278笔 每天6.35 胜65% PF0.8500000238418579 均-0.17% 组合69.6 撤-31.7%,15603笔 每天43.46 胜66% PF0.8799999952316284 均-0.12% 组合14.0 撤-86.7%,0.82,17.34,-0.163,0.0
全部币,S_C144_0.05|none,止盈2% 止损5% 24h,0,False,1361笔 每天1.8 胜69% PF0.8600000143051147 均-0.23% 组合77.0 撤-30.2%,1966笔 每天5.48 胜69% PF0.8299999833106995 均-0.27% 组合58.3 撤-42.9%,13813笔 每天38.48 胜71% PF0.9300000071525574 均-0.10% 组合20.4 撤-80.5%,0.83,15.25,-0.199,0.0
全部币,S_C144_0.05|none,止盈3% 止损8% 48h,1,False,1053笔 每天1.39 胜69% PF0.8199999928474426 均-0.43% 组合70.1 撤-35.5%,1515笔 每天4.22 胜69% PF0.8199999928474426 均-0.43% 组合56.1 撤-47.6%,10757笔 每天29.96 胜72% PF0.9599999785423279 均-0.09% 组合25.7 撤-74.6%,0.82,11.86,-0.319,0.0
全部币,S_C144_0.05|none,止盈5% 止损11% 72h,2,False,829笔 每天1.1 胜66% PF0.9100000262260437 均-0.31% 组合79.3 撤-30.5%,1205笔 每天3.36 胜61% PF0.7599999904632568 均-0.95% 组合41.4 撤-63.7%,8649笔 每天24.09 胜69% PF1.0199999809265137 均+0.06% 组合63.9 撤-54.9%,0.76,9.52,-0.402,0.0
全部币,S_C144_0.05|none,止盈1.5% 止损3% 12h,3,False,1775笔 每天2.35 胜64% PF0.8100000023841858 均-0.21% 组合71.9 撤-32.0%,2474笔 每天6.89 胜65% PF0.8600000143051147 均-0.15% 组合69.2 撤-32.6%,17129笔 每天47.71 胜66% PF0.8799999952316284 均-0.13% 组合10.4 撤-89.9%,0.81,18.98,-0.163,0.0
全部币,S_C144_0.06|any,止盈2% 止损5% 24h,0,False,446笔 每天0.59 胜70% PF0.8799999952316284 均-0.18% 组合93.4 撤-10.6%,669笔 每天1.86 胜71% PF0.9100000262260437 均-0.14% 组合90.9 撤-12.2%,4500笔 每天12.53 胜72% PF0.9599999785423279 均-0.06% 组合69.3 撤-44.7%,0.88,4.99,-0.123,0.0
全部币,S_C144_0.06|any,止盈3% 止损8% 48h,1,False,387笔 每天0.51 胜70% PF0.8500000238418579 均-0.37% 组合89.2 撤-14.5%,574笔 每天1.6 胜72% PF0.9399999976158142 均-0.13% 组合89.7 撤-14.8%,3817笔 每天10.63 胜74% PF1.0299999713897705 均+0.06% 组合99.2 撤-31.1%,0.85,4.25,-0.147,0.0
全部币,S_C144_0.06|any,止盈5% 止损11% 72h,2,False,335笔 每天0.44 胜66% PF0.9300000071525574 均-0.25% 组合91.7 撤-17.3%,494笔 每天1.38 胜67% PF0.9700000286102295 均-0.09% 组合85.9 撤-21.3%,3252笔 每天9.06 胜70% PF1.059999942779541 均+0.20% 组合101.5 撤-35.0%,0.93,3.63,-0.048,0.0
全部币,S_C144_0.06|any,止盈1.5% 止损3% 12h,3,False,539笔 每天0.71 胜64% PF0.8100000023841858 均-0.22% 组合90.7 撤-13.4%,767笔 每天2.14 胜64% PF0.8100000023841858 均-0.22% 组合84.5 撤-15.9%,5233笔 每天14.58 胜66% PF0.8799999952316284 均-0.12% 组合50.1 撤-54.8%,0.81,5.81,-0.186,0.0
全部币,S_C144_0.06|glob,止盈2% 止损5% 24h,0,False,1052笔 每天1.39 胜69% PF0.8600000143051147 均-0.22% 组合79.2 撤-25.0%,1485笔 每天4.14 胜68% PF0.800000011920929 均-0.33% 组合63.9 撤-37.4%,10686笔 每天29.77 胜71% PF0.8999999761581421 均-0.14% 组合21.4 撤-80.5%,0.8,11.77,-0.231,0.0
全部币,S_C144_0.06|glob,止盈3% 止损8% 48h,1,False,843笔 每天1.12 胜69% PF0.8100000023841858 均-0.46% 组合69.3 撤-32.8%,1180笔 每天3.29 胜69% PF0.8100000023841858 均-0.46% 组合65.2 撤-41.3%,8514笔 每天23.72 胜72% PF0.9399999976158142 均-0.12% 组合33.1 撤-68.1%,0.81,9.38,-0.347,0.0
全部币,S_C144_0.06|glob,止盈5% 止损11% 72h,2,False,668笔 每天0.88 胜65% PF0.8700000047683716 均-0.49% 组合70.3 撤-34.7%,962笔 每天2.68 胜62% PF0.7599999904632568 均-0.95% 组合46.3 撤-58.3%,6925笔 每天19.29 胜69% PF1.0099999904632568 均+0.04% 组合111.3 撤-49.7%,0.76,7.62,-0.468,0.0
全部币,S_C144_0.06|glob,止盈1.5% 止损3% 12h,3,False,1334笔 每天1.76 胜64% PF0.800000011920929 均-0.22% 组合75.5 撤-28.7%,1815笔 每天5.06 胜64% PF0.8299999833106995 均-0.19% 组合73.5 撤-27.6%,12906笔 每天35.95 胜66% PF0.8600000143051147 均-0.15% 组合15.3 撤-85.7%,0.8,14.26,-0.189,0.0
全部币,S_C144_0.06|none,止盈2% 止损5% 24h,0,False,1117笔 每天1.48 胜69% PF0.8399999737739563 均-0.26% 组合76.1 撤-27.8%,1601笔 每天4.46 胜68% PF0.8100000023841858 均-0.31% 组合63.5 撤-37.3%,11721笔 每天32.65 胜71% PF0.8999999761581421 均-0.14% 组合19.5 撤-82.0%,0.81,12.86,-0.238,0.0
全部币,S_C144_0.06|none,止盈3% 止损8% 48h,1,False,885笔 每天1.17 胜68% PF0.800000011920929 均-0.50% 组合69.3 撤-33.4%,1257笔 每天3.5 胜69% PF0.8100000023841858 均-0.47% 组合62.7 撤-42.8%,9258笔 每天25.79 胜72% PF0.9399999976158142 均-0.14% 组合30.6 撤-69.6%,0.8,10.15,-0.365,0.0
全部币,S_C144_0.06|none,止盈5% 止损11% 72h,2,False,697笔 每天0.92 胜65% PF0.8700000047683716 均-0.47% 组合72.7 撤-33.3%,1015笔 每天2.83 胜62% PF0.7799999713897705 均-0.87% 组合49.5 撤-55.8%,7465笔 每天20.79 胜69% PF1.0 均+0.00% 组合89.2 撤-49.1%,0.78,8.18,-0.445,0.0
全部币,S_C144_0.06|none,止盈1.5% 止损3% 12h,3,False,1443笔 每天1.91 胜64% PF0.8199999928474426 均-0.20% 组合75.4 撤-29.1%,1983笔 每天5.52 胜65% PF0.8399999737739563 均-0.17% 组合75.2 撤-26.3%,14307笔 每天39.85 胜65% PF0.8500000238418579 均-0.16% 组合11.1 撤-89.4%,0.82,15.76,-0.18,0.0
全部币,S_C144_0.07|any,止盈2% 止损5% 24h,0,False,329笔 每天0.44 胜71% PF0.9200000166893005 均-0.11% 组合96.8 撤-8.0%,513笔 每天1.43 胜70% PF0.8799999952316284 均-0.18% 组合90.9 撤-10.5%,3659笔 每天10.19 胜72% PF0.9700000286102295 均-0.04% 组合82.7 撤-31.2%,0.88,4.02,-0.111,0.0
全部币,S_C144_0.07|any,止盈3% 止损8% 48h,1,False,297笔 每天0.39 胜74% PF1.0199999809265137 均+0.04% 组合99.5 撤-8.6%,453笔 每天1.26 胜71% PF0.9300000071525574 均-0.17% 组合91.1 撤-15.6%,3124笔 每天8.7 胜74% PF1.0099999904632568 均+0.01% 组合95.8 撤-30.9%,0.93,3.45,-0.036,0.0
全部币,S_C144_0.07|any,止盈5% 止损11% 72h,2,False,264笔 每天0.35 胜70% PF1.090000033378601 均+0.26% 组合104.2 撤-11.2%,395笔 每天1.1 胜69% PF1.0199999809265137 均+0.08% 组合96.4 撤-16.8%,2695笔 每天7.51 胜70% PF1.059999942779541 均+0.18% 组合117.2 撤-31.3%,1.02,2.99,0.177,0.0
全部币,S_C144_0.07|any,止盈1.5% 止损3% 12h,3,False,397笔 每天0.53 胜63% PF0.7699999809265137 均-0.27% 组合90.0 撤-12.6%,583笔 每天1.62 胜64% PF0.800000011920929 均-0.22% 组合88.1 撤-12.9%,4215笔 每天11.74 胜66% PF0.8700000047683716 均-0.14% 组合53.6 撤-51.0%,0.77,4.63,-0.21,0.0
全部币,S_C144_0.07|glob,止盈2% 止损5% 24h,0,False,843笔 每天1.12 胜70% PF0.8799999952316284 均-0.18% 组合85.5 撤-17.1%,1201笔 每天3.35 胜68% PF0.7900000214576721 均-0.35% 组合68.9 撤-32.9%,8991笔 每天25.04 胜70% PF0.8899999856948853 均-0.17% 组合30.0 撤-72.2%,0.79,9.84,-0.234,0.0
全部币,S_C144_0.07|glob,止盈3% 止损8% 48h,1,False,692笔 每天0.92 胜71% PF0.9200000166893005 均-0.19% 组合85.0 撤-24.0%,976笔 每天2.72 胜69% PF0.8100000023841858 均-0.47% 组合73.4 撤-35.7%,7298笔 每天20.33 胜72% PF0.9300000071525574 均-0.15% 组合45.6 撤-62.5%,0.81,7.99,-0.27,0.0
全部币,S_C144_0.07|glob,止盈5% 止损11% 72h,2,False,553笔 每天0.73 胜66% PF0.9100000262260437 均-0.32% 组合78.0 撤-30.7%,811笔 每天2.26 胜61% PF0.7400000095367432 均-1.05% 组合48.8 撤-55.7%,5982笔 每天16.66 胜69% PF1.0099999904632568 均+0.02% 组合141.1 撤-43.8%,0.74,6.55,-0.451,0.0
全部币,S_C144_0.07|glob,止盈1.5% 止损3% 12h,3,False,1053笔 每天1.39 胜62% PF0.75 均-0.29% 组合74.4 撤-28.2%,1447笔 每天4.03 胜63% PF0.7900000214576721 均-0.25% 组合74.1 撤-28.1%,10783笔 每天30.04 胜65% PF0.8299999833106995 均-0.18% 组合17.0 撤-83.8%,0.75,11.82,-0.242,0.0
全部币,S_C144_0.07|none,止盈2% 止损5% 24h,0,False,901笔 每天1.19 胜70% PF0.8799999952316284 均-0.19% 组合81.1 撤-22.3%,1294笔 每天3.6 胜68% PF0.8100000023841858 均-0.31% 组合70.4 撤-30.8%,9937笔 每天27.68 胜70% PF0.8899999856948853 均-0.17% 组合24.0 撤-77.2%,0.81,10.82,-0.223,0.0
全部币,S_C144_0.07|none,止盈3% 止损8% 48h,1,False,736笔 每天0.97 胜71% PF0.8899999856948853 均-0.25% 组合81.2 撤-27.5%,1042笔 每天2.9 胜69% PF0.8299999833106995 均-0.42% 组合73.1 撤-37.2%,7977笔 每天22.22 胜72% PF0.9300000071525574 均-0.16% 组合37.8 撤-64.7%,0.83,8.7,-0.277,0.0
全部币,S_C144_0.07|none,止盈5% 止损11% 72h,2,False,583笔 每天0.77 胜66% PF0.8899999856948853 均-0.41% 组合73.0 撤-34.3%,861笔 每天2.4 胜61% PF0.75 均-0.99% 组合49.4 撤-55.7%,6459笔 每天17.99 胜69% PF0.9900000095367432 均-0.02% 组合92.0 撤-44.7%,0.75,7.05,-0.475,0.0
全部币,S_C144_0.07|none,止盈1.5% 止损3% 12h,3,False,1147笔 每天1.52 胜63% PF0.7699999809265137 均-0.27% 组合73.6 撤-29.0%,1581笔 每天4.4 胜64% PF0.8100000023841858 均-0.22% 组合76.2 撤-26.5%,12029笔 每天33.51 胜64% PF0.8299999833106995 均-0.19% 组合12.5 撤-87.7%,0.77,13.14,-0.226,0.0
全部币,S_C144_0.08|any,止盈2% 止损5% 24h,0,False,247笔 每天0.33 胜69% PF0.8500000238418579 均-0.24% 组合94.5 撤-8.1%,402笔 每天1.12 胜70% PF0.8799999952316284 均-0.18% 组合91.9 撤-9.3%,3003笔 每天8.36 胜72% PF0.9800000190734863 均-0.02% 组合89.1 撤-29.3%,0.85,3.27,-0.147,0.0
全部币,S_C144_0.08|any,止盈3% 止损8% 48h,1,False,226笔 每天0.3 胜74% PF1.059999942779541 均+0.12% 组合101.8 撤-7.8%,355笔 每天0.99 胜70% PF0.8600000143051147 均-0.34% 组合86.0 撤-18.0%,2576笔 每天7.18 胜74% PF1.0299999713897705 均+0.07% 组合115.3 撤-24.7%,0.86,2.82,-0.052,0.0
全部币,S_C144_0.08|any,止盈5% 止损11% 72h,2,False,207笔 每天0.27 胜70% PF1.0499999523162842 均+0.17% 组合101.3 撤-8.9%,311笔 每天0.87 胜68% PF0.9700000286102295 均-0.11% 组合90.7 撤-17.4%,2253笔 每天6.28 胜70% PF1.059999942779541 均+0.18% 组合124.1 撤-30.9%,0.97,2.47,0.08,0.0
全部币,S_C144_0.08|any,止盈1.5% 止损3% 12h,3,False,299笔 每天0.4 胜62% PF0.75 均-0.30% 组合91.9 撤-10.2%,453笔 每天1.26 胜62% PF0.7599999904632568 均-0.29% 组合87.1 撤-13.4%,3444笔 每天9.59 胜66% PF0.8700000047683716 均-0.14% 组合61.1 撤-44.2%,0.75,3.75,-0.242,0.0
全部币,S_C144_0.08|glob,止盈2% 止损5% 24h,0,False,681笔 每天0.9 胜70% PF0.8700000047683716 均-0.19% 组合86.7 撤-18.1%,979笔 每天2.73 胜68% PF0.7799999713897705 均-0.37% 组合73.8 撤-27.3%,7624笔 每天21.24 胜70% PF0.8899999856948853 均-0.17% 组合41.0 撤-62.6%,0.78,8.29,-0.245,0.0
全部币,S_C144_0.08|glob,止盈3% 止损8% 48h,1,False,563笔 每天0.74 胜72% PF0.949999988079071 均-0.11% 组合92.2 撤-17.6%,803笔 每天2.24 胜68% PF0.7799999713897705 均-0.56% 组合69.6 撤-34.4%,6223笔 每天17.33 胜72% PF0.9200000166893005 均-0.17% 组合59.1 撤-54.8%,0.78,6.77,-0.279,0.0
全部币,S_C144_0.08|glob,止盈5% 止损11% 72h,2,False,463笔 每天0.61 胜67% PF0.949999988079071 均-0.16% 组合83.0 撤-27.5%,685笔 每天1.91 胜62% PF0.75 均-0.99% 组合54.1 撤-49.1%,5163笔 每天14.38 胜69% PF1.0 均-0.01% 组合166.9 撤-41.9%,0.75,5.63,-0.385,0.0
全部币,S_C144_0.08|glob,止盈1.5% 止损3% 12h,3,False,846笔 每天1.12 胜64% PF0.7900000214576721 均-0.24% 组合82.2 撤-20.0%,1171笔 每天3.26 胜64% PF0.7900000214576721 均-0.24% 组合78.4 撤-22.8%,9080笔 每天25.29 胜64% PF0.8199999928474426 均-0.20% 组合20.3 撤-80.5%,0.79,9.89,-0.226,0.0
全部币,S_C144_0.08|none,止盈2% 止损5% 24h,0,False,735笔 每天0.97 胜70% PF0.8799999952316284 均-0.19% 组合83.1 撤-22.3%,1060笔 每天2.95 胜68% PF0.8100000023841858 均-0.31% 组合75.9 撤-24.9%,8479笔 每天23.62 胜70% PF0.8899999856948853 均-0.17% 组合35.0 撤-66.5%,0.81,9.18,-0.226,0.0
全部币,S_C144_0.08|none,止盈3% 止损8% 48h,1,False,609笔 每天0.81 胜72% PF0.9599999785423279 均-0.08% 组合92.7 撤-18.2%,859笔 每天2.39 胜69% PF0.8100000023841858 均-0.49% 组合70.1 撤-33.9%,6833笔 每天19.03 胜72% PF0.9200000166893005 均-0.17% 组合55.4 撤-55.7%,0.81,7.41,-0.247,0.0
全部币,S_C144_0.08|none,止盈5% 止损11% 72h,2,False,491笔 每天0.65 胜66% PF0.9200000166893005 均-0.27% 组合80.7 撤-29.3%,730笔 每天2.03 胜63% PF0.7799999713897705 均-0.87% 组合54.1 撤-50.0%,5596笔 每天15.59 胜69% PF0.9800000190734863 均-0.06% 组合113.5 撤-45.8%,0.78,6.09,-0.402,0.0
全部币,S_C144_0.08|none,止盈1.5% 止损3% 12h,3,False,924笔 每天1.22 胜64% PF0.7900000214576721 均-0.24% 组合81.0 撤-21.7%,1285笔 每天3.58 胜64% PF0.8199999928474426 均-0.20% 组合79.7 撤-21.9%,10180笔 每天28.36 胜64% PF0.8100000023841858 均-0.22% 组合14.7 撤-85.4%,0.79,11.05,-0.217,0.0
全部币,S_C144_0.1|any,止盈2% 止损5% 24h,0,False,148笔 每天0.2 胜72% PF0.949999988079071 均-0.08% 组合99.5 撤-6.3%,252笔 每天0.7 胜72% PF0.9800000190734863 均-0.03% 组合99.0 撤-6.1%,2103笔 每天5.86 胜73% PF0.9900000095367432 均-0.01% 组合93.7 撤-18.5%,0.95,2.25,-0.039,0.0
全部币,S_C144_0.1|any,止盈3% 止损8% 48h,1,False,133笔 每天0.18 胜78% PF1.2899999618530273 均+0.51% 组合107.1 撤-5.7%,226笔 每天0.63 胜74% PF1.0199999809265137 均+0.04% 组合100.6 撤-8.9%,1840笔 每天5.13 胜75% PF1.059999942779541 均+0.13% 组合120.8 撤-14.2%,1.02,1.98,0.227,0.0
全部币,S_C144_0.1|any,止盈5% 止损11% 72h,2,False,122笔 每天0.16 胜74% PF1.25 均+0.72% 组合109.0 撤-3.7%,202笔 每天0.56 胜68% PF0.9800000190734863 均-0.07% 组合98.2 撤-11.8%,1627笔 每天4.53 胜71% PF1.100000023841858 均+0.31% 组合141.8 撤-21.1%,0.98,1.75,0.321,0.0
全部币,S_C144_0.1|any,止盈1.5% 止损3% 12h,3,False,183笔 每天0.24 胜63% PF0.7699999809265137 均-0.27% 组合95.5 撤-7.1%,277笔 每天0.77 胜63% PF0.7699999809265137 均-0.27% 组合92.8 撤-8.3%,2392笔 每天6.66 胜66% PF0.8899999856948853 均-0.12% 组合73.5 撤-32.1%,0.77,2.56,-0.223,0.0
全部币,S_C144_0.1|glob,止盈2% 止损5% 24h,0,False,453笔 每天0.6 胜73% PF1.0099999904632568 均+0.01% 组合100.4 撤-8.4%,658笔 每天1.83 胜68% PF0.7900000214576721 均-0.34% 组合84.4 撤-17.0%,5622笔 每天15.66 胜70% PF0.8899999856948853 均-0.17% 组合59.9 撤-47.9%,0.79,6.03,-0.166,0.0
全部币,S_C144_0.1|glob,止盈3% 止损8% 48h,1,False,371笔 每天0.49 胜76% PF1.159999966621399 均+0.30% 组合109.4 撤-7.1%,547笔 每天1.52 胜70% PF0.8299999833106995 均-0.43% 组合82.1 撤-20.9%,4693笔 每天13.07 胜72% PF0.9300000071525574 均-0.15% 组合83.1 撤-45.3%,0.83,5.03,-0.094,0.0
全部币,S_C144_0.1|glob,止盈5% 止损11% 72h,2,False,327笔 每天0.43 胜72% PF1.1799999475479126 均+0.53% 组合111.6 撤-10.9%,470笔 每天1.31 胜63% PF0.7599999904632568 均-0.98% 组合68.1 撤-37.8%,3959笔 每天11.03 胜69% PF1.0 均+0.01% 组合161.7 撤-31.6%,0.76,4.26,-0.144,0.0
全部币,S_C144_0.1|glob,止盈1.5% 止损3% 12h,3,False,556笔 每天0.74 胜67% PF0.9100000262260437 均-0.09% 组合94.8 撤-10.8%,765笔 每天2.13 胜64% PF0.8100000023841858 均-0.22% 组合86.3 撤-15.9%,6591笔 每天18.36 胜64% PF0.8199999928474426 均-0.21% 组合31.5 撤-70.5%,0.81,7.08,-0.173,0.0
全部币,S_C144_0.1|none,止盈2% 止损5% 24h,0,False,493笔 每天0.65 胜72% PF0.9800000190734863 均-0.02% 组合99.2 撤-8.7%,709笔 每天1.97 胜69% PF0.8399999737739563 均-0.26% 组合87.4 撤-14.9%,6350笔 每天17.69 胜70% PF0.8899999856948853 均-0.17% 组合51.6 撤-53.3%,0.84,6.77,-0.15,0.0
全部币,S_C144_0.1|none,止盈3% 止损8% 48h,1,False,404笔 每天0.53 胜76% PF1.1399999856948853 均+0.27% 组合107.0 撤-7.3%,582笔 每天1.62 胜70% PF0.8399999737739563 均-0.40% 组合84.7 撤-19.6%,5218笔 每天14.53 胜72% PF0.9300000071525574 均-0.15% 组合81.4 撤-43.7%,0.84,5.56,-0.093,0.0
全部币,S_C144_0.1|none,止盈5% 止损11% 72h,2,False,349笔 每天0.46 胜71% PF1.1299999952316284 均+0.39% 组合106.0 撤-13.8%,504笔 每天1.4 胜64% PF0.8199999928474426 均-0.70% 组合74.5 撤-34.2%,4356笔 每天12.13 胜69% PF0.9900000095367432 均-0.02% 组合148.4 撤-33.1%,0.82,4.66,-0.113,0.0
全部币,S_C144_0.1|none,止盈1.5% 止损3% 12h,3,False,611笔 每天0.81 胜67% PF0.9200000166893005 均-0.09% 组合95.6 撤-10.8%,833笔 每天2.32 胜64% PF0.8199999928474426 均-0.20% 组合87.4 撤-15.7%,7516笔 每天20.94 胜64% PF0.800000011920929 均-0.22% 组合23.8 撤-76.7%,0.8,8.02,-0.169,0.0
全部币,S_D145_0.0125|any,止盈2% 止损5% 24h,0,False,1330笔 每天1.76 胜72% PF1.0 均+0.00% 组合96.5 撤-12.1%,1373笔 每天3.82 胜68% PF0.8299999833106995 均-0.27% 组合72.2 撤-29.6%,10677笔 每天29.74 胜72% PF0.9700000286102295 均-0.04% 组合84.8 撤-43.0%,0.83,11.77,-0.104,0.0
全部币,S_D145_0.0125|any,止盈3% 止损8% 48h,1,False,1166笔 每天1.54 胜72% PF1.0099999904632568 均+0.03% 组合97.3 撤-24.7%,1194笔 每天3.33 胜69% PF0.8500000238418579 均-0.35% 组合66.0 撤-36.9%,9510笔 每天26.49 胜74% PF1.0700000524520874 均+0.14% 组合317.3 撤-30.4%,0.85,10.45,-0.062,0.0
全部币,S_D145_0.0125|any,止盈5% 止损11% 72h,2,False,1007笔 每天1.33 胜66% PF1.0399999618530273 均+0.11% 组合103.2 撤-29.8%,1025笔 每天2.86 胜64% PF0.8399999737739563 均-0.58% 组合50.9 撤-53.6%,8133笔 每天22.65 胜69% PF1.0800000429153442 均+0.25% 组合248.5 撤-44.7%,0.84,8.95,-0.076,0.0
全部币,S_D145_0.0125|any,止盈1.5% 止损3% 12h,3,False,1439笔 每天1.9 胜67% PF0.9200000166893005 均-0.08% 组合88.6 撤-18.4%,1486笔 每天4.14 胜63% PF0.7799999713897705 均-0.26% 组合72.5 撤-28.7%,11515笔 每天32.08 胜66% PF0.9100000262260437 均-0.09% 组合40.5 撤-62.0%,0.78,12.71,-0.141,0.0
全部币,S_D145_0.0125|glob,止盈2% 止损5% 24h,0,False,3024笔 每天4.0 胜71% PF0.949999988079071 均-0.08% 组合76.8 撤-31.7%,3197笔 每天8.91 胜68% PF0.800000011920929 均-0.32% 组合45.8 撤-56.2%,26811笔 每天74.68 胜71% PF0.949999988079071 均-0.07% 组合27.2 撤-76.5%,0.8,29.2,-0.157,0.0
全部币,S_D145_0.0125|glob,止盈3% 止损8% 48h,1,False,2535笔 每天3.35 胜71% PF0.9900000095367432 均-0.03% 组合86.0 撤-43.1%,2657笔 每天7.4 胜68% PF0.8299999833106995 均-0.42% 组合38.6 撤-62.7%,22690笔 每天63.2 胜72% PF1.0099999904632568 均+0.03% 组合203.3 撤-47.3%,0.83,24.65,-0.139,0.0
全部币,S_D145_0.0125|glob,止盈5% 止损11% 72h,2,False,2036笔 每天2.69 胜65% PF0.9900000095367432 均-0.03% 组合70.5 撤-53.6%,2130笔 每天5.93 胜64% PF0.8700000047683716 均-0.47% 组合35.5 撤-67.9%,17894笔 每天49.84 胜68% PF1.0499999523162842 均+0.15% 组合111.3 撤-66.3%,0.87,19.49,-0.116,0.0
全部币,S_D145_0.0125|glob,止盈1.5% 止损3% 12h,3,False,3387笔 每天4.48 胜67% PF0.949999988079071 均-0.05% 组合82.7 撤-29.8%,3572笔 每天9.95 胜63% PF0.7699999809265137 均-0.27% 组合47.0 撤-53.4%,29865笔 每天83.19 胜66% PF0.8899999856948853 均-0.12% 组合5.9 撤-94.6%,0.77,32.54,-0.145,0.0
全部币,S_D145_0.0125|none,止盈2% 止损5% 24h,0,False,3256笔 每天4.31 胜71% PF0.9599999785423279 均-0.06% 组合76.7 撤-36.6%,3475笔 每天9.68 胜68% PF0.8199999928474426 均-0.29% 组合45.6 撤-57.1%,29327笔 每天81.69 胜71% PF0.9599999785423279 均-0.06% 组合38.2 撤-72.4%,0.82,31.89,-0.14,0.0
全部币,S_D145_0.0125|none,止盈3% 止损8% 48h,1,False,2712笔 每天3.59 胜72% PF1.0 均-0.00% 组合88.3 撤-43.6%,2852笔 每天7.94 胜69% PF0.8299999833106995 均-0.40% 组合35.8 撤-66.1%,24522笔 每天68.31 胜72% PF1.0199999809265137 均+0.03% 组合185.5 撤-42.5%,0.83,26.61,-0.123,0.0
全部币,S_D145_0.0125|none,止盈5% 止损11% 72h,2,False,2155笔 每天2.85 胜65% PF0.9900000095367432 均-0.03% 组合75.2 撤-56.6%,2251笔 每天6.27 胜64% PF0.8700000047683716 均-0.46% 组合36.1 撤-67.4%,19060笔 每天53.09 胜68% PF1.0499999523162842 均+0.15% 组合123.3 撤-58.3%,0.87,20.74,-0.113,0.0
全部币,S_D145_0.0125|none,止盈1.5% 止损3% 12h,3,False,3671笔 每天4.86 胜68% PF0.9599999785423279 均-0.04% 组合86.2 撤-30.5%,3918笔 每天10.91 胜63% PF0.7799999713897705 均-0.26% 组合45.4 撤-55.0%,32965笔 每天91.82 胜66% PF0.8899999856948853 均-0.12% 组合4.0 撤-96.3%,0.78,35.86,-0.138,0.0
全部币,S_D145_0.015|any,止盈2% 止损5% 24h,0,False,777笔 每天1.03 胜71% PF0.9599999785423279 均-0.06% 组合95.4 撤-10.9%,861笔 每天2.4 胜67% PF0.7799999713897705 均-0.37% 组合76.0 撤-25.1%,6922笔 每天19.28 胜73% PF1.0 均+0.01% 组合102.7 撤-27.1%,0.78,7.57,-0.141,0.0
全部币,S_D145_0.015|any,止盈3% 止损8% 48h,1,False,704笔 每天0.93 胜70% PF0.9200000166893005 均-0.17% 组合88.0 撤-26.5%,766笔 每天2.13 胜68% PF0.8199999928474426 均-0.45% 组合73.9 撤-31.3%,6305笔 每天17.56 胜75% PF1.090000033378601 均+0.17% 组合255.4 撤-27.0%,0.82,6.87,-0.148,0.0
全部币,S_D145_0.015|any,止盈5% 止损11% 72h,2,False,635笔 每天0.84 胜68% PF1.100000023841858 均+0.29% 组合112.2 撤-24.6%,667笔 每天1.86 胜63% PF0.8199999928474426 均-0.66% 组合66.2 撤-41.0%,5532笔 每天15.41 胜70% PF1.100000023841858 均+0.31% 组合332.1 撤-28.1%,0.82,6.04,-0.021,0.0
全部币,S_D145_0.015|any,止盈1.5% 止损3% 12h,3,False,829笔 每天1.1 胜66% PF0.8999999761581421 均-0.10% 组合92.0 撤-12.6%,918笔 每天2.56 胜64% PF0.800000011920929 均-0.23% 组合83.2 撤-18.2%,7355笔 每天20.49 胜67% PF0.9300000071525574 均-0.08% 组合55.6 撤-47.4%,0.8,8.05,-0.138,0.0
全部币,S_D145_0.015|glob,止盈2% 止损5% 24h,0,False,1925笔 每天2.55 胜72% PF1.0 均+0.00% 组合97.1 撤-20.6%,2106笔 每天5.87 胜67% PF0.7799999713897705 均-0.37% 组合55.5 撤-46.8%,17876笔 每天49.79 胜72% PF0.949999988079071 均-0.07% 组合42.6 撤-62.4%,0.78,19.4,-0.147,0.0
全部币,S_D145_0.015|glob,止盈3% 止损8% 48h,1,False,1677笔 每天2.22 胜72% PF1.0 均+0.01% 组合93.5 撤-38.0%,1790笔 每天4.99 胜68% PF0.8100000023841858 均-0.48% 组合46.3 撤-55.2%,15565笔 每天43.36 胜73% PF1.0199999809265137 均+0.04% 组合200.2 撤-46.5%,0.81,16.86,-0.144,0.0
全部币,S_D145_0.015|glob,止盈5% 止损11% 72h,2,False,1386笔 每天1.83 胜66% PF1.0199999809265137 均+0.07% 组合88.4 撤-44.4%,1496笔 每天4.17 胜64% PF0.8600000143051147 均-0.52% 组合46.6 撤-59.0%,12826笔 每天35.73 胜69% PF1.059999942779541 均+0.18% 组合575.3 撤-38.6%,0.86,13.91,-0.09,0.0
全部币,S_D145_0.015|glob,止盈1.5% 止损3% 12h,3,False,2100笔 每天2.78 胜67% PF0.949999988079071 均-0.05% 组合88.5 撤-19.4%,2304笔 每天6.42 胜63% PF0.7799999713897705 均-0.25% 组合66.0 撤-37.5%,19519笔 每天54.37 胜66% PF0.8799999952316284 均-0.13% 组合9.3 撤-90.9%,0.78,21.19,-0.144,0.0
全部币,S_D145_0.015|none,止盈2% 止损5% 24h,0,False,2089笔 每天2.76 胜72% PF1.0099999904632568 均+0.01% 组合97.1 撤-21.7%,2288笔 每天6.37 胜68% PF0.7900000214576721 均-0.34% 组合57.1 撤-45.2%,19754笔 每天55.03 胜72% PF0.9700000286102295 均-0.05% 组合46.3 撤-62.4%,0.79,21.39,-0.126,0.0
全部币,S_D145_0.015|none,止盈3% 止损8% 48h,1,False,1806笔 每天2.39 胜72% PF1.0 均-0.00% 组合91.1 撤-37.9%,1931笔 每天5.38 胜68% PF0.8199999928474426 均-0.45% 组合47.0 撤-54.7%,17018笔 每天47.4 胜73% PF1.0199999809265137 均+0.04% 组合198.8 撤-50.2%,0.82,18.39,-0.137,0.0
全部币,S_D145_0.015|none,止盈5% 止损11% 72h,2,False,1483笔 每天1.96 胜66% PF1.0099999904632568 均+0.02% 组合86.9 撤-43.0%,1598笔 每天4.45 胜64% PF0.8700000047683716 均-0.48% 组合42.9 撤-61.7%,13837笔 每天38.54 胜69% PF1.059999942779541 均+0.18% 组合621.7 撤-36.3%,0.87,14.98,-0.091,0.0
全部币,S_D145_0.015|none,止盈1.5% 止损3% 12h,3,False,2292笔 每天3.03 胜68% PF0.9700000286102295 均-0.03% 组合91.3 撤-18.4%,2521笔 每天7.02 胜64% PF0.800000011920929 均-0.23% 组合66.1 撤-37.4%,21726笔 每天60.52 胜66% PF0.8799999952316284 均-0.13% 组合7.8 撤-92.5%,0.8,23.52,-0.13,0.0
全部币,S_D145_0.01|any,止盈2% 止损5% 24h,0,False,2292笔 每天3.03 胜70% PF0.9200000166893005 均-0.11% 组合73.9 撤-30.0%,2278笔 每天6.35 胜69% PF0.8700000047683716 均-0.20% 组合64.6 撤-39.0%,17404笔 每天48.48 胜71% PF0.9599999785423279 均-0.06% 组合64.5 撤-48.7%,0.87,19.29,-0.125,0.0
全部币,S_D145_0.01|any,止盈3% 止损8% 48h,1,False,1932笔 每天2.56 胜70% PF0.9399999976158142 均-0.13% 组合74.9 撤-33.9%,1928笔 每天5.37 胜70% PF0.8799999952316284 均-0.27% 组合58.4 撤-45.4%,14909笔 每天41.53 胜72% PF1.0299999713897705 均+0.06% 组合170.0 撤-43.1%,0.88,16.49,-0.114,0.0
全部币,S_D145_0.01|any,止盈5% 止损11% 72h,2,False,1583笔 每天2.09 胜65% PF1.0 均-0.01% 组合89.5 撤-33.0%,1573笔 每天4.38 胜63% PF0.8299999833106995 均-0.59% 组合37.1 撤-67.4%,12290笔 每天34.23 胜67% PF1.0399999618530273 均+0.12% 组合112.2 撤-60.4%,0.83,13.57,-0.161,0.0
全部币,S_D145_0.01|any,止盈1.5% 止损3% 12h,3,False,2541笔 每天3.36 胜66% PF0.8999999761581421 均-0.11% 组合75.0 撤-29.3%,2551笔 每天7.11 胜64% PF0.8199999928474426 均-0.20% 组合62.2 撤-39.0%,19185笔 每天53.44 胜66% PF0.8899999856948853 均-0.12% 组合17.9 撤-83.0%,0.82,21.3,-0.142,0.0
全部币,S_D145_0.01|glob,止盈2% 止损5% 24h,0,False,4882笔 每天6.46 胜70% PF0.9200000166893005 均-0.11% 组合60.9 撤-40.3%,5018笔 每天13.98 胜68% PF0.8500000238418579 均-0.24% 组合39.8 撤-63.6%,41141笔 每天114.6 胜71% PF0.949999988079071 均-0.07% 组合38.7 撤-75.1%,0.85,45.01,-0.138,0.0
全部币,S_D145_0.01|glob,止盈3% 止损8% 48h,1,False,3849笔 每天5.09 胜70% PF0.949999988079071 均-0.11% 组合78.7 撤-42.4%,3975笔 每天11.07 胜69% PF0.8500000238418579 均-0.34% 组合29.2 撤-73.4%,33055笔 每天92.08 胜71% PF1.0099999904632568 均+0.01% 组合104.4 撤-48.6%,0.85,36.08,-0.147,0.0
全部币,S_D145_0.01|glob,止盈5% 止损11% 72h,2,False,2932笔 每天3.88 胜64% PF0.9900000095367432 均-0.03% 组合88.4 撤-56.7%,2945笔 每天8.2 胜63% PF0.8399999737739563 均-0.55% 组合26.6 撤-76.3%,24708笔 每天68.82 胜67% PF1.0399999618530273 均+0.11% 组合249.6 撤-38.5%,0.84,26.97,-0.156,0.0
全部币,S_D145_0.01|glob,止盈1.5% 止损3% 12h,3,False,5624笔 每天7.44 胜66% PF0.9200000166893005 均-0.09% 组合62.9 撤-42.5%,5786笔 每天16.12 胜64% PF0.8199999928474426 均-0.20% 组合38.8 撤-62.9%,47253笔 每天131.62 胜65% PF0.8899999856948853 均-0.12% 组合4.0 撤-96.4%,0.82,51.73,-0.134,0.0
全部币,S_D145_0.01|none,止盈2% 止损5% 24h,0,False,5223笔 每天6.91 胜70% PF0.9300000071525574 均-0.10% 组合57.1 撤-45.1%,5411笔 每天15.07 胜69% PF0.8700000047683716 均-0.21% 组合42.1 撤-62.1%,44681笔 每天124.46 胜71% PF0.9599999785423279 均-0.06% 组合44.1 撤-72.8%,0.87,48.81,-0.122,0.0
全部币,S_D145_0.01|none,止盈3% 止损8% 48h,1,False,4072笔 每天5.39 胜70% PF0.949999988079071 均-0.11% 组合71.3 撤-46.5%,4223笔 每天11.76 胜69% PF0.8700000047683716 均-0.29% 组合36.3 撤-67.5%,35374笔 每天98.53 胜71% PF1.0099999904632568 均+0.02% 组合177.6 撤-43.3%,0.87,38.56,-0.129,0.0
全部币,S_D145_0.01|none,止盈5% 止损11% 72h,2,False,3079笔 每天4.07 胜64% PF0.9900000095367432 均-0.03% 组合98.4 撤-52.3%,3072笔 每天8.56 胜63% PF0.8600000143051147 均-0.49% 组合24.3 撤-79.1%,26070笔 每天72.62 胜66% PF1.0299999713897705 均+0.10% 组合209.3 撤-41.3%,0.86,28.42,-0.14,0.0
全部币,S_D145_0.01|none,止盈1.5% 止损3% 12h,3,False,6092笔 每天8.06 胜66% PF0.9200000166893005 均-0.08% 组合66.1 撤-44.7%,6308笔 每天17.57 胜64% PF0.8399999737739563 均-0.17% 组合40.7 撤-61.0%,51860笔 每天144.46 胜66% PF0.8899999856948853 均-0.11% 组合2.9 撤-97.4%,0.84,56.7,-0.122,0.0
全部币,S_D145_0.02|any,止盈2% 止损5% 24h,0,False,306笔 每天0.4 胜74% PF1.090000033378601 均+0.12% 组合104.7 撤-5.3%,376笔 每天1.05 胜69% PF0.8500000238418579 均-0.24% 组合93.5 撤-12.4%,3260笔 每天9.08 胜72% PF0.9599999785423279 均-0.05% 组合82.7 撤-21.8%,0.85,3.51,-0.056,0.0
全部币,S_D145_0.02|any,止盈3% 止损8% 48h,1,False,290笔 每天0.38 胜73% PF0.9900000095367432 均-0.02% 组合101.6 撤-14.4%,345笔 每天0.96 胜68% PF0.800000011920929 均-0.50% 组合85.9 撤-21.1%,3041笔 每天8.47 胜74% PF1.0299999713897705 均+0.05% 组合113.4 撤-22.7%,0.8,3.27,-0.155,0.0
全部币,S_D145_0.02|any,止盈5% 止损11% 72h,2,False,273笔 每天0.36 胜73% PF1.3300000429153442 均+0.89% 组合126.5 撤-7.8%,315笔 每天0.88 胜65% PF0.8399999737739563 均-0.61% 组合85.0 撤-17.2%,2775笔 每天7.73 胜71% PF1.100000023841858 均+0.30% 组合219.4 撤-24.4%,0.84,2.99,0.194,0.0
全部币,S_D145_0.02|any,止盈1.5% 止损3% 12h,3,False,317笔 每天0.42 胜69% PF1.0 均-0.00% 组合99.8 撤-5.1%,390笔 每天1.09 胜65% PF0.8500000238418579 均-0.16% 组合95.7 撤-8.3%,3419笔 每天9.52 胜65% PF0.8500000238418579 均-0.16% 组合57.1 撤-43.6%,0.85,3.68,-0.107,0.0
全部币,S_D145_0.02|glob,止盈2% 止损5% 24h,0,False,833笔 每天1.1 胜74% PF1.059999942779541 均+0.08% 组合105.1 撤-13.5%,985笔 每天2.74 胜67% PF0.7699999809265137 均-0.39% 组合71.9 撤-29.0%,8876笔 每天24.72 胜71% PF0.9200000166893005 均-0.12% 组合36.9 撤-63.7%,0.77,9.52,-0.145,0.0
全部币,S_D145_0.02|glob,止盈3% 止损8% 48h,1,False,760笔 每天1.01 胜73% PF1.0099999904632568 均+0.02% 组合101.5 撤-24.3%,882笔 每天2.46 胜68% PF0.7900000214576721 均-0.54% 组合64.3 撤-36.8%,7992笔 每天22.26 胜73% PF0.9900000095367432 均-0.02% 组合112.7 撤-40.3%,0.79,8.58,-0.18,0.0
全部币,S_D145_0.02|glob,止盈5% 止损11% 72h,2,False,679笔 每天0.9 胜71% PF1.2000000476837158 均+0.58% 组合139.2 撤-18.0%,766笔 每天2.13 胜64% PF0.8500000238418579 均-0.56% 组合59.6 撤-42.8%,6912笔 每天19.25 胜70% PF1.0700000524520874 均+0.23% 组合381.7 撤-33.5%,0.85,7.43,0.082,0.0
全部币,S_D145_0.02|glob,止盈1.5% 止损3% 12h,3,False,882笔 每天1.17 胜69% PF1.0 均+0.00% 组合99.8 撤-12.3%,1044笔 每天2.91 胜63% PF0.7799999713897705 均-0.26% 组合79.6 撤-23.2%,9474笔 每天26.39 胜64% PF0.8199999928474426 均-0.20% 组合16.1 撤-84.0%,0.78,10.16,-0.153,0.0
全部币,S_D145_0.02|none,止盈2% 止损5% 24h,0,False,906笔 每天1.2 胜74% PF1.0700000524520874 均+0.10% 组合108.6 撤-15.3%,1075笔 每天2.99 胜67% PF0.7599999904632568 均-0.40% 组合69.2 撤-31.8%,10009笔 每天27.88 胜71% PF0.9399999976158142 均-0.09% 组合45.8 撤-55.6%,0.76,10.69,-0.131,0.0
全部币,S_D145_0.02|none,止盈3% 止损8% 48h,1,False,825笔 每天1.09 胜73% PF1.0099999904632568 均+0.02% 组合100.1 撤-23.9%,956笔 每天2.66 胜68% PF0.7900000214576721 均-0.54% 组合60.4 撤-40.9%,8896笔 每天24.78 胜73% PF0.9800000190734863 均-0.04% 组合94.8 撤-41.5%,0.79,9.51,-0.184,0.0
全部币,S_D145_0.02|none,止盈5% 止损11% 72h,2,False,732笔 每天0.97 胜71% PF1.159999966621399 均+0.46% 组合131.8 撤-20.6%,825笔 每天2.3 胜65% PF0.8500000238418579 均-0.56% 组合57.7 撤-44.6%,7621笔 每天21.23 胜70% PF1.059999942779541 均+0.21% 组合423.6 撤-29.4%,0.85,8.17,0.036,0.0
全部币,S_D145_0.02|none,止盈1.5% 止损3% 12h,3,False,962笔 每天1.27 胜69% PF0.9900000095367432 均-0.01% 组合98.6 撤-14.1%,1152笔 每天3.21 胜63% PF0.7799999713897705 均-0.26% 组合78.6 撤-24.4%,10746笔 每天29.93 胜64% PF0.8199999928474426 均-0.20% 组合12.8 撤-87.3%,0.78,11.47,-0.155,0.0
