sym,sig,t_in,t_out,R,F0,F1,F2,F3
1000000BOBUSDT,2025-08-29 12:00:00,2025-08-29 16:00:00,2025-09-06 12:00:00,0.5500566371681423,True,True,True,False
1000000BOBUSDT,2025-09-09 00:00:00,2025-09-09 04:00:00,2025-09-11 04:00:00,-1.0226510638297874,True,True,True,False
1000000BOBUSDT,2025-09-19 16:00:00,2025-09-19 20:00:00,2025-09-20 20:00:00,-1.0150684989429177,True,True,False,False
1000000BOBUSDT,2025-11-28 16:00:00,2025-11-28 20:00:00,2025-12-01 12:00:00,1.9871545454545454,True,True,True,False
1000000BOBUSDT,2025-12-07 20:00:00,2025-12-08 00:00:00,2025-12-08 00:00:00,-1.0260656488549618,True,True,True,False
1000000BOBUSDT,2025-12-10 20:00:00,2025-12-11 00:00:00,2025-12-14 08:00:00,1.9885935828877004,True,True,True,False
1000000BOBUSDT,2025-12-17 20:00:00,2025-12-18 00:00:00,2025-12-25 16:00:00,-1.0171013888888891,True,True,True,False
1000000BOBUSDT,2026-01-10 20:00:00,2026-01-11 00:00:00,2026-01-18 20:00:00,0.3919379679144387,True,True,False,False
1000000BOBUSDT,2026-01-24 16:00:00,2026-01-24 20:00:00,2026-01-31 12:00:00,1.988381818181818,True,True,True,False
1000000BOBUSDT,2026-02-10 16:00:00,2026-02-10 20:00:00,2026-02-12 04:00:00,-1.0239555555555555,True,True,True,False
1000000BOBUSDT,2026-02-18 16:00:00,2026-02-18 20:00:00,2026-02-24 04:00:00,1.9846526315789472,True,True,True,False
1000000BOBUSDT,2026-03-13 08:00:00,2026-03-13 12:00:00,2026-03-17 08:00:00,1.9718365853658533,True,True,True,False
1000000BOBUSDT,2026-03-20 16:00:00,2026-03-20 20:00:00,2026-03-22 16:00:00,-1.022930303030303,True,True,True,False
1000000BOBUSDT,2026-04-27 12:00:00,2026-04-27 16:00:00,2026-04-30 16:00:00,1.9859999999999998,True,False,False,False
1000000BOBUSDT,2026-05-12 12:00:00,2026-05-12 16:00:00,2026-05-15 12:00:00,1.9875919117647056,True,False,False,False
1000000BOBUSDT,2026-05-26 00:00:00,2026-05-26 04:00:00,2026-05-29 00:00:00,1.9851402173913042,True,False,False,False
1000000BOBUSDT,2026-06-04 00:00:00,2026-06-04 04:00:00,2026-06-12 00:00:00,0.818335652173912,True,True,True,False
1000000BOBUSDT,2026-06-14 12:00:00,2026-06-14 16:00:00,2026-06-21 16:00:00,-1.0146820512820514,True,True,True,False
1000000BOBUSDT,2026-07-11 20:00:00,2026-07-12 00:00:00,2026-07-19 20:00:00,1.0723816666666672,True,False,False,False
1000000BOBUSDT,2026-07-27 12:00:00,2026-07-27 16:00:00,2026-08-01 04:00:00,-1.0205380000000002,True,False,False,False
1000000BOBUSDT,2026-08-14 08:00:00,2026-08-14 12:00:00,2026-08-15 12:00:00,-1.0337473684210525,True,False,False,False
1000000BOBUSDT,2026-08-17 12:00:00,2026-08-17 16:00:00,2026-08-22 04:00:00,-1.0169127516778524,True,False,False,False
1000000MOGUSDT,2024-11-20 12:00:00,2024-11-20 16:00:00,2024-11-21 08:00:00,-1.015881795511222,True,False,False,False
1000000MOGUSDT,2024-12-09 16:00:00,2024-12-09 20:00:00,2024-12-12 16:00:00,1.9894327130264444,True,False,False,False
1000000MOGUSDT,2025-01-12 20:00:00,2025-01-13 00:00:00,2025-01-14 08:00:00,-1.0227614906832299,True,True,True,False
1000000MOGUSDT,2025-03-31 04:00:00,2025-03-31 08:00:00,2025-04-01 08:00:00,-1.0209578947368423,True,True,True,False
1000000MOGUSDT,2025-06-02 08:00:00,2025-06-02 12:00:00,2025-06-02 20:00:00,-1.0144705052878966,True,False,True,False
1000000MOGUSDT,2025-08-18 00:00:00,2025-08-18 04:00:00,2025-08-26 00:00:00,1.9900425343811394,True,True,False,False
1000000MOGUSDT,2025-08-31 20:00:00,2025-09-01 00:00:00,2025-09-08 12:00:00,-1.0184954330708662,True,True,True,False
1000000MOGUSDT,2025-09-25 08:00:00,2025-09-25 12:00:00,2025-09-29 12:00:00,-1.0141817619783617,True,True,True,False
1000000MOGUSDT,2025-12-12 12:00:00,2025-12-12 16:00:00,2025-12-17 16:00:00,1.988117326732673,True,True,True,False
1000000MOGUSDT,2025-12-24 04:00:00,2025-12-24 08:00:00,2025-12-27 16:00:00,-1.0165264367816094,True,True,True,False
1000000MOGUSDT,2025-12-31 16:00:00,2025-12-31 20:00:00,2026-01-01 16:00:00,-1.0263033898305085,True,True,True,False
1000000MOGUSDT,2026-01-18 20:00:00,2026-01-19 00:00:00,2026-01-25 16:00:00,1.9909806451612901,True,False,False,False
1000000MOGUSDT,2026-02-11 04:00:00,2026-02-11 08:00:00,2026-02-14 12:00:00,-1.015438888888889,True,True,True,False
1000000MOGUSDT,2026-02-18 16:00:00,2026-02-18 20:00:00,2026-02-25 16:00:00,-1.0209132743362834,True,True,True,False
1000000MOGUSDT,2026-03-21 20:00:00,2026-03-22 00:00:00,2026-03-23 08:00:00,-1.041496,True,True,False,False
1000000MOGUSDT,2026-03-26 08:00:00,2026-03-26 12:00:00,2026-04-03 08:00:00,0.42832481203007416,True,True,False,False
1000000MOGUSDT,2026-04-03 16:00:00,2026-04-03 20:00:00,2026-04-07 20:00:00,-1.021302272727273,True,True,False,False
1000000MOGUSDT,2026-04-12 00:00:00,2026-04-12 04:00:00,2026-04-13 20:00:00,-1.0192168421052634,True,True,False,False
1000000MOGUSDT,2026-04-25 16:00:00,2026-04-25 20:00:00,2026-05-03 16:00:00,-0.46866129032258036,True,False,False,False
1000000MOGUSDT,2026-05-12 12:00:00,2026-05-12 16:00:00,2026-05-17 20:00:00,1.988553125,True,False,False,False
1000000MOGUSDT,2026-05-22 16:00:00,2026-05-22 20:00:00,2026-05-30 16:00:00,0.5561717171717188,True,True,False,False
1000000MOGUSDT,2026-06-04 00:00:00,2026-06-04 04:00:00,2026-06-06 04:00:00,1.9884483516483515,True,True,True,False
1000000MOGUSDT,2026-06-14 12:00:00,2026-06-14 16:00:00,2026-06-14 20:00:00,-1.0330088888888889,True,True,True,False
1000000MOGUSDT,2026-06-18 00:00:00,2026-06-18 04:00:00,2026-06-26 00:00:00,1.0909673913043478,True,True,False,False
1000000MOGUSDT,2026-07-13 00:00:00,2026-07-13 04:00:00,2026-07-14 12:00:00,-1.022851612903226,True,True,False,False
1000000MOGUSDT,2026-07-24 12:00:00,2026-07-24 16:00:00,2026-07-26 04:00:00,-1.0204567164179106,True,True,False,False
1000000MOGUSDT,2026-07-31 20:00:00,2026-08-01 00:00:00,2026-08-03 12:00:00,-1.0288638297872341,True,True,False,False
1000000MOGUSDT,2026-08-12 16:00:00,2026-08-12 20:00:00,2026-08-20 08:00:00,-1.0193861111111113,True,True,False,False
1000CATUSDT,2024-12-14 08:00:00,2024-12-14 12:00:00,2024-12-16 12:00:00,-1.0204409893992934,True,False,False,False
1000CATUSDT,2024-12-29 12:00:00,2024-12-29 16:00:00,2025-01-03 16:00:00,-1.021853811659193,True,True,True,False
1000CATUSDT,2025-01-13 00:00:00,2025-01-13 04:00:00,2025-01-15 12:00:00,-1.0175862068965518,True,True,True,False
1000CATUSDT,2025-03-20 08:00:00,2025-03-20 12:00:00,2025-03-24 20:00:00,-1.0226978723404254,True,True,True,False
1000CATUSDT,2025-03-31 20:00:00,2025-04-01 00:00:00,2025-04-02 20:00:00,1.9863243902439023,True,True,True,False
1000CATUSDT,2025-04-06 12:00:00,2025-04-06 16:00:00,2025-04-12 12:00:00,-1.0159727272727275,True,True,True,False
1000CATUSDT,2025-04-15 16:00:00,2025-04-15 20:00:00,2025-04-19 20:00:00,-1.0188820512820516,True,True,True,False
1000CATUSDT,2025-05-06 08:00:00,2025-05-06 12:00:00,2025-05-08 08:00:00,-1.014412914485166,True,True,False,False
1000CATUSDT,2025-05-25 04:00:00,2025-05-25 08:00:00,2025-05-30 16:00:00,1.9875863563402887,True,False,False,False
1000CATUSDT,2025-07-08 00:00:00,2025-07-08 04:00:00,2025-07-09 16:00:00,-1.015725418060201,True,True,True,False
1000CATUSDT,2025-08-29 08:00:00,2025-08-29 12:00:00,2025-08-30 08:00:00,-1.0206520547945208,True,True,True,False
1000CATUSDT,2025-09-25 08:00:00,2025-09-25 12:00:00,2025-09-27 16:00:00,-1.017746083788707,True,True,True,False
1000CATUSDT,2025-09-30 12:00:00,2025-09-30 16:00:00,2025-10-01 08:00:00,-1.0196694214876034,True,True,True,False
1000CATUSDT,2025-11-17 16:00:00,2025-11-17 20:00:00,2025-11-25 16:00:00,0.43375404530744444,True,True,True,False
1000CATUSDT,2025-12-14 08:00:00,2025-12-14 12:00:00,2025-12-18 00:00:00,1.985604736842105,True,True,True,False
1000CATUSDT,2026-01-25 00:00:00,2026-01-25 04:00:00,2026-01-25 16:00:00,1.9752316326530608,True,True,True,False
1000CATUSDT,2026-02-05 00:00:00,2026-02-05 04:00:00,2026-02-06 00:00:00,1.9903298913043477,True,True,True,False
1000CATUSDT,2026-02-10 16:00:00,2026-02-10 20:00:00,2026-02-12 08:00:00,-1.0237057692307692,True,True,True,False
1000CATUSDT,2026-02-18 16:00:00,2026-02-18 20:00:00,2026-02-26 16:00:00,0.37917191011235984,True,True,True,False
1000CATUSDT,2026-02-27 16:00:00,2026-02-27 20:00:00,2026-03-04 08:00:00,-1.022907843137255,True,True,True,False
1000CATUSDT,2026-03-26 04:00:00,2026-03-26 08:00:00,2026-04-03 04:00:00,0.3719519230769236,True,True,False,False
1000CATUSDT,2026-04-04 08:00:00,2026-04-04 12:00:00,2026-04-05 20:00:00,-1.0192250000000003,True,True,False,False
1000CATUSDT,2026-04-11 20:00:00,2026-04-12 00:00:00,2026-04-13 16:00:00,-1.0303763157894736,True,False,False,False
1000CATUSDT,2026-04-27 04:00:00,2026-04-27 08:00:00,2026-04-28 20:00:00,-1.0231381818181817,True,False,False,False
1000CATUSDT,2026-05-12 12:00:00,2026-05-12 16:00:00,2026-05-13 04:00:00,-1.0225938461538462,True,False,False,False
1000CATUSDT,2026-05-13 12:00:00,2026-05-13 16:00:00,2026-05-21 12:00:00,0.8452404145077723,True,False,False,False
1000CATUSDT,2026-06-14 12:00:00,2026-06-14 16:00:00,2026-06-14 20:00:00,-1.0547105263157894,True,True,True,False
1000CATUSDT,2026-06-22 20:00:00,2026-06-23 00:00:00,2026-06-24 16:00:00,1.981869565217391,True,True,False,False
1000CATUSDT,2026-07-06 04:00:00,2026-07-06 08:00:00,2026-07-06 16:00:00,-1.0293784615384616,True,True,False,False
1000CATUSDT,2026-07-08 00:00:00,2026-07-08 04:00:00,2026-07-16 00:00:00,0.18230862068965537,True,True,False,False
1000CATUSDT,2026-07-23 20:00:00,2026-07-24 00:00:00,2026-07-25 16:00:00,-1.0230641025641025,True,True,False,False
1000CATUSDT,2026-07-29 16:00:00,2026-07-29 20:00:00,2026-07-30 00:00:00,-1.0340307692307693,True,True,False,False
1000CATUSDT,2026-08-18 00:00:00,2026-08-18 04:00:00,2026-08-19 20:00:00,-1.021314018691589,True,False,False,False
1000CHEEMSUSDT,2025-01-13 00:00:00,2025-01-13 04:00:00,2025-01-13 16:00:00,1.990275732217573,True,False,True,False
1000CHEEMSUSDT,2025-01-24 00:00:00,2025-01-24 04:00:00,2025-01-24 08:00:00,-1.0168000000000001,True,True,True,False
1000CHEEMSUSDT,2025-03-10 16:00:00,2025-03-10 20:00:00,2025-03-11 20:00:00,-1.0174110169491526,True,False,True,False
1000CHEEMSUSDT,2025-05-03 04:00:00,2025-05-03 08:00:00,2025-05-04 00:00:00,-1.0216335540838855,True,True,False,False
1000CHEEMSUSDT,2025-05-17 00:00:00,2025-05-17 04:00:00,2025-05-25 00:00:00,0.6465963414634162,True,False,False,False
1000CHEEMSUSDT,2025-05-28 08:00:00,2025-05-28 12:00:00,2025-05-31 04:00:00,1.982710061349693,True,False,False,False
1000CHEEMSUSDT,2025-06-06 16:00:00,2025-06-06 20:00:00,2025-06-10 00:00:00,-1.023065,True,True,True,False
1000CHEEMSUSDT,2025-06-19 04:00:00,2025-06-19 08:00:00,2025-06-22 12:00:00,1.9827379533678755,True,True,True,False
1000CHEEMSUSDT,2025-07-01 12:00:00,2025-07-01 16:00:00,2025-07-03 04:00:00,-1.0262625165562913,True,True,True,False
1000CHEEMSUSDT,2025-07-07 04:00:00,2025-07-07 08:00:00,2025-07-11 08:00:00,-1.0282746705710102,True,True,True,False
1000CHEEMSUSDT,2025-07-20 20:00:00,2025-07-21 00:00:00,2025-07-28 20:00:00,0.5443665835411468,True,False,False,False
1000CHEEMSUSDT,2025-07-29 12:00:00,2025-07-29 16:00:00,2025-07-29 16:00:00,-1.0200011061946905,True,True,False,False
1000CHEEMSUSDT,2025-08-14 20:00:00,2025-08-15 00:00:00,2025-08-16 00:00:00,-1.0184970133882596,True,True,False,False
1000CHEEMSUSDT,2025-09-19 08:00:00,2025-09-19 12:00:00,2025-09-21 04:00:00,-1.0287801346801346,True,False,False,False
1000CHEEMSUSDT,2025-09-22 04:00:00,2025-09-22 08:00:00,2025-09-30 04:00:00,1.1964847549909252,True,False,False,False
1000CHEEMSUSDT,2025-10-23 08:00:00,2025-10-23 12:00:00,2025-10-27 00:00:00,-1.0188503401360547,True,False,True,False
1000CHEEMSUSDT,2025-10-29 12:00:00,2025-10-29 16:00:00,2025-11-03 12:00:00,1.981295882352941,True,False,True,False
1000CHEEMSUSDT,2025-11-09 00:00:00,2025-11-09 04:00:00,2025-11-17 00:00:00,-0.32810803858520804,True,True,True,False
1000CHEEMSUSDT,2025-11-19 00:00:00,2025-11-19 04:00:00,2025-11-19 12:00:00,1.9841509601181682,True,True,True,False
1000CHEEMSUSDT,2025-11-26 08:00:00,2025-11-26 12:00:00,2025-11-27 12:00:00,-1.0367096470588235,True,True,True,False
1000CHEEMSUSDT,2025-12-02 00:00:00,2025-12-02 04:00:00,2025-12-03 04:00:00,-1.0150062893081762,True,True,True,False
1000CHEEMSUSDT,2025-12-08 12:00:00,2025-12-08 16:00:00,2025-12-15 12:00:00,1.9893270691333982,True,True,True,False
1000CHEEMSUSDT,2025-12-15 16:00:00,2025-12-15 20:00:00,2025-12-23 16:00:00,0.8062879725085897,True,True,True,False
1000CHEEMSUSDT,2025-12-30 04:00:00,2025-12-30 08:00:00,2026-01-04 08:00:00,-1.0305466063348416,True,True,True,False
1000CHEEMSUSDT,2026-01-25 12:00:00,2026-01-25 16:00:00,2026-01-27 16:00:00,-1.01689,True,True,True,False
1000CHEEMSUSDT,2026-02-09 04:00:00,2026-02-09 08:00:00,2026-02-12 04:00:00,-1.0200027932960896,True,True,True,False
1000CHEEMSUSDT,2026-02-17 04:00:00,2026-02-17 08:00:00,2026-02-21 04:00:00,-1.0296871794871794,True,True,True,False
1000CHEEMSUSDT,2026-03-07 08:00:00,2026-03-07 12:00:00,2026-03-09 12:00:00,-1.0196676737160122,True,True,True,False
1000CHEEMSUSDT,2026-04-05 04:00:00,2026-04-05 08:00:00,2026-04-05 20:00:00,-1.0164720720720721,True,True,False,False
1000CHEEMSUSDT,2026-05-12 04:00:00,2026-05-12 08:00:00,2026-05-20 04:00:00,0.8917876237623755,True,False,False,False
1000CHEEMSUSDT,2026-06-04 00:00:00,2026-06-04 04:00:00,2026-06-12 00:00:00,0.11186350515463774,True,True,True,False
1000CHEEMSUSDT,2026-06-15 16:00:00,2026-06-15 20:00:00,2026-06-23 04:00:00,1.9865710526315787,True,True,True,False
1000CHEEMSUSDT,2026-06-24 12:00:00,2026-06-24 16:00:00,2026-06-26 16:00:00,-1.0190578034682083,True,True,True,False
1000CHEEMSUSDT,2026-07-08 00:00:00,2026-07-08 04:00:00,2026-07-16 00:00:00,0.03622564102564063,True,True,False,False
1000CHEEMSUSDT,2026-07-23 16:00:00,2026-07-23 20:00:00,2026-07-28 04:00:00,-1.034463829787234,True,True,False,False
1000CHEEMSUSDT,2026-08-05 20:00:00,2026-08-06 00:00:00,2026-08-08 12:00:00,-1.0208880000000002,True,False,False,False
1000CHEEMSUSDT,2026-08-12 04:00:00,2026-08-12 08:00:00,2026-08-20 04:00:00,-0.6065267759562875,True,False,False,False
1000LUNCUSDT,2024-09-18 12:00:00,2024-09-18 16:00:00,2024-09-18 20:00:00,-1.0251936218678814,True,False,False,True
1000LUNCUSDT,2024-09-22 12:00:00,2024-09-22 16:00:00,2024-09-24 08:00:00,-1.0366553459119496,True,False,False,False
1000LUNCUSDT,2024-10-23 08:00:00,2024-10-23 12:00:00,2024-10-31 00:00:00,-1.0171580952380954,True,False,False,False
1000LUNCUSDT,2024-11-02 12:00:00,2024-11-02 16:00:00,2024-11-06 20:00:00,-1.0248863543788187,True,False,True,False
1000LUNCUSDT,2024-11-20 16:00:00,2024-11-20 20:00:00,2024-11-21 16:00:00,-1.0149318885448917,True,False,False,False
1000LUNCUSDT,2024-12-14 16:00:00,2024-12-14 20:00:00,2024-12-15 08:00:00,-1.026978947368421,True,False,False,False
1000LUNCUSDT,2024-12-17 12:00:00,2024-12-17 16:00:00,2024-12-18 20:00:00,1.9852207474226802,True,False,False,False
1000LUNCUSDT,2024-12-29 20:00:00,2024-12-30 00:00:00,2025-01-03 12:00:00,-1.0271683655536028,True,True,True,False
1000LUNCUSDT,2025-01-07 12:00:00,2025-01-07 16:00:00,2025-01-15 12:00:00,0.8493034734917728,True,True,True,False
1000LUNCUSDT,2025-01-18 04:00:00,2025-01-18 08:00:00,2025-01-23 20:00:00,1.9901697674418604,True,True,True,False
1000LUNCUSDT,2025-01-25 04:00:00,2025-01-25 08:00:00,2025-02-02 00:00:00,1.9852057851239668,True,True,True,False
1000LUNCUSDT,2025-02-16 04:00:00,2025-02-16 08:00:00,2025-02-24 04:00:00,1.233912333965846,True,True,True,False
1000LUNCUSDT,2025-02-28 00:00:00,2025-02-28 04:00:00,2025-03-02 16:00:00,-1.0148043046357618,True,True,True,False
1000LUNCUSDT,2025-03-28 04:00:00,2025-03-28 08:00:00,2025-04-05 04:00:00,0.5501973898858086,True,True,True,False
1000LUNCUSDT,2025-04-06 20:00:00,2025-04-07 00:00:00,2025-04-12 12:00:00,-1.0151620553359686,True,True,True,False
1000LUNCUSDT,2025-04-15 16:00:00,2025-04-15 20:00:00,2025-04-19 16:00:00,-1.0250775,True,True,True,False
1000LUNCUSDT,2025-04-29 20:00:00,2025-04-30 00:00:00,2025-05-02 04:00:00,-1.0256271903323262,True,False,False,False
1000LUNCUSDT,2025-05-06 08:00:00,2025-05-06 12:00:00,2025-05-08 00:00:00,-1.0285262411347518,True,True,False,False
1000LUNCUSDT,2025-05-13 00:00:00,2025-05-13 04:00:00,2025-05-13 20:00:00,-1.0156604095563142,True,False,False,False
1000LUNCUSDT,2025-05-17 00:00:00,2025-05-17 04:00:00,2025-05-22 00:00:00,-1.0302146341463414,True,False,False,False
1000LUNCUSDT,2025-05-30 00:00:00,2025-05-30 04:00:00,2025-06-07 00:00:00,-0.02744836852207247,True,True,False,False
1000LUNCUSDT,2025-06-17 08:00:00,2025-06-17 12:00:00,2025-06-21 20:00:00,1.9821033783783781,True,True,True,False
1000LUNCUSDT,2025-07-23 12:00:00,2025-07-23 16:00:00,2025-07-31 12:00:00,1.120294562647755,True,False,False,False
1000LUNCUSDT,2025-08-02 12:00:00,2025-08-02 16:00:00,2025-08-08 00:00:00,-1.0181427272727275,True,True,False,False
1000LUNCUSDT,2025-08-11 08:00:00,2025-08-11 12:00:00,2025-08-16 08:00:00,-1.0277437908496732,True,False,False,False
1000LUNCUSDT,2025-09-15 04:00:00,2025-09-15 08:00:00,2025-09-18 16:00:00,-1.02362,True,False,False,False
1000LUNCUSDT,2025-09-22 00:00:00,2025-09-22 04:00:00,2025-09-25 12:00:00,1.9765636771300445,True,True,False,False
1000LUNCUSDT,2025-09-30 12:00:00,2025-09-30 16:00:00,2025-10-01 08:00:00,-1.0329777777777778,True,True,True,False
1000LUNCUSDT,2025-10-04 08:00:00,2025-10-04 12:00:00,2025-10-10 12:00:00,1.9760014354066984,True,True,True,False
1000LUNCUSDT,2025-10-30 08:00:00,2025-10-30 12:00:00,2025-11-03 12:00:00,1.98386694214876,True,True,True,False
1000LUNCUSDT,2025-11-04 16:00:00,2025-11-04 20:00:00,2025-11-12 16:00:00,0.9704526011560708,True,True,True,False
1000LUNCUSDT,2025-11-16 12:00:00,2025-11-16 16:00:00,2025-11-17 08:00:00,-1.0173075697211156,True,True,True,False
1000LUNCUSDT,2025-11-20 16:00:00,2025-11-20 20:00:00,2025-11-28 16:00:00,0.1900950413223141,True,True,True,False
1000LUNCUSDT,2025-12-23 00:00:00,2025-12-23 04:00:00,2025-12-31 00:00:00,0.442575075987841,True,False,True,False
1000LUNCUSDT,2026-01-15 20:00:00,2026-01-16 00:00:00,2026-01-23 20:00:00,1.3572080882352926,True,False,False,False
1000LUNCUSDT,2026-01-29 12:00:00,2026-01-29 16:00:00,2026-01-30 16:00:00,-1.0246087378640776,True,True,True,False
1000LUNCUSDT,2026-02-09 08:00:00,2026-02-09 12:00:00,2026-02-15 08:00:00,-1.0211424778761065,True,True,True,False
1000LUNCUSDT,2026-03-06 12:00:00,2026-03-06 16:00:00,2026-03-14 12:00:00,0.06972524752475244,True,False,True,False
1000LUNCUSDT,2026-03-18 16:00:00,2026-03-18 20:00:00,2026-03-22 20:00:00,1.9826240566037734,True,False,False,False
1000LUNCUSDT,2026-03-26 04:00:00,2026-03-26 08:00:00,2026-04-03 04:00:00,0.8078597938144294,True,False,False,False
1000LUNCUSDT,2026-04-07 12:00:00,2026-04-07 16:00:00,2026-04-07 20:00:00,-1.029309411764706,True,True,False,False
1000LUNCUSDT,2026-06-04 00:00:00,2026-06-04 04:00:00,2026-06-06 00:00:00,1.9877679358717433,True,True,True,False
1000LUNCUSDT,2026-06-10 08:00:00,2026-06-10 12:00:00,2026-06-11 20:00:00,-1.0194907597535936,True,True,True,False
1000LUNCUSDT,2026-06-21 20:00:00,2026-06-22 00:00:00,2026-06-24 16:00:00,1.983111614730878,True,True,True,False
1000LUNCUSDT,2026-06-30 08:00:00,2026-06-30 12:00:00,2026-07-03 12:00:00,-1.021099745547074,True,True,True,False
1000LUNCUSDT,2026-07-08 12:00:00,2026-07-08 16:00:00,2026-07-16 12:00:00,-0.10718185053380787,True,True,False,False
1000LUNCUSDT,2026-07-19 16:00:00,2026-07-19 20:00:00,2026-07-21 12:00:00,-1.0320918699186992,True,True,False,False
1000LUNCUSDT,2026-07-23 20:00:00,2026-07-24 00:00:00,2026-07-31 20:00:00,1.2992990740740749,True,True,False,False
1000LUNCUSDT,2026-08-06 00:00:00,2026-08-06 04:00:00,2026-08-09 04:00:00,-1.051497014925373,True,True,False,False
1000LUNCUSDT,2026-08-18 00:00:00,2026-08-18 04:00:00,2026-08-19 04:00:00,-1.0350602150537636,True,True,False,False
1000RATSUSDT,2024-12-14 12:00:00,2024-12-14 16:00:00,2024-12-18 20:00:00,1.9884133333333331,True,True,False,False
1000RATSUSDT,2025-05-25 12:00:00,2025-05-25 16:00:00,2025-05-28 08:00:00,-1.017886206896552,True,True,False,False
1000RATSUSDT,2025-06-20 16:00:00,2025-06-20 20:00:00,2025-06-23 20:00:00,-1.0228333333333335,True,True,True,False
1000RATSUSDT,2025-07-23 12:00:00,2025-07-23 16:00:00,2025-07-24 04:00:00,1.988422222222222,True,False,False,False
1000RATSUSDT,2025-07-28 16:00:00,2025-07-28 20:00:00,2025-08-05 16:00:00,1.7359562499999979,True,True,False,False
1000RATSUSDT,2025-09-22 00:00:00,2025-09-22 04:00:00,2025-09-23 04:00:00,-1.0154684782608696,True,False,False,False
1000RATSUSDT,2025-10-07 04:00:00,2025-10-07 08:00:00,2025-10-08 00:00:00,-1.0210162790697677,True,False,False,False
1000RATSUSDT,2025-10-09 08:00:00,2025-10-09 12:00:00,2025-10-10 20:00:00,1.9901969827586206,True,False,True,False
1000RATSUSDT,2025-11-20 16:00:00,2025-11-20 20:00:00,2025-11-22 00:00:00,1.989792682926829,True,False,True,False
1000RATSUSDT,2025-11-29 16:00:00,2025-11-29 20:00:00,2025-12-01 08:00:00,1.9847255924170615,True,False,True,False
1000RATSUSDT,2026-01-22 20:00:00,2026-01-23 00:00:00,2026-01-27 04:00:00,-1.0151389830508475,True,False,True,False
1000RATSUSDT,2026-05-04 08:00:00,2026-05-04 12:00:00,2026-05-09 08:00:00,-1.0200488549618323,True,True,False,False
1000RATSUSDT,2026-05-12 12:00:00,2026-05-12 16:00:00,2026-05-20 12:00:00,1.0787525316455677,True,True,False,False
1000RATSUSDT,2026-05-24 20:00:00,2026-05-25 00:00:00,2026-05-31 16:00:00,-1.0186495934959352,True,True,False,False
1000RATSUSDT,2026-07-17 16:00:00,2026-07-17 20:00:00,2026-07-25 16:00:00,0.8888574468085106,True,True,False,False
1000RATSUSDT,2026-07-28 12:00:00,2026-07-28 16:00:00,2026-07-28 20:00:00,-1.0415223529411763,True,True,False,False
1000WHYUSDT,2024-12-29 20:00:00,2024-12-30 00:00:00,2025-01-04 00:00:00,-1.0203159090909093,True,False,True,False
1000WHYUSDT,2025-01-07 08:00:00,2025-01-07 12:00:00,2025-01-08 16:00:00,1.990353846153846,True,False,True,False
1000WHYUSDT,2025-01-11 12:00:00,2025-01-11 16:00:00,2025-01-16 12:00:00,-1.014912359550562,True,False,True,False
1000WHYUSDT,2025-03-31 04:00:00,2025-03-31 08:00:00,2025-04-06 16:00:00,1.9847972972972971,True,True,True,False
1000WHYUSDT,2025-04-16 20:00:00,2025-04-17 00:00:00,2025-04-20 08:00:00,1.9884340425531912,True,True,True,False
1000WHYUSDT,2025-05-20 16:00:00,2025-05-20 20:00:00,2025-05-21 16:00:00,-1.0274105263157896,True,True,False,False
1000WHYUSDT,2025-05-30 12:00:00,2025-05-30 16:00:00,2025-06-04 04:00:00,-1.0154823529411765,True,True,False,False
1000WHYUSDT,2025-06-11 08:00:00,2025-06-11 12:00:00,2025-06-17 16:00:00,1.9879192307692306,True,True,True,False
1000WHYUSDT,2025-07-04 12:00:00,2025-07-04 16:00:00,2025-07-06 20:00:00,-1.0164818181818183,True,True,True,False
1000WHYUSDT,2025-08-29 04:00:00,2025-08-29 08:00:00,2025-09-06 04:00:00,1.0361625000000017,True,True,True,False
1000WHYUSDT,2025-09-25 04:00:00,2025-09-25 08:00:00,2025-09-29 00:00:00,-1.0240470588235295,True,True,True,False
1000WHYUSDT,2025-09-30 12:00:00,2025-09-30 16:00:00,2025-10-02 16:00:00,-1.0146740740740743,True,True,True,False
1000WHYUSDT,2025-10-10 12:00:00,2025-10-10 16:00:00,2025-10-10 20:00:00,1.99088,True,False,True,False
1000WHYUSDT,2025-11-11 04:00:00,2025-11-11 08:00:00,2025-11-14 04:00:00,1.9905875,True,True,True,False
1000WHYUSDT,2025-11-28 00:00:00,2025-11-28 04:00:00,2025-12-06 00:00:00,0.31925555555555624,True,True,True,False
1000WHYUSDT,2025-12-14 20:00:00,2025-12-15 00:00:00,2025-12-22 20:00:00,1.059476923076925,True,True,True,False
1000WHYUSDT,2026-02-09 08:00:00,2026-02-09 12:00:00,2026-02-13 16:00:00,-1.0180444444444445,True,True,True,False
1000WHYUSDT,2026-02-18 16:00:00,2026-02-18 20:00:00,2026-02-23 00:00:00,1.9884,True,True,True,False
1000WHYUSDT,2026-02-27 16:00:00,2026-02-27 20:00:00,2026-03-01 00:00:00,-1.03024,True,True,True,False
1000XUSDT,2024-12-29 16:00:00,2024-12-29 20:00:00,2025-01-03 20:00:00,-1.022068756319515,True,False,True,False
1000XUSDT,2025-01-25 04:00:00,2025-01-25 08:00:00,2025-01-28 20:00:00,1.9898941747572814,True,True,True,False
1000XUSDT,2025-03-06 16:00:00,2025-03-06 20:00:00,2025-03-09 12:00:00,1.9856378640776697,True,True,True,False
1000XUSDT,2025-05-03 04:00:00,2025-05-03 08:00:00,2025-05-06 08:00:00,1.9783999999999997,True,False,False,False
1000XUSDT,2025-05-16 20:00:00,2025-05-17 00:00:00,2025-05-18 16:00:00,-1.0195562500000002,True,False,False,False
1000XUSDT,2025-06-04 16:00:00,2025-06-04 20:00:00,2025-06-12 16:00:00,0.967702826855124,True,True,True,False
1000XUSDT,2025-06-17 12:00:00,2025-06-17 16:00:00,2025-06-19 00:00:00,-1.0140665447897625,True,True,True,False
1000XUSDT,2025-07-23 12:00:00,2025-07-23 16:00:00,2025-07-31 12:00:00,1.6216135922330095,True,False,False,False
1000XUSDT,2025-08-01 00:00:00,2025-08-01 04:00:00,2025-08-08 12:00:00,-1.0180364963503652,True,True,False,False
1000XUSDT,2025-08-29 04:00:00,2025-08-29 08:00:00,2025-09-06 04:00:00,0.3556530503978782,True,True,True,False
1000XUSDT,2025-09-22 00:00:00,2025-09-22 04:00:00,2025-09-30 00:00:00,1.1233512195121926,True,True,False,False
1000XUSDT,2025-10-04 12:00:00,2025-10-04 16:00:00,2025-10-07 08:00:00,-1.0244411764705883,True,True,True,False
1000XUSDT,2025-10-08 00:00:00,2025-10-08 04:00:00,2025-10-10 20:00:00,1.9873173469387753,True,True,True,False
1000XUSDT,2025-10-30 12:00:00,2025-10-30 16:00:00,2025-10-31 04:00:00,-1.016504980842912,True,True,True,False
1MBABYDOGEUSDT,2024-10-23 04:00:00,2024-10-23 08:00:00,2024-10-25 20:00:00,1.9831718508997427,True,False,False,False
1MBABYDOGEUSDT,2024-11-18 16:00:00,2024-11-18 20:00:00,2024-11-23 08:00:00,-1.0143084112149534,True,True,False,False
1MBABYDOGEUSDT,2024-12-29 16:00:00,2024-12-29 20:00:00,2025-01-03 16:00:00,-1.0204537534754403,True,False,True,False
1MBABYDOGEUSDT,2025-01-13 04:00:00,2025-01-13 08:00:00,2025-01-15 16:00:00,-1.015695648464164,True,True,True,False
1MBABYDOGEUSDT,2025-02-17 16:00:00,2025-02-17 20:00:00,2025-02-21 12:00:00,-1.0191430962343098,True,True,True,False
1MBABYDOGEUSDT,2025-02-24 08:00:00,2025-02-24 12:00:00,2025-03-04 00:00:00,1.9909822406110755,True,True,True,False
1MBABYDOGEUSDT,2025-04-02 04:00:00,2025-04-02 08:00:00,2025-04-10 04:00:00,0.04351328806983494,True,True,True,False
1MBABYDOGEUSDT,2025-04-20 08:00:00,2025-04-20 12:00:00,2025-04-21 04:00:00,-1.0316664246823957,True,False,True,False
1MBABYDOGEUSDT,2025-04-30 12:00:00,2025-04-30 16:00:00,2025-05-08 08:00:00,-1.018370093457944,True,False,False,False
1MBABYDOGEUSDT,2025-05-17 00:00:00,2025-05-17 04:00:00,2025-05-18 12:00:00,-1.0171856287425152,True,False,False,False
1MBABYDOGEUSDT,2025-05-25 08:00:00,2025-05-25 12:00:00,2025-05-26 00:00:00,-1.0224152626362737,True,False,False,False
1MBABYDOGEUSDT,2025-05-29 16:00:00,2025-05-29 20:00:00,2025-06-05 20:00:00,1.9906441721854304,True,False,False,False
1MBABYDOGEUSDT,2025-06-21 16:00:00,2025-06-21 20:00:00,2025-06-23 20:00:00,-1.0234297339593115,True,True,True,False
1MBABYDOGEUSDT,2025-07-23 12:00:00,2025-07-23 16:00:00,2025-07-28 12:00:00,-1.0163553600000002,True,False,False,False
1MBABYDOGEUSDT,2025-08-19 00:00:00,2025-08-19 04:00:00,2025-08-22 16:00:00,-1.0263645454545454,True,True,False,False
1MBABYDOGEUSDT,2025-08-29 04:00:00,2025-08-29 08:00:00,2025-09-06 04:00:00,0.2859727109515265,True,True,True,False
1MBABYDOGEUSDT,2025-09-19 12:00:00,2025-09-19 16:00:00,2025-09-25 12:00:00,1.9862437499999999,True,False,False,False
1MBABYDOGEUSDT,2025-10-09 12:00:00,2025-10-09 16:00:00,2025-10-10 20:00:00,1.9904953625632376,True,False,True,False
1MBABYDOGEUSDT,2025-10-28 20:00:00,2025-10-29 00:00:00,2025-11-03 12:00:00,1.987950945945946,True,True,True,False
1MBABYDOGEUSDT,2025-11-11 16:00:00,2025-11-11 20:00:00,2025-11-19 16:00:00,1.8287718706047813,True,True,True,False
1MBABYDOGEUSDT,2025-11-21 00:00:00,2025-11-21 04:00:00,2025-11-27 00:00:00,-1.0159829508196723,True,True,True,False
1MBABYDOGEUSDT,2025-11-29 16:00:00,2025-11-29 20:00:00,2025-12-07 16:00:00,0.16036483825597883,True,True,True,False
1MBABYDOGEUSDT,2025-12-14 12:00:00,2025-12-14 16:00:00,2025-12-17 16:00:00,1.9803337837837836,True,True,True,False
1MBABYDOGEUSDT,2025-12-24 00:00:00,2025-12-24 04:00:00,2025-12-28 12:00:00,-1.0245749235474007,True,True,True,False
1MBABYDOGEUSDT,2026-01-07 12:00:00,2026-01-07 16:00:00,2026-01-15 12:00:00,-0.19970894308943082,True,False,False,False
1MBABYDOGEUSDT,2026-01-18 04:00:00,2026-01-18 08:00:00,2026-01-19 00:00:00,1.9805781758957652,True,False,False,False
1MBABYDOGEUSDT,2026-01-24 16:00:00,2026-01-24 20:00:00,2026-01-30 00:00:00,1.9815468749999998,True,True,True,False
1MBABYDOGEUSDT,2026-02-11 04:00:00,2026-02-11 08:00:00,2026-02-13 12:00:00,-1.0148040816326531,True,True,True,False
1MBABYDOGEUSDT,2026-02-17 12:00:00,2026-02-17 16:00:00,2026-02-25 12:00:00,-1.0234544680851063,True,True,True,False
1MBABYDOGEUSDT,2026-02-28 00:00:00,2026-02-28 04:00:00,2026-03-02 12:00:00,-1.0239687499999999,True,True,True,False
1MBABYDOGEUSDT,2026-03-26 08:00:00,2026-03-26 12:00:00,2026-04-03 08:00:00,0.3945922807017551,True,False,False,False
1MBABYDOGEUSDT,2026-04-12 00:00:00,2026-04-12 04:00:00,2026-04-13 20:00:00,-1.0249448598130841,True,True,False,False
1MBABYDOGEUSDT,2026-04-27 04:00:00,2026-04-27 08:00:00,2026-04-29 08:00:00,-1.0300557894736841,True,False,False,False
1MBABYDOGEUSDT,2026-05-15 12:00:00,2026-05-15 16:00:00,2026-05-23 12:00:00,1.3910693877551008,True,False,False,False
1MBABYDOGEUSDT,2026-05-28 00:00:00,2026-05-28 04:00:00,2026-05-30 12:00:00,-1.024294495412844,True,True,True,False
1MBABYDOGEUSDT,2026-06-04 00:00:00,2026-06-04 04:00:00,2026-06-05 16:00:00,1.986080769230769,True,True,True,False
1MBABYDOGEUSDT,2026-06-18 08:00:00,2026-06-18 12:00:00,2026-06-24 12:00:00,1.9825052631578945,True,True,False,False
1MBABYDOGEUSDT,2026-06-30 08:00:00,2026-06-30 12:00:00,2026-07-02 08:00:00,-1.0253346153846155,True,True,True,False
1MBABYDOGEUSDT,2026-07-07 20:00:00,2026-07-08 00:00:00,2026-07-11 08:00:00,-1.02629375,True,True,False,False
1MBABYDOGEUSDT,2026-07-17 04:00:00,2026-07-17 08:00:00,2026-07-25 04:00:00,0.31162208588956847,True,True,False,False
1MBABYDOGEUSDT,2026-08-16 00:00:00,2026-08-16 04:00:00,2026-08-19 12:00:00,-1.0558790123456792,True,False,False,False
42USDT,2025-12-07 12:00:00,2025-12-07 16:00:00,2025-12-08 00:00:00,-1.018400561797753,True,False,True,False
42USDT,2025-12-14 08:00:00,2025-12-14 12:00:00,2025-12-17 00:00:00,1.990043619489559,True,False,True,False
42USDT,2026-01-07 20:00:00,2026-01-08 00:00:00,2026-01-15 20:00:00,1.0228292682926838,True,True,False,False
4USDT,2026-01-25 08:00:00,2026-01-25 12:00:00,2026-01-27 16:00:00,-1.0147121387283238,True,True,True,False
4USDT,2026-03-14 04:00:00,2026-03-14 08:00:00,2026-03-18 12:00:00,1.9891804347826085,True,True,True,False
4USDT,2026-04-27 12:00:00,2026-04-27 16:00:00,2026-05-03 12:00:00,-1.016136082474227,True,True,False,False
4USDT,2026-05-22 12:00:00,2026-05-22 16:00:00,2026-05-26 04:00:00,1.9871165457184323,True,True,False,False
4USDT,2026-06-02 12:00:00,2026-06-02 16:00:00,2026-06-04 00:00:00,1.9907447432762835,True,True,False,False
4USDT,2026-07-19 12:00:00,2026-07-19 16:00:00,2026-07-26 16:00:00,-1.0156122340425533,True,True,False,False
4USDT,2026-07-29 04:00:00,2026-07-29 08:00:00,2026-07-30 12:00:00,-1.0142623962040334,True,False,False,False
A2ZUSDT,2025-08-19 12:00:00,2025-08-19 16:00:00,2025-08-20 12:00:00,-1.0168406250000002,True,False,False,False
A2ZUSDT,2025-09-22 00:00:00,2025-09-22 04:00:00,2025-09-22 16:00:00,1.9837717868338556,True,True,False,False
A2ZUSDT,2025-09-28 12:00:00,2025-09-28 16:00:00,2025-09-28 16:00:00,-1.0298137651821861,True,True,True,False
A2ZUSDT,2025-10-07 12:00:00,2025-10-07 16:00:00,2025-10-08 16:00:00,-1.0240429022082018,True,True,False,False
A2ZUSDT,2025-10-26 00:00:00,2025-10-26 04:00:00,2025-10-27 00:00:00,-1.0492697247706422,True,True,True,False
A2ZUSDT,2025-10-28 16:00:00,2025-10-28 20:00:00,2025-10-29 20:00:00,-1.0249841121495327,True,True,True,False
A2ZUSDT,2025-11-07 08:00:00,2025-11-07 12:00:00,2025-11-07 12:00:00,-1.0182464944649448,True,True,True,False
A2ZUSDT,2025-11-13 16:00:00,2025-11-13 20:00:00,2025-11-21 04:00:00,1.9901732558139533,True,True,True,False
A2ZUSDT,2025-11-28 20:00:00,2025-11-29 00:00:00,2025-11-30 12:00:00,-1.0331545454545454,True,True,True,False
A2ZUSDT,2025-12-08 16:00:00,2025-12-08 20:00:00,2025-12-15 16:00:00,1.9887251968503936,True,True,True,False
A2ZUSDT,2025-12-17 16:00:00,2025-12-17 20:00:00,2025-12-23 16:00:00,-1.0220795180722895,True,True,True,False
A2ZUSDT,2026-01-12 00:00:00,2026-01-12 04:00:00,2026-01-19 00:00:00,1.9860153846153845,True,True,False,False
A2ZUSDT,2026-01-25 08:00:00,2026-01-25 12:00:00,2026-01-29 12:00:00,1.9828249999999998,True,True,True,False
A2ZUSDT,2026-02-05 08:00:00,2026-02-05 12:00:00,2026-02-06 00:00:00,1.9891896551724138,True,True,True,False
A2ZUSDT,2026-02-18 08:00:00,2026-02-18 12:00:00,2026-02-23 00:00:00,1.9837826923076922,True,True,True,False
A2ZUSDT,2026-02-24 04:00:00,2026-02-24 08:00:00,2026-02-25 04:00:00,-1.0208703703703705,True,True,True,False
ACEUSDT,2024-09-15 20:00:00,2024-09-16 00:00:00,2024-09-18 00:00:00,-1.0179647199046484,True,False,False,True
ACEUSDT,2024-10-08 16:00:00,2024-10-08 20:00:00,2024-10-14 16:00:00,-1.0149928199791884,True,False,False,False
ACEUSDT,2024-11-20 00:00:00,2024-11-20 04:00:00,2024-11-21 16:00:00,-1.0144781893004116,True,False,False,False
ACEUSDT,2025-01-13 00:00:00,2025-01-13 04:00:00,2025-01-15 12:00:00,-1.021090165361184,True,True,True,False
ACEUSDT,2025-01-18 04:00:00,2025-01-18 08:00:00,2025-01-26 04:00:00,1.0362941307993285,True,True,True,False
ACEUSDT,2025-01-27 00:00:00,2025-01-27 04:00:00,2025-02-02 16:00:00,1.9909593665768193,True,True,True,False
ACEUSDT,2025-02-15 12:00:00,2025-02-15 16:00:00,2025-02-20 20:00:00,-1.015902137767221,True,True,True,False
ACEUSDT,2025-04-02 00:00:00,2025-04-02 04:00:00,2025-04-06 12:00:00,1.9884969365426695,True,True,True,False
ACEUSDT,2025-05-03 08:00:00,2025-05-03 12:00:00,2025-05-06 20:00:00,1.9904361809045226,True,False,False,False
ACEUSDT,2025-05-29 12:00:00,2025-05-29 16:00:00,2025-05-30 20:00:00,1.9901595925297113,True,False,False,False
ACEUSDT,2025-06-17 00:00:00,2025-06-17 04:00:00,2025-06-22 12:00:00,1.9898347560975609,True,True,True,False
ACEUSDT,2025-07-01 04:00:00,2025-07-01 08:00:00,2025-07-09 04:00:00,0.15998236658932566,True,True,True,False
ACEUSDT,2025-07-31 20:00:00,2025-08-01 00:00:00,2025-08-07 08:00:00,-1.0148628571428573,True,False,False,False
ACEUSDT,2025-09-01 12:00:00,2025-09-01 16:00:00,2025-09-09 12:00:00,-0.2614570194384441,True,True,True,False
ACEUSDT,2025-09-17 12:00:00,2025-09-17 16:00:00,2025-09-22 04:00:00,1.9872283618581905,True,False,False,False
ACEUSDT,2025-09-25 16:00:00,2025-09-25 20:00:00,2025-10-03 16:00:00,-1.0163202046035806,True,True,True,False
ACEUSDT,2025-10-07 12:00:00,2025-10-07 16:00:00,2025-10-09 16:00:00,-1.0160102564102567,True,True,False,False
ACEUSDT,2025-10-21 00:00:00,2025-10-21 04:00:00,2025-10-21 12:00:00,-1.0216189473684212,True,True,True,False
ACEUSDT,2025-11-17 16:00:00,2025-11-17 20:00:00,2025-11-20 12:00:00,-1.0144806866952791,True,True,True,False
ACEUSDT,2025-11-26 08:00:00,2025-11-26 12:00:00,2025-11-26 16:00:00,-1.0170333333333335,True,True,True,False
ACEUSDT,2025-12-04 20:00:00,2025-12-05 00:00:00,2025-12-05 20:00:00,-1.0291038461538462,True,True,True,False
ACEUSDT,2025-12-14 04:00:00,2025-12-14 08:00:00,2025-12-15 20:00:00,-1.021756,True,True,True,False
ACEUSDT,2025-12-18 16:00:00,2025-12-18 20:00:00,2025-12-19 08:00:00,-1.014194618834081,True,True,True,False
ACEUSDT,2026-01-29 00:00:00,2026-01-29 04:00:00,2026-01-31 16:00:00,1.9844882352941176,True,True,True,False
ACEUSDT,2026-03-05 16:00:00,2026-03-05 20:00:00,2026-03-10 16:00:00,-1.0261153846153845,True,True,True,False
ACEUSDT,2026-03-18 12:00:00,2026-03-18 16:00:00,2026-03-26 12:00:00,1.727238383838386,True,True,False,False
ACEUSDT,2026-04-23 00:00:00,2026-04-23 04:00:00,2026-04-24 00:00:00,-1.025832258064516,True,True,False,False
ACEUSDT,2026-04-27 12:00:00,2026-04-27 16:00:00,2026-04-29 00:00:00,-1.022138666666667,True,True,False,False
ACEUSDT,2026-04-30 16:00:00,2026-04-30 20:00:00,2026-05-03 08:00:00,-1.0162455445544556,True,True,False,False
ACEUSDT,2026-05-22 16:00:00,2026-05-22 20:00:00,2026-05-30 16:00:00,0.18660655737705095,True,True,False,False
ACEUSDT,2026-06-09 00:00:00,2026-06-09 04:00:00,2026-06-17 00:00:00,0.03921449275362338,True,True,True,False
ACEUSDT,2026-06-18 04:00:00,2026-06-18 08:00:00,2026-06-20 16:00:00,-1.0157725651577505,True,True,False,False
ACEUSDT,2026-06-30 08:00:00,2026-06-30 12:00:00,2026-07-01 20:00:00,-1.0231129032258064,True,True,True,False
ACEUSDT,2026-07-07 20:00:00,2026-07-08 00:00:00,2026-07-15 20:00:00,0.5173064718162834,True,True,False,False
ACEUSDT,2026-07-17 20:00:00,2026-07-18 00:00:00,2026-07-18 12:00:00,-1.0156171617161718,True,True,False,False
ACEUSDT,2026-07-30 04:00:00,2026-07-30 08:00:00,2026-08-05 00:00:00,-1.0148230171073096,True,True,False,False
ACXUSDT,2024-12-14 16:00:00,2024-12-14 20:00:00,2024-12-16 12:00:00,-1.0141105263157897,True,False,False,False
ACXUSDT,2025-01-07 04:00:00,2025-01-07 08:00:00,2025-01-07 20:00:00,1.9866867499999998,True,False,True,False
ACXUSDT,2025-02-01 12:00:00,2025-02-01 16:00:00,2025-02-02 16:00:00,1.9902329815303428,True,True,True,False
ACXUSDT,2025-02-15 20:00:00,2025-02-16 00:00:00,2025-02-23 20:00:00,1.5307955156950688,True,True,True,False
ACXUSDT,2025-03-09 08:00:00,2025-03-09 12:00:00,2025-03-09 16:00:00,1.9771129032258061,True,True,True,False
ACXUSDT,2025-03-26 12:00:00,2025-03-26 16:00:00,2025-03-28 16:00:00,1.9825108108108105,True,False,True,False
ACXUSDT,2025-03-31 04:00:00,2025-03-31 08:00:00,2025-04-06 12:00:00,1.987302994011976,True,True,True,False
ACXUSDT,2025-05-06 08:00:00,2025-05-06 12:00:00,2025-05-07 04:00:00,-1.0188014084507044,True,True,False,False
ACXUSDT,2025-05-16 20:00:00,2025-05-17 00:00:00,2025-05-21 20:00:00,-1.0237691176470587,True,False,False,False
ACXUSDT,2025-05-25 00:00:00,2025-05-25 04:00:00,2025-05-30 00:00:00,1.9830770491803276,True,False,False,False
ACXUSDT,2025-06-08 16:00:00,2025-06-08 20:00:00,2025-06-10 16:00:00,-1.0194747967479676,True,True,True,False
ACXUSDT,2025-06-16 20:00:00,2025-06-17 00:00:00,2025-06-21 20:00:00,1.9861467289719623,True,True,True,False
ACXUSDT,2025-08-29 04:00:00,2025-08-29 08:00:00,2025-09-06 04:00:00,1.8991877862595403,True,True,True,False
ACXUSDT,2025-09-17 12:00:00,2025-09-17 16:00:00,2025-09-18 08:00:00,-1.0204088888888891,True,True,False,False
ACXUSDT,2025-09-20 00:00:00,2025-09-20 04:00:00,2025-09-28 00:00:00,1.676351219512199,True,True,False,False
ACXUSDT,2025-10-07 12:00:00,2025-10-07 16:00:00,2025-10-10 20:00:00,1.9904,True,True,False,False
ACXUSDT,2025-10-21 04:00:00,2025-10-21 08:00:00,2025-10-29 04:00:00,1.5717441176470592,True,True,True,False
ACXUSDT,2025-11-03 08:00:00,2025-11-03 12:00:00,2025-11-07 04:00:00,-1.0155661431064573,True,True,True,False
ACXUSDT,2025-11-16 08:00:00,2025-11-16 12:00:00,2025-11-19 16:00:00,1.985212658227848,True,True,True,False
ACXUSDT,2025-11-26 08:00:00,2025-11-26 12:00:00,2025-11-27 04:00:00,-1.0217405263157897,True,True,True,False
ACXUSDT,2025-11-30 08:00:00,2025-11-30 12:00:00,2025-12-01 12:00:00,1.9833542319749213,True,True,True,False
ACXUSDT,2025-12-07 20:00:00,2025-12-08 00:00:00,2025-12-09 16:00:00,-1.026268918918919,True,True,True,False
ACXUSDT,2025-12-15 12:00:00,2025-12-15 16:00:00,2025-12-23 12:00:00,0.33299756097561084,True,True,True,False
ACXUSDT,2025-12-28 16:00:00,2025-12-28 20:00:00,2026-01-02 16:00:00,-1.0279059288537549,True,True,True,False
ACXUSDT,2026-01-11 12:00:00,2026-01-11 16:00:00,2026-01-13 16:00:00,-1.0271243445692884,True,True,False,False
ACXUSDT,2026-01-18 20:00:00,2026-01-19 00:00:00,2026-01-26 20:00:00,1.0708975369458142,True,False,False,False
ACXUSDT,2026-01-29 00:00:00,2026-01-29 04:00:00,2026-01-31 16:00:00,1.9832749999999997,True,True,True,False
ACXUSDT,2026-02-05 08:00:00,2026-02-05 12:00:00,2026-02-13 08:00:00,0.3625366771159856,True,True,True,False
ACXUSDT,2026-02-22 12:00:00,2026-02-22 16:00:00,2026-03-02 12:00:00,-0.04084728434504688,True,True,True,False
ACXUSDT,2026-03-07 00:00:00,2026-03-07 04:00:00,2026-03-11 12:00:00,-1.0166942446043168,True,True,True,False
ACXUSDT,2026-03-29 12:00:00,2026-03-29 16:00:00,2026-03-31 16:00:00,-1.0327898876404493,True,False,True,False
ACXUSDT,2026-04-09 20:00:00,2026-04-10 00:00:00,2026-04-15 16:00:00,-1.0227486590038315,True,False,False,False
ACXUSDT,2026-04-23 00:00:00,2026-04-23 04:00:00,2026-04-26 12:00:00,-1.0326260869565216,True,False,False,False
ACXUSDT,2026-04-29 16:00:00,2026-04-29 20:00:00,2026-05-04 00:00:00,-1.0239862903225805,True,False,False,False
ACXUSDT,2026-05-09 12:00:00,2026-05-09 16:00:00,2026-05-10 16:00:00,-1.0335176470588234,True,False,False,False
ACXUSDT,2026-05-12 08:00:00,2026-05-12 12:00:00,2026-05-20 08:00:00,1.7662637837837858,True,False,False,False
ACXUSDT,2026-05-21 08:00:00,2026-05-21 12:00:00,2026-05-29 08:00:00,-0.6213294117647071,True,True,False,False
ACXUSDT,2026-05-31 12:00:00,2026-05-31 16:00:00,2026-06-06 04:00:00,1.9721399999999996,True,True,True,False
ACXUSDT,2026-06-10 00:00:00,2026-06-10 04:00:00,2026-06-11 04:00:00,-1.0231314285714286,True,True,True,False
ACXUSDT,2026-06-16 08:00:00,2026-06-16 12:00:00,2026-06-24 08:00:00,0.7344451612903237,True,False,True,False
ACXUSDT,2026-06-24 20:00:00,2026-06-25 00:00:00,2026-06-26 12:00:00,-1.041342424242424,True,True,True,False
ACXUSDT,2026-07-05 08:00:00,2026-07-05 12:00:00,2026-07-06 12:00:00,1.9664610619469027,True,False,False,False
ACXUSDT,2026-07-12 00:00:00,2026-07-12 04:00:00,2026-07-14 20:00:00,-1.0640195652173914,True,False,False,False
ACXUSDT,2026-07-23 08:00:00,2026-07-23 12:00:00,2026-07-24 00:00:00,-1.1184571428571417,True,False,False,False
ACXUSDT,2026-07-30 00:00:00,2026-07-30 04:00:00,2026-07-30 12:00:00,-1.029504255319149,True,True,False,False
ACXUSDT,2026-08-02 04:00:00,2026-08-02 08:00:00,2026-08-03 00:00:00,1.9767261146496813,True,True,False,False
AGTUSDT,2025-07-17 16:00:00,2025-07-17 20:00:00,2025-07-20 16:00:00,1.989997614678899,True,True,False,False
AGTUSDT,2025-12-24 04:00:00,2025-12-24 08:00:00,2025-12-25 00:00:00,-1.0229172413793104,True,False,True,False
AGTUSDT,2026-01-08 08:00:00,2026-01-08 12:00:00,2026-01-13 16:00:00,-1.0238848484848484,True,False,False,False
AGTUSDT,2026-01-15 00:00:00,2026-01-15 04:00:00,2026-01-16 12:00:00,-1.0372938461538461,True,False,False,False
AGTUSDT,2026-01-18 08:00:00,2026-01-18 12:00:00,2026-01-19 00:00:00,1.9836074866310158,True,False,False,False
AGTUSDT,2026-01-22 04:00:00,2026-01-22 08:00:00,2026-01-25 04:00:00,-1.022574162679426,True,False,True,False
AGTUSDT,2026-02-19 00:00:00,2026-02-19 04:00:00,2026-02-20 12:00:00,-1.0154068126520683,True,False,True,False
AGTUSDT,2026-08-17 12:00:00,2026-08-17 16:00:00,2026-08-18 08:00:00,-1.0148154281670207,True,False,False,False
AI16ZUSDT,2025-08-21 16:00:00,2025-08-21 20:00:00,2025-08-22 12:00:00,-1.0161649484536084,True,True,False,False
AI16ZUSDT,2025-09-01 00:00:00,2025-09-01 04:00:00,2025-09-08 12:00:00,-1.0143574468085108,True,True,True,False
AI16ZUSDT,2025-09-21 20:00:00,2025-09-22 00:00:00,2025-09-22 04:00:00,1.9876474999999998,True,True,False,False
AIAUSDT,2026-02-28 04:00:00,2026-02-28 08:00:00,2026-03-02 12:00:00,-1.0143124842370745,True,True,True,False
AIAUSDT,2026-03-07 04:00:00,2026-03-07 08:00:00,2026-03-10 04:00:00,-1.0153274820143887,True,True,True,False
AIAUSDT,2026-03-14 12:00:00,2026-03-14 16:00:00,2026-03-19 08:00:00,-1.0159194736842105,True,True,True,False
AIAUSDT,2026-04-02 04:00:00,2026-04-02 08:00:00,2026-04-04 12:00:00,-1.0145924861878455,True,False,False,False
AIAUSDT,2026-04-27 04:00:00,2026-04-27 08:00:00,2026-05-05 04:00:00,0.759563088512242,True,True,False,False
AIAUSDT,2026-06-23 04:00:00,2026-06-23 08:00:00,2026-07-01 04:00:00,0.16173874999999913,True,True,False,False
AIAUSDT,2026-07-06 08:00:00,2026-07-06 12:00:00,2026-07-08 00:00:00,-1.0431529411764706,True,True,False,False
AIAUSDT,2026-07-13 12:00:00,2026-07-13 16:00:00,2026-07-15 04:00:00,-1.0278976923076923,True,True,False,False
AIGENSYNUSDT,2026-06-04 12:00:00,2026-06-04 16:00:00,2026-06-07 16:00:00,1.9909933579335792,True,False,True,False
AIGENSYNUSDT,2026-06-23 08:00:00,2026-06-23 12:00:00,2026-06-29 16:00:00,-1.014664406779661,True,True,False,False
AIGENSYNUSDT,2026-07-29 00:00:00,2026-07-29 04:00:00,2026-08-01 12:00:00,-1.0163957219251338,True,True,False,False
AIGENSYNUSDT,2026-08-04 04:00:00,2026-08-04 08:00:00,2026-08-12 04:00:00,1.4187999999999978,True,True,False,False
AINUSDT,2025-07-21 08:00:00,2025-07-21 12:00:00,2025-07-22 04:00:00,-1.0192611282051285,True,False,False,False
AINUSDT,2025-08-13 12:00:00,2025-08-13 16:00:00,2025-08-14 16:00:00,1.9876016913319237,True,False,False,False
AINUSDT,2025-08-17 00:00:00,2025-08-17 04:00:00,2025-08-23 20:00:00,1.9891653846153845,True,False,False,False
AINUSDT,2025-09-29 12:00:00,2025-09-29 16:00:00,2025-10-01 08:00:00,-1.0311259701492537,True,False,True,False
AINUSDT,2025-11-08 04:00:00,2025-11-08 08:00:00,2025-11-10 20:00:00,1.9878319999999998,True,True,True,False
AINUSDT,2025-12-23 04:00:00,2025-12-23 08:00:00,2025-12-27 08:00:00,-1.0142545454545455,True,True,True,False
AINUSDT,2026-02-19 16:00:00,2026-02-19 20:00:00,2026-02-23 12:00:00,-1.0152590604026848,True,True,True,False
AINUSDT,2026-07-05 08:00:00,2026-07-05 12:00:00,2026-07-08 12:00:00,1.9903001331557921,True,False,False,False
AINUSDT,2026-08-17 08:00:00,2026-08-17 12:00:00,2026-08-22 04:00:00,1.9826412499999997,True,False,False,False
AIOTUSDT,2025-05-11 20:00:00,2025-05-12 00:00:00,2025-05-12 08:00:00,-1.0144982298546896,True,False,False,False
AIOTUSDT,2025-05-19 00:00:00,2025-05-19 04:00:00,2025-05-21 12:00:00,-1.0243401734104045,True,False,False,False
AIOTUSDT,2025-05-28 04:00:00,2025-05-28 08:00:00,2025-05-31 00:00:00,1.99033382202523,True,False,False,False
AIOTUSDT,2025-08-02 12:00:00,2025-08-02 16:00:00,2025-08-07 08:00:00,-1.0147382368848028,True,False,False,False
AIOTUSDT,2025-09-01 08:00:00,2025-09-01 12:00:00,2025-09-02 08:00:00,1.978779019908116,True,False,True,False
AIOTUSDT,2025-10-27 12:00:00,2025-10-27 16:00:00,2025-10-28 12:00:00,-1.0140264775413712,True,True,True,False
AIOTUSDT,2025-11-11 04:00:00,2025-11-11 08:00:00,2025-11-12 20:00:00,-1.0230096096096095,True,True,True,False
AIOTUSDT,2025-11-17 16:00:00,2025-11-17 20:00:00,2025-11-20 12:00:00,1.988206005221932,True,True,True,False
AIOTUSDT,2025-11-25 12:00:00,2025-11-25 16:00:00,2025-11-26 16:00:00,-1.0158955056179777,True,True,True,False
AIOTUSDT,2025-12-05 16:00:00,2025-12-05 20:00:00,2025-12-08 04:00:00,1.9832343873517784,True,False,True,False
AIOTUSDT,2026-01-12 00:00:00,2026-01-12 04:00:00,2026-01-15 00:00:00,1.9859184615384613,True,True,False,False
AIOTUSDT,2026-07-07 16:00:00,2026-07-07 20:00:00,2026-07-08 04:00:00,-1.0178248803827752,True,True,False,False
AIOTUSDT,2026-07-27 16:00:00,2026-07-27 20:00:00,2026-08-01 04:00:00,-1.01621861575179,True,True,False,False
AIOUSDT,2025-09-04 08:00:00,2025-09-04 12:00:00,2025-09-04 16:00:00,-1.017965702479339,True,False,True,False
AIOUSDT,2025-10-09 00:00:00,2025-10-09 04:00:00,2025-10-10 20:00:00,-1.0164343801652893,True,False,True,False
AIOUSDT,2025-11-23 04:00:00,2025-11-23 08:00:00,2025-11-24 00:00:00,1.9709168539325843,True,True,True,False
AIOUSDT,2025-12-01 00:00:00,2025-12-01 04:00:00,2025-12-01 16:00:00,-1.019074111675127,True,True,True,False
AIOUSDT,2026-03-24 00:00:00,2026-03-24 04:00:00,2026-03-28 12:00:00,-1.0172636655948555,True,True,False,False
AIOUSDT,2026-04-05 00:00:00,2026-04-05 04:00:00,2026-04-11 04:00:00,-1.0179484745762712,True,True,False,False
AIOUSDT,2026-05-13 12:00:00,2026-05-13 16:00:00,2026-05-14 04:00:00,-1.023671582733813,True,False,False,False
AIOUSDT,2026-05-28 00:00:00,2026-05-28 04:00:00,2026-05-28 12:00:00,-1.023251711026616,True,True,True,False
AIOUSDT,2026-07-05 08:00:00,2026-07-05 12:00:00,2026-07-06 20:00:00,-1.02032094488189,True,True,False,False
AIOUSDT,2026-08-12 12:00:00,2026-08-12 16:00:00,2026-08-13 04:00:00,-1.0149308900523561,True,True,False,False
AKTUSDT,2024-12-14 12:00:00,2024-12-14 16:00:00,2024-12-18 20:00:00,1.987223396226415,True,False,False,False
AKTUSDT,2024-12-29 16:00:00,2024-12-29 20:00:00,2025-01-02 08:00:00,-1.0245084337349397,True,False,True,False
AKTUSDT,2025-01-13 00:00:00,2025-01-13 04:00:00,2025-01-15 16:00:00,-1.0147376344086023,True,True,True,False
AKTUSDT,2025-02-17 04:00:00,2025-02-17 08:00:00,2025-02-18 16:00:00,1.980103571428571,True,True,True,False
AKTUSDT,2025-03-18 00:00:00,2025-03-18 04:00:00,2025-03-22 20:00:00,-1.0187510638297874,True,True,True,False
AKTUSDT,2025-03-31 04:00:00,2025-03-31 08:00:00,2025-04-02 00:00:00,-1.0158851485148517,True,True,True,False
AKTUSDT,2025-04-05 12:00:00,2025-04-05 16:00:00,2025-04-06 20:00:00,1.9845999999999997,True,True,True,False
AKTUSDT,2025-05-17 00:00:00,2025-05-17 04:00:00,2025-05-22 16:00:00,-1.0191500000000002,True,False,False,False
AKTUSDT,2025-05-25 08:00:00,2025-05-25 12:00:00,2025-05-31 00:00:00,1.9896883720930232,True,False,False,False
AKTUSDT,2025-06-16 20:00:00,2025-06-17 00:00:00,2025-06-20 16:00:00,1.984852112676056,True,True,True,False
AKTUSDT,2025-06-30 12:00:00,2025-06-30 16:00:00,2025-07-04 12:00:00,-1.0204361111111113,True,True,True,False
AKTUSDT,2025-07-23 12:00:00,2025-07-23 16:00:00,2025-07-31 12:00:00,1.495561165048543,True,False,False,False
AKTUSDT,2025-07-31 20:00:00,2025-08-01 00:00:00,2025-08-08 20:00:00,-0.9200177215189873,True,False,False,False
AKTUSDT,2025-08-11 20:00:00,2025-08-12 00:00:00,2025-08-13 20:00:00,-1.0167326923076925,True,False,False,False
AKTUSDT,2025-08-18 00:00:00,2025-08-18 04:00:00,2025-08-26 00:00:00,1.0424859999999978,True,False,False,False
AKTUSDT,2025-09-01 00:00:00,2025-09-01 04:00:00,2025-09-09 00:00:00,-1.0204000000000002,True,True,True,False
AKTUSDT,2025-09-14 12:00:00,2025-09-14 16:00:00,2025-09-22 04:00:00,1.9838830769230769,True,False,False,False
AKTUSDT,2025-09-25 08:00:00,2025-09-25 12:00:00,2025-09-29 16:00:00,-1.0263358490566037,True,True,True,False
AKTUSDT,2025-10-05 16:00:00,2025-10-05 20:00:00,2025-10-06 16:00:00,-1.027623076923077,True,True,True,False
AKTUSDT,2025-10-07 16:00:00,2025-10-07 20:00:00,2025-10-10 20:00:00,1.9849803278688523,True,True,False,False
AKTUSDT,2025-10-15 16:00:00,2025-10-15 20:00:00,2025-10-22 20:00:00,1.9908054054054052,True,True,True,False
AKTUSDT,2025-11-16 16:00:00,2025-11-16 20:00:00,2025-11-21 04:00:00,1.9866,True,True,True,False
AKTUSDT,2025-12-01 00:00:00,2025-12-01 04:00:00,2025-12-09 00:00:00,0.6821330296127553,True,True,True,False
AKTUSDT,2025-12-11 00:00:00,2025-12-11 04:00:00,2025-12-13 00:00:00,-1.0166588235294118,True,True,True,False
AKTUSDT,2025-12-15 04:00:00,2025-12-15 08:00:00,2025-12-18 16:00:00,1.9896391420911528,True,True,True,False
AKTUSDT,2025-12-24 08:00:00,2025-12-24 12:00:00,2025-12-27 20:00:00,-1.0354375,True,True,True,False
AKTUSDT,2025-12-31 12:00:00,2025-12-31 16:00:00,2026-01-02 08:00:00,-1.036022695035461,True,True,True,False
AKTUSDT,2026-01-20 16:00:00,2026-01-20 20:00:00,2026-01-22 04:00:00,-1.016976539589443,True,False,True,False
AKTUSDT,2026-01-25 16:00:00,2026-01-25 20:00:00,2026-01-26 20:00:00,-1.015538082191781,True,False,True,False
AKTUSDT,2026-01-31 12:00:00,2026-01-31 16:00:00,2026-02-05 08:00:00,1.9905964673913041,True,True,True,False
AKTUSDT,2026-02-18 16:00:00,2026-02-18 20:00:00,2026-02-20 00:00:00,-1.0163676470588237,True,True,True,False
AKTUSDT,2026-02-24 04:00:00,2026-02-24 08:00:00,2026-02-25 16:00:00,-1.0166080645161293,True,True,True,False
AKTUSDT,2026-04-05 16:00:00,2026-04-05 20:00:00,2026-04-07 20:00:00,-1.019977272727273,True,False,False,False
AKTUSDT,2026-04-27 04:00:00,2026-04-27 08:00:00,2026-04-29 00:00:00,-1.0308,True,False,False,False
AKTUSDT,2026-06-29 20:00:00,2026-06-30 00:00:00,2026-07-07 20:00:00,0.5215210970464127,True,True,True,False
AKTUSDT,2026-07-17 00:00:00,2026-07-17 04:00:00,2026-07-25 00:00:00,1.9867171581769436,True,True,False,False
AKTUSDT,2026-07-27 04:00:00,2026-07-27 08:00:00,2026-07-27 20:00:00,1.9765299999999997,True,True,False,False
AKTUSDT,2026-08-16 20:00:00,2026-08-17 00:00:00,2026-08-21 08:00:00,-1.0145577235772358,True,True,False,False
ALCHUSDT,2025-06-06 20:00:00,2025-06-07 00:00:00,2025-06-14 20:00:00,0.6717586527293843,True,True,True,False
ALCHUSDT,2025-06-20 08:00:00,2025-06-20 12:00:00,2025-06-23 04:00:00,-1.0243611982881597,True,True,True,False
ALCHUSDT,2025-07-06 16:00:00,2025-07-06 20:00:00,2025-07-09 20:00:00,-1.0156031693077565,True,False,True,False
ALCHUSDT,2025-07-14 12:00:00,2025-07-14 16:00:00,2025-07-22 12:00:00,-0.549642930153321,True,False,False,False
ALCHUSDT,2025-07-23 16:00:00,2025-07-23 20:00:00,2025-07-29 16:00:00,-1.0258812834224598,True,False,False,False
ALCHUSDT,2025-08-03 16:00:00,2025-08-03 20:00:00,2025-08-11 16:00:00,1.0442523694779133,True,False,True,False
ALCHUSDT,2025-08-12 16:00:00,2025-08-12 20:00:00,2025-08-20 16:00:00,-0.3927152502910353,True,False,False,False
ALCHUSDT,2025-08-21 00:00:00,2025-08-21 04:00:00,2025-08-21 16:00:00,1.985303214285714,True,True,False,False
ALCHUSDT,2025-10-18 16:00:00,2025-10-18 20:00:00,2025-10-26 16:00:00,-0.25507729323308315,True,True,True,False
ALCHUSDT,2025-10-30 08:00:00,2025-10-30 12:00:00,2025-11-04 12:00:00,-1.016972093023256,True,False,True,False
ALCHUSDT,2025-12-11 20:00:00,2025-12-12 00:00:00,2025-12-17 20:00:00,-1.0195892473118282,True,False,True,False
ALCHUSDT,2025-12-31 20:00:00,2026-01-01 00:00:00,2026-01-03 12:00:00,1.9882148292682924,True,True,True,False
ALCHUSDT,2026-01-28 16:00:00,2026-01-28 20:00:00,2026-01-31 16:00:00,1.9894941913439634,True,True,True,False
ALCHUSDT,2026-02-17 00:00:00,2026-02-17 04:00:00,2026-02-25 00:00:00,1.057762359550558,True,True,True,False
ALCHUSDT,2026-03-07 12:00:00,2026-03-07 16:00:00,2026-03-14 12:00:00,1.9858148148148147,True,True,True,False
ALCHUSDT,2026-03-23 16:00:00,2026-03-23 20:00:00,2026-03-24 16:00:00,-1.0173437819420785,True,True,True,False
ALCHUSDT,2026-03-31 00:00:00,2026-03-31 04:00:00,2026-04-01 20:00:00,1.982297345132743,True,True,True,False
ALCHUSDT,2026-04-12 00:00:00,2026-04-12 04:00:00,2026-04-15 08:00:00,-1.0163168831168832,True,True,False,False
ALCHUSDT,2026-04-27 12:00:00,2026-04-27 16:00:00,2026-04-28 00:00:00,-1.0286610079575598,True,False,False,False
ALCHUSDT,2026-05-15 16:00:00,2026-05-15 20:00:00,2026-05-20 16:00:00,-1.0284538653366584,True,False,False,False
ALCHUSDT,2026-05-26 00:00:00,2026-05-26 04:00:00,2026-06-03 00:00:00,0.49877813333333276,True,True,False,False
ALCHUSDT,2026-06-28 16:00:00,2026-06-28 20:00:00,2026-07-02 08:00:00,-1.0173734317343175,True,True,True,False
ALCHUSDT,2026-07-07 16:00:00,2026-07-07 20:00:00,2026-07-10 04:00:00,-1.0159373443983404,True,True,False,False
ALCHUSDT,2026-07-29 00:00:00,2026-07-29 04:00:00,2026-07-29 20:00:00,-1.025114864864865,True,True,False,False
ALCHUSDT,2026-08-03 08:00:00,2026-08-03 12:00:00,2026-08-11 08:00:00,-0.17269832402234603,True,True,False,False
ALCHUSDT,2026-08-16 16:00:00,2026-08-16 20:00:00,2026-08-19 20:00:00,-1.03556,True,True,False,False
ALLUSDT,2025-08-11 08:00:00,2025-08-11 12:00:00,2025-08-19 08:00:00,0.4984909090909098,True,False,False,False
ALLUSDT,2025-08-19 16:00:00,2025-08-19 20:00:00,2025-08-22 20:00:00,-1.0141328859060403,True,False,False,False
ALLUSDT,2025-08-29 08:00:00,2025-08-29 12:00:00,2025-09-06 08:00:00,0.15127932960893933,True,False,True,False
ALLUSDT,2025-09-22 00:00:00,2025-09-22 04:00:00,2025-09-25 16:00:00,1.9852479374110952,True,False,False,False
ALLUSDT,2025-09-30 12:00:00,2025-09-30 16:00:00,2025-10-01 08:00:00,-1.0223361635220127,True,True,True,False
ALLUSDT,2025-10-09 08:00:00,2025-10-09 12:00:00,2025-10-10 20:00:00,1.9826210157618211,True,False,True,False
ALLUSDT,2025-10-22 16:00:00,2025-10-22 20:00:00,2025-10-26 08:00:00,-1.0157648148148148,True,True,True,False
ALLUSDT,2025-11-12 16:00:00,2025-11-12 20:00:00,2025-11-20 16:00:00,1.2833797139141745,True,True,True,False
ALLUSDT,2025-11-29 16:00:00,2025-11-29 20:00:00,2025-12-01 04:00:00,1.974673029045643,True,True,True,False
ALLUSDT,2025-12-11 00:00:00,2025-12-11 04:00:00,2025-12-19 00:00:00,1.1259938037865724,True,True,True,False
ALLUSDT,2026-01-08 08:00:00,2026-01-08 12:00:00,2026-01-14 16:00:00,-1.0189878661087868,True,False,False,False
ALLUSDT,2026-01-19 00:00:00,2026-01-19 04:00:00,2026-01-27 00:00:00,0.3064274021352319,True,False,False,False
ALLUSDT,2026-01-29 00:00:00,2026-01-29 04:00:00,2026-01-31 12:00:00,1.9811254416961128,True,True,True,False
ALLUSDT,2026-02-05 08:00:00,2026-02-05 12:00:00,2026-02-13 08:00:00,0.19084778761062032,True,True,True,False
ALLUSDT,2026-02-18 16:00:00,2026-02-18 20:00:00,2026-02-26 16:00:00,0.11482624434389328,True,True,True,False
ALLUSDT,2026-02-28 04:00:00,2026-02-28 08:00:00,2026-03-02 16:00:00,-1.0168000000000001,True,True,True,False
ALLUSDT,2026-03-08 00:00:00,2026-03-08 04:00:00,2026-03-13 00:00:00,-1.0173762430939228,True,True,True,False
ALLUSDT,2026-03-18 16:00:00,2026-03-18 20:00:00,2026-03-26 16:00:00,0.606290954773869,True,False,False,False
ALLUSDT,2026-03-29 12:00:00,2026-03-29 16:00:00,2026-03-30 08:00:00,-1.0533947826086956,True,True,True,False
ALLUSDT,2026-04-27 12:00:00,2026-04-27 16:00:00,2026-05-02 12:00:00,-1.0369844660194176,True,False,False,False
ALLUSDT,2026-05-13 12:00:00,2026-05-13 16:00:00,2026-05-21 12:00:00,0.7268029411764708,True,False,False,False
ALLUSDT,2026-05-23 04:00:00,2026-05-23 08:00:00,2026-05-31 04:00:00,-0.024209022556390465,True,False,False,False
ALLUSDT,2026-06-02 12:00:00,2026-06-02 16:00:00,2026-06-05 04:00:00,1.9849943396226413,True,True,False,False
ALLUSDT,2026-06-18 12:00:00,2026-06-18 16:00:00,2026-06-26 12:00:00,0.25188062827225094,True,True,False,False
ALLUSDT,2026-07-07 20:00:00,2026-07-08 00:00:00,2026-07-15 20:00:00,0.040682539682538855,True,True,False,False
ALLUSDT,2026-07-23 16:00:00,2026-07-23 20:00:00,2026-07-29 00:00:00,1.9606559633027525,True,True,False,False
ALLUSDT,2026-08-12 16:00:00,2026-08-12 20:00:00,2026-08-19 20:00:00,-1.0611207207207207,True,False,False,False
ALPACAUSDT,2024-09-22 04:00:00,2024-09-22 08:00:00,2024-09-24 08:00:00,-1.0262139049826187,True,False,False,False
ALPACAUSDT,2024-10-15 08:00:00,2024-10-15 12:00:00,2024-10-20 04:00:00,-1.0151420269312545,True,False,False,False
ALPACAUSDT,2025-01-01 04:00:00,2025-01-01 08:00:00,2025-01-02 08:00:00,-1.0186343648208471,True,True,True,False
ALPACAUSDT,2025-01-13 00:00:00,2025-01-13 04:00:00,2025-01-15 12:00:00,-1.0204034782608697,True,True,True,False
ALPACAUSDT,2025-01-27 00:00:00,2025-01-27 04:00:00,2025-02-02 16:00:00,1.9902307053941908,True,True,True,False
ALPACAUSDT,2025-02-20 04:00:00,2025-02-20 08:00:00,2025-02-25 12:00:00,1.990531914893617,True,True,True,False
ALPACAUSDT,2025-03-01 08:00:00,2025-03-01 12:00:00,2025-03-02 16:00:00,-1.0168360082304528,True,True,True,False
ALPACAUSDT,2025-03-06 16:00:00,2025-03-06 20:00:00,2025-03-09 16:00:00,1.989387692307692,True,True,True,False
ALPACAUSDT,2025-03-27 08:00:00,2025-03-27 12:00:00,2025-03-29 16:00:00,1.9884565217391303,True,True,True,False
ALPACAUSDT,2025-04-05 12:00:00,2025-04-05 16:00:00,2025-04-07 04:00:00,1.9873999999999998,True,True,True,False
ALPINEUSDT,2025-05-18 16:00:00,2025-05-18 20:00:00,2025-05-21 00:00:00,-1.0180038834951457,True,False,False,False
ALPINEUSDT,2025-05-23 20:00:00,2025-05-24 00:00:00,2025-05-31 00:00:00,1.9877445945945944,True,False,False,False
ALPINEUSDT,2025-06-12 12:00:00,2025-06-12 16:00:00,2025-06-20 12:00:00,0.5016041095890409,True,False,True,False
ALPINEUSDT,2025-06-21 16:00:00,2025-06-21 20:00:00,2025-06-24 04:00:00,-1.020601366742597,True,False,True,False
ALPINEUSDT,2025-06-26 20:00:00,2025-06-27 00:00:00,2025-06-29 20:00:00,-1.0189604938271606,True,True,True,False
ALPINEUSDT,2025-07-14 12:00:00,2025-07-14 16:00:00,2025-07-20 12:00:00,-1.0187216560509555,True,False,False,False
ALPINEUSDT,2025-07-31 20:00:00,2025-08-01 00:00:00,2025-08-05 12:00:00,-1.0194358161648178,True,False,False,False
ALPINEUSDT,2025-08-30 20:00:00,2025-08-31 00:00:00,2025-09-04 16:00:00,-1.0142194331983807,True,False,True,False
ALPINEUSDT,2025-09-11 04:00:00,2025-09-11 08:00:00,2025-09-11 12:00:00,1.9708149405772497,True,False,False,False
ALPINEUSDT,2025-10-21 04:00:00,2025-10-21 08:00:00,2025-10-29 04:00:00,0.6910990825688061,True,True,True,False
ALPINEUSDT,2025-11-17 16:00:00,2025-11-17 20:00:00,2025-11-18 16:00:00,-1.0252120343839541,True,True,True,False
ALPINEUSDT,2025-11-19 16:00:00,2025-11-19 20:00:00,2025-11-27 16:00:00,0.18694699248120145,True,True,True,False
ALPINEUSDT,2025-11-30 16:00:00,2025-11-30 20:00:00,2025-12-08 16:00:00,0.1931879032258081,True,True,True,False
ALPINEUSDT,2025-12-11 00:00:00,2025-12-11 04:00:00,2025-12-18 16:00:00,1.9847416666666664,True,True,True,False
ALPINEUSDT,2026-01-07 12:00:00,2026-01-07 16:00:00,2026-01-15 12:00:00,-0.1564979827089348,True,False,False,False
ALPINEUSDT,2026-01-25 08:00:00,2026-01-25 12:00:00,2026-01-25 16:00:00,1.9615055118110234,True,True,True,False
ALPINEUSDT,2026-01-29 00:00:00,2026-01-29 04:00:00,2026-01-31 12:00:00,1.9791039999999998,True,True,True,False
ALPINEUSDT,2026-02-18 16:00:00,2026-02-18 20:00:00,2026-02-26 16:00:00,-1.0263957081545063,True,True,True,False
ALPINEUSDT,2026-03-06 12:00:00,2026-03-06 16:00:00,2026-03-10 20:00:00,-1.0241033333333334,True,True,True,False
ALPINEUSDT,2026-03-18 16:00:00,2026-03-18 20:00:00,2026-03-22 20:00:00,1.9858057142857142,True,False,False,False
ALPINEUSDT,2026-03-27 20:00:00,2026-03-28 00:00:00,2026-03-28 16:00:00,-1.0180238410596028,True,True,False,False
ALPINEUSDT,2026-04-12 20:00:00,2026-04-13 00:00:00,2026-04-13 20:00:00,-1.0372622516556291,True,True,False,False
ALPINEUSDT,2026-04-29 12:00:00,2026-04-29 16:00:00,2026-04-29 16:00:00,-1.0380246913580247,True,False,False,False
ALPINEUSDT,2026-05-23 04:00:00,2026-05-23 08:00:00,2026-05-31 04:00:00,-0.2804090452261306,True,True,False,False
ALPINEUSDT,2026-06-04 00:00:00,2026-06-04 04:00:00,2026-06-05 16:00:00,1.987320588235294,True,True,True,False
ALPINEUSDT,2026-06-18 08:00:00,2026-06-18 12:00:00,2026-06-26 08:00:00,0.951328712871287,True,True,False,False
ALPINEUSDT,2026-06-30 08:00:00,2026-06-30 12:00:00,2026-07-01 12:00:00,-1.031541791044776,True,True,True,False
ALPINEUSDT,2026-07-08 00:00:00,2026-07-08 04:00:00,2026-07-14 16:00:00,-1.0285673202614378,True,True,False,False
ALPINEUSDT,2026-07-23 16:00:00,2026-07-23 20:00:00,2026-07-25 12:00:00,-1.0360235294117648,True,True,False,False
ALPINEUSDT,2026-08-12 16:00:00,2026-08-12 20:00:00,2026-08-13 08:00:00,-1.0481173913043476,True,False,False,False
ALPINEUSDT,2026-08-18 00:00:00,2026-08-18 04:00:00,2026-08-18 12:00:00,-1.0150292682926831,True,True,False,False
ALTUSDT,2024-09-11 12:00:00,2024-09-11 16:00:00,2024-09-15 00:00:00,-1.0144190604026846,True,False,False,True
ALTUSDT,2024-09-15 20:00:00,2024-09-16 00:00:00,2024-09-19 00:00:00,-1.014073873873874,True,False,False,True
ALTUSDT,2024-10-11 00:00:00,2024-10-11 04:00:00,2024-10-11 12:00:00,-1.0148620622568094,True,False,False,False
ALTUSDT,2024-11-20 00:00:00,2024-11-20 04:00:00,2024-11-23 04:00:00,-1.0147047434656342,True,False,False,False
ALTUSDT,2024-12-14 08:00:00,2024-12-14 12:00:00,2024-12-18 20:00:00,1.987036120689655,True,False,False,False
ALTUSDT,2025-01-26 20:00:00,2025-01-27 00:00:00,2025-02-02 16:00:00,1.9896660465116278,True,True,True,False
ALTUSDT,2025-02-16 00:00:00,2025-02-16 04:00:00,2025-02-24 00:00:00,1.0843189448441237,True,True,True,False
ALTUSDT,2025-03-26 12:00:00,2025-03-26 16:00:00,2025-03-26 16:00:00,-1.0213951612903227,True,True,True,False
ALTUSDT,2025-03-31 20:00:00,2025-04-01 00:00:00,2025-04-02 20:00:00,1.9861142857142855,True,True,True,False
ALTUSDT,2025-04-16 04:00:00,2025-04-16 08:00:00,2025-04-18 16:00:00,-1.020818823529412,True,True,True,False
ALTUSDT,2025-05-28 16:00:00,2025-05-28 20:00:00,2025-05-29 00:00:00,-1.01686062992126,True,False,False,False
ALTUSDT,2025-06-05 08:00:00,2025-06-05 12:00:00,2025-06-10 08:00:00,-1.0145250000000001,True,True,True,False
ALTUSDT,2025-07-01 00:00:00,2025-07-01 04:00:00,2025-07-09 00:00:00,-0.2369698744769871,True,True,True,False
ALTUSDT,2025-07-14 12:00:00,2025-07-14 16:00:00,2025-07-18 04:00:00,-1.0163493150684932,True,False,False,False
ALTUSDT,2025-07-23 08:00:00,2025-07-23 12:00:00,2025-07-27 08:00:00,-1.0199823293172692,True,False,False,False
ALTUSDT,2025-08-02 12:00:00,2025-08-02 16:00:00,2025-08-03 04:00:00,-1.0196819819819822,True,False,False,False
ALTUSDT,2025-08-11 08:00:00,2025-08-11 12:00:00,2025-08-12 12:00:00,-1.0158025559105432,True,False,False,False
ALTUSDT,2025-08-29 12:00:00,2025-08-29 16:00:00,2025-09-06 12:00:00,0.568757854406133,True,True,True,False
ALTUSDT,2025-09-22 00:00:00,2025-09-22 04:00:00,2025-09-30 00:00:00,1.6348167272727252,True,True,False,False
ALTUSDT,2025-10-05 16:00:00,2025-10-05 20:00:00,2025-10-10 20:00:00,1.9903977695167285,True,True,True,False
ALTUSDT,2025-10-28 20:00:00,2025-10-29 00:00:00,2025-11-02 04:00:00,-1.0148937853107345,True,True,True,False
ALTUSDT,2025-11-13 16:00:00,2025-11-13 20:00:00,2025-11-21 04:00:00,-1.0142132450331127,True,True,True,False
ALTUSDT,2025-12-04 16:00:00,2025-12-04 20:00:00,2025-12-05 04:00:00,-1.0293333333333332,True,True,True,False
ALTUSDT,2025-12-12 12:00:00,2025-12-12 16:00:00,2025-12-13 16:00:00,-1.0195204545454548,True,True,True,False
ALTUSDT,2025-12-17 16:00:00,2025-12-17 20:00:00,2025-12-21 00:00:00,-1.0205818181818185,True,True,True,False
ALTUSDT,2025-12-30 04:00:00,2025-12-30 08:00:00,2026-01-01 04:00:00,-1.0182000000000002,True,True,True,False
ALTUSDT,2026-01-08 08:00:00,2026-01-08 12:00:00,2026-01-14 00:00:00,-1.015521739130435,True,False,False,False
ALTUSDT,2026-01-29 00:00:00,2026-01-29 04:00:00,2026-01-31 12:00:00,1.9874230769230767,True,True,True,False
ALTUSDT,2026-02-11 04:00:00,2026-02-11 08:00:00,2026-02-11 20:00:00,-1.0190206896551726,True,True,True,False
ALTUSDT,2026-02-22 04:00:00,2026-02-22 08:00:00,2026-03-02 04:00:00,1.1469866666666686,True,True,True,False
ALTUSDT,2026-03-14 04:00:00,2026-03-14 08:00:00,2026-03-15 12:00:00,-1.0277962264150944,True,True,True,False
ALTUSDT,2026-03-21 20:00:00,2026-03-22 00:00:00,2026-03-28 00:00:00,1.9846826923076921,True,True,False,False
ALTUSDT,2026-04-02 00:00:00,2026-04-02 04:00:00,2026-04-03 12:00:00,-1.0223963060686019,True,True,False,False
ALTUSDT,2026-04-11 12:00:00,2026-04-11 16:00:00,2026-04-11 16:00:00,-1.0477523316062176,True,True,False,False
ALTUSDT,2026-04-18 20:00:00,2026-04-19 00:00:00,2026-04-22 04:00:00,-1.0154347286821708,True,False,False,False
ALTUSDT,2026-04-28 08:00:00,2026-04-28 12:00:00,2026-05-06 08:00:00,-0.8787887955182077,True,False,False,False
ALTUSDT,2026-05-12 12:00:00,2026-05-12 16:00:00,2026-05-16 04:00:00,1.9876265734265732,True,False,False,False
ALTUSDT,2026-06-02 12:00:00,2026-06-02 16:00:00,2026-06-05 04:00:00,1.9881863905325443,True,True,False,False
ALTUSDT,2026-06-21 20:00:00,2026-06-22 00:00:00,2026-06-24 16:00:00,1.9812579470198672,True,True,True,False
ALTUSDT,2026-06-30 00:00:00,2026-06-30 04:00:00,2026-07-02 08:00:00,-1.0151156250000002,True,True,True,False
ALTUSDT,2026-07-08 08:00:00,2026-07-08 12:00:00,2026-07-10 04:00:00,-1.0187124183006537,True,True,False,False
ALTUSDT,2026-07-19 00:00:00,2026-07-19 04:00:00,2026-07-27 00:00:00,0.7585341269841304,True,False,False,False
ALTUSDT,2026-08-03 04:00:00,2026-08-03 08:00:00,2026-08-08 16:00:00,-1.0255025806451612,True,True,False,False
ALTUSDT,2026-08-14 08:00:00,2026-08-14 12:00:00,2026-08-15 04:00:00,-1.0400567164179104,True,True,False,False
AMBUSDT,2024-09-15 20:00:00,2024-09-16 00:00:00,2024-09-19 04:00:00,-1.022940465116279,True,False,False,True
AMBUSDT,2024-09-28 12:00:00,2024-09-28 16:00:00,2024-10-02 16:00:00,1.9904721268163803,True,False,False,False
AMBUSDT,2024-10-17 04:00:00,2024-10-17 08:00:00,2024-10-20 20:00:00,-1.016485,True,False,False,False
AMBUSDT,2024-10-23 04:00:00,2024-10-23 08:00:00,2024-10-31 04:00:00,0.3502328971962617,True,True,False,False
AMBUSDT,2024-12-02 08:00:00,2024-12-02 12:00:00,2024-12-03 00:00:00,-1.0142418491484186,True,False,False,False
AMBUSDT,2025-01-13 00:00:00,2025-01-13 04:00:00,2025-01-15 20:00:00,-1.0144018927444796,True,True,True,False
AMBUSDT,2025-01-27 00:00:00,2025-01-27 04:00:00,2025-01-31 12:00:00,-1.0171639412997906,True,True,True,False
ARCUSDT,2025-08-19 16:00:00,2025-08-19 20:00:00,2025-08-22 16:00:00,-1.0186315068493152,True,True,False,False
ARCUSDT,2025-08-29 08:00:00,2025-08-29 12:00:00,2025-08-30 12:00:00,-1.0162013157894738,True,True,True,False
ARCUSDT,2025-12-09 08:00:00,2025-12-09 12:00:00,2025-12-12 00:00:00,1.9886712871287127,True,False,True,False
ARCUSDT,2026-01-02 04:00:00,2026-01-02 08:00:00,2026-01-03 12:00:00,-1.0149890322580646,True,True,True,False
ARCUSDT,2026-01-17 12:00:00,2026-01-17 16:00:00,2026-01-18 08:00:00,-1.0159384615384617,True,False,False,False
ARCUSDT,2026-03-24 12:00:00,2026-03-24 16:00:00,2026-03-28 08:00:00,-1.0187356521739133,True,True,False,False
ARCUSDT,2026-04-14 16:00:00,2026-04-14 20:00:00,2026-04-15 04:00:00,-1.0160336601307192,True,False,False,False
ARCUSDT,2026-04-19 04:00:00,2026-04-19 08:00:00,2026-04-27 04:00:00,-0.24573915966386503,True,False,False,False
ARCUSDT,2026-05-10 16:00:00,2026-05-10 20:00:00,2026-05-15 00:00:00,1.986822975929978,True,False,False,False
ARCUSDT,2026-07-03 04:00:00,2026-07-03 08:00:00,2026-07-11 04:00:00,0.37991567164179063,True,False,True,False
ARCUSDT,2026-07-13 16:00:00,2026-07-13 20:00:00,2026-07-14 20:00:00,-1.015835649546828,True,True,False,False
ARCUSDT,2026-07-26 00:00:00,2026-07-26 04:00:00,2026-07-29 04:00:00,1.9882763676148796,True,True,False,False
ARCUSDT,2026-08-15 12:00:00,2026-08-15 16:00:00,2026-08-23 12:00:00,0.3710331444759209,True,False,False,False
ARIAUSDT,2025-11-10 12:00:00,2025-11-10 16:00:00,2025-11-12 00:00:00,1.9862665310274668,True,True,True,False
ARIAUSDT,2025-11-29 16:00:00,2025-11-29 20:00:00,2025-12-01 04:00:00,-1.0151402298850576,True,True,True,False
ARIAUSDT,2025-12-25 20:00:00,2025-12-26 00:00:00,2025-12-29 04:00:00,-1.0285075,True,True,True,False
ARIAUSDT,2026-01-29 16:00:00,2026-01-29 20:00:00,2026-02-02 20:00:00,1.9877727810650887,True,True,True,False
ARIAUSDT,2026-02-05 16:00:00,2026-02-05 20:00:00,2026-02-05 20:00:00,-1.014446234676007,True,True,True,False
ARIAUSDT,2026-02-24 12:00:00,2026-02-24 16:00:00,2026-02-25 12:00:00,-1.0140000000000002,True,True,True,False
ARIAUSDT,2026-04-29 08:00:00,2026-04-29 12:00:00,2026-05-07 08:00:00,0.6983695652173897,True,True,False,False
ARIAUSDT,2026-05-13 12:00:00,2026-05-13 16:00:00,2026-05-21 12:00:00,1.4118222222222212,True,True,False,False
ARIAUSDT,2026-05-22 16:00:00,2026-05-22 20:00:00,2026-05-28 00:00:00,1.9892243243243242,True,True,False,False
ARIAUSDT,2026-07-05 00:00:00,2026-07-05 04:00:00,2026-07-07 12:00:00,1.9823921428571427,True,True,False,False
ARIAUSDT,2026-07-17 08:00:00,2026-07-17 12:00:00,2026-07-18 16:00:00,-1.0255527559055118,True,True,False,False
ARIAUSDT,2026-07-29 00:00:00,2026-07-29 04:00:00,2026-07-30 08:00:00,-1.0183813471502592,True,True,False,False
ARKUSDT,2024-09-15 16:00:00,2024-09-15 20:00:00,2024-09-19 00:00:00,-1.046636559139785,True,False,False,True
ARKUSDT,2024-09-25 12:00:00,2024-09-25 16:00:00,2024-09-28 04:00:00,-1.0255592920353982,True,False,False,False
ARKUSDT,2024-10-23 04:00:00,2024-10-23 08:00:00,2024-10-25 20:00:00,1.983770779220779,True,False,False,False
ARKUSDT,2024-10-31 12:00:00,2024-10-31 16:00:00,2024-11-04 16:00:00,1.9875353760445682,True,False,True,False
ARKUSDT,2024-12-14 12:00:00,2024-12-14 16:00:00,2024-12-18 20:00:00,1.9845374999999998,True,False,False,False
ARKUSDT,2025-01-18 04:00:00,2025-01-18 08:00:00,2025-01-26 04:00:00,0.3920901408450704,True,False,True,False
ARKUSDT,2025-02-01 12:00:00,2025-02-01 16:00:00,2025-02-02 16:00:00,1.984730821917808,True,True,True,False
ARKUSDT,2025-02-15 04:00:00,2025-02-15 08:00:00,2025-02-16 08:00:00,-1.0346499999999998,True,True,True,False
ARKUSDT,2025-03-09 00:00:00,2025-03-09 04:00:00,2025-03-11 00:00:00,1.9893311864406777,True,True,True,False
ARKUSDT,2025-04-02 04:00:00,2025-04-02 08:00:00,2025-04-05 20:00:00,-1.0191575471698116,True,True,True,False
ARKUSDT,2025-04-23 16:00:00,2025-04-23 20:00:00,2025-05-01 16:00:00,0.4683927835051556,True,False,False,False
ARKUSDT,2025-05-17 00:00:00,2025-05-17 04:00:00,2025-05-22 16:00:00,-1.026465137614679,True,False,False,False
ARKUSDT,2025-05-23 20:00:00,2025-05-24 00:00:00,2025-05-31 20:00:00,1.110824855491328,True,False,False,False
ARKUSDT,2025-06-05 20:00:00,2025-06-06 00:00:00,2025-06-10 00:00:00,-1.0140517045454547,True,True,True,False
ARKUSDT,2025-06-17 08:00:00,2025-06-17 12:00:00,2025-06-22 20:00:00,1.9841464999999998,True,True,True,False
ARKUSDT,2025-07-01 16:00:00,2025-07-01 20:00:00,2025-07-02 12:00:00,-1.0194463414634147,True,True,True,False
ARKUSDT,2025-07-09 12:00:00,2025-07-09 16:00:00,2025-07-11 00:00:00,-1.0367972972972974,True,False,True,False
ARKUSDT,2025-07-31 20:00:00,2025-08-01 00:00:00,2025-08-08 00:00:00,-1.0200713333333336,True,False,False,False
ARKUSDT,2025-08-19 00:00:00,2025-08-19 04:00:00,2025-08-20 20:00:00,-1.020493103448276,True,True,False,False
ARKUSDT,2025-09-01 00:00:00,2025-09-01 04:00:00,2025-09-08 20:00:00,-1.0250529411764706,True,True,True,False
ARKUSDT,2025-09-22 00:00:00,2025-09-22 04:00:00,2025-09-30 00:00:00,0.437323863636364,True,False,False,False
ARKUSDT,2025-10-07 12:00:00,2025-10-07 16:00:00,2025-10-10 20:00:00,1.9829939130434782,True,False,False,False
ARKUSDT,2025-10-22 16:00:00,2025-10-22 20:00:00,2025-10-26 20:00:00,-1.0180622950819673,True,True,True,False
ARKUSDT,2025-10-28 20:00:00,2025-10-29 00:00:00,2025-11-04 04:00:00,1.9885760956175298,True,True,True,False
ARKUSDT,2025-11-16 12:00:00,2025-11-16 16:00:00,2025-11-21 04:00:00,1.9868415384615383,True,True,True,False
ARKUSDT,2025-12-06 04:00:00,2025-12-06 08:00:00,2025-12-14 04:00:00,0.4713512953367884,True,True,True,False
ARKUSDT,2025-12-14 12:00:00,2025-12-14 16:00:00,2025-12-18 00:00:00,1.9827749999999997,True,True,True,False
ARKUSDT,2025-12-26 04:00:00,2025-12-26 08:00:00,2025-12-27 20:00:00,-1.0276222222222222,True,True,True,False
ARKUSDT,2025-12-31 12:00:00,2025-12-31 16:00:00,2026-01-02 08:00:00,-1.0318407079646017,True,True,True,False
ARKUSDT,2026-01-12 04:00:00,2026-01-12 08:00:00,2026-01-13 20:00:00,-1.0223200000000003,True,False,False,False
ARKUSDT,2026-01-18 20:00:00,2026-01-19 00:00:00,2026-01-26 20:00:00,0.6479656862745107,True,False,False,False
ARKUSDT,2026-01-29 00:00:00,2026-01-29 04:00:00,2026-01-31 12:00:00,1.9822571428571427,True,True,True,False
ARKUSDT,2026-02-05 00:00:00,2026-02-05 04:00:00,2026-02-05 16:00:00,1.9872071428571427,True,True,True,False
ARKUSDT,2026-02-18 16:00:00,2026-02-18 20:00:00,2026-02-26 16:00:00,0.6123218181818199,True,True,True,False
ARKUSDT,2026-02-28 04:00:00,2026-02-28 08:00:00,2026-03-03 00:00:00,-1.0157223684210528,True,True,True,False
ARKUSDT,2026-03-07 12:00:00,2026-03-07 16:00:00,2026-03-12 12:00:00,-1.0165944055944058,True,True,True,False
ARKUSDT,2026-03-21 20:00:00,2026-03-22 00:00:00,2026-03-29 12:00:00,1.976763636363636,True,True,False,False
ARKUSDT,2026-04-11 12:00:00,2026-04-11 16:00:00,2026-04-14 00:00:00,-1.0530727272727274,True,True,False,False
ARKUSDT,2026-04-27 12:00:00,2026-04-27 16:00:00,2026-04-28 04:00:00,-1.028921951219512,True,False,False,False
ARKUSDT,2026-05-13 12:00:00,2026-05-13 16:00:00,2026-05-21 12:00:00,1.30625631067961,True,False,False,False
ARKUSDT,2026-05-26 20:00:00,2026-05-27 00:00:00,2026-05-31 04:00:00,-1.0292486486486485,True,True,False,False
ARKUSDT,2026-06-04 04:00:00,2026-06-04 08:00:00,2026-06-06 04:00:00,1.9898270491803278,True,True,True,False
ARKUSDT,2026-06-09 00:00:00,2026-06-09 04:00:00,2026-06-10 12:00:00,-1.017846153846154,True,True,True,False
ARKUSDT,2026-06-18 00:00:00,2026-06-18 04:00:00,2026-06-24 08:00:00,1.983370769230769,True,True,False,False
ARKUSDT,2026-07-08 08:00:00,2026-07-08 12:00:00,2026-07-12 00:00:00,-1.0183575000000002,True,True,False,False
ARKUSDT,2026-07-18 00:00:00,2026-07-18 04:00:00,2026-07-18 08:00:00,-1.0301583333333333,True,True,False,False
ARKUSDT,2026-07-20 00:00:00,2026-07-20 04:00:00,2026-07-28 00:00:00,0.9094400000000026,True,True,False,False
ARKUSDT,2026-08-01 16:00:00,2026-08-01 20:00:00,2026-08-03 12:00:00,-1.038170588235294,True,True,False,False
ARKUSDT,2026-08-10 20:00:00,2026-08-11 00:00:00,2026-08-12 08:00:00,-1.0499692307692305,True,True,False,False
ARKUSDT,2026-08-14 04:00:00,2026-08-14 08:00:00,2026-08-19 12:00:00,-1.0426758620689656,True,True,False,False
ASRUSDT,2025-06-08 00:00:00,2025-06-08 04:00:00,2025-06-09 00:00:00,-1.028268686868687,True,False,True,False
ASRUSDT,2025-06-13 16:00:00,2025-06-13 20:00:00,2025-06-21 16:00:00,-0.18293970588235453,True,False,True,False
ASRUSDT,2025-06-28 12:00:00,2025-06-28 16:00:00,2025-06-30 04:00:00,-1.032354,True,False,True,False
ASRUSDT,2025-07-02 12:00:00,2025-07-02 16:00:00,2025-07-08 04:00:00,-1.0192436363636366,True,False,True,False
ASRUSDT,2025-07-14 12:00:00,2025-07-14 16:00:00,2025-07-17 20:00:00,-1.0213333333333336,True,False,False,False
ASRUSDT,2025-07-23 16:00:00,2025-07-23 20:00:00,2025-07-24 20:00:00,-1.0237052631578947,True,False,False,False
ASRUSDT,2025-08-06 04:00:00,2025-08-06 08:00:00,2025-08-07 12:00:00,-1.0180194736842108,True,False,False,False
ASRUSDT,2025-09-01 00:00:00,2025-09-01 04:00:00,2025-09-07 12:00:00,-1.0170731707317076,True,True,True,False
ASRUSDT,2025-09-21 20:00:00,2025-09-22 00:00:00,2025-09-22 04:00:00,1.9878474576271186,True,True,False,False
ASRUSDT,2025-09-25 20:00:00,2025-09-26 00:00:00,2025-09-26 16:00:00,-1.0168550561797753,True,True,True,False
ASRUSDT,2025-10-10 12:00:00,2025-10-10 16:00:00,2025-10-10 20:00:00,1.9806368932038831,True,True,True,False
ASRUSDT,2025-10-21 00:00:00,2025-10-21 04:00:00,2025-10-29 00:00:00,1.1278805194805197,True,True,True,False
ASRUSDT,2025-11-13 16:00:00,2025-11-13 20:00:00,2025-11-21 12:00:00,-1.0189269230769231,True,True,True,False
ASRUSDT,2025-11-30 20:00:00,2025-12-01 00:00:00,2025-12-04 20:00:00,-1.023316049382716,True,True,True,False
ASRUSDT,2025-12-10 20:00:00,2025-12-11 00:00:00,2025-12-15 16:00:00,1.9735086956521735,True,True,True,False
ASRUSDT,2026-01-07 12:00:00,2026-01-07 16:00:00,2026-01-11 04:00:00,-1.0184434782608698,True,False,False,False
ASRUSDT,2026-01-19 00:00:00,2026-01-19 04:00:00,2026-01-19 12:00:00,-1.0188671875000002,True,False,False,False
ASRUSDT,2026-01-25 12:00:00,2026-01-25 16:00:00,2026-01-30 00:00:00,1.9822493975903612,True,False,True,False
ASRUSDT,2026-01-31 12:00:00,2026-01-31 16:00:00,2026-02-01 08:00:00,-1.0255544303797468,True,True,True,False
ASRUSDT,2026-02-05 08:00:00,2026-02-05 12:00:00,2026-02-10 08:00:00,-1.0193737373737375,True,True,True,False
ASRUSDT,2026-02-17 08:00:00,2026-02-17 12:00:00,2026-02-25 08:00:00,0.8450586206896533,True,True,True,False
ASRUSDT,2026-02-28 04:00:00,2026-02-28 08:00:00,2026-03-05 16:00:00,-1.0170266666666667,True,True,True,False
ASRUSDT,2026-03-08 20:00:00,2026-03-09 00:00:00,2026-03-14 08:00:00,-1.0196000000000003,True,True,True,False
ASRUSDT,2026-03-18 12:00:00,2026-03-18 16:00:00,2026-03-23 08:00:00,1.9848481012658226,True,True,False,False
ASRUSDT,2026-04-02 04:00:00,2026-04-02 08:00:00,2026-04-08 00:00:00,-1.0462736842105262,True,True,False,False
ASRUSDT,2026-04-12 00:00:00,2026-04-12 04:00:00,2026-04-14 16:00:00,-1.0360791666666667,True,True,False,False
ASRUSDT,2026-04-19 20:00:00,2026-04-20 00:00:00,2026-04-27 20:00:00,-0.17424640000000013,True,False,False,False
ASRUSDT,2026-04-29 16:00:00,2026-04-29 20:00:00,2026-05-06 16:00:00,-1.0399636363636362,True,True,False,False
ASRUSDT,2026-05-13 08:00:00,2026-05-13 12:00:00,2026-05-21 08:00:00,1.5906897196261678,True,False,False,False
ASRUSDT,2026-05-24 12:00:00,2026-05-24 16:00:00,2026-06-01 12:00:00,1.1875472222222205,True,True,False,False
ASRUSDT,2026-06-02 12:00:00,2026-06-02 16:00:00,2026-06-04 00:00:00,1.985401694915254,True,True,False,False
ASRUSDT,2026-06-22 16:00:00,2026-06-22 20:00:00,2026-06-24 12:00:00,-1.01876,True,True,False,False
ASRUSDT,2026-06-30 12:00:00,2026-06-30 16:00:00,2026-07-02 00:00:00,-1.0325499999999999,True,True,True,False
ASRUSDT,2026-07-07 16:00:00,2026-07-07 20:00:00,2026-07-15 16:00:00,-0.21490999999999996,True,True,False,False
ASRUSDT,2026-07-17 12:00:00,2026-07-17 16:00:00,2026-07-25 12:00:00,-0.133431884057971,True,True,False,False
ASRUSDT,2026-07-27 12:00:00,2026-07-27 16:00:00,2026-07-31 16:00:00,-1.0350823529411763,True,True,False,False
ASRUSDT,2026-08-16 16:00:00,2026-08-16 20:00:00,2026-08-18 16:00:00,-1.0742874999999998,True,True,False,False
ASTRUSDT,2024-10-07 20:00:00,2024-10-08 00:00:00,2024-10-14 08:00:00,-1.0233035294117647,True,False,False,False
ASTRUSDT,2024-10-16 16:00:00,2024-10-16 20:00:00,2024-10-24 16:00:00,0.28589885869565096,True,False,False,False
ASTRUSDT,2024-10-25 16:00:00,2024-10-25 20:00:00,2024-11-02 16:00:00,1.590760725720383,True,True,False,False
ASTRUSDT,2025-01-01 08:00:00,2025-01-01 12:00:00,2025-01-02 00:00:00,-1.0271533156498673,True,True,True,False
ASTRUSDT,2025-01-07 12:00:00,2025-01-07 16:00:00,2025-01-15 12:00:00,0.15790660287081276,True,True,True,False
ASTRUSDT,2025-01-18 04:00:00,2025-01-18 08:00:00,2025-01-21 04:00:00,1.9866417182470908,True,True,True,False
ASTRUSDT,2025-01-27 00:00:00,2025-01-27 04:00:00,2025-02-02 16:00:00,1.9897918828264758,True,True,True,False
ASTRUSDT,2025-02-18 04:00:00,2025-02-18 08:00:00,2025-02-20 16:00:00,-1.015912758931252,True,True,True,False
ASTRUSDT,2025-03-09 12:00:00,2025-03-09 16:00:00,2025-03-17 12:00:00,-0.2020033741316577,True,True,True,False
ASTRUSDT,2025-03-28 00:00:00,2025-03-28 04:00:00,2025-03-29 08:00:00,1.9759377221324714,True,True,True,False
ASTRUSDT,2025-03-31 00:00:00,2025-03-31 04:00:00,2025-04-02 20:00:00,1.9805320324005888,True,True,True,False
ASTRUSDT,2025-04-06 12:00:00,2025-04-06 16:00:00,2025-04-06 20:00:00,1.9731408515535094,True,True,True,False
ASTRUSDT,2025-04-17 08:00:00,2025-04-17 12:00:00,2025-04-19 00:00:00,-1.0165611374407584,True,True,True,False
ASTRUSDT,2025-05-03 20:00:00,2025-05-04 00:00:00,2025-05-08 20:00:00,-1.0161395894428153,True,False,False,False
ASTRUSDT,2025-05-17 16:00:00,2025-05-17 20:00:00,2025-05-25 16:00:00,0.3928513966480437,True,False,False,False
ASTRUSDT,2025-05-29 16:00:00,2025-05-29 20:00:00,2025-06-06 16:00:00,0.7073343379978463,True,False,False,False
ASTRUSDT,2025-06-12 08:00:00,2025-06-12 12:00:00,2025-06-20 08:00:00,0.7666197552447549,True,True,True,False
ASTRUSDT,2025-06-20 16:00:00,2025-06-20 20:00:00,2025-06-22 12:00:00,1.98003088372093,True,True,True,False
ASTRUSDT,2025-07-01 12:00:00,2025-07-01 16:00:00,2025-07-02 16:00:00,-1.017408972174901,True,True,True,False
ASTRUSDT,2025-07-23 20:00:00,2025-07-24 00:00:00,2025-07-30 16:00:00,1.9858940281030444,True,False,False,False
ASTRUSDT,2025-08-01 04:00:00,2025-08-01 08:00:00,2025-08-08 00:00:00,-1.0180978102189782,True,True,False,False
ASTRUSDT,2025-08-19 00:00:00,2025-08-19 04:00:00,2025-08-22 12:00:00,-1.0170737551867222,True,True,False,False
ASTRUSDT,2025-08-29 16:00:00,2025-08-29 20:00:00,2025-09-06 16:00:00,0.5258091113610794,True,False,True,False
ASTRUSDT,2025-09-15 12:00:00,2025-09-15 16:00:00,2025-09-21 12:00:00,-1.0151162424803333,True,True,False,False
ASTRUSDT,2025-09-30 08:00:00,2025-09-30 12:00:00,2025-10-03 12:00:00,-1.0293652671755726,True,True,True,False
ASTRUSDT,2025-10-15 16:00:00,2025-10-15 20:00:00,2025-10-23 16:00:00,0.9414673441734431,True,True,True,False
ASTRUSDT,2025-11-13 16:00:00,2025-11-13 20:00:00,2025-11-21 04:00:00,1.9895356312292358,True,True,True,False
ASTRUSDT,2025-12-07 08:00:00,2025-12-07 12:00:00,2025-12-08 08:00:00,-1.041005700712589,True,True,True,False
ASTRUSDT,2025-12-11 00:00:00,2025-12-11 04:00:00,2025-12-17 16:00:00,1.9887106885919834,True,True,True,False
ASTRUSDT,2025-12-23 12:00:00,2025-12-23 16:00:00,2025-12-31 12:00:00,0.21189678510998367,True,True,True,False
ASTRUSDT,2025-12-31 16:00:00,2025-12-31 20:00:00,2026-01-01 16:00:00,-1.032884520884521,True,True,True,False
ASTRUSDT,2026-01-09 16:00:00,2026-01-09 20:00:00,2026-01-13 12:00:00,-1.0179398081534774,True,True,False,False
ASTRUSDT,2026-02-11 04:00:00,2026-02-11 08:00:00,2026-02-12 04:00:00,-1.016428805237316,True,True,True,False
ASTRUSDT,2026-02-18 16:00:00,2026-02-18 20:00:00,2026-02-26 16:00:00,0.36143627204030154,True,True,True,False
ASTRUSDT,2026-03-14 04:00:00,2026-03-14 08:00:00,2026-03-16 04:00:00,-1.0359414634146342,True,True,True,False
ASTRUSDT,2026-03-29 12:00:00,2026-03-29 16:00:00,2026-03-31 20:00:00,-1.0248172413793104,True,True,True,False
ASTRUSDT,2026-04-02 12:00:00,2026-04-02 16:00:00,2026-04-07 20:00:00,-1.0201260606060607,True,True,False,False
ASTRUSDT,2026-04-27 04:00:00,2026-04-27 08:00:00,2026-05-03 12:00:00,-1.028723155216285,True,False,False,False
ASTRUSDT,2026-05-13 12:00:00,2026-05-13 16:00:00,2026-05-21 12:00:00,0.9440281012658238,True,False,False,False
ASTRUSDT,2026-05-23 04:00:00,2026-05-23 08:00:00,2026-05-31 04:00:00,0.10232485029940115,True,True,False,False
ASTRUSDT,2026-06-02 12:00:00,2026-06-02 16:00:00,2026-06-05 16:00:00,1.9909381578947367,True,True,False,False
ASTRUSDT,2026-06-09 12:00:00,2026-06-09 16:00:00,2026-06-11 00:00:00,-1.0172655963302755,True,True,True,False
ASTRUSDT,2026-06-25 12:00:00,2026-06-25 16:00:00,2026-07-03 12:00:00,-0.5051216828478955,True,True,True,False
ASTRUSDT,2026-07-08 00:00:00,2026-07-08 04:00:00,2026-07-11 08:00:00,-1.0196793201133145,True,True,False,False
ASTRUSDT,2026-07-24 12:00:00,2026-07-24 16:00:00,2026-07-29 20:00:00,1.974735359116022,True,True,False,False
ASTRUSDT,2026-08-03 04:00:00,2026-08-03 08:00:00,2026-08-09 04:00:00,-1.0263872,True,True,False,False
ASTRUSDT,2026-08-11 12:00:00,2026-08-11 16:00:00,2026-08-19 12:00:00,0.015607017543858702,True,True,False,False
AVAAIUSDT,2025-09-25 08:00:00,2025-09-25 12:00:00,2025-10-03 08:00:00,0.002760273972604279,True,True,True,False
AVAAIUSDT,2025-12-08 12:00:00,2025-12-08 16:00:00,2025-12-11 12:00:00,1.9890448275862067,True,True,True,False
AVAAIUSDT,2025-12-14 08:00:00,2025-12-14 12:00:00,2025-12-15 00:00:00,-1.021675,True,True,True,False
AVAAIUSDT,2025-12-23 12:00:00,2025-12-23 16:00:00,2025-12-31 12:00:00,0.600593939393937,True,True,True,False
AVAAIUSDT,2026-01-24 12:00:00,2026-01-24 16:00:00,2026-01-31 04:00:00,1.9890105263157893,True,True,True,False
AVAAIUSDT,2026-02-11 04:00:00,2026-02-11 08:00:00,2026-02-13 12:00:00,-1.0182777777777778,True,True,True,False
AVAAIUSDT,2026-02-22 12:00:00,2026-02-22 16:00:00,2026-02-25 12:00:00,-1.019547169811321,True,True,True,False
AVAAIUSDT,2026-03-29 08:00:00,2026-03-29 12:00:00,2026-04-02 04:00:00,-1.025455652173913,True,True,True,False
AVAAIUSDT,2026-05-07 00:00:00,2026-05-07 04:00:00,2026-05-07 16:00:00,-1.0167077989601387,True,True,False,False
AVAAIUSDT,2026-05-26 16:00:00,2026-05-26 20:00:00,2026-06-03 16:00:00,0.5596951456310666,True,True,False,False
AVAAIUSDT,2026-06-14 12:00:00,2026-06-14 16:00:00,2026-06-14 20:00:00,-1.0293475,True,True,True,False
AVAAIUSDT,2026-07-07 20:00:00,2026-07-08 00:00:00,2026-07-08 04:00:00,-1.01781568627451,True,True,False,False
AVAUSDT,2025-01-06 20:00:00,2025-01-07 00:00:00,2025-01-08 00:00:00,1.98955881383855,True,False,True,False
AVAUSDT,2025-02-14 20:00:00,2025-02-15 00:00:00,2025-02-18 16:00:00,1.984913970588235,True,True,True,False
AVAUSDT,2025-03-26 16:00:00,2025-03-26 20:00:00,2025-03-29 08:00:00,1.9861575609756095,True,False,True,False
AVAUSDT,2025-04-06 12:00:00,2025-04-06 16:00:00,2025-04-07 00:00:00,1.980575319148936,True,True,True,False
AVAUSDT,2025-04-22 08:00:00,2025-04-22 12:00:00,2025-04-23 00:00:00,-1.0272169491525425,True,False,True,False
AVAUSDT,2025-05-17 00:00:00,2025-05-17 04:00:00,2025-05-23 00:00:00,-1.0150590051457977,True,False,False,False
AVAUSDT,2025-05-30 00:00:00,2025-05-30 04:00:00,2025-06-07 00:00:00,0.4498170777988611,True,True,False,False
AVAUSDT,2025-06-17 12:00:00,2025-06-17 16:00:00,2025-06-24 04:00:00,-1.0143865877712033,True,True,True,False
AVAUSDT,2025-06-28 04:00:00,2025-06-28 08:00:00,2025-06-29 20:00:00,-1.0347910447761195,True,True,True,False
AVAUSDT,2025-07-01 00:00:00,2025-07-01 04:00:00,2025-07-03 04:00:00,-1.021653918495298,True,True,True,False
AVAUSDT,2025-07-23 16:00:00,2025-07-23 20:00:00,2025-07-31 16:00:00,1.3196620689655163,True,False,False,False
AVAUSDT,2025-07-31 20:00:00,2025-08-01 00:00:00,2025-08-08 16:00:00,-1.0153914979757086,True,False,False,False
AVAUSDT,2025-08-11 08:00:00,2025-08-11 12:00:00,2025-08-12 16:00:00,-1.0233293447293448,True,False,False,False
AVAUSDT,2025-08-29 04:00:00,2025-08-29 08:00:00,2025-09-06 04:00:00,0.4724006825938588,True,True,True,False
AVAUSDT,2025-09-15 08:00:00,2025-09-15 12:00:00,2025-09-19 04:00:00,-1.015258585858586,True,True,False,False
AVAUSDT,2025-09-30 12:00:00,2025-09-30 16:00:00,2025-10-01 08:00:00,-1.0211694267515925,True,True,True,False
AVAUSDT,2025-10-07 12:00:00,2025-10-07 16:00:00,2025-10-10 20:00:00,1.982544029850746,True,True,False,False
AVAUSDT,2025-10-22 16:00:00,2025-10-22 20:00:00,2025-10-28 12:00:00,-1.0159808049535606,True,True,True,False
AVAUSDT,2025-11-02 12:00:00,2025-11-02 16:00:00,2025-11-03 12:00:00,1.9832590673575128,True,True,True,False
AVAUSDT,2025-11-16 12:00:00,2025-11-16 16:00:00,2025-11-21 04:00:00,1.9888829545454545,True,True,True,False
AVAUSDT,2025-12-01 00:00:00,2025-12-01 04:00:00,2025-12-02 12:00:00,-1.0145905454545456,True,True,True,False
AVAUSDT,2025-12-12 12:00:00,2025-12-12 16:00:00,2025-12-17 16:00:00,1.9836067484662574,True,True,True,False
AVAUSDT,2025-12-30 16:00:00,2025-12-30 20:00:00,2026-01-02 12:00:00,-1.0207817204301077,True,True,True,False
AVAUSDT,2026-01-08 08:00:00,2026-01-08 12:00:00,2026-01-10 12:00:00,-1.0255322033898304,True,False,False,False
AVAUSDT,2026-01-23 08:00:00,2026-01-23 12:00:00,2026-01-29 12:00:00,1.9826697674418603,True,False,True,False
AVAUSDT,2026-01-31 16:00:00,2026-01-31 20:00:00,2026-02-05 12:00:00,1.9884291666666665,True,True,True,False
AVAUSDT,2026-02-11 08:00:00,2026-02-11 12:00:00,2026-02-12 00:00:00,-1.0305494736842105,True,True,True,False
AVAUSDT,2026-02-17 08:00:00,2026-02-17 12:00:00,2026-02-23 00:00:00,1.9791548387096771,True,True,True,False
AVAUSDT,2026-02-27 16:00:00,2026-02-27 20:00:00,2026-03-07 16:00:00,0.9232553191489363,True,True,True,False
AVAUSDT,2026-03-26 04:00:00,2026-03-26 08:00:00,2026-04-03 04:00:00,-0.013474626865672468,True,False,False,False
AVAUSDT,2026-04-07 08:00:00,2026-04-07 12:00:00,2026-04-07 20:00:00,-1.02072,True,True,False,False
AVAUSDT,2026-05-07 00:00:00,2026-05-07 04:00:00,2026-05-09 00:00:00,-1.022037931034483,True,False,False,False
AVAUSDT,2026-05-12 08:00:00,2026-05-12 12:00:00,2026-05-15 12:00:00,1.9773378378378375,True,False,False,False
AVAUSDT,2026-05-22 16:00:00,2026-05-22 20:00:00,2026-05-28 00:00:00,1.9771936170212763,True,False,False,False
AVAUSDT,2026-06-02 12:00:00,2026-06-02 16:00:00,2026-06-05 16:00:00,1.9891531791907513,True,True,False,False
AVAUSDT,2026-06-14 04:00:00,2026-06-14 08:00:00,2026-06-14 20:00:00,-1.0437733333333332,True,True,True,False
AVAUSDT,2026-06-24 12:00:00,2026-06-24 16:00:00,2026-07-02 12:00:00,0.34627659574467756,True,True,True,False
AVAUSDT,2026-07-08 00:00:00,2026-07-08 04:00:00,2026-07-16 00:00:00,0.23793383458646505,True,True,False,False
AVAUSDT,2026-07-18 08:00:00,2026-07-18 12:00:00,2026-07-25 12:00:00,-1.0172592,True,True,False,False
AVAUSDT,2026-08-11 12:00:00,2026-08-11 16:00:00,2026-08-19 12:00:00,0.9562306818181817,True,False,False,False
AWEUSDT,2025-05-28 12:00:00,2025-05-28 16:00:00,2025-06-03 00:00:00,-1.015260389836408,True,False,False,False
AWEUSDT,2025-06-11 16:00:00,2025-06-11 20:00:00,2025-06-12 04:00:00,-1.0286877192982455,True,False,True,False
AWEUSDT,2025-06-17 20:00:00,2025-06-18 00:00:00,2025-06-20 00:00:00,-1.0285583166332666,True,False,True,False
AWEUSDT,2025-07-01 08:00:00,2025-07-01 12:00:00,2025-07-02 08:00:00,-1.022470083432658,True,False,True,False
AWEUSDT,2025-07-05 12:00:00,2025-07-05 16:00:00,2025-07-13 12:00:00,0.040398858385430815,True,False,True,False
AWEUSDT,2025-07-19 08:00:00,2025-07-19 12:00:00,2025-07-21 04:00:00,-1.0292038475499092,True,False,False,False
AWEUSDT,2025-07-28 20:00:00,2025-07-29 00:00:00,2025-08-04 08:00:00,-1.0179823834196893,True,False,False,False
AWEUSDT,2025-08-11 08:00:00,2025-08-11 12:00:00,2025-08-14 12:00:00,1.9766838560885605,True,False,False,False
AWEUSDT,2025-08-18 04:00:00,2025-08-18 08:00:00,2025-08-18 16:00:00,-1.0371990425531914,True,True,False,False
AWEUSDT,2025-09-01 00:00:00,2025-09-01 04:00:00,2025-09-01 04:00:00,-1.033979079079079,True,True,True,False
AWEUSDT,2025-10-08 00:00:00,2025-10-08 04:00:00,2025-10-08 04:00:00,-1.0200853333333335,True,False,True,False
AWEUSDT,2025-10-09 08:00:00,2025-10-09 12:00:00,2025-10-10 20:00:00,1.9897726303317533,True,False,True,False
AWEUSDT,2025-10-21 08:00:00,2025-10-21 12:00:00,2025-10-24 00:00:00,-1.0170097643097644,True,True,True,False
AWEUSDT,2025-11-11 04:00:00,2025-11-11 08:00:00,2025-11-13 16:00:00,1.9864475524475522,True,True,True,False
AWEUSDT,2025-11-19 16:00:00,2025-11-19 20:00:00,2025-11-23 08:00:00,-1.0145246315789476,True,True,True,False
AWEUSDT,2025-12-05 16:00:00,2025-12-05 20:00:00,2025-12-13 16:00:00,0.2118300715990451,True,True,True,False
AWEUSDT,2025-12-15 08:00:00,2025-12-15 12:00:00,2025-12-23 08:00:00,-0.29596517055655336,True,True,True,False
AWEUSDT,2025-12-30 00:00:00,2025-12-30 04:00:00,2026-01-02 00:00:00,-1.0306306451612903,True,True,True,False
AWEUSDT,2026-01-09 16:00:00,2026-01-09 20:00:00,2026-01-17 16:00:00,0.33460979827089277,True,False,False,False
AWEUSDT,2026-01-18 20:00:00,2026-01-19 00:00:00,2026-01-26 20:00:00,0.256337999999999,True,True,False,False
AWEUSDT,2026-01-29 12:00:00,2026-01-29 16:00:00,2026-01-31 04:00:00,-1.0326027397260273,True,True,True,False
AWEUSDT,2026-02-16 08:00:00,2026-02-16 12:00:00,2026-02-16 16:00:00,-1.0176387931034485,True,False,True,False
AWEUSDT,2026-03-03 08:00:00,2026-03-03 12:00:00,2026-03-04 12:00:00,-1.0311283185840707,True,True,True,False
AWEUSDT,2026-03-06 12:00:00,2026-03-06 16:00:00,2026-03-07 12:00:00,-1.020398823529412,True,True,True,False
AWEUSDT,2026-03-19 12:00:00,2026-03-19 16:00:00,2026-03-27 12:00:00,1.9839854729729727,True,True,False,False
AWEUSDT,2026-04-13 00:00:00,2026-04-13 04:00:00,2026-04-14 00:00:00,-1.0403295454545454,True,False,False,False
AWEUSDT,2026-05-08 08:00:00,2026-05-08 12:00:00,2026-05-11 08:00:00,-1.0246272727272727,True,False,False,False
AWEUSDT,2026-05-17 16:00:00,2026-05-17 20:00:00,2026-05-25 16:00:00,-0.3816317073170728,True,False,False,False
AWEUSDT,2026-05-29 16:00:00,2026-05-29 20:00:00,2026-06-02 12:00:00,-1.019028272251309,True,False,True,False
AWEUSDT,2026-06-30 04:00:00,2026-06-30 08:00:00,2026-06-30 16:00:00,-1.0291542857142857,True,True,True,False
AWEUSDT,2026-07-23 20:00:00,2026-07-24 00:00:00,2026-07-25 12:00:00,-1.0233779104477612,True,False,False,False
AWEUSDT,2026-07-27 20:00:00,2026-07-28 00:00:00,2026-08-02 12:00:00,-1.0162109936575054,True,True,False,False
AWEUSDT,2026-08-05 12:00:00,2026-08-05 16:00:00,2026-08-07 00:00:00,-1.0345125,True,True,False,False
AXLUSDT,2024-09-11 00:00:00,2024-09-11 04:00:00,2024-09-13 12:00:00,-1.0214186915887853,True,False,False,True
AXLUSDT,2024-10-07 16:00:00,2024-10-07 20:00:00,2024-10-11 16:00:00,-1.0152994871794874,True,False,False,False
AXLUSDT,2024-10-25 12:00:00,2024-10-25 16:00:00,2024-11-02 12:00:00,1.714989522342062,True,False,False,False
AXLUSDT,2025-01-13 00:00:00,2025-01-13 04:00:00,2025-01-15 12:00:00,-1.0167856262833677,True,True,True,False
AXLUSDT,2025-03-09 04:00:00,2025-03-09 08:00:00,2025-03-10 08:00:00,-1.0241594594594594,True,True,True,False
AXLUSDT,2025-04-06 12:00:00,2025-04-06 16:00:00,2025-04-07 04:00:00,1.9898154639175256,True,True,True,False
AXLUSDT,2025-05-03 00:00:00,2025-05-03 04:00:00,2025-05-08 20:00:00,-1.0175142857142858,True,False,False,False
AXLUSDT,2025-05-17 12:00:00,2025-05-17 16:00:00,2025-05-23 04:00:00,-1.0181024390243905,True,False,False,False
AXLUSDT,2025-05-25 00:00:00,2025-05-25 04:00:00,2025-05-30 00:00:00,1.9804068322981363,True,False,False,False
AXLUSDT,2025-06-21 16:00:00,2025-06-21 20:00:00,2025-06-22 12:00:00,1.981508620689655,True,True,True,False
AXLUSDT,2025-08-01 04:00:00,2025-08-01 08:00:00,2025-08-09 04:00:00,-0.8051551515151513,True,True,False,False
AXLUSDT,2025-08-11 20:00:00,2025-08-12 00:00:00,2025-08-13 12:00:00,-1.0143668674698796,True,False,False,False
AXLUSDT,2025-08-18 04:00:00,2025-08-18 08:00:00,2025-08-26 04:00:00,1.0734428571428585,True,True,False,False
AXLUSDT,2025-08-29 04:00:00,2025-08-29 08:00:00,2025-08-31 00:00:00,-1.0275303225806451,True,True,True,False
AXLUSDT,2025-09-01 12:00:00,2025-09-01 16:00:00,2025-09-09 04:00:00,-1.016631325301205,True,True,True,False
AXLUSDT,2025-09-15 08:00:00,2025-09-15 12:00:00,2025-09-18 20:00:00,-1.018182786885246,True,True,False,False
AXLUSDT,2025-09-22 00:00:00,2025-09-22 04:00:00,2025-09-30 00:00:00,0.8747248120300763,True,True,False,False
AXLUSDT,2025-09-30 08:00:00,2025-09-30 12:00:00,2025-10-02 16:00:00,-1.0210000000000001,True,True,True,False
AXLUSDT,2025-10-05 16:00:00,2025-10-05 20:00:00,2025-10-06 12:00:00,-1.0215481481481483,True,True,True,False
AXLUSDT,2025-10-09 12:00:00,2025-10-09 16:00:00,2025-10-10 20:00:00,1.9877753554502369,True,True,True,False
AXLUSDT,2025-10-16 12:00:00,2025-10-16 16:00:00,2025-10-24 12:00:00,1.3284098039215706,True,True,True,False
AXLUSDT,2025-11-11 16:00:00,2025-11-11 20:00:00,2025-11-16 00:00:00,1.9880585365853656,True,True,True,False
AXLUSDT,2025-11-16 12:00:00,2025-11-16 16:00:00,2025-11-24 12:00:00,0.9258691588785054,True,True,True,False
AXLUSDT,2025-11-29 04:00:00,2025-11-29 08:00:00,2025-12-01 12:00:00,1.9883826530612243,True,True,True,False
AXLUSDT,2025-12-04 20:00:00,2025-12-05 00:00:00,2025-12-09 16:00:00,-1.0281206896551724,True,True,True,False
AXLUSDT,2025-12-24 00:00:00,2025-12-24 04:00:00,2026-01-01 00:00:00,0.6612970588235303,True,True,True,False
AXLUSDT,2026-01-11 20:00:00,2026-01-12 00:00:00,2026-01-13 20:00:00,-1.0222133333333336,True,True,False,False
AXLUSDT,2026-02-18 16:00:00,2026-02-18 20:00:00,2026-02-25 08:00:00,-1.0176320175438598,True,True,True,False
AXLUSDT,2026-02-27 16:00:00,2026-02-27 20:00:00,2026-03-07 16:00:00,0.9023884773662549,True,True,True,False
AXLUSDT,2026-03-11 04:00:00,2026-03-11 08:00:00,2026-03-11 20:00:00,-1.0332754545454546,True,True,True,False
AXLUSDT,2026-03-22 00:00:00,2026-03-22 04:00:00,2026-03-25 00:00:00,-1.0314663755458515,True,True,False,False
AXLUSDT,2026-04-02 00:00:00,2026-04-02 04:00:00,2026-04-06 08:00:00,-1.02525,True,True,False,False
AXLUSDT,2026-04-12 00:00:00,2026-04-12 04:00:00,2026-04-13 08:00:00,-1.0222594982078854,True,True,False,False
AXLUSDT,2026-04-25 12:00:00,2026-04-25 16:00:00,2026-04-29 04:00:00,-1.015182341650672,True,False,False,False
AXLUSDT,2026-05-12 00:00:00,2026-05-12 04:00:00,2026-05-15 12:00:00,1.9849674528301886,True,False,False,False
AXLUSDT,2026-05-17 20:00:00,2026-05-18 00:00:00,2026-05-21 16:00:00,-1.019136643026005,True,False,False,False
AXLUSDT,2026-05-27 00:00:00,2026-05-27 04:00:00,2026-06-04 00:00:00,1.9899134146341462,True,True,False,False
AXLUSDT,2026-06-22 16:00:00,2026-06-22 20:00:00,2026-06-30 16:00:00,0.5664495356037133,True,True,False,False
AXLUSDT,2026-07-08 00:00:00,2026-07-08 04:00:00,2026-07-12 00:00:00,-1.018909210526316,True,True,False,False
AXLUSDT,2026-07-13 00:00:00,2026-07-13 04:00:00,2026-07-21 00:00:00,-0.10897806788511727,True,True,False,False
AXLUSDT,2026-07-27 12:00:00,2026-07-27 16:00:00,2026-08-04 12:00:00,1.0391040983606517,True,True,False,False
AXLUSDT,2026-08-11 12:00:00,2026-08-11 16:00:00,2026-08-19 12:00:00,-0.6504628820960683,True,True,False,False
B2USDT,2025-05-22 12:00:00,2025-05-22 16:00:00,2025-05-28 12:00:00,1.9846076315789472,True,False,False,False
B2USDT,2025-05-30 04:00:00,2025-05-30 08:00:00,2025-06-07 04:00:00,0.3539303822937636,True,False,False,False
B2USDT,2025-06-22 08:00:00,2025-06-22 12:00:00,2025-06-23 04:00:00,-1.0313904761904762,True,False,True,False
B2USDT,2025-07-04 12:00:00,2025-07-04 16:00:00,2025-07-08 04:00:00,-1.0215824427480917,True,True,True,False
B2USDT,2025-07-24 04:00:00,2025-07-24 08:00:00,2025-07-31 04:00:00,-1.014454054054054,True,True,False,False
B2USDT,2025-08-20 00:00:00,2025-08-20 04:00:00,2025-08-20 08:00:00,-1.0163201413427563,True,True,True,False
B2USDT,2025-09-02 04:00:00,2025-09-02 08:00:00,2025-09-04 12:00:00,-1.014813294797688,True,True,True,False
B2USDT,2025-11-09 20:00:00,2025-11-10 00:00:00,2025-11-14 08:00:00,1.9902491926803012,True,True,True,False
B2USDT,2025-11-20 20:00:00,2025-11-21 00:00:00,2025-11-22 08:00:00,1.990356395348837,True,True,True,False
B2USDT,2025-11-28 16:00:00,2025-11-28 20:00:00,2025-12-03 00:00:00,-1.0141521178637203,True,True,True,False
B2USDT,2025-12-12 12:00:00,2025-12-12 16:00:00,2025-12-19 12:00:00,-1.0142627831715212,True,True,True,False
B2USDT,2026-01-08 00:00:00,2026-01-08 04:00:00,2026-01-12 12:00:00,-1.0146033383915025,True,False,False,False
B2USDT,2026-01-17 20:00:00,2026-01-18 00:00:00,2026-01-19 00:00:00,-1.0302,True,False,False,False
B2USDT,2026-01-23 12:00:00,2026-01-23 16:00:00,2026-01-25 04:00:00,-1.0202686159844057,True,False,True,False
B2USDT,2026-02-04 12:00:00,2026-02-04 16:00:00,2026-02-06 00:00:00,1.988138805970149,True,False,True,False
B2USDT,2026-03-04 04:00:00,2026-03-04 08:00:00,2026-03-12 04:00:00,0.4407257936507937,True,True,True,False
B2USDT,2026-03-28 08:00:00,2026-03-28 12:00:00,2026-03-31 04:00:00,-1.0208200000000003,True,False,True,False
B2USDT,2026-04-01 04:00:00,2026-04-01 08:00:00,2026-04-06 16:00:00,1.9884723404255318,True,False,True,False
B2USDT,2026-05-21 20:00:00,2026-05-22 00:00:00,2026-05-22 08:00:00,-1.0222747368421055,True,True,False,False
B2USDT,2026-05-28 12:00:00,2026-05-28 16:00:00,2026-06-02 20:00:00,-1.0145600000000001,True,True,True,False
B2USDT,2026-06-10 04:00:00,2026-06-10 08:00:00,2026-06-16 12:00:00,-1.0175701897018972,True,True,True,False
B2USDT,2026-06-26 04:00:00,2026-06-26 08:00:00,2026-06-29 08:00:00,-1.0197172972972974,True,False,True,False
B2USDT,2026-07-07 16:00:00,2026-07-07 20:00:00,2026-07-10 00:00:00,-1.0289709677419354,True,False,False,False
B2USDT,2026-07-13 12:00:00,2026-07-13 16:00:00,2026-07-21 12:00:00,0.0402193771626303,True,False,False,False
B2USDT,2026-07-22 08:00:00,2026-07-22 12:00:00,2026-07-22 16:00:00,-1.0300560669456067,True,False,False,False
B2USDT,2026-08-10 12:00:00,2026-08-10 16:00:00,2026-08-11 08:00:00,-1.016825587467363,True,True,False,False
B3USDT,2025-02-24 20:00:00,2025-02-25 00:00:00,2025-02-28 00:00:00,1.9904919354838708,True,False,True,False
B3USDT,2025-03-20 12:00:00,2025-03-20 16:00:00,2025-03-23 08:00:00,-1.0147396226415095,True,False,True,False
B3USDT,2025-05-17 08:00:00,2025-05-17 12:00:00,2025-05-18 04:00:00,-1.019611931818182,True,False,False,False
B3USDT,2025-05-25 08:00:00,2025-05-25 12:00:00,2025-05-28 00:00:00,-1.014826388888889,True,False,False,False
B3USDT,2025-06-04 20:00:00,2025-06-05 00:00:00,2025-06-12 20:00:00,-0.4903539007092196,True,True,True,False
B3USDT,2025-06-13 00:00:00,2025-06-13 04:00:00,2025-06-17 04:00:00,-1.014257142857143,True,True,True,False
B3USDT,2025-07-01 08:00:00,2025-07-01 12:00:00,2025-07-02 20:00:00,-1.0155486725663718,True,True,True,False
B3USDT,2025-07-08 00:00:00,2025-07-08 04:00:00,2025-07-10 08:00:00,-1.0285669421487602,True,True,True,False
B3USDT,2025-07-23 16:00:00,2025-07-23 20:00:00,2025-07-27 20:00:00,-1.0199354166666668,True,False,False,False
B3USDT,2025-08-11 08:00:00,2025-08-11 12:00:00,2025-08-13 08:00:00,-1.0170866141732284,True,False,False,False
B3USDT,2025-08-18 04:00:00,2025-08-18 08:00:00,2025-08-22 16:00:00,-1.015709881422925,True,False,False,False
B3USDT,2025-09-01 00:00:00,2025-09-01 04:00:00,2025-09-06 16:00:00,1.9831234482758617,True,True,True,False
B3USDT,2025-09-21 20:00:00,2025-09-22 00:00:00,2025-09-29 20:00:00,0.8015492063492043,True,False,False,False
B3USDT,2025-09-30 12:00:00,2025-09-30 16:00:00,2025-10-02 20:00:00,-1.0149392405063293,True,True,True,False
B3USDT,2025-10-04 12:00:00,2025-10-04 16:00:00,2025-10-07 00:00:00,-1.018116417910448,True,True,True,False
B3USDT,2025-10-07 16:00:00,2025-10-07 20:00:00,2025-10-10 20:00:00,1.9900999999999998,True,True,False,False
B3USDT,2025-10-30 08:00:00,2025-10-30 12:00:00,2025-11-04 04:00:00,1.989127027027027,True,True,True,False
B3USDT,2025-11-11 08:00:00,2025-11-11 12:00:00,2025-11-14 04:00:00,1.9893011834319525,True,True,True,False
B3USDT,2025-11-17 16:00:00,2025-11-17 20:00:00,2025-11-25 16:00:00,-0.18252566371681528,True,True,True,False
B3USDT,2025-11-28 00:00:00,2025-11-28 04:00:00,2025-12-01 00:00:00,1.988573033707865,True,True,True,False
B3USDT,2025-12-14 12:00:00,2025-12-14 16:00:00,2025-12-18 16:00:00,1.9860118644067795,True,True,True,False
B3USDT,2026-01-11 20:00:00,2026-01-12 00:00:00,2026-01-13 20:00:00,-1.022858620689655,True,True,False,False
B3USDT,2026-01-18 20:00:00,2026-01-19 00:00:00,2026-01-25 16:00:00,1.9867571428571427,True,False,False,False
B3USDT,2026-01-29 00:00:00,2026-01-29 04:00:00,2026-01-31 12:00:00,1.9879896551724137,True,True,True,False
B3USDT,2026-02-18 16:00:00,2026-02-18 20:00:00,2026-02-26 16:00:00,1.283187283236993,True,True,True,False
B3USDT,2026-03-20 08:00:00,2026-03-20 12:00:00,2026-03-26 08:00:00,1.9878634328358207,True,True,True,False
B3USDT,2026-04-12 08:00:00,2026-04-12 12:00:00,2026-04-16 20:00:00,-1.0173300411522634,True,True,False,False
B3USDT,2026-04-22 20:00:00,2026-04-23 00:00:00,2026-04-28 08:00:00,1.9905069306930692,True,True,False,False
BABAUSDT,2026-04-23 00:00:00,2026-04-23 04:00:00,2026-05-01 00:00:00,0.1630916827852995,True,False,False,False
BABAUSDT,2026-05-11 00:00:00,2026-05-11 04:00:00,2026-05-13 08:00:00,1.9603539936102237,True,False,False,False
BABAUSDT,2026-05-21 04:00:00,2026-05-21 08:00:00,2026-05-29 04:00:00,0.46398997821350557,True,False,False,False
BABAUSDT,2026-06-05 12:00:00,2026-06-05 16:00:00,2026-06-13 12:00:00,0.709497938144329,True,False,True,False
BABAUSDT,2026-06-17 16:00:00,2026-06-17 20:00:00,2026-06-25 16:00:00,1.3574576457645788,True,True,False,False
BABAUSDT,2026-07-24 00:00:00,2026-07-24 04:00:00,2026-07-29 00:00:00,-1.0262,True,False,False,False
BABAUSDT,2026-08-12 00:00:00,2026-08-12 04:00:00,2026-08-20 00:00:00,-0.6289093867334181,True,False,False,False
BADGERUSDT,2024-09-06 16:00:00,2024-09-06 20:00:00,2024-09-09 16:00:00,-1.01862,True,False,False,True
BADGERUSDT,2024-09-15 16:00:00,2024-09-15 20:00:00,2024-09-18 00:00:00,-1.0423519294377066,True,False,False,True
BADGERUSDT,2024-09-30 12:00:00,2024-09-30 16:00:00,2024-10-08 12:00:00,1.0843949600000002,True,False,False,False
BADGERUSDT,2024-10-09 12:00:00,2024-10-09 16:00:00,2024-10-11 20:00:00,-1.0306265791632485,True,False,False,False
BADGERUSDT,2024-10-17 08:00:00,2024-10-17 12:00:00,2024-10-20 12:00:00,-1.0171671220802116,True,False,False,False
BADGERUSDT,2024-10-23 12:00:00,2024-10-23 16:00:00,2024-10-29 16:00:00,-1.0224850828729282,True,False,False,False
BADGERUSDT,2024-11-20 16:00:00,2024-11-20 20:00:00,2024-11-21 20:00:00,-1.0141800524934386,True,False,False,False
BADGERUSDT,2024-12-17 20:00:00,2024-12-18 00:00:00,2024-12-19 00:00:00,1.9876399343544857,True,False,False,False
BADGERUSDT,2024-12-30 12:00:00,2024-12-30 16:00:00,2025-01-04 00:00:00,-1.0164053041222256,True,False,True,False
BADGERUSDT,2025-01-18 04:00:00,2025-01-18 08:00:00,2025-01-20 04:00:00,-1.0166424742268043,True,False,True,False
BADGERUSDT,2025-01-26 20:00:00,2025-01-27 00:00:00,2025-01-29 04:00:00,-1.0284326727370112,True,True,True,False
BADGERUSDT,2025-02-02 00:00:00,2025-02-02 04:00:00,2025-02-03 00:00:00,1.9888069999999998,True,True,True,False
BADGERUSDT,2025-02-09 16:00:00,2025-02-09 20:00:00,2025-02-15 08:00:00,-1.015123732119636,True,True,True,False
BADGERUSDT,2025-02-22 12:00:00,2025-02-22 16:00:00,2025-03-02 12:00:00,0.8437725134599028,True,False,True,False
BADGERUSDT,2025-03-16 08:00:00,2025-03-16 12:00:00,2025-03-24 08:00:00,0.5444968399592232,True,True,True,False
BADGERUSDT,2025-03-26 16:00:00,2025-03-26 20:00:00,2025-03-29 04:00:00,1.9843684210526313,True,True,True,False
BADGERUSDT,2025-04-01 20:00:00,2025-04-02 00:00:00,2025-04-06 16:00:00,1.9879628318584068,True,True,True,False
BANANAS31USDT,2025-04-13 08:00:00,2025-04-13 12:00:00,2025-04-15 16:00:00,1.98785,True,False,True,False
BANANAS31USDT,2025-05-03 08:00:00,2025-05-03 12:00:00,2025-05-06 20:00:00,-1.0215069767441862,True,False,False,False
BANANAS31USDT,2025-05-18 00:00:00,2025-05-18 04:00:00,2025-05-19 08:00:00,-1.0235208722741433,True,False,False,False
BANANAS31USDT,2025-06-04 08:00:00,2025-06-04 12:00:00,2025-06-07 12:00:00,1.9847499999999998,True,False,True,False
BANANAS31USDT,2025-06-18 08:00:00,2025-06-18 12:00:00,2025-06-19 00:00:00,1.9673149068322984,True,False,True,False
BANANAS31USDT,2025-08-19 20:00:00,2025-08-20 00:00:00,2025-08-20 08:00:00,-1.01801387283237,True,True,False,False
BANANAS31USDT,2025-08-25 04:00:00,2025-08-25 08:00:00,2025-09-02 04:00:00,0.42369528301886733,True,True,False,False
BANANAS31USDT,2025-09-04 12:00:00,2025-09-04 16:00:00,2025-09-12 12:00:00,0.2599448132780071,True,True,True,False
BANANAS31USDT,2025-09-15 04:00:00,2025-09-15 08:00:00,2025-09-15 16:00:00,1.9738567307692305,True,True,False,False
BANANAS31USDT,2025-09-25 08:00:00,2025-09-25 12:00:00,2025-10-03 00:00:00,-1.0235567213114753,True,True,True,False
BANANAS31USDT,2025-10-05 16:00:00,2025-10-05 20:00:00,2025-10-06 12:00:00,-1.031276724137931,True,True,True,False
BANANAS31USDT,2025-10-10 12:00:00,2025-10-10 16:00:00,2025-10-10 20:00:00,1.9884959493670884,True,True,True,False
BANANAS31USDT,2025-10-28 16:00:00,2025-10-28 20:00:00,2025-11-03 12:00:00,1.9896599999999998,True,True,True,False
BANANAS31USDT,2025-12-29 08:00:00,2025-12-29 12:00:00,2025-12-30 16:00:00,-1.031870588235294,True,False,True,False
BANANAS31USDT,2026-01-12 00:00:00,2026-01-12 04:00:00,2026-01-13 08:00:00,-1.0294459016393442,True,False,False,False
BANANAS31USDT,2026-01-19 00:00:00,2026-01-19 04:00:00,2026-01-19 08:00:00,-1.0148336182336184,True,False,False,False
BANANAS31USDT,2026-01-31 04:00:00,2026-01-31 08:00:00,2026-01-31 16:00:00,1.9863270588235293,True,False,True,False
BANANAS31USDT,2026-02-03 20:00:00,2026-02-04 00:00:00,2026-02-06 00:00:00,1.9904499999999998,True,True,True,False
BANANAS31USDT,2026-02-19 08:00:00,2026-02-19 12:00:00,2026-02-20 20:00:00,-1.0162414893617022,True,False,True,False
BANANAS31USDT,2026-04-02 20:00:00,2026-04-03 00:00:00,2026-04-05 12:00:00,1.9896778761061946,True,False,False,False
BANANAS31USDT,2026-04-22 16:00:00,2026-04-22 20:00:00,2026-04-23 12:00:00,-1.0305427906976743,True,True,False,False
BANANAS31USDT,2026-06-03 00:00:00,2026-06-03 04:00:00,2026-06-08 20:00:00,-1.018908278580815,True,True,True,False
BANANAS31USDT,2026-06-19 16:00:00,2026-06-19 20:00:00,2026-06-23 12:00:00,1.98752239010989,True,True,True,False
BANANAS31USDT,2026-07-08 08:00:00,2026-07-08 12:00:00,2026-07-08 16:00:00,1.9856381502890172,True,True,False,False
BANANAS31USDT,2026-07-17 12:00:00,2026-07-17 16:00:00,2026-07-25 12:00:00,0.10241627906976801,True,True,False,False
BANANAS31USDT,2026-07-27 04:00:00,2026-07-27 08:00:00,2026-07-31 08:00:00,-1.043133628318584,True,True,False,False
BANANAUSDT,2024-09-11 12:00:00,2024-09-11 16:00:00,2024-09-13 20:00:00,-1.0159896274217588,True,False,False,True
BANANAUSDT,2024-09-16 12:00:00,2024-09-16 16:00:00,2024-09-19 00:00:00,-1.0148689256198349,True,False,False,True
BANANAUSDT,2024-09-22 08:00:00,2024-09-22 12:00:00,2024-09-24 04:00:00,-1.0281650310208685,True,False,False,False
BANANAUSDT,2024-10-17 20:00:00,2024-10-18 00:00:00,2024-10-18 04:00:00,-1.0167186470078058,True,False,False,False
BANANAUSDT,2024-12-01 00:00:00,2024-12-01 04:00:00,2024-12-02 20:00:00,1.9855749266862168,True,False,False,False
BANANAUSDT,2024-12-17 04:00:00,2024-12-17 08:00:00,2024-12-19 16:00:00,1.9880493453355155,True,True,False,False
BANANAUSDT,2024-12-29 16:00:00,2024-12-29 20:00:00,2024-12-30 12:00:00,-1.0190761055369753,True,True,True,False
BANANAUSDT,2025-01-26 20:00:00,2025-01-27 00:00:00,2025-02-02 08:00:00,1.9874951709552342,True,True,True,False
BANANAUSDT,2025-02-07 16:00:00,2025-02-07 20:00:00,2025-02-10 16:00:00,-1.0147462,True,True,True,False
BANANAUSDT,2025-02-16 20:00:00,2025-02-17 00:00:00,2025-02-24 16:00:00,1.9888277966101693,True,True,True,False
BANANAUSDT,2025-03-09 08:00:00,2025-03-09 12:00:00,2025-03-10 16:00:00,1.9905381294964029,True,True,True,False
BANANAUSDT,2025-03-31 04:00:00,2025-03-31 08:00:00,2025-03-31 12:00:00,-1.0245178470254956,True,True,True,False
BANANAUSDT,2025-05-17 00:00:00,2025-05-17 04:00:00,2025-05-21 04:00:00,-1.0173355371900827,True,False,False,False
BANANAUSDT,2025-06-09 04:00:00,2025-06-09 08:00:00,2025-06-09 16:00:00,-1.0307223140495867,True,True,True,False
BANANAUSDT,2025-06-16 20:00:00,2025-06-17 00:00:00,2025-06-21 20:00:00,1.9903706099815155,True,True,True,False
BANANAUSDT,2025-08-21 16:00:00,2025-08-21 20:00:00,2025-08-22 12:00:00,-1.020206822742475,True,True,False,False
BANANAUSDT,2025-08-28 16:00:00,2025-08-28 20:00:00,2025-09-05 16:00:00,0.46791488655229474,True,True,True,False
BANANAUSDT,2025-09-30 12:00:00,2025-09-30 16:00:00,2025-10-01 08:00:00,-1.0255046373365042,True,True,True,False
BANANAUSDT,2025-10-07 12:00:00,2025-10-07 16:00:00,2025-10-10 20:00:00,1.9897575965130758,True,True,False,False
BANANAUSDT,2025-10-28 16:00:00,2025-10-28 20:00:00,2025-10-29 04:00:00,-1.0146781425140114,True,True,True,False
BANANAUSDT,2025-11-19 12:00:00,2025-11-19 16:00:00,2025-11-21 04:00:00,1.989074107142857,True,True,True,False
BANANAUSDT,2025-12-14 20:00:00,2025-12-15 00:00:00,2025-12-17 16:00:00,1.983479052369077,True,True,True,False
BANANAUSDT,2026-01-18 20:00:00,2026-01-19 00:00:00,2026-01-19 04:00:00,1.982670108695652,True,True,False,False
BANANAUSDT,2026-01-31 04:00:00,2026-01-31 08:00:00,2026-01-31 16:00:00,1.9883214797136037,True,True,True,False
BANANAUSDT,2026-02-11 04:00:00,2026-02-11 08:00:00,2026-02-13 12:00:00,-1.016242245989305,True,True,True,False
BANANAUSDT,2026-02-18 16:00:00,2026-02-18 20:00:00,2026-02-26 16:00:00,0.03978345864661714,True,True,True,False
BANANAUSDT,2026-02-28 00:00:00,2026-02-28 04:00:00,2026-03-03 16:00:00,-1.0240811475409837,True,True,True,False
BANANAUSDT,2026-03-12 20:00:00,2026-03-13 00:00:00,2026-03-18 08:00:00,-1.019418181818182,True,True,True,False
BANANAUSDT,2026-03-21 20:00:00,2026-03-22 00:00:00,2026-03-22 04:00:00,-1.0175429602888089,True,True,False,False
BANANAUSDT,2026-03-26 00:00:00,2026-03-26 04:00:00,2026-04-03 00:00:00,0.9066764705882372,True,True,False,False
BANANAUSDT,2026-04-27 12:00:00,2026-04-27 16:00:00,2026-05-05 00:00:00,-1.0176960000000002,True,False,False,False
BANANAUSDT,2026-05-15 12:00:00,2026-05-15 16:00:00,2026-05-23 12:00:00,0.14458198757763832,True,False,False,False
BANANAUSDT,2026-05-26 16:00:00,2026-05-26 20:00:00,2026-06-03 16:00:00,1.0887537735849033,True,True,False,False
BANANAUSDT,2026-06-04 04:00:00,2026-06-04 08:00:00,2026-06-12 04:00:00,1.2044884057971028,True,True,True,False
BANANAUSDT,2026-06-18 00:00:00,2026-06-18 04:00:00,2026-06-18 16:00:00,1.9792860465116275,True,True,False,False
BANANAUSDT,2026-06-23 04:00:00,2026-06-23 08:00:00,2026-06-25 12:00:00,1.9830094594594592,True,True,False,False
BANANAUSDT,2026-07-31 12:00:00,2026-07-31 16:00:00,2026-08-08 12:00:00,0.2344776923076915,True,False,False,False
BANKUSDT,2025-05-28 16:00:00,2025-05-28 20:00:00,2025-06-03 08:00:00,-1.0236136690647482,True,False,False,False
BANKUSDT,2025-06-11 20:00:00,2025-06-12 00:00:00,2025-06-17 04:00:00,1.9884711897261933,True,True,True,False
BANKUSDT,2025-06-26 12:00:00,2025-06-26 16:00:00,2025-06-27 04:00:00,-1.022491304347826,True,True,True,False
BANKUSDT,2025-07-23 12:00:00,2025-07-23 16:00:00,2025-07-31 12:00:00,0.8542667544783954,True,False,False,False
BANKUSDT,2025-09-08 16:00:00,2025-09-08 20:00:00,2025-09-09 08:00:00,-1.0281667711598745,True,False,True,False
BANKUSDT,2025-11-30 08:00:00,2025-11-30 12:00:00,2025-12-01 12:00:00,-1.017979591836735,True,True,True,False
BANKUSDT,2025-12-12 04:00:00,2025-12-12 08:00:00,2025-12-12 20:00:00,-1.0142895287958116,True,True,True,False
BANKUSDT,2026-01-02 00:00:00,2026-01-02 04:00:00,2026-01-03 16:00:00,-1.0282838709677418,True,True,True,False
BANKUSDT,2026-01-31 04:00:00,2026-01-31 08:00:00,2026-02-02 04:00:00,1.9892324519230768,True,False,True,False
BANKUSDT,2026-02-08 12:00:00,2026-02-08 16:00:00,2026-02-12 00:00:00,-1.015220640569395,True,True,True,False
BANKUSDT,2026-02-23 00:00:00,2026-02-23 04:00:00,2026-02-23 04:00:00,-1.0194282527881042,True,True,True,False
BANKUSDT,2026-02-27 20:00:00,2026-02-28 00:00:00,2026-03-04 16:00:00,-1.017363696369637,True,True,True,False
BANKUSDT,2026-03-14 16:00:00,2026-03-14 20:00:00,2026-03-21 16:00:00,-1.0170287581699349,True,True,True,False
BANKUSDT,2026-04-25 08:00:00,2026-04-25 12:00:00,2026-05-03 08:00:00,0.7268880000000001,True,True,False,False
BANKUSDT,2026-06-04 04:00:00,2026-06-04 08:00:00,2026-06-05 04:00:00,1.9889442804428044,True,True,True,False
BANKUSDT,2026-06-17 16:00:00,2026-06-17 20:00:00,2026-06-25 16:00:00,1.2869056338028149,True,False,False,False
BANKUSDT,2026-07-06 12:00:00,2026-07-06 16:00:00,2026-07-10 08:00:00,-1.01721660899654,True,False,False,False
BANUSDT,2025-03-06 00:00:00,2025-03-06 04:00:00,2025-03-10 00:00:00,-1.015207843137255,True,True,True,False
BANUSDT,2025-03-14 04:00:00,2025-03-14 08:00:00,2025-03-14 20:00:00,-1.0149142857142859,True,True,True,False
BANUSDT,2025-03-28 04:00:00,2025-03-28 08:00:00,2025-03-29 12:00:00,-1.0145811320754718,True,True,True,False
BANUSDT,2025-04-02 16:00:00,2025-04-02 20:00:00,2025-04-07 04:00:00,1.9886599999999999,True,True,True,False
BANUSDT,2025-04-16 04:00:00,2025-04-16 08:00:00,2025-04-17 08:00:00,-1.0146322580645162,True,True,True,False
BANUSDT,2025-05-02 04:00:00,2025-05-02 08:00:00,2025-05-06 20:00:00,-1.018757558139535,True,True,False,False
BANUSDT,2025-05-29 16:00:00,2025-05-29 20:00:00,2025-06-05 16:00:00,1.9876680851063828,True,False,False,False
BANUSDT,2025-06-09 16:00:00,2025-06-09 20:00:00,2025-06-10 04:00:00,-1.020665053763441,True,True,True,False
BANUSDT,2025-06-21 12:00:00,2025-06-21 16:00:00,2025-06-24 00:00:00,-1.0318738955823292,True,True,True,False
BANUSDT,2025-07-19 00:00:00,2025-07-19 04:00:00,2025-07-21 04:00:00,-1.0170203454894435,True,False,False,False
BANUSDT,2025-09-14 08:00:00,2025-09-14 12:00:00,2025-09-19 16:00:00,1.9896802575107295,True,False,False,False
BANUSDT,2025-09-24 00:00:00,2025-09-24 04:00:00,2025-09-24 12:00:00,-1.0271067484662577,True,True,True,False
BANUSDT,2025-09-25 16:00:00,2025-09-25 20:00:00,2025-09-27 12:00:00,-1.0151086419753088,True,True,True,False
BANUSDT,2025-11-06 20:00:00,2025-11-07 00:00:00,2025-11-13 00:00:00,-1.020067804878049,True,True,True,False
BANUSDT,2025-12-01 12:00:00,2025-12-01 16:00:00,2025-12-02 04:00:00,-1.016206311637081,True,True,True,False
BANUSDT,2025-12-09 16:00:00,2025-12-09 20:00:00,2025-12-12 04:00:00,-1.0251749253731344,True,False,True,False
BANUSDT,2026-01-06 20:00:00,2026-01-07 00:00:00,2026-01-11 12:00:00,-1.0186525754884548,True,False,False,False
BANUSDT,2026-01-16 20:00:00,2026-01-17 00:00:00,2026-01-20 08:00:00,-1.0142709677419357,True,False,False,False
BANUSDT,2026-01-31 12:00:00,2026-01-31 16:00:00,2026-02-05 20:00:00,1.9859886792452828,True,True,True,False
BANUSDT,2026-03-09 16:00:00,2026-03-09 20:00:00,2026-03-10 00:00:00,-1.014338064516129,True,False,True,False
BANUSDT,2026-04-07 12:00:00,2026-04-07 16:00:00,2026-04-08 04:00:00,-1.0209583783783787,True,True,False,False
BANUSDT,2026-04-16 08:00:00,2026-04-16 12:00:00,2026-04-22 12:00:00,-1.0146776077885955,True,True,False,False
BANUSDT,2026-05-05 00:00:00,2026-05-05 04:00:00,2026-05-05 12:00:00,-1.0270986807387863,True,False,False,False
BANUSDT,2026-07-12 20:00:00,2026-07-13 00:00:00,2026-07-13 16:00:00,-1.016024755700326,True,True,False,False
BANUSDT,2026-07-21 16:00:00,2026-07-21 20:00:00,2026-07-22 20:00:00,-1.0368087591240878,True,False,False,False
BANUSDT,2026-07-23 16:00:00,2026-07-23 20:00:00,2026-07-24 20:00:00,-1.0262803149606299,True,False,False,False
BANUSDT,2026-08-19 04:00:00,2026-08-19 08:00:00,2026-08-21 08:00:00,-1.028542196531792,True,True,False,False
BASUSDT,2025-11-10 08:00:00,2025-11-10 12:00:00,2025-11-13 16:00:00,1.9894535211267603,True,True,True,False
BASUSDT,2025-11-29 16:00:00,2025-11-29 20:00:00,2025-12-02 04:00:00,1.985500346020761,True,True,True,False
BASUSDT,2025-12-07 20:00:00,2025-12-08 00:00:00,2025-12-09 12:00:00,-1.0182135922330098,True,True,True,False
BASUSDT,2026-01-12 00:00:00,2026-01-12 04:00:00,2026-01-17 16:00:00,-1.0171220338983051,True,True,False,False
BASUSDT,2026-01-22 20:00:00,2026-01-23 00:00:00,2026-01-27 16:00:00,-1.015905780346821,True,True,True,False
BASUSDT,2026-07-10 12:00:00,2026-07-10 16:00:00,2026-07-14 08:00:00,-1.015467330016584,True,True,False,False
BASUSDT,2026-07-20 12:00:00,2026-07-20 16:00:00,2026-07-20 20:00:00,-1.016184120171674,True,True,False,False
BASUSDT,2026-07-27 12:00:00,2026-07-27 16:00:00,2026-07-28 16:00:00,-1.0205027888446216,True,True,False,False
BASUSDT,2026-08-04 12:00:00,2026-08-04 16:00:00,2026-08-12 12:00:00,0.9132494287432341,True,True,False,False
BEAMXUSDT,2024-09-03 12:00:00,2024-09-03 16:00:00,2024-09-11 12:00:00,-0.1410111307420491,True,False,False,True
BEAMXUSDT,2024-10-07 20:00:00,2024-10-08 00:00:00,2024-10-14 20:00:00,-1.0154230493915535,True,False,False,False
BEAMXUSDT,2024-12-29 20:00:00,2024-12-30 00:00:00,2025-01-02 08:00:00,-1.0150526011560694,True,False,True,False
BEAMXUSDT,2025-01-07 08:00:00,2025-01-07 12:00:00,2025-01-08 16:00:00,1.989061476510067,True,True,True,False
BEAMXUSDT,2025-01-26 00:00:00,2025-01-26 04:00:00,2025-02-01 16:00:00,1.9908956830277942,True,True,True,False
BEAMXUSDT,2025-03-16 12:00:00,2025-03-16 16:00:00,2025-03-19 08:00:00,-1.0239364902506964,True,True,True,False
BEAMXUSDT,2025-03-31 00:00:00,2025-03-31 04:00:00,2025-04-06 16:00:00,1.9903068493150684,True,True,True,False
BEAMXUSDT,2025-04-15 16:00:00,2025-04-15 20:00:00,2025-04-19 00:00:00,-1.014711602209945,True,True,True,False
BEAMXUSDT,2025-05-16 20:00:00,2025-05-17 00:00:00,2025-05-23 00:00:00,-1.0230148453608248,True,False,False,False
BEAMXUSDT,2025-05-25 04:00:00,2025-05-25 08:00:00,2025-05-27 08:00:00,-1.0281764075067024,True,False,False,False
BEAMXUSDT,2025-05-28 16:00:00,2025-05-28 20:00:00,2025-06-05 16:00:00,1.6858985337243408,True,False,False,False
BEAMXUSDT,2025-06-17 04:00:00,2025-06-17 08:00:00,2025-06-21 16:00:00,1.9868077720207251,True,True,True,False
BEAMXUSDT,2025-08-29 16:00:00,2025-08-29 20:00:00,2025-09-02 08:00:00,-1.0156821875000002,True,True,True,False
BEAMXUSDT,2025-09-15 08:00:00,2025-09-15 12:00:00,2025-09-19 00:00:00,-1.0142784741144415,True,False,False,False
BEAMXUSDT,2025-09-21 08:00:00,2025-09-21 12:00:00,2025-09-22 04:00:00,1.981390476190476,True,False,False,False
BEAMXUSDT,2025-10-04 12:00:00,2025-10-04 16:00:00,2025-10-06 12:00:00,-1.019745637583893,True,False,True,False
BEAMXUSDT,2025-11-16 16:00:00,2025-11-16 20:00:00,2025-11-21 04:00:00,1.9873760456273764,True,True,True,False
BEAMXUSDT,2025-12-14 20:00:00,2025-12-15 00:00:00,2025-12-18 04:00:00,1.9814283783783782,True,True,True,False
BEAMXUSDT,2025-12-23 04:00:00,2025-12-23 08:00:00,2025-12-27 12:00:00,-1.0227393939393938,True,True,True,False
BEAMXUSDT,2025-12-31 04:00:00,2025-12-31 08:00:00,2026-01-01 04:00:00,1.9647225352112678,True,True,True,False
BEAMXUSDT,2026-01-12 04:00:00,2026-01-12 08:00:00,2026-01-13 12:00:00,-1.0241317919075144,True,True,False,False
BEAMXUSDT,2026-02-11 04:00:00,2026-02-11 08:00:00,2026-02-13 16:00:00,-1.018097175141243,True,True,True,False
BEAMXUSDT,2026-02-28 04:00:00,2026-02-28 08:00:00,2026-03-04 16:00:00,-1.0146517241379311,True,True,True,False
BEAMXUSDT,2026-03-21 20:00:00,2026-03-22 00:00:00,2026-03-29 12:00:00,1.98626,True,True,False,False
BEAMXUSDT,2026-04-12 00:00:00,2026-04-12 04:00:00,2026-04-13 20:00:00,-1.0240692307692307,True,True,False,False
BEAMXUSDT,2026-04-23 16:00:00,2026-04-23 20:00:00,2026-04-26 08:00:00,-1.0259264150943395,True,False,False,False
BEAMXUSDT,2026-04-27 12:00:00,2026-04-27 16:00:00,2026-05-05 12:00:00,0.11649054054054114,True,False,False,False
BEAMXUSDT,2026-05-12 12:00:00,2026-05-12 16:00:00,2026-05-20 12:00:00,1.4386124999999998,True,False,False,False
BEAMXUSDT,2026-05-26 00:00:00,2026-05-26 04:00:00,2026-05-28 04:00:00,1.9777958904109585,True,True,False,False
BEAMXUSDT,2026-06-02 12:00:00,2026-06-02 16:00:00,2026-06-05 04:00:00,1.9880439024390242,True,True,False,False
BEAMXUSDT,2026-06-10 08:00:00,2026-06-10 12:00:00,2026-06-15 12:00:00,-1.0172139130434783,True,True,True,False
BEAMXUSDT,2026-06-22 20:00:00,2026-06-23 00:00:00,2026-06-24 16:00:00,1.9802281249999998,True,True,False,False
BEAMXUSDT,2026-07-23 12:00:00,2026-07-23 16:00:00,2026-07-24 04:00:00,-1.0359896551724137,True,False,False,False
BEAMXUSDT,2026-07-27 20:00:00,2026-07-28 00:00:00,2026-08-04 20:00:00,0.7974164179104487,True,False,False,False
BEAMXUSDT,2026-08-06 16:00:00,2026-08-06 20:00:00,2026-08-14 16:00:00,0.9381583333333308,True,True,False,False
BEAMXUSDT,2026-08-16 20:00:00,2026-08-17 00:00:00,2026-08-19 20:00:00,-1.0166472727272728,True,True,False,False
BIDUSDT,2025-05-28 12:00:00,2025-05-28 16:00:00,2025-05-28 16:00:00,-1.0237577586206896,True,True,False,False
BIDUSDT,2025-07-30 08:00:00,2025-07-30 12:00:00,2025-08-01 12:00:00,1.9894900473933648,True,True,False,False
BIDUSDT,2025-08-06 00:00:00,2025-08-06 04:00:00,2025-08-06 12:00:00,-1.014057602862254,True,True,False,False
BIDUSDT,2025-08-21 04:00:00,2025-08-21 08:00:00,2025-08-22 16:00:00,-1.019616699801193,True,True,False,False
BIDUSDT,2025-09-22 00:00:00,2025-09-22 04:00:00,2025-09-25 08:00:00,1.9909932620320854,True,False,False,False
BIDUSDT,2025-10-30 08:00:00,2025-10-30 12:00:00,2025-11-01 00:00:00,-1.0156128000000002,True,True,True,False
BIDUSDT,2025-11-19 12:00:00,2025-11-19 16:00:00,2025-11-19 20:00:00,-1.0166604651162792,True,True,True,False
BIDUSDT,2025-11-29 04:00:00,2025-11-29 08:00:00,2025-11-30 16:00:00,-1.0172971014492755,True,True,True,False
BIDUSDT,2025-12-12 12:00:00,2025-12-12 16:00:00,2025-12-15 16:00:00,1.9856846534653463,True,True,True,False
BIDUSDT,2025-12-17 12:00:00,2025-12-17 16:00:00,2025-12-25 12:00:00,0.9094445714285723,True,True,True,False
BIDUSDT,2026-01-10 20:00:00,2026-01-11 00:00:00,2026-01-14 08:00:00,-1.0376150943396225,True,True,False,False
BIRBUSDT,2026-02-18 20:00:00,2026-02-19 00:00:00,2026-02-23 00:00:00,1.988768417462483,True,False,True,False
BIRBUSDT,2026-03-08 20:00:00,2026-03-09 00:00:00,2026-03-10 00:00:00,-1.0162033755274262,True,False,True,False
BIRBUSDT,2026-03-19 12:00:00,2026-03-19 16:00:00,2026-03-26 12:00:00,1.9867121739130433,True,False,False,False
BIRBUSDT,2026-04-02 16:00:00,2026-04-02 20:00:00,2026-04-07 04:00:00,-1.015761052631579,True,True,False,False
BIRBUSDT,2026-04-12 00:00:00,2026-04-12 04:00:00,2026-04-16 00:00:00,-1.0145972424979726,True,True,False,False
BIRBUSDT,2026-04-28 00:00:00,2026-04-28 04:00:00,2026-05-06 00:00:00,0.0462011958146491,True,True,False,False
BIRBUSDT,2026-05-12 08:00:00,2026-05-12 12:00:00,2026-05-20 08:00:00,-0.13938413361168864,True,False,False,False
BIRBUSDT,2026-05-26 00:00:00,2026-05-26 04:00:00,2026-05-26 20:00:00,1.975914925373134,True,True,False,False
BIRBUSDT,2026-05-29 08:00:00,2026-05-29 12:00:00,2026-06-02 20:00:00,1.9856129392971245,True,True,True,False
BIRBUSDT,2026-06-09 00:00:00,2026-06-09 04:00:00,2026-06-10 12:00:00,-1.0166690322580647,True,True,True,False
BIRBUSDT,2026-06-22 20:00:00,2026-06-23 00:00:00,2026-06-30 00:00:00,1.9890339963833634,True,True,False,False
BIRBUSDT,2026-07-17 16:00:00,2026-07-17 20:00:00,2026-07-25 16:00:00,0.7146513605442183,True,True,False,False
BIRBUSDT,2026-08-18 00:00:00,2026-08-18 04:00:00,2026-08-20 04:00:00,-1.0192005434782612,True,True,False,False
BLESSUSDT,2026-01-14 20:00:00,2026-01-15 00:00:00,2026-01-19 00:00:00,1.9874658536585363,True,True,False,False
BLESSUSDT,2026-01-31 08:00:00,2026-01-31 12:00:00,2026-01-31 16:00:00,1.9909073529411763,True,True,True,False
BLESSUSDT,2026-02-10 08:00:00,2026-02-10 12:00:00,2026-02-11 16:00:00,-1.017464343163539,True,True,True,False
BLESSUSDT,2026-02-18 12:00:00,2026-02-18 16:00:00,2026-02-26 12:00:00,1.0923623015873019,True,True,True,False
BLESSUSDT,2026-04-29 16:00:00,2026-04-29 20:00:00,2026-05-01 16:00:00,-1.016719175257732,True,True,False,False
BLESSUSDT,2026-05-21 08:00:00,2026-05-21 12:00:00,2026-05-21 20:00:00,-1.022271518987342,True,True,False,False
BLESSUSDT,2026-07-13 00:00:00,2026-07-13 04:00:00,2026-07-14 12:00:00,-1.0165430379746836,True,False,False,False
BLUAIUSDT,2025-12-14 08:00:00,2025-12-14 12:00:00,2025-12-18 16:00:00,1.990634375,True,True,True,False
BLUAIUSDT,2026-02-21 16:00:00,2026-02-21 20:00:00,2026-02-21 20:00:00,-1.0269472868217053,True,True,True,False
BLUAIUSDT,2026-02-24 20:00:00,2026-02-25 00:00:00,2026-02-25 16:00:00,-1.0178119170984457,True,True,True,False
BMTUSDT,2025-04-01 08:00:00,2025-04-01 12:00:00,2025-04-01 16:00:00,-1.016540206185567,True,False,True,False
BMTUSDT,2025-05-13 08:00:00,2025-05-13 12:00:00,2025-05-17 00:00:00,1.9871810810810808,True,True,False,False
BMTUSDT,2025-05-23 20:00:00,2025-05-24 00:00:00,2025-05-26 20:00:00,-1.0177600000000002,True,True,False,False
BMTUSDT,2025-06-30 08:00:00,2025-06-30 12:00:00,2025-07-01 00:00:00,-1.0158125429553266,True,False,True,False
BMTUSDT,2025-07-04 20:00:00,2025-07-05 00:00:00,2025-07-05 16:00:00,1.9878430910951892,True,False,True,False
BMTUSDT,2025-07-09 12:00:00,2025-07-09 16:00:00,2025-07-11 04:00:00,-1.0223732313575529,True,True,True,False
BMTUSDT,2025-07-28 12:00:00,2025-07-28 16:00:00,2025-07-29 16:00:00,1.9741959322033895,True,True,False,False
BMTUSDT,2025-08-01 04:00:00,2025-08-01 08:00:00,2025-08-09 04:00:00,-1.0195310218978104,True,True,False,False
BMTUSDT,2025-08-19 12:00:00,2025-08-19 16:00:00,2025-08-27 12:00:00,1.2114487341772175,True,True,False,False
BMTUSDT,2025-08-29 08:00:00,2025-08-29 12:00:00,2025-09-01 20:00:00,1.9787888501742157,True,True,True,False
BMTUSDT,2025-09-04 12:00:00,2025-09-04 16:00:00,2025-09-07 16:00:00,-1.019583833718245,True,True,True,False
BMTUSDT,2025-09-30 12:00:00,2025-09-30 16:00:00,2025-10-02 00:00:00,-1.0152594488188977,True,True,True,False
BMTUSDT,2025-11-19 16:00:00,2025-11-19 20:00:00,2025-11-20 08:00:00,-1.0171456066945608,True,True,True,False
BMTUSDT,2025-11-29 20:00:00,2025-11-30 00:00:00,2025-12-07 20:00:00,0.7971353383458634,True,True,True,False
BMTUSDT,2025-12-17 12:00:00,2025-12-17 16:00:00,2025-12-23 04:00:00,-1.0186166666666667,True,True,True,False
BMTUSDT,2026-01-11 20:00:00,2026-01-12 00:00:00,2026-01-14 00:00:00,-1.025395588235294,True,True,False,False
BMTUSDT,2026-01-18 20:00:00,2026-01-19 00:00:00,2026-01-26 20:00:00,0.8418043010752689,True,False,False,False
BMTUSDT,2026-01-29 00:00:00,2026-01-29 04:00:00,2026-01-31 12:00:00,1.9844551999999998,True,True,True,False
BMTUSDT,2026-02-05 04:00:00,2026-02-05 08:00:00,2026-02-06 00:00:00,1.9890174825174824,True,True,True,False
BMTUSDT,2026-02-18 16:00:00,2026-02-18 20:00:00,2026-02-26 16:00:00,1.1868859999999997,True,True,True,False
BMTUSDT,2026-02-28 04:00:00,2026-02-28 08:00:00,2026-03-01 00:00:00,-1.0164699186991872,True,True,True,False
BMTUSDT,2026-03-07 00:00:00,2026-03-07 04:00:00,2026-03-11 16:00:00,-1.0191462962962965,True,True,True,False
BMTUSDT,2026-03-18 08:00:00,2026-03-18 12:00:00,2026-03-19 00:00:00,-1.0239787234042552,True,True,False,False
BMTUSDT,2026-03-24 16:00:00,2026-03-24 20:00:00,2026-04-01 16:00:00,0.9813008695652172,True,True,False,False
BMTUSDT,2026-04-10 00:00:00,2026-04-10 04:00:00,2026-04-16 08:00:00,-1.0144014705882354,True,True,False,False
BMTUSDT,2026-04-29 16:00:00,2026-04-29 20:00:00,2026-05-03 16:00:00,-1.026167901234568,True,False,False,False
BMTUSDT,2026-05-07 00:00:00,2026-05-07 04:00:00,2026-05-07 04:00:00,-1.0383694915254236,True,False,False,False
BMTUSDT,2026-05-15 04:00:00,2026-05-15 08:00:00,2026-05-16 08:00:00,1.980130769230769,True,False,False,False
BMTUSDT,2026-05-17 20:00:00,2026-05-18 00:00:00,2026-05-25 20:00:00,0.3082424778761069,True,False,False,False
BMTUSDT,2026-06-02 04:00:00,2026-06-02 08:00:00,2026-06-04 00:00:00,1.986188118811881,True,True,False,False
BMTUSDT,2026-06-17 16:00:00,2026-06-17 20:00:00,2026-06-20 12:00:00,-1.0347038461538463,True,True,False,False
BMTUSDT,2026-06-24 12:00:00,2026-06-24 16:00:00,2026-06-26 12:00:00,-1.0278813559322033,True,True,True,False
BMTUSDT,2026-06-30 08:00:00,2026-06-30 12:00:00,2026-07-01 12:00:00,-1.0243515151515152,True,True,True,False
BMTUSDT,2026-07-08 00:00:00,2026-07-08 04:00:00,2026-07-16 00:00:00,0.18474722222222337,True,True,False,False
BMTUSDT,2026-07-18 04:00:00,2026-07-18 08:00:00,2026-07-20 16:00:00,-1.0219589041095893,True,True,False,False
BMTUSDT,2026-07-27 12:00:00,2026-07-27 16:00:00,2026-08-01 16:00:00,-1.0237176470588234,True,True,False,False
BNTUSDT,2024-09-04 08:00:00,2024-09-04 12:00:00,2024-09-12 08:00:00,-0.4741585412667948,True,False,False,True
BNTUSDT,2024-09-30 08:00:00,2024-09-30 12:00:00,2024-10-01 16:00:00,1.9797421120136809,True,False,False,False
BNTUSDT,2024-10-09 16:00:00,2024-10-09 20:00:00,2024-10-11 16:00:00,-1.037999654974123,True,False,False,False
BNTUSDT,2024-10-23 08:00:00,2024-10-23 12:00:00,2024-10-25 20:00:00,1.9771293591654244,True,False,False,False
BNTUSDT,2024-11-04 20:00:00,2024-11-05 00:00:00,2024-11-05 12:00:00,-1.0358734444444444,True,True,True,False
BNTUSDT,2024-12-09 08:00:00,2024-12-09 12:00:00,2024-12-09 20:00:00,1.9899371461361897,True,False,False,False
BNTUSDT,2024-12-15 04:00:00,2024-12-15 08:00:00,2024-12-18 20:00:00,1.9871400365630711,True,False,False,False
BNTUSDT,2024-12-22 16:00:00,2024-12-22 20:00:00,2024-12-23 04:00:00,-1.0250377698824815,True,True,True,False
BNTUSDT,2024-12-30 12:00:00,2024-12-30 16:00:00,2025-01-02 08:00:00,-1.0183184830339322,True,True,True,False
BNTUSDT,2025-01-07 12:00:00,2025-01-07 16:00:00,2025-01-15 12:00:00,0.42833260407171025,True,True,True,False
BNTUSDT,2025-01-19 08:00:00,2025-01-19 12:00:00,2025-01-19 12:00:00,-1.015878734929233,True,True,True,False
BNTUSDT,2025-01-27 00:00:00,2025-01-27 04:00:00,2025-02-02 16:00:00,1.9870229836932567,True,True,True,False
BNTUSDT,2025-02-08 08:00:00,2025-02-08 12:00:00,2025-02-14 12:00:00,-1.0144487765089725,True,True,True,False
BNTUSDT,2025-02-18 04:00:00,2025-02-18 08:00:00,2025-02-21 08:00:00,-1.0208293980128582,True,True,True,False
BNTUSDT,2025-02-24 12:00:00,2025-02-24 16:00:00,2025-03-04 12:00:00,1.4252887831125836,True,True,True,False
BNTUSDT,2025-03-09 08:00:00,2025-03-09 12:00:00,2025-03-10 16:00:00,1.9795898305084743,True,True,True,False
BNTUSDT,2025-03-31 00:00:00,2025-03-31 04:00:00,2025-04-01 08:00:00,-1.0296468421052631,True,True,True,False
BNTUSDT,2025-04-06 12:00:00,2025-04-06 16:00:00,2025-04-06 20:00:00,1.9667113262342693,True,True,True,False
BNTUSDT,2025-04-16 04:00:00,2025-04-16 08:00:00,2025-04-19 16:00:00,-1.0234784751278474,True,True,True,False
BNTUSDT,2025-05-03 20:00:00,2025-05-04 00:00:00,2025-05-08 00:00:00,-1.027807996560619,True,False,False,False
BNTUSDT,2025-06-20 16:00:00,2025-06-20 20:00:00,2025-06-28 16:00:00,-0.26252930260400936,True,True,True,False
BNTUSDT,2025-07-01 08:00:00,2025-07-01 12:00:00,2025-07-02 16:00:00,-1.0286685309734513,True,True,True,False
BNTUSDT,2025-07-23 16:00:00,2025-07-23 20:00:00,2025-07-28 04:00:00,-1.0199434807149579,True,False,False,False
BNTUSDT,2025-07-29 12:00:00,2025-07-29 16:00:00,2025-08-06 12:00:00,0.9744277715980719,True,False,False,False
BNTUSDT,2025-08-19 16:00:00,2025-08-19 20:00:00,2025-08-22 12:00:00,-1.014889304434056,True,False,False,False
BNTUSDT,2025-08-29 04:00:00,2025-08-29 08:00:00,2025-09-06 04:00:00,0.7237385347288292,True,False,True,False
BNTUSDT,2025-09-06 16:00:00,2025-09-06 20:00:00,2025-09-11 20:00:00,-1.0269706989247311,True,True,True,False
BNTUSDT,2025-09-21 08:00:00,2025-09-21 12:00:00,2025-09-22 04:00:00,1.9702486195601312,True,True,False,False
BNTUSDT,2025-09-25 04:00:00,2025-09-25 08:00:00,2025-10-01 08:00:00,-1.0324795991410165,True,True,True,False
BNTUSDT,2025-10-08 00:00:00,2025-10-08 04:00:00,2025-10-10 20:00:00,1.9867655800986488,True,True,True,False
BNTUSDT,2025-10-16 12:00:00,2025-10-16 16:00:00,2025-10-24 12:00:00,0.018923586744639873,True,True,True,False
BNTUSDT,2025-10-29 20:00:00,2025-10-30 00:00:00,2025-11-04 16:00:00,1.9879795918367344,True,True,True,False
BNTUSDT,2025-11-11 16:00:00,2025-11-11 20:00:00,2025-11-14 20:00:00,1.9829642857142855,True,True,True,False
BNTUSDT,2025-11-17 16:00:00,2025-11-17 20:00:00,2025-11-25 16:00:00,0.2481859237536675,True,True,True,False
BNTUSDT,2025-12-07 12:00:00,2025-12-07 16:00:00,2025-12-09 16:00:00,-1.0305448275862068,True,True,True,False
BNTUSDT,2025-12-12 12:00:00,2025-12-12 16:00:00,2025-12-17 16:00:00,1.9819046082949305,True,True,True,False
BNTUSDT,2025-12-18 16:00:00,2025-12-18 20:00:00,2025-12-19 12:00:00,-1.0178033333333336,True,True,True,False
BNTUSDT,2025-12-25 20:00:00,2025-12-26 00:00:00,2025-12-29 00:00:00,-1.0343,True,True,True,False
BNTUSDT,2026-01-11 12:00:00,2026-01-11 16:00:00,2026-01-13 20:00:00,-1.035509090909091,True,True,False,False
BNTUSDT,2026-01-19 00:00:00,2026-01-19 04:00:00,2026-01-27 00:00:00,1.2633035856573724,True,False,False,False
BNTUSDT,2026-01-29 12:00:00,2026-01-29 16:00:00,2026-01-31 16:00:00,1.988643581081081,True,True,True,False
BNTUSDT,2026-02-11 04:00:00,2026-02-11 08:00:00,2026-02-19 04:00:00,-0.23724833333333423,True,True,True,False
BNTUSDT,2026-02-23 00:00:00,2026-02-23 04:00:00,2026-02-25 12:00:00,-1.0167140350877195,True,True,True,False
BNTUSDT,2026-03-21 20:00:00,2026-03-22 00:00:00,2026-03-29 20:00:00,1.0716496732026106,True,False,False,False
BNTUSDT,2026-04-05 04:00:00,2026-04-05 08:00:00,2026-04-05 20:00:00,-1.0645633333333333,True,True,False,False
BNTUSDT,2026-04-27 12:00:00,2026-04-27 16:00:00,2026-05-04 04:00:00,-1.0280358974358974,True,False,False,False
BNTUSDT,2026-05-13 12:00:00,2026-05-13 16:00:00,2026-05-14 12:00:00,-1.0274564705882352,True,False,False,False
BNTUSDT,2026-05-16 08:00:00,2026-05-16 12:00:00,2026-05-24 08:00:00,-0.44240663900414867,True,False,False,False
BNTUSDT,2026-05-28 00:00:00,2026-05-28 04:00:00,2026-06-04 00:00:00,1.9879863070539419,True,False,True,False
BNTUSDT,2026-06-05 04:00:00,2026-06-05 08:00:00,2026-06-13 04:00:00,-0.056508396946564496,True,True,True,False
BNTUSDT,2026-06-14 12:00:00,2026-06-14 16:00:00,2026-06-14 20:00:00,-1.0627199999999999,True,True,True,False
BNTUSDT,2026-06-23 04:00:00,2026-06-23 08:00:00,2026-06-25 12:00:00,-1.0310491525423728,True,True,False,False
BNTUSDT,2026-06-27 16:00:00,2026-06-27 20:00:00,2026-07-02 12:00:00,-1.0316105263157895,True,True,True,False
BNTUSDT,2026-07-08 12:00:00,2026-07-08 16:00:00,2026-07-11 12:00:00,-1.0256180555555556,True,True,False,False
BNTUSDT,2026-07-23 12:00:00,2026-07-23 16:00:00,2026-07-26 20:00:00,-1.035308256880734,True,False,False,False
BNTUSDT,2026-07-29 16:00:00,2026-07-29 20:00:00,2026-08-06 16:00:00,0.5746796116504895,True,False,False,False
BNTUSDT,2026-08-10 12:00:00,2026-08-10 16:00:00,2026-08-18 12:00:00,-0.579337254901962,True,False,False,False
BNXUSDT,2024-09-26 00:00:00,2024-09-26 04:00:00,2024-09-30 08:00:00,1.9895048241206028,True,False,False,False
BNXUSDT,2024-10-07 08:00:00,2024-10-07 12:00:00,2024-10-07 12:00:00,-1.014138348082596,True,False,False,False
BNXUSDT,2024-11-19 20:00:00,2024-11-20 00:00:00,2024-11-23 12:00:00,-1.0200016713091924,True,True,False,False
BNXUSDT,2024-12-16 08:00:00,2024-12-16 12:00:00,2024-12-19 16:00:00,1.9897573394495411,True,True,False,False
BNXUSDT,2025-01-13 00:00:00,2025-01-13 04:00:00,2025-01-16 04:00:00,-1.0157567741935485,True,True,True,False
BOBUSDT,2025-12-22 16:00:00,2025-12-22 20:00:00,2025-12-28 08:00:00,-1.0165020689655173,True,False,True,False
BOBUSDT,2025-12-31 16:00:00,2025-12-31 20:00:00,2026-01-02 16:00:00,-1.019917525773196,True,False,True,False
BOBUSDT,2026-01-11 20:00:00,2026-01-12 00:00:00,2026-01-13 20:00:00,-1.0292394736842103,True,True,False,False
BOBUSDT,2026-01-29 08:00:00,2026-01-29 12:00:00,2026-02-01 20:00:00,1.9895812580231065,True,True,True,False
BOBUSDT,2026-02-15 08:00:00,2026-02-15 12:00:00,2026-02-19 12:00:00,1.9878565217391302,True,True,True,False
BOBUSDT,2026-02-22 00:00:00,2026-02-22 04:00:00,2026-02-22 20:00:00,-1.0185600000000001,True,True,True,False
BOBUSDT,2026-03-17 04:00:00,2026-03-17 08:00:00,2026-03-25 04:00:00,0.6224571969696966,True,True,False,False
BOBUSDT,2026-03-25 08:00:00,2026-03-25 12:00:00,2026-03-26 12:00:00,-1.026149480968858,True,True,False,False
BOBUSDT,2026-04-01 04:00:00,2026-04-01 08:00:00,2026-04-04 20:00:00,-1.0148218623481782,True,True,True,False
BOBUSDT,2026-04-23 04:00:00,2026-04-23 08:00:00,2026-04-27 04:00:00,1.99015540765391,True,False,False,False
BONDUSDT,2024-09-15 16:00:00,2024-09-15 20:00:00,2024-09-16 16:00:00,-1.04788,True,False,False,True
BONDUSDT,2024-09-29 08:00:00,2024-09-29 12:00:00,2024-10-01 12:00:00,1.9877347107438015,True,False,False,False
BONDUSDT,2024-10-09 16:00:00,2024-10-09 20:00:00,2024-10-10 04:00:00,-1.0449489361702127,True,False,False,False
BONDUSDT,2024-10-25 20:00:00,2024-10-26 00:00:00,2024-11-02 20:00:00,0.708579069767445,True,True,False,False
BONDUSDT,2024-11-12 08:00:00,2024-11-12 12:00:00,2024-11-14 08:00:00,-1.0161000000000002,True,False,False,False
BONDUSDT,2024-12-09 04:00:00,2024-12-09 08:00:00,2024-12-09 20:00:00,1.9906957746478873,True,True,False,False
BONDUSDT,2024-12-15 00:00:00,2024-12-15 04:00:00,2024-12-16 08:00:00,-1.0167678160919542,True,True,False,False
BROCCOLI714USDT,2025-05-25 00:00:00,2025-05-25 04:00:00,2025-05-30 20:00:00,1.9894561538461537,True,True,False,False
BROCCOLI714USDT,2025-07-29 12:00:00,2025-07-29 16:00:00,2025-08-05 00:00:00,1.989113669064748,True,False,False,False
BROCCOLI714USDT,2025-08-11 08:00:00,2025-08-11 12:00:00,2025-08-14 12:00:00,1.986164893617021,True,True,False,False
BROCCOLI714USDT,2025-09-01 20:00:00,2025-09-02 00:00:00,2025-09-08 12:00:00,-1.0211750000000002,True,True,True,False
BROCCOLI714USDT,2025-10-27 12:00:00,2025-10-27 16:00:00,2025-10-30 12:00:00,1.9878263157894736,True,True,True,False
BROCCOLI714USDT,2025-11-19 04:00:00,2025-11-19 08:00:00,2025-11-21 04:00:00,1.9870198275862068,True,True,True,False
BROCCOLI714USDT,2025-12-04 20:00:00,2025-12-05 00:00:00,2025-12-08 04:00:00,-1.028555882352941,True,True,True,False
BROCCOLI714USDT,2025-12-10 20:00:00,2025-12-11 00:00:00,2025-12-17 16:00:00,1.9874091836734693,True,True,True,False
BROCCOLI714USDT,2025-12-28 16:00:00,2025-12-28 20:00:00,2025-12-30 16:00:00,-1.0229108108108107,True,True,True,False
BROCCOLI714USDT,2026-01-14 12:00:00,2026-01-14 16:00:00,2026-01-16 04:00:00,-1.014792105263158,True,False,False,False
BROCCOLI714USDT,2026-02-11 04:00:00,2026-02-11 08:00:00,2026-02-13 08:00:00,-1.0148568965517242,True,True,True,False
BROCCOLI714USDT,2026-03-18 04:00:00,2026-03-18 08:00:00,2026-03-26 04:00:00,1.1105203389830531,True,True,False,False
BROCCOLI714USDT,2026-03-26 08:00:00,2026-03-26 12:00:00,2026-04-03 08:00:00,0.1702621848739493,True,True,False,False
BROCCOLI714USDT,2026-04-12 00:00:00,2026-04-12 04:00:00,2026-04-13 04:00:00,-1.0196160919540231,True,True,False,False
BROCCOLI714USDT,2026-05-02 04:00:00,2026-05-02 08:00:00,2026-05-03 08:00:00,-1.0143250000000001,True,False,False,False
BROCCOLI714USDT,2026-05-07 00:00:00,2026-05-07 04:00:00,2026-05-09 08:00:00,-1.0183737226277374,True,False,False,False
BROCCOLI714USDT,2026-05-12 00:00:00,2026-05-12 04:00:00,2026-05-15 12:00:00,1.9871677419354836,True,False,False,False
BROCCOLI714USDT,2026-05-27 20:00:00,2026-05-28 00:00:00,2026-05-30 20:00:00,-1.0146138461538463,True,True,False,False
BROCCOLI714USDT,2026-06-14 12:00:00,2026-06-14 16:00:00,2026-06-15 12:00:00,-1.0207747126436784,True,True,True,False
BROCCOLI714USDT,2026-06-17 16:00:00,2026-06-17 20:00:00,2026-06-21 12:00:00,-1.0229384615384616,True,True,False,False
BROCCOLI714USDT,2026-07-16 08:00:00,2026-07-16 12:00:00,2026-07-24 08:00:00,0.0028207547169803635,True,True,False,False
BROCCOLIF3BUSDT,2025-05-28 12:00:00,2025-05-28 16:00:00,2025-05-30 20:00:00,1.990710849453322,True,True,False,False
BROCCOLIF3BUSDT,2025-06-16 20:00:00,2025-06-17 00:00:00,2025-06-18 12:00:00,1.983766480446927,True,True,True,False
BROCCOLIF3BUSDT,2025-07-01 12:00:00,2025-07-01 16:00:00,2025-07-05 20:00:00,-1.0189756756756758,True,True,True,False
BROCCOLIF3BUSDT,2025-08-10 20:00:00,2025-08-11 00:00:00,2025-08-18 08:00:00,-1.0144163306451615,True,False,False,False
BROCCOLIF3BUSDT,2025-09-01 20:00:00,2025-09-02 00:00:00,2025-09-03 12:00:00,-1.019640345821326,True,True,True,False
BROCCOLIF3BUSDT,2025-09-25 00:00:00,2025-09-25 04:00:00,2025-10-02 20:00:00,-1.0232222961730448,True,True,True,False
BROCCOLIF3BUSDT,2025-10-24 12:00:00,2025-10-24 16:00:00,2025-10-29 16:00:00,1.9900736305732483,True,False,True,False
BROCCOLIF3BUSDT,2025-11-02 16:00:00,2025-11-02 20:00:00,2025-11-03 12:00:00,1.987852497225305,True,True,True,False
BROCCOLIF3BUSDT,2025-11-11 04:00:00,2025-11-11 08:00:00,2025-11-19 04:00:00,0.9395067586206898,True,True,True,False
BROCCOLIF3BUSDT,2025-12-04 16:00:00,2025-12-04 20:00:00,2025-12-08 00:00:00,-1.0254692307692308,True,True,True,False
BROCCOLIF3BUSDT,2025-12-10 12:00:00,2025-12-10 16:00:00,2025-12-15 12:00:00,1.9882898876404493,True,True,True,False
BROCCOLIF3BUSDT,2026-02-11 04:00:00,2026-02-11 08:00:00,2026-02-11 20:00:00,-1.0303808383233533,True,True,True,False
BROCCOLIF3BUSDT,2026-02-18 08:00:00,2026-02-18 12:00:00,2026-02-24 08:00:00,1.9874656934306567,True,True,True,False
BROCCOLIF3BUSDT,2026-02-28 04:00:00,2026-02-28 08:00:00,2026-02-28 20:00:00,-1.0173493055555558,True,True,True,False
BROCCOLIF3BUSDT,2026-03-18 00:00:00,2026-03-18 04:00:00,2026-03-26 00:00:00,0.36711119691119776,True,True,False,False
BROCCOLIF3BUSDT,2026-04-27 16:00:00,2026-04-27 20:00:00,2026-04-28 16:00:00,-1.0200765957446811,True,False,False,False
BROCCOLIF3BUSDT,2026-05-02 00:00:00,2026-05-02 04:00:00,2026-05-03 12:00:00,-1.0382986301369863,True,False,False,False
BROCCOLIF3BUSDT,2026-05-17 20:00:00,2026-05-18 00:00:00,2026-05-19 08:00:00,-1.0198625000000001,True,True,False,False
BROCCOLIF3BUSDT,2026-05-24 12:00:00,2026-05-24 16:00:00,2026-05-30 00:00:00,-1.0146957575757578,True,False,False,False
BROCCOLIF3BUSDT,2026-06-23 04:00:00,2026-06-23 08:00:00,2026-06-26 16:00:00,-1.0142988399071926,True,True,False,False
BROCCOLIF3BUSDT,2026-07-19 16:00:00,2026-07-19 20:00:00,2026-07-22 08:00:00,-1.0276700336700337,True,False,False,False
BROCCOLIF3BUSDT,2026-08-17 04:00:00,2026-08-17 08:00:00,2026-08-18 04:00:00,1.9784993103448272,True,False,False,False
BRUSDT,2025-05-25 00:00:00,2025-05-25 04:00:00,2025-05-30 20:00:00,1.985426813880126,True,True,False,False
BRUSDT,2025-09-29 12:00:00,2025-09-29 16:00:00,2025-10-01 00:00:00,1.986965029469548,True,False,True,False
BRUSDT,2025-10-04 16:00:00,2025-10-04 20:00:00,2025-10-05 08:00:00,-1.024833173076923,True,False,True,False
BRUSDT,2025-10-07 12:00:00,2025-10-07 16:00:00,2025-10-10 20:00:00,-1.0194083650190116,True,True,False,False
BRUSDT,2025-10-15 20:00:00,2025-10-16 00:00:00,2025-10-19 04:00:00,-1.016625702811245,True,True,True,False
BRUSDT,2025-10-22 20:00:00,2025-10-23 00:00:00,2025-10-26 12:00:00,-1.018068302658487,True,True,True,False
BRUSDT,2025-11-16 08:00:00,2025-11-16 12:00:00,2025-11-20 16:00:00,1.9865079999999997,True,True,True,False
BRUSDT,2025-11-28 04:00:00,2025-11-28 08:00:00,2025-11-29 20:00:00,-1.0267337883959045,True,True,True,False
BRUSDT,2025-12-07 20:00:00,2025-12-08 00:00:00,2025-12-13 12:00:00,-1.0243362711864406,True,True,True,False
BRUSDT,2026-01-09 16:00:00,2026-01-09 20:00:00,2026-01-10 08:00:00,-1.0459987499999999,True,True,False,False
BRUSDT,2026-01-12 08:00:00,2026-01-12 12:00:00,2026-01-13 08:00:00,-1.0245422818791947,True,True,False,False
BRUSDT,2026-02-15 12:00:00,2026-02-15 16:00:00,2026-02-18 16:00:00,1.9839313664596272,True,False,True,False
BRUSDT,2026-05-16 04:00:00,2026-05-16 08:00:00,2026-05-22 04:00:00,-1.0184887323943663,True,False,False,False
BRUSDT,2026-06-10 08:00:00,2026-06-10 12:00:00,2026-06-10 16:00:00,-1.0149536633663367,True,True,True,False
BRUSDT,2026-07-13 12:00:00,2026-07-13 16:00:00,2026-07-14 16:00:00,-1.0231537190082645,True,False,False,False
BRUSDT,2026-08-05 12:00:00,2026-08-05 16:00:00,2026-08-08 08:00:00,1.9864837060702873,True,True,False,False
BSVUSDT,2024-09-12 12:00:00,2024-09-12 16:00:00,2024-09-20 12:00:00,-0.19801949152542317,True,False,False,True
BSVUSDT,2024-10-09 16:00:00,2024-10-09 20:00:00,2024-10-12 00:00:00,-1.0384481481481482,True,False,False,False
BSVUSDT,2024-10-21 12:00:00,2024-10-21 16:00:00,2024-10-25 20:00:00,1.9814464435146442,True,False,False,False
BSVUSDT,2024-11-01 04:00:00,2024-11-01 08:00:00,2024-11-09 04:00:00,-0.6519739130434782,True,False,True,False
BSVUSDT,2024-12-14 16:00:00,2024-12-14 20:00:00,2024-12-16 00:00:00,-1.0210000000000001,True,False,False,False
BSVUSDT,2024-12-17 12:00:00,2024-12-17 16:00:00,2024-12-18 20:00:00,1.9847072,True,False,False,False
BSVUSDT,2024-12-29 20:00:00,2024-12-30 00:00:00,2025-01-03 16:00:00,-1.0240356435643565,True,True,True,False
BSVUSDT,2025-01-13 04:00:00,2025-01-13 08:00:00,2025-01-17 16:00:00,-1.016645119305857,True,True,True,False
BSVUSDT,2025-01-19 04:00:00,2025-01-19 08:00:00,2025-01-27 04:00:00,1.3288031067961155,True,True,True,False
BSVUSDT,2025-02-18 04:00:00,2025-02-18 08:00:00,2025-02-24 20:00:00,1.9855088607594935,True,True,True,False
BSVUSDT,2025-02-28 00:00:00,2025-02-28 04:00:00,2025-02-28 16:00:00,-1.0172251851851852,True,True,True,False
BSVUSDT,2025-03-28 04:00:00,2025-03-28 08:00:00,2025-04-05 04:00:00,1.0803883333333293,True,True,True,False
BSVUSDT,2025-04-15 20:00:00,2025-04-16 00:00:00,2025-04-18 04:00:00,-1.0419086956521737,True,True,True,False
BSVUSDT,2025-05-06 08:00:00,2025-05-06 12:00:00,2025-05-08 00:00:00,-1.0175622775800712,True,False,False,False
BSVUSDT,2025-05-15 00:00:00,2025-05-15 04:00:00,2025-05-23 00:00:00,-0.539162079510703,True,False,False,False
BSVUSDT,2025-05-25 00:00:00,2025-05-25 04:00:00,2025-05-30 00:00:00,1.9722067796610165,True,False,False,False
BSVUSDT,2025-06-05 16:00:00,2025-06-05 20:00:00,2025-06-10 00:00:00,-1.0198026315789475,True,True,True,False
BSVUSDT,2025-06-18 12:00:00,2025-06-18 16:00:00,2025-06-26 12:00:00,-0.060514498141264285,True,True,True,False
BSVUSDT,2025-07-22 00:00:00,2025-07-22 04:00:00,2025-07-30 00:00:00,1.1988594871794869,True,False,False,False
BSVUSDT,2025-08-01 04:00:00,2025-08-01 08:00:00,2025-08-09 04:00:00,-0.5551386363636356,True,True,False,False
BSVUSDT,2025-08-18 04:00:00,2025-08-18 08:00:00,2025-08-23 20:00:00,1.9850656249999998,True,False,False,False
BSVUSDT,2025-08-29 04:00:00,2025-08-29 08:00:00,2025-09-06 04:00:00,0.4779416666666665,True,True,True,False
BSVUSDT,2025-09-21 12:00:00,2025-09-21 16:00:00,2025-09-22 04:00:00,1.9424225,True,True,False,False
BSVUSDT,2025-09-25 04:00:00,2025-09-25 08:00:00,2025-10-01 12:00:00,-1.0423367088607596,True,True,True,False
BSVUSDT,2025-10-07 04:00:00,2025-10-07 08:00:00,2025-10-07 12:00:00,1.9766499999999998,True,False,False,False
BSVUSDT,2025-10-09 08:00:00,2025-10-09 12:00:00,2025-10-10 20:00:00,-1.0215962962962966,True,True,True,False
BSVUSDT,2025-10-21 20:00:00,2025-10-22 00:00:00,2025-10-26 12:00:00,-1.0227906976744185,True,True,True,False
BSVUSDT,2025-11-13 16:00:00,2025-11-13 20:00:00,2025-11-21 04:00:00,1.985286956521739,True,True,True,False
BSVUSDT,2025-12-01 00:00:00,2025-12-01 04:00:00,2025-12-03 04:00:00,-1.017031901840491,True,True,True,False
BSVUSDT,2025-12-06 04:00:00,2025-12-06 08:00:00,2025-12-14 04:00:00,0.8020274999999971,True,True,True,False
BSVUSDT,2025-12-14 08:00:00,2025-12-14 12:00:00,2025-12-15 12:00:00,1.9538157894736843,True,True,True,False
BSVUSDT,2025-12-17 16:00:00,2025-12-17 20:00:00,2025-12-20 08:00:00,-1.0176600000000002,True,True,True,False
BSVUSDT,2025-12-25 20:00:00,2025-12-26 00:00:00,2026-01-02 20:00:00,-0.18411645569620397,True,True,True,False
BSVUSDT,2026-01-13 00:00:00,2026-01-13 04:00:00,2026-01-21 00:00:00,0.39721162790697756,True,True,False,False
BSVUSDT,2026-01-25 12:00:00,2026-01-25 16:00:00,2026-01-30 00:00:00,1.9687823529411763,True,True,True,False
BSVUSDT,2026-02-18 16:00:00,2026-02-18 20:00:00,2026-02-26 16:00:00,0.20669142857142697,True,True,True,False
BSVUSDT,2026-03-04 00:00:00,2026-03-04 04:00:00,2026-03-11 00:00:00,-1.0186963636363637,True,True,True,False
BSVUSDT,2026-03-21 20:00:00,2026-03-22 00:00:00,2026-03-29 20:00:00,0.8238500000000004,True,True,False,False
BSVUSDT,2026-04-12 00:00:00,2026-04-12 04:00:00,2026-04-20 00:00:00,-0.05874754098360574,True,False,False,False
BSVUSDT,2026-04-23 00:00:00,2026-04-23 04:00:00,2026-05-01 00:00:00,-0.3012363636363649,True,False,False,False
BSVUSDT,2026-05-15 12:00:00,2026-05-15 16:00:00,2026-05-23 12:00:00,0.8793476190476208,True,False,False,False
BSVUSDT,2026-05-26 00:00:00,2026-05-26 04:00:00,2026-06-03 00:00:00,0.44723157894736787,True,True,False,False
BSVUSDT,2026-06-04 00:00:00,2026-06-04 04:00:00,2026-06-12 00:00:00,1.3016210526315803,True,True,True,False
BSVUSDT,2026-06-23 04:00:00,2026-06-23 08:00:00,2026-06-27 04:00:00,-1.0219589041095891,True,True,False,False
BSVUSDT,2026-07-07 16:00:00,2026-07-07 20:00:00,2026-07-15 16:00:00,0.4424000000000003,True,False,False,False
BSVUSDT,2026-07-23 12:00:00,2026-07-23 16:00:00,2026-07-29 12:00:00,1.9762999999999997,True,False,False,False
BSWUSDT,2024-09-11 00:00:00,2024-09-11 04:00:00,2024-09-14 08:00:00,-1.0231696832579185,True,False,False,True
BSWUSDT,2024-09-18 08:00:00,2024-09-18 12:00:00,2024-09-19 04:00:00,-1.0247181571815718,True,False,False,True
BSWUSDT,2024-09-30 08:00:00,2024-09-30 12:00:00,2024-10-02 16:00:00,1.9906086363636362,True,False,False,False
BSWUSDT,2024-10-08 04:00:00,2024-10-08 08:00:00,2024-10-11 08:00:00,-1.0173201698513803,True,False,False,False
BSWUSDT,2024-10-17 08:00:00,2024-10-17 12:00:00,2024-10-19 00:00:00,-1.0320901960784314,True,False,False,False
BSWUSDT,2024-11-02 12:00:00,2024-11-02 16:00:00,2024-11-07 00:00:00,-1.0192553846153847,True,True,True,False
BSWUSDT,2024-11-20 00:00:00,2024-11-20 04:00:00,2024-11-23 00:00:00,-1.014632183908046,True,False,False,False
BSWUSDT,2024-12-02 00:00:00,2024-12-02 04:00:00,2024-12-03 00:00:00,-1.0210494423791823,True,False,False,False
BSWUSDT,2024-12-14 12:00:00,2024-12-14 16:00:00,2024-12-18 16:00:00,1.9867913117546847,True,False,False,False
BSWUSDT,2025-01-13 00:00:00,2025-01-13 04:00:00,2025-01-17 00:00:00,-1.018958823529412,True,True,True,False
BSWUSDT,2025-02-20 12:00:00,2025-02-20 16:00:00,2025-02-22 16:00:00,-1.0145730392156864,True,True,True,False
BSWUSDT,2025-03-26 16:00:00,2025-03-26 20:00:00,2025-03-29 08:00:00,1.9874581749049427,True,True,True,False
BSWUSDT,2025-04-02 00:00:00,2025-04-02 04:00:00,2025-04-03 04:00:00,1.9897166666666666,True,True,True,False
BSWUSDT,2025-05-14 12:00:00,2025-05-14 16:00:00,2025-05-17 00:00:00,1.9904444134078212,True,False,False,False
BSWUSDT,2025-06-20 20:00:00,2025-06-21 00:00:00,2025-06-24 04:00:00,-1.0252470588235294,True,True,True,False
BSWUSDT,2025-07-28 20:00:00,2025-07-29 00:00:00,2025-07-29 04:00:00,-1.0166335664335666,True,True,False,False
BSWUSDT,2025-08-19 20:00:00,2025-08-20 00:00:00,2025-08-22 12:00:00,-1.0141064000000002,True,False,False,False
BSWUSDT,2025-09-09 00:00:00,2025-09-09 04:00:00,2025-09-10 04:00:00,-1.032588888888889,True,True,True,False
BTRUSDT,2025-10-29 12:00:00,2025-10-29 16:00:00,2025-10-30 16:00:00,-1.0150978583196049,True,True,True,False
BTRUSDT,2025-11-02 08:00:00,2025-11-02 12:00:00,2025-11-03 12:00:00,1.9871413301662706,True,True,True,False
BTRUSDT,2025-11-29 20:00:00,2025-11-30 00:00:00,2025-12-01 00:00:00,1.9909533141210374,True,True,True,False
BTRUSDT,2025-12-10 12:00:00,2025-12-10 16:00:00,2025-12-15 16:00:00,1.988101408450704,True,True,True,False
BTRUSDT,2026-01-07 12:00:00,2026-01-07 16:00:00,2026-01-11 00:00:00,-1.0155150684931509,True,False,False,False
BTRUSDT,2026-03-03 08:00:00,2026-03-03 12:00:00,2026-03-03 16:00:00,-1.0176021786492375,True,False,True,False
BTRUSDT,2026-04-02 08:00:00,2026-04-02 12:00:00,2026-04-04 12:00:00,-1.0147377593360998,True,True,False,False
BTRUSDT,2026-04-29 04:00:00,2026-04-29 08:00:00,2026-05-02 12:00:00,-1.021491891891892,True,True,False,False
BTRUSDT,2026-05-11 12:00:00,2026-05-11 16:00:00,2026-05-15 04:00:00,-1.019869230769231,True,True,False,False
BTRUSDT,2026-05-26 00:00:00,2026-05-26 04:00:00,2026-06-03 00:00:00,0.9703815668202753,True,True,False,False
BTRUSDT,2026-07-05 08:00:00,2026-07-05 12:00:00,2026-07-13 08:00:00,1.4266794520547954,True,True,False,False
BTRUSDT,2026-07-27 12:00:00,2026-07-27 16:00:00,2026-07-29 16:00:00,-1.0158946666666668,True,True,False,False
BULLAUSDT,2025-07-31 20:00:00,2025-08-01 00:00:00,2025-08-05 12:00:00,-1.0160313725490198,True,False,False,False
BULLAUSDT,2025-08-25 04:00:00,2025-08-25 08:00:00,2025-09-02 04:00:00,1.0245533596837966,True,True,False,False
BULLAUSDT,2025-09-04 12:00:00,2025-09-04 16:00:00,2025-09-08 00:00:00,-1.0228541554959785,True,True,True,False
BULLAUSDT,2025-09-25 20:00:00,2025-09-26 00:00:00,2025-10-02 04:00:00,-1.0156045774647888,True,True,True,False
BULLAUSDT,2025-10-22 20:00:00,2025-10-23 00:00:00,2025-10-24 00:00:00,-1.0146032786885246,True,True,True,False
BULLAUSDT,2025-10-30 12:00:00,2025-10-30 16:00:00,2025-11-03 12:00:00,1.9901540865384615,True,True,True,False
BULLAUSDT,2025-11-19 12:00:00,2025-11-19 16:00:00,2025-11-27 12:00:00,-0.3260310204081615,True,True,True,False
BULLAUSDT,2025-12-14 04:00:00,2025-12-14 08:00:00,2025-12-16 04:00:00,1.9864558035714284,True,True,True,False
BULLAUSDT,2025-12-17 16:00:00,2025-12-17 20:00:00,2025-12-21 08:00:00,-1.0141550000000001,True,True,True,False
BULLAUSDT,2025-12-23 04:00:00,2025-12-23 08:00:00,2025-12-24 08:00:00,-1.0206745945945948,True,True,True,False
BULLAUSDT,2026-01-18 20:00:00,2026-01-19 00:00:00,2026-01-25 04:00:00,-1.0171714285714286,True,True,False,False
BULLAUSDT,2026-02-14 12:00:00,2026-02-14 16:00:00,2026-02-15 16:00:00,-1.022614666666667,True,True,True,False
BULLAUSDT,2026-03-12 20:00:00,2026-03-13 00:00:00,2026-03-13 12:00:00,-1.0140333333333336,True,True,True,False
BULLAUSDT,2026-03-17 00:00:00,2026-03-17 04:00:00,2026-03-17 16:00:00,1.9873542372881354,True,True,False,False
BULLAUSDT,2026-05-26 12:00:00,2026-05-26 16:00:00,2026-06-03 12:00:00,0.47085748502994096,True,True,False,False
BULLAUSDT,2026-06-18 08:00:00,2026-06-18 12:00:00,2026-06-21 04:00:00,-1.0182552112676058,True,True,False,False
BUSDT,2025-06-12 20:00:00,2025-06-13 00:00:00,2025-06-20 20:00:00,1.4325370887787312,True,False,True,False
BUSDT,2025-06-27 04:00:00,2025-06-27 08:00:00,2025-07-02 12:00:00,-1.0284097757331798,True,False,True,False
BUSDT,2025-08-13 16:00:00,2025-08-13 20:00:00,2025-08-21 16:00:00,1.1962705118411003,True,False,False,False
BUSDT,2025-09-01 20:00:00,2025-09-02 00:00:00,2025-09-09 20:00:00,1.2404436914428478,True,False,True,False
BUSDT,2025-09-16 00:00:00,2025-09-16 04:00:00,2025-09-21 12:00:00,1.9893632653061224,True,True,True,False
BUSDT,2025-09-26 16:00:00,2025-09-26 20:00:00,2025-09-27 04:00:00,-1.0270753086419753,True,True,True,False
BUSDT,2025-11-06 12:00:00,2025-11-06 16:00:00,2025-11-14 12:00:00,1.3271751824817526,True,True,True,False
BUSDT,2025-12-19 12:00:00,2025-12-19 16:00:00,2025-12-25 20:00:00,1.9901688775510202,True,False,True,False
BUSDT,2025-12-26 20:00:00,2025-12-27 00:00:00,2025-12-29 08:00:00,1.9867230769230768,True,True,True,False
BUSDT,2026-01-25 12:00:00,2026-01-25 16:00:00,2026-02-02 12:00:00,0.5466294871794881,True,True,True,False
BUSDT,2026-02-03 08:00:00,2026-02-03 12:00:00,2026-02-04 20:00:00,-1.0192500000000002,True,True,True,False
BUSDT,2026-02-17 00:00:00,2026-02-17 04:00:00,2026-02-23 16:00:00,1.9804215384615382,True,True,True,False
BUSDT,2026-03-11 04:00:00,2026-03-11 08:00:00,2026-03-16 00:00:00,-1.0154938547486034,True,False,True,False
BUSDT,2026-03-20 08:00:00,2026-03-20 12:00:00,2026-03-28 08:00:00,1.5974279069767443,True,False,True,False
BUSDT,2026-03-29 16:00:00,2026-03-29 20:00:00,2026-03-31 00:00:00,-1.043596875,True,False,True,False
BUSDT,2026-04-08 16:00:00,2026-04-08 20:00:00,2026-04-10 04:00:00,-1.0202820512820514,True,True,False,False
BUSDT,2026-06-01 00:00:00,2026-06-01 04:00:00,2026-06-01 08:00:00,-1.0141081545064379,True,True,False,False
BUSDT,2026-06-17 08:00:00,2026-06-17 12:00:00,2026-06-22 12:00:00,-1.0145918181818183,True,True,False,False
BUSDT,2026-06-30 16:00:00,2026-06-30 20:00:00,2026-07-01 16:00:00,-1.019211612903226,True,True,True,False
BUSDT,2026-07-29 16:00:00,2026-07-29 20:00:00,2026-08-04 20:00:00,-1.0140257668711659,True,True,False,False
BUSDT,2026-08-07 20:00:00,2026-08-08 00:00:00,2026-08-09 00:00:00,1.984505154639175,True,True,False,False
CAKEUSDT,2024-09-06 16:00:00,2024-09-06 20:00:00,2024-09-10 08:00:00,-1.0145164238410598,True,False,False,True
CAKEUSDT,2024-09-16 00:00:00,2024-09-16 04:00:00,2024-09-19 12:00:00,-1.0296333333333332,True,False,False,True
CAKEUSDT,2024-10-02 16:00:00,2024-10-02 20:00:00,2024-10-10 16:00:00,0.273560551724138,True,False,False,False
CAKEUSDT,2024-10-17 08:00:00,2024-10-17 12:00:00,2024-10-20 12:00:00,-1.027280303030303,True,False,False,False
CAKEUSDT,2024-10-25 20:00:00,2024-10-26 00:00:00,2024-11-02 20:00:00,0.3291263888888891,True,False,False,False
CAKEUSDT,2024-12-02 08:00:00,2024-12-02 12:00:00,2024-12-02 20:00:00,-1.016864300626305,True,False,False,False
CAKEUSDT,2024-12-17 20:00:00,2024-12-18 00:00:00,2024-12-19 00:00:00,1.9885281378178834,True,False,False,False
CAKEUSDT,2025-01-07 08:00:00,2025-01-07 12:00:00,2025-01-08 12:00:00,1.9869358248798716,True,True,True,False
CAKEUSDT,2025-01-13 04:00:00,2025-01-13 08:00:00,2025-01-15 12:00:00,-1.016338779840849,True,True,True,False
CAKEUSDT,2025-01-26 20:00:00,2025-01-27 00:00:00,2025-02-02 16:00:00,1.9873867182009837,True,True,True,False
CAKEUSDT,2025-03-09 08:00:00,2025-03-09 12:00:00,2025-03-15 16:00:00,-1.014127901234568,True,True,True,False
CAKEUSDT,2025-03-24 08:00:00,2025-03-24 12:00:00,2025-03-25 00:00:00,-1.0256231155778894,True,False,True,False
CAKEUSDT,2025-05-03 20:00:00,2025-05-04 00:00:00,2025-05-08 04:00:00,-1.019658374558304,True,False,False,False
CAKEUSDT,2025-05-17 00:00:00,2025-05-17 04:00:00,2025-05-21 00:00:00,-1.0198442591404748,True,False,False,False
CAKEUSDT,2025-05-29 16:00:00,2025-05-29 20:00:00,2025-06-06 16:00:00,1.1685621069824426,True,False,False,False
CAKEUSDT,2025-06-14 16:00:00,2025-06-14 20:00:00,2025-06-22 16:00:00,1.7117051979017617,True,False,True,False
CAKEUSDT,2025-07-04 16:00:00,2025-07-04 20:00:00,2025-07-10 16:00:00,-1.0160739400206826,True,True,True,False
CAKEUSDT,2025-08-19 12:00:00,2025-08-19 16:00:00,2025-08-22 20:00:00,-1.0167922829581995,True,False,False,False
CAKEUSDT,2025-08-29 04:00:00,2025-08-29 08:00:00,2025-09-06 04:00:00,0.9283445152158486,True,True,True,False
CAKEUSDT,2025-09-15 08:00:00,2025-09-15 12:00:00,2025-09-17 00:00:00,-1.0168947058823532,True,True,False,False
CAKEUSDT,2025-09-30 04:00:00,2025-09-30 08:00:00,2025-10-02 12:00:00,-1.0225808184143226,True,True,True,False
CAKEUSDT,2025-11-13 16:00:00,2025-11-13 20:00:00,2025-11-21 04:00:00,1.9883923580786025,True,True,True,False
CAKEUSDT,2025-12-01 00:00:00,2025-12-01 04:00:00,2025-12-02 16:00:00,-1.0167153558052435,True,True,True,False
CAKEUSDT,2025-12-05 08:00:00,2025-12-05 12:00:00,2025-12-13 08:00:00,0.7325593345656188,True,True,True,False
CAKEUSDT,2025-12-14 16:00:00,2025-12-14 20:00:00,2025-12-17 04:00:00,1.983329597946963,True,True,True,False
CAKEUSDT,2026-01-06 16:00:00,2026-01-06 20:00:00,2026-01-14 16:00:00,-0.556156953642384,True,True,False,False
CAKEUSDT,2026-01-19 12:00:00,2026-01-19 16:00:00,2026-01-27 12:00:00,0.6584583021223457,True,False,False,False
CAKEUSDT,2026-01-29 12:00:00,2026-01-29 16:00:00,2026-01-31 16:00:00,1.9898095298602285,True,True,True,False
CAKEUSDT,2026-02-05 04:00:00,2026-02-05 08:00:00,2026-02-06 00:00:00,1.989162622149837,True,True,True,False
CAKEUSDT,2026-02-11 04:00:00,2026-02-11 08:00:00,2026-02-19 04:00:00,-0.15089968976215015,True,True,True,False
CAKEUSDT,2026-02-23 00:00:00,2026-02-23 04:00:00,2026-02-25 16:00:00,-1.0154313339301702,True,True,True,False
CAKEUSDT,2026-02-28 04:00:00,2026-02-28 08:00:00,2026-03-01 00:00:00,-1.0199360000000002,True,True,True,False
CAKEUSDT,2026-03-15 08:00:00,2026-03-15 12:00:00,2026-03-15 12:00:00,-1.034037809187279,True,True,True,False
CAKEUSDT,2026-03-21 00:00:00,2026-03-21 04:00:00,2026-03-25 08:00:00,-1.0375102514506769,True,False,False,False
CAKEUSDT,2026-03-27 08:00:00,2026-03-27 12:00:00,2026-04-04 08:00:00,-0.6266103004291848,True,False,False,False
CAKEUSDT,2026-04-12 12:00:00,2026-04-12 16:00:00,2026-04-13 16:00:00,-1.0327182692307693,True,False,False,False
CAKEUSDT,2026-04-18 08:00:00,2026-04-18 12:00:00,2026-04-26 08:00:00,0.18611304347826124,True,False,False,False
CAKEUSDT,2026-04-28 08:00:00,2026-04-28 12:00:00,2026-05-06 08:00:00,-1.034751839464883,True,False,False,False
CAKEUSDT,2026-05-12 12:00:00,2026-05-12 16:00:00,2026-05-20 12:00:00,0.5618147286821705,True,False,False,False
CAKEUSDT,2026-05-22 16:00:00,2026-05-22 20:00:00,2026-05-25 12:00:00,-1.0440177383592015,True,True,False,False
CAKEUSDT,2026-05-28 00:00:00,2026-05-28 04:00:00,2026-05-30 16:00:00,-1.0167666077738517,True,True,True,False
CAKEUSDT,2026-06-17 16:00:00,2026-06-17 20:00:00,2026-06-25 16:00:00,0.6090899280575542,True,True,False,False
CAKEUSDT,2026-07-08 12:00:00,2026-07-08 16:00:00,2026-07-16 12:00:00,-0.320476836158191,True,False,False,False
CAKEUSDT,2026-07-23 12:00:00,2026-07-23 16:00:00,2026-07-26 08:00:00,-1.0730377358490566,True,False,False,False
CAKEUSDT,2026-07-28 00:00:00,2026-07-28 04:00:00,2026-07-30 08:00:00,-1.0295978260869565,True,False,False,False
CAKEUSDT,2026-08-04 16:00:00,2026-08-04 20:00:00,2026-08-08 12:00:00,-1.0670439189189187,True,False,False,False
CAKEUSDT,2026-08-13 12:00:00,2026-08-13 16:00:00,2026-08-17 16:00:00,-1.0420206315789473,True,False,False,False
CARVUSDT,2025-08-22 00:00:00,2025-08-22 04:00:00,2025-08-23 00:00:00,-1.0152077464788734,True,False,True,False
CARVUSDT,2025-09-01 00:00:00,2025-09-01 04:00:00,2025-09-08 16:00:00,-1.0280096551724138,True,False,True,False
CARVUSDT,2025-09-15 04:00:00,2025-09-15 08:00:00,2025-09-23 04:00:00,0.39239525423728633,True,False,False,False
CARVUSDT,2025-09-25 08:00:00,2025-09-25 12:00:00,2025-10-03 08:00:00,1.1992416289592744,True,False,True,False
CARVUSDT,2025-10-07 12:00:00,2025-10-07 16:00:00,2025-10-10 20:00:00,1.9879163157894735,True,True,False,False
CARVUSDT,2025-10-15 12:00:00,2025-10-15 16:00:00,2025-10-22 04:00:00,1.9901749999999998,True,True,True,False
CARVUSDT,2025-11-10 16:00:00,2025-11-10 20:00:00,2025-11-14 00:00:00,1.986706557377049,True,True,True,False
CARVUSDT,2025-12-04 16:00:00,2025-12-04 20:00:00,2025-12-07 04:00:00,-1.03444,True,True,True,False
CARVUSDT,2025-12-14 08:00:00,2025-12-14 12:00:00,2025-12-17 04:00:00,1.9829374999999998,True,True,True,False
CARVUSDT,2025-12-30 00:00:00,2025-12-30 04:00:00,2026-01-07 00:00:00,-0.12326722689075598,True,True,True,False
CARVUSDT,2026-01-12 00:00:00,2026-01-12 04:00:00,2026-01-19 00:00:00,1.981492727272727,True,True,False,False
CARVUSDT,2026-01-29 04:00:00,2026-01-29 08:00:00,2026-01-30 00:00:00,1.9848166666666665,True,True,True,False
CARVUSDT,2026-02-18 16:00:00,2026-02-18 20:00:00,2026-02-21 00:00:00,-1.0183757322175735,True,True,True,False
CARVUSDT,2026-03-07 16:00:00,2026-03-07 20:00:00,2026-03-15 16:00:00,-0.046361025641026364,True,True,True,False
CARVUSDT,2026-03-29 08:00:00,2026-03-29 12:00:00,2026-04-01 00:00:00,-1.0249501683501683,True,True,True,False
CARVUSDT,2026-04-27 04:00:00,2026-04-27 08:00:00,2026-05-05 04:00:00,-0.15978249452954008,True,False,False,False
CARVUSDT,2026-05-27 00:00:00,2026-05-27 04:00:00,2026-06-04 00:00:00,1.9879767441860463,True,True,False,False
CARVUSDT,2026-06-09 12:00:00,2026-06-09 16:00:00,2026-06-11 16:00:00,-1.0176467353951892,True,True,True,False
CARVUSDT,2026-06-24 16:00:00,2026-06-24 20:00:00,2026-06-25 08:00:00,-1.0144338658146965,True,True,True,False
CARVUSDT,2026-06-30 08:00:00,2026-06-30 12:00:00,2026-07-08 08:00:00,0.563385113268608,True,True,True,False
CARVUSDT,2026-07-17 04:00:00,2026-07-17 08:00:00,2026-07-25 04:00:00,0.49500758620689617,True,True,False,False
CARVUSDT,2026-07-27 12:00:00,2026-07-27 16:00:00,2026-08-04 12:00:00,1.2246648648648641,True,True,False,False
CARVUSDT,2026-08-12 12:00:00,2026-08-12 16:00:00,2026-08-19 16:00:00,-1.029419718309859,True,True,False,False
CATIUSDT,2024-09-25 16:00:00,2024-09-25 20:00:00,2024-09-29 08:00:00,1.9900453333333332,True,False,False,False
CATIUSDT,2024-10-25 16:00:00,2024-10-25 20:00:00,2024-11-02 16:00:00,1.5594981949458466,True,False,False,False
CATIUSDT,2024-12-31 00:00:00,2024-12-31 04:00:00,2025-01-02 04:00:00,-1.0180950000000002,True,True,True,False
CATIUSDT,2025-01-13 00:00:00,2025-01-13 04:00:00,2025-01-15 00:00:00,-1.0150992592592594,True,True,True,False
CATIUSDT,2025-03-26 16:00:00,2025-03-26 20:00:00,2025-04-03 00:00:00,1.982946753246753,True,True,True,False
CATIUSDT,2025-06-05 20:00:00,2025-06-06 00:00:00,2025-06-11 00:00:00,-1.0148400000000002,True,True,True,False
CATIUSDT,2025-06-11 08:00:00,2025-06-11 12:00:00,2025-06-17 12:00:00,1.9884499999999998,True,True,True,False
CATIUSDT,2025-06-21 12:00:00,2025-06-21 16:00:00,2025-06-23 20:00:00,-1.0188075471698115,True,True,True,False
CATIUSDT,2025-07-05 16:00:00,2025-07-05 20:00:00,2025-07-06 08:00:00,-1.0220500000000001,True,True,True,False
CATIUSDT,2025-07-15 00:00:00,2025-07-15 04:00:00,2025-07-15 12:00:00,-1.016313888888889,True,True,False,False
CATIUSDT,2025-08-11 08:00:00,2025-08-11 12:00:00,2025-08-12 04:00:00,-1.019740649149923,True,False,False,False
CATIUSDT,2025-09-30 00:00:00,2025-09-30 04:00:00,2025-09-30 16:00:00,-1.0245474835886215,True,True,True,False
CATIUSDT,2025-10-05 16:00:00,2025-10-05 20:00:00,2025-10-06 16:00:00,-1.0286875318066158,True,True,True,False
CATIUSDT,2025-10-07 20:00:00,2025-10-08 00:00:00,2025-10-09 16:00:00,-1.0199393939393941,True,True,False,False
CATIUSDT,2025-10-28 16:00:00,2025-10-28 20:00:00,2025-11-03 00:00:00,1.9856931640624997,True,False,True,False
CATIUSDT,2025-11-11 20:00:00,2025-11-12 00:00:00,2025-11-19 20:00:00,0.39115333333333185,True,True,True,False
CATIUSDT,2025-12-05 12:00:00,2025-12-05 16:00:00,2025-12-13 12:00:00,-0.4794551724137925,True,True,True,False
CATIUSDT,2025-12-21 12:00:00,2025-12-21 16:00:00,2025-12-29 12:00:00,-0.14487867647058705,True,True,True,False
CATIUSDT,2026-01-15 16:00:00,2026-01-15 20:00:00,2026-01-17 12:00:00,-1.0259287066246057,True,True,False,False
CATIUSDT,2026-01-25 16:00:00,2026-01-25 20:00:00,2026-01-31 12:00:00,1.984859292035398,True,True,True,False
CATIUSDT,2026-02-03 16:00:00,2026-02-03 20:00:00,2026-02-06 00:00:00,1.985650883392226,True,True,True,False
CATIUSDT,2026-02-15 12:00:00,2026-02-15 16:00:00,2026-02-23 12:00:00,0.9602382445141041,True,True,True,False
CATIUSDT,2026-03-06 08:00:00,2026-03-06 12:00:00,2026-03-09 00:00:00,-1.020310687022901,True,True,True,False
CATIUSDT,2026-03-18 16:00:00,2026-03-18 20:00:00,2026-03-23 12:00:00,-1.0198520000000002,True,False,False,False
CATIUSDT,2026-04-06 20:00:00,2026-04-07 00:00:00,2026-04-12 08:00:00,-1.0189703703703705,True,False,False,False
CATIUSDT,2026-05-15 04:00:00,2026-05-15 08:00:00,2026-05-17 00:00:00,1.9853639344262293,True,False,False,False
CATIUSDT,2026-05-22 16:00:00,2026-05-22 20:00:00,2026-05-23 04:00:00,-1.0246057553956835,True,True,False,False
CATIUSDT,2026-06-05 00:00:00,2026-06-05 04:00:00,2026-06-11 04:00:00,-1.0157,True,True,True,False
CATIUSDT,2026-06-22 16:00:00,2026-06-22 20:00:00,2026-06-23 00:00:00,-1.0442842105263157,True,False,False,False
CATIUSDT,2026-06-24 12:00:00,2026-06-24 16:00:00,2026-06-26 00:00:00,-1.023648433048433,True,False,True,False
CATIUSDT,2026-07-06 16:00:00,2026-07-06 20:00:00,2026-07-07 12:00:00,1.988213314447592,True,True,False,False
CATIUSDT,2026-07-14 00:00:00,2026-07-14 04:00:00,2026-07-15 00:00:00,-1.0170340983606558,True,True,False,False
CATIUSDT,2026-07-25 04:00:00,2026-07-25 08:00:00,2026-08-02 04:00:00,0.19077828571428512,True,True,False,False
CATIUSDT,2026-08-12 12:00:00,2026-08-12 16:00:00,2026-08-13 04:00:00,-1.0181956386292836,True,True,False,False
CETUSUSDT,2024-12-29 08:00:00,2024-12-29 12:00:00,2025-01-03 16:00:00,-1.016233502538071,True,True,True,False
CETUSUSDT,2025-01-07 12:00:00,2025-01-07 16:00:00,2025-01-08 04:00:00,1.98257465437788,True,False,True,False
CETUSUSDT,2025-03-31 00:00:00,2025-03-31 04:00:00,2025-04-07 00:00:00,1.990093076923077,True,True,True,False
CETUSUSDT,2025-04-15 20:00:00,2025-04-16 00:00:00,2025-04-19 20:00:00,-1.0165742500000001,True,True,True,False
CETUSUSDT,2025-05-25 04:00:00,2025-05-25 08:00:00,2025-05-26 12:00:00,1.9895650492797572,True,True,False,False
CETUSUSDT,2025-06-21 12:00:00,2025-06-21 16:00:00,2025-06-24 04:00:00,-1.0146294187425862,True,True,True,False
CETUSUSDT,2025-07-08 00:00:00,2025-07-08 04:00:00,2025-07-09 04:00:00,-1.0206774744027305,True,True,True,False
CETUSUSDT,2025-08-11 08:00:00,2025-08-11 12:00:00,2025-08-14 00:00:00,-1.0141954716981134,True,False,False,False
CETUSUSDT,2025-08-21 16:00:00,2025-08-21 20:00:00,2025-08-22 12:00:00,-1.0209726829268295,True,True,False,False
CETUSUSDT,2025-08-31 20:00:00,2025-09-01 00:00:00,2025-09-08 00:00:00,-1.0214683012259196,True,True,True,False
CETUSUSDT,2025-09-11 12:00:00,2025-09-11 16:00:00,2025-09-12 16:00:00,-1.0234923076923077,True,True,False,False
CETUSUSDT,2025-09-21 08:00:00,2025-09-21 12:00:00,2025-09-22 04:00:00,1.9753722222222219,True,True,False,False
CETUSUSDT,2025-09-25 08:00:00,2025-09-25 12:00:00,2025-10-02 00:00:00,-1.0176039603960398,True,True,True,False
CETUSUSDT,2025-11-28 20:00:00,2025-11-29 00:00:00,2025-12-01 00:00:00,1.9866048543689319,True,True,True,False
CETUSUSDT,2025-12-05 16:00:00,2025-12-05 20:00:00,2025-12-08 04:00:00,-1.0184277511961723,True,True,True,False
CETUSUSDT,2025-12-12 12:00:00,2025-12-12 16:00:00,2025-12-18 04:00:00,1.9878656716417908,True,True,True,False
CETUSUSDT,2026-01-12 20:00:00,2026-01-13 00:00:00,2026-01-13 12:00:00,-1.0296016,True,False,False,False
CETUSUSDT,2026-01-25 12:00:00,2026-01-25 16:00:00,2026-01-29 12:00:00,1.9865175324675324,True,True,True,False
CETUSUSDT,2026-02-11 04:00:00,2026-02-11 08:00:00,2026-02-13 12:00:00,-1.01446013986014,True,True,True,False
CETUSUSDT,2026-03-07 04:00:00,2026-03-07 08:00:00,2026-03-11 16:00:00,-1.0140000000000002,True,True,True,False
CETUSUSDT,2026-05-07 00:00:00,2026-05-07 04:00:00,2026-05-08 12:00:00,-1.0207869565217393,True,False,False,False
CETUSUSDT,2026-05-15 04:00:00,2026-05-15 08:00:00,2026-05-20 00:00:00,1.9881865217391304,True,False,False,False
CETUSUSDT,2026-05-22 16:00:00,2026-05-22 20:00:00,2026-05-30 16:00:00,1.2015128888888893,True,False,False,False
CETUSUSDT,2026-06-18 08:00:00,2026-06-18 12:00:00,2026-06-24 16:00:00,1.9864854838709676,True,True,False,False
CETUSUSDT,2026-07-13 00:00:00,2026-07-13 04:00:00,2026-07-14 12:00:00,-1.0413466666666666,True,True,False,False
CETUSUSDT,2026-07-23 12:00:00,2026-07-23 16:00:00,2026-07-28 00:00:00,1.981806451612903,True,False,False,False
CETUSUSDT,2026-08-06 08:00:00,2026-08-06 12:00:00,2026-08-08 08:00:00,-1.0392225806451614,True,True,False,False
CFGUSDT,2026-06-14 12:00:00,2026-06-14 16:00:00,2026-06-14 20:00:00,-1.0230209677419355,True,True,True,False
CFGUSDT,2026-06-22 20:00:00,2026-06-23 00:00:00,2026-06-24 16:00:00,1.9860720279720279,True,True,False,False
CFGUSDT,2026-07-06 00:00:00,2026-07-06 04:00:00,2026-07-13 16:00:00,1.9829174757281551,True,True,False,False
CFGUSDT,2026-07-24 12:00:00,2026-07-24 16:00:00,2026-08-01 12:00:00,-0.040610062893082485,True,True,False,False
CFGUSDT,2026-08-04 12:00:00,2026-08-04 16:00:00,2026-08-11 16:00:00,1.9790410958904108,True,True,False,False
CFGUSDT,2026-08-11 20:00:00,2026-08-12 00:00:00,2026-08-19 08:00:00,1.9883966942148759,True,True,False,False
CGPTUSDT,2025-01-06 04:00:00,2025-01-06 08:00:00,2025-01-08 16:00:00,1.9902664695945944,True,False,True,False
CGPTUSDT,2025-03-06 16:00:00,2025-03-06 20:00:00,2025-03-09 16:00:00,1.988827727272727,True,True,True,False
CGPTUSDT,2025-03-16 16:00:00,2025-03-16 20:00:00,2025-03-17 16:00:00,-1.0195468613138687,True,True,True,False
CGPTUSDT,2025-03-18 12:00:00,2025-03-18 16:00:00,2025-03-22 08:00:00,-1.014608695652174,True,True,True,False
CGPTUSDT,2025-03-31 00:00:00,2025-03-31 04:00:00,2025-04-02 04:00:00,1.982666743119266,True,True,True,False
CGPTUSDT,2025-04-06 08:00:00,2025-04-06 12:00:00,2025-04-12 08:00:00,-1.0140719626168226,True,True,True,False
CGPTUSDT,2025-05-25 04:00:00,2025-05-25 08:00:00,2025-05-26 00:00:00,-1.0167352219074601,True,False,False,False
CGPTUSDT,2025-06-21 12:00:00,2025-06-21 16:00:00,2025-06-24 04:00:00,-1.0143199494949495,True,True,True,False
CGPTUSDT,2025-07-23 12:00:00,2025-07-23 16:00:00,2025-07-30 16:00:00,1.9878245283018867,True,False,False,False
CGPTUSDT,2025-08-22 08:00:00,2025-08-22 12:00:00,2025-08-22 12:00:00,-1.0151141809290956,True,True,True,False
CGPTUSDT,2025-08-31 20:00:00,2025-09-01 00:00:00,2025-09-08 04:00:00,-1.019124436741768,True,True,True,False
CGPTUSDT,2025-09-19 12:00:00,2025-09-19 16:00:00,2025-09-21 04:00:00,-1.0165745454545456,True,False,False,False
CGPTUSDT,2025-09-30 12:00:00,2025-09-30 16:00:00,2025-10-01 08:00:00,-1.0201193116634801,True,True,True,False
CGPTUSDT,2025-10-10 12:00:00,2025-10-10 16:00:00,2025-10-10 20:00:00,1.9856995824634653,True,True,True,False
CGPTUSDT,2025-10-22 08:00:00,2025-10-22 12:00:00,2025-10-25 16:00:00,-1.015414112903226,True,True,True,False
CGPTUSDT,2025-10-30 08:00:00,2025-10-30 12:00:00,2025-11-03 12:00:00,1.9880015306122447,True,True,True,False
CGPTUSDT,2025-11-16 16:00:00,2025-11-16 20:00:00,2025-11-20 12:00:00,-1.0175107692307694,True,True,True,False
CGPTUSDT,2025-11-30 20:00:00,2025-12-01 00:00:00,2025-12-08 20:00:00,-0.05817122302158242,True,True,True,False
CGPTUSDT,2025-12-12 16:00:00,2025-12-12 20:00:00,2025-12-17 12:00:00,1.985947727272727,True,True,True,False
CGPTUSDT,2025-12-24 04:00:00,2025-12-24 08:00:00,2025-12-24 20:00:00,-1.0245177215189873,True,True,True,False
CGPTUSDT,2026-01-15 16:00:00,2026-01-15 20:00:00,2026-01-23 16:00:00,1.0309738255033585,True,False,False,False
CGPTUSDT,2026-01-29 00:00:00,2026-01-29 04:00:00,2026-01-31 12:00:00,1.9852670520231213,True,True,True,False
CGPTUSDT,2026-02-04 12:00:00,2026-02-04 16:00:00,2026-02-06 00:00:00,1.9905208333333333,True,True,True,False
CGPTUSDT,2026-02-11 04:00:00,2026-02-11 08:00:00,2026-02-11 20:00:00,-1.0182000000000002,True,True,True,False
CGPTUSDT,2026-02-18 16:00:00,2026-02-18 20:00:00,2026-02-26 16:00:00,0.8292783919597967,True,True,True,False
CGPTUSDT,2026-03-07 12:00:00,2026-03-07 16:00:00,2026-03-13 12:00:00,-1.0164836158192092,True,True,True,False
CGPTUSDT,2026-03-18 08:00:00,2026-03-18 12:00:00,2026-03-22 00:00:00,1.9821105263157892,True,False,False,False
CGPTUSDT,2026-03-26 08:00:00,2026-03-26 12:00:00,2026-04-03 08:00:00,0.6478489130434802,True,True,False,False
CGPTUSDT,2026-04-21 16:00:00,2026-04-21 20:00:00,2026-04-22 08:00:00,-1.0220338461538463,True,False,False,False
CGPTUSDT,2026-05-04 08:00:00,2026-05-04 12:00:00,2026-05-07 04:00:00,-1.0215522222222224,True,False,False,False
CGPTUSDT,2026-05-21 04:00:00,2026-05-21 08:00:00,2026-05-22 08:00:00,-1.0143696000000002,True,False,False,False
CGPTUSDT,2026-05-25 12:00:00,2026-05-25 16:00:00,2026-05-31 12:00:00,-1.0148217391304348,True,True,False,False
CGPTUSDT,2026-06-04 00:00:00,2026-06-04 04:00:00,2026-06-12 00:00:00,0.5700471698113198,True,True,True,False
CGPTUSDT,2026-06-23 04:00:00,2026-06-23 08:00:00,2026-07-01 04:00:00,0.7639951219512197,True,True,False,False
CGPTUSDT,2026-07-07 20:00:00,2026-07-08 00:00:00,2026-07-15 20:00:00,-0.05735510204081518,True,True,False,False
CGPTUSDT,2026-07-24 12:00:00,2026-07-24 16:00:00,2026-08-01 12:00:00,-0.08785806451612842,True,True,False,False
CGPTUSDT,2026-08-13 16:00:00,2026-08-13 20:00:00,2026-08-21 04:00:00,-1.0163964705882353,True,False,False,False
CHESSUSDT,2024-09-05 12:00:00,2024-09-05 16:00:00,2024-09-13 12:00:00,-1.0141726027397262,True,False,False,True
CHESSUSDT,2024-09-22 20:00:00,2024-09-23 00:00:00,2024-09-24 20:00:00,-1.0196362068965519,True,False,False,False
CHESSUSDT,2024-10-09 20:00:00,2024-10-10 00:00:00,2024-10-11 08:00:00,-1.0310566666666665,True,False,False,False
CHESSUSDT,2024-10-16 12:00:00,2024-10-16 16:00:00,2024-10-21 12:00:00,-1.0146077519379846,True,False,False,False
CHESSUSDT,2024-11-03 00:00:00,2024-11-03 04:00:00,2024-11-06 04:00:00,-1.0251641025641025,True,True,True,False
CHESSUSDT,2025-01-01 04:00:00,2025-01-01 08:00:00,2025-01-02 08:00:00,-1.0157841463414636,True,True,True,False
CHESSUSDT,2025-01-18 04:00:00,2025-01-18 08:00:00,2025-01-26 04:00:00,1.080760893854749,True,True,True,False
CHESSUSDT,2025-01-27 00:00:00,2025-01-27 04:00:00,2025-02-02 16:00:00,1.9897181818181817,True,True,True,False
CHESSUSDT,2025-02-28 00:00:00,2025-02-28 04:00:00,2025-02-28 20:00:00,-1.0147649484536083,True,True,True,False
CHESSUSDT,2025-03-09 08:00:00,2025-03-09 12:00:00,2025-03-17 08:00:00,-0.3253755555555554,True,True,True,False
CHESSUSDT,2025-03-27 16:00:00,2025-03-27 20:00:00,2025-03-31 08:00:00,1.9898222222222222,True,True,True,False
CHESSUSDT,2025-04-02 00:00:00,2025-04-02 04:00:00,2025-04-03 08:00:00,1.98884,True,True,True,False
CHESSUSDT,2025-05-16 20:00:00,2025-05-17 00:00:00,2025-05-23 00:00:00,-1.0213330396475773,True,False,False,False
CHESSUSDT,2025-09-04 16:00:00,2025-09-04 20:00:00,2025-09-08 08:00:00,-1.0219045662100459,True,True,True,False
CHESSUSDT,2025-09-22 00:00:00,2025-09-22 04:00:00,2025-09-25 16:00:00,1.9884751908396945,True,True,False,False
CHESSUSDT,2025-09-30 12:00:00,2025-09-30 16:00:00,2025-10-01 16:00:00,-1.0186461893764436,True,True,True,False
CHESSUSDT,2025-10-04 08:00:00,2025-10-04 12:00:00,2025-10-06 08:00:00,-1.028671812080537,True,True,True,False
CHESSUSDT,2025-10-07 12:00:00,2025-10-07 16:00:00,2025-10-10 20:00:00,1.9899895910780667,True,True,False,False
CHESSUSDT,2025-10-30 08:00:00,2025-10-30 12:00:00,2025-11-07 08:00:00,0.22212098765432173,True,True,True,False
CHESSUSDT,2025-11-11 16:00:00,2025-11-11 20:00:00,2025-11-19 16:00:00,1.9870047297297295,True,True,True,False
CHESSUSDT,2025-11-27 08:00:00,2025-11-27 12:00:00,2025-12-01 04:00:00,1.985680487804878,True,True,True,False
CHESSUSDT,2025-12-30 00:00:00,2025-12-30 04:00:00,2026-01-02 16:00:00,-1.0220809302325584,True,True,True,False
CHESSUSDT,2026-01-25 16:00:00,2026-01-25 20:00:00,2026-01-26 12:00:00,-1.0189655172413794,True,True,True,False
CHESSUSDT,2026-01-31 12:00:00,2026-01-31 16:00:00,2026-02-02 08:00:00,-1.0166400000000002,True,True,True,False
CHILLGUYUSDT,2025-07-06 00:00:00,2025-07-06 04:00:00,2025-07-06 12:00:00,-1.0180752475247525,True,True,True,False
CHILLGUYUSDT,2025-08-19 16:00:00,2025-08-19 20:00:00,2025-08-20 16:00:00,-1.0245846774193548,True,True,False,False
CHILLGUYUSDT,2025-09-10 16:00:00,2025-09-10 20:00:00,2025-09-11 20:00:00,-1.0212545454545456,True,True,True,False
CHILLGUYUSDT,2025-09-21 20:00:00,2025-09-22 00:00:00,2025-09-22 04:00:00,1.985251291512915,True,True,False,False
CHILLGUYUSDT,2025-09-25 12:00:00,2025-09-25 16:00:00,2025-10-01 16:00:00,-1.0153166666666669,True,True,True,False
CHILLGUYUSDT,2025-12-14 16:00:00,2025-12-14 20:00:00,2025-12-22 16:00:00,1.2910316546762615,True,True,True,False
CHILLGUYUSDT,2025-12-28 16:00:00,2025-12-28 20:00:00,2026-01-01 20:00:00,-1.0143868421052633,True,True,True,False
CHILLGUYUSDT,2026-01-24 12:00:00,2026-01-24 16:00:00,2026-01-31 12:00:00,1.9887499999999998,True,True,True,False
CHILLGUYUSDT,2026-03-26 00:00:00,2026-03-26 04:00:00,2026-04-03 00:00:00,0.4126031746031762,True,True,False,False
CHILLGUYUSDT,2026-04-26 12:00:00,2026-04-26 16:00:00,2026-05-01 16:00:00,-1.017476569037657,True,False,False,False
CHILLGUYUSDT,2026-06-04 04:00:00,2026-06-04 08:00:00,2026-06-12 04:00:00,0.23802036082474112,True,True,True,False
CHILLGUYUSDT,2026-06-23 04:00:00,2026-06-23 08:00:00,2026-06-28 12:00:00,-1.0164046831955924,True,True,False,False
CHILLGUYUSDT,2026-08-18 00:00:00,2026-08-18 04:00:00,2026-08-19 20:00:00,-1.0198665778961387,True,False,False,False
CKBUSDT,2024-10-08 04:00:00,2024-10-08 08:00:00,2024-10-15 00:00:00,-1.0191838181818182,True,False,False,False
CKBUSDT,2024-10-17 04:00:00,2024-10-17 08:00:00,2024-10-25 04:00:00,0.9792223443223439,True,False,False,False
CKBUSDT,2024-10-25 16:00:00,2024-10-25 20:00:00,2024-11-02 16:00:00,0.821655865921788,True,True,False,False
CKBUSDT,2024-11-14 12:00:00,2024-11-14 16:00:00,2024-11-16 16:00:00,-1.016096738117428,True,True,False,False
CKBUSDT,2024-12-16 08:00:00,2024-12-16 12:00:00,2024-12-19 16:00:00,1.9905550239234449,True,True,False,False
CKBUSDT,2024-12-30 12:00:00,2024-12-30 16:00:00,2025-01-02 08:00:00,-1.0147357277882798,True,True,True,False
CKBUSDT,2025-01-07 08:00:00,2025-01-07 12:00:00,2025-01-08 16:00:00,1.9862853932584268,True,True,True,False
CKBUSDT,2025-01-13 00:00:00,2025-01-13 04:00:00,2025-01-17 04:00:00,-1.0198661311914325,True,True,True,False
CKBUSDT,2025-01-18 12:00:00,2025-01-18 16:00:00,2025-01-26 12:00:00,1.209922862823062,True,True,True,False
CKBUSDT,2025-02-08 08:00:00,2025-02-08 12:00:00,2025-02-09 00:00:00,-1.0151093862815885,True,True,True,False
CKBUSDT,2025-02-24 00:00:00,2025-02-24 04:00:00,2025-02-28 00:00:00,-1.0157487544483987,True,True,True,False
CKBUSDT,2025-03-09 08:00:00,2025-03-09 12:00:00,2025-03-11 00:00:00,1.9907608030592734,True,True,True,False
CKBUSDT,2025-03-31 04:00:00,2025-03-31 08:00:00,2025-04-06 12:00:00,1.9869556249999998,True,True,True,False
CKBUSDT,2025-05-25 00:00:00,2025-05-25 04:00:00,2025-05-30 00:00:00,1.9825736641221372,True,False,False,False
CKBUSDT,2025-06-02 08:00:00,2025-06-02 12:00:00,2025-06-10 08:00:00,-0.5616111405835537,True,True,True,False
CKBUSDT,2025-06-17 12:00:00,2025-06-17 16:00:00,2025-06-25 12:00:00,0.6842818713450287,True,True,True,False
CKBUSDT,2025-07-23 12:00:00,2025-07-23 16:00:00,2025-07-26 00:00:00,-1.0169802298850577,True,False,False,False
CKBUSDT,2025-08-18 04:00:00,2025-08-18 08:00:00,2025-08-26 04:00:00,0.6638498886414238,True,False,False,False
CKBUSDT,2025-08-29 12:00:00,2025-08-29 16:00:00,2025-09-06 12:00:00,-0.00988691983122306,True,True,True,False
CKBUSDT,2025-09-21 20:00:00,2025-09-22 00:00:00,2025-09-22 04:00:00,1.9756060439560437,True,True,False,False
CKBUSDT,2025-09-30 12:00:00,2025-09-30 16:00:00,2025-10-01 08:00:00,-1.0257675675675675,True,True,True,False
CKBUSDT,2025-10-09 12:00:00,2025-10-09 16:00:00,2025-10-10 04:00:00,-1.0267296296296295,True,True,True,False
CKBUSDT,2025-10-10 12:00:00,2025-10-10 16:00:00,2025-10-10 20:00:00,1.9887792569659442,True,True,True,False
CKBUSDT,2025-10-22 16:00:00,2025-10-22 20:00:00,2025-10-28 04:00:00,-1.015423890784983,True,True,True,False
CKBUSDT,2025-11-16 16:00:00,2025-11-16 20:00:00,2025-11-21 04:00:00,1.988142396313364,True,True,True,False
CKBUSDT,2025-12-12 12:00:00,2025-12-12 16:00:00,2025-12-18 16:00:00,1.983451824817518,True,True,True,False
CKBUSDT,2025-12-31 16:00:00,2025-12-31 20:00:00,2026-01-01 16:00:00,-1.0337,True,True,True,False
CKBUSDT,2026-01-12 04:00:00,2026-01-12 08:00:00,2026-01-13 20:00:00,-1.030139837398374,True,False,False,False
CKBUSDT,2026-01-18 20:00:00,2026-01-19 00:00:00,2026-01-26 20:00:00,0.8343923444976066,True,False,False,False
CKBUSDT,2026-01-29 00:00:00,2026-01-29 04:00:00,2026-01-31 12:00:00,1.9877535714285712,True,True,True,False
CKBUSDT,2026-02-05 00:00:00,2026-02-05 04:00:00,2026-02-05 20:00:00,1.9894388888888888,True,True,True,False
CKBUSDT,2026-02-11 04:00:00,2026-02-11 08:00:00,2026-02-12 00:00:00,-1.0255862068965518,True,True,True,False
CKBUSDT,2026-02-17 20:00:00,2026-02-18 00:00:00,2026-02-18 00:00:00,-1.0325199999999999,True,True,True,False
CKBUSDT,2026-02-18 16:00:00,2026-02-18 20:00:00,2026-02-26 16:00:00,0.5731283018867918,True,True,True,False
CKBUSDT,2026-02-28 04:00:00,2026-02-28 08:00:00,2026-02-28 20:00:00,-1.0170450000000002,True,True,True,False
CKBUSDT,2026-03-06 12:00:00,2026-03-06 16:00:00,2026-03-13 12:00:00,-1.0158992248062018,True,True,True,False
CKBUSDT,2026-03-18 08:00:00,2026-03-18 12:00:00,2026-03-22 20:00:00,1.9847097826086955,True,True,False,False
CKBUSDT,2026-03-26 08:00:00,2026-03-26 12:00:00,2026-04-01 12:00:00,-1.02788,True,True,False,False
CKBUSDT,2026-04-21 16:00:00,2026-04-21 20:00:00,2026-04-22 04:00:00,-1.0336918032786884,True,False,False,False
CKBUSDT,2026-05-15 12:00:00,2026-05-15 16:00:00,2026-05-23 12:00:00,0.8361303703703713,True,False,False,False
CKBUSDT,2026-05-26 20:00:00,2026-05-27 00:00:00,2026-06-02 12:00:00,1.9851060975609753,True,True,False,False
CKBUSDT,2026-06-04 04:00:00,2026-06-04 08:00:00,2026-06-12 04:00:00,0.40193980582524125,True,True,True,False
CKBUSDT,2026-06-22 20:00:00,2026-06-23 00:00:00,2026-06-24 16:00:00,1.9799847826086954,True,True,False,False
CKBUSDT,2026-06-30 08:00:00,2026-06-30 12:00:00,2026-07-02 04:00:00,-1.0223500000000003,True,True,True,False
CKBUSDT,2026-07-06 00:00:00,2026-07-06 04:00:00,2026-07-14 00:00:00,1.014791489361701,True,True,False,False
CKBUSDT,2026-07-23 12:00:00,2026-07-23 16:00:00,2026-07-25 16:00:00,-1.0261916666666666,True,True,False,False
CKBUSDT,2026-07-29 16:00:00,2026-07-29 20:00:00,2026-08-06 16:00:00,-0.257220833333334,True,True,False,False
CKBUSDT,2026-08-12 16:00:00,2026-08-12 20:00:00,2026-08-19 20:00:00,-1.032133704735376,True,True,False,False
CLANKERUSDT,2025-11-28 00:00:00,2025-11-28 04:00:00,2025-12-01 12:00:00,1.989805381165919,True,False,True,False
CLANKERUSDT,2025-12-12 12:00:00,2025-12-12 16:00:00,2025-12-18 16:00:00,1.9907536312849161,True,False,True,False
CLANKERUSDT,2025-12-28 12:00:00,2025-12-28 16:00:00,2026-01-02 04:00:00,-1.0175823529411767,True,False,True,False
CLANKERUSDT,2026-01-11 20:00:00,2026-01-12 00:00:00,2026-01-13 04:00:00,-1.0169115942028988,True,True,False,False
CLANKERUSDT,2026-01-20 04:00:00,2026-01-20 08:00:00,2026-01-21 12:00:00,-1.0174944881889765,True,True,True,False
CLANKERUSDT,2026-01-24 12:00:00,2026-01-24 16:00:00,2026-01-25 16:00:00,1.9858964071856284,True,True,True,False
CLANKERUSDT,2026-03-04 00:00:00,2026-03-04 04:00:00,2026-03-04 12:00:00,-1.0182267942583734,True,True,True,False
CLANKERUSDT,2026-03-12 00:00:00,2026-03-12 04:00:00,2026-03-13 16:00:00,-1.020307777777778,True,True,True,False
CLANKERUSDT,2026-03-21 20:00:00,2026-03-22 00:00:00,2026-03-29 20:00:00,1.4321303703703678,True,True,False,False
CLANKERUSDT,2026-04-12 12:00:00,2026-04-12 16:00:00,2026-04-13 12:00:00,-1.0171298076923079,True,True,False,False
CLANKERUSDT,2026-04-18 08:00:00,2026-04-18 12:00:00,2026-04-26 08:00:00,0.3181046413502125,True,False,False,False
CLANKERUSDT,2026-04-29 12:00:00,2026-04-29 16:00:00,2026-05-05 12:00:00,-1.0157818181818183,True,True,False,False
CLANKERUSDT,2026-05-12 08:00:00,2026-05-12 12:00:00,2026-05-15 12:00:00,1.9829978260869563,True,False,False,False
CLANKERUSDT,2026-05-24 12:00:00,2026-05-24 16:00:00,2026-05-28 00:00:00,1.9869679999999998,True,True,False,False
CLANKERUSDT,2026-06-01 04:00:00,2026-06-01 08:00:00,2026-06-02 12:00:00,1.9769789473684207,True,True,False,False
CLANKERUSDT,2026-06-27 20:00:00,2026-06-28 00:00:00,2026-07-03 00:00:00,-1.025315294117647,True,True,True,False
CLANKERUSDT,2026-07-13 00:00:00,2026-07-13 04:00:00,2026-07-14 12:00:00,-1.0254975,True,True,False,False
CLANKERUSDT,2026-07-23 20:00:00,2026-07-24 00:00:00,2026-07-27 12:00:00,-1.0157230769230772,True,True,False,False
CLANKERUSDT,2026-08-14 04:00:00,2026-08-14 08:00:00,2026-08-15 16:00:00,-1.0205614457831327,True,True,False,False
CLANKERUSDT,2026-08-18 00:00:00,2026-08-18 04:00:00,2026-08-19 20:00:00,-1.0164601941747573,True,True,False,False
CLOUSDT,2026-03-15 16:00:00,2026-03-15 20:00:00,2026-03-18 00:00:00,-1.0327580756013746,True,True,True,False
CLOUSDT,2026-03-25 16:00:00,2026-03-25 20:00:00,2026-03-30 00:00:00,-1.02495445026178,True,True,False,False
CLOUSDT,2026-05-01 08:00:00,2026-05-01 12:00:00,2026-05-04 00:00:00,-1.0147514336917565,True,False,False,False
CLOUSDT,2026-05-11 04:00:00,2026-05-11 08:00:00,2026-05-16 04:00:00,1.9871617647058821,True,False,False,False
COLLECTUSDT,2026-08-04 16:00:00,2026-08-04 20:00:00,2026-08-05 12:00:00,-1.0159911111111113,True,False,False,False
COLLECTUSDT,2026-08-18 12:00:00,2026-08-18 16:00:00,2026-08-20 12:00:00,-1.0144407407407408,True,False,False,False
COMBOUSDT,2024-09-15 20:00:00,2024-09-16 00:00:00,2024-09-19 00:00:00,-1.0260666666666667,True,False,False,True
COMBOUSDT,2024-09-25 20:00:00,2024-09-26 00:00:00,2024-09-26 16:00:00,-1.0235023622047243,True,False,False,False
COMBOUSDT,2024-10-09 16:00:00,2024-10-09 20:00:00,2024-10-12 00:00:00,-1.0220161290322582,True,False,False,False
COMBOUSDT,2024-10-17 08:00:00,2024-10-17 12:00:00,2024-10-19 00:00:00,-1.0144081841432226,True,False,False,False
COMBOUSDT,2024-10-23 08:00:00,2024-10-23 12:00:00,2024-10-31 08:00:00,-0.13904374999999966,True,False,False,False
COMBOUSDT,2024-12-02 08:00:00,2024-12-02 12:00:00,2024-12-02 20:00:00,-1.0177264705882354,True,False,False,False
COMBOUSDT,2025-01-07 08:00:00,2025-01-07 12:00:00,2025-01-07 20:00:00,1.981553913043478,True,True,True,False
COMBOUSDT,2025-01-13 00:00:00,2025-01-13 04:00:00,2025-01-15 12:00:00,-1.0209062992125986,True,True,True,False
COMBOUSDT,2025-01-24 20:00:00,2025-01-25 00:00:00,2025-02-01 20:00:00,1.987077016129032,True,True,True,False
COMBOUSDT,2025-02-15 12:00:00,2025-02-15 16:00:00,2025-02-15 16:00:00,-1.0244204545454545,True,True,True,False
COMBOUSDT,2025-02-17 16:00:00,2025-02-17 20:00:00,2025-02-25 16:00:00,0.7663067193675869,True,True,True,False
COMBOUSDT,2025-02-28 00:00:00,2025-02-28 04:00:00,2025-03-02 12:00:00,-1.0158348936170214,True,True,True,False
COMBOUSDT,2025-03-08 00:00:00,2025-03-08 04:00:00,2025-03-09 16:00:00,1.9869785714285713,True,True,True,False
COMMONUSDT,2025-12-14 20:00:00,2025-12-15 00:00:00,2025-12-15 04:00:00,-1.0179163398692812,True,False,True,False
COMMONUSDT,2025-12-24 00:00:00,2025-12-24 04:00:00,2025-12-25 00:00:00,-1.0235653179190751,True,True,True,False
COMMONUSDT,2026-01-05 04:00:00,2026-01-05 08:00:00,2026-01-13 04:00:00,0.54931475409836,True,True,False,False
COMMONUSDT,2026-01-15 00:00:00,2026-01-15 04:00:00,2026-01-17 12:00:00,-1.015484210526316,True,True,False,False
COOKIEUSDT,2025-03-26 16:00:00,2025-03-26 20:00:00,2025-03-27 16:00:00,-1.015365,True,True,True,False
COOKIEUSDT,2025-03-31 04:00:00,2025-03-31 08:00:00,2025-04-03 12:00:00,1.9855861538461537,True,True,True,False
COOKIEUSDT,2025-04-06 08:00:00,2025-04-06 12:00:00,2025-04-07 04:00:00,1.9899291139240505,True,True,True,False
COOKIEUSDT,2025-07-08 00:00:00,2025-07-08 04:00:00,2025-07-09 20:00:00,-1.014633783783784,True,True,True,False
COOKIEUSDT,2025-07-28 12:00:00,2025-07-28 16:00:00,2025-08-01 00:00:00,1.9891999999999999,True,True,False,False
COOKIEUSDT,2025-08-22 08:00:00,2025-08-22 12:00:00,2025-08-22 12:00:00,-1.0164532110091744,True,True,True,False
COOKIEUSDT,2025-08-29 04:00:00,2025-08-29 08:00:00,2025-09-01 20:00:00,1.9861746987951805,True,True,True,False
COOKIEUSDT,2025-09-11 12:00:00,2025-09-11 16:00:00,2025-09-12 00:00:00,-1.0274776119402986,True,True,False,False
COOKIEUSDT,2025-09-20 16:00:00,2025-09-20 20:00:00,2025-09-21 12:00:00,-1.03395,True,True,False,False
COOKIEUSDT,2025-09-25 08:00:00,2025-09-25 12:00:00,2025-10-02 00:00:00,-1.0143126213592235,True,True,True,False
COOKIEUSDT,2025-10-05 16:00:00,2025-10-05 20:00:00,2025-10-10 20:00:00,1.9903153846153845,True,False,True,False
COOKIEUSDT,2025-12-14 04:00:00,2025-12-14 08:00:00,2025-12-18 16:00:00,1.989172932330827,True,True,True,False
COOKIEUSDT,2025-12-23 12:00:00,2025-12-23 16:00:00,2025-12-23 20:00:00,-1.0221083333333336,True,True,True,False
COOKIEUSDT,2026-01-12 04:00:00,2026-01-12 08:00:00,2026-01-13 16:00:00,-1.0225603053435115,True,True,False,False
COOKIEUSDT,2026-01-18 08:00:00,2026-01-18 12:00:00,2026-01-19 00:00:00,1.988989895470383,True,True,False,False
COOKIEUSDT,2026-01-23 16:00:00,2026-01-23 20:00:00,2026-01-30 00:00:00,1.9860891304347825,True,True,True,False
COOKIEUSDT,2026-02-11 00:00:00,2026-02-11 04:00:00,2026-02-14 08:00:00,-1.0175139072847683,True,True,True,False
COOKIEUSDT,2026-02-22 12:00:00,2026-02-22 16:00:00,2026-02-27 00:00:00,-1.0213469026548674,True,True,True,False
COOKIEUSDT,2026-03-13 20:00:00,2026-03-14 00:00:00,2026-03-17 00:00:00,-1.0245254545454545,True,True,True,False
COOKIEUSDT,2026-03-26 08:00:00,2026-03-26 12:00:00,2026-04-03 08:00:00,-0.5174433121019106,True,True,False,False
COOKIEUSDT,2026-04-11 00:00:00,2026-04-11 04:00:00,2026-04-16 12:00:00,-1.0214056074766358,True,True,False,False
COOKIEUSDT,2026-04-21 16:00:00,2026-04-21 20:00:00,2026-04-29 16:00:00,0.3066927272727265,True,True,False,False
COOKIEUSDT,2026-05-12 08:00:00,2026-05-12 12:00:00,2026-05-14 00:00:00,1.9833759615384614,True,False,False,False
COOKIEUSDT,2026-05-24 16:00:00,2026-05-24 20:00:00,2026-06-01 16:00:00,0.15227899159663766,True,True,False,False
COOKIEUSDT,2026-06-17 08:00:00,2026-06-17 12:00:00,2026-06-25 08:00:00,0.884608988764045,True,True,False,False
COOKIEUSDT,2026-07-06 08:00:00,2026-07-06 12:00:00,2026-07-14 08:00:00,0.566141860465117,True,True,False,False
COOKIEUSDT,2026-07-17 04:00:00,2026-07-17 08:00:00,2026-07-25 04:00:00,0.3351220779220795,True,True,False,False
COPPERUSDT,2026-03-18 12:00:00,2026-03-18 16:00:00,2026-03-26 12:00:00,0.31952204724409555,True,False,False,False
COPPERUSDT,2026-03-29 20:00:00,2026-03-30 00:00:00,2026-03-30 00:00:00,-1.1287762711864402,True,False,True,False
COPPERUSDT,2026-04-16 16:00:00,2026-04-16 20:00:00,2026-04-22 12:00:00,-1.0853440000000003,True,False,False,False
COPPERUSDT,2026-04-28 08:00:00,2026-04-28 12:00:00,2026-05-06 08:00:00,-1.030502564102564,True,False,False,False
COPPERUSDT,2026-05-15 04:00:00,2026-05-15 08:00:00,2026-05-23 04:00:00,0.06630495049504924,True,False,False,False
COPPERUSDT,2026-05-27 08:00:00,2026-05-27 12:00:00,2026-06-01 04:00:00,-1.0658311111111112,True,False,False,False
COPPERUSDT,2026-06-05 04:00:00,2026-06-05 08:00:00,2026-06-06 12:00:00,1.9609412162162163,True,False,True,False
COPPERUSDT,2026-06-16 04:00:00,2026-06-16 08:00:00,2026-06-23 04:00:00,1.9451925233644862,True,False,True,False
COPPERUSDT,2026-07-07 20:00:00,2026-07-08 00:00:00,2026-07-09 16:00:00,-1.074441379310345,True,True,False,False
COPPERUSDT,2026-07-16 16:00:00,2026-07-16 20:00:00,2026-07-21 00:00:00,-1.0747932203389834,True,False,False,False
COPPERUSDT,2026-07-28 08:00:00,2026-07-28 12:00:00,2026-07-29 16:00:00,-1.0768782608695655,True,False,False,False
COPPERUSDT,2026-08-13 04:00:00,2026-08-13 08:00:00,2026-08-14 20:00:00,-1.0485726315789472,True,False,False,False
COPPERUSDT,2026-08-18 20:00:00,2026-08-19 00:00:00,2026-08-26 00:00:00,-1.03059,True,False,False,False
COSUSDT,2024-10-09 20:00:00,2024-10-10 00:00:00,2024-10-12 12:00:00,-1.0276052325581395,True,False,False,False
COSUSDT,2024-10-23 12:00:00,2024-10-23 16:00:00,2024-10-25 20:00:00,1.9699971962616825,True,False,False,False
COSUSDT,2024-11-02 12:00:00,2024-11-02 16:00:00,2024-11-10 04:00:00,-1.0181044834307993,True,False,True,False
COSUSDT,2024-12-02 08:00:00,2024-12-02 12:00:00,2024-12-03 08:00:00,-1.0165998041136142,True,False,False,False
COSUSDT,2024-12-08 08:00:00,2024-12-08 12:00:00,2024-12-09 20:00:00,1.9835900744416872,True,False,False,False
COSUSDT,2024-12-30 12:00:00,2024-12-30 16:00:00,2025-01-02 12:00:00,-1.015964307692308,True,True,True,False
COSUSDT,2025-01-07 12:00:00,2025-01-07 16:00:00,2025-01-13 08:00:00,1.9884529702970295,True,True,True,False
COSUSDT,2025-02-07 20:00:00,2025-02-08 00:00:00,2025-02-08 16:00:00,-1.0167465940054496,True,True,True,False
COSUSDT,2025-02-17 16:00:00,2025-02-17 20:00:00,2025-02-25 04:00:00,1.98895925,True,True,True,False
COSUSDT,2025-02-28 00:00:00,2025-02-28 04:00:00,2025-02-28 16:00:00,-1.0155818181818184,True,True,True,False
COSUSDT,2025-03-10 16:00:00,2025-03-10 20:00:00,2025-03-14 08:00:00,-1.0151617910447763,True,True,True,False
COSUSDT,2025-03-21 08:00:00,2025-03-21 12:00:00,2025-03-29 08:00:00,1.3158290540540527,True,True,True,False
COSUSDT,2025-03-31 00:00:00,2025-03-31 04:00:00,2025-04-06 16:00:00,1.9905823353293413,True,True,True,False
COSUSDT,2025-05-06 08:00:00,2025-05-06 12:00:00,2025-05-08 12:00:00,-1.0262460674157303,True,True,False,False
COSUSDT,2025-05-15 04:00:00,2025-05-15 08:00:00,2025-05-23 04:00:00,-0.30985916230366445,True,False,False,False
COSUSDT,2025-05-25 00:00:00,2025-05-25 04:00:00,2025-05-26 20:00:00,-1.0237596153846154,True,False,False,False
COSUSDT,2025-05-29 16:00:00,2025-05-29 20:00:00,2025-06-06 16:00:00,1.5283347826086968,True,False,False,False
COSUSDT,2025-06-17 08:00:00,2025-06-17 12:00:00,2025-06-22 20:00:00,1.9872421800947866,True,True,True,False
COSUSDT,2025-07-15 00:00:00,2025-07-15 04:00:00,2025-07-16 12:00:00,-1.0167845588235296,True,False,False,False
COSUSDT,2025-07-28 12:00:00,2025-07-28 16:00:00,2025-07-31 20:00:00,1.9852547413793102,True,False,False,False
COSUSDT,2025-08-11 08:00:00,2025-08-11 12:00:00,2025-08-19 08:00:00,-0.02482158730158721,True,False,False,False
COSUSDT,2025-09-01 12:00:00,2025-09-01 16:00:00,2025-09-09 12:00:00,-0.05855252525252562,True,True,True,False
COSUSDT,2025-09-14 12:00:00,2025-09-14 16:00:00,2025-09-22 04:00:00,1.9813888888888886,True,False,False,False
COSUSDT,2025-09-25 16:00:00,2025-09-25 20:00:00,2025-09-29 12:00:00,-1.0189703349282297,True,True,True,False
COSUSDT,2025-10-05 16:00:00,2025-10-05 20:00:00,2025-10-10 20:00:00,1.9817673469387753,True,True,True,False
COSUSDT,2025-10-22 16:00:00,2025-10-22 20:00:00,2025-10-25 04:00:00,-1.0159,True,True,True,False
COSUSDT,2025-10-28 16:00:00,2025-10-28 20:00:00,2025-10-30 16:00:00,1.9855930232558139,True,True,True,False
COSUSDT,2025-11-13 16:00:00,2025-11-13 20:00:00,2025-11-21 16:00:00,0.810326250000001,True,True,True,False
COSUSDT,2025-11-29 16:00:00,2025-11-29 20:00:00,2025-12-05 16:00:00,1.9810746478873238,True,True,True,False
COSUSDT,2025-12-15 12:00:00,2025-12-15 16:00:00,2025-12-23 12:00:00,0.6048365079365073,True,True,True,False
COSUSDT,2026-01-07 12:00:00,2026-01-07 16:00:00,2026-01-15 12:00:00,0.366580952380954,True,False,False,False
COSUSDT,2026-01-24 16:00:00,2026-01-24 20:00:00,2026-01-29 12:00:00,1.979773684210526,True,True,True,False
COSUSDT,2026-01-31 12:00:00,2026-01-31 16:00:00,2026-02-06 00:00:00,1.9905669811320754,True,True,True,False
COSUSDT,2026-02-11 04:00:00,2026-02-11 08:00:00,2026-02-13 20:00:00,-1.0171036144578314,True,True,True,False
COSUSDT,2026-02-18 16:00:00,2026-02-18 20:00:00,2026-02-24 12:00:00,1.982752727272727,True,True,True,False
COSUSDT,2026-03-03 08:00:00,2026-03-03 12:00:00,2026-03-06 16:00:00,1.9885137499999999,True,True,True,False
COSUSDT,2026-03-29 20:00:00,2026-03-30 00:00:00,2026-04-03 08:00:00,1.9888086956521738,True,False,True,False
COSUSDT,2026-04-11 00:00:00,2026-04-11 04:00:00,2026-04-18 08:00:00,-1.016369230769231,True,True,False,False
COSUSDT,2026-04-23 00:00:00,2026-04-23 04:00:00,2026-04-27 08:00:00,-1.0387666666666666,True,True,False,False
COSUSDT,2026-04-30 04:00:00,2026-04-30 08:00:00,2026-05-08 04:00:00,-0.1872358974358974,True,True,False,False
COSUSDT,2026-05-28 00:00:00,2026-05-28 04:00:00,2026-06-01 04:00:00,-1.0148944444444445,True,True,True,False
COWUSDT,2025-01-13 00:00:00,2025-01-13 04:00:00,2025-01-14 08:00:00,-1.0153822503961967,True,False,True,False
COWUSDT,2025-01-26 20:00:00,2025-01-27 00:00:00,2025-01-31 16:00:00,-1.0144793478260872,True,True,True,False
COWUSDT,2025-03-08 04:00:00,2025-03-08 08:00:00,2025-03-11 00:00:00,1.9881859154929575,True,True,True,False
COWUSDT,2025-04-02 00:00:00,2025-04-02 04:00:00,2025-04-06 20:00:00,1.990369262295082,True,True,True,False
COWUSDT,2025-05-17 00:00:00,2025-05-17 04:00:00,2025-05-20 04:00:00,-1.0161656957928804,True,False,False,False
COWUSDT,2025-06-20 16:00:00,2025-06-20 20:00:00,2025-06-28 16:00:00,0.3229592307692295,True,True,True,False
COWUSDT,2025-07-22 00:00:00,2025-07-22 04:00:00,2025-07-24 04:00:00,1.98820118694362,True,False,False,False
COWUSDT,2025-08-19 00:00:00,2025-08-19 04:00:00,2025-08-22 16:00:00,-1.0144176136363638,True,True,False,False
COWUSDT,2025-08-29 08:00:00,2025-08-29 12:00:00,2025-09-06 08:00:00,0.3771681415929215,True,True,True,False
COWUSDT,2025-09-14 12:00:00,2025-09-14 16:00:00,2025-09-22 04:00:00,1.9900714285714285,True,False,False,False
COWUSDT,2025-09-25 04:00:00,2025-09-25 08:00:00,2025-09-28 00:00:00,-1.024161006289308,True,True,True,False
COWUSDT,2025-10-09 12:00:00,2025-10-09 16:00:00,2025-10-10 20:00:00,1.9881820388349514,True,True,True,False
COWUSDT,2025-11-03 00:00:00,2025-11-03 04:00:00,2025-11-10 20:00:00,-1.0148196891191712,True,True,True,False
COWUSDT,2025-11-17 16:00:00,2025-11-17 20:00:00,2025-11-25 16:00:00,0.8245999999999999,True,True,True,False
COWUSDT,2025-11-30 20:00:00,2025-12-01 00:00:00,2025-12-03 00:00:00,-1.0341923076923076,True,True,True,False
COWUSDT,2025-12-17 16:00:00,2025-12-17 20:00:00,2025-12-18 12:00:00,-1.0196437500000002,True,True,True,False
COWUSDT,2025-12-29 16:00:00,2025-12-29 20:00:00,2025-12-31 08:00:00,-1.0225484848484852,True,False,True,False
COWUSDT,2026-01-10 20:00:00,2026-01-11 00:00:00,2026-01-13 04:00:00,-1.0272140350877192,True,False,False,False
COWUSDT,2026-01-19 00:00:00,2026-01-19 04:00:00,2026-01-27 00:00:00,1.55722072072072,True,False,False,False
COWUSDT,2026-01-28 12:00:00,2026-01-28 16:00:00,2026-01-29 12:00:00,1.9814159574468082,True,True,True,False
COWUSDT,2026-03-21 08:00:00,2026-03-21 12:00:00,2026-03-23 16:00:00,1.9760599999999997,True,False,False,False
COWUSDT,2026-03-27 08:00:00,2026-03-27 12:00:00,2026-04-04 08:00:00,-0.47004402515723176,True,True,False,False
COWUSDT,2026-04-19 00:00:00,2026-04-19 04:00:00,2026-04-27 00:00:00,-0.5947402597402592,True,True,False,False
COWUSDT,2026-04-27 12:00:00,2026-04-27 16:00:00,2026-05-05 12:00:00,-0.622206060606061,True,True,False,False
COWUSDT,2026-05-13 12:00:00,2026-05-13 16:00:00,2026-05-21 12:00:00,1.076045161290323,True,True,False,False
COWUSDT,2026-05-23 04:00:00,2026-05-23 08:00:00,2026-05-31 04:00:00,-0.08188029197080182,True,True,False,False
COWUSDT,2026-06-04 00:00:00,2026-06-04 04:00:00,2026-06-12 00:00:00,0.2744519083969464,True,True,True,False
COWUSDT,2026-06-24 16:00:00,2026-06-24 20:00:00,2026-07-02 16:00:00,0.07806292134831601,True,True,True,False
COWUSDT,2026-07-06 08:00:00,2026-07-06 12:00:00,2026-07-14 08:00:00,0.32128807339449644,True,True,False,False
COWUSDT,2026-07-23 20:00:00,2026-07-24 00:00:00,2026-07-28 12:00:00,1.9764235294117645,True,True,False,False
COWUSDT,2026-07-31 12:00:00,2026-07-31 16:00:00,2026-07-31 16:00:00,-1.0432486486486487,True,True,False,False
COWUSDT,2026-08-01 16:00:00,2026-08-01 20:00:00,2026-08-09 16:00:00,0.9522370370370364,True,True,False,False
COWUSDT,2026-08-12 16:00:00,2026-08-12 20:00:00,2026-08-15 08:00:00,-1.0274076923076922,True,True,False,False
CROSSUSDT,2025-09-15 04:00:00,2025-09-15 08:00:00,2025-09-18 12:00:00,-1.0162105263157897,True,True,False,False
CROSSUSDT,2025-09-30 12:00:00,2025-09-30 16:00:00,2025-09-30 16:00:00,-1.0144576030317387,True,True,True,False
CROSSUSDT,2025-10-06 00:00:00,2025-10-06 04:00:00,2025-10-06 16:00:00,-1.0341175946547885,True,True,True,False
CROSSUSDT,2025-10-07 16:00:00,2025-10-07 20:00:00,2025-10-10 20:00:00,1.9886025029797376,True,True,False,False
CROSSUSDT,2025-11-03 00:00:00,2025-11-03 04:00:00,2025-11-06 04:00:00,-1.0145125217391306,True,True,True,False
CROSSUSDT,2025-12-15 12:00:00,2025-12-15 16:00:00,2025-12-23 12:00:00,1.5515215982721342,True,False,True,False
CROSSUSDT,2026-01-08 00:00:00,2026-01-08 04:00:00,2026-01-13 20:00:00,-1.0156262877442275,True,False,False,False
CROSSUSDT,2026-01-17 20:00:00,2026-01-18 00:00:00,2026-01-25 20:00:00,0.6884607985480942,True,False,False,False
CROSSUSDT,2026-01-28 04:00:00,2026-01-28 08:00:00,2026-01-31 16:00:00,1.9700421487603306,True,True,True,False
CROSSUSDT,2026-02-04 12:00:00,2026-02-04 16:00:00,2026-02-06 00:00:00,1.9832695059625212,True,True,True,False
CROSSUSDT,2026-02-09 08:00:00,2026-02-09 12:00:00,2026-02-13 16:00:00,-1.0321936936936937,True,True,True,False
CROSSUSDT,2026-02-22 12:00:00,2026-02-22 16:00:00,2026-02-24 04:00:00,1.9768754216867468,True,True,True,False
CROSSUSDT,2026-02-26 04:00:00,2026-02-26 08:00:00,2026-02-27 04:00:00,-1.0165092707045738,True,True,True,False
CROSSUSDT,2026-03-04 00:00:00,2026-03-04 04:00:00,2026-03-05 12:00:00,1.9826644531249997,True,True,True,False
CROSSUSDT,2026-03-31 04:00:00,2026-03-31 08:00:00,2026-03-31 16:00:00,-1.0282448844884489,True,True,True,False
CROSSUSDT,2026-04-06 16:00:00,2026-04-06 20:00:00,2026-04-11 00:00:00,-1.0232349614395888,True,True,False,False
CROSSUSDT,2026-05-08 00:00:00,2026-05-08 04:00:00,2026-05-09 12:00:00,-1.0187265129682999,True,False,False,False
CROSSUSDT,2026-05-12 12:00:00,2026-05-12 16:00:00,2026-05-12 20:00:00,-1.0214393495934961,True,False,False,False
CROSSUSDT,2026-05-17 20:00:00,2026-05-18 00:00:00,2026-05-20 16:00:00,-1.0167337713534823,True,False,False,False
CROSSUSDT,2026-06-21 00:00:00,2026-06-21 04:00:00,2026-06-22 00:00:00,-1.0249601593625497,True,True,True,False
CROSSUSDT,2026-07-03 20:00:00,2026-07-04 00:00:00,2026-07-05 00:00:00,-1.0270488038277512,True,True,True,False
CROSSUSDT,2026-07-13 00:00:00,2026-07-13 04:00:00,2026-07-21 00:00:00,0.23083146997929585,True,True,False,False
CROSSUSDT,2026-07-29 00:00:00,2026-07-29 04:00:00,2026-07-30 20:00:00,-1.0239178947368421,True,False,False,False
CROSSUSDT,2026-08-05 04:00:00,2026-08-05 08:00:00,2026-08-06 04:00:00,-1.0163350811485645,True,False,False,False
CROSSUSDT,2026-08-12 16:00:00,2026-08-12 20:00:00,2026-08-14 04:00:00,-1.0140231884057973,True,False,False,False
CUDISUSDT,2025-09-04 00:00:00,2025-09-04 04:00:00,2025-09-06 08:00:00,-1.0187867826086958,True,False,True,False
CUDISUSDT,2025-09-24 00:00:00,2025-09-24 04:00:00,2025-09-26 04:00:00,-1.0200898876404496,True,False,True,False
CUDISUSDT,2025-10-27 08:00:00,2025-10-27 12:00:00,2025-10-30 16:00:00,1.9906288844621514,True,True,True,False
CUDISUSDT,2025-12-14 08:00:00,2025-12-14 12:00:00,2025-12-19 08:00:00,-1.0151722222222224,True,True,True,False
CUDISUSDT,2025-12-25 04:00:00,2025-12-25 08:00:00,2026-01-02 04:00:00,-0.02766821705426441,True,True,True,False
CUDISUSDT,2026-01-08 00:00:00,2026-01-08 04:00:00,2026-01-09 12:00:00,-1.0164669354838711,True,False,False,False
CUDISUSDT,2026-01-18 08:00:00,2026-01-18 12:00:00,2026-01-25 16:00:00,1.985457894736842,True,False,False,False
CUSDT,2025-08-19 04:00:00,2025-08-19 08:00:00,2025-08-22 16:00:00,-1.0261481090589268,True,False,False,False
CUSDT,2025-09-11 08:00:00,2025-09-11 12:00:00,2025-09-13 12:00:00,-1.017511627906977,True,True,False,False
CUSDT,2025-09-29 16:00:00,2025-09-29 20:00:00,2025-10-04 04:00:00,-1.020928976784179,True,True,True,False
CUSDT,2025-11-19 16:00:00,2025-11-19 20:00:00,2025-11-20 04:00:00,-1.016732957746479,True,True,True,False
CUSDT,2025-11-28 16:00:00,2025-11-28 20:00:00,2025-12-06 16:00:00,0.5144414388489199,True,True,True,False
CUSDT,2025-12-21 12:00:00,2025-12-21 16:00:00,2025-12-26 20:00:00,-1.0178757668711658,True,False,True,False
CUSDT,2025-12-29 08:00:00,2025-12-29 12:00:00,2025-12-29 16:00:00,-1.0341450980392155,True,False,True,False
CUSDT,2026-01-12 08:00:00,2026-01-12 12:00:00,2026-01-19 00:00:00,1.9891148648648647,True,True,False,False
CUSDT,2026-02-05 00:00:00,2026-02-05 04:00:00,2026-02-06 00:00:00,1.9881573660714285,True,True,True,False
CUSDT,2026-02-11 04:00:00,2026-02-11 08:00:00,2026-02-12 08:00:00,-1.0256284697508897,True,True,True,False
CUSDT,2026-02-28 04:00:00,2026-02-28 08:00:00,2026-03-08 04:00:00,0.2841346855983769,True,True,True,False
CUSDT,2026-03-08 12:00:00,2026-03-08 16:00:00,2026-03-11 04:00:00,-1.0158826405867971,True,True,True,False
CUSDT,2026-04-18 16:00:00,2026-04-18 20:00:00,2026-04-21 12:00:00,-1.0201996070726917,True,False,False,False
CUSDT,2026-04-27 08:00:00,2026-04-27 12:00:00,2026-05-05 08:00:00,-0.5910751304347837,True,False,False,False
CUSDT,2026-05-10 00:00:00,2026-05-10 04:00:00,2026-05-10 16:00:00,-1.021724230769231,True,False,False,False
CUSDT,2026-05-15 08:00:00,2026-05-15 12:00:00,2026-05-21 08:00:00,-1.0142684684684686,True,False,False,False
CUSDT,2026-06-21 20:00:00,2026-06-22 00:00:00,2026-06-22 08:00:00,-1.0219021126760566,True,False,True,False
CUSDT,2026-06-24 08:00:00,2026-06-24 12:00:00,2026-06-25 00:00:00,1.983250105708245,True,False,True,False
CUSDT,2026-06-28 16:00:00,2026-06-28 20:00:00,2026-07-06 16:00:00,1.1817565467625892,True,True,True,False
CUSDT,2026-07-18 04:00:00,2026-07-18 08:00:00,2026-07-19 16:00:00,-1.0332114068441065,True,True,False,False
CUSDT,2026-07-20 04:00:00,2026-07-20 08:00:00,2026-07-21 04:00:00,-1.0212148514851487,True,True,False,False
CUSDT,2026-07-23 12:00:00,2026-07-23 16:00:00,2026-07-31 12:00:00,1.6866743099787693,True,True,False,False
CUSDT,2026-08-02 08:00:00,2026-08-02 12:00:00,2026-08-03 12:00:00,-1.0292229249011857,True,True,False,False
CYBERUSDT,2024-09-15 20:00:00,2024-09-16 00:00:00,2024-09-19 04:00:00,-1.0157027027027028,True,False,False,True
CYBERUSDT,2024-09-22 12:00:00,2024-09-22 16:00:00,2024-09-24 20:00:00,-1.0172338028169017,True,False,False,False
CYBERUSDT,2024-09-30 12:00:00,2024-09-30 16:00:00,2024-10-01 16:00:00,1.9885967741935482,True,False,False,False
CYBERUSDT,2025-01-13 00:00:00,2025-01-13 04:00:00,2025-01-15 20:00:00,-1.0168514285714287,True,True,True,False
CYBERUSDT,2025-01-26 20:00:00,2025-01-27 00:00:00,2025-01-28 20:00:00,1.988113793103448,True,True,True,False
CYBERUSDT,2025-02-07 20:00:00,2025-02-08 00:00:00,2025-02-08 16:00:00,-1.015161904761905,True,True,True,False
CYBERUSDT,2025-03-08 08:00:00,2025-03-08 12:00:00,2025-03-11 00:00:00,1.9906472,True,True,True,False
CYBERUSDT,2025-03-26 16:00:00,2025-03-26 20:00:00,2025-03-29 00:00:00,1.9855315217391303,True,True,True,False
CYBERUSDT,2025-04-01 16:00:00,2025-04-01 20:00:00,2025-04-06 20:00:00,1.9909773109243696,True,True,True,False
CYBERUSDT,2025-05-17 00:00:00,2025-05-17 04:00:00,2025-05-18 08:00:00,-1.0186242424242427,True,False,False,False
CYBERUSDT,2025-06-04 20:00:00,2025-06-05 00:00:00,2025-06-10 16:00:00,-1.0154264150943397,True,True,True,False
CYBERUSDT,2025-07-05 16:00:00,2025-07-05 20:00:00,2025-07-06 12:00:00,-1.0372790697674419,True,True,True,False
CYBERUSDT,2025-09-04 12:00:00,2025-09-04 16:00:00,2025-09-07 04:00:00,-1.0196462809917357,True,True,True,False
CYBERUSDT,2025-09-25 16:00:00,2025-09-25 20:00:00,2025-10-02 16:00:00,-1.0172360655737707,True,True,True,False
CYBERUSDT,2025-10-05 16:00:00,2025-10-05 20:00:00,2025-10-06 16:00:00,-1.0233237113402063,True,True,True,False
CYBERUSDT,2025-10-07 12:00:00,2025-10-07 16:00:00,2025-10-10 20:00:00,1.9893611940298506,True,True,False,False
CYBERUSDT,2025-10-22 16:00:00,2025-10-22 20:00:00,2025-10-30 16:00:00,1.3189352941176447,True,True,True,False
CYBERUSDT,2025-11-17 16:00:00,2025-11-17 20:00:00,2025-11-20 00:00:00,-1.0170298507462687,True,True,True,False
CYBERUSDT,2025-12-05 16:00:00,2025-12-05 20:00:00,2025-12-13 16:00:00,0.557698103666245,True,True,True,False
CYBERUSDT,2025-12-14 12:00:00,2025-12-14 16:00:00,2025-12-15 12:00:00,1.9778264984227125,True,True,True,False
CYBERUSDT,2025-12-17 12:00:00,2025-12-17 16:00:00,2025-12-20 12:00:00,-1.0226740566037738,True,True,True,False
CYBERUSDT,2025-12-24 08:00:00,2025-12-24 12:00:00,2025-12-25 00:00:00,-1.0296924050632912,True,True,True,False
CYBERUSDT,2026-01-12 00:00:00,2026-01-12 04:00:00,2026-01-14 00:00:00,-1.0185700000000002,True,True,False,False
CYBERUSDT,2026-03-07 04:00:00,2026-03-07 08:00:00,2026-03-14 00:00:00,-1.0146067594433401,True,True,True,False
CYBERUSDT,2026-03-19 04:00:00,2026-03-19 08:00:00,2026-03-27 04:00:00,0.4888270161290296,True,True,False,False
CYBERUSDT,2026-03-29 12:00:00,2026-03-29 16:00:00,2026-03-30 04:00:00,-1.0284846153846154,True,True,True,False
CYBERUSDT,2026-04-02 00:00:00,2026-04-02 04:00:00,2026-04-06 08:00:00,-1.028023430962343,True,True,False,False
CYBERUSDT,2026-04-12 08:00:00,2026-04-12 12:00:00,2026-04-13 20:00:00,-1.034692,True,True,False,False
CYBERUSDT,2026-04-23 00:00:00,2026-04-23 04:00:00,2026-04-25 00:00:00,-1.0186485788113697,True,False,False,False
CYBERUSDT,2026-04-27 12:00:00,2026-04-27 16:00:00,2026-05-03 00:00:00,-1.019788172043011,True,False,False,False
CYBERUSDT,2026-05-12 08:00:00,2026-05-12 12:00:00,2026-05-17 20:00:00,1.9846113846153843,True,False,False,False
CYBERUSDT,2026-05-19 16:00:00,2026-05-19 20:00:00,2026-05-21 08:00:00,-1.037913294797688,True,True,False,False
CYBERUSDT,2026-05-23 04:00:00,2026-05-23 08:00:00,2026-05-31 04:00:00,0.04510970873786411,True,True,False,False
CYBERUSDT,2026-06-02 12:00:00,2026-06-02 16:00:00,2026-06-05 04:00:00,1.9902605527638189,True,True,False,False
CYBERUSDT,2026-06-14 12:00:00,2026-06-14 16:00:00,2026-06-14 20:00:00,-1.042275,True,True,True,False
CYBERUSDT,2026-06-18 12:00:00,2026-06-18 16:00:00,2026-06-21 04:00:00,-1.0155454545454548,True,True,False,False
CYBERUSDT,2026-06-23 04:00:00,2026-06-23 08:00:00,2026-07-01 04:00:00,0.7318662650602404,True,True,False,False
CYBERUSDT,2026-07-07 20:00:00,2026-07-08 00:00:00,2026-07-11 16:00:00,-1.0235266666666667,True,True,False,False
CYBERUSDT,2026-07-17 00:00:00,2026-07-17 04:00:00,2026-07-25 00:00:00,0.6169783783783768,True,True,False,False
CYBERUSDT,2026-07-27 12:00:00,2026-07-27 16:00:00,2026-08-04 12:00:00,0.6804524390243892,True,True,False,False
CYBERUSDT,2026-08-11 12:00:00,2026-08-11 16:00:00,2026-08-19 12:00:00,0.27282788461538726,True,True,False,False
CYSUSDT,2026-05-25 12:00:00,2026-05-25 16:00:00,2026-05-26 20:00:00,-1.0141894495412846,True,False,False,False
CYSUSDT,2026-06-10 16:00:00,2026-06-10 20:00:00,2026-06-11 00:00:00,-1.024842914979757,True,True,True,False
CYSUSDT,2026-06-15 16:00:00,2026-06-15 20:00:00,2026-06-19 12:00:00,1.983221951219512,True,False,True,False
CYSUSDT,2026-06-22 16:00:00,2026-06-22 20:00:00,2026-06-24 16:00:00,1.987986689419795,True,True,False,False
CYSUSDT,2026-07-29 04:00:00,2026-07-29 08:00:00,2026-08-04 08:00:00,-1.023061111111111,True,True,False,False
DAMUSDT,2025-12-05 12:00:00,2025-12-05 16:00:00,2025-12-08 04:00:00,-1.016598936170213,True,True,True,False
DAMUSDT,2025-12-14 08:00:00,2025-12-14 12:00:00,2025-12-15 12:00:00,1.9898454545454545,True,True,True,False
DAMUSDT,2026-01-10 00:00:00,2026-01-10 04:00:00,2026-01-13 00:00:00,-1.0164995433789956,True,False,False,False
DAMUSDT,2026-01-21 20:00:00,2026-01-22 00:00:00,2026-01-24 04:00:00,1.9866899999999998,True,False,True,False
DAMUSDT,2026-01-28 04:00:00,2026-01-28 08:00:00,2026-01-30 04:00:00,-1.0227702479338843,True,True,True,False
DAMUSDT,2026-02-05 00:00:00,2026-02-05 04:00:00,2026-02-06 00:00:00,1.9905636363636363,True,True,True,False
DAMUSDT,2026-02-10 08:00:00,2026-02-10 12:00:00,2026-02-12 00:00:00,-1.014463157894737,True,True,True,False
DAMUSDT,2026-03-12 16:00:00,2026-03-12 20:00:00,2026-03-18 08:00:00,1.990297891566265,True,False,True,False
DAMUSDT,2026-03-19 12:00:00,2026-03-19 16:00:00,2026-03-20 04:00:00,-1.0318612903225806,True,False,False,False
DAMUSDT,2026-03-23 04:00:00,2026-03-23 08:00:00,2026-03-30 00:00:00,-1.0180580645161292,True,False,True,False
DAMUSDT,2026-04-15 12:00:00,2026-04-15 16:00:00,2026-04-17 08:00:00,1.988334974093264,True,False,False,False
DARUSDT,2024-09-15 20:00:00,2024-09-16 00:00:00,2024-09-19 00:00:00,-1.0215979166666669,True,False,False,True
DARUSDT,2024-10-08 12:00:00,2024-10-08 16:00:00,2024-10-11 08:00:00,-1.0160081967213117,True,False,False,False
DARUSDT,2024-12-14 12:00:00,2024-12-14 16:00:00,2024-12-18 20:00:00,1.988127659574468,True,False,False,False
DEEPUSDT,2025-05-25 08:00:00,2025-05-25 12:00:00,2025-05-26 08:00:00,-1.0192150554675121,True,False,False,False
DEEPUSDT,2025-06-05 04:00:00,2025-06-05 08:00:00,2025-06-07 00:00:00,-1.0168175145954963,True,False,True,False
DEEPUSDT,2025-06-14 16:00:00,2025-06-14 20:00:00,2025-06-16 12:00:00,-1.01483427672956,True,True,True,False
DEEPUSDT,2025-06-21 12:00:00,2025-06-21 16:00:00,2025-06-23 20:00:00,-1.0156232063773252,True,True,True,False
DEEPUSDT,2025-07-22 04:00:00,2025-07-22 08:00:00,2025-07-24 04:00:00,1.9851779792746111,True,False,False,False
DEEPUSDT,2025-08-11 08:00:00,2025-08-11 12:00:00,2025-08-12 12:00:00,-1.0222434782608698,True,False,False,False
DEEPUSDT,2025-08-19 12:00:00,2025-08-19 16:00:00,2025-08-27 12:00:00,0.8346711356466883,True,True,False,False
DEEPUSDT,2025-08-29 04:00:00,2025-08-29 08:00:00,2025-09-01 20:00:00,1.9824886075949364,True,True,True,False
DEEPUSDT,2025-09-19 20:00:00,2025-09-20 00:00:00,2025-09-25 04:00:00,1.990071308724832,True,True,False,False
DEEPUSDT,2025-10-07 00:00:00,2025-10-07 04:00:00,2025-10-10 16:00:00,1.9887822281167107,True,False,False,False
DEEPUSDT,2025-10-15 12:00:00,2025-10-15 16:00:00,2025-10-17 08:00:00,1.9908711517761033,True,True,True,False
DEEPUSDT,2025-11-16 12:00:00,2025-11-16 16:00:00,2025-11-19 16:00:00,1.987491791044776,True,True,True,False
DEEPUSDT,2025-12-12 16:00:00,2025-12-12 20:00:00,2025-12-18 16:00:00,1.9895830357142856,True,True,True,False
DEEPUSDT,2025-12-31 16:00:00,2025-12-31 20:00:00,2026-01-02 08:00:00,-1.0189496062992127,True,True,True,False
DEEPUSDT,2026-01-07 16:00:00,2026-01-07 20:00:00,2026-01-08 16:00:00,-1.0169364902506965,True,False,False,False
DEEPUSDT,2026-01-17 20:00:00,2026-01-18 00:00:00,2026-01-19 00:00:00,1.9855788590604024,True,False,False,False
DEEPUSDT,2026-01-29 00:00:00,2026-01-29 04:00:00,2026-01-31 04:00:00,1.9884743944636676,True,True,True,False
DEEPUSDT,2026-03-21 20:00:00,2026-03-22 00:00:00,2026-03-29 20:00:00,1.9893487903225804,True,False,False,False
DEEPUSDT,2026-04-05 04:00:00,2026-04-05 08:00:00,2026-04-06 00:00:00,-1.0323810344827586,True,True,False,False
DEEPUSDT,2026-04-10 04:00:00,2026-04-10 08:00:00,2026-04-10 16:00:00,-1.0189883495145633,True,True,False,False
DEEPUSDT,2026-04-27 12:00:00,2026-04-27 16:00:00,2026-05-05 12:00:00,-0.634201526717557,True,False,False,False
DEEPUSDT,2026-05-13 12:00:00,2026-05-13 16:00:00,2026-05-21 12:00:00,0.41262289156626397,True,False,False,False
DEEPUSDT,2026-05-31 16:00:00,2026-05-31 20:00:00,2026-06-03 00:00:00,1.9899112903225806,True,True,True,False
DEEPUSDT,2026-06-18 04:00:00,2026-06-18 08:00:00,2026-06-24 12:00:00,1.986523684210526,True,True,False,False
DEEPUSDT,2026-07-23 12:00:00,2026-07-23 16:00:00,2026-07-31 12:00:00,1.9851166666666664,True,False,False,False
DEEPUSDT,2026-08-01 16:00:00,2026-08-01 20:00:00,2026-08-07 16:00:00,-1.0351377049180328,True,True,False,False
DEEPUSDT,2026-08-14 08:00:00,2026-08-14 12:00:00,2026-08-15 12:00:00,-1.0273,True,True,False,False
DEEPUSDT,2026-08-18 00:00:00,2026-08-18 04:00:00,2026-08-19 20:00:00,-1.0289046153846153,True,True,False,False
DEGENUSDT,2024-12-29 12:00:00,2024-12-29 16:00:00,2025-01-03 12:00:00,-1.0145584699453554,True,False,True,False
DEGENUSDT,2025-01-11 00:00:00,2025-01-11 04:00:00,2025-01-15 16:00:00,-1.0166105781057813,True,True,True,False
DEGENUSDT,2025-03-08 08:00:00,2025-03-08 12:00:00,2025-03-10 16:00:00,1.9905645161290322,True,True,True,False
DEGENUSDT,2025-03-18 08:00:00,2025-03-18 12:00:00,2025-03-19 12:00:00,-1.0151741935483873,True,True,True,False
DEGENUSDT,2025-04-02 04:00:00,2025-04-02 08:00:00,2025-04-06 16:00:00,1.9903486381322957,True,True,True,False
DEGENUSDT,2025-04-15 16:00:00,2025-04-15 20:00:00,2025-04-17 12:00:00,-1.0255586776859504,True,True,True,False
DEGENUSDT,2025-05-03 08:00:00,2025-05-03 12:00:00,2025-05-06 08:00:00,1.9844242774566472,True,False,False,False
DEGENUSDT,2025-05-25 00:00:00,2025-05-25 04:00:00,2025-05-26 00:00:00,-1.0195814814814816,True,False,False,False
DEGENUSDT,2025-08-29 04:00:00,2025-08-29 08:00:00,2025-09-06 04:00:00,0.8989678571428581,True,True,True,False
DEGENUSDT,2025-09-21 20:00:00,2025-09-22 00:00:00,2025-09-22 04:00:00,1.97877602739726,True,False,False,False
DEGENUSDT,2025-09-30 08:00:00,2025-09-30 12:00:00,2025-10-01 08:00:00,-1.0280805755395683,True,True,True,False
DEGENUSDT,2025-10-07 20:00:00,2025-10-08 00:00:00,2025-10-10 20:00:00,1.9896663967611334,True,True,False,False
DEGENUSDT,2025-11-16 12:00:00,2025-11-16 16:00:00,2025-11-21 04:00:00,1.9882485714285714,True,True,True,False
DEGENUSDT,2025-12-12 12:00:00,2025-12-12 16:00:00,2025-12-17 16:00:00,1.9872641509433961,True,False,True,False
DEGENUSDT,2025-12-24 00:00:00,2025-12-24 04:00:00,2026-01-01 00:00:00,1.2399910112359578,True,True,True,False
DEGENUSDT,2026-01-08 16:00:00,2026-01-08 20:00:00,2026-01-09 16:00:00,-1.0148400000000002,True,False,False,False
DEGENUSDT,2026-01-23 20:00:00,2026-01-24 00:00:00,2026-01-31 12:00:00,1.9908885714285713,True,True,True,False
DEGENUSDT,2026-02-17 20:00:00,2026-02-18 00:00:00,2026-02-25 20:00:00,0.44280285714285694,True,True,True,False
DEGENUSDT,2026-03-21 20:00:00,2026-03-22 00:00:00,2026-03-29 20:00:00,1.3870862745098032,True,False,False,False
DEGENUSDT,2026-04-02 16:00:00,2026-04-02 20:00:00,2026-04-07 20:00:00,-1.0150827586206899,True,True,False,False
DEGENUSDT,2026-04-12 12:00:00,2026-04-12 16:00:00,2026-04-16 16:00:00,-1.0183020036429875,True,False,False,False
DEGOUSDT,2024-12-28 04:00:00,2024-12-28 08:00:00,2025-01-04 04:00:00,-1.0172841065292098,True,False,True,False
DEGOUSDT,2025-01-07 08:00:00,2025-01-07 12:00:00,2025-01-08 04:00:00,1.9826822023047372,True,False,True,False
DEGOUSDT,2025-01-11 16:00:00,2025-01-11 20:00:00,2025-01-13 08:00:00,1.988173208106772,True,False,True,False
DEGOUSDT,2025-01-27 00:00:00,2025-01-27 04:00:00,2025-01-27 08:00:00,-1.0156309538092383,True,False,True,False
DEGOUSDT,2025-03-14 20:00:00,2025-03-15 00:00:00,2025-03-17 04:00:00,-1.0277914567360351,True,False,True,False
DEGOUSDT,2025-03-20 08:00:00,2025-03-20 12:00:00,2025-03-22 12:00:00,-1.0210516393442626,True,False,True,False
DEGOUSDT,2025-03-26 20:00:00,2025-03-27 00:00:00,2025-04-01 08:00:00,1.9848679347826084,True,False,True,False
DEGOUSDT,2025-06-09 00:00:00,2025-06-09 04:00:00,2025-06-12 20:00:00,1.9838131578947367,True,True,True,False
DEGOUSDT,2025-06-17 16:00:00,2025-06-17 20:00:00,2025-06-25 16:00:00,0.027180116959062247,True,True,True,False
DEGOUSDT,2025-06-30 08:00:00,2025-06-30 12:00:00,2025-07-08 08:00:00,-0.5252473251028811,True,True,True,False
DEGOUSDT,2025-07-29 00:00:00,2025-07-29 04:00:00,2025-08-05 08:00:00,-1.0215254901960786,True,False,False,False
DEGOUSDT,2025-08-25 04:00:00,2025-08-25 08:00:00,2025-08-30 00:00:00,-1.0211144230769231,True,False,False,False
DEGOUSDT,2025-09-15 04:00:00,2025-09-15 08:00:00,2025-09-23 04:00:00,-0.26687429111531186,True,False,False,False
DEGOUSDT,2025-09-30 08:00:00,2025-09-30 12:00:00,2025-10-02 12:00:00,-1.0265377224199288,True,True,True,False
DEGOUSDT,2025-11-13 16:00:00,2025-11-13 20:00:00,2025-11-20 12:00:00,-1.015107155963303,True,True,True,False
DEGOUSDT,2025-11-29 16:00:00,2025-11-29 20:00:00,2025-12-01 00:00:00,1.9783265306122446,True,True,True,False
DEGOUSDT,2025-12-10 20:00:00,2025-12-11 00:00:00,2025-12-15 12:00:00,-1.0208127906976745,True,True,True,False
DEGOUSDT,2026-01-08 00:00:00,2026-01-08 04:00:00,2026-01-09 04:00:00,-1.023548366013072,True,True,False,False
DEGOUSDT,2026-01-11 12:00:00,2026-01-11 16:00:00,2026-01-19 00:00:00,1.9814779999999999,True,False,False,False
DEGOUSDT,2026-01-25 12:00:00,2026-01-25 16:00:00,2026-01-29 04:00:00,1.9759595092024536,True,True,True,False
DEGOUSDT,2026-02-05 08:00:00,2026-02-05 12:00:00,2026-02-13 08:00:00,0.21678558558558683,True,True,True,False
DEGOUSDT,2026-02-27 16:00:00,2026-02-27 20:00:00,2026-03-07 08:00:00,-1.014232558139535,True,True,True,False
DEGOUSDT,2026-04-01 04:00:00,2026-04-01 08:00:00,2026-04-05 12:00:00,-1.016164705882353,True,True,True,False
DEXEUSDT,2025-01-08 16:00:00,2025-01-08 20:00:00,2025-01-11 16:00:00,-1.0160241352805535,True,False,True,False
DEXEUSDT,2025-02-12 04:00:00,2025-02-12 08:00:00,2025-02-20 04:00:00,0.004348841201718766,True,False,True,False
DEXEUSDT,2025-03-03 20:00:00,2025-03-04 00:00:00,2025-03-04 16:00:00,-1.019601100628931,True,True,True,False
DEXEUSDT,2025-03-09 20:00:00,2025-03-10 00:00:00,2025-03-17 20:00:00,0.5283623259623245,True,True,True,False
DEXEUSDT,2025-03-18 00:00:00,2025-03-18 04:00:00,2025-03-18 04:00:00,-1.0433306422018347,True,True,True,False
DEXEUSDT,2025-03-22 04:00:00,2025-03-22 08:00:00,2025-03-23 00:00:00,1.976529985855728,True,True,True,False
DEXEUSDT,2025-05-03 08:00:00,2025-05-03 12:00:00,2025-05-03 16:00:00,-1.0301466666666665,True,True,False,False
DEXEUSDT,2025-05-10 00:00:00,2025-05-10 04:00:00,2025-05-13 16:00:00,1.9875418719211821,True,True,False,False
DEXEUSDT,2025-05-22 16:00:00,2025-05-22 20:00:00,2025-05-26 04:00:00,-1.029395238095238,True,True,False,False
DEXEUSDT,2025-06-18 12:00:00,2025-06-18 16:00:00,2025-06-20 20:00:00,1.977205309734513,True,True,True,False
DEXEUSDT,2025-07-11 20:00:00,2025-07-12 00:00:00,2025-07-17 04:00:00,-1.0157619613670135,True,True,False,False
DEXEUSDT,2025-07-19 08:00:00,2025-07-19 12:00:00,2025-07-27 08:00:00,0.18590138408304574,True,True,False,False
DEXEUSDT,2025-08-01 04:00:00,2025-08-01 08:00:00,2025-08-04 16:00:00,-1.0219252173913045,True,True,False,False
DEXEUSDT,2025-08-10 04:00:00,2025-08-10 08:00:00,2025-08-18 04:00:00,0.9852878205128199,True,False,False,False
DEXEUSDT,2025-08-19 20:00:00,2025-08-20 00:00:00,2025-08-23 20:00:00,1.9797700636942672,True,True,False,False
DEXEUSDT,2025-08-24 12:00:00,2025-08-24 16:00:00,2025-08-26 20:00:00,-1.0235016949152542,True,True,False,False
DEXEUSDT,2025-09-01 04:00:00,2025-09-01 08:00:00,2025-09-09 04:00:00,0.29909471624266243,True,True,True,False
DEXEUSDT,2025-09-15 08:00:00,2025-09-15 12:00:00,2025-09-17 00:00:00,-1.0460258373205742,True,True,False,False
DEXEUSDT,2025-10-30 12:00:00,2025-10-30 16:00:00,2025-10-31 08:00:00,-1.0227419023136246,True,True,True,False
DEXEUSDT,2025-11-11 16:00:00,2025-11-11 20:00:00,2025-11-16 16:00:00,1.986988811188811,True,True,True,False
DEXEUSDT,2025-11-19 16:00:00,2025-11-19 20:00:00,2025-11-22 20:00:00,1.989599772209567,True,True,True,False
DEXEUSDT,2025-12-05 16:00:00,2025-12-05 20:00:00,2025-12-13 16:00:00,1.1487446640316228,True,True,True,False
DEXEUSDT,2025-12-14 16:00:00,2025-12-14 20:00:00,2025-12-19 00:00:00,-1.0215549549549552,True,True,True,False
DEXEUSDT,2026-01-15 00:00:00,2026-01-15 04:00:00,2026-01-19 00:00:00,1.983682608695652,True,True,False,False
DEXEUSDT,2026-01-27 08:00:00,2026-01-27 12:00:00,2026-01-28 20:00:00,-1.0267806451612902,True,True,True,False
DEXEUSDT,2026-02-11 04:00:00,2026-02-11 08:00:00,2026-02-11 16:00:00,-1.0300106382978724,True,True,True,False
DEXEUSDT,2026-05-04 04:00:00,2026-05-04 08:00:00,2026-05-04 08:00:00,-1.024199649737303,True,False,False,False
DEXEUSDT,2026-05-12 20:00:00,2026-05-13 00:00:00,2026-05-14 08:00:00,-1.0158303703703706,True,False,False,False
DEXEUSDT,2026-07-02 08:00:00,2026-07-02 12:00:00,2026-07-02 16:00:00,-1.022054929577465,True,False,True,False
DEXEUSDT,2026-08-11 04:00:00,2026-08-11 08:00:00,2026-08-19 04:00:00,1.0438376344086016,True,True,False,False
DFUSDT,2025-01-12 04:00:00,2025-01-12 08:00:00,2025-01-17 16:00:00,-1.0150695915279881,True,False,True,False
DFUSDT,2025-01-31 20:00:00,2025-02-01 00:00:00,2025-02-03 00:00:00,-1.0151666666666668,True,False,True,False
DFUSDT,2025-02-09 12:00:00,2025-02-09 16:00:00,2025-02-13 08:00:00,-1.014175935828877,True,False,True,False
DFUSDT,2025-02-24 20:00:00,2025-02-25 00:00:00,2025-02-25 20:00:00,-1.0181656140350879,True,True,True,False
DFUSDT,2025-03-03 20:00:00,2025-03-04 00:00:00,2025-03-06 00:00:00,-1.0164035200000001,True,True,True,False
DFUSDT,2025-03-10 12:00:00,2025-03-10 16:00:00,2025-03-11 00:00:00,-1.019238264299803,True,True,True,False
DFUSDT,2025-03-31 12:00:00,2025-03-31 16:00:00,2025-04-01 08:00:00,1.9877964476021313,True,True,True,False
DFUSDT,2025-04-27 04:00:00,2025-04-27 08:00:00,2025-05-05 04:00:00,-0.17898159203980127,True,True,False,False
DFUSDT,2025-05-11 20:00:00,2025-05-12 00:00:00,2025-05-13 04:00:00,-1.014718103448276,True,True,False,False
DFUSDT,2025-05-25 00:00:00,2025-05-25 04:00:00,2025-05-30 16:00:00,-1.02574531835206,True,True,False,False
DFUSDT,2025-06-10 12:00:00,2025-06-10 16:00:00,2025-06-12 00:00:00,1.980227835051546,True,True,True,False
DFUSDT,2025-06-16 20:00:00,2025-06-17 00:00:00,2025-06-22 00:00:00,1.9831708737864076,True,True,True,False
DFUSDT,2025-06-22 04:00:00,2025-06-22 08:00:00,2025-06-23 16:00:00,-1.0152851735015773,True,True,True,False
DFUSDT,2025-07-29 00:00:00,2025-07-29 04:00:00,2025-08-06 00:00:00,0.6203378787878792,True,True,False,False
DFUSDT,2025-08-29 04:00:00,2025-08-29 08:00:00,2025-09-06 04:00:00,0.3548190476190457,True,True,True,False
DFUSDT,2025-09-22 00:00:00,2025-09-22 04:00:00,2025-09-30 00:00:00,0.885579487179488,True,True,False,False
DFUSDT,2025-09-30 12:00:00,2025-09-30 16:00:00,2025-10-01 04:00:00,-1.0296191304347826,True,True,True,False
DFUSDT,2025-10-05 16:00:00,2025-10-05 20:00:00,2025-10-06 12:00:00,-1.03059,True,True,True,False
DFUSDT,2025-10-07 16:00:00,2025-10-07 20:00:00,2025-10-10 20:00:00,1.9888511961722486,True,True,False,False
DFUSDT,2025-10-29 12:00:00,2025-10-29 16:00:00,2025-11-06 12:00:00,1.0139719101123603,True,True,True,False
DFUSDT,2025-11-12 16:00:00,2025-11-12 20:00:00,2025-11-20 16:00:00,0.8512199999999985,True,True,True,False
DFUSDT,2025-11-29 16:00:00,2025-11-29 20:00:00,2025-12-01 04:00:00,1.983003846153846,True,True,True,False
DFUSDT,2025-12-05 16:00:00,2025-12-05 20:00:00,2025-12-09 12:00:00,-1.02282,True,True,True,False
DFUSDT,2025-12-14 20:00:00,2025-12-15 00:00:00,2025-12-18 16:00:00,1.9862493670886074,True,True,True,False
DFUSDT,2026-01-11 20:00:00,2026-01-12 00:00:00,2026-01-19 20:00:00,0.32979480519480453,True,True,False,False
DFUSDT,2026-01-24 16:00:00,2026-01-24 20:00:00,2026-01-29 04:00:00,1.981170588235294,True,True,True,False
DFUSDT,2026-01-31 16:00:00,2026-01-31 20:00:00,2026-02-02 08:00:00,1.9904,True,True,True,False
DIAUSDT,2024-11-02 04:00:00,2024-11-02 08:00:00,2024-11-04 20:00:00,1.9868999999999999,True,False,True,False
DIAUSDT,2024-11-20 00:00:00,2024-11-20 04:00:00,2024-11-23 00:00:00,-1.0161034482758622,True,False,False,False
DIAUSDT,2025-01-13 00:00:00,2025-01-13 04:00:00,2025-01-14 08:00:00,-1.026328115942029,True,True,True,False
DIAUSDT,2025-01-18 04:00:00,2025-01-18 08:00:00,2025-01-26 04:00:00,1.20668467874794,True,True,True,False
DIAUSDT,2025-03-16 12:00:00,2025-03-16 16:00:00,2025-03-18 08:00:00,-1.0207589743589744,True,True,True,False
DIAUSDT,2025-03-26 12:00:00,2025-03-26 16:00:00,2025-03-28 04:00:00,1.976605732484076,True,True,True,False
DIAUSDT,2025-04-02 20:00:00,2025-04-03 00:00:00,2025-04-07 04:00:00,1.990721362229102,True,True,True,False
DIAUSDT,2025-04-16 12:00:00,2025-04-16 16:00:00,2025-04-17 16:00:00,-1.024863101604278,True,True,True,False
DIAUSDT,2025-05-05 08:00:00,2025-05-05 12:00:00,2025-05-10 00:00:00,-1.0277371647509579,True,False,False,False
DIAUSDT,2025-05-17 04:00:00,2025-05-17 08:00:00,2025-05-18 12:00:00,-1.023296,True,False,False,False
DIAUSDT,2025-05-19 04:00:00,2025-05-19 08:00:00,2025-05-22 08:00:00,-1.0162118556701032,True,False,False,False
DIAUSDT,2025-05-29 16:00:00,2025-05-29 20:00:00,2025-06-06 16:00:00,1.5477242819843344,True,False,False,False
DIAUSDT,2025-06-20 16:00:00,2025-06-20 20:00:00,2025-06-22 12:00:00,1.9806071428571426,True,True,True,False
DIAUSDT,2025-08-17 20:00:00,2025-08-18 00:00:00,2025-08-19 12:00:00,-1.025285995085995,True,False,False,False
DIAUSDT,2025-08-31 20:00:00,2025-09-01 00:00:00,2025-09-05 12:00:00,-1.0157063209076176,True,True,True,False
DIAUSDT,2025-09-12 08:00:00,2025-09-12 12:00:00,2025-09-20 08:00:00,0.39034113207547233,True,True,False,False
DIAUSDT,2025-09-21 08:00:00,2025-09-21 12:00:00,2025-09-22 04:00:00,1.9765829545454543,True,True,False,False
DIAUSDT,2025-09-30 00:00:00,2025-09-30 04:00:00,2025-10-01 08:00:00,-1.029216479400749,True,True,True,False
DIAUSDT,2025-10-04 00:00:00,2025-10-04 04:00:00,2025-10-09 12:00:00,1.9819499999999999,True,True,True,False
DIAUSDT,2025-10-10 12:00:00,2025-10-10 16:00:00,2025-10-10 20:00:00,1.9845731543624159,True,True,True,False
DIAUSDT,2025-11-04 16:00:00,2025-11-04 20:00:00,2025-11-07 04:00:00,-1.0148933985330075,True,True,True,False
DIAUSDT,2025-11-12 16:00:00,2025-11-12 20:00:00,2025-11-19 16:00:00,1.9906119266055045,True,True,True,False
DIAUSDT,2025-11-26 12:00:00,2025-11-26 16:00:00,2025-11-26 20:00:00,-1.0164054982817872,True,True,True,False
DIAUSDT,2025-12-12 12:00:00,2025-12-12 16:00:00,2025-12-20 12:00:00,0.8138587412587406,True,True,True,False
DIAUSDT,2026-01-12 04:00:00,2026-01-12 08:00:00,2026-01-14 08:00:00,-1.0245083333333334,True,True,False,False
DIAUSDT,2026-01-15 16:00:00,2026-01-15 20:00:00,2026-01-23 16:00:00,0.6974022140221392,True,True,False,False
DIAUSDT,2026-01-25 12:00:00,2026-01-25 16:00:00,2026-01-29 12:00:00,1.9791071428571425,True,True,True,False
DIAUSDT,2026-01-31 12:00:00,2026-01-31 16:00:00,2026-02-05 20:00:00,1.9907124999999999,True,True,True,False
DIAUSDT,2026-02-15 16:00:00,2026-02-15 20:00:00,2026-02-23 16:00:00,1.0392930817610069,True,True,True,False
DIAUSDT,2026-02-28 04:00:00,2026-02-28 08:00:00,2026-03-01 00:00:00,-1.0204050000000002,True,True,True,False
DIAUSDT,2026-03-07 00:00:00,2026-03-07 04:00:00,2026-03-10 12:00:00,-1.0153654320987655,True,True,True,False
DIAUSDT,2026-03-14 04:00:00,2026-03-14 08:00:00,2026-03-17 00:00:00,-1.0186565217391306,True,True,True,False
DIAUSDT,2026-03-18 12:00:00,2026-03-18 16:00:00,2026-03-26 12:00:00,0.6372256410256419,True,True,False,False
DIAUSDT,2026-04-10 04:00:00,2026-04-10 08:00:00,2026-04-10 12:00:00,-1.0349605633802816,True,True,False,False
DIAUSDT,2026-04-13 04:00:00,2026-04-13 08:00:00,2026-04-16 16:00:00,-1.0247616161616162,True,True,False,False
DIAUSDT,2026-04-26 20:00:00,2026-04-27 00:00:00,2026-05-04 20:00:00,0.1665423076923049,True,False,False,False
DIAUSDT,2026-05-17 20:00:00,2026-05-18 00:00:00,2026-05-21 08:00:00,-1.0277011235955056,True,True,False,False
DIAUSDT,2026-05-27 00:00:00,2026-05-27 04:00:00,2026-06-04 00:00:00,1.9888649635036495,True,True,False,False
DIAUSDT,2026-06-10 00:00:00,2026-06-10 04:00:00,2026-06-14 20:00:00,-1.0213012658227851,True,True,True,False
DIAUSDT,2026-06-18 04:00:00,2026-06-18 08:00:00,2026-06-23 08:00:00,1.9828169230769228,True,True,False,False
DIAUSDT,2026-06-24 12:00:00,2026-06-24 16:00:00,2026-07-02 12:00:00,-0.22640000000000135,True,True,True,False
DIAUSDT,2026-07-18 04:00:00,2026-07-18 08:00:00,2026-07-25 20:00:00,-1.0275882352941177,True,True,False,False
DIAUSDT,2026-08-10 16:00:00,2026-08-10 20:00:00,2026-08-17 00:00:00,-1.0147491228070176,True,False,False,False
DISUSDT,2026-06-03 12:00:00,2026-06-03 16:00:00,2026-06-11 12:00:00,0.3276724738675964,True,False,True,False
DISUSDT,2026-06-22 12:00:00,2026-06-22 16:00:00,2026-06-24 12:00:00,-1.105895588235294,True,False,False,False
DISUSDT,2026-06-24 16:00:00,2026-06-24 20:00:00,2026-07-02 16:00:00,0.5297472727272734,True,False,True,False
DISUSDT,2026-07-06 12:00:00,2026-07-06 16:00:00,2026-07-14 12:00:00,0.4662354430379751,True,True,False,False
DISUSDT,2026-07-23 12:00:00,2026-07-23 16:00:00,2026-07-28 12:00:00,-1.0209436392914655,True,True,False,False
DISUSDT,2026-08-10 12:00:00,2026-08-10 16:00:00,2026-08-14 12:00:00,-1.0596330578512396,True,False,False,False
DMCUSDT,2025-08-29 04:00:00,2025-08-29 08:00:00,2025-09-06 04:00:00,0.8733522807017522,True,True,True,False
DMCUSDT,2025-10-10 12:00:00,2025-10-10 16:00:00,2025-10-10 20:00:00,1.9884355648535563,True,True,True,False
DMCUSDT,2025-11-11 04:00:00,2025-11-11 08:00:00,2025-11-11 12:00:00,-1.0180917525773199,True,True,True,False
DMCUSDT,2025-11-16 12:00:00,2025-11-16 16:00:00,2025-11-19 16:00:00,1.9891632653061222,True,True,True,False
DMCUSDT,2025-12-01 00:00:00,2025-12-01 04:00:00,2025-12-09 00:00:00,1.0651705521472405,True,True,True,False
DMCUSDT,2025-12-12 12:00:00,2025-12-12 16:00:00,2025-12-13 12:00:00,-1.019455670103093,True,True,True,False
DMCUSDT,2025-12-17 16:00:00,2025-12-17 20:00:00,2025-12-20 04:00:00,-1.018651612903226,True,True,True,False
DMCUSDT,2025-12-27 08:00:00,2025-12-27 12:00:00,2025-12-29 04:00:00,-1.0275491525423728,True,True,True,False
DMCUSDT,2026-01-11 20:00:00,2026-01-12 00:00:00,2026-01-13 16:00:00,-1.0318666666666665,True,True,False,False
DODOXUSDT,2024-09-15 20:00:00,2024-09-16 00:00:00,2024-09-19 04:00:00,-1.015556092301057,True,False,False,True
DODOXUSDT,2024-09-28 08:00:00,2024-09-28 12:00:00,2024-10-01 16:00:00,1.9890125411635564,True,False,False,False
DODOXUSDT,2024-10-09 16:00:00,2024-10-09 20:00:00,2024-10-11 12:00:00,-1.0287497391617197,True,False,False,False
DODOXUSDT,2024-10-16 20:00:00,2024-10-17 00:00:00,2024-10-17 20:00:00,-1.017525073044043,True,False,False,False
DODOXUSDT,2025-01-01 08:00:00,2025-01-01 12:00:00,2025-01-02 00:00:00,-1.023281129767597,True,True,True,False
DODOXUSDT,2025-01-13 00:00:00,2025-01-13 04:00:00,2025-01-15 16:00:00,-1.0217005714285716,True,True,True,False
DODOXUSDT,2025-02-17 16:00:00,2025-02-17 20:00:00,2025-02-25 16:00:00,0.7451466211443392,True,True,True,False
DODOXUSDT,2025-02-28 00:00:00,2025-02-28 04:00:00,2025-03-02 16:00:00,-1.0147904350104824,True,True,True,False
DODOXUSDT,2025-03-09 08:00:00,2025-03-09 12:00:00,2025-03-11 00:00:00,1.9905499353355367,True,True,True,False
DODOXUSDT,2025-04-14 20:00:00,2025-04-15 00:00:00,2025-04-22 20:00:00,-0.62877942348254,True,True,True,False
DODOXUSDT,2025-05-17 00:00:00,2025-05-17 04:00:00,2025-05-22 04:00:00,-1.0168271970397782,True,False,False,False
DODOXUSDT,2025-05-25 04:00:00,2025-05-25 08:00:00,2025-05-27 04:00:00,-1.029523425692695,True,False,False,False
DODOXUSDT,2025-06-21 16:00:00,2025-06-21 20:00:00,2025-06-29 16:00:00,-0.2552296102385106,True,True,True,False
DODOXUSDT,2025-08-01 04:00:00,2025-08-01 08:00:00,2025-08-08 16:00:00,-1.0148668224299067,True,True,False,False
DODOXUSDT,2025-08-11 08:00:00,2025-08-11 12:00:00,2025-08-12 20:00:00,-1.0207297921478062,True,False,False,False
DODOXUSDT,2025-09-01 00:00:00,2025-09-01 04:00:00,2025-09-09 00:00:00,-1.020027790432802,True,True,True,False
DODOXUSDT,2025-09-25 12:00:00,2025-09-25 16:00:00,2025-10-02 00:00:00,-1.0203896095076401,True,True,True,False
DODOXUSDT,2025-10-07 16:00:00,2025-10-07 20:00:00,2025-10-10 20:00:00,1.99095993829881,True,False,False,False
DODOXUSDT,2025-10-30 08:00:00,2025-10-30 12:00:00,2025-11-03 12:00:00,1.9872790664780762,True,True,True,False
DODOXUSDT,2025-11-11 20:00:00,2025-11-12 00:00:00,2025-11-19 20:00:00,1.278341058540498,True,True,True,False
DODOXUSDT,2025-11-29 16:00:00,2025-11-29 20:00:00,2025-12-01 04:00:00,1.9788112524461836,True,True,True,False
DODOXUSDT,2025-12-04 16:00:00,2025-12-04 20:00:00,2025-12-12 16:00:00,1.2131043541364332,True,True,True,False
DODOXUSDT,2025-12-14 16:00:00,2025-12-14 20:00:00,2025-12-17 16:00:00,1.9804860927152315,True,True,True,False
DODOXUSDT,2025-12-29 12:00:00,2025-12-29 16:00:00,2026-01-01 16:00:00,-1.0186677014042869,True,True,True,False
DODOXUSDT,2026-01-08 08:00:00,2026-01-08 12:00:00,2026-01-16 08:00:00,0.18000539609644084,True,True,False,False
DODOXUSDT,2026-01-25 12:00:00,2026-01-25 16:00:00,2026-01-26 04:00:00,-1.030669090909091,True,True,True,False
DODOXUSDT,2026-02-18 16:00:00,2026-02-18 20:00:00,2026-02-21 00:00:00,-1.0240248868778281,True,True,True,False
DODOXUSDT,2026-02-28 00:00:00,2026-02-28 04:00:00,2026-03-03 16:00:00,-1.01818501338091,True,True,True,False
DODOXUSDT,2026-03-22 20:00:00,2026-03-23 00:00:00,2026-03-24 08:00:00,-1.0178163876651984,True,True,False,False
DODOXUSDT,2026-03-29 08:00:00,2026-03-29 12:00:00,2026-03-29 20:00:00,1.9716264236902046,True,True,True,False
DODOXUSDT,2026-04-10 04:00:00,2026-04-10 08:00:00,2026-04-13 20:00:00,-1.0377550802139037,True,False,False,False
DODOXUSDT,2026-04-21 16:00:00,2026-04-21 20:00:00,2026-04-22 16:00:00,-1.0230608439646713,True,False,False,False
DODOXUSDT,2026-04-29 16:00:00,2026-04-29 20:00:00,2026-05-02 04:00:00,-1.0222977663230244,True,False,False,False
DODOXUSDT,2026-05-04 20:00:00,2026-05-05 00:00:00,2026-05-08 16:00:00,-1.035637037037037,True,False,False,False
DODOXUSDT,2026-05-28 20:00:00,2026-05-29 00:00:00,2026-05-30 08:00:00,-1.0145942446043166,True,True,True,False
DODOXUSDT,2026-06-18 12:00:00,2026-06-18 16:00:00,2026-06-19 08:00:00,-1.0140702849389418,True,True,False,False
DODOXUSDT,2026-07-04 12:00:00,2026-07-04 16:00:00,2026-07-07 16:00:00,1.9849406021897809,True,False,False,False
DOGSUSDT,2024-09-08 12:00:00,2024-09-08 16:00:00,2024-09-09 16:00:00,-1.0150839207048459,True,False,False,True
DOGSUSDT,2024-09-15 20:00:00,2024-09-16 00:00:00,2024-09-22 20:00:00,1.9906689969604863,True,False,False,True
DOGSUSDT,2024-10-22 08:00:00,2024-10-22 12:00:00,2024-10-25 20:00:00,1.9896099999999999,True,True,False,False
DOGSUSDT,2024-10-31 16:00:00,2024-10-31 20:00:00,2024-11-04 20:00:00,1.9890515856236786,True,True,True,False
DOGSUSDT,2024-12-16 08:00:00,2024-12-16 12:00:00,2024-12-19 00:00:00,1.9893330985915492,True,False,False,False
DOGSUSDT,2024-12-29 20:00:00,2024-12-30 00:00:00,2024-12-30 04:00:00,-1.0224392523364487,True,True,True,False
DOGSUSDT,2025-03-18 00:00:00,2025-03-18 04:00:00,2025-03-19 00:00:00,-1.0232771084337349,True,True,True,False
DOGSUSDT,2025-04-16 04:00:00,2025-04-16 08:00:00,2025-04-18 08:00:00,-1.0210000000000001,True,True,True,False
DOGSUSDT,2025-05-07 00:00:00,2025-05-07 04:00:00,2025-05-08 04:00:00,-1.0169500000000002,True,True,False,False
DOGSUSDT,2025-05-25 08:00:00,2025-05-25 12:00:00,2025-05-28 08:00:00,-1.0155312500000002,True,False,False,False
DOGSUSDT,2025-06-21 16:00:00,2025-06-21 20:00:00,2025-06-24 00:00:00,-1.0151045871559634,True,True,True,False
DOGSUSDT,2025-07-23 12:00:00,2025-07-23 16:00:00,2025-07-31 12:00:00,0.31434520547945255,True,False,False,False
DOGSUSDT,2025-08-11 08:00:00,2025-08-11 12:00:00,2025-08-19 08:00:00,0.7360511999999982,True,False,False,False
DOGSUSDT,2025-08-29 04:00:00,2025-08-29 08:00:00,2025-09-06 04:00:00,-0.08215833333333471,True,True,True,False
DOGSUSDT,2025-09-15 04:00:00,2025-09-15 08:00:00,2025-09-23 04:00:00,1.2195153284671552,True,False,False,False
DOGSUSDT,2025-09-30 12:00:00,2025-09-30 16:00:00,2025-10-01 08:00:00,-1.0235159420289854,True,True,True,False
DOGSUSDT,2025-10-04 12:00:00,2025-10-04 16:00:00,2025-10-10 16:00:00,1.9858571428571428,True,True,True,False
DOGSUSDT,2025-10-28 20:00:00,2025-10-29 00:00:00,2025-11-03 04:00:00,1.9894625,True,True,True,False
DOGSUSDT,2025-12-23 00:00:00,2025-12-23 04:00:00,2025-12-26 08:00:00,-1.0318888888888889,True,True,True,False
DOGSUSDT,2025-12-28 16:00:00,2025-12-28 20:00:00,2025-12-31 16:00:00,1.982642857142857,True,True,True,False
DOGSUSDT,2025-12-31 20:00:00,2026-01-01 00:00:00,2026-01-01 08:00:00,-1.018441379310345,True,True,True,False
DOGSUSDT,2026-01-11 20:00:00,2026-01-12 00:00:00,2026-01-13 16:00:00,-1.0294666666666665,True,False,False,False
DOGSUSDT,2026-01-29 00:00:00,2026-01-29 04:00:00,2026-01-31 16:00:00,1.989548387096774,True,True,True,False
DOGSUSDT,2026-02-05 00:00:00,2026-02-05 04:00:00,2026-02-06 00:00:00,1.988975,True,True,True,False
DOGSUSDT,2026-02-11 04:00:00,2026-02-11 08:00:00,2026-02-12 04:00:00,-1.0155750000000001,True,True,True,False
DOGSUSDT,2026-03-14 16:00:00,2026-03-14 20:00:00,2026-03-16 04:00:00,-1.0191545454545456,True,False,True,False
DOGSUSDT,2026-03-19 12:00:00,2026-03-19 16:00:00,2026-03-25 16:00:00,-1.0161000000000002,True,True,False,False
DOGSUSDT,2026-03-29 16:00:00,2026-03-29 20:00:00,2026-03-30 04:00:00,-1.0514,True,True,True,False
DOGSUSDT,2026-04-05 12:00:00,2026-04-05 16:00:00,2026-04-06 08:00:00,-1.0171333333333334,True,True,False,False
DOGSUSDT,2026-04-23 00:00:00,2026-04-23 04:00:00,2026-04-27 04:00:00,-1.0186083333333336,True,False,False,False
DOGSUSDT,2026-04-29 16:00:00,2026-04-29 20:00:00,2026-05-02 12:00:00,-1.015349275362319,True,False,False,False
DOGSUSDT,2026-05-24 04:00:00,2026-05-24 08:00:00,2026-05-25 04:00:00,-1.0193262569832404,True,False,False,False
DOGSUSDT,2026-06-20 08:00:00,2026-06-20 12:00:00,2026-06-20 16:00:00,-1.0346838709677417,True,True,True,False
DOGSUSDT,2026-06-24 12:00:00,2026-06-24 16:00:00,2026-07-02 12:00:00,-0.16468235294117775,True,True,True,False
DOGSUSDT,2026-07-18 04:00:00,2026-07-18 08:00:00,2026-07-25 16:00:00,-1.0176731707317075,True,True,False,False
DOGSUSDT,2026-07-29 12:00:00,2026-07-29 16:00:00,2026-08-01 00:00:00,-1.0292608695652175,True,True,False,False
DOGSUSDT,2026-08-14 08:00:00,2026-08-14 12:00:00,2026-08-19 20:00:00,-1.0183076923076924,True,True,False,False
DOLOUSDT,2025-06-15 00:00:00,2025-06-15 04:00:00,2025-06-23 00:00:00,0.7591216562602684,True,False,True,False
DOLOUSDT,2025-09-19 00:00:00,2025-09-19 04:00:00,2025-09-21 04:00:00,-1.0146782608695653,True,True,False,False
DOLOUSDT,2025-10-09 04:00:00,2025-10-09 08:00:00,2025-10-10 20:00:00,1.9863930434782606,True,True,True,False
DOLOUSDT,2025-11-16 12:00:00,2025-11-16 16:00:00,2025-11-20 04:00:00,-1.0210255319148938,True,True,True,False
DOLOUSDT,2025-12-07 20:00:00,2025-12-08 00:00:00,2025-12-09 12:00:00,-1.030263829787234,True,True,True,False
DOLOUSDT,2025-12-14 12:00:00,2025-12-14 16:00:00,2025-12-16 12:00:00,-1.024983574879227,True,True,True,False
DOLOUSDT,2026-01-07 12:00:00,2026-01-07 16:00:00,2026-01-12 12:00:00,-1.0169425587467364,True,False,False,False
DOLOUSDT,2026-01-30 20:00:00,2026-01-31 00:00:00,2026-01-31 16:00:00,1.9884199999999999,True,True,True,False
DOLOUSDT,2026-02-15 16:00:00,2026-02-15 20:00:00,2026-02-16 08:00:00,-1.014008187134503,True,True,True,False
DOLOUSDT,2026-02-23 00:00:00,2026-02-23 04:00:00,2026-03-03 00:00:00,1.3705613832853027,True,True,True,False
DOLOUSDT,2026-03-07 04:00:00,2026-03-07 08:00:00,2026-03-10 04:00:00,-1.024477659574468,True,True,True,False
DOLOUSDT,2026-03-21 20:00:00,2026-03-22 00:00:00,2026-03-29 20:00:00,1.982272727272727,True,True,False,False
DOLOUSDT,2026-04-11 04:00:00,2026-04-11 08:00:00,2026-04-18 04:00:00,-1.0140640243902441,True,False,False,False
DOLOUSDT,2026-04-24 16:00:00,2026-04-24 20:00:00,2026-04-27 16:00:00,-1.0189952000000002,True,False,False,False
DOLOUSDT,2026-06-04 00:00:00,2026-06-04 04:00:00,2026-06-06 04:00:00,1.9906060240963854,True,True,True,False
DOLOUSDT,2026-06-18 12:00:00,2026-06-18 16:00:00,2026-06-19 16:00:00,-1.0149935483870969,True,True,False,False
DOLOUSDT,2026-06-30 08:00:00,2026-06-30 12:00:00,2026-07-02 00:00:00,-1.0213047619047622,True,True,True,False
DOLOUSDT,2026-07-07 20:00:00,2026-07-08 00:00:00,2026-07-09 12:00:00,-1.0249023622047244,True,True,False,False
DOLOUSDT,2026-07-12 12:00:00,2026-07-12 16:00:00,2026-07-20 12:00:00,0.17627671232876815,True,True,False,False
DOLOUSDT,2026-07-23 16:00:00,2026-07-23 20:00:00,2026-07-25 08:00:00,-1.0383425,True,True,False,False
DOLOUSDT,2026-07-27 20:00:00,2026-07-28 00:00:00,2026-08-04 20:00:00,-0.3238329545454556,True,True,False,False
DOLOUSDT,2026-08-11 12:00:00,2026-08-11 16:00:00,2026-08-14 16:00:00,-1.015528502415459,True,False,False,False
DRIFTUSDT,2024-12-03 12:00:00,2024-12-03 16:00:00,2024-12-04 00:00:00,-1.0145712903225808,True,False,False,False
DRIFTUSDT,2024-12-08 04:00:00,2024-12-08 08:00:00,2024-12-09 12:00:00,1.9836662857142855,True,False,False,False
DRIFTUSDT,2025-01-13 00:00:00,2025-01-13 04:00:00,2025-01-14 00:00:00,-1.0145034741784038,True,True,True,False
DRIFTUSDT,2025-01-25 04:00:00,2025-01-25 08:00:00,2025-02-02 04:00:00,1.7728950738916267,True,True,True,False
DRIFTUSDT,2025-03-08 08:00:00,2025-03-08 12:00:00,2025-03-10 16:00:00,1.9884229702970295,True,True,True,False
DRIFTUSDT,2025-04-02 00:00:00,2025-04-02 04:00:00,2025-04-06 16:00:00,1.9891823913043476,True,True,True,False
DRIFTUSDT,2025-04-15 16:00:00,2025-04-15 20:00:00,2025-04-19 00:00:00,-1.0207422222222224,True,True,True,False
DRIFTUSDT,2025-05-17 00:00:00,2025-05-17 04:00:00,2025-05-18 12:00:00,-1.0232972375690608,True,False,False,False
DRIFTUSDT,2025-05-25 00:00:00,2025-05-25 04:00:00,2025-05-27 20:00:00,-1.0250290697674418,True,False,False,False
DRIFTUSDT,2025-06-04 08:00:00,2025-06-04 12:00:00,2025-06-05 20:00:00,1.983012121212121,True,True,True,False
DRIFTUSDT,2025-06-17 08:00:00,2025-06-17 12:00:00,2025-06-21 20:00:00,1.9845793103448275,True,True,True,False
DRIFTUSDT,2025-07-09 00:00:00,2025-07-09 04:00:00,2025-07-10 20:00:00,-1.014219680851064,True,True,True,False
DRIFTUSDT,2025-08-12 04:00:00,2025-08-12 08:00:00,2025-08-13 00:00:00,-1.0213509749303622,True,False,False,False
DRIFTUSDT,2025-08-22 08:00:00,2025-08-22 12:00:00,2025-08-22 16:00:00,-1.0187667560321718,True,True,True,False
DRIFTUSDT,2025-09-03 04:00:00,2025-09-03 08:00:00,2025-09-09 00:00:00,-1.0191909319899246,True,False,True,False
DRIFTUSDT,2025-09-21 00:00:00,2025-09-21 04:00:00,2025-09-25 16:00:00,1.9887342943854323,True,False,False,False
DRIFTUSDT,2025-10-07 04:00:00,2025-10-07 08:00:00,2025-10-09 08:00:00,1.9844789783889978,True,False,False,False
DRIFTUSDT,2025-12-05 16:00:00,2025-12-05 20:00:00,2025-12-08 12:00:00,-1.0160609137055838,True,True,True,False
DRIFTUSDT,2025-12-14 08:00:00,2025-12-14 12:00:00,2025-12-15 16:00:00,1.984052336448598,True,True,True,False
DRIFTUSDT,2025-12-17 04:00:00,2025-12-17 08:00:00,2025-12-18 00:00:00,1.9809460526315787,True,True,True,False
DRIFTUSDT,2026-01-11 20:00:00,2026-01-12 00:00:00,2026-01-13 04:00:00,-1.0496363636363637,True,True,False,False
DRIFTUSDT,2026-03-18 12:00:00,2026-03-18 16:00:00,2026-03-26 12:00:00,1.3007685264663804,True,True,False,False
DRIFTUSDT,2026-03-29 20:00:00,2026-03-30 00:00:00,2026-04-01 00:00:00,-1.0199453333333335,True,True,True,False
DRIFTUSDT,2026-04-25 08:00:00,2026-04-25 12:00:00,2026-04-26 00:00:00,-1.0174765799256507,True,True,False,False
DRIFTUSDT,2026-05-12 12:00:00,2026-05-12 16:00:00,2026-05-16 04:00:00,1.9861119999999999,True,True,False,False
DRIFTUSDT,2026-05-22 20:00:00,2026-05-23 00:00:00,2026-05-25 04:00:00,-1.0176903225806453,True,True,False,False
DRIFTUSDT,2026-06-04 00:00:00,2026-06-04 04:00:00,2026-06-12 00:00:00,1.0093743902439034,True,True,True,False
DRIFTUSDT,2026-07-13 12:00:00,2026-07-13 16:00:00,2026-07-14 12:00:00,-1.0217865168539328,True,True,False,False
DRIFTUSDT,2026-07-23 04:00:00,2026-07-23 08:00:00,2026-07-27 20:00:00,1.9815571428571426,True,True,False,False
DRIFTUSDT,2026-07-29 08:00:00,2026-07-29 12:00:00,2026-07-31 08:00:00,-1.0198835443037977,True,True,False,False
DRIFTUSDT,2026-08-14 04:00:00,2026-08-14 08:00:00,2026-08-16 08:00:00,-1.0221768115942031,True,True,False,False
DUSDT,2025-01-12 08:00:00,2025-01-12 12:00:00,2025-01-13 16:00:00,1.9896449739389426,True,False,True,False
DUSDT,2025-02-17 16:00:00,2025-02-17 20:00:00,2025-02-22 00:00:00,-1.01861652892562,True,False,True,False
DUSDT,2025-03-03 12:00:00,2025-03-03 16:00:00,2025-03-04 00:00:00,1.9898293129770992,True,True,True,False
DUSDT,2025-03-09 12:00:00,2025-03-09 16:00:00,2025-03-11 00:00:00,1.9899723518850987,True,True,True,False
DUSDT,2025-04-01 20:00:00,2025-04-02 00:00:00,2025-04-06 12:00:00,1.9874598265895953,True,True,True,False
DUSDT,2025-04-18 00:00:00,2025-04-18 04:00:00,2025-04-19 04:00:00,-1.0181297491039427,True,True,True,False
DUSDT,2025-05-05 12:00:00,2025-05-05 16:00:00,2025-05-06 00:00:00,-1.0266929203539823,True,True,False,False
DUSDT,2025-05-17 00:00:00,2025-05-17 04:00:00,2025-05-25 00:00:00,0.5282702857142869,True,True,False,False
DUSDT,2025-05-29 12:00:00,2025-05-29 16:00:00,2025-05-31 00:00:00,1.9889701538461537,True,True,False,False
DUSDT,2025-06-17 12:00:00,2025-06-17 16:00:00,2025-06-25 12:00:00,0.25493309608540904,True,True,True,False
DUSDT,2025-08-01 04:00:00,2025-08-01 08:00:00,2025-08-05 04:00:00,-1.015526845637584,True,True,False,False
DUSDT,2025-08-11 08:00:00,2025-08-11 12:00:00,2025-08-13 16:00:00,-1.0230451612903226,True,False,False,False
DUSDT,2025-08-29 04:00:00,2025-08-29 08:00:00,2025-08-30 04:00:00,-1.0258023255813953,True,True,True,False
DUSDT,2025-09-25 16:00:00,2025-09-25 20:00:00,2025-10-02 04:00:00,-1.0182061674008813,True,True,True,False
DUSDT,2025-10-07 12:00:00,2025-10-07 16:00:00,2025-10-09 16:00:00,-1.02286914893617,True,True,False,False
DUSDT,2025-10-21 00:00:00,2025-10-21 04:00:00,2025-10-29 00:00:00,0.8155182926829272,True,True,True,False
DUSDT,2025-11-13 16:00:00,2025-11-13 20:00:00,2025-11-21 16:00:00,1.1110662857142843,True,True,True,False
DUSDT,2025-11-29 16:00:00,2025-11-29 20:00:00,2025-12-01 00:00:00,1.9796698630136984,True,True,True,False
DUSDT,2025-12-04 20:00:00,2025-12-05 00:00:00,2025-12-06 20:00:00,-1.027326582278481,True,True,True,False
DUSDT,2025-12-12 12:00:00,2025-12-12 16:00:00,2025-12-18 16:00:00,1.987426732673267,True,True,True,False
DUSDT,2025-12-30 00:00:00,2025-12-30 04:00:00,2026-01-07 00:00:00,0.4103859999999995,True,True,True,False
DUSDT,2026-01-08 08:00:00,2026-01-08 12:00:00,2026-01-16 08:00:00,0.3496444444444436,True,True,False,False
DUSDT,2026-01-25 08:00:00,2026-01-25 12:00:00,2026-01-26 08:00:00,-1.0174857142857143,True,True,True,False
DUSDT,2026-02-10 20:00:00,2026-02-11 00:00:00,2026-02-17 00:00:00,1.9851499999999997,True,True,True,False
DUSDT,2026-02-21 16:00:00,2026-02-21 20:00:00,2026-02-22 08:00:00,-1.0198333333333336,True,True,True,False
DUSDT,2026-03-06 12:00:00,2026-03-06 16:00:00,2026-03-11 08:00:00,-1.0178699619771865,True,True,True,False
DUSDT,2026-03-18 08:00:00,2026-03-18 12:00:00,2026-03-26 08:00:00,1.9901165829145728,True,True,False,False
DUSDT,2026-04-23 00:00:00,2026-04-23 04:00:00,2026-04-24 08:00:00,-1.0155860869565219,True,False,False,False
DUSDT,2026-05-23 08:00:00,2026-05-23 12:00:00,2026-05-31 08:00:00,1.102474025974026,True,False,False,False
DYMUSDT,2024-09-03 12:00:00,2024-09-03 16:00:00,2024-09-08 04:00:00,-1.0158056074766357,True,False,False,True
DYMUSDT,2024-09-12 12:00:00,2024-09-12 16:00:00,2024-09-12 20:00:00,-1.0242333781965007,True,False,False,True
DYMUSDT,2024-09-15 20:00:00,2024-09-16 00:00:00,2024-09-17 08:00:00,-1.0227042093287826,True,False,False,True
DYMUSDT,2024-10-22 08:00:00,2024-10-22 12:00:00,2024-10-25 20:00:00,1.9869250838926173,True,False,False,False
DYMUSDT,2024-11-04 20:00:00,2024-11-05 00:00:00,2024-11-05 12:00:00,-1.0195037694013305,True,True,True,False
DYMUSDT,2024-12-02 00:00:00,2024-12-02 04:00:00,2024-12-03 04:00:00,-1.015252065321806,True,False,False,False
DYMUSDT,2024-12-29 20:00:00,2024-12-30 00:00:00,2025-01-03 12:00:00,-1.0187226120857702,True,True,True,False
DYMUSDT,2025-03-25 00:00:00,2025-03-25 04:00:00,2025-03-29 00:00:00,1.9837231155778892,True,True,True,False
DYMUSDT,2025-04-01 20:00:00,2025-04-02 00:00:00,2025-04-06 16:00:00,1.989705577689243,True,True,True,False
DYMUSDT,2025-04-22 04:00:00,2025-04-22 08:00:00,2025-04-22 20:00:00,-1.021719553072626,True,True,True,False
DYMUSDT,2025-05-25 04:00:00,2025-05-25 08:00:00,2025-05-26 00:00:00,-1.0287538461538461,True,False,False,False
DYMUSDT,2025-06-20 12:00:00,2025-06-20 16:00:00,2025-06-28 12:00:00,0.012585650224214763,True,True,True,False
DYMUSDT,2025-07-14 16:00:00,2025-07-14 20:00:00,2025-07-15 20:00:00,-1.015199180327869,True,False,False,False
DYMUSDT,2025-07-23 12:00:00,2025-07-23 16:00:00,2025-07-31 12:00:00,1.4094789062499984,True,False,False,False
DYMUSDT,2025-08-22 08:00:00,2025-08-22 12:00:00,2025-08-22 12:00:00,-1.0191250000000003,True,True,True,False
DYMUSDT,2025-08-29 12:00:00,2025-08-29 16:00:00,2025-09-06 12:00:00,0.2195572192513363,True,True,True,False
DYMUSDT,2025-09-30 12:00:00,2025-09-30 16:00:00,2025-10-01 08:00:00,-1.0182328125000002,True,True,True,False
DYMUSDT,2025-10-09 08:00:00,2025-10-09 12:00:00,2025-10-10 20:00:00,1.9876231404958675,True,True,True,False
DYMUSDT,2025-10-21 00:00:00,2025-10-21 04:00:00,2025-10-28 20:00:00,1.9873437499999997,True,True,True,False
DYMUSDT,2025-11-11 16:00:00,2025-11-11 20:00:00,2025-11-19 16:00:00,1.795225799338476,True,True,True,False
DYMUSDT,2025-12-07 20:00:00,2025-12-08 00:00:00,2025-12-15 20:00:00,0.8994841677943158,True,True,True,False
DYMUSDT,2025-12-17 16:00:00,2025-12-17 20:00:00,2025-12-25 16:00:00,-0.47224362850972007,True,True,True,False
DYMUSDT,2025-12-31 20:00:00,2026-01-01 00:00:00,2026-01-01 20:00:00,-1.0165134057971017,True,True,True,False
DYMUSDT,2026-01-08 00:00:00,2026-01-08 04:00:00,2026-01-14 00:00:00,-1.0153657492354742,True,True,False,False
DYMUSDT,2026-01-23 16:00:00,2026-01-23 20:00:00,2026-01-25 16:00:00,1.9743004784688991,True,True,True,False
DYMUSDT,2026-01-29 00:00:00,2026-01-29 04:00:00,2026-01-31 16:00:00,1.988845391705069,True,True,True,False
DYMUSDT,2026-02-21 16:00:00,2026-02-21 20:00:00,2026-02-28 04:00:00,1.9839447826086956,True,True,True,False
DYMUSDT,2026-03-07 20:00:00,2026-03-08 00:00:00,2026-03-09 00:00:00,-1.0152304347826089,True,True,True,False
DYMUSDT,2026-03-21 20:00:00,2026-03-22 00:00:00,2026-03-26 12:00:00,1.9831276470588233,True,True,False,False
DYMUSDT,2026-04-02 00:00:00,2026-04-02 04:00:00,2026-04-07 04:00:00,1.9901636792452828,True,True,False,False
DYMUSDT,2026-04-23 00:00:00,2026-04-23 04:00:00,2026-04-24 16:00:00,-1.0231660377358491,True,True,False,False
DYMUSDT,2026-04-27 04:00:00,2026-04-27 08:00:00,2026-04-28 12:00:00,-1.0236185185185185,True,True,False,False
DYMUSDT,2026-05-17 20:00:00,2026-05-18 00:00:00,2026-05-18 08:00:00,-1.0153784615384618,True,False,False,False
DYMUSDT,2026-06-01 08:00:00,2026-06-01 12:00:00,2026-06-05 04:00:00,1.9898473684210525,True,True,False,False
DYMUSDT,2026-06-24 12:00:00,2026-06-24 16:00:00,2026-07-02 12:00:00,0.9217164556962038,True,True,True,False
DYMUSDT,2026-07-17 04:00:00,2026-07-17 08:00:00,2026-07-25 04:00:00,-0.13659417475728167,True,True,False,False
DYMUSDT,2026-07-27 12:00:00,2026-07-27 16:00:00,2026-08-04 12:00:00,0.9206068181818167,True,True,False,False
EDUUSDT,2024-10-09 16:00:00,2024-10-09 20:00:00,2024-10-11 16:00:00,-1.0259919708029197,True,False,False,False
EDUUSDT,2024-10-31 16:00:00,2024-10-31 20:00:00,2024-11-08 16:00:00,-0.3721386301369871,True,True,True,False
EDUUSDT,2024-11-20 00:00:00,2024-11-20 04:00:00,2024-11-23 00:00:00,-1.0160357798165138,True,True,False,False
EDUUSDT,2024-12-17 12:00:00,2024-12-17 16:00:00,2024-12-18 20:00:00,1.9858514360313313,True,False,False,False
EDUUSDT,2024-12-29 20:00:00,2024-12-30 00:00:00,2025-01-02 08:00:00,-1.0222654654654657,True,True,True,False
EDUUSDT,2025-01-07 12:00:00,2025-01-07 16:00:00,2025-01-15 12:00:00,0.1368618266978936,True,True,True,False
EDUUSDT,2025-01-23 16:00:00,2025-01-23 20:00:00,2025-01-31 16:00:00,0.5694360563380286,True,True,True,False
EDUUSDT,2025-02-17 16:00:00,2025-02-17 20:00:00,2025-02-24 20:00:00,1.9889836909871244,True,True,True,False
EDUUSDT,2025-03-16 08:00:00,2025-03-16 12:00:00,2025-03-24 08:00:00,0.6200396396396419,True,True,True,False
EDUUSDT,2025-03-28 00:00:00,2025-03-28 04:00:00,2025-03-28 16:00:00,1.9829230769230768,True,True,True,False
EDUUSDT,2025-05-17 16:00:00,2025-05-17 20:00:00,2025-05-18 12:00:00,-1.015236496350365,True,False,False,False
EDUUSDT,2025-06-13 04:00:00,2025-06-13 08:00:00,2025-06-21 04:00:00,0.7047344000000013,True,True,True,False
EDUUSDT,2025-06-21 16:00:00,2025-06-21 20:00:00,2025-06-23 20:00:00,-1.0252,True,True,True,False
EDUUSDT,2025-08-02 12:00:00,2025-08-02 16:00:00,2025-08-04 16:00:00,-1.0190909090909093,True,True,False,False
EDUUSDT,2025-08-28 16:00:00,2025-08-28 20:00:00,2025-09-05 16:00:00,1.174914563106796,True,False,True,False
EDUUSDT,2025-09-29 16:00:00,2025-09-29 20:00:00,2025-10-02 16:00:00,-1.02622,True,True,True,False
EDUUSDT,2025-10-09 12:00:00,2025-10-09 16:00:00,2025-10-10 20:00:00,1.9909934782608694,True,False,True,False
EDUUSDT,2025-11-11 16:00:00,2025-11-11 20:00:00,2025-11-13 00:00:00,-1.0175111111111113,True,False,True,False
EDUUSDT,2025-12-07 20:00:00,2025-12-08 00:00:00,2025-12-15 16:00:00,1.9877696428571427,True,True,True,False
EDUUSDT,2025-12-24 04:00:00,2025-12-24 08:00:00,2025-12-30 20:00:00,-1.0163560975609758,True,True,True,False
EDUUSDT,2026-01-09 16:00:00,2026-01-09 20:00:00,2026-01-10 04:00:00,-1.0309696969696969,True,True,False,False
EDUUSDT,2026-01-15 00:00:00,2026-01-15 04:00:00,2026-01-16 12:00:00,-1.0195873873873875,True,False,False,False
EDUUSDT,2026-02-19 12:00:00,2026-02-19 16:00:00,2026-02-23 00:00:00,1.975814893617021,True,True,True,False
EDUUSDT,2026-02-24 20:00:00,2026-02-25 00:00:00,2026-03-04 20:00:00,1.0673221052631556,True,True,True,False
EDUUSDT,2026-03-12 20:00:00,2026-03-13 00:00:00,2026-03-17 12:00:00,1.983557692307692,True,True,True,False
EDUUSDT,2026-03-17 16:00:00,2026-03-17 20:00:00,2026-03-25 16:00:00,1.738228571428573,True,True,False,False
EDUUSDT,2026-03-29 08:00:00,2026-03-29 12:00:00,2026-04-02 00:00:00,1.982348387096774,True,True,True,False
EDUUSDT,2026-04-24 04:00:00,2026-04-24 08:00:00,2026-05-01 00:00:00,-1.0148118721461188,True,True,False,False
EDUUSDT,2026-05-07 00:00:00,2026-05-07 04:00:00,2026-05-07 08:00:00,-1.0255243902439024,True,True,False,False
EDUUSDT,2026-05-15 04:00:00,2026-05-15 08:00:00,2026-05-23 04:00:00,0.6970535031847132,True,True,False,False
EDUUSDT,2026-05-28 00:00:00,2026-05-28 04:00:00,2026-06-04 00:00:00,1.9900749999999998,True,True,True,False
EDUUSDT,2026-06-18 04:00:00,2026-06-18 08:00:00,2026-06-21 04:00:00,-1.0186580645161292,True,True,False,False
EDUUSDT,2026-07-08 00:00:00,2026-07-08 04:00:00,2026-07-11 12:00:00,-1.0196915887850468,True,True,False,False
EDUUSDT,2026-07-19 16:00:00,2026-07-19 20:00:00,2026-07-21 00:00:00,-1.0258063694267516,True,True,False,False
EDUUSDT,2026-07-23 16:00:00,2026-07-23 20:00:00,2026-07-24 08:00:00,-1.0276592105263158,True,False,False,False
EDUUSDT,2026-08-16 16:00:00,2026-08-16 20:00:00,2026-08-21 12:00:00,-1.0167830303030305,True,False,False,False
ELSAUSDT,2026-03-21 20:00:00,2026-03-22 00:00:00,2026-03-28 00:00:00,1.9847263414634144,True,True,False,False
ELSAUSDT,2026-03-29 04:00:00,2026-03-29 08:00:00,2026-03-31 00:00:00,-1.0219393316195375,True,True,True,False
ELSAUSDT,2026-04-12 00:00:00,2026-04-12 04:00:00,2026-04-14 00:00:00,-1.0225295,True,True,False,False
ELSAUSDT,2026-05-13 12:00:00,2026-05-13 16:00:00,2026-05-21 12:00:00,0.6416035087719312,True,False,False,False
ELSAUSDT,2026-05-22 16:00:00,2026-05-22 20:00:00,2026-05-24 08:00:00,-1.025503661971831,True,True,False,False
ELSAUSDT,2026-05-27 00:00:00,2026-05-27 04:00:00,2026-06-03 00:00:00,1.98731252699784,True,True,False,False
ELSAUSDT,2026-06-09 00:00:00,2026-06-09 04:00:00,2026-06-10 00:00:00,-1.0194568690095849,True,True,True,False
ELSAUSDT,2026-06-30 00:00:00,2026-06-30 04:00:00,2026-07-02 04:00:00,-1.0198965277777778,True,True,True,False
ELSAUSDT,2026-07-07 20:00:00,2026-07-08 00:00:00,2026-07-08 08:00:00,-1.0168621409921672,True,True,False,False
ELSAUSDT,2026-07-18 00:00:00,2026-07-18 04:00:00,2026-07-26 00:00:00,1.0629533169533143,True,False,False,False
ELSAUSDT,2026-08-07 04:00:00,2026-08-07 08:00:00,2026-08-07 12:00:00,-1.0339181818181817,True,False,False,False
EPICUSDT,2025-03-28 12:00:00,2025-03-28 16:00:00,2025-04-05 12:00:00,0.8559519713261649,True,False,True,False
EPICUSDT,2025-04-15 16:00:00,2025-04-15 20:00:00,2025-04-16 20:00:00,-1.0302489112227806,True,False,True,False
EPICUSDT,2025-05-02 00:00:00,2025-05-02 04:00:00,2025-05-02 12:00:00,-1.0251864827586206,True,True,False,False
EPICUSDT,2025-05-05 20:00:00,2025-05-06 00:00:00,2025-05-09 00:00:00,-1.0207363949483355,True,False,False,False
EPICUSDT,2025-05-21 04:00:00,2025-05-21 08:00:00,2025-05-29 04:00:00,0.8752823408624208,True,False,False,False
EPICUSDT,2025-05-30 04:00:00,2025-05-30 08:00:00,2025-05-30 20:00:00,1.9850135849056603,True,True,False,False
EPICUSDT,2025-06-04 20:00:00,2025-06-05 00:00:00,2025-06-10 00:00:00,-1.016798532494759,True,True,True,False
EPICUSDT,2025-06-10 12:00:00,2025-06-10 16:00:00,2025-06-18 12:00:00,1.6264060491493362,True,True,True,False
EPICUSDT,2025-07-03 20:00:00,2025-07-04 00:00:00,2025-07-10 04:00:00,-1.0189560000000002,True,True,True,False
EPICUSDT,2025-07-30 00:00:00,2025-07-30 04:00:00,2025-08-02 04:00:00,1.985007481296758,True,False,False,False
EPICUSDT,2025-08-12 08:00:00,2025-08-12 12:00:00,2025-08-14 00:00:00,-1.0284224371373307,True,False,False,False
EPICUSDT,2025-08-28 16:00:00,2025-08-28 20:00:00,2025-09-05 16:00:00,1.593323658222413,True,False,True,False
EPICUSDT,2025-09-21 08:00:00,2025-09-21 12:00:00,2025-09-22 04:00:00,1.9797843853820594,True,True,False,False
EPICUSDT,2025-09-25 04:00:00,2025-09-25 08:00:00,2025-10-03 04:00:00,-0.23256868556700935,True,True,True,False
EPICUSDT,2025-12-04 16:00:00,2025-12-04 20:00:00,2025-12-12 16:00:00,1.762314606741576,True,True,True,False
EPICUSDT,2026-01-18 20:00:00,2026-01-19 00:00:00,2026-01-25 16:00:00,1.984980617977528,True,True,False,False
EPICUSDT,2026-02-03 16:00:00,2026-02-03 20:00:00,2026-02-06 00:00:00,1.9906404891304346,True,True,True,False
EPICUSDT,2026-02-23 00:00:00,2026-02-23 04:00:00,2026-03-02 16:00:00,-1.014664864864865,True,True,True,False
EPICUSDT,2026-03-07 00:00:00,2026-03-07 04:00:00,2026-03-15 00:00:00,0.09777906976744245,True,True,True,False
EPICUSDT,2026-03-26 04:00:00,2026-03-26 08:00:00,2026-03-29 20:00:00,1.9834160839160837,True,True,False,False
EPICUSDT,2026-04-27 04:00:00,2026-04-27 08:00:00,2026-04-29 04:00:00,-1.0240865497076024,True,False,False,False
EPICUSDT,2026-05-08 04:00:00,2026-05-08 08:00:00,2026-05-09 08:00:00,-1.0293398773006135,True,False,False,False
EPICUSDT,2026-05-26 00:00:00,2026-05-26 04:00:00,2026-05-29 12:00:00,-1.0171769230769232,True,True,False,False
EPICUSDT,2026-07-20 08:00:00,2026-07-20 12:00:00,2026-07-20 20:00:00,-1.0193620915032682,True,True,False,False
EPTUSDT,2025-06-20 16:00:00,2025-06-20 20:00:00,2025-06-25 08:00:00,1.9880223404255317,True,True,True,False
EPTUSDT,2025-06-26 12:00:00,2025-06-26 16:00:00,2025-06-28 16:00:00,-1.021418450184502,True,True,True,False
EPTUSDT,2025-07-28 20:00:00,2025-07-29 00:00:00,2025-08-01 00:00:00,1.9885392749244712,True,True,False,False
EPTUSDT,2025-10-04 12:00:00,2025-10-04 16:00:00,2025-10-05 16:00:00,-1.0164229508196723,True,False,True,False
EPTUSDT,2025-11-19 08:00:00,2025-11-19 12:00:00,2025-11-21 04:00:00,1.985615,True,True,True,False
EPTUSDT,2025-11-29 16:00:00,2025-11-29 20:00:00,2025-12-01 00:00:00,1.9813042016806721,True,True,True,False
EPTUSDT,2025-12-07 12:00:00,2025-12-07 16:00:00,2025-12-08 04:00:00,-1.015838918918919,True,True,True,False
ERAUSDT,2025-07-31 20:00:00,2025-08-01 00:00:00,2025-08-08 20:00:00,0.7231011714590012,True,False,False,False
ERAUSDT,2025-08-18 00:00:00,2025-08-18 04:00:00,2025-08-26 00:00:00,1.6926509090909105,True,False,False,False
ERAUSDT,2025-08-29 08:00:00,2025-08-29 12:00:00,2025-09-01 16:00:00,1.984223409090909,True,False,True,False
ERAUSDT,2025-09-22 00:00:00,2025-09-22 04:00:00,2025-09-22 16:00:00,1.9855419354838708,True,True,False,False
ERAUSDT,2025-09-29 12:00:00,2025-09-29 16:00:00,2025-10-02 04:00:00,-1.0254245733788396,True,True,True,False
ERAUSDT,2025-10-05 16:00:00,2025-10-05 20:00:00,2025-10-10 20:00:00,1.9877380829015543,True,True,True,False
ERAUSDT,2025-10-21 20:00:00,2025-10-22 00:00:00,2025-10-28 16:00:00,1.988581632653061,True,True,True,False
ERAUSDT,2025-12-05 16:00:00,2025-12-05 20:00:00,2025-12-08 00:00:00,-1.030245283018868,True,True,True,False
ERAUSDT,2025-12-15 00:00:00,2025-12-15 04:00:00,2025-12-18 16:00:00,1.9891999999999999,True,True,True,False
ERAUSDT,2025-12-23 04:00:00,2025-12-23 08:00:00,2025-12-24 08:00:00,-1.0327530864197532,True,True,True,False
ERAUSDT,2025-12-28 16:00:00,2025-12-28 20:00:00,2025-12-29 04:00:00,-1.0507054545454544,True,True,True,False
ERAUSDT,2026-01-08 12:00:00,2026-01-08 16:00:00,2026-01-14 00:00:00,-1.0156754098360656,True,True,False,False
ERAUSDT,2026-01-16 12:00:00,2026-01-16 16:00:00,2026-01-17 16:00:00,-1.0184506172839507,True,False,False,False
ERAUSDT,2026-02-11 04:00:00,2026-02-11 08:00:00,2026-02-12 00:00:00,-1.0181250000000002,True,True,True,False
ERAUSDT,2026-02-18 20:00:00,2026-02-19 00:00:00,2026-02-26 20:00:00,0.8769420560747648,True,True,True,False
ERAUSDT,2026-03-09 00:00:00,2026-03-09 04:00:00,2026-03-17 00:00:00,-0.5177722222222209,True,True,True,False
ERAUSDT,2026-03-18 12:00:00,2026-03-18 16:00:00,2026-03-26 12:00:00,1.3601730337078668,True,True,False,False
ERAUSDT,2026-03-26 16:00:00,2026-03-26 20:00:00,2026-04-03 16:00:00,0.04563870967742133,True,True,False,False
ERAUSDT,2026-04-12 08:00:00,2026-04-12 12:00:00,2026-04-15 04:00:00,-1.0339568627450981,True,True,False,False
ERAUSDT,2026-04-30 12:00:00,2026-04-30 16:00:00,2026-05-08 12:00:00,-0.5333339805825239,True,False,False,False
ERAUSDT,2026-05-13 12:00:00,2026-05-13 16:00:00,2026-05-21 12:00:00,0.7388224299065452,True,False,False,False
ERAUSDT,2026-06-02 04:00:00,2026-06-02 08:00:00,2026-06-05 12:00:00,1.9899833333333332,True,True,False,False
ERAUSDT,2026-06-16 12:00:00,2026-06-16 16:00:00,2026-06-24 12:00:00,1.86617882352941,True,True,True,False
ERAUSDT,2026-06-30 08:00:00,2026-06-30 12:00:00,2026-07-02 04:00:00,-1.0326529411764704,True,True,True,False
ERAUSDT,2026-07-19 12:00:00,2026-07-19 16:00:00,2026-07-21 00:00:00,-1.0205236111111113,True,True,False,False
ERAUSDT,2026-08-02 08:00:00,2026-08-02 12:00:00,2026-08-03 12:00:00,-1.0277446808510637,True,True,False,False
ERAUSDT,2026-08-11 08:00:00,2026-08-11 12:00:00,2026-08-19 08:00:00,1.6384722480620164,True,True,False,False
ESPORTSUSDT,2025-08-19 04:00:00,2025-08-19 08:00:00,2025-08-25 16:00:00,-1.0144613636363637,True,False,False,False
ESPORTSUSDT,2025-11-02 12:00:00,2025-11-02 16:00:00,2025-11-03 16:00:00,-1.0203361904761907,True,False,True,False
ESPORTSUSDT,2025-12-16 00:00:00,2025-12-16 04:00:00,2025-12-19 20:00:00,-1.0143516112531972,True,False,True,False
ESPORTSUSDT,2025-12-24 16:00:00,2025-12-24 20:00:00,2026-01-01 16:00:00,0.9993192959582794,True,False,True,False
ESPORTSUSDT,2026-02-25 00:00:00,2026-02-25 04:00:00,2026-02-25 20:00:00,1.979051898734177,True,True,True,False
ESPORTSUSDT,2026-03-10 00:00:00,2026-03-10 04:00:00,2026-03-11 08:00:00,-1.030538394160584,True,True,True,False
ESPORTSUSDT,2026-03-12 08:00:00,2026-03-12 12:00:00,2026-03-12 20:00:00,-1.0236631217838765,True,True,True,False
ESPORTSUSDT,2026-04-02 16:00:00,2026-04-02 20:00:00,2026-04-04 04:00:00,-1.0304670680313064,True,False,False,False
ESPORTSUSDT,2026-04-13 12:00:00,2026-04-13 16:00:00,2026-04-20 16:00:00,1.990511151870873,True,False,False,False
EULUSDT,2025-11-03 00:00:00,2025-11-03 04:00:00,2025-11-04 16:00:00,1.9898632231404958,True,False,True,False
EULUSDT,2025-11-16 08:00:00,2025-11-16 12:00:00,2025-11-17 16:00:00,-1.0230044280442805,True,False,True,False
EULUSDT,2025-11-23 04:00:00,2025-11-23 08:00:00,2025-11-24 16:00:00,-1.0190410256410258,True,False,True,False
EULUSDT,2025-12-10 16:00:00,2025-12-10 20:00:00,2025-12-12 16:00:00,1.9851480349344977,True,True,True,False
EULUSDT,2025-12-15 12:00:00,2025-12-15 16:00:00,2025-12-23 12:00:00,1.144737398373982,True,True,True,False
EULUSDT,2026-01-04 16:00:00,2026-01-04 20:00:00,2026-01-05 16:00:00,-1.0346413223140496,True,True,False,False
EULUSDT,2026-01-12 08:00:00,2026-01-12 12:00:00,2026-01-13 00:00:00,1.9726936170212763,True,True,False,False
EULUSDT,2026-01-14 20:00:00,2026-01-15 00:00:00,2026-01-16 12:00:00,1.984895394736842,True,True,False,False
EULUSDT,2026-01-17 16:00:00,2026-01-17 20:00:00,2026-01-19 00:00:00,1.9792905263157892,True,True,False,False
EULUSDT,2026-02-03 08:00:00,2026-02-03 12:00:00,2026-02-05 12:00:00,1.9909860465116278,True,True,True,False
EULUSDT,2026-02-08 20:00:00,2026-02-09 00:00:00,2026-02-13 16:00:00,-1.016702777777778,True,True,True,False
EULUSDT,2026-03-11 08:00:00,2026-03-11 12:00:00,2026-03-13 12:00:00,-1.0148333333333335,True,True,True,False
EULUSDT,2026-03-20 16:00:00,2026-03-20 20:00:00,2026-03-26 16:00:00,1.9836687499999999,True,True,True,False
EULUSDT,2026-03-28 12:00:00,2026-03-28 16:00:00,2026-03-31 00:00:00,-1.0147295774647889,True,True,True,False
EULUSDT,2026-04-28 12:00:00,2026-04-28 16:00:00,2026-05-02 12:00:00,-1.0306733441033926,True,False,False,False
EULUSDT,2026-05-13 20:00:00,2026-05-14 00:00:00,2026-05-17 20:00:00,1.990685754189944,True,False,False,False
EULUSDT,2026-05-22 12:00:00,2026-05-22 16:00:00,2026-05-27 12:00:00,-1.024896,True,True,False,False
EULUSDT,2026-06-23 04:00:00,2026-06-23 08:00:00,2026-07-01 04:00:00,0.44959570552147077,True,True,False,False
EULUSDT,2026-07-08 00:00:00,2026-07-08 04:00:00,2026-07-16 00:00:00,-0.46008412698412743,True,True,False,False
EULUSDT,2026-07-16 20:00:00,2026-07-17 00:00:00,2026-07-24 16:00:00,-1.0193586894586897,True,True,False,False
EVAAUSDT,2025-11-30 00:00:00,2025-11-30 04:00:00,2025-12-01 00:00:00,1.985981818181818,True,True,True,False
EVAAUSDT,2025-12-14 16:00:00,2025-12-14 20:00:00,2025-12-18 16:00:00,1.99089875,True,True,True,False
EVAAUSDT,2026-02-11 04:00:00,2026-02-11 08:00:00,2026-02-12 00:00:00,-1.0280182608695652,True,True,True,False
EVAAUSDT,2026-02-18 16:00:00,2026-02-18 20:00:00,2026-02-20 08:00:00,-1.0182268493150686,True,True,True,False
EVAAUSDT,2026-03-17 20:00:00,2026-03-18 00:00:00,2026-03-25 20:00:00,1.5048118161925563,True,False,False,False
EVAAUSDT,2026-03-26 04:00:00,2026-03-26 08:00:00,2026-04-03 00:00:00,-1.0152005000000002,True,True,False,False
EVAAUSDT,2026-04-05 04:00:00,2026-04-05 08:00:00,2026-04-05 08:00:00,-1.032236842105263,True,True,False,False
EVAAUSDT,2026-05-13 12:00:00,2026-05-13 16:00:00,2026-05-15 12:00:00,1.9879205069124422,True,False,False,False
EVAAUSDT,2026-07-26 08:00:00,2026-07-26 12:00:00,2026-07-29 16:00:00,1.9904305896805896,True,True,False,False
EVAAUSDT,2026-08-15 08:00:00,2026-08-15 12:00:00,2026-08-17 04:00:00,-1.0230591792656587,True,True,False,False
FFUSDT,2025-12-07 12:00:00,2025-12-07 16:00:00,2025-12-08 20:00:00,-1.0313622718052737,True,True,True,False
FFUSDT,2025-12-14 16:00:00,2025-12-14 20:00:00,2025-12-18 00:00:00,1.9884894736842105,True,True,True,False
FFUSDT,2025-12-28 16:00:00,2025-12-28 20:00:00,2026-01-05 08:00:00,-1.0251075728155339,True,True,True,False
FFUSDT,2026-01-12 04:00:00,2026-01-12 08:00:00,2026-01-13 20:00:00,-1.0299565432098765,True,True,False,False
FFUSDT,2026-01-16 12:00:00,2026-01-16 16:00:00,2026-01-24 12:00:00,-0.5831440210249673,True,True,False,False
FFUSDT,2026-01-28 20:00:00,2026-01-29 00:00:00,2026-02-05 20:00:00,1.9883445277361318,True,True,True,False
FFUSDT,2026-02-19 08:00:00,2026-02-19 12:00:00,2026-02-27 00:00:00,-1.0253584295612008,True,True,True,False
FFUSDT,2026-02-28 08:00:00,2026-02-28 12:00:00,2026-03-08 08:00:00,0.15794480286738188,True,True,True,False
FFUSDT,2026-03-18 08:00:00,2026-03-18 12:00:00,2026-03-26 08:00:00,0.21304695121951042,True,True,False,False
FFUSDT,2026-03-29 12:00:00,2026-03-29 16:00:00,2026-03-30 00:00:00,-1.0388304,True,True,True,False
FFUSDT,2026-04-03 16:00:00,2026-04-03 20:00:00,2026-04-04 20:00:00,-1.0438922374429225,True,True,False,False
FFUSDT,2026-04-18 08:00:00,2026-04-18 12:00:00,2026-04-21 08:00:00,-1.0291821325648414,True,False,False,False
FFUSDT,2026-04-25 04:00:00,2026-04-25 08:00:00,2026-04-27 16:00:00,1.982506557377049,True,True,False,False
FFUSDT,2026-04-29 12:00:00,2026-04-29 16:00:00,2026-05-07 12:00:00,-0.4495926680244395,True,True,False,False
FFUSDT,2026-07-11 04:00:00,2026-07-11 08:00:00,2026-07-12 08:00:00,-1.0409181818181816,True,True,False,False
FFUSDT,2026-08-03 12:00:00,2026-08-03 16:00:00,2026-08-09 04:00:00,-1.0166594696969697,True,False,False,False
FFUSDT,2026-08-18 16:00:00,2026-08-18 20:00:00,2026-08-19 20:00:00,-1.0378961373390558,True,False,False,False
FHEUSDT,2025-05-27 00:00:00,2025-05-27 04:00:00,2025-05-30 20:00:00,1.9888441860465116,True,False,False,False
FHEUSDT,2025-06-11 20:00:00,2025-06-12 00:00:00,2025-06-13 16:00:00,-1.0207234567901238,True,True,True,False
FHEUSDT,2025-06-17 08:00:00,2025-06-17 12:00:00,2025-06-25 08:00:00,0.13788432732316072,True,True,True,False
FHEUSDT,2025-06-30 12:00:00,2025-06-30 16:00:00,2025-07-01 00:00:00,-1.0147103857566766,True,True,True,False
FHEUSDT,2025-07-04 04:00:00,2025-07-04 08:00:00,2025-07-09 08:00:00,-1.0153345794392525,True,True,True,False
FHEUSDT,2025-08-18 00:00:00,2025-08-18 04:00:00,2025-08-18 08:00:00,-1.0173764705882353,True,True,False,False
FHEUSDT,2025-09-25 04:00:00,2025-09-25 08:00:00,2025-10-03 04:00:00,0.04724905660377343,True,True,True,False
FHEUSDT,2025-10-09 08:00:00,2025-10-09 12:00:00,2025-10-10 20:00:00,1.9867615625,True,True,True,False
FHEUSDT,2025-11-17 12:00:00,2025-11-17 16:00:00,2025-11-21 04:00:00,1.9886843749999998,True,True,True,False
FHEUSDT,2025-12-05 16:00:00,2025-12-05 20:00:00,2025-12-06 16:00:00,-1.0140278145695365,True,True,True,False
FHEUSDT,2026-02-22 00:00:00,2026-02-22 04:00:00,2026-02-23 00:00:00,1.9877776223776222,True,True,True,False
FHEUSDT,2026-03-22 12:00:00,2026-03-22 16:00:00,2026-03-24 08:00:00,-1.0187276923076924,True,True,False,False
FHEUSDT,2026-03-29 12:00:00,2026-03-29 16:00:00,2026-03-30 20:00:00,-1.0219376146788994,True,True,True,False
FHEUSDT,2026-05-15 08:00:00,2026-05-15 12:00:00,2026-05-17 12:00:00,-1.0150959016393444,True,False,False,False
FHEUSDT,2026-07-07 12:00:00,2026-07-07 16:00:00,2026-07-11 16:00:00,-1.0227111111111113,True,True,False,False
FHEUSDT,2026-07-15 04:00:00,2026-07-15 08:00:00,2026-07-16 16:00:00,-1.0151086705202312,True,True,False,False
FHEUSDT,2026-07-27 20:00:00,2026-07-28 00:00:00,2026-07-30 12:00:00,-1.0160662650602412,True,True,False,False
FIDAUSDT,2024-10-15 08:00:00,2024-10-15 12:00:00,2024-10-22 04:00:00,-1.0140761506276152,True,False,False,False
FIDAUSDT,2024-12-14 12:00:00,2024-12-14 16:00:00,2024-12-16 00:00:00,-1.0212191304347829,True,False,False,False
FIDAUSDT,2025-01-13 00:00:00,2025-01-13 04:00:00,2025-01-15 04:00:00,-1.015742561307902,True,True,True,False
FIDAUSDT,2025-01-23 00:00:00,2025-01-23 04:00:00,2025-01-31 00:00:00,0.7102143430290877,True,True,True,False
FIDAUSDT,2025-02-01 16:00:00,2025-02-01 20:00:00,2025-02-03 00:00:00,1.990702300109529,True,True,True,False
FIDAUSDT,2025-02-16 16:00:00,2025-02-16 20:00:00,2025-02-17 12:00:00,-1.0195293203883498,True,True,True,False
FIDAUSDT,2025-02-21 20:00:00,2025-02-22 00:00:00,2025-02-25 04:00:00,1.9909529545454545,True,True,True,False
FIDAUSDT,2025-02-28 04:00:00,2025-02-28 08:00:00,2025-02-28 12:00:00,-1.0141618871415357,True,True,True,False
FIDAUSDT,2025-03-07 00:00:00,2025-03-07 04:00:00,2025-03-09 16:00:00,1.988672143634385,True,True,True,False
FIDAUSDT,2025-03-26 16:00:00,2025-03-26 20:00:00,2025-03-29 08:00:00,1.9873294776119401,True,True,True,False
FIDAUSDT,2025-04-02 04:00:00,2025-04-02 08:00:00,2025-04-06 12:00:00,1.9906021814006887,True,True,True,False
FIDAUSDT,2025-04-16 04:00:00,2025-04-16 08:00:00,2025-04-19 00:00:00,-1.0207579868708974,True,True,True,False
FIDAUSDT,2025-05-25 00:00:00,2025-05-25 04:00:00,2025-05-30 00:00:00,1.9860953982300882,True,False,False,False
FIDAUSDT,2025-06-20 20:00:00,2025-06-21 00:00:00,2025-06-28 08:00:00,-1.0179958333333334,True,True,True,False
FIDAUSDT,2025-07-07 12:00:00,2025-07-07 16:00:00,2025-07-10 20:00:00,-1.0157156661786237,True,False,True,False
FIDAUSDT,2025-08-05 12:00:00,2025-08-05 16:00:00,2025-08-08 12:00:00,-1.0163758104738156,True,False,False,False
FIDAUSDT,2025-08-18 04:00:00,2025-08-18 08:00:00,2025-08-22 20:00:00,-1.0140595111583424,True,False,False,False
FIDAUSDT,2025-08-31 20:00:00,2025-09-01 00:00:00,2025-09-08 20:00:00,-0.312708131868131,True,True,True,False
FIDAUSDT,2025-09-21 16:00:00,2025-09-21 20:00:00,2025-09-22 04:00:00,1.9758831858407075,True,True,False,False
FIDAUSDT,2025-09-25 04:00:00,2025-09-25 08:00:00,2025-09-28 20:00:00,-1.021837171717172,True,True,True,False
FIDAUSDT,2025-10-07 12:00:00,2025-10-07 16:00:00,2025-10-10 20:00:00,1.9896369565217389,True,True,False,False
FIDAUSDT,2025-10-22 16:00:00,2025-10-22 20:00:00,2025-10-25 16:00:00,-1.0142618705035973,True,True,True,False
FIDAUSDT,2025-11-11 16:00:00,2025-11-11 20:00:00,2025-11-19 16:00:00,1.990704452690167,True,True,True,False
FIDAUSDT,2025-12-05 08:00:00,2025-12-05 12:00:00,2025-12-06 08:00:00,-1.018733933933934,True,True,True,False
FIDAUSDT,2025-12-11 00:00:00,2025-12-11 04:00:00,2025-12-19 00:00:00,1.355683116883117,True,True,True,False
FIDAUSDT,2026-01-07 12:00:00,2026-01-07 16:00:00,2026-01-15 12:00:00,0.38464123711340087,True,True,False,False
FIDAUSDT,2026-01-29 00:00:00,2026-01-29 04:00:00,2026-01-30 16:00:00,-1.02451,True,True,True,False
FIDAUSDT,2026-02-02 04:00:00,2026-02-02 08:00:00,2026-02-06 00:00:00,1.9893525423728813,True,True,True,False
FIDAUSDT,2026-02-18 08:00:00,2026-02-18 12:00:00,2026-02-19 12:00:00,1.9851909090909088,True,True,True,False
FIDAUSDT,2026-03-18 12:00:00,2026-03-18 16:00:00,2026-03-26 12:00:00,0.9002802631578947,True,True,False,False
FIDAUSDT,2026-04-10 00:00:00,2026-04-10 04:00:00,2026-04-12 08:00:00,-1.0175055118110237,True,False,False,False
FIDAUSDT,2026-04-27 12:00:00,2026-04-27 16:00:00,2026-05-05 12:00:00,-0.680761739130436,True,False,False,False
FIDAUSDT,2026-06-30 08:00:00,2026-06-30 12:00:00,2026-07-01 12:00:00,-1.0206921985815605,True,True,True,False
FIDAUSDT,2026-07-08 12:00:00,2026-07-08 16:00:00,2026-07-16 12:00:00,-0.24520584795321523,True,True,False,False
FIDAUSDT,2026-07-23 12:00:00,2026-07-23 16:00:00,2026-07-27 08:00:00,1.9745249999999996,True,True,False,False
FIDAUSDT,2026-07-31 12:00:00,2026-07-31 16:00:00,2026-08-05 04:00:00,-1.0147308176100631,True,True,False,False
FIDAUSDT,2026-08-13 12:00:00,2026-08-13 16:00:00,2026-08-14 16:00:00,-1.0328243243243245,True,True,False,False
FIDAUSDT,2026-08-18 00:00:00,2026-08-18 04:00:00,2026-08-19 20:00:00,-1.0286072289156627,True,True,False,False
FIGHTUSDT,2026-03-07 16:00:00,2026-03-07 20:00:00,2026-03-10 00:00:00,1.987842780748663,True,False,True,False
FIGHTUSDT,2026-06-09 00:00:00,2026-06-09 04:00:00,2026-06-10 08:00:00,-1.0151463087248322,True,True,True,False
FIGHTUSDT,2026-06-13 20:00:00,2026-06-14 00:00:00,2026-06-14 08:00:00,-1.0225291262135923,True,True,True,False
FIGHTUSDT,2026-07-07 00:00:00,2026-07-07 04:00:00,2026-07-13 00:00:00,1.989385567010309,True,True,False,False
FIGHTUSDT,2026-07-27 12:00:00,2026-07-27 16:00:00,2026-08-01 04:00:00,-1.0141511111111112,True,True,False,False
FIOUSDT,2024-10-01 12:00:00,2024-10-01 16:00:00,2024-10-02 00:00:00,-1.0179424000000001,True,False,False,False
FIOUSDT,2024-10-07 16:00:00,2024-10-07 20:00:00,2024-10-15 16:00:00,-0.06887046263345226,True,False,False,False
FIOUSDT,2024-10-17 08:00:00,2024-10-17 12:00:00,2024-10-20 08:00:00,-1.0152553505535058,True,False,False,False
FIOUSDT,2025-01-07 12:00:00,2025-01-07 16:00:00,2025-01-13 08:00:00,1.9909740384615384,True,False,True,False
FIOUSDT,2025-01-18 16:00:00,2025-01-18 20:00:00,2025-01-26 16:00:00,0.9378788235294114,True,True,True,False
FIOUSDT,2025-02-17 16:00:00,2025-02-17 20:00:00,2025-02-24 20:00:00,1.9898140186915887,True,True,True,False
FIOUSDT,2025-04-06 12:00:00,2025-04-06 16:00:00,2025-04-12 16:00:00,-1.0162166666666668,True,True,True,False
FIOUSDT,2025-05-06 08:00:00,2025-05-06 12:00:00,2025-05-08 16:00:00,-1.0157021582733814,True,False,False,False
FIOUSDT,2025-05-17 00:00:00,2025-05-17 04:00:00,2025-05-23 00:00:00,-1.0147329411764707,True,False,False,False
FIOUSDT,2025-06-20 16:00:00,2025-06-20 20:00:00,2025-06-22 20:00:00,1.9790934426229505,True,True,True,False
FIOUSDT,2025-06-26 12:00:00,2025-06-26 16:00:00,2025-06-29 20:00:00,-1.0288927536231882,True,True,True,False
FIOUSDT,2025-07-01 16:00:00,2025-07-01 20:00:00,2025-07-07 16:00:00,-1.0160942148760332,True,True,True,False
FIOUSDT,2025-07-23 12:00:00,2025-07-23 16:00:00,2025-07-24 04:00:00,1.9840429999999998,True,False,False,False
FIOUSDT,2025-08-25 16:00:00,2025-08-25 20:00:00,2025-08-28 04:00:00,-1.017225675675676,True,False,False,False
FIOUSDT,2025-09-09 12:00:00,2025-09-09 16:00:00,2025-09-10 08:00:00,-1.025364705882353,True,False,True,False
FIOUSDT,2025-09-19 08:00:00,2025-09-19 12:00:00,2025-09-27 08:00:00,1.1276868217054257,True,True,False,False
FIOUSDT,2025-09-30 08:00:00,2025-09-30 12:00:00,2025-10-01 08:00:00,-1.0334970588235293,True,True,True,False
FIOUSDT,2025-10-04 08:00:00,2025-10-04 12:00:00,2025-10-10 16:00:00,1.9767938461538457,True,True,True,False
FIOUSDT,2025-10-22 20:00:00,2025-10-23 00:00:00,2025-10-23 04:00:00,-1.021051851851852,True,True,True,False
FIOUSDT,2025-11-03 00:00:00,2025-11-03 04:00:00,2025-11-07 16:00:00,-1.0162731182795701,True,True,True,False
FIOUSDT,2025-11-11 16:00:00,2025-11-11 20:00:00,2025-11-19 16:00:00,1.9892193548387096,True,True,True,False
FIOUSDT,2025-11-29 16:00:00,2025-11-29 20:00:00,2025-12-02 12:00:00,-1.0300416666666667,True,True,True,False
FIOUSDT,2025-12-07 04:00:00,2025-12-07 08:00:00,2025-12-09 12:00:00,-1.054509677419355,True,False,True,False
FIOUSDT,2025-12-14 08:00:00,2025-12-14 12:00:00,2025-12-18 08:00:00,-1.0341361702127658,True,False,True,False
FIOUSDT,2025-12-21 12:00:00,2025-12-21 16:00:00,2025-12-24 00:00:00,-1.0342851063829788,True,False,True,False
FIOUSDT,2025-12-29 16:00:00,2025-12-29 20:00:00,2026-01-01 16:00:00,-1.0241911764705882,True,False,True,False
FIOUSDT,2026-01-05 04:00:00,2026-01-05 08:00:00,2026-01-05 16:00:00,-1.0240925373134329,True,False,False,False
FIOUSDT,2026-01-08 08:00:00,2026-01-08 12:00:00,2026-01-16 08:00:00,0.3596307692307662,True,False,False,False
FIOUSDT,2026-01-19 00:00:00,2026-01-19 04:00:00,2026-01-27 00:00:00,0.015016161616162135,True,True,False,False
FIOUSDT,2026-01-28 20:00:00,2026-01-29 00:00:00,2026-01-29 08:00:00,-1.026421818181818,True,True,True,False
FIOUSDT,2026-01-31 12:00:00,2026-01-31 16:00:00,2026-02-05 20:00:00,1.9884708860759492,True,True,True,False
FIOUSDT,2026-02-11 04:00:00,2026-02-11 08:00:00,2026-02-12 08:00:00,-1.0199033333333336,True,True,True,False
FIOUSDT,2026-02-18 16:00:00,2026-02-18 20:00:00,2026-02-23 12:00:00,1.9809285714285711,True,True,True,False
FIOUSDT,2026-02-28 04:00:00,2026-02-28 08:00:00,2026-02-28 16:00:00,-1.0153027777777779,True,True,True,False
FIOUSDT,2026-03-21 16:00:00,2026-03-21 20:00:00,2026-03-29 16:00:00,1.283047097844112,True,True,False,False
FIOUSDT,2026-04-01 08:00:00,2026-04-01 12:00:00,2026-04-01 20:00:00,-1.0284840677966103,True,True,True,False
FISUSDT,2025-05-04 20:00:00,2025-05-05 00:00:00,2025-05-07 12:00:00,1.9909413136601617,True,False,False,False
FISUSDT,2025-05-16 20:00:00,2025-05-17 00:00:00,2025-05-24 20:00:00,1.1609343900758105,True,False,False,False
FISUSDT,2025-05-25 08:00:00,2025-05-25 12:00:00,2025-05-28 12:00:00,-1.0226822927328558,True,False,False,False
FISUSDT,2025-06-11 08:00:00,2025-06-11 12:00:00,2025-06-14 16:00:00,1.9888737991266374,True,False,True,False
FISUSDT,2025-06-20 16:00:00,2025-06-20 20:00:00,2025-06-27 20:00:00,-1.0196134831460677,True,True,True,False
FISUSDT,2025-06-30 12:00:00,2025-06-30 16:00:00,2025-07-02 04:00:00,-1.0246442060085836,True,True,True,False
FISUSDT,2025-07-31 20:00:00,2025-08-01 00:00:00,2025-08-01 20:00:00,-1.0144679144385027,True,False,False,False
FISUSDT,2025-08-11 16:00:00,2025-08-11 20:00:00,2025-08-15 08:00:00,-1.0178698821007504,True,False,False,False
FISUSDT,2025-08-25 04:00:00,2025-08-25 08:00:00,2025-08-26 12:00:00,-1.0145623161764707,True,True,False,False
FISUSDT,2025-08-29 08:00:00,2025-08-29 12:00:00,2025-08-31 16:00:00,-1.0191294947121035,True,False,True,False
FISUSDT,2025-09-21 08:00:00,2025-09-21 12:00:00,2025-09-22 04:00:00,1.9761590452261304,True,True,False,False
FISUSDT,2025-09-30 00:00:00,2025-09-30 04:00:00,2025-10-08 00:00:00,0.4364064903846161,True,True,True,False
FISUSDT,2025-10-09 08:00:00,2025-10-09 12:00:00,2025-10-10 20:00:00,-1.0241064377682403,True,True,True,False
FISUSDT,2025-10-21 00:00:00,2025-10-21 04:00:00,2025-10-26 16:00:00,-1.0223519450800918,True,True,True,False
FISUSDT,2025-11-19 12:00:00,2025-11-19 16:00:00,2025-11-19 16:00:00,-1.0203269230769232,True,True,True,False
FISUSDT,2025-11-30 00:00:00,2025-11-30 04:00:00,2025-12-01 12:00:00,1.9827663755458513,True,True,True,False
FLUIDUSDT,2025-10-15 16:00:00,2025-10-15 20:00:00,2025-10-23 16:00:00,1.1132571428571427,True,False,True,False
FLUIDUSDT,2025-11-16 12:00:00,2025-11-16 16:00:00,2025-11-19 16:00:00,1.9851033018867923,True,True,True,False
FLUIDUSDT,2025-12-17 12:00:00,2025-12-17 16:00:00,2025-12-23 04:00:00,1.982738620689655,True,True,True,False
FLUIDUSDT,2025-12-30 04:00:00,2025-12-30 08:00:00,2026-01-02 08:00:00,-1.014309836065574,True,True,True,False
FLUIDUSDT,2026-01-07 12:00:00,2026-01-07 16:00:00,2026-01-13 20:00:00,-1.0257876543209876,True,False,False,False
FLUIDUSDT,2026-01-20 04:00:00,2026-01-20 08:00:00,2026-01-25 00:00:00,-1.014258904109589,True,False,True,False
FLUIDUSDT,2026-02-11 00:00:00,2026-02-11 04:00:00,2026-02-13 20:00:00,-1.0204105263157897,True,True,True,False
FLUIDUSDT,2026-02-18 12:00:00,2026-02-18 16:00:00,2026-02-23 00:00:00,1.979872727272727,True,True,True,False
FLUIDUSDT,2026-04-01 12:00:00,2026-04-01 16:00:00,2026-04-06 12:00:00,-1.0247177777777778,True,True,True,False
FLUIDUSDT,2026-04-12 12:00:00,2026-04-12 16:00:00,2026-04-13 20:00:00,-1.0204296296296298,True,True,False,False
FLUIDUSDT,2026-05-12 04:00:00,2026-05-12 08:00:00,2026-05-16 08:00:00,1.9858330357142855,True,False,False,False
FLUIDUSDT,2026-05-26 16:00:00,2026-05-26 20:00:00,2026-05-28 04:00:00,1.9813519999999998,True,True,False,False
FLUIDUSDT,2026-05-29 12:00:00,2026-05-29 16:00:00,2026-06-02 00:00:00,-1.0263890410958902,True,True,True,False
FLUIDUSDT,2026-06-06 16:00:00,2026-06-06 20:00:00,2026-06-08 12:00:00,-1.016169230769231,True,True,True,False
FLUIDUSDT,2026-06-12 12:00:00,2026-06-12 16:00:00,2026-06-15 12:00:00,-1.0231969230769231,True,True,True,False
FLUIDUSDT,2026-06-18 08:00:00,2026-06-18 12:00:00,2026-06-24 16:00:00,1.9904176470588233,True,True,False,False
FLUIDUSDT,2026-07-19 20:00:00,2026-07-20 00:00:00,2026-07-23 04:00:00,-1.0220500000000001,True,False,False,False
FLUIDUSDT,2026-08-12 00:00:00,2026-08-12 04:00:00,2026-08-19 20:00:00,-1.0220783783783784,True,False,False,False
FLUXUSDT,2024-09-05 00:00:00,2024-09-05 04:00:00,2024-09-13 00:00:00,-0.40808719851577024,True,False,False,True
FLUXUSDT,2024-09-25 20:00:00,2024-09-26 00:00:00,2024-09-27 00:00:00,-1.0208433090024334,True,False,False,False
FLUXUSDT,2024-09-30 12:00:00,2024-09-30 16:00:00,2024-10-01 16:00:00,1.9856472440944881,True,False,False,False
FLUXUSDT,2024-10-09 16:00:00,2024-10-09 20:00:00,2024-10-12 08:00:00,-1.0290089068825912,True,False,False,False
FLUXUSDT,2024-10-17 08:00:00,2024-10-17 12:00:00,2024-10-20 12:00:00,-1.0179643564356438,True,False,False,False
FLUXUSDT,2024-10-23 08:00:00,2024-10-23 12:00:00,2024-10-31 08:00:00,0.7006669683257948,True,True,False,False
FLUXUSDT,2024-12-02 08:00:00,2024-12-02 12:00:00,2024-12-03 04:00:00,-1.0148478873239437,True,False,False,False
FLUXUSDT,2024-12-16 08:00:00,2024-12-16 12:00:00,2024-12-20 08:00:00,1.990864801178203,True,False,False,False
FLUXUSDT,2025-01-01 04:00:00,2025-01-01 08:00:00,2025-01-02 08:00:00,-1.0210663341645887,True,True,True,False
FLUXUSDT,2025-01-07 12:00:00,2025-01-07 16:00:00,2025-01-13 04:00:00,1.9890891791044774,True,True,True,False
FLUXUSDT,2025-02-24 00:00:00,2025-02-24 04:00:00,2025-03-04 00:00:00,1.9902876056338028,True,True,True,False
FLUXUSDT,2025-03-08 08:00:00,2025-03-08 12:00:00,2025-03-10 16:00:00,1.9901461538461538,True,True,True,False
FLUXUSDT,2025-03-16 08:00:00,2025-03-16 12:00:00,2025-03-16 12:00:00,-1.0178774509803923,True,True,True,False
FLUXUSDT,2025-03-21 12:00:00,2025-03-21 16:00:00,2025-03-24 04:00:00,-1.0175980676328504,True,True,True,False
FLUXUSDT,2025-04-02 00:00:00,2025-04-02 04:00:00,2025-04-06 16:00:00,1.9880749999999998,True,True,True,False
FLUXUSDT,2025-05-17 00:00:00,2025-05-17 04:00:00,2025-05-25 00:00:00,0.9427822064056927,True,False,False,False
FLUXUSDT,2025-05-28 16:00:00,2025-05-28 20:00:00,2025-06-05 16:00:00,1.7957763157894748,True,True,False,False
FLUXUSDT,2025-06-09 04:00:00,2025-06-09 08:00:00,2025-06-09 16:00:00,-1.0357590361445783,True,True,True,False
FLUXUSDT,2025-06-20 20:00:00,2025-06-21 00:00:00,2025-06-28 20:00:00,-0.5862520547945206,True,True,True,False
FLUXUSDT,2025-07-01 08:00:00,2025-07-01 12:00:00,2025-07-02 16:00:00,-1.0178216216216218,True,True,True,False
FLUXUSDT,2025-07-28 12:00:00,2025-07-28 16:00:00,2025-08-01 00:00:00,1.9877313186813186,True,False,False,False
FLUXUSDT,2025-09-04 12:00:00,2025-09-04 16:00:00,2025-09-08 08:00:00,-1.0229101694915255,True,True,True,False
FLUXUSDT,2025-09-15 04:00:00,2025-09-15 08:00:00,2025-09-22 04:00:00,1.9893971910112358,True,True,False,False
FLUXUSDT,2025-09-25 16:00:00,2025-09-25 20:00:00,2025-09-29 12:00:00,-1.0219087719298248,True,True,True,False
FLUXUSDT,2025-09-30 12:00:00,2025-09-30 16:00:00,2025-10-01 08:00:00,-1.0229675675675676,True,True,True,False
FLUXUSDT,2025-10-05 16:00:00,2025-10-05 20:00:00,2025-10-06 16:00:00,-1.0309627906976744,True,True,True,False
FLUXUSDT,2025-10-07 12:00:00,2025-10-07 16:00:00,2025-10-10 20:00:00,1.9909655737704917,True,True,False,False
FLUXUSDT,2025-10-28 00:00:00,2025-10-28 04:00:00,2025-10-30 16:00:00,1.9870249999999998,True,True,True,False
FLUXUSDT,2025-11-17 16:00:00,2025-11-17 20:00:00,2025-11-19 12:00:00,-1.0223045454545456,True,True,True,False
FLUXUSDT,2025-11-29 16:00:00,2025-11-29 20:00:00,2025-12-01 00:00:00,1.9806245283018866,True,True,True,False
FLUXUSDT,2025-12-12 16:00:00,2025-12-12 20:00:00,2025-12-15 12:00:00,-1.018183529411765,True,True,True,False
FLUXUSDT,2026-01-08 08:00:00,2026-01-08 12:00:00,2026-01-16 08:00:00,-0.13786326530612306,True,False,False,False
FLUXUSDT,2026-01-25 12:00:00,2026-01-25 16:00:00,2026-01-30 00:00:00,1.9798113636363635,True,True,True,False
FLUXUSDT,2026-02-05 04:00:00,2026-02-05 08:00:00,2026-02-06 00:00:00,1.9898088235294116,True,True,True,False
FLUXUSDT,2026-02-18 16:00:00,2026-02-18 20:00:00,2026-02-23 00:00:00,1.982370588235294,True,True,True,False
FLUXUSDT,2026-02-28 00:00:00,2026-02-28 04:00:00,2026-03-07 20:00:00,1.981231632653061,True,True,True,False
FLUXUSDT,2026-03-14 04:00:00,2026-03-14 08:00:00,2026-03-17 12:00:00,-1.0169264317180617,True,True,True,False
FLUXUSDT,2026-03-21 20:00:00,2026-03-22 00:00:00,2026-03-29 20:00:00,-0.2509918660287071,True,True,False,False
FLUXUSDT,2026-04-05 04:00:00,2026-04-05 08:00:00,2026-04-08 12:00:00,-1.0150506986027945,True,True,False,False
FLUXUSDT,2026-04-12 00:00:00,2026-04-12 04:00:00,2026-04-16 16:00:00,-1.0152611111111112,True,False,False,False
FLUXUSDT,2026-04-29 12:00:00,2026-04-29 16:00:00,2026-05-04 00:00:00,-1.0270938775510203,True,False,False,False
FLUXUSDT,2026-05-31 16:00:00,2026-05-31 20:00:00,2026-06-05 00:00:00,1.9875853503184713,True,True,True,False
FLUXUSDT,2026-06-22 20:00:00,2026-06-23 00:00:00,2026-06-24 12:00:00,1.978494736842105,True,True,False,False
FLUXUSDT,2026-06-30 00:00:00,2026-06-30 04:00:00,2026-07-01 16:00:00,-1.0296813725490195,True,True,True,False
FLUXUSDT,2026-07-08 00:00:00,2026-07-08 04:00:00,2026-07-11 12:00:00,-1.0158544502617803,True,True,False,False
FLUXUSDT,2026-07-19 16:00:00,2026-07-19 20:00:00,2026-07-20 08:00:00,-1.053097247706422,True,True,False,False
FLUXUSDT,2026-07-23 16:00:00,2026-07-23 20:00:00,2026-07-29 16:00:00,1.9834973799126636,True,True,False,False
FLUXUSDT,2026-08-07 20:00:00,2026-08-08 00:00:00,2026-08-08 04:00:00,-1.028359162303665,True,True,False,False
FLUXUSDT,2026-08-12 20:00:00,2026-08-13 00:00:00,2026-08-19 20:00:00,-1.0214888888888891,True,True,False,False
FOLKSUSDT,2026-01-06 12:00:00,2026-01-06 16:00:00,2026-01-08 08:00:00,1.9833067307692305,True,True,False,False
FOLKSUSDT,2026-01-18 20:00:00,2026-01-19 00:00:00,2026-01-19 04:00:00,1.9866614349775782,True,True,False,False
FOLKSUSDT,2026-01-22 12:00:00,2026-01-22 16:00:00,2026-01-26 20:00:00,-1.0154267942583732,True,True,True,False
FOLKSUSDT,2026-02-12 12:00:00,2026-02-12 16:00:00,2026-02-14 16:00:00,-1.0169891891891893,True,True,True,False
FOLKSUSDT,2026-02-18 16:00:00,2026-02-18 20:00:00,2026-02-19 08:00:00,-1.0193591397849464,True,True,True,False
FOLKSUSDT,2026-03-03 20:00:00,2026-03-04 00:00:00,2026-03-05 00:00:00,-1.0180782608695653,True,True,True,False
FOLKSUSDT,2026-03-13 20:00:00,2026-03-14 00:00:00,2026-03-19 12:00:00,1.989416346153846,True,True,True,False
FOLKSUSDT,2026-03-26 04:00:00,2026-03-26 08:00:00,2026-03-26 12:00:00,-1.015954166666667,True,True,False,False
FOLKSUSDT,2026-04-06 16:00:00,2026-04-06 20:00:00,2026-04-07 04:00:00,-1.0159894736842108,True,True,False,False
FOLKSUSDT,2026-05-05 12:00:00,2026-05-05 16:00:00,2026-05-06 04:00:00,-1.014325581395349,True,False,False,False
FOLKSUSDT,2026-05-10 08:00:00,2026-05-10 12:00:00,2026-05-11 00:00:00,-1.021636363636364,True,False,False,False
FOLKSUSDT,2026-05-25 20:00:00,2026-05-26 00:00:00,2026-05-26 00:00:00,-1.0191625000000002,True,False,False,False
FOLKSUSDT,2026-06-04 00:00:00,2026-06-04 04:00:00,2026-06-06 00:00:00,-1.0166972477064222,True,True,True,False
FOLKSUSDT,2026-07-05 04:00:00,2026-07-05 08:00:00,2026-07-06 04:00:00,-1.0159652173913045,True,False,False,False
FOLKSUSDT,2026-07-22 12:00:00,2026-07-22 16:00:00,2026-07-30 12:00:00,0.7187087179487168,True,False,False,False
FOLKSUSDT,2026-08-07 04:00:00,2026-08-07 08:00:00,2026-08-15 04:00:00,-0.8009628742514994,True,True,False,False
FORMUSDT,2025-04-12 08:00:00,2025-04-12 12:00:00,2025-04-18 08:00:00,-1.016261990407674,True,False,True,False
FORMUSDT,2025-05-30 16:00:00,2025-05-30 20:00:00,2025-06-07 16:00:00,0.442505638665131,True,False,False,False
FORMUSDT,2025-06-12 00:00:00,2025-06-12 04:00:00,2025-06-16 08:00:00,1.9886276536312848,True,False,True,False
FORMUSDT,2025-06-21 20:00:00,2025-06-22 00:00:00,2025-06-23 00:00:00,-1.0183850980392157,True,True,True,False
FORMUSDT,2025-07-06 04:00:00,2025-07-06 08:00:00,2025-07-09 12:00:00,-1.033697306689835,True,False,True,False
FORMUSDT,2025-07-25 00:00:00,2025-07-25 04:00:00,2025-07-29 16:00:00,-1.0154575406032484,True,False,False,False
FORMUSDT,2025-08-17 04:00:00,2025-08-17 08:00:00,2025-08-25 04:00:00,1.978265768725361,True,False,False,False
FORMUSDT,2025-09-19 00:00:00,2025-09-19 04:00:00,2025-09-19 16:00:00,1.9854173575129532,True,True,False,False
FORMUSDT,2025-11-16 12:00:00,2025-11-16 16:00:00,2025-11-18 12:00:00,-1.0159976119402987,True,True,True,False
FORMUSDT,2025-12-12 12:00:00,2025-12-12 16:00:00,2025-12-15 00:00:00,-1.0182252252252253,True,True,True,False
FORMUSDT,2026-01-18 20:00:00,2026-01-19 00:00:00,2026-01-25 16:00:00,1.9898974999999999,True,False,False,False
FORMUSDT,2026-02-18 16:00:00,2026-02-18 20:00:00,2026-02-23 00:00:00,1.9827945945945944,True,True,True,False
FORMUSDT,2026-02-24 00:00:00,2026-02-24 04:00:00,2026-03-01 08:00:00,-1.0154818713450293,True,True,True,False
FORMUSDT,2026-03-20 12:00:00,2026-03-20 16:00:00,2026-03-21 16:00:00,-1.0227972972972974,True,False,True,False
FORMUSDT,2026-03-27 08:00:00,2026-03-27 12:00:00,2026-04-01 12:00:00,1.9870327586206895,True,False,False,False
FORMUSDT,2026-04-01 16:00:00,2026-04-01 20:00:00,2026-04-09 16:00:00,1.0882761904761884,True,True,True,False
FORMUSDT,2026-04-25 16:00:00,2026-04-25 20:00:00,2026-04-30 16:00:00,-1.02539,True,False,False,False
FORMUSDT,2026-05-13 12:00:00,2026-05-13 16:00:00,2026-05-21 12:00:00,0.8803343749999996,True,False,False,False
FORMUSDT,2026-05-22 16:00:00,2026-05-22 20:00:00,2026-05-30 08:00:00,-1.0178696629213484,True,True,False,False
FORMUSDT,2026-06-02 08:00:00,2026-06-02 12:00:00,2026-06-04 04:00:00,-1.0180395833333336,True,True,False,False
FORMUSDT,2026-06-14 12:00:00,2026-06-14 16:00:00,2026-06-17 20:00:00,-1.0150365384615385,True,True,True,False
FORMUSDT,2026-06-24 12:00:00,2026-06-24 16:00:00,2026-07-02 12:00:00,0.4154107382550341,True,True,True,False
FORMUSDT,2026-07-13 00:00:00,2026-07-13 04:00:00,2026-07-17 12:00:00,1.9797806818181816,True,True,False,False
FORMUSDT,2026-08-14 16:00:00,2026-08-14 20:00:00,2026-08-20 08:00:00,-1.014707070707071,True,False,False,False
FORTHUSDT,2025-04-20 12:00:00,2025-04-20 16:00:00,2025-04-23 00:00:00,-1.0151601851851852,True,False,True,False
FORTHUSDT,2025-05-15 04:00:00,2025-05-15 08:00:00,2025-05-21 00:00:00,1.9888961538461536,True,False,False,False
FORTHUSDT,2025-06-20 20:00:00,2025-06-21 00:00:00,2025-06-22 16:00:00,1.9851947019867549,True,True,True,False
FORTHUSDT,2025-07-02 00:00:00,2025-07-02 04:00:00,2025-07-03 12:00:00,-1.0205664516129034,True,True,True,False
FORTHUSDT,2025-07-05 08:00:00,2025-07-05 12:00:00,2025-07-10 04:00:00,-1.0176368715083801,True,True,True,False
FORTHUSDT,2025-07-23 12:00:00,2025-07-23 16:00:00,2025-07-31 12:00:00,0.9031402439024364,True,False,False,False
FORTHUSDT,2025-07-31 20:00:00,2025-08-01 00:00:00,2025-08-08 16:00:00,-1.0208690058479533,True,False,False,False
FORTHUSDT,2025-08-21 12:00:00,2025-08-21 16:00:00,2025-08-22 12:00:00,-1.0253534246575342,True,False,False,False
FORTHUSDT,2025-09-01 20:00:00,2025-09-02 00:00:00,2025-09-09 20:00:00,0.0882502564102583,True,False,True,False
FORTHUSDT,2025-09-15 04:00:00,2025-09-15 08:00:00,2025-09-23 04:00:00,0.6568863070539425,True,True,False,False
FORTHUSDT,2025-09-25 08:00:00,2025-09-25 12:00:00,2025-09-26 16:00:00,-1.0318962264150944,True,True,True,False
FORTHUSDT,2025-10-07 12:00:00,2025-10-07 16:00:00,2025-10-10 20:00:00,1.9857030120481927,True,False,False,False
FORTHUSDT,2025-11-02 12:00:00,2025-11-02 16:00:00,2025-11-03 12:00:00,1.9785271739130432,True,True,True,False
FORTHUSDT,2025-11-11 16:00:00,2025-11-11 20:00:00,2025-11-19 16:00:00,1.4626287878787927,True,True,True,False
FORTHUSDT,2025-11-28 16:00:00,2025-11-28 20:00:00,2025-12-01 16:00:00,1.9829692307692306,True,True,True,False
FORTHUSDT,2025-12-11 00:00:00,2025-12-11 04:00:00,2025-12-18 16:00:00,1.9880820312499998,True,True,True,False
FORTHUSDT,2026-01-11 20:00:00,2026-01-12 00:00:00,2026-01-18 00:00:00,-1.0205966101694917,True,False,False,False
FORTHUSDT,2026-01-25 12:00:00,2026-01-25 16:00:00,2026-01-31 12:00:00,1.981622222222222,True,False,True,False
FORTHUSDT,2026-02-18 16:00:00,2026-02-18 20:00:00,2026-02-26 16:00:00,1.1464000000000016,True,True,True,False
FRAXUSDT,2026-02-15 12:00:00,2026-02-15 16:00:00,2026-02-16 04:00:00,-1.023296,True,False,True,False
FRAXUSDT,2026-02-22 12:00:00,2026-02-22 16:00:00,2026-03-02 12:00:00,0.37253026941362855,True,False,True,False
FRAXUSDT,2026-03-05 08:00:00,2026-03-05 12:00:00,2026-03-09 00:00:00,-1.0260435331230284,True,False,True,False
FRAXUSDT,2026-03-18 12:00:00,2026-03-18 16:00:00,2026-03-19 00:00:00,1.9899856624319419,True,True,False,False
FRAXUSDT,2026-03-27 12:00:00,2026-03-27 16:00:00,2026-04-04 12:00:00,0.5792841463414637,True,True,False,False
FRAXUSDT,2026-04-05 04:00:00,2026-04-05 08:00:00,2026-04-08 12:00:00,-1.031784,True,True,False,False
FRAXUSDT,2026-04-30 16:00:00,2026-04-30 20:00:00,2026-05-06 12:00:00,-1.0155351485148516,True,True,False,False
FRAXUSDT,2026-05-13 12:00:00,2026-05-13 16:00:00,2026-05-17 20:00:00,1.9862887459807073,True,False,False,False
FRAXUSDT,2026-05-26 00:00:00,2026-05-26 04:00:00,2026-06-03 00:00:00,1.491572448979591,True,True,False,False
FRAXUSDT,2026-06-10 08:00:00,2026-06-10 12:00:00,2026-06-15 08:00:00,-1.014432824427481,True,True,True,False
FRAXUSDT,2026-06-22 20:00:00,2026-06-23 00:00:00,2026-06-24 16:00:00,1.9793079646017697,True,True,False,False
FRAXUSDT,2026-07-01 04:00:00,2026-07-01 08:00:00,2026-07-02 20:00:00,-1.024128787878788,True,True,True,False
FRAXUSDT,2026-07-07 20:00:00,2026-07-08 00:00:00,2026-07-10 12:00:00,-1.0194840236686393,True,True,False,False
FRAXUSDT,2026-07-23 16:00:00,2026-07-23 20:00:00,2026-07-24 16:00:00,-1.036276470588235,True,False,False,False
FRAXUSDT,2026-07-27 12:00:00,2026-07-27 16:00:00,2026-08-04 12:00:00,-0.4443220512820523,True,False,False,False
FRAXUSDT,2026-08-11 12:00:00,2026-08-11 16:00:00,2026-08-17 16:00:00,1.9797733333333332,True,False,False,False
FUNUSDT,2025-04-27 04:00:00,2025-04-27 08:00:00,2025-04-28 00:00:00,-1.0157380281690143,True,False,False,False
FUNUSDT,2025-05-17 04:00:00,2025-05-17 08:00:00,2025-05-21 16:00:00,1.9903015999999998,True,False,False,False
FUNUSDT,2025-05-23 08:00:00,2025-05-23 12:00:00,2025-05-30 00:00:00,1.9909853146853145,True,True,False,False
FUNUSDT,2025-06-13 00:00:00,2025-06-13 04:00:00,2025-06-17 00:00:00,1.9875846153846153,True,True,True,False
FUNUSDT,2025-07-19 00:00:00,2025-07-19 04:00:00,2025-07-19 12:00:00,-1.0243346863468634,True,False,False,False
FUNUSDT,2025-08-10 04:00:00,2025-08-10 08:00:00,2025-08-10 20:00:00,-1.0263792656587474,True,True,False,False
FUNUSDT,2025-08-14 12:00:00,2025-08-14 16:00:00,2025-08-14 20:00:00,-1.0183734513274338,True,True,False,False
FUNUSDT,2025-08-25 16:00:00,2025-08-25 20:00:00,2025-08-26 12:00:00,-1.0266088235294117,True,True,False,False
FUNUSDT,2025-09-09 16:00:00,2025-09-09 20:00:00,2025-09-14 08:00:00,-1.0230858195211787,True,True,True,False
FUNUSDT,2025-09-21 00:00:00,2025-09-21 04:00:00,2025-09-22 04:00:00,1.9840075581395347,True,False,False,False
FUNUSDT,2025-10-07 16:00:00,2025-10-07 20:00:00,2025-10-10 20:00:00,1.977706303724928,True,True,False,False
FUNUSDT,2025-10-25 16:00:00,2025-10-25 20:00:00,2025-10-28 04:00:00,-1.025102,True,True,True,False
FUNUSDT,2025-11-11 20:00:00,2025-11-12 00:00:00,2025-11-19 20:00:00,0.8278012738853494,True,True,True,False
FUNUSDT,2025-12-07 12:00:00,2025-12-07 16:00:00,2025-12-15 12:00:00,1.7741806451612914,True,True,True,False
FUNUSDT,2025-12-16 20:00:00,2025-12-17 00:00:00,2025-12-18 16:00:00,1.982964948453608,True,True,True,False
FUNUSDT,2025-12-24 04:00:00,2025-12-24 08:00:00,2025-12-25 16:00:00,-1.022988,True,True,True,False
FUNUSDT,2026-01-11 12:00:00,2026-01-11 16:00:00,2026-01-19 00:00:00,1.986548837209302,True,True,False,False
FUNUSDT,2026-01-23 12:00:00,2026-01-23 16:00:00,2026-01-27 12:00:00,1.9887975609756097,True,True,True,False
FUNUSDT,2026-01-28 16:00:00,2026-01-28 20:00:00,2026-01-29 16:00:00,-1.0218195121951221,True,True,True,False
FUNUSDT,2026-03-18 00:00:00,2026-03-18 04:00:00,2026-03-21 08:00:00,-1.0188860000000002,True,False,False,False
FXSUSDT,2024-09-07 00:00:00,2024-09-07 04:00:00,2024-09-08 08:00:00,-1.0143053776435047,True,False,False,True
FXSUSDT,2024-09-14 16:00:00,2024-09-14 20:00:00,2024-09-16 16:00:00,1.9707414802065406,True,False,False,True
FXSUSDT,2024-09-18 12:00:00,2024-09-18 16:00:00,2024-09-19 00:00:00,-1.0185972392638039,True,False,False,True
FXSUSDT,2024-10-02 16:00:00,2024-10-02 20:00:00,2024-10-10 16:00:00,0.11379684317718897,True,False,False,False
FXSUSDT,2024-10-16 04:00:00,2024-10-16 08:00:00,2024-10-21 04:00:00,-1.017707471980075,True,False,False,False
FXSUSDT,2024-10-25 20:00:00,2024-10-26 00:00:00,2024-11-02 20:00:00,0.5157459896133884,True,False,False,False
FXSUSDT,2024-12-09 08:00:00,2024-12-09 12:00:00,2024-12-09 20:00:00,1.9847520312499998,True,False,False,False
FXSUSDT,2024-12-16 08:00:00,2024-12-16 12:00:00,2024-12-19 00:00:00,1.989741971927422,True,False,False,False
FXSUSDT,2025-01-12 20:00:00,2025-01-13 00:00:00,2025-01-13 12:00:00,-1.032457100371747,True,True,True,False
FXSUSDT,2025-01-27 00:00:00,2025-01-27 04:00:00,2025-02-02 16:00:00,1.988797743638982,True,True,True,False
FXSUSDT,2025-02-23 16:00:00,2025-02-23 20:00:00,2025-02-24 20:00:00,1.9843313461538459,True,True,True,False
FXSUSDT,2025-03-31 00:00:00,2025-03-31 04:00:00,2025-04-06 16:00:00,1.9864463949843258,True,False,True,False
FXSUSDT,2025-04-15 08:00:00,2025-04-15 12:00:00,2025-04-19 00:00:00,-1.0312616822429905,True,True,True,False
FXSUSDT,2025-06-16 20:00:00,2025-06-17 00:00:00,2025-06-22 12:00:00,1.9881117677286742,True,True,True,False
FXSUSDT,2025-06-29 12:00:00,2025-06-29 16:00:00,2025-06-29 20:00:00,-1.0395153515064564,True,True,True,False
FXSUSDT,2025-07-31 20:00:00,2025-08-01 00:00:00,2025-08-08 20:00:00,-0.7752285811965811,True,False,False,False
FXSUSDT,2025-08-19 16:00:00,2025-08-19 20:00:00,2025-08-20 04:00:00,-1.0239429864253393,True,True,False,False
FXSUSDT,2025-08-29 08:00:00,2025-08-29 12:00:00,2025-09-03 20:00:00,-1.0255823699421964,True,True,True,False
FXSUSDT,2025-09-11 08:00:00,2025-09-11 12:00:00,2025-09-12 12:00:00,-1.0237575757575756,True,False,False,False
FXSUSDT,2025-09-14 08:00:00,2025-09-14 12:00:00,2025-09-22 08:00:00,1.27784038155803,True,False,False,False
FXSUSDT,2025-10-07 12:00:00,2025-10-07 16:00:00,2025-10-10 20:00:00,1.9907521800947867,True,True,False,False
FXSUSDT,2025-10-15 12:00:00,2025-10-15 16:00:00,2025-10-23 12:00:00,0.8161864353312311,True,True,True,False
FXSUSDT,2025-11-06 00:00:00,2025-11-06 04:00:00,2025-11-08 04:00:00,-1.0188716763005783,True,True,True,False
FXSUSDT,2025-11-10 12:00:00,2025-11-10 16:00:00,2025-11-15 16:00:00,1.9889082105263156,True,True,True,False
FXSUSDT,2025-11-19 16:00:00,2025-11-19 20:00:00,2025-11-27 16:00:00,0.14000575079872224,True,True,True,False
FXSUSDT,2025-11-30 12:00:00,2025-11-30 16:00:00,2025-12-08 12:00:00,1.0937348837209289,True,True,True,False
FXSUSDT,2025-12-08 16:00:00,2025-12-08 20:00:00,2025-12-14 04:00:00,1.9815140957446806,True,True,True,False
FXSUSDT,2025-12-14 08:00:00,2025-12-14 12:00:00,2025-12-18 04:00:00,1.976684269662921,True,True,True,False
GENIUSUSDT,2026-04-27 12:00:00,2026-04-27 16:00:00,2026-04-29 16:00:00,1.989786391752577,True,False,False,False
GENIUSUSDT,2026-07-06 08:00:00,2026-07-06 12:00:00,2026-07-12 20:00:00,1.9835728155339805,True,True,False,False
GENIUSUSDT,2026-07-18 08:00:00,2026-07-18 12:00:00,2026-07-21 08:00:00,-1.0168789473684212,True,True,False,False
GENIUSUSDT,2026-08-19 04:00:00,2026-08-19 08:00:00,2026-08-19 16:00:00,1.9772084507042251,True,False,False,False
GHSTUSDT,2024-09-28 20:00:00,2024-09-29 00:00:00,2024-10-06 20:00:00,0.57586,True,False,False,False
GHSTUSDT,2024-10-17 04:00:00,2024-10-17 08:00:00,2024-10-18 00:00:00,-1.0457851851851852,True,False,False,False
GHSTUSDT,2024-12-16 08:00:00,2024-12-16 12:00:00,2024-12-19 00:00:00,1.98968407079646,True,False,False,False
GHSTUSDT,2025-01-07 12:00:00,2025-01-07 16:00:00,2025-01-13 04:00:00,1.9890763678696157,True,True,True,False
GHSTUSDT,2025-01-18 04:00:00,2025-01-18 08:00:00,2025-01-20 00:00:00,1.987556053811659,True,True,True,False
GHSTUSDT,2025-01-24 20:00:00,2025-01-25 00:00:00,2025-02-01 20:00:00,1.9849169133192388,True,True,True,False
GHSTUSDT,2025-02-15 12:00:00,2025-02-15 16:00:00,2025-02-18 16:00:00,1.9833730769230766,True,True,True,False
GHSTUSDT,2025-02-28 00:00:00,2025-02-28 04:00:00,2025-02-28 16:00:00,-1.0154813953488373,True,True,True,False
GHSTUSDT,2025-03-09 08:00:00,2025-03-09 12:00:00,2025-03-17 08:00:00,0.2849090024330893,True,True,True,False
GHSTUSDT,2025-04-13 16:00:00,2025-04-13 20:00:00,2025-04-19 16:00:00,-1.0177619631901842,True,True,True,False
GHSTUSDT,2025-05-17 04:00:00,2025-05-17 08:00:00,2025-05-25 04:00:00,1.4812701357466063,True,False,False,False
GHSTUSDT,2025-05-29 16:00:00,2025-05-29 20:00:00,2025-06-03 08:00:00,1.9849606177606176,True,True,False,False
GHSTUSDT,2025-06-18 04:00:00,2025-06-18 08:00:00,2025-06-26 04:00:00,-0.14258037974683546,True,True,True,False
GHSTUSDT,2025-07-23 16:00:00,2025-07-23 20:00:00,2025-07-24 16:00:00,-1.0151253731343286,True,False,False,False
GHSTUSDT,2025-07-28 20:00:00,2025-07-29 00:00:00,2025-08-02 08:00:00,1.9903468682505399,True,False,False,False
GHSTUSDT,2025-09-01 20:00:00,2025-09-02 00:00:00,2025-09-09 20:00:00,-0.47097263157894714,True,True,True,False
GHSTUSDT,2025-09-22 00:00:00,2025-09-22 04:00:00,2025-09-30 00:00:00,1.0888739130434788,True,False,False,False
GHSTUSDT,2025-09-30 12:00:00,2025-09-30 16:00:00,2025-10-01 08:00:00,-1.025761320754717,True,True,True,False
GHSTUSDT,2025-10-05 16:00:00,2025-10-05 20:00:00,2025-10-06 16:00:00,-1.028902538071066,True,True,True,False
GHSTUSDT,2025-10-07 12:00:00,2025-10-07 16:00:00,2025-10-10 20:00:00,1.9887499999999998,True,True,False,False
GHSTUSDT,2025-10-21 20:00:00,2025-10-22 00:00:00,2025-10-26 04:00:00,-1.016408661417323,True,True,True,False
GHSTUSDT,2025-10-30 08:00:00,2025-10-30 12:00:00,2025-11-04 20:00:00,1.986893203883495,True,True,True,False
GHSTUSDT,2025-11-11 20:00:00,2025-11-12 00:00:00,2025-11-19 20:00:00,1.15848181818182,True,True,True,False
GHSTUSDT,2025-11-30 00:00:00,2025-11-30 04:00:00,2025-12-01 00:00:00,1.9794601694915253,True,True,True,False
GHSTUSDT,2025-12-04 12:00:00,2025-12-04 16:00:00,2025-12-12 12:00:00,1.453533783783782,True,True,True,False
GHSTUSDT,2025-12-14 12:00:00,2025-12-14 16:00:00,2025-12-16 20:00:00,-1.0299435294117647,True,True,True,False
GHSTUSDT,2025-12-30 20:00:00,2025-12-31 00:00:00,2026-01-04 00:00:00,-1.0181679389312979,True,True,True,False
GHSTUSDT,2026-01-11 20:00:00,2026-01-12 00:00:00,2026-01-13 20:00:00,-1.021978761061947,True,True,False,False
GHSTUSDT,2026-01-29 00:00:00,2026-01-29 04:00:00,2026-01-31 12:00:00,1.9873071428571427,True,False,True,False
GOATUSDT,2025-01-12 20:00:00,2025-01-13 00:00:00,2025-01-13 16:00:00,1.9886350364963503,True,True,True,False
GOATUSDT,2025-03-06 16:00:00,2025-03-06 20:00:00,2025-03-09 16:00:00,1.9907850746268656,True,True,True,False
GOATUSDT,2025-04-01 16:00:00,2025-04-01 20:00:00,2025-04-06 16:00:00,1.9889525,True,True,True,False
GOATUSDT,2025-05-06 08:00:00,2025-05-06 12:00:00,2025-05-07 20:00:00,-1.0140251121076234,True,False,False,False
GOATUSDT,2025-07-05 16:00:00,2025-07-05 20:00:00,2025-07-09 16:00:00,-1.0194491994177586,True,True,True,False
GOATUSDT,2025-08-29 08:00:00,2025-08-29 12:00:00,2025-09-06 08:00:00,0.1676703470031547,True,True,True,False
GOATUSDT,2025-09-25 08:00:00,2025-09-25 12:00:00,2025-10-02 04:00:00,-1.018076996805112,True,True,True,False
GOATUSDT,2025-10-04 12:00:00,2025-10-04 16:00:00,2025-10-10 20:00:00,1.9901011842105263,True,True,True,False
GOATUSDT,2025-11-16 12:00:00,2025-11-16 16:00:00,2025-11-20 12:00:00,-1.0161385507246379,True,True,True,False
GOATUSDT,2025-12-05 08:00:00,2025-12-05 12:00:00,2025-12-06 20:00:00,-1.0215,True,True,True,False
GOATUSDT,2025-12-14 16:00:00,2025-12-14 20:00:00,2025-12-17 16:00:00,1.9869499999999998,True,True,True,False
GOATUSDT,2025-12-23 12:00:00,2025-12-23 16:00:00,2025-12-29 00:00:00,-1.020165137614679,True,True,True,False
GOATUSDT,2026-01-12 08:00:00,2026-01-12 12:00:00,2026-01-13 16:00:00,-1.0311581395348837,True,False,False,False
GOATUSDT,2026-01-18 20:00:00,2026-01-19 00:00:00,2026-01-25 16:00:00,1.9884267148014438,True,False,False,False
GOATUSDT,2026-01-29 00:00:00,2026-01-29 04:00:00,2026-01-31 12:00:00,1.9864863636363634,True,True,True,False
GOATUSDT,2026-02-11 04:00:00,2026-02-11 08:00:00,2026-02-12 04:00:00,-1.017512426035503,True,True,True,False
GOATUSDT,2026-02-18 12:00:00,2026-02-18 16:00:00,2026-02-23 08:00:00,1.988538674033149,True,True,True,False
GOATUSDT,2026-02-28 04:00:00,2026-02-28 08:00:00,2026-03-04 16:00:00,-1.0156608695652176,True,True,True,False
GOATUSDT,2026-03-08 20:00:00,2026-03-09 00:00:00,2026-03-13 00:00:00,-1.0149808383233534,True,True,True,False
GOATUSDT,2026-03-21 20:00:00,2026-03-22 00:00:00,2026-03-22 16:00:00,1.9700113207547172,True,True,False,False
GOATUSDT,2026-03-26 08:00:00,2026-03-26 12:00:00,2026-03-29 04:00:00,-1.0170992366412215,True,True,False,False
GOATUSDT,2026-04-01 20:00:00,2026-04-02 00:00:00,2026-04-09 20:00:00,-1.018566153846154,True,True,True,False
GOATUSDT,2026-04-12 00:00:00,2026-04-12 04:00:00,2026-04-13 00:00:00,1.987429508196721,True,True,False,False
GOATUSDT,2026-04-25 16:00:00,2026-04-25 20:00:00,2026-04-28 04:00:00,-1.0192352941176472,True,True,False,False
GOATUSDT,2026-05-17 20:00:00,2026-05-18 00:00:00,2026-05-19 04:00:00,-1.0157648484848485,True,False,False,False
GOATUSDT,2026-05-22 16:00:00,2026-05-22 20:00:00,2026-05-30 16:00:00,0.6985208955223868,True,False,False,False
GOATUSDT,2026-06-18 08:00:00,2026-06-18 12:00:00,2026-06-24 16:00:00,1.9843423076923075,True,True,False,False
GOATUSDT,2026-07-13 00:00:00,2026-07-13 04:00:00,2026-07-13 12:00:00,-1.03143,True,True,False,False
GOATUSDT,2026-07-16 20:00:00,2026-07-17 00:00:00,2026-07-24 20:00:00,0.48496404494381906,True,True,False,False
GOATUSDT,2026-07-29 00:00:00,2026-07-29 04:00:00,2026-07-31 04:00:00,-1.016324528301887,True,True,False,False
GOATUSDT,2026-08-12 12:00:00,2026-08-12 16:00:00,2026-08-14 08:00:00,1.9751599999999998,True,False,False,False
GRIFFAINUSDT,2025-07-28 12:00:00,2025-07-28 16:00:00,2025-07-31 20:00:00,1.9878261682242988,True,True,False,False
GRIFFAINUSDT,2025-08-19 16:00:00,2025-08-19 20:00:00,2025-08-22 16:00:00,-1.01784,True,True,False,False
GRIFFAINUSDT,2025-09-25 08:00:00,2025-09-25 12:00:00,2025-10-01 08:00:00,-1.0175758333333336,True,True,True,False
GRIFFAINUSDT,2025-10-04 12:00:00,2025-10-04 16:00:00,2025-10-05 08:00:00,-1.0147725752508363,True,True,True,False
GRIFFAINUSDT,2025-11-19 16:00:00,2025-11-19 20:00:00,2025-11-20 08:00:00,-1.0148708661417325,True,True,True,False
GRIFFAINUSDT,2025-12-14 12:00:00,2025-12-14 16:00:00,2025-12-15 12:00:00,-1.0154089743589745,True,False,True,False
GRIFFAINUSDT,2025-12-22 16:00:00,2025-12-22 20:00:00,2025-12-23 04:00:00,-1.0271397590361446,True,True,True,False
GRIFFAINUSDT,2025-12-29 12:00:00,2025-12-29 16:00:00,2025-12-29 20:00:00,-1.0142348993288592,True,True,True,False
GRIFFAINUSDT,2026-01-14 20:00:00,2026-01-15 00:00:00,2026-01-19 00:00:00,1.9886292682926827,True,False,False,False
GRIFFAINUSDT,2026-01-22 12:00:00,2026-01-22 16:00:00,2026-01-25 16:00:00,1.9874615384615384,True,True,True,False
GRIFFAINUSDT,2026-02-11 04:00:00,2026-02-11 08:00:00,2026-02-12 04:00:00,-1.0203000000000002,True,True,True,False
GRIFFAINUSDT,2026-02-18 12:00:00,2026-02-18 16:00:00,2026-02-22 00:00:00,1.9800534883720928,True,True,True,False
GRIFFAINUSDT,2026-02-23 00:00:00,2026-02-23 04:00:00,2026-02-25 16:00:00,-1.0175969230769233,True,True,True,False
GRIFFAINUSDT,2026-03-19 12:00:00,2026-03-19 16:00:00,2026-03-23 08:00:00,-1.0212948630136989,True,True,False,False
GRIFFAINUSDT,2026-03-31 16:00:00,2026-03-31 20:00:00,2026-03-31 20:00:00,-1.0177682087781734,True,False,True,False
GRIFFAINUSDT,2026-04-26 08:00:00,2026-04-26 12:00:00,2026-04-28 16:00:00,-1.0162884979702302,True,False,False,False
GRIFFAINUSDT,2026-05-16 00:00:00,2026-05-16 04:00:00,2026-05-24 00:00:00,-0.3348515090543255,True,True,False,False
GRIFFAINUSDT,2026-05-26 00:00:00,2026-05-26 04:00:00,2026-06-02 12:00:00,1.9876739622641508,True,True,False,False
GRIFFAINUSDT,2026-06-04 00:00:00,2026-06-04 04:00:00,2026-06-12 00:00:00,0.6752594847775162,True,True,True,False
GRIFFAINUSDT,2026-06-23 04:00:00,2026-06-23 08:00:00,2026-06-25 12:00:00,1.986093705035971,True,True,False,False
GRIFFAINUSDT,2026-07-07 00:00:00,2026-07-07 04:00:00,2026-07-15 00:00:00,1.1735529147982058,True,False,False,False
GRIFFAINUSDT,2026-07-23 16:00:00,2026-07-23 20:00:00,2026-07-31 16:00:00,0.6356215846994535,True,False,False,False
GRIFFAINUSDT,2026-08-18 20:00:00,2026-08-19 00:00:00,2026-08-19 12:00:00,-1.0212610169491527,True,False,False,False
GUAUSDT,2026-01-07 20:00:00,2026-01-08 00:00:00,2026-01-11 00:00:00,-1.0248850539291217,True,False,False,False
GUAUSDT,2026-03-16 12:00:00,2026-03-16 16:00:00,2026-03-20 12:00:00,-1.0142594368340945,True,False,False,False
GUAUSDT,2026-07-24 20:00:00,2026-07-25 00:00:00,2026-08-01 20:00:00,1.0840999999999996,True,True,False,False
GUAUSDT,2026-08-03 12:00:00,2026-08-03 16:00:00,2026-08-05 00:00:00,-1.0175622222222225,True,True,False,False
GUNUSDT,2025-05-17 00:00:00,2025-05-17 04:00:00,2025-05-25 00:00:00,1.2364791666666672,True,False,False,False
GUNUSDT,2025-05-29 16:00:00,2025-05-29 20:00:00,2025-05-30 20:00:00,1.988244537815126,True,True,False,False
GUNUSDT,2025-06-04 04:00:00,2025-06-04 08:00:00,2025-06-11 20:00:00,1.989322222222222,True,True,True,False
GUNUSDT,2025-06-16 20:00:00,2025-06-17 00:00:00,2025-06-22 12:00:00,1.989356,True,True,True,False
GUNUSDT,2025-08-21 08:00:00,2025-08-21 12:00:00,2025-08-23 04:00:00,-1.0206233918128658,True,True,False,False
GUNUSDT,2025-08-29 16:00:00,2025-08-29 20:00:00,2025-09-06 16:00:00,0.6587318918918922,True,True,True,False
GUNUSDT,2025-09-15 12:00:00,2025-09-15 16:00:00,2025-09-17 04:00:00,-1.0153612903225808,True,True,False,False
GUNUSDT,2025-09-19 04:00:00,2025-09-19 08:00:00,2025-09-22 00:00:00,1.9812799999999997,True,True,False,False
GUNUSDT,2025-09-29 16:00:00,2025-09-29 20:00:00,2025-09-30 16:00:00,-1.0268153846153845,True,True,True,False
GUNUSDT,2025-10-09 00:00:00,2025-10-09 04:00:00,2025-10-10 20:00:00,1.988675,True,False,True,False
GUNUSDT,2025-10-21 04:00:00,2025-10-21 08:00:00,2025-10-29 04:00:00,0.8529304347826095,True,True,True,False
GUNUSDT,2025-12-05 16:00:00,2025-12-05 20:00:00,2025-12-08 12:00:00,-1.0150090090090091,True,True,True,False
GUNUSDT,2025-12-23 12:00:00,2025-12-23 16:00:00,2025-12-31 12:00:00,0.24062022471910227,True,True,True,False
GUNUSDT,2026-02-24 12:00:00,2026-02-24 16:00:00,2026-02-24 20:00:00,-1.0158093220338984,True,False,True,False
GUNUSDT,2026-03-01 16:00:00,2026-03-01 20:00:00,2026-03-03 00:00:00,-1.0169138755980862,True,True,True,False
GUNUSDT,2026-03-16 16:00:00,2026-03-16 20:00:00,2026-03-16 20:00:00,-1.0206294117647061,True,True,False,False
GUNUSDT,2026-04-12 16:00:00,2026-04-12 20:00:00,2026-04-17 08:00:00,-1.02035,True,True,False,False
GUNUSDT,2026-04-26 04:00:00,2026-04-26 08:00:00,2026-05-04 04:00:00,0.4124192307692318,True,True,False,False
GUNUSDT,2026-05-12 08:00:00,2026-05-12 12:00:00,2026-05-13 20:00:00,1.982426923076923,True,True,False,False
GUNUSDT,2026-05-17 20:00:00,2026-05-18 00:00:00,2026-05-25 20:00:00,1.5055478260869561,True,True,False,False
GUNUSDT,2026-05-26 12:00:00,2026-05-26 16:00:00,2026-05-26 20:00:00,1.9866679999999999,True,True,False,False
GUNUSDT,2026-06-10 00:00:00,2026-06-10 04:00:00,2026-06-15 08:00:00,-1.022526595744681,True,True,True,False
GUNUSDT,2026-06-22 16:00:00,2026-06-22 20:00:00,2026-06-27 08:00:00,1.9899714285714285,True,True,False,False
GUNUSDT,2026-07-07 16:00:00,2026-07-07 20:00:00,2026-07-10 04:00:00,-1.0168506024096386,True,True,False,False
GUNUSDT,2026-07-13 00:00:00,2026-07-13 04:00:00,2026-07-21 00:00:00,0.7181796363636365,True,True,False,False
GUNUSDT,2026-07-27 04:00:00,2026-07-27 08:00:00,2026-07-29 00:00:00,1.9845359605911328,True,True,False,False
GUNUSDT,2026-08-01 16:00:00,2026-08-01 20:00:00,2026-08-06 12:00:00,-1.020034,True,True,False,False
GUSDT,2024-09-03 16:00:00,2024-09-03 20:00:00,2024-09-11 16:00:00,-0.08677931034482764,True,False,False,True
GUSDT,2024-09-16 00:00:00,2024-09-16 04:00:00,2024-09-19 00:00:00,-1.0199514170040487,True,False,False,True
GUSDT,2024-09-30 08:00:00,2024-09-30 12:00:00,2024-10-01 16:00:00,1.9840612903225805,True,False,False,False
GUSDT,2024-10-08 04:00:00,2024-10-08 08:00:00,2024-10-12 00:00:00,-1.0258377777777776,True,False,False,False
GUSDT,2024-10-21 20:00:00,2024-10-22 00:00:00,2024-10-25 20:00:00,1.9829879310344825,True,True,False,False
GUSDT,2024-11-20 16:00:00,2024-11-20 20:00:00,2024-11-23 12:00:00,-1.0145330960854093,True,True,False,False
GUSDT,2024-12-16 08:00:00,2024-12-16 12:00:00,2024-12-19 00:00:00,1.9888819548872179,True,False,False,False
GUSDT,2025-01-18 04:00:00,2025-01-18 08:00:00,2025-01-26 04:00:00,0.6471108808290178,True,True,True,False
GUSDT,2025-02-18 04:00:00,2025-02-18 08:00:00,2025-02-21 08:00:00,-1.0180727272727275,True,True,True,False
GUSDT,2025-03-03 04:00:00,2025-03-03 08:00:00,2025-03-04 00:00:00,1.987783916083916,True,True,True,False
GUSDT,2025-03-09 08:00:00,2025-03-09 12:00:00,2025-03-17 08:00:00,0.3940071942446032,True,True,True,False
GUSDT,2025-03-26 20:00:00,2025-03-27 00:00:00,2025-03-28 00:00:00,-1.0309493333333333,True,True,True,False
GUSDT,2025-04-02 04:00:00,2025-04-02 08:00:00,2025-04-07 04:00:00,1.9892148760330577,True,True,True,False
GUSDT,2025-04-22 00:00:00,2025-04-22 04:00:00,2025-04-22 20:00:00,-1.0297661538461538,True,True,True,False
GUSDT,2025-05-03 08:00:00,2025-05-03 12:00:00,2025-05-09 04:00:00,-1.021322,True,False,False,False
GUSDT,2025-05-16 20:00:00,2025-05-17 00:00:00,2025-05-23 00:00:00,-1.0238,True,False,False,False
GUSDT,2025-05-24 20:00:00,2025-05-25 00:00:00,2025-05-30 16:00:00,1.98360243902439,True,False,False,False
GUSDT,2025-06-17 08:00:00,2025-06-17 12:00:00,2025-06-22 12:00:00,1.9856719999999999,True,True,True,False
GUSDT,2025-07-07 20:00:00,2025-07-08 00:00:00,2025-07-08 08:00:00,-1.042257894736842,True,True,True,False
GUSDT,2025-07-19 04:00:00,2025-07-19 08:00:00,2025-07-20 12:00:00,-1.0176076923076924,True,False,False,False
GUSDT,2025-07-23 16:00:00,2025-07-23 20:00:00,2025-07-31 16:00:00,1.2919766990291268,True,False,False,False
GUSDT,2025-07-31 20:00:00,2025-08-01 00:00:00,2025-08-08 20:00:00,-0.4271121495327107,True,False,False,False
GUSDT,2025-08-18 04:00:00,2025-08-18 08:00:00,2025-08-26 04:00:00,0.15385977011494364,True,True,False,False
GUSDT,2025-09-01 12:00:00,2025-09-01 16:00:00,2025-09-09 12:00:00,-0.4020674418604638,True,True,True,False
GUSDT,2025-09-15 08:00:00,2025-09-15 12:00:00,2025-09-23 08:00:00,1.0223370370370353,True,True,False,False
GUSDT,2025-09-25 16:00:00,2025-09-25 20:00:00,2025-10-02 04:00:00,-1.0215468750000003,True,True,True,False
GUSDT,2025-10-07 12:00:00,2025-10-07 16:00:00,2025-10-10 20:00:00,1.9846694915254235,True,True,False,False
GUSDT,2025-10-16 20:00:00,2025-10-17 00:00:00,2025-10-24 20:00:00,0.2732493150684931,True,True,True,False
GUSDT,2025-10-29 12:00:00,2025-10-29 16:00:00,2025-11-05 00:00:00,1.9907538350217076,True,True,True,False
GUSDT,2025-11-11 04:00:00,2025-11-11 08:00:00,2025-11-13 16:00:00,1.984643896103896,True,True,True,False
GUSDT,2025-11-19 16:00:00,2025-11-19 20:00:00,2025-11-27 16:00:00,-0.6139341222879681,True,True,True,False
GUSDT,2025-11-29 16:00:00,2025-11-29 20:00:00,2025-12-07 12:00:00,1.977809905660377,True,True,True,False
GUSDT,2025-12-23 04:00:00,2025-12-23 08:00:00,2025-12-28 08:00:00,-1.0325708108108107,True,True,True,False
GUSDT,2026-01-10 12:00:00,2026-01-10 16:00:00,2026-01-18 12:00:00,0.45728942307692594,True,False,False,False
GUSDT,2026-01-20 08:00:00,2026-01-20 12:00:00,2026-01-25 00:00:00,-1.016103703703704,True,True,True,False
GUSDT,2026-01-27 00:00:00,2026-01-27 04:00:00,2026-02-02 00:00:00,1.9906875862068965,True,True,True,False
GUSDT,2026-02-18 12:00:00,2026-02-18 16:00:00,2026-02-23 00:00:00,1.9862034883720927,True,True,True,False
GUSDT,2026-03-04 00:00:00,2026-03-04 04:00:00,2026-03-12 00:00:00,-0.044728497409326926,True,True,True,False
GUSDT,2026-03-22 00:00:00,2026-03-22 04:00:00,2026-03-30 00:00:00,1.1965237288135604,True,False,False,False
GUSDT,2026-04-27 12:00:00,2026-04-27 16:00:00,2026-04-30 00:00:00,-1.0299105882352941,True,False,False,False
GUSDT,2026-05-15 12:00:00,2026-05-15 16:00:00,2026-05-23 12:00:00,0.13416742857142863,True,False,False,False
GUSDT,2026-05-26 12:00:00,2026-05-26 16:00:00,2026-05-30 04:00:00,-1.034868115942029,True,True,False,False
GUSDT,2026-06-04 00:00:00,2026-06-04 04:00:00,2026-06-06 04:00:00,1.9870112676056337,True,True,True,False
GUSDT,2026-06-09 12:00:00,2026-06-09 16:00:00,2026-06-10 00:00:00,-1.0189505154639176,True,True,True,False
GUSDT,2026-06-18 08:00:00,2026-06-18 12:00:00,2026-06-23 12:00:00,-1.0149464000000001,True,True,False,False
GUSDT,2026-07-28 04:00:00,2026-07-28 08:00:00,2026-08-01 08:00:00,-1.0178528000000002,True,False,False,False
GWEIUSDT,2026-04-25 08:00:00,2026-04-25 12:00:00,2026-04-26 12:00:00,-1.0141195833333334,True,False,False,False
HAEDALUSDT,2025-05-24 20:00:00,2025-05-25 00:00:00,2025-05-27 12:00:00,-1.022884185068349,True,False,False,False
HAEDALUSDT,2025-06-04 08:00:00,2025-06-04 12:00:00,2025-06-12 08:00:00,1.111228462273162,True,False,True,False
HAEDALUSDT,2025-06-26 12:00:00,2025-06-26 16:00:00,2025-07-04 12:00:00,-0.1448732528908995,True,True,True,False
HAEDALUSDT,2025-07-05 20:00:00,2025-07-06 00:00:00,2025-07-06 20:00:00,-1.0344540145985401,True,True,True,False
HAEDALUSDT,2025-08-18 04:00:00,2025-08-18 08:00:00,2025-08-23 20:00:00,-1.0176229485396384,True,True,False,False
HAEDALUSDT,2025-09-28 08:00:00,2025-09-28 12:00:00,2025-09-28 20:00:00,-1.0214320777642771,True,True,True,False
HAEDALUSDT,2025-10-09 08:00:00,2025-10-09 12:00:00,2025-10-10 20:00:00,1.9862590047393363,True,True,True,False
HAEDALUSDT,2025-11-17 16:00:00,2025-11-17 20:00:00,2025-11-20 04:00:00,-1.0167435700575818,True,True,True,False
HAEDALUSDT,2025-11-28 20:00:00,2025-11-29 00:00:00,2025-12-01 00:00:00,1.9845718023255812,True,True,True,False
HAEDALUSDT,2025-12-10 08:00:00,2025-12-10 12:00:00,2025-12-15 12:00:00,1.9890434782608695,True,True,True,False
HAEDALUSDT,2025-12-17 04:00:00,2025-12-17 08:00:00,2025-12-18 04:00:00,1.9825024271844658,True,True,True,False
HAEDALUSDT,2026-01-08 00:00:00,2026-01-08 04:00:00,2026-01-09 04:00:00,-1.021777777777778,True,True,False,False
HAEDALUSDT,2026-01-25 16:00:00,2026-01-25 20:00:00,2026-01-29 12:00:00,1.988771704180064,True,True,True,False
HAEDALUSDT,2026-02-05 04:00:00,2026-02-05 08:00:00,2026-02-13 04:00:00,0.23080226415094393,True,True,True,False
HAEDALUSDT,2026-02-23 00:00:00,2026-02-23 04:00:00,2026-03-03 00:00:00,0.5829350210970453,True,True,True,False
HAEDALUSDT,2026-04-04 04:00:00,2026-04-04 08:00:00,2026-04-12 04:00:00,0.2847863636363633,True,False,False,False
HAEDALUSDT,2026-04-29 00:00:00,2026-04-29 04:00:00,2026-05-07 00:00:00,-0.44602341137123674,True,False,False,False
HAEDALUSDT,2026-05-19 08:00:00,2026-05-19 12:00:00,2026-05-27 08:00:00,0.32354044117647085,True,True,False,False
HAEDALUSDT,2026-06-02 04:00:00,2026-06-02 08:00:00,2026-06-03 08:00:00,-1.0287212121212121,True,True,False,False
HAEDALUSDT,2026-06-18 04:00:00,2026-06-18 08:00:00,2026-06-24 16:00:00,1.9886183673469386,True,True,False,False
HAEDALUSDT,2026-06-28 20:00:00,2026-06-29 00:00:00,2026-06-29 04:00:00,-1.0323029411764706,True,True,True,False
HAEDALUSDT,2026-07-08 08:00:00,2026-07-08 12:00:00,2026-07-16 08:00:00,0.1830237037037032,True,True,False,False
HAEDALUSDT,2026-07-18 04:00:00,2026-07-18 08:00:00,2026-07-20 20:00:00,-1.0140274509803924,True,True,False,False
HAEDALUSDT,2026-07-24 12:00:00,2026-07-24 16:00:00,2026-08-01 12:00:00,0.14992605042016852,True,True,False,False
HANAUSDT,2025-11-29 20:00:00,2025-11-30 00:00:00,2025-12-01 04:00:00,1.9903189189189188,True,True,True,False
HANAUSDT,2026-01-07 20:00:00,2026-01-08 00:00:00,2026-01-14 12:00:00,-1.015668686868687,True,True,False,False
HANAUSDT,2026-01-18 12:00:00,2026-01-18 16:00:00,2026-01-19 00:00:00,1.9900198019801978,True,False,False,False
HANAUSDT,2026-03-02 20:00:00,2026-03-03 00:00:00,2026-03-06 12:00:00,-1.0194962962962966,True,False,True,False
HANAUSDT,2026-03-30 00:00:00,2026-03-30 04:00:00,2026-04-07 00:00:00,-0.10091683673469387,True,False,True,False
HANAUSDT,2026-04-08 00:00:00,2026-04-08 04:00:00,2026-04-12 08:00:00,-1.0211064000000003,True,True,False,False
HANAUSDT,2026-05-04 16:00:00,2026-05-04 20:00:00,2026-05-05 12:00:00,-1.0192171875000002,True,True,False,False
HANAUSDT,2026-05-13 12:00:00,2026-05-13 16:00:00,2026-05-17 00:00:00,-1.0232757990867578,True,True,False,False
HANAUSDT,2026-05-27 20:00:00,2026-05-28 00:00:00,2026-06-04 12:00:00,-1.0178756097560977,True,True,False,False
HANAUSDT,2026-06-09 12:00:00,2026-06-09 16:00:00,2026-06-11 12:00:00,-1.0228843243243244,True,True,True,False
HANAUSDT,2026-06-25 12:00:00,2026-06-25 16:00:00,2026-07-01 04:00:00,-1.0168847133757963,True,False,True,False
HANAUSDT,2026-07-06 00:00:00,2026-07-06 04:00:00,2026-07-07 12:00:00,-1.0298955056179775,True,False,False,False
HANAUSDT,2026-07-14 04:00:00,2026-07-14 08:00:00,2026-07-20 08:00:00,-1.0169395498392284,True,False,False,False
HANAUSDT,2026-08-17 04:00:00,2026-08-17 08:00:00,2026-08-18 08:00:00,1.9891900735294117,True,True,False,False
HDUSDT,2026-05-26 12:00:00,2026-05-26 16:00:00,2026-05-27 12:00:00,-1.0586694594594597,True,False,False,False
HDUSDT,2026-05-30 16:00:00,2026-05-30 20:00:00,2026-05-31 12:00:00,-1.0467290870488324,True,False,True,False
HDUSDT,2026-06-01 12:00:00,2026-06-01 16:00:00,2026-06-09 12:00:00,-0.7516961821835232,True,False,False,False
HDUSDT,2026-06-23 00:00:00,2026-06-23 04:00:00,2026-06-24 16:00:00,-1.0281240615384615,True,False,False,False
HDUSDT,2026-07-06 12:00:00,2026-07-06 16:00:00,2026-07-08 12:00:00,1.969016945812808,True,False,False,False
HDUSDT,2026-07-13 12:00:00,2026-07-13 16:00:00,2026-07-15 12:00:00,-1.0694881057268721,True,False,False,False
HDUSDT,2026-07-17 16:00:00,2026-07-17 20:00:00,2026-07-25 16:00:00,0.2654832339297565,True,False,False,False
HDUSDT,2026-07-30 12:00:00,2026-07-30 16:00:00,2026-08-04 16:00:00,-1.027772093023256,True,True,False,False
HDUSDT,2026-08-12 12:00:00,2026-08-12 16:00:00,2026-08-20 12:00:00,0.6226962368908058,True,False,False,False
HEIUSDT,2025-03-01 08:00:00,2025-03-01 12:00:00,2025-03-03 12:00:00,-1.0146448484848487,True,False,True,False
HEIUSDT,2025-04-05 12:00:00,2025-04-05 16:00:00,2025-04-06 16:00:00,1.988508494208494,True,True,True,False
HEIUSDT,2025-05-06 08:00:00,2025-05-06 12:00:00,2025-05-08 12:00:00,-1.0176661478599223,True,True,False,False
HEIUSDT,2025-06-05 16:00:00,2025-06-05 20:00:00,2025-06-12 20:00:00,-1.0190400000000002,True,True,True,False
HEIUSDT,2025-06-16 20:00:00,2025-06-17 00:00:00,2025-06-22 12:00:00,1.9834644067796607,True,True,True,False
HEIUSDT,2025-06-28 00:00:00,2025-06-28 04:00:00,2025-06-28 12:00:00,1.965641891891892,True,True,True,False
HEIUSDT,2025-07-06 00:00:00,2025-07-06 04:00:00,2025-07-09 16:00:00,-1.0318379310344827,True,True,True,False
HEIUSDT,2025-08-14 04:00:00,2025-08-14 08:00:00,2025-08-22 04:00:00,1.376868224299068,True,False,False,False
HEIUSDT,2025-08-25 12:00:00,2025-08-25 16:00:00,2025-09-01 04:00:00,1.9880869822485205,True,False,False,False
HEIUSDT,2025-09-06 16:00:00,2025-09-06 20:00:00,2025-09-07 08:00:00,-1.0270622641509433,True,True,True,False
HEIUSDT,2025-09-19 08:00:00,2025-09-19 12:00:00,2025-09-19 16:00:00,-1.0296284210526316,True,True,False,False
HEIUSDT,2025-10-09 08:00:00,2025-10-09 12:00:00,2025-10-10 16:00:00,1.9751793388429748,True,True,True,False
HEIUSDT,2025-10-27 12:00:00,2025-10-27 16:00:00,2025-10-31 08:00:00,-1.0257140624999999,True,True,True,False
HEIUSDT,2025-11-04 12:00:00,2025-11-04 16:00:00,2025-11-12 12:00:00,0.08883584905660416,True,True,True,False
HEIUSDT,2025-11-27 20:00:00,2025-11-28 00:00:00,2025-11-30 12:00:00,-1.0300708333333333,True,True,True,False
HEIUSDT,2025-12-10 00:00:00,2025-12-10 04:00:00,2025-12-17 16:00:00,1.9855682352941175,True,True,True,False
HEIUSDT,2026-02-05 00:00:00,2026-02-05 04:00:00,2026-02-06 00:00:00,1.9890792682926828,True,True,True,False
HEIUSDT,2026-02-08 12:00:00,2026-02-08 16:00:00,2026-02-16 12:00:00,-0.04532244897959241,True,True,True,False
HEIUSDT,2026-02-18 08:00:00,2026-02-18 12:00:00,2026-02-23 00:00:00,1.9751483870967739,True,True,True,False
HEIUSDT,2026-03-08 00:00:00,2026-03-08 04:00:00,2026-03-11 16:00:00,-1.015345508982036,True,True,True,False
HEIUSDT,2026-03-20 16:00:00,2026-03-20 20:00:00,2026-03-25 00:00:00,-1.027334916864608,True,True,True,False
HEIUSDT,2026-04-15 12:00:00,2026-04-15 16:00:00,2026-04-17 20:00:00,-1.0201542662116043,True,False,False,False
HEIUSDT,2026-04-22 20:00:00,2026-04-23 00:00:00,2026-04-30 20:00:00,0.701762308998302,True,False,False,False
HEIUSDT,2026-05-11 12:00:00,2026-05-11 16:00:00,2026-05-12 16:00:00,-1.029591962174941,True,False,False,False
HEIUSDT,2026-05-15 12:00:00,2026-05-15 16:00:00,2026-05-22 08:00:00,1.9886698630136985,True,False,False,False
HEIUSDT,2026-07-30 20:00:00,2026-07-31 00:00:00,2026-08-01 16:00:00,-1.0182822185970637,True,True,False,False
HEMIUSDT,2025-12-10 20:00:00,2025-12-11 00:00:00,2025-12-18 04:00:00,-1.0152962962962964,True,True,True,False
HEMIUSDT,2026-01-10 20:00:00,2026-01-11 00:00:00,2026-01-18 20:00:00,1.1220514705882347,True,False,False,False
HEMIUSDT,2026-01-31 08:00:00,2026-01-31 12:00:00,2026-01-31 16:00:00,1.9893542857142856,True,True,True,False
HEMIUSDT,2026-02-03 20:00:00,2026-02-04 00:00:00,2026-02-06 16:00:00,-1.0144490566037736,True,True,True,False
HEMIUSDT,2026-02-11 04:00:00,2026-02-11 08:00:00,2026-02-11 08:00:00,-1.0343155555555554,True,True,True,False
HEMIUSDT,2026-02-12 12:00:00,2026-02-12 16:00:00,2026-02-20 12:00:00,1.0180609756097567,True,True,True,False
HEMIUSDT,2026-02-24 20:00:00,2026-02-25 00:00:00,2026-02-25 16:00:00,-1.0143744186046513,True,True,True,False
HEMIUSDT,2026-03-04 00:00:00,2026-03-04 04:00:00,2026-03-08 00:00:00,1.986153846153846,True,True,True,False
HEMIUSDT,2026-03-21 20:00:00,2026-03-22 00:00:00,2026-03-25 00:00:00,1.9795053124999997,True,True,False,False
HEMIUSDT,2026-04-29 12:00:00,2026-04-29 16:00:00,2026-05-04 04:00:00,-1.0207734892787526,True,False,False,False
HEMIUSDT,2026-05-07 00:00:00,2026-05-07 04:00:00,2026-05-07 16:00:00,-1.0177049069373945,True,False,False,False
HEMIUSDT,2026-06-04 04:00:00,2026-06-04 08:00:00,2026-06-09 12:00:00,1.9907400667779631,True,True,True,False
HEMIUSDT,2026-06-15 20:00:00,2026-06-16 00:00:00,2026-06-23 20:00:00,1.2247553470919317,True,True,True,False
HEMIUSDT,2026-06-28 16:00:00,2026-06-28 20:00:00,2026-07-01 16:00:00,-1.0257425,True,True,True,False
HEMIUSDT,2026-07-05 00:00:00,2026-07-05 04:00:00,2026-07-06 20:00:00,-1.0156671497584542,True,True,False,False
HFTUSDT,2024-09-30 20:00:00,2024-10-01 00:00:00,2024-10-08 20:00:00,0.8360191505791476,True,False,False,False
HFTUSDT,2024-10-09 20:00:00,2024-10-10 00:00:00,2024-10-12 20:00:00,-1.0143431670281997,True,False,False,False
HFTUSDT,2024-10-16 04:00:00,2024-10-16 08:00:00,2024-10-24 04:00:00,0.09228337988826843,True,False,False,False
HFTUSDT,2025-01-01 04:00:00,2025-01-01 08:00:00,2025-01-02 08:00:00,-1.015173223140496,True,True,True,False
HFTUSDT,2025-01-13 04:00:00,2025-01-13 08:00:00,2025-01-15 16:00:00,-1.0152813118811883,True,True,True,False
HFTUSDT,2025-02-01 12:00:00,2025-02-01 16:00:00,2025-02-02 16:00:00,1.9849083995459702,True,True,True,False
HFTUSDT,2025-02-28 00:00:00,2025-02-28 04:00:00,2025-03-02 16:00:00,-1.0145745364647714,True,True,True,False
HFTUSDT,2025-03-28 00:00:00,2025-03-28 04:00:00,2025-03-29 16:00:00,1.987524309392265,True,True,True,False
HFTUSDT,2025-03-31 16:00:00,2025-03-31 20:00:00,2025-04-02 20:00:00,1.9877449339207047,True,True,True,False
HFTUSDT,2025-04-13 16:00:00,2025-04-13 20:00:00,2025-04-19 12:00:00,-1.014840562248996,True,True,True,False
HFTUSDT,2025-04-29 20:00:00,2025-04-30 00:00:00,2025-05-07 20:00:00,0.9706067073170737,True,False,False,False
HFTUSDT,2025-05-16 20:00:00,2025-05-17 00:00:00,2025-05-22 08:00:00,-1.0141865410497983,True,False,False,False
HFTUSDT,2025-05-28 12:00:00,2025-05-28 16:00:00,2025-05-30 20:00:00,1.9885675675675674,True,False,False,False
HFTUSDT,2025-07-10 12:00:00,2025-07-10 16:00:00,2025-07-11 00:00:00,-1.0144278728606357,True,False,True,False
HFTUSDT,2025-07-19 12:00:00,2025-07-19 16:00:00,2025-07-20 16:00:00,-1.015642074927954,True,False,False,False
HFTUSDT,2025-08-05 16:00:00,2025-08-05 20:00:00,2025-08-06 12:00:00,-1.0177907692307695,True,True,False,False
HFTUSDT,2025-08-14 08:00:00,2025-08-14 12:00:00,2025-08-22 08:00:00,1.059771498172961,True,False,False,False
HFTUSDT,2025-09-15 04:00:00,2025-09-15 08:00:00,2025-09-23 04:00:00,1.2426718181818177,True,False,False,False
HFTUSDT,2025-09-30 00:00:00,2025-09-30 04:00:00,2025-10-01 16:00:00,-1.0196488372093024,True,True,True,False
HFTUSDT,2025-10-05 16:00:00,2025-10-05 20:00:00,2025-10-07 00:00:00,-1.016047191011236,True,True,True,False
HFTUSDT,2025-10-09 12:00:00,2025-10-09 16:00:00,2025-10-10 12:00:00,-1.0168701208981004,True,True,True,False
HFTUSDT,2025-10-16 12:00:00,2025-10-16 16:00:00,2025-10-24 12:00:00,0.9466325233644856,True,True,True,False
HFTUSDT,2025-11-11 20:00:00,2025-11-12 00:00:00,2025-11-17 16:00:00,1.9890743016759775,True,True,True,False
HFTUSDT,2025-12-11 00:00:00,2025-12-11 04:00:00,2025-12-18 16:00:00,1.990595737704918,True,True,True,False
HFTUSDT,2026-01-09 08:00:00,2026-01-09 12:00:00,2026-01-10 16:00:00,-1.014423943661972,True,True,False,False
HFTUSDT,2026-01-28 20:00:00,2026-01-29 00:00:00,2026-01-29 12:00:00,1.9806304347826085,True,True,True,False
HFTUSDT,2026-02-11 04:00:00,2026-02-11 08:00:00,2026-02-12 04:00:00,-1.0165573333333335,True,True,True,False
HFTUSDT,2026-02-15 12:00:00,2026-02-15 16:00:00,2026-02-22 16:00:00,1.9880399999999998,True,True,True,False
HFTUSDT,2026-03-11 00:00:00,2026-03-11 04:00:00,2026-03-11 12:00:00,-1.0162693548387098,True,True,True,False
HFTUSDT,2026-03-19 00:00:00,2026-03-19 04:00:00,2026-03-27 00:00:00,1.2929793650793646,True,True,False,False
HFTUSDT,2026-03-28 00:00:00,2026-03-28 04:00:00,2026-03-31 08:00:00,-1.0165094339622642,True,True,True,False
HFTUSDT,2026-04-12 20:00:00,2026-04-13 00:00:00,2026-04-16 12:00:00,-1.014688888888889,True,True,False,False
HFTUSDT,2026-04-20 04:00:00,2026-04-20 08:00:00,2026-04-24 16:00:00,-1.018798181818182,True,False,False,False
HFTUSDT,2026-06-09 12:00:00,2026-06-09 16:00:00,2026-06-12 00:00:00,-1.0141768421052633,True,True,True,False
HFTUSDT,2026-06-18 04:00:00,2026-06-18 08:00:00,2026-06-20 20:00:00,-1.0187894736842107,True,True,False,False
HFTUSDT,2026-06-23 04:00:00,2026-06-23 08:00:00,2026-06-24 16:00:00,1.9867045454545453,True,True,False,False
HFTUSDT,2026-06-30 08:00:00,2026-06-30 12:00:00,2026-07-01 16:00:00,-1.0242666666666667,True,True,True,False
HFTUSDT,2026-07-13 00:00:00,2026-07-13 04:00:00,2026-07-14 12:00:00,-1.0192444444444446,True,True,False,False
HFTUSDT,2026-07-16 20:00:00,2026-07-17 00:00:00,2026-07-20 16:00:00,-1.0238,True,True,False,False
HIFIUSDT,2024-09-16 12:00:00,2024-09-16 16:00:00,2024-09-19 08:00:00,-1.0173483679525224,True,False,False,True
HIFIUSDT,2024-10-02 16:00:00,2024-10-02 20:00:00,2024-10-05 04:00:00,-1.0140572727272728,True,False,False,False
HIFIUSDT,2024-10-10 16:00:00,2024-10-10 20:00:00,2024-10-11 04:00:00,-1.0281850220264317,True,False,False,False
HIFIUSDT,2024-10-17 08:00:00,2024-10-17 12:00:00,2024-10-18 08:00:00,-1.0185849056603775,True,False,False,False
HIFIUSDT,2024-10-23 08:00:00,2024-10-23 12:00:00,2024-10-25 20:00:00,1.9854398773006134,True,False,False,False
HIFIUSDT,2024-11-03 00:00:00,2024-11-03 04:00:00,2024-11-06 20:00:00,-1.014210478359909,True,True,True,False
HIFIUSDT,2024-12-02 08:00:00,2024-12-02 12:00:00,2024-12-03 00:00:00,-1.0152194267515924,True,False,False,False
HIFIUSDT,2024-12-17 12:00:00,2024-12-17 16:00:00,2024-12-19 00:00:00,1.9892601178781923,True,False,False,False
HIFIUSDT,2025-01-01 08:00:00,2025-01-01 12:00:00,2025-01-02 08:00:00,-1.0239796052631578,True,True,True,False
HIFIUSDT,2025-01-18 04:00:00,2025-01-18 08:00:00,2025-01-26 04:00:00,0.21335884773662536,True,True,True,False
HIFIUSDT,2025-02-16 00:00:00,2025-02-16 04:00:00,2025-02-16 08:00:00,-1.0237666666666667,True,True,True,False
HIFIUSDT,2025-02-24 12:00:00,2025-02-24 16:00:00,2025-03-04 12:00:00,1.6772693975903616,True,True,True,False
HIFIUSDT,2025-03-09 08:00:00,2025-03-09 12:00:00,2025-03-17 08:00:00,-0.0914171779141089,True,True,True,False
HIFIUSDT,2025-03-23 12:00:00,2025-03-23 16:00:00,2025-03-25 00:00:00,-1.0293818181818182,True,True,True,False
HIFIUSDT,2025-03-28 00:00:00,2025-03-28 04:00:00,2025-03-28 12:00:00,1.9859521739130432,True,True,True,False
HIFIUSDT,2025-08-01 04:00:00,2025-08-01 08:00:00,2025-08-09 00:00:00,-1.0178786885245903,True,True,False,False
HIFIUSDT,2025-09-08 04:00:00,2025-09-08 08:00:00,2025-09-09 08:00:00,1.9885705636743214,True,True,True,False
HIGHUSDT,2024-09-15 20:00:00,2024-09-16 00:00:00,2024-09-18 20:00:00,-1.0212963139120097,True,False,False,True
HIGHUSDT,2024-09-22 12:00:00,2024-09-22 16:00:00,2024-09-23 20:00:00,-1.0302278846153845,True,False,False,False
HIGHUSDT,2024-10-09 16:00:00,2024-10-09 20:00:00,2024-10-12 00:00:00,-1.0264534142640365,True,False,False,False
HIGHUSDT,2024-10-17 04:00:00,2024-10-17 08:00:00,2024-10-20 04:00:00,-1.019480341880342,True,False,False,False
HIGHUSDT,2024-11-20 00:00:00,2024-11-20 04:00:00,2024-11-23 04:00:00,-1.0144159039759941,True,False,False,False
HIGHUSDT,2024-12-14 12:00:00,2024-12-14 16:00:00,2024-12-18 20:00:00,1.9890446084724003,True,False,False,False
HIGHUSDT,2025-01-27 00:00:00,2025-01-27 04:00:00,2025-01-31 12:00:00,-1.0200620174346204,True,True,True,False
HIGHUSDT,2025-02-28 00:00:00,2025-02-28 04:00:00,2025-03-02 20:00:00,-1.0143582608695654,True,True,True,False
HIGHUSDT,2025-03-26 12:00:00,2025-03-26 16:00:00,2025-03-28 08:00:00,1.9838244565217389,True,True,True,False
HIGHUSDT,2025-04-02 00:00:00,2025-04-02 04:00:00,2025-04-03 08:00:00,1.9862044378698223,True,True,True,False
HIGHUSDT,2025-04-05 00:00:00,2025-04-05 04:00:00,2025-04-07 04:00:00,1.9908892938496583,True,True,True,False
HIGHUSDT,2025-04-15 16:00:00,2025-04-15 20:00:00,2025-04-19 00:00:00,-1.0173202702702704,True,True,True,False
HIGHUSDT,2025-05-25 08:00:00,2025-05-25 12:00:00,2025-05-26 00:00:00,-1.0242613636363636,True,False,False,False
HIGHUSDT,2025-05-29 20:00:00,2025-05-30 00:00:00,2025-05-30 20:00:00,1.9854499999999997,True,False,False,False
HIGHUSDT,2025-06-17 20:00:00,2025-06-18 00:00:00,2025-06-25 20:00:00,0.31898161925601737,True,True,True,False
HIGHUSDT,2025-07-23 16:00:00,2025-07-23 20:00:00,2025-07-31 16:00:00,1.277351394422309,True,False,False,False
HIGHUSDT,2025-08-01 04:00:00,2025-08-01 08:00:00,2025-08-09 00:00:00,-1.0140551594746718,True,True,False,False
HIGHUSDT,2025-08-29 16:00:00,2025-08-29 20:00:00,2025-09-06 16:00:00,0.2825596741344212,True,True,True,False
HIGHUSDT,2025-09-25 04:00:00,2025-09-25 08:00:00,2025-10-03 04:00:00,-0.6438465949820773,True,True,True,False
HIGHUSDT,2025-10-04 12:00:00,2025-10-04 16:00:00,2025-10-10 20:00:00,1.9859798701298699,True,True,True,False
HIGHUSDT,2025-10-28 16:00:00,2025-10-28 20:00:00,2025-11-04 16:00:00,1.9907031249999998,True,True,True,False
HIGHUSDT,2025-11-16 16:00:00,2025-11-16 20:00:00,2025-11-21 04:00:00,1.9881589189189188,True,True,True,False
HIGHUSDT,2025-11-29 16:00:00,2025-11-29 20:00:00,2025-11-30 20:00:00,-1.0322134615384615,True,True,True,False
HIGHUSDT,2025-12-12 12:00:00,2025-12-12 16:00:00,2025-12-17 16:00:00,1.984433333333333,True,True,True,False
HIGHUSDT,2026-01-08 08:00:00,2026-01-08 12:00:00,2026-01-15 20:00:00,-1.0149019230769232,True,True,False,False
HIGHUSDT,2026-01-29 00:00:00,2026-01-29 04:00:00,2026-01-31 12:00:00,1.9833584905660375,True,True,True,False
HIGHUSDT,2026-02-05 08:00:00,2026-02-05 12:00:00,2026-02-12 00:00:00,-1.0144761904761905,True,True,True,False
HIGHUSDT,2026-02-18 16:00:00,2026-02-18 20:00:00,2026-02-20 12:00:00,-1.0232045977011495,True,True,True,False
HIGHUSDT,2026-02-28 04:00:00,2026-02-28 08:00:00,2026-03-04 12:00:00,-1.0145578125,True,True,True,False
HIGHUSDT,2026-03-06 20:00:00,2026-03-07 00:00:00,2026-03-11 08:00:00,-1.018001886792453,True,True,True,False
HIGHUSDT,2026-03-20 12:00:00,2026-03-20 16:00:00,2026-03-22 16:00:00,1.968776923076923,True,True,True,False
HIGHUSDT,2026-03-26 08:00:00,2026-03-26 12:00:00,2026-04-03 08:00:00,-0.6440808080808097,True,True,False,False
HIGHUSDT,2026-04-07 08:00:00,2026-04-07 12:00:00,2026-04-07 20:00:00,-1.0204808988764047,True,True,False,False
HIGHUSDT,2026-04-10 04:00:00,2026-04-10 08:00:00,2026-04-14 00:00:00,1.9812999999999998,True,True,False,False
HIGHUSDT,2026-04-16 12:00:00,2026-04-16 16:00:00,2026-04-17 04:00:00,-1.0243333333333333,True,True,False,False
HIGHUSDT,2026-05-22 00:00:00,2026-05-22 04:00:00,2026-05-22 08:00:00,-1.0178300000000002,True,True,False,False
HIGHUSDT,2026-05-24 20:00:00,2026-05-25 00:00:00,2026-05-26 08:00:00,1.9861583333333332,True,True,False,False
HIPPOUSDT,2024-12-17 20:00:00,2024-12-18 00:00:00,2024-12-19 04:00:00,-1.0183076923076926,True,False,False,False
HIPPOUSDT,2025-01-01 08:00:00,2025-01-01 12:00:00,2025-01-02 00:00:00,-1.0187223880597016,True,False,True,False
HIPPOUSDT,2025-01-26 04:00:00,2025-01-26 08:00:00,2025-01-27 20:00:00,-1.0194857142857146,True,True,True,False
HIPPOUSDT,2025-02-05 20:00:00,2025-02-06 00:00:00,2025-02-09 00:00:00,-1.0165951219512197,True,True,True,False
HIPPOUSDT,2025-02-16 16:00:00,2025-02-16 20:00:00,2025-02-24 16:00:00,1.540342222222223,True,True,True,False
HIPPOUSDT,2025-03-07 20:00:00,2025-03-08 00:00:00,2025-03-09 00:00:00,-1.0392,True,True,True,False
HIPPOUSDT,2025-03-13 12:00:00,2025-03-13 16:00:00,2025-03-21 12:00:00,-0.3981999999999969,True,True,True,False
HIPPOUSDT,2025-03-27 08:00:00,2025-03-27 12:00:00,2025-04-01 08:00:00,1.9884909090909089,True,True,True,False
HIPPOUSDT,2025-08-05 12:00:00,2025-08-05 16:00:00,2025-08-06 20:00:00,-1.0144224852071007,True,True,False,False
HIPPOUSDT,2025-08-19 00:00:00,2025-08-19 04:00:00,2025-08-22 16:00:00,-1.0146348837209302,True,True,False,False
HIPPOUSDT,2025-08-29 04:00:00,2025-08-29 08:00:00,2025-09-03 00:00:00,-1.0242958333333334,True,True,True,False
HIPPOUSDT,2025-09-15 08:00:00,2025-09-15 12:00:00,2025-09-15 16:00:00,-1.0158988505747129,True,False,False,False
HIPPOUSDT,2025-11-20 16:00:00,2025-11-20 20:00:00,2025-11-21 04:00:00,1.9873999999999998,True,True,True,False
HIPPOUSDT,2025-12-10 20:00:00,2025-12-11 00:00:00,2025-12-18 04:00:00,1.9889096774193546,True,True,True,False
HIPPOUSDT,2026-01-15 00:00:00,2026-01-15 04:00:00,2026-01-19 00:00:00,1.9883101123595504,True,False,False,False
HIPPOUSDT,2026-01-28 12:00:00,2026-01-28 16:00:00,2026-01-29 12:00:00,1.9806090909090908,True,True,True,False
HIPPOUSDT,2026-02-18 16:00:00,2026-02-18 20:00:00,2026-02-26 16:00:00,1.471356653992396,True,True,True,False
HIPPOUSDT,2026-03-18 08:00:00,2026-03-18 12:00:00,2026-03-25 04:00:00,-1.0146187713310582,True,True,False,False
HIPPOUSDT,2026-04-02 00:00:00,2026-04-02 04:00:00,2026-04-03 12:00:00,1.9894641083521443,True,True,False,False
HIVEUSDT,2025-02-01 12:00:00,2025-02-01 16:00:00,2025-02-02 20:00:00,1.990321339950372,True,False,True,False
HIVEUSDT,2025-02-24 12:00:00,2025-02-24 16:00:00,2025-03-04 00:00:00,1.9907656976744186,True,True,True,False
HIVEUSDT,2025-03-21 08:00:00,2025-03-21 12:00:00,2025-03-25 00:00:00,-1.0245088082901554,True,True,True,False
HIVEUSDT,2025-03-27 08:00:00,2025-03-27 12:00:00,2025-03-31 08:00:00,1.9836157427937913,True,True,True,False
HIVEUSDT,2025-04-16 04:00:00,2025-04-16 08:00:00,2025-04-16 20:00:00,-1.026638956521739,True,True,True,False
HIVEUSDT,2025-05-06 08:00:00,2025-05-06 12:00:00,2025-05-08 16:00:00,-1.0216967398536263,True,False,False,False
HIVEUSDT,2025-05-19 04:00:00,2025-05-19 08:00:00,2025-05-22 16:00:00,-1.01451306156406,True,False,False,False
HIVEUSDT,2025-05-25 00:00:00,2025-05-25 04:00:00,2025-05-28 20:00:00,-1.0418044600938967,True,False,False,False
HIVEUSDT,2025-05-29 16:00:00,2025-05-29 20:00:00,2025-05-30 20:00:00,1.9834109510086453,True,False,False,False
HIVEUSDT,2025-06-12 08:00:00,2025-06-12 12:00:00,2025-06-20 08:00:00,1.2833958613554075,True,True,True,False
HIVEUSDT,2025-06-21 16:00:00,2025-06-21 20:00:00,2025-06-24 04:00:00,-1.0206266666666668,True,True,True,False
HIVEUSDT,2025-07-01 12:00:00,2025-07-01 16:00:00,2025-07-02 12:00:00,-1.0232583333333332,True,True,True,False
HIVEUSDT,2025-07-29 00:00:00,2025-07-29 04:00:00,2025-08-06 00:00:00,1.0921945251396645,True,False,False,False
HIVEUSDT,2025-08-18 00:00:00,2025-08-18 04:00:00,2025-08-26 00:00:00,0.7269328502415463,True,True,False,False
HIVEUSDT,2025-09-01 00:00:00,2025-09-01 04:00:00,2025-09-08 12:00:00,-1.0327546856465004,True,True,True,False
HIVEUSDT,2025-09-15 08:00:00,2025-09-15 12:00:00,2025-09-23 08:00:00,1.396287304075236,True,True,False,False
HIVEUSDT,2025-09-25 04:00:00,2025-09-25 08:00:00,2025-10-02 00:00:00,-1.0271717041800643,True,True,True,False
HIVEUSDT,2025-10-05 16:00:00,2025-10-05 20:00:00,2025-10-06 12:00:00,-1.0407168503937008,True,True,True,False
HIVEUSDT,2025-10-07 12:00:00,2025-10-07 16:00:00,2025-10-10 20:00:00,1.9826409663865543,True,True,False,False
HIVEUSDT,2025-10-22 16:00:00,2025-10-22 20:00:00,2025-10-30 16:00:00,1.424318074477749,True,True,True,False
HIVEUSDT,2025-12-05 12:00:00,2025-12-05 16:00:00,2025-12-13 12:00:00,0.6204049217002218,True,True,True,False
HIVEUSDT,2025-12-14 20:00:00,2025-12-15 00:00:00,2025-12-17 16:00:00,1.981599584199584,True,True,True,False
HIVEUSDT,2025-12-26 04:00:00,2025-12-26 08:00:00,2025-12-27 12:00:00,-1.0368326530612244,True,True,True,False
HIVEUSDT,2026-01-12 04:00:00,2026-01-12 08:00:00,2026-01-20 04:00:00,0.7760433017591326,True,False,False,False
HIVEUSDT,2026-01-20 16:00:00,2026-01-20 20:00:00,2026-01-28 16:00:00,0.21608687150838005,True,True,True,False
HIVEUSDT,2026-01-29 00:00:00,2026-01-29 04:00:00,2026-01-31 12:00:00,1.9807023752969117,True,True,True,False
HIVEUSDT,2026-02-05 04:00:00,2026-02-05 08:00:00,2026-02-06 00:00:00,1.9897756277695715,True,True,True,False
HIVEUSDT,2026-02-11 04:00:00,2026-02-11 08:00:00,2026-02-13 00:00:00,-1.0167356890459365,True,True,True,False
HIVEUSDT,2026-03-06 12:00:00,2026-03-06 16:00:00,2026-03-14 12:00:00,-0.09453121019108347,True,True,True,False
HIVEUSDT,2026-03-21 20:00:00,2026-03-22 00:00:00,2026-03-26 00:00:00,-1.0202733333333336,True,True,False,False
HIVEUSDT,2026-03-29 08:00:00,2026-03-29 12:00:00,2026-04-01 04:00:00,-1.0349629955947135,True,True,True,False
HIVEUSDT,2026-04-07 08:00:00,2026-04-07 12:00:00,2026-04-07 20:00:00,-1.031294117647059,True,True,False,False
HIVEUSDT,2026-04-12 12:00:00,2026-04-12 16:00:00,2026-04-16 12:00:00,-1.0304906367041198,True,True,False,False
HIVEUSDT,2026-04-23 00:00:00,2026-04-23 04:00:00,2026-04-25 20:00:00,-1.0312007434944237,True,True,False,False
HIVEUSDT,2026-04-29 12:00:00,2026-04-29 16:00:00,2026-05-05 00:00:00,-1.047945977011494,True,True,False,False
HIVEUSDT,2026-05-15 12:00:00,2026-05-15 16:00:00,2026-05-23 12:00:00,0.12236801541425939,True,False,False,False
HIVEUSDT,2026-06-04 04:00:00,2026-06-04 08:00:00,2026-06-09 00:00:00,1.9899658823529411,True,True,True,False
HIVEUSDT,2026-06-18 00:00:00,2026-06-18 04:00:00,2026-06-26 00:00:00,0.8709468634686361,True,True,False,False
HIVEUSDT,2026-06-30 04:00:00,2026-06-30 08:00:00,2026-07-04 08:00:00,-1.0197850574712646,True,True,True,False
HIVEUSDT,2026-07-08 00:00:00,2026-07-08 04:00:00,2026-07-11 16:00:00,-1.023780281690141,True,True,False,False
HIVEUSDT,2026-07-20 04:00:00,2026-07-20 08:00:00,2026-07-21 08:00:00,-1.054981818181818,True,True,False,False
HIVEUSDT,2026-07-23 12:00:00,2026-07-23 16:00:00,2026-07-27 12:00:00,1.9628652173913044,True,True,False,False
HIVEUSDT,2026-07-29 00:00:00,2026-07-29 04:00:00,2026-08-06 00:00:00,0.28230636363636363,True,True,False,False
HIVEUSDT,2026-08-11 04:00:00,2026-08-11 08:00:00,2026-08-19 04:00:00,1.5127406593406574,True,True,False,False
HOLOUSDT,2025-11-11 16:00:00,2025-11-11 20:00:00,2025-11-19 12:00:00,1.9904495145631067,True,True,True,False
HOLOUSDT,2025-12-05 08:00:00,2025-12-05 12:00:00,2025-12-13 08:00:00,1.3400807692307644,True,True,True,False
HOLOUSDT,2025-12-17 16:00:00,2025-12-17 20:00:00,2025-12-19 00:00:00,-1.0179966804979255,True,True,True,False
HOLOUSDT,2026-01-06 16:00:00,2026-01-06 20:00:00,2026-01-14 16:00:00,0.01244058823529334,True,False,False,False
HOLOUSDT,2026-02-18 16:00:00,2026-02-18 20:00:00,2026-02-25 00:00:00,-1.0210507772020727,True,True,True,False
HOLOUSDT,2026-03-04 00:00:00,2026-03-04 04:00:00,2026-03-05 00:00:00,-1.0222896739130436,True,True,True,False
HOLOUSDT,2026-03-11 00:00:00,2026-03-11 04:00:00,2026-03-14 04:00:00,-1.0314999999999999,True,True,True,False
HOLOUSDT,2026-03-22 04:00:00,2026-03-22 08:00:00,2026-03-30 04:00:00,1.0747857723577232,True,True,False,False
HOLOUSDT,2026-04-12 00:00:00,2026-04-12 04:00:00,2026-04-13 08:00:00,-1.0152416666666668,True,True,False,False
HOLOUSDT,2026-04-18 16:00:00,2026-04-18 20:00:00,2026-04-22 00:00:00,-1.0212229765013057,True,False,False,False
HOLOUSDT,2026-05-27 20:00:00,2026-05-28 00:00:00,2026-05-29 04:00:00,-1.0223032258064517,True,False,False,False
HOLOUSDT,2026-05-31 04:00:00,2026-05-31 08:00:00,2026-06-04 20:00:00,1.978785714285714,True,False,True,False
HOLOUSDT,2026-07-19 08:00:00,2026-07-19 12:00:00,2026-07-22 00:00:00,-1.0195446153846155,True,True,False,False
HOLOUSDT,2026-08-09 20:00:00,2026-08-10 00:00:00,2026-08-11 12:00:00,-1.0159566552901025,True,False,False,False
HOOKUSDT,2024-09-06 04:00:00,2024-09-06 08:00:00,2024-09-09 16:00:00,-1.014613223140496,True,False,False,True
HOOKUSDT,2024-09-15 16:00:00,2024-09-15 20:00:00,2024-09-19 00:00:00,-1.0336,True,False,False,True
HOOKUSDT,2024-10-17 04:00:00,2024-10-17 08:00:00,2024-10-18 04:00:00,-1.0155122994652408,True,False,False,False
HOOKUSDT,2024-11-02 12:00:00,2024-11-02 16:00:00,2024-11-06 20:00:00,-1.0203733870967744,True,True,True,False
HOOKUSDT,2024-12-09 04:00:00,2024-12-09 08:00:00,2024-12-09 20:00:00,1.9893594095940959,True,False,False,False
HOOKUSDT,2024-12-14 08:00:00,2024-12-14 12:00:00,2024-12-18 04:00:00,1.9849910179640717,True,False,False,False
HOOKUSDT,2024-12-31 00:00:00,2024-12-31 04:00:00,2025-01-02 00:00:00,-1.0197162790697676,True,True,True,False
HOOKUSDT,2025-01-18 04:00:00,2025-01-18 08:00:00,2025-01-23 12:00:00,1.990311607142857,True,True,True,False
HOOKUSDT,2025-02-01 12:00:00,2025-02-01 16:00:00,2025-02-02 16:00:00,1.9888178082191779,True,True,True,False
HOOKUSDT,2025-02-15 12:00:00,2025-02-15 16:00:00,2025-02-23 12:00:00,0.5038717241379312,True,True,True,False
HOOKUSDT,2025-03-06 16:00:00,2025-03-06 20:00:00,2025-03-09 16:00:00,1.9901769736842103,True,True,True,False
HOOKUSDT,2025-03-26 16:00:00,2025-03-26 20:00:00,2025-03-27 20:00:00,-1.02345,True,True,True,False
HOOKUSDT,2025-03-31 04:00:00,2025-03-31 08:00:00,2025-04-02 20:00:00,1.9828865671641789,True,True,True,False
HOOKUSDT,2025-04-06 12:00:00,2025-04-06 16:00:00,2025-04-06 20:00:00,1.983937288135593,True,True,True,False
HOOKUSDT,2025-04-13 16:00:00,2025-04-13 20:00:00,2025-04-18 08:00:00,-1.0147528301886795,True,True,True,False
HOOKUSDT,2025-05-19 00:00:00,2025-05-19 04:00:00,2025-05-22 04:00:00,-1.0147789473684212,True,False,False,False
HOOKUSDT,2025-05-28 16:00:00,2025-05-28 20:00:00,2025-05-30 20:00:00,1.9874937499999998,True,False,False,False
HOOKUSDT,2025-07-07 08:00:00,2025-07-07 12:00:00,2025-07-09 12:00:00,-1.0244603773584906,True,True,True,False
HOOKUSDT,2025-09-30 00:00:00,2025-09-30 04:00:00,2025-10-01 16:00:00,-1.0212368509212733,True,True,True,False
HOOKUSDT,2025-10-09 12:00:00,2025-10-09 16:00:00,2025-10-10 20:00:00,1.990438,True,True,True,False
HOOKUSDT,2025-11-16 12:00:00,2025-11-16 16:00:00,2025-11-20 12:00:00,-1.0158546728971964,True,True,True,False
HOOKUSDT,2025-12-05 08:00:00,2025-12-05 12:00:00,2025-12-09 16:00:00,-1.0280266666666666,True,True,True,False
HOOKUSDT,2025-12-14 16:00:00,2025-12-14 20:00:00,2025-12-22 16:00:00,1.1016863354037263,True,True,True,False
HOOKUSDT,2025-12-31 16:00:00,2025-12-31 20:00:00,2026-01-01 04:00:00,-1.0349616438356164,True,True,True,False
HOOKUSDT,2026-01-08 00:00:00,2026-01-08 04:00:00,2026-01-10 08:00:00,-1.0199920000000002,True,True,False,False
HOOKUSDT,2026-01-29 00:00:00,2026-01-29 04:00:00,2026-01-31 12:00:00,1.9857183098591547,True,True,True,False
HOOKUSDT,2026-02-04 12:00:00,2026-02-04 16:00:00,2026-02-06 00:00:00,1.988158986175115,True,True,True,False
HOOKUSDT,2026-02-11 04:00:00,2026-02-11 08:00:00,2026-02-12 04:00:00,-1.0245591549295774,True,True,True,False
HOOKUSDT,2026-02-18 12:00:00,2026-02-18 16:00:00,2026-02-23 00:00:00,1.9862337278106508,True,True,True,False
HOOKUSDT,2026-03-03 08:00:00,2026-03-03 12:00:00,2026-03-06 16:00:00,1.98782,True,True,True,False
HYPERUSDT,2025-05-03 16:00:00,2025-05-03 20:00:00,2025-05-06 20:00:00,1.9895537931034482,True,False,False,False
HYPERUSDT,2025-05-18 16:00:00,2025-05-18 20:00:00,2025-05-21 00:00:00,-1.014948031496063,True,False,False,False
HYPERUSDT,2025-05-29 20:00:00,2025-05-30 00:00:00,2025-05-30 20:00:00,1.9887243902439022,True,False,False,False
HYPERUSDT,2025-06-17 08:00:00,2025-06-17 12:00:00,2025-06-22 12:00:00,1.9906603773584906,True,True,True,False
HYPERUSDT,2025-08-18 08:00:00,2025-08-18 12:00:00,2025-08-20 12:00:00,-1.0169605734767027,True,False,False,False
HYPERUSDT,2025-09-22 00:00:00,2025-09-22 04:00:00,2025-09-23 00:00:00,1.987816972477064,True,True,False,False
HYPERUSDT,2025-09-29 12:00:00,2025-09-29 16:00:00,2025-10-02 00:00:00,-1.0156311926605506,True,True,True,False
HYPERUSDT,2025-10-10 12:00:00,2025-10-10 16:00:00,2025-10-10 20:00:00,1.9904286956521737,True,True,True,False
HYPERUSDT,2025-10-21 04:00:00,2025-10-21 08:00:00,2025-10-21 12:00:00,-1.0203789473684213,True,True,True,False
HYPERUSDT,2025-11-17 16:00:00,2025-11-17 20:00:00,2025-11-20 12:00:00,-1.0160294573643411,True,True,True,False
HYPERUSDT,2025-12-17 16:00:00,2025-12-17 20:00:00,2025-12-25 16:00:00,-0.034307272727273304,True,True,True,False
HYPERUSDT,2025-12-30 00:00:00,2025-12-30 04:00:00,2026-01-03 04:00:00,-1.0233138888888889,True,True,True,False
HYPERUSDT,2026-01-29 12:00:00,2026-01-29 16:00:00,2026-01-31 16:00:00,1.9902783783783782,True,True,True,False
HYPERUSDT,2026-02-11 04:00:00,2026-02-11 08:00:00,2026-02-12 04:00:00,-1.0170800000000002,True,True,True,False
HYPERUSDT,2026-02-18 16:00:00,2026-02-18 20:00:00,2026-02-24 04:00:00,1.9832226415094338,True,True,True,False
HYPERUSDT,2026-03-08 00:00:00,2026-03-08 04:00:00,2026-03-12 16:00:00,-1.0264478260869565,True,True,True,False
HYPERUSDT,2026-03-26 00:00:00,2026-03-26 04:00:00,2026-03-28 04:00:00,1.979484615384615,True,True,False,False
HYPERUSDT,2026-04-02 00:00:00,2026-04-02 04:00:00,2026-04-04 00:00:00,-1.0265674418604651,True,True,False,False
HYPERUSDT,2026-04-21 16:00:00,2026-04-21 20:00:00,2026-04-22 08:00:00,-1.0294604545454544,True,False,False,False
HYPERUSDT,2026-05-24 16:00:00,2026-05-24 20:00:00,2026-05-29 00:00:00,1.9872147058823528,True,True,False,False
HYPERUSDT,2026-06-02 12:00:00,2026-06-02 16:00:00,2026-06-05 00:00:00,1.9880640243902437,True,True,False,False
HYPERUSDT,2026-06-21 20:00:00,2026-06-22 00:00:00,2026-06-22 00:00:00,-1.0222127572016462,True,True,True,False
HYPERUSDT,2026-07-04 16:00:00,2026-07-04 20:00:00,2026-07-07 16:00:00,1.9823613466334162,True,True,False,False
HYPERUSDT,2026-07-07 20:00:00,2026-07-08 00:00:00,2026-07-15 20:00:00,-0.15893290870488253,True,True,False,False
HYPERUSDT,2026-07-19 16:00:00,2026-07-19 20:00:00,2026-07-24 12:00:00,1.9761042968749996,True,True,False,False
HYPERUSDT,2026-07-29 00:00:00,2026-07-29 04:00:00,2026-07-31 04:00:00,-1.021157142857143,True,True,False,False
HYPERUSDT,2026-08-16 20:00:00,2026-08-17 00:00:00,2026-08-19 12:00:00,-1.031974358974359,True,True,False,False
ICNTUSDT,2025-07-16 12:00:00,2025-07-16 16:00:00,2025-07-17 08:00:00,1.9877830769230769,True,False,False,False
ICNTUSDT,2025-08-16 12:00:00,2025-08-16 16:00:00,2025-08-24 12:00:00,0.7776350649350642,True,False,False,False
ICNTUSDT,2025-08-29 04:00:00,2025-08-29 08:00:00,2025-09-02 12:00:00,-1.0328,True,False,True,False
ICNTUSDT,2025-09-05 16:00:00,2025-09-05 20:00:00,2025-09-08 16:00:00,1.9806463414634143,True,False,True,False
ICNTUSDT,2025-09-22 04:00:00,2025-09-22 08:00:00,2025-09-22 16:00:00,-1.017972093023256,True,True,False,False
ICNTUSDT,2025-09-25 00:00:00,2025-09-25 04:00:00,2025-09-28 16:00:00,-1.0146702127659575,True,True,True,False
ICNTUSDT,2025-10-28 16:00:00,2025-10-28 20:00:00,2025-10-30 20:00:00,-1.0148502617801047,True,True,True,False
ICNTUSDT,2026-01-10 20:00:00,2026-01-11 00:00:00,2026-01-12 12:00:00,-1.0223444933920707,True,False,False,False
ICNTUSDT,2026-02-24 16:00:00,2026-02-24 20:00:00,2026-03-04 16:00:00,1.5633891891891887,True,True,True,False
ICNTUSDT,2026-04-22 16:00:00,2026-04-22 20:00:00,2026-04-26 08:00:00,-1.0192947368421055,True,False,False,False
ICNTUSDT,2026-05-01 20:00:00,2026-05-02 00:00:00,2026-05-06 08:00:00,-1.0147000000000002,True,False,False,False
ICNTUSDT,2026-05-10 08:00:00,2026-05-10 12:00:00,2026-05-11 12:00:00,-1.0213733333333335,True,True,False,False
ICNTUSDT,2026-05-22 00:00:00,2026-05-22 04:00:00,2026-05-28 20:00:00,1.98910564516129,True,True,False,False
ICNTUSDT,2026-06-17 16:00:00,2026-06-17 20:00:00,2026-06-23 12:00:00,-1.0218136752136753,True,True,False,False
ICNTUSDT,2026-07-27 12:00:00,2026-07-27 16:00:00,2026-07-30 04:00:00,1.989153333333333,True,True,False,False
ICNTUSDT,2026-08-15 16:00:00,2026-08-15 20:00:00,2026-08-23 16:00:00,1.1176285714285688,True,True,False,False
IDOLUSDT,2025-07-24 20:00:00,2025-07-25 00:00:00,2025-08-01 20:00:00,1.4330810344827598,True,False,False,False
IDOLUSDT,2025-08-18 00:00:00,2025-08-18 04:00:00,2025-08-19 12:00:00,-1.0231287671232876,True,False,False,False
IDOLUSDT,2025-10-05 16:00:00,2025-10-05 20:00:00,2025-10-06 20:00:00,-1.020167871485944,True,False,True,False
IDOLUSDT,2025-11-20 12:00:00,2025-11-20 16:00:00,2025-11-28 12:00:00,0.4336857142857149,True,True,True,False
IDOLUSDT,2025-12-13 12:00:00,2025-12-13 16:00:00,2025-12-18 04:00:00,1.9891999999999999,True,True,True,False
IDOLUSDT,2025-12-20 12:00:00,2025-12-20 16:00:00,2025-12-26 04:00:00,-1.0194193548387098,True,True,True,False
IDOLUSDT,2026-02-05 08:00:00,2026-02-05 12:00:00,2026-02-05 16:00:00,1.987445,True,False,True,False
IDOLUSDT,2026-02-18 16:00:00,2026-02-18 20:00:00,2026-02-19 12:00:00,-1.02004,True,True,True,False
IDOLUSDT,2026-03-23 04:00:00,2026-03-23 08:00:00,2026-03-25 08:00:00,-1.0197928143712576,True,False,True,False
IDOLUSDT,2026-03-29 20:00:00,2026-03-30 00:00:00,2026-04-01 20:00:00,1.9765307692307688,True,False,True,False
IDOLUSDT,2026-04-25 04:00:00,2026-04-25 08:00:00,2026-04-28 08:00:00,1.9731936708860758,True,False,False,False
IDOLUSDT,2026-05-22 16:00:00,2026-05-22 20:00:00,2026-05-24 04:00:00,-1.0350415841584157,True,False,False,False
IDOLUSDT,2026-06-18 08:00:00,2026-06-18 12:00:00,2026-06-19 08:00:00,-1.0201232323232325,True,False,False,False
IDOLUSDT,2026-08-17 12:00:00,2026-08-17 16:00:00,2026-08-25 12:00:00,0.7688203389830494,True,False,False,False
IDUSDT,2024-09-06 16:00:00,2024-09-06 20:00:00,2024-09-09 16:00:00,-1.0146333669693914,True,False,False,True
IDUSDT,2024-09-15 20:00:00,2024-09-16 00:00:00,2024-09-19 00:00:00,-1.024992703862661,True,False,False,True
IDUSDT,2024-09-29 04:00:00,2024-09-29 08:00:00,2024-10-02 16:00:00,1.9890401015228425,True,False,False,False
IDUSDT,2024-10-03 08:00:00,2024-10-03 12:00:00,2024-10-07 00:00:00,-1.0148003692307694,True,False,False,False
IDUSDT,2024-10-09 16:00:00,2024-10-09 20:00:00,2024-10-11 12:00:00,-1.034462745098039,True,False,False,False
IDUSDT,2024-10-17 08:00:00,2024-10-17 12:00:00,2024-10-20 08:00:00,-1.0145289503386006,True,False,False,False
IDUSDT,2024-10-23 08:00:00,2024-10-23 12:00:00,2024-10-24 00:00:00,-1.0140122176591377,True,False,False,False
IDUSDT,2024-11-04 16:00:00,2024-11-04 20:00:00,2024-11-06 00:00:00,-1.0274218905472636,True,True,True,False
IDUSDT,2024-12-16 08:00:00,2024-12-16 12:00:00,2024-12-19 16:00:00,1.9907389981370316,True,False,False,False
IDUSDT,2025-01-07 12:00:00,2025-01-07 16:00:00,2025-01-13 12:00:00,1.9887241632653059,True,True,True,False
IDUSDT,2025-01-23 16:00:00,2025-01-23 20:00:00,2025-01-31 16:00:00,0.5257725028058363,True,True,True,False
IDUSDT,2025-02-23 12:00:00,2025-02-23 16:00:00,2025-02-25 04:00:00,1.9873760683760682,True,True,True,False
IDUSDT,2025-03-25 12:00:00,2025-03-25 16:00:00,2025-04-02 00:00:00,1.9906330827067669,True,True,True,False
IDUSDT,2025-04-06 12:00:00,2025-04-06 16:00:00,2025-04-14 12:00:00,-0.00424934903905854,True,True,True,False
IDUSDT,2025-04-15 16:00:00,2025-04-15 20:00:00,2025-04-18 04:00:00,-1.0230600760456274,True,True,True,False
IDUSDT,2025-05-12 16:00:00,2025-05-12 20:00:00,2025-05-13 16:00:00,-1.0193258682634732,True,False,False,False
IDUSDT,2025-05-16 20:00:00,2025-05-17 00:00:00,2025-05-23 00:00:00,-1.018919016817594,True,False,False,False
IDUSDT,2025-06-05 16:00:00,2025-06-05 20:00:00,2025-06-10 00:00:00,-1.0151173584905662,True,True,True,False
IDUSDT,2025-06-17 12:00:00,2025-06-17 16:00:00,2025-06-22 20:00:00,1.988176194398682,True,True,True,False
IDUSDT,2025-07-15 00:00:00,2025-07-15 04:00:00,2025-07-16 00:00:00,-1.0152309090909093,True,False,False,False
IDUSDT,2025-07-23 16:00:00,2025-07-23 20:00:00,2025-07-31 16:00:00,1.1068050493962671,True,False,False,False
IDUSDT,2025-07-31 20:00:00,2025-08-01 00:00:00,2025-08-08 16:00:00,-1.0154673441734419,True,False,False,False
IDUSDT,2025-08-31 12:00:00,2025-08-31 16:00:00,2025-09-08 12:00:00,-0.1267929223744312,True,True,True,False
IDUSDT,2025-09-15 08:00:00,2025-09-15 12:00:00,2025-09-18 16:00:00,-1.0161556358381505,True,True,False,False
IDUSDT,2025-10-07 12:00:00,2025-10-07 16:00:00,2025-10-10 20:00:00,1.9855693617021275,True,True,False,False
IDUSDT,2025-10-16 16:00:00,2025-10-16 20:00:00,2025-10-24 16:00:00,0.13306704331449978,True,True,True,False
IDUSDT,2025-10-30 08:00:00,2025-10-30 12:00:00,2025-11-04 20:00:00,1.9904392999999998,True,True,True,False
IDUSDT,2025-11-12 12:00:00,2025-11-12 16:00:00,2025-11-19 16:00:00,1.98839203187251,True,True,True,False
IDUSDT,2025-11-29 16:00:00,2025-11-29 20:00:00,2025-12-01 00:00:00,1.9764735785953174,True,True,True,False
IDUSDT,2025-12-12 12:00:00,2025-12-12 16:00:00,2025-12-16 04:00:00,1.982923872679045,True,True,True,False
IDUSDT,2025-12-17 12:00:00,2025-12-17 16:00:00,2025-12-18 16:00:00,1.9779673076923074,True,True,True,False
IDUSDT,2025-12-23 04:00:00,2025-12-23 08:00:00,2025-12-27 08:00:00,-1.0210868217054265,True,True,True,False
IDUSDT,2026-01-15 00:00:00,2026-01-15 04:00:00,2026-01-17 00:00:00,-1.0157082170542637,True,False,False,False
IDUSDT,2026-01-25 16:00:00,2026-01-25 20:00:00,2026-01-31 16:00:00,1.989203358208955,True,True,True,False
IDUSDT,2026-02-18 16:00:00,2026-02-18 20:00:00,2026-02-24 00:00:00,1.9863805555555554,True,True,True,False
IDUSDT,2026-03-06 12:00:00,2026-03-06 16:00:00,2026-03-14 12:00:00,-0.19813944223107696,True,True,True,False
IDUSDT,2026-03-14 16:00:00,2026-03-14 20:00:00,2026-03-16 08:00:00,-1.0282827586206895,True,True,True,False
IDUSDT,2026-03-18 08:00:00,2026-03-18 12:00:00,2026-03-26 08:00:00,1.982797727272727,True,True,False,False
IDUSDT,2026-03-29 08:00:00,2026-03-29 12:00:00,2026-04-01 04:00:00,-1.0414256410256408,True,True,True,False
IDUSDT,2026-04-02 12:00:00,2026-04-02 16:00:00,2026-04-10 12:00:00,0.7817607973421937,True,True,False,False
IDUSDT,2026-04-14 16:00:00,2026-04-14 20:00:00,2026-04-17 00:00:00,-1.0184944206008586,True,True,False,False
IDUSDT,2026-04-23 00:00:00,2026-04-23 04:00:00,2026-04-25 08:00:00,-1.0221185567010311,True,True,False,False
IDUSDT,2026-04-29 12:00:00,2026-04-29 16:00:00,2026-05-02 08:00:00,-1.0354235294117646,True,True,False,False
IDUSDT,2026-05-12 12:00:00,2026-05-12 16:00:00,2026-05-17 20:00:00,1.9903567307692307,True,False,False,False
IDUSDT,2026-05-26 16:00:00,2026-05-26 20:00:00,2026-05-29 04:00:00,-1.02129587628866,True,True,False,False
IDUSDT,2026-06-15 20:00:00,2026-06-16 00:00:00,2026-06-17 00:00:00,-1.0225408284023672,True,True,True,False
IDUSDT,2026-07-12 20:00:00,2026-07-13 00:00:00,2026-07-20 04:00:00,1.9878182156133828,True,False,False,False
IDUSDT,2026-07-23 04:00:00,2026-07-23 08:00:00,2026-07-31 04:00:00,1.4123665024630558,True,True,False,False
IDUSDT,2026-08-03 00:00:00,2026-08-03 04:00:00,2026-08-05 00:00:00,-1.0284105263157894,True,True,False,False
IDUSDT,2026-08-17 08:00:00,2026-08-17 12:00:00,2026-08-19 20:00:00,-1.0406875,True,True,False,False
ILVUSDT,2024-09-22 08:00:00,2024-09-22 12:00:00,2024-09-24 16:00:00,-1.0178468801584684,True,False,False,False
ILVUSDT,2024-10-02 16:00:00,2024-10-02 20:00:00,2024-10-10 16:00:00,0.22100185346075724,True,False,False,False
ILVUSDT,2024-11-02 12:00:00,2024-11-02 16:00:00,2024-11-06 20:00:00,-1.0201057750759879,True,True,True,False
ILVUSDT,2024-12-30 12:00:00,2024-12-30 16:00:00,2025-01-03 12:00:00,-1.015060881854155,True,True,True,False
ILVUSDT,2025-01-13 04:00:00,2025-01-13 08:00:00,2025-01-15 12:00:00,-1.0156666244859223,True,True,True,False
ILVUSDT,2025-01-26 20:00:00,2025-01-27 00:00:00,2025-01-27 04:00:00,1.9830883343355379,True,True,True,False
ILVUSDT,2025-02-16 00:00:00,2025-02-16 04:00:00,2025-02-24 00:00:00,0.9753717344753761,True,True,True,False
ILVUSDT,2025-02-24 08:00:00,2025-02-24 12:00:00,2025-03-04 08:00:00,1.4349261324041802,True,True,True,False
ILVUSDT,2025-03-31 16:00:00,2025-03-31 20:00:00,2025-04-01 12:00:00,-1.0255750350631136,True,True,True,False
ILVUSDT,2025-04-02 04:00:00,2025-04-02 08:00:00,2025-04-06 20:00:00,1.9891753308128544,True,True,True,False
ILVUSDT,2025-05-03 08:00:00,2025-05-03 12:00:00,2025-05-08 20:00:00,-1.0152507772020727,True,False,False,False
ILVUSDT,2025-05-12 20:00:00,2025-05-13 00:00:00,2025-05-17 08:00:00,1.9905479532163741,True,False,False,False
ILVUSDT,2025-05-29 20:00:00,2025-05-30 00:00:00,2025-06-06 20:00:00,1.3430004743083015,True,False,False,False
ILVUSDT,2025-06-21 16:00:00,2025-06-21 20:00:00,2025-06-22 20:00:00,1.9854366197183098,True,True,True,False
ILVUSDT,2025-07-01 04:00:00,2025-07-01 08:00:00,2025-07-02 16:00:00,-1.0159137614678901,True,True,True,False
ILVUSDT,2025-07-31 20:00:00,2025-08-01 00:00:00,2025-08-04 16:00:00,-1.0147198059822151,True,False,False,False
ILVUSDT,2025-08-19 16:00:00,2025-08-19 20:00:00,2025-08-24 16:00:00,-1.0217127016129035,True,False,False,False
ILVUSDT,2025-09-01 12:00:00,2025-09-01 16:00:00,2025-09-06 12:00:00,-1.0166070671378094,True,True,True,False
ILVUSDT,2025-09-21 16:00:00,2025-09-21 20:00:00,2025-09-22 04:00:00,1.980917621145374,True,True,False,False
ILVUSDT,2025-10-07 12:00:00,2025-10-07 16:00:00,2025-10-10 04:00:00,-1.0195259615384618,True,False,False,False
ILVUSDT,2025-11-16 08:00:00,2025-11-16 12:00:00,2025-11-21 04:00:00,1.9873099999999997,True,True,True,False
ILVUSDT,2025-11-29 16:00:00,2025-11-29 20:00:00,2025-12-01 12:00:00,1.9845900452488685,True,True,True,False
ILVUSDT,2025-12-05 08:00:00,2025-12-05 12:00:00,2025-12-13 08:00:00,1.1478272076372291,True,True,True,False
ILVUSDT,2025-12-14 08:00:00,2025-12-14 12:00:00,2025-12-17 16:00:00,1.981641139240506,True,True,True,False
ILVUSDT,2025-12-23 12:00:00,2025-12-23 16:00:00,2025-12-25 00:00:00,-1.020631182795699,True,True,True,False
ILVUSDT,2025-12-31 16:00:00,2025-12-31 20:00:00,2026-01-01 04:00:00,-1.0413744680851065,True,True,True,False
ILVUSDT,2026-01-08 00:00:00,2026-01-08 04:00:00,2026-01-16 00:00:00,0.16031093439363897,True,True,False,False
ILVUSDT,2026-01-29 00:00:00,2026-01-29 04:00:00,2026-01-31 12:00:00,1.9880180451127818,True,True,True,False
ILVUSDT,2026-02-28 04:00:00,2026-02-28 08:00:00,2026-02-28 20:00:00,-1.0152833333333335,True,True,True,False
ILVUSDT,2026-03-03 12:00:00,2026-03-03 16:00:00,2026-03-04 12:00:00,-1.0193111111111113,True,True,True,False
ILVUSDT,2026-03-18 12:00:00,2026-03-18 16:00:00,2026-03-26 12:00:00,1.189811552346571,True,False,False,False
ILVUSDT,2026-03-29 08:00:00,2026-03-29 12:00:00,2026-03-30 00:00:00,-1.035753846153846,True,True,True,False
ILVUSDT,2026-04-05 04:00:00,2026-04-05 08:00:00,2026-04-08 00:00:00,-1.0218017094017096,True,False,False,False
ILVUSDT,2026-04-29 12:00:00,2026-04-29 16:00:00,2026-05-07 12:00:00,-0.12320916666666896,True,False,False,False
ILVUSDT,2026-05-12 12:00:00,2026-05-12 16:00:00,2026-05-13 04:00:00,-1.0150738461538462,True,False,False,False
ILVUSDT,2026-05-17 20:00:00,2026-05-18 00:00:00,2026-05-25 20:00:00,0.6147222707423589,True,False,False,False
ILVUSDT,2026-05-27 00:00:00,2026-05-27 04:00:00,2026-06-04 00:00:00,1.9884018867924527,True,True,False,False
ILVUSDT,2026-06-09 12:00:00,2026-06-09 16:00:00,2026-06-13 16:00:00,-1.019251502145923,True,True,True,False
ILVUSDT,2026-06-22 20:00:00,2026-06-23 00:00:00,2026-06-24 12:00:00,1.9756181818181815,True,True,False,False
ILVUSDT,2026-06-30 20:00:00,2026-07-01 00:00:00,2026-07-01 20:00:00,-1.018324882629108,True,True,True,False
ILVUSDT,2026-07-13 00:00:00,2026-07-13 04:00:00,2026-07-14 12:00:00,-1.0483078651685394,True,True,False,False
ILVUSDT,2026-07-18 04:00:00,2026-07-18 08:00:00,2026-07-26 04:00:00,0.0883795555555556,True,True,False,False
ILVUSDT,2026-07-27 12:00:00,2026-07-27 16:00:00,2026-07-30 04:00:00,-1.0327322314049587,True,True,False,False
ILVUSDT,2026-08-03 04:00:00,2026-08-03 08:00:00,2026-08-03 12:00:00,-1.023749090909091,True,True,False,False
ILVUSDT,2026-08-11 04:00:00,2026-08-11 08:00:00,2026-08-14 16:00:00,-1.0197951923076924,True,True,False,False
INUSDT,2025-10-21 00:00:00,2025-10-21 04:00:00,2025-10-26 00:00:00,-1.014352600297177,True,False,True,False
INUSDT,2025-12-14 12:00:00,2025-12-14 16:00:00,2025-12-17 20:00:00,1.9865376363636362,True,True,True,False
INUSDT,2026-01-12 00:00:00,2026-01-12 04:00:00,2026-01-20 00:00:00,1.2092010619469031,True,True,False,False
INUSDT,2026-03-18 08:00:00,2026-03-18 12:00:00,2026-03-22 08:00:00,1.9849350746268655,True,False,False,False
INUSDT,2026-03-26 08:00:00,2026-03-26 12:00:00,2026-04-03 08:00:00,0.39321280487804783,True,True,False,False
INUSDT,2026-04-05 04:00:00,2026-04-05 08:00:00,2026-04-06 00:00:00,-1.018837313432836,True,True,False,False
INUSDT,2026-04-11 00:00:00,2026-04-11 04:00:00,2026-04-14 00:00:00,-1.023196,True,True,False,False
INUSDT,2026-04-18 08:00:00,2026-04-18 12:00:00,2026-04-24 08:00:00,-1.017656175298805,True,False,False,False
INUSDT,2026-04-27 08:00:00,2026-04-27 12:00:00,2026-05-02 04:00:00,-1.0169142314990514,True,False,False,False
INUSDT,2026-05-05 08:00:00,2026-05-05 12:00:00,2026-05-13 08:00:00,0.4948548812664904,True,False,False,False
INUSDT,2026-05-13 12:00:00,2026-05-13 16:00:00,2026-05-21 12:00:00,0.4355756701030923,True,False,False,False
INUSDT,2026-06-17 08:00:00,2026-06-17 12:00:00,2026-06-21 12:00:00,-1.018323529411765,True,False,False,False
INUSDT,2026-07-07 04:00:00,2026-07-07 08:00:00,2026-07-15 04:00:00,0.45840043196544206,True,True,False,False
INUSDT,2026-07-18 04:00:00,2026-07-18 08:00:00,2026-07-26 04:00:00,1.6089937282229991,True,True,False,False
INUSDT,2026-07-27 08:00:00,2026-07-27 12:00:00,2026-07-30 00:00:00,1.9864114173228344,True,True,False,False
INUSDT,2026-08-03 00:00:00,2026-08-03 04:00:00,2026-08-05 08:00:00,-1.0266165680473371,True,True,False,False
INUSDT,2026-08-12 16:00:00,2026-08-12 20:00:00,2026-08-13 00:00:00,-1.0282692307692307,True,True,False,False
INUSDT,2026-08-14 00:00:00,2026-08-14 04:00:00,2026-08-16 08:00:00,-1.0173532258064517,True,True,False,False
INXUSDT,2026-02-17 04:00:00,2026-02-17 08:00:00,2026-02-18 04:00:00,-1.018388796680498,True,False,True,False
INXUSDT,2026-03-11 08:00:00,2026-03-11 12:00:00,2026-03-13 04:00:00,-1.0246162939297125,True,False,True,False
INXUSDT,2026-03-19 04:00:00,2026-03-19 08:00:00,2026-03-19 12:00:00,-1.0170876923076926,True,False,False,False
INXUSDT,2026-04-07 12:00:00,2026-04-07 16:00:00,2026-04-08 04:00:00,-1.0176928649835348,True,True,False,False
INXUSDT,2026-04-30 12:00:00,2026-04-30 16:00:00,2026-05-01 12:00:00,-1.0149635382955773,True,True,False,False
INXUSDT,2026-05-03 20:00:00,2026-05-04 00:00:00,2026-05-08 20:00:00,-1.0192387096774196,True,True,False,False
INXUSDT,2026-05-26 00:00:00,2026-05-26 04:00:00,2026-06-03 00:00:00,1.1300312423124197,True,True,False,False
INXUSDT,2026-06-10 16:00:00,2026-06-10 20:00:00,2026-06-11 12:00:00,-1.0179541984732827,True,True,True,False
INXUSDT,2026-07-04 08:00:00,2026-07-04 12:00:00,2026-07-12 08:00:00,0.8767219199999985,True,True,False,False
INXUSDT,2026-07-12 20:00:00,2026-07-13 00:00:00,2026-07-15 12:00:00,-1.0230951276102087,True,True,False,False
IOUSDT,2024-09-15 20:00:00,2024-09-16 00:00:00,2024-09-17 04:00:00,-1.0245938144329896,True,False,False,True
IOUSDT,2024-10-23 08:00:00,2024-10-23 12:00:00,2024-10-24 00:00:00,-1.0185940740740742,True,False,False,False
IOUSDT,2024-12-14 16:00:00,2024-12-14 20:00:00,2024-12-19 20:00:00,1.990788962360122,True,False,False,False
IOUSDT,2024-12-29 20:00:00,2024-12-30 00:00:00,2024-12-31 16:00:00,-1.0170225890529976,True,True,True,False
IOUSDT,2025-03-06 16:00:00,2025-03-06 20:00:00,2025-03-09 12:00:00,1.9878925196850392,True,True,True,False
IOUSDT,2025-03-18 00:00:00,2025-03-18 04:00:00,2025-03-19 20:00:00,-1.0204670309653918,True,True,True,False
IOUSDT,2025-03-31 20:00:00,2025-04-01 00:00:00,2025-04-03 08:00:00,1.986727732793522,True,True,True,False
IOUSDT,2025-04-06 12:00:00,2025-04-06 16:00:00,2025-04-14 12:00:00,0.11381126760563341,True,True,True,False
IOUSDT,2025-04-15 20:00:00,2025-04-16 00:00:00,2025-04-19 16:00:00,-1.016235483870968,True,True,True,False
IOUSDT,2025-05-16 20:00:00,2025-05-17 00:00:00,2025-05-18 12:00:00,-1.0176388961892249,True,False,False,False
IOUSDT,2025-05-24 20:00:00,2025-05-25 00:00:00,2025-05-26 00:00:00,-1.0184108548168251,True,False,False,False
IOUSDT,2025-06-26 08:00:00,2025-06-26 12:00:00,2025-06-29 08:00:00,-1.0185308593750002,True,True,True,False
IOUSDT,2025-07-23 12:00:00,2025-07-23 16:00:00,2025-07-30 08:00:00,1.9895152011922503,True,False,False,False
IOUSDT,2025-08-05 04:00:00,2025-08-05 08:00:00,2025-08-07 20:00:00,-1.0205647668393785,True,True,False,False
IOUSDT,2025-08-31 20:00:00,2025-09-01 00:00:00,2025-09-08 20:00:00,-0.605007228915662,True,True,True,False
IOUSDT,2025-09-14 08:00:00,2025-09-14 12:00:00,2025-09-15 04:00:00,-1.0187171974522296,True,False,False,False
IOUSDT,2025-09-17 12:00:00,2025-09-17 16:00:00,2025-09-17 20:00:00,-1.026779375,True,False,False,False
IOUSDT,2025-09-21 20:00:00,2025-09-22 00:00:00,2025-09-22 04:00:00,1.9801999999999997,True,False,False,False
IOUSDT,2025-10-09 08:00:00,2025-10-09 12:00:00,2025-10-10 16:00:00,-1.0218792682926832,True,True,True,False
IOUSDT,2025-11-16 12:00:00,2025-11-16 16:00:00,2025-11-20 12:00:00,-1.0175512195121952,True,True,True,False
IOUSDT,2025-11-24 08:00:00,2025-11-24 12:00:00,2025-11-24 16:00:00,-1.0231,True,True,True,False
IOUSDT,2025-11-29 16:00:00,2025-11-29 20:00:00,2025-12-07 08:00:00,1.990709813084112,True,True,True,False
IOUSDT,2025-12-09 08:00:00,2025-12-09 12:00:00,2025-12-09 16:00:00,-1.0146222222222223,True,True,True,False
IOUSDT,2025-12-17 04:00:00,2025-12-17 08:00:00,2025-12-18 16:00:00,1.9881349999999998,True,True,True,False
IOUSDT,2025-12-23 12:00:00,2025-12-23 16:00:00,2025-12-27 00:00:00,-1.0155615384615386,True,True,True,False
IOUSDT,2026-02-11 04:00:00,2026-02-11 08:00:00,2026-02-14 00:00:00,-1.0144319148936172,True,True,True,False
IOUSDT,2026-03-22 12:00:00,2026-03-22 16:00:00,2026-03-25 12:00:00,-1.0196746666666667,True,True,False,False
IOUSDT,2026-04-12 20:00:00,2026-04-13 00:00:00,2026-04-13 20:00:00,-1.0179973684210528,True,True,False,False
IOUSDT,2026-04-23 00:00:00,2026-04-23 04:00:00,2026-04-24 00:00:00,-1.0207307692307694,True,False,False,False
IOUSDT,2026-04-27 04:00:00,2026-04-27 08:00:00,2026-05-05 04:00:00,0.18454457831325385,True,False,False,False
IOUSDT,2026-07-01 04:00:00,2026-07-01 08:00:00,2026-07-03 04:00:00,-1.0141837500000002,True,False,True,False
IOUSDT,2026-07-07 16:00:00,2026-07-07 20:00:00,2026-07-15 16:00:00,0.6059692307692299,True,False,False,False
IOUSDT,2026-07-19 12:00:00,2026-07-19 16:00:00,2026-07-20 16:00:00,-1.02868,True,True,False,False
IOUSDT,2026-07-24 08:00:00,2026-07-24 12:00:00,2026-07-29 12:00:00,1.9851146067415728,True,True,False,False
IOUSDT,2026-08-03 00:00:00,2026-08-03 04:00:00,2026-08-11 00:00:00,1.536566666666666,True,True,False,False
IOUSDT,2026-08-12 20:00:00,2026-08-13 00:00:00,2026-08-19 12:00:00,-1.018968292682927,True,True,False,False
IPUSDT,2025-03-31 00:00:00,2025-03-31 04:00:00,2025-04-04 08:00:00,1.9904987476505247,True,False,True,False
IPUSDT,2025-04-18 08:00:00,2025-04-18 12:00:00,2025-04-25 08:00:00,-1.0176519078990283,True,True,True,False
IPUSDT,2025-05-03 08:00:00,2025-05-03 12:00:00,2025-05-08 20:00:00,-1.0147788132369724,True,True,False,False
IPUSDT,2025-05-20 08:00:00,2025-05-20 12:00:00,2025-05-28 08:00:00,0.5462167779093566,True,False,False,False
IPUSDT,2025-05-30 00:00:00,2025-05-30 04:00:00,2025-06-07 00:00:00,0.0027745757447416113,True,True,False,False
IPUSDT,2025-06-12 08:00:00,2025-06-12 12:00:00,2025-06-18 00:00:00,1.989074351371386,True,True,True,False
IPUSDT,2025-07-01 20:00:00,2025-07-02 00:00:00,2025-07-02 16:00:00,-1.026949501525941,True,True,True,False
IPUSDT,2025-08-06 12:00:00,2025-08-06 16:00:00,2025-08-08 00:00:00,-1.0164879713623236,True,False,False,False
IPUSDT,2025-10-28 20:00:00,2025-10-29 00:00:00,2025-10-30 12:00:00,1.9838064748201436,True,True,True,False
IPUSDT,2025-11-29 16:00:00,2025-11-29 20:00:00,2025-12-07 16:00:00,1.2963126050420162,True,True,True,False
IPUSDT,2025-12-07 20:00:00,2025-12-08 00:00:00,2025-12-09 16:00:00,-1.01623687150838,True,True,True,False
IPUSDT,2025-12-14 16:00:00,2025-12-14 20:00:00,2025-12-18 16:00:00,1.9870183999999997,True,True,True,False
IPUSDT,2025-12-25 20:00:00,2025-12-26 00:00:00,2025-12-27 00:00:00,-1.0212234042553194,True,True,True,False
IPUSDT,2026-01-06 16:00:00,2026-01-06 20:00:00,2026-01-07 00:00:00,-1.020958823529412,True,False,False,False
IPUSDT,2026-02-09 08:00:00,2026-02-09 12:00:00,2026-02-17 08:00:00,0.8442118811881207,True,True,True,False
IPUSDT,2026-02-22 12:00:00,2026-02-22 16:00:00,2026-02-27 20:00:00,1.9858382352941175,True,True,True,False
IPUSDT,2026-03-07 12:00:00,2026-03-07 16:00:00,2026-03-15 12:00:00,0.5045350649350635,True,True,True,False
IPUSDT,2026-03-20 12:00:00,2026-03-20 16:00:00,2026-03-22 16:00:00,1.9829159090909088,True,True,True,False
IPUSDT,2026-03-26 08:00:00,2026-03-26 12:00:00,2026-03-29 20:00:00,1.9894732447817836,True,True,False,False
IPUSDT,2026-03-31 04:00:00,2026-03-31 08:00:00,2026-04-08 04:00:00,-0.49619726027397204,True,True,True,False
IPUSDT,2026-04-12 00:00:00,2026-04-12 04:00:00,2026-04-12 20:00:00,-1.0197428571428573,True,True,False,False
IPUSDT,2026-04-27 04:00:00,2026-04-27 08:00:00,2026-05-05 04:00:00,0.3020842424242401,True,True,False,False
IPUSDT,2026-05-13 12:00:00,2026-05-13 16:00:00,2026-05-17 20:00:00,1.986540449438202,True,False,False,False
IPUSDT,2026-05-23 04:00:00,2026-05-23 08:00:00,2026-05-23 20:00:00,-1.0140089935760173,True,True,False,False
IPUSDT,2026-05-27 08:00:00,2026-05-27 12:00:00,2026-05-28 12:00:00,1.979883098591549,True,True,False,False
IPUSDT,2026-06-10 04:00:00,2026-06-10 08:00:00,2026-06-15 12:00:00,-1.0145550877192984,True,True,True,False
IRUSDT,2026-02-05 04:00:00,2026-02-05 08:00:00,2026-02-06 00:00:00,1.9888377823408623,True,False,True,False
IRUSDT,2026-03-01 16:00:00,2026-03-01 20:00:00,2026-03-06 12:00:00,1.9896122483221474,True,False,True,False
IRUSDT,2026-03-27 08:00:00,2026-03-27 12:00:00,2026-03-30 12:00:00,-1.0317433155080213,True,True,False,False
IRUSDT,2026-04-07 00:00:00,2026-04-07 04:00:00,2026-04-07 16:00:00,-1.030851851851852,True,True,False,False
JASMYUSDT,2024-10-08 12:00:00,2024-10-08 16:00:00,2024-10-14 20:00:00,-1.0145746961325968,True,False,False,False
JASMYUSDT,2024-10-17 04:00:00,2024-10-17 08:00:00,2024-10-21 16:00:00,-1.020295245283019,True,False,False,False
JASMYUSDT,2024-10-23 00:00:00,2024-10-23 04:00:00,2024-10-25 20:00:00,1.9885960053262315,True,True,False,False
JASMYUSDT,2024-11-03 00:00:00,2024-11-03 04:00:00,2024-11-06 00:00:00,-1.0148573232323232,True,True,True,False
JASMYUSDT,2024-12-29 20:00:00,2024-12-30 00:00:00,2025-01-02 08:00:00,-1.0170664714494877,True,False,True,False
JASMYUSDT,2025-02-24 00:00:00,2025-02-24 04:00:00,2025-02-25 04:00:00,1.989708497467642,True,True,True,False
JASMYUSDT,2025-03-18 12:00:00,2025-03-18 16:00:00,2025-03-19 12:00:00,-1.0143156756756757,True,True,True,False
JASMYUSDT,2025-03-23 12:00:00,2025-03-23 16:00:00,2025-03-24 12:00:00,-1.0172256463288523,True,True,True,False
JASMYUSDT,2025-03-31 04:00:00,2025-03-31 08:00:00,2025-04-01 08:00:00,-1.019503830911493,True,True,True,False
JASMYUSDT,2025-05-25 08:00:00,2025-05-25 12:00:00,2025-05-31 00:00:00,1.9855610902255638,True,False,False,False
JASMYUSDT,2025-06-04 08:00:00,2025-06-04 12:00:00,2025-06-12 08:00:00,0.7627009140767828,True,True,True,False
JASMYUSDT,2025-06-17 08:00:00,2025-06-17 12:00:00,2025-06-22 20:00:00,1.9905759472817133,True,True,True,False
JASMYUSDT,2025-08-18 04:00:00,2025-08-18 08:00:00,2025-08-26 04:00:00,0.4580747005988029,True,False,False,False
JASMYUSDT,2025-08-29 04:00:00,2025-08-29 08:00:00,2025-09-06 04:00:00,0.6957397129186605,True,True,True,False
JASMYUSDT,2025-09-21 12:00:00,2025-09-21 16:00:00,2025-09-22 04:00:00,1.9733329809725155,True,True,False,False
JASMYUSDT,2025-10-05 16:00:00,2025-10-05 20:00:00,2025-10-06 12:00:00,-1.0254034532374101,True,True,True,False
JASMYUSDT,2025-10-07 16:00:00,2025-10-07 20:00:00,2025-10-10 20:00:00,1.9875387665198236,True,True,False,False
JASMYUSDT,2025-10-28 00:00:00,2025-10-28 04:00:00,2025-11-03 12:00:00,1.988001955671447,True,True,True,False
JASMYUSDT,2025-11-11 04:00:00,2025-11-11 08:00:00,2025-11-16 16:00:00,1.987531548480463,True,True,True,False
JASMYUSDT,2025-11-29 20:00:00,2025-11-30 00:00:00,2025-12-07 20:00:00,0.8821040421792622,True,True,True,False
JASMYUSDT,2025-12-12 12:00:00,2025-12-12 16:00:00,2025-12-15 16:00:00,1.9820217522658607,True,True,True,False
JASMYUSDT,2025-12-18 16:00:00,2025-12-18 20:00:00,2025-12-19 12:00:00,-1.014983427495292,True,True,True,False
JASMYUSDT,2025-12-25 20:00:00,2025-12-26 00:00:00,2026-01-02 16:00:00,-1.0280237288135592,True,True,True,False
JASMYUSDT,2026-01-15 00:00:00,2026-01-15 04:00:00,2026-01-19 00:00:00,1.9892526390870184,True,False,False,False
JASMYUSDT,2026-01-29 08:00:00,2026-01-29 12:00:00,2026-01-31 16:00:00,1.9863337182448035,True,True,True,False
JASMYUSDT,2026-02-18 16:00:00,2026-02-18 20:00:00,2026-02-26 16:00:00,-0.3648814814814816,True,True,True,False
JASMYUSDT,2026-03-07 16:00:00,2026-03-07 20:00:00,2026-03-09 04:00:00,-1.032325641025641,True,True,True,False
JASMYUSDT,2026-03-21 20:00:00,2026-03-22 00:00:00,2026-03-29 20:00:00,0.5886831325301211,True,True,False,False
JASMYUSDT,2026-04-05 00:00:00,2026-04-05 04:00:00,2026-04-06 00:00:00,-1.0695199999999998,True,True,False,False
JASMYUSDT,2026-04-07 04:00:00,2026-04-07 08:00:00,2026-04-07 20:00:00,-1.0270247191011235,True,True,False,False
JASMYUSDT,2026-04-29 12:00:00,2026-04-29 16:00:00,2026-05-07 12:00:00,-0.5098348684210519,True,False,False,False
JASMYUSDT,2026-05-17 20:00:00,2026-05-18 00:00:00,2026-05-25 20:00:00,0.40576996805111737,True,False,False,False
JASMYUSDT,2026-05-27 08:00:00,2026-05-27 12:00:00,2026-06-04 00:00:00,1.9876785166240407,True,True,False,False
JASMYUSDT,2026-06-18 12:00:00,2026-06-18 16:00:00,2026-06-26 12:00:00,-0.05745742092457338,True,True,False,False
JASMYUSDT,2026-06-28 08:00:00,2026-06-28 12:00:00,2026-07-02 16:00:00,-1.0280703196347032,True,True,True,False
JASMYUSDT,2026-07-06 08:00:00,2026-07-06 12:00:00,2026-07-14 08:00:00,0.6716691449814112,True,True,False,False
JASMYUSDT,2026-07-22 04:00:00,2026-07-22 08:00:00,2026-07-30 04:00:00,0.7016146718146695,True,True,False,False
JASMYUSDT,2026-08-03 08:00:00,2026-08-03 12:00:00,2026-08-11 08:00:00,1.0923769585253456,True,True,False,False
JASMYUSDT,2026-08-14 20:00:00,2026-08-15 00:00:00,2026-08-21 08:00:00,-1.0144214659685866,True,True,False,False
JCTUSDT,2025-12-29 12:00:00,2025-12-29 16:00:00,2026-01-01 16:00:00,-1.0173444444444446,True,False,True,False
JCTUSDT,2026-01-11 20:00:00,2026-01-12 00:00:00,2026-01-14 04:00:00,-1.0151122222222224,True,True,False,False
JCTUSDT,2026-01-29 04:00:00,2026-01-29 08:00:00,2026-02-02 00:00:00,1.9872342105263157,True,True,True,False
JCTUSDT,2026-03-31 04:00:00,2026-03-31 08:00:00,2026-04-01 08:00:00,-1.0223034482758622,True,False,True,False
JOEUSDT,2024-09-18 12:00:00,2024-09-18 16:00:00,2024-09-18 20:00:00,-1.0200244343891405,True,False,False,True
JOEUSDT,2024-10-09 16:00:00,2024-10-09 20:00:00,2024-10-11 20:00:00,-1.031451300070274,True,False,False,False
JOEUSDT,2024-11-02 12:00:00,2024-11-02 16:00:00,2024-11-06 00:00:00,-1.0216546397096944,True,True,True,False
JOEUSDT,2025-01-13 00:00:00,2025-01-13 04:00:00,2025-01-15 04:00:00,-1.0191468076453845,True,True,True,False
JOEUSDT,2025-01-18 16:00:00,2025-01-18 20:00:00,2025-01-26 16:00:00,-0.025293987436434236,True,True,True,False
JOEUSDT,2025-02-01 08:00:00,2025-02-01 12:00:00,2025-02-02 16:00:00,1.9875384615384613,True,True,True,False
JOEUSDT,2025-02-18 04:00:00,2025-02-18 08:00:00,2025-02-20 12:00:00,-1.0159089641434265,True,True,True,False
JOEUSDT,2025-03-09 08:00:00,2025-03-09 12:00:00,2025-03-10 16:00:00,1.986515627466456,True,True,True,False
JOEUSDT,2025-03-21 08:00:00,2025-03-21 12:00:00,2025-03-24 00:00:00,-1.014591876430206,True,True,True,False
JOEUSDT,2025-04-16 04:00:00,2025-04-16 08:00:00,2025-04-20 00:00:00,-1.014625432756325,True,True,True,False
JOEUSDT,2025-05-05 12:00:00,2025-05-05 16:00:00,2025-05-08 08:00:00,-1.0256820618556701,True,False,False,False
JOEUSDT,2025-05-17 00:00:00,2025-05-17 04:00:00,2025-05-22 00:00:00,-1.0220219312602292,True,False,False,False
JOEUSDT,2025-05-28 04:00:00,2025-05-28 08:00:00,2025-05-30 04:00:00,1.9873868613138685,True,False,False,False
JOEUSDT,2025-06-17 12:00:00,2025-06-17 16:00:00,2025-06-25 12:00:00,0.6104234234234246,True,True,True,False
JOEUSDT,2025-07-31 20:00:00,2025-08-01 00:00:00,2025-08-05 04:00:00,-1.0154267057960382,True,False,False,False
JOEUSDT,2025-08-19 16:00:00,2025-08-19 20:00:00,2025-08-22 16:00:00,-1.022398527865405,True,True,False,False
JOEUSDT,2025-09-04 04:00:00,2025-09-04 08:00:00,2025-09-10 12:00:00,-1.015376304654443,True,False,True,False
JOEUSDT,2025-09-21 12:00:00,2025-09-21 16:00:00,2025-09-22 04:00:00,1.9866242857142855,True,False,False,False
JOEUSDT,2025-09-30 00:00:00,2025-09-30 04:00:00,2025-10-01 08:00:00,-1.022180502512563,True,True,True,False
JOEUSDT,2025-10-04 12:00:00,2025-10-04 16:00:00,2025-10-10 20:00:00,1.9908017441860464,True,False,True,False
JOEUSDT,2025-10-22 16:00:00,2025-10-22 20:00:00,2025-10-27 00:00:00,-1.0142160730593608,True,True,True,False
JOEUSDT,2025-11-16 16:00:00,2025-11-16 20:00:00,2025-11-24 16:00:00,0.31681354019746144,True,True,True,False
JOEUSDT,2025-11-30 20:00:00,2025-12-01 00:00:00,2025-12-08 20:00:00,0.4970344055944049,True,True,True,False
JOEUSDT,2025-12-12 12:00:00,2025-12-12 16:00:00,2025-12-17 20:00:00,1.9854062200956935,True,True,True,False
JOEUSDT,2026-01-06 16:00:00,2026-01-06 20:00:00,2026-01-14 16:00:00,0.44360398009950464,True,False,False,False
JOEUSDT,2026-01-18 20:00:00,2026-01-19 00:00:00,2026-01-26 20:00:00,1.3666890322580643,True,True,False,False
JOEUSDT,2026-01-29 00:00:00,2026-01-29 04:00:00,2026-01-31 16:00:00,1.9892377622377622,True,True,True,False
JOEUSDT,2026-03-14 04:00:00,2026-03-14 08:00:00,2026-03-16 20:00:00,-1.0209528089887643,True,True,True,False
JOEUSDT,2026-03-21 08:00:00,2026-03-21 12:00:00,2026-03-23 12:00:00,-1.0395753623188406,True,False,False,False
JOEUSDT,2026-04-02 00:00:00,2026-04-02 04:00:00,2026-04-06 00:00:00,-1.024404854368932,True,True,False,False
JOEUSDT,2026-04-28 04:00:00,2026-04-28 08:00:00,2026-04-30 20:00:00,-1.0224049822064059,True,False,False,False
JOEUSDT,2026-05-26 16:00:00,2026-05-26 20:00:00,2026-06-02 16:00:00,1.9829788018433177,True,True,False,False
JOEUSDT,2026-06-04 00:00:00,2026-06-04 04:00:00,2026-06-06 04:00:00,1.989683279742765,True,True,True,False
JOEUSDT,2026-06-10 08:00:00,2026-06-10 12:00:00,2026-06-12 16:00:00,-1.0141118055555556,True,True,True,False
JOEUSDT,2026-06-22 20:00:00,2026-06-23 00:00:00,2026-06-25 12:00:00,1.9838784883720928,True,True,False,False
JOEUSDT,2026-06-30 20:00:00,2026-07-01 00:00:00,2026-07-01 12:00:00,-1.0236121951219512,True,True,True,False
JOEUSDT,2026-07-08 00:00:00,2026-07-08 04:00:00,2026-07-16 00:00:00,0.11278378378378318,True,True,False,False
JOEUSDT,2026-07-23 16:00:00,2026-07-23 20:00:00,2026-07-25 12:00:00,-1.0182066985645934,True,True,False,False
JPMUSDT,2026-06-20 00:00:00,2026-06-20 04:00:00,2026-06-22 12:00:00,-1.0657736231884058,True,False,True,False
JPMUSDT,2026-06-26 16:00:00,2026-06-26 20:00:00,2026-07-04 16:00:00,-0.423644384667117,True,False,True,False
JPMUSDT,2026-07-08 16:00:00,2026-07-08 20:00:00,2026-07-14 12:00:00,-1.038520399666944,True,False,False,False
JPMUSDT,2026-07-29 12:00:00,2026-07-29 16:00:00,2026-08-04 00:00:00,-1.046147119924457,True,False,False,False
JPMUSDT,2026-08-19 12:00:00,2026-08-19 16:00:00,2026-08-27 12:00:00,0.21868638392857595,True,False,False,False
JSTUSDT,2025-05-03 04:00:00,2025-05-03 08:00:00,2025-05-09 04:00:00,-1.042176174496644,True,False,False,False
JSTUSDT,2025-05-15 04:00:00,2025-05-15 08:00:00,2025-05-22 08:00:00,-1.0197858601728202,True,False,False,False
JSTUSDT,2025-05-25 12:00:00,2025-05-25 16:00:00,2025-05-30 16:00:00,1.977177975766215,True,False,False,False
JSTUSDT,2025-06-12 08:00:00,2025-06-12 12:00:00,2025-06-20 08:00:00,-0.2454394387561639,True,False,True,False
JSTUSDT,2025-06-22 16:00:00,2025-06-22 20:00:00,2025-06-23 16:00:00,-1.0204090579710146,True,True,True,False
JSTUSDT,2025-07-05 00:00:00,2025-07-05 04:00:00,2025-07-10 00:00:00,-1.0540732203389827,True,False,True,False
JSTUSDT,2025-07-15 00:00:00,2025-07-15 04:00:00,2025-07-16 12:00:00,-1.04305991416309,True,False,False,False
JSTUSDT,2025-07-23 16:00:00,2025-07-23 20:00:00,2025-07-29 08:00:00,-1.0291594609769792,True,False,False,False
JSTUSDT,2025-08-12 08:00:00,2025-08-12 12:00:00,2025-08-14 04:00:00,-1.031220564516129,True,True,False,False
JSTUSDT,2025-08-15 12:00:00,2025-08-15 16:00:00,2025-08-23 00:00:00,-1.0246890783164624,True,True,False,False
JSTUSDT,2025-09-04 00:00:00,2025-09-04 04:00:00,2025-09-12 00:00:00,0.1508884433962304,True,True,True,False
JSTUSDT,2025-09-15 12:00:00,2025-09-15 16:00:00,2025-09-20 08:00:00,-1.0372539556962024,True,True,False,False
JSTUSDT,2025-10-09 08:00:00,2025-10-09 12:00:00,2025-10-10 20:00:00,-1.0623662551440327,True,True,True,False
JSTUSDT,2025-11-03 12:00:00,2025-11-03 16:00:00,2025-11-03 20:00:00,-1.0414576358930112,True,False,True,False
JSTUSDT,2025-12-07 20:00:00,2025-12-08 00:00:00,2025-12-15 20:00:00,-0.14260789473684252,True,False,True,False
JSTUSDT,2025-12-24 04:00:00,2025-12-24 08:00:00,2025-12-30 16:00:00,-1.043899043062201,True,False,True,False
JSTUSDT,2026-01-10 12:00:00,2026-01-10 16:00:00,2026-01-18 12:00:00,0.3202803512623481,True,False,False,False
JSTUSDT,2026-02-05 16:00:00,2026-02-05 20:00:00,2026-02-07 00:00:00,-1.0257314392175128,True,True,True,False
JSTUSDT,2026-02-11 04:00:00,2026-02-11 08:00:00,2026-02-19 04:00:00,-0.34619094039735127,True,False,True,False
JSTUSDT,2026-03-04 16:00:00,2026-03-04 20:00:00,2026-03-06 00:00:00,-1.0209936342968498,True,False,True,False
JSTUSDT,2026-05-03 00:00:00,2026-05-03 04:00:00,2026-05-11 00:00:00,-0.6465871313672916,True,False,False,False
JSTUSDT,2026-05-18 00:00:00,2026-05-18 04:00:00,2026-05-19 08:00:00,-1.034340947075209,True,False,False,False
JSTUSDT,2026-05-31 00:00:00,2026-05-31 04:00:00,2026-06-03 16:00:00,1.987880089153046,True,False,True,False
JSTUSDT,2026-06-24 16:00:00,2026-06-24 20:00:00,2026-06-27 08:00:00,-1.0269374701670644,True,True,True,False
JSTUSDT,2026-07-15 08:00:00,2026-07-15 12:00:00,2026-07-22 00:00:00,-1.019694428152493,True,False,False,False
JSTUSDT,2026-07-28 12:00:00,2026-07-28 16:00:00,2026-08-02 16:00:00,-1.024230397236615,True,False,False,False
JSTUSDT,2026-08-05 04:00:00,2026-08-05 08:00:00,2026-08-11 04:00:00,1.968152901023891,True,False,False,False
KAIAUSDT,2024-12-29 16:00:00,2024-12-29 20:00:00,2024-12-31 12:00:00,-1.0288,True,False,True,False
KAIAUSDT,2025-01-13 04:00:00,2025-01-13 08:00:00,2025-01-15 00:00:00,-1.0155944444444447,True,False,True,False
KAIAUSDT,2025-01-26 20:00:00,2025-01-27 00:00:00,2025-02-01 20:00:00,1.9822405940594057,True,True,True,False
KAIAUSDT,2025-02-06 12:00:00,2025-02-06 16:00:00,2025-02-14 12:00:00,-0.037563106796117046,True,True,True,False
KAIAUSDT,2025-02-18 04:00:00,2025-02-18 08:00:00,2025-02-21 08:00:00,-1.0206906976744188,True,True,True,False
KAIAUSDT,2025-02-28 00:00:00,2025-02-28 04:00:00,2025-03-02 20:00:00,-1.0147625000000002,True,True,True,False
KAIAUSDT,2025-03-09 16:00:00,2025-03-09 20:00:00,2025-03-17 16:00:00,0.10643370786516908,True,True,True,False
KAIAUSDT,2025-03-18 08:00:00,2025-03-18 12:00:00,2025-03-19 12:00:00,-1.0289058823529411,True,True,True,False
KAIAUSDT,2025-03-28 12:00:00,2025-03-28 16:00:00,2025-04-04 00:00:00,-1.0240032258064515,True,True,True,False
KAIAUSDT,2025-04-06 12:00:00,2025-04-06 16:00:00,2025-04-07 04:00:00,1.9791199999999998,True,True,True,False
KAIAUSDT,2025-04-28 12:00:00,2025-04-28 16:00:00,2025-04-29 08:00:00,-1.0176528735632187,True,False,False,False
KAIAUSDT,2025-05-06 08:00:00,2025-05-06 12:00:00,2025-05-07 04:00:00,-1.0252,True,False,False,False
KAIAUSDT,2025-05-15 04:00:00,2025-05-15 08:00:00,2025-05-23 04:00:00,-0.36455897435897483,True,False,False,False
KAIAUSDT,2025-05-25 12:00:00,2025-05-25 16:00:00,2025-05-30 16:00:00,1.9754428571428568,True,False,False,False
KAIAUSDT,2025-06-28 04:00:00,2025-06-28 08:00:00,2025-07-06 00:00:00,1.9864605263157893,True,False,True,False
KAIAUSDT,2025-07-15 00:00:00,2025-07-15 04:00:00,2025-07-17 04:00:00,-1.018384210526316,True,False,False,False
KAIAUSDT,2025-07-23 12:00:00,2025-07-23 16:00:00,2025-07-31 12:00:00,1.2128306306306298,True,False,False,False
KAIAUSDT,2025-07-31 20:00:00,2025-08-01 00:00:00,2025-08-08 20:00:00,-0.16606019417475734,True,True,False,False
KAIAUSDT,2025-08-19 12:00:00,2025-08-19 16:00:00,2025-08-27 12:00:00,-0.42897571428571474,True,True,False,False
KAIAUSDT,2025-09-15 12:00:00,2025-09-15 16:00:00,2025-09-22 00:00:00,-1.0195236363636366,True,False,False,False
KAIAUSDT,2025-09-22 04:00:00,2025-09-22 08:00:00,2025-09-30 04:00:00,0.06072876712328887,True,False,False,False
KAIAUSDT,2025-10-04 08:00:00,2025-10-04 12:00:00,2025-10-08 00:00:00,1.9737615384615381,True,False,True,False
KAIAUSDT,2025-10-16 12:00:00,2025-10-16 16:00:00,2025-10-24 12:00:00,0.016428571428570852,True,True,True,False
KAIAUSDT,2025-10-30 04:00:00,2025-10-30 08:00:00,2025-11-03 12:00:00,1.9854636363636362,True,True,True,False
KAIAUSDT,2025-11-12 16:00:00,2025-11-12 20:00:00,2025-11-20 16:00:00,1.7982791208791213,True,True,True,False
KAIAUSDT,2025-11-21 00:00:00,2025-11-21 04:00:00,2025-11-29 00:00:00,-0.12132424242424193,True,True,True,False
KAIAUSDT,2025-11-29 04:00:00,2025-11-29 08:00:00,2025-12-07 04:00:00,-0.21137746478873298,True,True,True,False
KAIAUSDT,2025-12-11 00:00:00,2025-12-11 04:00:00,2025-12-18 00:00:00,1.9902815789473682,True,True,True,False
KAIAUSDT,2025-12-23 12:00:00,2025-12-23 16:00:00,2025-12-31 12:00:00,0.5504216216216232,True,True,True,False
KAIAUSDT,2026-01-10 20:00:00,2026-01-11 00:00:00,2026-01-16 12:00:00,1.9757491596638652,True,True,False,False
KAIAUSDT,2026-01-18 08:00:00,2026-01-18 12:00:00,2026-01-19 00:00:00,1.977118777292576,True,True,False,False
KAIAUSDT,2026-02-19 08:00:00,2026-02-19 12:00:00,2026-02-26 00:00:00,-1.0254249180327868,True,True,True,False
KAIAUSDT,2026-03-06 12:00:00,2026-03-06 16:00:00,2026-03-10 12:00:00,-1.0222186746987953,True,True,True,False
KAIAUSDT,2026-03-14 12:00:00,2026-03-14 16:00:00,2026-03-16 20:00:00,-1.0308057613168724,True,True,True,False
KAIAUSDT,2026-03-18 12:00:00,2026-03-18 16:00:00,2026-03-26 12:00:00,1.0659134020618548,True,True,False,False
KAIAUSDT,2026-04-05 12:00:00,2026-04-05 16:00:00,2026-04-13 12:00:00,0.03930058139534842,True,True,False,False
KAIAUSDT,2026-04-23 00:00:00,2026-04-23 04:00:00,2026-04-25 08:00:00,-1.035579569892473,True,True,False,False
KAIAUSDT,2026-04-27 12:00:00,2026-04-27 16:00:00,2026-05-05 12:00:00,0.07294560669455938,True,True,False,False
KAIAUSDT,2026-05-12 04:00:00,2026-05-12 08:00:00,2026-05-17 00:00:00,-1.0363315217391305,True,False,False,False
KAIAUSDT,2026-05-25 20:00:00,2026-05-26 00:00:00,2026-05-27 20:00:00,1.9718428571428568,True,False,False,False
KAIAUSDT,2026-06-02 12:00:00,2026-06-02 16:00:00,2026-06-05 00:00:00,1.9862100671140939,True,True,False,False
KAIAUSDT,2026-06-10 08:00:00,2026-06-10 12:00:00,2026-06-14 08:00:00,-1.016608026755853,True,True,True,False
KAIAUSDT,2026-06-23 04:00:00,2026-06-23 08:00:00,2026-06-23 12:00:00,-1.02426213592233,True,True,False,False
KAIAUSDT,2026-07-06 08:00:00,2026-07-06 12:00:00,2026-07-14 08:00:00,0.7653934959349564,True,True,False,False
KAIAUSDT,2026-07-17 04:00:00,2026-07-17 08:00:00,2026-07-25 04:00:00,1.9809557692307689,True,True,False,False
KAIAUSDT,2026-07-27 04:00:00,2026-07-27 08:00:00,2026-07-27 20:00:00,1.9809499999999998,True,True,False,False
KAIAUSDT,2026-08-10 12:00:00,2026-08-10 16:00:00,2026-08-15 20:00:00,1.976911538461538,True,True,False,False
KASUSDT,2024-09-03 12:00:00,2024-09-03 16:00:00,2024-09-06 20:00:00,1.9804306722689073,True,False,False,True
KASUSDT,2024-09-22 08:00:00,2024-09-22 12:00:00,2024-09-27 12:00:00,-1.0481842975206612,True,False,False,False
KASUSDT,2024-10-06 20:00:00,2024-10-07 00:00:00,2024-10-10 16:00:00,1.980637104072398,True,False,False,False
KASUSDT,2024-10-16 16:00:00,2024-10-16 20:00:00,2024-10-22 12:00:00,-1.0265475504322765,True,False,False,False
KASUSDT,2024-10-25 04:00:00,2024-10-25 08:00:00,2024-10-25 20:00:00,1.982715939849624,True,True,False,False
KASUSDT,2024-10-29 12:00:00,2024-10-29 16:00:00,2024-11-04 16:00:00,1.9837649532710278,True,True,True,False
KASUSDT,2024-12-26 08:00:00,2024-12-26 12:00:00,2025-01-02 08:00:00,-1.016185020242915,True,True,True,False
KASUSDT,2025-01-07 12:00:00,2025-01-07 16:00:00,2025-01-14 08:00:00,-1.0159827619980413,True,True,True,False
KASUSDT,2025-01-27 00:00:00,2025-01-27 04:00:00,2025-01-30 12:00:00,-1.0201124287343217,True,True,True,False
KASUSDT,2025-02-24 00:00:00,2025-02-24 04:00:00,2025-02-28 00:00:00,1.9896672661870503,True,True,True,False
KASUSDT,2025-03-07 08:00:00,2025-03-07 12:00:00,2025-03-09 16:00:00,1.9873929824561403,True,True,True,False
KASUSDT,2025-03-24 20:00:00,2025-03-25 00:00:00,2025-03-29 00:00:00,1.9871725454545452,True,True,True,False
KASUSDT,2025-05-25 04:00:00,2025-05-25 08:00:00,2025-05-30 00:00:00,1.9834390542907179,True,False,False,False
KASUSDT,2025-06-21 12:00:00,2025-06-21 16:00:00,2025-06-23 20:00:00,-1.0217468822170903,True,True,True,False
KASUSDT,2025-07-06 00:00:00,2025-07-06 04:00:00,2025-07-06 12:00:00,-1.0378715328467154,True,True,True,False
KASUSDT,2025-08-11 08:00:00,2025-08-11 12:00:00,2025-08-12 20:00:00,-1.021840963855422,True,False,False,False
KASUSDT,2025-08-18 04:00:00,2025-08-18 08:00:00,2025-08-26 04:00:00,0.2439806201550386,True,False,False,False
KASUSDT,2025-08-29 08:00:00,2025-08-29 12:00:00,2025-09-06 08:00:00,1.2007058451816726,True,True,True,False
KASUSDT,2025-09-19 16:00:00,2025-09-19 20:00:00,2025-09-27 16:00:00,1.1220537993920956,True,False,False,False
KASUSDT,2025-09-30 12:00:00,2025-09-30 16:00:00,2025-10-01 16:00:00,-1.023729840546697,True,True,True,False
KASUSDT,2025-10-09 12:00:00,2025-10-09 16:00:00,2025-10-10 20:00:00,1.99057204610951,True,True,True,False
KASUSDT,2025-10-15 16:00:00,2025-10-15 20:00:00,2025-10-23 16:00:00,1.080340784313725,True,True,True,False
KASUSDT,2025-11-16 16:00:00,2025-11-16 20:00:00,2025-11-21 04:00:00,1.9878975155279501,True,True,True,False
KASUSDT,2025-12-06 16:00:00,2025-12-06 20:00:00,2025-12-07 16:00:00,-1.0240317567567567,True,False,True,False
KASUSDT,2025-12-12 12:00:00,2025-12-12 16:00:00,2025-12-20 12:00:00,0.33541000000000026,True,True,True,False
KASUSDT,2025-12-24 12:00:00,2025-12-24 16:00:00,2025-12-26 04:00:00,-1.0305019801980198,True,True,True,False
KASUSDT,2025-12-29 12:00:00,2025-12-29 16:00:00,2026-01-02 12:00:00,-1.0359988304093568,True,True,True,False
KASUSDT,2026-01-15 16:00:00,2026-01-15 20:00:00,2026-01-23 16:00:00,1.292466326530611,True,True,False,False
KASUSDT,2026-01-25 16:00:00,2026-01-25 20:00:00,2026-01-31 16:00:00,1.9903892857142855,True,True,True,False
KASUSDT,2026-02-18 16:00:00,2026-02-18 20:00:00,2026-02-26 08:00:00,-1.0253883040935672,True,True,True,False
KASUSDT,2026-03-07 20:00:00,2026-03-08 00:00:00,2026-03-09 08:00:00,-1.0627454545454544,True,True,True,False
KASUSDT,2026-03-23 04:00:00,2026-03-23 08:00:00,2026-03-24 12:00:00,-1.0170464788732396,True,False,True,False
KASUSDT,2026-03-29 12:00:00,2026-03-29 16:00:00,2026-04-06 12:00:00,0.4571304918032792,True,False,True,False
KASUSDT,2026-04-12 20:00:00,2026-04-13 00:00:00,2026-04-16 20:00:00,-1.0159854545454547,True,False,False,False
KASUSDT,2026-04-21 16:00:00,2026-04-21 20:00:00,2026-04-29 16:00:00,1.021184415584418,True,False,False,False
KASUSDT,2026-05-15 08:00:00,2026-05-15 12:00:00,2026-05-23 08:00:00,1.6115488584474902,True,False,False,False
KASUSDT,2026-05-26 20:00:00,2026-05-27 00:00:00,2026-06-01 12:00:00,1.98095974025974,True,True,False,False
KASUSDT,2026-06-21 20:00:00,2026-06-22 00:00:00,2026-06-29 20:00:00,-0.896126865671642,True,True,True,False
KASUSDT,2026-07-06 04:00:00,2026-07-06 08:00:00,2026-07-13 00:00:00,1.9772099173553717,True,True,False,False
KASUSDT,2026-07-18 12:00:00,2026-07-18 16:00:00,2026-07-19 12:00:00,-1.0609999999999997,True,True,False,False
KASUSDT,2026-07-23 16:00:00,2026-07-23 20:00:00,2026-07-26 08:00:00,-1.0619555555555553,True,True,False,False
KASUSDT,2026-07-29 16:00:00,2026-07-29 20:00:00,2026-08-03 12:00:00,1.967168,True,True,False,False
KASUSDT,2026-08-06 12:00:00,2026-08-06 16:00:00,2026-08-07 16:00:00,-1.0334415094339622,True,True,False,False
KASUSDT,2026-08-12 16:00:00,2026-08-12 20:00:00,2026-08-16 08:00:00,-1.0433317073170731,True,True,False,False
KASUSDT,2026-08-18 00:00:00,2026-08-18 04:00:00,2026-08-19 12:00:00,-1.0322381818181818,True,True,False,False
KDAUSDT,2024-09-29 04:00:00,2024-09-29 08:00:00,2024-10-03 08:00:00,1.9880313725490195,True,False,False,False
KDAUSDT,2024-10-09 16:00:00,2024-10-09 20:00:00,2024-10-11 20:00:00,-1.0246731707317074,True,False,False,False
KDAUSDT,2024-10-17 08:00:00,2024-10-17 12:00:00,2024-10-18 08:00:00,-1.0152144249512671,True,False,False,False
KDAUSDT,2024-12-14 12:00:00,2024-12-14 16:00:00,2024-12-15 20:00:00,-1.014196875,True,False,False,False
KDAUSDT,2024-12-29 20:00:00,2024-12-30 00:00:00,2025-01-06 12:00:00,-1.0151109375,True,True,True,False
KDAUSDT,2025-01-28 16:00:00,2025-01-28 20:00:00,2025-01-30 16:00:00,-1.0158985691573927,True,True,True,False
KDAUSDT,2025-02-15 12:00:00,2025-02-15 16:00:00,2025-02-23 12:00:00,0.11257418111753481,True,True,True,False
KDAUSDT,2025-03-26 16:00:00,2025-03-26 20:00:00,2025-04-02 00:00:00,1.9907442105263158,True,False,True,False
KDAUSDT,2025-04-06 16:00:00,2025-04-06 20:00:00,2025-04-07 04:00:00,1.986172727272727,True,True,True,False
KDAUSDT,2025-05-23 16:00:00,2025-05-23 20:00:00,2025-05-31 00:00:00,1.9909680284191829,True,False,False,False
KDAUSDT,2025-06-04 20:00:00,2025-06-05 00:00:00,2025-06-09 20:00:00,-1.0177558073654394,True,True,True,False
KDAUSDT,2025-06-17 08:00:00,2025-06-17 12:00:00,2025-06-22 12:00:00,1.9896526011560691,True,True,True,False
KDAUSDT,2025-07-08 00:00:00,2025-07-08 04:00:00,2025-07-09 16:00:00,-1.0244112676056338,True,True,True,False
KDAUSDT,2025-07-23 12:00:00,2025-07-23 16:00:00,2025-07-30 08:00:00,1.9906685185185184,True,False,False,False
KDAUSDT,2025-08-29 04:00:00,2025-08-29 08:00:00,2025-09-06 04:00:00,0.3281938461538468,True,True,True,False
KDAUSDT,2025-09-22 00:00:00,2025-09-22 04:00:00,2025-09-30 00:00:00,0.7780414545454529,True,True,False,False
KDAUSDT,2025-10-04 12:00:00,2025-10-04 16:00:00,2025-10-10 20:00:00,1.9880666666666664,True,False,True,False
KERNELUSDT,2025-05-19 04:00:00,2025-05-19 08:00:00,2025-05-21 12:00:00,-1.01715593220339,True,False,False,False
KERNELUSDT,2025-06-09 04:00:00,2025-06-09 08:00:00,2025-06-09 20:00:00,-1.0297281249999999,True,True,True,False
KERNELUSDT,2025-07-05 16:00:00,2025-07-05 20:00:00,2025-07-06 12:00:00,-1.0367315789473683,True,True,True,False
KERNELUSDT,2025-08-11 08:00:00,2025-08-11 12:00:00,2025-08-19 08:00:00,0.05999405940594067,True,False,False,False
KERNELUSDT,2025-08-29 04:00:00,2025-08-29 08:00:00,2025-08-31 08:00:00,-1.0149767441860467,True,False,True,False
KERNELUSDT,2025-09-14 08:00:00,2025-09-14 12:00:00,2025-09-18 12:00:00,-1.0149433155080216,True,False,False,False
KERNELUSDT,2025-10-01 00:00:00,2025-10-01 04:00:00,2025-10-02 00:00:00,-1.0210459016393445,True,True,True,False
KERNELUSDT,2025-11-02 08:00:00,2025-11-02 12:00:00,2025-11-03 00:00:00,1.9817677419354838,True,True,True,False
KERNELUSDT,2025-11-30 08:00:00,2025-11-30 12:00:00,2025-12-01 00:00:00,1.9784486486486483,True,True,True,False
KERNELUSDT,2025-12-05 16:00:00,2025-12-05 20:00:00,2025-12-13 16:00:00,0.9086567164179102,True,True,True,False
KERNELUSDT,2025-12-14 04:00:00,2025-12-14 08:00:00,2025-12-14 20:00:00,1.9657526315789475,True,True,True,False
KERNELUSDT,2026-01-11 04:00:00,2026-01-11 08:00:00,2026-01-19 00:00:00,1.9841343457943923,True,True,False,False
KERNELUSDT,2026-02-18 16:00:00,2026-02-18 20:00:00,2026-02-20 00:00:00,-1.0267362831858406,True,True,True,False
KERNELUSDT,2026-03-29 12:00:00,2026-03-29 16:00:00,2026-03-31 04:00:00,-1.014659747545582,True,True,True,False
KERNELUSDT,2026-04-11 08:00:00,2026-04-11 12:00:00,2026-04-13 08:00:00,-1.0210805194805197,True,True,False,False
KERNELUSDT,2026-04-16 08:00:00,2026-04-16 12:00:00,2026-04-18 16:00:00,1.9876884228187919,True,True,False,False
KERNELUSDT,2026-04-29 04:00:00,2026-04-29 08:00:00,2026-05-01 04:00:00,1.9720871428571425,True,True,False,False
KERNELUSDT,2026-05-02 12:00:00,2026-05-02 16:00:00,2026-05-04 08:00:00,-1.0340610441767069,True,True,False,False
KERNELUSDT,2026-05-12 08:00:00,2026-05-12 12:00:00,2026-05-15 04:00:00,-1.026323353293413,True,True,False,False
KERNELUSDT,2026-05-17 20:00:00,2026-05-18 00:00:00,2026-05-19 12:00:00,-1.0140845637583893,True,True,False,False
KERNELUSDT,2026-05-22 16:00:00,2026-05-22 20:00:00,2026-05-30 16:00:00,-0.013095752895751739,True,True,False,False
KERNELUSDT,2026-06-09 00:00:00,2026-06-09 04:00:00,2026-06-15 00:00:00,-1.0176437333333335,True,True,True,False
KERNELUSDT,2026-06-24 12:00:00,2026-06-24 16:00:00,2026-06-25 08:00:00,-1.0183459283387624,True,True,True,False
KERNELUSDT,2026-07-01 00:00:00,2026-07-01 04:00:00,2026-07-01 20:00:00,-1.0275164948453608,True,True,True,False
KERNELUSDT,2026-07-08 00:00:00,2026-07-08 04:00:00,2026-07-16 00:00:00,0.36289375000000124,True,True,False,False
KERNELUSDT,2026-07-16 08:00:00,2026-07-16 12:00:00,2026-07-18 12:00:00,1.9789830188679243,True,True,False,False
KERNELUSDT,2026-07-20 00:00:00,2026-07-20 04:00:00,2026-07-21 00:00:00,-1.0252378378378377,True,True,False,False
KERNELUSDT,2026-07-26 04:00:00,2026-07-26 08:00:00,2026-08-03 04:00:00,1.7417291005291038,True,True,False,False
KERNELUSDT,2026-08-12 20:00:00,2026-08-13 00:00:00,2026-08-20 20:00:00,-0.49152779552715586,True,True,False,False
KEYUSDT,2024-09-05 04:00:00,2024-09-05 08:00:00,2024-09-13 04:00:00,0.5736786516853947,True,False,False,True
KEYUSDT,2024-09-18 12:00:00,2024-09-18 16:00:00,2024-09-18 20:00:00,-1.0242022988505748,True,False,False,True
KEYUSDT,2024-09-28 16:00:00,2024-09-28 20:00:00,2024-10-01 16:00:00,1.9824761182994453,True,False,False,False
KEYUSDT,2024-10-08 12:00:00,2024-10-08 16:00:00,2024-10-10 04:00:00,-1.019257898832685,True,False,False,False
KEYUSDT,2024-11-02 12:00:00,2024-11-02 16:00:00,2024-11-07 00:00:00,-1.0197962786672439,True,True,True,False
KEYUSDT,2024-11-19 12:00:00,2024-11-19 16:00:00,2024-11-24 04:00:00,-1.0185472253680636,True,False,False,False
KOMAUSDT,2025-01-07 00:00:00,2025-01-07 04:00:00,2025-01-08 00:00:00,1.9904949868073878,True,False,True,False
KOMAUSDT,2025-04-01 08:00:00,2025-04-01 12:00:00,2025-04-06 16:00:00,1.9889557142857142,True,True,True,False
KOMAUSDT,2025-04-18 20:00:00,2025-04-19 00:00:00,2025-04-20 04:00:00,-1.016944117647059,True,True,True,False
KOMAUSDT,2025-05-25 00:00:00,2025-05-25 04:00:00,2025-05-26 04:00:00,-1.0235953846153845,True,True,False,False
KOMAUSDT,2025-06-09 04:00:00,2025-06-09 08:00:00,2025-06-09 20:00:00,-1.0380648648648647,True,True,True,False
KOMAUSDT,2025-06-17 08:00:00,2025-06-17 12:00:00,2025-06-22 12:00:00,1.9902185628742515,True,True,True,False
KOMAUSDT,2025-09-25 16:00:00,2025-09-25 20:00:00,2025-10-03 16:00:00,-1.0168968553459121,True,True,True,False
KOMAUSDT,2025-10-28 20:00:00,2025-10-29 00:00:00,2025-11-03 12:00:00,1.9857677966101692,True,True,True,False
KOMAUSDT,2025-11-12 12:00:00,2025-11-12 16:00:00,2025-11-20 12:00:00,1.3924210526315781,True,True,True,False
KOMAUSDT,2025-11-21 00:00:00,2025-11-21 04:00:00,2025-11-29 00:00:00,0.19181029411764633,True,True,True,False
KOMAUSDT,2025-12-04 16:00:00,2025-12-04 20:00:00,2025-12-12 16:00:00,1.3811034482758626,True,True,True,False
KOMAUSDT,2025-12-15 12:00:00,2025-12-15 16:00:00,2025-12-23 12:00:00,1.1284571428571453,True,True,True,False
KOMAUSDT,2026-01-23 20:00:00,2026-01-24 00:00:00,2026-01-31 16:00:00,1.9888608695652172,True,True,True,False
KOMAUSDT,2026-02-05 12:00:00,2026-02-05 16:00:00,2026-02-07 08:00:00,-1.0186327272727274,True,True,True,False
KOMAUSDT,2026-02-22 12:00:00,2026-02-22 16:00:00,2026-02-23 16:00:00,-1.0198857142857145,True,True,True,False
KOMAUSDT,2026-03-14 12:00:00,2026-03-14 16:00:00,2026-03-18 12:00:00,1.9884717665615141,True,False,True,False
KOMAUSDT,2026-03-27 08:00:00,2026-03-27 12:00:00,2026-03-30 12:00:00,-1.0454438502673795,True,True,False,False
KOMAUSDT,2026-04-27 04:00:00,2026-04-27 08:00:00,2026-05-05 04:00:00,0.36995411605938017,True,False,False,False
KOMAUSDT,2026-05-11 08:00:00,2026-05-11 12:00:00,2026-05-16 04:00:00,1.9905854193548387,True,False,False,False
KOMAUSDT,2026-05-17 20:00:00,2026-05-18 00:00:00,2026-05-20 00:00:00,-1.0180673387096775,True,True,False,False
KOMAUSDT,2026-05-22 16:00:00,2026-05-22 20:00:00,2026-05-28 12:00:00,1.9873457380457378,True,True,False,False
KOMAUSDT,2026-07-11 20:00:00,2026-07-12 00:00:00,2026-07-15 08:00:00,-1.0190331450094163,True,False,False,False
KOMAUSDT,2026-07-24 04:00:00,2026-07-24 08:00:00,2026-07-30 00:00:00,-1.016395508982036,True,False,False,False
LEVERUSDT,2024-09-30 20:00:00,2024-10-01 00:00:00,2024-10-03 08:00:00,1.9893270821842248,True,False,False,False
LEVERUSDT,2024-10-17 08:00:00,2024-10-17 12:00:00,2024-10-20 08:00:00,-1.0155405048076924,True,False,False,False
LEVERUSDT,2024-10-23 12:00:00,2024-10-23 16:00:00,2024-10-31 12:00:00,0.9841052112676085,True,True,False,False
LEVERUSDT,2024-12-02 00:00:00,2024-12-02 04:00:00,2024-12-03 00:00:00,-1.01491352297593,True,False,False,False
LEVERUSDT,2024-12-14 12:00:00,2024-12-14 16:00:00,2024-12-18 12:00:00,1.9879621034077555,True,False,False,False
LEVERUSDT,2025-01-07 12:00:00,2025-01-07 16:00:00,2025-01-15 12:00:00,0.3543910913140315,True,True,True,False
LEVERUSDT,2025-01-27 00:00:00,2025-01-27 04:00:00,2025-01-27 20:00:00,-1.0161629515757111,True,True,True,False
LEVERUSDT,2025-02-16 00:00:00,2025-02-16 04:00:00,2025-02-24 00:00:00,-0.032798036006547494,True,True,True,False
LEVERUSDT,2025-04-01 12:00:00,2025-04-01 16:00:00,2025-04-01 20:00:00,1.9893340425531914,True,True,True,False
LEVERUSDT,2025-05-03 08:00:00,2025-05-03 12:00:00,2025-05-07 08:00:00,-1.0151855855855858,True,True,False,False
LEVERUSDT,2025-05-17 16:00:00,2025-05-17 20:00:00,2025-05-18 16:00:00,-1.0170562929061786,True,True,False,False
LEVERUSDT,2025-05-29 16:00:00,2025-05-29 20:00:00,2025-05-31 08:00:00,1.989375909090909,True,True,False,False
LEVERUSDT,2025-06-17 12:00:00,2025-06-17 16:00:00,2025-06-25 12:00:00,0.623747630922694,True,True,True,False
LEVERUSDT,2025-07-18 20:00:00,2025-07-19 00:00:00,2025-07-26 20:00:00,0.3211265306122457,True,True,False,False
LEVERUSDT,2025-07-28 12:00:00,2025-07-28 16:00:00,2025-07-30 04:00:00,1.9843918918918917,True,True,False,False
LEVERUSDT,2025-08-01 20:00:00,2025-08-02 00:00:00,2025-08-06 16:00:00,-1.018484375,True,True,False,False
LISTAUSDT,2024-10-21 12:00:00,2024-10-21 16:00:00,2024-10-29 12:00:00,-0.15217042253521196,True,False,False,False
LISTAUSDT,2024-12-02 04:00:00,2024-12-02 08:00:00,2024-12-03 04:00:00,-1.0162512249443207,True,False,False,False
LISTAUSDT,2024-12-30 12:00:00,2024-12-30 16:00:00,2025-01-03 12:00:00,-1.0156615384615386,True,True,True,False
LISTAUSDT,2025-01-07 08:00:00,2025-01-07 12:00:00,2025-01-09 12:00:00,1.9899440944881888,True,True,True,False
LISTAUSDT,2025-01-24 20:00:00,2025-01-25 00:00:00,2025-01-27 04:00:00,1.98772027027027,True,True,True,False
LISTAUSDT,2025-03-28 00:00:00,2025-03-28 04:00:00,2025-04-01 08:00:00,1.9861661290322579,True,True,True,False
LISTAUSDT,2025-05-16 20:00:00,2025-05-17 00:00:00,2025-05-20 04:00:00,-1.0171783783783785,True,False,False,False
LISTAUSDT,2025-06-09 00:00:00,2025-06-09 04:00:00,2025-06-09 20:00:00,-1.0177016949152544,True,False,True,False
LISTAUSDT,2025-06-22 00:00:00,2025-06-22 04:00:00,2025-06-23 08:00:00,-1.0160866242038218,True,True,True,False
LISTAUSDT,2025-07-05 16:00:00,2025-07-05 20:00:00,2025-07-09 20:00:00,-1.0271653846153845,True,True,True,False
LISTAUSDT,2025-07-22 04:00:00,2025-07-22 08:00:00,2025-07-23 00:00:00,-1.0177913875598088,True,False,False,False
LISTAUSDT,2025-08-18 00:00:00,2025-08-18 04:00:00,2025-08-22 12:00:00,-1.0153885714285715,True,False,False,False
LISTAUSDT,2025-08-29 04:00:00,2025-08-29 08:00:00,2025-09-06 04:00:00,1.281816931216935,True,False,True,False
LISTAUSDT,2025-09-30 08:00:00,2025-09-30 12:00:00,2025-10-01 08:00:00,-1.0173689497716896,True,True,True,False
LISTAUSDT,2025-11-11 20:00:00,2025-11-12 00:00:00,2025-11-16 16:00:00,1.9908105263157894,True,True,True,False
LISTAUSDT,2025-11-26 12:00:00,2025-11-26 16:00:00,2025-11-26 16:00:00,-1.0300134831460674,True,True,True,False
LISTAUSDT,2025-11-28 04:00:00,2025-11-28 08:00:00,2025-12-06 04:00:00,-0.010922972972971857,True,True,True,False
LISTAUSDT,2025-12-12 12:00:00,2025-12-12 16:00:00,2025-12-17 16:00:00,1.9866342105263155,True,True,True,False
LISTAUSDT,2026-01-07 12:00:00,2026-01-07 16:00:00,2026-01-15 12:00:00,0.6255971428571442,True,False,False,False
LISTAUSDT,2026-01-25 12:00:00,2026-01-25 16:00:00,2026-01-29 12:00:00,1.9834092105263155,True,True,True,False
LISTAUSDT,2026-02-28 04:00:00,2026-02-28 08:00:00,2026-03-01 00:00:00,-1.0157200000000002,True,True,True,False
LISTAUSDT,2026-03-07 00:00:00,2026-03-07 04:00:00,2026-03-11 20:00:00,-1.0236159362549802,True,True,True,False
LISTAUSDT,2026-03-21 08:00:00,2026-03-21 12:00:00,2026-03-26 16:00:00,1.9771330357142853,True,True,False,False
LISTAUSDT,2026-04-08 16:00:00,2026-04-08 20:00:00,2026-04-16 16:00:00,-0.5901612015018773,True,False,False,False
LISTAUSDT,2026-05-17 20:00:00,2026-05-18 00:00:00,2026-05-25 20:00:00,0.3229056451612915,True,True,False,False
LISTAUSDT,2026-05-27 20:00:00,2026-05-28 00:00:00,2026-06-04 00:00:00,1.9900288372093022,True,True,False,False
LISTAUSDT,2026-06-10 08:00:00,2026-06-10 12:00:00,2026-06-15 12:00:00,-1.0144910229645094,True,True,True,False
LISTAUSDT,2026-06-18 08:00:00,2026-06-18 12:00:00,2026-06-19 20:00:00,-1.0180785714285716,True,True,False,False
LISTAUSDT,2026-06-30 08:00:00,2026-06-30 12:00:00,2026-07-01 20:00:00,-1.0263385892116181,True,True,True,False
LISTAUSDT,2026-07-07 20:00:00,2026-07-08 00:00:00,2026-07-15 20:00:00,-0.07887908745247195,True,True,False,False
LISTAUSDT,2026-07-29 00:00:00,2026-07-29 04:00:00,2026-07-31 04:00:00,-1.0196826086956523,True,True,False,False
LOKAUSDT,2024-09-30 08:00:00,2024-09-30 12:00:00,2024-10-01 12:00:00,1.9864474025974024,True,False,False,False
LOKAUSDT,2024-10-09 16:00:00,2024-10-09 20:00:00,2024-10-12 00:00:00,-1.0313764705882353,True,False,False,False
LOKAUSDT,2024-10-16 04:00:00,2024-10-16 08:00:00,2024-10-20 04:00:00,-1.0157333333333334,True,False,False,False
LOKAUSDT,2024-11-02 12:00:00,2024-11-02 16:00:00,2024-11-06 12:00:00,-1.0200586206896554,True,False,True,False
LOKAUSDT,2024-11-20 08:00:00,2024-11-20 12:00:00,2024-11-23 00:00:00,-1.019855474452555,True,False,False,False
LOKAUSDT,2025-01-13 00:00:00,2025-01-13 04:00:00,2025-01-15 16:00:00,-1.0161660377358492,True,True,True,False
LOKAUSDT,2025-01-27 00:00:00,2025-01-27 04:00:00,2025-02-02 16:00:00,1.9887278688524588,True,True,True,False
LOKAUSDT,2025-02-17 04:00:00,2025-02-17 08:00:00,2025-02-25 04:00:00,1.261852100840333,True,True,True,False
LOKAUSDT,2025-03-10 16:00:00,2025-03-10 20:00:00,2025-03-12 12:00:00,-1.0163384615384616,True,True,True,False
LOKAUSDT,2025-03-21 04:00:00,2025-03-21 08:00:00,2025-03-24 16:00:00,-1.0190833333333336,True,True,True,False
LOKAUSDT,2025-03-27 20:00:00,2025-03-28 00:00:00,2025-04-02 00:00:00,1.9907381818181817,True,True,True,False
LOKAUSDT,2025-04-05 16:00:00,2025-04-05 20:00:00,2025-04-07 04:00:00,1.9860199999999997,True,True,True,False
LOKAUSDT,2025-04-15 16:00:00,2025-04-15 20:00:00,2025-04-17 00:00:00,1.9857756097560975,True,True,True,False
LOKAUSDT,2025-04-29 08:00:00,2025-04-29 12:00:00,2025-04-30 08:00:00,-1.0149837837837838,True,True,False,False
LOKAUSDT,2025-05-25 12:00:00,2025-05-25 16:00:00,2025-05-30 20:00:00,1.9908253731343282,True,True,False,False
LOKAUSDT,2025-06-21 16:00:00,2025-06-21 20:00:00,2025-06-22 20:00:00,1.9825999999999997,True,True,True,False
LOOMUSDT,2024-09-04 08:00:00,2024-09-04 12:00:00,2024-09-12 08:00:00,-0.601255408970976,True,False,False,True
LOOMUSDT,2024-10-03 04:00:00,2024-10-03 08:00:00,2024-10-06 04:00:00,-1.0154460526315792,True,False,False,False
LOOMUSDT,2024-10-21 08:00:00,2024-10-21 12:00:00,2024-10-23 16:00:00,-1.033091452991453,True,False,False,False
LOOMUSDT,2024-10-28 00:00:00,2024-10-28 04:00:00,2024-11-05 00:00:00,0.7006834467120192,True,True,True,False
LOOMUSDT,2024-12-02 08:00:00,2024-12-02 12:00:00,2024-12-04 00:00:00,-1.0156298192771085,True,False,False,False
LSKUSDT,2024-09-04 08:00:00,2024-09-04 12:00:00,2024-09-09 16:00:00,-1.0187748175182483,True,False,False,True
LSKUSDT,2024-09-15 20:00:00,2024-09-16 00:00:00,2024-09-18 20:00:00,-1.029682288828338,True,False,False,True
LSKUSDT,2024-09-30 12:00:00,2024-09-30 16:00:00,2024-10-08 12:00:00,0.8373890345649585,True,False,False,False
LSKUSDT,2024-10-09 20:00:00,2024-10-10 00:00:00,2024-10-14 12:00:00,-1.018849411764706,True,False,False,False
LSKUSDT,2024-10-17 08:00:00,2024-10-17 12:00:00,2024-10-25 08:00:00,0.014254545454545308,True,False,False,False
LSKUSDT,2024-10-25 16:00:00,2024-10-25 20:00:00,2024-10-29 16:00:00,-1.028629090909091,True,True,False,False
LSKUSDT,2024-11-03 00:00:00,2024-11-03 04:00:00,2024-11-06 04:00:00,-1.0199015384615386,True,True,True,False
LSKUSDT,2024-11-14 12:00:00,2024-11-14 16:00:00,2024-11-16 08:00:00,-1.0155110285006197,True,False,False,False
LSKUSDT,2024-12-14 12:00:00,2024-12-14 16:00:00,2024-12-18 16:00:00,1.9846754545454544,True,False,False,False
LSKUSDT,2025-01-01 08:00:00,2025-01-01 12:00:00,2025-01-02 04:00:00,-1.0258798353909464,True,True,True,False
LSKUSDT,2025-01-18 04:00:00,2025-01-18 08:00:00,2025-01-26 04:00:00,0.4420125827814562,True,True,True,False
LSKUSDT,2025-01-27 04:00:00,2025-01-27 08:00:00,2025-02-03 00:00:00,1.9904422693266832,True,True,True,False
LSKUSDT,2025-02-18 04:00:00,2025-02-18 08:00:00,2025-02-25 08:00:00,1.9874151969981237,True,True,True,False
LSKUSDT,2025-02-28 00:00:00,2025-02-28 04:00:00,2025-03-02 20:00:00,-1.015084940778342,True,True,True,False
LSKUSDT,2025-03-09 08:00:00,2025-03-09 12:00:00,2025-03-10 00:00:00,1.9781805785123965,True,True,True,False
LSKUSDT,2025-03-18 12:00:00,2025-03-18 16:00:00,2025-03-19 08:00:00,-1.0241223974763407,True,True,True,False
LSKUSDT,2025-04-02 04:00:00,2025-04-02 08:00:00,2025-04-07 00:00:00,1.9873974285714284,True,True,True,False
LSKUSDT,2025-04-22 08:00:00,2025-04-22 12:00:00,2025-04-22 20:00:00,-1.0242698630136986,True,True,True,False
LSKUSDT,2025-05-06 00:00:00,2025-05-06 04:00:00,2025-05-08 12:00:00,-1.0250589552238807,True,True,False,False
LSKUSDT,2025-05-17 12:00:00,2025-05-17 16:00:00,2025-05-22 08:00:00,-1.021221052631579,True,False,False,False
LSKUSDT,2025-05-29 16:00:00,2025-05-29 20:00:00,2025-06-06 16:00:00,1.4253505208333357,True,True,False,False
LSKUSDT,2025-06-12 16:00:00,2025-06-12 20:00:00,2025-06-20 16:00:00,1.1437336814621406,True,True,True,False
LSKUSDT,2025-07-28 20:00:00,2025-07-29 00:00:00,2025-08-05 20:00:00,1.3444997566909955,True,False,False,False
LSKUSDT,2025-08-11 20:00:00,2025-08-12 00:00:00,2025-08-19 20:00:00,1.2374017341040453,True,False,False,False
LSKUSDT,2025-08-29 04:00:00,2025-08-29 08:00:00,2025-09-06 04:00:00,0.9270824175824193,True,True,True,False
LSKUSDT,2025-09-15 04:00:00,2025-09-15 08:00:00,2025-09-22 04:00:00,1.9859569620253164,True,True,False,False
LSKUSDT,2025-09-25 04:00:00,2025-09-25 08:00:00,2025-10-03 04:00:00,0.10515238095237951,True,True,True,False
LSKUSDT,2025-10-07 12:00:00,2025-10-07 16:00:00,2025-10-10 20:00:00,1.98565,True,True,False,False
LSKUSDT,2025-10-22 16:00:00,2025-10-22 20:00:00,2025-10-30 16:00:00,0.8537393939393941,True,True,True,False
LSKUSDT,2025-11-26 12:00:00,2025-11-26 16:00:00,2025-11-26 16:00:00,-1.019235772357724,True,True,True,False
LSKUSDT,2025-12-28 16:00:00,2025-12-28 20:00:00,2026-01-04 08:00:00,-1.0167471698113209,True,True,True,False
LSKUSDT,2026-01-06 16:00:00,2026-01-06 20:00:00,2026-01-07 00:00:00,-1.0350682926829267,True,False,False,False
LSKUSDT,2026-01-12 00:00:00,2026-01-12 04:00:00,2026-01-13 12:00:00,-1.0241862068965517,True,False,False,False
LSKUSDT,2026-01-25 16:00:00,2026-01-25 20:00:00,2026-01-31 16:00:00,1.989914,True,True,True,False
LSKUSDT,2026-02-21 08:00:00,2026-02-21 12:00:00,2026-02-23 00:00:00,1.9762666666666664,True,True,True,False
LSKUSDT,2026-02-28 04:00:00,2026-02-28 08:00:00,2026-03-03 00:00:00,-1.0148596491228072,True,True,True,False
LSKUSDT,2026-03-08 00:00:00,2026-03-08 04:00:00,2026-03-09 12:00:00,-1.0480162162162163,True,True,True,False
LSKUSDT,2026-03-14 04:00:00,2026-03-14 08:00:00,2026-03-15 12:00:00,-1.0310172413793104,True,True,True,False
LSKUSDT,2026-03-21 20:00:00,2026-03-22 00:00:00,2026-03-24 12:00:00,-1.034835294117647,True,True,False,False
LSKUSDT,2026-03-28 00:00:00,2026-03-28 04:00:00,2026-04-05 00:00:00,-0.18705344827586243,True,True,True,False
LSKUSDT,2026-04-12 00:00:00,2026-04-12 04:00:00,2026-04-13 20:00:00,-1.0275777777777777,True,True,False,False
LSKUSDT,2026-04-23 16:00:00,2026-04-23 20:00:00,2026-05-01 16:00:00,0.32076190476190597,True,False,False,False
LSKUSDT,2026-05-12 12:00:00,2026-05-12 16:00:00,2026-05-20 12:00:00,1.3803557894736835,True,False,False,False
LSKUSDT,2026-05-23 04:00:00,2026-05-23 08:00:00,2026-05-31 04:00:00,0.18975802469135902,True,True,False,False
LSKUSDT,2026-06-02 12:00:00,2026-06-02 16:00:00,2026-06-05 16:00:00,1.985991304347826,True,True,False,False
LSKUSDT,2026-06-09 12:00:00,2026-06-09 16:00:00,2026-06-17 12:00:00,-0.5669343750000002,True,True,True,False
LSKUSDT,2026-06-18 04:00:00,2026-06-18 08:00:00,2026-06-24 12:00:00,1.9813045454545453,True,True,False,False
LSKUSDT,2026-07-06 08:00:00,2026-07-06 12:00:00,2026-07-06 20:00:00,-1.04395,True,True,False,False
LSKUSDT,2026-07-08 00:00:00,2026-07-08 04:00:00,2026-07-08 20:00:00,-1.0195311475409838,True,True,False,False
LSKUSDT,2026-07-17 04:00:00,2026-07-17 08:00:00,2026-07-22 16:00:00,-1.027381395348837,True,True,False,False
LSKUSDT,2026-07-23 16:00:00,2026-07-23 20:00:00,2026-07-24 00:00:00,1.969076,True,True,False,False
LSKUSDT,2026-07-27 12:00:00,2026-07-27 16:00:00,2026-08-04 12:00:00,0.8496037735849064,True,True,False,False
LUMIAUSDT,2024-12-29 20:00:00,2024-12-30 00:00:00,2025-01-02 00:00:00,-1.0144444444444445,True,False,True,False
LUMIAUSDT,2025-01-13 00:00:00,2025-01-13 04:00:00,2025-01-15 20:00:00,-1.014706796116505,True,False,True,False
LUMIAUSDT,2025-03-27 16:00:00,2025-03-27 20:00:00,2025-04-01 08:00:00,1.9906799999999998,True,True,True,False
LUMIAUSDT,2025-04-15 16:00:00,2025-04-15 20:00:00,2025-04-17 20:00:00,1.990480769230769,True,True,True,False
LUMIAUSDT,2025-06-20 16:00:00,2025-06-20 20:00:00,2025-06-22 12:00:00,1.985889726027397,True,True,True,False
LUMIAUSDT,2025-07-23 20:00:00,2025-07-24 00:00:00,2025-07-26 00:00:00,-1.0141531914893618,True,False,False,False
LUMIAUSDT,2025-08-21 12:00:00,2025-08-21 16:00:00,2025-08-22 12:00:00,-1.0201014925373137,True,True,False,False
LUMIAUSDT,2025-09-15 04:00:00,2025-09-15 08:00:00,2025-09-18 16:00:00,-1.0156172413793105,True,False,False,False
LUMIAUSDT,2025-09-25 16:00:00,2025-09-25 20:00:00,2025-10-02 04:00:00,-1.0144910447761195,True,True,True,False
LUMIAUSDT,2025-10-05 20:00:00,2025-10-06 00:00:00,2025-10-10 16:00:00,1.9862129729729727,True,True,True,False
LUMIAUSDT,2025-11-30 00:00:00,2025-11-30 04:00:00,2025-12-08 00:00:00,0.6366903225806458,True,True,True,False
LUMIAUSDT,2025-12-12 12:00:00,2025-12-12 16:00:00,2025-12-18 16:00:00,1.986890789473684,True,True,True,False
LUMIAUSDT,2026-01-29 00:00:00,2026-01-29 04:00:00,2026-01-31 16:00:00,1.9906934065934065,True,True,True,False
LUMIAUSDT,2026-02-04 12:00:00,2026-02-04 16:00:00,2026-02-06 00:00:00,1.9892725806451612,True,True,True,False
LUMIAUSDT,2026-02-22 00:00:00,2026-02-22 04:00:00,2026-03-02 00:00:00,0.3853537864077655,True,True,True,False
LUMIAUSDT,2026-03-07 04:00:00,2026-03-07 08:00:00,2026-03-10 16:00:00,-1.0144691228070177,True,True,True,False
LUMIAUSDT,2026-03-26 08:00:00,2026-03-26 12:00:00,2026-03-27 12:00:00,-1.022498861047836,True,False,False,False
LUMIAUSDT,2026-05-04 20:00:00,2026-05-05 00:00:00,2026-05-06 12:00:00,1.9894107457898955,True,False,False,False
LUMIAUSDT,2026-05-13 12:00:00,2026-05-13 16:00:00,2026-05-17 20:00:00,1.990255258302583,True,False,False,False
LUMIAUSDT,2026-05-22 16:00:00,2026-05-22 20:00:00,2026-05-23 20:00:00,-1.0235731034482758,True,True,False,False
LUMIAUSDT,2026-06-02 04:00:00,2026-06-02 08:00:00,2026-06-04 00:00:00,1.9842507826086955,True,True,False,False
LUMIAUSDT,2026-06-09 00:00:00,2026-06-09 04:00:00,2026-06-11 16:00:00,-1.0182000000000002,True,True,True,False
LUMIAUSDT,2026-06-14 16:00:00,2026-06-14 20:00:00,2026-06-15 00:00:00,-1.01931821086262,True,True,True,False
LUMIAUSDT,2026-07-09 16:00:00,2026-07-09 20:00:00,2026-07-13 08:00:00,1.9863958128078816,True,False,False,False
LUMIAUSDT,2026-08-12 12:00:00,2026-08-12 16:00:00,2026-08-13 04:00:00,-1.0261251256281407,True,True,False,False
LUNA2USDT,2024-09-18 08:00:00,2024-09-18 12:00:00,2024-09-19 00:00:00,-1.0224000000000002,True,False,False,True
LUNA2USDT,2024-10-09 16:00:00,2024-10-09 20:00:00,2024-10-14 12:00:00,-1.0277966480446927,True,False,False,False
LUNA2USDT,2024-10-31 16:00:00,2024-10-31 20:00:00,2024-11-08 16:00:00,-0.2129144654088059,True,True,True,False
LUNA2USDT,2024-11-19 20:00:00,2024-11-20 00:00:00,2024-11-22 04:00:00,-1.0148131313131314,True,False,False,False
LUNA2USDT,2024-12-14 12:00:00,2024-12-14 16:00:00,2024-12-18 20:00:00,1.9864674999999998,True,False,False,False
LUNA2USDT,2024-12-30 12:00:00,2024-12-30 16:00:00,2025-01-02 16:00:00,-1.0155764075067026,True,True,True,False
LUNA2USDT,2025-01-13 00:00:00,2025-01-13 04:00:00,2025-01-15 20:00:00,-1.0174755555555557,True,True,True,False
LUNA2USDT,2025-01-27 00:00:00,2025-01-27 04:00:00,2025-02-02 16:00:00,1.9894967391304346,True,True,True,False
LUNA2USDT,2025-02-17 16:00:00,2025-02-17 20:00:00,2025-02-24 20:00:00,1.989056338028169,True,True,True,False
LUNA2USDT,2025-02-28 00:00:00,2025-02-28 04:00:00,2025-03-02 16:00:00,-1.0143118483412323,True,True,True,False
LUNA2USDT,2025-03-26 16:00:00,2025-03-26 20:00:00,2025-03-29 04:00:00,1.9833973684210524,True,True,True,False
LUNA2USDT,2025-04-02 04:00:00,2025-04-02 08:00:00,2025-04-06 20:00:00,1.9887594405594404,True,True,True,False
LUNA2USDT,2025-04-16 04:00:00,2025-04-16 08:00:00,2025-04-19 00:00:00,-1.0236615384615384,True,True,True,False
LUNA2USDT,2025-05-12 16:00:00,2025-05-12 20:00:00,2025-05-20 16:00:00,1.0430791443850247,True,False,False,False
LUNA2USDT,2025-05-25 08:00:00,2025-05-25 12:00:00,2025-05-27 08:00:00,-1.0275680851063829,True,False,False,False
LUNA2USDT,2025-06-17 12:00:00,2025-06-17 16:00:00,2025-06-21 20:00:00,1.9855636363636362,True,True,True,False
LUNA2USDT,2025-07-01 04:00:00,2025-07-01 08:00:00,2025-07-03 20:00:00,-1.0180125000000002,True,True,True,False
LUNA2USDT,2025-07-23 12:00:00,2025-07-23 16:00:00,2025-07-30 16:00:00,1.9854690909090906,True,False,False,False
LUNA2USDT,2025-08-01 20:00:00,2025-08-02 00:00:00,2025-08-09 00:00:00,-1.0151985611510792,True,True,False,False
LUNA2USDT,2025-08-11 08:00:00,2025-08-11 12:00:00,2025-08-12 12:00:00,-1.0250741573033708,True,False,False,False
LUNA2USDT,2025-08-14 12:00:00,2025-08-14 16:00:00,2025-08-22 12:00:00,-0.1253490196078435,True,False,False,False
LUNA2USDT,2025-09-15 04:00:00,2025-09-15 08:00:00,2025-09-18 16:00:00,-1.017784745762712,True,True,False,False
LUNA2USDT,2025-09-22 00:00:00,2025-09-22 04:00:00,2025-09-25 16:00:00,1.9861474226804121,True,False,False,False
LUNA2USDT,2025-09-30 12:00:00,2025-09-30 16:00:00,2025-10-01 08:00:00,-1.030416129032258,True,True,True,False
LUNA2USDT,2025-10-04 12:00:00,2025-10-04 16:00:00,2025-10-10 12:00:00,1.9803265624999997,True,True,True,False
LUNA2USDT,2025-10-30 12:00:00,2025-10-30 16:00:00,2025-11-07 12:00:00,0.5587977528089877,True,True,True,False
LUNA2USDT,2025-11-13 16:00:00,2025-11-13 20:00:00,2025-11-21 04:00:00,1.9909235741444866,True,True,True,False
LUNA2USDT,2025-11-29 20:00:00,2025-11-30 00:00:00,2025-12-05 00:00:00,-1.0264,True,True,True,False
LUNA2USDT,2025-12-26 04:00:00,2025-12-26 08:00:00,2025-12-27 08:00:00,-1.0376942708333332,True,False,True,False
LUNA2USDT,2025-12-28 12:00:00,2025-12-28 16:00:00,2026-01-05 12:00:00,0.7447317397078366,True,False,True,False
LUNA2USDT,2026-01-07 12:00:00,2026-01-07 16:00:00,2026-01-15 12:00:00,0.5121270833333316,True,True,False,False
LUNA2USDT,2026-01-29 04:00:00,2026-01-29 08:00:00,2026-01-29 12:00:00,1.9671669811320756,True,True,True,False
LUNA2USDT,2026-02-11 04:00:00,2026-02-11 08:00:00,2026-02-13 20:00:00,-1.0152138576779028,True,True,True,False
LUNA2USDT,2026-02-22 12:00:00,2026-02-22 16:00:00,2026-02-27 00:00:00,-1.019898623853211,True,True,True,False
LUNA2USDT,2026-03-07 04:00:00,2026-03-07 08:00:00,2026-03-15 04:00:00,-0.15261685823754825,True,True,True,False
LUNA2USDT,2026-03-18 16:00:00,2026-03-18 20:00:00,2026-03-26 16:00:00,0.6881777251184832,True,True,False,False
LUNA2USDT,2026-03-27 08:00:00,2026-03-27 12:00:00,2026-04-04 08:00:00,0.36317217391304385,True,True,False,False
LUNA2USDT,2026-04-07 08:00:00,2026-04-07 12:00:00,2026-04-08 04:00:00,-1.0322603448275862,True,True,False,False
LUNA2USDT,2026-04-12 20:00:00,2026-04-13 00:00:00,2026-04-16 08:00:00,-1.0191345177664977,True,True,False,False
LUNA2USDT,2026-05-12 08:00:00,2026-05-12 12:00:00,2026-05-20 08:00:00,1.4227787810383707,True,False,False,False
LUNA2USDT,2026-05-22 16:00:00,2026-05-22 20:00:00,2026-05-30 16:00:00,0.5920494845360816,True,False,False,False
LUNA2USDT,2026-06-01 12:00:00,2026-06-01 16:00:00,2026-06-04 00:00:00,1.9824190163934423,True,True,False,False
LUNA2USDT,2026-06-04 04:00:00,2026-06-04 08:00:00,2026-06-06 04:00:00,1.9869294906166217,True,True,True,False
LUNA2USDT,2026-06-18 08:00:00,2026-06-18 12:00:00,2026-06-26 08:00:00,0.9411223300970847,True,True,False,False
LUNA2USDT,2026-06-30 08:00:00,2026-06-30 12:00:00,2026-07-03 08:00:00,-1.033112121212121,True,True,True,False
LUNA2USDT,2026-07-13 00:00:00,2026-07-13 04:00:00,2026-07-21 00:00:00,0.08696574585635303,True,True,False,False
LUNA2USDT,2026-07-23 12:00:00,2026-07-23 16:00:00,2026-07-27 16:00:00,1.9743070063694264,True,True,False,False
LUNA2USDT,2026-07-27 20:00:00,2026-07-28 00:00:00,2026-08-04 20:00:00,-0.07521841269841258,True,True,False,False
LUNA2USDT,2026-08-18 00:00:00,2026-08-18 04:00:00,2026-08-19 12:00:00,-1.0315726775956284,True,True,False,False
LYNUSDT,2025-11-19 08:00:00,2025-11-19 12:00:00,2025-11-21 04:00:00,1.9883970588235294,True,False,True,False
LYNUSDT,2026-05-09 12:00:00,2026-05-09 16:00:00,2026-05-13 16:00:00,1.9886689804772233,True,False,False,False
LYNUSDT,2026-07-16 00:00:00,2026-07-16 04:00:00,2026-07-18 16:00:00,-1.018988888888889,True,False,False,False
LYNUSDT,2026-07-26 16:00:00,2026-07-26 20:00:00,2026-08-03 16:00:00,0.6880767213114759,True,False,False,False
LYNUSDT,2026-08-10 08:00:00,2026-08-10 12:00:00,2026-08-18 08:00:00,0.21928539325842428,True,False,False,False
MAGMAUSDT,2026-03-20 12:00:00,2026-03-20 16:00:00,2026-03-21 16:00:00,-1.020616666666667,True,True,True,False
MAGMAUSDT,2026-08-02 12:00:00,2026-08-02 16:00:00,2026-08-09 04:00:00,1.990762120630042,True,True,False,False
MANTAUSDT,2024-09-15 20:00:00,2024-09-16 00:00:00,2024-09-17 12:00:00,-1.0216740740740742,True,False,False,True
MANTAUSDT,2024-10-17 04:00:00,2024-10-17 08:00:00,2024-10-25 04:00:00,0.6362554089709741,True,False,False,False
MANTAUSDT,2024-10-31 12:00:00,2024-10-31 16:00:00,2024-11-03 00:00:00,1.9850022388059698,True,True,True,False
MANTAUSDT,2024-12-14 12:00:00,2024-12-14 16:00:00,2024-12-16 00:00:00,-1.019307435897436,True,False,False,False
MANTAUSDT,2025-01-07 00:00:00,2025-01-07 04:00:00,2025-01-08 04:00:00,1.9854343362831857,True,True,True,False
MANTAUSDT,2025-01-13 00:00:00,2025-01-13 04:00:00,2025-01-17 20:00:00,-1.017684949832776,True,True,True,False
MANTAUSDT,2025-02-17 04:00:00,2025-02-17 08:00:00,2025-02-24 20:00:00,1.9894476331360946,True,True,True,False
MANTAUSDT,2025-03-27 08:00:00,2025-03-27 12:00:00,2025-03-29 08:00:00,1.9855372093023254,True,True,True,False
MANTAUSDT,2025-04-01 16:00:00,2025-04-01 20:00:00,2025-04-06 16:00:00,1.9897257894736842,True,True,True,False
MANTAUSDT,2025-04-15 20:00:00,2025-04-16 00:00:00,2025-04-19 00:00:00,-1.0235038461538462,True,True,True,False
MANTAUSDT,2025-05-03 08:00:00,2025-05-03 12:00:00,2025-05-09 00:00:00,-1.0147712962962965,True,False,False,False
MANTAUSDT,2025-06-20 12:00:00,2025-06-20 16:00:00,2025-06-28 12:00:00,0.02177721518987273,True,True,True,False
MANTAUSDT,2025-07-23 12:00:00,2025-07-23 16:00:00,2025-07-31 12:00:00,0.8985227272727253,True,False,False,False
MANTAUSDT,2025-07-31 20:00:00,2025-08-01 00:00:00,2025-08-08 16:00:00,-1.0141639024390245,True,False,False,False
MANTAUSDT,2025-08-29 08:00:00,2025-08-29 12:00:00,2025-09-06 08:00:00,0.45436799999999933,True,True,True,False
MANTAUSDT,2025-09-25 08:00:00,2025-09-25 12:00:00,2025-10-02 04:00:00,-1.016714864864865,True,True,True,False
MANTAUSDT,2025-10-30 08:00:00,2025-10-30 12:00:00,2025-11-02 04:00:00,-1.015668085106383,True,True,True,False
MANTAUSDT,2025-11-28 00:00:00,2025-11-28 04:00:00,2025-12-01 00:00:00,1.9855619718309858,True,False,True,False
MANTAUSDT,2025-12-04 20:00:00,2025-12-05 00:00:00,2025-12-12 12:00:00,1.9885279999999999,True,True,True,False
MANTAUSDT,2025-12-17 16:00:00,2025-12-17 20:00:00,2025-12-18 16:00:00,-1.0146558002936859,True,True,True,False
MANTAUSDT,2026-01-11 20:00:00,2026-01-12 00:00:00,2026-01-13 12:00:00,-1.0427466666666667,True,True,False,False
MANTAUSDT,2026-02-22 12:00:00,2026-02-22 16:00:00,2026-02-28 04:00:00,1.9876545816733067,True,True,True,False
MANTAUSDT,2026-03-07 12:00:00,2026-03-07 16:00:00,2026-03-10 00:00:00,-1.0220885000000002,True,True,True,False
MANTAUSDT,2026-03-18 12:00:00,2026-03-18 16:00:00,2026-03-26 12:00:00,0.5816060100166935,True,False,False,False
MANTAUSDT,2026-03-27 12:00:00,2026-03-27 16:00:00,2026-04-04 12:00:00,-0.20066413662239074,True,True,False,False
MANTAUSDT,2026-04-18 16:00:00,2026-04-18 20:00:00,2026-04-26 16:00:00,0.25688659476117087,True,False,False,False
MANTAUSDT,2026-04-27 04:00:00,2026-04-27 08:00:00,2026-04-29 00:00:00,-1.0309027972027973,True,True,False,False
MANTAUSDT,2026-05-07 00:00:00,2026-05-07 04:00:00,2026-05-08 08:00:00,-1.0215331775700935,True,False,False,False
MANTAUSDT,2026-05-26 00:00:00,2026-05-26 04:00:00,2026-05-28 16:00:00,-1.018523263888889,True,False,False,False
MANTAUSDT,2026-05-31 12:00:00,2026-05-31 16:00:00,2026-06-04 04:00:00,-1.0200886792452832,True,False,True,False
MANTAUSDT,2026-06-17 08:00:00,2026-06-17 12:00:00,2026-06-19 20:00:00,-1.018771526586621,True,False,False,False
MANTAUSDT,2026-06-22 12:00:00,2026-06-22 16:00:00,2026-06-24 20:00:00,-1.0195849462365594,True,False,False,False
MANTAUSDT,2026-07-07 16:00:00,2026-07-07 20:00:00,2026-07-15 16:00:00,-0.26005085574571973,True,True,False,False
MANTAUSDT,2026-07-23 08:00:00,2026-07-23 12:00:00,2026-07-31 08:00:00,0.9851267515923561,True,True,False,False
MANTAUSDT,2026-08-03 16:00:00,2026-08-03 20:00:00,2026-08-06 00:00:00,-1.0416645833333333,True,True,False,False
MANTAUSDT,2026-08-11 12:00:00,2026-08-11 16:00:00,2026-08-19 12:00:00,0.04000736196319076,True,True,False,False
MANTRAUSDT,2026-03-11 04:00:00,2026-03-11 08:00:00,2026-03-18 12:00:00,1.9901576923076922,True,False,True,False
MANTRAUSDT,2026-03-21 20:00:00,2026-03-22 00:00:00,2026-03-29 20:00:00,1.7205087719298233,True,False,False,False
MANTRAUSDT,2026-03-31 08:00:00,2026-03-31 12:00:00,2026-04-08 08:00:00,0.33555384615384487,True,False,True,False
MANTRAUSDT,2026-04-12 04:00:00,2026-04-12 08:00:00,2026-04-12 16:00:00,-1.0337953488372094,True,False,False,False
MANTRAUSDT,2026-04-21 16:00:00,2026-04-21 20:00:00,2026-04-22 00:00:00,-1.0371000000000001,True,False,False,False
MANTRAUSDT,2026-04-26 00:00:00,2026-04-26 04:00:00,2026-04-27 00:00:00,-1.0362564102564102,True,True,False,False
MANTRAUSDT,2026-05-15 08:00:00,2026-05-15 12:00:00,2026-05-17 20:00:00,1.9874959999999997,True,False,False,False
MANTRAUSDT,2026-05-26 00:00:00,2026-05-26 04:00:00,2026-05-28 04:00:00,1.9844403846153844,True,True,False,False
MANTRAUSDT,2026-06-24 12:00:00,2026-06-24 16:00:00,2026-07-02 12:00:00,-0.05864141791044835,True,True,True,False
MANTRAUSDT,2026-07-07 20:00:00,2026-07-08 00:00:00,2026-07-15 20:00:00,0.3866680555555563,True,True,False,False
MANTRAUSDT,2026-07-23 16:00:00,2026-07-23 20:00:00,2026-07-29 00:00:00,1.9872107382550335,True,True,False,False
MANTRAUSDT,2026-08-01 16:00:00,2026-08-01 20:00:00,2026-08-02 08:00:00,-1.0239353333333334,True,True,False,False
MANTRAUSDT,2026-08-16 20:00:00,2026-08-17 00:00:00,2026-08-20 08:00:00,-1.0307554545454545,True,True,False,False
MAVIAUSDT,2025-04-21 20:00:00,2025-04-22 00:00:00,2025-04-23 00:00:00,-1.0183226277372264,True,True,True,False
MAVIAUSDT,2025-05-29 16:00:00,2025-05-29 20:00:00,2025-05-30 20:00:00,1.988537162162162,True,True,False,False
MAVIAUSDT,2025-06-20 16:00:00,2025-06-20 20:00:00,2025-06-21 08:00:00,-1.0169050000000002,True,True,True,False
MAVIAUSDT,2025-07-01 16:00:00,2025-07-01 20:00:00,2025-07-02 16:00:00,-1.0185188118811883,True,True,True,False
MAVIAUSDT,2025-07-08 00:00:00,2025-07-08 04:00:00,2025-07-09 00:00:00,-1.0178220000000002,True,True,True,False
MAVIAUSDT,2025-07-30 08:00:00,2025-07-30 12:00:00,2025-07-30 16:00:00,-1.0145693333333334,True,False,False,False
MAVIAUSDT,2025-08-18 20:00:00,2025-08-19 00:00:00,2025-08-26 20:00:00,0.28130070921985684,True,False,False,False
MAVIAUSDT,2025-08-29 04:00:00,2025-08-29 08:00:00,2025-09-06 04:00:00,1.476916239316242,True,True,True,False
MAVIAUSDT,2025-09-21 12:00:00,2025-09-21 16:00:00,2025-09-22 04:00:00,1.9786318181818179,True,True,False,False
MAVIAUSDT,2025-09-25 08:00:00,2025-09-25 12:00:00,2025-09-25 16:00:00,1.98704,True,True,True,False
MAVIAUSDT,2025-09-30 00:00:00,2025-09-30 04:00:00,2025-09-30 16:00:00,-1.025178787878788,True,True,True,False
MAVIAUSDT,2025-10-09 12:00:00,2025-10-09 16:00:00,2025-10-10 20:00:00,1.988884536082474,True,True,True,False
MAVIAUSDT,2025-11-16 12:00:00,2025-11-16 16:00:00,2025-11-20 16:00:00,1.9888151515151513,True,True,True,False
MAVIAUSDT,2025-11-26 12:00:00,2025-11-26 16:00:00,2025-11-26 16:00:00,-1.0295856630824372,True,True,True,False
MAVIAUSDT,2025-11-28 00:00:00,2025-11-28 04:00:00,2025-12-01 04:00:00,1.9903841209829867,True,True,True,False
MAVIAUSDT,2025-12-18 16:00:00,2025-12-18 20:00:00,2025-12-19 00:00:00,-1.0235347368421053,True,True,True,False
MAVIAUSDT,2026-02-17 12:00:00,2026-02-17 16:00:00,2026-02-23 00:00:00,1.985957692307692,True,True,True,False
MAVIAUSDT,2026-03-18 08:00:00,2026-03-18 12:00:00,2026-03-26 08:00:00,1.7303537777777758,True,True,False,False
MAVIAUSDT,2026-03-29 12:00:00,2026-03-29 16:00:00,2026-04-01 16:00:00,-1.028040287769784,True,True,True,False
MAVIAUSDT,2026-04-05 00:00:00,2026-04-05 04:00:00,2026-04-05 20:00:00,-1.0310162601626016,True,True,False,False
MAVIAUSDT,2026-04-23 00:00:00,2026-04-23 04:00:00,2026-04-24 08:00:00,-1.0276666666666667,True,False,False,False
MAVIAUSDT,2026-04-27 12:00:00,2026-04-27 16:00:00,2026-04-28 20:00:00,-1.0151286153846155,True,False,False,False
MAVIAUSDT,2026-05-12 12:00:00,2026-05-12 16:00:00,2026-05-13 12:00:00,1.9763270967741933,True,False,False,False
MAVIAUSDT,2026-05-25 20:00:00,2026-05-26 00:00:00,2026-05-27 08:00:00,-1.0342077519379844,True,True,False,False
MAVIAUSDT,2026-06-04 00:00:00,2026-06-04 04:00:00,2026-06-06 04:00:00,1.9876466346153845,True,True,True,False
MAVIAUSDT,2026-06-10 08:00:00,2026-06-10 12:00:00,2026-06-12 12:00:00,-1.0189037433155081,True,True,True,False
MAVIAUSDT,2026-07-06 12:00:00,2026-07-06 16:00:00,2026-07-14 12:00:00,1.3200682539682522,True,False,False,False
MAVIAUSDT,2026-07-16 08:00:00,2026-07-16 12:00:00,2026-07-23 12:00:00,-1.0247771812080537,True,True,False,False
MAVIAUSDT,2026-07-24 08:00:00,2026-07-24 12:00:00,2026-07-28 12:00:00,-1.0282545454545455,True,True,False,False
MAVIAUSDT,2026-08-19 08:00:00,2026-08-19 12:00:00,2026-08-19 12:00:00,-1.0345487603305785,True,False,False,False
MAVUSDT,2024-09-15 16:00:00,2024-09-15 20:00:00,2024-09-16 20:00:00,1.9713663987138264,True,False,False,True
MAVUSDT,2024-09-25 20:00:00,2024-09-26 00:00:00,2024-09-27 00:00:00,-1.0164716417910449,True,False,False,False
MAVUSDT,2024-10-16 12:00:00,2024-10-16 16:00:00,2024-10-20 16:00:00,-1.017166803840878,True,False,False,False
MAVUSDT,2024-12-14 12:00:00,2024-12-14 16:00:00,2024-12-18 20:00:00,1.9908009356287424,True,False,False,False
MAVUSDT,2024-12-31 20:00:00,2025-01-01 00:00:00,2025-01-02 08:00:00,-1.0168323207776429,True,True,True,False
MAVUSDT,2025-01-12 20:00:00,2025-01-13 00:00:00,2025-01-15 20:00:00,-1.024464827586207,True,True,True,False
MAVUSDT,2025-01-26 20:00:00,2025-01-27 00:00:00,2025-01-28 20:00:00,1.9853924731182793,True,True,True,False
MAVUSDT,2025-02-01 08:00:00,2025-02-01 12:00:00,2025-02-02 16:00:00,1.9891931034482757,True,True,True,False
MAVUSDT,2025-02-16 00:00:00,2025-02-16 04:00:00,2025-02-21 12:00:00,-1.0169240051347883,True,True,True,False
MAVUSDT,2025-04-05 12:00:00,2025-04-05 16:00:00,2025-04-13 12:00:00,0.4949097959183677,True,True,True,False
MAVUSDT,2025-04-15 16:00:00,2025-04-15 20:00:00,2025-04-19 16:00:00,-1.0196121739130437,True,True,True,False
MAVUSDT,2025-05-03 04:00:00,2025-05-03 08:00:00,2025-05-04 16:00:00,1.9871192660550456,True,False,False,False
MAVUSDT,2025-05-06 08:00:00,2025-05-06 12:00:00,2025-05-08 04:00:00,-1.015471641791045,True,True,False,False
MAVUSDT,2025-05-17 00:00:00,2025-05-17 04:00:00,2025-05-22 08:00:00,-1.0162347079037801,True,False,False,False
MAVUSDT,2025-06-20 20:00:00,2025-06-21 00:00:00,2025-06-24 04:00:00,-1.0190347003154576,True,True,True,False
MAVUSDT,2025-07-07 08:00:00,2025-07-07 12:00:00,2025-07-10 20:00:00,-1.0189653979238755,True,True,True,False
MAVUSDT,2025-09-29 04:00:00,2025-09-29 08:00:00,2025-09-30 16:00:00,-1.0201126262626266,True,True,True,False
MAVUSDT,2025-10-04 08:00:00,2025-10-04 12:00:00,2025-10-09 00:00:00,1.9873327710843371,True,True,True,False
MAVUSDT,2025-10-10 12:00:00,2025-10-10 16:00:00,2025-10-10 20:00:00,1.990740308370044,True,True,True,False
MAVUSDT,2025-10-27 12:00:00,2025-10-27 16:00:00,2025-10-30 04:00:00,1.9857493775933608,True,True,True,False
MAVUSDT,2025-11-16 12:00:00,2025-11-16 16:00:00,2025-11-20 08:00:00,-1.0187653846153848,True,True,True,False
MAVUSDT,2025-11-26 12:00:00,2025-11-26 16:00:00,2025-12-03 16:00:00,-1.0142996655518397,True,True,True,False
MAVUSDT,2025-12-12 12:00:00,2025-12-12 16:00:00,2025-12-13 08:00:00,-1.0248220858895705,True,True,True,False
MAVUSDT,2025-12-17 04:00:00,2025-12-17 08:00:00,2025-12-25 04:00:00,0.15833771929824603,True,True,True,False
MAVUSDT,2025-12-30 00:00:00,2025-12-30 04:00:00,2026-01-04 12:00:00,-1.0147803278688525,True,True,True,False
MAVUSDT,2026-01-11 20:00:00,2026-01-12 00:00:00,2026-01-13 16:00:00,-1.03031,True,True,False,False
MAVUSDT,2026-01-29 00:00:00,2026-01-29 04:00:00,2026-01-30 00:00:00,1.9798333333333331,True,True,True,False
MAVUSDT,2026-02-05 08:00:00,2026-02-05 12:00:00,2026-02-06 00:00:00,1.9906409836065573,True,True,True,False
MAVUSDT,2026-02-22 00:00:00,2026-02-22 04:00:00,2026-02-28 04:00:00,1.9849599999999998,True,True,True,False
MAVUSDT,2026-03-08 00:00:00,2026-03-08 04:00:00,2026-03-11 08:00:00,-1.01413893129771,True,True,True,False
MAVUSDT,2026-03-20 16:00:00,2026-03-20 20:00:00,2026-03-28 16:00:00,0.5311478260869569,True,True,True,False
MAVUSDT,2026-04-12 20:00:00,2026-04-13 00:00:00,2026-04-15 08:00:00,-1.0159438016528928,True,False,False,False
MAVUSDT,2026-04-21 16:00:00,2026-04-21 20:00:00,2026-04-23 08:00:00,-1.0210560000000002,True,False,False,False
MAVUSDT,2026-04-27 04:00:00,2026-04-27 08:00:00,2026-05-01 16:00:00,-1.0279820512820512,True,False,False,False
MAVUSDT,2026-05-15 12:00:00,2026-05-15 16:00:00,2026-05-23 12:00:00,0.6808710144927531,True,False,False,False
MAVUSDT,2026-05-26 16:00:00,2026-05-26 20:00:00,2026-06-03 16:00:00,0.8952853333333322,True,True,False,False
MAVUSDT,2026-06-04 04:00:00,2026-06-04 08:00:00,2026-06-12 04:00:00,1.1113315315315324,True,True,True,False
MAVUSDT,2026-06-18 00:00:00,2026-06-18 04:00:00,2026-06-24 12:00:00,1.982752727272727,True,True,False,False
MAVUSDT,2026-07-07 20:00:00,2026-07-08 00:00:00,2026-07-08 20:00:00,-1.0238509090909091,True,True,False,False
MAVUSDT,2026-07-13 00:00:00,2026-07-13 04:00:00,2026-07-21 00:00:00,0.6291307692307697,True,True,False,False
MAVUSDT,2026-07-27 12:00:00,2026-07-27 16:00:00,2026-07-27 20:00:00,-1.0219333333333336,True,True,False,False
MAVUSDT,2026-08-03 04:00:00,2026-08-03 08:00:00,2026-08-03 12:00:00,-1.03915,True,True,False,False
MBOXUSDT,2024-09-06 04:00:00,2024-09-06 08:00:00,2024-09-09 20:00:00,-1.0150555555555556,True,False,False,True
MBOXUSDT,2024-09-15 16:00:00,2024-09-15 20:00:00,2024-09-19 12:00:00,-1.0294823529411765,True,False,False,True
MBOXUSDT,2024-10-09 16:00:00,2024-10-09 20:00:00,2024-10-12 00:00:00,-1.02839375,True,False,False,False
MBOXUSDT,2024-10-17 04:00:00,2024-10-17 08:00:00,2024-10-19 04:00:00,-1.0179,True,False,False,False
MBOXUSDT,2024-11-02 12:00:00,2024-11-02 16:00:00,2024-11-07 00:00:00,-1.0212625000000002,True,False,True,False
MBOXUSDT,2024-12-14 12:00:00,2024-12-14 16:00:00,2024-12-18 20:00:00,1.9895183406113537,True,False,False,False
MBOXUSDT,2025-01-13 00:00:00,2025-01-13 04:00:00,2025-01-15 12:00:00,-1.016604195804196,True,True,True,False
MBOXUSDT,2025-01-26 20:00:00,2025-01-27 00:00:00,2025-02-02 16:00:00,1.9847,True,True,True,False
MBOXUSDT,2025-02-17 16:00:00,2025-02-17 20:00:00,2025-02-25 16:00:00,0.6230039999999992,True,True,True,False
MBOXUSDT,2025-03-06 16:00:00,2025-03-06 20:00:00,2025-03-10 16:00:00,1.9870590909090908,True,True,True,False
MBOXUSDT,2025-03-21 08:00:00,2025-03-21 12:00:00,2025-03-26 08:00:00,-1.0165600000000001,True,True,True,False
MBOXUSDT,2025-04-02 00:00:00,2025-04-02 04:00:00,2025-04-03 04:00:00,1.988096226415094,True,True,True,False
MBOXUSDT,2025-04-05 16:00:00,2025-04-05 20:00:00,2025-04-07 04:00:00,1.9907061224489795,True,True,True,False
MBOXUSDT,2025-04-13 04:00:00,2025-04-13 08:00:00,2025-04-13 16:00:00,1.9845961538461536,True,True,True,False
MBOXUSDT,2025-05-16 20:00:00,2025-05-17 00:00:00,2025-05-22 04:00:00,-1.0180242798353911,True,False,False,False
MBOXUSDT,2025-05-25 04:00:00,2025-05-25 08:00:00,2025-05-26 04:00:00,-1.0223694822888285,True,False,False,False
MBOXUSDT,2025-05-29 20:00:00,2025-05-30 00:00:00,2025-05-30 20:00:00,1.9865437340153451,True,False,False,False
MBOXUSDT,2025-06-20 20:00:00,2025-06-21 00:00:00,2025-06-22 20:00:00,1.9840360655737703,True,True,True,False
MBOXUSDT,2025-07-01 16:00:00,2025-07-01 20:00:00,2025-07-07 16:00:00,-1.0155150234741785,True,True,True,False
MBOXUSDT,2025-08-19 20:00:00,2025-08-20 00:00:00,2025-08-21 00:00:00,-1.0173562913907286,True,False,False,False
MBOXUSDT,2025-09-01 00:00:00,2025-09-01 04:00:00,2025-09-09 00:00:00,-0.46718155136268286,True,True,True,False
MBOXUSDT,2025-10-09 08:00:00,2025-10-09 12:00:00,2025-10-09 16:00:00,-1.0152129870129871,True,False,True,False
MBOXUSDT,2025-10-21 20:00:00,2025-10-22 00:00:00,2025-10-25 04:00:00,-1.0160564593301438,True,True,True,False
MBOXUSDT,2025-10-30 12:00:00,2025-10-30 16:00:00,2025-11-04 16:00:00,1.987112225705329,True,True,True,False
MBOXUSDT,2025-11-11 16:00:00,2025-11-11 20:00:00,2025-11-16 16:00:00,1.9857039711191333,True,True,True,False
MBOXUSDT,2025-11-17 16:00:00,2025-11-17 20:00:00,2025-11-20 12:00:00,-1.0196259259259262,True,True,True,False
MBOXUSDT,2025-12-05 08:00:00,2025-12-05 12:00:00,2025-12-13 08:00:00,0.4016171052631578,True,True,True,False
MBOXUSDT,2025-12-14 20:00:00,2025-12-15 00:00:00,2025-12-22 20:00:00,1.1626518867924536,True,True,True,False
MBOXUSDT,2025-12-23 12:00:00,2025-12-23 16:00:00,2025-12-23 16:00:00,-1.0289899999999998,True,True,True,False
MBOXUSDT,2026-01-12 20:00:00,2026-01-13 00:00:00,2026-01-13 20:00:00,-1.0187101694915255,True,True,False,False
MBOXUSDT,2026-01-25 12:00:00,2026-01-25 16:00:00,2026-01-31 12:00:00,1.9885210526315789,True,True,True,False
MBOXUSDT,2026-02-05 04:00:00,2026-02-05 08:00:00,2026-02-06 00:00:00,1.9900732673267325,True,True,True,False
MBOXUSDT,2026-02-11 04:00:00,2026-02-11 08:00:00,2026-02-13 16:00:00,-1.0175767741935486,True,True,True,False
MBOXUSDT,2026-02-18 16:00:00,2026-02-18 20:00:00,2026-02-26 16:00:00,0.8218666666666662,True,True,True,False
MBOXUSDT,2026-03-21 20:00:00,2026-03-22 00:00:00,2026-03-28 08:00:00,1.990346951219512,True,True,False,False
MBOXUSDT,2026-03-31 12:00:00,2026-03-31 16:00:00,2026-04-08 12:00:00,0.3976867924528319,True,True,True,False
MBOXUSDT,2026-04-27 04:00:00,2026-04-27 08:00:00,2026-04-29 12:00:00,-1.0145508196721313,True,True,False,False
MBOXUSDT,2026-05-15 08:00:00,2026-05-15 12:00:00,2026-05-17 20:00:00,1.9867444444444442,True,True,False,False
MELANIAUSDT,2025-02-12 00:00:00,2025-02-12 04:00:00,2025-02-14 12:00:00,-1.016921739130435,True,False,True,False
MELANIAUSDT,2025-02-24 12:00:00,2025-02-24 16:00:00,2025-02-24 20:00:00,1.9873162790697674,True,False,True,False
MELANIAUSDT,2025-03-09 08:00:00,2025-03-09 12:00:00,2025-03-11 00:00:00,1.982807692307692,True,False,True,False
MELANIAUSDT,2025-03-16 08:00:00,2025-03-16 12:00:00,2025-03-16 20:00:00,-1.0245368421052632,True,True,True,False
MELANIAUSDT,2025-03-22 20:00:00,2025-03-23 00:00:00,2025-03-28 08:00:00,1.9810454545454543,True,True,True,False
MELANIAUSDT,2025-04-02 00:00:00,2025-04-02 04:00:00,2025-04-07 04:00:00,1.9850599999999998,True,True,True,False
MELANIAUSDT,2025-04-20 08:00:00,2025-04-20 12:00:00,2025-04-22 20:00:00,-1.015015297450425,True,True,True,False
MELANIAUSDT,2025-05-16 20:00:00,2025-05-17 00:00:00,2025-05-18 12:00:00,-1.0205701754385967,True,True,False,False
MELANIAUSDT,2025-05-25 08:00:00,2025-05-25 12:00:00,2025-05-27 04:00:00,-1.0178060836501903,True,True,False,False
MELANIAUSDT,2025-06-17 12:00:00,2025-06-17 16:00:00,2025-06-22 08:00:00,1.9900410480349344,True,True,True,False
MELANIAUSDT,2025-06-26 12:00:00,2025-06-26 16:00:00,2025-06-28 08:00:00,-1.0182361290322581,True,True,True,False
MELANIAUSDT,2025-07-07 20:00:00,2025-07-08 00:00:00,2025-07-08 04:00:00,1.9806752808988761,True,True,True,False
MELANIAUSDT,2025-07-23 12:00:00,2025-07-23 16:00:00,2025-07-31 12:00:00,0.5282389140271496,True,False,False,False
MELANIAUSDT,2025-07-31 20:00:00,2025-08-01 00:00:00,2025-08-08 20:00:00,-0.5260622009569385,True,True,False,False
MELANIAUSDT,2025-08-29 08:00:00,2025-08-29 12:00:00,2025-09-06 08:00:00,0.9031464285714267,True,True,True,False
MELANIAUSDT,2025-09-21 20:00:00,2025-09-22 00:00:00,2025-09-22 04:00:00,1.9754718309859152,True,True,False,False
MELANIAUSDT,2025-09-25 08:00:00,2025-09-25 12:00:00,2025-10-01 12:00:00,-1.024463157894737,True,True,True,False
MELANIAUSDT,2025-10-07 16:00:00,2025-10-07 20:00:00,2025-10-10 20:00:00,1.9882261194029849,True,True,False,False
MELANIAUSDT,2025-10-20 16:00:00,2025-10-20 20:00:00,2025-10-27 16:00:00,-1.021313432835821,True,True,True,False
MELANIAUSDT,2025-11-29 16:00:00,2025-11-29 20:00:00,2025-12-07 16:00:00,0.8241326732673276,True,False,True,False
MELANIAUSDT,2025-12-14 12:00:00,2025-12-14 16:00:00,2025-12-17 04:00:00,1.9808230769230768,True,True,True,False
MELANIAUSDT,2025-12-17 16:00:00,2025-12-17 20:00:00,2025-12-17 20:00:00,-1.0152307692307694,True,True,True,False
MELANIAUSDT,2026-01-17 20:00:00,2026-01-18 00:00:00,2026-01-19 00:00:00,-1.0288925,True,False,False,False
MELANIAUSDT,2026-01-29 00:00:00,2026-01-29 04:00:00,2026-01-30 04:00:00,1.9888093023255813,True,False,True,False
MELANIAUSDT,2026-02-05 12:00:00,2026-02-05 16:00:00,2026-02-06 16:00:00,-1.0147433628318585,True,True,True,False
MELANIAUSDT,2026-02-18 20:00:00,2026-02-19 00:00:00,2026-02-26 20:00:00,0.6702019607843129,True,True,True,False
MELANIAUSDT,2026-03-06 12:00:00,2026-03-06 16:00:00,2026-03-12 16:00:00,-1.016359550561798,True,True,True,False
MELANIAUSDT,2026-03-15 12:00:00,2026-03-15 16:00:00,2026-03-15 20:00:00,-1.0276915254237289,True,True,True,False
MELANIAUSDT,2026-03-18 12:00:00,2026-03-18 16:00:00,2026-03-25 08:00:00,-1.0182954545454548,True,False,False,False
MELANIAUSDT,2026-03-27 08:00:00,2026-03-27 12:00:00,2026-04-04 08:00:00,0.7655790476190477,True,False,False,False
MELANIAUSDT,2026-04-06 20:00:00,2026-04-07 00:00:00,2026-04-07 20:00:00,-1.026525,True,True,False,False
MELANIAUSDT,2026-04-10 04:00:00,2026-04-10 08:00:00,2026-04-17 00:00:00,-1.0293450980392156,True,True,False,False
MELANIAUSDT,2026-04-29 12:00:00,2026-04-29 16:00:00,2026-05-07 12:00:00,-0.29135333333333213,True,True,False,False
MELANIAUSDT,2026-05-12 00:00:00,2026-05-12 04:00:00,2026-05-20 00:00:00,1.8437400000000024,True,True,False,False
MELANIAUSDT,2026-05-26 00:00:00,2026-05-26 04:00:00,2026-05-30 04:00:00,-1.027404255319149,True,True,False,False
MELANIAUSDT,2026-06-24 04:00:00,2026-06-24 08:00:00,2026-07-02 04:00:00,0.3786813499111914,True,True,True,False
MELANIAUSDT,2026-07-08 20:00:00,2026-07-09 00:00:00,2026-07-16 20:00:00,0.2552146095717887,True,True,False,False
MELANIAUSDT,2026-07-17 04:00:00,2026-07-17 08:00:00,2026-07-18 08:00:00,-1.032427138643068,True,True,False,False
MELANIAUSDT,2026-07-28 16:00:00,2026-07-28 20:00:00,2026-08-05 16:00:00,0.5276473846153855,True,False,False,False
MELANIAUSDT,2026-08-06 00:00:00,2026-08-06 04:00:00,2026-08-06 08:00:00,-1.0541575129533678,True,True,False,False
MELANIAUSDT,2026-08-11 12:00:00,2026-08-11 16:00:00,2026-08-19 12:00:00,0.1599328467153276,True,True,False,False
MEMEFIUSDT,2025-05-23 08:00:00,2025-05-23 12:00:00,2025-05-30 20:00:00,1.9896623287671231,True,False,False,False
MEMEFIUSDT,2025-06-04 16:00:00,2025-06-04 20:00:00,2025-06-12 16:00:00,1.5264624999999998,True,False,True,False
MEMEFIUSDT,2025-07-15 08:00:00,2025-07-15 12:00:00,2025-07-16 16:00:00,-1.0146432432432433,True,True,False,False
MEMEFIUSDT,2025-07-23 16:00:00,2025-07-23 20:00:00,2025-07-25 12:00:00,-1.0182857142857145,True,False,False,False
MILKUSDT,2025-05-25 08:00:00,2025-05-25 12:00:00,2025-05-26 04:00:00,-1.023666814159292,True,False,False,False
MILKUSDT,2025-05-29 20:00:00,2025-05-30 00:00:00,2025-05-30 20:00:00,1.9891985460420032,True,False,False,False
MILKUSDT,2025-06-20 20:00:00,2025-06-21 00:00:00,2025-06-22 12:00:00,1.9781873417721516,True,False,True,False
MILKUSDT,2025-07-01 08:00:00,2025-07-01 12:00:00,2025-07-09 08:00:00,1.1155536842105251,True,True,True,False
MILKUSDT,2025-07-23 20:00:00,2025-07-24 00:00:00,2025-07-25 04:00:00,-1.014650343249428,True,True,False,False
MILKUSDT,2025-07-30 00:00:00,2025-07-30 04:00:00,2025-08-05 20:00:00,-1.0181309589041097,True,True,False,False
MILKUSDT,2025-08-21 12:00:00,2025-08-21 16:00:00,2025-08-22 16:00:00,-1.018155414012739,True,True,False,False
MILKUSDT,2025-08-29 04:00:00,2025-08-29 08:00:00,2025-08-30 08:00:00,-1.029225,True,True,True,False
MILKUSDT,2025-09-04 04:00:00,2025-09-04 08:00:00,2025-09-08 08:00:00,-1.018537293729373,True,True,True,False
MILKUSDT,2025-10-30 08:00:00,2025-10-30 12:00:00,2025-11-04 16:00:00,1.9908952238805968,True,True,True,False
MILKUSDT,2025-11-11 16:00:00,2025-11-11 20:00:00,2025-11-17 20:00:00,1.9896827586206896,True,True,True,False
MIRAUSDT,2025-10-06 00:00:00,2025-10-06 04:00:00,2025-10-07 00:00:00,-1.0171160337552745,True,False,True,False
MIRAUSDT,2025-10-15 16:00:00,2025-10-15 20:00:00,2025-10-18 12:00:00,1.990307911392405,True,False,True,False
MIRAUSDT,2025-11-16 12:00:00,2025-11-16 16:00:00,2025-11-21 04:00:00,1.9872185483870966,True,True,True,False
MIRAUSDT,2025-11-28 00:00:00,2025-11-28 04:00:00,2025-12-01 08:00:00,1.9899460526315789,True,True,True,False
MIRAUSDT,2025-12-14 16:00:00,2025-12-14 20:00:00,2025-12-17 16:00:00,1.98296338028169,True,True,True,False
MIRAUSDT,2026-01-08 00:00:00,2026-01-08 04:00:00,2026-01-11 00:00:00,-1.02352,True,True,False,False
MIRAUSDT,2026-01-16 00:00:00,2026-01-16 04:00:00,2026-01-24 00:00:00,-0.10263018867924381,True,True,False,False
MIRAUSDT,2026-02-11 04:00:00,2026-02-11 08:00:00,2026-02-12 04:00:00,-1.0152133333333335,True,True,True,False
MIRAUSDT,2026-02-22 16:00:00,2026-02-22 20:00:00,2026-02-25 08:00:00,-1.0152320000000001,True,True,True,False
MIRAUSDT,2026-03-10 16:00:00,2026-03-10 20:00:00,2026-03-13 12:00:00,-1.032990588235294,True,True,True,False
MIRAUSDT,2026-03-22 04:00:00,2026-03-22 08:00:00,2026-03-30 04:00:00,0.9494675862068938,True,True,False,False
MIRAUSDT,2026-04-29 12:00:00,2026-04-29 16:00:00,2026-05-07 12:00:00,-0.1191206730769211,True,False,False,False
MIRAUSDT,2026-05-15 12:00:00,2026-05-15 16:00:00,2026-05-23 12:00:00,-0.5470119444444446,True,False,False,False
MIRAUSDT,2026-06-02 04:00:00,2026-06-02 08:00:00,2026-06-04 00:00:00,1.9865106299212596,True,True,False,False
MIRAUSDT,2026-06-16 00:00:00,2026-06-16 04:00:00,2026-06-24 00:00:00,1.6761677165354327,True,True,True,False
MIRAUSDT,2026-06-24 12:00:00,2026-06-24 16:00:00,2026-06-27 00:00:00,-1.02360859375,True,True,True,False
MIRAUSDT,2026-07-18 12:00:00,2026-07-18 16:00:00,2026-07-21 08:00:00,-1.017131914893617,True,True,False,False
MIRAUSDT,2026-07-27 12:00:00,2026-07-27 16:00:00,2026-07-29 12:00:00,-1.0178500000000001,True,True,False,False
MIRAUSDT,2026-08-04 00:00:00,2026-08-04 04:00:00,2026-08-05 16:00:00,-1.0155696969696972,True,True,False,False
MIRAUSDT,2026-08-11 04:00:00,2026-08-11 08:00:00,2026-08-18 00:00:00,1.9787879310344825,True,True,False,False
MITOUSDT,2025-10-27 20:00:00,2025-10-28 00:00:00,2025-10-30 16:00:00,1.9872937888198756,True,True,True,False
MITOUSDT,2025-11-16 12:00:00,2025-11-16 16:00:00,2025-11-21 16:00:00,-1.016525903614458,True,True,True,False
MITOUSDT,2025-12-07 20:00:00,2025-12-08 00:00:00,2025-12-15 20:00:00,1.3599581168831167,True,True,True,False
MITOUSDT,2025-12-21 12:00:00,2025-12-21 16:00:00,2025-12-26 16:00:00,-1.0149297709923666,True,True,True,False
MITOUSDT,2026-01-23 12:00:00,2026-01-23 16:00:00,2026-01-25 00:00:00,-1.0185287211740044,True,True,True,False
MITOUSDT,2026-01-29 00:00:00,2026-01-29 04:00:00,2026-01-31 12:00:00,1.9879610389610387,True,True,True,False
MITOUSDT,2026-03-26 16:00:00,2026-03-26 20:00:00,2026-04-02 08:00:00,-1.0237872727272728,True,True,False,False
MITOUSDT,2026-04-12 12:00:00,2026-04-12 16:00:00,2026-04-13 08:00:00,-1.0253767676767676,True,True,False,False
MITOUSDT,2026-07-07 00:00:00,2026-07-07 04:00:00,2026-07-08 04:00:00,1.9837162790697673,True,True,False,False
MITOUSDT,2026-07-27 12:00:00,2026-07-27 16:00:00,2026-07-27 16:00:00,-1.024784375,True,False,False,False
MITOUSDT,2026-08-01 16:00:00,2026-08-01 20:00:00,2026-08-05 04:00:00,-1.0186402515723272,True,True,False,False
MLNUSDT,2025-04-13 20:00:00,2025-04-14 00:00:00,2025-04-21 20:00:00,0.6001470588235296,True,False,True,False
MLNUSDT,2025-05-17 04:00:00,2025-05-17 08:00:00,2025-05-22 04:00:00,-1.0175522388059703,True,False,False,False
MLNUSDT,2025-05-30 00:00:00,2025-05-30 04:00:00,2025-05-30 08:00:00,-1.0248266666666668,True,True,False,False
MLNUSDT,2025-06-05 20:00:00,2025-06-06 00:00:00,2025-06-13 20:00:00,0.3206930232558142,True,True,True,False
MLNUSDT,2025-06-17 08:00:00,2025-06-17 12:00:00,2025-06-21 20:00:00,1.9811892561983468,True,True,True,False
MLNUSDT,2025-07-01 04:00:00,2025-07-01 08:00:00,2025-07-02 20:00:00,-1.0290616314199397,True,True,True,False
MLNUSDT,2025-07-23 20:00:00,2025-07-24 00:00:00,2025-07-28 04:00:00,-1.014656767411301,True,False,False,False
MLNUSDT,2025-07-28 16:00:00,2025-07-28 20:00:00,2025-08-05 16:00:00,1.1275412816691512,True,False,False,False
MLNUSDT,2025-08-31 20:00:00,2025-09-01 00:00:00,2025-09-08 20:00:00,0.4887857142857157,True,False,True,False
MLNUSDT,2025-09-15 04:00:00,2025-09-15 08:00:00,2025-09-22 04:00:00,1.9856892857142856,True,True,False,False
MLNUSDT,2025-09-25 16:00:00,2025-09-25 20:00:00,2025-09-27 00:00:00,-1.025033417721519,True,True,True,False
MLNUSDT,2025-09-30 12:00:00,2025-09-30 16:00:00,2025-10-01 12:00:00,-1.0203572854291418,True,True,True,False
MLNUSDT,2025-10-07 12:00:00,2025-10-07 16:00:00,2025-10-10 08:00:00,-1.0272431472081218,True,True,False,False
MLNUSDT,2025-11-17 16:00:00,2025-11-17 20:00:00,2025-11-25 16:00:00,0.7180650980392169,True,True,True,False
MLNUSDT,2025-12-05 08:00:00,2025-12-05 12:00:00,2025-12-06 12:00:00,-1.0160539473684211,True,True,True,False
MLNUSDT,2025-12-12 12:00:00,2025-12-12 16:00:00,2025-12-17 16:00:00,1.9786411483253585,True,True,True,False
MLNUSDT,2025-12-28 16:00:00,2025-12-28 20:00:00,2026-01-02 20:00:00,-1.0477886524822695,True,True,True,False
MLNUSDT,2026-01-11 12:00:00,2026-01-11 16:00:00,2026-01-13 20:00:00,-1.0441448717948716,True,True,False,False
MLNUSDT,2026-01-18 20:00:00,2026-01-19 00:00:00,2026-01-26 20:00:00,0.32178675958188235,True,True,False,False
MLNUSDT,2026-01-29 00:00:00,2026-01-29 04:00:00,2026-01-29 12:00:00,1.9688738461538462,True,True,True,False
MLNUSDT,2026-01-31 08:00:00,2026-01-31 12:00:00,2026-01-31 16:00:00,1.9794055865921785,True,True,True,False
MLNUSDT,2026-02-05 08:00:00,2026-02-05 12:00:00,2026-02-06 00:00:00,1.9889962837837836,True,True,True,False
MLNUSDT,2026-02-11 04:00:00,2026-02-11 08:00:00,2026-02-13 12:00:00,-1.0172066176470589,True,True,True,False
MLNUSDT,2026-02-18 16:00:00,2026-02-18 20:00:00,2026-02-26 16:00:00,0.9338710900473919,True,True,True,False
MLNUSDT,2026-02-27 16:00:00,2026-02-27 20:00:00,2026-03-02 16:00:00,-1.0310301369863013,True,True,True,False
MLNUSDT,2026-03-06 12:00:00,2026-03-06 16:00:00,2026-03-07 08:00:00,-1.0159187050359713,True,True,True,False
MLNUSDT,2026-03-20 16:00:00,2026-03-20 20:00:00,2026-03-22 20:00:00,1.9709644859813085,True,True,True,False
MLNUSDT,2026-03-26 04:00:00,2026-03-26 08:00:00,2026-03-29 20:00:00,1.979780821917808,True,True,False,False
MLNUSDT,2026-04-23 00:00:00,2026-04-23 04:00:00,2026-04-23 20:00:00,-1.0231,True,True,False,False
MLNUSDT,2026-04-27 12:00:00,2026-04-27 16:00:00,2026-05-05 12:00:00,0.29439034482758725,True,True,False,False
MLNUSDT,2026-05-12 08:00:00,2026-05-12 12:00:00,2026-05-13 08:00:00,1.9825231249999997,True,False,False,False
MOCAUSDT,2025-02-15 12:00:00,2025-02-15 16:00:00,2025-02-23 00:00:00,-1.0163764705882354,True,True,True,False
MOCAUSDT,2025-03-08 08:00:00,2025-03-08 12:00:00,2025-03-11 00:00:00,1.990677894736842,True,True,True,False
MOCAUSDT,2025-03-25 04:00:00,2025-03-25 08:00:00,2025-03-25 16:00:00,-1.03115,True,True,True,False
MOCAUSDT,2025-04-06 12:00:00,2025-04-06 16:00:00,2025-04-12 00:00:00,-1.0175933333333336,True,True,True,False
MOCAUSDT,2025-05-03 08:00:00,2025-05-03 12:00:00,2025-05-08 20:00:00,-1.0216000000000003,True,False,False,False
MOCAUSDT,2025-05-17 00:00:00,2025-05-17 04:00:00,2025-05-23 00:00:00,-1.0159075000000002,True,False,False,False
MOCAUSDT,2025-05-25 04:00:00,2025-05-25 08:00:00,2025-05-27 12:00:00,-1.0401032258064518,True,False,False,False
MOCAUSDT,2025-05-30 00:00:00,2025-05-30 04:00:00,2025-06-07 00:00:00,-0.3137172413793092,True,True,False,False
MOCAUSDT,2025-06-17 16:00:00,2025-06-17 20:00:00,2025-06-24 00:00:00,-1.0159754330708664,True,True,True,False
MOCAUSDT,2025-07-06 00:00:00,2025-07-06 04:00:00,2025-07-07 20:00:00,-1.0464637681159419,True,True,True,False
MOCAUSDT,2025-07-23 12:00:00,2025-07-23 16:00:00,2025-07-24 08:00:00,-1.0188813186813188,True,False,False,False
MOCAUSDT,2025-07-30 08:00:00,2025-07-30 12:00:00,2025-08-07 08:00:00,0.8050301833568414,True,False,False,False
MOCAUSDT,2025-08-11 08:00:00,2025-08-11 12:00:00,2025-08-19 08:00:00,0.678947368421052,True,False,False,False
MOCAUSDT,2025-08-19 12:00:00,2025-08-19 16:00:00,2025-08-22 16:00:00,-1.0346636042402826,True,True,False,False
MOCAUSDT,2025-08-29 12:00:00,2025-08-29 16:00:00,2025-09-06 12:00:00,0.37328378378378163,True,True,True,False
MOCAUSDT,2025-09-15 08:00:00,2025-09-15 12:00:00,2025-09-21 12:00:00,-1.0161212837837839,True,True,False,False
MOCAUSDT,2025-10-04 12:00:00,2025-10-04 16:00:00,2025-10-08 04:00:00,-1.0239457627118644,True,False,True,False
MOCAUSDT,2025-10-10 12:00:00,2025-10-10 16:00:00,2025-10-10 20:00:00,1.990842693409742,True,False,True,False
MOCAUSDT,2025-10-21 04:00:00,2025-10-21 08:00:00,2025-10-21 12:00:00,-1.0236019736842106,True,True,True,False
MOCAUSDT,2025-11-11 16:00:00,2025-11-11 20:00:00,2025-11-13 16:00:00,1.9772169811320752,True,True,True,False
MOCAUSDT,2025-11-16 12:00:00,2025-11-16 16:00:00,2025-11-20 16:00:00,1.9897575757575756,True,True,True,False
MOCAUSDT,2025-11-26 12:00:00,2025-11-26 16:00:00,2025-12-04 12:00:00,0.23350374331550888,True,True,True,False
MOCAUSDT,2025-12-07 08:00:00,2025-12-07 12:00:00,2025-12-09 16:00:00,-1.0362666666666667,True,True,True,False
MOCAUSDT,2025-12-17 16:00:00,2025-12-17 20:00:00,2025-12-18 12:00:00,-1.0211252032520328,True,True,True,False
MOCAUSDT,2026-01-29 00:00:00,2026-01-29 04:00:00,2026-01-31 12:00:00,1.9841421487603303,True,False,True,False
MOCAUSDT,2026-02-05 00:00:00,2026-02-05 04:00:00,2026-02-06 00:00:00,1.9893424460431652,True,True,True,False
MOCAUSDT,2026-02-18 20:00:00,2026-02-19 00:00:00,2026-02-22 08:00:00,-1.015125675675676,True,True,True,False
MOCAUSDT,2026-02-28 04:00:00,2026-02-28 08:00:00,2026-03-08 04:00:00,0.8525384615384612,True,True,True,False
MOCAUSDT,2026-03-09 16:00:00,2026-03-09 20:00:00,2026-03-10 16:00:00,-1.0364518518518517,True,True,True,False
MOCAUSDT,2026-03-21 20:00:00,2026-03-22 00:00:00,2026-03-29 20:00:00,1.9877145631067958,True,True,False,False
MOCAUSDT,2026-04-12 20:00:00,2026-04-13 00:00:00,2026-04-17 04:00:00,-1.0148000000000001,True,True,False,False
MOCAUSDT,2026-04-21 16:00:00,2026-04-21 20:00:00,2026-04-22 00:00:00,-1.0352153846153846,True,True,False,False
MOCAUSDT,2026-04-29 16:00:00,2026-04-29 20:00:00,2026-05-07 16:00:00,-0.5668288135593229,True,False,False,False
MOCAUSDT,2026-05-15 08:00:00,2026-05-15 12:00:00,2026-05-23 08:00:00,1.4907320754717006,True,False,False,False
MOCAUSDT,2026-05-27 00:00:00,2026-05-27 04:00:00,2026-06-04 00:00:00,1.9836147058823528,True,True,False,False
MOCAUSDT,2026-06-18 00:00:00,2026-06-18 04:00:00,2026-06-26 00:00:00,1.4158691358024706,True,True,False,False
MOCAUSDT,2026-06-30 08:00:00,2026-06-30 12:00:00,2026-07-02 04:00:00,-1.0226470588235295,True,True,True,False
MOCAUSDT,2026-07-07 20:00:00,2026-07-08 00:00:00,2026-07-09 12:00:00,-1.0190968750000002,True,True,False,False
MOCAUSDT,2026-07-11 20:00:00,2026-07-12 00:00:00,2026-07-19 20:00:00,0.7503365853658504,True,True,False,False
MOCAUSDT,2026-07-23 16:00:00,2026-07-23 20:00:00,2026-07-28 12:00:00,1.9785749999999998,True,True,False,False
MOCAUSDT,2026-08-11 12:00:00,2026-08-11 16:00:00,2026-08-19 12:00:00,-0.38656600000000024,True,True,False,False
MOVRUSDT,2024-09-30 12:00:00,2024-09-30 16:00:00,2024-10-03 08:00:00,1.9899625523012552,True,False,False,False
MOVRUSDT,2024-10-08 12:00:00,2024-10-08 16:00:00,2024-10-14 12:00:00,-1.0150771764705884,True,False,False,False
MOVRUSDT,2024-10-17 04:00:00,2024-10-17 08:00:00,2024-10-20 04:00:00,-1.0172343541944076,True,False,False,False
MOVRUSDT,2024-11-02 12:00:00,2024-11-02 16:00:00,2024-11-06 20:00:00,-1.0173731673582298,True,True,True,False
MOVRUSDT,2024-12-31 20:00:00,2025-01-01 00:00:00,2025-01-02 04:00:00,-1.018123961661342,True,True,True,False
MOVRUSDT,2025-01-13 00:00:00,2025-01-13 04:00:00,2025-01-15 12:00:00,-1.0174902097902099,True,True,True,False
MOVRUSDT,2025-02-01 08:00:00,2025-02-01 12:00:00,2025-02-02 16:00:00,1.9880073699421963,True,True,True,False
MOVRUSDT,2025-02-24 00:00:00,2025-02-24 04:00:00,2025-03-04 00:00:00,1.990548163265306,True,True,True,False
MOVRUSDT,2025-03-09 08:00:00,2025-03-09 12:00:00,2025-03-11 00:00:00,1.9907223880597014,True,True,True,False
MOVRUSDT,2025-04-15 16:00:00,2025-04-15 20:00:00,2025-04-19 04:00:00,-1.0261907692307692,True,True,True,False
MOVRUSDT,2025-05-17 04:00:00,2025-05-17 08:00:00,2025-05-22 00:00:00,-1.0221187500000002,True,False,False,False
MOVRUSDT,2025-05-25 00:00:00,2025-05-25 04:00:00,2025-05-27 08:00:00,-1.0401714285714285,True,False,False,False
MOVRUSDT,2025-06-17 08:00:00,2025-06-17 12:00:00,2025-06-25 08:00:00,0.0006233009708737991,True,True,True,False
MOVRUSDT,2025-08-22 08:00:00,2025-08-22 12:00:00,2025-08-22 12:00:00,-1.019367191011236,True,False,True,False
MOVRUSDT,2025-09-01 12:00:00,2025-09-01 16:00:00,2025-09-09 12:00:00,0.4032942953020128,True,True,True,False
MOVRUSDT,2025-09-15 04:00:00,2025-09-15 08:00:00,2025-09-23 04:00:00,0.8076534446764081,True,True,False,False
MOVRUSDT,2025-09-25 04:00:00,2025-09-25 08:00:00,2025-10-02 04:00:00,-1.0204621253405997,True,True,True,False
MOVRUSDT,2025-10-07 12:00:00,2025-10-07 16:00:00,2025-10-10 20:00:00,1.9879557499999998,True,True,False,False
MOVRUSDT,2025-10-28 16:00:00,2025-10-28 20:00:00,2025-11-03 12:00:00,1.9879785714285714,True,True,True,False
MOVRUSDT,2025-11-11 04:00:00,2025-11-11 08:00:00,2025-11-11 16:00:00,-1.0187527675276755,True,True,True,False
MOVRUSDT,2025-11-16 12:00:00,2025-11-16 16:00:00,2025-11-24 12:00:00,1.0295710843373473,True,True,True,False
MOVRUSDT,2025-12-04 16:00:00,2025-12-04 20:00:00,2025-12-07 12:00:00,-1.0254490797546012,True,True,True,False
MOVRUSDT,2025-12-11 00:00:00,2025-12-11 04:00:00,2025-12-17 16:00:00,1.9889216101694913,True,True,True,False
MOVRUSDT,2025-12-29 08:00:00,2025-12-29 12:00:00,2026-01-01 20:00:00,-1.0267302325581396,True,True,True,False
MOVRUSDT,2026-01-11 20:00:00,2026-01-12 00:00:00,2026-01-13 16:00:00,-1.0295806451612903,True,True,False,False
MOVRUSDT,2026-01-18 20:00:00,2026-01-19 00:00:00,2026-01-26 20:00:00,0.8670710059171591,True,True,False,False
MOVRUSDT,2026-01-29 00:00:00,2026-01-29 04:00:00,2026-01-31 12:00:00,1.9852666666666665,True,True,True,False
MOVRUSDT,2026-02-04 12:00:00,2026-02-04 16:00:00,2026-02-06 00:00:00,1.9895405405405404,True,True,True,False
MOVRUSDT,2026-02-11 04:00:00,2026-02-11 08:00:00,2026-02-12 08:00:00,-1.0204428571428574,True,True,True,False
MOVRUSDT,2026-02-18 12:00:00,2026-02-18 16:00:00,2026-02-22 12:00:00,1.9719239130434778,True,True,True,False
MOVRUSDT,2026-03-18 12:00:00,2026-03-18 16:00:00,2026-03-26 12:00:00,1.481280672268907,True,True,False,False
MOVRUSDT,2026-03-28 00:00:00,2026-03-28 04:00:00,2026-03-30 08:00:00,-1.021292537313433,True,True,True,False
MOVRUSDT,2026-04-05 00:00:00,2026-04-05 04:00:00,2026-04-08 12:00:00,-1.0160237623762378,True,True,False,False
MOVRUSDT,2026-04-12 20:00:00,2026-04-13 00:00:00,2026-04-16 00:00:00,-1.0226916666666666,True,False,False,False
MOVRUSDT,2026-05-04 16:00:00,2026-05-04 20:00:00,2026-05-07 20:00:00,-1.0240367647058823,True,False,False,False
MOVRUSDT,2026-05-18 12:00:00,2026-05-18 16:00:00,2026-05-22 00:00:00,-1.0197346153846156,True,False,False,False
MOVRUSDT,2026-05-22 16:00:00,2026-05-22 20:00:00,2026-05-28 00:00:00,1.9899097938144328,True,False,False,False
MOVRUSDT,2026-05-31 12:00:00,2026-05-31 16:00:00,2026-06-01 08:00:00,-1.0215866666666669,True,True,True,False
MOVRUSDT,2026-06-04 00:00:00,2026-06-04 04:00:00,2026-06-05 04:00:00,1.9888747899159662,True,True,True,False
MOVRUSDT,2026-06-17 16:00:00,2026-06-17 20:00:00,2026-06-24 12:00:00,1.988220588235294,True,True,False,False
MOVRUSDT,2026-07-12 20:00:00,2026-07-13 00:00:00,2026-07-20 20:00:00,0.14174561403508773,True,True,False,False
MOVRUSDT,2026-07-24 08:00:00,2026-07-24 12:00:00,2026-08-01 08:00:00,1.0023739999999979,True,True,False,False
MOVRUSDT,2026-08-01 16:00:00,2026-08-01 20:00:00,2026-08-06 04:00:00,-1.0370511627906975,True,True,False,False
MOVRUSDT,2026-08-11 00:00:00,2026-08-11 04:00:00,2026-08-11 08:00:00,1.979189795918367,True,True,False,False
MUSDT,2025-08-28 12:00:00,2025-08-28 16:00:00,2025-08-29 04:00:00,-1.0264082191780821,True,True,True,False
MUSDT,2025-09-11 20:00:00,2025-09-12 00:00:00,2025-09-12 00:00:00,-1.014284681769148,True,False,False,False
MUSDT,2025-10-15 00:00:00,2025-10-15 04:00:00,2025-10-19 20:00:00,-1.0152331125827816,True,False,True,False
MUSDT,2025-11-20 16:00:00,2025-11-20 20:00:00,2025-11-27 04:00:00,1.989109838998211,True,True,True,False
MUSDT,2025-12-05 00:00:00,2025-12-05 04:00:00,2025-12-10 00:00:00,-1.0162427923844064,True,True,True,False
MUSDT,2025-12-18 20:00:00,2025-12-19 00:00:00,2025-12-26 20:00:00,1.085845079787233,True,True,True,False
MUSDT,2026-01-27 04:00:00,2026-01-27 08:00:00,2026-01-31 12:00:00,1.9878030198446937,True,False,True,False
MUSDT,2026-02-05 20:00:00,2026-02-06 00:00:00,2026-02-06 00:00:00,-1.0153193548387098,True,True,True,False
MUSDT,2026-02-13 16:00:00,2026-02-13 20:00:00,2026-02-17 00:00:00,-1.0150964650432053,True,True,True,False
MUSDT,2026-03-10 08:00:00,2026-03-10 12:00:00,2026-03-16 12:00:00,-1.0150069992553985,True,False,True,False
MUSDT,2026-05-10 16:00:00,2026-05-10 20:00:00,2026-05-18 16:00:00,0.14784540706605287,True,False,False,False
MUSDT,2026-06-20 00:00:00,2026-06-20 04:00:00,2026-06-25 00:00:00,1.9825420592193808,True,True,True,False
MUSDT,2026-07-19 12:00:00,2026-07-19 16:00:00,2026-07-20 00:00:00,-1.0173964583333335,True,True,False,False
MUSDT,2026-08-06 16:00:00,2026-08-06 20:00:00,2026-08-14 16:00:00,0.4476667274384687,True,True,False,False
MUSDT,2026-08-19 08:00:00,2026-08-19 12:00:00,2026-08-19 12:00:00,-1.0197469026548673,True,True,False,False
MYROUSDT,2024-12-14 08:00:00,2024-12-14 12:00:00,2024-12-18 12:00:00,1.9871067873303165,True,True,False,False
MYROUSDT,2024-12-29 16:00:00,2024-12-29 20:00:00,2025-01-03 12:00:00,-1.014503370786517,True,True,True,False
MYROUSDT,2025-05-28 04:00:00,2025-05-28 08:00:00,2025-05-30 00:00:00,1.9859915254237286,True,False,False,False
MYROUSDT,2025-07-05 16:00:00,2025-07-05 20:00:00,2025-07-06 04:00:00,-1.0220266666666669,True,True,True,False
MYROUSDT,2025-08-29 04:00:00,2025-08-29 08:00:00,2025-08-31 16:00:00,-1.0215099337748346,True,False,True,False
MYROUSDT,2025-09-22 00:00:00,2025-09-22 04:00:00,2025-09-28 04:00:00,1.9894073298429318,True,True,False,False
MYROUSDT,2025-10-09 08:00:00,2025-10-09 12:00:00,2025-10-10 20:00:00,1.9849583333333332,True,True,True,False
MYXUSDT,2025-09-01 04:00:00,2025-09-01 08:00:00,2025-09-01 20:00:00,1.9836047169811317,True,False,True,False
MYXUSDT,2025-10-28 16:00:00,2025-10-28 20:00:00,2025-10-31 04:00:00,1.990448148148148,True,True,True,False
MYXUSDT,2025-11-26 04:00:00,2025-11-26 08:00:00,2025-11-30 16:00:00,-1.0210000000000001,True,True,True,False
MYXUSDT,2026-01-17 04:00:00,2026-01-17 08:00:00,2026-01-21 08:00:00,-1.0148377281947263,True,False,False,False
MYXUSDT,2026-03-29 12:00:00,2026-03-29 16:00:00,2026-04-02 08:00:00,1.9887193717277485,True,True,True,False
MYXUSDT,2026-05-15 04:00:00,2026-05-15 08:00:00,2026-05-15 12:00:00,1.9792808510638296,True,True,False,False
MYXUSDT,2026-05-22 16:00:00,2026-05-22 20:00:00,2026-05-23 00:00:00,-1.021036206896552,True,True,False,False
MYXUSDT,2026-07-02 04:00:00,2026-07-02 08:00:00,2026-07-03 04:00:00,-1.0162213333333334,True,True,True,False
MYXUSDT,2026-08-11 04:00:00,2026-08-11 08:00:00,2026-08-13 08:00:00,-1.0177333333333336,True,True,False,False
MYXUSDT,2026-08-18 00:00:00,2026-08-18 04:00:00,2026-08-19 20:00:00,-1.0308344615384617,True,True,False,False
NAORISUSDT,2025-08-19 12:00:00,2025-08-19 16:00:00,2025-08-23 04:00:00,-1.0146970711297072,True,False,False,False
NAORISUSDT,2025-12-07 00:00:00,2025-12-07 04:00:00,2025-12-07 16:00:00,-1.0144312000000002,True,True,True,False
NAORISUSDT,2025-12-27 08:00:00,2025-12-27 12:00:00,2025-12-28 04:00:00,-1.0188485294117648,True,False,True,False
NAORISUSDT,2026-05-30 12:00:00,2026-05-30 16:00:00,2026-06-04 00:00:00,1.9906067692307692,True,True,True,False
NAORISUSDT,2026-08-07 16:00:00,2026-08-07 20:00:00,2026-08-08 20:00:00,-1.014106329113924,True,True,False,False
NAORISUSDT,2026-08-17 08:00:00,2026-08-17 12:00:00,2026-08-20 04:00:00,1.9786842105263154,True,True,False,False
NATGASUSDT,2026-04-08 00:00:00,2026-04-08 04:00:00,2026-04-16 00:00:00,-0.006025352112675259,True,False,False,False
NATGASUSDT,2026-04-20 20:00:00,2026-04-21 00:00:00,2026-04-22 08:00:00,-1.058779104477612,True,False,False,False
NATGASUSDT,2026-04-23 12:00:00,2026-04-23 16:00:00,2026-05-01 12:00:00,-0.235989595375722,True,False,False,False
NATGASUSDT,2026-05-06 08:00:00,2026-05-06 12:00:00,2026-05-08 08:00:00,-1.0243171974522294,True,False,False,False
NATGASUSDT,2026-05-22 08:00:00,2026-05-22 12:00:00,2026-05-28 20:00:00,-1.0222214285714288,True,False,False,False
NATGASUSDT,2026-06-07 20:00:00,2026-06-08 00:00:00,2026-06-10 12:00:00,-1.060464864864865,True,False,True,False
NATGASUSDT,2026-06-12 08:00:00,2026-06-12 12:00:00,2026-06-16 16:00:00,-1.0242145251396648,True,False,True,False
NATGASUSDT,2026-06-23 08:00:00,2026-06-23 12:00:00,2026-06-26 12:00:00,-1.0309534246575343,True,False,False,False
NATGASUSDT,2026-06-29 12:00:00,2026-06-29 16:00:00,2026-06-30 12:00:00,-1.033244776119403,True,False,True,False
NATGASUSDT,2026-07-05 20:00:00,2026-07-06 00:00:00,2026-07-06 12:00:00,-1.0782526315789474,True,False,False,False
NATGASUSDT,2026-07-13 16:00:00,2026-07-13 20:00:00,2026-07-21 16:00:00,-0.02826037735849164,True,True,False,False
NATGASUSDT,2026-07-26 20:00:00,2026-07-27 00:00:00,2026-07-28 08:00:00,1.9550473684210528,True,True,False,False
NATGASUSDT,2026-08-04 08:00:00,2026-08-04 12:00:00,2026-08-10 12:00:00,-1.0364673076923077,True,True,False,False
NATGASUSDT,2026-08-16 20:00:00,2026-08-17 00:00:00,2026-08-18 16:00:00,-1.0530833333333331,True,True,False,False
NEIROETHUSDT,2024-12-14 12:00:00,2024-12-14 16:00:00,2024-12-15 16:00:00,-1.0207292620865143,True,True,False,False
NEIROETHUSDT,2025-03-18 00:00:00,2025-03-18 04:00:00,2025-03-19 16:00:00,-1.0157239215686276,True,False,True,False
NEIROETHUSDT,2025-05-17 04:00:00,2025-05-17 08:00:00,2025-05-18 04:00:00,-1.0178781350482318,True,False,False,False
NEIROETHUSDT,2025-06-19 04:00:00,2025-06-19 08:00:00,2025-06-21 16:00:00,1.9878170403587443,True,False,True,False
NEIROETHUSDT,2025-07-05 16:00:00,2025-07-05 20:00:00,2025-07-07 16:00:00,1.9802797468354427,True,False,True,False
NEIROETHUSDT,2025-08-18 00:00:00,2025-08-18 04:00:00,2025-08-23 04:00:00,-1.0142369230769233,True,True,False,False
NEIROETHUSDT,2025-08-29 04:00:00,2025-08-29 08:00:00,2025-08-31 12:00:00,1.9845872987477637,True,True,True,False
NEIROETHUSDT,2025-09-19 12:00:00,2025-09-19 16:00:00,2025-09-21 08:00:00,1.989193005181347,True,True,False,False
NEWTUSDT,2025-07-05 16:00:00,2025-07-05 20:00:00,2025-07-13 16:00:00,0.5750393442622961,True,False,True,False
NEWTUSDT,2025-08-29 08:00:00,2025-08-29 12:00:00,2025-09-06 08:00:00,1.0496521739130478,True,True,True,False
NEWTUSDT,2025-09-22 00:00:00,2025-09-22 04:00:00,2025-09-22 12:00:00,1.9813822033898303,True,True,False,False
NEWTUSDT,2025-09-25 08:00:00,2025-09-25 12:00:00,2025-09-30 12:00:00,1.985545864661654,True,True,True,False
NEWTUSDT,2025-10-07 20:00:00,2025-10-08 00:00:00,2025-10-10 20:00:00,1.9888377358490565,True,True,False,False
NEWTUSDT,2025-10-30 08:00:00,2025-10-30 12:00:00,2025-11-03 12:00:00,1.9888008695652173,True,True,True,False
NEWTUSDT,2025-11-13 16:00:00,2025-11-13 20:00:00,2025-11-21 16:00:00,0.055782456140350475,True,True,True,False
NEWTUSDT,2025-11-29 16:00:00,2025-11-29 20:00:00,2025-12-07 16:00:00,0.33829066666666624,True,True,True,False
NEWTUSDT,2025-12-11 00:00:00,2025-12-11 04:00:00,2025-12-19 00:00:00,1.4197377358490573,True,True,True,False
NEWTUSDT,2025-12-31 12:00:00,2025-12-31 16:00:00,2026-01-02 04:00:00,-1.026124,True,True,True,False
NEWTUSDT,2026-02-11 04:00:00,2026-02-11 08:00:00,2026-02-12 04:00:00,-1.014835483870968,True,True,True,False
NEWTUSDT,2026-02-24 04:00:00,2026-02-24 08:00:00,2026-02-25 00:00:00,-1.019484888888889,True,True,True,False
NEWTUSDT,2026-03-07 04:00:00,2026-03-07 08:00:00,2026-03-15 04:00:00,-0.57160621761658,True,True,True,False
NEWTUSDT,2026-03-31 00:00:00,2026-03-31 04:00:00,2026-04-06 16:00:00,-1.0223831325301207,True,True,True,False
NEWTUSDT,2026-04-29 16:00:00,2026-04-29 20:00:00,2026-05-07 16:00:00,-0.7916766884531607,True,False,False,False
NEWTUSDT,2026-05-13 12:00:00,2026-05-13 16:00:00,2026-05-14 12:00:00,-1.0176767441860466,True,False,False,False
NEWTUSDT,2026-05-27 00:00:00,2026-05-27 04:00:00,2026-05-29 20:00:00,-1.02275625,True,True,False,False
NEWTUSDT,2026-06-04 04:00:00,2026-06-04 08:00:00,2026-06-06 08:00:00,1.9899239852398523,True,True,True,False
NEWTUSDT,2026-06-18 04:00:00,2026-06-18 08:00:00,2026-06-20 00:00:00,-1.0232302839116718,True,True,False,False
NEWTUSDT,2026-06-23 04:00:00,2026-06-23 08:00:00,2026-06-24 04:00:00,-1.026286567164179,True,True,False,False
NEWTUSDT,2026-07-01 04:00:00,2026-07-01 08:00:00,2026-07-02 08:00:00,-1.0187583815028902,True,True,True,False
NEWTUSDT,2026-07-06 08:00:00,2026-07-06 12:00:00,2026-07-14 08:00:00,1.6867447761194074,True,True,False,False
NEWTUSDT,2026-07-16 20:00:00,2026-07-17 00:00:00,2026-07-24 20:00:00,-0.4227474006116198,True,True,False,False
NEWTUSDT,2026-07-26 00:00:00,2026-07-26 04:00:00,2026-07-29 20:00:00,1.9856960854092525,True,True,False,False
NEWTUSDT,2026-08-03 00:00:00,2026-08-03 04:00:00,2026-08-09 16:00:00,-1.037617808219178,True,True,False,False
NEWTUSDT,2026-08-11 04:00:00,2026-08-11 08:00:00,2026-08-19 04:00:00,1.2838482142857124,True,True,False,False
NFPUSDT,2024-09-22 12:00:00,2024-09-22 16:00:00,2024-09-23 00:00:00,-1.0242265625,True,False,False,False
NFPUSDT,2024-12-14 12:00:00,2024-12-14 16:00:00,2024-12-18 20:00:00,1.990754054054054,True,False,False,False
NFPUSDT,2024-12-29 16:00:00,2024-12-29 20:00:00,2025-01-02 04:00:00,-1.0205555555555557,True,True,True,False
NFPUSDT,2025-03-21 08:00:00,2025-03-21 12:00:00,2025-03-25 16:00:00,-1.014921052631579,True,True,True,False
NFPUSDT,2025-03-31 04:00:00,2025-03-31 08:00:00,2025-04-03 08:00:00,1.9888946428571428,True,True,True,False
NFPUSDT,2025-04-06 12:00:00,2025-04-06 16:00:00,2025-04-14 12:00:00,0.0038703703703709034,True,True,True,False
NFPUSDT,2025-04-16 04:00:00,2025-04-16 08:00:00,2025-04-18 04:00:00,-1.0167391304347828,True,True,True,False
NFPUSDT,2025-05-16 20:00:00,2025-05-17 00:00:00,2025-05-22 04:00:00,-1.0198754098360656,True,False,False,False
NFPUSDT,2025-05-25 00:00:00,2025-05-25 04:00:00,2025-05-26 04:00:00,-1.0249021276595744,True,False,False,False
NFPUSDT,2025-05-29 20:00:00,2025-05-30 00:00:00,2025-05-30 20:00:00,1.9888641791044774,True,False,False,False
NFPUSDT,2025-06-21 16:00:00,2025-06-21 20:00:00,2025-06-24 04:00:00,-1.0152428274428276,True,True,True,False
NFPUSDT,2025-09-01 00:00:00,2025-09-01 04:00:00,2025-09-09 00:00:00,-1.0143069400630915,True,True,True,False
NFPUSDT,2025-09-30 08:00:00,2025-09-30 12:00:00,2025-10-02 04:00:00,-1.0207221374045803,True,True,True,False
NFPUSDT,2025-10-21 00:00:00,2025-10-21 04:00:00,2025-10-27 08:00:00,-1.014444827586207,True,True,True,False
NFPUSDT,2025-11-04 16:00:00,2025-11-04 20:00:00,2025-11-06 08:00:00,-1.0161122807017546,True,True,True,False
NFPUSDT,2025-11-17 16:00:00,2025-11-17 20:00:00,2025-11-20 08:00:00,-1.0176599250936331,True,True,True,False
NFPUSDT,2025-11-28 04:00:00,2025-11-28 08:00:00,2025-12-06 04:00:00,0.9652918367346945,True,True,True,False
NFPUSDT,2025-12-14 16:00:00,2025-12-14 20:00:00,2025-12-18 16:00:00,1.9854896774193547,True,True,True,False
NFPUSDT,2025-12-31 12:00:00,2025-12-31 16:00:00,2025-12-31 20:00:00,-1.0387951807228915,True,True,True,False
NFPUSDT,2026-01-11 20:00:00,2026-01-12 00:00:00,2026-01-13 20:00:00,-1.0231767741935482,True,False,False,False
NFPUSDT,2026-01-28 16:00:00,2026-01-28 20:00:00,2026-01-30 00:00:00,1.9794349999999998,True,True,True,False
NFPUSDT,2026-02-18 12:00:00,2026-02-18 16:00:00,2026-02-23 00:00:00,1.986562608695652,True,True,True,False
NFPUSDT,2026-03-21 20:00:00,2026-03-22 00:00:00,2026-03-29 08:00:00,1.9853562499999997,True,True,False,False
NFPUSDT,2026-03-31 08:00:00,2026-03-31 12:00:00,2026-04-01 16:00:00,-1.0177980198019805,True,True,True,False
NFPUSDT,2026-04-12 00:00:00,2026-04-12 04:00:00,2026-04-16 04:00:00,-1.0170851851851854,True,True,False,False
NFPUSDT,2026-04-23 00:00:00,2026-04-23 04:00:00,2026-04-23 20:00:00,-1.0194097087378642,True,True,False,False
NFPUSDT,2026-04-27 04:00:00,2026-04-27 08:00:00,2026-04-27 12:00:00,-1.0232731182795698,True,False,False,False
NFPUSDT,2026-06-14 12:00:00,2026-06-14 16:00:00,2026-06-16 08:00:00,-1.0215122661122662,True,True,True,False
NFPUSDT,2026-06-21 20:00:00,2026-06-22 00:00:00,2026-06-22 08:00:00,-1.0143958217270197,True,True,True,False
NILUSDT,2025-05-25 08:00:00,2025-05-25 12:00:00,2025-05-26 08:00:00,-1.020320257234727,True,False,False,False
NILUSDT,2025-07-05 16:00:00,2025-07-05 20:00:00,2025-07-06 20:00:00,-1.034083185840708,True,True,True,False
NILUSDT,2025-07-28 12:00:00,2025-07-28 16:00:00,2025-08-05 12:00:00,1.5742624535315997,True,False,False,False
NILUSDT,2025-09-01 00:00:00,2025-09-01 04:00:00,2025-09-05 16:00:00,-1.0239872611464969,True,True,True,False
NILUSDT,2025-09-15 04:00:00,2025-09-15 08:00:00,2025-09-18 20:00:00,-1.0170480314960633,True,False,False,False
NILUSDT,2025-09-22 08:00:00,2025-09-22 12:00:00,2025-09-30 08:00:00,1.1456093189964158,True,False,False,False
NILUSDT,2025-11-11 04:00:00,2025-11-11 08:00:00,2025-11-15 20:00:00,-1.0145440000000001,True,True,True,False
NILUSDT,2025-11-29 08:00:00,2025-11-29 12:00:00,2025-12-01 04:00:00,1.9885281690140844,True,True,True,False
NILUSDT,2025-12-05 00:00:00,2025-12-05 04:00:00,2025-12-07 12:00:00,1.9792999999999996,True,True,True,False
NILUSDT,2025-12-07 20:00:00,2025-12-08 00:00:00,2025-12-09 12:00:00,-1.0180384615384617,True,True,True,False
NILUSDT,2025-12-15 04:00:00,2025-12-15 08:00:00,2025-12-20 20:00:00,-1.01494554973822,True,True,True,False
NILUSDT,2026-01-07 12:00:00,2026-01-07 16:00:00,2026-01-15 12:00:00,0.02739449838187578,True,True,False,False
NILUSDT,2026-02-03 20:00:00,2026-02-04 00:00:00,2026-02-06 00:00:00,1.989883411214953,True,True,True,False
NILUSDT,2026-02-21 16:00:00,2026-02-21 20:00:00,2026-02-25 00:00:00,1.9831756457564573,True,True,True,False
NILUSDT,2026-03-11 04:00:00,2026-03-11 08:00:00,2026-03-12 08:00:00,-1.0162701754385965,True,True,True,False
NILUSDT,2026-03-21 20:00:00,2026-03-22 00:00:00,2026-03-26 04:00:00,1.9905942791762012,True,True,False,False
NILUSDT,2026-04-12 12:00:00,2026-04-12 16:00:00,2026-04-14 16:00:00,-1.021779245283019,True,True,False,False
NILUSDT,2026-06-21 20:00:00,2026-06-22 00:00:00,2026-06-22 08:00:00,-1.0191366906474821,True,True,True,False
NILUSDT,2026-06-24 12:00:00,2026-06-24 16:00:00,2026-07-02 12:00:00,-0.29860137457044755,True,True,True,False
NILUSDT,2026-07-06 08:00:00,2026-07-06 12:00:00,2026-07-14 08:00:00,0.7177770034843215,True,True,False,False
NILUSDT,2026-07-24 12:00:00,2026-07-24 16:00:00,2026-07-26 16:00:00,-1.016357142857143,True,True,False,False
NILUSDT,2026-07-30 12:00:00,2026-07-30 16:00:00,2026-07-31 08:00:00,1.9849363636363635,True,True,False,False
NOMUSDT,2025-12-05 12:00:00,2025-12-05 16:00:00,2025-12-11 00:00:00,1.987057746478873,True,True,True,False
NOMUSDT,2025-12-12 12:00:00,2025-12-12 16:00:00,2025-12-15 12:00:00,1.9826799999999998,True,True,True,False
NOMUSDT,2025-12-23 04:00:00,2025-12-23 08:00:00,2025-12-24 00:00:00,-1.0251052083333332,True,True,True,False
NOMUSDT,2025-12-31 20:00:00,2026-01-01 00:00:00,2026-01-03 08:00:00,-1.0147690140845071,True,True,True,False
NOMUSDT,2026-01-18 20:00:00,2026-01-19 00:00:00,2026-01-24 12:00:00,-1.0153226628895187,True,True,False,False
NOMUSDT,2026-02-05 00:00:00,2026-02-05 04:00:00,2026-02-06 00:00:00,1.9906286614173228,True,True,True,False
NOMUSDT,2026-02-18 16:00:00,2026-02-18 20:00:00,2026-02-20 04:00:00,-1.0195813829787235,True,True,True,False
NOMUSDT,2026-02-24 04:00:00,2026-02-24 08:00:00,2026-02-28 00:00:00,1.9896337628865979,True,True,True,False
NOMUSDT,2026-03-07 04:00:00,2026-03-07 08:00:00,2026-03-15 04:00:00,0.4392473186119875,True,True,True,False
NOMUSDT,2026-03-17 20:00:00,2026-03-18 00:00:00,2026-03-20 16:00:00,1.9883828451882843,True,True,False,False
NOMUSDT,2026-03-26 00:00:00,2026-03-26 04:00:00,2026-03-26 20:00:00,1.9869733766233764,True,True,False,False
NOMUSDT,2026-04-27 04:00:00,2026-04-27 08:00:00,2026-04-29 00:00:00,-1.0194894736842108,True,True,False,False
NOMUSDT,2026-05-03 00:00:00,2026-05-03 04:00:00,2026-05-11 00:00:00,-0.2448634361233481,True,True,False,False
NOMUSDT,2026-05-12 20:00:00,2026-05-13 00:00:00,2026-05-14 00:00:00,1.9789366972477063,True,True,False,False
NOMUSDT,2026-05-22 08:00:00,2026-05-22 12:00:00,2026-05-22 20:00:00,1.9730249999999996,True,True,False,False
NOMUSDT,2026-05-26 16:00:00,2026-05-26 20:00:00,2026-05-29 16:00:00,-1.0198067114093963,True,True,False,False
NOMUSDT,2026-06-13 16:00:00,2026-06-13 20:00:00,2026-06-15 00:00:00,-1.0283802469135803,True,True,True,False
NOMUSDT,2026-06-24 12:00:00,2026-06-24 16:00:00,2026-07-01 08:00:00,-1.0172352941176472,True,True,True,False
NOMUSDT,2026-07-13 16:00:00,2026-07-13 20:00:00,2026-07-21 16:00:00,-0.2489343999999998,True,True,False,False
NOMUSDT,2026-08-13 12:00:00,2026-08-13 16:00:00,2026-08-15 04:00:00,-1.0288773333333332,True,False,False,False
NTRNUSDT,2024-09-04 00:00:00,2024-09-04 04:00:00,2024-09-10 16:00:00,-1.0154729641693812,True,False,False,True
NTRNUSDT,2024-09-15 20:00:00,2024-09-16 00:00:00,2024-09-19 00:00:00,-1.0226365296803654,True,False,False,True
NTRNUSDT,2024-09-30 16:00:00,2024-09-30 20:00:00,2024-10-02 16:00:00,1.9901775119617224,True,False,False,False
NTRNUSDT,2024-10-08 04:00:00,2024-10-08 08:00:00,2024-10-14 12:00:00,-1.0185116438356165,True,False,False,False
NTRNUSDT,2024-10-17 04:00:00,2024-10-17 08:00:00,2024-10-20 12:00:00,-1.0223829959514172,True,False,False,False
NTRNUSDT,2024-11-04 20:00:00,2024-11-05 00:00:00,2024-11-05 12:00:00,-1.0338526315789474,True,True,True,False
NTRNUSDT,2025-02-15 12:00:00,2025-02-15 16:00:00,2025-02-18 16:00:00,1.9853619834710743,True,True,True,False
NTRNUSDT,2025-03-28 00:00:00,2025-03-28 04:00:00,2025-03-29 20:00:00,1.9866799999999998,True,True,True,False
NTRNUSDT,2025-05-03 04:00:00,2025-05-03 08:00:00,2025-05-06 08:00:00,1.9844692307692307,True,False,False,False
NTRNUSDT,2025-05-19 04:00:00,2025-05-19 08:00:00,2025-05-21 20:00:00,-1.0163509433962266,True,True,False,False
NTRNUSDT,2025-06-17 12:00:00,2025-06-17 16:00:00,2025-06-22 20:00:00,1.9908923913043477,True,True,True,False
NTRNUSDT,2025-06-27 16:00:00,2025-06-27 20:00:00,2025-06-28 16:00:00,-1.025740909090909,True,True,True,False
NTRNUSDT,2025-07-23 12:00:00,2025-07-23 16:00:00,2025-07-30 08:00:00,1.9881463414634144,True,False,False,False
NTRNUSDT,2025-07-31 20:00:00,2025-08-01 00:00:00,2025-08-08 20:00:00,-0.4351185185185171,True,True,False,False
NTRNUSDT,2025-09-25 04:00:00,2025-09-25 08:00:00,2025-10-03 04:00:00,0.011047227926078746,True,True,True,False
NTRNUSDT,2025-10-05 16:00:00,2025-10-05 20:00:00,2025-10-06 16:00:00,-1.0256238532110091,True,True,True,False
NTRNUSDT,2025-10-09 12:00:00,2025-10-09 16:00:00,2025-10-10 20:00:00,1.9864189999999997,True,True,True,False
NTRNUSDT,2025-10-16 12:00:00,2025-10-16 16:00:00,2025-10-19 16:00:00,-1.0145902240325866,True,True,True,False
NTRNUSDT,2025-10-28 00:00:00,2025-10-28 04:00:00,2025-11-03 00:00:00,1.9884224,True,True,True,False
NTRNUSDT,2025-11-16 16:00:00,2025-11-16 20:00:00,2025-11-17 12:00:00,-1.0174194244604318,True,True,True,False
NTRNUSDT,2025-11-19 16:00:00,2025-11-19 20:00:00,2025-11-20 04:00:00,-1.0179501858736062,True,True,True,False
NTRNUSDT,2025-12-12 12:00:00,2025-12-12 16:00:00,2025-12-20 12:00:00,0.9172037735849057,True,True,True,False
NTRNUSDT,2025-12-23 04:00:00,2025-12-23 08:00:00,2025-12-23 20:00:00,-1.0249822222222222,True,True,True,False
NTRNUSDT,2026-01-12 08:00:00,2026-01-12 12:00:00,2026-01-19 00:00:00,1.9891610389610388,True,True,False,False
NTRNUSDT,2026-02-11 04:00:00,2026-02-11 08:00:00,2026-02-12 00:00:00,-1.0178769230769233,True,True,True,False
NTRNUSDT,2026-02-26 08:00:00,2026-02-26 12:00:00,2026-03-06 08:00:00,-0.015523529411764705,True,True,True,False
NTRNUSDT,2026-03-15 12:00:00,2026-03-15 16:00:00,2026-03-18 04:00:00,1.9887864864864864,True,True,True,False
NULSUSDT,2024-09-06 16:00:00,2024-09-06 20:00:00,2024-09-11 16:00:00,-1.0207033898305087,True,False,False,True
NULSUSDT,2024-09-30 12:00:00,2024-09-30 16:00:00,2024-10-01 16:00:00,1.9885234899328859,True,False,False,False
NULSUSDT,2024-10-16 12:00:00,2024-10-16 16:00:00,2024-10-20 20:00:00,-1.018726446280992,True,False,False,False
NULSUSDT,2024-10-23 08:00:00,2024-10-23 12:00:00,2024-10-31 08:00:00,0.05801198501872665,True,True,False,False
NULSUSDT,2024-10-31 16:00:00,2024-10-31 20:00:00,2024-11-03 12:00:00,1.9857153846153845,True,True,True,False
NULSUSDT,2024-12-08 08:00:00,2024-12-08 12:00:00,2024-12-09 20:00:00,1.9881723880597013,True,False,False,False
NULSUSDT,2024-12-16 08:00:00,2024-12-16 12:00:00,2024-12-19 00:00:00,1.9873517857142855,True,False,False,False
NULSUSDT,2025-01-07 12:00:00,2025-01-07 16:00:00,2025-01-13 08:00:00,1.990112465373961,True,True,True,False
NULSUSDT,2025-01-27 00:00:00,2025-01-27 04:00:00,2025-01-31 12:00:00,-1.0176687747035575,True,True,True,False
NULSUSDT,2025-02-28 00:00:00,2025-02-28 04:00:00,2025-03-02 16:00:00,-1.0161746192893402,True,True,True,False
NULSUSDT,2025-03-28 00:00:00,2025-03-28 04:00:00,2025-03-29 16:00:00,1.988785294117647,True,True,True,False
NULSUSDT,2025-04-05 12:00:00,2025-04-05 16:00:00,2025-04-06 16:00:00,1.9858999999999998,True,True,True,False
NXPCUSDT,2025-06-16 12:00:00,2025-06-16 16:00:00,2025-06-19 08:00:00,1.9852698498579735,True,False,True,False
NXPCUSDT,2025-07-14 16:00:00,2025-07-14 20:00:00,2025-07-16 00:00:00,-1.0181037559322035,True,True,False,False
NXPCUSDT,2025-07-28 12:00:00,2025-07-28 16:00:00,2025-07-30 16:00:00,1.9845511763724342,True,False,False,False
NXPCUSDT,2025-07-31 20:00:00,2025-08-01 00:00:00,2025-08-08 20:00:00,-0.8059117316642597,True,True,False,False
NXPCUSDT,2025-08-11 08:00:00,2025-08-11 12:00:00,2025-08-18 04:00:00,1.980763208207041,True,True,False,False
NXPCUSDT,2025-09-01 00:00:00,2025-09-01 04:00:00,2025-09-09 00:00:00,0.030727888748421524,True,True,True,False
NXPCUSDT,2025-09-22 00:00:00,2025-09-22 04:00:00,2025-09-25 12:00:00,1.984796923076923,True,True,False,False
NXPCUSDT,2025-10-08 00:00:00,2025-10-08 04:00:00,2025-10-10 20:00:00,1.9890615384615382,True,True,True,False
NXPCUSDT,2025-10-22 16:00:00,2025-10-22 20:00:00,2025-10-25 12:00:00,-1.0153679738562094,True,True,True,False
NXPCUSDT,2025-12-01 00:00:00,2025-12-01 04:00:00,2025-12-04 00:00:00,-1.0142886255924173,True,False,True,False
NXPCUSDT,2025-12-14 12:00:00,2025-12-14 16:00:00,2025-12-15 08:00:00,1.9852926829268291,True,False,True,False
NXPCUSDT,2025-12-30 00:00:00,2025-12-30 04:00:00,2026-01-02 20:00:00,-1.0197797665369652,True,True,True,False
NXPCUSDT,2026-01-08 08:00:00,2026-01-08 12:00:00,2026-01-16 08:00:00,0.023409122807016777,True,True,False,False
NXPCUSDT,2026-01-16 12:00:00,2026-01-16 16:00:00,2026-01-17 12:00:00,-1.0217711864406782,True,True,False,False
NXPCUSDT,2026-01-29 04:00:00,2026-01-29 08:00:00,2026-01-30 12:00:00,-1.0265413612565444,True,True,True,False
NXPCUSDT,2026-02-05 04:00:00,2026-02-05 08:00:00,2026-02-05 20:00:00,1.98799219330855,True,True,True,False
NXPCUSDT,2026-02-18 20:00:00,2026-02-19 00:00:00,2026-02-22 04:00:00,-1.0142658914728684,True,True,True,False
NXPCUSDT,2026-02-28 08:00:00,2026-02-28 12:00:00,2026-03-04 12:00:00,-1.016698181818182,True,True,True,False
NXPCUSDT,2026-03-08 00:00:00,2026-03-08 04:00:00,2026-03-12 16:00:00,-1.0380239999999998,True,True,True,False
NXPCUSDT,2026-03-26 12:00:00,2026-03-26 16:00:00,2026-04-03 12:00:00,-0.1284045454545431,True,False,False,False
NXPCUSDT,2026-04-12 12:00:00,2026-04-12 16:00:00,2026-04-20 00:00:00,-1.0169030303030304,True,False,False,False
NXPCUSDT,2026-05-01 16:00:00,2026-05-01 20:00:00,2026-05-06 12:00:00,-1.0209711340206187,True,False,False,False
NXPCUSDT,2026-05-12 00:00:00,2026-05-12 04:00:00,2026-05-14 12:00:00,-1.0201930131004369,True,False,False,False
NXPCUSDT,2026-05-18 12:00:00,2026-05-18 16:00:00,2026-05-22 04:00:00,-1.0168992537313435,True,False,False,False
NXPCUSDT,2026-06-16 08:00:00,2026-06-16 12:00:00,2026-06-24 08:00:00,1.9878879518072288,True,True,True,False
NXPCUSDT,2026-06-24 12:00:00,2026-06-24 16:00:00,2026-07-02 12:00:00,0.2483263157894738,True,True,True,False
NXPCUSDT,2026-07-05 08:00:00,2026-07-05 12:00:00,2026-07-13 08:00:00,1.0599933884297512,True,True,False,False
NXPCUSDT,2026-07-13 16:00:00,2026-07-13 20:00:00,2026-07-21 16:00:00,0.27619178082191764,True,True,False,False
NXPCUSDT,2026-07-29 08:00:00,2026-07-29 12:00:00,2026-08-06 08:00:00,0.4918098765432098,True,True,False,False
NXPCUSDT,2026-08-09 04:00:00,2026-08-09 08:00:00,2026-08-10 12:00:00,1.9531,True,True,False,False
NXPCUSDT,2026-08-11 12:00:00,2026-08-11 16:00:00,2026-08-12 08:00:00,1.977722471910112,True,True,False,False
OBOLUSDT,2025-05-29 16:00:00,2025-05-29 20:00:00,2025-05-31 00:00:00,1.9891999999999999,True,False,False,False
OBOLUSDT,2025-06-14 16:00:00,2025-06-14 20:00:00,2025-06-15 04:00:00,-1.017982701421801,True,False,True,False
OBOLUSDT,2025-07-09 20:00:00,2025-07-10 00:00:00,2025-07-11 00:00:00,-1.0171970705725701,True,True,True,False
OBOLUSDT,2025-07-31 20:00:00,2025-08-01 00:00:00,2025-08-06 12:00:00,-1.0142024539877301,True,True,False,False
OBOLUSDT,2025-08-21 12:00:00,2025-08-21 16:00:00,2025-08-22 16:00:00,-1.0213248303934872,True,True,False,False
OBOLUSDT,2025-08-29 04:00:00,2025-08-29 08:00:00,2025-08-31 08:00:00,-1.0167432432432435,True,True,True,False
OBOLUSDT,2025-10-04 08:00:00,2025-10-04 12:00:00,2025-10-05 16:00:00,-1.0221776824034337,True,True,True,False
OBOLUSDT,2025-10-09 12:00:00,2025-10-09 16:00:00,2025-10-10 12:00:00,-1.0201986962190353,True,True,True,False
OBOLUSDT,2025-10-17 04:00:00,2025-10-17 08:00:00,2025-10-18 00:00:00,-1.0150661921708186,True,True,True,False
OBOLUSDT,2025-11-11 20:00:00,2025-11-12 00:00:00,2025-11-17 20:00:00,-1.0155367441860466,True,True,True,False
OBOLUSDT,2025-11-24 04:00:00,2025-11-24 08:00:00,2025-11-24 16:00:00,-1.0291128205128206,True,True,True,False
OBOLUSDT,2025-11-29 04:00:00,2025-11-29 08:00:00,2025-12-01 12:00:00,1.9879846867749418,True,True,True,False
OGUSDT,2025-06-04 08:00:00,2025-06-04 12:00:00,2025-06-05 12:00:00,-1.0274350877192981,True,False,True,False
OGUSDT,2025-06-12 00:00:00,2025-06-12 04:00:00,2025-06-17 12:00:00,1.9870854368932038,True,False,True,False
OGUSDT,2025-07-01 00:00:00,2025-07-01 04:00:00,2025-07-09 00:00:00,0.23605724907063133,True,True,True,False
OGUSDT,2025-08-23 00:00:00,2025-08-23 04:00:00,2025-08-23 16:00:00,-1.022438888888889,True,False,False,False
OGUSDT,2025-08-27 00:00:00,2025-08-27 04:00:00,2025-08-30 12:00:00,-1.0243569688768606,True,False,True,False
OGUSDT,2025-09-15 12:00:00,2025-09-15 16:00:00,2025-09-16 08:00:00,-1.0156959595959598,True,False,False,False
OGUSDT,2025-10-01 16:00:00,2025-10-01 20:00:00,2025-10-05 20:00:00,-1.0183506404782239,True,False,True,False
OGUSDT,2025-10-24 04:00:00,2025-10-24 08:00:00,2025-10-26 12:00:00,1.9842325153374232,True,False,True,False
OGUSDT,2025-11-17 20:00:00,2025-11-18 00:00:00,2025-11-25 20:00:00,0.8972824593128378,True,True,True,False
OGUSDT,2025-11-26 00:00:00,2025-11-26 04:00:00,2025-11-27 08:00:00,1.9812776699029124,True,True,True,False
OGUSDT,2025-12-09 16:00:00,2025-12-09 20:00:00,2025-12-10 00:00:00,-1.0461244215938306,True,True,True,False
OGUSDT,2025-12-11 20:00:00,2025-12-12 00:00:00,2025-12-19 20:00:00,0.044985956964890786,True,True,True,False
OGUSDT,2025-12-24 08:00:00,2025-12-24 12:00:00,2026-01-01 08:00:00,1.0550668192219645,True,True,True,False
OGUSDT,2026-01-15 16:00:00,2026-01-15 20:00:00,2026-01-19 00:00:00,1.986816129032258,True,True,False,False
OGUSDT,2026-01-22 16:00:00,2026-01-22 20:00:00,2026-01-30 16:00:00,1.472283443708608,True,True,True,False
OGUSDT,2026-01-31 04:00:00,2026-01-31 08:00:00,2026-01-31 16:00:00,1.9827706896551722,True,True,True,False
OGUSDT,2026-02-18 16:00:00,2026-02-18 20:00:00,2026-02-26 16:00:00,0.8004789699570805,True,True,True,False
OGUSDT,2026-02-28 04:00:00,2026-02-28 08:00:00,2026-02-28 20:00:00,-1.0145837638376385,True,True,True,False
OGUSDT,2026-03-05 04:00:00,2026-03-05 08:00:00,2026-03-11 16:00:00,-1.0399505154639173,True,True,True,False
OGUSDT,2026-03-22 04:00:00,2026-03-22 08:00:00,2026-03-22 20:00:00,1.9778937499999998,True,True,False,False
OGUSDT,2026-03-27 08:00:00,2026-03-27 12:00:00,2026-03-28 16:00:00,-1.0410183908045976,True,True,False,False
OGUSDT,2026-04-07 12:00:00,2026-04-07 16:00:00,2026-04-12 20:00:00,-1.024152380952381,True,True,False,False
OGUSDT,2026-04-27 04:00:00,2026-04-27 08:00:00,2026-05-05 04:00:00,0.035864705882353826,True,False,False,False
OGUSDT,2026-05-22 20:00:00,2026-05-23 00:00:00,2026-05-28 04:00:00,1.9838837209302322,True,False,False,False
OGUSDT,2026-06-02 12:00:00,2026-06-02 16:00:00,2026-06-05 04:00:00,1.9856899999999997,True,True,False,False
OGUSDT,2026-06-14 12:00:00,2026-06-14 16:00:00,2026-06-14 20:00:00,-1.0481636363636364,True,True,True,False
OGUSDT,2026-06-18 04:00:00,2026-06-18 08:00:00,2026-06-19 12:00:00,-1.03661,True,True,False,False
OGUSDT,2026-06-29 12:00:00,2026-06-29 16:00:00,2026-07-01 20:00:00,-1.0370924731182796,True,True,True,False
OGUSDT,2026-07-08 08:00:00,2026-07-08 12:00:00,2026-07-11 16:00:00,-1.0233483870967741,True,True,False,False
OGUSDT,2026-07-14 00:00:00,2026-07-14 04:00:00,2026-07-22 00:00:00,-0.232270634920634,True,True,False,False
OGUSDT,2026-07-27 12:00:00,2026-07-27 16:00:00,2026-08-04 12:00:00,0.11338655462184771,True,True,False,False
OMNIUSDT,2024-11-03 00:00:00,2024-11-03 04:00:00,2024-11-06 04:00:00,-1.0145615491009683,True,True,True,False
OMNIUSDT,2024-11-19 12:00:00,2024-11-19 16:00:00,2024-11-23 12:00:00,-1.0156254397834914,True,False,False,False
OMNIUSDT,2024-12-17 12:00:00,2024-12-17 16:00:00,2024-12-18 20:00:00,1.9898532682926828,True,False,False,False
OMNIUSDT,2024-12-29 16:00:00,2024-12-29 20:00:00,2025-01-02 12:00:00,-1.0201500884955754,True,True,True,False
OMNIUSDT,2025-03-26 16:00:00,2025-03-26 20:00:00,2025-03-28 16:00:00,1.9862054545454544,True,True,True,False
OMNIUSDT,2025-04-01 16:00:00,2025-04-01 20:00:00,2025-04-03 12:00:00,1.988381818181818,True,True,True,False
OMNIUSDT,2025-04-13 12:00:00,2025-04-13 16:00:00,2025-04-20 00:00:00,-1.0174862745098041,True,True,True,False
OMNIUSDT,2025-07-18 20:00:00,2025-07-19 00:00:00,2025-07-26 20:00:00,0.7899902439024387,True,False,False,False
OMNIUSDT,2025-08-05 04:00:00,2025-08-05 08:00:00,2025-08-06 16:00:00,-1.0179839228295822,True,False,False,False
OMNIUSDT,2025-08-18 00:00:00,2025-08-18 04:00:00,2025-08-26 00:00:00,1.4464975460122693,True,False,False,False
OMNIUSDT,2025-08-29 04:00:00,2025-08-29 08:00:00,2025-09-06 04:00:00,-0.18470909090909107,True,True,True,False
OMNIUSDT,2025-09-09 12:00:00,2025-09-09 16:00:00,2025-09-10 00:00:00,-1.030151677852349,True,True,True,False
OMNIUSDT,2025-09-15 08:00:00,2025-09-15 12:00:00,2025-09-16 00:00:00,-1.0175362962962964,True,True,False,False
OMUSDT,2024-09-07 00:00:00,2024-09-07 04:00:00,2024-09-09 16:00:00,-1.016836525064882,True,False,False,True
OMUSDT,2024-09-15 20:00:00,2024-09-16 00:00:00,2024-09-18 20:00:00,-1.0344510560146922,True,False,False,True
OMUSDT,2024-10-17 08:00:00,2024-10-17 12:00:00,2024-10-18 04:00:00,-1.0246283553875235,True,False,False,False
OMUSDT,2024-10-21 04:00:00,2024-10-21 08:00:00,2024-10-25 20:00:00,1.98897393222879,True,False,False,False
OMUSDT,2024-11-03 00:00:00,2024-11-03 04:00:00,2024-11-10 12:00:00,-1.014017325966851,True,False,True,False
OMUSDT,2024-12-15 04:00:00,2024-12-15 08:00:00,2024-12-16 00:00:00,-1.0204899622234216,True,False,False,False
OMUSDT,2024-12-23 12:00:00,2024-12-23 16:00:00,2024-12-23 16:00:00,-1.015152078801815,True,False,True,False
OMUSDT,2024-12-26 04:00:00,2024-12-26 08:00:00,2024-12-31 12:00:00,-1.0201150040994809,True,False,True,False
OMUSDT,2025-01-09 08:00:00,2025-01-09 12:00:00,2025-01-10 08:00:00,-1.0185597704791074,True,False,True,False
OMUSDT,2025-01-12 08:00:00,2025-01-12 12:00:00,2025-01-20 08:00:00,-0.2104991128533102,True,False,True,False
OMUSDT,2025-02-02 00:00:00,2025-02-02 04:00:00,2025-02-03 00:00:00,1.9879756699576867,True,False,True,False
OMUSDT,2025-02-26 16:00:00,2025-02-26 20:00:00,2025-03-02 16:00:00,-1.0142741504012682,True,False,True,False
OMUSDT,2025-03-06 20:00:00,2025-03-07 00:00:00,2025-03-14 20:00:00,0.9694363960101638,True,False,True,False
OMUSDT,2025-03-20 12:00:00,2025-03-20 16:00:00,2025-03-28 12:00:00,0.9157789454393124,True,False,True,False
OMUSDT,2025-04-06 12:00:00,2025-04-06 16:00:00,2025-04-06 20:00:00,1.9642361532992956,True,True,True,False
OMUSDT,2025-04-13 12:00:00,2025-04-13 16:00:00,2025-04-13 20:00:00,1.9844757211132975,True,True,True,False
OMUSDT,2025-05-29 16:00:00,2025-05-29 20:00:00,2025-05-30 00:00:00,1.982602151639344,True,True,False,False
OMUSDT,2025-06-17 12:00:00,2025-06-17 16:00:00,2025-06-21 20:00:00,1.9879642933049946,True,True,True,False
OMUSDT,2025-07-06 00:00:00,2025-07-06 04:00:00,2025-07-06 16:00:00,-1.046977520661157,True,True,True,False
OMUSDT,2025-08-19 00:00:00,2025-08-19 04:00:00,2025-08-27 00:00:00,0.30184267963262956,True,True,False,False
OMUSDT,2025-08-29 04:00:00,2025-08-29 08:00:00,2025-09-01 20:00:00,1.9850637444279344,True,True,True,False
OMUSDT,2025-09-22 00:00:00,2025-09-22 04:00:00,2025-09-25 12:00:00,1.9902450969529084,True,True,False,False
OMUSDT,2025-09-30 00:00:00,2025-09-30 04:00:00,2025-10-01 12:00:00,-1.0222035328753682,True,True,True,False
OMUSDT,2025-10-04 12:00:00,2025-10-04 16:00:00,2025-10-06 20:00:00,-1.021505378304467,True,True,True,False
OMUSDT,2025-10-07 12:00:00,2025-10-07 16:00:00,2025-10-10 20:00:00,1.9888087537091987,True,True,False,False
OMUSDT,2025-10-27 12:00:00,2025-10-27 16:00:00,2025-10-30 12:00:00,1.984221100917431,True,True,True,False
OMUSDT,2025-11-14 20:00:00,2025-11-15 00:00:00,2025-11-21 04:00:00,1.9902499999999999,True,True,True,False
OMUSDT,2025-11-30 20:00:00,2025-12-01 00:00:00,2025-12-07 12:00:00,1.9787853211009172,True,True,True,False
OMUSDT,2025-12-12 12:00:00,2025-12-12 16:00:00,2025-12-16 16:00:00,-1.0264911528150134,True,True,True,False
OMUSDT,2025-12-30 00:00:00,2025-12-30 04:00:00,2026-01-02 12:00:00,-1.0176339892665476,True,True,True,False
OMUSDT,2026-01-08 08:00:00,2026-01-08 12:00:00,2026-01-16 08:00:00,0.37197456647398847,True,False,False,False
OMUSDT,2026-01-18 20:00:00,2026-01-19 00:00:00,2026-01-26 20:00:00,1.1610230769230785,True,False,False,False
OMUSDT,2026-01-29 00:00:00,2026-01-29 04:00:00,2026-01-30 00:00:00,1.9815677631578945,True,True,True,False
OMUSDT,2026-01-31 04:00:00,2026-01-31 08:00:00,2026-01-31 16:00:00,1.9885627586206895,True,True,True,False
OMUSDT,2026-02-11 04:00:00,2026-02-11 08:00:00,2026-02-12 04:00:00,-1.0176218289085548,True,True,True,False
ONGUSDT,2024-09-03 12:00:00,2024-09-03 16:00:00,2024-09-11 12:00:00,-0.2632694477085786,True,False,False,True
ONGUSDT,2024-09-18 12:00:00,2024-09-18 16:00:00,2024-09-18 20:00:00,-1.0276510574018127,True,False,False,True
ONGUSDT,2024-10-03 04:00:00,2024-10-03 08:00:00,2024-10-06 00:00:00,-1.0148520361990951,True,False,False,False
ONGUSDT,2024-10-23 04:00:00,2024-10-23 08:00:00,2024-10-31 04:00:00,0.6110305714285721,True,False,False,False
ONGUSDT,2024-10-31 16:00:00,2024-10-31 20:00:00,2024-11-08 16:00:00,-0.5866236063052674,True,True,True,False
ONGUSDT,2024-12-14 12:00:00,2024-12-14 16:00:00,2024-12-16 00:00:00,-1.0274271766482133,True,False,False,False
ONGUSDT,2024-12-16 08:00:00,2024-12-16 12:00:00,2024-12-19 00:00:00,1.9898790370813395,True,False,False,False
ONGUSDT,2025-01-18 04:00:00,2025-01-18 08:00:00,2025-01-26 04:00:00,0.7160756314478811,True,True,True,False
ONGUSDT,2025-02-24 12:00:00,2025-02-24 16:00:00,2025-03-04 12:00:00,1.4323479774705596,True,True,True,False
ONGUSDT,2025-03-28 04:00:00,2025-03-28 08:00:00,2025-04-02 20:00:00,1.989463646470261,True,True,True,False
ONGUSDT,2025-04-06 16:00:00,2025-04-06 20:00:00,2025-04-09 00:00:00,-1.0158291112666202,True,True,True,False
ONGUSDT,2025-05-04 08:00:00,2025-05-04 12:00:00,2025-05-08 20:00:00,-1.020804020848846,True,False,False,False
ONGUSDT,2025-05-17 04:00:00,2025-05-17 08:00:00,2025-05-23 00:00:00,-1.0246906957250628,True,False,False,False
ONGUSDT,2025-05-23 20:00:00,2025-05-24 00:00:00,2025-05-31 20:00:00,1.2974188034188037,True,False,False,False
ONGUSDT,2025-06-17 12:00:00,2025-06-17 16:00:00,2025-06-22 20:00:00,1.9851755381604694,True,True,True,False
ONGUSDT,2025-07-01 04:00:00,2025-07-01 08:00:00,2025-07-02 16:00:00,-1.0213443708609273,True,True,True,False
ONGUSDT,2025-07-23 16:00:00,2025-07-23 20:00:00,2025-07-31 16:00:00,1.3752151939655177,True,False,False,False
ONGUSDT,2025-08-01 04:00:00,2025-08-01 08:00:00,2025-08-09 04:00:00,-1.0179276911655533,True,True,False,False
ONGUSDT,2025-09-01 20:00:00,2025-09-02 00:00:00,2025-09-09 04:00:00,-1.0205825454545456,True,True,True,False
ONGUSDT,2025-09-15 04:00:00,2025-09-15 08:00:00,2025-09-22 04:00:00,1.9801441215323643,True,True,False,False
ONGUSDT,2025-09-25 16:00:00,2025-09-25 20:00:00,2025-10-03 16:00:00,-0.8134707495429616,True,True,True,False
ONGUSDT,2025-10-05 16:00:00,2025-10-05 20:00:00,2025-10-10 20:00:00,1.9805271551724135,True,True,True,False
ONGUSDT,2025-10-16 12:00:00,2025-10-16 16:00:00,2025-10-24 12:00:00,0.5835801125703577,True,True,True,False
ONGUSDT,2025-10-28 20:00:00,2025-10-29 00:00:00,2025-11-03 12:00:00,1.9874706748466255,True,True,True,False
ONGUSDT,2025-11-19 16:00:00,2025-11-19 20:00:00,2025-11-27 16:00:00,-0.6369643593519889,True,True,True,False
ONGUSDT,2025-12-04 16:00:00,2025-12-04 20:00:00,2025-12-12 16:00:00,1.5573554502369653,True,True,True,False
ONGUSDT,2025-12-15 08:00:00,2025-12-15 12:00:00,2025-12-23 08:00:00,0.4398512479201361,True,True,True,False
ONGUSDT,2026-01-12 08:00:00,2026-01-12 12:00:00,2026-01-20 08:00:00,0.8288937499999987,True,False,False,False
ONGUSDT,2026-01-20 20:00:00,2026-01-21 00:00:00,2026-01-27 00:00:00,-1.0145067708333335,True,True,True,False
ONGUSDT,2026-02-05 04:00:00,2026-02-05 08:00:00,2026-02-06 00:00:00,1.9878365805168985,True,True,True,False
ONGUSDT,2026-02-11 04:00:00,2026-02-11 08:00:00,2026-02-12 04:00:00,-1.0258708333333333,True,True,True,False
ONGUSDT,2026-02-19 00:00:00,2026-02-19 04:00:00,2026-02-27 00:00:00,0.231386638830899,True,True,True,False
ONGUSDT,2026-02-28 00:00:00,2026-02-28 04:00:00,2026-03-08 00:00:00,0.6445179487179471,True,True,True,False
ONGUSDT,2026-03-14 04:00:00,2026-03-14 08:00:00,2026-03-15 08:00:00,-1.0386037037037037,True,True,True,False
ONGUSDT,2026-03-18 12:00:00,2026-03-18 16:00:00,2026-03-24 08:00:00,-1.024184,True,True,False,False
ONGUSDT,2026-04-14 08:00:00,2026-04-14 12:00:00,2026-04-22 08:00:00,0.2920877450980395,True,False,False,False
ONGUSDT,2026-04-23 00:00:00,2026-04-23 04:00:00,2026-05-01 00:00:00,1.589818181818179,True,False,False,False
ONGUSDT,2026-05-12 12:00:00,2026-05-12 16:00:00,2026-05-16 04:00:00,1.9829261213720313,True,True,False,False
ONGUSDT,2026-05-22 16:00:00,2026-05-22 20:00:00,2026-05-23 20:00:00,-1.0291280254777069,True,True,False,False
ONGUSDT,2026-05-26 12:00:00,2026-05-26 16:00:00,2026-05-27 08:00:00,-1.0337378787878788,True,True,False,False
ONGUSDT,2026-06-02 12:00:00,2026-06-02 16:00:00,2026-06-04 00:00:00,1.982736633663366,True,True,False,False
ONGUSDT,2026-06-09 08:00:00,2026-06-09 12:00:00,2026-06-15 00:00:00,-1.0213096153846155,True,True,True,False
ONGUSDT,2026-06-17 08:00:00,2026-06-17 12:00:00,2026-06-23 08:00:00,1.980290410958904,True,True,False,False
ONGUSDT,2026-07-13 00:00:00,2026-07-13 04:00:00,2026-07-19 00:00:00,-1.023018947368421,True,True,False,False
ONGUSDT,2026-07-23 16:00:00,2026-07-23 20:00:00,2026-07-27 20:00:00,1.9685618320610687,True,True,False,False
ONGUSDT,2026-08-03 00:00:00,2026-08-03 04:00:00,2026-08-06 04:00:00,-1.0477388429752064,True,True,False,False
ONGUSDT,2026-08-11 12:00:00,2026-08-11 16:00:00,2026-08-14 12:00:00,-1.0226425196850395,True,True,False,False
OPENUSDT,2025-09-27 16:00:00,2025-09-27 20:00:00,2025-09-29 16:00:00,1.9892354485776804,True,False,True,False
OPENUSDT,2025-11-13 16:00:00,2025-11-13 20:00:00,2025-11-21 04:00:00,1.9909750988142292,True,True,True,False
OPENUSDT,2025-12-05 16:00:00,2025-12-05 20:00:00,2025-12-13 16:00:00,1.234354782608693,True,True,True,False
OPENUSDT,2025-12-14 16:00:00,2025-12-14 20:00:00,2025-12-18 00:00:00,1.9867863636363634,True,True,True,False
OPENUSDT,2025-12-28 16:00:00,2025-12-28 20:00:00,2025-12-29 00:00:00,-1.0330776119402985,True,True,True,False
OPENUSDT,2026-01-08 04:00:00,2026-01-08 08:00:00,2026-01-16 04:00:00,-0.2128275362318825,True,True,False,False
OPENUSDT,2026-02-23 00:00:00,2026-02-23 04:00:00,2026-03-03 00:00:00,0.04955177304964622,True,True,True,False
OPENUSDT,2026-03-07 00:00:00,2026-03-07 04:00:00,2026-03-10 00:00:00,-1.020157142857143,True,True,True,False
OPENUSDT,2026-03-19 04:00:00,2026-03-19 08:00:00,2026-03-22 16:00:00,-1.0191889908256881,True,True,False,False
OPENUSDT,2026-04-20 20:00:00,2026-04-21 00:00:00,2026-04-21 08:00:00,-1.0197047619047621,True,False,False,False
OPENUSDT,2026-06-30 00:00:00,2026-06-30 04:00:00,2026-06-30 12:00:00,-1.0180457627118646,True,True,True,False
OPENUSDT,2026-07-07 20:00:00,2026-07-08 00:00:00,2026-07-15 20:00:00,0.0711552000000015,True,True,False,False
OPENUSDT,2026-07-16 08:00:00,2026-07-16 12:00:00,2026-07-17 08:00:00,-1.0298941176470588,True,True,False,False
OPENUSDT,2026-07-27 12:00:00,2026-07-27 16:00:00,2026-07-28 20:00:00,-1.0182237288135594,True,True,False,False
OPENUSDT,2026-08-10 04:00:00,2026-08-10 08:00:00,2026-08-12 00:00:00,-1.0158425287356323,True,False,False,False
OPENUSDT,2026-08-15 20:00:00,2026-08-16 00:00:00,2026-08-22 04:00:00,1.9893208053691274,True,False,False,False
ORBSUSDT,2024-09-04 00:00:00,2024-09-04 04:00:00,2024-09-12 00:00:00,-0.7147560439560445,True,False,False,True
ORBSUSDT,2024-09-15 20:00:00,2024-09-16 00:00:00,2024-09-19 12:00:00,-1.0222237762237765,True,False,False,True
ORBSUSDT,2024-10-17 08:00:00,2024-10-17 12:00:00,2024-10-25 08:00:00,1.2773124087591243,True,False,False,False
ORBSUSDT,2024-10-31 16:00:00,2024-10-31 20:00:00,2024-11-08 16:00:00,-0.4602345454545457,True,True,True,False
ORBSUSDT,2024-12-02 08:00:00,2024-12-02 12:00:00,2024-12-03 04:00:00,-1.0163970283344852,True,False,False,False
ORBSUSDT,2024-12-09 04:00:00,2024-12-09 08:00:00,2024-12-17 04:00:00,0.1759063856960399,True,False,False,False
ORCAUSDT,2024-12-14 16:00:00,2024-12-14 20:00:00,2024-12-18 12:00:00,1.9881857142857142,True,False,False,False
ORCAUSDT,2025-01-26 20:00:00,2025-01-27 00:00:00,2025-02-02 16:00:00,1.9904411552346568,True,True,True,False
ORCAUSDT,2025-02-24 00:00:00,2025-02-24 04:00:00,2025-03-02 16:00:00,-1.0175546099290782,True,True,True,False
ORCAUSDT,2025-05-17 00:00:00,2025-05-17 04:00:00,2025-05-22 04:00:00,-1.0170200000000003,True,True,False,False
ORCAUSDT,2025-05-25 12:00:00,2025-05-25 16:00:00,2025-05-27 04:00:00,-1.0144032,True,True,False,False
ORCAUSDT,2025-06-20 12:00:00,2025-06-20 16:00:00,2025-06-22 12:00:00,1.9846848739495797,True,True,True,False
ORCAUSDT,2025-07-23 16:00:00,2025-07-23 20:00:00,2025-07-31 16:00:00,1.5902802139037453,True,False,False,False
ORCAUSDT,2025-07-31 20:00:00,2025-08-01 00:00:00,2025-08-07 04:00:00,-1.0145811320754718,True,False,False,False
ORCAUSDT,2025-08-18 00:00:00,2025-08-18 04:00:00,2025-08-26 00:00:00,0.6817207048458168,True,False,False,False
ORCAUSDT,2025-09-17 12:00:00,2025-09-17 16:00:00,2025-09-17 20:00:00,-1.0283401869158877,True,True,False,False
ORCAUSDT,2025-09-21 20:00:00,2025-09-22 00:00:00,2025-09-22 04:00:00,1.9784098901098899,True,True,False,False
ORCAUSDT,2025-09-25 04:00:00,2025-09-25 08:00:00,2025-10-03 04:00:00,-0.4758059701492545,True,True,True,False
ORCAUSDT,2025-10-04 12:00:00,2025-10-04 16:00:00,2025-10-10 20:00:00,1.9869897058823527,True,True,True,False
ORCAUSDT,2025-10-16 00:00:00,2025-10-16 04:00:00,2025-10-17 12:00:00,1.9898986013986013,True,True,True,False
ORCAUSDT,2025-10-30 12:00:00,2025-10-30 16:00:00,2025-11-07 12:00:00,0.3923807407407419,True,True,True,False
ORCAUSDT,2025-11-16 12:00:00,2025-11-16 16:00:00,2025-11-21 04:00:00,1.98758,True,True,True,False
ORCAUSDT,2025-12-10 20:00:00,2025-12-11 00:00:00,2025-12-14 04:00:00,1.9838260869565214,True,True,True,False
ORCAUSDT,2025-12-14 08:00:00,2025-12-14 12:00:00,2025-12-15 16:00:00,1.9772545454545452,True,True,True,False
ORCAUSDT,2025-12-18 20:00:00,2025-12-19 00:00:00,2025-12-22 08:00:00,-1.0182875000000002,True,True,True,False
ORCAUSDT,2025-12-30 00:00:00,2025-12-30 04:00:00,2026-01-04 04:00:00,-1.0229727272727271,True,True,True,False
ORCAUSDT,2026-01-12 04:00:00,2026-01-12 08:00:00,2026-01-13 12:00:00,-1.0509249999999999,True,True,False,False
ORCAUSDT,2026-01-16 12:00:00,2026-01-16 16:00:00,2026-01-24 12:00:00,0.6038127272727273,True,True,False,False
ORCAUSDT,2026-01-31 08:00:00,2026-01-31 12:00:00,2026-01-31 16:00:00,1.9848105263157894,True,True,True,False
ORCAUSDT,2026-02-05 00:00:00,2026-02-05 04:00:00,2026-02-06 00:00:00,1.9896684931506847,True,True,True,False
ORCAUSDT,2026-02-11 04:00:00,2026-02-11 08:00:00,2026-02-13 16:00:00,-1.0219234042553194,True,True,True,False
ORCAUSDT,2026-02-28 04:00:00,2026-02-28 08:00:00,2026-03-04 16:00:00,-1.021221052631579,True,True,True,False
ORCAUSDT,2026-03-23 04:00:00,2026-03-23 08:00:00,2026-03-23 16:00:00,-1.0236943396226414,True,True,True,False
ORCAUSDT,2026-03-26 08:00:00,2026-03-26 12:00:00,2026-04-02 12:00:00,1.9831062499999998,True,False,False,False
ORCAUSDT,2026-04-12 12:00:00,2026-04-12 16:00:00,2026-04-16 16:00:00,-1.02345,True,True,False,False
ORCAUSDT,2026-05-19 08:00:00,2026-05-19 12:00:00,2026-05-20 08:00:00,-1.0319245901639345,True,False,False,False
ORCAUSDT,2026-05-26 00:00:00,2026-05-26 04:00:00,2026-06-02 16:00:00,1.9884,True,False,False,False
ORCAUSDT,2026-06-05 08:00:00,2026-06-05 12:00:00,2026-06-12 16:00:00,-1.014067307692308,True,True,True,False
ORCAUSDT,2026-06-24 12:00:00,2026-06-24 16:00:00,2026-06-26 16:00:00,-1.0256819672131148,True,True,True,False
ORCAUSDT,2026-07-11 20:00:00,2026-07-12 00:00:00,2026-07-15 04:00:00,-1.0292,True,True,False,False
ORCAUSDT,2026-07-28 00:00:00,2026-07-28 04:00:00,2026-08-05 00:00:00,1.5791877551020421,True,True,False,False
ORCAUSDT,2026-08-07 12:00:00,2026-08-07 16:00:00,2026-08-08 12:00:00,-1.0831444444444442,True,True,False,False
ORCAUSDT,2026-08-11 12:00:00,2026-08-11 16:00:00,2026-08-19 12:00:00,-1.0329636363636363,True,True,False,False
OXTUSDT,2024-09-30 12:00:00,2024-09-30 16:00:00,2024-10-08 12:00:00,0.22393533619456446,True,False,False,False
OXTUSDT,2024-10-16 20:00:00,2024-10-17 00:00:00,2024-10-20 12:00:00,-1.0256417302798981,True,False,False,False
OXTUSDT,2024-11-01 00:00:00,2024-11-01 04:00:00,2024-11-02 08:00:00,-1.0163096188747733,True,True,True,False
OXTUSDT,2024-11-04 16:00:00,2024-11-04 20:00:00,2024-11-05 16:00:00,-1.0274019867549669,True,True,True,False
OXTUSDT,2024-11-22 16:00:00,2024-11-22 20:00:00,2024-11-23 00:00:00,-1.0153296898079764,True,False,False,False
OXTUSDT,2024-12-02 08:00:00,2024-12-02 12:00:00,2024-12-02 20:00:00,-1.014362443026436,True,False,False,False
OXTUSDT,2024-12-08 08:00:00,2024-12-08 12:00:00,2024-12-09 20:00:00,1.990372596153846,True,False,False,False
OXTUSDT,2024-12-14 16:00:00,2024-12-14 20:00:00,2024-12-19 20:00:00,1.9895833169774286,True,False,False,False
OXTUSDT,2024-12-31 20:00:00,2025-01-01 00:00:00,2025-01-02 00:00:00,-1.0171908396946567,True,False,True,False
OXTUSDT,2025-01-13 00:00:00,2025-01-13 04:00:00,2025-01-15 12:00:00,-1.0161536105032825,True,True,True,False
OXTUSDT,2025-01-19 04:00:00,2025-01-19 08:00:00,2025-01-27 04:00:00,0.8744443026435745,True,True,True,False
OXTUSDT,2025-02-17 16:00:00,2025-02-17 20:00:00,2025-02-18 20:00:00,1.9803756578947365,True,True,True,False
OXTUSDT,2025-02-23 12:00:00,2025-02-23 16:00:00,2025-02-24 20:00:00,1.9807538461538459,True,True,True,False
OXTUSDT,2025-03-10 16:00:00,2025-03-10 20:00:00,2025-03-18 16:00:00,-0.5033340028694416,True,True,True,False
OXTUSDT,2025-03-20 20:00:00,2025-03-21 00:00:00,2025-03-28 20:00:00,0.911969597069596,True,True,True,False
OXTUSDT,2025-04-02 04:00:00,2025-04-02 08:00:00,2025-04-07 04:00:00,1.9881637526652451,True,True,True,False
OXTUSDT,2025-04-16 12:00:00,2025-04-16 16:00:00,2025-04-17 16:00:00,-1.017518236472946,True,True,True,False
OXTUSDT,2025-04-28 12:00:00,2025-04-28 16:00:00,2025-05-06 00:00:00,1.9816511235955054,True,False,False,False
OXTUSDT,2025-05-13 00:00:00,2025-05-13 04:00:00,2025-05-14 00:00:00,-1.0170556521739131,True,False,False,False
OXTUSDT,2025-05-17 00:00:00,2025-05-17 04:00:00,2025-05-25 00:00:00,1.356842659279778,True,True,False,False
OXTUSDT,2025-05-28 12:00:00,2025-05-28 16:00:00,2025-05-30 08:00:00,-1.0207886138613864,True,True,False,False
OXTUSDT,2025-06-05 04:00:00,2025-06-05 08:00:00,2025-06-08 00:00:00,-1.0189052109181143,True,True,True,False
OXTUSDT,2025-06-21 20:00:00,2025-06-22 00:00:00,2025-06-23 20:00:00,-1.0208293628808867,True,True,True,False
OXTUSDT,2025-06-28 08:00:00,2025-06-28 12:00:00,2025-06-29 08:00:00,-1.02766463878327,True,True,True,False
OXTUSDT,2025-07-01 16:00:00,2025-07-01 20:00:00,2025-07-03 04:00:00,-1.019558265582656,True,True,True,False
OXTUSDT,2025-07-23 16:00:00,2025-07-23 20:00:00,2025-07-31 16:00:00,0.7771653846153854,True,False,False,False
OXTUSDT,2025-07-31 20:00:00,2025-08-01 00:00:00,2025-08-08 20:00:00,-0.23786243902438975,True,False,False,False
OXTUSDT,2025-09-01 00:00:00,2025-09-01 04:00:00,2025-09-09 00:00:00,-0.38626213151927447,True,True,True,False
OXTUSDT,2025-09-22 04:00:00,2025-09-22 08:00:00,2025-09-30 04:00:00,0.6207094339622633,True,True,False,False
OXTUSDT,2025-10-07 12:00:00,2025-10-07 16:00:00,2025-10-10 20:00:00,1.9855171052631577,True,True,False,False
OXTUSDT,2025-10-22 20:00:00,2025-10-23 00:00:00,2025-10-30 20:00:00,0.43382378378378406,True,True,True,False
OXTUSDT,2025-11-11 16:00:00,2025-11-11 20:00:00,2025-11-13 16:00:00,1.9757663934426228,True,True,True,False
OXTUSDT,2025-11-17 16:00:00,2025-11-17 20:00:00,2025-11-25 16:00:00,-0.04971893939393932,True,True,True,False
OXTUSDT,2025-11-29 20:00:00,2025-11-30 00:00:00,2025-12-07 20:00:00,0.69365355191257,True,True,True,False
OXTUSDT,2025-12-11 00:00:00,2025-12-11 04:00:00,2025-12-18 16:00:00,1.986259659090909,True,True,True,False
OXTUSDT,2025-12-22 16:00:00,2025-12-22 20:00:00,2025-12-30 16:00:00,1.0443808000000028,True,True,True,False
OXTUSDT,2026-01-11 20:00:00,2026-01-12 00:00:00,2026-01-13 16:00:00,-1.0339156862745098,True,True,False,False
OXTUSDT,2026-01-18 20:00:00,2026-01-19 00:00:00,2026-01-26 20:00:00,1.2399623188405793,True,True,False,False
OXTUSDT,2026-01-29 00:00:00,2026-01-29 04:00:00,2026-01-31 16:00:00,1.9817594059405939,True,True,True,False
OXTUSDT,2026-02-11 04:00:00,2026-02-11 08:00:00,2026-02-13 16:00:00,-1.0214036036036038,True,True,True,False
OXTUSDT,2026-02-22 08:00:00,2026-02-22 12:00:00,2026-03-01 00:00:00,-1.0309090909090908,True,True,True,False
OXTUSDT,2026-03-18 08:00:00,2026-03-18 12:00:00,2026-03-22 00:00:00,1.9828595505617976,True,True,False,False
OXTUSDT,2026-03-26 04:00:00,2026-03-26 08:00:00,2026-04-03 04:00:00,-1.0225846153846156,True,True,False,False
OXTUSDT,2026-04-07 08:00:00,2026-04-07 12:00:00,2026-04-07 20:00:00,-1.0181495495495496,True,True,False,False
PAXGUSDT,2025-04-03 08:00:00,2025-04-03 12:00:00,2025-04-10 12:00:00,-1.0493384685298794,True,False,True,False
PAXGUSDT,2025-04-14 12:00:00,2025-04-14 16:00:00,2025-04-16 00:00:00,-1.077453897780072,True,False,True,False
PAXGUSDT,2025-04-23 04:00:00,2025-04-23 08:00:00,2025-05-01 04:00:00,0.46543011226298614,True,False,False,False
PAXGUSDT,2025-05-12 04:00:00,2025-05-12 08:00:00,2025-05-20 04:00:00,-0.11362643244130803,True,False,False,False
PAXGUSDT,2025-05-28 20:00:00,2025-05-29 00:00:00,2025-05-29 16:00:00,-1.0738781038374716,True,False,False,False
PAXGUSDT,2025-06-06 16:00:00,2025-06-06 20:00:00,2025-06-13 00:00:00,-1.0558356193895873,True,False,True,False
PAXGUSDT,2025-06-18 16:00:00,2025-06-18 20:00:00,2025-06-22 00:00:00,-1.140633155397391,True,False,True,False
PAXGUSDT,2025-06-23 04:00:00,2025-06-23 08:00:00,2025-07-01 04:00:00,0.3261170971709684,True,False,True,False
PAXGUSDT,2025-07-03 12:00:00,2025-07-03 16:00:00,2025-07-11 12:00:00,-0.8881270388775144,True,False,True,False
PAXGUSDT,2025-07-15 12:00:00,2025-07-15 16:00:00,2025-07-16 12:00:00,-1.142925481798715,True,True,False,False
PAXGUSDT,2025-07-25 08:00:00,2025-07-25 12:00:00,2025-08-02 08:00:00,-0.2227393289841543,True,False,False,False
PAXGUSDT,2025-08-11 04:00:00,2025-08-11 08:00:00,2025-08-19 04:00:00,0.36518795420608274,True,False,False,False
PAXGUSDT,2025-08-19 12:00:00,2025-08-19 16:00:00,2025-08-22 12:00:00,-1.1439622559652927,True,True,False,False
PAXGUSDT,2025-09-11 04:00:00,2025-09-11 08:00:00,2025-09-15 12:00:00,-1.1463704237532426,True,False,False,False
PAXGUSDT,2025-10-21 12:00:00,2025-10-21 16:00:00,2025-10-29 12:00:00,0.5595604695735528,True,False,True,False
PAXGUSDT,2025-11-04 12:00:00,2025-11-04 16:00:00,2025-11-10 00:00:00,-1.0768001388696011,True,False,True,False
PAXGUSDT,2025-11-17 16:00:00,2025-11-17 20:00:00,2025-11-19 12:00:00,-1.0451719032258067,True,False,True,False
PAXGUSDT,2025-12-08 12:00:00,2025-12-08 16:00:00,2025-12-10 20:00:00,-1.1708183406113517,True,False,True,False
PAXGUSDT,2025-12-29 08:00:00,2025-12-29 12:00:00,2026-01-06 08:00:00,-0.15333253792398258,True,False,True,False
PAXGUSDT,2026-01-16 12:00:00,2026-01-16 16:00:00,2026-01-18 16:00:00,-1.1308754385964923,True,False,False,False
PAXGUSDT,2026-02-01 20:00:00,2026-02-02 00:00:00,2026-02-03 04:00:00,-1.040497748021911,True,False,True,False
PAXGUSDT,2026-02-12 16:00:00,2026-02-12 20:00:00,2026-02-20 16:00:00,-0.8053300704065395,True,False,True,False
PAXGUSDT,2026-03-03 08:00:00,2026-03-03 12:00:00,2026-03-11 08:00:00,-0.07132986074938494,True,False,True,False
PAXGUSDT,2026-03-13 16:00:00,2026-03-13 20:00:00,2026-03-19 12:00:00,1.9793469915874173,True,False,True,False
PAXGUSDT,2026-03-21 04:00:00,2026-03-21 08:00:00,2026-03-29 04:00:00,0.025430848395743295,True,True,False,False
PAXGUSDT,2026-04-05 08:00:00,2026-04-05 12:00:00,2026-04-05 20:00:00,1.7929397022332472,True,True,False,False
PAXGUSDT,2026-04-12 04:00:00,2026-04-12 08:00:00,2026-04-14 04:00:00,-1.104570767279645,True,True,False,False
PAXGUSDT,2026-04-19 20:00:00,2026-04-20 00:00:00,2026-04-27 20:00:00,0.3852795480397334,True,True,False,False
PAXGUSDT,2026-04-28 04:00:00,2026-04-28 08:00:00,2026-05-06 04:00:00,-0.49590820456584367,True,True,False,False
PAXGUSDT,2026-05-15 00:00:00,2026-05-15 04:00:00,2026-05-23 00:00:00,0.8916057567146479,True,True,False,False
PAXGUSDT,2026-05-26 08:00:00,2026-05-26 12:00:00,2026-05-29 12:00:00,-1.0930427854824436,True,True,False,False
PAXGUSDT,2026-06-03 12:00:00,2026-06-03 16:00:00,2026-06-09 16:00:00,1.9584615168539325,True,True,True,False
PAXGUSDT,2026-06-18 16:00:00,2026-06-18 20:00:00,2026-06-26 16:00:00,0.8673892521327573,True,True,False,False
PAXGUSDT,2026-07-13 00:00:00,2026-07-13 04:00:00,2026-07-21 00:00:00,0.13713979777887994,True,True,False,False
PAXGUSDT,2026-07-29 00:00:00,2026-07-29 04:00:00,2026-07-30 12:00:00,-1.0627080147140786,True,True,False,False
PAXGUSDT,2026-08-18 16:00:00,2026-08-18 20:00:00,2026-08-19 12:00:00,-1.0731080269166062,True,False,False,False
PAYPUSDT,2026-04-06 12:00:00,2026-04-06 16:00:00,2026-04-14 12:00:00,-1.0146074074074076,True,False,False,False
PAYPUSDT,2026-04-21 12:00:00,2026-04-21 16:00:00,2026-04-29 12:00:00,0.07058615384615476,True,False,False,False
PAYPUSDT,2026-05-16 08:00:00,2026-05-16 12:00:00,2026-05-21 00:00:00,-1.0331506172839506,True,True,False,False
PAYPUSDT,2026-05-22 16:00:00,2026-05-22 20:00:00,2026-05-23 00:00:00,-1.0478249999999998,True,True,False,False
PAYPUSDT,2026-06-01 12:00:00,2026-06-01 16:00:00,2026-06-03 16:00:00,1.9867581395348834,True,True,False,False
PAYPUSDT,2026-06-14 12:00:00,2026-06-14 16:00:00,2026-06-15 04:00:00,-1.0502923076923076,True,True,True,False
PAYPUSDT,2026-06-16 12:00:00,2026-06-16 16:00:00,2026-06-23 16:00:00,-1.0182673076923079,True,True,True,False
PAYPUSDT,2026-07-12 00:00:00,2026-07-12 04:00:00,2026-07-13 12:00:00,-1.0351377049180328,True,True,False,False
PAYPUSDT,2026-07-20 04:00:00,2026-07-20 08:00:00,2026-07-20 12:00:00,-1.0981272727272724,True,False,False,False
PAYPUSDT,2026-07-29 12:00:00,2026-07-29 16:00:00,2026-07-30 20:00:00,-1.0142493150684933,True,False,False,False
PAYPUSDT,2026-08-10 12:00:00,2026-08-10 16:00:00,2026-08-18 12:00:00,-0.1295051282051284,True,False,False,False
PERPUSDT,2024-09-15 20:00:00,2024-09-16 00:00:00,2024-09-19 00:00:00,-1.0255164086687307,True,False,False,True
PERPUSDT,2024-09-22 08:00:00,2024-09-22 12:00:00,2024-09-23 12:00:00,-1.0276802469135802,True,False,False,False
PERPUSDT,2024-09-30 08:00:00,2024-09-30 12:00:00,2024-10-01 16:00:00,1.9853916467780428,True,False,False,False
PERPUSDT,2024-10-09 16:00:00,2024-10-09 20:00:00,2024-10-11 12:00:00,-1.0264208754208755,True,False,False,False
PERPUSDT,2024-10-17 08:00:00,2024-10-17 12:00:00,2024-10-19 00:00:00,-1.0180291220556748,True,False,False,False
PERPUSDT,2024-11-02 12:00:00,2024-11-02 16:00:00,2024-11-06 20:00:00,-1.016065134099617,True,True,True,False
PERPUSDT,2024-12-17 20:00:00,2024-12-18 00:00:00,2024-12-19 16:00:00,1.990216129032258,True,False,False,False
PERPUSDT,2024-12-30 12:00:00,2024-12-30 16:00:00,2025-01-02 12:00:00,-1.0146532060027287,True,True,True,False
PERPUSDT,2025-01-13 00:00:00,2025-01-13 04:00:00,2025-01-15 12:00:00,-1.018350980392157,True,True,True,False
PERPUSDT,2025-01-24 20:00:00,2025-01-25 00:00:00,2025-01-26 16:00:00,-1.019708888888889,True,True,True,False
PERPUSDT,2025-02-17 04:00:00,2025-02-17 08:00:00,2025-02-17 12:00:00,-1.0276661087866108,True,True,True,False
PERPUSDT,2025-02-28 00:00:00,2025-02-28 04:00:00,2025-03-02 16:00:00,-1.0140679611650487,True,True,True,False
PERPUSDT,2025-03-16 08:00:00,2025-03-16 12:00:00,2025-03-17 16:00:00,-1.0255005235602095,True,True,True,False
PERPUSDT,2025-03-26 16:00:00,2025-03-26 20:00:00,2025-03-28 16:00:00,1.9802260115606933,True,True,True,False
PERPUSDT,2025-04-06 16:00:00,2025-04-06 20:00:00,2025-04-10 16:00:00,1.9892254237288134,True,True,True,False
PERPUSDT,2025-05-16 20:00:00,2025-05-17 00:00:00,2025-05-24 20:00:00,0.025424365482234108,True,False,False,False
PERPUSDT,2025-06-17 12:00:00,2025-06-17 16:00:00,2025-06-25 12:00:00,-0.026890052356021234,True,True,True,False
PERPUSDT,2025-06-26 20:00:00,2025-06-27 00:00:00,2025-06-30 04:00:00,-1.0170320441988951,True,True,True,False
PERPUSDT,2025-07-23 16:00:00,2025-07-23 20:00:00,2025-07-25 16:00:00,-1.016727272727273,True,False,False,False
PERPUSDT,2025-07-28 12:00:00,2025-07-28 16:00:00,2025-08-01 20:00:00,1.988511304347826,True,False,False,False
PERPUSDT,2025-08-18 00:00:00,2025-08-18 04:00:00,2025-08-22 16:00:00,-1.0175726415094342,True,False,False,False
PERPUSDT,2025-09-04 16:00:00,2025-09-04 20:00:00,2025-09-10 08:00:00,-1.0224089171974524,True,True,True,False
PERPUSDT,2025-10-07 12:00:00,2025-10-07 16:00:00,2025-10-10 16:00:00,1.9855751381215467,True,False,False,False
PHAROSUSDT,2026-06-16 00:00:00,2026-06-16 04:00:00,2026-06-18 12:00:00,-1.0159078156312626,True,False,True,False
PHAROSUSDT,2026-06-22 20:00:00,2026-06-23 00:00:00,2026-06-24 08:00:00,1.986274366197183,True,False,False,False
PHAROSUSDT,2026-07-18 08:00:00,2026-07-18 12:00:00,2026-07-23 00:00:00,-1.0153875370919883,True,True,False,False
PHAROSUSDT,2026-08-08 00:00:00,2026-08-08 04:00:00,2026-08-09 12:00:00,-1.0281305699481864,True,True,False,False
PHAROSUSDT,2026-08-12 04:00:00,2026-08-12 08:00:00,2026-08-19 08:00:00,-1.0204206896551726,True,True,False,False
PHAUSDT,2025-02-17 16:00:00,2025-02-17 20:00:00,2025-02-24 20:00:00,1.9872486122792261,True,False,True,False
PHAUSDT,2025-03-21 00:00:00,2025-03-21 04:00:00,2025-03-22 08:00:00,-1.0144523465703972,True,True,True,False
PHAUSDT,2025-03-26 12:00:00,2025-03-26 16:00:00,2025-03-29 08:00:00,1.984691262135922,True,True,True,False
PHAUSDT,2025-03-31 00:00:00,2025-03-31 04:00:00,2025-04-02 20:00:00,1.9832894075403948,True,True,True,False
PHAUSDT,2025-04-13 20:00:00,2025-04-14 00:00:00,2025-04-14 08:00:00,-1.0176857541899442,True,True,True,False
PHAUSDT,2025-05-16 20:00:00,2025-05-17 00:00:00,2025-05-22 08:00:00,-1.0195654876741695,True,False,False,False
PHAUSDT,2025-06-05 08:00:00,2025-06-05 12:00:00,2025-06-13 00:00:00,1.9897677642980935,True,False,True,False
PHAUSDT,2025-06-14 16:00:00,2025-06-14 20:00:00,2025-06-16 08:00:00,-1.019221109607578,True,True,True,False
PHAUSDT,2025-07-31 20:00:00,2025-08-01 00:00:00,2025-08-08 20:00:00,-1.015726408839779,True,False,False,False
PHAUSDT,2025-09-04 16:00:00,2025-09-04 20:00:00,2025-09-05 04:00:00,-1.023339629005059,True,True,True,False
PHAUSDT,2025-09-14 12:00:00,2025-09-14 16:00:00,2025-09-19 00:00:00,-1.0272338181818181,True,False,False,False
PHAUSDT,2025-09-21 08:00:00,2025-09-21 12:00:00,2025-09-22 04:00:00,1.9835530017152656,True,False,False,False
PHAUSDT,2025-09-30 12:00:00,2025-09-30 16:00:00,2025-10-01 12:00:00,-1.021150083752094,True,True,True,False
PHAUSDT,2025-10-07 12:00:00,2025-10-07 16:00:00,2025-10-10 20:00:00,1.9881282814614343,True,True,False,False
PHAUSDT,2025-11-13 16:00:00,2025-11-13 20:00:00,2025-11-21 16:00:00,1.474691159135558,True,True,True,False
PHAUSDT,2025-12-04 20:00:00,2025-12-05 00:00:00,2025-12-07 12:00:00,-1.0204868327402137,True,True,True,False
PHAUSDT,2025-12-14 12:00:00,2025-12-14 16:00:00,2025-12-15 16:00:00,1.9816446153846152,True,True,True,False
PHAUSDT,2025-12-17 16:00:00,2025-12-17 20:00:00,2025-12-25 16:00:00,-0.27980466926070163,True,True,True,False
PHAUSDT,2026-01-31 08:00:00,2026-01-31 12:00:00,2026-01-31 16:00:00,1.9901268211920529,True,True,True,False
PHAUSDT,2026-02-05 04:00:00,2026-02-05 08:00:00,2026-02-06 00:00:00,1.9895442231075695,True,True,True,False
PHAUSDT,2026-02-11 04:00:00,2026-02-11 08:00:00,2026-02-14 16:00:00,-1.0196459016393444,True,True,True,False
PHAUSDT,2026-02-18 16:00:00,2026-02-18 20:00:00,2026-02-26 16:00:00,0.21583263598326444,True,True,True,False
PHAUSDT,2026-03-12 16:00:00,2026-03-12 20:00:00,2026-03-13 00:00:00,-1.0195018691588786,True,True,True,False
PHAUSDT,2026-03-26 04:00:00,2026-03-26 08:00:00,2026-04-01 20:00:00,-1.017451388888889,True,False,False,False
PHAUSDT,2026-04-06 20:00:00,2026-04-07 00:00:00,2026-04-07 08:00:00,-1.0196056000000002,True,False,False,False
PHAUSDT,2026-04-14 12:00:00,2026-04-14 16:00:00,2026-04-19 00:00:00,1.9883952218430032,True,False,False,False
PHAUSDT,2026-04-29 16:00:00,2026-04-29 20:00:00,2026-05-02 08:00:00,-1.021497,True,True,False,False
PHAUSDT,2026-05-15 04:00:00,2026-05-15 08:00:00,2026-05-21 16:00:00,-1.0180359375,True,True,False,False
PHAUSDT,2026-06-29 04:00:00,2026-06-29 08:00:00,2026-07-07 04:00:00,1.6831500000000017,True,True,True,False
PHAUSDT,2026-07-07 16:00:00,2026-07-07 20:00:00,2026-07-11 20:00:00,-1.0212304878048784,True,True,False,False
PHAUSDT,2026-07-22 04:00:00,2026-07-22 08:00:00,2026-07-30 04:00:00,1.393775510204078,True,True,False,False
PHAUSDT,2026-08-01 20:00:00,2026-08-02 00:00:00,2026-08-03 16:00:00,-1.0275616161616161,True,True,False,False
PHAUSDT,2026-08-14 08:00:00,2026-08-14 12:00:00,2026-08-15 12:00:00,-1.0251294117647058,True,True,False,False
PHAUSDT,2026-08-18 00:00:00,2026-08-18 04:00:00,2026-08-19 12:00:00,-1.0277514018691587,True,True,False,False
PHBUSDT,2024-09-22 12:00:00,2024-09-22 16:00:00,2024-09-23 00:00:00,-1.0212136416184974,True,False,False,False
PHBUSDT,2024-10-23 12:00:00,2024-10-23 16:00:00,2024-10-25 20:00:00,1.990437894736842,True,False,False,False
PHBUSDT,2024-12-14 12:00:00,2024-12-14 16:00:00,2024-12-18 20:00:00,1.988379646017699,True,False,False,False
PHBUSDT,2025-01-07 08:00:00,2025-01-07 12:00:00,2025-01-08 16:00:00,1.9892727659574467,True,True,True,False
PHBUSDT,2025-01-12 20:00:00,2025-01-13 00:00:00,2025-01-16 00:00:00,-1.0177441860465117,True,True,True,False
PHBUSDT,2025-01-27 00:00:00,2025-01-27 04:00:00,2025-01-27 16:00:00,-1.014020913884007,True,True,True,False
PHBUSDT,2025-02-24 00:00:00,2025-02-24 04:00:00,2025-03-03 16:00:00,1.9908868629671572,True,True,True,False
PHBUSDT,2025-03-26 16:00:00,2025-03-26 20:00:00,2025-03-29 08:00:00,1.9872025943396225,True,True,True,False
PHBUSDT,2025-04-06 12:00:00,2025-04-06 16:00:00,2025-04-07 04:00:00,1.9854682008368199,True,True,True,False
PHBUSDT,2025-05-17 00:00:00,2025-05-17 04:00:00,2025-05-22 12:00:00,-1.0142360330578513,True,False,False,False
PHBUSDT,2025-05-25 04:00:00,2025-05-25 08:00:00,2025-05-26 04:00:00,-1.020073429951691,True,False,False,False
PHBUSDT,2025-05-28 16:00:00,2025-05-28 20:00:00,2025-05-30 12:00:00,-1.0151919266055047,True,False,False,False
PHBUSDT,2025-07-23 12:00:00,2025-07-23 16:00:00,2025-07-30 16:00:00,1.9885841176470587,True,False,False,False
PHBUSDT,2025-09-14 12:00:00,2025-09-14 16:00:00,2025-09-22 04:00:00,1.9859566037735847,True,False,False,False
PHBUSDT,2025-09-25 16:00:00,2025-09-25 20:00:00,2025-10-02 00:00:00,-1.0142372881355934,True,True,True,False
PHBUSDT,2025-10-04 12:00:00,2025-10-04 16:00:00,2025-10-05 16:00:00,-1.0186471204188483,True,True,True,False
PHBUSDT,2025-10-09 12:00:00,2025-10-09 16:00:00,2025-10-10 12:00:00,-1.016035318275154,True,False,True,False
PHBUSDT,2025-11-11 20:00:00,2025-11-12 00:00:00,2025-11-19 16:00:00,1.9901245454545453,True,True,True,False
PHBUSDT,2025-11-29 16:00:00,2025-11-29 20:00:00,2025-12-01 00:00:00,1.9781447761194026,True,True,True,False
PHBUSDT,2025-12-05 08:00:00,2025-12-05 12:00:00,2025-12-06 20:00:00,-1.0206769230769233,True,True,True,False
PHBUSDT,2025-12-12 12:00:00,2025-12-12 16:00:00,2025-12-17 16:00:00,1.9880605504587154,True,True,True,False
PHBUSDT,2025-12-29 16:00:00,2025-12-29 20:00:00,2026-01-02 08:00:00,-1.025629197080292,True,True,True,False
PHBUSDT,2026-01-11 20:00:00,2026-01-12 00:00:00,2026-01-13 04:00:00,-1.0266293706293705,True,True,False,False
PHBUSDT,2026-01-25 12:00:00,2026-01-25 16:00:00,2026-01-29 00:00:00,1.9803274336283183,True,True,True,False
PHBUSDT,2026-01-31 04:00:00,2026-01-31 08:00:00,2026-01-31 16:00:00,1.9886246835443036,True,True,True,False
PHBUSDT,2026-02-18 08:00:00,2026-02-18 12:00:00,2026-02-26 08:00:00,1.4085205128205123,True,True,True,False
PHBUSDT,2026-03-11 00:00:00,2026-03-11 04:00:00,2026-03-12 00:00:00,-1.0355457627118643,True,True,True,False
PHBUSDT,2026-03-17 04:00:00,2026-03-17 08:00:00,2026-03-17 16:00:00,-1.0215793103448279,True,True,False,False
PHBUSDT,2026-03-20 16:00:00,2026-03-20 20:00:00,2026-03-22 16:00:00,1.9833569230769228,True,True,True,False
PHBUSDT,2026-03-29 04:00:00,2026-03-29 08:00:00,2026-04-04 00:00:00,-1.0234862068965518,True,True,True,False
PIXELUSDT,2024-09-15 20:00:00,2024-09-16 00:00:00,2024-09-18 00:00:00,-1.0186812500000002,True,False,False,True
PIXELUSDT,2024-12-30 12:00:00,2024-12-30 16:00:00,2025-01-02 00:00:00,-1.0145679513184584,True,True,True,False
PIXELUSDT,2025-01-13 00:00:00,2025-01-13 04:00:00,2025-01-15 20:00:00,-1.0143706197398623,True,True,True,False
PIXELUSDT,2025-01-26 20:00:00,2025-01-27 00:00:00,2025-01-28 20:00:00,1.9858334257975032,True,True,True,False
PIXELUSDT,2025-02-06 08:00:00,2025-02-06 12:00:00,2025-02-13 00:00:00,-1.0189646586345382,True,True,True,False
PIXELUSDT,2025-02-16 00:00:00,2025-02-16 04:00:00,2025-02-24 00:00:00,0.9185568807339474,True,True,True,False
PIXELUSDT,2025-03-20 12:00:00,2025-03-20 16:00:00,2025-03-23 04:00:00,-1.0231777777777777,True,True,True,False
PIXELUSDT,2025-03-27 08:00:00,2025-03-27 12:00:00,2025-03-29 00:00:00,1.986862068965517,True,True,True,False
PIXELUSDT,2025-03-31 16:00:00,2025-03-31 20:00:00,2025-04-03 08:00:00,1.990676124567474,True,True,True,False
PIXELUSDT,2025-05-05 12:00:00,2025-05-05 16:00:00,2025-05-08 00:00:00,-1.0270429378531074,True,False,False,False
PIXELUSDT,2025-06-21 16:00:00,2025-06-21 20:00:00,2025-06-24 04:00:00,-1.0157099630996311,True,True,True,False
PIXELUSDT,2025-07-23 08:00:00,2025-07-23 12:00:00,2025-07-24 04:00:00,1.987784887459807,True,False,False,False
PIXELUSDT,2025-08-11 08:00:00,2025-08-11 12:00:00,2025-08-13 20:00:00,-1.01645472972973,True,False,False,False
PIXELUSDT,2025-08-31 20:00:00,2025-09-01 00:00:00,2025-09-08 20:00:00,-0.09550810810810828,True,True,True,False
PIXELUSDT,2025-09-14 12:00:00,2025-09-14 16:00:00,2025-09-22 04:00:00,1.989065818181818,True,False,False,False
PIXELUSDT,2025-09-25 16:00:00,2025-09-25 20:00:00,2025-10-02 16:00:00,-1.0147944444444446,True,True,True,False
PIXELUSDT,2025-10-09 08:00:00,2025-10-09 12:00:00,2025-10-10 20:00:00,1.9876652631578946,True,True,True,False
PIXELUSDT,2025-11-16 16:00:00,2025-11-16 20:00:00,2025-11-20 04:00:00,-1.0173740000000002,True,True,True,False
PIXELUSDT,2025-11-29 16:00:00,2025-11-29 20:00:00,2025-12-05 16:00:00,1.9873891566265058,True,True,True,False
PIXELUSDT,2025-12-12 12:00:00,2025-12-12 16:00:00,2025-12-20 12:00:00,1.3453744186046526,True,True,True,False
PIXELUSDT,2026-01-11 20:00:00,2026-01-12 00:00:00,2026-01-13 12:00:00,-1.0315179487179487,True,True,False,False
PIXELUSDT,2026-01-25 04:00:00,2026-01-25 08:00:00,2026-01-29 12:00:00,1.986810909090909,True,True,True,False
PIXELUSDT,2026-02-11 04:00:00,2026-02-11 08:00:00,2026-02-11 20:00:00,-1.0252890459363957,True,True,True,False
PIXELUSDT,2026-02-18 16:00:00,2026-02-18 20:00:00,2026-02-26 16:00:00,0.5332165289256221,True,True,True,False
PIXELUSDT,2026-04-06 20:00:00,2026-04-07 00:00:00,2026-04-07 00:00:00,-1.0233072,True,True,False,False
PIXELUSDT,2026-05-01 20:00:00,2026-05-02 00:00:00,2026-05-06 08:00:00,-1.0187783132530122,True,True,False,False
PIXELUSDT,2026-05-17 20:00:00,2026-05-18 00:00:00,2026-05-25 20:00:00,-0.012183733826246958,True,True,False,False
PIXELUSDT,2026-05-26 16:00:00,2026-05-26 20:00:00,2026-05-30 08:00:00,-1.0238721649484537,True,True,False,False
PIXELUSDT,2026-06-10 00:00:00,2026-06-10 04:00:00,2026-06-13 08:00:00,-1.0191160949868077,True,True,True,False
PIXELUSDT,2026-06-18 00:00:00,2026-06-18 04:00:00,2026-06-20 16:00:00,-1.0244158227848101,True,True,False,False
PIXELUSDT,2026-06-23 04:00:00,2026-06-23 08:00:00,2026-07-01 04:00:00,1.453583999999999,True,True,False,False
PIXELUSDT,2026-07-08 00:00:00,2026-07-08 04:00:00,2026-07-16 00:00:00,0.3562058165548084,True,True,False,False
PIXELUSDT,2026-07-18 04:00:00,2026-07-18 08:00:00,2026-07-26 04:00:00,-0.5446155440414512,True,True,False,False
PIXELUSDT,2026-07-29 00:00:00,2026-07-29 04:00:00,2026-08-05 08:00:00,-1.0220216216216218,True,True,False,False
PIXELUSDT,2026-08-11 00:00:00,2026-08-11 04:00:00,2026-08-14 08:00:00,-1.0178871060171921,True,True,False,False
PLAYUSDT,2025-11-02 12:00:00,2025-11-02 16:00:00,2025-11-04 20:00:00,1.9887290155440414,True,True,True,False
PLAYUSDT,2025-11-20 16:00:00,2025-11-20 20:00:00,2025-11-21 20:00:00,-1.0195792079207924,True,True,True,False
PLAYUSDT,2025-11-29 20:00:00,2025-11-30 00:00:00,2025-12-02 12:00:00,-1.0217333333333336,True,False,True,False
PLAYUSDT,2025-12-15 04:00:00,2025-12-15 08:00:00,2025-12-23 04:00:00,-0.1451228260869553,True,False,True,False
PLAYUSDT,2026-01-02 12:00:00,2026-01-02 16:00:00,2026-01-10 12:00:00,1.488724519230768,True,False,True,False
PLAYUSDT,2026-01-11 20:00:00,2026-01-12 00:00:00,2026-01-12 12:00:00,-1.026626291079812,True,False,False,False
PLAYUSDT,2026-02-26 04:00:00,2026-02-26 08:00:00,2026-02-26 20:00:00,-1.0160855172413794,True,True,True,False
PLAYUSDT,2026-03-08 00:00:00,2026-03-08 04:00:00,2026-03-09 20:00:00,-1.0192899328859062,True,True,True,False
PLAYUSDT,2026-08-04 04:00:00,2026-08-04 08:00:00,2026-08-06 16:00:00,-1.0223000000000002,True,True,False,False
POLYXUSDT,2024-09-04 08:00:00,2024-09-04 12:00:00,2024-09-08 20:00:00,-1.0160210586881475,True,False,False,True
POLYXUSDT,2024-09-30 08:00:00,2024-09-30 12:00:00,2024-10-08 08:00:00,0.825317270955164,True,False,False,False
POLYXUSDT,2024-10-09 16:00:00,2024-10-09 20:00:00,2024-10-11 04:00:00,-1.026926156433978,True,False,False,False
POLYXUSDT,2024-10-17 08:00:00,2024-10-17 12:00:00,2024-10-18 16:00:00,-1.020492906465788,True,False,False,False
POLYXUSDT,2024-10-31 16:00:00,2024-10-31 20:00:00,2024-11-08 16:00:00,-1.01504064171123,True,True,True,False
POLYXUSDT,2024-12-14 12:00:00,2024-12-14 16:00:00,2024-12-18 20:00:00,1.9876468612554976,True,False,False,False
POLYXUSDT,2025-02-24 12:00:00,2025-02-24 16:00:00,2025-03-04 00:00:00,1.9896960296096904,True,True,True,False
POLYXUSDT,2025-03-09 08:00:00,2025-03-09 12:00:00,2025-03-09 20:00:00,1.9797862903225802,True,True,True,False
POLYXUSDT,2025-03-28 04:00:00,2025-03-28 08:00:00,2025-04-05 04:00:00,0.6057890624999984,True,True,True,False
POLYXUSDT,2025-04-06 12:00:00,2025-04-06 16:00:00,2025-04-07 00:00:00,1.9813392976588626,True,True,True,False
POLYXUSDT,2025-04-30 12:00:00,2025-04-30 16:00:00,2025-05-08 12:00:00,-0.08183206611570272,True,False,False,False
POLYXUSDT,2025-05-17 08:00:00,2025-05-17 12:00:00,2025-05-21 20:00:00,-1.0161804597701152,True,False,False,False
POLYXUSDT,2025-05-28 12:00:00,2025-05-28 16:00:00,2025-05-30 20:00:00,1.9863884801548886,True,False,False,False
POLYXUSDT,2025-06-16 20:00:00,2025-06-17 00:00:00,2025-06-21 20:00:00,1.980577227722772,True,True,True,False
POLYXUSDT,2025-06-25 20:00:00,2025-06-26 00:00:00,2025-07-02 20:00:00,-1.0283765676567656,True,True,True,False
POLYXUSDT,2025-07-05 16:00:00,2025-07-05 20:00:00,2025-07-06 08:00:00,-1.0525975232198141,True,True,True,False
POLYXUSDT,2025-07-23 16:00:00,2025-07-23 20:00:00,2025-07-28 00:00:00,-1.015225484764543,True,False,False,False
POLYXUSDT,2025-07-31 20:00:00,2025-08-01 00:00:00,2025-08-08 20:00:00,-0.7301455984174081,True,False,False,False
POLYXUSDT,2025-08-11 08:00:00,2025-08-11 12:00:00,2025-08-13 08:00:00,-1.0255463917525773,True,False,False,False
POLYXUSDT,2025-08-19 00:00:00,2025-08-19 04:00:00,2025-08-24 00:00:00,-1.0177243503368625,True,True,False,False
POLYXUSDT,2025-09-01 12:00:00,2025-09-01 16:00:00,2025-09-09 12:00:00,-0.259941222366712,True,True,True,False
POLYXUSDT,2025-09-21 08:00:00,2025-09-21 12:00:00,2025-09-22 04:00:00,1.9701743142144639,True,True,False,False
POLYXUSDT,2025-09-30 08:00:00,2025-09-30 12:00:00,2025-10-01 16:00:00,-1.0241266666666666,True,True,True,False
POLYXUSDT,2025-10-07 12:00:00,2025-10-07 16:00:00,2025-10-10 20:00:00,1.9863604467805518,True,True,False,False
POLYXUSDT,2025-10-16 12:00:00,2025-10-16 16:00:00,2025-10-24 12:00:00,0.2641597033374534,True,True,True,False
POLYXUSDT,2025-11-19 16:00:00,2025-11-19 20:00:00,2025-11-20 12:00:00,-1.0163316363636365,True,True,True,False
POLYXUSDT,2025-11-30 20:00:00,2025-12-01 00:00:00,2025-12-01 12:00:00,1.981014556962025,True,True,True,False
POLYXUSDT,2025-12-05 16:00:00,2025-12-05 20:00:00,2025-12-13 16:00:00,0.8595320099255612,True,True,True,False
POLYXUSDT,2025-12-14 12:00:00,2025-12-14 16:00:00,2025-12-15 16:00:00,1.9766829493087554,True,True,True,False
POLYXUSDT,2025-12-17 16:00:00,2025-12-17 20:00:00,2025-12-21 04:00:00,-1.0211349397590364,True,True,True,False
POLYXUSDT,2025-12-25 20:00:00,2025-12-26 00:00:00,2025-12-30 00:00:00,-1.0244,True,True,True,False
POLYXUSDT,2026-01-18 04:00:00,2026-01-18 08:00:00,2026-01-19 00:00:00,1.9788776173285196,True,False,False,False
POLYXUSDT,2026-01-24 00:00:00,2026-01-24 04:00:00,2026-01-27 00:00:00,-1.0306901960784314,True,True,True,False
POLYXUSDT,2026-01-29 12:00:00,2026-01-29 16:00:00,2026-01-31 16:00:00,1.9895943600867678,True,False,True,False
POLYXUSDT,2026-02-11 04:00:00,2026-02-11 08:00:00,2026-02-13 08:00:00,-1.01744776119403,True,True,True,False
POLYXUSDT,2026-02-22 08:00:00,2026-02-22 12:00:00,2026-03-02 08:00:00,-0.012482700421939996,True,True,True,False
POLYXUSDT,2026-03-03 08:00:00,2026-03-03 12:00:00,2026-03-11 08:00:00,0.2731786516853922,True,True,True,False
POLYXUSDT,2026-03-12 12:00:00,2026-03-12 16:00:00,2026-03-13 00:00:00,-1.06335,True,True,True,False
POLYXUSDT,2026-03-14 04:00:00,2026-03-14 08:00:00,2026-03-16 04:00:00,-1.0379054794520548,True,True,True,False
POLYXUSDT,2026-04-02 00:00:00,2026-04-02 04:00:00,2026-04-04 00:00:00,-1.0222306049822065,True,False,False,False
POLYXUSDT,2026-04-19 04:00:00,2026-04-19 08:00:00,2026-04-27 04:00:00,0.10264104627766694,True,False,False,False
POLYXUSDT,2026-04-29 12:00:00,2026-04-29 16:00:00,2026-05-05 00:00:00,-1.0347083333333333,True,False,False,False
POLYXUSDT,2026-05-13 12:00:00,2026-05-13 16:00:00,2026-05-14 12:00:00,-1.0162266968325793,True,False,False,False
POLYXUSDT,2026-06-22 20:00:00,2026-06-23 00:00:00,2026-06-24 12:00:00,1.9763812499999998,True,True,False,False
POLYXUSDT,2026-07-08 00:00:00,2026-07-08 04:00:00,2026-07-16 00:00:00,-0.012427419354839021,True,True,False,False
POLYXUSDT,2026-07-23 00:00:00,2026-07-23 04:00:00,2026-07-31 00:00:00,1.6182321678321654,True,True,False,False
POLYXUSDT,2026-08-03 00:00:00,2026-08-03 04:00:00,2026-08-06 04:00:00,-1.0380034188034186,True,True,False,False
POLYXUSDT,2026-08-10 20:00:00,2026-08-11 00:00:00,2026-08-12 20:00:00,1.97478407079646,True,True,False,False
POLYXUSDT,2026-08-14 04:00:00,2026-08-14 08:00:00,2026-08-19 16:00:00,-1.0332297520661158,True,True,False,False
PONKEUSDT,2024-12-09 08:00:00,2024-12-09 12:00:00,2024-12-09 12:00:00,-1.016486762152778,True,False,False,False
PONKEUSDT,2024-12-17 12:00:00,2024-12-17 16:00:00,2024-12-19 00:00:00,1.987829753694581,True,False,False,False
PONKEUSDT,2024-12-29 16:00:00,2024-12-29 20:00:00,2025-01-02 00:00:00,-1.0224334860050892,True,True,True,False
PONKEUSDT,2025-01-13 00:00:00,2025-01-13 04:00:00,2025-01-15 12:00:00,-1.018482645450025,True,True,True,False
PONKEUSDT,2025-03-18 00:00:00,2025-03-18 04:00:00,2025-03-22 08:00:00,-1.0141094218415418,True,True,True,False
PONKEUSDT,2025-04-15 16:00:00,2025-04-15 20:00:00,2025-04-20 04:00:00,-1.0168344086021506,True,True,True,False
PONKEUSDT,2025-05-06 08:00:00,2025-05-06 12:00:00,2025-05-07 00:00:00,-1.0167758917589178,True,False,False,False
PONKEUSDT,2025-06-14 12:00:00,2025-06-14 16:00:00,2025-06-16 04:00:00,-1.018363481953291,True,True,True,False
PONKEUSDT,2025-08-22 08:00:00,2025-08-22 12:00:00,2025-08-22 12:00:00,-1.0158201533406355,True,True,True,False
PONKEUSDT,2025-09-01 16:00:00,2025-09-01 20:00:00,2025-09-09 04:00:00,-1.0146651851851853,True,True,True,False
PONKEUSDT,2025-09-21 20:00:00,2025-09-22 00:00:00,2025-09-22 04:00:00,1.982215028901734,True,True,False,False
PONKEUSDT,2025-09-25 08:00:00,2025-09-25 12:00:00,2025-10-02 04:00:00,-1.0206638078902233,True,True,True,False
PONKEUSDT,2025-10-04 12:00:00,2025-10-04 16:00:00,2025-10-06 16:00:00,-1.0199748387096776,True,True,True,False
PONKEUSDT,2025-11-19 16:00:00,2025-11-19 20:00:00,2025-11-20 12:00:00,-1.0142954773869348,True,True,True,False
PORT3USDT,2025-07-03 00:00:00,2025-07-03 04:00:00,2025-07-03 16:00:00,-1.0258264840182647,True,False,True,False
PORT3USDT,2025-08-29 04:00:00,2025-08-29 08:00:00,2025-09-02 12:00:00,1.9879790697674418,True,False,True,False
PORT3USDT,2025-11-11 20:00:00,2025-11-12 00:00:00,2025-11-19 20:00:00,0.8928594117647043,True,True,True,False
PORTALUSDT,2024-09-22 12:00:00,2024-09-22 16:00:00,2024-09-23 12:00:00,-1.0207823834196892,True,False,False,False
PORTALUSDT,2024-10-08 12:00:00,2024-10-08 16:00:00,2024-10-14 04:00:00,-1.0143151291512917,True,False,False,False
PORTALUSDT,2024-10-25 16:00:00,2024-10-25 20:00:00,2024-11-02 12:00:00,1.9893622950819672,True,False,False,False
PORTALUSDT,2024-12-14 04:00:00,2024-12-14 08:00:00,2024-12-17 20:00:00,1.9870006249999999,True,False,False,False
PORTALUSDT,2025-03-31 16:00:00,2025-03-31 20:00:00,2025-04-03 08:00:00,1.9870368421052629,True,True,True,False
PORTALUSDT,2025-05-03 08:00:00,2025-05-03 12:00:00,2025-05-07 08:00:00,1.9902615384615383,True,False,False,False
PORTALUSDT,2025-06-04 16:00:00,2025-06-04 20:00:00,2025-06-12 16:00:00,1.8733025641025638,True,True,True,False
PORTALUSDT,2025-09-19 20:00:00,2025-09-20 00:00:00,2025-09-22 04:00:00,1.9905344827586207,True,False,False,False
PORTALUSDT,2025-09-25 12:00:00,2025-09-25 16:00:00,2025-10-03 12:00:00,-0.6644963696369652,True,True,True,False
PORTALUSDT,2025-10-10 12:00:00,2025-10-10 16:00:00,2025-10-10 20:00:00,1.989925625,True,True,True,False
PORTALUSDT,2025-10-30 08:00:00,2025-10-30 12:00:00,2025-11-04 20:00:00,-1.014633043478261,True,True,True,False
PORTALUSDT,2025-11-17 16:00:00,2025-11-17 20:00:00,2025-11-20 08:00:00,-1.0145615819209042,True,True,True,False
PORTALUSDT,2025-12-05 16:00:00,2025-12-05 20:00:00,2025-12-09 12:00:00,-1.0162818181818183,True,True,True,False
PORTALUSDT,2025-12-29 08:00:00,2025-12-29 12:00:00,2025-12-31 16:00:00,1.9854147058823528,True,False,True,False
PORTALUSDT,2026-01-11 12:00:00,2026-01-11 16:00:00,2026-01-13 20:00:00,-1.019164864864865,True,False,False,False
PORTALUSDT,2026-01-25 12:00:00,2026-01-25 16:00:00,2026-01-27 20:00:00,-1.0364575342465752,True,True,True,False
PORTALUSDT,2026-02-05 00:00:00,2026-02-05 04:00:00,2026-02-06 00:00:00,1.99050064516129,True,True,True,False
PORTALUSDT,2026-02-18 12:00:00,2026-02-18 16:00:00,2026-02-23 16:00:00,1.987929906542056,True,True,True,False
PORTALUSDT,2026-03-06 12:00:00,2026-03-06 16:00:00,2026-03-09 00:00:00,-1.0196853658536587,True,True,True,False
PORTALUSDT,2026-03-18 08:00:00,2026-03-18 12:00:00,2026-03-21 20:00:00,1.9798943396226414,True,True,False,False
PORTALUSDT,2026-03-26 04:00:00,2026-03-26 08:00:00,2026-03-29 08:00:00,1.983521818181818,True,True,False,False
PORTALUSDT,2026-04-05 16:00:00,2026-04-05 20:00:00,2026-04-13 16:00:00,1.9861644067796609,True,True,False,False
PORTALUSDT,2026-05-17 20:00:00,2026-05-18 00:00:00,2026-05-25 20:00:00,-0.045971428571429815,True,True,False,False
PORTALUSDT,2026-07-07 16:00:00,2026-07-07 20:00:00,2026-07-15 16:00:00,0.977857894736842,True,True,False,False
PORTALUSDT,2026-07-17 04:00:00,2026-07-17 08:00:00,2026-07-17 16:00:00,-1.0224626865671644,True,True,False,False
PORTALUSDT,2026-07-19 20:00:00,2026-07-20 00:00:00,2026-07-21 20:00:00,-1.0246633333333333,True,True,False,False
PORTALUSDT,2026-07-23 16:00:00,2026-07-23 20:00:00,2026-07-31 16:00:00,0.6426705882352944,True,True,False,False
PORTALUSDT,2026-08-11 12:00:00,2026-08-11 16:00:00,2026-08-15 04:00:00,-1.0148400000000002,True,False,False,False
POWERUSDT,2026-01-31 04:00:00,2026-01-31 08:00:00,2026-02-04 08:00:00,-1.0140756550218342,True,True,True,False
POWERUSDT,2026-03-26 04:00:00,2026-03-26 08:00:00,2026-03-28 08:00:00,1.9877578792341677,True,True,False,False
POWERUSDT,2026-05-03 20:00:00,2026-05-04 00:00:00,2026-05-11 20:00:00,0.05362622950819749,True,True,False,False
POWERUSDT,2026-05-22 16:00:00,2026-05-22 20:00:00,2026-05-29 12:00:00,-1.016408510638298,True,True,False,False
POWRUSDT,2024-09-15 20:00:00,2024-09-16 00:00:00,2024-09-16 08:00:00,-1.0370112676056338,True,False,False,True
POWRUSDT,2024-09-18 12:00:00,2024-09-18 16:00:00,2024-09-19 00:00:00,-1.022088888888889,True,False,False,True
POWRUSDT,2024-09-28 04:00:00,2024-09-28 08:00:00,2024-09-29 12:00:00,-1.0447802816901408,True,False,False,False
POWRUSDT,2024-09-30 12:00:00,2024-09-30 16:00:00,2024-10-08 12:00:00,0.31625829145728757,True,False,False,False
POWRUSDT,2024-10-21 12:00:00,2024-10-21 16:00:00,2024-10-25 20:00:00,1.9838285714285713,True,False,False,False
POWRUSDT,2024-10-31 16:00:00,2024-10-31 20:00:00,2024-11-07 20:00:00,-1.0180227848101266,True,True,True,False
POWRUSDT,2024-12-02 08:00:00,2024-12-02 12:00:00,2024-12-02 12:00:00,-1.014886013986014,True,False,False,False
POWRUSDT,2024-12-14 12:00:00,2024-12-14 16:00:00,2024-12-18 20:00:00,1.9840030487804876,True,False,False,False
POWRUSDT,2025-01-18 04:00:00,2025-01-18 08:00:00,2025-01-26 04:00:00,-0.2189350000000006,True,True,True,False
POWRUSDT,2025-02-01 20:00:00,2025-02-02 00:00:00,2025-02-03 00:00:00,1.9905381578947368,True,True,True,False
POWRUSDT,2025-02-21 16:00:00,2025-02-21 20:00:00,2025-02-23 08:00:00,-1.014626865671642,True,True,True,False
POWRUSDT,2025-02-26 16:00:00,2025-02-26 20:00:00,2025-03-02 16:00:00,-1.0201022900763361,True,True,True,False
POWRUSDT,2025-03-09 08:00:00,2025-03-09 12:00:00,2025-03-09 20:00:00,1.9775128571428569,True,True,True,False
POWRUSDT,2025-03-16 20:00:00,2025-03-17 00:00:00,2025-03-19 00:00:00,-1.01587323943662,True,True,True,False
POWRUSDT,2025-03-28 00:00:00,2025-03-28 04:00:00,2025-03-29 04:00:00,1.9751919354838707,True,True,True,False
POWRUSDT,2025-03-31 04:00:00,2025-03-31 08:00:00,2025-04-01 08:00:00,-1.0288026666666665,True,True,True,False
POWRUSDT,2025-04-02 04:00:00,2025-04-02 08:00:00,2025-04-07 04:00:00,1.9871452830188678,True,True,True,False
POWRUSDT,2025-05-03 16:00:00,2025-05-03 20:00:00,2025-05-08 20:00:00,-1.0223614678899084,True,False,False,False
POWRUSDT,2025-05-17 04:00:00,2025-05-17 08:00:00,2025-05-25 04:00:00,0.1897173333333348,True,False,False,False
POWRUSDT,2025-05-28 16:00:00,2025-05-28 20:00:00,2025-06-05 16:00:00,1.9862026785714284,True,False,False,False
POWRUSDT,2025-06-17 12:00:00,2025-06-17 16:00:00,2025-06-22 20:00:00,1.985061956521739,True,True,True,False
POWRUSDT,2025-07-01 08:00:00,2025-07-01 12:00:00,2025-07-02 16:00:00,-1.0195865384615386,True,True,True,False
POWRUSDT,2025-07-23 16:00:00,2025-07-23 20:00:00,2025-07-31 16:00:00,0.9121870967741924,True,False,False,False
POWRUSDT,2025-07-31 20:00:00,2025-08-01 00:00:00,2025-08-08 20:00:00,-0.3876239316239319,True,False,False,False
POWRUSDT,2025-08-11 20:00:00,2025-08-12 00:00:00,2025-08-13 08:00:00,-1.0218348623853213,True,False,False,False
POWRUSDT,2025-08-19 00:00:00,2025-08-19 04:00:00,2025-08-23 00:00:00,-1.020618181818182,True,True,False,False
POWRUSDT,2025-09-01 12:00:00,2025-09-01 16:00:00,2025-09-09 04:00:00,-1.0258588235294117,True,True,True,False
POWRUSDT,2025-09-15 12:00:00,2025-09-15 16:00:00,2025-09-23 12:00:00,0.909979199999999,True,False,False,False
POWRUSDT,2025-09-25 20:00:00,2025-09-26 00:00:00,2025-10-03 16:00:00,-1.0141107913669065,True,True,True,False
POWRUSDT,2025-10-05 16:00:00,2025-10-05 20:00:00,2025-10-06 16:00:00,-1.0306119402985074,True,True,True,False
POWRUSDT,2025-10-07 12:00:00,2025-10-07 16:00:00,2025-10-10 20:00:00,1.9855399999999999,True,True,False,False
POWRUSDT,2025-10-22 16:00:00,2025-10-22 20:00:00,2025-10-30 16:00:00,1.050941509433963,True,True,True,False
POWRUSDT,2025-11-03 00:00:00,2025-11-03 04:00:00,2025-11-07 16:00:00,-1.0155978260869567,True,True,True,False
POWRUSDT,2025-11-19 12:00:00,2025-11-19 16:00:00,2025-11-20 12:00:00,-1.0218542372881358,True,True,True,False
POWRUSDT,2025-12-04 16:00:00,2025-12-04 20:00:00,2025-12-12 16:00:00,0.8919241379310345,True,True,True,False
POWRUSDT,2025-12-14 20:00:00,2025-12-15 00:00:00,2025-12-18 16:00:00,1.9861499999999999,True,True,True,False
POWRUSDT,2026-01-11 20:00:00,2026-01-12 00:00:00,2026-01-19 20:00:00,-0.1287264833574525,True,False,False,False
POWRUSDT,2026-01-25 16:00:00,2026-01-25 20:00:00,2026-01-31 16:00:00,1.9887110447761192,True,False,True,False
POWRUSDT,2026-02-11 04:00:00,2026-02-11 08:00:00,2026-02-12 08:00:00,-1.017591666666667,True,True,True,False
POWRUSDT,2026-02-18 16:00:00,2026-02-18 20:00:00,2026-02-26 16:00:00,0.45285953307393184,True,True,True,False
POWRUSDT,2026-02-28 04:00:00,2026-02-28 08:00:00,2026-03-02 08:00:00,-1.0160133333333334,True,True,True,False
POWRUSDT,2026-03-07 04:00:00,2026-03-07 08:00:00,2026-03-08 00:00:00,-1.0215592964824123,True,True,True,False
POWRUSDT,2026-03-21 20:00:00,2026-03-22 00:00:00,2026-03-24 12:00:00,-1.024136312849162,True,True,False,False
POWRUSDT,2026-03-29 12:00:00,2026-03-29 16:00:00,2026-03-30 08:00:00,-1.0273046979865772,True,True,True,False
POWRUSDT,2026-04-07 08:00:00,2026-04-07 12:00:00,2026-04-07 20:00:00,-1.0258583333333333,True,False,False,False
POWRUSDT,2026-04-19 00:00:00,2026-04-19 04:00:00,2026-04-27 00:00:00,-0.288220917431192,True,False,False,False
POWRUSDT,2026-04-29 12:00:00,2026-04-29 16:00:00,2026-05-05 04:00:00,-1.035224,True,False,False,False
POWRUSDT,2026-05-12 12:00:00,2026-05-12 16:00:00,2026-05-20 12:00:00,0.6979651933701654,True,False,False,False
POWRUSDT,2026-05-22 16:00:00,2026-05-22 20:00:00,2026-05-30 16:00:00,0.677378231292517,True,True,False,False
POWRUSDT,2026-06-01 04:00:00,2026-06-01 08:00:00,2026-06-05 16:00:00,1.9904791150442476,True,True,False,False
POWRUSDT,2026-06-14 16:00:00,2026-06-14 20:00:00,2026-06-14 20:00:00,-1.0471986013986017,True,True,True,False
POWRUSDT,2026-06-18 00:00:00,2026-06-18 04:00:00,2026-06-25 12:00:00,1.987682857142857,True,True,False,False
POWRUSDT,2026-07-06 04:00:00,2026-07-06 08:00:00,2026-07-12 00:00:00,-1.0290483412322275,True,True,False,False
POWRUSDT,2026-07-20 04:00:00,2026-07-20 08:00:00,2026-07-28 04:00:00,0.7772357771261018,True,True,False,False
POWRUSDT,2026-07-29 08:00:00,2026-07-29 12:00:00,2026-08-06 04:00:00,-1.0203000000000002,True,True,False,False
POWRUSDT,2026-08-12 20:00:00,2026-08-13 00:00:00,2026-08-19 20:00:00,-1.0317219512195122,True,True,False,False
PRLUSDT,2026-05-12 08:00:00,2026-05-12 12:00:00,2026-05-16 00:00:00,1.989361009174312,True,False,False,False
PRLUSDT,2026-05-21 04:00:00,2026-05-21 08:00:00,2026-05-22 04:00:00,-1.0282886597938143,True,True,False,False
PRLUSDT,2026-05-22 16:00:00,2026-05-22 20:00:00,2026-05-27 20:00:00,1.9909085561497324,True,True,False,False
PRLUSDT,2026-06-14 16:00:00,2026-06-14 20:00:00,2026-06-17 12:00:00,1.9898420731707316,True,True,True,False
PROMPTUSDT,2025-05-25 08:00:00,2025-05-25 12:00:00,2025-05-30 20:00:00,1.9900864321608038,True,False,False,False
PROMPTUSDT,2025-06-03 20:00:00,2025-06-04 00:00:00,2025-06-08 16:00:00,-1.0205938931297711,True,True,True,False
PROMPTUSDT,2025-06-21 16:00:00,2025-06-21 20:00:00,2025-06-24 00:00:00,-1.0174865384615386,True,True,True,False
PROMPTUSDT,2025-07-28 12:00:00,2025-07-28 16:00:00,2025-08-01 20:00:00,1.9902142857142855,True,True,False,False
PROMPTUSDT,2025-08-21 12:00:00,2025-08-21 16:00:00,2025-08-22 16:00:00,-1.0244268656716418,True,True,False,False
PROMPTUSDT,2025-09-08 08:00:00,2025-09-08 12:00:00,2025-09-09 00:00:00,-1.017663157894737,True,False,True,False
PROMPTUSDT,2025-09-20 16:00:00,2025-09-20 20:00:00,2025-09-22 04:00:00,1.9899067114093958,True,False,False,False
PROMPTUSDT,2025-10-09 12:00:00,2025-10-09 16:00:00,2025-10-10 20:00:00,1.9844692307692307,True,True,True,False
PROMPTUSDT,2025-12-04 16:00:00,2025-12-04 20:00:00,2025-12-12 16:00:00,1.4873445454545435,True,True,True,False
PROMPTUSDT,2025-12-17 16:00:00,2025-12-17 20:00:00,2025-12-19 16:00:00,-1.0180860892388452,True,True,True,False
PROMPTUSDT,2026-01-11 20:00:00,2026-01-12 00:00:00,2026-01-12 20:00:00,-1.0174786026200875,True,False,False,False
PROMPTUSDT,2026-02-18 16:00:00,2026-02-18 20:00:00,2026-02-23 00:00:00,-1.0207045454545456,True,True,True,False
PROMPTUSDT,2026-03-11 00:00:00,2026-03-11 04:00:00,2026-03-13 12:00:00,-1.0417985611510792,True,True,True,False
PROMPTUSDT,2026-03-21 20:00:00,2026-03-22 00:00:00,2026-03-27 12:00:00,1.9878851562499997,True,True,False,False
PROMPTUSDT,2026-03-30 08:00:00,2026-03-30 12:00:00,2026-03-31 12:00:00,-1.016522314049587,True,True,True,False
PROMPTUSDT,2026-04-05 12:00:00,2026-04-05 16:00:00,2026-04-13 12:00:00,0.2009617021276594,True,True,False,False
PROMPTUSDT,2026-04-27 04:00:00,2026-04-27 08:00:00,2026-05-04 08:00:00,-1.019594573643411,True,False,False,False
PROMPTUSDT,2026-05-18 00:00:00,2026-05-18 04:00:00,2026-05-19 20:00:00,-1.0198539823008852,True,True,False,False
PROMPTUSDT,2026-05-27 04:00:00,2026-05-27 08:00:00,2026-05-29 16:00:00,-1.0196784482758623,True,True,False,False
PROMPTUSDT,2026-07-08 00:00:00,2026-07-08 04:00:00,2026-07-10 00:00:00,-1.0189401273885352,True,True,False,False
PROMPTUSDT,2026-07-18 04:00:00,2026-07-18 08:00:00,2026-07-21 00:00:00,-1.0188319444444447,True,True,False,False
PROMPTUSDT,2026-07-27 12:00:00,2026-07-27 16:00:00,2026-07-28 16:00:00,-1.0241862068965517,True,True,False,False
PROMPTUSDT,2026-08-12 12:00:00,2026-08-12 16:00:00,2026-08-16 08:00:00,-1.0182838323353296,True,False,False,False
PROMUSDT,2025-01-27 00:00:00,2025-01-27 04:00:00,2025-02-02 16:00:00,1.9897919999999998,True,False,True,False
PROMUSDT,2025-02-11 12:00:00,2025-02-11 16:00:00,2025-02-16 08:00:00,-1.0161462686567166,True,False,True,False
PROMUSDT,2025-03-07 16:00:00,2025-03-07 20:00:00,2025-03-15 16:00:00,0.15138863232682123,True,False,True,False
PROMUSDT,2025-03-27 08:00:00,2025-03-27 12:00:00,2025-04-04 08:00:00,-0.09205757575757378,True,False,True,False
PROMUSDT,2025-04-11 16:00:00,2025-04-11 20:00:00,2025-04-12 00:00:00,1.9818793814432987,True,True,True,False
PROMUSDT,2025-04-18 20:00:00,2025-04-19 00:00:00,2025-04-20 00:00:00,-1.0195712820512823,True,True,True,False
PROMUSDT,2025-04-27 00:00:00,2025-04-27 04:00:00,2025-04-28 04:00:00,-1.0234125,True,True,False,False
PROMUSDT,2025-05-05 00:00:00,2025-05-05 04:00:00,2025-05-11 04:00:00,-1.0280664233576642,True,True,False,False
PROMUSDT,2025-05-13 12:00:00,2025-05-13 16:00:00,2025-05-14 00:00:00,-1.0307943089430893,True,True,False,False
PROMUSDT,2025-05-19 04:00:00,2025-05-19 08:00:00,2025-05-27 04:00:00,-0.6018489655172407,True,True,False,False
PROMUSDT,2025-06-12 20:00:00,2025-06-13 00:00:00,2025-06-20 20:00:00,0.12214776632302476,True,True,True,False
PROMUSDT,2025-06-22 00:00:00,2025-06-22 04:00:00,2025-06-22 20:00:00,1.9615950819672132,True,True,True,False
PROMUSDT,2025-07-08 08:00:00,2025-07-08 12:00:00,2025-07-16 08:00:00,-0.708622259696459,True,False,True,False
PROMUSDT,2025-08-23 00:00:00,2025-08-23 04:00:00,2025-08-26 00:00:00,-1.021356055363322,True,False,False,False
PROMUSDT,2025-08-31 08:00:00,2025-08-31 12:00:00,2025-09-08 08:00:00,-0.19642439024390332,True,False,True,False
PROMUSDT,2025-09-13 20:00:00,2025-09-14 00:00:00,2025-09-14 12:00:00,-1.0320704370179947,True,False,False,False
PROMUSDT,2025-09-20 08:00:00,2025-09-20 12:00:00,2025-09-27 08:00:00,-1.0207887195121952,True,False,False,False
PROMUSDT,2025-09-29 16:00:00,2025-09-29 20:00:00,2025-10-04 20:00:00,-1.0399877551020407,True,False,True,False
PROMUSDT,2025-10-10 08:00:00,2025-10-10 12:00:00,2025-10-10 20:00:00,-1.0200911208151384,True,False,True,False
PROMUSDT,2025-10-21 08:00:00,2025-10-21 12:00:00,2025-10-22 16:00:00,-1.038396,True,True,True,False
PROMUSDT,2025-10-24 20:00:00,2025-10-25 00:00:00,2025-10-28 04:00:00,-1.02291107266436,True,False,True,False
PROMUSDT,2025-11-05 00:00:00,2025-11-05 04:00:00,2025-11-08 00:00:00,1.9866643366619114,True,False,True,False
PROMUSDT,2025-11-14 16:00:00,2025-11-14 20:00:00,2025-11-22 16:00:00,0.21268670756646005,True,True,True,False
PROMUSDT,2025-11-26 20:00:00,2025-11-27 00:00:00,2025-12-04 20:00:00,-0.4777263033175359,True,True,True,False
PROMUSDT,2025-12-09 00:00:00,2025-12-09 04:00:00,2025-12-12 20:00:00,-1.0420976744186046,True,True,True,False
PROMUSDT,2025-12-17 20:00:00,2025-12-18 00:00:00,2025-12-18 12:00:00,1.9680409638554215,True,True,True,False
PROMUSDT,2025-12-23 12:00:00,2025-12-23 16:00:00,2025-12-25 12:00:00,-1.0264686327077748,True,True,True,False
PROMUSDT,2026-01-01 16:00:00,2026-01-01 20:00:00,2026-01-07 08:00:00,1.9870599999999998,True,True,True,False
PROMUSDT,2026-02-11 04:00:00,2026-02-11 08:00:00,2026-02-11 20:00:00,-1.0190024390243904,True,True,True,False
PROMUSDT,2026-02-21 16:00:00,2026-02-21 20:00:00,2026-02-28 04:00:00,1.9863835294117644,True,True,True,False
PROMUSDT,2026-03-01 16:00:00,2026-03-01 20:00:00,2026-03-03 00:00:00,-1.0162978260869566,True,True,True,False
PROMUSDT,2026-03-05 12:00:00,2026-03-05 16:00:00,2026-03-08 12:00:00,1.983365517241379,True,True,True,False
PROMUSDT,2026-03-15 04:00:00,2026-03-15 08:00:00,2026-03-17 04:00:00,-1.0250163934426229,True,True,True,False
PROMUSDT,2026-03-20 16:00:00,2026-03-20 20:00:00,2026-03-20 20:00:00,-1.0351365853658534,True,True,True,False
PROMUSDT,2026-03-29 20:00:00,2026-03-30 00:00:00,2026-04-01 04:00:00,-1.018811267605634,True,True,True,False
PROMUSDT,2026-04-07 12:00:00,2026-04-07 16:00:00,2026-04-10 00:00:00,-1.020066666666667,True,True,False,False
PROMUSDT,2026-05-01 08:00:00,2026-05-01 12:00:00,2026-05-07 00:00:00,-1.0278336633663365,True,False,False,False
PROMUSDT,2026-05-27 20:00:00,2026-05-28 00:00:00,2026-06-03 08:00:00,-1.0180121951219514,True,True,False,False
PTBUSDT,2025-10-28 20:00:00,2025-10-29 00:00:00,2025-11-03 12:00:00,1.9857285714285713,True,True,True,False
PTBUSDT,2026-01-17 20:00:00,2026-01-18 00:00:00,2026-01-19 00:00:00,1.9901607594936708,True,True,False,False
PTBUSDT,2026-07-09 08:00:00,2026-07-09 12:00:00,2026-07-10 16:00:00,-1.0431539393939393,True,True,False,False
PTBUSDT,2026-07-11 20:00:00,2026-07-12 00:00:00,2026-07-15 04:00:00,-1.0164233333333335,True,True,False,False
PTBUSDT,2026-07-23 16:00:00,2026-07-23 20:00:00,2026-07-24 12:00:00,-1.0144845173041896,True,False,False,False
PTBUSDT,2026-08-14 08:00:00,2026-08-14 12:00:00,2026-08-15 12:00:00,-1.0152020942408377,True,False,False,False
PUFFERUSDT,2025-06-09 12:00:00,2025-06-09 16:00:00,2025-06-09 20:00:00,-1.0352515191545575,True,False,True,False
PUFFERUSDT,2025-06-14 12:00:00,2025-06-14 16:00:00,2025-06-20 16:00:00,1.986601305057096,True,False,True,False
PUFFERUSDT,2025-06-26 16:00:00,2025-06-26 20:00:00,2025-06-29 20:00:00,-1.0239701657458564,True,False,True,False
PUFFERUSDT,2025-08-11 08:00:00,2025-08-11 12:00:00,2025-08-12 12:00:00,-1.022639201183432,True,False,False,False
PUFFERUSDT,2025-08-19 12:00:00,2025-08-19 16:00:00,2025-08-22 12:00:00,-1.0308628392484342,True,False,False,False
PUFFERUSDT,2025-09-17 12:00:00,2025-09-17 16:00:00,2025-09-17 20:00:00,-1.0368002610966056,True,True,False,False
PUFFERUSDT,2025-09-22 00:00:00,2025-09-22 04:00:00,2025-09-28 12:00:00,1.9884746442432082,True,True,False,False
PUFFERUSDT,2025-09-30 12:00:00,2025-09-30 16:00:00,2025-10-01 20:00:00,-1.0253392349726775,True,True,True,False
PUFFERUSDT,2025-10-07 16:00:00,2025-10-07 20:00:00,2025-10-10 20:00:00,1.9896937590711175,True,True,False,False
PUFFERUSDT,2025-12-14 00:00:00,2025-12-14 04:00:00,2025-12-15 16:00:00,1.9818655487804875,True,True,True,False
PUFFERUSDT,2025-12-17 16:00:00,2025-12-17 20:00:00,2025-12-20 04:00:00,-1.0151110694183867,True,True,True,False
PUFFERUSDT,2025-12-28 16:00:00,2025-12-28 20:00:00,2025-12-29 16:00:00,-1.0432426966292134,True,True,True,False
PUFFERUSDT,2026-01-07 16:00:00,2026-01-07 20:00:00,2026-01-12 00:00:00,-1.0244302114803625,True,True,False,False
PUFFERUSDT,2026-01-18 04:00:00,2026-01-18 08:00:00,2026-01-22 04:00:00,1.9842386075949365,True,True,False,False
PUFFERUSDT,2026-01-25 12:00:00,2026-01-25 16:00:00,2026-01-31 12:00:00,1.9898749999999998,True,True,True,False
PUFFERUSDT,2026-02-11 04:00:00,2026-02-11 08:00:00,2026-02-11 16:00:00,-1.0140889632107024,True,True,True,False
PUFFERUSDT,2026-02-22 16:00:00,2026-02-22 20:00:00,2026-03-02 16:00:00,0.2305961389961398,True,True,True,False
PUFFERUSDT,2026-03-04 00:00:00,2026-03-04 04:00:00,2026-03-09 04:00:00,-1.0143955390334574,True,True,True,False
PUFFERUSDT,2026-03-19 04:00:00,2026-03-19 08:00:00,2026-03-26 12:00:00,1.989654770318021,True,False,False,False
PUMPBTCUSDT,2025-08-29 04:00:00,2025-08-29 08:00:00,2025-09-05 12:00:00,-1.0164734824281152,True,True,True,False
PUMPBTCUSDT,2025-10-04 12:00:00,2025-10-04 16:00:00,2025-10-10 12:00:00,1.9888010309278348,True,False,True,False
PUMPBTCUSDT,2025-11-28 00:00:00,2025-11-28 04:00:00,2025-12-01 00:00:00,1.9855299999999998,True,True,True,False
PUMPBTCUSDT,2025-12-10 20:00:00,2025-12-11 00:00:00,2025-12-16 08:00:00,1.9892615384615384,True,True,True,False
PUMPBTCUSDT,2026-01-18 20:00:00,2026-01-19 00:00:00,2026-01-26 20:00:00,1.142021359223301,True,False,False,False
PUMPBTCUSDT,2026-02-04 08:00:00,2026-02-04 12:00:00,2026-02-05 20:00:00,1.9896976470588235,True,True,True,False
PUMPBTCUSDT,2026-02-22 12:00:00,2026-02-22 16:00:00,2026-02-28 08:00:00,1.9866568807339449,True,True,True,False
PUMPBTCUSDT,2026-03-07 04:00:00,2026-03-07 08:00:00,2026-03-11 12:00:00,-1.015063565891473,True,True,True,False
PUMPBTCUSDT,2026-03-18 08:00:00,2026-03-18 12:00:00,2026-03-18 20:00:00,-1.017049152542373,True,True,False,False
PUMPBTCUSDT,2026-05-26 00:00:00,2026-05-26 04:00:00,2026-06-03 00:00:00,1.2580444444444434,True,True,False,False
PUMPBTCUSDT,2026-06-21 20:00:00,2026-06-22 00:00:00,2026-06-24 16:00:00,1.9862149999999998,True,True,True,False
PUMPBTCUSDT,2026-07-07 20:00:00,2026-07-08 00:00:00,2026-07-08 08:00:00,-1.0159697674418606,True,True,False,False
PUMPBTCUSDT,2026-07-11 20:00:00,2026-07-12 00:00:00,2026-07-18 04:00:00,1.975545714285714,True,True,False,False
PUMPBTCUSDT,2026-07-29 20:00:00,2026-07-30 00:00:00,2026-07-30 04:00:00,-1.0248571428571427,True,True,False,False
PUMPBTCUSDT,2026-08-13 16:00:00,2026-08-13 20:00:00,2026-08-21 04:00:00,-1.0174317073170733,True,False,False,False
PUNDIXUSDT,2025-05-18 16:00:00,2025-05-18 20:00:00,2025-05-19 00:00:00,-1.0215441509433965,True,False,False,False
PUNDIXUSDT,2025-05-25 16:00:00,2025-05-25 20:00:00,2025-05-27 00:00:00,-1.0182048109965638,True,False,False,False
PUNDIXUSDT,2025-06-09 00:00:00,2025-06-09 04:00:00,2025-06-09 16:00:00,-1.04958202247191,True,False,True,False
PUNDIXUSDT,2025-06-12 08:00:00,2025-06-12 12:00:00,2025-06-20 08:00:00,0.7041031007751943,True,False,True,False
PUNDIXUSDT,2025-06-20 20:00:00,2025-06-21 00:00:00,2025-06-22 12:00:00,1.9799642857142854,True,True,True,False
PUNDIXUSDT,2025-07-01 20:00:00,2025-07-02 00:00:00,2025-07-02 16:00:00,-1.01751320754717,True,True,True,False
PUNDIXUSDT,2025-07-29 00:00:00,2025-07-29 04:00:00,2025-08-06 00:00:00,0.872559354838711,True,False,False,False
PUNDIXUSDT,2025-08-18 04:00:00,2025-08-18 08:00:00,2025-08-26 04:00:00,0.28073969849246294,True,True,False,False
PUNDIXUSDT,2025-09-01 00:00:00,2025-09-01 04:00:00,2025-09-03 00:00:00,-1.033102479338843,True,True,True,False
PUNDIXUSDT,2025-09-15 04:00:00,2025-09-15 08:00:00,2025-09-23 04:00:00,1.1129268292682943,True,False,False,False
PUNDIXUSDT,2025-10-04 12:00:00,2025-10-04 16:00:00,2025-10-10 20:00:00,1.9853979591836732,True,False,True,False
PUNDIXUSDT,2025-10-15 16:00:00,2025-10-15 20:00:00,2025-10-18 04:00:00,-1.0206935323383086,True,False,True,False
PUNDIXUSDT,2025-10-27 12:00:00,2025-10-27 16:00:00,2025-10-30 12:00:00,1.9821799999999998,True,False,True,False
PUNDIXUSDT,2025-11-03 12:00:00,2025-11-03 16:00:00,2025-11-08 00:00:00,-1.0152610687022903,True,True,True,False
PUNDIXUSDT,2025-11-12 16:00:00,2025-11-12 20:00:00,2025-11-19 16:00:00,1.988021524663677,True,True,True,False
PUNDIXUSDT,2025-12-07 08:00:00,2025-12-07 12:00:00,2025-12-08 08:00:00,-1.03948,True,True,True,False
PUNDIXUSDT,2025-12-11 00:00:00,2025-12-11 04:00:00,2025-12-19 00:00:00,0.5372758241758234,True,True,True,False
PUNDIXUSDT,2025-12-25 20:00:00,2025-12-26 00:00:00,2025-12-27 16:00:00,-1.035334090909091,True,True,True,False
PUNDIXUSDT,2026-01-11 20:00:00,2026-01-12 00:00:00,2026-01-19 20:00:00,0.31443265306122287,True,False,False,False
PUNDIXUSDT,2026-01-20 20:00:00,2026-01-21 00:00:00,2026-01-28 20:00:00,0.5128594594594614,True,True,True,False
PUNDIXUSDT,2026-01-31 12:00:00,2026-01-31 16:00:00,2026-02-05 20:00:00,1.9873045454545453,True,True,True,False
PUNDIXUSDT,2026-02-18 12:00:00,2026-02-18 16:00:00,2026-02-26 12:00:00,0.30267346938775586,True,True,True,False
PUNDIXUSDT,2026-03-07 04:00:00,2026-03-07 08:00:00,2026-03-15 04:00:00,-0.18700784313725533,True,True,True,False
PUNDIXUSDT,2026-03-18 12:00:00,2026-03-18 16:00:00,2026-03-26 12:00:00,0.5565504424778763,True,True,False,False
PUNDIXUSDT,2026-04-12 12:00:00,2026-04-12 16:00:00,2026-04-12 16:00:00,-1.0289536231884058,True,True,False,False
PUNDIXUSDT,2026-04-23 00:00:00,2026-04-23 04:00:00,2026-04-23 12:00:00,-1.03685,True,False,False,False
PUNDIXUSDT,2026-04-27 12:00:00,2026-04-27 16:00:00,2026-05-05 12:00:00,-0.37051076923077003,True,False,False,False
PUNDIXUSDT,2026-05-13 12:00:00,2026-05-13 16:00:00,2026-05-21 12:00:00,1.0988740000000035,True,False,False,False
PUNDIXUSDT,2026-05-27 00:00:00,2026-05-27 04:00:00,2026-05-31 00:00:00,-1.0289757575757577,True,True,False,False
PUNDIXUSDT,2026-06-04 00:00:00,2026-06-04 04:00:00,2026-06-05 12:00:00,1.9905464,True,True,True,False
PUNDIXUSDT,2026-06-09 00:00:00,2026-06-09 04:00:00,2026-06-13 00:00:00,-1.015286046511628,True,True,True,False
PUNDIXUSDT,2026-06-18 00:00:00,2026-06-18 04:00:00,2026-06-24 12:00:00,1.9820719999999998,True,True,False,False
PUNDIXUSDT,2026-07-01 16:00:00,2026-07-01 20:00:00,2026-07-02 20:00:00,-1.033430303030303,True,True,True,False
PUNDIXUSDT,2026-07-08 08:00:00,2026-07-08 12:00:00,2026-07-09 04:00:00,-1.0274275862068967,True,True,False,False
PUNDIXUSDT,2026-07-19 16:00:00,2026-07-19 20:00:00,2026-07-20 20:00:00,-1.0483450643776824,True,True,False,False
PUNDIXUSDT,2026-07-23 16:00:00,2026-07-23 20:00:00,2026-07-27 12:00:00,1.9688417721518987,True,True,False,False
PUNDIXUSDT,2026-08-03 08:00:00,2026-08-03 12:00:00,2026-08-06 00:00:00,-1.0429909465020577,True,True,False,False
PUNDIXUSDT,2026-08-11 12:00:00,2026-08-11 16:00:00,2026-08-19 12:00:00,-0.19201327800829882,True,True,False,False
QUICKUSDT,2024-09-20 12:00:00,2024-09-20 16:00:00,2024-09-28 12:00:00,0.32075198019802026,True,False,False,False
QUICKUSDT,2024-09-29 04:00:00,2024-09-29 08:00:00,2024-10-01 20:00:00,1.9903793103448275,True,False,False,False
QUICKUSDT,2024-10-08 12:00:00,2024-10-08 16:00:00,2024-10-11 12:00:00,-1.0208017167381975,True,False,False,False
QUICKUSDT,2024-11-02 12:00:00,2024-11-02 16:00:00,2024-11-06 08:00:00,-1.021043946188341,True,True,True,False
QUICKUSDT,2024-12-17 12:00:00,2024-12-17 16:00:00,2024-12-19 00:00:00,1.9881874999999998,True,False,False,False
QUICKUSDT,2025-01-13 00:00:00,2025-01-13 04:00:00,2025-01-15 16:00:00,-1.0200426470588237,True,True,True,False
QUICKUSDT,2025-01-18 16:00:00,2025-01-18 20:00:00,2025-01-20 16:00:00,1.9891359050445103,True,True,True,False
QUICKUSDT,2025-01-23 16:00:00,2025-01-23 20:00:00,2025-01-31 16:00:00,-0.07970841121495373,True,True,True,False
QUICKUSDT,2025-02-15 16:00:00,2025-02-15 20:00:00,2025-02-23 16:00:00,-0.4417487684729061,True,True,True,False
QUICKUSDT,2025-02-24 12:00:00,2025-02-24 16:00:00,2025-03-04 12:00:00,1.4585652968036527,True,True,True,False
QUICKUSDT,2025-03-09 08:00:00,2025-03-09 12:00:00,2025-03-09 16:00:00,-1.0299833333333335,True,True,True,False
QUICKUSDT,2025-03-20 20:00:00,2025-03-21 00:00:00,2025-03-21 04:00:00,-1.0278133333333332,True,False,True,False
QUICKUSDT,2025-03-28 04:00:00,2025-03-28 08:00:00,2025-03-31 00:00:00,-1.0149162601626018,True,False,True,False
QUICKUSDT,2025-05-03 08:00:00,2025-05-03 12:00:00,2025-05-06 20:00:00,1.987495294117647,True,True,False,False
QUICKUSDT,2025-05-17 00:00:00,2025-05-17 04:00:00,2025-05-22 04:00:00,-1.0235159420289854,True,True,False,False
QUICKUSDT,2025-05-25 00:00:00,2025-05-25 04:00:00,2025-05-30 20:00:00,1.9837567999999999,True,True,False,False
QUICKUSDT,2025-07-23 16:00:00,2025-07-23 20:00:00,2025-07-30 16:00:00,1.9883245901639344,True,False,False,False
QUICKUSDT,2025-09-08 16:00:00,2025-09-08 20:00:00,2025-09-13 04:00:00,-1.0357571428571428,True,False,True,False
QUICKUSDT,2025-09-19 16:00:00,2025-09-19 20:00:00,2025-09-22 04:00:00,1.9869386075949365,True,False,False,False
QUICKUSDT,2025-09-25 16:00:00,2025-09-25 20:00:00,2025-09-29 16:00:00,-1.0222888888888892,True,True,True,False
QUICKUSDT,2025-10-10 16:00:00,2025-10-10 20:00:00,2025-10-11 00:00:00,1.9882485714285714,True,True,True,False
QUICKUSDT,2025-10-30 12:00:00,2025-10-30 16:00:00,2025-11-07 12:00:00,0.34812162162162114,True,True,True,False
QUICKUSDT,2025-11-13 16:00:00,2025-11-13 20:00:00,2025-11-21 04:00:00,1.9899836734693876,True,True,True,False
QUICKUSDT,2025-11-28 04:00:00,2025-11-28 08:00:00,2025-12-06 04:00:00,-0.17330882352941335,True,True,True,False
QUSDT,2026-03-14 16:00:00,2026-03-14 20:00:00,2026-03-18 16:00:00,-1.0175315315315316,True,True,True,False
QUSDT,2026-03-25 00:00:00,2026-03-25 04:00:00,2026-03-25 16:00:00,-1.0259394658753709,True,True,False,False
QUSDT,2026-03-26 12:00:00,2026-03-26 16:00:00,2026-03-27 16:00:00,-1.019161820199778,True,True,False,False
QUSDT,2026-04-06 00:00:00,2026-04-06 04:00:00,2026-04-06 08:00:00,-1.045211428571429,True,True,False,False
QUSDT,2026-05-04 08:00:00,2026-05-04 12:00:00,2026-05-06 16:00:00,-1.0248935943060498,True,True,False,False
QUSDT,2026-06-14 12:00:00,2026-06-14 16:00:00,2026-06-16 08:00:00,-1.0183125295508275,True,False,True,False
QUSDT,2026-07-07 04:00:00,2026-07-07 08:00:00,2026-07-09 00:00:00,-1.0210167235494882,True,True,False,False
RAREUSDT,2024-09-12 12:00:00,2024-09-12 16:00:00,2024-09-14 00:00:00,-1.0298523076923076,True,False,False,True
RAREUSDT,2024-09-18 12:00:00,2024-09-18 16:00:00,2024-09-19 00:00:00,-1.0153745454545455,True,False,False,True
RAREUSDT,2024-10-09 16:00:00,2024-10-09 20:00:00,2024-10-11 16:00:00,-1.0213154929577466,True,False,False,False
RAREUSDT,2024-10-16 12:00:00,2024-10-16 16:00:00,2024-10-20 12:00:00,-1.0172365591397852,True,False,False,False
RAREUSDT,2024-10-23 12:00:00,2024-10-23 16:00:00,2024-10-25 20:00:00,1.989572727272727,True,True,False,False
RAREUSDT,2024-12-14 12:00:00,2024-12-14 16:00:00,2024-12-18 20:00:00,1.985618791208791,True,False,False,False
RAREUSDT,2025-01-18 16:00:00,2025-01-18 20:00:00,2025-01-26 16:00:00,0.8704981018981032,True,True,True,False
RAREUSDT,2025-01-27 00:00:00,2025-01-27 04:00:00,2025-02-02 20:00:00,1.990686492890995,True,True,True,False
RAREUSDT,2025-02-17 16:00:00,2025-02-17 20:00:00,2025-02-22 20:00:00,-1.0231411764705882,True,True,True,False
RAREUSDT,2025-03-20 16:00:00,2025-03-20 20:00:00,2025-03-26 12:00:00,1.9879338235294115,True,False,True,False
RAREUSDT,2025-03-28 00:00:00,2025-03-28 04:00:00,2025-03-31 08:00:00,1.9855850356294535,True,True,True,False
RAREUSDT,2025-04-01 08:00:00,2025-04-01 12:00:00,2025-04-03 04:00:00,-1.0196066666666668,True,True,True,False
RAREUSDT,2025-04-12 00:00:00,2025-04-12 04:00:00,2025-04-12 16:00:00,-1.030886231884058,True,True,True,False
RAREUSDT,2025-04-13 12:00:00,2025-04-13 16:00:00,2025-04-16 04:00:00,-1.0188638202247193,True,True,True,False
RAREUSDT,2025-04-22 00:00:00,2025-04-22 04:00:00,2025-04-22 20:00:00,-1.0323878048780488,True,True,True,False
RAREUSDT,2025-05-03 08:00:00,2025-05-03 12:00:00,2025-05-09 00:00:00,-1.022498181818182,True,True,False,False
RAREUSDT,2025-05-25 04:00:00,2025-05-25 08:00:00,2025-05-26 04:00:00,-1.027274918566775,True,True,False,False
RAREUSDT,2025-05-29 16:00:00,2025-05-29 20:00:00,2025-05-30 20:00:00,1.985595275590551,True,False,False,False
RAREUSDT,2025-06-09 04:00:00,2025-06-09 08:00:00,2025-06-09 20:00:00,-1.0244044444444445,True,True,True,False
RAREUSDT,2025-06-17 12:00:00,2025-06-17 16:00:00,2025-06-21 20:00:00,1.9856425867507885,True,True,True,False
RAREUSDT,2025-07-05 16:00:00,2025-07-05 20:00:00,2025-07-06 20:00:00,-1.0444315789473684,True,True,True,False
RAREUSDT,2025-07-23 16:00:00,2025-07-23 20:00:00,2025-07-30 16:00:00,1.9894127906976742,True,False,False,False
RAREUSDT,2025-08-01 04:00:00,2025-08-01 08:00:00,2025-08-04 16:00:00,-1.0157284738041004,True,True,False,False
RAREUSDT,2025-09-14 12:00:00,2025-09-14 16:00:00,2025-09-16 12:00:00,-1.027380487804878,True,False,False,False
RAREUSDT,2025-09-19 00:00:00,2025-09-19 04:00:00,2025-09-22 00:00:00,1.9793932270916332,True,False,False,False
RAREUSDT,2025-09-25 16:00:00,2025-09-25 20:00:00,2025-09-29 08:00:00,-1.0219808917197455,True,True,True,False
RAREUSDT,2025-10-04 12:00:00,2025-10-04 16:00:00,2025-10-10 20:00:00,1.9832453874538742,True,True,True,False
RAREUSDT,2025-10-28 00:00:00,2025-10-28 04:00:00,2025-11-03 12:00:00,1.9869128099173552,True,True,True,False
RAREUSDT,2025-11-13 16:00:00,2025-11-13 20:00:00,2025-11-15 16:00:00,-1.0142398601398603,True,True,True,False
RAREUSDT,2025-12-01 00:00:00,2025-12-01 04:00:00,2025-12-06 04:00:00,-1.0146637931034483,True,True,True,False
RAREUSDT,2025-12-10 20:00:00,2025-12-11 00:00:00,2025-12-17 16:00:00,1.9868588957055213,True,True,True,False
RAREUSDT,2026-01-25 16:00:00,2026-01-25 20:00:00,2026-01-31 16:00:00,1.989877027027027,True,False,True,False
RAREUSDT,2026-02-19 00:00:00,2026-02-19 04:00:00,2026-02-27 00:00:00,0.4359165714285734,True,True,True,False
RAREUSDT,2026-03-20 12:00:00,2026-03-20 16:00:00,2026-03-22 20:00:00,1.9737471698113205,True,True,True,False
RAREUSDT,2026-03-28 00:00:00,2026-03-28 04:00:00,2026-04-05 00:00:00,-0.24994090909091002,True,True,True,False
RAREUSDT,2026-04-12 08:00:00,2026-04-12 12:00:00,2026-04-13 20:00:00,-1.0352896551724138,True,True,False,False
RAREUSDT,2026-05-03 08:00:00,2026-05-03 12:00:00,2026-05-06 08:00:00,-1.0384999999999998,True,False,False,False
RAREUSDT,2026-05-15 12:00:00,2026-05-15 16:00:00,2026-05-23 12:00:00,0.7081006896551729,True,False,False,False
RAREUSDT,2026-05-27 00:00:00,2026-05-27 04:00:00,2026-05-29 20:00:00,-1.0265125,True,True,False,False
RAREUSDT,2026-06-04 00:00:00,2026-06-04 04:00:00,2026-06-05 12:00:00,1.9844289156626505,True,True,True,False
RAREUSDT,2026-07-08 08:00:00,2026-07-08 12:00:00,2026-07-10 08:00:00,-1.018320430107527,True,True,False,False
RAREUSDT,2026-07-13 16:00:00,2026-07-13 20:00:00,2026-07-21 16:00:00,-0.2779640449438194,True,True,False,False
RAREUSDT,2026-07-23 20:00:00,2026-07-24 00:00:00,2026-07-26 04:00:00,-1.057913333333333,True,True,False,False
RAREUSDT,2026-07-27 12:00:00,2026-07-27 16:00:00,2026-08-04 12:00:00,0.3588466666666668,True,False,False,False
RAYSOLUSDT,2025-02-23 08:00:00,2025-02-23 12:00:00,2025-02-24 00:00:00,1.9881352312047813,True,True,True,False
RAYSOLUSDT,2025-03-31 08:00:00,2025-03-31 12:00:00,2025-04-01 08:00:00,-1.0199162436548226,True,True,True,False
RAYSOLUSDT,2025-05-05 20:00:00,2025-05-06 00:00:00,2025-05-08 12:00:00,-1.0167986742424244,True,False,False,False
RAYSOLUSDT,2025-05-25 08:00:00,2025-05-25 12:00:00,2025-05-26 00:00:00,-1.0184201563857518,True,False,False,False
RAYSOLUSDT,2025-05-29 12:00:00,2025-05-29 16:00:00,2025-05-30 12:00:00,1.9874891213389119,True,False,False,False
RAYSOLUSDT,2025-06-21 16:00:00,2025-06-21 20:00:00,2025-06-28 16:00:00,-1.0172908860759495,True,True,True,False
RAYSOLUSDT,2025-09-01 00:00:00,2025-09-01 04:00:00,2025-09-09 00:00:00,0.060270834718988066,True,False,True,False
RAYSOLUSDT,2025-09-17 00:00:00,2025-09-17 04:00:00,2025-09-17 20:00:00,-1.0407121019108279,True,True,False,False
RAYSOLUSDT,2025-09-19 12:00:00,2025-09-19 16:00:00,2025-09-22 04:00:00,1.9898017198136868,True,False,False,False
RAYSOLUSDT,2025-09-25 08:00:00,2025-09-25 12:00:00,2025-10-01 16:00:00,-1.017095388914765,True,True,True,False
RAYSOLUSDT,2025-10-07 12:00:00,2025-10-07 16:00:00,2025-10-10 20:00:00,1.9878243478260869,True,True,False,False
RAYSOLUSDT,2025-11-16 12:00:00,2025-11-16 16:00:00,2025-11-21 04:00:00,1.989050579150579,True,True,True,False
RAYSOLUSDT,2025-11-30 20:00:00,2025-12-01 00:00:00,2025-12-02 12:00:00,-1.0267622103386809,True,True,True,False
RAYSOLUSDT,2025-12-14 08:00:00,2025-12-14 12:00:00,2025-12-15 16:00:00,1.982672912801484,True,True,True,False
RAYSOLUSDT,2025-12-31 16:00:00,2025-12-31 20:00:00,2026-01-01 08:00:00,-1.030077750611247,True,True,True,False
RAYSOLUSDT,2026-01-12 20:00:00,2026-01-13 00:00:00,2026-01-13 20:00:00,-1.0217170270270273,True,False,False,False
RAYSOLUSDT,2026-01-18 20:00:00,2026-01-19 00:00:00,2026-01-26 20:00:00,0.7997381139489209,True,False,False,False
RAYSOLUSDT,2026-01-31 08:00:00,2026-01-31 12:00:00,2026-01-31 16:00:00,1.9839542338709675,True,True,True,False
RAYSOLUSDT,2026-02-11 04:00:00,2026-02-11 08:00:00,2026-02-12 08:00:00,-1.0143250457038393,True,True,True,False
RAYSOLUSDT,2026-03-21 20:00:00,2026-03-22 00:00:00,2026-03-29 20:00:00,1.9778836065573768,True,True,False,False
RAYSOLUSDT,2026-05-04 04:00:00,2026-05-04 08:00:00,2026-05-08 16:00:00,-1.0209473684210528,True,False,False,False
RAYSOLUSDT,2026-05-12 04:00:00,2026-05-12 08:00:00,2026-05-17 20:00:00,1.9884613601236474,True,False,False,False
RAYSOLUSDT,2026-05-22 16:00:00,2026-05-22 20:00:00,2026-05-23 20:00:00,-1.0267678571428571,True,False,False,False
RAYSOLUSDT,2026-05-27 08:00:00,2026-05-27 12:00:00,2026-06-02 20:00:00,1.9859386892177588,True,False,False,False
RAYSOLUSDT,2026-06-04 04:00:00,2026-06-04 08:00:00,2026-06-12 04:00:00,0.8157105058365748,True,True,True,False
RAYSOLUSDT,2026-06-23 04:00:00,2026-06-23 08:00:00,2026-06-29 16:00:00,-1.0204800970873789,True,True,False,False
RAYSOLUSDT,2026-07-08 00:00:00,2026-07-08 04:00:00,2026-07-16 00:00:00,0.07547210440456847,True,False,False,False
RAYSOLUSDT,2026-07-23 00:00:00,2026-07-23 04:00:00,2026-07-31 00:00:00,0.8382732899022799,True,False,False,False
RAYSOLUSDT,2026-08-14 00:00:00,2026-08-14 04:00:00,2026-08-19 12:00:00,-1.0350453441295546,True,True,False,False
RDNTUSDT,2024-09-08 12:00:00,2024-09-08 16:00:00,2024-09-09 08:00:00,-1.0207871345029242,True,False,False,True
RDNTUSDT,2024-09-15 08:00:00,2024-09-15 12:00:00,2024-09-23 08:00:00,-0.15157699805068314,True,False,False,True
RDNTUSDT,2024-09-30 20:00:00,2024-10-01 00:00:00,2024-10-02 16:00:00,1.988194380165289,True,False,False,False
RDNTUSDT,2024-10-09 16:00:00,2024-10-09 20:00:00,2024-10-12 04:00:00,-1.0278587537091988,True,False,False,False
RDNTUSDT,2024-10-19 16:00:00,2024-10-19 20:00:00,2024-10-20 12:00:00,-1.0294401433691756,True,False,False,False
RDNTUSDT,2024-10-25 16:00:00,2024-10-25 20:00:00,2024-11-01 00:00:00,1.9882185714285712,True,True,False,False
RDNTUSDT,2024-12-14 08:00:00,2024-12-14 12:00:00,2024-12-17 20:00:00,1.9830727488151656,True,False,False,False
RDNTUSDT,2025-01-07 00:00:00,2025-01-07 04:00:00,2025-01-08 00:00:00,1.9837156249999999,True,True,True,False
RDNTUSDT,2025-01-13 00:00:00,2025-01-13 04:00:00,2025-01-15 16:00:00,-1.0184178571428573,True,True,True,False
RDNTUSDT,2025-01-24 20:00:00,2025-01-25 00:00:00,2025-02-01 20:00:00,1.9861614147909965,True,True,True,False
RDNTUSDT,2025-02-23 12:00:00,2025-02-23 16:00:00,2025-02-25 04:00:00,1.9888908396946563,True,True,True,False
RDNTUSDT,2025-03-09 08:00:00,2025-03-09 12:00:00,2025-03-11 00:00:00,1.990115062761506,True,True,True,False
RDNTUSDT,2025-03-26 16:00:00,2025-03-26 20:00:00,2025-03-29 16:00:00,1.986536416184971,True,True,True,False
RDNTUSDT,2025-04-02 04:00:00,2025-04-02 08:00:00,2025-04-06 16:00:00,1.9890129213483145,True,True,True,False
RDNTUSDT,2025-05-03 04:00:00,2025-05-03 08:00:00,2025-05-09 04:00:00,-1.0162112149532712,True,False,False,False
RDNTUSDT,2025-05-25 00:00:00,2025-05-25 04:00:00,2025-05-27 16:00:00,-1.0198784530386742,True,False,False,False
RDNTUSDT,2025-06-20 16:00:00,2025-06-20 20:00:00,2025-06-22 12:00:00,1.9840999999999998,True,True,True,False
RDNTUSDT,2025-07-23 16:00:00,2025-07-23 20:00:00,2025-07-31 16:00:00,1.2266551724137937,True,False,False,False
RDNTUSDT,2025-07-31 20:00:00,2025-08-01 00:00:00,2025-08-08 12:00:00,-1.0164775280898877,True,False,False,False
RDNTUSDT,2025-09-01 00:00:00,2025-09-01 04:00:00,2025-09-09 00:00:00,-0.801605633802816,True,True,True,False
RDNTUSDT,2025-09-15 04:00:00,2025-09-15 08:00:00,2025-09-23 04:00:00,0.9503911602209957,True,False,False,False
RDNTUSDT,2025-09-25 16:00:00,2025-09-25 20:00:00,2025-09-27 08:00:00,-1.0165109677419357,True,True,True,False
RDNTUSDT,2025-09-30 12:00:00,2025-09-30 16:00:00,2025-10-01 16:00:00,-1.0193323529411766,True,True,True,False
RDNTUSDT,2025-10-27 12:00:00,2025-10-27 16:00:00,2025-10-30 12:00:00,1.984358947368421,True,True,True,False
RDNTUSDT,2025-11-11 20:00:00,2025-11-12 00:00:00,2025-11-19 20:00:00,1.1619861538461547,True,True,True,False
RDNTUSDT,2025-11-29 12:00:00,2025-11-29 16:00:00,2025-12-01 04:00:00,1.984885294117647,True,True,True,False
RDNTUSDT,2025-12-14 04:00:00,2025-12-14 08:00:00,2025-12-15 08:00:00,-1.0196811594202901,True,True,True,False
RDNTUSDT,2025-12-17 16:00:00,2025-12-17 20:00:00,2025-12-25 16:00:00,-0.5732499999999989,True,True,True,False
RDNTUSDT,2026-01-11 20:00:00,2026-01-12 00:00:00,2026-01-13 20:00:00,-1.0540615384615384,True,True,False,False
RDNTUSDT,2026-01-25 12:00:00,2026-01-25 16:00:00,2026-01-31 12:00:00,1.9817428571428568,True,True,True,False
RDNTUSDT,2026-02-05 00:00:00,2026-02-05 04:00:00,2026-02-06 00:00:00,1.990055737704918,True,True,True,False
RDNTUSDT,2026-02-11 04:00:00,2026-02-11 08:00:00,2026-02-12 00:00:00,-1.0242375,True,True,True,False
RDNTUSDT,2026-02-18 16:00:00,2026-02-18 20:00:00,2026-02-21 12:00:00,-1.0259736842105263,True,True,True,False
RDNTUSDT,2026-02-22 20:00:00,2026-02-23 00:00:00,2026-03-02 20:00:00,0.21841372549019472,True,True,True,False
REDUSDT,2025-04-01 20:00:00,2025-04-02 00:00:00,2025-04-06 00:00:00,1.9906884615384615,True,False,True,False
REDUSDT,2025-05-17 00:00:00,2025-05-17 04:00:00,2025-05-22 12:00:00,-1.014051094890511,True,False,False,False
REDUSDT,2025-05-25 04:00:00,2025-05-25 08:00:00,2025-05-27 04:00:00,-1.0226666666666666,True,False,False,False
REDUSDT,2025-06-12 00:00:00,2025-06-12 04:00:00,2025-06-17 16:00:00,1.9904087378640776,True,True,True,False
REDUSDT,2025-09-15 04:00:00,2025-09-15 08:00:00,2025-09-23 04:00:00,1.4538828671328707,True,False,False,False
REDUSDT,2025-09-25 08:00:00,2025-09-25 12:00:00,2025-10-02 00:00:00,-1.0141991752577322,True,False,True,False
REDUSDT,2025-10-07 12:00:00,2025-10-07 16:00:00,2025-10-10 20:00:00,1.9877830357142856,True,True,False,False
REDUSDT,2025-10-21 04:00:00,2025-10-21 08:00:00,2025-10-21 12:00:00,-1.01939028340081,True,True,True,False
REDUSDT,2025-10-27 20:00:00,2025-10-28 00:00:00,2025-10-30 16:00:00,1.9845298507462685,True,True,True,False
REDUSDT,2025-11-17 16:00:00,2025-11-17 20:00:00,2025-11-25 16:00:00,0.7442449197860955,True,True,True,False
REDUSDT,2025-11-30 00:00:00,2025-11-30 04:00:00,2025-12-01 04:00:00,1.9800214876033055,True,True,True,False
REDUSDT,2025-12-14 08:00:00,2025-12-14 12:00:00,2025-12-17 16:00:00,1.9851112582781456,True,True,True,False
REDUSDT,2025-12-28 16:00:00,2025-12-28 20:00:00,2026-01-02 20:00:00,-1.030052427184466,True,True,True,False
REDUSDT,2026-01-18 20:00:00,2026-01-19 00:00:00,2026-01-25 00:00:00,-1.0174416666666668,True,False,False,False
REDUSDT,2026-02-10 16:00:00,2026-02-10 20:00:00,2026-02-12 08:00:00,-1.0231577981651376,True,True,True,False
REDUSDT,2026-02-18 08:00:00,2026-02-18 12:00:00,2026-02-23 00:00:00,1.9830042105263155,True,True,True,False
REDUSDT,2026-03-03 16:00:00,2026-03-03 20:00:00,2026-03-11 16:00:00,1.0639148936170204,True,True,True,False
REDUSDT,2026-03-14 04:00:00,2026-03-14 08:00:00,2026-03-16 16:00:00,-1.0266848484848485,True,True,True,False
REDUSDT,2026-03-21 16:00:00,2026-03-21 20:00:00,2026-03-22 08:00:00,1.969613157894737,True,True,False,False
REDUSDT,2026-03-29 08:00:00,2026-03-29 12:00:00,2026-03-31 00:00:00,1.9700750000000002,True,True,True,False
REDUSDT,2026-04-05 08:00:00,2026-04-05 12:00:00,2026-04-06 00:00:00,-1.0252,True,True,False,False
REDUSDT,2026-04-18 08:00:00,2026-04-18 12:00:00,2026-04-24 00:00:00,-1.0215600000000002,True,False,False,False
REDUSDT,2026-04-27 12:00:00,2026-04-27 16:00:00,2026-04-28 16:00:00,-1.0207558139534885,True,False,False,False
REDUSDT,2026-05-12 12:00:00,2026-05-12 16:00:00,2026-05-20 12:00:00,1.0868608695652204,True,False,False,False
REDUSDT,2026-06-02 12:00:00,2026-06-02 16:00:00,2026-06-06 04:00:00,1.9904171428571427,True,True,False,False
REDUSDT,2026-06-10 08:00:00,2026-06-10 12:00:00,2026-06-16 20:00:00,-1.0143303370786518,True,True,True,False
REDUSDT,2026-07-15 04:00:00,2026-07-15 08:00:00,2026-07-23 04:00:00,0.9825241379310343,True,False,False,False
REDUSDT,2026-07-23 16:00:00,2026-07-23 20:00:00,2026-07-29 00:00:00,1.9777924999999996,True,False,False,False
REDUSDT,2026-08-03 04:00:00,2026-08-03 08:00:00,2026-08-07 04:00:00,-1.0259304347826086,True,True,False,False
REDUSDT,2026-08-11 04:00:00,2026-08-11 08:00:00,2026-08-14 00:00:00,-1.0244857142857142,True,True,False,False
REIUSDT,2024-10-09 12:00:00,2024-10-09 16:00:00,2024-10-13 16:00:00,-1.0304485829959513,True,False,False,False
REIUSDT,2024-10-17 04:00:00,2024-10-17 08:00:00,2024-10-20 20:00:00,-1.0220600000000002,True,False,False,False
REIUSDT,2024-10-25 04:00:00,2024-10-25 08:00:00,2024-11-02 04:00:00,1.276044547563807,True,False,False,False
REIUSDT,2024-12-17 20:00:00,2024-12-18 00:00:00,2024-12-19 16:00:00,1.9908858208955222,True,False,False,False
REIUSDT,2025-01-01 08:00:00,2025-01-01 12:00:00,2025-01-02 08:00:00,-1.0191147132169578,True,True,True,False
REIUSDT,2025-01-07 12:00:00,2025-01-07 16:00:00,2025-01-15 12:00:00,0.13555379188712582,True,True,True,False
REIUSDT,2025-01-18 16:00:00,2025-01-18 20:00:00,2025-01-26 16:00:00,0.8441737500000004,True,True,True,False
REIUSDT,2025-02-01 12:00:00,2025-02-01 16:00:00,2025-02-02 16:00:00,1.9883419178082191,True,True,True,False
REIUSDT,2025-02-17 04:00:00,2025-02-17 08:00:00,2025-02-17 12:00:00,-1.021744680851064,True,True,True,False
REIUSDT,2025-02-28 00:00:00,2025-02-28 04:00:00,2025-03-02 16:00:00,-1.0151902439024392,True,True,True,False
REIUSDT,2025-03-09 08:00:00,2025-03-09 12:00:00,2025-03-11 00:00:00,1.989535593220339,True,True,True,False
REIUSDT,2025-04-02 00:00:00,2025-04-02 04:00:00,2025-04-06 16:00:00,1.9897779411764704,True,True,True,False
REIUSDT,2025-04-16 04:00:00,2025-04-16 08:00:00,2025-04-18 16:00:00,-1.0187758865248229,True,True,True,False
REIUSDT,2025-05-06 08:00:00,2025-05-06 12:00:00,2025-05-07 08:00:00,1.9856547297297296,True,False,False,False
REIUSDT,2025-05-25 08:00:00,2025-05-25 12:00:00,2025-05-26 00:00:00,-1.0176040540540543,True,True,False,False
REIUSDT,2025-05-28 16:00:00,2025-05-28 20:00:00,2025-05-30 20:00:00,1.9860576271186439,True,True,False,False
REIUSDT,2025-06-08 12:00:00,2025-06-08 16:00:00,2025-06-10 16:00:00,-1.0314102564102563,True,True,True,False
REIUSDT,2025-06-17 20:00:00,2025-06-18 00:00:00,2025-06-21 20:00:00,1.98965,True,True,True,False
REIUSDT,2025-07-01 08:00:00,2025-07-01 12:00:00,2025-07-03 04:00:00,-1.0184106194690268,True,True,True,False
REIUSDT,2025-07-31 20:00:00,2025-08-01 00:00:00,2025-08-08 20:00:00,0.11337777777777662,True,False,False,False
REIUSDT,2025-08-11 08:00:00,2025-08-11 12:00:00,2025-08-13 08:00:00,-1.0224982456140352,True,False,False,False
REIUSDT,2025-09-01 00:00:00,2025-09-01 04:00:00,2025-09-09 00:00:00,-0.4611098360655748,True,True,True,False
REIUSDT,2025-09-22 00:00:00,2025-09-22 04:00:00,2025-09-30 00:00:00,1.164265151515149,True,True,False,False
REIUSDT,2025-09-30 12:00:00,2025-09-30 16:00:00,2025-10-01 12:00:00,-1.0228666666666666,True,True,True,False
REIUSDT,2025-10-07 12:00:00,2025-10-07 16:00:00,2025-10-10 20:00:00,1.987043396226415,True,True,False,False
REIUSDT,2025-10-28 20:00:00,2025-10-29 00:00:00,2025-10-30 16:00:00,1.9876435294117645,True,True,True,False
REIUSDT,2025-11-11 20:00:00,2025-11-12 00:00:00,2025-11-19 20:00:00,1.0497717391304338,True,True,True,False
REZUSDT,2024-09-03 20:00:00,2024-09-04 00:00:00,2024-09-11 20:00:00,0.1341311572700299,True,False,False,True
REZUSDT,2024-10-25 12:00:00,2024-10-25 16:00:00,2024-11-02 12:00:00,1.6234357664233592,True,True,False,False
REZUSDT,2025-01-07 08:00:00,2025-01-07 12:00:00,2025-01-08 04:00:00,1.9873505494505492,True,True,True,False
REZUSDT,2025-01-13 00:00:00,2025-01-13 04:00:00,2025-01-15 12:00:00,-1.0150637992831544,True,True,True,False
REZUSDT,2025-02-06 08:00:00,2025-02-06 12:00:00,2025-02-11 04:00:00,-1.0180645161290325,True,True,True,False
REZUSDT,2025-03-21 08:00:00,2025-03-21 12:00:00,2025-03-29 00:00:00,1.9897624999999999,True,True,True,False
REZUSDT,2025-05-06 00:00:00,2025-05-06 04:00:00,2025-05-08 12:00:00,-1.0141086206896552,True,True,False,False
REZUSDT,2025-05-25 00:00:00,2025-05-25 04:00:00,2025-05-30 20:00:00,1.9900780487804877,True,True,False,False
REZUSDT,2025-08-29 04:00:00,2025-08-29 08:00:00,2025-08-30 08:00:00,-1.0208271604938273,True,True,True,False
REZUSDT,2025-09-04 12:00:00,2025-09-04 16:00:00,2025-09-09 04:00:00,-1.0151366336633665,True,True,True,False
REZUSDT,2025-10-04 12:00:00,2025-10-04 16:00:00,2025-10-05 04:00:00,-1.0154130841121496,True,False,True,False
REZUSDT,2025-10-21 00:00:00,2025-10-21 04:00:00,2025-10-29 00:00:00,1.4287191919191915,True,True,True,False
REZUSDT,2025-11-28 04:00:00,2025-11-28 08:00:00,2025-12-06 04:00:00,1.1806737179487188,True,True,True,False
REZUSDT,2025-12-09 08:00:00,2025-12-09 12:00:00,2025-12-15 16:00:00,1.9898956175298803,True,True,True,False
REZUSDT,2025-12-17 12:00:00,2025-12-17 16:00:00,2025-12-20 16:00:00,-1.0192174174174176,True,True,True,False
REZUSDT,2025-12-24 04:00:00,2025-12-24 08:00:00,2025-12-25 04:00:00,-1.0279809954751131,True,True,True,False
REZUSDT,2025-12-28 16:00:00,2025-12-28 20:00:00,2025-12-30 08:00:00,-1.030532057416268,True,True,True,False
REZUSDT,2026-01-29 08:00:00,2026-01-29 12:00:00,2026-01-31 16:00:00,1.98790245398773,True,True,True,False
REZUSDT,2026-02-22 00:00:00,2026-02-22 04:00:00,2026-02-23 00:00:00,1.9789039999999998,True,True,True,False
REZUSDT,2026-02-28 00:00:00,2026-02-28 04:00:00,2026-03-04 12:00:00,-1.0324032258064515,True,True,True,False
REZUSDT,2026-03-27 16:00:00,2026-03-27 20:00:00,2026-04-02 12:00:00,-1.0155414141414143,True,False,False,False
REZUSDT,2026-05-07 00:00:00,2026-05-07 04:00:00,2026-05-07 04:00:00,-1.0217311572700298,True,False,False,False
REZUSDT,2026-05-17 20:00:00,2026-05-18 00:00:00,2026-05-22 16:00:00,1.9847362416107381,True,False,False,False
REZUSDT,2026-05-26 12:00:00,2026-05-26 16:00:00,2026-06-02 12:00:00,1.9871518272425248,True,True,False,False
REZUSDT,2026-06-09 12:00:00,2026-06-09 16:00:00,2026-06-14 04:00:00,-1.0152915492957748,True,True,True,False
REZUSDT,2026-06-23 12:00:00,2026-06-23 16:00:00,2026-07-01 12:00:00,0.39015671641791105,True,True,False,False
REZUSDT,2026-07-07 16:00:00,2026-07-07 20:00:00,2026-07-13 00:00:00,1.9848285714285712,True,True,False,False
REZUSDT,2026-07-17 04:00:00,2026-07-17 08:00:00,2026-07-19 12:00:00,-1.021436363636364,True,True,False,False
REZUSDT,2026-08-04 16:00:00,2026-08-04 20:00:00,2026-08-07 08:00:00,-1.0301237288135592,True,True,False,False
REZUSDT,2026-08-18 00:00:00,2026-08-18 04:00:00,2026-08-19 20:00:00,-1.0258853146853146,True,False,False,False
RIFUSDT,2024-09-28 12:00:00,2024-09-28 16:00:00,2024-09-29 16:00:00,-1.0177420560747665,True,False,False,False
RIFUSDT,2024-10-02 16:00:00,2024-10-02 20:00:00,2024-10-06 12:00:00,-1.0169105812220567,True,False,False,False
RIFUSDT,2024-10-09 16:00:00,2024-10-09 20:00:00,2024-10-11 20:00:00,-1.0290193853427896,True,False,False,False
RIFUSDT,2024-10-17 04:00:00,2024-10-17 08:00:00,2024-10-20 12:00:00,-1.0156747826086958,True,False,False,False
RIFUSDT,2024-10-23 12:00:00,2024-10-23 16:00:00,2024-10-25 00:00:00,-1.0144777027027028,True,False,False,False
RIFUSDT,2024-11-29 16:00:00,2024-11-29 20:00:00,2024-12-01 00:00:00,-1.0328702127659575,True,False,False,False
RIFUSDT,2024-12-14 08:00:00,2024-12-14 12:00:00,2024-12-18 00:00:00,1.9812391035548684,True,False,False,False
RIFUSDT,2025-01-01 08:00:00,2025-01-01 12:00:00,2025-01-02 04:00:00,-1.0196723098995697,True,True,True,False
RIFUSDT,2025-01-18 16:00:00,2025-01-18 20:00:00,2025-01-26 16:00:00,1.1143600891861771,True,True,True,False
RIFUSDT,2025-01-27 00:00:00,2025-01-27 04:00:00,2025-02-02 16:00:00,1.9889,True,True,True,False
RIFUSDT,2025-02-08 08:00:00,2025-02-08 12:00:00,2025-02-09 08:00:00,-1.01981055408971,True,True,True,False
RIFUSDT,2025-02-18 04:00:00,2025-02-18 08:00:00,2025-02-25 04:00:00,1.9857852173913042,True,True,True,False
RIFUSDT,2025-02-28 00:00:00,2025-02-28 04:00:00,2025-03-02 16:00:00,-1.0165460957178842,True,True,True,False
RIFUSDT,2025-03-16 08:00:00,2025-03-16 12:00:00,2025-03-17 12:00:00,-1.0387020134228186,True,True,True,False
RIFUSDT,2025-03-27 08:00:00,2025-03-27 12:00:00,2025-03-29 08:00:00,1.9804485714285711,True,True,True,False
RIFUSDT,2025-04-05 12:00:00,2025-04-05 16:00:00,2025-04-06 16:00:00,1.9844642857142856,True,True,True,False
RIFUSDT,2025-04-16 12:00:00,2025-04-16 16:00:00,2025-04-18 16:00:00,-1.0266,True,True,True,False
RIFUSDT,2025-04-29 20:00:00,2025-04-30 00:00:00,2025-05-03 04:00:00,-1.0163763157894738,True,False,False,False
RIFUSDT,2025-05-17 00:00:00,2025-05-17 04:00:00,2025-05-23 00:00:00,-1.0181901408450706,True,False,False,False
RIFUSDT,2025-05-30 16:00:00,2025-05-30 20:00:00,2025-06-07 16:00:00,-0.04098190954773867,True,False,False,False
RIFUSDT,2025-06-18 08:00:00,2025-06-18 12:00:00,2025-06-26 08:00:00,-0.7917217592592596,True,True,True,False
RIFUSDT,2025-07-01 12:00:00,2025-07-01 16:00:00,2025-07-02 20:00:00,-1.020003324099723,True,False,True,False
RIFUSDT,2025-07-23 16:00:00,2025-07-23 20:00:00,2025-07-28 12:00:00,-1.024652,True,False,False,False
RIFUSDT,2025-07-31 20:00:00,2025-08-01 00:00:00,2025-08-08 20:00:00,-0.19493232104121488,True,False,False,False
RIFUSDT,2025-08-11 20:00:00,2025-08-12 00:00:00,2025-08-12 20:00:00,-1.0292334572490704,True,False,False,False
RIFUSDT,2025-08-29 08:00:00,2025-08-29 12:00:00,2025-09-06 08:00:00,0.04169672131147516,True,True,True,False
RIFUSDT,2025-09-21 20:00:00,2025-09-22 00:00:00,2025-09-22 04:00:00,1.9701637837837838,True,False,False,False
RIFUSDT,2025-09-25 04:00:00,2025-09-25 08:00:00,2025-10-03 04:00:00,-0.07729780219780077,True,False,True,False
RIFUSDT,2025-10-05 16:00:00,2025-10-05 20:00:00,2025-10-10 20:00:00,1.975837799043062,True,True,True,False
RIFUSDT,2025-10-16 16:00:00,2025-10-16 20:00:00,2025-10-24 16:00:00,-0.0997186119873818,True,True,True,False
RIFUSDT,2025-10-28 20:00:00,2025-10-29 00:00:00,2025-11-03 12:00:00,1.9835644531249998,True,True,True,False
RIFUSDT,2025-11-11 20:00:00,2025-11-12 00:00:00,2025-11-13 16:00:00,-1.0217076363636366,True,True,True,False
RIFUSDT,2025-11-19 16:00:00,2025-11-19 20:00:00,2025-11-20 12:00:00,-1.0219275,True,True,True,False
RIFUSDT,2025-11-21 04:00:00,2025-11-21 08:00:00,2025-11-29 04:00:00,-0.5981379310344832,True,True,True,False
RIFUSDT,2025-12-01 00:00:00,2025-12-01 04:00:00,2025-12-09 00:00:00,0.1869911564625835,True,True,True,False
RIFUSDT,2025-12-11 00:00:00,2025-12-11 04:00:00,2025-12-17 20:00:00,1.9858554054054052,True,True,True,False
RIFUSDT,2025-12-31 16:00:00,2025-12-31 20:00:00,2026-01-01 16:00:00,-1.0470921568627451,True,True,True,False
RIFUSDT,2026-01-11 08:00:00,2026-01-11 12:00:00,2026-01-14 04:00:00,-1.027318918918919,True,False,False,False
RIFUSDT,2026-01-19 00:00:00,2026-01-19 04:00:00,2026-01-22 04:00:00,-1.0195448818897639,True,False,False,False
RIFUSDT,2026-01-28 00:00:00,2026-01-28 04:00:00,2026-01-31 00:00:00,-1.0182888059701494,True,False,True,False
RIFUSDT,2026-02-23 00:00:00,2026-02-23 04:00:00,2026-02-23 20:00:00,-1.0271903614457831,True,True,True,False
RIFUSDT,2026-02-27 12:00:00,2026-02-27 16:00:00,2026-03-04 08:00:00,-1.0239946524064172,True,True,True,False
RIFUSDT,2026-04-12 12:00:00,2026-04-12 16:00:00,2026-04-13 08:00:00,-1.0412881355932202,True,False,False,False
RIFUSDT,2026-05-18 04:00:00,2026-05-18 08:00:00,2026-05-21 04:00:00,-1.0153714285714288,True,False,False,False
RIFUSDT,2026-06-01 00:00:00,2026-06-01 04:00:00,2026-06-01 12:00:00,-1.019575492341357,True,False,False,False
RIFUSDT,2026-08-09 04:00:00,2026-08-09 08:00:00,2026-08-10 04:00:00,-1.0147393258426967,True,True,False,False
RONINUSDT,2024-09-06 16:00:00,2024-09-06 20:00:00,2024-09-10 16:00:00,-1.015556782334385,True,False,False,True
RONINUSDT,2024-09-15 16:00:00,2024-09-15 20:00:00,2024-09-19 00:00:00,-1.050941605839416,True,False,False,True
RONINUSDT,2024-10-02 16:00:00,2024-10-02 20:00:00,2024-10-10 16:00:00,1.181944463373084,True,False,False,False
RONINUSDT,2024-10-17 08:00:00,2024-10-17 12:00:00,2024-10-19 04:00:00,-1.0162104150943398,True,False,False,False
RONINUSDT,2024-10-23 08:00:00,2024-10-23 12:00:00,2024-10-31 08:00:00,0.7601817232375971,True,False,False,False
RONINUSDT,2024-10-31 16:00:00,2024-10-31 20:00:00,2024-11-08 16:00:00,0.18157911344853495,True,True,True,False
RONINUSDT,2024-11-20 08:00:00,2024-11-20 12:00:00,2024-11-23 00:00:00,-1.017649180327869,True,True,False,False
RONINUSDT,2024-12-16 08:00:00,2024-12-16 12:00:00,2024-12-16 16:00:00,-1.0187914728682173,True,False,False,False
RONINUSDT,2024-12-30 12:00:00,2024-12-30 16:00:00,2025-01-01 00:00:00,-1.0212514003294895,True,True,True,False
RONINUSDT,2025-01-07 12:00:00,2025-01-07 16:00:00,2025-01-15 12:00:00,-0.08612999999999967,True,False,True,False
RONINUSDT,2025-01-18 00:00:00,2025-01-18 04:00:00,2025-01-26 00:00:00,1.4572375262054478,True,True,True,False
RONINUSDT,2025-01-26 20:00:00,2025-01-27 00:00:00,2025-01-27 04:00:00,1.968910151187905,True,True,True,False
RONINUSDT,2025-02-24 00:00:00,2025-02-24 04:00:00,2025-02-25 04:00:00,1.9888039999999998,True,True,True,False
RONINUSDT,2025-03-09 04:00:00,2025-03-09 08:00:00,2025-03-10 16:00:00,1.9869978405315614,True,True,True,False
RONINUSDT,2025-03-21 12:00:00,2025-03-21 16:00:00,2025-03-24 04:00:00,-1.020591102514507,True,True,True,False
RONINUSDT,2025-03-26 20:00:00,2025-03-27 00:00:00,2025-03-29 04:00:00,1.9807983651226155,True,True,True,False
RONINUSDT,2025-04-06 08:00:00,2025-04-06 12:00:00,2025-04-06 16:00:00,1.9820449999999998,True,True,True,False
RONINUSDT,2025-04-13 12:00:00,2025-04-13 16:00:00,2025-04-21 12:00:00,-0.24643491379310195,True,True,True,False
RONINUSDT,2025-05-04 20:00:00,2025-05-05 00:00:00,2025-05-08 16:00:00,-1.0163364238410597,True,True,False,False
RONINUSDT,2025-05-13 00:00:00,2025-05-13 04:00:00,2025-05-13 16:00:00,-1.01761797752809,True,False,False,False
RONINUSDT,2025-05-17 00:00:00,2025-05-17 04:00:00,2025-05-19 16:00:00,-1.0204576576576578,True,False,False,False
RONINUSDT,2025-05-28 04:00:00,2025-05-28 08:00:00,2025-06-05 04:00:00,1.7278874316939872,True,False,False,False
RONINUSDT,2025-06-14 12:00:00,2025-06-14 16:00:00,2025-06-16 12:00:00,-1.0162912114014253,True,True,True,False
RONINUSDT,2025-06-20 16:00:00,2025-06-20 20:00:00,2025-06-22 16:00:00,1.9825741379310342,True,True,True,False
RONINUSDT,2025-07-07 20:00:00,2025-07-08 00:00:00,2025-07-09 12:00:00,-1.0345675392670157,True,True,True,False
RONINUSDT,2025-07-23 16:00:00,2025-07-23 20:00:00,2025-07-24 12:00:00,-1.0218376731301941,True,False,False,False
RONINUSDT,2025-07-31 20:00:00,2025-08-01 00:00:00,2025-08-08 20:00:00,-0.7546875647668395,True,False,False,False
RONINUSDT,2025-08-15 12:00:00,2025-08-15 16:00:00,2025-08-23 12:00:00,-0.37634687500000047,True,False,False,False
RONINUSDT,2025-08-29 04:00:00,2025-08-29 08:00:00,2025-09-06 04:00:00,1.1436444444444402,True,True,True,False
RONINUSDT,2025-09-14 12:00:00,2025-09-14 16:00:00,2025-09-21 08:00:00,-1.0299999999999998,True,True,False,False
RONINUSDT,2025-10-04 12:00:00,2025-10-04 16:00:00,2025-10-05 08:00:00,-1.0348452631578946,True,True,True,False
RONINUSDT,2025-10-07 12:00:00,2025-10-07 16:00:00,2025-10-10 20:00:00,1.9822033472803344,True,True,False,False
RONINUSDT,2025-10-16 16:00:00,2025-10-16 20:00:00,2025-10-24 16:00:00,0.004618082191780226,True,True,True,False
RONINUSDT,2025-10-28 00:00:00,2025-10-28 04:00:00,2025-11-03 12:00:00,1.9888958620689654,True,True,True,False
RONINUSDT,2025-11-11 04:00:00,2025-11-11 08:00:00,2025-11-16 08:00:00,1.9856590163934424,True,True,True,False
RONINUSDT,2025-11-22 12:00:00,2025-11-22 16:00:00,2025-11-25 12:00:00,1.9876819999999997,True,True,True,False
RONINUSDT,2025-11-29 04:00:00,2025-11-29 08:00:00,2025-12-01 00:00:00,1.9821329545454542,True,True,True,False
RONINUSDT,2025-12-17 12:00:00,2025-12-17 16:00:00,2025-12-23 04:00:00,1.980902739726027,True,True,True,False
RONINUSDT,2025-12-25 20:00:00,2025-12-26 00:00:00,2026-01-01 12:00:00,-1.0205076923076926,True,True,True,False
RONINUSDT,2026-01-08 00:00:00,2026-01-08 04:00:00,2026-01-13 20:00:00,-1.0236144578313253,True,True,False,False
RONINUSDT,2026-02-03 20:00:00,2026-02-04 00:00:00,2026-02-05 20:00:00,1.9878736842105262,True,True,True,False
RONINUSDT,2026-02-15 16:00:00,2026-02-15 20:00:00,2026-02-21 20:00:00,-1.015588764044944,True,True,True,False
RONINUSDT,2026-03-05 12:00:00,2026-03-05 16:00:00,2026-03-10 16:00:00,-1.019373529411765,True,True,True,False
RONINUSDT,2026-03-15 12:00:00,2026-03-15 16:00:00,2026-03-16 04:00:00,-1.0234561403508773,True,True,True,False
RONINUSDT,2026-03-18 12:00:00,2026-03-18 16:00:00,2026-03-26 12:00:00,1.0863056179775294,True,True,False,False
RONINUSDT,2026-04-05 12:00:00,2026-04-05 16:00:00,2026-04-06 16:00:00,-1.015437837837838,True,True,False,False
RONINUSDT,2026-04-23 04:00:00,2026-04-23 08:00:00,2026-04-24 12:00:00,-1.0241888888888888,True,False,False,False
RONINUSDT,2026-04-29 12:00:00,2026-04-29 16:00:00,2026-05-06 00:00:00,-1.0215870967741938,True,False,False,False
RONINUSDT,2026-05-22 08:00:00,2026-05-22 12:00:00,2026-05-23 04:00:00,1.9807282608695649,True,False,False,False
RONINUSDT,2026-05-24 08:00:00,2026-05-24 12:00:00,2026-05-27 00:00:00,-1.0254916666666667,True,True,False,False
RONINUSDT,2026-06-23 04:00:00,2026-06-23 08:00:00,2026-07-01 04:00:00,1.1473660377358488,True,True,False,False
RONINUSDT,2026-07-07 04:00:00,2026-07-07 08:00:00,2026-07-13 20:00:00,1.9846764534883719,True,True,False,False
RONINUSDT,2026-07-23 20:00:00,2026-07-24 00:00:00,2026-07-28 12:00:00,1.9798164556962023,True,True,False,False
RONINUSDT,2026-08-12 12:00:00,2026-08-12 16:00:00,2026-08-14 16:00:00,-1.0451272727272727,True,True,False,False
RPLUSDT,2024-09-15 20:00:00,2024-09-16 00:00:00,2024-09-19 16:00:00,-1.0270666666666666,True,False,False,True
RPLUSDT,2024-10-25 20:00:00,2024-10-26 00:00:00,2024-11-02 20:00:00,0.5256692836113825,True,False,False,False
RPLUSDT,2024-11-04 20:00:00,2024-11-05 00:00:00,2024-11-06 00:00:00,-1.020069677419355,True,True,True,False
RPLUSDT,2025-01-13 00:00:00,2025-01-13 04:00:00,2025-01-15 16:00:00,-1.0179200000000002,True,True,True,False
RPLUSDT,2025-01-18 04:00:00,2025-01-18 08:00:00,2025-01-26 04:00:00,1.1319765784114053,True,True,True,False
RPLUSDT,2025-01-27 00:00:00,2025-01-27 04:00:00,2025-02-02 16:00:00,1.990645085995086,True,True,True,False
RPLUSDT,2025-02-08 00:00:00,2025-02-08 04:00:00,2025-02-09 00:00:00,-1.0152925143953937,True,True,True,False
RPLUSDT,2025-02-15 08:00:00,2025-02-15 12:00:00,2025-02-23 08:00:00,1.126921861777151,True,True,True,False
RPLUSDT,2025-02-24 12:00:00,2025-02-24 16:00:00,2025-03-04 00:00:00,1.9898590909090907,True,True,True,False
RPLUSDT,2025-03-09 08:00:00,2025-03-09 12:00:00,2025-03-17 08:00:00,0.8652364705882353,True,True,True,False
RPLUSDT,2025-03-28 00:00:00,2025-03-28 04:00:00,2025-03-31 08:00:00,1.9882323308270675,True,True,True,False
RPLUSDT,2025-04-02 00:00:00,2025-04-02 04:00:00,2025-04-06 16:00:00,1.988554867256637,True,True,True,False
RPLUSDT,2025-04-16 04:00:00,2025-04-16 08:00:00,2025-04-19 00:00:00,-1.0144208333333335,True,True,True,False
RPLUSDT,2025-05-03 08:00:00,2025-05-03 12:00:00,2025-05-08 16:00:00,-1.0230784615384614,True,False,False,False
RPLUSDT,2025-05-16 16:00:00,2025-05-16 20:00:00,2025-05-24 16:00:00,0.9358339869281058,True,False,False,False
RPLUSDT,2025-05-25 00:00:00,2025-05-25 04:00:00,2025-05-27 16:00:00,-1.0230975778546711,True,False,False,False
RPLUSDT,2025-06-20 16:00:00,2025-06-20 20:00:00,2025-06-28 16:00:00,0.6690935064935084,True,False,True,False
RPLUSDT,2025-08-29 04:00:00,2025-08-29 08:00:00,2025-09-06 04:00:00,1.1807201535508638,True,False,True,False
RPLUSDT,2025-09-06 16:00:00,2025-09-06 20:00:00,2025-09-12 20:00:00,-1.0209064439140814,True,True,True,False
RPLUSDT,2025-09-21 08:00:00,2025-09-21 12:00:00,2025-09-22 04:00:00,1.9809042105263155,True,True,False,False
RPLUSDT,2025-09-25 04:00:00,2025-09-25 08:00:00,2025-09-30 12:00:00,1.9863184438040344,True,True,True,False
RPLUSDT,2025-10-07 16:00:00,2025-10-07 20:00:00,2025-10-10 20:00:00,1.990844050104384,True,True,False,False
RPLUSDT,2025-10-22 08:00:00,2025-10-22 12:00:00,2025-10-26 20:00:00,-1.0143640866873067,True,True,True,False
RPLUSDT,2025-11-16 16:00:00,2025-11-16 20:00:00,2025-11-21 04:00:00,1.9890305439330542,True,True,True,False
RPLUSDT,2025-11-29 16:00:00,2025-11-29 20:00:00,2025-12-01 00:00:00,1.9744258426966288,True,True,True,False
RPLUSDT,2025-12-14 12:00:00,2025-12-14 16:00:00,2025-12-17 12:00:00,1.984390163934426,True,True,True,False
RPLUSDT,2025-12-23 12:00:00,2025-12-23 16:00:00,2025-12-24 20:00:00,-1.0177300000000002,True,True,True,False
RPLUSDT,2026-01-11 20:00:00,2026-01-12 00:00:00,2026-01-13 16:00:00,-1.0234876033057851,True,True,False,False
RPLUSDT,2026-01-25 12:00:00,2026-01-25 16:00:00,2026-01-31 12:00:00,1.9797499999999997,True,True,True,False
RPLUSDT,2026-02-04 12:00:00,2026-02-04 16:00:00,2026-02-06 00:00:00,1.9908536144578313,True,True,True,False
RPLUSDT,2026-02-11 04:00:00,2026-02-11 08:00:00,2026-02-12 08:00:00,-1.0164838709677422,True,True,True,False
RPLUSDT,2026-03-07 20:00:00,2026-03-08 00:00:00,2026-03-10 00:00:00,-1.017087671232877,True,True,True,False
RPLUSDT,2026-03-21 20:00:00,2026-03-22 00:00:00,2026-03-29 20:00:00,1.2438053097345132,True,True,False,False
RPLUSDT,2026-04-05 04:00:00,2026-04-05 08:00:00,2026-04-08 00:00:00,-1.0197898305084747,True,True,False,False
RPLUSDT,2026-04-13 04:00:00,2026-04-13 08:00:00,2026-04-14 12:00:00,-1.0181679389312979,True,True,False,False
RPLUSDT,2026-05-13 12:00:00,2026-05-13 16:00:00,2026-05-17 20:00:00,1.987444366197183,True,False,False,False
RPLUSDT,2026-05-22 16:00:00,2026-05-22 20:00:00,2026-05-30 16:00:00,0.5821050505050512,True,True,False,False
RPLUSDT,2026-06-02 12:00:00,2026-06-02 16:00:00,2026-06-05 12:00:00,1.9887682926829267,True,True,False,False
RPLUSDT,2026-06-18 00:00:00,2026-06-18 04:00:00,2026-06-23 08:00:00,1.9792549999999998,True,True,False,False
RPLUSDT,2026-06-24 16:00:00,2026-06-24 20:00:00,2026-06-25 16:00:00,-1.0254470588235294,True,True,True,False
RPLUSDT,2026-06-30 04:00:00,2026-06-30 08:00:00,2026-06-30 20:00:00,-1.0259095890410959,True,True,True,False
RPLUSDT,2026-07-22 04:00:00,2026-07-22 08:00:00,2026-07-29 20:00:00,1.9859133928571426,True,False,False,False
RPLUSDT,2026-08-08 00:00:00,2026-08-08 04:00:00,2026-08-08 12:00:00,-1.0347704918032785,True,True,False,False
RPLUSDT,2026-08-10 12:00:00,2026-08-10 16:00:00,2026-08-14 12:00:00,1.98369156626506,True,True,False,False
RPLUSDT,2026-08-18 00:00:00,2026-08-18 04:00:00,2026-08-19 08:00:00,-1.0433023255813954,True,True,False,False
RVVUSDT,2025-11-19 12:00:00,2025-11-19 16:00:00,2025-11-20 16:00:00,-1.017116788321168,True,False,True,False
RVVUSDT,2025-12-14 12:00:00,2025-12-14 16:00:00,2025-12-15 16:00:00,1.9881429090909088,True,True,True,False
SAFEUSDT,2024-11-24 12:00:00,2024-11-24 16:00:00,2024-11-25 00:00:00,-1.0152264957264958,True,False,False,False
SAFEUSDT,2024-12-17 12:00:00,2024-12-17 16:00:00,2024-12-19 16:00:00,1.98851137088204,True,False,False,False
SAFEUSDT,2025-01-18 04:00:00,2025-01-18 08:00:00,2025-01-26 04:00:00,1.0978958100558671,True,True,True,False
SAFEUSDT,2025-02-05 20:00:00,2025-02-06 00:00:00,2025-02-12 12:00:00,-1.0190873239436622,True,True,True,False
SAFEUSDT,2025-02-17 16:00:00,2025-02-17 20:00:00,2025-02-25 00:00:00,1.9906270979020977,True,True,True,False
SAFEUSDT,2025-03-01 08:00:00,2025-03-01 12:00:00,2025-03-02 12:00:00,-1.0189451612903226,True,True,True,False
SAFEUSDT,2025-04-15 20:00:00,2025-04-16 00:00:00,2025-04-23 00:00:00,-1.0200233676975947,True,True,True,False
SAFEUSDT,2025-05-03 08:00:00,2025-05-03 12:00:00,2025-05-06 00:00:00,-1.02045626911315,True,False,False,False
SAFEUSDT,2025-05-17 00:00:00,2025-05-17 04:00:00,2025-05-22 08:00:00,-1.018815384615385,True,False,False,False
SAFEUSDT,2025-06-17 12:00:00,2025-06-17 16:00:00,2025-06-22 16:00:00,1.9882775,True,True,True,False
SAFEUSDT,2025-07-28 12:00:00,2025-07-28 16:00:00,2025-07-31 20:00:00,1.9838923076923074,True,False,False,False
SAFEUSDT,2025-08-11 08:00:00,2025-08-11 12:00:00,2025-08-13 08:00:00,-1.0214123287671235,True,False,False,False
SAFEUSDT,2025-08-19 16:00:00,2025-08-19 20:00:00,2025-08-22 20:00:00,-1.0159662049861498,True,True,False,False
SAFEUSDT,2025-09-01 00:00:00,2025-09-01 04:00:00,2025-09-09 00:00:00,-0.7112913461538461,True,True,True,False
SAFEUSDT,2025-09-15 08:00:00,2025-09-15 12:00:00,2025-09-23 08:00:00,1.0190100000000015,True,False,False,False
SAFEUSDT,2025-09-30 00:00:00,2025-09-30 04:00:00,2025-10-01 12:00:00,-1.0255917098445595,True,True,True,False
SAFEUSDT,2025-10-08 00:00:00,2025-10-08 04:00:00,2025-10-10 20:00:00,1.9909569014084505,True,True,True,False
SAFEUSDT,2025-11-11 20:00:00,2025-11-12 00:00:00,2025-11-14 04:00:00,1.9896627118644066,True,True,True,False
SAFEUSDT,2025-11-16 12:00:00,2025-11-16 16:00:00,2025-11-24 12:00:00,0.317071014492753,True,True,True,False
SAFEUSDT,2025-12-11 00:00:00,2025-12-11 04:00:00,2025-12-18 16:00:00,1.9898563909774434,True,True,True,False
SAFEUSDT,2025-12-31 16:00:00,2025-12-31 20:00:00,2026-01-02 00:00:00,-1.0231590361445784,True,True,True,False
SAFEUSDT,2026-01-31 00:00:00,2026-01-31 04:00:00,2026-02-05 08:00:00,1.9887971428571427,True,True,True,False
SAFEUSDT,2026-02-11 04:00:00,2026-02-11 08:00:00,2026-02-12 00:00:00,-1.019376811594203,True,True,True,False
SAFEUSDT,2026-02-27 16:00:00,2026-02-27 20:00:00,2026-03-04 08:00:00,-1.0232262295081966,True,True,True,False
SAFEUSDT,2026-03-22 04:00:00,2026-03-22 08:00:00,2026-03-30 04:00:00,0.9784696969696989,True,True,False,False
SAFEUSDT,2026-05-02 08:00:00,2026-05-02 12:00:00,2026-05-08 12:00:00,-1.0155344000000002,True,False,False,False
SAFEUSDT,2026-05-15 12:00:00,2026-05-15 16:00:00,2026-05-22 00:00:00,-1.016485,True,False,False,False
SAFEUSDT,2026-05-26 00:00:00,2026-05-26 04:00:00,2026-06-01 08:00:00,1.98755,True,False,False,False
SAFEUSDT,2026-06-10 08:00:00,2026-06-10 12:00:00,2026-06-11 16:00:00,-1.0266,True,True,True,False
SAFEUSDT,2026-06-24 12:00:00,2026-06-24 16:00:00,2026-06-25 08:00:00,-1.0206037735849058,True,True,True,False
SAFEUSDT,2026-07-24 12:00:00,2026-07-24 16:00:00,2026-07-26 12:00:00,-1.0193421052631582,True,True,False,False
SAFEUSDT,2026-08-12 12:00:00,2026-08-12 16:00:00,2026-08-20 12:00:00,-0.02060360065466447,True,True,False,False
SAGAUSDT,2024-09-13 08:00:00,2024-09-13 12:00:00,2024-09-13 12:00:00,-1.017660402684564,True,False,False,True
SAGAUSDT,2024-09-27 16:00:00,2024-09-27 20:00:00,2024-09-29 12:00:00,-1.0151876623376626,True,False,False,False
SAGAUSDT,2024-10-21 08:00:00,2024-10-21 12:00:00,2024-10-24 12:00:00,1.9880714426877468,True,False,False,False
SAGAUSDT,2025-02-24 04:00:00,2025-02-24 08:00:00,2025-02-24 20:00:00,1.9902169039145907,True,True,True,False
SAGAUSDT,2025-03-31 04:00:00,2025-03-31 08:00:00,2025-04-03 08:00:00,1.986718316831683,True,True,True,False
SAGAUSDT,2025-05-02 04:00:00,2025-05-02 08:00:00,2025-05-06 08:00:00,1.9900345454545454,True,False,False,False
SAGAUSDT,2025-05-30 00:00:00,2025-05-30 04:00:00,2025-05-30 20:00:00,1.9902900621118012,True,False,False,False
SAGAUSDT,2025-06-21 16:00:00,2025-06-21 20:00:00,2025-06-23 20:00:00,-1.0172327272727275,True,True,True,False
SAGAUSDT,2025-08-29 12:00:00,2025-08-29 16:00:00,2025-09-06 12:00:00,0.671626519337017,True,True,True,False
SAGAUSDT,2025-09-10 16:00:00,2025-09-10 20:00:00,2025-09-11 04:00:00,-1.0250842105263158,True,True,True,False
SAGAUSDT,2025-09-19 12:00:00,2025-09-19 16:00:00,2025-09-21 04:00:00,-1.0150379310344828,True,False,False,False
SAGAUSDT,2025-09-25 08:00:00,2025-09-25 12:00:00,2025-10-02 16:00:00,-1.0161586592178773,True,True,True,False
SAGAUSDT,2025-10-05 16:00:00,2025-10-05 20:00:00,2025-10-06 16:00:00,-1.0173397590361448,True,True,True,False
SAGAUSDT,2025-10-10 12:00:00,2025-10-10 16:00:00,2025-10-10 20:00:00,1.989008387096774,True,True,True,False
SAGAUSDT,2025-10-21 04:00:00,2025-10-21 08:00:00,2025-10-29 04:00:00,1.4265442307692295,True,True,True,False
SAGAUSDT,2025-11-17 16:00:00,2025-11-17 20:00:00,2025-11-18 16:00:00,-1.0165030303030305,True,True,True,False
SAGAUSDT,2025-11-28 00:00:00,2025-11-28 04:00:00,2025-12-01 12:00:00,1.9891338235294116,True,True,True,False
SAGAUSDT,2025-12-05 08:00:00,2025-12-05 12:00:00,2025-12-12 04:00:00,-1.0206791666666668,True,True,True,False
SAGAUSDT,2025-12-29 12:00:00,2025-12-29 16:00:00,2026-01-02 00:00:00,-1.0155952848722987,True,True,True,False
SAGAUSDT,2026-01-11 20:00:00,2026-01-12 00:00:00,2026-01-13 16:00:00,-1.026058064516129,True,True,False,False
SAGAUSDT,2026-01-20 04:00:00,2026-01-20 08:00:00,2026-01-25 16:00:00,1.9905581818181817,True,True,True,False
SAGAUSDT,2026-01-29 04:00:00,2026-01-29 08:00:00,2026-01-31 08:00:00,1.9860942372881354,True,True,True,False
SAGAUSDT,2026-02-10 20:00:00,2026-02-11 00:00:00,2026-02-11 20:00:00,-1.0201250000000002,True,True,True,False
SAGAUSDT,2026-02-18 16:00:00,2026-02-18 20:00:00,2026-02-26 16:00:00,0.5356108843537417,True,True,True,False
SAGAUSDT,2026-02-28 04:00:00,2026-02-28 08:00:00,2026-03-03 12:00:00,-1.0140000000000002,True,True,True,False
SAGAUSDT,2026-03-15 12:00:00,2026-03-15 16:00:00,2026-03-23 12:00:00,0.9577120805369148,True,True,True,False
SAGAUSDT,2026-03-26 08:00:00,2026-03-26 12:00:00,2026-04-03 08:00:00,0.4177245454545455,True,True,False,False
SAGAUSDT,2026-04-12 00:00:00,2026-04-12 04:00:00,2026-04-16 08:00:00,-1.022614117647059,True,True,False,False
SAGAUSDT,2026-05-08 04:00:00,2026-05-08 08:00:00,2026-05-09 00:00:00,-1.0166133333333334,True,True,False,False
SAGAUSDT,2026-05-22 16:00:00,2026-05-22 20:00:00,2026-05-25 04:00:00,-1.0163277108433737,True,True,False,False
SAGAUSDT,2026-05-31 12:00:00,2026-05-31 16:00:00,2026-06-04 00:00:00,1.9801887499999997,True,True,True,False
SAGAUSDT,2026-06-30 04:00:00,2026-06-30 08:00:00,2026-07-01 12:00:00,-1.0225417721518988,True,True,True,False
SAGAUSDT,2026-07-13 00:00:00,2026-07-13 04:00:00,2026-07-20 08:00:00,-1.0315890909090908,True,True,False,False
SAGAUSDT,2026-07-27 04:00:00,2026-07-27 08:00:00,2026-07-29 20:00:00,1.9783499999999998,True,False,False,False
SAGAUSDT,2026-08-11 04:00:00,2026-08-11 08:00:00,2026-08-19 04:00:00,0.8925454545454552,True,False,False,False
SANTOSUSDT,2024-11-20 00:00:00,2024-11-20 04:00:00,2024-11-23 04:00:00,-1.0186588628762543,True,False,False,False
SANTOSUSDT,2024-12-13 20:00:00,2024-12-14 00:00:00,2024-12-19 00:00:00,1.9907054545454543,True,False,False,False
SANTOSUSDT,2024-12-30 12:00:00,2024-12-30 16:00:00,2025-01-03 12:00:00,-1.0231251282051281,True,True,True,False
SANTOSUSDT,2025-01-13 04:00:00,2025-01-13 08:00:00,2025-01-15 16:00:00,-1.020622549019608,True,True,True,False
SANTOSUSDT,2025-01-18 04:00:00,2025-01-18 08:00:00,2025-01-20 00:00:00,1.9866730769230767,True,True,True,False
SANTOSUSDT,2025-01-27 04:00:00,2025-01-27 08:00:00,2025-01-27 20:00:00,-1.0148000000000001,True,True,True,False
SANTOSUSDT,2025-02-08 00:00:00,2025-02-08 04:00:00,2025-02-09 04:00:00,-1.0180010928961751,True,True,True,False
SANTOSUSDT,2025-02-17 16:00:00,2025-02-17 20:00:00,2025-02-25 04:00:00,1.9847612244897956,True,True,True,False
SANTOSUSDT,2025-03-21 08:00:00,2025-03-21 12:00:00,2025-03-25 16:00:00,-1.0336130841121494,True,False,True,False
SANTOSUSDT,2025-04-01 16:00:00,2025-04-01 20:00:00,2025-04-07 04:00:00,1.9870731843575418,True,False,True,False
SANTOSUSDT,2025-04-13 12:00:00,2025-04-13 16:00:00,2025-04-19 16:00:00,-1.039720930232558,True,True,True,False
SANTOSUSDT,2025-04-20 00:00:00,2025-04-20 04:00:00,2025-04-28 00:00:00,0.6550205479452023,True,True,True,False
SANTOSUSDT,2025-05-18 16:00:00,2025-05-18 20:00:00,2025-05-26 16:00:00,0.23573388429752093,True,False,False,False
SANTOSUSDT,2025-05-30 12:00:00,2025-05-30 16:00:00,2025-06-07 12:00:00,1.116598675496688,True,False,False,False
SANTOSUSDT,2025-06-13 00:00:00,2025-06-13 04:00:00,2025-06-21 00:00:00,1.1541588785046728,True,True,True,False
SANTOSUSDT,2025-06-21 16:00:00,2025-06-21 20:00:00,2025-06-29 16:00:00,0.11524639999999924,True,True,True,False
SANTOSUSDT,2025-07-23 16:00:00,2025-07-23 20:00:00,2025-07-27 08:00:00,-1.0225007194244604,True,False,False,False
SANTOSUSDT,2025-07-31 20:00:00,2025-08-01 00:00:00,2025-08-08 04:00:00,-1.015657142857143,True,False,False,False
SANTOSUSDT,2025-08-19 00:00:00,2025-08-19 04:00:00,2025-08-25 20:00:00,1.9897291666666665,True,False,False,False
SANTOSUSDT,2025-08-29 16:00:00,2025-08-29 20:00:00,2025-09-06 16:00:00,1.3739568627451002,True,True,True,False
SANTOSUSDT,2025-09-15 08:00:00,2025-09-15 12:00:00,2025-09-19 16:00:00,-1.0235252336448597,True,True,False,False
SANTOSUSDT,2025-09-22 04:00:00,2025-09-22 08:00:00,2025-09-26 16:00:00,-1.0192015384615387,True,True,False,False
SANTOSUSDT,2025-10-09 08:00:00,2025-10-09 12:00:00,2025-10-10 20:00:00,1.9771921052631576,True,False,True,False
SANTOSUSDT,2025-10-22 20:00:00,2025-10-23 00:00:00,2025-10-25 20:00:00,-1.015854700854701,True,True,True,False
SANTOSUSDT,2025-12-03 16:00:00,2025-12-03 20:00:00,2025-12-11 16:00:00,0.21931739130434863,True,False,True,False
SANTOSUSDT,2025-12-28 20:00:00,2025-12-29 00:00:00,2025-12-31 04:00:00,-1.0500723404255319,True,True,True,False
SANTOSUSDT,2026-01-07 12:00:00,2026-01-07 16:00:00,2026-01-10 20:00:00,-1.016668456375839,True,False,False,False
SANTOSUSDT,2026-01-25 04:00:00,2026-01-25 08:00:00,2026-01-29 12:00:00,1.985423776223776,True,False,True,False
SANTOSUSDT,2026-02-05 08:00:00,2026-02-05 12:00:00,2026-02-13 08:00:00,0.349922285714286,True,False,True,False
SANTOSUSDT,2026-02-26 08:00:00,2026-02-26 12:00:00,2026-02-28 04:00:00,1.9833898734177213,True,True,True,False
SANTOSUSDT,2026-03-06 12:00:00,2026-03-06 16:00:00,2026-03-14 12:00:00,-0.6013742574257421,True,True,True,False
SANTOSUSDT,2026-03-18 12:00:00,2026-03-18 16:00:00,2026-03-22 12:00:00,1.9895833333333333,True,True,False,False
SANTOSUSDT,2026-04-12 04:00:00,2026-04-12 08:00:00,2026-04-15 00:00:00,-1.028878431372549,True,True,False,False
SANTOSUSDT,2026-04-29 12:00:00,2026-04-29 16:00:00,2026-05-07 12:00:00,0.593896385542171,True,False,False,False
SANTOSUSDT,2026-05-13 12:00:00,2026-05-13 16:00:00,2026-05-21 12:00:00,1.2856536585365839,True,False,False,False
SANTOSUSDT,2026-05-22 20:00:00,2026-05-23 00:00:00,2026-05-26 20:00:00,1.9875542857142856,True,True,False,False
SANTOSUSDT,2026-05-28 04:00:00,2026-05-28 08:00:00,2026-06-02 08:00:00,-1.0192862068965518,True,True,True,False
SANTOSUSDT,2026-06-18 08:00:00,2026-06-18 12:00:00,2026-06-23 08:00:00,1.9867837647058821,True,True,False,False
SANTOSUSDT,2026-07-01 04:00:00,2026-07-01 08:00:00,2026-07-01 20:00:00,-1.0214815028901736,True,True,True,False
SANTOSUSDT,2026-07-05 08:00:00,2026-07-05 12:00:00,2026-07-13 00:00:00,1.9824246478873238,True,True,False,False
SANTOSUSDT,2026-07-17 04:00:00,2026-07-17 08:00:00,2026-07-25 04:00:00,0.4560845938375377,True,True,False,False
SANTOSUSDT,2026-07-27 12:00:00,2026-07-27 16:00:00,2026-08-04 12:00:00,0.37586386554621903,True,True,False,False
SANTOSUSDT,2026-08-12 20:00:00,2026-08-13 00:00:00,2026-08-20 08:00:00,-1.0198157099697887,True,True,False,False
SCRTUSDT,2025-01-13 00:00:00,2025-01-13 04:00:00,2025-01-17 20:00:00,-1.0158150943396227,True,True,True,False
SCRTUSDT,2025-02-15 16:00:00,2025-02-15 20:00:00,2025-02-23 16:00:00,-0.2140601694915251,True,True,True,False
SCRTUSDT,2025-03-06 16:00:00,2025-03-06 20:00:00,2025-03-11 00:00:00,1.986969565217391,True,True,True,False
SCRTUSDT,2025-04-02 04:00:00,2025-04-02 08:00:00,2025-04-06 16:00:00,1.9888235294117647,True,True,True,False
SCRTUSDT,2025-04-15 16:00:00,2025-04-15 20:00:00,2025-04-18 04:00:00,-1.0251416666666666,True,True,True,False
SCRTUSDT,2025-05-28 16:00:00,2025-05-28 20:00:00,2025-05-29 00:00:00,-1.0211938461538463,True,True,False,False
SCRTUSDT,2025-05-29 20:00:00,2025-05-30 00:00:00,2025-06-06 20:00:00,1.4626610778443094,True,True,False,False
SCRTUSDT,2025-06-18 08:00:00,2025-06-18 12:00:00,2025-06-26 08:00:00,0.344699346405229,True,True,True,False
SCRTUSDT,2025-07-01 04:00:00,2025-07-01 08:00:00,2025-07-03 04:00:00,-1.0169333333333335,True,True,True,False
SCRTUSDT,2025-07-23 16:00:00,2025-07-23 20:00:00,2025-07-31 16:00:00,0.9711499999999995,True,False,False,False
SCRTUSDT,2025-08-11 20:00:00,2025-08-12 00:00:00,2025-08-12 16:00:00,-1.0180489208633094,True,False,False,False
SCRTUSDT,2025-09-01 20:00:00,2025-09-02 00:00:00,2025-09-09 04:00:00,-1.0175731343283583,True,True,True,False
SCRTUSDT,2025-09-14 12:00:00,2025-09-14 16:00:00,2025-09-22 04:00:00,1.9862923076923076,True,False,False,False
SCRTUSDT,2025-09-25 16:00:00,2025-09-25 20:00:00,2025-10-01 12:00:00,-1.018043103448276,True,True,True,False
SCRTUSDT,2025-10-21 04:00:00,2025-10-21 08:00:00,2025-10-21 12:00:00,-1.0188102564102566,True,True,True,False
SCRTUSDT,2025-10-30 08:00:00,2025-10-30 12:00:00,2025-11-01 04:00:00,-1.0228153846153847,True,True,True,False
SCRTUSDT,2025-11-24 08:00:00,2025-11-24 12:00:00,2025-11-26 20:00:00,-1.0251645569620251,True,True,True,False
SCRTUSDT,2025-12-05 16:00:00,2025-12-05 20:00:00,2025-12-09 12:00:00,-1.0196471910112361,True,True,True,False
SCRTUSDT,2025-12-14 08:00:00,2025-12-14 12:00:00,2025-12-15 16:00:00,1.9809578947368418,True,True,True,False
SCRTUSDT,2025-12-17 16:00:00,2025-12-17 20:00:00,2025-12-25 16:00:00,0.03274805194805164,True,True,True,False
SCRTUSDT,2026-01-28 12:00:00,2026-01-28 16:00:00,2026-01-31 12:00:00,1.9899557251908395,True,False,True,False
SCRTUSDT,2026-02-11 04:00:00,2026-02-11 08:00:00,2026-02-19 04:00:00,0.4845146341463423,True,True,True,False
SCRTUSDT,2026-02-21 20:00:00,2026-02-22 00:00:00,2026-02-28 04:00:00,1.9873999999999998,True,True,True,False
SCRTUSDT,2026-03-14 08:00:00,2026-03-14 12:00:00,2026-03-15 04:00:00,-1.0255775656324582,True,True,True,False
SCRTUSDT,2026-03-22 16:00:00,2026-03-22 20:00:00,2026-03-30 16:00:00,0.9236238167938928,True,True,False,False
SCRTUSDT,2026-04-14 16:00:00,2026-04-14 20:00:00,2026-04-16 20:00:00,-1.0190208398133749,True,False,False,False
SCRTUSDT,2026-05-12 04:00:00,2026-05-12 08:00:00,2026-05-15 12:00:00,1.9889474226804122,True,False,False,False
SCRTUSDT,2026-05-19 12:00:00,2026-05-19 16:00:00,2026-05-20 16:00:00,-1.017782930756844,True,True,False,False
SCRTUSDT,2026-05-27 20:00:00,2026-05-28 00:00:00,2026-06-04 20:00:00,1.6725674193548399,True,True,False,False
SCRTUSDT,2026-06-14 12:00:00,2026-06-14 16:00:00,2026-06-14 20:00:00,-1.0391196172248802,True,True,True,False
SCRTUSDT,2026-06-18 00:00:00,2026-06-18 04:00:00,2026-06-24 12:00:00,1.9846263157894735,True,True,False,False
SCRTUSDT,2026-06-28 16:00:00,2026-06-28 20:00:00,2026-07-03 04:00:00,1.982318897637795,True,True,True,False
SCRTUSDT,2026-07-17 04:00:00,2026-07-17 08:00:00,2026-07-18 20:00:00,-1.0276758620689654,True,True,False,False
SCRTUSDT,2026-07-21 16:00:00,2026-07-21 20:00:00,2026-07-22 08:00:00,-1.0343890909090907,True,True,False,False
SCRTUSDT,2026-07-23 16:00:00,2026-07-23 20:00:00,2026-07-29 12:00:00,1.9907149214659685,True,True,False,False
SCRTUSDT,2026-08-09 20:00:00,2026-08-10 00:00:00,2026-08-11 08:00:00,1.984442162162162,True,True,False,False
SCRUSDT,2024-12-26 00:00:00,2024-12-26 04:00:00,2025-01-03 00:00:00,1.3490956053811631,True,False,True,False
SCRUSDT,2025-01-13 00:00:00,2025-01-13 04:00:00,2025-01-17 20:00:00,-1.014399739243807,True,True,True,False
SCRUSDT,2025-01-25 04:00:00,2025-01-25 08:00:00,2025-02-02 04:00:00,0.678997684515194,True,True,True,False
SCRUSDT,2025-02-17 16:00:00,2025-02-17 20:00:00,2025-02-25 16:00:00,0.6516607944732316,True,True,True,False
SCRUSDT,2025-03-09 08:00:00,2025-03-09 12:00:00,2025-03-10 16:00:00,1.9875128919860625,True,True,True,False
SCRUSDT,2025-03-18 12:00:00,2025-03-18 16:00:00,2025-03-19 12:00:00,-1.0142311926605505,True,True,True,False
SCRUSDT,2025-03-27 20:00:00,2025-03-28 00:00:00,2025-03-29 08:00:00,1.9884630662020903,True,True,True,False
SCRUSDT,2025-03-31 04:00:00,2025-03-31 08:00:00,2025-04-06 20:00:00,1.9899536585365853,True,True,True,False
SCRUSDT,2025-04-15 16:00:00,2025-04-15 20:00:00,2025-04-19 16:00:00,-1.0235240875912408,True,True,True,False
SCRUSDT,2025-05-05 20:00:00,2025-05-06 00:00:00,2025-05-08 00:00:00,-1.0253272727272726,True,True,False,False
SCRUSDT,2025-05-17 00:00:00,2025-05-17 04:00:00,2025-05-25 00:00:00,0.9609940652818982,True,False,False,False
SCRUSDT,2025-06-15 04:00:00,2025-06-15 08:00:00,2025-06-22 12:00:00,1.9894372727272727,True,True,True,False
SCRUSDT,2025-07-23 16:00:00,2025-07-23 20:00:00,2025-07-28 04:00:00,-1.0161935018050543,True,False,False,False
SCRUSDT,2025-08-29 04:00:00,2025-08-29 08:00:00,2025-09-06 04:00:00,0.4016562874251506,True,False,True,False
SCRUSDT,2025-09-14 08:00:00,2025-09-14 12:00:00,2025-09-22 04:00:00,1.9863945945945944,True,False,False,False
SCRUSDT,2025-09-25 16:00:00,2025-09-25 20:00:00,2025-09-28 20:00:00,-1.014331007751938,True,True,True,False
SCRUSDT,2025-10-05 16:00:00,2025-10-05 20:00:00,2025-10-06 16:00:00,-1.0218080000000003,True,True,True,False
SCRUSDT,2025-10-07 20:00:00,2025-10-08 00:00:00,2025-10-10 20:00:00,1.9897861344537813,True,True,False,False
SCRUSDT,2025-10-21 00:00:00,2025-10-21 04:00:00,2025-10-29 00:00:00,0.8831067567567564,True,True,True,False
SCRUSDT,2025-11-30 20:00:00,2025-12-01 00:00:00,2025-12-05 16:00:00,1.9865843749999998,True,True,True,False
SCRUSDT,2025-12-23 12:00:00,2025-12-23 16:00:00,2025-12-23 20:00:00,-1.0266233333333332,True,True,True,False
SCRUSDT,2025-12-31 00:00:00,2025-12-31 04:00:00,2026-01-01 12:00:00,-1.02667,True,True,True,False
SCRUSDT,2026-01-11 20:00:00,2026-01-12 00:00:00,2026-01-13 20:00:00,-1.0216140845070425,True,True,False,False
SCRUSDT,2026-01-25 12:00:00,2026-01-25 16:00:00,2026-01-26 20:00:00,-1.0195309297912716,True,True,True,False
SCRUSDT,2026-01-31 08:00:00,2026-01-31 12:00:00,2026-01-31 16:00:00,1.9859730120481927,True,True,True,False
SCRUSDT,2026-02-11 04:00:00,2026-02-11 08:00:00,2026-02-12 00:00:00,-1.0238507246376811,True,True,True,False
SCRUSDT,2026-02-18 16:00:00,2026-02-18 20:00:00,2026-02-26 16:00:00,1.1137749373433583,True,True,True,False
SCRUSDT,2026-03-21 20:00:00,2026-03-22 00:00:00,2026-03-22 12:00:00,-1.0540037037037038,True,True,False,False
SCRUSDT,2026-03-29 00:00:00,2026-03-29 04:00:00,2026-04-01 12:00:00,-1.0356515723270439,True,True,True,False
SCRUSDT,2026-04-12 20:00:00,2026-04-13 00:00:00,2026-04-16 08:00:00,-1.0172146627565983,True,False,False,False
SCRUSDT,2026-04-27 04:00:00,2026-04-27 08:00:00,2026-05-03 16:00:00,-1.0272909871244635,True,False,False,False
SCRUSDT,2026-05-12 08:00:00,2026-05-12 12:00:00,2026-05-16 04:00:00,1.9873660377358489,True,False,False,False
SCRUSDT,2026-05-17 20:00:00,2026-05-18 00:00:00,2026-05-21 00:00:00,-1.015058536585366,True,True,False,False
SCRUSDT,2026-05-26 20:00:00,2026-05-27 00:00:00,2026-05-30 08:00:00,-1.0199535836177476,True,True,False,False
SCRUSDT,2026-06-02 04:00:00,2026-06-02 08:00:00,2026-06-05 00:00:00,1.9874785234899328,True,True,False,False
SCRUSDT,2026-06-17 16:00:00,2026-06-17 20:00:00,2026-06-24 16:00:00,1.9828686046511625,True,True,False,False
SCRUSDT,2026-06-27 20:00:00,2026-06-28 00:00:00,2026-07-01 20:00:00,-1.0152481927710844,True,True,True,False
SCRUSDT,2026-07-07 20:00:00,2026-07-08 00:00:00,2026-07-15 12:00:00,1.988265714285714,True,True,False,False
SCRUSDT,2026-07-19 20:00:00,2026-07-20 00:00:00,2026-07-21 04:00:00,-1.0419813333333332,True,True,False,False
SCRUSDT,2026-08-12 20:00:00,2026-08-13 00:00:00,2026-08-15 08:00:00,-1.0177126582278482,True,True,False,False
SIRENUSDT,2025-06-17 04:00:00,2025-06-17 08:00:00,2025-06-20 12:00:00,1.9868050052137642,True,False,True,False
SIRENUSDT,2025-07-03 12:00:00,2025-07-03 16:00:00,2025-07-05 08:00:00,-1.0150712121212122,True,True,True,False
SIRENUSDT,2025-07-24 04:00:00,2025-07-24 08:00:00,2025-07-28 08:00:00,-1.0195814323607428,True,True,False,False
SIRENUSDT,2025-09-06 08:00:00,2025-09-06 12:00:00,2025-09-08 00:00:00,-1.0161432795698926,True,False,True,False
SIRENUSDT,2025-10-01 16:00:00,2025-10-01 20:00:00,2025-10-03 20:00:00,-1.0163390452876377,True,False,True,False
SIRENUSDT,2025-10-21 04:00:00,2025-10-21 08:00:00,2025-10-21 12:00:00,-1.0184486983154672,True,True,True,False
SIRENUSDT,2025-11-17 04:00:00,2025-11-17 08:00:00,2025-11-25 04:00:00,1.029459459459458,True,True,True,False
SIRENUSDT,2025-12-09 16:00:00,2025-12-09 20:00:00,2025-12-10 16:00:00,-1.019930491803279,True,False,True,False
SIRENUSDT,2025-12-15 00:00:00,2025-12-15 04:00:00,2025-12-23 00:00:00,-0.5857964365256143,True,True,True,False
SIRENUSDT,2026-01-12 08:00:00,2026-01-12 12:00:00,2026-01-13 12:00:00,-1.0268327543424318,True,False,False,False
SIRENUSDT,2026-07-12 00:00:00,2026-07-12 04:00:00,2026-07-12 16:00:00,-1.0153709543568465,True,True,False,False
SIRENUSDT,2026-08-14 04:00:00,2026-08-14 08:00:00,2026-08-20 12:00:00,-1.0262339869281045,True,True,False,False
SKATEUSDT,2025-08-14 04:00:00,2025-08-14 08:00:00,2025-08-14 12:00:00,1.9855741935483868,True,False,False,False
SKATEUSDT,2025-08-26 00:00:00,2025-08-26 04:00:00,2025-08-30 20:00:00,-1.0201388316151205,True,True,True,False
SKATEUSDT,2025-09-04 08:00:00,2025-09-04 12:00:00,2025-09-05 12:00:00,-1.0234208333333332,True,True,True,False
SKATEUSDT,2025-09-29 08:00:00,2025-09-29 12:00:00,2025-10-05 04:00:00,-1.0184370370370373,True,False,True,False
SKATEUSDT,2025-10-09 12:00:00,2025-10-09 16:00:00,2025-10-10 20:00:00,1.9877580901856762,True,False,True,False
SKATEUSDT,2025-11-11 04:00:00,2025-11-11 08:00:00,2025-11-19 04:00:00,1.1524829787234048,True,True,True,False
SKRUSDT,2026-03-13 20:00:00,2026-03-14 00:00:00,2026-03-16 08:00:00,-1.0207164674634797,True,False,True,False
SKRUSDT,2026-03-22 08:00:00,2026-03-22 12:00:00,2026-03-29 20:00:00,1.9880036445012785,True,True,False,False
SKRUSDT,2026-04-06 20:00:00,2026-04-07 00:00:00,2026-04-07 04:00:00,-1.0365923664122136,True,True,False,False
SKRUSDT,2026-04-09 08:00:00,2026-04-09 12:00:00,2026-04-17 08:00:00,-0.26431904176904225,True,True,False,False
SKRUSDT,2026-04-21 16:00:00,2026-04-21 20:00:00,2026-04-22 00:00:00,-1.0394192452830189,True,True,False,False
SKRUSDT,2026-04-23 00:00:00,2026-04-23 04:00:00,2026-04-24 00:00:00,-1.0205981744421908,True,True,False,False
SKRUSDT,2026-05-03 00:00:00,2026-05-03 04:00:00,2026-05-04 04:00:00,-1.0401850000000001,True,True,False,False
SKRUSDT,2026-05-07 12:00:00,2026-05-07 16:00:00,2026-05-08 16:00:00,-1.0326897959183674,True,True,False,False
SKRUSDT,2026-05-12 08:00:00,2026-05-12 12:00:00,2026-05-13 00:00:00,-1.021823768115942,True,True,False,False
SKRUSDT,2026-05-15 12:00:00,2026-05-15 16:00:00,2026-05-23 12:00:00,0.7390533109807195,True,True,False,False
SKRUSDT,2026-05-27 20:00:00,2026-05-28 00:00:00,2026-06-04 00:00:00,1.9881902646502834,True,True,False,False
SKRUSDT,2026-06-08 04:00:00,2026-06-08 08:00:00,2026-06-09 12:00:00,-1.015140139211137,True,True,True,False
SKRUSDT,2026-06-18 08:00:00,2026-06-18 12:00:00,2026-06-23 04:00:00,1.9816546511627904,True,True,False,False
SKRUSDT,2026-06-30 00:00:00,2026-06-30 04:00:00,2026-06-30 12:00:00,-1.0163068181818182,True,True,True,False
SKRUSDT,2026-07-06 00:00:00,2026-07-06 04:00:00,2026-07-06 16:00:00,-1.0185599402092678,True,True,False,False
SKRUSDT,2026-07-16 00:00:00,2026-07-16 04:00:00,2026-07-24 00:00:00,0.47607105882353024,True,True,False,False
SKRUSDT,2026-07-24 20:00:00,2026-07-25 00:00:00,2026-07-29 00:00:00,1.9856566929133856,True,True,False,False
SKRUSDT,2026-07-31 00:00:00,2026-07-31 04:00:00,2026-08-04 12:00:00,-1.0179456880733946,True,True,False,False
SKRUSDT,2026-08-13 12:00:00,2026-08-13 16:00:00,2026-08-20 08:00:00,-1.0264282666666666,True,True,False,False
SKYAIUSDT,2025-05-22 08:00:00,2025-05-22 12:00:00,2025-05-23 20:00:00,1.9877896103896102,True,False,False,False
SKYAIUSDT,2025-06-04 00:00:00,2025-06-04 04:00:00,2025-06-11 20:00:00,1.989153448275862,True,False,True,False
SKYAIUSDT,2025-08-02 04:00:00,2025-08-02 08:00:00,2025-08-04 12:00:00,-1.022198484848485,True,False,False,False
SKYAIUSDT,2025-08-14 04:00:00,2025-08-14 08:00:00,2025-08-19 16:00:00,1.9873766738660905,True,False,False,False
SKYAIUSDT,2025-09-04 12:00:00,2025-09-04 16:00:00,2025-09-07 08:00:00,-1.01445,True,True,True,False
SKYAIUSDT,2025-09-12 16:00:00,2025-09-12 20:00:00,2025-09-20 16:00:00,0.4614511056511045,True,True,False,False
SKYAIUSDT,2025-09-21 08:00:00,2025-09-21 12:00:00,2025-09-22 04:00:00,1.9847784232365144,True,True,False,False
SKYAIUSDT,2025-09-27 08:00:00,2025-09-27 12:00:00,2025-10-02 00:00:00,-1.0196913043478262,True,True,True,False
SKYAIUSDT,2025-10-04 08:00:00,2025-10-04 12:00:00,2025-10-06 04:00:00,-1.0227047058823528,True,True,True,False
SKYAIUSDT,2026-01-24 00:00:00,2026-01-24 04:00:00,2026-02-01 00:00:00,-0.46242471042471084,True,False,True,False
SKYAIUSDT,2026-02-17 12:00:00,2026-02-17 16:00:00,2026-02-20 08:00:00,-1.0257641791044776,True,False,True,False
SKYAIUSDT,2026-04-26 00:00:00,2026-04-26 04:00:00,2026-04-28 08:00:00,1.9901747422680411,True,False,False,False
SLERFUSDT,2024-12-18 00:00:00,2024-12-18 04:00:00,2024-12-19 16:00:00,1.9909264423076922,True,False,False,False
SLERFUSDT,2025-02-12 12:00:00,2025-02-12 16:00:00,2025-02-18 12:00:00,1.9894511627906974,True,True,True,False
SLERFUSDT,2025-03-07 00:00:00,2025-03-07 04:00:00,2025-03-10 16:00:00,1.989412727272727,True,True,True,False
SLERFUSDT,2025-04-06 12:00:00,2025-04-06 16:00:00,2025-04-07 04:00:00,1.9848968749999998,True,True,True,False
SLERFUSDT,2025-04-20 12:00:00,2025-04-20 16:00:00,2025-04-22 12:00:00,-1.0304137931034483,True,False,True,False
SLERFUSDT,2025-05-04 16:00:00,2025-05-04 20:00:00,2025-05-08 12:00:00,-1.014366153846154,True,False,False,False
SLERFUSDT,2025-05-16 20:00:00,2025-05-17 00:00:00,2025-05-22 20:00:00,-1.024472,True,False,False,False
SLERFUSDT,2025-05-28 12:00:00,2025-05-28 16:00:00,2025-06-05 12:00:00,1.6127630769230752,True,False,False,False
SLERFUSDT,2025-06-20 16:00:00,2025-06-20 20:00:00,2025-06-28 16:00:00,-0.7484212598425204,True,True,True,False
SLERFUSDT,2025-07-23 12:00:00,2025-07-23 16:00:00,2025-07-31 12:00:00,1.400491703056768,True,False,False,False
SLERFUSDT,2025-08-01 00:00:00,2025-08-01 04:00:00,2025-08-09 00:00:00,-0.5181593442622945,True,True,False,False
SLERFUSDT,2025-08-18 00:00:00,2025-08-18 04:00:00,2025-08-22 16:00:00,-1.0166283870967743,True,False,False,False
SLERFUSDT,2025-09-01 00:00:00,2025-09-01 04:00:00,2025-09-03 00:00:00,-1.0234952586206896,True,False,True,False
SLERFUSDT,2025-09-14 20:00:00,2025-09-15 00:00:00,2025-09-17 20:00:00,-1.0213159802306426,True,False,False,False
SLERFUSDT,2025-09-22 00:00:00,2025-09-22 04:00:00,2025-09-25 16:00:00,1.9897118537200502,True,False,False,False
SLERFUSDT,2025-10-07 12:00:00,2025-10-07 16:00:00,2025-10-10 20:00:00,1.9848493775933607,True,False,False,False
SLERFUSDT,2025-10-15 12:00:00,2025-10-15 16:00:00,2025-10-18 00:00:00,-1.0158107925801012,True,True,True,False
SLPUSDT,2025-08-19 16:00:00,2025-08-19 20:00:00,2025-08-22 16:00:00,-1.0216385964912282,True,True,False,False
SLPUSDT,2025-09-22 00:00:00,2025-09-22 04:00:00,2025-09-30 00:00:00,1.61443088235294,True,True,False,False
SLPUSDT,2025-09-30 12:00:00,2025-09-30 16:00:00,2025-10-01 08:00:00,-1.035593220338983,True,True,True,False
SLPUSDT,2025-10-05 20:00:00,2025-10-06 00:00:00,2025-10-06 16:00:00,-1.0188452173913045,True,True,True,False
SLPUSDT,2025-10-21 00:00:00,2025-10-21 04:00:00,2025-10-29 00:00:00,0.7810844444444445,True,True,True,False
SLPUSDT,2025-11-03 00:00:00,2025-11-03 04:00:00,2025-11-07 16:00:00,-1.0160066666666667,True,True,True,False
SLPUSDT,2025-11-13 16:00:00,2025-11-13 20:00:00,2025-11-21 16:00:00,0.9090903225806455,True,True,True,False
SLPUSDT,2025-11-24 08:00:00,2025-11-24 12:00:00,2025-12-02 08:00:00,0.5890342105263148,True,True,True,False
SLPUSDT,2025-12-05 08:00:00,2025-12-05 12:00:00,2025-12-07 20:00:00,-1.0260340425531915,True,True,True,False
SLPUSDT,2025-12-12 12:00:00,2025-12-12 16:00:00,2025-12-18 04:00:00,1.983914893617021,True,True,True,False
SLPUSDT,2026-01-08 08:00:00,2026-01-08 12:00:00,2026-01-14 04:00:00,-1.0183029733959312,True,False,False,False
SLPUSDT,2026-01-31 00:00:00,2026-01-31 04:00:00,2026-02-05 04:00:00,1.989184931506849,True,True,True,False
SLPUSDT,2026-02-18 16:00:00,2026-02-18 20:00:00,2026-02-21 20:00:00,-1.0263507418397626,True,True,True,False
SLPUSDT,2026-02-27 16:00:00,2026-02-27 20:00:00,2026-03-07 16:00:00,1.1072706250000033,True,True,True,False
SLPUSDT,2026-03-26 04:00:00,2026-03-26 08:00:00,2026-04-03 04:00:00,0.5094194029850736,True,False,False,False
SLPUSDT,2026-04-05 16:00:00,2026-04-05 20:00:00,2026-04-08 16:00:00,-1.0196686274509805,True,False,False,False
SLPUSDT,2026-04-27 04:00:00,2026-04-27 08:00:00,2026-04-28 00:00:00,-1.0285142857142857,True,False,False,False
SLPUSDT,2026-05-11 00:00:00,2026-05-11 04:00:00,2026-05-15 12:00:00,1.9808304945054942,True,False,False,False
SLPUSDT,2026-05-20 00:00:00,2026-05-20 04:00:00,2026-05-28 00:00:00,0.5973190114068426,True,True,False,False
SLPUSDT,2026-06-02 12:00:00,2026-06-02 16:00:00,2026-06-05 16:00:00,1.9879940397350992,True,True,False,False
SLPUSDT,2026-06-22 20:00:00,2026-06-23 00:00:00,2026-06-24 16:00:00,1.9795405529953916,True,True,False,False
SLPUSDT,2026-07-08 00:00:00,2026-07-08 04:00:00,2026-07-08 04:00:00,-1.0231503267973856,True,True,False,False
SLPUSDT,2026-07-13 00:00:00,2026-07-13 04:00:00,2026-07-15 12:00:00,-1.0160134831460677,True,True,False,False
SLPUSDT,2026-07-23 16:00:00,2026-07-23 20:00:00,2026-07-26 12:00:00,-1.0246454545454544,True,False,False,False
SLPUSDT,2026-07-27 12:00:00,2026-07-27 16:00:00,2026-08-04 12:00:00,0.2278531317494602,True,False,False,False
SOLVUSDT,2025-03-15 04:00:00,2025-03-15 08:00:00,2025-03-23 00:00:00,1.9905724999999999,True,False,True,False
SOLVUSDT,2025-03-27 20:00:00,2025-03-28 00:00:00,2025-03-29 08:00:00,1.9892931034482757,True,True,True,False
SOLVUSDT,2025-04-06 00:00:00,2025-04-06 04:00:00,2025-04-06 12:00:00,1.9798999999999998,True,True,True,False
SOLVUSDT,2025-04-13 20:00:00,2025-04-14 00:00:00,2025-04-20 04:00:00,-1.0154,True,True,True,False
SOLVUSDT,2025-05-12 12:00:00,2025-05-12 16:00:00,2025-05-13 16:00:00,-1.0141435897435898,True,False,False,False
SOLVUSDT,2025-05-28 12:00:00,2025-05-28 16:00:00,2025-05-30 20:00:00,1.9898839999999998,True,False,False,False
SOLVUSDT,2025-06-04 16:00:00,2025-06-04 20:00:00,2025-06-10 04:00:00,-1.0188911949685535,True,False,True,False
SOLVUSDT,2025-06-17 08:00:00,2025-06-17 12:00:00,2025-06-21 12:00:00,-1.0196043613707166,True,False,True,False
SOLVUSDT,2025-06-23 04:00:00,2025-06-23 08:00:00,2025-06-23 20:00:00,-1.0209495081967215,True,False,True,False
SOLVUSDT,2025-06-25 20:00:00,2025-06-26 00:00:00,2025-07-03 20:00:00,0.33420090497737764,True,False,True,False
SOLVUSDT,2025-07-07 08:00:00,2025-07-07 12:00:00,2025-07-10 20:00:00,-1.0498615384615382,True,True,True,False
SOLVUSDT,2025-07-17 16:00:00,2025-07-17 20:00:00,2025-07-18 04:00:00,-1.022698814229249,True,True,False,False
SOLVUSDT,2025-07-24 00:00:00,2025-07-24 04:00:00,2025-07-27 20:00:00,-1.027661835748792,True,True,False,False
SOLVUSDT,2025-08-14 08:00:00,2025-08-14 12:00:00,2025-08-15 00:00:00,-1.0223084615384617,True,True,False,False
SOLVUSDT,2025-08-24 16:00:00,2025-08-24 20:00:00,2025-09-01 16:00:00,0.15597994428969447,True,False,False,False
SOLVUSDT,2025-09-22 04:00:00,2025-09-22 08:00:00,2025-09-22 12:00:00,-1.0582060606060606,True,True,False,False
SOLVUSDT,2025-10-09 12:00:00,2025-10-09 16:00:00,2025-10-10 20:00:00,1.9781749999999998,True,True,True,False
SOLVUSDT,2025-11-16 12:00:00,2025-11-16 16:00:00,2025-11-18 08:00:00,-1.0182907407407409,True,True,True,False
SOLVUSDT,2025-12-03 12:00:00,2025-12-03 16:00:00,2025-12-10 08:00:00,1.986128947368421,True,False,True,False
SOLVUSDT,2025-12-12 16:00:00,2025-12-12 20:00:00,2025-12-20 16:00:00,-0.2709441441441448,True,True,True,False
SOLVUSDT,2025-12-21 12:00:00,2025-12-21 16:00:00,2025-12-29 12:00:00,0.42692380952381065,True,True,True,False
SOLVUSDT,2025-12-30 04:00:00,2025-12-30 08:00:00,2025-12-31 16:00:00,1.9742059999999997,True,True,True,False
SOLVUSDT,2026-01-07 00:00:00,2026-01-07 04:00:00,2026-01-08 04:00:00,1.975185714285714,True,True,False,False
SOLVUSDT,2026-01-27 00:00:00,2026-01-27 04:00:00,2026-01-27 12:00:00,-1.026140625,True,True,True,False
SOLVUSDT,2026-02-08 16:00:00,2026-02-08 20:00:00,2026-02-10 00:00:00,1.985272727272727,True,True,True,False
SOLVUSDT,2026-02-17 04:00:00,2026-02-17 08:00:00,2026-02-25 04:00:00,0.9242571428571402,True,True,True,False
SOLVUSDT,2026-03-03 08:00:00,2026-03-03 12:00:00,2026-03-05 12:00:00,-1.0156498461538463,True,True,True,False
SOLVUSDT,2026-03-17 16:00:00,2026-03-17 20:00:00,2026-03-18 12:00:00,1.9799129729729728,True,True,False,False
SOLVUSDT,2026-03-20 16:00:00,2026-03-20 20:00:00,2026-03-28 16:00:00,1.643374137931034,True,True,True,False
SOLVUSDT,2026-03-29 20:00:00,2026-03-30 00:00:00,2026-03-31 16:00:00,-1.014023569023569,True,True,True,False
SOLVUSDT,2026-04-14 20:00:00,2026-04-15 00:00:00,2026-04-17 12:00:00,-1.0155859078590788,True,False,False,False
SOLVUSDT,2026-05-07 00:00:00,2026-05-07 04:00:00,2026-05-07 12:00:00,-1.0227661538461539,True,False,False,False
SOLVUSDT,2026-05-17 20:00:00,2026-05-18 00:00:00,2026-05-19 12:00:00,-1.0229384615384616,True,True,False,False
SOLVUSDT,2026-05-22 20:00:00,2026-05-23 00:00:00,2026-05-30 20:00:00,0.5758155555555545,True,True,False,False
SOLVUSDT,2026-06-02 16:00:00,2026-06-02 20:00:00,2026-06-06 04:00:00,1.988708,True,True,False,False
SOLVUSDT,2026-06-17 16:00:00,2026-06-17 20:00:00,2026-06-23 08:00:00,1.9799402684563756,True,True,False,False
SOLVUSDT,2026-06-24 12:00:00,2026-06-24 16:00:00,2026-07-02 12:00:00,-0.1781329949238588,True,True,True,False
SOLVUSDT,2026-07-05 16:00:00,2026-07-05 20:00:00,2026-07-08 08:00:00,1.9813999999999998,True,True,False,False
SOLVUSDT,2026-07-12 16:00:00,2026-07-12 20:00:00,2026-07-19 12:00:00,-1.0188860000000002,True,True,False,False
SOLVUSDT,2026-07-23 16:00:00,2026-07-23 20:00:00,2026-07-26 12:00:00,-1.0257109489051095,True,True,False,False
SOLVUSDT,2026-07-27 12:00:00,2026-07-27 16:00:00,2026-08-04 12:00:00,0.3104394230769223,True,True,False,False
SOLVUSDT,2026-08-12 12:00:00,2026-08-12 16:00:00,2026-08-14 04:00:00,1.9732164556962022,True,True,False,False
SOMIUSDT,2025-09-20 16:00:00,2025-09-20 20:00:00,2025-09-22 00:00:00,1.9866864764267989,True,False,False,False
SOMIUSDT,2025-10-09 00:00:00,2025-10-09 04:00:00,2025-10-10 20:00:00,1.9895255605381164,True,False,True,False
SOMIUSDT,2025-11-02 12:00:00,2025-11-02 16:00:00,2025-11-03 12:00:00,1.9810311475409834,True,True,True,False
SOMIUSDT,2025-11-16 12:00:00,2025-11-16 16:00:00,2025-11-21 04:00:00,1.990314440433213,True,True,True,False
SOMIUSDT,2025-12-05 00:00:00,2025-12-05 04:00:00,2025-12-11 16:00:00,-1.0148008733624456,True,True,True,False
SOMIUSDT,2026-01-12 04:00:00,2026-01-12 08:00:00,2026-01-19 00:00:00,1.9895893023255813,True,True,False,False
SOMIUSDT,2026-03-01 16:00:00,2026-03-01 20:00:00,2026-03-09 16:00:00,0.46086395348837145,True,True,True,False
SOMIUSDT,2026-03-10 20:00:00,2026-03-11 00:00:00,2026-03-12 00:00:00,-1.0248980392156863,True,True,True,False
SOMIUSDT,2026-03-18 12:00:00,2026-03-18 16:00:00,2026-03-26 12:00:00,1.2870490322580652,True,True,False,False
SOMIUSDT,2026-04-02 00:00:00,2026-04-02 04:00:00,2026-04-04 04:00:00,-1.0182121739130436,True,True,False,False
SOMIUSDT,2026-04-12 12:00:00,2026-04-12 16:00:00,2026-04-14 12:00:00,-1.0173031250000002,True,True,False,False
SOMIUSDT,2026-04-23 00:00:00,2026-04-23 04:00:00,2026-04-25 12:00:00,-1.0177007751937985,True,True,False,False
SOMIUSDT,2026-05-12 00:00:00,2026-05-12 04:00:00,2026-05-13 20:00:00,1.9803617977528087,True,False,False,False
SOMIUSDT,2026-05-15 12:00:00,2026-05-15 16:00:00,2026-05-23 12:00:00,-0.39950384615384643,True,False,False,False
SOMIUSDT,2026-06-04 00:00:00,2026-06-04 04:00:00,2026-06-05 04:00:00,1.9872124999999998,True,True,True,False
SOMIUSDT,2026-06-09 12:00:00,2026-06-09 16:00:00,2026-06-12 00:00:00,-1.0143398058252429,True,True,True,False
SOMIUSDT,2026-06-21 20:00:00,2026-06-22 00:00:00,2026-06-29 20:00:00,0.9129079365079369,True,True,True,False
SOMIUSDT,2026-06-30 08:00:00,2026-06-30 12:00:00,2026-07-02 04:00:00,-1.0188901408450706,True,True,True,False
SOMIUSDT,2026-07-12 20:00:00,2026-07-13 00:00:00,2026-07-20 20:00:00,0.7014109090909066,True,True,False,False
SOMIUSDT,2026-07-24 12:00:00,2026-07-24 16:00:00,2026-07-28 00:00:00,1.9834433962264149,True,True,False,False
SOMIUSDT,2026-08-03 00:00:00,2026-08-03 04:00:00,2026-08-03 12:00:00,-1.0372580645161291,True,True,False,False
SOMIUSDT,2026-08-18 00:00:00,2026-08-18 04:00:00,2026-08-19 00:00:00,-1.0254285714285714,True,True,False,False
SONICUSDT,2025-01-18 04:00:00,2025-01-18 08:00:00,2025-01-18 20:00:00,-1.0141485799701047,True,False,True,False
SONICUSDT,2025-02-15 08:00:00,2025-02-15 12:00:00,2025-02-20 20:00:00,-1.015271378091873,True,False,True,False
SONICUSDT,2025-03-08 08:00:00,2025-03-08 12:00:00,2025-03-10 12:00:00,-1.0168693069306933,True,True,True,False
SONICUSDT,2025-03-31 00:00:00,2025-03-31 04:00:00,2025-04-06 12:00:00,1.9834884615384614,True,True,True,False
SONICUSDT,2025-04-13 12:00:00,2025-04-13 16:00:00,2025-04-15 00:00:00,-1.0200696202531647,True,True,True,False
SONICUSDT,2025-04-20 08:00:00,2025-04-20 12:00:00,2025-04-23 00:00:00,-1.0174804469273744,True,True,True,False
SONICUSDT,2025-05-03 04:00:00,2025-05-03 08:00:00,2025-05-09 12:00:00,-1.0153791044776121,True,False,False,False
SONICUSDT,2025-05-17 04:00:00,2025-05-17 08:00:00,2025-05-18 12:00:00,-1.0161835390946503,True,False,False,False
SONICUSDT,2025-05-25 00:00:00,2025-05-25 04:00:00,2025-05-30 00:00:00,1.9858685863874344,True,False,False,False
SONICUSDT,2025-06-17 08:00:00,2025-06-17 12:00:00,2025-06-25 08:00:00,0.108462025316454,True,True,True,False
SONICUSDT,2025-07-23 16:00:00,2025-07-23 20:00:00,2025-07-26 00:00:00,-1.0184159574468086,True,False,False,False
SONICUSDT,2025-07-31 20:00:00,2025-08-01 00:00:00,2025-08-08 20:00:00,-0.5436630872483224,True,False,False,False
SONICUSDT,2025-08-19 00:00:00,2025-08-19 04:00:00,2025-08-24 16:00:00,-1.0174468354430382,True,True,False,False
SONICUSDT,2025-08-31 20:00:00,2025-09-01 00:00:00,2025-09-08 16:00:00,-1.0370054054054052,True,True,True,False
SONICUSDT,2025-09-17 08:00:00,2025-09-17 12:00:00,2025-09-22 04:00:00,1.98470756302521,True,False,False,False
SONICUSDT,2025-09-25 16:00:00,2025-09-25 20:00:00,2025-10-03 16:00:00,-0.2562588235294116,True,True,True,False
SONICUSDT,2025-10-04 12:00:00,2025-10-04 16:00:00,2025-10-10 16:00:00,1.9817488372093022,True,True,True,False
SONICUSDT,2025-11-16 08:00:00,2025-11-16 12:00:00,2025-11-19 16:00:00,1.9870499999999998,True,True,True,False
SONICUSDT,2025-11-21 00:00:00,2025-11-21 04:00:00,2025-11-29 00:00:00,0.47457272727272926,True,True,True,False
SONICUSDT,2025-12-01 00:00:00,2025-12-01 04:00:00,2025-12-03 04:00:00,-1.0152055555555557,True,True,True,False
SONICUSDT,2025-12-05 16:00:00,2025-12-05 20:00:00,2025-12-13 16:00:00,0.2523019607843138,True,True,True,False
SONICUSDT,2025-12-14 12:00:00,2025-12-14 16:00:00,2025-12-17 16:00:00,1.9820473684210524,True,True,True,False
SONICUSDT,2025-12-23 00:00:00,2025-12-23 04:00:00,2025-12-24 08:00:00,-1.0396033898305084,True,True,True,False
SONICUSDT,2026-01-10 20:00:00,2026-01-11 00:00:00,2026-01-12 08:00:00,1.9752040816326528,True,False,False,False
SONICUSDT,2026-01-15 12:00:00,2026-01-15 16:00:00,2026-01-20 12:00:00,1.9873206896551723,True,True,False,False
SONICUSDT,2026-01-29 00:00:00,2026-01-29 04:00:00,2026-01-31 08:00:00,1.9879603036876354,True,True,True,False
SONICUSDT,2026-02-05 00:00:00,2026-02-05 04:00:00,2026-02-06 00:00:00,1.9897572538860102,True,True,True,False
SONICUSDT,2026-03-07 12:00:00,2026-03-07 16:00:00,2026-03-15 12:00:00,0.11997699999999724,True,True,True,False
SONICUSDT,2026-04-02 00:00:00,2026-04-02 04:00:00,2026-04-10 00:00:00,0.6704106666666656,True,True,False,False
SONICUSDT,2026-04-12 12:00:00,2026-04-12 16:00:00,2026-04-13 20:00:00,-1.0221548387096777,True,True,False,False
SONICUSDT,2026-04-23 16:00:00,2026-04-23 20:00:00,2026-04-25 08:00:00,-1.0257643979057591,True,True,False,False
SONICUSDT,2026-05-15 12:00:00,2026-05-15 16:00:00,2026-05-23 12:00:00,0.588024810126582,True,False,False,False
SONICUSDT,2026-05-26 20:00:00,2026-05-27 00:00:00,2026-06-02 20:00:00,1.9866321428571427,True,False,False,False
SONICUSDT,2026-06-04 00:00:00,2026-06-04 04:00:00,2026-06-05 16:00:00,1.9881349999999998,True,True,True,False
SONICUSDT,2026-06-18 00:00:00,2026-06-18 04:00:00,2026-06-23 08:00:00,1.9788304347826084,True,True,False,False
SONICUSDT,2026-06-24 12:00:00,2026-06-24 16:00:00,2026-07-02 04:00:00,-1.0180600000000002,True,True,True,False
SONICUSDT,2026-07-08 00:00:00,2026-07-08 04:00:00,2026-07-16 00:00:00,0.42662962962962747,True,True,False,False
SONICUSDT,2026-07-20 04:00:00,2026-07-20 08:00:00,2026-07-28 04:00:00,1.4104028368794348,True,True,False,False
SONICUSDT,2026-08-03 00:00:00,2026-08-03 04:00:00,2026-08-03 04:00:00,-1.031115,True,True,False,False
SPELLUSDT,2024-09-16 12:00:00,2024-09-16 16:00:00,2024-09-19 08:00:00,-1.0140055118110238,True,False,False,True
SPELLUSDT,2024-09-30 12:00:00,2024-09-30 16:00:00,2024-10-02 16:00:00,1.9875387850467288,True,False,False,False
SPELLUSDT,2024-10-09 16:00:00,2024-10-09 20:00:00,2024-10-11 20:00:00,-1.0293769547325102,True,False,False,False
SPELLUSDT,2024-10-17 04:00:00,2024-10-17 08:00:00,2024-10-18 08:00:00,-1.0208845360824743,True,False,False,False
SPELLUSDT,2024-11-03 00:00:00,2024-11-03 04:00:00,2024-11-06 04:00:00,-1.016432946635731,True,True,True,False
SPELLUSDT,2024-11-20 00:00:00,2024-11-20 04:00:00,2024-11-20 08:00:00,-1.0234711206896552,True,False,False,False
SPELLUSDT,2024-12-02 08:00:00,2024-12-02 12:00:00,2024-12-03 00:00:00,-1.0181960948396096,True,False,False,False
SPELLUSDT,2024-12-09 04:00:00,2024-12-09 08:00:00,2024-12-09 20:00:00,1.9898515337423313,True,False,False,False
SPELLUSDT,2024-12-14 12:00:00,2024-12-14 16:00:00,2024-12-18 20:00:00,1.9867539184952976,True,False,False,False
SPELLUSDT,2024-12-30 12:00:00,2024-12-30 16:00:00,2025-01-03 12:00:00,-1.015710153846154,True,True,True,False
SPELLUSDT,2025-01-13 00:00:00,2025-01-13 04:00:00,2025-01-16 12:00:00,-1.0164834170854273,True,True,True,False
SPELLUSDT,2025-02-09 16:00:00,2025-02-09 20:00:00,2025-02-17 16:00:00,0.8865931718061668,True,False,True,False
SPELLUSDT,2025-02-21 16:00:00,2025-02-21 20:00:00,2025-02-22 16:00:00,-1.0150584070796462,True,True,True,False
SPELLUSDT,2025-03-08 08:00:00,2025-03-08 12:00:00,2025-03-11 00:00:00,1.9900342608695651,True,True,True,False
SPELLUSDT,2025-03-18 00:00:00,2025-03-18 04:00:00,2025-03-26 00:00:00,0.5065630769230755,True,True,True,False
SPELLUSDT,2025-03-28 00:00:00,2025-03-28 04:00:00,2025-04-02 04:00:00,1.9874872844827585,True,True,True,False
SPELLUSDT,2025-04-06 12:00:00,2025-04-06 16:00:00,2025-04-06 20:00:00,1.9768349753694578,True,True,True,False
SPELLUSDT,2025-04-13 16:00:00,2025-04-13 20:00:00,2025-04-21 16:00:00,0.14993502304147513,True,True,True,False
SPELLUSDT,2025-04-30 12:00:00,2025-04-30 16:00:00,2025-05-08 12:00:00,0.007614741035857167,True,True,False,False
SPELLUSDT,2025-05-25 08:00:00,2025-05-25 12:00:00,2025-06-02 08:00:00,1.0778452173913056,True,False,False,False
SPELLUSDT,2025-06-12 08:00:00,2025-06-12 12:00:00,2025-06-20 08:00:00,0.9059947712418314,True,True,True,False
SPELLUSDT,2025-06-20 16:00:00,2025-06-20 20:00:00,2025-06-22 12:00:00,1.9829828451882843,True,True,True,False
SPELLUSDT,2025-07-23 12:00:00,2025-07-23 16:00:00,2025-07-30 16:00:00,1.9847536050156738,True,False,False,False
SPELLUSDT,2025-07-31 20:00:00,2025-08-01 00:00:00,2025-08-02 08:00:00,-1.017735849056604,True,False,False,False
SPELLUSDT,2025-08-11 08:00:00,2025-08-11 12:00:00,2025-08-19 08:00:00,0.5302315352697077,True,False,False,False
SPELLUSDT,2025-08-19 20:00:00,2025-08-20 00:00:00,2025-08-22 16:00:00,-1.0203890909090911,True,True,False,False
SPELLUSDT,2025-08-29 12:00:00,2025-08-29 16:00:00,2025-09-06 12:00:00,0.5728184501844991,True,True,True,False
SPELLUSDT,2025-09-22 00:00:00,2025-09-22 04:00:00,2025-09-30 00:00:00,0.795050890585241,True,True,False,False
SPELLUSDT,2025-09-30 12:00:00,2025-09-30 16:00:00,2025-10-01 16:00:00,-1.02765,True,True,True,False
SPELLUSDT,2025-10-07 20:00:00,2025-10-08 00:00:00,2025-10-10 20:00:00,1.9869093645484948,True,True,False,False
SPELLUSDT,2025-10-28 20:00:00,2025-10-29 00:00:00,2025-11-04 16:00:00,1.990462857142857,True,True,True,False
SPELLUSDT,2025-11-16 12:00:00,2025-11-16 16:00:00,2025-11-21 04:00:00,1.9872892307692307,True,True,True,False
SPELLUSDT,2025-12-11 00:00:00,2025-12-11 04:00:00,2025-12-12 20:00:00,-1.0146139344262297,True,True,True,False
SPELLUSDT,2025-12-18 00:00:00,2025-12-18 04:00:00,2025-12-21 12:00:00,-1.0144666666666668,True,True,True,False
SPELLUSDT,2025-12-23 04:00:00,2025-12-23 08:00:00,2025-12-31 04:00:00,-0.03485416666666661,True,True,True,False
SPELLUSDT,2026-01-10 04:00:00,2026-01-10 08:00:00,2026-01-11 16:00:00,-1.0340414414414414,True,False,False,False
SPELLUSDT,2026-01-15 16:00:00,2026-01-15 20:00:00,2026-01-17 20:00:00,-1.0197806451612905,True,False,False,False
SPELLUSDT,2026-01-25 08:00:00,2026-01-25 12:00:00,2026-01-25 16:00:00,1.962733898305085,True,True,True,False
SPELLUSDT,2026-01-29 00:00:00,2026-01-29 04:00:00,2026-01-29 20:00:00,-1.0359384615384617,True,True,True,False
SPELLUSDT,2026-02-18 16:00:00,2026-02-18 20:00:00,2026-02-19 20:00:00,-1.0292426966292134,True,True,True,False
SPELLUSDT,2026-03-07 16:00:00,2026-03-07 20:00:00,2026-03-14 20:00:00,-1.0186299212598426,True,True,True,False
SPELLUSDT,2026-03-22 08:00:00,2026-03-22 12:00:00,2026-03-30 08:00:00,0.3402028571428558,True,True,False,False
SPELLUSDT,2026-04-02 00:00:00,2026-04-02 04:00:00,2026-04-03 20:00:00,-1.0310333333333335,True,True,False,False
SPELLUSDT,2026-04-12 00:00:00,2026-04-12 04:00:00,2026-04-12 16:00:00,-1.041709433962264,True,True,False,False
SPELLUSDT,2026-04-29 12:00:00,2026-04-29 16:00:00,2026-05-07 12:00:00,-0.05770526315789542,True,False,False,False
SPELLUSDT,2026-05-13 12:00:00,2026-05-13 16:00:00,2026-05-21 12:00:00,0.8676079207920794,True,False,False,False
SPELLUSDT,2026-05-22 16:00:00,2026-05-22 20:00:00,2026-05-22 20:00:00,-1.0431254901960783,True,True,False,False
SPELLUSDT,2026-05-26 16:00:00,2026-05-26 20:00:00,2026-06-02 20:00:00,1.9755874999999996,True,True,False,False
SPELLUSDT,2026-06-04 00:00:00,2026-06-04 04:00:00,2026-06-05 16:00:00,1.9843126582278479,True,True,True,False
SPELLUSDT,2026-06-21 20:00:00,2026-06-22 00:00:00,2026-06-24 12:00:00,1.982501639344262,True,True,True,False
SPELLUSDT,2026-06-28 04:00:00,2026-06-28 08:00:00,2026-07-04 20:00:00,-1.0192400000000001,True,True,True,False
SPELLUSDT,2026-07-11 04:00:00,2026-07-11 08:00:00,2026-07-12 04:00:00,-1.03101,True,True,False,False
SPELLUSDT,2026-07-16 16:00:00,2026-07-16 20:00:00,2026-07-17 20:00:00,-1.033561111111111,True,True,False,False
SPELLUSDT,2026-07-23 16:00:00,2026-07-23 20:00:00,2026-07-31 16:00:00,1.0173877551020418,True,True,False,False
SPELLUSDT,2026-08-11 12:00:00,2026-08-11 16:00:00,2026-08-19 12:00:00,-0.2570680851063825,True,True,False,False
SPORTFUNUSDT,2026-03-07 08:00:00,2026-03-07 12:00:00,2026-03-10 00:00:00,-1.0222294117647062,True,True,True,False
SPORTFUNUSDT,2026-03-22 12:00:00,2026-03-22 16:00:00,2026-03-23 08:00:00,-1.0253408284023668,True,True,False,False
SPORTFUNUSDT,2026-03-29 20:00:00,2026-03-30 00:00:00,2026-04-06 20:00:00,-0.17548303249097566,True,True,True,False
SPORTFUNUSDT,2026-04-23 00:00:00,2026-04-23 04:00:00,2026-04-23 08:00:00,-1.028268263473054,True,True,False,False
SPORTFUNUSDT,2026-07-27 12:00:00,2026-07-27 16:00:00,2026-08-04 12:00:00,-0.5483965714285711,True,True,False,False
SPORTFUNUSDT,2026-08-07 20:00:00,2026-08-08 00:00:00,2026-08-08 08:00:00,-1.0239904,True,True,False,False
SPORTFUNUSDT,2026-08-11 00:00:00,2026-08-11 04:00:00,2026-08-15 16:00:00,-1.0159747368421055,True,True,False,False
SQDUSDT,2025-08-09 16:00:00,2025-08-09 20:00:00,2025-08-14 12:00:00,1.98893124042879,True,False,False,False
SQDUSDT,2025-08-18 00:00:00,2025-08-18 04:00:00,2025-08-25 20:00:00,1.9894764650283552,True,True,False,False
SQDUSDT,2025-08-27 12:00:00,2025-08-27 16:00:00,2025-08-29 16:00:00,1.987702038043478,True,True,True,False
SQDUSDT,2025-09-01 12:00:00,2025-09-01 16:00:00,2025-09-09 12:00:00,0.4845610978520291,True,True,True,False
SQDUSDT,2025-09-17 08:00:00,2025-09-17 12:00:00,2025-09-18 04:00:00,-1.0255042056074766,True,True,False,False
SQDUSDT,2025-10-20 16:00:00,2025-10-20 20:00:00,2025-10-25 12:00:00,1.9885209090909088,True,False,True,False
SQDUSDT,2026-01-29 00:00:00,2026-01-29 04:00:00,2026-02-03 20:00:00,1.9823502994011974,True,False,True,False
SQDUSDT,2026-02-10 08:00:00,2026-02-10 12:00:00,2026-02-18 08:00:00,0.4788473815461336,True,True,True,False
SQDUSDT,2026-02-28 04:00:00,2026-02-28 08:00:00,2026-03-08 04:00:00,-0.2333792507204621,True,True,True,False
SQDUSDT,2026-03-12 12:00:00,2026-03-12 16:00:00,2026-03-13 16:00:00,-1.0210626016260165,True,True,True,False
SQDUSDT,2026-03-18 08:00:00,2026-03-18 12:00:00,2026-03-21 20:00:00,1.9819010989010988,True,True,False,False
SQDUSDT,2026-03-26 12:00:00,2026-03-26 16:00:00,2026-03-29 04:00:00,-1.0252622222222223,True,True,False,False
SQDUSDT,2026-04-02 00:00:00,2026-04-02 04:00:00,2026-04-06 08:00:00,-1.0150042402826855,True,True,False,False
SQDUSDT,2026-04-12 08:00:00,2026-04-12 12:00:00,2026-04-17 12:00:00,-1.0153758620689657,True,True,False,False
SQDUSDT,2026-04-20 08:00:00,2026-04-20 12:00:00,2026-04-28 08:00:00,0.1149785046728984,True,True,False,False
SQDUSDT,2026-04-29 12:00:00,2026-04-29 16:00:00,2026-05-01 16:00:00,-1.0180042372881357,True,True,False,False
SQDUSDT,2026-05-24 08:00:00,2026-05-24 12:00:00,2026-05-25 08:00:00,-1.0220322033898306,True,False,False,False
SQDUSDT,2026-05-31 16:00:00,2026-05-31 20:00:00,2026-06-01 12:00:00,-1.0213118181818184,True,True,True,False
SQDUSDT,2026-06-21 08:00:00,2026-06-21 12:00:00,2026-06-24 16:00:00,1.9891036619718307,True,False,True,False
SQDUSDT,2026-06-27 00:00:00,2026-06-27 04:00:00,2026-07-05 00:00:00,0.24650033670033533,True,True,True,False
SQDUSDT,2026-07-06 04:00:00,2026-07-06 08:00:00,2026-07-14 04:00:00,1.4036696428571427,True,True,False,False
SQDUSDT,2026-07-17 04:00:00,2026-07-17 08:00:00,2026-07-18 20:00:00,-1.0163578947368423,True,True,False,False
SQDUSDT,2026-07-26 16:00:00,2026-07-26 20:00:00,2026-08-01 04:00:00,-1.0322205882352942,True,True,False,False
SQDUSDT,2026-08-04 20:00:00,2026-08-05 00:00:00,2026-08-06 04:00:00,-1.0204348623853212,True,True,False,False
STARUSDT,2026-06-22 20:00:00,2026-06-23 00:00:00,2026-06-25 12:00:00,1.9888683114880492,True,False,False,False
STARUSDT,2026-06-30 12:00:00,2026-06-30 16:00:00,2026-07-01 04:00:00,-1.0155856630824374,True,False,True,False
STARUSDT,2026-07-27 12:00:00,2026-07-27 16:00:00,2026-07-28 08:00:00,1.9893261484098939,True,True,False,False
STBLUSDT,2025-11-24 08:00:00,2025-11-24 12:00:00,2025-11-24 16:00:00,-1.0141631067961165,True,True,True,False
STBLUSDT,2025-11-29 16:00:00,2025-11-29 20:00:00,2025-12-05 16:00:00,1.9897300518134713,True,True,True,False
STBLUSDT,2025-12-14 16:00:00,2025-12-14 20:00:00,2025-12-17 16:00:00,1.9900716981132074,True,True,True,False
STBLUSDT,2026-01-12 20:00:00,2026-01-13 00:00:00,2026-01-13 20:00:00,-1.0167647798742139,True,False,False,False
STBLUSDT,2026-02-22 16:00:00,2026-02-22 20:00:00,2026-02-25 16:00:00,-1.0230392694063928,True,True,True,False
STBLUSDT,2026-03-14 04:00:00,2026-03-14 08:00:00,2026-03-15 12:00:00,-1.0183282442748094,True,True,True,False
STBLUSDT,2026-03-24 08:00:00,2026-03-24 12:00:00,2026-03-29 20:00:00,1.9868852,True,True,False,False
STBLUSDT,2026-04-02 00:00:00,2026-04-02 04:00:00,2026-04-02 16:00:00,-1.0200818604651165,True,True,False,False
STBLUSDT,2026-04-10 08:00:00,2026-04-10 12:00:00,2026-04-10 12:00:00,-1.0410366972477063,True,True,False,False
STBLUSDT,2026-05-18 04:00:00,2026-05-18 08:00:00,2026-05-20 16:00:00,-1.0194600000000003,True,True,False,False
STBLUSDT,2026-06-24 00:00:00,2026-06-24 04:00:00,2026-06-28 00:00:00,-1.0140408333333335,True,True,True,False
STBLUSDT,2026-07-07 16:00:00,2026-07-07 20:00:00,2026-07-15 16:00:00,0.2811480314960614,True,True,False,False
STBLUSDT,2026-07-29 00:00:00,2026-07-29 04:00:00,2026-07-30 04:00:00,-1.0183602409638557,True,True,False,False
STBLUSDT,2026-08-10 08:00:00,2026-08-10 12:00:00,2026-08-16 16:00:00,-1.0177703703703704,True,False,False,False
STEEMUSDT,2024-09-16 08:00:00,2024-09-16 12:00:00,2024-09-19 12:00:00,-1.019954601226994,True,False,False,True
STEEMUSDT,2024-09-30 12:00:00,2024-09-30 16:00:00,2024-10-08 12:00:00,0.6169997250859103,True,False,False,False
STEEMUSDT,2024-10-09 20:00:00,2024-10-10 00:00:00,2024-10-12 00:00:00,-1.0342696503496505,True,False,False,False
STEEMUSDT,2024-10-17 08:00:00,2024-10-17 12:00:00,2024-10-20 20:00:00,-1.0212954349698538,True,False,False,False
STEEMUSDT,2024-10-22 08:00:00,2024-10-22 12:00:00,2024-10-25 20:00:00,1.9832862461220266,True,False,False,False
STEEMUSDT,2024-11-01 04:00:00,2024-11-01 08:00:00,2024-11-07 20:00:00,-1.0144486833654465,True,True,True,False
STEEMUSDT,2024-12-14 12:00:00,2024-12-14 16:00:00,2024-12-18 16:00:00,1.9869943005181345,True,False,False,False
STEEMUSDT,2025-01-07 12:00:00,2025-01-07 16:00:00,2025-01-08 08:00:00,-1.015795652173913,True,False,True,False
STEEMUSDT,2025-01-18 00:00:00,2025-01-18 04:00:00,2025-01-19 08:00:00,1.983852258064516,True,True,True,False
STEEMUSDT,2025-01-23 16:00:00,2025-01-23 20:00:00,2025-01-24 08:00:00,-1.0154569466455363,True,True,True,False
STEEMUSDT,2025-01-28 20:00:00,2025-01-29 00:00:00,2025-02-02 16:00:00,1.9853014319809068,True,True,True,False
STEEMUSDT,2025-02-12 04:00:00,2025-02-12 08:00:00,2025-02-16 12:00:00,-1.0157005855562786,True,True,True,False
STEEMUSDT,2025-02-18 04:00:00,2025-02-18 08:00:00,2025-02-26 04:00:00,0.7352112621359219,True,True,True,False
STEEMUSDT,2025-03-09 08:00:00,2025-03-09 12:00:00,2025-03-17 08:00:00,-0.027427755102041707,True,True,True,False
STEEMUSDT,2025-03-24 00:00:00,2025-03-24 04:00:00,2025-03-25 00:00:00,-1.0247766129032259,True,True,True,False
STEEMUSDT,2025-04-02 20:00:00,2025-04-03 00:00:00,2025-04-10 00:00:00,-1.0148786034019697,True,True,True,False
STEEMUSDT,2025-04-21 20:00:00,2025-04-22 00:00:00,2025-04-22 20:00:00,-1.043003433476395,True,False,True,False
STEEMUSDT,2025-05-04 00:00:00,2025-05-04 04:00:00,2025-05-09 08:00:00,-1.015054765506808,True,False,False,False
STEEMUSDT,2025-05-15 04:00:00,2025-05-15 08:00:00,2025-05-23 04:00:00,-0.44045417236662027,True,False,False,False
STEEMUSDT,2025-05-23 20:00:00,2025-05-24 00:00:00,2025-05-31 20:00:00,0.765818768328448,True,False,False,False
STEEMUSDT,2025-06-12 16:00:00,2025-06-12 20:00:00,2025-06-20 16:00:00,0.8253170642201834,True,True,True,False
STEEMUSDT,2025-07-01 20:00:00,2025-07-02 00:00:00,2025-07-02 12:00:00,-1.0167476892822027,True,True,True,False
STEEMUSDT,2025-07-29 12:00:00,2025-07-29 16:00:00,2025-08-06 12:00:00,0.6111757443718231,True,False,False,False
STEEMUSDT,2025-08-11 08:00:00,2025-08-11 12:00:00,2025-08-13 08:00:00,-1.0274613803230543,True,False,False,False
STEEMUSDT,2025-08-14 16:00:00,2025-08-14 20:00:00,2025-08-22 16:00:00,-0.7354481511914555,True,False,False,False
STEEMUSDT,2025-08-29 04:00:00,2025-08-29 08:00:00,2025-09-06 04:00:00,-0.060264610389609716,True,True,True,False
STEEMUSDT,2025-09-15 12:00:00,2025-09-15 16:00:00,2025-09-23 12:00:00,0.8986323561346373,True,False,False,False
STEEMUSDT,2025-09-25 04:00:00,2025-09-25 08:00:00,2025-10-02 00:00:00,-1.027736772046589,True,True,True,False
STEEMUSDT,2025-10-07 12:00:00,2025-10-07 16:00:00,2025-10-10 20:00:00,1.983761760242792,True,True,False,False
STEEMUSDT,2025-10-16 12:00:00,2025-10-16 16:00:00,2025-10-24 12:00:00,0.7518068614993674,True,True,True,False
STEEMUSDT,2025-10-28 20:00:00,2025-10-29 00:00:00,2025-11-03 12:00:00,1.9878768759571208,True,True,True,False
STEEMUSDT,2025-11-19 16:00:00,2025-11-19 20:00:00,2025-11-20 12:00:00,-1.0198050096339115,True,True,True,False
STEEMUSDT,2025-12-05 16:00:00,2025-12-05 20:00:00,2025-12-13 16:00:00,0.38902572463768176,True,True,True,False
STEEMUSDT,2025-12-15 12:00:00,2025-12-15 16:00:00,2025-12-23 12:00:00,0.5378011173184352,True,True,True,False
STEEMUSDT,2025-12-31 04:00:00,2025-12-31 08:00:00,2026-01-05 16:00:00,-1.0200202959830869,True,True,True,False
STEEMUSDT,2026-01-18 20:00:00,2026-01-19 00:00:00,2026-01-26 20:00:00,0.6979180327868858,True,False,False,False
STEEMUSDT,2026-02-11 04:00:00,2026-02-11 08:00:00,2026-02-13 16:00:00,-1.0160590163934429,True,True,True,False
STEEMUSDT,2026-02-22 08:00:00,2026-02-22 12:00:00,2026-02-24 00:00:00,-1.0311275229357797,True,True,True,False
STEEMUSDT,2026-03-06 08:00:00,2026-03-06 12:00:00,2026-03-07 00:00:00,-1.0292126394052044,True,False,True,False
STEEMUSDT,2026-03-11 00:00:00,2026-03-11 04:00:00,2026-03-12 00:00:00,-1.0265815181518152,True,False,True,False
STEEMUSDT,2026-04-02 08:00:00,2026-04-02 12:00:00,2026-04-03 08:00:00,-1.0219476323119778,True,False,False,False
STEEMUSDT,2026-04-05 12:00:00,2026-04-05 16:00:00,2026-04-06 08:00:00,-1.0716477876106194,True,False,False,False
STEEMUSDT,2026-04-07 08:00:00,2026-04-07 12:00:00,2026-04-07 20:00:00,-1.038968932038835,True,True,False,False
STEEMUSDT,2026-04-11 00:00:00,2026-04-11 04:00:00,2026-04-16 16:00:00,-1.0417098445595856,True,True,False,False
STEEMUSDT,2026-04-23 00:00:00,2026-04-23 04:00:00,2026-05-01 00:00:00,0.6644065934065924,True,True,False,False
STEEMUSDT,2026-05-02 08:00:00,2026-05-02 12:00:00,2026-05-05 00:00:00,-1.0432911111111112,True,True,False,False
STEEMUSDT,2026-05-13 12:00:00,2026-05-13 16:00:00,2026-05-21 12:00:00,1.0863777777777777,True,False,False,False
STEEMUSDT,2026-05-22 16:00:00,2026-05-22 20:00:00,2026-05-23 00:00:00,-1.0323115044247786,True,True,False,False
STEEMUSDT,2026-05-27 00:00:00,2026-05-27 04:00:00,2026-05-31 04:00:00,-1.0231382636655948,True,True,False,False
STEEMUSDT,2026-06-02 12:00:00,2026-06-02 16:00:00,2026-06-10 12:00:00,1.002521443736731,True,True,False,False
STEEMUSDT,2026-06-18 00:00:00,2026-06-18 04:00:00,2026-06-23 04:00:00,1.9734291390728473,True,True,False,False
STEEMUSDT,2026-06-24 16:00:00,2026-06-24 20:00:00,2026-06-27 04:00:00,-1.0285277486910995,True,True,True,False
STEEMUSDT,2026-06-30 12:00:00,2026-06-30 16:00:00,2026-07-04 00:00:00,-1.022338152610442,True,True,True,False
STEEMUSDT,2026-07-07 20:00:00,2026-07-08 00:00:00,2026-07-11 16:00:00,-1.0246620087336245,True,True,False,False
STEEMUSDT,2026-07-19 20:00:00,2026-07-20 00:00:00,2026-07-21 16:00:00,-1.053735294117647,True,True,False,False
STEEMUSDT,2026-07-27 12:00:00,2026-07-27 16:00:00,2026-08-04 12:00:00,0.9333019999999983,True,True,False,False
STEEMUSDT,2026-08-12 20:00:00,2026-08-13 00:00:00,2026-08-13 04:00:00,-1.0285119999999999,True,True,False,False
STEEMUSDT,2026-08-18 00:00:00,2026-08-18 04:00:00,2026-08-19 20:00:00,-1.020675536480687,True,True,False,False
STGUSDT,2024-09-04 00:00:00,2024-09-04 04:00:00,2024-09-12 00:00:00,-0.6506746268656737,True,False,False,True
STGUSDT,2024-09-29 04:00:00,2024-09-29 08:00:00,2024-10-03 08:00:00,1.9880597609561752,True,False,False,False
STGUSDT,2024-10-08 04:00:00,2024-10-08 08:00:00,2024-10-13 00:00:00,-1.0308530303030303,True,False,False,False
STGUSDT,2024-10-17 04:00:00,2024-10-17 08:00:00,2024-10-25 04:00:00,0.9603679558011038,True,False,False,False
STGUSDT,2024-10-25 16:00:00,2024-10-25 20:00:00,2024-11-02 16:00:00,1.2530471544715398,True,True,False,False
STGUSDT,2024-11-12 08:00:00,2024-11-12 12:00:00,2024-11-20 08:00:00,0.650881188118812,True,False,False,False
STGUSDT,2024-12-17 20:00:00,2024-12-18 00:00:00,2024-12-19 00:00:00,1.9850742574257423,True,False,False,False
STGUSDT,2025-01-28 20:00:00,2025-01-29 00:00:00,2025-01-30 12:00:00,-1.0172575875486383,True,True,True,False
STGUSDT,2025-02-24 00:00:00,2025-02-24 04:00:00,2025-02-25 04:00:00,1.9830671428571425,True,True,True,False
STGUSDT,2025-03-08 08:00:00,2025-03-08 12:00:00,2025-03-10 16:00:00,1.9862345323741006,True,True,True,False
STGUSDT,2025-03-28 04:00:00,2025-03-28 08:00:00,2025-04-02 20:00:00,1.9878387499999999,True,True,True,False
STGUSDT,2025-04-06 16:00:00,2025-04-06 20:00:00,2025-04-09 20:00:00,-1.0188393700787404,True,True,True,False
STGUSDT,2025-04-16 04:00:00,2025-04-16 08:00:00,2025-04-18 04:00:00,-1.0266446808510639,True,True,True,False
STGUSDT,2025-05-04 00:00:00,2025-05-04 04:00:00,2025-05-10 00:00:00,-1.0164643274853802,True,False,False,False
STGUSDT,2025-05-17 00:00:00,2025-05-17 04:00:00,2025-05-25 00:00:00,0.6560355140186925,True,False,False,False
STGUSDT,2025-05-25 04:00:00,2025-05-25 08:00:00,2025-05-27 12:00:00,-1.0486690909090908,True,True,False,False
STGUSDT,2025-05-29 16:00:00,2025-05-29 20:00:00,2025-05-31 00:00:00,1.9797341176470586,True,True,False,False
STGUSDT,2025-06-05 16:00:00,2025-06-05 20:00:00,2025-06-10 08:00:00,-1.0258125,True,True,True,False
STGUSDT,2025-06-12 20:00:00,2025-06-13 00:00:00,2025-06-20 20:00:00,1.255152258064517,True,True,True,False
STGUSDT,2025-07-01 08:00:00,2025-07-01 12:00:00,2025-07-09 08:00:00,-0.9041655913978476,True,True,True,False
STGUSDT,2025-07-23 16:00:00,2025-07-23 20:00:00,2025-07-31 16:00:00,1.1655264150943396,True,False,False,False
STGUSDT,2025-07-31 20:00:00,2025-08-01 00:00:00,2025-08-08 20:00:00,-0.17266170212766102,True,False,False,False
STGUSDT,2025-08-19 12:00:00,2025-08-19 16:00:00,2025-08-20 16:00:00,-1.0146427672955975,True,False,False,False
STGUSDT,2025-08-31 20:00:00,2025-09-01 00:00:00,2025-09-08 12:00:00,-1.0296181818181818,True,True,True,False
STGUSDT,2025-09-12 12:00:00,2025-09-12 16:00:00,2025-09-13 00:00:00,-1.03976,True,False,False,False
STGUSDT,2025-09-14 12:00:00,2025-09-14 16:00:00,2025-09-18 20:00:00,-1.0226266666666668,True,False,False,False
STGUSDT,2025-09-22 00:00:00,2025-09-22 04:00:00,2025-09-23 20:00:00,-1.0212825688073397,True,False,False,False
STGUSDT,2025-10-09 12:00:00,2025-10-09 16:00:00,2025-10-10 20:00:00,1.990677894736842,True,False,True,False
STGUSDT,2025-10-16 04:00:00,2025-10-16 08:00:00,2025-10-24 04:00:00,0.5019378151260493,True,True,True,False
STGUSDT,2025-10-26 00:00:00,2025-10-26 04:00:00,2025-10-30 16:00:00,1.9806943661971828,True,True,True,False
STGUSDT,2025-11-14 00:00:00,2025-11-14 04:00:00,2025-11-21 04:00:00,1.9876938775510202,True,True,True,False
STGUSDT,2025-12-05 12:00:00,2025-12-05 16:00:00,2025-12-09 12:00:00,-1.0177284210526318,True,True,True,False
STGUSDT,2025-12-12 12:00:00,2025-12-12 16:00:00,2025-12-12 20:00:00,-1.026446875,True,True,True,False
STGUSDT,2025-12-17 16:00:00,2025-12-17 20:00:00,2025-12-25 16:00:00,0.39620747663551353,True,True,True,False
STGUSDT,2025-12-25 20:00:00,2025-12-26 00:00:00,2026-01-02 00:00:00,-1.03332,True,True,True,False
STGUSDT,2026-01-08 08:00:00,2026-01-08 12:00:00,2026-01-08 20:00:00,-1.0248029850746267,True,False,False,False
STGUSDT,2026-03-13 20:00:00,2026-03-14 00:00:00,2026-03-15 16:00:00,-1.0164429530201344,True,False,True,False
STGUSDT,2026-03-21 20:00:00,2026-03-22 00:00:00,2026-03-23 16:00:00,-1.0209050847457628,True,False,False,False
STGUSDT,2026-04-03 08:00:00,2026-04-03 12:00:00,2026-04-06 08:00:00,1.9891958139534882,True,False,False,False
STGUSDT,2026-04-09 20:00:00,2026-04-10 00:00:00,2026-04-10 12:00:00,-1.0161636363636366,True,False,False,False
STGUSDT,2026-04-18 20:00:00,2026-04-19 00:00:00,2026-04-26 20:00:00,0.5814163636363632,True,False,False,False
STGUSDT,2026-05-26 16:00:00,2026-05-26 20:00:00,2026-05-27 16:00:00,-1.0200162162162163,True,True,False,False
STGUSDT,2026-05-28 08:00:00,2026-05-28 12:00:00,2026-05-29 08:00:00,-1.0158463768115944,True,True,True,False
STGUSDT,2026-07-04 16:00:00,2026-07-04 20:00:00,2026-07-06 16:00:00,-1.0254141176470588,True,True,False,False
STGUSDT,2026-07-13 00:00:00,2026-07-13 04:00:00,2026-07-21 00:00:00,0.5835575221238936,True,True,False,False
STGUSDT,2026-07-23 16:00:00,2026-07-23 20:00:00,2026-07-29 00:00:00,1.985385714285714,True,True,False,False
STGUSDT,2026-08-03 00:00:00,2026-08-03 04:00:00,2026-08-03 16:00:00,-1.024669696969697,True,True,False,False
STOUSDT,2025-06-20 16:00:00,2025-06-20 20:00:00,2025-06-22 12:00:00,1.985402336448598,True,True,True,False
STOUSDT,2025-07-19 08:00:00,2025-07-19 12:00:00,2025-07-21 04:00:00,-1.0143628992628995,True,False,False,False
STOUSDT,2025-07-28 12:00:00,2025-07-28 16:00:00,2025-08-01 00:00:00,1.990401243523316,True,False,False,False
STOUSDT,2025-09-01 00:00:00,2025-09-01 04:00:00,2025-09-09 00:00:00,-0.3287831210191075,True,True,True,False
STOUSDT,2025-09-30 00:00:00,2025-09-30 04:00:00,2025-10-02 08:00:00,-1.0183538461538464,True,True,True,False
STOUSDT,2025-10-15 08:00:00,2025-10-15 12:00:00,2025-10-16 00:00:00,-1.0183581436077058,True,False,True,False
STOUSDT,2025-10-22 16:00:00,2025-10-22 20:00:00,2025-10-23 12:00:00,-1.0176370592648163,True,False,True,False
STOUSDT,2025-11-04 04:00:00,2025-11-04 08:00:00,2025-11-04 12:00:00,-1.025127114967462,True,False,True,False
STOUSDT,2025-11-06 12:00:00,2025-11-06 16:00:00,2025-11-11 08:00:00,-1.0200110429447855,True,False,True,False
STOUSDT,2025-11-24 08:00:00,2025-11-24 12:00:00,2025-11-24 16:00:00,-1.0303462962962961,True,True,True,False
STOUSDT,2025-12-18 12:00:00,2025-12-18 16:00:00,2025-12-26 12:00:00,1.5305232160804039,True,True,True,False
STOUSDT,2025-12-28 08:00:00,2025-12-28 12:00:00,2025-12-31 16:00:00,1.9886343220338982,True,True,True,False
STOUSDT,2026-01-11 20:00:00,2026-01-12 00:00:00,2026-01-17 08:00:00,-1.0300881355932203,True,True,False,False
STOUSDT,2026-01-31 00:00:00,2026-01-31 04:00:00,2026-02-03 16:00:00,1.9872140495867767,True,True,True,False
STOUSDT,2026-03-07 00:00:00,2026-03-07 04:00:00,2026-03-08 16:00:00,-1.0148415441176473,True,True,True,False
STOUSDT,2026-04-27 04:00:00,2026-04-27 08:00:00,2026-04-28 04:00:00,-1.0270697777777777,True,True,False,False
STOUSDT,2026-05-05 12:00:00,2026-05-05 16:00:00,2026-05-13 12:00:00,1.9832862660944204,True,True,False,False
STOUSDT,2026-05-15 12:00:00,2026-05-15 16:00:00,2026-05-23 12:00:00,1.269377516778521,True,True,False,False
STOUSDT,2026-05-26 12:00:00,2026-05-26 16:00:00,2026-06-02 16:00:00,1.986847865168539,True,True,False,False
STOUSDT,2026-06-07 16:00:00,2026-06-07 20:00:00,2026-06-08 16:00:00,-1.0165906542056076,True,True,True,False
STOUSDT,2026-06-18 08:00:00,2026-06-18 12:00:00,2026-06-21 16:00:00,-1.026007490636704,True,True,False,False
STOUSDT,2026-07-12 04:00:00,2026-07-12 08:00:00,2026-07-15 00:00:00,-1.03416,True,True,False,False
STOUSDT,2026-07-20 04:00:00,2026-07-20 08:00:00,2026-07-22 12:00:00,-1.0251194690265486,True,True,False,False
STOUSDT,2026-07-24 00:00:00,2026-07-24 04:00:00,2026-08-01 00:00:00,0.5968308510638308,True,True,False,False
STOUSDT,2026-08-01 16:00:00,2026-08-01 20:00:00,2026-08-04 08:00:00,-1.0287550561797754,True,True,False,False
STOUSDT,2026-08-12 12:00:00,2026-08-12 16:00:00,2026-08-15 08:00:00,-1.0389565217391301,True,True,False,False
STOUSDT,2026-08-16 20:00:00,2026-08-17 00:00:00,2026-08-18 12:00:00,-1.0573096774193547,True,True,False,False
SUNUSDT,2024-09-06 16:00:00,2024-09-06 20:00:00,2024-09-08 20:00:00,-1.020201890989989,True,False,False,True
SUNUSDT,2024-09-18 12:00:00,2024-09-18 16:00:00,2024-09-19 00:00:00,-1.0157290808638877,True,False,False,True
SUNUSDT,2024-09-25 20:00:00,2024-09-26 00:00:00,2024-09-26 16:00:00,-1.0227212949640287,True,False,False,False
SUNUSDT,2024-10-21 20:00:00,2024-10-22 00:00:00,2024-10-29 16:00:00,-1.0194044512663087,True,True,False,False
SUNUSDT,2024-11-03 00:00:00,2024-11-03 04:00:00,2024-11-09 20:00:00,-1.0140991935483872,True,True,True,False
SUNUSDT,2024-11-20 00:00:00,2024-11-20 04:00:00,2024-11-23 12:00:00,-1.015161028277635,True,False,False,False
SUNUSDT,2025-01-07 16:00:00,2025-01-07 20:00:00,2025-01-15 16:00:00,0.6877861440291702,True,False,True,False
SUNUSDT,2025-01-26 20:00:00,2025-01-27 00:00:00,2025-02-02 20:00:00,1.9875585127201565,True,True,True,False
SUNUSDT,2025-02-13 16:00:00,2025-02-13 20:00:00,2025-02-21 16:00:00,0.8591644859813046,True,True,True,False
SUNUSDT,2025-02-25 04:00:00,2025-02-25 08:00:00,2025-03-05 04:00:00,0.022084070260447296,True,True,True,False
SUNUSDT,2025-03-09 16:00:00,2025-03-09 20:00:00,2025-03-17 16:00:00,0.5383622439893149,True,True,True,False
SUNUSDT,2025-03-23 16:00:00,2025-03-23 20:00:00,2025-03-31 16:00:00,-0.41699417177914,True,True,True,False
SUNUSDT,2025-04-06 20:00:00,2025-04-07 00:00:00,2025-04-12 04:00:00,-1.0233679745493107,True,True,True,False
SUNUSDT,2025-04-17 00:00:00,2025-04-17 04:00:00,2025-04-21 20:00:00,-1.0350549848942598,True,False,True,False
SUNUSDT,2025-05-06 00:00:00,2025-05-06 04:00:00,2025-05-08 12:00:00,-1.039884142394822,True,False,False,False
SUNUSDT,2025-05-17 04:00:00,2025-05-17 08:00:00,2025-05-25 04:00:00,-0.4143848812095029,True,False,False,False
SUNUSDT,2025-05-30 00:00:00,2025-05-30 04:00:00,2025-06-07 00:00:00,0.15427910958903915,True,False,False,False
SUNUSDT,2025-06-11 16:00:00,2025-06-11 20:00:00,2025-06-17 00:00:00,1.979577251184834,True,False,True,False
SUNUSDT,2025-06-17 16:00:00,2025-06-17 20:00:00,2025-06-25 16:00:00,0.7093198986058297,True,True,True,False
SUNUSDT,2025-06-30 08:00:00,2025-06-30 12:00:00,2025-07-01 00:00:00,-1.0749322368421055,True,True,True,False
SUNUSDT,2025-07-23 16:00:00,2025-07-23 20:00:00,2025-07-25 16:00:00,-1.0335072727272727,True,False,False,False
SUNUSDT,2025-08-18 00:00:00,2025-08-18 04:00:00,2025-08-22 00:00:00,-1.0475592430858807,True,False,False,False
SUNUSDT,2025-08-25 20:00:00,2025-08-26 00:00:00,2025-09-02 20:00:00,1.0518102797657787,True,False,False,False
SUNUSDT,2025-09-04 04:00:00,2025-09-04 08:00:00,2025-09-06 12:00:00,1.96488875,True,False,True,False
SUNUSDT,2025-09-15 12:00:00,2025-09-15 16:00:00,2025-09-18 08:00:00,-1.0425482810164424,True,True,False,False
SUNUSDT,2025-10-04 12:00:00,2025-10-04 16:00:00,2025-10-07 08:00:00,-1.0471232432432431,True,False,True,False
SUNUSDT,2025-10-16 16:00:00,2025-10-16 20:00:00,2025-10-24 16:00:00,0.8467825000000021,True,True,True,False
SUNUSDT,2025-10-30 12:00:00,2025-10-30 16:00:00,2025-11-07 12:00:00,-0.25611350806451716,True,True,True,False
SUNUSDT,2025-11-12 16:00:00,2025-11-12 20:00:00,2025-11-20 16:00:00,0.9999150905432521,True,True,True,False
SUNUSDT,2025-11-29 16:00:00,2025-11-29 20:00:00,2025-12-05 16:00:00,-1.05831377245509,True,True,True,False
SUNUSDT,2025-12-08 16:00:00,2025-12-08 20:00:00,2025-12-09 16:00:00,1.949415691489362,True,True,True,False
SUNUSDT,2025-12-13 16:00:00,2025-12-13 20:00:00,2025-12-21 16:00:00,-0.4753967741935494,True,True,True,False
SUNUSDT,2025-12-25 00:00:00,2025-12-25 04:00:00,2025-12-25 12:00:00,1.9383777397260276,True,True,True,False
SUNUSDT,2026-01-16 08:00:00,2026-01-16 12:00:00,2026-01-17 20:00:00,-1.0942423452768735,True,False,False,False
SUNUSDT,2026-01-20 20:00:00,2026-01-21 00:00:00,2026-01-27 16:00:00,1.9874453729281767,True,False,True,False
SUNUSDT,2026-02-05 08:00:00,2026-02-05 12:00:00,2026-02-13 08:00:00,0.5666468976631777,True,True,True,False
SUNUSDT,2026-02-23 00:00:00,2026-02-23 04:00:00,2026-02-27 16:00:00,1.960060106382979,True,True,True,False
SUNUSDT,2026-03-09 16:00:00,2026-03-09 20:00:00,2026-03-14 08:00:00,-1.0342567901234565,True,True,True,False
SUNUSDT,2026-03-26 16:00:00,2026-03-26 20:00:00,2026-04-03 16:00:00,-0.04692402315484767,True,False,False,False
SUNUSDT,2026-04-24 20:00:00,2026-04-25 00:00:00,2026-05-02 20:00:00,0.33238669833729,True,False,False,False
SUNUSDT,2026-05-15 00:00:00,2026-05-15 04:00:00,2026-05-23 00:00:00,-0.49489722222222216,True,False,False,False
SUNUSDT,2026-05-27 08:00:00,2026-05-27 12:00:00,2026-05-27 20:00:00,1.9676759425493717,True,False,False,False
SUNUSDT,2026-06-02 12:00:00,2026-06-02 16:00:00,2026-06-10 12:00:00,0.2596814814814846,True,True,False,False
SUNUSDT,2026-06-11 12:00:00,2026-06-11 16:00:00,2026-06-11 20:00:00,1.941828517110266,True,True,True,False
SUNUSDT,2026-06-24 12:00:00,2026-06-24 16:00:00,2026-06-30 08:00:00,1.944831294964029,True,True,True,False
SUNUSDT,2026-07-13 08:00:00,2026-07-13 12:00:00,2026-07-19 00:00:00,-1.0641045226130654,True,False,False,False
SUNUSDT,2026-07-23 12:00:00,2026-07-23 16:00:00,2026-07-27 20:00:00,1.9310916317991633,True,False,False,False
SUNUSDT,2026-08-14 20:00:00,2026-08-15 00:00:00,2026-08-18 04:00:00,1.9318647058823537,True,False,False,False
SUPERUSDT,2024-09-06 16:00:00,2024-09-06 20:00:00,2024-09-08 08:00:00,-1.0188497757847534,True,False,False,True
SUPERUSDT,2024-09-18 00:00:00,2024-09-18 04:00:00,2024-09-18 20:00:00,-1.0245383966244725,True,False,False,True
SUPERUSDT,2024-11-02 08:00:00,2024-11-02 12:00:00,2024-11-03 12:00:00,1.9887808341608737,True,False,True,False
SUPERUSDT,2024-12-14 12:00:00,2024-12-14 16:00:00,2024-12-15 16:00:00,-1.0192915745856355,True,False,False,False
SUPERUSDT,2024-12-29 16:00:00,2024-12-29 20:00:00,2025-01-03 16:00:00,-1.0191567316620243,True,True,True,False
SUPERUSDT,2025-01-26 20:00:00,2025-01-27 00:00:00,2025-01-31 12:00:00,-1.0154590163934427,True,True,True,False
SUPERUSDT,2025-02-16 20:00:00,2025-02-17 00:00:00,2025-02-18 12:00:00,1.9878709497206701,True,True,True,False
SUPERUSDT,2025-03-08 00:00:00,2025-03-08 04:00:00,2025-03-10 12:00:00,1.9905535433070864,True,True,True,False
SUPERUSDT,2025-03-18 12:00:00,2025-03-18 16:00:00,2025-03-19 20:00:00,-1.0150577777777778,True,True,True,False
SUPERUSDT,2025-03-31 08:00:00,2025-03-31 12:00:00,2025-04-01 08:00:00,-1.0141147540983608,True,True,True,False
SUPERUSDT,2025-04-14 20:00:00,2025-04-15 00:00:00,2025-04-22 12:00:00,-1.0171173333333334,True,False,True,False
SUPERUSDT,2025-04-28 00:00:00,2025-04-28 04:00:00,2025-04-28 08:00:00,-1.0191000000000001,True,False,False,False
SUPERUSDT,2025-05-05 12:00:00,2025-05-05 16:00:00,2025-05-08 04:00:00,-1.0192957805907175,True,False,False,False
SUPERUSDT,2025-05-12 12:00:00,2025-05-12 16:00:00,2025-05-20 12:00:00,0.589837453183521,True,False,False,False
SUPERUSDT,2025-05-25 08:00:00,2025-05-25 12:00:00,2025-05-26 04:00:00,-1.0181572156196945,True,False,False,False
SUPERUSDT,2025-05-28 12:00:00,2025-05-28 16:00:00,2025-06-05 12:00:00,1.630902472527469,True,False,False,False
SUPERUSDT,2025-06-21 16:00:00,2025-06-21 20:00:00,2025-06-24 00:00:00,-1.0148284023668641,True,True,True,False
SUPERUSDT,2025-07-23 16:00:00,2025-07-23 20:00:00,2025-07-28 04:00:00,-1.0150523744911806,True,False,False,False
SUPERUSDT,2025-07-30 04:00:00,2025-07-30 08:00:00,2025-08-01 12:00:00,1.9869539543057995,True,False,False,False
SUPERUSDT,2025-08-18 00:00:00,2025-08-18 04:00:00,2025-08-26 00:00:00,1.6730170974155056,True,True,False,False
SUPERUSDT,2025-08-29 08:00:00,2025-08-29 12:00:00,2025-09-05 12:00:00,-1.0217319034852548,True,True,True,False
SUPERUSDT,2025-09-07 16:00:00,2025-09-07 20:00:00,2025-09-08 12:00:00,-1.045417877094972,True,True,True,False
SUPERUSDT,2025-09-10 08:00:00,2025-09-10 12:00:00,2025-09-12 04:00:00,-1.0276020547945206,True,True,True,False
SUPERUSDT,2025-09-17 08:00:00,2025-09-17 12:00:00,2025-09-18 00:00:00,-1.0333522633744856,True,True,False,False
SUPERUSDT,2025-10-07 04:00:00,2025-10-07 08:00:00,2025-10-10 12:00:00,1.9800226765799254,True,False,False,False
SUPERUSDT,2025-11-03 00:00:00,2025-11-03 04:00:00,2025-11-04 16:00:00,1.9899639871382635,True,True,True,False
SUPERUSDT,2025-12-14 08:00:00,2025-12-14 12:00:00,2025-12-15 16:00:00,1.9798321739130433,True,True,True,False
SUPERUSDT,2025-12-17 04:00:00,2025-12-17 08:00:00,2025-12-18 16:00:00,1.9782687499999998,True,True,True,False
SUPERUSDT,2025-12-23 04:00:00,2025-12-23 08:00:00,2025-12-31 04:00:00,0.7592000000000002,True,True,True,False
SUPERUSDT,2025-12-31 16:00:00,2025-12-31 20:00:00,2026-01-01 20:00:00,-1.039104109589041,True,True,True,False
SUPERUSDT,2026-01-12 04:00:00,2026-01-12 08:00:00,2026-01-13 20:00:00,-1.0247764705882352,True,True,False,False
SUPERUSDT,2026-01-29 00:00:00,2026-01-29 04:00:00,2026-01-31 04:00:00,1.9839588235294117,True,True,True,False
SUPERUSDT,2026-02-05 00:00:00,2026-02-05 04:00:00,2026-02-06 00:00:00,1.9902984251968503,True,True,True,False
SUPERUSDT,2026-02-11 04:00:00,2026-02-11 08:00:00,2026-02-11 12:00:00,-1.0320901960784314,True,True,True,False
SUPERUSDT,2026-02-22 00:00:00,2026-02-22 04:00:00,2026-02-23 00:00:00,1.9771086956521735,True,True,True,False
SUPERUSDT,2026-02-28 04:00:00,2026-02-28 08:00:00,2026-03-01 00:00:00,-1.0156714285714288,True,True,True,False
SUPERUSDT,2026-03-21 20:00:00,2026-03-22 00:00:00,2026-03-23 08:00:00,1.9722249999999997,True,True,False,False
SUPERUSDT,2026-03-29 08:00:00,2026-03-29 12:00:00,2026-04-06 08:00:00,0.005131958762887186,True,True,True,False
SUPERUSDT,2026-04-12 00:00:00,2026-04-12 04:00:00,2026-04-14 00:00:00,-1.0231411764705882,True,False,False,False
SUPERUSDT,2026-04-23 00:00:00,2026-04-23 04:00:00,2026-04-24 16:00:00,-1.020489411764706,True,False,False,False
SUPERUSDT,2026-04-27 12:00:00,2026-04-27 16:00:00,2026-05-05 12:00:00,-0.17367647058823543,True,False,False,False
SUPERUSDT,2026-05-13 12:00:00,2026-05-13 16:00:00,2026-05-21 12:00:00,0.7094747967479671,True,False,False,False
SUPERUSDT,2026-05-23 04:00:00,2026-05-23 08:00:00,2026-05-24 00:00:00,-1.0145844660194177,True,True,False,False
SUPERUSDT,2026-06-02 12:00:00,2026-06-02 16:00:00,2026-06-06 04:00:00,1.989097727272727,True,True,False,False
SUPERUSDT,2026-06-18 08:00:00,2026-06-18 12:00:00,2026-06-21 00:00:00,-1.0162123456790124,True,True,False,False
SUPERUSDT,2026-06-24 16:00:00,2026-06-24 20:00:00,2026-07-02 16:00:00,-0.6183292307692303,True,True,True,False
SUPERUSDT,2026-07-08 00:00:00,2026-07-08 04:00:00,2026-07-16 00:00:00,-0.046893617021277104,True,True,False,False
SUPERUSDT,2026-07-24 12:00:00,2026-07-24 16:00:00,2026-08-01 12:00:00,0.3095784615384602,True,True,False,False
SUPERUSDT,2026-08-12 12:00:00,2026-08-12 16:00:00,2026-08-19 12:00:00,-1.0306231958762886,True,False,False,False
SWARMSUSDT,2025-03-28 08:00:00,2025-03-28 12:00:00,2025-04-01 08:00:00,1.9884241379310343,True,True,True,False
SWARMSUSDT,2025-04-06 12:00:00,2025-04-06 16:00:00,2025-04-06 20:00:00,1.9891526315789472,True,True,True,False
SWARMSUSDT,2025-05-05 12:00:00,2025-05-05 16:00:00,2025-05-06 16:00:00,1.9906770992366412,True,True,False,False
SWARMSUSDT,2025-08-19 20:00:00,2025-08-20 00:00:00,2025-08-20 16:00:00,-1.0265440000000001,True,True,False,False
SWARMSUSDT,2025-08-21 16:00:00,2025-08-21 20:00:00,2025-08-22 12:00:00,-1.0160608695652176,True,True,False,False
SWARMSUSDT,2025-09-25 20:00:00,2025-09-26 00:00:00,2025-10-01 08:00:00,-1.0164105960264902,True,True,True,False
SWARMSUSDT,2025-10-04 12:00:00,2025-10-04 16:00:00,2025-10-10 16:00:00,1.9868999999999999,True,True,True,False
SWARMSUSDT,2025-12-12 16:00:00,2025-12-12 20:00:00,2025-12-12 20:00:00,-1.0217538461538465,True,True,True,False
SWARMSUSDT,2026-01-15 00:00:00,2026-01-15 04:00:00,2026-01-17 16:00:00,-1.016226229508197,True,False,False,False
SWARMSUSDT,2026-01-25 00:00:00,2026-01-25 04:00:00,2026-01-27 12:00:00,-1.0235117647058822,True,True,True,False
SWARMSUSDT,2026-02-11 12:00:00,2026-02-11 16:00:00,2026-02-12 08:00:00,-1.0205955555555557,True,True,True,False
SWARMSUSDT,2026-02-18 08:00:00,2026-02-18 12:00:00,2026-02-19 00:00:00,-1.0185629629629631,True,True,True,False
SWARMSUSDT,2026-02-22 20:00:00,2026-02-23 00:00:00,2026-02-25 08:00:00,-1.0206956521739132,True,True,True,False
SWARMSUSDT,2026-03-14 08:00:00,2026-03-14 12:00:00,2026-03-21 00:00:00,-1.0181571701720842,True,True,True,False
SWARMSUSDT,2026-05-25 00:00:00,2026-05-25 04:00:00,2026-05-26 12:00:00,1.9784021377672207,True,True,False,False
SWARMSUSDT,2026-06-22 16:00:00,2026-06-22 20:00:00,2026-06-24 12:00:00,1.9841192857142855,True,True,False,False
SWARMSUSDT,2026-07-06 04:00:00,2026-07-06 08:00:00,2026-07-08 12:00:00,1.9817819018404905,True,True,False,False
SWELLUSDT,2024-11-19 12:00:00,2024-11-19 16:00:00,2024-11-27 12:00:00,-1.016481012658228,True,False,False,False
SWELLUSDT,2025-01-13 04:00:00,2025-01-13 08:00:00,2025-01-15 16:00:00,-1.018186206896552,True,True,True,False
SWELLUSDT,2025-01-26 20:00:00,2025-01-27 00:00:00,2025-01-27 00:00:00,-1.015314917127072,True,True,True,False
SWELLUSDT,2025-03-31 04:00:00,2025-03-31 08:00:00,2025-04-03 08:00:00,1.9898441176470587,True,True,True,False
SWELLUSDT,2025-04-05 16:00:00,2025-04-05 20:00:00,2025-04-07 04:00:00,1.987356451612903,True,True,True,False
SWELLUSDT,2025-05-06 08:00:00,2025-05-06 12:00:00,2025-05-08 00:00:00,-1.026790909090909,True,True,False,False
SWELLUSDT,2025-05-25 00:00:00,2025-05-25 04:00:00,2025-05-27 16:00:00,-1.0224656250000002,True,False,False,False
SWELLUSDT,2025-07-08 00:00:00,2025-07-08 04:00:00,2025-07-10 00:00:00,-1.021024561403509,True,True,True,False
SWELLUSDT,2025-07-30 08:00:00,2025-07-30 12:00:00,2025-08-06 04:00:00,-1.0162814814814816,True,True,False,False
SWELLUSDT,2025-08-21 16:00:00,2025-08-21 20:00:00,2025-08-22 16:00:00,-1.0189671232876714,True,True,False,False
SWELLUSDT,2025-08-28 12:00:00,2025-08-28 16:00:00,2025-09-05 12:00:00,0.8742875131164757,True,True,True,False
SWELLUSDT,2025-09-30 00:00:00,2025-09-30 04:00:00,2025-10-02 04:00:00,-1.0191797716150084,True,True,True,False
SWELLUSDT,2025-10-04 12:00:00,2025-10-04 16:00:00,2025-10-10 16:00:00,1.987220588235294,True,True,True,False
SWELLUSDT,2025-11-11 04:00:00,2025-11-11 08:00:00,2025-11-14 04:00:00,1.9907048780487804,True,True,True,False
SXTUSDT,2025-06-20 20:00:00,2025-06-21 00:00:00,2025-06-23 20:00:00,-1.0195595041322316,True,False,True,False
SXTUSDT,2025-07-05 16:00:00,2025-07-05 20:00:00,2025-07-08 16:00:00,-1.0270372492836677,True,True,True,False
SXTUSDT,2025-08-11 08:00:00,2025-08-11 12:00:00,2025-08-15 04:00:00,-1.0197718076285243,True,False,False,False
SXTUSDT,2025-08-21 12:00:00,2025-08-21 16:00:00,2025-08-22 16:00:00,-1.0175420240137223,True,True,False,False
SXTUSDT,2025-08-29 04:00:00,2025-08-29 08:00:00,2025-08-30 16:00:00,-1.0338128378378377,True,True,True,False
SXTUSDT,2025-09-04 20:00:00,2025-09-05 00:00:00,2025-09-06 08:00:00,-1.018058510638298,True,True,True,False
SXTUSDT,2025-09-13 16:00:00,2025-09-13 20:00:00,2025-09-18 12:00:00,-1.0226366197183099,True,False,False,False
SXTUSDT,2025-09-22 00:00:00,2025-09-22 04:00:00,2025-09-22 08:00:00,1.9803128065395093,True,False,False,False
SXTUSDT,2025-09-25 04:00:00,2025-09-25 08:00:00,2025-10-02 00:00:00,-1.0233413202933985,True,True,True,False
SXTUSDT,2025-10-08 00:00:00,2025-10-08 04:00:00,2025-10-08 16:00:00,-1.0165620751341682,True,True,True,False
SXTUSDT,2025-10-22 08:00:00,2025-10-22 12:00:00,2025-10-30 08:00:00,0.45012933618843715,True,True,True,False
SXTUSDT,2025-11-03 00:00:00,2025-11-03 04:00:00,2025-11-11 00:00:00,-0.012495560253699148,True,True,True,False
SXTUSDT,2025-11-16 12:00:00,2025-11-16 16:00:00,2025-11-21 04:00:00,1.9872436170212764,True,True,True,False
SXTUSDT,2025-12-04 20:00:00,2025-12-05 00:00:00,2025-12-11 00:00:00,1.985185340314136,True,True,True,False
SXTUSDT,2025-12-14 20:00:00,2025-12-15 00:00:00,2025-12-22 20:00:00,0.28020675105485193,True,True,True,False
SXTUSDT,2025-12-25 20:00:00,2025-12-26 00:00:00,2026-01-02 20:00:00,-1.025544776119403,True,True,True,False
SXTUSDT,2026-01-10 20:00:00,2026-01-11 00:00:00,2026-01-13 16:00:00,-1.0204088888888891,True,True,False,False
SXTUSDT,2026-01-18 20:00:00,2026-01-19 00:00:00,2026-01-20 16:00:00,-1.0178315789473686,True,False,False,False
SXTUSDT,2026-02-11 04:00:00,2026-02-11 08:00:00,2026-02-12 00:00:00,-1.023757894736842,True,True,True,False
SXTUSDT,2026-02-19 12:00:00,2026-02-19 16:00:00,2026-02-20 04:00:00,-1.0166947976878613,True,True,True,False
SXTUSDT,2026-02-23 00:00:00,2026-02-23 04:00:00,2026-02-23 20:00:00,-1.0181734177215191,True,True,True,False
SXTUSDT,2026-03-02 04:00:00,2026-03-02 08:00:00,2026-03-10 04:00:00,-1.0148988636363638,True,True,True,False
SXTUSDT,2026-03-18 08:00:00,2026-03-18 12:00:00,2026-03-26 08:00:00,0.764919999999998,True,True,False,False
SXTUSDT,2026-04-13 04:00:00,2026-04-13 08:00:00,2026-04-13 20:00:00,-1.0215466666666668,True,True,False,False
SXTUSDT,2026-04-27 16:00:00,2026-04-27 20:00:00,2026-05-04 16:00:00,1.9823070588235292,True,False,False,False
SXTUSDT,2026-05-17 20:00:00,2026-05-18 00:00:00,2026-05-25 20:00:00,0.1909937499999986,True,True,False,False
SXTUSDT,2026-05-31 04:00:00,2026-05-31 08:00:00,2026-06-04 00:00:00,1.9901254716981132,True,True,True,False
SXTUSDT,2026-06-14 16:00:00,2026-06-14 20:00:00,2026-06-22 16:00:00,0.3140845528455303,True,True,True,False
SXTUSDT,2026-06-22 20:00:00,2026-06-23 00:00:00,2026-06-28 20:00:00,1.9860252545824846,True,True,False,False
SXTUSDT,2026-06-30 12:00:00,2026-06-30 16:00:00,2026-07-02 00:00:00,-1.0163204419889504,True,True,True,False
SXTUSDT,2026-07-16 08:00:00,2026-07-16 12:00:00,2026-07-23 12:00:00,1.990994610778443,True,False,False,False
SXTUSDT,2026-07-29 08:00:00,2026-07-29 12:00:00,2026-08-03 20:00:00,-1.0144763578274762,True,True,False,False
SXTUSDT,2026-08-12 08:00:00,2026-08-12 12:00:00,2026-08-20 08:00:00,-0.6264629856850704,True,False,False,False
SYNUSDT,2024-09-03 12:00:00,2024-09-03 16:00:00,2024-09-11 12:00:00,0.14741944444444324,True,False,False,True
SYNUSDT,2024-10-21 12:00:00,2024-10-21 16:00:00,2024-10-24 20:00:00,-1.0173450819672132,True,False,False,False
SYNUSDT,2024-10-28 00:00:00,2024-10-28 04:00:00,2024-11-01 20:00:00,1.9889682978723402,True,False,True,False
SYNUSDT,2024-12-14 12:00:00,2024-12-14 16:00:00,2024-12-18 12:00:00,1.9886045454545453,True,False,False,False
SYNUSDT,2025-01-22 20:00:00,2025-01-23 00:00:00,2025-01-27 04:00:00,1.9909548262548262,True,True,True,False
SYNUSDT,2025-02-15 08:00:00,2025-02-15 12:00:00,2025-02-18 16:00:00,1.9908393643031783,True,True,True,False
SYNUSDT,2025-02-24 00:00:00,2025-02-24 04:00:00,2025-03-03 16:00:00,1.98983801369863,True,True,True,False
SYNUSDT,2025-03-16 08:00:00,2025-03-16 12:00:00,2025-03-19 16:00:00,-1.0194384615384617,True,True,True,False
SYNUSDT,2025-03-26 16:00:00,2025-03-26 20:00:00,2025-03-29 00:00:00,1.9856983193277309,True,True,True,False
SYNUSDT,2025-04-16 12:00:00,2025-04-16 16:00:00,2025-04-17 16:00:00,-1.0143550724637682,True,True,True,False
SYNUSDT,2025-05-03 12:00:00,2025-05-03 16:00:00,2025-05-06 16:00:00,1.9886422535211266,True,False,False,False
SYNUSDT,2025-05-16 20:00:00,2025-05-17 00:00:00,2025-05-22 12:00:00,-1.0179888268156425,True,False,False,False
SYNUSDT,2025-05-25 08:00:00,2025-05-25 12:00:00,2025-05-26 04:00:00,-1.0191898089171976,True,True,False,False
SYNUSDT,2025-06-04 08:00:00,2025-06-04 12:00:00,2025-06-12 08:00:00,1.2427105263157898,True,True,True,False
SYNUSDT,2025-06-14 16:00:00,2025-06-14 20:00:00,2025-06-15 20:00:00,-1.0270805970149253,True,True,True,False
SYNUSDT,2025-07-28 12:00:00,2025-07-28 16:00:00,2025-08-04 16:00:00,-1.014922480620155,True,False,False,False
SYNUSDT,2025-08-29 04:00:00,2025-08-29 08:00:00,2025-09-06 04:00:00,0.6248999999999998,True,True,True,False
SYNUSDT,2025-09-22 00:00:00,2025-09-22 04:00:00,2025-09-30 00:00:00,0.6826065573770491,True,True,False,False
SYNUSDT,2025-10-04 08:00:00,2025-10-04 12:00:00,2025-10-10 12:00:00,1.979405882352941,True,True,True,False
SYNUSDT,2025-10-21 04:00:00,2025-10-21 08:00:00,2025-10-21 12:00:00,-1.0177032258064518,True,True,True,False
SYNUSDT,2025-10-28 00:00:00,2025-10-28 04:00:00,2025-11-03 12:00:00,1.9901230113636363,True,True,True,False
SYNUSDT,2025-11-14 08:00:00,2025-11-14 12:00:00,2025-11-22 08:00:00,1.3309154684095879,True,True,True,False
SYNUSDT,2025-11-28 04:00:00,2025-11-28 08:00:00,2025-12-01 00:00:00,1.9833105740181267,True,True,True,False
SYNUSDT,2025-12-11 00:00:00,2025-12-11 04:00:00,2025-12-18 04:00:00,1.9895509999999998,True,True,True,False
SYNUSDT,2025-12-23 12:00:00,2025-12-23 16:00:00,2025-12-23 16:00:00,-1.028,True,True,True,False
SYNUSDT,2026-01-18 20:00:00,2026-01-19 00:00:00,2026-01-25 16:00:00,1.9900003629764065,True,False,False,False
SYNUSDT,2026-02-13 00:00:00,2026-02-13 04:00:00,2026-02-14 00:00:00,-1.0176241935483872,True,True,True,False
SYNUSDT,2026-02-15 12:00:00,2026-02-15 16:00:00,2026-02-16 00:00:00,-1.0188737752161385,True,True,True,False
SYNUSDT,2026-02-23 00:00:00,2026-02-23 04:00:00,2026-02-25 16:00:00,-1.015054041570439,True,True,True,False
SYNUSDT,2026-02-28 04:00:00,2026-02-28 08:00:00,2026-03-04 08:00:00,-1.0183783933518007,True,True,True,False
SYNUSDT,2026-04-05 20:00:00,2026-04-06 00:00:00,2026-04-13 20:00:00,0.6042822622107958,True,False,False,False
SYNUSDT,2026-04-27 04:00:00,2026-04-27 08:00:00,2026-04-29 12:00:00,-1.026731884057971,True,False,False,False
SYNUSDT,2026-04-30 08:00:00,2026-04-30 12:00:00,2026-05-02 20:00:00,-1.0188890625000002,True,False,False,False
SYNUSDT,2026-05-13 12:00:00,2026-05-13 16:00:00,2026-05-21 12:00:00,0.5108659217877101,True,False,False,False
SYNUSDT,2026-05-26 00:00:00,2026-05-26 04:00:00,2026-05-30 08:00:00,-1.0222081481481484,True,True,False,False
SYNUSDT,2026-06-07 16:00:00,2026-06-07 20:00:00,2026-06-09 12:00:00,1.9898061224489794,True,True,True,False
SYSUSDT,2024-09-03 12:00:00,2024-09-03 16:00:00,2024-09-11 12:00:00,-0.004041999999999715,True,False,False,True
SYSUSDT,2024-09-30 12:00:00,2024-09-30 16:00:00,2024-10-02 16:00:00,1.9894419354838708,True,False,False,False
SYSUSDT,2024-10-09 16:00:00,2024-10-09 20:00:00,2024-10-11 04:00:00,-1.0252518518518519,True,False,False,False
SYSUSDT,2024-10-23 08:00:00,2024-10-23 12:00:00,2024-10-24 04:00:00,-1.0198169014084508,True,False,False,False
SYSUSDT,2024-11-20 00:00:00,2024-11-20 04:00:00,2024-11-23 00:00:00,-1.015490076335878,True,False,False,False
SYSUSDT,2024-12-14 12:00:00,2024-12-14 16:00:00,2024-12-18 12:00:00,1.9884410852713177,True,False,False,False
SYSUSDT,2025-01-13 04:00:00,2025-01-13 08:00:00,2025-01-17 08:00:00,-1.0154570815450645,True,True,True,False
SYSUSDT,2025-01-27 00:00:00,2025-01-27 04:00:00,2025-02-02 20:00:00,1.9902946236559138,True,True,True,False
SYSUSDT,2025-02-17 16:00:00,2025-02-17 20:00:00,2025-02-24 16:00:00,1.9843674876847288,True,True,True,False
SYSUSDT,2025-02-28 00:00:00,2025-02-28 04:00:00,2025-03-02 16:00:00,-1.0149488888888891,True,True,True,False
SYSUSDT,2025-03-09 00:00:00,2025-03-09 04:00:00,2025-03-11 00:00:00,1.990454193548387,True,True,True,False
SYSUSDT,2025-03-18 04:00:00,2025-03-18 08:00:00,2025-03-19 16:00:00,-1.0144132158590309,True,True,True,False
SYSUSDT,2025-04-02 00:00:00,2025-04-02 04:00:00,2025-04-03 08:00:00,1.9893246987951807,True,True,True,False
SYSUSDT,2025-05-29 16:00:00,2025-05-29 20:00:00,2025-06-05 20:00:00,1.9896717391304346,True,False,False,False
SYSUSDT,2025-06-17 08:00:00,2025-06-17 12:00:00,2025-06-22 20:00:00,1.9888425531914893,True,True,True,False
SYSUSDT,2025-07-28 12:00:00,2025-07-28 16:00:00,2025-07-31 20:00:00,1.9889023255813951,True,False,False,False
SYSUSDT,2025-09-01 00:00:00,2025-09-01 04:00:00,2025-09-09 00:00:00,-0.278119078947368,True,True,True,False
SYSUSDT,2025-09-22 00:00:00,2025-09-22 04:00:00,2025-09-25 16:00:00,1.9879270547945205,True,True,False,False
SYSUSDT,2025-09-30 12:00:00,2025-09-30 16:00:00,2025-10-01 08:00:00,-1.022590291262136,True,True,True,False
SYSUSDT,2025-10-04 12:00:00,2025-10-04 16:00:00,2025-10-10 04:00:00,-1.026849214659686,True,True,True,False
SYSUSDT,2025-11-17 16:00:00,2025-11-17 20:00:00,2025-11-21 04:00:00,1.9885630769230769,True,True,True,False
SYSUSDT,2025-11-28 00:00:00,2025-11-28 04:00:00,2025-12-01 12:00:00,1.9848295454545453,True,True,True,False
SYSUSDT,2025-12-12 12:00:00,2025-12-12 16:00:00,2025-12-17 16:00:00,1.9857124999999998,True,True,True,False
SYSUSDT,2025-12-31 16:00:00,2025-12-31 20:00:00,2026-01-01 04:00:00,-1.038567741935484,True,True,True,False
SYSUSDT,2026-01-11 12:00:00,2026-01-11 16:00:00,2026-01-13 12:00:00,-1.023898245614035,True,False,False,False
SYSUSDT,2026-01-24 16:00:00,2026-01-24 20:00:00,2026-01-29 12:00:00,1.9815926315789472,True,False,True,False
SYSUSDT,2026-01-31 12:00:00,2026-01-31 16:00:00,2026-02-05 12:00:00,1.98938,True,True,True,False
SYSUSDT,2026-02-11 04:00:00,2026-02-11 08:00:00,2026-02-12 04:00:00,-1.0173544554455447,True,True,True,False
SYSUSDT,2026-02-18 08:00:00,2026-02-18 12:00:00,2026-02-19 12:00:00,1.976405882352941,True,True,True,False
SYSUSDT,2026-02-22 00:00:00,2026-02-22 04:00:00,2026-02-24 12:00:00,1.985765789473684,True,True,True,False
SYSUSDT,2026-03-13 20:00:00,2026-03-14 00:00:00,2026-03-14 12:00:00,-1.03668,True,True,True,False
SYSUSDT,2026-03-18 16:00:00,2026-03-18 20:00:00,2026-03-26 16:00:00,0.9478247191011229,True,True,False,False
SYSUSDT,2026-04-12 04:00:00,2026-04-12 08:00:00,2026-04-12 08:00:00,-1.0268249999999999,True,True,False,False
SYSUSDT,2026-04-29 12:00:00,2026-04-29 16:00:00,2026-05-07 12:00:00,0.14469629629629618,True,True,False,False
TACUSDT,2025-08-21 16:00:00,2025-08-21 20:00:00,2025-08-22 16:00:00,-1.0143777777777778,True,False,False,False
TACUSDT,2025-08-27 00:00:00,2025-08-27 04:00:00,2025-09-01 12:00:00,1.9899916666666666,True,False,True,False
TACUSDT,2025-09-30 04:00:00,2025-09-30 08:00:00,2025-10-02 16:00:00,-1.0159250000000002,True,True,True,False
TACUSDT,2025-10-08 20:00:00,2025-10-09 00:00:00,2025-10-09 12:00:00,1.9876159999999998,True,True,True,False
TACUSDT,2025-11-20 16:00:00,2025-11-20 20:00:00,2025-11-26 08:00:00,-1.0146946564885497,True,True,True,False
TACUSDT,2025-12-17 12:00:00,2025-12-17 16:00:00,2025-12-19 00:00:00,-1.0228000000000002,True,True,True,False
TACUSDT,2025-12-25 20:00:00,2025-12-26 00:00:00,2025-12-29 12:00:00,-1.0217766784452298,True,True,True,False
TACUSDT,2026-01-06 12:00:00,2026-01-06 16:00:00,2026-01-09 04:00:00,-1.0335185185185185,True,False,False,False
TACUSDT,2026-01-29 12:00:00,2026-01-29 16:00:00,2026-02-01 04:00:00,-1.0158983695652175,True,True,True,False
TACUSDT,2026-02-18 16:00:00,2026-02-18 20:00:00,2026-02-19 12:00:00,-1.0325317919075145,True,True,True,False
TACUSDT,2026-03-01 20:00:00,2026-03-02 00:00:00,2026-03-09 20:00:00,-0.16671683848797395,True,True,True,False
TACUSDT,2026-03-15 16:00:00,2026-03-15 20:00:00,2026-03-17 20:00:00,-1.0204472324723248,True,True,True,False
TACUSDT,2026-03-18 16:00:00,2026-03-18 20:00:00,2026-03-19 04:00:00,-1.019951254480287,True,False,False,False
TACUSDT,2026-03-25 12:00:00,2026-03-25 16:00:00,2026-03-31 08:00:00,1.9878382352941175,True,False,False,False
TACUSDT,2026-04-07 00:00:00,2026-04-07 04:00:00,2026-04-08 00:00:00,-1.0373125925925926,True,True,False,False
TACUSDT,2026-05-28 00:00:00,2026-05-28 04:00:00,2026-05-29 04:00:00,-1.0233406464250734,True,False,True,False
TACUSDT,2026-06-10 08:00:00,2026-06-10 12:00:00,2026-06-17 04:00:00,-1.02317,True,True,True,False
TACUSDT,2026-07-29 00:00:00,2026-07-29 04:00:00,2026-07-30 12:00:00,-1.0174475000000003,True,True,False,False
TACUSDT,2026-08-09 04:00:00,2026-08-09 08:00:00,2026-08-14 08:00:00,1.9867565217391303,True,True,False,False
TAGUSDT,2025-08-31 04:00:00,2025-08-31 08:00:00,2025-08-31 16:00:00,-1.0215826887661144,True,False,True,False
TAGUSDT,2025-09-11 12:00:00,2025-09-11 16:00:00,2025-09-12 20:00:00,-1.0151277777777779,True,False,False,False
TAGUSDT,2025-09-30 00:00:00,2025-09-30 04:00:00,2025-10-03 16:00:00,-1.0148452830188681,True,True,True,False
TAGUSDT,2025-12-01 04:00:00,2025-12-01 08:00:00,2025-12-04 20:00:00,1.9881317961165046,True,False,True,False
TAGUSDT,2026-01-09 12:00:00,2026-01-09 16:00:00,2026-01-15 12:00:00,1.9785430769230765,True,True,False,False
TAGUSDT,2026-01-18 20:00:00,2026-01-19 00:00:00,2026-01-19 00:00:00,-1.0346585365853658,True,True,False,False
TAGUSDT,2026-01-29 08:00:00,2026-01-29 12:00:00,2026-01-29 16:00:00,-1.0266781725888325,True,True,True,False
TAGUSDT,2026-02-03 08:00:00,2026-02-03 12:00:00,2026-02-04 20:00:00,-1.0213311203319504,True,True,True,False
TAGUSDT,2026-02-24 20:00:00,2026-02-25 00:00:00,2026-03-04 00:00:00,-1.0161432098765433,True,True,True,False
TAGUSDT,2026-03-09 20:00:00,2026-03-10 00:00:00,2026-03-13 04:00:00,-1.0170092391304348,True,False,True,False
TAGUSDT,2026-03-19 12:00:00,2026-03-19 16:00:00,2026-03-24 04:00:00,-1.0163478599221791,True,False,False,False
TAGUSDT,2026-04-08 08:00:00,2026-04-08 12:00:00,2026-04-11 12:00:00,-1.0157105162523903,True,False,False,False
TAGUSDT,2026-05-16 04:00:00,2026-05-16 08:00:00,2026-05-21 12:00:00,-1.0155731684110372,True,False,False,False
TAGUSDT,2026-06-01 04:00:00,2026-06-01 08:00:00,2026-06-03 12:00:00,-1.0170601015228429,True,False,False,False
TAGUSDT,2026-06-23 04:00:00,2026-06-23 08:00:00,2026-06-25 12:00:00,1.9865571428571427,True,True,False,False
TAGUSDT,2026-07-04 08:00:00,2026-07-04 12:00:00,2026-07-08 12:00:00,1.9866887096774193,True,True,False,False
TAGUSDT,2026-07-15 16:00:00,2026-07-15 20:00:00,2026-07-17 08:00:00,-1.017823880597015,True,True,False,False
TAIKOUSDT,2025-06-16 20:00:00,2025-06-17 00:00:00,2025-06-21 20:00:00,1.9889024793388428,True,False,True,False
TAIKOUSDT,2025-07-07 20:00:00,2025-07-08 00:00:00,2025-07-08 12:00:00,-1.036909090909091,True,False,True,False
TAIKOUSDT,2025-07-23 12:00:00,2025-07-23 16:00:00,2025-07-25 00:00:00,1.9815626506024093,True,False,False,False
TAIKOUSDT,2025-08-18 04:00:00,2025-08-18 08:00:00,2025-08-26 04:00:00,0.9917440217391309,True,False,False,False
TAIKOUSDT,2025-09-22 00:00:00,2025-09-22 04:00:00,2025-09-25 12:00:00,1.9854870445344128,True,True,False,False
TAIKOUSDT,2025-09-30 12:00:00,2025-09-30 16:00:00,2025-10-01 08:00:00,-1.0347445255474452,True,True,True,False
TAIKOUSDT,2025-10-07 16:00:00,2025-10-07 20:00:00,2025-10-10 20:00:00,1.9865933609958504,True,True,False,False
TAIKOUSDT,2025-10-15 16:00:00,2025-10-15 20:00:00,2025-10-23 16:00:00,0.813634959349592,True,True,True,False
TAIKOUSDT,2025-11-11 20:00:00,2025-11-12 00:00:00,2025-11-18 00:00:00,1.9865911392405062,True,True,True,False
TAIKOUSDT,2025-11-19 16:00:00,2025-11-19 20:00:00,2025-11-27 16:00:00,-0.29990967741935465,True,True,True,False
TAIKOUSDT,2025-12-01 00:00:00,2025-12-01 04:00:00,2025-12-05 04:00:00,-1.0149710982658962,True,True,True,False
TAIKOUSDT,2025-12-11 00:00:00,2025-12-11 04:00:00,2025-12-19 00:00:00,1.6395808917197456,True,True,True,False
TAIKOUSDT,2025-12-23 04:00:00,2025-12-23 08:00:00,2025-12-27 20:00:00,-1.0405999999999997,True,True,True,False
TAIKOUSDT,2025-12-30 04:00:00,2025-12-30 08:00:00,2026-01-02 00:00:00,-1.023814736842105,True,True,True,False
TAIKOUSDT,2026-01-11 12:00:00,2026-01-11 16:00:00,2026-01-19 12:00:00,0.646074025974027,True,False,False,False
TAIKOUSDT,2026-01-20 08:00:00,2026-01-20 12:00:00,2026-01-25 04:00:00,-1.0151328947368423,True,True,True,False
TAIKOUSDT,2026-01-31 12:00:00,2026-01-31 16:00:00,2026-02-05 04:00:00,1.9896533333333333,True,True,True,False
TAIKOUSDT,2026-02-11 04:00:00,2026-02-11 08:00:00,2026-02-12 04:00:00,-1.0208727272727274,True,True,True,False
TAIKOUSDT,2026-02-22 12:00:00,2026-02-22 16:00:00,2026-03-02 12:00:00,-0.30295999999999845,True,True,True,False
TAIKOUSDT,2026-03-03 08:00:00,2026-03-03 12:00:00,2026-03-11 08:00:00,0.2237534246575337,True,True,True,False
TAIKOUSDT,2026-03-21 20:00:00,2026-03-22 00:00:00,2026-03-27 08:00:00,1.9679342857142859,True,False,False,False
TAIKOUSDT,2026-04-05 08:00:00,2026-04-05 12:00:00,2026-04-07 20:00:00,-1.0351555555555556,True,True,False,False
TAIKOUSDT,2026-04-13 04:00:00,2026-04-13 08:00:00,2026-04-16 20:00:00,-1.0208000000000002,True,True,False,False
TAIKOUSDT,2026-04-29 12:00:00,2026-04-29 16:00:00,2026-05-06 08:00:00,-1.0375720930232557,True,True,False,False
TAIKOUSDT,2026-05-15 12:00:00,2026-05-15 16:00:00,2026-05-23 12:00:00,0.3691922077922082,True,True,False,False
TAIKOUSDT,2026-05-27 08:00:00,2026-05-27 12:00:00,2026-06-04 00:00:00,1.9809379999999999,True,True,False,False
TAIKOUSDT,2026-06-10 20:00:00,2026-06-11 00:00:00,2026-06-15 12:00:00,-1.0153626666666669,True,True,True,False
TAIKOUSDT,2026-06-18 12:00:00,2026-06-18 16:00:00,2026-06-21 20:00:00,-1.0150727272727273,True,True,False,False
TAIKOUSDT,2026-07-07 12:00:00,2026-07-07 16:00:00,2026-07-08 04:00:00,1.98785,True,True,False,False
TAIKOUSDT,2026-07-13 20:00:00,2026-07-14 00:00:00,2026-07-21 20:00:00,0.6256741405082242,True,True,False,False
TAIKOUSDT,2026-08-11 04:00:00,2026-08-11 08:00:00,2026-08-19 04:00:00,0.11594319526627367,True,True,False,False
TAKEUSDT,2025-10-27 16:00:00,2025-10-27 20:00:00,2025-11-04 16:00:00,0.8969068728522311,True,False,True,False
TAKEUSDT,2025-11-16 16:00:00,2025-11-16 20:00:00,2025-11-24 16:00:00,0.04070333817126351,True,False,True,False
TAKEUSDT,2025-12-06 16:00:00,2025-12-06 20:00:00,2025-12-07 12:00:00,-1.0180401062417,True,False,True,False
TAKEUSDT,2025-12-23 16:00:00,2025-12-23 20:00:00,2025-12-28 16:00:00,-1.0309448275862068,True,False,True,False
TAKEUSDT,2026-01-06 16:00:00,2026-01-06 20:00:00,2026-01-08 08:00:00,1.9813533980582523,True,True,False,False
TAKEUSDT,2026-01-12 20:00:00,2026-01-13 00:00:00,2026-01-15 16:00:00,1.9881100917431191,True,True,False,False
TAKEUSDT,2026-01-18 12:00:00,2026-01-18 16:00:00,2026-01-19 00:00:00,1.9853623999999999,True,True,False,False
TAKEUSDT,2026-01-22 20:00:00,2026-01-23 00:00:00,2026-01-23 08:00:00,-1.0144210268948657,True,True,True,False
TAKEUSDT,2026-01-24 20:00:00,2026-01-25 00:00:00,2026-01-25 16:00:00,1.9794491712707178,True,True,True,False
TAKEUSDT,2026-01-28 04:00:00,2026-01-28 08:00:00,2026-01-31 12:00:00,1.990523853211009,True,True,True,False
TAKEUSDT,2026-03-21 08:00:00,2026-03-21 12:00:00,2026-03-25 00:00:00,-1.023992156862745,True,True,False,False
TAKEUSDT,2026-03-28 00:00:00,2026-03-28 04:00:00,2026-03-29 20:00:00,1.9858138613861385,True,True,True,False
TAKEUSDT,2026-05-25 08:00:00,2026-05-25 12:00:00,2026-05-29 20:00:00,-1.0141915094339624,True,True,False,False
TAKEUSDT,2026-06-02 12:00:00,2026-06-02 16:00:00,2026-06-02 16:00:00,-1.0168687116564419,True,True,False,False
TAKEUSDT,2026-06-18 08:00:00,2026-06-18 12:00:00,2026-06-24 16:00:00,1.9905651685393257,True,True,False,False
TAKEUSDT,2026-07-13 00:00:00,2026-07-13 04:00:00,2026-07-15 00:00:00,-1.014524064171123,True,False,False,False
TAKEUSDT,2026-07-23 12:00:00,2026-07-23 16:00:00,2026-07-26 04:00:00,-1.0185024691358027,True,False,False,False
TANSSIUSDT,2025-10-10 12:00:00,2025-10-10 16:00:00,2025-10-10 20:00:00,1.9898048,True,True,True,False
TANSSIUSDT,2025-11-11 04:00:00,2025-11-11 08:00:00,2025-11-13 16:00:00,1.9871197604790418,True,True,True,False
TANSSIUSDT,2026-01-09 08:00:00,2026-01-09 12:00:00,2026-01-14 08:00:00,-1.0225794871794873,True,True,False,False
TAUSDT,2025-08-13 16:00:00,2025-08-13 20:00:00,2025-08-21 12:00:00,1.9901133333333332,True,False,False,False
TAUSDT,2026-01-18 20:00:00,2026-01-19 00:00:00,2026-01-19 00:00:00,-1.0189241379310345,True,False,False,False
TAUSDT,2026-02-18 16:00:00,2026-02-18 20:00:00,2026-02-20 04:00:00,-1.024751724137931,True,False,True,False
TAUSDT,2026-05-10 12:00:00,2026-05-10 16:00:00,2026-05-16 12:00:00,-1.0222956521739133,True,False,False,False
TAUSDT,2026-06-09 16:00:00,2026-06-09 20:00:00,2026-06-17 16:00:00,1.0139081632653026,True,False,True,False
TAUSDT,2026-06-24 16:00:00,2026-06-24 20:00:00,2026-06-25 04:00:00,-1.0365828358208955,True,False,True,False
TAUSDT,2026-07-08 12:00:00,2026-07-08 16:00:00,2026-07-16 12:00:00,0.5681466192170814,True,False,False,False
TAUSDT,2026-07-21 00:00:00,2026-07-21 04:00:00,2026-07-29 00:00:00,1.1810086538461553,True,True,False,False
TAUSDT,2026-08-02 04:00:00,2026-08-02 08:00:00,2026-08-10 04:00:00,0.16243006012023983,True,True,False,False
TAUSDT,2026-08-11 04:00:00,2026-08-11 08:00:00,2026-08-13 12:00:00,1.977452822580645,True,True,False,False
TAUSDT,2026-08-15 16:00:00,2026-08-15 20:00:00,2026-08-19 20:00:00,1.983273311897106,True,True,False,False
THEUSDT,2024-12-14 16:00:00,2024-12-14 20:00:00,2024-12-18 20:00:00,1.9907499999999998,True,False,False,False
THEUSDT,2025-01-03 00:00:00,2025-01-03 04:00:00,2025-01-07 20:00:00,1.989644252441773,True,False,True,False
THEUSDT,2025-01-12 20:00:00,2025-01-13 00:00:00,2025-01-19 08:00:00,1.9907861060329066,True,False,True,False
THEUSDT,2025-03-28 04:00:00,2025-03-28 08:00:00,2025-03-29 16:00:00,1.9899718354430378,True,True,True,False
THEUSDT,2025-05-06 08:00:00,2025-05-06 12:00:00,2025-05-08 08:00:00,-1.0232380952380953,True,True,False,False
THEUSDT,2025-05-16 20:00:00,2025-05-17 00:00:00,2025-05-22 00:00:00,-1.017450622406639,True,False,False,False
THEUSDT,2025-05-25 00:00:00,2025-05-25 04:00:00,2025-05-29 00:00:00,-1.0158157894736843,True,False,False,False
THEUSDT,2025-06-04 16:00:00,2025-06-04 20:00:00,2025-06-12 16:00:00,0.22998181818181915,True,True,True,False
THEUSDT,2025-07-01 04:00:00,2025-07-01 08:00:00,2025-07-09 04:00:00,0.9781980952380943,True,True,True,False
THEUSDT,2025-08-01 04:00:00,2025-08-01 08:00:00,2025-08-09 04:00:00,-1.015043859649123,True,False,False,False
THEUSDT,2025-08-22 00:00:00,2025-08-22 04:00:00,2025-08-22 20:00:00,-1.0149411111111113,True,False,True,False
THEUSDT,2025-08-29 04:00:00,2025-08-29 08:00:00,2025-09-06 04:00:00,0.6894187265917613,True,True,True,False
THEUSDT,2025-10-22 08:00:00,2025-10-22 12:00:00,2025-10-30 08:00:00,0.7006457831325321,True,True,True,False
THEUSDT,2025-11-11 16:00:00,2025-11-11 20:00:00,2025-11-19 16:00:00,1.9900049689440993,True,True,True,False
THEUSDT,2025-12-15 12:00:00,2025-12-15 16:00:00,2025-12-16 12:00:00,-1.017011510791367,True,True,True,False
THEUSDT,2025-12-21 12:00:00,2025-12-21 16:00:00,2025-12-26 16:00:00,-1.0258142857142856,True,False,True,False
THEUSDT,2026-01-12 00:00:00,2026-01-12 04:00:00,2026-01-12 12:00:00,-1.0158251308900526,True,False,False,False
THEUSDT,2026-02-19 08:00:00,2026-02-19 12:00:00,2026-02-27 08:00:00,0.12133152173913016,True,False,True,False
THEUSDT,2026-02-27 16:00:00,2026-02-27 20:00:00,2026-03-04 08:00:00,-1.02539,True,False,True,False
THEUSDT,2026-03-08 12:00:00,2026-03-08 16:00:00,2026-03-08 20:00:00,-1.0382021276595743,True,False,True,False
THEUSDT,2026-03-25 16:00:00,2026-03-25 20:00:00,2026-03-26 20:00:00,1.9823461538461535,True,True,False,False
THEUSDT,2026-04-12 00:00:00,2026-04-12 04:00:00,2026-04-14 12:00:00,-1.02425,True,True,False,False
THEUSDT,2026-04-24 20:00:00,2026-04-25 00:00:00,2026-05-02 20:00:00,-0.02171076923076921,True,True,False,False
THEUSDT,2026-05-07 00:00:00,2026-05-07 04:00:00,2026-05-08 16:00:00,-1.0295458333333334,True,True,False,False
THEUSDT,2026-05-15 12:00:00,2026-05-15 16:00:00,2026-05-23 12:00:00,1.0566646464646456,True,False,False,False
THEUSDT,2026-05-26 04:00:00,2026-05-26 08:00:00,2026-05-27 12:00:00,-1.020444827586207,True,True,False,False
THEUSDT,2026-06-18 00:00:00,2026-06-18 04:00:00,2026-06-21 16:00:00,-1.0258321329639888,True,True,False,False
THEUSDT,2026-07-07 16:00:00,2026-07-07 20:00:00,2026-07-09 08:00:00,-1.0149065346534656,True,True,False,False
THEUSDT,2026-07-18 16:00:00,2026-07-18 20:00:00,2026-07-20 20:00:00,-1.0240355555555556,True,True,False,False
THEUSDT,2026-07-29 00:00:00,2026-07-29 04:00:00,2026-07-31 20:00:00,-1.018896153846154,True,True,False,False
THEUSDT,2026-08-13 16:00:00,2026-08-13 20:00:00,2026-08-15 08:00:00,-1.0210986945169716,True,False,False,False
TNSRUSDT,2024-09-11 08:00:00,2024-09-11 12:00:00,2024-09-13 00:00:00,-1.015800706713781,True,False,False,True
TNSRUSDT,2024-10-08 04:00:00,2024-10-08 08:00:00,2024-10-14 20:00:00,-1.014012426035503,True,False,False,False
TNSRUSDT,2024-12-30 12:00:00,2024-12-30 16:00:00,2025-01-02 12:00:00,-1.015965879265092,True,True,True,False
TNSRUSDT,2025-03-16 08:00:00,2025-03-16 12:00:00,2025-03-19 12:00:00,1.9835090225563907,True,True,True,False
TNSRUSDT,2025-03-23 16:00:00,2025-03-23 20:00:00,2025-03-25 00:00:00,-1.0167652173913044,True,True,True,False
TNSRUSDT,2025-05-15 00:00:00,2025-05-15 04:00:00,2025-05-23 00:00:00,0.03173563218390777,True,False,False,False
TNSRUSDT,2025-05-25 00:00:00,2025-05-25 04:00:00,2025-05-28 12:00:00,-1.0236133333333333,True,False,False,False
TNSRUSDT,2025-07-28 16:00:00,2025-07-28 20:00:00,2025-08-02 16:00:00,1.9895198347107437,True,False,False,False
TNSRUSDT,2025-08-29 04:00:00,2025-08-29 08:00:00,2025-09-06 04:00:00,0.640397727272727,True,True,True,False
TNSRUSDT,2025-09-15 04:00:00,2025-09-15 08:00:00,2025-09-22 04:00:00,1.9895721153846153,True,True,False,False
TNSRUSDT,2025-09-25 08:00:00,2025-09-25 12:00:00,2025-10-03 08:00:00,-0.5861459459459468,True,True,True,False
TNSRUSDT,2025-10-05 16:00:00,2025-10-05 20:00:00,2025-10-06 12:00:00,-1.0212153846153849,True,True,True,False
TNSRUSDT,2025-10-07 20:00:00,2025-10-08 00:00:00,2025-10-10 20:00:00,1.9890762499999999,True,True,False,False
TNSRUSDT,2025-11-16 12:00:00,2025-11-16 16:00:00,2025-11-18 20:00:00,1.9898326975476839,True,True,True,False
TNSRUSDT,2025-12-10 08:00:00,2025-12-10 12:00:00,2025-12-13 04:00:00,-1.0199883495145634,True,False,True,False
TNSRUSDT,2025-12-23 04:00:00,2025-12-23 08:00:00,2025-12-25 16:00:00,-1.0160213483146068,True,True,True,False
TNSRUSDT,2025-12-31 16:00:00,2025-12-31 20:00:00,2026-01-04 16:00:00,-1.0160579795021965,True,True,True,False
TNSRUSDT,2026-01-07 12:00:00,2026-01-07 16:00:00,2026-01-15 12:00:00,0.9202528700906357,True,True,False,False
TNSRUSDT,2026-01-25 12:00:00,2026-01-25 16:00:00,2026-01-29 12:00:00,1.9841414705882352,True,True,True,False
TNSRUSDT,2026-01-31 08:00:00,2026-01-31 12:00:00,2026-02-05 16:00:00,1.9897392156862743,True,True,True,False
TNSRUSDT,2026-03-14 16:00:00,2026-03-14 20:00:00,2026-03-16 08:00:00,-1.0312485436893204,True,True,True,False
TNSRUSDT,2026-03-18 12:00:00,2026-03-18 16:00:00,2026-03-26 12:00:00,1.048681347150259,True,True,False,False
TNSRUSDT,2026-03-29 20:00:00,2026-03-30 00:00:00,2026-04-01 00:00:00,-1.0290966666666665,True,True,True,False
TNSRUSDT,2026-04-03 20:00:00,2026-04-04 00:00:00,2026-04-09 04:00:00,-1.0245673076923076,True,True,False,False
TNSRUSDT,2026-04-14 16:00:00,2026-04-14 20:00:00,2026-04-15 12:00:00,-1.0304361581920904,True,True,False,False
TNSRUSDT,2026-04-23 00:00:00,2026-04-23 04:00:00,2026-04-23 16:00:00,-1.030767441860465,True,True,False,False
TNSRUSDT,2026-05-23 04:00:00,2026-05-23 08:00:00,2026-05-31 04:00:00,0.12188252788104299,True,True,False,False
TNSRUSDT,2026-06-02 12:00:00,2026-06-02 16:00:00,2026-06-05 16:00:00,1.9905244776119402,True,True,False,False
TNSRUSDT,2026-06-18 08:00:00,2026-06-18 12:00:00,2026-06-20 16:00:00,-1.0219107526881723,True,True,False,False
TNSRUSDT,2026-06-30 16:00:00,2026-06-30 20:00:00,2026-07-01 08:00:00,-1.015709523809524,True,True,True,False
TNSRUSDT,2026-07-12 00:00:00,2026-07-12 04:00:00,2026-07-15 12:00:00,-1.026990303030303,True,True,False,False
TNSRUSDT,2026-07-17 16:00:00,2026-07-17 20:00:00,2026-07-24 04:00:00,-1.03193,True,True,False,False
TNSRUSDT,2026-07-27 12:00:00,2026-07-27 16:00:00,2026-08-04 12:00:00,0.6567499999999974,True,False,False,False
TOKENUSDT,2024-09-30 20:00:00,2024-10-01 00:00:00,2024-10-02 16:00:00,1.990303448275862,True,False,False,False
TOKENUSDT,2024-10-17 08:00:00,2024-10-17 12:00:00,2024-10-20 20:00:00,-1.0161051094890512,True,False,False,False
TOKENUSDT,2024-11-19 20:00:00,2024-11-20 00:00:00,2024-11-24 00:00:00,-1.0165864406779663,True,False,False,False
TOKENUSDT,2025-01-07 00:00:00,2025-01-07 04:00:00,2025-01-08 04:00:00,1.9878945454545454,True,False,True,False
TOKENUSDT,2025-01-26 20:00:00,2025-01-27 00:00:00,2025-01-30 12:00:00,-1.0168682926829269,True,True,True,False
TOKENUSDT,2025-02-17 16:00:00,2025-02-17 20:00:00,2025-02-24 08:00:00,1.986705714285714,True,True,True,False
TOKENUSDT,2025-03-23 16:00:00,2025-03-23 20:00:00,2025-03-24 04:00:00,-1.0284117647058824,True,True,True,False
TOKENUSDT,2025-04-16 20:00:00,2025-04-17 00:00:00,2025-04-20 00:00:00,-1.0149566666666667,True,True,True,False
TOKENUSDT,2025-05-03 16:00:00,2025-05-03 20:00:00,2025-05-06 08:00:00,-1.0200014705882354,True,False,False,False
TOKENUSDT,2025-06-20 16:00:00,2025-06-20 20:00:00,2025-06-22 12:00:00,1.9861896551724136,True,True,True,False
TOKENUSDT,2025-06-30 12:00:00,2025-06-30 16:00:00,2025-07-08 12:00:00,0.04293402061855596,True,True,True,False
TOKENUSDT,2025-07-23 12:00:00,2025-07-23 16:00:00,2025-07-27 20:00:00,-1.0186484375000002,True,False,False,False
TOKENUSDT,2025-08-18 04:00:00,2025-08-18 08:00:00,2025-08-26 04:00:00,1.4995063492063483,True,True,False,False
TOKENUSDT,2025-09-01 00:00:00,2025-09-01 04:00:00,2025-09-08 20:00:00,-1.0183956989247314,True,True,True,False
TOKENUSDT,2025-09-21 20:00:00,2025-09-22 00:00:00,2025-09-22 04:00:00,1.9868099999999997,True,True,False,False
TOKENUSDT,2025-09-25 16:00:00,2025-09-25 20:00:00,2025-09-28 20:00:00,-1.0197536585365856,True,True,True,False
TOKENUSDT,2025-10-07 12:00:00,2025-10-07 16:00:00,2025-10-10 20:00:00,1.9899513043478259,True,False,False,False
TOKENUSDT,2025-10-28 16:00:00,2025-10-28 20:00:00,2025-11-03 12:00:00,1.9906802631578946,True,True,True,False
TOKENUSDT,2025-11-16 08:00:00,2025-11-16 12:00:00,2025-11-21 04:00:00,1.9881696551724137,True,True,True,False
TOKENUSDT,2025-11-29 04:00:00,2025-11-29 08:00:00,2025-12-01 12:00:00,1.990295033860045,True,True,True,False
TONUSDT,2024-09-03 12:00:00,2024-09-03 16:00:00,2024-09-10 08:00:00,-1.0161629734848485,True,False,False,True
TONUSDT,2024-09-24 12:00:00,2024-09-24 16:00:00,2024-09-25 00:00:00,-1.033260294117647,True,False,False,False
TONUSDT,2024-09-30 20:00:00,2024-10-01 00:00:00,2024-10-01 16:00:00,1.974828676470588,True,False,False,False
TONUSDT,2024-10-09 16:00:00,2024-10-09 20:00:00,2024-10-11 16:00:00,-1.0544746585735962,True,False,False,False
TONUSDT,2024-10-17 08:00:00,2024-10-17 12:00:00,2024-10-20 20:00:00,-1.0348077896786758,True,False,False,False
TONUSDT,2024-10-23 12:00:00,2024-10-23 16:00:00,2024-10-25 20:00:00,1.971219077306733,True,True,False,False
TONUSDT,2024-11-03 12:00:00,2024-11-03 16:00:00,2024-11-07 00:00:00,-1.0273078066914496,True,True,True,False
TONUSDT,2024-11-20 16:00:00,2024-11-20 20:00:00,2024-11-23 08:00:00,-1.0164693309384825,True,False,False,False
TONUSDT,2024-12-16 08:00:00,2024-12-16 12:00:00,2024-12-20 08:00:00,1.9888019734108848,True,False,False,False
TONUSDT,2024-12-30 00:00:00,2024-12-30 04:00:00,2025-01-07 00:00:00,-0.3746839957035443,True,True,True,False
TONUSDT,2025-01-07 12:00:00,2025-01-07 16:00:00,2025-01-15 12:00:00,0.20517924470371687,True,True,True,False
TONUSDT,2025-01-26 20:00:00,2025-01-27 00:00:00,2025-02-02 00:00:00,1.9767734939759034,True,True,True,False
TONUSDT,2025-02-12 12:00:00,2025-02-12 16:00:00,2025-02-20 12:00:00,0.4658236199095015,True,True,True,False
TONUSDT,2025-03-09 08:00:00,2025-03-09 12:00:00,2025-03-11 00:00:00,1.989678962188254,True,True,True,False
TONUSDT,2025-04-06 16:00:00,2025-04-06 20:00:00,2025-04-14 16:00:00,0.6282164548494983,True,True,True,False
TONUSDT,2025-04-21 16:00:00,2025-04-21 20:00:00,2025-04-22 20:00:00,-1.027013953488372,True,True,True,False
TONUSDT,2025-04-30 12:00:00,2025-04-30 16:00:00,2025-05-08 12:00:00,-0.02851256210078105,True,True,False,False
TONUSDT,2025-05-19 08:00:00,2025-05-19 12:00:00,2025-05-23 00:00:00,-1.0188462996389893,True,True,False,False
TONUSDT,2025-05-23 20:00:00,2025-05-24 00:00:00,2025-05-28 08:00:00,-1.016881718686664,True,False,False,False
TONUSDT,2025-06-05 16:00:00,2025-06-05 20:00:00,2025-06-09 12:00:00,-1.0278064020486555,True,False,True,False
TONUSDT,2025-06-18 08:00:00,2025-06-18 12:00:00,2025-06-22 20:00:00,1.982285947046843,True,True,True,False
TONUSDT,2025-07-01 12:00:00,2025-07-01 16:00:00,2025-07-06 08:00:00,-1.020556530936013,True,True,True,False
TONUSDT,2025-08-25 16:00:00,2025-08-25 20:00:00,2025-09-02 16:00:00,0.023591582608695986,True,False,False,False
TONUSDT,2025-09-06 00:00:00,2025-09-06 04:00:00,2025-09-11 00:00:00,-1.0345610264635123,True,True,True,False
TONUSDT,2025-09-17 12:00:00,2025-09-17 16:00:00,2025-09-19 00:00:00,-1.0476676180021953,True,True,False,False
TONUSDT,2025-09-22 00:00:00,2025-09-22 04:00:00,2025-09-30 00:00:00,1.4268555810748749,True,True,False,False
TONUSDT,2025-09-30 04:00:00,2025-09-30 08:00:00,2025-10-01 08:00:00,-1.0499760430686407,True,True,True,False
TONUSDT,2025-10-07 12:00:00,2025-10-07 16:00:00,2025-10-10 20:00:00,1.9743185831622172,True,True,False,False
TONUSDT,2025-10-30 08:00:00,2025-10-30 12:00:00,2025-11-01 04:00:00,-1.0215205633802817,True,True,True,False
TONUSDT,2025-11-12 16:00:00,2025-11-12 20:00:00,2025-11-20 16:00:00,1.9889250768285187,True,True,True,False
TONUSDT,2025-12-11 00:00:00,2025-12-11 04:00:00,2025-12-19 00:00:00,1.3115251167133526,True,True,True,False
TONUSDT,2026-01-09 04:00:00,2026-01-09 08:00:00,2026-01-17 04:00:00,0.4999353470437022,True,False,False,False
TONUSDT,2026-01-19 00:00:00,2026-01-19 04:00:00,2026-01-27 00:00:00,0.7793669008587054,True,False,False,False
TONUSDT,2026-01-29 08:00:00,2026-01-29 12:00:00,2026-01-31 12:00:00,1.9796753424657532,True,True,True,False
TONUSDT,2026-02-05 12:00:00,2026-02-05 16:00:00,2026-02-06 00:00:00,1.9876715756951595,True,True,True,False
TONUSDT,2026-02-10 16:00:00,2026-02-10 20:00:00,2026-02-12 12:00:00,-1.0370958250497018,True,True,True,False
TONUSDT,2026-02-19 08:00:00,2026-02-19 12:00:00,2026-02-25 00:00:00,1.9773144665461118,True,True,True,False
TONUSDT,2026-02-28 04:00:00,2026-02-28 08:00:00,2026-03-05 00:00:00,-1.024556862745098,True,True,True,False
TONUSDT,2026-03-08 00:00:00,2026-03-08 04:00:00,2026-03-08 12:00:00,-1.0348734615384614,True,True,True,False
TONUSDT,2026-03-19 04:00:00,2026-03-19 08:00:00,2026-03-27 04:00:00,0.11131384615384647,True,True,False,False
TONUSDT,2026-03-27 08:00:00,2026-03-27 12:00:00,2026-04-04 08:00:00,-0.03230074196207734,True,True,False,False
TONUSDT,2026-04-07 12:00:00,2026-04-07 16:00:00,2026-04-08 04:00:00,-1.035240082644628,True,True,False,False
TONUSDT,2026-04-14 16:00:00,2026-04-14 20:00:00,2026-04-17 00:00:00,-1.0279736231884058,True,False,False,False
TONUSDT,2026-04-18 16:00:00,2026-04-18 20:00:00,2026-04-26 16:00:00,0.3471859360730601,True,False,False,False
TONUSDT,2026-05-15 12:00:00,2026-05-15 16:00:00,2026-05-23 12:00:00,1.1279336825563127,True,False,False,False
TONUSDT,2026-06-10 04:00:00,2026-06-10 08:00:00,2026-06-15 04:00:00,-1.017998763523957,True,True,True,False
TONUSDT,2026-06-19 12:00:00,2026-06-19 16:00:00,2026-06-21 08:00:00,-1.0222091542288558,True,True,True,False
TOSHIUSDT,2025-10-29 12:00:00,2025-10-29 16:00:00,2025-11-03 08:00:00,1.9907519390581716,True,False,True,False
TOSHIUSDT,2025-12-11 00:00:00,2025-12-11 04:00:00,2025-12-18 04:00:00,1.9908963350785338,True,True,True,False
TOSHIUSDT,2025-12-22 16:00:00,2025-12-22 20:00:00,2025-12-24 04:00:00,1.9852381443298968,True,True,True,False
TOSHIUSDT,2025-12-31 16:00:00,2025-12-31 20:00:00,2026-01-02 00:00:00,-1.019756345177665,True,True,True,False
TOSHIUSDT,2026-01-12 20:00:00,2026-01-13 00:00:00,2026-01-13 20:00:00,-1.017370566037736,True,True,False,False
TOSHIUSDT,2026-01-18 00:00:00,2026-01-18 04:00:00,2026-01-19 00:00:00,1.9832537572254334,True,True,False,False
TOSHIUSDT,2026-01-25 16:00:00,2026-01-25 20:00:00,2026-01-26 08:00:00,-1.018754589371981,True,True,True,False
TOSHIUSDT,2026-01-29 00:00:00,2026-01-29 04:00:00,2026-01-31 12:00:00,1.9907691449814124,True,True,True,False
TOSHIUSDT,2026-02-11 04:00:00,2026-02-11 08:00:00,2026-02-11 16:00:00,-1.0205744,True,True,True,False
TOSHIUSDT,2026-02-18 16:00:00,2026-02-18 20:00:00,2026-02-26 16:00:00,-0.06747037037037151,True,True,True,False
TOSHIUSDT,2026-02-27 16:00:00,2026-02-27 20:00:00,2026-03-03 00:00:00,-1.0239529411764705,True,True,True,False
TOSHIUSDT,2026-03-07 20:00:00,2026-03-08 00:00:00,2026-03-10 12:00:00,-1.0178700636942677,True,True,True,False
TOSHIUSDT,2026-03-18 12:00:00,2026-03-18 16:00:00,2026-03-26 12:00:00,1.1331844444444434,True,False,False,False
TOSHIUSDT,2026-03-29 08:00:00,2026-03-29 12:00:00,2026-03-30 00:00:00,-1.0351917808219178,True,True,True,False
TOSHIUSDT,2026-04-02 00:00:00,2026-04-02 04:00:00,2026-04-08 08:00:00,-1.0160000000000002,True,True,False,False
TOSHIUSDT,2026-04-12 00:00:00,2026-04-12 04:00:00,2026-04-14 04:00:00,-1.0237313725490196,True,True,False,False
TOSHIUSDT,2026-05-03 00:00:00,2026-05-03 04:00:00,2026-05-06 00:00:00,-1.0257979166666666,True,True,False,False
TOSHIUSDT,2026-05-12 12:00:00,2026-05-12 16:00:00,2026-05-20 12:00:00,1.160652439024391,True,False,False,False
TOSHIUSDT,2026-05-22 16:00:00,2026-05-22 20:00:00,2026-05-27 04:00:00,1.9770569230769228,True,True,False,False
TOSHIUSDT,2026-05-27 20:00:00,2026-05-28 00:00:00,2026-06-04 00:00:00,1.9885399999999998,True,True,False,False
TOSHIUSDT,2026-06-04 04:00:00,2026-06-04 08:00:00,2026-06-12 04:00:00,0.5312954545454536,True,True,True,False
TOSHIUSDT,2026-06-18 00:00:00,2026-06-18 04:00:00,2026-06-23 08:00:00,1.9862642857142856,True,True,False,False
TOSHIUSDT,2026-06-24 12:00:00,2026-06-24 16:00:00,2026-06-28 08:00:00,-1.02534,True,True,True,False
TOSHIUSDT,2026-07-08 00:00:00,2026-07-08 04:00:00,2026-07-16 00:00:00,-0.0441384615384622,True,True,False,False
TOSHIUSDT,2026-07-23 00:00:00,2026-07-23 04:00:00,2026-07-26 04:00:00,-1.028337037037037,True,True,False,False
TOSHIUSDT,2026-08-03 04:00:00,2026-08-03 08:00:00,2026-08-04 04:00:00,-1.0361846153846153,True,True,False,False
TOSHIUSDT,2026-08-11 12:00:00,2026-08-11 16:00:00,2026-08-19 12:00:00,-0.25598529411764664,True,True,False,False
TOWNSUSDT,2025-09-19 16:00:00,2025-09-19 20:00:00,2025-09-22 04:00:00,1.9893643835616437,True,False,False,False
TOWNSUSDT,2025-09-28 00:00:00,2025-09-28 04:00:00,2025-10-04 04:00:00,-1.0264879999999998,True,True,True,False
TOWNSUSDT,2025-10-05 20:00:00,2025-10-06 00:00:00,2025-10-10 20:00:00,1.9885875,True,True,True,False
TOWNSUSDT,2025-11-16 12:00:00,2025-11-16 16:00:00,2025-11-19 12:00:00,-1.017174647887324,True,True,True,False
TOWNSUSDT,2025-12-12 12:00:00,2025-12-12 16:00:00,2025-12-17 12:00:00,1.9862049792531118,True,True,True,False
TOWNSUSDT,2026-01-11 20:00:00,2026-01-12 00:00:00,2026-01-14 12:00:00,-1.0298048780487805,True,True,False,False
TOWNSUSDT,2026-01-18 20:00:00,2026-01-19 00:00:00,2026-01-19 12:00:00,-1.0168954545454547,True,True,False,False
TOWNSUSDT,2026-01-29 00:00:00,2026-01-29 04:00:00,2026-01-31 16:00:00,1.9890128898128896,True,True,True,False
TOWNSUSDT,2026-02-11 00:00:00,2026-02-11 04:00:00,2026-02-15 16:00:00,-1.0164479768786128,True,True,True,False
TOWNSUSDT,2026-02-22 12:00:00,2026-02-22 16:00:00,2026-03-02 12:00:00,0.29377675840978584,True,True,True,False
TOWNSUSDT,2026-03-16 12:00:00,2026-03-16 16:00:00,2026-03-17 08:00:00,-1.016652852852853,True,False,False,False
TOWNSUSDT,2026-05-07 00:00:00,2026-05-07 04:00:00,2026-05-07 16:00:00,-1.0217092511013217,True,False,False,False
TOWNSUSDT,2026-05-15 08:00:00,2026-05-15 12:00:00,2026-05-18 08:00:00,-1.020545945945946,True,True,False,False
TOWNSUSDT,2026-06-02 08:00:00,2026-06-02 12:00:00,2026-06-04 00:00:00,1.9851499999999997,True,True,False,False
TRADOORUSDT,2025-11-13 12:00:00,2025-11-13 16:00:00,2025-11-15 12:00:00,-1.0162385786802033,True,True,True,False
TRADOORUSDT,2025-12-14 00:00:00,2025-12-14 04:00:00,2025-12-14 12:00:00,-1.0209363636363638,True,True,True,False
TRADOORUSDT,2026-02-27 20:00:00,2026-02-28 00:00:00,2026-03-02 12:00:00,-1.020367741935484,True,False,True,False
TRADOORUSDT,2026-03-08 08:00:00,2026-03-08 12:00:00,2026-03-08 16:00:00,-1.0177674796747969,True,False,True,False
TRADOORUSDT,2026-05-07 00:00:00,2026-05-07 04:00:00,2026-05-08 04:00:00,-1.0152617283950618,True,True,False,False
TRADOORUSDT,2026-05-13 08:00:00,2026-05-13 12:00:00,2026-05-15 12:00:00,1.9873329411764704,True,True,False,False
TRADOORUSDT,2026-05-24 20:00:00,2026-05-25 00:00:00,2026-05-27 20:00:00,1.99007779886148,True,True,False,False
TRADOORUSDT,2026-06-22 20:00:00,2026-06-23 00:00:00,2026-06-24 04:00:00,-1.0283873786407767,True,True,False,False
TRADOORUSDT,2026-07-27 20:00:00,2026-07-28 00:00:00,2026-08-01 04:00:00,-1.0191013698630138,True,False,False,False
TRADOORUSDT,2026-08-18 00:00:00,2026-08-18 04:00:00,2026-08-22 00:00:00,-1.0168376923076925,True,False,False,False
TREEUSDT,2025-09-11 12:00:00,2025-09-11 16:00:00,2025-09-14 04:00:00,-1.016232713754647,True,False,False,False
TREEUSDT,2025-10-07 12:00:00,2025-10-07 16:00:00,2025-10-10 16:00:00,1.988065625,True,True,False,False
TREEUSDT,2025-11-19 16:00:00,2025-11-19 20:00:00,2025-11-20 12:00:00,-1.0194142857142858,True,True,True,False
TREEUSDT,2025-12-05 16:00:00,2025-12-05 20:00:00,2025-12-13 16:00:00,0.6079522935779808,True,True,True,False
TREEUSDT,2025-12-14 16:00:00,2025-12-14 20:00:00,2025-12-18 16:00:00,1.987736144578313,True,True,True,False
TREEUSDT,2025-12-28 12:00:00,2025-12-28 16:00:00,2025-12-29 00:00:00,-1.0451818181818182,True,True,True,False
TREEUSDT,2026-01-11 20:00:00,2026-01-12 00:00:00,2026-01-19 00:00:00,1.9849249999999998,True,True,False,False
TREEUSDT,2026-02-18 16:00:00,2026-02-18 20:00:00,2026-02-26 16:00:00,-0.19091313485113698,True,True,True,False
TREEUSDT,2026-03-08 00:00:00,2026-03-08 04:00:00,2026-03-11 12:00:00,-1.029590909090909,True,True,True,False
TREEUSDT,2026-03-21 20:00:00,2026-03-22 00:00:00,2026-03-22 08:00:00,1.978752747252747,True,True,False,False
TREEUSDT,2026-03-27 08:00:00,2026-03-27 12:00:00,2026-04-04 08:00:00,0.559536454849497,True,True,False,False
TREEUSDT,2026-04-05 04:00:00,2026-04-05 08:00:00,2026-04-05 12:00:00,-1.0412478723404255,True,True,False,False
TREEUSDT,2026-04-27 04:00:00,2026-04-27 08:00:00,2026-05-05 04:00:00,-0.293870149253731,True,False,False,False
TREEUSDT,2026-05-07 00:00:00,2026-05-07 04:00:00,2026-05-08 12:00:00,-1.0322761904761906,True,False,False,False
TREEUSDT,2026-05-13 12:00:00,2026-05-13 16:00:00,2026-05-21 12:00:00,0.6238094202898556,True,False,False,False
TREEUSDT,2026-05-26 20:00:00,2026-05-27 00:00:00,2026-06-03 20:00:00,1.8252936863543787,True,True,False,False
TREEUSDT,2026-06-09 00:00:00,2026-06-09 04:00:00,2026-06-10 08:00:00,-1.0174875739644973,True,True,True,False
TREEUSDT,2026-06-18 08:00:00,2026-06-18 12:00:00,2026-06-20 00:00:00,-1.0207743421052633,True,True,False,False
TREEUSDT,2026-06-22 20:00:00,2026-06-23 00:00:00,2026-06-24 16:00:00,1.9809328571428568,True,True,False,False
TREEUSDT,2026-06-30 00:00:00,2026-06-30 04:00:00,2026-07-02 04:00:00,-1.0257854545454546,True,True,True,False
TREEUSDT,2026-07-07 20:00:00,2026-07-08 00:00:00,2026-07-10 08:00:00,-1.0214805970149254,True,True,False,False
TREEUSDT,2026-08-02 12:00:00,2026-08-02 16:00:00,2026-08-07 04:00:00,-1.0225716981132076,True,True,False,False
TREEUSDT,2026-08-10 20:00:00,2026-08-11 00:00:00,2026-08-14 08:00:00,1.979005769230769,True,True,False,False
TROYUSDT,2024-12-30 08:00:00,2024-12-30 12:00:00,2024-12-31 12:00:00,-1.0263121951219512,True,False,True,False
TROYUSDT,2025-01-06 08:00:00,2025-01-06 12:00:00,2025-01-08 16:00:00,1.9888302114803624,True,True,True,False
TROYUSDT,2025-01-26 20:00:00,2025-01-27 00:00:00,2025-01-31 16:00:00,-1.0178041379310347,True,True,True,False
TROYUSDT,2025-02-20 04:00:00,2025-02-20 08:00:00,2025-02-23 04:00:00,-1.0158598540145987,True,True,True,False
TROYUSDT,2025-03-09 12:00:00,2025-03-09 16:00:00,2025-03-11 00:00:00,1.989641818181818,True,True,True,False
TROYUSDT,2025-03-18 12:00:00,2025-03-18 16:00:00,2025-03-26 12:00:00,0.13172682926829266,True,True,True,False
TROYUSDT,2025-03-27 20:00:00,2025-03-28 00:00:00,2025-03-28 04:00:00,1.9789943396226413,True,True,True,False
TROYUSDT,2025-04-06 12:00:00,2025-04-06 16:00:00,2025-04-07 00:00:00,1.9838818181818179,True,True,True,False
TRUUSDT,2024-10-07 20:00:00,2024-10-08 00:00:00,2024-10-15 20:00:00,-0.27734385964912334,True,False,False,False
TRUUSDT,2024-10-16 16:00:00,2024-10-16 20:00:00,2024-10-20 08:00:00,-1.016344378698225,True,False,False,False
TRUUSDT,2024-12-14 08:00:00,2024-12-14 12:00:00,2024-12-18 00:00:00,1.98541318537859,True,False,False,False
TRUUSDT,2025-04-02 00:00:00,2025-04-02 04:00:00,2025-04-06 16:00:00,1.9891934782608693,True,True,True,False
TRUUSDT,2025-04-27 08:00:00,2025-04-27 12:00:00,2025-04-29 00:00:00,-1.01626783625731,True,False,False,False
TRUUSDT,2025-05-06 08:00:00,2025-05-06 12:00:00,2025-05-08 00:00:00,-1.0246468292682926,True,False,False,False
TRUUSDT,2025-05-17 00:00:00,2025-05-17 04:00:00,2025-05-22 08:00:00,-1.017127485380117,True,False,False,False
TRUUSDT,2025-05-25 08:00:00,2025-05-25 12:00:00,2025-05-27 16:00:00,-1.0230971659919028,True,False,False,False
TRUUSDT,2025-06-20 16:00:00,2025-06-20 20:00:00,2025-06-22 12:00:00,1.987408411214953,True,True,True,False
TRUUSDT,2025-06-30 16:00:00,2025-06-30 20:00:00,2025-07-08 16:00:00,1.128695867768593,True,True,True,False
TRUUSDT,2025-07-23 12:00:00,2025-07-23 16:00:00,2025-07-25 20:00:00,-1.0167128205128206,True,False,False,False
TRUUSDT,2025-09-01 20:00:00,2025-09-02 00:00:00,2025-09-09 04:00:00,-1.0174429184549358,True,True,True,False
TRUUSDT,2025-09-21 08:00:00,2025-09-21 12:00:00,2025-09-22 04:00:00,1.9809591836734692,True,False,False,False
TRUUSDT,2025-10-07 12:00:00,2025-10-07 16:00:00,2025-10-10 20:00:00,1.9902700787401573,True,True,False,False
TRUUSDT,2025-11-11 16:00:00,2025-11-11 20:00:00,2025-11-14 20:00:00,1.988481343283582,True,True,True,False
TRUUSDT,2025-11-16 12:00:00,2025-11-16 16:00:00,2025-11-21 20:00:00,1.988650442477876,True,True,True,False
TRUUSDT,2025-12-04 16:00:00,2025-12-04 20:00:00,2025-12-05 04:00:00,-1.0207307692307694,True,True,True,False
TRUUSDT,2025-12-12 12:00:00,2025-12-12 16:00:00,2025-12-17 00:00:00,1.9898520408163265,True,True,True,False
TRUUSDT,2026-01-25 12:00:00,2026-01-25 16:00:00,2026-01-30 00:00:00,1.9877234375,True,True,True,False
TRUUSDT,2026-01-31 08:00:00,2026-01-31 12:00:00,2026-01-31 16:00:00,1.9824499999999998,True,True,True,False
TRUUSDT,2026-02-05 08:00:00,2026-02-05 12:00:00,2026-02-13 08:00:00,0.5069787878787875,True,True,True,False
TRUUSDT,2026-02-18 08:00:00,2026-02-18 12:00:00,2026-02-19 16:00:00,1.9818968152866239,True,True,True,False
TRUUSDT,2026-02-22 00:00:00,2026-02-22 04:00:00,2026-02-27 20:00:00,1.9861104109589038,True,True,True,False
TRUUSDT,2026-03-06 12:00:00,2026-03-06 16:00:00,2026-03-11 16:00:00,-1.0159327146171695,True,True,True,False
TRUUSDT,2026-03-20 16:00:00,2026-03-20 20:00:00,2026-03-27 16:00:00,1.9858405405405404,True,True,True,False
TRUUSDT,2026-03-29 16:00:00,2026-03-29 20:00:00,2026-03-30 04:00:00,-1.0224000000000002,True,True,True,False
TRUUSDT,2026-04-05 04:00:00,2026-04-05 08:00:00,2026-04-05 16:00:00,-1.0158356382978724,True,True,False,False
TSTUSDT,2025-04-18 08:00:00,2025-04-18 12:00:00,2025-04-23 16:00:00,-1.02824,True,False,True,False
TSTUSDT,2025-05-16 20:00:00,2025-05-17 00:00:00,2025-05-17 04:00:00,-1.0305407407407408,True,True,False,False
TSTUSDT,2025-05-21 04:00:00,2025-05-21 08:00:00,2025-05-22 00:00:00,-1.0433999999999999,True,True,False,False
TSTUSDT,2025-05-23 20:00:00,2025-05-24 00:00:00,2025-05-30 16:00:00,1.9874214285714285,True,True,False,False
TSTUSDT,2025-06-05 16:00:00,2025-06-05 20:00:00,2025-06-06 12:00:00,-1.0177935483870968,True,True,True,False
TSTUSDT,2025-06-11 08:00:00,2025-06-11 12:00:00,2025-06-13 12:00:00,-1.0170121212121213,True,True,True,False
TSTUSDT,2025-06-18 16:00:00,2025-06-18 20:00:00,2025-06-26 16:00:00,0.5088509186351718,True,True,True,False
TSTUSDT,2025-06-27 08:00:00,2025-06-27 12:00:00,2025-06-27 12:00:00,-1.0855647058823528,True,True,True,False
TSTUSDT,2025-07-01 00:00:00,2025-07-01 04:00:00,2025-07-02 20:00:00,-1.0304814814814813,True,True,True,False
TSTUSDT,2025-07-06 08:00:00,2025-07-06 12:00:00,2025-07-10 00:00:00,-1.030670652173913,True,True,True,False
TSTUSDT,2025-07-15 00:00:00,2025-07-15 04:00:00,2025-07-15 08:00:00,-1.0189666666666668,True,True,False,False
TSTUSDT,2025-08-10 20:00:00,2025-08-11 00:00:00,2025-08-11 12:00:00,-1.0152071111111112,True,True,False,False
TSTUSDT,2025-08-21 08:00:00,2025-08-21 12:00:00,2025-08-29 08:00:00,0.9283704000000007,True,True,False,False
TSTUSDT,2025-08-31 20:00:00,2025-09-01 00:00:00,2025-09-04 20:00:00,1.9826023076923074,True,True,True,False
TSTUSDT,2025-10-04 12:00:00,2025-10-04 16:00:00,2025-10-05 04:00:00,-1.016439705882353,True,False,True,False
TSTUSDT,2025-10-21 00:00:00,2025-10-21 04:00:00,2025-10-29 00:00:00,1.0387969465648883,True,True,True,False
TSTUSDT,2025-11-11 20:00:00,2025-11-12 00:00:00,2025-11-19 16:00:00,1.9865762711864405,True,True,True,False
TSTUSDT,2025-12-15 12:00:00,2025-12-15 16:00:00,2025-12-19 16:00:00,-1.0161000000000002,True,True,True,False
TSTUSDT,2026-01-15 00:00:00,2026-01-15 04:00:00,2026-01-23 00:00:00,1.0458506849315041,True,False,False,False
TSTUSDT,2026-01-29 00:00:00,2026-01-29 04:00:00,2026-01-31 16:00:00,1.9887330188679244,True,True,True,False
TSTUSDT,2026-02-05 08:00:00,2026-02-05 12:00:00,2026-02-06 00:00:00,1.9905586538461537,True,True,True,False
TSTUSDT,2026-02-11 04:00:00,2026-02-11 08:00:00,2026-02-12 08:00:00,-1.0191800000000002,True,True,True,False
TSTUSDT,2026-02-22 16:00:00,2026-02-22 20:00:00,2026-02-28 08:00:00,1.9859738461538459,True,True,True,False
TSTUSDT,2026-03-29 20:00:00,2026-03-30 00:00:00,2026-03-31 16:00:00,-1.019305263157895,True,True,True,False
TSTUSDT,2026-04-11 00:00:00,2026-04-11 04:00:00,2026-04-11 04:00:00,-1.044336923076923,True,True,False,False
TSTUSDT,2026-04-12 16:00:00,2026-04-12 20:00:00,2026-04-13 04:00:00,-1.0218437619961616,True,True,False,False
TSTUSDT,2026-04-27 04:00:00,2026-04-27 08:00:00,2026-04-28 16:00:00,-1.0230286149162862,True,False,False,False
TSTUSDT,2026-05-15 04:00:00,2026-05-15 08:00:00,2026-05-17 20:00:00,1.9853395134228187,True,False,False,False
TSTUSDT,2026-07-02 08:00:00,2026-07-02 12:00:00,2026-07-03 20:00:00,-1.0184441025641027,True,True,True,False
TSTUSDT,2026-08-04 04:00:00,2026-08-04 08:00:00,2026-08-07 08:00:00,-1.0161595744680854,True,False,False,False
TURTLEUSDT,2025-11-28 00:00:00,2025-11-28 04:00:00,2025-11-28 12:00:00,-1.01588125,True,False,True,False
TURTLEUSDT,2025-12-12 12:00:00,2025-12-12 16:00:00,2025-12-18 16:00:00,1.9900431407942236,True,True,True,False
TURTLEUSDT,2026-01-31 08:00:00,2026-01-31 12:00:00,2026-01-31 16:00:00,1.9850873065015477,True,True,True,False
TURTLEUSDT,2026-02-04 12:00:00,2026-02-04 16:00:00,2026-02-06 00:00:00,1.9881763736263736,True,True,True,False
TURTLEUSDT,2026-02-15 16:00:00,2026-02-15 20:00:00,2026-02-18 16:00:00,-1.0179226415094342,True,True,True,False
TURTLEUSDT,2026-02-22 20:00:00,2026-02-23 00:00:00,2026-02-26 16:00:00,-1.0181369774919615,True,True,True,False
TURTLEUSDT,2026-03-20 12:00:00,2026-03-20 16:00:00,2026-03-28 12:00:00,0.641318181818181,True,False,True,False
TURTLEUSDT,2026-03-29 20:00:00,2026-03-30 00:00:00,2026-03-31 12:00:00,-1.0198000000000003,True,True,True,False
TURTLEUSDT,2026-04-07 00:00:00,2026-04-07 04:00:00,2026-04-13 08:00:00,-1.0196140468227426,True,False,False,False
TURTLEUSDT,2026-04-30 20:00:00,2026-05-01 00:00:00,2026-05-02 04:00:00,-1.0276543933054394,True,False,False,False
TURTLEUSDT,2026-05-18 12:00:00,2026-05-18 16:00:00,2026-05-21 08:00:00,-1.0207828382838287,True,True,False,False
TURTLEUSDT,2026-05-24 20:00:00,2026-05-25 00:00:00,2026-05-25 16:00:00,-1.0256510460251047,True,True,False,False
TURTLEUSDT,2026-05-27 12:00:00,2026-05-27 16:00:00,2026-06-04 12:00:00,1.05016352201258,True,True,False,False
TURTLEUSDT,2026-06-22 20:00:00,2026-06-23 00:00:00,2026-06-30 20:00:00,0.6716933333333344,True,True,False,False
TURTLEUSDT,2026-07-12 20:00:00,2026-07-13 00:00:00,2026-07-20 08:00:00,-1.0223596153846155,True,True,False,False
TURTLEUSDT,2026-08-11 20:00:00,2026-08-12 00:00:00,2026-08-19 20:00:00,0.15421955835961992,True,False,False,False
TUSDT,2024-09-03 20:00:00,2024-09-04 00:00:00,2024-09-11 20:00:00,-0.40401012658227864,True,False,False,True
TUSDT,2024-09-18 12:00:00,2024-09-18 16:00:00,2024-09-19 00:00:00,-1.0210710144927537,True,False,False,True
TUSDT,2024-09-30 08:00:00,2024-09-30 12:00:00,2024-10-01 16:00:00,1.9840937499999998,True,False,False,False
TUSDT,2024-10-02 16:00:00,2024-10-02 20:00:00,2024-10-05 12:00:00,-1.0165967741935484,True,False,False,False
TUSDT,2024-10-17 16:00:00,2024-10-17 20:00:00,2024-10-20 08:00:00,-1.0206320512820515,True,False,False,False
TUSDT,2024-10-26 12:00:00,2024-10-26 16:00:00,2024-11-03 12:00:00,1.6580060975609758,True,True,True,False
TUSDT,2024-12-18 04:00:00,2024-12-18 08:00:00,2024-12-26 04:00:00,1.0287610561056086,True,False,False,False
TUSDT,2025-01-01 00:00:00,2025-01-01 04:00:00,2025-01-03 16:00:00,-1.0188120603015076,True,True,True,False
TUSDT,2025-01-18 04:00:00,2025-01-18 08:00:00,2025-01-21 00:00:00,1.9856299999999998,True,True,True,False
TUSDT,2025-01-27 00:00:00,2025-01-27 04:00:00,2025-02-03 00:00:00,1.9895676056338027,True,True,True,False
TUSDT,2025-02-15 16:00:00,2025-02-15 20:00:00,2025-02-17 08:00:00,-1.0217848484848486,True,True,True,False
TUSDT,2025-02-21 16:00:00,2025-02-21 20:00:00,2025-02-25 04:00:00,1.9867028169014083,True,True,True,False
TUSDT,2025-03-09 08:00:00,2025-03-09 12:00:00,2025-03-17 08:00:00,0.3129986577181211,True,True,True,False
TUSDT,2025-03-23 12:00:00,2025-03-23 16:00:00,2025-03-24 04:00:00,-1.0391034482758619,True,True,True,False
TUSDT,2025-03-28 04:00:00,2025-03-28 08:00:00,2025-04-02 20:00:00,1.9854379999999998,True,True,True,False
TUSDT,2025-05-06 08:00:00,2025-05-06 12:00:00,2025-05-08 08:00:00,-1.022578431372549,True,False,False,False
TUSDT,2025-05-13 00:00:00,2025-05-13 04:00:00,2025-05-21 00:00:00,0.48254861111111236,True,False,False,False
TUSDT,2025-05-25 04:00:00,2025-05-25 08:00:00,2025-05-27 12:00:00,-1.0331138888888889,True,False,False,False
TUSDT,2025-05-28 16:00:00,2025-05-28 20:00:00,2025-05-30 20:00:00,1.9824551724137929,True,False,False,False
TUSDT,2025-06-05 08:00:00,2025-06-05 12:00:00,2025-06-13 08:00:00,0.5688180555555564,True,True,True,False
TUSDT,2025-06-30 04:00:00,2025-06-30 08:00:00,2025-07-02 00:00:00,1.9808074999999998,True,False,True,False
TUSDT,2025-07-23 12:00:00,2025-07-23 16:00:00,2025-07-24 04:00:00,1.9820094736842102,True,False,False,False
TUSDT,2025-07-30 08:00:00,2025-07-30 12:00:00,2025-07-31 08:00:00,-1.02268,True,False,False,False
TUSDT,2025-08-01 04:00:00,2025-08-01 08:00:00,2025-08-09 04:00:00,-0.8008697986577179,True,True,False,False
TUSDT,2025-08-14 12:00:00,2025-08-14 16:00:00,2025-08-22 12:00:00,0.04098282208588946,True,False,False,False
TUSDT,2025-08-25 12:00:00,2025-08-25 16:00:00,2025-09-02 12:00:00,0.46461495327102853,True,True,False,False
TUSDT,2025-09-21 00:00:00,2025-09-21 04:00:00,2025-09-22 00:00:00,1.9447333333333334,True,False,False,False
TUSDT,2025-09-25 16:00:00,2025-09-25 20:00:00,2025-10-03 12:00:00,-1.0318238805970148,True,True,True,False
TUSDT,2025-10-05 16:00:00,2025-10-05 20:00:00,2025-10-10 20:00:00,1.9809999999999997,True,True,True,False
TUSDT,2025-10-16 16:00:00,2025-10-16 20:00:00,2025-10-24 16:00:00,-0.4114327586206886,True,True,True,False
TUSDT,2025-10-29 12:00:00,2025-10-29 16:00:00,2025-11-02 16:00:00,-1.0347254901960783,True,True,True,False
TUSDT,2025-11-11 16:00:00,2025-11-11 20:00:00,2025-11-19 16:00:00,1.0631171717171717,True,True,True,False
TUSDT,2025-11-21 04:00:00,2025-11-21 08:00:00,2025-11-29 04:00:00,-0.07044923076923161,True,True,True,False
TUSDT,2025-11-30 20:00:00,2025-12-01 00:00:00,2025-12-08 20:00:00,0.5378684210526307,True,True,True,False
TUSDT,2025-12-12 16:00:00,2025-12-12 20:00:00,2025-12-18 04:00:00,1.98728,True,True,True,False
TUSDT,2025-12-23 00:00:00,2025-12-23 04:00:00,2025-12-28 00:00:00,-1.0412066666666666,True,True,True,False
TUSDT,2025-12-31 08:00:00,2025-12-31 12:00:00,2026-01-04 00:00:00,-1.0274272727272726,True,True,True,False
TUSDT,2026-01-19 00:00:00,2026-01-19 04:00:00,2026-01-27 00:00:00,0.4475917808219169,True,True,False,False
TUSDT,2026-01-31 12:00:00,2026-01-31 16:00:00,2026-02-06 00:00:00,1.990125714285714,True,True,True,False
TUSDT,2026-02-18 16:00:00,2026-02-18 20:00:00,2026-02-23 00:00:00,1.9800829721362228,True,True,True,False
TUSDT,2026-02-28 04:00:00,2026-02-28 08:00:00,2026-03-01 00:00:00,-1.0149341337907376,True,True,True,False
TUSDT,2026-03-05 16:00:00,2026-03-05 20:00:00,2026-03-06 12:00:00,-1.0276456790123456,True,True,True,False
TUSDT,2026-03-14 12:00:00,2026-03-14 16:00:00,2026-03-17 12:00:00,-1.0144202247191012,True,True,True,False
TUSDT,2026-03-21 20:00:00,2026-03-22 00:00:00,2026-03-29 20:00:00,1.223872139303483,True,True,False,False
TUSDT,2026-04-12 00:00:00,2026-04-12 04:00:00,2026-04-16 16:00:00,-1.0281993377483443,True,True,False,False
TUSDT,2026-04-22 20:00:00,2026-04-23 00:00:00,2026-04-29 12:00:00,1.96548527607362,True,True,False,False
TUSDT,2026-05-12 12:00:00,2026-05-12 16:00:00,2026-05-18 12:00:00,1.9855622047244093,True,False,False,False
TUSDT,2026-05-22 20:00:00,2026-05-23 00:00:00,2026-05-30 20:00:00,1.2360012307692305,True,True,False,False
TUSDT,2026-06-02 12:00:00,2026-06-02 16:00:00,2026-06-05 04:00:00,1.9889380053908354,True,True,False,False
TUSDT,2026-06-09 12:00:00,2026-06-09 16:00:00,2026-06-13 00:00:00,-1.017888888888889,True,True,True,False
TUSDT,2026-06-18 00:00:00,2026-06-18 04:00:00,2026-06-23 08:00:00,1.9805641618497107,True,True,False,False
TUSDT,2026-06-30 04:00:00,2026-06-30 08:00:00,2026-07-04 12:00:00,-1.016636749116608,True,True,True,False
TUSDT,2026-07-08 00:00:00,2026-07-08 04:00:00,2026-07-11 08:00:00,-1.0176157894736844,True,True,False,False
TUSDT,2026-07-22 00:00:00,2026-07-22 04:00:00,2026-07-30 00:00:00,0.8993439330543954,True,True,False,False
TUSDT,2026-08-14 04:00:00,2026-08-14 08:00:00,2026-08-15 12:00:00,-1.0393176470588235,True,True,False,False
TUSDT,2026-08-16 20:00:00,2026-08-17 00:00:00,2026-08-20 08:00:00,-1.0276562874251496,True,True,False,False
TUTUSDT,2025-05-06 04:00:00,2025-05-06 08:00:00,2025-05-08 16:00:00,-1.0218230303030305,True,False,False,False
TUTUSDT,2025-05-25 12:00:00,2025-05-25 16:00:00,2025-05-27 00:00:00,-1.0142976377952757,True,False,False,False
TUTUSDT,2025-06-05 16:00:00,2025-06-05 20:00:00,2025-06-08 04:00:00,-1.0195425641025642,True,False,True,False
TUTUSDT,2025-07-23 00:00:00,2025-07-23 04:00:00,2025-07-25 16:00:00,-1.0182372505543238,True,False,False,False
TUTUSDT,2025-08-07 12:00:00,2025-08-07 16:00:00,2025-08-07 16:00:00,-1.064990625,True,False,False,False
TUTUSDT,2025-08-25 20:00:00,2025-08-26 00:00:00,2025-08-26 00:00:00,-1.0355227467811159,True,True,False,False
TUTUSDT,2025-08-30 16:00:00,2025-08-30 20:00:00,2025-09-02 00:00:00,-1.02065,True,True,True,False
TUTUSDT,2025-09-11 00:00:00,2025-09-11 04:00:00,2025-09-13 04:00:00,-1.037072,True,False,False,False
TUTUSDT,2025-09-17 00:00:00,2025-09-17 04:00:00,2025-09-19 12:00:00,-1.0164634146341465,True,False,False,False
TUTUSDT,2025-10-27 12:00:00,2025-10-27 16:00:00,2025-10-30 16:00:00,1.9886499999999998,True,True,True,False
TUTUSDT,2025-11-03 00:00:00,2025-11-03 04:00:00,2025-11-03 12:00:00,1.9897925465838509,True,True,True,False
TUTUSDT,2025-11-30 00:00:00,2025-11-30 04:00:00,2025-11-30 12:00:00,-1.0183411764705883,True,True,True,False
TUTUSDT,2025-12-10 20:00:00,2025-12-11 00:00:00,2025-12-17 16:00:00,1.9882999999999997,True,True,True,False
TUTUSDT,2025-12-28 16:00:00,2025-12-28 20:00:00,2025-12-30 16:00:00,-1.0280411764705881,True,True,True,False
TUTUSDT,2026-01-28 16:00:00,2026-01-28 20:00:00,2026-01-31 08:00:00,1.9791199999999998,True,True,True,False
TUTUSDT,2026-02-22 12:00:00,2026-02-22 16:00:00,2026-02-28 08:00:00,1.986082608695652,True,True,True,False
TUTUSDT,2026-03-06 12:00:00,2026-03-06 16:00:00,2026-03-09 12:00:00,-1.0140000000000002,True,True,True,False
TUTUSDT,2026-03-13 20:00:00,2026-03-14 00:00:00,2026-03-16 04:00:00,-1.0154291666666668,True,True,True,False
TUTUSDT,2026-03-18 08:00:00,2026-03-18 12:00:00,2026-03-20 16:00:00,1.9873039999999997,True,False,False,False
TUTUSDT,2026-03-21 20:00:00,2026-03-22 00:00:00,2026-03-22 08:00:00,-1.0217250000000002,True,True,False,False
TUTUSDT,2026-03-29 20:00:00,2026-03-30 00:00:00,2026-04-02 16:00:00,-1.014455,True,True,True,False
TUTUSDT,2026-04-23 00:00:00,2026-04-23 04:00:00,2026-04-23 20:00:00,-1.0225938461538462,True,False,False,False
TUTUSDT,2026-04-27 04:00:00,2026-04-27 08:00:00,2026-04-28 16:00:00,-1.021689855072464,True,False,False,False
TUTUSDT,2026-05-15 20:00:00,2026-05-16 00:00:00,2026-05-23 20:00:00,1.1504715789473687,True,False,False,False
TUTUSDT,2026-05-26 16:00:00,2026-05-26 20:00:00,2026-06-03 16:00:00,0.8341066666666658,True,True,False,False
TUTUSDT,2026-06-15 20:00:00,2026-06-16 00:00:00,2026-06-19 08:00:00,-1.0221242424242427,True,True,True,False
TUTUSDT,2026-06-22 20:00:00,2026-06-23 00:00:00,2026-06-23 12:00:00,-1.0212333333333334,True,True,False,False
TUTUSDT,2026-07-08 08:00:00,2026-07-08 12:00:00,2026-07-09 12:00:00,-1.015368539325843,True,True,False,False
TWTUSDT,2024-10-01 16:00:00,2024-10-01 20:00:00,2024-10-03 20:00:00,-1.017112090680101,True,False,False,False
TWTUSDT,2024-10-07 20:00:00,2024-10-08 00:00:00,2024-10-12 08:00:00,-1.0194519410977243,True,False,False,False
TWTUSDT,2024-10-21 08:00:00,2024-10-21 12:00:00,2024-10-25 20:00:00,1.9855175675675674,True,False,False,False
TWTUSDT,2024-10-31 12:00:00,2024-10-31 16:00:00,2024-11-08 00:00:00,-1.0217415625000001,True,False,True,False
TWTUSDT,2024-11-14 12:00:00,2024-11-14 16:00:00,2024-11-22 12:00:00,-0.039251987110633414,True,True,False,False
TWTUSDT,2024-12-28 04:00:00,2024-12-28 08:00:00,2025-01-02 12:00:00,-1.0215072463768118,True,True,True,False
TWTUSDT,2025-01-07 12:00:00,2025-01-07 16:00:00,2025-01-15 12:00:00,-0.19504959999999857,True,False,True,False
TWTUSDT,2025-01-22 20:00:00,2025-01-23 00:00:00,2025-01-30 20:00:00,0.6574622296173089,True,True,True,False
TWTUSDT,2025-02-02 04:00:00,2025-02-02 08:00:00,2025-02-03 00:00:00,1.9896172824791416,True,True,True,False
TWTUSDT,2025-02-24 12:00:00,2025-02-24 16:00:00,2025-02-26 12:00:00,-1.031258407079646,True,True,True,False
TWTUSDT,2025-03-08 08:00:00,2025-03-08 12:00:00,2025-03-10 16:00:00,1.9843563055062166,True,True,True,False
TWTUSDT,2025-03-16 08:00:00,2025-03-16 12:00:00,2025-03-17 08:00:00,-1.0318434316353886,True,True,True,False
TWTUSDT,2025-03-28 08:00:00,2025-03-28 12:00:00,2025-04-03 08:00:00,1.9844482758620687,True,True,True,False
TWTUSDT,2025-04-06 08:00:00,2025-04-06 12:00:00,2025-04-06 20:00:00,1.981821391752577,True,True,True,False
TWTUSDT,2025-04-14 20:00:00,2025-04-15 00:00:00,2025-04-21 08:00:00,-1.0269030927835052,True,True,True,False
TWTUSDT,2025-04-28 00:00:00,2025-04-28 04:00:00,2025-05-06 00:00:00,0.5359253438113973,True,True,False,False
TWTUSDT,2025-05-15 04:00:00,2025-05-15 08:00:00,2025-05-23 04:00:00,-0.44703605706874217,True,False,False,False
TWTUSDT,2025-05-25 12:00:00,2025-05-25 16:00:00,2025-05-28 08:00:00,-1.0344776119402983,True,False,False,False
TWTUSDT,2025-05-30 04:00:00,2025-05-30 08:00:00,2025-06-07 04:00:00,0.4250551724137932,True,False,False,False
TWTUSDT,2025-06-17 12:00:00,2025-06-17 16:00:00,2025-06-22 12:00:00,1.9853253246753244,True,True,True,False
TWTUSDT,2025-07-22 12:00:00,2025-07-22 16:00:00,2025-07-28 04:00:00,-1.0254244988864143,True,False,False,False
TWTUSDT,2025-07-31 20:00:00,2025-08-01 00:00:00,2025-08-08 20:00:00,-0.9891147347740661,True,False,False,False
TWTUSDT,2025-08-11 08:00:00,2025-08-11 12:00:00,2025-08-13 00:00:00,-1.026927959697733,True,False,False,False
TWTUSDT,2025-08-19 16:00:00,2025-08-19 20:00:00,2025-08-22 20:00:00,-1.0199813333333334,True,True,False,False
TWTUSDT,2025-08-29 04:00:00,2025-08-29 08:00:00,2025-09-06 04:00:00,0.2884720379146916,True,True,True,False
TWTUSDT,2025-09-06 16:00:00,2025-09-06 20:00:00,2025-09-08 00:00:00,-1.0652272727272727,True,True,True,False
TWTUSDT,2025-09-17 08:00:00,2025-09-17 12:00:00,2025-09-18 08:00:00,-1.0340050314465408,True,False,False,False
TWTUSDT,2025-10-30 12:00:00,2025-10-30 16:00:00,2025-11-01 00:00:00,-1.0300255319148937,True,True,True,False
TWTUSDT,2025-11-11 20:00:00,2025-11-12 00:00:00,2025-11-19 20:00:00,0.7434651851851831,True,True,True,False
TWTUSDT,2025-11-20 20:00:00,2025-11-21 00:00:00,2025-11-28 20:00:00,0.5744362089914936,True,True,True,False
TWTUSDT,2025-11-29 16:00:00,2025-11-29 20:00:00,2025-12-01 08:00:00,1.9730955752212385,True,True,True,False
TWTUSDT,2025-12-11 00:00:00,2025-12-11 04:00:00,2025-12-18 16:00:00,1.9870844674556212,True,True,True,False
TWTUSDT,2025-12-24 08:00:00,2025-12-24 12:00:00,2025-12-26 08:00:00,-1.031921568627451,True,True,True,False
TWTUSDT,2026-01-11 20:00:00,2026-01-12 00:00:00,2026-01-13 20:00:00,-1.0260149253731343,True,True,False,False
TWTUSDT,2026-01-18 20:00:00,2026-01-19 00:00:00,2026-01-20 20:00:00,1.9777196286472145,True,False,False,False
TWTUSDT,2026-01-25 08:00:00,2026-01-25 12:00:00,2026-01-28 08:00:00,-1.056968720379147,True,True,True,False
TWTUSDT,2026-01-31 08:00:00,2026-01-31 12:00:00,2026-01-31 16:00:00,1.981977386934673,True,True,True,False
TWTUSDT,2026-02-10 08:00:00,2026-02-10 12:00:00,2026-02-12 08:00:00,-1.015858123569794,True,True,True,False
TWTUSDT,2026-02-23 00:00:00,2026-02-23 04:00:00,2026-03-03 00:00:00,-0.012348101265823004,True,True,True,False
TWTUSDT,2026-03-07 16:00:00,2026-03-07 20:00:00,2026-03-15 08:00:00,-1.0152201834862387,True,True,True,False
TWTUSDT,2026-03-20 12:00:00,2026-03-20 16:00:00,2026-03-27 08:00:00,1.9743806818181815,True,True,True,False
TWTUSDT,2026-03-30 20:00:00,2026-03-31 00:00:00,2026-03-31 04:00:00,1.9861406593406592,True,True,True,False
TWTUSDT,2026-04-14 16:00:00,2026-04-14 20:00:00,2026-04-16 20:00:00,-1.0233566666666667,True,True,False,False
TWTUSDT,2026-05-01 08:00:00,2026-05-01 12:00:00,2026-05-04 04:00:00,-1.0443894736842105,True,True,False,False
TWTUSDT,2026-05-15 08:00:00,2026-05-15 12:00:00,2026-05-20 00:00:00,1.9763904761904758,True,False,False,False
TWTUSDT,2026-05-22 16:00:00,2026-05-22 20:00:00,2026-05-30 16:00:00,-0.35787484662576613,True,False,False,False
TWTUSDT,2026-06-03 00:00:00,2026-06-03 04:00:00,2026-06-05 16:00:00,1.9885654867256635,True,True,True,False
TWTUSDT,2026-06-22 20:00:00,2026-06-23 00:00:00,2026-06-24 12:00:00,1.9750316176470586,True,True,False,False
TWTUSDT,2026-07-03 08:00:00,2026-07-03 12:00:00,2026-07-11 08:00:00,0.24202068965517248,True,True,True,False
TWTUSDT,2026-07-13 20:00:00,2026-07-14 00:00:00,2026-07-14 16:00:00,-1.0229466666666667,True,True,False,False
TWTUSDT,2026-07-16 20:00:00,2026-07-17 00:00:00,2026-07-24 20:00:00,0.9831719298245603,True,True,False,False
TWTUSDT,2026-08-04 20:00:00,2026-08-05 00:00:00,2026-08-07 08:00:00,-1.0189789473684212,True,False,False,False
TWTUSDT,2026-08-15 08:00:00,2026-08-15 12:00:00,2026-08-20 08:00:00,-1.0381089655172413,True,False,False,False
UAIUSDT,2026-01-23 12:00:00,2026-01-23 16:00:00,2026-01-29 12:00:00,-1.0167227586206897,True,False,True,False
UAIUSDT,2026-02-13 20:00:00,2026-02-14 00:00:00,2026-02-14 12:00:00,-1.0143375000000001,True,False,True,False
UAIUSDT,2026-02-17 16:00:00,2026-02-17 20:00:00,2026-02-25 16:00:00,-0.5058828571428575,True,False,True,False
UAIUSDT,2026-03-30 08:00:00,2026-03-30 12:00:00,2026-04-04 12:00:00,-1.01707125,True,True,True,False
UAIUSDT,2026-05-17 12:00:00,2026-05-17 16:00:00,2026-05-17 20:00:00,-1.0328484210526314,True,True,False,False
UAIUSDT,2026-07-05 04:00:00,2026-07-05 08:00:00,2026-07-07 04:00:00,-1.0171355371900828,True,False,False,False
UBERUSDT,2026-05-22 16:00:00,2026-05-22 20:00:00,2026-05-30 16:00:00,0.2642806451612914,True,False,False,False
UBERUSDT,2026-06-03 12:00:00,2026-06-03 16:00:00,2026-06-11 12:00:00,0.5015383132530096,True,False,True,False
UBERUSDT,2026-06-23 04:00:00,2026-06-23 08:00:00,2026-06-24 12:00:00,-1.0636192307692307,True,False,False,False
UBERUSDT,2026-07-06 12:00:00,2026-07-06 16:00:00,2026-07-07 16:00:00,-1.0798000000000003,True,False,False,False
UBERUSDT,2026-07-13 00:00:00,2026-07-13 04:00:00,2026-07-13 08:00:00,-1.1761389830508504,True,False,False,False
UBERUSDT,2026-07-21 16:00:00,2026-07-21 20:00:00,2026-07-24 16:00:00,1.9655593582887703,True,True,False,False
UBERUSDT,2026-08-05 08:00:00,2026-08-05 12:00:00,2026-08-07 12:00:00,-1.0188810077519381,True,False,False,False
UBERUSDT,2026-08-17 16:00:00,2026-08-17 20:00:00,2026-08-19 12:00:00,-1.0392574626865672,True,False,False,False
USTCUSDT,2024-09-18 12:00:00,2024-09-18 16:00:00,2024-09-18 20:00:00,-1.0218427184466021,True,False,False,True
USTCUSDT,2024-10-09 16:00:00,2024-10-09 20:00:00,2024-10-12 04:00:00,-1.0232693548387097,True,False,False,False
USTCUSDT,2024-12-14 12:00:00,2024-12-14 16:00:00,2024-12-18 20:00:00,1.9852762004175364,True,False,False,False
USTCUSDT,2024-12-30 12:00:00,2024-12-30 16:00:00,2025-01-03 16:00:00,-1.0141477572559368,True,True,True,False
USTCUSDT,2025-01-13 00:00:00,2025-01-13 04:00:00,2025-01-15 20:00:00,-1.0188610814927648,True,True,True,False
USTCUSDT,2025-01-18 04:00:00,2025-01-18 08:00:00,2025-01-26 04:00:00,1.3356812539987217,True,True,True,False
USTCUSDT,2025-01-27 00:00:00,2025-01-27 04:00:00,2025-02-02 16:00:00,1.9894898902821316,True,True,True,False
USTCUSDT,2025-03-06 16:00:00,2025-03-06 20:00:00,2025-03-10 16:00:00,1.9869062133645954,True,True,True,False
USTCUSDT,2025-03-21 20:00:00,2025-03-22 00:00:00,2025-03-22 16:00:00,-1.0279758998435056,True,True,True,False
USTCUSDT,2025-03-27 12:00:00,2025-03-27 16:00:00,2025-03-31 08:00:00,1.9867484536082471,True,True,True,False
USTCUSDT,2025-04-02 00:00:00,2025-04-02 04:00:00,2025-04-02 12:00:00,-1.0192222772277229,True,True,True,False
USTCUSDT,2025-04-15 12:00:00,2025-04-15 16:00:00,2025-04-18 12:00:00,-1.0188430622009572,True,True,True,False
USTCUSDT,2025-04-21 20:00:00,2025-04-22 00:00:00,2025-04-23 00:00:00,-1.0221322709163347,True,False,True,False
USTCUSDT,2025-04-29 20:00:00,2025-04-30 00:00:00,2025-05-02 04:00:00,-1.0224841432225065,True,False,False,False
USTCUSDT,2025-05-13 00:00:00,2025-05-13 04:00:00,2025-05-13 20:00:00,-1.0161095563139932,True,False,False,False
USTCUSDT,2025-05-16 20:00:00,2025-05-17 00:00:00,2025-05-22 16:00:00,-1.02288535669587,True,False,False,False
USTCUSDT,2025-05-25 08:00:00,2025-05-25 12:00:00,2025-05-27 16:00:00,-1.0250640579710144,True,False,False,False
USTCUSDT,2025-05-29 16:00:00,2025-05-29 20:00:00,2025-06-06 16:00:00,1.2397077720207266,True,False,False,False
USTCUSDT,2025-06-12 16:00:00,2025-06-12 20:00:00,2025-06-14 00:00:00,-1.0145328545780972,True,True,True,False
USTCUSDT,2025-07-28 12:00:00,2025-07-28 16:00:00,2025-08-02 16:00:00,1.9856305429864252,True,False,False,False
USTCUSDT,2025-09-01 16:00:00,2025-09-01 20:00:00,2025-09-03 12:00:00,-1.0430933333333332,True,True,True,False
USTCUSDT,2025-09-14 20:00:00,2025-09-15 00:00:00,2025-09-22 04:00:00,1.989165257352941,True,False,False,False
USTCUSDT,2025-09-30 08:00:00,2025-09-30 12:00:00,2025-10-01 08:00:00,-1.0420542936288089,True,True,True,False
USTCUSDT,2025-10-04 12:00:00,2025-10-04 16:00:00,2025-10-10 20:00:00,1.9802621301775145,True,True,True,False
USTCUSDT,2025-10-27 12:00:00,2025-10-27 16:00:00,2025-10-30 12:00:00,1.9787962099125362,True,True,True,False
USTCUSDT,2025-11-13 16:00:00,2025-11-13 20:00:00,2025-11-17 12:00:00,-1.0154964705882354,True,True,True,False
USTCUSDT,2025-12-01 00:00:00,2025-12-01 04:00:00,2025-12-03 04:00:00,-1.015102466793169,True,True,True,False
USTCUSDT,2026-01-29 00:00:00,2026-01-29 04:00:00,2026-01-29 12:00:00,1.98151561461794,True,True,True,False
USTCUSDT,2026-02-03 16:00:00,2026-02-03 20:00:00,2026-02-05 12:00:00,1.9844942857142855,True,True,True,False
USTCUSDT,2026-03-06 12:00:00,2026-03-06 16:00:00,2026-03-14 12:00:00,-0.0705347517730487,True,True,True,False
USTCUSDT,2026-03-18 12:00:00,2026-03-18 16:00:00,2026-03-26 12:00:00,0.6538169014084492,True,True,False,False
USTCUSDT,2026-04-02 12:00:00,2026-04-02 16:00:00,2026-04-03 20:00:00,-1.0303989949748744,True,True,False,False
USTCUSDT,2026-05-15 04:00:00,2026-05-15 08:00:00,2026-05-17 20:00:00,1.9822498507462685,True,False,False,False
USTCUSDT,2026-06-04 04:00:00,2026-06-04 08:00:00,2026-06-05 08:00:00,-1.020423529411765,True,True,True,False
USTCUSDT,2026-06-10 16:00:00,2026-06-10 20:00:00,2026-06-17 00:00:00,-1.0152979439252336,True,True,True,False
USTCUSDT,2026-06-18 12:00:00,2026-06-18 16:00:00,2026-06-26 12:00:00,0.568310652920962,True,True,False,False
USTCUSDT,2026-07-18 20:00:00,2026-07-19 00:00:00,2026-07-26 20:00:00,0.07967593220339197,True,True,False,False
USTCUSDT,2026-07-27 12:00:00,2026-07-27 16:00:00,2026-08-04 12:00:00,0.40732156862745095,True,True,False,False
USTCUSDT,2026-08-18 00:00:00,2026-08-18 04:00:00,2026-08-19 12:00:00,-1.0270303278688524,True,True,False,False
USUALUSDT,2025-02-19 20:00:00,2025-02-20 00:00:00,2025-02-21 08:00:00,-1.0185909090909093,True,True,True,False
USUALUSDT,2025-03-10 20:00:00,2025-03-11 00:00:00,2025-03-15 12:00:00,-1.0184000000000002,True,True,True,False
USUALUSDT,2025-03-20 04:00:00,2025-03-20 08:00:00,2025-03-21 00:00:00,1.9776306451612902,True,True,True,False
USUALUSDT,2025-04-01 08:00:00,2025-04-01 12:00:00,2025-04-02 20:00:00,1.9838537313432834,True,True,True,False
USUALUSDT,2025-04-18 04:00:00,2025-04-18 08:00:00,2025-04-20 12:00:00,-1.0152761061946904,True,True,True,False
USUALUSDT,2025-05-25 08:00:00,2025-05-25 12:00:00,2025-05-30 16:00:00,1.990660655737705,True,True,False,False
USUALUSDT,2025-06-17 04:00:00,2025-06-17 08:00:00,2025-06-20 16:00:00,1.9909581395348837,True,True,True,False
USUALUSDT,2025-07-01 04:00:00,2025-07-01 08:00:00,2025-07-02 16:00:00,-1.014293548387097,True,True,True,False
USUALUSDT,2025-07-23 08:00:00,2025-07-23 12:00:00,2025-07-24 04:00:00,1.9849999999999999,True,False,False,False
USUALUSDT,2025-09-01 00:00:00,2025-09-01 04:00:00,2025-09-08 12:00:00,-1.0211521739130436,True,True,True,False
USUALUSDT,2025-09-25 04:00:00,2025-09-25 08:00:00,2025-10-03 04:00:00,-0.48576638655462084,True,True,True,False
USUALUSDT,2025-10-05 16:00:00,2025-10-05 20:00:00,2025-10-10 16:00:00,1.987811227154047,True,True,True,False
USUALUSDT,2025-11-11 04:00:00,2025-11-11 08:00:00,2025-11-13 12:00:00,-1.0146884488448846,True,True,True,False
USUALUSDT,2025-11-19 16:00:00,2025-11-19 20:00:00,2025-11-20 12:00:00,-1.014767741935484,True,True,True,False
USUALUSDT,2025-11-29 16:00:00,2025-11-29 20:00:00,2025-12-01 04:00:00,1.9824856115107912,True,True,True,False
USUALUSDT,2025-12-04 20:00:00,2025-12-05 00:00:00,2025-12-11 04:00:00,1.9802923076923074,True,True,True,False
USUALUSDT,2025-12-17 00:00:00,2025-12-17 04:00:00,2025-12-21 08:00:00,-1.0217454545454547,True,True,True,False
USUALUSDT,2025-12-31 16:00:00,2025-12-31 20:00:00,2026-01-01 20:00:00,-1.0194259887005652,True,True,True,False
USUALUSDT,2026-01-11 20:00:00,2026-01-12 00:00:00,2026-01-13 04:00:00,-1.02633,True,False,False,False
USUALUSDT,2026-02-11 04:00:00,2026-02-11 08:00:00,2026-02-12 04:00:00,-1.0153671875,True,True,True,False
USUALUSDT,2026-02-18 12:00:00,2026-02-18 16:00:00,2026-02-20 12:00:00,1.9798999999999998,True,True,True,False
USUALUSDT,2026-03-12 12:00:00,2026-03-12 16:00:00,2026-03-20 12:00:00,0.42414388489208577,True,True,True,False
USUALUSDT,2026-03-21 20:00:00,2026-03-22 00:00:00,2026-03-28 20:00:00,1.9833124999999998,True,True,False,False
USUALUSDT,2026-04-12 20:00:00,2026-04-13 00:00:00,2026-04-16 00:00:00,-1.0145384615384616,True,True,False,False
USUALUSDT,2026-04-27 08:00:00,2026-04-27 12:00:00,2026-05-05 08:00:00,-1.0236333333333334,True,False,False,False
USUALUSDT,2026-05-12 00:00:00,2026-05-12 04:00:00,2026-05-17 20:00:00,1.9900209459459457,True,False,False,False
USUALUSDT,2026-05-18 04:00:00,2026-05-18 08:00:00,2026-05-21 04:00:00,-1.0204430107526883,True,True,False,False
USUALUSDT,2026-05-27 20:00:00,2026-05-28 00:00:00,2026-06-04 00:00:00,1.9899999999999998,True,True,False,False
USUALUSDT,2026-06-14 12:00:00,2026-06-14 16:00:00,2026-06-15 08:00:00,-1.0225129032258067,True,True,True,False
USUALUSDT,2026-06-23 04:00:00,2026-06-23 08:00:00,2026-07-01 04:00:00,1.1006999999999996,True,True,False,False
USUALUSDT,2026-07-08 00:00:00,2026-07-08 04:00:00,2026-07-11 12:00:00,-1.0191406250000001,True,True,False,False
USUALUSDT,2026-07-23 12:00:00,2026-07-23 16:00:00,2026-07-28 08:00:00,1.9763272727272725,True,True,False,False
USUALUSDT,2026-08-11 04:00:00,2026-08-11 08:00:00,2026-08-19 04:00:00,0.24266165191740433,True,False,False,False
USUSDT,2025-12-25 20:00:00,2025-12-26 00:00:00,2025-12-29 12:00:00,1.9898773195876287,True,False,True,False
USUSDT,2026-01-13 08:00:00,2026-01-13 12:00:00,2026-01-16 12:00:00,-1.015471186440678,True,False,False,False
USUSDT,2026-01-25 12:00:00,2026-01-25 16:00:00,2026-01-26 16:00:00,-1.0163520000000001,True,False,True,False
USUSDT,2026-02-22 00:00:00,2026-02-22 04:00:00,2026-02-28 12:00:00,1.988833101045296,True,True,True,False
USUSDT,2026-03-16 08:00:00,2026-03-16 12:00:00,2026-03-18 12:00:00,1.9885402255639095,True,True,False,False
USUSDT,2026-04-27 12:00:00,2026-04-27 16:00:00,2026-04-28 12:00:00,-1.0279461538461538,True,False,False,False
UXLINKUSDT,2024-10-10 00:00:00,2024-10-10 04:00:00,2024-10-15 00:00:00,-1.0159409766454355,True,False,False,False
UXLINKUSDT,2024-11-11 12:00:00,2024-11-11 16:00:00,2024-11-14 00:00:00,1.9882692771084336,True,False,False,False
UXLINKUSDT,2024-11-19 08:00:00,2024-11-19 12:00:00,2024-11-20 00:00:00,-1.0264111842105264,True,False,False,False
UXLINKUSDT,2024-11-21 00:00:00,2024-11-21 04:00:00,2024-11-28 00:00:00,-1.0159950718685833,True,False,False,False
UXLINKUSDT,2024-12-02 00:00:00,2024-12-02 04:00:00,2024-12-07 16:00:00,-1.0184558823529413,True,False,False,False
UXLINKUSDT,2025-02-17 04:00:00,2025-02-17 08:00:00,2025-02-17 12:00:00,-1.0274493902439024,True,True,True,False
UXLINKUSDT,2025-03-23 16:00:00,2025-03-23 20:00:00,2025-03-27 00:00:00,-1.0143030303030305,True,True,True,False
UXLINKUSDT,2025-04-02 04:00:00,2025-04-02 08:00:00,2025-04-02 12:00:00,-1.0169265060240966,True,True,True,False
UXLINKUSDT,2025-04-06 04:00:00,2025-04-06 08:00:00,2025-04-07 12:00:00,-1.0172690909090911,True,True,True,False
UXLINKUSDT,2025-04-16 00:00:00,2025-04-16 04:00:00,2025-04-24 00:00:00,0.2173826923076919,True,True,True,False
UXLINKUSDT,2025-05-06 08:00:00,2025-05-06 12:00:00,2025-05-08 12:00:00,-1.023078125,True,True,False,False
UXLINKUSDT,2025-05-17 00:00:00,2025-05-17 04:00:00,2025-05-25 00:00:00,0.04220000000000044,True,True,False,False
UXLINKUSDT,2025-05-30 00:00:00,2025-05-30 04:00:00,2025-06-05 20:00:00,1.9863592727272725,True,True,False,False
UXLINKUSDT,2025-06-12 12:00:00,2025-06-12 16:00:00,2025-06-20 12:00:00,1.3445357142857142,True,True,True,False
UXLINKUSDT,2025-06-20 16:00:00,2025-06-20 20:00:00,2025-06-21 20:00:00,1.9778572519083966,True,True,True,False
UXLINKUSDT,2025-07-02 00:00:00,2025-07-02 04:00:00,2025-07-04 00:00:00,-1.01544598540146,True,True,True,False
UXLINKUSDT,2025-07-09 08:00:00,2025-07-09 12:00:00,2025-07-13 00:00:00,-1.0172454545454548,True,True,True,False
UXLINKUSDT,2025-07-29 12:00:00,2025-07-29 16:00:00,2025-08-06 12:00:00,0.8766228395061726,True,False,False,False
UXLINKUSDT,2025-08-11 20:00:00,2025-08-12 00:00:00,2025-08-19 20:00:00,1.2110662068965536,True,False,False,False
UXLINKUSDT,2025-09-15 08:00:00,2025-09-15 12:00:00,2025-09-22 12:00:00,1.9875486956521737,True,True,False,False
VANRYUSDT,2024-09-22 08:00:00,2024-09-22 12:00:00,2024-09-23 00:00:00,-1.0266295585412668,True,False,False,False
VANRYUSDT,2024-10-09 20:00:00,2024-10-10 00:00:00,2024-10-11 16:00:00,-1.0199549645390074,True,False,False,False
VANRYUSDT,2024-10-16 04:00:00,2024-10-16 08:00:00,2024-10-20 12:00:00,-1.014235878787879,True,False,False,False
VANRYUSDT,2024-12-14 12:00:00,2024-12-14 16:00:00,2024-12-15 12:00:00,-1.020144521224087,True,False,False,False
VANRYUSDT,2024-12-29 20:00:00,2024-12-30 00:00:00,2025-01-02 04:00:00,-1.0181263157894738,True,True,True,False
VANRYUSDT,2025-01-07 04:00:00,2025-01-07 08:00:00,2025-01-08 00:00:00,1.9856967499999998,True,True,True,False
VANRYUSDT,2025-03-18 12:00:00,2025-03-18 16:00:00,2025-03-19 16:00:00,-1.0148715953307395,True,True,True,False
VANRYUSDT,2025-04-16 04:00:00,2025-04-16 08:00:00,2025-04-19 16:00:00,-1.0210000000000001,True,True,True,False
VANRYUSDT,2025-05-03 08:00:00,2025-05-03 12:00:00,2025-05-08 16:00:00,-1.0171430830039527,True,False,False,False
VANRYUSDT,2025-05-17 00:00:00,2025-05-17 04:00:00,2025-05-22 08:00:00,-1.0140935933147635,True,False,False,False
VANRYUSDT,2025-06-17 04:00:00,2025-06-17 08:00:00,2025-06-22 12:00:00,1.9909210526315788,True,True,True,False
VANRYUSDT,2025-07-05 16:00:00,2025-07-05 20:00:00,2025-07-06 12:00:00,-1.0328735849056603,True,True,True,False
VANRYUSDT,2025-07-23 12:00:00,2025-07-23 16:00:00,2025-07-30 08:00:00,1.9893301538461536,True,False,False,False
VANRYUSDT,2025-08-22 08:00:00,2025-08-22 12:00:00,2025-08-22 12:00:00,-1.0156594594594597,True,True,True,False
VANRYUSDT,2025-08-29 04:00:00,2025-08-29 08:00:00,2025-09-06 04:00:00,0.8078395721925129,True,True,True,False
VANRYUSDT,2025-09-19 20:00:00,2025-09-20 00:00:00,2025-09-25 16:00:00,1.989926639344262,True,True,False,False
VANRYUSDT,2025-10-05 16:00:00,2025-10-05 20:00:00,2025-10-06 12:00:00,-1.0146423529411766,True,False,True,False
VANRYUSDT,2025-10-28 00:00:00,2025-10-28 04:00:00,2025-10-30 16:00:00,1.9870284403669722,True,True,True,False
VANRYUSDT,2025-11-16 16:00:00,2025-11-16 20:00:00,2025-11-20 12:00:00,-1.0165958333333334,True,True,True,False
VANRYUSDT,2025-11-26 12:00:00,2025-11-26 16:00:00,2025-11-26 16:00:00,-1.0284392156862745,True,True,True,False
VANRYUSDT,2025-12-05 16:00:00,2025-12-05 20:00:00,2025-12-09 12:00:00,-1.0207200000000003,True,True,True,False
VANRYUSDT,2025-12-12 12:00:00,2025-12-12 16:00:00,2025-12-17 12:00:00,1.9879399999999998,True,True,True,False
VANRYUSDT,2025-12-25 20:00:00,2025-12-26 00:00:00,2025-12-26 12:00:00,-1.0324808917197452,True,True,True,False
VANRYUSDT,2025-12-30 00:00:00,2025-12-30 04:00:00,2025-12-31 20:00:00,-1.027846524064171,True,True,True,False
VANRYUSDT,2026-01-12 04:00:00,2026-01-12 08:00:00,2026-01-14 00:00:00,-1.0560990566037738,True,True,False,False
VANRYUSDT,2026-01-29 08:00:00,2026-01-29 12:00:00,2026-01-31 16:00:00,1.985156053811659,True,True,True,False
VANRYUSDT,2026-02-05 08:00:00,2026-02-05 12:00:00,2026-02-06 00:00:00,1.9892670588235293,True,True,True,False
VANRYUSDT,2026-02-21 20:00:00,2026-02-22 00:00:00,2026-02-23 00:00:00,1.9751014563106792,True,True,True,False
VANRYUSDT,2026-03-07 12:00:00,2026-03-07 16:00:00,2026-03-11 12:00:00,-1.0201087087087088,True,True,True,False
VANRYUSDT,2026-03-26 00:00:00,2026-03-26 04:00:00,2026-04-03 00:00:00,-0.20405694760820145,True,True,False,False
VANRYUSDT,2026-04-10 08:00:00,2026-04-10 12:00:00,2026-04-11 12:00:00,-1.0308733624454147,True,True,False,False
VANRYUSDT,2026-04-12 20:00:00,2026-04-13 00:00:00,2026-04-16 16:00:00,-1.0192115384615386,True,True,False,False
VANRYUSDT,2026-04-23 00:00:00,2026-04-23 04:00:00,2026-04-25 00:00:00,-1.0245023102310231,True,False,False,False
VANRYUSDT,2026-04-27 04:00:00,2026-04-27 08:00:00,2026-05-05 04:00:00,-0.4511285024154602,True,False,False,False
VANRYUSDT,2026-05-18 04:00:00,2026-05-18 08:00:00,2026-05-26 04:00:00,0.8429529411764718,True,True,False,False
VANRYUSDT,2026-05-26 20:00:00,2026-05-27 00:00:00,2026-06-03 20:00:00,1.421711363636363,True,True,False,False
VANRYUSDT,2026-06-04 00:00:00,2026-06-04 04:00:00,2026-06-06 04:00:00,1.9891598214285713,True,True,True,False
VANRYUSDT,2026-06-14 12:00:00,2026-06-14 16:00:00,2026-06-14 20:00:00,-1.0362621212121212,True,True,True,False
VANRYUSDT,2026-06-18 00:00:00,2026-06-18 04:00:00,2026-06-20 12:00:00,-1.02925,True,True,False,False
VANRYUSDT,2026-06-22 20:00:00,2026-06-23 00:00:00,2026-06-25 12:00:00,1.9851880597014924,True,True,False,False
VELODROMEUSDT,2024-12-29 16:00:00,2024-12-29 20:00:00,2025-01-06 16:00:00,0.21192542372881454,True,False,True,False
VELODROMEUSDT,2025-01-26 20:00:00,2025-01-27 00:00:00,2025-02-01 20:00:00,1.988738997555012,True,False,True,False
VELODROMEUSDT,2025-02-07 20:00:00,2025-02-08 00:00:00,2025-02-08 20:00:00,-1.0147195652173915,True,True,True,False
VELODROMEUSDT,2025-02-15 12:00:00,2025-02-15 16:00:00,2025-02-23 12:00:00,-0.02117764530551389,True,True,True,False
VELODROMEUSDT,2025-03-08 04:00:00,2025-03-08 08:00:00,2025-03-11 00:00:00,1.9885314903846152,True,True,True,False
VELODROMEUSDT,2025-03-28 00:00:00,2025-03-28 04:00:00,2025-03-31 08:00:00,1.9810199999999998,True,True,True,False
VELODROMEUSDT,2025-04-15 16:00:00,2025-04-15 20:00:00,2025-04-17 04:00:00,-1.0180320000000003,True,True,True,False
VELODROMEUSDT,2025-05-06 12:00:00,2025-05-06 16:00:00,2025-05-07 00:00:00,-1.033937172774869,True,True,False,False
VELODROMEUSDT,2025-05-25 04:00:00,2025-05-25 08:00:00,2025-05-27 04:00:00,-1.0266644736842105,True,False,False,False
VELODROMEUSDT,2025-05-28 16:00:00,2025-05-28 20:00:00,2025-06-05 16:00:00,1.6344121212121212,True,False,False,False
VELODROMEUSDT,2025-07-06 08:00:00,2025-07-06 12:00:00,2025-07-06 20:00:00,-1.0460237037037037,True,True,True,False
VELODROMEUSDT,2025-07-23 16:00:00,2025-07-23 20:00:00,2025-07-31 16:00:00,1.1495144766146992,True,False,False,False
VELODROMEUSDT,2025-08-01 04:00:00,2025-08-01 08:00:00,2025-08-08 16:00:00,-1.0156902050113896,True,True,False,False
VELODROMEUSDT,2025-08-18 00:00:00,2025-08-18 04:00:00,2025-08-26 00:00:00,0.7837821510297489,True,False,False,False
VELODROMEUSDT,2025-08-29 04:00:00,2025-08-29 08:00:00,2025-09-06 04:00:00,0.6359671328671336,True,True,True,False
VELODROMEUSDT,2025-09-21 08:00:00,2025-09-21 12:00:00,2025-09-22 04:00:00,1.9711307692307694,True,True,False,False
VELODROMEUSDT,2025-10-05 16:00:00,2025-10-05 20:00:00,2025-10-06 12:00:00,-1.0323794871794871,True,True,True,False
VELODROMEUSDT,2025-10-09 12:00:00,2025-10-09 16:00:00,2025-10-10 20:00:00,1.986180344827586,True,True,True,False
VELODROMEUSDT,2025-10-22 16:00:00,2025-10-22 20:00:00,2025-10-26 20:00:00,-1.0140662460567824,True,True,True,False
VELODROMEUSDT,2025-11-17 16:00:00,2025-11-17 20:00:00,2025-11-25 16:00:00,0.6432967741935488,True,True,True,False
VELODROMEUSDT,2025-11-29 16:00:00,2025-11-29 20:00:00,2025-12-07 16:00:00,0.2323835125448027,True,True,True,False
VELODROMEUSDT,2025-12-12 12:00:00,2025-12-12 16:00:00,2025-12-17 08:00:00,1.9876751295336785,True,True,True,False
VELODROMEUSDT,2025-12-29 16:00:00,2025-12-29 20:00:00,2026-01-02 20:00:00,-1.0159250000000002,True,True,True,False
VELODROMEUSDT,2026-01-18 20:00:00,2026-01-19 00:00:00,2026-01-25 16:00:00,1.9896020304568527,True,False,False,False
VELODROMEUSDT,2026-01-29 04:00:00,2026-01-29 08:00:00,2026-01-31 12:00:00,1.979212195121951,True,True,True,False
VELODROMEUSDT,2026-02-18 16:00:00,2026-02-18 20:00:00,2026-02-21 08:00:00,-1.0209397849462367,True,True,True,False
VELODROMEUSDT,2026-03-07 16:00:00,2026-03-07 20:00:00,2026-03-10 12:00:00,-1.0338545454545454,True,True,True,False
VELODROMEUSDT,2026-03-14 00:00:00,2026-03-14 04:00:00,2026-03-16 12:00:00,-1.0360888888888888,True,False,True,False
VELODROMEUSDT,2026-03-18 08:00:00,2026-03-18 12:00:00,2026-03-20 16:00:00,1.9806199999999996,True,False,False,False
VELODROMEUSDT,2026-03-26 16:00:00,2026-03-26 20:00:00,2026-04-03 16:00:00,0.25000666666666566,True,False,False,False
VELODROMEUSDT,2026-04-05 12:00:00,2026-04-05 16:00:00,2026-04-08 04:00:00,-1.0152393442622951,True,True,False,False
VELODROMEUSDT,2026-05-02 04:00:00,2026-05-02 08:00:00,2026-05-06 08:00:00,-1.029995,True,False,False,False
VELODROMEUSDT,2026-06-04 00:00:00,2026-06-04 04:00:00,2026-06-05 16:00:00,1.9880833333333332,True,True,True,False
VELODROMEUSDT,2026-07-13 00:00:00,2026-07-13 04:00:00,2026-07-21 00:00:00,1.7216775510204048,True,False,False,False
VELODROMEUSDT,2026-07-23 08:00:00,2026-07-23 12:00:00,2026-07-31 08:00:00,0.19801111111111244,True,True,False,False
VELODROMEUSDT,2026-08-01 16:00:00,2026-08-01 20:00:00,2026-08-06 08:00:00,-1.0154,True,True,False,False
VELODROMEUSDT,2026-08-15 08:00:00,2026-08-15 12:00:00,2026-08-19 12:00:00,-1.0318547945205478,True,True,False,False
VELVETUSDT,2025-12-24 08:00:00,2025-12-24 12:00:00,2025-12-24 16:00:00,1.976398430813124,True,True,True,False
VELVETUSDT,2026-01-09 08:00:00,2026-01-09 12:00:00,2026-01-09 16:00:00,-1.0370313725490194,True,True,False,False
VELVETUSDT,2026-01-18 12:00:00,2026-01-18 16:00:00,2026-01-26 12:00:00,1.011603831417623,True,True,False,False
VELVETUSDT,2026-01-28 12:00:00,2026-01-28 16:00:00,2026-02-05 12:00:00,1.1936860606060615,True,True,True,False
VELVETUSDT,2026-03-03 20:00:00,2026-03-04 00:00:00,2026-03-04 08:00:00,-1.0406099644128113,True,True,True,False
VELVETUSDT,2026-03-30 12:00:00,2026-03-30 16:00:00,2026-04-07 12:00:00,1.557021325648415,True,True,True,False
VFYUSDT,2025-11-23 12:00:00,2025-11-23 16:00:00,2025-11-25 04:00:00,-1.0186408510638298,True,True,True,False
VFYUSDT,2025-12-14 04:00:00,2025-12-14 08:00:00,2025-12-15 12:00:00,1.9786612903225804,True,True,True,False
VFYUSDT,2025-12-17 12:00:00,2025-12-17 16:00:00,2025-12-21 08:00:00,-1.0153560538116593,True,True,True,False
VFYUSDT,2025-12-22 16:00:00,2025-12-22 20:00:00,2025-12-26 12:00:00,-1.0239555555555555,True,True,True,False
VFYUSDT,2026-01-05 08:00:00,2026-01-05 12:00:00,2026-01-06 08:00:00,-1.0244448484848485,True,True,False,False
VFYUSDT,2026-01-17 12:00:00,2026-01-17 16:00:00,2026-01-25 12:00:00,1.2741557142857136,True,False,False,False
VFYUSDT,2026-01-28 20:00:00,2026-01-29 00:00:00,2026-01-31 16:00:00,1.989544859813084,True,True,True,False
VFYUSDT,2026-02-05 08:00:00,2026-02-05 12:00:00,2026-02-13 08:00:00,0.7351514792899385,True,True,True,False
VFYUSDT,2026-02-17 16:00:00,2026-02-17 20:00:00,2026-02-19 12:00:00,1.9787303797468352,True,True,True,False
VFYUSDT,2026-03-07 16:00:00,2026-03-07 20:00:00,2026-03-12 08:00:00,-1.015033103448276,True,True,True,False
VICUSDT,2025-04-01 16:00:00,2025-04-01 20:00:00,2025-04-06 16:00:00,1.985518796992481,True,False,True,False
VICUSDT,2025-05-03 12:00:00,2025-05-03 16:00:00,2025-05-09 08:00:00,-1.0159123711340208,True,False,False,False
VICUSDT,2025-05-17 00:00:00,2025-05-17 04:00:00,2025-05-22 04:00:00,-1.0155951923076925,True,False,False,False
VICUSDT,2025-05-30 00:00:00,2025-05-30 04:00:00,2025-06-05 08:00:00,1.9888127272727272,True,True,False,False
VICUSDT,2025-06-17 12:00:00,2025-06-17 16:00:00,2025-06-25 12:00:00,-0.3294203125000001,True,True,True,False
VICUSDT,2025-07-01 04:00:00,2025-07-01 08:00:00,2025-07-03 04:00:00,-1.022558762886598,True,True,True,False
VICUSDT,2025-07-19 12:00:00,2025-07-19 16:00:00,2025-07-23 12:00:00,-1.0155906382978725,True,False,False,False
VICUSDT,2025-08-10 08:00:00,2025-08-10 12:00:00,2025-08-14 12:00:00,1.9858761363636361,True,False,False,False
VICUSDT,2025-08-18 00:00:00,2025-08-18 04:00:00,2025-08-18 04:00:00,-1.015889655172414,True,True,False,False
VICUSDT,2025-08-29 04:00:00,2025-08-29 08:00:00,2025-08-30 08:00:00,-1.033496842105263,True,True,True,False
VICUSDT,2025-09-01 12:00:00,2025-09-01 16:00:00,2025-09-09 04:00:00,-1.0158569948186529,True,True,True,False
VICUSDT,2025-09-15 04:00:00,2025-09-15 08:00:00,2025-09-16 12:00:00,-1.0174363636363637,True,True,False,False
VICUSDT,2025-09-22 00:00:00,2025-09-22 04:00:00,2025-09-30 00:00:00,1.0802310559006203,True,True,False,False
VICUSDT,2025-09-30 08:00:00,2025-09-30 12:00:00,2025-10-01 08:00:00,-1.0311460674157302,True,True,True,False
VICUSDT,2025-10-07 12:00:00,2025-10-07 16:00:00,2025-10-10 20:00:00,1.9864158273381294,True,True,False,False
VICUSDT,2025-10-27 20:00:00,2025-10-28 00:00:00,2025-10-30 12:00:00,1.984367857142857,True,True,True,False
VICUSDT,2025-11-11 20:00:00,2025-11-12 00:00:00,2025-11-19 20:00:00,0.769106896551725,True,True,True,False
VICUSDT,2025-11-29 16:00:00,2025-11-29 20:00:00,2025-12-01 00:00:00,1.974444736842105,True,True,True,False
VICUSDT,2025-12-05 16:00:00,2025-12-05 20:00:00,2025-12-06 08:00:00,-1.0161000000000002,True,True,True,False
VICUSDT,2025-12-14 12:00:00,2025-12-14 16:00:00,2025-12-15 16:00:00,1.9802799999999998,True,True,True,False
VICUSDT,2025-12-17 16:00:00,2025-12-17 20:00:00,2025-12-25 16:00:00,-0.06209999999999848,True,True,True,False
VICUSDT,2025-12-31 16:00:00,2025-12-31 20:00:00,2026-01-01 12:00:00,-1.0157360000000002,True,True,True,False
VICUSDT,2026-01-08 08:00:00,2026-01-08 12:00:00,2026-01-16 08:00:00,-0.3032029850746268,True,True,False,False
VICUSDT,2026-01-24 16:00:00,2026-01-24 20:00:00,2026-01-27 12:00:00,1.9787999999999997,True,True,True,False
VICUSDT,2026-02-22 12:00:00,2026-02-22 16:00:00,2026-02-28 20:00:00,-1.0192561403508773,True,True,True,False
VICUSDT,2026-03-13 20:00:00,2026-03-14 00:00:00,2026-03-14 12:00:00,-1.040332098765432,True,True,True,False
VICUSDT,2026-03-20 16:00:00,2026-03-20 20:00:00,2026-03-22 20:00:00,1.975203636363636,True,True,True,False
VICUSDT,2026-03-26 04:00:00,2026-03-26 08:00:00,2026-03-29 20:00:00,1.9823525345622117,True,True,False,False
VICUSDT,2026-04-12 00:00:00,2026-04-12 04:00:00,2026-04-14 00:00:00,-1.023142652329749,True,False,False,False
VICUSDT,2026-04-23 00:00:00,2026-04-23 04:00:00,2026-04-30 04:00:00,1.9837283439490443,True,False,False,False
VICUSDT,2026-05-07 00:00:00,2026-05-07 04:00:00,2026-05-07 04:00:00,-1.02282695035461,True,True,False,False
VICUSDT,2026-05-27 00:00:00,2026-05-27 04:00:00,2026-05-28 08:00:00,1.988662471395881,True,False,False,False
VICUSDT,2026-06-14 12:00:00,2026-06-14 16:00:00,2026-06-15 12:00:00,-1.0297363636363637,True,True,True,False
VICUSDT,2026-07-13 08:00:00,2026-07-13 12:00:00,2026-07-21 08:00:00,0.3346563307493534,True,True,False,False
VICUSDT,2026-07-23 12:00:00,2026-07-23 16:00:00,2026-07-31 12:00:00,1.3374941634241266,True,True,False,False
VIDTUSDT,2024-09-13 00:00:00,2024-09-13 04:00:00,2024-09-18 16:00:00,1.9860559999999998,True,False,False,True
VIDTUSDT,2024-12-17 12:00:00,2024-12-17 16:00:00,2024-12-19 00:00:00,1.9896309859154928,True,False,False,False
VIDTUSDT,2024-12-22 16:00:00,2024-12-22 20:00:00,2024-12-23 00:00:00,-1.0261192771084338,True,True,True,False
VIDTUSDT,2025-01-07 08:00:00,2025-01-07 12:00:00,2025-01-08 16:00:00,1.9873923728813558,True,True,True,False
VIDTUSDT,2025-01-27 00:00:00,2025-01-27 04:00:00,2025-01-29 20:00:00,-1.0167141509433963,True,True,True,False
VIDTUSDT,2025-02-16 00:00:00,2025-02-16 04:00:00,2025-02-22 12:00:00,-1.0224736842105264,True,True,True,False
VIDTUSDT,2025-03-16 08:00:00,2025-03-16 12:00:00,2025-03-17 04:00:00,-1.0171623529411766,True,True,True,False
VINEUSDT,2025-04-18 04:00:00,2025-04-18 08:00:00,2025-04-19 08:00:00,-1.0204696969696971,True,True,True,False
VINEUSDT,2025-08-11 08:00:00,2025-08-11 12:00:00,2025-08-11 20:00:00,-1.0152423208191128,True,False,False,False
VINEUSDT,2025-08-25 08:00:00,2025-08-25 12:00:00,2025-08-26 20:00:00,-1.0143893750000001,True,False,False,False
VINEUSDT,2025-08-31 20:00:00,2025-09-01 00:00:00,2025-09-08 16:00:00,-1.0194297693920338,True,False,True,False
VINEUSDT,2025-10-27 20:00:00,2025-10-28 00:00:00,2025-11-03 12:00:00,1.9881962536023052,True,True,True,False
VINEUSDT,2025-12-05 08:00:00,2025-12-05 12:00:00,2025-12-06 12:00:00,-1.0268454545454546,True,True,True,False
VINEUSDT,2025-12-15 12:00:00,2025-12-15 16:00:00,2025-12-16 16:00:00,-1.0154560000000001,True,True,True,False
VINEUSDT,2025-12-22 16:00:00,2025-12-22 20:00:00,2025-12-23 08:00:00,-1.0260821917808218,True,True,True,False
VINEUSDT,2025-12-28 12:00:00,2025-12-28 16:00:00,2026-01-02 04:00:00,-1.0282985294117646,True,True,True,False
VINEUSDT,2026-01-15 00:00:00,2026-01-15 04:00:00,2026-01-19 00:00:00,1.9901232472324721,True,False,False,False
VINEUSDT,2026-01-28 20:00:00,2026-01-29 00:00:00,2026-01-29 12:00:00,1.9731534090909089,True,True,True,False
VINEUSDT,2026-02-22 00:00:00,2026-02-22 04:00:00,2026-02-24 00:00:00,1.9816420454545451,True,True,True,False
VINEUSDT,2026-02-27 16:00:00,2026-02-27 20:00:00,2026-03-01 00:00:00,-1.022871287128713,True,True,True,False
VINEUSDT,2026-03-17 00:00:00,2026-03-17 04:00:00,2026-03-20 12:00:00,1.9859552631578945,True,True,False,False
VINEUSDT,2026-04-12 12:00:00,2026-04-12 16:00:00,2026-04-16 00:00:00,-1.0213082568807341,True,False,False,False
VINEUSDT,2026-04-22 20:00:00,2026-04-23 00:00:00,2026-04-24 08:00:00,1.9805599999999999,True,False,False,False
VOXELUSDT,2024-10-09 16:00:00,2024-10-09 20:00:00,2024-10-11 16:00:00,-1.0278486486486487,True,False,False,False
VOXELUSDT,2024-10-17 08:00:00,2024-10-17 12:00:00,2024-10-19 00:00:00,-1.0227692307692307,True,False,False,False
VOXELUSDT,2024-11-15 04:00:00,2024-11-15 08:00:00,2024-11-16 08:00:00,-1.0143523809523811,True,True,False,False
VOXELUSDT,2024-12-17 12:00:00,2024-12-17 16:00:00,2024-12-18 20:00:00,1.9893653061224488,True,False,False,False
VOXELUSDT,2025-01-13 00:00:00,2025-01-13 04:00:00,2025-01-17 12:00:00,-1.0153020979020981,True,True,True,False
VOXELUSDT,2025-02-24 00:00:00,2025-02-24 04:00:00,2025-02-25 04:00:00,1.9885385542168674,True,True,True,False
VOXELUSDT,2025-02-28 00:00:00,2025-02-28 04:00:00,2025-03-02 12:00:00,-1.0149172413793104,True,True,True,False
VOXELUSDT,2025-03-09 00:00:00,2025-03-09 04:00:00,2025-03-17 00:00:00,0.22632911392405042,True,True,True,False
VOXELUSDT,2025-03-23 16:00:00,2025-03-23 20:00:00,2025-03-24 08:00:00,-1.025232558139535,True,True,True,False
VOXELUSDT,2025-03-31 04:00:00,2025-03-31 08:00:00,2025-04-01 08:00:00,-1.0245179487179488,True,True,True,False
VOXELUSDT,2025-04-02 04:00:00,2025-04-02 08:00:00,2025-04-03 04:00:00,1.9904048387096773,True,True,True,False
VOXELUSDT,2025-04-05 12:00:00,2025-04-05 16:00:00,2025-04-08 16:00:00,1.9884,True,True,True,False
VOXELUSDT,2025-05-11 12:00:00,2025-05-11 16:00:00,2025-05-15 04:00:00,1.9883908011869436,True,False,False,False
VOXELUSDT,2025-05-23 08:00:00,2025-05-23 12:00:00,2025-05-24 16:00:00,-1.0152685337726526,True,False,False,False
VOXELUSDT,2025-06-04 16:00:00,2025-06-04 20:00:00,2025-06-09 20:00:00,-1.014668656716418,True,True,True,False
VOXELUSDT,2025-06-21 12:00:00,2025-06-21 16:00:00,2025-06-26 08:00:00,-1.017002538071066,True,True,True,False
VOXELUSDT,2025-07-05 16:00:00,2025-07-05 20:00:00,2025-07-07 16:00:00,-1.020706976744186,True,True,True,False
VOXELUSDT,2025-07-28 12:00:00,2025-07-28 16:00:00,2025-08-05 12:00:00,0.23652860125261008,True,False,False,False
VOXELUSDT,2025-08-11 12:00:00,2025-08-11 16:00:00,2025-08-19 12:00:00,1.1319197044334979,True,False,False,False
VOXELUSDT,2025-08-19 16:00:00,2025-08-19 20:00:00,2025-08-20 20:00:00,-1.0168779510022272,True,False,False,False
VOXELUSDT,2025-09-09 16:00:00,2025-09-09 20:00:00,2025-09-10 04:00:00,-1.023413043478261,True,True,True,False
VOXELUSDT,2025-09-19 08:00:00,2025-09-19 12:00:00,2025-09-22 04:00:00,1.9898238636363634,True,False,False,False
VOXELUSDT,2025-09-25 16:00:00,2025-09-25 20:00:00,2025-09-28 12:00:00,-1.0148034261241972,True,True,True,False
VOXELUSDT,2025-09-30 12:00:00,2025-09-30 16:00:00,2025-10-02 00:00:00,-1.0185421348314607,True,True,True,False
VOXELUSDT,2025-10-07 12:00:00,2025-10-07 16:00:00,2025-10-09 16:00:00,-1.0161495283018869,True,True,False,False
VOXELUSDT,2025-11-11 04:00:00,2025-11-11 08:00:00,2025-11-13 16:00:00,1.986031707317073,True,True,True,False
VOXELUSDT,2025-11-16 12:00:00,2025-11-16 16:00:00,2025-11-21 04:00:00,1.9876192307692306,True,True,True,False
VOXELUSDT,2025-11-28 16:00:00,2025-11-28 20:00:00,2025-12-01 12:00:00,1.9820062068965514,True,True,True,False
VTHOUSDT,2025-02-15 08:00:00,2025-02-15 12:00:00,2025-02-23 08:00:00,1.2636406130268172,True,False,True,False
VTHOUSDT,2025-02-24 00:00:00,2025-02-24 04:00:00,2025-03-04 00:00:00,1.9906188925081432,True,False,True,False
VTHOUSDT,2025-03-09 08:00:00,2025-03-09 12:00:00,2025-03-17 08:00:00,-1.0158561085972853,True,False,True,False
VTHOUSDT,2025-03-21 08:00:00,2025-03-21 12:00:00,2025-03-26 12:00:00,-1.0157953703703706,True,True,True,False
VTHOUSDT,2025-04-02 04:00:00,2025-04-02 08:00:00,2025-04-06 20:00:00,1.9881915662650602,True,True,True,False
VTHOUSDT,2025-05-06 08:00:00,2025-05-06 12:00:00,2025-05-08 04:00:00,-1.0198361445783135,True,False,False,False
VTHOUSDT,2025-05-17 00:00:00,2025-05-17 04:00:00,2025-05-22 04:00:00,-1.02343355704698,True,False,False,False
VTHOUSDT,2025-05-25 08:00:00,2025-05-25 12:00:00,2025-05-30 16:00:00,1.9874874285714283,True,True,False,False
VTHOUSDT,2025-06-04 20:00:00,2025-06-05 00:00:00,2025-06-11 00:00:00,-1.0243900826446282,True,True,True,False
VTHOUSDT,2025-06-12 08:00:00,2025-06-12 12:00:00,2025-06-20 08:00:00,0.6848725146198831,True,True,True,False
VTHOUSDT,2025-06-20 20:00:00,2025-06-21 00:00:00,2025-06-21 08:00:00,-1.0303930232558138,True,True,True,False
VTHOUSDT,2025-06-21 16:00:00,2025-06-21 20:00:00,2025-06-29 16:00:00,-0.6401000000000006,True,True,True,False
VTHOUSDT,2025-07-01 08:00:00,2025-07-01 12:00:00,2025-07-03 00:00:00,-1.0176550335570471,True,True,True,False
VTHOUSDT,2025-07-06 04:00:00,2025-07-06 08:00:00,2025-07-06 20:00:00,-1.0492905660377359,True,True,True,False
VTHOUSDT,2025-07-23 12:00:00,2025-07-23 16:00:00,2025-07-30 16:00:00,1.9831469026548671,True,False,False,False
VTHOUSDT,2025-08-01 04:00:00,2025-08-01 08:00:00,2025-08-09 04:00:00,-0.9903337931034478,True,True,False,False
VTHOUSDT,2025-08-11 08:00:00,2025-08-11 12:00:00,2025-08-12 20:00:00,-1.0279416666666668,True,False,False,False
VTHOUSDT,2025-08-15 12:00:00,2025-08-15 16:00:00,2025-08-16 20:00:00,-1.0176689655172415,True,True,False,False
VTHOUSDT,2025-09-14 20:00:00,2025-09-15 00:00:00,2025-09-22 04:00:00,1.9791888888888887,True,False,False,False
VTHOUSDT,2025-09-30 12:00:00,2025-09-30 16:00:00,2025-10-01 16:00:00,-1.0298602739726028,True,True,True,False
VTHOUSDT,2025-10-07 12:00:00,2025-10-07 16:00:00,2025-10-10 20:00:00,1.987035135135135,True,True,False,False
VTHOUSDT,2025-10-16 12:00:00,2025-10-16 16:00:00,2025-10-24 12:00:00,0.10972621359223526,True,True,True,False
VTHOUSDT,2025-10-29 20:00:00,2025-10-30 00:00:00,2025-11-03 12:00:00,1.9902403669724769,True,True,True,False
VTHOUSDT,2025-11-16 12:00:00,2025-11-16 16:00:00,2025-11-21 04:00:00,1.9862352941176469,True,True,True,False
VTHOUSDT,2025-11-29 20:00:00,2025-11-30 00:00:00,2025-12-01 00:00:00,1.9741571428571425,True,True,True,False
VTHOUSDT,2025-12-05 00:00:00,2025-12-05 04:00:00,2025-12-09 16:00:00,-1.0365513513513513,True,True,True,False
VTHOUSDT,2025-12-30 04:00:00,2025-12-30 08:00:00,2026-01-01 04:00:00,-1.026048899755501,True,True,True,False
VTHOUSDT,2026-01-11 12:00:00,2026-01-11 16:00:00,2026-01-13 20:00:00,-1.0363084112149532,True,True,False,False
VTHOUSDT,2026-01-19 00:00:00,2026-01-19 04:00:00,2026-01-27 00:00:00,0.5536013550135488,True,True,False,False
VTHOUSDT,2026-01-29 00:00:00,2026-01-29 04:00:00,2026-01-31 12:00:00,1.9816792817679556,True,True,True,False
VTHOUSDT,2026-02-18 16:00:00,2026-02-18 20:00:00,2026-02-22 00:00:00,-1.0333648,True,True,True,False
VTHOUSDT,2026-02-28 04:00:00,2026-02-28 08:00:00,2026-03-01 00:00:00,-1.017047948164147,True,True,True,False
VTHOUSDT,2026-03-03 08:00:00,2026-03-03 12:00:00,2026-03-11 00:00:00,-1.0223690607734808,True,True,True,False
VTHOUSDT,2026-03-26 04:00:00,2026-03-26 08:00:00,2026-04-02 00:00:00,-1.0188303317535548,True,True,False,False
VTHOUSDT,2026-04-05 04:00:00,2026-04-05 08:00:00,2026-04-07 20:00:00,-1.0233539432176655,True,True,False,False
VTHOUSDT,2026-04-27 04:00:00,2026-04-27 08:00:00,2026-05-05 04:00:00,-0.1636955974842794,True,False,False,False
VTHOUSDT,2026-05-13 12:00:00,2026-05-13 16:00:00,2026-05-14 00:00:00,-1.0163757575757577,True,False,False,False
VTHOUSDT,2026-05-15 12:00:00,2026-05-15 16:00:00,2026-05-23 12:00:00,0.9080005154639157,True,False,False,False
VTHOUSDT,2026-05-26 16:00:00,2026-05-26 20:00:00,2026-05-30 00:00:00,-1.0366726315789472,True,True,False,False
VTHOUSDT,2026-06-10 08:00:00,2026-06-10 12:00:00,2026-06-15 00:00:00,-1.0180476190476193,True,True,True,False
VTHOUSDT,2026-06-18 04:00:00,2026-06-18 08:00:00,2026-06-23 08:00:00,1.9791959537572252,True,True,False,False
VTHOUSDT,2026-06-24 12:00:00,2026-06-24 16:00:00,2026-07-02 12:00:00,-0.3578860606060615,True,True,True,False
VTHOUSDT,2026-07-08 00:00:00,2026-07-08 04:00:00,2026-07-16 00:00:00,-0.6907686098654701,True,True,False,False
VTHOUSDT,2026-07-23 16:00:00,2026-07-23 20:00:00,2026-07-29 00:00:00,1.9790136363636361,True,True,False,False
VTHOUSDT,2026-08-03 04:00:00,2026-08-03 08:00:00,2026-08-07 04:00:00,-1.0459060000000002,True,True,False,False
VTHOUSDT,2026-08-11 12:00:00,2026-08-11 16:00:00,2026-08-19 12:00:00,0.20520762711864515,True,True,False,False
VUSDT,2026-05-22 20:00:00,2026-05-23 00:00:00,2026-05-23 20:00:00,-1.0679874999999996,True,False,False,False
VUSDT,2026-05-26 00:00:00,2026-05-26 04:00:00,2026-06-03 00:00:00,1.1937504672897203,True,False,False,False
VUSDT,2026-06-03 12:00:00,2026-06-03 16:00:00,2026-06-04 12:00:00,-1.0344129746835442,True,False,True,False
VUSDT,2026-06-21 20:00:00,2026-06-22 00:00:00,2026-06-22 00:00:00,-1.0788511383537656,True,False,True,False
VUSDT,2026-07-22 16:00:00,2026-07-22 20:00:00,2026-07-27 12:00:00,-1.0508925925925925,True,False,False,False
VUSDT,2026-08-07 12:00:00,2026-08-07 16:00:00,2026-08-15 12:00:00,-0.5873644800000039,True,False,False,False
VUSDT,2026-08-17 08:00:00,2026-08-17 12:00:00,2026-08-19 12:00:00,-1.0697096153846155,True,False,False,False
WAXPUSDT,2024-09-03 20:00:00,2024-09-04 00:00:00,2024-09-06 12:00:00,-1.0229976608187135,True,False,False,True
WAXPUSDT,2024-09-30 08:00:00,2024-09-30 12:00:00,2024-10-01 16:00:00,1.98194469273743,True,False,False,False
WAXPUSDT,2024-10-02 16:00:00,2024-10-02 20:00:00,2024-10-06 12:00:00,-1.0142000000000002,True,False,False,False
WAXPUSDT,2024-10-17 04:00:00,2024-10-17 08:00:00,2024-10-19 00:00:00,-1.0217755868544602,True,False,False,False
WAXPUSDT,2024-10-22 08:00:00,2024-10-22 12:00:00,2024-10-30 08:00:00,0.6324315789473686,True,False,False,False
WAXPUSDT,2024-10-31 16:00:00,2024-10-31 20:00:00,2024-11-08 12:00:00,-1.0161105263157897,True,True,True,False
WAXPUSDT,2024-12-14 12:00:00,2024-12-14 16:00:00,2024-12-18 16:00:00,1.9852428571428569,True,False,False,False
WAXPUSDT,2025-01-18 04:00:00,2025-01-18 08:00:00,2025-01-26 04:00:00,0.4406276470588232,True,True,True,False
WAXPUSDT,2025-02-01 16:00:00,2025-02-01 20:00:00,2025-02-03 00:00:00,1.9899270270270268,True,True,True,False
WAXPUSDT,2025-02-15 16:00:00,2025-02-15 20:00:00,2025-02-16 12:00:00,-1.0222303030303033,True,True,True,False
WAXPUSDT,2025-02-24 16:00:00,2025-02-24 20:00:00,2025-03-04 16:00:00,1.4061867549668876,True,True,True,False
WAXPUSDT,2025-04-02 00:00:00,2025-04-02 04:00:00,2025-04-06 16:00:00,1.9835635593220338,True,True,True,False
WAXPUSDT,2025-04-27 12:00:00,2025-04-27 16:00:00,2025-04-28 00:00:00,-1.0252823529411765,True,False,False,False
WAXPUSDT,2025-05-04 04:00:00,2025-05-04 08:00:00,2025-05-09 04:00:00,-1.015993103448276,True,False,False,False
WAXPUSDT,2025-05-19 08:00:00,2025-05-19 12:00:00,2025-05-22 00:00:00,-1.0185680000000001,True,False,False,False
WAXPUSDT,2025-06-17 12:00:00,2025-06-17 16:00:00,2025-06-25 12:00:00,0.31599726027397096,True,True,True,False
WAXPUSDT,2025-06-30 12:00:00,2025-06-30 16:00:00,2025-07-08 12:00:00,-0.43961730769230783,True,True,True,False
WAXPUSDT,2025-07-31 20:00:00,2025-08-01 00:00:00,2025-08-08 20:00:00,-0.1326645569620249,True,False,False,False
WAXPUSDT,2025-08-18 04:00:00,2025-08-18 08:00:00,2025-08-22 16:00:00,-1.0198978723404257,True,True,False,False
WAXPUSDT,2025-08-29 12:00:00,2025-08-29 16:00:00,2025-09-06 12:00:00,0.34199223300971066,True,True,True,False
WAXPUSDT,2025-09-14 12:00:00,2025-09-14 16:00:00,2025-09-22 04:00:00,1.9847384615384613,True,False,False,False
WAXPUSDT,2025-09-25 16:00:00,2025-09-25 20:00:00,2025-10-03 16:00:00,-1.0264173913043477,True,True,True,False
WAXPUSDT,2025-10-04 12:00:00,2025-10-04 16:00:00,2025-10-10 20:00:00,1.9821329545454545,True,True,True,False
WAXPUSDT,2025-10-21 00:00:00,2025-10-21 04:00:00,2025-10-21 12:00:00,-1.027135294117647,True,True,True,False
WAXPUSDT,2025-10-28 20:00:00,2025-10-29 00:00:00,2025-11-03 04:00:00,1.9857756097560975,True,True,True,False
WAXPUSDT,2025-11-16 12:00:00,2025-11-16 16:00:00,2025-11-21 04:00:00,1.9873519999999998,True,True,True,False
WAXPUSDT,2025-11-26 12:00:00,2025-11-26 16:00:00,2025-11-27 08:00:00,-1.0362833333333332,True,True,True,False
WAXPUSDT,2025-11-30 00:00:00,2025-11-30 04:00:00,2025-12-08 00:00:00,0.7089428571428587,True,True,True,False
WAXPUSDT,2025-12-12 12:00:00,2025-12-12 16:00:00,2025-12-17 16:00:00,1.9821465116279067,True,True,True,False
WAXPUSDT,2025-12-31 16:00:00,2025-12-31 20:00:00,2026-01-01 08:00:00,-1.0477009009009008,True,True,True,False
WAXPUSDT,2026-01-12 00:00:00,2026-01-12 04:00:00,2026-01-17 12:00:00,-1.0188550860719876,True,False,False,False
WAXPUSDT,2026-01-29 00:00:00,2026-01-29 04:00:00,2026-01-31 16:00:00,1.9820410126582275,True,True,True,False
WAXPUSDT,2026-02-22 04:00:00,2026-02-22 08:00:00,2026-02-24 12:00:00,1.977438636363636,True,True,True,False
WAXPUSDT,2026-02-28 04:00:00,2026-02-28 08:00:00,2026-03-01 00:00:00,-1.0201825059101657,True,True,True,False
WAXPUSDT,2026-03-07 16:00:00,2026-03-07 20:00:00,2026-03-10 00:00:00,-1.045831182795699,True,True,True,False
WAXPUSDT,2026-03-26 00:00:00,2026-03-26 04:00:00,2026-04-03 00:00:00,0.846924355300858,True,False,False,False
WAXPUSDT,2026-04-12 00:00:00,2026-04-12 04:00:00,2026-04-13 20:00:00,-1.0428666666666666,True,False,False,False
WAXPUSDT,2026-04-27 04:00:00,2026-04-27 08:00:00,2026-05-05 04:00:00,-0.09519430894308653,True,False,False,False
WAXPUSDT,2026-05-12 08:00:00,2026-05-12 12:00:00,2026-05-17 20:00:00,1.9826290055248617,True,False,False,False
WAXPUSDT,2026-05-18 12:00:00,2026-05-18 16:00:00,2026-05-26 12:00:00,0.3904138528138544,True,True,False,False
WAXPUSDT,2026-05-27 00:00:00,2026-05-27 04:00:00,2026-06-04 00:00:00,1.9810310104529614,True,True,False,False
WAXPUSDT,2026-06-14 12:00:00,2026-06-14 16:00:00,2026-06-14 20:00:00,-1.034079347826087,True,True,True,False
WAXPUSDT,2026-06-17 08:00:00,2026-06-17 12:00:00,2026-06-25 08:00:00,1.3444695187165776,True,True,False,False
WAXPUSDT,2026-07-06 08:00:00,2026-07-06 12:00:00,2026-07-14 08:00:00,1.2640915789473768,True,True,False,False
WAXPUSDT,2026-07-23 16:00:00,2026-07-23 20:00:00,2026-07-26 20:00:00,-1.070323076923076,True,True,False,False
WAXPUSDT,2026-07-27 12:00:00,2026-07-27 16:00:00,2026-07-31 12:00:00,-1.0239330316742081,True,True,False,False
WAXPUSDT,2026-08-17 16:00:00,2026-08-17 20:00:00,2026-08-19 20:00:00,-1.030895061728395,True,True,False,False
XAIUSDT,2024-09-15 20:00:00,2024-09-16 00:00:00,2024-09-18 20:00:00,-1.0180086330935254,True,False,False,True
XAIUSDT,2024-12-29 20:00:00,2024-12-30 00:00:00,2025-01-02 08:00:00,-1.018833313851549,True,True,True,False
XAIUSDT,2025-02-01 08:00:00,2025-02-01 12:00:00,2025-02-02 16:00:00,1.9905789648307894,True,True,True,False
XAIUSDT,2025-02-15 12:00:00,2025-02-15 16:00:00,2025-02-23 12:00:00,0.573741354903942,True,True,True,False
XAIUSDT,2025-02-24 08:00:00,2025-02-24 12:00:00,2025-02-25 04:00:00,1.990702292576419,True,True,True,False
XAIUSDT,2025-03-08 08:00:00,2025-03-08 12:00:00,2025-03-11 00:00:00,1.9908416201117318,True,True,True,False
XAIUSDT,2025-03-27 12:00:00,2025-03-27 16:00:00,2025-03-29 16:00:00,1.9852964114832534,True,True,True,False
XAIUSDT,2025-04-06 08:00:00,2025-04-06 12:00:00,2025-04-07 04:00:00,1.9903465753424656,True,True,True,False
XAIUSDT,2025-05-16 20:00:00,2025-05-17 00:00:00,2025-05-18 08:00:00,-1.0152470262793916,True,False,False,False
XAIUSDT,2025-05-29 20:00:00,2025-05-30 00:00:00,2025-05-31 00:00:00,1.9898454031117396,True,False,False,False
XAIUSDT,2025-07-23 12:00:00,2025-07-23 16:00:00,2025-07-30 16:00:00,1.9902659574468085,True,False,False,False
XAIUSDT,2025-08-11 08:00:00,2025-08-11 12:00:00,2025-08-13 12:00:00,-1.016179510022272,True,False,False,False
XAIUSDT,2025-08-29 04:00:00,2025-08-29 08:00:00,2025-09-06 04:00:00,0.6363458193979932,True,True,True,False
XAIUSDT,2025-09-22 00:00:00,2025-09-22 04:00:00,2025-09-30 00:00:00,1.6048818791946293,True,True,False,False
XAIUSDT,2025-09-30 12:00:00,2025-09-30 16:00:00,2025-10-02 00:00:00,-1.016633027522936,True,True,True,False
XAIUSDT,2025-10-09 12:00:00,2025-10-09 16:00:00,2025-10-10 20:00:00,1.990616,True,True,True,False
XAIUSDT,2025-10-21 20:00:00,2025-10-22 00:00:00,2025-10-29 20:00:00,0.17893667953667983,True,True,True,False
XAIUSDT,2025-11-16 16:00:00,2025-11-16 20:00:00,2025-11-20 08:00:00,-1.0144108695652174,True,True,True,False
XAIUSDT,2025-11-26 12:00:00,2025-11-26 16:00:00,2025-12-01 00:00:00,1.9857771653543306,True,True,True,False
XAIUSDT,2025-12-05 08:00:00,2025-12-05 12:00:00,2025-12-10 04:00:00,-1.0204854700854702,True,True,True,False
XAIUSDT,2025-12-12 12:00:00,2025-12-12 16:00:00,2025-12-15 08:00:00,-1.0191100000000002,True,True,True,False
XAIUSDT,2026-01-10 20:00:00,2026-01-11 00:00:00,2026-01-13 20:00:00,-1.0324916666666666,True,True,False,False
XAIUSDT,2026-01-25 16:00:00,2026-01-25 20:00:00,2026-01-31 16:00:00,1.990184375,True,True,True,False
XAIUSDT,2026-02-18 16:00:00,2026-02-18 20:00:00,2026-02-24 12:00:00,1.9842499999999998,True,True,True,False
XAIUSDT,2026-03-07 04:00:00,2026-03-07 08:00:00,2026-03-10 16:00:00,-1.0162329113924051,True,True,True,False
XAIUSDT,2026-03-17 20:00:00,2026-03-18 00:00:00,2026-03-20 16:00:00,-1.0236193548387096,True,False,False,False
XAIUSDT,2026-03-26 04:00:00,2026-03-26 08:00:00,2026-03-28 00:00:00,1.9783560975609753,True,True,False,False
XAIUSDT,2026-03-29 08:00:00,2026-03-29 12:00:00,2026-03-31 04:00:00,-1.038181818181818,True,True,True,False
XAIUSDT,2026-04-12 04:00:00,2026-04-12 08:00:00,2026-04-12 12:00:00,-1.0431666666666666,True,True,False,False
XAIUSDT,2026-04-22 20:00:00,2026-04-23 00:00:00,2026-04-24 16:00:00,-1.0243894736842105,True,False,False,False
XAIUSDT,2026-05-12 12:00:00,2026-05-12 16:00:00,2026-05-12 20:00:00,-1.018483146067416,True,False,False,False
XAIUSDT,2026-05-22 16:00:00,2026-05-22 20:00:00,2026-05-30 16:00:00,0.4612451612903219,True,True,False,False
XAIUSDT,2026-06-02 12:00:00,2026-06-02 16:00:00,2026-06-05 16:00:00,1.9899071428571427,True,True,False,False
XAIUSDT,2026-06-10 20:00:00,2026-06-11 00:00:00,2026-06-13 00:00:00,-1.022266525423729,True,True,True,False
XAIUSDT,2026-06-30 20:00:00,2026-07-01 00:00:00,2026-07-03 20:00:00,-1.014079475982533,True,True,True,False
XAIUSDT,2026-07-07 20:00:00,2026-07-08 00:00:00,2026-07-15 20:00:00,-0.1525995967741937,True,True,False,False
XAIUSDT,2026-07-23 12:00:00,2026-07-23 16:00:00,2026-07-29 00:00:00,1.9810698170731704,True,True,False,False
XANUSDT,2025-11-24 04:00:00,2025-11-24 08:00:00,2025-11-28 08:00:00,-1.0145911111111112,True,True,True,False
XANUSDT,2025-12-14 08:00:00,2025-12-14 12:00:00,2025-12-16 12:00:00,1.9877571428571428,True,True,True,False
XANUSDT,2026-01-18 00:00:00,2026-01-18 04:00:00,2026-01-19 00:00:00,1.983253571428571,True,True,False,False
XANUSDT,2026-01-22 08:00:00,2026-01-22 12:00:00,2026-01-25 20:00:00,1.9896184210526315,True,True,True,False
XANUSDT,2026-01-28 16:00:00,2026-01-28 20:00:00,2026-01-31 12:00:00,1.9878777777777776,True,True,True,False
XANUSDT,2026-02-11 04:00:00,2026-02-11 08:00:00,2026-02-12 04:00:00,-1.017425,True,True,True,False
XANUSDT,2026-02-26 12:00:00,2026-02-26 16:00:00,2026-03-01 04:00:00,-1.0175127272727273,True,True,True,False
XANUSDT,2026-03-03 08:00:00,2026-03-03 12:00:00,2026-03-04 16:00:00,-1.0245018087855298,True,True,True,False
XANUSDT,2026-03-26 16:00:00,2026-03-26 20:00:00,2026-04-01 08:00:00,1.9899817204301073,True,False,False,False
XANUSDT,2026-06-01 20:00:00,2026-06-02 00:00:00,2026-06-02 12:00:00,-1.0205206060606062,True,False,False,False
XANUSDT,2026-07-12 08:00:00,2026-07-12 12:00:00,2026-07-13 08:00:00,-1.0254809688581314,True,False,False,False
XANUSDT,2026-08-15 16:00:00,2026-08-15 20:00:00,2026-08-20 00:00:00,-1.0203680555555557,True,True,False,False
XAUTUSDT,2026-04-12 04:00:00,2026-04-12 08:00:00,2026-04-14 04:00:00,-1.1058285209003218,True,False,False,False
XAUTUSDT,2026-04-19 20:00:00,2026-04-20 00:00:00,2026-04-27 20:00:00,0.34284186474467204,True,False,False,False
XAUTUSDT,2026-04-28 04:00:00,2026-04-28 08:00:00,2026-05-06 04:00:00,-0.4795003543433934,True,False,False,False
XAUTUSDT,2026-05-11 04:00:00,2026-05-11 08:00:00,2026-05-11 12:00:00,-1.092506135751736,True,False,False,False
XAUTUSDT,2026-05-15 00:00:00,2026-05-15 04:00:00,2026-05-23 00:00:00,0.9967418895516548,True,True,False,False
XAUTUSDT,2026-05-26 08:00:00,2026-05-26 12:00:00,2026-05-28 04:00:00,1.9391974008413466,True,True,False,False
XAUTUSDT,2026-06-03 04:00:00,2026-06-03 08:00:00,2026-06-08 04:00:00,1.9537463018780434,True,True,True,False
XAUTUSDT,2026-06-09 16:00:00,2026-06-09 20:00:00,2026-06-10 20:00:00,1.961424194363067,True,True,True,False
XAUTUSDT,2026-06-18 16:00:00,2026-06-18 20:00:00,2026-06-26 16:00:00,0.861931273050999,True,True,False,False
XAUTUSDT,2026-07-13 00:00:00,2026-07-13 04:00:00,2026-07-21 00:00:00,0.06873142857142424,True,True,False,False
XAUTUSDT,2026-07-28 08:00:00,2026-07-28 12:00:00,2026-07-30 16:00:00,-1.0677658319287258,True,True,False,False
XAUTUSDT,2026-08-03 12:00:00,2026-08-03 16:00:00,2026-08-04 08:00:00,-1.1381371078431366,True,True,False,False
XAUTUSDT,2026-08-18 16:00:00,2026-08-18 20:00:00,2026-08-19 12:00:00,-1.0792806215722122,True,False,False,False
XCNUSDT,2025-04-21 20:00:00,2025-04-22 00:00:00,2025-04-22 12:00:00,-1.014075903614458,True,False,True,False
XCNUSDT,2025-05-03 00:00:00,2025-05-03 04:00:00,2025-05-08 12:00:00,-1.0177507462686568,True,False,False,False
XCNUSDT,2025-05-11 04:00:00,2025-05-11 08:00:00,2025-05-15 12:00:00,1.9809729411764703,True,False,False,False
XCNUSDT,2025-05-29 12:00:00,2025-05-29 16:00:00,2025-05-31 08:00:00,1.983623711340206,True,False,False,False
XCNUSDT,2025-06-08 12:00:00,2025-06-08 16:00:00,2025-06-09 12:00:00,-1.0276888888888889,True,True,True,False
XCNUSDT,2025-07-01 04:00:00,2025-07-01 08:00:00,2025-07-09 04:00:00,0.9756166666666687,True,True,True,False
XCNUSDT,2025-07-28 12:00:00,2025-07-28 16:00:00,2025-08-01 04:00:00,1.9851917525773195,True,False,False,False
XCNUSDT,2025-08-14 12:00:00,2025-08-14 16:00:00,2025-08-19 00:00:00,-1.0158991304347829,True,True,False,False
XCNUSDT,2025-08-22 08:00:00,2025-08-22 12:00:00,2025-08-22 16:00:00,-1.0207609756097562,True,True,True,False
XCNUSDT,2025-08-31 20:00:00,2025-09-01 00:00:00,2025-09-08 20:00:00,-0.28460759493670873,True,True,True,False
XCNUSDT,2025-09-30 04:00:00,2025-09-30 08:00:00,2025-10-01 16:00:00,-1.03661,True,True,True,False
XCNUSDT,2025-10-07 12:00:00,2025-10-07 16:00:00,2025-10-10 20:00:00,1.9830862068965516,True,True,False,False
XCNUSDT,2025-10-16 12:00:00,2025-10-16 16:00:00,2025-10-24 12:00:00,0.42306933333333346,True,True,True,False
XCNUSDT,2025-10-30 08:00:00,2025-10-30 12:00:00,2025-11-03 12:00:00,1.990030769230769,True,True,True,False
XCNUSDT,2025-11-16 16:00:00,2025-11-16 20:00:00,2025-11-18 04:00:00,1.990465988909427,True,True,True,False
XNYUSDT,2025-10-09 08:00:00,2025-10-09 12:00:00,2025-10-10 20:00:00,1.990177607788595,True,True,True,False
XNYUSDT,2025-12-13 20:00:00,2025-12-14 00:00:00,2025-12-15 08:00:00,-1.0178952380952382,True,True,True,False
XNYUSDT,2025-12-31 12:00:00,2025-12-31 16:00:00,2026-01-03 08:00:00,-1.0195943089430897,True,True,True,False
XNYUSDT,2026-01-15 00:00:00,2026-01-15 04:00:00,2026-01-19 00:00:00,1.990796951219512,True,True,False,False
XNYUSDT,2026-05-26 00:00:00,2026-05-26 04:00:00,2026-05-27 16:00:00,-1.0173253234750463,True,False,False,False
XNYUSDT,2026-06-18 00:00:00,2026-06-18 04:00:00,2026-06-20 16:00:00,-1.0180841607565014,True,True,False,False
XNYUSDT,2026-07-29 08:00:00,2026-07-29 12:00:00,2026-07-30 00:00:00,-1.0213985148514853,True,False,False,False
XPINUSDT,2025-12-09 08:00:00,2025-12-09 12:00:00,2025-12-10 04:00:00,-1.0185154929577467,True,True,True,False
XPINUSDT,2026-01-09 00:00:00,2026-01-09 04:00:00,2026-01-10 08:00:00,-1.0186355555555557,True,False,False,False
XPINUSDT,2026-01-19 00:00:00,2026-01-19 04:00:00,2026-01-20 04:00:00,-1.0290846846846846,True,False,False,False
XPINUSDT,2026-01-23 08:00:00,2026-01-23 12:00:00,2026-01-31 08:00:00,0.1747457286432175,True,False,True,False
XPINUSDT,2026-02-13 00:00:00,2026-02-13 04:00:00,2026-02-13 16:00:00,1.9847572727272724,True,True,True,False
XPINUSDT,2026-02-27 16:00:00,2026-02-27 20:00:00,2026-03-07 16:00:00,1.0730962962962944,True,True,True,False
XPINUSDT,2026-03-18 12:00:00,2026-03-18 16:00:00,2026-03-19 12:00:00,-1.0161859649122809,True,True,False,False
XPINUSDT,2026-03-21 12:00:00,2026-03-21 16:00:00,2026-03-22 20:00:00,1.9821191176470585,True,True,False,False
XPINUSDT,2026-03-24 16:00:00,2026-03-24 20:00:00,2026-04-01 16:00:00,1.0944977272727274,True,True,False,False
XPINUSDT,2026-04-05 00:00:00,2026-04-05 04:00:00,2026-04-06 12:00:00,-1.0175525,True,True,False,False
XPINUSDT,2026-04-29 20:00:00,2026-04-30 00:00:00,2026-04-30 12:00:00,-1.0188484210526318,True,False,False,False
XPINUSDT,2026-05-04 20:00:00,2026-05-05 00:00:00,2026-05-06 12:00:00,-1.0150561403508773,True,False,False,False
XPINUSDT,2026-07-06 12:00:00,2026-07-06 16:00:00,2026-07-07 08:00:00,-1.0213775280898878,True,False,False,False
XPINUSDT,2026-08-16 20:00:00,2026-08-17 00:00:00,2026-08-17 04:00:00,1.9860924528301884,True,False,False,False
XVGUSDT,2024-09-30 12:00:00,2024-09-30 16:00:00,2024-10-02 16:00:00,1.9887487826871053,True,False,False,False
XVGUSDT,2024-10-17 04:00:00,2024-10-17 08:00:00,2024-10-20 12:00:00,-1.017165022421525,True,False,False,False
XVGUSDT,2024-10-23 04:00:00,2024-10-23 08:00:00,2024-10-25 20:00:00,1.9796052173913041,True,False,False,False
XVGUSDT,2024-11-02 12:00:00,2024-11-02 16:00:00,2024-11-06 04:00:00,-1.018326101954772,True,True,True,False
XVGUSDT,2025-02-16 04:00:00,2025-02-16 08:00:00,2025-02-21 08:00:00,-1.014215317423179,True,True,True,False
XVGUSDT,2025-02-24 00:00:00,2025-02-24 04:00:00,2025-02-25 04:00:00,1.9885855466337243,True,True,True,False
XVGUSDT,2025-04-02 00:00:00,2025-04-02 04:00:00,2025-04-06 20:00:00,1.9887660393498716,True,True,True,False
XVGUSDT,2025-04-16 04:00:00,2025-04-16 08:00:00,2025-04-18 04:00:00,-1.0161598393574298,True,True,True,False
XVGUSDT,2025-05-03 08:00:00,2025-05-03 12:00:00,2025-05-09 04:00:00,-1.0158144695960942,True,False,False,False
XVGUSDT,2025-05-25 08:00:00,2025-05-25 12:00:00,2025-05-26 00:00:00,-1.0141778993768051,True,False,False,False
XVGUSDT,2025-06-17 04:00:00,2025-06-17 08:00:00,2025-06-22 12:00:00,1.9883400517464422,True,True,True,False
XVGUSDT,2025-07-06 04:00:00,2025-07-06 08:00:00,2025-07-08 16:00:00,-1.0214616793893132,True,True,True,False
XVGUSDT,2025-08-29 04:00:00,2025-08-29 08:00:00,2025-09-06 04:00:00,0.7681534184397156,True,True,True,False
XVGUSDT,2025-09-15 04:00:00,2025-09-15 08:00:00,2025-09-23 04:00:00,1.0263793226381468,True,True,False,False
XVGUSDT,2025-09-25 04:00:00,2025-09-25 08:00:00,2025-10-01 08:00:00,-1.026978947368421,True,True,True,False
XVGUSDT,2025-10-07 04:00:00,2025-10-07 08:00:00,2025-10-10 00:00:00,-1.0185879218472471,True,False,False,False
XVGUSDT,2025-11-27 16:00:00,2025-11-27 20:00:00,2025-12-01 00:00:00,1.985365919282511,True,False,True,False
XVGUSDT,2025-12-14 16:00:00,2025-12-14 20:00:00,2025-12-18 00:00:00,1.985342492917847,True,True,True,False
XVGUSDT,2026-01-07 12:00:00,2026-01-07 16:00:00,2026-01-12 04:00:00,-1.0149505535055352,True,False,False,False
XVGUSDT,2026-02-23 00:00:00,2026-02-23 04:00:00,2026-03-03 00:00:00,0.32923561151079167,True,True,True,False
XVGUSDT,2026-03-06 08:00:00,2026-03-06 12:00:00,2026-03-14 08:00:00,0.3388585987261138,True,True,True,False
XVGUSDT,2026-03-20 16:00:00,2026-03-20 20:00:00,2026-03-28 16:00:00,0.760071081677703,True,True,True,False
XVGUSDT,2026-04-22 20:00:00,2026-04-23 00:00:00,2026-04-30 20:00:00,1.3830242647058828,True,True,False,False
XVGUSDT,2026-05-13 12:00:00,2026-05-13 16:00:00,2026-05-14 16:00:00,-1.0176140740740742,True,True,False,False
XVGUSDT,2026-05-22 16:00:00,2026-05-22 20:00:00,2026-05-30 16:00:00,0.16220441988950124,True,True,False,False
XVGUSDT,2026-06-18 00:00:00,2026-06-18 04:00:00,2026-06-24 16:00:00,1.9854388888888888,True,True,False,False
XVGUSDT,2026-06-30 12:00:00,2026-06-30 16:00:00,2026-07-08 12:00:00,0.3207339622641505,True,True,True,False
XVGUSDT,2026-07-17 20:00:00,2026-07-18 00:00:00,2026-07-19 16:00:00,-1.0217106060606063,True,True,False,False
XVGUSDT,2026-08-13 16:00:00,2026-08-13 20:00:00,2026-08-20 20:00:00,-1.0176145454545455,True,True,False,False
XVSUSDT,2024-09-04 08:00:00,2024-09-04 12:00:00,2024-09-11 12:00:00,-1.0145722972972975,True,False,False,True
XVSUSDT,2024-09-30 16:00:00,2024-09-30 20:00:00,2024-10-08 16:00:00,0.3961027027027035,True,False,False,False
XVSUSDT,2024-10-09 20:00:00,2024-10-10 00:00:00,2024-10-14 04:00:00,-1.0242689156626505,True,False,False,False
XVSUSDT,2024-10-22 12:00:00,2024-10-22 16:00:00,2024-10-30 12:00:00,0.3808243291592126,True,False,False,False
XVSUSDT,2024-11-02 12:00:00,2024-11-02 16:00:00,2024-11-06 08:00:00,-1.0204059633027525,True,True,True,False
XVSUSDT,2024-11-20 00:00:00,2024-11-20 04:00:00,2024-11-23 04:00:00,-1.0243137614678899,True,False,False,False
XVSUSDT,2024-12-09 08:00:00,2024-12-09 12:00:00,2024-12-09 20:00:00,1.9908520775623268,True,False,False,False
XVSUSDT,2025-01-27 00:00:00,2025-01-27 04:00:00,2025-02-02 16:00:00,1.9892491171749598,True,True,True,False
XVSUSDT,2025-03-09 16:00:00,2025-03-09 20:00:00,2025-03-17 08:00:00,-1.016127766179541,True,True,True,False
XVSUSDT,2025-03-28 08:00:00,2025-03-28 12:00:00,2025-03-29 16:00:00,1.9853238356164382,True,True,True,False
XVSUSDT,2025-04-02 20:00:00,2025-04-03 00:00:00,2025-04-07 04:00:00,1.989840879120879,True,True,True,False
XVSUSDT,2025-05-04 16:00:00,2025-05-04 20:00:00,2025-05-08 12:00:00,-1.0343,True,False,False,False
XVSUSDT,2025-05-19 04:00:00,2025-05-19 08:00:00,2025-05-22 00:00:00,-1.0188938864628823,True,False,False,False
XVSUSDT,2025-05-25 04:00:00,2025-05-25 08:00:00,2025-05-27 08:00:00,-1.0322805755395683,True,False,False,False
XVSUSDT,2025-05-30 00:00:00,2025-05-30 04:00:00,2025-06-07 00:00:00,0.7457794223826704,True,False,False,False
XVSUSDT,2025-06-17 12:00:00,2025-06-17 16:00:00,2025-06-25 12:00:00,0.0697652173913042,True,True,True,False
XVSUSDT,2025-06-26 20:00:00,2025-06-27 00:00:00,2025-06-29 20:00:00,-1.0307131782945735,True,True,True,False
XVSUSDT,2025-07-01 16:00:00,2025-07-01 20:00:00,2025-07-02 20:00:00,-1.0191697560975612,True,True,True,False
XVSUSDT,2025-07-15 00:00:00,2025-07-15 04:00:00,2025-07-18 00:00:00,-1.0159882568807341,True,False,False,False
XVSUSDT,2025-08-01 04:00:00,2025-08-01 08:00:00,2025-08-09 04:00:00,-1.0171356557377051,True,True,False,False
XVSUSDT,2025-08-19 00:00:00,2025-08-19 04:00:00,2025-08-22 12:00:00,-1.0150177215189875,True,True,False,False
XVSUSDT,2025-08-29 04:00:00,2025-08-29 08:00:00,2025-09-02 08:00:00,1.9815250814332246,True,False,True,False
XVSUSDT,2025-09-15 12:00:00,2025-09-15 16:00:00,2025-09-18 08:00:00,-1.0150880829015545,True,False,False,False
XVSUSDT,2025-09-30 12:00:00,2025-09-30 16:00:00,2025-10-02 00:00:00,-1.0249572755417955,True,True,True,False
XVSUSDT,2025-10-21 20:00:00,2025-10-22 00:00:00,2025-10-29 20:00:00,0.47023693931398264,True,True,True,False
XVSUSDT,2025-11-13 16:00:00,2025-11-13 20:00:00,2025-11-21 16:00:00,0.8761842639593915,True,True,True,False
XVSUSDT,2025-12-01 00:00:00,2025-12-01 04:00:00,2025-12-03 04:00:00,-1.0152384615384618,True,False,True,False
XVSUSDT,2025-12-05 16:00:00,2025-12-05 20:00:00,2025-12-13 16:00:00,0.37834590163934256,True,False,True,False
XVSUSDT,2025-12-14 04:00:00,2025-12-14 08:00:00,2025-12-16 12:00:00,-1.02763125,True,True,True,False
XVSUSDT,2025-12-21 16:00:00,2025-12-21 20:00:00,2025-12-25 20:00:00,-1.021169230769231,True,True,True,False
XVSUSDT,2025-12-30 20:00:00,2025-12-31 00:00:00,2025-12-31 16:00:00,1.9435739130434784,True,True,True,False
XVSUSDT,2026-01-14 16:00:00,2026-01-14 20:00:00,2026-01-15 04:00:00,-1.03700101010101,True,False,False,False
XVSUSDT,2026-01-28 00:00:00,2026-01-28 04:00:00,2026-01-29 08:00:00,1.9879288409703502,True,False,True,False
XVSUSDT,2026-02-21 12:00:00,2026-02-21 16:00:00,2026-02-24 20:00:00,-1.032265625,True,True,True,False
XVSUSDT,2026-03-08 00:00:00,2026-03-08 04:00:00,2026-03-12 12:00:00,-1.03180625,True,True,True,False
XVSUSDT,2026-03-21 16:00:00,2026-03-21 20:00:00,2026-03-29 16:00:00,0.8053304347826107,True,True,False,False
XVSUSDT,2026-04-02 08:00:00,2026-04-02 12:00:00,2026-04-08 04:00:00,-1.0212508670520233,True,True,False,False
XVSUSDT,2026-04-11 08:00:00,2026-04-11 12:00:00,2026-04-13 20:00:00,-1.0390231578947369,True,True,False,False
XVSUSDT,2026-04-21 16:00:00,2026-04-21 20:00:00,2026-04-29 16:00:00,1.0584431999999973,True,True,False,False
XVSUSDT,2026-05-12 12:00:00,2026-05-12 16:00:00,2026-05-20 12:00:00,-0.4715701492537309,True,False,False,False
XVSUSDT,2026-05-22 16:00:00,2026-05-22 20:00:00,2026-05-30 16:00:00,0.3713966386554633,True,False,False,False
XVSUSDT,2026-06-02 12:00:00,2026-06-02 16:00:00,2026-06-05 04:00:00,1.9795837837837835,True,True,False,False
XVSUSDT,2026-06-24 04:00:00,2026-06-24 08:00:00,2026-07-02 04:00:00,0.6572745762711869,True,False,True,False
XVSUSDT,2026-07-05 08:00:00,2026-07-05 12:00:00,2026-07-06 20:00:00,-1.0386307692307692,True,True,False,False
XVSUSDT,2026-07-27 12:00:00,2026-07-27 16:00:00,2026-08-04 12:00:00,0.02670917030567785,True,False,False,False
XVSUSDT,2026-08-05 08:00:00,2026-08-05 12:00:00,2026-08-08 00:00:00,-1.0387958762886598,True,False,False,False
XVSUSDT,2026-08-13 08:00:00,2026-08-13 12:00:00,2026-08-19 20:00:00,-1.0200967741935485,True,True,False,False
YALAUSDT,2025-09-05 16:00:00,2025-09-05 20:00:00,2025-09-06 16:00:00,-1.0199684210526316,True,False,True,False
YALAUSDT,2025-12-31 00:00:00,2025-12-31 04:00:00,2026-01-03 04:00:00,-1.0144887573964498,True,True,True,False
ZEREBROUSDT,2025-03-31 08:00:00,2025-03-31 12:00:00,2025-04-03 08:00:00,1.9891625,True,True,True,False
ZEREBROUSDT,2025-07-23 12:00:00,2025-07-23 16:00:00,2025-07-28 20:00:00,1.9860181818181817,True,False,False,False
ZEREBROUSDT,2025-08-19 20:00:00,2025-08-20 00:00:00,2025-08-21 04:00:00,-1.0239647058823529,True,True,False,False
ZEREBROUSDT,2025-08-29 12:00:00,2025-08-29 16:00:00,2025-08-31 08:00:00,1.9850652173913041,True,True,True,False
ZEREBROUSDT,2025-09-30 04:00:00,2025-09-30 08:00:00,2025-10-02 04:00:00,-1.0251263157894737,True,True,True,False
ZEREBROUSDT,2025-10-07 12:00:00,2025-10-07 16:00:00,2025-10-08 16:00:00,-1.0163642384105962,True,True,False,False
ZEREBROUSDT,2025-10-10 12:00:00,2025-10-10 16:00:00,2025-10-10 20:00:00,1.9909181818181816,True,True,True,False
ZEREBROUSDT,2025-12-14 16:00:00,2025-12-14 20:00:00,2025-12-20 16:00:00,-1.0162138211382115,True,True,True,False
ZEREBROUSDT,2025-12-24 04:00:00,2025-12-24 08:00:00,2025-12-25 00:00:00,-1.0145223880597016,True,True,True,False
ZEREBROUSDT,2025-12-31 08:00:00,2025-12-31 12:00:00,2026-01-02 12:00:00,-1.033855769230769,True,True,True,False
ZEREBROUSDT,2026-01-25 04:00:00,2026-01-25 08:00:00,2026-01-30 00:00:00,1.9859959999999999,True,True,True,False
ZEREBROUSDT,2026-02-24 04:00:00,2026-02-24 08:00:00,2026-02-25 08:00:00,-1.0150612903225809,True,True,True,False
ZEREBROUSDT,2026-03-06 08:00:00,2026-03-06 12:00:00,2026-03-11 12:00:00,-1.016523310810811,True,True,True,False
ZEREBROUSDT,2026-03-21 20:00:00,2026-03-22 00:00:00,2026-03-25 04:00:00,-1.0260493074792243,True,True,False,False
ZEREBROUSDT,2026-03-28 00:00:00,2026-03-28 04:00:00,2026-04-01 12:00:00,-1.0164832116788323,True,True,True,False
ZEREBROUSDT,2026-04-07 00:00:00,2026-04-07 04:00:00,2026-04-07 16:00:00,-1.01518021978022,True,True,False,False
ZEREBROUSDT,2026-06-15 20:00:00,2026-06-16 00:00:00,2026-06-17 12:00:00,-1.0207702127659577,True,True,True,False
ZEREBROUSDT,2026-07-12 12:00:00,2026-07-12 16:00:00,2026-07-19 08:00:00,-1.022758139534884,True,False,False,False
ZEREBROUSDT,2026-07-23 16:00:00,2026-07-23 20:00:00,2026-07-27 04:00:00,-1.0286282460136673,True,False,False,False
ZEREBROUSDT,2026-08-07 00:00:00,2026-08-07 04:00:00,2026-08-09 00:00:00,-1.0179108262108263,True,True,False,False
ZKCUSDT,2025-10-07 12:00:00,2025-10-07 16:00:00,2025-10-10 20:00:00,1.9897286245353158,True,False,False,False
ZKCUSDT,2025-11-11 04:00:00,2025-11-11 08:00:00,2025-11-16 16:00:00,1.9909242105263156,True,True,True,False
ZKCUSDT,2025-11-19 16:00:00,2025-11-19 20:00:00,2025-11-21 16:00:00,-1.0144600000000001,True,True,True,False
ZKCUSDT,2025-11-29 16:00:00,2025-11-29 20:00:00,2025-12-01 00:00:00,1.981318571428571,True,True,True,False
ZKCUSDT,2025-12-07 20:00:00,2025-12-08 00:00:00,2025-12-15 16:00:00,1.990325,True,True,True,False
ZKCUSDT,2026-01-11 20:00:00,2026-01-12 00:00:00,2026-01-14 00:00:00,-1.0287636363636363,True,True,False,False
ZKCUSDT,2026-02-17 04:00:00,2026-02-17 08:00:00,2026-02-18 00:00:00,-1.0301636363636364,True,True,True,False
ZKCUSDT,2026-02-19 00:00:00,2026-02-19 04:00:00,2026-02-27 00:00:00,0.2402707317073177,True,True,True,False
ZKCUSDT,2026-03-04 00:00:00,2026-03-04 04:00:00,2026-03-12 00:00:00,-0.6489806451612908,True,True,True,False
ZKCUSDT,2026-03-14 04:00:00,2026-03-14 08:00:00,2026-03-15 08:00:00,-1.0290658291457286,True,True,True,False
ZKCUSDT,2026-03-18 12:00:00,2026-03-18 16:00:00,2026-03-25 16:00:00,-1.0244444933920704,True,True,False,False
ZKCUSDT,2026-03-29 04:00:00,2026-03-29 08:00:00,2026-03-31 20:00:00,-1.0240529262086513,True,True,True,False
ZKCUSDT,2026-04-03 00:00:00,2026-04-03 04:00:00,2026-04-06 08:00:00,-1.0206878587196468,True,True,False,False
ZKCUSDT,2026-04-10 04:00:00,2026-04-10 08:00:00,2026-04-10 16:00:00,-1.0264372972972973,True,True,False,False
ZKCUSDT,2026-04-12 04:00:00,2026-04-12 08:00:00,2026-04-15 04:00:00,-1.017794128440367,True,True,False,False
ZKCUSDT,2026-04-19 16:00:00,2026-04-19 20:00:00,2026-04-26 04:00:00,-1.01461325648415,True,True,False,False
ZKCUSDT,2026-05-20 00:00:00,2026-05-20 04:00:00,2026-05-21 00:00:00,-1.0306157894736843,True,True,False,False
ZKCUSDT,2026-05-23 04:00:00,2026-05-23 08:00:00,2026-05-31 04:00:00,0.33144341085271484,True,True,False,False
ZKCUSDT,2026-06-02 04:00:00,2026-06-02 08:00:00,2026-06-03 00:00:00,-1.030468551236749,True,True,False,False
ZKCUSDT,2026-06-18 12:00:00,2026-06-18 16:00:00,2026-06-26 12:00:00,0.8212599156118137,True,True,False,False
ZKCUSDT,2026-07-07 20:00:00,2026-07-08 00:00:00,2026-07-15 20:00:00,0.09855426621160508,True,True,False,False
ZKCUSDT,2026-07-18 08:00:00,2026-07-18 12:00:00,2026-07-21 04:00:00,-1.0379098039215686,True,True,False,False
ZKCUSDT,2026-07-27 04:00:00,2026-07-27 08:00:00,2026-07-28 00:00:00,1.9784639053254436,True,True,False,False
ZKCUSDT,2026-08-12 16:00:00,2026-08-12 20:00:00,2026-08-13 08:00:00,-1.0417,True,True,False,False
ZKCUSDT,2026-08-14 08:00:00,2026-08-14 12:00:00,2026-08-20 12:00:00,-1.0199852713178297,True,True,False,False
ZKJUSDT,2025-05-23 12:00:00,2025-05-23 16:00:00,2025-05-31 12:00:00,0.5153023255813916,True,False,False,False
ZKJUSDT,2025-06-01 08:00:00,2025-06-01 12:00:00,2025-06-01 16:00:00,-1.2332166666666664,True,False,True,False
ZKJUSDT,2025-06-10 16:00:00,2025-06-10 20:00:00,2025-06-14 12:00:00,1.887725,True,False,True,False
ZKJUSDT,2025-07-15 04:00:00,2025-07-15 08:00:00,2025-07-21 00:00:00,-1.0142666666666669,True,True,False,False
ZKJUSDT,2025-07-28 20:00:00,2025-07-29 00:00:00,2025-08-02 16:00:00,1.9832767441860464,True,True,False,False
ZKJUSDT,2025-08-06 00:00:00,2025-08-06 04:00:00,2025-08-07 00:00:00,-1.014172463768116,True,True,False,False
ZKJUSDT,2025-09-04 08:00:00,2025-09-04 12:00:00,2025-09-12 08:00:00,0.327567567567567,True,False,True,False
ZKJUSDT,2025-09-20 16:00:00,2025-09-20 20:00:00,2025-09-22 04:00:00,1.988023622047244,True,True,False,False
ZKJUSDT,2025-10-04 12:00:00,2025-10-04 16:00:00,2025-10-10 16:00:00,1.987064893617021,True,True,True,False
ZKJUSDT,2025-11-19 16:00:00,2025-11-19 20:00:00,2025-11-27 16:00:00,-0.07734860813704465,True,True,True,False
ZKJUSDT,2025-11-29 08:00:00,2025-11-29 12:00:00,2025-12-07 08:00:00,0.6133696078431379,True,True,True,False
ZKJUSDT,2025-12-14 20:00:00,2025-12-15 00:00:00,2025-12-22 20:00:00,1.160168674698793,True,True,True,False
ZKJUSDT,2025-12-24 04:00:00,2025-12-24 08:00:00,2025-12-24 20:00:00,-1.021979399141631,True,True,True,False
ZKJUSDT,2025-12-28 16:00:00,2025-12-28 20:00:00,2025-12-29 00:00:00,-1.0329391304347826,True,True,True,False
ZKJUSDT,2025-12-31 16:00:00,2025-12-31 20:00:00,2025-12-31 20:00:00,-1.035923611111111,True,True,True,False
ZKJUSDT,2026-01-08 08:00:00,2026-01-08 12:00:00,2026-01-16 08:00:00,0.9848602985074634,True,False,False,False
ZKJUSDT,2026-01-23 08:00:00,2026-01-23 12:00:00,2026-01-23 12:00:00,-1.0141120000000001,True,True,True,False
ZKJUSDT,2026-01-29 00:00:00,2026-01-29 04:00:00,2026-01-31 16:00:00,1.9899229032258063,True,True,True,False
ZKJUSDT,2026-02-03 16:00:00,2026-02-03 20:00:00,2026-02-05 20:00:00,1.99082384341637,True,True,True,False
ZKJUSDT,2026-02-10 20:00:00,2026-02-11 00:00:00,2026-02-12 08:00:00,-1.0185705882352942,True,True,True,False
ZKJUSDT,2026-02-18 16:00:00,2026-02-18 20:00:00,2026-02-24 00:00:00,1.985544520547945,True,True,True,False
ZKJUSDT,2026-03-15 00:00:00,2026-03-15 04:00:00,2026-03-16 08:00:00,-1.0392,True,True,True,False
ZKJUSDT,2026-03-28 00:00:00,2026-03-28 04:00:00,2026-04-05 00:00:00,0.5060325203252007,True,True,True,False
ZKJUSDT,2026-04-12 20:00:00,2026-04-13 00:00:00,2026-04-16 12:00:00,-1.016871337579618,True,True,False,False
ZKJUSDT,2026-04-22 20:00:00,2026-04-23 00:00:00,2026-04-23 12:00:00,1.9862270491803278,True,True,False,False
ZRCUSDT,2025-08-11 20:00:00,2025-08-12 00:00:00,2025-08-18 00:00:00,1.9886966666666666,True,False,False,False
ZRCUSDT,2025-08-22 08:00:00,2025-08-22 12:00:00,2025-08-22 16:00:00,-1.0170062500000001,True,False,True,False
ZRCUSDT,2025-08-27 20:00:00,2025-08-28 00:00:00,2025-08-28 04:00:00,-1.0203965517241382,True,False,True,False
ZRCUSDT,2025-08-31 20:00:00,2025-09-01 00:00:00,2025-09-08 20:00:00,0.08551969696969486,True,False,True,False
ZRCUSDT,2025-09-15 08:00:00,2025-09-15 12:00:00,2025-09-23 08:00:00,1.0717053497942395,True,False,False,False
ZRCUSDT,2025-09-30 12:00:00,2025-09-30 16:00:00,2025-10-02 04:00:00,-1.019967375886525,True,True,True,False
ZRCUSDT,2025-10-05 16:00:00,2025-10-05 20:00:00,2025-10-10 20:00:00,1.9839252173913042,True,True,True,False
ZRCUSDT,2025-10-22 16:00:00,2025-10-22 20:00:00,2025-10-25 00:00:00,-1.0170370967741937,True,True,True,False
ZRCUSDT,2025-11-17 16:00:00,2025-11-17 20:00:00,2025-11-21 12:00:00,1.9893636363636362,True,True,True,False
ZRCUSDT,2025-11-24 12:00:00,2025-11-24 16:00:00,2025-12-01 00:00:00,1.9891013698630136,True,True,True,False
ZRCUSDT,2025-12-27 08:00:00,2025-12-27 12:00:00,2026-01-01 12:00:00,-1.0143676392572947,True,True,True,False
ZRCUSDT,2026-01-07 12:00:00,2026-01-07 16:00:00,2026-01-15 12:00:00,1.5596341463414602,True,True,False,False
