sym,side,t_in,t_out,entry,stop_pct,ret,fund,net,R,why,bars,hot,yr,notional
ETH,1,2020-01-14 04:00:00,2020-01-16 00:00:00,148.97978999999998,0.027626145673420484,0.0649527465831102,0.00100796,0.0629447865831102,2.2784498180529864,保本/跟踪,12,False,2020,0.17166706697353462
BTC,1,2020-01-14 08:00:00,2020-01-19 08:00:00,8516.65299,0.024187327504393553,0.02994195472295743,0.0038395499999999997,0.02510240472295743,1.037832919672405,保本/跟踪,31,False,2020,0.19464850904185346
XRP,1,2020-01-18 16:00:00,2020-01-19 08:00:00,0.24764951999999998,0.046633998619202886,-0.046824671819479004,0.00349193,-0.051316601819479,-1.1004117883716693,止损,5,False,2020,0.10499912493149285
ETH,1,2020-01-18 16:00:00,2020-01-19 08:00:00,175.705134,0.04656547349805273,-0.0467561604033531,0.00064513,-0.0484012904033531,-1.0394244225902083,止损,5,False,2020,0.10514881819846718
BTC,1,2020-01-29 00:00:00,2020-02-02 04:00:00,9401.599944,0.025464860248895965,-0.025659767276846095,0.00633752,-0.032997287276846095,-1.2957969120712807,止损,26,False,2020,0.18639335537018903
ETH,1,2020-01-29 00:00:00,2020-01-30 00:00:00,175.925178,0.0269550186729394,-0.0271496276692048,0.0021658800000000002,-0.0303155076692048,-1.1246702529514125,止损,7,False,2020,0.17663213778382517
ETH,1,2020-01-30 20:00:00,2020-01-31 12:00:00,181.846362,0.02795315383519663,-0.028147563204429626,0.00214606,-0.031293623204429626,-1.119502414250907,止损,5,False,2020,0.16973724926760483
XRP,1,2020-01-31 00:00:00,2020-01-31 12:00:00,0.24434885999999997,0.029652429069235445,-0.02984649858342158,0.00139455,-0.03224104858342158,-1.0872987338791695,止损,4,False,2020,0.16047857145043412
ETH,1,2020-02-02 12:00:00,2020-02-04 08:00:00,191.858364,0.031130213902625787,-0.031323987859845234,0.00091297,-0.033236957859845234,-1.067675216232348,止损,12,False,2020,0.1506614850499864
XRP,1,2020-02-04 16:00:00,2020-02-06 12:00:00,0.2680536,0.03772423577461529,-0.000199999999999947,0.00495367,-0.006153669999999947,-0.16312245625770272,保本/跟踪,12,False,2020,0.12469532523270033
ETH,1,2020-02-05 20:00:00,2020-02-15 16:00:00,202.36046399999998,0.029909060703334947,0.3037907532266677,0.035674159999999996,0.2671165932266677,8.93095894505585,保本/跟踪,60,False,2020,0.15572190722661275
BTC,1,2020-02-06 16:00:00,2020-02-10 04:00:00,9802.090026,0.020522998158403978,0.005667087783362425,0.006370519999999999,-0.0017034322166375746,-0.08300113869766318,保本/跟踪,22,False,2020,0.22191538737629496
LINK,1,2020-02-08 20:00:00,2020-02-09 12:00:00,3.4276854,0.05158689108599173,-0.05177657370777452,0.00118945,-0.05396602370777452,-1.0461189378095483,止损,5,False,2020,0.09206118624639648
LINK,1,2020-02-11 12:00:00,2020-02-13 08:00:00,3.6267251999999996,0.05297294100959749,0.020056457301929294,0.01525713,0.0037993273019292922,0.0717220382617786,保本/跟踪,12,False,2020,0.08922799297277648
BTC,1,2020-02-11 20:00:00,2020-02-15 12:00:00,10289.50749,0.022421538701801205,-0.02261705439406083,0.011100070000000002,-0.034717124394060835,-1.548382778532139,止损,23,False,2020,0.20318555834557805
LINK,1,2020-02-14 16:00:00,2020-02-16 16:00:00,4.308861599999999,0.06997865294194901,-0.07016465721136078,0.00214481,-0.07330946721136078,-1.04759757625193,止损,13,False,2020,0.06802319334849015
BNB,-1,2020-02-25 16:00:00,2020-02-29 08:00:00,20.632872600000002,0.04508054680755628,0.04080204923289454,-0.00033832,0.04014036923289454,0.8904144265208052,保本/跟踪,23,False,2020,0.10755524113898975
ETH,1,2020-03-07 16:00:00,2020-03-07 16:00:00,246.93937799999998,0.031267031860028896,-0.03146077845365696,0.0,-0.03246077845365696,-1.0381790826507624,止损,1,False,2020,0.153555821022403
XRP,-1,2020-03-08 16:00:00,2020-03-13 04:00:00,0.21815636000000002,0.03691942435903756,0.3239886478176944,-0.0006449600000000001,0.3236336078176944,8.765944037219844,保本/跟踪,28,False,2020,0.13031548118767824
BNB,-1,2020-03-09 00:00:00,2020-03-13 08:00:00,16.8826228,0.05841305325350294,0.3794899698905064,0.00625062,0.3722393498905064,6.372537115549319,保本/跟踪,27,False,2020,0.08356519156380772
BTC,-1,2020-03-09 00:00:00,2020-03-12 12:00:00,8037.382202,0.03049723412450064,0.21824763529335336,-0.0011347,0.21838233529335335,7.16072593343509,保本/跟踪,22,True,2020,0.07823560237770587
BTC,-1,2020-03-13 00:00:00,2020-03-13 00:00:00,4761.327544,0.1470465490179653,-0.14727595832776882,-0.0,-0.14827595832776883,-1.0083606811449437,止损,1,True,2020,0.017139651421445603
LINK,1,2020-04-19 00:00:00,2020-04-19 04:00:00,3.7827564,0.045574576909680704,-0.04576546199429873,0.0,-0.04676546199429873,-1.0261304693399154,止损,2,False,2020,0.11568385986483488
BTC,1,2020-04-29 04:00:00,2020-04-30 08:00:00,7815.542796,0.020513355875116795,0.126583110532921,0.00130725,0.12427586053292101,6.05829008620041,保本/跟踪,8,False,2020,0.24615595838259852
ETH,1,2020-04-29 08:00:00,2020-04-30 08:00:00,205.49108999999999,0.030896582166753207,0.025495144467525467,0.00060543,0.023889714467525466,0.7732154430088516,保本/跟踪,7,False,2020,0.16726204896445857
ADA,1,2020-04-29 12:00:00,2020-04-30 08:00:00,0.049839966,0.039440635758896454,0.0009403714664424592,0.00030000000000000003,-0.0003596285335575409,-0.009118223543757685,保本/跟踪,6,False,2020,0.13235550968402063
BTC,1,2020-05-07 16:00:00,2020-05-10 00:00:00,9520.45371,0.03344892029101501,-0.03364223050695689,0.00321497,-0.03785720050695689,-1.131791405450119,止损,15,False,2020,0.15998823719674057
ADA,1,2020-05-20 00:00:00,2020-05-20 12:00:00,0.056811360000000005,0.032673524660313286,-0.03286698995538118,0.0001,-0.03396698995538119,-1.0395875654223188,止损,4,False,2020,0.1627321931435313
ADA,1,2020-05-29 00:00:00,2020-05-31 20:00:00,0.064872972,0.04407633346824246,0.1651569808656477,0.00077541,0.1633815708656477,3.7067867948536626,保本/跟踪,18,False,2020,0.12141158756053615
ETH,1,2020-05-30 08:00:00,2020-05-31 12:00:00,232.29645,0.028371691173944537,-0.00020000000000000592,0.00030000000000000003,-0.001500000000000006,-0.052869601279797805,保本/跟踪,8,False,2020,0.1852421066268348
BTC,1,2020-05-31 00:00:00,2020-05-31 12:00:00,9696.318876,0.02353282617037328,-0.023728119605139177,0.0001,-0.024828119605139178,-1.0550419837119525,止损,4,False,2020,0.22104955165296863
LINK,1,2020-06-01 04:00:00,2020-06-02 12:00:00,4.365873000000001,0.03892850557923032,-0.039120719878114475,0.0014787200000000002,-0.04159943987811448,-1.0686112723605088,止损,9,False,2020,0.13861127096906783
BTC,1,2020-06-02 00:00:00,2020-06-02 12:00:00,10234.456482,0.02749105381955384,-0.027685555608789908,0.0007831,-0.029468655608789907,-1.0719361943058523,止损,4,False,2020,0.19329571724424488
ETH,1,2020-06-02 00:00:00,2020-06-02 12:00:00,248.959782,0.03772673205752513,-0.03791918671111359,0.00018222,-0.03910140671111359,-1.0364376816813177,止损,4,False,2020,0.14285784840550186
ADA,1,2020-06-04 04:00:00,2020-06-07 12:00:00,0.08841768,0.06947145033291582,-0.06965755604284923,0.001,-0.07165755604284924,-1.0314676849188742,止损,21,True,2020,0.038879050807699524
BTC,1,2020-06-23 00:00:00,2020-06-24 04:00:00,9688.927398,0.016479715666537584,-0.016676419723404313,0.00033501,-0.018011429723404315,-1.092945417740241,止损,8,False,2020,0.3061603119905423
LINK,1,2020-06-23 00:00:00,2020-06-24 12:00:00,4.480896,0.023669757600545672,0.0341844580007228,-2.766e-05,0.033212118000722796,1.403145674798002,保本/跟踪,10,False,2020,0.21870196150991333
BNB,-1,2020-06-27 20:00:00,2020-06-28 08:00:00,14.9550084,0.02555262112412565,-0.025757731648350355,-0.0,-0.026757731648350356,-1.0471619141680497,止损,4,False,2020,0.20380358652556638
XRP,-1,2020-06-27 20:00:00,2020-06-27 20:00:00,0.17146570000000003,0.029811914112860893,-0.03001787649568349,-0.0,-0.03101787649568349,-1.0404523633825427,止损,1,False,2020,0.17608061871086805
ADA,1,2020-07-01 20:00:00,2020-07-02 16:00:00,0.0920184,0.03609980646513901,-0.03629258650384594,-0.0024821500000000002,-0.03481043650384594,-0.9642831890930442,止损,6,False,2020,0.14518283151980915
ADA,1,2020-07-03 16:00:00,2020-07-05 12:00:00,0.099389874,0.047512442206983446,-0.04770293971854208,-0.00583942,-0.04286351971854208,-0.9021535776210203,止损,12,False,2020,0.11086117593506022
ADA,1,2020-07-07 00:00:00,2020-07-08 12:00:00,0.10512102,0.043609237288879395,0.17739648096231858,-7.372e-05,0.17647020096231858,4.04662433771387,保本/跟踪,10,False,2020,0.11992704383067586
LINK,1,2020-07-07 20:00:00,2020-07-09 12:00:00,5.7221442,0.04235220969369957,0.029610205053130348,0.0023318799999999997,0.026278325053130346,0.6204711688759791,保本/跟踪,11,False,2020,0.12336476349307086
ETH,1,2020-07-08 12:00:00,2020-07-09 12:00:00,244.18882799999997,0.02237280234964486,-0.022568327789174985,0.00032863,-0.023896957789174986,-1.068125370068105,止损,7,False,2020,0.2310426377413513
BNB,1,2020-07-12 04:00:00,2020-07-15 08:00:00,18.0726138,0.028279633587961588,-0.028473977661243984,0.00510372,-0.03457769766124399,-1.2227067070615596,止损,20,False,2020,0.18483230241398302
LINK,1,2020-07-12 16:00:00,2020-07-13 12:00:00,6.716342999999999,0.05154276352870681,0.12614361663157697,-0.00024483,0.12538844663157697,2.4327070969281985,保本/跟踪,6,True,2020,0.051884912049584495
ETH,1,2020-07-23 00:00:00,2020-08-02 04:00:00,264.35286,0.02402615446561468,0.41733617310205007,0.021892500000000002,0.3944436731020501,16.417262016131748,保本/跟踪,62,False,2020,0.21565378027450635
BTC,1,2020-07-23 00:00:00,2020-07-26 12:00:00,9520.15365,0.01090626089546617,0.045633256438560824,0.001,0.04363325643856082,4.000753040549356,保本/跟踪,22,False,2020,0.44371239269943896
BNB,1,2020-07-24 20:00:00,2020-07-27 12:00:00,19.488896999999998,0.0293859938357602,-0.029580116636993135,0.00175562,-0.032335736636993136,-1.100379208466428,止损,17,False,2020,0.16635558298317135
BTC,1,2020-07-27 20:00:00,2020-07-28 08:00:00,10808.681304,0.0269151685784085,-0.00019999999999994854,0.0026153599999999997,-0.0038153599999999482,-0.14175501033497712,保本/跟踪,4,False,2020,0.19618812475030314
XRP,1,2020-07-29 00:00:00,2020-08-01 12:00:00,0.23074614,0.03969212531924495,0.09063423271248239,0.009107609999999999,0.08052662271248238,2.0287808240250262,保本/跟踪,22,True,2020,0.0676218567634905
BTC,1,2020-08-01 08:00:00,2020-08-02 04:00:00,11668.653263999999,0.029118588729531058,-0.029312765011785077,0.00144563,-0.03175839501178508,-1.090657081865263,止损,6,False,2020,0.1819475105614637
XRP,1,2020-08-01 20:00:00,2020-08-02 04:00:00,0.2905581,0.0606346568723713,-0.00019999999999988855,0.00104801,-0.002248009999999889,-0.03707467174641857,保本/跟踪,3,True,2020,0.04504895558107048
BNB,1,2020-08-02 04:00:00,2020-08-02 04:00:00,22.144428,0.030829446725735083,-0.03102328083639001,0.0,-0.03202328083639001,-1.0387238253503384,止损,1,False,2020,0.1854074718569913
LINK,1,2020-08-05 00:00:00,2020-08-07 16:00:00,9.8409678,0.06455777320967038,-0.06474486165502845,-0.00244065,-0.06330421165502845,-0.9805823297130987,止损,17,True,2020,0.04514558935645797
LINK,1,2020-08-08 16:00:00,2020-08-08 20:00:00,10.9581912,0.055719812679927753,0.16402800174677562,0.0,0.16302800174677562,2.925853370743726,保本/跟踪,2,False,2020,0.10398748960985886
LINK,1,2020-08-12 16:00:00,2020-08-17 20:00:00,15.4550904,0.08805033592520828,0.13011865935370115,0.0045868,0.12453185935370115,1.4143257722432883,保本/跟踪,32,True,2020,0.03369562479788551
ETH,1,2020-08-14 00:00:00,2020-08-19 04:00:00,425.355054,0.041831987153229576,-0.0420236207557989,0.01283249,-0.0558561107557989,-1.335248802577781,止损,32,True,2020,0.06963572912523426
ETH,1,2020-08-31 00:00:00,2020-09-02 08:00:00,429.205824,0.029398482789938125,0.05382640348088509,0.0021809,0.05064550348088509,1.7227250753980723,保本/跟踪,15,False,2020,0.19536370344807039
DOGE,-1,2020-09-03 16:00:00,2020-09-04 20:00:00,0.0029144170000000003,0.03819328640390188,-0.00020000000000004324,0.00129691,-0.002496910000000043,-0.06537562579964198,保本/跟踪,8,False,2020,0.15332349739087411
ADA,-1,2020-09-04 00:00:00,2020-09-04 08:00:00,0.094351126,0.08487461498367742,-0.0850915899066741,-0.0001,-0.0859915899066741,-1.0131602944321043,止损,3,True,2020,0.0352297575829076
ADA,-1,2020-09-05 20:00:00,2020-09-08 04:00:00,0.087842428,0.09643751837848326,-0.09665680588215898,-0.00021569,-0.09744111588215898,-1.0104067122479963,止损,15,True,2020,0.030983284576030928
BNB,1,2020-09-13 00:00:00,2020-09-15 00:00:00,28.402679399999997,0.056089352498482806,0.0035273626388076396,-0.01025265,0.012780012638807639,0.22785095690226292,保本/跟踪,13,True,2020,0.05255968780190039
LINK,-1,2020-09-23 08:00:00,2020-09-24 08:00:00,8.0923812,0.07457091967426742,-0.07478583385820223,0.0009041899999999999,-0.07669002385820223,-1.0284172998427705,止损,7,False,2020,0.07962458412986223
XRP,-1,2020-09-23 20:00:00,2020-09-24 20:00:00,0.22655468,0.026797397116240747,-0.02700275659566401,-0.00020361,-0.02779914659566401,-1.0373823425864055,止损,7,False,2020,0.2140520316606552
ADA,-1,2020-09-24 00:00:00,2020-09-24 12:00:00,0.07667466199999999,0.04582978150212387,-0.046038947458424316,-0.0001,-0.046938947458424314,-1.0242018600121199,止损,4,False,2020,0.12797682877889244
BNB,1,2020-09-30 00:00:00,2020-10-01 12:00:00,28.8287646,0.03843100945207865,-0.03862332325018817,-0.00706054,-0.032562783250188174,-0.8473049163798877,止损,10,False,2020,0.14942761432243443
SOL,-1,2020-10-02 12:00:00,2020-10-02 12:00:00,2.47920406,0.07257329685661852,-0.07278781151598981,-0.0,-0.07378781151598982,-1.0167350073921926,止损,1,False,2020,0.08022414064179535
SOL,-1,2020-10-06 12:00:00,2020-10-07 16:00:00,2.39532084,0.057155929123578024,-0.00020000000000005961,-0.0004,-0.0008000000000000596,-0.013996798097190634,保本/跟踪,8,False,2020,0.10080598593069547
BTC,1,2020-10-12 16:00:00,2020-10-13 12:00:00,11553.980334,0.017867075259000352,-0.018063501843948542,0.0002,-0.019263501843948542,-1.0781564170243674,止损,6,False,2020,0.305284378925098
BNB,1,2020-10-13 04:00:00,2020-10-13 12:00:00,31.2682524,0.032818838032432414,-0.03301227426482582,-0.00102663,-0.03298564426482582,-1.0050826367535795,止损,3,False,2020,0.17228046988222862
BNB,1,2020-10-16 04:00:00,2020-10-16 04:00:00,31.7223432,0.02933777744693097,-0.029531909891441607,0.0,-0.030531909891441607,-1.040702893962254,止损,1,False,2020,0.1898530920286506
BTC,1,2020-10-19 16:00:00,2020-10-25 04:00:00,11803.480224,0.015163477746264139,0.0844207499617092,0.0014352,0.0819855499617092,5.406777477673826,保本/跟踪,34,False,2020,0.34960676281427283
SOL,-1,2020-10-20 08:00:00,2020-10-21 12:00:00,1.9781043,0.049840704083314355,-0.05005067222413092,-0.00030000000000000003,-0.05075067222413092,-1.018257529815298,止损,8,False,2020,0.11347067820973675
ETH,1,2020-10-22 12:00:00,2020-10-23 16:00:00,415.903164,0.0303340241682248,-0.030527957363391135,0.00185085,-0.03337880736339113,-1.1003751819501673,止损,8,False,2020,0.18209670619967924
SOL,-1,2020-10-26 20:00:00,2020-10-31 16:00:00,1.6642670800000001,0.06291947806983236,0.08271068189453824,-0.00016577000000000003,0.08187645189453824,1.3012894322433208,保本/跟踪,30,False,2020,0.0917392345047863
BTC,1,2020-10-27 12:00:00,2020-10-28 12:00:00,13451.53977,0.023092348393034638,-0.023287729923356114,0.00023725,-0.024524979923356116,-1.0620392307416253,止损,7,False,2020,0.24031025873877654
ADA,-1,2020-10-30 04:00:00,2020-11-01 12:00:00,0.091971602,0.044054416737236736,-0.04426322762058417,-0.0007000000000000001,-0.04456322762058417,-1.0115495998138448,止损,15,False,2020,0.12908354458554433
DOGE,-1,2020-11-03 04:00:00,2020-11-03 04:00:00,0.002454509,0.019057149203330254,-0.019260960633170985,-0.0,-0.020260960633170986,-1.0631684947730988,止损,1,False,2020,0.2864755245937605
SOL,-1,2020-11-04 16:00:00,2020-11-04 16:00:00,1.2971405200000001,0.05756686628266914,-0.05777837965592575,-0.0,-0.05877837965592575,-1.0210453243591155,止损,1,False,2020,0.09921126892869975
BTC,1,2020-11-05 12:00:00,2020-11-07 16:00:00,14716.912794,0.028525726582164332,0.01627049363700063,0.00176357,0.01350692363700063,0.47349972306913346,保本/跟踪,14,True,2020,0.09709908853384588
ETH,1,2020-11-06 04:00:00,2020-11-07 16:00:00,427.825548,0.03895216920769779,0.011793982538708513,0.0035912999999999995,0.007202682538708513,0.18491094809901132,保本/跟踪,10,False,2020,0.14414409614107065
LINK,1,2020-11-07 00:00:00,2020-11-07 12:00:00,12.1744344,0.05357799567625093,0.0034735804678255253,0.00122369,0.0012498904678255253,0.023328428994956858,保本/跟踪,4,False,2020,0.10586698545937631
BTC,1,2020-11-13 00:00:00,2020-11-14 08:00:00,16292.267802,0.031334672898609216,-0.03152840596402949,0.0004,-0.03292840596402949,-1.0508616467954581,止损,9,True,2020,0.0889814201409112
XRP,1,2020-11-16 16:00:00,2020-11-18 04:00:00,0.2825565,0.03367022202598059,0.010659665361946713,0.00205074,0.007608925361946713,0.2259838190575494,保本/跟踪,10,False,2020,0.1657283130833543
BTC,1,2020-11-17 16:00:00,2020-11-18 12:00:00,17324.734254,0.02534204485536826,0.00019373783224960493,0.0007871,-0.001593362167750395,-0.06287425410396075,保本/跟踪,6,False,2020,0.21714819413123393
BTC,1,2020-11-20 16:00:00,2020-11-22 08:00:00,18682.475748,0.034274112581265205,-0.03446725775874903,0.00246786,-0.03793511775874903,-1.106815462218123,止损,11,True,2020,0.08152929925401012
XRP,1,2020-11-20 16:00:00,2020-11-22 00:00:00,0.31396278,0.040588305308475486,0.3000297504706251,0.00333328,0.2956964704706251,7.2852627924053515,保本/跟踪,9,True,2020,0.06929807006501838
DOGE,1,2020-11-21 04:00:00,2020-11-22 04:00:00,0.0032616522,0.03675814682324052,0.01364710450357576,0.00544524,0.007201864503575761,0.19592566889205484,保本/跟踪,7,True,2020,0.07623574512534571
ADA,1,2020-11-21 16:00:00,2020-11-22 00:00:00,0.130556106,0.04543862832608936,-0.045629540600424116,0.00108532,-0.04771486060042412,-1.050094652021611,止损,3,False,2020,0.12427454462121543
ADA,1,2020-11-22 20:00:00,2020-11-24 08:00:00,0.1455291,0.07168030986078414,0.05913342234317337,0.00627157,0.05186185234317337,0.7235160177724996,保本/跟踪,10,True,2020,0.040266056621334326
ETH,1,2020-11-23 12:00:00,2020-11-25 20:00:00,591.858348,0.04745161768291678,-0.04764212735938008,0.0060235900000000005,-0.054665717359380084,-1.1520306372834255,止损,15,True,2020,0.060195814559351385
XRP,1,2020-11-23 16:00:00,2020-11-24 08:00:00,0.5266052999999999,0.10111862525803927,0.2068473160432479,0.0011229,0.2047244160432479,2.0245965124706005,保本/跟踪,5,True,2020,0.028714889650992257
BNB,1,2020-11-24 04:00:00,2020-11-24 04:00:00,33.0746136,0.04239873415368932,-0.04259025440685863,0.0,-0.04359025440685863,-1.0281027317667133,止损,1,False,2020,0.13424908746137412
DOGE,1,2020-11-24 08:00:00,2020-11-24 08:00:00,0.004005801,0.07516779812001988,-0.07535276456039587,0.0,-0.07635276456039587,-1.0157642829777183,止损,1,True,2020,0.03850338696769843
SOL,-1,2020-12-08 12:00:00,2020-12-13 12:00:00,1.6791641,0.05444831955411942,0.046848192198927066,0.0070972299999999995,0.03875096219892707,0.7117017112054337,保本/跟踪,31,False,2020,0.10496807424480363
BTC,1,2020-12-15 04:00:00,2020-12-15 04:00:00,19492.657752,0.02234099599990448,-0.022536527800704444,0.0,-0.023536527800704445,-1.0535129141424615,止损,1,False,2020,0.24718453164616902
BTC,1,2020-12-16 12:00:00,2020-12-21 08:00:00,19752.789768,0.02182710736568135,0.1446216009184536,0.00604369,0.13757791091845362,6.303075740341419,保本/跟踪,30,False,2020,0.2513829087457594
ETH,1,2020-12-17 00:00:00,2020-12-17 20:00:00,637.917558,0.029758329302506232,-0.00019999999999990137,0.00207099,-0.0032709899999999016,-0.10991846910318384,保本/跟踪,6,False,2020,0.1875991530276521
BNB,1,2020-12-17 12:00:00,2020-12-17 16:00:00,31.4742936,0.02536792376746701,-0.025562850182713478,0.00115376,-0.02771661018271348,-1.0925848893577381,止损,2,False,2020,0.21825415886098604
BNB,1,2020-12-19 04:00:00,2020-12-20 20:00:00,31.808360399999998,0.030384625385110033,0.03903179900316742,0.00654601,0.03148578900316742,1.0362408160081187,保本/跟踪,11,False,2020,0.18286937763286962
DOGE,1,2020-12-20 12:00:00,2020-12-21 08:00:00,0.004408881599999999,0.06459599550083421,0.056971120148436576,0.0014169399999999998,0.054554180148436576,0.8445443053467927,保本/跟踪,6,True,2020,0.044107979281125115
SOL,-1,2020-12-23 04:00:00,2020-12-24 12:00:00,1.46210752,0.06204138577550446,0.10604093887419137,0.0007435899999999999,0.10429734887419137,1.6810931537149942,保本/跟踪,9,False,2020,0.09512643625922536
BTC,1,2020-12-26 16:00:00,2020-12-27 20:00:00,25641.837342,0.0359282760934143,0.02444502227584767,0.00116572,0.022279302275847672,0.6201049618389984,保本/跟踪,8,False,2020,0.16282002259829145
ETH,1,2020-12-28 20:00:00,2020-12-29 00:00:00,745.3490400000001,0.05426741471229051,-0.054456561229347944,0.00063783,-0.056094391229347944,-1.0336661793590778,止损,2,True,2020,0.054800911727560186
BTC,1,2020-12-30 20:00:00,2021-01-02 20:00:00,28812.551358,0.04198023439979665,0.0717968648951332,0.0037954899999999995,0.0670013748951332,1.5960219339665658,保本/跟踪,19,True,2020,0.07011048016524271
DOGE,1,2021-01-02 04:00:00,2021-01-02 08:00:00,0.0066473292,0.06502691194637329,0.022551673543564882,0.00028153,0.021270143543564882,0.32709754941317293,保本/跟踪,2,True,2021,0.04582236003866148
DOGE,1,2021-01-02 16:00:00,2021-01-02 20:00:00,0.0086007198,0.09897636628188759,0.30521130311205347,0.0,0.30421130311205347,3.0735751830457256,保本/跟踪,2,True,2021,0.030363923824102593
BTC,1,2021-01-03 08:00:00,2021-01-03 12:00:00,34482.8952,0.04712562019117915,-0.04731619506714089,0.0,-0.04831619506714089,-1.0252638558629428,止损,2,True,2021,0.0634581746880219
ETH,1,2021-01-04 04:00:00,2021-01-04 08:00:00,1025.2450079999999,0.06055289951716969,-0.00019999999999994713,0.00375,-0.0049499999999999475,-0.08174670477334256,保本/跟踪,2,True,2021,0.04960328978159192
ADA,1,2021-01-05 16:00:00,2021-01-07 16:00:00,0.246089208,0.09380697910516335,0.16025200981829188,0.00256565,0.15668635981829188,1.6703059976234487,保本/跟踪,13,True,2021,0.032289493851562066
LINK,1,2021-01-06 16:00:00,2021-01-08 00:00:00,16.290257399999998,0.08398293955962234,-0.08416614297171036,0.0064525599999999995,-0.09161870297171036,-1.0909204113612518,止损,9,True,2021,0.036000330962889994
ETH,1,2021-01-07 04:00:00,2021-01-08 00:00:00,1218.453642,0.08329008226121398,-0.08347342424476173,0.00514315,-0.08961657424476173,-1.075957326632319,止损,6,True,2021,0.03629450560439951
BTC,1,2021-01-07 12:00:00,2021-01-10 20:00:00,37927.303944,0.059760592270281264,-0.05994864015182725,0.011333320000000001,-0.07228196015182725,-1.2095254984240311,止损,21,True,2021,0.050234808410757746
BNB,1,2021-01-07 16:00:00,2021-01-07 16:00:00,44.4718926,0.047474567715192886,-0.04766507280164991,0.0,-0.04866507280164991,-1.02507669145297,止损,1,True,2021,0.0630952465354476
SOL,1,2021-01-08 12:00:00,2021-01-11 16:00:00,3.15293046,0.158806131973472,-0.1589743707470773,0.00957726,-0.1695516307470773,-1.0676642560338936,止损,20,True,2021,0.0191259611661977
LINK,1,2021-01-16 04:00:00,2021-01-16 20:00:00,22.166432399999998,0.09845541629931749,-0.09863572521605753,0.0017779800000000002,-0.10141370521605753,-1.0300469900787017,止损,5,True,2021,0.030501839689061633
DOGE,1,2021-01-28 16:00:00,2021-01-29 04:00:00,0.0180956184,0.16494176058992951,2.6750047943365987,-0.00199753,2.676002324336599,16.223922400037615,保本/跟踪,4,True,2021,0.018271200759890697
BNB,1,2021-02-02 00:00:00,2021-02-06 00:00:00,51.4712922,0.045624585559761746,0.1992686957427309,-0.003159020000000001,0.2014277157427309,4.414894146904395,保本/跟踪,25,False,2021,0.13425371169838163
SOL,1,2021-02-02 08:00:00,2021-02-06 00:00:00,4.96759332,0.06967840200802514,0.24819682940289106,0.01749039,0.22970643940289107,3.296666295194813,保本/跟踪,23,False,2021,0.08888441360249506
ADA,1,2021-02-02 16:00:00,2021-02-07 12:00:00,0.443048592,0.07586200453280045,0.3538908421118239,0.01288725,0.3400035921118239,4.481869339015641,保本/跟踪,30,False,2021,0.08177981635627805
BTC,1,2021-02-06 04:00:00,2021-02-07 12:00:00,39448.718166,0.040197831537372816,-0.040389791971065195,0.00392865,-0.045318441971065195,-1.1273852403936673,止损,9,False,2021,0.15741704028385767
BNB,1,2021-02-06 08:00:00,2021-02-07 12:00:00,70.339065,0.06329873268546751,-0.06348607293893029,-0.00019786,-0.06428821293893029,-1.0156319125436448,止损,8,True,2021,0.05064874693406027
DOGE,1,2021-02-07 20:00:00,2021-02-14 12:00:00,0.0693018576,0.14389962846209506,-0.1440708485364025,0.04206397,-0.18713481853640251,-1.300453799195848,止损,41,True,2021,0.022871538227665335
SOL,1,2021-02-08 08:00:00,2021-02-14 08:00:00,7.57461462,0.08326725683185443,0.1325668938938768,0.03592959,0.0956373038938768,1.1485583593440793,保本/跟踪,37,False,2021,0.07846221017286617
BTC,1,2021-02-08 16:00:00,2021-02-10 12:00:00,43794.567162,0.05018110177281369,-0.0002000000000000167,0.0077852,-0.008985200000000016,-0.17905545479409687,保本/跟踪,12,False,2021,0.12869358611114193
XRP,1,2021-02-12 04:00:00,2021-02-15 00:00:00,0.56091216,0.08063186350987998,-0.08081573713717798,0.01450255,-0.09631828713717798,-1.1945437317764076,止损,18,False,2021,0.08090945887851765
BTC,1,2021-02-17 20:00:00,2021-02-22 08:00:00,52260.720054,0.042193195574599614,0.03491124230314033,0.016463139999999998,0.01744810230314033,0.4135288182259445,保本/跟踪,28,False,2021,0.15156590194720485
BNB,1,2021-02-18 08:00:00,2021-02-19 16:00:00,179.90597400000001,0.0772300984274563,0.5837899397208032,0.00834647,0.5744434697208032,7.438077659066935,保本/跟踪,9,True,2021,0.04205760394369275
ETH,1,2021-02-20 04:00:00,2021-02-20 20:00:00,2025.1649519999999,0.03650519332015221,-0.03669789228148822,0.00375721,-0.041455102281488215,-1.1355946513671378,止损,5,False,2021,0.177428308786737
SOL,1,2021-02-22 20:00:00,2021-02-23 08:00:00,13.289257319999999,0.10175359227178991,-0.1019332415533355,-0.00104458,-0.1018886615533355,-1.001327415362249,止损,4,False,2021,0.065079026999778
SOL,1,2021-02-24 04:00:00,2021-02-25 20:00:00,16.04380812,0.12205247474344713,-0.1222280642484985,0.00100293,-0.1242309942484985,-1.0178490400102955,止损,11,True,2021,0.02705930924646863
DOGE,1,2021-03-09 00:00:00,2021-03-09 00:00:00,0.0630536082,0.05714877493657556,-0.05733734518158823,0.0,-0.05833734518158823,-1.020797825436009,止损,1,False,2021,0.11372243030233506
BTC,1,2021-03-10 00:00:00,2021-03-15 04:00:00,54928.763556,0.034898740459533915,0.05089249593773671,0.01135539,0.03853710593773671,1.1042549223924452,保本/跟踪,32,False,2021,0.18232800951074032
BNB,1,2021-03-10 00:00:00,2021-03-10 00:00:00,293.48268479999996,0.058925789891042746,-0.059114004733064475,0.0,-0.060114004733064476,-1.020164597610296,止损,1,False,2021,0.10982909629566358
ETH,1,2021-03-10 00:00:00,2021-03-10 00:00:00,1873.7446739999998,0.042669848147399984,-0.04286131417777056,0.0,-0.04386131417777056,-1.0279229029888914,止损,1,False,2021,0.15024977841304896
ADA,1,2021-03-18 00:00:00,2021-03-18 16:00:00,1.38057606,0.06987548030946364,-0.07006150521340174,0.00356301,-0.07462451521340174,-1.0679642541690682,止损,5,False,2021,0.0925483056559604
XRP,1,2021-03-20 20:00:00,2021-03-21 08:00:00,0.5291058,0.04463565773478738,-0.04482673060324045,0.0011204000000000001,-0.046947130603240454,-1.0517853435069155,止损,4,False,2021,0.14243100084491553
XRP,1,2021-03-22 12:00:00,2021-03-24 16:00:00,0.5561112,0.05731305463810851,-0.05750159202718082,0.00408603,-0.06258762202718082,-1.0920308195467416,止损,14,False,2021,0.11116093717694733
SOL,1,2021-03-28 12:00:00,2021-03-31 00:00:00,18.3246642,0.06100022834160869,0.010356183213823205,0.00710349,0.0022526932138232066,0.03692925871044041,保本/跟踪,16,False,2021,0.10404646432116832
BNB,1,2021-03-30 12:00:00,2021-03-31 08:00:00,297.77954400000004,0.04397765036298708,-0.044168854832914425,0.00231344,-0.047482294832914426,-1.0796914896771512,止损,6,False,2021,0.14299172728375173
ETH,1,2021-03-30 12:00:00,2021-03-31 08:00:00,1851.030132,0.030463602514530983,-0.030657509794028166,0.0022029,-0.033860409794028164,-1.1115037946637112,止损,6,False,2021,0.2034478990675023
BNB,1,2021-04-01 16:00:00,2021-04-07 08:00:00,327.8585586,0.052368391390163783,0.11396401955807417,0.012577539999999998,0.10038647955807417,1.9169288361400671,保本/跟踪,35,False,2021,0.11947094600391435
ETH,1,2021-04-01 20:00:00,2021-04-04 00:00:00,1977.935508,0.03641983810389323,0.007406450154166559,0.00661848,-0.00021202984583344135,-0.005821822854582531,保本/跟踪,14,False,2021,0.16971875411122148
LINK,1,2021-04-03 00:00:00,2021-04-03 12:00:00,32.552509199999996,0.04388559968517806,-0.04407682256524098,0.00183202,-0.04690884256524098,-1.0688891778111898,止损,4,False,2021,0.1418006531528489
SOL,1,2021-04-04 16:00:00,2021-04-05 04:00:00,24.74714844,0.0715871652286192,-0.0717728477955735,0.00085227,-0.0736251177955735,-1.0284681277774577,止损,4,False,2021,0.08759772265468414
XRP,1,2021-04-05 16:00:00,2021-04-06 12:00:00,0.7705540799999999,0.06811927792116763,0.17816345956122745,0.00407445,0.17308900956122744,2.540969529382535,保本/跟踪,6,False,2021,0.09149796516535671
SOL,1,2021-04-07 16:00:00,2021-04-18 00:00:00,26.650329,0.09454982554032398,-0.09473091557521592,0.023469820000000002,-0.11920073557521592,-1.2607187257514159,止损,63,False,2021,0.06776873386996735
BNB,1,2021-04-10 00:00:00,2021-04-13 04:00:00,454.89196019999997,0.05904382730488379,0.22361022038452744,0.01255341,0.21005681038452745,3.5576421782392256,保本/跟踪,20,False,2021,0.10751178699886955
XRP,1,2021-04-10 08:00:00,2021-04-14 12:00:00,1.1541307799999998,0.09490276304651181,0.40254068809902194,0.0219988,0.37954188809902195,3.9992712110290047,保本/跟踪,26,False,2021,0.06752062762099985
DOGE,1,2021-04-13 16:00:00,2021-04-14 16:00:00,0.0816783324,0.07851342888965768,0.4240800566138253,0.00555202,0.4175280366138253,5.317918762669464,保本/跟踪,7,False,2021,0.08276226968987677
LINK,1,2021-04-15 08:00:00,2021-04-16 08:00:00,42.483495,0.0667743809661622,-0.06696102608996898,0.00579159,-0.07375261608996898,-1.1045046771357265,止损,7,False,2021,0.10139975280508054
DOGE,1,2021-04-15 20:00:00,2021-04-16 04:00:00,0.16787556839999998,0.13465906566499228,0.36226662310614677,7.184e-05,0.3611947831061468,2.682290875274116,保本/跟踪,3,False,2021,0.050844982807991684
DOGE,1,2021-04-16 12:00:00,2021-04-16 16:00:00,0.3035797038,0.14296007564742555,0.1294587476483189,-0.00337017,0.13182891764831892,0.9221379958796413,保本/跟踪,2,True,2021,0.024150055124585824
SOL,1,2021-04-22 16:00:00,2021-04-22 20:00:00,38.855769599999995,0.10881080700826899,-0.10898904484686729,0.0,-0.10998904484686729,-1.0108283163317477,止损,2,True,2021,0.03151534166259309
SOL,1,2021-04-25 16:00:00,2021-04-28 04:00:00,46.59851784,0.10379652930800023,-0.10397577000213853,0.00222332,-0.10719909000213854,-1.0327810642304014,止损,16,True,2021,0.0329338197461344
DOGE,1,2021-05-01 04:00:00,2021-05-05 16:00:00,0.35014701540000004,0.07922777223758662,0.6104061385751709,0.011073530000000002,0.5983326085751709,7.552056452892596,保本/跟踪,28,False,2021,0.08569518596835604
BNB,1,2021-05-01 04:00:00,2021-05-02 00:00:00,637.3214387999999,0.05350623485262072,-0.05369553360565006,0.00210941,-0.05680494360565006,-1.0616509227777924,止损,6,False,2021,0.12576722390191872
ETH,1,2021-05-01 20:00:00,2021-05-04 00:00:00,2929.3557539999997,0.036505103350959675,0.08752420971127708,0.0018648700000000002,0.08465933971127708,2.3191097117946247,保本/跟踪,14,False,2021,0.18202769746017247
XRP,1,2021-05-02 00:00:00,2021-05-02 00:00:00,1.65343062,0.0664202305754908,-0.0666069465293757,0.0,-0.0676069465293757,-1.0178667846167158,止损,1,False,2021,0.10132857907123506
BNB,1,2021-05-03 16:00:00,2021-05-04 00:00:00,661.0991934,0.04227837357900613,-0.042469917904290215,0.00075259,-0.04422250790429021,-1.0459841323283416,止损,3,False,2021,0.156424446945495
ETH,1,2021-05-04 12:00:00,2021-05-04 12:00:00,3484.64679,0.050456838807127036,-0.050646747439365584,0.0,-0.051646747439365585,-1.023582702768737,止损,1,False,2021,0.13261915755731998
XRP,1,2021-05-06 04:00:00,2021-05-06 16:00:00,1.70013996,0.07933237481163434,-0.07951650833667205,0.00358481,-0.08410131833667205,-1.060113459812101,止损,4,False,2021,0.08799192883607959
ADA,1,2021-05-06 12:00:00,2021-05-06 16:00:00,1.66568307,0.0621984371271187,-0.06238599743969332,0.0021336,-0.06551959743969332,-1.0533962019943839,止损,2,False,2021,0.11166045656477425
ETH,1,2021-05-06 16:00:00,2021-05-10 20:00:00,3556.901238,0.05761933148721615,0.06297776978861991,0.00626265,0.055715119788619906,0.966951860609165,保本/跟踪,26,False,2021,0.11906453385197627
ADA,1,2021-05-09 16:00:00,2021-05-10 16:00:00,1.794468822,0.07378068963497551,-0.07396593349704854,0.00063667,-0.07560260349704855,-1.0246936409931489,止损,7,False,2021,0.09350360204319272
ETH,1,2021-05-12 04:00:00,2021-05-12 16:00:00,4339.277682,0.05644734824055391,-0.056636058770905835,0.00101843,-0.05865448877090584,-1.039100871859313,止损,4,False,2021,0.12143503980597677
ADA,1,2021-05-15 16:00:00,2021-05-16 16:00:00,2.26555302,0.08139201058343223,-0.08157573218131559,0.00040585,-0.08298158218131559,-1.019529823461652,止损,7,False,2021,0.08446199989686748
BTC,-1,2021-05-16 20:00:00,2021-05-19 16:00:00,45563.565464,0.06035410993004689,0.1810932575177717,-0.0018057400000000001,0.1818989975177717,3.0138626471105407,保本/跟踪,18,True,2021,0.05631138371645072
DOGE,1,2021-06-02 12:00:00,2021-06-02 16:00:00,0.42965591399999997,0.08265506554943215,-0.08283853453632228,0.0001,-0.08393853453632229,-1.0155280136596414,止损,2,False,2021,0.0833864950712102
BTC,-1,2021-06-08 04:00:00,2021-06-09 04:00:00,32791.350418,0.051650673927840875,-0.05186100406262639,-0.00021015,-0.052650854062626394,-1.019364319160343,止损,7,False,2021,0.13136991013797197
XRP,-1,2021-06-08 16:00:00,2021-06-08 20:00:00,0.8090381600000001,0.07284171124277623,-0.07305627958502488,-0.0,-0.07405627958502488,-1.016674077551536,止损,2,False,2021,0.09392303648850409
LINK,-1,2021-06-08 16:00:00,2021-06-08 20:00:00,22.3725246,0.0961716366194496,-0.09639087094677347,-0.0,-0.09739087094677347,-1.0126776913670335,止损,2,False,2021,0.07148850474245748
LINK,-1,2021-06-12 04:00:00,2021-06-12 16:00:00,20.530893,0.08339692150261648,-0.08361360088691697,-0.0002,-0.08441360088691696,-1.012190850285386,止损,4,False,2021,0.08101855584575657
ETH,-1,2021-06-12 04:00:00,2021-06-12 12:00:00,2300.019904,0.059184255133896004,-0.059396091984922725,-0.0001,-0.06029609198492272,-1.0187860242307916,止损,3,False,2021,0.11334449044016723
ETH,-1,2021-06-18 16:00:00,2021-06-23 00:00:00,2214.5669980000002,0.04943144470075074,0.09588440184955858,0.00019938,0.09468502184955858,1.9154815810617114,保本/跟踪,27,False,2021,0.13370638760805373
DOGE,-1,2021-06-18 16:00:00,2021-06-20 20:00:00,0.28708257200000004,0.04024039928067131,0.005410491419646563,-2.3039999999999942e-05,0.004433531419646563,0.11017612893757055,保本/跟踪,14,False,2021,0.16314792392870492
XRP,-1,2021-06-20 00:00:00,2021-06-23 04:00:00,0.7575484600000001,0.044439328383228956,0.16684756020097335,-6.682999999999998e-05,0.16591439020097334,3.7335035482576755,保本/跟踪,20,False,2021,0.1482359391453969
BNB,-1,2021-06-21 12:00:00,2021-06-23 00:00:00,303.469294,0.06135144172334549,0.08181203515346211,0.00243497,0.07837706515346211,1.2775097528578212,保本/跟踪,10,False,2021,0.10840604299614469
SOL,-1,2021-07-13 20:00:00,2021-07-14 12:00:00,29.0221944,0.05172598016294146,-0.051936325358973995,-0.0002,-0.052736325358974,-1.0195326447725082,止损,5,False,2021,0.1323081538029593
LINK,-1,2021-07-14 04:00:00,2021-07-14 12:00:00,16.1597674,0.049916314303887856,-0.050126297566748794,-0.0001,-0.05102629756674879,-1.0222368834386173,止损,3,False,2021,0.13696491600097477
ADA,-1,2021-07-14 04:00:00,2021-07-14 12:00:00,1.2157568,0.03790350678982159,-0.038111087491179516,4.811e-05,-0.039159197491179513,-1.0331286154687704,止损,3,False,2021,0.17872092469523077
LINK,-1,2021-07-15 16:00:00,2021-07-21 12:00:00,15.926814,0.05110615494888517,0.06170406373938918,-0.00142526,0.062129323739389175,1.21569160899561,保本/跟踪,36,False,2021,0.13187443645119815
DOGE,-1,2021-07-16 12:00:00,2021-07-17 16:00:00,0.17511497,0.056887358953737664,-0.05709873642552826,-0.00030722,-0.057791516425528267,-1.0158938204975536,止损,8,False,2021,0.11881693507057563
SOL,-1,2021-07-16 12:00:00,2021-07-21 04:00:00,27.109576999999998,0.06503725920136356,0.07674663465308273,-0.00086393,0.07661056465308273,1.1779488495338766,保本/跟踪,29,False,2021,0.10426349268090186
ADA,-1,2021-07-19 16:00:00,2021-07-21 04:00:00,1.12147566,0.040762343422451844,0.003180965262907199,0.00068721,0.001493755262907199,0.03664547073327587,保本/跟踪,10,False,2021,0.16333864675870235
SOL,1,2021-08-06 16:00:00,2021-08-07 16:00:00,39.6989382,0.05394572673097027,-0.0541349375856241,0.00089507,-0.0560300075856241,-1.03863662575255,止损,7,False,2021,0.12598263397637705
ETH,1,2021-08-06 20:00:00,2021-08-12 16:00:00,2931.156114,0.04767136827553773,0.024727445654316966,0.0030400499999999994,0.020687395654316966,0.4339585038706048,保本/跟踪,36,False,2021,0.14205825343642348
ADA,1,2021-08-11 00:00:00,2021-08-12 12:00:00,1.6798359,0.043888827050946204,0.022727244814631002,0.00128677,0.020440474814631,0.46573299375040655,保本/跟踪,10,False,2021,0.15311928305207004
XRP,1,2021-08-11 04:00:00,2021-08-12 04:00:00,0.87677532,0.0452472975333448,0.11360586167381305,0.00139664,0.11120922167381304,2.4578091452170794,保本/跟踪,7,False,2021,0.14866965628671744
ADA,1,2021-08-13 04:00:00,2021-08-17 16:00:00,1.9678935,0.06415368245008145,0.02315449748784687,0.00522526,0.01692923748784687,0.2638856701798788,保本/跟踪,28,False,2021,0.10757835368205798
BNB,1,2021-08-14 00:00:00,2021-08-18 00:00:00,411.342252,0.04379593906838042,-0.043987179880566704,0.0029719300000000002,-0.0479591098805667,-1.095058375291055,止损,25,False,2021,0.15592821821139302
XRP,1,2021-08-14 08:00:00,2021-08-16 20:00:00,1.17793554,0.06745779073155997,-0.0001999999999999825,0.00335657,-0.004556569999999983,-0.06754697938644769,保本/跟踪,16,False,2021,0.10242374351346344
BNB,1,2021-08-21 00:00:00,2021-08-24 16:00:00,455.39106,0.042605606241003284,0.032919284752889307,0.00541368,0.026505604752889305,0.6221154230961401,保本/跟踪,23,False,2021,0.15944224261809584
ADA,1,2021-08-22 08:00:00,2021-08-24 16:00:00,2.6215242,0.060764353236927915,0.013125870843312003,0.00358866,0.008537210843312003,0.14049702479386783,保本/跟踪,15,False,2021,0.11294258119629055
BTC,1,2021-08-23 04:00:00,2021-08-24 00:00:00,50316.881364,0.02780947569444784,-0.028003913799309006,0.0009246300000000001,-0.029928543799309006,-1.0761994986221275,止损,6,False,2021,0.23993253391524816
SOL,1,2021-08-27 20:00:00,2021-08-31 16:00:00,85.58411339999999,0.07588462505365283,0.30230945841509094,0.0020517499999999998,0.2992577084150909,3.9435881537729975,保本/跟踪,24,False,2021,0.09074598795225422
ETH,1,2021-09-01 08:00:00,2021-09-07 08:00:00,3518.9836560000003,0.03577273309030712,0.08683952093300056,0.010043100000000001,0.07579642093300056,2.118832260919369,保本/跟踪,37,False,2021,0.1920472646177443
XRP,1,2021-09-02 12:00:00,2021-09-03 00:00:00,1.2897579000000001,0.04559815649781313,-0.04578903686651348,0.0016198,-0.048408836866513476,-1.061640219354814,止损,4,False,2021,0.15198315533120987
SOL,1,2021-09-03 04:00:00,2021-09-07 12:00:00,135.522099,0.0762513427555155,0.25140312739344195,0.007609910000000001,0.24279321739344195,3.184117270851338,保本/跟踪,27,False,2021,0.0915912130077157
LINK,1,2021-09-03 12:00:00,2021-09-04 16:00:00,31.174233599999997,0.04805448493290932,-0.04824487403592271,0.00241493,-0.05165980403592271,-1.0750256528198547,止损,8,False,2021,0.14370727100882497
LINK,1,2021-09-05 20:00:00,2021-09-07 08:00:00,32.880574800000005,0.04233200259891106,-0.00019999999999993553,0.0028608199999999996,-0.0040608199999999355,-0.09592789735169285,保本/跟踪,10,False,2021,0.16162210094498541
SOL,1,2021-09-09 04:00:00,2021-09-09 16:00:00,211.40127180000002,0.12051900070818589,-0.12069489690804418,0.00040828,-0.12210317690804418,-1.0131446177826688,止损,4,True,2021,0.029769584319626525
BNB,-1,2021-09-26 08:00:00,2021-09-26 08:00:00,324.365114,0.05657281670876458,-0.056784131272106304,-0.0,-0.057784131272106305,-1.0214116007265033,止损,1,True,2021,0.06239352133199369
SOL,1,2021-10-02 16:00:00,2021-10-05 16:00:00,170.45608439999998,0.056949405416365666,-0.05713801553528234,0.00091849,-0.05905650553528234,-1.0369995104165066,止损,19,False,2021,0.12367462470532888
BTC,1,2021-10-04 20:00:00,2021-10-12 20:00:00,49378.263677999996,0.030008229538420247,0.1037717874533698,0.00316357,0.0996082174533698,3.31936335417053,保本/跟踪,49,False,2021,0.2294228645980936
ETH,1,2021-10-05 20:00:00,2021-10-06 08:00:00,3492.4383479999997,0.036152007585944924,-0.03634477718442769,0.0002,-0.03754477718442769,-1.0385253735956905,止损,4,False,2021,0.1910174193742324
XRP,1,2021-10-10 08:00:00,2021-10-10 16:00:00,1.21654326,0.042032856056473944,-0.042224449485262605,0.00045168,-0.04367612948526261,-1.0390949743358104,止损,3,False,2021,0.16438918645261327
BNB,1,2021-10-13 04:00:00,2021-10-13 04:00:00,461.74233,0.04102796199599984,-0.04121975640360066,0.0,-0.042219756403600664,-1.0290483453142767,止损,1,False,2021,0.1701161552891687
BNB,1,2021-10-14 00:00:00,2021-10-27 08:00:00,470.264034,0.047027314819530784,-0.04721790935656689,-0.0022536300000000004,-0.04596427935656689,-0.9773953612481738,止损,81,False,2021,0.14834494965633152
BTC,1,2021-10-14 04:00:00,2021-10-17 08:00:00,58129.413558,0.033636570970467725,0.03867368325945564,0.00287439,0.03479929325945564,1.0345672063305371,保本/跟踪,20,False,2021,0.20488004022677167
ETH,1,2021-10-16 12:00:00,2021-10-16 16:00:00,3963.0324479999995,0.03088130583405938,-0.031075129572892487,0.00052591,-0.03260103957289248,-1.055688504497643,止损,2,False,2021,0.22231290210317603
ETH,1,2021-10-21 04:00:00,2021-10-21 12:00:00,4190.898012000001,0.033121842672147926,-0.03331521830361351,0.00051537,-0.03483058830361351,-1.0515896910802751,止损,3,False,2021,0.20790898931760476
LINK,1,2021-10-22 04:00:00,2021-10-22 16:00:00,29.5069002,0.04184072412134848,-0.04203235597652421,0.00025055,-0.04328290597652421,-1.0344683770527738,止损,4,False,2021,0.1652483778574868
SOL,1,2021-10-22 04:00:00,2021-10-24 08:00:00,201.9293778,0.0560894066058487,-0.056278188724527424,0.00315387,-0.06043205872452743,-1.0774237486446487,止损,14,False,2021,0.12436287814596662
LINK,1,2021-10-23 12:00:00,2021-10-24 08:00:00,31.0582104,0.04353822083808263,-0.04372951319391488,0.0007111999999999999,-0.045440713193914885,-1.0436970624708706,止损,6,False,2021,0.15822610382042726
DOGE,1,2021-10-25 00:00:00,2021-10-25 16:00:00,0.27608520599999997,0.05865247245872512,-0.05884074196423344,0.00126553,-0.06110627196423344,-1.0418362500785472,止损,5,False,2021,0.11724697022652447
LINK,1,2021-10-25 12:00:00,2021-10-27 08:00:00,31.7773542,0.04333563999085696,-0.043526972862858726,0.00302774,-0.04755471286285873,-1.097358037700422,止损,12,False,2021,0.15730109236442677
SOL,1,2021-10-25 16:00:00,2021-10-26 04:00:00,218.7227358,0.05745705080206343,-0.057645559391903106,0.00043842,-0.05908397939190311,-1.0283155603555838,止损,4,False,2021,0.11901668122324349
DOGE,1,2021-10-28 08:00:00,2021-10-28 08:00:00,0.328575702,0.08890909020173239,-0.08909130838369206,0.0,-0.09009130838369206,-1.0132969326227188,止损,1,True,2021,0.03821638800430154
BNB,1,2021-11-02 00:00:00,2021-11-10 00:00:00,551.220222,0.0343471940576879,0.14605227666755363,-0.00064211,0.14569438666755363,4.241813361023096,保本/跟踪,49,False,2021,0.19228849285812583
SOL,1,2021-11-03 08:00:00,2021-11-09 12:00:00,232.6385184,0.05126619893838114,0.030548554381933216,0.0037651,0.025783454381933215,0.5029328273961439,保本/跟踪,38,False,2021,0.13063292519127676
BTC,1,2021-11-08 08:00:00,2021-11-10 20:00:00,66009.919344,0.023831643001981342,-0.00019999999999998925,0.00357959,-0.00477958999999999,-0.200556461826934,保本/跟踪,16,False,2021,0.2721103766544644
LINK,1,2021-11-10 16:00:00,2021-11-10 16:00:00,38.172633,0.04326296003547642,-0.0434543074434692,0.0,-0.044454307443469204,-1.0275373531310816,止损,1,False,2021,0.15749451161063596
ADA,-1,2021-11-16 12:00:00,2021-11-19 16:00:00,1.89902012,0.04696082255691079,0.01073324704638868,-0.001,0.010733247046388682,0.2285574754015711,保本/跟踪,20,False,2021,0.14462014328024597
ADA,-1,2021-11-24 04:00:00,2021-11-25 12:00:00,1.6767645800000002,0.04077867473724111,-0.0409868304721885,-0.0008462900000000001,-0.0411405404721885,-1.0088738963999955,止损,9,False,2021,0.1659506208246254
LINK,-1,2021-11-26 12:00:00,2021-11-27 04:00:00,23.3033384,0.06087564981186483,-0.06108782494182726,-0.0002,-0.06188782494182726,-1.0166269293730834,止损,5,False,2021,0.11193528003611072
ADA,-1,2021-11-26 12:00:00,2021-11-28 20:00:00,1.50779838,0.059587101961041555,-0.059799019381433866,-0.0007000000000000001,-0.06009901938143387,-1.0085910776585008,止损,15,True,2021,0.05714819990624434
SOL,1,2021-12-01 20:00:00,2021-12-03 16:00:00,230.12301539999999,0.04968961376236228,-0.04987967583960976,0.0006000000000000001,-0.051479675839609766,-1.036024874047288,止损,12,False,2021,0.13538343837385325
XRP,-1,2021-12-04 08:00:00,2021-12-04 16:00:00,0.74955006,0.0941564671112563,-0.09437529840467854,-0.0001,-0.09527529840467854,-1.0118826813255453,止损,3,True,2021,0.036042405970056084
ADA,-1,2021-12-04 08:00:00,2021-12-07 00:00:00,1.34683058,0.08605132384267275,-0.08626853410744126,-0.00022304000000000003,-0.08704549410744127,-1.0115532245219858,止损,17,True,2021,0.039379064415754776
SOL,-1,2021-12-13 16:00:00,2021-12-15 08:00:00,158.04838400000003,0.058130626332323125,-0.058342252457589616,-0.00027487000000000003,-0.059067382457589614,-1.0161146745591767,止损,11,False,2021,0.1150594964207757
DOGE,-1,2021-12-13 16:00:00,2021-12-14 08:00:00,0.157898414,0.048848717827091485,-0.04905848757065691,0.00011769,-0.050176177570656906,-1.0271749147698042,止损,5,False,2021,0.13627099424090522
ETH,-1,2021-12-15 16:00:00,2021-12-15 16:00:00,3655.86868,0.0474360260220249,-0.047645513227229284,-0.0,-0.048645513227229285,-1.0254972287232242,止损,1,True,2021,0.06940592938185358
ETH,-1,2021-12-30 00:00:00,2021-12-30 08:00:00,3627.764302,0.03121847167409631,-0.03142471536843115,7.64e-06,-0.03243235536843116,-1.0388835080399554,止损,3,False,2021,0.2071007278347945
BTC,-1,2021-12-31 20:00:00,2022-01-01 04:00:00,45698.478476000004,0.032443160474099744,-0.03264964910619467,-0.0001,-0.033549649106194665,-1.0341054513779033,止损,3,False,2021,0.1986390006458373
LINK,-1,2021-12-31 20:00:00,2022-01-01 00:00:00,19.0641864,0.05654029491104047,-0.05675160297002258,-0.0001,-0.05765160297002258,-1.0196551514407666,止损,2,False,2021,0.11616818084178804
SOL,-1,2021-12-31 20:00:00,2022-01-01 16:00:00,167.85642199999998,0.041558385284877465,-0.04176669696193456,-0.00030000000000000003,-0.04246669696193456,-1.0218562793243946,止损,6,False,2021,0.1565882099555756
XRP,-1,2022-01-06 00:00:00,2022-01-11 16:00:00,0.77174562,0.041966405342323175,0.023471066085622678,-0.00146939,0.023940456085622678,0.570467160347391,保本/跟踪,35,False,2022,0.07640819098880303
ETH,-1,2022-01-06 12:00:00,2022-01-11 16:00:00,3347.320402,0.041200227576694316,0.04926521923797459,-0.00064064,0.04890585923797459,1.1870288615987914,保本/跟踪,32,False,2022,0.07777919672741171
BTC,-1,2022-01-07 04:00:00,2022-01-12 08:00:00,41781.612006,0.035170730340780915,-0.03537776448684909,-0.00136769,-0.03501007448684909,-0.9954321149326393,止损,32,False,2022,0.0905678553475527
BNB,-1,2022-01-07 04:00:00,2022-01-11 08:00:00,453.52927600000004,0.03786194072302876,0.023455443692342315,0.00073684,0.021718603692342315,0.5736262663137184,保本/跟踪,26,False,2022,0.08437565170789181
SOL,-1,2022-01-07 04:00:00,2022-01-08 08:00:00,139.59207600000002,0.05773884132007636,-0.057950389088340507,-0.0004,-0.05855038908834051,-1.014055491064764,止损,8,False,2022,0.05606438827944105
ADA,-1,2022-01-08 20:00:00,2022-01-08 20:00:00,1.1434712599999999,0.057072542472284396,-0.057283956980778795,-0.0,-0.058283956980778796,-1.0212258724776926,止损,1,True,2022,0.028281023682651358
DOGE,-1,2022-01-10 16:00:00,2022-01-11 08:00:00,0.14221155200000002,0.04876710818718839,-0.04897686160882587,0.00017184000000000004,-0.05014870160882587,-1.0283304356767342,止损,5,False,2022,0.0658255908492396
ADA,-1,2022-01-10 16:00:00,2022-01-11 16:00:00,1.1123774800000001,0.05697812778012616,-0.05718952340568222,-0.00017227000000000003,-0.05801725340568222,-1.0182372721962005,止损,7,True,2022,0.028291450344865902
XRP,-1,2022-01-21 00:00:00,2022-01-23 08:00:00,0.71915614,0.03140351030960175,0.12848324400611394,-0.00011806,0.12760130400611394,4.063281548722256,保本/跟踪,15,False,2022,0.10051338029309981
ETH,-1,2022-01-21 00:00:00,2022-01-25 16:00:00,2999.320016,0.04035108118219958,0.16560657733721498,-0.00028346999999999997,0.164890047337215,4.086384862717244,保本/跟踪,29,False,2022,0.0790240765902505
BNB,-1,2022-01-22 00:00:00,2022-01-23 08:00:00,383.543276,0.05814567236170145,-0.00019999999999994683,0.00033295,-0.0015329499999999468,-0.02636395689887401,保本/跟踪,9,True,2022,0.027724082182117502
LINK,-1,2022-01-22 00:00:00,2022-01-26 12:00:00,17.4075178,0.08388509619118258,0.07636371912829529,-0.0006947100000000002,0.07605842912829529,0.9066977637475729,保本/跟踪,28,True,2022,0.019366629495396987
BTC,-1,2022-01-22 00:00:00,2022-01-24 16:00:00,36419.174708,0.04645433208241496,-0.00019999999999994203,-0.00035387,-0.000846129999999942,-0.018214232388463078,保本/跟踪,17,True,2022,0.0344832562680996
SOL,-1,2022-01-22 00:00:00,2022-01-26 12:00:00,112.187558,0.07671604502698735,0.12342547354882966,0.00114397,0.12128150354882966,1.5809144424242016,保本/跟踪,28,True,2022,0.021141717428858828
ADA,-1,2022-01-22 00:00:00,2022-01-22 12:00:00,1.11967602,0.0851893985606084,-0.0001999999999998937,-3.95e-05,-0.0011604999999998936,-0.013622587077830468,保本/跟踪,4,True,2022,0.01907524506825763
DOGE,-1,2022-01-22 08:00:00,2022-01-23 00:00:00,0.130293936,0.07685407983005799,-0.07706945064602394,0.00061796,-0.07868741064602394,-1.023854697369611,止损,5,True,2022,0.021104472491413364
SOL,-1,2022-02-13 20:00:00,2022-02-14 12:00:00,92.16156400000001,0.05660460932981382,-0.056815930251679726,0.00011603,-0.05793196025167973,-1.0234495200581977,止损,5,False,2022,0.11625891475982726
LINK,-1,2022-02-14 04:00:00,2022-02-14 12:00:00,15.3429308,0.049077954524689694,-0.04928777011559449,-9.889e-05,-0.05018888011559449,-1.0226359391230522,止损,3,False,2022,0.1335597472596552
BTC,-1,2022-02-18 16:00:00,2022-02-23 08:00:00,39797.238959999995,0.032027305919226395,0.016339025738114302,1.9040000000000007e-05,0.015319985738114302,0.47834138084394795,保本/跟踪,29,False,2022,0.1994788139100482
ADA,-1,2022-02-18 16:00:00,2022-02-23 08:00:00,1.0032993000000001,0.04182228551240257,0.08040773621100528,0.0020620499999999997,0.07734568621100528,1.849389273287518,保本/跟踪,29,False,2022,0.1543775250835264
LINK,-1,2022-02-19 12:00:00,2022-02-23 16:00:00,14.9910012,0.047447343872895405,0.025987327096919956,-0.00047296999999999997,0.025460297096919954,0.5366011038494467,保本/跟踪,26,False,2022,0.13663636653571498
XRP,-1,2022-02-24 04:00:00,2022-02-24 16:00:00,0.63867224,0.07343698263700185,-0.07365167003352917,0.00024091,-0.07489258003352917,-1.0198210403567685,止损,4,True,2022,0.04524043558458127
BNB,-1,2022-02-24 04:00:00,2022-02-24 20:00:00,341.65165600000006,0.05089727816666754,-0.05110745762230083,0.00024014999999999998,-0.05234760762230083,-1.0284952262257339,止损,5,True,2022,0.06470148554488898
ADA,-1,2022-02-24 04:00:00,2022-02-24 20:00:00,0.7983403,0.08086473401010626,-0.08108090695690824,0.00069832,-0.08277922695690824,-1.0236752518911731,止损,5,True,2022,0.04116059836332607
BTC,-1,2022-02-24 04:00:00,2022-02-24 16:00:00,34900.81844,0.046477211490502914,-0.04668650693280091,0.00025255,-0.04793905693280091,-1.031452950713205,止损,4,True,2022,0.07066233385746591
DOGE,-1,2022-02-24 04:00:00,2022-02-24 16:00:00,0.11554688600000002,0.05708118334712278,-0.05729259958379219,0.00104276,-0.059335359583792185,-1.0394907061222134,止损,4,False,2022,0.11574302676009961
ETH,-1,2022-03-07 00:00:00,2022-03-07 12:00:00,2548.850128,0.038682859845499684,-0.03889059641746884,1e-05,-0.03990059641746884,-1.0314800037234275,止损,4,False,2022,0.08309731912437998
DOGE,-1,2022-03-07 04:00:00,2022-03-09 08:00:00,0.118896216,0.0372721849956339,-0.037479639432633084,-3.380000000000039e-06,-0.03847625943263309,-1.0323049061153842,止损,14,False,2022,0.08612070555961014
ADA,-1,2022-03-07 20:00:00,2022-03-09 00:00:00,0.78454306,0.052200539768667675,-0.052410979876621376,0.00022068,-0.05363165987662138,-1.027415810531766,止损,8,False,2022,0.062025425829532035
BTC,1,2022-03-25 12:00:00,2022-03-31 12:00:00,44563.4109,0.023511542251793773,0.04035639146186931,0.0013074800000000002,0.03804891146186931,1.6183077679205171,保本/跟踪,37,False,2022,0.1325067638846254
ETH,1,2022-03-28 00:00:00,2022-03-31 16:00:00,3295.669002,0.023134778460240032,0.00344528495441718,0.00108269,0.00136259495441718,0.05889811984839048,保本/跟踪,23,False,2022,0.13453331958709555
XRP,1,2022-03-28 16:00:00,2022-03-28 20:00:00,0.87897576,0.023617577009178856,-0.023812853493777007,0.0,-0.024812853493777008,-1.050609615208775,止损,2,False,2022,0.1319473818011046
BNB,1,2022-03-30 20:00:00,2022-03-31 12:00:00,445.179018,0.023956013118217205,-0.024151221915593546,0.0,-0.025151221915593547,-1.0498918076008004,止损,5,False,2022,0.12987161542390455
DOGE,1,2022-04-05 16:00:00,2022-04-06 08:00:00,0.16179235199999997,0.055364437603997396,-0.055553364716476636,0.0002,-0.056753364716476636,-1.025086990360378,止损,5,True,2022,0.029112308520449586
LINK,-1,2022-04-12 00:00:00,2022-04-17 00:00:00,13.7512492,0.04349105860201066,-0.043699756813731006,-0.0012368500000000003,-0.04346290681373101,-0.9993526994011052,止损,31,False,2022,0.07349859398358487
LINK,-1,2022-04-18 08:00:00,2022-04-18 16:00:00,13.1933608,0.038636353152287,-0.03884408042291738,-0.0001,-0.039744080422917376,-1.0286705959608615,止损,3,False,2022,0.08218966432279773
XRP,-1,2022-04-24 00:00:00,2022-04-25 20:00:00,0.70505896,0.02901967087983549,0.02337897432048727,-0.00021396000000000002,0.022592934320487267,0.7785386131372743,保本/跟踪,12,False,2022,0.10781987211172461
LINK,-1,2022-04-25 04:00:00,2022-05-04 16:00:00,13.0903814,0.03356643118734912,0.11208953588175236,-0.0018432700000000004,0.11293280588175235,3.3644567470227718,保本/跟踪,58,False,2022,0.09383980347401147
ADA,-1,2022-04-25 04:00:00,2022-04-25 20:00:00,0.8714256800000001,0.02868282926327607,-0.028888565829128705,7.772e-05,-0.029966285829128705,-1.0447465120707566,止损,5,False,2022,0.10902314632112857
BTC,-1,2022-04-25 08:00:00,2022-04-25 12:00:00,38429.512559999996,0.024189938650925263,-0.024394776638655462,-0.0,-0.025394776638655463,-1.049807401544779,止损,2,False,2022,0.12809010779935323
ADA,-1,2022-04-29 12:00:00,2022-05-01 16:00:00,0.81153766,0.03843899407604637,0.016657395222833927,3.172999999999998e-05,0.015625665222833925,0.40650557066921816,保本/跟踪,14,False,2022,0.08213570244227321
XRP,-1,2022-04-29 12:00:00,2022-05-01 16:00:00,0.61867624,0.03800846308444266,0.013980003420671737,-0.00027476000000000003,0.013254763420671738,0.3487318966626956,保本/跟踪,14,False,2022,0.08303075030437199
SOL,-1,2022-04-29 20:00:00,2022-05-01 12:00:00,92.851426,0.040189888275686,0.030020221518030556,0.00037039,0.028649831518030553,0.7128616860416372,保本/跟踪,11,False,2022,0.07868616273522211
ETH,-1,2022-05-01 00:00:00,2022-05-01 12:00:00,2724.55498,0.03263913969912282,-0.03284566752706266,0.00016213,-0.034007797527062664,-1.0419330239876583,止损,4,False,2022,0.09608963091000636
BTC,-1,2022-05-05 16:00:00,2022-05-14 20:00:00,36879.1227,0.032970586395147126,0.18241137163816606,-0.00027656000000000013,0.18168793163816607,5.5106066195082395,保本/跟踪,56,False,2022,0.09603369064962645
ETH,-1,2022-05-06 12:00:00,2022-05-10 12:00:00,2673.66516,0.035257108334408045,0.08273390935370638,-0.00097863,0.08271253935370637,2.345981938427597,保本/跟踪,25,False,2022,0.0900597947005532
SOL,-1,2022-05-08 00:00:00,2022-05-10 04:00:00,78.78424,0.04805126862714992,0.0968558545898194,0.000366,0.0954898545898194,1.9872493966967968,保本/跟踪,14,False,2022,0.06680631439109098
LINK,-1,2022-05-08 00:00:00,2022-05-10 12:00:00,10.202959,0.050355462521992175,0.08787748333317187,-0.00026976,0.08714724333317186,1.730641304210269,保本/跟踪,16,False,2022,0.0638377804262926
BNB,-1,2022-05-08 00:00:00,2022-05-10 04:00:00,365.22694,0.030933280701112047,0.10986903369701137,0.00053316,0.10833587369701136,3.502243255210777,保本/跟踪,14,False,2022,0.10206607407030764
ADA,-1,2022-05-09 04:00:00,2022-05-10 04:00:00,0.70575882,0.05236913805913671,0.034095740217425376,0.0007144,0.03238134021742538,0.618328683982911,保本/跟踪,7,True,2022,0.030725734155507962
LINK,-1,2022-05-11 16:00:00,2022-05-13 04:00:00,7.663467,0.11999612941974461,0.023423345889703375,0.00158339,0.020839955889703374,0.17367190083944734,保本/跟踪,10,True,2022,0.027893462584620977
SOL,-1,2022-05-11 16:00:00,2022-05-13 12:00:00,55.518894,0.1458178914681358,0.003232423980202504,0.00543341,-0.0032009860197974955,-0.02195194284850139,保本/跟踪,12,True,2022,0.023004318799111568
DOGE,-1,2022-05-11 16:00:00,2022-05-27 16:00:00,0.089362124,0.1343445829987917,0.06843478787500627,0.00578769,0.061647097875006274,0.45887297052803927,超时,97,True,2022,0.024947242395201418
ADA,-1,2022-05-11 16:00:00,2022-05-13 04:00:00,0.5720855600000001,0.1153341003585419,0.029576011227472006,0.0020411099999999996,0.026534901227472006,0.23006986784465583,保本/跟踪,10,True,2022,0.029006494933806744
ADA,-1,2022-05-26 12:00:00,2022-05-30 00:00:00,0.4844031,0.05048031072457149,-0.05069040678671631,0.00200922,-0.05369962678671631,-1.063773697426506,止损,22,False,2022,0.13219472777559402
SOL,-1,2022-05-26 12:00:00,2022-05-26 16:00:00,43.681262,0.06696999140251386,-0.06718338540079433,0.00021906,-0.06840244540079432,-1.021389490550639,止损,2,False,2022,0.10035816983720595
SOL,-1,2022-06-04 04:00:00,2022-06-04 20:00:00,36.252748,0.06755975772056208,-0.06777326967210612,0.0001897,-0.06896296967210612,-1.0207699375913684,止损,5,True,2022,0.04930074414725783
DOGE,-1,2022-06-10 20:00:00,2022-06-15 16:00:00,0.075024992,0.03246343098287408,0.20718290207567924,0.00184528,0.20433762207567924,6.294393903819856,保本/跟踪,30,False,2022,0.19999143394299382
ETH,-1,2022-06-11 12:00:00,2022-06-19 08:00:00,1574.744988,0.04633701805832998,0.3158187032722384,0.0018945099999999999,0.31292419327223836,6.753222507290457,保本/跟踪,48,True,2022,0.07099517841608143
SOL,-1,2022-06-12 04:00:00,2022-06-14 04:00:00,32.253548,0.07916485267166881,0.0024111430727376854,0.0014379999999999998,-2.6856927262314473e-05,-0.00033925317051623744,保本/跟踪,13,True,2022,0.04210257031979012
XRP,-1,2022-06-12 04:00:00,2022-06-12 12:00:00,0.34423114,0.04577018298255256,-0.04597933701914909,0.00010963,-0.04708896701914909,-1.0288131694185982,止损,3,True,2022,0.0718465091027463
LINK,-1,2022-06-13 00:00:00,2022-06-15 16:00:00,6.2597478,0.10654465291457972,-0.10676596184516253,0.0015049400000000002,-0.10927090184516253,-1.0255878531301663,止损,17,True,2022,0.03135499625214075
BNB,-1,2022-06-18 20:00:00,2022-06-19 08:00:00,187.952402,0.07705536413385378,-0.07727077520668052,0.00065505,-0.07892582520668052,-1.024274248702239,止损,4,True,2022,0.04431697137484226
SOL,-1,2022-06-30 04:00:00,2022-07-04 20:00:00,32.983402000000005,0.07390850865191742,-0.07412329035364758,0.0006231,-0.07574639035364758,-1.0248669839948459,止损,29,False,2022,0.09357383603580188
XRP,-1,2022-06-30 08:00:00,2022-06-30 16:00:00,0.31783642,0.04567571677931165,-0.045884851922667384,0.00017723,-0.047062081922667386,-1.0303523456469035,止损,3,False,2022,0.14957405856297046
ADA,-1,2022-06-30 08:00:00,2022-07-01 00:00:00,0.45080982,0.046622196344257016,-0.046831520783525885,0.00047232,-0.048303840783525884,-1.0360696099954547,止损,5,False,2022,0.14663219803642596
DOGE,-1,2022-07-12 00:00:00,2022-07-15 08:00:00,0.06168766,0.03686736828498206,-0.037074741758638965,0.0010872,-0.03916194175863896,-1.0622386023303865,止损,21,False,2022,0.18114907299327698
ADA,-1,2022-07-13 00:00:00,2022-07-13 08:00:00,0.41671664,0.03766288392367425,-0.03787041650045904,0.00019033,-0.03906074650045904,-1.0371151231970879,止损,3,False,2022,0.17746939197740497
DOGE,-1,2022-07-26 16:00:00,2022-07-27 04:00:00,0.060197958,0.04311151402988284,-0.0433201363326889,2.886e-05,-0.0443489963326889,-1.0287042181341228,止损,4,False,2022,0.15422211430704838
XRP,-1,2022-07-26 16:00:00,2022-07-27 00:00:00,0.32603478,0.03828793392626666,-0.03849559151305186,0.00026558,-0.03976117151305186,-1.0384778554419338,止损,3,False,2022,0.17291880570820709
SOL,-1,2022-07-26 16:00:00,2022-07-27 12:00:00,34.983002000000006,0.06317065231441794,-0.06338328644488082,-6.753e-05,-0.06431575644488083,-1.0181271538049566,止损,6,False,2022,0.10638646387355537
BNB,1,2022-08-03 20:00:00,2022-08-09 12:00:00,302.70052799999996,0.03624973217746735,0.04313055208114419,-5.4590000000000004e-05,0.04218514208114419,1.163736655339105,保本/跟踪,35,False,2022,0.17953227067681582
LINK,1,2022-08-08 00:00:00,2022-08-09 12:00:00,8.3436684,0.03558068629433276,-0.00019999999999987766,0.0004,-0.0015999999999998776,-0.044968216373463356,保本/跟踪,10,False,2022,0.18277156688705037
ETH,1,2022-08-08 12:00:00,2022-08-09 08:00:00,1789.067742,0.031315378037300154,-0.03150911496169264,0.00015672,-0.03266583496169264,-1.0431244011419545,止损,6,False,2022,0.20652802254963648
LINK,1,2022-08-10 16:00:00,2022-08-14 16:00:00,9.2098416,0.049575831876535775,-0.04976591671016054,0.0008908700000000001,-0.051656786710160545,-1.0419751874019423,止损,25,False,2022,0.13274319054365508
ETH,1,2022-08-13 00:00:00,2022-08-15 04:00:00,1957.79148,0.035308759312784786,-0.03550169756092229,0.00011719000000000001,-0.0366188875609223,-1.037104907497079,止损,14,False,2022,0.18419444201716936
ADA,1,2022-08-14 04:00:00,2022-08-14 12:00:00,0.5905180800000001,0.03285977176887989,-0.03305319981452599,0.0001,-0.03415319981452599,-1.0393620520173865,止损,3,False,2022,0.19732287305538476
DOGE,1,2022-08-16 12:00:00,2022-08-17 12:00:00,0.085687134,0.0540547887303165,-0.05424397777257044,0.00026043,-0.05550440777257044,-1.0268175877901622,止损,7,False,2022,0.06010519153092892
BTC,-1,2022-08-20 00:00:00,2022-08-21 08:00:00,20820.835,0.0331935822593978,-0.03340022097584954,0.00016835,-0.03456857097584954,-1.0414233301397426,止损,9,False,2022,0.09600596832412044
SOL,-1,2022-08-26 16:00:00,2022-08-29 20:00:00,33.24335,0.04782235816844053,0.0211494882223617,0.0027924,0.017357088222361698,0.36294923310193816,保本/跟踪,20,False,2022,0.06736283726082369
BTC,-1,2022-08-27 00:00:00,2022-09-07 20:00:00,20224.654260000003,0.029186647791709278,0.03827322829323973,5.049999999999984e-06,0.03726817829323973,1.2768913565958089,保本/跟踪,72,False,2022,0.10827164991017257
LINK,-1,2022-08-27 00:00:00,2022-08-30 04:00:00,6.4957006,0.0494268229090788,-0.04963670827366061,0.00105381,-0.05169051827366061,-1.0457989251857418,止损,20,False,2022,0.06524055098729536
DOGE,-1,2022-08-29 00:00:00,2022-08-30 00:00:00,0.061707656,0.03933975325537197,-0.03954762120602319,5.060999999999999e-05,-0.04059823120602319,-1.0319899807830992,止损,7,False,2022,0.0813544089222352
ETH,1,2022-09-11 00:00:00,2022-09-12 00:00:00,1773.3946079999998,0.034477743549129844,-0.034670848000419946,-0.00082744,-0.03484340800041995,-1.0106058115656276,止损,7,False,2022,0.0922463869712688
BNB,1,2022-09-12 12:00:00,2022-09-12 16:00:00,298.729734,0.02407960073627055,-0.024274784816123236,0.0,-0.025274784816123236,-1.0496347133385981,止损,2,False,2022,0.12943053496714954
ETH,-1,2022-09-18 20:00:00,2022-09-24 12:00:00,1379.57403,0.04391905770093321,0.025688570040057115,0.0012291399999999997,0.023459430040057114,0.5341514883995027,保本/跟踪,35,False,2022,0.07271403794830172
BNB,-1,2022-09-19 00:00:00,2022-09-19 20:00:00,266.12676400000004,0.025840802351438836,-0.026045970511909176,0.0004733,-0.027519270511909177,-1.0649541812844245,止损,6,False,2022,0.1207939343838591
BTC,-1,2022-09-19 04:00:00,2022-09-19 12:00:00,18762.446760000003,0.028903690401177337,-0.029109471139257652,9.289e-05,-0.030202361139257655,-1.0449309662556938,止损,3,False,2022,0.1086250728666108
LINK,-1,2022-09-22 00:00:00,2022-09-22 08:00:00,6.6706655999999995,0.057637304289857465,-0.05784883175071544,6.46e-05,-0.058913431750715436,-1.022140651381618,止损,3,True,2022,0.02778356984742834
XRP,1,2022-09-22 20:00:00,2022-09-23 08:00:00,0.48319661999999997,0.07462327662058009,-0.00020000000000000616,-0.00040678999999999997,-0.0007932100000000062,-0.010629525208777146,保本/跟踪,4,True,2022,0.021557130294030637
XRP,1,2022-10-07 20:00:00,2022-10-10 20:00:00,0.51820362,0.04260549688748693,-0.042796975788109426,0.0008210800000000001,-0.04461805578810943,-1.0472370714496602,止损,19,False,2022,0.07450818703634725
ADA,-1,2022-10-11 00:00:00,2022-10-11 12:00:00,0.40051988,0.020637437467316853,0.00021758700935770348,0.00018154,-0.0009639529906422965,-0.046708947860842315,保本/跟踪,4,False,2022,0.1480708681909856
BNB,-1,2022-10-11 00:00:00,2022-10-13 16:00:00,271.41570600000006,0.016644782556195174,0.013997624656401557,0.00017328,0.012824344656401558,0.770472345499542,保本/跟踪,17,False,2022,0.1806530100406237
SOL,-1,2022-10-12 00:00:00,2022-10-13 16:00:00,30.763846,0.02640486089782052,0.03633869445322277,0.00012558999999999997,0.03521310445322277,1.333584168062377,保本/跟踪,11,False,2022,0.11745454542562156
ADA,-1,2022-10-13 00:00:00,2022-10-13 12:00:00,0.38082382000000004,0.02574749492769327,0.0212723985844881,0.00027984,0.0199925585844881,0.7764855820200465,保本/跟踪,4,False,2022,0.12028822321524821
ETH,-1,2022-10-13 12:00:00,2022-10-13 12:00:00,1242.011548,0.02444041697662421,-0.02464530506001952,-0.0,-0.02564530506001952,-1.049298998644242,止损,1,False,2022,0.12658103870310874
BTC,-1,2022-10-13 12:00:00,2022-10-13 16:00:00,18741.251,0.016232498084981794,-0.011217956581446909,-3.936e-05,-0.01217859658144691,-0.750260158214001,保本/跟踪,2,False,2022,0.18517215733263223
ADA,-1,2022-10-20 20:00:00,2022-10-22 00:00:00,0.34153168,0.028517275575936866,-0.028722979031051973,0.00048108000000000005,-0.030204059031051972,-1.0591495302776548,止损,8,False,2022,0.10946840562512028
BNB,1,2022-10-29 04:00:00,2022-11-02 08:00:00,304.740936,0.02091045444973845,0.040920236912604484,-0.0006444199999999999,0.04056465691260448,1.939922301072317,保本/跟踪,26,False,2022,0.14625662011428267
DOGE,1,2022-10-29 08:00:00,2022-10-29 16:00:00,0.092548506,0.07555683251095488,0.3339991023461395,-8.916e-05,0.3330882623461395,4.408446612658696,保本/跟踪,3,True,2022,0.02126792145639945
BNB,1,2022-11-04 04:00:00,2022-11-07 04:00:00,340.248036,0.036393360120949146,-0.03658608144892494,-0.00074963,-0.03683645144892494,-1.012175059585134,止损,19,True,2022,0.043678096558639475
LINK,1,2022-11-04 20:00:00,2022-11-06 20:00:00,8.589717599999998,0.04955682805750444,-0.049746916691892885,0.0006000000000000001,-0.05134691669189289,-1.036121937269901,止损,13,True,2022,0.03241701267517036
BTC,1,2022-11-05 04:00:00,2022-11-06 20:00:00,21440.687280000002,0.020114498350729353,-0.020310475451059254,0.0003763,-0.021686775451059254,-1.0781663590567692,止损,11,False,2022,0.1531481152546171
SOL,-1,2022-11-08 04:00:00,2022-11-08 08:00:00,26.424714,0.09883023538203105,-0.09905000142910747,0.00124635,-0.10129635142910746,-1.0249530524494208,止损,2,True,2022,0.016414457719298805
ADA,-1,2022-11-08 20:00:00,2022-11-10 12:00:00,0.36782642,0.06914098645212524,-0.00019999999999996697,0.0006118800000000001,-0.0018118799999999671,-0.026205585036808133,保本/跟踪,11,True,2022,0.023283763200465567
BTC,-1,2022-11-10 00:00:00,2022-11-10 12:00:00,15901.819,0.06802724822167315,-0.06824085367131748,0.00111953,-0.07036038367131747,-1.0342970722855287,止损,4,True,2022,0.02365673952109418
ETH,-1,2022-11-21 00:00:00,2022-11-23 08:00:00,1141.301694,0.03457802127313285,-0.034784936877387394,-1.4290000000000007e-05,-0.035770646877387395,-1.0344908574968463,止损,15,False,2022,0.09106123822840459
BNB,-1,2022-11-21 04:00:00,2022-11-22 20:00:00,259.138162,0.027985131448528967,-0.028190728474818804,8.432e-05,-0.029275048474818804,-1.0460929414843838,止损,11,False,2022,0.11142257566995196
SOL,-1,2022-11-21 04:00:00,2022-11-23 00:00:00,11.736652200000002,0.06895162206917824,-0.06916541239359213,0.0037256800000000007,-0.07389109239359212,-1.0716367530767903,止损,12,True,2022,0.023316065645275497
BTC,-1,2022-11-21 20:00:00,2022-11-22 12:00:00,15709.657439999999,0.024176385160952458,-0.02438122043798464,5.452e-05,-0.02543574043798464,-1.0520903050083013,止损,5,False,2022,0.1279506156870694
ADA,-1,2022-11-21 20:00:00,2022-11-22 12:00:00,0.29874024,0.03663458113313991,-0.03684190804936649,-0.00012982,-0.03771208804936649,-1.0294122897791742,止损,5,False,2022,0.0861503966306105
DOGE,1,2022-11-26 04:00:00,2022-11-26 20:00:00,0.092548506,0.04970417378929014,-0.04989423295453223,0.00017728,-0.05107151295453223,-1.0275095441891586,止损,5,False,2022,0.06344103027018652
LINK,-1,2022-12-12 04:00:00,2022-12-13 08:00:00,6.5626872,0.028061511623597497,-0.02826712392592219,-1.7840000000000005e-05,-0.02924928392592219,-1.0423274525712247,止损,8,False,2022,0.1096136593786837
BNB,-1,2022-12-13 04:00:00,2022-12-13 12:00:00,267.11656600000003,0.024403355370790688,-0.024608236041864743,-0.0,-0.025608236041864744,-1.0493735657562986,止损,3,False,2022,0.1250936575375835
LINK,-1,2022-12-16 12:00:00,2022-12-20 04:00:00,6.246750400000001,0.03479295714272237,0.028549876569798887,-0.0008115100000000002,0.028361386569798887,0.8151473429941333,保本/跟踪,23,False,2022,0.08884152318481846
BNB,-1,2022-12-16 12:00:00,2022-12-17 20:00:00,251.159758,0.038172207413348945,0.0348241069130558,0.00269479,0.031129316913055798,0.8154969026540964,保本/跟踪,9,True,2022,0.04063703287097492
XRP,-1,2022-12-16 12:00:00,2022-12-20 20:00:00,0.36472704,0.028575253957322626,0.03727321985884717,0.00125051,0.035022709858847166,1.2256307471896442,保本/跟踪,27,False,2022,0.10720845775786857
ETH,-1,2022-12-17 00:00:00,2022-12-20 04:00:00,1165.956762,0.03337425448223377,-0.03358092933313009,-0.00019997,-0.03438095933313009,-1.0301641150196243,止损,20,False,2022,0.09245564217246222
ADA,-1,2022-12-17 00:00:00,2022-12-31 12:00:00,0.26314736,0.041281288096743925,0.05487908142685044,0.0018471599999999998,0.05203192142685044,1.2604238827265295,保本/跟踪,88,True,2022,0.037683783458663495
SOL,-1,2022-12-17 00:00:00,2022-12-29 20:00:00,12.2365522,0.051992023453557884,0.20262617262250324,0.012482670000000001,0.18914350262250323,3.637933091630037,保本/跟踪,78,False,2022,0.060276680246358016
LINK,-1,2022-12-30 08:00:00,2022-12-31 08:00:00,5.4449108,0.025073042953536386,-0.0252780575621271,-0.00028236,-0.025995697562127103,-1.0367986690048159,止损,7,False,2022,0.12282092334901304
DOGE,-1,2022-12-30 08:00:00,2022-12-31 08:00:00,0.067676462,0.03562661130388813,-0.03583373662614891,0.0001988,-0.03703253662614891,-1.0394627855640972,止损,7,False,2022,0.08790798721251798
XRP,-1,2023-01-02 04:00:00,2023-01-02 04:00:00,0.32803438,0.03151850854908053,-0.03172481225079028,-0.0,-0.03272481225079028,-1.0382728675067634,止损,1,False,2023,0.09850556658932474
ETH,1,2023-01-12 00:00:00,2023-01-12 12:00:00,1389.52785,0.01947188451901473,-0.019667990142110913,0.0001,-0.020767990142110913,-1.0665629267588614,止损,4,False,2023,0.15470464512567958
ETH,1,2023-01-14 00:00:00,2023-01-14 08:00:00,1451.24019,0.02419481390081342,0.062016533565377376,0.00061643,0.060400103565377374,2.4964070322254783,保本/跟踪,3,False,2023,0.12595598875562122
BTC,1,2023-01-14 00:00:00,2023-01-14 08:00:00,19928.28486,0.022210614177185978,0.023199340996810317,0.00045847,0.021740870996810317,0.9788505091922147,保本/跟踪,3,True,2023,0.06824824668360276
SOL,1,2023-01-21 00:00:00,2023-01-22 20:00:00,25.518102600000002,0.06486432690900093,-0.06505135404361923,0.0007026800000000001,-0.06675403404361922,-1.029133226608046,止损,12,False,2023,0.04910988584226362
BTC,1,2023-01-21 00:00:00,2023-01-27 00:00:00,22665.532199999998,0.025398335777960822,0.004785176481639115,0.0018000000000000002,0.001985176481639115,0.0781616755914273,保本/跟踪,37,True,2023,0.06058264246165895
ETH,1,2023-01-21 00:00:00,2023-01-22 00:00:00,1659.341802,0.029349188785446928,-0.029543318947689787,0.00030000000000000003,-0.03084331894768979,-1.0509087379949575,止损,7,False,2023,0.10564765709616315
ADA,1,2023-01-22 12:00:00,2023-01-24 20:00:00,0.38117622,0.04400367133077052,-0.04419487059650429,0.0007000000000000001,-0.04589487059650429,-1.0429782154202052,止损,15,True,2023,0.035722372640090407
BNB,1,2023-01-24 04:00:00,2023-01-24 08:00:00,322.40446799999995,0.029308712210470173,-0.029502850468028037,0.00022386,-0.030726710468028037,-1.0483814589796716,止损,2,False,2023,0.10525602231953843
BTC,1,2023-01-29 20:00:00,2023-01-30 08:00:00,23901.2793,0.02010554856866912,-0.02030152745895528,0.0002,-0.02150152745895528,-1.0694325193624183,止损,4,False,2023,0.1495411720467909
DOGE,1,2023-01-31 20:00:00,2023-02-01 04:00:00,0.097089414,0.052156901330814194,-0.052346469950548015,0.0001,-0.05344646995054802,-1.0247247935906796,止损,3,False,2023,0.06006460616799134
BTC,1,2023-02-16 00:00:00,2023-02-16 20:00:00,24337.56654,0.022185622062827717,-0.022381184938415177,0.00033171,-0.023712894938415177,-1.0688406604629952,止损,6,False,2023,0.13573023478888932
ADA,1,2023-02-16 00:00:00,2023-02-16 08:00:00,0.41938386,0.034088495548671514,-0.03428167784956183,0.0001,-0.03538167784956183,-1.0379360332591947,止损,3,False,2023,0.09033410921548524
ETH,1,2023-02-16 16:00:00,2023-02-16 20:00:00,1725.24498,0.0285219268580952,-0.028716222472723606,0.0,-0.029716222472723607,-1.0418728938115007,止损,2,False,2023,0.10681741475118114
LINK,1,2023-02-18 16:00:00,2023-02-19 16:00:00,8.186637000000001,0.039141298320809294,-0.039333470061145175,0.00033227,-0.04066574006114518,-1.038947142934332,止损,7,False,2023,0.0785133061079256
SOL,1,2023-02-20 04:00:00,2023-02-21 12:00:00,26.184235799999996,0.05035138919403369,-0.05054131891619487,0.00057957,-0.052120888916194874,-1.0351430169154272,止损,9,False,2023,0.06138506105459659
DOGE,-1,2023-03-09 00:00:00,2023-03-11 00:00:00,0.071065784,0.03132755578135364,0.04649077402338539,5.69e-05,0.04543387402338539,1.4502846739938746,保本/跟踪,13,False,2023,0.09671454380328647
ADA,-1,2023-03-09 20:00:00,2023-03-11 00:00:00,0.30933812,0.033675087615682255,-0.033881822633205494,0.00022347999999999994,-0.03510530263320549,-1.042471011028853,止损,8,False,2023,0.09025996228521338
SOL,-1,2023-03-10 00:00:00,2023-03-10 20:00:00,17.3135366,0.05129474567358461,-0.051505004622719265,0.00010844000000000001,-0.05261344462271927,-1.0257082656677203,止损,6,False,2023,0.06013670567143373
BNB,-1,2023-03-10 00:00:00,2023-03-12 20:00:00,276.84461999999996,0.024742517347501245,-0.02494746585097078,0.0016440600000000001,-0.02759152585097078,-1.1151462667866838,止损,18,False,2023,0.12098313738460245
XRP,-1,2023-03-12 16:00:00,2023-03-12 20:00:00,0.35202958,0.03207440141982282,-0.032280816300106825,-0.0,-0.033280816300106826,-1.0376130130845844,止损,2,False,2023,0.0944188349515615
ETH,1,2023-03-14 16:00:00,2023-03-14 16:00:00,1770.6440579999999,0.03814987702047882,-0.038342247045074725,0.0,-0.039342247045074726,-1.0312548851456544,止损,1,True,2023,0.03977130561422492
BTC,1,2023-03-14 16:00:00,2023-03-14 16:00:00,25916.482259999997,0.04234260614844615,-0.04253413762721646,0.0,-0.04353413762721646,-1.0281402489632547,止损,1,True,2023,0.03596792059323749
BTC,1,2023-03-17 12:00:00,2023-03-30 16:00:00,26919.482819999997,0.03983458173026102,0.029252483824639835,0.00203352,0.026218963824639833,0.6581960368551366,保本/跟踪,80,True,2023,0.03805564625385409
BNB,1,2023-03-17 12:00:00,2023-03-22 16:00:00,334.176822,0.03609459426936898,-0.036287375350515,-0.02034243,-0.016944945350515002,-0.46945936624352147,止损,32,True,2023,0.0418415001132086
ETH,1,2023-03-18 00:00:00,2023-03-21 04:00:00,1789.567842,0.03828780819999518,-0.03848015063835515,0.000853,-0.04033315063835515,-1.0534202017434946,止损,20,True,2023,0.03953508100951447
XRP,1,2023-03-28 12:00:00,2023-03-30 00:00:00,0.49699938,0.05162170325806067,0.05276336063539117,0.00018306,0.05158030063539117,0.9991979609339405,保本/跟踪,10,True,2023,0.029557311864831046
ADA,1,2023-03-31 16:00:00,2023-04-01 04:00:00,0.40638125999999997,0.03525576366051645,-0.035448712507784405,0.0001,-0.03654871250778441,-1.0366734035239735,止损,4,False,2023,0.08560767273542337
BTC,1,2023-04-11 00:00:00,2023-04-14 16:00:00,29629.024619999997,0.017052777022153583,0.010945717391776561,0.00073923,0.009206487391776562,0.539882001612772,保本/跟踪,23,False,2023,0.16917970055339715
BNB,1,2023-04-11 04:00:00,2023-04-11 20:00:00,327.835554,0.012603453599268436,-0.012800932908548534,0.00010164000000000001,-0.013902572908548533,-1.1030764543264162,止损,5,False,2023,0.22255210321000396
SOL,1,2023-04-13 16:00:00,2023-04-19 08:00:00,24.6159222,0.04165934158070493,-0.04185100971238887,0.0023429199999999996,-0.04519392971238887,-1.0848450310919227,止损,35,False,2023,0.07254554933571072
ETH,1,2023-04-13 20:00:00,2023-04-18 00:00:00,2011.912302,0.02198149688019861,0.02131264789029384,0.0013000000000000002,0.01901264789029384,0.8649387252339865,保本/跟踪,26,False,2023,0.13333980196893386
ADA,1,2023-04-14 04:00:00,2023-04-19 08:00:00,0.43768752,0.03155567220216872,-0.03174936106772815,0.0016,-0.03434936106772815,-1.088532066363886,止损,32,False,2023,0.09471954237658495
BNB,1,2023-04-14 08:00:00,2023-04-14 12:00:00,333.88676399999997,0.015648979567276254,-0.01584584977136273,0.0,-0.01684584977136273,-1.0764823162392814,止损,2,False,2023,0.1825775190679241
LINK,1,2023-04-15 16:00:00,2023-04-19 08:00:00,7.971594,0.02790754465877565,0.029601903551383184,0.0013317300000000002,0.027270173551383184,0.977161333424865,保本/跟踪,23,False,2023,0.10634083441958553
BNB,1,2023-04-16 16:00:00,2023-04-17 08:00:00,346.339254,0.019557229930615566,-0.019753318484629294,0.0005359,-0.021289218484629294,-1.0885600138750944,止损,5,False,2023,0.1485106468205816
LINK,-1,2023-05-08 04:00:00,2023-05-10 12:00:00,6.723655,0.026675340830464647,0.006341330571933209,-0.00041803000000000006,0.005759360571933209,0.2159057913650241,保本/跟踪,15,False,2023,0.11061360076243712
DOGE,-1,2023-05-08 20:00:00,2023-05-10 12:00:00,0.071865624,0.03255875640648178,-0.03276526815776302,0.00016573,-0.03393099815776302,-1.0421466266754604,止损,11,False,2023,0.09150586312580365
SOL,-1,2023-05-22 00:00:00,2023-05-22 12:00:00,19.6000792,0.020753142359294142,-0.020957292987766135,-7.846e-05,-0.021878832987766137,-1.054241936425009,止损,4,False,2023,0.13977380351912608
SOL,-1,2023-05-24 16:00:00,2023-05-27 20:00:00,19.156168,0.02760161221408343,-0.02780713253652619,-0.0008155300000000001,-0.02799160253652619,-1.014129258806258,止损,20,False,2023,0.10661818684572474
XRP,1,2023-05-30 04:00:00,2023-06-05 12:00:00,0.49709939999999997,0.022345056613152968,0.04695791359574466,0.0018380400000000002,0.04411987359574466,1.974480278102065,保本/跟踪,39,False,2023,0.12980888005408314
BNB,-1,2023-06-05 16:00:00,2023-06-05 16:00:00,275.69485000000003,0.02028664968979583,-0.0204907070197338,-0.0,-0.0214907070197338,-1.0593522019825488,止损,1,False,2023,0.1427304343028483
LINK,-1,2023-06-05 16:00:00,2023-06-06 12:00:00,6.0807836,0.022054369830357308,-0.02225878070432333,-2.46e-05,-0.023234180704323332,-1.0534955604282124,止损,6,False,2023,0.13201872920500893
ADA,-1,2023-06-07 16:00:00,2023-06-10 12:00:00,0.32513496,0.03279118844980256,0.21655153701074478,-0.000632,0.21618353701074478,6.592732597712433,保本/跟踪,18,False,2023,0.09023545988688603
BNB,-1,2023-06-07 16:00:00,2023-06-13 08:00:00,258.858218,0.0356692287030871,0.07206645246560395,0.00165748,0.06940897246560394,1.9459061770964714,保本/跟踪,35,True,2023,0.04162423149204078
SOL,-1,2023-06-07 20:00:00,2023-06-10 16:00:00,18.9602072,0.04211123791409613,0.20088398175193034,0.0006803299999999999,0.19920365175193033,4.73041548097663,保本/跟踪,18,False,2023,0.07095146360969652
LINK,-1,2023-06-10 04:00:00,2023-06-10 20:00:00,5.7698458,0.026256953804364616,0.09848958354503641,2.223999999999999e-05,0.0974673435450364,3.7120583092481465,保本/跟踪,5,False,2023,0.1114776924602314
DOGE,-1,2023-06-10 08:00:00,2023-06-18 12:00:00,0.06003799,0.06076302073764488,-0.06097517334179218,-0.00011954000000000004,-0.06185563334179218,-1.0179815386214068,止损,50,True,2023,0.024848466418566917
ETH,-1,2023-06-15 00:00:00,2023-06-16 16:00:00,1649.859962,0.02431657628426965,-0.02452143959952651,0.00019693000000000003,-0.025718369599526513,-1.0576476432730244,止损,11,False,2023,0.12444603333535857
BTC,1,2023-06-23 16:00:00,2023-06-24 00:00:00,31239.14658,0.025617359450719343,-0.025812235978829253,0.0001,-0.026912235978829253,-1.0505468383890577,止损,3,True,2023,0.059019879902449744
SOL,1,2023-07-13 16:00:00,2023-07-14 04:00:00,24.0988188,0.05003233954083412,0.1853396648635742,0.0001,0.1842396648635742,3.6824115472994454,保本/跟踪,4,True,2023,0.031018926486292446
BTC,1,2023-07-13 20:00:00,2023-07-13 20:00:00,31606.8201,0.017912835045636,-0.018109252478626953,0.0,-0.019109252478626954,-1.066791070756967,止损,1,False,2023,0.16468257708120096
ETH,1,2023-07-13 20:00:00,2023-07-14 16:00:00,1995.859092,0.018774000762651278,-0.0189702459624987,0.00030000000000000003,-0.0202702459624987,-1.0796977276587754,止损,6,False,2023,0.15768746096019762
LINK,1,2023-07-14 00:00:00,2023-07-14 16:00:00,7.1294256,0.029834665790834894,-0.03002869885767671,0.0002,-0.03122869885767671,-1.0467252784601346,止损,5,False,2023,0.1017750858647958
DOGE,1,2023-07-25 20:00:00,2023-07-26 16:00:00,0.081806358,0.05176361655032335,-0.051953263827013214,0.00019054,-0.05314380382701322,-1.0266632698537994,止损,6,True,2023,0.0299213528068423
ADA,-1,2023-08-04 00:00:00,2023-08-08 16:00:00,0.29204158,0.025870087386478894,-0.026075261403956138,-0.0011277600000000002,-0.025947501403956137,-1.002992414224225,止损,29,False,2023,0.11631178022669846
BNB,-1,2023-08-17 00:00:00,2023-08-18 00:00:00,231.913608,0.013230148942215216,0.06032432559972942,0.00092454,0.058399785599729415,4.414144228821594,保本/跟踪,7,False,2023,0.2156066853864566
ETH,-1,2023-08-17 16:00:00,2023-08-18 00:00:00,1737.972336,0.01475912428137421,0.03258747842347709,0.00017498,0.03141249842347709,2.128344326168402,保本/跟踪,3,False,2023,0.1953314664257807
BTC,-1,2023-08-18 00:00:00,2023-08-29 12:00:00,26604.378060000003,0.026144750273960266,-0.02634997922401495,-0.00033438,-0.027015599224014954,-1.0333087499757854,止损,70,True,2023,0.05828840269303235
ADA,-1,2023-08-18 00:00:00,2023-08-18 08:00:00,0.25484902000000004,0.045325069455822785,-0.04553413446971392,0.00011373,-0.04664786446971392,-1.0291846218830492,止损,3,True,2023,0.03441251353267423
XRP,-1,2023-09-01 20:00:00,2023-09-03 16:00:00,0.49180162,0.02818836915744564,-0.028394006831277078,0.000293,-0.02968700683127708,-1.0531651074051438,止损,12,False,2023,0.10828438367901508
XRP,-1,2023-09-11 08:00:00,2023-09-12 00:00:00,0.48520294,0.018896293780499094,0.010822510366723383,0.00026839,0.009554120366723384,0.5056081619869395,保本/跟踪,5,False,2023,0.15722219894773518
SOL,-1,2023-09-11 12:00:00,2023-09-12 00:00:00,17.6444704,0.035971144260570014,-0.03617833848942205,0.00010102,-0.03727935848942205,-1.0363684351928177,止损,4,False,2023,0.08557918958264824
LINK,-1,2023-09-11 12:00:00,2023-09-12 08:00:00,5.880823599999999,0.024840022597754908,-0.02504499060227446,0.00017069,-0.02621568060227446,-1.055380706644119,止损,6,False,2023,0.1217443966364482
ETH,-1,2023-09-11 16:00:00,2023-09-12 00:00:00,1561.377662,0.016748427105491646,-0.016951776790912705,4.991e-05,-0.018001686790912706,-1.0748285004631943,止损,3,False,2023,0.17572748270392297
LINK,1,2023-09-25 08:00:00,2023-10-02 12:00:00,7.274454599999999,0.032339317046848046,0.06643911688555089,0.0008881800000000001,0.06455093688555089,1.9960513325633866,保本/跟踪,44,False,2023,0.09416981146965946
ETH,-1,2023-10-09 12:00:00,2023-10-13 20:00:00,1589.442048,0.01614763854465213,0.01570289475922895,-0.0006063199999999999,0.015309214759228949,0.9480776224272832,保本/跟踪,27,False,2023,0.18143158204165177
BNB,-1,2023-10-09 12:00:00,2023-10-10 00:00:00,207.05858,0.012956095145204006,-0.00019999999999999483,-0.0,-0.001199999999999995,-0.09262049919756897,保本/跟踪,4,False,2023,0.22148712693812897
DOGE,-1,2023-10-09 12:00:00,2023-10-14 20:00:00,0.058658266,0.01823724252257121,-0.018440889971075763,0.00037544999999999994,-0.019816339971075764,-1.0865864149445945,止损,33,False,2023,0.16222321718922464
ADA,-1,2023-10-10 16:00:00,2023-10-16 04:00:00,0.24775044,0.019637301946079922,-0.01984122940646904,-0.0008372599999999999,-0.020003969406469042,-1.0186719876995278,止损,34,False,2023,0.15144669491123666
SOL,1,2023-10-19 20:00:00,2023-11-01 20:00:00,25.1430276,0.03389873887817929,0.6579413446799708,0.0010814100000000005,0.6558599346799708,19.347620483372896,保本/跟踪,79,False,2023,0.09018705310402202
LINK,1,2023-10-21 08:00:00,2023-10-23 12:00:00,7.836567,0.024734908483961364,0.2574397617628901,0.00049819,0.25594157176289006,10.347383008465464,保本/跟踪,14,False,2023,0.12168931120813686
BTC,1,2023-10-23 04:00:00,2023-10-24 00:00:00,30730.04478,0.019190030097214785,0.07606043000370806,0.00020238,0.07485805000370806,3.900882365712019,保本/跟踪,6,True,2023,0.07715087721045723
LINK,1,2023-10-25 04:00:00,2023-10-26 12:00:00,11.337267,0.07600341305774444,-0.07618821237513283,0.0004,-0.07758821237513283,-1.0208516861760448,止损,9,True,2023,0.021191387630102858
ADA,1,2023-10-26 08:00:00,2023-10-26 12:00:00,0.29545908,0.03693370227424585,-0.03712631553379096,0.0,-0.038126315533790964,-1.032290650167956,止损,2,True,2023,0.042733454535375366
ADA,1,2023-10-30 12:00:00,2023-10-31 12:00:00,0.30086016,0.026258099673262314,-0.026452848053327746,0.00030000000000000003,-0.02775284805332775,-1.0569252306398806,止损,7,True,2023,0.059021080305487694
XRP,1,2023-10-31 12:00:00,2023-10-31 12:00:00,0.6046209,0.033600168808856606,-0.03379344877509491,0.0,-0.03479344877509491,-1.0355141062840068,止损,1,True,2023,0.046617027257384626
ADA,1,2023-11-02 00:00:00,2023-11-07 08:00:00,0.3075615,0.032986251122315284,0.12985773686248828,0.0016287800000000002,0.12722895686248828,3.8570298998426518,保本/跟踪,33,True,2023,0.09906415484550987
BNB,1,2023-11-05 04:00:00,2023-11-07 12:00:00,243.09861,0.02178515447242722,0.00323268692513399,0.00113804,0.00109464692513399,0.05024737954093692,保本/跟踪,15,True,2023,0.14671800117399278
XRP,1,2023-11-05 12:00:00,2023-11-07 00:00:00,0.64632924,0.029777966622195128,0.053725636041333596,0.00061779,0.052107846041333596,1.749879254767342,保本/跟踪,10,False,2023,0.21845098580020267
DOGE,1,2023-11-06 16:00:00,2023-11-09 16:00:00,0.073894776,0.03298676446987393,-0.033180167116980026,0.0011968,-0.035376967116980025,-1.0724594450386005,止损,19,True,2023,0.099062680240895
LINK,1,2023-11-07 00:00:00,2023-11-09 16:00:00,12.9995994,0.048624688530125686,0.10401509153977673,0.0014468,0.10156829153977673,2.088821432282277,保本/跟踪,17,True,2023,0.06872479307259804
SOL,1,2023-11-09 12:00:00,2023-11-09 16:00:00,47.1574296,0.04944486636143067,-0.049634977388158225,0.00028089,-0.050915867388158224,-1.0297503286989367,止损,2,True,2023,0.06824475514620712
ADA,1,2023-11-09 16:00:00,2023-11-09 16:00:00,0.37797558,0.036339712409043656,-0.03653244446656179,0.0,-0.037532444466561794,-1.0328217252820446,止损,1,True,2023,0.09188025393917258
BTC,1,2023-11-09 16:00:00,2023-11-09 16:00:00,37148.9283,0.023825719743331013,-0.024020954599382287,0.0,-0.02502095459938229,-1.050165739752136,止损,1,True,2023,0.1372802992516614
ETH,1,2023-11-10 00:00:00,2023-11-11 00:00:00,2123.344584,0.030887268596801673,-0.031081091143082325,0.00067692,-0.03275801114308232,-1.060566784674329,止损,7,True,2023,0.10681709506096014
SOL,1,2023-11-10 12:00:00,2023-11-12 00:00:00,50.745146999999996,0.06772341724872492,0.07845844918125994,0.00113462,0.07632382918125993,1.126993177277937,保本/跟踪,10,True,2023,0.04997606425639348
DOGE,1,2023-11-11 08:00:00,2023-11-13 20:00:00,0.078595716,0.048258509656473804,-0.048448857954542394,0.0015705900000000002,-0.0510194479545424,-1.0572114289836594,止损,16,True,2023,0.06935027160816014
LINK,1,2023-11-11 16:00:00,2023-11-13 04:00:00,16.301259599999998,0.0669953673682533,-0.06718196829477961,0.00075904,-0.06894100829477962,-1.02904142484706,止损,10,True,2023,0.050379555466011
SOL,1,2023-11-15 20:00:00,2023-11-16 16:00:00,65.4020778,0.08487951266456659,-0.08506253676203368,0.00076596,-0.08682849676203368,-1.0229617729447769,止损,6,True,2023,0.03985636628364618
DOGE,1,2023-11-17 12:00:00,2023-11-19 00:00:00,0.08397679200000001,0.058490551815547256,-0.05867885370518419,0.0005306,-0.06020945370518419,-1.029387684613706,止损,10,True,2023,0.05724437801128564
SOL,1,2023-12-02 08:00:00,2023-12-04 08:00:00,62.067411,0.03829952416312139,-0.038491864258288745,0.00122498,-0.04071684425828875,-1.063116191336262,止损,13,False,2023,0.1721379973979452
BTC,1,2023-12-02 20:00:00,2023-12-11 00:00:00,39424.28328,0.01581072539078561,0.10154445380801809,0.00342145,0.09712300380801808,6.1428556506724705,保本/跟踪,50,False,2023,0.39576679960954125
LINK,1,2023-12-02 20:00:00,2023-12-04 08:00:00,16.118222999999997,0.031533712935146944,-0.03172740619255998,0.00073836,-0.03346576619255998,-1.0612694502986866,止损,10,False,2023,0.2073945002876611
DOGE,1,2023-12-04 08:00:00,2023-12-04 08:00:00,0.090638124,0.028503473123312355,-0.02869777242868774,0.0,-0.029697772428687742,-1.0419001326683448,止损,1,False,2023,0.22601592487390088
ETH,1,2023-12-04 08:00:00,2023-12-04 12:00:00,2248.029516,0.019910017025247164,-0.02010603502184198,0.0,-0.021106035021841982,-1.0600711689537077,止损,2,False,2023,0.31673317771761017
DOGE,1,2023-12-05 20:00:00,2023-12-06 20:00:00,0.09488897399999999,0.040221812755330495,0.020060907936571903,0.00037176,0.018689147936571903,0.46465205460176773,保本/跟踪,7,False,2023,0.16092965594642278
ADA,1,2023-12-06 00:00:00,2023-12-09 16:00:00,0.42628524,0.031279200232059594,0.3546339369902925,0.0019195599999999998,0.3517143769902925,11.244353256506958,保本/跟踪,23,False,2023,0.2048334591644348
ETH,1,2023-12-07 16:00:00,2023-12-11 00:00:00,2323.284564,0.026726147681477838,-0.02692080245194166,0.00212371,-0.03004451245194166,-1.1241617314254222,止损,21,True,2023,0.11920357037118896
BNB,1,2023-12-20 16:00:00,2023-12-24 20:00:00,257.90157,0.023627322796305226,0.024969899029590945,-0.0049346600000000004,0.028904559029590944,1.223353118708437,保本/跟踪,26,False,2023,0.2890802502255196
SOL,1,2023-12-21 20:00:00,2023-12-26 16:00:00,92.98259279999999,0.056285347341640764,0.18397852977550816,0.00350531,0.17947321977550815,3.188631291304675,保本/跟踪,30,False,2023,0.12570336764626372
LINK,1,2023-12-23 16:00:00,2023-12-24 20:00:00,15.838167,0.03853550048313852,-0.038727793383041866,0.00113747,-0.04086526338304187,-1.060457574721853,止损,8,False,2023,0.18143429390904126
BNB,1,2023-12-27 12:00:00,2023-12-29 12:00:00,310.552098,0.038933319593849776,-0.0002000000000000106,-0.00461901,0.0034190099999999893,0.08781706866167363,保本/跟踪,13,True,2023,0.09127770933708702
ETH,1,2024-01-11 00:00:00,2024-01-12 20:00:00,2586.327162,0.04074080175764006,-0.040932653597288524,0.0005,-0.042432653597288525,-1.04152721023295,止损,12,True,2024,0.08739041017979254
XRP,-1,2024-01-19 16:00:00,2024-01-20 04:00:00,0.5386922399999999,0.02453575566582681,-0.02474066281695983,-0.0001,-0.02564066281695983,-1.045032529920076,止损,4,False,2024,0.2828548955273293
XRP,-1,2024-01-23 12:00:00,2024-01-26 08:00:00,0.504899,0.02979950899429757,-0.03000546889609637,-0.0009000000000000001,-0.03010546889609637,-1.010267279969524,止损,18,False,2024,0.2341275709838099
BTC,1,2024-01-28 08:00:00,2024-01-28 20:00:00,42378.474,0.01757614693313205,-0.017772631703745313,0.0001,-0.018872631703745313,-1.0737638787127635,止损,4,False,2024,0.3823012811682907
SOL,1,2024-01-28 12:00:00,2024-01-28 16:00:00,98.40067619999999,0.03848356599778056,-0.0386758692845809,0.0001,-0.039775869284580906,-1.033580653281322,止损,2,False,2024,0.1823958226411261
SOL,1,2024-01-29 16:00:00,2024-02-01 00:00:00,99.88997400000001,0.041131938776006315,-0.04132371238825109,0.00055185,-0.04287556238825109,-1.0423909901680077,止损,15,False,2024,0.16936798328207336
BTC,1,2024-01-29 20:00:00,2024-02-01 00:00:00,42995.39736,0.01866313861968939,-0.0188594059919655,0.00056795,-0.0204273559919655,-1.0945295112588878,止损,14,False,2024,0.3581032511895831
LINK,1,2024-02-02 04:00:00,2024-02-06 20:00:00,17.866572599999998,0.04310868470242211,0.019906191734470943,0.0014000000000000002,0.01750619173447094,0.4060943138329464,保本/跟踪,29,False,2024,0.16022891710300435
ETH,1,2024-02-08 16:00:00,2024-02-17 12:00:00,2452.960494,0.017491304316995544,0.11239053422333024,0.0025839099999999996,0.10880662422333025,6.220612382668773,保本/跟踪,54,False,2024,0.3771002830790555
BTC,1,2024-02-09 04:00:00,2024-02-13 16:00:00,46055.7093,0.01756297534182509,0.04920308936723012,0.0013784200000000002,0.04682466936723012,2.666101184787306,保本/跟踪,28,False,2024,0.3756825000065207
BNB,1,2024-02-09 04:00:00,2024-02-12 04:00:00,320.71412999999995,0.01602570302920916,-0.016222497888603266,-0.00542052,-0.011801977888603267,-0.7364405709435933,止损,19,False,2024,0.3214611520113501
BTC,1,2024-02-14 12:00:00,2024-02-28 20:00:00,51611.42022,0.024540462422064764,0.1669745493953159,0.0073561500000000005,0.15861839939531588,6.463545660521021,保本/跟踪,87,False,2024,0.2776683752382871
BNB,1,2024-02-14 12:00:00,2024-02-17 12:00:00,332.71653,0.017377009162166716,0.048358195738971405,-0.00063475,0.04799294573897141,2.761864558572128,保本/跟踪,19,False,2024,0.38303805592678214
ADA,1,2024-02-18 08:00:00,2024-02-20 12:00:00,0.6251249999999999,0.035668979893844106,-0.03586184609786529,0.0014641199999999997,-0.03832596609786529,-1.0744901091068135,止损,14,False,2024,0.20252596600271155
ETH,1,2024-02-19 00:00:00,2024-02-21 12:00:00,2884.136712,0.023826568401090962,-0.00020000000000002267,0.00114052,-0.0023405200000000226,-0.09823151872314335,保本/跟踪,16,False,2024,0.29722477357066185
BNB,1,2024-02-21 16:00:00,2024-02-29 20:00:00,369.543894,0.028000310675347646,0.0891422106981535,-0.009433869999999999,0.0975760806981535,3.4848213589309402,保本/跟踪,50,False,2024,0.25373953927276577
ETH,1,2024-02-25 20:00:00,2024-02-28 16:00:00,3085.186914,0.02346293625781069,0.03807511270624704,0.00332052,0.03375459270624704,1.438634633591962,保本/跟踪,18,False,2024,0.29986036746074085
DOGE,1,2024-02-28 20:00:00,2024-02-29 20:00:00,0.113242644,0.059125722132618824,0.03618116291977896,0.001943,0.033238162919778956,0.5621607943362764,保本/跟踪,7,True,2024,0.06396806384653296
ETH,1,2024-02-29 12:00:00,2024-02-29 16:00:00,3521.2541100000003,0.03665951762375473,-0.036852185720229864,0.00075727,-0.03860945572022986,-1.0531905006630966,止损,2,True,2024,0.10162890690492797
DOGE,1,2024-03-01 20:00:00,2024-03-03 04:00:00,0.135797154,0.08260362439162118,-0.08278710366674283,0.0028816700000000002,-0.08666877366674283,-1.049212722868538,止损,9,True,2024,0.04679362188440317
DOGE,1,2024-03-04 04:00:00,2024-03-05 04:00:00,0.15678134999999999,0.09360412580749143,0.08654542531564426,0.0017646800000000002,0.08378074531564425,0.8950539796498908,保本/跟踪,7,True,2024,0.041274490470315825
BTC,1,2024-03-04 12:00:00,2024-03-05 04:00:00,65326.96278,0.02505631336914239,-0.0001999999999999444,0.0011258,-0.0023257999999999443,-0.09282291316104936,保本/跟踪,5,False,2024,0.2956264508378776
ETH,1,2024-03-05 16:00:00,2024-03-05 16:00:00,3787.6073699999997,0.02999774892565354,-0.030191749375868417,0.0,-0.031191749375868418,-1.039803001657694,止损,1,True,2024,0.12484385606563951
ETH,1,2024-03-06 12:00:00,2024-03-15 00:00:00,3883.836612,0.05015981197353011,-0.05034978001113533,0.011614930000000002,-0.06296471001113534,-1.2552820182891138,止损,52,True,2024,0.07593069037111533
BNB,1,2024-03-10 08:00:00,2024-03-14 16:00:00,503.990778,0.033996466912727945,0.1480779350401782,0.0043509099999999995,0.1427270250401782,4.198289940145004,保本/跟踪,27,True,2024,0.11050579194927256
XRP,1,2024-03-11 16:00:00,2024-03-12 16:00:00,0.69393876,0.04385527930181763,-0.04404650824595718,0.0019324899999999998,-0.046978998245957186,-1.0712278884975677,止损,7,True,2024,0.08648530552506052
SOL,1,2024-03-16 08:00:00,2024-03-16 16:00:00,193.0075938,0.0705657247238661,-0.0707516115789214,0.00015327,-0.0719048815789214,-1.0189774406809484,止损,3,True,2024,0.054670729292369574
SOL,1,2024-03-18 00:00:00,2024-03-19 00:00:00,202.000392,0.06965249887140863,-0.06983856837163434,0.00068872,-0.07152728837163434,-1.0269163279222318,止损,7,True,2024,0.05523429337247254
DOGE,1,2024-03-25 16:00:00,2024-03-30 16:00:00,0.18311661599999998,0.06365401203502895,0.09938852478045924,0.006894409999999999,0.09149411478045924,1.4373660332691962,保本/跟踪,31,False,2024,0.12033583125058044
LINK,1,2024-03-26 04:00:00,2024-03-27 12:00:00,19.7919576,0.032879562427560044,-0.03307298651507455,0.00153671,-0.03560969651507455,-1.0830343802028848,止损,9,False,2024,0.2280529955570458
SOL,1,2024-04-01 00:00:00,2024-04-01 04:00:00,202.725537,0.03382928901891245,-0.03402252316110867,0.0,-0.03502252316110867,-1.0352722205166396,止损,2,False,2024,0.22233132982999496
BTC,1,2024-04-08 12:00:00,2024-04-09 04:00:00,72487.09452,0.022889253031755697,-0.023084675181149275,0.00056104,-0.024645715181149275,-1.0767374167674553,止损,5,False,2024,0.32046388540905424
ETH,1,2024-04-08 20:00:00,2024-04-09 08:00:00,3706.471146,0.027446861296190648,-0.02764137192393143,0.00035006999999999996,-0.02899144192393143,-1.056275309991644,止损,4,False,2024,0.27000767747519283
ADA,-1,2024-04-12 20:00:00,2024-04-13 08:00:00,0.48200358,0.06554710458972057,-0.06576021401063833,-0.0002,-0.06656021401063833,-1.0154562040117427,止损,4,True,2024,0.05770006750027776
LINK,-1,2024-04-12 20:00:00,2024-04-14 20:00:00,14.472104999999999,0.0665389096189568,0.036659134483213555,-0.00039944000000000004,0.036058574483213555,0.5419171232247025,保本/跟踪,13,True,2024,0.05685897205276782
XRP,-1,2024-04-30 12:00:00,2024-05-01 16:00:00,0.49680062,0.028550534025091966,-0.028756244131897115,-0.00015183,-0.029604414131897117,-1.0369127984043638,止损,8,False,2024,0.25717657921768833
DOGE,-1,2024-04-30 12:00:00,2024-05-02 16:00:00,0.13540291399999999,0.04386047108229517,0.007797527737296745,-4.589999999999998e-06,0.006802117737296744,0.15508537800549307,保本/跟踪,14,False,2024,0.17037507238883956
SOL,-1,2024-04-30 12:00:00,2024-05-01 16:00:00,128.704254,0.04613780526984209,-0.046347032830895855,-0.00019641,-0.047150622830895855,-1.021952009965151,止损,8,False,2024,0.16223026019904466
XRP,-1,2024-05-13 04:00:00,2024-05-13 04:00:00,0.4929014,0.021408743512778963,-0.021613025261481376,-0.0,-0.022613025261481377,-1.056251864944039,止损,1,False,2024,0.33427298173916636
SOL,1,2024-05-20 08:00:00,2024-05-23 12:00:00,177.965586,0.035884270016922994,-0.03607709316291967,0.0008676200000000002,-0.03794471316291967,-1.057419118321899,止损,20,False,2024,0.2038284920787146
BTC,1,2024-05-20 20:00:00,2024-05-23 12:00:00,70010.4993,0.01907362107909049,-0.019269806354874547,0.0008627600000000001,-0.02113256635487455,-1.1079472674457806,止损,17,False,2024,0.37037618976842634
ETH,1,2024-05-23 12:00:00,2024-05-23 12:00:00,3921.794202,0.03450782316948404,-0.03470092160485014,0.0,-0.03570092160485014,-1.0345747232303306,止损,1,False,2024,0.20945929677971334
BNB,1,2024-06-04 12:00:00,2024-06-07 16:00:00,646.269228,0.021583243461326014,0.05967028775799062,0.00120892,0.057461367757990614,2.6623138390183523,保本/跟踪,20,False,2024,0.32511825656361143
BTC,1,2024-06-05 16:00:00,2024-06-06 20:00:00,71639.52504,0.017324035690741958,-0.017520570883603852,0.00032208,-0.018842650883603852,-1.0876594357095124,止损,8,False,2024,0.39868092014246986
ADA,-1,2024-06-11 16:00:00,2024-06-12 12:00:00,0.41901617999999996,0.03308123599203032,-0.033287852239228706,-0.0002,-0.03408785223922871,-1.0304286166164074,止损,6,False,2024,0.218633930357126
ADA,-1,2024-06-14 20:00:00,2024-06-16 20:00:00,0.40421914,0.03337801788710861,-0.03358469349068607,-0.00049763,-0.03408706349068607,-1.0212428912338534,止损,13,False,2024,0.21570514013536182
DOGE,-1,2024-06-14 20:00:00,2024-06-19 00:00:00,0.133443306,0.04174962866600046,0.06596574554387268,-0.0005452600000000001,0.06551100554387268,1.5691398375771115,保本/跟踪,26,False,2024,0.17395219260915212
LINK,-1,2024-06-17 12:00:00,2024-06-17 16:00:00,14.322135,0.03362770431822224,-0.03383442985908586,-8.543e-05,-0.03474899985908586,-1.033344397531651,止损,2,False,2024,0.21312534101647773
ADA,-1,2024-06-18 04:00:00,2024-06-19 04:00:00,0.37862426,0.04599482658685907,-0.046204025552176495,0.00033075,-0.04753477555217649,-1.0334809168681025,止损,7,True,2024,0.0784251152712233
SOL,-1,2024-06-18 04:00:00,2024-06-24 20:00:00,135.49989459999998,0.04957322915488921,0.034244498407658475,-0.000844,0.03408849840765847,0.6876392558804384,保本/跟踪,41,False,2024,0.14586065191081077
BTC,-1,2024-06-24 00:00:00,2024-06-25 00:00:00,63182.261020000005,0.01217550136374433,0.035518059725378,-0.00024935,0.034767409725378,2.855521812753178,保本/跟踪,7,False,2024,0.5475421788619359
ETH,-1,2024-07-04 04:00:00,2024-07-06 12:00:00,3241.261618,0.02505872314898436,0.06999895388274585,-0.00060077,0.06959972388274585,2.777464895914569,保本/跟踪,15,False,2024,0.2864579648814551
XRP,-1,2024-07-04 04:00:00,2024-07-05 08:00:00,0.45920814,0.02471287090420928,0.09327303977371439,-4.819e-05,0.09232122977371439,3.7357549485676933,保本/跟踪,8,False,2024,0.2902374871836857
BNB,-1,2024-07-04 04:00:00,2024-07-05 12:00:00,539.782022,0.02453158901801568,0.08162914441456483,-0.0,0.08062914441456483,3.2867477257731585,保本/跟踪,9,False,2024,0.29225867763365543
SOL,1,2024-07-21 20:00:00,2024-07-23 16:00:00,177.9765882,0.03321816718103004,-0.03341152354759392,0.00057105,-0.03498257354759392,-1.0531157049378534,止损,12,False,2024,0.22925873253178855
LINK,-1,2024-07-25 04:00:00,2024-07-26 04:00:00,12.9594076,0.03730276116361123,-0.037510221715843915,4.3559999999999996e-05,-0.038553781715843914,-1.0335369423927,止损,7,False,2024,0.20409224663154238
ADA,-1,2024-07-25 04:00:00,2024-07-26 00:00:00,0.39402118,0.03734080111070077,-0.037548269270922835,-0.0002408,-0.038307469270922836,-1.0258877188348552,止损,6,True,2024,0.1019461812697624
BTC,1,2024-07-27 16:00:00,2024-07-27 20:00:00,68835.66437999999,0.0196417388495029,-0.019837810501732903,0.0,-0.020837810501732904,-1.0608943872736742,止损,2,False,2024,0.3717988201764851
DOGE,-1,2024-08-01 16:00:00,2024-08-05 16:00:00,0.115816832,0.039842685059051294,0.1682765574448172,-0.0003175900000000001,0.1675941474448172,4.206396913170486,保本/跟踪,25,False,2024,0.18919274794935145
ADA,-1,2024-08-01 16:00:00,2024-08-01 20:00:00,0.37782442000000005,0.03532755023156695,-0.03553461574161319,-0.0,-0.036534615741613194,-1.03416782375608,止损,2,False,2024,0.21238817528574197
LINK,-1,2024-08-01 20:00:00,2024-08-01 20:00:00,12.4115172,0.0355371918988402,-0.035744299337219884,-0.0,-0.036744299337219885,-1.0339674401347136,止损,1,False,2024,0.21013846334040223
LINK,-1,2024-08-02 16:00:00,2024-08-05 16:00:00,12.0895816,0.044817225188959454,0.21116240402397127,9.158e-05,0.21007082402397126,4.687278677746461,保本/跟踪,19,True,2024,0.08360098869778214
ETH,-1,2024-08-02 16:00:00,2024-08-05 12:00:00,3036.8925,0.03446116728839014,0.1907469546614789,-0.00026706,0.1900140146614789,5.5138589204287936,保本/跟踪,18,True,2024,0.1076763106292419
BNB,-1,2024-08-03 20:00:00,2024-08-05 12:00:00,523.4652860000001,0.031339564358982525,0.12969200564350408,-0.0,0.12869200564350408,4.106375065377017,保本/跟踪,11,True,2024,0.11791160738938626
ETH,-1,2024-08-28 00:00:00,2024-08-28 08:00:00,2455.488804,0.03279937331624893,-0.033005933190912114,7.62e-06,-0.034013553190912114,-1.0370183863867202,止损,3,False,2024,0.23816329353026633
SOL,-1,2024-08-30 16:00:00,2024-09-08 08:00:00,133.24234620000001,0.044662108458452685,0.02466513820312573,-0.0002843999999999999,0.02394953820312573,0.5362384139433318,保本/跟踪,53,False,2024,0.17608268095194718
ADA,-1,2024-08-30 16:00:00,2024-09-04 16:00:00,0.33963206,0.04139396471975198,0.03340521790788184,-0.00018574000000000002,0.032590957907881836,0.787335983120515,保本/跟踪,31,True,2024,0.09474931810180667
DOGE,-1,2024-09-02 00:00:00,2024-09-02 20:00:00,0.09500099599999999,0.03726624220629856,-0.03747369545473973,8.884e-05,-0.038562535454739734,-1.0347846515155767,止损,6,False,2024,0.20967592815685007
BTC,-1,2024-09-04 04:00:00,2024-09-04 12:00:00,56621.57342,0.025644099409446793,-0.025849228229328662,-1.05e-05,-0.026838728229328663,-1.0465849395140698,止损,3,False,2024,0.29796234963228685
BNB,-1,2024-09-04 12:00:00,2024-09-09 16:00:00,498.78022400000003,0.031236089185346056,-0.03144233640318304,-0.0,-0.03244233640318304,-1.0386171012215855,止损,32,False,2024,0.24584289652020921
BTC,-1,2024-09-06 16:00:00,2024-09-09 12:00:00,54011.29558,0.03132713025054402,-0.03153339567659404,0.00037619,-0.03290958567659404,-1.0505138968489636,止损,18,True,2024,0.12281571340105225
BNB,1,2024-09-21 08:00:00,2024-09-25 16:00:00,582.9265619999999,0.02204594090553924,0.01269177765450394,6.712e-05,0.01162465765450394,0.5272924255903789,保本/跟踪,27,False,2024,0.3407964331072668
BTC,1,2024-09-23 04:00:00,2024-09-23 12:00:00,64332.96402,0.019694609516945297,-0.0198906705950418,1.364e-05,-0.0209043105950418,-1.0614229531718145,止损,3,False,2024,0.3786044120485776
ADA,1,2024-09-27 04:00:00,2024-09-28 04:00:00,0.40948187999999996,0.028373791627590902,-0.028568116869265348,0.00030000000000000003,-0.02986811686926535,-1.052665687451562,止损,7,False,2024,0.2679475261380114
BTC,1,2024-09-27 16:00:00,2024-09-30 00:00:00,65987.29482000001,0.018258604625122885,-0.01845495290419787,0.00029352,-0.01974847290419787,-1.081598145623078,止损,15,False,2024,0.40512013448549056
DOGE,1,2024-09-28 16:00:00,2024-09-29 12:00:00,0.131016198,0.04494616442703875,-0.045137175194153376,0.0002,-0.046337175194153375,-1.030948375347415,止损,6,True,2024,0.08574005217760466
XRP,1,2024-09-29 16:00:00,2024-09-29 20:00:00,0.6598319399999999,0.03069484193722805,-0.030888702968840637,0.0,-0.03188870296884064,-1.0388945163507952,止损,2,False,2024,0.2467702242254681
ETH,-1,2024-10-02 20:00:00,2024-10-06 12:00:00,2370.135878,0.03341963250822908,-0.033626316434730553,-0.00061597,-0.034010346434730554,-1.0176756559592934,止损,23,False,2024,0.22524234554863
BTC,1,2024-10-14 16:00:00,2024-10-21 12:00:00,65864.07018,0.019313547017973904,0.028156715710916744,0.0019682500000000004,0.025188465710916742,1.3041864183453935,保本/跟踪,42,False,2024,0.37605685729929156
DOGE,1,2024-10-18 04:00:00,2024-10-23 08:00:00,0.13270653599999999,0.045129066125691536,0.03297452755525269,0.00156961,0.030404917555252688,0.673732478101147,保本/跟踪,32,True,2024,0.08392916405115144
SOL,1,2024-10-21 00:00:00,2024-10-21 12:00:00,167.45348399999997,0.02633760613230985,-0.026532338611083468,0.0001,-0.027632338611083468,-1.0491590796927173,止损,4,False,2024,0.2811691868772356
SOL,1,2024-10-23 20:00:00,2024-10-25 16:00:00,173.064606,0.03402610884070569,-0.03421930361893752,0.0005316,-0.03575090361893752,-1.0506903327179287,止损,12,False,2024,0.22091783476686855
ADA,-1,2024-10-25 20:00:00,2024-10-27 08:00:00,0.33603278000000003,0.03326512351265812,0.005201526599759351,-7.200000000000002e-05,0.004273526599759351,0.1284686827671985,保本/跟踪,10,False,2024,0.22461766830327232
XRP,-1,2024-10-26 00:00:00,2024-10-26 04:00:00,0.50159966,0.026437625270045763,-0.02664291279509974,-0.0,-0.02764291279509974,-1.0455898558491026,止损,2,False,2024,0.27951054916829526
ETH,-1,2024-10-26 00:00:00,2024-10-27 20:00:00,2439.61198,0.031030351030783707,-0.03123655710098994,-0.0005,-0.03173655710098994,-1.0227585588543822,止损,12,False,2024,0.24004846963683094
LINK,-1,2024-10-28 04:00:00,2024-10-28 12:00:00,10.7738448,0.03644937289078693,-0.0366566627653651,-0.0001,-0.037556662765365095,-1.0303788456908691,止损,3,False,2024,0.20387521457489433
BTC,1,2024-10-29 04:00:00,2024-10-31 12:00:00,70941.58548,0.017626598469226814,0.00403077747624184,0.0007000000000000001,0.0023307774762418403,0.13223070125021572,保本/跟踪,15,False,2024,0.40251026287179903
DOGE,1,2024-10-29 04:00:00,2024-10-31 16:00:00,0.16723343999999998,0.045349783775089164,-0.04554071381833413,0.0008,-0.047340713818334136,-1.0439016435694364,止损,16,False,2024,0.1643263118278326
LINK,1,2024-10-31 00:00:00,2024-10-31 12:00:00,12.3984792,0.0334017315906896,-0.03359505124437135,0.0001,-0.034695051244371354,-1.03872013791172,止损,4,False,2024,0.22058080865378984
ETH,-1,2024-11-05 00:00:00,2024-11-05 12:00:00,2396.880528,0.02656694453601457,-0.0267722579249218,-0.0001,-0.0276722579249218,-1.0416048366950459,止损,4,False,2024,0.27171397443620204
DOGE,1,2024-11-06 04:00:00,2024-11-06 04:00:00,0.211472286,0.07301918323760072,-0.07320457940095323,0.0,-0.07420457940095324,-1.0162340375609968,止损,1,True,2024,0.050916998983021
BTC,1,2024-11-06 20:00:00,2024-11-14 20:00:00,75833.06357999999,0.029793189228776325,0.14380466190872404,0.004031750000000001,0.13877291190872404,4.657873678548235,保本/跟踪,49,True,2024,0.12094796293275532
SOL,1,2024-11-07 16:00:00,2024-11-13 00:00:00,192.778548,0.038849852655970026,0.060983347701363474,0.00360512,0.05637822770136347,1.4511825360217905,保本/跟踪,33,False,2024,0.18760155201358555
ETH,1,2024-11-08 00:00:00,2024-11-13 04:00:00,2896.339152,0.034575861903135996,0.09364716229729357,0.0029670699999999996,0.08968009229729357,2.5937196460505203,保本/跟踪,32,True,2024,0.1049135707707299
LINK,1,2024-11-08 12:00:00,2024-11-10 20:00:00,13.0036002,0.035739691185669435,0.05520888846147564,0.00109606,0.053112828461475636,1.4861020534719203,保本/跟踪,15,False,2024,0.20326954227516367
DOGE,1,2024-11-11 16:00:00,2024-11-12 12:00:00,0.31011201,0.08659300436612896,0.14454051996973866,0.0006381399999999999,0.14290237996973865,1.650276266723865,保本/跟踪,6,True,2024,0.04327061006879583
XRP,1,2024-11-14 20:00:00,2024-11-17 00:00:00,0.79105818,0.07444544115056288,0.33842886724258137,0.00092474,0.3365041272425814,4.520144175947799,保本/跟踪,14,True,2024,0.05160574054313291
ADA,1,2024-11-16 00:00:00,2024-11-24 12:00:00,0.70784154,0.0834107429542519,0.4025793288093259,0.004342660000000001,0.3972366688093259,4.762416143771761,保本/跟踪,52,True,2024,0.04615694781473424
BTC,1,2024-11-21 08:00:00,2024-11-25 16:00:00,96969.39,0.024840705506405936,-0.025035737365304647,0.0017564400000000002,-0.02779217736530465,-1.1188159433771954,止损,27,False,2024,0.300875357510182
XRP,1,2024-11-22 04:00:00,2024-11-24 08:00:00,1.38557706,0.077995439253106,7.706613235858712e-06,0.00159536,-0.002587653386764141,-0.033176983315227546,保本/跟踪,14,True,2024,0.049847319926599784
LINK,1,2024-11-23 00:00:00,2024-11-26 08:00:00,16.5853164,0.05540522550238982,0.007222284947618072,0.00295502,0.0032672649476180723,0.058970339313520956,保本/跟踪,21,True,2024,0.06963568913348277
XRP,1,2024-11-30 00:00:00,2024-12-03 12:00:00,1.80226038,0.06364938345454707,0.33630850710433036,0.00160556,0.33370294710433035,5.242830786297127,保本/跟踪,22,True,2024,0.06121031137334073
ETH,1,2024-11-30 08:00:00,2024-12-02 08:00:00,3706.381128,0.030387229944374844,-0.03058115249838593,0.0011853,-0.03276645249838593,-1.078296789749061,止损,13,False,2024,0.2501198162393206
LINK,1,2024-12-02 08:00:00,2024-12-03 12:00:00,19.813961999999997,0.04892674181111333,0.1800724175231457,0.0013733299999999999,0.1776990875231457,3.6319419798925323,保本/跟踪,8,True,2024,0.07867502552912076
ADA,1,2024-12-02 16:00:00,2024-12-05 00:00:00,1.20744144,0.07138935056379674,-0.071575072693684,0.00208811,-0.07466318269368401,-1.0458588305403007,止损,15,True,2024,0.054429421700873885
BNB,1,2024-12-04 12:00:00,2024-12-04 16:00:00,782.8365359999999,0.04195786444943321,-0.042149472876543345,0.00030723,-0.043456702876543345,-1.0357224669743739,止损,2,True,2024,0.09327061061458101
ETH,1,2024-12-05 12:00:00,2024-12-05 20:00:00,3935.13687,0.03168696754808749,-0.03188063015457781,0.00031177,-0.03319240015457781,-1.0475095196220878,止损,3,False,2024,0.24305015393094315
LINK,1,2024-12-13 04:00:00,2024-12-13 12:00:00,30.168032399999998,0.08310919341617705,-0.08329257157749383,0.0001,-0.08439257157749383,-1.0154420721530788,止损,3,True,2024,0.04742841857475288
XRP,1,2025-01-02 04:00:00,2025-01-07 12:00:00,2.42478486,0.04194468537584906,-0.04213629643877379,0.0016,-0.04473629643877379,-1.0665545834450836,止损,33,False,2025,0.18427449481848146
ADA,1,2025-01-03 04:00:00,2025-01-07 12:00:00,1.02660528,0.04337735946284038,0.036937530361353076,0.0013000000000000002,0.03463753036135307,0.7985163410194582,保本/跟踪,27,False,2025,0.1783916778083038
DOGE,1,2025-01-03 12:00:00,2025-01-07 12:00:00,0.34867972199999997,0.034222038926048026,0.061329944056401076,0.00105024,0.059279704056401074,1.7322084223123382,保本/跟踪,25,False,2025,0.22411227608692777
SOL,-1,2025-01-10 00:00:00,2025-01-10 04:00:00,184.83302600000002,0.04220651657028631,-0.042414957873600216,-0.0,-0.04341495787360022,-1.0286316285140826,止损,2,False,2025,0.1844541975308651
SOL,-1,2025-01-13 12:00:00,2025-01-13 20:00:00,175.294934,0.0380985044004898,-0.03830612410137002,-8.17e-06,-0.03929795410137002,-1.0314828552919468,止损,3,False,2025,0.2025786126575361
XRP,1,2025-01-15 16:00:00,2025-01-19 08:00:00,2.9710940999999997,0.05559223046209866,0.028995771379665223,0.00082441,0.02717136137966522,0.48876184952121954,保本/跟踪,23,False,2025,0.13980896165815127
LINK,1,2025-01-16 20:00:00,2025-01-19 08:00:00,23.707740599999997,0.04540189968149649,-0.045592819301560145,0.0008,-0.04739281930156015,-1.043851020200264,止损,16,False,2025,0.17018512072769856
DOGE,1,2025-01-17 08:00:00,2025-01-18 04:00:00,0.39541906800000004,0.04576975548951488,-0.00020000000000000123,0.0002,-0.0014000000000000013,-0.03058788462002422,保本/跟踪,6,False,2025,0.1688607308625578
SOL,1,2025-01-19 08:00:00,2025-01-19 20:00:00,271.374264,0.06390776912374323,-0.06409498756991848,5.667e-05,-0.06515165756991848,-1.0194638064077426,止损,4,True,2025,0.06084513947581547
BTC,1,2025-01-19 20:00:00,2025-01-19 20:00:00,106269.14958,0.02201158645482609,-0.022207184137535196,0.0,-0.023207184137535197,-1.0543167429191351,止损,1,False,2025,0.337691753683548
DOGE,-1,2025-02-02 12:00:00,2025-02-03 04:00:00,0.29119175,0.05053619930936588,0.1365803442740037,-5.501e-05,0.1356353542740037,2.6839247139201934,保本/跟踪,5,False,2025,0.15182670127953174
BNB,-1,2025-02-02 20:00:00,2025-02-03 04:00:00,624.0851580000001,0.026120532591143466,0.10414185240750064,-0.0,0.10314185240750064,3.948688720170749,保本/跟踪,3,False,2025,0.2860366454627512
ETH,-1,2025-02-03 00:00:00,2025-02-03 04:00:00,2867.486388,0.048192522708073726,0.11913615960990563,-0.0,0.11813615960990563,2.451337945629358,保本/跟踪,2,True,2025,0.07949369500395327
SOL,-1,2025-02-17 16:00:00,2025-02-20 12:00:00,180.21395,0.03653404549785104,0.020351644719910158,-5.062e-05,0.019402264719910158,0.5310735358078923,保本/跟踪,18,False,2025,0.21554154625392383
DOGE,-1,2025-02-24 04:00:00,2025-03-01 00:00:00,0.23004398199999998,0.03621586544969808,0.10157276854264052,-0.00026551000000000005,0.10083827854264052,2.7843674944811014,保本/跟踪,30,False,2025,0.21791431403193434
SOL,-1,2025-02-24 16:00:00,2025-02-28 12:00:00,152.58947600000002,0.04587449619168157,0.06425470331309951,-0.00036038,0.06361508331309951,1.3867200425981974,保本/跟踪,24,False,2025,0.1734863187639518
BTC,-1,2025-02-25 00:00:00,2025-02-28 16:00:00,91496.1971,0.018866399086523978,0.07224810696311548,-0.00062869,0.07187679696311548,3.809778253575487,保本/跟踪,23,False,2025,0.4035483598585631
BTC,-1,2025-03-10 00:00:00,2025-03-10 08:00:00,80674.56186,0.036054011883651815,-0.036261222686028494,-1.344e-05,-0.03724778268602849,-1.0331106232013523,止损,3,True,2025,0.1135552180981422
SOL,-1,2025-03-10 16:00:00,2025-03-12 12:00:00,121.84562600000001,0.06651787159789703,-0.0667311751722164,-5.753e-05,-0.0676736451722164,-1.0173753841870656,止损,12,True,2025,0.06254061924841775
LINK,-1,2025-03-10 20:00:00,2025-03-14 08:00:00,12.804438600000001,0.078317101687865,-0.07853276510820252,0.00024249999999999999,-0.07977526510820253,-1.018618710203923,止损,22,True,2025,0.05329534297458191
DOGE,-1,2025-03-10 20:00:00,2025-03-12 12:00:00,0.157398514,0.08113132350338331,-0.0813475497680839,-0.00015169,-0.0821958597680839,-1.0131211499915467,止损,11,True,2025,0.051480233273979596
BNB,-1,2025-03-10 20:00:00,2025-03-11 04:00:00,537.422494,0.036866768535093776,-0.037074141888800864,6.362e-05,-0.038137761888800865,-1.0344753121635062,止损,3,True,2025,0.11087407076780147
ETH,-1,2025-03-10 20:00:00,2025-03-19 08:00:00,1868.296266,0.06508638422303507,-0.06529940149987956,-0.0006668199999999999,-0.06563258149987956,-1.008391882317088,止损,52,True,2025,0.06388512996055201
XRP,-1,2025-03-28 08:00:00,2025-04-01 08:00:00,2.2195560000000003,0.031962230008956816,0.01502538227350364,0.0010589100000000001,0.01296647227350364,0.4056810888936732,保本/跟踪,25,False,2025,0.2510913087220842
BTC,-1,2025-03-29 12:00:00,2025-03-31 12:00:00,82238.64898000001,0.018931090378772487,-0.01913487659684816,-0.00016549000000000002,-0.01996938659684816,-1.0548460863743971,止损,13,False,2025,0.4112396827551583
LINK,-1,2025-03-29 12:00:00,2025-04-01 12:00:00,13.6462702,0.04268444396373692,-0.04289298085252971,-8.776e-05,-0.04380522085252971,-1.0262572680985365,止损,19,False,2025,0.1901591232562329
SOL,-1,2025-04-03 00:00:00,2025-04-04 16:00:00,117.336528,0.05571089764515011,-0.055922039824679075,0.0005162799999999999,-0.05743831982467908,-1.0310068990546835,止损,11,False,2025,0.14570026827532187
XRP,-1,2025-04-03 00:00:00,2025-04-04 12:00:00,2.02039584,0.05316500477392865,-0.053375637774883515,0.0007652000000000001,-0.05514083777488352,-1.0371641648365615,止损,10,False,2025,0.1524859125073353
LINK,-1,2025-04-03 16:00:00,2025-04-07 12:00:00,12.5484898,0.057206631676204274,0.08073035740981847,-0.00031128000000000004,0.08004163740981847,1.3991671081573689,保本/跟踪,24,False,2025,0.14198810078468632
BNB,-1,2025-04-06 20:00:00,2025-04-07 08:00:00,558.4482879999999,0.02345306035587411,0.020494703459259137,-0.0,0.019494703459259136,0.8312221587907374,保本/跟踪,4,False,2025,0.33069123063963274
ADA,-1,2025-04-06 20:00:00,2025-04-07 12:00:00,0.58848228,0.04718334685284748,0.01389184511211366,2.934e-05,0.012862505112113662,0.2726068829375002,保本/跟踪,5,False,2025,0.1694985815632435
DOGE,-1,2025-04-07 08:00:00,2025-04-07 08:00:00,0.132133568,0.06725403176294595,-0.0674674825692984,-0.0,-0.0684674825692984,-1.0180427964620704,止损,1,True,2025,0.06024368071432193
BTC,1,2025-04-25 16:00:00,2025-04-28 00:00:00,95018.79996,0.019679753968922954,-0.019875818018129182,-0.00012211999999999998,-0.020753698018129183,-1.0545710099273669,止损,15,False,2025,0.393351778466525
DOGE,-1,2025-05-06 12:00:00,2025-05-06 20:00:00,0.165236946,0.030929214993622677,-0.031135400836621335,-1.691e-05,-0.032118490836621334,-1.038451536621407,止损,3,False,2025,0.25564221559675926
LINK,-1,2025-05-06 12:00:00,2025-05-06 20:00:00,13.2783438,0.03108337596599009,-0.03128959264118321,-3.2e-05,-0.03225759264118321,-1.0377763559684732,止损,3,False,2025,0.2544327015005007
BTC,1,2025-05-08 04:00:00,2025-05-12 16:00:00,99117.8196,0.01667681352392664,0.0295957689215127,0.0009953300000000002,0.0276004389215127,1.655018740955139,保本/跟踪,28,False,2025,0.4515744862120745
SOL,1,2025-05-09 08:00:00,2025-05-13 00:00:00,165.073008,0.031574619666257485,0.01360335237242591,0.0009379,0.011665452372425911,0.36945662357074427,保本/跟踪,23,False,2025,0.2481717193081981
BNB,1,2025-05-10 00:00:00,2025-05-10 08:00:00,666.853344,0.02130099440688589,-0.021496734208004544,0.0,-0.022496734208004545,-1.0561353981076167,止损,3,False,2025,0.35999242320593666
XRP,1,2025-05-11 00:00:00,2025-05-11 00:00:00,2.4714942,0.03119816418788758,-0.03139192455504998,0.0,-0.03239192455504998,-1.0382638016766983,止损,1,False,2025,0.2497905360006918
LINK,1,2025-05-12 08:00:00,2025-05-12 12:00:00,17.5055004,0.04524373232446069,-0.04543468357799574,0.0,-0.04643468357799574,-1.026323010776261,止损,2,False,2025,0.17386792995763062
XRP,1,2025-05-12 16:00:00,2025-05-12 16:00:00,2.5934185800000003,0.03981779115467757,-0.04000982759644676,0.0,-0.04100982759644676,-1.0299372819837886,止损,1,False,2025,0.1972319068511321
ETH,1,2025-05-13 20:00:00,2025-05-14 12:00:00,2690.558004,0.04853158288539645,-0.048721876568819246,0.0001548,-0.04987667656881924,-1.0277158420033226,止损,5,False,2025,0.1623618365083029
SOL,1,2025-05-13 20:00:00,2025-05-14 16:00:00,182.046402,0.043786277919172896,-0.04397752066358902,0.00022295,-0.045200470663589024,-1.0322976240873145,止损,6,False,2025,0.17937485821176768
BTC,1,2025-05-21 16:00:00,2025-05-21 16:00:00,108958.38732000001,0.020024951229469967,-0.020220946239224054,0.0,-0.021220946239224055,-1.0597252395798091,止损,1,False,2025,0.37362176159379956
BNB,1,2025-05-22 04:00:00,2025-05-23 08:00:00,685.58709,0.02083244114161163,-0.02102827465338331,0.0,-0.02202827465338331,-1.0574024668373152,止损,8,False,2025,0.3583373223396192
DOGE,1,2025-05-23 04:00:00,2025-05-23 08:00:00,0.25100019,0.04535633124193398,-0.04554725997568565,0.0001,-0.046647259975685654,-1.028461930195936,止损,2,False,2025,0.17078902568518628
ADA,1,2025-05-23 04:00:00,2025-05-23 04:00:00,0.8380675799999999,0.03544960484269225,-0.03564251492172369,0.0,-0.03664251492172369,-1.0336508709850218,止损,1,False,2025,0.2165800471767419
ADA,-1,2025-06-06 00:00:00,2025-06-06 08:00:00,0.62497498,0.03990377014789233,-0.04011175090192197,0.00022509,-0.04133684090192197,-1.0359131668190338,止损,3,False,2025,0.19040693585619128
ETH,1,2025-06-11 00:00:00,2025-06-12 08:00:00,2816.3031479999995,0.03153311348356426,-0.031726806860867464,0.00036036,-0.03308716686086746,-1.0492832202602895,止损,9,False,2025,0.11873253946508233
SOL,1,2025-06-11 04:00:00,2025-06-11 20:00:00,166.67332799999997,0.03290711010901071,-0.03310052868698892,0.0002,-0.03430052868698892,-1.042343997189734,止损,5,False,2025,0.1139911325861307
DOGE,-1,2025-06-17 16:00:00,2025-06-23 12:00:00,0.16776644000000002,0.03884042979971151,0.0704633102424114,-0.0007037899999999999,0.07016710024241139,1.8065479863184357,保本/跟踪,36,False,2025,0.09673940686977198
ADA,-1,2025-06-17 16:00:00,2025-06-23 12:00:00,0.61127772,0.034994804872432034,0.09287235564515528,-0.00114043,0.09301278564515528,2.6579026796754124,保本/跟踪,36,False,2025,0.10693328174618351
LINK,-1,2025-06-20 20:00:00,2025-06-23 12:00:00,12.562486999999999,0.037307827606432,0.049267782733183045,-4.164000000000001e-05,0.04830942273318305,1.2948870473727165,保本/跟踪,17,False,2025,0.10055984816447094
SOL,-1,2025-06-20 20:00:00,2025-06-23 12:00:00,139.762042,0.038008542603534784,0.02239397450319422,3.1950000000000004e-05,0.02136202450319422,0.5620321917107013,保本/跟踪,17,False,2025,0.09877634036914873
XRP,-1,2025-06-21 20:00:00,2025-06-23 16:00:00,2.06928606,0.023583300178814236,0.010293266293386802,-6.023999999999999e-05,0.009353506293386802,0.39661566542707233,保本/跟踪,12,False,2025,0.15558196983154107
ETH,1,2025-07-09 16:00:00,2025-07-22 08:00:00,2655.941082,0.022153802111249798,0.36161250706658665,0.0033071199999999993,0.35730538706658665,16.12840023000591,保本/跟踪,77,False,2025,0.3352867050808629
XRP,1,2025-07-10 12:00:00,2025-07-11 16:00:00,2.45239038,0.02283069770085832,0.12896853281688883,0.00039462,0.12757391281688882,5.58782366130198,保本/跟踪,8,False,2025,0.3259588142528246
BTC,1,2025-07-10 20:00:00,2025-07-14 16:00:00,113268.74922,0.01346957924052068,0.054163516522864774,0.00118051,0.05198300652286477,3.859289558688198,保本/跟踪,24,False,2025,0.5283752865436679
LINK,1,2025-07-14 04:00:00,2025-07-14 20:00:00,16.1552304,0.035121242756090576,-0.03531421850753926,0.0002,-0.03651421850753926,-1.0396619151868458,止损,5,False,2025,0.22224053491246035
LINK,1,2025-07-16 20:00:00,2025-07-18 20:00:00,16.8723738,0.039188367286255146,0.04179001784504223,0.0006000000000000001,0.040190017845042225,1.0255598951461904,保本/跟踪,13,False,2025,0.20240385916453604
XRP,1,2025-07-16 20:00:00,2025-07-23 12:00:00,3.06051198,0.041775557484427094,0.11398566534789585,0.0026570599999999993,0.11032860534789585,2.640984632916596,保本/跟踪,41,True,2025,0.09515166343964117
LINK,1,2025-07-20 12:00:00,2025-07-23 12:00:00,19.400879399999997,0.04373020027952484,-0.043921454239468846,0.0009000000000000001,-0.045821454239468845,-1.0478217329574675,止损,19,False,2025,0.18297853169461334
BNB,1,2025-07-23 00:00:00,2025-07-23 16:00:00,787.75752,0.027340138738983395,-0.02753467071123557,0.00027194000000000003,-0.028806610711235574,-1.0536380589086471,止损,5,True,2025,0.15386809414148436
BNB,1,2025-07-28 00:00:00,2025-07-28 20:00:00,844.878942,0.02454005954916203,-0.02473515153725206,0.00021810999999999998,-0.02595326153725206,-1.0575875533333123,止损,6,True,2025,0.1701908610547472
LINK,1,2025-08-08 00:00:00,2025-08-14 12:00:00,18.464692199999998,0.033488593799972904,0.20420334208767302,0.0018210200000000002,0.201382322087673,6.01346008406707,保本/跟踪,40,False,2025,0.25269593068194085
ETH,1,2025-08-08 20:00:00,2025-08-14 12:00:00,4060.812,0.029066580880801617,0.10971848639970647,0.0016180200000000002,0.10710046639970647,3.684659948100259,保本/跟踪,35,False,2025,0.2892530017673559
DOGE,1,2025-08-09 00:00:00,2025-08-11 20:00:00,0.230376066,0.03887880631912018,-0.039071030557856254,0.00069771,-0.04076874055785625,-1.0486109121566993,止损,18,False,2025,0.21896326512628786
SOL,1,2025-08-12 20:00:00,2025-08-14 12:00:00,190.658124,0.03588037379660438,0.018269867260296564,0.00065876,0.016611107260296562,0.4629580325573027,保本/跟踪,11,False,2025,0.23533314671126873
LINK,1,2025-08-17 16:00:00,2025-08-18 00:00:00,26.295257999999997,0.050186607813319725,-0.05037657049175694,0.0001,-0.05147657049175695,-1.025703324744233,止损,3,True,2025,0.089246762607515
LINK,1,2025-08-22 20:00:00,2025-08-23 08:00:00,27.1794348,0.057793388888162794,-0.057981830210385187,0.0002,-0.059181830210385186,-1.0240242240320807,止损,4,True,2025,0.07760354418290583
SOL,1,2025-08-24 04:00:00,2025-08-24 16:00:00,209.24184,0.03630429272650164,-0.036497031867956296,0.0002,-0.037697031867956296,-1.0383629327789652,止损,4,False,2025,0.24282402837708686
BNB,1,2025-09-07 16:00:00,2025-09-15 08:00:00,875.295024,0.01118132500262671,0.04705756696772947,0.0011271200000000001,0.044930446967729465,4.0183472850645545,保本/跟踪,47,False,2025,0.720273466867508
DOGE,1,2025-09-08 16:00:00,2025-09-13 16:00:00,0.238337658,0.02683414274919732,0.184897814395314,0.0012396000000000002,0.182658214395314,6.8069330964849915,保本/跟踪,31,False,2025,0.32236803509343187
ADA,1,2025-09-09 08:00:00,2025-09-09 12:00:00,0.8886776999999999,0.024553276212491704,-0.02474836555724916,0.0,-0.025748365557249162,-1.0486733148934906,止损,2,False,2025,0.32746178665639264
SOL,1,2025-09-11 16:00:00,2025-09-15 04:00:00,226.73533799999998,0.026863504300648346,0.044921298799312656,0.00022723,0.04369406879931265,1.626521555427082,保本/跟踪,22,False,2025,0.32054797597641804
BNB,1,2025-09-16 20:00:00,2025-09-22 00:00:00,955.6110839999999,0.018163548273994485,0.0802743969170745,0.00073146,0.0785429369170745,4.324206687606723,保本/跟踪,32,False,2025,0.4891345590377831
ETH,1,2025-10-02 00:00:00,2025-10-07 12:00:00,4346.71917,0.023859118221638217,0.042615988294679254,0.0010606200000000002,0.040555368294679255,1.6997848754485378,保本/跟踪,34,False,2025,0.3868514375164671
BTC,1,2025-10-02 00:00:00,2025-10-05 16:00:00,118575.7104,0.013635932144459972,0.03171592502942696,0.00105995,0.02965597502942696,2.174840320063901,保本/跟踪,23,False,2025,0.6481405469158038
BNB,1,2025-10-02 12:00:00,2025-10-03 16:00:00,1048.179594,0.020534115705311707,0.051748109158183245,0.00033986,0.050408249158183246,2.4548536631233544,保本/跟踪,8,False,2025,0.4365397162963461
BNB,1,2025-10-03 20:00:00,2025-10-09 00:00:00,1171.5742679999998,0.034293337007476686,0.07389079513753043,0.00038532,0.07250547513753043,2.114272959838311,保本/跟踪,32,True,2025,0.1385765924821586
DOGE,1,2025-10-06 16:00:00,2025-10-07 08:00:00,0.26685336,0.03358137936681405,-0.033774663090940744,0.0002,-0.034974663090940744,-1.0414897705334751,止损,5,False,2025,0.28551738079526484
XRP,-1,2025-10-10 16:00:00,2025-10-11 00:00:00,2.7394520000000004,0.026360707457214284,0.13589530314822107,-0.00043589,0.13533119314822106,5.133822503355622,保本/跟踪,3,False,2025,0.3623417142951075
DOGE,-1,2025-10-30 16:00:00,2025-11-01 20:00:00,0.180523888,0.04152001978346044,-0.04172832378741722,-0.00014522000000000002,-0.04258310378741722,-1.0256041304773236,止损,14,False,2025,0.24035965664784736
ADA,-1,2025-10-30 16:00:00,2025-11-05 20:00:00,0.6026794400000001,0.04184199202242772,0.09023404329303775,-0.00065826,0.08989230329303774,2.148375326988605,保本/跟踪,38,False,2025,0.23857411027129252
ETH,-1,2025-10-30 20:00:00,2025-10-31 00:00:00,3684.5129500000003,0.03476184342702974,-0.03496879579571504,-3.219e-05,-0.03593660579571504,-1.0337945935218107,止损,2,False,2025,0.2851558610070128
DOGE,-1,2025-11-03 04:00:00,2025-11-07 04:00:00,0.17496499999999998,0.034722930405035046,0.04787026052633547,-0.00010816000000000001,0.046978420526335475,1.352950916824788,保本/跟踪,25,False,2025,0.28263486967497314
SOL,-1,2025-11-03 08:00:00,2025-11-05 16:00:00,176.33472600000002,0.036404826734271256,0.07514841214439134,0.00035220999999999994,0.07379620214439134,2.0270993921506593,保本/跟踪,15,False,2025,0.27009391933234306
ADA,-1,2025-11-16 16:00:00,2025-11-24 16:00:00,0.48350328,0.04496649766772577,0.11833948767315518,-0.00158428,0.11892376767315517,2.64471937645505,保本/跟踪,49,False,2025,0.22620902907268992
XRP,-1,2025-11-17 20:00:00,2025-11-18 12:00:00,2.12527486,0.04518786910954588,-0.045396906683367814,5.7260000000000004e-05,-0.04645416668336782,-1.0280229539204901,止损,5,True,2025,0.11256822727507532
DOGE,-1,2025-11-17 20:00:00,2025-11-18 12:00:00,0.15214956400000001,0.046170894402039496,-0.04638012858091988,3.610000000000001e-06,-0.04738373858091988,-1.026268587485427,止损,5,False,2025,0.22049389787356202
LINK,-1,2025-11-19 16:00:00,2025-11-20 00:00:00,13.006398200000001,0.04663351544893592,-0.04684284215202572,-4.059e-05,-0.04780225215202572,-1.0250621616628834,止损,3,False,2025,0.2167461857393217
XRP,-1,2025-11-19 16:00:00,2025-11-23 00:00:00,2.08438304,0.041748133941489976,0.03307427997777038,-0.00035955000000000004,0.032433829977770376,0.7768929270761276,保本/跟踪,21,True,2025,0.12061509860628852
ETH,-1,2025-11-20 20:00:00,2025-11-24 20:00:00,2845.820722,0.048737881738763825,-0.04894762931511163,-0.00040470999999999997,-0.04954291931511163,-1.0165176972742234,止损,25,True,2025,0.10331796187828786
BNB,-1,2025-11-21 00:00:00,2025-11-23 12:00:00,866.736618,0.03451640027636226,0.01702152328522496,-0.00025034,0.01627186328522496,0.4714241101314484,保本/跟踪,16,False,2025,0.2882284465134662
ADA,-1,2025-12-15 16:00:00,2025-12-17 12:00:00,0.38502298,0.03730916074568221,-0.037516622577831386,-9.166e-05,-0.03842496257783139,-1.0299069132043746,止损,12,False,2025,0.2714017978879363
XRP,-1,2025-12-15 20:00:00,2025-12-16 12:00:00,1.8941211000000002,0.02737523966788421,-0.02758071471581772,0.0003947,-0.028975414715817722,-1.0584533712707833,止损,5,False,2025,0.3647718987633205
LINK,-1,2025-12-17 20:00:00,2025-12-18 12:00:00,12.274544599999999,0.04139978319123689,-0.04160806314787501,0.00011492,-0.04272298314787501,-1.0319615189897469,止损,5,False,2025,0.24307549177023471
ETH,-1,2025-12-17 20:00:00,2025-12-18 12:00:00,2818.456196,0.03760195708885157,-0.03780947748026936,5.0190000000000006e-05,-0.03885966748026936,-1.0334480034761457,止损,5,False,2025,0.2666845005315468
XRP,-1,2025-12-18 08:00:00,2025-12-18 12:00:00,1.83993194,0.030667574586346308,-0.030873708101263553,-0.0,-0.031873708101263554,-1.0393292763182596,止损,2,False,2025,0.32417383126151283
SOL,-1,2026-01-20 12:00:00,2026-01-26 04:00:00,128.704254,0.026326452948606933,0.04213455000179096,0.00050516,0.040629390001790965,1.5432914597764251,保本/跟踪,35,False,2026,0.3691624620250186
LINK,-1,2026-01-20 20:00:00,2026-01-21 20:00:00,12.268545800000002,0.02898626489606425,-0.02919206214904347,3.536000000000001e-05,-0.030227422149043472,-1.0428188059906867,止损,7,False,2026,0.33695442570458156
BTC,-1,2026-01-21 00:00:00,2026-01-21 04:00:00,88373.02186,0.017550912537447144,-0.01775442271995452,-0.0,-0.01875442271995452,-1.0685725132490707,止损,2,False,2026,0.5392120645002764
BTC,-1,2026-01-25 20:00:00,2026-01-26 00:00:00,86442.10811999999,0.01515368139888049,-0.0153567121351602,-4.067e-05,-0.016316042135160202,-1.0767048419247869,止损,2,False,2026,0.6107353841472136
ETH,-1,2026-01-25 20:00:00,2026-01-26 00:00:00,2810.3478179999997,0.02405043096164293,-0.024255241047835184,0.00013629,-0.025391531047835186,-1.0557619981251531,止损,2,False,2026,0.3980751840107738
BNB,-1,2026-01-30 04:00:00,2026-02-06 12:00:00,845.610844,0.023812582606276545,0.22678733775547671,-1.73e-05,0.2258046377554767,9.48257656420513,保本/跟踪,45,False,2026,0.4008134720728271
DOGE,-1,2026-01-30 04:00:00,2026-01-30 16:00:00,0.114147166,0.036851756849468675,-0.037059127200838524,0.00015183,-0.03821095720083852,-1.036882918687483,止损,4,False,2026,0.26454131322780616
SOL,-1,2026-01-30 04:00:00,2026-01-30 16:00:00,114.317132,0.035492019698332725,-0.03569911810227232,0.00013588,-0.036834998102272316,-1.0378388836519967,止损,4,False,2026,0.2742652119102658
ADA,-1,2026-01-31 08:00:00,2026-02-02 12:00:00,0.31213756,0.0428074377117577,0.04062392275970557,0.00027108,0.03935284275970557,0.9192991887224478,保本/跟踪,14,False,2026,0.22670165469977713
XRP,-1,2026-01-31 12:00:00,2026-02-01 00:00:00,1.70075978,0.03715348075363115,0.024129484579075544,0.00015432,0.022975164579075544,0.6183852525534931,保本/跟踪,4,False,2026,0.2598619645352166
XRP,-1,2026-02-05 04:00:00,2026-02-06 08:00:00,1.4422115,0.05399682404770579,0.07147701614430378,0.00044123,0.07003578614430378,1.2970352864166175,保本/跟踪,8,True,2026,0.09116763209668854
LINK,-1,2026-02-05 12:00:00,2026-02-06 12:00:00,8.9352126,0.059397993786929726,0.05702305680471044,5.204e-05,0.055971016804710436,0.9423048361782653,保本/跟踪,7,True,2026,0.08308178517371455
DOGE,-1,2026-02-05 16:00:00,2026-02-06 08:00:00,0.09413117,0.06720735389942688,-0.00019999999999999467,0.00016722999999999998,-0.0013672299999999947,-0.020343458277586702,保本/跟踪,5,True,2026,0.07363860999103479
DOGE,-1,2026-02-23 04:00:00,2026-02-23 08:00:00,0.092691458,0.030881265987951614,-0.031087442241149184,3.756e-05,-0.032125002241149184,-1.0402747819238634,止损,2,False,2026,0.32815975206902503
SOL,-1,2026-02-24 04:00:00,2026-02-25 00:00:00,76.82463200000001,0.03730292154653104,-0.03751038213084032,0.00030517,-0.03881555213084032,-1.0405499226762294,止损,6,False,2026,0.2724928209788178
ETH,-1,2026-02-24 04:00:00,2026-02-25 00:00:00,1830.573812,0.0313931880506334,-0.03159946668824351,9.875e-05,-0.03269821668824351,-1.0415704399153491,止损,6,False,2026,0.32145006857218833
BTC,-1,2026-02-24 04:00:00,2026-02-25 00:00:00,63557.7859,0.025349448552401635,-0.025554518442112168,-1.0000000000000003e-05,-0.02654451844211217,-1.0471438219746723,止损,6,False,2026,0.3938076245326912
DOGE,-1,2026-02-28 08:00:00,2026-02-28 16:00:00,0.08924214800000001,0.04245631236882805,-0.04266480363130169,0.00010575,-0.043770553631301695,-1.0309551439855755,止损,3,True,2026,0.11847913084477879
LINK,-1,2026-03-22 00:00:00,2026-03-23 08:00:00,8.817236200000002,0.02672187426589678,-0.026927218640749914,-0.00024525,-0.027681968640749916,-1.0359291554664052,止损,9,False,2026,0.36814996004718353
DOGE,-1,2026-03-22 00:00:00,2026-03-23 08:00:00,0.091271742,0.02933700836355444,-0.0295428757652271,0.00024093,-0.0307838057652271,-1.0493164600747098,止损,9,False,2026,0.3369289835432318
ADA,-1,2026-03-22 00:00:00,2026-03-23 12:00:00,0.25704858,0.03011498348900474,-0.030321006485702504,0.0008914999999999999,-0.03221250648570251,-1.0696504780573295,止损,10,False,2026,0.3286379031973873
SOL,-1,2026-03-27 12:00:00,2026-04-01 16:00:00,83.293338,0.033728910442587794,-0.03393565622467633,0.0022395899999999996,-0.03717524622467633,-1.102177501047796,止损,32,False,2026,0.29050388279842176
XRP,-1,2026-03-27 12:00:00,2026-04-07 20:00:00,1.3342331,0.02740312371587528,-0.027608604340618428,0.00121546,-0.02982406434061843,-1.0883454255012774,止损,69,False,2026,0.35408405579042784
LINK,-1,2026-03-29 00:00:00,2026-03-30 04:00:00,8.4273142,0.02886199464937937,-0.029067767048309212,-2.8480000000000002e-05,-0.030039287048309212,-1.0407904032008806,止损,8,False,2026,0.337070584080971
BNB,-1,2026-04-02 04:00:00,2026-04-06 00:00:00,592.1815399999999,0.022011157055201402,-0.022215559286612407,-0.0,-0.023215559286612408,-1.0547178064465446,止损,24,False,2026,0.43083846020558264
BTC,1,2026-04-17 16:00:00,2026-04-18 08:00:00,77751.74724,0.021048765871761348,-0.021244556118587048,-0.0001518,-0.022092756118587048,-1.0495986440813758,止损,5,False,2026,0.444667298110657
BTC,1,2026-05-04 04:00:00,2026-05-04 08:00:00,80294.75574,0.013664741198768971,-0.013862008250529021,-1.58e-06,-0.014860428250529021,-1.087501624389913,止损,2,False,2026,0.657945891346996
DOGE,1,2026-05-04 04:00:00,2026-05-04 08:00:00,0.112942584,0.026758644067111537,-0.026953292338298063,8.05e-05,-0.028033792338298065,-1.0476536953063995,止损,2,False,2026,0.3530806057564114
BTC,1,2026-05-05 04:00:00,2026-05-08 00:00:00,80852.96736,0.01758932886576309,-0.01778581099999001,-0.00052769,-0.01825812099999001,-1.0380226067367866,止损,18,False,2026,0.5175248173512937
DOGE,1,2026-05-06 00:00:00,2026-05-06 12:00:00,0.11479295399999999,0.027435056403977046,-0.027629569392696198,4.503e-05,-0.0286745993926962,-1.0451809892594013,止损,4,False,2026,0.3414267211608046
LINK,1,2026-05-06 04:00:00,2026-05-12 08:00:00,9.8559708,0.021069251649347552,0.04872904112121557,0.00159673,0.046132311121215575,2.189556225773408,保本/跟踪,38,False,2026,0.4377283566200308
ETH,1,2026-05-06 12:00:00,2026-05-06 12:00:00,2409.4717979999996,0.020396088702319102,-0.02059200948457866,0.0,-0.02159200948457866,-1.058634809826238,止损,1,False,2026,0.44895004747196804
SOL,1,2026-05-11 20:00:00,2026-05-12 00:00:00,98.149626,0.025473674185360687,-0.025668579450523664,3.539e-05,-0.026703969450523665,-1.0482967339619194,止损,2,False,2026,0.18044512907970275
BNB,1,2026-05-12 00:00:00,2026-05-12 00:00:00,671.094192,0.0170686423572658,-0.017265228628794232,0.0,-0.018265228628794233,-1.0701043613477008,止损,1,False,2026,0.2614742383249864
BNB,1,2026-05-13 04:00:00,2026-05-13 12:00:00,681.7863299999999,0.020017006133590493,-0.020213002732363806,6.636e-05,-0.021279362732363808,-1.0630642060230455,止损,3,False,2026,0.4548741978031972
ETH,-1,2026-05-22 20:00:00,2026-05-23 20:00:00,2064.18708,0.02140519344804851,-0.021609474486738195,-0.00016546,-0.022444014486738197,-1.0485312614067683,止损,7,False,2026,0.21259662706996202
XRP,-1,2026-05-22 20:00:00,2026-05-23 20:00:00,1.3377324000000002,0.021754506206173894,-0.021958857107415016,0.00011954999999999999,-0.023078407107415017,-1.0608563986097466,止损,7,False,2026,0.20940315078147195
ADA,-1,2026-05-22 20:00:00,2026-05-23 20:00:00,0.24415116,0.026159758562131537,-0.026364990513843813,4.3239999999999986e-05,-0.027408230513843813,-1.0477249034522644,止损,7,False,2026,0.1760523996802684
XRP,-1,2026-05-28 04:00:00,2026-05-28 12:00:00,1.2782442999999999,0.022181522798964057,-0.022385959103523805,0.00011609,-0.023502049103523805,-1.0595327163300718,止损,3,False,2026,0.20410398293375018
BNB,1,2026-05-30 20:00:00,2026-05-31 16:00:00,721.704312,0.023083463418128353,-0.02327884672544472,1.15e-06,-0.02427999672544472,-1.0518350858206433,止损,6,True,2026,0.09806390760784069
BTC,-1,2026-06-01 16:00:00,2026-06-07 20:00:00,71085.2801,0.015855913720086087,0.11480254040063068,-0.00050148,0.11430402040063067,7.208920433001074,保本/跟踪,38,False,2026,0.277458655874169
SOL,-1,2026-06-02 12:00:00,2026-06-07 20:00:00,78.874222,0.02601867259339748,0.15662895019300346,0.0022524600000000004,0.15337649019300345,5.894862224136845,保本/跟踪,33,False,2026,0.17499203407792724
XRP,-1,2026-06-02 16:00:00,2026-06-07 08:00:00,1.22095576,0.027421040278970982,0.05965744594823411,0.0009364799999999998,0.057720965948234115,2.104988190127125,保本/跟踪,29,True,2026,0.08325337618897145
ETH,-1,2026-06-02 16:00:00,2026-06-07 20:00:00,1913.7271779999999,0.02584094354507004,0.14111678686126036,1.4030000000000023e-05,0.14010275686126036,5.421735340929117,保本/跟踪,32,False,2026,0.1761295649619761
ADA,-1,2026-06-03 04:00:00,2026-06-03 04:00:00,0.20855828,0.03866311300359975,-0.03887084562620046,-0.0,-0.03987084562620046,-1.031237335247378,止损,1,True,2026,0.0599498909834445
LINK,-1,2026-06-03 04:00:00,2026-06-03 04:00:00,8.2213554,0.03970449080426574,-0.03991243170242648,-0.0,-0.040912431702426484,-1.0304232814397651,止损,1,True,2026,0.05843475308454242
ADA,-1,2026-06-04 00:00:00,2026-06-07 20:00:00,0.20015996,0.04289147678661024,0.15810937521159077,0.00032073000000000003,0.15678864521159078,3.655473230535552,保本/跟踪,24,True,2026,0.05410493678325563
LINK,-1,2026-06-05 04:00:00,2026-06-07 08:00:00,7.7844428,0.048048457013931234,0.004591546826190327,-0.00017505,0.003766596826190327,0.07839162920670345,保本/跟踪,14,True,2026,0.04847372027305731
DOGE,-1,2026-06-05 08:00:00,2026-06-12 12:00:00,0.084943008,0.04664523782319566,-0.046854566870760186,-0.00044905,-0.04740551687076019,-1.0162991782879593,止损,44,True,2026,0.04988651326378445
ADA,-1,2026-06-23 08:00:00,2026-06-29 16:00:00,0.1544691,0.03560919670697462,0.041502034721170665,0.00127842,0.03922361472117066,1.1015023743427523,保本/跟踪,39,True,2026,0.13580024270273136
DOGE,-1,2026-06-24 16:00:00,2026-06-25 04:00:00,0.074715054,0.030291948449052572,-0.03049800683874237,-5.894e-05,-0.03143906683874237,-1.0378687555083856,止损,4,False,2026,0.31702605000045114
LINK,-1,2026-06-24 16:00:00,2026-07-02 08:00:00,7.3605276,0.03111837141260747,-0.03132459508689,-0.0009470199999999999,-0.03137757508689,-1.00832960282033,止损,47,False,2026,0.3089938400396494
XRP,-1,2026-06-25 16:00:00,2026-06-27 12:00:00,1.03399316,0.032159294718250464,-0.03236572657719414,0.00046733,-0.03383305657719414,-1.0520459753115734,止损,12,True,2026,0.14897877253062747
DOGE,-1,2026-06-30 12:00:00,2026-07-01 12:00:00,0.071375722,0.029058160567218,-0.029263972199331387,-0.00012752,-0.03013645219933139,-1.0371080485159774,止损,7,False,2026,0.32824199763183787
XRP,-1,2026-08-11 08:00:00,2026-08-11 20:00:00,1.00419912,0.017217739347064012,-0.017421182894933364,-3.077e-05,-0.018390412894933365,-1.068108450490007,止损,4,False,2026,0.5306481648732164
LINK,1,2026-08-12 12:00:00,2026-08-12 20:00:00,8.876775,0.0213255916184298,-0.021521326500106117,0.0001,-0.022621326500106117,-1.0607596218130957,止损,3,False,2026,0.4330113324574079
LINK,1,2026-08-14 20:00:00,2026-08-15 08:00:00,8.9857968,0.021687095941030375,0.02757967167608175,0.00014369,0.02643598167608175,1.2189728743748873,保本/跟踪,4,False,2026,0.4241481301577378
LINK,1,2026-08-19 12:00:00,2026-08-22 04:00:00,9.764952599999999,0.023756111176826723,0.1654913316085625,0.00048431000000000006,0.1640070216085625,6.903782373629644,保本/跟踪,17,False,2026,0.39162114780501994
SOL,1,2026-08-20 00:00:00,2026-08-22 04:00:00,85.387074,0.02392617465157191,0.06800513005572886,0.0006000000000000001,0.06640513005572886,2.77541775995379,保本/跟踪,14,False,2026,0.38900178197071417
BNB,1,2026-08-20 00:00:00,2026-08-22 04:00:00,628.085592,0.01265002971178379,0.09423365554559125,0.00068766,0.09254599554559124,7.315871792726506,保本/跟踪,14,False,2026,0.6989969243614551
BTC,1,2026-08-25 04:00:00,2026-08-25 12:00:00,80473.69152000001,0.02445527921162574,-0.024650388155783298,0.0001,-0.0257503881557833,-1.052958256291013,止损,3,True,2026,0.2054413603552271
SOL,1,2026-08-27 12:00:00,2026-09-01 16:00:00,103.930782,0.03980050038524126,-0.039992540285164094,-0.00030807999999999996,-0.04068446028516409,-1.0222097685045846,止损,32,True,2026,0.12878929633031538
BTC,1,2026-09-03 20:00:00,2026-09-04 12:00:00,81739.14456,0.019467125074880562,-0.019663231649865623,0.00015056,-0.020813791649865625,-1.0691764484897022,止损,5,False,2026,0.5061221370337157
BNB,1,2026-09-05 08:00:00,2026-09-06 12:00:00,738.89775,0.019966004357480558,0.013487706332989598,0.00020732999999999998,0.012280376332989599,0.615064291939242,保本/跟踪,8,False,2026,0.4919059164880865
LINK,1,2026-09-07 00:00:00,2026-09-07 16:00:00,13.2296454,0.03398691498999168,-0.034180117606993556,0.00014835,-0.035328467606993555,-1.039472621077757,止损,5,True,2026,0.14920229750409061
ADA,1,2026-09-08 16:00:00,2026-09-08 16:00:00,0.22924583999999998,0.04112575665662118,-0.04131753150528982,0.0,-0.04231753150528982,-1.02897879444795,止损,1,False,2026,0.24781033538242458
SOL,1,2026-09-18 16:00:00,2026-09-20 00:00:00,111.152226,0.029461281232747015,-0.029655388976500354,0.0004,-0.031055388976500356,-1.0541085681630658,止损,9,False,2026,0.33947785834895017
BNB,1,2026-09-18 20:00:00,2026-09-20 00:00:00,767.163402,0.01980094530768716,-0.0199969851186256,0.00031775,-0.0213147351186256,-1.0764503808992771,止损,8,False,2026,0.49343676033191697
ADA,1,2026-09-18 20:00:00,2026-09-23 12:00:00,0.22234446,0.03753607902489756,0.0787309604226187,0.0014000000000000002,0.07633096042261871,2.033535798237973,保本/跟踪,29,False,2026,0.2692552558347036
ETH,1,2026-09-21 12:00:00,2026-09-23 12:00:00,2724.774846,0.024331786653773082,-0.024526920296442396,0.00043593,-0.025962850296442398,-1.0670342735565779,止损,13,False,2026,0.40281259404066955
SOL,1,2026-09-21 12:00:00,2026-09-23 12:00:00,116.803356,0.028387260560265304,-0.028581583108153313,0.00042463,-0.030006213108153313,-1.0570309538833809,止损,13,False,2026,0.34815398921322604
LINK,1,2026-09-25 12:00:00,2026-09-30 04:00:00,14.084816400000001,0.04030989356504591,0.018867144685520823,0.0007828400000000003,0.017084304685520822,0.423824108043173,保本/跟踪,29,True,2026,0.12441560998657658
SOL,1,2026-09-27 08:00:00,2026-09-28 00:00:00,124.114818,0.02722919093903602,-0.02742374510084815,-4.701e-05,-0.02837673510084815,-1.0421438949244357,止损,5,False,2026,0.36212669005593456
