sym,side,t_in,t_out,entry,stop_pct,ret,fund,net,R,why,bars,hot
BTC,-1,2020-01-02 07:30:00,2020-01-02 08:00:00,7106.958324,0.003328351884083785,-0.0035290175544605345,-0.0001,-0.004429017554460534,-1.3306939015793806,止损,3,False
BTC,-1,2020-01-02 17:00:00,2020-01-02 18:45:00,7048.210076,0.004800079536213724,0.00956220319476936,-0.0,0.008562203194769361,1.783762775215008,保本/跟踪,8,False
BTC,-1,2020-01-03 00:45:00,2020-01-03 02:15:00,6925.384646,0.003990500585412628,0.0020864111703321787,-0.0,0.0010864111703321787,0.27224934493270875,保本/跟踪,7,False
BTC,1,2020-01-05 01:15:00,2020-01-05 01:30:00,7392.758255999999,0.004290100820201037,0.005144760725040935,0.0,0.004144760725040935,0.966121986113769,保本/跟踪,2,False
BTC,1,2020-01-06 03:00:00,2020-01-06 03:00:00,7550.10972,0.006675614247629558,-0.006874279124780023,0.0,-0.007874279124780023,-1.1795587391191902,止损,1,False
BTC,1,2020-01-06 11:00:00,2020-01-06 11:30:00,7557.691236000001,0.004049673809343458,-0.004248863874581576,0.0,-0.005248863874581576,-1.2961201621896885,止损,3,False
BTC,1,2020-01-06 22:15:00,2020-01-06 23:15:00,7632.136122,0.0047881451632814185,0.009271593333962732,0.0,0.008271593333962733,1.7275151550113057,保本/跟踪,5,False
BTC,1,2020-01-07 00:15:00,2020-01-07 00:45:00,7856.801046,0.009225122678444962,0.005949768206748998,0.0,0.004949768206748998,0.5365531038751843,保本/跟踪,3,False
BTC,1,2020-01-07 11:15:00,2020-01-07 12:00:00,7921.413966,0.003956323925170784,-0.004155532660385733,0.0,-0.005155532660385733,-1.3031118679604028,止损,4,False
BTC,1,2020-01-07 18:30:00,2020-01-07 22:15:00,8046.438966,0.009453060782588585,-0.009651170170432141,0.0,-0.010651170170432142,-1.126743011115546,止损,16,False
BTC,1,2020-01-08 00:15:00,2020-01-08 02:15:00,8241.04788,0.012930301853845302,0.009417876880125495,0.0,0.008417876880125495,0.6510193632967763,保本/跟踪,9,False
BTC,-1,2020-01-09 17:15:00,2020-01-09 17:30:00,7788.711946,0.0069286421422899164,-0.007130027870718308,-0.0,-0.008130027870718308,-1.1733941086516173,止损,2,False
BTC,-1,2020-01-10 06:00:00,2020-01-10 11:00:00,7746.690352,0.005339772758788221,-0.005540840713340052,-0.0001,-0.006440840713340052,-1.2062012756516067,止损,21,False
BTC,1,2020-01-11 01:30:00,2020-01-11 02:00:00,8247.719213999999,0.010180859444197476,-0.010378823272308586,0.0,-0.011378823272308585,-1.117668241534744,止损,3,False
BTC,1,2020-01-11 17:30:00,2020-01-11 17:45:00,8208.541379999999,0.0064629760948254076,-0.006661683499606397,0.0,-0.007661683499606397,-1.1854729751732698,止损,2,False
BTC,1,2020-01-11 21:45:00,2020-01-11 21:45:00,8285.826834,0.006171748438155023,-0.006370514088467225,0.0,-0.007370514088467225,-1.194234366861291,止损,1,False
BTC,1,2020-01-12 09:30:00,2020-01-12 09:45:00,8162.722218,0.004712499400832434,-0.004911556900952187,0.0,-0.005911556900952187,-1.2544419421905808,止损,2,False
BTC,1,2020-01-14 01:00:00,2020-01-14 02:00:00,8278.985466,0.00567915637234152,0.013340276051923637,0.0,0.012340276051923636,2.172906545067667,保本/跟踪,5,False
BTC,1,2020-01-14 04:15:00,2020-01-14 05:45:00,8550.649788,0.009270836415403202,-0.009468982248120256,0.0,-0.010468982248120255,-1.12923815921575,止损,7,False
BTC,1,2020-01-14 14:15:00,2020-01-14 16:00:00,8634.036462,0.007614292748804078,0.003037254974355597,0.0001,0.001937254974355597,0.25442349516438906,保本/跟踪,8,False
BTC,1,2020-01-14 18:15:00,2020-01-14 18:30:00,8848.96944,0.012720791544598965,-0.012918247386290143,0.0,-0.013918247386290144,-1.0941337524078523,止损,2,False
BTC,1,2020-01-15 00:30:00,2020-01-15 00:30:00,8903.900424000001,0.010975129314453857,-0.011172934288590843,0.0,-0.012172934288590842,-1.1091381194533643,止损,1,False
BTC,1,2020-01-15 11:00:00,2020-01-15 11:45:00,8803.430334,0.007563922966997062,-0.007762410182403735,0.0,-0.008762410182403736,-1.1584478346270735,止损,4,False
BTC,1,2020-01-15 13:15:00,2020-01-15 14:00:00,8831.86602,0.007471575257211537,-0.007670080942160056,0.0,-0.008670080942160055,-1.1604087014705131,止损,4,False
BTC,1,2020-01-17 03:00:00,2020-01-17 06:45:00,8761.862022000001,0.00493169224259262,0.01898935836358569,0.0,0.01798935836358569,3.6477049821196013,保本/跟踪,16,False
BTC,1,2020-01-19 01:45:00,2020-01-19 06:30:00,9162.88221,0.006492812852209283,-0.00669151428963885,0.0,-0.00769151428963885,-1.1846197425853249,止损,20,False
BTC,-1,2020-01-20 12:30:00,2020-01-20 13:45:00,8582.973062000001,0.004822704336309535,-0.005023668877176679,-0.0,-0.006023668877176679,-1.2490230495419827,止损,6,False
BTC,-1,2020-01-21 08:15:00,2020-01-21 08:30:00,8623.534948,0.0033838021932425027,-0.0035844789536812294,-0.0,-0.004584478953681229,-1.3548306584931276,止损,2,False
BTC,-1,2020-01-21 19:45:00,2020-01-21 20:00:00,8556.888280000001,0.0050289619916806215,-0.005229967784078976,-0.0,-0.006229967784078976,-1.238817830475786,止损,2,False
BTC,-1,2020-01-23 01:45:00,2020-01-23 05:45:00,8610.317592000001,0.0035262991441381702,0.006148423405872138,-0.0,0.005148423405872138,1.4600075590383346,保本/跟踪,17,False
BTC,-1,2020-01-23 09:15:00,2020-01-23 19:15:00,8493.75091,0.00671894404577983,0.012517535161236059,-0.00052304,0.012040575161236059,1.7920338492473005,保本/跟踪,41,False
BTC,-1,2020-01-25 01:00:00,2020-01-25 08:30:00,8312.567154,0.005783805637551036,-0.005984962398678498,-0.0001,-0.006884962398678498,-1.1903861972778378,止损,31,False
BTC,1,2020-01-26 17:00:00,2020-01-26 19:00:00,8505.620784,0.004266504116165182,0.006702834176105927,0.0,0.005702834176105927,1.3366526835163932,保本/跟踪,9,False
BTC,1,2020-01-27 00:15:00,2020-01-27 08:45:00,8639.797614,0.004947190548622337,-0.0051462011105127175,0.0001,-0.006246201110512718,-1.2625754049946833,止损,35,False
BTC,1,2020-01-27 13:45:00,2020-01-27 14:45:00,8766.883026,0.005641882949485288,-0.005840754572895405,0.0,-0.006840754572895405,-1.2124949479002378,止损,5,False
BTC,1,2020-01-27 16:15:00,2020-01-27 19:45:00,8796.268902,0.005561500457112996,0.011958053513098707,0.0,0.010958053513098708,1.9703412051479163,保本/跟踪,15,False
BTC,1,2020-01-27 21:00:00,2020-01-27 22:15:00,8991.517944,0.006834123628258731,-0.007032756803533072,0.0,-0.008032756803533072,-1.1753894486658183,止损,6,False
BTC,1,2020-01-28 00:45:00,2020-01-28 05:15:00,9080.3157,0.007691477746032883,-0.007889939450483675,0.0,-0.008889939450483674,-1.1558168331266296,止损,19,False
BTC,1,2020-01-28 11:30:00,2020-01-28 12:00:00,9108.851406,0.00634332147242301,-0.006542052808128403,0.0,-0.007542052808128403,-1.1889753405872245,止损,3,False
BTC,1,2020-01-28 23:45:00,2020-01-29 02:15:00,9387.347093999999,0.00948165439446703,-0.009679758063588001,0.00062324,-0.011302998063588001,-1.1920913369489408,止损,11,False
BTC,1,2020-01-29 18:45:00,2020-01-29 19:00:00,9388.367298,0.00550961740840091,-0.005708515484919108,0.0,-0.006708515484919108,-1.2176009671179984,止损,2,False
BTC,1,2020-01-30 20:45:00,2020-01-30 23:30:00,9578.225262,0.007824579921623227,-0.008023015005638873,0.0,-0.009023015005638874,-1.153162865741044,止损,12,False
BTC,1,2020-01-31 22:45:00,2020-01-31 23:45:00,9410.441712,0.0045667869914579095,-0.0047658736340595795,0.0,-0.0057658736340595795,-1.2625667991181853,止损,5,False
BTC,1,2020-02-01 02:00:00,2020-02-01 06:15:00,9441.697962,0.00514136514689581,-0.005340336873866409,0.0,-0.006340336873866409,-1.2332010453866518,止损,18,False
BTC,-1,2020-02-02 04:15:00,2020-02-02 04:30:00,9227.574116,0.0056009135171004405,-0.005802033699803974,-0.0,-0.006802033699803974,-1.2144507639756141,止损,2,False
BTC,1,2020-02-03 01:45:00,2020-02-03 02:00:00,9576.274872,0.0075313751469252245,-0.007729868871895767,0.0,-0.008729868871895767,-1.1591334519380359,止损,2,True
BTC,-1,2020-02-03 23:15:00,2020-02-03 23:15:00,9269.135802,0.003998044591069286,-0.00419884419998742,-0.0,-0.00519884419998742,-1.3003467273977998,止损,1,False
BTC,-1,2020-02-04 09:30:00,2020-02-04 11:30:00,9204.598712,0.005312537679386258,-0.005513600186922124,-0.0,-0.006513600186922124,-1.2260807508615394,止损,9,False
BTC,1,2020-02-05 16:15:00,2020-02-05 18:30:00,9563.66235,0.005652193209001357,0.010081414888094551,0.0,0.009081414888094552,1.6067063796814331,保本/跟踪,10,False
BTC,1,2020-02-06 13:00:00,2020-02-06 13:45:00,9839.857578,0.006133391978527082,-0.006332165300131295,0.0,-0.007332165300131295,-1.1954503031603232,止损,4,False
BTC,1,2020-02-08 10:15:00,2020-02-08 13:45:00,9841.187843999998,0.003940244345249339,-0.004139456296380301,0.0,-0.005139456296380301,-1.304349640797486,止损,15,False
BTC,1,2020-02-08 22:00:00,2020-02-08 22:00:00,9924.914586,0.003819510308356528,-0.00401874640629477,0.0,-0.00501874640629477,-1.3139764004077927,止损,1,False
BTC,1,2020-02-09 04:00:00,2020-02-09 08:30:00,10061.791956000001,0.005275576820965291,0.005275571541280366,0.00081519,0.003460381541280366,0.6559247753778719,保本/跟踪,19,False
BTC,1,2020-02-09 22:45:00,2020-02-10 01:15:00,10134.92658,0.0033378072621323765,0.0023424348929158853,0.00106733,0.0002751048929158853,0.08242084437797437,保本/跟踪,11,False
BTC,1,2020-02-12 07:45:00,2020-02-12 07:45:00,10438.987379999999,0.005559893142915219,-0.005758781164286576,0.0,-0.006758781164286576,-1.2156314861732653,止损,1,False
BTC,1,2020-02-13 07:15:00,2020-02-13 07:15:00,10507.15101,0.004562210761181127,-0.004761298319029029,0.0,-0.005761298319029029,-1.2628303733906114,止损,1,False
BTC,1,2020-02-14 03:30:00,2020-02-14 03:30:00,10300.629713999999,0.004879362355182196,-0.005078386482711013,0.0,-0.006078386482711013,-1.245733774261585,止损,1,False
BTC,-1,2020-02-15 16:00:00,2020-02-15 16:00:00,9981.033394,0.008082301095367905,-0.00828391755558705,-0.0,-0.009283917555587051,-1.148672568126398,止损,1,True
BTC,-1,2020-02-16 16:30:00,2020-02-16 17:00:00,9797.120184,0.007357327658122463,0.004791258769761842,-0.0,0.0037912587697618415,0.5153037822878944,保本/跟踪,3,True
BTC,-1,2020-02-17 04:15:00,2020-02-17 06:15:00,9766.5463,0.007133529608427012,-0.0073349563143487095,-0.0,-0.00833495631434871,-1.1684196704675371,止损,9,False
BTC,-1,2020-02-17 11:30:00,2020-02-17 14:45:00,9671.015410000002,0.007244157858786958,0.009628329735041364,-0.0,0.008628329735041365,1.191074228811213,保本/跟踪,14,True
BTC,-1,2020-02-18 13:30:00,2020-02-18 14:30:00,9621.465322,0.0059234088146440005,-0.0061245934964069505,-0.0,-0.0071245934964069505,-1.2027860509633155,止损,5,False
BTC,1,2020-02-18 20:15:00,2020-02-18 21:15:00,10071.86397,0.007203642550031193,0.009030694165178037,0.0,0.008030694165178036,1.114810196286497,保本/跟踪,5,False
BTC,-1,2020-02-22 06:15:00,2020-02-22 06:45:00,9578.084,0.00439001799047371,-0.004590895994071722,-0.0,-0.005590895994071722,-1.2735473991687285,止损,3,False
BTC,1,2020-02-23 10:30:00,2020-02-23 10:30:00,9975.134628,0.004066286171065992,-0.00426547291383182,0.0,-0.00526547291383182,-1.2949095789909586,止损,1,False
BTC,1,2020-02-24 00:30:00,2020-02-24 00:45:00,9990.717744,0.00447213170422759,-0.00467123727788666,0.0,-0.00567123727788666,-1.2681284123465175,止损,2,False
BTC,-1,2020-02-24 17:00:00,2020-02-24 18:30:00,9656.898234,0.0063797820385991235,0.007066121441164461,-0.0,0.006066121441164461,0.9508352173260864,保本/跟踪,7,False
BTC,-1,2020-02-25 06:30:00,2020-02-25 08:15:00,9531.44333,0.004850473082952378,-0.005051443177569036,-0.00027363,-0.0057778131775690356,-1.1911854944368037,止损,8,False
BTC,-1,2020-02-25 14:30:00,2020-02-25 16:15:00,9462.417137999999,0.007132155053950596,0.0005850661537386305,-0.00046949,5.455615373863048e-05,0.0076493224454523175,保本/跟踪,8,False
BTC,-1,2020-02-25 17:00:00,2020-02-25 18:45:00,9319.145798,0.009540740709832723,-0.009742648857974637,-0.0,-0.010742648857974636,-1.1259763979229853,止损,8,True
BTC,-1,2020-02-26 01:30:00,2020-02-26 12:15:00,9229.763678000001,0.0075950050436888825,0.0005698028880780349,-0.0005063,7.610288807803492e-05,0.010020123441691866,保本/跟踪,44,True
BTC,-1,2020-02-26 16:15:00,2020-02-26 17:00:00,8914.486746,0.011766447666562405,0.01412446387064615,-0.0,0.013124463870646148,1.115414290070139,保本/跟踪,4,True
BTC,-1,2020-02-27 00:30:00,2020-02-27 01:15:00,8706.298392,0.00947318444622511,0.00494237111734552,-0.0,0.00394237111734552,0.41616112720326925,保本/跟踪,4,True
BTC,-1,2020-02-28 07:30:00,2020-02-28 10:15:00,8733.133023999999,0.006371662668394936,0.008751959896860945,-0.00011659,0.007868549896860946,1.2349288257036817,保本/跟踪,12,False
BTC,-1,2020-02-29 14:15:00,2020-02-29 15:15:00,8603.279,0.006428432718027233,-0.006629718404570861,-0.0,-0.007629718404570861,-1.1868706944967888,止损,5,False
BTC,1,2020-03-02 13:30:00,2020-03-02 14:45:00,8803.480344,0.00546771279349928,0.002541821287955606,0.0,0.001541821287955606,0.28198651724880675,保本/跟踪,6,False
BTC,1,2020-03-02 17:30:00,2020-03-02 18:45:00,8904.090462,0.006587650464040515,-0.00678633293394761,0.0,-0.00778633293394761,-1.1819590271903841,止损,6,False
BTC,1,2020-03-02 22:30:00,2020-03-02 23:00:00,8956.791,0.005283954083031366,-0.005482897292214756,0.0,-0.006482897292214756,-1.2269026547815052,止损,3,False
BTC,1,2020-03-03 12:15:00,2020-03-03 12:30:00,8895.098664,0.00495229161874402,-0.005151301160420274,0.0,-0.006151301160420274,-1.242112063259381,止损,2,False
BTC,1,2020-03-04 06:00:00,2020-03-04 06:00:00,8844.888624000001,0.004607249526116625,-0.004806328076211347,0.0,-0.005806328076211347,-1.2602590858814207,止损,1,False
BTC,1,2020-03-05 02:45:00,2020-03-05 03:30:00,8938.617366,0.005417503667343313,-0.005616420166609887,0.0,-0.006616420166609887,-1.2213042339950109,止损,4,False
BTC,1,2020-03-05 09:30:00,2020-03-05 13:00:00,9032.966231999999,0.005403228238901853,0.005018035586076424,0.0,0.004018035586076424,0.7436361020523994,保本/跟踪,15,False
BTC,1,2020-03-05 20:00:00,2020-03-05 20:00:00,9163.162266,0.004937292513011733,-0.005136305054509185,0.0,-0.006136305054509185,-1.2428481882200773,止损,1,False
BTC,-1,2020-03-08 00:30:00,2020-03-08 10:15:00,8793.250998,0.005480852236084749,0.008582643676716116,-0.00049747,0.008080113676716117,1.4742440278755176,保本/跟踪,40,False
BTC,-1,2020-03-08 14:45:00,2020-03-08 15:45:00,8632.453164,0.0054143098318236655,0.026050484856974206,-0.0,0.025050484856974205,4.626718018561679,保本/跟踪,5,False
BTC,-1,2020-03-08 16:30:00,2020-03-08 16:45:00,8209.177836,0.01228170029051099,-0.012484156630569091,-0.0,-0.01348415663056909,-1.097906341273214,止损,2,True
BTC,-1,2020-03-08 23:00:00,2020-03-08 23:15:00,8160.56756,0.00799046074176886,-0.008192058833917212,-0.0,-0.009192058833917213,-1.1503790746217162,止损,2,True
BTC,-1,2020-03-09 04:15:00,2020-03-09 05:45:00,7905.798524000001,0.01242435339216402,0.008143459993896538,-0.0,0.007143459993896538,0.5749562788838479,保本/跟踪,7,True
BTC,-1,2020-03-09 11:15:00,2020-03-09 12:00:00,7799.919704,0.010952980201275454,-0.01115517079731573,-0.0,-0.01215517079731573,-1.1097592229647493,止损,4,True
BTC,-1,2020-03-09 15:45:00,2020-03-09 15:45:00,7654.728748,0.013429860313885024,-0.013632546285947766,-0.0,-0.014632546285947765,-1.08955312594125,止损,1,True
BTC,-1,2020-03-11 08:30:00,2020-03-11 13:00:00,7806.748338,0.008117558601548962,-0.008319182113269255,-0.0,-0.009319182113269254,-1.148027697821732,止损,19,True
BTC,-1,2020-03-11 18:15:00,2020-03-11 18:30:00,7621.255444,0.009347588928139422,-0.009549458445924981,-0.0,-0.010549458445924982,-1.1285753499672546,止损,2,True
BTC,-1,2020-03-12 06:30:00,2020-03-12 07:15:00,7550.499598,0.011621225845382447,0.009829768392653728,-0.0,0.008829768392653727,0.7597966436700934,保本/跟踪,4,True
BTC,-1,2020-03-12 10:15:00,2020-03-12 10:45:00,7303.23906,0.013029677121657379,0.10547012596882074,-0.0,0.10447012596882074,8.017859920348672,保本/跟踪,3,True
BTC,-1,2020-03-12 20:30:00,2020-03-12 23:30:00,5836.872392,0.03133019400182773,0.13462044725818637,-0.0,0.13362044725818636,4.264909666706541,保本/跟踪,13,True
BTC,-1,2020-03-14 10:00:00,2020-03-14 10:30:00,5223.435103999999,0.02408771381310381,-0.0242925313558663,-0.0,-0.025292531355866302,-1.0500179283144366,止损,3,True
BTC,-1,2020-03-14 22:15:00,2020-03-14 23:30:00,5263.467096,0.017768146545129114,0.011906605806484408,-0.0,0.010906605806484407,0.6138291227384265,保本/跟踪,6,True
BTC,-1,2020-03-15 21:00:00,2020-03-15 21:00:00,5182.9632,0.016475416726613287,-0.016678711809958467,-0.0,-0.017678711809958468,-1.0730357904332373,止损,1,True
BTC,-1,2020-03-16 10:15:00,2020-03-16 12:00:00,4502.089402,0.03605583651249567,-0.0362630476797981,-0.0,-0.0372630476797981,-1.03348171292279,止损,8,True
BTC,1,2020-03-17 16:15:00,2020-03-17 16:30:00,5447.009184,0.023482015390365405,-0.02367731898728725,0.0,-0.024677318987287252,-1.0509029389961253,止损,2,True
BTC,1,2020-03-19 07:45:00,2020-03-19 09:30:00,5420.0437919999995,0.010892343284730212,0.008652572944690937,-0.00022004,0.007872612944690938,0.7227657758204717,保本/跟踪,8,True
BTC,1,2020-03-19 10:00:00,2020-03-19 13:30:00,5590.297836,0.015228199840161157,0.026689884762932777,0.0,0.025689884762932776,1.6869941971198157,保本/跟踪,15,True
BTC,1,2020-03-19 15:30:00,2020-03-19 16:00:00,5890.967958,0.01867601568601128,-0.018872280482873986,-0.00027089,-0.019601390482873987,-1.049548833778065,止损,3,True
BTC,1,2020-03-20 08:15:00,2020-03-20 08:30:00,6487.977336,0.016636980724358683,0.009969496909475694,0.0,0.008969496909475693,0.5391300896528175,保本/跟踪,2,True
BTC,1,2020-03-20 10:45:00,2020-03-20 11:00:00,6808.371402,0.02174059848276159,-0.021936250363064996,0.0,-0.022936250363064997,-1.054996272584283,止损,2,True
BTC,1,2020-03-22 04:00:00,2020-03-22 08:15:00,6349.189584,0.014330833137620604,-0.014527966970993011,0.0001,-0.015627966970993012,-1.090513497778942,止损,18,True
BTC,-1,2020-03-22 20:15:00,2020-03-22 21:00:00,5825.854596,0.01982694108838123,-0.020030906476598935,-0.0,-0.021030906476598936,-1.0607237083547518,止损,4,True
BTC,-1,2020-03-23 08:45:00,2020-03-23 11:00:00,5799.439880000001,0.013026229890100315,-0.013228835136078365,-0.0,-0.014228835136078366,-1.0923218195996993,止损,10,True
BTC,1,2020-03-23 21:00:00,2020-03-24 01:45:00,6391.408026,0.017361458429266632,0.01989675174299526,0.0001,0.01879675174299526,1.082671240989128,保本/跟踪,20,True
BTC,1,2020-03-24 08:30:00,2020-03-24 11:00:00,6756.821094,0.01618244835405551,-0.016379211864384652,0.0,-0.017379211864384653,-1.0739544155584604,止损,11,True
BTC,1,2020-03-25 09:30:00,2020-03-25 10:15:00,6891.808086,0.01318094326747922,-0.013378307078825702,0.0,-0.014378307078825703,-1.090840525374287,止损,4,True
BTC,1,2020-03-27 00:15:00,2020-03-27 04:45:00,6791.898107999999,0.009260177164941987,-0.0094583251295091,0.0,-0.010458325129509099,-1.1293871535312703,止损,19,False
BTC,-1,2020-03-28 03:30:00,2020-03-28 08:00:00,6170.405672000001,0.01285904684582337,-0.013061618655192491,0.00041263,-0.014474248655192493,-1.125608206326252,止损,19,True
BTC,-1,2020-03-28 18:00:00,2020-03-28 18:00:00,6012.6072380000005,0.011300174448653449,-0.011502434483543203,-0.0,-0.012502434483543202,-1.1063930508641853,止损,1,True
BTC,-1,2020-03-29 07:45:00,2020-03-29 10:45:00,6122.005354,0.006109072322898539,-0.006310294137363141,0.0002912,-0.007601494137363141,-1.2442959807286258,止损,13,False
BTC,1,2020-03-30 21:15:00,2020-03-30 22:45:00,6530.375814,0.009982484872930169,-0.010180488375955567,0.0,-0.011180488375955568,-1.1200105503063735,止损,7,False
BTC,-1,2020-04-01 12:15:00,2020-04-01 20:15:00,6221.085534,0.008114047730624241,-0.008315670540170374,0.00034983,-0.009665500540170376,-1.1912057780595255,止损,33,False
BTC,1,2020-04-02 07:00:00,2020-04-02 15:15:00,6635.746884,0.007579287307976967,0.013502437343283935,3.28e-05,0.012469637343283935,1.6452255781569363,保本/跟踪,34,False
BTC,1,2020-04-02 16:15:00,2020-04-02 17:15:00,6866.67306,0.011425928455209747,0.03166305372342872,0.0,0.030663053723428722,2.6836378193360426,保本/跟踪,5,True
BTC,1,2020-04-03 11:00:00,2020-04-03 11:00:00,7012.932306,0.01049890731516733,-0.010696807533704224,0.0,-0.011696807533704223,-1.114097608691748,止损,1,False
BTC,1,2020-04-04 20:30:00,2020-04-04 20:30:00,6839.3776020000005,0.008043624948422803,-0.008242016223433008,0.0,-0.009242016223433007,-1.1489864685007702,止损,1,False
BTC,1,2020-04-06 06:00:00,2020-04-06 13:30:00,6990.357792,0.008126590726370087,0.01276055720946469,6.54e-06,0.01175401720946469,1.4463651001057451,保本/跟踪,31,False
BTC,1,2020-04-06 19:00:00,2020-04-07 00:30:00,7238.1773459999995,0.008581534036883633,0.014930459599619424,-0.00012883,0.014059289599619423,1.6383189228397008,保本/跟踪,23,False
BTC,1,2020-04-08 06:00:00,2020-04-08 06:00:00,7408.83147,0.00799618520140215,-0.008194585964361898,0.0,-0.009194585964361898,-1.1498715615978485,止损,1,False
BTC,-1,2020-04-10 05:15:00,2020-04-10 13:45:00,6977.064308,0.010472017037444362,0.012457467806386664,-0.0001,0.011557467806386664,1.103652502193331,保本/跟踪,35,False
BTC,-1,2020-04-10 15:30:00,2020-04-10 16:45:00,6788.09211,0.00869457486089301,-0.008896313775865148,-0.0001,-0.009796313775865147,-1.1267156741530406,止损,6,False
BTC,-1,2020-04-11 09:30:00,2020-04-11 11:00:00,6850.6296,0.004810995121306376,-0.005011957320330592,-0.0,-0.006011957320330592,-1.2496286462036792,止损,7,False
BTC,-1,2020-04-11 14:15:00,2020-04-11 15:15:00,6806.468434,0.004874398088031637,-0.00507537296764917,-0.0,-0.00607537296764917,-1.2463842423060087,止损,5,False
BTC,-1,2020-04-11 17:15:00,2020-04-11 17:45:00,6787.24228,0.0055403044707468645,-0.005741412531641014,-0.0,-0.006741412531641014,-1.2167945944552454,止损,3,False
BTC,-1,2020-04-13 14:00:00,2020-04-13 14:00:00,6615.846566,0.009588838209526848,-0.009790755977168766,-0.0,-0.010790755977168765,-1.1253455049901426,止损,1,False
BTC,-1,2020-04-15 22:30:00,2020-04-16 00:30:00,6694.780776,0.0049189932806707045,0.022918432335265727,7.017e-05,0.021848262335265725,4.441612559447675,保本/跟踪,9,False
BTC,1,2020-04-16 23:00:00,2020-04-16 23:30:00,7151.039922,0.00926562593840745,-0.00946377281321976,0.0,-0.010463772813219759,-1.1293109480975057,止损,3,False
BTC,1,2020-04-18 13:00:00,2020-04-18 16:00:00,7128.765468,0.004638719854467019,0.010808678527532506,-0.00019642,0.010005098527532504,2.1568662996317274,保本/跟踪,13,False
BTC,1,2020-04-18 23:00:00,2020-04-18 23:30:00,7257.4511999999995,0.00461220366158945,-0.004811281220857165,0.0,-0.005811281220857165,-1.2599793173171565,止损,3,False
BTC,-1,2020-04-20 12:00:00,2020-04-20 12:30:00,6962.80716,0.00671772220139589,-0.006919065745836065,-0.0,-0.007919065745836066,-1.1788319773316238,止损,3,False
BTC,-1,2020-04-20 17:45:00,2020-04-20 18:00:00,6947.720178,0.008050457784587647,0.00432827761461109,-0.0,0.0033282776146110896,0.4134271247261211,保本/跟踪,2,False
BTC,-1,2020-04-20 20:00:00,2020-04-20 20:30:00,6765.366656,0.012954441073033028,-0.013157031961247642,-0.0,-0.014157031961247641,-1.0928323253342067,止损,3,True
BTC,1,2020-04-22 16:45:00,2020-04-22 17:45:00,7131.436002,0.006272289006856796,-0.006471034549055429,0.0,-0.007471034549055429,-1.1911177149025145,止损,5,False
BTC,1,2020-04-23 01:45:00,2020-04-23 02:00:00,7151.770068,0.004466066509161417,-0.004665173295859528,0.0,-0.005665173295859528,-1.2684928189578761,止损,2,False
BTC,1,2020-04-23 12:30:00,2020-04-23 14:30:00,7149.689652,0.0057457818221394045,0.053346906588218994,0.0,0.05234690658821899,9.110493264209598,保本/跟踪,9,False
BTC,1,2020-04-23 22:00:00,2020-04-23 22:15:00,7589.647626,0.006932671625820465,-0.007131285091495249,0.0,-0.008131285091495249,-1.1728934428699311,止损,2,False
BTC,1,2020-04-24 07:45:00,2020-04-24 08:00:00,7569.303558,0.005288200459812259,-0.005487142819720252,0.0001,-0.0065871428197202524,-1.2456303178707617,止损,2,False
BTC,1,2020-04-24 09:30:00,2020-04-24 10:00:00,7604.010498,0.006034686385376585,-0.006233479448099519,0.0,-0.007233479448099519,-1.1986504328754983,止损,3,False
BTC,1,2020-04-26 11:00:00,2020-04-26 11:00:00,7641.87807,0.003977049889974817,-0.004176254479996777,0.0,-0.005176254479996777,-1.301531191007904,止损,1,False
BTC,1,2020-04-27 00:15:00,2020-04-27 01:15:00,7725.484788,0.006360346813296052,-0.0065590747439333635,0.0,-0.0075590747439333635,-1.1884689570907387,止损,5,False
BTC,1,2020-04-27 23:00:00,2020-04-28 00:00:00,7763.682426,0.0045601526138515725,-0.004759240583328794,0.0001,-0.005859240583328794,-1.2848781783160526,止损,5,False
BTC,1,2020-04-29 06:15:00,2020-04-29 10:30:00,7899.2595360000005,0.00539675606546912,0.02279394424481872,0.0001,0.02169394424481872,4.019811898415488,保本/跟踪,18,False
BTC,1,2020-04-29 13:00:00,2020-04-29 13:30:00,8240.1477,0.007877671591125377,0.005231058219671058,0.0,0.004231058219671058,0.5370950249357404,保本/跟踪,3,False
BTC,1,2020-04-29 16:15:00,2020-04-29 17:00:00,8426.1849,0.009733637568727345,0.01977599518377549,0.0,0.018775995183775488,1.928980306817651,保本/跟踪,4,False
BTC,1,2020-04-29 17:45:00,2020-04-29 17:45:00,8940.907824,0.017297404389925258,-0.017493944909047127,0.0,-0.018493944909047128,-1.06917457048173,止损,1,True
BTC,1,2020-04-30 03:00:00,2020-04-30 04:00:00,8961.49194,0.011089784084745405,0.01863165862249044,0.0,0.01763165862249044,1.5899009834414841,保本/跟踪,5,False
BTC,1,2020-04-30 06:00:00,2020-04-30 06:30:00,9382.896204,0.01568029425350088,-0.015877158194650194,0.0,-0.016877158194650195,-1.0763291760855886,止损,3,True
BTC,1,2020-05-01 11:45:00,2020-05-01 11:45:00,9036.666972,0.0091089298262456,-0.009307108040280423,0.0,-0.010307108040280424,-1.131538856582527,止损,1,False
BTC,1,2020-05-01 23:30:00,2020-05-01 23:45:00,8899.849613999999,0.008198458486313103,-0.00839681879461592,0.0,-0.00939681879461592,-1.146168979242063,止损,2,False
BTC,1,2020-05-02 15:15:00,2020-05-02 15:30:00,8966.582958,0.0061993091054957875,-0.006398069243674534,0.0,-0.007398069243674534,-1.1933699574870409,止损,2,False
BTC,1,2020-05-03 00:45:00,2020-05-03 01:30:00,9145.42872,0.007480933022755021,-0.007679436836150366,0.0,-0.008679436836150366,-1.1602077989135597,止损,4,False
BTC,-1,2020-05-04 05:15:00,2020-05-04 08:00:00,8594.590737999999,0.009833059238459214,-0.010035025850306961,-0.0001,-0.010935025850306961,-1.1120675249812102,止损,12,False
BTC,1,2020-05-05 21:15:00,2020-05-05 22:00:00,8980.595759999998,0.006679727783374136,-0.006878391837817457,0.0,-0.007878391837817456,-1.179448039398671,止损,4,False
BTC,1,2020-05-06 00:00:00,2020-05-06 00:30:00,9024.564552,0.007006455014577192,-0.007205053723574248,0.0,-0.008205053723574248,-1.1710706350791273,止损,3,False
BTC,1,2020-05-06 10:30:00,2020-05-06 12:15:00,9204.94062,0.0075560820380362595,0.007453248911914081,0.0,0.006453248911914081,0.854046962358181,保本/跟踪,8,False
BTC,1,2020-05-06 23:00:00,2020-05-06 23:30:00,9360.631752,0.0064925435943068285,-0.0066912450855878625,0.0,-0.0076912450855878625,-1.1846274074050345,止损,3,False
BTC,1,2020-05-07 17:00:00,2020-05-07 17:45:00,9634.4265,0.009551427144957056,0.01099584403702875,0.0,0.009995844037028748,1.0465288469803524,保本/跟踪,4,False
BTC,1,2020-05-07 19:45:00,2020-05-07 19:45:00,9909.551513999999,0.01182566969514866,-0.012023304561209586,0.0,-0.013023304561209585,-1.1012741685616538,止损,1,False
BTC,1,2020-05-07 23:30:00,2020-05-08 00:00:00,9981.996,0.011778109260931674,-0.011975753639079394,0.00016094,-0.013136693639079393,-1.115348257351813,止损,3,False
BTC,1,2020-05-08 11:00:00,2020-05-08 11:45:00,9963.312264,0.00770096664665942,-0.007899426453329946,0.0,-0.008899426453329945,-1.1556245938541236,止损,4,False
BTC,-1,2020-05-10 00:00:00,2020-05-10 00:30:00,9548.33995,0.008404972269996194,0.10881770375173955,-0.0,0.10781770375173955,12.82784764640138,保本/跟踪,3,False
BTC,-1,2020-05-10 16:45:00,2020-05-10 20:00:00,8461.377386,0.01556547655523105,-0.015768589650542036,-0.0,-0.016768589650542037,-1.0772936884419808,止损,14,True
BTC,-1,2020-05-11 09:45:00,2020-05-11 10:00:00,8532.303198,0.009895645926164457,-0.010097625055349708,-0.0,-0.011097625055349707,-1.1214654544184097,止损,2,False
BTC,1,2020-05-13 12:45:00,2020-05-13 21:30:00,9067.953227999998,0.007706262192911844,0.02372482172477867,0.0001,0.02262482172477867,2.935900850296632,保本/跟踪,36,False
BTC,1,2020-05-14 07:30:00,2020-05-14 10:00:00,9482.676156,0.007617165831882178,0.021628140745144294,0.0001,0.020528140745144294,2.694984092275152,保本/跟踪,11,False
BTC,-1,2020-05-16 18:45:00,2020-05-16 20:30:00,9278.463936,0.008288861959776694,-0.008490519732168725,-0.0,-0.009490519732168724,-1.1449725883026292,止损,8,False
BTC,1,2020-05-17 13:00:00,2020-05-17 13:00:00,9769.273464,0.007208484253163443,-0.007407042556312935,0.0,-0.008407042556312935,-1.1662705030705318,止损,1,False
BTC,1,2020-05-17 15:00:00,2020-05-17 16:30:00,9806.140836,0.007809507631421568,-0.008007945729895109,8.88e-06,-0.009016825729895109,-1.1545959304291982,止损,7,False
BTC,1,2020-05-18 01:30:00,2020-05-18 02:15:00,9921.984,0.008415634840184046,-0.00861395171321602,0.0,-0.00961395171321602,-1.1423917382097069,止损,4,False
BTC,-1,2020-05-21 08:30:00,2020-05-21 08:45:00,9408.657892000001,0.006276310204172969,0.00560530167907771,-0.0,0.00460530167907771,0.7337594110653988,保本/跟踪,2,False
BTC,-1,2020-05-21 14:15:00,2020-05-21 14:45:00,9208.158,0.009006880960046842,0.013572013851950589,-0.0,0.01257201385195059,1.3958232497707181,保本/跟踪,3,False
BTC,-1,2020-05-21 19:00:00,2020-05-21 19:00:00,8828.853876000001,0.012503018980689805,-0.012705519584486027,-0.0,-0.013705519584486028,-1.0961768198267487,止损,1,False
BTC,-1,2020-05-23 10:00:00,2020-05-23 11:45:00,9133.77288,0.005154978866847444,-0.005356009862620942,-0.0,-0.006356009862620942,-1.2329846594517653,止损,8,False
BTC,-1,2020-05-24 14:00:00,2020-05-24 16:45:00,9080.83347,0.006299634549746164,0.014020598827462847,-6.724e-05,0.013087838827462846,2.0775552492946128,保本/跟踪,12,False
BTC,-1,2020-05-24 23:30:00,2020-05-25 00:00:00,8904.448754,0.007810611853282864,0.011997653022170299,-6.784e-05,0.0110654930221703,1.41672550499605,保本/跟踪,3,False
BTC,-1,2020-05-25 11:00:00,2020-05-25 11:30:00,8681.293394,0.00816803905929122,-0.008369672667103003,-0.0,-0.009369672667103004,-1.1471140868804874,止损,3,False
BTC,-1,2020-05-26 15:30:00,2020-05-26 20:00:00,8749.04984,0.007710587149903913,-0.007912129267334022,-4.599e-05,-0.008866139267334022,-1.1498656451142646,止损,19,False
BTC,1,2020-05-27 23:45:00,2020-05-28 04:00:00,9182.296091999999,0.005676504617887564,-0.005875369316963803,-0.00011366,-0.006761709316963804,-1.1911748112837939,止损,18,False
BTC,1,2020-05-28 12:15:00,2020-05-28 16:15:00,9348.109247999999,0.00564797376461039,0.009840880605835463,-1.187e-05,0.008852750605835465,1.5674206316796067,保本/跟踪,17,False
BTC,1,2020-05-28 22:45:00,2020-05-28 23:30:00,9509.571534,0.00504023417869488,0.0025934143886036155,0.0,0.0015934143886036155,0.3161389594433913,保本/跟踪,4,False
BTC,1,2020-05-29 08:15:00,2020-05-29 08:15:00,9563.842386,0.004819269096925964,-0.0050183052431065495,0.0,-0.0060183052431065495,-1.2488004139352598,止损,1,False
BTC,1,2020-05-30 04:45:00,2020-05-30 09:00:00,9549.939606,0.005822305063444864,-0.006021140602431999,0.0001,-0.007121140602431999,-1.223079265829238,止损,18,False
BTC,1,2020-05-30 11:30:00,2020-05-30 11:30:00,9576.4149,0.004839466980300232,-0.005038499086904169,0.0,-0.006038499086904169,-1.2477611917768578,止损,1,False
BTC,1,2020-05-30 22:45:00,2020-05-30 22:45:00,9737.927195999999,0.00729246524770609,-0.007491006754656565,0.0,-0.008491006754656565,-1.1643534067340928,止损,1,False
BTC,1,2020-05-31 12:15:00,2020-05-31 12:30:00,9616.402896,0.004726709995593069,-0.004925764653594039,0.0,-0.005925764653594039,-1.2536763751359623,止损,2,False
BTC,1,2020-06-01 21:00:00,2020-06-01 23:15:00,9666.862986,0.0045824725581788215,0.05156931806336464,0.0,0.05056931806336464,11.035378263882508,保本/跟踪,10,False
BTC,1,2020-06-02 08:15:00,2020-06-02 14:45:00,10142.438081999999,0.005572213037102771,-0.005771098594495369,0.0,-0.006771098594495369,-1.2151542931703756,止损,27,False
BTC,-1,2020-06-03 05:30:00,2020-06-03 05:30:00,9444.320758,0.004969428497536272,-0.005170422383235725,-0.0,-0.006170422383235725,-1.2416764596361287,止损,1,False
BTC,1,2020-06-04 16:00:00,2020-06-04 16:00:00,9830.075622,0.006925502892484261,-0.007124117791905729,0.0,-0.008124117791905729,-1.1730726155240274,止损,1,False
BTC,1,2020-06-05 08:45:00,2020-06-05 10:00:00,9843.768359999998,0.006119249953915371,-0.006318026103924484,0.0,-0.007318026103924484,-1.1959024650140466,止损,6,False
BTC,-1,2020-06-07 12:30:00,2020-06-07 14:15:00,9510.727474,0.0058853024637688526,0.00413936487462075,-0.0,0.0031393648746207503,0.5334245595612688,保本/跟踪,8,False
BTC,1,2020-06-09 00:15:00,2020-06-09 00:15:00,9864.992604000001,0.005975028027727352,-0.006173833022121746,0.0,-0.007173833022121746,-1.200635877996102,止损,1,False
BTC,1,2020-06-10 18:30:00,2020-06-10 18:45:00,9810.731754,0.0028622557390058445,0.012664789448487371,0.0,0.01166478944848737,4.0753833731639,保本/跟踪,2,False
BTC,-1,2020-06-11 16:45:00,2020-06-11 17:00:00,9439.121798,0.009186490240134565,0.02259912980754396,-0.0,0.02159912980754396,2.351184102191739,保本/跟踪,2,False
BTC,-1,2020-06-12 17:45:00,2020-06-12 18:30:00,9334.152796,0.006224134949828477,-0.006425379776818264,-0.0,-0.007425379776818264,-1.1929978762788378,止损,4,False
BTC,-1,2020-06-14 13:15:00,2020-06-14 13:45:00,9383.982828,0.0025798775129692807,-0.002780393488471754,-0.0,-0.003780393488471754,-1.4653383617894142,止损,3,False
BTC,-1,2020-06-14 21:45:00,2020-06-14 22:15:00,9332.33316,0.0032735624564252494,-0.0034742171689166315,-0.0,-0.0044742171689166315,-1.3667731190326835,止损,3,False
BTC,-1,2020-06-15 03:30:00,2020-06-15 06:45:00,9213.566918,0.006734671357408428,0.021070000593884395,-0.0,0.020070000593884394,2.9801009624332346,保本/跟踪,14,False
BTC,1,2020-06-16 03:15:00,2020-06-16 06:30:00,9555.310679999999,0.006545194906737332,-0.00674388586775582,0.0,-0.00774388586775582,-1.1831406059099339,止损,14,False
BTC,-1,2020-06-17 20:00:00,2020-06-17 20:00:00,9288.981832,0.005104831796506339,-0.005305852762865649,-0.0,-0.006305852762865649,-1.235271408390237,止损,1,False
BTC,-1,2020-06-18 21:15:00,2020-06-18 21:15:00,9293.141,0.0050115102377294544,-0.005212512539777001,-0.0,-0.006212512539777001,-1.2396487775293221,止损,1,False
BTC,-1,2020-06-19 03:00:00,2020-06-19 04:30:00,9270.755478000001,0.005323625874097348,-0.0055246905992720995,-0.0,-0.0065246905992720995,-1.2256102802074533,止损,7,False
BTC,-1,2020-06-19 17:30:00,2020-06-19 22:00:00,9307.148198,0.004232691277196673,-0.004433537815452101,-0.0,-0.005433537815452101,-1.2837075656154997,止损,19,False
BTC,1,2020-06-22 04:15:00,2020-06-22 04:30:00,9399.989622000001,0.0029367355457336386,-0.003136148198624449,0.0,-0.0041361481986244494,-1.4084169766778167,止损,2,False
BTC,1,2020-06-22 12:00:00,2020-06-22 17:00:00,9460.331688,0.0026584621564792487,0.011842503717989814,0.0001,0.010742503717989814,4.04087140823427,保本/跟踪,21,False
BTC,1,2020-06-22 21:00:00,2020-06-22 21:15:00,9639.197454000001,0.004320770911728122,0.006469609767576796,0.0,0.005469609767576796,1.2658874722402693,保本/跟踪,2,False
BTC,-1,2020-06-24 21:30:00,2020-06-24 23:00:00,9264.39675,0.0052306171801291225,-0.00543166330356511,-0.0,-0.00643166330356511,-1.2296184335566953,止损,7,False
BTC,-1,2020-06-25 03:15:00,2020-06-25 03:45:00,9116.876260000001,0.005786191954244556,0.002788655532379776,-0.0,0.0017886555323797758,0.3091248175870968,保本/跟踪,3,False
BTC,-1,2020-06-26 07:15:00,2020-06-26 08:00:00,9172.275178000002,0.004184483501525698,0.0017919319922048195,-0.0001,0.0008919319922048195,0.2131522305870279,保本/跟踪,4,False
BTC,-1,2020-06-27 16:45:00,2020-06-27 17:00:00,9076.1844,0.004281213467906549,-0.004482069710600129,-0.0,-0.005482069710600129,-1.2804943625669711,止损,2,False
BTC,-1,2020-06-27 19:45:00,2020-06-27 20:00:00,9025.134612,0.005340811146472227,0.010018468409299708,-0.0,0.009018468409299707,1.688595264271175,保本/跟踪,2,False
BTC,1,2020-06-29 21:00:00,2020-06-30 05:15:00,9182.946222,0.0035404232665579307,-0.0037397151819047094,0.0001,-0.00483971518190471,-1.3669877349467248,止损,34,False
BTC,1,2020-07-01 16:00:00,2020-07-01 16:00:00,9265.60275,0.003708935235385272,-0.003908193448338097,0.0,-0.004908193448338097,-1.3233429911396795,止损,1,False
BTC,-1,2020-07-05 07:00:00,2020-07-05 10:00:00,9058.188,0.002310319908741752,0.0038912675279282774,-0.0001,0.002991267527928277,1.2947417007532016,保本/跟踪,13,False
BTC,-1,2020-07-05 21:30:00,2020-07-05 21:30:00,8970.165608,0.0033756661375243207,-0.00357634127075183,-0.0,-0.00457634127075183,-1.3556853919529117,止损,1,False
BTC,1,2020-07-06 12:45:00,2020-07-06 16:30:00,9241.207872,0.0033257812168126714,0.005171233905968584,0.0001,0.004071233905968584,1.2241436344000798,保本/跟踪,16,False
BTC,1,2020-07-06 23:30:00,2020-07-07 01:00:00,9346.598946,0.0038114913790045744,-0.004010729080728898,0.0001,-0.005110729080728898,-1.34087383979959,止损,7,False
BTC,1,2020-07-08 14:00:00,2020-07-08 15:45:00,9434.8866,0.004236018378436235,-0.004435171174760398,0.0,-0.005435171174760398,-1.2830848899118426,止损,8,False
BTC,1,2020-07-08 22:45:00,2020-07-08 23:00:00,9461.902002,0.0026974634796993456,-0.0028969239870034213,0.0,-0.0038969239870034213,-1.4446623712724984,止损,2,False
BTC,1,2020-07-09 06:45:00,2020-07-09 09:00:00,9416.182859999999,0.002720511297808395,-0.0029199671955487234,0.0001,-0.004019967195548723,-1.4776513513423568,止损,10,False
BTC,1,2020-07-09 13:00:00,2020-07-09 13:00:00,9425.844791999998,0.002539721062263964,-0.0027392131180513407,0.0,-0.0037392131180513407,-1.4722928331027514,止损,1,False
BTC,-1,2020-07-10 04:45:00,2020-07-10 08:30:00,9157.31817,0.0032776967939269004,-0.0034783523332857337,-0.0001,-0.0043783523332857335,-1.3358015120245987,止损,16,False
BTC,-1,2020-07-14 04:30:00,2020-07-14 08:30:00,9181.733286,0.0027760338482907317,-0.0029765890550604414,-0.0001,-0.0038765890550604416,-1.396448770769617,止损,17,False
BTC,-1,2020-07-15 16:00:00,2020-07-15 19:00:00,9202.359160000002,0.0024357951305937317,0.0010131722337187838,-0.0,1.317223371878379e-05,0.0054077757005668295,保本/跟踪,13,False
BTC,-1,2020-07-16 07:15:00,2020-07-16 07:30:00,9126.004434,0.0027913515647697658,-0.002991909835082627,-0.0,-0.003991909835082626,-1.4300992699971435,止损,2,False
BTC,-1,2020-07-16 09:15:00,2020-07-16 09:15:00,9066.826272,0.004090717110697374,-0.004291535254119608,-0.0,-0.005291535254119608,-1.293547099671608,止损,1,False
BTC,1,2020-07-19 23:15:00,2020-07-20 00:45:00,9217.813193999998,0.002429856250613889,-0.002629370279363717,0.0001,-0.0037293702793637167,-1.534811073050726,止损,7,False
BTC,1,2020-07-21 07:45:00,2020-07-21 12:45:00,9323.3643,0.003595618340396995,0.0044416829063074195,0.0001,0.0033416829063074196,0.9293764215082021,保本/跟踪,21,False
BTC,1,2020-07-21 13:30:00,2020-07-21 13:45:00,9426.454914,0.004222138073303199,-0.004421293645688399,0.0,-0.005421293645688399,-1.2840161907464667,止损,2,False
BTC,1,2020-07-22 22:30:00,2020-07-22 22:45:00,9431.365896,0.0026434818430351894,0.006630615927665651,0.0,0.005630615927665651,2.1299998494412575,保本/跟踪,2,False
BTC,1,2020-07-23 17:00:00,2020-07-23 17:15:00,9630.015618,0.004836743421978815,-0.005035776073294394,0.0,-0.006035776073294394,-1.2479008181139013,止损,2,False
BTC,1,2020-07-24 20:45:00,2020-07-24 22:00:00,9608.451306,0.0030903228062694366,-0.0032897047417080943,0.0,-0.004289704741708094,-1.3881089486850477,止损,6,False
BTC,1,2020-07-25 03:45:00,2020-07-25 04:00:00,9602.810178,0.0032874609130420897,-0.0034868034208593163,0.0,-0.004486803420859316,-1.364823351377097,止损,2,False
BTC,1,2020-07-25 21:00:00,2020-07-25 21:15:00,9717.523116,0.003786565807889714,-0.003985808494728136,0.0,-0.004985808494728136,-1.316709849420726,止损,2,False
BTC,1,2020-07-26 08:45:00,2020-07-26 10:15:00,9746.949,0.003039199016224668,0.02753246559513119,0.0,0.02653246559513119,8.730084951162612,保本/跟踪,7,False
BTC,1,2020-07-27 01:30:00,2020-07-27 01:45:00,10115.552706,0.005604626899132249,-0.005803505973752516,0.0,-0.006803505973752516,-1.213908810737408,止损,2,False
BTC,1,2020-07-27 03:45:00,2020-07-27 04:00:00,10182.666125999998,0.007250854797268268,0.0057109771173748285,0.0,0.0047109771173748285,0.6497133440252687,保本/跟踪,2,False
BTC,1,2020-07-27 15:00:00,2020-07-27 15:00:00,10424.43447,0.009322892710229829,-0.009521028131687856,0.0,-0.010521028131687857,-1.1285154145497498,止损,1,True
BTC,1,2020-07-27 17:00:00,2020-07-27 22:15:00,10728.84534,0.012910561081078173,0.04196557728464004,0.0,0.04096557728464004,3.1730284243555866,保本/跟踪,22,True
BTC,1,2020-07-29 08:45:00,2020-07-29 09:15:00,11110.57167,0.006690897319712211,-0.00688955914024837,0.0,-0.00788955914024837,-1.1791481416109544,止损,3,False
BTC,1,2020-07-30 18:15:00,2020-07-31 01:15:00,11088.047166,0.005244120442709283,-0.00544307161862079,0.00082654,-0.00726961161862079,-1.3862403997084918,止损,29,False
BTC,1,2020-07-31 07:00:00,2020-07-31 08:00:00,11153.940341999998,0.004710254523626152,-0.004909312472721345,0.00039348,-0.0063027924727213445,-1.3381001899381841,止损,5,False
BTC,1,2020-07-31 12:00:00,2020-07-31 13:15:00,11234.126375999998,0.0048371643629535,-0.005036196930080883,0.0,-0.006036196930080883,-1.2478792278200097,止损,6,False
BTC,1,2020-07-31 15:30:00,2020-07-31 16:15:00,11283.016152,0.00604612483901326,0.004601785510145044,0.00037716,0.003224625510145044,0.5333375667895256,保本/跟踪,4,False
BTC,1,2020-08-01 04:45:00,2020-08-01 06:30:00,11426.904924,0.006247321440719514,0.016998038590582163,0.0,0.015998038590582162,2.5607836482221478,保本/跟踪,8,False
BTC,1,2020-08-02 04:00:00,2020-08-02 04:15:00,12028.815282,0.00792823072753718,-0.00812664508139162,0.0,-0.009126645081391618,-1.151157855395401,止损,2,True
BTC,-1,2020-08-04 12:00:00,2020-08-04 14:45:00,11125.67442,0.007471410209783242,-0.007672904491825234,-0.0,-0.008672904491825234,-1.1608122494022248,止损,12,False
BTC,1,2020-08-05 10:00:00,2020-08-05 14:15:00,11404.720488,0.004253503230356943,0.011054614339858408,0.0,0.010054614339858409,2.3638431183264084,保本/跟踪,18,False
BTC,1,2020-08-05 15:15:00,2020-08-05 22:00:00,11675.104554,0.00771441467950938,-0.007912871796573465,0.00022044,-0.009133311796573467,-1.1839280329112831,止损,28,True
BTC,1,2020-08-06 08:30:00,2020-08-06 14:45:00,11713.132158,0.005178761019295644,0.007765506984646528,0.0,0.006765506984646528,1.3063949001390096,保本/跟踪,26,False
BTC,1,2020-08-07 02:30:00,2020-08-07 04:15:00,11886.3768,0.005790945979128269,-0.005989787789932419,0.0,-0.006989787789932419,-1.207020030082307,止损,8,False
BTC,1,2020-08-08 21:45:00,2020-08-08 22:45:00,11790.887706,0.00491137392776519,-0.0051103916529796544,0.0,-0.0061103916529796545,-1.2441308161115825,止损,5,False
BTC,-1,2020-08-09 18:00:00,2020-08-09 18:30:00,11532.083122,0.005372015579088544,-0.005573089982204391,-0.0,-0.0065730899822043914,-1.2235798436235419,止损,3,False
BTC,1,2020-08-10 02:00:00,2020-08-10 04:45:00,11867.853095999999,0.00524954476071576,0.009851787706099272,0.0,0.008851787706099273,1.6862010154366907,保本/跟踪,12,False
BTC,1,2020-08-11 01:45:00,2020-08-11 02:45:00,11931.565836,0.005104850186830376,-0.00530382921679299,0.0,-0.00630382921679299,-1.2348705615408209,止损,5,False
BTC,-1,2020-08-11 13:15:00,2020-08-11 15:15:00,11626.754184,0.006059079351319765,0.012594623560915159,-0.0,0.01159462356091516,1.9135949355721285,保本/跟踪,9,False
BTC,-1,2020-08-11 20:30:00,2020-08-11 22:00:00,11261.7472,0.010285109846296336,-0.010487166868265587,-0.0,-0.011487166868265588,-1.1168735229796416,止损,7,True
BTC,-1,2020-08-13 08:15:00,2020-08-13 09:30:00,11477.963948,0.004610868351139566,0.008962541229571307,-0.0,0.007962541229571306,1.7269070862982636,保本/跟踪,6,False
BTC,1,2020-08-14 00:15:00,2020-08-14 00:30:00,11820.96372,0.00680076462696124,-0.006999404474035777,0.0,-0.007999404474035778,-1.1762507472060715,止损,2,True
BTC,1,2020-08-15 00:30:00,2020-08-15 04:00:00,11921.323788,0.005323215064664552,-0.005522150421651644,0.0,-0.006522150421651644,-1.2252276758355327,止损,15,False
BTC,1,2020-08-16 04:00:00,2020-08-16 06:45:00,11944.588440000001,0.005186240521307766,-0.0053852032732034085,0.0,-0.006385203273203409,-1.2311814785622999,止损,12,False
BTC,1,2020-08-17 09:15:00,2020-08-17 13:15:00,11906.720868,0.0041632832109609165,-0.004362450554318832,0.0,-0.005362450554318832,-1.2880340545175495,止损,17,False
BTC,1,2020-08-17 15:45:00,2020-08-17 23:30:00,12373.894284,0.009221000243279143,-0.009419156043230424,0.0008576,-0.011276756043230425,-1.2229428202704635,止损,32,True
BTC,-1,2020-08-19 02:30:00,2020-08-19 04:30:00,11918.605802,0.005393087010431943,0.013005419417313192,-0.0,0.01200541941731319,2.2260756027282516,保本/跟踪,9,False
BTC,-1,2020-08-19 16:30:00,2020-08-19 17:30:00,11692.661,0.007282552491550665,-0.007484009002048937,-0.0,-0.008484009002048938,-1.1649773910853678,止损,5,True
BTC,-1,2020-08-21 10:00:00,2020-08-21 12:30:00,11780.553418,0.0033565987301660666,0.005350875092199539,-0.0,0.004350875092199539,1.2962154376982324,保本/跟踪,11,False
BTC,-1,2020-08-21 21:30:00,2020-08-22 02:00:00,11583.152906,0.006297282240513247,0.007910254506965751,-0.0001,0.007010254506965751,1.1132190426316981,保本/跟踪,19,False
BTC,-1,2020-08-23 05:45:00,2020-08-23 06:00:00,11572.685,0.002694023466472852,-0.002894562271166072,-0.0,-0.003894562271166072,-1.445630418455495,止损,2,False
BTC,-1,2020-08-23 11:00:00,2020-08-23 12:15:00,11533.332871999999,0.0028887785968103965,-0.0030893563525297013,-0.0,-0.004089356352529701,-1.4156004745551998,止损,6,False
BTC,1,2020-08-24 07:00:00,2020-08-24 12:45:00,11757.461022,0.0030838035306968107,0.0017594246216730174,0.0001,0.0006594246216730174,0.2138348358152424,保本/跟踪,24,False
BTC,-1,2020-08-25 12:30:00,2020-08-25 14:30:00,11495.140512,0.004772289932262679,0.004016271404351465,-0.0,0.0030162714043514647,0.6320385909414695,保本/跟踪,9,False
BTC,-1,2020-08-25 17:00:00,2020-08-25 18:15:00,11341.58123,0.006692307304714959,0.007204537374655842,-0.0,0.006204537374655842,0.9271148338159149,保本/跟踪,6,True
BTC,-1,2020-08-26 13:30:00,2020-08-26 13:30:00,11268.235902,0.005441043436954363,-0.005642131645641698,-0.0,-0.006642131645641698,-1.220745932761685,止损,1,False
BTC,-1,2020-08-27 05:45:00,2020-08-27 06:45:00,11354.898566,0.0034900535315463286,-0.003690751542252576,-0.0,-0.004690751542252576,-1.3440342676274817,止损,5,False
BTC,-1,2020-08-27 12:45:00,2020-08-27 12:45:00,11281.753198,0.0043980393827944865,-0.004598918990671003,-0.0,-0.005598918990671003,-1.2730488527625428,止损,1,False
BTC,1,2020-08-28 15:30:00,2020-08-29 10:45:00,11498.2992,0.004282800257697947,-0.004481943697646419,0.00030000000000000003,-0.005781943697646419,-1.3500381408761468,止损,78,False
BTC,1,2020-08-29 18:45:00,2020-08-29 20:30:00,11544.268391999998,0.0029167813862507734,-0.0031161980299735325,0.0,-0.004116198029973532,-1.4112123895800388,止损,8,False
BTC,1,2020-08-30 01:45:00,2020-08-30 05:00:00,11622.023940000001,0.003775910804352507,-0.0039751556221915806,0.0,-0.004975155622191581,-1.3176041172521076,止损,14,False
BTC,1,2020-08-31 13:00:00,2020-08-31 20:15:00,11731.29579,0.004129645371270058,-0.004328819442195706,0.00015461,-0.005483429442195706,-1.3278209020909941,止损,30,False
BTC,1,2020-09-01 06:00:00,2020-09-01 11:45:00,11808.141156,0.004400793957393637,0.007065271502975787,0.00022961,0.005835661502975787,1.3260474267765874,保本/跟踪,24,False
BTC,1,2020-09-01 15:30:00,2020-09-01 23:45:00,11962.832088000001,0.00504432365022374,-0.00524331478549375,0.0004686,-0.006711914785493749,-1.330587656721044,止损,34,False
BTC,-1,2020-09-03 04:45:00,2020-09-03 07:45:00,11325.224502000001,0.00470026836161445,-0.004901208415286901,-0.0,-0.005901208415286901,-1.255504571500669,止损,13,False
BTC,-1,2020-09-03 11:30:00,2020-09-03 12:15:00,11221.165318,0.0066186093539531655,0.018926590666981873,-0.0,0.01792659066698187,2.708513179777663,保本/跟踪,4,True
BTC,-1,2020-09-03 12:30:00,2020-09-03 15:45:00,10798.479872,0.014531275350893562,0.007959249359056593,-0.0,0.006959249359056593,0.478915249419498,保本/跟踪,14,True
BTC,-1,2020-09-03 23:30:00,2020-09-04 00:30:00,10183.36292,0.015294015340530286,-0.015497074143598383,-0.0001,-0.016397074143598384,-1.0721235580393926,止损,5,True
BTC,-1,2020-09-04 07:45:00,2020-09-04 07:45:00,10146.480298,0.009486844494369888,-0.009688741863268638,-0.0,-0.010688741863268639,-1.126690952888712,止损,1,True
BTC,-1,2020-09-04 14:30:00,2020-09-04 14:45:00,10297.999988,0.010008534051462334,-0.010210535758272663,-0.0,-0.011210535758272664,-1.1200976787039763,止损,2,True
BTC,-1,2020-09-05 09:00:00,2020-09-05 12:00:00,10320.225542000002,0.008131438067366686,0.00560641530411418,-0.0,0.00460641530411418,0.5664945445013932,保本/跟踪,13,True
BTC,-1,2020-09-05 12:15:00,2020-09-05 13:00:00,10117.416112,0.010979028414024915,-0.011181224219707787,-0.0,-0.012181224219707788,-1.1094992890397437,止损,4,True
BTC,-1,2020-09-07 06:00:00,2020-09-07 08:15:00,10107.108173999999,0.006168751939293862,-0.006369985689681809,-0.0001,-0.007269985689681809,-1.178518079706412,止损,10,False
BTC,-1,2020-09-07 11:45:00,2020-09-07 13:45:00,10012.007198000001,0.008188196128201163,-0.008389833767426741,-0.0,-0.00938983376742674,-1.146752425126578,止损,9,True
BTC,-1,2020-09-08 10:00:00,2020-09-08 14:00:00,10015.636472,0.007602419888426237,-0.007803940372403888,-0.0,-0.008803940372403889,-1.1580444781544914,止损,17,True
BTC,-1,2020-09-08 22:30:00,2020-09-08 22:30:00,9935.232555999999,0.0093253751186978,-0.009527240193721533,-0.0,-0.010527240193721532,-1.1288811505945684,止损,1,True
BTC,1,2020-09-09 18:30:00,2020-09-09 21:00:00,10292.498088,0.004915448106420762,-0.005114465016799513,0.0,-0.006114465016799513,-1.2439283020428076,止损,11,False
BTC,1,2020-09-10 13:45:00,2020-09-10 16:15:00,10401.0798,0.005156878274927085,-0.005355846899272038,0.0001,-0.006455846899272038,-1.2518904955853976,止损,11,False
BTC,1,2020-09-12 15:45:00,2020-09-12 19:15:00,10379.115408000001,0.0029825080626371576,0.004928627721102143,0.0001,0.003828627721102143,1.2836940054126256,保本/跟踪,15,False
BTC,1,2020-09-14 13:15:00,2020-09-14 14:30:00,10564.432464,0.005301725137709704,0.00226660392574192,0.0,0.00126660392574192,0.23890411004767423,保本/跟踪,6,False
BTC,1,2020-09-14 15:30:00,2020-09-14 23:15:00,10681.125798,0.006187474168377401,-0.006386236673543616,8.68e-06,-0.0073949166735436155,-1.1951430377418213,止损,32,False
BTC,1,2020-09-15 02:45:00,2020-09-15 03:45:00,10789.447458,0.004977383098014271,-0.005176387621394703,0.0,-0.006176387621394703,-1.2408905442417673,止损,5,False
BTC,1,2020-09-15 10:45:00,2020-09-15 14:00:00,10757.291028,0.005853280806745767,0.005813376087835374,0.0,0.004813376087835374,0.822338146204787,保本/跟踪,14,False
BTC,1,2020-09-16 07:00:00,2020-09-16 08:15:00,10833.26622,0.004485098371423486,0.002544494161921824,-1.488e-05,0.0015593741619218241,0.34767892090333535,保本/跟踪,6,False
BTC,1,2020-09-16 15:30:00,2020-09-16 17:15:00,10954.420446,0.0056253737844527115,0.0037577809475949466,-3.198e-05,0.0027897609475949466,0.49592454732612234,保本/跟踪,8,False
BTC,1,2020-09-17 21:00:00,2020-09-18 00:30:00,10928.175197999999,0.003752224162517495,-0.0039514737176848955,9.425e-05,-0.005045723717684895,-1.3447287526392206,止损,15,False
BTC,1,2020-09-18 09:45:00,2020-09-18 10:30:00,11011.381836,0.003575307991919255,-0.0037745929303208167,0.0,-0.004774592930320816,-1.3354354201406227,止损,4,False
BTC,1,2020-09-19 11:30:00,2020-09-19 12:00:00,11006.500859999998,0.0034641257123336046,0.008314666279245654,0.0,0.007314666279245654,2.1115475842007294,保本/跟踪,3,False
BTC,-1,2020-09-20 16:30:00,2020-09-20 16:30:00,10763.286912000001,0.004370479555440485,-0.0045713536513515745,-0.0,-0.0055713536513515745,-1.2747694116120987,止损,1,False
BTC,-1,2020-09-21 08:45:00,2020-09-21 13:00:00,10827.504066,0.003722184888052077,0.019614352581036474,-0.0,0.018614352581036473,5.000921002282045,保本/跟踪,18,False
BTC,-1,2020-09-21 14:30:00,2020-09-21 14:45:00,10485.95239,0.008263821955412186,0.005892428957892565,-0.0,0.004892428957892565,0.5920298119066311,保本/跟踪,2,True
BTC,-1,2020-09-22 07:45:00,2020-09-22 08:00:00,10361.867212000001,0.004777327191700223,-0.004978282657138462,-0.0001,-0.005878282657138462,-1.2304542731238837,止损,2,False
BTC,-1,2020-09-23 04:30:00,2020-09-23 05:30:00,10449.529676000002,0.003008130669079837,-0.0032087322952136137,-0.0,-0.004208732295213614,-1.3991188409714366,止损,5,False
BTC,-1,2020-09-23 07:30:00,2020-09-23 07:45:00,10380.343516,0.0037481926291269485,-0.003948942267652617,-0.0,-0.004948942267652617,-1.3203543033500267,止损,2,False
BTC,-1,2020-09-23 20:45:00,2020-09-23 22:00:00,10223.794832,0.005588821214904468,-0.0057899389791475605,-0.0,-0.0067899389791475605,-1.2149143295262173,止损,6,False
BTC,1,2020-09-24 23:00:00,2020-09-25 00:00:00,10759.911552,0.006177151572106435,-0.006375916141791989,-0.00023219,-0.007143726141791989,-1.1564757734050466,止损,5,False
BTC,1,2020-09-27 01:00:00,2020-09-27 06:15:00,10770.1536,0.002709842693698448,-0.0029093007251596503,0.0,-0.00390930072515965,-1.4426301328303885,止损,22,False
BTC,1,2020-09-27 23:45:00,2020-09-28 00:15:00,10761.221813999999,0.002917310908830739,0.007653316456394871,0.0001,0.006553316456394871,2.2463551747459944,保本/跟踪,3,False
BTC,-1,2020-09-29 17:15:00,2020-09-29 18:15:00,10643.32091,0.0043202159827781805,-0.004521080025974678,-0.0,-0.005521080025974678,-1.2779638906905446,止损,5,False
BTC,-1,2020-09-30 09:45:00,2020-09-30 10:00:00,10663.236926000001,0.004004809012567527,-0.004205609974370075,-0.0,-0.005205609974370075,-1.2998397571605298,止损,2,False
BTC,1,2020-10-01 02:00:00,2020-10-01 03:00:00,10835.296626,0.0033139823407460182,-0.0035133195442779448,0.0,-0.004513319544277945,-1.3619021105773126,止损,5,False
BTC,1,2020-10-01 08:15:00,2020-10-01 15:45:00,10848.029172,0.0036948809442535926,-0.0038941419680646365,0.0,-0.0048941419680646366,-1.3245736579621534,止损,31,False
BTC,-1,2020-10-02 05:15:00,2020-10-02 06:00:00,10487.762028000001,0.004930049996649328,0.0020354330426972348,-0.0,0.0010354330426972347,0.21002485642152902,保本/跟踪,4,False
BTC,1,2020-10-05 00:15:00,2020-10-05 03:15:00,10711.731918,0.003264562204380178,-0.0034639092919392317,0.0,-0.004463909291939232,-1.3673837447330142,止损,13,False
BTC,1,2020-10-05 20:30:00,2020-10-06 07:45:00,10750.159602,0.0026342533282527965,-0.0028337264775871417,-1.26e-06,-0.003832466477587142,-1.4548587398498518,止损,46,False
BTC,-1,2020-10-08 07:15:00,2020-10-08 09:45:00,10587.222132,0.0026260065869797584,0.0015653661175208515,-3.248e-05,0.0005978461175208514,0.2276636016394957,保本/跟踪,11,False
BTC,1,2020-10-08 15:00:00,2020-10-08 18:30:00,10912.13199,0.006257481839377303,-0.00645623034300942,8.856e-05,-0.0075447903430094195,-1.205723090641877,止损,15,False
BTC,1,2020-10-09 00:00:00,2020-10-09 00:15:00,10921.633890000001,0.003480746289286012,-0.0036800501400281603,0.0,-0.004680050140028161,-1.344553653460378,止损,2,False
BTC,1,2020-10-09 11:15:00,2020-10-10 02:15:00,11039.2074,0.004039392116009255,0.026988707692374766,0.0002,0.025788707692374766,6.384304111048494,保本/跟踪,61,False
BTC,1,2020-10-12 15:45:00,2020-10-12 22:30:00,11560.931724,0.00592202214410421,0.008312658789964759,0.0001,0.007212658789964759,1.2179385038513353,保本/跟踪,28,False
BTC,1,2020-10-14 14:00:00,2020-10-14 14:15:00,11535.446628,0.004312659462627833,-0.004511796930735414,0.0,-0.005511796930735414,-1.2780505807376943,止损,2,False
BTC,-1,2020-10-14 16:00:00,2020-10-14 20:45:00,11317.546038,0.005768141740885592,-0.005969295369233734,-0.0,-0.006969295369233734,-1.2082392705148275,止损,20,False
BTC,-1,2020-10-15 09:45:00,2020-10-15 09:45:00,11288.521844,0.0032585549394466336,-0.003459206650434497,-0.0,-0.0044592066504344965,-1.3684613987793488,止损,1,False
BTC,1,2020-10-15 20:15:00,2020-10-15 21:00:00,11558.301198,0.005673719546963452,-0.005872584803054049,0.0,-0.006872584803054049,-1.211301465672942,止损,4,False
BTC,1,2020-10-18 14:30:00,2020-10-18 14:30:00,11462.081958,0.0023440338152091737,-0.0025435650084460453,0.0,-0.0035435650084460453,-1.5117380071284634,止损,1,False
BTC,1,2020-10-18 23:45:00,2020-10-19 00:15:00,11483.236188,0.0023596339343260175,0.000453327260257791,0.0001,-0.000646672739742209,-0.27405638236293556,保本/跟踪,3,False
BTC,1,2020-10-19 13:15:00,2020-10-19 17:00:00,11598.329202,0.004252756570578127,0.011672240068502517,0.0001,0.010572240068502516,2.4859734840325713,保本/跟踪,16,False
BTC,1,2020-10-19 22:45:00,2020-10-19 23:00:00,11770.823693999999,0.004116578193875378,-0.004315754878236552,0.0,-0.005315754878236552,-1.2913042405329025,止损,2,False
BTC,1,2020-10-20 11:15:00,2020-10-20 11:15:00,11907.381,0.00475402301404333,-0.004953072209440446,0.0,-0.005953072209440446,-1.2522177936150367,止损,1,False
BTC,1,2020-10-21 03:15:00,2020-10-21 12:00:00,12167.68305,0.005544739793784806,0.009435680660817567,7.487e-05,0.008360810660817569,1.5078815186583407,保本/跟踪,36,False
BTC,1,2020-10-21 13:00:00,2020-10-21 14:30:00,12403.740252,0.007008872347135015,0.024430152826375208,0.0,0.023430152826375207,3.3429276017493232,保本/跟踪,7,True
BTC,1,2020-10-21 22:30:00,2020-10-21 23:00:00,13042.277934,0.009514881256168345,-0.009712978279917083,0.0,-0.010712978279917084,-1.1259182318194494,止损,3,True
BTC,1,2020-10-26 11:15:00,2020-10-26 12:00:00,13165.152504,0.004645792799911323,-0.004844863641351292,0.0,-0.005844863641351292,-1.258098217695558,止损,4,False
BTC,1,2020-10-27 10:30:00,2020-10-27 12:00:00,13187.416956000001,0.003858056278533095,0.014836950672434523,0.0,0.013836950672434522,3.5865082501325225,保本/跟踪,7,False
BTC,1,2020-10-27 15:45:00,2020-10-27 18:15:00,13529.2053,0.007521545486860387,0.004085565757691771,0.0001,0.002985565757691771,0.3969351462285703,保本/跟踪,11,True
BTC,1,2020-10-27 23:15:00,2020-10-27 23:30:00,13748.689188,0.007052967601423776,-0.007251557007903474,0.0,-0.008251557007903474,-1.1699411473601184,止损,2,True
BTC,-1,2020-10-29 10:45:00,2020-10-29 11:30:00,13065.396398,0.006093887219362747,-0.006295105996806579,-0.0,-0.007295105996806579,-1.1971186426993716,止损,4,False
BTC,1,2020-10-30 20:45:00,2020-10-30 21:00:00,13635.186491999999,0.006027223590861555,-0.006226018146143435,0.0,-0.007226018146143435,-1.1988966457291357,止损,2,False
BTC,1,2020-10-31 10:00:00,2020-10-31 10:15:00,13893.748194,0.008368271097276081,0.0006802059363707992,0.0,-0.00031979406362920085,-0.03821506974520646,保本/跟踪,2,True
BTC,-1,2020-11-02 11:30:00,2020-11-02 13:00:00,13411.247214,0.007075171783449267,0.004587085759267903,-0.0,0.003587085759267903,0.5069962778372481,保本/跟踪,7,True
BTC,-1,2020-11-03 03:00:00,2020-11-03 08:15:00,13419.625538,0.006510531130141533,-0.006711833236367467,4.67e-06,-0.007716503236367467,-1.1852340588070758,止损,22,True
BTC,1,2020-11-03 23:15:00,2020-11-03 23:30:00,13888.057056,0.00566976285178771,0.0038412053997892966,0.0,0.0028412053997892966,0.5011153859624742,保本/跟踪,2,False
BTC,1,2020-11-04 16:15:00,2020-11-04 17:45:00,13959.911424,0.007171127595156959,0.010409145171364051,0.0,0.009409145171364052,1.3120872619416988,保本/跟踪,7,True
BTC,1,2020-11-05 07:30:00,2020-11-05 08:30:00,14441.367696,0.007252234143900906,-0.007450783697072153,0.0001,-0.008550783697072153,-1.1790551059721812,止损,5,True
BTC,1,2020-11-05 11:00:00,2020-11-05 11:15:00,14651.389691999999,0.0076828904624484376,-0.007881353884355919,0.0,-0.00888135388435592,-1.1559912155152017,止损,2,True
BTC,1,2020-11-05 12:30:00,2020-11-05 16:30:00,14775.9546,0.008994894570520934,0.0237092516486519,0.0001,0.0226092516486519,2.5135649419115422,保本/跟踪,17,True
BTC,1,2020-11-05 22:30:00,2020-11-05 23:30:00,15406.220628,0.011956055726052208,0.005892888974494842,0.0,0.004892888974494842,0.40923939187011754,保本/跟踪,5,True
BTC,1,2020-11-06 00:45:00,2020-11-06 02:00:00,15920.953554,0.015868547188089274,-0.016065373478651702,0.0,-0.017065373478651703,-1.0754212894461286,止损,6,True
BTC,1,2020-11-08 17:15:00,2020-11-08 18:30:00,15444.28824,0.006840668085869813,0.003945813376787723,0.0,0.002945813376787723,0.4306324089707903,保本/跟踪,6,False
BTC,1,2020-11-09 11:15:00,2020-11-09 12:00:00,15551.589696,0.007192400456019597,0.008301972517187811,0.0,0.007301972517187811,1.0152344216424307,保本/跟踪,4,True
BTC,1,2020-11-11 13:15:00,2020-11-11 13:30:00,15706.520675999998,0.006360656007263458,-0.006559383876061913,0.0,-0.007559383876061913,-1.1884597858191963,止损,2,False
BTC,1,2020-11-11 16:15:00,2020-11-11 18:45:00,15727.614893999998,0.006454580306402016,0.005927223898138229,0.0,0.004927223898138229,0.7633685947405645,保本/跟踪,11,False
BTC,1,2020-11-12 05:45:00,2020-11-12 08:30:00,15761.121593999998,0.005107229470726025,0.0034975332750533422,0.0001,0.0023975332750533424,0.469439113475455,保本/跟踪,12,False
BTC,1,2020-11-12 10:00:00,2020-11-12 10:15:00,16064.522261999999,0.007290888025126004,-0.007489429847520912,0.0,-0.00848942984752091,-1.1643890042289042,止损,2,True
BTC,1,2020-11-13 01:15:00,2020-11-13 05:00:00,16453.400022,0.00873794749337929,-0.00893619990388062,0.0,-0.00993619990388062,-1.1371320222980559,止损,16,True
BTC,-1,2020-11-14 17:15:00,2020-11-14 17:30:00,15791.831002,0.0067368144089557215,-0.0069381617718375505,-0.0,-0.007938161771837551,-1.1783257323052858,止损,2,False
BTC,-1,2020-11-15 20:30:00,2020-11-15 21:00:00,15806.93798,0.004934753785361928,-0.005135740736119018,-0.0,-0.006135740736119018,-1.2433732265061743,止损,3,False
BTC,-1,2020-11-15 22:15:00,2020-11-15 22:30:00,15791.731022,0.0047542904838301855,-0.004955241341926976,-0.0,-0.005955241341926976,-1.2526035929401755,止损,2,False
BTC,1,2020-11-16 10:30:00,2020-11-16 11:45:00,16337.2668,0.0048144928111674475,-0.005013529912605118,0.0,-0.006013529912605118,-1.2490474383213215,止损,6,False
BTC,1,2020-11-16 14:15:00,2020-11-16 21:45:00,16418.293002,0.005613906821681461,0.01918684754757452,0.0001,0.01808684754757452,3.2217933289739213,保本/跟踪,31,False
BTC,1,2020-11-17 11:30:00,2020-11-17 17:00:00,16934.376198,0.00537266701729639,0.03684646577446216,0.0001,0.03574646577446216,6.653393121029551,保本/跟踪,23,False
BTC,1,2020-11-17 17:45:00,2020-11-17 19:00:00,17789.5572,0.011488701256723919,-0.011686403516472384,0.0,-0.012686403516472385,-1.1042504485916103,止损,6,True
BTC,1,2020-11-18 04:30:00,2020-11-18 05:30:00,18199.649201999997,0.009881213373235683,-0.010079237130561022,0.0,-0.011079237130561023,-1.1212425753875848,止损,5,True
BTC,1,2020-11-19 14:00:00,2020-11-19 23:00:00,18026.684616000002,0.010373180263233502,-0.01057110562718072,0.00052207,-0.012093175627180718,-1.165811768454804,止损,37,True
BTC,1,2020-11-20 07:15:00,2020-11-20 07:15:00,18335.226312000003,0.007478321984759182,-0.007676826320362168,0.0,-0.008676826320362168,-1.1602638049077771,止损,1,True
BTC,1,2020-11-20 14:45:00,2020-11-21 02:30:00,18567.2127,0.008751504525888368,0.012066484387512474,0.00048617,0.010580314387512476,1.2089709096549275,保本/跟踪,48,True
BTC,1,2020-11-21 13:45:00,2020-11-21 14:15:00,18813.281904,0.007878246614061576,-0.008076670964738686,0.0,-0.009076670964738687,-1.1521181564103478,止损,3,True
BTC,-1,2020-11-23 01:00:00,2020-11-23 02:00:00,18159.377398,0.009289660801654278,-0.009491518733814522,-0.0,-0.010491518733814521,-1.1293758682713388,止损,5,True
BTC,1,2020-11-23 10:15:00,2020-11-23 12:00:00,18717.972846,0.007818224580782837,-0.00801666093586666,0.0,-0.009016660935866661,-1.1532875325722385,止损,8,True
BTC,1,2020-11-24 14:45:00,2020-11-24 20:00:00,19342.957818,0.011343352609570707,-0.01154108393904878,0.00081176,-0.013352843939048781,-1.1771514470759386,止损,22,True
BTC,1,2020-11-25 10:15:00,2020-11-25 14:00:00,19243.64796,0.007111939004698275,-0.001007271700266469,0.0,-0.002007271700266469,-0.28223972378565526,保本/跟踪,16,False
BTC,-1,2020-11-26 08:30:00,2020-11-26 09:00:00,17069.595397999998,0.021635924011218426,0.008286549221694181,-0.0,0.007286549221694181,0.3367801263267535,保本/跟踪,3,True
BTC,-1,2020-11-26 15:00:00,2020-11-26 15:00:00,16740.711188,0.01968558934237952,-0.019889526460247893,-0.0,-0.020889526460247894,-1.0611582969109548,止损,1,True
BTC,-1,2020-11-26 17:00:00,2020-11-26 20:45:00,16682.372858,0.021106601158189617,-0.02131082247842122,-0.0,-0.02231082247842122,-1.0570542509997802,止损,16,True
BTC,1,2020-11-28 19:45:00,2020-11-28 20:45:00,17816.992686,0.007331818983637936,-0.0075303526198412015,0.0,-0.0085303526198412,-1.163470161889972,止损,5,False
BTC,1,2020-11-29 04:00:00,2020-11-29 06:00:00,17873.584002,0.00680443797112233,-0.007003077083528188,0.0,-0.008003077083528189,-1.1761554910916696,止损,9,False
BTC,1,2020-11-29 08:15:00,2020-11-29 12:30:00,18043.608,0.006655295239745159,-0.006853964180697155,0.0,-0.007853964180697155,-1.1801075531245546,止损,18,False
BTC,1,2020-11-30 02:00:00,2020-11-30 09:30:00,18482.655791999998,0.007488003288411925,-0.007686505687754094,0.0001,-0.008786505687754093,-1.17341103486849,止损,31,False
BTC,1,2020-11-30 12:30:00,2020-11-30 15:00:00,18757.900830000002,0.007414195487884853,0.04206197316839728,0.0,0.04106197316839728,5.5382911383297735,保本/跟踪,11,False
BTC,1,2020-12-01 11:15:00,2020-12-01 11:15:00,19908.810966,0.008636381209189557,-0.008834653932947736,0.0,-0.009834653932947735,-1.138747085698713,止损,1,True
BTC,1,2020-12-02 08:30:00,2020-12-02 09:45:00,19350.459318,0.01210790873869212,-0.012305487156944296,0.0,-0.013305487156944296,-1.0989087747601851,止损,6,True
BTC,1,2020-12-02 22:15:00,2020-12-03 01:00:00,19206.700572,0.007489899898675931,-0.007688401918696167,0.0001,-0.008788401918696166,-1.1733670726693937,止损,12,False
BTC,1,2020-12-03 08:30:00,2020-12-03 09:00:00,19446.898601999997,0.00829553983181186,-0.0084938807238454,0.0,-0.0094938807238454,-1.1444560470239833,止损,3,True
BTC,-1,2020-12-04 22:00:00,2020-12-04 23:00:00,18818.225602000002,0.006573457294501257,0.0024491504148329685,-0.0,0.0014491504148329685,0.22045483067870433,保本/跟踪,5,False
BTC,1,2020-12-06 01:30:00,2020-12-06 02:00:00,19310.171262,0.0050492279198691885,-0.005248218074285223,0.0,-0.006248218074285223,-1.2374600975523198,止损,3,False
BTC,-1,2020-12-08 12:45:00,2020-12-08 13:00:00,18654.938265999997,0.007677221632753335,-0.007878757077079896,-0.0,-0.008878757077079896,-1.1565065464829685,止损,2,False
BTC,-1,2020-12-08 23:00:00,2020-12-09 01:30:00,18312.3368,0.008252446283275632,0.0009743874307888833,-0.0001,7.438743078888323e-05,0.009013985457819512,保本/跟踪,11,True
BTC,-1,2020-12-09 08:00:00,2020-12-09 09:15:00,17919.685346000002,0.008892627657681824,-0.009094406183213355,-0.0,-0.010094406183213354,-1.1351432413223086,止损,6,True
BTC,-1,2020-12-10 10:00:00,2020-12-10 15:45:00,18232.992672,0.006363421648265249,0.0054108542210576,-0.0,0.0044108542210576,0.6931576225598779,保本/跟踪,24,False
BTC,-1,2020-12-11 01:00:00,2020-12-11 03:15:00,18006.398,0.006840062187553779,0.0035892617685567667,-0.0,0.0025892617685567667,0.37854360056377906,保本/跟踪,10,False
BTC,1,2020-12-12 09:30:00,2020-12-12 10:15:00,18455.84043,0.004512798949266787,-0.0047118963894769265,0.0,-0.0057118963894769266,-1.2657103615052387,止损,4,False
BTC,1,2020-12-12 12:00:00,2020-12-12 12:30:00,18501.779616,0.004354225757146328,-0.0045533549119948745,0.0,-0.0055533549119948745,-1.2753943460282207,止损,3,False
BTC,1,2020-12-12 18:15:00,2020-12-12 19:45:00,18576.784614,0.004737786675031354,0.006907135559379444,0.0,0.005907135559379444,1.2468133254100875,保本/跟踪,7,False
BTC,1,2020-12-12 22:45:00,2020-12-12 23:00:00,18896.928630000002,0.005935637752595284,-0.0061344506250446415,0.0,-0.0071344506250446416,-1.201968671677309,止损,2,False
BTC,1,2020-12-13 04:45:00,2020-12-13 11:00:00,18869.07306,0.004367379997813501,0.02014042254400375,0.0001,0.01904042254400375,4.359689917876668,保本/跟踪,26,False
BTC,1,2020-12-15 00:45:00,2020-12-15 03:00:00,19370.863398,0.00453297842266723,0.003984571325219572,0.0,0.002984571325219572,0.6584128683020364,保本/跟踪,10,False
BTC,1,2020-12-15 14:15:00,2020-12-15 14:15:00,19392.297683999997,0.005160693126074493,-0.005359660987449252,0.0,-0.006359660987449252,-1.2323269049494443,止损,1,False
BTC,1,2020-12-15 18:45:00,2020-12-15 21:15:00,19498.888998000002,0.004577788703126401,-0.004776873145385869,0.0,-0.005776873145385869,-1.2619352967166337,止损,11,False
BTC,1,2020-12-16 11:00:00,2020-12-16 11:00:00,19815.61233,0.005490971493455167,-0.005689873299156488,0.0,-0.006689873299156488,-1.218340562709226,止损,1,False
BTC,1,2020-12-16 13:45:00,2020-12-16 14:15:00,20267.35266,0.009244432180252971,0.011950050124521893,0.0,0.010950050124521892,1.1845021858575902,保本/跟踪,3,True
BTC,1,2020-12-16 21:45:00,2020-12-17 00:00:00,20978.104782,0.00819113202325243,0.014571486383858122,0.0001,0.013471486383858124,1.6446428095184136,保本/跟踪,10,True
BTC,1,2020-12-17 01:15:00,2020-12-17 09:15:00,21779.344998,0.011998951434653982,0.05880190942583211,0.00021355,0.05758835942583211,4.799449330173308,保本/跟踪,33,True
BTC,1,2020-12-17 16:15:00,2020-12-17 17:45:00,23478.844830000002,0.01732681200666119,-0.017523346644259793,0.0,-0.018523346644259794,-1.0690568257529778,止损,7,True
BTC,1,2020-12-19 16:15:00,2020-12-19 18:15:00,23950.669176,0.01303891949643574,-0.013236311712536456,0.0,-0.014236311712536455,-1.0918321657272314,止损,9,True
BTC,1,2020-12-20 08:30:00,2020-12-20 09:45:00,23800.489146,0.008058011255168642,-0.008256399652917606,0.0,-0.009256399652917607,-1.1487201196176395,止损,6,False
BTC,1,2020-12-20 16:00:00,2020-12-20 16:45:00,23904.719987999997,0.00785754180984275,-0.008055970301480754,0.0,-0.009055970301480754,-1.152519518271833,止损,4,False
BTC,1,2020-12-20 20:00:00,2020-12-20 21:00:00,23956.190280000003,0.006990267422928584,0.006063700985306597,0.0,0.005063700985306597,0.724393028040285,保本/跟踪,5,False
BTC,1,2020-12-21 03:00:00,2020-12-21 08:45:00,23874.203886,0.009101596520588368,-0.009299776201284258,0.00030249,-0.010602266201284257,-1.1648798293026155,止损,24,True
BTC,-1,2020-12-22 08:30:00,2020-12-22 08:45:00,22468.085484000003,0.011340364143334846,-0.01154263221616365,-0.0,-0.012542632216163651,-1.106016707896935,止损,2,True
BTC,1,2020-12-23 01:00:00,2020-12-23 01:30:00,24019.532946,0.008774135914099479,-0.008972381086916649,0.0,-0.00997238108691665,-1.1365656042427685,止损,3,False
BTC,1,2020-12-23 13:30:00,2020-12-23 13:45:00,23915.052054,0.014495603789228834,-0.014692704668470983,0.0,-0.01569270466847098,-1.082583719633098,止损,2,True
BTC,1,2020-12-25 11:30:00,2020-12-25 14:30:00,24294.858,0.008883237861653905,-0.0090814612140816,0.0,-0.0100814612140816,-1.1348858795732626,止损,13,False
BTC,1,2020-12-26 02:00:00,2020-12-26 05:00:00,24933.265656,0.00864714643837465,-0.008845417009086955,0.0,-0.009845417009086956,-1.1385741040991941,止损,13,False
BTC,1,2020-12-26 15:00:00,2020-12-26 17:45:00,25395.077999999998,0.008550705827160334,0.011901007178563539,0.0001,0.01080100717856354,1.2631714149556383,保本/跟踪,12,False
BTC,1,2020-12-26 20:45:00,2020-12-26 22:00:00,26348.898726,0.010806586206926472,0.004436316485158784,0.0,0.003436316485158784,0.31798353516638583,保本/跟踪,6,True
BTC,1,2020-12-27 06:15:00,2020-12-27 11:30:00,27497.918483999998,0.011468522067956831,0.017461358019652103,0.00025468,0.0162066780196521,1.4131444246799443,保本/跟踪,22,True
BTC,1,2020-12-29 21:15:00,2020-12-29 21:30:00,27135.415998,0.009244123269533718,-0.00944227444487982,0.0,-0.010442274444879818,-1.129612202305318,止损,2,False
BTC,1,2020-12-29 23:45:00,2020-12-30 03:30:00,27307.500408,0.009362809325898556,0.023904129449145443,0.00048979,0.02241433944914544,2.393975853715714,保本/跟踪,16,False
BTC,1,2020-12-30 06:45:00,2020-12-30 08:15:00,28577.404337999997,0.011286138061764804,-0.01148388083415241,0.00076836,-0.013252240834152409,-1.1742050966971926,止损,7,True
BTC,1,2020-12-30 15:15:00,2020-12-30 16:00:00,28253.69961,0.010962999587399713,-0.011160806987482192,0.0006288,-0.012789606987482193,-1.1666156589280443,止损,4,True
BTC,1,2020-12-30 18:15:00,2020-12-30 21:00:00,28428.644591999997,0.00946201343822778,0.006723399876985935,0.0,0.005723399876985935,0.604881816576443,保本/跟踪,12,False
BTC,1,2021-01-01 12:45:00,2021-01-01 12:45:00,29528.45451,0.0075957434644498565,-0.007794224315756983,0.0,-0.008794224315756983,-1.1577832185771337,止损,1,False
BTC,1,2021-01-02 01:45:00,2021-01-02 09:30:00,29376.894204,0.007058063742117548,0.009007169298749623,0.00020151,0.0078056592987496235,1.1059207714675277,保本/跟踪,32,False
BTC,1,2021-01-02 12:30:00,2021-01-02 16:45:00,30342.46728,0.008706048738375693,0.06858050919438226,0.00115471,0.06642579919438225,7.629844627630176,保本/跟踪,18,False
BTC,1,2021-01-03 07:30:00,2021-01-03 08:00:00,34536.565932000005,0.015133712904599014,-0.015330686162018074,0.00114744,-0.017478126162018073,-1.1549132900959558,止损,3,True
BTC,1,2021-01-05 19:00:00,2021-01-05 23:15:00,33418.1823,0.014910704668934373,0.01128205029767147,0.0,0.010282050297671468,0.6895750754887896,保本/跟踪,18,True
BTC,1,2021-01-06 23:45:00,2021-01-07 18:15:00,36774.203369999996,0.01897846429835147,0.07854032059249588,0.0034290099999999997,0.07411131059249589,3.905021472097373,保本/跟踪,75,True
BTC,1,2021-01-08 10:45:00,2021-01-08 15:30:00,40700.078388,0.020148839271852986,-0.02034480950399867,0.0,-0.021344809503998672,-1.0593567806070299,止损,20,True
BTC,1,2021-01-09 11:30:00,2021-01-09 11:45:00,41179.714296000006,0.01551479573568723,-0.015711692776540127,0.0,-0.016711692776540128,-1.0771455236178062,止损,2,True
BTC,1,2021-01-09 14:15:00,2021-01-09 14:45:00,41408.28,0.014544065046409895,-0.014741156233400644,0.0,-0.015741156233400645,-1.0823078818178309,止损,3,True
BTC,1,2021-01-10 01:30:00,2021-01-10 03:00:00,41315.581463999995,0.011452281548795679,-0.011649991092485941,0.0,-0.012649991092485942,-1.1045826142666055,止损,7,True
BTC,-1,2021-01-10 20:15:00,2021-01-10 20:45:00,36873.013922,0.023842494636253035,-0.024047263135180172,-0.0,-0.025047263135180173,-1.0505303038674174,止损,3,True
BTC,-1,2021-01-11 03:15:00,2021-01-11 03:45:00,35723.183934,0.02939472815775697,0.014212034428884994,-0.0,0.013212034428884994,0.4494695224932187,保本/跟踪,3,True
BTC,-1,2021-01-11 07:00:00,2021-01-11 07:30:00,32917.935096,0.042574899011633305,-0.04278341399143565,-0.0,-0.04378341399143565,-1.0283856217597163,止损,3,True
BTC,-1,2021-01-11 14:00:00,2021-01-11 21:15:00,32839.550776000004,0.0380062604702991,-0.03821386172239321,-0.00053444,-0.03867942172239321,-1.0177118517782135,止损,30,True
BTC,-1,2021-01-12 14:30:00,2021-01-12 15:00:00,32990.4006,0.02739348796343517,-0.027598966661027804,-0.0,-0.028598966661027805,-1.0440060316233446,止损,3,True
BTC,-1,2021-01-13 00:30:00,2021-01-13 03:00:00,33096.209434000004,0.02634262304878781,-0.026547891573397583,-0.0,-0.027547891573397584,-1.045753550144857,止损,11,True
BTC,1,2021-01-13 22:00:00,2021-01-14 09:15:00,37365.141533999995,0.01649270723746225,0.02050446075658126,0.00150958,0.01799488075658126,1.0910810758652714,保本/跟踪,46,True
BTC,1,2021-01-14 14:45:00,2021-01-14 21:00:00,39603.25906799999,0.014264007933124842,-0.014461155131538235,0.00068503,-0.016146185131538236,-1.1319528990195298,止损,26,True
BTC,-1,2021-01-16 05:45:00,2021-01-16 06:30:00,35774.183732,0.017367961027885803,-0.017571434620091468,-0.0,-0.01857143462009147,-1.069292739100081,止损,4,True
BTC,-1,2021-01-16 21:45:00,2021-01-16 23:30:00,35851.468272,0.01426314527876693,-0.014465997907822655,-0.0,-0.015465997907822656,-1.0843329157451949,止损,8,True
BTC,-1,2021-01-17 06:30:00,2021-01-17 10:15:00,35177.393114,0.014582424460671595,0.013264836534103248,-0.00030276,0.012567596534103248,0.8618317597322528,保本/跟踪,16,True
BTC,1,2021-01-18 23:00:00,2021-01-19 02:15:00,36524.913522,0.009804893999308856,0.008806842503654386,0.0006167,0.007190142503654386,0.7333217987018744,保本/跟踪,14,False
BTC,1,2021-01-19 08:00:00,2021-01-19 10:30:00,37233.4452,0.010528890949484488,-0.010726785171294636,0.0,-0.011726785171294635,-1.1137721178381847,止损,11,False
BTC,-1,2021-01-20 04:00:00,2021-01-20 06:30:00,35091.100376,0.013738227062350502,-0.013940974707762954,-0.0,-0.014940974707762955,-1.08754751540747,止损,11,False
BTC,-1,2021-01-20 09:45:00,2021-01-20 16:15:00,34847.949016,0.014351548013195487,0.01760027431509378,-0.00016482,0.01676509431509378,1.1681732381537633,保本/跟踪,27,True
BTC,-1,2021-01-21 09:00:00,2021-01-21 10:30:00,33269.8447,0.01589253295878083,0.009818002234878602,-0.0,0.008818002234878601,0.5548519079840285,保本/跟踪,7,True
BTC,-1,2021-01-21 12:15:00,2021-01-21 12:30:00,31439.330876,0.02415213404655004,-0.02435696447335927,-0.0,-0.02535696447335927,-1.0498850505088735,止损,2,True
BTC,-1,2021-01-21 14:45:00,2021-01-21 15:15:00,31220.764597999998,0.02624178141708683,-0.02644702977337027,-0.0,-0.027447029773370272,-1.0459286028310055,止损,3,True
BTC,-1,2021-01-21 22:15:00,2021-01-21 23:00:00,30594.219932,0.02205883617278223,-0.022263247940016755,-0.0,-0.023263247940016756,-1.0545999688197791,止损,4,True
BTC,-1,2021-01-22 00:30:00,2021-01-22 02:30:00,29770.654678000003,0.028267803033225614,-0.028473456593832273,-0.0,-0.029473456593832274,-1.0426511235835891,止损,9,True
BTC,-1,2021-01-24 14:45:00,2021-01-24 20:00:00,32101.578400000002,0.009096195334551166,0.02256479638243161,-0.00041388,0.021978676382431606,2.416249384943106,保本/跟踪,22,False
BTC,1,2021-01-25 04:00:00,2021-01-25 06:15:00,33606.72,0.012550773863185684,-0.012748263708413032,0.0,-0.013748263708413033,-1.0954116342371416,止损,10,False
BTC,1,2021-01-25 12:45:00,2021-01-25 15:00:00,34037.696178,0.011342023286801043,0.00866834069104309,0.0,0.007668340691043089,0.6760998895115039,保本/跟踪,10,False
BTC,-1,2021-01-26 07:30:00,2021-01-26 08:00:00,31303.947958,0.015494503602278447,-0.01569760250299897,-0.0001,-0.016597602502998972,-1.0711929164712521,止损,3,True
BTC,-1,2021-01-26 14:45:00,2021-01-26 15:15:00,31043.79,0.01627157788689056,-0.0164748322024679,-0.0,-0.0174748322024679,-1.0739482257923345,止损,3,True
BTC,-1,2021-01-27 09:15:00,2021-01-27 09:30:00,30910.606642000002,0.011846614931935564,-0.012048984254921923,-0.0,-0.013048984254921923,-1.101494758620462,止损,2,False
BTC,-1,2021-01-27 12:00:00,2021-01-27 13:00:00,30641.02057,0.013847218276901472,-0.014049987720556925,-0.0,-0.015049987720556924,-1.0868600046308066,止损,5,False
BTC,-1,2021-01-27 14:45:00,2021-01-27 15:30:00,29580.092797999998,0.017867950006185525,-0.018071523596186807,-0.0,-0.019071523596186808,-1.0673593551350116,止损,4,True
BTC,1,2021-01-28 19:00:00,2021-01-28 23:45:00,32662.531199999998,0.01243574018182675,0.018430754151827676,0.0,0.017430754151827675,1.4016659963112208,保本/跟踪,20,False
BTC,1,2021-01-29 00:15:00,2021-01-29 04:00:00,33902.249094,0.012841491024568467,-0.013038922726363651,0.0,-0.014038922726363652,-1.0932470925303182,止损,16,False
BTC,1,2021-01-29 09:00:00,2021-01-29 09:00:00,36395.667678,0.025886847785225774,-0.026081670415668837,0.0,-0.02708167041566884,-1.0461555860472505,止损,1,True
BTC,-1,2021-01-31 15:15:00,2021-01-31 18:45:00,33215.05566,0.011150317572018446,0.013291133510800754,-0.00044234,0.012733473510800754,1.1419830357796459,保本/跟踪,15,False
BTC,-1,2021-02-01 00:30:00,2021-02-01 01:15:00,32434.901722,0.011915825832609769,-0.012118208997776412,-0.0,-0.013118208997776413,-1.1009064064931287,止损,4,False
BTC,-1,2021-02-01 16:00:00,2021-02-01 16:30:00,33174.623748000005,0.012604996740973998,-0.01280751774032221,-0.0,-0.013807517740322212,-1.0954003419484657,止损,3,False
BTC,1,2021-02-02 07:00:00,2021-02-02 10:15:00,34341.136854,0.008129565283438965,0.024075078849521776,0.00044278,0.022632298849521774,2.783949456144581,保本/跟踪,14,False
BTC,1,2021-02-02 20:00:00,2021-02-03 00:00:00,35812.791126,0.010943257262616095,-0.011141068611163565,0.00077297,-0.012914038611163565,-1.1800909273402511,止损,17,False
BTC,1,2021-02-03 04:00:00,2021-02-03 08:00:00,36453.549252000004,0.008693575737194086,-0.008891837022046553,0.00080805,-0.010699887022046552,-1.2307809059819634,止损,17,False
BTC,1,2021-02-03 21:45:00,2021-02-04 02:00:00,37461.500802,0.00898804757766936,0.010593128471636277,0.00029063,0.009302498471636278,1.034985450538576,保本/跟踪,18,False
BTC,1,2021-02-04 08:15:00,2021-02-04 08:45:00,38561.690796,0.011128679907078366,-0.011326454171096977,0.0,-0.012326454171096977,-1.1076295008949597,止损,3,False
BTC,1,2021-02-05 08:15:00,2021-02-05 08:15:00,37810.600608,0.009496620106562785,-0.009694720782541506,0.0,-0.010694720782541505,-1.1261607458795528,止损,1,False
BTC,1,2021-02-06 00:15:00,2021-02-06 01:45:00,38529.924444000004,0.00867192526647043,0.011964481096355846,0.0,0.010964481096355845,1.2643652660095526,保本/跟踪,7,False
BTC,1,2021-02-06 09:15:00,2021-02-06 17:15:00,39831.354677999996,0.010171423310610111,0.01637285362471065,0.00102371,0.01434914362471065,1.4107311421935056,保本/跟踪,33,False
BTC,1,2021-02-08 12:45:00,2021-02-08 13:00:00,40568.91216,0.011237525565885467,0.05573781532573773,0.0,0.05473781532573773,4.870984720329278,保本/跟踪,2,False
BTC,1,2021-02-08 13:30:00,2021-02-08 14:00:00,44089.86621,0.024534145693566267,-0.024729238864427582,0.0,-0.025729238864427583,-1.0487114238982738,止损,3,True
BTC,1,2021-02-08 21:30:00,2021-02-08 23:30:00,44478.853992,0.017588267377781748,0.030627547272199056,0.0,0.029627547272199056,1.6845063038799286,保本/跟踪,9,True
BTC,1,2021-02-09 06:45:00,2021-02-09 08:15:00,47819.541996,0.016470143171655467,-0.016666849143021186,0.00186573,-0.019532579143021186,-1.1859386369291594,止损,7,True
BTC,1,2021-02-11 10:45:00,2021-02-11 13:30:00,45998.107782,0.010825407704359854,0.03913429839903946,0.0,0.03813429839903946,3.5226662533625546,保本/跟踪,12,False
BTC,1,2021-02-11 20:30:00,2021-02-11 20:45:00,48707.569566,0.01325041435746451,-0.013447764274593073,0.0,-0.014447764274593072,-1.0903632056196073,止损,2,False
BTC,1,2021-02-14 06:00:00,2021-02-14 08:45:00,49035.245088,0.00875331558717992,-0.008951564924062442,0.00146185,-0.011413414924062441,-1.3038961991474973,止损,12,False
BTC,1,2021-02-14 12:15:00,2021-02-14 12:30:00,49749.627936,0.009292488959823679,-0.009490630462031656,0.0,-0.010490630462031657,-1.1289365537465985,止损,2,False
BTC,1,2021-02-16 03:30:00,2021-02-16 06:15:00,49425.863196000006,0.01067216036151005,-0.010870025929437631,0.0,-0.01187002592943763,-1.112242088513566,止损,12,False
BTC,1,2021-02-17 00:15:00,2021-02-17 01:00:00,49498.8978,0.009279916343211158,-0.00947806035994251,0.0,-0.01047806035994251,-1.129111510537255,止损,4,False
BTC,1,2021-02-17 02:15:00,2021-02-17 03:30:00,49830.11403,0.009319458967725186,-0.009517595075931523,0.0,-0.010517595075931523,-1.128562839576383,止损,6,False
BTC,1,2021-02-17 07:00:00,2021-02-17 12:45:00,50636.615298,0.010951353451931885,0.008619286187474935,0.00093436,0.006684926187474936,0.6104200925316381,保本/跟踪,24,False
BTC,1,2021-02-17 19:45:00,2021-02-18 04:00:00,52375.112927999995,0.009658956301504987,-0.009857024510244661,0.00132249,-0.012179514510244661,-1.260955545305339,止损,34,False
BTC,1,2021-02-19 09:00:00,2021-02-19 11:15:00,52331.16413999999,0.007083011429250834,0.00461186480498281,0.0,0.00361186480498281,0.509933499481143,保本/跟踪,10,False
BTC,1,2021-02-19 15:30:00,2021-02-19 16:45:00,53457.799422,0.007797818275290806,0.014185882828150849,0.00128791,0.01189797282815085,1.5258079129456419,保本/跟踪,6,False
BTC,1,2021-02-19 19:00:00,2021-02-19 19:15:00,55556.849147999994,0.0113436272173865,-0.011541358491942882,0.0,-0.012541358491942881,-1.1055862689775813,止损,2,False
BTC,1,2021-02-19 21:15:00,2021-02-19 22:15:00,56061.61008,0.014139453932050006,-0.014336626041263558,0.0,-0.015336626041263558,-1.0846689069441298,止损,5,False
BTC,1,2021-02-20 12:30:00,2021-02-20 14:45:00,57277.213152000004,0.00881211699716733,-0.00901035457376783,0.0,-0.010010354573767831,-1.1359761311595928,止损,10,False
BTC,-1,2021-02-22 14:00:00,2021-02-22 14:30:00,52181.001712000005,0.0208307841921011,0.015663958360002797,-0.0,0.014663958360002796,0.7039561364935687,保本/跟踪,3,True
BTC,-1,2021-02-23 01:30:00,2021-02-23 03:00:00,52814.23504000001,0.017293865896628884,0.01130900049029759,-0.0,0.01030900049029759,0.5961073453395482,保本/跟踪,7,True
BTC,-1,2021-02-23 04:45:00,2021-02-23 09:15:00,50805.606845999995,0.023108055272040073,0.06839951013708664,-0.0002962,0.06769571013708664,2.929528657437307,保本/跟踪,19,True
BTC,-1,2021-02-23 19:45:00,2021-02-23 20:30:00,45685.351102,0.033557721432658165,-0.03376443297694469,-0.0,-0.03476443297694469,-1.0359592812851757,止损,4,True
BTC,-1,2021-02-24 20:45:00,2021-02-24 23:00:00,48660.935866,0.014025772320705298,-0.014228577475169476,-0.0,-0.015228577475169477,-1.0857567859338881,止损,10,False
BTC,-1,2021-02-25 09:45:00,2021-02-25 10:45:00,48781.021844,0.012738698539880765,-0.012941246279588741,-0.0,-0.013941246279588742,-1.0944011459210834,止损,5,False
BTC,-1,2021-02-25 20:15:00,2021-02-26 01:15:00,48900.647914,0.01570572212057162,0.029617675759956972,-0.0001,0.02871767575995697,1.8284849012031146,保本/跟踪,21,False
BTC,-1,2021-02-26 06:00:00,2021-02-26 09:00:00,45538.760426,0.021538792324363464,-0.021743100082828322,-0.0001,-0.022643100082828323,-1.051270644232719,止损,13,True
BTC,-1,2021-02-26 22:00:00,2021-02-27 00:00:00,45739.290312000005,0.018889226444828305,-0.01909300429011733,-0.00030164,-0.01979136429011733,-1.0477593853789615,止损,9,True
BTC,-1,2021-02-27 23:15:00,2021-02-27 23:45:00,45420.933996,0.01213124728378844,-0.012333673533245165,-0.0,-0.013333673533245164,-1.0991181056100952,止损,3,False
BTC,-1,2021-02-28 03:45:00,2021-02-28 05:15:00,44675.893034,0.016279847899521596,-0.016483103869101408,-0.0,-0.01748310386910141,-1.073910762373595,止损,7,False
BTC,-1,2021-02-28 14:00:00,2021-02-28 20:45:00,44200.038223999996,0.013679181215388027,-0.0138819170516311,-0.00037706,-0.0145048570516311,-1.060360033487549,止损,28,False
BTC,1,2021-03-01 11:15:00,2021-03-01 16:45:00,47753.5488,0.011450592201277802,0.018467399231845358,0.0001,0.017367399231845358,1.516724980382,保本/跟踪,23,False
BTC,1,2021-03-01 23:30:00,2021-03-02 02:00:00,49684.88499,0.011091208132486062,-0.011288989890859448,0.0001,-0.012388989890859448,-1.1170099544496144,止损,11,False
BTC,1,2021-03-03 04:15:00,2021-03-03 13:15:00,49163.58075,0.009135916369657977,0.053669813065245424,0.0001,0.05256981306524542,5.754191581682953,保本/跟踪,37,False
BTC,-1,2021-03-05 00:15:00,2021-03-05 13:00:00,47306.58679,0.013935298174736578,-0.014138085234371487,-0.0001,-0.015038085234371487,-1.0791362370440096,止损,52,False
BTC,-1,2021-03-06 12:15:00,2021-03-06 17:15:00,47740.450000000004,0.008422486666916492,-0.008624171164249754,-0.0001,-0.009524171164249754,-1.1308027594345356,止损,21,False
BTC,1,2021-03-07 02:30:00,2021-03-07 05:00:00,49559.80998,0.008563437328558713,-0.00876172464109308,0.0,-0.00976172464109308,-1.1399306454358145,止损,11,False
BTC,1,2021-03-07 08:00:00,2021-03-07 10:30:00,50094.626922,0.007895305401493023,0.010194436863021242,0.0,0.009194436863021242,1.1645448016846252,保本/跟踪,11,False
BTC,1,2021-03-07 23:30:00,2021-03-08 02:30:00,51072.492456,0.008495777046995756,-0.008694077891586301,0.0001,-0.0097940778915863,-1.1528171981690178,止损,13,False
BTC,1,2021-03-08 20:45:00,2021-03-08 22:15:00,51966.201162,0.008164730007652818,-0.00836309706165128,0.0,-0.009363097061651279,-1.1467736291188109,止损,7,False
BTC,1,2021-03-09 00:00:00,2021-03-09 00:30:00,52439.915886,0.008381856199285297,-0.00858017982804551,0.0,-0.009580179828045508,-1.1429663788389008,止损,3,False
BTC,1,2021-03-09 01:45:00,2021-03-09 06:45:00,53395.807025999995,0.010103219106128613,0.007883766333275288,0.0,0.006883766333275288,0.6813438628782776,保本/跟踪,21,False
BTC,1,2021-03-10 09:30:00,2021-03-10 17:30:00,54850.527912,0.009139896898079059,0.02856801879085681,0.00056915,0.02699886879085681,2.953957696889468,保本/跟踪,33,False
BTC,1,2021-03-10 19:15:00,2021-03-10 19:45:00,57367.941294,0.01119727224539424,-0.011395032790945113,0.0,-0.012395032790945112,-1.10696895809098,止损,3,False
BTC,1,2021-03-11 13:15:00,2021-03-11 15:30:00,56772.462222,0.010995792469502838,-0.01119359331100893,0.0,-0.01219359331100893,-1.1089326526331074,止损,10,False
BTC,1,2021-03-13 10:15:00,2021-03-13 21:15:00,59439.595541999995,0.011339892519831486,0.02995470208844477,0.00057114,0.028383562088444766,2.5029833429908517,保本/跟踪,45,False
BTC,-1,2021-03-16 00:30:00,2021-03-16 01:30:00,54916.204562000006,0.013278644015067197,0.008798306504135394,-0.0,0.007798306504135394,0.587281841074036,保本/跟踪,5,False
BTC,-1,2021-03-17 05:15:00,2021-03-17 05:45:00,55370.493686,0.00940274187586749,-0.009604622424242626,-0.0,-0.010604622424242625,-1.1278223484428311,止损,3,False
BTC,-1,2021-03-17 12:15:00,2021-03-17 12:15:00,54296.43854,0.011091465990593454,-0.011293684283791667,-0.0,-0.012293684283791666,-1.1083912887816452,止损,1,False
BTC,1,2021-03-17 22:15:00,2021-03-18 07:30:00,58919.821608,0.011531328464467487,-0.011729022198774504,0.00030265,-0.013031672198774503,-1.1301102244143126,止损,38,False
BTC,1,2021-03-18 16:00:00,2021-03-18 18:00:00,59604.598536,0.009786810855246126,-0.009984853493075086,0.0,-0.010984853493075087,-1.1224139973224028,止损,9,False
BTC,1,2021-03-19 09:15:00,2021-03-19 10:00:00,58798.887425999994,0.009952259159558396,-0.010150268707726343,0.0,-0.011150268707726344,-1.1203756382305772,止损,4,False
BTC,1,2021-03-20 11:45:00,2021-03-20 13:45:00,59121.151866,0.005493316789245725,0.0045484932186433576,0.0,0.0035484932186433575,0.6459655167876442,保本/跟踪,9,False
BTC,-1,2021-03-21 05:00:00,2021-03-21 06:30:00,56953.037114,0.007894973952971918,-0.008096552947762502,-0.0,-0.009096552947762501,-1.1521954349625525,止损,7,False
BTC,-1,2021-03-21 09:45:00,2021-03-21 13:00:00,55997.458268,0.010088340173210296,-0.010290357841244983,-0.0,-0.011290357841244984,-1.119149200700692,止损,14,False
BTC,-1,2021-03-22 01:00:00,2021-03-22 03:00:00,56635.190696,0.00896150493894942,-0.009163297239937203,-0.0,-0.010163297239937204,-1.134106080304038,止损,9,False
BTC,-1,2021-03-22 13:45:00,2021-03-22 14:00:00,56786.630402,0.009351202702128138,-0.00955307294266851,-0.0,-0.01055307294266851,-1.1285257392898618,止损,2,False
BTC,-1,2021-03-22 19:15:00,2021-03-22 23:00:00,55944.198922,0.009720736805402218,0.02272047052517624,-0.0,0.021720470525176238,2.2344469313380926,保本/跟踪,16,False
BTC,-1,2021-03-23 05:30:00,2021-03-23 07:45:00,53376.412582,0.012004938453686578,-0.012207339441377217,-0.0,-0.013207339441377218,-1.10015886314864,止损,10,False
BTC,-1,2021-03-23 21:30:00,2021-03-23 22:00:00,54372.743276,0.008841378871921242,-0.009043147147695605,-0.0,-0.010043147147695605,-1.135925435747469,止损,3,False
BTC,-1,2021-03-24 00:15:00,2021-03-24 03:30:00,54216.764478000005,0.009741050554295241,-0.009942998764405986,-0.0,-0.010942998764405985,-1.1233899981743503,止损,14,False
BTC,-1,2021-03-24 22:15:00,2021-03-24 22:30:00,53128.182238,0.013273806995943285,0.0069069789746660625,-0.0,0.0059069789746660625,0.4450101599692795,保本/跟踪,2,False
BTC,-1,2021-03-25 12:15:00,2021-03-25 13:30:00,51255.036942,0.012075952673034003,-0.012278367863568633,-0.0,-0.013278367863568633,-1.0995710419782998,止损,6,False
BTC,1,2021-03-26 21:45:00,2021-03-27 00:45:00,54477.033228,0.008248544253503905,0.008175439248207706,0.0001,0.0070754392482077055,0.8577803586617267,保本/跟踪,13,False
BTC,1,2021-03-27 17:00:00,2021-03-27 18:15:00,56191.246002,0.008936504874718882,-0.009134717573743872,0.0,-0.010134717573743873,-1.1340806854382972,止损,6,False
BTC,1,2021-03-27 22:00:00,2021-03-27 22:30:00,56459.069555999995,0.007152120135675288,-0.007350689711648043,0.0,-0.008350689711648044,-1.16758241657522,止损,3,False
BTC,1,2021-03-29 08:30:00,2021-03-29 11:15:00,56275.262802,0.006704784438981561,0.025092284002666224,0.0,0.024092284002666223,3.5932973269944197,保本/跟踪,12,False
BTC,1,2021-03-30 07:00:00,2021-03-30 10:30:00,58115.560788,0.0064097659176859155,0.014100159705883302,0.00027258,0.012827579705883304,2.0012555638715708,保本/跟踪,15,False
BTC,1,2021-03-31 06:30:00,2021-03-31 07:45:00,59470.051632,0.0054697085821255684,-0.0056686146404090676,0.0,-0.006668614640409068,-1.2191901159417153,止损,6,False
BTC,1,2021-04-02 02:15:00,2021-04-02 02:45:00,59314.060439999994,0.0054908016096911145,0.008686191581601803,0.0,0.0076861915816018025,1.3998305034434106,保本/跟踪,3,False
BTC,-1,2021-04-03 22:00:00,2021-04-04 00:45:00,57674.112870000004,0.008264283112213265,0.006657031276709878,-0.0005209,0.006177931276709878,0.7475459386888502,保本/跟踪,12,False
BTC,-1,2021-04-05 05:15:00,2021-04-05 09:45:00,57250.98751200001,0.005607381637585419,-0.005808503113912926,-0.00043217,-0.0063763331139129265,-1.1371320031391021,止损,19,False
BTC,1,2021-04-06 00:15:00,2021-04-06 01:15:00,59390.075639999995,0.00596534570134062,-0.006164152632200272,0.0,-0.007164152632200272,-1.2009618538268854,止损,5,False
BTC,-1,2021-04-07 01:30:00,2021-04-07 02:15:00,57482.111278000004,0.006263020744791351,-0.006464273348940298,-0.0,-0.007464273348940298,-1.1918008343095414,止损,4,False
BTC,-1,2021-04-07 11:00:00,2021-04-07 20:45:00,56845.788568,0.010559862158462205,0.010088370414328189,-0.0005366,0.009624970414328188,0.9114674292045719,保本/跟踪,40,False
BTC,1,2021-04-09 00:15:00,2021-04-09 01:45:00,58294.10649,0.005017747214749448,-0.005216743665306539,0.0,-0.006216743665306539,-1.2389511466485785,止损,7,False
BTC,1,2021-04-09 11:00:00,2021-04-09 13:45:00,58711.750002,0.005443138991711315,-0.005642050363912896,0.0,-0.006642050363912896,-1.2202610247556154,止损,12,False
BTC,1,2021-04-10 04:00:00,2021-04-10 04:30:00,59297.867202,0.005240674730815356,0.028456728371894655,0.0,0.027456728371894654,5.239159036230221,保本/跟踪,3,False
BTC,1,2021-04-11 02:00:00,2021-04-11 04:00:00,60702.148002,0.007230120545293752,-0.007428674521184559,0.0,-0.008428674521184558,-1.1657723364890469,止损,9,False
BTC,1,2021-04-12 04:15:00,2021-04-12 04:30:00,60684.464466,0.005833520725210584,-0.006032354021065537,0.0,-0.007032354021065537,-1.2055076774946532,止损,2,False
BTC,1,2021-04-12 07:00:00,2021-04-12 09:30:00,60942.135989999995,0.0059259919702608285,-0.006124806771866804,0.00106358,-0.008188386771866804,-1.3817748678971629,止损,11,False
BTC,1,2021-04-13 01:45:00,2021-04-13 06:30:00,60605.728722,0.005006962464438702,0.007478292680291093,0.0,0.006478292680291093,1.2938568495973999,保本/跟踪,20,False
BTC,1,2021-04-13 08:15:00,2021-04-13 10:30:00,61682.404014,0.007842854236641878,0.016016362607449753,0.0,0.015016362607449752,1.914655322458141,保本/跟踪,10,False
BTC,1,2021-04-13 15:45:00,2021-04-13 16:30:00,63632.52396,0.007540087949019009,-0.007738579931429237,0.0012267,-0.009965279931429238,-1.3216397472824908,止损,4,False
BTC,1,2021-04-14 04:45:00,2021-04-14 08:45:00,64057.128864,0.005873433873590378,0.004744050141561036,0.00108567,0.002658380141561036,0.4526108914776956,保本/跟踪,17,False
BTC,1,2021-04-15 21:45:00,2021-04-15 22:00:00,63779.473344,0.006140054222598662,-0.006338826211754155,0.0,-0.007338826211754155,-1.1952380134923524,止损,2,False
BTC,-1,2021-04-16 09:15:00,2021-04-16 14:15:00,60811.875192,0.009707252392265288,-0.009909193842743733,-0.0,-0.010909193842743733,-1.1238189141384796,止损,21,False
BTC,-1,2021-04-17 11:30:00,2021-04-17 13:30:00,61241.469256000004,0.006586529744296964,0.003483239374298722,-0.0,0.002483239374298722,0.377017863837762,保本/跟踪,9,False
BTC,-1,2021-04-17 15:45:00,2021-04-17 16:45:00,60208.35592,0.008142578210751057,-0.008344206726393183,-0.00087572,-0.008468486726393182,-1.0400252238549963,止损,5,False
BTC,-1,2021-04-17 18:00:00,2021-04-17 18:15:00,59747.74806,0.008787893790314019,-0.008989651369072121,-0.0,-0.009989651369072122,-1.1367514910208263,止损,2,False
BTC,-1,2021-04-17 23:45:00,2021-04-18 01:30:00,60218.963798000004,0.006440794050438768,0.0077344662338957315,-0.00081624,0.007550706233895732,1.1723253646623513,保本/跟踪,8,False
BTC,-1,2021-04-18 03:15:00,2021-04-18 03:30:00,58554.616734,0.010936380872842886,0.036705012104571375,-0.0,0.035705012104571374,3.26479230375322,保本/跟踪,2,False
BTC,-1,2021-04-18 11:45:00,2021-04-18 12:30:00,53509.725914,0.022300371995775035,-0.022504832070174126,-0.0,-0.023504832070174127,-1.0540107615526453,止损,4,True
BTC,-1,2021-04-19 15:45:00,2021-04-19 16:00:00,54559.365944,0.013649513498291741,-0.01385224340099133,-0.0001,-0.014752243400991332,-1.0807889528690966,止损,2,True
BTC,-1,2021-04-20 02:30:00,2021-04-20 03:45:00,53964.244992,0.013307758335998515,-0.013510419887665725,-0.0,-0.014510419887665726,-1.0903729629966241,止损,6,False
BTC,-1,2021-04-21 04:00:00,2021-04-21 06:15:00,55194.598872,0.00902120486584165,-0.009223009106814789,-0.0,-0.010223009106814788,-1.1332199255915039,止损,10,False
BTC,-1,2021-04-21 11:30:00,2021-04-21 12:15:00,54569.5839,0.009729719570771676,-0.009931665514685918,-0.0,-0.010931665514685919,-1.1235334621076767,止损,4,False
BTC,-1,2021-04-21 20:45:00,2021-04-22 00:30:00,54767.634282,0.007892016850592343,0.012925253261292444,-0.0001,0.012025253261292442,1.523723718404108,保本/跟踪,16,False
BTC,-1,2021-04-22 02:15:00,2021-04-22 02:30:00,52915.32481800001,0.01394094725073988,-0.014143735440189967,-0.0,-0.015143735440189966,-1.0862773646450925,止损,2,True
BTC,-1,2021-04-22 19:15:00,2021-04-22 19:30:00,52681.71155,0.01345680734783603,-0.013659498709305697,-0.0,-0.014659498709305697,-1.089374197785708,止损,2,True
BTC,-1,2021-04-22 21:00:00,2021-04-23 02:00:00,51666.01473,0.01668320013061434,0.011047063044879872,-0.0001,0.010147063044879872,0.6082204232663735,保本/跟踪,21,True
BTC,-1,2021-04-23 02:30:00,2021-04-23 18:30:00,49404.27716800001,0.02472535564183124,-0.024930300712959555,-0.00057618,-0.025354120712959557,-1.025429970765094,止损,65,True
BTC,-1,2021-04-24 02:15:00,2021-04-24 02:30:00,49405.96683,0.011785353843374247,-0.01198771091414286,-0.0,-0.012987710914142862,-1.1020212958174846,止损,2,False
BTC,-1,2021-04-25 04:00:00,2021-04-25 08:45:00,49670.073998,0.00816666966141071,-0.008368302995342976,-0.00038558,-0.008982722995342977,-1.0999248613897408,止损,20,False
BTC,-1,2021-04-25 20:00:00,2021-04-25 22:00:00,49344.209184,0.007724767120559118,0.031467976717347225,-0.0,0.030467976717347224,3.944193558438556,保本/跟踪,9,False
BTC,1,2021-04-26 06:15:00,2021-04-26 19:45:00,52833.46458,0.010950885005439202,0.01613159448484867,0.0002,0.01493159448484867,1.3635057328638085,保本/跟踪,55,False
BTC,1,2021-04-27 12:00:00,2021-04-27 12:30:00,55155.088811999995,0.007168893969097161,-0.007367460190303295,0.0,-0.008367460190303294,-1.1671898379823684,止损,3,False
BTC,-1,2021-04-29 17:00:00,2021-04-29 23:00:00,53005.926694,0.008535673575234765,-0.008737380709949756,-0.0,-0.009737380709949756,-1.140786444575575,止损,25,False
BTC,1,2021-04-30 13:45:00,2021-04-30 16:45:00,55337.71533,0.007120440697633416,0.024035852836003898,0.0001,0.022935852836003898,3.22112827140418,保本/跟踪,13,False
BTC,1,2021-04-30 22:30:00,2021-05-01 04:30:00,57292.716252,0.007304032450671857,0.011628582188685163,0.00011209,0.010516492188685162,1.4398200254049816,保本/跟踪,25,False
BTC,1,2021-05-03 01:45:00,2021-05-03 04:45:00,58200.827838,0.007626443344556437,-0.007824918055887493,0.0,-0.008824918055887494,-1.1571472647451708,止损,13,False
BTC,1,2021-05-03 07:30:00,2021-05-03 13:30:00,58540.85583,0.006069640804567822,-0.006268426876406887,0.00036188,-0.007630306876406887,-1.2571265948167074,止损,25,False
BTC,-1,2021-05-04 15:15:00,2021-05-05 00:45:00,54199.158,0.01287586925695183,-0.013078444430803221,-0.00111127,-0.012967174430803223,-1.0070911852263564,止损,39,True
BTC,1,2021-05-07 16:15:00,2021-05-07 21:15:00,57900.09770399999,0.009375908854655245,-0.009574033672884272,0.0,-0.010574033672884273,-1.1277875923072935,止损,21,False
BTC,1,2021-05-10 01:00:00,2021-05-10 07:45:00,58924.952633999994,0.007384969396622884,-0.007583492402743547,0.0,-0.008583492402743547,-1.1622922102654538,止损,28,False
BTC,-1,2021-05-10 19:45:00,2021-05-10 20:15:00,56114.97476,0.012819584726179355,0.019565963607679215,-0.0,0.018565963607679214,1.4482500021833753,保本/跟踪,3,True
BTC,-1,2021-05-11 03:00:00,2021-05-11 04:15:00,54673.713070000005,0.015131991890395822,-0.015335018288773867,-0.0,-0.016335018288773866,-1.079502183657764,止损,6,True
BTC,-1,2021-05-12 13:30:00,2021-05-12 13:30:00,55939.10994,0.008095033859632846,-0.008296652866404842,-0.0,-0.009296652866404843,-1.1484390340556891,止损,1,False
BTC,-1,2021-05-12 16:15:00,2021-05-12 19:45:00,55254.366916,0.010884922937110892,0.012693587440484584,-0.0,0.011693587440484585,1.0742921661499911,保本/跟踪,15,False
BTC,-1,2021-05-12 22:15:00,2021-05-13 00:15:00,52595.07888,0.017045795740383347,0.08221979618789764,-0.00011638,0.08133617618789764,4.771626823804029,保本/跟踪,9,True
BTC,-1,2021-05-13 09:30:00,2021-05-13 13:30:00,49826.652676000005,0.014609839213816755,-0.014812761181659514,-0.0,-0.015812761181659515,-1.0823364275429628,止损,17,True
BTC,-1,2021-05-13 17:15:00,2021-05-13 19:15:00,48219.214228000004,0.0177691684312673,-0.01797272226495341,-0.0,-0.01897272226495341,-1.0677327044504958,止损,9,True
BTC,-1,2021-05-14 20:45:00,2021-05-14 22:30:00,49515.414936,0.009444858219515453,-0.00964674719115927,-0.0,-0.01064674719115927,-1.127253257138409,止损,8,False
BTC,-1,2021-05-15 10:15:00,2021-05-15 11:15:00,48115.634948000006,0.01431377050983506,-0.014516633263937128,-0.0,-0.015516633263937128,-1.08403535275877,止损,5,True
BTC,-1,2021-05-15 17:15:00,2021-05-15 17:30:00,47551.497798000004,0.014458215675758307,-0.014661107318893482,-0.0,-0.01566110731889348,-1.083197793566742,止损,2,True
BTC,-1,2021-05-15 19:30:00,2021-05-15 19:45:00,47172.493614,0.01507962298708298,-0.015282638911680252,-0.0,-0.01628263891168025,-1.079777586324788,止损,2,True
BTC,-1,2021-05-15 23:45:00,2021-05-16 00:00:00,46790.220084,0.01545283279077099,-0.01565592335732909,-0.00040248,-0.01625344335732909,-1.051809954679394,止损,2,True
BTC,-1,2021-05-16 16:45:00,2021-05-16 18:45:00,47192.879536,0.012483411056853081,0.007828841403133077,-0.0,0.006828841403133077,0.5470332885805449,保本/跟踪,9,True
BTC,-1,2021-05-16 19:00:00,2021-05-16 23:45:00,45391.229938,0.02039910855312377,-0.020603188374834425,-0.0,-0.021603188374834426,-1.0590261000168202,止损,20,True
BTC,-1,2021-05-17 03:15:00,2021-05-17 04:15:00,44167.154802,0.020038014111810405,0.0111473914931891,-0.0,0.0101473914931891,0.5064070439599215,保本/跟踪,5,True
BTC,-1,2021-05-17 15:45:00,2021-05-17 20:15:00,43687.290794,0.018290958297704617,-0.01849461648936414,-0.00059294,-0.018901676489364142,-1.033389075723614,止损,19,True
BTC,-1,2021-05-18 13:30:00,2021-05-18 23:45:00,43646.239006,0.014291940622331826,0.010825110091680523,-0.00021809,0.010043200091680523,0.7027177314176322,保本/跟踪,42,True
BTC,-1,2021-05-19 01:15:00,2021-05-19 05:00:00,42191.569998000006,0.017484592283689485,0.05275004446729492,-0.0,0.05175004446729492,2.959751284310472,保本/跟踪,16,True
BTC,-1,2021-05-19 11:30:00,2021-05-19 11:45:00,38165.225428,0.02436569446376347,-0.006556652690865821,-0.0,-0.007556652690865821,-0.3101349194911737,保本/跟踪,2,True
BTC,-1,2021-05-21 06:15:00,2021-05-21 06:45:00,39214.795472,0.019420880852299136,-0.019624765028469535,-0.0,-0.020624765028469536,-1.0619891644115553,止损,3,True
BTC,-1,2021-05-21 19:30:00,2021-05-21 21:30:00,36037.04115,0.03155636453491616,0.008684613220527982,-0.0,0.007684613220527982,0.24352023225061903,保本/跟踪,9,True
BTC,-1,2021-05-22 04:30:00,2021-05-22 09:15:00,36442.440054000006,0.0235061293323818,-0.023710830558248377,-0.0001,-0.02461083055824838,-1.0469963051017828,止损,20,True
BTC,-1,2021-05-23 06:30:00,2021-05-23 08:30:00,36560.026531999996,0.014104898273053307,0.03181503637536785,1.059e-05,0.03080444637536785,2.183953813705852,保本/跟踪,9,True
BTC,-1,2021-05-23 09:00:00,2021-05-23 09:15:00,34343.120001999996,0.02351967427741206,-0.023724378212267593,-0.0,-0.024724378212267594,-1.0512211147419042,止损,2,True
BTC,-1,2021-05-23 12:45:00,2021-05-23 14:30:00,33421.074448,0.032806616364643985,-0.03301317768791691,-0.0,-0.03401317768791691,-1.0367779873993115,止损,8,True
BTC,-1,2021-05-23 16:15:00,2021-05-23 17:00:00,32269.654778,0.03734841568489851,-0.037555885368035516,-0.0,-0.03855588536803552,-1.0323298769437559,止损,4,True
BTC,1,2021-05-24 19:45:00,2021-05-24 21:30:00,39403.319088000004,0.021800909027622273,-0.021996548845816737,0.0,-0.022996548845816738,-1.0548435763242514,止损,8,True
BTC,1,2021-05-26 02:15:00,2021-05-26 08:00:00,39103.609158,0.01314031099786864,0.02549854833469331,0.0001,0.02439854833469331,1.8567709956522913,保本/跟踪,24,False
BTC,1,2021-05-27 13:30:00,2021-05-27 15:15:00,40264.07120399999,0.014552151928134485,-0.014749241497748799,0.0,-0.015749241497748798,-1.0822620307653545,止损,8,True
BTC,-1,2021-05-28 05:45:00,2021-05-28 10:15:00,37012.675984,0.0145238411807497,0.02013013365297047,-0.0001,0.01923013365297047,1.3240391032682606,保本/跟踪,19,True
BTC,-1,2021-05-28 21:00:00,2021-05-28 23:30:00,35225.173556,0.01879495152103018,-0.0189987105113343,-0.0,-0.0199987105113343,-1.064046932441257,止损,11,True
BTC,-1,2021-05-29 09:15:00,2021-05-29 13:45:00,35434.101762000006,0.015726572685953146,0.012690684814246808,-0.0,0.011690684814246809,0.7433714292173041,保本/跟踪,19,True
BTC,-1,2021-05-29 15:15:00,2021-05-29 16:45:00,34115.295576000004,0.019730626861088844,-0.019934572986461004,-0.00010375,-0.020830822986461005,-1.0557608297555858,止损,7,True
BTC,-1,2021-05-31 02:15:00,2021-05-31 06:45:00,34680.122588,0.011374864740503999,-0.011577139713451996,-0.0,-0.012577139713451996,-1.1056957599387442,止损,19,False
BTC,1,2021-06-01 00:30:00,2021-06-01 01:30:00,37721.702832,0.010588591939706363,-0.010786474221318362,0.0,-0.011786474221318361,-1.1131295160331978,止损,5,False
BTC,1,2021-06-02 07:15:00,2021-06-02 17:30:00,37107.42,0.009435743776465189,0.017501745076412188,0.0002,0.01630174507641219,1.7276587264983085,保本/跟踪,42,False
BTC,1,2021-06-03 05:15:00,2021-06-03 07:15:00,38346.297726,0.00769819473784428,0.005760886317367916,0.0,0.0047608863173679156,0.6184419178126823,保本/跟踪,9,False
BTC,1,2021-06-03 09:15:00,2021-06-03 11:15:00,39080.774592,0.00874422141968695,-0.00894247257540305,0.0,-0.009942472575403049,-1.1370334873975547,止损,9,False
BTC,-1,2021-06-04 12:15:00,2021-06-04 12:30:00,35851.648236,0.013761756709888395,-0.013964509061230354,-0.0,-0.014964509061230355,-1.0873981699209763,止损,2,True
BTC,-1,2021-06-05 21:30:00,2021-06-05 23:45:00,35154.407712,0.012077657585079116,-0.012280073116596077,-0.0,-0.013280073116596076,-1.0995570145159967,止损,10,False
BTC,-1,2021-06-07 16:30:00,2021-06-07 21:00:00,35809.146737999996,0.008278776415159653,0.036003123570451004,-0.0,0.035003123570451,4.228055187763635,保本/跟踪,19,False
BTC,-1,2021-06-08 02:45:00,2021-06-08 07:15:00,33064.115854,0.01600907716668723,0.005498126875756572,-0.0,0.004498126875756572,0.2809735270135732,保本/跟踪,19,True
BTC,-1,2021-06-08 14:15:00,2021-06-08 16:15:00,31855.537618000002,0.014522207420948641,-0.014725111862432843,-0.0001,-0.015625111862432844,-1.0759460603691169,止损,9,True
BTC,1,2021-06-09 22:30:00,2021-06-10 05:15:00,37148.898294,0.014607293182473774,-0.0148043717238373,-0.00016793,-0.0156364417238373,-1.0704544318038558,止损,28,True
BTC,1,2021-06-10 10:00:00,2021-06-10 11:30:00,37411.740852,0.013276542716419816,0.009078759084852879,0.0,0.00807875908485288,0.6084987076388074,保本/跟踪,7,False
BTC,1,2021-06-11 10:45:00,2021-06-11 11:15:00,37622.62302,0.012096101596603919,-0.012293682376284679,0.0,-0.013293682376284678,-1.0990055159603644,止损,3,False
BTC,-1,2021-06-12 10:15:00,2021-06-12 10:30:00,34763.84584,0.01125087607908397,-0.011453126254299796,-0.0,-0.012453126254299795,-1.106858360785866,止损,2,False
BTC,1,2021-06-13 20:00:00,2021-06-13 20:15:00,37617.632022,0.009374726132545983,0.028121903726533327,0.0,0.027121903726533326,2.8930875785666896,保本/跟踪,2,False
BTC,1,2021-06-14 13:15:00,2021-06-14 16:30:00,40499.628306,0.010534279646948941,-0.010732172791019396,-3.144e-05,-0.011700732791019394,-1.1107292746313502,止损,14,False
BTC,1,2021-06-14 23:30:00,2021-06-15 01:30:00,40459.180217999994,0.009901370750492492,-0.01009939047634247,8.002e-05,-0.01117941047634247,-1.1290770498404383,止损,9,False
BTC,-1,2021-06-17 14:15:00,2021-06-17 14:15:00,38527.7929,0.007810572519596487,-0.008012134634100518,-0.0,-0.009012134634100517,-1.1538379051585972,止损,1,False
BTC,-1,2021-06-17 17:30:00,2021-06-18 17:30:00,37820.654356,0.010770940446857145,0.0370520281010867,-0.00015687,0.036208898101086705,3.361721131013412,超时,97,False
BTC,-1,2021-06-18 18:15:00,2021-06-18 20:15:00,36124.463662,0.010329750993339987,0.011814599898699478,-0.0,0.010814599898699477,1.0469371338836815,保本/跟踪,9,False
BTC,-1,2021-06-19 03:30:00,2021-06-19 04:30:00,34960.536494,0.012300459742498509,-0.012502919834446912,-0.0,-0.013502919834446913,-1.0977573291666378,止损,5,False
BTC,-1,2021-06-20 10:15:00,2021-06-20 12:45:00,34375.933438,0.011041198765184532,0.011763109294768148,-0.0,0.010763109294768147,0.9748134712244049,保本/跟踪,11,False
BTC,-1,2021-06-21 04:15:00,2021-06-21 08:00:00,34202.868058,0.011601771521334193,0.03183193330151979,-0.0001,0.030931933301519787,2.6661388085983133,保本/跟踪,16,False
BTC,-1,2021-06-21 11:30:00,2021-06-21 11:45:00,31721.90435,0.02647740535406413,-0.02668270083513491,-0.0,-0.02768270083513491,-1.045521661392164,止损,2,True
BTC,-1,2021-06-22 12:15:00,2021-06-22 14:30:00,30214.20595,0.02145927273670164,0.009268472395133665,-0.0,0.008268472395133664,0.3853100007901086,保本/跟踪,10,True
BTC,1,2021-06-23 13:15:00,2021-06-23 13:30:00,34761.260861999996,0.012932937706769702,-0.013130351119228296,0.0,-0.014130351119228297,-1.0925863434594456,止损,2,False
BTC,1,2021-06-24 15:15:00,2021-06-24 15:45:00,34344.347496,0.010649796027579938,-0.010847666068374394,0.0,-0.011847666068374393,-1.112478214389488,止损,3,False
BTC,1,2021-06-24 17:15:00,2021-06-25 01:00:00,34800.668742,0.012891519250641323,-0.01308894094679115,2.372e-05,-0.01411266094679115,-1.094724420947444,止损,32,False
BTC,1,2021-06-25 02:15:00,2021-06-25 02:45:00,35407.090002000004,0.011450016229540347,-0.011647726226294477,0.0,-0.012647726226294478,-1.1046033448986834,止损,3,False
BTC,-1,2021-06-25 16:30:00,2021-06-26 05:00:00,31988.281064000003,0.01825973144910685,-0.018463383395396625,0.00011029,-0.019573673395396625,-1.0719584485649183,止损,51,True
BTC,-1,2021-06-26 07:45:00,2021-06-26 11:00:00,30842.590248,0.015542005747873126,-0.01574511414902275,0.00013121,-0.01687632414902275,-1.0858523940085547,止损,14,True
BTC,1,2021-06-27 22:15:00,2021-06-28 01:15:00,33686.996052,0.012552998045983777,0.020405426634379862,-2.914e-05,0.01943456663437986,1.5482011996805642,保本/跟踪,13,False
BTC,1,2021-06-28 07:45:00,2021-06-28 08:00:00,35128.554306,0.009559274503533503,-0.009757362648632827,3.312e-05,-0.010790482648632827,-1.1287972371380504,止损,2,False
BTC,1,2021-06-29 07:00:00,2021-06-29 07:45:00,35337.066,0.010208305640923026,-0.01040626397979471,0.0,-0.01140626397979471,-1.1173513392927141,止损,4,False
BTC,1,2021-06-29 10:45:00,2021-06-29 15:30:00,35547.057989999994,0.011091090362258589,0.011318720334888888,0.0,0.010318720334888887,0.9303612176853263,保本/跟踪,20,False
BTC,-1,2021-07-01 07:00:00,2021-07-01 12:30:00,33476.303400000004,0.009320831336593975,-0.009522695502861313,-0.0001,-0.010422695502861314,-1.1182152242087435,止损,23,False
BTC,1,2021-07-03 17:45:00,2021-07-03 18:00:00,34906.990002,0.005739034638633651,-0.00593788683170609,0.0,-0.00693788683170609,-1.2088943992430514,止损,2,False
BTC,1,2021-07-04 05:45:00,2021-07-04 08:15:00,35135.195633999996,0.006216558436255341,0.00755663924777476,-0.0001527,0.006709339247774761,1.0792690709131747,保本/跟踪,11,False
BTC,-1,2021-07-05 11:30:00,2021-07-05 17:45:00,33726.833284,0.00842090327297556,0.010238186929531826,0.0001044,0.009133786929531826,1.0846564357108885,保本/跟踪,26,False
BTC,-1,2021-07-08 06:00:00,2021-07-08 06:00:00,32832.602166,0.008112683649259805,-0.00831430618598948,-0.0,-0.009314306185989479,-1.148116528226675,止损,1,False
BTC,-1,2021-07-08 07:45:00,2021-07-08 12:30:00,32541.980302000004,0.01111491284706162,-0.01131713582963101,6.403e-05,-0.01238116582963101,-1.1139237886965656,止损,20,False
BTC,1,2021-07-10 00:30:00,2021-07-10 01:00:00,34142.107056,0.006570986199776003,-0.006769672002536157,0.0,-0.007769672002536157,-1.1824209892270077,止损,3,False
BTC,1,2021-07-10 16:30:00,2021-07-10 17:00:00,34116.07185,0.005229722800810359,-0.0054286768562500625,0.0,-0.0064286768562500625,-1.229257668351738,止损,3,False
BTC,1,2021-07-11 14:00:00,2021-07-11 21:00:00,33906.759996,0.004891872854351491,-0.005090894479780703,-3.373e-05,-0.006057164479780703,-1.238209712338015,止损,29,False
BTC,-1,2021-07-12 19:00:00,2021-07-12 19:00:00,33006.237431999994,0.006871189395259794,-0.007072563633138673,-0.0,-0.008072563633138673,-1.174842253468907,止损,1,False
BTC,-1,2021-07-13 12:45:00,2021-07-13 15:45:00,32485.381624,0.0072994083890640235,-0.007500868270741815,-0.0,-0.008500868270741816,-1.164596884793817,止损,13,False
BTC,-1,2021-07-15 10:30:00,2021-07-15 13:30:00,32157.007311999998,0.00712386528785821,0.010363820784311806,-0.0,0.009363820784311805,1.314429794211765,保本/跟踪,13,False
BTC,-1,2021-07-15 17:15:00,2021-07-15 19:15:00,31267.7452,0.009085986334211892,-0.00928780353147876,-0.0,-0.010287803531478758,-1.1322715171540163,止损,9,False
BTC,-1,2021-07-16 10:30:00,2021-07-16 12:15:00,31261.766396000003,0.00641734936938941,-0.0066186328392631825,-0.0,-0.007618632839263183,-1.187193091840046,止损,8,False
BTC,-1,2021-07-16 23:30:00,2021-07-17 08:30:00,31493.620016,0.006435473738481672,-0.006636760833229314,-5.657e-05,-0.007580190833229314,-1.1778761193449787,止损,37,False
BTC,-1,2021-07-17 10:15:00,2021-07-17 11:45:00,31238.65102,0.007412329920676053,-0.007613812386660145,-0.0,-0.008613812386660145,-1.1620924161285187,止损,7,False
BTC,-1,2021-07-19 10:30:00,2021-07-19 14:30:00,31287.161315999998,0.005487606476303737,0.01792390317071154,-0.0,0.01692390317071154,3.084022741752958,保本/跟踪,17,False
BTC,-1,2021-07-20 02:30:00,2021-07-20 04:30:00,30296.9394,0.007299592712084827,0.015776220269031006,-0.0,0.014776220269031005,2.0242527017388605,保本/跟踪,9,False
BTC,-1,2021-07-20 10:00:00,2021-07-20 10:15:00,29398.779068,0.007669105050826922,-0.007870638871837074,-0.0,-0.008870638871837075,-1.156671973202479,止损,2,False
BTC,1,2021-07-21 14:45:00,2021-07-21 17:00:00,31767.352199999998,0.007415098043973476,0.008393411835064497,-0.00032314,0.007716551835064497,1.0406540532981925,保本/跟踪,10,False
BTC,1,2021-07-21 18:15:00,2021-07-21 18:15:00,32715.041699999998,0.011259835635819216,-0.011457583668691963,0.0,-0.012457583668691964,-1.1063734917286476,止损,1,False
BTC,1,2021-07-22 00:30:00,2021-07-22 01:00:00,32298.928494,0.010352552805473172,-0.01055048229491201,0.0,-0.011550482294912009,-1.1157134391824128,止损,3,False
BTC,1,2021-07-22 16:00:00,2021-07-22 18:00:00,32488.336368,0.007915654437270476,-0.00811407130638304,0.0,-0.009114071306383038,-1.151398330815185,止损,9,False
BTC,1,2021-07-23 21:30:00,2021-07-23 22:45:00,32595.407777999997,0.005355850424678382,0.011961073209562847,0.0,0.010961073209562848,2.0465607402060817,保本/跟踪,6,False
BTC,1,2021-07-23 23:45:00,2021-07-24 11:15:00,33409.650594,0.007821750884462788,0.008500989966078355,-0.00020625,0.007707239966078355,0.9853599379376938,保本/跟踪,47,False
BTC,1,2021-07-24 16:30:00,2021-07-24 19:30:00,34189.3365,0.00565345207235155,-0.00585232138193695,0.0,-0.00685232138193695,-1.2120596927757683,止损,13,False
BTC,1,2021-07-25 00:15:00,2021-07-25 00:15:00,34367.302085999996,0.006607022432036903,-0.006805701027550515,0.0,-0.007805701027550515,-1.1814249320089059,止损,1,False
BTC,1,2021-07-25 18:15:00,2021-07-25 19:00:00,34446.877997999996,0.006555547571250219,-0.006754236461735887,0.0,-0.007754236461735887,-1.182851070403729,止损,4,False
BTC,1,2021-07-25 23:45:00,2021-07-26 01:15:00,35196.047802,0.0075083544521036385,0.0793962037362959,-0.00054841,0.0789446137362959,10.514236406910404,保本/跟踪,7,False
BTC,1,2021-07-26 06:30:00,2021-07-26 07:30:00,39072.883014,0.01834498246145518,-0.018541313464962947,0.0,-0.019541313464962948,-1.0652129815889109,止损,5,True
BTC,1,2021-07-26 16:30:00,2021-07-26 17:00:00,39293.65716,0.011586908949861547,-0.011784591568071592,0.0,-0.012784591568071591,-1.103365153156257,止损,3,False
BTC,1,2021-07-26 18:30:00,2021-07-26 20:00:00,39657.349883999996,0.01265289588657551,-0.01285036530739817,0.0,-0.01385036530739817,-1.094639948953753,止损,7,False
BTC,1,2021-07-27 11:45:00,2021-07-27 14:00:00,37829.874462,0.008724935840429882,0.010187708837858111,0.0,0.009187708837858112,1.053040275125442,保本/跟踪,10,False
BTC,1,2021-07-27 23:00:00,2021-07-27 23:00:00,39154.859405999996,0.0115812448810585,-0.011778928632082306,0.0,-0.012778928632082305,-1.1034158040283437,止损,1,False
BTC,1,2021-07-28 02:00:00,2021-07-28 06:30:00,39863.001006,0.012862959498210638,-0.013060386906310855,0.0,-0.014060386906310854,-1.0930911279217501,止损,19,False
BTC,1,2021-07-28 11:30:00,2021-07-28 12:30:00,40453.23903,0.010755730818939511,-0.01095357967277565,0.0,-0.01195357967277565,-1.1113684299096511,止损,5,False
BTC,1,2021-07-30 21:00:00,2021-07-30 21:45:00,40697.647902000004,0.010979556381133602,0.005887524260757751,0.0,0.004887524260757751,0.4451476991507676,保本/跟踪,4,False
BTC,1,2021-07-30 23:45:00,2021-07-31 05:30:00,41885.565438,0.01231052831185901,-0.012508066206196542,0.0001,-0.013608066206196541,-1.105400666930564,止损,24,False
BTC,1,2021-07-31 22:00:00,2021-07-31 22:15:00,41958.379998,0.007259423182837457,-0.007457971298200919,0.0,-0.008457971298200919,-1.1651023897046033,止损,2,False
BTC,1,2021-08-01 04:00:00,2021-08-01 04:45:00,42429.994302,0.00792139037334714,-0.008119806095272403,0.0,-0.009119806095272402,-1.1512885573670923,止损,4,False
BTC,-1,2021-08-02 12:15:00,2021-08-02 13:30:00,39086.501136,0.009253427960898062,-0.00945527864649038,-0.0,-0.01045527864649038,-1.129881670951667,止损,6,False
BTC,-1,2021-08-03 05:00:00,2021-08-03 10:30:00,38325.323402,0.01062441651985302,-0.010826541403157048,-0.0001,-0.01172654140315705,-1.1037350974751954,止损,23,False
BTC,1,2021-08-04 21:15:00,2021-08-04 22:45:00,39928.364076,0.007363250808055666,-0.007561778157893949,0.0,-0.008561778157893949,-1.1627714960526743,止损,7,False
BTC,-1,2021-08-05 12:30:00,2021-08-05 13:00:00,37780.06247600001,0.009051393729719717,-0.009253204008465712,-0.0,-0.010253204008465713,-1.1327762679022484,止损,3,False
BTC,1,2021-08-05 18:00:00,2021-08-06 00:45:00,40692.626897999995,0.01397817405634508,-0.014175378421533873,0.0001,-0.015275378421533873,-1.0928021328078938,止损,28,False
BTC,1,2021-08-06 15:45:00,2021-08-06 16:15:00,41841.486624000005,0.010364469131373065,0.01651481936878401,0.0001,0.01541481936878401,1.4872753416886182,保本/跟踪,3,False
BTC,1,2021-08-07 01:00:00,2021-08-07 01:00:00,43264.591188,0.008690435173362657,-0.008888697086327921,0.0,-0.009888697086327922,-1.1378828435011055,止损,1,False
BTC,1,2021-08-07 04:00:00,2021-08-07 04:45:00,43679.024058,0.008885327883143728,-0.009083550817567008,0.0,-0.010083550817567007,-1.134854104449698,止损,4,False
BTC,1,2021-08-07 12:15:00,2021-08-07 12:30:00,44372.252676,0.009177869235205915,-0.009376033661358913,0.0,-0.010376033661358912,-1.1305493023976512,止损,2,False
BTC,1,2021-08-09 10:00:00,2021-08-09 13:45:00,44870.682342,0.00967954072178922,0.013507311941611484,0.0,0.012507311941611483,1.2921389868691582,保本/跟踪,16,False
BTC,1,2021-08-11 07:15:00,2021-08-11 08:15:00,46405.149174,0.007516236110078405,-0.007714732862856242,0.0001,-0.008814732862856242,-1.1727589093478188,止损,5,False
BTC,-1,2021-08-12 12:00:00,2021-08-12 18:00:00,44755.367136,0.008797933166756323,0.009942925326581921,-0.0001,0.009042925326581921,1.0278465584111642,保本/跟踪,25,False
BTC,-1,2021-08-12 22:30:00,2021-08-12 23:00:00,44000.538131999994,0.006964256428076772,-0.007165649279362436,-0.0,-0.008165649279362436,-1.172508416898922,止损,3,False
BTC,1,2021-08-13 12:45:00,2021-08-13 15:15:00,46592.76669,0.007069627670614244,-0.0072682137450801165,0.0,-0.008268213745080116,-1.1695401979156468,止损,11,False
BTC,1,2021-08-14 09:45:00,2021-08-14 09:45:00,48059.96007,0.004921586310062176,-0.005120601992800103,0.0,-0.006120601992800103,-1.2436238251651792,止损,1,False
BTC,-1,2021-08-15 13:45:00,2021-08-15 13:45:00,45609.406294,0.0072309739747946295,-0.007432420169589614,-0.0,-0.008432420169589614,-1.1661527477464206,止损,1,False
BTC,1,2021-08-16 00:15:00,2021-08-16 08:00:00,47526.5034,0.00805107827462664,-0.008249468058971702,0.0001,-0.009349468058971702,-1.161269054908707,止损,32,False
BTC,-1,2021-08-17 00:30:00,2021-08-17 01:00:00,45577.372702,0.008858754770162286,-0.00906052652111627,-0.0,-0.010060526521116268,-1.135659218720191,止损,3,False
BTC,-1,2021-08-17 06:45:00,2021-08-17 08:15:00,45817.924582,0.008002522773971074,-0.008204123278525812,-0.0001,-0.009104123278525812,-1.1376566534915455,止损,7,False
BTC,-1,2021-08-17 15:45:00,2021-08-17 18:00:00,45709.316308,0.008521196545617697,-0.008722900784926857,-0.0001,-0.009622900784926856,-1.1292898518900785,止损,10,False
BTC,-1,2021-08-17 20:15:00,2021-08-18 10:00:00,45099.698256,0.009875642553034485,-0.010077617681545128,-0.0002,-0.010877617681545127,-1.1014592339819718,止损,56,False
BTC,-1,2021-08-18 21:00:00,2021-08-18 22:45:00,44543.179582,0.008026896691371892,-0.008228502070710035,-0.0,-0.009228502070710035,-1.1496973768990633,止损,8,False
BTC,-1,2021-08-19 03:15:00,2021-08-19 07:45:00,44293.449538,0.007832346709518115,-0.008033913178860003,-0.0,-0.009033913178860004,-1.1534107865630754,止损,19,False
BTC,1,2021-08-20 00:30:00,2021-08-20 07:45:00,47286.625433999994,0.00862128015165637,-0.008819555895626028,0.0,-0.009819555895626029,-1.1389904657882437,止损,30,False
BTC,1,2021-08-20 09:45:00,2021-08-20 11:30:00,47312.56062,0.0062350866788044666,-0.006433839661468793,0.0,-0.007433839661468793,-1.1922592330174597,止损,8,False
BTC,1,2021-08-20 13:30:00,2021-08-20 16:45:00,47493.126725999995,0.00639550044536114,0.023363582454817084,0.00014278,0.022220802454817085,3.474443109598177,保本/跟踪,14,False
BTC,1,2021-08-20 22:00:00,2021-08-20 22:30:00,49388.645754,0.006839307733070197,-0.007037939871523597,0.0,-0.008037939871523597,-1.1752563541859125,止损,3,False
BTC,1,2021-08-21 16:30:00,2021-08-21 19:00:00,49638.585732,0.0071010346986350795,-0.007299614491695287,0.0,-0.008299614491695287,-1.168789457301285,止损,11,False
BTC,1,2021-08-23 01:30:00,2021-08-23 06:15:00,49703.4387,0.006751802336593734,0.0068421386696996605,0.0,0.0058421386696996605,0.8652709866869419,保本/跟踪,20,False
BTC,1,2021-08-24 07:00:00,2021-08-24 08:15:00,49818.681744,0.004787812107334427,-0.004986854544912914,0.0001,-0.006086854544912914,-1.2713227688255542,止损,6,False
BTC,-1,2021-08-24 16:15:00,2021-08-25 05:45:00,48163.3654,0.007223992468331331,-0.007425437266824993,-0.00019568,-0.008229757266824993,-1.139225615600065,止损,55,False
BTC,-1,2021-08-25 08:45:00,2021-08-25 13:00:00,47574.203256,0.006845187886937206,-0.007046556924514506,-0.0,-0.008046556924514506,-1.1755056336539562,止损,18,False
BTC,-1,2021-08-26 04:00:00,2021-08-26 11:00:00,47935.850912,0.007293312484062213,0.017569431556663573,-0.00021865,0.016788081556663573,2.3018459161526263,保本/跟踪,29,False
BTC,-1,2021-08-26 12:15:00,2021-08-26 12:15:00,46565.724992,0.008512958570860565,-0.008714661162574739,-0.0,-0.009714661162574738,-1.1411615693546944,止损,1,False
BTC,1,2021-08-27 20:30:00,2021-08-28 14:30:00,48845.287103999995,0.006267236750322405,-0.006465983302972232,0.00042239999999999997,-0.007888383302972233,-1.2586700674051339,止损,73,False
BTC,1,2021-08-29 20:30:00,2021-08-29 21:30:00,48979.663974,0.004555908709810181,-0.004754997528068291,0.0,-0.005754997528068291,-1.263194215388058,止损,5,False
BTC,-1,2021-08-30 12:30:00,2021-08-30 14:00:00,47593.699356000005,0.005773196591131514,-0.005974351230449693,-0.0,-0.006974351230449693,-1.2080571171200598,止损,7,False
BTC,-1,2021-08-30 23:15:00,2021-08-31 03:15:00,47448.428416,0.00746350808873424,0.006576194449132168,-0.00036162,0.005937814449132168,0.7955795556911067,保本/跟踪,17,False
BTC,1,2021-09-02 00:00:00,2021-09-02 04:00:00,48852.698586,0.0068351278853176845,0.013450775118011736,0.0,0.012450775118011737,1.821586271232297,保本/跟踪,17,False
BTC,1,2021-09-02 07:00:00,2021-09-02 14:30:00,50005.539108,0.006189044160706004,-0.0063878063518738645,0.0004869,-0.007874706351873864,-1.2723622820257225,止损,31,False
BTC,1,2021-09-03 10:45:00,2021-09-03 10:45:00,50414.520888,0.007600556813252196,-0.0077990367018895375,0.0,-0.008799036701889537,-1.1576831695472223,止损,1,False
BTC,1,2021-09-03 12:45:00,2021-09-03 14:30:00,50743.106592,0.010184939203397485,-0.010382902215556771,0.0,-0.01138290221555677,-1.1176210273066403,止损,8,False
BTC,1,2021-09-05 14:30:00,2021-09-05 14:45:00,50467.93156799999,0.0049743176004485865,-0.005173322736928387,0.0,-0.006173322736928387,-1.2410391198928823,止损,2,False
BTC,1,2021-09-05 19:15:00,2021-09-06 00:15:00,50605.959167999994,0.004723065302703238,0.018748911528440708,0.00026783,0.017481081528440707,3.7012152930503506,保本/跟踪,21,False
BTC,1,2021-09-06 07:45:00,2021-09-06 07:45:00,51944.416806,0.0034183301183365795,-0.003617646452312774,0.0,-0.004617646452312774,-1.3508485993037451,止损,1,False
BTC,-1,2021-09-07 15:00:00,2021-09-07 15:00:00,47357.87653,0.017038270970970652,-0.01724167862516483,-0.0,-0.01824167862516483,-1.0706296816293457,止损,1,True
BTC,-1,2021-09-08 03:30:00,2021-09-08 08:30:00,46335.471052,0.012097375214963943,0.02219272643341839,-0.0001,0.02129272643341839,1.7601112683584605,保本/跟踪,21,True
BTC,-1,2021-09-10 07:30:00,2021-09-10 08:45:00,46235.60103,0.006111207042215373,0.0028797557917417844,-0.0001,0.0019797557917417843,0.3239549532630633,保本/跟踪,6,False
BTC,-1,2021-09-10 14:45:00,2021-09-10 15:45:00,45109.4763,0.0110499010107923,-0.011252110990994412,-0.0,-0.012252110990994412,-1.1087982579235713,止损,5,True
BTC,-1,2021-09-10 21:00:00,2021-09-10 22:00:00,45077.602676,0.007968791302282579,0.008119530679638803,-0.0,0.007119530679638803,0.8934266703156709,保本/跟踪,5,False
BTC,-1,2021-09-11 22:15:00,2021-09-12 04:00:00,45111.72585,0.005227897782503702,-0.005428943362060191,-0.0001,-0.006328943362060191,-1.2106096227132401,止损,24,False
BTC,-1,2021-09-13 04:00:00,2021-09-13 12:00:00,44621.363942,0.009290253326792345,-0.009492111377457656,-0.0001,-0.010392111377457658,-1.118603660406939,止损,33,False
BTC,1,2021-09-14 12:45:00,2021-09-14 22:30:00,46456.469436,0.007332850408477749,0.007906542325591792,0.0001,0.006806542325591792,0.9282259894082285,保本/跟踪,40,False
BTC,1,2021-09-15 15:15:00,2021-09-16 02:30:00,48082.414560000005,0.006469923575668047,-0.006668629590952919,0.0002,-0.007868629590952919,-1.216185863546379,止损,46,False
BTC,1,2021-09-18 06:00:00,2021-09-18 11:45:00,48675.503154,0.005696265852034189,-0.005895126598863686,0.0001,-0.006995126598863686,-1.2280196852760414,止损,24,False
BTC,-1,2021-09-20 02:45:00,2021-09-20 04:30:00,45980.831994,0.008976215582059183,0.005838669941661369,-0.0,0.004838669941661369,0.5390545600678808,保本/跟踪,8,False
BTC,-1,2021-09-20 07:45:00,2021-09-20 10:15:00,44813.795448000004,0.009900365989678429,-0.010102346062876402,-0.0001,-0.011002346062876402,-1.1113070036346975,止损,11,True
BTC,-1,2021-09-20 11:30:00,2021-09-20 12:45:00,43849.518342,0.01310494908068823,0.008204690553253374,-0.0,0.007204690553253374,0.5497686796715892,保本/跟踪,6,True
BTC,-1,2021-09-20 19:30:00,2021-09-20 19:30:00,43075.193238,0.012152363949774694,-0.012354794422564716,-0.0,-0.013354794422564716,-1.0989462196622506,止损,1,True
BTC,-1,2021-09-20 23:30:00,2021-09-21 00:30:00,42671.783936,0.01393143790307364,0.03239625103708953,-0.0001,0.03149625103708953,2.260804035895005,保本/跟踪,5,True
BTC,-1,2021-09-21 15:00:00,2021-09-21 15:30:00,42411.0161,0.011166284683222932,-0.011368517940159622,-0.0,-0.012368517940159623,-1.1076663627198235,止损,3,True
BTC,-1,2021-09-21 17:30:00,2021-09-21 18:15:00,42113.215672,0.01293371204682874,-0.013136298789238054,-0.0,-0.014136298789238055,-1.092980788350254,止损,4,True
BTC,-1,2021-09-21 21:15:00,2021-09-21 21:15:00,40342.549876000005,0.019123488861926306,-0.019327313559698703,-0.0,-0.020327313559698704,-1.0629500561568104,止损,1,True
BTC,1,2021-09-23 17:30:00,2021-09-24 02:00:00,44673.922997999995,0.008880634343485044,-0.00907885821661622,-7.856e-05,-0.010000298216616221,-1.126079267519057,止损,35,False
BTC,1,2021-09-24 07:45:00,2021-09-24 08:45:00,44967.971796000005,0.008431124991403263,-0.008629438766405022,-8.536e-05,-0.009544078766405024,-1.1320053701180537,止损,5,False
BTC,-1,2021-09-25 01:30:00,2021-09-25 02:15:00,42122.17388,0.009817060623039057,-0.010019024035163644,-0.0,-0.011019024035163645,-1.1224361810809005,止损,4,True
BTC,-1,2021-09-26 02:15:00,2021-09-26 03:15:00,41989.940332,0.00764386239579111,-0.007845391168270252,-0.0,-0.008845391168270253,-1.1571886973188754,止损,5,False
BTC,-1,2021-09-26 07:45:00,2021-09-26 08:00:00,41124.563442,0.009110209341980854,-0.009312031383849294,-0.0001,-0.010212031383849296,-1.120943657879641,止损,2,False
BTC,1,2021-09-26 20:30:00,2021-09-26 21:30:00,43620.842424,0.00587562630130943,-0.006074451176049127,0.0,-0.007074451176049127,-1.2040335469382268,止损,5,False
BTC,1,2021-09-27 01:45:00,2021-09-27 06:45:00,44226.733578,0.009316976842599708,-0.009515113447231114,0.0,-0.010515113447231113,-1.128597143136946,止损,21,False
BTC,-1,2021-09-28 14:15:00,2021-09-29 03:45:00,41527.692800000004,0.011969016801279327,-0.012171410604639487,-0.00014204,-0.013029370604639486,-1.088591554424656,止损,55,True
BTC,-1,2021-09-29 16:30:00,2021-09-29 22:30:00,41528.622614,0.0075391814783040455,0.005749891638632259,-0.0,0.004749891638632259,0.630027497321998,保本/跟踪,25,False
BTC,1,2021-09-30 12:45:00,2021-09-30 12:45:00,43661.650583999995,0.008119806783143526,-0.008318182821786837,0.0,-0.009318182821786838,-1.147586767844169,止损,1,False
BTC,1,2021-10-01 10:30:00,2021-10-01 11:00:00,46550.698277999996,0.011656834451277274,0.01004432569714133,0.0,0.00904432569714133,0.7758818000671114,保本/跟踪,3,True
BTC,1,2021-10-01 19:15:00,2021-10-02 03:15:00,48012.430566,0.009669286714647181,-0.009867352857304109,5.277e-05,-0.01092012285730411,-1.129361780198548,止损,33,True
BTC,1,2021-10-02 19:15:00,2021-10-02 20:15:00,48132.77463,0.0049375043642729795,-0.0051365168634000345,0.0,-0.0061365168634000345,-1.2428377598616265,止损,5,False
BTC,1,2021-10-03 05:45:00,2021-10-03 07:15:00,48050.738225999994,0.005081401205241088,-0.0052803849249999455,0.0,-0.0062803849249999455,-1.2359553342338319,止损,7,False
BTC,1,2021-10-04 16:30:00,2021-10-05 01:30:00,48657.149483999994,0.01045120553942912,0.012170135925246114,0.0001,0.011070135925246114,1.0592209562315051,保本/跟踪,37,True
BTC,1,2021-10-05 20:00:00,2021-10-06 08:15:00,51175.092972,0.008393051762558957,-0.008591373152206518,0.0002,-0.009791373152206519,-1.166604642650414,止损,50,False
BTC,1,2021-10-06 12:30:00,2021-10-06 13:15:00,52273.432596,0.009384576916144098,0.047069578327027316,0.0,0.046069578327027315,4.90907355107024,保本/跟踪,4,True
BTC,1,2021-10-06 20:15:00,2021-10-07 00:30:00,55333.174422,0.009653843666536094,-0.009851912897802725,0.0001,-0.010951912897802726,-1.1344613892771265,止损,18,True
BTC,1,2021-10-08 08:00:00,2021-10-08 09:00:00,54862.860378,0.006598242687743799,0.013240405328590839,0.0,0.012240405328590838,1.8551008060566379,保本/跟踪,5,False
BTC,1,2021-10-09 06:15:00,2021-10-09 08:30:00,54875.983002,0.005984056149291472,-0.006182859338061659,0.0001,-0.007282859338061659,-1.2170439508532969,止损,10,False
BTC,1,2021-10-09 11:15:00,2021-10-09 11:30:00,55302.028194,0.0069212193601077545,-0.00711983511623566,0.0,-0.008119835116235659,-1.1731798536882732,止损,2,False
BTC,1,2021-10-11 03:45:00,2021-10-11 11:00:00,56427.763296000005,0.008387499273106811,-0.008585821773252091,0.0001,-0.009685821773252092,-1.1547925618674146,止损,30,False
BTC,-1,2021-10-13 05:45:00,2021-10-13 08:15:00,55338.93,0.006189514469662158,0.003986726289164334,-0.0001,0.003086726289164334,0.4987024918180402,保本/跟踪,11,False
BTC,-1,2021-10-13 09:15:00,2021-10-13 09:45:00,54396.26857,0.00990157029962373,-0.010103550613683569,-0.0,-0.01110355061368357,-1.1213928980644126,止损,3,True
BTC,1,2021-10-14 01:15:00,2021-10-14 04:45:00,58232.374146,0.007795873117548417,-0.007994313942924892,0.0,-0.008994313942924891,-1.153727595011622,止损,15,False
BTC,1,2021-10-15 04:30:00,2021-10-15 08:45:00,59570.071632,0.009790327668639564,-0.0099883696031059,0.00036685,-0.0113552196031059,-1.159840608755007,止损,18,True
BTC,1,2021-10-15 13:15:00,2021-10-15 14:00:00,59659.939602,0.006832723414751885,0.003389446928401778,0.0,0.002389446928401778,0.3497063737781263,保本/跟踪,4,False
BTC,1,2021-10-15 16:30:00,2021-10-15 17:30:00,60559.999577999995,0.008337553109152287,0.009036515901196095,0.0,0.008036515901196094,0.9638938182443794,保本/跟踪,5,False
BTC,1,2021-10-15 20:30:00,2021-10-15 20:30:00,62616.740844,0.011898090003754918,-0.012095710385754188,0.0,-0.013095710385754189,-1.1006565239985,止损,1,True
BTC,1,2021-10-18 00:30:00,2021-10-18 09:45:00,62029.443408,0.010180464530424448,-0.010378428437518301,0.00022227,-0.011600698437518302,-1.1395058057370042,止损,38,True
BTC,1,2021-10-19 19:15:00,2021-10-20 13:45:00,63773.482146,0.008553845313160176,0.02451497525395491,0.0002,0.02331497525395491,2.7256718353422396,保本/跟踪,75,False
BTC,1,2021-10-20 14:00:00,2021-10-20 22:00:00,66152.47785,0.008755027444000101,-0.008953276438511161,0.00063237,-0.010585646438511162,-1.2090934615819624,止损,33,False
BTC,1,2021-10-21 09:15:00,2021-10-21 10:45:00,66503.287998,0.008773222034326506,-0.008971467389919557,0.0,-0.009971467389919556,-1.1365798506984939,止损,7,False
BTC,-1,2021-10-22 15:30:00,2021-10-23 04:00:00,60813.824802,0.010820567575792238,-0.011022731689307416,-0.00059405,-0.011428681689307415,-1.0561998351062147,止损,51,True
BTC,-1,2021-10-23 11:00:00,2021-10-23 11:00:00,60165.71445,0.006109951222272845,-0.006311173212517306,-0.0,-0.007311173212517306,-1.1966009132553463,止损,1,False
BTC,1,2021-10-25 07:30:00,2021-10-25 17:00:00,62801.037696,0.0054571724728069305,0.00813524930653866,0.00037889,0.00675635930653866,1.238069593769589,保本/跟踪,39,False
BTC,-1,2021-10-27 07:30:00,2021-10-27 08:15:00,60389.079768,0.007721353419909263,0.024645382504879,-0.00030309,0.023948472504878998,3.101589993682795,保本/跟踪,4,False
BTC,-1,2021-10-27 19:15:00,2021-10-27 19:45:00,58337.530159999995,0.007859174854404192,-0.008060746689374959,-0.0,-0.009060746689374958,-1.1528877849431507,止损,3,False
BTC,1,2021-10-28 20:15:00,2021-10-28 20:45:00,62044.416402,0.016237730190512698,-0.01643448264447463,0.0,-0.01743448264447463,-1.073701954640259,止损,3,True
BTC,1,2021-10-29 16:15:00,2021-10-29 18:30:00,62834.444376,0.00985817663993602,-0.01005620500460798,0.0,-0.01105620500460798,-1.1215263641978863,止损,10,True
BTC,1,2021-10-30 20:30:00,2021-10-30 20:45:00,61998.587238,0.005358579351946056,-0.0055575076360756025,0.0,-0.0065575076360756025,-1.2237399514657064,止损,2,False
BTC,1,2021-10-31 00:15:00,2021-10-31 02:45:00,62400.87768,0.005967250386451752,-0.006166056936374445,0.0,-0.007166056936374445,-1.2008976450266782,止损,11,False
BTC,-1,2021-11-01 04:00:00,2021-11-01 04:30:00,59919.243754,0.008781239661313714,-0.008982995909246005,-0.0,-0.009982995909246006,-1.136854965162459,止损,3,False
BTC,1,2021-11-02 09:45:00,2021-11-02 11:45:00,62853.328152,0.006622097323246001,0.0037062907981759378,0.0,0.0027062907981759378,0.40867578141382194,保本/跟踪,9,False
BTC,-1,2021-11-04 09:00:00,2021-11-04 13:00:00,61659.995534,0.00620558875352221,-0.006406829871272935,-0.0,-0.007406829871272935,-1.1935740774102888,止损,17,False
BTC,-1,2021-11-05 01:00:00,2021-11-05 01:00:00,60917.024158,0.0058768059473516985,-0.006077981308541238,-0.0,-0.007077981308541238,-1.2043925513196216,止损,1,False
BTC,-1,2021-11-05 15:15:00,2021-11-05 18:15:00,60990.14953,0.006828250461816408,-0.00702961611190872,-0.00041167,-0.00761794611190872,-1.1156512425120155,止损,13,False
BTC,1,2021-11-07 18:00:00,2021-11-07 18:00:00,62502.29796,0.004682279112324341,-0.004881342656501842,0.0,-0.005881342656501842,-1.2560854480078765,止损,1,False
BTC,1,2021-11-07 21:00:00,2021-11-08 01:30:00,62709.599411999996,0.005033320717942369,0.036745933728448046,0.00025861,0.035487323728448046,7.0504793390069,保本/跟踪,19,False
BTC,1,2021-11-08 06:30:00,2021-11-08 13:30:00,66055.598478,0.006705065087657229,-0.006903724074639643,0.00049328,-0.008397004074639643,-1.2523374441356216,止损,29,False
BTC,1,2021-11-08 15:45:00,2021-11-08 20:00:00,66213.24,0.006568412548603586,-0.006767098866093681,0.0004876,-0.00825469886609368,-1.2567266146899667,止损,18,False
BTC,1,2021-11-08 23:30:00,2021-11-09 00:00:00,67742.06570400001,0.007189633969129934,-0.0073881960423360605,0.00038683,-0.00877502604233606,-1.22051081877232,止损,3,False
BTC,1,2021-11-09 03:45:00,2021-11-09 06:00:00,68251.637598,0.006970826351171167,-0.00716943218590093,0.0,-0.00816943218590093,-1.1719460182117987,止损,10,False
BTC,1,2021-11-10 14:00:00,2021-11-10 19:30:00,68050.98747600001,0.008452393457450995,-0.008650702978759653,0.00057535,-0.010226052978759654,-1.2098410977005731,止损,23,False
BTC,-1,2021-11-12 07:15:00,2021-11-12 08:30:00,64450.547312,0.005262711717636659,-0.005463764259980215,-0.00035543,-0.006108334259980214,-1.1606819046366654,止损,6,False
BTC,-1,2021-11-12 15:30:00,2021-11-12 18:00:00,63158.325808,0.009073103561710039,-0.00927491818242243,-0.00036867,-0.009906248182422429,-1.0918257589639333,止损,11,True
BTC,1,2021-11-15 00:00:00,2021-11-15 14:15:00,65581.493676,0.006571531796213368,-0.006770217489854111,0.00020745,-0.007977667489854111,-1.2139738096452615,止损,58,False
BTC,-1,2021-11-16 00:15:00,2021-11-16 01:15:00,62830.661354,0.008101577349172934,0.012219690855619521,-0.0,0.01121969085561952,1.3848773358640962,保本/跟踪,5,False
BTC,-1,2021-11-16 10:00:00,2021-11-16 10:30:00,60192.769038,0.010998814277737834,0.011499958419909048,-0.0,0.010499958419909049,0.9546445784762004,保本/跟踪,3,True
BTC,-1,2021-11-16 20:45:00,2021-11-16 21:00:00,59384.110802,0.009876454215070933,-0.01007842950591398,-0.0,-0.011078429505913982,-1.1217010948128427,止损,2,True
BTC,-1,2021-11-18 17:15:00,2021-11-18 17:15:00,56789.749778000005,0.015567035152580459,-0.01577014855961107,-0.0,-0.01677014855961107,-1.0772859696941828,止损,1,True
BTC,-1,2021-11-18 23:00:00,2021-11-19 00:00:00,56628.672,0.012726126752163483,-0.012928671977513899,-0.0001,-0.0138286719775139,-1.0866363542358228,止损,5,True
BTC,-1,2021-11-19 02:45:00,2021-11-19 08:15:00,56268.69401,0.011720655926020621,-0.011923000057205793,-0.0001,-0.012823000057205793,-1.0940514027664523,止损,23,True
BTC,1,2021-11-20 22:30:00,2021-11-21 00:30:00,59755.168644,0.005801688418381108,-0.006000528080697397,0.0001,-0.007100528080697398,-1.2238727019881421,止损,9,False
BTC,-1,2021-11-22 05:00:00,2021-11-22 07:00:00,57087.580200000004,0.007912990482996837,-0.00811457308109352,-0.0,-0.009114573081093522,-1.1518493672750656,止损,9,False
BTC,-1,2021-11-22 13:15:00,2021-11-22 13:30:00,56874.232878,0.00859469125259786,-0.008796410190848343,-0.0,-0.009796410190848343,-1.1398210712789998,止损,2,False
BTC,-1,2021-11-22 18:45:00,2021-11-22 22:00:00,56704.106909999995,0.009191533189387905,0.003925042482229493,-0.0,0.0029250424822294934,0.31823227115217345,保本/跟踪,14,True
BTC,-1,2021-11-23 07:30:00,2021-11-23 08:45:00,55958.726016,0.007505531714853222,-0.007707032821196155,-0.00012897,-0.008578062821196155,-1.1428987508267305,止损,6,False
BTC,-1,2021-11-24 02:45:00,2021-11-24 04:15:00,56286.99035,0.0075580745871504556,-0.007759586202067792,-0.0,-0.008759586202067793,-1.1589705950983915,止损,7,False
BTC,1,2021-11-25 08:15:00,2021-11-25 08:45:00,57917.611205999994,0.005483270566092334,-0.005682173911979035,0.0,-0.006682173911979035,-1.2186474899306496,止损,3,False
BTC,1,2021-11-25 10:15:00,2021-11-25 10:15:00,58409.609586,0.0063412987757124634,-0.006540030515957368,0.0,-0.007540030515957368,-1.18903568222272,止损,1,False
BTC,1,2021-11-25 13:00:00,2021-11-26 02:45:00,58688.425338,0.006676951120404597,-0.0068756157301805305,0.00025750999999999997,-0.00813312573018053,-1.2180897513725837,止损,56,False
BTC,-1,2021-11-26 11:15:00,2021-11-27 08:00:00,54295.268774,0.013755043894409867,-0.013957794903188742,-0.00030824,-0.014649554903188743,-1.0650314906768426,止损,84,True
BTC,1,2021-11-29 00:30:00,2021-11-29 09:30:00,57811.549997999995,0.01079992951932629,-0.010997769533422384,0.0001,-0.012097769533422384,-1.1201711559111225,止损,37,True
BTC,1,2021-11-29 17:30:00,2021-11-29 19:30:00,58601.778011999995,0.007325463963455797,-0.007523998870663145,0.0,-0.008523998870663145,-1.1636121497814234,止损,9,False
BTC,1,2021-11-30 14:00:00,2021-11-30 15:45:00,58381.674,0.009490053185350135,-0.009688155174713067,0.0,-0.010688155174713068,-1.126248184911382,止损,8,True
BTC,1,2021-12-01 14:30:00,2021-12-01 17:45:00,58535.164692,0.008225210104258166,-0.008423565062237308,0.0001,-0.009523565062237307,-1.1578506739064314,止损,14,False
BTC,-1,2021-12-03 15:15:00,2021-12-03 20:30:00,56118.364082,0.0070441711076196945,0.054142173523810296,-0.00027198,0.05341415352381029,7.582745039516728,保本/跟踪,22,False
BTC,-1,2021-12-04 03:30:00,2021-12-04 05:00:00,52488.690162000006,0.01117999507664921,0.042017347264585884,-0.0,0.041017347264585884,3.6688162189136957,保本/跟踪,7,True
BTC,-1,2021-12-04 11:45:00,2021-12-04 12:15:00,46308.006546,0.02095753398600721,-0.021161725492804324,-0.0,-0.022161725492804325,-1.0574586450677415,止损,3,True
BTC,-1,2021-12-05 15:45:00,2021-12-05 16:00:00,47857.116662,0.010007864241339773,-0.010209865814187886,-0.0001,-0.011109865814187887,-1.110113561322709,止损,2,True
BTC,-1,2021-12-06 07:30:00,2021-12-06 07:45:00,47809.776132,0.009380414813425346,-0.00958229089638812,-0.0,-0.010582290896388121,-1.1281261124233692,止损,2,True
BTC,1,2021-12-07 15:45:00,2021-12-07 16:30:00,51857.309388,0.007854170380093662,-0.008052599546017699,0.0001,-0.009152599546017697,-1.1653171631232873,止损,4,False
BTC,-1,2021-12-09 04:00:00,2021-12-09 07:30:00,49496.858648,0.00771504972604672,-0.007916592735991955,-0.0,-0.008916592735991956,-1.1557401510827228,止损,15,False
BTC,-1,2021-12-09 14:45:00,2021-12-09 21:30:00,48844.339178,0.008652337859789519,0.0181751272984391,-0.0001,0.017275127298439098,1.9965849205591866,保本/跟踪,28,False
BTC,-1,2021-12-11 00:00:00,2021-12-11 00:15:00,47122.883538,0.011371099849791781,-0.011573374069761716,-0.0,-0.012573374069761716,-1.1057306888385074,止损,2,True
BTC,1,2021-12-12 13:15:00,2021-12-12 17:30:00,49689.936,0.007073498110941416,0.00522167735461299,0.0001,0.00412167735461299,0.5826929321204601,保本/跟踪,18,False
BTC,1,2021-12-12 18:15:00,2021-12-12 19:15:00,50643.32664,0.008499262934914632,-0.00869756308232749,0.0,-0.009697563082327491,-1.1409887135613006,止损,5,False
BTC,-1,2021-12-13 14:15:00,2021-12-13 16:45:00,48120.943886,0.007199745339692113,0.01716752517793506,-0.0001,0.016267525177935057,2.2594584128208504,保本/跟踪,11,False
BTC,-1,2021-12-13 19:30:00,2021-12-13 22:00:00,46420.374068000005,0.013252510261164233,-0.013455160763216482,-0.0,-0.014455160763216481,-1.0907488829174161,止损,11,True
BTC,1,2021-12-15 08:30:00,2021-12-15 11:00:00,48489.065874,0.006490508326969075,-0.006689210225303634,0.0,-0.007689210225303634,-1.1846853648355655,止损,11,False
BTC,-1,2021-12-15 16:00:00,2021-12-15 16:15:00,46612.52563,0.00876751787100976,-0.008969271374583936,-0.0,-0.009969271374583935,-1.1370688399219389,止损,2,False
BTC,1,2021-12-16 11:45:00,2021-12-16 11:45:00,49384.084842,0.005796321518281354,-0.005995162253977773,0.0,-0.006995162253977773,-1.2068278531332892,止损,1,False
BTC,-1,2021-12-17 06:15:00,2021-12-17 08:00:00,47538.620374,0.005491813948261605,0.008749942419160975,-0.0001,0.007849942419160975,1.4293897231616557,保本/跟踪,8,False
BTC,-1,2021-12-17 14:15:00,2021-12-17 15:30:00,46703.177496,0.007338633811936146,0.014120309083007185,-0.0,0.013120309083007185,1.787840818773006,保本/跟踪,6,False
BTC,1,2021-12-19 14:00:00,2021-12-19 14:00:00,47616.411378,0.00787984750450154,-0.008078271535000578,0.0,-0.009078271535000577,-1.1520872110550884,止损,1,False
BTC,-1,2021-12-20 09:15:00,2021-12-20 16:45:00,45955.00716,0.008083673576396408,-0.008285290311111656,-0.0001,-0.009185290311111656,-1.1362767464945478,止损,31,False
BTC,1,2021-12-21 04:00:00,2021-12-21 08:45:00,47937.105504,0.007980003487897762,0.012744456435135047,0.0001,0.011644456435135047,1.4592044292705746,保本/跟踪,20,False
BTC,1,2021-12-21 23:00:00,2021-12-21 23:45:00,49282.624553999995,0.006017055483581926,-0.006215852072485132,0.0,-0.007215852072485132,-1.1992330953527401,止损,4,False
BTC,1,2021-12-22 02:45:00,2021-12-22 03:45:00,49447.967616,0.006226034214880772,-0.006424789008037759,0.0,-0.007424789008037759,-1.1925390628743826,止损,5,False
BTC,1,2021-12-23 17:00:00,2021-12-23 20:15:00,49071.282294,0.005422595862639707,0.03510810645305986,0.0,0.03410810645305986,6.289996030878118,保本/跟踪,14,False
BTC,1,2021-12-24 01:15:00,2021-12-24 05:00:00,51167.161386,0.0066099139042034025,-0.006808591921422616,0.0,-0.007808591921422616,-1.181345481135079,止损,16,False
BTC,1,2021-12-27 17:30:00,2021-12-27 19:15:00,51775.342998,0.005424338843998261,-0.005623253976229422,0.0,-0.006623253976229422,-1.221025117845965,止损,8,False
BTC,-1,2021-12-28 10:15:00,2021-12-28 11:45:00,48857.796486,0.00681355390564392,-0.007014916616424973,-0.0,-0.008014916616424974,-1.1763195429900277,止损,7,False
BTC,-1,2021-12-28 17:30:00,2021-12-29 13:45:00,48016.504778,0.008874410330136457,0.019562706499036096,-0.0002,0.018762706499036094,2.114248248733794,保本/跟踪,82,False
BTC,-1,2021-12-31 18:45:00,2021-12-31 21:30:00,46683.241484000006,0.007532072908422021,0.010121759926595917,-0.0,0.009121759926595918,1.2110557130157864,保本/跟踪,12,False
BTC,-1,2022-01-03 16:00:00,2022-01-03 21:30:00,46680.652002,0.006302441342702341,0.011733009544467049,-0.0,0.01073300954446705,1.702992374041673,保本/跟踪,23,False
BTC,-1,2022-01-04 19:00:00,2022-01-04 19:00:00,45733.551459999995,0.008624205163120345,-0.00882593000415294,-0.0,-0.009825930004152938,-1.1393432575295779,止损,1,False
BTC,-1,2022-01-05 20:00:00,2022-01-05 22:45:00,44662.995614,0.013491057211290488,0.028175594016930153,-0.0,0.027175594016930153,2.014341321908209,保本/跟踪,12,True
BTC,-1,2022-01-06 04:00:00,2022-01-06 18:45:00,42812.485790000006,0.010897170411929374,-0.011099349846011743,-0.0002,-0.011899349846011742,-1.0919669415268811,止损,60,True
BTC,-1,2022-01-07 03:30:00,2022-01-07 03:45:00,42252.91772600001,0.007056290427619009,0.006185881841586301,-0.0,0.005185881841586301,0.7349303284468357,保本/跟踪,2,False
BTC,-1,2022-01-07 04:30:00,2022-01-07 05:15:00,41429.052531999994,0.009808490193357056,-0.010010451891395726,-0.0,-0.011010451891395726,-1.122542988201458,止损,4,True
BTC,-1,2022-01-07 13:45:00,2022-01-07 14:30:00,41400.69820400001,0.0116520433838676,-0.01185437379254431,-0.0,-0.01285437379254431,-1.1031862282920566,止损,4,True
BTC,-1,2022-01-08 17:15:00,2022-01-08 20:30:00,41165.775198,0.00755682295289121,0.0009307281248140283,-0.0,-6.927187518597174e-05,-0.009166798748337568,保本/跟踪,14,False
BTC,-1,2022-01-10 12:45:00,2022-01-10 14:30:00,41232.631824,0.006272400073650711,0.025610385600839763,-0.0,0.024610385600839762,3.92359946939989,保本/跟踪,8,False
BTC,1,2022-01-11 17:15:00,2022-01-11 17:15:00,42962.400762,0.010670266661128453,-0.010868132607796139,0.0,-0.01186813260779614,-1.112262044118493,止损,1,True
BTC,1,2022-01-12 10:15:00,2022-01-12 10:30:00,42970.362354,0.00531078878156309,-0.005509726623806704,0.0,-0.006509726623806704,-1.2257551357353622,止损,2,False
BTC,1,2022-01-12 11:45:00,2022-01-12 15:30:00,43100.298336,0.0065855565550041835,0.011900040344051876,0.0,0.010900040344051877,1.6551433812787222,保本/跟踪,16,False
BTC,1,2022-01-12 21:30:00,2022-01-12 21:30:00,44075.76338999999,0.006596978083566013,-0.0067956586879491954,0.0,-0.0077956586879491955,-1.1817014683388538,止损,1,False
BTC,-1,2022-01-14 11:00:00,2022-01-14 14:00:00,42051.33805,0.006928208863695118,-0.007129594505467822,-0.0,-0.00812959450546782,-1.1734049399215067,止损,13,False
BTC,1,2022-01-15 20:15:00,2022-01-15 21:00:00,43660.450344,0.005020577045030106,-0.005219572929621203,0.0,-0.006219572929621203,-1.2388163499608056,止损,4,False
BTC,-1,2022-01-17 05:15:00,2022-01-17 05:30:00,42377.432818,0.005131685760853171,-0.005332712098005359,-0.0,-0.006332712098005359,-1.2340412864548649,止损,2,False
BTC,-1,2022-01-17 16:15:00,2022-01-17 22:30:00,42206.70697,0.006336540396167018,0.007566991517713982,-0.0,0.006566991517713982,1.036368602918773,保本/跟踪,26,False
BTC,-1,2022-01-19 07:15:00,2022-01-19 09:45:00,41411.046134000004,0.005818349789687307,-0.00601951345964524,-0.0001,-0.00691951345964524,-1.18925704190382,止损,11,False
BTC,1,2022-01-20 15:00:00,2022-01-20 17:30:00,42951.068496,0.006045023052703223,0.0033729562394832955,0.0001,0.0022729562394832956,0.3760045610523969,保本/跟踪,11,False
BTC,-1,2022-01-21 01:45:00,2022-01-21 05:45:00,39983.681664,0.012965835594129992,0.02494018108815485,-0.0,0.02394018108815485,1.8464048008593645,保本/跟踪,17,True
BTC,-1,2022-01-21 12:45:00,2022-01-21 13:00:00,37966.515178,0.01097280744080902,-0.01117500200229718,-0.0,-0.01217500200229718,-1.1095612556743748,止损,2,True
BTC,-1,2022-01-21 20:15:00,2022-01-21 20:30:00,37632.641965999996,0.013875467631345412,-0.014078242724871572,-0.0,-0.015078242724871571,-1.086683571716821,止损,2,True
BTC,-1,2022-01-21 21:45:00,2022-01-21 22:00:00,37449.448612,0.016389469859394223,0.009877017442772681,-0.0,0.00887701744277268,0.5416293216881871,保本/跟踪,2,True
BTC,-1,2022-01-21 23:00:00,2022-01-22 10:15:00,36087.771002,0.02303174682283199,0.037112139373883475,-3.071e-05,0.03614284937388348,1.5692621863164153,保本/跟踪,46,True
BTC,-1,2022-01-23 19:00:00,2022-01-23 20:00:00,34933.431916,0.008521816773596482,-0.008723521136951032,-0.0,-0.009723521136951033,-1.1410150435383501,止损,5,False
BTC,-1,2022-01-24 10:15:00,2022-01-24 14:30:00,33846.619322,0.01419613474836701,0.005490297509049637,-0.0,0.004490297509049637,0.3163042327113836,保本/跟踪,18,True
BTC,1,2022-01-25 17:15:00,2022-01-25 20:30:00,37185.805674,0.012905770805886785,-0.013103189651725704,0.0,-0.014103189651725703,-1.092781660533808,止损,14,True
BTC,1,2022-01-26 05:00:00,2022-01-26 06:15:00,37767.722034,0.00858872055604872,-0.008787002811937413,0.0,-0.009787002811937413,-1.139518132889396,止损,6,False
BTC,1,2022-01-26 14:15:00,2022-01-26 14:30:00,38432.674997999995,0.009556671372390796,-0.009754760038116246,0.0,-0.010754760038116245,-1.1253667327294234,止损,2,True
BTC,1,2022-01-28 20:45:00,2022-01-29 20:45:00,37614.491394,0.009835081328898862,0.023022801529575993,1.117e-05,0.02201163152957599,2.2380731580630884,超时,97,True
BTC,1,2022-02-01 09:15:00,2022-02-01 09:15:00,38934.93543,0.005782391969403053,-0.005981235491009074,0.0,-0.006981235491009074,-1.2073265748758613,止损,1,False
BTC,1,2022-02-01 17:00:00,2022-02-01 17:30:00,39099.86841,0.010413214755890597,-0.01061113211293938,0.0,-0.01161113211293938,-1.1150381880265303,止损,3,True
BTC,-1,2022-02-02 21:45:00,2022-02-02 22:00:00,36678.342864,0.009412707631727295,-0.00961459017325372,-0.0,-0.01061459017325372,-1.1276872275810688,止损,2,False
BTC,1,2022-02-04 15:15:00,2022-02-04 15:30:00,38707.750002,0.010161967494313704,0.012761380062714154,0.0,0.011761380062714155,1.1573920177657948,保本/跟踪,2,True
BTC,1,2022-02-04 16:30:00,2022-02-05 01:00:00,40341.436674000004,0.014186567905627393,0.025727378313938867,7.457e-05,0.024652808313938866,1.7377570444053507,保本/跟踪,35,True
BTC,1,2022-02-06 08:00:00,2022-02-06 14:30:00,41595.257388,0.003919467237800807,-0.004118683344353104,0.0,-0.005118683344353104,-1.3059640593462827,止损,27,False
BTC,1,2022-02-06 23:30:00,2022-02-07 00:15:00,42154.05912599999,0.007170749556972568,-0.0073693154070610415,1.477e-05,-0.008384085407061042,-1.1692062789877624,止损,4,False
BTC,1,2022-02-07 03:30:00,2022-02-07 09:30:00,42728.634018,0.009201787679401224,-0.009399947321865313,5.264e-05,-0.010452587321865311,-1.1359300698997958,止损,25,False
BTC,1,2022-02-07 14:45:00,2022-02-07 16:45:00,43289.766222,0.006900358427411316,0.004567697062302629,-9.617e-05,0.003663867062302629,0.5309676447745246,保本/跟踪,9,False
BTC,1,2022-02-08 06:00:00,2022-02-08 06:15:00,44876.083421999996,0.006644891160599653,0.005061199275976361,0.0,0.004061199275976361,0.6111761920280824,保本/跟踪,2,False
BTC,1,2022-02-10 09:30:00,2022-02-10 11:45:00,44377.413708,0.005394496965377219,0.008974065952060505,0.0,0.007974065952060506,1.4781852697738809,保本/跟踪,10,False
BTC,-1,2022-02-12 06:15:00,2022-02-12 08:45:00,42131.572,0.0053528202967159785,-0.005553890860775334,-0.0001,-0.006453890860775334,-1.2056991460622872,止损,11,False
BTC,-1,2022-02-14 01:45:00,2022-02-14 04:15:00,41668.774578000004,0.007046576693173596,-0.007247986008512347,-0.0,-0.008247986008512346,-1.1704954572484283,止损,11,False
BTC,1,2022-02-15 08:45:00,2022-02-15 13:15:00,43948.48794,0.005353695931126421,0.0034301178247815893,0.0,0.0024301178247815892,0.4539140541495585,保本/跟踪,19,False
BTC,1,2022-02-15 23:45:00,2022-02-16 00:00:00,44691.736560000005,0.005655805199353872,-0.005854674038313918,0.0001,-0.006954674038313918,-1.2296523294522999,止损,2,False
BTC,-1,2022-02-17 13:30:00,2022-02-17 21:30:00,42530.59218,0.007695330256263299,0.04371993988557061,-0.0001,0.04281993988557061,5.564405744733187,保本/跟踪,33,False
BTC,-1,2022-02-18 14:45:00,2022-02-18 14:45:00,39631.772059999996,0.008797649192520426,-0.008999408722359077,-0.0,-0.009999408722359077,-1.1366000738993276,止损,1,False
BTC,-1,2022-02-19 10:30:00,2022-02-19 11:00:00,39802.93782,0.004443149673653986,-0.004644038303588813,-0.0,-0.005644038303588813,-1.270278680246941,止损,3,False
BTC,-1,2022-02-20 04:45:00,2022-02-20 10:30:00,39592.08,0.004726327576211587,0.031552362363447904,-6.581e-05,0.030618172363447903,6.478216304251611,保本/跟踪,24,False
BTC,-1,2022-02-20 21:30:00,2022-02-20 22:00:00,38077.28302,0.004869761820316495,-0.005070735772680499,-0.0,-0.006070735772680499,-1.2466186225686806,止损,3,False
BTC,-1,2022-02-21 11:45:00,2022-02-21 14:15:00,37528.9927,0.009356781326070927,-0.00955865268233626,-0.0,-0.010558652682336259,-1.1284492299629298,止损,11,False
BTC,-1,2022-02-21 22:00:00,2022-02-21 22:45:00,37021.5942,0.016126078711151612,-0.016329303926893905,-0.0,-0.017329303926893906,-1.0746136266165085,止损,4,True
BTC,-1,2022-02-23 22:15:00,2022-02-23 22:30:00,37243.5498,0.008606186372611404,-0.008807907609886041,-0.0,-0.009807907609886042,-1.1396345820605318,止损,2,False
BTC,-1,2022-02-24 00:45:00,2022-02-24 06:00:00,36864.025720000005,0.010419274561333415,0.04848701783178549,-0.0,0.04748701783178549,4.557612677567094,保本/跟踪,22,True
BTC,1,2022-02-25 13:00:00,2022-02-25 14:45:00,39345.967619999996,0.011340340649561744,-0.011538072581431804,0.0,-0.012538072581431803,-1.1056169271172949,止损,8,True
BTC,1,2022-02-26 00:45:00,2022-02-26 03:00:00,39871.37268,0.012145521291792838,-0.012343092187534294,0.0,-0.013343092187534294,-1.09860185223591,止损,10,True
BTC,1,2022-02-26 21:15:00,2022-02-26 22:15:00,39487.99602,0.0062005656849575125,-0.006399325571820579,0.0,-0.007399325571820579,-1.193330729447999,止损,5,False
BTC,1,2022-02-27 10:30:00,2022-02-27 13:30:00,39159.53034,0.006333284756018879,0.008147502570552374,0.0,0.007147502570552374,1.12856169363926,保本/跟踪,13,False
BTC,1,2022-02-28 16:00:00,2022-02-28 22:45:00,40800.95856,0.014293427233706607,0.06454577587002404,0.0,0.06354577587002404,4.44580399305291,保本/跟踪,28,True
BTC,1,2022-03-01 07:15:00,2022-03-01 09:30:00,43526.303519999994,0.007385850437924236,-0.007584373267836525,0.0001,-0.008684373267836524,-1.1758122291841633,止损,10,False
BTC,1,2022-03-01 12:30:00,2022-03-01 14:30:00,44467.191660000004,0.010559994577341315,-0.010757882578425842,0.0,-0.011757882578425843,-1.113436421989728,止损,9,True
BTC,1,2022-03-01 23:45:00,2022-03-02 00:30:00,44379.27408,0.008571669233070019,-0.008769954899223479,-5.07e-06,-0.009764884899223478,-1.1392045859107538,止损,4,False
BTC,-1,2022-03-04 01:00:00,2022-03-04 08:45:00,41588.78058,0.009458666195151044,0.0050760492867520535,-0.0001,0.004176049286752054,0.44150509179538366,保本/跟踪,32,False
BTC,-1,2022-03-04 19:15:00,2022-03-04 21:30:00,40189.06058,0.009974172693362546,0.013970110588573016,-0.0,0.012970110588573017,1.3003695632023857,保本/跟踪,10,True
BTC,-1,2022-03-04 22:30:00,2022-03-04 23:30:00,38625.17342,0.012325607840400153,-0.012528072961968144,-0.0,-0.013528072961968143,-1.0975582816797578,止损,5,True
BTC,-1,2022-03-06 09:30:00,2022-03-06 12:15:00,38823.633720000005,0.007135910042394662,0.009146256907065664,-0.0,0.008146256907065663,1.1415862670168906,保本/跟踪,12,False
BTC,-1,2022-03-07 03:00:00,2022-03-07 05:15:00,37762.54598,0.010788638121977768,-0.010990795849602119,-0.0,-0.01199079584960212,-1.1114281259629435,止损,10,True
BTC,-1,2022-03-07 19:45:00,2022-03-07 21:00:00,37320.23446,0.012392161869432363,-0.012594640301806223,-0.0,-0.013594640301806224,-1.0970354039144699,止损,6,True
BTC,1,2022-03-09 02:30:00,2022-03-09 12:30:00,39377.27388,0.007118897188839728,0.06672711885581588,0.0001,0.06562711885581587,9.218719854347567,保本/跟踪,41,False
BTC,-1,2022-03-10 13:45:00,2022-03-10 13:45:00,38519.19462,0.011926830801741553,-0.012129216167901791,-0.0,-0.013129216167901792,-1.100813483996492,止损,1,True
BTC,-1,2022-03-11 01:30:00,2022-03-11 06:45:00,38648.36878,0.00875958764737839,-0.008961339564907694,-0.0,-0.009961339564907693,-1.137192749922306,止损,22,False
BTC,-1,2022-03-11 21:00:00,2022-03-11 21:00:00,38338.230820000004,0.008500079521818103,-0.008701779537722451,-0.0,-0.00970177953772245,-1.141375149822988,止损,1,False
BTC,-1,2022-03-13 11:45:00,2022-03-13 13:00:00,38745.549340000005,0.0041750652671315,0.0032553070129528873,-0.0,0.0022553070129528873,0.5401848518891317,保本/跟踪,6,False
BTC,-1,2022-03-13 23:00:00,2022-03-14 01:00:00,37696.4592,0.008023196909805777,-0.008224801549187815,8.009e-05,-0.009304891549187814,-1.1597486206297114,止损,9,False
BTC,1,2022-03-15 19:15:00,2022-03-15 21:00:00,39582.81498,0.007499794492127266,-0.007698294533228704,0.0,-0.008698294533228703,-1.1598043842880674,止损,8,False
BTC,1,2022-03-16 02:15:00,2022-03-16 02:30:00,41409.68028,0.012352543771645968,-0.012550073262891643,0.0,-0.013550073262891642,-1.0969459824133134,止损,2,True
BTC,1,2022-03-16 20:15:00,2022-03-17 06:45:00,41382.17478,0.01593346766696461,-0.016130280973431096,0.0001,-0.017230280973431097,-1.0813892702813974,止损,43,True
BTC,1,2022-03-18 16:30:00,2022-03-18 20:15:00,41322.96294,0.007563214725658938,0.01310837937360946,0.0,0.012108379373609458,1.600956711242193,保本/跟踪,16,False
BTC,1,2022-03-19 20:45:00,2022-03-19 22:00:00,42243.34698,0.005011793314445401,-0.005210790955782538,0.0,-0.006210790955782538,-1.2392352529545239,止损,6,False
BTC,1,2022-03-23 23:45:00,2022-03-24 01:15:00,42734.24514,0.005332218574979731,0.0033297022631916225,1.664e-05,0.0023130622631916224,0.43378984388321234,保本/跟踪,7,False
BTC,1,2022-03-24 15:45:00,2022-03-25 08:00:00,43981.49454,0.007936985054861479,-0.008135397657850487,9.049000000000001e-05,-0.009225887657850486,-1.1623919654730284,止损,66,False
BTC,1,2022-03-25 11:00:00,2022-03-25 14:00:00,44214.441119999996,0.004651857171257923,0.012235197986189179,0.0,0.011235197986189178,2.4152069963814116,保本/跟踪,13,False
BTC,1,2022-03-26 20:15:00,2022-03-26 21:00:00,44528.4039,0.0030390597245147956,-0.0032384519125697835,0.0,-0.0042384519125697835,-1.394658972438088,止损,4,False
BTC,1,2022-03-27 02:15:00,2022-03-27 02:30:00,44916.9816,0.0043470917194708865,-0.004546222301126988,0.0,-0.005546222301126988,-1.2758466255232488,止损,2,False
BTC,1,2022-03-27 20:45:00,2022-03-28 00:45:00,46184.13498,0.008015845239212456,0.019626761882463196,0.0001,0.018526761882463195,2.311267412179158,保本/跟踪,17,False
BTC,1,2022-03-28 13:45:00,2022-03-28 16:15:00,47530.0041,0.004915835204503409,-0.005114852037462555,0.0001,-0.0062148520374625555,-1.2642515013052336,止损,11,False
BTC,1,2022-03-28 19:00:00,2022-03-28 19:45:00,47967.5916,0.00618439499879302,-0.006383158119793236,0.0,-0.007383158119793236,-1.1938367651539357,止损,4,False
BTC,-1,2022-03-31 17:00:00,2022-04-01 04:00:00,45686.26092,0.008976374959499532,0.02179879489050836,-0.0001,0.02089879489050836,2.3281998562673176,保本/跟踪,45,False
BTC,-1,2022-04-03 01:30:00,2022-04-03 02:00:00,45587.680640000006,0.006408987342753798,-0.006610269140222423,-0.0,-0.007610269140222423,-1.1874370681706576,止损,3,False
BTC,1,2022-04-03 22:00:00,2022-04-03 22:00:00,46972.992719999995,0.005309908641421362,-0.005508846659693117,0.0,-0.006508846659693117,-1.2257925887686878,止损,1,False
BTC,-1,2022-04-04 17:45:00,2022-04-04 19:00:00,45300.938,0.006138392454376963,-0.006339620132867844,-0.0,-0.007339620132867844,-1.1956909219178955,止损,6,False
BTC,-1,2022-04-06 00:15:00,2022-04-06 00:30:00,45026.4929,0.007425194297637411,0.002452144790517373,-0.0,0.0014521447905173732,0.19556993828153757,保本/跟踪,2,False
BTC,-1,2022-04-06 11:15:00,2022-04-06 11:45:00,44775.5431,0.005969816501915626,-0.006171010465216082,-0.0,-0.007171010465216082,-1.201211203546208,止损,3,False
BTC,-1,2022-04-06 13:45:00,2022-04-06 14:30:00,44546.68888,0.007160181291703561,0.007796566723063512,-0.0,0.006796566723063512,0.9492171281945939,保本/跟踪,4,False
BTC,-1,2022-04-07 00:00:00,2022-04-07 00:30:00,43151.168040000004,0.008175621169991739,-0.008377256294225602,-0.0,-0.009377256294225603,-1.1469778380442104,止损,3,False
BTC,-1,2022-04-08 13:15:00,2022-04-08 14:00:00,42983.4016,0.005378007353737271,-0.005579082955207874,-0.0,-0.006579082955207874,-1.223330970463615,止损,4,False
BTC,-1,2022-04-08 18:15:00,2022-04-08 18:45:00,42583.68156,0.009230904786548984,-0.009432750967506337,-0.0,-0.010432750967506337,-1.1301980909508078,止损,3,False
BTC,-1,2022-04-08 22:30:00,2022-04-09 22:30:00,42254.74736,0.009093564961869931,-0.007330864798714527,-0.00029279,-0.008038074798714528,-0.8839299914190792,超时,97,False
BTC,-1,2022-04-10 23:00:00,2022-04-10 23:30:00,42078.982520000005,0.0068557767065478645,-0.0070571478618892125,-0.0,-0.008057147861889213,-1.1752348722492574,止损,3,False
BTC,-1,2022-04-11 09:30:00,2022-04-11 10:15:00,42004.99732,0.004785835640363792,0.010649425039330562,-0.0,0.009649425039330563,2.016246642059164,保本/跟踪,4,False
BTC,-1,2022-04-11 11:30:00,2022-04-11 20:15:00,41132.7718,0.007110503963530045,0.02820545866640632,-0.0001,0.02730545866640632,3.840157998147067,保本/跟踪,36,False
BTC,-1,2022-04-12 19:30:00,2022-04-12 21:00:00,39409.71648,0.007594783773258214,-0.007796302730012679,-0.0,-0.00879630273001268,-1.1582031816343608,止损,7,False
BTC,1,2022-04-14 02:00:00,2022-04-14 04:45:00,41452.2888,0.005319883165337438,-0.005518819188704307,0.0,-0.006518819188704307,-1.2253688635830822,止损,12,False
BTC,-1,2022-04-14 19:00:00,2022-04-14 21:00:00,39629.372540000004,0.006807166470065711,-0.007008527903359596,-0.0,-0.008008527903359597,-1.1764848029759274,止损,9,False
BTC,-1,2022-04-17 18:00:00,2022-04-17 19:45:00,40075.783240000004,0.0038827839106710996,-0.004083560467453188,-0.0,-0.005083560467453188,-1.309256601553844,止损,8,False
BTC,-1,2022-04-17 23:30:00,2022-04-18 03:00:00,39620.0744,0.005894412422853024,-0.006095591305337576,3.231e-05,-0.007127901305337576,-1.2092640952136695,止损,15,False
BTC,-1,2022-04-18 04:30:00,2022-04-18 12:15:00,38869.02464,0.007282011927012551,-0.007483468329397873,0.00017197,-0.008655438329397873,-1.1886053492017241,止损,32,False
BTC,1,2022-04-19 13:45:00,2022-04-19 15:30:00,41135.02536,0.005505821180853901,0.007244015109616498,0.0,0.006244015109616498,1.1340751732601875,保本/跟踪,8,False
BTC,1,2022-04-20 10:30:00,2022-04-20 13:45:00,41799.058139999994,0.004718143237973583,-0.004917199609326059,0.0,-0.005917199609326059,-1.2541373398124014,止损,14,False
BTC,1,2022-04-21 01:45:00,2022-04-21 04:30:00,41722.542839999995,0.005159129810638199,-0.005358097984676139,0.0,-0.006358097984676139,-1.232397365068359,止损,12,False
BTC,1,2022-04-21 10:30:00,2022-04-21 14:00:00,42184.53522,0.006112321103236022,0.009209362313619593,0.0,0.008209362313619593,1.3430842678198538,保本/跟踪,15,False
BTC,-1,2022-04-22 13:45:00,2022-04-22 13:45:00,40056.38712,0.006741751252335093,-0.006943099602585596,-0.0,-0.007943099602585596,-1.1781952945585765,止损,1,False
BTC,-1,2022-04-22 15:45:00,2022-04-23 15:45:00,39475.20338,0.009467852487139545,-0.006873792071137798,0.00017,-0.008043792071137798,-0.8495899235929067,超时,97,True
BTC,-1,2022-04-24 13:15:00,2022-04-24 13:45:00,39473.70368,0.003216508285085404,-0.003417151586742373,-0.0,-0.004417151586742373,-1.3732753642277933,止损,3,False
BTC,-1,2022-04-25 00:30:00,2022-04-25 03:15:00,38982.90186,0.006342719400202462,-0.006543987944082497,-0.0,-0.007543987944082497,-1.18939329774571,止损,12,False
BTC,-1,2022-04-25 07:00:00,2022-04-25 07:15:00,38602.47796,0.006299261247607642,0.002706381209437879,-0.0,0.0017063812094378788,0.27088592493063135,保本/跟踪,2,False
BTC,-1,2022-04-26 20:15:00,2022-04-26 21:00:00,37733.85172,0.01255174934348277,-0.012754259693351422,-0.0,-0.013754259693351423,-1.0958042036182813,止损,4,True
BTC,1,2022-04-28 15:15:00,2022-04-28 15:15:00,40105.31946,0.010241838326844051,-0.010439789959178634,0.0,-0.011439789959178635,-1.1169664657949863,止损,1,True
BTC,-1,2022-04-29 16:45:00,2022-04-30 16:45:00,38491.40018,0.009496528930986205,-0.0005040201164227333,-1.0910000000000002e-05,-0.0014931101164227334,-0.15722693283762526,超时,97,True
BTC,-1,2022-04-30 23:15:00,2022-05-01 01:45:00,37786.24124,0.006038073882481139,-0.006239281497257695,-2.403e-05,-0.007215251497257695,-1.1949591273124394,止损,11,False
BTC,-1,2022-05-03 18:00:00,2022-05-03 20:45:00,38043.489779999996,0.00553999636905376,0.005662065695290659,-0.0,0.004662065695290659,0.8415286553855535,保本/跟踪,12,False
BTC,1,2022-05-04 16:30:00,2022-05-04 16:45:00,39324.463319999995,0.006949558382148403,-0.007148168470472081,0.0,-0.008148168470472082,-1.1724728425050137,止损,2,False
BTC,1,2022-05-04 19:00:00,2022-05-05 13:45:00,39624.023219999995,0.010979379575335159,-0.011177183699420046,0.0002,-0.012377183699420048,-1.127311758783257,止损,76,True
BTC,-1,2022-05-06 13:45:00,2022-05-06 14:00:00,35475.60346,0.012079761696758227,-0.012282177649097538,-0.0,-0.013282177649097539,-1.0995397080276839,止损,2,True
BTC,-1,2022-05-07 21:15:00,2022-05-07 21:30:00,35435.01158,0.004027040843433884,0.0031677269173903014,-0.0,0.0021677269173903013,0.5382927568079658,保本/跟踪,2,False
BTC,-1,2022-05-07 22:00:00,2022-05-07 22:00:00,34965.205559999995,0.006945314362227955,-0.007146703425100355,-0.0,-0.008146703425100356,-1.1729783563730602,止损,1,False
BTC,-1,2022-05-08 02:15:00,2022-05-08 06:45:00,34580.482520000005,0.010368282311486558,-0.010570355967948803,-0.0,-0.011570355967948802,-1.1159375893083583,止损,19,True
BTC,-1,2022-05-08 17:15:00,2022-05-08 18:15:00,33997.6991,0.008441254675816622,-0.008642942926751666,-0.0,-0.009642942926751667,-1.1423589616811072,止损,5,False
BTC,-1,2022-05-09 02:30:00,2022-05-09 03:15:00,33535.99146,0.008280488764597879,-0.008482144862350788,-0.0,-0.00948214486235079,-1.1451189817309373,止损,4,False
BTC,-1,2022-05-09 08:30:00,2022-05-09 08:45:00,33317.735120000005,0.00784284741314819,-0.008044415982630693,-0.0,-0.009044415982630692,-1.153205654296949,止损,2,False
BTC,-1,2022-05-09 10:45:00,2022-05-09 13:30:00,33051.188440000005,0.009772555919481608,-0.009974510430665492,-0.0,-0.010974510430665493,-1.1229928507022187,止损,12,True
BTC,-1,2022-05-09 15:30:00,2022-05-09 17:15:00,32275.24366,0.01378158793859991,0.020358688397518997,-0.0001,0.019458688397518995,1.4119336961902977,保本/跟踪,8,True
BTC,-1,2022-05-09 18:45:00,2022-05-09 18:45:00,30390.820620000002,0.021660588187569607,-0.021864920305207036,-0.0,-0.022864920305207037,-1.0556001576323104,止损,1,True
BTC,-1,2022-05-09 23:45:00,2022-05-10 00:45:00,30180.06278,0.02349217538649337,-0.023696873821570673,-0.0001,-0.024596873821570674,-1.047024101297679,止损,5,True
BTC,-1,2022-05-10 22:00:00,2022-05-10 22:00:00,30210.556679999998,0.014669177607217185,-0.014872111442738615,-0.0,-0.015872111442738614,-1.0820041769028408,止损,1,True
BTC,-1,2022-05-11 13:00:00,2022-05-11 13:15:00,29288.74108,0.025474360424835165,-0.025679455296920162,-0.0,-0.026679455296920163,-1.047306187554375,止损,2,True
BTC,-1,2022-05-11 21:00:00,2022-05-11 22:00:00,28458.10724,0.029364787991681525,-0.02957066094927993,-0.0,-0.030570660949279932,-1.0410652703482828,止损,5,True
BTC,-1,2022-05-12 04:00:00,2022-05-12 06:30:00,28375.12384,0.024566863785334753,0.017872528787478123,-0.0,0.016872528787478122,0.686800274341498,保本/跟踪,11,True
BTC,-1,2022-05-14 11:30:00,2022-05-14 11:45:00,28905.117820000003,0.0073541705006469876,-0.0075556413347471025,-0.0,-0.008555641334747103,-1.1633727194650185,止损,2,False
BTC,1,2022-05-15 20:15:00,2022-05-16 02:00:00,30821.663099999998,0.010498369943242799,-0.010696270269254059,0.0001,-0.011796270269254058,-1.1236287474177498,止损,24,True
BTC,-1,2022-05-16 16:45:00,2022-05-16 17:15:00,29202.6583,0.014089255127561132,-0.014292072978586647,-0.0,-0.015292072978586646,-1.0853712875617239,止损,3,True
BTC,1,2022-05-17 08:45:00,2022-05-17 10:30:00,30694.03758,0.007243695449022794,-0.007442246709932901,0.0,-0.008442246709932901,-1.1654612993250284,止损,8,False
BTC,-1,2022-05-18 13:00:00,2022-05-18 16:30:00,29523.694079999997,0.007137168984000994,0.01399193260229524,-2.893e-05,0.013020862602295239,1.8243735900723947,保本/跟踪,15,False
BTC,1,2022-05-20 01:45:00,2022-05-20 01:45:00,30656.13,0.007852249827764642,-0.008050679377799075,0.0,-0.009050679377799076,-1.1526224427802751,止损,1,False
BTC,-1,2022-05-21 01:30:00,2022-05-21 01:45:00,28950.408760000002,0.007637137218248496,-0.007838664645692208,-0.0,-0.008838664645692208,-1.157326939808379,止损,2,False
BTC,1,2022-05-23 06:45:00,2022-05-23 08:15:00,30566.41206,0.0055237305020312865,-0.0057226257559308494,0.0001,-0.00682262575593085,-1.2351481943990406,止损,7,False
BTC,-1,2022-05-24 14:00:00,2022-05-24 14:30:00,28941.41056,0.006104536546196599,-0.006305757453505773,-0.0,-0.007305757453505773,-1.196775119326231,止损,3,False
BTC,-1,2022-05-26 09:00:00,2022-05-26 09:15:00,28985.2018,0.0073673350387491645,-0.007568808505756945,-0.0,-0.008568808505756944,-1.1630811495185873,止损,2,False
BTC,-1,2022-05-26 13:30:00,2022-05-26 13:45:00,28226.95348,0.011826810695410823,-0.012029176057549894,-0.0,-0.013029176057549895,-1.1016643787665958,止损,2,True
BTC,-1,2022-05-27 01:15:00,2022-05-27 07:15:00,28940.2108,0.008508785159739456,-0.008710486916771462,-0.0,-0.009710486916771462,-1.141230708552618,止损,25,False
BTC,-1,2022-05-27 17:30:00,2022-05-27 19:45:00,28551.688520000003,0.010074686626671606,-0.010276701563996979,-0.0,-0.011276701563996978,-1.1193104045681352,止损,10,True
BTC,1,2022-05-29 12:15:00,2022-05-29 14:45:00,29418.18246,0.004695420898900781,-0.004894481814720973,0.0,-0.005894481814720973,-1.2553681430563335,止损,11,False
BTC,1,2022-05-29 22:45:00,2022-05-30 00:30:00,29453.8896,0.004306866673756137,-0.004506005300421338,0.0001,-0.005606005300421339,-1.3016435671393065,止损,8,False
BTC,1,2022-05-30 01:45:00,2022-05-30 06:30:00,29665.83198,0.004441031854820347,0.03044758632115738,0.0,0.02944758632115738,6.630798265766689,保本/跟踪,20,False
BTC,1,2022-05-30 20:30:00,2022-05-30 21:30:00,31295.357819999997,0.007993548677513883,0.01204352614109213,0.0,0.011043526141092129,1.3815548746400874,保本/跟踪,5,False
BTC,-1,2022-06-01 20:30:00,2022-06-01 23:00:00,29597.779260000003,0.012558489896349896,-0.012761001594329188,-0.0,-0.013761001594329188,-1.0957528897107924,止损,11,True
BTC,-1,2022-06-03 10:15:00,2022-06-03 11:30:00,30113.976000000002,0.005261700093188045,0.005947780961821121,-0.0,0.004947780961821121,0.9403388399552963,保本/跟踪,6,False
BTC,-1,2022-06-03 12:45:00,2022-06-03 21:45:00,29568.48512,0.007868069067478601,-0.008069642681292049,-6.937e-05,-0.00900027268129205,-1.1438985352191724,止损,37,False
BTC,-1,2022-06-04 02:30:00,2022-06-04 03:00:00,29478.803060000002,0.00431340285375327,-0.004514265534323974,-0.0,-0.005514265534323974,-1.2784026257890062,止损,3,False
BTC,-1,2022-06-04 12:45:00,2022-06-04 13:00:00,29538.99102,0.0031232449592444953,-0.0033238696082363343,-0.0,-0.004323869608236334,-1.3844157805932285,止损,2,False
BTC,1,2022-06-06 01:00:00,2022-06-06 07:30:00,30291.35706,0.005609510595674446,0.03054534656843838,0.0,0.02954534656843838,5.267009673040125,保本/跟踪,27,False
BTC,-1,2022-06-09 13:45:00,2022-06-09 13:45:00,29983.5021,0.0067801134070467435,-0.006981469429728086,-0.0,-0.007981469429728086,-1.1771881900135686,止损,1,False
BTC,-1,2022-06-10 12:45:00,2022-06-10 14:30:00,29671.964420000004,0.006583713344879564,0.004333383227738807,-0.0,0.0033333832277388066,0.5063074670970178,保本/跟踪,8,False
BTC,-1,2022-06-10 16:30:00,2022-06-10 20:15:00,28951.2086,0.00962619135619647,-0.009828116594467627,-0.0,-0.010828116594467627,-1.1248598946142354,止损,16,True
BTC,-1,2022-06-11 08:45:00,2022-06-11 09:15:00,29134.172000000002,0.0035237320408327243,0.005635278050805882,-0.0,0.004635278050805882,1.315445668709383,保本/跟踪,3,False
BTC,-1,2022-06-11 13:00:00,2022-06-11 13:15:00,28451.3086,0.007227684145481377,-0.007429129682310445,-0.0,-0.008429129682310445,-1.1662282845578125,止损,2,False
BTC,-1,2022-06-12 02:00:00,2022-06-12 03:30:00,28223.95408,0.0070448850200835675,0.019814946172767328,-0.0,0.018814946172767327,2.670724379337584,保本/跟踪,7,False
BTC,-1,2022-06-12 22:45:00,2022-06-13 00:30:00,27067.38544,0.009810602672370205,0.00734194088492191,-5.616e-05,0.00639810088492191,0.6521618598356866,保本/跟踪,8,True
BTC,-1,2022-06-13 01:00:00,2022-06-13 03:30:00,26285.94176,0.014714595955378046,0.02974080490878465,-0.0,0.02874080490878465,1.9532174037221972,保本/跟踪,11,True
BTC,-1,2022-06-13 09:00:00,2022-06-13 15:30:00,24168.065420000003,0.023501496103594918,0.0343747028463003,-0.0,0.0333747028463003,1.420109711278982,保本/跟踪,27,True
BTC,-1,2022-06-13 23:15:00,2022-06-14 00:00:00,22202.85854,0.020111094829998555,-0.02031511704896451,-4.088e-05,-0.02127423704896451,-1.0578358477645367,止损,4,True
BTC,-1,2022-06-14 01:15:00,2022-06-14 03:30:00,21607.577620000004,0.024751116767204262,-0.02495606699055768,-0.0,-0.02595606699055768,-1.0486826608547217,止损,10,True
BTC,-1,2022-06-15 05:30:00,2022-06-15 05:45:00,20878.723420000002,0.018226698899492653,-0.018430344239272485,-0.0,-0.019430344239272486,-1.0660374841553637,止损,2,True
BTC,-1,2022-06-15 08:15:00,2022-06-15 10:15:00,20333.132560000002,0.021312422311964983,-0.021516684796427345,-0.0,-0.022516684796427346,-1.0565051905801566,止损,9,True
BTC,-1,2022-06-15 16:45:00,2022-06-15 17:45:00,20809.13734,0.01995436102472184,-0.020158351896926757,-0.0,-0.021158351896926757,-1.0603372300778398,止损,5,True
BTC,-1,2022-06-16 07:45:00,2022-06-16 10:45:00,21683.162500000002,0.01212286187533585,0.020621578981448913,-4.475e-05,0.019666328981448912,1.6222513449122409,保本/跟踪,13,True
BTC,-1,2022-06-16 23:00:00,2022-06-17 01:30:00,20352.52868,0.014604629572389597,-0.014807550498304121,2.222e-05,-0.01582977049830412,-1.0838871619332737,止损,11,True
BTC,-1,2022-06-18 07:00:00,2022-06-18 08:30:00,19415.41614,0.013142698948773433,0.013526547324311342,-4.575e-05,0.012572297324311341,0.9565993540074715,保本/跟踪,7,True
BTC,-1,2022-06-18 15:15:00,2022-06-18 20:15:00,18974.00444,0.011681473547726492,0.04832338408037568,-5.227e-05,0.04737565408037568,4.055623110116632,保本/跟踪,21,True
BTC,-1,2022-06-19 05:30:00,2022-06-19 06:15:00,18105.078260000002,0.020295216418141145,-0.020499275461424736,-0.0,-0.021499275461424737,-1.0593272334956394,止损,4,True
BTC,1,2022-06-20 09:15:00,2022-06-20 16:45:00,20668.03278,0.015338807484947455,-0.01553573972345033,6.08e-05,-0.01659653972345033,-1.081996741906901,止损,31,True
BTC,1,2022-06-21 06:15:00,2022-06-21 12:00:00,21137.92674,0.013626566439043935,-0.01382384112575617,4.967e-05,-0.01487351112575617,-1.0915083555560547,止损,24,True
BTC,1,2022-06-21 13:45:00,2022-06-21 17:30:00,21529.00494,0.013231016370944156,-0.013428370167669958,2.028e-05,-0.014448650167669956,-1.0920287423572217,止损,16,True
BTC,-1,2022-06-22 16:15:00,2022-06-22 16:45:00,20016.29594,0.015477199863071632,-0.01568029530304419,-0.0,-0.01668029530304419,-1.0777334046608216,止损,3,True
BTC,1,2022-06-23 20:00:00,2022-06-23 21:30:00,20904.58008,0.009523858412665093,-0.00972195364098253,0.0,-0.01072195364098253,-1.125799353203758,止损,7,False
BTC,1,2022-06-24 02:45:00,2022-06-24 03:45:00,21255.95034,0.009785281316971576,-0.009983324260708162,0.0,-0.010983324260708163,-1.122433163128249,止损,5,False
BTC,1,2022-06-24 12:30:00,2022-06-24 12:45:00,21381.57546,0.01002553315880486,-0.010223528052173136,0.0,-0.011223528052173137,-1.1194943824325339,止损,2,False
BTC,1,2022-06-24 22:15:00,2022-06-24 23:45:00,21386.97654,0.00907219861438162,-0.009270384174658655,0.0,-0.010270384174658656,-1.1320722364232219,止损,7,False
BTC,1,2022-06-25 21:45:00,2022-06-26 01:30:00,21455.89032,0.006544465022804898,-0.006743156129800294,0.0001,-0.007843156129800294,-1.1984411410970899,止损,16,False
BTC,1,2022-06-27 08:45:00,2022-06-27 11:45:00,21405.18018,0.005500459551973899,-0.005699359460063587,0.0,-0.006699359460063587,-1.2179635895439773,止损,13,False
BTC,-1,2022-06-27 14:00:00,2022-06-27 18:15:00,20725.854,0.007998997913446564,-0.008200597713029207,-6.102e-05,-0.009139577713029206,-1.142590335930116,止损,18,False
BTC,-1,2022-06-28 02:00:00,2022-06-28 04:00:00,20605.47808,0.007416860162195411,-0.007618343534227787,-0.0,-0.008618343534227788,-1.1619935317314563,止损,9,False
BTC,-1,2022-06-28 15:45:00,2022-06-28 21:30:00,20619.875200000002,0.007794210750355393,0.011410053052636352,-2.435e-05,0.010434403052636352,1.3387376075455202,保本/跟踪,24,False
BTC,-1,2022-06-29 05:45:00,2022-06-29 07:45:00,20198.55948,0.006733773202956664,0.004071196038860138,-0.0,0.003071196038860138,0.4560884286259653,保本/跟踪,9,False
BTC,-1,2022-06-30 06:30:00,2022-06-30 09:45:00,19777.0438,0.006249871075275254,0.03012971529875439,5.159e-05,0.02907812529875439,4.652596021346527,保本/跟踪,14,False
BTC,-1,2022-06-30 13:45:00,2022-06-30 14:30:00,18796.63992,0.011810019806668504,-0.012012381810629883,-0.0,-0.013012381810629883,-1.1018086356876782,止损,4,True
BTC,-1,2022-07-02 03:45:00,2022-07-02 05:15:00,19096.08002,0.007844271257369376,-0.00804584011162076,-0.0,-0.00904584011162076,-1.1531778816448448,止损,7,False
BTC,-1,2022-07-04 03:00:00,2022-07-04 09:15:00,19062.28678,0.006163243991980547,-0.006364476640778914,-4.63e-05,-0.007318176640778914,-1.187390382451374,止损,26,False
BTC,1,2022-07-04 12:00:00,2022-07-04 12:30:00,19798.15884,0.0071778984850976784,-0.007376462905400509,0.0,-0.00837646290540051,-1.1669798511070082,止损,3,False
BTC,1,2022-07-04 23:00:00,2022-07-05 08:15:00,20156.93058,0.009228965450285693,-0.009427119657195568,0.00015291,-0.010580029657195567,-1.1463938958475621,止损,38,False
BTC,1,2022-07-05 19:45:00,2022-07-05 21:15:00,20405.0802,0.010047226241922086,-0.010245216796673623,0.0,-0.011245216796673622,-1.1192359488983055,止损,7,False
BTC,1,2022-07-06 18:45:00,2022-07-07 05:45:00,20411.78154,0.00801148629733758,-0.008209884000077964,5.274e-05,-0.009262624000077964,-1.1561679888482328,止损,45,False
BTC,1,2022-07-07 14:30:00,2022-07-07 15:15:00,20717.74272,0.006029812237855887,0.005649093044464935,0.0,0.004649093044464935,0.7710178793424727,保本/跟踪,4,False
BTC,1,2022-07-07 16:45:00,2022-07-07 17:00:00,21148.828919999996,0.007872028258586412,-0.008070453852934645,0.0,-0.009070453852934646,-1.1522384771727732,止损,2,False
BTC,1,2022-07-07 18:45:00,2022-07-07 20:15:00,21246.748499999998,0.00859408924208759,0.013508114722229465,0.0,0.012508114722229464,1.4554322592990805,保本/跟踪,7,False
BTC,1,2022-07-08 01:30:00,2022-07-08 01:30:00,22428.584819999996,0.01141210901806379,-0.011609826596260062,0.0,-0.012609826596260063,-1.1049514665782154,止损,1,True
BTC,-1,2022-07-10 11:30:00,2022-07-10 12:00:00,21200.95896,0.004901925384952938,-0.0051029057700298095,-0.0,-0.0061029057700298095,-1.2450017678285001,止损,3,False
BTC,-1,2022-07-10 13:45:00,2022-07-10 16:30:00,21064.086339999998,0.005631121029547082,0.011745104800613661,-0.0001,0.01084510480061366,1.9259228746298045,保本/跟踪,12,False
BTC,-1,2022-07-11 01:30:00,2022-07-11 13:30:00,20573.984379999998,0.00797623074342769,-0.008177825989576377,-7.236e-05,-0.009105465989576376,-1.1415750474720356,止损,49,False
BTC,-1,2022-07-11 22:15:00,2022-07-12 02:15:00,20100.17916,0.007576182624047631,0.0060869394602837655,-8.003e-05,0.0051669694602837655,0.6820017041145814,保本/跟踪,17,False
BTC,-1,2022-07-12 07:15:00,2022-07-12 08:00:00,19685.16218,0.0064128943071391584,-0.006614176886000627,-6.433e-05,-0.007549846886000628,-1.177291644678403,止损,4,False
BTC,-1,2022-07-12 19:30:00,2022-07-12 19:45:00,19373.72448,0.00821447841186225,-0.008416121307544596,-0.0,-0.009416121307544597,-1.1462835295722604,止损,2,False
BTC,1,2022-07-14 17:30:00,2022-07-15 13:30:00,20594.118,0.011535275660884945,0.013307565026466179,0.00010658,0.01220098502646618,1.0577107461626247,保本/跟踪,81,True
BTC,1,2022-07-15 19:00:00,2022-07-15 21:15:00,21031.50546,0.00750521494423107,-0.007703713901242168,0.0,-0.008703713901242168,-1.1596888251591424,止损,10,False
BTC,1,2022-07-16 15:15:00,2022-07-16 16:15:00,20906.780519999997,0.005137151462073053,0.014192142169190935,8e-06,0.013184142169190937,2.5664304949012715,保本/跟踪,5,False
BTC,1,2022-07-16 17:00:00,2022-07-16 17:45:00,21458.59086,0.008788151018037201,-0.008986393387833504,0.0,-0.009986393387833505,-1.1363474941813103,止损,4,False
BTC,1,2022-07-17 06:45:00,2022-07-17 09:15:00,21489.19698,0.006703396678431763,-0.0069020559990961485,0.0001,-0.008002055999096147,-1.1937315338719,止损,11,False
BTC,1,2022-07-18 05:30:00,2022-07-18 08:30:00,21591.217380000002,0.007996644676190197,0.026929372218172508,0.0001,0.025829372218172508,3.2300262502695407,保本/跟踪,13,False
BTC,1,2022-07-18 16:00:00,2022-07-18 16:00:00,22678.13472,0.011903239455875379,-0.012100858807984116,0.0,-0.013100858807984117,-1.1006128925279748,止损,1,True
BTC,1,2022-07-19 00:00:00,2022-07-19 01:00:00,22427.9847,0.013778837233968742,-0.013976081466521921,0.0,-0.01497608146652192,-1.0868900773137542,止损,5,True
BTC,1,2022-07-19 15:15:00,2022-07-19 20:00:00,22751.34936,0.013379310879409185,0.023036621057679327,0.0001,0.021936621057679326,1.6395927455008075,保本/跟踪,20,True
BTC,1,2022-07-20 15:00:00,2022-07-20 16:15:00,24178.8348,0.011165242543454195,-0.011363009494945439,8.118e-05,-0.01244418949494544,-1.1145471714128636,止损,6,False
BTC,1,2022-07-22 09:15:00,2022-07-22 15:30:00,23425.6842,0.008466712154160495,-0.00866501881172967,0.0,-0.00966501881172967,-1.1415315220064892,止损,26,False
BTC,-1,2022-07-23 10:45:00,2022-07-23 12:30:00,22451.80874,0.007370363460076085,0.00458795259349438,-0.0,0.0035879525934943797,0.486808094733681,保本/跟踪,8,False
BTC,-1,2022-07-25 01:45:00,2022-07-25 07:00:00,22190.161079999998,0.008796030994648475,0.011242351452660978,-0.0,0.010242351452660978,1.1644287587086095,保本/跟踪,22,False
BTC,-1,2022-07-25 19:15:00,2022-07-25 19:45:00,21645.1701,0.0071330217561477215,-0.007334448360498911,-0.0,-0.00833444836049891,-1.1684316472630576,止损,3,False
BTC,-1,2022-07-26 00:00:00,2022-07-26 03:15:00,21295.74,0.010956908986526851,0.010330558439001847,-0.0,0.009330558439001848,0.8515684898428157,保本/跟踪,14,False
BTC,-1,2022-07-26 13:15:00,2022-07-26 14:00:00,20886.52186,0.006565073901448085,-0.00676638691622841,-0.0,-0.00776638691622841,-1.1829854519254301,止损,4,False
BTC,1,2022-07-27 19:00:00,2022-07-28 03:15:00,22549.40898,0.012351019416883565,0.02818576589777989,9.229e-05,0.02709347589777989,2.1936226463010593,保本/跟踪,34,True
BTC,1,2022-07-29 06:45:00,2022-07-29 06:45:00,24243.8478,0.008543812029954495,-0.008742103267548585,0.0,-0.009742103267548586,-1.1402525281915026,止损,1,False
BTC,1,2022-07-30 12:30:00,2022-07-30 13:30:00,24174.834,0.0060614896491475,0.010716827766520541,0.0,0.009716827766520542,1.6030428704744446,保本/跟踪,5,False
BTC,-1,2022-08-01 07:30:00,2022-08-01 07:30:00,23126.47378,0.004717288545121819,-0.004918232002830752,-0.0,-0.005918232002830752,-1.2545834214340856,止损,1,False
BTC,-1,2022-08-01 11:00:00,2022-08-01 11:30:00,23021.79472,0.005217540039337095,-0.005418583547345,-0.0,-0.006418583547345,-1.2301934434528081,止损,3,False
BTC,-1,2022-08-02 03:15:00,2022-08-02 14:15:00,22805.23804,0.007677110522419236,-0.007878645944523739,-9.733e-05,-0.008781315944523738,-1.1438308617389217,止损,45,False
BTC,-1,2022-08-04 09:00:00,2022-08-04 10:15:00,22786.641760000002,0.006292046536331342,-0.006493304945638593,-0.0,-0.007493304945638593,-1.1909169619727034,止损,6,False
BTC,-1,2022-08-04 18:15:00,2022-08-04 18:30:00,22452.60858,0.008048519625892385,-0.008250129329817477,-0.0,-0.009250129329817478,-1.1492957413012288,止损,2,False
BTC,1,2022-08-05 11:45:00,2022-08-05 12:30:00,23365.57218,0.005480560872906975,-0.005679464760732366,0.0,-0.006679464760732366,-1.2187556922781655,止损,4,False
BTC,1,2022-08-05 23:00:00,2022-08-06 08:30:00,23235.44616,0.006120386272631206,-0.0063191621953766295,0.00015477,-0.00747393219537663,-1.2211536760021395,止损,39,False
BTC,1,2022-08-07 21:15:00,2022-08-07 21:30:00,23361.971459999997,0.004050136917292557,-0.004249326889909076,0.0,-0.005249326889909076,-1.296086279823388,止损,2,False
BTC,1,2022-08-08 05:30:00,2022-08-08 12:15:00,23377.6746,0.0036458539142637516,0.029247450563662444,2.79e-05,0.028219550563662443,7.740175889455827,保本/跟踪,28,False
BTC,1,2022-08-08 21:00:00,2022-08-08 21:00:00,24054.91002,0.005122314499529776,-0.005321290036629745,0.0,-0.006321290036629745,-1.2340690984924947,止损,1,False
BTC,-1,2022-08-10 00:45:00,2022-08-10 01:15:00,22745.649960000002,0.006231842399868507,-0.0064330887683483355,-0.0,-0.0074330887683483355,-1.1927594267315194,止损,3,False
BTC,1,2022-08-11 01:30:00,2022-08-11 02:30:00,24384.876,0.008274224427166308,-0.008472569582280853,0.0,-0.009472569582280852,-1.144828698527935,止损,5,False
BTC,1,2022-08-11 05:00:00,2022-08-11 12:45:00,24516.10224,0.007601555656346123,0.006222972905989858,0.0001,0.005122972905989858,0.6739374330191173,保本/跟踪,32,False
BTC,1,2022-08-12 23:15:00,2022-08-13 06:45:00,24360.671159999998,0.005453525098210862,0.013525620546366713,-3.559e-05,0.012561210546366714,2.303319471379653,保本/跟踪,31,False
BTC,1,2022-08-14 07:45:00,2022-08-14 07:45:00,24965.092019999996,0.0049985454162996094,-0.0051975457072163615,0.0,-0.0061975457072163615,-1.2398698403353439,止损,1,False
BTC,1,2022-08-15 02:15:00,2022-08-15 03:15:00,24721.04322,0.005981970157659661,0.008755940111953475,0.0,0.0077559401119534745,1.296552792397722,保本/跟踪,5,False
BTC,-1,2022-08-15 19:45:00,2022-08-15 23:30:00,24000.398960000002,0.005954937984499225,-0.006156128972096137,-0.0,-0.007156128972096137,-1.2017134335779192,止损,16,False
BTC,-1,2022-08-17 10:15:00,2022-08-17 18:00:00,23697.55954,0.006620362088516072,0.008652436418126729,-9.364e-05,0.007746076418126729,1.170038181380345,保本/跟踪,32,False
BTC,-1,2022-08-17 19:15:00,2022-08-18 00:00:00,23250.349000000002,0.007084270855024603,-0.007285687709195555,-8.391e-05,-0.008201777709195555,-1.157744795059374,止损,20,False
BTC,-1,2022-08-18 23:30:00,2022-08-19 06:45:00,23179.963079999998,0.004991101009879628,0.049627259371803935,-0.0001,0.04872725937180394,9.762827735874476,保本/跟踪,30,False
BTC,-1,2022-08-19 22:00:00,2022-08-19 22:00:00,21066.685820000002,0.008627424996784908,-0.008829150481784235,-0.0,-0.009829150481784236,-1.1392913279973065,止损,1,False
BTC,-1,2022-08-20 00:00:00,2022-08-20 00:30:00,20820.835,0.010092441364501312,-0.01029445985277419,-0.0,-0.011294459852774191,-1.119100864187411,止损,3,False
BTC,-1,2022-08-20 21:00:00,2022-08-20 21:00:00,20805.93798,0.0074317360315263705,-0.0076332223787326054,-0.0,-0.008633222378732605,-1.1616696747717326,止损,1,False
BTC,-1,2022-08-22 08:00:00,2022-08-22 09:00:00,21084.98216,0.006257702137932303,-0.006458953678359865,-0.0,-0.007458953678359865,-1.191963681547886,止损,5,False
BTC,1,2022-08-24 16:15:00,2022-08-24 16:30:00,21805.26018,0.006300932913747112,-0.00649967272716448,0.0,-0.00749967272716448,-1.1902479886433972,止损,2,False
BTC,-1,2022-08-26 11:15:00,2022-08-26 12:30:00,21186.46186,0.005403743580191455,-0.005604824328907491,-0.0,-0.006604824328907491,-1.2222682721509672,止损,6,False
BTC,-1,2022-08-26 15:15:00,2022-08-27 00:30:00,20828.533460000002,0.013388482551074301,0.02330202670356084,2.0899999999999986e-06,0.02229993670356084,1.6656059877205038,保本/跟踪,38,True
BTC,-1,2022-08-27 05:15:00,2022-08-27 05:15:00,19974.704260000002,0.006809791837544171,-0.007011153795911598,-0.0,-0.008011153795911597,-1.1764168401953201,止损,1,False
BTC,-1,2022-08-27 15:45:00,2022-08-27 15:45:00,19888.0216,0.0062720604633249,-0.0064733148754175796,-0.0,-0.00747331487541758,-1.1915246862042972,止损,1,False
BTC,-1,2022-08-28 14:30:00,2022-08-28 14:30:00,19847.0298,0.004237993219107245,-0.00443884081775114,-0.0,-0.00543884081775114,-1.283352883442522,止损,1,False
BTC,-1,2022-08-29 00:00:00,2022-08-29 00:30:00,19543.590500000002,0.006570982997284304,-0.006772297193883694,-0.0,-0.007772297193883694,-1.182821078230742,止损,3,False
BTC,-1,2022-09-01 15:00:00,2022-09-01 17:15:00,19681.96282,0.007745895961219087,-0.007947445140411232,-3.63e-05,-0.008911145140411234,-1.1504343958434415,止损,10,False
BTC,-1,2022-09-03 08:00:00,2022-09-03 13:45:00,19804.13838,0.0036899862582823037,-0.003890724255533966,-0.0,-0.004890724255533966,-1.3254044631078405,止损,24,False
BTC,-1,2022-09-03 19:15:00,2022-09-03 19:15:00,19678.36354,0.003499142453172959,-0.0036998422816635324,-0.0,-0.004699842281663532,-1.343141168031556,止损,1,False
BTC,-1,2022-09-04 08:00:00,2022-09-04 08:30:00,19614.47632,0.0031422829640866375,-0.0033429114206794965,-0.0,-0.004342911420679496,-1.3820879501670988,止损,3,False
BTC,-1,2022-09-07 02:30:00,2022-09-07 05:45:00,18627.97366,0.008401679000305355,-0.008603359336105452,-0.0,-0.009603359336105451,-1.1430285941365317,止损,14,False
BTC,1,2022-09-09 03:30:00,2022-09-09 09:00:00,19649.4291,0.005726887824884942,0.05452577156643633,0.0001,0.053425771566436325,9.328936273954291,保本/跟踪,23,False
BTC,1,2022-09-09 10:45:00,2022-09-09 17:45:00,21022.60368,0.009221107012819214,0.006838305041906033,0.0001,0.005738305041906032,0.62230110050004,保本/跟踪,29,False
BTC,1,2022-09-09 22:45:00,2022-09-09 23:30:00,21359.87112,0.0067735552241896665,-0.004823219176801837,0.0,-0.005823219176801837,-0.8596990773775643,保本/跟踪,4,False
BTC,1,2022-09-10 05:00:00,2022-09-10 07:45:00,21451.68948,0.0054615726346082475,-0.0056604803200813285,0.0,-0.0066604803200813285,-1.219516935081296,止损,12,False
BTC,1,2022-09-10 19:30:00,2022-09-10 20:30:00,21522.3036,0.005290516845420825,-0.005489458742051651,0.0,-0.006489458742051651,-1.2266209392506826,止损,5,False
BTC,1,2022-09-12 11:45:00,2022-09-12 15:30:00,22352.66964,0.00793987629847902,-0.008138288323219457,0.0,-0.009138288323219456,-1.150935855886068,止损,16,False
BTC,1,2022-09-13 12:30:00,2022-09-13 12:30:00,22711.641419999996,0.008034333546562343,-0.008232726679852982,0.0,-0.009232726679852983,-1.1491589969902851,止损,1,False
BTC,-1,2022-09-13 18:45:00,2022-09-13 20:30:00,20542.8906,0.011383512450569355,0.009268738537031335,-0.0,0.008268738537031334,0.7263784858089005,保本/跟踪,8,True
BTC,-1,2022-09-13 21:45:00,2022-09-13 22:45:00,19988.0016,0.012216648826584717,-0.012419092156350143,-0.0,-0.013419092156350142,-1.098426610016716,止损,5,True
BTC,-1,2022-09-14 18:00:00,2022-09-14 18:15:00,20090.58108,0.007073510052021954,0.007455007144950081,-0.0,0.006455007144950081,0.9125606802672069,保本/跟踪,2,False
BTC,-1,2022-09-15 15:00:00,2022-09-15 17:00:00,19693.960420000003,0.009310214094249881,-0.009512076137068736,-8.13e-06,-0.010503946137068737,-1.1282174642531713,止损,9,True
BTC,-1,2022-09-16 14:00:00,2022-09-16 14:00:00,19515.496120000003,0.0065807460745105914,-0.0067820622237254906,-0.0,-0.007782062223725491,-1.1825501448639684,止损,1,False
BTC,1,2022-09-18 06:00:00,2022-09-18 09:30:00,20063.71194,0.0031992566064547724,-0.0033986167551335574,7.82e-05,-0.004476816755133557,-1.3993303150804466,止损,15,False
BTC,-1,2022-09-18 21:15:00,2022-09-19 04:15:00,19465.206179999997,0.00692217041612717,0.030716106074917905,-3.581e-05,0.029751916074917905,4.298061776347247,保本/跟踪,29,False
BTC,-1,2022-09-19 06:00:00,2022-09-19 10:30:00,18444.61034,0.009682577349100756,-0.009884513864570618,9.289e-05,-0.010977403864570618,-1.1337274641642925,止损,19,True
BTC,-1,2022-09-20 13:30:00,2022-09-20 14:15:00,18873.52454,0.0076368978913248006,-0.007838425270903044,-0.0,-0.008838425270903044,-1.1573318638898038,止损,4,False
BTC,-1,2022-09-20 18:00:00,2022-09-20 18:45:00,18753.04864,0.010816353456212412,-0.011018516726903682,-0.0,-0.012018516726903683,-1.1111431200503903,止损,4,True
BTC,-1,2022-09-21 22:15:00,2022-09-22 02:30:00,18292.240820000003,0.020752742455628144,-0.020956893004119292,0.00011779,-0.022074683004119293,-1.0636995592904224,止损,18,True
BTC,-1,2022-09-23 14:00:00,2022-09-23 15:30:00,18623.474560000002,0.008731292445850459,-0.008933038704339648,-0.0,-0.009933038704339647,-1.1376366976529708,止损,7,True
BTC,-1,2022-09-25 21:45:00,2022-09-26 00:30:00,18792.14082,0.005907420917324693,-0.00610860240150818,6.6e-06,-0.00711520240150818,-1.2044515705054006,止损,12,False
BTC,1,2022-09-27 01:15:00,2022-09-27 02:00:00,19458.19086,0.006127688278920105,0.011335166799156833,0.0,0.010335166799156834,1.686633903149235,保本/跟踪,4,False
BTC,1,2022-09-27 03:00:00,2022-09-27 15:45:00,20087.91678,0.008783180535320005,-0.008981423899212932,0.0001,-0.010081423899212932,-1.1478101649706813,止损,52,True
BTC,-1,2022-09-28 02:15:00,2022-09-28 03:15:00,18827.933660000002,0.008490971723656886,0.005604949707953,-0.0,0.004604949707953,0.5423348301965305,保本/跟踪,5,False
BTC,1,2022-09-28 21:30:00,2022-09-28 22:30:00,19704.84018,0.009350444860197723,-0.009548574771225641,0.0,-0.01054857477122564,-1.1281361399314835,止损,5,True
BTC,1,2022-09-30 14:45:00,2022-09-30 15:30:00,19786.55652,0.00915474165815292,0.005652346552200721,0.0,0.004652346552200721,0.5081898240195003,保本/跟踪,4,True
BTC,-1,2022-10-01 11:30:00,2022-10-01 11:30:00,19195.46014,0.003767557284341166,-0.003968310795798009,-0.0,-0.004968310795798009,-1.3187087603013896,止损,1,False
BTC,-1,2022-10-02 10:15:00,2022-10-02 10:30:00,19199.6593,0.0029619675456814113,0.0038533559794408073,-0.0,0.0028533559794408072,0.9633312774142441,保本/跟踪,2,False
BTC,1,2022-10-04 06:30:00,2022-10-04 08:15:00,19717.24266,0.003925813736850853,0.014928307297166172,0.0001,0.013828307297166172,3.522405346785185,保本/跟踪,8,False
BTC,1,2022-10-04 14:15:00,2022-10-04 14:30:00,20173.633919999997,0.006839532698840898,-0.007038164792301204,0.0,-0.008038164792301204,-1.1752505830790807,止损,2,False
BTC,1,2022-10-04 20:00:00,2022-10-04 21:30:00,20217.64272,0.006343344725981441,0.003964113024100811,0.0,0.0029641130241008107,0.467279196093541,保本/跟踪,7,False
BTC,-1,2022-10-07 13:00:00,2022-10-08 13:00:00,19604.87824,0.008015454177059823,0.004900681290841734,-0.00018708,0.004087761290841734,0.5099849865701783,超时,97,False
BTC,-1,2022-10-08 14:30:00,2022-10-08 14:30:00,19431.41294,0.0023155570119841803,-0.002516020123386599,-0.0,-0.003516020123386599,-1.5184338391105958,止损,1,False
BTC,-1,2022-10-08 21:45:00,2022-10-08 23:00:00,19323.034620000002,0.003347675692720176,-0.0035483452278586946,-0.0,-0.004548345227858694,-1.3586576614184829,止损,6,False
BTC,-1,2022-10-10 08:15:00,2022-10-10 08:45:00,19282.94264,0.0034404651748007496,0.0026601435926064494,-0.0,0.0016601435926064494,0.4825346307138815,保本/跟踪,3,False
BTC,-1,2022-10-10 16:30:00,2022-10-10 17:45:00,19183.26258,0.005373039720716624,-0.005574114328660735,-0.0,-0.006574114328660735,-1.22353726575167,止损,6,False
BTC,-1,2022-10-11 00:15:00,2022-10-11 03:15:00,18974.104420000003,0.005350277442230053,-0.005551347497718348,-0.0,-0.006551347497718348,-1.2244874342418541,止损,13,False
BTC,-1,2022-10-11 14:00:00,2022-10-11 14:30:00,18978.7035,0.005117618031777018,-0.005318641555383351,-0.0,-0.006318641555383351,-1.234684088603091,止损,3,False
BTC,-1,2022-10-13 02:30:00,2022-10-13 03:00:00,19044.29038,0.0024867781677572138,-0.002687275523390811,-0.0,-0.003687275523390811,-1.4827520891082564,止损,3,False
BTC,-1,2022-10-13 10:30:00,2022-10-13 10:45:00,18758.04764,0.003976410789317993,0.004355065769993035,-0.0,0.0033550657699930346,0.8437422458982093,保本/跟踪,2,False
BTC,-1,2022-10-13 12:45:00,2022-10-13 15:00:00,18315.73612,0.01231535916236903,-0.012517822234201526,-0.0,-0.013517822234201525,-1.0976393019463662,止损,10,True
BTC,1,2022-10-14 01:45:00,2022-10-14 07:30:00,19734.046019999998,0.006117288059050436,-0.0063160646014385835,0.0,-0.0073160646014385836,-1.1959653576578884,止损,24,False
BTC,1,2022-10-14 13:00:00,2022-10-14 13:15:00,19795.9584,0.00599641122738487,-0.006195211945139422,0.0,-0.007195211945139422,-1.1999196973482702,止损,2,False
BTC,-1,2022-10-15 09:00:00,2022-10-15 09:30:00,19057.1878,0.0025798989133646506,-0.0027804148931473527,-0.0,-0.0037804148931473527,-1.4653345034426228,止损,3,False
BTC,1,2022-10-17 11:15:00,2022-10-17 11:45:00,19490.297280000003,0.0037906854572127644,-0.003989927320121272,0.0,-0.004989927320121272,-1.3163654374505378,止损,3,False
BTC,1,2022-10-17 13:45:00,2022-10-17 14:15:00,19634.326080000003,0.004658504441488214,-0.004857572740599998,0.0,-0.005857572740599998,-1.2573934004297584,止损,3,False
BTC,1,2022-10-17 22:15:00,2022-10-17 22:30:00,19577.31468,0.0038765589429470395,-0.004075783631158474,0.0,-0.005075783631158474,-1.309352883797443,止损,2,False
BTC,-1,2022-10-20 01:00:00,2022-10-20 02:00:00,18959.607320000003,0.004515071644830361,-0.004715974659159341,-0.0,-0.005715974659159341,-1.2659765135075947,止损,5,False
BTC,-1,2022-10-20 18:15:00,2022-10-20 19:00:00,18999.99924,0.004425881906809789,-0.0046267670831910334,-0.0,-0.0056267670831910335,-1.2713324037258038,止损,4,False
BTC,-1,2022-10-21 07:15:00,2022-10-21 07:15:00,19003.1986,0.0025193739969272726,-0.0027198778717267003,-0.0,-0.0037198778717267003,-1.4765087979250437,止损,1,False
BTC,-1,2022-10-21 08:45:00,2022-10-21 09:45:00,18963.106620000002,0.0029887320826265822,-0.003189329829042984,-0.0,-0.004189329829042984,-1.4017080531893251,止损,5,False
BTC,-1,2022-10-21 12:15:00,2022-10-21 12:45:00,18758.84748,0.005114218400891911,-0.005315241244572128,-0.0,-0.006315241244572128,-1.2348399598012398,止损,3,False
BTC,1,2022-10-23 18:00:00,2022-10-23 18:00:00,19472.59374,0.0032570888744380424,-0.0034564374566631805,0.0,-0.00445643745666318,-1.368227158809741,止损,1,False
BTC,1,2022-10-25 14:00:00,2022-10-25 17:15:00,19473.29388,0.0031543634944346693,0.027118881196640094,-1.66e-06,0.026120541196640094,8.280764484728943,保本/跟踪,14,False
BTC,1,2022-10-25 18:30:00,2022-10-25 20:00:00,20324.264040000002,0.008204655026261045,-0.00840301409525586,0.0,-0.00940301409525586,-1.1460584345300524,止损,7,True
BTC,1,2022-10-26 07:30:00,2022-10-26 09:00:00,20336.26644,0.005030998642227256,0.012457635864100388,5.665e-05,0.011400985864100389,2.2661476726324654,保本/跟踪,7,False
BTC,1,2022-10-26 14:15:00,2022-10-27 03:00:00,20754.149999999998,0.008031675865213701,-0.008230069530040688,6.135e-05,-0.009291419530040689,-1.1568469253450717,止损,52,True
BTC,-1,2022-10-28 08:00:00,2022-10-28 08:30:00,20065.88602,0.003990968139993829,-0.004191766333621737,-0.0,-0.0051917663336217374,-1.300878922483647,止损,3,False
BTC,1,2022-10-29 08:30:00,2022-10-29 10:15:00,20918.982959999998,0.004068258568525362,-0.004267444916811638,0.0,-0.005267444916811638,-1.294766502199232,止损,8,False
BTC,1,2022-10-30 07:15:00,2022-10-30 07:30:00,20909.681099999998,0.0031966244460395867,-0.0033959851211503387,0.0,-0.004395985121150339,-1.3751959904444462,止损,2,False
BTC,-1,2022-10-31 01:45:00,2022-10-31 01:45:00,20462.4067,0.00382771333229819,-0.0040284788749645395,-0.0,-0.0050284788749645395,-1.3137031011529277,止损,1,False
BTC,-1,2022-11-01 14:00:00,2022-11-01 16:00:00,20407.11776,0.004059570659997907,-0.004260382574129804,-1.302e-05,-0.005247362574129804,-1.2925905258494772,止损,9,False
BTC,-1,2022-11-02 21:30:00,2022-11-03 01:30:00,20086.381920000003,0.009417947865959548,-0.009619831455532682,-2.68e-05,-0.01059303145553268,-1.1247706619634603,止损,17,True
BTC,1,2022-11-04 13:00:00,2022-11-04 15:30:00,20753.04978,0.005861670109795346,0.015086268375390203,0.0,0.014086268375390204,2.4031151722187265,保本/跟踪,11,False
BTC,1,2022-11-04 22:00:00,2022-11-05 07:15:00,21165.53226,0.006490043225206831,0.009752836150455907,4.409e-05,0.008708746150455908,1.341862580611452,保本/跟踪,38,False
BTC,-1,2022-11-07 07:45:00,2022-11-07 10:15:00,20704.55826,0.004625527386380408,-0.004826452491857518,-0.0001,-0.005726452491857518,-1.2380107204031954,止损,11,False
BTC,-1,2022-11-07 22:30:00,2022-11-07 23:15:00,20433.312520000003,0.005475694927164377,-0.00567679006614971,-0.0,-0.00667679006614971,-1.2193502660323203,止损,4,False
BTC,-1,2022-11-08 03:30:00,2022-11-08 05:30:00,20360.22714,0.006302546142178186,0.03386827916383426,-0.0,0.03286827916383426,5.215079496819811,保本/跟踪,9,False
BTC,-1,2022-11-08 14:00:00,2022-11-08 14:45:00,19543.0906,0.006152375550654113,0.0021642412093746824,-0.0,0.0011642412093746824,0.18923441844360456,保本/跟踪,4,False
BTC,-1,2022-11-08 15:30:00,2022-11-08 15:45:00,19276.54392,0.009487614877452102,-0.009689512400427579,-0.0,-0.010689512400427578,-1.1266806819732806,止损,2,True
BTC,-1,2022-11-08 18:15:00,2022-11-08 19:30:00,19001.99884,0.02278375543271412,0.03695022682241747,-0.0,0.03595022682241747,1.577888549962147,保本/跟踪,6,True
BTC,-1,2022-11-09 02:45:00,2022-11-09 05:45:00,18178.16364,0.016836733888997427,-0.017040101235775214,-0.0,-0.018040101235775215,-1.0714727306799194,止损,13,True
BTC,-1,2022-11-09 09:15:00,2022-11-09 09:15:00,17860.12726,0.012387037352803583,-0.012589514760274105,-0.0,-0.013589514760274105,-1.0970754647154077,止损,1,True
BTC,-1,2022-11-09 15:45:00,2022-11-10 00:00:00,17157.46782,0.02377489106716443,0.06479573199841769,0.00152148,0.06227425199841769,2.6193285942926923,保本/跟踪,34,True
BTC,-1,2022-11-11 03:30:00,2022-11-11 05:00:00,16908.217679999998,0.01573388759705465,-0.01593703437457414,-0.0,-0.01693703437457414,-1.0764684996062077,止损,7,True
BTC,-1,2022-11-13 07:00:00,2022-11-13 07:00:00,16671.76498,0.00402136625168836,-0.004222170524938776,-0.0,-0.005222170524938776,-1.298606045332544,止损,1,False
BTC,-1,2022-11-13 09:15:00,2022-11-13 10:15:00,16502.49884,0.0066804648015833,-0.006881800894543704,-0.0,-0.007881800894543704,-1.1798282198381889,止损,5,False
BTC,-1,2022-11-13 21:15:00,2022-11-13 21:30:00,16331.63302,0.006488074237605308,-0.006689371852452746,-0.0,-0.007689371852452746,-1.1851547270967766,止损,2,False
BTC,-1,2022-11-14 00:30:00,2022-11-14 02:45:00,16196.56004,0.008705412199514288,0.0049002931282853684,-0.0,0.0039002931282853684,0.4480308386204828,保本/跟踪,10,True
BTC,-1,2022-11-14 20:00:00,2022-11-14 22:00:00,16241.850980000001,0.011857167501216013,-0.012059538934716197,-0.0,-0.013059538934716196,-1.1014046089318443,止损,9,True
BTC,1,2022-11-15 08:30:00,2022-11-15 09:30:00,16940.3874,0.007284624608372677,-0.007483167683450889,0.0,-0.00848316768345089,-1.1645305200353977,止损,5,False
BTC,-1,2022-11-17 04:15:00,2022-11-17 05:00:00,16438.7116,0.00552041587402965,-0.0057215199572042946,-0.0,-0.006721519957204295,-1.2175749274298593,止损,4,False
BTC,-1,2022-11-20 11:45:00,2022-11-20 13:45:00,16529.29348,0.003837023439468436,-0.004037790844156371,-0.0,-0.005037790844156371,-1.3129424210278693,止损,9,False
BTC,-1,2022-11-20 21:45:00,2022-11-20 22:00:00,16427.2139,0.0038065317208429874,0.006594654552737155,-0.0,0.005594654552737155,1.4697511968974668,保本/跟踪,2,False
BTC,-1,2022-11-21 02:15:00,2022-11-21 04:00:00,16039.39148,0.007591751970001188,-0.007793270320395126,-0.0,-0.008793270320395126,-1.1582662809772684,止损,8,False
BTC,-1,2022-11-21 16:30:00,2022-11-21 20:00:00,15992.90078,0.006485678542588995,0.014697518900123073,-0.0,0.013697518900123072,2.111963892471181,保本/跟踪,15,False
BTC,1,2022-11-23 03:30:00,2022-11-23 05:45:00,16562.8119,0.006795121712428701,-0.006993762688086175,0.0,-0.007993762688086176,-1.1763972782805474,止损,10,False
BTC,1,2022-11-23 19:15:00,2022-11-23 19:15:00,16597.51884,0.0067224048551525525,-0.006921060374181509,0.0,-0.00792106037418151,-1.178307546905661,止损,1,False
BTC,1,2022-11-24 02:00:00,2022-11-24 06:00:00,16740.8475,0.00628814331996094,-0.006486885691297008,0.0,-0.007486885691297008,-1.1906353450200169,止损,17,False
BTC,1,2022-11-26 01:30:00,2022-11-26 03:00:00,16668.03294,0.0039051655425701966,-0.004104384509461605,0.0,-0.005104384509461605,-1.3070853088860706,止损,7,False
BTC,-1,2022-11-28 01:15:00,2022-11-28 02:15:00,16375.02434,0.0037417577251084885,0.012774027159987145,-0.0,0.011774027159987144,3.1466567386176156,保本/跟踪,5,False
BTC,1,2022-11-30 00:45:00,2022-11-30 03:15:00,16835.06634,0.005679323206716043,0.005544813314944004,0.0,0.004544813314944004,0.8002385406714603,保本/跟踪,11,False
BTC,1,2022-11-30 19:15:00,2022-12-01 13:45:00,17034.70626,0.0064516984180391325,0.0051288609657540755,-3.972e-05,0.0041685809657540755,0.646121485483358,保本/跟踪,75,False
BTC,1,2022-12-02 11:45:00,2022-12-02 13:15:00,17010.00132,0.0025289506410137307,0.0009525009683932354,0.0,-4.7499031606764624e-05,-0.018782110981701336,保本/跟踪,7,False
BTC,1,2022-12-03 00:00:00,2022-12-03 00:00:00,17086.4166,0.0026287631374188,-0.0028282373847913194,0.0,-0.0038282373847913194,-1.4562884461892946,止损,1,False
BTC,1,2022-12-04 05:15:00,2022-12-04 05:30:00,17055.4104,0.002634120362495647,-0.0028335935384231664,0.0,-0.0038335935384231665,-1.4553600484645666,止损,2,False
BTC,1,2022-12-05 00:45:00,2022-12-05 05:15:00,17247.34878,0.004092307700544954,0.003746832666138893,0.0,0.002746832666138893,0.6712185072918905,保本/跟踪,19,False
BTC,-1,2022-12-07 07:00:00,2022-12-07 07:30:00,16942.31086,0.002322767821897924,0.0077704512145872675,-0.0,0.0067704512145872675,2.9148204787231635,保本/跟踪,3,False
BTC,1,2022-12-09 01:30:00,2022-12-09 03:30:00,17261.9517,0.004013581676202569,-0.004212778959867349,0.0,-0.005212778959867349,-1.2987848212421067,止损,9,False
BTC,-1,2022-12-12 01:00:00,2022-12-12 10:45:00,16940.01132,0.003457778614421546,-0.0036584701701443782,-2.638e-05,-0.004632090170144378,-1.3396144422968743,止损,40,False
BTC,1,2022-12-13 10:00:00,2022-12-13 10:00:00,17434.18614,0.004185440453023867,-0.004384603364933251,0.0,-0.005384603364933251,-1.28650817646755,止损,1,False
BTC,1,2022-12-13 13:30:00,2022-12-13 13:45:00,17604.72024,0.00586024737509127,0.015041712471995546,0.0,0.014041712471995545,2.396095518369965,保本/跟踪,2,False
BTC,1,2022-12-13 23:30:00,2022-12-14 12:30:00,17793.457980000003,0.003846558932311015,0.004093218420492181,0.0002,0.002893218420492181,0.7521575702868364,保本/跟踪,53,False
BTC,1,2022-12-14 14:45:00,2022-12-14 18:45:00,18008.1009,0.004287047455681174,0.011297931071580006,0.0001,0.010197931071580006,2.3787772766699278,保本/跟踪,17,False
BTC,-1,2022-12-16 09:00:00,2022-12-16 12:45:00,17211.65698,0.004286179799591608,0.011074785988766402,-0.0,0.010074785988766401,2.35052808324241,保本/跟踪,16,False
BTC,-1,2022-12-16 22:45:00,2022-12-17 00:00:00,16728.75358,0.005276657926157834,0.003846833627392504,-2.013e-05,0.002866963627392504,0.5433294459320894,保本/跟踪,6,False
BTC,-1,2022-12-19 17:45:00,2022-12-19 18:15:00,16555.38826,0.004157557138706816,-0.0043583886501346635,-0.0,-0.0053583886501346635,-1.2888310301855188,止损,3,False
BTC,-1,2022-12-19 22:45:00,2022-12-20 01:00:00,16385.7222,0.005402443814816001,-0.005603524303578967,-5.611e-05,-0.006547414303578967,-1.2119356587518648,止损,10,False
BTC,1,2022-12-20 15:00:00,2022-12-20 16:15:00,16896.97872,0.004721302438736418,-0.004920358178248763,3.401e-05,-0.005954368178248763,-1.2611706738792094,止损,6,False
BTC,-1,2022-12-27 17:45:00,2022-12-27 21:45:00,16654.06852,0.0030112233847936435,-0.003211825629470589,-0.0,-0.004211825629470589,-1.3987091262441236,止损,17,False
BTC,-1,2022-12-28 03:15:00,2022-12-28 03:15:00,16581.283079999997,0.0032237870278839505,-0.0034244317852895356,-0.0,-0.004424431785289536,-1.3724330258235675,止损,1,False
BTC,-1,2022-12-30 07:30:00,2022-12-30 08:45:00,16454.30848,0.002555550825095958,-0.002756061935260928,-7.132e-05,-0.003684741935260928,-1.4418582088354945,止损,6,False
BTC,-1,2022-12-30 15:00:00,2022-12-30 15:15:00,16403.7186,0.0030684989934496,-0.003269112693248305,-0.0,-0.0042691126932483045,-1.3912706839277718,止损,2,False
BTC,1,2023-01-02 07:30:00,2023-01-02 13:30:00,16731.74568,0.00235328755173055,-0.0025528168942200447,-4.356e-05,-0.0035092568942200445,-1.4912146591008069,止损,25,False
BTC,1,2023-01-04 03:15:00,2023-01-04 03:15:00,16834.666259999998,0.0025703190181060125,-0.0027698049543024663,0.0,-0.0037698049543024663,-1.4666681169718447,止损,1,False
BTC,1,2023-01-04 16:15:00,2023-01-04 16:45:00,16878.97512,0.0026015756387954385,-0.0028010553236676545,0.0,-0.0038010553236676545,-1.4610589317432223,止损,3,False
BTC,1,2023-01-05 15:45:00,2023-01-05 16:00:00,16872.47382,0.002464855181447536,-0.0026643622104112427,7.264e-05,-0.003737002210411243,-1.5161143090835107,止损,2,False
BTC,1,2023-01-06 19:45:00,2023-01-06 20:15:00,16924.18416,0.002600373369772933,0.0011975406275350842,0.0,0.00019754062753508418,0.07596625539675235,保本/跟踪,3,False
BTC,1,2023-01-08 23:15:00,2023-01-09 00:00:00,17033.00592,0.002251574838438844,0.0043510569511478435,5.796e-05,0.0032930969511478433,1.462574947511472,保本/跟踪,4,False
BTC,1,2023-01-09 17:30:00,2023-01-09 19:45:00,17349.36918,0.003140376697174318,-0.0033397486218347257,0.0,-0.004339748621834725,-1.381919763237191,止损,10,False
BTC,1,2023-01-10 15:15:00,2023-01-10 15:30:00,17337.566819999996,0.0030531521435571566,-0.003252541513128443,0.0,-0.004252541513128443,-1.3928364238586242,止损,2,False
BTC,1,2023-01-10 18:30:00,2023-01-10 22:15:00,17375.4744,0.003087757437711963,0.0021610727142396193,0.0,0.0011610727142396192,0.37602458666571215,保本/跟踪,16,False
BTC,1,2023-01-11 23:30:00,2023-01-11 23:45:00,17646.0285,0.003899873439421215,0.012775509516209115,0.0,0.011775509516209114,3.0194594001893384,保本/跟踪,2,False
BTC,1,2023-01-12 01:00:00,2023-01-12 05:45:00,18267.55278,0.007376257990017005,-0.007574782738418887,0.0,-0.008574782738418888,-1.162484114577332,止损,20,True
BTC,1,2023-01-12 17:45:00,2023-01-12 21:00:00,18651.829619999997,0.010571741999158012,0.007935434955422087,0.0,0.006935434955422087,0.6560352074402176,保本/跟踪,14,True
BTC,1,2023-01-13 11:00:00,2023-01-13 11:00:00,19039.907219999997,0.004173803060483527,-0.004372968299871481,0.0,-0.005372968299871481,-1.2873075758512267,止损,1,False
BTC,1,2023-01-13 15:30:00,2023-01-13 16:00:00,19274.65416,0.007132008011331101,-0.00733058160972877,7.16e-05,-0.00840218160972877,-1.1780948081353328,止损,3,True
BTC,1,2023-01-13 17:30:00,2023-01-13 23:15:00,19321.8636,0.007811437650652773,0.021877259102971194,0.0,0.020877259102971193,2.6726525943949073,保本/跟踪,24,True
BTC,1,2023-01-14 00:15:00,2023-01-14 00:45:00,20256.75054,0.010574867801551544,0.040463539585991026,0.0,0.039463539585991025,3.7318234446581866,保本/跟踪,3,True
BTC,1,2023-01-16 02:30:00,2023-01-16 03:00:00,21362.2716,0.008679254040478299,-0.008877518189670164,0.0,-0.009877518189670163,-1.1380607300585281,止损,3,True
BTC,1,2023-01-16 19:00:00,2023-01-16 21:15:00,21290.95734,0.007125519174468239,-0.007324094070633335,0.0,-0.008324094070633335,-1.1682087812576187,止损,10,True
BTC,1,2023-01-17 14:15:00,2023-01-17 14:15:00,21396.47844,0.004919991786671534,-0.005119007788314293,0.0,-0.006119007788314293,-1.243702846189895,止损,1,False
BTC,1,2023-01-18 14:15:00,2023-01-18 14:15:00,21508.20078,0.005279399787927409,-0.0054783439079697585,0.0,-0.0064783439079697585,-1.2270985657846973,止损,1,False
BTC,1,2023-01-20 16:45:00,2023-01-20 20:15:00,21313.36182,0.004407290007214013,0.022694822674534855,0.0,0.021694822674534854,4.922485844821643,保本/跟踪,15,False
BTC,1,2023-01-20 20:45:00,2023-01-21 00:00:00,22104.9201,0.009851012879140338,0.0158608890738122,0.0001,0.014760889073812199,1.498413336263989,保本/跟踪,14,True
BTC,1,2023-01-21 08:15:00,2023-01-21 09:45:00,22740.347159999998,0.004182898986312431,0.0038032207420357093,0.0,0.0028032207420357093,0.6701621892397116,保本/跟踪,7,False
BTC,1,2023-01-21 10:15:00,2023-01-21 10:15:00,23309.560980000002,0.007849545313872759,-0.008047975404809867,0.0,-0.009047975404809866,-1.1526750968389319,止损,1,True
BTC,-1,2023-01-25 10:15:00,2023-01-25 12:00:00,22527.393620000003,0.004407372769111699,-0.004608254243665424,-0.0,-0.005608254243665424,-1.2724710473708718,止损,8,False
BTC,1,2023-01-25 22:00:00,2023-01-25 22:00:00,23598.018659999998,0.00943779800050058,-0.009635910440900484,0.0,-0.010635910440900485,-1.126948303019026,止损,1,True
BTC,1,2023-01-26 14:15:00,2023-01-26 14:30:00,23174.33394,0.006007739776270354,-0.006206538228315149,0.0,-0.007206538228315149,-1.199542339829675,止损,2,False
BTC,1,2023-01-29 00:45:00,2023-01-29 01:30:00,23109.621,0.0026559749031442514,0.011595319713640225,0.0,0.010595319713640226,3.9892393942040094,保本/跟踪,4,False
BTC,1,2023-01-29 10:15:00,2023-01-29 11:00:00,23404.68,0.004102764986836909,-0.004301944433839443,0.0,-0.005301944433839443,-1.292285678280359,止损,4,False
BTC,1,2023-01-29 18:45:00,2023-01-29 20:00:00,23713.2417,0.005072262313107607,0.0025060250581912346,0.0,0.0015060250581912346,0.2969138749585967,保本/跟踪,6,False
BTC,-1,2023-01-30 19:15:00,2023-01-31 07:45:00,22787.441600000002,0.00755295162691954,-0.007754462217244825,-0.0001,-0.008654462217244824,-1.1458384277742997,止损,51,True
BTC,1,2023-02-01 21:15:00,2023-02-02 01:30:00,23701.939440000002,0.009249221078920533,0.012808016534005979,0.0001,0.01170801653400598,1.265838110485776,保本/跟踪,18,True
BTC,1,2023-02-02 18:30:00,2023-02-02 19:00:00,24014.802,0.006096903043267108,-0.006295683662658319,0.0,-0.007295683662658319,-1.1966212371894351,止损,3,False
BTC,-1,2023-02-04 03:45:00,2023-02-04 12:45:00,23336.53176,0.0030569038748045154,-0.003257515255579386,-0.0001,-0.004157515255579385,-1.3600412135449476,止损,37,False
BTC,-1,2023-02-04 23:45:00,2023-02-05 00:00:00,23291.44078,0.002509753902224267,-0.0027102558530046703,-0.0001,-0.0036102558530046705,-1.4384899849364055,止损,2,False
BTC,-1,2023-02-05 13:00:00,2023-02-05 16:30:00,23155.467979999998,0.0032284197253727664,0.0005804460532434886,-0.0001,-0.00031955394675651144,-0.09898153707991438,保本/跟踪,15,False
BTC,-1,2023-02-05 18:00:00,2023-02-05 22:15:00,22843.9303,0.0058785226443147,-0.006079698348843617,-0.0,-0.007079698348843617,-1.2043329212469072,止损,18,False
BTC,-1,2023-02-06 05:30:00,2023-02-06 06:45:00,22696.05988,0.004288390851102406,-0.004489248529272605,-0.0,-0.005489248529272605,-1.280025240204376,止损,6,False
BTC,1,2023-02-08 01:15:00,2023-02-08 02:45:00,23374.674,0.005417039070463453,-0.005615955662649352,0.0,-0.006615955662649352,-1.2213232314906168,止损,7,False
BTC,-1,2023-02-09 03:00:00,2023-02-09 03:15:00,22790.441,0.003949470220433387,0.009226255111340426,-0.0,0.008226255111340425,2.082875588928414,保本/跟踪,2,False
BTC,-1,2023-02-09 19:15:00,2023-02-09 20:45:00,22425.11408,0.005393070287374923,0.01596694253266404,-0.0,0.014966942532664038,2.775217405881279,保本/跟踪,7,False
BTC,-1,2023-02-09 21:45:00,2023-02-10 21:45:00,21806.6378,0.008922621817436662,0.013515897439265075,-0.00030000000000000003,0.012815897439265074,1.436337626035,超时,97,True
BTC,-1,2023-02-13 09:30:00,2023-02-13 09:45:00,21516.99574,0.004679994383938932,-0.00488093038281568,-0.0,-0.00588093038281568,-1.2566105641062706,止损,2,False
BTC,-1,2023-02-13 16:30:00,2023-02-13 18:30:00,21517.09572,0.004972302661474642,-0.005173297122006917,-0.0,-0.006173297122006917,-1.2415368778408382,止损,9,False
BTC,1,2023-02-14 15:00:00,2023-02-14 15:30:00,22244.448,0.007821953038107813,-0.00802038864750013,0.0,-0.00902038864750013,-1.1532143703182125,止损,3,True
BTC,1,2023-02-15 11:45:00,2023-02-15 12:30:00,22450.089119999997,0.0035526163636263076,0.013179638140221814,0.0,0.012179638140221813,3.4283572706931786,保本/跟踪,4,False
BTC,1,2023-02-15 19:15:00,2023-02-15 21:00:00,23166.6324,0.006835721300420082,0.03696861668745713,0.0,0.03596861668745713,5.261861200404223,保本/跟踪,8,True
BTC,1,2023-02-16 00:15:00,2023-02-16 13:45:00,24613.02162,0.010005464133149384,-0.010203463040322746,0.0001,-0.011303463040322745,-1.1297290050616366,止损,55,True
BTC,1,2023-02-16 15:45:00,2023-02-16 16:00:00,24797.258459999997,0.0071033772154835756,-0.007301956540040442,0.00023171,-0.008533666540040442,-1.2013534240359918,止损,2,True
BTC,1,2023-02-17 17:15:00,2023-02-17 21:15:00,24362.77158,0.011184380981281767,0.013757631263073757,0.0,0.012757631263073756,1.1406649401898048,保本/跟踪,17,True
BTC,1,2023-02-18 18:15:00,2023-02-18 18:30:00,24826.064219999997,0.0045860970752917935,-0.004785179855876805,0.0,-0.005785179855876805,-1.2614604010554484,止损,2,False
BTC,1,2023-02-19 16:15:00,2023-02-19 16:15:00,25173.23364,0.005601037309919839,-0.005799917102457787,0.0,-0.006799917102457787,-1.2140460286552004,止损,1,True
BTC,1,2023-02-20 10:00:00,2023-02-20 11:30:00,24889.67694,0.006640796689503793,-0.006839468530165846,0.0,-0.007839468530165846,-1.1805012104280548,止损,7,True
BTC,1,2023-02-21 02:45:00,2023-02-21 02:45:00,25096.31826,0.005043226360654678,-0.0052422177153826225,0.0,-0.0062422177153826225,-1.2377429187160855,止损,1,False
BTC,-1,2023-02-22 02:15:00,2023-02-22 03:00:00,24036.6917,0.0075145690759109846,-0.00771607198972607,-0.0,-0.00871607198972607,-1.159889795632683,止损,4,True
BTC,-1,2023-02-22 08:45:00,2023-02-22 09:15:00,23865.925860000003,0.006495272367304568,-0.006696571421777995,-0.0,-0.007696571421777995,-1.1849497583073558,止损,3,True
BTC,-1,2023-02-22 15:00:00,2023-02-22 18:00:00,23923.01444,0.006398160765289406,0.00534653665088986,-0.0001,0.00444653665088986,0.6949710727827784,保本/跟踪,13,True
BTC,-1,2023-02-23 11:45:00,2023-02-23 12:45:00,23764.2462,0.006630637090756685,-0.006831963218174947,-0.0,-0.007831963218174948,-1.1811780845452917,止损,5,True
BTC,-1,2023-02-24 08:15:00,2023-02-24 08:30:00,23745.649920000003,0.00451363771939675,-0.004714540446940482,-0.0,-0.005714540446940482,-1.2660609473336804,止损,2,False
BTC,-1,2023-02-24 16:15:00,2023-02-24 20:00:00,23076.883700000002,0.008799466133197256,-0.009001226026423989,-0.0,-0.01000122602642399,-1.136571909594938,止损,16,True
BTC,-1,2023-02-25 10:45:00,2023-02-25 11:15:00,22932.51258,0.002971824649834743,-0.0031724190147647342,-0.0,-0.004172419014764735,-1.4039923300981956,止损,3,False
BTC,-1,2023-02-25 12:45:00,2023-02-25 12:45:00,22885.521979999998,0.003324849404744834,-0.003525514374625683,-0.0,-0.0045255143746256825,-1.361118602294408,止损,1,False
BTC,-1,2023-02-25 20:45:00,2023-02-25 21:00:00,22872.12466,0.003585464416881907,-0.0021317914590273743,-0.0,-0.0031317914590273744,-0.8734688438913393,保本/跟踪,2,False
BTC,1,2023-03-01 09:00:00,2023-03-01 09:45:00,23867.17248,0.0057971729424067505,-0.005996013507818123,0.0,-0.006996013507818123,-1.2067974471904686,止损,4,True
BTC,-1,2023-03-02 13:15:00,2023-03-02 13:15:00,23262.04666,0.0037464688931972885,-0.00394721818697586,-0.0,-0.00494721818697586,-1.3205016051137783,止损,1,False
BTC,-1,2023-03-03 01:30:00,2023-03-03 01:45:00,22830.9329,0.006410701154826203,0.021609554115066494,-0.0,0.020609554115066493,3.2148673939590666,保本/跟踪,2,True
BTC,-1,2023-03-06 21:00:00,2023-03-06 21:30:00,22336.43182,0.0034096369803517912,-0.0036103189077478217,-0.0,-0.004610318907747822,-1.3521436253522068,止损,3,False
BTC,-1,2023-03-07 15:15:00,2023-03-07 15:15:00,22019.19528,0.004795567511935906,-0.004996526625438159,-0.0,-0.005996526625438159,-1.2504310721334089,止损,1,False
BTC,-1,2023-03-08 05:30:00,2023-03-08 05:45:00,22026.0939,0.003509487461418423,0.004055683351532913,-0.0,0.003055683351532913,0.8706921979706699,保本/跟踪,2,False
BTC,-1,2023-03-08 23:00:00,2023-03-09 11:00:00,21788.34146,0.005920642506419399,0.006618837889279236,-0.0002,0.005818837889279236,0.9828051403154671,保本/跟踪,49,True
BTC,-1,2023-03-09 16:45:00,2023-03-09 21:15:00,21514.89616,0.004951494787112332,0.05429475347748678,-0.0,0.05329475347748678,10.763366572898649,保本/跟踪,19,False
BTC,-1,2023-03-10 01:15:00,2023-03-10 11:45:00,19989.0014,0.010988687967687358,0.012999163263617499,-5.26e-06,0.0120044232636175,1.092434629040059,保本/跟踪,43,True
BTC,1,2023-03-12 18:30:00,2023-03-12 18:45:00,20884.176,0.007860523400583132,0.008875072018492485,0.0,0.007875072018492486,1.0018508459510818,保本/跟踪,2,True
BTC,1,2023-03-12 22:30:00,2023-03-13 02:15:00,21801.55944,0.014605239982104841,0.017266861169902913,0.0001,0.016166861169902912,1.1069219807214026,保本/跟踪,16,True
BTC,1,2023-03-13 13:30:00,2023-03-13 16:30:00,22434.9861,0.010754553758515403,0.06521723450190192,0.0001,0.06411723450190192,5.961868427235691,保本/跟踪,13,True
BTC,1,2023-03-14 01:30:00,2023-03-14 05:15:00,24299.3589,0.009143346278085393,0.010969738597580636,0.0,0.009969738597580637,1.090381824592592,保本/跟踪,16,True
BTC,1,2023-03-14 11:00:00,2023-03-14 13:15:00,24576.11424,0.007761273137825993,0.054076882288411836,0.0,0.053076882288411835,6.838682435969414,保本/跟踪,10,True
BTC,1,2023-03-16 09:45:00,2023-03-16 10:00:00,24787.65654,0.007702785709938553,-0.007901245152796582,0.0,-0.008901245152796583,-1.1555877948560496,止损,2,True
BTC,1,2023-03-17 01:30:00,2023-03-17 02:30:00,25357.0704,0.007886630080838715,0.007379427713791994,0.0,0.006379427713791994,0.8088914591406277,保本/跟踪,5,True
BTC,1,2023-03-17 06:45:00,2023-03-17 07:15:00,26131.025159999997,0.0088197155819609,-0.009017951638844435,0.0,-0.010017951638844436,-1.1358588092493942,止损,3,True
BTC,1,2023-03-17 10:00:00,2023-03-17 12:15:00,26236.54626,0.008595968171849606,0.013612168240159091,0.0,0.01261216824015909,1.467219048281482,保本/跟踪,10,True
BTC,1,2023-03-17 21:45:00,2023-03-17 21:45:00,27164.33178,0.010309653964928583,-0.010507592034135517,0.0,-0.011507592034135518,-1.1161957591672897,止损,1,True
BTC,1,2023-03-19 16:45:00,2023-03-20 01:00:00,27948.888659999997,0.009142611730404045,-0.009340783208057918,0.0001,-0.010440783208057917,-1.1419913166974773,止损,34,True
BTC,1,2023-03-21 16:45:00,2023-03-21 17:30:00,28330.86504,0.008679859030302965,-0.008878123058496883,0.0,-0.009878123058496883,-1.1380510932275008,止损,4,True
BTC,1,2023-03-22 15:00:00,2023-03-22 17:15:00,28551.60918,0.006118881790876975,-0.006317658014518716,5.334e-05,-0.007370998014518716,-1.2046315432189916,止损,10,False
BTC,-1,2023-03-24 21:15:00,2023-03-25 02:15:00,27380.622779999998,0.009148761938588712,-0.009350591690976419,3.1e-06,-0.010353691690976418,-1.1317041322613735,止损,21,True
BTC,-1,2023-03-25 19:15:00,2023-03-25 21:15:00,27285.641779999998,0.005628488210383273,-0.005829613908025392,-0.0,-0.006829613908025392,-1.2134011217126326,止损,9,False
BTC,1,2023-03-29 08:15:00,2023-03-29 16:45:00,28343.6676,0.007457122635042572,-0.007655631210515584,0.0001,-0.008755631210515584,-1.1741299746595355,止损,35,False
BTC,1,2023-03-30 02:45:00,2023-03-30 03:00:00,29110.921019999998,0.0076699520811050375,-0.007868418090688795,0.0,-0.008868418090688796,-1.1562546932380693,止损,2,True
BTC,1,2023-04-01 02:15:00,2023-04-01 02:15:00,28669.33272,0.005048618175899579,-0.00524760845226446,0.0,-0.00624760845226446,-1.23748880081454,止损,1,False
BTC,-1,2023-04-02 16:30:00,2023-04-02 16:45:00,27968.9051,0.004537697038692264,-0.00473860457809999,-0.0,-0.00573860457809999,-1.2646513262493655,止损,2,False
BTC,-1,2023-04-03 01:45:00,2023-04-03 07:15:00,27696.359620000003,0.005999738781528359,-0.006200938729284678,-0.0,-0.007200938729284678,-1.2002087076614907,止损,23,False
BTC,-1,2023-04-03 21:00:00,2023-04-03 22:15:00,27563.78614,0.008453750420291147,-0.008655441170375242,-0.0,-0.009655441170375242,-1.1421488322153128,止损,6,True
BTC,-1,2023-04-06 08:00:00,2023-04-06 09:15:00,27891.12066,0.0034468594628828163,-0.0036475488347754216,-0.0,-0.004647548834775422,-1.3483430017446656,止损,6,False
BTC,-1,2023-04-07 07:45:00,2023-04-07 08:15:00,27841.130660000003,0.0028463884800931506,-0.003046957757789084,1.473e-05,-0.004061687757789084,-1.4269618452278732,止损,3,False
BTC,1,2023-04-09 22:00:00,2023-04-09 23:30:00,28428.88464,0.004610148829386287,-0.004809226799620381,0.0,-0.005809226799620381,-1.260095284254352,止损,7,False
BTC,1,2023-04-10 17:00:00,2023-04-10 22:15:00,29038.906619999998,0.006466146513035899,0.015227707633298077,0.0,0.014227707633298076,2.2003379608882496,保本/跟踪,22,False
BTC,1,2023-04-11 02:00:00,2023-04-11 03:15:00,30198.038399999998,0.00875068749140836,-0.008948937353910124,0.0,-0.009948937353910125,-1.1369320826138787,止损,6,True
BTC,1,2023-04-13 09:00:00,2023-04-13 15:00:00,30185.035799999998,0.003541493687751475,0.006136998177043612,0.0,0.005136998177043612,1.450517388979207,保本/跟踪,25,False
BTC,1,2023-04-14 00:45:00,2023-04-14 02:45:00,30728.04438,0.004550471895291449,-0.004749561800912446,0.0,-0.005749561800912446,-1.2635089136275608,止损,9,False
BTC,-1,2023-04-16 01:15:00,2023-04-16 01:30:00,30162.866220000004,0.002578849323270509,-0.00277936509313516,-0.0,-0.00377936509313516,-1.465523812900457,止损,2,False
BTC,-1,2023-04-17 00:45:00,2023-04-17 02:30:00,29887.42132,0.004863601378791785,-0.005064574099067545,-0.0,-0.006064574099067545,-1.246930746732806,止损,8,False
BTC,-1,2023-04-17 08:00:00,2023-04-17 11:45:00,29825.233760000003,0.0030981941676948956,0.00902335660352602,-0.0,0.00802335660352602,2.5896881116058394,保本/跟踪,16,False
BTC,-1,2023-04-18 00:45:00,2023-04-18 01:15:00,29313.43614,0.0031656614733843,0.0015829474848863868,-0.0,0.0005829474848863868,0.18414713316240278,保本/跟踪,3,False
BTC,-1,2023-04-19 23:30:00,2023-04-20 00:30:00,28713.2562,0.007998886591868419,-0.008200486369186823,-8.579e-05,-0.009114696369186824,-1.139495636611816,止损,5,True
BTC,-1,2023-04-20 12:00:00,2023-04-20 12:15:00,28595.7797,0.004606926300747311,-0.004807847686007395,-0.0,-0.005807847686007395,-1.2606773598842416,止损,2,False
BTC,-1,2023-04-20 19:30:00,2023-04-20 20:30:00,28066.285620000002,0.007837095660032477,-0.008038663079164433,-0.0,-0.009038663079164434,-1.1533179472670847,止损,5,True
BTC,-1,2023-04-21 06:45:00,2023-04-21 07:45:00,28010.09686,0.004753129538727023,-0.004954080164634751,-0.0,-0.005954080164634751,-1.2526652421573523,止损,5,False
BTC,-1,2023-04-21 19:15:00,2023-04-22 16:00:00,27374.524,0.008100494086875331,-0.008302114185692658,-0.00018947999999999998,-0.009112634185692659,-1.1249479461329683,止损,84,True
BTC,-1,2023-04-24 08:45:00,2023-04-24 11:30:00,27292.440420000003,0.005576293475661847,-0.005777408734357031,-0.0,-0.006777408734357031,-1.2153967082144335,止损,12,False
BTC,-1,2023-04-24 15:30:00,2023-04-24 18:15:00,27227.45342,0.006479984767651861,-0.006681280764605373,-2.63e-05,-0.007654980764605373,-1.1813269689797887,止损,12,False
BTC,1,2023-04-26 08:30:00,2023-04-26 11:15:00,28652.42934,0.004643676959283406,0.00826212020973814,0.0,0.0072621202097381396,1.563872826084526,保本/跟踪,12,False
BTC,1,2023-04-26 12:30:00,2023-04-26 19:15:00,29744.947799999998,0.008363189559071879,-0.008561516921159994,0.0001,-0.009661516921159994,-1.15524308673355,止损,28,True
BTC,1,2023-04-27 18:30:00,2023-04-27 22:45:00,29625.924,0.00940048740759143,-0.009598607310109858,0.0,-0.010598607310109857,-1.1274529554234471,止损,18,True
BTC,1,2023-04-29 04:30:00,2023-04-29 06:15:00,29404.77978,0.002917925118508272,-0.003117341533484488,0.0,-0.0041173415334844875,-1.411051129231648,止损,8,False
BTC,1,2023-04-30 14:45:00,2023-04-30 15:45:00,29353.26948,0.002621097710189962,0.013800025812274505,0.0,0.012800025812274504,4.883459995601168,保本/跟踪,5,False
BTC,-1,2023-05-01 15:30:00,2023-05-01 16:00:00,28093.58016,0.005876848174706887,-0.006078023544341761,-5.66e-06,-0.007072363544341761,-1.2034279828395433,止损,3,False
BTC,-1,2023-05-01 21:00:00,2023-05-01 21:15:00,27658.167260000002,0.00799506315462178,-0.008196662167252702,-0.0,-0.009196662167252703,-1.1502926230090256,止损,2,True
BTC,1,2023-05-03 08:30:00,2023-05-03 10:45:00,28704.2397,0.003997609474257375,-0.004196809952362514,0.0,-0.005196809952362514,-1.2999793966437683,止损,10,False
BTC,1,2023-05-03 22:30:00,2023-05-04 13:15:00,29174.8338,0.009674855616400883,-0.009872920645277497,0.00019992000000000002,-0.011072840645277495,-1.1444967330062,止损,60,True
BTC,1,2023-05-05 01:45:00,2023-05-05 03:30:00,29316.66216,0.004697195668729796,-0.004896256229596063,0.0,-0.005896256229596063,-1.2552715802002166,止损,8,False
BTC,1,2023-05-05 14:45:00,2023-05-06 00:45:00,29339.466719999997,0.0066193105042560195,0.0102172038961149,0.00018548000000000002,0.009031723896114901,1.3644508578813113,保本/跟踪,41,False
BTC,-1,2023-05-08 00:00:00,2023-05-08 00:00:00,28413.8161,0.005238261570417076,-0.005439309222731156,-0.0,-0.006439309222731156,-1.2292836346884548,止损,1,False
BTC,-1,2023-05-08 01:45:00,2023-05-08 02:45:00,28074.384000000002,0.007043557397936302,-0.007244966109415821,-0.0,-0.008244966109415821,-1.1705684561939569,止损,5,False
BTC,-1,2023-05-08 08:00:00,2023-05-08 09:15:00,27952.108460000003,0.005568864555996064,0.005498297746072535,-0.0,0.004498297746072535,0.8077585117830104,保本/跟踪,6,False
BTC,-1,2023-05-08 18:00:00,2023-05-09 01:00:00,27519.495,0.006347814755666198,-0.0065490843186173315,-5.11e-05,-0.007497984318617331,-1.1811914189720907,止损,29,False
BTC,-1,2023-05-09 16:00:00,2023-05-09 16:45:00,27380.32284,0.005620994504931844,-0.005822118703832823,-0.0,-0.006822118703832823,-1.2136853536944603,止损,4,False
BTC,-1,2023-05-10 07:30:00,2023-05-10 11:15:00,27522.4944,0.002905423044465915,-0.0031060041290748405,-4.785e-05,-0.004058154129074841,-1.3967515459769557,止损,16,False
BTC,-1,2023-05-11 03:15:00,2023-05-11 12:30:00,27404.518,0.005362912015134547,-0.005563984597537581,-6.926e-05,-0.006494724597537581,-1.2110444063242083,止损,38,False
BTC,-1,2023-05-11 14:00:00,2023-05-11 19:00:00,27191.5606,0.006650408683103915,0.007338575725981371,-5.207e-05,0.006390645725981372,0.9609403016415369,保本/跟踪,21,False
BTC,-1,2023-05-12 03:00:00,2023-05-12 07:00:00,26626.673600000002,0.0058054150614459095,0.0107899158747303,-0.0,0.009789915874730298,1.68634210837838,保本/跟踪,17,False
BTC,-1,2023-05-12 15:00:00,2023-05-12 19:30:00,26296.83958,0.005574671034580732,0.012048684571110599,-2.762e-05,0.0110763045711106,1.9868983303951393,保本/跟踪,19,False
BTC,-1,2023-05-14 00:45:00,2023-05-14 02:15:00,26669.46504,0.0043119745174027705,-0.0045128369123063165,-0.0,-0.0055128369123063166,-1.2784947800727868,止损,7,False
BTC,1,2023-05-15 01:45:00,2023-05-15 07:45:00,27115.422,0.004935062001281492,0.009469117094263147,0.0,0.008469117094263148,1.7161115892898537,保本/跟踪,25,False
BTC,-1,2023-05-17 11:45:00,2023-05-17 12:00:00,26559.38706,0.004060493252160079,-0.004261305350810472,-0.0,-0.005261305350810472,-1.2957305982497547,止损,2,False
BTC,1,2023-05-21 01:00:00,2023-05-21 01:45:00,27234.445799999998,0.00271772107561252,-0.0029171775313973614,0.0,-0.003917177531397361,-1.4413464157702451,止损,4,False
BTC,-1,2023-05-21 21:15:00,2023-05-22 00:45:00,26750.6488,0.003105373893758328,0.004373815779769362,-3.019e-05,0.0034040057797693614,1.0961661610575368,保本/跟踪,15,False
BTC,1,2023-05-23 03:00:00,2023-05-23 05:30:00,27124.72386,0.003928269145495779,0.00827238597648341,0.0,0.00727238597648341,1.851295241524388,保本/跟踪,11,False
BTC,1,2023-05-23 12:15:00,2023-05-23 12:45:00,27356.37018,0.002856703807337705,-0.003056132466576217,0.0,-0.004056132466576217,-1.4198645502406202,止损,3,False
BTC,-1,2023-05-24 13:45:00,2023-05-24 14:00:00,26615.37586,0.002974834417644521,0.006691224686691283,-0.0,0.005691224686691283,1.9131231818938024,保本/跟踪,2,False
BTC,1,2023-05-28 00:45:00,2023-05-28 05:00:00,26989.69686,0.00317239628478539,0.00580534850911023,0.0,0.00480534850911023,1.5147377810762088,保本/跟踪,18,False
BTC,1,2023-05-28 17:45:00,2023-05-28 18:30:00,27361.27116,0.0032873721479002894,0.008165220054783503,0.0,0.007165220054783503,2.179619383634455,保本/跟踪,4,False
BTC,1,2023-05-28 22:00:00,2023-05-29 00:45:00,27834.0657,0.005015865692893285,0.012804862977354298,0.0001,0.011704862977354298,2.3335678612643678,保本/跟踪,12,False
BTC,-1,2023-05-31 14:30:00,2023-05-31 14:45:00,26885.42184,0.004731204904157389,-0.004932151145138154,-0.0,-0.005932151145138154,-1.2538351784183928,止损,2,False
BTC,-1,2023-06-01 03:00:00,2023-06-01 05:45:00,26699.659,0.005586544646192462,-0.005787661955121634,-0.0,-0.006787661955121634,-1.2150018276051548,止损,12,False
BTC,-1,2023-06-05 03:00:00,2023-06-05 11:15:00,26913.31626,0.004185198313074722,0.005781693607956432,-9.538e-05,0.004877073607956432,1.1653148173935426,保本/跟踪,34,False
BTC,-1,2023-06-05 15:30:00,2023-06-05 16:15:00,26471.104720000003,0.0052755990858083905,0.02169257332000021,-7.856e-05,0.020771133320000208,3.9372084538939913,保本/跟踪,4,False
BTC,1,2023-06-06 23:30:00,2023-06-07 01:00:00,27290.75706,0.006773645366084384,-0.006972290637011207,0.0001,-0.008072290637011207,-1.1917202925073602,止损,7,False
BTC,-1,2023-06-10 04:30:00,2023-06-10 07:15:00,25831.232720000004,0.005967029430332029,0.004601022782004469,-0.0,0.0036010227820044687,0.6034866802733523,保本/跟踪,12,False
BTC,1,2023-06-13 08:45:00,2023-06-13 11:30:00,26159.53086,0.0031255876058668454,-0.00332496248834568,0.0,-0.00432496248834568,-1.3837278085655198,止损,12,False
BTC,1,2023-06-14 02:00:00,2023-06-14 03:30:00,26040.10698,0.003131238076887945,-0.003330611829272506,0.0,-0.004330611829272506,-1.3830349922087648,止损,7,False
BTC,-1,2023-06-14 21:00:00,2023-06-14 21:15:00,24915.11598,0.00980217361864683,-0.010004134053370596,-0.0,-0.011004134053370595,-1.122621826697423,止损,2,True
BTC,-1,2023-06-15 04:30:00,2023-06-15 11:30:00,24991.90062,0.003983316644423406,0.003039149988952498,-6.193e-05,0.002101079988952498,0.5274699895861867,保本/跟踪,29,False
BTC,1,2023-06-16 16:00:00,2023-06-16 21:15:00,25837.56648,0.006561139533049715,0.018581080487372614,0.0,0.017581080487372613,2.6795772897091044,保本/跟踪,22,True
BTC,1,2023-06-17 05:45:00,2023-06-17 07:30:00,26718.3426,0.004599998318513831,-0.004799078318850143,0.0,-0.005799078318850143,-1.2606696605758134,止损,8,False
BTC,1,2023-06-17 21:00:00,2023-06-18 00:15:00,26536.706280000002,0.0029086528689686673,-0.0031080711383948373,3.706e-05,-0.004145131138394837,-1.4251034156112938,止损,14,False
BTC,1,2023-06-19 17:15:00,2023-06-19 18:30:00,26607.02034,0.0038765081522574678,0.009844380605584466,0.0,0.008844380605584467,2.2815328275355182,保本/跟踪,6,False
BTC,1,2023-06-20 01:15:00,2023-06-20 01:30:00,27135.32598,0.005859321495989688,-0.006058149631690409,0.0,-0.007058149631690409,-1.2046018701177668,止损,2,True
BTC,1,2023-06-20 16:30:00,2023-06-20 19:00:00,27193.33758,0.005485587094629675,0.022866015628817578,0.0,0.021866015628817577,3.9860848532008815,保本/跟踪,11,False
BTC,1,2023-06-20 23:30:00,2023-06-21 01:15:00,28332.46536,0.007450920362140983,0.013750865554892263,6.295e-05,0.012687915554892263,1.7028655438811398,保本/跟踪,8,True
BTC,1,2023-06-21 10:30:00,2023-06-21 10:30:00,29044.50774,0.004708689573119665,-0.004907747835205044,0.0,-0.005907747835205044,-1.254647974445035,止损,1,False
BTC,1,2023-06-21 14:00:00,2023-06-21 14:00:00,29302.459319999998,0.00688779942836257,-0.007086421868476833,0.0,-0.008086421868476832,-1.1740211010179211,止损,1,True
BTC,1,2023-06-21 15:30:00,2023-06-21 16:45:00,29919.982799999998,0.00942622053488399,0.01286568072991988,2.551e-05,0.011840170729919882,1.2560888731705873,保本/跟踪,6,True
BTC,1,2023-06-23 16:00:00,2023-06-23 16:15:00,31239.14658,0.010168159172731324,-0.010366125540896743,0.0,-0.011366125540896742,-1.1178154617581213,止损,2,True
BTC,1,2023-06-25 03:30:00,2023-06-25 04:45:00,30705.23982,0.0033447458341399525,0.005880769472104158,0.0,0.004880769472104158,1.4592347861789532,保本/跟踪,6,False
BTC,1,2023-06-27 12:00:00,2023-06-27 13:15:00,30726.24402,0.00479109637065778,-0.0049901381513836095,0.0,-0.0059901381513836095,-1.25026459247807,止损,6,False
BTC,-1,2023-06-28 19:30:00,2023-06-28 21:30:00,30012.29634,0.005444714363815715,-0.0056458033066884225,-0.0,-0.0066458033066884225,-1.220597236625462,止损,9,False
BTC,1,2023-06-30 04:45:00,2023-06-30 04:45:00,31171.733099999998,0.005839060950975483,-0.0060378931387853356,0.0,-0.007037893138785336,-1.205312497655907,止损,1,True
BTC,1,2023-07-03 15:45:00,2023-07-03 16:00:00,31064.11158,0.003526765970680119,-0.003726060617485934,0.0001,-0.004826060617485935,-1.3684096584824577,止损,2,False
BTC,1,2023-07-03 19:00:00,2023-07-03 21:00:00,31207.64028,0.004993225806817427,-0.005192227161655965,0.0,-0.006192227161655965,-1.240125602411471,止损,9,False
BTC,-1,2023-07-05 10:45:00,2023-07-05 14:00:00,30517.795220000004,0.0033529176402672606,0.004458029654638164,-0.0,0.0034580296546381636,1.0313494173279258,保本/跟踪,14,False
BTC,-1,2023-07-06 14:30:00,2023-07-06 15:30:00,30023.194160000003,0.008330510628806815,-0.008532176730932522,-0.0,-0.009532176730932523,-1.1442487928615515,止损,5,True
BTC,-1,2023-07-06 23:00:00,2023-07-06 23:30:00,30141.57048,0.004621303878357626,0.003170143675304565,-0.0,0.002170143675304565,0.46959553676349375,保本/跟踪,3,False
BTC,-1,2023-07-07 08:00:00,2023-07-07 09:15:00,29986.901420000002,0.004302555497634464,-0.004503416008733984,-0.0,-0.005503416008733984,-1.2791040142909837,止损,6,False
BTC,-1,2023-07-09 22:15:00,2023-07-09 22:15:00,30066.4855,0.0024109334552694667,-0.002611415641960476,-0.0,-0.003611415641960476,-1.4979325265353842,止损,1,False
BTC,-1,2023-07-10 00:15:00,2023-07-10 00:30:00,30011.4965,0.002964080216574138,-0.0031646730326173947,-0.0,-0.004164673032617395,-1.4050473429598653,止损,2,False
BTC,1,2023-07-10 19:00:00,2023-07-10 20:15:00,30525.40386,0.0036228694994052337,0.010288764667094687,0.0,0.009288764667094686,2.5639247200650264,保本/跟踪,6,False
BTC,1,2023-07-12 06:30:00,2023-07-12 10:45:00,30735.44586,0.0026157469362981843,-0.002815223786910964,6.479e-05,-0.0038800137869109638,-1.4833291910118702,止损,18,False
BTC,1,2023-07-13 15:30:00,2023-07-13 16:00:00,30808.56048,0.004375655348427999,0.003270403369394996,5.29e-06,0.0022651133693949964,0.517662655997064,保本/跟踪,3,False
BTC,1,2023-07-13 18:15:00,2023-07-13 18:30:00,31396.17798,0.00765580222506194,-0.007854271064616914,0.0,-0.008854271064616913,-1.1565438610249987,止损,2,True
BTC,-1,2023-07-17 10:30:00,2023-07-17 11:00:00,30106.9774,0.0027734114747247395,-0.0029739661570196115,-0.0,-0.0039739661570196115,-1.4328801165049,止损,3,False
BTC,-1,2023-07-17 17:15:00,2023-07-17 17:30:00,30006.89742,0.003873066054926495,-0.004073840668137531,-0.0,-0.005073840668137531,-1.3100320511403787,止损,2,False
BTC,-1,2023-07-17 18:45:00,2023-07-17 21:15:00,29838.63108,0.005095369997007344,-0.005296389071006651,-0.0,-0.006296389071006651,-1.235707922036025,止损,11,False
BTC,-1,2023-07-18 12:45:00,2023-07-18 14:00:00,29760.0468,0.003892958220710923,-0.004093736812355079,-0.0,-0.005093736812355079,-1.3084488770662617,止损,6,False
BTC,1,2023-07-20 09:00:00,2023-07-20 13:00:00,30259.0506,0.0031131277668968987,-0.0033125051413434676,0.0,-0.004312505141343468,-1.3852644235164442,止损,17,False
BTC,-1,2023-07-20 18:30:00,2023-07-20 18:30:00,29583.78206,0.005137999033287936,-0.005339026633094601,-0.0,-0.006339026633094601,-1.233753955971085,止损,1,False
BTC,1,2023-07-23 19:00:00,2023-07-23 19:15:00,30244.847759999997,0.0026459467223779614,-0.0028454175330334935,0.0,-0.0038454175330334935,-1.4533238710027938,止损,2,False
BTC,-1,2023-07-24 09:45:00,2023-07-24 10:00:00,29681.5625,0.002436696437339371,0.017308054452995884,-0.0,0.016308054452995883,6.692690235474161,保本/跟踪,2,False
BTC,-1,2023-07-25 01:15:00,2023-07-25 02:30:00,29054.188000000002,0.0023083605032603056,-0.0025088221753609033,-0.0,-0.0035088221753609033,-1.5200494768495119,止损,6,False
BTC,-1,2023-08-01 02:15:00,2023-08-01 15:45:00,28902.01844,0.004265351333812034,4.980551801215004e-05,-6.768e-05,-0.00088251448198785,-0.20690311604393166,保本/跟踪,55,False
BTC,1,2023-08-02 01:15:00,2023-08-02 03:15:00,29894.9778,0.005346613423092479,-0.005545544100407912,0.0,-0.006545544100407912,-1.2242411377896052,止损,9,True
BTC,-1,2023-08-04 18:45:00,2023-08-04 21:00:00,29020.49474,0.0026025667265926603,0.0021572450973314644,-0.0,0.0011572450973314644,0.4446553033614458,保本/跟踪,10,False
BTC,-1,2023-08-07 15:45:00,2023-08-07 16:30:00,28865.2258,0.0030453820820987854,-0.0018658042162275367,-0.0001,-0.002765804216227537,-0.9081961283233886,保本/跟踪,4,False
BTC,1,2023-08-08 12:00:00,2023-08-08 12:00:00,29433.98562,0.0023041716709945245,-0.0025037108366603874,0.0,-0.0035037108366603874,-1.5205945289432878,止损,1,False
BTC,1,2023-08-08 16:45:00,2023-08-08 21:30:00,29707.04022,0.004274808624891934,0.007142237611983892,0.0,0.0061422376119838916,1.4368450499089105,保本/跟踪,20,False
BTC,-1,2023-08-14 02:15:00,2023-08-14 02:30:00,29146.1696,0.0023914624731572157,-0.002591940765651781,-0.0,-0.003591940765651781,-1.5019850012154656,止损,2,False
BTC,1,2023-08-14 15:30:00,2023-08-14 17:15:00,29640.12684,0.00271381641240142,-0.0029132736491189275,0.0001,-0.004013273649118927,-1.47883019307398,止损,8,False
BTC,-1,2023-08-16 16:15:00,2023-08-16 17:00:00,29007.397360000003,0.0026492749242953252,-0.0028498047792802138,-0.0,-0.0038498047792802138,-1.4531541230301777,止损,4,False
BTC,-1,2023-08-16 23:45:00,2023-08-17 00:45:00,28733.352179999998,0.0038979485075708786,0.007609277398675487,-0.0001,0.006709277398675487,1.721232947445109,保本/跟踪,5,False
BTC,-1,2023-08-17 08:30:00,2023-08-17 12:30:00,28567.08544,0.0023796878228139464,0.0009759592329656842,-0.0,-2.4040767034315858e-05,-0.010102487731305865,保本/跟踪,17,False
BTC,-1,2023-08-17 13:45:00,2023-08-17 15:15:00,28416.51556,0.003113832165213436,-0.0014700943861957025,-0.0,-0.0024700943861957025,-0.7932651007304343,保本/跟踪,7,False
BTC,-1,2023-08-17 15:45:00,2023-08-17 21:00:00,28030.19284,0.006142743760484863,0.010784015598945387,-0.0001,0.009884015598945386,1.6090554944725897,保本/跟踪,22,True
BTC,-1,2023-08-17 21:45:00,2023-08-17 21:45:00,24798.0394,0.01982334635004418,-0.020027311019314122,-0.0,-0.021027311019314123,-1.0607346836406992,止损,1,True
BTC,-1,2023-08-18 04:30:00,2023-08-18 05:30:00,26193.160320000003,0.01059412160128749,-0.010796240425607735,-0.0,-0.011796240425607736,-1.1134703630524831,止损,5,True
BTC,-1,2023-08-18 13:00:00,2023-08-18 15:00:00,26312.7364,0.004822653236052216,0.005361491625429244,-0.0,0.004361491625429244,0.9043759548840227,保本/跟踪,9,True
BTC,-1,2023-08-18 17:00:00,2023-08-18 17:30:00,25884.3221,0.008351669724968903,-0.008553340058913946,-0.0,-0.009553340058913947,-1.1438838428143803,止损,3,True
BTC,-1,2023-08-19 06:45:00,2023-08-19 08:00:00,25839.3311,0.0033117769680059716,-0.0035124393233995845,3.22e-06,-0.004515659323399585,-1.3635155286796,止损,6,False
BTC,-1,2023-08-21 07:00:00,2023-08-21 10:15:00,26016.59564,0.0024898278383498076,0.0019049266953708919,-8.16e-06,0.0009130866953708919,0.36672684002764694,保本/跟踪,14,False
BTC,-1,2023-08-21 15:30:00,2023-08-21 15:30:00,25847.729420000003,0.004431023631698903,-0.0046319098364253335,-0.0,-0.0056319098364253336,-1.271017783822109,止损,1,False
BTC,-1,2023-08-22 16:15:00,2023-08-22 16:30:00,25871.524660000003,0.0028569502676954648,-0.003057521657749059,-0.0,-0.004057521657749059,-1.4202283125572308,止损,2,False
BTC,-1,2023-08-22 21:30:00,2023-08-22 22:30:00,25615.075960000002,0.006849561962102473,-0.007050931874494886,-0.0,-0.008050931874494887,-1.175393684886625,止损,5,True
BTC,-1,2023-08-23 12:45:00,2023-08-23 13:45:00,25852.3285,0.002848631415962608,-0.003049201142245757,-0.0,-0.004049201142245757,-1.4214549202664934,止损,5,False
BTC,1,2023-08-23 17:15:00,2023-08-23 20:00:00,26494.597859999998,0.005780506809738412,0.0031382320797013366,0.0,0.0021382320797013366,0.3699039115565195,保本/跟踪,12,True
BTC,-1,2023-08-25 06:45:00,2023-08-25 07:00:00,25979.603039999998,0.002332436970383114,-0.0025329034577770706,-0.0,-0.0035329034577770706,-1.5146833559222714,止损,2,False
BTC,1,2023-08-30 08:45:00,2023-08-30 09:15:00,27484.395780000003,0.002903044428635789,-0.003102463819750065,0.0,-0.004102463819750065,-1.4131591577735214,止损,3,False
BTC,1,2023-08-31 11:45:00,2023-08-31 11:45:00,27462.19134,0.0035152408881296855,-0.0037145378399519985,0.0,-0.004714537839951998,-1.341170630972152,止损,1,False
BTC,-1,2023-08-31 19:15:00,2023-08-31 21:15:00,26111.7766,0.00833221256136577,0.0068710926753638565,-0.0,0.0058710926753638565,0.7046258880368145,保本/跟踪,9,True
BTC,-1,2023-09-01 14:45:00,2023-09-01 15:15:00,25837.531460000002,0.0038038218286421117,0.002042592191196982,-0.0,0.001042592191196982,0.27409070092254206,保本/跟踪,3,False
BTC,-1,2023-09-01 17:30:00,2023-09-01 18:00:00,25360.22694,0.007123916731061824,-0.007325341514408094,-0.0,-0.008325341514408094,-1.1686466628824839,止损,3,True
BTC,-1,2023-09-04 15:15:00,2023-09-04 15:30:00,25774.444079999997,0.002777636483681758,-0.002978192010978502,-0.0,-0.003978192010978502,-1.4322219751756025,止损,2,False
BTC,-1,2023-09-04 21:15:00,2023-09-04 23:30:00,25753.14834,0.003026783760072259,-0.0032273891168242514,-0.0,-0.0042273891168242515,-1.396660432961795,止损,10,False
BTC,-1,2023-09-05 03:15:00,2023-09-05 04:00:00,25607.67744,0.003197636265917138,-0.0033982757931703073,-0.0,-0.004398275793170307,-1.3754772048498785,止损,4,False
BTC,-1,2023-09-06 17:15:00,2023-09-06 17:15:00,25503.79822,0.004148804838305105,-0.004349634599272779,-0.0,-0.005349634599272779,-1.2894399249346817,止损,1,False
BTC,1,2023-09-07 21:00:00,2023-09-07 21:15:00,25996.6983,0.0035410653185330683,0.007746634934399176,0.0,0.006746634934399176,1.9052557147389915,保本/跟踪,2,False
BTC,-1,2023-09-11 10:30:00,2023-09-11 10:45:00,25623.774220000003,0.003326792900451427,-0.0035274582590314562,-0.0,-0.004527458259031456,-1.3609077554593512,止损,2,False
BTC,-1,2023-09-11 14:15:00,2023-09-11 16:00:00,25359.22714,0.0052124917313161045,0.007166891907969792,-1.838e-05,0.006185271907969792,1.1866247903683618,保本/跟踪,8,True
BTC,1,2023-09-13 14:45:00,2023-09-13 17:30:00,26285.55606,0.005633440502204567,-0.00583231381410407,3.099e-05,-0.00686330381410407,-1.2183147778729915,止损,12,True
BTC,1,2023-09-14 01:00:00,2023-09-14 01:00:00,26519.20278,0.0040451889280291985,-0.004244379890243506,0.0,-0.005244379890243506,-1.2964486909140605,止损,1,False
BTC,1,2023-09-14 12:00:00,2023-09-14 12:30:00,26436.886319999998,0.002782911457712813,-0.0018218908012461372,0.0,-0.0028218908012461372,-1.0140066775841154,保本/跟踪,3,False
BTC,1,2023-09-14 13:30:00,2023-09-14 13:45:00,26653.8297,0.0048206808041917,-0.005019716668030973,0.0,-0.006019716668030973,-1.2487274956675585,止损,2,True
BTC,1,2023-09-15 22:45:00,2023-09-15 23:45:00,26708.640659999997,0.003616644169154934,-0.003815920840321005,0.0,-0.004815920840321005,-1.3315992989839236,止损,5,False
BTC,1,2023-09-18 09:45:00,2023-09-18 13:45:00,26821.06314,0.0033132267388561133,0.014123938732857956,0.0,0.013123938732857957,3.961074736885945,保本/跟踪,17,False
BTC,1,2023-09-19 08:45:00,2023-09-19 08:45:00,26984.3958,0.0025109676958250354,-0.0027104655022858635,0.0,-0.0037104655022858635,-1.4777034003484883,止损,1,False
BTC,1,2023-09-19 15:30:00,2023-09-19 17:00:00,27321.4632,0.006644792207593431,-0.006843463249151945,-1.756e-05,-0.007825903249151944,-1.1777498836169447,止损,7,True
BTC,-1,2023-09-21 11:00:00,2023-09-21 11:15:00,26631.37266,0.004263654985020748,-0.0044645077160177194,-0.0,-0.0054645077160177195,-1.2816486641662748,止损,2,False
BTC,-1,2023-09-21 13:45:00,2023-09-21 14:15:00,26397.31948,0.004985556190467494,-0.0051865533017056275,-0.0,-0.0061865533017056275,-1.240895311446789,止损,3,True
BTC,-1,2023-09-24 23:30:00,2023-09-25 00:30:00,26222.7544,0.004052877003300975,0.0031013422924446115,1.26e-05,0.0020887422924446113,0.5153727317022893,保本/跟踪,5,False
BTC,-1,2023-09-25 06:15:00,2023-09-25 06:15:00,26033.89218,0.003547244856468395,-0.0037479543054395725,-0.0,-0.0047479543054395725,-1.3384907153453718,止损,1,False
BTC,1,2023-09-27 12:00:00,2023-09-27 13:45:00,26761.05114,0.003869485855290423,-0.004068711958119439,0.0,-0.005068711958119439,-1.3099187198706037,止损,8,False
BTC,1,2023-09-28 00:30:00,2023-09-28 00:30:00,26530.50504,0.00329051953020245,-0.003489861426296324,0.0,-0.004489861426296324,-1.364484053379888,止损,1,False
BTC,1,2023-09-28 14:45:00,2023-09-28 16:45:00,26785.15596,0.004481444620574774,0.010422520032382334,-4.732e-05,0.009469840032382333,2.113122181384396,保本/跟踪,9,True
BTC,1,2023-09-29 07:45:00,2023-09-29 08:30:00,27144.62784,0.0033151227394545256,-0.0035144597149066796,-2.567e-05,-0.004488789714906679,-1.3540342447909697,止损,4,False
BTC,1,2023-10-01 22:00:00,2023-10-01 22:30:00,27169.532819999997,0.0022950626878635435,0.025289162848402786,0.0,0.024289162848402785,10.583224143220848,保本/跟踪,3,False
BTC,1,2023-10-02 03:45:00,2023-10-02 05:30:00,28095.1179,0.005232672989084516,-0.005431626454486671,0.0,-0.006431626454486671,-1.229128299800733,止损,8,True
BTC,1,2023-10-02 07:45:00,2023-10-02 14:15:00,28302.459359999997,0.005044281707640996,-0.002134404619457597,7.28e-06,-0.0031416846194575973,-0.6228210083308044,保本/跟踪,27,True
BTC,1,2023-10-05 13:15:00,2023-10-05 13:30:00,27844.76784,0.002732518673324813,0.00333373554654406,0.0,0.00233373554654406,0.8540602372917984,保本/跟踪,2,False
BTC,1,2023-10-06 21:45:00,2023-10-06 23:00:00,28100.118899999998,0.00617724546973518,-0.0063760100206412245,0.0,-0.0073760100206412245,-1.1940613428395028,止损,6,True
BTC,-1,2023-10-09 10:00:00,2023-10-09 17:15:00,27525.4938,0.0035085909000434437,0.002898029633297951,-7.838e-05,0.0019764096332979507,0.5633058084011672,保本/跟踪,30,False
BTC,-1,2023-10-10 01:00:00,2023-10-10 02:30:00,27532.9923,0.0028173488709824696,-0.0030179123407566406,-0.0,-0.00401791234075664,-1.4261323409888915,止损,7,False
BTC,-1,2023-10-10 12:00:00,2023-10-10 14:00:00,27488.5012,0.0023197799083141003,0.0018987002139218326,-0.0,0.0008987002139218326,0.38740753409445766,保本/跟踪,9,False
BTC,-1,2023-10-11 04:00:00,2023-10-11 04:15:00,26995.299860000003,0.0038129183539389235,-0.004013680937609682,-0.0,-0.005013680937609682,-1.3149195634966362,止损,2,False
BTC,-1,2023-10-11 15:30:00,2023-10-11 18:45:00,26808.037320000003,0.004799959720482904,0.003591461160729955,-6.319e-05,0.002654651160729955,0.5530569661661414,保本/跟踪,14,True
BTC,1,2023-10-15 20:45:00,2023-10-15 21:00:00,27179.834880000002,0.0036307728770906774,-0.003830046722515184,0.0,-0.004830046722515184,-1.330308142652393,止损,2,False
BTC,1,2023-10-16 05:15:00,2023-10-16 05:30:00,27280.454999999998,0.0028413901740873835,0.017294192490557848,0.0,0.016294192490557847,5.734584654777771,保本/跟踪,2,False
BTC,1,2023-10-16 13:15:00,2023-10-16 13:30:00,27920.583,0.003991464511930168,0.04282401342844949,0.0,0.04182401342844949,10.47836284237048,保本/跟踪,2,False
BTC,1,2023-10-16 19:00:00,2023-10-16 21:00:00,28542.50736,0.010054461116919067,-0.010252450224695711,0.0,-0.01125245022469571,-1.1191500065339888,止损,9,True
BTC,1,2023-10-18 05:00:00,2023-10-18 07:00:00,28722.54336,0.005029206311034459,-0.005228200469772204,0.0,-0.006228200469772204,-1.2384062383973116,止损,9,True
BTC,1,2023-10-19 15:00:00,2023-10-19 17:30:00,28671.233099999998,0.004763971925694753,-0.004963019131309674,-0.00011006,-0.005852959131309674,-1.228588082087849,止损,11,True
BTC,1,2023-10-20 02:45:00,2023-10-20 03:00:00,28902.379319999996,0.003947703630982228,0.0020526746031234314,0.0,0.0010526746031234314,0.26665492182895084,保本/跟踪,2,False
BTC,1,2023-10-20 03:30:00,2023-10-20 05:30:00,29292.95742,0.00589294106390738,-0.006091762475694609,0.0,-0.007091762475694609,-1.2034334636620883,止损,9,True
BTC,1,2023-10-20 08:30:00,2023-10-20 10:45:00,29595.017819999997,0.0066073575140903,0.010455723401708753,0.0,0.009455723401708752,1.431090020714675,保本/跟踪,10,True
BTC,1,2023-10-21 10:00:00,2023-10-21 10:00:00,29835.66594,0.0027985013211236677,-0.002997941620859434,0.0,-0.003997941620859434,-1.4286009410401712,止损,1,False
BTC,1,2023-10-21 17:45:00,2023-10-21 18:15:00,30068.21244,0.004100811844988959,-0.0029270007379261155,0.0,-0.003927000737926116,-0.9576154396658715,保本/跟踪,3,False
BTC,1,2023-10-22 06:00:00,2023-10-22 07:00:00,30109.320659999998,0.003663592534747893,-0.003862859816240825,0.0,-0.0048628598162408256,-1.327347342838567,止损,5,False
BTC,1,2023-10-23 01:00:00,2023-10-23 01:30:00,30113.32146,0.004104142280793846,0.004728352019257385,0.0,0.0037283520192573846,0.9084363465430896,保本/跟踪,3,False
BTC,1,2023-10-23 04:00:00,2023-10-23 07:45:00,30730.04478,0.006738635429210208,-0.0069372877021243,0.0,-0.007937287702124301,-1.1778775963629449,止损,16,True
BTC,1,2023-10-23 15:15:00,2023-10-23 17:15:00,30881.475059999997,0.00595678225875893,0.002586904010480576,6.48e-06,0.0015804240104805762,0.26531505464325145,保本/跟踪,9,True
BTC,1,2023-10-23 22:30:00,2023-10-23 22:45:00,32185.63584,0.010608902984227047,0.05682845195579038,0.0,0.05582845195579038,5.262415165714514,保本/跟踪,2,True
BTC,1,2023-10-24 11:15:00,2023-10-24 13:00:00,34691.13684,0.009944839628231809,-0.010142850660306148,0.0,-0.01114285066030615,-1.1204655959130179,止损,8,True
BTC,1,2023-10-25 13:15:00,2023-10-25 13:30:00,34527.50412,0.006584604338141382,-0.006783287417273746,0.0,-0.007783287417273746,-1.182043296388969,止损,2,True
BTC,1,2023-10-25 15:00:00,2023-10-25 16:30:00,34772.35308,0.007754812524954068,-0.007953261562449042,0.0001,-0.009053261562449042,-1.1674378372548297,止损,7,True
BTC,1,2023-10-28 11:30:00,2023-10-28 11:30:00,34332.8652,0.002943936104196841,-0.0031433473169760746,0.0,-0.004143347316976074,-1.407417542476335,止损,1,False
BTC,1,2023-10-29 11:30:00,2023-10-29 13:15:00,34311.16086,0.0023774072155611733,0.0017039306900325233,0.0,0.0007039306900325233,0.2960917614050248,保本/跟踪,8,False
BTC,1,2023-10-29 17:45:00,2023-10-29 19:15:00,34670.73276,0.003631073374936431,-0.0038303471602614504,0.0,-0.00483034716026145,-1.3302807906893412,止损,7,False
BTC,1,2023-10-30 12:30:00,2023-10-30 12:30:00,34842.66714,0.004613613943744184,-0.004812691220955392,0.0,-0.005812691220955392,-1.2598997861182324,止损,1,False
BTC,1,2023-11-01 20:30:00,2023-11-01 21:00:00,34817.4621,0.0067383267224731475,0.010877266177564742,0.0,0.009877266177564743,1.465833668264088,保本/跟踪,3,True
BTC,1,2023-11-02 02:45:00,2023-11-02 04:00:00,35756.44986,0.007020959756019231,-0.007219555564068134,0.0,-0.008219555564068134,-1.170716803642311,止损,6,True
BTC,-1,2023-11-03 10:15:00,2023-11-03 12:30:00,34176.46334,0.005610041652630563,-0.005811163660961036,-0.0,-0.006811163660961036,-1.2141021551537436,止损,10,True
BTC,1,2023-11-04 22:30:00,2023-11-04 23:15:00,34954.58952,0.0022642324150153256,0.004325147722797019,0.0,0.003325147722797019,1.4685540674827378,保本/跟踪,4,False
BTC,1,2023-11-05 04:00:00,2023-11-05 04:30:00,35299.45848,0.0036179342373466516,-0.003817210650499278,0.0,-0.004817210650499278,-1.3314809873471225,止损,3,False
BTC,1,2023-11-06 10:45:00,2023-11-06 11:00:00,35234.84556,0.0034636060799706167,-0.003662913358754598,0.0,-0.004662913358754598,-1.3462597221200616,止损,2,False
BTC,1,2023-11-07 21:00:00,2023-11-07 22:00:00,35645.727719999995,0.007166721085428972,-0.007365287741211864,0.0,-0.008365287741211865,-1.1672405890358648,止损,5,True
BTC,1,2023-11-08 19:15:00,2023-11-08 19:15:00,35721.54288,0.00448266439264359,-0.004681767859764995,0.0,-0.005681767859764995,-1.2674979347303423,止损,1,False
BTC,1,2023-11-09 02:30:00,2023-11-09 14:15:00,36392.57706,0.009147174302394737,0.033907907042843424,0.0001,0.03280790704284342,3.5866712449389193,保本/跟踪,48,True
BTC,1,2023-11-10 13:00:00,2023-11-10 13:45:00,37209.54042,0.006120966036285149,-0.006319741843077897,0.0,-0.007319741843077897,-1.195847485460039,止损,4,True
BTC,1,2023-11-10 16:45:00,2023-11-10 17:30:00,37376.273760000004,0.005294571376336293,-0.005493512462060942,0.0,-0.006493512462060942,-1.22644724199644,止损,4,True
BTC,1,2023-11-11 14:30:00,2023-11-11 15:30:00,37242.04692,0.0028877973166226366,-0.003087219757159373,0.0,-0.004087219757159373,-1.4153416285944527,止损,5,False
BTC,1,2023-11-13 01:30:00,2023-11-13 01:30:00,37347.66804,0.003778026712474083,-0.003977271107131517,0.0,-0.004977271107131517,-1.3174261290154021,止损,1,False
BTC,-1,2023-11-13 21:15:00,2023-11-14 06:15:00,36532.692,0.004941121671313081,-0.005142109895647399,-0.00017382,-0.005968289895647399,-1.2078815889715486,止损,37,False
BTC,-1,2023-11-14 11:15:00,2023-11-14 13:30:00,36397.41906,0.0038424008039825174,-0.004043169284143351,-0.0,-0.005043169284143351,-1.3125047441475335,止损,10,False
BTC,-1,2023-11-14 19:00:00,2023-11-14 23:00:00,35235.351520000004,0.011939794502792301,-0.012142182461692809,-0.0,-0.013142182461692808,-1.100704242323376,止损,17,True
BTC,1,2023-11-19 08:30:00,2023-11-19 09:00:00,36692.43702,0.002290672115212383,-0.0024902139807894148,0.0,-0.003490213980789415,-1.5236637132005313,止损,3,False
BTC,1,2023-11-19 18:45:00,2023-11-19 20:15:00,36809.26038,0.0028867108485218164,0.001543384610965808,0.0,0.000543384610965808,0.1882365915672005,保本/跟踪,7,False
BTC,1,2023-11-19 23:15:00,2023-11-20 00:15:00,37407.37998,0.004542135363884364,-0.00474122693681156,0.0001,-0.00584122693681156,-1.286008995517085,止损,5,False
BTC,-1,2023-11-21 23:30:00,2023-11-22 04:00:00,36112.776,0.008296460425447929,-0.008498119717532917,-0.0001,-0.009398119717532918,-1.132786662696039,止损,19,True
BTC,1,2023-11-23 09:45:00,2023-11-23 10:30:00,37551.40878,0.0029212741663644315,-0.0031206899115312093,0.0,-0.004120689911531209,-1.410579656978745,止损,4,False
BTC,1,2023-11-24 09:45:00,2023-11-24 09:45:00,37720.042499999996,0.003113201083087692,-0.003312578442870887,0.0,-0.004312578442870887,-1.3852553457914272,止损,1,False
BTC,1,2023-11-24 15:30:00,2023-11-24 16:30:00,38295.55758,0.006620722644693165,-0.006819398500164234,0.0001,-0.007919398500164234,-1.1961531882795335,止损,5,True
BTC,-1,2023-11-27 02:45:00,2023-11-27 04:45:00,37230.65238,0.003920481278956258,-0.004121265375211944,-0.0,-0.005121265375211944,-1.3062848693350648,止损,9,False
BTC,1,2023-11-28 19:45:00,2023-11-28 20:15:00,38293.75722,0.0063346573438373055,-0.00653339041236846,0.0,-0.00753339041236846,-1.1892340822029381,止损,3,True
BTC,1,2023-11-29 09:00:00,2023-11-29 09:30:00,38343.1671,0.003961331956777682,-0.004160539690386302,0.0,-0.005160539690386302,-1.302728412234381,止损,3,False
BTC,1,2023-11-30 04:15:00,2023-11-30 04:30:00,38133.32513999999,0.003282942992734334,-0.003482286404135923,0.0,-0.004482286404135923,-1.3653256891928747,止损,2,False
BTC,1,2023-12-01 03:00:00,2023-12-01 06:00:00,37985.49558,0.0032256308804061687,0.001953522775878793,0.0,0.0009535227758787931,0.29560814960908555,保本/跟踪,13,False
BTC,1,2023-12-01 07:15:00,2023-12-01 09:30:00,38302.1589,0.003302106915362891,0.005893576132341209,0.0001,0.004793576132341209,1.4516719946405523,保本/跟踪,10,False
BTC,1,2023-12-01 16:30:00,2023-12-02 16:30:00,38787.756,0.004855753290126829,-0.0008071835864906737,0.00025464,-0.0020618235864906737,-0.4246145681830595,超时,97,False
BTC,1,2023-12-02 19:15:00,2023-12-02 19:15:00,39443.78718,0.005154535730125669,-0.005353504822979502,0.0,-0.006353504822979502,-1.2326046720069204,止损,1,False
BTC,1,2023-12-04 01:30:00,2023-12-04 07:30:00,40669.23222,0.006657103903645138,0.017471692044560366,0.0,0.016471692044560365,2.4743029826440277,保本/跟踪,25,True
BTC,1,2023-12-04 10:45:00,2023-12-04 11:00:00,41890.27638,0.006445673049287693,-0.006644383914677855,0.0,-0.007644383914677855,-1.185971403796634,止损,2,True
BTC,1,2023-12-04 20:00:00,2023-12-04 20:45:00,42009.30018,0.006102691083747563,-0.006301470545530884,0.0,-0.007301470545530884,-1.1964345639214577,止损,4,True
BTC,1,2023-12-04 22:15:00,2023-12-04 22:45:00,42327.663839999994,0.006470758071818694,-0.006669463920204207,0.0,-0.007669463920204207,-1.1852496778709887,止损,3,True
BTC,1,2023-12-05 14:30:00,2023-12-05 16:00:00,42126.4236,0.004833110333288975,0.0015420756322569286,0.0001,0.0004420756322569286,0.09146814406698887,保本/跟踪,7,False
BTC,1,2023-12-05 16:45:00,2023-12-05 17:15:00,42713.0409,0.007260529647991099,0.004883838339980369,0.0,0.003883838339980369,0.5349249336176156,保本/跟踪,3,True
BTC,1,2023-12-05 17:30:00,2023-12-05 17:30:00,43780.7544,0.0109762063208994,-0.01117401107963523,0.0,-0.012174011079635231,-1.1091273909870967,止损,1,True
BTC,1,2023-12-05 22:30:00,2023-12-05 23:00:00,44437.28568,0.01009939835720387,-0.010297378477532497,0.0,-0.011297378477532496,-1.118618959066419,止损,3,True
BTC,1,2023-12-07 02:45:00,2023-12-07 06:45:00,43993.797,0.0035875254491199416,-0.003786807944030094,0.0,-0.004786807944030094,-1.3342924006864814,止损,17,False
BTC,1,2023-12-08 12:45:00,2023-12-08 13:30:00,43797.05766,0.004346909277805383,-0.004546039895949845,0.0,-0.005546039895949845,-1.2758582113197137,止损,4,False
BTC,1,2023-12-08 14:45:00,2023-12-08 17:00:00,43968.792,0.004963125764912358,-0.005162133139759458,0.00020242,-0.006364553139759458,-1.2823678949976896,止损,10,False
BTC,1,2023-12-08 20:45:00,2023-12-08 21:30:00,44256.94962,0.004210919673385663,0.004549873244442108,0.0,0.0035498732444421083,0.8430161389395348,保本/跟踪,4,False
BTC,1,2023-12-09 05:30:00,2023-12-09 06:45:00,44382.57474,0.002981434436459796,-0.0031808381495725437,0.0,-0.004180838149572544,-1.4022908229828255,止损,6,False
BTC,-1,2023-12-11 01:15:00,2023-12-11 02:15:00,43400.21822,0.003831428825521945,0.038243397569718535,-0.0,0.037243397569718534,9.720498348196502,保本/跟踪,5,False
BTC,-1,2023-12-11 14:00:00,2023-12-11 16:30:00,42011.69598,0.005343633698731527,0.005039264115936648,-0.0001,0.0041392641159366484,0.7746159915338561,保本/跟踪,11,False
BTC,-1,2023-12-11 18:00:00,2023-12-11 19:00:00,41371.12412,0.007246868296862,0.0065537412948268176,-0.0,0.0055537412948268175,0.7663643200514171,保本/跟踪,5,True
BTC,-1,2023-12-12 17:30:00,2023-12-12 18:15:00,40912.815800000004,0.007481213683564205,-0.00768270992630083,-0.0,-0.00868270992630083,-1.1606017811489924,止损,4,True
BTC,1,2023-12-13 22:00:00,2023-12-14 00:30:00,43009.200119999994,0.007198950883490322,-0.007397511093313625,0.0001,-0.008497511093313623,-1.180381868252685,止损,11,True
BTC,-1,2023-12-16 00:30:00,2023-12-16 01:15:00,41890.92014,0.004996430610438036,-0.00519742989656017,-0.0,-0.00619742989656017,-1.2403714530955616,止损,4,False
BTC,-1,2023-12-17 01:45:00,2023-12-17 06:00:00,42095.67918,0.0033838987633358457,0.0026531894292499453,-0.0,0.0016531894292499453,0.4885457706838227,保本/跟踪,18,False
BTC,-1,2023-12-17 08:15:00,2023-12-17 08:45:00,41741.74998,0.004253203200104657,-0.004454053840744513,-0.0,-0.0054540538407445134,-1.2823402936897788,止损,3,False
BTC,-1,2023-12-17 14:30:00,2023-12-17 16:30:00,41781.54202,0.0035613615975185874,-0.003762073869838063,-0.0001,-0.004662073869838063,-1.3090706299204233,止损,9,False
BTC,-1,2023-12-17 22:45:00,2023-12-17 22:45:00,41652.26788,0.004602005077674581,-0.004802925478690032,-0.0,-0.005802925478690032,-1.2609559052512567,止损,1,False
BTC,-1,2023-12-18 00:15:00,2023-12-18 11:00:00,41239.2505,0.0056238808776797175,0.008121362910024549,-0.0001,0.007221362910024549,1.2840533196008794,保本/跟踪,44,False
BTC,1,2023-12-19 02:00:00,2023-12-19 03:15:00,43354.769219999995,0.0074625468455068135,-0.007661054336137804,0.0,-0.008661054336137803,-1.1606030106668757,止损,6,True
BTC,1,2023-12-19 10:45:00,2023-12-19 11:45:00,43238.145899999996,0.0046744757306020545,-0.004873540835455996,0.0,-0.005873540835455996,-1.256513280623987,止损,5,False
BTC,1,2023-12-20 06:30:00,2023-12-20 08:45:00,42998.39796,0.004835942050623289,-0.00503497486221305,0.0001,-0.006134974862213051,-1.2686204255533489,止损,10,False
BTC,1,2023-12-20 13:15:00,2023-12-20 16:15:00,43206.53958,0.00488803775252346,0.016328819716217597,0.00023637,0.015092449716217596,3.087629531589867,保本/跟踪,13,False
BTC,1,2023-12-24 04:15:00,2023-12-24 04:30:00,43968.391919999995,0.0026751210583667506,-0.0028745860341550865,0.0,-0.0038745860341550865,-1.448377830243185,止损,2,False
BTC,-1,2023-12-24 22:15:00,2023-12-24 22:30:00,43050.28822,0.004495037319595256,-0.0011249587866289565,-0.0,-0.0021249587866289566,-0.47273440364234687,保本/跟踪,2,False
BTC,-1,2023-12-26 05:15:00,2023-12-26 07:15:00,43256.54696,0.003542037072897282,0.009229503286534246,-0.0,0.008229503286534247,2.3233814658531386,保本/跟踪,9,False
BTC,-1,2023-12-26 10:00:00,2023-12-26 10:45:00,42440.510200000004,0.005365750257875816,-0.005566823407927458,-0.0,-0.006566823407927458,-1.223840673219689,止损,4,False
BTC,-1,2023-12-26 16:00:00,2023-12-26 17:45:00,42414.61538,0.0052192448954979575,0.009204662508482666,-0.0,0.008204662508482667,1.5720018264634192,保本/跟踪,8,False
BTC,1,2023-12-27 22:15:00,2023-12-27 22:30:00,43664.93124,0.00555413562088672,-0.00575302479376256,0.0,-0.00675302479376256,-1.21585522117381,止损,2,False
BTC,-1,2023-12-28 16:30:00,2023-12-28 16:45:00,42361.92592,0.005577708297756763,-0.005778823839416265,-0.0,-0.006778823839416265,-1.2153421221655794,止损,2,False
BTC,-1,2023-12-30 08:45:00,2023-12-30 11:00:00,41792.93974,0.0036144847014558286,-0.003815207598396072,-0.0,-0.0048152075983960724,-1.3321975319072787,止损,10,False
BTC,1,2024-01-01 10:45:00,2024-01-01 11:30:00,42764.35116,0.0028840767413449097,-0.003083499925996718,0.0,-0.004083499925996718,-1.4158776940493234,止损,4,False
BTC,1,2024-01-01 19:30:00,2024-01-01 21:30:00,43309.06008,0.004182642555849666,0.007114286453738074,0.0,0.006114286453738074,1.4618238044718626,保本/跟踪,9,False
BTC,1,2024-01-01 23:30:00,2024-01-02 01:15:00,44068.01184,0.005575815254426948,0.019526650376791882,0.00065846,0.01786819037679188,3.204587950184565,保本/跟踪,8,False
BTC,1,2024-01-05 09:15:00,2024-01-05 10:45:00,44058.81,0.0064981453604950395,-0.006696845731422907,0.0,-0.007696845731422907,-1.1844680758013313,止损,7,True
BTC,1,2024-01-06 18:45:00,2024-01-06 19:15:00,44045.00724,0.0033760886430020155,-0.003575413425273294,0.0,-0.004575413425273294,-1.3552409042212945,止损,3,False
BTC,1,2024-01-08 12:00:00,2024-01-08 12:15:00,44646.12744,0.0062651134136054,-0.006463860390922558,0.0,-0.007463860390922558,-1.191336835932442,止损,2,True
BTC,1,2024-01-08 18:00:00,2024-01-09 00:30:00,45652.6287,0.008546302776217556,0.02544442771355871,0.0001,0.02434442771355871,2.848533260640355,保本/跟踪,27,True
BTC,1,2024-01-09 21:15:00,2024-01-09 21:15:00,47992.19652,0.008761577809297715,-0.008959825493735848,0.0,-0.00995982549373585,-1.1367616324957548,止损,1,True
BTC,1,2024-01-10 23:00:00,2024-01-11 05:30:00,46916.881499999996,0.01870061373651006,-0.018896873613762785,0.0001,-0.019996873613762785,-1.0693164350388127,止损,27,True
BTC,1,2024-01-11 11:15:00,2024-01-11 15:00:00,46997.097539999995,0.006452963160908523,0.026859339827519157,0.0,0.025859339827519156,4.007358973343089,保本/跟踪,16,True
BTC,-1,2024-01-12 14:45:00,2024-01-12 18:00:00,45306.736840000005,0.0077742913645883,0.029566947927858946,-0.0001,0.028666947927858944,3.6874033379345885,保本/跟踪,14,True
BTC,-1,2024-01-12 22:15:00,2024-01-13 07:00:00,42573.9835,0.01441280988386426,-0.014615692445840971,-0.0001,-0.015515692445840973,-1.0765209956187263,止损,36,True
BTC,-1,2024-01-13 10:15:00,2024-01-13 14:45:00,42704.757340000004,0.005983024372507828,-0.006184220977382253,-0.0,-0.007184220977382253,-1.200767459747274,止损,19,False
BTC,-1,2024-01-14 04:30:00,2024-01-14 05:15:00,42584.481400000004,0.0034061156246313136,-0.003606796847756275,-0.0,-0.004606796847756275,-1.3525074763881293,止损,4,False
BTC,-1,2024-01-15 00:00:00,2024-01-15 00:15:00,41726.55302,0.00876813952289696,-0.008969893150801534,-0.0,-0.009969893150801535,-1.1370591360648787,止损,2,True
BTC,-1,2024-01-17 16:45:00,2024-01-17 18:45:00,42287.14088,0.006262520660872713,-0.006463773165004873,-0.0,-0.007463773165004873,-1.1918161342983513,止损,9,False
BTC,-1,2024-01-18 16:45:00,2024-01-18 17:15:00,42125.97312,0.005452219678675371,0.0025964442155074693,-0.0,0.0015964442155074693,0.29280628984034796,保本/跟踪,3,False
BTC,-1,2024-01-18 19:15:00,2024-01-19 17:15:00,41299.83838,0.00899548645939928,0.014021831029780486,-0.00030000000000000003,0.013321831029780485,1.4809461489279057,保本/跟踪,89,True
BTC,-1,2024-01-22 01:30:00,2024-01-22 01:30:00,41284.64142,0.0038921007807401343,-0.004092879200896316,-0.0,-0.005092879200896316,-1.3085167850992383,止损,1,False
BTC,-1,2024-01-22 03:15:00,2024-01-22 05:15:00,41248.64862,0.0042812831163047335,0.006888349051776272,-0.0,0.005888349051776272,1.3753701616581318,保本/跟踪,9,False
BTC,-1,2024-01-22 10:30:00,2024-01-22 10:45:00,40368.02478,0.007222819134005823,-0.007424263697832631,-0.0,-0.00842426369783263,-1.16634011478569,止损,2,True
BTC,-1,2024-01-22 19:30:00,2024-01-22 20:15:00,39933.61168,0.009865981273265838,-0.010067954469520593,-0.0,-0.011067954469520594,-1.1218300707210727,止损,4,True
BTC,-1,2024-01-23 08:45:00,2024-01-23 12:45:00,39520.19438,0.0055519154979340474,0.011430023708067272,-0.0,0.010430023708067272,1.8786351686996035,保本/跟踪,17,False
BTC,-1,2024-01-24 21:00:00,2024-01-24 22:00:00,39539.99042,0.006608353482676765,-0.00680967515337334,-0.0,-0.00780967515337334,-1.1817883492228038,止损,5,True
BTC,1,2024-01-26 10:45:00,2024-01-26 12:45:00,40635.6255,0.0048821683704234975,0.01187644871065196,0.0,0.010876448710651961,2.227790581034078,保本/跟踪,9,False
BTC,1,2024-01-26 15:00:00,2024-01-26 15:15:00,41589.41622,0.007109013790326722,-0.007307591987568717,0.0,-0.008307591987568717,-1.1685997850887428,止损,2,True
BTC,1,2024-01-26 16:30:00,2024-01-27 08:45:00,41806.75968,0.007310311056860104,-0.007508848994648729,0.00018966000000000002,-0.008698508994648729,-1.1898958781632034,止损,66,True
BTC,1,2024-01-27 20:45:00,2024-01-28 00:45:00,42024.9033,0.002585439914096478,-0.0027849228261135916,0.0001,-0.0038849228261135915,-1.5026157850089654,止损,17,False
BTC,1,2024-01-28 04:15:00,2024-01-28 05:30:00,42292.75686,0.0031743743287851434,0.006760113702703611,0.0,0.005760113702703611,1.8145666219862764,保本/跟踪,6,False
BTC,1,2024-01-29 03:15:00,2024-01-29 05:15:00,42336.06552,0.00444555198516105,-0.004644662874764102,0.0,-0.005644662874764102,-1.2697327336640316,止损,9,False
BTC,1,2024-01-29 16:30:00,2024-01-30 03:15:00,42940.5864,0.006925981818055606,0.012802407738329689,0.0001,0.01170240773832969,1.6896388188346434,保本/跟踪,44,True
BTC,1,2024-01-31 16:15:00,2024-01-31 19:15:00,43505.29932,0.006960223258505062,-0.007158831213853324,0.0,-0.008158831213853324,-1.1722082626995651,止损,13,True
BTC,-1,2024-02-01 01:30:00,2024-02-01 10:15:00,42000.298259999996,0.007003167748122816,-0.0072045683816723115,-0.0001,-0.008104568381672311,-1.1572717765963443,止损,36,True
BTC,-1,2024-02-01 12:00:00,2024-02-01 12:45:00,42067.384840000006,0.003832695964754823,-0.004033462503947668,-0.0,-0.005033462503947668,-1.3132955366757504,止损,4,False
BTC,1,2024-02-02 16:15:00,2024-02-02 16:15:00,43380.1743,0.005426341875605049,-0.005625256607229863,0.0,-0.006625256607229863,-1.2209434567723643,止损,1,False
BTC,-1,2024-02-04 19:15:00,2024-02-04 20:45:00,42628.9725,0.0030130691938115546,-0.0032136718076502353,-0.0,-0.004213671807650235,-1.398464999179096,止损,7,False
BTC,-1,2024-02-04 22:45:00,2024-02-05 03:45:00,42478.002700000005,0.004834433846997741,-0.005035400733767033,-0.0001,-0.005935400733767033,-1.227734399024409,止损,21,False
BTC,1,2024-02-05 13:30:00,2024-02-05 14:45:00,43383.57498,0.0036488591111585285,-0.003848129339336351,0.0,-0.004848129339336351,-1.3286699189098177,止损,6,False
BTC,-1,2024-02-05 20:30:00,2024-02-05 23:15:00,42411.81594,0.005402837932710487,-0.005603918500297097,-0.0,-0.0066039185002970974,-1.2223054962124422,止损,12,False
BTC,1,2024-02-06 16:30:00,2024-02-06 16:45:00,43350.968460000004,0.004931589014196585,-0.005130602696393725,0.0,-0.006130602696393725,-1.2431292791726023,止损,2,False
BTC,1,2024-02-07 20:15:00,2024-02-08 04:15:00,43830.36432,0.005414451709918264,0.01562971672934062,0.0001,0.01452971672934062,2.683506568675254,保本/跟踪,33,False
BTC,1,2024-02-08 08:45:00,2024-02-08 14:30:00,44692.83678,0.003238550362903817,0.004882297857794673,0.0,0.003882297857794673,1.1987764347483068,保本/跟踪,24,False
BTC,1,2024-02-08 15:30:00,2024-02-08 16:45:00,45355.0692,0.005803284701684519,-0.006002124044744098,2.59e-05,-0.007028024044744098,-1.2110424364849917,止损,6,False
BTC,1,2024-02-09 02:30:00,2024-02-09 03:15:00,45784.655099999996,0.004717851932744447,0.005803494818050208,0.0,0.004803494818050208,1.0181529404751668,保本/跟踪,4,False
BTC,1,2024-02-09 08:30:00,2024-02-09 12:15:00,46475.69328,0.004649356813053986,0.01677395351607883,0.0,0.01577395351607883,3.3927173478684933,保本/跟踪,16,False
BTC,1,2024-02-09 18:15:00,2024-02-09 19:00:00,47733.544799999996,0.008438325766011992,-0.008636638100858778,0.0,-0.009636638100858779,-1.142008304499616,止损,4,True
BTC,1,2024-02-10 20:45:00,2024-02-10 22:00:00,47899.578,0.0038380069587824386,-0.004037239357390626,0.0,-0.005037239357390626,-1.3124622783353759,止损,6,False
BTC,1,2024-02-11 03:30:00,2024-02-11 05:00:00,48078.013680000004,0.004522091640922295,0.0031111942897292964,0.0,0.0021111942897292964,0.4668623410070282,保本/跟踪,7,False
BTC,1,2024-02-12 15:00:00,2024-02-12 16:15:00,48823.66278,0.005065069931340139,0.01270306907369892,0.0001,0.011603069073698919,2.290801357332677,保本/跟踪,6,False
BTC,1,2024-02-12 17:30:00,2024-02-12 18:30:00,50102.21844,0.008425232369972474,-0.008623547323498482,0.0,-0.009623547323498481,-1.1422293060778717,止损,5,True
BTC,1,2024-02-13 08:45:00,2024-02-13 10:30:00,50166.93138,0.0036543630478874487,-0.003853632175277834,0.0,-0.004853632175277834,-1.3281745988767237,止损,8,False
BTC,1,2024-02-14 09:00:00,2024-02-14 09:15:00,50811.760319999994,0.005888379454722911,0.0036357398137078266,0.0,0.0026357398137078266,0.4476171812592292,保本/跟踪,2,False
BTC,1,2024-02-15 14:45:00,2024-02-15 15:00:00,52632.22433999999,0.006101137605616007,-0.0062999173780949776,0.0,-0.007299917378094978,-1.1964846312227921,止损,2,False
BTC,1,2024-02-16 03:15:00,2024-02-16 06:30:00,52303.25856,0.005143190504789374,-0.005342161866688436,0.0,-0.006342161866688436,-1.2331182095593332,止损,14,False
BTC,1,2024-02-16 11:45:00,2024-02-16 12:00:00,52377.87348,0.004617853884658385,-0.004816930313881408,0.0,-0.005816930313881408,-1.2596609722119279,止损,2,False
BTC,1,2024-02-16 14:00:00,2024-02-16 14:00:00,52505.198939999995,0.0051071372213722915,-0.00530611579392794,0.0,-0.00630611579392794,-1.23476529425099,止损,1,False
BTC,1,2024-02-20 13:45:00,2024-02-20 14:00:00,52942.68642,0.005280530463134925,-0.005479474357042278,0.0,-0.006479474357042278,-1.2270498962703775,止损,2,False
BTC,1,2024-02-20 23:15:00,2024-02-21 01:30:00,52436.88528,0.005742192551027957,-0.005941044112517703,0.0001,-0.007041044112517703,-1.2261943586787643,止损,10,False
BTC,-1,2024-02-21 09:30:00,2024-02-21 12:15:00,51367.224500000004,0.0045353781557603695,0.004602163778578428,-0.0,0.0036021637785784277,0.7942366997564096,保本/跟踪,12,False
BTC,-1,2024-02-22 13:45:00,2024-02-22 14:30:00,51086.88058,0.004890755030349144,-0.005091733181355239,-0.0,-0.006091733181355239,-1.2455608885649623,止损,4,False
BTC,-1,2024-02-23 23:00:00,2024-02-24 04:30:00,50797.8384,0.003617786750858191,-0.003818510308208408,-0.0001,-0.004718510308208408,-1.3042532999185508,止损,23,False
BTC,1,2024-02-25 02:00:00,2024-02-25 02:45:00,51729.14376,0.002687969039445377,-0.002887431445637442,0.0,-0.003887431445637442,-1.446233713480404,止损,4,False
BTC,1,2024-02-26 16:00:00,2024-02-26 16:15:00,52882.774439999994,0.005676661958453246,0.005544891688634698,0.0,0.0045448916886346976,0.8006275029054348,保本/跟踪,2,False
BTC,1,2024-02-26 19:15:00,2024-02-26 20:15:00,53885.07486,0.007163437862501432,0.008916359528520604,0.0,0.007916359528520604,1.1051061906965791,保本/跟踪,5,True
BTC,1,2024-02-27 01:45:00,2024-02-27 02:15:00,55215.740939999996,0.006471015089690776,0.02302349616898956,0.0,0.02202349616898956,3.403406708798445,保本/跟踪,3,False
BTC,1,2024-02-27 09:45:00,2024-02-27 16:00:00,56730.94392,0.0071365233082690185,-0.007335096003607373,0.00022965,-0.008564746003607373,-1.2001286387845866,止损,26,True
BTC,1,2024-02-28 07:45:00,2024-02-28 09:15:00,57908.77944,0.00440908478010149,0.018139594064486446,0.00023682,0.016902774064486446,3.8336241890312146,保本/跟踪,7,False
BTC,1,2024-02-28 13:15:00,2024-02-28 13:30:00,59879.87358,0.007897492903362793,0.007370575897152182,0.0,0.006370575897152182,0.8066580084471564,保本/跟踪,2,True
BTC,1,2024-02-28 16:30:00,2024-02-28 17:15:00,61490.59566,0.01178928472836243,0.024590599840226508,0.0,0.023590599840226507,2.00102045067015,保本/跟踪,4,True
BTC,1,2024-02-28 23:30:00,2024-02-29 00:45:00,62395.67664,0.015687632349363878,-0.015884494822893915,0.00069091,-0.017575404822893916,-1.120335078709732,止损,6,True
BTC,1,2024-03-01 12:45:00,2024-03-01 14:30:00,62565.110519999995,0.0057192374740264946,-0.005918093626531665,0.0,-0.006918093626531665,-1.2096181803867543,止损,8,False
BTC,1,2024-03-01 20:45:00,2024-03-02 00:15:00,62648.92728,0.006582321402748859,-0.006781004938468329,0.00033426,-0.00811526493846833,-1.2328879800793826,止损,15,False
BTC,1,2024-03-03 12:30:00,2024-03-03 12:45:00,62655.82866,0.004417168238165062,-0.004616284804517493,0.0,-0.005616284804517493,-1.2714672617610228,止损,2,False
BTC,1,2024-03-03 17:00:00,2024-03-03 17:30:00,62914.38036,0.005066682796764579,-0.005265669460205235,0.0,-0.006265669460205235,-1.2366413512616756,止损,3,False
BTC,1,2024-03-03 22:15:00,2024-03-03 22:45:00,63094.31634,0.004206175010543303,-0.004405333775541072,0.0,-0.005405333775541072,-1.285094833665249,止损,3,False
BTC,1,2024-03-04 00:15:00,2024-03-04 00:45:00,63377.272919999996,0.00505211670425721,0.007861598360556485,0.0,0.006861598360556485,1.3581630754441003,保本/跟踪,3,False
BTC,1,2024-03-04 08:45:00,2024-03-04 09:00:00,65622.72192000001,0.008385718576096629,-0.00858404143238131,0.0,-0.00958404143238131,-1.142900437858776,止损,2,True
BTC,1,2024-03-04 14:45:00,2024-03-04 18:00:00,66208.73909999999,0.009411874418320523,0.00662320954377421,0.0006362,0.00498700954377421,0.5298635874344894,保本/跟踪,14,True
BTC,1,2024-03-04 23:00:00,2024-03-05 04:45:00,68011.0995,0.010140203901091195,-0.010338175860310791,0.0004896,-0.01182777586031079,-1.1664238683640271,止损,24,True
BTC,1,2024-03-05 14:45:00,2024-03-05 15:00:00,68488.79502,0.009948231191392683,-0.010146241545154408,0.0,-0.011146241545154409,-1.1204244584502878,止损,2,True
BTC,1,2024-03-08 14:45:00,2024-03-08 15:30:00,68432.6838,0.0060363315608139454,0.011593061840639402,0.0,0.010593061840639403,1.7548840274789383,保本/跟踪,4,False
BTC,1,2024-03-10 04:15:00,2024-03-10 06:15:00,69611.01942000001,0.005238777891697311,-0.0054377301361188644,0.0,-0.0064377301361188645,-1.2288610567593858,止损,9,False
BTC,1,2024-03-10 09:45:00,2024-03-10 11:30:00,69857.86877999999,0.004983601206620687,-0.005182604486379348,0.0,-0.006182604486379348,-1.240589732213282,止损,8,False
BTC,1,2024-03-11 07:15:00,2024-03-11 07:15:00,70751.24742,0.007673817519163632,-0.007872282755659817,0.0,-0.008872282755659818,-1.156175884232755,止损,1,True
BTC,1,2024-03-11 11:45:00,2024-03-11 11:45:00,72158.22876,0.00794826914943494,-0.008146679495605073,0.0,-0.009146679495605072,-1.1507762663340773,止损,1,True
BTC,1,2024-03-11 15:15:00,2024-03-11 19:45:00,72540.80526000001,0.009729284412384473,-0.009927338555502116,0.00066396,-0.011591298555502115,-1.1913824351508802,止损,19,True
BTC,1,2024-03-13 06:15:00,2024-03-13 11:45:00,72389.87508,0.004465264557085109,0.011546727135244622,0.0006442,0.009902527135244624,2.2176798280702363,保本/跟踪,23,False
BTC,-1,2024-03-14 19:45:00,2024-03-14 19:45:00,69040.38915999999,0.014192598442378442,-0.014395436962066892,-0.0,-0.015395436962066893,-1.084751113375887,止损,1,True
BTC,-1,2024-03-15 02:45:00,2024-03-15 03:00:00,69734.95022,0.010802641280100625,0.009444872591464206,-0.0,0.008444872591464207,0.7817414623422119,保本/跟踪,2,True
BTC,-1,2024-03-15 03:30:00,2024-03-15 03:30:00,67454.30644,0.01704816527130268,-0.017251574904356953,-0.0,-0.018251574904356953,-1.070588806120972,止损,1,True
BTC,-1,2024-03-15 09:15:00,2024-03-15 09:15:00,66150.96716,0.01625337326879129,-0.016456623943445055,-0.0,-0.017456623943445056,-1.074030827616823,止损,1,True
BTC,-1,2024-03-16 11:30:00,2024-03-16 11:30:00,67949.00748,0.006444159376069254,-0.006645448207944535,-0.0,-0.007645448207944535,-1.1864151337312254,止损,1,False
BTC,-1,2024-03-16 18:00:00,2024-03-16 22:30:00,67312.53480000001,0.007590913592959917,0.00760061022992811,-0.0,0.00660061022992811,0.869540951704384,保本/跟踪,19,True
BTC,-1,2024-03-16 23:15:00,2024-03-17 00:15:00,65366.82402,0.011884178852811709,-0.012086555688582256,-0.00013089,-0.012955665688582257,-1.0901607800623971,止损,5,True
BTC,-1,2024-03-17 06:45:00,2024-03-17 07:30:00,65701.75701999999,0.008221477140014505,0.003926420229383741,-0.0,0.002926420229383741,0.355948229198455,保本/跟踪,4,True
BTC,-1,2024-03-19 03:45:00,2024-03-19 03:45:00,65263.04478,0.010632267265328761,-0.010834393718781922,-0.0,-0.011834393718781921,-1.1130639800010698,止损,1,True
BTC,-1,2024-03-19 05:30:00,2024-03-19 09:45:00,64808.935620000004,0.011639266684684799,0.008802142180020981,-0.00029065,0.008092792180020982,0.6953008638138393,保本/跟踪,18,True
BTC,-1,2024-03-19 11:15:00,2024-03-19 12:00:00,62728.75174000001,0.014386795294810207,-0.014589672653869151,-0.0,-0.015589672653869152,-1.0836098195887214,止损,4,True
BTC,-1,2024-03-19 23:00:00,2024-03-20 00:45:00,62670.06348,0.011802143578827128,-0.012004504007542858,-0.00015847,-0.012846034007542858,-1.0884492229520453,止损,8,True
BTC,-1,2024-03-20 05:30:00,2024-03-20 06:15:00,61020.49346,0.015760147129179343,-0.01596329915860513,-0.0,-0.01696329915860513,-1.0763414211532452,止损,4,True
BTC,1,2024-03-22 06:15:00,2024-03-22 08:30:00,66589.91532,0.0066858837586767075,-0.006884546581925072,0.0001,-0.007984546581925071,-1.194239515690503,止损,10,False
BTC,-1,2024-03-22 12:00:00,2024-03-22 15:00:00,64255.24638,0.00806351805048081,0.011171032897063133,-0.0,0.010171032897063132,1.2613641878629709,保本/跟踪,13,False
BTC,-1,2024-03-22 21:45:00,2024-03-22 23:00:00,62694.658559999996,0.010319082540051776,-0.010521146356559806,-0.0,-0.011521146356559805,-1.1164894080304544,止损,6,True
BTC,-1,2024-03-24 00:00:00,2024-03-24 00:15:00,64007.59592,0.006251674235463134,-0.006452924570310205,-0.0,-0.007452924570310205,-1.1921485812605015,止损,2,False
BTC,1,2024-03-24 20:15:00,2024-03-25 00:00:00,66292.7559,0.007531281520519185,0.011032723463654467,0.00025549,0.009777233463654465,1.29821643727115,保本/跟踪,16,False
BTC,1,2024-03-25 05:00:00,2024-03-25 06:30:00,67552.50779999999,0.006273382641052199,-0.006472127964523954,0.0,-0.007472127964523954,-1.191084362625567,止损,7,False
BTC,1,2024-03-25 14:00:00,2024-03-25 21:00:00,68060.20932000001,0.006497172405091361,0.03578694376458384,0.00028815,0.03449879376458384,5.309816580755906,保本/跟踪,29,False
BTC,1,2024-03-26 07:30:00,2024-03-26 07:30:00,71555.8083,0.0055249955060561635,-0.005723890506954972,0.0,-0.006723890506954972,-1.2169947467983735,止损,1,False
BTC,1,2024-03-28 06:30:00,2024-03-28 10:15:00,70146.12642,0.005485696588737453,0.0048091831666764225,0.00029899,0.0035101931666764227,0.6398810269388783,保本/跟踪,16,False
BTC,1,2024-03-28 13:30:00,2024-03-28 16:45:00,71104.11798,0.006538775181532555,-0.006737467426496237,0.0002943,-0.008031767426496238,-1.2283290377042382,止损,14,False
BTC,-1,2024-03-30 23:30:00,2024-03-31 00:00:00,69584.0804,0.0028256147238886415,-0.00302617984683333,-0.00032351,-0.0037026698468333305,-1.310394448163717,止损,3,False
BTC,1,2024-03-31 06:00:00,2024-03-31 06:30:00,70442.68572000001,0.0028562236318762937,-0.0030556523871500584,0.0,-0.004055652387150058,-1.4199351696021936,止损,3,False
BTC,1,2024-03-31 12:15:00,2024-03-31 12:15:00,70646.52647999999,0.002650337714600478,-0.0028498076470574994,0.0,-0.0038498076470574994,-1.4525724875925232,止损,1,False
BTC,1,2024-03-31 18:45:00,2024-03-31 19:00:00,71070.51126,0.003429337219144965,-0.003628651351700959,0.0,-0.004628651351700959,-1.3497218430023685,止损,2,False
BTC,-1,2024-04-01 14:45:00,2024-04-01 15:15:00,69070.48314000001,0.005563717715162174,0.0028990258321428537,-0.0,0.0018990258321428537,0.3413231816142742,保本/跟踪,3,False
BTC,-1,2024-04-02 02:30:00,2024-04-02 02:45:00,68477.60174,0.006520064091693986,0.026010915609498544,-0.0,0.025010915609498544,3.83599229359729,保本/跟踪,2,False
BTC,-1,2024-04-02 11:30:00,2024-04-02 12:15:00,65264.14456,0.009337588247820468,-0.009539455765470127,-0.0,-0.010539455765470128,-1.1287128416623204,止损,4,True
BTC,-1,2024-04-02 13:30:00,2024-04-02 14:00:00,64903.31674,0.00945134134299337,-0.00965323161126194,-0.0,-0.01065323161126194,-1.1271661052808737,止损,3,True
BTC,-1,2024-04-03 00:30:00,2024-04-03 01:15:00,65122.172959999996,0.0072532950143479255,-0.007454745673350767,-0.0,-0.008454745673350767,-1.165642050492393,止损,4,False
BTC,-1,2024-04-04 04:30:00,2024-04-04 05:45:00,65304.83642,0.005375046582727166,-0.005576121592043875,-0.0,-0.006576121592043875,-1.223453879111744,止损,6,False
BTC,1,2024-04-04 18:00:00,2024-04-04 19:00:00,68860.7694,0.006790836648495254,-0.006989478481165522,0.0,-0.007989478481165522,-1.1765087123595983,止损,5,False
BTC,1,2024-04-06 17:45:00,2024-04-06 17:45:00,68429.6832,0.0037115297013704824,-0.003910787395430171,0.0,-0.004910787395430171,-1.323116825285505,止损,1,False
BTC,1,2024-04-06 22:30:00,2024-04-06 23:30:00,68687.83482,0.0034758869891544776,0.008473968332587711,0.0,0.007473968332587711,2.1502334097478184,保本/跟踪,5,False
BTC,1,2024-04-07 08:45:00,2024-04-07 09:30:00,69563.91,0.003607423262087433,-0.0038067017774350174,0.0,-0.004806701777435017,-1.3324474086397122,止损,4,False
BTC,1,2024-04-08 07:30:00,2024-04-08 10:00:00,70124.22204,0.003935258653480566,0.026411440401679854,0.0001,0.025311440401679854,6.431963596419,保本/跟踪,11,False
BTC,1,2024-04-08 12:15:00,2024-04-08 12:30:00,72805.15812000001,0.007198176738484881,-0.007396737103137195,0.0,-0.008396737103137195,-1.166508882484677,止损,2,False
BTC,-1,2024-04-10 12:45:00,2024-04-10 14:15:00,67996.49798,0.007160350433045254,-0.007361782503131935,-0.0,-0.008361782503131935,-1.1677895629998822,止损,7,False
BTC,1,2024-04-12 05:00:00,2024-04-12 06:15:00,71177.13257999999,0.004266531407948822,-0.004465678101667215,0.0,-0.005465678101667215,-1.281058916262589,止损,6,False
BTC,-1,2024-04-12 17:15:00,2024-04-12 17:30:00,68602.37678,0.007578311676615283,0.007872185085118713,-0.0,0.006872185085118713,0.9068227038384427,保本/跟踪,2,False
BTC,-1,2024-04-12 18:45:00,2024-04-12 20:15:00,66545.6882,0.014073888356756884,-0.014276703134428354,-0.0,-0.015276703134428353,-1.0854642830169956,止损,7,True
BTC,-1,2024-04-13 01:15:00,2024-04-13 03:30:00,66522.79278,0.0076021806638339896,-0.007803701099966811,-0.0,-0.008803701099966811,-1.1580494451873315,止损,10,False
BTC,-1,2024-04-13 20:00:00,2024-04-13 20:15:00,64766.14418,0.012075562356219266,0.033866955764788965,-0.0,0.032866955764788965,2.7217743402121166,保本/跟踪,2,True
BTC,-1,2024-04-15 15:00:00,2024-04-15 19:30:00,64208.555720000004,0.010018824558031374,0.013174926356001124,-0.0001,0.012274926356001123,1.2251862765838328,保本/跟踪,19,True
BTC,-1,2024-04-16 04:45:00,2024-04-16 05:15:00,62027.69198,0.010267205212902163,-0.010469258653944755,-0.0,-0.011469258653944756,-1.1170769860070633,止损,3,True
BTC,-1,2024-04-16 16:00:00,2024-04-16 16:45:00,61736.85016,0.011940637524595078,-0.012143025652099959,-0.0,-0.01314302565209996,-1.100697146616186,止损,4,True
BTC,-1,2024-04-17 10:15:00,2024-04-17 14:45:00,62862.325020000004,0.006674621106957939,0.016689883163981074,-0.0,0.015689883163981073,2.3506777257551295,保本/跟踪,19,False
BTC,-1,2024-04-17 15:30:00,2024-04-17 17:45:00,60377.222140000005,0.013228426199995884,-0.013431071885235974,-6.534e-05,-0.014365731885235974,-1.0859743757908589,止损,10,True
BTC,-1,2024-04-18 06:45:00,2024-04-18 07:15:00,60871.02336,0.0077522340928718805,-0.007953784539690412,-0.0,-0.008953784539690413,-1.1549940871784754,止损,3,False
BTC,1,2024-04-19 11:45:00,2024-04-19 13:00:00,65332.46388,0.010571138175943394,-0.010769023948308098,0.0,-0.011769023948308099,-1.1133166317975787,止损,6,True
BTC,1,2024-04-20 17:15:00,2024-04-20 20:15:00,64979.59332,0.00619837470409811,-0.00639713502915724,0.0,-0.00739713502915724,-1.1933991380460687,止损,13,False
BTC,1,2024-04-21 03:15:00,2024-04-21 03:15:00,65557.00877999999,0.0050832300684280655,-0.005282213422414353,0.0,-0.006282213422414353,-1.2358703694001911,止损,1,False
BTC,1,2024-04-22 04:00:00,2024-04-22 18:45:00,65690.6355,0.006611269058037071,0.009043050207897137,3.395e-05,0.008009100207897137,1.2114315931766193,保本/跟踪,60,False
BTC,1,2024-04-24 00:45:00,2024-04-24 02:30:00,66698.73707999999,0.0041245185184809316,-0.00432369361477724,0.0,-0.00532369361477724,-1.2907430505944164,止损,8,False
BTC,-1,2024-04-24 19:00:00,2024-04-25 00:30:00,64087.18,0.0071763658481484105,-0.007377801121318037,-7.02e-05,-0.008307601121318037,-1.1576334452711186,止损,23,False
BTC,-1,2024-04-25 07:45:00,2024-04-25 12:30:00,63883.2208,0.004711674559453258,-0.004912616894365186,-4.069e-05,-0.005871926894365186,-1.2462505252159357,止损,20,False
BTC,-1,2024-04-27 01:30:00,2024-04-27 02:15:00,62567.484000000004,0.006485251457433459,-0.006686548507724989,-0.0,-0.007686548507724989,-1.1852352307657388,止损,4,False
BTC,-1,2024-04-27 10:45:00,2024-04-27 12:00:00,62788.33982,0.003319645620474463,-0.0035203095495985916,-0.0,-0.004520309549598592,-1.3616843682707682,止损,6,False
BTC,-1,2024-04-27 16:30:00,2024-04-27 17:30:00,62732.35102,0.004133518019307084,-0.00433434472291088,-0.0,-0.00533434472291088,-1.290509609004945,止损,5,False
BTC,-1,2024-04-29 04:00:00,2024-04-29 04:30:00,62247.44802,0.006031396182507475,-0.006232602461743902,-0.0,-0.007232602461743902,-1.1991589083005723,止损,3,False
BTC,-1,2024-04-29 13:45:00,2024-04-29 14:15:00,61947.80796,0.005531907952374763,-0.005733014333965187,-0.0,-0.006733014333965187,-1.2171233491104652,止损,3,False
BTC,-1,2024-04-30 09:00:00,2024-04-30 12:15:00,61892.619,0.00596504682713517,0.0092814235500648,-0.0,0.008281423550064799,1.388324985546193,保本/跟踪,14,False
BTC,-1,2024-04-30 14:15:00,2024-04-30 14:30:00,60542.98898,0.007499288115356573,-0.007700787972979618,-0.0,-0.008700787972979619,-1.1602151883140333,止损,2,False
BTC,-1,2024-04-30 16:30:00,2024-04-30 22:30:00,60240.64946,0.009427839908995504,-0.009629725476977328,-0.0,-0.010629725476977329,-1.1274826025455793,止损,25,True
BTC,-1,2024-05-01 02:15:00,2024-05-01 03:00:00,59543.18898,0.008723166595226914,-0.008924911228545928,-0.0,-0.009924911228545927,-1.1377647234178212,止损,4,True
BTC,-1,2024-05-01 07:00:00,2024-05-01 07:15:00,59492.099200000004,0.0063515500242703775,0.016719901858833895,-0.0,0.015719901858833894,2.474970959650072,保本/跟踪,2,False
BTC,1,2024-05-03 13:00:00,2024-05-03 14:15:00,60616.82094,0.007499667286983179,0.013580820292472257,0.0,0.012580820292472258,1.677517123234013,保本/跟踪,6,False
BTC,1,2024-05-03 20:30:00,2024-05-04 11:45:00,62747.84706,0.0070738449400362825,0.019975079198959137,0.00010158,0.018873499198959136,2.668067982680764,保本/跟踪,62,False
BTC,1,2024-05-05 13:30:00,2024-05-05 17:45:00,63990.2955,0.0043788827873252525,0.0026717196430215773,3.893e-05,0.0016327896430215773,0.37287813406371906,保本/跟踪,18,False
BTC,1,2024-05-06 08:00:00,2024-05-06 10:15:00,64522.4019,0.004326464736218715,0.00776778812549426,0.0,0.00676778812549426,1.5642767335737577,保本/跟踪,10,False
BTC,-1,2024-05-07 23:15:00,2024-05-08 02:15:00,62385.72036,0.0059527738067954245,-0.0061539643615568605,-4.891e-05,-0.00710505436155686,-1.1935703576450432,止损,13,False
BTC,-1,2024-05-08 06:30:00,2024-05-08 06:30:00,62146.46822,0.005352371397277338,-0.005553441871556816,-0.0,-0.006553441871556816,-1.2243996884989041,止损,1,False
BTC,-1,2024-05-08 13:15:00,2024-05-08 13:45:00,61873.42284000001,0.005623903211033145,-0.005825027991675286,-0.0,-0.006825027991675286,-1.2135749381827443,止损,3,False
BTC,-1,2024-05-08 20:30:00,2024-05-09 00:30:00,61708.85576,0.006864059629772524,0.0054014510515337675,-5.648e-05,0.004457931051533768,0.649459837469609,保本/跟踪,17,False
BTC,-1,2024-05-09 09:30:00,2024-05-09 12:30:00,61045.58844000001,0.004701628578922335,-0.00490256890463812,-0.0,-0.00590256890463812,-1.2554307099245714,止损,13,False
BTC,1,2024-05-10 07:00:00,2024-05-10 08:00:00,63143.6262,0.00426319594558518,-0.004462343306396028,5.934e-05,-0.005521683306396028,-1.2951981041626985,止损,5,False
BTC,1,2024-05-13 08:00:00,2024-05-13 10:00:00,62308.9593,0.005919654348838456,0.006840241876819994,0.0,0.005840241876819994,0.986584947813035,保本/跟踪,9,False
BTC,1,2024-05-15 10:00:00,2024-05-15 10:00:00,62638.625219999994,0.00430882487472057,-0.004507963109745546,0.0,-0.005507963109745546,-1.2782982065621178,止损,1,False
BTC,1,2024-05-15 12:45:00,2024-05-15 13:45:00,63652.62798,0.007341939605809586,0.004257881990378525,0.0,0.0032578819903785246,0.44373587434587486,保本/跟踪,5,False
BTC,1,2024-05-15 15:15:00,2024-05-16 00:30:00,64856.06862,0.00844641532312817,0.018351379857481517,4.476e-05,0.017306619857481515,2.048989920030587,保本/跟踪,38,False
BTC,1,2024-05-16 07:45:00,2024-05-16 12:30:00,66131.52366,0.0035721402161428373,-0.0037714257880994686,5.148e-05,-0.004822905788099468,-1.3501445901547493,止损,20,False
BTC,1,2024-05-17 07:00:00,2024-05-17 11:45:00,65931.1836,0.004157064064512393,0.003308275919129185,8.15e-06,0.0023001259191291847,0.5533053817391627,保本/跟踪,20,False
BTC,1,2024-05-17 15:00:00,2024-05-17 18:00:00,66791.25558,0.005810523024789003,-0.0060093609201841485,-2.98e-06,-0.007006380920184149,-1.2058089934922116,止损,13,False
BTC,1,2024-05-18 10:30:00,2024-05-18 10:30:00,67278.9531,0.002992564769369633,-0.003191966256415781,0.0,-0.004191966256415781,-1.4007938271955247,止损,1,False
BTC,1,2024-05-19 03:30:00,2024-05-19 04:00:00,67212.4398,0.002411492846516012,-0.002611010547946748,0.0,-0.003611010547946748,-1.4974170680886452,止损,3,False
BTC,1,2024-05-19 08:00:00,2024-05-19 08:30:00,67308.55902,0.0026148606254625803,-0.0028143376533374736,0.0,-0.0038143376533374736,-1.4587154727081106,止损,3,False
BTC,1,2024-05-19 10:45:00,2024-05-19 10:45:00,67559.20913999999,0.0034111845999140727,-0.003610502362993972,0.0,-0.004610502362993972,-1.3515839521291548,止损,1,False
BTC,1,2024-05-20 05:00:00,2024-05-20 06:45:00,67113.42,0.0039506426654620855,-0.004149852536929061,0.0,-0.005149852536929061,-1.3035480485114213,止损,8,False
BTC,1,2024-05-20 16:45:00,2024-05-20 20:15:00,68232.34374,0.006427991561237682,0.020508499087847853,0.0,0.019508499087847853,3.034929169087393,保本/跟踪,15,False
BTC,1,2024-05-20 23:30:00,2024-05-21 01:15:00,71485.59426,0.00985951922889017,-0.01005754732504435,0.0001,-0.01115754732504435,-1.1316522708684136,止损,8,True
BTC,1,2024-05-22 15:45:00,2024-05-22 17:30:00,70551.6075,0.006159288470803882,-0.006358056613109829,0.0001,-0.00745805661310983,-1.2108633405404436,止损,8,False
BTC,-1,2024-05-23 14:00:00,2024-05-23 18:45:00,68049.18744000001,0.007340088407077583,0.008808145353042574,-0.0001,0.007908145353042574,1.0773910223502554,保本/跟踪,20,False
BTC,-1,2024-05-24 07:00:00,2024-05-24 07:15:00,66897.41784000001,0.0056720574023133834,-0.005873191813793921,-0.0,-0.006873191813793921,-1.2117634442469936,止损,2,False
BTC,-1,2024-05-24 08:30:00,2024-05-24 08:30:00,66708.45564,0.005954993974451459,-0.006156184973246364,-0.0,-0.007156184973246364,-1.2017115389114315,止损,1,False
BTC,1,2024-05-25 09:30:00,2024-05-25 11:45:00,69105.51834,0.002377952810424171,0.003428499218992534,0.0,0.002428499218992534,1.0212562706655843,保本/跟踪,10,False
BTC,1,2024-05-26 08:15:00,2024-05-26 08:15:00,69500.79737999999,0.0023889298790269187,-0.0025884520930511564,0.0,-0.0035884520930511564,-1.5021169623081772,止损,1,False
BTC,1,2024-05-27 16:15:00,2024-05-27 17:15:00,70615.72032000001,0.005673950231689606,-0.005872815441643223,0.0,-0.006872815441643223,-1.2112928666976719,止损,5,False
BTC,-1,2024-05-28 18:45:00,2024-05-28 19:00:00,67502.89671999999,0.007135968380120139,-0.007337395573796163,-0.0,-0.008337395573796164,-1.1683621801104167,止损,2,False
BTC,-1,2024-05-29 08:00:00,2024-05-29 13:00:00,67980.10126,0.004125524446847668,-0.0043263495517368335,-0.0,-0.0053263495517368335,-1.2910721098275693,止损,21,False
BTC,-1,2024-05-29 16:15:00,2024-05-29 16:45:00,67236.55,0.006308953487174817,-0.006510215277872213,-0.0,-0.007510215277872213,-1.1904058720894655,止损,3,False
BTC,-1,2024-05-31 16:15:00,2024-05-31 17:00:00,66851.1271,0.006481748504148062,-0.006683044853848762,-0.0,-0.007683044853848762,-1.1853352299818356,止损,4,False
BTC,1,2024-06-03 02:00:00,2024-06-03 03:00:00,68535.2043,0.004053217312619955,-0.004252406669157559,0.0,-0.005252406669157559,-1.2958611058932987,止损,5,False
BTC,1,2024-06-03 06:15:00,2024-06-03 14:00:00,68893.07586,0.004016049832457399,0.01339841643702764,0.00014135,0.012257066437027639,3.052020504817194,保本/跟踪,32,False
BTC,1,2024-06-04 16:00:00,2024-06-05 02:00:00,70506.19842,0.006219643870467893,0.0056607372036808525,0.0001,0.004560737203680852,0.7332794768742533,保本/跟踪,41,False
BTC,1,2024-06-05 07:45:00,2024-06-05 08:00:00,71414.38002000001,0.004254926225110891,-0.004454075239865956,0.00016387,-0.005617945239865956,-1.3203390476457773,止损,2,False
BTC,1,2024-06-06 12:30:00,2024-06-06 12:30:00,71421.88152000001,0.002931927470324305,-0.0031313410848302792,0.0,-0.004131341084830279,-1.4090870687102315,止损,1,False
BTC,1,2024-06-06 13:45:00,2024-06-06 13:45:00,71561.70947999999,0.003933364180147905,-0.004132577507311835,0.0,-0.005132577507311835,-1.3048823531816562,止损,1,False
BTC,1,2024-06-06 15:30:00,2024-06-06 15:45:00,71650.52724,0.004516250997645362,-0.004715347747445907,0.0,-0.005715347747445907,-1.2655071098629636,止损,2,False
BTC,1,2024-06-07 05:30:00,2024-06-07 07:30:00,71365.87032,0.002882406691005577,-0.0030818302096673298,0.0,-0.00408183020966733,-1.4161187671415354,止损,9,False
BTC,1,2024-06-07 11:45:00,2024-06-07 12:15:00,71590.51524,0.0026535929971937653,0.0015912916672689594,0.0,0.0005912916672689594,0.22282681175834565,保本/跟踪,3,False
BTC,-1,2024-06-11 01:45:00,2024-06-11 02:00:00,69394.51832,0.0027403547096015494,0.007553143274695455,-0.0,0.006553143274695455,2.3913485548913807,保本/跟踪,2,False
BTC,-1,2024-06-11 02:30:00,2024-06-11 07:00:00,68162.66474000001,0.005316920575649552,0.004533469985379115,-0.0,0.003533469985379115,0.6645707670642498,保本/跟踪,19,False
BTC,-1,2024-06-11 09:45:00,2024-06-11 16:00:00,67217.85374,0.005373538719931451,0.007879184772888579,-0.0001,0.006979184772888579,1.298806082293869,保本/跟踪,26,False
BTC,-1,2024-06-12 01:30:00,2024-06-12 02:00:00,66986.50001999999,0.0037785729256302517,-0.003979328640215316,-0.0,-0.004979328640215316,-1.3177802144402926,止损,3,False
BTC,-1,2024-06-13 09:45:00,2024-06-13 09:45:00,67183.76056,0.003861129478492952,-0.004061901704388609,-0.0,-0.005061901704388609,-1.3109898884728242,止损,1,False
BTC,-1,2024-06-13 15:30:00,2024-06-14 15:30:00,66961.80496,0.007273668030607727,0.0005319808810600634,-0.00030000000000000003,-0.0001680191189399366,-0.02309964081848513,超时,97,False
BTC,-1,2024-06-14 16:15:00,2024-06-14 21:30:00,65828.53166,0.006505611854935283,-0.006706912977306284,-0.0,-0.007706912977306284,-1.1846561321453064,止损,22,False
BTC,1,2024-06-16 22:15:00,2024-06-17 00:45:00,66721.24157999999,0.0023538927275464686,-0.002553421949000723,0.0001,-0.0036534219490007226,-1.5520766542359776,止损,11,False
BTC,-1,2024-06-17 07:00:00,2024-06-17 07:30:00,66094.37848000001,0.0031288983851550825,-0.0033295241648320308,-0.0,-0.004329524164832031,-1.3837215632739188,止损,3,False
BTC,-1,2024-06-17 10:00:00,2024-06-17 11:00:00,65683.16074,0.004258286700781651,-0.004459138358121787,-0.0,-0.005459138358121787,-1.282003477389089,止损,5,False
BTC,-1,2024-06-17 13:45:00,2024-06-17 14:30:00,65376.12216,0.004426089515009053,-0.004626974732911966,-0.0,-0.005626974732911966,-1.2713196861090725,止损,4,False
BTC,-1,2024-06-18 01:30:00,2024-06-18 05:30:00,65395.11836,0.006660835567871742,-0.006862167734985492,-0.0,-0.007862167734985492,-1.1803575774949806,止损,17,False
BTC,-1,2024-06-18 11:15:00,2024-06-18 14:15:00,65265.54428,0.004074434013891483,0.0061206285524423075,-0.0,0.0051206285524423075,1.256770519533241,保本/跟踪,13,False
BTC,1,2024-06-20 11:00:00,2024-06-20 12:15:00,66205.33842,0.003798797174413049,-0.00399803741497815,0.0,-0.00499803741497815,-1.3156894631391831,止损,6,False
BTC,-1,2024-06-21 04:00:00,2024-06-21 06:15:00,64460.505320000004,0.003877036689763748,-0.004077812097101621,-0.0,-0.005077812097101621,-1.3097147392254995,止损,10,False
BTC,-1,2024-06-21 08:00:00,2024-06-21 09:15:00,64166.6641,0.003534176586667277,0.004284490811532274,-0.0,0.003284490811532274,0.9293510754168466,保本/跟踪,6,False
BTC,-1,2024-06-23 20:45:00,2024-06-24 00:30:00,63756.746100000004,0.0022541024744015307,0.00828395336838875,-9.534e-05,0.00737929336838875,3.2737169016009218,保本/跟踪,16,False
BTC,-1,2024-06-24 03:00:00,2024-06-24 07:30:00,62852.427,0.004747140830979686,0.005411870276376799,-0.0,0.004411870276376799,0.9293742135445147,保本/跟踪,19,False
BTC,-1,2024-06-24 09:45:00,2024-06-24 13:45:00,61041.7892,0.008802993194409813,-0.00900475379304864,-0.0,-0.010004753793048639,-1.1365172699897101,止损,17,True
BTC,-1,2024-06-24 16:45:00,2024-06-24 20:45:00,60508.195940000005,0.007924861503476002,0.02191375630030068,-0.0,0.02091375630030068,2.63900590453568,保本/跟踪,17,True
BTC,-1,2024-06-26 17:15:00,2024-06-26 17:30:00,60897.318100000004,0.00572361927896803,-0.0059247640028238435,-0.0,-0.0069247640028238435,-1.209857550845412,止损,2,False
BTC,-1,2024-06-26 19:15:00,2024-06-26 19:45:00,60778.3419,0.00586860872766297,-0.006069782449408367,-0.0,-0.0070697824494083674,-1.2046777656318102,止损,3,False
BTC,-1,2024-06-28 19:30:00,2024-06-29 00:30:00,60427.01218,0.005852520974671666,-0.006053691478866537,-0.0001,-0.006953691478866536,-1.1881531922671404,止损,21,False
BTC,1,2024-06-30 19:00:00,2024-06-30 21:15:00,62069.81148,0.003147546852607518,-0.0033469173432369727,0.0,-0.004346917343236972,-1.3810492891109345,止损,10,False
BTC,1,2024-06-30 22:30:00,2024-07-01 00:00:00,62961.0897,0.0047401949404810555,-0.004939246901492923,0.0001,-0.0060392469014929236,-1.2740503243691566,止损,7,False
BTC,1,2024-07-01 01:15:00,2024-07-01 02:00:00,63655.42853999999,0.0053571687579949635,-0.005556097324243283,0.0,-0.006556097324243283,-1.223798917004258,止损,4,False
BTC,1,2024-07-01 16:15:00,2024-07-01 22:15:00,63289.755419999994,0.004943041489906973,-0.005142052881609041,0.0,-0.006142052881609041,-1.2425655123774073,止损,25,False
BTC,-1,2024-07-03 02:00:00,2024-07-03 05:00:00,61605.576420000005,0.004835383078855301,0.00968088218962608,-0.0,0.00868088218962608,1.7952832377618235,保本/跟踪,13,False
BTC,-1,2024-07-03 09:00:00,2024-07-03 10:45:00,60484.00078,0.004484093851793309,0.004468296351344724,-0.0,0.003468296351344724,0.7734664942299679,保本/跟踪,8,False
BTC,-1,2024-07-03 20:00:00,2024-07-03 21:30:00,59649.267759999995,0.005488264778399572,-0.005689362431355291,-0.0,-0.006689362431355291,-1.2188483430469566,止损,7,False
BTC,-1,2024-07-04 02:00:00,2024-07-04 02:30:00,58549.98766,0.008364724055901777,-0.00856639700071285,-0.0,-0.00956639700071285,-1.1436596039247975,止损,3,True
BTC,-1,2024-07-04 07:30:00,2024-07-04 08:45:00,58415.514559999996,0.006595075039500794,0.012472514001918917,-0.0001,0.011572514001918915,1.7547205956878518,保本/跟踪,6,False
BTC,-1,2024-07-04 23:45:00,2024-07-05 04:30:00,57098.67798,0.008601606691819476,0.04626055715547595,-0.0001,0.045360557155475954,5.273498170826147,保本/跟踪,20,True
BTC,1,2024-07-06 23:30:00,2024-07-07 00:00:00,58366.57098,0.0044945927304190164,-0.004693693811872986,8.164e-05,-0.005775333811872986,-1.2849515313781434,止损,3,False
BTC,-1,2024-07-07 23:45:00,2024-07-08 02:00:00,56019.193920000005,0.0066294211515685935,0.018647347782715804,-7.905e-05,0.017726397782715803,2.6738982751942895,保本/跟踪,10,False
BTC,1,2024-07-09 08:45:00,2024-07-09 10:15:00,57833.264339999994,0.00686946805363709,-0.007068094160026266,0.0,-0.008068094160026266,-1.174486015078643,止损,7,False
BTC,1,2024-07-10 04:15:00,2024-07-10 10:00:00,58736.84502,0.007167653667938039,-0.007366220137204453,9.225e-05,-0.008458470137204454,-1.1800891238705387,止损,24,True
BTC,1,2024-07-11 11:45:00,2024-07-11 12:45:00,58703.2383,0.004982913291466642,0.0032107428049673206,0.0,0.0022107428049673206,0.44366471492756465,保本/跟踪,5,False
BTC,-1,2024-07-12 01:15:00,2024-07-12 02:15:00,56998.89794,0.006147945942257837,-0.006349175531446238,-0.0,-0.007349175531446238,-1.1953871423838918,止损,5,False
BTC,1,2024-07-13 09:45:00,2024-07-13 10:00:00,58339.96566,0.0032099556756495233,0.0038888679666021575,0.0,0.0028888679666021575,0.8999712950919814,保本/跟踪,2,False
BTC,1,2024-07-13 23:00:00,2024-07-13 23:45:00,59461.48992,0.005197541863967683,-0.005396502355594912,0.0,-0.006396502355594912,-1.2306783712391247,止损,4,False
BTC,1,2024-07-14 21:30:00,2024-07-14 22:00:00,60738.745319999995,0.004787296412753482,0.003239149567369598,0.0,0.002239149567369598,0.4677273714250167,保本/跟踪,3,False
BTC,1,2024-07-15 01:15:00,2024-07-15 09:00:00,61462.29,0.006302442868267349,0.020764376010541007,3.202e-05,0.019732356010541005,3.130905971380233,保本/跟踪,32,False
BTC,1,2024-07-15 15:00:00,2024-07-15 15:00:00,63193.436160000005,0.005479209091167975,-0.005678113249349696,0.0,-0.006678113249349696,-1.2188097110793332,止损,1,False
BTC,1,2024-07-15 16:45:00,2024-07-15 17:45:00,63436.1847,0.006020367035767868,-0.006219162962360775,0.0,-0.007219162962360775,-1.1991233955456015,止损,5,False
BTC,1,2024-07-15 22:15:00,2024-07-16 05:30:00,64114.8204,0.007477658124676364,-0.0076761625930514684,-5.062e-05,-0.008625542593051469,-1.153508551639593,止损,30,True
BTC,1,2024-07-16 23:30:00,2024-07-17 11:15:00,65218.041,0.00706064549865594,-0.00725923336955615,-1.6440000000000002e-05,-0.008242793369556151,-1.1674277332186191,止损,48,True
BTC,-1,2024-07-19 01:15:00,2024-07-19 01:30:00,63384.72052,0.004301634647939173,-0.004502494974868741,-0.0,-0.005502494974868741,-1.279163719193325,止损,2,False
BTC,-1,2024-07-19 08:15:00,2024-07-19 08:30:00,63379.221620000004,0.005149556234816363,-0.005350586146063364,-0.0,-0.006350586146063364,-1.233229788447942,止损,2,False
BTC,1,2024-07-19 16:15:00,2024-07-19 22:30:00,66133.32402,0.00757995765719334,0.011114352984747304,0.0,0.010114352984747305,1.3343548133344567,保本/跟踪,26,True
BTC,1,2024-07-20 17:15:00,2024-07-20 17:30:00,67062.9099,0.0038103024528893465,0.0013175264856796732,0.0,0.0003175264856796732,0.08333366959856253,保本/跟踪,2,False
BTC,1,2024-07-22 19:45:00,2024-07-22 22:00:00,67899.17712000001,0.00526406037930133,-0.005463007567225338,0.0,-0.006463007567225338,-1.2277609110713006,止损,10,False
BTC,-1,2024-07-23 14:00:00,2024-07-23 14:00:00,66059.58544000001,0.005763039282647914,-0.00596419189050439,-0.0,-0.00696419189050439,-1.2084234635486621,止损,1,False
BTC,-1,2024-07-23 17:00:00,2024-07-24 08:30:00,65811.835,0.00790747924793233,-0.008109060743781725,-0.0002,-0.008909060743781725,-1.1266625512942436,止损,63,True
BTC,-1,2024-07-24 20:00:00,2024-07-24 20:45:00,65618.67364000001,0.006103481326638122,-0.006304702022903345,-0.0,-0.007304702022903345,-1.1968091048337606,止损,4,False
BTC,-1,2024-07-25 01:15:00,2024-07-25 14:15:00,64521.0932,0.007260966235159665,0.008093225201098194,-0.0001,0.007193225201098195,0.9906705207175529,保本/跟踪,53,True
BTC,1,2024-07-26 09:30:00,2024-07-26 14:15:00,67276.15254,0.003581443910269288,0.003742052276835408,0.0,0.002742052276835408,0.7656275919812559,保本/跟踪,20,False
BTC,1,2024-07-26 19:30:00,2024-07-26 20:30:00,67863.46998,0.004773021494226964,-0.004972066889928169,0.0,-0.005972066889928169,-1.251213072715358,止损,5,False
BTC,1,2024-07-27 07:15:00,2024-07-27 08:15:00,68136.02448,0.0024266867204035454,-0.002626201383059502,8.022e-05,-0.003706421383059502,-1.5273588271184604,止损,5,False
BTC,1,2024-07-27 12:15:00,2024-07-27 14:15:00,68344.96626,0.002819829343686529,0.00945909308260539,0.0,0.008459093082605389,2.999859938880669,保本/跟踪,9,False
BTC,1,2024-07-29 00:15:00,2024-07-29 03:45:00,68582.2137,0.004537754700009473,0.0099171208216452,0.0,0.0089171208216452,1.9650953855276896,保本/跟踪,15,False
BTC,-1,2024-07-29 23:15:00,2024-07-30 00:45:00,66677.76178,0.006105278580198963,0.003548845554519254,-3.396e-05,0.002582805554519254,0.4230446687389462,保本/跟踪,7,False
BTC,-1,2024-07-30 12:30:00,2024-07-30 12:30:00,66218.85358000001,0.00438842843661852,-0.004589306122305834,-0.0,-0.005589306122305834,-1.273646409650158,止损,1,False
BTC,-1,2024-07-30 14:30:00,2024-07-30 16:30:00,66097.7778,0.005576868659479158,-0.005777984033210917,-7.691e-05,-0.006701074033210917,-1.2015836201953431,止损,9,False
BTC,-1,2024-07-31 04:45:00,2024-07-31 05:45:00,65642.06896,0.004410271545246987,-0.004611153599556013,-0.0,-0.005611153599556013,-1.2722920894980343,止损,5,False
BTC,-1,2024-07-31 20:30:00,2024-08-01 05:15:00,64838.62968,0.008644596300727815,0.01106555837002534,-8.208e-05,0.010147638370025339,1.1738707068566034,保本/跟踪,36,True
BTC,-1,2024-08-01 15:00:00,2024-08-01 17:45:00,63905.31638,0.005564297371226023,0.015254406165851749,-0.0001,0.014354406165851749,2.579733829482398,保本/跟踪,12,False
BTC,-1,2024-08-02 21:15:00,2024-08-03 01:45:00,61869.42364,0.01111507826297521,0.008657365018529563,-0.0001,0.007757365018529564,0.6979136660125616,保本/跟踪,19,True
BTC,-1,2024-08-03 15:30:00,2024-08-03 16:30:00,61535.6904,0.004380520761693854,0.008507102083313954,-4.247e-05,0.007549572083313954,1.7234416851376124,保本/跟踪,5,False
BTC,-1,2024-08-03 18:45:00,2024-08-04 02:00:00,60334.03078,0.00878438306387123,-0.008986139940483978,-0.0001,-0.009886139940483978,-1.1254222258526156,止损,30,True
BTC,-1,2024-08-04 14:45:00,2024-08-04 17:45:00,59744.048800000004,0.005605893972688877,0.03182610576073905,-0.0001,0.030926105760739047,5.516712572768351,保本/跟踪,13,False
BTC,-1,2024-08-05 00:00:00,2024-08-05 01:15:00,58132.871100000004,0.010033421285499023,0.0722652571687622,-0.0,0.0712652571687622,7.10278728869479,保本/跟踪,6,True
BTC,-1,2024-08-05 06:15:00,2024-08-05 06:30:00,51566.1847,0.025410656615546364,0.01221841119678337,-0.0,0.011218411196783368,0.4414845065404524,保本/跟踪,2,True
BTC,-1,2024-08-05 12:30:00,2024-08-05 13:30:00,50137.4705,0.024927017450509143,-0.0251320028539993,-0.0,-0.0261320028539993,-1.0483405367642789,止损,5,True
BTC,1,2024-08-07 09:00:00,2024-08-07 11:30:00,57331.9641,0.0074883742246798935,-0.007686876549834991,0.0,-0.008686876549834991,-1.1600484015883075,止损,11,True
BTC,1,2024-08-08 12:45:00,2024-08-08 13:30:00,58031.804039999995,0.008436797065817408,-0.008635109706404234,0.0,-0.009635109706404233,-1.1420340718448614,止损,4,True
BTC,1,2024-08-08 15:00:00,2024-08-08 23:30:00,58892.576160000004,0.01138853866701514,0.04777490716102833,1.147e-05,0.04676343716102833,4.106184167110943,保本/跟踪,35,True
BTC,1,2024-08-10 18:15:00,2024-08-10 18:45:00,61106.218799999995,0.004291863779030435,-0.004491005406274557,0.0,-0.005491005406274557,-1.2793988087653185,止损,3,False
BTC,1,2024-08-14 12:30:00,2024-08-14 12:30:00,61699.3374,0.005748797285995186,-0.005947647526538029,0.0,-0.006947647526538029,-1.2085393136862552,止损,1,False
BTC,-1,2024-08-15 02:00:00,2024-08-15 05:15:00,58161.06546,0.0066817875206597425,-0.006883123878163884,-0.0,-0.007883123878163884,-1.179792660839584,止损,14,False
BTC,-1,2024-08-15 07:30:00,2024-08-15 08:15:00,57773.34302,0.006111780695324874,-0.006313003051464002,-6.339e-05,-0.007249613051464002,-1.1861703508127341,止损,4,False
BTC,-1,2024-08-15 19:15:00,2024-08-15 22:30:00,57161.76536,0.01069790961714057,-0.010900049199063993,-0.0,-0.011900049199063994,-1.112371446847645,止损,14,True
BTC,1,2024-08-18 09:00:00,2024-08-18 10:45:00,59687.63514,0.0033773522036109004,0.002430860461869388,0.0,0.0014308604618693882,0.42366338350485977,保本/跟踪,8,False
BTC,1,2024-08-20 04:15:00,2024-08-20 11:00:00,60922.28202,0.005737605021518124,-0.005936457500513807,1.349e-05,-0.006949947500513806,-1.2112976537159588,止损,28,False
BTC,1,2024-08-21 19:00:00,2024-08-21 20:45:00,60746.74692,0.0074520265203345554,0.005768448302245176,0.0,0.004768448302245176,0.6398861154389851,保本/跟踪,8,True
BTC,1,2024-08-22 10:45:00,2024-08-22 12:30:00,61232.14398,0.004262764217868532,-0.004461911665024952,0.0,-0.005461911665024952,-1.2813074769957644,止损,8,False
BTC,1,2024-08-23 07:00:00,2024-08-23 11:00:00,61175.83272,0.00407460071300452,-0.0042737857928618435,2.391e-05,-0.005297695792861844,-1.3001754444192988,止损,17,False
BTC,1,2024-08-23 14:15:00,2024-08-23 14:15:00,62070.9117,0.005573524942308281,-0.0057724102373198005,0.0,-0.0067724102373198005,-1.2151036027327797,止损,1,False
BTC,1,2024-08-23 18:00:00,2024-08-23 21:30:00,62978.593199999996,0.00859783772513305,0.019498949046324165,0.0,0.018498949046324164,2.15158155314427,保本/跟踪,15,True
BTC,1,2024-08-24 06:45:00,2024-08-24 11:45:00,64173.23208,0.003793615356028028,-0.003992856632956882,-7.23e-06,-0.004985626632956881,-1.3142151127775135,止损,21,False
BTC,1,2024-08-24 16:30:00,2024-08-24 17:45:00,64262.85,0.0038623869692437154,-0.004061614491849806,0.0,-0.005061614491849806,-1.3104887035285615,止损,6,False
BTC,1,2024-08-25 14:45:00,2024-08-25 16:30:00,64207.839,0.002771707245883951,-0.002971152904434687,3.108e-05,-0.004002232904434687,-1.443959462305442,止损,8,False
BTC,1,2024-08-25 21:15:00,2024-08-25 23:15:00,64312.75998,0.0022864524362077084,0.0034505813332956735,0.0,0.0024505813332956735,1.071783210745546,保本/跟踪,9,False
BTC,-1,2024-08-26 21:30:00,2024-08-27 12:45:00,62936.51018,0.0057124757983668195,0.007469667164812113,-4.546e-05,0.006515127164812113,1.1405084931256546,保本/跟踪,62,False
BTC,-1,2024-08-27 14:15:00,2024-08-27 22:00:00,61875.6224,0.005641891361749391,0.023982732172080842,-7.753e-05,0.02306026217208084,4.087328290017003,保本/跟踪,32,False
BTC,-1,2024-08-27 22:15:00,2024-08-27 22:15:00,58307.13624000001,0.01303565362817525,-0.01323826075890087,-0.0,-0.014238260758900868,-1.0922552228701679,止损,1,True
BTC,-1,2024-08-28 07:30:00,2024-08-28 09:00:00,58968.30398,0.0052487682974573565,-0.005449818051116805,-2.433e-05,-0.006425488051116804,-1.2241896930808476,止损,7,False
BTC,-1,2024-08-28 15:15:00,2024-08-28 18:45:00,58775.2426,0.00833636882415976,-0.008538036097924515,-1.143e-05,-0.009526606097924516,-1.1427764652537098,止损,15,True
BTC,-1,2024-08-30 05:15:00,2024-08-30 06:30:00,58837.2302,0.004558724561570624,-0.004759636306482906,-0.0,-0.005759636306482906,-1.2634315209643923,止损,6,False
BTC,-1,2024-08-30 15:00:00,2024-08-30 18:15:00,58418.71392,0.007765720753089947,-0.00796727389724058,-2.927e-05,-0.008938003897240582,-1.1509561290475439,止损,14,True
BTC,-1,2024-09-01 02:15:00,2024-09-01 02:30:00,58573.283,0.0027419508289772024,0.0009247514083433909,-0.0,-7.52485916566091e-05,-0.02744345043002766,保本/跟踪,2,False
BTC,-1,2024-09-01 05:30:00,2024-09-01 06:45:00,57987.70014,0.004658406126774745,-0.004859337808000033,-0.0,-0.005859337808000033,-1.2577988368860307,止损,6,False
BTC,-1,2024-09-01 14:15:00,2024-09-01 14:15:00,57464.904720000006,0.006544089019295963,-0.006745397837099821,-0.0,-0.007745397837099821,-1.1835715886904454,止损,1,False
BTC,1,2024-09-02 23:00:00,2024-09-03 00:00:00,59327.56314,0.004963757625432851,-0.005162764873907703,6.245e-05,-0.006225214873907704,-1.2541335302133836,止损,5,False
BTC,1,2024-09-03 02:15:00,2024-09-03 02:30:00,59751.14784,0.004802816803671707,-0.005001856240310983,0.0,-0.006001856240310983,-1.2496533775185057,止损,2,False
BTC,-1,2024-09-04 00:00:00,2024-09-04 00:00:00,57440.509600000005,0.004998175024106627,-0.005199174659111476,-0.0,-0.006199174659111476,-1.240287630827717,止损,1,False
BTC,-1,2024-09-04 01:15:00,2024-09-04 01:30:00,56157.7662,0.00906682439668239,-0.009268637761561702,-0.0,-0.010268637761561703,-1.13255063871305,止损,2,True
BTC,-1,2024-09-04 13:45:00,2024-09-04 14:00:00,56372.52324,0.0049791425764744955,-0.005180138404989876,-0.0,-0.006180138404989876,-1.24120535013194,止损,2,False
BTC,-1,2024-09-05 06:30:00,2024-09-05 07:00:00,56812.73518,0.005477220289154048,-0.005678315733211937,-0.0,-0.006678315733211937,-1.2192892344381858,止损,3,False
BTC,-1,2024-09-05 15:30:00,2024-09-05 17:45:00,55942.10934,0.009406585831052772,-0.009608467148218976,-2.49e-05,-0.010583567148218976,-1.125123114624733,止损,10,True
BTC,-1,2024-09-06 07:15:00,2024-09-06 07:30:00,56154.7668,0.004825686842498737,0.007304306350568653,-0.0,0.006304306350568653,1.3064060218429525,保本/跟踪,2,False
BTC,-1,2024-09-06 14:15:00,2024-09-06 17:15:00,55064.4849,0.010275470629434907,0.011645106760728016,-1.428e-05,0.010659386760728017,1.0373623890465271,保本/跟踪,13,True
BTC,-1,2024-09-06 19:00:00,2024-09-06 19:45:00,53322.43338,0.011274494231876646,-0.011476749130723041,-0.0,-0.012476749130723042,-1.1066349296137146,止损,4,True
BTC,-1,2024-09-06 21:00:00,2024-09-06 21:30:00,52858.4262,0.012552325454855682,-0.012754835919946554,-0.0,-0.013754835919946553,-1.0957998156927724,止损,3,True
BTC,-1,2024-09-07 21:15:00,2024-09-07 23:45:00,53952.2074,0.004003771212555943,-0.004204571966798422,-0.0,-0.005204571966798422,-1.2999174254704497,止损,11,False
BTC,-1,2024-09-08 15:30:00,2024-09-08 17:15:00,53915.81468,0.004208968421669226,-0.004409810215353447,5.245e-05,-0.005462260215353447,-1.2977669747370497,止损,8,False
BTC,1,2024-09-09 09:15:00,2024-09-09 12:15:00,55314.76074,0.005173052883071035,-0.0053720182724944195,0.0,-0.0063720182724944195,-1.2317713382260278,止损,13,False
BTC,1,2024-09-09 14:00:00,2024-09-09 14:15:00,55663.33044,0.005507190357403584,-0.00570608891933208,0.0,-0.00670608891933208,-1.2176969532779558,止损,2,False
BTC,1,2024-09-09 16:30:00,2024-09-09 21:30:00,56072.31222,0.0077923666008772215,0.025671184415624704,0.0,0.024671184415624704,3.1660708074036656,保本/跟踪,21,True
BTC,1,2024-09-10 18:15:00,2024-09-11 01:30:00,57383.674439999995,0.007018969598177394,-0.007217565804257758,-8.953e-05,-0.008128035804257756,-1.1580098318659697,止损,30,False
BTC,1,2024-09-11 17:15:00,2024-09-12 17:15:00,57623.0223,0.00967832261666133,0.008190413504221963,-5.447e-05,0.007244883504221963,0.7485680929616692,超时,97,True
BTC,1,2024-09-13 15:30:00,2024-09-14 02:45:00,59016.60096,0.006606851260878154,0.021260722470923758,-0.00011142000000000001,0.020372142470923758,3.0834873779519567,保本/跟踪,46,False
BTC,1,2024-09-15 01:30:00,2024-09-15 08:15:00,60164.030399999996,0.0025852177854017158,-0.0027847007418445877,1e-08,-0.0037847107418445877,-1.463981395771066,止损,28,False
BTC,-1,2024-09-16 02:15:00,2024-09-16 06:00:00,58373.323000000004,0.006691547393515257,-0.006892885702993925,-0.0,-0.007892885702993926,-1.1795307182077017,止损,16,False
BTC,-1,2024-09-16 14:30:00,2024-09-16 23:45:00,57958.9059,0.006352116806333388,-0.006553387229694587,-6.762e-05,-0.007485767229694587,-1.178468132423335,止损,38,False
BTC,1,2024-09-19 00:00:00,2024-09-19 12:45:00,61747.64706,0.00845882801902369,0.01592860807522398,2.949e-05,0.01489911807522398,1.761369074027305,保本/跟踪,52,True
BTC,1,2024-09-19 17:00:00,2024-09-19 20:30:00,63536.10468,0.0067757256730842114,-0.006974370527949601,0.0,-0.007974370527949602,-1.1769028016625391,止损,15,False
BTC,1,2024-09-20 04:15:00,2024-09-20 05:45:00,63931.58376,0.005396165651303801,-0.005595086418173529,0.0,-0.006595086418173529,-1.2221801264718493,止损,7,False
BTC,1,2024-09-22 22:45:00,2024-09-23 00:00:00,63492.695999999996,0.00584641007857874,-0.006045240796562977,6.546e-05,-0.007110700796562977,-1.216250776286905,止损,6,False
BTC,1,2024-09-24 08:00:00,2024-09-24 14:00:00,63540.40553999999,0.0034152923877084854,-0.0036146093292308543,0.0,-0.004614609329230855,-1.3511608393584889,止损,25,False
BTC,1,2024-09-24 20:00:00,2024-09-25 06:15:00,64282.854,0.005472269017201796,-0.005671174563398422,1.223e-05,-0.006683404563398422,-1.2213223696403601,止损,42,False
BTC,-1,2024-09-25 23:45:00,2024-09-26 00:00:00,62913.9147,0.004130267755680921,-0.004331093809232111,-1.65e-05,-0.005314593809232111,-1.286743166208105,止损,2,False
BTC,1,2024-09-26 12:45:00,2024-09-26 13:15:00,64593.016019999995,0.004052072821021804,-0.004251262406457595,0.0,-0.005251262406457595,-1.2959447271565552,止损,3,False
BTC,1,2024-09-26 15:45:00,2024-09-26 19:45:00,65309.75934,0.007309753916029727,-0.007508291965246544,0.0001,-0.008608291965246543,-1.177644564253965,止损,17,False
BTC,1,2024-09-27 14:15:00,2024-09-27 17:30:00,66055.30842,0.005137815599170655,-0.005336788036050946,2.275e-05,-0.006359538036050947,-1.2377902463213162,止损,14,False
BTC,1,2024-09-29 00:00:00,2024-09-29 00:45:00,65835.86454,0.002304587730109053,-0.002504126812563012,0.0,-0.003504126812563012,-1.5205005072196565,止损,4,False
BTC,-1,2024-09-30 08:30:00,2024-09-30 11:00:00,64244.84846,0.0037500970272481876,0.008613097301910714,-0.0,0.0076130973019107135,2.0301067536637007,保本/跟踪,11,False
BTC,-1,2024-09-30 18:30:00,2024-09-30 19:30:00,63130.47138,0.005696642981199784,-0.005897782309795956,-0.0,-0.006897782309795956,-1.2108503784703035,止损,5,False
BTC,-1,2024-09-30 23:45:00,2024-09-30 23:45:00,62940.00948,0.005084595794127578,-0.005285612713286291,-0.0,-0.006285612713286291,-1.2362069607471688,止损,1,False
BTC,-1,2024-10-01 13:30:00,2024-10-01 13:45:00,63359.325600000004,0.00323472718608718,0.007258156004948881,-0.0,0.006258156004948881,1.934678149015382,保本/跟踪,2,False
BTC,-1,2024-10-01 15:15:00,2024-10-01 15:30:00,62144.46862,0.007735743178472038,-0.007937290327107722,-0.0,-0.008937290327107723,-1.1553240743539026,止损,2,True
BTC,-1,2024-10-01 17:30:00,2024-10-01 17:45:00,61520.1935,0.009739681956532908,-0.009941629892924202,-0.0,-0.010941629892924201,-1.1234073085502636,止损,2,True
BTC,-1,2024-10-01 20:30:00,2024-10-02 01:15:00,60696.8582,0.010009021894144089,-0.01021102369852293,-6.632e-05,-0.011144703698522931,-1.1134658127826944,止损,20,True
BTC,-1,2024-10-02 13:00:00,2024-10-02 13:45:00,60768.14394,0.005934284013266377,-0.006135470870069053,-0.0,-0.007135470870069053,-1.2024147907510603,止损,4,False
BTC,-1,2024-10-02 19:30:00,2024-10-02 20:30:00,60206.4563,0.009164314488679184,-0.009366147351576854,-0.0,-0.010366147351576854,-1.1311426909652993,止损,5,True
BTC,1,2024-10-05 09:45:00,2024-10-05 13:30:00,62279.35338,0.002393110018459651,-0.0025926313964559455,0.0,-0.0035926313964559455,-1.501239545505049,止损,16,False
BTC,1,2024-10-06 14:45:00,2024-10-06 16:15:00,62535.80466,0.0023459533438464834,0.0011001476629921535,4.18e-05,5.834766299215345e-05,0.02487162123032045,保本/跟踪,7,False
BTC,1,2024-10-07 00:45:00,2024-10-07 03:30:00,63297.55698,0.004895292390119496,0.0039260626514857665,0.0,0.0029260626514857665,0.5977299042221951,保本/跟踪,12,False
BTC,1,2024-10-07 14:15:00,2024-10-07 15:15:00,63888.07506,0.005439634122346994,-0.0056385461955224215,0.0,-0.0066385461955224215,-1.220403072377622,止损,5,False
BTC,-1,2024-10-09 12:45:00,2024-10-09 13:30:00,61839.72958,0.0030858985898088343,-0.0032865157695267737,-0.0,-0.004286515769526773,-1.3890656626510578,止损,4,False
BTC,-1,2024-10-09 18:15:00,2024-10-09 21:15:00,61422.81298,0.00534580126824498,0.010687891031752378,-0.0,0.009687891031752379,1.812243019451582,保本/跟踪,13,False
BTC,-1,2024-10-10 14:45:00,2024-10-10 16:00:00,60547.98798,0.005302780973112797,-0.0055038415293073625,-0.0001,-0.006403841529307362,-1.2076383244522788,止损,6,False
BTC,-1,2024-10-10 17:15:00,2024-10-10 19:00:00,60152.967000000004,0.006358549428445855,0.010413262402977052,-0.0,0.009413262402977053,1.4804103528495847,保本/跟踪,8,False
BTC,1,2024-10-11 17:45:00,2024-10-11 23:45:00,62711.739839999995,0.005860945433320389,-0.006059773244233731,0.0,-0.007059773244233731,-1.2045451240848992,止损,25,False
BTC,1,2024-10-12 11:15:00,2024-10-12 11:30:00,63087.715019999996,0.002266351601486876,-0.002465898331166596,0.0,-0.003465898331166596,-1.5292853628239935,止损,2,False
BTC,1,2024-10-12 15:15:00,2024-10-12 15:30:00,63412.68,0.00362205158178967,-0.0038213271714732863,0.0,-0.004821327171473286,-1.3311039510627425,止损,2,False
BTC,1,2024-10-14 03:45:00,2024-10-14 09:00:00,64016.40072,0.005676728521620502,0.005053352041084054,0.0001,0.003953352041084054,0.6964137929138655,保本/跟踪,22,False
BTC,1,2024-10-14 14:15:00,2024-10-14 16:00:00,65435.0844,0.005492739678510343,0.004192007347036888,0.0001,0.0030920073470368883,0.5629262495606664,保本/跟踪,8,False
BTC,1,2024-10-14 22:30:00,2024-10-15 01:30:00,66099.81732,0.004720080078186777,-0.004919136062171173,0.0001,-0.006019136062171173,-1.2752190561316556,止损,13,False
BTC,1,2024-10-15 14:00:00,2024-10-15 14:15:00,67660.32936,0.006849267350166842,-0.00704789749669675,0.0,-0.00804789749669675,-1.1750012206051075,止损,2,False
BTC,1,2024-10-16 10:30:00,2024-10-16 12:00:00,67648.42697999999,0.004624829616431383,0.003108698448556449,0.0,0.002108698448556449,0.4559515968035954,保本/跟踪,7,False
BTC,1,2024-10-18 02:00:00,2024-10-18 03:30:00,68093.616,0.004824051852032436,-0.005023087041662034,0.0,-0.006023087041662034,-1.248553545112586,止损,7,False
BTC,1,2024-10-18 13:45:00,2024-10-18 13:45:00,68172.03167999999,0.0037858540767036833,-0.003985096905888237,0.0,-0.004985096905888237,-1.316769427687167,止损,1,False
BTC,1,2024-10-18 15:30:00,2024-10-18 21:45:00,68657.12868,0.005326972605691567,-0.005525907211170511,0.0001,-0.006625907211170511,-1.2438410522500352,止损,26,False
BTC,1,2024-10-20 22:30:00,2024-10-21 02:45:00,69121.12146,0.0035114187451979638,-0.0037107164614489404,0.0001,-0.00481071646144894,-1.3700207268152877,止损,18,False
BTC,-1,2024-10-22 00:15:00,2024-10-22 00:45:00,67253.84654,0.0039428559317328336,0.0042923476221779925,-0.0,0.0032923476221779924,0.8350159577682182,保本/跟踪,3,False
BTC,-1,2024-10-23 07:45:00,2024-10-23 08:00:00,66791.639,0.003309039425455585,-0.0035097012333407842,-0.0001,-0.004409701233340784,-1.3326227543310882,止损,2,False
BTC,-1,2024-10-23 09:15:00,2024-10-23 09:30:00,66173.7626,0.004399882989602708,-0.004600762966200491,-0.0,-0.005600762966200491,-1.2729345256306959,止损,2,False
BTC,-1,2024-10-23 15:45:00,2024-10-23 18:30:00,65957.50586,0.005478282591376471,0.002461811780453842,-0.0001,0.0015618117804538421,0.2850914961766187,保本/跟踪,12,False
BTC,1,2024-10-24 19:30:00,2024-10-24 21:30:00,68089.81524,0.0051377430308583785,0.003926832380170599,0.0,0.002926832380170599,0.5696727848378987,保本/跟踪,9,False
BTC,-1,2024-10-25 23:15:00,2024-10-25 23:15:00,65745.64824000001,0.007883854899267493,-0.00808543167024748,-0.0,-0.00908543167024748,-1.1524098028607337,止损,1,True
BTC,1,2024-10-27 22:15:00,2024-10-27 23:30:00,68234.84423999999,0.0034887831092415833,-0.003688085352619779,0.0,-0.004688085352619779,-1.3437594730957374,止损,6,False
BTC,1,2024-10-28 10:30:00,2024-10-28 11:00:00,68732.24369999999,0.0035134505505514564,-0.003712747860441326,0.0,-0.004712747860441326,-1.3413445820951237,止损,3,False
BTC,1,2024-10-28 12:30:00,2024-10-28 14:30:00,68911.87962,0.0037388361419119173,-0.003938088374683535,0.0,-0.004938088374683535,-1.3207554937559687,止损,9,False
BTC,1,2024-10-28 19:30:00,2024-10-29 03:30:00,69804.55812,0.0062767555034484585,0.017074327843898868,0.0001,0.015974327843898867,2.544997624190165,保本/跟踪,33,False
BTC,1,2024-10-29 11:45:00,2024-10-29 12:00:00,71535.50424,0.003587736501587619,-0.0037870189542872266,0.0,-0.004787018954287226,-1.3342727238103773,止损,2,False
BTC,1,2024-10-29 14:00:00,2024-10-29 14:00:00,71795.8563,0.0045275882878567635,-0.0047266827701991825,0.0,-0.0057266827701991825,-1.2648417669862906,止损,1,False
BTC,1,2024-10-29 15:45:00,2024-10-29 19:15:00,72192.4356,0.00600548927434665,0.011386797217536338,0.0001,0.01028679721753634,1.7128991074012805,保本/跟踪,15,False
BTC,-1,2024-11-01 02:00:00,2024-11-01 10:15:00,69411.01501999999,0.006363824627799834,-0.00656509739272535,-0.0001,-0.00746509739272535,-1.173052029139002,止损,34,False
BTC,-1,2024-11-01 19:15:00,2024-11-01 23:00:00,68886.22,0.009313277677465861,-0.009515140333001307,-0.0,-0.010515140333001306,-1.1290483004112974,止损,16,True
BTC,-1,2024-11-02 14:00:00,2024-11-02 16:30:00,69346.128,0.0030735446772905926,-0.003274159386226045,-0.0001,-0.004174159386226045,-1.3580929592686684,止损,11,False
BTC,-1,2024-11-03 01:15:00,2024-11-03 02:45:00,69101.27698000001,0.002633070373215272,0.012148028422157524,-0.0,0.011148028422157525,4.233851299820954,保本/跟踪,7,False
BTC,-1,2024-11-03 09:45:00,2024-11-03 10:15:00,68231.8509,0.0035236040183713986,-0.003724308739175057,-0.0,-0.004724308739175057,-1.3407604017203447,止损,3,False
BTC,-1,2024-11-03 14:30:00,2024-11-03 14:30:00,67688.15966,0.0042384245635080425,-0.004439272248420798,-0.0,-0.005439272248420798,-1.2833240669780477,止损,1,False
BTC,-1,2024-11-04 17:15:00,2024-11-04 17:15:00,67420.21326,0.006501189110259117,-0.006702489348081233,-0.0,-0.007702489348081233,-1.1847816172469772,止损,1,False
BTC,-1,2024-11-04 21:45:00,2024-11-04 22:00:00,66980.50121999999,0.006908870516563833,-0.007110252290667102,-0.0,-0.008110252290667103,-1.1738897510415038,止损,2,True
BTC,1,2024-11-06 00:30:00,2024-11-06 01:15:00,70304.15802,0.007988019036605131,0.004138162284178598,0.0,0.003138162284178598,0.3928586386434429,保本/跟踪,4,True
BTC,1,2024-11-06 02:30:00,2024-11-06 03:15:00,72387.27456,0.010193328709135618,0.023301162949599965,0.0,0.022301162949599964,2.18781946368637,保本/跟踪,4,True
BTC,1,2024-11-06 20:15:00,2024-11-07 00:00:00,75953.08757999999,0.007776325933110897,-0.007974770667924368,0.0001,-0.009074770667924368,-1.1669740628134952,止损,16,True
BTC,1,2024-11-07 16:00:00,2024-11-07 16:15:00,76096.7163,0.006073416629419068,-0.00627220194609318,0.0,-0.00727220194609318,-1.197382361497696,止损,2,False
BTC,1,2024-11-07 17:30:00,2024-11-07 18:00:00,76269.45083999999,0.006271284766172426,-0.006470030509219147,0.0,-0.007470030509219147,-1.191148351213902,止损,3,False
BTC,1,2024-11-08 19:45:00,2024-11-08 20:15:00,77093.31558,0.00594851526943159,-0.006147325566377607,0.0,-0.007147325566377607,-1.201531011125835,止损,3,False
BTC,1,2024-11-09 23:30:00,2024-11-09 23:45:00,76838.66466,0.003287264758507771,-0.003486607305555924,0.0,-0.004486607305555924,-1.3648451327031492,止损,2,False
BTC,1,2024-11-10 02:30:00,2024-11-10 05:00:00,77313.25956,0.004528558949013153,0.022102510204736497,0.0,0.021102510204736497,4.659873138967326,保本/跟踪,11,False
BTC,1,2024-11-10 17:45:00,2024-11-10 19:15:00,80301.85716,0.005401428213847897,0.0023712024530433136,0.0,0.0013712024530433136,0.2538592384747236,保本/跟踪,7,False
BTC,1,2024-11-11 10:15:00,2024-11-11 13:00:00,82172.03112,0.006077304995578563,-0.006276089534579534,0.0,-0.007276089534579534,-1.1972559448428417,止损,12,False
BTC,1,2024-11-11 15:15:00,2024-11-11 19:15:00,82981.19292,0.008203755975116335,0.03292292766173859,0.0001,0.03182292766173859,3.8790680461808003,保本/跟踪,17,True
BTC,1,2024-11-11 20:15:00,2024-11-12 00:00:00,87257.34797999999,0.01122678853732088,0.010733770102438107,0.00049133,0.009242440102438106,0.823248792093459,保本/跟踪,16,True
BTC,1,2024-11-12 18:45:00,2024-11-12 23:15:00,88658.62817999999,0.012540289784760277,-0.012737781726803317,0.0,-0.013737781726803316,-1.09549156858387,止损,19,True
BTC,1,2024-11-13 13:45:00,2024-11-13 15:00:00,89174.8314,0.007371298508888765,0.015787464487190782,0.0,0.014787464487190781,2.006086779603234,保本/跟踪,6,True
BTC,1,2024-11-13 15:45:00,2024-11-13 19:00:00,92134.9233,0.01147085210324629,-0.0116685579328256,0.00021856,-0.012887117932825598,-1.1234664885251637,止损,14,True
BTC,1,2024-11-15 12:00:00,2024-11-15 14:30:00,89800.9566,0.006315782491582105,-0.006514519335083771,0.0,-0.007514519335083771,-1.1898002100451346,止损,11,False
BTC,1,2024-11-15 21:00:00,2024-11-16 12:00:00,91497.59586,0.009702213494420277,-0.009900273051721356,0.0002,-0.011100273051721355,-1.1440969690169258,止损,61,True
BTC,-1,2024-11-17 22:00:00,2024-11-17 22:15:00,89173.86166,0.0056255563491844785,-0.005826681460454387,-0.0,-0.006826681460454387,-1.2135122353621135,止损,2,False
BTC,1,2024-11-18 06:30:00,2024-11-18 07:15:00,91037.80392,0.004218384752097984,0.007335921630028569,0.0,0.006335921630028569,1.5019781272624415,保本/跟踪,4,False
BTC,1,2024-11-19 13:15:00,2024-11-19 13:15:00,92782.5528,0.0051268279577007395,-0.005325802592109047,0.0,-0.006325802592109047,-1.2338628571702686,止损,1,False
BTC,1,2024-11-20 08:00:00,2024-11-20 09:30:00,92875.17132000001,0.00428935006893701,0.0028042130399857424,0.0,0.0018042130399857424,0.4206262046671476,保本/跟踪,7,False
BTC,1,2024-11-20 13:15:00,2024-11-20 16:30:00,93970.09026,0.005142120829216181,-0.00534109240505043,0.0001,-0.0064410924050504305,-1.252613973684522,止损,14,False
BTC,1,2024-11-21 04:15:00,2024-11-21 04:30:00,96963.98892,0.007354394184310176,-0.007552923305473289,0.0,-0.00855292330547329,-1.1629677565719891,止损,2,True
BTC,1,2024-11-21 11:00:00,2024-11-21 13:15:00,97775.0511,0.005594918856880621,-0.005793799873109154,0.0,-0.006793799873109154,-1.2142803223596623,止损,10,False
BTC,1,2024-11-21 19:15:00,2024-11-21 19:45:00,98893.2747,0.008044079714578952,-0.008242470898635983,0.0,-0.009242470898635984,-1.1489780343530271,止损,3,True
BTC,1,2024-11-22 07:45:00,2024-11-22 08:15:00,99469.99002,0.004839126370261944,-0.0050381585449879385,0.0001,-0.006138158544987939,-1.2684435320203629,止损,3,False
BTC,1,2024-11-22 17:15:00,2024-11-22 22:30:00,99216.8394,0.00692772553713097,-0.00712633999202351,0.0,-0.00812633999202351,-1.1730170239089655,止损,22,True
BTC,-1,2024-11-24 15:45:00,2024-11-24 21:45:00,96390.2181,0.005979762896253438,-0.006180958848832589,-0.00023228,-0.006948678848832589,-1.1620325035272243,止损,25,False
BTC,-1,2024-11-25 15:00:00,2024-11-25 15:15:00,95425.21114,0.006715732555351432,-0.006917075701862494,-0.0,-0.007917075701862494,-1.178884899988129,止损,2,True
BTC,-1,2024-11-25 21:45:00,2024-11-26 01:45:00,94073.48154000001,0.008700362802799714,-0.008902102875360278,-0.00021902,-0.009683082875360276,-1.112951619930646,止损,17,True
BTC,-1,2024-11-26 08:30:00,2024-11-26 08:45:00,92548.4866,0.007107540390720974,-0.007308961898799062,-0.0,-0.008308961898799063,-1.169034777438137,止损,2,True
BTC,-1,2024-11-26 11:30:00,2024-11-26 12:00:00,91830.33026,0.008272209578470737,-0.008473864020386458,-0.0,-0.009473864020386458,-1.1452640229332618,止损,3,True
BTC,-1,2024-11-26 20:30:00,2024-11-26 22:00:00,91379.12052,0.009552021162853355,-0.009753931567085978,-0.0,-0.010753931567085977,-1.125827862369768,止损,7,True
BTC,1,2024-11-27 20:00:00,2024-11-27 23:00:00,96689.43402,0.0064996243986329685,-0.006698324473753179,0.0,-0.007698324473753179,-1.1844260531996782,止损,13,False
BTC,1,2024-11-29 02:15:00,2024-11-29 06:15:00,96523.90092,0.004908965912155207,-0.005107984118972773,0.0,-0.006107984118972773,-1.2442506687301798,止损,17,False
BTC,1,2024-11-29 10:45:00,2024-11-29 15:30:00,96888.67386,0.0039318538373545615,0.011392859758701702,0.0,0.010392859758701703,2.643246719896956,保本/跟踪,20,False
BTC,1,2024-12-02 01:30:00,2024-12-02 01:45:00,98179.03188,0.004364689386687327,-0.004563816448809904,0.0,-0.005563816448809904,-1.2747336536203508,止损,2,False
BTC,-1,2024-12-02 18:00:00,2024-12-02 18:15:00,94631.96982,0.009154631262416316,-0.009356462188668728,-0.0,-0.010356462188668727,-1.1312811943815193,止损,2,True
BTC,-1,2024-12-03 09:30:00,2024-12-03 14:00:00,95274.54128,0.003875110354870689,0.009342647300156312,-0.0,0.008342647300156311,2.1528799275794306,保本/跟踪,19,False
BTC,1,2024-12-04 09:15:00,2024-12-04 10:30:00,96938.08374,0.003595954987587057,-0.003795235796589529,0.0,-0.004795235796589529,-1.333508292829663,止损,6,False
BTC,1,2024-12-04 20:00:00,2024-12-04 21:30:00,97302.85668,0.006600556365798207,0.0077509522965573995,0.0,0.0067509522965573995,1.0227853414809835,保本/跟踪,7,False
BTC,1,2024-12-05 02:30:00,2024-12-05 02:45:00,99372.57054,0.0072469279487144935,0.018051662596835966,0.0,0.017051662596835965,2.352950480190809,保本/跟踪,2,True
BTC,1,2024-12-05 03:15:00,2024-12-05 05:45:00,103255.84704,0.012786036217350727,-0.012983479010107216,0.0,-0.013983479010107217,-1.093652385493133,止损,11,True
BTC,1,2024-12-05 15:00:00,2024-12-05 15:15:00,103620.72,0.006537768546969072,-0.006736460993259786,0.0,-0.007736460993259786,-1.1833488655462467,止损,2,False
BTC,1,2024-12-06 17:45:00,2024-12-06 23:15:00,100742.44446,0.008133795397027212,-0.008332168637947742,0.0,-0.009332168637947742,-1.1473326021156762,止损,23,True
BTC,1,2024-12-07 19:00:00,2024-12-07 21:30:00,100210.63812,0.003542253703374499,-0.003741545252633821,0.0,-0.004741545252633822,-1.3385673781967755,止损,11,False
BTC,1,2024-12-08 13:30:00,2024-12-08 14:45:00,100320.46007999999,0.004096893330864159,-0.004296073952197868,0.0,-0.005296073952197868,-1.2927048679299555,止损,6,False
BTC,1,2024-12-09 00:00:00,2024-12-09 00:00:00,101220.34002,0.00420641456902864,-0.00440557328611489,0.0,-0.00540557328611489,-1.2850785859091307,止损,1,False
BTC,-1,2024-12-09 15:45:00,2024-12-09 21:15:00,97901.61576,0.008912468664914188,0.013179530797153382,-0.00011115,0.012290680797153383,1.3790433671355546,保本/跟踪,23,True
BTC,-1,2024-12-10 16:45:00,2024-12-10 16:45:00,94586.57890000001,0.009907279907045718,-0.010109261363027172,-0.0,-0.011109261363027173,-1.121323054083356,止损,1,True
BTC,1,2024-12-11 15:00:00,2024-12-11 17:30:00,99519.9,0.005360624741077836,0.0068606140840255965,0.0001,0.005760614084025596,1.0746161804393226,保本/跟踪,11,False
BTC,1,2024-12-11 20:00:00,2024-12-12 01:45:00,101114.41884,0.006468123626846065,-0.0066668300021206,0.0001,-0.0077668300021206,-1.2007856451420056,止损,24,False
BTC,1,2024-12-13 18:00:00,2024-12-13 22:00:00,101724.44082,0.006414858536361108,-0.006613575564653813,0.0,-0.007613575564653813,-1.1868656996094398,止损,17,False
BTC,1,2024-12-15 04:30:00,2024-12-15 04:30:00,102620.52,0.003622452304871931,-0.003821727814410856,0.0,-0.004821727814410856,-1.331067301542104,止损,1,False
BTC,1,2024-12-15 12:00:00,2024-12-15 13:00:00,102643.5246,0.0029451707790698308,0.0013843863943663907,0.0,0.0003843863943663907,0.13051412743127613,保本/跟踪,5,False
BTC,1,2024-12-15 23:15:00,2024-12-15 23:30:00,103646.32512000001,0.0045216155895307685,0.008449256535539518,0.0,0.007449256535539518,1.6474767454330557,保本/跟踪,2,False
BTC,1,2024-12-16 00:45:00,2024-12-16 01:00:00,105921.78012000001,0.007648243632839656,-0.007846713984112956,0.0,-0.008846713984112957,-1.1566987675611387,止损,2,True
BTC,1,2024-12-16 15:00:00,2024-12-16 19:00:00,105474.99078,0.0060075661164590705,0.012566052439647318,9.181e-05,0.01147424243964732,1.9099652367056048,保本/跟踪,17,False
BTC,1,2024-12-17 08:30:00,2024-12-17 11:45:00,107293.75446,0.003896701061015718,-0.004095921720803481,0.0,-0.005095921720803481,-1.3077527993577145,止损,14,False
BTC,-1,2024-12-18 20:15:00,2024-12-19 02:45:00,101956.80456,0.009942444897568854,0.01770345326184094,-0.0001,0.016803453261840937,1.6900725560922898,保本/跟踪,27,True
BTC,-1,2024-12-19 15:30:00,2024-12-19 15:45:00,99871.0218,0.007604754723856343,-0.007806275674801125,-0.0,-0.008806275674801125,-1.15799601625225,止损,2,True
BTC,-1,2024-12-19 17:45:00,2024-12-19 18:30:00,98778.14042,0.009394616699348001,0.0033047480682326428,-0.0,0.0023047480682326428,0.24532646109900313,保本/跟踪,4,True
BTC,-1,2024-12-19 20:15:00,2024-12-19 20:45:00,95943.00756,0.013725339601350766,-0.013928084669270929,-0.0,-0.014928084669270928,-1.0876295306967703,止损,3,True
BTC,-1,2024-12-20 09:00:00,2024-12-20 12:30:00,95449.20634,0.009564933656875562,0.017103074676354423,-0.0,0.016103074676354422,1.6835532011013006,保本/跟踪,15,True
BTC,-1,2024-12-21 19:30:00,2024-12-21 20:00:00,96891.31786,0.005825951354718354,-0.006027116544989207,-0.0,-0.007027116544989207,-1.2061749433074218,止损,3,False
BTC,-1,2024-12-22 15:00:00,2024-12-22 18:00:00,95310.83402,0.005917323886847319,-0.006118507351624722,-9.629e-05,-0.007022217351624722,-1.186721816467288,止损,13,False
BTC,-1,2024-12-22 20:00:00,2024-12-22 20:45:00,94776.44092,0.0066698828138915,-0.006871216790454328,-0.0,-0.007871216790454327,-1.1801132058963293,止损,4,False
BTC,-1,2024-12-23 14:45:00,2024-12-23 21:00:00,94251.34596,0.007496555454870791,0.007591218651694262,-8.981e-05,0.006681028651694262,0.8912131300720719,保本/跟踪,26,True
BTC,1,2024-12-24 17:15:00,2024-12-24 19:30:00,98846.2653,0.007226942496303586,-0.007425497107804257,0.0,-0.008425497107804257,-1.1658453228476224,止损,10,True
BTC,1,2024-12-26 00:15:00,2024-12-26 00:30:00,99692.73456,0.005430985976043761,-0.005629899778848457,0.0,-0.006629899778848457,-1.2207543543830053,止损,2,False
BTC,-1,2024-12-27 15:30:00,2024-12-28 14:15:00,94602.17578,0.006983953392551098,-0.007185350183229557,-0.00027639,-0.007908960183229558,-1.1324474461219984,止损,92,False
BTC,-1,2024-12-29 14:45:00,2024-12-29 14:45:00,94187.6587,0.003292911030089647,-0.003493569612295721,-0.0,-0.00449356961229572,-1.364619199011091,止损,1,False
BTC,-1,2024-12-29 16:45:00,2024-12-30 01:30:00,93664.2634,0.004390594680715516,-0.004591472799651666,4.2e-07,-0.005591892799651666,-1.2736071549060364,止损,36,False
BTC,-1,2024-12-30 14:45:00,2024-12-30 17:30:00,92417.31284,0.005660440839714471,-0.005861572927882364,-0.0001,-0.006761572927882363,-1.1945311539062806,止损,12,False
BTC,-1,2025-01-01 09:30:00,2025-01-01 10:00:00,93094.07746,0.003431541129596779,-0.003632227437822728,-0.0,-0.004632227437822729,-1.3498971053763926,止损,3,False
BTC,1,2025-01-01 20:00:00,2025-01-02 01:30:00,94631.02242000001,0.003936380767206502,0.0027676850314454016,0.0001,0.0016676850314454015,0.42365948064239056,保本/跟踪,23,False
BTC,1,2025-01-02 04:45:00,2025-01-02 06:15:00,95812.85874,0.004826812130893732,-0.005025846768467527,0.0,-0.006025846768467527,-1.2484112919787043,止损,7,False
BTC,1,2025-01-02 09:00:00,2025-01-02 13:45:00,96144.42504,0.004167128318578379,0.0035554151278431915,0.0,0.0025554151278431914,0.6132316867830397,保本/跟踪,20,False
BTC,1,2025-01-03 14:45:00,2025-01-03 14:45:00,97224.34098,0.004053426562495501,-0.004252615877182983,0.0,-0.005252615877182983,-1.2958458223427634,止损,1,False
BTC,1,2025-01-03 16:30:00,2025-01-04 09:45:00,98041.6044,0.005774780779252865,-0.00597362582309707,0.00017699000000000002,-0.0071506158230970705,-1.2382488784314007,止损,70,False
BTC,1,2025-01-04 20:45:00,2025-01-04 22:15:00,98519.80002000001,0.0028600016315959266,-0.003059429631269534,0.0,-0.004059429631269534,-1.4193801802148998,止损,7,False
BTC,1,2025-01-06 02:15:00,2025-01-06 07:00:00,99019.69997999999,0.0043736420337423,0.0031390961540616064,0.0,0.0021390961540616064,0.48908807295124973,保本/跟踪,20,False
BTC,1,2025-01-06 15:00:00,2025-01-06 17:30:00,100722.1404,0.006658184251848894,0.00751448203193153,0.0001,0.0064144820319315295,0.9633980961326368,保本/跟踪,11,False
BTC,-1,2025-01-08 06:45:00,2025-01-08 12:00:00,95730.3501,0.005142615053823015,0.005249531730433518,-0.0001,0.004349531730433519,0.8457820943062967,保本/跟踪,22,False
BTC,-1,2025-01-08 17:15:00,2025-01-08 18:15:00,93819.7323,0.008561391675791468,-0.008763103954126682,-0.0,-0.009763103954126683,-1.1403641281514107,止损,5,True
BTC,-1,2025-01-09 07:30:00,2025-01-09 09:15:00,93682.55974000001,0.00511402616039734,0.0022860242222349455,-9.834e-05,0.0013843642222349454,0.2706994799822036,保本/跟踪,8,False
BTC,-1,2025-01-09 13:45:00,2025-01-09 15:00:00,92277.84074,0.0065891909435164785,-0.006790508781705187,-0.0,-0.007790508781705187,-1.1823164404380726,止损,6,False
BTC,-1,2025-01-09 20:00:00,2025-01-09 22:30:00,91839.82836,0.008481410441730508,-0.008683106723818806,-0.0,-0.009683106723818807,-1.141685901224126,止损,11,True
BTC,-1,2025-01-13 08:30:00,2025-01-13 13:00:00,93176.361,0.005540495630061116,0.021287054402779827,-0.0,0.020287054402779826,3.6615955967383456,保本/跟踪,19,False
BTC,1,2025-01-14 05:15:00,2025-01-14 05:45:00,95433.68292,0.0047914155463263984,-0.004990457263217196,0.0,-0.005990457263217196,-1.2502479080133444,止损,3,False
BTC,1,2025-01-14 08:15:00,2025-01-14 10:30:00,95520.1002,0.004376253455570544,0.010901250780075507,0.0,0.009901250780075508,2.262494821334487,保本/跟踪,10,False
BTC,1,2025-01-15 13:45:00,2025-01-15 16:30:00,98477.1915,0.005301609979281257,0.0037242006075171217,5.844e-05,0.0026657606075171218,0.5028209577722503,保本/跟踪,12,False
BTC,1,2025-01-15 20:00:00,2025-01-16 03:30:00,99827.36147999999,0.005705799478818799,-0.005904658318923135,7.28e-06,-0.006911938318923136,-1.2113882278165913,止损,31,False
BTC,1,2025-01-16 17:45:00,2025-01-17 02:45:00,99976.59132,0.007984514057397168,0.013078231452118337,4.597e-05,0.012032261452118338,1.5069497486789665,保本/跟踪,37,True
BTC,1,2025-01-17 08:30:00,2025-01-17 13:30:00,101873.07054,0.0044074994244450265,0.004725226769225401,0.0,0.003725226769225401,0.8452018730993858,保本/跟踪,21,False
BTC,1,2025-01-17 15:00:00,2025-01-17 17:30:00,103342.56438,0.005582028386412771,0.009504521274137223,3.432e-05,0.008470201274137225,1.5174056253018282,保本/跟踪,11,False
BTC,1,2025-01-17 19:30:00,2025-01-17 20:45:00,105377.97137999999,0.006774672354842018,-0.006973317420371005,0.0,-0.007973317420371006,-1.176930337401821,止损,6,False
BTC,1,2025-01-18 15:45:00,2025-01-18 16:15:00,104649.02562,0.005734103664278881,-0.005932956843545952,0.0001,-0.007032956843545953,-1.2265137247794098,止损,3,False
BTC,-1,2025-01-21 01:00:00,2025-01-21 02:15:00,101167.86238,0.014534779685448033,-0.014737686641385072,-0.0,-0.01573768664138507,-1.0827605909390816,止损,6,True
BTC,-1,2025-01-23 02:00:00,2025-01-23 05:30:00,102888.01828,0.006276858975783089,0.005167967268126987,-0.0,0.004167967268126987,0.6640211743178441,保本/跟踪,15,False
BTC,-1,2025-01-23 10:00:00,2025-01-23 13:30:00,101615.47284,0.005304031547180489,-0.005505092353489881,-0.0,-0.006505092353489881,-1.226442998241187,止损,15,False
BTC,1,2025-01-24 08:30:00,2025-01-24 13:15:00,105521.09999999999,0.005774772782279957,-0.005973617827723596,0.0,-0.006973617827723596,-1.207600383710737,止损,20,False
BTC,1,2025-01-24 14:45:00,2025-01-24 14:45:00,106236.54306,0.005805119022255351,-0.006003957998450875,0.0,-0.007003957998450875,-1.206514107910532,止损,1,False
BTC,1,2025-01-24 17:30:00,2025-01-24 19:45:00,106448.08536,0.006426334289467896,-0.006625049022610039,0.0,-0.007625049022610039,-1.1865316491715523,止损,10,False
BTC,1,2025-01-26 04:30:00,2025-01-26 04:45:00,105358.5675,0.002834038152887677,-0.0030334713452570437,0.0,-0.004033471345257044,-1.4232240808569327,止损,2,False
BTC,-1,2025-01-27 00:00:00,2025-01-27 00:00:00,102539.488,0.0046774419009436565,-0.004878377389323724,-0.0,-0.005878377389323724,-1.2567504875127968,止损,1,False
BTC,-1,2025-01-27 01:15:00,2025-01-27 07:30:00,101349.726,0.006629010145299673,0.024724155340040768,-0.0,0.023724155340040767,3.5788382910927474,保本/跟踪,26,False
BTC,-1,2025-01-28 22:00:00,2025-01-28 22:15:00,100278.64026,0.007323700993416763,-0.0075251657336154465,-0.0,-0.008525165733615447,-1.1640515828375129,止损,2,False
BTC,1,2025-01-29 20:30:00,2025-01-30 00:30:00,104343.96462,0.0100478178988402,-0.010245808335260396,7.59e-05,-0.011321708335260396,-1.1267827949556328,止损,17,True
BTC,1,2025-01-30 03:15:00,2025-01-30 15:15:00,104698.63553999999,0.0059234997924732,0.00949879661649474,0.0001,0.00839879661649474,1.4178774222575006,保本/跟踪,49,False
BTC,-1,2025-02-01 08:30:00,2025-02-01 10:00:00,101943.6072,0.002844194463353705,0.00167793229882487,-0.0,0.00067793229882487,0.2383565215247246,保本/跟踪,7,False
BTC,-1,2025-02-01 19:45:00,2025-02-01 23:30:00,101494.39706,0.00306343922037469,0.006299942576661715,-0.0,0.005299942576661715,1.7300629114533168,保本/跟踪,16,False
BTC,-1,2025-02-02 03:15:00,2025-02-02 06:15:00,99913.11338000001,0.005077525370951229,-0.005278540876025391,-0.0,-0.006278540876025391,-1.2365355990036466,止损,13,False
BTC,-1,2025-02-02 10:15:00,2025-02-02 14:00:00,99210.75388,0.0054653464705836765,0.0035953474190135145,-0.0,0.0025953474190135144,0.4748733557849521,保本/跟踪,16,False
BTC,-1,2025-02-02 17:30:00,2025-02-02 19:45:00,97783.13946,0.006484830043713492,-0.006686127009722201,-0.0,-0.007686127009722201,-1.185247255195727,止损,10,False
BTC,-1,2025-02-02 21:45:00,2025-02-02 22:00:00,96718.75238,0.008779292087575358,-0.008981047945992823,-0.0,-0.009981047945992822,-1.1368852803198353,止损,2,True
BTC,-1,2025-02-03 00:45:00,2025-02-03 00:45:00,95572.68164000001,0.0131569915513516,-0.01335962294966179,-0.0,-0.01435962294966179,-1.0914062605890056,止损,1,True
BTC,-1,2025-02-03 02:00:00,2025-02-03 02:15:00,93389.71832,0.016771669333044203,-0.01697502366691079,-0.0,-0.01797502366691079,-1.071749228414353,止损,2,True
BTC,-1,2025-02-04 22:00:00,2025-02-04 22:45:00,96437.2087,0.011948694490570545,-0.012151084229468617,-0.0,-0.013151084229468618,-1.1006293817158814,止损,4,True
BTC,-1,2025-02-05 22:45:00,2025-02-06 01:00:00,96254.04534000001,0.007283416302690255,-0.007484872985950791,-2.186e-05,-0.00846301298595079,-1.161956509725365,止损,10,False
BTC,-1,2025-02-06 16:45:00,2025-02-07 01:45:00,96535.58902,0.007074881066123536,-0.007276296042336737,-7.983e-05,-0.008196466042336738,-1.158530576801306,止损,37,False
BTC,-1,2025-02-08 07:00:00,2025-02-08 13:30:00,95932.10974,0.0035355308479910457,-0.0037362379541607195,-1.137e-05,-0.00472486795416072,-1.336395624109878,止损,27,False
BTC,-1,2025-02-09 13:30:00,2025-02-09 15:15:00,96135.16911999999,0.0027856483654408485,-0.002986205495113909,-0.0,-0.0039862054951139095,-1.4309794245990788,止损,8,False
BTC,-1,2025-02-09 21:45:00,2025-02-09 22:00:00,94944.60728000001,0.004802784596281723,-0.005003745153200999,-0.0,-0.006003745153200999,-1.2500550530309127,止损,2,False
BTC,1,2025-02-10 10:30:00,2025-02-10 12:30:00,97898.57579999999,0.004689582961160081,-0.0048886450445678,0.0,-0.0058886450445678,-1.2556862930752166,止损,9,False
BTC,1,2025-02-10 14:00:00,2025-02-10 14:00:00,98194.93506,0.004550697419874959,-0.00474978728039104,0.0,-0.00574978728039104,-1.2634958446762714,止损,1,False
BTC,1,2025-02-11 00:45:00,2025-02-11 02:15:00,97993.49478,0.0036708213815925847,-0.0038700872173162443,0.0,-0.004870087217316244,-1.326702312931216,止损,7,False
BTC,1,2025-02-11 06:00:00,2025-02-11 09:30:00,98398.57578,0.0036736257316845582,-0.0038728910065382806,7.09e-05,-0.004943791006538281,-1.345752498382921,止损,15,False
BTC,-1,2025-02-11 19:00:00,2025-02-11 21:30:00,95414.21334,0.004963762530510151,-0.005164755283016266,-0.0,-0.006164755283016266,-1.2419520968467206,止损,11,False
BTC,1,2025-02-14 18:00:00,2025-02-14 19:30:00,98507.49756,0.006819534954382737,-0.007018171047391971,0.0,-0.00801817104739197,-1.1757650779748405,止损,7,False
BTC,-1,2025-02-16 23:15:00,2025-02-17 02:00:00,96285.53904,0.0033233800236168666,-0.003524044699621467,-6.239e-05,-0.004461654699621467,-1.3425051206650167,止损,12,False
BTC,-1,2025-02-17 16:00:00,2025-02-17 20:45:00,95586.3789,0.004203337801772357,-0.004404178469332673,-0.0,-0.005404178469332673,-1.2856874046749172,止损,20,False
BTC,-1,2025-02-18 06:15:00,2025-02-18 06:45:00,95238.54848000001,0.003223250480886588,-0.0034238951309827296,-0.0,-0.00442389513098273,-1.372494988278383,止损,3,False
BTC,-1,2025-02-18 09:00:00,2025-02-18 09:15:00,95174.4613,0.00366693586946354,-0.0038676692566373904,-0.0,-0.00486766925663739,-1.3274487010184646,止损,2,False
BTC,-1,2025-02-18 16:45:00,2025-02-18 19:45:00,94597.97662,0.005507511238076647,0.005397690065476055,-0.0,0.004397690065476055,0.7984895310012717,保本/跟踪,13,False
BTC,1,2025-02-20 03:00:00,2025-02-20 06:00:00,97111.61843999999,0.0035060226484092205,-0.0037053214438794316,0.0,-0.004705321443879432,-1.342068182592707,止损,13,False
BTC,1,2025-02-20 14:00:00,2025-02-20 14:45:00,97525.20113999999,0.002348805856953657,0.0010023873886855377,0.0,2.3873886855377106e-06,0.001016426572025878,保本/跟踪,4,False
BTC,1,2025-02-20 18:15:00,2025-02-21 14:15:00,98191.73442000001,0.004530383370869314,0.007989330419981707,2.409e-05,0.006965240419981707,1.5374505532509004,保本/跟踪,81,False
BTC,-1,2025-02-23 15:00:00,2025-02-23 18:15:00,95521.19194,0.002377788437073851,-0.002578263994761163,-1.478e-05,-0.0035634839947611633,-1.4986547748320496,止损,14,False
BTC,-1,2025-02-24 04:45:00,2025-02-24 05:30:00,95189.05838,0.004024397648421536,-0.004225202527951176,-0.0,-0.005225202527951176,-1.298381269554867,止损,4,False
BTC,-1,2025-02-24 15:45:00,2025-02-24 16:00:00,94047.1868,0.00594935305296621,-0.006150542923576701,-2.05e-05,-0.007130042923576702,-1.1984568507027547,止损,2,False
BTC,-1,2025-02-24 19:45:00,2025-02-24 20:15:00,93707.55474,0.006703434884562244,-0.006904775571539051,-0.0,-0.007904775571539051,-1.1792127032878994,止损,3,False
BTC,-1,2025-02-24 22:15:00,2025-02-25 00:15:00,93105.27522,0.007140018363871768,0.011369546235844248,-0.0001,0.010469546235844247,1.4663192308887842,保本/跟踪,9,True
BTC,-1,2025-02-25 06:30:00,2025-02-25 07:45:00,91511.694,0.006536949692386021,0.02281895731111425,-0.0,0.02181895731111425,3.3377887757845377,保本/跟踪,6,False
BTC,-1,2025-02-25 10:15:00,2025-02-25 11:30:00,87701.75614,0.011502697311386454,-0.01170499785084877,-0.0,-0.012704997850848769,-1.1045233571670328,止损,6,True
BTC,-1,2025-02-25 15:15:00,2025-02-25 19:45:00,86775.54142,0.012083225577067952,-0.012285642222183325,-1.385e-05,-0.013271792222183325,-1.09836501334305,止损,19,True
BTC,-1,2025-02-26 14:00:00,2025-02-26 14:30:00,87132.57,0.006020929840793387,0.009636708232087616,-0.0,0.008636708232087616,1.4344475787729067,保本/跟踪,3,False
BTC,-1,2025-02-26 18:30:00,2025-02-26 20:30:00,85094.07778,0.012618250911412079,0.011820907301425048,-0.0,0.01082090730142505,0.8575600039493989,保本/跟踪,9,True
BTC,-1,2025-02-27 17:00:00,2025-02-27 20:45:00,84433.50992,0.00985184133493324,0.008071028885044504,-0.0,0.007071028885044504,0.7177367808362517,保本/跟踪,16,True
BTC,-1,2025-02-28 01:45:00,2025-02-28 03:00:00,82469.60278,0.010627024322565848,0.015432856726507595,-0.0,0.014432856726507595,1.3581277588553449,保本/跟踪,6,True
BTC,-1,2025-02-28 08:15:00,2025-02-28 09:15:00,78747.04744000001,0.014699045269879413,-0.014901985078933267,-0.0,-0.015901985078933267,-1.0818379552527035,止损,5,True
BTC,1,2025-03-01 22:00:00,2025-03-01 22:30:00,86046.10578,0.00441070606427011,-0.004609823923057173,0.0,-0.005609823923057173,-1.2718652844497573,止损,3,False
BTC,1,2025-03-02 15:45:00,2025-03-02 15:45:00,88049.00627999999,0.00914103938819972,-0.009339211180322025,0.0,-0.010339211180322026,-1.1310760999092773,止损,1,True
BTC,1,2025-03-02 17:30:00,2025-03-03 07:00:00,92662.5288,0.015076446442051108,-0.015273431152762574,-5.518e-05,-0.016218251152762576,-1.0757343393285805,止损,55,True
BTC,1,2025-03-03 12:15:00,2025-03-03 14:30:00,93131.22252000001,0.007572981301420023,-0.0077714667051597495,0.0,-0.008771466705159749,-1.1582580698456229,止损,10,True
BTC,-1,2025-03-04 01:45:00,2025-03-04 14:30:00,83512.09424,0.014926413302530021,-0.015129398585190548,2.7e-06,-0.01613209858519055,-1.080775284606126,止损,52,True
BTC,1,2025-03-05 10:30:00,2025-03-05 13:00:00,89579.11224,0.0071004664922058305,0.0033885470906135765,0.0,0.0023885470906135765,0.336392981114055,保本/跟踪,11,False
BTC,1,2025-03-05 21:00:00,2025-03-06 06:30:00,90466.68972000001,0.010034589609575486,0.016066020335827047,3.538e-05,0.015030640335827046,1.4978829150605313,保本/跟踪,39,True
BTC,-1,2025-03-08 10:00:00,2025-03-08 12:30:00,85890.31850000001,0.005041517276434677,-0.005242525579889971,-0.0,-0.006242525579889971,-1.2382235818310312,止损,11,False
BTC,-1,2025-03-09 10:30:00,2025-03-09 11:45:00,85212.75404,0.003585893464756762,0.0015650846959251266,-0.0,0.0005650846959251265,0.15758546690774522,保本/跟踪,6,False
BTC,-1,2025-03-09 12:15:00,2025-03-09 14:30:00,84369.1228,0.004917599204755726,0.007985132788130664,-0.0,0.006985132788130664,1.4204355615999493,保本/跟踪,10,False
BTC,-1,2025-03-09 21:30:00,2025-03-10 00:00:00,81974.80176,0.009732594242261264,0.009802576669218896,-3.952e-05,0.008842096669218895,0.9085035756267723,保本/跟踪,11,True
BTC,-1,2025-03-10 14:15:00,2025-03-10 19:30:00,80115.27374,0.013582332003272099,0.014423805183109867,-4.037e-05,0.013464175183109868,0.9913006971016637,保本/跟踪,22,True
BTC,-1,2025-03-11 00:45:00,2025-03-11 01:15:00,76773.1423,0.012771690855481221,-0.012974245193652397,-0.0,-0.013974245193652396,-1.0941578019526736,止损,3,True
BTC,1,2025-03-12 01:45:00,2025-03-12 02:00:00,83315.05967999999,0.007101246581422827,-0.007299826332106414,0.0,-0.008299826332106415,-1.1687844150939817,止损,2,False
BTC,-1,2025-03-13 17:45:00,2025-03-13 18:15:00,80099.07698000001,0.00864312321218509,-0.008844851836827627,-0.0,-0.009844851836827626,-1.1390387010737435,止损,3,True
BTC,1,2025-03-14 12:15:00,2025-03-14 13:30:00,83386.674,0.004369671046495793,-0.0045687971122864565,0.0,-0.0055687971122864565,-1.2744202144809709,止损,6,False
BTC,1,2025-03-14 15:15:00,2025-03-15 08:15:00,84237.24407999999,0.0075934125568376315,-0.007791893874326166,-8.067e-05,-0.008711223874326166,-1.1472080318462323,止损,69,False
BTC,-1,2025-03-16 23:00:00,2025-03-17 00:00:00,82033.68998000001,0.0069330744984705504,-0.007134461113370304,-1.065e-05,-0.008123811113370306,-1.1717472695789486,止损,5,False
BTC,-1,2025-03-18 06:15:00,2025-03-18 07:00:00,82727.65116,0.0037816154806623215,-0.003982371803758329,-0.0,-0.004982371803758329,-1.317524700550915,止损,4,False
BTC,-1,2025-03-18 13:00:00,2025-03-18 14:30:00,82351.5264,0.004045410242256824,0.007637367506024412,-0.0,0.006637367506024412,1.6407155538128084,保本/跟踪,7,False
BTC,1,2025-03-19 15:45:00,2025-03-19 17:30:00,84674.43149999999,0.005352340121159012,-0.005551269653134845,5.024e-05,-0.006601509653134845,-1.23338754707265,止损,8,False
BTC,1,2025-03-19 19:00:00,2025-03-20 00:30:00,85593.21522,0.0088988213416149,0.01228597680084572,1.944e-05,0.011266536800845718,1.266070681536027,保本/跟踪,23,True
BTC,1,2025-03-20 14:30:00,2025-03-20 15:00:00,86317.15998,0.005862189308370062,-0.0060610168705084256,0.0,-0.007061016870508426,-1.2045016800168278,止损,3,False
BTC,1,2025-03-23 14:00:00,2025-03-23 14:15:00,85053.70734,0.0025545443400495182,-0.002754033431181444,0.0,-0.0037540334311814442,-1.4695510946224855,止损,2,False
BTC,1,2025-03-23 16:15:00,2025-03-23 16:30:00,85288.15422,0.0030609153035893815,-0.0032603031205287523,0.0,-0.004260303120528752,-1.391839596323658,止损,2,False
BTC,1,2025-03-23 22:30:00,2025-03-24 00:45:00,85480.19262,0.0030566163834477096,0.007364396767455759,2.039e-05,0.006344006767455759,2.075499824515119,保本/跟踪,10,False
BTC,1,2025-03-24 04:15:00,2025-03-24 12:00:00,86704.8375,0.004675822264698173,0.008343513582412953,5.512e-05,0.007288393582412954,1.558740510185629,保本/跟踪,32,False
BTC,1,2025-03-24 14:15:00,2025-03-24 14:30:00,88325.46156,0.004953858365090664,-0.005152867593417703,0.0,-0.006152867593417703,-1.2420354277337309,止损,2,False
BTC,1,2025-03-25 13:30:00,2025-03-25 13:30:00,87656.32776,0.004268123649332811,-0.004467270024602981,0.0,-0.005467270024602981,-1.280953991447183,止损,1,False
BTC,1,2025-03-25 14:45:00,2025-03-25 16:30:00,88121.52077999999,0.005935393931274009,-0.006134206852487819,-3.776e-05,-0.007096446852487818,-1.1956151410770126,止损,8,False
BTC,1,2025-03-25 20:15:00,2025-03-25 20:45:00,88360.06847999999,0.00532484132489682,-0.005523776356631805,0.0,-0.006523776356631805,-1.2251588279502803,止损,3,False
BTC,1,2025-03-26 07:30:00,2025-03-26 12:15:00,87983.69322,0.0034647248975173558,-0.003664031952537788,1.659e-05,-0.0046806219525377885,-1.3509361034383083,止损,20,False
BTC,-1,2025-03-28 05:45:00,2025-03-28 06:00:00,85843.92778000001,0.004140820435284874,-0.00434164859937197,-0.0,-0.00534164859937197,-1.2899976424610362,止损,2,False
BTC,-1,2025-03-28 07:45:00,2025-03-28 20:30:00,85204.4557,0.004737491843785915,0.013174167005831263,-7.661e-05,0.012250777005831262,2.5859204426706066,保本/跟踪,52,False
BTC,-1,2025-03-29 09:45:00,2025-03-29 13:00:00,83441.8083,0.0036018361641018907,0.010889096773899844,-0.0,0.009889096773899844,2.745570959740104,保本/跟踪,14,False
BTC,-1,2025-03-29 17:15:00,2025-03-29 17:30:00,81849.42684,0.004373790714830776,-0.004574665472973824,-0.0,-0.005574665472973824,-1.274561550023664,止损,2,False
BTC,-1,2025-03-30 17:00:00,2025-03-30 18:00:00,82236.84934,0.004032826170432347,-0.0042336327356664386,-0.0,-0.005233632735666439,-1.297758076963024,止损,5,False
BTC,-1,2025-03-31 00:45:00,2025-03-31 01:00:00,81309.43486,0.005869737083611096,-0.006070911031027859,-0.0,-0.007070911031027859,-1.2046384583000427,止损,2,False
BTC,1,2025-04-01 08:15:00,2025-04-01 11:00:00,83675.13167999999,0.0036087539344235196,0.00435313070759658,0.0,0.0033531307075965796,0.9291657919957974,保本/跟踪,12,False
BTC,1,2025-04-01 15:15:00,2025-04-02 05:15:00,84882.67314,0.007427022117283701,-0.007625536712860164,1.4609999999999997e-05,-0.008640146712860163,-1.1633393002497399,止损,57,False
BTC,1,2025-04-02 13:45:00,2025-04-02 17:30:00,85444.88556,0.005734344002645091,0.011589753965655184,7.33e-06,0.010582423965655185,1.8454463075068064,保本/跟踪,16,False
BTC,1,2025-04-02 20:15:00,2025-04-02 20:15:00,87729.84246,0.008997574257833613,-0.009195774742982063,0.0,-0.010195774742982062,-1.1331692799428972,止损,1,True
BTC,-1,2025-04-03 12:30:00,2025-04-03 15:45:00,82516.9933,0.005082640444941669,0.0059104467042634164,-0.0,0.004910446704263416,0.9661212036256426,保本/跟踪,14,False
BTC,-1,2025-04-05 15:45:00,2025-04-05 16:00:00,82344.62778000001,0.0037913447992035188,-0.003992103068163397,-4.08e-06,-0.004988023068163397,-1.3156342491485542,止损,2,False
BTC,-1,2025-04-06 08:00:00,2025-04-06 14:00:00,82974.30182,0.0025443279975032305,0.005225224072093036,-0.0,0.004225224072093036,1.6606444122924726,保本/跟踪,25,False
BTC,-1,2025-04-06 16:45:00,2025-04-06 19:15:00,82080.5806,0.004223273787077422,0.03088483013630663,-0.0,0.02988483013630663,7.0762237171906035,保本/跟踪,11,False
BTC,-1,2025-04-06 23:00:00,2025-04-07 01:00:00,78018.79312,0.01105567285295567,-0.011257883987526359,-4.946e-05,-0.01220842398752636,-1.1042678405830821,止损,9,True
BTC,-1,2025-04-07 04:45:00,2025-04-07 08:00:00,76757.1455,0.012386807972803678,0.013205360352251649,-6.857e-05,0.01227393035225165,0.9908872712970234,保本/跟踪,14,True
BTC,-1,2025-04-08 15:15:00,2025-04-08 18:15:00,78293.73812,0.009228339057718866,0.009176803963445317,-3.134e-05,0.008208143963445316,0.889449760363949,保本/跟踪,13,True
BTC,-1,2025-04-08 19:45:00,2025-04-09 01:30:00,76440.70880000001,0.010800506538411213,0.01034279210617418,-9.568e-05,0.00943847210617418,0.8738916154170124,保本/跟踪,24,True
BTC,1,2025-04-09 21:00:00,2025-04-10 00:30:00,83174.43156,0.012018516246927086,-0.012216112543677592,7.705e-05,-0.013293162543677592,-1.1060568767859684,止损,15,True
BTC,1,2025-04-11 04:15:00,2025-04-11 11:30:00,80928.38244,0.006114604276422322,0.0159602123700586,-4.294e-05,0.015003152370058599,2.4536587638075247,保本/跟踪,30,False
BTC,1,2025-04-12 08:15:00,2025-04-12 08:15:00,83987.2941,0.0040101533008611336,-0.004209351270200945,0.0,-0.005209351270200945,-1.299040430469902,止损,1,False
BTC,1,2025-04-12 13:45:00,2025-04-12 15:00:00,84148.02623999999,0.004812515595522081,0.005233149387038918,0.0,0.004233149387038918,0.8796126065498368,保本/跟踪,6,False
BTC,1,2025-04-12 20:45:00,2025-04-12 21:00:00,85772.85114,0.005050150749036272,-0.005249140718886472,0.0,-0.006249140718886472,-1.2374166692111133,止损,2,False
BTC,1,2025-04-14 02:45:00,2025-04-14 03:00:00,85279.35246,0.008565111018138808,-0.00876339799593511,0.0,-0.009763397995935109,-1.1399032628133625,止损,2,True
BTC,1,2025-04-15 05:45:00,2025-04-15 06:15:00,85777.55208,0.004532243693870753,-0.004731337245132045,0.0,-0.005731337245132045,-1.264569522791306,止损,3,False
BTC,1,2025-04-15 10:00:00,2025-04-15 10:15:00,85972.19099999999,0.0038137080176557864,-0.004012945276052174,0.0,-0.005012945276052174,-1.314454397883752,止损,2,False
BTC,-1,2025-04-16 00:15:00,2025-04-16 01:45:00,83260.94448,0.004303950889914911,-0.004504811680092999,-0.0,-0.005504811680092999,-1.2790135902786357,止损,7,False
BTC,-1,2025-04-16 08:15:00,2025-04-16 08:15:00,83117.57316,0.003932510304142845,-0.00413329680620354,-0.0,-0.00513329680620354,-1.305348596492089,止损,1,False
BTC,1,2025-04-17 18:15:00,2025-04-17 19:15:00,85251.5469,0.004720802368232583,-0.004919858207758989,0.0,-0.005919858207758989,-1.2539940768533633,止损,5,False
BTC,1,2025-04-19 04:30:00,2025-04-19 06:30:00,85062.80916,0.0022691135009225557,-0.0024686596782223153,0.0,-0.0034686596782223154,-1.5286408885285196,止损,9,False
BTC,1,2025-04-19 08:45:00,2025-04-19 11:15:00,85306.85796,0.002249652648776926,-0.0024492027182473094,0.0,-0.0034492027182473095,-1.5332156811508417,止损,11,False
BTC,1,2025-04-21 14:30:00,2025-04-21 14:45:00,88329.76242,0.006218912206748832,-0.006417668424307394,0.0,-0.007417668424307394,-1.1927597910544,止损,2,False
BTC,1,2025-04-22 12:30:00,2025-04-22 12:30:00,88762.749,0.003282389515831129,-0.0034817330379279237,0.0,-0.004481733037927924,-1.365387324177189,止损,1,False
BTC,1,2025-04-22 13:45:00,2025-04-22 15:30:00,90134.22323999999,0.005477240019613904,0.004511360918897404,0.0,0.003511360918897404,0.6410821702761391,保本/跟踪,8,False
BTC,1,2025-04-22 22:00:00,2025-04-23 13:45:00,92992.79484,0.0084020646898655,0.004142534060437669,-1.5000000000000026e-07,0.0031426840604376694,0.37403711783228094,保本/跟踪,64,True
BTC,1,2025-04-24 16:30:00,2025-04-24 17:00:00,93485.6934,0.004642276346732099,-0.004841347891462683,0.0,-0.005841347891462683,-1.2582938746364516,止损,3,False
BTC,1,2025-04-25 11:15:00,2025-04-25 12:15:00,94002.19668,0.0035370575806288065,0.004860056562836197,0.0,0.0038600565628361967,1.0913185535842955,保本/跟踪,5,False
BTC,1,2025-04-25 14:15:00,2025-04-25 14:15:00,95292.95477999999,0.006280484499286924,-0.006479228402386975,0.0,-0.007479228402386975,-1.1908680617293388,止损,1,False
BTC,1,2025-04-26 22:45:00,2025-04-26 23:30:00,94730.9424,0.0023602518034032977,-0.002559779753042611,0.0,-0.0035597797530426112,-1.5082203296740155,止损,4,False
BTC,1,2025-04-27 01:15:00,2025-04-27 01:15:00,95094.015,0.002868563998541727,-0.003067990285741975,0.0,-0.004067990285741975,-1.4181277767586822,止损,1,False
BTC,1,2025-04-27 20:00:00,2025-04-27 21:00:00,94407.77777999999,0.002281047166308081,-0.0024805909568748636,0.0,-0.0034805909568748636,-1.5258741723031828,止损,5,False
BTC,-1,2025-04-28 00:15:00,2025-04-28 00:30:00,93350.22622,0.003282180782897763,-0.003482837219054302,-0.0,-0.004482837219054302,-1.3658105739978488,止损,2,False
BTC,-1,2025-04-28 01:45:00,2025-04-28 02:00:00,92837.72874,0.004011239747774822,-0.004212041995724339,-0.0,-0.005212041995724339,-1.2993593810032533,止损,2,False
BTC,1,2025-04-28 10:45:00,2025-04-28 13:30:00,95169.03,0.003718727608314263,-0.003917983862792451,0.0,-0.004917983862792451,-1.3224910186475916,止损,12,False
BTC,1,2025-04-28 23:30:00,2025-04-29 02:00:00,95046.10542,0.0038180604348530055,-0.004017296822766037,-7.73e-06,-0.005009566822766037,-1.3120711178472753,止损,11,False
BTC,1,2025-04-30 11:30:00,2025-04-30 12:15:00,95078.91197999999,0.0023900480719293016,-0.002589570062314899,0.0,-0.003589570062314899,-1.5018819514443138,止损,4,False
BTC,1,2025-05-01 09:00:00,2025-05-01 10:45:00,95182.03259999999,0.0023933522636480856,0.007676519005314013,0.0,0.006676519005314013,2.7896098316665165,保本/跟踪,8,False
BTC,1,2025-05-01 12:45:00,2025-05-01 13:30:00,96392.2746,0.0036644127919080107,-0.003863679909349666,0.0,-0.004863679909349666,-1.327274023300528,止损,4,False
BTC,1,2025-05-01 15:00:00,2025-05-01 20:00:00,96787.65366,0.005146809783271752,-0.005345780421315003,-8.028e-05,-0.006265500421315003,-1.217356126445403,止损,21,False
BTC,1,2025-05-02 15:00:00,2025-05-02 15:15:00,97709.63802,0.004809163460359571,-0.005008201627667519,0.0,-0.006008201627667519,-1.249323645825567,止损,2,False
BTC,-1,2025-05-04 01:45:00,2025-05-04 01:45:00,95613.07356,0.002516724774929656,-0.002717228119884713,-0.0,-0.003717228119884713,-1.4770101828034063,止损,1,False
BTC,-1,2025-05-04 13:45:00,2025-05-04 14:00:00,95187.55868,0.002321412601846972,-0.002521876884367396,-0.0,-0.003521876884367396,-1.5171266329670587,止损,2,False
BTC,-1,2025-05-04 22:45:00,2025-05-05 00:15:00,94811.034,0.002793093868413382,0.002426584096592145,2.404e-05,0.0014025440965921452,0.5021471395763941,保本/跟踪,7,False
BTC,-1,2025-05-05 01:45:00,2025-05-05 02:15:00,93893.2176,0.004148875220902909,-0.004349704995947072,-0.0,-0.005349704995947072,-1.289435018193396,止损,3,False
BTC,-1,2025-05-05 10:45:00,2025-05-05 14:00:00,94123.37156,0.002672768915407094,-0.0009314039493804737,-0.0,-0.0019314039493804737,-0.7226228718266495,保本/跟踪,14,False
BTC,-1,2025-05-06 14:00:00,2025-05-06 14:00:00,93546.68692,0.0033309041246221754,-0.0035315703054471497,-0.0,-0.00453157030544715,-1.3604625458744377,止损,1,False
BTC,1,2025-05-07 00:15:00,2025-05-07 02:45:00,96998.69586,0.004962854436707869,-0.005161861865820398,0.0,-0.006161861865820398,-1.2415963321922245,止损,11,False
BTC,1,2025-05-07 08:00:00,2025-05-07 13:30:00,96959.38799999999,0.0030198584165770656,-0.0032192544448937524,0.0,-0.0042192544448937525,-1.3971696228315804,止损,23,False
BTC,1,2025-05-07 23:15:00,2025-05-08 00:30:00,97316.9595,0.004562944175250192,-0.004762031586415048,2.318e-05,-0.005785211586415049,-1.267868149208255,止损,6,False
BTC,1,2025-05-08 02:30:00,2025-05-08 11:15:00,98581.2123,0.005239362346359627,0.008738657183881038,4.608e-05,0.007692577183881037,1.4682277489790212,保本/跟踪,36,False
BTC,1,2025-05-08 15:30:00,2025-05-08 17:45:00,100617.51947999999,0.005153173993944098,0.0023447427194003222,5.728e-05,0.0012874627194003222,0.24983878303222856,保本/跟踪,10,False
BTC,1,2025-05-08 20:45:00,2025-05-08 21:30:00,102103.31658,0.005723146238507159,0.010826353877957478,0.0,0.009826353877957477,1.7169496407138132,保本/跟踪,4,False
BTC,1,2025-05-09 07:15:00,2025-05-09 08:00:00,103498.99566,0.003832623167996057,0.0007505856409968755,0.0001,-0.0003494143590031245,-0.09116846183075726,保本/跟踪,4,False
BTC,1,2025-05-10 07:00:00,2025-05-10 07:15:00,103928.68157999999,0.002754249490007181,-0.0029536986401092484,0.0,-0.003953698640109249,-1.4354903774889836,止损,2,False
BTC,1,2025-05-10 23:15:00,2025-05-10 23:30:00,103982.09226,0.00300806648446551,0.0044377150119563535,0.0,0.0034377150119563535,1.1428321247916786,保本/跟踪,2,False
BTC,1,2025-05-11 11:00:00,2025-05-11 13:15:00,104629.02162,0.003603933633205491,-0.0038032128464788846,0.0,-0.004803212846478885,-1.3327695055823499,止损,10,False
BTC,-1,2025-05-12 18:15:00,2025-05-12 20:30:00,101911.51362,0.006578734516858181,-0.006780050263761491,-0.0,-0.007780050263761491,-1.1826059014579333,止损,10,False
BTC,-1,2025-05-13 03:30:00,2025-05-13 04:15:00,101553.38526,0.0055690523754404,-0.0057701661859154655,-0.0,-0.0067701661859154655,-1.2156765154107716,止损,4,False
BTC,1,2025-05-13 18:15:00,2025-05-13 23:00:00,104403.77657999999,0.005107196782912138,-0.0053061753435555,0.0,-0.0063061753435555,-1.2347625540208185,止损,20,False
BTC,1,2025-05-14 12:45:00,2025-05-14 13:00:00,104172.03024,0.0033863753988238937,-0.003585698123744135,0.0,-0.004585698123744136,-1.3541611852415338,止损,2,False
BTC,-1,2025-05-15 02:45:00,2025-05-15 08:30:00,102871.52158000002,0.002954737435305863,0.006934617441669357,-5.336e-05,0.005987977441669357,2.0265683746107563,保本/跟踪,24,False
BTC,-1,2025-05-15 09:45:00,2025-05-15 11:00:00,101632.06951999999,0.0036019144276489504,-0.0038026348105345735,-0.0,-0.0048026348105345736,-1.3333561657291675,止损,6,False
BTC,-1,2025-05-17 11:15:00,2025-05-17 11:45:00,102699.25604000001,0.002733324751942322,-0.0029338714168927063,-0.0,-0.003933871416892706,-1.4392257685799197,止损,3,False
BTC,-1,2025-05-17 14:00:00,2025-05-17 14:15:00,102645.66676,0.002564863998194622,-0.002765376970994153,-0.0,-0.003765376970994153,-1.4680610643077208,止损,2,False
BTC,1,2025-05-18 14:00:00,2025-05-18 15:00:00,104729.04162,0.0024439222763295546,0.0030756966089737874,0.0,0.0020756966089737873,0.8493300417438835,保本/跟踪,5,False
BTC,1,2025-05-18 17:00:00,2025-05-18 17:15:00,105810.35784,0.00400081817971954,-0.004200018016083486,0.0,-0.005200018016083486,-1.2997386490700287,止损,2,False
BTC,1,2025-05-18 23:00:00,2025-05-19 00:45:00,105920.47986,0.006347178643319721,-0.006545909207591058,5.99e-05,-0.007605809207591058,-1.198297642937153,止损,8,False
BTC,-1,2025-05-19 12:45:00,2025-05-19 13:30:00,102319.43202,0.004247773413234391,-0.004448622967916991,-0.0,-0.005448622967916991,-1.2827009442031971,止损,4,False
BTC,1,2025-05-19 17:00:00,2025-05-19 18:30:00,105335.46287999999,0.005571438114762222,-0.005770323827139173,0.0,-0.006770323827139173,-1.2151842464516214,止损,7,False
BTC,1,2025-05-20 00:15:00,2025-05-20 03:45:00,105970.78992000001,0.004152775964597929,-0.004351945409405012,0.0,-0.005351945409405012,-1.2887633368690974,止损,15,False
BTC,1,2025-05-20 17:45:00,2025-05-20 18:30:00,106178.93153999999,0.004827485211813849,-0.005026519714771467,0.0,-0.006026519714771467,-1.2483766288964147,止损,4,False
BTC,1,2025-05-20 19:45:00,2025-05-20 22:15:00,106498.19537999999,0.005671132318559923,-0.0058699980920962755,0.0,-0.0068699980920962755,-1.2113979547986957,止损,11,False
BTC,1,2025-05-21 04:45:00,2025-05-21 07:15:00,107501.59602,0.005092933299942328,-0.005291914713282312,0.0,-0.006291914713282312,-1.2354206000211236,止损,11,False
BTC,1,2025-05-21 14:45:00,2025-05-21 15:30:00,107737.24313999999,0.005053270877213072,0.0066609551128182665,0.0,0.0056609551128182665,1.120255622619688,保本/跟踪,4,False
BTC,1,2025-05-21 16:45:00,2025-05-21 17:00:00,109477.49112,0.006962488998051715,-0.0071610965002521345,0.0,-0.008161096500252134,-1.172152157444819,止损,2,False
BTC,1,2025-05-21 23:15:00,2025-05-22 05:45:00,109357.16706,0.007254103097676182,0.014142885886470447,0.0001,0.013042885886470446,1.7980011740732875,保本/跟踪,27,False
BTC,1,2025-05-22 13:00:00,2025-05-22 13:30:00,111594.61446,0.004925990071473866,-0.005125004873459551,0.0,-0.006125004873459551,-1.2434058503140544,止损,3,False
BTC,-1,2025-05-23 23:00:00,2025-05-24 03:30:00,107725.75054000001,0.005343647744050104,-0.005544716473598942,-3.524e-05,-0.006509476473598942,-1.2181709546343007,止损,19,False
BTC,-1,2025-05-25 08:45:00,2025-05-25 13:30:00,107253.84494000001,0.00336678788791218,-0.003567461245489721,-0.0,-0.004567461245489721,-1.3566228100939572,止损,20,False
BTC,1,2025-05-26 07:00:00,2025-05-26 10:45:00,109907.27706000001,0.0036097158075519588,-0.0038089938643903315,0.0001,-0.004908993864390331,-1.3599391547999782,止损,16,False
BTC,-1,2025-05-28 14:00:00,2025-05-28 17:00:00,107989.79772,0.003688883482221055,0.003521491256912101,-5.368e-05,0.0025751712569121008,0.6980896169053312,保本/跟踪,13,False
BTC,-1,2025-05-28 20:00:00,2025-05-28 20:30:00,106872.62120000001,0.004278576844791744,-0.004479432560160706,-0.0,-0.005479432560160706,-1.2806670907011402,止损,3,False
BTC,-1,2025-05-29 14:30:00,2025-05-29 14:45:00,106978.50001999999,0.004534369258861703,-0.00473527613271334,-0.0,-0.00573527613271334,-1.2648454074411024,止损,2,False
BTC,-1,2025-05-29 17:45:00,2025-05-29 17:45:00,106086.37848000001,0.005523302926248611,-0.00572440758683387,-0.0,-0.00672440758683387,-1.2174613046981728,止损,1,False
BTC,-1,2025-05-29 19:00:00,2025-05-29 21:45:00,105766.64244000001,0.006021008932900297,-0.006222213134686894,-0.0,-0.007222213134686894,-1.1995021457654576,止损,12,False
BTC,-1,2025-05-30 00:00:00,2025-05-30 00:15:00,105518.79202,0.00466542849680324,-0.004866361582502493,-0.0,-0.005866361582502493,-1.2574111009357736,止损,2,False
BTC,-1,2025-05-30 07:45:00,2025-05-30 09:45:00,105003.19516,0.004010546141682689,-0.004211348250910895,-3.849e-05,-0.005172858250910894,-1.289813922634621,止损,9,False
BTC,-1,2025-05-30 16:30:00,2025-05-31 04:15:00,104622.87124000001,0.005641353564673989,0.008419902022292968,-8.506e-05,0.007504962022292967,1.3303477501018277,保本/跟踪,48,False
BTC,-1,2025-05-31 10:45:00,2025-05-31 12:00:00,103277.3404,0.002832883510370039,-0.0030334500870720475,-0.0,-0.0040334500870720475,-1.4237966624138338,止损,6,False
BTC,-1,2025-06-01 09:45:00,2025-06-01 11:30:00,103830.32978000001,0.002291346410878616,-0.0024918046801606785,-0.0,-0.0034918046801606785,-1.5239095509882974,止损,8,False
BTC,1,2025-06-01 23:15:00,2025-06-02 00:15:00,105746.145,0.003334096448012705,-0.00353342962872295,-6.42e-06,-0.00452700962872295,-1.3577920433049508,止损,5,False
BTC,1,2025-06-02 07:45:00,2025-06-02 09:00:00,105403.27644,0.002918460488722264,-0.0031178767966244677,5.593e-05,-0.004173806796624467,-1.4301399017575216,止损,6,False
BTC,-1,2025-06-02 14:00:00,2025-06-02 14:15:00,103743.54714000001,0.004362638858732418,-0.004563511386504166,-0.0,-0.005563511386504166,-1.2752628779638813,止损,2,False
BTC,1,2025-06-03 00:15:00,2025-06-03 02:45:00,106145.82492,0.00415472988462356,-0.004353898938646592,0.0,-0.005353898938646592,-1.288627440850269,止损,11,False
BTC,-1,2025-06-05 06:45:00,2025-06-05 08:00:00,104338.22818,0.0025300596258866852,-0.002730565637811867,-2.871e-05,-0.003701855637811867,-1.4631495637240226,止损,6,False
BTC,-1,2025-06-05 16:45:00,2025-06-05 18:30:00,103679.35998000001,0.00506618218854344,0.0034813602428354034,-0.0,0.0024813602428354034,0.48978898714829094,保本/跟踪,8,False
BTC,-1,2025-06-05 19:30:00,2025-06-05 21:30:00,102141.96751999999,0.006764232457135262,0.00725377159740118,-0.0,0.00625377159740118,0.9245352871935053,保本/跟踪,9,True
BTC,1,2025-06-07 07:00:00,2025-06-07 07:00:00,105293.25443999999,0.0024237676907501115,-0.0026232829372119203,0.0,-0.0036232829372119203,-1.4948969536311383,止损,1,False
BTC,1,2025-06-07 12:45:00,2025-06-07 13:00:00,105606.6171,0.002535829134974439,-0.002735321969147415,0.0,-0.003735321969147415,-1.4730180033147489,止损,2,False
BTC,1,2025-06-09 09:45:00,2025-06-09 13:30:00,106592.8143,0.0025631124769004143,0.0073909061496274684,0.0,0.006390906149627468,2.493416191144302,保本/跟踪,16,False
BTC,1,2025-06-09 17:15:00,2025-06-09 21:30:00,108240.04367999999,0.004791518610986252,0.014820780195465795,0.0,0.013820780195465794,2.8844258610989773,保本/跟踪,18,False
BTC,-1,2025-06-12 10:15:00,2025-06-12 13:45:00,107318.23206,0.0026859054182567983,0.0020417455244463143,-0.0,0.0010417455244463142,0.38785636953754915,保本/跟踪,15,False
BTC,-1,2025-06-12 20:15:00,2025-06-13 01:45:00,106414.2129,0.005425696450456719,0.02436214737073247,1.801e-05,0.02334413737073247,4.302514448401814,保本/跟踪,23,False
BTC,-1,2025-06-14 17:00:00,2025-06-14 17:15:00,104379.81986,0.002372949208268665,-0.002573423798110373,-0.0,-0.003573423798110373,-1.505899825271688,止损,2,False
BTC,-1,2025-06-15 20:30:00,2025-06-15 22:15:00,104921.0116,0.0025305096961233463,-0.0027310157980624796,-0.0,-0.0037310157980624797,-1.4744127650560943,止损,8,False
BTC,1,2025-06-16 04:15:00,2025-06-16 09:45:00,106008.09737999999,0.003208648947326474,0.00773857137855482,5.07e-05,0.00668787137855482,2.0843262969379435,保本/跟踪,23,False
BTC,1,2025-06-16 14:30:00,2025-06-16 21:30:00,107311.9581,0.0036729819940445494,0.009286740982525023,2.793e-05,0.008258810982525023,2.2485302122134097,保本/跟踪,29,False
BTC,-1,2025-06-17 15:00:00,2025-06-17 17:30:00,104770.64168000002,0.004942161506865015,0.006412107215577069,-2.211e-05,0.005434217215577068,1.0995628548416625,保本/跟踪,11,False
BTC,-1,2025-06-18 09:45:00,2025-06-18 13:45:00,104609.07400000001,0.00305098521692116,0.0027995541465251988,-0.0,0.0017995541465251987,0.5898272258235268,保本/跟踪,17,False
BTC,-1,2025-06-19 16:00:00,2025-06-19 16:15:00,104034.38896,0.002929642869699197,-0.0031302287982731495,-0.0,-0.0041302287982731495,-1.4098062398633673,止损,2,False
BTC,-1,2025-06-21 18:45:00,2025-06-21 20:30:00,103079.97988000001,0.0025494800903913205,0.004784298021256544,-0.0,0.0037842980212565436,1.484341076252802,保本/跟踪,8,False
BTC,-1,2025-06-21 21:30:00,2025-06-21 23:45:00,101751.14570000001,0.004432505378226757,0.0020793252151953346,-0.0,0.0010793252151953345,0.24350229116408276,保本/跟踪,10,False
BTC,-1,2025-06-22 14:30:00,2025-06-22 14:30:00,99475.40094,0.006929686620415636,-0.0071310725577397776,-0.0,-0.008131072557739778,-1.17336800394187,止损,1,True
BTC,-1,2025-06-22 16:00:00,2025-06-22 16:45:00,98829.93006,0.007803626254645733,-0.008005186979896581,-0.0,-0.009005186979896582,-1.153974663322135,止损,4,True
BTC,-1,2025-06-22 20:15:00,2025-06-22 20:30:00,98399.21622,0.006768332400806779,-0.0069696860672869825,-0.0,-0.007969686067286982,-1.177496256882567,止损,2,True
BTC,1,2025-06-23 22:15:00,2025-06-24 22:15:00,105290.95397999999,0.007815403906146228,0.004798916914514599,2.91e-05,0.003769816914514599,0.4823572728659515,超时,97,True
BTC,1,2025-06-25 13:15:00,2025-06-25 14:15:00,107366.469,0.0031853107278962127,0.0013206950610456154,0.0,0.00032069506104561536,0.10067936488488938,保本/跟踪,5,False
BTC,1,2025-06-29 23:30:00,2025-06-30 06:30:00,108361.56797999999,0.0028701704433745237,-0.003069596409285791,1.084e-05,-0.004080436409285791,-1.4216704163702314,止损,29,False
BTC,-1,2025-07-01 09:45:00,2025-07-01 13:30:00,106448.2061,0.0022692333988828268,-0.00246968724556251,-0.0,-0.00346968724556251,-1.529012946517834,止损,16,False
BTC,-1,2025-07-01 14:45:00,2025-07-02 01:30:00,105964.8028,0.004185169310085217,0.003466127528149494,-2.9160000000000002e-05,0.002495287528149494,0.59622140546058,保本/跟踪,44,False
BTC,1,2025-07-02 15:00:00,2025-07-02 17:30:00,108118.11929999999,0.003536274042447877,0.00790427640771983,4.13e-05,0.00686297640771983,1.940736584704602,保本/跟踪,11,False
BTC,1,2025-07-03 09:15:00,2025-07-03 10:00:00,109607.61713999999,0.0025610863204674375,0.0017266225538293744,0.0,0.0007266225538293744,0.28371654169655425,保本/跟踪,4,False
BTC,-1,2025-07-04 19:30:00,2025-07-04 20:00:00,107215.75256,0.0033251723683763207,-0.00352583740284986,-0.0,-0.00452583740284986,-1.3610835473951153,止损,3,False
BTC,1,2025-07-06 21:30:00,2025-07-06 23:00:00,109273.35029999999,0.0027812555022431623,-0.002980699251142618,0.0,-0.003980699251142618,-1.4312598205853686,止损,7,False
BTC,1,2025-07-07 03:30:00,2025-07-07 04:00:00,109600.81577999999,0.002887151046082406,-0.0030865736158731463,0.0,-0.004086573615873146,-1.4154346449654045,止损,3,False
BTC,1,2025-07-09 19:30:00,2025-07-09 20:00:00,110337.5631,0.0035188984042058384,0.008591184196740861,0.0,0.007591184196740861,2.1572615417562973,保本/跟踪,3,False
BTC,1,2025-07-10 16:30:00,2025-07-10 18:30:00,112367.76906,0.004372734632052345,0.005764972730558414,0.0,0.004764972730558414,1.0897008694812957,保本/跟踪,9,False
BTC,1,2025-07-10 21:30:00,2025-07-11 06:45:00,115713.23802,0.007467792478272698,0.016352318365815095,0.0001,0.015252318365815094,2.0424132580265484,保本/跟踪,38,True
BTC,1,2025-07-11 09:45:00,2025-07-11 10:15:00,118591.7136,0.0045398402740472275,-0.004738932305992424,0.0,-0.005738932305992424,-1.2641264801319136,止损,3,False
BTC,1,2025-07-13 14:30:00,2025-07-13 14:30:00,119143.824,0.003332023102351885,-0.003531356697731427,0.0,-0.004531356697731427,-1.359941560589121,止损,1,False
BTC,1,2025-07-14 02:30:00,2025-07-14 03:45:00,119819.05902,0.004018513371276394,0.008834440811519637,0.0,0.007834440811519638,1.9495868465982478,保本/跟踪,6,False
BTC,1,2025-07-14 05:30:00,2025-07-14 11:15:00,122332.36158,0.0060699362895679,-0.006268722302310026,0.0001,-0.007368722302310026,-1.2139702874599008,止损,24,True
BTC,-1,2025-07-15 15:00:00,2025-07-15 16:00:00,115956.40408000001,0.007886084464353592,-0.008087661681246382,-0.0001,-0.008987661681246383,-1.139686205730119,止损,5,True
BTC,1,2025-07-17 19:15:00,2025-07-17 19:45:00,119822.65973999999,0.004455791268065662,-0.004654900109812025,0.0,-0.005654900109812025,-1.2691124358405856,止损,3,False
BTC,-1,2025-07-18 20:30:00,2025-07-18 20:45:00,116956.80396,0.004840880379427496,-0.005041848555503298,-0.0,-0.006041848555503298,-1.248088794174632,止损,2,False
BTC,-1,2025-07-19 14:45:00,2025-07-19 15:15:00,117766.34202,0.00227130977542162,-0.0024717640373767254,-0.0,-0.0034717640373767254,-1.5285295184943528,止损,3,False
BTC,-1,2025-07-20 22:15:00,2025-07-20 22:30:00,116851.625,0.0037186786056888745,-0.003919422341410059,-0.0,-0.004919422341410059,-1.3228952708858124,止损,2,False
BTC,1,2025-07-21 07:15:00,2025-07-21 08:30:00,119373.76998,0.003761459177851421,-0.003960706886015778,0.0001,-0.005060706886015778,-1.3454105565772745,止损,6,False
BTC,-1,2025-07-21 19:45:00,2025-07-21 22:30:00,116776.73998000001,0.005209450930207182,-0.005410492820393249,-0.0,-0.006410492820393249,-1.2305505716968719,止损,12,True
BTC,-1,2025-07-24 06:45:00,2025-07-24 07:00:00,117376.52,0.004068945936617348,-0.004269759725804673,-0.0,-0.005269759725804673,-1.2951166734315478,止损,2,False
BTC,-1,2025-07-25 02:15:00,2025-07-25 04:30:00,117151.96492,0.003364422739372438,0.01150642516742136,-0.0,0.010506425167421361,3.122801734891708,保本/跟踪,10,False
BTC,1,2025-07-27 16:15:00,2025-07-27 17:15:00,119180.33129999999,0.002560493483521467,-0.0027599813848247926,0.0,-0.0037599813848247926,-1.4684596578834719,止损,5,False
BTC,1,2025-07-27 22:15:00,2025-07-27 23:00:00,119718.83897999999,0.0029167993268990567,-0.0031162159670336453,0.0,-0.004116215967033645,-1.4112098590648425,止损,4,False
BTC,-1,2025-07-30 19:00:00,2025-07-30 19:45:00,116453.60462,0.004917982857820428,-0.005118966454392044,-0.0,-0.006118966454392044,-1.2442024771724953,止损,4,True
BTC,-1,2025-07-31 20:00:00,2025-08-01 01:00:00,116695.55622,0.004428172708839199,0.011187939646464824,1.408e-05,0.010173859646464823,2.2975300006154904,保本/跟踪,21,False
BTC,-1,2025-08-01 07:15:00,2025-08-01 12:00:00,114913.71266,0.004208850365030093,-0.004409692135103078,-1.549e-05,-0.005394202135103078,-1.2816331461725676,止损,20,False
BTC,-1,2025-08-01 14:00:00,2025-08-01 14:00:00,114281.83906,0.005221954855955295,-0.005422999246926474,-0.0,-0.006422999246926474,-1.229998999244788,止损,1,True
BTC,-1,2025-08-01 19:30:00,2025-08-01 21:30:00,113325.3304,0.0062516407218312165,-0.006452891049975653,-0.0,-0.007452891049975653,-1.1921496102534455,止损,9,True
BTC,-1,2025-08-01 22:45:00,2025-08-02 00:30:00,112985.29841999999,0.005879680221492055,-0.006080856157536252,-4.81e-05,-0.0070327561575362525,-1.196112015042816,止损,8,True
BTC,-1,2025-08-02 10:45:00,2025-08-02 11:15:00,113365.12244,0.002285544522528612,-0.002486001631433103,-0.0,-0.003486001631433103,-1.5252389953779442,止损,3,False
BTC,-1,2025-08-02 14:45:00,2025-08-02 15:00:00,112927.11006,0.0025215631208333786,-0.002722067433457518,-0.0,-0.003722067433457518,-1.4760952849863112,止损,2,False
BTC,-1,2025-08-02 16:15:00,2025-08-02 16:30:00,112707.95390000001,0.0027484555886045535,-0.002949005279722163,-0.0,-0.003949005279722163,-1.4368088376960653,止损,2,False
BTC,-1,2025-08-02 18:15:00,2025-08-02 19:30:00,112419.61158000001,0.00350693689140615,-0.003707638278784451,-0.0,-0.0047076382787844505,-1.3423789547854865,止损,6,False
BTC,-1,2025-08-06 03:30:00,2025-08-06 05:00:00,113375.12044,0.002809086169366407,-0.0030096479866002415,-0.0,-0.0040096479866002415,-1.427385186800668,止损,7,False
BTC,1,2025-08-06 16:00:00,2025-08-06 21:30:00,115389.27324,0.004670002726742665,-0.004869068726197338,0.0,-0.005869068726197338,-1.2567591647405791,止损,23,False
BTC,1,2025-08-07 10:15:00,2025-08-07 12:00:00,115475.49048,0.002336110141732949,0.0070682128376845016,0.0,0.0060682128376845015,2.5975713769998205,保本/跟踪,8,False
BTC,1,2025-08-07 19:45:00,2025-08-08 02:30:00,117122.31977999999,0.003880767446760792,-0.0040799912932715015,2.403e-05,-0.005104021293271502,-1.315209262933737,止损,28,False
BTC,1,2025-08-09 09:15:00,2025-08-09 11:30:00,117397.07472,0.002484403614737946,-0.002683906734015026,0.0,-0.003683906734015026,-1.482813304634321,止损,10,False
BTC,1,2025-08-10 03:15:00,2025-08-10 03:15:00,117898.77504,0.0024308943566556354,-0.002630408177784257,0.0,-0.003630408177784257,-1.4934454752607527,止损,1,False
BTC,1,2025-08-10 23:45:00,2025-08-11 07:30:00,119247.14466,0.003111663304531064,0.02123325852221376,0.0001,0.02013325852221376,6.470256114437771,保本/跟踪,32,False
BTC,1,2025-08-13 10:15:00,2025-08-13 14:15:00,120374.47007999998,0.00323974227490989,0.008481775112235683,0.0,0.007481775112235683,2.309373548068351,保本/跟踪,17,False
BTC,1,2025-08-13 21:00:00,2025-08-13 21:45:00,122930.0811,0.004759276207829075,-0.0049583243525874515,0.0,-0.0059583243525874515,-1.2519391799084756,止损,4,True
BTC,1,2025-08-14 00:15:00,2025-08-14 04:00:00,123911.87742,0.005082296333571141,-0.0052812798743043995,0.0,-0.0062812798743044,-1.2359137409625969,止损,16,True
BTC,-1,2025-08-15 13:45:00,2025-08-15 17:15:00,117941.00708000001,0.003453286276120108,0.003549209400146219,-3.722e-05,0.002586429400146219,0.7489762485177354,保本/跟踪,15,False
BTC,-1,2025-08-17 19:00:00,2025-08-17 22:00:00,117477.59978,0.0022577654464138145,-0.002458216999503065,-0.0,-0.003458216999503065,-1.5316989658939204,止损,13,False
BTC,-1,2025-08-18 00:30:00,2025-08-18 05:00:00,117075.98012,0.002466050477943659,0.0130869222464606,-0.0,0.012086922246460598,4.9013279957429745,保本/跟踪,19,False
BTC,-1,2025-08-18 09:30:00,2025-08-18 09:45:00,114617.47192,0.003868261880480099,-0.00406903553285616,-0.0,-0.00506903553285616,-1.3104168459832999,止损,2,False
BTC,-1,2025-08-19 03:30:00,2025-08-19 04:15:00,115299.9354,0.003919438478851379,0.0026460004365499563,-0.0,0.0016460004365499562,0.41995822754496437,保本/跟踪,4,False
BTC,-1,2025-08-19 14:45:00,2025-08-19 19:15:00,113856.7241,0.0047156290871731244,0.00401674213314885,-3.167e-05,0.00304841213314885,0.6464486660837611,保本/跟踪,19,True
BTC,-1,2025-08-20 01:45:00,2025-08-20 01:45:00,112615.4724,0.003962949248437978,-0.00416374183828765,-0.0,-0.00516374183828765,-1.303004786226564,止损,1,False
BTC,-1,2025-08-21 17:00:00,2025-08-22 01:30:00,112328.32984,0.004739222164329993,-0.004940170008762833,-7.296e-05,-0.005867210008762833,-1.238011176796627,止损,35,True
BTC,-1,2025-08-22 12:15:00,2025-08-22 12:45:00,112008.79376,0.0030083582562560147,-0.00320895992790728,-0.0,-0.0042089599279072805,-1.3990886621148133,止损,3,False
BTC,1,2025-08-22 18:15:00,2025-08-22 19:30:00,117379.4712,0.006180882418143182,-0.006379646241659519,0.0,-0.007379646241659519,-1.1939470357820625,止损,6,True
BTC,-1,2025-08-24 19:45:00,2025-08-25 08:15:00,113001.09526,0.006827528128790148,0.012046735232055813,-0.0002,0.011246735232055815,1.6472631119058838,保本/跟踪,51,True
BTC,-1,2025-08-25 13:45:00,2025-08-25 13:45:00,110763.54286,0.004950095720909415,-0.005151085740053669,-0.0,-0.006151085740053669,-1.2426195546221905,止损,1,True
BTC,-1,2025-08-25 20:15:00,2025-08-26 12:30:00,109978.69986,0.006609555136733454,-0.006810877047760823,-8.422e-05,-0.007726657047760823,-1.1690131768201661,止损,66,True
BTC,-1,2025-08-27 08:30:00,2025-08-27 09:00:00,110535.3885,0.0029708003414070324,-0.003171394501475366,-0.0,-0.004171394501475367,-1.4041315544954152,止损,3,False
BTC,1,2025-08-28 04:15:00,2025-08-28 09:15:00,112146.22476,0.0036144199807213303,0.006301743032274859,9.693e-05,0.005204813032274859,1.440013352083156,保本/跟踪,21,False
BTC,-1,2025-08-29 07:15:00,2025-08-29 10:00:00,110457.90400000001,0.0036056808667974238,0.004671362302491124,-5.856e-05,0.0037299223024911243,1.0344571359150962,保本/跟踪,12,False
BTC,-1,2025-08-29 14:00:00,2025-08-29 21:30:00,109034.6887,0.005385137080520197,0.007965479228020511,-6.44e-06,0.006971919228020511,1.2946595646079697,保本/跟踪,31,True
BTC,-1,2025-08-30 02:00:00,2025-08-30 02:15:00,107383.519,0.003701647484213815,-0.0039023878137105297,-0.0,-0.00490238781371053,-1.3243799780009946,止损,2,False
BTC,-1,2025-08-31 13:15:00,2025-08-31 13:15:00,108150.16564,0.002271953393132282,-0.002472407783810817,-0.0,-0.003472407783810817,-1.5283798489472973,止损,1,False
BTC,-1,2025-09-01 00:15:00,2025-09-01 00:45:00,107905.71454,0.0029763555979557487,-0.003176950869075369,-0.0,-0.004176950869075369,-1.403377631336869,止损,3,False
BTC,-1,2025-09-01 04:45:00,2025-09-01 05:00:00,107249.14588000001,0.003924015088216399,-0.004124799891234098,-0.0,-0.005124799891234098,-1.3060092216830639,止损,2,False
BTC,1,2025-09-02 02:45:00,2025-09-02 07:30:00,109603.01622,0.004431963286521849,0.004468217409915018,0.0,0.0034682174099150177,0.7825465117146384,保本/跟踪,20,False
BTC,1,2025-09-02 14:00:00,2025-09-02 16:15:00,111135.62267999999,0.00616964025817348,-0.006368406330121795,6.356e-05,-0.007431966330121795,-1.2046028648552074,止损,10,True
BTC,1,2025-09-03 14:45:00,2025-09-03 15:15:00,112464.78846,0.00506919953966455,-0.005268185699756637,0.0,-0.006268185699756637,-1.2365237648884164,止损,3,True
BTC,1,2025-09-05 05:15:00,2025-09-05 09:00:00,111541.70387999999,0.0030058407538777567,0.00812843859732643,0.0001,0.007028438597326429,2.3382604644837635,保本/跟踪,16,False
BTC,1,2025-09-08 07:30:00,2025-09-08 07:30:00,111466.58886,0.002417789166809294,-0.0026173056089758675,0.0,-0.0036173056089758675,-1.4961211914724353,止损,1,False
BTC,1,2025-09-08 08:45:00,2025-09-08 16:15:00,111790.05354,0.0028644452418687292,0.004881246611128515,7.311e-05,0.0038081366111285147,1.3294499596173577,保本/跟踪,31,False
BTC,1,2025-09-09 06:15:00,2025-09-09 14:00:00,112672.53,0.0031093463876357163,-0.003308724518358227,0.0001,-0.004408724518358227,-1.4178942995510164,止损,32,False
BTC,1,2025-09-10 12:45:00,2025-09-10 16:00:00,113246.6448,0.0034809735618053636,0.0035923731825689845,0.0001,0.0024923731825689847,0.7159988831619699,保本/跟踪,14,False
BTC,1,2025-09-11 23:15:00,2025-09-12 01:00:00,115346.76474,0.002794752291510838,0.003686069921062749,6.137e-05,0.002624699921062749,0.9391529721740888,保本/跟踪,8,False
BTC,1,2025-09-12 17:30:00,2025-09-12 20:00:00,115810.55747999999,0.0031354259940409943,0.0026575956617376382,0.0,0.0016575956617376382,0.5286668111089105,保本/跟踪,11,False
BTC,1,2025-09-15 05:30:00,2025-09-15 07:30:00,116288.95314,0.0027300299356868285,-0.0029294839296997053,0.0,-0.003929483929699705,-1.4393556196339345,止损,9,False
BTC,-1,2025-09-15 13:45:00,2025-09-15 13:45:00,114403.01482,0.0036893210872439804,-0.003890058951461358,-0.0,-0.0048900589514613586,-1.3254630962777927,止损,1,False
BTC,1,2025-09-16 17:00:00,2025-09-16 18:30:00,116044.2042,0.003377263919182606,0.0014791553110784766,0.0,0.00047915531107847655,0.14187677437848736,保本/跟踪,7,False
BTC,1,2025-09-18 03:15:00,2025-09-18 06:00:00,117421.27956,0.00422488894245025,-0.004424043964661744,0.0,-0.005424043964661744,-1.2838311346276563,止损,12,False
BTC,-1,2025-09-19 15:00:00,2025-09-19 21:30:00,115826.53006,0.002522352029706181,0.0034961614498968943,-5.264e-05,0.0025488014498968943,1.0104860145924177,保本/跟踪,27,False
BTC,-1,2025-09-22 01:00:00,2025-09-22 01:15:00,114312.93284000001,0.002723569835477374,-0.0029241145494444108,-0.0,-0.003924114549444411,-1.4407982120849903,止损,2,False
BTC,-1,2025-09-22 06:00:00,2025-09-22 06:15:00,113592.277,0.0031859498730228046,0.005568948846760065,-0.0,0.004568948846760065,1.4340931366961782,保本/跟踪,2,False
BTC,-1,2025-09-22 17:15:00,2025-09-22 18:15:00,112242.547,0.0037321620318089186,-0.003932908464215301,-0.0,-0.004932908464215301,-1.3217294485535507,止损,5,False
BTC,-1,2025-09-22 19:45:00,2025-09-22 20:30:00,111916.01232,0.0035777942662510954,-0.0037785098251042664,-0.0,-0.004778509825104266,-1.3356021809804373,止损,4,False
BTC,-1,2025-09-23 18:45:00,2025-09-23 21:30:00,111663.96274,0.004030545365723117,-0.004231351474796231,-0.0,-0.005231351474796231,-1.2979264591052877,止损,12,False
BTC,-1,2025-09-24 04:00:00,2025-09-24 04:15:00,111617.47204000001,0.003187762055961627,-0.0033883996083727357,-0.0,-0.004388399608372735,-1.376639639764117,止损,2,False
BTC,-1,2025-09-25 07:00:00,2025-09-25 08:00:00,111452.2051,0.00364835931037226,-0.0038490889822341877,-1.73e-05,-0.004831788982234188,-1.3243731143743014,止损,5,False
BTC,-1,2025-09-25 12:00:00,2025-09-25 13:15:00,111293.7368,0.0030890097855577055,-0.003289627587514755,-0.0,-0.004289627587514755,-1.3886740040677092,止损,6,False
BTC,-1,2025-09-25 17:45:00,2025-09-26 17:15:00,109307.1342,0.005843075819222888,-0.0060442444343866844,-0.00015219000000000002,-0.0068920544343866845,-1.1795250733719398,止损,95,True
BTC,1,2025-09-28 22:15:00,2025-09-29 01:45:00,111434.18238,0.002638984585879168,0.003498587232360108,2.312e-05,0.002475467232360108,0.9380377761984597,保本/跟踪,15,False
BTC,1,2025-09-29 08:30:00,2025-09-29 11:00:00,112169.4294,0.002341988803814945,-0.0025415204060541983,0.0,-0.0035415204060541983,-1.5121850285045324,止损,11,False
BTC,1,2025-09-29 13:45:00,2025-09-29 16:45:00,113262.94806,0.003689013392796892,0.002717249719272861,3.2e-07,0.001716929719272861,0.4654170469061756,保本/跟踪,13,False
BTC,1,2025-09-29 20:00:00,2025-09-30 05:30:00,114227.74097999999,0.003280705044641337,-0.003480048903632321,2.353e-05,-0.00450357890363232,-1.3727472730254766,止损,39,False
BTC,1,2025-09-30 19:30:00,2025-09-30 21:45:00,113913.07806,0.00342701153638888,0.0017618926881031143,0.0,0.0007618926881031143,0.22231984923690626,保本/跟踪,10,False
BTC,1,2025-10-01 04:30:00,2025-10-01 04:45:00,114572.91,0.0029432307632498854,-0.0031426421170972297,0.0,-0.00414264211709723,-1.4075152274240863,止损,2,False
BTC,1,2025-10-01 09:00:00,2025-10-01 16:45:00,116083.61207999999,0.004257902501335074,0.012464693268571643,0.0001,0.011364693268571643,2.6690825506239797,保本/跟踪,32,False
BTC,1,2025-10-01 22:15:00,2025-10-02 00:30:00,117802.35576,0.0033754019187234425,0.008263416190853079,7.784e-05,0.007185576190853079,2.128806098910622,保本/跟踪,10,False
BTC,1,2025-10-02 12:30:00,2025-10-02 14:00:00,119067.60876,0.002356220035336663,0.00127572816445082,0.0,0.00027572816445082,0.11702139881491298,保本/跟踪,7,False
BTC,1,2025-10-02 16:00:00,2025-10-02 17:15:00,119899.07502,0.004607926139758451,-0.004807004554530507,0.0,-0.005807004554530507,-1.2602208408737452,止损,6,True
BTC,1,2025-10-02 19:00:00,2025-10-03 01:45:00,120485.69232,0.004601896614654757,-0.004800976235331889,9.926e-05,-0.005900236235331889,-1.2821314187160495,止损,28,True
BTC,1,2025-10-03 16:15:00,2025-10-03 17:00:00,123124.51998,0.005089751429215635,-0.0052887334789297755,0.0,-0.0062887334789297755,-1.2355678988234817,止损,4,True
BTC,1,2025-10-05 02:45:00,2025-10-05 05:00:00,123667.7286,0.003218232638289644,0.010742369954818204,0.0,0.009742369954818204,3.02724229407973,保本/跟踪,10,False
BTC,1,2025-10-06 00:30:00,2025-10-06 00:45:00,123650.12508,0.0033355279947273934,-0.0035348608891284015,0.0,-0.004534860889128401,-1.3595631325225999,止损,2,False
BTC,1,2025-10-06 13:30:00,2025-10-06 13:30:00,124826.76036,0.003546857175047283,-0.0037461478036122115,0.0,-0.0047461478036122115,-1.338127691467853,止损,1,False
BTC,1,2025-10-06 17:00:00,2025-10-06 21:15:00,125442.78353999999,0.004479488260173476,-0.004678592362521486,0.0,-0.005678592362521486,-1.267687743041785,止损,18,True
BTC,-1,2025-10-07 18:30:00,2025-10-07 19:00:00,120663.06256,0.006499202849874809,-0.006700502690444877,-0.0,-0.007700502690444877,-1.1848380283426925,止损,3,True
BTC,-1,2025-10-09 02:15:00,2025-10-09 09:15:00,122189.75716,0.0033674619153466123,0.004063135627395222,-5.35e-05,0.0031166356273952226,0.9255147365414014,保本/跟踪,29,False
BTC,-1,2025-10-09 17:00:00,2025-10-09 17:30:00,119728.14958000001,0.006772244858389252,-0.006973599307360948,-0.0,-0.007973599307360947,-1.1773938293863508,止损,3,True
BTC,-1,2025-10-10 15:30:00,2025-10-10 19:45:00,119164.1624,0.005991429670130096,0.018433615673362776,-1.013e-05,0.017443745673362775,2.9114496261764526,保本/跟踪,18,True
BTC,-1,2025-10-10 21:00:00,2025-10-10 21:15:00,114177.55992,0.010680336179593459,0.017670130640500697,-0.0,0.016670130640500696,1.5608245246391894,保本/跟踪,2,True
BTC,-1,2025-10-11 07:30:00,2025-10-11 09:30:00,110671.06135999999,0.01024706759776502,-0.010449117011284625,-0.0001,-0.011349117011284625,-1.1075477840860513,止损,9,True
BTC,-1,2025-10-11 20:30:00,2025-10-11 22:30:00,110547.08616,0.0050449880691770714,-0.005245997066790964,-0.0,-0.006245997066790964,-1.2380598291107157,止损,9,True
BTC,1,2025-10-13 19:30:00,2025-10-14 00:45:00,115567.60889999999,0.006316964858913393,-0.006515701465941695,-4.041e-05,-0.007475291465941695,-1.183367587583438,止损,22,True
BTC,-1,2025-10-14 06:30:00,2025-10-14 11:00:00,112214.85254,0.004925660672867645,0.011966850827827238,-7.12e-06,0.010973970827827237,2.2279185588800123,保本/跟踪,19,True
BTC,-1,2025-10-15 13:45:00,2025-10-15 14:00:00,111253.44486,0.005219516686826877,-0.005420560590164267,-0.0,-0.006420560590164267,-1.2301063442078093,止损,2,True
BTC,-1,2025-10-16 15:45:00,2025-10-17 08:30:00,109127.47014,0.008682709249852056,0.034399352730334336,3.923e-05,0.033360122730334334,3.8421328839155535,保本/跟踪,68,True
BTC,-1,2025-10-17 10:30:00,2025-10-17 10:45:00,103950.7057,0.008222643185597988,-0.008424287714235134,-0.0,-0.009424287714235133,-1.1461384741516976,止损,2,True
BTC,-1,2025-10-19 09:30:00,2025-10-19 09:30:00,106094.57684000001,0.0032580761310504803,-0.0034587277462766936,-0.0,-0.004458727746276694,-1.3685155186472255,止损,1,False
BTC,1,2025-10-19 16:45:00,2025-10-19 23:30:00,108866.06886,0.004373135298218778,-0.004572260671159159,0.0,-0.005572260671159159,-1.274202669519234,止损,28,False
BTC,1,2025-10-20 04:00:00,2025-10-20 09:00:00,110122.32006,0.005802193631285559,0.007694761922264102,-6.65e-06,0.006701411922264103,1.1549790214049283,保本/跟踪,21,True
BTC,1,2025-10-21 15:00:00,2025-10-21 20:15:00,112150.02552000001,0.00946495181392836,-0.009663058823565562,-2.506e-05,-0.010637998823565562,-1.1239358670491042,止损,22,True
BTC,-1,2025-10-22 07:15:00,2025-10-22 07:30:00,107547.78614000001,0.004550651525225554,-0.004751561655530596,-0.0,-0.005751561655530596,-1.26389850412585,止损,2,False
BTC,-1,2025-10-22 21:15:00,2025-10-22 23:15:00,107066.88234000001,0.0068527795508057975,-0.007054150106715942,-0.0,-0.008054150106715941,-1.1753114261159734,止损,9,True
BTC,1,2025-10-23 17:45:00,2025-10-23 20:00:00,110695.23462,0.006421579314379343,-0.006620294998516458,0.0,-0.007620294998516458,-1.1866699180142375,止损,10,True
BTC,1,2025-10-25 04:30:00,2025-10-25 13:30:00,111263.94833999999,0.002427192804994123,0.0027502733625981587,1.484e-05,0.0017354333625981587,0.7149960889087098,保本/跟踪,37,False
BTC,1,2025-10-26 11:45:00,2025-10-26 21:15:00,113296.1547,0.0032307502760271583,-0.0034301041259718677,6.904e-05,-0.0044991441259718675,-1.3926003997760077,止损,39,False
BTC,1,2025-10-27 05:15:00,2025-10-27 07:30:00,115469.98937999998,0.0033586773279927953,0.0028144277168409746,0.0,0.0018144277168409746,0.5402209083077678,保本/跟踪,10,False
BTC,1,2025-10-28 13:15:00,2025-10-28 14:30:00,114729.9414,0.002661793572322051,0.006718560246684488,0.0,0.005718560246684488,2.148386075519683,保本/跟踪,6,False
BTC,-1,2025-10-29 15:30:00,2025-10-29 17:30:00,111947.606,0.00462548231952171,0.0028736156094502775,-5.003e-05,0.0019236456094502774,0.41588000484437887,保本/跟踪,9,False
BTC,-1,2025-10-29 18:45:00,2025-10-29 18:45:00,109667.16218000001,0.007905342750073159,-0.008106923818623234,-0.0,-0.009106923818623235,-1.1519960748746734,止损,1,True
BTC,-1,2025-10-30 04:30:00,2025-10-30 04:30:00,108307.3342,0.006954540766846177,-0.007155931674999604,-0.0,-0.008155931674999603,-1.1727491359142965,止损,1,True
BTC,-1,2025-10-30 12:15:00,2025-10-30 14:45:00,109343.6269,0.005246077760985454,0.009283143218460296,-0.0,0.008283143218460295,1.5789211666020635,保本/跟踪,11,True
BTC,-1,2025-10-30 17:30:00,2025-10-30 21:30:00,107085.57860000001,0.006677955049053017,-0.006879290640062772,-0.0,-0.00787929064006277,-1.1798957288848646,止损,17,True
BTC,1,2025-11-01 17:00:00,2025-11-01 17:15:00,110435.88276000001,0.002481310606509062,-0.0026808143443876847,0.0,-0.0036808143443876847,-1.4834153913387713,止损,2,False
BTC,1,2025-11-02 08:00:00,2025-11-02 09:30:00,110866.1688,0.002701184435273534,-0.002900644198386542,0.0,-0.003900644198386542,-1.4440495611665056,止损,7,False
BTC,1,2025-11-02 12:00:00,2025-11-02 12:30:00,111167.62908,0.0029362827742395663,-0.0031356955176846885,0.0,-0.0041356955176846885,-1.4084799849550405,止损,3,False
BTC,-1,2025-11-03 02:30:00,2025-11-03 07:15:00,109159.96364,0.004365829620316614,0.013122556742892017,-0.0,0.012122556742892018,2.77669029649693,保本/跟踪,20,False
BTC,-1,2025-11-04 05:45:00,2025-11-04 14:45:00,104864.5229,0.006509166204443126,0.009129356559538664,-5.808e-05,0.008187436559538663,1.2578318485630244,保本/跟踪,37,True
BTC,-1,2025-11-04 16:30:00,2025-11-04 17:30:00,102680.75974000001,0.00803620821195905,0.007129958359625193,-0.0,0.006129958359625193,0.7627923764472554,保本/跟踪,5,True
BTC,-1,2025-11-04 21:45:00,2025-11-04 21:45:00,99240.24798000001,0.010767442366862504,-0.010969595855335844,-0.0,-0.011969595855335843,-1.1116470789918544,止损,1,True
BTC,-1,2025-11-06 12:45:00,2025-11-06 13:00:00,102379.61998,0.004569136467667379,-0.004770050294960881,-0.0,-0.005770050294960881,-1.2628316829211688,止损,2,False
BTC,-1,2025-11-06 15:00:00,2025-11-06 15:15:00,102062.5834,0.006509738591314644,-0.00671104053903285,-0.0,-0.00771104053903285,-1.1845391993652394,止损,2,True
BTC,-1,2025-11-06 16:45:00,2025-11-06 17:00:00,100537.18854,0.00860130778825526,-0.008803028049812894,-0.0,-0.009803028049812895,-1.1397136681003945,止损,2,True
BTC,-1,2025-11-07 10:30:00,2025-11-07 13:00:00,100596.97658,0.004689358849607688,0.005923339867332451,-0.0,0.004923339867332451,1.0498961638954838,保本/跟踪,11,False
BTC,-1,2025-11-08 14:15:00,2025-11-08 14:30:00,101569.88196,0.004071044503550439,-0.004271858712451172,-0.0,-0.005271858712451172,-1.2949646479800154,止损,2,False
BTC,-1,2025-11-09 03:30:00,2025-11-09 04:15:00,101446.50664,0.0036161599820560227,-0.0038168832140523827,-0.0,-0.004816883214052383,-1.3320437253756872,止损,4,False
BTC,1,2025-11-09 19:00:00,2025-11-10 01:30:00,104500.69596,0.00504047664954908,0.01161333830991409,8.87e-05,0.01052463830991409,2.088024415479759,保本/跟踪,27,False
BTC,1,2025-11-10 07:15:00,2025-11-10 08:30:00,106507.49724,0.004444702169053383,-0.004643813228619539,7.355e-05,-0.00571736322861954,-1.2863321345639687,止损,6,False
BTC,-1,2025-11-11 21:45:00,2025-11-11 22:45:00,102505.69476,0.005314295092046703,-0.0055153579510650195,-0.0,-0.0065153579510650195,-1.2260060531481984,止损,5,True
BTC,-1,2025-11-12 16:15:00,2025-11-13 01:00:00,101453.50524,0.007657804422077558,-0.00785933598296195,-1.077e-05,-0.00884856598296195,-1.1554964706922275,止损,36,True
BTC,-1,2025-11-13 03:15:00,2025-11-13 03:15:00,101278.44026,0.005956155527649843,-0.00615734675875532,-0.0,-0.00715734675875532,-1.201672240680968,止损,1,True
BTC,-1,2025-11-13 14:45:00,2025-11-13 14:45:00,101755.1449,0.006161799726565158,-0.006363032086510384,-0.0,-0.007363032086510384,-1.194948296480068,止损,1,True
BTC,-1,2025-11-13 16:00:00,2025-11-13 22:00:00,101317.73240000001,0.00842724588139921,0.021450046615629048,-0.0,0.020450046615629047,2.426658353563269,保本/跟踪,25,True
BTC,-1,2025-11-14 12:15:00,2025-11-14 14:30:00,95562.48368,0.00838964463664019,-0.008591322565567487,-0.0,-0.009591322565567488,-1.143233471854004,止损,10,True
BTC,-1,2025-11-14 20:45:00,2025-11-14 22:00:00,94317.23278,0.010243265919886385,-0.01044531457307044,-0.0,-0.01144531457307044,-1.1173501364296698,止损,6,True
BTC,-1,2025-11-16 01:45:00,2025-11-16 02:00:00,94950.60608000001,0.004447815805073219,-0.004648705368234272,-0.0,-0.005648705368234272,-1.2699953450840538,止损,2,False
BTC,-1,2025-11-16 13:30:00,2025-11-16 18:00:00,95326.63086,0.004403617723522811,0.008807866317272699,-7.06e-05,0.007878466317272698,1.7890895195530445,保本/跟踪,19,False
BTC,-1,2025-11-16 21:45:00,2025-11-16 22:45:00,93437.20882,0.007418807391929652,-0.007620291153408132,-0.0,-0.008620291153408132,-1.161951065448266,止损,5,True
BTC,-1,2025-11-17 13:45:00,2025-11-17 14:15:00,93799.03644000001,0.00564886799928485,-0.005849997772884823,-0.0,-0.006849997772884823,-1.2126319421434588,止损,3,True
BTC,-1,2025-11-17 16:15:00,2025-11-17 16:45:00,93117.97268,0.009908453757531181,-0.010110435448282757,-0.0,-0.011110435448282757,-1.1213087046844195,止损,3,True
BTC,-1,2025-11-17 20:00:00,2025-11-18 03:45:00,91637.86876,0.008987337812044539,0.008260301459968998,-0.0001,0.007360301459968998,0.818963481054975,保本/跟踪,32,True
BTC,-1,2025-11-19 04:45:00,2025-11-19 06:15:00,91388.11872,0.006093303821162623,0.006978316078478391,-0.0,0.005978316078478391,0.9811288348555889,保本/跟踪,7,True
BTC,-1,2025-11-19 17:15:00,2025-11-19 21:15:00,89304.93544,0.008486911470186397,-0.008688608852480377,-0.0,-0.009688608852480376,-1.141594193189762,止损,17,True
BTC,-1,2025-11-20 15:15:00,2025-11-20 21:15:00,90361.924,0.008413624882778107,0.03311174330366788,-8.999e-05,0.03220173330366788,3.827331709259082,保本/跟踪,25,True
BTC,-1,2025-11-21 02:45:00,2025-11-21 07:45:00,85830.73041999999,0.009754884772537142,0.017389647655290077,-0.0,0.016389647655290076,1.6801477452026634,保本/跟踪,21,True
BTC,-1,2025-11-21 12:30:00,2025-11-21 12:30:00,80909.01496,0.013226258841406362,-0.013428904093174527,-0.0,-0.014428904093174526,-1.090928603937732,止损,1,True
BTC,1,2025-11-23 12:30:00,2025-11-23 13:00:00,86751.04673999999,0.0045189348397679015,-0.004718031052800074,0.0,-0.005718031052800074,-1.2653493036632855,止损,3,False
BTC,1,2025-11-23 19:45:00,2025-11-23 23:15:00,87598.81626,0.005719528864320396,-0.0059183849585476,0.0,-0.0069183849585476,-1.2096074908732284,止损,15,False
BTC,1,2025-11-24 17:45:00,2025-11-25 08:45:00,87898.17612,0.008506266812074267,-0.008704565558711925,-3.294e-05,-0.009671625558711925,-1.1370000227342367,止损,61,True
BTC,1,2025-11-26 17:30:00,2025-11-26 20:00:00,88638.62418,0.0070076839272310695,0.009681992815265885,0.0,0.008681992815265886,1.2389247154154086,保本/跟踪,11,True
BTC,1,2025-11-27 02:00:00,2025-11-27 13:15:00,91112.91893999999,0.005489450887313393,-0.0056883529971358555,2.408e-05,-0.006712432997135856,-1.222787694967612,止损,46,False
BTC,1,2025-11-27 18:45:00,2025-11-27 21:00:00,91734.64326,0.004237756902555295,-0.004436909351174697,0.0,-0.005436909351174697,-1.2829686733319539,止损,10,False
BTC,1,2025-11-28 14:30:00,2025-11-28 14:30:00,92934.88326,0.005238147084157898,-0.005437099454741014,0.0,-0.006437099454741014,-1.2288886415979408,止损,1,False
BTC,1,2025-11-30 09:15:00,2025-11-30 10:30:00,91450.48644,0.0029957640129025355,-0.003195164860099924,0.0,-0.004195164860099924,-1.400365596900042,止损,6,False
BTC,1,2025-11-30 13:30:00,2025-11-30 14:15:00,91827.3618,0.003343425483464949,-0.003542756798368359,0.0,-0.0045427567983683595,-1.358713337813196,止损,4,False
BTC,-1,2025-12-01 01:00:00,2025-12-01 01:00:00,86953.20588000001,0.007283512177175209,-0.007484968879610535,-0.0,-0.008484968879610536,-1.164955679788716,止损,1,True
BTC,-1,2025-12-01 02:45:00,2025-12-01 13:00:00,86766.6432,0.007743562836205457,0.015596592078371475,-3.153e-05,0.014628122078371475,1.8890686868293856,保本/跟踪,42,True
BTC,-1,2025-12-01 15:45:00,2025-12-01 15:45:00,83903.7159,0.00839379410173795,-0.008595472860558354,-0.0,-0.009595472860558354,-1.143162763376766,止损,1,True
BTC,1,2025-12-03 02:00:00,2025-12-03 06:45:00,92233.9431,0.005925471238825536,0.009903187547303937,0.0,0.008903187547303938,1.502528185263558,保本/跟踪,20,False
BTC,-1,2025-12-05 13:30:00,2025-12-05 15:00:00,90755.04536,0.004452711521865438,0.0021933079359719586,-0.0,0.0011933079359719586,0.26799578865868884,保本/跟踪,7,False
BTC,-1,2025-12-05 16:15:00,2025-12-06 14:15:00,89311.83406,0.008550055598663378,-0.00875176560978316,-5.612e-05,-0.00969564560978316,-1.1339862645219372,止损,89,True
BTC,-1,2025-12-06 23:15:00,2025-12-07 00:30:00,89110.97424000001,0.002951770872977442,-0.00315236122715213,-4.192e-05,-0.00411044122715213,-1.3925339750391739,止损,6,False
BTC,-1,2025-12-07 13:30:00,2025-12-07 14:30:00,88866.22320000001,0.003515817428006161,0.005840518055470178,-0.0,0.004840518055470178,1.3767831107815123,保本/跟踪,5,False
BTC,1,2025-12-08 07:30:00,2025-12-08 13:30:00,91678.23198,0.004449401156471545,-0.004648511276240235,6.545e-05,-0.005713961276240235,-1.2842090598932439,止损,25,False
BTC,1,2025-12-09 16:00:00,2025-12-09 17:30:00,92695.43538,0.0074795100077054,0.008918627738712126,0.0,0.007918627738712127,1.0587094248893776,保本/跟踪,7,True
BTC,1,2025-12-10 20:15:00,2025-12-10 20:15:00,94236.24347999999,0.009450595470663455,-0.00964870535156931,0.0,-0.01064870535156931,-1.1267761258668862,止损,1,True
BTC,-1,2025-12-11 15:00:00,2025-12-11 15:00:00,89496.49712,0.004810897075806413,-0.005011859255221568,-0.0,-0.006011859255221568,-1.2496337295292994,止损,1,False
BTC,-1,2025-12-14 11:15:00,2025-12-14 11:45:00,89692.85784000001,0.0022792808361817326,0.009179449069821667,-0.0,0.008179449069821668,3.5886095912270024,保本/跟踪,3,False
BTC,-1,2025-12-14 22:45:00,2025-12-14 23:00:00,88107.67494000001,0.004202476213053937,-0.004403316708296629,-0.0,-0.005403316708296629,-1.2857459351019247,止损,2,False
BTC,-1,2025-12-15 15:00:00,2025-12-15 18:45:00,87986.69914000001,0.0058071638495943954,0.022385135382412446,-3.081e-05,0.021415945382412444,3.687849342137686,保本/跟踪,16,False
BTC,-1,2025-12-17 18:45:00,2025-12-18 02:15:00,85884.21972,0.010366308964315073,-0.010568382226107785,-6.23e-05,-0.011506082226107784,-1.1099497676285996,止损,31,True
BTC,-1,2025-12-18 20:00:00,2025-12-18 21:15:00,84430.1106,0.011759138322428685,-0.011961490150093066,-0.0,-0.012961490150093066,-1.1022482935991225,止损,6,True
BTC,1,2025-12-19 14:45:00,2025-12-19 14:45:00,88496.79582,0.005921469765901173,-0.006120285471947914,0.0,-0.007120285471947914,-1.202452389937061,止损,1,False
BTC,1,2025-12-21 09:45:00,2025-12-21 10:30:00,88825.7616,0.0025933129445862018,-0.002792794281997268,0.0,-0.003792794281997268,-1.4625285736976337,止损,4,False
BTC,1,2025-12-22 00:15:00,2025-12-22 00:15:00,89467.89,0.003967947034334542,-0.0041671534449276544,0.0,-0.0051671534449276545,-1.30222339164722,止损,1,False
BTC,1,2025-12-22 08:30:00,2025-12-22 08:45:00,89804.55732,0.004288132569814234,-0.004487274943300172,0.0,-0.005487274943300172,-1.2796420945395086,止损,2,False
BTC,1,2025-12-22 12:30:00,2025-12-22 13:30:00,90286.45367999999,0.004248220562661723,-0.004447370918549099,0.0,-0.005447370918549099,-1.28227120936867,止损,5,False
BTC,-1,2025-12-23 06:15:00,2025-12-23 12:00:00,87485.59938000001,0.004419008937104819,-0.004619892738892137,-5.231e-05,-0.005567582738892137,-1.259916605314635,止损,24,False
BTC,-1,2025-12-23 15:00:00,2025-12-23 15:15:00,86819.83256,0.004814781632200256,-0.005015744588526676,-0.0,-0.006015744588526676,-1.2494324868846864,止损,2,False
BTC,1,2025-12-29 00:45:00,2025-12-29 01:15:00,88166.52978,0.0028702967767353328,-0.0030697227173800195,0.0,-0.0040697227173800195,-1.4178752351904567,止损,3,False
BTC,1,2025-12-29 03:15:00,2025-12-29 06:00:00,89477.89199999999,0.004718825077379776,0.003947572792065169,0.0,0.0029475727920651694,0.6246412494064878,保本/跟踪,12,False
BTC,-1,2025-12-29 20:45:00,2025-12-30 07:15:00,87183.45981999999,0.0045033560661075864,-0.004704256737320913,-0.0001,-0.005604256737320913,-1.2444622754791128,止损,43,False
BTC,1,2025-12-30 16:30:00,2025-12-30 16:30:00,89184.8334,0.005693708550802328,-0.005892569809092075,0.0,-0.006892569809092075,-1.210558943717063,止损,1,False
BTC,1,2025-12-31 14:15:00,2025-12-31 14:30:00,89117.01984,0.002546239228071662,-0.00274572998022601,0.0,-0.00374572998022601,-1.4710832897907853,止损,2,False
BTC,1,2026-01-01 23:45:00,2026-01-02 00:00:00,88861.66877999999,0.0024885979715635006,-0.002688100251969084,5.608e-05,-0.003744180251969084,-1.5045339965525828,止损,2,False
BTC,1,2026-01-02 03:15:00,2026-01-02 04:15:00,88944.48534,0.0030286053776213957,-0.0032279996565458694,0.0,-0.004227999656545869,-1.396021973607685,止损,5,False
BTC,1,2026-01-02 09:15:00,2026-01-02 11:00:00,89228.94222,0.002715100783743896,0.00304602986492634,0.0,0.00204602986492634,0.753574186702947,保本/跟踪,8,False
BTC,1,2026-01-03 14:30:00,2026-01-03 15:00:00,90166.42967999999,0.002319947304552832,-0.0025194833150917824,0.0,-0.0035194833150917824,-1.5170531279675596,止损,3,False
BTC,1,2026-01-04 00:15:00,2026-01-04 00:15:00,91390.97454,0.003034070900505928,-0.003233464086325723,0.0,-0.004233464086325724,-1.395308226192011,止损,1,False
BTC,1,2026-01-04 06:15:00,2026-01-04 06:30:00,91640.72447999999,0.002971707553390613,-0.0031711132118799035,0.0,-0.004171113211879903,-1.4036082410332775,止损,2,False
BTC,1,2026-01-05 00:15:00,2026-01-05 02:00:00,91884.77328,0.0033815779543752288,0.009575494881263155,0.0,0.008575494881263156,2.5359447562543447,保本/跟踪,8,False
BTC,1,2026-01-05 11:00:00,2026-01-05 12:30:00,93066.90966,0.0032756687373257536,-0.0034750136035782324,0.0,-0.0044750136035782324,-1.366137409618416,止损,7,False
BTC,1,2026-01-05 14:45:00,2026-01-05 14:45:00,93269.05007999999,0.004032778401995286,-0.004231971846314784,0.0,-0.005231971846314784,-1.2973616015514704,止损,1,False
BTC,1,2026-01-05 18:00:00,2026-01-06 00:00:00,94291.85459999999,0.0057131144625023516,-0.005911971839609909,-1.376e-05,-0.006898211839609909,-1.207434558660756,止损,25,False
BTC,1,2026-01-06 14:30:00,2026-01-06 14:30:00,94306.8576,0.002994791260267103,-0.0031941923020150156,0.0,-0.004194192302015016,-1.4004957065491566,止损,1,False
BTC,-1,2026-01-07 14:30:00,2026-01-07 14:30:00,91498.99654000001,0.003646138097968367,-0.0038468673255878517,-0.0,-0.004846867325587851,-1.3293153455401296,止损,1,False
BTC,-1,2026-01-07 19:00:00,2026-01-07 22:30:00,90839.22851999999,0.005497981664770758,-0.005699081261103625,-0.0,-0.006699081261103625,-1.218461913765394,止损,15,False
BTC,-1,2026-01-08 14:30:00,2026-01-08 14:45:00,89582.37994,0.004363462677094475,-0.004564335369629795,-0.0,-0.005564335369629795,-1.2752109463062835,止损,2,False
BTC,-1,2026-01-09 08:15:00,2026-01-09 09:00:00,90628.8706,0.0030237949030286785,0.005615416540402483,-0.0,0.004615416540402483,1.5263656062716464,保本/跟踪,4,False
BTC,-1,2026-01-09 14:45:00,2026-01-09 15:15:00,90032.58988000001,0.004409340329459757,-0.004610222197525527,-0.0,-0.005610222197525527,-1.2723495530708797,止损,3,False
BTC,1,2026-01-12 03:15:00,2026-01-12 03:30:00,92408.37797999999,0.0048821637093491,-0.005081187276607114,0.0,-0.006081187276607114,-1.2455926590421258,止损,2,False
BTC,1,2026-01-12 16:30:00,2026-01-12 17:15:00,92188.73406,0.0053900322312342205,-0.00558895422478801,0.0,-0.00658895422478801,-1.2224331770422936,止损,4,False
BTC,1,2026-01-13 09:15:00,2026-01-13 09:30:00,92416.87968,0.00322751904102091,-0.0034268735372127664,0.0,-0.004426873537212767,-1.3716026089849136,止损,2,False
BTC,1,2026-01-13 14:45:00,2026-01-13 15:00:00,92671.73064,0.004384077487984189,-0.004583200672486685,0.0,-0.005583200672486685,-1.2735177897263528,止损,2,False
BTC,1,2026-01-13 19:45:00,2026-01-13 22:15:00,93999.49613999999,0.0055485314596794046,0.0165669896536534,0.0,0.015566989653653399,2.8056053690561327,保本/跟踪,11,False
BTC,1,2026-01-14 15:00:00,2026-01-14 17:30:00,96468.2898,0.0049714600658606395,0.0039193010596070225,4.076e-05,0.0028785410596070225,0.5790132117069919,保本/跟踪,11,False
BTC,-1,2026-01-18 23:45:00,2026-01-19 00:15:00,94410.1142,0.0029185861823294054,0.020115441227746944,-3.473e-05,0.019150171227746943,6.561454770015616,保本/跟踪,3,False
BTC,-1,2026-01-20 05:00:00,2026-01-20 05:45:00,92007.89474,0.0034543219168651188,0.0024174365610038647,-0.0,0.0014174365610038647,0.4103371356570678,保本/跟踪,4,False
BTC,-1,2026-01-20 15:00:00,2026-01-20 16:15:00,90478.50068000001,0.004949368846263137,-0.005150358720032446,-5.652e-05,-0.006093838720032446,-1.2312355189760014,止损,6,False
BTC,-1,2026-01-20 17:45:00,2026-01-20 22:45:00,89629.0706,0.006279917821123132,0.01172087923843489,-0.0,0.010720879238434889,1.7071687152297024,保本/跟踪,21,False
BTC,-1,2026-01-21 12:15:00,2026-01-21 12:45:00,88332.8299,0.0044497544275145795,-0.004650644378400092,-0.0,-0.005650644378400092,-1.2698778034715665,止损,3,False
BTC,-1,2026-01-21 17:00:00,2026-01-21 18:45:00,87544.78754,0.009461793958411477,-0.00966368631720306,-0.0,-0.010663686317203061,-1.1270258435212606,止损,8,True
BTC,-1,2026-01-22 15:00:00,2026-01-22 17:45:00,89037.28898000001,0.004310001589457778,-0.004510863589775756,-9.419e-05,-0.005416673589775756,-1.2567683508574308,止损,12,False
BTC,-1,2026-01-23 08:30:00,2026-01-23 14:15:00,89272.44194,0.003027408267092565,-0.0032280137487459347,-0.0,-0.004228013748745934,-1.3965786493694146,止损,24,False
BTC,-1,2026-01-25 08:45:00,2026-01-25 10:00:00,88262.54396,0.0022984541374413323,-0.002498913828268732,-0.0,-0.003498913828268732,-1.5222900345376333,止损,6,False
BTC,-1,2026-01-25 16:15:00,2026-01-25 16:30:00,87847.62696,0.003137198966328677,-0.0033378264061219736,-0.0,-0.004337826406121974,-1.382706819898751,止损,2,False
BTC,-1,2026-01-25 18:45:00,2026-01-26 00:00:00,87014.19368000001,0.005318823141476822,0.002544487821261022,-4.067e-05,0.001585157821261022,0.2980279244293293,保本/跟踪,22,False
BTC,-1,2026-01-27 10:00:00,2026-01-27 11:45:00,87835.02948000001,0.0026049162568698198,-0.002805437240121112,-0.0,-0.003805437240121112,-1.4608674002802262,止损,8,False
BTC,-1,2026-01-27 14:45:00,2026-01-27 15:00:00,87619.67255999999,0.003509474332193357,-0.003710176227059816,-0.0,-0.004710176227059816,-1.3421315505436515,止损,2,False
BTC,-1,2026-01-27 17:45:00,2026-01-27 18:15:00,87311.53420000001,0.006262385199851502,-0.006463637676891366,-0.0,-0.007463637676891366,-1.1918202791275676,止损,3,False
BTC,1,2026-01-27 21:00:00,2026-01-28 04:15:00,89377.872,0.00630278286922113,-0.006501522312647277,6.237e-05,-0.007563892312647277,-1.2000877183290926,止损,30,False
BTC,1,2026-01-28 12:00:00,2026-01-28 14:30:00,90054.90737999999,0.0038530168523717616,-0.004052246249001237,0.0,-0.005052246249001237,-1.3112442645796574,止损,11,False
BTC,-1,2026-01-29 10:00:00,2026-01-29 16:45:00,87833.4298,0.003681096523857968,0.030242057249716292,-4.023e-05,0.02928228724971629,7.954773003079808,保本/跟踪,28,False
BTC,-1,2026-01-29 18:30:00,2026-01-29 23:15:00,83818.63291999999,0.009669740350337817,-0.009871674298407837,-0.0,-0.010871674298407838,-1.1242984717814093,止损,20,True
BTC,-1,2026-01-30 01:30:00,2026-01-30 01:45:00,83716.55334,0.0055258140124093596,0.020445844599555,-0.0,0.019445844599555,3.519091405516966,保本/跟踪,2,False
BTC,-1,2026-01-31 08:15:00,2026-01-31 08:45:00,83296.63734,0.003497516043392842,0.003558544675565043,-0.0,0.002558544675565043,0.7315319340417009,保本/跟踪,3,False
BTC,-1,2026-01-31 14:15:00,2026-01-31 14:45:00,82401.0165,0.004496754965285958,0.011000230054410266,-0.0,0.010000230054410267,2.223877025012487,保本/跟踪,3,False
BTC,-1,2026-01-31 17:00:00,2026-01-31 17:15:00,80304.9358,0.009761638497725468,0.011851452873648367,-0.0,0.010851452873648366,1.1116425665810952,保本/跟踪,2,True
BTC,-1,2026-01-31 18:45:00,2026-01-31 23:15:00,77503.29624000001,0.016330679065257276,-0.016533945201070273,-0.0,-0.017533945201070274,-1.0736813289272757,止损,19,True
BTC,-1,2026-02-01 15:30:00,2026-02-01 15:45:00,76946.30766,0.008420509789288903,-0.00862219389124675,-0.0,-0.009622193891246751,-1.1427091865015608,止损,2,True
BTC,-1,2026-02-02 03:30:00,2026-02-02 03:45:00,75030.79084,0.013426682429687878,-0.013629367766173817,-0.0,-0.014629367766173816,-1.0895742744184274,止损,2,True
BTC,-1,2026-02-03 14:45:00,2026-02-03 19:00:00,77822.63236,0.005887177988799739,0.045537904321078404,4.65e-06,0.0445332543210784,7.56444843451348,保本/跟踪,18,False
BTC,-1,2026-02-04 13:45:00,2026-02-04 15:15:00,75316.43370000001,0.005972417176433759,0.006216155715896875,-0.0,0.005216155715896875,0.8733743075549083,保本/跟踪,7,False
BTC,-1,2026-02-04 16:45:00,2026-02-04 18:30:00,73059.98508000001,0.013311489943901059,-0.01351415224188982,-0.0,-0.01451415224188982,-1.0903476848239506,止损,8,True
BTC,-1,2026-02-05 03:00:00,2026-02-05 14:00:00,71414.81418,0.01433929961546789,0.01740096194077306,-2.98e-06,0.01640394194077306,1.143984879364542,保本/跟踪,45,True
BTC,-1,2026-02-05 15:15:00,2026-02-05 21:00:00,67949.80731999999,0.015640648467655494,0.05536556763377283,4.957e-05,0.05431599763377283,3.472745886853546,保本/跟踪,24,True
BTC,-1,2026-02-06 00:15:00,2026-02-06 00:30:00,60186.66026,0.028935875204222798,-0.029141662379263546,-0.0,-0.030141662379263547,-1.0416710110383935,止损,2,True
BTC,1,2026-02-08 08:30:00,2026-02-08 15:15:00,70182.0336,0.005836958075623852,0.009894721351072529,0.0,0.00889472135107253,1.5238624701140868,保本/跟踪,28,False
BTC,-1,2026-02-10 06:45:00,2026-02-10 14:15:00,68979.30138,0.006661820690143715,-0.006863153054281721,4.829e-05,-0.00791144305428172,-1.1875797056481636,止损,31,False
BTC,-1,2026-02-11 04:30:00,2026-02-11 07:30:00,67521.39301999999,0.006971510621128816,0.004831156197744702,-0.0,0.003831156197744702,0.5495446261149592,保本/跟踪,13,False
BTC,-1,2026-02-11 11:00:00,2026-02-11 11:15:00,66492.79878000001,0.006448446834834053,-0.006649736524201017,-0.0,-0.007649736524201017,-1.1862913225674254,止损,2,False
BTC,-1,2026-02-11 15:15:00,2026-02-11 16:00:00,66074.7824,0.013026454636924987,-0.013229059927852444,1.169e-05,-0.014240749927852443,-1.0932176347880103,止损,4,True
BTC,-1,2026-02-12 16:30:00,2026-02-13 02:45:00,66021.19312,0.010766995221967418,-0.010969148621011626,-5.834e-05,-0.011910808621011626,-1.1062332967985846,止损,42,True
BTC,1,2026-02-14 01:00:00,2026-02-14 04:45:00,69076.01243999999,0.004402405268594287,-0.004601524787540682,0.0,-0.005601524787540682,-1.2723782672850745,止损,16,False
BTC,1,2026-02-14 08:15:00,2026-02-14 11:30:00,69538.70496,0.003400367359044636,0.00719716417558522,0.0,0.00619716417558522,1.8224984306773162,保本/跟踪,14,False
BTC,1,2026-02-14 12:00:00,2026-02-14 12:30:00,70478.89296,0.004650214105770241,-0.004849284062949113,0.0,-0.005849284062949113,-1.2578526342886018,止损,3,False
BTC,1,2026-02-15 04:15:00,2026-02-15 12:15:00,70420.28124,0.005568812328933459,-0.0057676985664677095,4.664e-05,-0.006814338566467709,-1.2236610185376446,止损,33,False
BTC,-1,2026-02-16 03:30:00,2026-02-16 04:00:00,68139.16944,0.00543720280428075,-0.005638290244841384,-0.0,-0.006638290244841384,-1.2209017179964317,止损,3,False
BTC,-1,2026-02-17 10:45:00,2026-02-17 12:00:00,67743.74854,0.004313425223041658,-0.004514287908086302,-0.0,-0.005514287908086302,-1.2784011830389035,止损,6,False
BTC,-1,2026-02-17 14:45:00,2026-02-17 16:00:00,67053.68658000001,0.007133450598070973,-0.007334877288190605,-5.077e-05,-0.008284107288190604,-1.161304360954121,止损,6,True
BTC,-1,2026-02-18 18:45:00,2026-02-19 01:45:00,66296.93796,0.0077735100557020514,-0.00797506475771317,4.014e-05,-0.00901520475771317,-1.1597341089306634,止损,29,True
BTC,-1,2026-02-19 13:30:00,2026-02-19 14:45:00,66124.37248,0.00457285287365155,-0.004773767444226236,-0.0,-0.005773767444226236,-1.2626182393696217,止损,6,False
BTC,1,2026-02-20 09:15:00,2026-02-20 10:45:00,68105.51838,0.004027166788094702,-0.004226361354737085,0.0,-0.005226361354737085,-1.2977762356869593,止损,7,False
BTC,1,2026-02-21 14:30:00,2026-02-21 16:15:00,68421.48156,0.003006615065668958,-0.0032060137426557795,3.235e-05,-0.004238363742655779,-1.4096795399755515,止损,8,False
BTC,-1,2026-02-23 01:00:00,2026-02-23 03:00:00,66692.45884,0.004006088741275408,0.026705664370468382,-0.0,0.02570566437046838,6.416648764072195,保本/跟踪,9,False
BTC,-1,2026-02-23 16:15:00,2026-02-23 16:30:00,65192.4589,0.007400291614111725,-0.007601771672434571,-0.0,-0.008601771672434571,-1.1623557720389999,止损,2,True
BTC,-1,2026-02-23 17:45:00,2026-02-23 18:30:00,64422.312959999996,0.008289654438787453,-0.008491312369675215,-0.0,-0.009491312369675216,-1.1449587482519394,止损,4,True
BTC,-1,2026-02-23 20:15:00,2026-02-23 21:00:00,63925.61232,0.008725638839034407,-0.008927383966802267,-0.0,-0.009927383966802268,-1.137725747069867,止损,4,True
BTC,-1,2026-02-24 04:15:00,2026-02-24 05:00:00,62962.9049,0.008678956548506474,-0.008880692339816053,-0.0,-0.009880692339816054,-1.1384654692753797,止损,4,True
BTC,1,2026-02-25 15:00:00,2026-02-25 19:00:00,66950.08734,0.007074041373227717,0.026283388797201827,-9.68e-06,0.025293068797201827,3.5754765151537704,保本/跟踪,17,True
BTC,-1,2026-02-27 17:00:00,2026-02-27 23:30:00,65436.21014,0.007203449441502809,-0.007404890131391223,-0.0,-0.008404890131391222,-1.1667868567198223,止损,27,True
BTC,-1,2026-02-28 04:30:00,2026-02-28 07:00:00,65623.57266,0.0037929409822596385,0.02998222574424077,-0.0,0.02898222574424077,7.6410958883348234,保本/跟踪,11,False
BTC,1,2026-03-01 02:15:00,2026-03-01 04:15:00,67877.27274,0.01083164245256131,-0.011029476124070894,0.0,-0.012029476124070893,-1.1105865224739149,止损,9,True
BTC,1,2026-03-02 15:15:00,2026-03-02 17:30:00,68412.97986,0.01005727555910148,0.008241744956804693,-1.083e-05,0.007252574956804693,0.7211271993279899,保本/跟踪,10,True
BTC,1,2026-03-04 08:00:00,2026-03-04 11:30:00,69478.39289999999,0.008104146050997785,0.02216484421658803,0.0,0.021164844216588027,2.611606958142395,保本/跟踪,15,True
BTC,1,2026-03-04 15:30:00,2026-03-05 06:00:00,72945.5862,0.010546929093804244,-0.010744819707985616,8.25e-05,-0.011827319707985614,-1.1213993763296968,止损,59,True
BTC,-1,2026-03-06 12:00:00,2026-03-06 15:15:00,70171.56288000001,0.004890280895428207,0.01748645803611747,-0.0,0.01648645803611747,3.371270155775759,保本/跟踪,14,False
BTC,-1,2026-03-06 17:45:00,2026-03-06 18:30:00,67795.9381,0.009013775260560887,-0.009215578015613173,-0.0,-0.010215578015613173,-1.1333295672802812,止损,4,True
BTC,-1,2026-03-07 07:00:00,2026-03-07 08:15:00,67652.36682,0.003961574195263185,-0.004162366510102127,-3.525e-05,-0.005127116510102127,-1.2942119110712529,止损,6,False
BTC,-1,2026-03-07 19:30:00,2026-03-07 21:00:00,67173.76256,0.0036532609949887778,-0.0038539916471877385,-0.0,-0.0048539916471877385,-1.328673657273876,止损,7,False
BTC,-1,2026-03-08 03:00:00,2026-03-08 05:30:00,66881.52102,0.004412257320723077,-0.004613139772187339,-0.0,-0.005613139772187339,-1.2721696320439133,止损,11,False
BTC,-1,2026-03-08 22:15:00,2026-03-08 23:15:00,66023.2927,0.007458179970838214,-0.007659671606832506,-0.0,-0.008659671606832505,-1.161097163207669,止损,5,False
BTC,1,2026-03-10 02:45:00,2026-03-10 03:45:00,70304.15802,0.007387048364299638,-0.007585570954626646,0.0,-0.008585570954626646,-1.1622464794083744,止损,5,False
BTC,1,2026-03-10 08:15:00,2026-03-10 12:00:00,70886.27442,0.006698661920710472,-0.006897322188326385,0.0,-0.007897322188326384,-1.1789402543080991,止损,16,False
BTC,1,2026-03-10 15:00:00,2026-03-10 17:30:00,71449.98714,0.009623040381324893,-0.00982111577324852,1.738e-05,-0.01083849577324852,-1.126306795332837,止损,11,True
BTC,1,2026-03-11 17:30:00,2026-03-11 17:30:00,71221.84152,0.009288102005017916,-0.009486244384616852,0.0,-0.010486244384616851,-1.1289975475023462,止损,1,True
BTC,1,2026-03-12 11:30:00,2026-03-12 13:15:00,70522.6017,0.005442938517151484,-0.005641849929448084,0.0,-0.006641849929448084,-1.2202691447861584,止损,8,False
BTC,1,2026-03-13 00:30:00,2026-03-13 02:45:00,71463.2898,0.006303126321086103,-0.006501865695821741,0.0,-0.007501865695821741,-1.190181715179251,止损,10,False
BTC,1,2026-03-13 10:15:00,2026-03-13 14:30:00,72234.74406,0.00510909041316654,0.013279085522870852,0.0,0.012279085522870853,2.403379961964786,保本/跟踪,18,False
BTC,1,2026-03-15 03:00:00,2026-03-15 18:45:00,71418.58086,0.003560606825070466,0.0027980294553362436,-3.8020000000000005e-05,0.0018360494553362435,0.5156563320635401,保本/跟踪,64,False
BTC,1,2026-03-15 22:45:00,2026-03-15 23:15:00,72364.57002,0.005265969121601453,0.0028792818752244134,0.0,0.0018792818752244133,0.35687293864208947,保本/跟踪,3,False
BTC,1,2026-03-16 03:45:00,2026-03-16 08:30:00,73761.84942,0.00750014094607377,-0.007698640917884594,7.139e-05,-0.008770030917884595,-1.1693154809944732,止损,20,False
BTC,1,2026-03-16 13:45:00,2026-03-16 14:15:00,74060.50914,0.006010664931381701,-0.006209462798395415,0.0,-0.007209462798395415,-1.199445133059204,止损,3,False
BTC,1,2026-03-16 22:15:00,2026-03-16 23:00:00,74852.26746,0.006834123970369675,-0.007032757145575708,0.0,-0.00803275714557571,-1.1753894398759637,止损,4,False
BTC,1,2026-03-17 00:15:00,2026-03-17 00:15:00,75391.97537999999,0.007141417911242144,-0.007339989627659975,0.0,-0.008339989627659975,-1.1678338575496356,止损,1,False
BTC,-1,2026-03-18 14:15:00,2026-03-18 16:00:00,71832.43064,0.006137998405507163,0.004206279051886801,-2.418e-05,0.0032304590518868006,0.526304967591447,保本/跟踪,8,False
BTC,-1,2026-03-18 20:15:00,2026-03-18 20:30:00,70702.05675999999,0.0076300134263168435,-0.0078315394290021,-0.0,-0.0088315394290021,-1.157473641991382,止损,2,True
BTC,-1,2026-03-19 04:15:00,2026-03-19 07:30:00,70821.8328,0.005039058377552744,0.01176673931644725,-0.0,0.010766739316447251,2.1366569921891236,保本/跟踪,14,False
BTC,-1,2026-03-19 13:00:00,2026-03-19 13:30:00,69250.84706,0.0057770984438751186,-0.005978253863563896,-0.0,-0.006978253863563896,-1.2079167304068088,止损,3,False
BTC,-1,2026-03-19 15:45:00,2026-03-19 15:45:00,68848.62752,0.008475055446933479,-0.008676750458022988,-0.0,-0.009676750458022989,-1.1417919940009735,止损,1,True
BTC,-1,2026-03-22 00:00:00,2026-03-22 00:15:00,68867.7237,0.004634148895472366,0.0024062564741291997,-0.0,0.0014062564741291997,0.30345517717463366,保本/跟踪,2,False
BTC,-1,2026-03-22 07:45:00,2026-03-22 12:15:00,68896.21800000001,0.0037466070546776646,0.006649481200202799,4.425e-05,0.005605231200202799,1.4960819531913894,保本/跟踪,19,False
BTC,-1,2026-03-22 20:00:00,2026-03-22 20:15:00,68156.96588,0.004211242689096785,-0.004412084937634555,-0.0,-0.005412084937634555,-1.285151518730288,止损,2,False
BTC,1,2026-03-24 23:30:00,2026-03-25 11:45:00,70726.24242000001,0.006265435423576267,0.01157357609475761,3.384e-05,0.010539736094757609,1.6822032919049066,保本/跟踪,50,False
BTC,-1,2026-03-26 11:30:00,2026-03-26 13:45:00,69268.1436,0.004866620659479746,-0.005067593983611741,-0.0,-0.006067593983611741,-1.2467776734955918,止损,10,False
BTC,-1,2026-03-26 15:15:00,2026-03-26 20:00:00,68908.31558000001,0.005935365163451363,-0.006136552236483974,2.103e-05,-0.007157582236483974,-1.2059211252171556,止损,20,False
BTC,-1,2026-03-27 10:45:00,2026-03-27 15:15:00,66833.33065999999,0.006593924211036113,0.0069887786172367385,-0.0,0.0059887786172367384,0.9082267896275551,保本/跟踪,19,False
BTC,-1,2026-03-27 17:45:00,2026-03-27 19:45:00,65576.78202,0.0079284073654387,-0.008129993046911725,-0.0,-0.009129993046911724,-1.1515544832762938,止损,9,True
BTC,1,2026-03-30 08:15:00,2026-03-30 09:15:00,67878.573,0.005359302384001292,-0.005558230523524572,0.0,-0.006558230523524572,-1.2237097393687555,止损,5,False
BTC,1,2026-03-31 01:45:00,2026-03-31 04:15:00,67906.87866,0.0064163971073824735,-0.006615113827961036,0.0,-0.007615113827961036,-1.1868208436163283,止损,11,False
BTC,1,2026-04-01 05:30:00,2026-04-01 13:00:00,68566.61058,0.00554372568952209,-0.005742616944383968,-4.61e-06,-0.006738006944383967,-1.2154293559508413,止损,31,False
BTC,-1,2026-04-02 10:15:00,2026-04-02 14:30:00,66218.65362,0.004483822001089732,-0.004684718765489907,-0.0,-0.005684718765489907,-1.2678288219533054,止损,18,False
BTC,1,2026-04-05 22:45:00,2026-04-06 00:15:00,67950.98748,0.00438804135023338,0.016110540783573293,7.073e-05,0.015039810783573292,3.427454206367812,保本/跟踪,7,False
BTC,1,2026-04-06 09:15:00,2026-04-06 12:45:00,69617.92079999999,0.004580973520107262,-0.004780057325403425,0.0,-0.005780057325403425,-1.2617530531519174,止损,15,False
BTC,1,2026-04-06 16:00:00,2026-04-06 17:00:00,69936.38448,0.005408888476595468,-0.005607806698900295,0.0,-0.006607806698900295,-1.221657042383589,止损,5,False
BTC,1,2026-04-07 20:15:00,2026-04-08 00:30:00,69413.67996000001,0.006121814955016549,0.03384849160208272,6.02e-05,0.032788291602082714,5.355975612300107,保本/跟踪,18,False
BTC,1,2026-04-08 13:00:00,2026-04-08 13:30:00,72038.00472,0.004254836170997515,0.003919915682682626,0.0,0.002919915682682626,0.6862580755954402,保本/跟踪,3,False
BTC,1,2026-04-09 15:45:00,2026-04-09 22:30:00,72059.80907999999,0.006260877579057886,0.005807189260264587,-1.986e-05,0.004827049260264587,0.7709860477723866,保本/跟踪,28,False
BTC,1,2026-04-10 14:15:00,2026-04-10 15:45:00,72681.83346,0.0049438049390874055,-0.00514281617809943,0.0,-0.00614281617809943,-1.2425280232098628,止损,7,False
BTC,1,2026-04-11 16:45:00,2026-04-11 18:45:00,73088.71482000001,0.002649989984184218,0.0039036238608683104,0.0,0.0029036238608683104,1.0957112586077082,保本/跟踪,9,False
BTC,-1,2026-04-12 11:00:00,2026-04-12 16:00:00,71401.81678000001,0.0025883679199687443,0.006911181281026858,3.35e-06,0.005907831281026858,2.2824542196838067,保本/跟踪,21,False
BTC,-1,2026-04-12 22:30:00,2026-04-13 00:15:00,70622.27272,0.004395276256557559,-0.004596155311808834,2.34e-06,-0.005598495311808834,-1.273752771161113,止损,8,False
BTC,1,2026-04-13 20:00:00,2026-04-14 00:15:00,73286.75442,0.006169928639691884,0.012230900254423064,-5.854e-05,0.011289440254423064,1.8297521598218742,保本/跟踪,18,False
BTC,1,2026-04-14 07:15:00,2026-04-14 07:30:00,74754.14783999999,0.003866776440377265,-0.0040660030850891565,0.0,-0.0050660030850891566,-1.3101360172234027,止损,2,False
BTC,1,2026-04-14 13:45:00,2026-04-14 14:30:00,75151.0272,0.004197197194203512,0.0023001691461192303,0.0,0.0013001691461192303,0.3097708032195421,保本/跟踪,4,False
BTC,1,2026-04-16 20:15:00,2026-04-16 21:15:00,75395.076,0.006422308385890971,-0.006621023924213848,0.0,-0.007621023924213848,-1.186648704219235,止损,5,False
BTC,1,2026-04-17 08:45:00,2026-04-17 09:30:00,75316.76034,0.0031767075063478013,0.007286065238997771,0.0,0.006286065238997771,1.9787988747584562,保本/跟踪,4,False
BTC,1,2026-04-17 13:15:00,2026-04-17 13:15:00,76892.77548,0.006498179363724471,-0.006696879727851681,0.0,-0.007696879727851681,-1.1844671094828272,止损,1,False
BTC,1,2026-04-17 14:45:00,2026-04-17 17:15:00,77949.38676,0.008733825890711035,-0.008932079125532877,-0.00010789,-0.009824189125532876,-1.1248437109310263,止损,11,True
BTC,-1,2026-04-19 07:15:00,2026-04-19 11:00:00,75179.76104,0.002891628305420907,-0.003092206631082037,7.219e-05,-0.004164396631082036,-1.4401562687967477,止损,16,False
BTC,-1,2026-04-19 18:00:00,2026-04-20 00:15:00,74727.35154,0.005652840811204237,0.006654872747794391,4.615e-05,0.005608722747794391,0.9921954173338118,保本/跟踪,26,False
BTC,-1,2026-04-20 05:45:00,2026-04-20 06:00:00,74066.78368000001,0.0038587332574355,-0.004059505004086974,-0.0,-0.005059505004086974,-1.3111828847815987,止损,2,False
BTC,1,2026-04-21 08:30:00,2026-04-21 09:00:00,76317.86052,0.0038325808917441914,0.0016935354204029051,0.0,0.0006935354204029051,0.18095780362962674,保本/跟踪,3,False
BTC,1,2026-04-22 02:30:00,2026-04-22 06:30:00,77211.23916,0.005561292976250583,0.008760339008150505,0.0,0.007760339008150505,1.3954199214626735,保本/跟踪,17,False
BTC,1,2026-04-22 11:30:00,2026-04-22 14:30:00,78295.656,0.003468772587367409,0.004236364599393448,0.0,0.0032363645993934483,0.9329999352450071,保本/跟踪,13,False
BTC,1,2026-04-22 15:45:00,2026-04-22 16:30:00,79256.74818,0.005342524145287932,-0.0055414556404588585,-7.49e-06,-0.006533965640458859,-1.223010970614287,止损,4,False
BTC,1,2026-04-26 19:15:00,2026-04-26 19:15:00,78375.57198,0.0024902769312847173,-0.0026897788758982657,0.0,-0.0036897788758982657,-1.481674118064746,止损,1,False
BTC,1,2026-04-27 01:00:00,2026-04-27 01:15:00,79279.95282,0.005969362029321138,-0.006168168156915272,0.0,-0.007168168156915272,-1.2008265073730948,止损,2,False
BTC,-1,2026-04-28 11:30:00,2026-04-28 16:00:00,76292.7384,0.0032705342269318837,0.0028064448263438913,-5.242e-05,0.0018588648263438913,0.5683673361485375,保本/跟踪,19,False
BTC,-1,2026-04-29 15:15:00,2026-04-29 19:15:00,76211.35468,0.005038806189602928,0.008757867155130982,-3.571e-05,0.007793577155130982,1.5467110386607543,保本/跟踪,17,False
BTC,-1,2026-04-30 02:45:00,2026-04-30 03:30:00,75560.3849,0.004820139199910075,-0.00502110322775006,-0.0,-0.00602110322775006,-1.249155465855092,止损,4,False
BTC,-1,2026-04-30 04:45:00,2026-04-30 05:30:00,75370.12296,0.004372236635106236,-0.004573111082433226,-0.0,-0.005573111082433226,-1.2746590698419076,止损,4,False
BTC,1,2026-05-01 12:30:00,2026-05-01 14:15:00,77731.94327999999,0.003052140564123765,0.008027772380794978,0.0,0.007027772380794978,2.3025716650807566,保本/跟踪,8,False
BTC,1,2026-05-03 12:15:00,2026-05-03 12:30:00,78830.66298,0.0023876090948015813,-0.002587131572982632,0.0,-0.003587131572982632,-1.5023948353994419,止损,2,False
BTC,1,2026-05-04 02:00:00,2026-05-04 10:00:00,79771.9512,0.0055745568457518865,-0.0057734419343827064,-1.58e-06,-0.006771861934382706,-1.214780317388499,止损,33,False
BTC,1,2026-05-05 02:45:00,2026-05-05 02:45:00,80786.55407999999,0.00375376745407099,-0.003953016700580195,0.0,-0.004953016700580195,-1.3194788332475444,止损,1,False
BTC,1,2026-05-05 12:30:00,2026-05-05 14:15:00,81188.43444,0.0029927653582251332,-0.0031921668051536015,0.0,-0.0041921668051536016,-1.4007669507507854,止损,8,False
BTC,1,2026-05-05 20:15:00,2026-05-05 21:30:00,81664.3296,0.0037931617698458505,-0.0039924031374918584,0.0,-0.0049924031374918585,-1.3161587721302863,止损,6,False
BTC,1,2026-05-06 10:30:00,2026-05-06 12:00:00,82164.72966,0.003952859345253548,0.0022815304601270232,0.0,0.0012815304601270232,0.3242034052301504,保本/跟踪,7,False
BTC,-1,2026-05-07 15:30:00,2026-05-07 18:30:00,79802.5363,0.005044734115668436,-0.005245743062491427,3.014e-05,-0.006275883062491426,-1.2440463498361918,止损,13,False
BTC,-1,2026-05-08 02:30:00,2026-05-08 04:15:00,79434.11,0.0036243261240258063,-0.003825050989250603,-0.0,-0.0048250509892506024,-1.3312960324583216,止损,8,False
BTC,1,2026-05-09 18:30:00,2026-05-09 18:45:00,81016.2,0.002358602214988893,-0.002558130494545998,0.0,-0.003558130494545998,-1.5085759149779963,止损,2,False
BTC,1,2026-05-10 16:15:00,2026-05-10 16:15:00,81455.88792000001,0.002414598900401503,-0.002614115980621548,0.0,-0.003614115980621548,-1.4967769512446096,止损,1,False
BTC,1,2026-05-10 22:45:00,2026-05-11 00:15:00,81865.8699,0.005542824906785683,-0.0057417163418043374,5.798e-05,-0.0067996963418043375,-1.2267564745694848,止损,7,False
BTC,-1,2026-05-12 14:00:00,2026-05-12 14:15:00,80417.51328000001,0.003509876949500748,-0.003710578924890654,-0.0,-0.004710578924890654,-1.342092327641485,止损,2,False
BTC,-1,2026-05-12 15:30:00,2026-05-12 17:45:00,80170.26274,0.004651760347807687,-0.004852690699877246,-5.822e-05,-0.005794470699877246,-1.245651165715814,止损,10,False
BTC,-1,2026-05-13 12:00:00,2026-05-13 12:45:00,80443.908,0.0028085311789908082,0.0029775114925163237,-0.0,0.0019775114925163237,0.7041087908544795,保本/跟踪,4,False
BTC,-1,2026-05-13 14:00:00,2026-05-13 16:45:00,79601.87644000001,0.004005507989563123,0.005008591908607855,-1.749e-05,0.0040260819086078556,1.0051364069422257,保本/跟踪,12,False
BTC,-1,2026-05-14 12:00:00,2026-05-14 12:30:00,79200.85666,0.0031687911697991836,-0.0033694249280331475,-0.0,-0.004369424928033147,-1.378893304701443,止损,3,False
BTC,-1,2026-05-15 22:00:00,2026-05-16 00:00:00,78915.61372,0.0031467255672486846,-0.0033473549123620573,-3.938e-05,-0.004307974912362057,-1.3690341977068885,止损,9,False
BTC,-1,2026-05-16 07:00:00,2026-05-16 07:15:00,78594.47796,0.0023506252766850506,0.002654483165105978,-0.0,0.001654483165105978,0.70384811288986,保本/跟踪,2,False
BTC,-1,2026-05-16 10:30:00,2026-05-16 11:00:00,77725.4518,0.003919717664426624,-0.004120501607959413,-0.0,-0.005120501607959413,-1.3063444988475823,止损,3,False
BTC,-1,2026-05-17 01:45:00,2026-05-17 03:00:00,77740.04888,0.0026882945516363914,-0.0028888322105467086,-0.0,-0.0038888322105467086,-1.4465796570467093,止损,6,False
BTC,-1,2026-05-17 23:45:00,2026-05-18 12:30:00,77200.5568,0.004794131466813415,-0.004995090293106795,-4.647e-05,-0.005948620293106795,-1.240812926029488,止损,52,False
BTC,-1,2026-05-18 14:30:00,2026-05-18 20:00:00,76598.1773,0.005219053235342806,-0.005420097045989751,-7.178e-05,-0.006348317045989751,-1.216373307518633,止损,23,False
BTC,-1,2026-05-22 15:00:00,2026-05-22 15:30:00,76719.35306,0.0029356646085295372,-0.003136251741451179,-0.0,-0.004136251741451179,-1.4089660410911213,止损,3,False
BTC,-1,2026-05-22 19:00:00,2026-05-22 21:30:00,76483.30028000001,0.003943912302292517,0.005759954935066063,-0.0,0.004759954935066063,1.2069119620888114,保本/跟踪,11,False
BTC,-1,2026-05-22 22:45:00,2026-05-23 08:00:00,75603.27631999999,0.003951738046432662,0.013427482635847629,-2.8080000000000002e-05,0.012455562635847628,3.151920114515584,保本/跟踪,38,False
BTC,1,2026-05-24 10:30:00,2026-05-24 13:00:00,77216.4402,0.002959753636347269,-0.0031591616856200544,0.0,-0.004159161685620054,-1.405239150496666,止损,11,False
BTC,1,2026-05-25 15:00:00,2026-05-25 16:00:00,77691.93527999999,0.00249717073169244,-0.002696671297546044,1.426e-05,-0.003710931297546044,-1.4860542975493654,止损,5,False
BTC,1,2026-05-26 14:30:00,2026-05-26 14:30:00,77938.68462,0.005029503518664755,-0.005228497617961043,0.0,-0.006228497617961043,-1.2383921384778354,止损,1,False
BTC,-1,2026-05-27 04:45:00,2026-05-27 04:45:00,75306.53568,0.0029925127654557297,-0.003193111268008871,-0.0,-0.004193111268008871,-1.40120079566989,止损,1,False
BTC,-1,2026-05-28 03:30:00,2026-05-28 06:45:00,73697.65752,0.005051373905484408,0.007461257466274708,-0.0,0.006461257466274708,1.2791089290102942,保本/跟踪,14,False
BTC,-1,2026-05-28 13:45:00,2026-05-28 13:45:00,72740.54898,0.004099062035317809,-0.004299881847724833,-0.0,-0.005299881847724833,-1.2929498997723565,止损,1,False
BTC,-1,2026-05-29 13:15:00,2026-05-29 13:45:00,73084.58016,0.002939167304246599,-0.003139755137707382,-0.0,-0.004139755137707382,-1.408478902077516,止损,3,False
BTC,-1,2026-06-01 08:00:00,2026-06-01 09:15:00,72761.54478000001,0.0040672475929626785,-0.004268061042481226,-0.0,-0.005268061042481226,-1.2952398205597921,止损,6,False
BTC,-1,2026-06-01 12:00:00,2026-06-01 13:45:00,72438.20946,0.0039948438281539435,0.004732305829486319,-0.0,0.003732305829486319,0.9342807854421318,保本/跟踪,8,False
BTC,-1,2026-06-01 15:30:00,2026-06-01 16:45:00,71042.88858000001,0.006537961980084575,-0.006739269572480627,-0.0001,-0.007639269572480627,-1.1684481487886849,止损,6,True
BTC,-1,2026-06-01 21:45:00,2026-06-01 22:15:00,70975.3021,0.004592622458519481,-0.004793540983011166,-0.0,-0.005793540983011166,-1.261488623403811,止损,3,False
BTC,-1,2026-06-02 02:00:00,2026-06-02 03:00:00,70598.07756,0.005088562037125574,-0.005289579749532938,-0.0,-0.006289579749532938,-1.2360230068229245,止损,5,False
BTC,-1,2026-06-02 09:15:00,2026-06-02 14:30:00,69519.0934,0.005940636840183589,0.018501555150539212,-0.0,0.01750155515053921,2.9460739010597967,保本/跟踪,22,True
BTC,-1,2026-06-02 15:30:00,2026-06-02 16:00:00,67408.71556,0.007519329410338322,-0.007720833276220358,-8.345e-05,-0.008637383276220358,-1.1486906351442487,止损,3,True
BTC,-1,2026-06-02 19:30:00,2026-06-02 19:45:00,66936.51002,0.007303876248556698,-0.007505337023806355,-0.0,-0.008505337023806354,-1.1644963214549362,止损,2,True
BTC,-1,2026-06-02 23:00:00,2026-06-03 00:15:00,66341.02914,0.009327874995500276,-0.009529740570499353,-7.165e-05,-0.010458090570499352,-1.1211653860653459,止损,6,True
BTC,-1,2026-06-03 03:30:00,2026-06-03 05:00:00,66104.87638,0.008417294082675178,-0.008618977541491695,-0.0,-0.009618977541491696,-1.1427636300946016,止损,7,True
BTC,-1,2026-06-03 16:00:00,2026-06-03 21:00:00,66033.39068000001,0.007147842067742125,0.009219912979577295,-0.0,0.008219912979577294,1.1499852545250508,保本/跟踪,21,True
BTC,-1,2026-06-03 23:15:00,2026-06-04 02:15:00,64560.98522,0.008936543127531137,0.033121202615636364,-2.705e-05,0.032148252615636363,3.5973924320463535,保本/跟踪,13,True
BTC,-1,2026-06-04 09:30:00,2026-06-04 12:30:00,62819.433600000004,0.010296041021715783,-0.010498100229920176,-0.0,-0.011498100229920177,-1.1167496521885534,止损,13,True
BTC,-1,2026-06-05 06:15:00,2026-06-05 07:30:00,62028.69178,0.01074260410269488,-0.010944752623515375,-0.0,-0.011944752623515374,-1.1119047587836663,止损,6,True
BTC,-1,2026-06-05 14:00:00,2026-06-05 16:15:00,60688.259920000004,0.012048149256889455,-0.01225055888674078,8.63e-06,-0.013259188886740781,-1.1005166523114596,止损,10,True
BTC,-1,2026-06-05 19:00:00,2026-06-05 19:45:00,59350.22758,0.014815796599399174,-0.015018759758719028,-0.0,-0.01601875975871903,-1.0811946324484936,止损,4,True
BTC,-1,2026-06-06 04:45:00,2026-06-06 05:15:00,59742.14918,0.009958612083048253,-0.010160603805464831,-0.0,-0.011160603805464832,-1.1206987190978785,止损,3,True
BTC,1,2026-06-07 22:15:00,2026-06-07 22:15:00,63638.12508,0.00921405162899756,-0.00941220881867168,0.0,-0.010412208818671682,-1.1300358667302666,止损,1,True
BTC,1,2026-06-08 09:30:00,2026-06-08 12:00:00,63367.77102,0.006232247120907641,-0.006431000671483509,0.0,-0.007431000671483509,-1.1923469219560223,止损,11,True
BTC,-1,2026-06-09 16:15:00,2026-06-09 16:45:00,60965.10454000001,0.007334466578938035,-0.007535933472253853,-0.0,-0.008535933472253853,-1.1638110802448813,止损,3,True
BTC,-1,2026-06-10 04:45:00,2026-06-10 07:00:00,61187.66002,0.00527767446957317,-0.0054787300044670546,-0.0,-0.006478730004467055,-1.2275728716915388,止损,10,False
BTC,-1,2026-06-10 09:15:00,2026-06-10 09:30:00,61020.2935,0.00519558426105835,-0.005396623377910455,-0.0,-0.006396623377910455,-1.231165362066027,止损,2,False
BTC,1,2026-06-11 11:00:00,2026-06-11 12:15:00,63132.82403999999,0.004146460523919529,-0.00434563123181478,0.0,-0.00534563123181478,-1.2892034546036653,止损,6,False
BTC,1,2026-06-11 17:45:00,2026-06-12 06:30:00,63315.06048,0.0067638963291459355,-0.006962543549880063,-1.303e-05,-0.007949513549880063,-1.1752861314011052,止损,52,True
BTC,1,2026-06-12 09:45:00,2026-06-12 10:15:00,63866.970839999994,0.004389263492420878,-0.0045883856397223475,0.0,-0.0055883856397223475,-1.2731943865689637,止损,3,False
BTC,1,2026-06-12 15:15:00,2026-06-12 15:30:00,64358.669160000005,0.006141176187306372,-0.006339947952068833,0.0,-0.007339947952068833,-1.195202307864133,止损,2,True
BTC,1,2026-06-13 21:45:00,2026-06-13 22:00:00,64550.80758,0.0030456340766765533,-0.0032450249498612205,0.0,-0.004245024949861221,-1.3938066238388898,止损,2,False
BTC,1,2026-06-15 00:15:00,2026-06-15 00:30:00,65861.56967999999,0.006104328970067984,-0.006303108104273892,0.0,-0.007303108104273892,-1.1963818038123455,止损,2,True
BTC,1,2026-06-15 03:45:00,2026-06-15 09:30:00,65894.87634,0.005204849132134491,-0.005403808162307957,6.21e-06,-0.006410018162307958,-1.2315473512445942,止损,24,False
BTC,1,2026-06-15 11:30:00,2026-06-15 13:30:00,66235.2444,0.003943892197308927,0.00406697466712886,0.0,0.00306697466712886,0.777651749513229,保本/跟踪,9,False
BTC,1,2026-06-15 16:00:00,2026-06-15 17:00:00,67261.9497,0.004776564281118695,-0.004975608968262438,0.0,-0.005975608968262438,-1.2510265991569407,止损,5,False
BTC,1,2026-06-16 08:45:00,2026-06-16 11:30:00,66596.71668,0.003801860506764588,-0.004001100134663242,0.0,-0.005001100134663242,-1.3154349365961393,止损,12,False
BTC,-1,2026-06-17 11:00:00,2026-06-17 12:45:00,64757.445920000006,0.004009142192055934,-0.004209944020494396,-0.0,-0.005209944020494396,-1.299515899141177,止损,8,False
BTC,-1,2026-06-17 19:45:00,2026-06-18 18:15:00,64134.27058,0.010822540453176783,0.020325554364116497,-5.404e-05,0.019379594364116497,1.7906696166174116,保本/跟踪,91,True
BTC,1,2026-06-20 22:30:00,2026-06-21 08:15:00,64285.75458,0.0031551916666398864,-0.0033545606283065144,3.812e-05,-0.004392680628306515,-1.3922072230193512,止损,40,False
BTC,1,2026-06-21 11:15:00,2026-06-21 11:15:00,64399.177260000004,0.002520822253597751,-0.0027203180891470923,0.0,-0.0037203180891470923,-1.4758351501528537,止损,1,False
BTC,1,2026-06-22 12:30:00,2026-06-22 14:15:00,64932.88398,0.0048108480024597125,0.0024815088621858174,0.0,0.0014815088621858174,0.3079517086027962,保本/跟踪,8,False
BTC,-1,2026-06-23 06:15:00,2026-06-23 06:30:00,63171.96308,0.004145174243302074,0.0031486708433122847,-0.0,0.0021486708433122847,0.5183547704379825,保本/跟踪,2,False
BTC,-1,2026-06-23 08:30:00,2026-06-23 08:30:00,61987.30006,0.006051121359276046,-0.006252331583547812,-0.0,-0.007252331583547812,-1.198510350884035,止损,1,True
BTC,-1,2026-06-24 13:15:00,2026-06-24 17:00:00,62000.19748,0.005186845907176787,0.03231222857681008,-2.7e-07,0.03131249857681007,6.036905498481166,保本/跟踪,16,False
BTC,-1,2026-06-25 13:45:00,2026-06-25 14:00:00,60042.18916,0.007119154591878596,0.019273919530700054,-0.0,0.018273919530700053,2.566866514114838,保本/跟踪,2,True
BTC,-1,2026-06-26 12:45:00,2026-06-26 12:45:00,59106.97624,0.007683004186088603,-0.007884540786925827,-0.0,-0.008884540786925826,-1.156388903576652,止损,1,True
BTC,-1,2026-06-28 05:30:00,2026-06-28 05:45:00,59790.73946,0.0032220616215311903,-0.0034227060338554265,-0.0,-0.0044227060338554265,-1.3726323557256068,止损,2,False
BTC,-1,2026-06-28 16:30:00,2026-06-28 20:00:00,59729.351740000006,0.004011829473475767,0.0026775128538579357,-0.0,0.0016775128538579357,0.41814161467949257,保本/跟踪,15,False
BTC,-1,2026-06-28 22:45:00,2026-06-28 23:15:00,59065.28458,0.005506961920469102,-0.005708063312853178,-0.0,-0.006708063312853178,-1.2181059919662132,止损,3,False
BTC,-1,2026-06-30 04:00:00,2026-06-30 13:30:00,59584.18078,0.004253086019506127,0.015302954186082353,-8.349e-05,0.014386444186082354,3.3825895173765903,保本/跟踪,39,False
BTC,1,2026-07-01 21:15:00,2026-07-01 22:30:00,60439.185419999994,0.00539910831963688,0.0011633224291725682,0.0,0.00016332242917256818,0.03024988933423594,保本/跟踪,6,False
BTC,1,2026-07-02 03:45:00,2026-07-02 06:00:00,60793.45626,0.005718062883765419,-0.005916919271188672,0.0,-0.006916919271188672,-1.2096612807157152,止损,10,True
BTC,1,2026-07-02 13:15:00,2026-07-02 16:15:00,61665.93072,0.005499641417554748,-0.005698541489271168,5.261e-05,-0.006751151489271168,-1.2275621220906556,止损,13,False
BTC,1,2026-07-03 12:15:00,2026-07-03 12:15:00,62142.426,0.00392239547893673,-0.004121610999840887,0.0,-0.005121610999840887,-1.3057354943793775,止损,1,False
BTC,1,2026-07-03 20:15:00,2026-07-03 21:30:00,62417.88108,0.0036749320314773642,0.0026048613239364085,0.0,0.0016048613239364085,0.436705035682316,保本/跟踪,6,False
BTC,1,2026-07-04 15:15:00,2026-07-04 18:15:00,62816.5608,0.002703400402010391,0.004804780596643561,9.48e-05,0.003709980596643561,1.3723385532844574,保本/跟踪,13,False
BTC,1,2026-07-05 22:00:00,2026-07-05 22:45:00,63083.01408,0.0030353853768959813,0.007136259206465656,0.0,0.006136259206465656,2.021575004337888,保本/跟踪,4,False
BTC,1,2026-07-06 21:15:00,2026-07-07 01:00:00,64300.25748,0.006329523225829702,-0.006528257321184574,0.0001,-0.007628257321184574,-1.2051867177064712,止损,16,True
BTC,-1,2026-07-08 08:30:00,2026-07-08 11:30:00,62040.489420000005,0.0052248378668066755,-0.005425882834380038,-0.0,-0.006425882834380038,-1.2298721985621,止损,13,False
BTC,-1,2026-07-08 15:15:00,2026-07-08 16:15:00,61577.682,0.0056362147607333345,-0.005837342003685442,-7.171e-05,-0.006765632003685442,-1.200385771461476,止损,5,False
BTC,1,2026-07-10 02:00:00,2026-07-10 09:00:00,63739.44534,0.004613237483484158,0.005096318960031779,7.247e-05,0.004023848960031779,0.8722397176467832,保本/跟踪,29,False
BTC,1,2026-07-10 09:30:00,2026-07-10 13:15:00,64400.8776,0.003804034169928766,-0.004003273363094757,0.0,-0.005003273363094757,-1.3152545796370825,止损,16,False
BTC,-1,2026-07-13 02:00:00,2026-07-13 07:00:00,63369.42358,0.005462918891045868,0.008269594939305801,-0.0,0.007269594939305801,1.3307162497362373,保本/跟踪,21,False
BTC,-1,2026-07-13 12:30:00,2026-07-13 14:15:00,62708.9557,0.0033094704517879093,0.0031434720996144114,-0.0,0.0021434720996144113,0.6476782708413128,保本/跟踪,8,False
BTC,-1,2026-07-13 18:00:00,2026-07-13 19:45:00,61864.72458,0.004934660853834062,-0.005135647786004829,-0.0,-0.006135647786004829,-1.2433778060426668,止损,8,False
BTC,1,2026-07-14 22:30:00,2026-07-15 01:45:00,64923.4821,0.0044852130537317075,-0.004684316011120869,0.0001,-0.005784316011120869,-1.2896413039528423,止损,14,False
BTC,1,2026-07-15 06:00:00,2026-07-15 07:00:00,64933.4841,0.003357251347329459,-0.003556579897059931,0.0,-0.004556579897059931,-1.3572352575521294,止损,5,False
BTC,1,2026-07-15 13:00:00,2026-07-15 13:45:00,65146.72674,0.003959221000290727,-0.004158429156090666,0.0,-0.005158429156090666,-1.3028899260010696,止损,4,False
BTC,-1,2026-07-17 02:00:00,2026-07-17 09:00:00,63497.997859999996,0.003839269691736184,0.00883600811608874,-1.52e-05,0.007851208116088741,2.044974369210903,保本/跟踪,29,False
BTC,-1,2026-07-17 13:45:00,2026-07-17 13:45:00,62527.492,0.0038963039785176357,-0.004097083239313383,-0.0,-0.005097083239313383,-1.3081841836305053,止损,1,False
BTC,1,2026-07-18 21:15:00,2026-07-18 21:30:00,64754.34828,0.0023287858072541423,-0.00252832005009264,0.0,-0.00352832005009264,-1.5150899834162341,止损,2,False
BTC,1,2026-07-20 00:15:00,2026-07-20 00:15:00,65000.39748,0.0035292915130546785,-0.003728585654752052,0.0,-0.004728585654752052,-1.3398115846370984,止损,1,False
BTC,1,2026-07-20 15:45:00,2026-07-21 11:00:00,65222.14182,0.006208030736600987,0.013532568368648284,0.00020844,0.012324128368648282,1.9851912613750966,保本/跟踪,78,True
BTC,1,2026-07-21 12:30:00,2026-07-21 15:30:00,66444.08616,0.0030006463313652274,0.0016470829773126108,0.0,0.0006470829773126108,0.21564786577770478,保本/跟踪,13,False
BTC,1,2026-07-22 00:00:00,2026-07-22 01:15:00,66535.60446,0.002605215821370881,-0.002804694778206498,0.0,-0.003804694778206498,-1.4604144297743606,止损,6,False
BTC,-1,2026-07-23 12:45:00,2026-07-23 20:00:00,65070.28334,0.002798286079917835,0.0019600979980420484,-8.458e-05,0.0010446779980420482,0.3733278043082438,保本/跟踪,30,False
BTC,-1,2026-07-24 13:00:00,2026-07-24 15:00:00,64733.5507,0.0032065280264434943,0.010249460839077776,-0.0,0.009249460839077777,2.88457196157327,保本/跟踪,9,False
BTC,1,2026-07-26 22:15:00,2026-07-26 23:15:00,65194.93638,0.002251309009840712,0.0016617230900666156,0.0,0.0006617230900666155,0.2939281489898336,保本/跟踪,5,False
BTC,1,2026-07-27 06:15:00,2026-07-27 07:00:00,65584.01418,0.0032489304023226354,-0.003448280616242192,0.0,-0.004448280616242192,-1.3691523256583613,止损,4,False
BTC,-1,2026-07-28 01:00:00,2026-07-28 14:00:00,63440.40938,0.00467326434777962,0.0054995483700328515,-1.25e-06,0.004500798370032852,0.963095180389547,保本/跟踪,53,False
BTC,1,2026-07-30 12:00:00,2026-07-30 15:00:00,64779.85338,0.0029615298838983834,-0.003160937577921628,0.0,-0.004160937577921628,-1.4049959787825659,止损,13,False
BTC,1,2026-07-30 22:30:00,2026-07-30 23:30:00,64988.59512,0.0028244053328851985,-0.003023840451818675,0.0,-0.004023840451818675,-1.4246681965113785,止损,5,False
BTC,1,2026-07-31 01:15:00,2026-07-31 01:30:00,65175.73254,0.003861038488453508,-0.004060266280755816,0.0,-0.005060266280755816,-1.3105972126122587,止损,2,False
BTC,-1,2026-07-31 13:45:00,2026-07-31 14:30:00,63419.713520000005,0.0029772555860319697,0.009701910979624008,-0.0,0.008701910979624007,2.9227960879306805,保本/跟踪,4,False
BTC,-1,2026-08-01 18:45:00,2026-08-01 18:45:00,62333.230859999996,0.0023789293618681085,-0.0025794051477403775,-0.0,-0.0035794051477403776,-1.5046285968447453,止损,1,False
BTC,-1,2026-08-03 04:00:00,2026-08-03 09:00:00,62827.23204,0.0032009644612466825,0.004646132605181963,-6.364e-05,0.0037097726051819623,1.1589546369837276,保本/跟踪,21,False
BTC,1,2026-08-04 04:45:00,2026-08-04 05:00:00,64048.60716,0.003286886511003676,-0.003486229133701548,0.0,-0.004486229133701548,-1.3648871412757244,止损,2,False
BTC,1,2026-08-04 14:45:00,2026-08-04 15:30:00,64111.3197,0.004418570078750699,-0.004617686364734946,0.0,-0.0056176863647349464,-1.2713810722955161,止损,4,False
BTC,1,2026-08-05 19:15:00,2026-08-05 22:00:00,64863.4701,0.003600955539599066,-0.0038002353484911187,0.0,-0.004800235348491119,-1.3330448809222404,止损,12,False
BTC,1,2026-08-06 05:15:00,2026-08-06 06:15:00,64898.177039999995,0.002545907459645129,-0.0027453982781531347,0.0,-0.0037453982781531347,-1.471144704794259,止损,5,False
BTC,1,2026-08-07 11:30:00,2026-08-07 14:00:00,65068.011,0.0026423698043389547,-0.002841841330378065,0.0,-0.003841841330378065,-1.4539377963180986,止损,11,False
BTC,-1,2026-08-10 16:30:00,2026-08-11 11:00:00,64087.18,0.0038507290647336297,-0.0040514992105465,-4.2630000000000004e-05,-0.0050088692105464995,-1.3007586683829657,止损,75,False
BTC,-1,2026-08-11 15:00:00,2026-08-11 19:45:00,63734.2506,0.0031604425127471354,0.0037970485364265377,-8.282e-05,0.0028798685364265376,0.9112231989068151,保本/跟踪,20,False
BTC,-1,2026-08-12 15:00:00,2026-08-12 21:00:00,63331.631140000005,0.004038672835408543,-0.0042394805699755515,-6.601e-05,-0.0051734705699755515,-1.2809828329291286,止损,25,False
BTC,-1,2026-08-13 16:45:00,2026-08-13 17:45:00,62949.20764000001,0.00466308493577719,-0.00486401755276441,-0.0,-0.00586401755276441,-1.2575403694179252,止损,5,False
BTC,-1,2026-08-14 07:00:00,2026-08-14 13:30:00,62932.01108,0.0024601822876839565,0.002291024387589151,-5.999e-05,0.0013510143875891509,0.5491521479333188,保本/跟踪,27,False
BTC,1,2026-08-17 05:00:00,2026-08-17 08:30:00,63525.00246,0.002726835382343698,-0.0029262900152671645,7.131e-05,-0.003997600015267165,-1.4660217632320924,止损,15,False
BTC,1,2026-08-17 15:00:00,2026-08-17 17:30:00,63884.57436,0.003114563572068023,0.0027743926305316214,9.202e-05,0.0016823726305316214,0.5401632015539665,保本/跟踪,11,False
BTC,1,2026-08-17 18:30:00,2026-08-18 01:30:00,64472.29188,0.003798158834394563,-0.003997399202627759,5.164e-05,-0.005049039202627759,-1.3293386145165227,止损,29,False
BTC,1,2026-08-19 14:15:00,2026-08-19 15:30:00,65389.17522,0.0036411182372628375,0.04428967012133534,0.0,0.04328967012133534,11.889114085423872,保本/跟踪,6,False
BTC,1,2026-08-19 21:00:00,2026-08-20 11:45:00,69029.8032,0.00817267604498809,0.03970810489695401,0.00019655,0.038511554896954014,4.712233139422099,保本/跟踪,60,True
BTC,1,2026-08-20 23:30:00,2026-08-21 02:00:00,73199.93706,0.005651995390982967,0.023220855900142424,4.964e-05,0.022171215900142423,3.9227236341193326,保本/跟踪,11,True
BTC,1,2026-08-21 07:15:00,2026-08-21 09:00:00,75950.38704,0.007218662423480745,0.03175575277570213,5.814e-05,0.03069761277570213,4.252534746028495,保本/跟踪,8,True
BTC,1,2026-08-23 13:30:00,2026-08-23 14:30:00,77442.18534,0.004572300745811398,-0.004771386285662241,0.0,-0.005771386285662241,-1.2622499276648202,止损,5,False
BTC,1,2026-08-24 12:45:00,2026-08-24 13:30:00,78727.04226,0.006552829902295637,-0.006751519336315006,0.0,-0.007751519336315006,-1.1829269875598991,止损,4,True
BTC,1,2026-08-24 15:30:00,2026-08-24 15:30:00,79869.07062,0.008946989656361955,-0.009145200258430786,0.0,-0.010145200258430787,-1.1339233248377367,止损,1,True
BTC,1,2026-08-25 02:30:00,2026-08-25 02:45:00,80997.79632000001,0.007255432317938765,-0.007453981231475272,0.0,-0.008453981231475272,-1.1651933146110596,止损,2,True
BTC,-1,2026-08-26 15:00:00,2026-08-26 17:15:00,77748.9471,0.006098929092246136,-0.006300148878064526,-7.091e-05,-0.007229238878064525,-1.1853292223474785,止损,10,True
BTC,1,2026-08-27 09:30:00,2026-08-27 09:45:00,80479.29264,0.00499403663656973,-0.005193037829242556,0.0,-0.006193037829242556,-1.240086583244689,止损,2,False
BTC,1,2026-08-27 15:15:00,2026-08-27 18:00:00,80654.22762,0.00670856355326341,-0.006907221840552732,6.331e-05,-0.007970531840552733,-1.1881130404847149,止损,12,True
BTC,-1,2026-08-29 04:00:00,2026-08-29 05:00:00,77466.80354000001,0.00264436558557707,-0.0028448944586940816,-0.0,-0.0038448944586940816,-1.453995045036492,止损,5,False
BTC,1,2026-08-30 16:15:00,2026-08-30 17:15:00,79100.817,0.003304137416167335,-0.00350347658868421,0.0,-0.00450347658868421,-1.362981020900777,止损,5,False
BTC,1,2026-08-31 17:45:00,2026-08-31 23:00:00,78894.87582,0.005736813390527094,-0.005935666027848979,0.0,-0.006935666027848979,-1.2089753589164134,止损,22,True
BTC,1,2026-09-01 05:30:00,2026-09-01 07:00:00,78971.39112,0.0036311042694173045,-0.0038303780485633237,0.0,-0.004830378048563323,-1.3302779788635677,止损,7,False
BTC,-1,2026-09-01 18:00:00,2026-09-01 19:00:00,77224.45202,0.004973653080692865,0.0011541427315913833,-0.0,0.0001541427315913833,0.03099185429513514,保本/跟踪,5,False
BTC,-1,2026-09-02 01:45:00,2026-09-02 02:00:00,76840.52881999999,0.004350118030209969,-0.004550988053815865,-0.0,-0.005550988053815865,-1.2760545840977866,止损,2,False
BTC,-1,2026-09-02 09:45:00,2026-09-02 12:15:00,76514.694,0.004317795172810636,-0.0045186587318451705,-0.0,-0.0055186587318451705,-1.278119621467093,止损,11,False
BTC,1,2026-09-03 13:00:00,2026-09-03 16:15:00,78632.2233,0.00450739693655463,0.02491703780566602,8.893e-05,0.023828107805666018,5.286445400985647,保本/跟踪,14,False
BTC,1,2026-09-03 20:00:00,2026-09-03 21:00:00,81739.14456,0.006001139804225513,-0.006199939576264681,0.0,-0.007199939576264681,-1.1997620137419678,止损,5,True
BTC,-1,2026-09-07 14:15:00,2026-09-07 16:30:00,79129.57092,0.0027133177214650832,0.0017577060771266457,-2.185e-05,0.0007795560771266457,0.2873073326280848,保本/跟踪,10,False
BTC,-1,2026-09-08 05:00:00,2026-09-08 08:30:00,78634.27,0.0030227795903759913,0.001458808447054508,-8.18e-05,0.000540608447054508,0.17884481183335763,保本/跟踪,15,False
BTC,-1,2026-09-08 13:45:00,2026-09-08 14:00:00,77800.83671999999,0.004090722633204536,-0.004291540777731317,-0.0,-0.005291540777731317,-1.2935467036507677,止损,2,False
BTC,-1,2026-09-09 22:15:00,2026-09-09 23:00:00,77809.23504,0.004561287965521397,-0.004762200223114523,-0.0,-0.005762200223114523,-1.263283587151431,止损,4,False
BTC,-1,2026-09-10 12:45:00,2026-09-10 17:30:00,77088.77916,0.004166348924095283,-0.004367182193880124,-7.199e-05,-0.0052951921938801235,-1.270943046382023,止损,20,False
BTC,-1,2026-09-10 22:45:00,2026-09-11 04:15:00,76803.73618,0.0032341944228551967,-0.0034348412617397077,-3.006e-05,-0.004404781261739708,-1.361940775920051,止损,23,False
BTC,-1,2026-09-11 11:15:00,2026-09-11 11:45:00,76740.94874,0.002825507809553778,-0.0030260729111155206,-0.0,-0.00402607291111552,-1.4249024184262804,止损,3,False
BTC,-1,2026-09-13 11:15:00,2026-09-13 11:30:00,76477.30148000001,0.0022718852617028902,-0.0024723396387551708,-0.0,-0.003472339638755171,-1.5283956885007832,止损,2,False
BTC,-1,2026-09-14 00:30:00,2026-09-14 00:30:00,76427.11151999999,0.003218599960421632,-0.0034192436804136414,-0.0,-0.004419243680413642,-1.3730329133026917,止损,1,False
BTC,1,2026-09-14 18:30:00,2026-09-14 21:00:00,79118.02044,0.004950049587087766,-0.005149059577170322,0.0,-0.006149059577170322,-1.2422218139410524,止损,11,False
BTC,-1,2026-09-15 13:45:00,2026-09-15 15:15:00,76382.82038,0.004048635756079409,0.0034228756330781235,-0.0,0.0024228756330781235,0.5984424826165077,保本/跟踪,7,False
BTC,1,2026-09-18 03:15:00,2026-09-18 09:30:00,77306.05812,0.003009043710653382,0.009295166207085549,7.903e-05,0.008216136207085549,2.730480842799556,保本/跟踪,26,False
BTC,1,2026-09-18 13:45:00,2026-09-18 17:30:00,79285.85399999999,0.004609929693323386,0.016275707137511947,6.853e-05,0.015207177137511945,3.298787215678511,保本/跟踪,16,False
BTC,1,2026-09-19 01:00:00,2026-09-19 01:00:00,81656.92812,0.003843458771146216,-0.00404269007939206,0.0,-0.00504269007939206,-1.3120187777864996,止损,1,False
BTC,1,2026-09-19 09:15:00,2026-09-19 10:00:00,81419.98074,0.002758399096997949,-0.0029578474171786306,0.0,-0.003957847417178631,-1.4348349451992202,止损,4,False
BTC,1,2026-09-19 15:15:00,2026-09-19 16:00:00,81679.73267999999,0.0024548888725828334,-0.002654397894808351,0.0001,-0.0037543978948083507,-1.529355538956955,止损,4,False
BTC,1,2026-09-20 16:15:00,2026-09-20 21:00:00,81137.82432,0.0032245572935833315,-0.003423912382124608,0.0,-0.004423912382124608,-1.3719441087084787,止损,20,False
BTC,1,2026-09-21 00:15:00,2026-09-21 01:30:00,81660.02874,0.004080365776807334,-0.004279549703651868,0.0,-0.005279549703651868,-1.2938912814288996,止损,6,False
BTC,1,2026-09-21 08:45:00,2026-09-21 10:15:00,83518.30032000001,0.006892119006402125,0.010094345357263772,0.0,0.00909434535726377,1.3195281957284815,保本/跟踪,7,True
BTC,1,2026-09-21 15:15:00,2026-09-21 16:30:00,86262.249,0.0077172238340268975,-0.007915680389260063,5.485e-05,-0.008970530389260064,-1.1624038102545464,止损,6,True
BTC,1,2026-09-21 19:45:00,2026-09-22 00:45:00,86551.30679999999,0.005638633880330611,-0.005837506153554483,7.663e-05,-0.006914136153554483,-1.2262076773016313,止损,21,True
BTC,1,2026-09-23 04:30:00,2026-09-23 05:45:00,86993.69526000001,0.004124468370042404,-0.0043236434763683634,0.0,-0.0053236434763683635,-1.290746588102367,止损,6,False
BTC,-1,2026-09-24 01:45:00,2026-09-24 03:00:00,84085.57952,0.0034209629076557718,-0.0036216471002372837,-0.0,-0.004621647100237283,-1.3509784306326447,止损,6,False
BTC,-1,2026-09-24 09:45:00,2026-09-24 11:00:00,83105.07566,0.0052599136547622554,-0.005460965637493086,-0.0,-0.006460965637493086,-1.2283406271590436,止损,6,True
BTC,-1,2026-09-28 03:30:00,2026-09-28 13:30:00,83272.84210000001,0.00461128000166339,-0.004812202257663738,2.585e-05,-0.005838052257663738,-1.2660372511662326,止损,41,False
BTC,1,2026-09-30 13:00:00,2026-09-30 13:30:00,85276.85196,0.005219265024735115,-0.005418221171730231,0.0,-0.006418221171730231,-1.2297174298130156,止损,3,True
ETH,1,2020-01-01 11:30:00,2020-01-01 11:45:00,131.62632,0.004140453895204264,-0.0043396258044251,0.0,-0.0053396258044251,-1.289623297245211,止损,2,False
ETH,1,2020-01-01 14:30:00,2020-01-01 18:30:00,132.12642,0.004793915515486874,-0.004992956732383669,-0.00016125,-0.005831706732383669,-1.2164809149314757,止损,17,False
ETH,-1,2020-01-02 17:15:00,2020-01-02 17:30:00,126.734648,0.006540711746985615,-0.00674201988933505,-0.0,-0.00774201988933505,-1.1836662719318087,止损,2,False
ETH,-1,2020-01-03 01:45:00,2020-01-03 02:15:00,126.304734,0.004022168482718035,-0.0042229729164145295,-0.0,-0.0052229729164145295,-1.2985465275400483,止损,3,False
ETH,1,2020-01-03 14:00:00,2020-01-03 14:00:00,133.50669599999998,0.006967610275208368,-0.007166216753153312,0.0,-0.008166216753153311,-1.1720254765410365,止损,1,False
ETH,1,2020-01-03 17:45:00,2020-01-03 19:00:00,134.246844,0.009695991588692185,-0.009894052390374594,0.0,-0.010894052390374595,-1.1235624836019487,止损,6,False
ETH,1,2020-01-03 23:30:00,2020-01-04 01:00:00,134.42688,0.008343058883160082,-0.008541390271383443,0.0001,-0.009641390271383443,-1.1556181499382627,止损,7,False
ETH,1,2020-01-04 17:45:00,2020-01-04 18:30:00,134.236842,0.004439301864513774,-0.0046384140041408105,0.0,-0.0056384140041408105,-1.270112773635044,止损,4,False
ETH,1,2020-01-05 00:15:00,2020-01-05 04:15:00,134.796954,0.005128715469009455,0.009242285994088615,0.0,0.008242285994088615,1.6070858373589023,保本/跟踪,17,False
ETH,1,2020-01-06 09:00:00,2020-01-06 09:15:00,140.5281,0.005651666100341213,-0.005850535767121004,0.0,-0.006850535767121004,-1.2121267685483774,止损,2,False
ETH,1,2020-01-06 11:00:00,2020-01-06 11:30:00,141.938382,0.00657514138380189,-0.006773826355525133,0.0,-0.007773826355525133,-1.1823055812421386,止损,3,False
ETH,1,2020-01-06 23:15:00,2020-01-06 23:15:00,143.818758,0.007873712652756737,-0.008072137910226224,0.0,-0.009072137910226225,-1.1522058665742516,止损,1,False
ETH,1,2020-01-07 19:30:00,2020-01-07 19:30:00,143.72874,0.00891767627306732,-0.009115892737812811,0.0,-0.010115892737812812,-1.134364202966672,止损,1,False
ETH,1,2020-01-07 20:45:00,2020-01-07 21:30:00,144.09881399999998,0.008680638866899099,-0.008878902739125635,0.0,-0.009878902739125634,-1.1380386732589165,止损,4,False
ETH,1,2020-01-08 01:00:00,2020-01-08 01:30:00,147.539502,0.01120280413280817,-0.011400563571981463,0.0,-0.012400563571981462,-1.106916038607296,止损,3,False
ETH,-1,2020-01-09 16:15:00,2020-01-09 19:45:00,136.58267800000002,0.006772908719075087,-0.006974263300818882,-0.0,-0.007974263300818882,-1.1773764613659008,止损,15,False
ETH,-1,2020-01-10 05:45:00,2020-01-10 06:45:00,135.832828,0.005744782045016768,-0.00594593100142579,-0.0,-0.00694593100142579,-1.209085209325033,止损,5,False
ETH,1,2020-01-11 00:00:00,2020-01-11 00:15:00,144.82896,0.010090643500424476,-0.010288625371724236,0.0,-0.011288625371724235,-1.1187220489208012,止损,2,False
ETH,1,2020-01-11 01:30:00,2020-01-11 02:00:00,145.069008,0.00993560709050803,-0.0101336199690899,0.0,-0.0111336199690899,-1.1205777228979181,止损,3,False
ETH,1,2020-01-11 17:30:00,2020-01-11 18:00:00,147.339462,0.008284866085609811,-0.008483209112392644,0.0,-0.009483209112392643,-1.144642413576758,止损,3,False
ETH,1,2020-01-14 00:30:00,2020-01-14 01:15:00,144.738942,0.004381082953503638,0.00941364423679616,0.0,0.00841364423679616,1.9204485114959087,保本/跟踪,4,False
ETH,1,2020-01-14 01:45:00,2020-01-14 02:15:00,147.58951199999998,0.007201273672264812,-0.007399833417530216,0.0,-0.008399833417530216,-1.1664371887269847,止损,3,False
ETH,1,2020-01-14 04:00:00,2020-01-14 09:45:00,148.97978999999998,0.007546282480713024,0.00919435996221524,0.0001,0.00809435996221524,1.0726288053625088,保本/跟踪,24,False
ETH,1,2020-01-14 14:00:00,2020-01-14 15:00:00,154.160826,0.009940022077595024,0.005140307349174699,0.0,0.004140307349174699,0.4165289892571789,保本/跟踪,5,False
ETH,1,2020-01-14 17:00:00,2020-01-14 18:30:00,159.601914,0.017118039554352718,0.038156312495641505,0.0,0.037156312495641504,2.170593915130516,保本/跟踪,7,False
ETH,1,2020-01-15 00:30:00,2020-01-15 03:15:00,168.423678,0.020269013681774327,-0.020464959879037924,0.0,-0.021464959879037925,-1.0590036701361043,止损,12,False
ETH,1,2020-01-15 10:30:00,2020-01-15 11:45:00,166.60331399999998,0.011489389736376688,-0.011687091858429323,0.0,-0.012687091858429322,-1.104244189598737,止损,6,False
ETH,1,2020-01-15 14:00:00,2020-01-15 14:00:00,168.57370799999998,0.012037976891217175,-0.012235569295838947,0.0,-0.013235569295838946,-1.0994845243053695,止损,1,False
ETH,1,2020-01-15 20:45:00,2020-01-15 21:30:00,165.98318999999998,0.010854912422278248,-0.01105274143979379,0.0,-0.01205274143979379,-1.1103490264055156,止损,4,False
ETH,1,2020-01-16 12:15:00,2020-01-16 12:45:00,164.902974,0.010068937754191567,-0.010266923966640777,0.0,-0.011266923966640776,-1.1189784108011298,止损,3,False
ETH,1,2020-01-16 21:00:00,2020-01-16 21:00:00,165.713136,0.008343695262723981,-0.008542026523671406,0.0,-0.009542026523671407,-1.1436211682251929,止损,1,False
ETH,1,2020-01-17 05:30:00,2020-01-17 08:30:00,169.33386000000002,0.011126696851253413,0.012069108373450991,0.0001,0.01096910837345099,0.9858369038080991,保本/跟踪,13,False
ETH,1,2020-01-17 18:45:00,2020-01-17 19:45:00,172.624518,0.011606661577223178,-0.011804340244907726,0.0,-0.012804340244907727,-1.1031889023140697,止损,5,False
ETH,1,2020-01-18 13:15:00,2020-01-18 15:15:00,171.68433,0.009261510110965073,0.027185010935033452,0.0,0.02618501093503345,2.8272938885022616,保本/跟踪,9,False
ETH,-1,2020-01-20 12:00:00,2020-01-20 13:45:00,163.26734000000002,0.006579165362887182,-0.0067804811959597715,-0.0,-0.0077804811959597715,-1.1825939563472847,止损,8,False
ETH,-1,2020-01-23 01:45:00,2020-01-23 05:45:00,165.626868,0.005091909884130439,0.007742946075289421,-0.0,0.006742946075289421,1.3242469385219557,保本/跟踪,17,False
ETH,-1,2020-01-23 14:00:00,2020-01-23 15:15:00,161.777638,0.007363469479867752,-0.0075649421737637125,-0.0,-0.008564942173763712,-1.1631666563134229,止损,6,False
ETH,-1,2020-01-23 18:15:00,2020-01-23 21:00:00,160.29793400000003,0.008559699670367925,-0.008761411610302033,-0.0,-0.009761411610302032,-1.1403918345516502,止损,12,False
ETH,-1,2020-01-24 03:00:00,2020-01-24 03:45:00,158.71825,0.008482890739981833,-0.0086845873181297,-0.0,-0.009684587318129701,-1.1416612113703166,止损,4,False
ETH,-1,2020-01-24 09:30:00,2020-01-24 11:30:00,157.358522,0.007357140767831321,-0.007558612195984837,-0.0,-0.008558612195984836,-1.1633068424362465,止损,9,False
ETH,-1,2020-01-25 01:45:00,2020-01-25 02:45:00,157.92840800000002,0.009320669884909006,-0.00952253401888589,-0.0,-0.01052253401888589,-1.1289461110432426,止损,5,False
ETH,1,2020-01-26 17:00:00,2020-01-26 22:45:00,164.89297200000001,0.005844990173591653,0.010741463733079513,0.0,0.009741463733079513,1.6666347493777802,保本/跟踪,24,False
ETH,1,2020-01-27 00:15:00,2020-01-27 04:30:00,168.553704,0.006302394962912105,-0.006501134483919434,0.0,-0.007501134483919434,-1.1902038079272383,止损,18,False
ETH,1,2020-01-27 12:30:00,2020-01-27 22:15:00,169.18383,0.007186256467292815,0.007314694823263903,0.0001,0.006214694823263903,0.8648028151443201,保本/跟踪,40,False
ETH,1,2020-01-28 01:15:00,2020-01-28 05:15:00,173.154624,0.00884901360885434,-0.00904724380613259,0.0,-0.010047243806132589,-1.1354083347865234,止损,17,False
ETH,1,2020-01-29 00:30:00,2020-01-29 10:00:00,176.825358,0.008489361030466136,-0.00868766315826004,0.0010613,-0.010748963158260039,-1.2661686927537623,止损,39,False
ETH,1,2020-01-30 13:45:00,2020-01-30 14:00:00,177.365466,0.006529306221830827,-0.006728000360586549,0.0,-0.007728000360586549,-1.183586754554086,止损,2,False
ETH,1,2020-01-30 16:30:00,2020-01-30 16:30:00,179.025798,0.008102602903429575,-0.008300982382848866,0.0,-0.009300982382848866,-1.1479005566115126,止损,1,False
ETH,1,2020-01-30 18:15:00,2020-01-30 23:30:00,180.83616,0.01077903675080034,0.022075949750106908,0.0,0.021075949750106907,1.9552720931712217,保本/跟踪,22,False
ETH,1,2020-01-31 22:30:00,2020-01-31 23:30:00,181.78635,0.0074335722756573115,-0.007632085561202152,0.0,-0.008632085561202152,-1.161229788465178,止损,5,False
ETH,1,2020-02-01 17:30:00,2020-02-01 19:45:00,183.976788,0.007175750674742718,-0.007374315524607847,0.0,-0.008374315524607847,-1.1670298905567957,止损,10,False
ETH,1,2020-02-02 06:45:00,2020-02-02 12:30:00,186.83736000000002,0.008647332269364568,0.023477408962531216,0.00016128,0.022316128962531216,2.5806952095031583,保本/跟踪,24,False
ETH,1,2020-02-03 01:45:00,2020-02-03 01:45:00,194.118816,0.009766613315095993,-0.009964659992433025,0.0,-0.010964659992433026,-1.1226675653765512,止损,1,True
ETH,1,2020-02-03 20:30:00,2020-02-03 21:00:00,191.418276,0.007850185860030463,-0.008048615822858419,0.0,-0.00904861582285842,-1.1526626227959533,止损,3,False
ETH,1,2020-02-05 06:00:00,2020-02-05 12:30:00,191.348262,0.005905943483395318,0.027907264333386247,0.0001,0.026807264333386246,4.539031639695744,保本/跟踪,27,False
ETH,1,2020-02-05 16:00:00,2020-02-05 18:45:00,199.23984,0.008021802434691992,0.01793365943095061,0.0,0.01693365943095061,2.110954435591357,保本/跟踪,12,False
ETH,1,2020-02-05 21:45:00,2020-02-05 22:00:00,207.32145599999998,0.010158819180160093,-0.010356787416324115,0.0,-0.011356787416324114,-1.1179239648741481,止损,2,True
ETH,1,2020-02-06 05:30:00,2020-02-06 08:00:00,207.84156000000002,0.009884905693960501,0.005400475347766549,0.00077325,0.003627225347766549,0.36694587283546043,保本/跟踪,11,True
ETH,1,2020-02-06 13:00:00,2020-02-06 13:30:00,215.273046,0.010708253733021212,-0.010906112082274558,0.0,-0.011906112082274559,-1.1118630898294362,止损,3,True
ETH,1,2020-02-07 02:30:00,2020-02-07 03:15:00,220.614114,0.010103666271870386,-0.010301645538615989,0.0,-0.011301645538615988,-1.1185687684559509,止损,4,True
ETH,1,2020-02-07 11:15:00,2020-02-07 11:45:00,223.44468,0.00905483638594665,-0.009253025418669479,0.0,-0.01025302541866948,-1.1323258622963581,止损,3,False
ETH,1,2020-02-08 10:30:00,2020-02-08 11:00:00,227.555502,0.01101218446779561,-0.011209982030901986,0.0,-0.012209982030901987,-1.108770205095025,止损,3,True
ETH,1,2020-02-09 07:30:00,2020-02-09 09:30:00,229.465884,0.006469026433727523,-0.006667732628440739,0.00063224,-0.008299972628440738,-1.2830327273308426,止损,9,False
ETH,1,2020-02-10 00:15:00,2020-02-10 00:15:00,229.425876,0.00617160588483995,-0.006370371563662973,0.0,-0.007370371563662973,-1.1942388579555434,止损,1,False
ETH,1,2020-02-11 17:15:00,2020-02-12 01:30:00,234.416874,0.012002864651821878,0.04516868694652242,0.0028447,0.04132398694652242,3.4428436998371037,保本/跟踪,34,True
ETH,1,2020-02-12 07:00:00,2020-02-12 07:45:00,249.679926,0.009485179488398294,0.014834821517815327,0.0,0.013834821517815326,1.458572453450908,保本/跟踪,4,False
ETH,1,2020-02-12 11:30:00,2020-02-12 12:00:00,258.741738,0.013821465471068177,-0.01401870117797395,0.0,-0.01501870117797395,-1.086621473635476,止损,3,True
ETH,1,2020-02-12 17:00:00,2020-02-12 21:30:00,262.58250599999997,0.014843868843025026,0.03754205112508626,0.0,0.03654205112508626,2.461760576809258,保本/跟踪,19,True
ETH,1,2020-02-13 13:45:00,2020-02-13 13:45:00,276.25523999999996,0.01828232326932124,-0.018478666804667306,0.0,-0.019478666804667307,-1.0654371721647433,止损,1,True
ETH,1,2020-02-14 16:30:00,2020-02-14 19:45:00,276.685326,0.011195926044732107,0.015409282830660762,0.0,0.014409282830660761,1.2870112550842188,保本/跟踪,14,True
ETH,1,2020-02-15 09:00:00,2020-02-15 12:00:00,283.45667999999995,0.009361816173596885,-0.009559943810362067,0.0,-0.010559943810362068,-1.1279802566668913,止损,13,False
ETH,-1,2020-02-16 13:15:00,2020-02-16 13:45:00,263.567276,0.012979670171037617,-0.013182266105071776,-0.0,-0.014182266105071777,-1.0926522722216463,止损,3,True
ETH,-1,2020-02-16 15:30:00,2020-02-16 17:00:00,259.168156,0.016387759620044125,0.047570651388205404,-0.00063291,0.0472035613882054,2.880415778766366,保本/跟踪,7,True
ETH,-1,2020-02-17 03:30:00,2020-02-17 06:15:00,248.890212,0.018417378199136664,-0.018621061674776403,-0.0,-0.019621061674776404,-1.0653558537282013,止损,12,True
ETH,-1,2020-02-17 11:15:00,2020-02-17 11:45:00,245.53088400000001,0.017586422508485317,-0.01778993979298696,-0.0,-0.01878993979298696,-1.0684344575436506,止损,3,True
ETH,1,2020-02-18 15:30:00,2020-02-18 21:15:00,273.244638,0.016669276512050857,0.02818053980097649,0.00023619,0.02694434980097649,1.6164078735809193,保本/跟踪,24,True
ETH,-1,2020-02-20 08:45:00,2020-02-20 10:15:00,256.64866,0.01170150886778356,-0.011903849169557132,-0.0,-0.01290384916955713,-1.1027508772893244,止损,7,True
ETH,-1,2020-02-20 12:00:00,2020-02-20 13:30:00,253.689252,0.012307531855296636,0.004709586514728175,-0.0,0.003709586514728175,0.3014078337023948,保本/跟踪,7,True
ETH,-1,2020-02-22 06:15:00,2020-02-22 08:30:00,258.36831600000005,0.009652256755645666,-0.009854187206996797,-0.00056424,-0.010289947206996795,-1.0660664617088786,止损,10,False
ETH,-1,2020-02-22 16:45:00,2020-02-22 16:45:00,258.978194,0.007607185865983849,-0.007808707303156891,-0.0,-0.008808707303156891,-1.1579455870199968,止损,1,False
ETH,1,2020-02-23 06:00:00,2020-02-23 10:30:00,269.033796,0.0065427076301893235,0.011540569928595751,0.00043317,0.010107399928595752,1.5448344171697732,保本/跟踪,19,False
ETH,1,2020-02-24 00:30:00,2020-02-24 01:00:00,276.84535800000003,0.0068646190215401,-0.007063246097735792,0.0,-0.008063246097735791,-1.1746094098499256,止损,3,False
ETH,-1,2020-02-25 05:30:00,2020-02-25 06:45:00,260.37791400000003,0.008648631086959213,0.004353253315136885,-0.0,0.003353253315136885,0.38772070185686014,保本/跟踪,6,False
ETH,-1,2020-02-25 17:00:00,2020-02-25 17:30:00,247.4505,0.016573001348308213,-0.016776315948577786,-0.0,-0.017776315948577787,-1.072606921038621,止损,3,True
ETH,-1,2020-02-26 01:15:00,2020-02-26 04:45:00,244.161158,0.01527586759474635,0.011694195195919046,-0.0,0.010694195195919045,0.7000712155685989,保本/跟踪,15,True
ETH,-1,2020-02-26 08:30:00,2020-02-26 08:45:00,236.862618,0.011285053000164566,-0.01148731001076461,-0.0,-0.01248731001076461,-1.10653534463529,止损,2,False
ETH,-1,2020-02-26 15:15:00,2020-02-26 17:00:00,229.024186,0.01801928602899739,0.024068035433201067,-0.00071497,0.023783005433201065,1.319863916635124,保本/跟踪,8,True
ETH,-1,2020-02-27 00:15:00,2020-02-27 01:15:00,221.80563,0.019175223789632323,0.02351461212176024,-0.0,0.02251461212176024,1.1741512051574314,保本/跟踪,5,True
ETH,-1,2020-02-28 07:15:00,2020-02-28 10:00:00,225.324926,0.01332043744935945,0.013388118019153695,-0.00025289,0.012641008019153696,0.9489934596526013,保本/跟踪,12,True
ETH,-1,2020-02-29 14:15:00,2020-02-29 15:15:00,222.095572,0.012049476370205793,-0.012251886265479874,-0.0,-0.013251886265479875,-1.0997893898731756,止损,5,False
ETH,-1,2020-03-01 00:00:00,2020-03-01 00:00:00,217.326526,0.01036943247182419,-0.01057150635831853,-0.0,-0.01157150635831853,-1.1159247518859507,止损,1,False
ETH,-1,2020-03-01 01:15:00,2020-03-01 01:30:00,216.646662,0.01241399888595242,-0.012616481685729545,-0.0,-0.013616481685729546,-1.096865064257243,止损,2,True
ETH,-1,2020-03-01 18:30:00,2020-03-01 19:45:00,214.517088,0.012973299905484624,-0.013175894565465727,-0.0,-0.014175894565465728,-1.0926976689618262,止损,6,True
ETH,1,2020-03-02 16:15:00,2020-03-03 00:15:00,230.566104,0.01094218345998693,-0.011139995023294942,0.0001,-0.012239995023294942,-1.1186062697681696,止损,33,False
ETH,1,2020-03-03 12:15:00,2020-03-03 12:30:00,232.266444,0.007841345328191198,-0.008039777059125565,0.0,-0.009039777059125564,-1.1528349639985584,止损,2,False
ETH,-1,2020-03-04 11:00:00,2020-03-04 14:00:00,223.31532800000002,0.0077146796860535355,-0.007916222621990666,-0.0,-0.008916222621990665,-1.1557476116745662,止损,13,False
ETH,1,2020-03-05 06:00:00,2020-03-05 07:30:00,229.09581,0.006830415764437441,-0.00702904968128451,0.0,-0.00802904968128451,-1.1754847666942554,止损,7,False
ETH,1,2020-03-05 09:30:00,2020-03-05 12:45:00,230.366064,0.006374019842343967,0.006967268963003261,0.0,0.005967268963003261,0.93618612909885,保本/跟踪,14,False
ETH,1,2020-03-06 05:45:00,2020-03-06 08:15:00,233.50669200000002,0.007184037823755692,0.006395427342649275,0.0001,0.0052954273426492745,0.7371101701523219,保本/跟踪,11,False
ETH,1,2020-03-06 11:00:00,2020-03-06 12:00:00,238.09761,0.00709999180821988,0.00431498987024728,0.0,0.0033149898702472796,0.4669005204216452,保本/跟踪,5,False
ETH,1,2020-03-06 21:30:00,2020-03-06 22:15:00,240.69813,0.006326106489286899,-0.006524841267989003,0.0,-0.007524841267989003,-1.1894901359520476,止损,4,False
ETH,1,2020-03-06 23:30:00,2020-03-07 12:30:00,243.0486,0.007526910100277481,0.006496361056344278,0.0002,0.0052963610563442785,0.7036567443723059,保本/跟踪,53,False
ETH,1,2020-03-07 16:30:00,2020-03-07 16:30:00,249.14981999999998,0.007836605915327283,-0.00803503859414418,0.0,-0.00903503859414418,-1.1529275162954074,止损,1,False
ETH,-1,2020-03-08 06:15:00,2020-03-08 09:15:00,228.90421,0.008787224142819952,-0.008988981587648394,-0.0004582,-0.009530781587648392,-1.0846180127812037,止损,13,False
ETH,-1,2020-03-08 12:45:00,2020-03-08 15:45:00,227.4545,0.009637476671421577,0.04662051337152173,-0.0,0.04562051337152173,4.733657463140969,保本/跟踪,13,False
ETH,-1,2020-03-08 16:30:00,2020-03-08 16:45:00,206.228746,0.02304740997553102,-0.02325201945752621,-0.0,-0.02425201945752621,-1.052266588014623,止损,2,True
ETH,-1,2020-03-08 22:45:00,2020-03-09 00:00:00,207.56847800000003,0.016981562796954817,0.02774698853980042,-0.0001,0.02684698853980042,1.5809492248036616,保本/跟踪,6,True
ETH,-1,2020-03-09 15:00:00,2020-03-09 23:45:00,198.04038400000002,0.020340027375295305,-0.02054409538077036,-0.00016188,-0.021382215380770363,-1.0512382793909552,止损,36,True
ETH,-1,2020-03-11 10:15:00,2020-03-11 10:45:00,195.340924,0.010201141859188932,-0.010403182087560789,-0.0,-0.01140318208756079,-1.1178338900648745,止损,3,False
ETH,-1,2020-03-11 15:00:00,2020-03-11 18:30:00,194.06118,0.01041835058288062,0.038781675743918276,-0.00037247,0.038154145743918275,3.6622059740063815,保本/跟踪,15,False
ETH,-1,2020-03-12 02:00:00,2020-03-12 07:30:00,185.182956,0.020143520028509342,0.06376814862660325,-0.0,0.06276814862660325,3.1160466759417824,保本/跟踪,23,True
ETH,-1,2020-03-12 10:30:00,2020-03-12 10:45:00,163.037386,0.02595811438259733,0.08704820853341434,-0.0,0.08604820853341434,3.314886715774017,保本/跟踪,2,True
ETH,-1,2020-03-12 20:30:00,2020-03-12 23:30:00,132.86342199999999,0.044322670210794994,0.1518920576875316,-0.0,0.1508920576875316,3.404399079971972,保本/跟踪,13,True
ETH,-1,2020-03-14 23:15:00,2020-03-15 10:15:00,123.195356,0.019547112276464582,-0.019751021698919832,-0.0002,-0.020551021698919834,-1.051358451737344,止损,45,True
ETH,-1,2020-03-15 16:45:00,2020-03-15 17:15:00,122.855424,0.015366388813501497,-0.015569462091264242,-0.0,-0.016569462091264243,-1.0782925183245187,止损,3,True
ETH,-1,2020-03-16 07:45:00,2020-03-16 10:15:00,108.648266,0.032154321921853274,0.029010870673325383,-0.0001,0.02811087067332538,0.8742485921999863,保本/跟踪,11,True
ETH,-1,2020-03-18 07:30:00,2020-03-18 13:30:00,112.747446,0.014927535941346987,-0.015130521448535305,-0.0001,-0.016030521448535305,-1.07388932182258,止损,25,True
ETH,1,2020-03-19 07:45:00,2020-03-19 08:30:00,119.853966,0.011316154949790337,-0.01151389171880037,0.0001,-0.012613891718800369,-1.114680010548466,止损,4,False
ETH,1,2020-03-19 10:00:00,2020-03-19 13:15:00,124.054806,0.015267147202767778,0.015263005153753884,0.0,0.014263005153753883,0.9342285735718947,保本/跟踪,14,True
ETH,1,2020-03-19 16:15:00,2020-03-19 16:30:00,131.67633,0.02150758101934219,0.027981822612066127,0.0,0.026981822612066126,1.2545261407036359,保本/跟踪,2,True
ETH,1,2020-03-19 23:00:00,2020-03-19 23:00:00,140.07801,0.019589292775474745,-0.01978537491691951,0.0,-0.02078537491691951,-1.0610579542178382,止损,1,True
ETH,1,2020-03-20 08:15:00,2020-03-20 08:30:00,144.37886999999998,0.018190532803430175,0.01164929466479437,0.0,0.010649294664794369,0.5854306072214794,保本/跟踪,2,True
ETH,1,2020-03-21 21:15:00,2020-03-21 21:30:00,136.587312,0.01962176306199181,-0.019817838709379382,0.0,-0.020817838709379383,-1.0609565839526633,止损,2,True
ETH,-1,2020-03-22 20:15:00,2020-03-22 21:00:00,122.77544,0.020233491471053307,-0.02043753816934745,-0.0,-0.021437538169347452,-1.0595076089569955,止损,4,True
ETH,-1,2020-03-23 09:30:00,2020-03-23 10:15:00,121.04578599999999,0.014879926547355588,-0.015082902532665109,-0.0,-0.01608290253266511,-1.080845559383713,止损,4,False
ETH,1,2020-03-23 23:15:00,2020-03-24 08:45:00,134.22683999999998,0.016711145473131694,0.04280187181639699,0.0002,0.04160187181639699,2.4894685934776164,保本/跟踪,39,True
ETH,1,2020-03-27 00:15:00,2020-03-27 01:30:00,139.997994,0.013291598463060281,-0.013488940143367502,0.0,-0.0144889401433675,-1.0900825949290331,止损,6,False
ETH,-1,2020-03-28 00:15:00,2020-03-28 00:45:00,128.904214,0.014742568343927152,-0.014945516857595926,-0.0,-0.015945516857595925,-1.0815969433280124,止损,3,False
ETH,-1,2020-03-28 03:45:00,2020-03-28 04:30:00,125.514892,0.015550083317295103,-0.015753193333958602,-0.0,-0.016753193333958603,-1.0773700045275885,止损,4,False
ETH,-1,2020-03-28 18:00:00,2020-03-28 18:00:00,125.17496,0.010316741469713961,-0.010518804818007892,-0.0,-0.011518804818007891,-1.1165157963706596,止损,1,False
ETH,-1,2020-03-29 19:45:00,2020-03-30 02:00:00,125.154964,0.009439647220448294,-0.009641535149892355,-0.0001,-0.010541535149892357,-1.1167297785299792,止损,26,False
ETH,1,2020-04-02 07:00:00,2020-04-02 13:00:00,137.207436,0.006999612630375854,-0.0071982127078497014,0.0001,-0.008298212707849702,-1.1855245634363223,止损,25,False
ETH,1,2020-04-02 14:45:00,2020-04-02 17:15:00,138.77775,0.008638753770741116,0.05543359796509164,0.0001,0.054333597965091636,6.289518072515959,保本/跟踪,11,False
ETH,1,2020-04-03 11:00:00,2020-04-03 11:00:00,146.189232,0.009909211703723332,-0.010107229861382627,0.0,-0.011107229861382628,-1.1208994411946156,止损,1,False
ETH,1,2020-04-04 10:00:00,2020-04-04 11:30:00,142.97859,0.007427867053124107,-0.007626381479713466,0.0,-0.008626381479713466,-1.161353780031008,止损,7,False
ETH,1,2020-04-04 20:30:00,2020-04-04 20:30:00,144.498894,0.00808079299828814,-0.008279176839688453,0.0,-0.009279176839688454,-1.1483002771700976,止损,1,False
ETH,1,2020-04-06 04:15:00,2020-04-06 05:00:00,145.239042,0.006078138569697953,0.010728479523452654,0.0,0.009728479523452654,1.6005688932386584,保本/跟踪,4,False
ETH,1,2020-04-06 06:45:00,2020-04-06 07:00:00,150.660126,0.010034319760012263,-0.010232312896060119,0.0,-0.01123231289606012,-1.1193895714607358,止损,2,False
ETH,1,2020-04-06 09:15:00,2020-04-06 13:30:00,151.78035,0.011271593662812341,0.026261822537926312,0.0,0.02526182253792631,2.2411935076466647,保本/跟踪,18,False
ETH,1,2020-04-06 15:45:00,2020-04-06 16:15:00,159.271848,0.014805341141386725,0.011938446386976657,5.027e-05,0.010888176386976657,0.7354221887221457,保本/跟踪,3,False
ETH,1,2020-04-06 17:45:00,2020-04-06 20:00:00,165.88316999999998,0.01819975254385537,-0.018396112593346663,0.0,-0.019396112593346664,-1.065734962418223,止损,10,True
ETH,1,2020-04-06 23:30:00,2020-04-07 00:30:00,168.07360799999998,0.014196320018743935,0.02396459878328247,-0.00014221,0.02310680878328247,1.6276618696094256,保本/跟踪,5,False
ETH,1,2020-04-07 10:45:00,2020-04-07 11:15:00,174.66492599999998,0.01205999352984217,-0.01225758153113615,0.0,-0.01325758153113615,-1.0993025409450325,止损,3,False
ETH,1,2020-04-08 04:45:00,2020-04-08 06:15:00,173.28465,0.01517702214995093,-0.015373986745520873,0.0,-0.016373986745520874,-1.078866893896825,止损,7,False
ETH,1,2020-04-09 08:15:00,2020-04-09 09:00:00,172.774548,0.0074884465228854825,-0.007686948833580962,0.0,-0.008686948833580961,-1.160046854448747,止损,4,False
ETH,-1,2020-04-10 07:30:00,2020-04-10 10:45:00,156.80863200000002,0.015255380495815185,-0.01545843157191427,-0.0001,-0.01635843157191427,-1.072305707248775,止损,14,False
ETH,-1,2020-04-10 15:30:00,2020-04-10 16:45:00,154.449104,0.011455779467352753,-0.011658070623246152,-0.0001,-0.012558070623246154,-1.096221401523551,止损,6,False
ETH,-1,2020-04-11 09:30:00,2020-04-11 11:45:00,157.76844000000003,0.0075673388862404585,-0.007768852354017587,-0.0,-0.008768852354017587,-1.158776220523415,止损,10,False
ETH,-1,2020-04-11 17:00:00,2020-04-11 18:45:00,155.69885399999998,0.008124807966495225,-0.008326432928088474,-0.0,-0.009326432928088473,-1.1478957984666793,止损,8,False
ETH,-1,2020-04-13 09:45:00,2020-04-13 10:00:00,150.949804,0.008931810915397303,-0.009133597277580396,-0.0,-0.010133597277580397,-1.134551254338733,止损,2,False
ETH,-1,2020-04-15 23:15:00,2020-04-16 00:30:00,152.57947800000002,0.009126928378888673,0.013277539269905604,-0.0001,0.012377539269905605,1.3561560643486432,保本/跟踪,6,False
ETH,1,2020-04-16 21:45:00,2020-04-16 22:15:00,172.824558,0.009524126229284762,-0.009722221404038988,0.0,-0.010722221404038987,-1.1257958101259016,止损,3,False
ETH,1,2020-04-18 12:00:00,2020-04-18 13:15:00,174.124818,0.006167665084231996,0.028192112559816664,0.0,0.027192112559816663,4.408817954356005,保本/跟踪,6,False
ETH,1,2020-04-18 14:00:00,2020-04-18 23:00:00,183.48668999999998,0.012744472317555157,0.021267563062593114,0.0001,0.020167563062593114,1.5824557157076526,保本/跟踪,37,False
ETH,1,2020-04-20 04:45:00,2020-04-20 04:45:00,186.43728000000002,0.008903525907013503,-0.009101745201832075,0.0,-0.010101745201832074,-1.1345780657385078,止损,1,False
ETH,-1,2020-04-20 19:30:00,2020-04-21 19:30:00,171.475698,0.01906204109682585,-0.004541436536389036,-0.00030000000000000003,-0.005241436536389036,-0.2749672246411127,超时,97,True
ETH,1,2020-04-23 01:45:00,2020-04-23 02:45:00,185.547102,0.007961061330094102,-0.00815946911782804,0.0,-0.009159469117828039,-1.1505336710827438,止损,5,False
ETH,1,2020-04-23 13:45:00,2020-04-23 14:30:00,185.5371,0.011228951051495819,0.01829879846133198,0.0,0.01729879846133198,1.5405533768915656,保本/跟踪,4,False
ETH,1,2020-04-23 22:00:00,2020-04-23 22:15:00,190.38807,0.007815499215282044,-0.008013936115439027,0.0,-0.009013936115439027,-1.153341055656895,止损,2,False
ETH,1,2020-04-25 05:15:00,2020-04-25 06:15:00,189.557904,0.006198679254659498,0.01775889997235364,0.0,0.01675889997235364,2.7036243179958226,保本/跟踪,5,False
ETH,1,2020-04-25 07:00:00,2020-04-25 07:30:00,195.98918999999998,0.009840148762699154,-0.010038180732946593,0.0,-0.011038180732946594,-1.1217493758619579,止损,3,False
ETH,1,2020-04-25 14:00:00,2020-04-25 14:30:00,196.319256,0.00758312531565382,-0.0077816086905906625,0.0,-0.008781608690590663,-1.1580460990751158,止损,3,False
ETH,1,2020-04-26 11:00:00,2020-04-26 14:30:00,196.98939,0.006574483635920684,0.0034783355023447434,0.0,0.0024783355023447434,0.3769627608172881,保本/跟踪,15,False
ETH,1,2020-04-26 21:00:00,2020-04-26 22:00:00,196.779348,0.005426539708564858,-0.0056254544006231685,0.0,-0.0066254544006231686,-1.220935394643115,止损,5,False
ETH,1,2020-04-27 23:00:00,2020-04-28 00:15:00,196.72933799999998,0.006905811114968758,-0.0071044299527457016,0.0001,-0.008204429952745701,-1.1880472570357608,止损,6,False
ETH,1,2020-04-29 06:15:00,2020-04-29 06:45:00,203.970786,0.007278800284630537,0.004256678208809721,0.0,0.003256678208809721,0.44741964080074026,保本/跟踪,3,False
ETH,1,2020-04-29 13:00:00,2020-04-29 13:30:00,210.102012,0.008217898013139133,-0.008416254433536443,0.0,-0.009416254433536442,-1.145822741835117,止损,3,False
ETH,1,2020-04-29 16:15:00,2020-04-29 16:45:00,211.452282,0.008436165858263829,0.014807202797941515,0.0,0.013807202797941516,1.6366680112644267,保本/跟踪,3,False
ETH,1,2020-04-30 01:15:00,2020-04-30 04:00:00,217.233438,0.008776667781519226,0.025323444802193527,0.0,0.024323444802193527,2.7713758122884284,保本/跟踪,12,False
ETH,1,2020-05-03 01:15:00,2020-05-03 01:30:00,218.79375,0.006912286878836588,-0.007110904421460801,0.0,-0.0081109044214608,-1.1734039057745174,止损,2,False
ETH,-1,2020-05-04 01:30:00,2020-05-04 06:00:00,204.47909600000003,0.010889585375424272,0.027497030530571946,-0.0,0.026497030530571945,2.4332451252341265,保本/跟踪,19,False
ETH,1,2020-05-06 12:00:00,2020-05-06 12:15:00,210.432078,0.007950714277622823,-0.008149124134767273,0.0,-0.009149124134767272,-1.1507298357478846,止损,2,False
ETH,-1,2020-05-07 00:00:00,2020-05-07 00:00:00,199.050182,0.010445635373985573,-0.010647724501060381,-0.0,-0.011647724501060382,-1.1150805177508458,止损,1,False
ETH,1,2020-05-08 01:00:00,2020-05-08 01:00:00,216.153222,0.010307862131553658,-0.010505800559127346,0.0,-0.011505800559127345,-1.1162159924419874,止损,1,False
ETH,1,2020-05-09 16:15:00,2020-05-09 17:00:00,213.94278,0.006583643320898185,-0.006782326592233995,0.0,-0.007782326592233995,-1.1820698985212155,止损,4,False
ETH,-1,2020-05-10 15:00:00,2020-05-10 15:15:00,187.322528,0.010421100340014314,-0.010623184560082249,-0.0,-0.01162318456008225,-1.1153509879808223,止损,2,False
ETH,-1,2020-05-10 16:45:00,2020-05-10 19:45:00,183.733246,0.014283915302695504,-0.014486772085755991,-0.0,-0.015486772085755992,-1.0842105793523922,止损,13,False
ETH,-1,2020-05-11 07:45:00,2020-05-11 10:30:00,186.4627,0.008370568935095619,-0.008572243048882686,-0.0001,-0.009472243048882688,-1.1316128117848758,止损,12,False
ETH,1,2020-05-13 12:00:00,2020-05-13 14:30:00,191.028198,0.005303014219833519,0.02504981043322682,0.0,0.02404981043322682,4.535120864522561,保本/跟踪,11,False
ETH,1,2020-05-13 22:00:00,2020-05-13 22:30:00,200.33005799999998,0.008378908275702628,-0.008577232494047553,0.0,-0.009577232494047554,-1.143016748592398,止损,3,False
ETH,1,2020-05-14 10:00:00,2020-05-14 10:00:00,204.630918,0.009499720013517574,-0.009697820069514751,0.0,-0.010697820069514752,-1.1261195123953494,止损,1,False
ETH,1,2020-05-14 19:45:00,2020-05-15 01:30:00,203.77074599999997,0.01003697405673764,-0.010234966661926206,4.486e-05,-0.011279826661926208,-1.123827420312426,止损,24,False
ETH,1,2020-05-17 13:00:00,2020-05-17 15:30:00,206.851362,0.006696131925419427,0.00353509335400194,0.0,0.00253509335400194,0.37859071210625067,保本/跟踪,11,False
ETH,1,2020-05-17 21:30:00,2020-05-17 22:00:00,209.221836,0.00534089623906046,-0.005539828059812612,0.0,-0.006539828059812612,-1.2244813917154587,止损,3,False
ETH,1,2020-05-18 01:15:00,2020-05-18 06:00:00,213.022596,0.008267970797093327,0.008436339656240808,0.0,0.0074363396562408075,0.8994153267758414,保本/跟踪,20,False
ETH,-1,2020-05-21 08:30:00,2020-05-21 08:45:00,207.74844199999998,0.006041461842562202,0.006506925892213541,-0.0,0.005506925892213541,0.9115220845089436,保本/跟踪,2,False
ETH,-1,2020-05-21 14:15:00,2020-05-21 14:45:00,203.399312,0.00785057062809161,0.019055032474346135,-0.0,0.018055032474346134,2.2998369583148532,保本/跟踪,3,False
ETH,-1,2020-05-21 18:15:00,2020-05-21 19:00:00,196.08077600000001,0.011331389572294754,0.006381609660530305,-0.0,0.005381609660530305,0.47492936556416165,保本/跟踪,4,False
ETH,1,2020-05-23 02:15:00,2020-05-23 04:30:00,210.572106,0.007009221239269447,-0.007207819395021621,0.0,-0.008207819395021621,-1.1710030422548199,止损,10,False
ETH,-1,2020-05-24 23:45:00,2020-05-25 00:15:00,201.969598,0.008697957497928002,-0.0011429145885609344,-0.0001,-0.0020429145885609346,-0.2348729099961216,保本/跟踪,3,False
ETH,-1,2020-05-26 12:30:00,2020-05-26 14:30:00,201.079776,0.005822507257479779,-0.006023671758931285,-0.0,-0.007023671758931285,-1.2062967804648852,止损,9,False
ETH,-1,2020-05-26 16:00:00,2020-05-26 16:00:00,197.570478,0.00817726442833376,-0.008378899881219346,-0.0,-0.009378899881219347,-1.1469483423725408,止损,1,False
ETH,1,2020-05-27 12:15:00,2020-05-27 12:45:00,207.231438,0.005735874751010093,-0.005934727576059905,0.0,-0.006934727576059905,-1.2090095891369828,止损,3,False
ETH,1,2020-05-28 01:00:00,2020-05-28 01:30:00,208.601712,0.005496412727228785,-0.005695313444683282,0.0,-0.006695313444683282,-1.2181242160937513,止损,3,False
ETH,1,2020-05-28 12:45:00,2020-05-28 18:30:00,209.67192599999998,0.00508875698332275,0.020122405501254405,0.0001,0.019022405501254405,3.7381241752349417,保本/跟踪,24,False
ETH,1,2020-05-28 22:45:00,2020-05-28 23:45:00,216.803352,0.005457762597143936,0.008586525029371189,0.0,0.007586525029371189,1.3900430614811352,保本/跟踪,5,False
ETH,1,2020-05-29 00:15:00,2020-05-29 05:00:00,221.824356,0.008429568006866277,-0.008627882093264849,0.0,-0.009627882093264848,-1.14215604944672,止损,20,False
ETH,1,2020-05-29 08:15:00,2020-05-29 08:15:00,223.03459800000002,0.006793682231086064,-0.006992323494639854,0.0,-0.007992323494639854,-1.176434696646412,止损,1,False
ETH,1,2020-05-29 17:00:00,2020-05-29 18:00:00,222.0444,0.006796762886499011,-0.006995403533921615,0.0,-0.007995403533921615,-1.1763546363819115,止损,5,False
ETH,1,2020-05-29 23:30:00,2020-05-30 00:00:00,221.264244,0.0048192010818214025,-0.005018237241605048,0.0001,-0.006118237241605048,-1.2695542555142103,止损,3,False
ETH,1,2020-05-30 04:00:00,2020-05-30 09:00:00,222.824556,0.005881578593358653,0.039679830119932806,0.0001,0.0385798301199328,6.559434598646065,保本/跟踪,21,False
ETH,1,2020-05-30 11:00:00,2020-05-30 22:45:00,234.826956,0.008596471136941378,0.03929120405466101,0.0001,0.038191204054661004,4.442660650664317,保本/跟踪,48,False
ETH,1,2020-06-01 04:30:00,2020-06-01 05:00:00,241.288248,0.009610143981901687,-0.00980822195310533,0.0,-0.01080822195310533,-1.1246680563225615,止损,3,False
ETH,1,2020-06-01 23:15:00,2020-06-02 00:00:00,249.759942,0.010990794998571394,-0.011188596839571694,0.00034764,-0.012536236839571693,-1.1406123798325034,止损,4,False
ETH,1,2020-06-02 05:30:00,2020-06-02 11:00:00,248.709732,0.0067974727089433916,0.013589909953393743,0.00018222,0.012407689953393742,1.8253386934630902,保本/跟踪,23,False
ETH,1,2020-06-04 02:15:00,2020-06-04 04:00:00,246.309252,0.006663148904237794,-0.0068618162744569855,0.0,-0.007861816274456986,-1.1798950297293873,止损,8,False
ETH,-1,2020-06-06 00:15:00,2020-06-06 00:30:00,238.542282,0.007061172639376409,-0.007262584873904296,-0.0,-0.008262584873904296,-1.1701434444228498,止损,2,False
ETH,-1,2020-06-07 12:00:00,2020-06-07 14:15:00,238.87221599999998,0.005836455695982537,0.005995945193145033,-0.0,0.004995945193145033,0.8559895685636643,保本/跟踪,10,False
ETH,1,2020-06-08 23:30:00,2020-06-09 00:15:00,244.738938,0.004009102941969884,0.012500172544262467,0.00021431,0.011285862544262467,2.815059305690247,保本/跟踪,4,False
ETH,-1,2020-06-11 16:30:00,2020-06-11 17:00:00,237.70245,0.009312069157134959,0.033256254010514345,-0.0,0.032256254010514344,3.4639190781566978,保本/跟踪,3,False
ETH,-1,2020-06-14 07:00:00,2020-06-14 07:15:00,234.463098,0.004180002396346765,-0.0043808383968260214,-0.0,-0.0053808383968260215,-1.287281175132522,止损,2,False
ETH,-1,2020-06-14 14:45:00,2020-06-14 15:00:00,233.643262,0.004716913355173752,-0.004917856737844702,-0.0,-0.005917856737844702,-1.2546036554505913,止损,2,False
ETH,-1,2020-06-14 21:45:00,2020-06-14 22:30:00,232.50349000000003,0.004245610163766242,-0.0015185664524862354,-0.0,-0.0025185664524862354,-0.5932166061737609,保本/跟踪,4,False
ETH,-1,2020-06-15 01:45:00,2020-06-15 06:45:00,229.774036,0.007760679348589726,0.03443908484560357,-0.0,0.03343908484560357,4.308783206160957,保本/跟踪,21,False
ETH,-1,2020-06-15 13:15:00,2020-06-15 13:30:00,221.525686,0.0074760474382869,-0.007677542647774481,-0.0,-0.00867754264777448,-1.1607126251412465,止损,2,False
ETH,1,2020-06-16 11:00:00,2020-06-16 12:00:00,235.517094,0.005780917521923466,-0.0059797613384190255,0.0,-0.006979761338419026,-1.207379505407071,止损,5,False
ETH,-1,2020-06-18 19:15:00,2020-06-18 19:15:00,230.443902,0.003994985569121295,-0.0041957845662351865,-0.0,-0.0051957845662351865,-1.3005765543673815,止损,1,False
ETH,-1,2020-06-18 20:45:00,2020-06-18 21:45:00,229.264138,0.005684650468290795,-0.005885787398384471,-0.0,-0.006885787398384471,-1.2112947729668984,止损,5,False
ETH,-1,2020-06-19 02:15:00,2020-06-19 06:00:00,227.444502,0.008155525466792332,-0.008357156571885628,-0.0,-0.009357156571885628,-1.1473395074279513,止损,16,False
ETH,1,2020-06-21 15:45:00,2020-06-21 17:00:00,230.5461,0.0030779068144644907,-0.003277291233101634,0.0001,-0.0043772912331016345,-1.4221649637119431,止损,6,False
ETH,1,2020-06-22 04:15:00,2020-06-22 06:15:00,235.257042,0.005069823715315424,-0.005268809750572307,0.0,-0.006268809750572307,-1.2364946204411145,止损,9,False
ETH,1,2020-06-22 12:00:00,2020-06-22 13:30:00,236.577306,0.003922918990867749,0.004656933163097958,0.0,0.003656933163097958,0.9321969613981361,保本/跟踪,7,False
ETH,1,2020-06-22 16:00:00,2020-06-22 19:15:00,241.538298,0.005870089484496604,0.006761921702527474,0.0,0.005761921702527474,0.9815730608102637,保本/跟踪,14,False
ETH,1,2020-06-24 04:45:00,2020-06-24 06:15:00,246.90937200000002,0.004598492069953981,0.002779033248782382,0.0,0.001779033248782382,0.38687317966826146,保本/跟踪,7,False
ETH,-1,2020-06-25 02:30:00,2020-06-25 03:45:00,232.67345600000002,0.0056165110908756016,0.011658604218161865,-0.0,0.010658604218161866,1.8977269065625957,保本/跟踪,6,False
ETH,-1,2020-06-26 07:15:00,2020-06-26 09:30:00,229.894012,0.005009407166278368,-0.0052104090477115925,-0.0001,-0.006110409047711592,-1.2197868619753642,止损,10,False
ETH,-1,2020-06-27 16:45:00,2020-06-27 17:00:00,225.214948,0.006676341907476885,-0.006877677175858299,-0.0,-0.0078776771758583,-1.1799391470703486,止损,2,False
ETH,-1,2020-06-27 19:45:00,2020-06-27 20:00:00,222.325526,0.00730847933207815,0.0206093563903229,-0.0,0.0196093563903229,2.683096646966507,保本/跟踪,2,False
ETH,-1,2020-06-29 08:30:00,2020-06-29 09:15:00,222.075576,0.005480525105453513,-0.005681621210474567,-0.0,-0.006681621210474567,-1.2191571212448016,止损,4,False
ETH,1,2020-07-01 16:00:00,2020-07-01 19:45:00,229.44588,0.0042877387949284045,0.008254215736666218,0.0,0.007254215736666218,1.6918511326404964,保本/跟踪,16,False
ETH,-1,2020-07-05 21:30:00,2020-07-05 21:30:00,224.325126,0.0035612609269600115,-0.0037619731791454594,-0.0,-0.00476197317914546,-1.3371593030703337,止损,1,False
ETH,1,2020-07-06 06:00:00,2020-07-06 06:45:00,229.02579599999999,0.003448303602035776,0.01185635530221079,0.0,0.01085635530221079,3.1483177107147755,保本/跟踪,4,False
ETH,1,2020-07-06 12:00:00,2020-07-06 16:15:00,235.707132,0.005680137383650573,0.010137283722701548,0.0001,0.009037283722701548,1.5910325952175064,保本/跟踪,18,False
ETH,1,2020-07-06 23:15:00,2020-07-07 00:30:00,240.138018,0.005553098268611531,0.006286272058967331,0.0001,0.005186272058967331,0.9339420640694119,保本/跟踪,6,False
ETH,1,2020-07-08 14:00:00,2020-07-09 02:30:00,246.459282,0.00830603458271582,-0.008504373375799318,0.00021645,-0.009720823375799319,-1.1703326393592868,止损,51,False
ETH,1,2020-07-09 06:45:00,2020-07-09 08:15:00,247.49948999999998,0.005414499000531848,-0.005613416100731748,0.00011218,-0.006725596100731748,-1.2421455983408836,止损,7,False
ETH,-1,2020-07-10 04:30:00,2020-07-10 05:15:00,239.332124,0.004650441895966193,0.005952197206923953,-0.0,0.004952197206923953,1.0648874489152318,保本/跟踪,4,False
ETH,-1,2020-07-12 13:45:00,2020-07-12 18:15:00,237.06257800000003,0.006827913618885069,-0.007029279201608854,-0.0001,-0.007929279201608855,-1.16130338551407,止损,19,False
ETH,1,2020-07-13 08:30:00,2020-07-13 15:30:00,243.828756,0.004269930358270636,-0.004469076372198982,0.0,-0.005469076372198982,-1.2808350285164867,止损,29,False
ETH,-1,2020-07-14 04:15:00,2020-07-14 08:15:00,238.05238,0.004078160444183665,-0.004278976076272482,-0.0001,-0.0051789760762724815,-1.2699294564682508,止损,17,False
ETH,-1,2020-07-17 05:00:00,2020-07-17 06:00:00,232.333524,0.0038356097108179416,-0.004036376832760102,-0.0,-0.005036376832760102,-1.3130576915986838,止损,5,False
ETH,1,2020-07-18 19:45:00,2020-07-18 19:45:00,236.617314,0.0029377009921428636,-0.0031371134519444705,0.0,-0.004137113451944471,-1.4082826887452262,止损,1,False
ETH,1,2020-07-19 19:00:00,2020-07-19 19:00:00,235.477086,0.0024663752735367504,-0.0026658819984820654,0.0,-0.0036658819984820654,-1.4863439630682147,止损,1,False
ETH,1,2020-07-19 22:30:00,2020-07-20 01:00:00,237.707532,0.0037987391131446818,0.0032532938458589415,0.0001,0.0021532938458589416,0.5668443611744626,保本/跟踪,11,False
ETH,1,2020-07-20 06:00:00,2020-07-20 06:00:00,239.307852,0.0032257110523122826,-0.003425065910101803,0.0,-0.0044250659101018035,-1.3718110017727065,止损,1,False
ETH,1,2020-07-20 17:15:00,2020-07-20 18:15:00,238.807752,0.0029165391729113524,-0.0031159558650767465,0.0,-0.0041159558650767465,-1.411246556639975,止损,5,False
ETH,1,2020-07-21 07:30:00,2020-07-21 07:45:00,238.61771399999998,0.003298350335645765,0.011199667341308474,0.0,0.010199667341308474,3.0923541477929573,保本/跟踪,2,False
ETH,1,2020-07-21 11:00:00,2020-07-21 19:30:00,243.138618,0.004529336773850513,0.008459642987830019,0.0001,0.007359642987830019,1.6248831463184366,保本/跟踪,35,False
ETH,1,2020-07-22 20:45:00,2020-07-22 22:45:00,246.039198,0.003730872196919428,0.07672683114501136,0.0,0.07572683114501136,20.29735331259506,保本/跟踪,9,False
ETH,1,2020-07-23 09:00:00,2020-07-23 09:30:00,264.972984,0.005320117089871747,-0.00551905306645369,0.0,-0.00651905306645369,-1.2253589453631453,止损,3,False
ETH,1,2020-07-23 16:15:00,2020-07-23 17:30:00,272.524494,0.0112143733543669,0.010006157659484337,0.0,0.009006157659484336,0.8030905851709779,保本/跟踪,6,True
ETH,1,2020-07-24 10:45:00,2020-07-24 12:30:00,275.75514,0.007284713039794273,-0.0074832560971861755,0.0,-0.008483256097186176,-1.1645285203198272,止损,8,False
ETH,1,2020-07-24 18:15:00,2020-07-24 23:30:00,282.386466,0.011517506356214137,-0.011715202854942866,0.0,-0.012715202854942865,-1.1039892196875172,止损,22,True
ETH,1,2020-07-25 17:30:00,2020-07-25 18:15:00,295.60911,0.011709648287024253,-0.011907306357366827,0.0,-0.012907306357366827,-1.1022795938004157,止损,4,True
ETH,1,2020-07-25 20:15:00,2020-07-25 21:00:00,298.80975,0.01163717384224989,0.016016931000699536,0.0,0.015016931000699535,1.2904276591777901,保本/跟踪,4,True
ETH,1,2020-07-26 06:45:00,2020-07-26 09:00:00,305.571102,0.007154967343115043,0.0296036188328794,0.00091914,0.0276844788328794,3.8692669728980853,保本/跟踪,10,False
ETH,1,2020-07-27 01:30:00,2020-07-27 01:45:00,325.275042,0.013941788470421114,-0.014139000112726997,0.0,-0.015139000112726998,-1.0858721709087673,止损,2,True
ETH,1,2020-07-27 03:15:00,2020-07-27 04:15:00,328.455678,0.015095951516317005,-0.015292932326013692,0.0,-0.01629293232601369,-1.0792915112639894,止损,5,True
ETH,1,2020-07-29 08:15:00,2020-07-29 09:15:00,324.924972,0.00940685457783145,-0.009604973206915874,0.0,-0.010604973206915874,-1.1273665516109874,止损,5,True
ETH,1,2020-07-30 17:00:00,2020-07-30 19:15:00,322.724532,0.0065669402903431665,0.0329782531481822,0.0,0.0319782531481822,4.869581834816884,保本/跟踪,10,False
ETH,1,2020-07-30 20:15:00,2020-07-30 21:00:00,339.387864,0.011248994337801538,-0.011446744538933943,0.0,-0.012446744538933942,-1.1064762026866206,止损,4,True
ETH,1,2020-07-31 10:45:00,2020-07-31 15:45:00,341.64831599999997,0.009007013543790054,0.004906368917786744,0.0,0.003906368917786744,0.4337030136343046,保本/跟踪,21,True
ETH,1,2020-08-01 04:45:00,2020-08-01 10:15:00,354.27083999999996,0.008770560894830776,0.008721550698849785,0.00044202,0.007279530698849785,0.8299960271799972,保本/跟踪,23,True
ETH,1,2020-08-01 17:15:00,2020-08-01 18:30:00,366.183222,0.00953722707949096,0.006614808591073583,0.0,0.005614808591073583,0.5887254800871605,保本/跟踪,6,True
ETH,1,2020-08-01 19:15:00,2020-08-01 21:15:00,381.0762,0.01477718586715267,0.012709768549315385,0.0,0.011709768549315384,0.7924220927168774,保本/跟踪,9,True
ETH,1,2020-08-02 01:30:00,2020-08-02 04:15:00,396.109206,0.015595643042593496,0.03205021212361469,0.0,0.03105021212361469,1.990954270934067,保本/跟踪,12,True
ETH,1,2020-08-03 01:15:00,2020-08-03 15:30:00,381.76633799999996,0.017657086200218584,0.02776024289091443,0.00050577,0.02625447289091443,1.4869085755830662,保本/跟踪,58,True
ETH,1,2020-08-04 01:00:00,2020-08-04 02:45:00,400.950174,0.01569602880896288,-0.01589288960320112,0.0,-0.016892889603201122,-1.0762524590649833,止损,8,True
ETH,1,2020-08-05 21:30:00,2020-08-05 22:00:00,406.04119199999997,0.008598049179614325,-0.008796329569778374,0.0,-0.009796329569778373,-1.139366542936871,止损,3,False
ETH,1,2020-08-10 14:30:00,2020-08-10 15:30:00,396.999384,0.007748467264002107,-0.007946917570549215,0.0,-0.008946917570549214,-1.1546693385561397,止损,5,False
ETH,1,2020-08-11 01:30:00,2020-08-11 03:30:00,397.41946799999994,0.006719626768838494,-0.0069182828434847295,0.0,-0.007918282843484729,-1.1783813470421998,止损,9,False
ETH,-1,2020-08-11 13:00:00,2020-08-11 15:15:00,387.382508,0.007234474639444484,0.011195207170946813,-0.0,0.010195207170946814,1.4092532877729014,保本/跟踪,10,False
ETH,-1,2020-08-11 20:30:00,2020-08-11 23:15:00,375.654854,0.011736573883415721,-0.011938921198192438,-0.0,-0.012938921198192437,-1.1024444890578915,止损,12,True
ETH,-1,2020-08-12 05:30:00,2020-08-12 07:15:00,371.965592,0.009725304992944973,-0.00992725005394362,-0.0,-0.01092725005394362,-1.1235894464873413,止损,8,True
ETH,1,2020-08-13 21:15:00,2020-08-13 23:00:00,416.54329199999995,0.014559002167639308,0.015067847401662662,0.0,0.014067847401662663,0.9662645310220265,保本/跟踪,8,True
ETH,1,2020-08-14 08:15:00,2020-08-14 08:30:00,427.275438,0.00963677819673948,-0.009834850841100097,0.0,-0.010834850841100096,-1.1243229448578544,止损,2,True
ETH,1,2020-08-14 12:00:00,2020-08-14 13:00:00,428.945772,0.008883093344718674,-0.009081316726049631,0.0,-0.01008131672604963,-1.1348880772533303,止损,5,True
ETH,1,2020-08-14 16:30:00,2020-08-14 17:00:00,442.23843,0.012209176667278452,-0.012406734831944974,0.0,-0.013406734831944975,-1.0980867258540106,止损,3,True
ETH,-1,2020-08-19 02:45:00,2020-08-19 04:30:00,419.81602,0.007953388375084875,0.01816097812503571,-0.0,0.017160978125035708,2.1576939683713827,保本/跟踪,8,False
ETH,-1,2020-08-19 19:15:00,2020-08-19 19:15:00,396.70064399999995,0.01433211161142508,-0.014534978033747396,-0.0,-0.015534978033747395,-1.0839280669125846,止损,1,True
ETH,-1,2020-08-21 10:00:00,2020-08-21 12:30:00,408.648254,0.006256548579264096,0.009523417593115343,-0.0,0.008523417593115343,1.3623194138321355,保本/跟踪,11,False
ETH,-1,2020-08-21 18:30:00,2020-08-21 22:00:00,397.810422,0.012642782282084437,0.013011492636787456,-0.0,0.012011492636787455,0.9500671900210164,保本/跟踪,15,True
ETH,-1,2020-08-22 00:15:00,2020-08-22 06:15:00,383.553274,0.014859354050221733,-0.0150623259210318,-0.0,-0.0160623259210318,-1.0809572116489221,止损,25,True
ETH,-1,2020-08-23 12:00:00,2020-08-23 12:15:00,384.333118,0.00667721321616252,-0.0068785486588056315,-0.0,-0.00787854865880563,-1.1799156929323777,止损,2,False
ETH,1,2020-08-24 11:15:00,2020-08-24 14:00:00,408.151614,0.00700528286272139,-0.007203881806148737,0.0,-0.008203881806148738,-1.1710992927645636,止损,12,False
ETH,-1,2020-08-25 14:15:00,2020-08-25 14:30:00,382.063572,0.011588779734916479,-0.011791097490863347,-0.0,-0.012791097490863348,-1.1037484345590192,止损,2,True
ETH,-1,2020-08-25 17:00:00,2020-08-25 18:30:00,375.15495400000003,0.015296971969709867,-0.015500031364103814,-0.0,-0.016500031364103815,-1.0786468980119839,止损,7,True
ETH,1,2020-08-28 10:00:00,2020-08-28 17:30:00,392.17842,0.007187623047932699,0.006452853432498031,0.00012226,0.005330593432498031,0.741635085333421,保本/跟踪,31,False
ETH,1,2020-08-29 07:30:00,2020-08-29 10:45:00,401.060196,0.006439409273953502,-0.006638121392098644,0.0001,-0.007738121392098644,-1.2016818721863585,止损,14,False
ETH,1,2020-08-29 17:30:00,2020-08-29 22:45:00,404.11080599999997,0.006675725213234746,-0.0068743900681920486,0.0,-0.007874390068192048,-1.1795557511236272,止损,22,False
ETH,1,2020-08-30 01:45:00,2020-08-30 05:15:00,405.98118,0.0068321757286691044,-0.007030809293523362,0.0,-0.008030809293523362,-1.175439510407287,止损,15,False
ETH,1,2020-08-30 13:15:00,2020-08-30 20:00:00,412.092402,0.007358671111924991,0.02765759446576548,0.0001,0.02655759446576548,3.6090204415751024,保本/跟踪,28,False
ETH,1,2020-08-30 23:30:00,2020-08-31 01:00:00,428.525688,0.00783303830920212,-0.008031471701540234,0.0001,-0.009131471701540234,-1.1657636974419923,止损,7,False
ETH,1,2020-08-31 10:30:00,2020-08-31 13:45:00,426.805344,0.00742287544027647,0.017057640492436348,0.0,0.016057640492436347,2.1632641719013233,保本/跟踪,14,False
ETH,1,2020-09-01 06:00:00,2020-09-01 07:00:00,456.481278,0.010682228642549585,0.006172224701566661,0.0,0.005172224701566661,0.4841896644080985,保本/跟踪,5,True
ETH,1,2020-09-01 09:45:00,2020-09-01 14:00:00,468.163614,0.012497325967322163,-0.012694826502128708,0.0,-0.013694826502128707,-1.0958205409651434,止损,18,True
ETH,1,2020-09-01 15:15:00,2020-09-01 23:45:00,478.11560399999996,0.013138369906103635,-0.013335742232122371,0.00055077,-0.014886512232122373,-1.133056257245932,止损,35,True
ETH,1,2020-09-02 05:15:00,2020-09-02 06:00:00,481.876356,0.012478615339128737,-0.012676119616060931,0.0,-0.013676119616060932,-1.095964515644394,止损,4,True
ETH,-1,2020-09-03 05:45:00,2020-09-03 07:45:00,430.90380200000004,0.013639670709472066,-0.013842398643613913,-0.0,-0.014842398643613912,-1.088178663529363,止损,9,True
ETH,-1,2020-09-03 12:15:00,2020-09-03 15:45:00,414.557072,0.02002964491260116,0.02261305934978628,-0.0,0.02161305934978628,1.0790535450875094,保本/跟踪,15,True
ETH,-1,2020-09-03 23:15:00,2020-09-03 23:45:00,393.64125600000006,0.01797492634289449,0.02680373754015417,-0.0,0.025803737540154168,1.4355406552391474,保本/跟踪,3,True
ETH,-1,2020-09-04 07:45:00,2020-09-04 07:45:00,376.40470400000004,0.015594086521097237,-0.015797205338401395,-0.0,-0.016797205338401396,-1.0771522471467925,止损,1,True
ETH,-1,2020-09-05 09:00:00,2020-09-05 12:00:00,372.965392,0.014778795360377172,0.036373046125606,-0.0,0.035373046125605996,2.393499961467985,保本/跟踪,13,True
ETH,-1,2020-09-05 12:45:00,2020-09-05 13:00:00,335.452896,0.030998446060161926,-0.03120464574937386,-0.0,-0.03220464574937386,-1.0389116179201672,止损,2,True
ETH,-1,2020-09-05 18:30:00,2020-09-05 19:00:00,334.693048,0.03427380105330937,0.027332363354018563,-0.0,0.026332363354018562,0.7682942231315774,保本/跟踪,3,True
ETH,-1,2020-09-06 05:00:00,2020-09-06 06:45:00,321.05577600000004,0.027231543344603343,-0.027436989653272265,-0.0,-0.028436989653272265,-1.0442665438904628,止损,8,True
ETH,-1,2020-09-07 06:00:00,2020-09-07 07:15:00,341.611664,0.015242707621871228,-0.015445756163395585,-0.0,-0.016445756163395584,-1.0789261705576603,止损,6,True
ETH,-1,2020-09-07 11:45:00,2020-09-07 13:45:00,333.143358,0.020231581035991233,-0.0204356273521984,-0.0,-0.0214356273521984,-1.0595132092773776,止损,9,True
ETH,-1,2020-09-08 11:45:00,2020-09-08 12:30:00,332.793428,0.015081770765451264,-0.015284787119604256,-0.0,-0.016284787119604256,-1.079766253768345,止损,4,True
ETH,1,2020-09-09 18:45:00,2020-09-09 20:15:00,357.981582,0.010725740476755797,-0.010923595328660433,0.0,-0.011923595328660434,-1.1116803874287802,止损,7,False
ETH,1,2020-09-10 02:30:00,2020-09-10 07:30:00,369.42387,0.01323038908717641,-0.013427743009359084,0.0,-0.014427743009359083,-1.0905002803994035,止损,21,True
ETH,1,2020-09-10 13:45:00,2020-09-10 14:45:00,374.52488999999997,0.013275580325164339,-0.013472925209099264,0.0,-0.014472925209099263,-1.0901915287021626,止损,5,True
ETH,1,2020-09-11 22:15:00,2020-09-12 00:15:00,373.0746,0.008614799329481301,-0.008813076369615471,0.0001,-0.00991307636961547,-1.1507031087411688,止损,9,False
ETH,1,2020-09-12 18:45:00,2020-09-13 00:30:00,381.76633799999996,0.008624804983048087,0.005986411281781287,0.0001,0.004886411281781287,0.5665532486108901,保本/跟踪,24,False
ETH,1,2020-09-13 03:45:00,2020-09-13 04:00:00,388.897764,0.007403981536121151,-0.007602500739813924,0.0,-0.008602500739813924,-1.1618749584727708,止损,2,False
ETH,-1,2020-09-14 00:45:00,2020-09-14 01:45:00,358.198346,0.010951255100328197,-0.011153445351348228,-0.0,-0.012153445351348227,-1.1097764813262365,止损,5,False
ETH,-1,2020-09-16 00:15:00,2020-09-16 06:45:00,361.297726,0.009173679833296023,-0.009375514569262642,-0.0,-0.010375514569262643,-1.1310090125016725,止损,27,False
ETH,1,2020-09-17 20:00:00,2020-09-18 01:15:00,389.19782399999997,0.00921887235474712,-0.009417028580276153,0.0001,-0.010517028580276151,-1.1408150775469372,止损,22,False
ETH,1,2020-09-19 12:00:00,2020-09-19 12:15:00,386.747334,0.006843681908588117,-0.007042313172206436,0.0,-0.008042313172206435,-1.1751442103283847,止损,2,False
ETH,-1,2020-09-20 09:00:00,2020-09-20 12:30:00,379.484088,0.004391723552281613,0.015361308113662028,-0.0,0.014361308113662027,3.2700847270318185,保本/跟踪,15,False
ETH,-1,2020-09-20 16:15:00,2020-09-20 16:45:00,367.22654,0.00697099236555561,-0.007172386564028713,-0.0,-0.008172386564028713,-1.1723419185494042,止损,3,False
ETH,-1,2020-09-21 08:15:00,2020-09-21 10:30:00,367.37651,0.006682712548094144,0.023051572941723837,-0.0,0.022051572941723836,3.2997937264281654,保本/跟踪,10,False
ETH,-1,2020-09-21 11:30:00,2020-09-21 13:00:00,351.66965200000004,0.014127298804079097,0.012437013045583053,-0.0,0.011437013045583054,0.8095682836609038,保本/跟踪,7,True
ETH,-1,2020-09-21 14:30:00,2020-09-21 16:30:00,336.552676,0.01851980207042644,-0.018723506030840453,-5.075e-05,-0.019672756030840455,-1.062255198842277,止损,9,True
ETH,-1,2020-09-23 04:30:00,2020-09-23 05:15:00,339.05217600000003,0.005811011880820138,-0.006012174083196269,-0.0,-0.007012174083196269,-1.2067044822848658,止损,4,False
ETH,-1,2020-09-23 06:30:00,2020-09-23 08:15:00,338.022382,0.006354540610086795,0.005213915857494768,-1.632e-05,0.0042302358574947685,0.6657028599014633,保本/跟踪,8,False
ETH,-1,2020-09-23 20:30:00,2020-09-23 21:00:00,324.915004,0.012166103646361077,0.005879740782915638,-0.0,0.004879740782915638,0.4010931457398183,保本/跟踪,3,True
ETH,1,2020-09-24 22:30:00,2020-09-25 00:45:00,350.430072,0.010075749657595301,-0.010273734507663723,5.361e-05,-0.011327344507663725,-1.1242185338661075,止损,10,False
ETH,1,2020-09-25 18:15:00,2020-09-25 23:30:00,353.610708,0.010064669452570051,-0.010262656518679528,0.0,-0.01126265651867953,-1.1190289528886186,止损,22,False
ETH,1,2020-09-27 01:00:00,2020-09-27 06:30:00,359.861958,0.007370446678456525,-0.007568972589120746,0.0,-0.008568972589120746,-1.1626123846967726,止损,23,False
ETH,1,2020-09-29 23:15:00,2020-09-30 01:45:00,359.01178799999997,0.005681579860535397,-0.005880443544563242,0.0001,-0.006980443544563242,-1.2286095973146187,止损,11,False
ETH,-1,2020-09-30 11:45:00,2020-09-30 12:00:00,352.419502,0.005133454893590694,-0.005334481584569325,-0.0,-0.006334481584569325,-1.2339606981797302,止损,2,False
ETH,1,2020-10-01 02:15:00,2020-10-01 05:30:00,363.142614,0.0054487731520902515,-0.005647683397459857,0.0,-0.006647683397459857,-1.2200330628390506,止损,14,False
ETH,1,2020-10-01 08:15:00,2020-10-01 08:30:00,364.952976,0.0055828439547849626,0.005741278407850556,0.0,0.004741278407850556,0.849258629875708,保本/跟踪,2,False
ETH,-1,2020-10-02 05:30:00,2020-10-02 09:00:00,343.34131800000006,0.008797297409335107,0.009062691848433457,-0.0001,0.008162691848433455,0.9278635777132815,保本/跟踪,15,False
ETH,1,2020-10-04 20:00:00,2020-10-05 04:00:00,352.77054,0.005482072318294936,-0.005680975903831234,0.0001,-0.0067809759038312345,-1.2369366017302543,止损,33,False
ETH,1,2020-10-06 00:15:00,2020-10-06 00:30:00,354.12081,0.00415973114059715,-0.004358899194368984,0.0,-0.005358899194368984,-1.288280182838857,止损,2,False
ETH,-1,2020-10-06 20:45:00,2020-10-07 01:45:00,338.47229200000004,0.009221269493871646,0.006896404217585073,7.208e-05,0.005824324217585073,0.6316184795874207,保本/跟踪,21,False
ETH,1,2020-10-09 10:45:00,2020-10-09 11:45:00,356.311248,0.006106790858582386,0.005812446427467702,0.0,0.004812446427467702,0.7880483446889894,保本/跟踪,5,False
ETH,1,2020-10-09 15:45:00,2020-10-09 23:30:00,363.07259999999997,0.006392356392843641,0.007426679814387992,0.0001,0.006326679814387992,0.9897257639562813,保本/跟踪,32,False
ETH,1,2020-10-10 02:15:00,2020-10-10 09:15:00,374.68492200000003,0.006966654050406479,-0.007165260719596377,0.0001733,-0.008338560719596376,-1.1969247588962524,止损,29,False
ETH,1,2020-10-12 15:30:00,2020-10-12 22:45:00,386.29724400000003,0.009252025157868519,0.014227666510937697,0.0001,0.013127666510937698,1.4188965428583042,保本/跟踪,30,False
ETH,1,2020-10-14 00:45:00,2020-10-14 02:00:00,384.506886,0.005786425381425553,-0.005985268096349295,0.0,-0.006985268096349295,-1.2071819190431508,止损,6,False
ETH,1,2020-10-14 14:00:00,2020-10-14 14:15:00,386.767338,0.006417821745351864,-0.006616538181002706,0.0,-0.007616538181002706,-1.186779328440996,止损,2,False
ETH,-1,2020-10-15 09:30:00,2020-10-15 12:15:00,372.885408,0.006159018879344417,-0.006360250683120343,-0.0,-0.007360250683120343,-1.1950362269231731,止损,12,False
ETH,-1,2020-10-16 04:30:00,2020-10-16 05:00:00,367.166552,0.008793649418335506,-0.008995408148219173,-0.0,-0.009995408148219174,-1.1366621152053094,止损,3,False
ETH,-1,2020-10-16 09:30:00,2020-10-16 10:30:00,363.37731,0.009230500033202757,-0.009432346133209443,-0.0,-0.010432346133209442,-1.130203791309632,止损,5,False
ETH,1,2020-10-18 14:15:00,2020-10-18 14:15:00,375.85515599999997,0.003582263101886589,-0.0037815466492661614,0.0,-0.004781546649266161,-1.3347837702786187,止损,1,False
ETH,1,2020-10-18 23:15:00,2020-10-18 23:30:00,378.34565399999997,0.003418096368745627,-0.0036174127494718335,0.0,-0.004617412749471833,-1.3508726060776135,止损,2,False
ETH,1,2020-10-19 11:45:00,2020-10-19 13:30:00,376.955376,0.0035102281970638065,0.0073897385869197895,0.0,0.0063897385869197895,1.820319998644134,保本/跟踪,8,False
ETH,1,2020-10-19 16:00:00,2020-10-19 17:30:00,383.836752,0.005945857257338657,-0.006144668085887264,0.0,-0.007144668085887264,-1.2016211921449977,止损,7,False
ETH,-1,2020-10-20 20:15:00,2020-10-20 21:15:00,366.786628,0.0066370797324238045,-0.006838407148370296,-0.0,-0.007838407148370297,-1.1810024083449995,止损,5,False
ETH,1,2020-10-21 14:30:00,2020-10-21 16:45:00,386.687322,0.008975968856105807,0.020177641400081884,0.00050823,0.018669411400081885,2.0799327291986107,保本/跟踪,10,False
ETH,1,2020-10-21 23:00:00,2020-10-21 23:00:00,400.760136,0.009534922853627456,-0.009733015869056741,0.0,-0.010733015869056742,-1.1256531420150384,止损,1,False
ETH,1,2020-10-22 11:15:00,2020-10-22 12:30:00,412.852554,0.011018260048062636,-0.01121605639605291,0.0,-0.012216056396052909,-1.108710117819454,止损,6,False
ETH,1,2020-10-22 15:15:00,2020-10-22 15:30:00,417.43347,0.010870983798133487,-0.011068809601373953,0.0,-0.012068809601373954,-1.1101855936392924,止损,2,False
ETH,1,2020-10-22 20:30:00,2020-10-22 21:45:00,419.953974,0.009172194470705693,-0.009370360031811555,0.0,-0.010370360031811555,-1.1306301959615643,止损,6,False
ETH,1,2020-10-23 05:45:00,2020-10-23 06:15:00,416.323248,0.006608107545233311,-0.006806785923724249,0.0,-0.007806785923724249,-1.181395107492703,止损,3,False
ETH,-1,2020-10-25 22:45:00,2020-10-25 23:15:00,404.88900600000005,0.004475252375538881,-0.004676147426013931,-0.0,-0.005676147426013931,-1.268341302278052,止损,3,False
ETH,-1,2020-10-26 08:30:00,2020-10-26 08:30:00,403.289326,0.0062439699381182,-0.006445218732105709,-0.0,-0.007445218732105709,-1.1923854223983565,止损,1,False
ETH,-1,2020-10-26 15:15:00,2020-10-26 17:00:00,402.459492,0.006277339981882292,0.03103466539786174,-0.0002133,0.03024796539786174,4.818596011234639,保本/跟踪,8,False
ETH,-1,2020-10-28 11:30:00,2020-10-28 14:30:00,390.551874,0.010915772087796509,0.010999023538641853,-0.0,0.009999023538641853,0.9160161515116688,保本/跟踪,13,False
ETH,-1,2020-10-29 12:00:00,2020-10-29 13:00:00,382.87341,0.007006369161239317,-0.007207770435071447,-0.0,-0.008207770435071447,-1.1714727337632351,止损,5,False
ETH,-1,2020-10-29 22:15:00,2020-10-30 00:45:00,386.77263000000005,0.006586826207552103,-0.006788143572793547,-0.0001,-0.007688143572793547,-1.167200003543244,止损,11,False
ETH,-1,2020-10-30 05:30:00,2020-10-30 07:45:00,383.063372,0.007722199746543438,0.009436122631183565,-0.0,0.008436122631183565,1.0924507145725786,保本/跟踪,10,False
ETH,-1,2020-10-30 09:15:00,2020-10-30 10:00:00,374.455094,0.010906198901292803,-0.011108380141073104,-0.0,-0.012108380141073103,-1.1102291688113075,止损,4,False
ETH,1,2020-11-01 20:45:00,2020-11-01 22:45:00,393.97878,0.004747816049277648,0.0013908620742239452,0.0,0.0003908620742239452,0.0823246036003043,保本/跟踪,9,False
ETH,1,2020-11-02 00:15:00,2020-11-02 01:00:00,399.249834,0.0070820318401766695,0.0037519992003381074,0.0,0.0027519992003381074,0.38858893357777613,保本/跟踪,4,False
ETH,-1,2020-11-03 03:00:00,2020-11-03 05:00:00,378.834218,0.007003760196113622,0.010647558545738638,-0.0,0.009647558545738639,1.3774827058030994,保本/跟踪,9,False
ETH,-1,2020-11-04 08:00:00,2020-11-04 08:30:00,378.01438199999996,0.007828374584898991,-0.008029940259816024,-0.0,-0.009029940259816023,-1.1534885258601273,止损,3,False
ETH,1,2020-11-04 17:00:00,2020-11-05 08:30:00,401.560296,0.011434220312288254,-0.011631933468225747,0.00149904,-0.014130973468225748,-1.2358493261704357,止损,63,True
ETH,1,2020-11-05 11:00:00,2020-11-05 11:15:00,407.17141799999996,0.010927678976290304,-0.011125493440494988,0.0,-0.012125493440494989,-1.109612889141745,止损,2,True
ETH,1,2020-11-05 15:00:00,2020-11-05 17:15:00,415.63311,0.01540068484556229,-0.01559760470859316,0.00069168,-0.017289284708593162,-1.1226309012858653,止损,10,True
ETH,1,2020-11-05 23:15:00,2020-11-05 23:15:00,420.61410599999994,0.009442366381395995,-0.009640477908119758,0.0,-0.010640477908119759,-1.1268867864611107,止损,1,False
ETH,1,2020-11-06 00:45:00,2020-11-06 02:30:00,425.004984,0.012202086985656276,0.021573542565803953,0.0,0.020573542565803953,1.6860675218910044,保本/跟踪,8,True
ETH,1,2020-11-06 10:15:00,2020-11-06 15:45:00,439.52788799999996,0.011974142443643499,-0.01217174761515471,0.0,-0.01317174761515471,-1.1000159449537,止损,23,True
ETH,1,2020-11-07 00:15:00,2020-11-07 03:30:00,461.04219,0.012273967364250155,-0.012471512570777242,0.0,-0.013471512570777243,-1.0975678988698574,止损,14,True
ETH,1,2020-11-08 14:45:00,2020-11-08 16:15:00,449.329848,0.008420014658692182,0.005138524533264633,0.00058594,0.003552584533264633,0.4219214190556325,保本/跟踪,7,False
ETH,1,2020-11-08 17:30:00,2020-11-08 18:00:00,460.262034,0.010033758473777894,-0.010231751722083047,0.0,-0.011231751722083048,-1.1193962612749724,止损,3,False
ETH,1,2020-11-09 12:00:00,2020-11-09 12:00:00,458.931768,0.009260215156599874,-0.009458363113568524,0.0,-0.010458363113568524,-1.1293866218772157,止损,1,False
ETH,1,2020-11-10 23:00:00,2020-11-10 23:00:00,454.380858,0.006949026691847115,-0.007147636886508725,0.0,-0.008147636886508724,-1.1724860542078315,止损,1,False
ETH,1,2020-11-11 00:30:00,2020-11-11 02:30:00,459.361854,0.008650718365558798,0.0054680318699703735,0.0,0.004468031869970373,0.5164925825997293,保本/跟踪,9,False
ETH,1,2020-11-11 18:45:00,2020-11-11 18:45:00,475.24503,0.00874039545264033,-0.008938647373549794,0.0,-0.009938647373549794,-1.1370935591418225,止损,1,False
ETH,1,2020-11-13 01:15:00,2020-11-13 02:00:00,466.853352,0.00803440765650905,-0.008232800774977707,0.0,-0.009232800774977706,-1.1491576192922923,止损,4,False
ETH,1,2020-11-13 09:15:00,2020-11-13 10:30:00,467.163414,0.007200788853527574,-0.007399348695756924,0.0,-0.008399348695756925,-1.1664484081688067,止损,6,False
ETH,1,2020-11-13 14:00:00,2020-11-13 14:30:00,472.214424,0.008591776295373372,-0.008790057940114235,0.0,-0.009790057940114234,-1.139468440930676,止损,3,False
ETH,-1,2020-11-14 17:00:00,2020-11-14 17:45:00,456.498682,0.006939664914141401,-0.007141052847124323,-0.0,-0.008141052847124323,-1.1731190119186845,止损,4,False
ETH,-1,2020-11-15 03:15:00,2020-11-15 05:15:00,457.32851600000004,0.005586822196189331,-0.005787939560628458,-0.0,-0.006787939560628458,-1.2149911563783768,止损,9,False
ETH,-1,2020-11-15 12:00:00,2020-11-15 12:15:00,455.15895,0.005693346604002891,-0.005894485273323583,-0.0,-0.006894485273323583,-1.2109723424314607,止损,2,False
ETH,-1,2020-11-15 16:15:00,2020-11-15 19:15:00,453.65925,0.005874312549332425,0.013413000101350749,-0.0,0.012413000101350748,2.113098340802687,保本/跟踪,13,False
ETH,-1,2020-11-15 22:15:00,2020-11-15 22:30:00,440.631856,0.008124296923015261,-0.008325921782399841,-0.0,-0.00932592178239984,-1.1479050889905937,止损,2,False
ETH,1,2020-11-17 00:45:00,2020-11-17 03:15:00,466.98337799999996,0.007150612938022137,-0.007349182815434574,0.0,-0.008349182815434574,-1.1676177815525786,止损,11,False
ETH,1,2020-11-17 12:45:00,2020-11-17 13:00:00,472.774536,0.006537869419274621,-0.0067365618453907586,0.0,-0.007736561845390759,-1.183346033584307,止损,2,False
ETH,1,2020-11-17 16:00:00,2020-11-17 17:00:00,474.204822,0.007972278362219292,0.008866318032490888,0.0,0.007866318032490889,0.9867089024098117,保本/跟踪,5,False
ETH,1,2020-11-18 04:15:00,2020-11-18 05:30:00,493.29864,0.008910108811961203,-0.009108326790198783,0.0,-0.010108326790198782,-1.1344784899404432,止损,6,False
ETH,1,2020-11-19 15:00:00,2020-11-19 16:00:00,478.465674,0.007357427717636888,-0.007555956232093304,0.00038994,-0.008945896232093303,-1.2158999823604941,止损,5,False
ETH,1,2020-11-20 02:30:00,2020-11-20 07:15:00,483.73672799999997,0.006985976013841831,0.006838841112987363,0.0,0.005838841112987363,0.8357946121513208,保本/跟踪,20,False
ETH,1,2020-11-20 08:30:00,2020-11-20 15:00:00,498.089598,0.0112548136614406,0.010776540004933492,0.0,0.009776540004933491,0.8686540976176508,保本/跟踪,27,True
ETH,1,2020-11-20 17:45:00,2020-11-20 18:15:00,512.6325059999999,0.010833983915235011,-0.011031817118451949,0.0,-0.01203181711845195,-1.1105625790649842,止损,3,True
ETH,1,2020-11-21 14:45:00,2020-11-21 16:30:00,529.195818,0.011408058351549745,0.014426249678711872,0.00075533,0.012670919678711872,1.1106990592304056,保本/跟踪,8,True
ETH,1,2020-11-22 00:15:00,2020-11-22 00:45:00,557.9415660000001,0.013103629059411028,-0.013301008333599288,0.0,-0.014301008333599288,-1.0913776839041625,止损,3,True
ETH,1,2020-11-22 17:00:00,2020-11-22 20:45:00,554.3308440000001,0.014160730245551194,0.02046212418598103,0.0,0.01946212418598103,1.3743729206405404,保本/跟踪,16,True
ETH,1,2020-11-22 22:30:00,2020-11-22 23:00:00,579.5158799999999,0.015809960855685465,-0.01600679886351427,0.0,-0.01700679886351427,-1.075701516199416,止损,3,True
ETH,1,2020-11-23 04:15:00,2020-11-23 12:00:00,579.21582,0.01655748958845163,0.015941362166778793,0.00114125,0.013800112166778792,0.8334664559538042,保本/跟踪,32,True
ETH,1,2020-11-23 14:00:00,2020-11-23 15:15:00,601.580292,0.01674887837724605,-0.016945528601570604,0.0,-0.017945528601570605,-1.0714465886832307,止损,6,True
ETH,1,2020-11-24 09:00:00,2020-11-24 09:15:00,622.6245,0.015015605432570104,-0.01521260231148362,0.0,-0.01621260231148362,-1.079716857524581,止损,2,True
ETH,-1,2020-11-25 23:15:00,2020-11-25 23:30:00,561.18774,0.016888311127219228,-0.017091688789444687,-0.0,-0.01809168878944469,-1.0712550623422583,止损,2,True
ETH,-1,2020-11-26 03:15:00,2020-11-26 03:45:00,547.760426,0.020682766987481414,0.04400777211313207,-0.0,0.043007772113132066,2.079401278328148,保本/跟踪,3,True
ETH,-1,2020-11-26 08:45:00,2020-11-26 10:15:00,494.94099200000005,0.03290000775294199,-0.03310658775449251,-0.0,-0.03410658775449251,-1.0366741555385386,止损,7,True
ETH,-1,2020-11-26 17:00:00,2020-11-26 20:15:00,498.120356,0.025861396171031444,-0.026066568450265667,-0.0,-0.027066568450265668,-1.0466012071144168,止损,14,True
ETH,1,2020-11-28 20:00:00,2020-11-28 23:45:00,546.0491880000001,0.010270610670615424,-0.010468556548481178,0.0,-0.011468556548481178,-1.1166382327482356,止损,16,False
ETH,1,2020-11-29 09:30:00,2020-11-29 12:15:00,552.2504279999999,0.00891318873172592,-0.009111406093979504,0.0,-0.010111406093979505,-1.1344319522808495,止损,12,False
ETH,1,2020-11-29 21:15:00,2020-11-30 01:15:00,564.542886,0.00809919202709334,0.03412937335880374,0.0001,0.03302937335880374,4.078107204806874,保本/跟踪,17,False
ETH,1,2020-11-30 11:30:00,2020-11-30 15:30:00,589.097796,0.010806860132713432,0.024083931904573544,0.0,0.023083931904573543,2.136044292337624,保本/跟踪,17,False
ETH,1,2020-11-30 16:30:00,2020-11-30 16:45:00,616.043184,0.016425899159107672,-0.016622613979275773,0.0,-0.017622613979275774,-1.072855361437219,止损,2,True
ETH,1,2020-12-01 10:30:00,2020-12-01 11:15:00,627.245424,0.010469036692924726,-0.010666942885586124,0.0,-0.011666942885586125,-1.1144237266329364,止损,4,False
ETH,1,2020-12-02 09:30:00,2020-12-02 09:45:00,603.280632,0.012759711834520326,-0.01295715989215339,0.0,-0.01395715989215339,-1.093846011035568,止损,2,True
ETH,1,2020-12-02 22:15:00,2020-12-03 00:30:00,601.1602079999999,0.008607531872787013,-0.008805810366412337,0.0001,-0.009905810366412336,-1.1508305182964087,止损,10,False
ETH,1,2020-12-03 08:30:00,2020-12-03 09:00:00,607.251426,0.010370025237943033,-0.010567951232895459,0.0,-0.01156795123289546,-1.115518136886429,止损,3,False
ETH,1,2020-12-03 10:30:00,2020-12-03 16:15:00,611.9223599999999,0.010091420641486866,-0.005628295720391509,0.00077331,-0.007401605720391509,-0.7334552768480137,保本/跟踪,24,False
ETH,-1,2020-12-04 22:00:00,2020-12-04 23:00:00,581.493678,0.008807922504981738,0.012784213063645525,-0.0,0.011784213063645525,1.3379106204647468,保本/跟踪,5,False
ETH,-1,2020-12-08 03:30:00,2020-12-08 04:00:00,587.292518,0.004551121883344569,-0.004752032107721226,-0.0,-0.005752032107721226,-1.2638712509044299,止损,3,False
ETH,-1,2020-12-08 08:45:00,2020-12-08 10:15:00,582.953386,0.006536188484832643,0.008265690767252438,-0.0,0.007265690767252438,1.1116097377106886,保本/跟踪,7,False
ETH,-1,2020-12-08 20:30:00,2020-12-08 22:00:00,569.056166,0.0075839577890099924,0.0033376938162047107,-0.0,0.0023376938162047107,0.3082419339928674,保本/跟踪,7,False
ETH,-1,2020-12-08 23:00:00,2020-12-09 02:45:00,554.609056,0.011355302194347093,0.006336611636382454,-0.00013842,0.0054750316363824545,0.48215640083167843,保本/跟踪,16,True
ETH,-1,2020-12-09 08:00:00,2020-12-09 09:00:00,538.54227,0.010497275534409722,-0.010699374989516565,-0.0,-0.011699374989516564,-1.1145153760293707,止损,5,False
ETH,-1,2020-12-10 06:30:00,2020-12-10 08:00:00,561.357706,0.008176705651990806,-0.00837834099312111,-0.0001,-0.00927834099312111,-1.1347285065669552,止损,7,False
ETH,-1,2020-12-10 10:00:00,2020-12-10 14:00:00,558.058366,0.008882631690863847,-0.009084408217201889,-0.0,-0.010084408217201888,-1.135295098137877,止损,17,False
ETH,-1,2020-12-10 15:15:00,2020-12-10 15:45:00,549.1801419999999,0.01206163241600451,-0.012264044742487613,-0.0,-0.013264044742487612,-1.0996890209394568,止损,3,True
ETH,-1,2020-12-11 01:00:00,2020-12-11 07:45:00,548.820214,0.009928308237335199,0.014366404249864195,-0.0,0.013366404249864194,1.3462922312987933,保本/跟踪,28,False
ETH,1,2020-12-12 19:15:00,2020-12-12 23:00:00,565.96317,0.006924335625213087,0.004273968374521901,0.0,0.003273968374521901,0.47282057828055507,保本/跟踪,16,False
ETH,1,2020-12-13 07:15:00,2020-12-13 08:15:00,575.2650299999999,0.006223692239796229,0.0065545608612870045,0.0001,0.005454560861287004,0.8764187962908643,保本/跟踪,5,False
ETH,1,2020-12-13 16:15:00,2020-12-13 20:00:00,593.298636,0.00825063010547474,-0.008448979979453496,0.0,-0.009448979979453497,-1.1452434370053248,止损,16,False
ETH,1,2020-12-16 10:15:00,2020-12-16 11:15:00,590.498076,0.004933390550452034,0.003508931668451724,0.0,0.002508931668451724,0.508561331764386,保本/跟踪,5,False
ETH,1,2020-12-16 12:30:00,2020-12-16 12:45:00,598.029582,0.006470090071608735,-0.0066687960535943246,0.0,-0.007668796053594325,-1.185268824501471,止损,2,False
ETH,1,2020-12-16 14:00:00,2020-12-16 14:15:00,610.8521460000001,0.009751073311337111,0.011615387352142419,0.0,0.01061538735214242,1.0886378363908322,保本/跟踪,2,False
ETH,1,2020-12-16 22:00:00,2020-12-17 01:30:00,629.995974,0.009073854891794155,0.019346139810636695,0.00050069,0.017845449810636693,1.9666889126445075,保本/跟踪,15,False
ETH,1,2020-12-17 03:15:00,2020-12-17 03:15:00,652.790532,0.011112018840654663,-0.011309796436886508,0.0,-0.012309796436886507,-1.107791177589587,止损,1,True
ETH,1,2020-12-17 10:15:00,2020-12-17 17:45:00,658.861746,0.015612998982325403,-0.015809876382528936,0.00133961,-0.01814948638252894,-1.1624599734538477,止损,31,True
ETH,1,2020-12-20 09:45:00,2020-12-20 10:15:00,660.342042,0.008203127208022968,-0.008401486582581446,0.0,-0.009401486582581445,-1.1460856749102266,止损,3,False
ETH,-1,2020-12-21 09:00:00,2020-12-21 10:30:00,635.912792,0.008558504109826127,0.03296945869418575,-0.0,0.03196945869418575,3.7354026222270793,保本/跟踪,7,False
ETH,-1,2020-12-21 12:15:00,2020-12-21 13:15:00,601.259724,0.017963627983769,-0.018167220709365803,-0.0,-0.019167220709365804,-1.0670016505955429,止损,5,True
ETH,-1,2020-12-22 01:00:00,2020-12-22 02:30:00,605.348906,0.010718112719403991,-0.01092025634194782,-0.0,-0.011920256341947821,-1.112160009323981,止损,7,True
ETH,-1,2020-12-22 07:00:00,2020-12-22 08:45:00,603.1793399999999,0.009477228439825005,0.008002057842222542,-0.00012634,0.007128397842222542,0.7521606013280995,保本/跟踪,8,False
ETH,-1,2020-12-23 05:15:00,2020-12-23 11:15:00,616.286718,0.010714271813740761,0.020991592125613055,-0.00019732,0.020188912125613055,1.8843009097194385,保本/跟踪,25,True
ETH,-1,2020-12-23 17:00:00,2020-12-23 17:30:00,596.8606040000001,0.015751538122029684,-0.015954688429654,-0.0,-0.016954688429654002,-1.0763830362662568,止损,3,True
ETH,-1,2020-12-23 22:15:00,2020-12-23 22:30:00,584.8230120000001,0.013831909028743393,0.005756859649702087,-0.0,0.004756859649702087,0.3439047813152253,保本/跟踪,2,True
ETH,1,2020-12-25 06:45:00,2020-12-25 07:15:00,615.5930940000001,0.008618869976521882,-0.008817146202526552,0.0,-0.009817146202526553,-1.139029388918596,止损,3,False
ETH,1,2020-12-25 09:45:00,2020-12-25 14:30:00,624.864948,0.00949074776375573,-0.009688849614202919,0.0,-0.010688849614202918,-1.1262389308272027,止损,20,False
ETH,1,2020-12-26 03:15:00,2020-12-26 07:45:00,630.2260200000001,0.008069791033898994,-0.00826817707569215,0.0,-0.00926817707569215,-1.148502735295011,止损,19,False
ETH,1,2020-12-26 16:30:00,2020-12-26 22:00:00,644.5588859999999,0.012206577914555265,-0.012404136598972408,0.0,-0.013404136598972407,-1.0981076508747927,止损,23,True
ETH,1,2020-12-27 14:30:00,2020-12-27 15:15:00,674.5348799999999,0.01762984486362585,0.009271525232636439,0.0,0.00827152523263644,0.46917742592859507,保本/跟踪,4,True
ETH,1,2020-12-27 16:15:00,2020-12-27 16:15:00,715.143,0.021876773460643623,-0.022072398105951494,0.0,-0.023072398105951495,-1.0546526958126985,止损,1,True
ETH,1,2020-12-28 00:30:00,2020-12-28 03:15:00,714.69291,0.023160398244807465,-0.023355766165158526,0.0,-0.024355766165158527,-1.0516125805660126,止损,12,True
ETH,1,2020-12-28 07:15:00,2020-12-28 20:30:00,724.8449400000001,0.015605149944081274,0.016212162915317126,0.00173806,0.013474102915317126,0.8634395032152568,保本/跟踪,54,True
ETH,1,2020-12-29 12:15:00,2020-12-29 12:45:00,739.59789,0.014935202981818265,-0.015132215941221985,0.0,-0.016132215941221984,-1.0801470834283895,止损,3,True
ETH,1,2020-12-29 20:00:00,2020-12-29 20:15:00,731.366244,0.012028023919276848,-0.012225618314492976,0.0,-0.013225618314492975,-1.0995670114437326,止损,2,True
ETH,1,2020-12-30 19:15:00,2020-12-30 19:30:00,756.571284,0.010734980197002484,-0.010932833200963062,0.0,-0.011932833200963062,-1.1115840906995855,止损,2,False
ETH,-1,2021-01-02 00:30:00,2021-01-02 01:30:00,718.366298,0.008584691163259373,-0.008786408101491967,-0.0,-0.009786408101491968,-1.1399837123291847,止损,5,False
ETH,1,2021-01-02 17:00:00,2021-01-02 20:00:00,783.8567400000001,0.014990689237320004,-0.015187691099472617,0.0,-0.016187691099472618,-1.079849688243328,止损,13,True
ETH,1,2021-01-03 06:15:00,2021-01-03 14:00:00,797.6595,0.010988278983719377,0.09054323435550513,0.00074404,0.08879919435550512,8.081264999466535,保本/跟踪,32,False
ETH,1,2021-01-03 14:30:00,2021-01-03 15:30:00,909.961956,0.02161821649929417,-0.02181389285599435,0.0,-0.02281389285599435,-1.0553087419001108,止损,5,True
ETH,1,2021-01-03 22:30:00,2021-01-03 23:45:00,987.5774759999999,0.029996605036604625,-0.030190605715597257,0.0,-0.031190605715597258,-1.0398045271301737,止损,6,True
ETH,1,2021-01-04 04:00:00,2021-01-04 06:45:00,1025.2450079999999,0.026835429053299352,0.09583958844766326,0.0,0.09483958844766326,3.5341185810480997,保本/跟踪,12,True
ETH,1,2021-01-05 00:45:00,2021-01-05 00:45:00,1134.916938,0.03087466566744008,-0.03106849073430662,0.0,-0.03206849073430662,-1.0386668176337706,止损,1,True
ETH,1,2021-01-05 18:15:00,2021-01-05 19:00:00,1092.708498,0.021269243153699557,-0.02146498930506891,0.0,-0.022464989305068912,-1.0562194969857857,止损,4,True
ETH,1,2021-01-07 12:15:00,2021-01-07 18:15:00,1212.19239,0.015940640521930383,0.0426725517498595,0.00176605,0.0399065017498595,2.5034440551468435,保本/跟踪,25,True
ETH,1,2021-01-08 10:15:00,2021-01-08 15:15:00,1228.955742,0.024146266053381417,-0.02434143680017073,0.0,-0.02534143680017073,-1.0494971249031666,止损,21,True
ETH,1,2021-01-09 21:15:00,2021-01-10 03:15:00,1285.967142,0.016646071104326008,0.020580631796248743,0.00340522,0.01617541179624874,0.9717255017638996,保本/跟踪,25,True
ETH,1,2021-01-10 16:15:00,2021-01-10 16:30:00,1328.555658,0.02148423770210721,-0.021679940854566777,0.0,-0.022679940854566778,-1.0556549024004838,止损,2,True
ETH,-1,2021-01-11 14:00:00,2021-01-11 17:30:00,1026.804598,0.04500172097865251,0.030405362584724125,-0.00039691,0.029802272584724124,0.662247397135355,保本/跟踪,15,True
ETH,-1,2021-01-12 14:00:00,2021-01-12 15:15:00,1026.884582,0.028433416469181932,-0.028639103152475743,-0.0,-0.029639103152475744,-1.0424038625326864,止损,6,True
ETH,-1,2021-01-13 00:30:00,2021-01-13 02:00:00,1017.276504,0.030688310977683035,-0.030894448639878697,-0.0,-0.0318944486398787,-1.039302836284238,止损,7,True
ETH,1,2021-01-14 00:15:00,2021-01-14 01:00:00,1145.769108,0.01713702449054243,-0.017333597085644324,0.0,-0.018333597085644325,-1.0698238247697118,止损,4,True
ETH,1,2021-01-14 08:15:00,2021-01-14 09:15:00,1167.473448,0.016563743600568455,-0.016760430851848213,0.0,-0.017760430851848214,-1.072247390453369,止损,5,True
ETH,1,2021-01-14 13:15:00,2021-01-14 17:45:00,1182.706494,0.016207009604191937,0.03156068227987958,0.0007165,0.029844182279879578,1.8414366998437757,保本/跟踪,19,True
ETH,1,2021-01-15 00:15:00,2021-01-15 02:00:00,1250.460042,0.01990695206864351,-0.02010297067822984,0.0,-0.021102970678229842,-1.060080448551953,止损,8,True
ETH,1,2021-01-16 13:30:00,2021-01-16 14:00:00,1249.979946,0.017870568755944755,-0.01806699464219348,0.0,-0.01906699464219348,-1.0669495136158287,止损,3,True
ETH,1,2021-01-16 15:45:00,2021-01-16 18:00:00,1270.173984,0.01974711594133118,-0.019943166518142943,0.00152456,-0.022467726518142946,-1.1377725529588585,止损,10,True
ETH,1,2021-01-19 01:30:00,2021-01-19 04:45:00,1310.71209,0.014333330368919288,0.007217865930991776,0.0,0.006217865930991776,0.43380468955594126,保本/跟踪,14,False
ETH,1,2021-01-19 08:00:00,2021-01-19 12:30:00,1382.8865219999998,0.01736902590764183,0.015658285605935896,0.0,0.014658285605935895,0.8439325085862591,保本/跟踪,19,True
ETH,-1,2021-01-21 08:45:00,2021-01-21 12:30:00,1275.7448,0.019593994501911023,0.031725055081051015,-0.0,0.030725055081051014,1.5680853170625504,保本/跟踪,16,True
ETH,-1,2021-01-21 16:00:00,2021-01-21 19:15:00,1189.3420839999999,0.030848338488300153,-0.0310545081559978,-0.0,-0.0320545081559978,-1.0390999880967693,止损,14,True
ETH,-1,2021-01-21 22:15:00,2021-01-21 22:45:00,1148.02035,0.02641815112843997,0.012907476826747285,-0.0,0.011907476826747285,0.4507308921375846,保本/跟踪,3,True
ETH,-1,2021-01-22 00:30:00,2021-01-22 01:30:00,1069.546048,0.04059421925722705,-0.040802338101078334,-0.0,-0.041802338101078335,-1.0297608592050012,止损,5,True
ETH,1,2021-01-24 04:00:00,2021-01-24 07:15:00,1294.8789239999999,0.01307221694678239,0.013519050386742636,0.0,0.012519050386742635,0.9576837989843864,保本/跟踪,14,False
ETH,1,2021-01-24 09:30:00,2021-01-24 12:30:00,1344.0687599999999,0.012655585206620431,-0.01285305408957918,0.0,-0.013853054089579181,-1.0946197954032442,止损,13,False
ETH,1,2021-01-24 17:45:00,2021-01-24 19:00:00,1362.492444,0.01591774048724448,-0.016114556939147064,0.0,-0.017114556939147065,-1.0751875841211032,止损,6,False
ETH,1,2021-01-25 00:00:00,2021-01-25 01:00:00,1394.508846,0.01446658274205142,0.03565720893392596,0.0,0.03465720893392596,2.3956735016061868,保本/跟踪,5,False
ETH,-1,2021-01-26 13:00:00,2021-01-26 16:00:00,1273.59523,0.019805642080229637,-0.020009603208645668,-0.0001,-0.02090960320864567,-1.0557397293126904,止损,13,True
ETH,-1,2021-01-27 04:15:00,2021-01-27 10:15:00,1300.3898700000002,0.01603320034199602,0.016513368141153412,-0.0001,0.015613368141153411,0.9738148222508681,保本/跟踪,25,False
ETH,-1,2021-01-27 14:00:00,2021-01-27 15:45:00,1235.8927720000002,0.02132846536120479,-0.02153273105427689,-0.0,-0.022532731054276892,-1.0564628384029255,止损,8,True
ETH,1,2021-01-29 11:30:00,2021-01-29 14:30:00,1422.014346,0.024053759332247064,-0.0242489485803806,0.0,-0.0252489485803806,-1.0496882517042248,止损,13,True
ETH,1,2021-01-29 22:30:00,2021-01-29 23:30:00,1402.6204679999998,0.020328192083962894,-0.020524126445546045,0.0,-0.021524126445546046,-1.0588313194131334,止损,5,True
ETH,1,2021-01-30 20:30:00,2021-01-30 21:15:00,1388.3076059999999,0.010835571800619535,-0.011033404686259437,0.0,-0.012033404686259436,-1.1105463475006843,止损,4,False
ETH,-1,2021-01-31 15:00:00,2021-01-31 16:00:00,1332.663414,0.009523341478393267,0.012920941145843854,-0.00072236,0.012643301145843855,1.327611865491667,保本/跟踪,5,False
ETH,-1,2021-01-31 18:00:00,2021-01-31 20:30:00,1290.751798,0.014201243902694666,-0.01440408415147525,-0.0,-0.015404084151475251,-1.0846996401880225,止损,11,False
ETH,-1,2021-02-01 00:30:00,2021-02-01 01:15:00,1277.14452,0.014407864727916636,-0.014610746300862312,-0.0,-0.015610746300862312,-1.0834878447057443,止损,4,False
ETH,-1,2021-02-01 16:00:00,2021-02-01 17:45:00,1302.029542,0.011377706978190141,-0.011579982519585674,-0.0,-0.012579982519585673,-1.1056694062960284,止损,8,False
ETH,1,2021-02-02 00:00:00,2021-02-02 00:15:00,1377.015348,0.01046465184499459,0.009763246737311566,0.0,0.008763246737311565,0.8374140742678569,保本/跟踪,2,False
ETH,1,2021-02-02 06:45:00,2021-02-02 09:15:00,1411.192182,0.011254593954819104,0.017868552422005246,0.00120708,0.015661472422005246,1.391562635211656,保本/跟踪,11,False
ETH,1,2021-02-02 20:00:00,2021-02-03 07:45:00,1521.494238,0.01720439017985849,0.020694087343595926,0.00151935,0.018174737343595926,1.0564011367792299,保本/跟踪,48,False
ETH,1,2021-02-03 17:30:00,2021-02-04 02:00:00,1627.02534,0.016349756474117703,0.027501037580060134,0.00146092,0.025040117580060132,1.5315284738154729,保本/跟踪,35,False
ETH,1,2021-02-05 14:00:00,2021-02-05 18:45:00,1723.8446999999999,0.01390300070618652,-0.014100220106045242,0.00155465,-0.016654870106045244,-1.1979334863037305,止损,20,False
ETH,-1,2021-02-07 12:30:00,2021-02-07 13:00:00,1606.518632,0.0118652265972123,-0.01206759964253159,-0.0,-0.01306759964253159,-1.1013358687647636,止损,3,False
ETH,-1,2021-02-07 14:15:00,2021-02-07 16:45:00,1573.93515,0.014648241986758775,0.02747195270402332,-0.00065683,0.02712878270402332,1.8520162848583663,保本/跟踪,11,False
ETH,1,2021-02-08 16:15:00,2021-02-08 16:30:00,1769.40381,0.02125588251357661,-0.02145163133707383,0.0,-0.02245163133707383,-1.0562549601379039,止损,2,True
ETH,1,2021-02-09 08:30:00,2021-02-09 09:30:00,1820.364,0.01553912285257404,-0.015736015028003404,0.0,-0.016736015028003405,-1.0770244361142367,止损,5,False
ETH,1,2021-02-11 10:00:00,2021-02-11 13:30:00,1768.963722,0.010212531148339097,0.015656804717775356,0.0,0.014656804717775355,1.435178459177483,保本/跟踪,15,False
ETH,1,2021-02-12 17:00:00,2021-02-13 05:15:00,1832.7064679999999,0.011478706552940617,0.011695632915579034,0.00228313,0.008412502915579033,0.732878994404114,保本/跟踪,50,False
ETH,1,2021-02-14 06:15:00,2021-02-14 07:00:00,1854.9209099999998,0.009150977458641133,-0.00934914726314942,0.0,-0.010349147263149418,-1.1309335325022434,止损,4,False
ETH,-1,2021-02-15 02:30:00,2021-02-15 02:30:00,1686.5826160000001,0.017510800640451175,-0.017714302800579233,-0.0,-0.018714302800579233,-1.068729133798022,止损,1,False
ETH,-1,2021-02-16 00:15:00,2021-02-16 01:15:00,1763.6072080000001,0.01292835146374962,-0.01313093713404232,-0.0,-0.014130937134042319,-1.093019258771289,止损,5,False
ETH,-1,2021-02-16 14:15:00,2021-02-16 15:15:00,1770.665796,0.012880939657544792,-0.013083515845476259,-0.0,-0.01408351584547626,-1.093360905330154,止损,5,False
ETH,-1,2021-02-16 17:00:00,2021-02-16 23:00:00,1752.139502,0.011852756915199148,-0.01205512746658219,-0.0,-0.01305512746658219,-1.1014422686625087,止损,25,False
ETH,-1,2021-02-17 04:45:00,2021-02-17 06:00:00,1736.262678,0.011178168468159312,-0.011380404101853012,-0.0,-0.012380404101853013,-1.1075521125950314,止损,6,False
ETH,1,2021-02-17 21:45:00,2021-02-17 22:30:00,1852.430412,0.008101320701505736,-0.008299700437365422,0.0,-0.009299700437365423,-1.1479239965944013,止损,4,False
ETH,1,2021-02-18 01:00:00,2021-02-18 03:15:00,1876.9053059999999,0.00915694808268985,0.010774349897379382,0.0,0.00977434989737938,1.06742440921519,保本/跟踪,10,False
ETH,1,2021-02-20 02:45:00,2021-02-20 05:30:00,1975.555032,0.009440294357821849,0.01993119712034589,0.0,0.01893119712034589,2.005360892656939,保本/跟踪,12,False
ETH,-1,2021-02-22 01:00:00,2021-02-22 01:15:00,1889.152094,0.011760967935209508,-0.011963320128796525,-0.0,-0.012963320128796526,-1.102232418301853,止损,2,False
ETH,-1,2021-02-22 04:45:00,2021-02-22 05:00:00,1846.58061,0.014834736656797966,-0.015037703604129293,-0.0,-0.016037703604129292,-1.0810912236032226,止损,2,False
ETH,-1,2021-02-22 10:00:00,2021-02-22 14:30:00,1822.665394,0.014528837640052989,0.08287924953053684,-0.0,0.08187924953053684,5.635636625521421,保本/跟踪,19,False
ETH,-1,2021-02-23 01:30:00,2021-02-23 05:30:00,1725.264878,0.02096415033054415,0.06003712299088413,-0.0,0.05903712299088413,2.8160990099784193,保本/跟踪,17,True
ETH,-1,2021-02-23 08:15:00,2021-02-23 09:15:00,1531.6936,0.03750623392565314,0.05315145125865995,-0.0,0.05215145125865995,1.3904742172204585,保本/跟踪,5,True
ETH,-1,2021-02-23 19:45:00,2021-02-23 20:45:00,1454.3890640000002,0.038802743088442206,-0.03901050363705986,-0.0,-0.04001050363705986,-1.0311256486652203,止损,5,True
ETH,-1,2021-02-24 20:45:00,2021-02-24 23:30:00,1586.662604,0.019470615483525324,-0.01967450960662192,-0.0,-0.02067450960662192,-1.0618313336892327,止损,12,False
ETH,-1,2021-02-25 19:00:00,2021-02-25 22:30:00,1580.3438680000002,0.014781399175352325,0.02561962935404457,-0.0,0.02461962935404457,1.6655817938465045,保本/跟踪,15,False
ETH,-1,2021-02-25 23:45:00,2021-02-26 00:00:00,1476.714598,0.023285576433407826,-0.023490233548694412,-0.0001,-0.024390233548694414,-1.0474395434635553,止损,2,True
ETH,-1,2021-02-26 06:00:00,2021-02-26 09:00:00,1451.529636,0.022469267886357353,-0.022673761739934586,-0.00014852,-0.023525241739934588,-1.0469963622721499,止损,13,True
ETH,-1,2021-02-26 21:00:00,2021-02-27 00:30:00,1446.390664,0.019432656703892656,-0.01963654323523345,-0.00018181,-0.02045473323523345,-1.0525958208861919,止损,15,False
ETH,-1,2021-02-27 23:30:00,2021-02-27 23:30:00,1431.173708,0.016993659881295937,-0.017197058613272198,-0.0,-0.0181970586132722,-1.070814570868326,止损,1,False
ETH,-1,2021-02-28 03:15:00,2021-02-28 06:30:00,1418.8461740000002,0.01804974254973548,0.041195143247997675,-0.0,0.040195143247997674,2.2269095050658625,保本/跟踪,14,False
ETH,-1,2021-02-28 14:00:00,2021-02-28 16:30:00,1334.6530160000002,0.017955368629831964,-0.01815895970355788,-0.0001,-0.019058959703557882,-1.0614630140142238,止损,11,False
ETH,1,2021-03-01 15:30:00,2021-03-01 16:45:00,1550.940126,0.012693153344282443,-0.012890614713613446,0.00049119,-0.014381804713613446,-1.1330363955692417,止损,6,False
ETH,1,2021-03-01 22:45:00,2021-03-02 00:30:00,1551.140166,0.012572779034318794,0.017701376664490943,0.00049538,0.01620599666449094,1.2889749052500548,保本/跟踪,8,False
ETH,1,2021-03-03 04:15:00,2021-03-03 11:30:00,1547.569452,0.01217857463362306,0.0279315484252619,0.0001,0.0268315484252619,2.2031764169826875,保本/跟踪,30,False
ETH,1,2021-03-03 12:45:00,2021-03-03 13:00:00,1651.640262,0.013478961158542056,-0.013676265366310274,0.0,-0.014676265366310275,-1.0888276324625692,止损,2,False
ETH,-1,2021-03-05 00:30:00,2021-03-05 09:15:00,1493.1413120000002,0.016261834376120353,0.01752529313474577,-0.00022561,0.01675090313474577,1.0300746365578284,保本/跟踪,36,False
ETH,1,2021-03-06 06:15:00,2021-03-06 10:45:00,1582.626462,0.011766860986752798,-0.011964507614555362,0.00057512,-0.013539627614555362,-1.150657565326756,止损,19,False
ETH,1,2021-03-06 16:30:00,2021-03-06 20:45:00,1581.176172,0.012410060133965548,0.03273644542269312,0.0,0.03173644542269312,2.557316006538315,保本/跟踪,18,False
ETH,1,2021-03-07 00:15:00,2021-03-07 01:45:00,1682.816496,0.013822757446451263,-0.014019992894961971,0.0,-0.015019992894961972,-1.08661335866948,止损,7,False
ETH,1,2021-03-07 23:30:00,2021-03-08 02:00:00,1717.533438,0.0109334023959465,0.006821759103740457,0.00011144,0.005710319103740457,0.5222819847788213,保本/跟踪,11,False
ETH,1,2021-03-08 14:45:00,2021-03-09 00:15:00,1745.49903,0.013154897145138999,0.04069185759813354,0.00070841,0.03898344759813354,2.9634171341688305,保本/跟踪,39,False
ETH,1,2021-03-09 01:45:00,2021-03-09 04:00:00,1851.42021,0.012491223315549513,-0.012688725070886397,0.0,-0.013688725070886396,-1.0958674522971814,止损,10,False
ETH,-1,2021-03-12 13:15:00,2021-03-12 15:00:00,1741.941542,0.012212321772830367,-0.012414764237184883,-0.0,-0.013414764237184882,-1.0984614135396984,止损,8,False
ETH,-1,2021-03-12 20:15:00,2021-03-12 21:30:00,1735.2928720000002,0.01433704591790989,-0.014539913327093375,-0.0,-0.015539913327093376,-1.0838992506595002,止损,6,False
ETH,1,2021-03-13 18:00:00,2021-03-14 01:00:00,1917.373398,0.011110696627080098,-0.011308474487754695,0.00113056,-0.013439034487754693,-1.2095582247291081,止损,29,False
ETH,-1,2021-03-15 09:30:00,2021-03-15 11:00:00,1756.7985700000002,0.016611273681295006,-0.01681459593603125,-0.0,-0.01781459593603125,-1.0724400956737734,止损,7,False
ETH,-1,2021-03-16 01:15:00,2021-03-16 01:45:00,1724.90495,0.014000154598333689,-0.014202954629253304,-0.0,-0.015202954629253303,-1.0859133392043236,止损,3,False
ETH,-1,2021-03-17 03:45:00,2021-03-17 05:45:00,1764.99693,0.0090843251212914,-0.009286141986315673,-0.0,-0.010286141986315674,-1.132295668525504,止损,9,False
ETH,-1,2021-03-17 12:15:00,2021-03-17 12:30:00,1746.6006100000002,0.009281940352163856,-0.00948379674023429,-0.0,-0.01048379674023429,-1.1294833130219644,止损,2,False
ETH,1,2021-03-18 02:45:00,2021-03-18 03:15:00,1848.289584,0.008185524475035313,-0.00838388737014026,0.0,-0.00938388737014026,-1.1464002580115402,止损,3,False
ETH,-1,2021-03-19 00:30:00,2021-03-19 00:45:00,1745.220886,0.010528465778382222,-0.01073057147153789,-0.0,-0.01173057147153789,-1.1141767203749586,止损,2,False
ETH,1,2021-03-19 20:15:00,2021-03-19 20:15:00,1839.737874,0.007121035028283985,-0.007319610821278315,0.0,-0.008319610821278314,-1.1683148289867575,止损,1,False
ETH,1,2021-03-20 04:15:00,2021-03-20 04:45:00,1842.128352,0.006775491599713193,-0.006974136501393223,0.0,-0.007974136501393222,-1.176908920045118,止损,3,False
ETH,1,2021-03-20 11:30:00,2021-03-20 13:30:00,1840.197966,0.004991910225340397,0.009653659385014349,0.0,0.008653659385014348,1.7335366611935128,保本/跟踪,9,False
ETH,-1,2021-03-21 09:45:00,2021-03-21 10:15:00,1758.588212,0.008585632405564947,-0.00878734953204614,-0.0,-0.00978734953204614,-1.1399683878501805,止损,3,False
ETH,-1,2021-03-22 00:45:00,2021-03-22 03:00:00,1762.157498,0.008112229587159972,-0.008313852033077357,-0.0,-0.009313852033077358,-1.148124807490571,止损,10,False
ETH,-1,2021-03-22 19:15:00,2021-03-22 22:15:00,1753.159298,0.008226565411428743,0.0356163995315387,-0.0,0.0346163995315387,4.207879935343117,保本/跟踪,13,False
ETH,-1,2021-03-23 05:30:00,2021-03-23 10:00:00,1673.5552220000002,0.011083498499756471,-0.01128571519945641,-0.00019899,-0.01208672519945641,-1.090515345828935,止损,19,False
ETH,-1,2021-03-23 21:30:00,2021-03-23 22:30:00,1665.186896,0.010241260622304826,-0.010443308874429234,-0.0,-0.011443308874429233,-1.1173730750984328,止损,5,False
ETH,-1,2021-03-24 18:45:00,2021-03-24 20:45:00,1675.744784,0.008528980114728194,0.03644072591433809,-0.0,0.03544072591433809,4.155329879728244,保本/跟踪,9,False
ETH,-1,2021-03-24 22:30:00,2021-03-25 08:15:00,1570.545828,0.01876374776468601,-0.018967500514238927,-0.0002,-0.01976750051423893,-1.053494257231597,止损,40,False
ETH,-1,2021-03-25 12:15:00,2021-03-25 13:30:00,1570.425852,0.013294539546595745,-0.01349719845450507,-0.0,-0.014497198454505068,-1.0904626221686091,止损,6,False
ETH,1,2021-03-26 20:15:00,2021-03-26 22:30:00,1671.9243179999999,0.007048720583345766,0.004401199551957625,0.0,0.003401199551957625,0.48252722061273734,保本/跟踪,10,False
ETH,1,2021-03-27 00:00:00,2021-03-27 07:45:00,1699.549842,0.007571502892642139,-0.007769988592063575,0.0,-0.008769988592063575,-1.1582890103081258,止损,32,False
ETH,1,2021-03-27 17:00:00,2021-03-27 22:15:00,1707.981528,0.007263510092120909,0.006534174440317283,0.0,0.005534174440317283,0.7619146074183166,保本/跟踪,22,False
ETH,1,2021-03-29 03:45:00,2021-03-29 05:00:00,1703.300592,0.005889082566587081,-0.006087904750073793,0.0,-0.007087904750073793,-1.203566883284754,止损,6,False
ETH,1,2021-03-29 08:15:00,2021-03-29 10:30:00,1711.89231,0.005027576067328947,0.025702752562383153,0.0,0.024702752562383152,4.913451777072215,保本/跟踪,10,False
ETH,1,2021-03-29 12:15:00,2021-03-29 15:15:00,1783.50663,0.00863026346289464,-0.008828537410202068,0.0,-0.009828537410202069,-1.138845581303438,止损,13,False
ETH,1,2021-03-29 16:45:00,2021-03-29 18:00:00,1808.521632,0.00992212197555996,0.0050265607070019164,0.0,0.004026560707001916,0.40581648934775116,保本/跟踪,6,False
ETH,1,2021-03-30 09:45:00,2021-03-30 20:00:00,1833.426612,0.007231605284365936,0.00782132956788211,0.00036654,0.006454789567882109,0.8925804595332062,保本/跟踪,42,False
ETH,1,2021-03-31 15:15:00,2021-03-31 22:15:00,1846.899306,0.008508898594728021,0.04030227095774687,0.00038554,0.03891673095774687,4.5736508109121266,保本/跟踪,29,False
ETH,1,2021-04-02 20:45:00,2021-04-03 00:15:00,2098.529622,0.010896823929813547,0.009576964650701679,0.00082856,0.00774840465070168,0.7110700054079208,保本/跟踪,15,False
ETH,1,2021-04-04 13:15:00,2021-04-04 19:15:00,2079.935904,0.009006133434847413,-0.009204332208160434,0.00038114,-0.010585472208160434,-1.1753625775965175,止损,25,False
ETH,1,2021-04-05 14:00:00,2021-04-05 17:15:00,2083.446606,0.007691042223442163,0.009430565443814034,0.00085226,0.0075783054438140355,0.9853418072150862,保本/跟踪,14,False
ETH,1,2021-04-06 01:00:00,2021-04-06 01:45:00,2149.4398020000003,0.010477679064599989,-0.010675583528786996,0.0,-0.011675583528786997,-1.1143291808043885,止损,4,False
ETH,-1,2021-04-07 11:00:00,2021-04-07 12:30:00,2009.118096,0.013562368908133091,0.01556739330149332,-0.0,0.014567393301493321,1.074103897347722,保本/跟踪,7,False
ETH,-1,2021-04-07 19:15:00,2021-04-07 19:45:00,1951.2996620000001,0.015569188457444478,-0.01577230229513592,-0.0,-0.016772302295135922,-1.077275308278266,止损,3,False
ETH,1,2021-04-08 23:15:00,2021-04-09 07:00:00,2079.9159,0.0068163219722905425,-0.007014958707896056,0.00038906,-0.008404018707896057,-1.2329257247617937,止损,32,False
ETH,1,2021-04-10 02:00:00,2021-04-10 04:30:00,2099.459808,0.00639507229320328,0.039152990806619783,0.0,0.03815299080661978,5.965998358950375,保本/跟踪,11,False
ETH,1,2021-04-12 07:45:00,2021-04-12 09:00:00,2200.610034,0.007564668845302396,-0.007763155911533168,0.00164512,-0.010408275911533168,-1.3759063515379966,止损,6,False
ETH,1,2021-04-13 03:15:00,2021-04-13 04:30:00,2176.515216,0.0058801056834075684,-0.006078929662270796,0.0,-0.007078929662270796,-1.2038779646845563,止损,6,False
ETH,1,2021-04-13 06:15:00,2021-04-13 06:30:00,2189.927898,0.006092645255720056,-0.006291426726668918,0.0,-0.007291426726668918,-1.196758783850642,止损,2,False
ETH,1,2021-04-13 08:30:00,2021-04-13 18:45:00,2203.650642,0.009311491422796782,0.04058192850306135,0.00167603,0.03790589850306135,4.0708729441836295,保本/跟踪,42,False
ETH,1,2021-04-14 04:45:00,2021-04-14 08:45:00,2380.265958,0.009788623289446782,-0.009986665564788813,0.00203587,-0.013022535564788813,-1.330374576660698,止损,17,False
ETH,1,2021-04-14 21:15:00,2021-04-15 08:15:00,2397.1393319999997,0.014856488994055218,0.02702418886212409,0.00223659,0.023787598862124087,1.6011588519765758,保本/跟踪,45,False
ETH,1,2021-04-15 22:15:00,2021-04-16 01:30:00,2524.2247439999996,0.009152348357130115,-0.009350517887458562,0.00146805,-0.011818567887458562,-1.291315346213995,止损,14,False
ETH,-1,2021-04-17 23:30:00,2021-04-18 00:45:00,2355.2088639999997,0.009766459033267668,0.024103708536314154,-0.00052118,0.023624888536314153,2.4189819929454743,保本/跟踪,6,False
ETH,-1,2021-04-18 03:15:00,2021-04-18 03:30:00,2222.035504,0.0201711451328882,0.04275367420051798,-0.0,0.04175367420051798,2.0699704417098452,保本/跟踪,2,True
ETH,-1,2021-04-18 09:30:00,2021-04-18 16:15:00,2105.048906,0.02754967259702506,-0.027755182531544582,-0.00044396,-0.028311222531544583,-1.0276427943685167,止损,28,True
ETH,-1,2021-04-19 14:15:00,2021-04-19 15:15:00,2186.2526620000003,0.01341473801944259,0.014466619948207448,-0.0,0.01346661994820745,1.0038675320151362,保本/跟踪,5,False
ETH,-1,2021-04-19 15:45:00,2021-04-19 16:00:00,2097.860344,0.019389560956312505,-0.01959343886850373,-0.0005192,-0.02007423886850373,-1.0353116769241915,止损,2,True
ETH,-1,2021-04-20 00:45:00,2021-04-20 01:00:00,2075.624792,0.01993344050186631,-0.020137427189966788,-0.0,-0.02113742718996679,-1.0604003452383322,止损,2,True
ETH,-1,2021-04-20 02:30:00,2021-04-20 03:30:00,2063.0773019999997,0.021092457677926953,-0.02129667616946257,-0.0,-0.02229667616946257,-1.0570923744365655,止损,5,True
ETH,1,2021-04-20 20:00:00,2021-04-21 00:45:00,2325.344976,0.014418773050777512,-0.014615889296167299,0.0001,-0.0157158892961673,-1.089960237311582,止损,20,False
ETH,1,2021-04-21 12:45:00,2021-04-21 17:00:00,2356.311168,0.016734727817542552,0.025488959226314365,0.0001,0.024388959226314365,1.4573860711823525,保本/跟踪,18,True
ETH,1,2021-04-22 15:00:00,2021-04-22 17:30:00,2602.940484,0.017071485850349406,-0.017268071553179214,0.0001,-0.018368071553179214,-1.0759503721114745,止损,11,True
ETH,-1,2021-04-23 08:00:00,2021-04-23 08:45:00,2134.42303,0.035472207720651905,-0.035679302162196024,-0.0,-0.036679302162196024,-1.0340293012222452,止损,4,True
ETH,-1,2021-04-24 11:00:00,2021-04-24 12:30:00,2188.432226,0.016858537024205384,-0.01706190873161003,-0.0,-0.01806190873161003,-1.0713805537026644,止损,7,True
ETH,-1,2021-04-25 04:00:00,2021-04-25 08:45:00,2188.142284,0.01395786509996084,-0.014160656672980769,-0.0001,-0.01506065667298077,-1.0790086137903012,止损,20,False
ETH,-1,2021-04-25 21:45:00,2021-04-25 21:45:00,2179.953922,0.018892537137963263,-0.019096315645390733,-0.0,-0.020096315645390734,-1.0637171438985058,止损,1,True
ETH,1,2021-04-26 01:45:00,2021-04-27 01:45:00,2441.868276,0.019484727397802586,0.02813399505420329,0.00030000000000000003,0.026833995054203287,1.3771809328587026,超时,97,True
ETH,1,2021-04-27 06:30:00,2021-04-27 09:00:00,2559.9818939999996,0.010008417500209435,-0.010206415816709353,0.0001,-0.011306415816709353,-1.1296906645304072,止损,11,False
ETH,1,2021-04-27 11:45:00,2021-04-27 13:30:00,2570.874072,0.009200954737719357,-0.0093991145467717,0.0,-0.010399114546771698,-1.130221248034237,止损,8,False
ETH,1,2021-04-27 14:45:00,2021-04-28 02:30:00,2632.046304,0.01258378053838731,0.019792598813424964,0.00074807,0.018044528813424963,1.43395132793197,保本/跟踪,48,False
ETH,1,2021-04-28 11:45:00,2021-04-28 15:15:00,2700.7000319999997,0.012734831707784259,-0.012932284741442727,0.0,-0.013932284741442726,-1.094029749362649,止损,15,False
ETH,1,2021-04-29 12:30:00,2021-04-29 13:15:00,2789.737836,0.008386920812438517,-0.008585243428275997,0.0,-0.009585243428275998,-1.1428799249016717,止损,4,False
ETH,1,2021-04-30 06:45:00,2021-04-30 08:00:00,2785.136916,0.007317342494576703,-0.007515879026077852,0.00011668,-0.008632559026077851,-1.1797396435216652,止损,6,False
ETH,1,2021-05-01 03:45:00,2021-05-01 09:00:00,2847.029292,0.00805816647920607,-0.008256554845910298,0.00035155,-0.009608104845910298,-1.1923438006280724,止损,22,False
ETH,1,2021-05-01 12:15:00,2021-05-01 14:45:00,2873.184522,0.006932250230943156,-0.007130863780896948,0.0,-0.008130863780896948,-1.1729039648054822,止损,11,False
ETH,1,2021-05-01 18:00:00,2021-05-01 22:00:00,2936.197122,0.008360364753713106,-0.008558692680762411,0.0,-0.009558692680762412,-1.1433344073315808,止损,17,False
ETH,1,2021-05-02 19:00:00,2021-05-02 22:30:00,2969.033688,0.006327667441904701,-0.006526401908416305,0.0,-0.007526401908416305,-1.1894433418818817,止损,15,False
ETH,1,2021-05-03 00:30:00,2021-05-03 09:00:00,2990.8380479999996,0.00724581018602298,0.058250381958051246,0.0001,0.05715038195805124,7.887369457772047,保本/跟踪,35,False
ETH,1,2021-05-03 15:30:00,2021-05-03 15:30:00,3188.327538,0.011505714236116878,-0.011703413093269555,0.0,-0.012703413093269555,-1.1040960024361681,止损,1,False
ETH,1,2021-05-03 16:45:00,2021-05-03 19:00:00,3250.04988,0.014077226879116006,0.008558187336018468,0.0,0.007558187336018468,0.5369088245094117,保本/跟踪,10,False
ETH,1,2021-05-03 22:15:00,2021-05-04 00:45:00,3374.844834,0.014948235277376784,-0.015145245630321253,0.00031687,-0.016462115630321253,-1.1012748545131366,止损,11,True
ETH,1,2021-05-04 13:30:00,2021-05-04 13:45:00,3518.693598,0.018273538086825053,-0.018469883379207668,0.0,-0.01946988337920767,-1.0654687278784376,止损,2,True
ETH,1,2021-05-04 20:15:00,2021-05-04 20:15:00,3426.395142,0.02021015897820524,-0.020406116946409533,0.0,-0.021406116946409533,-1.0591760791933413,止损,1,True
ETH,1,2021-05-05 10:00:00,2021-05-05 14:00:00,3382.7964239999997,0.015591146720464188,-0.01578802849112006,0.0,-0.01678802849112006,-1.0767667569368007,止损,17,True
ETH,1,2021-05-05 16:30:00,2021-05-06 00:15:00,3409.1116859999997,0.016585062183204508,0.02325605086357899,0.00068239,0.021573660863578988,1.3007886630311445,保本/跟踪,32,True
ETH,1,2021-05-08 01:15:00,2021-05-08 15:45:00,3535.25691,0.010671303966437343,0.028115915335744333,0.00070136,0.02641455533574433,2.475288438865727,保本/跟踪,59,False
ETH,1,2021-05-08 16:15:00,2021-05-08 19:45:00,3741.5681640000003,0.012765682424918491,0.01052200498467905,0.0,0.00952200498467905,0.7459064598138668,保本/跟踪,15,False
ETH,1,2021-05-08 21:15:00,2021-05-09 01:00:00,3875.87502,0.013046375089967454,-0.013243765814949477,0.00058991,-0.014833675814949479,-1.136995963450142,止损,16,False
ETH,1,2021-05-10 03:00:00,2021-05-10 05:15:00,3981.356112,0.009877596167168767,0.02633617820222019,0.0,0.02533617820222019,2.5650145818304235,保本/跟踪,10,False
ETH,1,2021-05-10 09:00:00,2021-05-10 09:15:00,4173.494532,0.012357503091354532,-0.012555031590736305,0.0,-0.013555031590736306,-1.096906995736022,止损,2,False
ETH,1,2021-05-11 20:30:00,2021-05-12 04:30:00,4102.290294,0.013063678255598572,0.04517777111262853,0.0001,0.044077771112628526,3.3740704761875584,保本/跟踪,33,False
ETH,-1,2021-05-13 09:00:00,2021-05-13 11:30:00,3837.1924080000003,0.021482036707311022,0.023389755418378184,-0.0,0.022389755418378184,1.0422547788850132,保本/跟踪,11,True
ETH,-1,2021-05-13 17:00:00,2021-05-14 00:00:00,3695.140824,0.027405877782035234,-0.027611358957591634,-0.0001,-0.028511358957591635,-1.0403373752283553,止损,29,True
ETH,1,2021-05-15 00:15:00,2021-05-15 00:15:00,4114.632762,0.013877619069374517,-0.014074843545560671,0.0,-0.01507484354556067,-1.086270164226385,止损,1,False
ETH,-1,2021-05-15 16:15:00,2021-05-15 19:45:00,3815.446758,0.017245937092787534,0.015678528455010155,-0.0,0.014678528455010154,0.8511296530908081,保本/跟踪,15,True
ETH,-1,2021-05-15 23:45:00,2021-05-16 00:00:00,3649.789896,0.01921834953642682,-0.019422193206334048,-0.00030702,-0.020115173206334047,-1.0466649681965339,止损,2,True
ETH,-1,2021-05-16 16:00:00,2021-05-16 17:30:00,3636.332588,0.014400047821809097,0.023937869896697765,-0.0,0.022937869896697764,1.5929023417518102,保本/跟踪,7,False
ETH,-1,2021-05-17 03:15:00,2021-05-17 04:15:00,3365.846696,0.024063218462117314,0.030764860873787023,-0.0,0.029764860873787023,1.2369442982303382,保本/跟踪,5,True
ETH,-1,2021-05-17 15:30:00,2021-05-17 17:30:00,3348.5801500000002,0.020803275231314967,0.03253560175916157,-0.0007001,0.03223570175916157,1.5495493570472734,保本/跟踪,9,True
ETH,-1,2021-05-18 14:15:00,2021-05-18 15:00:00,3302.549358,0.020782109299238426,-0.0209862657210982,-0.0,-0.0219862657210982,-1.0579419732867972,止损,4,True
ETH,-1,2021-05-19 01:45:00,2021-05-19 05:00:00,3218.686134,0.02364657254436028,0.06704646197215784,-0.0,0.06604646197215784,2.793067022641721,保本/跟踪,14,True
ETH,-1,2021-05-19 11:15:00,2021-05-19 11:45:00,2801.1296620000003,0.03231751913051996,0.039341836079561085,-0.0,0.038341836079561084,1.186410253977444,保本/跟踪,3,True
ETH,-1,2021-05-21 06:15:00,2021-05-21 06:45:00,2705.328826,0.02551061759483083,-0.025715719718349746,-0.0,-0.026715719718349747,-1.0472392375072528,止损,3,True
ETH,-1,2021-05-21 08:15:00,2021-05-21 09:00:00,2644.550984,0.026129413497568723,-0.026334639380268195,-0.0,-0.027334639380268196,-1.0461252558466962,止损,4,True
ETH,-1,2021-05-21 19:45:00,2021-05-21 21:30:00,2321.155676,0.04321127343377741,0.010126954535211424,-0.0,0.009126954535211423,0.21121697672712095,保本/跟踪,8,True
ETH,-1,2021-05-22 03:45:00,2021-05-22 10:30:00,2310.077892,0.03537838565801551,-0.03558546133514713,-0.0001,-0.03648546133514713,-1.0312924305770519,止损,28,True
ETH,-1,2021-05-23 07:30:00,2021-05-23 09:15:00,2176.544604,0.023332973010199567,0.046623595524828566,-0.0001,0.04572359552482857,1.9596129265156808,保本/跟踪,8,True
ETH,1,2021-05-24 18:30:00,2021-05-25 01:30:00,2584.706838,0.029964562889684417,0.02171001872807174,0.0001,0.02061001872807174,0.6878130945526635,保本/跟踪,29,True
ETH,1,2021-05-26 02:15:00,2021-05-26 08:15:00,2791.688226,0.021660096717174584,0.014493310031809094,0.0001,0.013393310031809096,0.6183402690528782,保本/跟踪,25,True
ETH,1,2021-05-26 23:30:00,2021-05-27 00:30:00,2848.349556,0.017209896076279124,-0.017406454097063713,0.0001,-0.018506454097063713,-1.075337934351136,止损,5,False
ETH,-1,2021-05-28 09:00:00,2021-05-28 12:15:00,2506.9685059999997,0.022190681230433378,-0.022395119366679452,-0.0,-0.023395119366679453,-1.0542767535497852,止损,14,True
ETH,-1,2021-05-28 21:00:00,2021-05-29 00:45:00,2427.404422,0.022728388810169944,-0.022932934487931992,-0.0001,-0.023832934487931993,-1.0485976233065766,止损,16,True
ETH,-1,2021-05-29 08:45:00,2021-05-29 14:00:00,2447.8303360000004,0.017230738962899554,0.01513547395854576,-0.0,0.01413547395854576,0.8203637690166173,保本/跟踪,22,False
ETH,-1,2021-05-29 15:15:00,2021-05-29 16:45:00,2317.596388,0.022774440500739634,-0.02297899538883973,-0.0001,-0.02387899538883973,-1.0484997595468581,止损,7,True
ETH,-1,2021-05-29 18:00:00,2021-05-30 05:00:00,2268.476214,0.025578357298386433,-0.02578347296984611,-0.0001,-0.026683472969846113,-1.0432051072931643,止损,45,True
ETH,-1,2021-05-31 00:45:00,2021-05-31 05:15:00,2354.0191019999997,0.015919753222893455,0.013221557760454361,-0.0,0.01222155776045436,0.7676976891123606,保本/跟踪,19,False
ETH,1,2021-05-31 15:30:00,2021-06-01 01:15:00,2608.001496,0.017471179956820237,0.029486434480928355,0.0002,0.028286434480928355,1.6190340063371713,保本/跟踪,40,False
ETH,1,2021-06-02 07:15:00,2021-06-02 16:45:00,2666.2731479999998,0.013532330545770493,0.03307149764844776,0.0002,0.03187149764844776,2.355211287564147,保本/跟踪,39,False
ETH,1,2021-06-03 04:45:00,2021-06-03 11:00:00,2756.7112319999997,0.010980786212367595,0.03315479527309546,0.0001,0.03205479527309545,2.9191712372099845,保本/跟踪,26,False
ETH,1,2021-06-03 17:30:00,2021-06-03 18:15:00,2848.96968,0.013416656778658225,-0.013613973447302424,0.0,-0.014613973447302423,-1.0892410597063764,止损,4,False
ETH,-1,2021-06-04 12:15:00,2021-06-04 12:30:00,2570.665764,0.01785211876763807,-0.018055689191391548,-0.0,-0.01905568919139155,-1.067418911974487,止损,2,False
ETH,1,2021-06-05 07:15:00,2021-06-05 08:00:00,2801.7202319999997,0.010694554643313406,-0.010892415732384683,0.0001,-0.011992415732384683,-1.121357188995499,止损,4,False
ETH,-1,2021-06-05 21:30:00,2021-06-05 23:45:00,2570.365824,0.015516367129328383,-0.015719470402754177,-0.0,-0.016719470402754177,-1.0775376905816916,止损,10,False
ETH,1,2021-06-07 01:45:00,2021-06-07 07:00:00,2777.065302,0.010862809583050434,-0.011060637021133798,0.0,-0.012060637021133799,-1.1102686582992647,止损,22,False
ETH,-1,2021-06-08 00:45:00,2021-06-08 01:15:00,2568.176262,0.01988748955129699,-0.020091467049207144,-0.0,-0.021091467049207144,-1.0605394408783806,止损,3,True
ETH,-1,2021-06-08 03:00:00,2021-06-08 08:00:00,2479.394022,0.02209227741354685,-0.02229669586902957,-0.0001,-0.02319669586902957,-1.049991154592577,止损,21,True
ETH,-1,2021-06-08 14:00:00,2021-06-08 15:45:00,2435.8927240000003,0.0176669799850885,0.02384316148490773,-0.0,0.02284316148490773,1.2929862095382512,保本/跟踪,8,False
ETH,-1,2021-06-09 02:00:00,2021-06-09 02:45:00,2431.1636700000004,0.015347064986974617,-0.0155501343999719,-0.0,-0.0165501343999719,-1.078390846329142,止损,4,False
ETH,-1,2021-06-10 09:15:00,2021-06-10 09:30:00,2499.090082,0.01161737443454847,-0.011819697909435442,-0.0,-0.012819697909435442,-1.10349356316789,止损,2,False
ETH,-1,2021-06-10 16:15:00,2021-06-11 03:00:00,2489.042092,0.013695605278131852,0.017887959461979987,-0.0001,0.016987959461979986,1.2403949381561927,保本/跟踪,44,False
ETH,-1,2021-06-11 16:30:00,2021-06-11 22:15:00,2401.759552,0.011540915512330687,0.014513195750519826,-0.0,0.013513195750519826,1.1708946084980771,保本/跟踪,24,False
ETH,-1,2021-06-12 01:30:00,2021-06-12 10:30:00,2316.846538,0.014213394067756261,-0.014416236746569755,-0.0001,-0.015316236746569754,-1.0775917893753006,止损,37,False
ETH,-1,2021-06-13 03:30:00,2021-06-13 10:15:00,2343.521202,0.01163455264710761,-0.011836879557636846,-0.0001,-0.012736879557636846,-1.0947459643670339,止损,28,False
ETH,1,2021-06-13 21:00:00,2021-06-13 23:00:00,2522.884476,0.012273611441945317,-0.012471156719656875,0.0,-0.013471156719656874,-1.0975707340399354,止损,9,False
ETH,1,2021-06-14 14:30:00,2021-06-14 15:00:00,2574.124722,0.010165321529586916,-0.010363288465280857,0.0,-0.011363288465280858,-1.117848405700417,止损,3,False
ETH,1,2021-06-14 16:15:00,2021-06-14 18:30:00,2582.306358,0.01062423332390419,-0.010822108477239458,0.0,-0.011822108477239458,-1.1127493266398891,止损,10,False
ETH,1,2021-06-14 23:45:00,2021-06-15 01:00:00,2577.1953359999998,0.008527443745972224,0.005268860992023438,0.0001,0.004168860992023438,0.48887581275367786,保本/跟踪,6,False
ETH,1,2021-06-15 04:45:00,2021-06-15 07:00:00,2627.97549,0.009333004630486986,-0.009531138029560971,0.0,-0.01053113802956097,-1.1283759567803264,止损,10,False
ETH,-1,2021-06-16 15:00:00,2021-06-16 18:00:00,2423.385226,0.010032706542213598,-0.010234713083522006,-0.0001,-0.011134713083522006,-1.109841400889342,止损,13,False
ETH,-1,2021-06-16 23:15:00,2021-06-17 00:15:00,2361.907524,0.010980030043599338,-0.011182226049607974,-0.0001,-0.012082226049607975,-1.1003818752436973,止损,5,False
ETH,-1,2021-06-17 17:15:00,2021-06-17 23:00:00,2339.0620940000003,0.011609793166403735,-0.011812115125036937,-0.0,-0.012812115125036938,-1.1035610145159576,止损,24,False
ETH,-1,2021-06-18 02:15:00,2021-06-18 02:45:00,2317.596388,0.010824091351981275,-0.011026256170251656,-0.0,-0.012026256170251656,-1.1110638093469465,止损,3,False
ETH,-1,2021-06-18 10:15:00,2021-06-18 10:15:00,2288.6521780000003,0.010774066356721497,-0.010976221169992792,-0.0,-0.011976221169992793,-1.11157856035677,止损,1,False
ETH,-1,2021-06-18 12:45:00,2021-06-18 20:00:00,2272.89533,0.012774444807946735,0.04111524920886139,-0.0001,0.040215249208861395,3.1481015271868618,保本/跟踪,30,False
ETH,-1,2021-06-19 03:30:00,2021-06-19 04:30:00,2177.994314,0.012661204927919011,-0.012863737168904626,-0.0,-0.013863737168904627,-1.0949777092963666,止损,5,False
ETH,-1,2021-06-20 00:00:00,2021-06-20 01:00:00,2162.927328,0.009812964067602493,-0.010014926660416042,-0.0,-0.011014926660416043,-1.122487210238732,止损,5,False
ETH,-1,2021-06-20 10:30:00,2021-06-20 13:00:00,2102.9593240000004,0.013003049332034798,0.00967217496231386,-0.0,0.008672174962313858,0.6669339430212545,保本/跟踪,11,False
ETH,-1,2021-06-21 04:15:00,2021-06-21 07:00:00,2116.3566440000004,0.014009890665938824,0.035457003666830064,-0.0,0.03445700366683006,2.459476985827073,保本/跟踪,12,False
ETH,-1,2021-06-21 11:15:00,2021-06-21 11:45:00,1921.575608,0.029718438846414515,-0.029924382534183804,-0.0,-0.030924382534183805,-1.040578971661386,止损,3,True
ETH,-1,2021-06-21 21:45:00,2021-06-22 01:00:00,1898.360252,0.021289666768525697,-0.021493924701879386,-0.0001,-0.022393924701879387,-1.0518682582193446,止损,14,True
ETH,-1,2021-06-22 12:15:00,2021-06-22 14:30:00,1827.2544759999998,0.021975419478709422,0.02942092037112817,-0.0,0.02842092037112817,1.293305021943421,保本/跟踪,10,True
ETH,-1,2021-06-25 10:00:00,2021-06-25 12:15:00,1905.388846,0.012656510669857329,0.014170874488153434,-0.0,0.013170874488153433,1.0406402547837383,保本/跟踪,10,False
ETH,-1,2021-06-25 14:45:00,2021-06-25 19:15:00,1819.006126,0.01769364361886095,-0.017897182347584712,-7.207e-05,-0.018825112347584712,-1.0639477516952838,止损,19,False
ETH,-1,2021-06-26 08:15:00,2021-06-26 09:30:00,1727.0845140000001,0.01713491699245831,-0.017338343975856842,-0.0,-0.018338343975856843,-1.0702324373049608,止损,6,False
ETH,1,2021-06-27 23:00:00,2021-06-28 09:00:00,1954.84089,0.014530210953446934,0.04818181141400014,5.6890000000000006e-05,0.04712492141400014,3.2432372499602913,保本/跟踪,41,False
ETH,1,2021-06-28 15:15:00,2021-06-28 20:00:00,2080.0959359999997,0.01505624790008953,0.011181539921730425,-2.358e-05,0.010205119921730425,0.677799674224927,保本/跟踪,20,False
ETH,1,2021-06-30 18:45:00,2021-06-30 20:45:00,2202.2003520000003,0.013374453695229296,0.017861567260943054,0.0,0.016861567260943053,1.2607294208179598,保本/跟踪,9,False
ETH,-1,2021-07-02 04:00:00,2021-07-02 07:45:00,2039.701978,0.012978627057590184,-0.01318122278300159,-0.0,-0.014181222783001591,-1.092659702761711,止损,16,False
ETH,1,2021-07-03 08:00:00,2021-07-04 08:00:00,2194.9288979999997,0.010157620379177824,0.06291976114845449,0.00016057000000000002,0.06175919114845449,6.080084590979112,超时,97,False
ETH,1,2021-07-04 16:15:00,2021-07-04 22:30:00,2353.0005060000003,0.007861722588904555,0.005378263950862471,0.0,0.004378263950862471,0.5569089854482557,保本/跟踪,26,False
ETH,1,2021-07-07 05:00:00,2021-07-07 07:45:00,2390.968098,0.01123015602720267,-0.011427909995997248,0.0,-0.012427909995997247,-1.1066551493935857,止损,12,False
ETH,-1,2021-07-08 06:00:00,2021-07-08 06:00:00,2211.947522,0.01192450563086084,-0.012126890531987023,-0.0,-0.013126890531987023,-1.1008331027170124,止损,1,False
ETH,-1,2021-07-08 07:45:00,2021-07-08 11:45:00,2187.432426,0.013112864689509835,0.012593486647299512,-8.639e-05,0.011679876647299513,0.8907189179373827,保本/跟踪,17,False
ETH,-1,2021-07-08 22:00:00,2021-07-09 02:15:00,2104.648986,0.011006512800560472,0.009909623873053983,-0.0001,0.009009623873053981,0.8185720614975521,保本/跟踪,18,False
ETH,-1,2021-07-09 11:30:00,2021-07-09 12:45:00,2071.6755820000003,0.01194526844208674,-0.012147657495775229,-0.0,-0.01314765749577523,-1.1006581860858073,止损,6,False
ETH,-1,2021-07-10 05:00:00,2021-07-10 06:00:00,2106.87854,0.009724341853745593,-0.009926286722116446,-0.0,-0.010926286722116447,-1.1236016674905247,止损,5,False
ETH,-1,2021-07-12 16:15:00,2021-07-12 19:00:00,2063.567204,0.008933752106279922,0.013312027259551955,-0.0,0.012312027259551956,1.3781474024667975,保本/跟踪,12,False
ETH,-1,2021-07-13 19:15:00,2021-07-14 01:45:00,1938.152292,0.010384554676599,0.012888921843188126,-0.0001,0.011988921843188127,1.1544955192160986,保本/跟踪,27,False
ETH,-1,2021-07-14 03:30:00,2021-07-14 07:45:00,1877.32446,0.012489705839680239,-0.012692203780848083,-0.0,-0.013692203780848084,-1.0962791243127172,止损,18,False
ETH,-1,2021-07-15 06:30:00,2021-07-15 09:15:00,1954.1290960000001,0.010332056377681776,-0.010534122788957274,-0.0001,-0.011434122788957276,-1.1066647694311917,止损,12,False
ETH,-1,2021-07-15 10:30:00,2021-07-15 13:45:00,1937.6124,0.011469440317914156,0.00958380541502661,-0.0,0.00858380541502661,0.7484066508127286,保本/跟踪,14,False
ETH,-1,2021-07-15 23:45:00,2021-07-15 23:45:00,1901.429638,0.009826087279584514,-0.010028052497040373,-0.0,-0.011028052497040374,-1.1223238897901062,止损,1,False
ETH,-1,2021-07-16 07:45:00,2021-07-16 12:15:00,1900.599804,0.009100808249297137,0.013588246255929371,-0.0001,0.012688246255929372,1.3941889454608931,保本/跟踪,19,False
ETH,-1,2021-07-16 22:45:00,2021-07-17 00:45:00,1879.683988,0.009159472175688618,-0.009361304070123784,-0.0001,-0.010261304070123784,-1.120294256404827,止损,9,False
ETH,-1,2021-07-19 01:15:00,2021-07-19 03:30:00,1868.6162020000002,0.010543176223693869,-0.010745284858938674,-0.0,-0.011745284858938675,-1.1140176935052348,止损,10,False
ETH,-1,2021-07-19 09:00:00,2021-07-19 15:00:00,1874.634998,0.008539737461945475,0.02524934016053737,-0.0,0.02424934016053737,2.839588484844711,保本/跟踪,25,False
ETH,-1,2021-07-20 02:30:00,2021-07-20 04:30:00,1761.177694,0.011568152961943119,0.010349243764238732,-0.0,0.009349243764238731,0.8081881174112973,保本/跟踪,9,False
ETH,-1,2021-07-20 10:00:00,2021-07-20 10:15:00,1728.1043100000002,0.010652862500374123,-0.010854993072874202,-0.0,-0.011854993072874201,-1.1128457794755033,止损,2,False
ETH,1,2021-07-21 10:00:00,2021-07-21 17:00:00,1891.498224,0.00968304736309816,0.04385491641047054,-0.00028858,0.043143496410470536,4.455570110592381,保本/跟踪,29,False
ETH,1,2021-07-21 18:15:00,2021-07-21 18:15:00,2021.0241239999998,0.015428520885573777,-0.015625435181396672,0.0,-0.016625435181396673,-1.0775780325735602,止损,1,False
ETH,1,2021-07-22 00:00:00,2021-07-22 02:00:00,1995.8990999999999,0.011818699949976686,-0.012016336209986638,0.0,-0.013016336209986639,-1.1013340100923974,止损,9,False
ETH,1,2021-07-22 08:30:00,2021-07-22 09:00:00,2017.4034,0.012047796917706978,-0.012245387358323487,0.0,-0.013245387358323486,-1.0994032725482263,止损,3,False
ETH,1,2021-07-23 02:15:00,2021-07-23 03:30:00,2075.3249819999996,0.010298085476480064,-0.010496025859384613,0.0,-0.011496025859384612,-1.1163265138593519,止损,6,False
ETH,1,2021-07-23 22:45:00,2021-07-24 08:00:00,2080.9661100000003,0.008555741720916424,0.020319884818520862,0.0002,0.019119884818520862,2.2347431049464745,保本/跟踪,38,False
ETH,1,2021-07-24 10:30:00,2021-07-24 15:30:00,2145.519018,0.00773586237999753,0.0049145441576421405,0.0,0.0039145441576421405,0.5060255683663533,保本/跟踪,21,False
ETH,1,2021-07-24 17:00:00,2021-07-24 19:00:00,2191.868286,0.009212238821339425,-0.009410396373575207,0.0,-0.010410396373575208,-1.1300614948735748,止损,9,False
ETH,1,2021-07-25 00:15:00,2021-07-25 00:30:00,2189.327778,0.009030760572538899,-0.009228954420424417,0.0,-0.010228954420424416,-1.1326791733942136,止损,2,False
ETH,1,2021-07-25 23:30:00,2021-07-26 01:15:00,2183.446602,0.008095655075867401,0.05086197477798461,0.0001,0.04976197477798461,6.146750857298958,保本/跟踪,8,False
ETH,1,2021-07-26 06:30:00,2021-07-26 06:45:00,2382.936492,0.013361738149945597,-0.01355906580231572,0.0,-0.01455906580231572,-1.0896086750790726,止损,2,False
ETH,1,2021-07-26 19:30:00,2021-07-26 19:30:00,2419.6138260000002,0.011658115778723652,-0.011855784155567834,0.0,-0.012855784155567835,-1.1027325855718433,止损,1,False
ETH,1,2021-07-27 11:45:00,2021-07-27 14:00:00,2259.371784,0.009789169209251929,0.009958472781626882,0.0,0.008958472781626883,0.9151412740072019,保本/跟踪,10,False
ETH,1,2021-07-29 23:15:00,2021-07-30 03:30:00,2374.104726,0.007765953797794921,0.01891959470535374,0.0001,0.01781959470535374,2.2945790265213097,保本/跟踪,18,False
ETH,1,2021-07-30 20:15:00,2021-07-30 22:00:00,2394.788862,0.007658738834982612,0.01621439374501911,0.0,0.015214393745019109,1.9865403525087888,保本/跟踪,8,False
ETH,1,2021-07-31 10:45:00,2021-07-31 11:15:00,2472.604422,0.007350592333202736,-0.007549122214735991,0.0,-0.008549122214735992,-1.1630521497049264,止损,3,False
ETH,1,2021-07-31 21:30:00,2021-08-01 05:00:00,2520.734046,0.00863027965268856,0.03249834008701017,0.0001,0.03139834008701017,3.6381602161905326,保本/跟踪,31,False
ETH,1,2021-08-01 20:00:00,2021-08-01 22:15:00,2655.3609659999997,0.012475668813931393,-0.012673173680168513,0.0,-0.013673173680168512,-1.0959872279472411,止损,10,False
ETH,1,2021-08-02 16:30:00,2021-08-02 16:45:00,2662.922478,0.011456659050939318,-0.011654367719129154,0.0,-0.012654367719129155,-1.104542577627955,止损,2,False
ETH,-1,2021-08-03 18:00:00,2021-08-03 19:45:00,2467.716358,0.011474258413139966,-0.011676553264822583,-0.0,-0.012676553264822584,-1.1047819221419823,止损,8,False
ETH,1,2021-08-04 15:00:00,2021-08-04 17:45:00,2637.907476,0.011471163184121428,0.017680250021886366,9.39e-05,0.016586350021886364,1.445917014313375,保本/跟踪,12,False
ETH,1,2021-08-04 22:15:00,2021-08-04 22:45:00,2746.739238,0.01066585553993219,-0.010863722368824179,0.0,-0.01186372236882418,-1.1123085555028627,止损,3,False
ETH,1,2021-08-06 16:15:00,2021-08-06 20:15:00,2870.2339319999996,0.011671320333220337,0.012473221715505016,0.0,0.011473221715505015,0.9830268888129589,保本/跟踪,17,False
ETH,1,2021-08-07 04:15:00,2021-08-07 06:30:00,2977.785438,0.010760087457512862,-0.010957935440021205,0.0,-0.011957935440021206,-1.1113232571053118,止损,10,False
ETH,1,2021-08-07 09:15:00,2021-08-07 12:30:00,2998.5095819999997,0.010257423193749898,0.03990121058377449,0.0,0.038901210583774486,3.79249347998803,保本/跟踪,14,False
ETH,1,2021-08-09 11:15:00,2021-08-09 13:45:00,3133.1565060000003,0.013765783299676794,-0.013963030143016905,0.0,-0.014963030143016906,-1.086972663834409,止损,11,False
ETH,1,2021-08-09 18:45:00,2021-08-09 19:45:00,3180.6259979999995,0.012091632795930481,-0.012289214469371328,0.0,-0.013289214469371327,-1.09904218013004,止损,5,False
ETH,1,2021-08-10 21:30:00,2021-08-10 23:15:00,3174.624798,0.011717046813918537,-0.01191470340455582,0.0,-0.012914703404555819,-1.1022148848304165,止损,8,False
ETH,-1,2021-08-12 14:30:00,2021-08-12 17:30:00,3059.1880400000005,0.012405389747577343,0.008554190862007151,-0.00018477,0.007738960862007151,0.6238385910864669,保本/跟踪,13,False
ETH,1,2021-08-13 23:30:00,2021-08-14 02:30:00,3313.6626,0.00834475006244217,-0.008543081112429718,0.0001,-0.009643081112429716,-1.1555865712301008,止损,13,False
ETH,-1,2021-08-15 17:15:00,2021-08-15 17:30:00,3118.866102,0.009748374578333842,-0.009950324253249373,-0.0,-0.010950324253249374,-1.123297444641378,止损,2,False
ETH,1,2021-08-16 00:15:00,2021-08-16 01:00:00,3339.427752,0.009766885717955778,-0.009964932340812164,0.0,-0.010964932340812163,-1.1226641385445777,止损,4,False
ETH,-1,2021-08-17 00:45:00,2021-08-17 01:15:00,3118.0262700000003,0.01099568337281464,-0.011197882509489238,-0.0,-0.01219788250948924,-1.1093337354226547,止损,3,False
ETH,-1,2021-08-17 07:00:00,2021-08-17 08:00:00,3145.3708,0.0096362530041699,-0.009838180254770611,-0.0001,-0.01073818025477061,-1.1143522539439212,止损,5,False
ETH,-1,2021-08-17 19:15:00,2021-08-17 20:45:00,3131.7835179999997,0.011678348449981517,0.018644505297995554,-0.0,0.017644505297995553,1.5108733374044407,保本/跟踪,7,False
ETH,-1,2021-08-18 00:45:00,2021-08-18 01:45:00,2989.671946,0.01493110253126966,-0.01513408875177587,-0.0,-0.01613408875177587,-1.0805691487274192,止损,5,False
ETH,-1,2021-08-18 20:45:00,2021-08-18 23:00:00,3015.326814,0.010798090041645678,-0.011000249659653977,-0.0,-0.012000249659653978,-1.1113307643640546,止损,10,False
ETH,-1,2021-08-19 04:00:00,2021-08-19 05:15:00,2966.3866040000003,0.010618625851129639,-0.010820749576299873,-0.0,-0.011820749576299874,-1.1132089728015373,止损,6,False
ETH,1,2021-08-20 00:15:00,2021-08-20 15:00:00,3214.822836,0.009822323398707514,0.017655471652921972,0.00015342,0.01650205165292197,1.6800558262104686,保本/跟踪,60,False
ETH,-1,2021-08-22 18:15:00,2021-08-22 18:45:00,3135.252824,0.008610343598175394,-0.008812065666895024,-0.0,-0.009812065666895024,-1.1395672605881007,止损,3,False
ETH,1,2021-08-24 00:15:00,2021-08-24 00:30:00,3349.9998659999997,0.007060758896171138,-0.007259346744391915,0.0,-0.008259346744391915,-1.1697534026931213,止损,2,False
ETH,1,2021-08-24 07:00:00,2021-08-24 09:00:00,3352.900446,0.0055429290477273935,-0.005741820461917856,0.00030158,-0.007043400461917856,-1.2707000939883324,止损,9,False
ETH,-1,2021-08-25 09:00:00,2021-08-25 11:45:00,3103.649146,0.010395045926690851,-0.010597124935876208,-0.0,-0.011597124935876207,-1.1156396054103845,止损,12,False
ETH,-1,2021-08-26 05:30:00,2021-08-26 07:30:00,3132.493376,0.008988452421243555,0.008631729273325315,-0.0,0.007631729273325315,0.8490593169618695,保本/跟踪,9,False
ETH,1,2021-08-27 20:15:00,2021-08-28 05:30:00,3263.062482,0.0069967949564045335,-0.007195395597413228,0.0001,-0.008295395597413227,-1.1855993564339078,止损,38,False
ETH,1,2021-08-29 22:15:00,2021-08-29 23:15:00,3250.44996,0.006095660433583063,-0.006294441301496339,0.0,-0.007294441301496339,-1.196661359499093,止损,5,False
ETH,-1,2021-08-30 03:30:00,2021-08-30 08:30:00,3173.695134,0.0070933356952907435,-0.007294754362429807,-0.0001,-0.008194754362429807,-1.1552751363325853,止损,21,False
ETH,1,2021-08-30 18:00:00,2021-08-30 21:15:00,3295.779024,0.00786356473639595,0.004719873220870689,0.0,0.003719873220870689,0.4730517704843862,保本/跟踪,14,False
ETH,1,2021-08-31 07:45:00,2021-08-31 14:15:00,3348.379542,0.010834887192571153,0.02130686939701038,0.0001,0.020206869397010378,1.8649819825410867,保本/跟踪,27,False
ETH,1,2021-09-01 09:30:00,2021-09-01 12:00:00,3551.990256,0.009053994415832196,-0.009252183616948973,0.0,-0.010252183616948973,-1.1323381864496815,止损,11,False
ETH,1,2021-09-01 16:00:00,2021-09-01 17:00:00,3581.576172,0.007939697150024627,0.047172979284628345,0.0,0.046172979284628345,5.815458500767265,保本/跟踪,5,False
ETH,1,2021-09-01 22:15:00,2021-09-01 22:30:00,3799.279704,0.009787517403646449,-0.009985559900165747,0.0,-0.010985559900165746,-1.1224051459742952,止损,2,False
ETH,1,2021-09-02 00:00:00,2021-09-02 00:00:00,3832.186284,0.010851387031125143,-0.011049216753718935,0.0,-0.012049216753718936,-1.1103849414971603,止损,1,False
ETH,1,2021-09-02 14:15:00,2021-09-02 14:15:00,3820.523952,0.008200063113683877,-0.00839842310106108,0.0,-0.00939842310106108,-1.146140337063679,止损,1,False
ETH,1,2021-09-02 21:45:00,2021-09-02 22:15:00,3828.435534,0.0077589059769813664,-0.007957354195785965,0.0,-0.008957354195785965,-1.1544609797257601,止损,3,False
ETH,1,2021-09-03 04:15:00,2021-09-03 05:15:00,3825.765,0.008199394615995673,-0.00839775473707248,0.0,-0.00939775473707248,-1.1461522682100216,止损,5,False
ETH,1,2021-09-03 09:15:00,2021-09-03 14:45:00,3930.745992,0.009540790986349386,0.012122774274197464,0.0,0.011122774274197465,1.1658125924896083,保本/跟踪,23,False
ETH,1,2021-09-04 00:30:00,2021-09-04 01:30:00,3963.74259,0.009712229260748073,-0.009910286814895843,0.0,-0.010910286814895843,-1.123355567705729,止损,5,False
ETH,1,2021-09-05 10:15:00,2021-09-05 10:45:00,3944.158674,0.006780618236317965,-0.006979262112670688,0.0,-0.007979262112670688,-1.1767750129232486,止损,3,False
ETH,1,2021-09-05 19:30:00,2021-09-05 20:00:00,3950.79,0.005757199175551245,-0.005956047735716093,0.0,-0.006956047735716093,-1.2082346855839081,止损,3,False
ETH,1,2021-09-05 21:15:00,2021-09-05 21:15:00,3980.926026,0.0065085531745889946,-0.006707251463954116,0.0,-0.007707251463954116,-1.1841727734583374,止损,1,False
ETH,1,2021-09-06 08:45:00,2021-09-06 11:00:00,3961.832208,0.00507406748108518,-0.00527305266758896,0.0,-0.00627305266758896,-1.2362966576564638,止损,10,False
ETH,-1,2021-09-07 09:45:00,2021-09-07 10:15:00,3696.400572,0.014755465612985411,-0.014958416706107987,-0.0,-0.015958416706107988,-1.081525796926661,止损,3,True
ETH,-1,2021-09-07 15:00:00,2021-09-07 15:00:00,3391.1416360000003,0.024421962787659575,-0.024626847180217088,-0.0,-0.02562684718021709,-1.049336099765345,止损,1,True
ETH,-1,2021-09-08 06:15:00,2021-09-08 08:30:00,3375.5647519999998,0.018637871292194536,0.017172626526741015,-0.0001,0.016272626526741014,0.8730946936818864,保本/跟踪,10,True
ETH,-1,2021-09-09 21:00:00,2021-09-09 21:30:00,3432.3134,0.011594510645653103,-0.011796829547782217,-0.0,-0.012796829547782218,-1.1036972528530022,止损,3,False
ETH,-1,2021-09-10 08:15:00,2021-09-10 08:15:00,3389.002064,0.012272389660758562,-0.012474844138690684,-0.0,-0.013474844138690684,-1.0979804676327232,止损,1,False
ETH,-1,2021-09-10 14:15:00,2021-09-10 22:15:00,3303.929082,0.014360974733905274,0.028765306540115915,-0.0001,0.027865306540115913,1.940349249019138,保本/跟踪,33,True
ETH,-1,2021-09-11 23:00:00,2021-09-12 02:15:00,3253.6691360000004,0.009296034768841064,-0.009497893975794904,-0.0001,-0.010397893975794905,-1.118530022138806,止损,14,False
ETH,1,2021-09-12 12:45:00,2021-09-12 12:45:00,3469.113684,0.00829874620971053,-0.008497086460468477,0.0,-0.009497086460468478,-1.1444001564182968,止损,1,False
ETH,-1,2021-09-13 07:30:00,2021-09-13 11:45:00,3211.4275860000002,0.013821448487273055,-0.01402421277697058,-0.0001,-0.01492421277697058,-1.079786448628229,止损,18,True
ETH,1,2021-09-14 15:30:00,2021-09-14 18:30:00,3385.677,0.010373892619936636,-0.010571817841412716,0.0001,-0.011671817841412715,-1.1251145803246232,止损,13,False
ETH,1,2021-09-15 00:00:00,2021-09-15 00:45:00,3435.977058,0.00972168148714113,-0.009919737150843632,0.0,-0.010919737150843632,-1.1232354367181407,止损,4,False
ETH,1,2021-09-15 16:15:00,2021-09-16 00:45:00,3521.6941979999997,0.010191046534156017,0.01610524574717102,0.0001,0.01500524574717102,1.4723949789533266,保本/跟踪,35,False
ETH,1,2021-09-16 04:30:00,2021-09-16 08:00:00,3663.2325,0.011356955345133446,-0.011554683954064409,0.0001,-0.012654683954064407,-1.1142672987163809,止损,15,False
ETH,-1,2021-09-17 18:00:00,2021-09-18 03:15:00,3412.7073219999997,0.009330068804901259,-0.009531934818662187,-0.0001,-0.010431934818662187,-1.1180983802801217,止损,38,False
ETH,-1,2021-09-18 16:45:00,2021-09-18 22:00:00,3459.278006,0.007377945118553066,0.013225845105213229,-0.0,0.01222584510521323,1.6570799739983584,保本/跟踪,22,False
ETH,-1,2021-09-19 11:45:00,2021-09-19 12:15:00,3366.1266400000004,0.007217791098692399,0.007420333807152012,-0.0,0.006420333807152012,0.8895150495994741,保本/跟踪,3,False
ETH,-1,2021-09-20 02:45:00,2021-09-20 08:30:00,3223.915088,0.012563154412087446,0.024148994860153015,-0.0001,0.023248994860153013,1.8505698567060793,保本/跟踪,24,False
ETH,-1,2021-09-20 11:15:00,2021-09-20 12:45:00,3081.613554,0.016246801508467735,0.025550296265785002,-0.0,0.024550296265785,1.5110848897236502,保本/跟踪,7,True
ETH,-1,2021-09-20 18:45:00,2021-09-20 20:00:00,3029.084062,0.017010979788792794,-0.017214381984750483,-0.0,-0.018214381984750484,-1.0707426739023298,止损,6,True
ETH,-1,2021-09-21 00:15:00,2021-09-21 01:30:00,2895.8707099999997,0.021092601138154296,-0.0212968196583818,-0.0,-0.0222968196583818,-1.0570919874860383,止损,6,True
ETH,-1,2021-09-21 19:15:00,2021-09-21 21:30:00,2869.545976,0.019430355984183367,0.0296106675796994,-0.0,0.0286106675796994,1.4724726403874926,保本/跟踪,10,True
ETH,1,2021-09-23 03:30:00,2021-09-23 10:15:00,3110.7020159999997,0.011836105110585492,-0.012033737889563316,0.0001,-0.013133737889563315,-1.1096334281297737,止损,28,False
ETH,1,2021-09-23 17:30:00,2021-09-23 18:00:00,3165.252924,0.011096993013406348,-0.0112947736148037,0.0,-0.0122947736148037,-1.1079374024972626,止损,3,False
ETH,-1,2021-09-24 11:15:00,2021-09-24 11:45:00,2756.478594,0.024520048754519748,-0.024724952764270645,-0.0,-0.025724952764270646,-1.0491395438000015,止损,3,True
ETH,-1,2021-09-26 04:45:00,2021-09-26 05:15:00,2827.214444,0.011830698542144287,-0.012033064681852768,-0.0,-0.01303306468185277,-1.1016310351772818,止损,3,False
ETH,-1,2021-09-26 07:00:00,2021-09-26 08:00:00,2813.03728,0.011887273580671646,0.006192973720888264,-2.634e-05,0.005219313720888264,0.4390673509335827,保本/跟踪,5,False
ETH,1,2021-09-26 16:00:00,2021-09-26 23:00:00,3051.8302439999998,0.013281560311716926,-0.01347890399965462,0.0,-0.01447890399965462,-1.0901508301612277,止损,29,True
ETH,1,2021-09-27 01:00:00,2021-09-27 06:45:00,3137.22732,0.013461190011932527,-0.013658497773930089,0.0,-0.01465849777393009,-1.0889451646500956,止损,24,True
ETH,-1,2021-09-28 07:30:00,2021-09-28 08:00:00,2888.932098,0.010721369810537104,-0.010923514084499158,-2.806e-05,-0.011895454084499157,-1.1095087936252463,止损,3,False
ETH,-1,2021-09-28 17:00:00,2021-09-28 20:00:00,2818.656156,0.014281067399921446,-0.01448392361340141,-0.0,-0.01548392361340141,-1.0842273325792566,止损,13,True
ETH,-1,2021-09-29 16:30:00,2021-09-29 20:45:00,2848.2902280000003,0.01147264188890953,0.01012042963958118,-0.0,0.009120429639581179,0.7949720498464955,保本/跟踪,18,False
ETH,1,2021-09-30 12:45:00,2021-09-30 13:30:00,3024.164712,0.01072957418153189,-0.010927428266695639,0.0,-0.011927428266695638,-1.1116404122752173,止损,4,False
ETH,1,2021-10-01 08:15:00,2021-10-01 12:45:00,3100.149906,0.009873466754303784,0.03905538627124906,0.0,0.03805538627124906,3.8543084428436396,保本/跟踪,19,False
ETH,1,2021-10-01 19:15:00,2021-10-02 03:15:00,3301.520172,0.011175677766786527,-0.011373442631233069,0.0001,-0.012473442631233067,-1.1161240411121574,止损,33,False
ETH,1,2021-10-02 15:00:00,2021-10-02 20:15:00,3368.303526,0.010248824520981097,0.01661361370763045,0.0001,0.01551361370763045,1.5136968806394753,保本/跟踪,22,False
ETH,1,2021-10-05 20:00:00,2021-10-05 22:45:00,3492.4383479999997,0.007782934434182265,0.005217617524052037,0.0,0.004217617524052037,0.5419058273867076,保本/跟踪,12,False
ETH,1,2021-10-08 08:30:00,2021-10-08 12:15:00,3624.2447039999997,0.007483741538151432,-0.007682244789843749,0.0,-0.008682244789843748,-1.1601476007131535,止损,16,False
ETH,1,2021-10-08 14:45:00,2021-10-08 15:30:00,3659.08167,0.00981365901331498,-0.010011696281512356,0.0,-0.011011696281512356,-1.1220785505764876,止损,4,False
ETH,-1,2021-10-10 17:15:00,2021-10-10 20:15:00,3515.8066980000003,0.007856271718546566,-0.008057842972890314,-0.0,-0.009057842972890313,-1.152944207811341,止损,13,False
ETH,-1,2021-10-10 23:45:00,2021-10-11 01:00:00,3423.16523,0.01096747877616374,-0.011169672271918955,-0.0001,-0.012069672271918956,-1.1004965241556406,止损,6,False
ETH,-1,2021-10-12 03:15:00,2021-10-12 03:30:00,3456.3985820000003,0.010250081513441537,-0.0104521315297442,-0.0,-0.0114521315297442,-1.1172722397111032,止损,2,False
ETH,-1,2021-10-12 10:00:00,2021-10-12 13:30:00,3438.692124,0.009887673595993275,-0.010089651130712484,-0.0,-0.011089651130712485,-1.1215632295150075,止损,15,False
ETH,-1,2021-10-13 07:45:00,2021-10-13 10:00:00,3437.002462,0.008132141538881752,-0.008333767967189471,-0.0001,-0.009233767967189471,-1.1354657224103362,止损,10,False
ETH,1,2021-10-13 23:00:00,2021-10-14 06:00:00,3608.07147,0.008002059362037179,0.007689817689175328,0.00018908,0.006500737689175327,0.8123830872857156,保本/跟踪,29,False
ETH,1,2021-10-14 11:15:00,2021-10-14 15:00:00,3719.49375,0.007807626756391053,0.012278184301423242,0.0,0.01127818430142324,1.4445086392214266,保本/跟踪,16,False
ETH,1,2021-10-14 15:30:00,2021-10-14 16:00:00,3823.244496,0.009829891505518407,-0.010027925527217204,0.00032142,-0.011349345527217204,-1.1545748517006307,止损,3,False
ETH,1,2021-10-15 02:45:00,2021-10-15 08:15:00,3817.343316,0.00952456827730023,-0.009722663363644697,0.00039194,-0.011114603363644698,-1.1669403840732577,止损,23,False
ETH,1,2021-10-15 17:00:00,2021-10-15 21:45:00,3868.483542,0.008159847628292022,-0.008358215658766264,0.0,-0.009358215658766263,-1.146861569610593,止损,20,False
ETH,1,2021-10-16 09:00:00,2021-10-16 12:30:00,3945.8290079999997,0.007131159691579924,-0.007329733459641566,0.0,-0.008329733459641567,-1.1680755753481236,止损,15,False
ETH,1,2021-10-17 04:15:00,2021-10-17 04:45:00,3907.6113659999996,0.006912099141455702,-0.0071107167216273425,0.0,-0.008110716721627342,-1.173408620976349,止损,3,False
ETH,-1,2021-10-18 11:45:00,2021-10-18 13:30:00,3743.5111480000005,0.011260916538673975,-0.011463168721981665,-0.0,-0.012463168721981666,-1.1067632620469863,止损,8,False
ETH,-1,2021-10-18 19:15:00,2021-10-18 19:45:00,3711.2576,0.010207396461665512,-0.010409437940957831,-0.0,-0.01140943794095783,-1.11776180966485,止损,3,False
ETH,1,2021-10-20 13:45:00,2021-10-20 15:15:00,3987.217284,0.0074691607477578225,0.012125316210408958,0.0,0.011125316210408957,1.4895001709192939,保本/跟踪,7,False
ETH,1,2021-10-20 16:15:00,2021-10-21 01:45:00,4092.138264,0.009739822797133847,0.023955200792,0.00050619,0.022449010792,2.3048685032140526,保本/跟踪,39,False
ETH,1,2021-10-21 08:45:00,2021-10-21 11:30:00,4204.010634,0.008806467479675504,0.02892928901966784,0.0,0.02792928901966784,3.1714520134351263,保本/跟踪,12,False
ETH,-1,2021-10-23 11:00:00,2021-10-23 11:00:00,3958.048232,0.00716268797874219,-0.007364120516337878,-0.0,-0.008364120516337878,-1.167734870088068,止损,1,False
ETH,1,2021-10-23 23:15:00,2021-10-24 04:15:00,4144.708776,0.006962683697092051,-0.007161291160352616,0.00018961,-0.008350901160352616,-1.1993796535436976,止损,21,False
ETH,1,2021-10-25 01:00:00,2021-10-25 17:15:00,4136.687172,0.008135700003488074,0.013799613753194797,0.0009635,0.011836113753194797,1.4548365534766794,保本/跟踪,66,False
ETH,1,2021-10-26 00:30:00,2021-10-26 00:30:00,4264.3426979999995,0.006824501697448869,-0.007023136797109348,0.0,-0.008023136797109347,-1.175637013924189,止损,1,False
ETH,1,2021-10-27 04:30:00,2021-10-27 06:45:00,4282.686366,0.009591061756935006,-0.009789143544583635,0.0,-0.010789143544583636,-1.1249164918349457,止损,10,False
ETH,-1,2021-10-27 16:30:00,2021-10-27 17:15:00,3954.688904,0.013063690877651083,-0.013266303615826685,-0.0,-0.014266303615826686,-1.0920576542600982,止损,4,True
ETH,-1,2021-10-28 00:00:00,2021-10-28 00:15:00,3922.795284,0.010213407299358396,-0.010415449980818234,-0.0,-0.011415449980818233,-1.1176926216910343,止损,2,False
ETH,1,2021-10-28 17:30:00,2021-10-28 18:30:00,4227.735378,0.008572535338920998,-0.008770820831853309,0.0,-0.009770820831853308,-1.1397819251315136,止损,5,False
ETH,1,2021-10-28 20:00:00,2021-10-28 21:00:00,4264.012632,0.012628912930304657,-0.012826387147718533,0.0,-0.013826387147718534,-1.094820054902777,止损,5,True
ETH,1,2021-10-29 01:00:00,2021-10-29 07:30:00,4359.881802,0.011921848201781266,-0.012119463832140886,0.0,-0.013119463832140885,-1.1004555342501914,止损,27,False
ETH,1,2021-10-29 16:00:00,2021-10-29 18:15:00,4445.368895999999,0.010708545990944437,-0.010906404281746315,0.0,-0.011906404281746316,-1.111860031400606,止损,10,False
ETH,1,2021-11-01 14:00:00,2021-11-01 14:30:00,4380.195863999999,0.008319011830403743,-0.008517348028037813,0.0,-0.009517348028037814,-1.1440479016094767,止损,3,False
ETH,1,2021-11-01 20:00:00,2021-11-01 20:30:00,4368.62355,0.008808639577882402,-0.009006877849966835,0.0,-0.010006877849966834,-1.1360298899154742,止损,3,False
ETH,1,2021-11-02 09:45:00,2021-11-02 11:45:00,4404.860795999999,0.007228712934784706,0.008251506426761156,0.0,0.007251506426761156,1.003153188151485,保本/跟踪,9,False
ETH,1,2021-11-02 14:00:00,2021-11-02 14:15:00,4494.358692,0.007543809286379606,-0.007742300524522275,0.0,-0.008742300524522274,-1.1588708293973644,止损,2,False
ETH,1,2021-11-02 15:45:00,2021-11-03 02:00:00,4512.522324,0.007805950554500496,0.018003653164812,0.0006216700000000001,0.016381983164811997,2.0986532069905333,保本/跟踪,42,False
ETH,-1,2021-11-06 11:15:00,2021-11-06 14:45:00,4370.245776,0.007098539492312686,-0.00729995920021119,-0.0,-0.00829995920021119,-1.1692488587546175,止损,15,False
ETH,1,2021-11-07 10:00:00,2021-11-07 22:15:00,4589.507718,0.005281094398127838,0.005341112109178709,0.00032259,0.004018522109178709,0.7609260138586588,保本/跟踪,50,False
ETH,1,2021-11-08 00:30:00,2021-11-08 04:45:00,4647.949404,0.005314877776691772,0.013739220227080594,0.0,0.012739220227080593,2.396898059057546,保本/跟踪,18,False
ETH,1,2021-11-08 06:30:00,2021-11-08 07:15:00,4756.621134,0.005423886032654776,-0.005622801255448274,0.0,-0.006622801255448274,-1.2210435867522602,止损,4,False
ETH,1,2021-11-10 14:15:00,2021-11-10 18:15:00,4852.1302319999995,0.009084885938276572,-0.00928306896108888,0.00027928,-0.010562348961088881,-1.1626286816202547,止损,17,False
ETH,-1,2021-11-12 16:30:00,2021-11-12 17:00:00,4528.454127999999,0.011010990060420575,-0.011213192258432769,-0.0,-0.01221319225843277,-1.1091820255413323,止损,3,False
ETH,-1,2021-11-14 08:30:00,2021-11-14 10:15:00,4580.193778,0.00578041227174813,-0.005981568354202373,-0.0,-0.006981568354202373,-1.2077976493692182,止损,8,False
ETH,-1,2021-11-14 15:15:00,2021-11-14 17:45:00,4576.664484,0.005380574011198567,0.004541047520882773,-0.0001,0.003641047520882773,0.6767024323621745,保本/跟踪,11,False
ETH,1,2021-11-15 09:15:00,2021-11-15 09:30:00,4749.2296559999995,0.005817353575466889,-0.0060161901047518455,0.0,-0.0070161901047518455,-1.2060793647373822,止损,2,False
ETH,-1,2021-11-16 00:15:00,2021-11-16 01:15:00,4500.609698,0.008493691219022178,0.025148234482607244,-0.0,0.024148234482607243,2.8430789229217197,保本/跟踪,5,False
ETH,-1,2021-11-16 09:45:00,2021-11-16 10:15:00,4273.605108,0.012301808481111565,0.023875009136850048,-0.0,0.022875009136850047,1.8594834387133226,保本/跟踪,3,True
ETH,-1,2021-11-17 03:15:00,2021-11-17 03:15:00,4091.821472,0.013797766510443406,-0.014000526063745489,-0.0,-0.015000526063745488,-1.0871705976754806,止损,1,True
ETH,-1,2021-11-18 09:15:00,2021-11-18 15:30:00,4212.827266,0.008677004074437706,0.023113774634404935,-0.0,0.022113774634404934,2.548549527543926,保本/跟踪,26,False
ETH,-1,2021-11-18 16:30:00,2021-11-18 20:45:00,4031.8034780000003,0.015078058180587403,-0.015281073792223442,-0.0,-0.016281073792223443,-1.0797858449163493,止损,18,True
ETH,-1,2021-11-18 23:15:00,2021-11-19 00:00:00,3962.0874240000003,0.013278976206595615,-0.013481632001836823,-0.0001,-0.014381632001836824,-1.0830377114986864,止损,4,True
ETH,1,2021-11-19 20:00:00,2021-11-19 21:00:00,4290.347898,0.00735030014574741,-0.007548830085718239,0.0,-0.008548830085718238,-1.1630586392671665,止损,5,False
ETH,1,2021-11-20 00:15:00,2021-11-20 00:30:00,4321.134054,0.007591915785336055,-0.007790397402178985,0.0,-0.008790397402178985,-1.1578628702860247,止损,2,False
ETH,1,2021-11-20 20:00:00,2021-11-21 02:30:00,4399.149654000001,0.009042488471883619,-0.009240679974189186,0.0001,-0.010340679974189186,-1.1435657348463442,止损,27,False
ETH,-1,2021-11-22 13:15:00,2021-11-22 13:30:00,4138.582118,0.009943050685952418,-0.010145039296089573,-0.0,-0.011145039296089572,-1.1208873059286852,止损,2,False
ETH,-1,2021-11-22 19:30:00,2021-11-23 00:30:00,4082.88326,0.012180430621840151,-0.012382866707964343,-0.0001,-0.013282866707964344,-1.0905087940115572,止损,21,True
ETH,1,2021-11-23 20:45:00,2021-11-23 22:45:00,4374.934812,0.009996796270992647,-0.010194796911738385,0.0,-0.011194796911738386,-1.1198384570686846,止损,9,False
ETH,1,2021-11-25 00:45:00,2021-11-25 05:15:00,4316.083044,0.009121457759350225,-0.00931963346779824,0.0,-0.01031963346779824,-1.1313579188830634,止损,19,False
ETH,1,2021-11-25 10:30:00,2021-11-25 19:15:00,4360.22187,0.007558398909480644,0.02981767566377962,0.00035137,0.02846630566377962,3.766181965875576,保本/跟踪,36,False
ETH,1,2021-11-25 23:15:00,2021-11-26 00:45:00,4532.926404000001,0.007440139366391184,-0.007638651338517785,0.00026113,-0.008899781338517784,-1.1961847621726198,止损,7,False
ETH,-1,2021-11-26 12:00:00,2021-11-26 13:30:00,3983.5031400000003,0.019386390024878703,-0.019590267302883543,-0.0,-0.020590267302883544,-1.0620990951105336,止损,7,True
ETH,-1,2021-11-27 21:15:00,2021-11-27 21:45:00,4040.64171,0.008096031992041562,-0.008297651198439884,-0.0,-0.009297651198439883,-1.1484207581664103,止损,3,False
ETH,-1,2021-11-28 02:45:00,2021-11-28 02:45:00,3995.320776,0.009925282437064347,-0.010127267493551789,-0.0,-0.01112726749355179,-1.121103360444316,止损,1,False
ETH,-1,2021-11-28 17:45:00,2021-11-28 19:00:00,4025.0948200000003,0.008828197859886323,-0.009029963499458294,-0.0,-0.010029963499458294,-1.1361280817042592,止损,6,False
ETH,1,2021-11-29 00:15:00,2021-11-29 19:00:00,4306.191065999999,0.011565757577760535,0.025309686597003105,0.0002,0.024109686597003105,2.084574783355561,保本/跟踪,76,True
ETH,1,2021-11-30 00:15:00,2021-11-30 00:30:00,4478.165454,0.0070195787279031694,-0.007218174812157502,0.0,-0.008218174812157503,-1.1707504297216378,止损,2,False
ETH,1,2021-11-30 11:00:00,2021-11-30 15:30:00,4493.078436,0.009813815358884787,0.041104228872459604,0.0,0.0401042288724596,4.086507378208604,保本/跟踪,19,False
ETH,-1,2021-12-02 18:30:00,2021-12-02 19:00:00,4449.519918,0.011908918236702018,-0.01211130002034933,-0.0,-0.01311130002034933,-1.1009648197887276,止损,3,True
ETH,-1,2021-12-03 16:00:00,2021-12-03 20:30:00,4467.816258,0.009865134216318858,0.06768258194560686,-0.0,0.06668258194560686,6.759419637221038,保本/跟踪,19,False
ETH,-1,2021-12-04 03:30:00,2021-12-04 05:30:00,4102.599316,0.014497759398032524,0.11088578019935497,-0.0,0.10988578019935497,7.579500885789804,保本/跟踪,9,True
ETH,-1,2021-12-05 15:45:00,2021-12-05 16:00:00,4043.311176,0.012667711155301433,-0.012870244697532455,-0.0001,-0.013770244697532456,-1.08703494488581,止损,2,True
ETH,-1,2021-12-06 07:30:00,2021-12-06 07:45:00,4021.505538,0.011162505475816435,-0.011364737976911584,-0.0,-0.012364737976911584,-1.1077027468160965,止损,2,False
ETH,-1,2021-12-06 09:45:00,2021-12-06 11:45:00,3961.95745,0.017320044548065,-0.017523508556974595,-0.0,-0.018523508556974596,-1.06948388646287,止损,9,True
ETH,1,2021-12-07 08:30:00,2021-12-07 12:15:00,4389.92781,0.00773019832192747,-0.007928652282263055,0.0,-0.008928652282263055,-1.1550353445572092,止损,16,False
ETH,-1,2021-12-09 18:30:00,2021-12-09 21:45:00,4124.27498,0.01219308582657797,-0.012395524443743403,-0.0,-0.013395524443743402,-1.0986164318260114,止损,14,True
ETH,-1,2021-12-10 08:00:00,2021-12-10 08:30:00,4028.574124,0.011481603765295272,-0.011683900086048308,-0.0,-0.012683900086048309,-1.1047150158923915,止损,3,False
ETH,-1,2021-12-10 17:30:00,2021-12-10 18:15:00,3938.11222,0.016150606099135715,-0.016353836220355557,-0.0,-0.017353836220355558,-1.0745006171182785,止损,4,True
ETH,-1,2021-12-10 23:15:00,2021-12-11 00:15:00,3945.100822,0.01175995494033385,0.0052361343466451,-0.0001,0.0043361343466451,0.36872031981799436,保本/跟踪,5,True
ETH,-1,2021-12-13 14:15:00,2021-12-13 16:00:00,3941.8414740000003,0.007827680802804207,0.030492835972258013,-4.163e-05,0.029534465972258013,3.773080011346083,保本/跟踪,8,False
ETH,-1,2021-12-13 19:30:00,2021-12-13 20:00:00,3722.8552799999998,0.014287726744615453,-0.014490584289964373,-0.0,-0.015490584289964374,-1.0841881684084025,止损,3,True
ETH,-1,2021-12-14 06:00:00,2021-12-14 07:45:00,3733.013248,0.01048281507224594,-0.010684911635260383,-0.0,-0.011684911635260382,-1.1146730677522954,止损,8,False
ETH,-1,2021-12-14 18:45:00,2021-12-14 19:30:00,3731.3035900000004,0.012328363470535066,-0.012530829143229083,-0.0,-0.013530829143229083,-1.0975365202013976,止损,4,True
ETH,-1,2021-12-15 14:45:00,2021-12-15 16:15:00,3772.805288,0.008257727871658434,0.019668555609661444,-0.0001,0.018768555609661442,2.2728474347135483,保本/跟踪,7,False
ETH,-1,2021-12-17 14:15:00,2021-12-17 15:45:00,3769.056038,0.01132870328135787,-0.011530969022014094,-0.0,-0.012530969022014095,-1.1061256271611097,止损,7,False
ETH,-1,2021-12-20 09:15:00,2021-12-20 10:15:00,3780.94366,0.010318495570096115,-0.010520559269210162,-0.0,-0.01152055926921016,-1.1164960231797483,止损,5,False
ETH,1,2021-12-21 04:00:00,2021-12-21 15:30:00,4008.8816159999997,0.009736361799391652,-0.009934414527031669,0.0001,-0.011034414527031668,-1.1333200998879396,止损,47,False
ETH,-1,2021-12-23 08:00:00,2021-12-23 10:45:00,3909.06803,0.0071898478971576685,-0.007391285866737047,-0.0,-0.008391285866737047,-1.1671020008718596,止损,12,False
ETH,1,2021-12-23 19:30:00,2021-12-23 21:30:00,4126.015038,0.00846842957339343,-0.008666735887478714,0.0,-0.009666735887478715,-1.1415027784903813,止损,9,False
ETH,1,2021-12-24 08:15:00,2021-12-24 08:45:00,4116.193074,0.005394335248045732,-0.005593256380996105,0.0,-0.006593256380996105,-1.2222555843900729,止损,3,False
ETH,1,2021-12-25 12:45:00,2021-12-25 13:00:00,4092.8184,0.0053018819271888765,-0.0055008215508033885,0.0,-0.0065008215508033885,-1.2261347272684748,止损,2,False
ETH,-1,2021-12-28 03:15:00,2021-12-28 05:00:00,3933.633116,0.007628431885582994,0.00407332369458541,-0.0,0.0030733236945854102,0.4028775167270875,保本/跟踪,8,False
ETH,-1,2021-12-28 16:30:00,2021-12-28 19:45:00,3838.4621540000003,0.008610116773023813,0.0079542734764608,-0.0,0.006954273476460799,0.8076863136454893,保本/跟踪,14,False
ETH,-1,2021-12-29 05:45:00,2021-12-29 09:45:00,3789.661916,0.005428354066944296,-0.005629439737757659,-0.0001,-0.0065294397377576585,-1.2028396927013976,止损,17,False
ETH,-1,2021-12-29 12:15:00,2021-12-29 14:30:00,3749.160018,0.007763830947553347,-0.007965383713742826,-0.0,-0.008965383713742826,-1.1547628708438236,止损,10,False
ETH,-1,2021-12-29 19:45:00,2021-12-29 20:30:00,3723.015248,0.007234011299526942,-0.0074354581017867846,-0.0,-0.008435458101786784,-1.1660830696156652,止损,4,False
ETH,-1,2021-12-29 23:30:00,2021-12-30 04:00:00,3635.982658,0.011003582342562025,-0.011205783059030576,-9.232e-05,-0.012113463059030577,-1.1008653983689944,止损,19,True
ETH,-1,2021-12-31 19:15:00,2021-12-31 20:30:00,3688.5821360000004,0.00699221365272609,0.006882076500200997,-0.0,0.005882076500200997,0.8412323753733872,保本/跟踪,6,False
ETH,1,2022-01-02 17:00:00,2022-01-02 17:15:00,3839.1576779999996,0.006024449237997361,-0.006223244348149756,0.0,-0.007223244348149756,-1.1989883328406792,止损,2,False
ETH,1,2022-01-04 13:45:00,2022-01-04 15:30:00,3845.208888,0.006209387692136441,0.0034296129501615986,0.0,0.0024296129501615985,0.39128060134471176,保本/跟踪,8,False
ETH,-1,2022-01-05 20:00:00,2022-01-05 22:30:00,3652.809292,0.010727258717454405,0.03477275146627182,-0.0,0.033772751466271816,3.1483114517709834,保本/跟踪,11,True
ETH,-1,2022-01-06 04:00:00,2022-01-06 10:30:00,3447.3104000000003,0.012445475604999427,0.025189654482433696,-0.0001,0.024289654482433694,1.951685516355549,保本/跟踪,27,True
ETH,-1,2022-01-07 00:45:00,2022-01-07 04:45:00,3368.736118,0.00806572229685773,0.049456141807657256,-0.0,0.048456141807657255,6.0076630491648535,保本/跟踪,17,False
ETH,-1,2022-01-07 07:15:00,2022-01-07 07:15:00,3117.0264700000002,0.015590682192593682,-0.015793800329032086,-0.0,-0.016793800329032087,-1.0771690501785705,止损,1,True
ETH,-1,2022-01-08 16:45:00,2022-01-08 18:15:00,3134.6529440000004,0.009228204784279208,0.025549936485181862,-0.0,0.02454993648518186,2.660315528216726,保本/跟踪,7,False
ETH,-1,2022-01-09 10:15:00,2022-01-09 11:00:00,3087.6823400000003,0.007804840942201949,-0.008006401910390332,-0.0,-0.009006401910390333,-1.1539507309740757,止损,4,False
ETH,-1,2022-01-10 12:15:00,2022-01-10 14:30:00,3085.822712,0.007784803834988608,0.03570090045619195,-0.0,0.03470090045619195,4.457517644854404,保本/跟踪,10,False
ETH,1,2022-01-12 00:15:00,2022-01-12 00:30:00,3255.25092,0.006919386872056669,-0.007118002994682213,0.0,-0.008118002994682214,-1.1732257705471059,止损,2,False
ETH,1,2022-01-12 13:45:00,2022-01-13 03:00:00,3361.812228,0.010033147025791488,-0.010231140396386373,-0.00022127,-0.011009870396386371,-1.0973496519171992,止损,54,False
ETH,1,2022-01-13 14:30:00,2022-01-13 15:00:00,3381.6762,0.006170041593750437,-0.006368807585431666,0.0,-0.007368807585431666,-1.1942881540531987,止损,3,False
ETH,-1,2022-01-14 11:00:00,2022-01-14 14:30:00,3222.20543,0.0072746056515851235,-0.00747606057271533,-0.0,-0.00847606057271533,-1.1651573952834697,止损,15,False
ETH,1,2022-01-14 22:00:00,2022-01-14 23:00:00,3330.335934,0.007068681618018466,-0.007267267881694823,0.0,-0.008267267881694823,-1.169562915469427,止损,5,False
ETH,1,2022-01-15 14:45:00,2022-01-16 00:00:00,3340.838034,0.007412433653548998,-0.007610951166818241,0.00012224,-0.008733191166818241,-1.178181360535602,止损,38,False
ETH,-1,2022-01-17 05:15:00,2022-01-17 05:45:00,3242.121446,0.006861407986295946,-0.007062780267893174,-0.0,-0.008062780267893175,-1.1750912180119137,止损,3,False
ETH,-1,2022-01-17 12:15:00,2022-01-17 12:15:00,3245.930684,0.007101748948261726,-0.007303169298051416,-0.0,-0.008303169298051416,-1.1691724613954086,止损,1,False
ETH,-1,2022-01-17 16:15:00,2022-01-17 22:30:00,3211.90749,0.008681572248509259,0.012140615519231129,-0.0,0.01114061551923113,1.2832486098522213,保本/跟踪,26,False
ETH,-1,2022-01-18 04:30:00,2022-01-18 06:15:00,3169.7659200000003,0.006816656683257213,-0.0070180200145937375,-0.0,-0.008018020014593737,-1.1762393776244096,止损,8,False
ETH,-1,2022-01-18 08:30:00,2022-01-18 10:30:00,3152.6493440000004,0.006631503861092425,-0.006832830161864684,-0.0,-0.007832830161864684,-1.1811544298150134,止损,9,False
ETH,-1,2022-01-18 13:30:00,2022-01-18 13:45:00,3111.787518,0.008473660887416672,-0.008675355619594071,-0.0,-0.00967535561959407,-1.1418152966165906,止损,2,False
ETH,-1,2022-01-19 07:15:00,2022-01-19 09:45:00,3065.216834,0.007882003210051345,-0.008083579610693276,1.72e-05,-0.009100779610693275,-1.1546277473076532,止损,11,False
ETH,-1,2022-01-21 00:00:00,2022-01-21 02:15:00,2999.320016,0.013952943086082747,0.017155871070841412,-0.0,0.01615587107084141,1.157882675444721,保本/跟踪,10,True
ETH,-1,2022-01-21 03:15:00,2022-01-21 13:00:00,2870.955694,0.01901639467433778,0.031174875020234076,5.915e-05,0.030115725020234074,1.5836716441773584,保本/跟踪,40,True
ETH,-1,2022-01-21 20:00:00,2022-01-21 22:00:00,2739.80193,0.01711023598509024,0.03653595088377249,-0.0,0.03553595088377249,2.076882569868604,保本/跟踪,9,True
ETH,-1,2022-01-22 05:30:00,2022-01-22 08:00:00,2524.7649460000002,0.019287445735841097,0.008142923873051027,-0.0001,0.007242923873051027,0.37552530139290496,保本/跟踪,11,True
ETH,-1,2022-01-22 09:45:00,2022-01-22 10:15:00,2416.126678,0.02436591436474792,0.012363516561575421,-0.0,0.011363516561575422,0.46636938763996943,保本/跟踪,3,True
ETH,-1,2022-01-22 18:45:00,2022-01-22 20:00:00,2332.0335,0.025518380679424316,-0.025723484355560135,-0.0,-0.026723484355560136,-1.0472249274464154,止损,6,True
ETH,-1,2022-01-23 19:45:00,2022-01-23 20:00:00,2383.37323,0.013157772257682472,-0.013360403812134162,-0.0,-0.014360403812134163,-1.0914008489354652,止损,2,True
ETH,-1,2022-01-24 09:30:00,2022-01-24 11:00:00,2347.210464,0.01591240047456317,0.03250593356226686,-0.0,0.03150593356226686,1.979961075805677,保本/跟踪,7,True
ETH,-1,2022-01-24 12:45:00,2022-01-24 14:30:00,2186.16268,0.024615312350587313,-0.024820235413057556,-0.0,-0.025820235413057557,-1.0489501431185981,止损,8,True
ETH,1,2022-01-26 05:00:00,2022-01-26 06:00:00,2497.569414,0.010329451488505817,-0.010527385598208082,0.0,-0.011527385598208081,-1.1159726739638862,止损,5,False
ETH,1,2022-01-26 12:00:00,2022-01-26 15:15:00,2545.038906,0.011405862410956221,0.02876920074695739,0.0,0.02776920074695739,2.4346427956454133,保本/跟踪,14,True
ETH,-1,2022-01-27 20:15:00,2022-01-27 23:45:00,2383.733158,0.015985004822502456,-0.01618820182346701,-0.0,-0.01718820182346701,-1.0752703558319099,止损,15,True
ETH,1,2022-01-28 21:15:00,2022-01-29 14:30:00,2523.674634,0.014241367031098549,0.0223839009340552,9.15e-05,0.021292400934055197,1.4951093450200017,保本/跟踪,70,True
ETH,1,2022-01-29 20:45:00,2022-01-29 20:45:00,2626.965288,0.010763377633173681,-0.010961224957647066,0.0,-0.011961224957647065,-1.1112891664027018,止损,1,False
ETH,1,2022-01-30 07:00:00,2022-01-30 14:15:00,2615.432982,0.007611719199330982,-0.007810196855491058,-6.536e-05,-0.008744836855491059,-1.1488648788120916,止损,30,False
ETH,1,2022-01-31 16:15:00,2022-01-31 19:45:00,2638.897674,0.012103098162960756,0.009217933000023045,0.0,0.008217933000023044,0.6789941624345802,保本/跟踪,15,True
ETH,1,2022-02-01 03:00:00,2022-02-01 04:30:00,2714.582808,0.008137521141520625,0.0069858723756287665,0.0,0.0059858723756287665,0.7355891642587132,保本/跟踪,7,False
ETH,1,2022-02-01 09:15:00,2022-02-01 09:15:00,2784.366762,0.00787161837287726,-0.008070044049202708,0.0,-0.009070044049202707,-1.152246414848411,止损,1,False
ETH,-1,2022-02-03 06:30:00,2022-02-03 07:00:00,2637.032488,0.009891026641216041,-0.01009300484654426,-0.0,-0.011093004846544258,-1.1215220875373602,止损,3,False
ETH,-1,2022-02-03 10:00:00,2022-02-03 15:15:00,2617.046486,0.009615065227148053,-0.009816988240193343,-0.0,-0.010816988240193344,-1.1250041455414854,止损,22,False
ETH,1,2022-02-04 08:15:00,2022-02-04 13:30:00,2843.348556,0.010293729283440356,-0.01049167053758376,0.0,-0.011491670537583761,-1.1163758265986796,止损,22,False
ETH,1,2022-02-04 15:30:00,2022-02-04 22:00:00,2886.687222,0.013190190697001853,0.017706419270681336,0.0001,0.016606419270681336,1.2589976636544,保本/跟踪,27,True
ETH,1,2022-02-05 00:00:00,2022-02-05 01:00:00,2994.238728,0.00999870945057528,-0.010196709708685203,0.0,-0.011196709708685203,-1.1198154885919798,止损,5,False
ETH,1,2022-02-05 04:30:00,2022-02-05 07:00:00,3030.45597,0.009872813022999994,-0.010070838460395418,0.0,-0.01107083846039542,-1.1213459056303883,止损,11,False
ETH,1,2022-02-06 23:45:00,2022-02-07 00:00:00,3069.01368,0.008425868474941237,-0.008624183301246263,-7.25e-06,-0.009616933301246262,-1.141358108051091,止损,2,False
ETH,1,2022-02-07 04:30:00,2022-02-07 09:30:00,3078.5855939999997,0.009963457551426129,-0.010161464859915877,8.15e-05,-0.011242964859915877,-1.1284200090064724,止损,21,False
ETH,1,2022-02-07 14:45:00,2022-02-07 15:15:00,3117.5533859999996,0.007522278566972796,-0.0077207741112594415,0.0,-0.008720774111259441,-1.1593261315193433,止损,3,False
ETH,1,2022-02-07 18:15:00,2022-02-07 21:15:00,3160.962066,0.009899897426029423,-0.010097917446544195,0.0,-0.011097917446544196,-1.1210133771047834,止损,13,False
ETH,1,2022-02-08 06:15:00,2022-02-08 06:30:00,3214.09269,0.008622109055733402,-0.008820384633922219,0.0,-0.009820384633922218,-1.138977084428317,止损,2,False
ETH,1,2022-02-08 23:30:00,2022-02-09 00:15:00,3133.546584,0.008481863800858802,-0.008680167428098576,0.0001,-0.009780167428098577,-1.1530682003062014,止损,4,False
ETH,1,2022-02-09 12:45:00,2022-02-09 21:45:00,3189.667806,0.009199103154177907,0.013527061392502664,7.116e-05,0.012455901392502664,1.354034320926778,保本/跟踪,37,False
ETH,1,2022-02-10 10:15:00,2022-02-10 13:30:00,3246.429156,0.007157133381524302,-0.007355701954848028,0.0,-0.008355701954848027,-1.1674648926367301,止损,14,False
ETH,-1,2022-02-11 19:15:00,2022-02-11 23:30:00,2993.5011799999997,0.01219222376911153,0.020878099417395473,-0.0,0.019878099417395472,1.630391616314964,保本/跟踪,18,True
ETH,-1,2022-02-12 06:15:00,2022-02-12 08:00:00,2906.86851,0.008756176637500383,-0.008957927872827853,-0.0001,-0.009857927872827854,-1.1258256064192405,止损,8,False
ETH,-1,2022-02-13 17:15:00,2022-02-13 18:00:00,2871.665552,0.00815067850629194,-0.008352308641993239,-0.0,-0.00935230864199324,-1.1474270068158985,止损,4,False
ETH,1,2022-02-15 07:45:00,2022-02-15 12:00:00,3047.6694119999997,0.0057928480455503905,0.012422054002809053,4.572e-05,0.011376334002809052,1.9638585223286593,保本/跟踪,18,False
ETH,1,2022-02-15 13:15:00,2022-02-15 13:30:00,3117.1132979999998,0.006697688143144763,-0.006896348605516085,0.0,-0.007896348605516086,-1.1789662995280215,止损,2,False
ETH,1,2022-02-15 22:30:00,2022-02-16 00:15:00,3129.0556859999997,0.006501317640672984,0.010686729462990341,0.0001,0.009586729462990343,1.4745825373943693,保本/跟踪,8,False
ETH,-1,2022-02-17 15:00:00,2022-02-18 01:30:00,2972.175446,0.012249658785678517,0.026033933271611662,-9.060000000000005e-06,0.025042993271611663,2.0443829260689497,保本/跟踪,43,True
ETH,-1,2022-02-18 14:45:00,2022-02-18 14:45:00,2804.029082,0.011794977798919833,-0.011997336794479532,-0.0,-0.012997336794479532,-1.101938216082934,止损,1,False
ETH,-1,2022-02-18 18:15:00,2022-02-18 18:45:00,2754.7489400000004,0.014977300850258422,-0.015180296310428568,-0.0,-0.01618029631042857,-1.0803212456101121,止损,3,True
ETH,-1,2022-02-19 10:30:00,2022-02-19 13:15:00,2765.836722,0.007033136727938632,0.013465175182881043,-0.0,0.012465175182881042,1.7723493321783474,保本/跟踪,12,False
ETH,-1,2022-02-20 04:45:00,2022-02-20 07:15:00,2686.072678,0.009022558556862563,0.012411420494831134,-0.0,0.011411420494831133,1.2647654679006324,保本/跟踪,11,False
ETH,-1,2022-02-20 08:45:00,2022-02-20 10:15:00,2609.8579240000004,0.010665923656961866,-0.010868056841693246,-0.0,-0.011868056841693245,-1.1127078369763805,止损,7,False
ETH,-1,2022-02-20 21:30:00,2022-02-20 22:00:00,2584.023092,0.009689330407984306,-0.009891268274065765,-0.0,-0.010891268274065766,-1.1240475673211667,止损,3,False
ETH,-1,2022-02-21 11:45:00,2022-02-21 14:15:00,2621.0856780000004,0.011204717088000382,-0.011406958031417924,-0.0,-0.012406958031417923,-1.1072977509360833,止损,11,False
ETH,-1,2022-02-21 22:00:00,2022-02-21 22:15:00,2580.053886,0.018964667580730274,-0.01916846051424634,-0.0,-0.020168460514246343,-1.0634755620361744,止损,2,True
ETH,-1,2022-02-22 06:00:00,2022-02-22 08:15:00,2501.4896019999996,0.016082502313922695,-0.016285718814385505,3.63e-05,-0.017322018814385505,-1.077072365746825,止损,10,True
ETH,1,2022-02-23 11:30:00,2022-02-23 15:00:00,2726.5452,0.009557319999629344,-0.009755408535629426,0.0,-0.010755408535629427,-1.1253582108840707,止损,15,False
ETH,-1,2022-02-24 01:00:00,2022-02-24 07:30:00,2558.6281719999997,0.01220259231526414,0.0782548975778248,-0.0,0.0772548975778248,6.3310234073121645,保本/跟踪,27,True
ETH,1,2022-02-25 13:00:00,2022-02-25 15:00:00,2707.5414,0.013540952815292539,-0.013738244624729437,0.0,-0.014738244624729436,-1.0884200562374555,止损,9,True
ETH,1,2022-02-25 23:30:00,2022-02-25 23:30:00,2811.632214,0.014855086590655545,-0.01505211557333743,0.0,-0.01605211557333743,-1.080580410984266,止损,1,True
ETH,1,2022-02-26 19:15:00,2022-02-26 22:15:00,2821.81425,0.009002245977749368,-0.009200445528553796,0.0,-0.010200445528553797,-1.1331000678903898,止损,13,False
ETH,1,2022-02-27 10:45:00,2022-02-27 13:30:00,2798.039496,0.009147485438573836,-0.009345655941486114,0.0,-0.010345655941486114,-1.130983592262387,止损,12,False
ETH,1,2022-02-28 22:45:00,2022-03-01 10:00:00,2919.313746,0.013907382890139139,-0.014104601413561013,0.0002,-0.015304601413561015,-1.1004659564246668,止损,46,True
ETH,1,2022-03-01 12:30:00,2022-03-01 14:30:00,2943.698622,0.010967219292879528,0.013593004648068402,0.0,0.012593004648068402,1.148240434678316,保本/跟踪,9,False
ETH,-1,2022-03-03 17:30:00,2022-03-03 17:30:00,2790.631762,0.01144153543074594,-0.01164382373783205,-0.0,-0.012643823737832051,-1.1050810281857184,止损,1,False
ETH,-1,2022-03-04 01:00:00,2022-03-04 14:30:00,2732.80333,0.011654893720357442,0.01072625303043681,-0.0001,0.00982625303043681,0.8431010411766715,保本/跟踪,55,False
ETH,-1,2022-03-04 19:15:00,2022-03-04 22:45:00,2633.4732,0.011801310780320533,0.008516970364962826,-0.0,0.007516970364962826,0.6369606313137581,保本/跟踪,15,False
ETH,-1,2022-03-06 04:15:00,2022-03-06 04:30:00,2628.4442059999997,0.005729349481743179,-0.005930495351639499,-0.0,-0.006930495351639499,-1.2096478620694764,止损,2,False
ETH,-1,2022-03-06 10:00:00,2022-03-06 13:00:00,2606.8185320000002,0.006006482533193514,-0.006207683829700132,-0.0,-0.007207683829700132,-1.1999841487706726,止损,13,False
ETH,-1,2022-03-07 19:30:00,2022-03-07 20:15:00,2506.9685059999997,0.011428716478298642,0.011586978536918788,-0.0,0.010586978536918788,0.9263488648985051,保本/跟踪,4,False
ETH,1,2022-03-09 03:30:00,2022-03-09 11:30:00,2662.602414,0.010222966561158939,0.029980661191611996,0.0001,0.028880661191611996,2.825076362994374,保本/跟踪,33,False
ETH,-1,2022-03-10 13:45:00,2022-03-10 13:45:00,2552.58938,0.01094380748798934,-0.011145996249487072,-0.0,-0.012145996249487073,-1.1098510516396707,止损,1,False
ETH,-1,2022-03-11 02:15:00,2022-03-11 05:30:00,2534.2730440000005,0.00941664661751374,-0.009618529946837163,-0.0,-0.010618529946837162,-1.1276338996398223,止损,14,False
ETH,-1,2022-03-11 21:00:00,2022-03-11 21:00:00,2530.1238740000003,0.00889370797906739,-0.009095486720663185,-0.0,-0.010095486720663186,-1.1351268497261606,止损,1,False
ETH,-1,2022-03-13 23:00:00,2022-03-14 00:15:00,2502.419416,0.007837029161803,-0.008038596567635333,0.00010352,-0.009142116567635333,-1.1665283334906058,止损,6,False
ETH,-1,2022-03-14 18:30:00,2022-03-14 19:45:00,2516.4966,0.007949414598802211,-0.00815100448172202,-0.0,-0.00915100448172202,-1.1511545118178717,止损,6,False
ETH,1,2022-03-16 02:15:00,2022-03-16 02:30:00,2721.8642640000003,0.01142330743181284,-0.011621022770326441,0.0,-0.01262102277032644,-1.1048483852564517,止损,2,False
ETH,1,2022-03-16 14:30:00,2022-03-16 17:00:00,2704.570806,0.009209906840732945,-0.00940806485936486,5.316e-05,-0.010461224859364859,-1.1358665228944196,止损,11,False
ETH,1,2022-03-16 19:30:00,2022-03-17 14:30:00,2743.258542,0.014726458531216773,0.023825054365848097,0.0002,0.022625054365848097,1.5363540608142874,保本/跟踪,77,True
ETH,1,2022-03-17 19:45:00,2022-03-17 20:15:00,2825.524992,0.007563566720503264,-0.007762054007159243,0.0,-0.008762054007159244,-1.15845530699255,止损,3,False
ETH,1,2022-03-18 15:30:00,2022-03-18 20:30:00,2871.734232,0.009624919245610571,0.026969700728832754,5.917e-05,0.025910530728832752,2.6920257788811277,保本/跟踪,21,False
ETH,1,2022-03-19 16:45:00,2022-03-19 17:00:00,2981.49618,0.0067820758989249365,-0.0069807194837451,0.0,-0.0079807194837451,-1.1767369759176785,止损,2,False
ETH,1,2022-03-22 02:30:00,2022-03-22 05:15:00,2961.652212,0.008181269577265138,0.018559727281400012,0.0,0.01755972728140001,2.1463328051426873,保本/跟踪,12,False
ETH,1,2022-03-23 15:45:00,2022-03-23 16:45:00,3030.9560699999997,0.007324947068852836,-0.007523482079439073,-3.582e-05,-0.008487662079439072,-1.1587335716773075,止损,5,False
ETH,1,2022-03-23 23:45:00,2022-03-24 00:30:00,3018.913662,0.006872113501773087,0.009393851492323649,-1.813e-05,0.008411981492323648,1.224074877423555,保本/跟踪,4,False
ETH,1,2022-03-24 06:30:00,2022-03-24 07:15:00,3055.170912,0.0071814853541187764,-0.007380049057047939,0.0,-0.00838004905704794,-1.1668963513574186,止损,4,False
ETH,1,2022-03-24 15:00:00,2022-03-24 18:00:00,3078.2155199999997,0.008304999029321055,0.004841832041415116,0.0001,0.003741832041415116,0.45055177348058234,保本/跟踪,13,False
ETH,1,2022-03-25 01:45:00,2022-03-25 08:00:00,3125.27493,0.006663979226326746,-0.0068626464304814205,0.0001,-0.00796264643048142,-1.19487863933071,止损,26,False
ETH,1,2022-03-25 11:00:00,2022-03-25 14:00:00,3147.9794699999998,0.0060664421573594,0.005932847087277758,0.0,0.004932847087277758,0.8131367545132792,保本/跟踪,13,False
ETH,1,2022-03-27 02:15:00,2022-03-27 02:30:00,3166.6532039999997,0.004435535515030802,-0.004634648407927847,0.0,-0.005634648407927847,-1.2703423045162379,止损,2,False
ETH,1,2022-03-27 20:45:00,2022-03-28 00:45:00,3230.6459999999997,0.006507786873698602,0.019294986823068905,0.0001,0.018194986823068904,2.795879332896478,保本/跟踪,17,False
ETH,1,2022-03-28 13:30:00,2022-03-28 16:15:00,3362.652396,0.006096074064810508,-0.0062948548499975245,0.0001,-0.007394854849997525,-1.2130520022196267,止损,12,False
ETH,1,2022-03-28 18:45:00,2022-03-28 21:30:00,3404.3407319999997,0.00801314541281585,-0.008211542783733365,0.0,-0.009211542783733366,-1.1495539278497124,止损,12,False
ETH,1,2022-03-29 06:30:00,2022-03-29 07:00:00,3417.043272,0.005685951783628522,-0.005884814593271729,0.0,-0.006884814593271729,-1.2108464607623082,止损,3,False
ETH,1,2022-03-29 09:15:00,2022-03-29 13:30:00,3424.2847199999997,0.006028858797673118,0.006498445799341096,0.0,0.005498445799341096,0.912020994995481,保本/跟踪,18,False
ETH,1,2022-03-30 18:00:00,2022-03-30 18:45:00,3436.5171659999996,0.00790536924831289,-0.008103788174463144,0.0,-0.009103788174463143,-1.1515955660649262,止损,4,False
ETH,1,2022-03-31 12:45:00,2022-03-31 13:00:00,3430.9960619999997,0.005164221743322387,-0.005363188898973646,0.0,-0.006363188898973646,-1.2321680236139332,止损,2,False
ETH,-1,2022-03-31 17:00:00,2022-03-31 19:00:00,3270.175834,0.011521378648514047,-0.011723682924243691,-0.0,-0.012723682924243692,-1.1043542020802095,止损,9,False
ETH,-1,2022-04-01 02:00:00,2022-04-01 08:00:00,3255.468776,0.008724782476750771,-0.00892652743324609,-0.0001,-0.00982652743324609,-1.1262776418129823,止损,25,False
ETH,1,2022-04-02 00:45:00,2022-04-02 02:30:00,3479.4957600000002,0.0074408011965576785,-0.00763931303631831,0.0,-0.00863931303631831,-1.1610729554654808,止损,8,False
ETH,1,2022-04-03 06:15:00,2022-04-03 08:45:00,3501.7602119999997,0.006063141140597911,-0.006261928512369869,0.0001,-0.007361928512369869,-1.2142103146957055,止损,11,False
ETH,1,2022-04-03 15:15:00,2022-04-03 16:15:00,3514.712802,0.005580830250626487,-0.005779714084576383,0.0001,-0.0068797140845763835,-1.232740251113011,止损,5,False
ETH,1,2022-04-03 22:00:00,2022-04-03 22:45:00,3527.10528,0.005293134068676173,0.005725305140440504,0.0,0.004725305140440504,0.8927234940834051,保本/跟踪,4,False
ETH,1,2022-04-04 23:00:00,2022-04-05 00:30:00,3527.5153619999996,0.007820792780902523,-0.008019228622346261,0.0001,-0.009119228622346261,-1.16602355769026,止损,7,False
ETH,1,2022-04-05 12:30:00,2022-04-05 12:30:00,3548.3295239999998,0.004567549437635845,-0.004766635927748326,0.0,-0.005766635927748326,-1.2625229363107071,止损,1,False
ETH,-1,2022-04-05 19:15:00,2022-04-05 19:15:00,3426.1046420000002,0.0078402958289723,-0.008041863888138007,-0.0,-0.009041863888138008,-1.15325544920455,止损,1,False
ETH,-1,2022-04-06 00:00:00,2022-04-06 00:30:00,3404.3489940000004,0.00862521703525377,0.02539885807537216,-0.0,0.02439885807537216,2.8287819281122935,保本/跟踪,3,False
ETH,-1,2022-04-06 10:15:00,2022-04-06 10:15:00,3325.514764,0.006601234939334238,-0.006802555186322162,-0.0,-0.007802555186322162,-1.181984167815285,止损,1,False
ETH,-1,2022-04-06 11:30:00,2022-04-06 11:45:00,3285.6227440000002,0.008775405822455045,-0.008977160903619573,-0.0,-0.009977160903619574,-1.1369458125901601,止损,2,False
ETH,-1,2022-04-06 14:00:00,2022-04-06 17:45:00,3250.929684,0.010833556326389899,0.0074673801326881764,-6.028e-05,0.006527660132688177,0.6025408403321063,保本/跟踪,16,False
ETH,-1,2022-04-07 00:00:00,2022-04-07 00:15:00,3166.136646,0.010938776175227425,-0.01114096393046235,-0.0,-0.01214096393046235,-1.1099014858679956,止损,2,False
ETH,-1,2022-04-08 22:15:00,2022-04-09 13:00:00,3203.919088,0.0090723707042388,-0.009274185178379675,-0.0002,-0.010074185178379673,-1.1104247728405547,止损,60,False
ETH,1,2022-04-10 17:15:00,2022-04-10 22:00:00,3281.346138,0.004163776057336368,-0.004362943302124904,0.0,-0.005362943302124904,-1.287999937622885,止损,20,False
ETH,-1,2022-04-11 03:00:00,2022-04-11 07:30:00,3162.057462,0.008249670084568242,-0.008451320018585083,-0.0,-0.009451320018585084,-1.145660362377962,止损,19,False
ETH,-1,2022-04-11 09:30:00,2022-04-11 14:00:00,3133.8731000000002,0.006924216730507716,0.025594820955813277,-0.0,0.024594820955813276,3.5520004518994694,保本/跟踪,19,False
ETH,-1,2022-04-11 16:00:00,2022-04-11 18:45:00,3001.59956,0.009730186104496526,-0.00993213214171729,-0.0,-0.010932132141717291,-1.1235275486319136,止损,12,False
ETH,-1,2022-04-13 13:00:00,2022-04-13 13:30:00,3005.318816,0.006638908761245347,-0.006840236542997585,-0.0,-0.007840236542997585,-1.1809525970239256,止损,3,False
ETH,1,2022-04-13 22:45:00,2022-04-14 09:15:00,3118.313538,0.006892845512337559,-0.007091466943235081,3.393e-05,-0.00812539694323508,-1.178816053354361,止损,43,False
ETH,-1,2022-04-14 19:00:00,2022-04-14 20:30:00,2980.7637280000004,0.007577029937817966,-0.00777854534380554,-0.0,-0.00877854534380554,-1.158573400903519,止损,7,False
ETH,1,2022-04-17 13:45:00,2022-04-17 13:45:00,3075.374952,0.003917523973729668,-0.004116740468934903,0.0,-0.005116740468934903,-1.3061159301760505,止损,1,False
ETH,1,2022-04-17 22:15:00,2022-04-17 22:45:00,3071.3741520000003,0.005714195678840938,-0.005913052839705091,0.0,-0.006913052839705091,-1.2098033088547167,止损,3,False
ETH,-1,2022-04-18 04:15:00,2022-04-18 04:30:00,2960.037874,0.006594194140841289,0.012505075520638476,-0.0,0.011505075520638477,1.7447280554543478,保本/跟踪,2,False
ETH,-1,2022-04-18 16:15:00,2022-04-18 16:30:00,2896.4305980000004,0.007433630266016015,-0.007635116992069153,-0.0,-0.008635116992069154,-1.1616285291381683,止损,2,False
ETH,1,2022-04-19 13:45:00,2022-04-19 16:30:00,3076.685214,0.00622741790521134,0.00813371113396789,2.251e-05,0.007111201133967891,1.1419180858276698,保本/跟踪,12,False
ETH,1,2022-04-20 10:30:00,2022-04-20 12:00:00,3116.213118,0.0049987318932160525,0.00907902185716981,0.0,0.00807902185716981,1.6162142778919835,保本/跟踪,7,False
ETH,1,2022-04-21 10:30:00,2022-04-21 13:45:00,3115.853046,0.0058245803369227495,0.011135165798203624,0.0,0.010135165798203623,1.7400679897838354,保本/跟踪,14,False
ETH,-1,2022-04-21 22:30:00,2022-04-22 02:15:00,2976.764528,0.00890491325839504,-0.009106694241046626,0.00011914,-0.010225834241046627,-1.148336198716624,止损,16,False
ETH,-1,2022-04-22 14:30:00,2022-04-23 04:30:00,2962.547372,0.00889250978125616,0.010886854695969067,-1.1290000000000002e-05,0.009898144695969068,1.1130878615205584,保本/跟踪,57,False
ETH,-1,2022-04-23 23:45:00,2022-04-24 03:15:00,2935.51278,0.00407845574332519,-0.004279271434473802,9.091e-05,-0.0053701814344738015,-1.3167193105534252,止损,15,False
ETH,-1,2022-04-24 11:30:00,2022-04-24 14:30:00,2935.8327160000003,0.0035504439422115765,-0.0037511540310000064,-0.0,-0.004751154031000007,-1.338185902476327,止损,13,False
ETH,-1,2022-04-25 00:15:00,2022-04-25 03:00:00,2898.8801080000003,0.006323389886758222,0.01107741134495153,-0.0,0.01007741134495153,1.5936723063770883,保本/跟踪,12,False
ETH,-1,2022-04-25 06:15:00,2022-04-25 09:30:00,2835.862714,0.006561251688799243,0.005941417732324409,8.588e-05,0.004855537732324409,0.7400322320531203,保本/跟踪,14,False
ETH,-1,2022-04-26 19:30:00,2022-04-26 20:00:00,2822.4354,0.010907062202407492,-0.011109243614848024,-0.0,-0.012109243614848025,-1.1102204599305556,止损,3,True
ETH,-1,2022-04-26 23:30:00,2022-04-27 00:00:00,2783.0532780000003,0.011427045415025096,-0.011629330824108117,0.00014242,-0.012771750824108117,-1.1176774363139317,止损,3,True
ETH,1,2022-04-28 17:30:00,2022-04-28 22:15:00,2951.5801979999997,0.01239769619207488,-0.012595216652836513,0.0,-0.013595216652836514,-1.096592176659978,止损,20,True
ETH,-1,2022-04-29 16:45:00,2022-04-30 16:45:00,2816.88651,0.009695974154557325,0.002330430415529797,0.00019834,0.0011320904155297969,0.11675881118120442,超时,97,False
ETH,-1,2022-04-30 23:15:00,2022-05-01 01:30:00,2737.55238,0.008584665638247788,-0.008786382571375343,7.153e-05,-0.009857912571375343,-1.1483164268454185,止损,10,False
ETH,1,2022-05-02 05:00:00,2022-05-02 08:15:00,2855.6610180000002,0.006267614886087678,-0.006466361363110544,-7.704e-05,-0.007389321363110544,-1.1789686343863812,止损,14,False
ETH,1,2022-05-02 21:30:00,2022-05-03 02:30:00,2852.960478,0.008732633259834909,-0.008930886733182975,8.762e-05,-0.010018506733182976,-1.1472492242703407,止损,21,False
ETH,-1,2022-05-03 19:45:00,2022-05-03 20:45:00,2764.756938,0.00748668664501223,-0.007688183982341251,-0.0,-0.008688183982341252,-1.1604845233010364,止损,5,False
ETH,1,2022-05-04 19:00:00,2022-05-05 13:45:00,2934.1867199999997,0.012258099078738826,-0.012455647458923127,0.0002,-0.013655647458923127,-1.1140102042908342,止损,76,True
ETH,-1,2022-05-05 18:30:00,2022-05-05 20:45:00,2717.0964719999997,0.01340817490533702,-0.013610856540318128,-0.0,-0.014610856540318129,-1.0896976391993805,止损,10,True
ETH,-1,2022-05-06 11:00:00,2022-05-06 12:30:00,2687.022488,0.008323587984254295,-0.008525252701851147,-0.0,-0.009525252701851148,-1.144368596796242,止损,7,False
ETH,-1,2022-05-06 13:45:00,2022-05-06 14:00:00,2641.6715599999998,0.013200331391051014,-0.013402971457329289,-0.0,-0.01440297145732929,-1.0911068086588789,止损,2,True
ETH,-1,2022-05-07 05:00:00,2022-05-07 05:15:00,2654.7689400000004,0.005999934066928532,-0.0062011340537419775,-0.0,-0.0072011340537419775,-1.20020219779321,止损,2,False
ETH,-1,2022-05-07 21:30:00,2022-05-07 22:00:00,2651.429608,0.0052309180079187214,0.0060338152407635294,-0.0,0.005033815240763529,0.962319660362328,保本/跟踪,3,False
ETH,-1,2022-05-07 23:00:00,2022-05-07 23:00:00,2601.839528,0.008771581942366054,-0.008973336258754502,-0.0,-0.009973336258754503,-1.137005425507578,止损,1,False
ETH,-1,2022-05-08 02:15:00,2022-05-08 15:15:00,2567.926312,0.010535091615381617,0.010684685294969694,-0.0001,0.009784685294969692,0.9287707836051179,保本/跟踪,53,True
ETH,-1,2022-05-08 23:45:00,2022-05-09 03:00:00,2518.706158,0.007848439892043427,0.0244964894097489,-0.0001,0.0235964894097489,3.006519733134542,保本/跟踪,14,False
ETH,-1,2022-05-09 10:30:00,2022-05-09 11:45:00,2420.435816,0.010855128771522098,0.011393323118303128,-0.0,0.010393323118303127,0.9574573767903615,保本/跟踪,6,True
ETH,-1,2022-05-09 17:00:00,2022-05-09 17:15:00,2327.5443980000005,0.018070733578735367,0.011296756231111343,-0.0,0.010296756231111343,0.5698028907486076,保本/跟踪,2,True
ETH,-1,2022-05-10 21:15:00,2022-05-10 23:00:00,2318.456216,0.015214195956391787,-0.01541723879558314,-0.0,-0.01641723879558314,-1.0790737047583465,止损,8,True
ETH,-1,2022-05-11 19:45:00,2022-05-12 00:30:00,2108.5782,0.034295323992685055,-0.03450218305748363,0.00018602,-0.03568820305748363,-1.0406142558995992,止损,20,True
ETH,-1,2022-05-12 03:15:00,2022-05-12 04:30:00,2019.526014,0.032017698927303384,0.0429454888913355,-0.0,0.0419454888913355,1.3100719382293304,保本/跟踪,6,True
ETH,-1,2022-05-13 23:45:00,2022-05-14 00:15:00,2008.5782040000001,0.014863823189095392,-0.015066795953733185,-5.029e-05,-0.016016505953733183,-1.0775495476482415,止损,3,True
ETH,1,2022-05-15 18:45:00,2022-05-15 22:15:00,2094.8688899999997,0.009763310441431073,0.022052906003963577,0.0,0.021052906003963576,2.1563286479783095,保本/跟踪,15,False
ETH,1,2022-05-17 07:00:00,2022-05-17 07:15:00,2088.297576,0.008470503104869678,-0.00866880900424869,0.0,-0.009668809004248689,-1.1414680904479106,止损,2,False
ETH,1,2022-05-17 13:45:00,2022-05-17 13:45:00,2119.4238,0.009422031256284871,-0.009620146850033507,0.0,-0.010620146850033506,-1.1271610718707226,止损,1,False
ETH,-1,2022-05-18 07:00:00,2022-05-18 07:45:00,2018.9961200000002,0.008728219608430643,-0.008929965252352349,-0.0,-0.00992996525235235,-1.1376850833085057,止损,4,False
ETH,-1,2022-05-18 13:00:00,2022-05-18 16:30:00,1996.640592,0.009396856422394538,0.01490429882727856,7.218e-05,0.01383211882727856,1.4719942718624421,保本/跟踪,15,False
ETH,-1,2022-05-18 23:30:00,2022-05-19 02:45:00,1922.76537,0.012152087562549123,-0.012354517980061635,5.373e-05,-0.013408247980061636,-1.1033699280923392,止损,14,True
ETH,1,2022-05-23 07:30:00,2022-05-23 08:15:00,2072.9645100000002,0.0068563030477539685,-0.007054931787144374,0.0001,-0.008154931787144375,-1.1894065548657187,止损,4,False
ETH,1,2022-05-23 11:15:00,2022-05-23 11:30:00,2082.6264419999998,0.0067676274002425275,-0.006966273874762464,0.0,-0.007966273874762463,-1.1771147262742303,止损,2,False
ETH,-1,2022-05-24 09:00:00,2022-05-24 09:15:00,1961.847552,0.005544010762169879,-0.005745119564322234,-0.0,-0.006745119564322234,-1.216649796271725,止损,2,False
ETH,-1,2022-05-24 14:00:00,2022-05-24 15:30:00,1930.553812,0.008302252681180742,-0.008503913131716972,-0.0,-0.009503913131716973,-1.1447390842801153,止损,7,False
ETH,-1,2022-05-25 11:15:00,2022-05-25 13:30:00,1951.9595299999999,0.006933492703211604,-0.007134879401752227,-0.0,-0.008134879401752226,-1.1732729448152643,止损,10,False
ETH,-1,2022-05-26 06:15:00,2022-05-26 09:30:00,1915.206882,0.007296178112058895,0.035534924346588725,-3.287e-05,0.03456779434658872,4.73779474893248,保本/跟踪,14,False
ETH,-1,2022-05-26 13:15:00,2022-05-26 13:45:00,1774.654998,0.016401737208178065,-0.016605017555619706,-0.0,-0.017605017555619707,-1.0733629817481574,止损,3,True
ETH,-1,2022-05-26 19:45:00,2022-05-27 02:15:00,1831.873552,0.013341395519554046,0.03742531616969425,-0.0001,0.036525316169694254,2.737743298005092,保本/跟踪,27,True
ETH,-1,2022-05-27 05:45:00,2022-05-27 06:00:00,1723.2652779999999,0.016028202277073005,-0.016231407917528418,-0.0,-0.01723140791752842,-1.0750680344343106,止损,2,True
ETH,-1,2022-05-27 18:45:00,2022-05-27 19:45:00,1717.626406,0.015764561774945212,-0.015967714687300096,-0.0,-0.016967714687300097,-1.0763200988096648,止损,5,True
ETH,1,2022-05-30 02:00:00,2022-05-30 04:30:00,1844.808888,0.007292250136913714,0.012665389595468804,0.0,0.011665389595468804,1.59969685302182,保本/跟踪,11,False
ETH,1,2022-05-30 06:00:00,2022-05-30 12:15:00,1897.889502,0.00849689653786333,-0.008695197158555715,1.622e-05,-0.009711417158555717,-1.1429369670773697,止损,26,False
ETH,1,2022-05-30 20:30:00,2022-05-30 21:30:00,1947.629448,0.010160728255806255,0.01246044194594927,0.0,0.011460441945949269,1.1279154069886972,保本/跟踪,5,True
ETH,1,2022-05-30 23:15:00,2022-05-31 00:45:00,2008.80168,0.01254505661201873,-0.012742547600696366,7.761e-05,-0.013820157600696365,-1.1016417086118233,止损,7,True
ETH,-1,2022-06-01 19:00:00,2022-06-01 20:45:00,1817.78637,0.014218527001570114,0.011933052843364685,-0.0,0.010933052843364686,0.7689300616130896,保本/跟踪,8,True
ETH,-1,2022-06-02 13:30:00,2022-06-02 13:30:00,1796.1107060000002,0.010132114857179068,-0.01033414128015041,-0.0,-0.011334141280150409,-1.1186352938073585,止损,1,True
ETH,-1,2022-06-03 09:15:00,2022-06-03 11:30:00,1795.850758,0.007425034981125539,0.011575244550974046,-0.0,0.010575244550974045,1.4242686502967796,保本/跟踪,10,False
ETH,-1,2022-06-03 13:00:00,2022-06-03 13:30:00,1744.770976,0.012311558593261634,-0.0125140209049802,-0.0,-0.0135140209049802,-1.097669381387398,止损,3,True
ETH,-1,2022-06-04 02:30:00,2022-06-04 04:00:00,1751.7795740000001,0.00701901991989462,-0.007220423723878586,-0.0,-0.008220423723878587,-1.1711640396658118,止损,7,False
ETH,1,2022-06-06 01:00:00,2022-06-06 05:45:00,1835.627052,0.007455950578403237,0.018571693795178066,0.0,0.017571693795178065,2.356734209863984,保本/跟踪,20,False
ETH,1,2022-06-06 08:30:00,2022-06-06 14:45:00,1903.870698,0.007564957074210065,-0.007763444082795251,0.0,-0.008763444082795252,-1.1584261479382332,止损,26,False
ETH,-1,2022-06-07 12:30:00,2022-06-07 12:30:00,1737.50243,0.007589784083147818,-0.007791302039964456,-0.0,-0.008791302039964456,-1.1583072645616443,止损,1,False
ETH,-1,2022-06-09 13:45:00,2022-06-09 13:45:00,1782.2134859999999,0.00802931748071802,-0.00823092334421413,-0.0,-0.009230923344214131,-1.1496523043685474,止损,1,False
ETH,-1,2022-06-10 00:15:00,2022-06-10 00:30:00,1772.505428,0.0070387063925652195,0.0005479204659450971,-0.0,-0.00045207953405490293,-0.06422764480308787,保本/跟踪,2,False
ETH,-1,2022-06-10 12:45:00,2022-06-10 13:45:00,1737.7923720000001,0.008740428367311377,0.0032366253765377076,-0.0,0.0022366253765377076,0.2558942516939488,保本/跟踪,5,False
ETH,-1,2022-06-10 16:30:00,2022-06-11 08:45:00,1670.225888,0.015073619705986642,0.028248480842610346,0.000321,0.026927480842610346,1.7863977841975025,保本/跟踪,66,True
ETH,-1,2022-06-11 09:00:00,2022-06-11 09:00:00,1575.604816,0.012504223097683849,-0.012706723942303296,-0.0,-0.013706723942303295,-1.0961675775636301,止损,1,True
ETH,-1,2022-06-11 15:00:00,2022-06-11 18:30:00,1525.29488,0.01681076242060364,-0.017014124573087742,9.29e-05,-0.018107024573087743,-1.0771090638277878,止损,15,True
ETH,-1,2022-06-12 02:30:00,2022-06-12 06:15:00,1469.1761060000001,0.01585338399389544,0.010089711725823965,-0.0,0.009089711725823964,0.5733609763899039,保本/跟踪,16,True
ETH,-1,2022-06-12 22:15:00,2022-06-13 00:30:00,1469.016138,0.01315835447076114,0.00989146615129273,-1.579e-05,0.008907256151292729,0.6769278157907455,保本/跟踪,10,True
ETH,-1,2022-06-13 01:00:00,2022-06-13 03:30:00,1385.742796,0.020863307356934157,0.024888720911403744,-0.0,0.023888720911403743,1.1450112152742673,保本/跟踪,11,True
ETH,-1,2022-06-13 07:45:00,2022-06-13 09:15:00,1281.3936700000002,0.03116870397413716,0.02812925554720453,2.19e-06,0.02712706554720453,0.8703302379756869,保本/跟踪,7,True
ETH,-1,2022-06-14 01:30:00,2022-06-14 03:15:00,1151.159722,0.03152207824082046,0.01685476155233904,-0.0,0.015854761552339038,0.502973231371764,保本/跟踪,8,True
ETH,-1,2022-06-15 05:30:00,2022-06-15 05:45:00,1105.658824,0.025319692573132695,-0.025524756511647363,-0.0,-0.026524756511647363,-1.0475939403700891,止损,2,True
ETH,-1,2022-06-15 08:15:00,2022-06-15 10:15:00,1051.329692,0.03095114124006789,-0.031157331468315976,-0.0,-0.032157331468315974,-1.0389707836261173,止损,9,True
ETH,-1,2022-06-15 16:45:00,2022-06-15 17:45:00,1077.4844600000001,0.030600052055781566,-0.03080617206619283,-0.0,-0.03180617206619283,-1.039415619562104,止损,5,True
ETH,-1,2022-06-16 09:15:00,2022-06-16 10:45:00,1138.782198,0.019937801990336148,0.013176082102877676,-0.0,0.012176082102877676,0.6107033317303193,保本/跟踪,7,True
ETH,-1,2022-06-18 15:15:00,2022-06-18 20:15:00,989.1421320000001,0.013583356049311228,0.07725848644772934,7.606e-05,0.07618242644772934,5.608512813119724,保本/跟踪,21,True
ETH,1,2022-06-19 20:45:00,2022-06-20 00:00:00,1136.32722,0.02449353352729335,-0.024688634820588015,0.0001,-0.025788634820588015,-1.0528752330426936,止损,14,True
ETH,1,2022-06-20 09:15:00,2022-06-20 13:45:00,1132.0363619999998,0.020182453382306283,-0.020378416891629933,0.0,-0.021378416891629934,-1.0592575880973985,止损,19,True
ETH,1,2022-06-21 05:45:00,2022-06-21 15:30:00,1147.9095360000001,0.017221777359961596,0.018729058386852925,4.698e-05,0.017682078386852925,1.0267278467994523,保本/跟踪,40,True
ETH,-1,2022-06-22 16:15:00,2022-06-22 17:15:00,1060.967764,0.0189359659516521,-0.01913975314484244,-0.0,-0.02013975314484244,-1.0635714700936771,止损,5,True
ETH,-1,2022-06-22 20:45:00,2022-06-22 22:45:00,1048.7202140000002,0.016972609674543244,-0.01717600419647809,-0.0,-0.01817600419647809,-1.0709021502886373,止损,9,True
ETH,1,2022-06-23 20:15:00,2022-06-23 21:30:00,1142.2884119999999,0.0141570256190545,-0.014354194213930565,0.0,-0.015354194213930566,-1.0845635677359196,止损,6,True
ETH,1,2022-06-24 11:15:00,2022-06-24 13:45:00,1170.3640260000002,0.011255640292031835,0.027606998405959232,0.0,0.02660699840595923,2.36388137108424,保本/跟踪,11,False
ETH,1,2022-06-24 19:00:00,2022-06-25 02:45:00,1220.914134,0.012687707598405375,-0.012885170056885614,-3.928e-05,-0.013845890056885614,-1.0912838232988442,止损,32,False
ETH,1,2022-06-25 21:30:00,2022-06-26 12:15:00,1235.29701,0.010782410857666142,0.021907770652285427,0.00012837,0.020779400652285427,1.9271571939323353,保本/跟踪,60,False
ETH,-1,2022-06-28 02:00:00,2022-06-28 04:30:00,1170.485856,0.012712254829471846,-0.012914797280437672,-0.0,-0.013914797280437673,-1.0945971007580713,止损,11,False
ETH,-1,2022-06-28 17:15:00,2022-06-29 00:15:00,1173.555242,0.011916483677305465,0.02001807279941966,-3.172e-05,0.01904979279941966,1.5986085589744343,保本/跟踪,29,False
ETH,-1,2022-06-29 06:00:00,2022-06-29 11:30:00,1132.4434660000002,0.011139316893106445,0.011217319136645018,-1.728e-05,0.010234599136645017,0.918781576541618,保本/跟踪,23,False
ETH,-1,2022-06-29 13:45:00,2022-06-29 13:45:00,1093.261304,0.014189026882957947,-0.014391864688334392,-0.0,-0.015391864688334391,-1.0847723959717872,止损,1,True
ETH,-1,2022-06-30 09:15:00,2022-06-30 14:00:00,1031.6736240000002,0.014208710937658764,0.01334460892574742,-0.0,0.01234460892574742,0.8688056910939944,保本/跟踪,20,True
ETH,-1,2022-07-03 13:45:00,2022-07-03 14:45:00,1044.89098,0.007701946957036858,-0.007903487346428059,-0.0,-0.008903487346428058,-1.1560047603669117,止损,5,False
ETH,1,2022-07-04 12:00:00,2022-07-04 13:45:00,1100.8301219999998,0.009951284168541434,-0.010149293911707708,0.0,-0.011149293911707707,-1.120387451797778,止损,8,False
ETH,1,2022-07-04 23:30:00,2022-07-05 08:15:00,1151.870328,0.013138712151075562,-0.013336084408645235,2.585e-05,-0.014361934408645234,-1.0931006207841714,止损,36,False
ETH,1,2022-07-05 20:15:00,2022-07-05 21:00:00,1164.8129159999999,0.013559262878971235,-0.01375655102639545,0.0,-0.014756551026395451,-1.0883003860984999,止损,4,False
ETH,1,2022-07-06 19:15:00,2022-07-06 19:45:00,1165.4330400000001,0.011897486245172516,-0.01209510674792346,0.0,-0.013095106747923461,-1.1006616421377993,止损,3,False
ETH,1,2022-07-06 22:15:00,2022-07-07 02:15:00,1189.18779,0.012621675760316005,-0.012819151425163806,0.0001,-0.013919151425163805,-1.1027974168792398,止损,17,False
ETH,1,2022-07-07 13:45:00,2022-07-07 17:15:00,1196.529258,0.008759503027602315,0.021412913208259658,6.891e-05,0.02034400320825966,2.322506555925959,保本/跟踪,15,False
ETH,1,2022-07-07 19:45:00,2022-07-07 22:00:00,1245.8291159999999,0.010745554283817748,-0.010943405172960923,0.0,-0.011943405172960924,-1.1114740903544713,止损,10,False
ETH,1,2022-07-08 01:30:00,2022-07-08 01:30:00,1275.1149719999999,0.011967564624294618,-0.012165171111369697,0.0,-0.013165171111369698,-1.100071027370422,止损,1,False
ETH,-1,2022-07-10 14:15:00,2022-07-10 16:30:00,1169.16612,0.0069423641887028905,0.0033078479720979517,-6.604e-05,0.0023738879720979515,0.3419422991321762,保本/跟踪,10,False
ETH,-1,2022-07-10 22:30:00,2022-07-11 00:00:00,1160.7678,0.007888907164669168,-0.008090484946102032,-1.102e-05,-0.009079464946102032,-1.1509154254932588,止损,7,False
ETH,-1,2022-07-11 01:30:00,2022-07-11 14:15:00,1152.429468,0.009469466643757522,0.009081347054711485,-4.204e-05,0.008123387054711485,0.8578505379779333,保本/跟踪,52,False
ETH,-1,2022-07-11 22:00:00,2022-07-12 05:15:00,1121.035748,0.008879223979000218,0.026523925014483002,-6.653e-05,0.025590455014483,2.8820598596235016,保本/跟踪,30,False
ETH,-1,2022-07-12 07:00:00,2022-07-12 10:45:00,1078.174322,0.007003922559801653,0.01343839188156562,2.208e-05,0.012416311881565618,1.7727654432999957,保本/跟踪,16,False
ETH,-1,2022-07-12 19:00:00,2022-07-12 19:45:00,1060.807796,0.00889793922076987,0.01287157958964256,-0.0,0.01187157958964256,1.3341942774717452,保本/跟踪,4,False
ETH,1,2022-07-14 15:45:00,2022-07-14 20:00:00,1132.0063559999999,0.014036992390041485,0.05225210923124664,-5.017e-05,0.05130227923124664,3.6547914115592834,保本/跟踪,18,False
ETH,1,2022-07-15 02:00:00,2022-07-15 02:45:00,1209.3518219999999,0.010020436339258474,-0.010218432251990595,0.0,-0.011218432251990595,-1.1195552640795254,止损,4,False
ETH,1,2022-07-15 09:30:00,2022-07-15 11:45:00,1226.335218,0.011738014655810685,-0.011935667052879509,0.0,-0.012935667052879508,-1.102031939147047,止损,10,False
ETH,1,2022-07-15 18:45:00,2022-07-15 20:30:00,1245.3690239999999,0.012918050135281559,0.020117534801836142,0.0,0.01911753480183614,1.479908701517008,保本/跟踪,8,False
ETH,1,2022-07-16 15:00:00,2022-07-16 16:15:00,1244.5788659999998,0.010181657444201664,0.11263579177633258,3.638e-05,0.11159941177633258,10.960829549405746,保本/跟踪,6,False
ETH,1,2022-07-17 00:15:00,2022-07-17 00:30:00,1381.1561760000002,0.017365676134019518,-0.01756220299879278,0.0,-0.01856220299879278,-1.0689018299972355,止损,2,True
ETH,1,2022-07-17 06:45:00,2022-07-17 09:15:00,1371.964338,0.012413851540861954,-0.012611368770553749,8e-08,-0.013611448770553747,-1.096472656028609,止损,11,False
ETH,1,2022-07-17 17:30:00,2022-07-17 17:45:00,1370.7841019999998,0.013717086072356631,-0.01391434265514214,0.0,-0.014914342655142139,-1.0872821367796386,止损,2,False
ETH,1,2022-07-18 05:30:00,2022-07-18 08:30:00,1435.166976,0.015176522528909464,0.0209268121764405,-8.57e-06,0.0199353821764405,1.3135671981816635,保本/跟踪,13,True
ETH,1,2022-07-18 10:30:00,2022-07-18 11:30:00,1498.509642,0.01539016141233341,-0.015587083380050904,0.0,-0.016587083380050903,-1.0777718917722527,止损,5,True
ETH,1,2022-07-18 16:00:00,2022-07-18 16:30:00,1520.2939979999999,0.016192238128686722,-0.01638899968106088,0.0,-0.01738899968106088,-1.07390958203943,止损,3,True
ETH,1,2022-07-18 23:00:00,2022-07-19 00:15:00,1513.972734,0.016021438678978425,0.0502892213979126,0.0001,0.0491892213979126,3.0702125060999235,保本/跟踪,6,True
ETH,1,2022-07-20 10:30:00,2022-07-20 16:15:00,1596.1891739999999,0.013761982997195887,-0.013959230600596331,2.871e-05,-0.01498794060059633,-1.089082918039518,止损,24,False
ETH,1,2022-07-21 20:00:00,2022-07-22 03:15:00,1579.125762,0.014538667180936639,-0.014735759447500376,0.0001,-0.015835759447500375,-1.0892167246434052,止损,30,False
ETH,1,2022-07-22 09:00:00,2022-07-22 13:45:00,1620.454026,0.014053032585149092,-0.014250221978631935,0.0,-0.015250221978631934,-1.0851908217126034,止损,20,False
ETH,1,2022-07-23 04:45:00,2022-07-23 07:00:00,1590.828102,0.010200590636157822,-0.010398550518030576,0.0,-0.011398550518030577,-1.1174402468055498,止损,10,False
ETH,-1,2022-07-23 17:30:00,2022-07-23 20:45:00,1506.5986200000002,0.012588048099482179,-0.01279056570910204,-0.0,-0.013790565709102039,-1.0955285203962104,止损,14,False
ETH,1,2022-07-24 06:30:00,2022-07-24 08:00:00,1618.9937340000001,0.010859230298354283,-0.01105705845229454,0.0001,-0.01215705845229454,-1.119513825407768,止损,7,False
ETH,1,2022-07-24 22:45:00,2022-07-24 22:45:00,1661.48223,0.013133254034017916,-0.013330627383211075,0.0,-0.014330627383211076,-1.091171110076125,止损,1,False
ETH,-1,2022-07-26 00:00:00,2022-07-26 12:00:00,1440.11192,0.0186487615234629,0.023825103815542446,-7.151e-05,0.022896613815542446,1.2277820050803436,保本/跟踪,49,True
ETH,-1,2022-07-26 13:15:00,2022-07-26 14:00:00,1377.244496,0.013090613225013608,-0.013293231347658535,-0.0,-0.014293231347658534,-1.0918687384596282,止损,4,False
ETH,1,2022-07-27 18:15:00,2022-07-28 00:30:00,1536.45723,0.01799126193570847,0.049897302301230385,0.0001,0.04879730230123038,2.712277908887485,保本/跟踪,26,True
ETH,1,2022-07-28 03:00:00,2022-07-28 04:30:00,1659.621858,0.013908072903453436,-0.014105291288872716,0.0,-0.015105291288872717,-1.0860808246929743,止损,7,False
ETH,1,2022-07-28 16:00:00,2022-07-29 08:00:00,1728.6756659999999,0.019424572614103755,-0.019620687699580915,0.0002,-0.020820687699580915,-1.071873657825731,止损,65,True
ETH,1,2022-07-29 23:15:00,2022-07-29 23:45:00,1764.25278,0.014553546698111156,-0.014750635988771445,0.0,-0.015750635988771446,-1.0822541278419544,止损,3,False
ETH,-1,2022-08-01 17:45:00,2022-08-02 00:00:00,1629.384058,0.011934062750409626,-0.012136449562959695,-0.0001,-0.013036449562959695,-1.0923731369279277,止损,26,False
ETH,-1,2022-08-02 02:00:00,2022-08-02 06:00:00,1604.97894,0.01230835743350678,0.010502784276318088,-0.0,0.009502784276318087,0.7720594992187064,保本/跟踪,17,False
ETH,-1,2022-08-04 09:00:00,2022-08-04 10:30:00,1614.1171120000001,0.009246352282052719,-0.009448201552509103,-0.0,-0.010448201552509102,-1.129980908556684,止损,7,False
ETH,-1,2022-08-04 17:00:00,2022-08-04 18:30:00,1586.28268,0.01160180419727719,-0.011804124558116648,-0.0,-0.012804124558116647,-1.1036321886143905,止损,7,False
ETH,1,2022-08-05 11:30:00,2022-08-05 12:30:00,1695.9091139999998,0.00846169387689076,0.005124393106144055,0.0,0.004124393106144055,0.48741932361887313,保本/跟踪,5,False
ETH,1,2022-08-05 23:00:00,2022-08-06 17:00:00,1715.403012,0.010432188409475218,-0.010630101971793354,0.00030000000000000003,-0.011930101971793354,-1.1435857466835655,止损,73,False
ETH,1,2022-08-07 13:00:00,2022-08-07 14:15:00,1707.4414199999999,0.006395152930227748,-0.006593873899641625,0.0,-0.007593873899641625,-1.187442111626123,止损,6,False
ETH,1,2022-08-08 06:15:00,2022-08-08 12:15:00,1728.435618,0.005983934978879949,0.039865114882085786,2.805e-05,0.038837064882085784,6.490221738564941,保本/跟踪,25,False
ETH,1,2022-08-08 21:00:00,2022-08-08 21:00:00,1796.319192,0.008215143806569099,-0.008413500777807729,0.0,-0.00941350077780773,-1.1458716973743521,止损,1,False
ETH,-1,2022-08-10 00:45:00,2022-08-10 01:00:00,1666.3866560000001,0.009207873814577196,-0.009409715389340094,-0.0,-0.010409715389340095,-1.1305232455358192,止损,2,False
ETH,1,2022-08-10 21:30:00,2022-08-11 02:00:00,1864.82289,0.011516768585143429,0.011417862137506951,0.0001,0.01031786213750695,0.8958990589440982,保本/跟踪,19,False
ETH,1,2022-08-11 12:15:00,2022-08-11 13:30:00,1918.943712,0.009147545256563562,-0.009345715747512202,0.0,-0.010345715747512203,-1.130982734421448,止损,6,False
ETH,1,2022-08-12 18:45:00,2022-08-13 07:45:00,1917.3834,0.007843037886704728,0.041677856284911725,7.636e-05,0.04060149628491173,5.176756362957026,保本/跟踪,53,False
ETH,1,2022-08-15 02:45:00,2022-08-15 03:30:00,1999.389798,0.009696774424557499,-0.009894835069672592,0.0,-0.010894835069672593,-1.1235524920617885,止损,4,False
ETH,-1,2022-08-17 12:30:00,2022-08-17 12:30:00,1863.367252,0.008611563215440038,-0.00881328552808314,-0.0,-0.009813285528083141,-1.1395475226249845,止损,1,False
ETH,-1,2022-08-17 13:45:00,2022-08-17 18:00:00,1832.88335,0.011592209431661664,-0.011794527873547882,-4.034e-05,-0.012754187873547883,-1.1002378751640323,止损,18,False
ETH,-1,2022-08-19 00:15:00,2022-08-19 06:45:00,1832.2434779999999,0.008005294334656706,0.04048148343306586,-0.0,0.03948148343306586,4.931921523752313,保本/跟踪,27,False
ETH,-1,2022-08-19 11:45:00,2022-08-19 16:30:00,1700.299872,0.013008671002093975,-0.013211272736294369,-1.435e-05,-0.01419692273629437,-1.0913430537223305,止损,20,False
ETH,-1,2022-08-19 22:00:00,2022-08-20 00:30:00,1647.190496,0.013319931670199483,0.0072055964162551596,-4.557e-05,0.0062511664162551595,0.46930919549991507,保本/跟踪,11,False
ETH,-1,2022-08-20 19:00:00,2022-08-20 21:00:00,1579.004136,0.01083580103703328,0.014489398596316878,-0.0,0.013489398596316877,1.2448916836156787,保本/跟踪,9,False
ETH,-1,2022-08-22 07:30:00,2022-08-22 08:45:00,1571.6856,0.010925212428537195,0.009673797128345164,-6.886e-05,0.008742657128345165,0.8002276555748163,保本/跟踪,6,False
ETH,1,2022-08-23 18:30:00,2022-08-24 00:30:00,1659.211776,0.012282171292529662,-0.012479714858271004,-8.879e-05,-0.013390924858271003,-1.0902734165917156,止损,25,False
ETH,1,2022-08-25 06:30:00,2022-08-25 15:15:00,1692.93852,0.007286881216817814,0.005866800228259228,-1.814e-05,0.004884940228259227,0.6703746202126901,保本/跟踪,36,False
ETH,-1,2022-08-26 15:15:00,2022-08-26 20:30:00,1608.968142,0.019150309815850777,0.02672546996882875,-8.902e-05,0.02581448996882875,1.3479933336358876,保本/跟踪,22,True
ETH,-1,2022-08-26 23:15:00,2022-08-27 00:30:00,1532.703398,0.012948132403428578,0.01108497750055808,0.0002075,0.00987747750055808,0.7628495904121734,保本/跟踪,6,False
ETH,-1,2022-08-27 05:15:00,2022-08-27 06:30:00,1477.40446,0.011808155692994341,-0.012010517324132983,-0.0,-0.013010517324132984,-1.1018246762999568,止损,6,False
ETH,-1,2022-08-27 15:30:00,2022-08-27 16:45:00,1475.064928,0.009120010605330338,0.005083415088699581,0.000272,0.0038114150886995805,0.4179178351472461,保本/跟踪,6,False
ETH,-1,2022-08-28 13:00:00,2022-08-28 14:30:00,1468.026336,0.007571677749378463,-0.007773192084928221,-0.0,-0.00877319208492822,-1.158685350238048,止损,7,False
ETH,-1,2022-08-28 23:30:00,2022-08-29 12:15:00,1448.170308,0.010232664204346112,-0.010434710737186957,0.00041850000000000004,-0.011853210737186958,-1.1583699514103623,止损,52,False
ETH,1,2022-08-29 23:45:00,2022-08-30 00:00:00,1555.6710719999999,0.00974021831719806,-0.009938270273534567,-9.478e-05,-0.010843490273534567,-1.1132697358937518,止损,2,False
ETH,1,2022-08-30 04:30:00,2022-08-30 08:45:00,1572.5444459999999,0.00936474060920927,0.007043033606956982,-6.689e-05,0.006109923606956982,0.6524391717746558,保本/跟踪,18,False
ETH,1,2022-08-30 10:30:00,2022-08-30 10:30:00,1602.72048,0.007695127840363152,-0.007893588814795039,0.0,-0.008893588814795038,-1.1557428283576543,止损,1,False
ETH,1,2022-08-31 03:30:00,2022-08-31 06:30:00,1609.341804,0.013591150815681673,-0.013788432585518578,0.0,-0.014788432585518579,-1.088092744026905,止损,13,False
ETH,1,2022-09-01 11:45:00,2022-09-01 12:15:00,1579.985934,0.009794581383327618,-0.009992622467050915,0.0,-0.010992622467050916,-1.122316721545916,止损,3,False
ETH,1,2022-09-01 20:15:00,2022-09-02 04:45:00,1572.534444,0.011832381798552217,0.0116102800911405,5.469e-05,0.010555590091140502,0.8920934323157201,保本/跟踪,35,False
ETH,1,2022-09-02 12:45:00,2022-09-02 17:00:00,1620.6140579999999,0.011337891770179378,-0.011535624191825357,-1.84e-05,-0.012517224191825356,-1.104016905924947,止损,18,False
ETH,-1,2022-09-03 08:00:00,2022-09-03 10:00:00,1542.671404,0.007803067193136054,-0.008004627806574693,-0.0,-0.009004627806574694,-1.1539856807199596,止损,9,False
ETH,-1,2022-09-03 19:15:00,2022-09-03 19:15:00,1540.231892,0.006491776510459743,-0.00669307486576173,-0.0,-0.00769307486576173,-1.1850492470537792,止损,1,False
ETH,1,2022-09-05 15:00:00,2022-09-05 18:30:00,1589.687874,0.006683842298052411,-0.006882505529592693,-5.01e-05,-0.007832405529592693,-1.1718417611191934,止损,15,False
ETH,1,2022-09-05 23:00:00,2022-09-05 23:45:00,1605.57105,0.006551075275871954,0.005092430353646656,0.0,0.0040924303536466556,0.6246959745248767,保本/跟踪,4,False
ETH,1,2022-09-06 00:30:00,2022-09-06 01:45:00,1632.066348,0.008801791420525664,0.012043039101664784,0.0,0.011043039101664785,1.2546354002337023,保本/跟踪,6,False
ETH,-1,2022-09-07 02:15:00,2022-09-07 13:00:00,1517.816376,0.012590898097812511,-0.012793416277432175,0.00027449,-0.014067906277432174,-1.1173076112716909,止损,44,False
ETH,1,2022-09-08 11:15:00,2022-09-08 12:15:00,1640.8881119999999,0.009048082519005102,-0.009246272902501292,0.0,-0.010246272902501293,-1.1324247851386684,止损,5,False
ETH,1,2022-09-09 04:15:00,2022-09-09 13:00:00,1689.48783,0.009688474844566872,0.019891928992255288,-3.837e-05,0.018930298992255287,1.9538987607395264,保本/跟踪,36,False
ETH,1,2022-09-10 03:00:00,2022-09-10 07:30:00,1739.54784,0.008339396969279628,-0.008537729089885772,0.0,-0.00953772908988577,-1.1436952965568752,止损,19,False
ETH,1,2022-09-10 22:00:00,2022-09-11 01:15:00,1749.989928,0.008123526522584135,0.010876743532359144,-0.00011556,0.009992303532359144,1.2300450431939431,保本/跟踪,14,False
ETH,-1,2022-09-13 00:30:00,2022-09-13 01:45:00,1678.034326,0.010720676067241332,-0.010922820202454771,-0.0,-0.011922820202454772,-1.1121332393287,止损,6,False
ETH,-1,2022-09-13 13:00:00,2022-09-14 01:15:00,1627.934348,0.02029398022731661,0.03144026945653679,0.0015776199999999998,0.028862649456536788,1.4222271399321837,保本/跟踪,50,True
ETH,-1,2022-09-14 08:15:00,2022-09-14 09:30:00,1588.23229,0.010113115157976672,-0.01031513778100823,-0.0,-0.01131513778100823,-1.1188578004160734,止损,6,False
ETH,-1,2022-09-14 18:15:00,2022-09-14 18:30:00,1566.646608,0.011336271798849653,-0.011538539053209366,-0.0,-0.012538539053209365,-1.1060549072651655,止损,2,False
ETH,-1,2022-09-15 14:45:00,2022-09-15 15:30:00,1517.0365319999999,0.018173108538919278,0.012753597654163402,-0.0,0.011753597654163402,0.646757687546523,保本/跟踪,4,True
ETH,-1,2022-09-15 22:15:00,2022-09-16 00:30:00,1479.983944,0.011311464429337306,0.0036886197462693824,7.76e-06,0.0026808597462693825,0.23700377285511595,保本/跟踪,10,False
ETH,-1,2022-09-16 08:45:00,2022-09-16 10:30:00,1455.398862,0.00915983588423623,-0.0093616678514131,-0.0,-0.010361667851413101,-1.1312067140029425,止损,8,False
ETH,-1,2022-09-16 14:00:00,2022-09-16 14:00:00,1429.903962,0.011372958824087807,-0.011575233415852582,-0.0,-0.012575233415852583,-1.1057134392519183,止损,1,False
ETH,-1,2022-09-17 12:15:00,2022-09-17 12:30:00,1414.5970240000001,0.005557454014654464,-0.005758565505457347,-0.0,-0.006758565505457347,-1.2161262131248713,止损,2,False
ETH,-1,2022-09-18 16:15:00,2022-09-18 23:00:00,1398.07033,0.010828550634172067,0.03745131851416424,-0.0,0.03645131851416424,3.3662232135788734,保本/跟踪,28,False
ETH,-1,2022-09-19 02:30:00,2022-09-19 13:30:00,1308.068334,0.015343384009915643,-0.015546452686717697,4.91e-06,-0.016551362686717697,-1.0787296124519468,止损,45,True
ETH,-1,2022-09-21 21:30:00,2022-09-22 08:15:00,1250.989752,0.027247564971446536,-0.027453014484440704,0.00047671,-0.028929724484440707,-1.0617361410003776,止损,44,True
ETH,-1,2022-09-23 14:00:00,2022-09-23 15:15:00,1269.746,0.014771058617951943,-0.014974012829675592,-0.0,-0.01597401282967559,-1.0814399456963526,止损,6,True
ETH,-1,2022-09-25 17:15:00,2022-09-25 19:15:00,1289.851978,0.009217838706787447,-0.009419682274528786,-0.0,-0.010419682274528785,-1.1303823603309933,止损,9,False
ETH,-1,2022-09-26 06:45:00,2022-09-26 07:15:00,1280.213906,0.009105522331335892,-0.009307343435802107,-0.0,-0.010307343435802106,-1.1319881562785528,止损,3,False
ETH,1,2022-09-27 00:15:00,2022-09-27 02:00:00,1344.01875,0.008123048669168971,0.012761436130265662,0.0,0.011761436130265663,1.4479091052237802,保本/跟踪,8,False
ETH,1,2022-09-27 03:30:00,2022-09-27 15:30:00,1386.0471539999999,0.010253404578821398,-0.01045135389790549,1.777e-05,-0.01146912389790549,-1.1185673802041505,止损,49,False
ETH,1,2022-09-30 14:45:00,2022-09-30 15:45:00,1345.429032,0.01026591202434557,0.005169821417700434,0.0,0.004169821417700434,0.4061812927883776,保本/跟踪,5,False
ETH,-1,2022-10-01 16:45:00,2022-10-01 19:00:00,1309.508046,0.005250207129192061,-0.00545125717061782,-0.0,-0.00645125717061782,-1.2287624110575968,止损,10,False
ETH,-1,2022-10-02 10:30:00,2022-10-02 11:15:00,1290.8817720000002,0.005355582959516254,-0.0055566540761080715,-0.0,-0.0065566540761080715,-1.2242652435170764,止损,4,False
ETH,1,2022-10-04 06:45:00,2022-10-04 08:15:00,1339.51785,0.005225386877657671,0.006967405818244052,0.0001,0.0058674058182440515,1.122865341001157,保本/跟踪,7,False
ETH,1,2022-10-04 20:45:00,2022-10-05 01:30:00,1360.3320119999998,0.006340339939331522,-0.006539071871343512,1.819e-05,-0.007557261871343512,-1.1919332312866955,止损,20,False
ETH,1,2022-10-06 00:30:00,2022-10-06 03:00:00,1363.402626,0.006463101235473554,0.005147168262912466,0.0,0.004147168262912466,0.6416684671671558,保本/跟踪,11,False
ETH,-1,2022-10-07 16:30:00,2022-10-07 20:30:00,1321.83558,0.008016581921635875,-0.008218185238020195,-0.0,-0.009218185238020194,-1.1498897320741304,止损,17,False
ETH,-1,2022-10-08 14:15:00,2022-10-08 16:30:00,1322.8653740000002,0.0028304368017885487,-0.0030310028891488644,-8.939e-05,-0.0039416128891488645,-1.3925811332929834,止损,10,False
ETH,-1,2022-10-08 21:45:00,2022-10-08 22:30:00,1314.93696,0.0040317648618023155,0.0031910623280417337,-0.0,0.0021910623280417337,0.543449929037346,保本/跟踪,4,False
ETH,-1,2022-10-10 08:30:00,2022-10-10 09:45:00,1303.03934,0.00533927699887897,-0.005540344854278791,-0.0,-0.006540344854278791,-1.2249495307420828,止损,6,False
ETH,-1,2022-10-11 00:15:00,2022-10-11 00:30:00,1271.1757140000002,0.0073482107274943885,-0.007549680369639853,-0.0,-0.008549680369639854,-1.1635050608510713,止损,2,False
ETH,-1,2022-10-13 07:45:00,2022-10-13 08:30:00,1274.04514,0.004475018708539811,-0.004675913712281531,-8.18e-05,-0.005594113712281531,-1.2500760503204418,止损,4,False
ETH,-1,2022-10-13 10:30:00,2022-10-13 10:45:00,1241.0417419999999,0.007308856144589406,0.0004945087495694126,-0.0,-0.0005054912504305875,-0.06916147211418193,保本/跟踪,2,False
ETH,-1,2022-10-13 12:45:00,2022-10-13 15:00:00,1209.1081299999998,0.018640963162849713,-0.01884469135548225,-0.0,-0.019844691355482252,-1.0645743560628613,止损,10,True
ETH,1,2022-10-14 03:30:00,2022-10-14 03:45:00,1339.377822,0.008027139876150367,-0.008225534448175238,0.0,-0.009225534448175237,-1.149292847828085,止损,2,False
ETH,1,2022-10-14 13:00:00,2022-10-14 13:45:00,1338.4076280000002,0.0069665963378392915,-0.0071652030185717095,0.0,-0.00816520301857171,-1.172050542705072,止损,4,False
ETH,-1,2022-10-15 09:00:00,2022-10-15 10:15:00,1279.49405,0.004632010534499764,-0.004832936936606688,-0.0,-0.005832936936606688,-1.2592667683206422,止损,6,False
ETH,-1,2022-10-15 21:15:00,2022-10-15 23:15:00,1275.824784,0.004197919797203456,0.002916085379949884,-0.0,0.0019160853799498842,0.4564368717159223,保本/跟踪,9,False
ETH,1,2022-10-17 09:45:00,2022-10-17 14:45:00,1315.3130099999998,0.004381611030777303,0.008839487636117986,0.0,0.007839487636117987,1.7891792724301345,保本/跟踪,21,False
ETH,1,2022-10-17 22:15:00,2022-10-17 22:30:00,1335.81711,0.005056353207749125,-0.005255341937107573,0.0,-0.006255341937107573,-1.2371251928209714,止损,2,False
ETH,1,2022-10-18 06:45:00,2022-10-18 07:00:00,1338.2676,0.004550274902844597,-0.0047493648478639,0.0,-0.0057493648478639,-1.2635203302265745,止损,2,False
ETH,-1,2022-10-19 06:30:00,2022-10-19 09:00:00,1295.170914,0.005228847049309972,-0.0054298928187197625,-0.0001,-0.006329892818719762,-1.2105714240685412,止损,11,False
ETH,-1,2022-10-20 18:15:00,2022-10-20 18:30:00,1277.9043680000002,0.005690532388494356,-0.005891670494972091,-0.0,-0.006891670494972091,-1.2110765785124615,止损,2,False
ETH,-1,2022-10-21 12:15:00,2022-10-21 13:00:00,1261.49765,0.006867203962215001,-0.007068577403007535,-0.0,-0.008068577403007534,-1.174943608403475,止损,4,False
ETH,1,2022-10-22 13:30:00,2022-10-22 13:45:00,1314.482844,0.0037820439216162106,-0.003981287512831858,0.0,-0.004981287512831858,-1.3170887530843811,止损,2,False
ETH,1,2022-10-23 17:45:00,2022-10-23 20:30:00,1317.2033880000001,0.003395073681753069,0.009498480434905412,0.0,0.008498480434905413,2.5031799694306387,保本/跟踪,12,False
ETH,1,2022-10-23 22:15:00,2022-10-23 23:15:00,1350.009948,0.006022326452956153,0.006172846331787269,0.0,0.005172846331787269,0.8589448566422526,保本/跟踪,5,False
ETH,1,2022-10-24 10:30:00,2022-10-24 12:30:00,1350.760098,0.005327124581031007,-0.005526059156114758,0.0,-0.006526059156114758,-1.2250622370186264,止损,9,False
ETH,1,2022-10-25 13:30:00,2022-10-25 14:00:00,1363.8727199999998,0.004527707049538167,0.009289325130472786,0.0,0.008289325130472786,1.8307997933122262,保本/跟踪,3,False
ETH,1,2022-10-25 15:15:00,2022-10-25 17:15:00,1390.278,0.00711002448144097,0.054247281478955946,1.973e-05,0.05322755147895594,7.4862683831671495,保本/跟踪,9,False
ETH,1,2022-10-26 03:30:00,2022-10-26 04:15:00,1496.09916,0.011157060762542283,-0.011354829350389777,0.0,-0.012354829350389777,-1.1073552088081098,止损,4,True
ETH,1,2022-10-26 06:45:00,2022-10-26 09:00:00,1499.3898179999999,0.0095236338585124,0.021123641228219203,-2.452e-05,0.0201481612282192,2.115595950826102,保本/跟踪,10,False
ETH,1,2022-10-26 14:15:00,2022-10-26 17:00:00,1562.342406,0.013357441804725074,-0.013554770316364012,0.0001,-0.014654770316364012,-1.097124024989577,止损,12,True
ETH,1,2022-10-26 23:15:00,2022-10-26 23:45:00,1581.5562479999999,0.011703880712803904,-0.0119015399366614,0.0,-0.012901539936661401,-1.102330094884449,止损,3,True
ETH,1,2022-10-28 16:30:00,2022-10-29 04:15:00,1551.8403059999998,0.01162397952817651,0.01789937436322623,6.207e-05,0.016837304363226228,1.448497420561747,保本/跟踪,48,True
ETH,1,2022-10-29 08:30:00,2022-10-29 11:00:00,1628.62566,0.009363244561909949,-0.009561371912997564,0.0,-0.010561371912997563,-1.1279607024216418,止损,11,False
ETH,1,2022-10-30 06:15:00,2022-10-30 06:15:00,1634.6168579999999,0.005908315824336752,-0.0061071341611718495,0.0,-0.0071071341611718495,-1.202903563803594,止损,1,False
ETH,-1,2022-11-02 10:15:00,2022-11-02 14:00:00,1546.360666,0.008489659989723208,-0.008691357921721111,-0.0,-0.00969135792172111,-1.14154841695104,止损,16,False
ETH,-1,2022-11-02 20:15:00,2022-11-03 01:45:00,1512.9073580000002,0.021698700013315062,-0.02190303975331762,8.892e-05,-0.02299195975331762,-1.0596007935594745,止损,23,True
ETH,-1,2022-11-03 11:45:00,2022-11-03 13:30:00,1528.904158,0.006511279913231601,-0.006712582169214299,-0.0,-0.007712582169214299,-1.1844955633901604,止损,8,False
ETH,1,2022-11-04 11:00:00,2022-11-04 11:00:00,1594.338804,0.006168400806013222,-0.006367167125851899,0.0,-0.007367167125851899,-1.1943398876853248,止损,1,False
ETH,1,2022-11-04 13:00:00,2022-11-04 15:00:00,1609.52184,0.010336051237303762,0.02552534013628653,0.0,0.02452534013628653,2.372795913372828,保本/跟踪,9,False
ETH,1,2022-11-05 00:45:00,2022-11-05 03:15:00,1658.541642,0.008432659814075203,-0.00863097328211248,0.0,-0.00963097328211248,-1.1421038550656504,止损,11,False
ETH,-1,2022-11-06 23:15:00,2022-11-07 01:30:00,1571.8255720000002,0.00799928665341731,-0.008200886510747926,-2.594e-05,-0.009174946510747925,-1.1469705872871017,止损,10,False
ETH,-1,2022-11-07 07:00:00,2022-11-07 08:15:00,1574.3050759999999,0.006744888600550652,0.007485646078855449,2.72e-06,0.006482926078855449,0.9611613271605678,保本/跟踪,6,False
ETH,-1,2022-11-07 22:30:00,2022-11-07 23:00:00,1550.179902,0.008917988204870147,-0.009119771802511016,-0.0,-0.010119771802511016,-1.1347594962039276,止损,3,False
ETH,-1,2022-11-08 03:00:00,2022-11-08 04:15:00,1536.632612,0.00922973871472708,0.04175147139884048,-0.0,0.04075147139884048,4.415235648417322,保本/跟踪,6,False
ETH,-1,2022-11-08 14:00:00,2022-11-08 15:00:00,1461.297682,0.010056426865853925,0.008158130480083051,-0.0,0.007158130480083051,0.7117966028657864,保本/跟踪,5,False
ETH,-1,2022-11-08 18:15:00,2022-11-08 19:45:00,1410.3278779999998,0.034247758797019495,0.06670411999045796,-0.0,0.06570411999045796,1.9184940065676952,保本/跟踪,7,True
ETH,-1,2022-11-09 02:45:00,2022-11-09 10:30:00,1302.949358,0.02382708970497839,0.09209918516721254,0.00012169,0.09097749516721254,3.818237824831954,保本/跟踪,32,True
ETH,-1,2022-11-09 21:30:00,2022-11-10 01:00:00,1113.02735,0.0387834711729889,-0.03899122786722343,0.00060149,-0.04059271786722343,-1.04664994234695,止损,15,True
ETH,-1,2022-11-11 03:15:00,2022-11-11 05:45:00,1237.182514,0.022358694117916963,-0.022563165856740546,-0.0,-0.023563165856740547,-1.0538703974602162,止损,11,True
ETH,-1,2022-11-12 23:30:00,2022-11-13 00:15:00,1250.4598580000002,0.007211809350000775,-0.007413251711870851,9.28e-06,-0.008422531711870851,-1.167880528049448,止损,4,False
ETH,-1,2022-11-13 07:00:00,2022-11-13 07:00:00,1247.380474,0.006445198686266494,-0.006646487726003613,-0.0,-0.007646487726003613,-1.1863851059078814,止损,1,False
ETH,-1,2022-11-13 09:15:00,2022-11-13 10:15:00,1218.8961720000002,0.011524827613580514,-0.011727132579103105,-0.0,-0.012727132579103104,-1.104323032485608,止损,5,True
ETH,-1,2022-11-13 21:15:00,2022-11-13 21:30:00,1208.168318,0.009898975104929054,-0.010100954899949985,-0.0,-0.011100954899949986,-1.121424670966434,止损,2,False
ETH,-1,2022-11-14 01:45:00,2022-11-14 06:30:00,1185.352882,0.014192141160594885,-0.014394979588826953,-0.0,-0.015394979588826952,-1.084753837678264,止损,20,True
ETH,-1,2022-11-14 19:45:00,2022-11-14 23:00:00,1220.2559,0.012646967920097618,-0.012849497313681709,-0.0,-0.013849497313681708,-1.0950844029321147,止损,14,True
ETH,1,2022-11-15 07:30:00,2022-11-15 09:45:00,1266.843318,0.008550913088146964,-0.008749202905529156,4.951e-05,-0.009798712905529156,-1.1459259151062893,止损,10,False
ETH,-1,2022-11-16 12:00:00,2022-11-16 13:30:00,1221.515648,0.009046151122786256,-0.009247960353010808,-0.0,-0.010247960353010808,-1.1328531011600422,止损,7,False
ETH,-1,2022-11-16 16:00:00,2022-11-16 16:30:00,1191.51165,0.012624215311467195,-0.012826740154529444,-0.0,-0.013826740154529445,-1.0952554129815846,止损,3,True
ETH,-1,2022-11-17 04:15:00,2022-11-17 04:30:00,1195.2609,0.008369924964071459,-0.008571598949064339,-0.0,-0.009571598949064338,-1.1435704609242205,止损,2,False
ETH,-1,2022-11-17 09:45:00,2022-11-17 11:00:00,1189.082136,0.008702507333380464,-0.008904247834847214,-0.0,-0.009904247834847214,-1.138091294316662,止损,6,False
ETH,-1,2022-11-20 11:30:00,2022-11-20 11:45:00,1186.802592,0.006380095874692229,0.01374118549006122,-0.0,0.01274118549006122,1.9970210072549803,保本/跟踪,2,False
ETH,-1,2022-11-20 21:45:00,2022-11-20 22:00:00,1163.877178,0.007065550054447824,0.014319714716459438,-0.0,0.013319714716459437,1.885163166889542,保本/跟踪,2,False
ETH,-1,2022-11-21 02:15:00,2022-11-21 04:00:00,1119.216112,0.012835892864481153,-0.01303846004305402,-0.0,-0.014038460043054021,-1.0936878479175027,止损,8,True
ETH,-1,2022-11-21 09:30:00,2022-11-21 09:45:00,1107.02855,0.011094814914412283,-0.011297033877395156,-0.0,-0.012297033877395155,-1.1083586316903022,止损,2,False
ETH,-1,2022-11-21 16:30:00,2022-11-21 20:00:00,1110.347886,0.011519028297238557,0.009309363168402033,-0.0,0.008309363168402032,0.7213597322609256,保本/跟踪,15,True
ETH,-1,2022-11-22 06:30:00,2022-11-22 08:45:00,1092.461464,0.008756859677026113,0.004981531665211603,2.821e-05,0.003953321665211603,0.45145426682846845,保本/跟踪,10,False
ETH,1,2022-11-23 04:00:00,2022-11-23 05:45:00,1170.223998,0.009871301228995944,-0.010069326968750065,0.0,-0.011069326968750064,-1.121364520437796,止损,8,False
ETH,1,2022-11-23 11:00:00,2022-11-23 12:45:00,1173.964746,0.008253340788716802,-0.008451690120559003,0.0,-0.009451690120559002,-1.1451956683383864,止损,8,False
ETH,1,2022-11-23 19:15:00,2022-11-23 19:15:00,1177.745502,0.01031037557393435,-0.010508313498819567,0.0,-0.011508313498819568,-1.1161876127882018,止损,1,False
ETH,1,2022-11-24 01:45:00,2022-11-24 07:45:00,1193.058564,0.0088082958191158,0.009818043442213568,0.0,0.008818043442213569,1.0011066412048304,保本/跟踪,25,False
ETH,1,2022-11-26 01:15:00,2022-11-26 14:45:00,1214.19279,0.006382332257040235,0.006278078788459841,-5.666e-05,0.005334738788459841,0.8358603992412316,保本/跟踪,55,False
ETH,-1,2022-11-28 15:30:00,2022-11-28 16:30:00,1156.8585819999998,0.007548875407902976,-0.007750385182984576,0.00012317,-0.008873555182984575,-1.1754804131082601,止损,5,False
ETH,1,2022-11-29 20:15:00,2022-11-29 23:30:00,1223.934738,0.006534514369260095,-0.00673320746638617,0.0,-0.00773320746638617,-1.1834402725878164,止损,14,False
ETH,1,2022-11-30 00:45:00,2022-11-30 09:15:00,1274.3748239999998,0.010747084376313082,-0.010944934959437727,0.0001,-0.012044934959437727,-1.1207630402516564,止损,35,False
ETH,1,2022-11-30 19:15:00,2022-12-01 02:30:00,1294.248798,0.00969756490660305,-0.009895625393621682,-1.967e-05,-0.010875955393621684,-1.1215140603200573,止损,30,False
ETH,1,2022-12-01 12:45:00,2022-12-01 13:30:00,1289.047758,0.004446779668783914,-0.004645890312850184,0.0,-0.005645890312850184,-1.2696582096216602,止损,4,False
ETH,1,2022-12-02 11:30:00,2022-12-02 13:30:00,1285.8771239999999,0.004640636529867242,-0.004839708402561286,0.0,-0.005839708402561286,-1.25838521611783,止损,9,False
ETH,1,2022-12-02 21:00:00,2022-12-03 00:15:00,1291.078164,0.004664679721977289,0.001063679983360006,-4.81e-06,6.848998336000592e-05,0.014682676505595977,保本/跟踪,14,False
ETH,-1,2022-12-03 17:15:00,2022-12-03 17:30:00,1264.317086,0.00352137175846982,-0.0037220760328214963,-0.0,-0.004722076032821496,-1.3409762889884227,止损,2,False
ETH,-1,2022-12-03 21:15:00,2022-12-04 00:00:00,1258.9881520000001,0.0043412477705424704,0.010878060557186018,4.991e-05,0.009828150557186017,2.263899937680341,保本/跟踪,12,False
ETH,1,2022-12-05 00:45:00,2022-12-05 13:45:00,1290.898128,0.006116605351083447,-0.006315382030013312,-2.459e-05,-0.007290792030013312,-1.1919670489648118,止损,53,False
ETH,-1,2022-12-06 10:45:00,2022-12-06 11:30:00,1250.339882,0.004584142228646165,-0.0047850590570918125,-0.0,-0.0057850590570918126,-1.26197198266257,止损,4,False
ETH,-1,2022-12-07 07:00:00,2022-12-07 07:15:00,1249.510048,0.004606885799252099,0.014204178558440231,-0.0,0.013204178558440232,2.8661831731500382,保本/跟踪,2,False
ETH,1,2022-12-08 19:00:00,2022-12-08 20:30:00,1287.647478,0.00782982480049096,-0.008028258835530747,0.0,-0.009028258835530746,-1.1530601342401223,止损,7,False
ETH,1,2022-12-09 10:00:00,2022-12-09 10:15:00,1284.496848,0.0032598377575353485,0.0005652454508786552,0.0,-0.00043475454912134484,-0.13336692849709422,保本/跟踪,2,False
ETH,1,2022-12-10 15:30:00,2022-12-10 17:45:00,1275.895128,0.003526345361863995,-0.0037256400927916356,6.841e-05,-0.004794050092791635,-1.3594953417317985,止损,10,False
ETH,1,2022-12-11 19:15:00,2022-12-11 19:30:00,1280.35602,0.0028331060678431995,-0.003032539446629601,0.0,-0.004032539446629601,-1.4233633863554964,止损,2,False
ETH,-1,2022-12-12 03:00:00,2022-12-12 09:30:00,1243.921166,0.005670028765714319,-0.005871162771467457,2.359e-05,-0.006894752771467457,-1.2159996106472744,止损,27,False
ETH,1,2022-12-13 10:00:00,2022-12-13 12:30:00,1277.675484,0.005459784353082039,0.009749297185387595,0.0,0.008749297185387594,1.6024986738622067,保本/跟踪,11,False
ETH,1,2022-12-13 13:30:00,2022-12-13 14:30:00,1304.96094,0.00802428074510547,0.02001409112453903,0.0,0.01901409112453903,2.3695695263574814,保本/跟踪,5,False
ETH,1,2022-12-14 14:45:00,2022-12-14 18:45:00,1336.337214,0.0047186035433995875,0.005075180231130069,0.0001,0.003975180231130069,0.8424484478444001,保本/跟踪,17,False
ETH,-1,2022-12-15 09:00:00,2022-12-15 09:45:00,1283.403268,0.0039060978952518404,-0.004106879114830809,-0.0,-0.005106879114830809,-1.3074119624699139,止损,4,False
ETH,-1,2022-12-15 13:15:00,2022-12-15 15:00:00,1276.624624,0.004799197667158585,0.0036009141722034006,-0.0,0.0026009141722034006,0.5419477072181732,保本/跟踪,8,False
ETH,-1,2022-12-16 09:00:00,2022-12-16 09:15:00,1243.3612779999999,0.006443680883611627,0.02670124491362822,-0.0,0.02570124491362822,3.9885967939527904,保本/跟踪,2,False
ETH,-1,2022-12-16 22:45:00,2022-12-17 00:00:00,1181.3936740000001,0.008069642248413202,0.00790745324075262,-8.697e-05,0.006994423240752619,0.8667575371297269,保本/跟踪,6,False
ETH,-1,2022-12-19 22:45:00,2022-12-19 23:00:00,1160.527848,0.006985572605937552,-0.007186969720458685,-0.0,-0.008186969720458685,-1.171982625089313,止损,2,False
ETH,1,2022-12-22 08:30:00,2022-12-22 13:30:00,1215.54306,0.002737564849281723,-0.002937017336311742,0.0,-0.003937017336311742,-1.438145780307169,止损,21,False
ETH,1,2022-12-23 03:00:00,2022-12-23 08:00:00,1224.274806,0.004500393392931956,-0.004699493314253206,0.0001,-0.005799493314253206,-1.2886636362415644,止损,21,False
ETH,1,2022-12-27 00:00:00,2022-12-27 00:30:00,1227.815514,0.0035587093808046645,-0.003757997638928382,0.0,-0.004757997638928382,-1.3370008983010986,止损,3,False
ETH,-1,2022-12-28 01:00:00,2022-12-28 01:30:00,1207.7084100000002,0.0033302350055737545,-0.0035309010525747947,-0.0,-0.004530901052574795,-1.360534930715552,止损,3,False
ETH,-1,2022-12-30 07:30:00,2022-12-30 09:00:00,1188.1823160000001,0.00340378013063288,-0.003604460886658915,-0.0001,-0.004504460886658915,-1.3233701102254747,止损,7,False
ETH,1,2022-12-31 14:30:00,2022-12-31 14:45:00,1206.9113340000001,0.0029152903233215055,-0.0031147072652567744,0.0,-0.0041147072652567744,-1.4114228117660426,止损,2,False
ETH,1,2023-01-02 07:15:00,2023-01-02 07:30:00,1207.801512,0.002710588770644517,0.003921117793732359,0.0,0.0029211177937323593,1.0776691121013475,保本/跟踪,2,False
ETH,1,2023-01-02 15:45:00,2023-01-02 16:45:00,1220.364024,0.0029807349011491944,-0.003180138754168888,7.464e-05,-0.004254778754168888,-1.4274260862743942,止损,5,False
ETH,1,2023-01-04 01:15:00,2023-01-04 01:30:00,1219.413834,0.0027768907812537897,0.0046588761268719706,0.0,0.0036588761268719705,1.317616145212581,保本/跟踪,2,False
ETH,1,2023-01-04 03:15:00,2023-01-04 15:00:00,1249.829916,0.006585359539045554,-0.00678404246713772,0.0001,-0.00788404246713772,-1.1972075966987203,止损,48,False
ETH,1,2023-01-04 17:45:00,2023-01-04 18:00:00,1264.7529,0.005685359782164132,-0.0058842227102076355,0.0,-0.0068842227102076355,-1.2108684364716065,止损,2,False
ETH,1,2023-01-06 15:45:00,2023-01-06 20:15:00,1258.221594,0.005812898522778873,0.008194270181745933,0.0001,0.007094270181745932,1.2204359243406329,保本/跟踪,19,False
ETH,1,2023-01-08 16:00:00,2023-01-08 16:00:00,1274.264802,0.0022546182126179553,-0.00245416728897538,0.0,-0.00345416728897538,-1.532040888184153,止损,1,False
ETH,1,2023-01-08 21:45:00,2023-01-08 22:00:00,1272.1843860000001,0.0030002128325574955,-0.0031996127899908485,0.0,-0.004199612789990849,-1.3997716243387104,止损,2,False
ETH,1,2023-01-08 23:15:00,2023-01-09 00:15:00,1282.726494,0.004837490623613871,0.0026349131164636387,4.312e-05,0.0015917931164636386,0.3290534784074644,保本/跟踪,5,False
ETH,1,2023-01-09 02:30:00,2023-01-09 09:45:00,1303.870722,0.007036128425407651,0.010805312352094141,7.617e-05,0.009729142352094142,1.3827408716648697,保本/跟踪,30,False
ETH,1,2023-01-09 16:00:00,2023-01-09 20:00:00,1335.81711,0.006630083974664079,-0.006828757957869115,0.0,-0.007828757957869116,-1.1807931826784697,止损,17,False
ETH,1,2023-01-11 23:30:00,2023-01-12 01:30:00,1368.32361,0.008104033133674948,0.02319986521671987,0.0001,0.02209986521671987,2.7270205898946283,保本/跟踪,9,False
ETH,1,2023-01-12 17:45:00,2023-01-13 00:30:00,1419.68388,0.01155123382009413,-0.011748923573330104,0.0001,-0.012848923573330104,-1.1123420903296544,止损,28,True
ETH,1,2023-01-13 15:30:00,2023-01-13 16:00:00,1423.3846199999998,0.005913938266162563,-0.006112755478509311,0.0001,-0.0072127554785093115,-1.2196196770903267,止损,3,False
ETH,1,2023-01-13 21:30:00,2023-01-13 22:45:00,1432.746492,0.006886692696691079,0.010750897735041415,0.0,0.009750897735041415,1.415904290273694,保本/跟踪,6,False
ETH,1,2023-01-14 00:30:00,2023-01-14 00:45:00,1477.325406,0.010098913717174599,0.059270323006954444,0.0,0.05827032300695444,5.769959486618616,保本/跟踪,2,True
ETH,1,2023-01-15 15:15:00,2023-01-15 16:15:00,1547.929524,0.0049747978254533,0.003190817865650126,0.00018878,0.002002037865650126,0.40243602572285475,保本/跟踪,5,False
ETH,1,2023-01-16 02:30:00,2023-01-16 03:00:00,1583.3165999999999,0.009517568953768471,-0.009715665439977749,0.0,-0.010715665439977748,-1.1258826168771692,止损,3,True
ETH,1,2023-01-16 19:00:00,2023-01-16 20:00:00,1573.71468,0.008075258790317164,0.009600678494956357,0.0,0.008600678494956358,1.0650653704459863,保本/跟踪,5,False
ETH,1,2023-01-18 13:45:00,2023-01-18 14:15:00,1588.397616,0.005318728530052642,0.0024223653149229845,0.0,0.0014223653149229845,0.2674258155659068,保本/跟踪,3,False
ETH,-1,2023-01-19 00:00:00,2023-01-19 02:30:00,1511.29768,0.009932313473992494,-0.010134299936687229,-0.0,-0.011134299936687228,-1.1210177735370621,止损,11,True
ETH,-1,2023-01-19 11:30:00,2023-01-19 13:15:00,1517.4164560000002,0.004192988525794734,-0.004393827123499814,-0.0,-0.005393827123499814,-1.2863920543349148,止损,8,False
ETH,1,2023-01-20 16:45:00,2023-01-20 22:30:00,1585.7070780000001,0.006039392798829379,0.041970175275965936,0.0,0.040970175275965935,6.783823579732589,保本/跟踪,24,False
ETH,1,2023-01-21 10:00:00,2023-01-21 10:15:00,1663.622658,0.005499269813417204,0.00236296140573691,0.0,0.00136296140573691,0.24784406875464368,保本/跟踪,2,False
ETH,1,2023-01-22 15:00:00,2023-01-22 15:15:00,1643.308596,0.005093810872447248,-0.005292792110272698,0.0,-0.006292792110272698,-1.2353800068060667,止损,2,False
ETH,-1,2023-01-24 22:00:00,2023-01-24 22:30:00,1598.3502660000001,0.007124297254840175,0.02692622562386615,-0.0,0.02592622562386615,3.6391274390259527,保本/跟踪,3,False
ETH,-1,2023-01-25 01:30:00,2023-01-25 04:15:00,1527.284482,0.013322520458298239,-0.013525184962389782,-0.0,-0.014525184962389782,-1.0902730461443906,止损,12,True
ETH,-1,2023-01-25 15:00:00,2023-01-25 16:00:00,1535.752788,0.006786223627105717,-0.006987580871831183,-0.0001,-0.007887580871831184,-1.1622930963144797,止损,5,False
ETH,1,2023-01-26 12:45:00,2023-01-26 13:30:00,1612.67247,0.005396479600565127,-0.0055954003046450465,0.0,-0.0065954003046450466,-1.2221671891346289,止损,4,False
ETH,-1,2023-01-27 13:30:00,2023-01-27 13:30:00,1569.6260120000002,0.005374585385438333,-0.005575660302515298,-0.0,-0.006575660302515298,-1.2234730366980688,止损,1,False
ETH,-1,2023-01-28 13:15:00,2023-01-28 15:15:00,1571.4856399999999,0.005248030766298204,-0.005449080372451432,-0.0,-0.006449080372451432,-1.2288571960869832,止损,9,False
ETH,-1,2023-01-28 21:00:00,2023-01-28 21:00:00,1560.2478879999999,0.004710621017410192,-0.004911563141613709,-0.0,-0.005911563141613709,-1.2549434819241247,止损,1,False
ETH,1,2023-01-29 19:30:00,2023-01-29 20:00:00,1651.740282,0.007613728011854996,-0.007812205266252649,0.0,-0.008812205266252648,-1.1574100430868501,止损,3,False
ETH,-1,2023-01-30 19:15:00,2023-01-30 22:30:00,1548.280282,0.009586332383802824,-0.009788249650279544,-0.0,-0.010788249650279545,-1.125378217482579,止损,14,True
ETH,-1,2023-02-01 08:30:00,2023-02-01 10:15:00,1568.366264,0.004470156719014406,-0.00467105075035807,-0.0,-0.00567105075035807,-1.2686469640394267,止损,8,False
ETH,1,2023-02-02 00:45:00,2023-02-02 01:30:00,1696.429218,0.0119313207904925,-0.012128934526334345,0.0,-0.013128934526334346,-1.1003756211798585,止损,4,True
ETH,1,2023-02-02 18:30:00,2023-02-02 19:00:00,1699.649862,0.008803944365295458,-0.009002183576422388,0.0,-0.010002183576422387,-1.1361025423843323,止损,3,True
ETH,1,2023-02-03 15:30:00,2023-02-03 19:45:00,1666.223178,0.009281452070919863,-0.009479595780505588,0.0001,-0.010579595780505588,-1.139864290594464,止损,18,True
ETH,1,2023-02-04 12:15:00,2023-02-04 13:45:00,1663.4126159999998,0.0031983261572012503,0.012970287846794635,0.0,0.011970287846794634,3.7426726538951356,保本/跟踪,7,False
ETH,-1,2023-02-05 17:45:00,2023-02-05 22:30:00,1622.485438,0.008173185564596326,-0.008374820201709331,-0.0,-0.009374820201709332,-1.1470215777698858,止损,20,False
ETH,-1,2023-02-06 05:30:00,2023-02-06 06:15:00,1615.1369080000002,0.004985337316370842,-0.005186334383834048,-0.0,-0.006186334383834048,-1.2409058788297782,止损,4,False
ETH,-1,2023-02-06 23:15:00,2023-02-07 01:15:00,1614.7569839999999,0.006542855801442261,-0.006744164372602487,-0.0001,-0.007644164372602486,-1.16832230521074,止损,9,False
ETH,1,2023-02-08 00:45:00,2023-02-08 14:30:00,1680.2359800000002,0.00808561756254065,-0.00828400043902807,0.0001,-0.00938400043902807,-1.1605793084380613,止损,56,True
ETH,-1,2023-02-09 03:00:00,2023-02-09 03:15:00,1631.853564,0.006090835871240462,0.0046187886622991,-0.0,0.0036187886622990996,0.5941366240693161,保本/跟踪,2,False
ETH,-1,2023-02-09 19:15:00,2023-02-09 19:45:00,1614.82697,0.006625902372537819,0.022479644778552226,-0.0,0.021479644778552225,3.241768980415147,保本/跟踪,3,False
ETH,-1,2023-02-09 21:45:00,2023-02-10 16:00:00,1543.561226,0.01270401598273257,0.01405639998889173,-0.00026828,0.013324679988891728,1.0488557324709582,保本/跟踪,74,True
ETH,-1,2023-02-10 21:45:00,2023-02-10 21:45:00,1499.8799640000002,0.00842053790582699,-0.008622222013408173,-0.0,-0.009622222013408174,-1.1427087106572635,止损,1,True
ETH,-1,2023-02-12 22:00:00,2023-02-12 22:15:00,1509.887962,0.005584846608827579,0.003152303200863974,-0.0,0.002152303200863974,0.38538268848100105,保本/跟踪,2,False
ETH,-1,2023-02-13 08:45:00,2023-02-13 09:45:00,1503.669206,0.005333595508922892,0.011527045510872044,-0.0,0.010527045510872045,1.9737240091155617,保本/跟踪,5,False
ETH,-1,2023-02-13 16:00:00,2023-02-13 16:00:00,1474.884964,0.006732247330213929,-0.00693359377967987,-0.0,-0.00793359377967987,-1.1784465707423386,止损,1,False
ETH,1,2023-02-15 11:45:00,2023-02-15 13:00:00,1572.054348,0.0046756785318013555,0.006246830895900843,0.0,0.005246830895900843,1.122153899207319,保本/跟踪,6,False
ETH,1,2023-02-15 19:00:00,2023-02-16 00:30:00,1591.06815,0.006131647224646677,0.06282827521231722,0.0001,0.06172827521231722,10.067160250869485,保本/跟踪,23,False
ETH,1,2023-02-16 15:45:00,2023-02-16 16:00:00,1713.172566,0.008775702088021285,-0.00897394694760367,0.00014101,-0.01011495694760367,-1.1526094261347422,止损,2,True
ETH,1,2023-02-17 20:15:00,2023-02-17 21:45:00,1720.414014,0.010012031468476016,-0.010210029062182218,0.0,-0.011210029062182218,-1.1196557958770135,止损,7,True
ETH,1,2023-02-18 13:00:00,2023-02-18 14:30:00,1698.7296780000001,0.0036667026387733185,-0.0038659692982454955,0.0,-0.0048659692982454955,-1.3270695165707211,止损,7,False
ETH,1,2023-02-19 05:30:00,2023-02-19 05:30:00,1708.821696,0.003817464299404585,-0.004016700806544612,0.0,-0.005016700806544612,-1.3141447864560447,止损,1,False
ETH,1,2023-02-19 14:30:00,2023-02-19 15:15:00,1702.3404,0.002917655270023472,0.0018603473585754524,0.0,0.0008603473585754523,0.2948762889895937,保本/跟踪,4,False
ETH,1,2023-02-20 09:45:00,2023-02-20 14:30:00,1708.9017119999999,0.005554142134052231,-0.005753031305625409,0.0,-0.006753031305625409,-1.215854967812731,止损,20,False
ETH,-1,2023-02-21 12:00:00,2023-02-21 14:30:00,1668.96614,0.006974051761223419,-0.007175446571575699,-0.0,-0.0081754465715757,-1.1722664028724568,止损,11,False
ETH,-1,2023-02-21 21:30:00,2023-02-21 22:30:00,1637.902354,0.00813937845732123,-0.008341006333012633,-0.0,-0.009341006333012634,-1.147631404780123,止损,5,True
ETH,-1,2023-02-22 08:45:00,2023-02-22 09:15:00,1624.92495,0.0064929622827642475,-0.006694260875220822,-0.0,-0.007694260875220822,-1.1850154891004765,止损,3,False
ETH,-1,2023-02-22 15:15:00,2023-02-22 17:15:00,1617.896356,0.007042402961573998,0.005573678642359213,-0.0001,0.004673678642359213,0.6636482842377188,保本/跟踪,9,True
ETH,-1,2023-02-24 15:15:00,2023-02-24 16:15:00,1625.064922,0.006183942042763521,0.020338878173449027,-8.38e-05,0.019422678173449025,3.14082474239511,保本/跟踪,5,False
ETH,-1,2023-02-25 12:45:00,2023-02-25 12:45:00,1594.071122,0.0030675169803479558,-0.003268130483744004,-0.0,-0.004268130483744003,-1.391395878519264,止损,1,False
ETH,-1,2023-02-25 19:00:00,2023-02-25 20:45:00,1584.972942,0.003914154795081294,0.006947983676385138,-0.0,0.005947983676385138,1.5196086991397597,保本/跟踪,8,False
ETH,1,2023-02-27 13:45:00,2023-02-27 15:30:00,1660.4620260000002,0.004528619510609356,-0.004727713786707185,0.0,-0.005727713786707185,-1.2647814136932167,止损,8,False
ETH,1,2023-03-01 05:00:00,2023-03-01 05:15:00,1658.9017139999999,0.006492995204499512,-0.006691696605458513,0.0,-0.007691696605458513,-1.1846145520218967,止损,2,False
ETH,-1,2023-03-04 20:15:00,2023-03-04 20:15:00,1554.519034,0.002808966325255058,-0.0030095281185201174,-0.0,-0.004009528118520117,-1.4274034125902333,止损,1,False
ETH,-1,2023-03-07 11:00:00,2023-03-07 12:45:00,1562.597418,0.0027581471450341013,-0.00295869877446303,-0.0,-0.00395869877446303,-1.435274684887809,止损,8,False
ETH,-1,2023-03-07 14:15:00,2023-03-07 14:30:00,1560.6578060000002,0.0030022323891291426,-0.003202832835606957,-0.0,-0.004202832835606957,-1.3999025694430245,止损,2,False
ETH,-1,2023-03-08 23:15:00,2023-03-09 20:30:00,1536.482642,0.006723833315216452,0.03659989016178788,-0.00020326,0.035803150161787874,5.3248122734933245,保本/跟踪,86,False
ETH,-1,2023-03-09 20:45:00,2023-03-09 21:00:00,1447.250492,0.011533084380851695,0.011183052545894957,-0.0,0.010183052545894956,0.8829426898845735,保本/跟踪,2,True
ETH,-1,2023-03-10 07:00:00,2023-03-10 11:00:00,1405.858772,0.007762543133760513,0.014034931245795612,9.7e-07,0.013033961245795613,1.6790839060344642,保本/跟踪,17,True
ETH,1,2023-03-12 17:30:00,2023-03-12 19:15:00,1508.271594,0.010075577010530927,0.010533818648743273,0.0,0.009533818648743274,0.9462305373457608,保本/跟踪,8,True
ETH,1,2023-03-12 22:30:00,2023-03-13 15:30:00,1579.595856,0.014757320465351475,0.05325931460285756,0.0002,0.05205931460285756,3.527694253512144,保本/跟踪,69,True
ETH,1,2023-03-14 12:45:00,2023-03-14 13:15:00,1713.582648,0.010171544564820462,0.01580023783495252,0.0,0.014800237834952518,1.4550629691129664,保本/跟踪,3,True
ETH,1,2023-03-17 01:45:00,2023-03-17 02:30:00,1686.18717,0.006937117257905347,0.01086481320955159,0.0,0.009864813209551591,1.4220335108664803,保本/跟踪,4,False
ETH,1,2023-03-17 11:00:00,2023-03-17 12:30:00,1744.488828,0.00848911659477944,-0.008687418771460387,0.0,-0.009687418771460388,-1.1411574647729386,止损,7,True
ETH,1,2023-03-17 21:45:00,2023-03-17 21:45:00,1765.823094,0.009598813812063841,-0.009796894049301477,0.0,-0.010796894049301477,-1.1248154470640823,止损,1,True
ETH,1,2023-03-17 23:15:00,2023-03-18 02:45:00,1788.55764,0.012342558410753584,0.00880161373122516,0.0001,0.00770161373122516,0.6239884369933423,保本/跟踪,15,True
ETH,1,2023-03-18 07:45:00,2023-03-18 08:00:00,1819.133754,0.006801760505110577,-0.007000400153009538,0.0001,-0.008100400153009536,-1.1909269882294755,止损,2,False
ETH,1,2023-03-19 16:45:00,2023-03-19 17:00:00,1822.054338,0.00915033378768121,-0.009348503720923643,0.0,-0.010348503720923642,-1.1309427569577284,止损,2,True
ETH,-1,2023-03-20 23:15:00,2023-03-21 00:45:00,1737.5824140000002,0.007745160274991637,-0.00794670930704669,-7.106e-05,-0.008875649307046691,-1.1459607021568414,止损,7,False
ETH,-1,2023-03-21 07:15:00,2023-03-21 07:45:00,1719.665998,0.006825059654548852,-0.007026424666479751,-0.0,-0.00802642466647975,-1.1760226390300044,止损,3,False
ETH,-1,2023-03-24 17:30:00,2023-03-24 18:45:00,1741.5516200000002,0.010735102802842275,-0.01093724982340285,-0.0,-0.01193724982340285,-1.1119828140110861,止损,6,True
ETH,-1,2023-03-25 08:45:00,2023-03-25 09:45:00,1739.8319640000002,0.004475893129684239,-0.004676788308310168,-0.0,-0.005676788308310168,-1.268302916050779,止损,5,False
ETH,-1,2023-03-25 19:15:00,2023-03-25 20:45:00,1723.0653180000002,0.0057712711328528005,-0.005972425387079306,-0.0,-0.006972425387079306,-1.2081264640971325,止损,7,False
ETH,1,2023-03-26 13:45:00,2023-03-26 14:30:00,1788.387606,0.005969899734320422,-0.006168705754373532,0.0,-0.007168705754373532,-1.2008084010458804,止损,4,False
ETH,-1,2023-03-27 14:30:00,2023-03-27 15:15:00,1738.0523200000002,0.006628007848047053,0.01827774766046962,-0.0,0.01727774766046962,2.6067783950437717,保本/跟踪,4,False
ETH,1,2023-03-28 20:00:00,2023-03-28 20:45:00,1785.777084,0.008535867161364258,-0.008734159987932075,0.0,-0.009734159987932076,-1.1403832561958824,止损,4,True
ETH,1,2023-03-29 04:45:00,2023-03-29 06:45:00,1790.4280139999998,0.00487393983741983,0.007063991675224283,0.0,0.006063991675224283,1.2441662961589701,保本/跟踪,9,False
ETH,1,2023-03-31 00:30:00,2023-03-31 05:45:00,1802.400408,0.005353628530398498,-0.005552557804692398,0.0,-0.006552557804692398,-1.2239470421763943,止损,22,False
ETH,1,2023-03-31 13:30:00,2023-03-31 13:45:00,1818.4936260000002,0.005880634993530752,0.0025422376890324914,0.0,0.0015422376890324913,0.26225699958067406,保本/跟踪,2,False
ETH,1,2023-04-02 07:00:00,2023-04-02 08:00:00,1822.324392,0.002395674933906428,-0.0025951957989196316,5.018e-05,-0.0036453757989196316,-1.5216487626622284,止损,5,False
ETH,-1,2023-04-02 19:45:00,2023-04-02 20:30:00,1778.29427,0.004856956566863633,-0.005057927958176973,-0.0,-0.006057927958176973,-1.2472682995575692,止损,4,False
ETH,-1,2023-04-03 01:45:00,2023-04-03 03:45:00,1768.44624,0.005318341972686659,-0.005519405641081199,-0.0,-0.006519405641081199,-1.225834230773957,止损,9,False
ETH,1,2023-04-04 09:00:00,2023-04-04 11:15:00,1822.71447,0.004461513128213984,0.02002380170298675,0.0,0.01902380170298675,4.263979765672523,保本/跟踪,10,False
ETH,1,2023-04-04 20:45:00,2023-04-04 23:00:00,1874.514828,0.006025005413188573,-0.006223800412105965,0.0,-0.007223800412105965,-1.198969945536192,止损,10,False
ETH,1,2023-04-05 00:45:00,2023-04-05 13:00:00,1903.540632,0.007855881097682356,0.008980719251597288,0.0001,0.00788071925159729,1.003161727323274,保本/跟踪,50,False
ETH,-1,2023-04-07 06:45:00,2023-04-07 08:00:00,1862.7673720000003,0.0035242556147138896,0.005834894074391648,-7.093e-05,0.004905824074391649,1.3920170982801765,保本/跟踪,6,False
ETH,-1,2023-04-08 18:00:00,2023-04-08 19:45:00,1858.858154,0.0026535790027485675,0.0025307653262661455,-0.0,0.0015307653262661455,0.5768681937415786,保本/跟踪,8,False
ETH,-1,2023-04-09 06:00:00,2023-04-09 06:15:00,1848.03032,0.0023804481237472545,0.00609461862075945,-0.0,0.00509461862075945,2.140193087988661,保本/跟踪,2,False
ETH,1,2023-04-10 17:00:00,2023-04-10 19:15:00,1882.57644,0.005032530720901206,0.004420796044664468,0.0,0.0034207960446644677,0.6797367436739432,保本/跟踪,10,False
ETH,1,2023-04-11 02:00:00,2023-04-11 04:30:00,1926.8853,0.006570724695758096,-0.006769410550818928,0.0,-0.007769410550818928,-1.1824282572414995,止损,11,False
ETH,1,2023-04-12 23:30:00,2023-04-13 00:15:00,1925.58504,0.0076058664037707505,-0.007804345230489943,0.0001,-0.008904345230489942,-1.170720698706389,止损,4,False
ETH,1,2023-04-13 06:00:00,2023-04-13 06:45:00,1918.3836,0.004490558426756616,-0.0046896603150712235,0.0,-0.0056896603150712235,-1.2670273436750894,止损,4,False
ETH,1,2023-04-13 08:00:00,2023-04-13 14:00:00,1921.4942219999998,0.004385065738473357,0.036206058244725954,0.0,0.03520605824472595,8.028627241739551,保本/跟踪,25,False
ETH,1,2023-04-14 00:30:00,2023-04-14 00:45:00,2020.1839559999999,0.005081994143404333,0.043305398708712264,0.0,0.042305398708712263,8.324566600222933,保本/跟踪,2,False
ETH,1,2023-04-16 19:00:00,2023-04-16 19:45:00,2132.006316,0.005073456557248084,-0.005272441865936646,0.0,-0.006272441865936646,-1.2363251355677143,止损,4,False
ETH,-1,2023-04-18 01:15:00,2023-04-18 01:30:00,2063.0773019999997,0.004327106198468334,-0.0045279716197080475,-0.0,-0.0055279716197080475,-1.2775215966885176,止损,2,False
ETH,1,2023-04-18 11:45:00,2023-04-18 12:30:00,2118.9237,0.00425588372399936,-0.004455032547254541,0.0,-0.0054550325472545414,-1.281762590573859,止损,4,False
ETH,-1,2023-04-19 07:00:00,2023-04-19 08:30:00,2068.1362900000004,0.004471562142644548,0.036321477633372276,-0.0001,0.03542147763337228,7.921499579657746,保本/跟踪,7,False
ETH,-1,2023-04-19 21:30:00,2023-04-19 21:45:00,1957.478426,0.007407704754265923,-0.007609186295216831,-0.0,-0.008609186295216831,-1.1621934972852426,止损,2,False
ETH,-1,2023-04-19 23:30:00,2023-04-20 00:30:00,1929.3840460000001,0.009219100952564546,-0.009420944772754947,-6.419e-05,-0.010356754772754948,-1.1234018182514784,止损,5,True
ETH,-1,2023-04-21 06:45:00,2023-04-21 07:00:00,1917.5364160000001,0.005856150063772031,0.002410538366359436,-0.0,0.001410538366359436,0.24086445036397988,保本/跟踪,2,False
ETH,-1,2023-04-21 17:30:00,2023-04-21 19:15:00,1881.7335779999999,0.008306601335107569,0.014580388849442528,-0.0,0.013580388849442529,1.6348911307498863,保本/跟踪,8,True
ETH,-1,2023-04-23 19:00:00,2023-04-23 21:45:00,1845.460834,0.006776429982857024,-0.006977785268853488,-0.0,-0.00797778526885349,-1.1772843944430398,止损,12,False
ETH,-1,2023-04-24 15:30:00,2023-04-24 17:15:00,1839.03212,0.007621404160411061,0.00546572914994821,-5.112e-05,0.00451684914994821,0.5926531456513905,保本/跟踪,8,False
ETH,-1,2023-04-25 14:45:00,2023-04-25 15:00:00,1807.628402,0.00660698173238972,-0.00680830312873616,-0.0,-0.00780830312873616,-1.181826050836064,止损,2,False
ETH,1,2023-04-26 09:30:00,2023-04-26 13:30:00,1880.6060459999999,0.004895931531867706,0.034022207023651184,0.0,0.03302220702365118,6.744826149775389,保本/跟踪,17,False
ETH,1,2023-04-27 18:30:00,2023-04-27 22:45:00,1923.824688,0.008808247724184076,-0.009006486074639185,0.0,-0.010006486074639186,-1.136035950392858,止损,18,True
ETH,1,2023-04-29 14:00:00,2023-04-29 15:45:00,1912.08234,0.0033964932389181604,-0.0035958139402702993,0.0,-0.0045958139402703,-1.3531055759540223,止损,8,False
ETH,1,2023-04-30 15:30:00,2023-04-30 15:45:00,1932.0263280000001,0.004353549536251312,-0.004552678826344036,0.0,-0.005552678826344036,-1.2754371530880182,止损,2,False
ETH,-1,2023-05-01 00:00:00,2023-05-01 00:00:00,1868.0363180000002,0.006277171931080531,-0.006478427365466681,-0.0,-0.007478427365466681,-1.191368891528732,止损,1,False
ETH,-1,2023-05-01 01:45:00,2023-05-01 19:30:00,1840.761774,0.008134349114584554,0.009804258353748369,-3.184e-05,0.00883609835374837,1.0862698698173168,保本/跟踪,72,True
ETH,1,2023-05-03 06:45:00,2023-05-03 08:15:00,1865.853096,0.0031192435231277853,-0.0033186196744231567,6.273e-05,-0.004381349674423158,-1.4046193065521893,止损,7,False
ETH,1,2023-05-03 17:45:00,2023-05-03 17:45:00,1885.4570159999998,0.006217134016878771,-0.006415890590075386,0.0,-0.007415890590075386,-1.1928149803337253,止损,1,False
ETH,1,2023-05-03 22:15:00,2023-05-04 13:30:00,1901.790282,0.00966508822826112,-0.009863155210615445,0.0002,-0.011063155210615445,-1.144651238492197,止损,62,True
ETH,1,2023-05-05 12:00:00,2023-05-05 12:30:00,1911.2121659999998,0.0042879007774080675,-0.004487043197252594,0.0,-0.005487043197252594,-1.2796572220519942,止损,3,False
ETH,1,2023-05-05 13:45:00,2023-05-05 18:45:00,1930.2759780000001,0.007974397933100674,0.02722638998094034,0.0001,0.02612638998094034,3.2762837019322975,保本/跟踪,21,True
ETH,1,2023-05-06 00:30:00,2023-05-06 00:45:00,2000.560032,0.005405960702621102,0.002543666732616135,0.0,0.0015436667326161348,0.2855490110883865,保本/跟踪,2,False
ETH,-1,2023-05-08 01:45:00,2023-05-08 02:45:00,1841.68159,0.008896210153576332,-0.009097989395606992,-0.0,-0.010097989395606993,-1.1350888997993756,止损,5,True
ETH,-1,2023-05-08 18:00:00,2023-05-08 20:15:00,1824.664994,0.00828690788230405,-0.008488565263880504,-0.0,-0.009488565263880505,-1.1450067261085992,止损,10,True
ETH,-1,2023-05-10 06:15:00,2023-05-10 07:15:00,1838.18229,0.0030476406786310423,-0.0032482502067668066,-0.0,-0.004248250206766807,-1.393947205309998,止损,5,False
ETH,-1,2023-05-11 03:15:00,2023-05-11 07:30:00,1824.0451180000002,0.005719701388581371,-0.005920845328859129,-0.0,-0.006920845328859129,-1.21000116241657,止损,18,False
ETH,-1,2023-05-11 14:00:00,2023-05-11 15:00:00,1806.38865,0.007181010701750615,0.0033114289477015908,-0.0,0.0023114289477015907,0.32188072733801965,保本/跟踪,5,False
ETH,-1,2023-05-12 02:45:00,2023-05-12 03:00:00,1780.463836,0.005194352538226211,0.0044999100302126034,-0.0,0.0034999100302126034,0.6737913925664674,保本/跟踪,2,False
ETH,-1,2023-05-12 06:00:00,2023-05-12 07:00:00,1747.440442,0.007041945330780927,-0.007243353719847091,-0.0,-0.00824335371984709,-1.170607457546526,止损,5,False
ETH,-1,2023-05-12 15:30:00,2023-05-12 16:15:00,1760.987732,0.005911485981588162,-0.006112668278784378,9.17e-06,-0.0071218382787843785,-1.204745862709641,止损,4,False
ETH,-1,2023-05-12 19:30:00,2023-05-12 19:30:00,1754.459038,0.006349714424864831,-0.006550984367749726,-0.0,-0.007550984367749726,-1.1891848770679898,止损,1,False
ETH,1,2023-05-14 15:15:00,2023-05-14 16:45:00,1814.4128099999998,0.0038961976968641494,-0.0040954184573246954,3.797e-05,-0.0051333884573246955,-1.3175379836234433,止损,7,False
ETH,1,2023-05-15 02:00:00,2023-05-15 14:15:00,1823.284584,0.006012706653006838,-0.006211504111676116,-2.95e-06,-0.007208554111676116,-1.198886712371251,止损,50,False
ETH,1,2023-05-15 16:30:00,2023-05-15 16:30:00,1836.157158,0.004504320393354235,-0.004703419529275489,0.0,-0.005703419529275489,-1.2662108889257588,止损,1,False
ETH,-1,2023-05-17 11:30:00,2023-05-17 16:30:00,1793.8211640000002,0.0037383121310172497,-0.003939059793443477,-3.984e-05,-0.0048992197934434765,-1.3105432670520016,止损,21,False
ETH,1,2023-05-18 07:45:00,2023-05-18 11:30:00,1828.3555979999999,0.0030916278785597163,-0.0032910095529839235,6.739e-05,-0.004358399552983923,-1.409742609454781,止损,16,False
ETH,-1,2023-05-18 18:00:00,2023-05-18 18:30:00,1776.974534,0.006223708735172404,-0.006424953476919494,-0.0,-0.007424953476919494,-1.1930110795446494,止损,3,False
ETH,1,2023-05-20 18:00:00,2023-05-20 18:45:00,1826.855298,0.0023323347710235767,-0.0025318683040693756,0.0,-0.0035318683040693757,-1.5143058997998677,止损,4,False
ETH,1,2023-05-23 01:45:00,2023-05-23 04:00:00,1838.457618,0.003986372500758524,0.01162633458281287,0.0,0.010626334582812869,2.6656652334398996,保本/跟踪,10,False
ETH,1,2023-05-23 15:30:00,2023-05-23 16:30:00,1857.6314519999999,0.0037912437917595253,-0.003990485543001143,7.379e-05,-0.005064275543001143,-1.3357820866093133,止损,5,False
ETH,-1,2023-05-24 11:30:00,2023-05-24 12:00:00,1810.677792,0.0031112294107462253,-0.0033118516566283253,-0.0,-0.004311851656628325,-1.3858996195314737,止损,3,False
ETH,-1,2023-05-24 14:00:00,2023-05-24 14:15:00,1801.88955,0.004479545190979981,0.0058279620967890315,-0.0,0.0048279620967890315,1.0777795269284534,保本/跟踪,2,False
ETH,-1,2023-05-25 01:30:00,2023-05-25 01:30:00,1767.636402,0.006622361003365632,-0.006823685475566289,-0.0,-0.007823685475566288,-1.1814042562146818,止损,1,False
ETH,1,2023-05-26 14:30:00,2023-05-26 17:45:00,1831.506228,0.00451637088525612,-0.004715467611079057,3.794e-05,-0.0057534076110790575,-1.2739006067595766,止损,14,False
ETH,1,2023-05-27 03:45:00,2023-05-27 04:15:00,1835.046936,0.002358766081006995,-0.002558294327790732,0.0,-0.003558294327790732,-1.5085405697675793,止损,3,False
ETH,1,2023-05-28 00:45:00,2023-05-28 01:15:00,1838.7276719999998,0.003195028091879375,0.0053477888791983,0.0,0.0043477888791983,1.3607983260769547,保本/跟踪,3,False
ETH,1,2023-05-28 22:00:00,2023-05-28 22:15:00,1867.8735,0.003975132167927189,0.020416383657672812,0.0,0.01941638365767281,4.884462412176192,保本/跟踪,2,False
ETH,1,2023-05-30 09:15:00,2023-05-30 10:45:00,1905.290982,0.002832460594140887,0.0019032372266646698,0.0,0.0009032372266646698,0.31888783502692664,保本/跟踪,7,False
ETH,-1,2023-05-31 14:30:00,2023-05-31 14:45:00,1854.0291200000001,0.004582823168473044,-0.004783739733106749,-0.0,-0.005783739733106749,-1.2620473277029887,止损,2,False
ETH,1,2023-06-02 11:45:00,2023-06-02 12:30:00,1894.718868,0.0023704885947766286,-0.0025700144970576635,0.0,-0.0035700144970576635,-1.5060247515740806,止损,4,False
ETH,1,2023-06-02 19:00:00,2023-06-03 01:15:00,1909.2217679999999,0.004236731505725217,-0.004435884159424032,0.0001,-0.005535884159424033,-1.3066403079692999,止损,26,False
ETH,-1,2023-06-05 05:15:00,2023-06-05 07:15:00,1863.0173220000001,0.004787893680200875,-0.004988851258936871,-0.0,-0.005988851258936871,-1.2508321318207738,止损,9,False
ETH,-1,2023-06-05 10:45:00,2023-06-05 11:45:00,1864.5470160000002,0.0027084103600465773,-0.0029089520421185728,-0.0,-0.003908952042118573,-1.4432643220473242,止损,5,False
ETH,-1,2023-06-05 16:00:00,2023-06-05 16:15:00,1818.6362000000001,0.006674624748633421,0.002487275904878688,-0.0,0.0014872759048786882,0.22282539631657894,保本/跟踪,2,False
ETH,-1,2023-06-06 12:15:00,2023-06-06 12:15:00,1802.259476,0.003569301216660982,-0.003770015076904225,-0.0,-0.004770015076904225,-1.3364002608237389,止损,1,False
ETH,-1,2023-06-07 22:00:00,2023-06-07 22:15:00,1821.155696,0.006079719732475954,-0.0062809356764224455,-0.0,-0.0072809356764224455,-1.1975775194915603,止损,2,False
ETH,-1,2023-06-09 02:30:00,2023-06-09 04:15:00,1834.3330600000002,0.003574779091934643,-0.00377549404775306,-0.0,-0.00477549404775306,-1.3358850784730867,止损,8,False
ETH,-1,2023-06-09 19:15:00,2023-06-09 23:45:00,1834.3030660000002,0.0033840818406994356,-0.0035847586570675522,-0.0,-0.004584758657067553,-1.3548013531847554,止损,19,False
ETH,-1,2023-06-10 04:30:00,2023-06-10 08:30:00,1793.8711540000002,0.00643679996525229,0.0320505433465809,-5.325e-05,0.031103793346580897,4.832182686193167,保本/跟踪,17,False
ETH,-1,2023-06-12 02:30:00,2023-06-12 03:30:00,1726.414648,0.006884566047525944,-0.007085942960735329,-0.0,-0.00808594296073533,-1.1745029250814023,止损,5,True
ETH,-1,2023-06-14 17:15:00,2023-06-14 17:30:00,1734.00313,0.0028813903064826454,-0.003081966584543873,-0.0,-0.004081966584543873,-1.4166656198433554,止损,2,False
ETH,-1,2023-06-14 20:15:00,2023-06-14 20:45:00,1684.7929740000002,0.010204800822662393,0.017095181689664427,-0.0,0.016095181689664426,1.5772166423788423,保本/跟踪,3,True
ETH,-1,2023-06-15 07:00:00,2023-06-15 11:45:00,1635.8327680000002,0.005100635428014543,-0.005301655555100154,8.236e-05,-0.006384015555100154,-1.2516118129197826,止损,20,False
ETH,1,2023-06-17 03:00:00,2023-06-17 05:45:00,1720.534038,0.0031191014944092848,0.02081018056557629,0.0,0.01981018056557629,6.351245896000594,保本/跟踪,12,False
ETH,1,2023-06-19 18:15:00,2023-06-19 18:30:00,1745.9291159999998,0.005976466449358131,-0.0061752711560682395,0.0,-0.0071752711560682395,-1.200587540625926,止损,2,False
ETH,1,2023-06-20 01:15:00,2023-06-20 01:15:00,1748.49963,0.0049824265100738944,-0.005181430024771862,0.0,-0.006181430024771862,-1.2406465027178466,止损,1,False
ETH,1,2023-06-20 17:00:00,2023-06-20 19:00:00,1744.5788459999999,0.004926610289633752,0.01672819866100476,0.0,0.01572819866100476,3.1924990483008155,保本/跟踪,9,False
ETH,1,2023-06-21 01:15:00,2023-06-21 16:45:00,1817.533434,0.008105911223994762,0.031592769621954855,7.820000000000001e-06,0.030584949621954856,3.773166122448841,保本/跟踪,63,True
ETH,1,2023-06-21 23:00:00,2023-06-22 04:00:00,1892.888502,0.0075341975949764425,0.011699726537232932,0.0001,0.010599726537232932,1.4068819411240931,保本/跟踪,21,True
ETH,1,2023-06-23 16:00:00,2023-06-23 16:15:00,1916.913306,0.00814490826532802,-0.008343279283674968,0.0,-0.009343279283674968,-1.1471313094400686,止损,2,True
ETH,1,2023-06-25 04:00:00,2023-06-25 04:45:00,1894.848894,0.0038022235486628642,0.004708470070982084,0.0,0.003708470070982084,0.9753424604101064,保本/跟踪,4,False
ETH,1,2023-06-25 06:30:00,2023-06-25 07:00:00,1927.295382,0.00561471779951459,-0.005813594855954745,0.0,-0.006813594855954745,-1.2135240094424338,止损,3,False
ETH,-1,2023-06-26 17:00:00,2023-06-27 01:45:00,1851.349656,0.008047370373496855,-0.008248979847571499,-4.477e-05,-0.0092042098475715,-1.1437537257989978,止损,36,True
ETH,-1,2023-06-28 19:30:00,2023-06-29 01:15:00,1830.493828,0.005913401873239716,-0.006114584553614326,-1.497e-05,-0.007099614553614327,-1.200597339027921,止损,24,False
ETH,1,2023-06-30 12:45:00,2023-06-30 13:30:00,1902.840492,0.005194044308834227,-0.005393005499972453,0.0,-0.006393005499972453,-1.2308338396534253,止损,4,False
ETH,1,2023-06-30 17:30:00,2023-07-01 17:30:00,1924.124748,0.01144682809236703,-0.0031746527902357068,0.00030000000000000003,-0.004474652790235707,-0.3909076605439277,超时,97,True
ETH,1,2023-07-02 22:30:00,2023-07-02 22:30:00,1952.430408,0.0054534935317548435,-0.005652402833048511,0.0,-0.006652402833048511,-1.2198424357363964,止损,1,False
ETH,1,2023-07-03 07:30:00,2023-07-03 21:15:00,1959.981918,0.004643410330633982,-0.0048424816485678306,0.0002,-0.00604248164856783,-1.3013025380728798,止损,56,False
ETH,-1,2023-07-05 08:30:00,2023-07-05 11:00:00,1928.884146,0.003477800910728109,0.007649614377530816,-0.0,0.006649614377530816,1.912016975157632,保本/跟踪,11,False
ETH,-1,2023-07-05 13:00:00,2023-07-05 14:30:00,1900.46983,0.005416403871313001,-0.005617487152087358,-0.0,-0.006617487152087358,-1.221749210234428,止损,7,False
ETH,-1,2023-07-06 14:30:00,2023-07-06 15:30:00,1870.215882,0.00828825160231091,-0.00848990925263128,-0.0,-0.009489909252631282,-1.144983249541475,止损,5,True
ETH,-1,2023-07-06 21:45:00,2023-07-07 00:15:00,1872.165492,0.005076794874587945,0.01548844486446727,-7.449e-05,0.014562934864467272,2.8685293032740984,保本/跟踪,11,False
ETH,-1,2023-07-08 05:15:00,2023-07-08 08:15:00,1858.6282,0.0023732785754325024,-0.002573753231147631,-1.339e-05,-0.003560363231147631,-1.5001876593854122,止损,13,False
ETH,-1,2023-07-10 00:15:00,2023-07-10 00:30:00,1851.689588,0.003895208479067794,-0.0040959875207635,-0.0,-0.0050959875207635,-1.3082708019733715,止损,2,False
ETH,1,2023-07-10 19:15:00,2023-07-10 21:45:00,1890.648054,0.003832998347131844,-0.004032231747462297,0.0,-0.005032231747462297,-1.3128708368026862,止损,11,False
ETH,1,2023-07-12 00:15:00,2023-07-12 01:15:00,1879.955916,0.0023376343616720143,0.0006571254849099275,0.0,-0.00034287451509007255,-0.1466758534661633,保本/跟踪,5,False
ETH,1,2023-07-12 06:30:00,2023-07-12 12:45:00,1888.6676579999998,0.0029849789098521334,0.0007646893268292804,0.0001,-0.00033531067317071965,-0.11233267748190888,保本/跟踪,26,False
ETH,1,2023-07-13 15:30:00,2023-07-13 15:45:00,1900.209966,0.0037210160028586727,0.01120553572154904,0.0,0.010205535721549041,2.7426745044118683,保本/跟踪,2,False
ETH,1,2023-07-13 16:15:00,2023-07-13 18:30:00,1946.579238,0.006930841261311155,0.020112295737848174,0.0,0.019112295737848173,2.757572279794584,保本/跟踪,10,True
ETH,1,2023-07-13 23:45:00,2023-07-14 07:45:00,2008.671654,0.0068287858535479905,-0.00702742009637727,0.0001,-0.00812742009637727,-1.1901705911827,止损,33,True
ETH,-1,2023-07-15 13:45:00,2023-07-15 18:30:00,1933.2732680000001,0.002373600330829287,-0.0025740750508955203,-8.792e-05,-0.0034861550508955203,-1.4687203256655805,止损,20,False
ETH,-1,2023-07-16 02:30:00,2023-07-16 02:30:00,1920.2458740000002,0.0029501697556020144,-0.0031507597895531294,-0.0,-0.00415075978955313,-1.4069562545244525,止损,1,False
ETH,-1,2023-07-16 23:30:00,2023-07-17 00:15:00,1922.2054819999998,0.0030162503774479954,-0.0032168536275235266,-2.809e-05,-0.004188763627523527,-1.3887320690756373,止损,4,False
ETH,-1,2023-07-17 10:00:00,2023-07-17 10:30:00,1913.36725,0.002956866545111437,0.004613028680197111,-0.0,0.003613028680197111,1.2219113122201952,保本/跟踪,3,False
ETH,-1,2023-07-17 17:15:00,2023-07-17 17:30:00,1896.17069,0.00502382681886556,-0.005224831584229328,-0.0,-0.006224831584229328,-1.2390617369320405,止损,2,False
ETH,-1,2023-07-17 18:45:00,2023-07-17 20:15:00,1884.563012,0.0057680462776219694,-0.005969199886877373,-0.0,-0.006969199886877373,-1.2082427136403995,止损,7,False
ETH,-1,2023-07-19 21:00:00,2023-07-19 21:30:00,1897.3404560000001,0.004042749353102274,0.0020871607929433744,-0.0,0.0010871607929433744,0.2689161998403692,保本/跟踪,3,False
ETH,-1,2023-07-22 23:30:00,2023-07-22 23:45:00,1854.7489759999999,0.004222598317271762,-0.004423442836935227,-0.0,-0.005423442836935227,-1.2843852124772634,止损,2,False
ETH,-1,2023-07-24 02:30:00,2023-07-24 10:00:00,1873.5752100000002,0.0033679074002002964,0.01693388865878531,8e-07,0.01593308865878531,4.730857106652557,保本/跟踪,31,False
ETH,-1,2023-07-24 15:15:00,2023-07-24 15:15:00,1836.48263,0.004643474955487721,-0.0048444036504787374,-0.0,-0.0058444036504787375,-1.2586271502491346,止损,1,False
ETH,1,2023-07-27 04:45:00,2023-07-27 06:30:00,1879.565838,0.002542262115937588,-0.0027417536635143337,0.0,-0.0037417536635143338,-1.471820564865072,止损,8,False
ETH,1,2023-07-28 14:15:00,2023-07-28 17:00:00,1875.244974,0.0024338091358659234,-0.0026333223740386885,9.408e-05,-0.0037274023740386884,-1.5315097306151406,止损,12,False
ETH,-1,2023-07-31 15:45:00,2023-07-31 17:45:00,1856.238678,0.002411910551817429,-0.002612392933927667,-4.221e-05,-0.003570182933927667,-1.4802302395656644,止损,9,False
ETH,-1,2023-08-01 02:15:00,2023-08-01 06:15:00,1821.415644,0.005029233188424945,-0.005230239035062515,-0.0,-0.006230239035062515,-1.2388049632301303,止损,17,False
ETH,-1,2023-08-02 17:00:00,2023-08-02 17:30:00,1828.174292,0.0047942931977496194,-0.0049952520563890405,-0.0,-0.0059952520563890405,-1.2504975830854768,止损,3,False
ETH,-1,2023-08-04 21:00:00,2023-08-04 21:00:00,1821.3356600000002,0.004280444266312215,-0.00448130035516543,-0.0,-0.00548130035516543,-1.280544731841072,止损,1,False
ETH,-1,2023-08-07 15:45:00,2023-08-07 16:15:00,1819.43604,0.0029444210986148433,0.0037326261933454162,-0.0001,0.002832626193345416,0.9620316179224434,保本/跟踪,3,False
ETH,1,2023-08-08 13:00:00,2023-08-08 13:00:00,1845.178962,0.0024273868477970315,-0.0026269013704274522,0.0,-0.0036269013704274523,-1.4941587797260403,止损,1,False
ETH,1,2023-08-08 16:45:00,2023-08-08 18:45:00,1851.9903239999999,0.0032252738766519883,0.004633247980335635,0.0,0.0036332479803356348,1.1264928558895426,保本/跟踪,9,False
ETH,-1,2023-08-15 19:15:00,2023-08-15 19:15:00,1818.7561759999999,0.0031518887895172726,-0.0033525191672751,-0.0,-0.0043525191672751,-1.3809240928014184,止损,1,False
ETH,-1,2023-08-16 20:30:00,2023-08-16 20:45:00,1805.0489180000002,0.0037150951717794863,0.00043108859391041243,-0.0,-0.0005689114060895876,-0.1531350826248378,保本/跟踪,2,False
ETH,-1,2023-08-17 00:45:00,2023-08-17 00:45:00,1787.732382,0.004913254820959667,-0.005114237471923735,-0.0,-0.006114237471923735,-1.2444372813396007,止损,1,True
ETH,-1,2023-08-17 09:15:00,2023-08-17 15:15:00,1790.861756,0.002655456508902925,0.0084801029164421,-0.0,0.007480102916442101,2.8168802205434837,保本/跟踪,25,False
ETH,-1,2023-08-17 15:45:00,2023-08-17 21:00:00,1739.262078,0.007857445977396023,0.012073220169410223,-7.146e-05,0.011144680169410224,1.418359120949833,保本/跟踪,22,True
ETH,-1,2023-08-17 21:45:00,2023-08-17 21:45:00,1498.420256,0.024001367501097895,-0.02420616777459806,-0.0,-0.02520616777459806,-1.0501971512016994,止损,1,True
ETH,-1,2023-08-18 04:30:00,2023-08-18 06:00:00,1667.436446,0.01272778092061695,-0.012930326476801146,-0.0,-0.013930326476801147,-1.0944819496567755,止损,7,True
ETH,-1,2023-08-18 13:30:00,2023-08-18 13:45:00,1674.46504,0.005143908301424946,-0.005344937083085316,-0.0,-0.006344937083085316,-1.2334856516255677,止损,2,True
ETH,-1,2023-08-21 06:45:00,2023-08-21 10:15:00,1672.275478,0.0034480957068026793,0.0032005253144064463,4.365e-05,0.002156875314406446,0.625526521828031,保本/跟踪,15,False
ETH,-1,2023-08-22 16:00:00,2023-08-22 16:30:00,1648.8201700000002,0.0040458790707986435,0.005243852064630374,-0.0,0.004243852064630374,1.0489320096738954,保本/跟踪,3,False
ETH,-1,2023-08-22 17:45:00,2023-08-22 18:30:00,1621.3456660000002,0.007737861475519698,-0.007939409047814792,-0.0,-0.008939409047814793,-1.155281607986449,止损,4,True
ETH,-1,2023-08-22 21:30:00,2023-08-22 22:30:00,1602.669402,0.009675684591936783,-0.009877619728855104,-0.0,-0.010877619728855103,-1.1242222320806066,止损,5,True
ETH,-1,2023-08-25 15:00:00,2023-08-25 15:00:00,1638.602214,0.0057914004462695816,-0.0059925587263588796,-0.0,-0.00699255872635888,-1.2074037689559183,止损,1,True
ETH,1,2023-08-31 11:45:00,2023-08-31 11:45:00,1719.873906,0.0033597240626410843,-0.0035590521178286085,0.0,-0.004559052117828609,-1.3569721896281954,止损,1,False
ETH,-1,2023-08-31 21:15:00,2023-09-01 00:15:00,1638.692196,0.0073472083877721564,-0.007548677829449743,-3.532e-05,-0.008513357829449742,-1.1587200716422295,止损,13,True
ETH,-1,2023-09-01 11:00:00,2023-09-01 11:30:00,1641.041726,0.0022697625083469056,-0.002470216460848593,-0.0,-0.003470216460848593,-1.528889673737713,止损,3,False
ETH,-1,2023-09-01 15:00:00,2023-09-01 15:15:00,1629.484038,0.004579747844388779,-0.004780663793957699,-0.0,-0.005780663793957699,-1.262223159521831,止损,2,False
ETH,-1,2023-09-01 17:15:00,2023-09-01 18:45:00,1609.508034,0.006375342987464664,-0.006576618056062225,-0.0,-0.007576618056062225,-1.188425167235635,止损,7,True
ETH,-1,2023-09-04 15:15:00,2023-09-04 15:30:00,1622.465442,0.0029884358418463936,-0.0031890335290147113,-0.0,-0.004189033529014711,-1.401747854297763,止损,2,False
ETH,-1,2023-09-05 03:15:00,2023-09-05 03:45:00,1611.77758,0.003452187386627158,-0.0036528778241043595,-0.0,-0.004652877824104359,-1.3478056962169411,止损,3,False
ETH,-1,2023-09-06 17:15:00,2023-09-06 17:15:00,1615.196896,0.004161756562612187,-0.004362588913924663,-0.0,-0.005362588913924663,-1.2885397868054917,止损,1,False
ETH,1,2023-09-07 02:15:00,2023-09-07 08:00:00,1635.9271199999998,0.00282636200805874,-0.0030257967356570156,7.831e-05,-0.004104106735657016,-1.4520810582491104,止损,24,False
ETH,1,2023-09-07 21:15:00,2023-09-07 21:15:00,1651.900314,0.004085354864856661,-0.004284537793883628,0.0,-0.005284537793883628,-1.2935321333631664,止损,1,False
ETH,-1,2023-09-10 15:15:00,2023-09-10 17:00:00,1616.3766600000001,0.0028317655534754625,0.00196989110199117,-7.75e-06,0.0009776411019911699,0.3452408342178251,保本/跟踪,8,False
ETH,-1,2023-09-11 09:30:00,2023-09-11 10:30:00,1590.73179,0.004380305220422124,0.0030907422308767427,-0.0,0.0020907422308767427,0.47730514785343214,保本/跟踪,5,False
ETH,-1,2023-09-11 15:00:00,2023-09-11 20:15:00,1557.9483480000001,0.008493019793929964,0.007932950289065826,6.25e-06,0.006926700289065826,0.8155756676814058,保本/跟踪,22,True
ETH,-1,2023-09-13 05:30:00,2023-09-13 06:45:00,1583.1333100000002,0.0035246901823956156,-0.003725395120432155,-0.0,-0.004725395120432155,-1.3406554550619991,止损,6,False
ETH,1,2023-09-13 14:45:00,2023-09-13 14:45:00,1610.1819719999999,0.005365345201632207,-0.0055642721325918085,0.0,-0.0065642721325918085,-1.2234575569517638,止损,1,True
ETH,1,2023-09-14 00:45:00,2023-09-14 01:00:00,1614.8229,0.0033267308358940323,0.006876022583019812,0.0,0.005876022583019812,1.7663053829363018,保本/跟踪,2,False
ETH,1,2023-09-15 22:45:00,2023-09-15 23:45:00,1647.1993739999998,0.004218386614278625,-0.004417542936955795,0.0,-0.005417542936955795,-1.2842689474260611,止损,5,False
ETH,-1,2023-09-17 21:00:00,2023-09-17 23:45:00,1616.016732,0.0026921476379105024,-0.0028926860674380935,-0.0,-0.0038926860674380935,-1.4459407844583825,止损,12,False
ETH,1,2023-09-18 10:45:00,2023-09-18 13:30:00,1646.659266,0.004226073503767952,0.005728845781707996,0.0,0.004728845781707996,1.1189691276055123,保本/跟踪,12,False
ETH,1,2023-09-19 09:45:00,2023-09-19 10:00:00,1653.400614,0.0035718779198511495,-0.003771163544267189,0.0,-0.004771163544267189,-1.3357577306186368,止损,2,False
ETH,-1,2023-09-20 10:00:00,2023-09-20 11:30:00,1626.294676,0.0035393350463795705,-0.0037400429133888627,-0.0,-0.004740042913388863,-1.33924673738857,止损,7,False
ETH,-1,2023-09-20 19:30:00,2023-09-20 21:15:00,1615.396856,0.0061649431692528105,-0.0063661761578866286,-0.0,-0.007366176157886629,-1.1948489962770261,止损,8,True
ETH,-1,2023-09-21 01:30:00,2023-09-21 02:00:00,1613.487238,0.003863214165376092,-0.004063986808209249,-0.0,-0.005063986808209249,-1.3108221784841845,止损,3,False
ETH,-1,2023-09-21 11:00:00,2023-09-21 14:00:00,1590.611814,0.0057538093691194975,0.0073363470606772644,-0.0,0.006336347060677264,1.1012438289464763,保本/跟踪,13,True
ETH,-1,2023-09-22 00:30:00,2023-09-22 00:30:00,1581.393658,0.0030732004914608363,-0.0032738151315591137,-0.0,-0.004273815131559114,-1.3906724092470677,止损,1,False
ETH,-1,2023-09-25 06:15:00,2023-09-25 06:30:00,1572.005536,0.0034351491878061853,-0.003635836217643711,-0.0,-0.004635836217643711,-1.349529806187058,止损,2,False
ETH,-1,2023-09-25 11:30:00,2023-09-25 13:15:00,1568.7961779999998,0.002606273940928011,-0.0028067951957161815,-0.0,-0.0038067951957161815,-1.4606274252048514,止损,8,False
ETH,1,2023-09-27 10:00:00,2023-09-27 12:30:00,1611.952326,0.003329195823683178,0.007707169402800792,0.0,0.006707169402800792,2.0146515128630886,保本/跟踪,11,False
ETH,1,2023-09-28 02:15:00,2023-09-28 03:00:00,1609.151766,0.00397417133740509,-0.00417337650313756,0.0,-0.00517337650313756,-1.3017497394854352,止损,4,False
ETH,1,2023-09-28 07:00:00,2023-09-28 11:00:00,1616.963328,0.0031649194120432337,0.007221375163405834,4.301e-05,0.006178365163405835,1.952139804854354,保本/跟踪,17,False
ETH,1,2023-09-28 14:45:00,2023-09-28 18:30:00,1643.988732,0.00560756019275009,0.005868030232557188,2.239e-05,0.004845640232557188,0.86412629842512,保本/跟踪,16,True
ETH,1,2023-09-29 07:30:00,2023-09-29 08:15:00,1662.03234,0.0029709016104130775,0.009076940252961619,4.429e-05,0.008032650252961617,2.7037752528750856,保本/跟踪,4,False
ETH,1,2023-09-29 14:45:00,2023-09-29 15:15:00,1677.175368,0.005589072704068235,-0.0057879548895274574,0.0,-0.0067879548895274575,-1.2145046681154401,止损,3,True
ETH,1,2023-10-01 10:15:00,2023-10-01 10:15:00,1689.9579239999998,0.0025170784191601713,-0.0027165750034763253,0.0,-0.0037165750034763253,-1.4765431919742766,止损,1,False
ETH,1,2023-10-01 22:30:00,2023-10-02 05:30:00,1725.6450599999998,0.008859458494488376,-0.0090576866027895,0.0001,-0.010157686602789498,-1.1465358305034976,止损,29,True
ETH,1,2023-10-02 08:30:00,2023-10-02 11:30:00,1734.49683,0.004591915226867369,-0.004790996843821956,0.0,-0.005790996843821956,-1.2611288662165934,止损,13,True
ETH,-1,2023-10-03 11:15:00,2023-10-03 12:30:00,1652.199494,0.003414785397784349,-0.003615468354863951,-0.0,-0.004615468354863951,-1.351613005566515,止损,6,False
ETH,-1,2023-10-04 14:00:00,2023-10-04 16:30:00,1634.153104,0.0032965663591062776,-0.0034972256723780986,-2.618e-05,-0.004471045672378098,-1.3562735238219898,止损,11,False
ETH,-1,2023-10-05 15:15:00,2023-10-05 15:45:00,1627.0545240000001,0.00503333078103147,0.003976800964292823,-0.0,0.0029768009642928226,0.5914177100203998,保本/跟踪,3,True
ETH,-1,2023-10-08 05:45:00,2023-10-08 12:15:00,1627.454444,0.0023936343036917917,0.003710879175736113,-9.246e-05,0.002803339175736113,1.1711643551449853,保本/跟踪,27,False
ETH,-1,2023-10-09 01:15:00,2023-10-09 01:45:00,1623.5752200000002,0.002926866881350611,-0.0031274522547269806,-0.0,-0.004127452254726981,-1.4101947311052139,止损,3,False
ETH,-1,2023-10-09 07:30:00,2023-10-09 08:45:00,1619.446046,0.0023985527423541282,0.0011251512656835396,-6.572e-05,0.00019087126568353963,0.07957768128801018,保本/跟踪,6,False
ETH,-1,2023-10-09 09:45:00,2023-10-09 10:00:00,1610.687798,0.003419270732794595,0.011671711937809142,-0.0,0.010671711937809143,3.1210491276562577,保本/跟踪,2,False
ETH,-1,2023-10-09 16:15:00,2023-10-09 16:45:00,1577.48444,0.005983260298134671,0.00899343442780762,-0.0,0.00799343442780762,1.3359663510376836,保本/跟踪,3,True
ETH,-1,2023-10-10 13:00:00,2023-10-10 14:00:00,1573.245288,0.0036797114317704705,-0.0038804473740567114,-0.0,-0.004880447374056711,-1.3263125287268829,止损,5,False
ETH,-1,2023-10-11 02:45:00,2023-10-11 08:30:00,1556.268684,0.0049372627805190465,-0.005138250233075202,-5.392e-05,-0.006084330233075202,-1.2323286208467856,止损,24,True
ETH,-1,2023-10-12 10:00:00,2023-10-12 10:30:00,1540.671804,0.004480556944264908,-0.004681453055653798,-0.0,-0.005681453055653798,-1.2680238475544947,止损,3,True
ETH,-1,2023-10-12 16:30:00,2023-10-13 01:00:00,1535.8827620000002,0.0069958127305821596,-0.007197211893128329,-3.69e-05,-0.00816031189312833,-1.1664565944505016,止损,35,True
ETH,-1,2023-10-14 07:15:00,2023-10-14 09:00:00,1544.661006,0.002314852686204524,-0.0025153156567416426,-3.108e-05,-0.0034842356567416424,-1.5051651785472626,止损,8,False
ETH,1,2023-10-16 13:00:00,2023-10-16 13:30:00,1586.8973159999998,0.003089688315350503,0.017482407931870742,0.0,0.01648240793187074,5.334650699224634,保本/跟踪,3,False
ETH,1,2023-10-16 19:15:00,2023-10-16 19:30:00,1599.5598479999999,0.0065286396295820715,-0.006727333901656076,0.0,-0.007727333901656076,-1.183605519692429,止损,2,True
ETH,-1,2023-10-18 19:15:00,2023-10-19 02:00:00,1564.277082,0.0036431711909843106,0.009539670664939834,-4.251e-05,0.008582180664939836,2.3556896492204378,保本/跟踪,28,False
ETH,-1,2023-10-19 09:15:00,2023-10-19 09:15:00,1544.121114,0.0032111561313853338,-0.003411798362611471,-0.0,-0.004411798362611471,-1.373897182853007,止损,1,False
ETH,1,2023-10-20 08:30:00,2023-10-20 09:00:00,1598.839704,0.0047358976315826145,0.005493000913431048,0.0,0.004493000913431048,0.9487115776042658,保本/跟踪,3,True
ETH,1,2023-10-21 08:00:00,2023-10-21 09:00:00,1605.991134,0.0024112866699892914,-0.0026108044126553075,0.0,-0.0036108044126553075,-1.4974596167246026,止损,5,False
ETH,1,2023-10-21 14:00:00,2023-10-21 15:00:00,1612.812498,0.0028448314939554815,0.002337121318909573,0.0,0.001337121318909573,0.47001775737881274,保本/跟踪,5,False
ETH,1,2023-10-21 16:00:00,2023-10-21 16:45:00,1627.9655280000002,0.004414526640845882,-0.004613643735517756,0.0,-0.005613643735517756,-1.2716298240397768,止损,4,True
ETH,1,2023-10-21 18:00:00,2023-10-21 18:00:00,1638.137562,0.004789098025876879,-0.004988140206271691,0.0,-0.005988140206271691,-1.250369103726013,止损,1,True
ETH,1,2023-10-22 06:00:00,2023-10-22 07:30:00,1641.57825,0.004444071421035352,-0.004643182606751147,0.0,-0.005643182606751147,-1.2698226630742206,止损,7,True
ETH,1,2023-10-22 22:45:00,2023-10-23 01:45:00,1655.801094,0.004790411833755212,0.010231221173529438,9.262e-05,0.009138601173529439,1.9076859131682784,保本/跟踪,13,True
ETH,1,2023-10-23 03:30:00,2023-10-23 07:45:00,1690.778088,0.0067474595405709525,-0.006946110048662691,0.0,-0.007946110048662691,-1.1776447121890132,止损,18,True
ETH,1,2023-10-23 21:45:00,2023-10-23 22:45:00,1723.6946699999999,0.00896340170252618,0.015034761347843728,0.0,0.01403476134784373,1.565785157647043,保本/跟踪,5,True
ETH,1,2023-10-24 02:30:00,2023-10-24 15:30:00,1808.2415760000001,0.014134023149392288,-0.014331196344762336,0.0001,-0.015431196344762334,-1.0917766429033917,止损,53,True
ETH,1,2023-10-25 15:00:00,2023-10-25 16:15:00,1806.76128,0.0071911191150728325,-0.007389680891249756,0.0001,-0.008489680891249756,-1.1805785379712448,止损,6,True
ETH,1,2023-10-26 07:15:00,2023-10-26 08:15:00,1827.135354,0.006559951910436609,0.010204726190197766,0.0001,0.009104726190197768,1.387925752277624,保本/跟踪,5,True
ETH,1,2023-10-26 23:15:00,2023-10-27 00:00:00,1809.951918,0.005299602759936204,-0.005498542839384251,0.0001,-0.006598542839384251,-1.2451014044425632,止损,4,True
ETH,-1,2023-10-27 17:15:00,2023-10-27 19:30:00,1761.037722,0.007536642841201108,-0.00773815016976944,-0.0,-0.00873815016976944,-1.1594220867147855,止损,10,True
ETH,1,2023-10-29 13:00:00,2023-10-29 13:00:00,1800.069942,0.0029112298846288645,-0.003110647638651878,0.0,-0.004110647638651878,-1.4119969227974314,止损,1,False
ETH,1,2023-10-29 17:45:00,2023-10-29 17:45:00,1804.240776,0.00409895623628372,-0.004298136445036487,0.0,-0.005298136445036487,-1.2925574560025048,止损,1,False
ETH,1,2023-10-30 08:45:00,2023-10-30 12:45:00,1817.743476,0.005850094317470598,-0.006048924298607054,0.0,-0.007048924298607054,-1.204924897972379,止损,17,True
ETH,1,2023-10-31 00:45:00,2023-10-31 00:45:00,1820.143956,0.0041984654426262735,-0.004397625749537639,0.0,-0.005397625749537639,-1.2856187155279413,止损,1,False
ETH,1,2023-11-01 00:30:00,2023-11-01 01:45:00,1821.6142499999999,0.004641289977869608,-0.004840361719873978,0.0,-0.005840361719873978,-1.2583488098614244,止损,6,False
ETH,1,2023-11-01 19:30:00,2023-11-01 19:45:00,1847.249376,0.009751902511001312,-0.00994995213049902,0.0,-0.01094995213049902,-1.1228529118442443,止损,2,True
ETH,1,2023-11-01 21:00:00,2023-11-02 05:15:00,1857.7514760000001,0.010678739628541064,-0.010876603880615326,0.00026784,-0.012144443880615327,-1.1372544235610798,止损,34,True
ETH,-1,2023-11-02 22:45:00,2023-11-03 01:30:00,1795.370854,0.005071179323558785,0.0027770116007479243,-0.0001,0.0018770116007479243,0.37013315463486707,保本/跟踪,12,True
ETH,1,2023-11-04 02:00:00,2023-11-04 05:00:00,1835.236974,0.004451567327949615,-0.004650677014484044,0.0,-0.005650677014484044,-1.2693679772078694,止损,13,False
ETH,1,2023-11-04 22:45:00,2023-11-04 23:15:00,1850.079942,0.002961841322872697,0.005543625127837819,0.0,0.004543625127837819,1.5340542022794612,保本/跟踪,3,False
ETH,1,2023-11-05 04:00:00,2023-11-05 04:30:00,1890.217968,0.005905811953340618,-0.006104630790949959,0.0,-0.007104630790949959,-1.2029896730679395,止损,3,True
ETH,1,2023-11-05 17:45:00,2023-11-05 18:30:00,1908.9217079999999,0.007012615816530994,-0.007211213293367738,0.0,-0.008211213293367738,-1.170920168478539,止损,4,True
ETH,1,2023-11-06 10:45:00,2023-11-06 16:00:00,1897.039332,0.004428628927401693,0.0016064986545928455,0.0001,0.0005064986545928454,0.11436917901586567,保本/跟踪,22,False
ETH,1,2023-11-07 21:00:00,2023-11-07 22:00:00,1902.53043,0.006306799301896654,-0.006505537942036323,0.0,-0.007505537942036323,-1.190070839859954,止损,5,True
ETH,1,2023-11-09 02:30:00,2023-11-09 09:00:00,1920.874098,0.006928841795581059,-0.007127456027221891,0.0001,-0.00822745602722189,-1.1874215446034626,止损,27,True
ETH,1,2023-11-09 15:00:00,2023-11-09 15:15:00,1990.398,0.009510074787306099,0.015725725115489815,0.0,0.014725725115489814,1.5484342073887247,保本/跟踪,2,True
ETH,1,2023-11-09 21:30:00,2023-11-10 06:15:00,2069.4238020000003,0.014286069582284296,0.021010261034421922,0.00027525,0.01973501103442192,1.3814164155335409,保本/跟踪,36,True
ETH,1,2023-11-13 01:30:00,2023-11-13 01:30:00,2075.394996,0.006334353183739324,-0.00653308631310256,0.0,-0.00753308631310256,-1.189243178362782,止损,1,True
ETH,-1,2023-11-14 18:15:00,2023-11-14 19:00:00,2009.5280140000002,0.008304296668666132,0.0212262370580718,-0.0,0.0202262370580718,2.4356351735830524,保本/跟踪,4,True
ETH,-1,2023-11-15 02:45:00,2023-11-15 04:45:00,1969.645992,0.006429242441690856,-0.006630528290179072,-0.0,-0.007630528290179072,-1.186847184467395,止损,9,True
ETH,1,2023-11-16 01:00:00,2023-11-16 01:15:00,2078.325582,0.00746456437024604,-0.00766307145737205,0.0,-0.008663071457372051,-1.1605595487800056,止损,2,True
ETH,1,2023-11-16 11:15:00,2023-11-16 11:45:00,2067.9135,0.0056195802723172684,0.002934987070123667,0.0,0.0019349870701236668,0.3443294652548424,保本/跟踪,3,True
ETH,-1,2023-11-16 19:30:00,2023-11-17 00:30:00,1949.799962,0.012224136963248597,-0.012426581790641168,-0.0001,-0.013326581790641168,-1.0901859027518286,止损,21,True
ETH,-1,2023-11-17 10:15:00,2023-11-17 17:00:00,1963.6072000000001,0.005365209054007414,0.018438025073722004,-0.0001,0.017538025073722003,3.268842816222118,保本/跟踪,28,False
ETH,-1,2023-11-18 05:15:00,2023-11-18 08:30:00,1931.6735879999999,0.0046997762953351705,-0.004900716250594151,-0.0001,-0.0058007162505941505,-1.234253693383605,止损,14,False
ETH,1,2023-11-19 20:00:00,2023-11-20 00:15:00,1984.426806,0.004310524422389846,0.008190830408962547,0.0001,0.007090830408962547,1.6450041141470302,保本/跟踪,18,False
ETH,1,2023-11-20 10:00:00,2023-11-20 11:30:00,2038.2175619999998,0.005787716060279899,-0.005986558517067766,0.0,-0.006986558517067766,-1.2071356722240256,止损,7,True
ETH,1,2023-11-20 15:15:00,2023-11-20 16:30:00,2047.6594499999999,0.008276612955109168,-0.008474957632518149,0.0001,-0.009574957632518147,-1.156869082129485,止损,6,True
ETH,1,2023-11-22 19:00:00,2023-11-23 11:15:00,2064.0527279999997,0.007977843178316383,-0.008176247609680647,0.0002,-0.009376247609680649,-1.1752860265748393,止损,66,True
ETH,1,2023-11-24 09:30:00,2023-11-24 10:45:00,2088.61764,0.004322471401415124,0.010120951631897688,0.0,0.009120951631897689,2.1101242286788993,保本/跟踪,6,False
ETH,1,2023-11-26 08:30:00,2023-11-26 09:00:00,2093.8886939999998,0.00285653419002759,-0.0030559628831895802,0.0,-0.00405596288318958,-1.419889493130977,止损,3,False
ETH,-1,2023-11-27 03:30:00,2023-11-27 06:15:00,2043.111296,0.004817406030906964,-0.005018369512113102,-0.0,-0.006018369512113102,-1.2492967114461877,止损,12,False
ETH,-1,2023-11-27 07:30:00,2023-11-27 08:00:00,2036.902538,0.004881162500312617,-0.005082138732812642,-0.0001,-0.005982138732812642,-1.2255561523365617,止损,3,False
ETH,-1,2023-11-27 10:45:00,2023-11-27 16:45:00,2023.185282,0.005212499278939083,0.003353793172217879,-0.0001,0.002453793172217879,0.4707517528361764,保本/跟踪,25,False
ETH,-1,2023-11-27 19:45:00,2023-11-27 21:00:00,1990.471826,0.0070675487603290114,-0.0072689622700810455,-0.0,-0.008268962270081046,-1.1699901267743225,止损,6,True
ETH,-1,2023-11-28 06:00:00,2023-11-28 06:15:00,1996.910538,0.004701281260262129,-0.004902221516514238,-0.0,-0.005902221516514238,-1.2554495657179947,止损,2,False
ETH,1,2023-12-01 02:00:00,2023-12-01 09:30:00,2088.407598,0.0050659420258163486,0.004230330383423166,0.0001,0.003130330383423166,0.6179167403556558,保本/跟踪,31,False
ETH,1,2023-12-01 16:30:00,2023-12-01 17:30:00,2100.510018,0.0054411440514981,-0.005640055822687878,0.0,-0.006640055822687878,-1.2203418545516513,止损,5,False
ETH,1,2023-12-02 18:45:00,2023-12-02 19:15:00,2142.718458,0.005348933068647277,0.011736437844229468,0.0,0.010736437844229469,2.0072111029320974,保本/跟踪,3,False
ETH,1,2023-12-03 22:15:00,2023-12-03 22:30:00,2196.9393,0.004269971386327949,0.002130367461677261,0.0,0.0011303674616772608,0.2647248328868414,保本/跟踪,2,False
ETH,1,2023-12-04 05:15:00,2023-12-04 11:00:00,2242.9184939999996,0.0067446970017750445,0.005121623389552577,0.0001,0.004021623389552577,0.5962645006134717,保本/跟踪,24,True
ETH,1,2023-12-05 16:45:00,2023-12-05 17:30:00,2242.738458,0.006842778561300965,0.0066434319809811305,0.0,0.0056434319809811305,0.8247281320628017,保本/跟踪,4,True
ETH,1,2023-12-05 18:00:00,2023-12-05 19:15:00,2293.4686020000004,0.010908881513617791,-0.011106699737315111,0.0,-0.01210669973731511,-1.1098021114448862,止损,6,True
ETH,1,2023-12-06 01:00:00,2023-12-06 01:30:00,2312.002308,0.008944291598991771,-0.00914250274067202,0.0,-0.010142502740672021,-1.1339637833157536,止损,3,True
ETH,1,2023-12-07 05:30:00,2023-12-07 06:45:00,2270.363982,0.004180333576444967,-0.004379497509729506,0.0,-0.0053794975097295064,-1.2868584315953873,止损,6,False
ETH,1,2023-12-07 15:15:00,2023-12-07 17:00:00,2280.4459979999997,0.005946996063220692,0.02114310843202974,0.0001,0.02004310843202974,3.3702911888552802,保本/跟踪,8,False
ETH,1,2023-12-07 21:30:00,2023-12-07 22:45:00,2372.704446,0.008176394683325795,-0.008374759404389158,0.0,-0.009374759404389157,-1.1465639523868876,止损,6,True
ETH,1,2023-12-09 07:15:00,2023-12-09 08:30:00,2384.996904,0.004370875354917027,0.002387309211255501,0.00031293,0.0010743792112555012,0.24580412938265916,保本/跟踪,6,False
ETH,1,2023-12-10 20:45:00,2023-12-10 21:15:00,2374.134732,0.00370138362465307,-0.0039006433479280367,0.0,-0.004900643347928037,-1.3240030877338127,止损,3,False
ETH,-1,2023-12-11 14:00:00,2023-12-11 16:00:00,2231.5536,0.005387344964247098,0.004751135419396781,-0.0001,0.003851135419396781,0.7148484912242838,保本/跟踪,9,False
ETH,-1,2023-12-11 18:30:00,2023-12-11 18:45:00,2167.946324,0.010377643242066763,-0.010579718770715155,-0.0,-0.011579718770715154,-1.115833190697447,止损,2,True
ETH,-1,2023-12-12 17:15:00,2023-12-12 23:15:00,2183.653182,0.007077621268656026,-0.007279036792909808,-0.0,-0.008279036792909807,-1.1697484901564843,止损,25,True
ETH,1,2023-12-14 06:30:00,2023-12-14 12:15:00,2275.75506,0.004728142002107006,0.010656878516383644,0.0001,0.009556878516383645,2.0212756960609064,保本/跟踪,24,False
ETH,-1,2023-12-15 22:30:00,2023-12-15 22:45:00,2228.714168,0.004964436998526017,-0.005165429885925689,-0.0,-0.006165429885925689,-1.241919252426057,止损,2,False
ETH,-1,2023-12-17 03:00:00,2023-12-17 04:30:00,2214.746962,0.0046004529246801516,-0.004801373015265054,-0.0,-0.005801373015265054,-1.261043882036549,止损,7,False
ETH,-1,2023-12-17 05:45:00,2023-12-17 09:15:00,2211.747562,0.004155427384226515,-0.004356258469703211,-0.0001,-0.005256258469703211,-1.2649140470256595,止损,15,False
ETH,-1,2023-12-17 14:30:00,2023-12-17 14:30:00,2205.6387839999998,0.0044350715840614325,-0.0046359585983781594,-0.0,-0.0056359585983781595,-1.2707706046126566,止损,1,False
ETH,-1,2023-12-17 23:45:00,2023-12-18 04:15:00,2199.5899940000004,0.006336574519332307,0.008856283396497631,-0.00015083,0.008007113396497631,1.263634377228369,保本/跟踪,19,False
ETH,-1,2023-12-18 08:15:00,2023-12-18 08:15:00,2163.5771980000004,0.0053334132335211915,-0.005534479916167975,-0.0,-0.006534479916167975,-1.2251966292613377,止损,1,False
ETH,-1,2023-12-18 09:30:00,2023-12-18 09:30:00,2151.1396860000004,0.006249229383714922,-0.006450479229591645,-0.0,-0.007450479229591645,-1.192223676251523,止损,1,False
ETH,-1,2023-12-19 18:00:00,2023-12-19 18:15:00,2141.7115719999997,0.008613136154679742,-0.008814858781910668,-0.0,-0.009814858781910667,-1.1395220748458734,止损,2,True
ETH,1,2023-12-20 13:15:00,2023-12-20 14:45:00,2234.1267359999997,0.005974690019997818,0.005310801027936634,0.0,0.004310801027936634,0.7215104069847976,保本/跟踪,7,False
ETH,1,2023-12-21 10:00:00,2023-12-21 12:45:00,2222.9445,0.004852010468423556,0.017515940686899732,0.0,0.01651594068689973,3.4039375624566297,保本/跟踪,12,False
ETH,1,2023-12-22 06:30:00,2023-12-22 06:45:00,2274.2347560000003,0.006059335704780069,0.0025826082334708495,0.0,0.0015826082334708495,0.2611851051959981,保本/跟踪,2,False
ETH,1,2023-12-22 09:15:00,2023-12-22 12:45:00,2320.71405,0.01118765898434038,-0.011385421452543563,0.0,-0.012385421452543562,-1.1070610455574055,止损,15,True
ETH,1,2023-12-22 15:00:00,2023-12-22 15:45:00,2342.8184699999997,0.009343581539513516,-0.009541712823205619,0.0,-0.01054171282320562,-1.1282304091450661,止损,4,True
ETH,1,2023-12-24 02:30:00,2023-12-24 02:45:00,2327.61543,0.005344281991447662,-0.005543213135049262,0.0,-0.006543213135049262,-1.2243390497582693,止损,2,False
ETH,-1,2023-12-26 05:15:00,2023-12-26 05:45:00,2264.776954,0.0037588866174882384,0.0120892982205789,-0.0,0.0110892982205789,2.95015501903832,保本/跟踪,3,False
ETH,-1,2023-12-26 16:00:00,2023-12-26 17:45:00,2230.193872,0.005528442502123344,0.012391913634060902,-0.0,0.011391913634060901,2.0606009069797753,保本/跟踪,8,False
ETH,1,2023-12-27 15:00:00,2023-12-27 17:30:00,2329.6858439999996,0.008030851967878139,0.009086123658345715,0.00049072,0.007595403658345715,0.9457780679716009,保本/跟踪,11,True
ETH,1,2023-12-27 23:15:00,2023-12-28 01:45:00,2386.937292,0.00727490183337095,0.015460759748123184,0.00027263,0.014188129748123186,1.9502847011681081,保本/跟踪,11,True
ETH,1,2023-12-28 10:45:00,2023-12-28 12:30:00,2402.7004439999996,0.0066950319767993495,-0.00689369297040386,0.0,-0.007893692970403859,-1.1790373814133066,止损,8,True
ETH,-1,2023-12-30 09:00:00,2023-12-30 10:30:00,2274.9249240000004,0.004954518305151258,-0.005155509208812265,-0.0,-0.006155509208812265,-1.2424031620616531,止损,7,False
ETH,1,2024-01-01 18:15:00,2024-01-02 01:45:00,2331.9663,0.004575746488916642,0.02082479451608725,0.00053505,0.01928974451608725,4.21564974432277,保本/跟踪,31,False
ETH,1,2024-01-02 08:30:00,2024-01-02 10:30:00,2421.264156,0.005894800916123811,-0.006093621955940549,0.0,-0.007093621955940549,-1.2033692158352034,止损,9,False
ETH,-1,2024-01-04 08:15:00,2024-01-04 12:00:00,2220.075896,0.00596547265952722,-0.006166665754059044,-0.0,-0.007166665754059044,-1.2013575726666765,止损,16,False
ETH,-1,2024-01-05 14:30:00,2024-01-05 20:45:00,2232.5134080000003,0.00654165806273523,-0.006742966394347753,-0.0001,-0.0076429663943477525,-1.1683530874054946,止损,26,False
ETH,-1,2024-01-06 07:00:00,2024-01-06 07:15:00,2219.30605,0.005137145182355978,-0.005338172611392357,-0.0,-0.006338172611392357,-1.2337927752482887,止损,2,False
ETH,-1,2024-01-07 15:45:00,2024-01-07 17:00:00,2225.6647780000003,0.004721240276696103,-0.004922184524751369,-0.0001,-0.0058221845247513684,-1.2331896246605987,止损,6,False
ETH,1,2024-01-08 18:00:00,2024-01-08 20:45:00,2307.171342,0.007781805896259824,0.011676109527948262,0.0,0.010676109527948261,1.3719321286437545,保本/跟踪,12,True
ETH,1,2024-01-10 00:30:00,2024-01-10 02:30:00,2383.806666,0.015592918928937093,-0.01578980034515138,0.0,-0.01678980034515138,-1.0767580093033853,止损,9,True
ETH,1,2024-01-10 09:30:00,2024-01-10 11:45:00,2416.7332499999998,0.009050764813332075,-0.009248954660369397,0.0,-0.010248954660369396,-1.132385480315691,止损,10,True
ETH,1,2024-01-10 15:15:00,2024-01-10 16:45:00,2440.9580939999996,0.012807004073159928,-0.0130044426723453,0.0001,-0.0141044426723453,-1.101306956082294,止损,7,True
ETH,1,2024-01-10 22:30:00,2024-01-10 23:30:00,2543.468592,0.017827606712129768,0.013100591946018541,0.0,0.012100591946018542,0.6787558274877913,保本/跟踪,5,True
ETH,1,2024-01-11 10:30:00,2024-01-11 12:30:00,2624.7948539999998,0.007549753922348638,0.004815864476163852,0.0,0.003815864476163852,0.5054289868797184,保本/跟踪,9,True
ETH,1,2024-01-11 15:00:00,2024-01-11 15:15:00,2684.176728,0.011059446824824064,-0.011257234935459218,0.0,-0.01225723493545922,-1.1083045227855879,止损,2,True
ETH,1,2024-01-12 12:15:00,2024-01-12 12:30:00,2677.505394,0.008956592684159279,-0.009154801365622349,0.0,-0.01015480136562235,-1.133779521266188,止损,2,True
ETH,1,2024-01-12 14:30:00,2024-01-12 15:15:00,2697.359364,0.010900028435521522,-0.011097848429834318,0.0,-0.012097848429834319,-1.1098914559166915,止损,4,True
ETH,1,2024-01-13 23:15:00,2024-01-14 00:00:00,2587.1973359999997,0.005603020161018224,-0.005801899556986101,0.0001,-0.006901899556986101,-1.2318177266261763,止损,4,False
ETH,-1,2024-01-14 11:15:00,2024-01-14 20:15:00,2537.722354,0.0040726081612979664,0.009961675263707772,-0.0001,0.009061675263707773,2.225029981971003,保本/跟踪,37,False
ETH,1,2024-01-16 21:30:00,2024-01-17 00:00:00,2598.729642,0.0061378576973381135,-0.006336630125798659,0.0001,-0.007436630125798659,-1.2116002834382755,止损,11,False
ETH,-1,2024-01-18 12:30:00,2024-01-18 13:45:00,2512.4974,0.004359719188664348,-0.004560591132502039,-0.0,-0.005560591132502039,-1.2754470854361593,止损,6,False
ETH,-1,2024-01-18 16:45:00,2024-01-18 20:45:00,2493.611178,0.005862918880231507,0.013496711431994931,-0.0,0.01249671143199493,2.1314829161513957,保本/跟踪,17,False
ETH,-1,2024-01-19 03:30:00,2024-01-19 03:45:00,2448.3102400000002,0.005314106317612234,-0.005515169138875735,-0.0,-0.006515169138875735,-1.2260140745176453,止损,2,False
ETH,-1,2024-01-19 16:15:00,2024-01-19 17:15:00,2456.7885440000005,0.006374975698875893,0.006379405633560134,-0.0,0.005379405633560134,0.8438315513122178,保本/跟踪,5,False
ETH,-1,2024-01-21 23:15:00,2024-01-22 00:15:00,2456.088684,0.0032379405649828547,-0.0034385881530957247,-0.0001,-0.0043385881530957245,-1.3399221097558034,止损,5,False
ETH,-1,2024-01-22 01:30:00,2024-01-22 01:30:00,2436.452612,0.00468364161006157,-0.0048845783383836446,-0.0,-0.005884578338383645,-1.2564108931268734,止损,1,False
ETH,-1,2024-01-22 05:00:00,2024-01-22 05:30:00,2416.136676,0.005243846961826337,-0.005444895731218801,-0.0,-0.006444895731218801,-1.2290396302820705,止损,3,False
ETH,-1,2024-01-22 08:45:00,2024-01-22 08:45:00,2397.92032,0.005538096648767203,-0.00573920426809691,-0.0,-0.00673920426809691,-1.2168809422271596,止损,1,False
ETH,-1,2024-01-22 10:00:00,2024-01-22 13:15:00,2388.7721500000002,0.006636685554686033,-0.006838012891796974,-0.0,-0.007838012891796975,-1.1810131468806306,止损,14,False
ETH,-1,2024-01-22 19:30:00,2024-01-23 15:00:00,2339.941918,0.00925766772101134,0.05969761738331516,-0.0002,0.05889761738331516,6.362036223188293,保本/跟踪,79,True
ETH,-1,2024-01-24 21:00:00,2024-01-24 21:15:00,2199.350042,0.007249189741261052,-0.007450639579209187,-0.0,-0.008450639579209187,-1.1657357416249852,止损,2,False
ETH,-1,2024-01-25 13:45:00,2024-01-25 14:00:00,2201.1596799999998,0.0053490910637948065,-0.005550160882007663,-0.0,-0.006550160882007663,-1.224537179099879,止损,2,False
ETH,-1,2024-01-25 17:15:00,2024-01-25 17:15:00,2176.794554,0.007228036842440004,-0.0074294824498084494,-0.0,-0.00842948244980845,-1.1662201830950916,止损,1,False
ETH,-1,2024-01-26 08:00:00,2024-01-26 08:00:00,2196.5406040000003,0.004172174189935738,-0.004373008624773615,-0.0,-0.005373008624773615,-1.2878198225123416,止损,1,False
ETH,1,2024-01-26 17:00:00,2024-01-26 18:15:00,2278.975704,0.006564041710977716,-0.006762728902635622,0.0,-0.007762728902635622,-1.1826141947960536,止损,6,False
ETH,1,2024-01-27 00:15:00,2024-01-27 05:45:00,2272.794468,0.0043243708964258,-0.004523506022246566,0.0,-0.005523506022246566,-1.277297011413124,止损,23,False
ETH,1,2024-01-28 01:30:00,2024-01-28 01:30:00,2286.127134,0.00355016826771113,-0.003749458234057544,0.0,-0.004749458234057544,-1.3378121474562168,止损,1,False
ETH,1,2024-01-28 05:00:00,2024-01-28 05:30:00,2303.440596,0.004210496268292063,-0.004409654169038491,0.0,-0.005409654169038491,-1.2848020338545156,止损,3,False
ETH,-1,2024-01-29 13:30:00,2024-01-29 15:45:00,2246.8305440000004,0.003813488275745846,-0.004014250973401087,-0.0,-0.005014250973401087,-1.3148725289893264,止损,10,False
ETH,1,2024-01-29 17:00:00,2024-01-30 12:30:00,2299.2997680000003,0.006757765834713376,0.0030178283391187936,0.00016195,0.0018558783391187934,0.2746289801261675,保本/跟踪,79,False
ETH,1,2024-01-30 16:00:00,2024-01-30 22:00:00,2340.8980859999997,0.00651240457644932,0.014344040410548188,0.0,0.013344040410548187,2.0490189535834396,保本/跟踪,25,False
ETH,-1,2024-02-01 01:30:00,2024-02-01 06:00:00,2252.8993299999997,0.008014266664014842,-0.008215869517347667,-0.0,-0.009215869517347666,-1.1499329762420043,止损,19,True
ETH,1,2024-02-02 07:45:00,2024-02-02 08:00:00,2317.873482,0.0032935539346926035,-0.003492895223905723,3.678e-05,-0.004529675223905723,-1.37531533222895,止损,2,False
ETH,1,2024-02-03 01:30:00,2024-02-03 06:00:00,2326.585224,0.003770545779229912,-0.003969791670074105,0.0,-0.004969791670074105,-1.3180563136112153,止损,19,False
ETH,-1,2024-02-05 01:15:00,2024-02-05 01:30:00,2270.7157660000003,0.005361702278419098,-0.005562774618874816,-0.0,-0.006562774618874816,-1.2240095175164882,止损,2,False
ETH,1,2024-02-05 10:15:00,2024-02-05 14:45:00,2326.9653,0.004316951021351038,-0.004516087631146783,0.0,-0.005516087631146783,-1.2777739668263508,止损,19,False
ETH,1,2024-02-06 02:15:00,2024-02-06 05:15:00,2317.26336,0.004105244739820678,-0.004304423690872701,0.0,-0.005304423690872701,-1.29210900373857,止损,13,False
ETH,1,2024-02-06 08:15:00,2024-02-06 10:30:00,2331.676242,0.0036941117687352347,-0.003893372946381434,0.0,-0.004893372946381434,-1.3246412812400623,止损,10,False
ETH,1,2024-02-06 16:30:00,2024-02-06 17:00:00,2359.07172,0.006103977507482005,-0.006302756711980612,0.0,-0.007302756711980612,-1.1963931228496816,止损,3,False
ETH,1,2024-02-06 19:30:00,2024-02-07 04:15:00,2370.52401,0.005943704795134088,-0.006142516054175005,7.659e-05,-0.007219106054175005,-1.2145801823948332,止损,36,False
ETH,1,2024-02-07 16:45:00,2024-02-07 21:30:00,2395.138932,0.005633811707117673,0.01293387133014144,0.0,0.01193387133014144,2.118258818459333,保本/跟踪,20,False
ETH,1,2024-02-09 03:00:00,2024-02-09 03:15:00,2456.681238,0.004350867631129242,-0.00454999745760299,0.0,-0.00554999745760299,-1.2756070577496565,止损,2,False
ETH,1,2024-02-09 08:45:00,2024-02-09 12:15:00,2464.4928,0.003958719103160778,0.01739149743547519,0.0,0.01639149743547519,4.140606344710755,保本/跟踪,15,False
ETH,1,2024-02-10 03:45:00,2024-02-10 05:30:00,2512.5324060000003,0.004224189294640784,-0.0044233444567817245,0.0,-0.0054233444567817245,-1.283878178390894,止损,8,False
ETH,1,2024-02-10 21:30:00,2024-02-10 22:00:00,2515.633026,0.00347394363777264,-0.0036732488490451146,0.0,-0.004673248849045115,-1.3452287475917208,止损,3,False
ETH,1,2024-02-11 03:45:00,2024-02-11 04:30:00,2517.2033399999996,0.003901178827540168,0.0024702078191778803,0.0,0.0014702078191778803,0.37686245213857544,保本/跟踪,4,False
ETH,1,2024-02-12 15:15:00,2024-02-12 16:00:00,2534.70684,0.005133525306294579,0.0029175366484135313,0.0001,0.0018175366484135312,0.35405234024753335,保本/跟踪,4,False
ETH,1,2024-02-12 17:30:00,2024-02-12 19:45:00,2596.729242,0.007898372087325653,0.004419397198878522,0.0,0.0034193971988785224,0.432924298966056,保本/跟踪,10,True
ETH,1,2024-02-12 21:00:00,2024-02-13 02:00:00,2642.988492,0.008451633618019278,0.007926546707074983,0.0001,0.006826546707074983,0.8077191955553381,保本/跟踪,21,True
ETH,1,2024-02-13 09:45:00,2024-02-13 13:30:00,2668.423578,0.004059615856484285,-0.004258803933312912,0.0,-0.005258803933312912,-1.2953944706155398,止损,16,False
ETH,1,2024-02-14 08:30:00,2024-02-14 12:45:00,2657.8314600000003,0.004237278732049404,0.029937946860507363,0.0,0.028937946860507362,6.82937061506719,保本/跟踪,18,False
ETH,1,2024-02-14 14:00:00,2024-02-14 15:00:00,2767.323354,0.007101031276390843,-0.0072996110701355294,0.0,-0.00829961107013553,-1.1687895387434308,止损,5,False
ETH,1,2024-02-15 00:30:00,2024-02-15 01:15:00,2810.3519579999997,0.006394998117922164,-0.0065937191182985945,0.0,-0.0075937191182985945,-1.1874466541306683,止损,4,False
ETH,1,2024-02-15 15:00:00,2024-02-15 15:30:00,2855.340954,0.007394205436669993,-0.007592726595582554,0.0,-0.008592726595582554,-1.1620892426072922,止损,3,True
ETH,-1,2024-02-17 14:45:00,2024-02-17 15:15:00,2730.123866,0.0060718837189115415,-0.006273098095655252,-0.0,-0.007273098095655252,-1.1978322432299549,止损,3,False
ETH,1,2024-02-18 19:30:00,2024-02-18 20:00:00,2843.348556,0.0060432096671071845,-0.006242001025173799,0.0,-0.007242001025173799,-1.198369976238217,止损,3,False
ETH,1,2024-02-18 21:45:00,2024-02-18 23:30:00,2847.839454,0.005804636392358963,0.008174993080804273,0.0,0.007174993080804273,1.2360796776606375,保本/跟踪,8,False
ETH,1,2024-02-19 06:00:00,2024-02-19 14:00:00,2909.4117659999997,0.0065492268764349194,-0.0067479170310596245,0.0001,-0.007847917031059625,-1.198296711829847,止损,33,False
ETH,1,2024-02-19 22:00:00,2024-02-19 23:30:00,2971.24413,0.007077758303712986,-0.007276342752052103,0.0,-0.008276342752052104,-1.1693452074663726,止损,7,False
ETH,1,2024-02-20 12:30:00,2024-02-20 13:00:00,2949.699822,0.006231974164192062,-0.006430727769359187,0.0,-0.007430727769359187,-1.192355355395241,止损,3,False
ETH,1,2024-02-20 20:00:00,2024-02-21 06:30:00,2988.8276459999997,0.009489959586390056,-0.009688061594472741,0.00020319,-0.010891251594472741,-1.1476604821470828,止损,43,True
ETH,1,2024-02-22 07:45:00,2024-02-22 10:30:00,2992.6084020000003,0.006635079729933528,0.004632425332629208,0.0001,0.003532425332629208,0.532386267597209,保本/跟踪,12,False
ETH,1,2024-02-24 17:45:00,2024-02-24 17:45:00,3001.490178,0.0040852466856065965,-0.004284429636269415,0.0,-0.005284429636269415,-1.2935399115279518,止损,1,False
ETH,1,2024-02-25 02:00:00,2024-02-25 02:45:00,3020.0338859999997,0.004332626711544322,0.003832177354601429,0.0,0.002832177354601429,0.6536859838524901,保本/跟踪,4,False
ETH,1,2024-02-25 12:00:00,2024-02-25 12:15:00,3043.548588,0.004021126021691365,-0.0042203217964869545,0.0,-0.0052203217964869545,-1.2982238726980222,止损,2,False
ETH,1,2024-02-25 14:45:00,2024-02-25 15:30:00,3069.2937359999996,0.005550446467980361,-0.005749336378686672,0.0,-0.006749336378686672,-1.215998824170725,止损,4,False
ETH,1,2024-02-25 19:30:00,2024-02-25 21:00:00,3080.8560479999996,0.006252335206225822,0.006279029997296582,0.0,0.005279029997296582,0.8443293302700626,保本/跟踪,7,False
ETH,1,2024-02-26 16:00:00,2024-02-26 22:15:00,3149.72982,0.0075936351115643876,0.007065963539971856,0.0,0.006065963539971856,0.7988220991464243,保本/跟踪,26,True
ETH,1,2024-02-27 02:00:00,2024-02-27 02:15:00,3227.29533,0.006801150585246267,0.0036491008091286315,0.0,0.0026491008091286314,0.3895077422451614,保本/跟踪,2,False
ETH,1,2024-02-27 09:30:00,2024-02-27 12:45:00,3245.038878,0.006449188126846132,0.004092607534734995,0.0,0.003092607534734995,0.47953439625390226,保本/跟踪,14,False
ETH,1,2024-02-28 08:00:00,2024-02-28 08:00:00,3307.101288,0.005483769337193709,-0.005682672583326172,0.0,-0.006682672583326172,-1.2186275848622756,止损,1,False
ETH,1,2024-02-28 09:45:00,2024-02-28 11:45:00,3342.1783020000003,0.008493842356550502,-0.008692143588079229,0.0,-0.009692143588079228,-1.1410788170096644,止损,9,True
ETH,1,2024-02-28 16:30:00,2024-02-28 17:15:00,3385.196904,0.010659102365731228,0.015795890096147142,0.0,0.014795890096147141,1.3880990714298411,保本/跟踪,4,True
ETH,1,2024-02-28 23:30:00,2024-02-29 02:00:00,3374.944854,0.013303205027681784,0.012400648737260192,0.00062574,0.010774908737260194,0.8099483331151688,保本/跟踪,11,True
ETH,1,2024-02-29 06:45:00,2024-02-29 07:15:00,3492.318324,0.009688998702061266,-0.009887060902320843,0.0,-0.010887060902320844,-1.1236518072816646,止损,3,True
ETH,1,2024-03-01 13:30:00,2024-03-01 14:30:00,3446.4191459999997,0.006480274843615536,-0.006678978788646764,0.0,-0.007678978788646764,-1.184977331048267,止损,5,False
ETH,1,2024-03-02 00:45:00,2024-03-02 01:00:00,3459.461754,0.00599063461123859,-0.006189436484316352,0.0,-0.007189436484316352,-1.200112667667759,止损,2,False
ETH,1,2024-03-02 06:30:00,2024-03-02 07:00:00,3454.530768,0.006463251366745715,-0.006661958716472245,0.0,-0.007661958716472245,-1.1854650673025093,止损,3,False
ETH,1,2024-03-03 22:30:00,2024-03-03 22:45:00,3491.8782359999996,0.004948653655424189,-0.005147663924693143,0.0,-0.006147663924693143,-1.2422901970427302,止损,2,False
ETH,1,2024-03-04 00:30:00,2024-03-04 00:45:00,3535.316922,0.00618650469064298,-0.006385267389704831,0.0,-0.007385267389704831,-1.1937705956765807,止损,2,False
ETH,1,2024-03-04 08:15:00,2024-03-04 10:30:00,3512.612382,0.005772276387735406,-0.005971121932457845,0.0,-0.006971121932457845,-1.207690253236951,止损,10,False
ETH,1,2024-03-05 04:00:00,2024-03-05 05:00:00,3696.599172,0.009166736154953083,-0.009364902807722071,0.0,-0.010364902807722072,-1.1307080985549671,止损,5,True
ETH,1,2024-03-05 12:30:00,2024-03-05 16:00:00,3775.975044,0.008534803102596461,-0.008733096141975906,0.00082409,-0.010557186141975906,-1.2369571992544497,止损,15,True
ETH,1,2024-03-06 05:30:00,2024-03-06 09:45:00,3748.559562,0.016217309192463124,0.014483377771569729,0.00038362,0.01309975777156973,0.8077639524599892,保本/跟踪,18,True
ETH,1,2024-03-06 11:30:00,2024-03-06 12:30:00,3894.3587159999997,0.012920361857915527,-0.01311777778554391,0.0,-0.01411777778554391,-1.0926766557157064,止损,5,True
ETH,1,2024-03-07 19:00:00,2024-03-07 22:30:00,3883.7665979999997,0.00867131410616458,-0.008869579843343342,0.0,-0.009869579843343343,-1.138187329222326,止损,15,True
ETH,1,2024-03-08 13:15:00,2024-03-08 15:30:00,3966.3231060000003,0.005987745843288766,-0.006186548294120105,0.0,-0.007186548294120105,-1.200209307844118,止损,10,False
ETH,1,2024-03-10 01:15:00,2024-03-10 03:00:00,3936.447132,0.0045996566894987495,-0.004798736758160755,0.0,-0.005798736758160755,-1.2606890360751415,止损,8,False
ETH,1,2024-03-10 04:15:00,2024-03-10 09:30:00,3946.609164,0.004536164303769719,-0.004735257070908926,0.00049375,-0.006229007070908926,-1.3731881505553916,止损,22,False
ETH,-1,2024-03-10 23:00:00,2024-03-10 23:00:00,3825.13482,0.0071871992508317755,-0.007388636690681927,-0.0,-0.008388636690681926,-1.167163508053726,止损,1,False
ETH,1,2024-03-11 10:00:00,2024-03-11 16:00:00,4046.439126,0.010434198315144217,-0.010632111475481166,0.00064296,-0.012275071475481165,-1.1764268901871553,止损,25,True
ETH,1,2024-03-11 18:30:00,2024-03-11 19:30:00,4075.815,0.00748105188598815,-0.0076795556756108765,0.0,-0.008679555675610877,-1.1602052502626667,止损,5,False
ETH,1,2024-03-13 01:45:00,2024-03-13 09:15:00,4025.794998,0.007787621843278281,0.007684703076426565,0.00060121,0.006083493076426565,0.7811746896361438,保本/跟踪,31,False
ETH,-1,2024-03-14 13:45:00,2024-03-14 14:15:00,3893.4511540000003,0.008357059063291362,-0.008558730475103997,-0.0,-0.009558730475103996,-1.1437911833232115,止损,3,True
ETH,-1,2024-03-14 15:30:00,2024-03-14 16:45:00,3839.641918,0.011035390695974737,-0.011237597774113909,-0.00035217,-0.011885427774113907,-1.077028272179727,止损,6,True
ETH,-1,2024-03-14 19:00:00,2024-03-14 20:30:00,3814.606926,0.012593236753690526,-0.012795755401041243,-0.0,-0.013795755401041242,-1.0954892432240115,止损,7,True
ETH,-1,2024-03-15 02:45:00,2024-03-15 03:30:00,3774.874874,0.01115996392249957,0.018553627123483053,-0.0,0.017553627123483052,1.572910741054748,保本/跟踪,4,True
ETH,-1,2024-03-15 09:15:00,2024-03-15 09:30:00,3605.338788,0.017153637971530036,-0.017357068699124248,-0.0,-0.01835706869912425,-1.0701560059499653,止损,2,True
ETH,-1,2024-03-15 20:45:00,2024-03-15 22:00:00,3623.5751400000004,0.015368503741641235,-0.015571577442389503,-0.0,-0.016571577442389504,-1.0782817716658075,止损,6,True
ETH,-1,2024-03-16 11:30:00,2024-03-16 11:30:00,3672.195414,0.007206349856215807,-0.007407791126186983,-0.0,-0.008407791126186982,-1.166719808771826,止损,1,False
ETH,-1,2024-03-16 14:00:00,2024-03-16 15:45:00,3648.950064,0.008786527024721411,-0.008988284330126349,-0.0,-0.00998828433012635,-1.136772731936489,止损,8,True
ETH,-1,2024-03-16 18:00:00,2024-03-16 19:00:00,3634.952864,0.008091166210088607,0.0036732083153084684,-0.0,0.0026732083153084684,0.3303860340892928,保本/跟踪,5,False
ETH,-1,2024-03-16 21:30:00,2024-03-17 07:45:00,3553.58914,0.012470757111896356,0.023869209716794022,-0.00013396,0.02300316971679402,1.8445688189091882,保本/跟踪,42,True
ETH,-1,2024-03-18 14:45:00,2024-03-18 16:15:00,3507.628334,0.010896009049456989,-0.011098188251266893,-0.00029608,-0.011802108251266891,-1.0831588150943265,止损,7,True
ETH,-1,2024-03-19 01:30:00,2024-03-19 09:15:00,3413.027258,0.01186600909408999,0.04003405041514137,-0.00023311,0.03926716041514137,3.3092137469116603,保本/跟踪,32,True
ETH,-1,2024-03-19 22:45:00,2024-03-20 03:15:00,3213.6371440000003,0.01510216420732452,-0.015305184640165833,-0.00016096,-0.016144224640165832,-1.0690007351619124,止损,19,True
ETH,-1,2024-03-20 04:45:00,2024-03-20 07:15:00,3121.455584,0.01780569943345208,-0.01800926057333866,-0.0,-0.01900926057333866,-1.0675941512089895,止损,11,True
ETH,1,2024-03-21 00:45:00,2024-03-21 04:30:00,3540.6579899999997,0.014022769060555444,-0.014219964506743293,0.0,-0.015219964506743292,-1.0853751096533018,止损,16,True
ETH,1,2024-03-21 08:45:00,2024-03-21 13:45:00,3555.921042,0.010196293034026613,-0.010394253775419757,0.0,-0.011394253775419756,-1.1174898306075907,止损,21,True
ETH,1,2024-03-22 06:15:00,2024-03-22 08:30:00,3538.1774939999996,0.008232517017142265,-0.008430870513738836,0.00023317,-0.009664040513738837,-1.17388649104712,止损,10,False
ETH,-1,2024-03-22 21:30:00,2024-03-22 23:45:00,3289.152038,0.011850945696462058,-0.012053315885601382,-0.0,-0.013053315885601383,-1.1014577418490978,止损,10,True
ETH,-1,2024-03-24 03:15:00,2024-03-24 07:30:00,3314.4269820000004,0.007141943791690625,-0.007343372180448945,-0.0,-0.008343372180448946,-1.1682214847666732,止损,18,False
ETH,1,2024-03-24 22:15:00,2024-03-25 06:00:00,3443.328528,0.007881144512059287,0.009894205134787488,0.00020242,0.008691785134787489,1.1028582360706374,保本/跟踪,32,False
ETH,1,2024-03-25 15:00:00,2024-03-25 21:00:00,3565.81302,0.009023138084847686,0.017377657457524034,0.00022958,0.016148077457524033,1.789629872188376,保本/跟踪,25,True
ETH,1,2024-03-26 07:00:00,2024-03-26 07:45:00,3653.110476,0.005603533338922901,-0.005802412632255101,0.0,-0.0068024126322551014,-1.2139505952440084,止损,4,False
ETH,1,2024-03-27 13:30:00,2024-03-27 13:30:00,3664.98285,0.007806103641258779,-0.00800454242053044,0.0,-0.009004542420530441,-1.1535258605762513,止损,1,False
ETH,-1,2024-03-27 19:00:00,2024-03-27 19:15:00,3463.537154,0.011377946968728677,-0.011580222558122341,-0.0,-0.012580222558122342,-1.105667181671528,止损,2,True
ETH,-1,2024-03-28 02:45:00,2024-03-28 03:45:00,3472.115438,0.0076466726718541125,-0.007848202006388484,-0.0,-0.008848202006388483,-1.1571310014298064,止损,5,False
ETH,1,2024-03-28 15:00:00,2024-03-28 15:15:00,3611.3821319999997,0.007728727691967974,-0.00792718194642955,0.0,-0.008927181946429549,-1.155064882892311,止损,2,False
ETH,-1,2024-03-29 15:45:00,2024-03-29 22:30:00,3495.190822,0.007129625493690242,-0.007331051418788967,-0.00037327,-0.007957781418788968,-1.1161570023322611,止损,28,False
ETH,1,2024-03-31 06:00:00,2024-03-31 18:45:00,3609.911838,0.005212242513986563,0.00826603403564989,0.0012365800000000001,0.006029454035649889,1.156786933737334,保本/跟踪,52,False
ETH,-1,2024-04-01 14:45:00,2024-04-01 15:15:00,3516.8064980000004,0.00620073039426646,0.007518078058257268,-0.0,0.006518078058257268,1.051179077917054,保本/跟踪,3,False
ETH,-1,2024-04-01 16:00:00,2024-04-01 19:15:00,3445.340794,0.009790624085503748,-0.00999258221032083,-0.0,-0.010992582210320831,-1.1227662418983826,止损,14,True
ETH,-1,2024-04-02 02:30:00,2024-04-02 02:45:00,3443.581146,0.007155088233095961,0.02250677556936207,-0.0,0.02150677556936207,3.0058015874468436,保本/跟踪,2,False
ETH,-1,2024-04-02 09:00:00,2024-04-02 12:00:00,3336.662534,0.008336154327010951,0.004253265606522422,-0.0,0.0032532656065224217,0.39025976234402643,保本/跟踪,13,False
ETH,-1,2024-04-02 13:30:00,2024-04-02 14:15:00,3267.99627,0.010586263039261062,-0.010788380291868814,-0.0,-0.011788380291868815,-1.1135544476978785,止损,4,True
ETH,1,2024-04-04 18:00:00,2024-04-04 18:30:00,3415.162896,0.006378788244923916,-0.006577512487274924,0.0,-0.007577512487274924,-1.1879235046413281,止损,3,False
ETH,-1,2024-04-05 02:45:00,2024-04-05 03:15:00,3263.04726,0.008852746587829809,-0.009054517137147434,-0.0,-0.010054517137147435,-1.1357511521870223,止损,3,False
ETH,-1,2024-04-05 12:00:00,2024-04-05 13:30:00,3244.840902,0.008296690648847168,-0.0084983499869769,-0.0,-0.0094983499869769,-1.1448359820787946,止损,7,False
ETH,1,2024-04-06 21:00:00,2024-04-06 23:15:00,3363.842634,0.004480732331927613,0.004606247411536032,0.0,0.0036062474115360317,0.804834376255772,保本/跟踪,10,False
ETH,1,2024-04-07 23:15:00,2024-04-08 02:45:00,3439.797822,0.005654750559939952,-0.005853619609827973,0.0001,-0.006953619609827973,-1.2296951980675543,止损,15,False
ETH,1,2024-04-08 08:15:00,2024-04-08 13:30:00,3542.198298,0.006861734286192965,0.026678394520229506,0.0,0.025678394520229506,3.742260112272057,保本/跟踪,22,False
ETH,1,2024-04-08 18:45:00,2024-04-09 01:00:00,3713.752602,0.008237968083154888,-0.008436320489538168,0.00024848,-0.009684800489538169,-1.1756297659542752,止损,26,False
ETH,1,2024-04-11 07:30:00,2024-04-11 10:00:00,3597.229302,0.005909683459604833,-0.006108501522912836,0.00015483,-0.007263331522912836,-1.2290559338009819,止损,11,False
ETH,-1,2024-04-12 13:45:00,2024-04-12 17:30:00,3456.898482,0.006615446363932153,0.04000548315783608,-0.0001,0.03910548315783608,5.911238789727287,保本/跟踪,16,False
ETH,-1,2024-04-12 18:45:00,2024-04-13 11:00:00,3225.374796,0.021817831625289125,-0.022022195191614143,-0.0002,-0.022822195191614145,-1.0460340689934033,止损,66,True
ETH,-1,2024-04-13 17:30:00,2024-04-13 20:00:00,3212.2774160000004,0.009666618589450905,0.039937628475360976,-0.0,0.038937628475360975,4.028050565463839,保本/跟踪,11,True
ETH,-1,2024-04-13 20:15:00,2024-04-13 22:30:00,2937.422398,0.02831886198722642,-0.02852452575962384,-0.0,-0.029524525759623842,-1.0425745841390537,止损,10,True
ETH,-1,2024-04-15 18:30:00,2024-04-16 05:00:00,3084.592958,0.015489681847675496,0.016581014242943812,-7.898e-05,0.01565999424294381,1.010995215843886,保本/跟踪,43,True
ETH,-1,2024-04-17 12:00:00,2024-04-17 13:30:00,3038.3922000000002,0.006777957650638873,-0.006979313242168977,-0.0,-0.007979313242168978,-1.177244481811843,止损,7,False
ETH,-1,2024-04-18 06:45:00,2024-04-18 07:15:00,2958.318218,0.008923145043012531,-0.0091249296720211,-0.0,-0.0101249296720211,-1.1346817319695652,止损,3,False
ETH,-1,2024-04-19 02:15:00,2024-04-19 03:00:00,2921.01568,0.011642886970850395,-0.01184521554824456,-0.0,-0.012845215548244561,-1.1032672206132692,止损,4,True
ETH,1,2024-04-20 17:30:00,2024-04-21 03:15:00,3137.8674479999995,0.006763436004190026,0.009089147888878652,5.559e-05,0.008033557888878653,1.1877924007711127,保本/跟踪,40,False
ETH,1,2024-04-22 05:45:00,2024-04-22 08:00:00,3219.4137539999997,0.007288026208718824,-0.007486568603476933,4.908e-05,-0.008535648603476933,-1.1711879676373216,止损,10,False
ETH,1,2024-04-22 17:30:00,2024-04-22 18:00:00,3213.6325979999997,0.006716986545720236,-0.006915643148411098,0.0,-0.007915643148411098,-1.1784515414065542,止损,3,False
ETH,1,2024-04-23 14:15:00,2024-04-23 20:00:00,3231.906252,0.0065166136836257585,-0.006715310360888949,6.979e-05,-0.0077851003608889495,-1.19465426966317,止损,24,False
ETH,-1,2024-04-25 10:15:00,2024-04-25 12:00:00,3104.059064,0.007624186175871072,-0.007825711013106354,-0.0,-0.008825711013106353,-1.157593847988373,止损,8,False
ETH,-1,2024-04-27 01:30:00,2024-04-27 02:00:00,3081.63355,0.0077017370279868855,-0.007903277375392547,-0.0,-0.008903277375392548,-1.1560090071940208,止损,3,False
ETH,1,2024-04-27 18:00:00,2024-04-27 18:15:00,3257.441358,0.00796802375005229,-0.008166430145302276,0.0,-0.009166430145302277,-1.1504019607424139,止损,2,False
ETH,1,2024-04-28 01:45:00,2024-04-28 04:00:00,3271.1340959999998,0.005111312637985539,0.00909077629749891,0.0,0.008090776297498908,1.582915558201431,保本/跟踪,10,False
ETH,1,2024-04-28 07:15:00,2024-04-28 07:30:00,3331.986264,0.00565515584194685,-0.005854024810778399,0.0,-0.006854024810778399,-1.2119957437669524,止损,2,False
ETH,1,2024-04-28 19:00:00,2024-04-28 19:15:00,3343.6385939999996,0.006102153809883373,-0.006300933379121452,0.0,-0.007300933379121452,-1.1964518769252377,止损,2,False
ETH,-1,2024-04-29 13:45:00,2024-04-29 14:15:00,3120.655744,0.008243212560575114,-0.008444861203087142,-0.0,-0.009444861203087143,-1.1457743123426376,止损,3,False
ETH,-1,2024-04-30 08:15:00,2024-04-30 12:15:00,3140.051864,0.005721967490235256,0.04224444468308243,-0.0,0.04124444468308243,7.208087909179415,保本/跟踪,17,False
ETH,-1,2024-05-01 02:15:00,2024-05-01 02:15:00,2958.848112,0.010577902631302075,-0.010780018211828401,-0.0,-0.011780018211828402,-1.1136440391282325,止损,1,True
ETH,-1,2024-05-01 07:00:00,2024-05-01 07:15:00,2952.169448,0.00810923930383444,0.017475097181481356,-0.0,0.016475097181481355,2.0316452091494126,保本/跟踪,2,False
ETH,1,2024-05-03 13:00:00,2024-05-03 19:00:00,3034.126704,0.007513356302281149,0.009399649372446063,3.457e-05,0.008365079372446063,1.1133611978319624,保本/跟踪,25,False
ETH,1,2024-05-03 20:30:00,2024-05-04 11:15:00,3107.031282,0.00582848249518433,0.011796973356666206,0.00012754999999999998,0.010669423356666204,1.83056625210449,保本/跟踪,60,False
ETH,1,2024-05-05 08:45:00,2024-05-05 10:45:00,3145.629,0.005701049682289344,-0.005899909472352848,0.0,-0.006899909472352848,-1.2102875534987592,止损,9,False
ETH,1,2024-05-05 15:30:00,2024-05-05 18:00:00,3156.821238,0.006244847614949478,-0.006443598645426474,5.578e-05,-0.007499378645426474,-1.2008905753718933,止损,11,False
ETH,1,2024-05-06 00:30:00,2024-05-06 02:45:00,3146.17911,0.004329622091611628,-0.004528756167193381,0.0,-0.005528756167193381,-1.2769604483275805,止损,10,False
ETH,1,2024-05-06 06:00:00,2024-05-06 08:45:00,3178.28553,0.005109629137291979,0.004922574962037967,0.0001,0.0038225749620379675,0.7481120173946461,保本/跟踪,12,False
ETH,-1,2024-05-07 03:30:00,2024-05-07 04:15:00,3035.3928,0.006724151914756409,-0.006925496745139233,-0.0,-0.007925496745139232,-1.1786611673282434,止损,4,False
ETH,-1,2024-05-07 18:30:00,2024-05-07 21:15:00,3039.3920000000003,0.006309578294362324,-0.006510840210021116,-0.0,-0.007510840210021116,-1.1903870369168938,止损,12,False
ETH,-1,2024-05-07 23:15:00,2024-05-08 02:30:00,3011.3776040000002,0.007166402886555717,-0.007367836167133039,-7.764e-05,-0.00829019616713304,-1.1568141365154863,止损,14,False
ETH,-1,2024-05-08 06:30:00,2024-05-08 06:30:00,2995.860708,0.006298984523469596,-0.006500244320374274,-0.0,-0.007500244320374274,-1.1907068976640383,止损,1,False
ETH,-1,2024-05-08 09:45:00,2024-05-08 10:00:00,2977.214438,0.007513489222481141,-0.007714991920325527,-0.0,-0.008714991920325526,-1.1599127465637888,止损,2,False
ETH,-1,2024-05-09 11:00:00,2024-05-09 11:15:00,2953.549172,0.006083791904972125,-0.00628500866335313,-0.0,-0.00728500866335313,-1.1974454052906185,止损,2,False
ETH,-1,2024-05-10 15:00:00,2024-05-10 16:15:00,2934.003082,0.007385773232365527,0.00274642179125025,-5.137e-05,0.00179779179125025,0.24341280657955572,保本/跟踪,6,False
ETH,-1,2024-05-11 11:15:00,2024-05-11 11:30:00,2892.481388,0.004132369836363429,-0.00433319631033056,-0.0,-0.00533319631033056,-1.2905902718097184,止损,2,False
ETH,-1,2024-05-13 02:30:00,2024-05-13 03:45:00,2896.600564,0.0048533452165780465,0.002910906482664328,-0.0,0.0019109064826643282,0.39372976728238035,保本/跟踪,6,False
ETH,1,2024-05-15 18:30:00,2024-05-16 12:30:00,3003.65061,0.006819211030737489,-0.007017847188531423,0.00016453,-0.008182377188531422,-1.1999008612065944,止损,73,False
ETH,1,2024-05-17 08:15:00,2024-05-17 08:45:00,3046.339146,0.006659323847878589,-0.0068579919831090646,0.0,-0.007857991983109065,-1.1799984747118621,止损,3,False
ETH,1,2024-05-17 13:00:00,2024-05-17 13:30:00,3078.935664,0.006453261081956849,-0.00665197042974055,0.0,-0.00765197042974055,-1.1857524951431548,止损,3,False
ETH,1,2024-05-17 15:30:00,2024-05-17 17:45:00,3110.892054,0.007537671952453225,-0.0077361644180627106,4.333e-05,-0.00877949441806271,-1.1647488075154715,止损,10,False
ETH,1,2024-05-18 10:00:00,2024-05-18 13:00:00,3126.32514,0.004221839491026044,-0.004420995123127776,0.0,-0.005420995123127776,-1.2840362914437322,止损,13,False
ETH,1,2024-05-20 05:15:00,2024-05-20 06:00:00,3129.145704,0.005595890624134596,-0.005794771446009747,0.0,-0.006794771446009747,-1.214243076286102,止损,4,False
ETH,1,2024-05-20 16:45:00,2024-05-20 19:45:00,3142.398354,0.006810994124914311,0.07827206633459254,0.0,0.07727206633459253,11.345196445249423,保本/跟踪,13,False
ETH,1,2024-05-20 20:45:00,2024-05-21 01:15:00,3515.25291,0.019164637894150117,0.0372200116360129,0.0001,0.036120011636012896,1.884721842150657,保本/跟踪,19,True
ETH,1,2024-05-21 10:15:00,2024-05-21 12:00:00,3728.105472,0.007718773683809818,0.012370488208927131,0.0,0.01137048820892713,1.473095167018151,保本/跟踪,8,False
ETH,1,2024-05-21 22:30:00,2024-05-22 04:30:00,3794.60877,0.009459409392889103,-0.009657517511010445,0.00012452,-0.010782037511010444,-1.1398214268129252,止损,25,False
ETH,1,2024-05-23 11:30:00,2024-05-23 12:45:00,3879.215688,0.008514219128757047,0.005386011885557563,0.0,0.004386011885557563,0.5151396527655329,保本/跟踪,6,False
ETH,1,2024-05-25 11:00:00,2024-05-25 11:30:00,3769.2536999999998,0.004239397239717304,-0.004438549360269351,0.0,-0.005438549360269351,-1.2828591077329687,止损,3,False
ETH,1,2024-05-26 08:15:00,2024-05-26 08:30:00,3807.7714020000003,0.004537441715698757,-0.004736534227355613,0.0,-0.005736534227355613,-1.2642662069924129,止损,2,False
ETH,1,2024-05-26 11:15:00,2024-05-26 12:15:00,3821.874222,0.005490199848014811,-0.0056891018080451215,0.0,-0.0066891018080451215,-1.2183712784997835,止损,5,False
ETH,1,2024-05-26 15:00:00,2024-05-26 15:45:00,3865.57296,0.005780961708001818,-0.005979805515660165,0.0,-0.006979805515660165,-1.2073779187983458,止损,4,False
ETH,1,2024-05-27 02:00:00,2024-05-27 03:00:00,3886.567158,0.0057988270155715895,0.006235107504194961,0.0,0.005235107504194961,0.9027873206317636,保本/跟踪,5,False
ETH,-1,2024-05-29 08:00:00,2024-05-29 15:15:00,3823.9450580000002,0.0055922377312271855,0.005463540440028299,-0.0,0.004463540440028299,0.7981671478492027,保本/跟踪,30,False
ETH,-1,2024-05-30 08:00:00,2024-05-30 11:00:00,3721.415568,0.007095859177183387,-0.0072972783490187175,-0.0,-0.008297278349018718,-1.1693127134904924,止损,13,False
ETH,1,2024-06-02 01:00:00,2024-06-02 01:45:00,3838.247496,0.003126511499879228,-0.0033258861975792894,0.0,-0.004325886197579289,-1.3836143566868029,止损,4,False
ETH,1,2024-06-03 06:30:00,2024-06-03 07:15:00,3839.7678,0.004522066499408755,-0.004721162086108921,0.0,-0.005721162086108921,-1.2651654032192903,止损,4,False
ETH,1,2024-06-03 13:00:00,2024-06-03 13:45:00,3844.9688399999995,0.004295430144460508,-0.004494571058431544,0.0,-0.005494571058431544,-1.2791666663506278,止损,4,False
ETH,1,2024-06-05 01:30:00,2024-06-05 02:00:00,3836.597166,0.00413844328961044,-0.0043376156009524765,0.0,-0.0053376156009524766,-1.2897641038968826,止损,3,False
ETH,1,2024-06-05 20:00:00,2024-06-05 21:00:00,3880.7860020000003,0.005957387422864524,-0.0061561959453799555,0.0,-0.0071561959453799555,-1.20123057935,止损,5,False
ETH,1,2024-06-06 02:30:00,2024-06-06 04:00:00,3875.564958,0.003839513654362454,-0.004038745751631529,0.0,-0.0050387457516315294,-1.312339583922695,止损,7,False
ETH,-1,2024-06-07 18:00:00,2024-06-07 18:15:00,3724.5749360000004,0.006484158343972221,0.029464332409930755,-0.0,0.028464332409930754,4.389826851836779,保本/跟踪,2,False
ETH,-1,2024-06-08 13:30:00,2024-06-08 13:30:00,3672.385376,0.003159623521338353,-0.003360255446042623,-0.0,-0.004360255446042623,-1.379992083422555,止损,1,False
ETH,-1,2024-06-10 07:00:00,2024-06-10 08:00:00,3672.695314,0.0023082693163812857,0.0038276005788136676,-0.0001,0.0029276005788136674,1.268309792985213,保本/跟踪,5,False
ETH,-1,2024-06-10 20:15:00,2024-06-10 20:30:00,3652.599334,0.00468491326908243,-0.004885850251736252,-0.0,-0.005885850251736252,-1.2563413479987504,止损,2,False
ETH,-1,2024-06-11 02:00:00,2024-06-11 02:00:00,3626.814492,0.005012738579010462,-0.0052137411267262216,-0.0,-0.006213741126726222,-1.2395901020541238,止损,1,False
ETH,-1,2024-06-11 15:45:00,2024-06-11 16:00:00,3442.421378,0.010002858000846165,-0.010204858572446195,-0.0001,-0.011104858572446197,-1.110168570973097,止损,2,True
ETH,-1,2024-06-13 02:00:00,2024-06-13 04:00:00,3538.632132,0.0052312903093028155,0.00869373994508929,-0.0,0.0076937399450892905,1.47071553865162,保本/跟踪,9,False
ETH,-1,2024-06-13 09:45:00,2024-06-13 10:00:00,3474.734914,0.00480583159733066,-0.0050067927636500975,-0.0,-0.0060067927636500975,-1.249896639529878,止损,2,False
ETH,-1,2024-06-13 15:45:00,2024-06-13 17:00:00,3446.3505920000002,0.008995651888597432,-0.00919745101897513,-0.0001,-0.01009745101897513,-1.1224812991901454,止损,6,False
ETH,-1,2024-06-14 16:00:00,2024-06-14 16:15:00,3461.097642,0.005603048849540963,0.011172466928522645,-0.0,0.010172466928522646,1.8155235125883362,保本/跟踪,2,False
ETH,-1,2024-06-14 18:15:00,2024-06-14 19:15:00,3366.62654,0.009117954812061211,-0.009319778403023653,-0.0,-0.010319778403023654,-1.1318084609689745,止损,5,True
ETH,1,2024-06-15 13:00:00,2024-06-15 20:00:00,3564.7928159999997,0.0048153808169319155,-0.005014417740768493,0.0001,-0.006114417740768493,-1.2697682640735046,止损,29,False
ETH,1,2024-06-16 14:15:00,2024-06-16 14:15:00,3607.441344,0.004698540712845277,-0.004897601004702567,0.0,-0.005897601004702567,-1.2551984467388344,止损,1,False
ETH,1,2024-06-16 22:15:00,2024-06-16 22:30:00,3645.718998,0.005091350157638928,-0.005290331887607383,0.0,-0.006290331887607383,-1.235493865643779,止损,2,False
ETH,-1,2024-06-18 00:30:00,2024-06-18 01:45:00,3496.180624,0.006855533900020778,0.028620313589022204,-0.0,0.027620313589022203,4.028907739620176,保本/跟踪,6,False
ETH,-1,2024-06-18 10:15:00,2024-06-18 10:30:00,3417.2064219999997,0.006001046090954494,-0.006202246300172616,-0.0,-0.007202246300172616,-1.2001651363799248,止损,2,False
ETH,-1,2024-06-18 12:30:00,2024-06-18 12:30:00,3386.002664,0.0069084966637672045,-0.007109878363099967,-0.0,-0.008109878363099968,-1.17389915024981,止损,1,False
ETH,1,2024-06-20 07:30:00,2024-06-20 08:30:00,3606.381132,0.005657568003898896,-0.005856436490298103,6.409e-05,-0.006920526490298103,-1.22323346100813,止损,5,False
ETH,1,2024-06-20 11:15:00,2024-06-20 11:45:00,3617.5133579999997,0.00571129290130219,-0.005910150642721984,0.0,-0.006910150642721984,-1.2099100435115928,止损,3,False
ETH,-1,2024-06-21 09:00:00,2024-06-21 09:15:00,3457.1284360000004,0.006188851285689443,-0.006390089055946433,-0.0,-0.007390089055946433,-1.1940970488391969,止损,2,False
ETH,-1,2024-06-22 08:15:00,2024-06-22 10:00:00,3483.773106,0.0032209662973332535,-0.0034216104905926696,-0.0,-0.00442161049059267,-1.372759005349876,止损,8,False
ETH,-1,2024-06-23 15:00:00,2024-06-23 17:15:00,3482.783304,0.00272740956649594,0.001798680250004441,-3.591e-05,0.0008345902500044409,0.30600107158701767,保本/跟踪,10,False
ETH,-1,2024-06-23 20:45:00,2024-06-24 03:00:00,3431.3136,0.004808880589350199,0.006235238000506162,-7.672e-05,0.005311958000506161,1.1046142447932858,保本/跟踪,26,False
ETH,-1,2024-06-24 05:30:00,2024-06-24 08:30:00,3368.486168,0.0067779685148003895,-0.0069793241085033654,-0.0001,-0.007879324108503366,-1.1624905148641593,止损,13,False
ETH,-1,2024-06-24 09:45:00,2024-06-24 09:45:00,3275.274814,0.011800373306908429,-0.012002733381569793,-0.0,-0.013002733381569792,-1.1018916981175038,止损,1,True
ETH,-1,2024-06-24 15:45:00,2024-06-24 20:00:00,3289.631942,0.00865824371755191,-0.008859975366295384,-7.41e-05,-0.009785875366295382,-1.1302379195514616,止损,18,True
ETH,-1,2024-06-26 15:15:00,2024-06-26 17:45:00,3349.969872,0.005408765733677568,-0.005609847486824186,-0.0001,-0.006509847486824186,-1.203573570637522,止损,11,False
ETH,1,2024-06-27 14:15:00,2024-06-27 14:30:00,3475.6849979999997,0.006037185690412194,-0.0062359782532740654,0.0,-0.0072359782532740655,-1.1985681117554001,止损,2,False
ETH,-1,2024-06-30 02:30:00,2024-06-30 06:45:00,3365.3967860000002,0.0030974546455715866,-0.0032980741365007,-0.0,-0.0042980741365007,-1.38761487360134,止损,18,False
ETH,1,2024-06-30 22:30:00,2024-06-30 22:45:00,3459.561774,0.0043062825448374155,-0.004505421288328434,0.0,-0.005505421288328434,-1.2784626254792792,止损,2,False
ETH,1,2024-07-01 01:15:00,2024-07-01 08:30:00,3491.668194,0.00513354161271795,-0.005332514904395348,0.0001,-0.006432514904395348,-1.2530364784536454,止损,30,False
ETH,-1,2024-07-03 02:00:00,2024-07-03 03:30:00,3392.211422,0.004305795010135586,0.01028204473234941,-0.0,0.00928204473234941,2.15570985392942,保本/跟踪,7,False
ETH,-1,2024-07-03 09:00:00,2024-07-03 10:45:00,3337.642338,0.004379197016309493,0.007490299878860289,-0.0,0.006490299878860289,1.4820753336030308,保本/跟踪,8,False
ETH,-1,2024-07-03 19:30:00,2024-07-03 21:45:00,3279.713926,0.006823724139676113,-0.007025088884504148,-0.0,-0.008025088884504148,-1.176057050407823,止损,10,False
ETH,-1,2024-07-04 02:00:00,2024-07-04 03:30:00,3208.668138,0.009131091669138523,-0.009332917887472264,-0.0,-0.010332917887472263,-1.131619116517656,止损,7,True
ETH,-1,2024-07-04 07:30:00,2024-07-04 09:15:00,3189.71193,0.007233562706087854,0.008097738093702164,-0.0001,0.0071977380937021645,0.9950474456583422,保本/跟踪,8,False
ETH,-1,2024-07-04 13:30:00,2024-07-04 15:45:00,3103.5991559999998,0.009869486325156487,-0.010071460222421478,-0.0,-0.011071460222421479,-1.1217868749867217,止损,10,True
ETH,-1,2024-07-04 23:45:00,2024-07-05 00:45:00,3069.93589,0.008272513650329744,-0.008474168153059871,-0.0001,-0.009374168153059872,-1.133170466595267,止损,5,True
ETH,-1,2024-07-05 03:00:00,2024-07-05 04:30:00,2926.0746679999997,0.01834824913129533,0.009704211690335378,-0.0,0.008704211690335379,0.4743892252634183,保本/跟踪,7,True
ETH,-1,2024-07-07 07:30:00,2024-07-07 10:15:00,3005.388802,0.00526381475067804,-0.005464867513628236,-8.938e-05,-0.006375487513628236,-1.2111914677101812,止损,12,False
ETH,-1,2024-07-07 13:30:00,2024-07-07 17:00:00,2976.694542,0.006152610830472973,-0.0063538413526390974,-5.389e-05,-0.0072999513526390974,-1.186480268910154,止损,15,False
ETH,-1,2024-07-08 00:45:00,2024-07-08 02:00:00,2895.2808280000004,0.009360826905792662,0.01056812840100324,-0.0,0.00956812840100324,1.022145639193723,保本/跟踪,6,True
ETH,1,2024-07-09 08:45:00,2024-07-09 10:30:00,3105.100896,0.008675392071061615,-0.008873656992647423,0.0,-0.009873656992647424,-1.1381222787132403,止损,8,True
ETH,1,2024-07-10 04:15:00,2024-07-10 12:30:00,3097.1993159999997,0.006670564094786337,-0.006869229981967314,1.713e-05,-0.007886359981967316,-1.182262829635538,止损,34,False
ETH,1,2024-07-11 09:45:00,2024-07-11 13:00:00,3139.717818,0.005522752884607693,0.012493743055141992,0.0,0.011493743055141992,2.081161930524879,保本/跟踪,14,False
ETH,1,2024-07-12 17:30:00,2024-07-12 19:30:00,3148.249524,0.00770067375779479,-0.00789913362304319,0.0,-0.00889913362304319,-1.1556305205158566,止损,9,False
ETH,1,2024-07-13 09:30:00,2024-07-13 14:00:00,3152.2103159999997,0.0035715355985096973,-0.0037708212913899197,0.0,-0.00477082129138992,-1.3357899311939243,止损,19,False
ETH,1,2024-07-13 23:15:00,2024-07-13 23:15:00,3196.399152,0.005058544301186538,-0.0052575325923262355,0.0,-0.0062575325923262355,-1.2370223961186742,止损,1,False
ETH,1,2024-07-14 08:30:00,2024-07-14 10:45:00,3213.0524819999996,0.004879484591419127,-0.005078508694500844,0.0,-0.006078508694500844,-1.2457276133611066,止损,10,False
ETH,1,2024-07-14 21:30:00,2024-07-14 22:15:00,3228.19551,0.00406984352645561,0.004702674605916532,0.0,0.0037026746059165318,0.9097830375658589,保本/跟踪,4,False
ETH,1,2024-07-15 01:00:00,2024-07-15 09:00:00,3277.45536,0.0064160981817294035,0.020103868175184978,4.043e-05,0.019063438175184976,2.971188662522398,保本/跟踪,33,False
ETH,1,2024-07-15 14:45:00,2024-07-15 17:00:00,3365.262918,0.00563212667501941,0.00213201663724606,4.69e-05,0.0010851166372460603,0.1926655240300185,保本/跟踪,10,False
ETH,1,2024-07-15 20:30:00,2024-07-16 01:00:00,3435.687,0.008574310420780173,0.00751801992950718,2.643e-05,0.00649158992950718,0.7570976102958159,保本/跟踪,19,True
ETH,1,2024-07-17 01:15:00,2024-07-17 03:00:00,3491.4081419999998,0.006833605790419736,-0.0070322390692616815,0.0,-0.008032239069261682,-1.1754027545051473,止损,8,False
ETH,1,2024-07-18 09:00:00,2024-07-18 10:15:00,3458.361534,0.005294320946567205,-0.005493262082377957,0.0,-0.006493262082377957,-1.2264579627701144,止损,6,False
ETH,1,2024-07-18 12:15:00,2024-07-18 14:30:00,3463.512564,0.004436936711925575,-0.00463604932458307,0.0,-0.00563604932458307,-1.27025686650759,止损,10,False
ETH,-1,2024-07-19 01:15:00,2024-07-19 01:15:00,3390.901684,0.004769946459379705,-0.004970900448671577,-0.0,-0.005970900448671577,-1.2517751508363988,止损,1,False
ETH,-1,2024-07-19 08:00:00,2024-07-19 12:45:00,3389.9118820000003,0.006089253643757269,-0.006290471494486078,-0.0,-0.007290471494486078,-1.1972684865837873,止损,20,False
ETH,1,2024-07-19 16:15:00,2024-07-19 20:00:00,3482.686398,0.007667322937224906,0.006166334929876836,0.0,0.005166334929876836,0.673812094804856,保本/跟踪,16,True
ETH,1,2024-07-20 17:45:00,2024-07-20 19:30:00,3530.786016,0.0049176258466214744,-0.005116642321452141,0.0,-0.006116642321452141,-1.2438201913336737,止损,8,False
ETH,-1,2024-07-22 23:15:00,2024-07-23 00:15:00,3427.01446,0.006908832694509361,-0.007110214461048236,-7.792e-05,-0.008032294461048235,-1.1626123856540513,止损,5,False
ETH,-1,2024-07-23 05:30:00,2024-07-23 06:00:00,3433.6931240000004,0.006752938286159402,-0.006954288873816538,-0.0,-0.007954288873816537,-1.177900424489201,止损,3,False
ETH,-1,2024-07-23 16:45:00,2024-07-23 19:00:00,3420.975668,0.010153569053744997,-0.010355599767555837,-0.0,-0.011355599767555836,-1.1183850434707476,止损,10,True
ETH,-1,2024-07-24 15:30:00,2024-07-24 19:30:00,3418.3162,0.0058780867840290815,0.005213186387337439,-6.706e-05,0.004280246387337439,0.7281699887397005,保本/跟踪,17,False
ETH,-1,2024-07-24 20:00:00,2024-07-24 21:15:00,3361.547556,0.007198704755935198,0.009641946591577652,-0.0,0.008641946591577652,1.2004863214389405,保本/跟踪,6,False
ETH,-1,2024-07-25 01:15:00,2024-07-25 04:45:00,3227.95428,0.01076529463734987,0.01590743741040862,-0.0,0.01490743741040862,1.3847681751958472,保本/跟踪,15,True
ETH,-1,2024-07-25 12:45:00,2024-07-25 13:45:00,3141.981478,0.007526132205084688,-0.0077276374315256,-0.0,-0.0087276374315256,-1.1596444486623778,止损,5,False
ETH,1,2024-07-27 13:15:00,2024-07-27 13:30:00,3314.772822,0.004461575375431816,-0.004660683060356782,0.0,-0.005660683060356782,-1.268763291891916,止损,2,False
ETH,-1,2024-07-28 05:00:00,2024-07-28 09:30:00,3216.25662,0.005372216444633814,-0.005573290887922806,-0.0001,-0.006473290887922806,-1.2049572005589668,止损,19,False
ETH,1,2024-07-29 00:30:00,2024-07-29 00:45:00,3295.6489979999997,0.004762723906145365,-0.0049617713613640145,0.0,-0.0059617713613640145,-1.2517566583424062,止损,2,False
ETH,1,2024-07-29 02:30:00,2024-07-29 04:45:00,3308.101488,0.0055872713413355965,0.009178345323773674,0.0,0.008178345323773675,1.4637458652256363,保本/跟踪,10,False
ETH,1,2024-07-29 06:00:00,2024-07-29 13:45:00,3367.1632979999995,0.0057986402671530175,-0.005997480539099569,0.0001,-0.0070974805390995694,-1.2239904895125093,止损,32,False
ETH,1,2024-07-30 07:30:00,2024-07-30 14:00:00,3340.507968,0.005541089258362431,-0.005739981040510735,0.0001,-0.006839981040510736,-1.2344109112099322,止损,27,False
ETH,-1,2024-07-31 20:30:00,2024-08-01 05:15:00,3237.1924320000003,0.00971425256264644,0.019221766697767373,-0.0001,0.01832176669776737,1.8860706554222015,保本/跟踪,36,True
ETH,-1,2024-08-01 15:00:00,2024-08-01 19:15:00,3141.3716,0.006426109805964492,0.007564564431766702,-0.0001,0.006664564431766702,1.0371071508272212,保本/跟踪,18,False
ETH,-1,2024-08-02 06:30:00,2024-08-02 06:45:00,3129.933888,0.006601823259875176,-0.006803143624527161,-0.0,-0.007803143624527161,-1.181967968145015,止损,2,False
ETH,-1,2024-08-02 14:45:00,2024-08-02 15:45:00,3095.170842,0.010124428786467639,0.018350068674927132,-0.0,0.01735006867492713,1.7136837090619195,保本/跟踪,5,True
ETH,-1,2024-08-02 21:15:00,2024-08-02 21:30:00,2971.6655480000004,0.0119027069695744,-0.012105087510968317,-0.0,-0.013105087510968318,-1.1010174025511534,止损,2,True
ETH,-1,2024-08-03 01:00:00,2024-08-03 07:00:00,2960.5177780000004,0.011128236179504024,-0.011330461826739786,-0.0,-0.012330461826739785,-1.1080338004912242,止损,25,True
ETH,-1,2024-08-03 16:00:00,2024-08-03 19:45:00,2939.931896,0.0064298625923887255,0.009056375145353217,-0.0,0.008056375145353217,1.2529622569057473,保本/跟踪,16,False
ETH,-1,2024-08-03 21:15:00,2024-08-03 21:30:00,2873.1752500000002,0.010951393944438368,-0.011153584223227297,-0.0,-0.012153584223227296,-1.1097750920922225,止损,2,True
ETH,-1,2024-08-04 15:15:00,2024-08-04 17:15:00,2848.950096,0.007265271860101168,0.03546240495467079,-6.815e-05,0.03453055495467079,4.752823517080332,保本/跟踪,9,False
ETH,-1,2024-08-04 17:45:00,2024-08-04 17:45:00,2650.059882,0.018682893798490936,-0.01888663037725072,-0.0,-0.019886630377250723,-1.064429878569294,止损,1,True
ETH,-1,2024-08-05 00:00:00,2024-08-05 01:15:00,2687.06248,0.012589324102293962,0.13769652278424144,-0.0,0.13669652278424144,10.85813040267454,保本/跟踪,6,True
ETH,-1,2024-08-05 06:30:00,2024-08-05 07:00:00,2200.5598,0.043688621821904555,-0.043897359546268847,-0.0,-0.04489735954626885,-1.0276671058494744,止损,3,True
ETH,-1,2024-08-05 13:30:00,2024-08-05 13:30:00,2187.372438,0.03377722286133349,-0.03398397830590579,-0.0,-0.03498397830590579,-1.035726899441272,止损,1,True
ETH,-1,2024-08-07 14:30:00,2024-08-07 20:30:00,2408.128278,0.014268590371251577,0.016788264647357796,4.478e-05,0.015743484647357794,1.1033665020672148,保本/跟踪,25,True
ETH,1,2024-08-08 22:00:00,2024-08-09 00:00:00,2639.8678680000003,0.01194073763182064,0.012975399872829458,1.139e-05,0.01196400987282946,1.0019489785075588,保本/跟踪,9,True
ETH,1,2024-08-10 07:30:00,2024-08-10 13:15:00,2628.4955939999995,0.006767292237608767,-0.006965938779161344,3.504e-05,-0.008000978779161344,-1.182301354550118,止损,24,False
ETH,1,2024-08-11 03:15:00,2024-08-11 03:30:00,2636.157126,0.004803670606514633,0.006221057636070643,0.0,0.005221057636070643,1.0868891861548455,保本/跟踪,2,False
ETH,1,2024-08-11 09:00:00,2024-08-11 09:30:00,2684.806854,0.005913549754935211,0.004188823525515093,0.0,0.0031888235255150927,0.5392401616057815,保本/跟踪,3,False
ETH,-1,2024-08-12 00:45:00,2024-08-12 07:30:00,2536.69256,0.012142851861260925,-0.01234528043163325,-0.0,-0.013345280431633251,-1.099023572395576,止损,28,True
ETH,1,2024-08-13 17:00:00,2024-08-13 18:45:00,2714.94288,0.009402999604599692,-0.009601119004678743,0.0,-0.010601119004678743,-1.1274188504158782,止损,8,True
ETH,1,2024-08-14 10:45:00,2024-08-14 10:45:00,2759.741838,0.006874169340412063,-0.007072794506544055,0.0,-0.008072794506544054,-1.1743665462364272,止损,1,False
ETH,1,2024-08-14 12:30:00,2024-08-14 12:30:00,2769.773844,0.008361403768590835,-0.008559731487836984,0.0,-0.009559731487836984,-1.143316571285267,止损,1,False
ETH,-1,2024-08-15 07:30:00,2024-08-15 08:45:00,2598.040288,0.007839733270244762,-0.008041301216898715,-7.775e-05,-0.008963551216898716,-1.1433490028186721,止损,6,False
ETH,-1,2024-08-15 18:15:00,2024-08-15 22:30:00,2557.028492,0.011443259545674036,-0.01164554819758314,-0.0,-0.01264554819758314,-1.105065226136867,止损,18,True
ETH,1,2024-08-18 10:00:00,2024-08-18 13:00:00,2644.5288,0.005333234281207233,0.007678745847779475,0.0,0.006678745847779475,1.2522881042960055,保本/跟踪,13,False
ETH,1,2024-08-20 05:30:00,2024-08-20 08:00:00,2683.306554,0.006276300955673171,-0.006475045695481992,1.977e-05,-0.007494815695481992,-1.1941453649872225,止损,11,False
ETH,-1,2024-08-21 13:45:00,2024-08-21 13:45:00,2548.210256,0.006001119406641138,-0.0062023196305224185,-0.0,-0.0072023196305224186,-1.2001626934054956,止损,1,False
ETH,1,2024-08-23 00:45:00,2024-08-23 07:15:00,2642.27835,0.004669155424589921,0.010497570784140386,0.0,0.009497570784140385,2.034108938443515,保本/跟踪,27,False
ETH,1,2024-08-23 14:15:00,2024-08-23 14:15:00,2690.648022,0.005483956885128727,-0.005682860093751759,0.0,-0.006682860093751759,-1.2186201010941917,止损,1,False
ETH,1,2024-08-23 19:30:00,2024-08-23 22:45:00,2742.69843,0.009119053673175434,0.009013396189160168,0.0,0.00801339618916017,0.8787530456951184,保本/跟踪,14,True
ETH,1,2024-08-25 21:15:00,2024-08-25 22:15:00,2778.5455979999997,0.0033861001178435474,-0.0035854228978200323,0.0,-0.004585422897820032,-1.3541899938683086,止损,5,False
ETH,-1,2024-08-26 18:00:00,2024-08-27 14:15:00,2692.921308,0.007015933604940336,0.03909858222868711,-0.00014531,0.03824389222868711,5.4510054373600845,保本/跟踪,82,False
ETH,-1,2024-08-27 21:15:00,2024-08-27 22:00:00,2554.4989980000005,0.007828607525135733,0.0253518009013526,-0.0,0.0243518009013526,3.110617159330693,保本/跟踪,4,False
ETH,-1,2024-08-28 08:00:00,2024-08-28 08:00:00,2435.432816,0.00799339265673141,-0.008194991335262799,-0.0,-0.0091949913352628,-1.1503239900919289,止损,1,False
ETH,-1,2024-08-30 14:45:00,2024-08-30 17:00:00,2484.313038,0.00844523199884894,0.007445841137010411,-1.032e-05,0.006456161137010411,0.7644741006393153,保本/跟踪,10,False
ETH,-1,2024-08-31 17:00:00,2024-08-31 21:30:00,2506.89852,0.0032782398602053293,-0.003478895508177363,-0.0,-0.004478895508177363,-1.366250091259897,止损,19,False
ETH,-1,2024-09-01 02:00:00,2024-09-01 06:45:00,2492.25145,0.003909538678693701,0.006704576169408387,-0.0,0.005704576169408387,1.4591430442924955,保本/跟踪,20,False
ETH,-1,2024-09-01 13:45:00,2024-09-01 13:45:00,2456.318638,0.005041233518378068,-0.005242241765081722,-0.0,-0.006242241765081722,-1.2382369795656794,止损,1,False
ETH,-1,2024-09-01 22:45:00,2024-09-02 00:30:00,2423.11528,0.009317777691766333,-0.009519641247304617,2.406e-05,-0.010543701247304617,-1.1315682339815398,止损,8,True
ETH,1,2024-09-02 20:30:00,2024-09-02 21:15:00,2530.90608,0.00499193716966476,0.004605494763891949,0.0,0.0036054947638919487,0.7222636506328626,保本/跟踪,4,False
ETH,-1,2024-09-04 01:00:00,2024-09-04 01:15:00,2394.291046,0.009623669827282244,0.01982550778811133,-0.0,0.018825507788111328,1.9561672549013158,保本/跟踪,2,True
ETH,-1,2024-09-05 04:00:00,2024-09-05 17:00:00,2403.949114,0.006445536329391668,0.008638605360791736,-5.5759999999999995e-05,0.007694365360791736,1.1937509879054444,保本/跟踪,53,False
ETH,-1,2024-09-05 19:45:00,2024-09-05 20:15:00,2351.169672,0.00864554501919503,-0.008847274128198806,-0.0,-0.009847274128198805,-1.138999809304754,止损,3,True
ETH,-1,2024-09-06 07:15:00,2024-09-06 07:30:00,2365.936718,0.00551277542633959,0.009393332392638239,-0.0,0.008393332392638238,1.5225239091974585,保本/跟踪,2,False
ETH,-1,2024-09-06 14:15:00,2024-09-06 21:30:00,2333.4532160000003,0.011015477051039623,0.05741023978899681,-4.007e-05,0.05645030978899681,5.1246359578833784,保本/跟踪,30,True
ETH,-1,2024-09-08 15:30:00,2024-09-08 17:30:00,2259.567996,0.005706522355431763,-0.005907663659902778,-1.827e-05,-0.006889393659902778,-1.2072840919207293,止损,9,False
ETH,1,2024-09-09 21:15:00,2024-09-10 00:15:00,2357.841474,0.00807817616125504,-0.008276560526022615,1.082e-05,-0.009287380526022614,-1.1496877934610068,止损,13,False
ETH,1,2024-09-10 07:30:00,2024-09-10 09:00:00,2356.72125,0.004968168508757805,-0.005167174875056089,-3.453e-05,-0.00613264487505609,-1.234387453695575,止损,7,False
ETH,1,2024-09-10 18:45:00,2024-09-10 18:45:00,2388.267558,0.00786909985427197,-0.008067526034301064,0.0,-0.009067526034301065,-1.1522952055791356,止损,1,False
ETH,-1,2024-09-11 14:00:00,2024-09-11 14:45:00,2285.89273,0.009593699094224039,-0.009795617834042869,-0.0,-0.01079561783404287,-1.1252820969278112,止损,4,True
ETH,1,2024-09-12 02:00:00,2024-09-12 05:30:00,2372.3643779999998,0.0060972226491882355,-0.006296003204658294,0.0,-0.007296003204658294,-1.1966109201588138,止损,15,False
ETH,1,2024-09-13 11:00:00,2024-09-13 11:30:00,2370.954096,0.003583651158380304,-0.0037829344281486046,0.0,-0.004782934428148604,-1.3346540209316407,止损,3,False
ETH,1,2024-09-13 15:30:00,2024-09-13 23:00:00,2395.27896,0.007283913844145076,0.018799082902415058,5.073e-05,0.017748352902415058,2.4366505812917407,保本/跟踪,31,False
ETH,-1,2024-09-15 20:30:00,2024-09-15 23:15:00,2355.758754,0.005867455657621215,0.019138934291741065,-0.0,0.018138934291741064,3.0914480398638333,保本/跟踪,12,False
ETH,-1,2024-09-18 10:00:00,2024-09-18 10:45:00,2293.631182,0.005362688610973219,-0.005563761148695358,-0.0,-0.006563761148695358,-1.2239683533488193,止损,4,False
ETH,1,2024-09-19 00:00:00,2024-09-19 10:45:00,2374.4047859999996,0.0083290993674388,0.021063926082654623,8.266e-05,0.019981266082654624,2.398970789178959,保本/跟踪,44,False
ETH,1,2024-09-19 16:30:00,2024-09-20 01:00:00,2461.612224,0.007444105111260673,-0.007642616290238469,0.0001,-0.008742616290238469,-1.1744348258884123,止损,35,False
ETH,1,2024-09-20 04:00:00,2024-09-20 08:00:00,2520.40398,0.006887142281941832,0.01076902868150717,9.734e-05,0.00967168868150717,1.4043108571847647,保本/跟踪,17,False
ETH,1,2024-09-21 14:00:00,2024-09-21 15:00:00,2569.56381,0.0035017521053503716,-0.0037010517549291256,0.0,-0.004701051754929126,-1.342485593924918,止损,5,False
ETH,1,2024-09-21 19:15:00,2024-09-21 19:45:00,2577.445386,0.003643985916232622,-0.0038432571190493525,0.0,-0.004843257119049352,-1.3291097250059107,止损,3,False
ETH,1,2024-09-21 23:30:00,2024-09-22 00:15:00,2589.477792,0.003709113899312126,0.009413513435452813,4.896e-05,0.008364553435452813,2.255135232434912,保本/跟踪,4,False
ETH,1,2024-09-23 03:15:00,2024-09-23 07:15:00,2665.222938,0.010475975838130883,-0.010673880642963188,0.0,-0.011673880642963187,-1.1143478014212407,止损,17,True
ETH,1,2024-09-24 22:15:00,2024-09-24 23:30:00,2667.203334,0.006239023156170457,-0.0064377753515391855,0.0,-0.0074377753515391856,-1.1921378019222688,止损,6,False
ETH,-1,2024-09-25 16:00:00,2024-09-25 18:45:00,2599.390018,0.005699277661561282,0.006414919143141091,-0.0,0.005414919143141091,0.9501062177865022,保本/跟踪,12,False
ETH,1,2024-09-27 08:30:00,2024-09-27 09:15:00,2672.554404,0.005120865337665339,-0.005319841164597709,0.0,-0.006319841164597709,-1.2341353946790168,止损,4,False
ETH,1,2024-09-27 16:30:00,2024-09-28 06:00:00,2700.5299979999995,0.007372815360505102,-0.007571340797432978,0.0001,-0.008671340797432977,-1.1761234173696864,止损,55,False
ETH,-1,2024-09-30 02:15:00,2024-09-30 03:30:00,2609.847926,0.006918163996794601,-0.007119547629594076,-0.0,-0.008119547629594076,-1.1736564258025848,止损,6,False
ETH,-1,2024-09-30 18:30:00,2024-09-30 19:30:00,2581.093678,0.006830960540737443,-0.007032326732845556,-0.0,-0.008032326732845556,-1.175870755649017,止损,5,False
ETH,-1,2024-10-01 13:30:00,2024-10-01 13:45:00,2608.788138,0.0038040663689400778,0.009211775933273889,-0.0,0.00821177593327389,2.158683665543387,保本/跟踪,2,False
ETH,-1,2024-10-01 15:00:00,2024-10-01 15:15:00,2548.0802820000004,0.008195779090878826,0.012398647008066858,-0.0,0.011398647008066858,1.390794808116844,保本/跟踪,2,False
ETH,-1,2024-10-01 17:30:00,2024-10-01 17:45:00,2471.385624,0.013890757251194139,-0.014093535402644394,-0.0,-0.015093535402644395,-1.0865883788550734,止损,2,True
ETH,-1,2024-10-02 13:00:00,2024-10-02 13:45:00,2433.783146,0.007203654839397663,-0.007405095570365554,-0.0,-0.008405095570365555,-1.1667821068268105,止损,4,False
ETH,-1,2024-10-02 19:00:00,2024-10-03 09:15:00,2388.312242,0.01076753333792463,0.018401072684087468,-6.542e-05,0.017466492684087467,1.622144286525517,保本/跟踪,58,True
ETH,-1,2024-10-03 15:00:00,2024-10-03 15:45:00,2315.846738,0.010714999968451731,-0.010917142968445237,-0.0,-0.011917142968445236,-1.1121925341608012,止损,4,True
ETH,1,2024-10-06 11:45:00,2024-10-06 15:00:00,2428.015506,0.002583595758502198,0.006529504845161921,0.0,0.005529504845161921,2.1402360748446076,保本/跟踪,14,False
ETH,1,2024-10-07 00:45:00,2024-10-07 03:30:00,2477.955492,0.006144763913905578,0.00545202360436817,0.0,0.00445202360436817,0.7245231333124544,保本/跟踪,12,False
ETH,1,2024-10-07 14:15:00,2024-10-07 15:00:00,2487.957492,0.0062376423777190364,0.00291149153079433,0.0,0.00191149153079433,0.30644455309304197,保本/跟踪,4,False
ETH,-1,2024-10-09 19:00:00,2024-10-09 21:45:00,2413.747154,0.006214179927777046,0.01553705872219032,-0.0,0.01453705872219032,2.339336628669289,保本/跟踪,12,False
ETH,-1,2024-10-10 09:30:00,2024-10-10 09:30:00,2371.8655320000003,0.00494626510906652,-0.005147254362088427,-0.0,-0.006147254362088427,-1.242807295310656,止损,1,False
ETH,-1,2024-10-10 18:15:00,2024-10-10 20:00:00,2349.899926,0.009451072788429823,-0.009652963002987491,-0.0,-0.01065296300298749,-1.1271697130540612,止损,8,True
ETH,1,2024-10-11 15:15:00,2024-10-11 15:15:00,2451.44019,0.005563488289192852,-0.005762375591534944,0.0,-0.0067623755915349444,-1.215492015085382,止损,1,False
ETH,1,2024-10-11 19:15:00,2024-10-11 22:00:00,2462.4023819999998,0.005669313951063246,-0.00586818008827298,0.0,-0.00686818008827298,-1.2114658224184063,止损,12,False
ETH,1,2024-10-12 11:30:00,2024-10-12 11:30:00,2462.252352,0.002806530693827433,-0.0030059693876887763,0.0,-0.004005969387688777,-1.427374158600631,止损,1,False
ETH,1,2024-10-12 14:45:00,2024-10-12 23:15:00,2469.613824,0.0038751033014148644,0.0029182244928427953,7.35e-05,0.0018447244928427953,0.47604524301823276,保本/跟踪,35,False
ETH,1,2024-10-13 22:15:00,2024-10-13 22:30:00,2476.6552319999996,0.00443512336564964,-0.0046342363409764675,0.0,-0.0056342363409764675,-1.2703674456079501,止损,2,False
ETH,1,2024-10-14 03:45:00,2024-10-14 05:30:00,2514.212742,0.006543140128568728,0.0036028754919166035,0.0,0.0026028754919166035,0.39780219294890246,保本/跟踪,8,False
ETH,1,2024-10-14 12:15:00,2024-10-14 17:15:00,2547.5194020000004,0.006217532815204478,0.02724185074982298,0.0001,0.02614185074982298,4.204537640057995,保本/跟踪,21,False
ETH,1,2024-10-14 22:45:00,2024-10-15 00:30:00,2636.187132,0.005028804810138001,-0.005227799049175966,0.0001,-0.0063277990491759665,-1.2583107295036011,止损,8,False
ETH,1,2024-10-16 12:15:00,2024-10-16 12:45:00,2644.258746,0.006432007481507087,-0.006630721080010693,0.0,-0.007630721080010693,-1.1863669471700824,止损,3,False
ETH,1,2024-10-18 08:00:00,2024-10-18 09:15:00,2644.1487239999997,0.004758183794105612,-0.004957232157346685,0.0,-0.005957232157346685,-1.2519970676051735,止损,6,False
ETH,1,2024-10-18 15:30:00,2024-10-18 16:00:00,2651.610216,0.0056183524837590615,-0.005817228813262218,0.0001,-0.006917228813262218,-1.2311845569066395,止损,3,False
ETH,1,2024-10-18 18:45:00,2024-10-18 19:15:00,2671.3541640000003,0.0062224500377546605,-0.006421205547747096,0.0,-0.007421205547747096,-1.19265008199648,止损,3,False
ETH,1,2024-10-19 15:15:00,2024-10-19 15:15:00,2653.1905319999996,0.002640241251233162,-0.002839713202982878,0.0,-0.003839713202982878,-1.4543039205941828,止损,1,False
ETH,1,2024-10-20 14:15:00,2024-10-20 14:45:00,2691.748242,0.004040412414517897,0.004090735347068332,0.0,0.0030907353470683322,0.7649554129580407,保本/跟踪,3,False
ETH,1,2024-10-20 22:15:00,2024-10-21 00:45:00,2720.544,0.005370067541913186,0.00938939850628294,0.0001,0.008289398506282939,1.5436302135093234,保本/跟踪,11,False
ETH,-1,2024-10-22 09:30:00,2024-10-22 11:00:00,2621.32563,0.005294575685162133,-0.005495634600299119,-0.0,-0.006495634600299119,-1.2268470575466344,止损,7,False
ETH,-1,2024-10-23 09:00:00,2024-10-23 17:15:00,2575.3448280000002,0.005831575370915192,0.024789764809012824,-0.0001,0.023889764809012823,4.096622831655801,保本/跟踪,34,False
ETH,-1,2024-10-23 18:15:00,2024-10-23 19:30:00,2481.743552,0.010019381770623958,-0.01022138564697815,-0.0,-0.011221385646978149,-1.1199678686641497,止损,6,True
ETH,-1,2024-10-25 07:15:00,2024-10-25 08:15:00,2480.273846,0.005654097855708505,-0.005855228675279722,-0.0001,-0.006755228675279722,-1.194749162054118,止损,5,False
ETH,-1,2024-10-25 18:00:00,2024-10-25 18:15:00,2485.3028400000003,0.009051732451228476,-0.00925354279771862,-0.0,-0.010253542797718621,-1.132771306815088,止损,2,True
ETH,-1,2024-10-25 23:15:00,2024-10-25 23:45:00,2409.278048,0.010754301263395783,-0.010956452123648442,-0.0,-0.011956452123648442,-1.111783260558675,止损,3,True
ETH,1,2024-10-28 07:30:00,2024-10-28 07:45:00,2523.164532,0.005201862088060722,-0.005400821715643003,0.0,-0.006400821715643003,-1.2304866233063205,止损,2,False
ETH,1,2024-10-28 10:00:00,2024-10-28 11:00:00,2542.088316,0.005884146651931417,-0.006082969822601006,0.0,-0.007082969822601006,-1.2037378130737253,止损,5,False
ETH,1,2024-10-28 21:45:00,2024-10-28 22:30:00,2537.077314,0.006696490317999302,0.010108216177418996,0.0,0.009108216177418995,1.3601477408154068,保本/跟踪,4,False
ETH,1,2024-10-29 02:15:00,2024-10-29 17:45:00,2611.942284,0.00794710121703971,0.017212729571599108,0.0002,0.016012729571599108,2.014914512132493,保本/跟踪,63,False
ETH,1,2024-10-30 10:00:00,2024-10-30 11:00:00,2693.958684,0.006222372428888313,-0.006421127954402494,0.0,-0.007421127954402494,-1.1926524873292341,止损,5,False
ETH,1,2024-10-30 14:15:00,2024-10-30 15:00:00,2718.383568,0.008344926858477021,-0.008543257873105206,0.0,-0.009543257873105206,-1.143599942210504,止损,4,True
ETH,-1,2024-10-31 17:45:00,2024-11-01 01:45:00,2539.531992,0.008342721807454139,0.007799920639865885,-0.0001,0.0068999206398658855,0.8270586984814566,保本/跟踪,33,True
ETH,-1,2024-11-01 02:15:00,2024-11-01 02:15:00,2483.163268,0.00890066049722809,-0.009102440629327356,-0.0,-0.010102440629327355,-1.135021455146338,止损,1,True
ETH,-1,2024-11-01 21:45:00,2024-11-01 22:00:00,2491.211658,0.008152422048543042,-0.008354052532952643,-0.0,-0.009354052532952642,-1.1473955196694396,止损,2,False
ETH,-1,2024-11-02 09:00:00,2024-11-02 09:15:00,2494.980904,0.0033305256063080537,-0.0035311917114293425,-0.0,-0.004531191711429343,-1.3605034901539907,止损,2,False
ETH,-1,2024-11-03 02:30:00,2024-11-03 03:15:00,2454.8689280000003,0.0049367169811712465,0.0043775237098834414,-0.0,0.0033775237098834414,0.6841639337975816,保本/跟踪,4,False
ETH,-1,2024-11-03 14:00:00,2024-11-03 15:45:00,2433.803142,0.00463675648573929,-0.004837683837036432,-0.0,-0.005837683837036432,-1.2590016005780527,止损,8,False
ETH,-1,2024-11-04 15:45:00,2024-11-04 17:30:00,2435.022898,0.006015234021094472,0.002862934421401505,-0.0001,0.0019629344214015048,0.3263271910149805,保本/跟踪,8,False
ETH,1,2024-11-06 03:00:00,2024-11-06 03:15:00,2568.283554,0.012023771633571906,0.007656067325962101,0.0,0.006656067325962101,0.5535756606835006,保本/跟踪,2,True
ETH,1,2024-11-06 15:30:00,2024-11-06 15:45:00,2662.592412,0.010354541140900828,-0.010552470232672544,0.0,-0.011552470232672543,-1.1156911808520273,止损,2,True
ETH,1,2024-11-06 18:45:00,2024-11-07 00:00:00,2675.8950720000003,0.008746063869541887,0.013362942408946268,0.0001,0.012262942408946268,1.402109862432161,保本/跟踪,22,True
ETH,1,2024-11-07 01:15:00,2024-11-07 04:30:00,2780.3559600000003,0.010519157452746477,0.019986916598623016,0.0,0.018986916598623015,1.8049845421474955,保本/跟踪,14,True
ETH,1,2024-11-07 17:15:00,2024-11-08 00:45:00,2861.8022459999997,0.009855738951749328,0.018463990099110986,0.0001,0.017363990099110986,1.7618151398002475,保本/跟踪,31,True
ETH,1,2024-11-09 00:45:00,2024-11-09 02:00:00,2987.8674539999997,0.007750082503474968,-0.007948532486974342,0.0,-0.008948532486974341,-1.1546370613425103,止损,6,False
ETH,1,2024-11-09 05:45:00,2024-11-09 17:00:00,3029.395758,0.0073668321550305884,-0.007565358788599544,0.0002,-0.008765358788599544,-1.1898409796962652,止损,46,False
ETH,1,2024-11-09 23:00:00,2024-11-10 01:00:00,3135.5969939999995,0.007813670818750795,-0.008012108084587011,0.0001,-0.009112108084587012,-1.1661750662339527,止损,9,True
ETH,1,2024-11-10 04:45:00,2024-11-10 12:00:00,3170.8340399999997,0.00791475678291057,0.009214720406972575,0.0001,0.008114720406972576,1.0252646580996354,保本/跟踪,30,True
ETH,1,2024-11-11 15:30:00,2024-11-11 16:30:00,3225.765024,0.011274471538305417,0.01132786529574905,0.00017298,0.01015488529574905,0.9006972310185418,保本/跟踪,5,True
ETH,1,2024-11-11 19:00:00,2024-11-11 22:15:00,3326.275122,0.012633965142869385,-0.012831438349840818,0.0,-0.013831438349840817,-1.094782057210858,止损,14,True
ETH,-1,2024-11-14 15:00:00,2024-11-14 16:30:00,3110.2778200000002,0.01210552254445156,-0.012307943648960401,-0.0001,-0.013207943648960403,-1.091067618143764,止损,7,True
ETH,-1,2024-11-14 23:15:00,2024-11-15 00:15:00,3055.798718,0.012190118903525558,-0.012392556927306219,-0.00013133,-0.013261226927306217,-1.0878669053401013,止损,5,True
ETH,-1,2024-11-15 15:15:00,2024-11-15 20:15:00,3042.7713240000003,0.010681480440185777,-0.010883616736273888,-0.0001,-0.01178361673627389,-1.10318197952614,止损,21,True
ETH,-1,2024-11-18 11:45:00,2024-11-18 12:30:00,3062.877302,0.00750854910011067,-0.0077100508099305545,-0.0,-0.008710050809930554,-1.1600178268531498,止损,4,False
ETH,1,2024-11-21 12:15:00,2024-11-21 14:30:00,3217.1633039999997,0.008823830647908561,0.031064500387322336,0.0,0.030064500387322335,3.407193721974738,保本/跟踪,10,True
ETH,1,2024-11-21 19:00:00,2024-11-21 19:45:00,3383.0164680000003,0.012048089454421849,-0.012245679836530956,0.0,-0.013245679836530955,-1.099400854105509,止损,4,True
ETH,1,2024-11-22 04:30:00,2024-11-22 04:45:00,3423.73461,0.010176555816199258,-0.010374520505035996,0.0,-0.011374520505035995,-1.1177180875802588,止损,2,True
ETH,1,2024-11-23 00:30:00,2024-11-23 01:15:00,3356.7112079999997,0.0075267779846135965,-0.007725272629016624,0.0,-0.008725272629016624,-1.159230768710465,止损,4,False
ETH,1,2024-11-23 14:00:00,2024-11-23 15:00:00,3438.927648,0.008228811928553695,0.004822612899354684,0.0,0.003822612899354684,0.4645400736515011,保本/跟踪,5,False
ETH,1,2024-11-24 02:15:00,2024-11-24 03:15:00,3449.779818,0.007321871067636688,-0.007520406693423149,0.0,-0.00852040669342315,-1.1636925336044355,止损,5,False
ETH,-1,2024-11-25 01:30:00,2024-11-25 02:00:00,3317.996268,0.007988669289298405,-0.008190267023156277,-0.0,-0.009190267023156277,-1.1504127521547962,止损,3,False
ETH,1,2024-11-25 07:45:00,2024-11-25 11:30:00,3415.152894,0.006817486376092769,0.022031597156919797,0.00023935,0.020792247156919796,3.0498406611904705,保本/跟踪,16,False
ETH,-1,2024-11-26 18:30:00,2024-11-26 20:00:00,3272.1454400000002,0.011083872952117286,-0.011286089726707684,-0.0,-0.012286089726707684,-1.108465405529639,止损,7,True
ETH,1,2024-11-27 14:00:00,2024-11-27 14:00:00,3508.981656,0.008562932238194983,-0.008761219651747296,0.0,-0.009761219651747297,-1.1399389111369291,止损,1,False
ETH,1,2024-11-27 15:15:00,2024-11-28 00:00:00,3539.0976779999996,0.009299670935796549,0.028564642169400994,0.00031654000000000003,0.027248102169400993,2.9300071322434484,保本/跟踪,36,True
ETH,1,2024-11-28 08:30:00,2024-11-28 10:00:00,3622.334322,0.007735462616094623,-0.00793391552357142,0.0,-0.00893391552357142,-1.1549297006468962,止损,7,False
ETH,1,2024-11-30 04:00:00,2024-11-30 06:45:00,3660.8420220000003,0.007831192382739374,0.007337606607597792,0.0,0.006337606607597792,0.8092773485639845,保本/跟踪,12,False
ETH,1,2024-11-30 21:45:00,2024-12-01 00:30:00,3719.703792,0.005391701999635138,-0.0055906236592351164,0.00011863,-0.006709253659235116,-1.2443665580347611,止损,12,False
ETH,-1,2024-12-02 18:00:00,2024-12-02 18:00:00,3568.43617,0.010737939371608005,-0.010940086959482375,-0.0,-0.011940086959482375,-1.111953285101697,止损,1,True
ETH,-1,2024-12-03 11:00:00,2024-12-03 12:00:00,3596.490558,0.006732272971260071,-0.006933619425854293,-0.0,-0.007933619425854292,-1.1784458918589225,止损,5,False
ETH,-1,2024-12-03 13:45:00,2024-12-03 14:45:00,3579.863884,0.006571691913331868,0.0059645630928686875,-0.0,0.0049645630928686875,0.7554467187965966,保本/跟踪,5,False
ETH,1,2024-12-04 07:30:00,2024-12-04 12:00:00,3704.2407,0.006242491942238654,0.004643311295543246,0.00015899,0.003484321295543246,0.5581619211980456,保本/跟踪,19,False
ETH,1,2024-12-04 15:00:00,2024-12-04 16:00:00,3782.196288,0.009332698435133322,0.005547670803529173,0.00019842,0.004349250803529173,0.46602285863606624,保本/跟踪,5,True
ETH,1,2024-12-04 20:15:00,2024-12-04 23:30:00,3875.775,0.010796115626749017,-0.01099395640362366,0.0,-0.011993956403623659,-1.1109510881771967,止损,14,True
ETH,1,2024-12-06 04:00:00,2024-12-06 09:00:00,3910.611966,0.01103834739678026,-0.011236139727300901,0.0002554,-0.0124915397273009,-1.1316494469946214,止损,21,True
ETH,1,2024-12-06 15:15:00,2024-12-07 07:00:00,4014.3227039999997,0.010729483576547686,-0.010927337679832425,0.0005694000000000001,-0.012496737679832426,-1.1647100804690704,止损,64,True
ETH,-1,2024-12-09 07:15:00,2024-12-09 07:30:00,3894.360972,0.006387501998695144,-0.0065887794990949315,-0.0,-0.0075887794990949315,-1.1880668688080547,止损,2,False
ETH,-1,2024-12-09 09:30:00,2024-12-09 13:15:00,3862.0074440000003,0.00807187303995166,-0.008273487414559586,-0.0,-0.009273487414559585,-1.1488643798856282,止损,16,False
ETH,-1,2024-12-09 15:45:00,2024-12-09 16:45:00,3825.7846900000004,0.010461764623362235,-0.010663856976286946,-0.00013421,-0.011529646976286948,-1.1020747829233337,止损,5,True
ETH,-1,2024-12-09 20:00:00,2024-12-09 21:15:00,3796.5205440000004,0.009130383305212852,0.028706069870275446,-0.0,0.027706069870275445,3.0344914275895833,保本/跟踪,6,True
ETH,-1,2024-12-10 12:45:00,2024-12-10 14:00:00,3693.171218,0.008980330324917787,-0.009182126390982722,-0.0,-0.010182126390982722,-1.1338253741881077,止损,6,True
ETH,-1,2024-12-10 15:30:00,2024-12-10 20:15:00,3602.5793400000002,0.013600096669884544,-0.01380281668921854,-0.0001,-0.01470281668921854,-1.0810817780270496,止损,20,True
ETH,1,2024-12-12 03:00:00,2024-12-12 03:00:00,3880.12587,0.006584122388642716,-0.0067828055641649156,0.0,-0.007782805564164916,-1.1820566363696199,止损,1,False
ETH,1,2024-12-12 13:00:00,2024-12-12 13:30:00,3955.620966,0.007085709104073324,-0.007284291962252512,0.0,-0.008284291962252513,-1.1691549625555706,止损,3,False
ETH,1,2024-12-12 15:00:00,2024-12-12 15:15:00,3981.7961999999998,0.00988249213141886,-0.010080515632992485,0.0,-0.011080515632992484,-1.1212268611643832,止损,2,True
ETH,-1,2024-12-14 19:00:00,2024-12-14 19:30:00,3831.6935080000003,0.006028924131305627,-0.006230129916131918,-0.0,-0.007230129916131918,-1.199240487799298,止损,3,False
ETH,1,2024-12-15 23:30:00,2024-12-16 02:15:00,3938.877618,0.007359499556870863,0.010798357694654948,8.662e-05,0.009711737694654948,1.3196193055800953,保本/跟踪,12,False
ETH,1,2024-12-16 17:15:00,2024-12-16 19:00:00,3976.7851979999996,0.008213928484050167,0.020135628390930933,0.0,0.019135628390930932,2.329656074811043,保本/跟踪,8,False
ETH,-1,2024-12-18 02:00:00,2024-12-18 11:00:00,3842.5513360000004,0.009598495092504274,-0.009800414791522761,-0.0001,-0.010700414791522762,-1.1148012983700963,止损,37,True
ETH,-1,2024-12-18 20:15:00,2024-12-19 02:15:00,3721.05564,0.014500877695248236,0.03007997695780744,-6.104e-05,0.029141016957807436,2.0096036647048336,保本/跟踪,25,True
ETH,-1,2024-12-19 15:30:00,2024-12-19 15:45:00,3582.173422,0.009164382448622164,-0.00936621532511194,-0.0,-0.010366215325111939,-1.131141719938856,止损,2,True
ETH,-1,2024-12-19 17:30:00,2024-12-19 18:00:00,3547.280402,0.011036460626231795,0.019145559500091613,-0.0,0.018145559500091613,1.6441466258632496,保本/跟踪,3,True
ETH,-1,2024-12-19 20:15:00,2024-12-19 21:15:00,3359.168032,0.02197312146426016,-0.022177516088553003,-0.0,-0.023177516088553004,-1.0548121770614987,止损,5,True
ETH,-1,2024-12-20 06:00:00,2024-12-20 07:00:00,3355.8586940000005,0.01264795603049695,-0.012850485621703009,-0.0,-0.013850485621703008,-1.0950769901718902,止损,5,True
ETH,-1,2024-12-20 08:30:00,2024-12-20 10:15:00,3325.3348,0.013884513871615642,0.035536021722127414,-0.0,0.034536021722127414,2.4873770908702837,保本/跟踪,8,True
ETH,-1,2024-12-21 12:15:00,2024-12-21 13:45:00,3419.3160000000003,0.009477566639193514,0.006656876624496516,-0.0,0.005656876624496516,0.5968701503087382,保本/跟踪,7,True
ETH,-1,2024-12-21 19:15:00,2024-12-21 20:15:00,3347.020462,0.011410924311976406,-0.011613206496838745,-0.0,-0.012613206496838746,-1.1053623836239521,止损,5,True
ETH,-1,2024-12-21 22:15:00,2024-12-21 23:45:00,3298.59015,0.011700371202363849,-0.011902711276604337,-0.0,-0.012902711276604337,-1.1027608486470564,止损,7,True
ETH,-1,2024-12-22 05:00:00,2024-12-22 06:15:00,3309.8878900000004,0.01006012655587479,-0.010262138581185956,-0.0,-0.011262138581185955,-1.1194827936443035,止损,6,True
ETH,-1,2024-12-22 15:00:00,2024-12-22 15:15:00,3275.8347019999997,0.010427842212393791,-0.010629927780836197,-0.0,-0.011629927780836196,-1.1152765398591946,止损,2,True
ETH,-1,2024-12-22 19:45:00,2024-12-22 21:00:00,3261.837502,0.010700673821578506,-0.010902813956342907,-0.0,-0.011902813956342906,-1.1123424706526628,止损,6,True
ETH,-1,2024-12-23 16:00:00,2024-12-23 16:15:00,3275.3547980000003,0.010618456194316239,-0.010820579885555088,-0.0,-0.011820579885555089,-1.1132107784069696,止损,2,True
ETH,1,2024-12-24 14:45:00,2024-12-24 16:45:00,3461.94225,0.007427784852913009,0.004559402696958767,2.757e-05,0.003531832696958767,0.4754893641774859,保本/跟踪,9,False
ETH,1,2024-12-24 18:15:00,2024-12-24 18:15:00,3525.6549899999995,0.008375650695349457,-0.008573975565210449,0.0,-0.00957397556521045,-1.1430724505412286,止损,1,False
ETH,-1,2024-12-27 15:30:00,2024-12-27 17:45:00,3319.815904,0.009071131474437739,-0.009272945700732659,-5.349e-05,-0.010219455700732658,-1.1265910685487113,止损,10,False
ETH,1,2024-12-30 07:00:00,2024-12-30 07:30:00,3430.916046,0.005628462837534833,-0.0058273371449673135,0.0,-0.0068273371449673135,-1.213002082813354,止损,3,False
ETH,-1,2025-01-01 09:30:00,2025-01-01 10:00:00,3321.005666,0.0040584106375728835,-0.0042592223197004,-0.0,-0.0052592223197004,-1.2958822527741198,止损,3,False
ETH,1,2025-01-02 04:45:00,2025-01-02 13:15:00,3417.643392,0.005526331734632063,0.01237754542618608,0.0001,0.01127754542618608,2.040692808126714,保本/跟踪,35,False
ETH,1,2025-01-03 13:15:00,2025-01-03 20:45:00,3484.3567319999997,0.004483424360236969,0.03290542973037175,0.0001,0.031805429730371745,7.094003862862244,保本/跟踪,31,False
ETH,1,2025-01-04 12:30:00,2025-01-04 15:30:00,3635.9670479999995,0.004786638492193664,-0.004985681164495232,0.0,-0.005985681164495232,-1.2504978544456697,止损,13,False
ETH,1,2025-01-04 20:45:00,2025-01-05 01:00:00,3661.122078,0.005170971620754379,-0.005369937426430143,0.0001,-0.006469937426430143,-1.2512034296344217,止损,18,False
ETH,1,2025-01-06 05:30:00,2025-01-06 06:30:00,3688.077468,0.005819348840320343,-0.006018184970552193,0.0,-0.007018184970552193,-1.2060086382733255,止损,5,False
ETH,1,2025-01-06 16:00:00,2025-01-06 17:15:00,3713.7325979999996,0.007610409601856689,-0.007808887519936285,0.0,-0.008808887519936285,-1.157478766686514,止损,6,False
ETH,-1,2025-01-07 19:45:00,2025-01-08 07:45:00,3399.56995,0.012966378786941088,0.015928287573161146,-9.658e-05,0.015024867573161146,1.1587558731735677,保本/跟踪,49,True
ETH,-1,2025-01-08 17:30:00,2025-01-08 18:00:00,3231.4635780000003,0.01115638946394887,-0.011358620741841727,-0.0,-0.012358620741841728,-1.1077616805847257,止损,3,True
ETH,-1,2025-01-09 07:30:00,2025-01-09 08:30:00,3293.661136,0.006240983367337498,-0.006442231564011043,-0.0001,-0.007342231564011043,-1.1764542752087728,止损,5,False
ETH,-1,2025-01-09 13:45:00,2025-01-09 15:15:00,3251.19963,0.008428127490248804,-0.00862981311574689,-0.0,-0.009629813115746889,-1.14258038062291,止损,7,False
ETH,-1,2025-01-09 19:45:00,2025-01-09 21:00:00,3227.514368,0.010121903787596745,0.005935237644079919,-0.0,0.004935237644079919,0.48757997977885326,保本/跟踪,6,True
ETH,-1,2025-01-10 15:15:00,2025-01-10 15:15:00,3195.5707580000003,0.011295253421773134,-0.011497512472457427,-0.0,-0.012497512472457426,-1.1064393162146122,止损,1,True
ETH,-1,2025-01-11 09:00:00,2025-01-11 09:30:00,3222.715328,0.00430502213056335,-0.004505883134989505,-0.0,-0.005505883134989505,-1.278944211668666,止损,3,False
ETH,-1,2025-01-12 07:15:00,2025-01-12 10:00:00,3264.3370019999998,0.003297423970961853,0.007124475848035246,-0.0001,0.006224475848035246,1.8876783522076408,保本/跟踪,12,False
ETH,-1,2025-01-13 05:15:00,2025-01-13 09:45:00,3226.594552,0.007629793192845967,0.020217106596044386,-9.353e-05,0.019310636596044387,2.530951509164219,保本/跟踪,19,False
ETH,-1,2025-01-13 11:30:00,2025-01-13 13:15:00,3103.269222,0.009545728371747499,0.006964545967868921,-0.0,0.005964545967868921,0.6248392721421021,保本/跟踪,8,False
ETH,-1,2025-01-13 14:45:00,2025-01-13 15:15:00,3017.616356,0.01563000673710688,-0.015833132738454353,-0.0,-0.016833132738454354,-1.076975398768777,止损,3,True
ETH,1,2025-01-15 14:00:00,2025-01-15 17:45:00,3297.669402,0.008084830278228945,0.009418490685736934,5.443e-05,0.008364060685736934,1.034537571958673,保本/跟踪,16,False
ETH,1,2025-01-15 19:00:00,2025-01-15 20:45:00,3371.5641779999996,0.007856997884836346,0.017928737986935468,0.0,0.016928737986935467,2.1546064075703995,保本/跟踪,8,False
ETH,1,2025-01-17 09:00:00,2025-01-17 15:30:00,3406.5911819999997,0.00629374377543307,0.0009933480673535006,0.0,-6.651932646499405e-06,-0.0010569118928013062,保本/跟踪,27,False
ETH,1,2025-01-17 20:45:00,2025-01-17 21:30:00,3511.592178,0.008575045378252703,-0.008773330369177126,0.0,-0.009773330369177127,-1.1397409504051619,止损,4,False
ETH,-1,2025-01-18 17:00:00,2025-01-18 19:30:00,3251.8594980000003,0.012237443394573456,-0.012439890883252367,-0.0,-0.013439890883252367,-1.0982596977087649,止损,11,True
ETH,-1,2025-01-19 08:30:00,2025-01-19 09:30:00,3236.762518,0.008437270116304641,0.014592378130952838,-0.0,0.013592378130952838,1.610992411477521,保本/跟踪,5,False
ETH,-1,2025-01-21 01:00:00,2025-01-21 09:45:00,3225.444782,0.01569726433812824,-0.015900403790995877,-0.0001,-0.01680040379099588,-1.0702759047121442,止损,36,True
ETH,-1,2025-01-22 16:15:00,2025-01-22 18:00:00,3263.387192,0.007835572141662275,-0.008037139256090526,-0.0,-0.009037139256090527,-1.1533477189290924,止损,8,False
ETH,-1,2025-01-23 04:45:00,2025-01-23 06:15:00,3198.150242,0.007869176267830772,-0.00807075010308427,-0.0,-0.00907075010308427,-1.1526937247759383,止损,7,False
ETH,-1,2025-01-23 10:45:00,2025-01-23 11:30:00,3189.881896,0.006578409038267831,-0.006779724720075481,-0.0,-0.007779724720075481,-1.182614926317195,止损,4,False
ETH,1,2025-01-26 04:30:00,2025-01-26 05:00:00,3358.741614,0.004759027461496131,-0.00495807565600382,0.0,-0.00595807565600382,-1.2519523587978487,止损,3,False
ETH,-1,2025-01-26 23:15:00,2025-01-27 00:15:00,3266.666536,0.005438227460276191,0.007831456911840545,2.76e-06,0.0068286969118405445,1.2556843128981103,保本/跟踪,5,False
ETH,-1,2025-01-27 01:15:00,2025-01-27 06:00:00,3192.471378,0.008542877580475144,0.013474086163424433,-0.0,0.012474086163424433,1.4601738168335825,保本/跟踪,20,False
ETH,-1,2025-01-27 06:45:00,2025-01-27 07:30:00,3092.941288,0.009733543969558627,0.008268715015223506,-0.0,0.007268715015223506,0.7467696286117573,保本/跟踪,4,False
ETH,-1,2025-01-27 18:45:00,2025-01-27 20:15:00,3059.218034,0.01143601796145978,-0.011638305165052064,-0.0,-0.012638305165052065,-1.105131629527348,止损,7,True
ETH,-1,2025-01-28 19:15:00,2025-01-28 20:00:00,3125.464782,0.008832853364885464,-0.00903461993555834,-0.0,-0.01003461993555834,-1.1360564385060932,止损,4,False
ETH,-1,2025-01-28 21:45:00,2025-01-29 00:00:00,3070.355806,0.009613645974109476,-0.009815568703304285,-0.0001,-0.010715568703304285,-1.114620689399464,止损,10,False
ETH,-1,2025-01-29 13:30:00,2025-01-29 14:15:00,3091.98148,0.005919986414653524,-0.006121170411936329,-0.0,-0.007121170411936329,-1.2029031678703788,止损,4,False
ETH,-1,2025-01-29 19:30:00,2025-01-29 19:30:00,3057.178442,0.010557609986970412,-0.010759721508967724,-0.0,-0.011759721508967723,-1.1138620884348718,止损,1,True
ETH,1,2025-01-30 10:00:00,2025-01-30 13:45:00,3220.9740659999998,0.006599407902981556,0.008189638729165527,0.0,0.007189638729165527,1.089436936595071,保本/跟踪,16,False
ETH,1,2025-01-31 11:15:00,2025-01-31 14:45:00,3298.299528,0.006070058836616231,0.012535295834345499,0.0,0.0115352958343455,1.900359806195203,保本/跟踪,15,False
ETH,1,2025-01-31 15:30:00,2025-01-31 18:15:00,3391.568178,0.008373745649391466,-0.008572070900261642,0.0001,-0.009672070900261641,-1.1550471324579255,止损,12,False
ETH,-1,2025-02-01 20:15:00,2025-02-02 00:15:00,3175.2848160000003,0.008315222909067587,0.011251788435748056,-7.609e-05,0.010327878435748056,1.2420446870384807,保本/跟踪,17,False
ETH,-1,2025-02-02 03:15:00,2025-02-02 05:45:00,3094.121052,0.00891915074133065,-0.009120934571478933,-0.0,-0.010120934571478932,-1.1347419575026698,止损,11,False
ETH,-1,2025-02-02 16:45:00,2025-02-02 19:30:00,3037.622354,0.008826295581911609,0.02874822039755136,-0.0,0.02774822039755136,3.143812728685166,保本/跟踪,12,False
ETH,-1,2025-02-02 22:45:00,2025-02-03 02:00:00,2841.261634,0.021148599800936325,0.10923452595684165,-3.237e-05,0.10826689595684165,5.119341089997281,保本/跟踪,14,True
ETH,-1,2025-02-04 21:15:00,2025-02-05 01:00:00,2713.2972320000003,0.01931051668241515,-0.019514378785751737,8.329e-05,-0.020597668785751738,-1.066655497856705,止损,16,True
ETH,-1,2025-02-05 19:00:00,2025-02-05 19:30:00,2721.185654,0.013048162148892779,-0.013250771781322392,-0.0,-0.014250771781322391,-1.0921669748357368,止损,3,True
ETH,1,2025-02-06 05:45:00,2025-02-06 11:15:00,2837.0673,0.009352056662322706,-0.009550186250990229,-5.35e-06,-0.010544836250990229,-1.127541954859294,止损,23,False
ETH,-1,2025-02-06 22:15:00,2025-02-06 22:30:00,2660.447804,0.013095880658590917,-0.013298499834722555,-0.0,-0.014298499834722554,-1.0918318674004346,止损,2,True
ETH,-1,2025-02-07 17:15:00,2025-02-07 23:15:00,2685.232846,0.012259926941043933,0.030872261598880478,-0.0,0.029872261598880477,2.4365774561733935,保本/跟踪,25,True
ETH,-1,2025-02-09 14:00:00,2025-02-09 14:15:00,2616.4865980000004,0.006073360448854282,-0.006274575120944165,-0.0,-0.007274575120944165,-1.1977841891989942,止损,2,False
ETH,-1,2025-02-09 22:00:00,2025-02-09 22:15:00,2550.23985,0.010718880105384987,-0.010921023881406068,-0.0,-0.011921023881406069,-1.1121519938838709,止损,2,False
ETH,1,2025-02-11 07:00:00,2025-02-11 09:30:00,2722.324356,0.007057875953899754,-0.0072564643787089945,4.26e-05,-0.008299064378708995,-1.1758586340871342,止损,11,False
ETH,1,2025-02-12 22:30:00,2025-02-12 22:45:00,2769.793848,0.01197247984013948,-0.012170085344171546,0.0,-0.013170085344171547,-1.1000298618183444,止损,2,True
ETH,1,2025-02-14 02:15:00,2025-02-14 12:00:00,2698.1995319999996,0.0074713597517683675,-0.007669865479817993,8.242e-05,-0.008752285479817993,-1.1714447932649004,止损,40,False
ETH,1,2025-02-14 15:00:00,2025-02-14 15:00:00,2720.053902,0.006917527682118996,-0.0071161441765824245,0.0,-0.008116144176582425,-1.1732723813396095,止损,1,False
ETH,1,2025-02-14 17:45:00,2025-02-14 19:45:00,2752.620414,0.009134809420115658,-0.009332982458231607,0.0,-0.010332982458231606,-1.1311656306126612,止损,9,False
ETH,1,2025-02-17 14:15:00,2025-02-17 15:30:00,2816.1131100000002,0.008675635827700453,-0.008873900700534962,0.0,-0.009873900700534961,-1.138118392315243,止损,6,False
ETH,1,2025-02-17 21:30:00,2025-02-17 22:45:00,2760.972084,0.009538259129116657,-0.009736351477290872,0.0,-0.010736351477290872,-1.1256091213245505,止损,6,False
ETH,-1,2025-02-18 16:45:00,2025-02-18 22:30:00,2636.0426860000002,0.010773186907079658,-0.010975341544461174,-0.0,-0.011975341544461175,-1.1115876525442545,止损,24,True
ETH,1,2025-02-20 04:30:00,2025-02-20 04:45:00,2752.3903680000003,0.0056970326807324065,-0.005895893274196243,0.0,-0.006895893274196243,-1.2104359691525786,止损,2,False
ETH,1,2025-02-20 14:15:00,2025-02-20 14:45:00,2759.011692,0.004851108816099967,-0.005050138594336737,0.0,-0.006050138594336737,-1.247166127104262,止损,3,False
ETH,1,2025-02-21 05:45:00,2025-02-21 09:30:00,2755.060902,0.004176400933621774,0.013440925379587172,6.624e-05,0.012374685379587172,2.9630022539181478,保本/跟踪,16,False
ETH,1,2025-02-21 13:15:00,2025-02-21 14:15:00,2837.6674199999998,0.007456938942010104,-0.0076554475542216435,0.0,-0.008655447554221644,-1.1607239406855687,止损,5,False
ETH,-1,2025-02-21 21:30:00,2025-02-21 22:15:00,2619.0860780000003,0.01427236943633189,-0.014475223910219083,-0.0,-0.015475223910219084,-1.0842785410826876,止损,4,True
ETH,1,2025-02-23 06:30:00,2025-02-23 08:45:00,2793.138516,0.005247397146735209,0.0050755085480813774,3.796e-05,0.004037548548081377,0.7694383396525328,保本/跟踪,10,False
ETH,-1,2025-02-24 10:30:00,2025-02-24 20:00:00,2674.3550219999997,0.00838331964887357,0.007375798193334746,-3.082e-05,0.006406618193334746,0.764210177074135,保本/跟踪,39,False
ETH,-1,2025-02-24 22:15:00,2025-02-24 23:00:00,2563.8671240000003,0.01398085411790979,0.007709140009466473,-0.0,0.006709140009466473,0.4798805532826434,保本/跟踪,4,True
ETH,-1,2025-02-25 07:15:00,2025-02-25 07:30:00,2423.155272,0.01501320366639616,0.023610611610860165,-0.0,0.022610611610860164,1.5060484166660026,保本/跟踪,2,True
ETH,-1,2025-02-26 13:00:00,2025-02-26 14:30:00,2431.4536120000002,0.007902146007592831,0.012736981721659277,-0.0,0.011736981721659278,1.4852904148293031,保本/跟踪,7,False
ETH,-1,2025-02-26 18:00:00,2025-02-26 18:45:00,2365.066892,0.013442601473181442,0.019312225267941872,-0.0,0.01831222526794187,1.3622530805867847,保本/跟踪,4,True
ETH,-1,2025-02-27 15:00:00,2025-02-27 15:30:00,2307.0385,0.011752971380761942,-0.011955321975037904,-0.0,-0.012955321975037903,-1.102301839707025,止损,3,True
ETH,-1,2025-02-27 20:15:00,2025-02-27 23:30:00,2273.8051480000004,0.01197017630377356,-0.012172570339034273,-0.0,-0.013172570339034274,-1.1004491500164175,止损,14,True
ETH,-1,2025-02-28 01:45:00,2025-02-28 03:00:00,2218.886134,0.014999457270734071,0.015223943727150503,-0.0,0.014223943727150502,0.9482972263872042,保本/跟踪,6,True
ETH,-1,2025-02-28 04:15:00,2025-02-28 13:30:00,2116.516612,0.02229846908053284,-0.022502928774348945,-1.219e-05,-0.023490738774348947,-1.0534686793748091,止损,38,True
ETH,-1,2025-03-01 11:15:00,2025-03-01 15:00:00,2179.554002,0.008303581359532915,0.005739864420999345,-0.0,0.004739864420999345,0.5708216991885977,保本/跟踪,16,False
ETH,-1,2025-03-02 14:30:00,2025-03-02 15:00:00,2192.171478,0.007874110543246323,-0.008075685365354966,-0.0,-0.009075685365354965,-1.1525981652796633,止损,3,False
ETH,1,2025-03-02 17:45:00,2025-03-03 02:00:00,2506.231146,0.026030120677835823,-0.026224914653700266,-7.88e-06,-0.02721703465370027,-1.0455977131475644,止损,34,True
ETH,-1,2025-03-03 20:00:00,2025-03-03 22:45:00,2107.858344,0.02347098316341736,-0.023675677360049864,-0.0,-0.024675677360049865,-1.0513269592604957,止损,12,True
ETH,-1,2025-03-04 01:45:00,2025-03-04 05:00:00,2049.949928,0.020978839698671998,-0.021183035466611665,-0.0,-0.022183035466611666,-1.057400494271182,止损,14,True
ETH,1,2025-03-05 23:45:00,2025-03-06 06:45:00,2246.09913,0.008853656458892812,0.019165418252305905,-1.037e-05,0.018175788252305904,2.0529132044704235,保本/跟踪,29,False
ETH,-1,2025-03-09 11:00:00,2025-03-09 11:45:00,2132.4134320000003,0.006699086733534573,-0.006900426550881208,-0.0,-0.007900426550881207,-1.179328894389875,止损,4,False
ETH,-1,2025-03-09 14:00:00,2025-03-09 14:30:00,2102.77936,0.0075961232738298344,-0.007797642498484675,-0.0,-0.008797642498484675,-1.1581753193493205,止损,3,False
ETH,-1,2025-03-09 17:00:00,2025-03-09 23:15:00,2047.6003980000003,0.012664836971312158,0.00998310343110221,-0.0,0.008983103431102209,0.7092948335182163,保本/跟踪,26,True
ETH,-1,2025-03-10 17:15:00,2025-03-10 19:30:00,1943.031316,0.019885256333256513,0.03556122707286895,-0.0,0.03456122707286895,1.738032766269552,保本/跟踪,10,True
ETH,-1,2025-03-11 00:30:00,2025-03-11 01:00:00,1830.8037660000002,0.021253281076722762,0.009473848518254552,-0.0,0.008473848518254553,0.398707780114731,保本/跟踪,3,True
ETH,-1,2025-03-12 03:45:00,2025-03-12 07:00:00,1877.5844080000002,0.010230287391491899,-0.01043233344897015,-0.0,-0.011432333448970149,-1.1174987575107558,止损,14,False
ETH,-1,2025-03-12 14:45:00,2025-03-12 17:15:00,1862.5374180000001,0.015479758644290383,-0.015682854596019164,3.413e-05,-0.016716984596019165,-1.0799254032416794,止损,11,True
ETH,-1,2025-03-13 05:45:00,2025-03-13 07:30:00,1865.0069240000003,0.008263654607563927,-0.008465307338485413,-0.0,-0.009465307338485413,-1.1454142008575217,止损,8,False
ETH,-1,2025-03-13 17:45:00,2025-03-13 19:00:00,1833.473232,0.01162956930609646,-0.011831895219957747,-0.0,-0.012831895219957746,-1.1033852486034028,止损,6,False
ETH,1,2025-03-15 17:30:00,2025-03-15 17:45:00,1945.108944,0.004686313396094792,-0.004885376133415566,0.0,-0.005885376133415566,-1.255864820803487,止损,2,False
ETH,-1,2025-03-16 19:30:00,2025-03-16 20:15:00,1877.0345180000002,0.00893502720359283,-0.00913681420903356,-0.0,-0.010136814209033559,-1.1345028927228653,止损,4,False
ETH,-1,2025-03-18 13:45:00,2025-03-18 14:30:00,1876.384648,0.006505804942209907,-0.006707106103198313,-0.0,-0.007707106103198313,-1.1846506576295146,止损,4,False
ETH,1,2025-03-19 10:45:00,2025-03-19 12:30:00,1969.3938,0.006132665134391496,0.018650850063901672,0.0,0.01765085006390167,2.878169552241996,保本/跟踪,8,False
ETH,1,2025-03-19 15:45:00,2025-03-19 17:30:00,2046.2291639999999,0.010087502760318905,-0.010285485259766785,6.676e-05,-0.011352245259766787,-1.1253771651417024,止损,8,False
ETH,1,2025-03-19 23:45:00,2025-03-20 00:30:00,2063.4025979999997,0.00946455947971427,-0.009662666567818293,-1.704e-05,-0.010645626567818294,-1.1247883845661755,止损,4,False
ETH,-1,2025-03-21 12:45:00,2025-03-21 16:45:00,1950.319858,0.006889500242323271,-0.007090878142371806,-2.613e-05,-0.008064748142371807,-1.1705853630469167,止损,17,False
ETH,1,2025-03-22 09:15:00,2025-03-22 13:30:00,1993.068534,0.0035441061399027625,-0.0037433973186748507,0.0,-0.00474339731867485,-1.3383903109642739,止损,18,False
ETH,1,2025-03-22 20:15:00,2025-03-22 20:45:00,2002.95051,0.003565496459154994,-0.003764783359863172,0.0,-0.004764783359863172,-1.3363590216528791,止损,3,False
ETH,1,2025-03-23 02:45:00,2025-03-23 05:15:00,1999.889898,0.003933466773107275,-0.0041326800797526235,0.0,-0.0051326800797526235,-1.3048743960020843,止损,11,False
ETH,1,2025-03-24 04:45:00,2025-03-24 12:00:00,2029.1857559999999,0.00660157808768807,0.02782556984863167,9.456e-05,0.02673100984863167,4.049184830288526,保本/跟踪,30,False
ETH,-1,2025-03-26 19:00:00,2025-03-26 20:00:00,1993.55121,0.00702356039814393,-0.007224965110223582,-0.0,-0.008224965110223581,-1.1710535175859154,止损,5,False
ETH,-1,2025-03-27 13:30:00,2025-03-27 14:30:00,2006.49862,0.005265885208661323,-0.005466938385702999,-0.0,-0.006466938385702999,-1.2280819139517483,止损,5,False
ETH,-1,2025-03-28 11:30:00,2025-03-29 09:45:00,1897.160492,0.010348256356518227,0.01294885831539029,-3.745e-05,0.01198630831539029,1.158292556971714,保本/跟踪,90,False
ETH,-1,2025-03-29 11:30:00,2025-03-29 17:30:00,1850.1898879999999,0.008682876832278726,0.017558424792342153,-3.469e-05,0.016593114792342153,1.9110157972824164,保本/跟踪,25,False
ETH,1,2025-04-01 08:30:00,2025-04-01 10:45:00,1884.07674,0.006360948916977068,-0.006559676727193551,0.0,-0.0075596767271935515,-1.1884510983914893,止损,10,False
ETH,1,2025-04-01 15:15:00,2025-04-02 01:00:00,1903.690662,0.010406968339727225,-0.010604886946059296,6.989999999999999e-05,-0.011674786946059295,-1.1218240091585885,止损,40,False
ETH,1,2025-04-02 15:45:00,2025-04-02 15:45:00,1914.28278,0.010300321055391751,-0.010498260991180668,0.0,-0.011498260991180669,-1.1163012229761373,止损,1,False
ETH,1,2025-04-02 20:15:00,2025-04-02 20:15:00,1933.496622,0.011684478832438219,-0.01188214193667171,0.0,-0.012882141936671709,-1.1025003443806634,止损,1,True
ETH,-1,2025-04-03 12:45:00,2025-04-03 13:30:00,1766.6466,0.010012480401095286,-0.010214482897175376,-0.0,-0.011214482897175377,-1.120050421866354,止损,4,False
ETH,-1,2025-04-04 11:30:00,2025-04-04 11:45:00,1766.04672,0.009541038829054965,-0.00974294703682082,-0.0,-0.01074294703682082,-1.1259724679146812,止损,2,False
ETH,-1,2025-04-05 12:45:00,2025-04-05 17:15:00,1795.7507779999999,0.004227415176925883,0.004639016264842285,7.82e-06,0.0036311962648422854,0.85896371964176,保本/跟踪,19,False
ETH,-1,2025-04-06 08:30:00,2025-04-06 08:45:00,1784.99293,0.00483169678544226,-0.005032663124799269,-0.0,-0.006032663124799269,-1.2485599557851974,止损,2,False
ETH,-1,2025-04-06 13:00:00,2025-04-06 14:00:00,1776.834562,0.004532227211157709,0.014062497593753581,-0.0,0.01306249759375358,2.8821365269586527,保本/跟踪,5,False
ETH,-1,2025-04-06 17:00:00,2025-04-06 17:45:00,1729.8939520000001,0.009696260831503937,0.017959621827875,-0.0,0.016959621827875,1.7490888624583834,保本/跟踪,4,False
ETH,-1,2025-04-06 18:30:00,2025-04-06 21:15:00,1623.835168,0.01792830806699897,0.016789987718510275,-0.0,0.015789987718510274,0.8807293839163357,保本/跟踪,12,True
ETH,-1,2025-04-07 03:45:00,2025-04-07 05:15:00,1526.8945600000002,0.02100015978323069,-0.021204359815187448,-0.0,-0.02220435981518745,-1.0573424223618695,止损,7,True
ETH,-1,2025-04-07 06:30:00,2025-04-07 07:15:00,1507.208498,0.02031024498569429,0.0303415834397703,-0.0,0.029341583439770298,1.4446691047024451,保本/跟踪,4,True
ETH,-1,2025-04-08 16:45:00,2025-04-08 23:15:00,1495.220896,0.015291387571477693,0.015872075548690214,-0.0,0.014872075548690213,0.9725785497995223,保本/跟踪,27,True
ETH,-1,2025-04-09 01:15:00,2025-04-09 02:00:00,1424.025138,0.016737178817649575,-0.016940526253413205,-0.0,-0.017940526253413205,-1.0718966708113726,止损,4,True
ETH,1,2025-04-12 06:15:00,2025-04-12 08:30:00,1575.01494,0.0065325423030728694,0.009732315634403445,-6e-06,0.008738315634403445,1.337659249492038,保本/跟踪,10,False
ETH,1,2025-04-12 13:15:00,2025-04-12 16:30:00,1619.4038159999998,0.0077616981587250635,0.016408322064305213,2.416e-05,0.015384162064305212,1.9820613672037222,保本/跟踪,14,False
ETH,1,2025-04-14 02:30:00,2025-04-14 06:00:00,1639.547844,0.012119290778456025,-0.012316866920300344,0.0,-0.013316866920300343,-1.0988156950547965,止损,15,False
ETH,1,2025-04-14 10:30:00,2025-04-14 15:30:00,1662.392412,0.009700667146041465,-0.00989872701261224,0.0,-0.010898727012612242,-1.1235028321799152,止损,21,False
ETH,-1,2025-04-16 05:30:00,2025-04-16 08:30:00,1565.346868,0.009877661268426029,-0.010079636800679683,2.96e-05,-0.011109236800679682,-1.1246829081080547,止损,13,False
ETH,-1,2025-04-16 18:00:00,2025-04-16 18:00:00,1544.720994,0.01469692939412092,-0.014899868779999858,-0.0,-0.015899868779999857,-1.0818497084404677,止损,1,True
ETH,-1,2025-04-17 14:45:00,2025-04-17 15:00:00,1573.195298,0.007260545426383571,-0.00746199753546881,-0.0,-0.00846199753546881,-1.165476839345894,止损,2,False
ETH,-1,2025-04-18 05:30:00,2025-04-18 07:15:00,1573.6652040000001,0.004933663488621986,-0.005134650221319796,-0.0,-0.006134650221319796,-1.2434269656752077,止损,8,False
ETH,1,2025-04-19 04:30:00,2025-04-19 04:45:00,1610.752086,0.004266667433354626,-0.004465814099867978,0.0,-0.005465814099867978,-1.2810499494615015,止损,2,False
ETH,1,2025-04-19 15:30:00,2025-04-19 15:30:00,1610.432022,0.003649320050320514,-0.0038485901863104734,0.0,-0.004848590186310474,-1.3286283799319356,止损,1,False
ETH,1,2025-04-19 17:45:00,2025-04-20 00:00:00,1618.8737099999998,0.005541659743189358,-0.0057405514112407,5.765e-05,-0.006798201411240701,-1.2267446444353822,止损,26,False
ETH,1,2025-04-21 06:00:00,2025-04-21 10:15:00,1647.869508,0.007292671717017317,-0.0074912131826738275,0.0001,-0.008591213182673828,-1.1780611435760078,止损,18,False
ETH,-1,2025-04-22 00:45:00,2025-04-22 01:15:00,1560.017934,0.008074369338170403,-0.008275984212038056,-0.0,-0.009275984212038055,-1.1488184183236694,止损,3,False
ETH,1,2025-04-22 13:45:00,2025-04-22 15:30:00,1645.639062,0.008350557872147432,0.029586859068917025,0.0,0.028586859068917024,3.423347219024256,保本/跟踪,8,False
ETH,1,2025-04-22 21:30:00,2025-04-22 22:00:00,1713.722676,0.011176598065800939,0.019477448471434317,0.0,0.018477448471434316,1.653226533033617,保本/跟踪,3,False
ETH,1,2025-04-23 02:30:00,2025-04-23 15:15:00,1790.818092,0.014545588992010776,-0.014742679874212294,9.616e-05,-0.015838839874212297,-1.0889101763367468,止损,52,True
ETH,1,2025-04-25 10:00:00,2025-04-25 10:30:00,1787.787486,0.006787074213043933,-0.006985716798201282,0.0,-0.007985716798201283,-1.1766066713774406,止损,3,False
ETH,1,2025-04-25 12:15:00,2025-04-25 12:15:00,1795.9991280000002,0.0077851444751468385,-0.007983587446251736,0.0,-0.008983587446251735,-1.1539397213411755,止损,1,False
ETH,1,2025-04-25 15:30:00,2025-04-25 16:15:00,1814.0027280000002,0.012189742645541473,-0.012387304697012342,-9.65e-06,-0.013377654697012343,-1.0974517744970902,止损,4,True
ETH,1,2025-04-27 00:15:00,2025-04-27 01:15:00,1832.646456,0.005745722939602761,0.0035862102920239955,0.0,0.0025862102920239955,0.4501105116291592,保本/跟踪,5,False
ETH,1,2025-04-28 10:45:00,2025-04-28 12:30:00,1819.743876,0.007561572959292505,-0.007760060644700602,0.0,-0.008760060644700602,-1.1584971396639454,止损,8,False
ETH,1,2025-04-29 07:00:00,2025-04-29 13:15:00,1820.734074,0.006300145539831789,-0.006498885510723761,5.79e-05,-0.007556785510723761,-1.199462054161613,止损,26,False
ETH,-1,2025-04-30 13:00:00,2025-04-30 14:15:00,1773.925144,0.006964633794940511,0.01025548842414616,-0.0,0.009255488424146158,1.3289267887810339,保本/跟踪,6,False
ETH,1,2025-05-01 10:30:00,2025-05-01 13:30:00,1841.478222,0.005680089714938569,-0.0058789536969956376,0.0,-0.006878953696995638,-1.2110642687392894,止损,13,False
ETH,1,2025-05-01 15:15:00,2025-05-01 15:45:00,1870.2839820000002,0.009024109112023771,-0.00922230429020146,0.0,-0.010222304290201462,-1.1327771155361153,止损,3,False
ETH,1,2025-05-02 16:15:00,2025-05-02 17:00:00,1861.2821820000001,0.007898440240530177,-0.008096860552481967,0.0,-0.009096860552481968,-1.1517287306678854,止损,4,False
ETH,1,2025-05-03 21:30:00,2025-05-03 21:45:00,1845.4490159999998,0.004044839313221859,-0.004244030345359172,0.0,-0.005244030345359172,-1.2964743316792269,止损,2,False
ETH,-1,2025-05-04 22:45:00,2025-05-05 02:15:00,1814.0871100000002,0.0048108800819718816,0.010103607816645273,-1.81e-06,0.009105417816645272,1.8926719563779164,保本/跟踪,15,False
ETH,-1,2025-05-06 08:30:00,2025-05-06 08:45:00,1793.19129,0.004407705286654662,-0.00460858682771199,-0.0,-0.00560858682771199,-1.2724505072272576,止损,2,False
ETH,-1,2025-05-06 11:00:00,2025-05-06 12:00:00,1783.8531580000001,0.004745140212093646,0.00724762582393756,-0.0,0.00624762582393756,1.3166367156052885,保本/跟踪,5,False
ETH,1,2025-05-07 07:30:00,2025-05-07 13:00:00,1834.526832,0.004807766455696235,-0.005006804902405078,8.548e-05,-0.006092284902405078,-1.2671757163218582,止损,23,False
ETH,1,2025-05-08 02:30:00,2025-05-08 05:15:00,1839.857898,0.0077106031181494415,0.028393207341889642,0.0,0.02739320734188964,3.5526672715666967,保本/跟踪,12,False
ETH,1,2025-05-08 07:45:00,2025-05-08 11:15:00,1931.816286,0.00862644525050105,0.007835122083404525,0.0001,0.006735122083404524,0.7807528927414601,保本/跟踪,15,False
ETH,1,2025-05-08 14:45:00,2025-05-08 15:45:00,1985.907102,0.00914905300935752,0.026134519182723165,0.0,0.025134519182723164,2.7472263147908245,保本/跟踪,5,False
ETH,1,2025-05-08 20:00:00,2025-05-08 21:30:00,2118.013518,0.013981613284627888,0.027760713682148934,0.0,0.026760713682148933,1.9139932665403536,保本/跟踪,7,True
ETH,1,2025-05-09 06:30:00,2025-05-09 08:30:00,2250.9501,0.011363944299603869,0.059563992135164036,0.0001,0.05846399213516403,5.144691895154925,保本/跟踪,9,True
ETH,1,2025-05-10 08:00:00,2025-05-10 08:45:00,2399.67984,0.009722152872964795,-0.00992020844239027,0.0,-0.010920208442390271,-1.123229451859064,止损,4,False
ETH,1,2025-05-10 14:00:00,2025-05-10 14:15:00,2437.4773979999995,0.011640057304898251,-0.011837729293437252,0.0,-0.012837729293437253,-1.102892275971443,止损,2,True
ETH,1,2025-05-10 17:15:00,2025-05-11 00:15:00,2477.415384,0.012469880764414725,0.0319189236261468,0.0001,0.030818923626146803,2.471468990633391,保本/跟踪,29,True
ETH,1,2025-05-13 12:45:00,2025-05-13 20:00:00,2535.0869159999997,0.009762216416864663,0.059132855903197994,0.0001,0.05803285590319799,5.94463935494645,保本/跟踪,30,False
ETH,-1,2025-05-15 14:45:00,2025-05-15 15:15:00,2491.521596,0.013380716782865698,-0.01358339292622214,-0.0,-0.014583392926222141,-1.089881294318739,止损,3,True
ETH,1,2025-05-16 11:15:00,2025-05-16 12:15:00,2629.655826,0.00875124519795238,-0.00894949494891268,0.0,-0.00994949494891268,-1.136923343347832,止损,5,False
ETH,-1,2025-05-17 00:30:00,2025-05-17 02:30:00,2498.7601480000003,0.009523247614152491,0.003911747313307967,-0.0,0.0029117473133079674,0.3057515073934255,保本/跟踪,9,False
ETH,-1,2025-05-17 13:45:00,2025-05-17 14:15:00,2459.228056,0.007110853184448577,-0.007312275355085295,-0.0,-0.008312275355085295,-1.1689561209425932,止损,3,False
ETH,-1,2025-05-18 19:45:00,2025-05-18 20:15:00,2430.773748,0.013461178133740634,0.02560215424060009,-0.0,0.02460215424060009,1.8276375214836835,保本/跟踪,3,True
ETH,-1,2025-05-19 04:45:00,2025-05-19 07:15:00,2377.2844480000003,0.014427011124495086,-0.014629896526720067,-0.0,-0.015629896526720068,-1.0833773116167247,止损,11,True
ETH,1,2025-05-20 00:15:00,2025-05-20 00:45:00,2542.8584699999997,0.009173615712928187,-0.009371780989785623,0.0,-0.010371780989785622,-1.1306099268109613,止损,3,False
ETH,1,2025-05-20 02:30:00,2025-05-20 06:15:00,2565.783054,0.010485594891197842,-0.010683497772219698,0.0,-0.011683497772219699,-1.1142427199841032,止损,16,False
ETH,1,2025-05-21 05:15:00,2025-05-21 07:00:00,2563.2725520000004,0.008424400302646894,0.007000034977693813,0.0,0.006000034977693813,0.7122210201488929,保本/跟踪,8,False
ETH,1,2025-05-22 03:30:00,2025-05-22 10:00:00,2608.911678,0.012126302883493178,0.01668577192439942,0.0001,0.01558577192439942,1.2852863790508988,保本/跟踪,27,True
ETH,1,2025-05-23 02:15:00,2025-05-23 04:30:00,2702.180328,0.008794038153381522,-0.008992279345750854,0.0,-0.009992279345750855,-1.1362560829814663,止损,10,False
ETH,-1,2025-05-23 20:45:00,2025-05-24 10:30:00,2541.301638,0.009325010857555245,-0.009526875859726652,-0.00014033,-0.010386545859726653,-1.1138374011984489,止损,56,False
ETH,-1,2025-05-25 00:45:00,2025-05-25 03:30:00,2494.291042,0.00818090381449465,-0.00838253999525762,-0.0,-0.009382539995257622,-1.1468830593795702,止损,12,False
ETH,-1,2025-05-25 08:15:00,2025-05-25 10:00:00,2481.75355,0.005611360481593477,-0.0058124827536897225,-0.0,-0.0068124827536897225,-1.2140518820767614,止损,8,False
ETH,1,2025-05-26 07:00:00,2025-05-26 08:30:00,2582.286354,0.005278994372346133,-0.005477938573471555,8.047e-05,-0.006558408573471555,-1.2423594553969595,止损,7,False
ETH,1,2025-05-26 22:15:00,2025-05-26 22:45:00,2575.46499,0.006619303132756449,-0.006817979272129933,0.0,-0.007817979272129932,-1.1810879658074103,止损,3,False
ETH,1,2025-05-27 06:15:00,2025-05-27 06:45:00,2599.2997560000003,0.007107665373898011,-0.007306243840823249,0.0,-0.00830624384082325,-1.168631808600172,止损,3,False
ETH,1,2025-05-27 08:15:00,2025-05-27 13:30:00,2625.7550459999998,0.009056733008367209,0.010435951290135755,0.0,0.009435951290135754,1.0418714211204192,保本/跟踪,22,False
ETH,1,2025-05-27 17:15:00,2025-05-27 20:30:00,2687.78745,0.009106643650307056,-0.009304822321577,0.0,-0.010304822321577,-1.1315719289432769,止损,14,False
ETH,1,2025-05-28 12:30:00,2025-05-28 13:45:00,2671.304154,0.006394179995026805,-0.006592901159027811,0.0,-0.007592901159027811,-1.1874706631551402,止损,6,False
ETH,1,2025-05-29 00:30:00,2025-05-29 03:30:00,2702.560404,0.008081341161978261,0.018740739725347823,0.0,0.017740739725347822,2.1952717215820403,保本/跟踪,13,False
ETH,-1,2025-05-30 01:00:00,2025-05-30 01:15:00,2571.725552,0.009860087977951444,-0.010062059995546997,-0.0,-0.011062059995546998,-1.1219027680364855,止损,2,False
ETH,-1,2025-05-30 16:45:00,2025-05-30 19:00:00,2550.7097559999997,0.01065819124169436,-0.01086032287994282,-0.0,-0.01186032287994282,-1.1127894603303585,止损,10,False
ETH,-1,2025-05-31 01:45:00,2025-05-31 04:15:00,2496.140672,0.011867421421768679,-0.012069794906053132,-0.0,-0.013069794906053131,-1.101317164154878,止损,11,True
ETH,-1,2025-06-01 09:30:00,2025-06-01 13:00:00,2492.771346,0.004773732790162326,0.003307030831532366,-0.0,0.002307030831532366,0.48327607198431344,保本/跟踪,15,False
ETH,-1,2025-06-02 09:15:00,2025-06-02 13:00:00,2480.9237160000002,0.006748026653483041,-0.006949376258813654,-0.0,-0.007949376258813654,-1.1780297658887473,止损,16,False
ETH,1,2025-06-02 23:15:00,2025-06-03 02:30:00,2593.028502,0.0071283814656213544,0.01192454920838296,3.263e-05,0.010891919208382958,1.5279652556351444,保本/跟踪,14,False
ETH,1,2025-06-04 03:30:00,2025-06-04 12:15:00,2633.616618,0.0065831805799098754,-0.0067818639437938755,7.623e-05,-0.007858093943793875,-1.1936622197140843,止损,36,False
ETH,1,2025-06-04 15:45:00,2025-06-04 17:15:00,2669.0036939999995,0.007979606198542034,-0.008178010277302339,7.897e-05,-0.009256980277302337,-1.1600798394028133,止损,7,False
ETH,-1,2025-06-05 19:30:00,2025-06-05 21:30:00,2538.4922,0.010496139113320086,0.03622200913695752,-0.0,0.03522200913695752,3.3557109673078895,保本/跟踪,9,False
ETH,1,2025-06-08 19:15:00,2025-06-08 22:00:00,2536.627224,0.004327761690156857,-0.004526896137818861,0.0,-0.005526896137818861,-1.2770795929889895,止损,12,False
ETH,1,2025-06-09 16:30:00,2025-06-10 02:00:00,2566.8532680000003,0.006841798936566553,0.05040556534437455,0.0001,0.049305565344374545,7.206520653633495,保本/跟踪,39,False
ETH,1,2025-06-10 11:30:00,2025-06-10 13:30:00,2760.0619020000004,0.008072759426939073,-0.008271144875053671,0.0,-0.00927114487505367,-1.1484480565735111,止损,9,False
ETH,1,2025-06-11 14:30:00,2025-06-11 18:00:00,2842.848456,0.009201996169981233,-0.009400155770747333,0.0001,-0.010500155770747331,-1.1410736949664202,止损,15,False
ETH,-1,2025-06-12 21:00:00,2025-06-13 03:00:00,2637.342426,0.012055664972530385,0.053271187604342365,1.372e-05,0.05225746760434236,4.334681473267082,保本/跟踪,25,True
ETH,-1,2025-06-14 10:00:00,2025-06-14 10:30:00,2521.435612,0.004459669979234888,-0.004660561913230777,-0.0,-0.005660561913230777,-1.2692782065909542,止损,3,False
ETH,-1,2025-06-14 15:45:00,2025-06-14 16:00:00,2510.227854,0.00489671756370322,-0.0050976969072158585,-4.4e-06,-0.006093296907215859,-1.2443635614972466,止损,2,False
ETH,-1,2025-06-15 09:15:00,2025-06-15 12:00:00,2512.877324,0.0042577163273001895,-0.004458567870565705,-0.0,-0.005458567870565705,-1.2820412284317149,止损,12,False
ETH,-1,2025-06-15 20:45:00,2025-06-15 21:15:00,2492.1114780000003,0.006477757232488446,-0.006679052783934972,-0.0,-0.007679052783934972,-1.1854493010978502,止损,3,False
ETH,1,2025-06-16 07:15:00,2025-06-16 10:45:00,2629.5258,0.007255194016080826,-0.0074537429772775195,9.06e-05,-0.00854434297727752,-1.1776863524723598,止损,15,False
ETH,1,2025-06-16 14:00:00,2025-06-16 21:00:00,2638.857666,0.006675604748816681,0.005594894470266035,3.96e-05,0.004555294470266035,0.6823792962088576,保本/跟踪,29,False
ETH,-1,2025-06-17 15:00:00,2025-06-17 18:45:00,2531.3536280000003,0.007989180032939221,0.018591643042492657,-5.558e-05,0.017647223042492655,2.208890395476573,保本/跟踪,16,False
ETH,-1,2025-06-18 13:15:00,2025-06-18 13:45:00,2481.463608,0.006735675569749962,-0.006937022704863869,-0.0,-0.007937022704863869,-1.1783558490419548,止损,3,False
ETH,-1,2025-06-19 15:00:00,2025-06-19 17:30:00,2495.140872,0.005269830305412133,-0.005470884271473096,-4.883e-05,-0.0064220542714730966,-1.2186453641358481,止损,11,False
ETH,-1,2025-06-20 17:30:00,2025-06-20 17:45:00,2415.7667500000002,0.01051203551869707,0.002556094457381021,-0.0,0.0015560944573810211,0.14802979447827183,保本/跟踪,2,True
ETH,-1,2025-06-21 19:00:00,2025-06-21 20:30:00,2386.252654,0.006281456917990797,-0.006482713209374221,-0.0,-0.007482713209374221,-1.1912384828976368,止损,7,False
ETH,-1,2025-06-22 09:30:00,2025-06-22 11:15:00,2255.078894,0.008918596546734242,-0.009120380266043625,-0.0,-0.010120380266043626,-1.1347503178344183,止损,8,False
ETH,-1,2025-06-22 13:30:00,2025-06-22 20:30:00,2194.3610400000002,0.013640222050682332,0.01837849389796264,-4.714e-05,0.01742563389796264,1.2775183448784801,保本/跟踪,29,True
ETH,1,2025-06-24 05:45:00,2025-06-24 07:30:00,2418.273558,0.008039231053694983,-0.008237623207484194,0.0,-0.009237623207484193,-1.1490680073485893,止损,8,False
ETH,1,2025-06-24 16:45:00,2025-06-24 17:15:00,2470.073916,0.010042295764555932,-0.010240287305402978,0.0,-0.011240287305402979,-1.1192945885018974,止损,3,False
ETH,1,2025-06-26 03:00:00,2025-06-26 04:45:00,2492.6984399999997,0.00851727099445677,-0.008715567540257898,0.0,-0.009715567540257899,-1.1406901983723432,止损,8,False
ETH,1,2025-06-27 04:30:00,2025-06-27 12:45:00,2448.399582,0.006166715388074338,-0.006365482044996737,5.06e-06,-0.007370542044996737,-1.1952135912175306,止损,34,False
ETH,1,2025-06-29 09:30:00,2025-06-29 12:00:00,2447.969496,0.0028186035270451534,0.001467557201503086,0.0,0.0004675572015030859,0.16588257164115713,保本/跟踪,11,False
ETH,1,2025-06-29 22:30:00,2025-06-29 23:15:00,2478.4955999999997,0.006091820586751774,0.008194867384730227,0.0,0.007194867384730227,1.1810701386014733,保本/跟踪,4,False
ETH,1,2025-06-30 19:30:00,2025-06-30 21:45:00,2509.1617319999996,0.008170126765332639,-0.008368492739979479,0.0,-0.00936849273997948,-1.1466765460398642,止损,10,False
ETH,-1,2025-07-01 14:45:00,2025-07-01 17:45:00,2415.3768280000004,0.007369617980715958,-0.007571091904311994,1.429e-05,-0.008585381904311993,-1.1649697347647217,止损,13,False
ETH,-1,2025-07-01 20:15:00,2025-07-01 20:30:00,2398.380228,0.006900289114797309,-0.0071016691726202286,-0.0,-0.00810166917262023,-1.174105756706139,止损,2,False
ETH,-1,2025-07-01 23:15:00,2025-07-01 23:45:00,2388.5321980000003,0.006538924556441718,-0.006740232341352959,-0.0,-0.007740232341352959,-1.1837164161387657,止损,3,False
ETH,1,2025-07-02 16:15:00,2025-07-02 17:30:00,2534.80686,0.007907961805405716,0.009388757157806151,0.0,0.00838875715780615,1.0607988966350057,保本/跟踪,6,False
ETH,1,2025-07-02 20:00:00,2025-07-02 23:15:00,2604.160728,0.008276133062714765,-0.008474477836102222,0.0,-0.00947447783610222,-1.1447952521191547,止损,14,False
ETH,1,2025-07-03 05:45:00,2025-07-03 12:30:00,2587.097316,0.006131747856684482,-0.006330521507113103,9.82e-05,-0.0074287215071131025,-1.2115177728671171,止损,28,False
ETH,1,2025-07-03 13:45:00,2025-07-03 14:30:00,2621.6442239999997,0.008667750171553924,-0.008866016621519679,0.0,-0.009866016621519678,-1.1382442301923121,止损,4,False
ETH,-1,2025-07-05 16:45:00,2025-07-05 17:00:00,2496.35063,0.0037407887423161063,-0.003941536900064723,-0.0,-0.004941536900064723,-1.320987962823363,止损,2,False
ETH,-1,2025-07-05 19:15:00,2025-07-05 19:15:00,2487.5723860000003,0.00395881125859597,-0.004159603020847737,-0.0,-0.005159603020847737,-1.3033212961705176,止损,1,False
ETH,1,2025-07-06 21:30:00,2025-07-06 21:45:00,2564.822862,0.004846472987356429,0.00789085414083552,0.0,0.0068908541408355195,1.421828649166623,保本/跟踪,2,False
ETH,1,2025-07-08 10:45:00,2025-07-08 12:15:00,2563.86267,0.003786229147917344,0.0026748189899834683,0.0,0.0016748189899834683,0.4423448567302696,保本/跟踪,7,False
ETH,1,2025-07-08 14:00:00,2025-07-08 14:00:00,2587.407378,0.004620870281228945,-0.004819946107172759,0.0,-0.005819946107172759,-1.2594913410174573,止损,1,False
ETH,1,2025-07-08 17:15:00,2025-07-09 03:15:00,2613.482592,0.0073971973151673665,-0.007595717875704342,4.903e-05,-0.008644747875704342,-1.1686517889659334,止损,41,False
ETH,1,2025-07-09 12:30:00,2025-07-09 14:00:00,2662.472388,0.005564086042868948,-0.005762973225660276,0.0,-0.006762973225660276,-1.2154688431405276,止损,7,False
ETH,1,2025-07-09 18:15:00,2025-07-09 20:00:00,2713.5626039999997,0.007635971893638023,0.017363624148570404,0.0,0.016363624148570403,2.142965476628312,保本/跟踪,8,False
ETH,1,2025-07-10 02:15:00,2025-07-10 04:00:00,2785.9670819999997,0.006696422363203592,-0.006895083078730953,0.0,-0.007895083078730953,-1.1790001661355658,止损,8,False
ETH,1,2025-07-10 07:15:00,2025-07-10 07:30:00,2816.903268,0.006033178744657509,-0.006231972108908561,0.0,-0.007231972108908561,-1.1987001239292976,止损,2,False
ETH,1,2025-07-10 17:15:00,2025-07-10 18:30:00,2818.5636,0.008128755320454078,-0.008327129569389916,0.0,-0.009327129569389917,-1.1474240768350372,止损,6,False
ETH,1,2025-07-10 21:30:00,2025-07-10 21:45:00,2905.751034,0.010506349190990711,0.00987944544703918,0.0,0.00887944544703918,0.845150421485456,保本/跟踪,2,True
ETH,1,2025-07-11 05:15:00,2025-07-11 07:45:00,2988.5875979999996,0.007914947434128546,-0.00811336444464172,0.0,-0.009113364444641722,-1.1514118723449391,止损,11,False
ETH,1,2025-07-13 12:45:00,2025-07-13 14:30:00,2973.264534,0.003537508444544046,0.008176714650860829,0.0,0.007176714650860829,2.0287484152665662,保本/跟踪,8,False
ETH,1,2025-07-14 02:30:00,2025-07-14 05:30:00,3002.6004,0.006666601388087215,0.010069715701795044,0.0,0.009069715701795045,1.360470676708231,保本/跟踪,13,False
ETH,1,2025-07-15 13:30:00,2025-07-15 14:30:00,3030.616002,0.00793205640455379,-0.0081304699932728,0.0,-0.0091304699932728,-1.1510848546199195,止损,5,False
ETH,1,2025-07-15 17:30:00,2025-07-15 19:45:00,3075.21492,0.011540290443857685,-0.011737982385768916,0.0,-0.012737982385768915,-1.1037835180784987,止损,10,True
ETH,1,2025-07-16 07:00:00,2025-07-16 15:15:00,3164.622798,0.007372576420476376,0.019249361502316886,0.0001,0.018149361502316885,2.461739352325923,保本/跟踪,34,False
ETH,1,2025-07-16 18:00:00,2025-07-16 20:45:00,3316.7932260000002,0.010675645850944201,0.015718566348855764,0.0,0.014718566348855763,1.3787050033655797,保本/跟踪,12,True
ETH,1,2025-07-17 06:30:00,2025-07-17 13:30:00,3425.294922,0.009555914587569337,-0.009754003404651771,0.0001,-0.010854003404651771,-1.1358414001283594,止损,29,False
ETH,1,2025-07-17 21:15:00,2025-07-17 21:30:00,3485.256912,0.011454974227003046,-0.011652683232157627,0.0,-0.012652683232157628,-1.1045579834069987,止损,2,True
ETH,1,2025-07-18 01:45:00,2025-07-18 14:30:00,3604.730802,0.013072910060311476,-0.013270295478299318,0.0001,-0.014370295478299318,-1.0992422813285179,止损,52,True
ETH,1,2025-07-20 03:30:00,2025-07-20 03:45:00,3637.257306,0.006823865621318767,0.004908434269494671,0.0,0.003908434269494671,0.572759559813743,保本/跟踪,2,False
ETH,1,2025-07-20 08:45:00,2025-07-20 12:15:00,3704.210694,0.00688763546584611,0.007825516992651646,0.0,0.006825516992651646,0.9909811613139963,保本/跟踪,15,False
ETH,1,2025-07-20 15:45:00,2025-07-20 17:45:00,3770.944038,0.007675356087045869,-0.007873821015828442,0.0001,-0.008973821015828443,-1.1691732493003244,止损,9,False
ETH,-1,2025-07-23 09:30:00,2025-07-23 12:00:00,3654.2789980000002,0.0070420186004259,-0.007243427004146046,-0.0,-0.008243427004146046,-1.1706056845188517,止损,11,False
ETH,-1,2025-07-23 13:45:00,2025-07-23 15:45:00,3613.397176,0.008980130586621608,-0.009181926612738889,-0.0,-0.010181926612738888,-1.1338283463168886,止损,9,False
ETH,-1,2025-07-23 17:00:00,2025-07-23 19:00:00,3569.8758820000003,0.01053374654078105,-0.010735853290089145,-0.0,-0.011735853290089145,-1.1141195817323093,止损,9,True
ETH,-1,2025-07-24 06:00:00,2025-07-24 07:45:00,3554.308996,0.008608808697217528,-0.008810530458956916,-0.0,-0.009810530458956915,-1.139592108967156,止损,8,False
ETH,1,2025-07-26 02:30:00,2025-07-26 14:15:00,3745.9490399999995,0.006314673425346659,-0.006513410490661564,0.0001,-0.0076134104906615645,-1.2056697120870679,止损,48,False
ETH,1,2025-07-27 05:00:00,2025-07-27 06:00:00,3790.127874,0.004891327580554468,-0.005090349315038277,0.0,-0.006090349315038277,-1.245132168054034,止损,5,False
ETH,1,2025-07-27 18:30:00,2025-07-27 19:30:00,3860.782002,0.00668027618486171,-0.006878940129624675,0.0,-0.007878940129624675,-1.1794332916173853,止损,5,False
ETH,1,2025-07-28 00:15:00,2025-07-28 00:45:00,3881.37612,0.006844504989357603,-0.007043136088359666,0.0,-0.008043136088359666,-1.1751231244430083,止损,3,False
ETH,1,2025-07-28 05:15:00,2025-07-28 07:00:00,3921.4241279999997,0.006789432606878514,-0.0069880747203571805,0.0,-0.007988074720357181,-1.1765452553817675,止损,8,False
ETH,-1,2025-07-30 11:00:00,2025-07-30 14:45:00,3771.0656360000003,0.006847134996258626,-0.007048504423257832,-0.0,-0.008048504423257833,-1.1754557822586604,止损,16,False
ETH,-1,2025-07-30 19:00:00,2025-07-30 20:00:00,3735.642722,0.009961409897729537,-0.010163402179709041,-0.0,-0.011163402179709042,-1.1206648751853359,止损,5,True
ETH,1,2025-07-31 03:00:00,2025-07-31 11:15:00,3861.762198,0.0065191688598558424,-0.006717865026083886,0.0001,-0.007817865026083885,-1.1992119231985594,止损,34,False
ETH,-1,2025-07-31 20:00:00,2025-08-01 01:00:00,3735.45276,0.008185934727794181,0.014645281714123406,3.749e-05,0.013607791714123406,1.6623381649892806,保本/跟踪,21,False
ETH,-1,2025-08-01 06:45:00,2025-08-01 09:00:00,3645.0508440000003,0.008428598156237886,0.003463715043945939,-1.113e-05,0.0024748450439459387,0.29362475207272054,保本/跟踪,10,False
ETH,-1,2025-08-01 14:00:00,2025-08-01 14:15:00,3597.510354,0.010017253077999826,-0.010219256528615446,-0.0,-0.011219256528615447,-1.1199933196512222,止损,2,True
ETH,-1,2025-08-01 19:30:00,2025-08-01 23:15:00,3531.523554,0.011867925541028538,0.012449989802770043,-0.0,0.011449989802770042,0.9647844320548142,保本/跟踪,16,True
ETH,-1,2025-08-02 06:30:00,2025-08-02 07:15:00,3464.3269960000002,0.006771149758080802,-0.00697250398803236,-0.0,-0.00797250398803236,-1.1774224870034578,止损,4,False
ETH,-1,2025-08-02 18:00:00,2025-08-03 00:45:00,3422.16543,0.008877486659184105,0.004484167593763725,-6.733e-05,0.0035514975937637246,0.4000566523059274,保本/跟踪,28,False
ETH,1,2025-08-04 13:45:00,2025-08-04 14:45:00,3605.7109979999996,0.006061118470279048,0.006076236517320758,0.0,0.005076236517320758,0.8375082160515916,保本/跟踪,5,False
ETH,1,2025-08-04 16:15:00,2025-08-05 00:00:00,3665.7329999999997,0.007573114870189571,0.010042960274382473,1.47e-06,0.009041490274382474,1.1938931904985282,保本/跟踪,32,False
ETH,1,2025-08-06 16:00:00,2025-08-07 14:15:00,3663.392532,0.008066631736943285,0.04445060161529224,0.00010512,0.04334548161529224,5.373430079469238,保本/跟踪,90,False
ETH,1,2025-08-07 19:45:00,2025-08-07 23:30:00,3850.379922,0.006645549984457953,0.010058385943535579,0.0,0.009058385943535578,1.3630754361520958,保本/跟踪,16,False
ETH,1,2025-08-08 03:30:00,2025-08-08 04:15:00,3951.6001619999997,0.00836787203359339,-0.008566198459186592,0.0,-0.009566198459186593,-1.1432056346921224,止损,4,False
ETH,1,2025-08-08 17:45:00,2025-08-09 05:15:00,4019.223684,0.008969378623379891,0.03431874631638441,0.0001,0.033218746316384405,3.7035727569572408,保本/跟踪,47,False
ETH,1,2025-08-09 19:45:00,2025-08-09 22:30:00,4262.4223139999995,0.006905533653635584,0.0038849316196066332,0.0,0.0028849316196066332,0.4177709883562426,保本/跟踪,12,False
ETH,1,2025-08-11 01:30:00,2025-08-11 08:00:00,4291.518132,0.006820006206591251,-0.00701864220534983,9.354e-05,-0.00811218220534983,-1.1894684490916951,止损,27,False
ETH,1,2025-08-11 16:00:00,2025-08-11 17:15:00,4329.745776,0.010085973263029858,-0.01028395606837738,0.0,-0.011283956068377381,-1.118777114920454,止损,6,True
ETH,1,2025-08-12 02:45:00,2025-08-12 05:30:00,4302.630354,0.007911286269679846,-0.008109704012425863,0.0,-0.009109704012425862,-1.1514820348922241,止损,12,False
ETH,1,2025-08-12 15:45:00,2025-08-12 21:30:00,4443.428508,0.010313006755771424,0.03024070897986985,0.0001,0.02914070897986985,2.8256268680869385,保本/跟踪,24,True
ETH,1,2025-08-13 04:15:00,2025-08-13 05:45:00,4664.692752,0.008710133193594682,-0.008908391166955841,0.0,-0.00990839116695584,-1.1375705682942188,止损,7,False
ETH,1,2025-08-13 10:00:00,2025-08-13 11:30:00,4707.74136,0.007896388620882733,-0.008094809343158586,0.0,-0.009094809343158587,-1.1517682044050517,止损,7,False
ETH,1,2025-08-13 12:45:00,2025-08-13 12:45:00,4721.324076,0.006891521986652997,-0.007090143682255496,0.0,-0.008090143682255496,-1.1739269928941536,止损,1,False
ETH,1,2025-08-13 18:15:00,2025-08-13 18:30:00,4743.368484,0.01023645730059151,-0.010434410009131334,0.0,-0.011434410009131334,-1.11702805700861,止损,2,True
ETH,1,2025-08-15 06:45:00,2025-08-15 07:45:00,4658.841582,0.0066270321692678226,-0.006825706762834006,0.0,-0.007825706762834006,-1.180876531598098,止损,5,False
ETH,-1,2025-08-15 15:00:00,2025-08-15 17:30:00,4490.8516500000005,0.010379392133150075,0.010129194435417415,-6.474e-05,0.009193934435417415,0.8857873676487755,保本/跟踪,11,True
ETH,-1,2025-08-16 06:15:00,2025-08-16 07:15:00,4412.697284,0.0065320849330436515,-0.006733391350030284,-0.0,-0.007733391350030284,-1.183908572729914,止损,5,False
ETH,-1,2025-08-18 02:15:00,2025-08-18 04:30:00,4374.045016,0.00953995741465955,0.008517273729898833,-0.0,0.007517273729898833,0.7879777029557212,保本/跟踪,10,True
ETH,-1,2025-08-18 06:45:00,2025-08-18 09:30:00,4244.9708359999995,0.011043720217026837,-0.011245928961070207,-9.191e-05,-0.012154018961070205,-1.1005366599501087,止损,12,True
ETH,-1,2025-08-19 03:45:00,2025-08-19 08:45:00,4224.384954,0.00939532455553864,-0.009597203620449657,-0.0001,-0.010497203620449657,-1.1172795105051958,止损,21,True
ETH,-1,2025-08-19 14:45:00,2025-08-20 01:00:00,4199.169998,0.010274300626875267,0.019572761742711813,-0.0002,0.01877276174271181,1.8271571393975445,保本/跟踪,42,True
ETH,1,2025-08-22 14:15:00,2025-08-22 22:00:00,4594.458708,0.015359424210170954,0.04704509958378533,6.004e-05,0.045985059583785334,2.9939312147739368,保本/跟踪,32,True
ETH,1,2025-08-23 14:30:00,2025-08-23 14:30:00,4748.459502,0.00642515394899237,-0.006623868918202387,0.0,-0.007623868918202387,-1.1865659529291133,止损,1,False
ETH,1,2025-08-24 00:45:00,2025-08-24 01:00:00,4812.21225,0.004605672199783883,-0.004804751065343974,0.0,-0.005804751065343974,-1.2603482865359712,止损,2,False
ETH,1,2025-08-24 15:00:00,2025-08-24 19:30:00,4793.868582,0.004915071592046713,0.021941224562719432,0.0001,0.020841224562719432,4.24026876769069,保本/跟踪,19,False
ETH,-1,2025-08-25 10:30:00,2025-08-25 11:30:00,4550.279762,0.010272754393956434,-0.01047480894483511,-0.0,-0.011474808944835109,-1.1170138508894807,止损,5,True
ETH,-1,2025-08-25 17:15:00,2025-08-25 22:30:00,4580.093798,0.010369447370059865,0.03742584559479456,-0.0,0.03642584559479456,3.5128049060713122,保本/跟踪,22,True
ETH,-1,2025-08-26 01:00:00,2025-08-26 01:15:00,4328.924042,0.012567203809510753,-0.012769717250272636,-0.0,-0.013769717250272637,-1.0956866347509884,止损,2,True
ETH,-1,2025-08-28 16:00:00,2025-08-28 21:00:00,4501.139592,0.008114886881331215,0.006610804530887955,-0.0,0.005610804530887955,0.6914211637128237,保本/跟踪,21,False
ETH,-1,2025-08-29 01:30:00,2025-08-29 02:00:00,4447.100402,0.0070444546298162065,-0.0072458635207421985,-0.0,-0.008245863520742198,-1.170546756854808,止损,3,False
ETH,-1,2025-08-29 07:15:00,2025-08-29 12:00:00,4390.991626,0.007669095844135436,0.007854310531682824,-4.981e-05,0.006904120531682824,0.9002522164281479,保本/跟踪,20,False
ETH,-1,2025-08-29 14:15:00,2025-08-29 15:15:00,4285.19279,0.011115713916700683,-0.011317937059484126,-0.0,-0.012317937059484127,-1.108155279255359,止损,5,True
ETH,1,2025-08-31 13:00:00,2025-08-31 13:30:00,4488.537528,0.005232407708175352,-0.005431361226633742,0.0,-0.006431361226633742,-1.2291399266508019,止损,3,False
ETH,-1,2025-09-01 17:15:00,2025-09-01 19:15:00,4323.3951480000005,0.007719389373403224,-0.007920933251277832,-0.0,-0.00892093325127783,-1.1556527103056191,止损,9,False
ETH,-1,2025-09-01 20:45:00,2025-09-01 23:00:00,4267.966236,0.007754696390318771,-0.007956247329596829,-0.0,-0.00895624732959683,-1.1549449364359532,止损,10,False
ETH,-1,2025-09-02 12:45:00,2025-09-02 13:30:00,4299.409946000001,0.007032610858210775,-0.0072340173803824015,-0.0,-0.008234017380382402,-1.1708336415015699,止损,4,False
ETH,-1,2025-09-04 16:30:00,2025-09-04 21:45:00,4286.652498,0.008136046237517432,-0.008337673446764851,-0.0,-0.009337673446764852,-1.1476917871614842,止损,22,False
ETH,1,2025-09-08 13:15:00,2025-09-08 13:15:00,4358.431512,0.004997447778559973,-0.005196448289004151,0.0,-0.006196448289004151,-1.2399225691938442,止损,1,False
ETH,1,2025-09-08 15:30:00,2025-09-08 16:15:00,4380.275879999999,0.0064356475338484325,-0.006634360404341543,9.082e-05,-0.007725180404341543,-1.200373445517453,止损,4,False
ETH,1,2025-09-09 06:45:00,2025-09-09 12:00:00,4360.32189,0.004701424842814647,-0.004900484557846088,0.0001,-0.006000484557846088,-1.2763119178682267,止损,22,False
ETH,1,2025-09-10 14:00:00,2025-09-10 16:00:00,4417.613345999999,0.0066012895291955795,-0.006799969271289589,0.0001,-0.00789996927128959,-1.196731219915492,止损,9,False
ETH,1,2025-09-11 03:30:00,2025-09-11 09:00:00,4393.648554,0.00469503850608972,0.006765967896119985,0.0001,0.005665967896119985,1.206799025986883,保本/跟踪,23,False
ETH,1,2025-09-11 12:15:00,2025-09-11 12:30:00,4453.470515999999,0.004864174151926009,-0.0050632013170957045,0.0,-0.0060632013170957046,-1.2465016933439628,止损,2,False
ETH,1,2025-09-12 00:45:00,2025-09-12 06:45:00,4508.20146,0.005407990956281036,0.005060122377089505,0.0,0.004060122377089505,0.7507635293609233,保本/跟踪,25,False
ETH,1,2025-09-12 17:30:00,2025-09-12 21:30:00,4588.907598,0.00601534762301485,0.013863126130322836,0.0,0.012863126130322835,2.1383845018545955,保本/跟踪,17,False
ETH,1,2025-09-12 22:30:00,2025-09-12 23:00:00,4714.552721999999,0.007309095319989847,-0.007507633500925743,0.0,-0.008507633500925742,-1.1639790053986545,止损,3,False
ETH,1,2025-09-13 03:45:00,2025-09-13 05:15:00,4746.19905,0.005902540184017112,-0.006101359675980204,0.0,-0.007101359675980204,-1.203102300804195,止损,7,False
ETH,1,2025-09-15 06:15:00,2025-09-15 06:30:00,4664.63274,0.004293978894386104,-0.004493120098607186,0.0,-0.005493120098607186,-1.2792610848154902,止损,2,False
ETH,-1,2025-09-15 09:00:00,2025-09-15 13:30:00,4507.368346,0.007110836017495525,-0.007312258184699006,-0.0,-0.008312258184699006,-1.168956528352995,止损,19,False
ETH,-1,2025-09-16 13:45:00,2025-09-16 13:45:00,4452.05941,0.004793776977303397,-0.004994735732698924,-0.0,-0.005994735732698924,-1.2505245365150661,止损,1,False
ETH,-1,2025-09-17 18:00:00,2025-09-17 18:00:00,4425.1148,0.007680467843053536,-0.007882003936622195,-0.0,-0.008882003936622196,-1.1564404822885064,止损,1,False
ETH,1,2025-09-18 01:45:00,2025-09-18 04:30:00,4630.555926,0.007540126320166137,-0.007738618294901982,0.0,-0.008738618294901981,-1.1589485273649152,止损,12,False
ETH,-1,2025-09-19 15:00:00,2025-09-19 16:00:00,4492.261368,0.004966761071917598,0.003206506605528548,4.324e-05,0.002163266605528548,0.4355487558601929,保本/跟踪,5,False
ETH,-1,2025-09-21 22:15:00,2025-09-22 03:00:00,4454.228976,0.003451490254179419,0.03393827918543395,2.051e-05,0.032917769185433945,9.537262678222467,保本/跟踪,20,False
ETH,-1,2025-09-22 06:00:00,2025-09-22 06:15:00,4216.85646,0.007838818718323468,0.015055279353758225,-0.0,0.014055279353758224,1.7930353869395652,保本/跟踪,2,False
ETH,-1,2025-09-22 17:15:00,2025-09-22 20:45:00,4151.509532,0.00695297066711622,-0.007154361261249691,-0.0,-0.008154361261249691,-1.1727881004612024,止损,15,False
ETH,-1,2025-09-23 03:15:00,2025-09-23 03:15:00,4135.132808,0.006272867709779008,-0.006474122283320983,-0.0,-0.007474122283320983,-1.191500064901623,止损,1,False
ETH,-1,2025-09-24 04:15:00,2025-09-24 04:15:00,4096.98044,0.007563456847593779,-0.007764969538963182,-0.0,-0.008764969538963182,-1.1588576117482114,止损,1,False
ETH,-1,2025-09-25 01:30:00,2025-09-25 02:30:00,4106.388558000001,0.005631146118984608,0.0020842142858414742,-0.0,0.0010842142858414742,0.19253883009467646,保本/跟踪,5,False
ETH,-1,2025-09-25 03:30:00,2025-09-25 05:15:00,4034.1630059999998,0.008833573251977133,0.002739734230536038,-0.0,0.001739734230536038,0.19694569580284516,保本/跟踪,8,False
ETH,-1,2025-09-25 12:30:00,2025-09-25 12:30:00,3939.391964,0.009166019927755974,-0.009367853131741549,-0.0,-0.010367853131741548,-1.131118327633814,止损,1,True
ETH,-1,2025-09-25 17:15:00,2025-09-25 19:15:00,3896.5205400000004,0.010715735931620804,-0.010917879078807122,-0.0,-0.011917879078807123,-1.1121848424464198,止损,9,True
ETH,-1,2025-09-27 09:15:00,2025-09-27 09:30:00,3974.264988,0.003542305807430814,-0.0037430142685921817,-0.0,-0.004743014268592182,-1.3389623952405807,止损,2,False
ETH,-1,2025-09-28 12:45:00,2025-09-28 13:00:00,3968.946052,0.0035612870672363213,-0.003761999324649767,-0.0,-0.0047619993246497665,-1.3371568297484198,止损,2,False
ETH,1,2025-09-28 20:45:00,2025-09-29 01:45:00,4055.821002,0.0040908965053052205,0.01404521361997953,3.512e-05,0.01301009361997953,3.1802548910996835,保本/跟踪,21,False
ETH,1,2025-09-29 08:45:00,2025-09-29 11:00:00,4125.754986,0.004302826431757902,-0.00450196586647152,0.0,-0.00550196586647152,-1.2786864526682091,止损,10,False
ETH,1,2025-09-29 13:45:00,2025-09-29 15:30:00,4147.049244,0.006016964751441874,0.0038661535764285423,0.0,0.0028661535764285422,0.4763454158081468,保本/跟踪,8,False
ETH,1,2025-09-29 20:45:00,2025-09-30 00:15:00,4229.99583,0.00634277158317502,-0.006541503028858488,9.16e-06,-0.0075506630288584885,-1.1904359048475825,止损,15,False
ETH,1,2025-10-01 09:00:00,2025-10-02 00:30:00,4290.847997999999,0.007930484385687829,0.012016663453810382,7.43e-06,0.011009233453810382,1.3882170266520897,保本/跟踪,63,False
ETH,1,2025-10-02 02:00:00,2025-10-02 02:00:00,4391.738171999999,0.0063545711422542004,-0.006553300228025719,0.0,-0.007553300228025719,-1.188640438345346,止损,1,False
ETH,1,2025-10-02 06:30:00,2025-10-02 07:45:00,4400.910006,0.00606585820136729,-0.006264645029727013,0.0,-0.007264645029727013,-1.1976285611308068,止损,6,False
ETH,1,2025-10-02 18:30:00,2025-10-03 03:30:00,4484.2666739999995,0.007650873056391343,0.007800300574196745,1.312e-05,0.006787180574196745,0.8871119052912411,保本/跟踪,37,False
ETH,1,2025-10-05 08:00:00,2025-10-05 09:15:00,4605.8309819999995,0.00613880761763203,-0.006337579856108587,0.0,-0.007337579856108587,-1.1952777010039237,止损,6,False
ETH,1,2025-10-06 11:30:00,2025-10-06 20:30:00,4587.577332,0.004906405623632018,0.021962163529643572,0.0001,0.02086216352964357,4.252025847426804,保本/跟踪,37,False
ETH,1,2025-10-07 05:45:00,2025-10-07 06:00:00,4722.9444,0.00479355473046871,-0.004992596019522583,0.0,-0.005992596019522583,-1.2501361424816009,止损,2,False
ETH,1,2025-10-07 13:30:00,2025-10-07 13:30:00,4752.80037,0.005424777276757393,-0.0056236923213019855,0.0,-0.0066236923213019855,-1.221007238339789,止损,1,False
ETH,-1,2025-10-08 00:00:00,2025-10-08 00:45:00,4444.880846000001,0.007395120593643124,-0.007596599617761807,-0.0,-0.008596599617761807,-1.162469159076524,止损,4,False
ETH,-1,2025-10-08 13:45:00,2025-10-08 14:00:00,4453.629096000001,0.005496074406643211,-0.005697173621524663,-0.0,-0.006697173621524663,-1.2185376554272374,止损,2,False
ETH,-1,2025-10-09 02:30:00,2025-10-09 11:00:00,4445.1108,0.005839078433219897,0.019066801589428466,2.26e-06,0.018064541589428464,3.0937316215269552,保本/跟踪,35,False
ETH,-1,2025-10-09 14:45:00,2025-10-09 15:00:00,4316.166594,0.008834973172545831,-0.009036740167180349,-0.0,-0.010036740167180348,-1.1360238419703343,止损,2,False
ETH,-1,2025-10-09 17:00:00,2025-10-09 17:15:00,4274.574914000001,0.009722778157645112,-0.009924722713276497,-0.0,-0.010924722713276498,-1.123621513948283,止损,2,True
ETH,-1,2025-10-10 15:30:00,2025-10-10 15:45:00,4158.508132,0.01034811828340066,0.005172744002704175,-0.0,0.004172744002704175,0.4032369836163975,保本/跟踪,2,True
ETH,-1,2025-10-10 19:00:00,2025-10-10 19:30:00,4051.03963,0.01118444795568725,0.007663399255494064,-0.0,0.006663399255494064,0.5957736387074652,保本/跟踪,3,True
ETH,-1,2025-10-10 21:00:00,2025-10-10 21:15:00,3863.9870480000004,0.0178585947893226,0.03227010044170334,-0.0,0.031270100441703336,1.7509832554350406,保本/跟踪,2,True
ETH,-1,2025-10-11 20:30:00,2025-10-11 22:30:00,3717.4763559999997,0.010464978534438087,-0.010667071530145017,-0.0,-0.011667071530145016,-1.1148681759595673,止损,9,True
ETH,1,2025-10-13 18:00:00,2025-10-14 02:15:00,4234.44672,0.012509277995908391,-0.012706776140309264,5.602e-05,-0.013762796140309265,-1.1002070738863492,止损,34,True
ETH,-1,2025-10-15 17:15:00,2025-10-15 17:45:00,3935.342774,0.012072630584476123,-0.012275045110592981,-0.0,-0.013275045110592982,-1.0995983864248287,止损,3,True
ETH,-1,2025-10-16 20:45:00,2025-10-16 23:15:00,3844.33098,0.013354975966964994,-0.013557646962158327,-0.0,-0.014557646962158326,-1.0900541489680153,止损,11,True
ETH,-1,2025-10-17 07:00:00,2025-10-17 09:30:00,3817.976252,0.00818689151458416,0.017411730580559337,-5.63e-05,0.016468030580559335,2.0115120068738084,保本/跟踪,11,False
ETH,-1,2025-10-17 10:30:00,2025-10-17 10:45:00,3684.143024,0.01215206435836081,-0.01235449477123244,-0.0,-0.01335449477123244,-1.0989486541061921,止损,2,True
ETH,1,2025-10-19 14:00:00,2025-10-20 00:15:00,3971.0340479999995,0.008022266175004926,-0.00822066172176983,5.995e-05,-0.009280611721769829,-1.156856618730197,止损,42,False
ETH,1,2025-10-20 05:00:00,2025-10-20 10:45:00,4053.680574,0.008010977033157674,-0.008209374837750976,5.413e-05,-0.009263504837750975,-1.156351441204868,止损,24,False
ETH,-1,2025-10-22 00:45:00,2025-10-22 04:30:00,3835.88267,0.011801406417334407,-0.012003766698617822,-0.0,-0.013003766698617823,-1.1018827958943385,止损,16,True
ETH,-1,2025-10-22 11:00:00,2025-10-22 11:15:00,3818.066234,0.0068731426216605065,-0.0016575123667695118,-0.0,-0.002657512366769512,-0.3866517127688344,保本/跟踪,2,False
ETH,-1,2025-10-22 21:15:00,2025-10-22 23:15:00,3740.391772,0.011836665248442284,-0.012039032581491934,-0.0,-0.013039032581491933,-1.101579905134842,止损,9,True
ETH,-1,2025-10-23 21:00:00,2025-10-23 23:15:00,3826.8044860000005,0.008490238438878703,-0.008691936486566505,-0.0,-0.009691936486566504,-1.1415387867300588,止损,10,False
ETH,1,2025-10-24 05:00:00,2025-10-24 07:30:00,3973.634568,0.006279635983156139,-0.006478380055959482,0.0,-0.007478380055959482,-1.1908938792023507,止损,11,False
ETH,1,2025-10-24 12:45:00,2025-10-24 13:30:00,3976.405122,0.007275418512799808,-0.007473963429097205,0.0,-0.008473963429097205,-1.1647389650765478,止损,4,False
ETH,1,2025-10-25 18:45:00,2025-10-25 20:30:00,3961.152072,0.0033477992137874763,-0.003547129653944787,0.0,-0.004547129653944788,-1.3582444356931636,止损,8,False
ETH,1,2025-10-26 09:30:00,2025-10-26 09:30:00,4003.010442,0.003633348886494504,-0.0038326222167171433,0.0,-0.004832622216717143,-1.3300738155590976,止损,1,False
ETH,1,2025-10-26 11:45:00,2025-10-26 14:45:00,4041.5681520000003,0.005396049768540846,0.005472020622073335,0.0,0.004472020622073335,0.8287582238669049,保本/跟踪,13,False
ETH,1,2025-10-26 22:15:00,2025-10-27 07:30:00,4132.37631,0.00719243136186187,0.02038659736290731,0.0001,0.01928659736290731,2.681512883831634,保本/跟踪,38,False
ETH,1,2025-10-27 16:45:00,2025-10-27 20:00:00,4204.04064,0.007446646364167865,-0.007645157034895073,0.0,-0.008645157034895073,-1.160946365936519,止损,14,False
ETH,-1,2025-10-29 15:45:00,2025-10-29 17:30:00,3956.178606,0.006678385031432446,-0.006879720708438692,-3.915e-05,-0.007840570708438693,-1.1740219636238867,止损,8,False
ETH,-1,2025-10-29 18:45:00,2025-10-29 18:45:00,3860.317782,0.012653331422665224,-0.012855862088949723,-0.0,-0.013855862088949723,-1.0950366844995834,止损,1,True
ETH,-1,2025-10-30 04:30:00,2025-10-30 04:30:00,3853.999046,0.008448626218770615,-0.00865031594401427,-0.0,-0.009650315944014269,-1.1422349260254663,止损,1,False
ETH,-1,2025-10-30 12:15:00,2025-10-30 20:30:00,3871.515542,0.006869867389667229,0.03637162850516868,6.394e-05,0.03530768850516868,5.1395007359638365,保本/跟踪,34,False
ETH,1,2025-11-02 05:00:00,2025-11-02 05:15:00,3908.0014439999995,0.0034173717988232456,-0.003616688324463416,0.0,-0.004616688324463416,-1.350947042418138,止损,2,False
ETH,-1,2025-11-03 02:30:00,2025-11-03 05:00:00,3811.147618,0.00642951556335685,0.014111010339151079,-0.0,0.013111010339151078,2.0391910105752693,保本/跟踪,11,False
ETH,-1,2025-11-03 06:45:00,2025-11-03 09:00:00,3707.488354,0.008491603090387078,-0.008693301411005222,-2.373e-05,-0.009669571411005221,-1.138721547401534,止损,10,False
ETH,-1,2025-11-03 11:00:00,2025-11-03 11:15:00,3673.81509,0.008992150544155721,-0.00919394897426457,-0.0,-0.01019394897426457,-1.1336497230787506,止损,2,True
ETH,-1,2025-11-03 15:30:00,2025-11-03 17:45:00,3633.8630820000003,0.01062989487357162,-0.01083202085254626,-5.24e-06,-0.011826780852546261,-1.112596219737824,止损,10,True
ETH,-1,2025-11-04 06:00:00,2025-11-04 06:15:00,3489.611938,0.010929342113413251,-0.011131527981835863,-0.0,-0.012131527981835862,-1.109996178722158,止损,2,True
ETH,-1,2025-11-04 08:15:00,2025-11-04 08:30:00,3468.296202,0.012582660108528727,-0.012785176640550493,-0.0,-0.013785176640550494,-1.0955693407951697,止损,2,True
ETH,-1,2025-11-04 17:00:00,2025-11-04 20:30:00,3427.61434,0.013725724664432516,0.06423580866097227,-0.0,0.06323580866097227,4.607101643590104,保本/跟踪,15,True
ETH,-1,2025-11-04 21:45:00,2025-11-04 21:45:00,3105.4487860000004,0.02321612590997419,-0.023420769135156158,-0.0,-0.02442076913515616,-1.0518882103695184,止损,1,True
ETH,-1,2025-11-06 15:45:00,2025-11-06 17:45:00,3298.120244,0.011481718872901954,-0.01168401521667641,-7.1e-07,-0.01268330521667641,-1.1046521306675017,止损,9,True
ETH,-1,2025-11-07 10:30:00,2025-11-07 11:45:00,3277.14444,0.00791905838464799,0.004490066787069039,-0.0,0.0034900667870690393,0.4407173956230626,保本/跟踪,6,False
ETH,-1,2025-11-07 12:30:00,2025-11-07 13:15:00,3213.5671580000003,0.010169387800351468,-0.010371421677911559,-0.0,-0.01137142167791156,-1.1182012035688667,止损,4,True
ETH,1,2025-11-09 08:00:00,2025-11-09 09:45:00,3421.744212,0.005358114066365025,-0.005557042443551668,0.0,-0.006557042443551668,-1.2237593978658994,止损,8,False
ETH,1,2025-11-09 12:30:00,2025-11-09 14:45:00,3446.629188,0.005914734331026283,0.021155690145177087,0.0,0.020155690145177086,3.4077084476049175,保本/跟踪,10,False
ETH,1,2025-11-09 20:00:00,2025-11-10 00:00:00,3578.745606,0.007172467757464585,-0.007371033263913088,3.686e-05,-0.008407893263913089,-1.1722455294640763,止损,17,False
ETH,-1,2025-11-11 20:45:00,2025-11-12 08:30:00,3431.553552,0.008809629645545188,-0.0090113915714743,3.2199999999999997e-06,-0.0100146115714743,-1.136780088881312,止损,48,False
ETH,-1,2025-11-13 14:15:00,2025-11-13 14:45:00,3423.8850860000002,0.009285442763803692,-0.009487299852356426,-0.0,-0.010487299852356427,-1.1294345481550743,止损,3,False
ETH,-1,2025-11-13 16:45:00,2025-11-13 22:15:00,3350.869692,0.013869778461870378,0.04033661549474124,-0.0,0.03933661549474124,2.836138702783331,保本/跟踪,23,True
ETH,-1,2025-11-14 12:45:00,2025-11-14 12:45:00,3081.153646,0.01462133260040472,-0.014824256866924837,-0.0,-0.015824256866924836,-1.0822718625856866,止损,1,True
ETH,-1,2025-11-16 13:45:00,2025-11-16 14:30:00,3144.600954,0.007989972206476436,-0.008191570200917764,-0.0,-0.009191570200917765,-1.150388257103992,止损,4,False
ETH,-1,2025-11-16 16:00:00,2025-11-16 17:45:00,3102.899296,0.00950270640754442,0.004899882186447234,-0.0,0.003899882186447234,0.4103969984120552,保本/跟踪,8,True
ETH,-1,2025-11-17 16:15:00,2025-11-17 16:45:00,3077.304416,0.015819642265166797,-0.016022806193619833,-0.0,-0.017022806193619833,-1.0760550654866752,止损,3,True
ETH,-1,2025-11-17 18:00:00,2025-11-17 20:45:00,3056.8984980000005,0.015789853559309064,0.01141675087521659,-0.0,0.010416750875216589,0.6597116835877994,保本/跟踪,12,True
ETH,-1,2025-11-18 03:15:00,2025-11-18 03:30:00,2972.345412,0.01565920762121042,-0.015862339462734618,-0.0,-0.01686233946273462,-1.0768322299970372,止损,2,True
ETH,-1,2025-11-19 04:45:00,2025-11-19 06:00:00,3058.1882400000004,0.007940719383477866,0.00987082166447594,-0.0,0.00887082166447594,1.117130732882127,保本/跟踪,6,False
ETH,-1,2025-11-19 15:45:00,2025-11-19 20:30:00,3001.2796240000002,0.013890298271877748,0.026035431328182704,-3.204e-05,0.025067471328182704,1.8046748052152504,保本/跟踪,20,True
ETH,-1,2025-11-20 16:00:00,2025-11-20 19:45:00,2953.929096,0.013610537267584702,0.03514580864291011,-0.0,0.03414580864291011,2.5087774252845167,保本/跟踪,16,True
ETH,-1,2025-11-21 02:45:00,2025-11-21 07:45:00,2810.2378400000002,0.013772207757971423,0.027955503581148913,-0.0,0.026955503581148912,1.9572391046415147,保本/跟踪,21,True
ETH,-1,2025-11-21 12:30:00,2025-11-21 12:30:00,2637.692356,0.01667910865988368,-0.016882444481615615,-0.0,-0.017882444481615616,-1.0721462906843564,止损,1,True
ETH,-1,2025-11-22 10:30:00,2025-11-22 11:15:00,2708.8581200000003,0.007985757239995018,-0.00818735439144307,-0.0,-0.00918735439144307,-1.1504675280423127,止损,4,False
ETH,1,2025-11-24 05:15:00,2025-11-24 06:00:00,2879.355756,0.012356873066310297,-0.012554401691697093,0.0,-0.013554401691697093,-1.096911946813772,止损,4,True
ETH,1,2025-11-24 16:45:00,2025-11-24 21:45:00,2863.982682,0.01077263498310483,0.029612776315918226,0.0,0.028612776315918225,2.656061062199994,保本/跟踪,21,True
ETH,1,2025-11-26 17:30:00,2025-11-26 20:45:00,2975.24493,0.00942939915750052,0.0109403071419598,0.0,0.0099403071419598,1.054182453826115,保本/跟踪,14,False
ETH,1,2025-11-27 02:00:00,2025-11-27 03:30:00,3051.1901159999998,0.007519094450000957,-0.0077175906311108995,0.0,-0.0087175906311109,-1.1593936861784986,止损,7,False
ETH,1,2025-11-27 18:45:00,2025-11-27 22:30:00,3033.50658,0.005408637623616743,-0.005607555896091976,0.0,-0.006607555896091976,-1.221667332128182,止损,16,False
ETH,1,2025-11-28 14:30:00,2025-11-28 14:30:00,3091.588194,0.007410870886676199,-0.007609388712498758,0.0,-0.008609388712498757,-1.161724289108496,止损,1,False
ETH,-1,2025-11-29 17:45:00,2025-11-29 18:45:00,2982.9132980000004,0.004719758515358597,-0.004920702467061769,-0.0,-0.005920702467061769,-1.2544502960893387,止损,5,False
ETH,-1,2025-12-01 01:00:00,2025-12-01 02:00:00,2834.253036,0.01128892773287663,-0.01149118551842315,-0.0,-0.01249118551842315,-1.1064988468342478,止损,5,True
ETH,-1,2025-12-01 03:15:00,2025-12-01 15:45:00,2823.6451580000003,0.011577367905121639,0.023503234857480165,-7.757e-05,0.022580804857480163,1.950426473662531,保本/跟踪,51,True
ETH,1,2025-12-03 02:15:00,2025-12-03 02:45:00,3044.078694,0.007383367657207466,-0.007581890983676017,0.0,-0.008581890983676017,-1.1623274611414727,止损,3,False
ETH,1,2025-12-03 06:30:00,2025-12-03 06:30:00,3082.7564279999997,0.007113744314945582,-0.007312321566082567,0.0,-0.008312321566082567,-1.168487535968764,止损,1,False
ETH,1,2025-12-03 14:45:00,2025-12-03 14:45:00,3130.9060560000003,0.010351568862425392,-0.010549498548652895,0.0,-0.011549498548652896,-1.115724457050738,止损,1,True
ETH,1,2025-12-03 22:00:00,2025-12-04 04:15:00,3163.712616,0.00927940920580169,0.01263329033163787,6.305e-05,0.01157024033163787,1.2468725190396714,保本/跟踪,26,False
ETH,1,2025-12-04 15:45:00,2025-12-04 16:30:00,3214.022676,0.01000900019599707,-0.01020699839595787,9.628e-05,-0.01130327839595787,-1.1293114371681625,止损,4,True
ETH,-1,2025-12-07 07:45:00,2025-12-07 08:30:00,3030.673744,0.0030664026816937125,-0.003267015962230038,9.74e-06,-0.004276755962230038,-1.3947143953930385,止损,4,False
ETH,-1,2025-12-07 14:30:00,2025-12-07 15:00:00,2937.492384,0.008605335097305203,-0.008807056164324674,-0.0,-0.009807056164324673,-1.139648375505539,止损,3,False
ETH,1,2025-12-08 09:00:00,2025-12-08 12:30:00,3142.888452,0.006118439665651913,-0.006317215977718852,0.0,-0.007317215977718852,-1.1959284356102597,止损,15,False
ETH,1,2025-12-08 14:45:00,2025-12-08 14:45:00,3168.1435020000004,0.00807585204269562,-0.008274236872287125,0.0,-0.009274236872287126,-1.148391132385271,止损,1,False
ETH,1,2025-12-09 15:45:00,2025-12-09 19:30:00,3213.54258,0.010281968895273207,0.0421050982910872,3.873e-05,0.041066368291087195,3.9940179463065766,保本/跟踪,16,True
ETH,1,2025-12-10 18:45:00,2025-12-10 18:45:00,3392.788422,0.008848982372506876,-0.009047212576032354,0.0,-0.010047212576032354,-1.1354088134753537,止损,1,False
ETH,1,2025-12-10 20:15:00,2025-12-10 20:15:00,3441.398142,0.014485515998467284,-0.01468261889526753,0.0,-0.01568261889526753,-1.082641370657898,止损,1,True
ETH,-1,2025-12-11 14:30:00,2025-12-11 14:45:00,3183.5031719999997,0.004906584540725566,-0.0012326628207927513,-0.0,-0.0022326628207927513,-0.45503400629526175,保本/跟踪,2,False
ETH,-1,2025-12-12 16:00:00,2025-12-13 08:15:00,3069.3959980000004,0.01200777655178603,-0.012210178107096445,1.2470000000000001e-05,-0.013222648107096446,-1.1011737310459626,止损,66,True
ETH,-1,2025-12-14 11:45:00,2025-12-14 11:45:00,3063.607156,0.004504216419191725,-0.004705117262475555,-0.0,-0.005705117262475555,-1.2666170386855724,止损,1,False
ETH,-1,2025-12-15 16:45:00,2025-12-15 18:45:00,2970.9057000000003,0.01220067339777443,0.010470792315431857,-0.0,0.009470792315431856,0.7762516056826387,保本/跟踪,9,True
ETH,-1,2025-12-16 03:15:00,2025-12-16 05:00:00,2928.424198,0.00873297066197213,0.0037770627655494687,-0.0,0.0027770627655494687,0.3179974916945772,保本/跟踪,8,False
ETH,-1,2025-12-16 14:00:00,2025-12-16 14:15:00,2908.508182,0.00928089017191969,-0.009482746349954089,-0.0,-0.010482746349954088,-1.1294979420908071,止损,2,False
ETH,-1,2025-12-17 16:30:00,2025-12-18 13:00:00,2846.470592,0.01610835833936388,-0.01631158001103185,5.0190000000000006e-05,-0.01736177001103185,-1.0778112607915493,止损,83,True
ETH,-1,2025-12-18 19:45:00,2025-12-18 22:00:00,2790.361816,0.01637838512946204,-0.016581660806487902,-0.0,-0.017581660806487903,-1.0734672965322671,止损,10,True
ETH,1,2025-12-19 14:15:00,2025-12-19 14:15:00,2973.19452,0.006201203027833558,-0.006399962787228035,0.0,-0.007399962787228035,-1.1933108388830278,止损,1,False
ETH,1,2025-12-21 08:45:00,2025-12-21 09:00:00,2993.468574,0.0023672810888344512,-0.002566807632616671,0.0,-0.003566807632616671,-1.5067106519119855,止损,2,False
ETH,-1,2025-12-23 13:45:00,2025-12-23 15:15:00,2946.51058,0.005003749328152681,0.006505469773831371,-0.0,0.005505469773831371,1.1002689009331166,保本/跟踪,7,False
ETH,-1,2025-12-25 23:45:00,2025-12-26 01:15:00,2896.110662,0.00550000578801164,-0.0057011057891692574,-5.028e-05,-0.006650825789169258,-1.2092397800136974,止损,7,False
ETH,1,2025-12-29 00:30:00,2025-12-29 06:00:00,2957.7514319999996,0.0038168527965935554,0.024839817772788673,0.0,0.023839817772788673,6.2459358647692955,保本/跟踪,23,False
ETH,1,2025-12-30 15:00:00,2025-12-30 15:00:00,2995.809042,0.006514024718732509,-0.006712721913788862,0.0,-0.007712721913788862,-1.1840179070259338,止损,1,False
ETH,1,2025-12-31 12:00:00,2025-12-31 12:30:00,3001.080096,0.0030002769821773356,-0.0031996769267809266,0.0,-0.004199676926780927,-1.3997630724524548,止损,3,False
ETH,1,2025-12-31 14:15:00,2025-12-31 14:30:00,3014.712822,0.00423398697257508,-0.004433140175180516,0.0,-0.005433140175180516,-1.28322080591479,止损,2,False
ETH,1,2026-01-01 23:00:00,2026-01-01 23:00:00,2998.2395279999996,0.0025276227469458092,-0.0027271172223964266,0.0,-0.0037271172223964266,-1.4745543918292383,止损,1,False
ETH,1,2026-01-02 03:15:00,2026-01-02 07:15:00,3015.1529100000002,0.003446037165989302,0.00220381101479044,0.0,0.00120381101479044,0.34933198825348283,保本/跟踪,17,False
ETH,1,2026-01-02 09:15:00,2026-01-02 11:00:00,3040.668012,0.004310838023860074,0.002373895418192752,0.0,0.001373895418192752,0.31870727004549304,保本/跟踪,8,False
ETH,1,2026-01-02 15:00:00,2026-01-02 15:15:00,3081.91626,0.008094483800479262,-0.008292864903719183,0.0,-0.009292864903719184,-1.1480491076118984,止损,2,False
ETH,1,2026-01-02 16:45:00,2026-01-03 07:00:00,3125.1849119999997,0.010060016870510415,-0.010258004867136222,5.187e-05,-0.011309874867136223,-1.1242401491680991,止损,58,False
ETH,1,2026-01-03 23:30:00,2026-01-04 00:15:00,3129.405756,0.0028115815776907633,0.00463374144443793,7.598e-05,0.0035577614444379305,1.2653950618640868,保本/跟踪,4,False
ETH,1,2026-01-04 21:15:00,2026-01-04 21:30:00,3148.6896119999997,0.003645981938250161,-0.0038452527418625566,0.0,-0.004845252741862557,-1.3289294417591024,止损,2,False
ETH,1,2026-01-05 01:00:00,2026-01-05 02:00:00,3167.8934520000003,0.005450485318405036,0.0068740516859995635,0.0,0.0058740516859995635,1.0777116793919692,保本/跟踪,5,False
ETH,1,2026-01-05 20:30:00,2026-01-05 21:15:00,3260.652,0.008995674068089345,-0.009193874933275671,0.0,-0.01019387493327567,-1.1331974520327213,止损,4,False
ETH,1,2026-01-06 14:15:00,2026-01-06 14:45:00,3274.614792,0.004887349679805005,0.0024472626702916407,0.0,0.0014472626702916407,0.29612423196806814,保本/跟踪,3,False
ETH,1,2026-01-06 21:30:00,2026-01-07 00:45:00,3282.216312,0.007662032122421133,-0.00786049971599654,7.658e-05,-0.00893707971599654,-1.1664111521856297,止损,14,False
ETH,-1,2026-01-08 03:45:00,2026-01-08 05:00:00,3138.3322080000003,0.006180588097493254,-0.006381824215112609,-0.0,-0.007381824215112609,-1.194356281096706,止损,6,False
ETH,-1,2026-01-08 07:00:00,2026-01-08 07:30:00,3103.359204,0.006015999407550209,-0.006217202607431784,-0.0,-0.007217202607431784,-1.1996681047498174,止损,3,False
ETH,-1,2026-01-08 14:45:00,2026-01-08 14:45:00,3056.478582,0.007620454294750163,-0.007821978385609203,-0.0,-0.008821978385609202,-1.1576709267434075,止损,1,False
ETH,-1,2026-01-09 14:45:00,2026-01-09 15:15:00,3070.275822,0.00618699100773895,-0.006388228405940572,-0.0,-0.007388228405940572,-1.1941553489732024,止损,3,False
ETH,1,2026-01-11 15:00:00,2026-01-11 15:00:00,3124.964868,0.002599914188673064,-0.0027993942058353793,0.0,-0.0037993942058353793,-1.4613536948211747,止损,1,False
ETH,1,2026-01-11 16:45:00,2026-01-11 17:30:00,3135.857046,0.0038739603450732543,-0.004073185553004157,0.0,-0.005073185553004157,-1.309560527498953,止损,4,False
ETH,1,2026-01-13 16:00:00,2026-01-13 22:15:00,3183.746622,0.006859234447923279,0.04271360574371737,0.0,0.041713605743717366,6.081379206442884,保本/跟踪,26,False
ETH,1,2026-01-14 15:00:00,2026-01-14 15:00:00,3348.189504,0.006239374587402375,-0.006438126712484837,0.0,-0.007438126712484837,-1.1921269685430982,止损,1,False
ETH,1,2026-01-14 16:15:00,2026-01-14 17:30:00,3368.193504,0.007535251535208113,-0.007733744484900982,0.0,-0.008733744484900982,-1.1590514854206215,止损,6,False
ETH,1,2026-01-15 09:45:00,2026-01-15 11:30:00,3369.463758,0.005393647847678475,-0.005592569118108852,0.0,-0.006592569118108852,-1.22228393552731,止损,8,False
ETH,1,2026-01-17 15:45:00,2026-01-17 16:15:00,3327.7454159999998,0.0024203848945443815,-0.0026199008175654013,6.017e-05,-0.0036800708175654014,-1.5204485971881534,止损,3,False
ETH,1,2026-01-18 14:15:00,2026-01-18 14:45:00,3330.025872,0.0025112101351891544,-0.002710707893162123,0.0,-0.003710707893162123,-1.4776572621958686,止损,3,False
ETH,1,2026-01-18 18:30:00,2026-01-18 19:45:00,3361.72221,0.003972530363519891,-0.004171735857447133,0.0,-0.005171735857447133,-1.3018744689630706,止损,6,False
ETH,-1,2026-01-19 23:15:00,2026-01-19 23:30:00,3174.045064,0.004966828212140631,-0.005167821577783047,-0.0,-0.006167821577783047,-1.2418028798956195,止损,2,False
ETH,-1,2026-01-20 05:00:00,2026-01-20 11:00:00,3171.145644,0.004651689041893007,0.019573132254524037,-6.101e-05,0.018634142254524037,4.005887342577152,保本/跟踪,25,False
ETH,-1,2026-01-20 14:30:00,2026-01-20 15:15:00,3068.6561460000003,0.006207756512147047,0.012506639483869956,-0.0,0.011506639483869957,1.8535906589368163,保本/跟踪,4,False
ETH,-1,2026-01-20 22:45:00,2026-01-21 01:30:00,2946.2306360000002,0.008922051789473896,-0.009123836199831812,-5.52e-06,-0.010118316199831811,-1.1340795187682333,止损,12,False
ETH,-1,2026-01-21 12:00:00,2026-01-21 12:45:00,2941.5815660000003,0.0054038924597168345,0.005082767367415898,-0.0,0.004082767367415898,0.7555234301664538,保本/跟踪,4,False
ETH,-1,2026-01-21 16:45:00,2026-01-21 18:45:00,2886.732538,0.012936553157132599,-0.013139140467763918,-0.0,-0.01413914046776392,-1.0929604119446819,止损,9,True
ETH,-1,2026-01-22 13:45:00,2026-01-22 15:30:00,2966.4066000000003,0.0061241076187035,0.00830252629813126,-0.0,0.00730252629813126,1.1924229214765558,保本/跟踪,8,False
ETH,-1,2026-01-23 14:45:00,2026-01-23 15:15:00,2906.5685700000004,0.006437028739228714,-0.006638316144976608,-0.0,-0.007638316144976608,-1.1866214140736977,止损,3,False
ETH,-1,2026-01-25 08:45:00,2026-01-25 10:15:00,2930.0038820000004,0.0032365499471640915,-0.003437197257153525,-0.0,-0.0044371972571535245,-1.37096517266525,止损,7,False
ETH,-1,2026-01-25 16:15:00,2026-01-25 16:30:00,2900.81972,0.0045650832409192986,0.001960897754522145,-0.0,0.0009608977545221449,0.21048855055020707,保本/跟踪,2,False
ETH,-1,2026-01-25 18:15:00,2026-01-25 21:00:00,2869.17605,0.007247435112842961,0.0164954492868004,-0.0,0.0154954492868004,2.138059747418971,保本/跟踪,12,False
ETH,1,2026-01-27 04:15:00,2026-01-27 05:00:00,2951.420166,0.005608212164774322,-0.0058070905223412675,0.0,-0.0068070905223412675,-1.2137719334331192,止损,4,False
ETH,1,2026-01-27 16:15:00,2026-01-27 17:15:00,2973.584598,0.007848848848676114,-0.008047279078906289,0.0,-0.00904727907890629,-1.1526886621637922,止损,5,False
ETH,1,2026-01-27 20:30:00,2026-01-28 09:00:00,3015.582996,0.009652655735507252,-0.009850725204360207,0.00018257,-0.011033295204360208,-1.1430320842972033,止损,51,True
ETH,-1,2026-01-29 11:15:00,2026-01-29 15:30:00,2938.9820860000004,0.004844514200735233,0.034435010575243896,-0.0,0.033435010575243895,6.901622988362711,保本/跟踪,18,False
ETH,-1,2026-01-29 15:45:00,2026-01-29 15:45:00,2800.059876,0.010190214619980566,-0.010392252662904519,-0.0,-0.011392252662904518,-1.1179600320259244,止损,1,True
ETH,-1,2026-01-29 19:00:00,2026-01-29 19:30:00,2761.79753,0.01263434226942181,-0.012836869137875715,-0.0,-0.013836869137875716,-1.095179222060836,止损,3,True
ETH,-1,2026-01-30 01:45:00,2026-01-30 04:00:00,2723.15526,0.012393253458665248,-0.012595732109356963,-0.0,-0.013595732109356964,-1.097026874718757,止损,10,True
ETH,-1,2026-01-30 15:30:00,2026-01-30 15:30:00,2708.598172,0.010875718975810503,-0.011077894119605669,-0.0,-0.012077894119605668,-1.1105375328719886,止损,1,True
ETH,-1,2026-01-30 18:30:00,2026-01-30 18:30:00,2673.9651,0.014059259952915867,-0.014262071804906509,-0.0,-0.015262071804906508,-1.085552998950075,止损,1,True
ETH,-1,2026-01-31 07:45:00,2026-01-31 08:45:00,2673.325228,0.005305989844454355,0.0148084784734104,-1.854e-05,0.0138270184734104,2.605926298155648,保本/跟踪,5,False
ETH,-1,2026-01-31 14:15:00,2026-01-31 15:00:00,2609.1180719999998,0.007990594551820027,0.02315302606653182,-0.0,0.022153026066531818,2.772387701924633,保本/跟踪,4,False
ETH,-1,2026-01-31 17:00:00,2026-01-31 17:15:00,2480.30384,0.015269219034356695,0.024929265699576618,-0.0,0.023929265699576617,1.5671571444311774,保本/跟踪,2,True
ETH,-1,2026-01-31 18:45:00,2026-01-31 19:00:00,2349.87993,0.028389134639035425,-0.02859481246596321,-0.0,-0.02959481246596321,-1.0424696927982426,止损,2,True
ETH,-1,2026-02-01 15:30:00,2026-02-01 18:00:00,2306.4386200000004,0.015239110829423206,-0.015442158651589146,7.308e-05,-0.016515238651589145,-1.0837403071904976,止损,11,True
ETH,-1,2026-02-02 03:30:00,2026-02-02 03:45:00,2170.4058320000004,0.02409851187121818,-0.024303331573592407,-0.0,-0.025303331573592408,-1.0499956059034994,止损,2,True
ETH,-1,2026-02-03 15:00:00,2026-02-03 15:15:00,2255.2088679999997,0.01173996639908759,-0.011942314392367287,-0.0,-0.012942314392367288,-1.102414943314756,止损,2,True
ETH,-1,2026-02-03 16:45:00,2026-02-03 19:00:00,2246.70057,0.015631135287040254,0.0392480340434423,-0.0,0.0382480340434423,2.4469133777604544,保本/跟踪,10,True
ETH,-1,2026-02-04 13:45:00,2026-02-04 15:15:00,2211.35764,0.010733703535560498,0.00869146862278662,-0.0,0.00769146862278662,0.71657174034153,保本/跟踪,7,True
ETH,-1,2026-02-04 18:15:00,2026-02-04 18:15:00,2088.112294,0.021698449034894006,-0.021902788724700892,-0.0,-0.022902788724700893,-1.0555034918795416,止损,1,True
ETH,-1,2026-02-05 15:15:00,2026-02-05 21:00:00,1995.5108180000002,0.02184711077752109,0.05140774086966525,7.797e-05,0.05032977086966525,2.303726629218657,保本/跟踪,24,True
ETH,-1,2026-02-06 00:15:00,2026-02-06 00:30:00,1765.09691,0.03465447611005035,-0.03486140700527234,-0.0,-0.03586140700527234,-1.0348275614206144,止损,2,True
ETH,1,2026-02-08 08:30:00,2026-02-08 10:15:00,2101.890294,0.007807508612052892,-0.008005947110330402,0.0,-0.009005947110330401,-1.1534981974182408,止损,8,False
ETH,1,2026-02-08 12:30:00,2026-02-08 13:30:00,2138.157546,0.009419794876666101,-0.009617910917690793,0.0,-0.010617910917690793,-1.1271913090159278,止损,5,False
ETH,-1,2026-02-10 07:00:00,2026-02-10 09:00:00,2007.2584680000002,0.010724121316390741,-0.01092626614065393,0.0001521,-0.012078366140653931,-1.1262802596417258,止损,9,True
ETH,-1,2026-02-11 04:30:00,2026-02-11 11:15:00,1982.813358,0.008585229974302088,0.01612153120060465,0.00012968,0.014991851200604648,1.7462375784317143,保本/跟踪,28,False
ETH,-1,2026-02-11 15:15:00,2026-02-11 16:00:00,1916.396644,0.016265690062440323,-0.01646894320045274,0.00012326,-0.017592203200452742,-1.0815528350116246,止损,4,True
ETH,-1,2026-02-12 16:15:00,2026-02-12 22:45:00,1918.0263180000002,0.012037935118259551,-0.012240342705283175,-0.0,-0.013240342705283174,-1.0998848702216188,止损,27,True
ETH,-1,2026-02-13 06:30:00,2026-02-13 07:00:00,1929.723978,0.006696836642569353,-0.006898176009897891,-0.0,-0.007898176009897891,-1.1793890804640599,止损,3,False
ETH,1,2026-02-14 11:15:00,2026-02-14 12:30:00,2092.548426,0.005398277913091724,-0.005597198257509044,0.0,-0.006597198257509044,-1.2220931126035097,止损,6,False
ETH,-1,2026-02-15 18:00:00,2026-02-15 20:30:00,1969.7359740000002,0.009823264557313732,0.006723929076064765,-0.0,0.005723929076064765,0.5826911249990837,保本/跟踪,11,False
ETH,-1,2026-02-17 15:00:00,2026-02-17 15:15:00,1947.16049,0.00958681541601124,-0.009788732779094448,-0.0,-0.010788732779094447,-1.1253719103713886,止损,2,False
ETH,1,2026-02-18 08:00:00,2026-02-18 10:30:00,2017.60344,0.005646359176290942,-0.005845229904455689,0.0,-0.006845229904455689,-1.212326331133663,止损,11,False
ETH,-1,2026-02-18 19:45:00,2026-02-18 23:45:00,1933.623198,0.010929932735042124,-0.011132118721589103,-0.0,-0.012132118721589102,-1.1099902456574766,止损,17,True
ETH,-1,2026-02-19 11:45:00,2026-02-19 14:00:00,1955.6088,0.005344604164499035,0.013747437585196927,-0.0,0.012747437585196926,2.385104152309431,保本/跟踪,10,False
ETH,-1,2026-02-20 13:45:00,2026-02-20 14:00:00,1926.854552,0.00669452421458742,-0.0068958631194303045,-0.0,-0.007895863119430305,-1.1794509761015066,止损,2,False
ETH,1,2026-02-21 11:15:00,2026-02-21 12:15:00,1978.7656739999998,0.0031541257977952884,-0.003353494972635683,0.0,-0.004353494972635683,-1.3802540709310787,止损,5,False
ETH,-1,2026-02-22 17:45:00,2026-02-22 21:30:00,1937.432436,0.004762189529189604,-0.004963141967095481,-0.0,-0.005963141967095481,-1.2521849310164366,止损,16,False
ETH,-1,2026-02-23 01:00:00,2026-02-23 03:00:00,1927.744374,0.005445109906865242,0.030523404629353296,-0.0,0.029523404629353295,5.4220034369058245,保本/跟踪,9,False
ETH,-1,2026-02-23 17:15:00,2026-02-24 01:30:00,1868.42624,0.009619697314479215,0.010306256456770812,-2.61e-05,0.00933235645677081,0.9701299481350718,保本/跟踪,34,False
ETH,1,2026-02-25 12:00:00,2026-02-25 20:30:00,1925.6550539999998,0.006501391773792371,0.06831425158094717,5.753e-05,0.06725672158094717,10.344972879816963,保本/跟踪,35,False
ETH,1,2026-02-25 21:45:00,2026-02-25 22:30:00,2110.902096,0.0129969674864762,-0.013194368092978965,0.0,-0.014194368092978964,-1.0921292299721994,止损,4,True
ETH,-1,2026-02-27 16:15:00,2026-02-27 22:45:00,1934.922938,0.010270371328446309,0.007291686776209918,-0.0,0.006291686776209918,0.6126055791949363,保本/跟踪,27,True
ETH,-1,2026-02-28 06:15:00,2026-02-28 07:00:00,1909.5380160000002,0.005794817181603734,0.026201624961581193,-0.0,0.025201624961581192,4.348993966813387,保本/跟踪,4,False
ETH,1,2026-03-01 14:00:00,2026-03-01 16:00:00,2006.2611719999998,0.00918937794573323,-0.009387540070144166,5.291e-05,-0.010440450070144165,-1.1361432875869282,止损,9,False
ETH,1,2026-03-02 16:15:00,2026-03-02 17:30:00,2069.7838739999997,0.015647735250129066,-0.015844605703079086,0.0,-0.016844605703079087,-1.0764884140623576,止损,6,True
ETH,1,2026-03-04 09:00:00,2026-03-04 12:15:00,2063.6826539999997,0.010882284545023957,-0.011080108088114896,0.0,-0.012080108088114896,-1.1100709633289876,止损,14,True
ETH,1,2026-03-04 15:30:00,2026-03-04 20:00:00,2139.3177779999996,0.013237278534556154,0.010830764985549409,6.615e-05,0.009764614985549409,0.737660309863444,保本/跟踪,19,True
ETH,-1,2026-03-06 14:00:00,2026-03-06 19:00:00,2018.136292,0.009505555139301923,0.018190800097361563,9.858e-05,0.01709222009736156,1.7981296038872692,保本/跟踪,21,False
ETH,-1,2026-03-07 04:15:00,2026-03-07 07:45:00,1969.606,0.005748044430880503,-0.00594919403976666,-0.0,-0.00694919403976666,-1.20896665349926,止损,15,False
ETH,-1,2026-03-07 19:30:00,2026-03-07 20:30:00,1957.438434,0.004500722795766389,-0.004701622940325582,-0.0,-0.005701622940325582,-1.2668238412036443,止损,5,False
ETH,-1,2026-03-08 03:00:00,2026-03-08 07:00:00,1940.801762,0.006009122611636899,-0.006210324436159221,-0.0,-0.007210324436159221,-1.1998963745882216,止损,17,False
ETH,-1,2026-03-08 12:15:00,2026-03-08 12:15:00,1933.8131600000002,0.007147972116407409,-0.007349401710830657,-0.0,-0.008349401710830658,-1.1680797819098223,止损,1,False
ETH,1,2026-03-09 13:45:00,2026-03-09 14:00:00,2027.495418,0.009029990226187317,-0.00922818422814203,0.0,-0.01022818422814203,-1.1326905092853705,止损,2,False
ETH,1,2026-03-10 15:00:00,2026-03-10 18:00:00,2074.824882,0.010807448142997136,-0.011005286653368517,2.672e-05,-0.012032006653368515,-1.1133069059567824,止损,13,True
ETH,1,2026-03-11 13:45:00,2026-03-11 13:45:00,2062.422402,0.008482474351164601,-0.008680777856294276,0.0,-0.009680777856294277,-1.1412681554368809,止损,1,False
ETH,1,2026-03-12 10:45:00,2026-03-12 11:45:00,2070.4540079999997,0.006675379759967691,-0.0068740446840157175,0.0,-0.007874044684015718,-1.1795650535474298,止损,5,False
ETH,1,2026-03-13 13:00:00,2026-03-13 13:30:00,2145.6590459999998,0.00746285141746093,0.014342652979706312,0.0,0.013342652979706313,1.7878760052073843,保本/跟踪,3,False
ETH,1,2026-03-15 05:30:00,2026-03-15 13:00:00,2108.82168,0.004453435168573591,-0.0046525444815399865,1.371e-05,-0.005666254481539987,-1.2723334385835134,止损,31,False
ETH,1,2026-03-15 20:45:00,2026-03-15 23:15:00,2130.52602,0.005795034759205653,0.021271634223341884,0.0,0.020271634223341883,3.498103991721456,保本/跟踪,11,False
ETH,1,2026-03-16 03:45:00,2026-03-16 07:30:00,2238.237558,0.010790292835613448,0.009461394790488471,0.0,0.00846139479048847,0.7841672992007751,保本/跟踪,16,True
ETH,1,2026-03-16 12:15:00,2026-03-16 14:30:00,2281.086126,0.008334606197459049,-0.00853293927621966,0.0,-0.009532939276219659,-1.1437780082670184,止损,10,False
ETH,1,2026-03-16 17:45:00,2026-03-16 23:00:00,2312.052318,0.010602529172001964,0.017692383451592162,0.0,0.01669238345159216,1.5743775075546729,保本/跟踪,22,True
ETH,-1,2026-03-19 13:00:00,2026-03-19 17:45:00,2130.92373,0.0076910870126186155,0.0008483932011339542,-6.6e-07,-0.00015094679886604577,-0.019626198301799253,保本/跟踪,20,False
ETH,-1,2026-03-22 08:00:00,2026-03-22 12:15:00,2092.401436,0.005895746785455019,0.004610750529625414,-0.0,0.003610750529625414,0.6124331083100858,保本/跟踪,18,False
ETH,-1,2026-03-22 18:45:00,2026-03-22 21:30:00,2063.6171940000004,0.005340723944154242,0.008841912662626484,-0.0,0.007841912662626484,1.4683239097594531,保本/跟踪,12,False
ETH,1,2026-03-24 23:30:00,2026-03-25 00:30:00,2158.911696,0.006869887355858232,-0.007068513378387044,3.54e-05,-0.008103913378387043,-1.179628276070132,止损,5,False
ETH,1,2026-03-25 11:30:00,2026-03-25 11:45:00,2192.178348,0.005137450018299235,-0.005336422528295452,0.0,-0.006336422528295452,-1.2333789147778687,止损,2,False
ETH,-1,2026-03-26 09:45:00,2026-03-26 15:45:00,2082.0735019999997,0.007018435315890331,0.005164667396612819,-0.0,0.004164667396612819,0.5933897242286553,保本/跟踪,25,False
ETH,-1,2026-03-26 18:00:00,2026-03-26 20:00:00,2047.810356,0.007153146956537176,-0.007354577585928492,-0.0,-0.008354577585928492,-1.1679583317232625,止损,9,False
ETH,-1,2026-03-27 10:45:00,2026-03-27 13:45:00,2009.418036,0.008195141324903139,0.010259728821964995,-0.0,0.009259728821964994,1.1299047148615755,保本/跟踪,13,False
ETH,-1,2026-03-29 22:45:00,2026-03-29 23:00:00,1965.3568500000001,0.006029306956984453,-0.004003199724263685,-0.0,-0.005003199724263685,-0.8298134030923559,保本/跟踪,2,False
ETH,1,2026-03-30 08:00:00,2026-03-30 14:30:00,2059.101738,0.007094368143976398,-0.007292949270347678,0.0,-0.008292949270347679,-1.168948256144412,止损,27,False
ETH,1,2026-03-31 14:00:00,2026-03-31 14:45:00,2074.76487,0.007952698578336461,-0.00815110803862068,0.0,-0.009151108038620681,-1.150692176810114,止损,4,False
ETH,1,2026-03-31 17:15:00,2026-03-31 22:30:00,2113.8326819999997,0.01267137845593316,-0.012868844180241895,0.0,-0.013868844180241896,-1.0945016146801332,止损,22,True
ETH,1,2026-04-01 05:30:00,2026-04-01 07:30:00,2126.965308,0.007043615618241142,0.004327318393173925,0.0,0.003327318393173925,0.4723878436178475,保本/跟踪,9,False
ETH,-1,2026-04-02 10:15:00,2026-04-02 14:15:00,2033.2632660000002,0.005685042517383996,-0.005886179525887366,-0.0,-0.006886179525887366,-1.2112802155534415,止损,17,False
ETH,-1,2026-04-05 05:30:00,2026-04-05 06:30:00,2051.519614,0.0022981828314853374,0.007414684507254283,-0.0,0.006414684507254283,2.7911985153541554,保本/跟踪,5,False
ETH,-1,2026-04-05 12:45:00,2026-04-05 13:15:00,2023.185282,0.0033874987756807398,-0.003588176275435848,-0.0,-0.004588176275435848,-1.3544436704671057,止损,3,False
ETH,1,2026-04-05 23:00:00,2026-04-06 01:15:00,2085.406998,0.006196879071804616,0.012949248527568733,2.356e-05,0.011925688527568734,1.9244668791149753,保本/跟踪,10,False
ETH,1,2026-04-06 09:15:00,2026-04-06 17:00:00,2148.039522,0.00616057695349284,-0.006359344838102138,2.033e-05,-0.007379674838102138,-1.1978869664014358,止损,32,False
ETH,1,2026-04-07 22:15:00,2026-04-08 00:30:00,2158.7916720000003,0.009060296753755982,0.03461260215879155,0.0001,0.033512602158791545,3.698841557799833,保本/跟踪,10,False
ETH,1,2026-04-08 07:30:00,2026-04-08 10:30:00,2255.781066,0.006270127742977489,-0.006468873717429008,5.834e-05,-0.007527213717429007,-1.2004880962528153,止损,13,False
ETH,1,2026-04-10 11:30:00,2026-04-10 15:30:00,2216.713254,0.004563545604333739,0.007961883074805746,0.0,0.006961883074805746,1.525542566769672,保本/跟踪,17,False
ETH,1,2026-04-11 16:45:00,2026-04-11 17:15:00,2262.872484,0.004513657706963919,-0.004712754975422616,0.0,-0.005712754975422616,-1.265659770037206,止损,3,False
ETH,1,2026-04-11 18:45:00,2026-04-11 20:00:00,2295.428994,0.00619970907942633,0.005377719043580701,0.0,0.004377719043580701,0.7061168495967199,保本/跟踪,6,False
ETH,-1,2026-04-12 11:00:00,2026-04-12 15:45:00,2200.0299059999998,0.0038742138766087136,0.005417670078494325,-0.0,0.004417670078494325,1.1402752194882242,保本/跟踪,20,False
ETH,1,2026-04-13 20:00:00,2026-04-14 00:45:00,2261.65224,0.008145546127832715,0.044388076681063336,0.0001,0.04328807668106333,5.314324663039013,保本/跟踪,20,False
ETH,1,2026-04-14 07:15:00,2026-04-14 11:15:00,2381.7162479999997,0.005586301721531742,-0.005785184461187393,0.0001,-0.006885184461187393,-1.2325120991315706,止损,17,False
ETH,1,2026-04-15 15:15:00,2026-04-15 15:30:00,2346.6192300000002,0.006726701254269583,-0.006925355914018723,0.0,-0.007925355914018724,-1.1781935326752215,止损,2,False
ETH,1,2026-04-15 19:15:00,2026-04-15 21:15:00,2364.3227699999998,0.00682503056271596,-0.007023665556603311,0.0,-0.008023665556603311,-1.175623388477599,止损,9,False
ETH,1,2026-04-17 09:30:00,2026-04-17 09:30:00,2370.954096,0.0057921787159233035,-0.005991020280180242,0.0,-0.006991020280180242,-1.2069759278941443,止损,1,False
ETH,1,2026-04-17 13:15:00,2026-04-17 17:00:00,2406.351174,0.00828358564330006,0.010692093170725362,1.819e-05,0.009673903170725364,1.1678400619362006,保本/跟踪,16,False
ETH,-1,2026-04-19 01:30:00,2026-04-19 05:30:00,2342.13148,0.003557432980076026,0.003364656921703864,-0.0,0.002364656921703864,0.6647087759481357,保本/跟踪,17,False
ETH,-1,2026-04-19 07:30:00,2026-04-19 07:30:00,2300.969714,0.005710420382757955,-0.005911562466834438,-0.0,-0.006911562466834438,-1.210342147086616,止损,1,False
ETH,-1,2026-04-19 17:00:00,2026-04-19 22:45:00,2309.8979280000003,0.006349763726403121,0.01565366983229711,-0.0,0.01465366983229711,2.307750408312879,保本/跟踪,24,False
ETH,-1,2026-04-21 03:15:00,2026-04-21 04:45:00,2302.0395,0.004985741305410731,-0.005186738453671723,-0.0,-0.006186738453671723,-1.240886374701716,止损,7,False
ETH,1,2026-04-22 03:00:00,2026-04-22 06:00:00,2370.1539359999997,0.007765678901596903,0.008045400003941033,0.0,0.007045400003941033,0.9072484316203501,保本/跟踪,13,False
ETH,1,2026-04-22 12:00:00,2026-04-22 14:30:00,2398.0695180000002,0.004450849844364257,0.002641936298306215,0.0,0.0016419362983062149,0.36890399715129973,保本/跟踪,11,False
ETH,-1,2026-04-23 17:30:00,2026-04-23 20:00:00,2307.5883900000003,0.006340359381048353,-0.006541627452924543,-0.0,-0.007541627452924543,-1.1894637195908546,止损,11,False
ETH,1,2026-04-26 14:30:00,2026-04-26 16:45:00,2349.349776,0.0031161666906457416,-0.0033155434573076768,-2.842e-05,-0.004287123457307676,-1.3757683342733138,止损,10,False
ETH,1,2026-04-26 18:15:00,2026-04-26 21:30:00,2362.32237,0.0034807993943932396,-0.0036801032345143946,0.0,-0.004680103234514395,-1.3445483936974234,止损,14,False
ETH,1,2026-04-27 01:00:00,2026-04-27 05:00:00,2390.347974,0.006551534484273059,-0.006750224177376274,0.0,-0.007750224177376274,-1.182963196787053,止损,17,False
ETH,-1,2026-04-27 15:15:00,2026-04-27 17:15:00,2293.181272,0.005909736976688001,0.004721350091089163,7.593e-05,0.003645420091089163,0.6168498032093754,保本/跟踪,9,False
ETH,-1,2026-04-28 06:45:00,2026-04-28 07:30:00,2270.115886,0.004711155658688478,-0.004912097889820008,-0.0,-0.005912097889820008,-1.2549145725883013,止损,4,False
ETH,-1,2026-04-28 13:15:00,2026-04-28 13:30:00,2266.066696,0.004614618525339302,-0.004815541449044226,-0.0,-0.005815541449044226,-1.260243163570411,止损,2,False
ETH,1,2026-04-29 10:00:00,2026-04-29 10:30:00,2339.2777619999997,0.004376659305775596,-0.004575783973914413,0.0,-0.005575783973914413,-1.2739817254124417,止损,3,False
ETH,-1,2026-04-29 18:15:00,2026-04-29 21:45:00,2239.891932,0.008885290698716434,-0.009087067756856335,-0.0,-0.010087067756856336,-1.1352546696433365,止损,15,False
ETH,-1,2026-04-30 02:45:00,2026-04-30 03:45:00,2240.1018900000004,0.006960957470186993,-0.0071623496616811,-0.0,-0.0081623496616811,-1.172590077821842,止损,5,False
ETH,1,2026-05-01 12:30:00,2026-05-01 14:15:00,2304.4708020000003,0.003970669063531127,0.0014055794254341561,0.0,0.0004055794254341561,0.10214385005268437,保本/跟踪,8,False
ETH,1,2026-05-02 21:45:00,2026-05-02 22:15:00,2327.955498,0.0028252291963330825,-0.0030246641504938147,0.0,-0.004024664150493814,-1.4245443009429113,止损,3,False
ETH,1,2026-05-03 09:45:00,2026-05-03 13:30:00,2315.66304,0.00277678139421345,0.00249891205888707,0.0,0.00149891205888707,0.5398019671302398,保本/跟踪,16,False
ETH,1,2026-05-03 22:15:00,2026-05-03 22:15:00,2347.4593979999995,0.0052508238405638286,-0.005449773675795719,0.0,-0.006449773675795719,-1.228335566310514,止损,1,False
ETH,1,2026-05-04 02:15:00,2026-05-04 05:15:00,2359.7718600000003,0.007553511639852801,0.006824811828084418,0.0,0.005824811828084418,0.7711395845810769,保本/跟踪,13,False
ETH,1,2026-05-05 03:45:00,2026-05-05 06:15:00,2384.4868020000004,0.005182041814931719,-0.005381005406568747,0.0,-0.006381005406568747,-1.2313689534851477,止损,11,False
ETH,1,2026-05-06 09:45:00,2026-05-06 12:00:00,2416.953294,0.005573773762993814,-0.005772659008241117,0.0,-0.006772659008241117,-1.2150939912931364,止损,10,False
ETH,-1,2026-05-07 00:45:00,2026-05-07 01:15:00,2334.9629139999997,0.004226214841737436,0.002906843598801492,-0.0,0.001906843598801492,0.45119419390841264,保本/跟踪,3,False
ETH,-1,2026-05-07 10:30:00,2026-05-07 10:45:00,2316.826542,0.004659747909696858,-0.004860679859278853,-0.0,-0.005860679859278853,-1.2577246608304442,止损,2,False
ETH,-1,2026-05-07 13:45:00,2026-05-07 17:45:00,2313.277252,0.004400980463741281,0.007229426354020514,4.319e-05,0.006186236354020514,1.4056495830843982,保本/跟踪,17,False
ETH,-1,2026-05-08 02:15:00,2026-05-08 08:30:00,2276.164676,0.00411424665899694,-0.004315069508328872,2.849e-05,-0.005343559508328872,-1.2987941538808083,止损,26,False
ETH,-1,2026-05-08 13:30:00,2026-05-08 14:00:00,2272.6553780000004,0.0045078855278011315,-0.004708787104906667,-0.0,-0.0057087871049066674,-1.266400193549572,止损,3,False
ETH,1,2026-05-09 18:30:00,2026-05-09 18:45:00,2336.0871239999997,0.0035124106346316308,-0.0037117081525045365,0.0,-0.004711708152504537,-1.341445702859479,止损,2,False
ETH,1,2026-05-10 15:45:00,2026-05-10 19:00:00,2341.178142,0.0027654421968419437,0.005912544125846106,6.714e-05,0.0048454041258461054,1.7521263439819568,保本/跟踪,14,False
ETH,1,2026-05-10 23:15:00,2026-05-11 00:00:00,2378.665638,0.007210036143506906,-0.007408594136278256,7.463e-05,-0.008483224136278255,-1.1765855215466479,止损,4,False
ETH,-1,2026-05-12 07:00:00,2026-05-12 08:45:00,2302.2794519999998,0.003447788242884235,0.0045888188245393,-7.08e-06,0.0035958988245393003,1.042958143372275,保本/跟踪,8,False
ETH,-1,2026-05-12 14:00:00,2026-05-12 18:30:00,2270.6357820000003,0.004865586689812458,-0.005066559807150375,-3.956e-05,-0.006026999807150375,-1.2386995014947897,止损,19,False
ETH,-1,2026-05-13 14:00:00,2026-05-13 16:30:00,2260.6877719999998,0.005941785728268456,0.003376729983731135,-5.45e-06,0.002382179983731135,0.400919873700216,保本/跟踪,11,False
ETH,-1,2026-05-15 05:45:00,2026-05-15 07:00:00,2245.0509,0.005703281524789009,-0.005904422181093803,-0.0,-0.006904422181093803,-1.2106051842407042,止损,6,False
ETH,-1,2026-05-15 13:45:00,2026-05-16 07:15:00,2222.995312,0.0051784236279016176,0.013247284661576816,-8.462e-05,0.012331904661576815,2.3814012811025864,保本/跟踪,71,False
ETH,-1,2026-05-16 09:30:00,2026-05-16 14:30:00,2168.576198,0.005540660890337892,-0.005741769022516069,-0.0,-0.006741769022516069,-1.216780661359863,止损,21,False
ETH,-1,2026-05-17 23:45:00,2026-05-18 11:30:00,2119.67598,0.008320936037385934,-0.008522600224593405,-2.577e-05,-0.009496830224593406,-1.1413175371045017,止损,48,False
ETH,-1,2026-05-18 16:30:00,2026-05-18 17:45:00,2092.171482,0.00805587419464294,-0.008257485369481723,-0.0,-0.009257485369481722,-1.1491596251140366,止损,6,False
ETH,-1,2026-05-21 13:45:00,2026-05-21 13:45:00,2105.3588440000003,0.004339425212307995,-0.00454029309735049,-0.0,-0.00554029309735049,-1.2767343199363017,止损,1,False
ETH,-1,2026-05-22 14:30:00,2026-05-22 17:00:00,2116.6865780000003,0.004177436259277583,-0.004378271746529373,-5.943e-05,-0.0053188417465293725,-1.2732310959184272,止损,11,False
ETH,-1,2026-05-22 18:45:00,2026-05-22 19:00:00,2106.7585639999998,0.004506908988599689,0.0035071764397963607,-0.0,0.0025071764397963606,0.5562962212324035,保本/跟踪,2,False
ETH,-1,2026-05-22 19:45:00,2026-05-23 08:00:00,2064.157086,0.007264694727057682,0.017572107397256627,-0.00010186,0.016673967397256625,2.29520551430106,保本/跟踪,50,False
ETH,1,2026-05-24 07:00:00,2026-05-24 07:45:00,2127.6554459999998,0.0036734199071639523,-0.0038726852231824346,0.0,-0.004872685223182434,-1.3264710668332957,止损,4,False
ETH,1,2026-05-25 09:15:00,2026-05-25 15:15:00,2118.0235199999997,0.004059457788927242,0.004165128257823298,0.0,0.003165128257823298,0.7796923683888629,保本/跟踪,25,False
ETH,1,2026-05-26 14:30:00,2026-05-26 14:30:00,2137.617438,0.005630071866002627,-0.005828945851629349,0.0,-0.006828945851629349,-1.212941151402731,止损,1,False
ETH,-1,2026-05-26 17:30:00,2026-05-26 18:15:00,2062.8373500000002,0.008014232783068606,-0.008215835629625162,-0.0,-0.009215835629625163,-1.1499336092526713,止损,4,False
ETH,-1,2026-05-28 03:30:00,2026-05-28 16:15:00,1987.322456,0.007806701715665661,-0.008008263056008815,-5.527e-05,-0.008952993056008815,-1.1468342690797186,止损,52,False
ETH,-1,2026-05-31 16:45:00,2026-05-31 20:45:00,1999.4800240000002,0.003991033055936153,-0.0041918312625473415,-0.0,-0.0051918312625473416,-1.3008740318061647,止损,17,False
ETH,-1,2026-06-01 06:30:00,2026-06-01 14:00:00,1985.092902,0.005408327721416533,0.005624332155675818,-5.339e-05,0.004677722155675818,0.8649110032944977,保本/跟踪,31,False
ETH,-1,2026-06-02 09:15:00,2026-06-02 14:30:00,1971.315658,0.006392656268797374,0.013050196307749172,-0.0,0.012050196307749172,1.8850061384602068,保本/跟踪,22,False
ETH,-1,2026-06-02 15:30:00,2026-06-02 16:00:00,1911.3876460000001,0.009499842430222307,-0.009701742398708251,-5.699e-05,-0.01064475239870825,-1.1205188377486752,止损,3,True
ETH,-1,2026-06-02 23:00:00,2026-06-03 04:00:00,1867.446436,0.011842361881854111,0.01228778678235906,-2.021e-05,0.01130799678235906,0.9548768138631322,保本/跟踪,21,True
ETH,-1,2026-06-03 15:15:00,2026-06-03 17:00:00,1849.859954,0.007558640171223806,0.009236305074204403,-7.361e-05,0.008309915074204402,1.099392865113588,保本/跟踪,8,True
ETH,-1,2026-06-03 20:00:00,2026-06-03 21:30:00,1802.059516,0.009909157651116106,-0.010111139482646308,-0.0,-0.011111139482646307,-1.1213001017694797,止损,7,True
ETH,-1,2026-06-04 02:00:00,2026-06-04 03:00:00,1758.818166,0.014948252117606954,-0.015151241768030512,-0.0,-0.01615124176803051,-1.08047694412423,止损,5,True
ETH,-1,2026-06-04 09:15:00,2026-06-04 12:30:00,1759.937942,0.011427414242581835,-0.011629699725430237,-0.0,-0.012629699725430238,-1.1052106327228728,止损,14,True
ETH,-1,2026-06-05 02:30:00,2026-06-05 06:30:00,1735.112908,0.009607068378560287,0.04353957346503029,-0.0,0.04253957346503029,4.427945319923419,保本/跟踪,17,True
ETH,-1,2026-06-05 14:00:00,2026-06-05 16:15:00,1613.867162,0.01557460053514182,0.014609630645186123,7.387e-05,0.013535760645186124,0.8690919946643029,保本/跟踪,10,True
ETH,-1,2026-06-06 04:15:00,2026-06-06 05:15:00,1540.251888,0.013443651333720223,-0.01364634006398696,-0.0,-0.014646340063986959,-1.089461464033218,止损,5,True
ETH,-1,2026-06-10 09:15:00,2026-06-10 09:45:00,1612.467442,0.006940704997413424,-0.007142093138412882,-0.0,-0.008142093138412881,-1.173093099540634,止损,3,False
ETH,1,2026-06-11 17:45:00,2026-06-12 01:15:00,1677.08535,0.00943098530549283,-0.009629099108431785,-2.404e-05,-0.010605059108431784,-1.1244911072287587,止损,31,True
ETH,1,2026-06-13 13:00:00,2026-06-13 13:45:00,1680.1459619999998,0.0025075961886473984,-0.00270709466940963,0.0,-0.00370709466940963,-1.4783459498753038,止损,4,False
ETH,1,2026-06-15 11:30:00,2026-06-15 14:00:00,1761.40221,0.006872493221283844,0.024901093029913775,0.0,0.023901093029913775,3.477790702782073,保本/跟踪,11,False
ETH,1,2026-06-15 15:45:00,2026-06-15 19:15:00,1829.825892,0.008210179156340262,-0.008408537120508907,6.867e-05,-0.009477207120508906,-1.1543240336223588,止损,15,True
ETH,1,2026-06-16 12:15:00,2026-06-16 12:45:00,1808.9517179999998,0.00633049734802436,0.0039774306458301035,0.0,0.0029774306458301035,0.4703312365748496,保本/跟踪,3,False
ETH,-1,2026-06-18 05:00:00,2026-06-18 07:15:00,1729.364058,0.00635744018616485,-0.006558711674202072,-0.0,-0.007558711674202072,-1.1889552167004962,止损,10,False
ETH,-1,2026-06-18 13:45:00,2026-06-18 13:45:00,1730.223886,0.00601963499930858,-0.006220838926308403,-0.0,-0.007220838926308403,-1.1995476348877954,止损,1,False
ETH,-1,2026-06-18 15:45:00,2026-06-18 20:00:00,1697.380456,0.009517199579020242,-0.009719103018936111,6.91e-06,-0.010726013018936111,-1.127013564219099,止损,18,True
ETH,-1,2026-06-19 12:45:00,2026-06-19 12:45:00,1685.222888,0.0045323060452146695,-0.004733212506423583,-0.0,-0.005733212506423583,-1.2649658803330068,止损,1,False
ETH,1,2026-06-20 15:00:00,2026-06-20 17:30:00,1733.106552,0.00575148852670699,-0.005950338229001516,3.209e-05,-0.006982428229001516,-1.2140210654300478,止损,11,False
ETH,1,2026-06-20 22:15:00,2026-06-21 04:45:00,1738.577646,0.004021124680425771,-0.004220320455489612,2.892e-05,-0.005249240455489612,-1.3054159899697024,止损,27,False
ETH,1,2026-06-22 08:15:00,2026-06-22 12:30:00,1751.430216,0.005366081012123028,0.005184016967479603,0.0,0.004184016967479603,0.7797155797735981,保本/跟踪,18,False
ETH,-1,2026-06-23 06:15:00,2026-06-23 07:15:00,1706.228686,0.005156682194792302,0.0068843488505735155,-0.0,0.0058843488505735154,1.1411114023113698,保本/跟踪,5,False
ETH,-1,2026-06-23 08:15:00,2026-06-23 09:15:00,1674.46504,0.006467058457270067,0.013640226039591835,-0.0,0.012640226039591834,1.954555710777917,保本/跟踪,5,False
ETH,-1,2026-06-24 13:30:00,2026-06-24 13:30:00,1650.91975,0.007246624975881866,-0.007448074300877118,-0.0,-0.008448074300877118,-1.165794328945392,止损,1,False
ETH,-1,2026-06-24 15:45:00,2026-06-24 18:15:00,1626.284678,0.010243286670442511,0.028489050748979936,-4.3e-07,0.027489480748979934,2.6836582469474504,保本/跟踪,11,True
ETH,-1,2026-06-25 13:45:00,2026-06-25 14:00:00,1591.501636,0.009350829616185385,0.0205209055510214,-0.0,0.0195209055510214,2.08761215338932,保本/跟踪,2,True
ETH,-1,2026-06-26 12:45:00,2026-06-26 13:30:00,1529.783982,0.009309131710602042,-0.009510993536944184,-0.0,-0.010510993536944183,-1.1291056850096295,止损,4,True
ETH,-1,2026-06-28 05:30:00,2026-06-28 07:00:00,1564.7869799999999,0.004117187929480712,-0.0043180113670665075,-0.0,-0.0053180113670665075,-1.2916610701657363,止损,7,False
ETH,1,2026-07-01 15:30:00,2026-07-01 17:00:00,1623.4246199999998,0.009533839984425967,-0.009731933216429046,2.077e-05,-0.010752703216429047,-1.1278459921704327,止损,7,True
ETH,1,2026-07-01 21:45:00,2026-07-01 23:00:00,1627.3254,0.006527927109315631,-0.006726621523893845,0.0,-0.007726621523893845,-1.1836255819810895,止损,6,False
ETH,1,2026-07-02 04:00:00,2026-07-02 05:30:00,1639.1677679999998,0.0074658774304464425,-0.007664384254960339,0.0,-0.008664384254960338,-1.1605312752157289,止损,7,True
ETH,1,2026-07-02 12:15:00,2026-07-02 14:15:00,1654.9209179999998,0.006155371242011863,0.027680356528419384,0.0,0.026680356528419383,4.334483734517854,保本/跟踪,9,False
ETH,1,2026-07-03 01:15:00,2026-07-03 02:15:00,1713.812694,0.006101341637232371,-0.006300121368904873,0.0,-0.007300121368904873,-1.1964780539999857,止损,5,False
ETH,1,2026-07-03 08:45:00,2026-07-03 08:45:00,1731.04614,0.006102131582290871,-0.006300911155974431,0.0,-0.007300911155974431,-1.1964525932483272,止损,1,False
ETH,1,2026-07-03 10:45:00,2026-07-03 12:15:00,1747.04934,0.007279279052439407,-0.007477823196628913,0.0,-0.008477823196628913,-1.1646514902856835,止损,7,False
ETH,1,2026-07-03 19:30:00,2026-07-03 21:30:00,1746.619254,0.004968414389972096,0.007390592725059876,0.0,0.006390592725059876,1.2862439046868164,保本/跟踪,9,False
ETH,1,2026-07-04 13:30:00,2026-07-04 13:45:00,1768.373604,0.003847578880547338,-0.0040468093647711674,0.0,-0.0050468093647711675,-1.3116844440245063,止损,2,False
ETH,1,2026-07-04 15:15:00,2026-07-04 18:30:00,1784.566842,0.005379192295349147,0.0042856919103124915,5.167e-05,0.0032340219103124913,0.6012095743646548,保本/跟踪,14,False
ETH,1,2026-07-05 22:30:00,2026-07-05 22:30:00,1801.51023,0.005549688333743181,-0.0057485783960763955,0.0,-0.0067485783960763955,-1.2160283587537215,止损,1,False
ETH,1,2026-07-06 21:15:00,2026-07-06 22:45:00,1819.253778,0.008166341756609097,-0.008364708488257655,0.0,-0.009364708488257656,-1.1467446216880048,止损,7,True
ETH,1,2026-07-07 16:45:00,2026-07-07 18:45:00,1804.970922,0.007893668526955845,-0.008092089793250438,0.0,-0.009092089793250439,-1.1518205714113967,止损,9,True
ETH,-1,2026-07-08 08:30:00,2026-07-08 08:45:00,1729.9139480000001,0.0064599571481696915,-0.006661249139599228,-0.0,-0.007661249139599228,-1.1859597461524805,止损,2,False
ETH,-1,2026-07-08 15:15:00,2026-07-08 16:00:00,1716.4066500000001,0.006965055847728051,-0.007166448858897658,-4.537e-05,-0.008121078858897658,-1.165974693734393,止损,4,False
ETH,1,2026-07-10 08:30:00,2026-07-10 12:30:00,1785.55704,0.004544924286783319,0.005364066371975105,0.0,0.004364066371975105,0.9602066165691362,保本/跟踪,17,False
ETH,1,2026-07-11 14:45:00,2026-07-11 15:30:00,1814.172762,0.0030529144583871094,0.0016729836920643974,0.0,0.0006729836920643974,0.22043974740777458,保本/跟踪,4,False
ETH,1,2026-07-12 15:30:00,2026-07-12 15:30:00,1825.845096,0.004197246434571951,-0.004396406985285032,0.0,-0.005396406985285032,-1.2857017259782066,止损,1,False
ETH,1,2026-07-13 00:15:00,2026-07-13 00:30:00,1839.897906,0.006431077045084221,-0.006629790829675134,0.0,-0.007629790829675134,-1.1863939393335654,止损,2,False
ETH,-1,2026-07-13 12:45:00,2026-07-13 14:30:00,1769.476034,0.004725025734011248,-0.0049259707391579605,-0.0,-0.0059259707391579606,-1.2541668707753653,止损,8,False
ETH,-1,2026-07-13 18:00:00,2026-07-13 18:45:00,1752.3494600000001,0.006488656225721894,-0.006689953956966973,-0.0,-0.007689953956966973,-1.1851381379218358,止损,4,False
ETH,1,2026-07-14 13:00:00,2026-07-14 22:45:00,1861.07214,0.008168498830614329,0.011659305834134812,6.925e-05,0.01059005583413481,1.2964506764015002,保本/跟踪,40,True
ETH,1,2026-07-15 06:15:00,2026-07-15 06:45:00,1888.4876219999999,0.004740635526219478,-0.004939687399114198,0.0,-0.005939687399114198,-1.2529306179019695,止损,3,False
ETH,1,2026-07-15 12:45:00,2026-07-15 13:45:00,1892.108346,0.0045552429323646735,0.018881040484225134,0.0,0.017881040484225133,3.925375825113876,保本/跟踪,5,False
ETH,-1,2026-07-17 05:30:00,2026-07-17 13:45:00,1836.5326200000002,0.005623132421295339,0.010845432875362824,-4.774e-05,0.009893172875362824,1.7593704245513468,保本/跟踪,34,False
ETH,1,2026-07-19 02:15:00,2026-07-19 03:15:00,1870.003926,0.0031938717365237413,-0.0033932329621764908,0.0,-0.004393232962176491,-1.3755195338426935,止损,5,False
ETH,1,2026-07-19 09:00:00,2026-07-19 09:15:00,1873.3745999999999,0.0026204063505819576,-0.002819882269311807,0.0,-0.003819882269311807,-1.4577442420193576,止损,2,False
ETH,1,2026-07-20 00:15:00,2026-07-20 00:15:00,1887.2273699999998,0.005628514106584544,-0.005827388403763254,0.0,-0.006827388403763254,-1.2130001407966982,止损,1,False
ETH,1,2026-07-20 18:00:00,2026-07-20 19:00:00,1907.321388,0.007164866751492158,-0.007363433778141823,0.0,-0.008363433778141822,-1.1672839242125541,止损,5,True
ETH,1,2026-07-21 00:45:00,2026-07-21 02:15:00,1913.9227079999998,0.0046495253461947906,-0.004848595441125593,0.0,-0.005848595441125593,-1.2578908610342627,止损,7,False
ETH,1,2026-07-21 06:45:00,2026-07-21 11:00:00,1937.3773979999999,0.004600045079232845,-0.00479912507021692,4.126e-05,-0.005840385070216921,-1.2696364860822036,止损,18,False
ETH,-1,2026-07-23 15:15:00,2026-07-23 15:15:00,1883.133298,0.006046237300182388,-0.0062474465476424395,-0.0,-0.0072474465476424395,-1.1986705429877549,止损,1,False
ETH,-1,2026-07-23 18:00:00,2026-07-24 07:00:00,1877.354454,0.0059640068863263465,-0.006165199687703548,1.139e-05,-0.007176589687703548,-1.203316801018001,止损,53,False
ETH,-1,2026-07-24 13:15:00,2026-07-25 13:15:00,1861.1277,0.005262189594082395,-0.0006419172633882333,-9.405999999999999e-05,-0.0015478572633882332,-0.29414699636228975,超时,97,False
ETH,1,2026-07-26 12:15:00,2026-07-26 12:45:00,1890.07794,0.0023046499349781814,-0.002504189004991143,0.0,-0.003504189004991143,-1.5204864529780822,止损,3,False
ETH,1,2026-07-26 14:15:00,2026-07-26 16:45:00,1894.658856,0.0030982730499297525,0.010749269759609168,1.943e-05,0.009729839759609168,3.140407447248645,保本/跟踪,11,False
ETH,1,2026-07-26 22:00:00,2026-07-26 23:15:00,1925.6250479999999,0.0035997424859158236,0.014261704955342845,0.0,0.013261704955342846,3.6840704598259304,保本/跟踪,6,False
ETH,1,2026-07-27 06:00:00,2026-07-27 12:00:00,1964.902902,0.005131226380002181,-0.005330200134726147,8.16e-05,-0.006411800134726147,-1.2495648525106433,止损,25,False
ETH,-1,2026-07-28 10:00:00,2026-07-28 12:30:00,1874.92494,0.004109097984815817,-0.004309919804412807,-0.0,-0.005309919804412807,-1.2922348953552185,止损,11,False
ETH,-1,2026-07-28 13:45:00,2026-07-28 14:00:00,1868.17629,0.006168802818598835,-0.006370036579162516,-0.0,-0.007370036579162516,-1.1947272097824202,止损,2,False
ETH,1,2026-07-30 12:15:00,2026-07-30 13:30:00,1926.025128,0.0038436800432611407,-0.004042911307252415,0.0,-0.005042911307252415,-1.3120008040455406,止损,6,False
ETH,-1,2026-07-31 12:15:00,2026-07-31 13:00:00,1875.3548540000002,0.00414800671857126,-0.0043488363199148975,-0.0,-0.0053488363199148976,-1.2894955777114199,止损,4,False
ETH,-1,2026-07-31 14:15:00,2026-07-31 17:30:00,1863.387248,0.005916853361215907,-0.006118036731888192,2.045e-05,-0.007138486731888192,-1.2064667308944836,止损,14,False
ETH,-1,2026-08-01 18:30:00,2026-08-01 19:00:00,1852.4294399999999,0.0029952230314162693,0.008811289459964443,-0.0,0.007811289459964443,2.6079157972656652,保本/跟踪,3,False
ETH,-1,2026-08-02 12:00:00,2026-08-02 12:15:00,1851.369652,0.003807740712441401,-0.004008502260583825,-0.0,-0.005008502260583825,-1.315347508883433,止损,2,False
ETH,-1,2026-08-03 04:00:00,2026-08-03 08:45:00,1855.818762,0.004419656545705271,0.008896784294432566,8.69e-06,0.007888094294432565,1.7847754034411774,保本/跟踪,20,False
ETH,1,2026-08-05 18:00:00,2026-08-05 23:00:00,1916.313186,0.006479849067536133,-0.006678553097722579,0.0,-0.0076785530977225794,-1.1849894986276641,止损,21,False
ETH,1,2026-08-06 05:15:00,2026-08-06 07:30:00,1914.5128260000001,0.00410395649184008,-0.00430313570054167,0.0,-0.00530313570054167,-1.292200760677148,止损,10,False
ETH,1,2026-08-07 09:45:00,2026-08-07 12:15:00,1915.7530739999997,0.0032605512036245946,0.005954995525769196,0.0,0.004954995525769196,1.5196803289765763,保本/跟踪,11,False
ETH,-1,2026-08-10 15:00:00,2026-08-10 19:15:00,1892.231478,0.004457393115690247,0.007888371510749666,-1.434e-05,0.006902711510749666,1.5485983245345303,保本/跟踪,18,False
ETH,-1,2026-08-11 15:45:00,2026-08-11 19:15:00,1858.168292,0.005711317521473478,-0.005912459784977752,-5.425e-05,-0.006858209784977753,-1.2008104538387467,止损,15,False
ETH,1,2026-08-12 12:30:00,2026-08-12 12:30:00,1922.224368,0.0037175479846630046,-0.003916804475066021,0.0,-0.004916804475066021,-1.322593412472584,止损,1,False
ETH,-1,2026-08-13 11:30:00,2026-08-13 12:00:00,1875.664792,0.0029271602227027753,-0.003127745654747324,-0.0,-0.0041277456547473244,-1.410153644044806,止损,3,False
ETH,-1,2026-08-13 16:45:00,2026-08-13 17:45:00,1869.695986,0.005569588497950429,-0.005770702415649979,-0.0,-0.006770702415649979,-1.2156557738765714,止损,5,False
ETH,-1,2026-08-14 07:00:00,2026-08-14 07:15:00,1871.385648,0.002569754018014353,-0.0027702679688179667,-0.0,-0.0037702679688179667,-1.4671707651346528,止损,2,False
ETH,-1,2026-08-14 08:30:00,2026-08-14 08:45:00,1870.52582,0.0027631688112016075,-0.002963721444963758,-0.0,-0.0039637214449637585,-1.4344839985509505,止损,2,False
ETH,1,2026-08-17 03:00:00,2026-08-17 08:00:00,1902.140352,0.00444689594987891,-0.004646006570688907,6.731e-05,-0.005713316570688907,-1.2847875540790383,止损,21,False
ETH,1,2026-08-17 15:00:00,2026-08-18 01:45:00,1909.151754,0.003922676811434962,-0.0041218922760726095,0.00011104,-0.005232932276072609,-1.334020753587992,止损,44,False
ETH,1,2026-08-19 12:45:00,2026-08-19 13:30:00,1932.766476,0.0028677701756033786,-0.003067196621568216,0.0,-0.004067196621568216,-1.4182435734106476,止损,4,False
ETH,1,2026-08-19 15:00:00,2026-08-19 15:30:00,1970.2939800000001,0.006017076892266005,0.052683061032344054,0.0,0.05168306103234405,8.589396804746572,保本/跟踪,3,False
ETH,1,2026-08-19 21:00:00,2026-08-19 21:15:00,2218.503612,0.015159034519302172,0.01872175901600473,0.0,0.01772175901600473,1.169055918003182,保本/跟踪,2,True
ETH,1,2026-08-20 08:15:00,2026-08-20 13:30:00,2284.166742,0.00849333075301924,-0.008691632086868644,0.0,-0.009691632086868643,-1.1410873270681736,止损,22,True
ETH,1,2026-08-20 16:00:00,2026-08-21 02:00:00,2325.585024,0.011979942337379191,0.010629970484801635,9.031e-05,0.009539660484801635,0.7963027046496279,保本/跟踪,41,True
ETH,1,2026-08-21 07:15:00,2026-08-21 09:00:00,2386.017108,0.008533854993887691,0.011540976367438718,0.0001,0.01044097636743872,1.2234771243379445,保本/跟踪,8,True
ETH,1,2026-08-21 21:15:00,2026-08-22 00:00:00,2449.28976,0.010039148849354808,0.023681507835716417,0.0001,0.022581507835716417,2.2493448572751937,保本/跟踪,12,True
ETH,1,2026-08-23 11:45:00,2026-08-23 12:00:00,2433.866676,0.00624219912023408,-0.006440950680409941,0.0,-0.007440950680409941,-1.1920399425084198,止损,2,False
ETH,1,2026-08-23 13:30:00,2026-08-23 14:30:00,2454.3107640000003,0.007497991940883887,-0.007696492342495798,0.0,-0.0086964923424958,-1.159842850067218,止损,5,True
ETH,1,2026-08-24 13:00:00,2026-08-24 13:30:00,2512.5024,0.009404506081911483,-0.009602625180695153,0.0,-0.010602625180695154,-1.1273984075663601,止损,3,True
ETH,1,2026-08-27 08:30:00,2026-08-27 09:30:00,2533.776654,0.0061346700896841265,0.0024122943937188077,0.0,0.0014122943937188077,0.230215215011102,保本/跟踪,5,False
ETH,1,2026-08-30 16:15:00,2026-08-30 17:15:00,2510.0419079999997,0.004993832167885425,-0.005192833401451672,0.0,-0.006192833401451672,-1.2400964215971937,止损,5,False
ETH,1,2026-09-01 06:00:00,2026-09-01 06:15:00,2484.006702,0.004149719438688465,-0.0043488894948007254,0.0,-0.0053488894948007255,-1.2889761763005507,止损,2,False
ETH,-1,2026-09-01 18:45:00,2026-09-01 18:45:00,2387.9723099999997,0.007923009977365262,-0.008124594579360617,-0.0,-0.009124594579360618,-1.15165759041426,止损,1,True
ETH,-1,2026-09-02 01:45:00,2026-09-02 02:15:00,2393.57119,0.006210077842810126,-0.006411319858378639,-0.0,-0.007411319858378639,-1.1934342927696602,止损,3,False
ETH,-1,2026-09-02 09:30:00,2026-09-02 11:00:00,2386.752554,0.0057012903275429705,0.004434170166762276,-0.0,0.003434170166762276,0.6023496383216581,保本/跟踪,7,False
ETH,1,2026-09-03 16:00:00,2026-09-03 16:00:00,2516.5032,0.008338371192246959,-0.00853670351800844,0.0,-0.009536703518008439,-1.143712998394182,止损,1,True
ETH,1,2026-09-04 04:30:00,2026-09-04 04:45:00,2523.2445479999997,0.005085771246183497,-0.005284754091934372,0.0,-0.006284754091934372,-1.2357524134909967,止损,2,False
ETH,1,2026-09-04 09:00:00,2026-09-04 12:30:00,2526.945288,0.005332556865303253,-0.00553149035393008,0.0,-0.00653149035393008,-1.2248327620147461,止损,15,False
ETH,1,2026-09-05 21:45:00,2026-09-05 22:15:00,2490.658032,0.00335636683147223,-0.0035556955581058924,0.0,-0.0045556955581058925,-1.3573294537973941,止损,3,False
ETH,1,2026-09-06 01:15:00,2026-09-06 06:00:00,2496.729246,0.0033959403047304263,0.004878713320245678,0.0,0.003878713320245678,1.1421618085697105,保本/跟踪,20,False
ETH,1,2026-09-06 21:15:00,2026-09-06 22:00:00,2510.5320060000004,0.0033607245664879415,-0.0035600524215747592,0.0,-0.00456005242157476,-1.356865857751667,止损,4,False
ETH,1,2026-09-06 23:45:00,2026-09-07 00:15:00,2519.773854,0.004454579438789243,-0.004653688522901327,6.753e-05,-0.0057212185229013265,-1.2843453801906732,止损,3,False
ETH,1,2026-09-07 02:45:00,2026-09-07 02:45:00,2526.75525,0.005815843101161602,-0.006014679932541432,0.0,-0.007014679932541432,-1.2061329390300068,止损,1,False
ETH,-1,2026-09-08 06:30:00,2026-09-08 07:15:00,2464.686964,0.004421378002235323,-0.004622262277835617,-0.0,-0.005622262277835617,-1.2716085969109994,止损,4,False
ETH,1,2026-09-09 08:30:00,2026-09-09 09:00:00,2520.5340060000003,0.0043811192375478895,-0.0045802430137004526,0.0,-0.005580243013700453,-1.2737026113956469,止损,3,False
ETH,-1,2026-09-09 22:15:00,2026-09-09 23:15:00,2445.920718,0.005954615697999593,-0.006155806621139319,-0.0,-0.007155806621139319,-1.2017243402531008,止损,5,False
ETH,-1,2026-09-10 13:00:00,2026-09-10 13:30:00,2412.957312,0.006124085529797889,-0.006325310346903879,-0.0,-0.007325310346903879,-1.1961476225733956,止损,3,False
ETH,-1,2026-09-10 23:15:00,2026-09-11 00:00:00,2434.652972,0.00474862370028552,-0.004949573425025587,-6.31e-06,-0.0059432634250255875,-1.2515759934122044,止损,4,False
ETH,1,2026-09-11 14:00:00,2026-09-11 14:45:00,2628.7456439999996,0.013162543443572056,-0.013359910934883359,0.0,-0.014359910934883358,-1.0909677902636696,止损,4,True
ETH,1,2026-09-12 08:45:00,2026-09-12 15:00:00,2532.026304,0.002561322447690875,0.0017746958099127703,0.0,0.0007746958099127703,0.30245930597734255,保本/跟踪,26,False
ETH,-1,2026-09-13 13:30:00,2026-09-13 13:45:00,2465.4568099999997,0.004206480726636895,-0.004407322022782178,-0.0,-0.005407322022782178,-1.2854740991777613,止损,2,False
ETH,-1,2026-09-14 00:30:00,2026-09-14 00:30:00,2467.7263559999997,0.005352793568028972,-0.005553864126742562,-0.0,-0.006553864126742562,-1.2243820060402317,止损,1,False
ETH,1,2026-09-14 18:30:00,2026-09-14 20:30:00,2538.827664,0.006428364907014532,0.018265833921346744,0.0,0.017265833921346743,2.6858826732917005,保本/跟踪,9,False
ETH,-1,2026-09-15 08:00:00,2026-09-15 10:45:00,2472.275446,0.004969981718970608,-0.005170975715314375,-0.0,-0.006170975715314375,-1.2416495802709953,止损,12,False
ETH,-1,2026-09-15 13:45:00,2026-09-15 15:15:00,2448.600182,0.005831582835313732,0.013977641765106482,-0.0,0.012977641765106483,2.225406400217635,保本/跟踪,7,False
ETH,-1,2026-09-15 18:45:00,2026-09-15 18:45:00,2385.812742,0.010892959226154393,-0.011095137817999501,-0.0,-0.0120951378179995,-1.110362902025616,止损,1,True
ETH,-1,2026-09-16 17:45:00,2026-09-16 17:45:00,2374.564992,0.006478682164919283,-0.006679977901352376,-0.0,-0.007679977901352376,-1.185422853884986,止损,1,False
ETH,1,2026-09-18 05:15:00,2026-09-18 09:30:00,2488.457592,0.005093543841457498,0.005215859198940016,7.752e-05,0.004138339198940016,0.8124675722347068,保本/跟踪,18,False
ETH,1,2026-09-18 13:45:00,2026-09-18 22:30:00,2537.20734,0.006459644356569074,0.03420353439051697,0.0001,0.03310353439051696,5.124668257758283,保本/跟踪,36,False
ETH,1,2026-09-19 08:30:00,2026-09-19 13:30:00,2644.77885,0.005421508173712157,-0.005620423872077391,0.0,-0.006620423872077391,-1.2211406235959477,止损,21,False
ETH,1,2026-09-20 16:15:00,2026-09-20 21:00:00,2622.594414,0.0056073281383378325,-0.005806206672710067,0.0,-0.006806206672710067,-1.2138056672972977,止损,20,False
ETH,1,2026-09-21 00:15:00,2026-09-21 01:45:00,2678.165526,0.007451926709552119,-0.007650436324210139,0.0,-0.008650436324210139,-1.1608321795652836,止损,7,True
ETH,1,2026-09-21 08:30:00,2026-09-21 10:00:00,2680.576008,0.006768549982598554,0.012808735044767134,0.0,0.011808735044767135,1.7446476830527258,保本/跟踪,7,False
ETH,1,2026-09-21 20:30:00,2026-09-21 20:30:00,2803.920672,0.008078279284271126,-0.008276663628414194,0.0,-0.009276663628414193,-1.1483464859250891,止损,1,True
ETH,-1,2026-09-24 09:45:00,2026-09-24 13:00:00,2638.3822179999997,0.006544013925521195,-0.00674532272830632,-0.0,-0.00774532272830632,-1.1835736929134741,止损,14,False
ETH,1,2026-09-27 02:00:00,2026-09-27 04:00:00,2700.99009,0.002603853414423163,-0.002803332643740238,0.0,-0.003803332643740238,-1.4606554357756725,止损,9,False
ETH,1,2026-09-27 08:00:00,2026-09-27 09:00:00,2717.69343,0.002701292597113372,-0.002900752338594049,0.0,-0.003900752338594049,-1.4440317730713184,止损,5,False
ETH,-1,2026-09-28 01:15:00,2026-09-28 06:00:00,2665.7267480000005,0.005713015043499301,0.004482941157666226,-0.0,0.0034829411576662262,0.6096502689292547,保本/跟踪,20,False
ETH,1,2026-09-29 08:30:00,2026-09-29 08:45:00,2722.884468,0.005366924537158193,-0.0055658511522507625,0.0,-0.0065658511522507625,-1.2233917407989876,止损,2,False
