组合,挑选_单数,挑选_胜率%,挑选_PF,挑选_随机PF,挑选_最差一单%,挑选_过关,验证1换时间_单数,验证1换时间_胜率%,验证1换时间_PF,验证1换时间_随机PF,验证1换时间_最差一单%,验证1换时间_过关,验证2换币_单数,验证2换币_胜率%,验证2换币_PF,验证2换币_随机PF,验证2换币_最差一单%,验证2换币_过关
5分钟 大单跟随 补仓E(1:1:1:1:1，-2%/-4%/-6%/-8%补) 均价止盈1% 止损离第一笔11% 拿24h,7588,84,0.87,0.84,-7.5,,7651,88,0.89,0.82,-7.5,,5906,88,0.83,0.91,-7.5,
5分钟 大单跟随 补仓E(1:1:1:1:1，-2%/-4%/-6%/-8%补) 均价止盈1% 止损离第一笔11% 拿72h,6194,93,0.86,0.87,-7.5,,6549,95,0.94,0.85,-7.5,,5310,95,0.9,0.92,-7.5,
5分钟 大单跟随 补仓E(1:1:1:1:1，-2%/-4%/-6%/-8%补) 均价止盈1% 止损离第一笔14% 拿24h,7509,84,0.84,0.88,-10.6,,7563,88,0.89,0.8,-10.6,,5818,89,0.87,0.89,-10.6,
5分钟 大单跟随 补仓E(1:1:1:1:1，-2%/-4%/-6%/-8%补) 均价止盈1% 止损离第一笔14% 拿72h,5955,93,0.86,0.84,-10.6,,6248,95,0.91,0.8,-10.6,,5025,95,0.88,0.92,-10.6,
5分钟 大单跟随 补仓E(1:1:1:1:1，-2%/-4%/-6%/-8%补) 均价止盈1% 止损离第一笔18% 拿24h,7453,84,0.84,0.83,-14.7,,7521,88,0.84,0.79,-14.7,,5759,89,0.85,0.92,-14.7,
5分钟 大单跟随 补仓E(1:1:1:1:1，-2%/-4%/-6%/-8%补) 均价止盈1% 止损离第一笔18% 拿72h,5764,94,0.85,0.84,-14.7,,5987,95,0.88,0.8,-14.7,,4861,95,0.85,0.91,-14.7,
5分钟 大单跟随 补仓E(1:1:1:1:1，-2%/-4%/-6%/-8%补) 均价止盈2% 止损离第一笔11% 拿24h,5293,71,0.9,0.92,-7.5,,5159,77,0.93,0.82,-7.5,,4194,77,0.9,0.91,-7.5,
5分钟 大单跟随 补仓E(1:1:1:1:1，-2%/-4%/-6%/-8%补) 均价止盈2% 止损离第一笔11% 拿72h,3765,84,0.9,0.9,-7.5,,3890,87,0.89,0.86,-7.5,,3415,87,0.95,0.96,-7.5,
5分钟 大单跟随 补仓E(1:1:1:1:1，-2%/-4%/-6%/-8%补) 均价止盈2% 止损离第一笔14% 拿24h,5214,70,0.86,0.85,-10.6,,5085,77,0.92,0.84,-10.6,,4091,77,0.89,0.93,-10.6,
5分钟 大单跟随 补仓E(1:1:1:1:1，-2%/-4%/-6%/-8%补) 均价止盈2% 止损离第一笔14% 拿72h,3582,84,0.9,0.87,-10.6,,3647,87,0.85,0.89,-10.6,,3172,89,0.94,0.94,-10.6,
5分钟 大单跟随 补仓E(1:1:1:1:1，-2%/-4%/-6%/-8%补) 均价止盈2% 止损离第一笔18% 拿24h,5168,70,0.86,0.81,-14.7,,5057,77,0.89,0.89,-14.7,,4040,77,0.87,0.91,-14.7,
5分钟 大单跟随 补仓E(1:1:1:1:1，-2%/-4%/-6%/-8%补) 均价止盈2% 止损离第一笔18% 拿72h,3453,85,0.87,0.86,-14.7,,3519,88,0.85,0.88,-14.7,,2988,89,0.9,0.91,-14.7,
5分钟 大单跟随 补仓E(1:1:1:1:1，-2%/-4%/-6%/-8%补) 均价止盈3% 止损离第一笔11% 拿24h,4380,63,0.88,0.85,-7.5,,4188,68,0.89,0.9,-7.5,,3392,68,0.89,0.96,-7.5,
5分钟 大单跟随 补仓E(1:1:1:1:1，-2%/-4%/-6%/-8%补) 均价止盈3% 止损离第一笔11% 拿72h,2828,77,0.9,0.92,-7.5,,2822,79,0.86,0.92,-7.5,,2499,80,0.91,0.97,-7.5,
5分钟 大单跟随 补仓E(1:1:1:1:1，-2%/-4%/-6%/-8%补) 均价止盈3% 止损离第一笔14% 拿24h,4320,63,0.87,0.85,-10.6,,4117,68,0.88,0.86,-10.6,,3311,69,0.94,0.98,-10.6,
5分钟 大单跟随 补仓E(1:1:1:1:1，-2%/-4%/-6%/-8%补) 均价止盈3% 止损离第一笔14% 拿72h,2661,77,0.91,0.84,-10.6,,2629,79,0.79,0.92,-10.6,,2318,81,0.92,0.91,-10.6,
5分钟 大单跟随 补仓E(1:1:1:1:1，-2%/-4%/-6%/-8%补) 均价止盈3% 止损离第一笔18% 拿24h,4285,63,0.84,0.85,-14.7,,4092,68,0.87,0.84,-14.7,,3275,69,0.9,0.87,-14.7,
5分钟 大单跟随 补仓E(1:1:1:1:1，-2%/-4%/-6%/-8%补) 均价止盈3% 止损离第一笔18% 拿72h,2575,78,0.86,0.83,-14.7,,2563,80,0.81,0.93,-14.7,,2189,82,0.9,0.9,-14.7,
5分钟 大单跟随 补仓E(1:1:1:1:1，-2%/-4%/-6%/-8%补) 均价止盈5% 止损离第一笔11% 拿24h,3714,58,0.94,0.83,-7.5,,3457,59,0.88,0.87,-7.5,,2744,61,0.94,0.93,-7.5,
5分钟 大单跟随 补仓E(1:1:1:1:1，-2%/-4%/-6%/-8%补) 均价止盈5% 止损离第一笔11% 拿72h,2044,69,1.03,0.88,-7.5,,1952,69,0.85,0.97,-7.5,,1758,70,0.98,0.96,-7.5,
5分钟 大单跟随 补仓E(1:1:1:1:1，-2%/-4%/-6%/-8%补) 均价止盈5% 止损离第一笔14% 拿24h,3680,58,0.91,0.86,-10.6,,3406,59,0.86,0.85,-10.6,,2706,62,0.95,0.94,-10.6,
5分钟 大单跟随 补仓E(1:1:1:1:1，-2%/-4%/-6%/-8%补) 均价止盈5% 止损离第一笔14% 拿72h,1946,69,0.99,0.86,-10.6,,1824,69,0.81,0.9,-10.6,,1649,71,0.95,0.98,-10.6,
5分钟 大单跟随 补仓E(1:1:1:1:1，-2%/-4%/-6%/-8%补) 均价止盈5% 止损离第一笔18% 拿24h,3655,58,0.88,0.87,-14.7,,3387,60,0.85,0.93,-14.7,,2675,62,0.96,0.95,-14.7,
5分钟 大单跟随 补仓E(1:1:1:1:1，-2%/-4%/-6%/-8%补) 均价止盈5% 止损离第一笔18% 拿72h,1880,69,0.93,0.9,-14.7,,1766,70,0.8,1.02,-14.7,,1559,72,0.97,0.94,-14.7,
5分钟 大单跟随 补仓E(1:1:1:1:1，-2%/-4%/-6%/-8%补) 均价止盈8% 止损离第一笔11% 拿24h,3450,55,0.91,0.91,-7.5,,3159,58,0.85,0.86,-7.5,,2473,60,0.98,0.92,-7.5,
5分钟 大单跟随 补仓E(1:1:1:1:1，-2%/-4%/-6%/-8%补) 均价止盈8% 止损离第一笔11% 拿72h,1632,63,1.06,0.91,-7.5,,1524,61,0.83,0.9,-7.5,,1347,61,0.93,0.96,-7.5,
5分钟 大单跟随 补仓E(1:1:1:1:1，-2%/-4%/-6%/-8%补) 均价止盈8% 止损离第一笔14% 拿24h,3431,55,0.89,0.89,-10.6,,3121,58,0.82,0.85,-10.6,,2437,60,1.01,0.93,-10.6,
5分钟 大单跟随 补仓E(1:1:1:1:1，-2%/-4%/-6%/-8%补) 均价止盈8% 止损离第一笔14% 拿72h,1577,65,1.19,0.93,-10.6,✔,1447,61,0.75,0.91,-10.6,,1277,64,0.97,0.98,-10.6,
5分钟 大单跟随 补仓E(1:1:1:1:1，-2%/-4%/-6%/-8%补) 均价止盈8% 止损离第一笔18% 拿24h,3411,56,0.9,0.85,-14.7,,3100,58,0.81,0.93,-14.7,,2414,60,1.04,0.86,-14.7,
5分钟 大单跟随 补仓E(1:1:1:1:1，-2%/-4%/-6%/-8%补) 均价止盈8% 止损离第一笔18% 拿72h,1537,65,1.09,0.77,-14.7,,1402,62,0.77,0.9,-14.7,,1216,66,1.08,0.95,-14.7,
5分钟 大单跟随 补仓F(1:1:1:1:1:1，-1.5%/-3%/-4.5%/-6%/-7.5%补) 均价止盈1% 止损离第一笔10% 拿24h,7795,85,0.85,0.84,-7.2,,7899,89,0.91,0.81,-7.2,,6162,89,0.82,0.95,-7.2,
5分钟 大单跟随 补仓F(1:1:1:1:1:1，-1.5%/-3%/-4.5%/-6%/-7.5%补) 均价止盈1% 止损离第一笔10% 拿72h,6495,93,0.83,0.91,-7.2,,6920,95,0.94,0.83,-7.2,,5542,95,0.87,0.94,-7.2,
5分钟 大单跟随 补仓F(1:1:1:1:1:1，-1.5%/-3%/-4.5%/-6%/-7.5%补) 均价止盈1% 止损离第一笔14% 拿24h,7705,85,0.82,0.83,-10.3,,7807,89,0.92,0.76,-10.3,,6049,90,0.87,0.93,-10.3,
5分钟 大单跟随 补仓F(1:1:1:1:1:1，-1.5%/-3%/-4.5%/-6%/-7.5%补) 均价止盈1% 止损离第一笔14% 拿72h,6224,94,0.83,0.83,-10.3,,6592,96,0.95,0.83,-10.3,,5246,95,0.86,0.97,-10.3,
5分钟 大单跟随 补仓F(1:1:1:1:1:1，-1.5%/-3%/-4.5%/-6%/-7.5%补) 均价止盈1% 止损离第一笔18% 拿24h,7648,85,0.83,0.81,-14.4,,7764,89,0.89,0.77,-14.4,,5971,90,0.87,0.92,-14.4,
5分钟 大单跟随 补仓F(1:1:1:1:1:1，-1.5%/-3%/-4.5%/-6%/-7.5%补) 均价止盈1% 止损离第一笔18% 拿72h,5979,94,0.82,0.77,-14.4,,6354,96,0.93,0.86,-14.4,,5021,96,0.83,0.89,-14.4,
5分钟 大单跟随 补仓F(1:1:1:1:1:1，-1.5%/-3%/-4.5%/-6%/-7.5%补) 均价止盈2% 止损离第一笔10% 拿24h,5398,72,0.89,0.89,-7.2,,5265,78,0.91,0.9,-7.2,,4281,78,0.93,0.97,-7.2,
5分钟 大单跟随 补仓F(1:1:1:1:1:1，-1.5%/-3%/-4.5%/-6%/-7.5%补) 均价止盈2% 止损离第一笔10% 拿72h,3941,84,0.87,0.88,-7.2,,4088,88,0.93,0.9,-7.2,,3550,88,0.97,1.03,-7.2,
5分钟 大单跟随 补仓F(1:1:1:1:1:1，-1.5%/-3%/-4.5%/-6%/-7.5%补) 均价止盈2% 止损离第一笔14% 拿24h,5303,72,0.86,0.88,-10.3,,5180,78,0.91,0.81,-10.3,,4180,78,0.91,0.91,-10.3,
5分钟 大单跟随 补仓F(1:1:1:1:1:1，-1.5%/-3%/-4.5%/-6%/-7.5%补) 均价止盈2% 止损离第一笔14% 拿72h,3680,85,0.85,0.87,-10.3,,3827,88,0.9,0.9,-10.3,,3285,89,0.99,0.99,-10.3,
5分钟 大单跟随 补仓F(1:1:1:1:1:1，-1.5%/-3%/-4.5%/-6%/-7.5%补) 均价止盈2% 止损离第一笔18% 拿24h,5252,72,0.84,0.87,-14.4,,5144,78,0.87,0.85,-14.4,,4118,78,0.9,0.92,-14.4,
5分钟 大单跟随 补仓F(1:1:1:1:1:1，-1.5%/-3%/-4.5%/-6%/-7.5%补) 均价止盈2% 止损离第一笔18% 拿72h,3536,85,0.82,0.81,-14.4,,3659,88,0.87,0.92,-14.4,,3085,89,0.92,0.93,-14.4,
5分钟 大单跟随 补仓F(1:1:1:1:1:1，-1.5%/-3%/-4.5%/-6%/-7.5%补) 均价止盈3% 止损离第一笔10% 拿24h,4454,65,0.94,0.88,-7.2,,4267,70,0.98,0.92,-7.2,,3441,69,0.87,0.94,-7.2,
5分钟 大单跟随 补仓F(1:1:1:1:1:1，-1.5%/-3%/-4.5%/-6%/-7.5%补) 均价止盈3% 止损离第一笔10% 拿72h,2940,78,0.97,0.9,-7.2,,2947,80,0.89,0.94,-7.2,,2589,80,0.89,0.89,-7.2,
5分钟 大单跟随 补仓F(1:1:1:1:1:1，-1.5%/-3%/-4.5%/-6%/-7.5%补) 均价止盈3% 止损离第一笔14% 拿24h,4384,64,0.89,0.83,-10.3,,4201,70,0.95,0.92,-10.3,,3351,70,0.91,0.95,-10.3,
5分钟 大单跟随 补仓F(1:1:1:1:1:1，-1.5%/-3%/-4.5%/-6%/-7.5%补) 均价止盈3% 止损离第一笔14% 拿72h,2735,79,0.93,0.91,-10.3,,2733,80,0.8,0.88,-10.3,,2375,82,0.92,0.91,-10.3,
5分钟 大单跟随 补仓F(1:1:1:1:1:1，-1.5%/-3%/-4.5%/-6%/-7.5%补) 均价止盈3% 止损离第一笔18% 拿24h,4348,64,0.88,0.84,-14.4,,4168,70,0.95,0.89,-14.4,,3311,70,0.91,0.93,-14.4,
5分钟 大单跟随 补仓F(1:1:1:1:1:1，-1.5%/-3%/-4.5%/-6%/-7.5%补) 均价止盈3% 止损离第一笔18% 拿72h,2650,79,0.93,0.85,-14.4,,2628,81,0.82,0.9,-14.4,,2238,82,0.86,0.87,-14.4,
5分钟 大单跟随 补仓F(1:1:1:1:1:1，-1.5%/-3%/-4.5%/-6%/-7.5%补) 均价止盈5% 止损离第一笔10% 拿24h,3737,59,0.92,0.88,-7.2,,3483,62,0.9,0.89,-7.2,,2770,62,0.91,0.94,-7.2,
5分钟 大单跟随 补仓F(1:1:1:1:1:1，-1.5%/-3%/-4.5%/-6%/-7.5%补) 均价止盈5% 止损离第一笔10% 拿72h,2082,69,1.02,0.95,-7.2,,1979,68,0.83,0.92,-7.2,,1810,71,0.99,0.9,-7.2,
5分钟 大单跟随 补仓F(1:1:1:1:1:1，-1.5%/-3%/-4.5%/-6%/-7.5%补) 均价止盈5% 止损离第一笔14% 拿24h,3695,59,0.87,0.86,-10.3,,3429,62,0.87,0.89,-10.3,,2720,63,0.97,0.96,-10.3,
5分钟 大单跟随 补仓F(1:1:1:1:1:1，-1.5%/-3%/-4.5%/-6%/-7.5%补) 均价止盈5% 止损离第一笔14% 拿72h,1975,70,1.02,0.95,-10.3,,1862,69,0.79,0.91,-10.3,,1673,73,1.03,0.88,-10.3,
5分钟 大单跟随 补仓F(1:1:1:1:1:1，-1.5%/-3%/-4.5%/-6%/-7.5%补) 均价止盈5% 止损离第一笔18% 拿24h,3662,59,0.82,0.85,-14.4,,3407,62,0.88,0.89,-14.4,,2690,63,0.92,0.88,-14.4,
5分钟 大单跟随 补仓F(1:1:1:1:1:1，-1.5%/-3%/-4.5%/-6%/-7.5%补) 均价止盈5% 止损离第一笔18% 拿72h,1904,70,0.95,0.82,-14.4,,1790,70,0.78,0.9,-14.4,,1579,73,1.0,0.89,-14.4,
5分钟 大单跟随 补仓F(1:1:1:1:1:1，-1.5%/-3%/-4.5%/-6%/-7.5%补) 均价止盈8% 止损离第一笔10% 拿24h,3466,57,0.93,0.86,-7.2,,3166,60,0.88,0.92,-7.2,,2484,61,0.94,0.92,-7.2,
5分钟 大单跟随 补仓F(1:1:1:1:1:1，-1.5%/-3%/-4.5%/-6%/-7.5%补) 均价止盈8% 止损离第一笔10% 拿72h,1653,63,1.05,0.93,-7.2,,1548,63,0.95,0.94,-7.2,,1374,62,0.97,0.91,-7.2,
5分钟 大单跟随 补仓F(1:1:1:1:1:1，-1.5%/-3%/-4.5%/-6%/-7.5%补) 均价止盈8% 止损离第一笔14% 拿24h,3433,57,0.91,0.82,-10.3,,3127,60,0.84,0.89,-10.3,,2440,62,0.98,0.98,-10.3,
5分钟 大单跟随 补仓F(1:1:1:1:1:1，-1.5%/-3%/-4.5%/-6%/-7.5%补) 均价止盈8% 止损离第一笔14% 拿72h,1604,66,1.14,0.88,-10.3,✔,1467,63,0.82,0.9,-10.3,,1289,66,1.13,0.93,-10.3,✔
5分钟 大单跟随 补仓F(1:1:1:1:1:1，-1.5%/-3%/-4.5%/-6%/-7.5%补) 均价止盈8% 止损离第一笔18% 拿24h,3414,57,0.91,0.86,-14.4,,3106,60,0.84,0.89,-14.4,,2415,61,0.99,0.9,-14.4,
5分钟 大单跟随 补仓F(1:1:1:1:1:1，-1.5%/-3%/-4.5%/-6%/-7.5%补) 均价止盈8% 止损离第一笔18% 拿72h,1550,67,1.11,0.9,-14.4,,1420,64,0.84,0.92,-14.4,,1226,66,1.09,1.0,-14.4,
5分钟 大单跟随 补仓G(1:1:2:2:4，-2%/-4%/-6%/-8%补) 均价止盈1% 止损离第一笔11% 拿24h,7734,85,0.86,0.86,-6.1,,7787,89,0.86,0.78,-6.1,,6054,90,0.87,0.93,-6.1,
5分钟 大单跟随 补仓G(1:1:2:2:4，-2%/-4%/-6%/-8%补) 均价止盈1% 止损离第一笔11% 拿72h,6524,94,0.83,0.94,-6.1,,6906,96,0.9,0.83,-6.1,,5544,96,0.94,0.99,-6.1,
5分钟 大单跟随 补仓G(1:1:2:2:4，-2%/-4%/-6%/-8%补) 均价止盈1% 止损离第一笔14% 拿24h,7662,85,0.81,0.85,-9.3,,7704,89,0.85,0.75,-9.3,,5983,90,0.93,0.9,-9.3,
5分钟 大单跟随 补仓G(1:1:2:2:4，-2%/-4%/-6%/-8%补) 均价止盈1% 止损离第一笔14% 拿72h,6294,95,0.8,0.91,-9.3,,6655,96,0.87,0.79,-9.3,,5334,97,0.91,0.94,-9.3,
5分钟 大单跟随 补仓G(1:1:2:2:4，-2%/-4%/-6%/-8%补) 均价止盈1% 止损离第一笔18% 拿24h,7607,85,0.8,0.83,-13.5,,7660,89,0.8,0.74,-13.5,,5933,90,0.93,0.92,-13.5,
5分钟 大单跟随 补仓G(1:1:2:2:4，-2%/-4%/-6%/-8%补) 均价止盈1% 止损离第一笔18% 拿72h,6120,95,0.76,0.82,-13.5,,6418,97,0.87,0.86,-13.5,,5171,97,0.91,0.88,-13.5,
5分钟 大单跟随 补仓G(1:1:2:2:4，-2%/-4%/-6%/-8%补) 均价止盈2% 止损离第一笔11% 拿24h,5365,72,0.91,0.91,-6.1,,5248,79,0.89,0.87,-6.1,,4292,80,1.0,0.96,-6.1,
5分钟 大单跟随 补仓G(1:1:2:2:4，-2%/-4%/-6%/-8%补) 均价止盈2% 止损离第一笔11% 拿72h,3947,86,0.9,0.88,-6.1,,4117,89,0.92,0.92,-6.1,,3616,90,1.05,1.02,-6.1,
5分钟 大单跟随 补仓G(1:1:2:2:4，-2%/-4%/-6%/-8%补) 均价止盈2% 止损离第一笔14% 拿24h,5297,72,0.84,0.84,-9.3,,5173,79,0.88,0.82,-9.3,,4206,80,0.98,0.97,-9.3,
5分钟 大单跟随 补仓G(1:1:2:2:4，-2%/-4%/-6%/-8%补) 均价止盈2% 止损离第一笔14% 拿72h,3769,87,0.85,0.86,-9.3,,3916,90,0.9,0.9,-9.3,,3400,91,1.01,0.94,-9.3,
5分钟 大单跟随 补仓G(1:1:2:2:4，-2%/-4%/-6%/-8%补) 均价止盈2% 止损离第一笔18% 拿24h,5248,72,0.84,0.87,-13.5,,5144,79,0.84,0.75,-13.5,,4158,80,0.97,0.88,-13.5,
5分钟 大单跟随 补仓G(1:1:2:2:4，-2%/-4%/-6%/-8%补) 均价止盈2% 止损离第一笔18% 拿72h,3634,87,0.82,0.84,-13.5,,3775,91,0.85,0.88,-13.5,,3249,92,0.97,0.88,-13.5,
5分钟 大单跟随 补仓G(1:1:2:2:4，-2%/-4%/-6%/-8%补) 均价止盈3% 止损离第一笔11% 拿24h,4422,65,0.92,0.83,-6.1,,4222,70,0.87,0.84,-6.1,,3455,71,0.93,0.99,-6.1,
5分钟 大单跟随 补仓G(1:1:2:2:4，-2%/-4%/-6%/-8%补) 均价止盈3% 止损离第一笔11% 拿72h,2921,79,0.86,0.93,-6.1,,2945,82,0.84,0.93,-6.1,,2638,83,0.95,0.98,-6.1,
5分钟 大单跟随 补仓G(1:1:2:2:4，-2%/-4%/-6%/-8%补) 均价止盈3% 止损离第一笔14% 拿24h,4362,65,0.89,0.89,-9.3,,4160,70,0.83,0.87,-9.3,,3377,72,0.99,0.95,-9.3,
5分钟 大单跟随 补仓G(1:1:2:2:4，-2%/-4%/-6%/-8%补) 均价止盈3% 止损离第一笔14% 拿72h,2776,80,0.95,0.86,-9.3,,2754,82,0.76,0.87,-9.3,,2465,85,0.97,0.94,-9.3,
5分钟 大单跟随 补仓G(1:1:2:2:4，-2%/-4%/-6%/-8%补) 均价止盈3% 止损离第一笔18% 拿24h,4321,65,0.83,0.88,-13.5,,4132,70,0.82,0.84,-13.5,,3346,72,0.97,0.93,-13.5,
5分钟 大单跟随 补仓G(1:1:2:2:4，-2%/-4%/-6%/-8%补) 均价止盈3% 止损离第一笔18% 拿72h,2685,80,0.85,0.8,-13.5,,2682,83,0.79,0.94,-13.5,,2365,86,0.96,0.89,-13.5,
5分钟 大单跟随 补仓G(1:1:2:2:4，-2%/-4%/-6%/-8%补) 均价止盈5% 止损离第一笔11% 拿24h,3740,60,0.92,0.89,-6.1,,3469,62,0.87,0.83,-6.1,,2777,64,0.98,1.03,-6.1,
5分钟 大单跟随 补仓G(1:1:2:2:4，-2%/-4%/-6%/-8%补) 均价止盈5% 止损离第一笔11% 拿72h,2089,72,0.98,0.9,-6.1,,2000,72,0.8,0.88,-6.1,,1818,73,1.0,0.95,-6.1,
5分钟 大单跟随 补仓G(1:1:2:2:4，-2%/-4%/-6%/-8%补) 均价止盈5% 止损离第一笔14% 拿24h,3700,60,0.88,0.87,-9.3,,3419,62,0.83,0.88,-9.3,,2734,65,1.02,0.91,-9.3,
5分钟 大单跟随 补仓G(1:1:2:2:4，-2%/-4%/-6%/-8%补) 均价止盈5% 止损离第一笔14% 拿72h,1985,72,0.94,0.85,-9.3,,1886,74,0.82,0.88,-9.3,,1696,75,0.97,0.92,-9.3,
5分钟 大单跟随 补仓G(1:1:2:2:4，-2%/-4%/-6%/-8%补) 均价止盈5% 止损离第一笔18% 拿24h,3676,60,0.85,0.81,-13.5,,3398,62,0.81,0.88,-13.5,,2705,65,0.98,0.9,-13.5,
5分钟 大单跟随 补仓G(1:1:2:2:4，-2%/-4%/-6%/-8%补) 均价止盈5% 止损离第一笔18% 拿72h,1922,72,0.87,0.79,-13.5,,1828,75,0.79,0.88,-13.5,,1607,76,0.95,0.87,-13.5,
5分钟 大单跟随 补仓G(1:1:2:2:4，-2%/-4%/-6%/-8%补) 均价止盈8% 止损离第一笔11% 拿24h,3454,57,0.9,0.93,-6.1,,3161,60,0.85,0.92,-6.1,,2478,62,0.98,0.87,-6.1,
5分钟 大单跟随 补仓G(1:1:2:2:4，-2%/-4%/-6%/-8%补) 均价止盈8% 止损离第一笔11% 拿72h,1637,66,1.09,0.92,-6.1,,1542,64,0.81,0.88,-6.1,,1358,65,0.94,1.02,-6.1,
5分钟 大单跟随 补仓G(1:1:2:2:4，-2%/-4%/-6%/-8%补) 均价止盈8% 止损离第一笔14% 拿24h,3434,57,0.86,0.85,-9.3,,3124,60,0.8,0.87,-9.3,,2446,63,1.03,0.87,-9.3,
5分钟 大单跟随 补仓G(1:1:2:2:4，-2%/-4%/-6%/-8%补) 均价止盈8% 止损离第一笔14% 拿72h,1592,68,1.05,0.86,-9.3,,1462,66,0.74,0.8,-9.3,,1289,68,0.95,0.92,-9.3,
5分钟 大单跟随 补仓G(1:1:2:2:4，-2%/-4%/-6%/-8%补) 均价止盈8% 止损离第一笔18% 拿24h,3413,57,0.89,0.84,-13.5,,3104,60,0.79,0.83,-13.5,,2422,63,1.09,0.9,-13.5,
5分钟 大单跟随 补仓G(1:1:2:2:4，-2%/-4%/-6%/-8%补) 均价止盈8% 止损离第一笔18% 拿72h,1543,67,0.99,0.84,-13.5,,1416,67,0.75,0.93,-13.5,,1228,70,1.07,0.93,-13.5,
5分钟 大单跟随 补仓H(1:1:1:1:1:1:1:1，-1%/-2%/-3%/-4%/-5%/-6%/-7%补) 均价止盈1% 止损离第一笔10% 拿24h,8124,87,0.88,0.82,-6.9,,8282,90,0.91,0.87,-6.9,,6437,91,0.84,0.94,-6.9,
5分钟 大单跟随 补仓H(1:1:1:1:1:1:1:1，-1%/-2%/-3%/-4%/-5%/-6%/-7%补) 均价止盈1% 止损离第一笔10% 拿72h,6893,94,0.86,0.89,-6.9,,7354,95,0.93,0.82,-6.9,,5875,95,0.9,1.01,-6.9,
5分钟 大单跟随 补仓H(1:1:1:1:1:1:1:1，-1%/-2%/-3%/-4%/-5%/-6%/-7%补) 均价止盈1% 止损离第一笔13% 拿24h,8006,87,0.82,0.83,-10.0,,8172,90,0.91,0.78,-10.0,,6325,91,0.87,0.9,-10.0,
5分钟 大单跟随 补仓H(1:1:1:1:1:1:1:1，-1%/-2%/-3%/-4%/-5%/-6%/-7%补) 均价止盈1% 止损离第一笔13% 拿72h,6581,94,0.86,0.9,-10.0,,6984,96,0.96,0.86,-10.0,,5581,96,0.9,0.97,-10.0,
5分钟 大单跟随 补仓H(1:1:1:1:1:1:1:1，-1%/-2%/-3%/-4%/-5%/-6%/-7%补) 均价止盈1% 止损离第一笔17% 拿24h,7934,87,0.83,0.83,-14.1,,8122,90,0.88,0.77,-14.1,,6247,91,0.89,0.85,-14.1,
5分钟 大单跟随 补仓H(1:1:1:1:1:1:1:1，-1%/-2%/-3%/-4%/-5%/-6%/-7%补) 均价止盈1% 止损离第一笔17% 拿72h,6346,94,0.86,0.83,-14.1,,6736,96,0.97,0.81,-14.1,,5312,96,0.86,0.94,-14.1,
5分钟 大单跟随 补仓H(1:1:1:1:1:1:1:1，-1%/-2%/-3%/-4%/-5%/-6%/-7%补) 均价止盈2% 止损离第一笔10% 拿24h,5549,75,0.95,0.89,-6.9,,5415,79,0.93,0.91,-6.9,,4418,80,0.92,0.94,-6.9,
5分钟 大单跟随 补仓H(1:1:1:1:1:1:1:1，-1%/-2%/-3%/-4%/-5%/-6%/-7%补) 均价止盈2% 止损离第一笔10% 拿72h,4136,85,0.91,0.92,-6.9,,4299,88,0.93,0.9,-6.9,,3712,88,0.96,1.0,-6.9,
5分钟 大单跟随 补仓H(1:1:1:1:1:1:1:1，-1%/-2%/-3%/-4%/-5%/-6%/-7%补) 均价止盈2% 止损离第一笔13% 拿24h,5441,74,0.88,0.92,-10.0,,5309,80,0.93,0.82,-10.0,,4282,80,0.9,0.93,-10.0,
5分钟 大单跟随 补仓H(1:1:1:1:1:1:1:1，-1%/-2%/-3%/-4%/-5%/-6%/-7%补) 均价止盈2% 止损离第一笔13% 拿72h,3851,86,0.91,0.86,-10.0,,3983,89,0.91,0.91,-10.0,,3416,89,0.94,0.91,-10.0,
5分钟 大单跟随 补仓H(1:1:1:1:1:1:1:1，-1%/-2%/-3%/-4%/-5%/-6%/-7%补) 均价止盈2% 止损离第一笔17% 拿24h,5383,74,0.87,0.86,-14.1,,5267,80,0.88,0.87,-14.1,,4224,80,0.87,0.94,-14.1,
5分钟 大单跟随 补仓H(1:1:1:1:1:1:1:1，-1%/-2%/-3%/-4%/-5%/-6%/-7%补) 均价止盈2% 止损离第一笔17% 拿72h,3697,86,0.88,0.82,-14.1,,3798,89,0.89,0.88,-14.1,,3187,89,0.86,0.91,-14.1,
5分钟 大单跟随 补仓H(1:1:1:1:1:1:1:1，-1%/-2%/-3%/-4%/-5%/-6%/-7%补) 均价止盈3% 止损离第一笔10% 拿24h,4510,67,0.93,0.91,-6.9,,4353,72,0.97,0.89,-6.9,,3504,71,0.88,0.95,-6.9,
5分钟 大单跟随 补仓H(1:1:1:1:1:1:1:1，-1%/-2%/-3%/-4%/-5%/-6%/-7%补) 均价止盈3% 止损离第一笔10% 拿72h,3052,79,0.94,0.9,-6.9,,3086,80,0.9,0.97,-6.9,,2698,81,0.96,1.02,-6.9,
5分钟 大单跟随 补仓H(1:1:1:1:1:1:1:1，-1%/-2%/-3%/-4%/-5%/-6%/-7%补) 均价止盈3% 止损离第一笔13% 拿24h,4426,66,0.88,0.87,-10.0,,4249,72,0.94,0.86,-10.0,,3384,72,0.91,0.91,-10.0,
5分钟 大单跟随 补仓H(1:1:1:1:1:1:1:1，-1%/-2%/-3%/-4%/-5%/-6%/-7%补) 均价止盈3% 止损离第一笔13% 拿72h,2814,79,0.88,0.9,-10.0,,2806,81,0.82,0.91,-10.0,,2458,83,0.98,0.94,-10.0,
5分钟 大单跟随 补仓H(1:1:1:1:1:1:1:1，-1%/-2%/-3%/-4%/-5%/-6%/-7%补) 均价止盈3% 止损离第一笔17% 拿24h,4375,66,0.84,0.84,-14.1,,4218,72,0.91,0.84,-14.1,,3345,72,0.92,0.92,-14.1,
5分钟 大单跟随 补仓H(1:1:1:1:1:1:1:1，-1%/-2%/-3%/-4%/-5%/-6%/-7%补) 均价止盈3% 止损离第一笔17% 拿72h,2695,80,0.91,0.84,-14.1,,2679,81,0.82,1.01,-14.1,,2326,83,0.94,0.93,-14.1,
5分钟 大单跟随 补仓H(1:1:1:1:1:1:1:1，-1%/-2%/-3%/-4%/-5%/-6%/-7%补) 均价止盈5% 止损离第一笔10% 拿24h,3776,62,0.96,0.9,-6.9,,3513,63,0.9,0.91,-6.9,,2804,64,0.92,0.89,-6.9,
5分钟 大单跟随 补仓H(1:1:1:1:1:1:1:1，-1%/-2%/-3%/-4%/-5%/-6%/-7%补) 均价止盈5% 止损离第一笔10% 拿72h,2154,70,1.05,0.95,-6.9,,2044,69,0.85,0.94,-6.9,,1847,70,0.96,1.0,-6.9,
5分钟 大单跟随 补仓H(1:1:1:1:1:1:1:1，-1%/-2%/-3%/-4%/-5%/-6%/-7%补) 均价止盈5% 止损离第一笔13% 拿24h,3718,62,0.92,0.91,-10.0,,3450,63,0.87,0.91,-10.0,,2731,65,0.98,0.89,-10.0,
5分钟 大单跟随 补仓H(1:1:1:1:1:1:1:1，-1%/-2%/-3%/-4%/-5%/-6%/-7%补) 均价止盈5% 止损离第一笔13% 拿72h,2027,72,1.07,0.86,-10.0,,1902,70,0.85,0.92,-10.0,,1692,73,1.01,0.92,-10.0,
5分钟 大单跟随 补仓H(1:1:1:1:1:1:1:1，-1%/-2%/-3%/-4%/-5%/-6%/-7%补) 均价止盈5% 止损离第一笔17% 拿24h,3688,62,0.9,0.89,-14.1,,3423,63,0.86,0.88,-14.1,,2705,65,0.96,0.93,-14.1,
5分钟 大单跟随 补仓H(1:1:1:1:1:1:1:1，-1%/-2%/-3%/-4%/-5%/-6%/-7%补) 均价止盈5% 止损离第一笔17% 拿72h,1940,72,0.99,0.89,-14.1,,1818,71,0.82,0.97,-14.1,,1585,74,1.02,0.9,-14.1,
5分钟 大单跟随 补仓H(1:1:1:1:1:1:1:1，-1%/-2%/-3%/-4%/-5%/-6%/-7%补) 均价止盈8% 止损离第一笔10% 拿24h,3475,59,0.93,0.86,-6.9,,3176,61,0.88,0.88,-6.9,,2498,63,0.98,0.9,-6.9,
5分钟 大单跟随 补仓H(1:1:1:1:1:1:1:1，-1%/-2%/-3%/-4%/-5%/-6%/-7%补) 均价止盈8% 止损离第一笔10% 拿72h,1668,63,1.08,0.91,-6.9,,1575,62,0.88,0.94,-6.9,,1405,64,1.01,0.98,-6.9,
5分钟 大单跟随 补仓H(1:1:1:1:1:1:1:1，-1%/-2%/-3%/-4%/-5%/-6%/-7%补) 均价止盈8% 止损离第一笔13% 拿24h,3439,59,0.89,0.87,-10.0,,3134,61,0.81,0.89,-10.0,,2447,64,1.03,0.85,-10.0,
5分钟 大单跟随 补仓H(1:1:1:1:1:1:1:1，-1%/-2%/-3%/-4%/-5%/-6%/-7%补) 均价止盈8% 止损离第一笔13% 拿72h,1603,66,1.09,0.91,-10.0,,1477,63,0.81,0.84,-10.0,,1300,67,1.13,0.96,-10.0,✔
5分钟 大单跟随 补仓H(1:1:1:1:1:1:1:1，-1%/-2%/-3%/-4%/-5%/-6%/-7%补) 均价止盈8% 止损离第一笔17% 拿24h,3416,59,0.86,0.88,-14.1,,3105,61,0.81,0.86,-14.1,,2425,64,1.03,0.92,-14.1,
5分钟 大单跟随 补仓H(1:1:1:1:1:1:1:1，-1%/-2%/-3%/-4%/-5%/-6%/-7%补) 均价止盈8% 止损离第一笔17% 拿72h,1551,67,1.11,0.88,-14.1,,1422,65,0.8,0.85,-14.1,,1247,68,1.07,0.9,-14.1,
5分钟 大单跟随 补仓I(1:1:1:2:2:3，-2%/-4%/-6%/-9%/-12%补) 均价止盈1% 止损离第一笔15% 拿24h,7541,84,0.83,0.81,-8.6,,7575,88,0.85,0.77,-8.6,,5858,89,0.95,0.9,-8.6,
5分钟 大单跟随 补仓I(1:1:1:2:2:3，-2%/-4%/-6%/-9%/-12%补) 均价止盈1% 止损离第一笔15% 拿72h,6042,94,0.83,0.86,-8.6,,6324,96,0.9,0.86,-8.6,,5160,96,0.91,0.96,-8.6,
5分钟 大单跟随 补仓I(1:1:1:2:2:3，-2%/-4%/-6%/-9%/-12%补) 均价止盈1% 止损离第一笔18% 拿24h,7504,84,0.79,0.8,-11.8,,7559,88,0.8,0.78,-11.8,,5835,89,0.94,0.84,-11.8,
5分钟 大单跟随 补仓I(1:1:1:2:2:3，-2%/-4%/-6%/-9%/-12%补) 均价止盈1% 止损离第一笔18% 拿72h,5922,94,0.76,0.78,-11.8,,6210,96,0.9,0.81,-11.8,,5057,96,0.87,0.96,-11.8,
5分钟 大单跟随 补仓I(1:1:1:2:2:3，-2%/-4%/-6%/-9%/-12%补) 均价止盈1% 止损离第一笔22% 拿24h,7483,84,0.84,0.85,-16.1,,7544,88,0.78,0.71,-16.1,,5820,89,0.89,0.89,-16.1,
5分钟 大单跟随 补仓I(1:1:1:2:2:3，-2%/-4%/-6%/-9%/-12%补) 均价止盈1% 止损离第一笔22% 拿72h,5819,94,0.79,0.75,-16.1,,6118,96,0.87,0.74,-16.1,,4993,96,0.88,0.8,-16.1,
5分钟 大单跟随 补仓I(1:1:1:2:2:3，-2%/-4%/-6%/-9%/-12%补) 均价止盈2% 止损离第一笔15% 拿24h,5226,71,0.89,0.82,-8.6,,5093,78,0.88,0.8,-8.6,,4140,79,0.94,0.97,-8.6,
5分钟 大单跟随 补仓I(1:1:1:2:2:3，-2%/-4%/-6%/-9%/-12%补) 均价止盈2% 止损离第一笔15% 拿72h,3627,86,0.86,0.86,-8.6,,3743,89,0.87,0.87,-8.6,,3265,91,0.98,0.95,-8.6,
5分钟 大单跟随 补仓I(1:1:1:2:2:3，-2%/-4%/-6%/-9%/-12%补) 均价止盈2% 止损离第一笔18% 拿24h,5200,71,0.86,0.88,-11.8,,5085,78,0.85,0.84,-11.8,,4105,79,0.92,0.96,-11.8,
5分钟 大单跟随 补仓I(1:1:1:2:2:3，-2%/-4%/-6%/-9%/-12%补) 均价止盈2% 止损离第一笔18% 拿72h,3537,86,0.79,0.8,-11.8,,3677,90,0.84,0.89,-11.8,,3169,91,0.98,0.94,-11.8,
5分钟 大单跟随 补仓I(1:1:1:2:2:3，-2%/-4%/-6%/-9%/-12%补) 均价止盈2% 止损离第一笔22% 拿24h,5177,71,0.92,0.84,-16.1,,5070,78,0.84,0.81,-16.1,,4088,79,0.89,0.88,-16.1,
5分钟 大单跟随 补仓I(1:1:1:2:2:3，-2%/-4%/-6%/-9%/-12%补) 均价止盈2% 止损离第一笔22% 拿72h,3463,86,0.81,0.8,-16.1,,3612,90,0.78,0.91,-16.1,,3114,91,1.04,0.87,-16.1,
5分钟 大单跟随 补仓I(1:1:1:2:2:3，-2%/-4%/-6%/-9%/-12%补) 均价止盈3% 止损离第一笔15% 拿24h,4326,64,0.87,0.84,-8.6,,4125,69,0.88,0.87,-8.6,,3345,70,1.01,0.91,-8.6,
5分钟 大单跟随 补仓I(1:1:1:2:2:3，-2%/-4%/-6%/-9%/-12%补) 均价止盈3% 止损离第一笔15% 拿72h,2679,78,0.85,0.82,-8.6,,2672,81,0.78,0.92,-8.6,,2401,84,0.97,0.93,-8.6,
5分钟 大单跟随 补仓I(1:1:1:2:2:3，-2%/-4%/-6%/-9%/-12%补) 均价止盈3% 止损离第一笔18% 拿24h,4307,64,0.83,0.85,-11.8,,4116,69,0.84,0.84,-11.8,,3321,70,0.99,0.9,-11.8,
5分钟 大单跟随 补仓I(1:1:1:2:2:3，-2%/-4%/-6%/-9%/-12%补) 均价止盈3% 止损离第一笔18% 拿72h,2639,79,0.82,0.87,-11.8,,2629,82,0.77,0.83,-11.8,,2319,85,0.95,0.88,-11.8,
5分钟 大单跟随 补仓I(1:1:1:2:2:3，-2%/-4%/-6%/-9%/-12%补) 均价止盈3% 止损离第一笔22% 拿24h,4288,64,0.88,0.82,-16.1,,4107,69,0.85,0.84,-16.1,,3316,70,0.96,0.94,-16.1,
5分钟 大单跟随 补仓I(1:1:1:2:2:3，-2%/-4%/-6%/-9%/-12%补) 均价止盈3% 止损离第一笔22% 拿72h,2573,79,0.83,0.78,-16.1,,2576,82,0.77,0.89,-16.1,,2260,85,0.91,0.9,-16.1,
5分钟 大单跟随 补仓I(1:1:1:2:2:3，-2%/-4%/-6%/-9%/-12%补) 均价止盈5% 止损离第一笔15% 拿24h,3677,59,0.9,0.82,-8.6,,3398,60,0.84,0.87,-8.6,,2712,63,0.99,0.98,-8.6,
5分钟 大单跟随 补仓I(1:1:1:2:2:3，-2%/-4%/-6%/-9%/-12%补) 均价止盈5% 止损离第一笔15% 拿72h,1944,71,0.98,0.84,-8.6,,1827,72,0.82,0.88,-8.6,,1630,74,0.94,0.94,-8.6,
5分钟 大单跟随 补仓I(1:1:1:2:2:3，-2%/-4%/-6%/-9%/-12%补) 均价止盈5% 止损离第一笔18% 拿24h,3662,59,0.86,0.86,-11.8,,3388,61,0.8,0.92,-11.8,,2696,63,0.99,0.88,-11.8,
5分钟 大单跟随 补仓I(1:1:1:2:2:3，-2%/-4%/-6%/-9%/-12%补) 均价止盈5% 止损离第一笔18% 拿72h,1908,71,0.88,0.84,-11.8,,1797,73,0.78,0.89,-11.8,,1589,75,0.94,0.96,-11.8,
5分钟 大单跟随 补仓I(1:1:1:2:2:3，-2%/-4%/-6%/-9%/-12%补) 均价止盈5% 止损离第一笔22% 拿24h,3637,59,0.89,0.88,-16.1,,3382,61,0.81,0.89,-16.1,,2684,63,0.98,0.9,-16.1,
5分钟 大单跟随 补仓I(1:1:1:2:2:3，-2%/-4%/-6%/-9%/-12%补) 均价止盈5% 止损离第一笔22% 拿72h,1872,71,0.85,0.77,-16.1,,1785,73,0.79,0.88,-16.1,,1543,75,0.96,0.84,-16.1,
5分钟 大单跟随 补仓I(1:1:1:2:2:3，-2%/-4%/-6%/-9%/-12%补) 均价止盈8% 止损离第一笔15% 拿24h,3426,56,0.88,0.85,-8.6,,3114,59,0.81,0.93,-8.6,,2434,61,1.05,0.97,-8.6,
5分钟 大单跟随 补仓I(1:1:1:2:2:3，-2%/-4%/-6%/-9%/-12%补) 均价止盈8% 止损离第一笔15% 拿72h,1570,66,1.02,0.93,-8.6,,1436,65,0.8,0.83,-8.6,,1266,68,1.09,0.88,-8.6,
5分钟 大单跟随 补仓I(1:1:1:2:2:3，-2%/-4%/-6%/-9%/-12%补) 均价止盈8% 止损离第一笔18% 拿24h,3411,56,0.91,0.77,-11.8,,3104,59,0.76,0.87,-11.8,,2421,61,1.11,0.91,-11.8,✔
5分钟 大单跟随 补仓I(1:1:1:2:2:3，-2%/-4%/-6%/-9%/-12%补) 均价止盈8% 止损离第一笔18% 拿72h,1547,66,1.05,0.86,-11.8,,1414,65,0.77,0.9,-11.8,,1232,69,1.12,0.91,-11.8,
5分钟 大单跟随 补仓I(1:1:1:2:2:3，-2%/-4%/-6%/-9%/-12%补) 均价止盈8% 止损离第一笔22% 拿24h,3402,57,0.93,0.85,-16.1,,3095,59,0.74,0.86,-16.1,,2418,62,1.12,0.9,-16.1,✔
5分钟 大单跟随 补仓I(1:1:1:2:2:3，-2%/-4%/-6%/-9%/-12%补) 均价止盈8% 止损离第一笔22% 拿72h,1526,66,0.98,0.78,-16.1,,1401,65,0.7,0.92,-16.1,,1213,69,1.1,0.81,-16.1,
5分钟 Delta背离 补仓E(1:1:1:1:1，-2%/-4%/-6%/-8%补) 均价止盈1% 止损离第一笔11% 拿24h,8627,85,0.93,0.87,-7.5,,7894,87,0.78,0.83,-7.5,,8455,90,1.01,0.93,-7.5,
5分钟 Delta背离 补仓E(1:1:1:1:1，-2%/-4%/-6%/-8%补) 均价止盈1% 止损离第一笔11% 拿72h,7270,94,0.94,0.87,-7.5,,6838,94,0.85,0.84,-7.5,,7569,96,1.05,1.0,-7.5,
5分钟 Delta背离 补仓E(1:1:1:1:1，-2%/-4%/-6%/-8%补) 均价止盈1% 止损离第一笔14% 拿24h,8540,86,0.91,0.84,-10.6,,7784,87,0.77,0.79,-10.6,,8348,90,1.01,0.94,-10.6,
5分钟 Delta背离 补仓E(1:1:1:1:1，-2%/-4%/-6%/-8%补) 均价止盈1% 止损离第一笔14% 拿72h,6946,94,0.89,0.79,-10.6,,6510,95,0.89,0.86,-10.6,,7246,96,0.98,0.92,-10.6,
5分钟 Delta背离 补仓E(1:1:1:1:1，-2%/-4%/-6%/-8%补) 均价止盈1% 止损离第一笔18% 拿24h,8464,86,0.9,0.79,-14.7,,7745,88,0.78,0.78,-14.7,,8258,90,0.95,0.93,-14.7,
5分钟 Delta背离 补仓E(1:1:1:1:1，-2%/-4%/-6%/-8%补) 均价止盈1% 止损离第一笔18% 拿72h,6706,95,0.82,0.79,-14.7,,6267,95,0.9,0.83,-14.7,,7028,96,0.92,0.89,-14.7,
5分钟 Delta背离 补仓E(1:1:1:1:1，-2%/-4%/-6%/-8%补) 均价止盈2% 止损离第一笔11% 拿24h,5933,73,0.94,0.86,-7.5,,5377,76,0.82,0.83,-7.5,,5750,79,0.98,0.94,-7.5,
5分钟 Delta背离 补仓E(1:1:1:1:1，-2%/-4%/-6%/-8%补) 均价止盈2% 止损离第一笔11% 拿72h,4336,86,0.93,0.91,-7.5,,4086,87,0.83,0.88,-7.5,,4632,88,0.99,0.98,-7.5,
5分钟 Delta背离 补仓E(1:1:1:1:1，-2%/-4%/-6%/-8%补) 均价止盈2% 止损离第一笔14% 拿24h,5843,73,0.92,0.88,-10.6,,5298,76,0.8,0.81,-10.6,,5614,79,0.94,0.93,-10.6,
5分钟 Delta背离 补仓E(1:1:1:1:1，-2%/-4%/-6%/-8%补) 均价止盈2% 止损离第一笔14% 拿72h,4107,86,0.89,0.86,-10.6,,3828,88,0.85,0.84,-10.6,,4306,89,0.91,0.92,-10.6,
5分钟 Delta背离 补仓E(1:1:1:1:1，-2%/-4%/-6%/-8%补) 均价止盈2% 止损离第一笔18% 拿24h,5766,73,0.94,0.84,-14.7,,5252,76,0.81,0.83,-14.7,,5517,79,0.94,0.95,-14.7,
5分钟 Delta背离 补仓E(1:1:1:1:1，-2%/-4%/-6%/-8%补) 均价止盈2% 止损离第一笔18% 拿72h,3964,87,0.84,0.9,-14.7,,3640,88,0.83,0.88,-14.7,,4038,89,0.88,0.88,-14.7,
5分钟 Delta背离 补仓E(1:1:1:1:1，-2%/-4%/-6%/-8%补) 均价止盈3% 止损离第一笔11% 拿24h,4795,65,0.87,0.89,-7.5,,4381,69,0.84,0.89,-7.5,,4536,70,0.93,0.92,-7.5,
5分钟 Delta背离 补仓E(1:1:1:1:1，-2%/-4%/-6%/-8%补) 均价止盈3% 止损离第一笔11% 拿72h,3103,78,0.89,0.88,-7.5,,2973,79,0.83,0.88,-7.5,,3262,81,0.95,0.97,-7.5,
5分钟 Delta背离 补仓E(1:1:1:1:1，-2%/-4%/-6%/-8%补) 均价止盈3% 止损离第一笔14% 拿24h,4726,65,0.84,0.87,-10.6,,4314,69,0.82,0.86,-10.6,,4448,70,0.9,0.95,-10.6,
5分钟 Delta背离 补仓E(1:1:1:1:1，-2%/-4%/-6%/-8%补) 均价止盈3% 止损离第一笔14% 拿72h,2905,78,0.83,0.87,-10.6,,2786,81,0.87,0.88,-10.6,,3038,82,0.9,0.91,-10.6,
5分钟 Delta背离 补仓E(1:1:1:1:1，-2%/-4%/-6%/-8%补) 均价止盈3% 止损离第一笔18% 拿24h,4694,65,0.86,0.9,-14.7,,4278,69,0.82,0.9,-14.7,,4357,70,0.9,0.89,-14.7,
5分钟 Delta背离 补仓E(1:1:1:1:1，-2%/-4%/-6%/-8%补) 均价止盈3% 止损离第一笔18% 拿72h,2783,79,0.84,0.86,-14.7,,2601,81,0.85,0.89,-14.7,,2823,83,0.86,0.95,-14.7,
5分钟 Delta背离 补仓E(1:1:1:1:1，-2%/-4%/-6%/-8%补) 均价止盈5% 止损离第一笔11% 拿24h,4033,61,0.91,0.85,-7.5,,3636,62,0.87,0.9,-7.5,,3625,62,0.89,0.95,-7.5,
5分钟 Delta背离 补仓E(1:1:1:1:1，-2%/-4%/-6%/-8%补) 均价止盈5% 止损离第一笔11% 拿72h,2121,67,0.87,0.84,-7.5,,1991,68,0.9,0.92,-7.5,,2176,71,0.94,1.01,-7.5,
5分钟 Delta背离 补仓E(1:1:1:1:1，-2%/-4%/-6%/-8%补) 均价止盈5% 止损离第一笔14% 拿24h,3991,61,0.9,0.87,-10.6,,3587,62,0.87,0.86,-10.6,,3554,62,0.86,0.85,-10.6,
5分钟 Delta背离 补仓E(1:1:1:1:1，-2%/-4%/-6%/-8%补) 均价止盈5% 止损离第一笔14% 拿72h,1992,68,0.84,0.84,-10.6,,1882,70,0.9,0.94,-10.6,,2011,72,0.87,0.91,-10.6,
5分钟 Delta背离 补仓E(1:1:1:1:1，-2%/-4%/-6%/-8%补) 均价止盈5% 止损离第一笔18% 拿24h,3975,61,0.89,0.83,-14.7,,3560,62,0.85,0.92,-14.7,,3490,62,0.89,0.91,-14.7,
5分钟 Delta背离 补仓E(1:1:1:1:1，-2%/-4%/-6%/-8%补) 均价止盈5% 止损离第一笔18% 拿72h,1932,69,0.8,0.82,-14.7,,1807,70,0.87,0.91,-14.7,,1899,74,0.93,0.89,-14.7,
5分钟 Delta背离 补仓E(1:1:1:1:1，-2%/-4%/-6%/-8%补) 均价止盈8% 止损离第一笔11% 拿24h,3770,59,0.92,0.83,-7.5,,3332,60,0.9,0.92,-7.5,,3244,59,0.91,0.95,-7.5,
5分钟 Delta背离 补仓E(1:1:1:1:1，-2%/-4%/-6%/-8%补) 均价止盈8% 止损离第一笔11% 拿72h,1696,61,0.87,0.92,-7.5,,1555,61,0.89,0.85,-7.5,,1617,63,0.92,0.93,-7.5,
5分钟 Delta背离 补仓E(1:1:1:1:1，-2%/-4%/-6%/-8%补) 均价止盈8% 止损离第一笔14% 拿24h,3737,58,0.87,0.82,-10.6,,3305,61,0.87,0.89,-10.6,,3202,59,0.86,0.91,-10.6,
5分钟 Delta背离 补仓E(1:1:1:1:1，-2%/-4%/-6%/-8%补) 均价止盈8% 止损离第一笔14% 拿72h,1620,63,0.86,0.83,-10.6,,1485,64,0.88,0.89,-10.6,,1525,64,0.86,0.94,-10.6,
5分钟 Delta背离 补仓E(1:1:1:1:1，-2%/-4%/-6%/-8%补) 均价止盈8% 止损离第一笔18% 拿24h,3708,59,0.88,0.85,-14.7,,3283,61,0.87,0.88,-14.7,,3166,59,0.88,0.88,-14.7,
5分钟 Delta背离 补仓E(1:1:1:1:1，-2%/-4%/-6%/-8%补) 均价止盈8% 止损离第一笔18% 拿72h,1577,64,0.88,0.82,-14.7,,1444,64,0.97,0.88,-14.7,,1443,67,0.91,0.94,-14.7,
5分钟 Delta背离 补仓F(1:1:1:1:1:1，-1.5%/-3%/-4.5%/-6%/-7.5%补) 均价止盈1% 止损离第一笔10% 拿24h,8900,87,0.93,0.9,-7.2,,8175,89,0.79,0.77,-7.2,,8792,91,0.99,0.94,-7.2,
5分钟 Delta背离 补仓F(1:1:1:1:1:1，-1.5%/-3%/-4.5%/-6%/-7.5%补) 均价止盈1% 止损离第一笔10% 拿72h,7644,94,0.96,0.91,-7.2,,7189,95,0.84,0.83,-7.2,,7946,96,1.03,0.99,-7.2,
5分钟 Delta背离 补仓F(1:1:1:1:1:1，-1.5%/-3%/-4.5%/-6%/-7.5%补) 均价止盈1% 止损离第一笔14% 拿24h,8785,87,0.93,0.85,-10.3,,8050,89,0.78,0.78,-10.4,,8673,91,0.97,0.89,-10.3,
5分钟 Delta背离 补仓F(1:1:1:1:1:1，-1.5%/-3%/-4.5%/-6%/-7.5%补) 均价止盈1% 止损离第一笔14% 拿72h,7286,95,0.92,0.84,-10.3,,6817,95,0.88,0.87,-10.4,,7617,96,0.96,0.96,-10.3,
5分钟 Delta背离 补仓F(1:1:1:1:1:1，-1.5%/-3%/-4.5%/-6%/-7.5%补) 均价止盈1% 止损离第一笔18% 拿24h,8709,87,0.92,0.81,-14.4,,8002,89,0.77,0.74,-14.4,,8575,91,0.93,0.89,-14.4,
5分钟 Delta背离 补仓F(1:1:1:1:1:1，-1.5%/-3%/-4.5%/-6%/-7.5%补) 均价止盈1% 止损离第一笔18% 拿72h,7048,95,0.87,0.79,-14.4,,6545,96,0.86,0.85,-14.4,,7351,96,0.93,0.9,-14.4,
5分钟 Delta背离 补仓F(1:1:1:1:1:1，-1.5%/-3%/-4.5%/-6%/-7.5%补) 均价止盈2% 止损离第一笔10% 拿24h,6068,75,0.93,0.92,-7.2,,5508,77,0.81,0.87,-7.2,,5903,80,0.97,0.95,-7.2,
5分钟 Delta背离 补仓F(1:1:1:1:1:1，-1.5%/-3%/-4.5%/-6%/-7.5%补) 均价止盈2% 止损离第一笔10% 拿72h,4555,86,0.93,0.93,-7.2,,4276,87,0.86,0.86,-7.2,,4890,89,0.98,0.97,-7.2,
5分钟 Delta背离 补仓F(1:1:1:1:1:1，-1.5%/-3%/-4.5%/-6%/-7.5%补) 均价止盈2% 止损离第一笔14% 拿24h,5969,75,0.91,0.87,-10.4,,5399,77,0.8,0.87,-10.4,,5731,80,0.94,0.91,-10.3,
5分钟 Delta背离 补仓F(1:1:1:1:1:1，-1.5%/-3%/-4.5%/-6%/-7.5%补) 均价止盈2% 止损离第一笔14% 拿72h,4282,87,0.92,0.83,-10.4,,4005,89,0.88,0.86,-10.4,,4517,90,0.93,0.9,-10.3,
5分钟 Delta背离 补仓F(1:1:1:1:1:1，-1.5%/-3%/-4.5%/-6%/-7.5%补) 均价止盈2% 止损离第一笔18% 拿24h,5882,75,0.92,0.86,-14.4,,5342,77,0.81,0.84,-14.4,,5627,80,0.94,0.95,-14.4,
5分钟 Delta背离 补仓F(1:1:1:1:1:1，-1.5%/-3%/-4.5%/-6%/-7.5%补) 均价止盈2% 止损离第一笔18% 拿72h,4108,88,0.88,0.85,-14.4,,3752,89,0.87,0.88,-14.4,,4244,90,0.92,0.93,-14.4,
5分钟 Delta背离 补仓F(1:1:1:1:1:1，-1.5%/-3%/-4.5%/-6%/-7.5%补) 均价止盈3% 止损离第一笔10% 拿24h,4856,67,0.89,0.89,-7.2,,4486,70,0.85,0.88,-7.2,,4619,71,0.94,0.91,-7.2,
5分钟 Delta背离 补仓F(1:1:1:1:1:1，-1.5%/-3%/-4.5%/-6%/-7.5%补) 均价止盈3% 止损离第一笔10% 拿72h,3184,79,0.9,0.91,-7.2,,3101,80,0.89,0.93,-7.2,,3390,81,0.96,0.95,-7.2,
5分钟 Delta背离 补仓F(1:1:1:1:1:1，-1.5%/-3%/-4.5%/-6%/-7.5%补) 均价止盈3% 止损离第一笔14% 拿24h,4784,67,0.85,0.88,-10.4,,4399,70,0.84,0.85,-10.4,,4500,72,0.91,0.88,-10.3,
5分钟 Delta背离 补仓F(1:1:1:1:1:1，-1.5%/-3%/-4.5%/-6%/-7.5%补) 均价止盈3% 止损离第一笔14% 拿72h,2983,80,0.87,0.84,-10.4,,2894,82,0.9,0.87,-10.3,,3145,83,0.92,0.92,-10.3,
5分钟 Delta背离 补仓F(1:1:1:1:1:1，-1.5%/-3%/-4.5%/-6%/-7.5%补) 均价止盈3% 止损离第一笔18% 拿24h,4722,67,0.85,0.84,-14.4,,4360,70,0.84,0.84,-14.4,,4398,71,0.89,0.93,-14.4,
5分钟 Delta背离 补仓F(1:1:1:1:1:1，-1.5%/-3%/-4.5%/-6%/-7.5%补) 均价止盈3% 止损离第一笔18% 拿72h,2829,81,0.86,0.84,-14.4,,2725,82,0.91,0.92,-14.4,,2910,83,0.86,0.86,-14.4,
5分钟 Delta背离 补仓F(1:1:1:1:1:1，-1.5%/-3%/-4.5%/-6%/-7.5%补) 均价止盈5% 止损离第一笔10% 拿24h,4063,62,0.91,0.86,-7.2,,3675,63,0.86,0.9,-7.2,,3653,63,0.88,0.93,-7.2,
5分钟 Delta背离 补仓F(1:1:1:1:1:1，-1.5%/-3%/-4.5%/-6%/-7.5%补) 均价止盈5% 止损离第一笔10% 拿72h,2170,68,0.89,0.9,-7.2,,2066,69,0.87,0.92,-7.2,,2234,70,0.91,0.93,-7.2,
5分钟 Delta背离 补仓F(1:1:1:1:1:1，-1.5%/-3%/-4.5%/-6%/-7.5%补) 均价止盈5% 止损离第一笔14% 拿24h,3998,62,0.88,0.87,-10.4,,3614,64,0.88,0.86,-10.4,,3563,63,0.85,0.91,-10.3,
5分钟 Delta背离 补仓F(1:1:1:1:1:1，-1.5%/-3%/-4.5%/-6%/-7.5%补) 均价止盈5% 止损离第一笔14% 拿72h,2036,69,0.85,0.87,-10.4,,1932,72,0.89,0.89,-10.3,,2047,72,0.87,0.91,-10.3,
5分钟 Delta背离 补仓F(1:1:1:1:1:1，-1.5%/-3%/-4.5%/-6%/-7.5%补) 均价止盈5% 止损离第一笔18% 拿24h,3989,62,0.9,0.81,-14.4,,3582,64,0.85,0.9,-14.4,,3501,63,0.85,0.96,-14.4,
5分钟 Delta背离 补仓F(1:1:1:1:1:1，-1.5%/-3%/-4.5%/-6%/-7.5%补) 均价止盈5% 止损离第一笔18% 拿72h,1957,70,0.85,0.88,-14.4,,1848,72,0.92,0.91,-14.4,,1928,75,0.92,0.92,-14.4,
5分钟 Delta背离 补仓F(1:1:1:1:1:1，-1.5%/-3%/-4.5%/-6%/-7.5%补) 均价止盈8% 止损离第一笔10% 拿24h,3775,60,0.9,0.86,-7.2,,3349,62,0.89,0.9,-7.2,,3271,60,0.88,0.92,-7.2,
5分钟 Delta背离 补仓F(1:1:1:1:1:1，-1.5%/-3%/-4.5%/-6%/-7.5%补) 均价止盈8% 止损离第一笔10% 拿72h,1716,62,0.86,0.9,-7.2,,1593,62,0.88,0.91,-7.2,,1665,62,0.87,0.96,-7.2,
5分钟 Delta背离 补仓F(1:1:1:1:1:1，-1.5%/-3%/-4.5%/-6%/-7.5%补) 均价止盈8% 止损离第一笔14% 拿24h,3747,60,0.86,0.9,-10.3,,3310,62,0.9,0.87,-10.4,,3210,60,0.86,0.9,-10.3,
5分钟 Delta背离 补仓F(1:1:1:1:1:1，-1.5%/-3%/-4.5%/-6%/-7.5%补) 均价止盈8% 止损离第一笔14% 拿72h,1625,63,0.81,0.84,-10.3,,1496,65,0.88,0.86,-10.3,,1543,64,0.84,0.9,-10.3,
5分钟 Delta背离 补仓F(1:1:1:1:1:1，-1.5%/-3%/-4.5%/-6%/-7.5%补) 均价止盈8% 止损离第一笔18% 拿24h,3710,60,0.87,0.82,-14.4,,3289,62,0.9,0.91,-14.4,,3172,61,0.87,0.92,-14.4,
5分钟 Delta背离 补仓F(1:1:1:1:1:1，-1.5%/-3%/-4.5%/-6%/-7.5%补) 均价止盈8% 止损离第一笔18% 拿72h,1580,65,0.88,0.77,-14.4,,1446,66,0.98,0.89,-14.4,,1453,66,0.88,0.95,-14.4,
5分钟 Delta背离 补仓G(1:1:2:2:4，-2%/-4%/-6%/-8%补) 均价止盈1% 止损离第一笔11% 拿24h,8817,87,0.93,0.9,-6.1,,8096,89,0.78,0.75,-6.1,,8674,92,1.11,0.94,-6.1,
5分钟 Delta背离 补仓G(1:1:2:2:4，-2%/-4%/-6%/-8%补) 均价止盈1% 止损离第一笔11% 拿72h,7665,95,0.96,0.88,-6.1,,7213,96,0.85,0.82,-6.1,,7994,97,1.16,1.05,-6.1,✔
5分钟 Delta背离 补仓G(1:1:2:2:4，-2%/-4%/-6%/-8%补) 均价止盈1% 止损离第一笔14% 拿24h,8738,87,0.92,0.86,-9.3,,8002,89,0.77,0.73,-9.3,,8583,92,1.15,0.99,-9.3,
5分钟 Delta背离 补仓G(1:1:2:2:4，-2%/-4%/-6%/-8%补) 均价止盈1% 止损离第一笔14% 拿72h,7425,96,0.89,0.79,-9.3,,6935,96,0.85,0.84,-9.3,,7767,97,1.08,1.0,-9.3,
5分钟 Delta背离 补仓G(1:1:2:2:4，-2%/-4%/-6%/-8%补) 均价止盈1% 止损离第一笔18% 拿24h,8674,87,0.91,0.8,-12.1,,7968,89,0.78,0.72,-13.5,,8534,92,1.05,0.87,-13.5,
5分钟 Delta背离 补仓G(1:1:2:2:4，-2%/-4%/-6%/-8%补) 均价止盈1% 止损离第一笔18% 拿72h,7207,96,0.85,0.81,-13.5,,6751,96,0.84,0.86,-13.5,,7582,97,0.95,0.9,-13.5,
5分钟 Delta背离 补仓G(1:1:2:2:4，-2%/-4%/-6%/-8%补) 均价止盈2% 止损离第一笔11% 拿24h,6037,75,0.95,0.91,-6.1,,5476,78,0.79,0.83,-6.1,,5867,82,1.03,1.0,-6.1,
5分钟 Delta背离 补仓G(1:1:2:2:4，-2%/-4%/-6%/-8%补) 均价止盈2% 止损离第一笔11% 拿72h,4558,88,0.92,0.89,-6.1,,4283,89,0.85,0.89,-6.1,,4897,91,1.0,0.97,-6.1,
5分钟 Delta背离 补仓G(1:1:2:2:4，-2%/-4%/-6%/-8%补) 均价止盈2% 止损离第一笔14% 拿24h,5948,75,0.92,0.91,-9.3,,5388,78,0.76,0.77,-9.3,,5755,82,1.0,0.96,-9.3,
5分钟 Delta背离 补仓G(1:1:2:2:4，-2%/-4%/-6%/-8%补) 均价止盈2% 止损离第一笔14% 拿72h,4320,89,0.85,0.87,-9.3,,4046,90,0.85,0.85,-9.3,,4624,92,0.95,0.93,-9.3,
5分钟 Delta背离 补仓G(1:1:2:2:4，-2%/-4%/-6%/-8%补) 均价止盈2% 止损离第一笔18% 拿24h,5879,75,0.95,0.84,-13.5,,5339,78,0.76,0.77,-13.5,,5677,82,0.99,0.9,-13.5,
5分钟 Delta背离 补仓G(1:1:2:2:4，-2%/-4%/-6%/-8%补) 均价止盈2% 止损离第一笔18% 拿72h,4162,89,0.81,0.77,-13.5,,3865,90,0.81,0.94,-13.5,,4402,92,0.9,0.87,-13.5,
5分钟 Delta背离 补仓G(1:1:2:2:4，-2%/-4%/-6%/-8%补) 均价止盈3% 止损离第一笔11% 拿24h,4844,67,0.85,0.9,-6.1,,4422,71,0.81,0.86,-6.1,,4633,73,0.98,0.93,-6.1,
5分钟 Delta背离 补仓G(1:1:2:2:4，-2%/-4%/-6%/-8%补) 均价止盈3% 止损离第一笔11% 拿72h,3208,81,0.86,0.9,-6.1,,3097,82,0.8,0.93,-6.1,,3435,84,0.98,1.0,-6.1,
5分钟 Delta背离 补仓G(1:1:2:2:4，-2%/-4%/-6%/-8%补) 均价止盈3% 止损离第一笔14% 拿24h,4783,67,0.81,0.86,-9.3,,4345,71,0.78,0.81,-9.3,,4545,74,0.91,0.93,-9.3,
5分钟 Delta背离 补仓G(1:1:2:2:4，-2%/-4%/-6%/-8%补) 均价止盈3% 止损离第一笔14% 拿72h,3024,81,0.79,0.87,-9.3,,2889,84,0.87,0.92,-9.3,,3240,86,0.92,0.91,-9.3,
5分钟 Delta背离 补仓G(1:1:2:2:4，-2%/-4%/-6%/-8%补) 均价止盈3% 止损离第一笔18% 拿24h,4741,67,0.81,0.85,-13.5,,4312,71,0.78,0.84,-13.5,,4454,74,0.9,0.96,-13.5,
5分钟 Delta背离 补仓G(1:1:2:2:4，-2%/-4%/-6%/-8%补) 均价止盈3% 止损离第一笔18% 拿72h,2915,82,0.77,0.8,-13.5,,2754,85,0.88,0.89,-13.5,,3026,86,0.86,0.95,-13.5,
5分钟 Delta背离 补仓G(1:1:2:2:4，-2%/-4%/-6%/-8%补) 均价止盈5% 止损离第一笔11% 拿24h,4052,62,0.91,0.85,-6.1,,3653,65,0.83,0.88,-6.1,,3659,65,0.92,0.92,-6.1,
5分钟 Delta背离 补仓G(1:1:2:2:4，-2%/-4%/-6%/-8%补) 均价止盈5% 止损离第一笔11% 拿72h,2163,70,0.83,0.94,-6.1,,2059,71,0.88,0.89,-6.1,,2227,73,0.92,0.9,-6.1,
5分钟 Delta背离 补仓G(1:1:2:2:4，-2%/-4%/-6%/-8%补) 均价止盈5% 止损离第一笔14% 拿24h,4004,63,0.88,0.9,-9.3,,3603,65,0.82,0.85,-9.3,,3586,65,0.85,0.98,-9.3,
5分钟 Delta背离 补仓G(1:1:2:2:4，-2%/-4%/-6%/-8%补) 均价止盈5% 止损离第一笔14% 拿72h,2040,71,0.82,0.83,-9.3,,1945,74,0.94,0.91,-9.3,,2062,75,0.82,0.94,-9.3,
5分钟 Delta背离 补仓G(1:1:2:2:4，-2%/-4%/-6%/-8%补) 均价止盈5% 止损离第一笔18% 拿24h,3985,63,0.88,0.81,-13.5,,3579,65,0.79,0.88,-13.5,,3528,66,0.87,0.88,-13.5,
5分钟 Delta背离 补仓G(1:1:2:2:4，-2%/-4%/-6%/-8%补) 均价止盈5% 止损离第一笔18% 拿72h,1972,72,0.79,0.76,-13.5,,1872,74,0.9,0.9,-13.5,,1959,77,0.88,0.95,-13.5,
5分钟 Delta背离 补仓G(1:1:2:2:4，-2%/-4%/-6%/-8%补) 均价止盈8% 止损离第一笔11% 拿24h,3772,60,0.91,0.8,-6.1,,3337,62,0.88,0.85,-6.1,,3246,62,0.91,0.96,-6.1,
5分钟 Delta背离 补仓G(1:1:2:2:4，-2%/-4%/-6%/-8%补) 均价止盈8% 止损离第一笔11% 拿72h,1709,64,0.85,0.9,-6.1,,1575,64,0.87,0.89,-6.1,,1638,66,0.89,0.97,-6.1,
5分钟 Delta背离 补仓G(1:1:2:2:4，-2%/-4%/-6%/-8%补) 均价止盈8% 止损离第一笔14% 拿24h,3740,60,0.87,0.9,-9.3,,3311,63,0.85,0.9,-9.3,,3205,62,0.85,0.88,-9.3,
5分钟 Delta背离 补仓G(1:1:2:2:4，-2%/-4%/-6%/-8%补) 均价止盈8% 止损离第一笔14% 拿72h,1631,67,0.85,0.87,-9.3,,1498,67,0.86,0.91,-9.3,,1544,67,0.8,0.95,-9.3,
5分钟 Delta背离 补仓G(1:1:2:2:4，-2%/-4%/-6%/-8%补) 均价止盈8% 止损离第一笔18% 拿24h,3713,61,0.89,0.88,-13.5,,3289,63,0.85,0.86,-13.5,,3168,63,0.89,0.97,-13.5,
5分钟 Delta背离 补仓G(1:1:2:2:4，-2%/-4%/-6%/-8%补) 均价止盈8% 止损离第一笔18% 拿72h,1596,68,0.89,0.73,-13.5,,1452,68,0.9,0.9,-13.5,,1465,70,0.89,0.92,-13.5,
5分钟 Delta背离 补仓H(1:1:1:1:1:1:1:1，-1%/-2%/-3%/-4%/-5%/-6%/-7%补) 均价止盈1% 止损离第一笔10% 拿24h,9330,88,0.9,0.89,-6.9,,8547,90,0.75,0.85,-6.9,,9246,92,1.02,0.96,-6.9,
5分钟 Delta背离 补仓H(1:1:1:1:1:1:1:1，-1%/-2%/-3%/-4%/-5%/-6%/-7%补) 均价止盈1% 止损离第一笔10% 拿72h,8168,95,0.92,0.91,-6.9,,7656,95,0.83,0.83,-6.9,,8506,96,1.05,0.98,-6.9,
5分钟 Delta背离 补仓H(1:1:1:1:1:1:1:1，-1%/-2%/-3%/-4%/-5%/-6%/-7%补) 均价止盈1% 止损离第一笔13% 拿24h,9184,88,0.88,0.85,-10.0,,8375,90,0.75,0.77,-10.0,,9099,92,0.99,0.92,-10.0,
5分钟 Delta背离 补仓H(1:1:1:1:1:1:1:1，-1%/-2%/-3%/-4%/-5%/-6%/-7%补) 均价止盈1% 止损离第一笔13% 拿72h,7767,95,0.87,0.84,-10.0,,7252,96,0.86,0.82,-10.0,,8115,97,0.98,0.91,-10.0,
5分钟 Delta背离 补仓H(1:1:1:1:1:1:1:1，-1%/-2%/-3%/-4%/-5%/-6%/-7%补) 均价止盈1% 止损离第一笔17% 拿24h,9090,88,0.89,0.84,-14.1,,8309,90,0.76,0.78,-14.1,,8992,92,0.95,0.92,-14.1,
5分钟 Delta背离 补仓H(1:1:1:1:1:1:1:1，-1%/-2%/-3%/-4%/-5%/-6%/-7%补) 均价止盈1% 止损离第一笔17% 拿72h,7475,95,0.83,0.78,-14.1,,6940,96,0.88,0.86,-14.1,,7830,97,0.93,0.94,-14.1,
5分钟 Delta背离 补仓H(1:1:1:1:1:1:1:1，-1%/-2%/-3%/-4%/-5%/-6%/-7%补) 均价止盈2% 止损离第一笔10% 拿24h,6181,76,0.92,0.88,-6.9,,5663,79,0.8,0.86,-6.9,,6079,82,0.96,0.95,-6.9,
5分钟 Delta背离 补仓H(1:1:1:1:1:1:1:1，-1%/-2%/-3%/-4%/-5%/-6%/-7%补) 均价止盈2% 止损离第一笔10% 拿72h,4714,87,0.92,0.89,-6.9,,4531,88,0.85,0.88,-6.9,,5089,89,0.98,1.0,-6.9,
5分钟 Delta背离 补仓H(1:1:1:1:1:1:1:1，-1%/-2%/-3%/-4%/-5%/-6%/-7%补) 均价止盈2% 止损离第一笔13% 拿24h,6062,76,0.9,0.88,-10.0,,5535,79,0.79,0.82,-10.0,,5904,82,0.94,0.92,-10.0,
5分钟 Delta背离 补仓H(1:1:1:1:1:1:1:1，-1%/-2%/-3%/-4%/-5%/-6%/-7%补) 均价止盈2% 止损离第一笔13% 拿72h,4380,88,0.89,0.88,-10.0,,4182,89,0.86,0.88,-10.0,,4700,90,0.91,0.96,-10.0,
5分钟 Delta背离 补仓H(1:1:1:1:1:1:1:1，-1%/-2%/-3%/-4%/-5%/-6%/-7%补) 均价止盈2% 止损离第一笔17% 拿24h,5971,76,0.93,0.85,-14.1,,5466,79,0.78,0.79,-14.1,,5775,82,0.94,0.95,-14.1,
5分钟 Delta背离 补仓H(1:1:1:1:1:1:1:1，-1%/-2%/-3%/-4%/-5%/-6%/-7%补) 均价止盈2% 止损离第一笔17% 拿72h,4154,88,0.86,0.88,-14.1,,3902,89,0.86,0.87,-14.1,,4376,91,0.89,0.9,-14.1,
5分钟 Delta背离 补仓H(1:1:1:1:1:1:1:1，-1%/-2%/-3%/-4%/-5%/-6%/-7%补) 均价止盈3% 止损离第一笔10% 拿24h,4948,69,0.9,0.92,-6.9,,4567,72,0.85,0.85,-6.9,,4740,73,0.95,0.94,-6.9,
5分钟 Delta背离 补仓H(1:1:1:1:1:1:1:1，-1%/-2%/-3%/-4%/-5%/-6%/-7%补) 均价止盈3% 止损离第一笔10% 拿72h,3299,79,0.88,0.9,-6.9,,3210,80,0.89,0.91,-6.9,,3551,82,0.96,0.97,-6.9,
5分钟 Delta背离 补仓H(1:1:1:1:1:1:1:1，-1%/-2%/-3%/-4%/-5%/-6%/-7%补) 均价止盈3% 止损离第一笔13% 拿24h,4851,69,0.85,0.83,-10.0,,4464,72,0.84,0.85,-10.0,,4614,74,0.95,0.95,-10.0,
5分钟 Delta背离 补仓H(1:1:1:1:1:1:1:1，-1%/-2%/-3%/-4%/-5%/-6%/-7%补) 均价止盈3% 止损离第一笔13% 拿72h,3085,80,0.81,0.88,-10.0,,2988,82,0.9,0.89,-10.0,,3255,84,0.95,0.94,-10.0,
5分钟 Delta背离 补仓H(1:1:1:1:1:1:1:1，-1%/-2%/-3%/-4%/-5%/-6%/-7%补) 均价止盈3% 止损离第一笔17% 拿24h,4786,69,0.87,0.89,-14.1,,4413,72,0.83,0.87,-14.1,,4512,74,0.92,0.9,-14.1,
5分钟 Delta背离 补仓H(1:1:1:1:1:1:1:1，-1%/-2%/-3%/-4%/-5%/-6%/-7%补) 均价止盈3% 止损离第一笔17% 拿72h,2916,81,0.85,0.82,-14.1,,2792,82,0.89,0.92,-14.1,,3012,84,0.89,0.94,-14.1,
5分钟 Delta背离 补仓H(1:1:1:1:1:1:1:1，-1%/-2%/-3%/-4%/-5%/-6%/-7%补) 均价止盈5% 止损离第一笔10% 拿24h,4091,64,0.87,0.9,-6.9,,3709,65,0.87,0.86,-6.9,,3705,65,0.88,0.92,-6.9,
5分钟 Delta背离 补仓H(1:1:1:1:1:1:1:1，-1%/-2%/-3%/-4%/-5%/-6%/-7%补) 均价止盈5% 止损离第一笔10% 拿72h,2219,68,0.88,0.95,-6.9,,2132,71,0.92,0.92,-6.9,,2292,71,0.92,1.01,-6.9,
5分钟 Delta背离 补仓H(1:1:1:1:1:1:1:1，-1%/-2%/-3%/-4%/-5%/-6%/-7%补) 均价止盈5% 止损离第一笔13% 拿24h,4029,64,0.84,0.87,-10.0,,3632,66,0.9,0.88,-10.0,,3599,66,0.87,0.93,-10.0,
5分钟 Delta背离 补仓H(1:1:1:1:1:1:1:1，-1%/-2%/-3%/-4%/-5%/-6%/-7%补) 均价止盈5% 止损离第一笔13% 拿72h,2066,70,0.84,0.82,-10.0,,1956,72,0.92,0.89,-10.0,,2089,73,0.9,0.94,-10.0,
5分钟 Delta背离 补仓H(1:1:1:1:1:1:1:1，-1%/-2%/-3%/-4%/-5%/-6%/-7%补) 均价止盈5% 止损离第一笔17% 拿24h,4003,65,0.88,0.86,-14.1,,3590,66,0.88,0.87,-14.1,,3530,66,0.86,0.87,-14.1,
5分钟 Delta背离 补仓H(1:1:1:1:1:1:1:1，-1%/-2%/-3%/-4%/-5%/-6%/-7%补) 均价止盈5% 止损离第一笔17% 拿72h,1963,71,0.86,0.83,-14.1,,1868,72,0.94,0.97,-14.1,,1951,75,0.97,0.95,-14.1,
5分钟 Delta背离 补仓H(1:1:1:1:1:1:1:1，-1%/-2%/-3%/-4%/-5%/-6%/-7%补) 均价止盈8% 止损离第一笔10% 拿24h,3791,62,0.87,0.9,-6.9,,3364,64,0.88,0.9,-6.9,,3295,62,0.88,0.92,-6.9,
5分钟 Delta背离 补仓H(1:1:1:1:1:1:1:1，-1%/-2%/-3%/-4%/-5%/-6%/-7%补) 均价止盈8% 止损离第一笔10% 拿72h,1738,62,0.81,0.87,-6.9,,1620,63,0.92,0.92,-6.9,,1697,63,0.89,0.87,-6.9,
5分钟 Delta背离 补仓H(1:1:1:1:1:1:1:1，-1%/-2%/-3%/-4%/-5%/-6%/-7%补) 均价止盈8% 止损离第一笔13% 拿24h,3757,62,0.86,0.83,-10.0,,3315,64,0.9,0.88,-10.0,,3227,62,0.88,0.94,-10.0,
5分钟 Delta背离 补仓H(1:1:1:1:1:1:1:1，-1%/-2%/-3%/-4%/-5%/-6%/-7%补) 均价止盈8% 止损离第一笔13% 拿72h,1646,64,0.78,0.86,-10.0,,1510,64,0.88,0.84,-10.0,,1556,65,0.89,0.98,-10.0,
5分钟 Delta背离 补仓H(1:1:1:1:1:1:1:1，-1%/-2%/-3%/-4%/-5%/-6%/-7%补) 均价止盈8% 止损离第一笔17% 拿24h,3713,62,0.87,0.82,-14.1,,3295,64,0.88,0.87,-14.1,,3185,63,0.89,0.92,-14.1,
5分钟 Delta背离 补仓H(1:1:1:1:1:1:1:1，-1%/-2%/-3%/-4%/-5%/-6%/-7%补) 均价止盈8% 止损离第一笔17% 拿72h,1584,66,0.86,0.83,-14.1,,1457,65,0.92,0.9,-14.1,,1462,68,0.91,0.91,-14.1,
5分钟 Delta背离 补仓I(1:1:1:2:2:3，-2%/-4%/-6%/-9%/-12%补) 均价止盈1% 止损离第一笔15% 拿24h,8563,86,0.89,0.83,-8.6,,7846,88,0.75,0.75,-8.6,,8400,91,1.1,0.96,-8.6,
5分钟 Delta背离 补仓I(1:1:1:2:2:3，-2%/-4%/-6%/-9%/-12%补) 均价止盈1% 止损离第一笔15% 拿72h,7072,95,0.87,0.81,-8.6,,6621,96,0.83,0.81,-8.6,,7416,97,1.04,0.93,-8.6,
5分钟 Delta背离 补仓I(1:1:1:2:2:3，-2%/-4%/-6%/-9%/-12%补) 均价止盈1% 止损离第一笔18% 拿24h,8518,86,0.88,0.84,-11.8,,7820,88,0.75,0.75,-11.8,,8364,91,1.02,0.95,-11.8,
5分钟 Delta背离 补仓I(1:1:1:2:2:3，-2%/-4%/-6%/-9%/-12%补) 均价止盈1% 止损离第一笔18% 拿72h,6924,95,0.79,0.79,-11.8,,6505,96,0.81,0.79,-11.8,,7303,97,0.96,0.9,-11.8,
5分钟 Delta背离 补仓I(1:1:1:2:2:3，-2%/-4%/-6%/-9%/-12%补) 均价止盈1% 止损离第一笔22% 拿24h,8499,86,0.9,0.85,-14.3,,7808,88,0.72,0.75,-16.1,,8339,91,0.97,0.86,-16.1,
5分钟 Delta背离 补仓I(1:1:1:2:2:3，-2%/-4%/-6%/-9%/-12%补) 均价止盈1% 止损离第一笔22% 拿72h,6823,95,0.77,0.75,-16.1,,6423,96,0.76,0.78,-16.1,,7193,97,0.88,0.82,-16.1,
5分钟 Delta背离 补仓I(1:1:1:2:2:3，-2%/-4%/-6%/-9%/-12%补) 均价止盈2% 止损离第一笔15% 拿24h,5871,74,0.9,0.86,-8.6,,5321,77,0.77,0.79,-8.6,,5651,80,0.96,0.97,-8.6,
5分钟 Delta背离 补仓I(1:1:1:2:2:3，-2%/-4%/-6%/-9%/-12%补) 均价止盈2% 止损离第一笔15% 拿72h,4161,87,0.86,0.85,-8.6,,3903,90,0.83,0.84,-8.6,,4407,91,0.9,0.93,-8.6,
5分钟 Delta背离 补仓I(1:1:1:2:2:3，-2%/-4%/-6%/-9%/-12%补) 均价止盈2% 止损离第一笔18% 拿24h,5820,74,0.94,0.86,-11.8,,5302,77,0.77,0.79,-11.8,,5591,81,0.95,0.89,-11.8,
5分钟 Delta背离 补仓I(1:1:1:2:2:3，-2%/-4%/-6%/-9%/-12%补) 均价止盈2% 止损离第一笔18% 拿72h,4076,88,0.77,0.77,-11.8,,3803,90,0.77,0.84,-11.8,,4247,91,0.87,0.94,-11.8,
5分钟 Delta背离 补仓I(1:1:1:2:2:3，-2%/-4%/-6%/-9%/-12%补) 均价止盈2% 止损离第一笔22% 拿24h,5802,74,0.96,0.89,-16.1,,5290,77,0.72,0.77,-16.1,,5563,81,0.89,0.87,-16.1,
5分钟 Delta背离 补仓I(1:1:1:2:2:3，-2%/-4%/-6%/-9%/-12%补) 均价止盈2% 止损离第一笔22% 拿72h,3960,88,0.77,0.79,-16.1,,3737,90,0.73,0.81,-16.1,,4121,91,0.8,0.92,-16.1,
5分钟 Delta背离 补仓I(1:1:1:2:2:3，-2%/-4%/-6%/-9%/-12%补) 均价止盈3% 止损离第一笔15% 拿24h,4741,66,0.85,0.85,-8.6,,4303,69,0.78,0.84,-8.6,,4455,72,0.92,0.92,-8.6,
5分钟 Delta背离 补仓I(1:1:1:2:2:3，-2%/-4%/-6%/-9%/-12%补) 均价止盈3% 止损离第一笔15% 拿72h,2947,81,0.86,0.82,-8.6,,2775,83,0.84,0.85,-8.6,,3033,84,0.87,0.92,-8.6,
5分钟 Delta背离 补仓I(1:1:1:2:2:3，-2%/-4%/-6%/-9%/-12%补) 均价止盈3% 止损离第一笔18% 拿24h,4724,66,0.85,0.83,-11.8,,4289,70,0.79,0.83,-11.8,,4398,72,0.92,0.91,-11.8,
5分钟 Delta背离 补仓I(1:1:1:2:2:3，-2%/-4%/-6%/-9%/-12%补) 均价止盈3% 止损离第一笔18% 拿72h,2870,81,0.81,0.78,-11.8,,2674,83,0.82,0.84,-11.8,,2913,85,0.86,0.95,-11.8,
5分钟 Delta背离 补仓I(1:1:1:2:2:3，-2%/-4%/-6%/-9%/-12%补) 均价止盈3% 止损离第一笔22% 拿24h,4700,66,0.89,0.88,-16.1,,4280,70,0.76,0.85,-16.1,,4376,72,0.88,0.92,-16.1,
5分钟 Delta背离 补仓I(1:1:1:2:2:3，-2%/-4%/-6%/-9%/-12%补) 均价止盈3% 止损离第一笔22% 拿72h,2796,81,0.78,0.78,-16.1,,2643,83,0.77,0.88,-16.1,,2803,85,0.8,0.85,-16.1,
5分钟 Delta背离 补仓I(1:1:1:2:2:3，-2%/-4%/-6%/-9%/-12%补) 均价止盈5% 止损离第一笔15% 拿24h,3997,62,0.89,0.86,-8.6,,3586,63,0.82,0.87,-8.6,,3553,64,0.87,0.93,-8.6,
5分钟 Delta背离 补仓I(1:1:1:2:2:3，-2%/-4%/-6%/-9%/-12%补) 均价止盈5% 止损离第一笔15% 拿72h,1996,70,0.8,0.84,-8.6,,1873,73,0.92,0.85,-8.6,,2028,75,0.89,0.95,-8.6,
5分钟 Delta背离 补仓I(1:1:1:2:2:3，-2%/-4%/-6%/-9%/-12%补) 均价止盈5% 止损离第一笔18% 拿24h,3984,62,0.89,0.84,-11.8,,3571,63,0.8,0.85,-11.8,,3507,64,0.89,0.94,-11.8,
5分钟 Delta背离 补仓I(1:1:1:2:2:3，-2%/-4%/-6%/-9%/-12%补) 均价止盈5% 止损离第一笔18% 拿72h,1959,71,0.77,0.79,-11.8,,1832,73,0.84,0.88,-11.8,,1947,77,0.93,0.94,-11.8,
5分钟 Delta背离 补仓I(1:1:1:2:2:3，-2%/-4%/-6%/-9%/-12%补) 均价止盈5% 止损离第一笔22% 拿24h,3972,62,0.93,0.87,-16.1,,3560,63,0.73,0.86,-16.1,,3495,64,0.88,0.95,-16.1,
5分钟 Delta背离 补仓I(1:1:1:2:2:3，-2%/-4%/-6%/-9%/-12%补) 均价止盈5% 止损离第一笔22% 拿72h,1919,71,0.76,0.77,-16.1,,1797,73,0.79,0.85,-16.1,,1888,77,0.92,0.92,-16.1,
5分钟 Delta背离 补仓I(1:1:1:2:2:3，-2%/-4%/-6%/-9%/-12%补) 均价止盈8% 止损离第一笔15% 拿24h,3726,59,0.88,0.82,-8.6,,3297,61,0.84,0.86,-8.6,,3185,60,0.82,0.94,-8.6,
5分钟 Delta背离 补仓I(1:1:1:2:2:3，-2%/-4%/-6%/-9%/-12%补) 均价止盈8% 止损离第一笔15% 拿72h,1616,66,0.87,0.78,-8.6,,1470,67,0.97,0.81,-8.6,,1512,67,0.84,0.92,-8.6,
5分钟 Delta背离 补仓I(1:1:1:2:2:3，-2%/-4%/-6%/-9%/-12%补) 均价止盈8% 止损离第一笔18% 拿24h,3708,59,0.89,0.85,-11.8,,3284,62,0.85,0.86,-11.8,,3165,61,0.87,0.93,-11.8,
5分钟 Delta背离 补仓I(1:1:1:2:2:3，-2%/-4%/-6%/-9%/-12%补) 均价止盈8% 止损离第一笔18% 拿72h,1588,66,0.87,0.8,-11.8,,1448,67,0.92,0.91,-11.8,,1470,70,0.94,0.86,-11.8,
5分钟 Delta背离 补仓I(1:1:1:2:2:3，-2%/-4%/-6%/-9%/-12%补) 均价止盈8% 止损离第一笔22% 拿24h,3700,59,0.95,0.9,-14.0,,3276,62,0.78,0.85,-16.1,,3153,61,0.83,0.86,-16.1,
5分钟 Delta背离 补仓I(1:1:1:2:2:3，-2%/-4%/-6%/-9%/-12%补) 均价止盈8% 止损离第一笔22% 拿72h,1563,67,0.84,0.84,-16.1,,1427,67,0.86,0.85,-16.1,,1433,70,0.94,0.84,-16.1,
5分钟 衰竭 补仓E(1:1:1:1:1，-2%/-4%/-6%/-8%补) 均价止盈1% 止损离第一笔11% 拿24h,9618,86,0.92,0.85,-7.5,,9397,88,0.77,0.79,-7.5,,9927,91,1.1,0.92,-7.5,
5分钟 衰竭 补仓E(1:1:1:1:1，-2%/-4%/-6%/-8%补) 均价止盈1% 止损离第一笔11% 拿72h,7869,94,0.9,0.88,-7.5,,7984,94,0.81,0.84,-7.5,,8925,96,1.12,1.0,-7.5,✔
5分钟 衰竭 补仓E(1:1:1:1:1，-2%/-4%/-6%/-8%补) 均价止盈1% 止损离第一笔14% 拿24h,9446,86,0.88,0.82,-10.6,,9209,88,0.77,0.77,-10.6,,9766,91,1.04,0.91,-10.6,
5分钟 衰竭 补仓E(1:1:1:1:1，-2%/-4%/-6%/-8%补) 均价止盈1% 止损离第一笔14% 拿72h,7473,94,0.85,0.82,-10.6,,7493,95,0.82,0.83,-10.6,,8492,96,1.02,0.91,-10.6,
5分钟 衰竭 补仓E(1:1:1:1:1，-2%/-4%/-6%/-8%补) 均价止盈1% 止损离第一笔18% 拿24h,9351,85,0.88,0.85,-14.7,,9111,88,0.76,0.79,-14.7,,9643,91,1.03,0.87,-14.7,
5分钟 衰竭 补仓E(1:1:1:1:1，-2%/-4%/-6%/-8%补) 均价止盈1% 止损离第一笔18% 拿72h,7214,94,0.81,0.8,-14.7,,7170,95,0.83,0.79,-14.7,,8162,96,0.95,0.91,-14.7,
5分钟 衰竭 补仓E(1:1:1:1:1，-2%/-4%/-6%/-8%补) 均价止盈2% 止损离第一笔11% 拿24h,6429,74,0.93,0.89,-7.5,,6157,77,0.83,0.85,-7.5,,6349,80,1.04,0.96,-7.5,
5分钟 衰竭 补仓E(1:1:1:1:1，-2%/-4%/-6%/-8%补) 均价止盈2% 止损离第一笔11% 拿72h,4592,85,0.89,0.91,-7.5,,4634,87,0.83,0.84,-7.5,,5124,89,1.03,0.99,-7.5,
5分钟 衰竭 补仓E(1:1:1:1:1，-2%/-4%/-6%/-8%补) 均价止盈2% 止损离第一笔14% 拿24h,6255,73,0.88,0.9,-10.6,,6007,77,0.85,0.83,-10.6,,6198,80,1.0,0.95,-10.6,
5分钟 衰竭 补仓E(1:1:1:1:1，-2%/-4%/-6%/-8%补) 均价止盈2% 止损离第一笔14% 拿72h,4296,86,0.86,0.84,-10.6,,4308,88,0.93,0.92,-10.6,,4734,90,0.92,0.89,-10.6,
5分钟 衰竭 补仓E(1:1:1:1:1，-2%/-4%/-6%/-8%补) 均价止盈2% 止损离第一笔18% 拿24h,6181,73,0.88,0.84,-14.7,,5919,77,0.83,0.83,-14.7,,6092,80,0.98,0.92,-14.7,
5分钟 衰竭 补仓E(1:1:1:1:1，-2%/-4%/-6%/-8%补) 均价止盈2% 止损离第一笔18% 拿72h,4090,86,0.86,0.81,-14.7,,4061,89,0.87,0.87,-14.7,,4436,90,0.89,0.92,-14.7,
5分钟 衰竭 补仓E(1:1:1:1:1，-2%/-4%/-6%/-8%补) 均价止盈3% 止损离第一笔11% 拿24h,5145,65,0.9,0.87,-7.5,,4814,69,0.85,0.89,-7.5,,4945,72,1.01,0.93,-7.5,
5分钟 衰竭 补仓E(1:1:1:1:1，-2%/-4%/-6%/-8%补) 均价止盈3% 止损离第一笔11% 拿72h,3339,79,0.96,0.89,-7.5,,3225,79,0.83,0.86,-7.5,,3565,82,1.01,0.92,-7.5,
5分钟 衰竭 补仓E(1:1:1:1:1，-2%/-4%/-6%/-8%补) 均价止盈3% 止损离第一笔14% 拿24h,5044,65,0.87,0.87,-10.6,,4729,69,0.85,0.89,-10.6,,4832,72,0.98,0.96,-10.6,
5分钟 衰竭 补仓E(1:1:1:1:1，-2%/-4%/-6%/-8%补) 均价止盈3% 止损离第一笔14% 拿72h,3102,80,0.94,0.87,-10.6,,3042,82,0.88,0.82,-10.6,,3357,84,0.98,0.9,-10.6,
5分钟 衰竭 补仓E(1:1:1:1:1，-2%/-4%/-6%/-8%补) 均价止盈3% 止损离第一笔18% 拿24h,4964,65,0.88,0.85,-14.7,,4664,69,0.86,0.9,-14.7,,4742,72,0.97,0.92,-14.7,
5分钟 衰竭 补仓E(1:1:1:1:1，-2%/-4%/-6%/-8%补) 均价止盈3% 止损离第一笔18% 拿72h,2953,80,0.9,0.83,-14.7,,2855,81,0.82,0.89,-14.7,,3123,84,0.94,0.92,-14.7,
5分钟 衰竭 补仓E(1:1:1:1:1，-2%/-4%/-6%/-8%补) 均价止盈5% 止损离第一笔11% 拿24h,4238,59,0.91,0.87,-7.5,,3926,62,0.86,0.89,-7.5,,3887,64,0.98,0.87,-7.5,
5分钟 衰竭 补仓E(1:1:1:1:1，-2%/-4%/-6%/-8%补) 均价止盈5% 止损离第一笔11% 拿72h,2233,68,0.91,0.96,-7.5,,2151,69,0.85,0.86,-7.5,,2308,72,1.0,0.96,-7.5,
5分钟 衰竭 补仓E(1:1:1:1:1，-2%/-4%/-6%/-8%补) 均价止盈5% 止损离第一笔14% 拿24h,4182,59,0.86,0.86,-10.6,,3854,62,0.89,0.87,-10.6,,3818,64,0.93,0.89,-10.6,
5分钟 衰竭 补仓E(1:1:1:1:1，-2%/-4%/-6%/-8%补) 均价止盈5% 止损离第一笔14% 拿72h,2103,69,0.88,0.89,-10.6,,2026,72,0.94,0.95,-10.6,,2165,73,0.93,0.93,-10.6,
5分钟 衰竭 补仓E(1:1:1:1:1，-2%/-4%/-6%/-8%补) 均价止盈5% 止损离第一笔18% 拿24h,4148,59,0.86,0.87,-14.7,,3819,62,0.86,0.85,-14.7,,3765,64,0.94,0.93,-14.7,
5分钟 衰竭 补仓E(1:1:1:1:1，-2%/-4%/-6%/-8%补) 均价止盈5% 止损离第一笔18% 拿72h,2004,69,0.83,0.8,-14.7,,1923,72,0.89,0.96,-14.7,,2036,74,0.94,0.88,-14.7,
5分钟 衰竭 补仓E(1:1:1:1:1，-2%/-4%/-6%/-8%补) 均价止盈8% 止损离第一笔11% 拿24h,3924,58,0.9,0.89,-7.5,,3560,60,0.87,0.9,-7.5,,3431,59,0.89,0.86,-7.5,
5分钟 衰竭 补仓E(1:1:1:1:1，-2%/-4%/-6%/-8%补) 均价止盈8% 止损离第一笔11% 拿72h,1732,61,0.89,0.9,-7.5,,1625,63,0.95,0.86,-7.5,,1679,63,0.92,0.95,-7.5,
5分钟 衰竭 补仓E(1:1:1:1:1，-2%/-4%/-6%/-8%补) 均价止盈8% 止损离第一笔14% 拿24h,3881,58,0.88,0.88,-10.6,,3503,61,0.9,0.82,-10.6,,3374,60,0.89,0.93,-10.6,
5分钟 衰竭 补仓E(1:1:1:1:1，-2%/-4%/-6%/-8%补) 均价止盈8% 止损离第一笔14% 拿72h,1661,63,0.85,0.86,-10.6,,1543,65,0.98,0.92,-10.6,,1588,67,0.95,0.93,-10.6,
5分钟 衰竭 补仓E(1:1:1:1:1，-2%/-4%/-6%/-8%补) 均价止盈8% 止损离第一笔18% 拿24h,3861,58,0.89,0.9,-14.7,,3483,61,0.88,0.87,-14.7,,3340,60,0.9,0.93,-14.7,
5分钟 衰竭 补仓E(1:1:1:1:1，-2%/-4%/-6%/-8%补) 均价止盈8% 止损离第一笔18% 拿72h,1609,63,0.85,0.88,-14.7,,1486,65,1.0,0.88,-14.7,,1504,68,0.91,0.88,-14.7,
5分钟 衰竭 补仓F(1:1:1:1:1:1，-1.5%/-3%/-4.5%/-6%/-7.5%补) 均价止盈1% 止损离第一笔10% 拿24h,10113,87,0.93,0.88,-7.2,,9744,89,0.74,0.79,-7.2,,10343,92,1.07,0.91,-7.2,
5分钟 衰竭 补仓F(1:1:1:1:1:1，-1.5%/-3%/-4.5%/-6%/-7.5%补) 均价止盈1% 止损离第一笔10% 拿72h,8530,94,0.94,0.92,-7.2,,8453,94,0.78,0.82,-7.2,,9350,96,1.11,0.95,-7.2,✔
5分钟 衰竭 补仓F(1:1:1:1:1:1，-1.5%/-3%/-4.5%/-6%/-7.5%补) 均价止盈1% 止损离第一笔14% 拿24h,9902,87,0.9,0.92,-10.3,,9511,89,0.76,0.79,-10.4,,10159,92,1.01,0.93,-10.3,
5分钟 衰竭 补仓F(1:1:1:1:1:1，-1.5%/-3%/-4.5%/-6%/-7.5%补) 均价止盈1% 止损离第一笔14% 拿72h,8040,95,0.9,0.83,-10.3,,7842,95,0.81,0.88,-10.4,,8907,96,1.02,1.01,-10.3,
5分钟 衰竭 补仓F(1:1:1:1:1:1，-1.5%/-3%/-4.5%/-6%/-7.5%补) 均价止盈1% 止损离第一笔18% 拿24h,9785,87,0.89,0.83,-14.4,,9387,89,0.74,0.79,-14.4,,10009,92,0.96,0.92,-14.4,
5分钟 衰竭 补仓F(1:1:1:1:1:1，-1.5%/-3%/-4.5%/-6%/-7.5%补) 均价止盈1% 止损离第一笔18% 拿72h,7725,95,0.86,0.86,-14.4,,7466,95,0.81,0.85,-14.4,,8516,97,0.95,0.92,-14.4,
5分钟 衰竭 补仓F(1:1:1:1:1:1，-1.5%/-3%/-4.5%/-6%/-7.5%补) 均价止盈2% 止损离第一笔10% 拿24h,6608,75,0.91,0.89,-7.2,,6277,78,0.81,0.84,-7.2,,6525,81,1.04,0.95,-7.2,
5分钟 衰竭 补仓F(1:1:1:1:1:1，-1.5%/-3%/-4.5%/-6%/-7.5%补) 均价止盈2% 止损离第一笔10% 拿72h,4833,86,0.87,0.93,-7.2,,4837,87,0.84,0.91,-7.2,,5346,90,1.05,0.98,-7.2,
5分钟 衰竭 补仓F(1:1:1:1:1:1，-1.5%/-3%/-4.5%/-6%/-7.5%补) 均价止盈2% 止损离第一笔14% 拿24h,6407,75,0.86,0.87,-10.4,,6097,78,0.82,0.86,-10.4,,6358,82,1.03,0.95,-10.3,
5分钟 衰竭 补仓F(1:1:1:1:1:1，-1.5%/-3%/-4.5%/-6%/-7.5%补) 均价止盈2% 止损离第一笔14% 拿72h,4476,86,0.83,0.89,-10.4,,4456,89,0.89,0.89,-10.4,,4914,90,1.01,0.92,-10.3,
5分钟 衰竭 补仓F(1:1:1:1:1:1，-1.5%/-3%/-4.5%/-6%/-7.5%补) 均价止盈2% 止损离第一笔18% 拿24h,6315,75,0.87,0.84,-14.4,,5985,78,0.8,0.8,-14.4,,6216,81,1.0,0.91,-14.4,
5分钟 衰竭 补仓F(1:1:1:1:1:1，-1.5%/-3%/-4.5%/-6%/-7.5%补) 均价止盈2% 止损离第一笔18% 拿72h,4226,87,0.81,0.83,-14.4,,4154,89,0.86,0.87,-14.4,,4626,91,0.92,0.89,-14.4,
5分钟 衰竭 补仓F(1:1:1:1:1:1，-1.5%/-3%/-4.5%/-6%/-7.5%补) 均价止盈3% 止损离第一笔10% 拿24h,5249,68,0.92,0.9,-7.2,,4922,71,0.84,0.88,-7.2,,5035,73,1.03,0.91,-7.2,
5分钟 衰竭 补仓F(1:1:1:1:1:1，-1.5%/-3%/-4.5%/-6%/-7.5%补) 均价止盈3% 止损离第一笔10% 拿72h,3439,79,0.93,0.95,-7.2,,3370,80,0.86,0.93,-7.2,,3726,82,1.03,0.94,-7.2,
5分钟 衰竭 补仓F(1:1:1:1:1:1，-1.5%/-3%/-4.5%/-6%/-7.5%补) 均价止盈3% 止损离第一笔14% 拿24h,5141,67,0.85,0.88,-10.3,,4797,71,0.85,0.84,-10.4,,4929,74,1.0,0.94,-10.3,
5分钟 衰竭 补仓F(1:1:1:1:1:1，-1.5%/-3%/-4.5%/-6%/-7.5%补) 均价止盈3% 止损离第一笔14% 拿72h,3205,80,0.88,0.84,-10.3,,3122,82,0.89,0.89,-10.4,,3460,84,1.0,0.92,-10.3,
5分钟 衰竭 补仓F(1:1:1:1:1:1，-1.5%/-3%/-4.5%/-6%/-7.5%补) 均价止盈3% 止损离第一笔18% 拿24h,5054,67,0.88,0.9,-14.4,,4723,71,0.84,0.87,-14.4,,4820,74,0.99,0.91,-14.4,
5分钟 衰竭 补仓F(1:1:1:1:1:1，-1.5%/-3%/-4.5%/-6%/-7.5%补) 均价止盈3% 止损离第一笔18% 拿72h,3014,81,0.86,0.84,-14.4,,2906,82,0.87,0.9,-14.4,,3183,84,0.95,0.9,-14.4,
5分钟 衰竭 补仓F(1:1:1:1:1:1，-1.5%/-3%/-4.5%/-6%/-7.5%补) 均价止盈5% 止损离第一笔10% 拿24h,4265,61,0.91,0.87,-7.2,,3953,64,0.85,0.87,-7.2,,3920,65,0.99,0.93,-7.2,
5分钟 衰竭 补仓F(1:1:1:1:1:1，-1.5%/-3%/-4.5%/-6%/-7.5%补) 均价止盈5% 止损离第一笔10% 拿72h,2271,68,0.91,0.91,-7.2,,2243,70,0.9,0.93,-7.2,,2389,72,1.01,0.94,-7.2,
5分钟 衰竭 补仓F(1:1:1:1:1:1，-1.5%/-3%/-4.5%/-6%/-7.5%补) 均价止盈5% 止损离第一笔14% 拿24h,4206,62,0.85,0.89,-10.3,,3884,64,0.89,0.92,-10.4,,3843,66,0.94,0.95,-10.3,
5分钟 衰竭 补仓F(1:1:1:1:1:1，-1.5%/-3%/-4.5%/-6%/-7.5%补) 均价止盈5% 止损离第一笔14% 拿72h,2142,69,0.87,0.94,-10.3,,2061,72,0.93,0.87,-10.3,,2220,74,0.99,0.94,-10.3,
5分钟 衰竭 补仓F(1:1:1:1:1:1，-1.5%/-3%/-4.5%/-6%/-7.5%补) 均价止盈5% 止损离第一笔18% 拿24h,4166,62,0.87,0.84,-14.4,,3839,64,0.87,0.86,-14.4,,3789,66,0.96,0.9,-14.4,
5分钟 衰竭 补仓F(1:1:1:1:1:1，-1.5%/-3%/-4.5%/-6%/-7.5%补) 均价止盈5% 止损离第一笔18% 拿72h,2030,70,0.83,0.82,-14.4,,1966,72,0.9,0.88,-14.4,,2098,76,0.99,0.9,-14.4,
5分钟 衰竭 补仓F(1:1:1:1:1:1，-1.5%/-3%/-4.5%/-6%/-7.5%补) 均价止盈8% 止损离第一笔10% 拿24h,3937,60,0.87,0.85,-7.2,,3573,62,0.86,0.88,-7.2,,3448,61,0.88,0.9,-7.2,
5分钟 衰竭 补仓F(1:1:1:1:1:1，-1.5%/-3%/-4.5%/-6%/-7.5%补) 均价止盈8% 止损离第一笔10% 拿72h,1766,61,0.87,0.89,-7.2,,1672,64,0.93,0.86,-7.2,,1724,64,0.93,0.99,-7.2,
5分钟 衰竭 补仓F(1:1:1:1:1:1，-1.5%/-3%/-4.5%/-6%/-7.5%补) 均价止盈8% 止损离第一笔14% 拿24h,3886,60,0.87,0.86,-10.3,,3507,62,0.94,0.85,-10.4,,3388,62,0.89,0.93,-10.3,
5分钟 衰竭 补仓F(1:1:1:1:1:1，-1.5%/-3%/-4.5%/-6%/-7.5%补) 均价止盈8% 止损离第一笔14% 拿72h,1683,63,0.82,0.91,-10.3,,1558,66,1.01,0.84,-10.3,,1626,67,0.98,0.94,-10.3,
5分钟 衰竭 补仓F(1:1:1:1:1:1，-1.5%/-3%/-4.5%/-6%/-7.5%补) 均价止盈8% 止损离第一笔18% 拿24h,3857,60,0.87,0.81,-14.4,,3484,62,0.89,0.9,-14.4,,3350,62,0.87,0.9,-14.4,
5分钟 衰竭 补仓F(1:1:1:1:1:1，-1.5%/-3%/-4.5%/-6%/-7.5%补) 均价止盈8% 止损离第一笔18% 拿72h,1613,64,0.84,0.83,-14.4,,1494,66,0.97,0.97,-14.4,,1545,69,0.92,0.94,-14.4,
5分钟 衰竭 补仓G(1:1:2:2:4，-2%/-4%/-6%/-8%补) 均价止盈1% 止损离第一笔11% 拿24h,9919,87,0.98,0.87,-6.1,,9651,89,0.73,0.77,-6.1,,10207,92,1.13,1.0,-6.1,
5分钟 衰竭 补仓G(1:1:2:2:4，-2%/-4%/-6%/-8%补) 均价止盈1% 止损离第一笔11% 拿72h,8393,95,0.95,0.91,-6.1,,8551,95,0.76,0.8,-6.1,,9460,97,1.16,1.02,-6.1,✔
5分钟 衰竭 补仓G(1:1:2:2:4，-2%/-4%/-6%/-8%补) 均价止盈1% 止损离第一笔14% 拿24h,9785,87,0.96,0.87,-9.3,,9482,89,0.72,0.7,-9.3,,10067,92,1.04,0.95,-9.3,
5分钟 衰竭 补仓G(1:1:2:2:4，-2%/-4%/-6%/-8%补) 均价止盈1% 止损离第一笔14% 拿72h,8111,96,0.88,0.84,-9.3,,8136,96,0.76,0.82,-9.3,,9123,97,1.04,0.99,-9.3,
5分钟 衰竭 补仓G(1:1:2:2:4，-2%/-4%/-6%/-8%补) 均价止盈1% 止损离第一笔18% 拿24h,9688,87,0.96,0.85,-13.5,,9391,89,0.71,0.74,-13.5,,9975,92,1.01,0.88,-13.5,
5分钟 衰竭 补仓G(1:1:2:2:4，-2%/-4%/-6%/-8%补) 均价止盈1% 止损离第一笔18% 拿72h,7914,96,0.85,0.78,-13.5,,7826,97,0.76,0.82,-13.5,,8886,98,0.95,0.95,-13.5,
5分钟 衰竭 补仓G(1:1:2:2:4，-2%/-4%/-6%/-8%补) 均价止盈2% 止损离第一笔11% 拿24h,6558,76,0.93,0.89,-6.1,,6298,79,0.79,0.85,-6.1,,6542,82,1.1,0.95,-6.1,
5分钟 衰竭 补仓G(1:1:2:2:4，-2%/-4%/-6%/-8%补) 均价止盈2% 止损离第一笔11% 拿72h,4850,88,0.93,0.89,-6.1,,4938,89,0.83,0.88,-6.1,,5439,91,1.01,0.97,-6.1,
5分钟 衰竭 补仓G(1:1:2:2:4，-2%/-4%/-6%/-8%补) 均价止盈2% 止损离第一笔14% 拿24h,6402,76,0.85,0.89,-9.3,,6138,79,0.81,0.8,-9.3,,6399,82,1.05,0.97,-9.3,
5分钟 衰竭 补仓G(1:1:2:2:4，-2%/-4%/-6%/-8%补) 均价止盈2% 止损离第一笔14% 拿72h,4595,89,0.9,0.86,-9.3,,4581,91,0.88,0.88,-9.3,,5085,92,0.89,0.92,-9.3,
5分钟 衰竭 补仓G(1:1:2:2:4，-2%/-4%/-6%/-8%补) 均价止盈2% 止损离第一笔18% 拿24h,6326,76,0.85,0.81,-13.5,,6046,79,0.78,0.78,-13.5,,6301,83,1.04,0.92,-13.5,
5分钟 衰竭 补仓G(1:1:2:2:4，-2%/-4%/-6%/-8%补) 均价止盈2% 止损离第一笔18% 拿72h,4385,89,0.84,0.83,-13.5,,4311,91,0.8,0.9,-13.5,,4823,92,0.88,0.89,-13.5,
5分钟 衰竭 补仓G(1:1:2:2:4，-2%/-4%/-6%/-8%补) 均价止盈3% 止损离第一笔11% 拿24h,5206,68,0.88,0.88,-6.2,,4897,71,0.82,0.87,-6.1,,5025,74,1.0,0.97,-6.1,
5分钟 衰竭 补仓G(1:1:2:2:4，-2%/-4%/-6%/-8%补) 均价止盈3% 止损离第一笔11% 拿72h,3467,81,0.91,0.88,-6.2,,3377,82,0.83,0.85,-6.1,,3765,85,1.0,0.98,-6.1,
5分钟 衰竭 补仓G(1:1:2:2:4，-2%/-4%/-6%/-8%补) 均价止盈3% 止损离第一笔14% 拿24h,5109,68,0.84,0.85,-9.3,,4812,72,0.82,0.82,-9.3,,4930,75,0.94,0.92,-9.3,
5分钟 衰竭 补仓G(1:1:2:2:4，-2%/-4%/-6%/-8%补) 均价止盈3% 止损离第一笔14% 拿72h,3235,83,0.88,0.86,-9.3,,3174,85,0.89,0.88,-9.3,,3546,86,0.93,0.95,-9.3,
5分钟 衰竭 补仓G(1:1:2:2:4，-2%/-4%/-6%/-8%补) 均价止盈3% 止损离第一笔18% 拿24h,5040,68,0.84,0.84,-13.5,,4740,72,0.83,0.81,-13.5,,4834,75,0.93,0.95,-13.5,
5分钟 衰竭 补仓G(1:1:2:2:4，-2%/-4%/-6%/-8%补) 均价止盈3% 止损离第一笔18% 拿72h,3063,83,0.83,0.79,-13.5,,2959,85,0.84,0.85,-13.5,,3302,87,0.89,0.92,-13.5,
5分钟 衰竭 补仓G(1:1:2:2:4，-2%/-4%/-6%/-8%补) 均价止盈5% 止损离第一笔11% 拿24h,4268,61,0.88,0.83,-6.2,,3947,64,0.82,0.81,-6.1,,3916,66,0.97,0.96,-6.1,
5分钟 衰竭 补仓G(1:1:2:2:4，-2%/-4%/-6%/-8%补) 均价止盈5% 止损离第一笔11% 拿72h,2314,72,0.86,0.83,-6.2,,2201,72,0.87,0.89,-6.1,,2401,75,1.0,0.98,-6.1,
5分钟 衰竭 补仓G(1:1:2:2:4，-2%/-4%/-6%/-8%补) 均价止盈5% 止损离第一笔14% 拿24h,4204,61,0.84,0.85,-9.3,,3872,64,0.86,0.83,-9.3,,3850,66,0.9,0.95,-9.3,
5分钟 衰竭 补仓G(1:1:2:2:4，-2%/-4%/-6%/-8%补) 均价止盈5% 止损离第一笔14% 拿72h,2166,73,0.85,0.82,-9.3,,2083,75,0.91,0.91,-9.3,,2239,77,0.92,0.89,-9.3,
5分钟 衰竭 补仓G(1:1:2:2:4，-2%/-4%/-6%/-8%补) 均价止盈5% 止损离第一笔18% 拿24h,4170,62,0.86,0.79,-13.5,,3838,64,0.82,0.88,-13.5,,3789,67,0.91,0.93,-13.5,
5分钟 衰竭 补仓G(1:1:2:2:4，-2%/-4%/-6%/-8%补) 均价止盈5% 止损离第一笔18% 拿72h,2055,74,0.8,0.8,-13.5,,1965,75,0.86,0.92,-13.5,,2106,77,0.9,0.9,-13.5,
5分钟 衰竭 补仓G(1:1:2:2:4，-2%/-4%/-6%/-8%补) 均价止盈8% 止损离第一笔11% 拿24h,3928,60,0.9,0.81,-6.1,,3569,62,0.87,0.86,-6.1,,3441,62,0.91,0.91,-6.1,
5分钟 衰竭 补仓G(1:1:2:2:4，-2%/-4%/-6%/-8%补) 均价止盈8% 止损离第一笔11% 拿72h,1748,64,0.87,0.83,-6.1,,1647,66,0.95,0.91,-6.1,,1709,67,0.98,0.96,-6.1,
5分钟 衰竭 补仓G(1:1:2:2:4，-2%/-4%/-6%/-8%补) 均价止盈8% 止损离第一笔14% 拿24h,3885,60,0.86,0.81,-9.3,,3517,63,0.9,0.83,-9.3,,3386,63,0.89,0.93,-9.3,
5分钟 衰竭 补仓G(1:1:2:2:4，-2%/-4%/-6%/-8%补) 均价止盈8% 止损离第一笔14% 拿72h,1677,66,0.85,0.86,-9.3,,1574,68,0.97,0.91,-9.3,,1620,70,0.98,0.98,-9.3,
5分钟 衰竭 补仓G(1:1:2:2:4，-2%/-4%/-6%/-8%补) 均价止盈8% 止损离第一笔18% 拿24h,3864,60,0.89,0.8,-13.5,,3493,63,0.84,0.85,-13.5,,3357,63,0.89,0.99,-13.5,
5分钟 衰竭 补仓G(1:1:2:2:4，-2%/-4%/-6%/-8%补) 均价止盈8% 止损离第一笔18% 拿72h,1624,67,0.84,0.8,-13.5,,1509,68,0.98,0.89,-13.5,,1531,70,0.89,0.98,-13.5,
5分钟 衰竭 补仓H(1:1:1:1:1:1:1:1，-1%/-2%/-3%/-4%/-5%/-6%/-7%补) 均价止盈1% 止损离第一笔10% 拿24h,10641,89,0.94,0.9,-6.9,,10187,90,0.73,0.8,-6.9,,10880,93,1.08,0.95,-6.9,
5分钟 衰竭 补仓H(1:1:1:1:1:1:1:1，-1%/-2%/-3%/-4%/-5%/-6%/-7%补) 均价止盈1% 止损离第一笔10% 拿72h,9158,95,0.94,0.91,-6.9,,8914,95,0.78,0.79,-6.9,,9975,96,1.09,0.98,-6.9,
5分钟 衰竭 补仓H(1:1:1:1:1:1:1:1，-1%/-2%/-3%/-4%/-5%/-6%/-7%补) 均价止盈1% 止损离第一笔13% 拿24h,10409,89,0.9,0.83,-10.0,,9943,90,0.76,0.77,-10.0,,10654,93,1.04,0.94,-10.0,
5分钟 衰竭 补仓H(1:1:1:1:1:1:1:1，-1%/-2%/-3%/-4%/-5%/-6%/-7%补) 均价止盈1% 止损离第一笔13% 拿72h,8594,95,0.9,0.85,-10.0,,8248,96,0.83,0.87,-10.0,,9440,97,1.03,0.96,-10.0,
5分钟 衰竭 补仓H(1:1:1:1:1:1:1:1，-1%/-2%/-3%/-4%/-5%/-6%/-7%补) 均价止盈1% 止损离第一笔17% 拿24h,10277,89,0.89,0.83,-14.1,,9811,90,0.74,0.79,-14.1,,10509,93,0.97,0.93,-14.1,
5分钟 衰竭 补仓H(1:1:1:1:1:1:1:1，-1%/-2%/-3%/-4%/-5%/-6%/-7%补) 均价止盈1% 止损离第一笔17% 拿72h,8220,95,0.84,0.82,-14.1,,7813,96,0.82,0.88,-14.1,,9078,97,0.96,0.9,-14.1,
5分钟 衰竭 补仓H(1:1:1:1:1:1:1:1，-1%/-2%/-3%/-4%/-5%/-6%/-7%补) 均价止盈2% 止损离第一笔10% 拿24h,6773,77,0.91,0.89,-6.9,,6517,80,0.84,0.86,-6.9,,6761,83,1.06,0.98,-6.9,
5分钟 衰竭 补仓H(1:1:1:1:1:1:1:1，-1%/-2%/-3%/-4%/-5%/-6%/-7%补) 均价止盈2% 止损离第一笔10% 拿72h,5088,87,0.9,0.92,-6.9,,5143,88,0.86,0.94,-6.9,,5634,90,1.06,0.98,-6.9,
5分钟 衰竭 补仓H(1:1:1:1:1:1:1:1，-1%/-2%/-3%/-4%/-5%/-6%/-7%补) 均价止盈2% 止损离第一笔13% 拿24h,6550,76,0.87,0.88,-10.0,,6346,80,0.84,0.82,-10.0,,6566,83,1.03,0.93,-10.0,
5分钟 衰竭 补仓H(1:1:1:1:1:1:1:1，-1%/-2%/-3%/-4%/-5%/-6%/-7%补) 均价止盈2% 止损离第一笔13% 拿72h,4637,88,0.88,0.88,-10.0,,4701,89,0.91,0.87,-10.0,,5160,91,1.0,0.94,-10.0,
5分钟 衰竭 补仓H(1:1:1:1:1:1:1:1，-1%/-2%/-3%/-4%/-5%/-6%/-7%补) 均价止盈2% 止损离第一笔17% 拿24h,6446,76,0.86,0.9,-14.1,,6221,80,0.84,0.84,-14.1,,6423,83,1.02,0.95,-14.1,
5分钟 衰竭 补仓H(1:1:1:1:1:1:1:1，-1%/-2%/-3%/-4%/-5%/-6%/-7%补) 均价止盈2% 止损离第一笔17% 拿72h,4378,88,0.86,0.88,-14.1,,4385,90,0.91,0.92,-14.1,,4873,91,0.91,0.95,-14.1,
5分钟 衰竭 补仓H(1:1:1:1:1:1:1:1，-1%/-2%/-3%/-4%/-5%/-6%/-7%补) 均价止盈3% 止损离第一笔10% 拿24h,5340,69,0.9,0.84,-6.9,,5030,72,0.87,0.85,-6.9,,5152,75,1.02,0.94,-6.9,
5分钟 衰竭 补仓H(1:1:1:1:1:1:1:1，-1%/-2%/-3%/-4%/-5%/-6%/-7%补) 均价止盈3% 止损离第一笔10% 拿72h,3595,80,0.92,0.95,-6.9,,3507,80,0.82,0.93,-6.9,,3917,83,1.02,0.98,-6.9,
5分钟 衰竭 补仓H(1:1:1:1:1:1:1:1，-1%/-2%/-3%/-4%/-5%/-6%/-7%补) 均价止盈3% 止损离第一笔13% 拿24h,5213,69,0.85,0.9,-10.0,,4915,73,0.87,0.82,-10.0,,5013,75,0.98,0.98,-10.0,
5分钟 衰竭 补仓H(1:1:1:1:1:1:1:1，-1%/-2%/-3%/-4%/-5%/-6%/-7%补) 均价止盈3% 止损离第一笔13% 拿72h,3318,81,0.88,0.88,-10.0,,3250,83,0.91,0.91,-10.0,,3553,84,1.0,0.91,-10.0,
5分钟 衰竭 补仓H(1:1:1:1:1:1:1:1，-1%/-2%/-3%/-4%/-5%/-6%/-7%补) 均价止盈3% 止损离第一笔17% 拿24h,5114,69,0.88,0.87,-14.1,,4824,73,0.87,0.87,-14.1,,4904,75,0.97,0.93,-14.1,
5分钟 衰竭 补仓H(1:1:1:1:1:1:1:1，-1%/-2%/-3%/-4%/-5%/-6%/-7%补) 均价止盈3% 止损离第一笔17% 拿72h,3137,82,0.88,0.9,-14.1,,2995,83,0.84,0.91,-14.1,,3284,85,0.95,0.95,-14.1,
5分钟 衰竭 补仓H(1:1:1:1:1:1:1:1，-1%/-2%/-3%/-4%/-5%/-6%/-7%补) 均价止盈5% 止损离第一笔10% 拿24h,4292,63,0.89,0.89,-6.9,,3985,65,0.88,0.9,-6.9,,3961,66,0.94,0.89,-6.9,
5分钟 衰竭 补仓H(1:1:1:1:1:1:1:1，-1%/-2%/-3%/-4%/-5%/-6%/-7%补) 均价止盈5% 止损离第一笔10% 拿72h,2329,69,0.93,0.91,-6.9,,2315,69,0.84,0.91,-6.9,,2461,72,0.99,0.96,-6.9,
5分钟 衰竭 补仓H(1:1:1:1:1:1:1:1，-1%/-2%/-3%/-4%/-5%/-6%/-7%补) 均价止盈5% 止损离第一笔13% 拿24h,4237,63,0.87,0.82,-10.0,,3919,66,0.89,0.88,-10.0,,3868,67,0.89,0.92,-10.0,
5分钟 衰竭 补仓H(1:1:1:1:1:1:1:1，-1%/-2%/-3%/-4%/-5%/-6%/-7%补) 均价止盈5% 止损离第一笔13% 拿72h,2191,71,0.89,0.89,-10.0,,2103,72,0.89,0.92,-10.0,,2254,75,0.99,0.91,-10.0,
5分钟 衰竭 补仓H(1:1:1:1:1:1:1:1，-1%/-2%/-3%/-4%/-5%/-6%/-7%补) 均价止盈5% 止损离第一笔17% 拿24h,4185,63,0.9,0.83,-14.1,,3871,66,0.87,0.88,-14.1,,3814,67,0.91,0.91,-14.1,
5分钟 衰竭 补仓H(1:1:1:1:1:1:1:1，-1%/-2%/-3%/-4%/-5%/-6%/-7%补) 均价止盈5% 止损离第一笔17% 拿72h,2047,71,0.85,0.84,-14.1,,1981,72,0.89,0.92,-14.1,,2123,76,1.0,0.93,-14.1,
5分钟 衰竭 补仓H(1:1:1:1:1:1:1:1，-1%/-2%/-3%/-4%/-5%/-6%/-7%补) 均价止盈8% 止损离第一笔10% 拿24h,3963,62,0.87,0.89,-6.9,,3588,63,0.82,0.87,-6.9,,3468,63,0.88,0.96,-6.9,
5分钟 衰竭 补仓H(1:1:1:1:1:1:1:1，-1%/-2%/-3%/-4%/-5%/-6%/-7%补) 均价止盈8% 止损离第一笔10% 拿72h,1815,62,0.86,0.92,-6.9,,1691,64,0.93,0.88,-6.9,,1749,63,0.95,0.97,-6.9,
5分钟 衰竭 补仓H(1:1:1:1:1:1:1:1，-1%/-2%/-3%/-4%/-5%/-6%/-7%补) 均价止盈8% 止损离第一笔13% 拿24h,3910,62,0.9,0.84,-10.0,,3513,64,0.9,0.88,-10.0,,3401,64,0.91,0.87,-10.0,
5分钟 衰竭 补仓H(1:1:1:1:1:1:1:1，-1%/-2%/-3%/-4%/-5%/-6%/-7%补) 均价止盈8% 止损离第一笔13% 拿72h,1695,64,0.81,0.88,-10.0,,1568,66,0.97,0.89,-10.0,,1647,68,1.02,0.88,-10.0,
5分钟 衰竭 补仓H(1:1:1:1:1:1:1:1，-1%/-2%/-3%/-4%/-5%/-6%/-7%补) 均价止盈8% 止损离第一笔17% 拿24h,3870,62,0.89,0.86,-14.1,,3480,64,0.86,0.86,-14.1,,3359,64,0.86,0.97,-14.1,
5分钟 衰竭 补仓H(1:1:1:1:1:1:1:1，-1%/-2%/-3%/-4%/-5%/-6%/-7%补) 均价止盈8% 止损离第一笔17% 拿72h,1630,66,0.9,0.79,-14.1,,1503,67,0.95,0.85,-14.1,,1561,69,0.9,0.91,-14.1,
5分钟 衰竭 补仓I(1:1:1:2:2:3，-2%/-4%/-6%/-9%/-12%补) 均价止盈1% 止损离第一笔15% 拿24h,9534,86,0.91,0.88,-8.6,,9295,89,0.75,0.77,-8.6,,9828,91,1.06,0.92,-8.6,
5分钟 衰竭 补仓I(1:1:1:2:2:3，-2%/-4%/-6%/-9%/-12%补) 均价止盈1% 止损离第一笔15% 拿72h,7678,95,0.86,0.81,-8.6,,7695,96,0.79,0.79,-8.6,,8712,97,1.03,0.94,-8.6,
5分钟 衰竭 补仓I(1:1:1:2:2:3，-2%/-4%/-6%/-9%/-12%补) 均价止盈1% 止损离第一笔18% 拿24h,9475,86,0.9,0.88,-11.8,,9256,89,0.73,0.75,-11.8,,9769,91,1.01,0.9,-11.8,
5分钟 衰竭 补仓I(1:1:1:2:2:3，-2%/-4%/-6%/-9%/-12%补) 均价止盈1% 止损离第一笔18% 拿72h,7551,95,0.82,0.79,-11.8,,7554,96,0.75,0.8,-11.8,,8534,97,0.92,0.91,-11.8,
5分钟 衰竭 补仓I(1:1:1:2:2:3，-2%/-4%/-6%/-9%/-12%补) 均价止盈1% 止损离第一笔22% 拿24h,9446,86,0.92,0.86,-14.0,,9202,89,0.74,0.73,-16.1,,9723,91,0.95,0.94,-16.1,
5分钟 衰竭 补仓I(1:1:1:2:2:3，-2%/-4%/-6%/-9%/-12%补) 均价止盈1% 止损离第一笔22% 拿72h,7416,95,0.82,0.81,-16.1,,7432,96,0.77,0.75,-16.1,,8349,97,0.86,0.81,-16.1,
5分钟 衰竭 补仓I(1:1:1:2:2:3，-2%/-4%/-6%/-9%/-12%补) 均价止盈2% 止损离第一笔15% 拿24h,6278,74,0.93,0.88,-8.6,,6010,78,0.81,0.81,-8.6,,6242,81,1.01,0.95,-8.6,
5分钟 衰竭 补仓I(1:1:1:2:2:3，-2%/-4%/-6%/-9%/-12%补) 均价止盈2% 止损离第一笔15% 拿72h,4392,88,0.9,0.83,-8.6,,4397,90,0.86,0.91,-8.6,,4799,91,0.9,0.88,-8.6,
5分钟 衰竭 补仓I(1:1:1:2:2:3，-2%/-4%/-6%/-9%/-12%补) 均价止盈2% 止损离第一笔18% 拿24h,6228,74,0.9,0.86,-11.8,,5957,78,0.79,0.78,-11.8,,6188,81,0.98,0.89,-11.8,
5分钟 衰竭 补仓I(1:1:1:2:2:3，-2%/-4%/-6%/-9%/-12%补) 均价止盈2% 止损离第一笔18% 拿72h,4274,88,0.84,0.8,-11.8,,4216,90,0.83,0.87,-11.8,,4646,92,0.87,0.91,-11.8,
5分钟 衰竭 补仓I(1:1:1:2:2:3，-2%/-4%/-6%/-9%/-12%补) 均价止盈2% 止损离第一笔22% 拿24h,6182,74,0.93,0.86,-14.0,,5919,78,0.75,0.77,-16.1,,6125,81,0.95,0.9,-16.1,
5分钟 衰竭 补仓I(1:1:1:2:2:3，-2%/-4%/-6%/-9%/-12%补) 均价止盈2% 止损离第一笔22% 拿72h,4145,88,0.81,0.74,-16.1,,4129,91,0.79,0.84,-16.1,,4467,92,0.81,0.9,-16.1,
5分钟 衰竭 补仓I(1:1:1:2:2:3，-2%/-4%/-6%/-9%/-12%补) 均价止盈3% 止损离第一笔15% 拿24h,5053,66,0.89,0.88,-8.6,,4746,70,0.81,0.87,-8.6,,4834,73,0.93,0.93,-8.6,
5分钟 衰竭 补仓I(1:1:1:2:2:3，-2%/-4%/-6%/-9%/-12%补) 均价止盈3% 止损离第一笔15% 拿72h,3160,82,0.92,0.85,-8.6,,3043,83,0.82,0.87,-8.6,,3356,85,0.87,0.92,-8.6,
5分钟 衰竭 补仓I(1:1:1:2:2:3，-2%/-4%/-6%/-9%/-12%补) 均价止盈3% 止损离第一笔18% 拿24h,5009,66,0.89,0.87,-11.8,,4689,70,0.82,0.83,-11.8,,4789,74,0.94,0.94,-11.8,
5分钟 衰竭 补仓I(1:1:1:2:2:3，-2%/-4%/-6%/-9%/-12%补) 均价止盈3% 止损离第一笔18% 拿72h,3047,82,0.85,0.83,-11.8,,2902,83,0.77,0.86,-11.8,,3197,86,0.91,0.93,-11.8,
5分钟 衰竭 补仓I(1:1:1:2:2:3，-2%/-4%/-6%/-9%/-12%补) 均价止盈3% 止损离第一笔22% 拿24h,4981,66,0.91,0.85,-14.0,,4656,70,0.8,0.83,-16.1,,4761,74,0.92,0.9,-16.1,
5分钟 衰竭 补仓I(1:1:1:2:2:3，-2%/-4%/-6%/-9%/-12%补) 均价止盈3% 止损离第一笔22% 拿72h,2929,82,0.84,0.81,-16.1,,2810,83,0.7,0.81,-16.1,,3098,86,0.86,0.86,-16.1,
5分钟 衰竭 补仓I(1:1:1:2:2:3，-2%/-4%/-6%/-9%/-12%补) 均价止盈5% 止损离第一笔15% 拿24h,4182,60,0.89,0.83,-8.6,,3855,63,0.87,0.87,-8.6,,3828,65,0.92,0.95,-8.6,
5分钟 衰竭 补仓I(1:1:1:2:2:3，-2%/-4%/-6%/-9%/-12%补) 均价止盈5% 止损离第一笔15% 拿72h,2103,71,0.89,0.87,-8.6,,2039,74,0.94,0.87,-8.6,,2170,75,0.91,0.94,-8.6,
5分钟 衰竭 补仓I(1:1:1:2:2:3，-2%/-4%/-6%/-9%/-12%补) 均价止盈5% 止损离第一笔18% 拿24h,4166,60,0.89,0.8,-11.8,,3832,64,0.85,0.84,-11.8,,3786,66,0.9,0.93,-11.8,
5分钟 衰竭 补仓I(1:1:1:2:2:3，-2%/-4%/-6%/-9%/-12%补) 均价止盈5% 止损离第一笔18% 拿72h,2029,72,0.85,0.78,-11.8,,1958,74,0.88,0.91,-11.8,,2070,76,0.9,0.91,-11.8,
5分钟 衰竭 补仓I(1:1:1:2:2:3，-2%/-4%/-6%/-9%/-12%补) 均价止盈5% 止损离第一笔22% 拿24h,4146,60,0.93,0.8,-14.0,,3815,64,0.8,0.83,-16.1,,3755,65,0.85,0.9,-16.1,
5分钟 衰竭 补仓I(1:1:1:2:2:3，-2%/-4%/-6%/-9%/-12%补) 均价止盈5% 止损离第一笔22% 拿72h,1995,72,0.84,0.77,-16.1,,1913,74,0.85,0.87,-16.1,,2014,76,0.83,0.87,-16.1,
5分钟 衰竭 补仓I(1:1:1:2:2:3，-2%/-4%/-6%/-9%/-12%补) 均价止盈8% 止损离第一笔15% 拿24h,3879,59,0.92,0.89,-8.6,,3500,62,0.92,0.84,-8.6,,3374,61,0.86,0.86,-8.6,
5分钟 衰竭 补仓I(1:1:1:2:2:3，-2%/-4%/-6%/-9%/-12%补) 均价止盈8% 止损离第一笔15% 拿72h,1655,64,0.89,0.8,-8.6,,1535,68,0.93,0.85,-8.6,,1582,68,0.89,0.86,-8.6,
5分钟 衰竭 补仓I(1:1:1:2:2:3，-2%/-4%/-6%/-9%/-12%补) 均价止盈8% 止损离第一笔18% 拿24h,3862,59,0.91,0.84,-11.8,,3491,62,0.86,0.89,-11.8,,3349,62,0.86,0.93,-11.8,
5分钟 衰竭 补仓I(1:1:1:2:2:3，-2%/-4%/-6%/-9%/-12%补) 均价止盈8% 止损离第一笔18% 拿72h,1616,65,0.84,0.75,-11.8,,1514,69,0.96,0.83,-11.8,,1523,69,0.86,0.91,-11.8,
5分钟 衰竭 补仓I(1:1:1:2:2:3，-2%/-4%/-6%/-9%/-12%补) 均价止盈8% 止损离第一笔22% 拿24h,3854,59,0.93,0.88,-14.0,,3481,62,0.85,0.82,-16.1,,3337,62,0.8,0.89,-16.1,
5分钟 衰竭 补仓I(1:1:1:2:2:3，-2%/-4%/-6%/-9%/-12%补) 均价止盈8% 止损离第一笔22% 拿72h,1584,65,0.79,0.7,-16.1,,1473,68,0.99,0.88,-16.1,,1482,69,0.84,0.86,-16.1,
5分钟 持仓背离 补仓E(1:1:1:1:1，-2%/-4%/-6%/-8%补) 均价止盈1% 止损离第一笔11% 拿24h,7193,84,0.95,0.85,-7.5,,6637,87,0.79,0.86,-7.5,,7025,90,1.11,0.97,-7.5,✔
5分钟 持仓背离 补仓E(1:1:1:1:1，-2%/-4%/-6%/-8%补) 均价止盈1% 止损离第一笔11% 拿72h,6034,94,0.99,0.89,-7.5,,5666,94,0.83,0.81,-7.5,,6317,96,1.13,0.99,-7.5,✔
5分钟 持仓背离 补仓E(1:1:1:1:1，-2%/-4%/-6%/-8%补) 均价止盈1% 止损离第一笔14% 拿24h,7143,84,0.92,0.85,-10.6,,6564,87,0.77,0.74,-10.6,,6977,90,1.07,0.94,-10.6,
5分钟 持仓背离 补仓E(1:1:1:1:1，-2%/-4%/-6%/-8%补) 均价止盈1% 止损离第一笔14% 拿72h,5857,94,0.95,0.83,-10.6,,5458,95,0.84,0.82,-10.6,,6126,96,1.08,0.96,-10.6,
5分钟 持仓背离 补仓E(1:1:1:1:1，-2%/-4%/-6%/-8%补) 均价止盈1% 止损离第一笔18% 拿24h,7114,84,0.89,0.82,-14.7,,6524,87,0.79,0.72,-14.7,,6947,90,1.01,0.92,-14.7,
5分钟 持仓背离 补仓E(1:1:1:1:1，-2%/-4%/-6%/-8%补) 均价止盈1% 止损离第一笔18% 拿72h,5733,94,0.91,0.83,-14.7,,5274,95,0.86,0.86,-14.7,,5993,96,0.98,0.98,-14.7,
5分钟 持仓背离 补仓E(1:1:1:1:1，-2%/-4%/-6%/-8%补) 均价止盈2% 止损离第一笔11% 拿24h,5146,72,0.91,0.87,-7.5,,4706,75,0.86,0.82,-7.5,,4951,79,1.05,0.96,-7.5,
5分钟 持仓背离 补仓E(1:1:1:1:1，-2%/-4%/-6%/-8%补) 均价止盈2% 止损离第一笔11% 拿72h,3797,85,0.95,0.9,-7.5,,3584,86,0.89,0.85,-7.5,,4024,89,1.05,0.96,-7.5,
5分钟 持仓背离 补仓E(1:1:1:1:1，-2%/-4%/-6%/-8%补) 均价止盈2% 止损离第一笔14% 拿24h,5100,72,0.89,0.86,-10.6,,4649,76,0.86,0.83,-10.6,,4893,79,1.05,0.96,-10.6,
5分钟 持仓背离 补仓E(1:1:1:1:1，-2%/-4%/-6%/-8%补) 均价止盈2% 止损离第一笔14% 拿72h,3604,85,0.91,0.89,-10.6,,3401,87,0.94,0.87,-10.6,,3784,90,1.04,0.99,-10.6,
5分钟 持仓背离 补仓E(1:1:1:1:1，-2%/-4%/-6%/-8%补) 均价止盈2% 止损离第一笔18% 拿24h,5063,72,0.87,0.87,-14.7,,4618,76,0.86,0.8,-14.7,,4851,79,1.04,0.93,-14.7,
5分钟 持仓背离 补仓E(1:1:1:1:1，-2%/-4%/-6%/-8%补) 均价止盈2% 止损离第一笔18% 拿72h,3482,86,0.91,0.91,-14.7,,3259,87,0.91,0.88,-14.7,,3667,90,1.03,0.95,-14.7,
5分钟 持仓背离 补仓E(1:1:1:1:1，-2%/-4%/-6%/-8%补) 均价止盈3% 止损离第一笔11% 拿24h,4283,64,0.88,0.87,-7.5,,3909,68,0.9,0.84,-7.5,,4047,71,1.02,0.96,-7.5,
5分钟 持仓背离 补仓E(1:1:1:1:1，-2%/-4%/-6%/-8%补) 均价止盈3% 止损离第一笔11% 拿72h,2801,77,0.95,0.91,-7.5,,2650,79,0.91,0.86,-7.5,,2953,82,1.04,0.95,-7.5,
5分钟 持仓背离 补仓E(1:1:1:1:1，-2%/-4%/-6%/-8%补) 均价止盈3% 止损离第一笔14% 拿24h,4230,64,0.84,0.85,-10.6,,3870,68,0.87,0.83,-10.6,,4003,71,1.01,0.97,-10.6,
5分钟 持仓背离 补仓E(1:1:1:1:1，-2%/-4%/-6%/-8%补) 均价止盈3% 止损离第一笔14% 拿72h,2661,77,0.88,0.87,-10.6,,2527,81,0.91,0.85,-10.6,,2778,82,0.98,0.91,-10.6,
5分钟 持仓背离 补仓E(1:1:1:1:1，-2%/-4%/-6%/-8%补) 均价止盈3% 止损离第一笔18% 拿24h,4206,64,0.85,0.89,-14.7,,3847,68,0.86,0.83,-14.7,,3954,71,1.01,0.94,-14.7,
5分钟 持仓背离 补仓E(1:1:1:1:1，-2%/-4%/-6%/-8%补) 均价止盈3% 止损离第一笔18% 拿72h,2581,78,0.89,0.88,-14.7,,2418,80,0.85,0.88,-14.7,,2679,83,0.98,0.95,-14.7,
5分钟 持仓背离 补仓E(1:1:1:1:1，-2%/-4%/-6%/-8%补) 均价止盈5% 止损离第一笔11% 拿24h,3683,59,0.89,0.88,-7.5,,3325,61,0.89,0.87,-7.5,,3295,63,0.97,0.93,-7.5,
5分钟 持仓背离 补仓E(1:1:1:1:1，-2%/-4%/-6%/-8%补) 均价止盈5% 止损离第一笔11% 拿72h,1956,66,0.9,0.95,-7.5,,1852,67,0.86,0.89,-7.5,,1986,71,1.01,0.99,-7.5,
5分钟 持仓背离 补仓E(1:1:1:1:1，-2%/-4%/-6%/-8%补) 均价止盈5% 止损离第一笔14% 拿24h,3656,59,0.86,0.88,-10.6,,3291,61,0.88,0.85,-10.6,,3262,63,0.95,0.95,-10.6,
5分钟 持仓背离 补仓E(1:1:1:1:1，-2%/-4%/-6%/-8%补) 均价止盈5% 止损离第一笔14% 拿72h,1878,67,0.88,0.88,-10.6,,1769,69,0.94,0.87,-10.6,,1876,73,0.97,0.94,-10.6,
5分钟 持仓背离 补仓E(1:1:1:1:1，-2%/-4%/-6%/-8%补) 均价止盈5% 止损离第一笔18% 拿24h,3641,59,0.88,0.85,-14.7,,3279,61,0.89,0.86,-14.7,,3228,63,0.94,0.94,-14.7,
5分钟 持仓背离 补仓E(1:1:1:1:1，-2%/-4%/-6%/-8%补) 均价止盈5% 止损离第一笔18% 拿72h,1821,68,0.86,0.89,-14.7,,1712,69,0.93,0.84,-14.7,,1796,74,0.95,0.92,-14.7,
5分钟 持仓背离 补仓E(1:1:1:1:1，-2%/-4%/-6%/-8%补) 均价止盈8% 止损离第一笔11% 拿24h,3468,57,0.91,0.86,-7.5,,3076,59,0.9,0.91,-7.5,,2994,60,0.94,0.9,-7.5,
5分钟 持仓背离 补仓E(1:1:1:1:1，-2%/-4%/-6%/-8%补) 均价止盈8% 止损离第一笔11% 拿72h,1603,61,0.91,0.92,-7.5,,1502,62,0.86,0.9,-7.5,,1510,63,1.02,0.97,-7.5,
5分钟 持仓背离 补仓E(1:1:1:1:1，-2%/-4%/-6%/-8%补) 均价止盈8% 止损离第一笔14% 拿24h,3452,57,0.89,0.87,-10.6,,3053,60,0.9,0.92,-10.6,,2969,60,0.96,0.93,-10.6,
5分钟 持仓背离 补仓E(1:1:1:1:1，-2%/-4%/-6%/-8%补) 均价止盈8% 止损离第一笔14% 拿72h,1561,63,0.94,0.85,-10.6,,1437,63,0.92,0.94,-10.6,,1446,64,0.94,1.0,-10.6,
5分钟 持仓背离 补仓E(1:1:1:1:1，-2%/-4%/-6%/-8%补) 均价止盈8% 止损离第一笔18% 拿24h,3439,57,0.91,0.85,-14.7,,3039,60,0.93,0.85,-14.7,,2952,60,0.98,0.94,-14.7,
5分钟 持仓背离 补仓E(1:1:1:1:1，-2%/-4%/-6%/-8%补) 均价止盈8% 止损离第一笔18% 拿72h,1520,64,0.91,0.84,-14.7,,1395,64,0.93,0.85,-14.7,,1387,65,0.95,0.97,-14.7,
5分钟 持仓背离 补仓F(1:1:1:1:1:1，-1.5%/-3%/-4.5%/-6%/-7.5%补) 均价止盈1% 止损离第一笔10% 拿24h,7385,86,0.98,0.85,-7.2,,6829,88,0.75,0.77,-7.2,,7198,91,1.11,0.95,-7.2,
5分钟 持仓背离 补仓F(1:1:1:1:1:1，-1.5%/-3%/-4.5%/-6%/-7.5%补) 均价止盈1% 止损离第一笔10% 拿72h,6356,95,1.03,0.88,-7.2,,5965,94,0.77,0.81,-7.2,,6588,96,1.13,0.97,-7.2,✔
5分钟 持仓背离 补仓F(1:1:1:1:1:1，-1.5%/-3%/-4.5%/-6%/-7.5%补) 均价止盈1% 止损离第一笔14% 拿24h,7337,86,0.96,0.85,-10.3,,6736,88,0.74,0.74,-10.3,,7147,91,1.07,0.89,-10.3,
5分钟 持仓背离 补仓F(1:1:1:1:1:1，-1.5%/-3%/-4.5%/-6%/-7.5%补) 均价止盈1% 止损离第一笔14% 拿72h,6156,95,0.96,0.89,-10.3,,5699,95,0.82,0.91,-10.3,,6396,96,1.07,1.0,-10.3,
5分钟 持仓背离 补仓F(1:1:1:1:1:1，-1.5%/-3%/-4.5%/-6%/-7.5%补) 均价止盈1% 止损离第一笔18% 拿24h,7302,86,0.92,0.81,-14.4,,6694,88,0.77,0.76,-14.4,,7112,91,1.03,0.95,-14.4,
5分钟 持仓背离 补仓F(1:1:1:1:1:1，-1.5%/-3%/-4.5%/-6%/-7.5%补) 均价止盈1% 止损离第一笔18% 拿72h,6033,95,0.94,0.82,-14.4,,5480,95,0.83,0.8,-14.4,,6267,97,1.02,1.0,-14.4,
5分钟 持仓背离 补仓F(1:1:1:1:1:1，-1.5%/-3%/-4.5%/-6%/-7.5%补) 均价止盈2% 止损离第一笔10% 拿24h,5262,73,0.9,0.89,-7.2,,4810,76,0.84,0.86,-7.2,,5052,80,1.06,0.92,-7.2,
5分钟 持仓背离 补仓F(1:1:1:1:1:1，-1.5%/-3%/-4.5%/-6%/-7.5%补) 均价止盈2% 止损离第一笔10% 拿72h,3994,86,0.99,0.86,-7.2,,3787,87,0.89,0.87,-7.2,,4204,89,1.06,0.99,-7.2,
5分钟 持仓背离 补仓F(1:1:1:1:1:1，-1.5%/-3%/-4.5%/-6%/-7.5%补) 均价止盈2% 止损离第一笔14% 拿24h,5189,73,0.89,0.88,-10.3,,4736,77,0.83,0.81,-10.3,,4988,80,1.02,0.95,-10.3,
5分钟 持仓背离 补仓F(1:1:1:1:1:1，-1.5%/-3%/-4.5%/-6%/-7.5%补) 均价止盈2% 止损离第一笔14% 拿72h,3797,87,0.95,0.89,-10.3,,3550,88,0.9,0.84,-10.3,,3950,90,1.05,0.99,-10.3,
5分钟 持仓背离 补仓F(1:1:1:1:1:1，-1.5%/-3%/-4.5%/-6%/-7.5%补) 均价止盈2% 止损离第一笔18% 拿24h,5151,73,0.87,0.87,-14.4,,4698,77,0.84,0.82,-14.4,,4945,80,1.02,0.93,-14.4,
5分钟 持仓背离 补仓F(1:1:1:1:1:1，-1.5%/-3%/-4.5%/-6%/-7.5%补) 均价止盈2% 止损离第一笔18% 拿72h,3671,87,0.96,0.83,-14.4,,3365,88,0.92,0.9,-14.4,,3818,91,1.01,1.0,-14.4,
5分钟 持仓背离 补仓F(1:1:1:1:1:1，-1.5%/-3%/-4.5%/-6%/-7.5%补) 均价止盈3% 止损离第一笔10% 拿24h,4339,67,0.89,0.88,-7.2,,3955,69,0.86,0.85,-7.2,,4089,72,1.05,0.99,-7.2,
5分钟 持仓背离 补仓F(1:1:1:1:1:1，-1.5%/-3%/-4.5%/-6%/-7.5%补) 均价止盈3% 止损离第一笔10% 拿72h,2887,79,0.96,0.91,-7.2,,2721,79,0.86,0.92,-7.2,,3037,82,1.05,1.0,-7.2,
5分钟 持仓背离 补仓F(1:1:1:1:1:1，-1.5%/-3%/-4.5%/-6%/-7.5%补) 均价止盈3% 止损离第一笔14% 拿24h,4281,67,0.84,0.86,-10.3,,3903,69,0.85,0.84,-10.3,,4040,73,1.02,0.9,-10.3,
5分钟 持仓背离 补仓F(1:1:1:1:1:1，-1.5%/-3%/-4.5%/-6%/-7.5%补) 均价止盈3% 止损离第一笔14% 拿72h,2726,79,0.89,0.89,-10.3,,2589,81,0.89,0.87,-10.3,,2848,83,1.0,0.93,-10.3,
5分钟 持仓背离 补仓F(1:1:1:1:1:1，-1.5%/-3%/-4.5%/-6%/-7.5%补) 均价止盈3% 止损离第一笔18% 拿24h,4250,67,0.83,0.88,-14.4,,3873,69,0.84,0.84,-14.4,,3988,73,1.02,0.98,-14.4,
5分钟 持仓背离 补仓F(1:1:1:1:1:1，-1.5%/-3%/-4.5%/-6%/-7.5%补) 均价止盈3% 止损离第一笔18% 拿72h,2663,80,0.89,0.89,-14.4,,2468,81,0.84,0.88,-14.4,,2726,84,1.0,0.97,-14.4,
5分钟 持仓背离 补仓F(1:1:1:1:1:1，-1.5%/-3%/-4.5%/-6%/-7.5%补) 均价止盈5% 止损离第一笔10% 拿24h,3692,60,0.86,0.89,-7.2,,3348,62,0.86,0.86,-7.2,,3320,64,0.99,0.93,-7.2,
5分钟 持仓背离 补仓F(1:1:1:1:1:1，-1.5%/-3%/-4.5%/-6%/-7.5%补) 均价止盈5% 止损离第一笔10% 拿72h,2002,67,0.93,0.95,-7.2,,1912,68,0.9,0.88,-7.2,,2027,71,0.99,0.99,-7.2,
5分钟 持仓背离 补仓F(1:1:1:1:1:1，-1.5%/-3%/-4.5%/-6%/-7.5%补) 均价止盈5% 止损离第一笔14% 拿24h,3662,60,0.84,0.9,-10.3,,3302,62,0.87,0.86,-10.3,,3285,64,0.98,0.95,-10.3,
5分钟 持仓背离 补仓F(1:1:1:1:1:1，-1.5%/-3%/-4.5%/-6%/-7.5%补) 均价止盈5% 止损离第一笔14% 拿72h,1918,69,0.91,0.84,-10.3,,1812,70,0.93,0.87,-10.3,,1904,72,0.95,0.94,-10.3,
5分钟 持仓背离 补仓F(1:1:1:1:1:1，-1.5%/-3%/-4.5%/-6%/-7.5%补) 均价止盈5% 止损离第一笔18% 拿24h,3647,61,0.83,0.85,-14.4,,3287,63,0.88,0.92,-14.4,,3253,65,0.97,0.92,-14.4,
5分钟 持仓背离 补仓F(1:1:1:1:1:1，-1.5%/-3%/-4.5%/-6%/-7.5%补) 均价止盈5% 止损离第一笔18% 拿72h,1862,70,0.87,0.88,-14.4,,1755,71,0.94,0.91,-14.4,,1819,73,0.92,0.95,-14.4,
5分钟 持仓背离 补仓F(1:1:1:1:1:1，-1.5%/-3%/-4.5%/-6%/-7.5%补) 均价止盈8% 止损离第一笔10% 拿24h,3484,59,0.86,0.93,-7.2,,3089,61,0.89,0.89,-7.2,,2998,61,0.93,0.9,-7.2,
5分钟 持仓背离 补仓F(1:1:1:1:1:1，-1.5%/-3%/-4.5%/-6%/-7.5%补) 均价止盈8% 止损离第一笔10% 拿72h,1630,62,0.96,0.96,-7.2,,1532,62,0.83,0.86,-7.2,,1537,64,0.99,0.97,-7.2,
5分钟 持仓背离 补仓F(1:1:1:1:1:1，-1.5%/-3%/-4.5%/-6%/-7.5%补) 均价止盈8% 止损离第一笔14% 拿24h,3457,59,0.85,0.89,-10.3,,3059,61,0.89,0.88,-10.3,,2967,61,0.95,0.93,-10.3,
5分钟 持仓背离 补仓F(1:1:1:1:1:1，-1.5%/-3%/-4.5%/-6%/-7.5%补) 均价止盈8% 止损离第一笔14% 拿72h,1567,64,0.95,0.95,-10.3,,1446,63,0.9,0.83,-10.3,,1467,66,0.99,0.97,-10.3,
5分钟 持仓背离 补仓F(1:1:1:1:1:1，-1.5%/-3%/-4.5%/-6%/-7.5%补) 均价止盈8% 止损离第一笔18% 拿24h,3441,59,0.84,0.86,-14.4,,3042,61,0.93,0.88,-14.4,,2949,61,0.96,0.91,-14.4,
5分钟 持仓背离 补仓F(1:1:1:1:1:1，-1.5%/-3%/-4.5%/-6%/-7.5%补) 均价止盈8% 止损离第一笔18% 拿72h,1524,65,0.93,0.81,-14.4,,1399,64,0.94,0.84,-14.4,,1403,66,0.95,0.93,-14.4,
5分钟 持仓背离 补仓G(1:1:2:2:4，-2%/-4%/-6%/-8%补) 均价止盈1% 止损离第一笔11% 拿24h,7328,86,0.98,0.88,-6.1,,6737,88,0.74,0.75,-6.1,,7166,91,1.15,0.97,-6.1,✔
5分钟 持仓背离 补仓G(1:1:2:2:4，-2%/-4%/-6%/-8%补) 均价止盈1% 止损离第一笔11% 拿72h,6301,95,1.03,0.97,-6.1,,5967,95,0.83,0.81,-6.1,,6596,97,1.12,1.02,-6.1,
5分钟 持仓背离 补仓G(1:1:2:2:4，-2%/-4%/-6%/-8%补) 均价止盈1% 止损离第一笔14% 拿24h,7290,86,0.98,0.88,-9.3,,6667,88,0.73,0.73,-9.3,,7126,91,1.13,0.92,-9.3,
5分钟 持仓背离 补仓G(1:1:2:2:4，-2%/-4%/-6%/-8%补) 均价止盈1% 止损离第一笔14% 拿72h,6165,96,1.03,0.92,-9.3,,5790,96,0.83,0.81,-9.3,,6461,97,1.06,1.03,-9.3,
5分钟 持仓背离 补仓G(1:1:2:2:4，-2%/-4%/-6%/-8%补) 均价止盈1% 止损离第一笔18% 拿24h,7264,86,0.94,0.86,-13.5,,6637,88,0.74,0.74,-13.5,,7107,91,1.05,0.96,-13.5,
5分钟 持仓背离 补仓G(1:1:2:2:4，-2%/-4%/-6%/-8%补) 均价止盈1% 止损离第一笔18% 拿72h,6063,96,0.96,0.76,-13.5,,5662,96,0.81,0.79,-13.5,,6346,97,0.93,0.98,-13.5,
5分钟 持仓背离 补仓G(1:1:2:2:4，-2%/-4%/-6%/-8%补) 均价止盈2% 止损离第一笔11% 拿24h,5229,74,0.95,0.9,-6.1,,4789,78,0.85,0.81,-6.1,,5031,81,1.12,1.01,-6.1,
5分钟 持仓背离 补仓G(1:1:2:2:4，-2%/-4%/-6%/-8%补) 均价止盈2% 止损离第一笔11% 拿72h,3958,88,0.96,0.94,-6.1,,3789,89,0.94,0.91,-6.1,,4205,91,1.06,0.95,-6.1,
5分钟 持仓背离 补仓G(1:1:2:2:4，-2%/-4%/-6%/-8%补) 均价止盈2% 止损离第一笔14% 拿24h,5182,74,0.92,0.83,-9.3,,4730,78,0.81,0.81,-9.3,,4983,82,1.13,1.01,-9.3,
5分钟 持仓背离 补仓G(1:1:2:2:4，-2%/-4%/-6%/-8%补) 均价止盈2% 止损离第一笔14% 拿72h,3774,88,0.91,0.86,-9.3,,3613,90,0.96,0.91,-9.3,,4014,92,1.06,0.94,-9.3,
5分钟 持仓背离 补仓G(1:1:2:2:4，-2%/-4%/-6%/-8%补) 均价止盈2% 止损离第一笔18% 拿24h,5150,74,0.91,0.93,-13.5,,4699,78,0.81,0.77,-13.5,,4952,82,1.09,0.94,-13.5,
5分钟 持仓背离 补仓G(1:1:2:2:4，-2%/-4%/-6%/-8%补) 均价止盈2% 止损离第一笔18% 拿72h,3649,88,0.89,0.79,-13.5,,3486,90,0.9,0.87,-13.5,,3903,92,0.99,0.91,-13.5,
5分钟 持仓背离 补仓G(1:1:2:2:4，-2%/-4%/-6%/-8%补) 均价止盈3% 止损离第一笔11% 拿24h,4320,66,0.87,0.87,-6.1,,3941,70,0.85,0.84,-6.1,,4115,73,1.0,0.96,-6.1,
5分钟 持仓背离 补仓G(1:1:2:2:4，-2%/-4%/-6%/-8%补) 均价止盈3% 止损离第一笔11% 拿72h,2914,80,0.94,0.92,-6.1,,2749,81,0.88,0.82,-6.1,,3089,84,0.97,0.97,-6.1,
5分钟 持仓背离 补仓G(1:1:2:2:4，-2%/-4%/-6%/-8%补) 均价止盈3% 止损离第一笔14% 拿24h,4270,66,0.82,0.83,-9.3,,3895,70,0.81,0.85,-9.3,,4066,74,0.98,0.93,-9.3,
5分钟 持仓背离 补仓G(1:1:2:2:4，-2%/-4%/-6%/-8%补) 均价止盈3% 止损离第一笔14% 拿72h,2792,81,0.88,0.87,-9.3,,2622,83,0.88,0.85,-9.3,,2905,85,0.94,0.95,-9.3,
5分钟 持仓背离 补仓G(1:1:2:2:4，-2%/-4%/-6%/-8%补) 均价止盈3% 止损离第一笔18% 拿24h,4248,67,0.83,0.87,-13.5,,3874,70,0.8,0.86,-13.5,,4021,74,0.97,0.95,-13.5,
5分钟 持仓背离 补仓G(1:1:2:2:4，-2%/-4%/-6%/-8%补) 均价止盈3% 止损离第一笔18% 拿72h,2699,82,0.86,0.8,-13.5,,2524,83,0.83,0.89,-13.5,,2793,86,0.9,0.94,-13.5,
5分钟 持仓背离 补仓G(1:1:2:2:4，-2%/-4%/-6%/-8%补) 均价止盈5% 止损离第一笔11% 拿24h,3692,61,0.88,0.86,-6.1,,3337,63,0.87,0.85,-6.1,,3319,65,1.0,0.91,-6.1,
5分钟 持仓背离 补仓G(1:1:2:2:4，-2%/-4%/-6%/-8%补) 均价止盈5% 止损离第一笔11% 拿72h,2001,69,0.89,0.89,-6.1,,1910,71,0.86,0.94,-6.1,,2049,74,0.97,0.92,-6.1,
5分钟 持仓背离 补仓G(1:1:2:2:4，-2%/-4%/-6%/-8%补) 均价止盈5% 止损离第一笔14% 拿24h,3665,61,0.83,0.9,-9.3,,3304,63,0.86,0.84,-9.3,,3277,66,0.94,0.96,-9.3,
5分钟 持仓背离 补仓G(1:1:2:2:4，-2%/-4%/-6%/-8%补) 均价止盈5% 止损离第一笔14% 拿72h,1922,71,0.87,0.88,-9.3,,1831,73,0.97,0.89,-9.3,,1937,76,0.91,0.96,-9.3,
5分钟 持仓背离 补仓G(1:1:2:2:4，-2%/-4%/-6%/-8%补) 均价止盈5% 止损离第一笔18% 拿24h,3651,61,0.84,0.9,-13.5,,3290,63,0.85,0.88,-13.5,,3243,66,0.9,0.97,-13.5,
5分钟 持仓背离 补仓G(1:1:2:2:4，-2%/-4%/-6%/-8%补) 均价止盈5% 止损离第一笔18% 拿72h,1862,71,0.84,0.81,-13.5,,1765,74,0.93,0.88,-13.5,,1854,77,0.89,0.9,-13.5,
5分钟 持仓背离 补仓G(1:1:2:2:4，-2%/-4%/-6%/-8%补) 均价止盈8% 止损离第一笔11% 拿24h,3469,59,0.91,0.8,-6.1,,3082,61,0.87,0.8,-6.1,,2999,62,0.93,0.95,-6.1,
5分钟 持仓背离 补仓G(1:1:2:2:4，-2%/-4%/-6%/-8%补) 均价止盈8% 止损离第一笔11% 拿72h,1615,63,0.9,0.87,-6.1,,1520,65,0.83,0.84,-6.1,,1529,66,0.99,1.05,-6.1,
5分钟 持仓背离 补仓G(1:1:2:2:4，-2%/-4%/-6%/-8%补) 均价止盈8% 止损离第一笔14% 拿24h,3454,59,0.89,0.83,-9.3,,3058,62,0.87,0.85,-9.3,,2973,63,0.93,0.91,-9.3,
5分钟 持仓背离 补仓G(1:1:2:2:4，-2%/-4%/-6%/-8%补) 均价止盈8% 止损离第一笔14% 拿72h,1571,65,0.91,0.83,-9.3,,1458,67,0.88,0.81,-9.3,,1457,68,0.9,0.97,-9.3,
5分钟 持仓背离 补仓G(1:1:2:2:4，-2%/-4%/-6%/-8%补) 均价止盈8% 止损离第一笔18% 拿24h,3442,59,0.94,0.78,-13.5,,3044,62,0.91,0.89,-13.5,,2955,63,1.0,0.86,-13.5,
5分钟 持仓背离 补仓G(1:1:2:2:4，-2%/-4%/-6%/-8%补) 均价止盈8% 止损离第一笔18% 拿72h,1531,65,0.86,0.83,-13.5,,1411,68,0.9,0.93,-13.5,,1400,68,0.89,0.94,-13.5,
5分钟 持仓背离 补仓H(1:1:1:1:1:1:1:1，-1%/-2%/-3%/-4%/-5%/-6%/-7%补) 均价止盈1% 止损离第一笔10% 拿24h,7642,87,0.93,0.88,-6.9,,7073,89,0.76,0.8,-6.9,,7510,92,1.13,0.9,-6.9,
5分钟 持仓背离 补仓H(1:1:1:1:1:1:1:1，-1%/-2%/-3%/-4%/-5%/-6%/-7%补) 均价止盈1% 止损离第一笔10% 拿72h,6633,95,0.95,0.93,-6.9,,6272,95,0.81,0.83,-6.9,,6955,96,1.16,0.95,-6.9,✔
5分钟 持仓背离 补仓H(1:1:1:1:1:1:1:1，-1%/-2%/-3%/-4%/-5%/-6%/-7%补) 均价止盈1% 止损离第一笔13% 拿24h,7570,87,0.92,0.89,-10.0,,6975,89,0.74,0.75,-10.0,,7449,92,1.11,0.96,-10.0,
5分钟 持仓背离 补仓H(1:1:1:1:1:1:1:1，-1%/-2%/-3%/-4%/-5%/-6%/-7%补) 均价止盈1% 止损离第一笔13% 拿72h,6395,95,0.89,0.89,-10.0,,5972,95,0.82,0.85,-10.0,,6751,97,1.13,0.96,-10.0,✔
5分钟 持仓背离 补仓H(1:1:1:1:1:1:1:1，-1%/-2%/-3%/-4%/-5%/-6%/-7%补) 均价止盈1% 止损离第一笔17% 拿24h,7540,87,0.89,0.84,-14.1,,6929,89,0.74,0.75,-14.1,,7411,92,1.05,0.91,-14.1,
5分钟 持仓背离 补仓H(1:1:1:1:1:1:1:1，-1%/-2%/-3%/-4%/-5%/-6%/-7%补) 均价止盈1% 止损离第一笔17% 拿72h,6240,95,0.87,0.8,-14.1,,5763,95,0.83,0.79,-14.1,,6606,97,1.06,0.95,-14.1,
5分钟 持仓背离 补仓H(1:1:1:1:1:1:1:1，-1%/-2%/-3%/-4%/-5%/-6%/-7%补) 均价止盈2% 止损离第一笔10% 拿24h,5364,75,0.92,0.88,-6.9,,4901,78,0.85,0.83,-6.9,,5202,82,1.08,0.95,-6.9,
5分钟 持仓背离 补仓H(1:1:1:1:1:1:1:1，-1%/-2%/-3%/-4%/-5%/-6%/-7%补) 均价止盈2% 止损离第一笔10% 拿72h,4089,86,0.94,0.93,-6.9,,3947,87,0.86,0.89,-6.9,,4370,89,1.08,0.99,-6.9,
5分钟 持仓背离 补仓H(1:1:1:1:1:1:1:1，-1%/-2%/-3%/-4%/-5%/-6%/-7%补) 均价止盈2% 止损离第一笔13% 拿24h,5295,75,0.9,0.9,-10.0,,4825,78,0.83,0.82,-10.1,,5113,82,1.07,0.97,-10.0,
5分钟 持仓背离 补仓H(1:1:1:1:1:1:1:1，-1%/-2%/-3%/-4%/-5%/-6%/-7%补) 均价止盈2% 止损离第一笔13% 拿72h,3855,87,0.89,0.9,-10.0,,3669,88,0.86,0.86,-10.0,,4107,91,1.08,1.06,-10.0,
5分钟 持仓背离 补仓H(1:1:1:1:1:1:1:1，-1%/-2%/-3%/-4%/-5%/-6%/-7%补) 均价止盈2% 止损离第一笔17% 拿24h,5258,75,0.87,0.82,-14.1,,4767,78,0.84,0.85,-14.1,,5072,82,1.06,0.94,-14.1,
5分钟 持仓背离 补仓H(1:1:1:1:1:1:1:1，-1%/-2%/-3%/-4%/-5%/-6%/-7%补) 均价止盈2% 止损离第一笔17% 拿72h,3716,87,0.86,0.86,-14.1,,3461,89,0.9,0.82,-14.1,,3979,91,1.08,0.95,-14.1,
5分钟 持仓背离 补仓H(1:1:1:1:1:1:1:1，-1%/-2%/-3%/-4%/-5%/-6%/-7%补) 均价止盈3% 止损离第一笔10% 拿24h,4391,68,0.9,0.87,-6.9,,4027,71,0.89,0.86,-6.9,,4176,74,1.03,0.95,-6.9,
5分钟 持仓背离 补仓H(1:1:1:1:1:1:1:1，-1%/-2%/-3%/-4%/-5%/-6%/-7%补) 均价止盈3% 止损离第一笔10% 拿72h,2981,79,0.95,0.94,-6.9,,2843,80,0.89,0.86,-6.9,,3167,83,1.06,0.97,-6.9,
5分钟 持仓背离 补仓H(1:1:1:1:1:1:1:1，-1%/-2%/-3%/-4%/-5%/-6%/-7%补) 均价止盈3% 止损离第一笔13% 拿24h,4326,68,0.85,0.84,-10.0,,3967,71,0.88,0.82,-10.1,,4105,74,1.03,0.96,-10.0,
5分钟 持仓背离 补仓H(1:1:1:1:1:1:1:1，-1%/-2%/-3%/-4%/-5%/-6%/-7%补) 均价止盈3% 止损离第一笔13% 拿72h,2835,80,0.92,0.89,-10.0,,2677,81,0.9,0.84,-10.0,,2966,84,1.02,0.93,-10.0,
5分钟 持仓背离 补仓H(1:1:1:1:1:1:1:1，-1%/-2%/-3%/-4%/-5%/-6%/-7%补) 均价止盈3% 止损离第一笔17% 拿24h,4294,68,0.83,0.89,-14.1,,3931,71,0.87,0.83,-14.1,,4052,75,1.04,0.96,-14.1,
5分钟 持仓背离 补仓H(1:1:1:1:1:1:1:1，-1%/-2%/-3%/-4%/-5%/-6%/-7%补) 均价止盈3% 止损离第一笔17% 拿72h,2730,81,0.87,0.92,-14.1,,2543,81,0.87,0.89,-14.1,,2823,85,1.0,0.94,-14.1,
5分钟 持仓背离 补仓H(1:1:1:1:1:1:1:1，-1%/-2%/-3%/-4%/-5%/-6%/-7%补) 均价止盈5% 止损离第一笔10% 拿24h,3719,62,0.85,0.94,-6.9,,3367,64,0.9,0.86,-6.9,,3352,65,0.94,0.95,-6.9,
5分钟 持仓背离 补仓H(1:1:1:1:1:1:1:1，-1%/-2%/-3%/-4%/-5%/-6%/-7%补) 均价止盈5% 止损离第一笔10% 拿72h,2063,67,0.88,0.91,-6.9,,1951,69,0.9,0.91,-6.9,,2074,71,0.98,0.86,-6.9,
5分钟 持仓背离 补仓H(1:1:1:1:1:1:1:1，-1%/-2%/-3%/-4%/-5%/-6%/-7%补) 均价止盈5% 止损离第一笔13% 拿24h,3679,62,0.81,0.92,-10.0,,3323,65,0.9,0.87,-10.1,,3305,66,0.96,0.94,-10.0,
5分钟 持仓背离 补仓H(1:1:1:1:1:1:1:1，-1%/-2%/-3%/-4%/-5%/-6%/-7%补) 均价止盈5% 止损离第一笔13% 拿72h,1949,69,0.9,0.96,-10.0,,1838,70,0.92,0.91,-10.0,,1943,73,0.93,0.95,-10.0,
5分钟 持仓背离 补仓H(1:1:1:1:1:1:1:1，-1%/-2%/-3%/-4%/-5%/-6%/-7%补) 均价止盈5% 止损离第一笔17% 拿24h,3661,62,0.84,0.88,-14.1,,3306,65,0.91,0.86,-14.1,,3269,66,0.95,0.9,-14.1,
5分钟 持仓背离 补仓H(1:1:1:1:1:1:1:1，-1%/-2%/-3%/-4%/-5%/-6%/-7%补) 均价止盈5% 止损离第一笔17% 拿72h,1876,70,0.85,0.84,-14.1,,1761,71,0.93,0.88,-14.1,,1857,74,0.92,1.0,-14.1,
5分钟 持仓背离 补仓H(1:1:1:1:1:1:1:1，-1%/-2%/-3%/-4%/-5%/-6%/-7%补) 均价止盈8% 止损离第一笔10% 拿24h,3493,61,0.87,0.86,-6.9,,3100,63,0.89,0.9,-6.9,,3011,63,0.92,0.94,-6.9,
5分钟 持仓背离 补仓H(1:1:1:1:1:1:1:1，-1%/-2%/-3%/-4%/-5%/-6%/-7%补) 均价止盈8% 止损离第一笔10% 拿72h,1651,63,0.96,1.0,-6.9,,1544,62,0.87,0.85,-6.9,,1565,63,0.97,1.0,-6.9,
5分钟 持仓背离 补仓H(1:1:1:1:1:1:1:1，-1%/-2%/-3%/-4%/-5%/-6%/-7%补) 均价止盈8% 止损离第一笔13% 拿24h,3458,61,0.84,0.84,-10.0,,3068,63,0.89,0.85,-10.1,,2974,63,0.95,0.91,-10.0,
5分钟 持仓背离 补仓H(1:1:1:1:1:1:1:1，-1%/-2%/-3%/-4%/-5%/-6%/-7%补) 均价止盈8% 止损离第一笔13% 拿72h,1579,64,0.91,0.87,-10.0,,1473,64,0.92,0.84,-10.0,,1479,65,0.96,0.91,-10.0,
5分钟 持仓背离 补仓H(1:1:1:1:1:1:1:1，-1%/-2%/-3%/-4%/-5%/-6%/-7%补) 均价止盈8% 止损离第一笔17% 拿24h,3446,61,0.85,0.83,-14.1,,3048,63,0.92,0.93,-14.1,,2960,64,0.97,0.95,-14.1,
5分钟 持仓背离 补仓H(1:1:1:1:1:1:1:1，-1%/-2%/-3%/-4%/-5%/-6%/-7%补) 均价止盈8% 止损离第一笔17% 拿72h,1532,65,0.85,0.93,-14.1,,1413,64,0.91,0.83,-14.1,,1425,67,0.98,0.95,-14.1,
5分钟 持仓背离 补仓I(1:1:1:2:2:3，-2%/-4%/-6%/-9%/-12%补) 均价止盈1% 止损离第一笔15% 拿24h,7180,85,0.95,0.82,-8.6,,6586,88,0.77,0.71,-8.6,,7022,90,1.1,0.96,-8.6,
5分钟 持仓背离 补仓I(1:1:1:2:2:3，-2%/-4%/-6%/-9%/-12%补) 均价止盈1% 止损离第一笔15% 拿72h,5960,95,0.94,0.84,-8.6,,5573,96,0.85,0.8,-8.6,,6201,97,1.02,0.95,-8.6,
5分钟 持仓背离 补仓I(1:1:1:2:2:3，-2%/-4%/-6%/-9%/-12%补) 均价止盈1% 止损离第一笔18% 拿24h,7159,85,0.91,0.88,-11.8,,6564,88,0.77,0.75,-11.8,,7007,90,1.02,0.92,-11.8,
5分钟 持仓背离 补仓I(1:1:1:2:2:3，-2%/-4%/-6%/-9%/-12%补) 均价止盈1% 止损离第一笔18% 拿72h,5885,95,0.89,0.76,-11.8,,5498,96,0.83,0.76,-11.8,,6121,97,0.9,0.99,-11.8,
5分钟 持仓背离 补仓I(1:1:1:2:2:3，-2%/-4%/-6%/-9%/-12%补) 均价止盈1% 止损离第一笔22% 拿24h,7155,85,0.91,0.87,-14.3,,6560,88,0.74,0.75,-16.1,,6991,90,1.0,0.91,-14.0,
5分钟 持仓背离 补仓I(1:1:1:2:2:3，-2%/-4%/-6%/-9%/-12%补) 均价止盈1% 止损离第一笔22% 拿72h,5815,95,0.8,0.8,-16.1,,5421,96,0.79,0.73,-16.1,,6033,97,0.85,0.91,-14.0,
5分钟 持仓背离 补仓I(1:1:1:2:2:3，-2%/-4%/-6%/-9%/-12%补) 均价止盈2% 止损离第一笔15% 拿24h,5113,73,0.87,0.88,-8.6,,4655,76,0.82,0.76,-8.6,,4902,80,1.03,1.02,-8.6,
5分钟 持仓背离 补仓I(1:1:1:2:2:3，-2%/-4%/-6%/-9%/-12%补) 均价止盈2% 止损离第一笔15% 拿72h,3647,87,0.86,0.85,-8.6,,3450,89,0.92,0.79,-8.6,,3816,91,1.0,0.95,-8.6,
5分钟 持仓背离 补仓I(1:1:1:2:2:3，-2%/-4%/-6%/-9%/-12%补) 均价止盈2% 止损离第一笔18% 拿24h,5095,73,0.85,0.85,-11.8,,4640,77,0.82,0.8,-11.8,,4882,80,1.0,0.91,-11.8,
5分钟 持仓背离 补仓I(1:1:1:2:2:3，-2%/-4%/-6%/-9%/-12%补) 均价止盈2% 止损离第一笔18% 拿72h,3575,87,0.85,0.82,-11.8,,3371,89,0.88,0.81,-11.8,,3746,91,0.95,0.93,-11.8,
5分钟 持仓背离 补仓I(1:1:1:2:2:3，-2%/-4%/-6%/-9%/-12%补) 均价止盈2% 止损离第一笔22% 拿24h,5092,73,0.84,0.86,-16.1,,4633,77,0.78,0.73,-16.1,,4864,80,0.97,0.88,-16.1,
5分钟 持仓背离 补仓I(1:1:1:2:2:3，-2%/-4%/-6%/-9%/-12%补) 均价止盈2% 止损离第一笔22% 拿72h,3518,87,0.78,0.79,-16.1,,3321,89,0.84,0.79,-16.1,,3663,91,0.88,0.91,-16.1,
5分钟 持仓背离 补仓I(1:1:1:2:2:3，-2%/-4%/-6%/-9%/-12%补) 均价止盈3% 止损离第一笔15% 拿24h,4237,65,0.83,0.84,-8.6,,3872,69,0.84,0.8,-8.6,,4012,72,0.97,0.94,-8.6,
5分钟 持仓背离 补仓I(1:1:1:2:2:3，-2%/-4%/-6%/-9%/-12%补) 均价止盈3% 止损离第一笔15% 拿72h,2698,80,0.89,0.85,-8.6,,2535,82,0.85,0.87,-8.6,,2781,84,0.95,0.9,-8.6,
5分钟 持仓背离 补仓I(1:1:1:2:2:3，-2%/-4%/-6%/-9%/-12%补) 均价止盈3% 止损离第一笔18% 拿24h,4222,65,0.83,0.81,-11.8,,3862,69,0.83,0.81,-11.8,,3983,72,0.99,0.92,-11.8,
5分钟 持仓背离 补仓I(1:1:1:2:2:3，-2%/-4%/-6%/-9%/-12%补) 均价止盈3% 止损离第一笔18% 拿72h,2655,80,0.86,0.82,-11.8,,2480,82,0.8,0.93,-11.8,,2711,85,0.94,0.98,-11.8,
5分钟 持仓背离 补仓I(1:1:1:2:2:3，-2%/-4%/-6%/-9%/-12%补) 均价止盈3% 止损离第一笔22% 拿24h,4218,65,0.81,0.81,-16.1,,3855,69,0.79,0.79,-16.1,,3972,72,0.97,0.91,-16.1,
5分钟 持仓背离 补仓I(1:1:1:2:2:3，-2%/-4%/-6%/-9%/-12%补) 均价止盈3% 止损离第一笔22% 拿72h,2586,80,0.77,0.78,-16.1,,2445,82,0.73,0.79,-16.1,,2644,85,0.86,0.9,-16.1,
5分钟 持仓背离 补仓I(1:1:1:2:2:3，-2%/-4%/-6%/-9%/-12%补) 均价止盈5% 止损离第一笔15% 拿24h,3662,59,0.87,0.84,-8.6,,3289,62,0.87,0.87,-8.6,,3266,64,0.94,0.93,-8.6,
5分钟 持仓背离 补仓I(1:1:1:2:2:3，-2%/-4%/-6%/-9%/-12%补) 均价止盈5% 止损离第一笔15% 拿72h,1887,70,0.9,0.85,-8.6,,1770,72,0.97,0.89,-8.6,,1874,75,0.9,0.89,-8.6,
5分钟 持仓背离 补仓I(1:1:1:2:2:3，-2%/-4%/-6%/-9%/-12%补) 均价止盈5% 止损离第一笔18% 拿24h,3652,59,0.89,0.88,-11.8,,3284,62,0.85,0.86,-11.8,,3240,64,0.92,0.94,-11.8,
5分钟 持仓背离 补仓I(1:1:1:2:2:3，-2%/-4%/-6%/-9%/-12%补) 均价止盈5% 止损离第一笔18% 拿72h,1846,70,0.86,0.8,-11.8,,1743,73,0.93,0.82,-11.8,,1819,75,0.9,0.96,-11.8,
5分钟 持仓背离 补仓I(1:1:1:2:2:3，-2%/-4%/-6%/-9%/-12%补) 均价止盈5% 止损离第一笔22% 拿24h,3647,59,0.89,0.91,-16.1,,3275,62,0.79,0.78,-16.1,,3231,64,0.92,0.87,-16.1,
5分钟 持仓背离 补仓I(1:1:1:2:2:3，-2%/-4%/-6%/-9%/-12%补) 均价止盈5% 止损离第一笔22% 拿72h,1812,69,0.78,0.83,-16.1,,1721,73,0.87,0.85,-16.1,,1769,75,0.83,0.88,-16.1,
5分钟 持仓背离 补仓I(1:1:1:2:2:3，-2%/-4%/-6%/-9%/-12%补) 均价止盈8% 止损离第一笔15% 拿24h,3453,58,0.9,0.91,-8.6,,3052,61,0.91,0.86,-8.6,,2965,61,0.93,0.97,-8.6,
5分钟 持仓背离 补仓I(1:1:1:2:2:3，-2%/-4%/-6%/-9%/-12%补) 均价止盈8% 止损离第一笔15% 拿72h,1548,64,0.91,0.86,-8.6,,1435,66,0.93,0.81,-8.6,,1436,67,0.89,0.93,-8.6,
5分钟 持仓背离 补仓I(1:1:1:2:2:3，-2%/-4%/-6%/-9%/-12%补) 均价止盈8% 止损离第一笔18% 拿24h,3443,58,0.95,0.84,-11.8,,3044,61,0.93,0.93,-11.8,,2952,61,0.96,0.92,-11.8,
5分钟 持仓背离 补仓I(1:1:1:2:2:3，-2%/-4%/-6%/-9%/-12%补) 均价止盈8% 止损离第一笔18% 拿72h,1528,65,0.87,0.81,-11.8,,1400,66,0.86,0.9,-11.8,,1392,68,0.93,0.93,-11.8,
5分钟 持仓背离 补仓I(1:1:1:2:2:3，-2%/-4%/-6%/-9%/-12%补) 均价止盈8% 止损离第一笔22% 拿24h,3439,58,0.96,0.84,-16.1,,3040,61,0.89,0.86,-16.1,,2944,61,0.95,0.84,-16.1,
5分钟 持仓背离 补仓I(1:1:1:2:2:3，-2%/-4%/-6%/-9%/-12%补) 均价止盈8% 止损离第一笔22% 拿72h,1512,65,0.82,0.75,-16.1,,1385,66,0.82,0.86,-16.1,,1361,69,0.9,0.91,-16.1,
5分钟 多空比极端 补仓E(1:1:1:1:1，-2%/-4%/-6%/-8%补) 均价止盈1% 止损离第一笔11% 拿24h,4202,83,0.84,0.85,-7.5,,3568,87,0.81,0.76,-7.5,,3807,88,0.97,0.92,-7.5,
5分钟 多空比极端 补仓E(1:1:1:1:1，-2%/-4%/-6%/-8%补) 均价止盈1% 止损离第一笔11% 拿72h,3621,92,0.85,0.95,-7.5,,3257,94,0.87,0.81,-7.5,,3492,95,1.01,0.98,-7.5,
5分钟 多空比极端 补仓E(1:1:1:1:1，-2%/-4%/-6%/-8%补) 均价止盈1% 止损离第一笔14% 拿24h,4171,83,0.82,0.87,-10.6,,3539,87,0.84,0.73,-10.6,,3768,88,0.95,0.95,-10.6,
5分钟 多空比极端 补仓E(1:1:1:1:1，-2%/-4%/-6%/-8%补) 均价止盈1% 止损离第一笔14% 拿72h,3550,92,0.77,0.82,-10.6,,3180,95,0.88,0.83,-10.6,,3403,95,0.98,0.91,-10.6,
5分钟 多空比极端 补仓E(1:1:1:1:1，-2%/-4%/-6%/-8%补) 均价止盈1% 止损离第一笔18% 拿24h,4150,83,0.77,0.83,-14.7,,3521,88,0.89,0.76,-14.7,,3749,88,0.89,0.89,-14.7,
5分钟 多空比极端 补仓E(1:1:1:1:1，-2%/-4%/-6%/-8%补) 均价止盈1% 止损离第一笔18% 拿72h,3478,92,0.72,0.84,-14.7,,3128,95,0.97,0.76,-14.7,,3350,95,0.86,0.9,-14.7,
5分钟 多空比极端 补仓E(1:1:1:1:1，-2%/-4%/-6%/-8%补) 均价止盈2% 止损离第一笔11% 拿24h,3303,71,0.88,0.88,-7.5,,2860,75,0.92,0.85,-7.5,,2935,77,0.96,0.97,-7.5,
5分钟 多空比极端 补仓E(1:1:1:1:1，-2%/-4%/-6%/-8%补) 均价止盈2% 止损离第一笔11% 拿72h,2554,82,0.84,0.94,-7.5,,2403,87,0.99,0.88,-7.5,,2457,88,1.03,0.98,-7.5,
5分钟 多空比极端 补仓E(1:1:1:1:1，-2%/-4%/-6%/-8%补) 均价止盈2% 止损离第一笔14% 拿24h,3275,71,0.87,0.86,-10.6,,2828,76,0.99,0.88,-10.6,,2891,77,0.96,0.96,-10.6,
5分钟 多空比极端 补仓E(1:1:1:1:1，-2%/-4%/-6%/-8%补) 均价止盈2% 止损离第一笔14% 拿72h,2492,83,0.8,0.82,-10.6,,2309,88,1.05,0.83,-10.6,,2364,89,1.0,0.93,-10.6,
5分钟 多空比极端 补仓E(1:1:1:1:1，-2%/-4%/-6%/-8%补) 均价止盈2% 止损离第一笔18% 拿24h,3252,71,0.83,0.86,-14.7,,2811,76,1.01,0.79,-14.7,,2869,77,0.94,0.91,-14.7,
5分钟 多空比极端 补仓E(1:1:1:1:1，-2%/-4%/-6%/-8%补) 均价止盈2% 止损离第一笔18% 拿72h,2409,83,0.77,0.83,-14.7,,2267,89,1.11,0.85,-14.7,✔,2309,89,0.94,0.93,-14.7,
5分钟 多空比极端 补仓E(1:1:1:1:1，-2%/-4%/-6%/-8%补) 均价止盈3% 止损离第一笔11% 拿24h,2914,63,0.84,0.86,-7.5,,2511,68,0.98,0.87,-7.5,,2575,69,0.95,0.95,-7.5,
5分钟 多空比极端 补仓E(1:1:1:1:1，-2%/-4%/-6%/-8%补) 均价止盈3% 止损离第一笔11% 拿72h,2025,73,0.79,0.88,-7.5,,1942,81,1.02,0.84,-7.5,,1964,79,0.94,1.0,-7.5,
5分钟 多空比极端 补仓E(1:1:1:1:1，-2%/-4%/-6%/-8%补) 均价止盈3% 止损离第一笔14% 拿24h,2896,63,0.83,0.88,-10.6,,2485,69,1.04,0.84,-10.6,,2541,69,0.95,0.92,-10.6,
5分钟 多空比极端 补仓E(1:1:1:1:1，-2%/-4%/-6%/-8%补) 均价止盈3% 止损离第一笔14% 拿72h,1966,74,0.76,0.84,-10.6,,1868,82,1.07,0.82,-10.6,,1868,80,0.94,0.94,-10.6,
5分钟 多空比极端 补仓E(1:1:1:1:1，-2%/-4%/-6%/-8%补) 均价止盈3% 止损离第一笔18% 拿24h,2878,63,0.8,0.88,-14.7,,2468,69,1.05,0.85,-14.7,,2522,69,0.95,0.88,-14.7,
5分钟 多空比极端 补仓E(1:1:1:1:1，-2%/-4%/-6%/-8%补) 均价止盈3% 止损离第一笔18% 拿72h,1901,74,0.73,0.83,-14.7,,1822,83,1.11,0.83,-14.7,✔,1812,81,0.94,0.99,-14.7,
5分钟 多空比极端 补仓E(1:1:1:1:1，-2%/-4%/-6%/-8%补) 均价止盈5% 止损离第一笔11% 拿24h,2665,59,0.91,0.85,-7.5,,2229,61,0.99,0.9,-7.5,,2287,62,0.94,0.94,-7.5,
5分钟 多空比极端 补仓E(1:1:1:1:1，-2%/-4%/-6%/-8%补) 均价止盈5% 止损离第一笔11% 拿72h,1625,64,0.82,0.96,-7.5,,1502,71,1.04,0.89,-7.5,,1526,69,0.97,0.93,-7.5,
5分钟 多空比极端 补仓E(1:1:1:1:1，-2%/-4%/-6%/-8%补) 均价止盈5% 止损离第一笔14% 拿24h,2646,59,0.9,0.86,-10.6,,2207,62,1.09,0.92,-10.6,,2258,62,0.95,0.94,-10.6,
5分钟 多空比极端 补仓E(1:1:1:1:1，-2%/-4%/-6%/-8%补) 均价止盈5% 止损离第一笔14% 拿72h,1574,65,0.81,0.86,-10.6,,1446,72,1.05,0.9,-10.6,,1450,70,0.94,0.91,-10.6,
5分钟 多空比极端 补仓E(1:1:1:1:1，-2%/-4%/-6%/-8%补) 均价止盈5% 止损离第一笔18% 拿24h,2637,59,0.88,0.85,-14.7,,2194,62,1.13,0.86,-14.7,✔,2244,62,0.95,0.89,-14.7,
5分钟 多空比极端 补仓E(1:1:1:1:1，-2%/-4%/-6%/-8%补) 均价止盈5% 止损离第一笔18% 拿72h,1538,66,0.77,0.83,-14.7,,1409,73,1.12,0.87,-14.7,✔,1402,71,0.95,0.9,-14.7,
5分钟 多空比极端 补仓E(1:1:1:1:1，-2%/-4%/-6%/-8%补) 均价止盈8% 止损离第一笔11% 拿24h,2554,58,0.92,0.86,-7.5,,2122,60,0.96,0.85,-7.5,,2164,59,0.88,0.91,-7.5,
5分钟 多空比极端 补仓E(1:1:1:1:1，-2%/-4%/-6%/-8%补) 均价止盈8% 止损离第一笔11% 拿72h,1392,58,0.82,0.9,-7.5,,1249,64,1.0,0.91,-7.5,,1274,62,0.98,0.95,-7.5,
5分钟 多空比极端 补仓E(1:1:1:1:1，-2%/-4%/-6%/-8%补) 均价止盈8% 止损离第一笔14% 拿24h,2534,58,0.93,0.81,-10.6,,2104,60,1.07,0.87,-10.6,,2138,60,0.9,0.97,-10.6,
5分钟 多空比极端 补仓E(1:1:1:1:1，-2%/-4%/-6%/-8%补) 均价止盈8% 止损离第一笔14% 拿72h,1351,60,0.82,0.87,-10.6,,1210,65,1.03,0.88,-10.6,,1217,63,0.95,0.95,-10.6,
5分钟 多空比极端 补仓E(1:1:1:1:1，-2%/-4%/-6%/-8%补) 均价止盈8% 止损离第一笔18% 拿24h,2531,58,0.9,0.86,-14.7,,2092,60,1.12,0.88,-14.7,✔,2128,60,0.89,0.95,-14.7,
5分钟 多空比极端 补仓E(1:1:1:1:1，-2%/-4%/-6%/-8%补) 均价止盈8% 止损离第一笔18% 拿72h,1318,60,0.75,0.81,-14.7,,1178,65,1.08,0.84,-14.7,,1170,64,0.97,0.95,-14.7,
5分钟 多空比极端 补仓F(1:1:1:1:1:1，-1.5%/-3%/-4.5%/-6%/-7.5%补) 均价止盈1% 止损离第一笔10% 拿24h,4292,84,0.87,0.88,-7.2,,3611,89,0.8,0.78,-7.2,,3904,90,1.01,0.91,-7.2,
5分钟 多空比极端 补仓F(1:1:1:1:1:1，-1.5%/-3%/-4.5%/-6%/-7.5%补) 均价止盈1% 止损离第一笔10% 拿72h,3779,93,0.86,0.92,-7.2,,3329,95,0.92,0.79,-7.2,,3600,95,1.0,0.99,-7.2,
5分钟 多空比极端 补仓F(1:1:1:1:1:1，-1.5%/-3%/-4.5%/-6%/-7.5%补) 均价止盈1% 止损离第一笔14% 拿24h,4259,84,0.83,0.85,-10.3,,3574,89,0.87,0.75,-10.3,,3860,90,1.0,0.92,-10.3,
5分钟 多空比极端 补仓F(1:1:1:1:1:1，-1.5%/-3%/-4.5%/-6%/-7.5%补) 均价止盈1% 止损离第一笔14% 拿72h,3706,93,0.82,0.84,-10.3,,3256,96,0.98,0.84,-10.3,,3517,96,1.0,0.91,-10.3,
5分钟 多空比极端 补仓F(1:1:1:1:1:1，-1.5%/-3%/-4.5%/-6%/-7.5%补) 均价止盈1% 止损离第一笔18% 拿24h,4239,84,0.81,0.86,-14.4,,3554,89,0.87,0.76,-14.4,,3843,90,0.95,0.92,-14.4,
5分钟 多空比极端 补仓F(1:1:1:1:1:1，-1.5%/-3%/-4.5%/-6%/-7.5%补) 均价止盈1% 止损离第一笔18% 拿72h,3640,93,0.77,0.76,-14.4,,3196,96,1.0,0.82,-14.4,,3463,96,0.94,0.95,-14.4,
5分钟 多空比极端 补仓F(1:1:1:1:1:1，-1.5%/-3%/-4.5%/-6%/-7.5%补) 均价止盈2% 止损离第一笔10% 拿24h,3352,72,0.85,0.86,-7.2,,2886,77,0.93,0.84,-7.2,,2976,78,0.97,0.94,-7.2,
5分钟 多空比极端 补仓F(1:1:1:1:1:1，-1.5%/-3%/-4.5%/-6%/-7.5%补) 均价止盈2% 止损离第一笔10% 拿72h,2615,82,0.8,0.89,-7.2,,2452,88,1.04,0.89,-7.2,,2523,88,1.01,0.96,-7.2,
5分钟 多空比极端 补仓F(1:1:1:1:1:1，-1.5%/-3%/-4.5%/-6%/-7.5%补) 均价止盈2% 止损离第一笔14% 拿24h,3316,72,0.84,0.84,-10.3,,2854,78,0.96,0.81,-10.3,,2931,78,0.94,0.95,-10.3,
5分钟 多空比极端 补仓F(1:1:1:1:1:1，-1.5%/-3%/-4.5%/-6%/-7.5%补) 均价止盈2% 止损离第一笔14% 拿72h,2539,83,0.77,0.87,-10.3,,2368,89,1.06,0.83,-10.3,,2425,89,0.98,0.93,-10.3,
5分钟 多空比极端 补仓F(1:1:1:1:1:1，-1.5%/-3%/-4.5%/-6%/-7.5%补) 均价止盈2% 止损离第一笔18% 拿24h,3292,72,0.8,0.87,-14.4,,2834,78,0.97,0.8,-14.4,,2906,78,0.93,0.97,-14.4,
5分钟 多空比极端 补仓F(1:1:1:1:1:1，-1.5%/-3%/-4.5%/-6%/-7.5%补) 均价止盈2% 止损离第一笔18% 拿72h,2456,83,0.74,0.85,-14.4,,2307,90,1.1,0.86,-14.4,,2356,89,0.92,0.93,-14.4,
5分钟 多空比极端 补仓F(1:1:1:1:1:1，-1.5%/-3%/-4.5%/-6%/-7.5%补) 均价止盈3% 止损离第一笔10% 拿24h,2943,65,0.85,0.88,-7.2,,2532,70,0.98,0.88,-7.2,,2587,70,0.97,0.96,-7.2,
5分钟 多空比极端 补仓F(1:1:1:1:1:1，-1.5%/-3%/-4.5%/-6%/-7.5%补) 均价止盈3% 止损离第一笔10% 拿72h,2071,74,0.79,0.84,-7.2,,1986,81,0.99,0.84,-7.2,,1999,80,0.97,0.93,-7.2,
5分钟 多空比极端 补仓F(1:1:1:1:1:1，-1.5%/-3%/-4.5%/-6%/-7.5%补) 均价止盈3% 止损离第一笔14% 拿24h,2917,66,0.85,0.86,-10.3,,2501,70,1.01,0.84,-10.3,,2556,70,0.96,0.92,-10.3,
5分钟 多空比极端 补仓F(1:1:1:1:1:1，-1.5%/-3%/-4.5%/-6%/-7.5%补) 均价止盈3% 止损离第一笔14% 拿72h,2008,75,0.78,0.9,-10.3,,1907,82,1.02,0.9,-10.3,,1900,81,0.97,0.92,-10.3,
5分钟 多空比极端 补仓F(1:1:1:1:1:1，-1.5%/-3%/-4.5%/-6%/-7.5%补) 均价止盈3% 止损离第一笔18% 拿24h,2898,66,0.81,0.86,-14.4,,2484,70,1.0,0.86,-14.4,,2538,70,0.95,0.89,-14.4,
5分钟 多空比极端 补仓F(1:1:1:1:1:1，-1.5%/-3%/-4.5%/-6%/-7.5%补) 均价止盈3% 止损离第一笔18% 拿72h,1940,75,0.76,0.83,-14.4,,1856,83,1.01,0.86,-14.4,,1841,82,0.94,0.9,-14.4,
5分钟 多空比极端 补仓F(1:1:1:1:1:1，-1.5%/-3%/-4.5%/-6%/-7.5%补) 均价止盈5% 止损离第一笔10% 拿24h,2675,61,0.87,0.91,-7.2,,2232,64,1.0,0.9,-7.2,,2299,63,0.98,0.93,-7.2,
5分钟 多空比极端 补仓F(1:1:1:1:1:1，-1.5%/-3%/-4.5%/-6%/-7.5%补) 均价止盈5% 止损离第一笔10% 拿72h,1654,64,0.8,0.95,-7.2,,1521,71,1.02,0.86,-7.2,,1560,70,1.01,0.93,-7.2,
5分钟 多空比极端 补仓F(1:1:1:1:1:1，-1.5%/-3%/-4.5%/-6%/-7.5%补) 均价止盈5% 止损离第一笔14% 拿24h,2649,61,0.9,0.85,-10.3,,2210,64,1.1,0.88,-10.3,,2269,63,0.98,0.93,-10.3,
5分钟 多空比极端 补仓F(1:1:1:1:1:1，-1.5%/-3%/-4.5%/-6%/-7.5%补) 均价止盈5% 止损离第一笔14% 拿72h,1590,66,0.8,0.85,-10.3,,1460,73,1.07,0.87,-10.3,,1470,71,0.99,0.89,-10.3,
5分钟 多空比极端 补仓F(1:1:1:1:1:1，-1.5%/-3%/-4.5%/-6%/-7.5%补) 均价止盈5% 止损离第一笔18% 拿24h,2640,61,0.87,0.87,-14.4,,2197,64,1.11,0.83,-14.4,✔,2251,64,0.98,0.96,-14.4,
5分钟 多空比极端 补仓F(1:1:1:1:1:1，-1.5%/-3%/-4.5%/-6%/-7.5%补) 均价止盈5% 止损离第一笔18% 拿72h,1549,66,0.75,0.87,-14.4,,1421,73,1.09,0.85,-14.4,,1416,72,0.99,1.0,-14.4,
5分钟 多空比极端 补仓F(1:1:1:1:1:1，-1.5%/-3%/-4.5%/-6%/-7.5%补) 均价止盈8% 止损离第一笔10% 拿24h,2561,60,0.87,0.85,-7.2,,2126,62,0.95,0.88,-7.2,,2168,60,0.9,0.92,-7.2,
5分钟 多空比极端 补仓F(1:1:1:1:1:1，-1.5%/-3%/-4.5%/-6%/-7.5%补) 均价止盈8% 止损离第一笔10% 拿72h,1409,58,0.77,0.93,-7.2,,1262,64,1.0,0.86,-7.2,,1292,62,0.99,1.01,-7.2,
5分钟 多空比极端 补仓F(1:1:1:1:1:1，-1.5%/-3%/-4.5%/-6%/-7.5%补) 均价止盈8% 止损离第一笔14% 拿24h,2535,60,0.92,0.88,-10.3,,2107,63,1.07,0.84,-10.3,,2141,61,0.91,0.92,-10.3,
5分钟 多空比极端 补仓F(1:1:1:1:1:1，-1.5%/-3%/-4.5%/-6%/-7.5%补) 均价止盈8% 止损离第一笔14% 拿72h,1356,60,0.8,0.87,-10.3,,1221,65,1.03,0.88,-10.3,,1233,64,0.97,0.98,-10.3,
5分钟 多空比极端 补仓F(1:1:1:1:1:1，-1.5%/-3%/-4.5%/-6%/-7.5%补) 均价止盈8% 止损离第一笔18% 拿24h,2531,60,0.89,0.86,-14.4,,2095,63,1.08,0.84,-14.4,,2128,61,0.91,0.9,-14.4,
5分钟 多空比极端 补仓F(1:1:1:1:1:1，-1.5%/-3%/-4.5%/-6%/-7.5%补) 均价止盈8% 止损离第一笔18% 拿72h,1323,60,0.73,0.85,-14.4,,1187,65,1.04,0.87,-14.4,,1181,65,0.98,0.94,-14.4,
5分钟 多空比极端 补仓G(1:1:2:2:4，-2%/-4%/-6%/-8%补) 均价止盈1% 止损离第一笔11% 拿24h,4243,84,0.93,0.89,-6.1,,3592,88,0.79,0.7,-6.1,,3873,90,1.06,0.9,-6.1,
5分钟 多空比极端 补仓G(1:1:2:2:4，-2%/-4%/-6%/-8%补) 均价止盈1% 止损离第一笔11% 拿72h,3713,94,0.91,0.88,-6.1,,3330,96,0.9,0.8,-6.1,,3598,96,1.1,0.96,-6.1,
5分钟 多空比极端 补仓G(1:1:2:2:4，-2%/-4%/-6%/-8%补) 均价止盈1% 止损离第一笔14% 拿24h,4212,84,0.91,0.89,-9.3,,3564,89,0.91,0.71,-9.3,,3844,90,0.99,0.96,-9.3,
5分钟 多空比极端 补仓G(1:1:2:2:4，-2%/-4%/-6%/-8%补) 均价止盈1% 止损离第一笔14% 拿72h,3651,94,0.82,0.84,-9.3,,3265,97,1.0,0.72,-9.3,,3533,96,1.0,1.01,-9.3,
5分钟 多空比极端 补仓G(1:1:2:2:4，-2%/-4%/-6%/-8%补) 均价止盈1% 止损离第一笔18% 拿24h,4198,84,0.84,0.86,-13.5,,3554,89,0.88,0.65,-13.5,,3824,90,0.88,0.96,-13.5,
5分钟 多空比极端 补仓G(1:1:2:2:4，-2%/-4%/-6%/-8%补) 均价止盈1% 止损离第一笔18% 拿72h,3601,94,0.76,0.83,-13.5,,3228,97,0.99,0.76,-13.5,,3487,96,0.81,0.98,-13.5,
5分钟 多空比极端 补仓G(1:1:2:2:4，-2%/-4%/-6%/-8%补) 均价止盈2% 止损离第一笔11% 拿24h,3330,73,0.9,0.92,-6.2,,2875,77,0.87,0.82,-6.1,,2969,79,1.0,0.95,-6.1,
5分钟 多空比极端 补仓G(1:1:2:2:4，-2%/-4%/-6%/-8%补) 均价止盈2% 止损离第一笔11% 拿72h,2634,85,0.85,0.95,-6.2,,2462,90,0.97,0.91,-6.1,,2537,90,1.06,0.98,-6.1,
5分钟 多空比极端 补仓G(1:1:2:2:4，-2%/-4%/-6%/-8%补) 均价止盈2% 止损离第一笔14% 拿24h,3306,73,0.86,0.9,-9.3,,2846,78,0.97,0.75,-9.3,,2928,79,0.98,0.95,-9.3,
5分钟 多空比极端 补仓G(1:1:2:2:4，-2%/-4%/-6%/-8%补) 均价止盈2% 止损离第一笔14% 拿72h,2571,85,0.75,0.79,-9.3,,2384,91,1.07,0.87,-9.3,,2452,91,1.0,0.93,-9.3,
5分钟 多空比极端 补仓G(1:1:2:2:4，-2%/-4%/-6%/-8%补) 均价止盈2% 止损离第一笔18% 拿24h,3281,73,0.8,0.81,-13.5,,2832,78,0.98,0.81,-13.5,,2907,79,0.9,0.92,-13.5,
5分钟 多空比极端 补仓G(1:1:2:2:4，-2%/-4%/-6%/-8%补) 均价止盈2% 止损离第一笔18% 拿72h,2498,86,0.71,0.84,-13.5,,2349,92,1.1,0.81,-13.5,✔,2394,91,0.9,0.96,-13.5,
5分钟 多空比极端 补仓G(1:1:2:2:4，-2%/-4%/-6%/-8%补) 均价止盈3% 止损离第一笔11% 拿24h,2934,65,0.89,0.92,-6.2,,2521,70,0.92,0.83,-6.1,,2588,71,0.98,0.96,-6.1,
5分钟 多空比极端 补仓G(1:1:2:2:4，-2%/-4%/-6%/-8%补) 均价止盈3% 止损离第一笔11% 拿72h,2065,76,0.82,0.87,-6.2,,1981,83,0.94,0.89,-6.1,,2006,82,0.99,0.89,-6.1,
5分钟 多空比极端 补仓G(1:1:2:2:4，-2%/-4%/-6%/-8%补) 均价止盈3% 止损离第一笔14% 拿24h,2914,65,0.85,0.88,-9.3,,2495,71,0.99,0.78,-9.3,,2556,72,0.98,0.98,-9.3,
5分钟 多空比极端 补仓G(1:1:2:2:4，-2%/-4%/-6%/-8%补) 均价止盈3% 止损离第一笔14% 拿72h,2012,77,0.75,0.84,-9.3,,1909,85,0.99,0.87,-9.3,,1919,84,0.97,0.96,-9.3,
5分钟 多空比极端 补仓G(1:1:2:2:4，-2%/-4%/-6%/-8%补) 均价止盈3% 止损离第一笔18% 拿24h,2896,65,0.79,0.84,-13.5,,2478,71,1.0,0.86,-13.5,,2539,72,0.93,0.99,-13.5,
5分钟 多空比极端 补仓G(1:1:2:2:4，-2%/-4%/-6%/-8%补) 均价止盈3% 止损离第一笔18% 拿72h,1952,77,0.71,0.79,-13.5,,1868,85,1.02,0.84,-13.5,,1869,84,0.93,0.95,-13.5,
5分钟 多空比极端 补仓G(1:1:2:2:4，-2%/-4%/-6%/-8%补) 均价止盈5% 止损离第一笔11% 拿24h,2668,61,0.91,0.85,-6.2,,2235,63,0.96,0.88,-6.1,,2293,64,0.97,0.98,-6.1,
5分钟 多空比极端 补仓G(1:1:2:2:4，-2%/-4%/-6%/-8%补) 均价止盈5% 止损离第一笔11% 拿72h,1633,67,0.8,0.95,-6.2,,1520,74,1.03,0.85,-6.1,,1555,72,0.99,0.95,-6.1,
5分钟 多空比极端 补仓G(1:1:2:2:4，-2%/-4%/-6%/-8%补) 均价止盈5% 止损离第一笔14% 拿24h,2650,61,0.92,0.88,-9.3,,2212,64,1.09,0.79,-9.3,,2268,65,0.96,0.93,-9.3,
5分钟 多空比极端 补仓G(1:1:2:2:4，-2%/-4%/-6%/-8%补) 均价止盈5% 止损离第一笔14% 拿72h,1589,68,0.81,0.86,-9.3,,1466,76,1.03,0.85,-9.3,,1478,73,0.95,0.93,-9.3,
5分钟 多空比极端 补仓G(1:1:2:2:4，-2%/-4%/-6%/-8%补) 均价止盈5% 止损离第一笔18% 拿24h,2641,61,0.89,0.85,-13.5,,2199,64,1.15,0.81,-13.5,✔,2256,65,0.97,0.91,-13.5,
5分钟 多空比极端 补仓G(1:1:2:2:4，-2%/-4%/-6%/-8%补) 均价止盈5% 止损离第一笔18% 拿72h,1554,68,0.75,0.8,-13.5,,1430,77,1.12,0.84,-13.5,,1431,74,0.96,0.88,-13.5,
5分钟 多空比极端 补仓G(1:1:2:2:4，-2%/-4%/-6%/-8%补) 均价止盈8% 止损离第一笔11% 拿24h,2554,60,0.92,0.92,-6.1,,2123,61,0.98,0.83,-6.1,,2164,62,0.91,0.95,-6.1,
5分钟 多空比极端 补仓G(1:1:2:2:4，-2%/-4%/-6%/-8%补) 均价止盈8% 止损离第一笔11% 拿72h,1396,61,0.78,0.86,-6.1,,1253,67,0.99,0.93,-6.1,,1289,66,1.02,0.92,-6.1,
5分钟 多空比极端 补仓G(1:1:2:2:4，-2%/-4%/-6%/-8%补) 均价止盈8% 止损离第一笔14% 拿24h,2534,60,0.93,0.9,-9.3,,2106,62,1.12,0.85,-9.3,✔,2140,62,0.95,0.81,-9.3,
5分钟 多空比极端 补仓G(1:1:2:2:4，-2%/-4%/-6%/-8%补) 均价止盈8% 止损离第一笔14% 拿72h,1358,63,0.81,0.89,-9.3,,1217,69,1.0,0.82,-9.3,,1231,67,0.97,0.97,-9.3,
5分钟 多空比极端 补仓G(1:1:2:2:4，-2%/-4%/-6%/-8%补) 均价止盈8% 止损离第一笔18% 拿24h,2531,60,0.89,0.87,-13.5,,2094,62,1.2,0.89,-13.5,✔,2129,63,0.92,0.89,-13.5,
5分钟 多空比极端 补仓G(1:1:2:2:4，-2%/-4%/-6%/-8%补) 均价止盈8% 止损离第一笔18% 拿72h,1325,63,0.73,0.84,-13.5,,1184,70,1.1,0.77,-13.5,,1184,68,1.0,0.93,-13.5,
5分钟 多空比极端 补仓H(1:1:1:1:1:1:1:1，-1%/-2%/-3%/-4%/-5%/-6%/-7%补) 均价止盈1% 止损离第一笔10% 拿24h,4391,85,0.79,0.91,-6.9,,3694,89,0.76,0.78,-6.9,,4032,91,1.01,0.9,-6.9,
5分钟 多空比极端 补仓H(1:1:1:1:1:1:1:1，-1%/-2%/-3%/-4%/-5%/-6%/-7%补) 均价止盈1% 止损离第一笔10% 拿72h,3905,93,0.79,0.92,-6.9,,3447,95,0.89,0.8,-6.9,,3777,96,1.03,0.94,-6.9,
5分钟 多空比极端 补仓H(1:1:1:1:1:1:1:1，-1%/-2%/-3%/-4%/-5%/-6%/-7%补) 均价止盈1% 止损离第一笔13% 拿24h,4346,85,0.79,0.83,-10.0,,3651,90,0.84,0.76,-10.0,,3981,91,1.02,0.95,-10.0,
5分钟 多空比极端 补仓H(1:1:1:1:1:1:1:1，-1%/-2%/-3%/-4%/-5%/-6%/-7%补) 均价止盈1% 止损离第一笔13% 拿72h,3808,94,0.78,0.82,-10.0,,3369,96,0.99,0.77,-10.0,,3668,96,1.0,0.98,-10.0,
5分钟 多空比极端 补仓H(1:1:1:1:1:1:1:1，-1%/-2%/-3%/-4%/-5%/-6%/-7%补) 均价止盈1% 止损离第一笔17% 拿24h,4323,85,0.78,0.88,-14.1,,3632,90,0.82,0.72,-14.1,,3960,91,0.95,0.88,-14.1,
5分钟 多空比极端 补仓H(1:1:1:1:1:1:1:1，-1%/-2%/-3%/-4%/-5%/-6%/-7%补) 均价止盈1% 止损离第一笔17% 拿72h,3739,94,0.74,0.84,-14.1,,3309,96,0.98,0.89,-14.1,,3604,96,0.92,0.93,-14.1,
5分钟 多空比极端 补仓H(1:1:1:1:1:1:1:1，-1%/-2%/-3%/-4%/-5%/-6%/-7%补) 均价止盈2% 止损离第一笔10% 拿24h,3392,74,0.83,0.89,-6.9,,2925,78,0.89,0.85,-6.9,,3012,79,0.96,0.94,-6.9,
5分钟 多空比极端 补仓H(1:1:1:1:1:1:1:1，-1%/-2%/-3%/-4%/-5%/-6%/-7%补) 均价止盈2% 止损离第一笔10% 拿72h,2709,83,0.81,0.96,-6.9,,2521,88,0.95,0.87,-6.9,,2608,89,1.05,0.98,-6.9,
5分钟 多空比极端 补仓H(1:1:1:1:1:1:1:1，-1%/-2%/-3%/-4%/-5%/-6%/-7%补) 均价止盈2% 止损离第一笔13% 拿24h,3350,74,0.85,0.87,-10.0,,2885,79,0.95,0.81,-10.0,,2958,79,0.94,0.95,-10.0,
5分钟 多空比极端 补仓H(1:1:1:1:1:1:1:1，-1%/-2%/-3%/-4%/-5%/-6%/-7%补) 均价止盈2% 止损离第一笔13% 拿72h,2602,84,0.81,0.88,-10.0,,2411,90,1.04,0.8,-10.0,,2498,90,1.0,0.97,-10.0,
5分钟 多空比极端 补仓H(1:1:1:1:1:1:1:1，-1%/-2%/-3%/-4%/-5%/-6%/-7%补) 均价止盈2% 止损离第一笔17% 拿24h,3324,74,0.81,0.89,-14.1,,2862,79,0.96,0.77,-14.1,,2932,79,0.94,0.9,-14.1,
5分钟 多空比极端 补仓H(1:1:1:1:1:1:1:1，-1%/-2%/-3%/-4%/-5%/-6%/-7%补) 均价止盈2% 止损离第一笔17% 拿72h,2519,85,0.77,0.83,-14.1,,2345,90,1.07,0.83,-14.1,,2423,90,0.96,0.96,-14.1,
5分钟 多空比极端 补仓H(1:1:1:1:1:1:1:1，-1%/-2%/-3%/-4%/-5%/-6%/-7%补) 均价止盈3% 止损离第一笔10% 拿24h,2964,67,0.84,0.89,-6.9,,2562,71,0.95,0.86,-6.9,,2625,71,0.95,0.93,-6.9,
5分钟 多空比极端 补仓H(1:1:1:1:1:1:1:1，-1%/-2%/-3%/-4%/-5%/-6%/-7%补) 均价止盈3% 止损离第一笔10% 拿72h,2115,74,0.76,0.92,-6.9,,2033,81,0.98,0.9,-6.9,,2071,80,0.97,0.98,-6.9,
5分钟 多空比极端 补仓H(1:1:1:1:1:1:1:1，-1%/-2%/-3%/-4%/-5%/-6%/-7%补) 均价止盈3% 止损离第一笔13% 拿24h,2933,67,0.86,0.88,-10.0,,2525,72,1.01,0.82,-10.0,,2577,72,0.97,0.91,-10.0,
5分钟 多空比极端 补仓H(1:1:1:1:1:1:1:1，-1%/-2%/-3%/-4%/-5%/-6%/-7%补) 均价止盈3% 止损离第一笔13% 拿72h,2024,75,0.77,0.86,-10.0,,1944,83,1.02,0.86,-10.0,,1951,82,0.94,0.93,-10.0,
5分钟 多空比极端 补仓H(1:1:1:1:1:1:1:1，-1%/-2%/-3%/-4%/-5%/-6%/-7%补) 均价止盈3% 止损离第一笔17% 拿24h,2915,67,0.82,0.87,-14.1,,2507,72,1.01,0.88,-14.1,,2562,72,0.95,0.92,-14.1,
5分钟 多空比极端 补仓H(1:1:1:1:1:1:1:1，-1%/-2%/-3%/-4%/-5%/-6%/-7%补) 均价止盈3% 止损离第一笔17% 拿72h,1958,76,0.74,0.83,-14.1,,1885,83,1.02,0.85,-14.1,,1881,83,0.94,0.97,-14.1,
5分钟 多空比极端 补仓H(1:1:1:1:1:1:1:1，-1%/-2%/-3%/-4%/-5%/-6%/-7%补) 均价止盈5% 止损离第一笔10% 拿24h,2691,62,0.85,0.92,-6.9,,2243,65,0.99,0.87,-6.9,,2310,64,0.98,0.97,-6.9,
5分钟 多空比极端 补仓H(1:1:1:1:1:1:1:1，-1%/-2%/-3%/-4%/-5%/-6%/-7%补) 均价止盈5% 止损离第一笔10% 拿72h,1676,65,0.81,0.94,-6.9,,1549,71,1.03,0.91,-6.9,,1595,70,1.0,0.93,-6.9,
5分钟 多空比极端 补仓H(1:1:1:1:1:1:1:1，-1%/-2%/-3%/-4%/-5%/-6%/-7%补) 均价止盈5% 止损离第一笔13% 拿24h,2659,63,0.92,0.86,-10.0,,2215,66,1.09,0.91,-10.0,,2276,65,0.98,0.95,-10.0,
5分钟 多空比极端 补仓H(1:1:1:1:1:1:1:1，-1%/-2%/-3%/-4%/-5%/-6%/-7%补) 均价止盈5% 止损离第一笔13% 拿72h,1607,67,0.81,0.87,-10.0,,1479,73,1.09,0.92,-10.0,,1495,72,0.96,1.0,-10.0,
5分钟 多空比极端 补仓H(1:1:1:1:1:1:1:1，-1%/-2%/-3%/-4%/-5%/-6%/-7%补) 均价止盈5% 止损离第一笔17% 拿24h,2648,63,0.89,0.84,-14.1,,2203,66,1.11,0.85,-14.1,✔,2260,65,0.96,0.92,-14.1,
5分钟 多空比极端 补仓H(1:1:1:1:1:1:1:1，-1%/-2%/-3%/-4%/-5%/-6%/-7%补) 均价止盈5% 止损离第一笔17% 拿72h,1569,67,0.79,0.81,-14.2,,1438,74,1.1,0.85,-14.1,✔,1433,73,0.96,0.9,-14.1,
5分钟 多空比极端 补仓H(1:1:1:1:1:1:1:1，-1%/-2%/-3%/-4%/-5%/-6%/-7%补) 均价止盈8% 止损离第一笔10% 拿24h,2574,61,0.85,0.88,-6.9,,2131,63,0.94,0.88,-6.9,,2181,62,0.9,0.94,-6.9,
5分钟 多空比极端 补仓H(1:1:1:1:1:1:1:1，-1%/-2%/-3%/-4%/-5%/-6%/-7%补) 均价止盈8% 止损离第一笔10% 拿72h,1421,59,0.8,0.91,-6.9,,1275,64,0.99,0.87,-6.9,,1311,62,0.96,0.94,-6.9,
5分钟 多空比极端 补仓H(1:1:1:1:1:1:1:1，-1%/-2%/-3%/-4%/-5%/-6%/-7%补) 均价止盈8% 止损离第一笔13% 拿24h,2540,62,0.94,0.94,-10.0,,2109,64,1.05,0.83,-10.0,,2149,62,0.89,0.86,-10.0,
5分钟 多空比极端 补仓H(1:1:1:1:1:1:1:1，-1%/-2%/-3%/-4%/-5%/-6%/-7%补) 均价止盈8% 止损离第一笔13% 拿72h,1367,62,0.81,0.88,-10.0,,1227,66,1.05,0.84,-10.0,,1245,65,0.96,0.99,-10.0,
5分钟 多空比极端 补仓H(1:1:1:1:1:1:1:1，-1%/-2%/-3%/-4%/-5%/-6%/-7%补) 均价止盈8% 止损离第一笔17% 拿24h,2534,62,0.91,0.91,-14.1,,2098,64,1.06,0.87,-14.1,,2135,63,0.9,0.96,-14.1,
5分钟 多空比极端 补仓H(1:1:1:1:1:1:1:1，-1%/-2%/-3%/-4%/-5%/-6%/-7%补) 均价止盈8% 止损离第一笔17% 拿72h,1332,62,0.75,0.89,-14.2,,1192,66,1.06,0.89,-14.1,,1187,66,0.98,0.91,-14.1,
5分钟 多空比极端 补仓I(1:1:1:2:2:3，-2%/-4%/-6%/-9%/-12%补) 均价止盈1% 止损离第一笔15% 拿24h,4178,83,0.82,0.86,-8.6,,3546,88,0.79,0.72,-8.6,,3790,89,0.93,1.04,-8.6,
5分钟 多空比极端 补仓I(1:1:1:2:2:3，-2%/-4%/-6%/-9%/-12%补) 均价止盈1% 止损离第一笔15% 拿72h,3576,93,0.76,0.81,-8.6,,3202,96,0.84,0.75,-8.6,,3442,96,0.89,1.0,-8.6,
5分钟 多空比极端 补仓I(1:1:1:2:2:3，-2%/-4%/-6%/-9%/-12%补) 均价止盈1% 止损离第一笔18% 拿24h,4168,83,0.78,0.82,-11.8,,3534,88,0.85,0.76,-11.8,,3781,89,0.84,0.93,-11.8,
5分钟 多空比极端 补仓I(1:1:1:2:2:3，-2%/-4%/-6%/-9%/-12%补) 均价止盈1% 止损离第一笔18% 拿72h,3539,93,0.72,0.83,-11.8,,3174,96,0.92,0.76,-11.8,,3413,96,0.77,0.97,-11.8,
5分钟 多空比极端 补仓I(1:1:1:2:2:3，-2%/-4%/-6%/-9%/-12%补) 均价止盈1% 止损离第一笔22% 拿24h,4150,83,0.86,0.82,-14.0,,3533,88,0.9,0.66,-16.1,,3771,89,0.83,0.86,-16.1,
5分钟 多空比极端 补仓I(1:1:1:2:2:3，-2%/-4%/-6%/-9%/-12%补) 均价止盈1% 止损离第一笔22% 拿72h,3493,93,0.73,0.82,-15.4,,3162,96,1.0,0.7,-16.1,,3374,96,0.75,0.87,-16.1,
5分钟 多空比极端 补仓I(1:1:1:2:2:3，-2%/-4%/-6%/-9%/-12%补) 均价止盈2% 止损离第一笔15% 拿24h,3276,71,0.87,0.84,-8.6,,2834,76,0.96,0.77,-8.6,,2894,78,0.93,0.96,-8.6,
5分钟 多空比极端 补仓I(1:1:1:2:2:3，-2%/-4%/-6%/-9%/-12%补) 均价止盈2% 止损离第一笔15% 拿72h,2501,84,0.76,0.84,-8.6,,2339,90,1.07,0.84,-8.6,,2380,90,0.99,0.93,-8.6,
5分钟 多空比极端 补仓I(1:1:1:2:2:3，-2%/-4%/-6%/-9%/-12%补) 均价止盈2% 止损离第一笔18% 拿24h,3263,71,0.81,0.81,-11.8,,2820,77,1.02,0.74,-11.8,,2876,78,0.86,0.94,-11.8,
5分钟 多空比极端 补仓I(1:1:1:2:2:3，-2%/-4%/-6%/-9%/-12%补) 均价止盈2% 止损离第一笔18% 拿72h,2450,84,0.7,0.79,-11.8,,2317,91,1.13,0.87,-11.8,✔,2340,90,0.9,0.93,-11.8,
5分钟 多空比极端 补仓I(1:1:1:2:2:3，-2%/-4%/-6%/-9%/-12%补) 均价止盈2% 止损离第一笔22% 拿24h,3249,71,0.82,0.88,-14.0,,2813,77,1.06,0.76,-16.1,,2864,78,0.84,0.93,-16.1,
5分钟 多空比极端 补仓I(1:1:1:2:2:3，-2%/-4%/-6%/-9%/-12%补) 均价止盈2% 止损离第一笔22% 拿72h,2398,84,0.64,0.78,-16.1,,2291,91,1.14,0.76,-16.1,✔,2296,90,0.92,0.88,-16.1,
5分钟 多空比极端 补仓I(1:1:1:2:2:3，-2%/-4%/-6%/-9%/-12%补) 均价止盈3% 止损离第一笔15% 拿24h,2894,64,0.84,0.91,-8.6,,2489,69,0.98,0.8,-8.6,,2547,70,0.94,0.93,-8.6,
5分钟 多空比极端 补仓I(1:1:1:2:2:3，-2%/-4%/-6%/-9%/-12%补) 均价止盈3% 止损离第一笔15% 拿72h,1965,75,0.73,0.82,-8.6,,1875,84,1.05,0.81,-8.6,,1883,83,0.96,0.91,-8.6,
5分钟 多空比极端 补仓I(1:1:1:2:2:3，-2%/-4%/-6%/-9%/-12%补) 均价止盈3% 止损离第一笔18% 拿24h,2883,64,0.78,0.85,-11.8,,2475,69,1.03,0.8,-11.8,,2534,70,0.91,0.97,-11.8,
5分钟 多空比极端 补仓I(1:1:1:2:2:3，-2%/-4%/-6%/-9%/-12%补) 均价止盈3% 止损离第一笔18% 拿72h,1925,75,0.69,0.8,-11.8,,1844,85,1.08,0.82,-11.8,,1848,83,0.92,0.89,-11.8,
5分钟 多空比极端 补仓I(1:1:1:2:2:3，-2%/-4%/-6%/-9%/-12%补) 均价止盈3% 止损离第一笔22% 拿24h,2872,64,0.79,0.83,-14.0,,2470,70,1.06,0.83,-16.1,,2522,70,0.9,0.87,-16.1,
5分钟 多空比极端 补仓I(1:1:1:2:2:3，-2%/-4%/-6%/-9%/-12%补) 均价止盈3% 止损离第一笔22% 拿72h,1883,75,0.64,0.8,-16.1,,1810,85,1.09,0.8,-16.1,,1813,83,0.94,0.92,-16.1,
5分钟 多空比极端 补仓I(1:1:1:2:2:3，-2%/-4%/-6%/-9%/-12%补) 均价止盈5% 止损离第一笔15% 拿24h,2642,60,0.88,0.86,-8.6,,2209,63,1.09,0.82,-8.6,,2259,63,0.99,0.9,-8.6,
5分钟 多空比极端 补仓I(1:1:1:2:2:3，-2%/-4%/-6%/-9%/-12%补) 均价止盈5% 止损离第一笔15% 拿72h,1569,66,0.79,0.85,-8.6,,1442,75,1.04,0.86,-8.6,,1442,73,0.98,0.94,-8.6,
5分钟 多空比极端 补仓I(1:1:1:2:2:3，-2%/-4%/-6%/-9%/-12%补) 均价止盈5% 止损离第一笔18% 拿24h,2637,60,0.85,0.85,-11.8,,2199,63,1.14,0.86,-11.8,✔,2248,64,0.99,0.88,-11.8,
5分钟 多空比极端 补仓I(1:1:1:2:2:3，-2%/-4%/-6%/-9%/-12%补) 均价止盈5% 止损离第一笔18% 拿72h,1546,67,0.73,0.81,-11.8,,1418,76,1.07,0.87,-11.8,,1419,74,0.95,0.97,-11.8,
5分钟 多空比极端 补仓I(1:1:1:2:2:3，-2%/-4%/-6%/-9%/-12%补) 均价止盈5% 止损离第一笔22% 拿24h,2627,60,0.86,0.91,-14.0,,2195,63,1.19,0.88,-16.1,,2239,64,0.99,0.92,-16.1,
5分钟 多空比极端 补仓I(1:1:1:2:2:3，-2%/-4%/-6%/-9%/-12%补) 均价止盈5% 止损离第一笔22% 拿72h,1517,67,0.69,0.75,-16.1,,1396,76,1.11,0.83,-16.1,,1383,74,0.95,0.97,-16.1,
5分钟 多空比极端 补仓I(1:1:1:2:2:3，-2%/-4%/-6%/-9%/-12%补) 均价止盈8% 止损离第一笔15% 拿24h,2532,59,0.92,0.82,-8.6,,2103,61,1.09,0.87,-8.6,,2139,61,0.92,0.89,-8.6,
5分钟 多空比极端 补仓I(1:1:1:2:2:3，-2%/-4%/-6%/-9%/-12%补) 均价止盈8% 止损离第一笔15% 拿72h,1342,61,0.81,0.85,-8.6,,1205,67,1.03,0.79,-8.6,,1206,67,1.05,0.94,-8.6,
5分钟 多空比极端 补仓I(1:1:1:2:2:3，-2%/-4%/-6%/-9%/-12%补) 均价止盈8% 止损离第一笔18% 拿24h,2531,59,0.88,0.88,-11.8,,2093,61,1.18,0.82,-11.8,✔,2131,61,0.93,0.96,-11.8,
5分钟 多空比极端 补仓I(1:1:1:2:2:3，-2%/-4%/-6%/-9%/-12%补) 均价止盈8% 止损离第一笔18% 拿72h,1319,61,0.71,0.8,-11.8,,1181,68,1.05,0.8,-11.8,,1180,68,1.05,0.92,-11.8,
5分钟 多空比极端 补仓I(1:1:1:2:2:3，-2%/-4%/-6%/-9%/-12%补) 均价止盈8% 止损离第一笔22% 拿24h,2522,59,0.9,0.93,-14.0,,2090,61,1.23,0.81,-16.1,,2122,61,0.92,0.97,-16.1,
5分钟 多空比极端 补仓I(1:1:1:2:2:3，-2%/-4%/-6%/-9%/-12%补) 均价止盈8% 止损离第一笔22% 拿72h,1302,61,0.7,0.8,-16.1,,1165,69,1.1,0.82,-16.1,,1161,68,1.04,0.92,-16.1,
5分钟 资金费率极端 补仓E(1:1:1:1:1，-2%/-4%/-6%/-8%补) 均价止盈1% 止损离第一笔11% 拿24h,2412,87,0.71,0.81,-7.5,,2095,87,0.89,0.8,-7.5,,1098,88,0.92,0.87,-7.5,
5分钟 资金费率极端 补仓E(1:1:1:1:1，-2%/-4%/-6%/-8%补) 均价止盈1% 止损离第一笔11% 拿72h,2229,92,0.64,0.85,-7.5,,1957,95,1.01,0.85,-7.5,,1034,94,1.05,1.08,-7.5,
5分钟 资金费率极端 补仓E(1:1:1:1:1，-2%/-4%/-6%/-8%补) 均价止盈1% 止损离第一笔14% 拿24h,2385,87,0.71,0.82,-10.6,,2079,87,0.98,0.75,-10.6,,1091,88,0.97,0.75,-10.6,
5分钟 资金费率极端 补仓E(1:1:1:1:1，-2%/-4%/-6%/-8%补) 均价止盈1% 止损离第一笔14% 拿72h,2167,93,0.62,0.78,-10.6,,1912,95,1.07,0.98,-10.6,,1019,95,1.0,0.9,-10.6,
5分钟 资金费率极端 补仓E(1:1:1:1:1，-2%/-4%/-6%/-8%补) 均价止盈1% 止损离第一笔18% 拿24h,2362,87,0.68,0.77,-14.7,,2078,87,1.03,0.81,-14.7,,1088,88,0.91,0.83,-14.7,
5分钟 资金费率极端 补仓E(1:1:1:1:1，-2%/-4%/-6%/-8%补) 均价止盈1% 止损离第一笔18% 拿72h,2098,93,0.58,0.8,-14.7,,1901,95,1.2,0.88,-14.7,,1009,95,0.89,0.89,-14.7,
5分钟 资金费率极端 补仓E(1:1:1:1:1，-2%/-4%/-6%/-8%补) 均价止盈2% 止损离第一笔11% 拿24h,1984,75,0.79,0.84,-7.5,,1776,77,1.08,0.91,-7.5,,894,77,1.02,0.95,-7.5,
5分钟 资金费率极端 补仓E(1:1:1:1:1，-2%/-4%/-6%/-8%补) 均价止盈2% 止损离第一笔11% 拿72h,1726,85,0.75,0.83,-7.5,,1535,89,1.18,0.93,-7.5,,795,88,1.06,0.88,-7.5,
5分钟 资金费率极端 补仓E(1:1:1:1:1，-2%/-4%/-6%/-8%补) 均价止盈2% 止损离第一笔14% 拿24h,1940,75,0.81,0.78,-10.6,,1764,78,1.17,0.88,-10.6,,888,77,1.01,0.82,-10.6,
5分钟 资金费率极端 补仓E(1:1:1:1:1，-2%/-4%/-6%/-8%补) 均价止盈2% 止损离第一笔14% 拿72h,1641,87,0.74,0.76,-10.6,,1504,90,1.19,0.85,-10.6,,777,89,1.01,0.86,-10.6,
5分钟 资金费率极端 补仓E(1:1:1:1:1，-2%/-4%/-6%/-8%补) 均价止盈2% 止损离第一笔18% 拿24h,1921,75,0.81,0.8,-14.7,,1760,78,1.22,0.93,-14.7,✔,883,77,0.91,0.89,-14.7,
5分钟 资金费率极端 补仓E(1:1:1:1:1，-2%/-4%/-6%/-8%补) 均价止盈2% 止损离第一笔18% 拿72h,1576,87,0.69,0.75,-14.7,,1485,90,1.31,0.95,-14.7,✔,760,89,0.92,0.93,-14.7,
5分钟 资金费率极端 补仓E(1:1:1:1:1，-2%/-4%/-6%/-8%补) 均价止盈3% 止损离第一笔11% 拿24h,1778,68,0.8,0.81,-7.5,,1613,70,1.03,0.9,-7.5,,815,69,1.05,0.86,-7.5,
5分钟 资金费率极端 补仓E(1:1:1:1:1，-2%/-4%/-6%/-8%补) 均价止盈3% 止损离第一笔11% 拿72h,1439,78,0.79,0.86,-7.5,,1283,82,1.17,0.96,-7.5,,671,81,1.07,0.91,-7.5,
5分钟 资金费率极端 补仓E(1:1:1:1:1，-2%/-4%/-6%/-8%补) 均价止盈3% 止损离第一笔14% 拿24h,1745,68,0.79,0.77,-10.6,,1597,70,1.1,0.94,-10.6,,809,69,1.05,0.89,-10.6,
5分钟 资金费率极端 补仓E(1:1:1:1:1，-2%/-4%/-6%/-8%补) 均价止盈3% 止损离第一笔14% 拿72h,1372,79,0.76,0.79,-10.6,,1246,83,1.18,0.91,-10.6,,653,83,1.05,0.92,-10.6,
5分钟 资金费率极端 补仓E(1:1:1:1:1，-2%/-4%/-6%/-8%补) 均价止盈3% 止损离第一笔18% 拿24h,1727,68,0.79,0.82,-14.7,,1594,70,1.14,0.87,-14.7,✔,804,69,0.95,0.81,-14.7,
5分钟 资金费率极端 补仓E(1:1:1:1:1，-2%/-4%/-6%/-8%补) 均价止盈3% 止损离第一笔18% 拿72h,1313,79,0.7,0.72,-14.7,,1222,84,1.35,0.92,-14.7,✔,635,83,1.01,0.78,-14.7,
5分钟 资金费率极端 补仓E(1:1:1:1:1，-2%/-4%/-6%/-8%补) 均价止盈5% 止损离第一笔11% 拿24h,1568,62,0.79,0.87,-7.5,,1501,66,1.14,0.89,-7.5,✔,726,63,1.01,0.86,-7.5,
5分钟 资金费率极端 补仓E(1:1:1:1:1，-2%/-4%/-6%/-8%补) 均价止盈5% 止损离第一笔11% 拿72h,1107,67,0.74,0.83,-7.5,,1067,73,1.15,0.92,-7.5,✔,515,70,0.99,0.94,-7.5,
5分钟 资金费率极端 补仓E(1:1:1:1:1，-2%/-4%/-6%/-8%补) 均价止盈5% 止损离第一笔14% 拿24h,1548,62,0.76,0.82,-10.6,,1488,66,1.23,0.96,-10.6,✔,721,64,1.01,0.84,-10.6,
5分钟 资金费率极端 补仓E(1:1:1:1:1，-2%/-4%/-6%/-8%补) 均价止盈5% 止损离第一笔14% 拿72h,1061,69,0.7,0.82,-10.6,,1042,74,1.16,0.96,-10.6,✔,501,71,0.9,0.9,-10.6,
5分钟 资金费率极端 补仓E(1:1:1:1:1，-2%/-4%/-6%/-8%补) 均价止盈5% 止损离第一笔18% 拿24h,1535,63,0.76,0.83,-14.7,,1483,66,1.29,0.86,-14.7,✔,717,64,0.95,0.92,-14.7,
5分钟 资金费率极端 补仓E(1:1:1:1:1，-2%/-4%/-6%/-8%补) 均价止盈5% 止损离第一笔18% 拿72h,1023,70,0.67,0.77,-14.7,,1022,75,1.24,0.96,-14.7,✔,489,72,0.94,0.86,-14.7,
5分钟 资金费率极端 补仓E(1:1:1:1:1，-2%/-4%/-6%/-8%补) 均价止盈8% 止损离第一笔11% 拿24h,1510,61,0.84,0.78,-7.5,,1428,64,1.23,0.9,-7.5,✔,698,62,1.06,0.93,-7.5,
5分钟 资金费率极端 补仓E(1:1:1:1:1，-2%/-4%/-6%/-8%补) 均价止盈8% 止损离第一笔11% 拿72h,964,62,0.74,0.86,-7.5,,912,66,1.19,0.96,-7.5,✔,457,66,1.14,0.87,-7.5,
5分钟 资金费率极端 补仓E(1:1:1:1:1，-2%/-4%/-6%/-8%补) 均价止盈8% 止损离第一笔14% 拿24h,1492,61,0.83,0.8,-10.6,,1419,64,1.33,0.92,-10.6,✔,690,63,1.09,0.83,-10.6,
5分钟 资金费率极端 补仓E(1:1:1:1:1，-2%/-4%/-6%/-8%补) 均价止盈8% 止损离第一笔14% 拿72h,927,63,0.71,0.79,-10.6,,895,67,1.14,0.92,-10.6,✔,444,67,1.05,0.85,-10.6,
5分钟 资金费率极端 补仓E(1:1:1:1:1，-2%/-4%/-6%/-8%补) 均价止盈8% 止损离第一笔18% 拿24h,1486,62,0.79,0.78,-14.7,,1416,65,1.38,0.94,-14.7,✔,686,63,1.02,0.82,-14.7,
5分钟 资金费率极端 补仓E(1:1:1:1:1，-2%/-4%/-6%/-8%补) 均价止盈8% 止损离第一笔18% 拿72h,896,64,0.68,0.72,-14.7,,879,68,1.24,0.96,-14.7,✔,436,69,1.1,0.89,-14.7,
5分钟 资金费率极端 补仓F(1:1:1:1:1:1，-1.5%/-3%/-4.5%/-6%/-7.5%补) 均价止盈1% 止损离第一笔10% 拿24h,2463,88,0.76,0.72,-7.2,,2128,88,0.86,0.84,-7.2,,1118,90,1.0,0.84,-7.2,
5分钟 资金费率极端 补仓F(1:1:1:1:1:1，-1.5%/-3%/-4.5%/-6%/-7.5%补) 均价止盈1% 止损离第一笔10% 拿72h,2304,93,0.67,0.87,-7.2,,2007,95,0.92,0.82,-7.2,,1065,95,0.96,0.8,-7.2,
5分钟 资金费率极端 补仓F(1:1:1:1:1:1，-1.5%/-3%/-4.5%/-6%/-7.5%补) 均价止盈1% 止损离第一笔14% 拿24h,2439,89,0.75,0.83,-10.3,,2109,88,0.93,0.8,-10.3,,1112,90,0.96,0.85,-10.3,
5分钟 资金费率极端 补仓F(1:1:1:1:1:1，-1.5%/-3%/-4.5%/-6%/-7.5%补) 均价止盈1% 止损离第一笔14% 拿72h,2249,94,0.69,0.73,-10.3,,1955,95,1.02,0.92,-10.3,,1045,96,0.96,0.92,-10.3,
5分钟 资金费率极端 补仓F(1:1:1:1:1:1，-1.5%/-3%/-4.5%/-6%/-7.5%补) 均价止盈1% 止损离第一笔18% 拿24h,2416,89,0.72,0.8,-14.4,,2107,88,0.97,0.72,-14.4,,1110,90,0.95,0.86,-14.4,
5分钟 资金费率极端 补仓F(1:1:1:1:1:1，-1.5%/-3%/-4.5%/-6%/-7.5%补) 均价止盈1% 止损离第一笔18% 拿72h,2174,94,0.62,0.75,-14.4,,1942,96,1.13,0.85,-14.4,,1032,96,0.91,0.77,-14.4,
5分钟 资金费率极端 补仓F(1:1:1:1:1:1，-1.5%/-3%/-4.5%/-6%/-7.5%补) 均价止盈2% 止损离第一笔10% 拿24h,1991,76,0.76,0.81,-7.2,,1798,79,1.03,0.91,-7.2,,910,78,1.0,0.84,-7.2,
5分钟 资金费率极端 补仓F(1:1:1:1:1:1，-1.5%/-3%/-4.5%/-6%/-7.5%补) 均价止盈2% 止损离第一笔10% 拿72h,1752,86,0.75,0.9,-7.2,,1582,89,1.12,0.94,-7.2,,812,88,0.94,0.98,-7.2,
5分钟 资金费率极端 补仓F(1:1:1:1:1:1，-1.5%/-3%/-4.5%/-6%/-7.5%补) 均价止盈2% 止损离第一笔14% 拿24h,1959,76,0.79,0.77,-10.4,,1783,79,1.14,0.84,-10.3,,899,79,1.0,0.84,-10.3,
5分钟 资金费率极端 补仓F(1:1:1:1:1:1，-1.5%/-3%/-4.5%/-6%/-7.5%补) 均价止盈2% 止损离第一笔14% 拿72h,1671,88,0.74,0.84,-10.4,,1534,90,1.14,0.89,-10.3,,786,89,0.96,0.95,-10.3,
5分钟 资金费率极端 补仓F(1:1:1:1:1:1，-1.5%/-3%/-4.5%/-6%/-7.5%补) 均价止盈2% 止损离第一笔18% 拿24h,1934,76,0.78,0.77,-14.4,,1779,79,1.19,0.89,-14.4,,892,79,0.92,0.79,-14.4,
5分钟 资金费率极端 补仓F(1:1:1:1:1:1，-1.5%/-3%/-4.5%/-6%/-7.5%补) 均价止盈2% 止损离第一笔18% 拿72h,1605,88,0.7,0.76,-14.4,,1504,91,1.22,0.95,-14.4,,763,89,0.92,0.88,-14.4,
5分钟 资金费率极端 补仓F(1:1:1:1:1:1，-1.5%/-3%/-4.5%/-6%/-7.5%补) 均价止盈3% 止损离第一笔10% 拿24h,1787,69,0.81,0.83,-7.2,,1627,72,1.05,0.93,-7.2,,816,70,1.03,0.87,-7.2,
5分钟 资金费率极端 补仓F(1:1:1:1:1:1，-1.5%/-3%/-4.5%/-6%/-7.5%补) 均价止盈3% 止损离第一笔10% 拿72h,1461,79,0.8,0.84,-7.2,,1318,83,1.15,0.91,-7.2,,678,82,1.01,0.89,-7.2,
5分钟 资金费率极端 补仓F(1:1:1:1:1:1，-1.5%/-3%/-4.5%/-6%/-7.5%补) 均价止盈3% 止损离第一笔14% 拿24h,1756,69,0.79,0.82,-10.4,,1611,72,1.14,0.89,-10.3,,807,70,1.0,0.88,-10.3,
5分钟 资金费率极端 补仓F(1:1:1:1:1:1，-1.5%/-3%/-4.5%/-6%/-7.5%补) 均价止盈3% 止损离第一笔14% 拿72h,1385,80,0.78,0.79,-10.4,,1281,84,1.19,0.9,-10.3,,652,83,1.0,0.9,-10.3,
5分钟 资金费率极端 补仓F(1:1:1:1:1:1，-1.5%/-3%/-4.5%/-6%/-7.5%补) 均价止盈3% 止损离第一笔18% 拿24h,1734,69,0.77,0.82,-14.4,,1607,72,1.18,0.91,-14.4,,797,70,0.91,0.87,-14.4,
5分钟 资金费率极端 补仓F(1:1:1:1:1:1，-1.5%/-3%/-4.5%/-6%/-7.5%补) 均价止盈3% 止损离第一笔18% 拿72h,1326,80,0.73,0.8,-14.4,,1251,85,1.36,0.89,-14.4,✔,627,83,0.96,0.88,-14.4,
5分钟 资金费率极端 补仓F(1:1:1:1:1:1，-1.5%/-3%/-4.5%/-6%/-7.5%补) 均价止盈5% 止损离第一笔10% 拿24h,1576,63,0.77,0.83,-7.2,,1504,67,1.12,0.94,-7.2,,730,65,0.99,0.86,-7.2,
5分钟 资金费率极端 补仓F(1:1:1:1:1:1，-1.5%/-3%/-4.5%/-6%/-7.5%补) 均价止盈5% 止损离第一笔10% 拿72h,1129,67,0.74,0.86,-7.2,,1081,74,1.1,1.02,-7.2,,525,70,0.9,0.94,-7.2,
5分钟 资金费率极端 补仓F(1:1:1:1:1:1，-1.5%/-3%/-4.5%/-6%/-7.5%补) 均价止盈5% 止损离第一笔14% 拿24h,1555,63,0.76,0.83,-10.4,,1489,67,1.22,0.95,-10.3,✔,724,65,0.99,0.99,-10.3,
5分钟 资金费率极端 补仓F(1:1:1:1:1:1，-1.5%/-3%/-4.5%/-6%/-7.5%补) 均价止盈5% 止损离第一笔14% 拿72h,1074,70,0.73,0.8,-10.4,,1048,75,1.1,0.88,-10.3,,509,72,0.88,0.9,-10.3,
5分钟 资金费率极端 补仓F(1:1:1:1:1:1，-1.5%/-3%/-4.5%/-6%/-7.5%补) 均价止盈5% 止损离第一笔18% 拿24h,1542,63,0.74,0.83,-14.4,,1483,67,1.26,1.0,-14.4,✔,719,66,0.91,0.86,-14.4,
5分钟 资金费率极端 补仓F(1:1:1:1:1:1，-1.5%/-3%/-4.5%/-6%/-7.5%补) 均价止盈5% 止损离第一笔18% 拿72h,1043,71,0.68,0.77,-14.4,,1022,76,1.18,1.0,-14.4,,492,72,0.92,1.0,-14.4,
5分钟 资金费率极端 补仓F(1:1:1:1:1:1，-1.5%/-3%/-4.5%/-6%/-7.5%补) 均价止盈8% 止损离第一笔10% 拿24h,1514,62,0.81,0.76,-7.2,,1430,65,1.21,0.87,-7.2,✔,699,64,1.03,0.91,-7.2,
5分钟 资金费率极端 补仓F(1:1:1:1:1:1，-1.5%/-3%/-4.5%/-6%/-7.5%补) 均价止盈8% 止损离第一笔10% 拿72h,978,62,0.75,0.89,-7.2,,924,68,1.17,1.0,-7.2,✔,461,65,1.02,0.94,-7.2,
5分钟 资金费率极端 补仓F(1:1:1:1:1:1，-1.5%/-3%/-4.5%/-6%/-7.5%补) 均价止盈8% 止损离第一笔14% 拿24h,1497,62,0.81,0.82,-10.3,,1419,66,1.33,0.9,-10.3,✔,691,65,1.06,0.89,-10.3,
5分钟 资金费率极端 补仓F(1:1:1:1:1:1，-1.5%/-3%/-4.5%/-6%/-7.5%补) 均价止盈8% 止损离第一笔14% 拿72h,931,64,0.74,0.86,-10.3,,899,69,1.15,0.98,-10.3,✔,445,67,1.04,0.85,-10.3,
5分钟 资金费率极端 补仓F(1:1:1:1:1:1，-1.5%/-3%/-4.5%/-6%/-7.5%补) 均价止盈8% 止损离第一笔18% 拿24h,1489,62,0.77,0.81,-14.4,,1416,66,1.38,0.92,-14.4,✔,687,65,0.97,0.85,-14.4,
5分钟 资金费率极端 补仓F(1:1:1:1:1:1，-1.5%/-3%/-4.5%/-6%/-7.5%补) 均价止盈8% 止损离第一笔18% 拿72h,902,65,0.69,0.77,-14.4,,882,70,1.25,1.02,-14.4,✔,437,69,1.07,0.79,-14.4,
5分钟 资金费率极端 补仓G(1:1:2:2:4，-2%/-4%/-6%/-8%补) 均价止盈1% 止损离第一笔11% 拿24h,2441,89,0.75,0.79,-6.1,,2117,88,0.87,0.73,-6.1,,1109,90,0.95,0.99,-6.1,
5分钟 资金费率极端 补仓G(1:1:2:2:4，-2%/-4%/-6%/-8%补) 均价止盈1% 止损离第一笔11% 拿72h,2278,94,0.69,0.82,-6.1,,2005,96,1.05,0.82,-6.1,,1063,96,1.02,0.78,-6.1,
5分钟 资金费率极端 补仓G(1:1:2:2:4，-2%/-4%/-6%/-8%补) 均价止盈1% 止损离第一笔14% 拿24h,2417,89,0.8,0.73,-9.3,,2102,88,0.99,0.77,-9.3,,1104,90,1.07,0.8,-9.3,
5分钟 资金费率极端 补仓G(1:1:2:2:4，-2%/-4%/-6%/-8%补) 均价止盈1% 止损离第一笔14% 拿72h,2222,95,0.66,0.73,-9.3,,1969,97,1.2,0.74,-9.3,✔,1053,96,0.95,0.9,-9.3,
5分钟 资金费率极端 补仓G(1:1:2:2:4，-2%/-4%/-6%/-8%补) 均价止盈1% 止损离第一笔18% 拿24h,2399,89,0.73,0.86,-12.1,,2101,89,1.03,0.72,-13.5,,1101,90,1.03,0.82,-13.5,
5分钟 资金费率极端 补仓G(1:1:2:2:4，-2%/-4%/-6%/-8%补) 均价止盈1% 止损离第一笔18% 拿72h,2164,95,0.59,0.65,-13.5,,1959,97,1.4,0.86,-13.5,✔,1040,97,0.93,0.77,-13.5,
5分钟 资金费率极端 补仓G(1:1:2:2:4，-2%/-4%/-6%/-8%补) 均价止盈2% 止损离第一笔11% 拿24h,2001,78,0.77,0.83,-6.1,,1794,79,1.09,0.91,-6.1,,899,79,0.97,0.89,-6.1,
5分钟 资金费率极端 补仓G(1:1:2:2:4，-2%/-4%/-6%/-8%补) 均价止盈2% 止损离第一笔11% 拿72h,1762,87,0.72,0.88,-6.1,,1573,92,1.23,0.94,-6.1,,813,90,1.0,0.94,-6.1,
5分钟 资金费率极端 补仓G(1:1:2:2:4，-2%/-4%/-6%/-8%补) 均价止盈2% 止损离第一笔14% 拿24h,1960,78,0.8,0.84,-9.3,,1783,80,1.22,0.89,-9.3,,893,80,0.95,0.95,-9.3,
5分钟 资金费率极端 补仓G(1:1:2:2:4，-2%/-4%/-6%/-8%补) 均价止盈2% 止损离第一笔14% 拿72h,1684,89,0.71,0.86,-9.3,,1542,92,1.25,0.81,-9.3,,795,91,0.9,0.78,-9.3,
5分钟 资金费率极端 补仓G(1:1:2:2:4，-2%/-4%/-6%/-8%补) 均价止盈2% 止损离第一笔18% 拿24h,1943,78,0.8,0.84,-13.5,,1780,80,1.3,0.86,-13.5,✔,888,80,0.82,0.82,-13.5,
5分钟 资金费率极端 补仓G(1:1:2:2:4，-2%/-4%/-6%/-8%补) 均价止盈2% 止损离第一笔18% 拿72h,1626,89,0.67,0.69,-13.5,,1527,93,1.38,0.96,-13.5,✔,778,91,0.82,0.9,-13.5,
5分钟 资金费率极端 补仓G(1:1:2:2:4，-2%/-4%/-6%/-8%补) 均价止盈3% 止损离第一笔11% 拿24h,1781,71,0.74,0.79,-6.1,,1621,72,1.04,0.88,-6.1,,819,73,1.12,0.95,-6.1,
5分钟 资金费率极端 补仓G(1:1:2:2:4，-2%/-4%/-6%/-8%补) 均价止盈3% 止损离第一笔11% 拿72h,1456,79,0.7,0.81,-6.1,,1320,86,1.24,0.96,-6.1,,681,84,1.05,0.97,-6.1,
5分钟 资金费率极端 补仓G(1:1:2:2:4，-2%/-4%/-6%/-8%补) 均价止盈3% 止损离第一笔14% 拿24h,1749,71,0.73,0.77,-9.3,,1605,73,1.15,0.86,-9.3,,815,73,1.11,0.83,-9.3,
5分钟 资金费率极端 补仓G(1:1:2:2:4，-2%/-4%/-6%/-8%补) 均价止盈3% 止损离第一笔14% 拿72h,1391,81,0.67,0.8,-9.3,,1284,87,1.23,0.88,-9.3,,667,85,0.98,0.91,-9.3,
5分钟 资金费率极端 补仓G(1:1:2:2:4，-2%/-4%/-6%/-8%补) 均价止盈3% 止损离第一笔18% 拿24h,1730,71,0.73,0.79,-13.5,,1602,73,1.2,0.81,-13.5,✔,809,73,0.92,0.95,-13.5,
5分钟 资金费率极端 补仓G(1:1:2:2:4，-2%/-4%/-6%/-8%补) 均价止盈3% 止损离第一笔18% 拿72h,1332,81,0.62,0.72,-13.5,,1266,88,1.41,0.92,-13.5,,649,85,0.91,0.79,-13.5,
5分钟 资金费率极端 补仓G(1:1:2:2:4，-2%/-4%/-6%/-8%补) 均价止盈5% 止损离第一笔11% 拿24h,1577,65,0.8,0.85,-6.1,,1506,68,1.12,0.92,-6.1,,728,67,1.02,0.86,-6.1,
5分钟 资金费率极端 补仓G(1:1:2:2:4，-2%/-4%/-6%/-8%补) 均价止盈5% 止损离第一笔11% 拿72h,1123,70,0.72,0.75,-6.1,,1083,77,1.17,1.0,-6.1,✔,520,74,1.02,0.87,-6.1,
5分钟 资金费率极端 补仓G(1:1:2:2:4，-2%/-4%/-6%/-8%补) 均价止盈5% 止损离第一笔14% 拿24h,1555,65,0.76,0.77,-9.3,,1493,69,1.26,0.86,-9.3,✔,723,67,1.02,0.89,-9.3,
5分钟 资金费率极端 补仓G(1:1:2:2:4，-2%/-4%/-6%/-8%补) 均价止盈5% 止损离第一笔14% 拿72h,1075,71,0.68,0.78,-9.3,,1059,78,1.17,0.96,-9.3,✔,509,75,0.94,0.94,-9.3,
5分钟 资金费率极端 补仓G(1:1:2:2:4，-2%/-4%/-6%/-8%补) 均价止盈5% 止损离第一笔18% 拿24h,1543,65,0.76,0.78,-13.5,,1489,69,1.34,0.85,-13.5,✔,718,67,0.92,0.81,-13.5,
5分钟 资金费率极端 补仓G(1:1:2:2:4，-2%/-4%/-6%/-8%补) 均价止盈5% 止损离第一笔18% 拿72h,1036,72,0.62,0.71,-13.5,,1036,79,1.29,0.94,-13.5,✔,496,76,0.96,0.84,-13.5,
5分钟 资金费率极端 补仓G(1:1:2:2:4，-2%/-4%/-6%/-8%补) 均价止盈8% 止损离第一笔11% 拿24h,1510,64,0.87,0.83,-6.1,,1429,67,1.22,0.91,-6.1,✔,698,66,1.05,0.78,-6.1,
5分钟 资金费率极端 补仓G(1:1:2:2:4，-2%/-4%/-6%/-8%补) 均价止盈8% 止损离第一笔11% 拿72h,966,64,0.74,0.84,-6.1,,917,70,1.16,0.97,-6.1,✔,460,69,1.14,0.94,-6.1,
5分钟 资金费率极端 补仓G(1:1:2:2:4，-2%/-4%/-6%/-8%补) 均价止盈8% 止损离第一笔14% 拿24h,1493,64,0.87,0.78,-9.3,,1420,67,1.37,0.88,-9.3,✔,690,66,1.11,0.84,-9.3,
5分钟 资金费率极端 补仓G(1:1:2:2:4，-2%/-4%/-6%/-8%补) 均价止盈8% 止损离第一笔14% 拿72h,931,66,0.7,0.74,-9.3,,900,72,1.09,1.04,-9.3,,449,71,0.99,0.85,-9.3,
5分钟 资金费率极端 补仓G(1:1:2:2:4，-2%/-4%/-6%/-8%补) 均价止盈8% 止损离第一笔18% 拿24h,1487,64,0.81,0.78,-13.5,,1417,67,1.45,1.02,-13.5,✔,686,66,1.0,0.79,-13.5,
5分钟 资金费率极端 补仓G(1:1:2:2:4，-2%/-4%/-6%/-8%补) 均价止盈8% 止损离第一笔18% 拿72h,900,67,0.66,0.69,-13.5,,884,73,1.23,0.99,-13.5,✔,440,73,1.05,0.79,-13.5,
5分钟 资金费率极端 补仓H(1:1:1:1:1:1:1:1，-1%/-2%/-3%/-4%/-5%/-6%/-7%补) 均价止盈1% 止损离第一笔10% 拿24h,2503,89,0.7,0.77,-6.9,,2160,89,0.82,0.85,-6.9,,1144,91,1.03,0.9,-6.9,
5分钟 资金费率极端 补仓H(1:1:1:1:1:1:1:1，-1%/-2%/-3%/-4%/-5%/-6%/-7%补) 均价止盈1% 止损离第一笔10% 拿72h,2359,93,0.65,0.8,-6.9,,2050,95,0.89,0.74,-6.9,,1098,96,1.08,0.94,-6.9,
5分钟 资金费率极端 补仓H(1:1:1:1:1:1:1:1，-1%/-2%/-3%/-4%/-5%/-6%/-7%补) 均价止盈1% 止损离第一笔13% 拿24h,2470,89,0.66,0.86,-10.0,,2138,89,0.88,0.75,-10.0,,1137,91,1.06,0.84,-10.0,
5分钟 资金费率极端 补仓H(1:1:1:1:1:1:1:1，-1%/-2%/-3%/-4%/-5%/-6%/-7%补) 均价止盈1% 止损离第一笔13% 拿72h,2285,94,0.63,0.83,-10.0,,1993,96,0.95,0.86,-10.0,,1084,96,1.1,0.89,-10.0,
5分钟 资金费率极端 补仓H(1:1:1:1:1:1:1:1，-1%/-2%/-3%/-4%/-5%/-6%/-7%补) 均价止盈1% 止损离第一笔17% 拿24h,2449,90,0.65,0.82,-14.1,,2135,89,0.96,0.8,-14.1,,1132,91,1.03,0.9,-14.1,
5分钟 资金费率极端 补仓H(1:1:1:1:1:1:1:1，-1%/-2%/-3%/-4%/-5%/-6%/-7%补) 均价止盈1% 止损离第一笔17% 拿72h,2219,94,0.57,0.75,-14.1,,1971,96,1.1,0.85,-14.1,,1067,97,1.02,1.09,-14.1,
5分钟 资金费率极端 补仓H(1:1:1:1:1:1:1:1，-1%/-2%/-3%/-4%/-5%/-6%/-7%补) 均价止盈2% 止损离第一笔10% 拿24h,2031,78,0.77,0.88,-6.9,,1819,80,1.05,0.94,-6.9,,922,79,0.99,0.95,-6.9,
5分钟 资金费率极端 补仓H(1:1:1:1:1:1:1:1，-1%/-2%/-3%/-4%/-5%/-6%/-7%补) 均价止盈2% 止损离第一笔10% 拿72h,1808,86,0.74,0.87,-6.9,,1611,90,1.16,0.89,-6.9,,835,88,0.98,0.94,-6.9,
5分钟 资金费率极端 补仓H(1:1:1:1:1:1:1:1，-1%/-2%/-3%/-4%/-5%/-6%/-7%补) 均价止盈2% 止损离第一笔13% 拿24h,1984,78,0.77,0.83,-10.0,,1801,80,1.13,0.83,-10.0,,912,80,0.97,0.88,-10.0,
5分钟 资金费率极端 补仓H(1:1:1:1:1:1:1:1，-1%/-2%/-3%/-4%/-5%/-6%/-7%补) 均价止盈2% 止损离第一笔13% 拿72h,1708,88,0.74,0.82,-10.0,,1558,91,1.16,0.91,-10.0,,813,90,0.96,0.96,-10.0,
5分钟 资金费率极端 补仓H(1:1:1:1:1:1:1:1，-1%/-2%/-3%/-4%/-5%/-6%/-7%补) 均价止盈2% 止损离第一笔17% 拿24h,1962,78,0.79,0.85,-14.1,,1796,80,1.19,0.89,-14.1,,903,80,0.89,0.87,-14.1,
5分钟 资金费率极端 补仓H(1:1:1:1:1:1:1:1，-1%/-2%/-3%/-4%/-5%/-6%/-7%补) 均价止盈2% 止损离第一笔17% 拿72h,1634,88,0.7,0.77,-14.1,,1521,92,1.25,0.88,-14.1,✔,785,90,0.91,0.98,-14.1,
5分钟 资金费率极端 补仓H(1:1:1:1:1:1:1:1，-1%/-2%/-3%/-4%/-5%/-6%/-7%补) 均价止盈3% 止损离第一笔10% 拿24h,1800,71,0.79,0.77,-6.9,,1642,73,1.09,0.86,-6.9,,825,72,1.07,0.84,-6.9,
5分钟 资金费率极端 补仓H(1:1:1:1:1:1:1:1，-1%/-2%/-3%/-4%/-5%/-6%/-7%补) 均价止盈3% 止损离第一笔10% 拿72h,1496,79,0.78,0.86,-6.9,,1351,84,1.18,0.93,-6.9,✔,696,82,1.03,1.0,-6.9,
5分钟 资金费率极端 补仓H(1:1:1:1:1:1:1:1，-1%/-2%/-3%/-4%/-5%/-6%/-7%补) 均价止盈3% 止损离第一笔13% 拿24h,1763,71,0.77,0.78,-10.0,,1622,73,1.14,0.88,-10.0,,817,72,1.05,0.93,-10.0,
5分钟 资金费率极端 补仓H(1:1:1:1:1:1:1:1，-1%/-2%/-3%/-4%/-5%/-6%/-7%补) 均价止盈3% 止损离第一笔13% 拿72h,1407,81,0.78,0.8,-10.0,,1306,85,1.23,0.94,-10.0,✔,669,84,1.05,0.94,-10.0,
5分钟 资金费率极端 补仓H(1:1:1:1:1:1:1:1，-1%/-2%/-3%/-4%/-5%/-6%/-7%补) 均价止盈3% 止损离第一笔17% 拿24h,1745,71,0.75,0.87,-14.1,,1619,73,1.17,0.92,-14.1,,807,72,0.95,0.87,-14.1,
5分钟 资金费率极端 补仓H(1:1:1:1:1:1:1:1，-1%/-2%/-3%/-4%/-5%/-6%/-7%补) 均价止盈3% 止损离第一笔17% 拿72h,1351,81,0.72,0.74,-14.1,,1272,86,1.34,0.94,-14.1,✔,643,84,1.0,0.82,-14.1,
5分钟 资金费率极端 补仓H(1:1:1:1:1:1:1:1，-1%/-2%/-3%/-4%/-5%/-6%/-7%补) 均价止盈5% 止损离第一笔10% 拿24h,1585,65,0.74,0.8,-6.9,,1515,68,1.15,0.93,-6.9,✔,733,67,0.96,0.89,-6.9,
5分钟 资金费率极端 补仓H(1:1:1:1:1:1:1:1，-1%/-2%/-3%/-4%/-5%/-6%/-7%补) 均价止盈5% 止损离第一笔10% 拿72h,1141,67,0.72,0.9,-6.9,,1103,74,1.12,0.96,-6.9,,537,70,0.9,0.91,-6.9,
5分钟 资金费率极端 补仓H(1:1:1:1:1:1:1:1，-1%/-2%/-3%/-4%/-5%/-6%/-7%补) 均价止盈5% 止损离第一笔13% 拿24h,1562,65,0.73,0.81,-10.0,,1496,68,1.2,0.88,-10.0,✔,726,67,0.99,0.84,-10.0,
5分钟 资金费率极端 补仓H(1:1:1:1:1:1:1:1，-1%/-2%/-3%/-4%/-5%/-6%/-7%补) 均价止盈5% 止损离第一笔13% 拿72h,1077,70,0.74,0.79,-10.0,,1063,76,1.13,0.96,-10.0,,518,72,0.9,0.85,-10.0,
5分钟 资金费率极端 补仓H(1:1:1:1:1:1:1:1，-1%/-2%/-3%/-4%/-5%/-6%/-7%补) 均价止盈5% 止损离第一笔17% 拿24h,1544,65,0.73,0.82,-14.1,,1488,68,1.24,0.88,-14.1,✔,721,67,0.9,0.74,-14.1,
5分钟 资金费率极端 补仓H(1:1:1:1:1:1:1:1，-1%/-2%/-3%/-4%/-5%/-6%/-7%补) 均价止盈5% 止损离第一笔17% 拿72h,1044,71,0.69,0.75,-14.1,,1032,77,1.21,0.99,-14.1,,497,73,0.93,0.86,-14.1,
5分钟 资金费率极端 补仓H(1:1:1:1:1:1:1:1，-1%/-2%/-3%/-4%/-5%/-6%/-7%补) 均价止盈8% 止损离第一笔10% 拿24h,1520,63,0.76,0.77,-6.9,,1435,67,1.23,0.98,-6.9,✔,700,66,1.01,0.93,-6.9,
5分钟 资金费率极端 补仓H(1:1:1:1:1:1:1:1，-1%/-2%/-3%/-4%/-5%/-6%/-7%补) 均价止盈8% 止损离第一笔10% 拿72h,994,61,0.71,0.81,-6.9,,935,68,1.17,0.94,-6.9,✔,468,65,1.05,0.9,-6.9,
5分钟 资金费率极端 补仓H(1:1:1:1:1:1:1:1，-1%/-2%/-3%/-4%/-5%/-6%/-7%补) 均价止盈8% 止损离第一笔13% 拿24h,1500,63,0.78,0.78,-10.0,,1420,67,1.33,0.94,-10.0,✔,692,66,1.08,0.76,-10.0,
5分钟 资金费率极端 补仓H(1:1:1:1:1:1:1:1，-1%/-2%/-3%/-4%/-5%/-6%/-7%补) 均价止盈8% 止损离第一笔13% 拿72h,939,65,0.74,0.76,-10.0,,904,69,1.16,1.04,-10.0,✔,450,67,1.06,0.81,-10.0,
5分钟 资金费率极端 补仓H(1:1:1:1:1:1:1:1，-1%/-2%/-3%/-4%/-5%/-6%/-7%补) 均价止盈8% 止损离第一笔17% 拿24h,1490,64,0.75,0.86,-14.1,,1417,67,1.34,0.93,-14.1,✔,688,67,1.0,0.86,-14.1,
5分钟 资金费率极端 补仓H(1:1:1:1:1:1:1:1，-1%/-2%/-3%/-4%/-5%/-6%/-7%补) 均价止盈8% 止损离第一笔17% 拿72h,904,65,0.68,0.79,-14.1,,885,70,1.24,0.85,-14.1,✔,439,68,1.13,0.77,-14.1,
5分钟 资金费率极端 补仓I(1:1:1:2:2:3，-2%/-4%/-6%/-9%/-12%补) 均价止盈1% 止损离第一笔15% 拿24h,2392,88,0.73,0.75,-8.6,,2091,88,1.01,0.75,-8.6,,1092,89,0.98,0.77,-8.6,
5分钟 资金费率极端 补仓I(1:1:1:2:2:3，-2%/-4%/-6%/-9%/-12%补) 均价止盈1% 止损离第一笔15% 拿72h,2177,94,0.63,0.71,-8.6,,1933,96,1.07,0.77,-8.6,,1024,96,0.78,0.88,-8.6,
5分钟 资金费率极端 补仓I(1:1:1:2:2:3，-2%/-4%/-6%/-9%/-12%补) 均价止盈1% 止损离第一笔18% 拿24h,2378,88,0.69,0.79,-11.8,,2091,88,1.08,0.73,-11.8,,1090,89,0.9,0.92,-11.8,
5分钟 资金费率极端 补仓I(1:1:1:2:2:3，-2%/-4%/-6%/-9%/-12%补) 均价止盈1% 止损离第一笔18% 拿72h,2132,94,0.58,0.68,-11.8,,1926,96,1.09,0.78,-11.8,,1012,96,0.74,0.88,-11.8,
5分钟 资金费率极端 补仓I(1:1:1:2:2:3，-2%/-4%/-6%/-9%/-12%补) 均价止盈1% 止损离第一笔22% 拿24h,2369,88,0.75,0.84,-14.3,,2091,88,1.05,0.65,-16.1,,1089,89,0.79,0.76,-16.1,
5分钟 资金费率极端 补仓I(1:1:1:2:2:3，-2%/-4%/-6%/-9%/-12%补) 均价止盈1% 止损离第一笔22% 拿72h,2103,95,0.59,0.67,-16.1,,1925,96,1.01,0.77,-16.1,,1009,96,0.64,0.81,-16.1,
5分钟 资金费率极端 补仓I(1:1:1:2:2:3，-2%/-4%/-6%/-9%/-12%补) 均价止盈2% 止损离第一笔15% 拿24h,1945,77,0.83,0.85,-8.6,,1766,78,1.18,0.85,-8.6,,888,78,0.93,0.94,-8.6,
5分钟 资金费率极端 补仓I(1:1:1:2:2:3，-2%/-4%/-6%/-9%/-12%补) 均价止盈2% 止损离第一笔15% 拿72h,1652,88,0.66,0.71,-8.6,,1513,91,1.12,0.89,-8.6,,784,90,0.89,0.97,-8.6,
5分钟 资金费率极端 补仓I(1:1:1:2:2:3，-2%/-4%/-6%/-9%/-12%补) 均价止盈2% 止损离第一笔18% 拿24h,1930,77,0.84,0.78,-11.8,,1766,78,1.26,0.86,-11.8,✔,885,78,0.82,0.91,-11.8,
5分钟 资金费率极端 补仓I(1:1:1:2:2:3，-2%/-4%/-6%/-9%/-12%补) 均价止盈2% 止损离第一笔18% 拿72h,1598,88,0.63,0.67,-11.8,,1506,92,1.23,0.92,-11.8,,771,90,0.82,0.87,-11.8,
5分钟 资金费率极端 补仓I(1:1:1:2:2:3，-2%/-4%/-6%/-9%/-12%补) 均价止盈2% 止损离第一笔22% 拿24h,1924,77,0.89,0.81,-16.1,,1766,78,1.22,0.73,-16.1,✔,880,78,0.75,0.79,-16.1,
5分钟 资金费率极端 补仓I(1:1:1:2:2:3，-2%/-4%/-6%/-9%/-12%补) 均价止盈2% 止损离第一笔22% 拿72h,1583,89,0.59,0.63,-16.1,,1505,92,1.15,0.92,-16.1,,763,90,0.67,0.81,-16.1,
5分钟 资金费率极端 补仓I(1:1:1:2:2:3，-2%/-4%/-6%/-9%/-12%补) 均价止盈3% 止损离第一笔15% 拿24h,1740,69,0.74,0.85,-8.6,,1597,71,1.09,0.97,-8.6,,811,71,1.01,0.88,-8.6,
5分钟 资金费率极端 补仓I(1:1:1:2:2:3，-2%/-4%/-6%/-9%/-12%补) 均价止盈3% 止损离第一笔15% 拿72h,1363,81,0.69,0.77,-8.6,,1250,86,1.18,0.95,-8.6,,659,84,0.99,0.79,-8.6,
5分钟 资金费率极端 补仓I(1:1:1:2:2:3，-2%/-4%/-6%/-9%/-12%补) 均价止盈3% 止损离第一笔18% 拿24h,1727,69,0.75,0.74,-11.8,,1597,71,1.15,0.85,-11.8,✔,807,71,0.88,0.79,-11.8,
5分钟 资金费率极端 补仓I(1:1:1:2:2:3，-2%/-4%/-6%/-9%/-12%补) 均价止盈3% 止损离第一笔18% 拿72h,1327,81,0.64,0.69,-11.8,,1241,87,1.32,0.92,-11.8,,643,84,0.9,0.92,-11.8,
5分钟 资金费率极端 补仓I(1:1:1:2:2:3，-2%/-4%/-6%/-9%/-12%补) 均价止盈3% 止损离第一笔22% 拿24h,1719,69,0.81,0.81,-16.1,,1596,71,1.09,0.77,-16.1,,801,71,0.83,0.83,-16.1,
5分钟 资金费率极端 补仓I(1:1:1:2:2:3，-2%/-4%/-6%/-9%/-12%补) 均价止盈3% 止损离第一笔22% 拿72h,1303,82,0.61,0.69,-16.1,,1236,86,1.2,0.92,-16.1,,632,84,0.8,0.88,-16.1,
5分钟 资金费率极端 补仓I(1:1:1:2:2:3，-2%/-4%/-6%/-9%/-12%补) 均价止盈5% 止损离第一笔15% 拿24h,1543,64,0.75,0.78,-8.6,,1488,67,1.28,0.89,-8.6,✔,721,65,1.0,0.81,-8.6,
5分钟 资金费率极端 补仓I(1:1:1:2:2:3，-2%/-4%/-6%/-9%/-12%补) 均价止盈5% 止损离第一笔15% 拿72h,1057,70,0.67,0.77,-8.6,,1038,77,1.2,0.94,-8.6,,504,74,0.99,0.86,-8.6,
5分钟 资金费率极端 补仓I(1:1:1:2:2:3，-2%/-4%/-6%/-9%/-12%补) 均价止盈5% 止损离第一笔18% 拿24h,1539,64,0.76,0.8,-11.8,,1486,67,1.37,0.87,-11.8,✔,717,65,0.91,0.85,-11.8,
5分钟 资金费率极端 补仓I(1:1:1:2:2:3，-2%/-4%/-6%/-9%/-12%补) 均价止盈5% 止损离第一笔18% 拿72h,1029,71,0.64,0.73,-11.8,,1029,78,1.26,0.93,-11.8,✔,495,75,0.95,0.81,-11.8,
5分钟 资金费率极端 补仓I(1:1:1:2:2:3，-2%/-4%/-6%/-9%/-12%补) 均价止盈5% 止损离第一笔22% 拿24h,1533,64,0.85,0.89,-16.1,,1485,67,1.29,0.89,-16.1,✔,716,65,0.82,0.97,-16.1,
5分钟 资金费率极端 补仓I(1:1:1:2:2:3，-2%/-4%/-6%/-9%/-12%补) 均价止盈5% 止损离第一笔22% 拿72h,1010,72,0.62,0.71,-16.1,,1024,78,1.22,0.9,-16.1,✔,488,74,0.81,0.8,-16.1,
5分钟 资金费率极端 补仓I(1:1:1:2:2:3，-2%/-4%/-6%/-9%/-12%补) 均价止盈8% 止损离第一笔15% 拿24h,1491,63,0.84,0.79,-8.6,,1418,65,1.34,0.84,-8.6,✔,690,64,1.08,0.88,-8.6,
5分钟 资金费率极端 补仓I(1:1:1:2:2:3，-2%/-4%/-6%/-9%/-12%补) 均价止盈8% 止损离第一笔15% 拿72h,926,65,0.65,0.73,-8.6,,890,71,1.13,0.91,-8.6,,445,70,1.08,0.85,-8.6,
5分钟 资金费率极端 补仓I(1:1:1:2:2:3，-2%/-4%/-6%/-9%/-12%补) 均价止盈8% 止损离第一笔18% 拿24h,1488,63,0.8,0.76,-11.8,,1416,65,1.44,0.92,-11.8,✔,686,64,1.0,0.75,-11.8,
5分钟 资金费率极端 补仓I(1:1:1:2:2:3，-2%/-4%/-6%/-9%/-12%补) 均价止盈8% 止损离第一笔18% 拿72h,900,66,0.67,0.71,-11.8,,882,72,1.17,0.87,-11.8,,438,72,1.09,0.87,-11.8,
5分钟 资金费率极端 补仓I(1:1:1:2:2:3，-2%/-4%/-6%/-9%/-12%补) 均价止盈8% 止损离第一笔22% 拿24h,1481,63,0.92,0.82,-16.1,,1417,65,1.35,0.96,-16.1,✔,686,64,0.91,0.82,-16.1,
5分钟 资金费率极端 补仓I(1:1:1:2:2:3，-2%/-4%/-6%/-9%/-12%补) 均价止盈8% 止损离第一笔22% 拿72h,886,67,0.67,0.71,-16.1,,879,72,1.18,0.97,-16.1,✔,434,71,0.92,0.75,-16.1,
5分钟 价值区回归 补仓E(1:1:1:1:1，-2%/-4%/-6%/-8%补) 均价止盈1% 止损离第一笔11% 拿24h,5697,84,0.87,0.86,-7.5,,5121,87,0.69,0.74,-7.5,,5782,89,0.89,0.92,-7.5,
5分钟 价值区回归 补仓E(1:1:1:1:1，-2%/-4%/-6%/-8%补) 均价止盈1% 止损离第一笔11% 拿72h,4863,93,0.85,0.84,-7.5,,4555,94,0.81,0.83,-7.5,,5193,95,0.94,0.98,-7.5,
5分钟 价值区回归 补仓E(1:1:1:1:1，-2%/-4%/-6%/-8%补) 均价止盈1% 止损离第一笔14% 拿24h,5687,84,0.85,0.86,-10.6,,5107,87,0.66,0.79,-10.6,,5775,89,0.88,0.89,-10.6,
5分钟 价值区回归 补仓E(1:1:1:1:1，-2%/-4%/-6%/-8%补) 均价止盈1% 止损离第一笔14% 拿72h,4776,93,0.79,0.8,-10.6,,4425,95,0.8,0.85,-10.6,,5078,95,0.88,0.89,-10.6,
5分钟 价值区回归 补仓E(1:1:1:1:1，-2%/-4%/-6%/-8%补) 均价止盈1% 止损离第一笔18% 拿24h,5681,84,0.84,0.86,-13.6,,5098,87,0.64,0.75,-14.7,,5764,89,0.85,0.91,-14.7,
5分钟 价值区回归 补仓E(1:1:1:1:1，-2%/-4%/-6%/-8%补) 均价止盈1% 止损离第一笔18% 拿72h,4662,93,0.78,0.84,-14.7,,4332,95,0.76,0.8,-14.7,,4975,96,0.9,0.97,-14.7,
5分钟 价值区回归 补仓E(1:1:1:1:1，-2%/-4%/-6%/-8%补) 均价止盈2% 止损离第一笔11% 拿24h,4015,72,0.91,0.92,-7.5,,3526,74,0.77,0.82,-7.5,,3892,77,0.94,0.95,-7.5,
5分钟 价值区回归 补仓E(1:1:1:1:1，-2%/-4%/-6%/-8%补) 均价止盈2% 止损离第一笔11% 拿72h,2919,84,0.84,0.95,-7.5,,2748,86,0.84,0.87,-7.5,,3120,87,0.94,0.95,-7.5,
5分钟 价值区回归 补仓E(1:1:1:1:1，-2%/-4%/-6%/-8%补) 均价止盈2% 止损离第一笔14% 拿24h,4007,72,0.87,0.86,-10.6,,3516,74,0.73,0.81,-10.6,,3875,77,0.94,0.94,-10.6,
5分钟 价值区回归 补仓E(1:1:1:1:1，-2%/-4%/-6%/-8%补) 均价止盈2% 止损离第一笔14% 拿72h,2851,84,0.79,0.89,-10.6,,2662,87,0.85,0.83,-10.6,,3005,88,0.89,0.95,-10.6,
5分钟 价值区回归 补仓E(1:1:1:1:1，-2%/-4%/-6%/-8%补) 均价止盈2% 止损离第一笔18% 拿24h,4003,72,0.85,0.87,-13.6,,3513,74,0.72,0.83,-14.7,,3865,77,0.92,0.95,-14.7,
5分钟 价值区回归 补仓E(1:1:1:1:1，-2%/-4%/-6%/-8%补) 均价止盈2% 止损离第一笔18% 拿72h,2777,84,0.78,0.85,-14.7,,2591,87,0.8,0.88,-14.7,,2934,89,0.93,0.93,-14.7,
5分钟 价值区回归 补仓E(1:1:1:1:1，-2%/-4%/-6%/-8%补) 均价止盈3% 止损离第一笔11% 拿24h,3368,64,0.86,0.89,-7.5,,2932,66,0.77,0.84,-7.5,,3176,69,0.9,0.95,-7.5,
5分钟 价值区回归 补仓E(1:1:1:1:1，-2%/-4%/-6%/-8%补) 均价止盈3% 止损离第一笔11% 拿72h,2177,76,0.83,0.88,-7.5,,2018,77,0.77,0.84,-7.5,,2284,80,0.89,0.99,-7.5,
5分钟 价值区回归 补仓E(1:1:1:1:1，-2%/-4%/-6%/-8%补) 均价止盈3% 止损离第一笔14% 拿24h,3361,64,0.81,0.83,-10.6,,2927,66,0.74,0.86,-10.6,,3164,69,0.93,0.94,-10.6,
5分钟 价值区回归 补仓E(1:1:1:1:1，-2%/-4%/-6%/-8%补) 均价止盈3% 止损离第一笔14% 拿72h,2130,77,0.79,0.88,-10.6,,1964,78,0.78,0.85,-10.6,,2169,81,0.87,0.96,-10.6,
5分钟 价值区回归 补仓E(1:1:1:1:1，-2%/-4%/-6%/-8%补) 均价止盈3% 止损离第一笔18% 拿24h,3354,64,0.8,0.89,-13.7,,2926,66,0.73,0.84,-14.7,,3154,69,0.92,0.93,-14.7,
5分钟 价值区回归 补仓E(1:1:1:1:1，-2%/-4%/-6%/-8%补) 均价止盈3% 止损离第一笔18% 拿72h,2069,77,0.81,0.85,-14.7,,1914,78,0.74,0.89,-14.7,,2103,82,0.87,0.89,-14.7,
5分钟 价值区回归 补仓E(1:1:1:1:1，-2%/-4%/-6%/-8%补) 均价止盈5% 止损离第一笔11% 拿24h,2936,58,0.82,0.9,-7.5,,2546,61,0.83,0.84,-7.5,,2650,61,0.88,0.95,-7.5,
5分钟 价值区回归 补仓E(1:1:1:1:1，-2%/-4%/-6%/-8%补) 均价止盈5% 止损离第一笔11% 拿72h,1624,65,0.83,0.89,-7.5,,1483,65,0.73,0.87,-7.5,,1612,69,0.92,0.94,-7.5,
5分钟 价值区回归 补仓E(1:1:1:1:1，-2%/-4%/-6%/-8%补) 均价止盈5% 止损离第一笔14% 拿24h,2932,59,0.77,0.85,-10.6,,2543,61,0.79,0.87,-10.6,,2637,61,0.87,0.94,-10.6,
5分钟 价值区回归 补仓E(1:1:1:1:1，-2%/-4%/-6%/-8%补) 均价止盈5% 止损离第一笔14% 拿72h,1590,66,0.78,0.92,-10.6,,1436,66,0.74,0.88,-10.6,,1550,71,0.91,0.96,-10.6,
5分钟 价值区回归 补仓E(1:1:1:1:1，-2%/-4%/-6%/-8%补) 均价止盈5% 止损离第一笔18% 拿24h,2927,59,0.77,0.87,-14.7,,2541,61,0.78,0.85,-14.7,,2627,61,0.84,0.96,-14.7,
5分钟 价值区回归 补仓E(1:1:1:1:1，-2%/-4%/-6%/-8%补) 均价止盈5% 止损离第一笔18% 拿72h,1549,67,0.79,0.84,-14.7,,1411,67,0.72,0.88,-14.7,,1510,72,0.9,0.95,-14.7,
5分钟 价值区回归 补仓E(1:1:1:1:1，-2%/-4%/-6%/-8%补) 均价止盈8% 止损离第一笔11% 拿24h,2821,57,0.8,0.9,-7.5,,2411,59,0.82,0.88,-7.5,,2459,59,0.91,0.9,-7.5,
5分钟 价值区回归 补仓E(1:1:1:1:1，-2%/-4%/-6%/-8%补) 均价止盈8% 止损离第一笔11% 拿72h,1373,61,0.82,0.95,-7.5,,1223,61,0.8,0.9,-7.5,,1293,61,0.88,0.91,-7.5,
5分钟 价值区回归 补仓E(1:1:1:1:1，-2%/-4%/-6%/-8%补) 均价止盈8% 止损离第一笔14% 拿24h,2814,57,0.75,0.85,-10.6,,2408,59,0.79,0.84,-10.6,,2449,60,0.91,0.95,-10.6,
5分钟 价值区回归 补仓E(1:1:1:1:1，-2%/-4%/-6%/-8%补) 均价止盈8% 止损离第一笔14% 拿72h,1350,63,0.78,0.88,-10.6,,1195,62,0.85,0.88,-10.6,,1247,64,0.9,0.95,-10.6,
5分钟 价值区回归 补仓E(1:1:1:1:1，-2%/-4%/-6%/-8%补) 均价止盈8% 止损离第一笔18% 拿24h,2811,57,0.73,0.84,-14.7,,2407,59,0.78,0.91,-14.7,,2441,60,0.88,0.98,-14.7,
5分钟 价值区回归 补仓E(1:1:1:1:1，-2%/-4%/-6%/-8%补) 均价止盈8% 止损离第一笔18% 拿72h,1319,63,0.75,0.84,-14.7,,1189,64,0.89,0.77,-14.7,,1213,65,0.92,1.09,-14.7,
5分钟 价值区回归 补仓F(1:1:1:1:1:1，-1.5%/-3%/-4.5%/-6%/-7.5%补) 均价止盈1% 止损离第一笔10% 拿24h,5864,86,0.84,0.89,-7.2,,5280,88,0.7,0.77,-7.2,,5945,90,0.87,0.93,-7.2,
5分钟 价值区回归 补仓F(1:1:1:1:1:1，-1.5%/-3%/-4.5%/-6%/-7.5%补) 均价止盈1% 止损离第一笔10% 拿72h,5017,93,0.83,0.9,-7.2,,4735,94,0.81,0.85,-7.2,,5447,95,0.9,0.99,-7.2,
5分钟 价值区回归 补仓F(1:1:1:1:1:1，-1.5%/-3%/-4.5%/-6%/-7.5%补) 均价止盈1% 止损离第一笔14% 拿24h,5851,86,0.83,0.86,-10.3,,5262,88,0.67,0.75,-10.3,,5933,90,0.87,0.89,-10.3,
5分钟 价值区回归 补仓F(1:1:1:1:1:1，-1.5%/-3%/-4.5%/-6%/-7.5%补) 均价止盈1% 止损离第一笔14% 拿72h,4915,94,0.78,0.88,-10.3,,4601,95,0.83,0.84,-10.3,,5296,96,0.88,0.95,-10.3,
5分钟 价值区回归 补仓F(1:1:1:1:1:1，-1.5%/-3%/-4.5%/-6%/-7.5%补) 均价止盈1% 止损离第一笔18% 拿24h,5847,86,0.8,0.84,-13.4,,5252,88,0.65,0.73,-14.4,,5922,90,0.86,0.94,-14.4,
5分钟 价值区回归 补仓F(1:1:1:1:1:1，-1.5%/-3%/-4.5%/-6%/-7.5%补) 均价止盈1% 止损离第一笔18% 拿72h,4804,94,0.78,0.81,-14.4,,4493,95,0.77,0.81,-14.4,,5181,96,0.91,0.99,-14.4,
5分钟 价值区回归 补仓F(1:1:1:1:1:1，-1.5%/-3%/-4.5%/-6%/-7.5%补) 均价止盈2% 止损离第一笔10% 拿24h,4088,73,0.92,0.9,-7.2,,3619,76,0.76,0.84,-7.2,,3988,78,0.92,1.0,-7.2,
5分钟 价值区回归 补仓F(1:1:1:1:1:1，-1.5%/-3%/-4.5%/-6%/-7.5%补) 均价止盈2% 止损离第一笔10% 拿72h,3030,84,0.86,0.91,-7.2,,2863,86,0.86,0.84,-7.2,,3275,88,0.93,0.99,-7.2,
5分钟 价值区回归 补仓F(1:1:1:1:1:1，-1.5%/-3%/-4.5%/-6%/-7.5%补) 均价止盈2% 止损离第一笔14% 拿24h,4079,74,0.89,0.9,-10.3,,3606,76,0.73,0.81,-10.3,,3973,79,0.91,1.0,-10.3,
5分钟 价值区回归 补仓F(1:1:1:1:1:1，-1.5%/-3%/-4.5%/-6%/-7.5%补) 均价止盈2% 止损离第一笔14% 拿72h,2944,85,0.8,0.87,-10.3,,2773,87,0.87,0.82,-10.3,,3149,89,0.89,1.0,-10.3,
5分钟 价值区回归 补仓F(1:1:1:1:1:1，-1.5%/-3%/-4.5%/-6%/-7.5%补) 均价止盈2% 止损离第一笔18% 拿24h,4069,74,0.86,0.89,-13.9,,3599,76,0.71,0.82,-14.4,,3959,79,0.9,0.92,-14.4,
5分钟 价值区回归 补仓F(1:1:1:1:1:1，-1.5%/-3%/-4.5%/-6%/-7.5%补) 均价止盈2% 止损离第一笔18% 拿72h,2861,85,0.79,0.89,-14.4,,2682,87,0.83,0.84,-14.4,,3052,89,0.91,0.95,-14.4,
5分钟 价值区回归 补仓F(1:1:1:1:1:1，-1.5%/-3%/-4.5%/-6%/-7.5%补) 均价止盈3% 止损离第一笔10% 拿24h,3393,66,0.84,0.91,-7.2,,2966,67,0.77,0.87,-7.2,,3212,70,0.9,0.96,-7.2,
5分钟 价值区回归 补仓F(1:1:1:1:1:1，-1.5%/-3%/-4.5%/-6%/-7.5%补) 均价止盈3% 止损离第一笔10% 拿72h,2229,76,0.86,0.95,-7.2,,2098,78,0.85,0.92,-7.2,,2357,80,0.89,0.95,-7.2,
5分钟 价值区回归 补仓F(1:1:1:1:1:1，-1.5%/-3%/-4.5%/-6%/-7.5%补) 均价止盈3% 止损离第一笔14% 拿24h,3381,66,0.81,0.91,-10.3,,2959,68,0.74,0.85,-10.3,,3197,71,0.92,0.94,-10.3,
5分钟 价值区回归 补仓F(1:1:1:1:1:1，-1.5%/-3%/-4.5%/-6%/-7.5%补) 均价止盈3% 止损离第一笔14% 拿72h,2177,77,0.8,0.86,-10.3,,2036,79,0.83,0.88,-10.3,,2241,82,0.86,0.93,-10.3,
5分钟 价值区回归 补仓F(1:1:1:1:1:1，-1.5%/-3%/-4.5%/-6%/-7.5%补) 均价止盈3% 止损离第一笔18% 拿24h,3372,66,0.8,0.83,-13.4,,2958,68,0.73,0.8,-14.4,,3183,71,0.9,0.9,-14.4,
5分钟 价值区回归 补仓F(1:1:1:1:1:1，-1.5%/-3%/-4.5%/-6%/-7.5%补) 均价止盈3% 止损离第一笔18% 拿72h,2108,78,0.8,0.87,-14.4,,1988,79,0.79,0.87,-14.4,,2157,82,0.88,0.95,-14.4,
5分钟 价值区回归 补仓F(1:1:1:1:1:1，-1.5%/-3%/-4.5%/-6%/-7.5%补) 均价止盈5% 止损离第一笔10% 拿24h,2945,60,0.83,0.9,-7.2,,2561,62,0.82,0.84,-7.2,,2665,62,0.85,0.93,-7.2,
5分钟 价值区回归 补仓F(1:1:1:1:1:1，-1.5%/-3%/-4.5%/-6%/-7.5%补) 均价止盈5% 止损离第一笔10% 拿72h,1637,66,0.86,0.92,-7.2,,1508,66,0.77,0.91,-7.2,,1637,69,0.9,0.96,-7.2,
5分钟 价值区回归 补仓F(1:1:1:1:1:1，-1.5%/-3%/-4.5%/-6%/-7.5%补) 均价止盈5% 止损离第一笔14% 拿24h,2936,61,0.78,0.85,-10.3,,2556,62,0.79,0.84,-10.3,,2650,63,0.87,0.94,-10.3,
5分钟 价值区回归 补仓F(1:1:1:1:1:1，-1.5%/-3%/-4.5%/-6%/-7.5%补) 均价止盈5% 止损离第一笔14% 拿72h,1606,67,0.8,0.93,-10.3,,1451,67,0.74,0.9,-10.3,,1572,71,0.9,0.92,-10.3,
5分钟 价值区回归 补仓F(1:1:1:1:1:1，-1.5%/-3%/-4.5%/-6%/-7.5%补) 均价止盈5% 止损离第一笔18% 拿24h,2931,61,0.78,0.8,-14.4,,2554,62,0.78,0.85,-14.4,,2636,63,0.86,0.93,-14.4,
5分钟 价值区回归 补仓F(1:1:1:1:1:1，-1.5%/-3%/-4.5%/-6%/-7.5%补) 均价止盈5% 止损离第一笔18% 拿72h,1569,68,0.8,0.88,-14.4,,1426,68,0.74,0.86,-14.4,,1523,72,0.92,0.95,-14.4,
5分钟 价值区回归 补仓F(1:1:1:1:1:1，-1.5%/-3%/-4.5%/-6%/-7.5%补) 均价止盈8% 止损离第一笔10% 拿24h,2828,59,0.8,0.92,-7.2,,2415,60,0.82,0.83,-7.2,,2463,60,0.87,0.95,-7.2,
5分钟 价值区回归 补仓F(1:1:1:1:1:1，-1.5%/-3%/-4.5%/-6%/-7.5%补) 均价止盈8% 止损离第一笔10% 拿72h,1388,63,0.86,0.87,-7.2,,1232,61,0.83,0.86,-7.2,,1306,62,0.88,0.98,-7.2,
5分钟 价值区回归 补仓F(1:1:1:1:1:1，-1.5%/-3%/-4.5%/-6%/-7.5%补) 均价止盈8% 止损离第一笔14% 拿24h,2819,59,0.75,0.82,-10.3,,2411,60,0.79,0.88,-10.3,,2452,61,0.89,0.95,-10.3,
5分钟 价值区回归 补仓F(1:1:1:1:1:1，-1.5%/-3%/-4.5%/-6%/-7.5%补) 均价止盈8% 止损离第一笔14% 拿72h,1365,64,0.84,0.93,-10.3,,1196,62,0.86,0.83,-10.3,,1252,64,0.9,0.97,-10.3,
5分钟 价值区回归 补仓F(1:1:1:1:1:1，-1.5%/-3%/-4.5%/-6%/-7.5%补) 均价止盈8% 止损离第一笔18% 拿24h,2816,59,0.75,0.83,-14.4,,2410,60,0.78,0.86,-14.4,,2441,61,0.88,0.92,-14.4,
5分钟 价值区回归 补仓F(1:1:1:1:1:1，-1.5%/-3%/-4.5%/-6%/-7.5%补) 均价止盈8% 止损离第一笔18% 拿72h,1338,64,0.76,0.83,-14.4,,1191,64,0.86,0.9,-14.4,,1213,65,0.93,0.98,-14.4,
5分钟 价值区回归 补仓G(1:1:2:2:4，-2%/-4%/-6%/-8%补) 均价止盈1% 止损离第一笔11% 拿24h,5736,86,0.98,0.91,-6.1,,5170,89,0.67,0.72,-6.1,,5832,90,0.96,1.03,-6.1,
5分钟 价值区回归 补仓G(1:1:2:2:4，-2%/-4%/-6%/-8%补) 均价止盈1% 止损离第一笔11% 拿72h,5046,95,0.91,0.95,-6.1,,4772,95,0.78,0.81,-6.1,,5385,96,1.05,1.02,-6.1,
5分钟 价值区回归 补仓G(1:1:2:2:4，-2%/-4%/-6%/-8%补) 均价止盈1% 止损离第一笔14% 拿24h,5735,86,0.93,0.92,-9.3,,5162,89,0.61,0.66,-9.3,,5827,91,0.92,1.01,-9.3,
5分钟 价值区回归 补仓G(1:1:2:2:4，-2%/-4%/-6%/-8%补) 均价止盈1% 止损离第一笔14% 拿72h,4985,95,0.82,0.9,-9.3,,4660,96,0.75,0.77,-9.3,,5326,97,0.99,1.0,-9.3,
5分钟 价值区回归 补仓G(1:1:2:2:4，-2%/-4%/-6%/-8%补) 均价止盈1% 止损离第一笔18% 拿24h,5730,86,0.92,0.87,-12.1,,5155,89,0.59,0.74,-13.5,,5816,91,0.86,0.87,-13.5,
5分钟 价值区回归 补仓G(1:1:2:2:4，-2%/-4%/-6%/-8%补) 均价止盈1% 止损离第一笔18% 拿72h,4914,95,0.8,0.78,-13.5,,4582,96,0.66,0.77,-13.5,,5250,97,0.97,1.01,-13.5,
5分钟 价值区回归 补仓G(1:1:2:2:4，-2%/-4%/-6%/-8%补) 均价止盈2% 止损离第一笔11% 拿24h,4041,74,0.93,0.91,-6.1,,3553,76,0.75,0.85,-6.1,,3951,79,0.98,0.99,-6.1,
5分钟 价值区回归 补仓G(1:1:2:2:4，-2%/-4%/-6%/-8%补) 均价止盈2% 止损离第一笔11% 拿72h,3050,86,0.84,0.98,-6.1,,2880,89,0.87,0.85,-6.1,,3294,90,1.0,1.04,-6.1,
5分钟 价值区回归 补仓G(1:1:2:2:4，-2%/-4%/-6%/-8%补) 均价止盈2% 止损离第一笔14% 拿24h,4033,74,0.86,0.91,-9.3,,3543,76,0.7,0.78,-9.3,,3938,80,0.98,0.98,-9.3,
5分钟 价值区回归 补仓G(1:1:2:2:4，-2%/-4%/-6%/-8%补) 均价止盈2% 止损离第一笔14% 拿72h,2994,86,0.75,0.88,-9.3,,2803,90,0.85,0.87,-9.3,,3195,91,0.9,0.94,-9.3,
5分钟 价值区回归 补仓G(1:1:2:2:4，-2%/-4%/-6%/-8%补) 均价止盈2% 止损离第一笔18% 拿24h,4026,74,0.84,0.88,-12.1,,3540,76,0.68,0.77,-13.5,,3931,80,0.94,0.99,-13.5,
5分钟 价值区回归 补仓G(1:1:2:2:4，-2%/-4%/-6%/-8%补) 均价止盈2% 止损离第一笔18% 拿72h,2924,87,0.75,0.9,-13.5,,2734,90,0.81,0.85,-13.5,,3122,91,0.92,0.95,-13.5,
5分钟 价值区回归 补仓G(1:1:2:2:4，-2%/-4%/-6%/-8%补) 均价止盈3% 止损离第一笔11% 拿24h,3393,66,0.87,0.9,-6.1,,2960,69,0.75,0.83,-6.1,,3216,71,0.93,1.0,-6.1,
5分钟 价值区回归 补仓G(1:1:2:2:4，-2%/-4%/-6%/-8%补) 均价止盈3% 止损离第一笔11% 拿72h,2252,79,0.87,0.82,-6.1,,2105,80,0.79,0.88,-6.1,,2387,83,0.92,1.03,-6.1,
5分钟 价值区回归 补仓G(1:1:2:2:4，-2%/-4%/-6%/-8%补) 均价止盈3% 止损离第一笔14% 拿24h,3386,66,0.81,0.89,-9.3,,2954,69,0.72,0.78,-9.3,,3204,72,0.95,1.1,-9.3,
5分钟 价值区回归 补仓G(1:1:2:2:4，-2%/-4%/-6%/-8%补) 均价止盈3% 止损离第一笔14% 拿72h,2209,80,0.79,0.83,-9.3,,2043,82,0.82,0.88,-9.3,,2287,84,0.91,0.93,-9.3,
5分钟 价值区回归 补仓G(1:1:2:2:4，-2%/-4%/-6%/-8%补) 均价止盈3% 止损离第一笔18% 拿24h,3382,66,0.8,0.84,-12.4,,2953,69,0.7,0.79,-13.5,,3195,72,0.93,0.92,-13.5,
5分钟 价值区回归 补仓G(1:1:2:2:4，-2%/-4%/-6%/-8%补) 均价止盈3% 止损离第一笔18% 拿72h,2146,80,0.84,0.83,-13.5,,1996,82,0.77,0.83,-13.5,,2232,85,0.95,0.95,-13.5,
5分钟 价值区回归 补仓G(1:1:2:2:4，-2%/-4%/-6%/-8%补) 均价止盈5% 止损离第一笔11% 拿24h,2947,61,0.82,0.89,-6.1,,2552,63,0.83,0.88,-6.1,,2667,64,0.92,0.94,-6.1,
5分钟 价值区回归 补仓G(1:1:2:2:4，-2%/-4%/-6%/-8%补) 均价止盈5% 止损离第一笔11% 拿72h,1642,69,0.83,0.92,-6.1,,1512,69,0.75,0.87,-6.1,,1652,72,0.94,0.93,-6.1,
5分钟 价值区回归 补仓G(1:1:2:2:4，-2%/-4%/-6%/-8%补) 均价止盈5% 止损离第一笔14% 拿24h,2943,61,0.73,0.89,-9.3,,2550,64,0.76,0.89,-9.3,,2654,64,0.92,0.98,-9.3,
5分钟 价值区回归 补仓G(1:1:2:2:4，-2%/-4%/-6%/-8%补) 均价止盈5% 止损离第一笔14% 拿72h,1613,70,0.76,0.87,-9.3,,1480,72,0.77,0.87,-9.3,,1593,75,0.93,0.92,-9.3,
5分钟 价值区回归 补仓G(1:1:2:2:4，-2%/-4%/-6%/-8%补) 均价止盈5% 止损离第一笔18% 拿24h,2938,61,0.72,0.86,-13.5,,2548,64,0.75,0.79,-13.5,,2646,65,0.9,0.98,-13.5,
5分钟 价值区回归 补仓G(1:1:2:2:4，-2%/-4%/-6%/-8%补) 均价止盈5% 止损离第一笔18% 拿72h,1571,70,0.77,0.86,-13.5,,1449,72,0.76,0.86,-13.5,,1550,76,0.93,0.97,-13.5,
5分钟 价值区回归 补仓G(1:1:2:2:4，-2%/-4%/-6%/-8%补) 均价止盈8% 止损离第一笔11% 拿24h,2824,59,0.78,0.86,-6.1,,2413,62,0.82,0.83,-6.1,,2465,62,0.92,0.93,-6.1,
5分钟 价值区回归 补仓G(1:1:2:2:4，-2%/-4%/-6%/-8%补) 均价止盈8% 止损离第一笔11% 拿72h,1378,65,0.79,0.89,-6.1,,1227,64,0.82,0.83,-6.1,,1307,64,0.87,0.89,-6.1,
5分钟 价值区回归 补仓G(1:1:2:2:4，-2%/-4%/-6%/-8%补) 均价止盈8% 止损离第一笔14% 拿24h,2818,59,0.71,0.92,-9.3,,2410,62,0.78,0.83,-9.3,,2454,62,0.93,0.88,-9.3,
5分钟 价值区回归 补仓G(1:1:2:2:4，-2%/-4%/-6%/-8%补) 均价止盈8% 止损离第一笔14% 拿72h,1356,66,0.76,0.89,-9.3,,1199,66,0.86,0.87,-9.3,,1259,67,0.89,0.93,-9.3,
5分钟 价值区回归 补仓G(1:1:2:2:4，-2%/-4%/-6%/-8%补) 均价止盈8% 止损离第一笔18% 拿24h,2815,59,0.7,0.82,-13.5,,2409,62,0.76,0.91,-13.5,,2446,63,0.88,0.88,-13.5,
5分钟 价值区回归 补仓G(1:1:2:2:4，-2%/-4%/-6%/-8%补) 均价止盈8% 止损离第一笔18% 拿72h,1327,66,0.7,0.81,-13.5,,1189,67,0.88,0.77,-13.5,,1225,68,0.89,1.0,-13.5,
5分钟 价值区回归 补仓H(1:1:1:1:1:1:1:1，-1%/-2%/-3%/-4%/-5%/-6%/-7%补) 均价止盈1% 止损离第一笔10% 拿24h,6112,87,0.85,0.87,-6.9,,5510,90,0.7,0.76,-6.9,,6204,91,0.91,0.93,-6.9,
5分钟 价值区回归 补仓H(1:1:1:1:1:1:1:1，-1%/-2%/-3%/-4%/-5%/-6%/-7%补) 均价止盈1% 止损离第一笔10% 拿72h,5340,94,0.86,0.9,-6.9,,5063,95,0.84,0.8,-6.9,,5775,96,0.96,1.03,-6.9,
5分钟 价值区回归 补仓H(1:1:1:1:1:1:1:1，-1%/-2%/-3%/-4%/-5%/-6%/-7%补) 均价止盈1% 止损离第一笔13% 拿24h,6100,87,0.81,0.87,-10.0,,5488,90,0.66,0.75,-10.0,,6189,91,0.89,0.95,-10.0,
5分钟 价值区回归 补仓H(1:1:1:1:1:1:1:1，-1%/-2%/-3%/-4%/-5%/-6%/-7%补) 均价止盈1% 止损离第一笔13% 拿72h,5222,94,0.76,0.86,-10.0,,4898,96,0.87,0.79,-10.0,,5632,96,0.92,0.97,-10.0,
5分钟 价值区回归 补仓H(1:1:1:1:1:1:1:1，-1%/-2%/-3%/-4%/-5%/-6%/-7%补) 均价止盈1% 止损离第一笔17% 拿24h,6092,87,0.8,0.87,-13.2,,5474,90,0.64,0.73,-14.1,,6175,91,0.88,0.98,-14.1,
5分钟 价值区回归 补仓H(1:1:1:1:1:1:1:1，-1%/-2%/-3%/-4%/-5%/-6%/-7%补) 均价止盈1% 止损离第一笔17% 拿72h,5097,94,0.74,0.8,-14.1,,4800,96,0.8,0.8,-14.1,,5501,97,0.96,0.94,-14.1,
5分钟 价值区回归 补仓H(1:1:1:1:1:1:1:1，-1%/-2%/-3%/-4%/-5%/-6%/-7%补) 均价止盈2% 止损离第一笔10% 拿24h,4158,76,0.93,0.93,-6.9,,3689,78,0.78,0.82,-6.9,,4081,79,0.92,0.97,-6.9,
5分钟 价值区回归 补仓H(1:1:1:1:1:1:1:1，-1%/-2%/-3%/-4%/-5%/-6%/-7%补) 均价止盈2% 止损离第一笔10% 拿72h,3168,85,0.88,0.88,-6.9,,2992,87,0.89,0.86,-6.9,,3392,88,0.94,1.03,-6.9,
5分钟 价值区回归 补仓H(1:1:1:1:1:1:1:1，-1%/-2%/-3%/-4%/-5%/-6%/-7%补) 均价止盈2% 止损离第一笔13% 拿24h,4148,76,0.88,0.87,-10.0,,3674,78,0.75,0.78,-10.0,,4064,80,0.92,0.93,-10.0,
5分钟 价值区回归 补仓H(1:1:1:1:1:1:1:1，-1%/-2%/-3%/-4%/-5%/-6%/-7%补) 均价止盈2% 止损离第一笔13% 拿72h,3060,86,0.81,0.88,-10.0,,2892,88,0.89,0.81,-10.0,,3258,89,0.92,0.95,-10.0,
5分钟 价值区回归 补仓H(1:1:1:1:1:1:1:1，-1%/-2%/-3%/-4%/-5%/-6%/-7%补) 均价止盈2% 止损离第一笔17% 拿24h,4137,76,0.85,0.83,-13.2,,3669,78,0.72,0.81,-14.1,,4049,80,0.9,0.94,-14.1,
5分钟 价值区回归 补仓H(1:1:1:1:1:1:1:1，-1%/-2%/-3%/-4%/-5%/-6%/-7%补) 均价止盈2% 止损离第一笔17% 拿72h,2969,86,0.78,0.9,-14.1,,2821,89,0.85,0.84,-14.1,,3154,90,0.93,0.98,-14.1,
5分钟 价值区回归 补仓H(1:1:1:1:1:1:1:1，-1%/-2%/-3%/-4%/-5%/-6%/-7%补) 均价止盈3% 止损离第一笔10% 拿24h,3435,68,0.87,0.9,-6.9,,2999,69,0.77,0.84,-6.9,,3257,72,0.9,0.97,-6.9,
5分钟 价值区回归 补仓H(1:1:1:1:1:1:1:1，-1%/-2%/-3%/-4%/-5%/-6%/-7%补) 均价止盈3% 止损离第一笔10% 拿72h,2278,77,0.88,0.92,-6.9,,2136,78,0.82,0.86,-6.9,,2430,80,0.89,0.99,-6.9,
5分钟 价值区回归 补仓H(1:1:1:1:1:1:1:1，-1%/-2%/-3%/-4%/-5%/-6%/-7%补) 均价止盈3% 止损离第一笔13% 拿24h,3424,68,0.82,0.87,-10.0,,2992,69,0.74,0.81,-10.0,,3245,72,0.9,1.0,-10.0,
5分钟 价值区回归 补仓H(1:1:1:1:1:1:1:1，-1%/-2%/-3%/-4%/-5%/-6%/-7%补) 均价止盈3% 止损离第一笔13% 拿72h,2215,78,0.83,0.87,-10.0,,2067,80,0.82,0.85,-10.0,,2301,82,0.87,0.99,-10.0,
5分钟 价值区回归 补仓H(1:1:1:1:1:1:1:1，-1%/-2%/-3%/-4%/-5%/-6%/-7%补) 均价止盈3% 止损离第一笔17% 拿24h,3415,68,0.8,0.87,-14.1,,2991,69,0.71,0.83,-14.1,,3228,72,0.9,0.94,-14.1,
5分钟 价值区回归 补仓H(1:1:1:1:1:1:1:1，-1%/-2%/-3%/-4%/-5%/-6%/-7%补) 均价止盈3% 止损离第一笔17% 拿72h,2144,79,0.82,0.84,-14.1,,2022,80,0.79,0.84,-14.2,,2206,83,0.88,0.94,-14.1,
5分钟 价值区回归 补仓H(1:1:1:1:1:1:1:1，-1%/-2%/-3%/-4%/-5%/-6%/-7%补) 均价止盈5% 止损离第一笔10% 拿24h,2956,63,0.82,0.82,-6.9,,2569,64,0.82,0.84,-6.9,,2678,63,0.85,0.96,-6.9,
5分钟 价值区回归 补仓H(1:1:1:1:1:1:1:1，-1%/-2%/-3%/-4%/-5%/-6%/-7%补) 均价止盈5% 止损离第一笔10% 拿72h,1659,66,0.85,0.98,-6.9,,1544,66,0.76,0.88,-6.9,,1659,68,0.9,0.9,-6.9,
5分钟 价值区回归 补仓H(1:1:1:1:1:1:1:1，-1%/-2%/-3%/-4%/-5%/-6%/-7%补) 均价止盈5% 止损离第一笔13% 拿24h,2945,63,0.78,0.86,-10.0,,2560,64,0.8,0.86,-10.0,,2664,64,0.86,0.9,-10.0,
5分钟 价值区回归 补仓H(1:1:1:1:1:1:1:1，-1%/-2%/-3%/-4%/-5%/-6%/-7%补) 均价止盈5% 止损离第一笔13% 拿72h,1618,68,0.79,0.91,-10.0,,1473,67,0.72,0.91,-10.0,,1588,71,0.9,0.93,-10.0,
5分钟 价值区回归 补仓H(1:1:1:1:1:1:1:1，-1%/-2%/-3%/-4%/-5%/-6%/-7%补) 均价止盈5% 止损离第一笔17% 拿24h,2940,63,0.78,0.92,-14.1,,2558,64,0.78,0.87,-14.1,,2649,64,0.87,0.96,-14.1,
5分钟 价值区回归 补仓H(1:1:1:1:1:1:1:1，-1%/-2%/-3%/-4%/-5%/-6%/-7%补) 均价止盈5% 止损离第一笔17% 拿72h,1577,68,0.78,0.84,-14.1,,1451,68,0.72,0.89,-14.1,,1539,72,0.91,1.0,-14.1,
5分钟 价值区回归 补仓H(1:1:1:1:1:1:1:1，-1%/-2%/-3%/-4%/-5%/-6%/-7%补) 均价止盈8% 止损离第一笔10% 拿24h,2832,62,0.79,0.84,-6.9,,2417,62,0.82,0.9,-6.9,,2463,61,0.87,0.89,-6.9,
5分钟 价值区回归 补仓H(1:1:1:1:1:1:1:1，-1%/-2%/-3%/-4%/-5%/-6%/-7%补) 均价止盈8% 止损离第一笔10% 拿72h,1394,62,0.87,0.96,-6.9,,1257,62,0.82,0.86,-6.9,,1323,61,0.89,0.97,-6.9,
5分钟 价值区回归 补仓H(1:1:1:1:1:1:1:1，-1%/-2%/-3%/-4%/-5%/-6%/-7%补) 均价止盈8% 止损离第一笔13% 拿24h,2822,62,0.76,0.87,-10.0,,2411,62,0.8,0.84,-10.0,,2452,62,0.89,0.94,-10.0,
5分钟 价值区回归 补仓H(1:1:1:1:1:1:1:1，-1%/-2%/-3%/-4%/-5%/-6%/-7%补) 均价止盈8% 止损离第一笔13% 拿72h,1368,64,0.84,0.86,-10.0,,1206,62,0.79,0.88,-10.0,,1266,64,0.9,0.96,-10.0,
5分钟 价值区回归 补仓H(1:1:1:1:1:1:1:1，-1%/-2%/-3%/-4%/-5%/-6%/-7%补) 均价止盈8% 止损离第一笔17% 拿24h,2818,62,0.74,0.94,-14.1,,2410,62,0.78,0.85,-14.1,,2443,62,0.89,0.87,-14.1,
5分钟 价值区回归 补仓H(1:1:1:1:1:1:1:1，-1%/-2%/-3%/-4%/-5%/-6%/-7%补) 均价止盈8% 止损离第一笔17% 拿72h,1340,64,0.75,0.86,-14.1,,1195,64,0.84,0.81,-14.1,,1226,66,0.93,0.9,-14.1,
5分钟 价值区回归 补仓I(1:1:1:2:2:3，-2%/-4%/-6%/-9%/-12%补) 均价止盈1% 止损离第一笔15% 拿24h,5699,85,0.9,0.86,-8.6,,5125,88,0.6,0.71,-8.6,,5789,90,0.93,0.97,-8.6,
5分钟 价值区回归 补仓I(1:1:1:2:2:3，-2%/-4%/-6%/-9%/-12%补) 均价止盈1% 止损离第一笔15% 拿72h,4850,94,0.79,0.86,-8.6,,4522,96,0.7,0.82,-8.6,,5163,96,0.99,0.95,-8.6,
5分钟 价值区回归 补仓I(1:1:1:2:2:3，-2%/-4%/-6%/-9%/-12%补) 均价止盈1% 止损离第一笔18% 拿24h,5696,85,0.87,0.87,-10.2,,5122,88,0.59,0.76,-11.8,,5788,90,0.87,0.88,-11.8,
5分钟 价值区回归 补仓I(1:1:1:2:2:3，-2%/-4%/-6%/-9%/-12%补) 均价止盈1% 止损离第一笔18% 拿72h,4806,95,0.77,0.85,-11.8,,4482,96,0.69,0.75,-11.8,,5139,97,0.95,0.95,-11.8,
5分钟 价值区回归 补仓I(1:1:1:2:2:3，-2%/-4%/-6%/-9%/-12%补) 均价止盈1% 止损离第一笔22% 拿24h,5693,85,0.9,0.81,-14.0,,5119,88,0.6,0.7,-16.1,,5785,90,0.85,0.91,-16.1,
5分钟 价值区回归 补仓I(1:1:1:2:2:3，-2%/-4%/-6%/-9%/-12%补) 均价止盈1% 止损离第一笔22% 拿72h,4771,95,0.73,0.77,-16.1,,4431,96,0.68,0.75,-16.1,,5093,97,0.91,0.91,-16.1,
5分钟 价值区回归 补仓I(1:1:1:2:2:3，-2%/-4%/-6%/-9%/-12%补) 均价止盈2% 止损离第一笔15% 拿24h,4014,72,0.87,0.84,-8.6,,3520,75,0.69,0.77,-8.6,,3886,78,1.0,0.9,-8.6,
5分钟 价值区回归 补仓I(1:1:1:2:2:3，-2%/-4%/-6%/-9%/-12%补) 均价止盈2% 止损离第一笔15% 拿72h,2896,85,0.75,0.86,-8.6,,2698,88,0.78,0.84,-8.6,,3054,90,0.94,0.94,-8.6,
5分钟 价值区回归 补仓I(1:1:1:2:2:3，-2%/-4%/-6%/-9%/-12%补) 均价止盈2% 止损离第一笔18% 拿24h,4014,72,0.84,0.85,-10.2,,3519,75,0.68,0.82,-11.8,,3885,78,0.95,0.92,-11.8,
5分钟 价值区回归 补仓I(1:1:1:2:2:3，-2%/-4%/-6%/-9%/-12%补) 均价止盈2% 止损离第一笔18% 拿72h,2848,86,0.76,0.83,-11.8,,2653,88,0.76,0.83,-11.8,,3027,90,0.95,0.95,-11.8,
5分钟 价值区回归 补仓I(1:1:1:2:2:3，-2%/-4%/-6%/-9%/-12%补) 均价止盈2% 止损离第一笔22% 拿24h,4009,72,0.86,0.86,-14.0,,3516,75,0.7,0.74,-16.1,,3881,78,0.92,0.9,-16.1,
5分钟 价值区回归 补仓I(1:1:1:2:2:3，-2%/-4%/-6%/-9%/-12%补) 均价止盈2% 止损离第一笔22% 拿72h,2808,86,0.75,0.83,-16.1,,2614,88,0.73,0.81,-16.1,,2980,91,0.94,0.93,-16.1,
5分钟 价值区回归 补仓I(1:1:1:2:2:3，-2%/-4%/-6%/-9%/-12%补) 均价止盈3% 止损离第一笔15% 拿24h,3367,65,0.8,0.9,-8.6,,2934,67,0.71,0.83,-8.6,,3170,70,0.97,1.0,-8.6,
5分钟 价值区回归 补仓I(1:1:1:2:2:3，-2%/-4%/-6%/-9%/-12%补) 均价止盈3% 止损离第一笔15% 拿72h,2154,78,0.78,0.88,-8.6,,1981,80,0.76,0.84,-8.6,,2218,83,0.91,0.97,-8.6,
5分钟 价值区回归 补仓I(1:1:1:2:2:3，-2%/-4%/-6%/-9%/-12%补) 均价止盈3% 止损离第一笔18% 拿24h,3366,65,0.78,0.87,-10.7,,2934,67,0.68,0.82,-11.8,,3167,71,0.95,0.95,-11.8,
5分钟 价值区回归 补仓I(1:1:1:2:2:3，-2%/-4%/-6%/-9%/-12%补) 均价止盈3% 止损离第一笔18% 拿72h,2116,79,0.8,0.85,-11.8,,1950,80,0.73,0.82,-11.8,,2185,84,0.91,0.94,-11.8,
5分钟 价值区回归 补仓I(1:1:1:2:2:3，-2%/-4%/-6%/-9%/-12%补) 均价止盈3% 止损离第一笔22% 拿24h,3363,65,0.77,0.88,-14.0,,2933,67,0.69,0.76,-16.1,,3165,71,0.92,0.92,-16.1,
5分钟 价值区回归 补仓I(1:1:1:2:2:3，-2%/-4%/-6%/-9%/-12%补) 均价止盈3% 止损离第一笔22% 拿72h,2089,79,0.76,0.88,-16.1,,1929,81,0.73,0.8,-16.1,,2151,84,0.93,0.89,-16.1,
5分钟 价值区回归 补仓I(1:1:1:2:2:3，-2%/-4%/-6%/-9%/-12%补) 均价止盈5% 止损离第一笔15% 拿24h,2934,59,0.77,0.91,-8.6,,2543,62,0.76,0.83,-8.6,,2641,62,0.88,0.9,-8.6,
5分钟 价值区回归 补仓I(1:1:1:2:2:3，-2%/-4%/-6%/-9%/-12%补) 均价止盈5% 止损离第一笔15% 拿72h,1588,68,0.74,0.88,-8.6,,1445,70,0.75,0.83,-8.6,,1554,73,0.95,0.94,-8.6,
5分钟 价值区回归 补仓I(1:1:1:2:2:3，-2%/-4%/-6%/-9%/-12%补) 均价止盈5% 止损离第一笔18% 拿24h,2930,59,0.75,0.87,-11.8,,2543,62,0.73,0.89,-11.8,,2637,63,0.85,0.94,-11.8,
5分钟 价值区回归 补仓I(1:1:1:2:2:3，-2%/-4%/-6%/-9%/-12%补) 均价止盈5% 止损离第一笔18% 拿72h,1558,68,0.76,0.8,-11.8,,1427,70,0.72,0.82,-11.8,,1534,73,0.9,0.95,-11.8,
5分钟 价值区回归 补仓I(1:1:1:2:2:3，-2%/-4%/-6%/-9%/-12%补) 均价止盈5% 止损离第一笔22% 拿24h,2930,59,0.75,0.88,-16.1,,2540,62,0.72,0.81,-16.1,,2636,63,0.81,1.0,-16.1,
5分钟 价值区回归 补仓I(1:1:1:2:2:3，-2%/-4%/-6%/-9%/-12%补) 均价止盈5% 止损离第一笔22% 拿72h,1546,68,0.69,0.8,-16.1,,1416,70,0.71,0.82,-16.1,,1513,74,0.93,0.9,-16.1,
5分钟 价值区回归 补仓I(1:1:1:2:2:3，-2%/-4%/-6%/-9%/-12%补) 均价止盈8% 止损离第一笔15% 拿24h,2814,58,0.73,0.94,-8.6,,2408,60,0.76,0.82,-8.6,,2448,61,0.93,0.9,-8.6,
5分钟 价值区回归 补仓I(1:1:1:2:2:3，-2%/-4%/-6%/-9%/-12%补) 均价止盈8% 止损离第一笔15% 拿72h,1350,64,0.75,0.85,-8.6,,1195,65,0.81,0.82,-8.6,,1237,65,0.93,0.96,-8.6,
5分钟 价值区回归 补仓I(1:1:1:2:2:3，-2%/-4%/-6%/-9%/-12%补) 均价止盈8% 止损离第一笔18% 拿24h,2812,58,0.7,0.91,-11.8,,2408,60,0.74,0.9,-11.8,,2444,61,0.87,0.86,-11.8,
5分钟 价值区回归 补仓I(1:1:1:2:2:3，-2%/-4%/-6%/-9%/-12%补) 均价止盈8% 止损离第一笔18% 拿72h,1327,65,0.73,0.83,-11.8,,1191,66,0.85,0.86,-11.8,,1220,66,0.87,0.9,-11.8,
5分钟 价值区回归 补仓I(1:1:1:2:2:3，-2%/-4%/-6%/-9%/-12%补) 均价止盈8% 止损离第一笔22% 拿24h,2812,58,0.7,0.87,-16.1,,2406,60,0.74,0.91,-16.1,,2444,61,0.84,0.89,-16.1,
5分钟 价值区回归 补仓I(1:1:1:2:2:3，-2%/-4%/-6%/-9%/-12%补) 均价止盈8% 止损离第一笔22% 拿72h,1320,65,0.68,0.79,-16.1,,1188,66,0.85,0.79,-16.1,,1203,67,0.88,0.83,-16.1,
5分钟 吸收 补仓E(1:1:1:1:1，-2%/-4%/-6%/-8%补) 均价止盈1% 止损离第一笔11% 拿24h,5482,82,0.91,0.89,-7.5,,4629,85,0.71,0.74,-7.5,,5295,88,0.99,0.93,-7.5,
5分钟 吸收 补仓E(1:1:1:1:1，-2%/-4%/-6%/-8%补) 均价止盈1% 止损离第一笔11% 拿72h,4435,93,0.92,0.9,-7.5,,4000,93,0.8,0.76,-7.5,,4588,95,1.02,1.0,-7.5,
5分钟 吸收 补仓E(1:1:1:1:1，-2%/-4%/-6%/-8%补) 均价止盈1% 止损离第一笔14% 拿24h,5467,82,0.9,0.82,-10.6,,4613,85,0.72,0.69,-10.6,,5275,88,0.99,0.98,-10.6,
5分钟 吸收 补仓E(1:1:1:1:1，-2%/-4%/-6%/-8%补) 均价止盈1% 止损离第一笔14% 拿72h,4351,93,0.87,0.91,-10.6,,3900,94,0.82,0.81,-10.6,,4469,95,0.99,1.01,-10.6,
5分钟 吸收 补仓E(1:1:1:1:1，-2%/-4%/-6%/-8%补) 均价止盈1% 止损离第一笔18% 拿24h,5466,82,0.89,0.86,-14.7,,4609,85,0.73,0.72,-14.7,,5262,88,1.0,0.94,-14.7,
5分钟 吸收 补仓E(1:1:1:1:1，-2%/-4%/-6%/-8%补) 均价止盈1% 止损离第一笔18% 拿72h,4321,93,0.82,0.92,-14.7,,3835,94,0.8,0.76,-14.7,,4401,96,0.99,0.94,-14.7,
5分钟 吸收 补仓E(1:1:1:1:1，-2%/-4%/-6%/-8%补) 均价止盈2% 止损离第一笔11% 拿24h,4145,69,0.94,0.9,-7.5,,3532,73,0.79,0.82,-7.5,,3846,76,1.01,0.98,-7.5,
5分钟 吸收 补仓E(1:1:1:1:1，-2%/-4%/-6%/-8%补) 均价止盈2% 止损离第一笔11% 拿72h,2881,84,0.95,0.95,-7.5,,2659,85,0.82,0.8,-7.5,,2942,88,1.03,0.97,-7.5,
5分钟 吸收 补仓E(1:1:1:1:1，-2%/-4%/-6%/-8%补) 均价止盈2% 止损离第一笔14% 拿24h,4130,69,0.91,0.9,-10.6,,3519,73,0.79,0.75,-10.6,,3823,76,0.97,0.9,-10.6,
5分钟 吸收 补仓E(1:1:1:1:1，-2%/-4%/-6%/-8%补) 均价止盈2% 止损离第一笔14% 拿72h,2805,85,0.9,0.89,-10.6,,2560,86,0.83,0.8,-10.6,,2823,88,0.98,0.99,-10.6,
5分钟 吸收 补仓E(1:1:1:1:1，-2%/-4%/-6%/-8%补) 均价止盈2% 止损离第一笔18% 拿24h,4131,69,0.92,0.92,-14.7,,3515,73,0.8,0.76,-14.7,,3812,76,1.02,0.99,-14.7,
5分钟 吸收 补仓E(1:1:1:1:1，-2%/-4%/-6%/-8%补) 均价止盈2% 止损离第一笔18% 拿72h,2764,85,0.87,0.89,-14.7,,2524,86,0.83,0.83,-14.7,,2748,89,1.04,1.01,-14.7,
5分钟 吸收 补仓E(1:1:1:1:1，-2%/-4%/-6%/-8%补) 均价止盈3% 止损离第一笔11% 拿24h,3656,64,0.93,0.9,-7.5,,3053,64,0.79,0.82,-7.5,,3298,69,1.01,0.97,-7.5,
5分钟 吸收 补仓E(1:1:1:1:1，-2%/-4%/-6%/-8%补) 均价止盈3% 止损离第一笔11% 拿72h,2251,76,0.92,0.93,-7.5,,2012,77,0.81,0.81,-7.5,,2245,81,0.97,0.98,-7.5,
5分钟 吸收 补仓E(1:1:1:1:1，-2%/-4%/-6%/-8%补) 均价止盈3% 止损离第一笔14% 拿24h,3643,64,0.9,0.89,-10.6,,3041,64,0.79,0.79,-10.6,,3282,69,0.96,0.93,-10.6,
5分钟 吸收 补仓E(1:1:1:1:1，-2%/-4%/-6%/-8%补) 均价止盈3% 止损离第一笔14% 拿72h,2188,77,0.88,0.89,-10.6,,1938,78,0.79,0.8,-10.6,,2155,82,0.94,0.99,-10.6,
5分钟 吸收 补仓E(1:1:1:1:1，-2%/-4%/-6%/-8%补) 均价止盈3% 止损离第一笔18% 拿24h,3644,64,0.9,0.88,-14.7,,3034,64,0.8,0.81,-14.7,,3271,69,1.0,0.99,-14.7,
5分钟 吸收 补仓E(1:1:1:1:1，-2%/-4%/-6%/-8%补) 均价止盈3% 止损离第一笔18% 拿72h,2150,77,0.84,0.87,-14.7,,1897,78,0.78,0.78,-14.7,,2092,82,0.99,0.98,-14.7,
5分钟 吸收 补仓E(1:1:1:1:1，-2%/-4%/-6%/-8%补) 均价止盈5% 止损离第一笔11% 拿24h,3266,59,0.92,0.91,-7.5,,2727,59,0.8,0.86,-7.5,,2843,62,0.99,0.93,-7.5,
5分钟 吸收 补仓E(1:1:1:1:1，-2%/-4%/-6%/-8%补) 均价止盈5% 止损离第一笔11% 拿72h,1713,67,0.96,0.92,-7.5,,1523,67,0.86,0.83,-7.5,,1636,70,1.03,0.99,-7.5,
5分钟 吸收 补仓E(1:1:1:1:1，-2%/-4%/-6%/-8%补) 均价止盈5% 止损离第一笔14% 拿24h,3250,59,0.9,0.91,-10.6,,2719,59,0.79,0.8,-10.6,,2825,62,0.95,1.01,-10.6,
5分钟 吸收 补仓E(1:1:1:1:1，-2%/-4%/-6%/-8%补) 均价止盈5% 止损离第一笔14% 拿72h,1658,69,0.97,0.99,-10.6,,1480,68,0.86,0.83,-10.6,,1571,71,0.95,0.94,-10.6,
5分钟 吸收 补仓E(1:1:1:1:1，-2%/-4%/-6%/-8%补) 均价止盈5% 止损离第一笔18% 拿24h,3249,59,0.9,0.89,-14.7,,2714,59,0.81,0.84,-14.7,,2816,62,0.96,0.88,-14.7,
5分钟 吸收 补仓E(1:1:1:1:1，-2%/-4%/-6%/-8%补) 均价止盈5% 止损离第一笔18% 拿72h,1640,69,0.88,0.9,-14.7,,1456,69,0.86,0.79,-14.7,,1522,71,0.98,0.99,-14.7,
5分钟 吸收 补仓E(1:1:1:1:1，-2%/-4%/-6%/-8%补) 均价止盈8% 止损离第一笔11% 拿24h,3135,58,0.92,0.92,-7.5,,2614,57,0.8,0.85,-7.5,,2667,59,0.92,0.89,-7.5,
5分钟 吸收 补仓E(1:1:1:1:1，-2%/-4%/-6%/-8%补) 均价止盈8% 止损离第一笔11% 拿72h,1444,62,0.94,0.89,-7.5,,1274,60,0.85,0.79,-7.5,,1325,62,0.92,1.0,-7.5,
5分钟 吸收 补仓E(1:1:1:1:1，-2%/-4%/-6%/-8%补) 均价止盈8% 止损离第一笔14% 拿24h,3120,58,0.92,0.94,-10.6,,2604,57,0.8,0.81,-10.6,,2652,59,0.88,0.99,-10.6,
5分钟 吸收 补仓E(1:1:1:1:1，-2%/-4%/-6%/-8%补) 均价止盈8% 止损离第一笔14% 拿72h,1400,63,0.92,0.93,-10.6,,1242,62,0.86,0.78,-10.6,,1282,64,0.88,0.96,-10.6,
5分钟 吸收 补仓E(1:1:1:1:1，-2%/-4%/-6%/-8%补) 均价止盈8% 止损离第一笔18% 拿24h,3119,58,0.9,0.92,-14.7,,2599,58,0.83,0.83,-14.7,,2642,59,0.91,0.96,-14.7,
5分钟 吸收 补仓E(1:1:1:1:1，-2%/-4%/-6%/-8%补) 均价止盈8% 止损离第一笔18% 拿72h,1388,64,0.88,0.91,-14.7,,1220,62,0.88,0.84,-14.7,,1254,64,0.89,1.03,-14.7,
5分钟 吸收 补仓F(1:1:1:1:1:1，-1.5%/-3%/-4.5%/-6%/-7.5%补) 均价止盈1% 止损离第一笔10% 拿24h,5616,84,0.91,0.91,-7.2,,4729,86,0.71,0.71,-7.2,,5441,89,1.0,0.95,-7.2,
5分钟 吸收 补仓F(1:1:1:1:1:1，-1.5%/-3%/-4.5%/-6%/-7.5%补) 均价止盈1% 止损离第一笔10% 拿72h,4650,93,0.93,0.96,-7.2,,4168,94,0.79,0.79,-7.2,,4838,96,1.07,1.0,-7.2,
5分钟 吸收 补仓F(1:1:1:1:1:1，-1.5%/-3%/-4.5%/-6%/-7.5%补) 均价止盈1% 止损离第一笔14% 拿24h,5594,84,0.9,0.87,-10.3,,4711,86,0.69,0.69,-10.3,,5411,89,1.01,0.86,-10.3,
5分钟 吸收 补仓F(1:1:1:1:1:1，-1.5%/-3%/-4.5%/-6%/-7.5%补) 均价止盈1% 止损离第一笔14% 拿72h,4539,94,0.87,0.92,-10.3,,4038,95,0.78,0.79,-10.3,,4704,96,1.07,1.03,-10.3,
5分钟 吸收 补仓F(1:1:1:1:1:1，-1.5%/-3%/-4.5%/-6%/-7.5%补) 均价止盈1% 止损离第一笔18% 拿24h,5589,84,0.91,0.97,-14.4,,4705,86,0.7,0.69,-14.4,,5398,90,0.99,0.92,-14.4,
5分钟 吸收 补仓F(1:1:1:1:1:1，-1.5%/-3%/-4.5%/-6%/-7.5%补) 均价止盈1% 止损离第一笔18% 拿72h,4492,94,0.86,0.83,-14.4,,3956,95,0.77,0.74,-14.4,,4635,96,1.02,1.03,-14.4,
5分钟 吸收 补仓F(1:1:1:1:1:1，-1.5%/-3%/-4.5%/-6%/-7.5%补) 均价止盈2% 止损离第一笔10% 拿24h,4207,72,0.96,0.93,-7.2,,3568,74,0.76,0.8,-7.2,,3907,77,1.01,0.94,-7.2,
5分钟 吸收 补仓F(1:1:1:1:1:1，-1.5%/-3%/-4.5%/-6%/-7.5%补) 均价止盈2% 止损离第一笔10% 拿72h,3007,85,0.92,0.98,-7.2,,2760,85,0.79,0.84,-7.2,,3056,88,1.02,0.97,-7.2,
5分钟 吸收 补仓F(1:1:1:1:1:1，-1.5%/-3%/-4.5%/-6%/-7.5%补) 均价止盈2% 止损离第一笔14% 拿24h,4190,72,0.91,0.93,-10.3,,3544,74,0.75,0.75,-10.3,,3873,77,0.96,0.98,-10.3,
5分钟 吸收 补仓F(1:1:1:1:1:1，-1.5%/-3%/-4.5%/-6%/-7.5%补) 均价止盈2% 止损离第一笔14% 拿72h,2910,85,0.86,0.91,-10.3,,2605,86,0.8,0.76,-10.3,,2913,89,0.97,0.98,-10.3,
5分钟 吸收 补仓F(1:1:1:1:1:1，-1.5%/-3%/-4.5%/-6%/-7.5%补) 均价止盈2% 止损离第一笔18% 拿24h,4186,72,0.92,0.92,-14.4,,3541,74,0.76,0.77,-14.4,,3856,77,0.99,0.97,-14.4,
5分钟 吸收 补仓F(1:1:1:1:1:1，-1.5%/-3%/-4.5%/-6%/-7.5%补) 均价止盈2% 止损离第一笔18% 拿72h,2869,86,0.86,0.86,-14.4,,2558,87,0.78,0.8,-14.4,,2822,89,0.94,1.02,-14.4,
5分钟 吸收 补仓F(1:1:1:1:1:1，-1.5%/-3%/-4.5%/-6%/-7.5%补) 均价止盈3% 止损离第一笔10% 拿24h,3692,66,0.94,0.87,-7.2,,3087,66,0.81,0.81,-7.2,,3329,71,1.02,0.97,-7.2,
5分钟 吸收 补仓F(1:1:1:1:1:1，-1.5%/-3%/-4.5%/-6%/-7.5%补) 均价止盈3% 止损离第一笔10% 拿72h,2279,76,0.88,1.01,-7.2,,2088,77,0.84,0.84,-7.2,,2307,80,0.96,1.0,-7.2,
5分钟 吸收 补仓F(1:1:1:1:1:1，-1.5%/-3%/-4.5%/-6%/-7.5%补) 均价止盈3% 止损离第一笔14% 拿24h,3681,66,0.91,0.89,-10.3,,3069,66,0.79,0.85,-10.3,,3307,71,0.97,0.91,-10.3,
5分钟 吸收 补仓F(1:1:1:1:1:1，-1.5%/-3%/-4.5%/-6%/-7.5%补) 均价止盈3% 止损离第一笔14% 拿72h,2212,77,0.82,0.92,-10.3,,1985,79,0.83,0.85,-10.3,,2210,82,0.91,0.96,-10.3,
5分钟 吸收 补仓F(1:1:1:1:1:1，-1.5%/-3%/-4.5%/-6%/-7.5%补) 均价止盈3% 止损离第一笔18% 拿24h,3675,66,0.91,0.93,-14.4,,3064,66,0.81,0.77,-14.4,,3296,71,1.0,0.94,-14.4,
5分钟 吸收 补仓F(1:1:1:1:1:1，-1.5%/-3%/-4.5%/-6%/-7.5%补) 均价止盈3% 止损离第一笔18% 拿72h,2172,77,0.81,0.86,-14.4,,1949,79,0.79,0.84,-14.4,,2138,82,0.9,0.97,-14.4,
5分钟 吸收 补仓F(1:1:1:1:1:1，-1.5%/-3%/-4.5%/-6%/-7.5%补) 均价止盈5% 止损离第一笔10% 拿24h,3271,61,0.93,0.97,-7.2,,2735,60,0.83,0.82,-7.2,,2851,64,0.99,0.98,-7.2,
5分钟 吸收 补仓F(1:1:1:1:1:1，-1.5%/-3%/-4.5%/-6%/-7.5%补) 均价止盈5% 止损离第一笔10% 拿72h,1724,69,1.0,0.96,-7.2,,1553,68,0.88,0.84,-7.2,,1652,71,1.01,0.99,-7.2,
5分钟 吸收 补仓F(1:1:1:1:1:1，-1.5%/-3%/-4.5%/-6%/-7.5%补) 均价止盈5% 止损离第一笔14% 拿24h,3257,61,0.9,0.94,-10.3,,2723,60,0.8,0.8,-10.3,,2834,64,0.93,0.96,-10.3,
5分钟 吸收 补仓F(1:1:1:1:1:1，-1.5%/-3%/-4.5%/-6%/-7.5%补) 均价止盈5% 止损离第一笔14% 拿72h,1675,69,0.97,0.92,-10.3,,1494,70,0.9,0.79,-10.3,,1589,72,0.95,0.94,-10.3,
5分钟 吸收 补仓F(1:1:1:1:1:1，-1.5%/-3%/-4.5%/-6%/-7.5%补) 均价止盈5% 止损离第一笔18% 拿24h,3252,61,0.92,0.93,-14.4,,2718,60,0.83,0.85,-14.4,,2818,64,0.96,0.9,-14.4,
5分钟 吸收 补仓F(1:1:1:1:1:1，-1.5%/-3%/-4.5%/-6%/-7.5%补) 均价止盈5% 止损离第一笔18% 拿72h,1650,70,0.93,0.93,-14.4,,1470,71,0.89,0.82,-14.4,,1533,72,0.94,0.94,-14.4,
5分钟 吸收 补仓F(1:1:1:1:1:1，-1.5%/-3%/-4.5%/-6%/-7.5%补) 均价止盈8% 止损离第一笔10% 拿24h,3137,59,0.91,0.93,-7.2,,2617,58,0.81,0.87,-7.2,,2672,61,0.94,0.88,-7.2,
5分钟 吸收 补仓F(1:1:1:1:1:1，-1.5%/-3%/-4.5%/-6%/-7.5%补) 均价止盈8% 止损离第一笔10% 拿72h,1452,62,0.88,0.95,-7.2,,1278,61,0.85,0.88,-7.2,,1341,62,0.89,1.0,-7.2,
5分钟 吸收 补仓F(1:1:1:1:1:1，-1.5%/-3%/-4.5%/-6%/-7.5%补) 均价止盈8% 止损离第一笔14% 拿24h,3125,59,0.9,0.91,-10.3,,2605,59,0.79,0.84,-10.3,,2658,61,0.89,0.93,-10.3,
5分钟 吸收 补仓F(1:1:1:1:1:1，-1.5%/-3%/-4.5%/-6%/-7.5%补) 均价止盈8% 止损离第一笔14% 拿72h,1407,63,0.88,0.93,-10.3,,1243,62,0.85,0.81,-10.3,,1283,63,0.84,0.95,-10.3,
5分钟 吸收 补仓F(1:1:1:1:1:1，-1.5%/-3%/-4.5%/-6%/-7.5%补) 均价止盈8% 止损离第一笔18% 拿24h,3120,60,0.9,0.94,-14.4,,2600,59,0.82,0.82,-14.4,,2645,61,0.92,0.98,-14.4,
5分钟 吸收 补仓F(1:1:1:1:1:1，-1.5%/-3%/-4.5%/-6%/-7.5%补) 均价止盈8% 止损离第一笔18% 拿72h,1388,64,0.87,0.93,-14.4,,1224,63,0.86,0.82,-14.4,,1256,64,0.85,1.0,-14.4,
5分钟 吸收 补仓G(1:1:2:2:4，-2%/-4%/-6%/-8%补) 均价止盈1% 止损离第一笔11% 拿24h,5548,84,0.95,0.88,-6.1,,4688,86,0.68,0.72,-6.1,,5365,89,0.97,0.94,-6.1,
5分钟 吸收 补仓G(1:1:2:2:4，-2%/-4%/-6%/-8%补) 均价止盈1% 止损离第一笔11% 拿72h,4628,94,0.95,0.96,-6.1,,4186,95,0.77,0.8,-6.1,,4783,96,1.04,1.07,-6.1,
5分钟 吸收 补仓G(1:1:2:2:4，-2%/-4%/-6%/-8%补) 均价止盈1% 止损离第一笔14% 拿24h,5535,84,0.95,0.93,-9.3,,4673,87,0.68,0.69,-9.3,,5350,89,0.96,0.97,-9.3,
5分钟 吸收 补仓G(1:1:2:2:4，-2%/-4%/-6%/-8%补) 均价止盈1% 止损离第一笔14% 拿72h,4570,95,0.9,0.87,-9.3,,4103,96,0.78,0.77,-9.3,,4701,97,1.0,1.15,-9.3,
5分钟 吸收 补仓G(1:1:2:2:4，-2%/-4%/-6%/-8%补) 均价止盈1% 止损离第一笔18% 拿24h,5534,84,0.93,0.87,-13.5,,4670,87,0.71,0.65,-13.5,,5339,90,1.0,1.05,-13.5,
5分钟 吸收 补仓G(1:1:2:2:4，-2%/-4%/-6%/-8%补) 均价止盈1% 止损离第一笔18% 拿72h,4539,95,0.8,0.89,-13.5,,4038,96,0.75,0.81,-13.5,,4639,97,1.0,0.97,-13.5,
5分钟 吸收 补仓G(1:1:2:2:4，-2%/-4%/-6%/-8%补) 均价止盈2% 止损离第一笔11% 拿24h,4158,71,0.92,0.92,-6.1,,3553,75,0.78,0.78,-6.1,,3898,78,1.1,1.04,-6.1,
5分钟 吸收 补仓G(1:1:2:2:4，-2%/-4%/-6%/-8%补) 均价止盈2% 止损离第一笔11% 拿72h,2965,87,0.92,0.97,-6.1,,2769,88,0.88,0.81,-6.1,,3086,90,1.09,1.03,-6.1,
5分钟 吸收 补仓G(1:1:2:2:4，-2%/-4%/-6%/-8%补) 均价止盈2% 止损离第一笔14% 拿24h,4144,71,0.89,0.94,-9.3,,3542,75,0.78,0.78,-9.3,,3878,78,1.03,0.98,-9.3,
5分钟 吸收 补仓G(1:1:2:2:4，-2%/-4%/-6%/-8%补) 均价止盈2% 止损离第一笔14% 拿72h,2897,87,0.86,0.87,-9.3,,2682,89,0.88,0.82,-9.3,,2988,91,0.98,0.95,-9.3,
5分钟 吸收 补仓G(1:1:2:2:4，-2%/-4%/-6%/-8%补) 均价止盈2% 止损离第一笔18% 拿24h,4144,71,0.9,0.97,-13.5,,3538,75,0.79,0.78,-13.5,,3867,79,1.1,1.0,-13.5,
5分钟 吸收 补仓G(1:1:2:2:4，-2%/-4%/-6%/-8%补) 均价止盈2% 止损离第一笔18% 拿72h,2855,87,0.83,0.87,-13.5,,2645,89,0.83,0.86,-13.5,,2922,92,1.04,0.95,-13.5,
5分钟 吸收 补仓G(1:1:2:2:4，-2%/-4%/-6%/-8%补) 均价止盈3% 止损离第一笔11% 拿24h,3679,66,0.96,0.92,-6.1,,3067,67,0.8,0.79,-6.1,,3322,72,1.06,1.0,-6.1,
5分钟 吸收 补仓G(1:1:2:2:4，-2%/-4%/-6%/-8%补) 均价止盈3% 止损离第一笔11% 拿72h,2311,80,1.02,0.97,-6.1,,2096,80,0.87,0.83,-6.1,,2345,84,1.01,1.0,-6.1,
5分钟 吸收 补仓G(1:1:2:2:4，-2%/-4%/-6%/-8%补) 均价止盈3% 止损离第一笔14% 拿24h,3665,66,0.92,0.84,-9.3,,3056,67,0.79,0.78,-9.3,,3306,72,0.99,0.99,-9.3,
5分钟 吸收 补仓G(1:1:2:2:4，-2%/-4%/-6%/-8%补) 均价止盈3% 止损离第一笔14% 拿72h,2251,81,0.96,0.88,-9.3,,2028,82,0.87,0.88,-9.3,,2262,85,0.93,0.99,-9.3,
5分钟 吸收 补仓G(1:1:2:2:4，-2%/-4%/-6%/-8%补) 均价止盈3% 止损离第一笔18% 拿24h,3666,66,0.93,0.93,-13.5,,3049,67,0.81,0.77,-13.5,,3296,72,1.03,0.91,-13.5,
5分钟 吸收 补仓G(1:1:2:2:4，-2%/-4%/-6%/-8%补) 均价止盈3% 止损离第一笔18% 拿72h,2214,81,0.91,0.88,-13.5,,1990,82,0.84,0.76,-13.5,,2204,85,0.99,1.0,-13.5,
5分钟 吸收 补仓G(1:1:2:2:4，-2%/-4%/-6%/-8%补) 均价止盈5% 止损离第一笔11% 拿24h,3267,61,0.89,0.94,-6.1,,2730,61,0.8,0.81,-6.1,,2851,64,0.99,0.96,-6.1,
5分钟 吸收 补仓G(1:1:2:2:4，-2%/-4%/-6%/-8%补) 均价止盈5% 止损离第一笔11% 拿72h,1729,71,0.95,0.91,-6.1,,1539,70,0.87,0.8,-6.1,,1671,74,1.07,1.01,-6.1,
5分钟 吸收 补仓G(1:1:2:2:4，-2%/-4%/-6%/-8%补) 均价止盈5% 止损离第一笔14% 拿24h,3251,61,0.87,0.91,-9.3,,2723,62,0.77,0.77,-9.3,,2835,65,0.94,0.9,-9.3,
5分钟 吸收 补仓G(1:1:2:2:4，-2%/-4%/-6%/-8%补) 均价止盈5% 止损离第一笔14% 拿72h,1682,72,0.93,0.93,-9.3,,1502,72,0.87,0.9,-9.3,,1607,75,0.99,0.97,-9.3,
5分钟 吸收 补仓G(1:1:2:2:4，-2%/-4%/-6%/-8%补) 均价止盈5% 止损离第一笔18% 拿24h,3250,61,0.86,0.97,-13.5,,2718,62,0.81,0.78,-13.5,,2827,65,0.95,0.96,-13.5,
5分钟 吸收 补仓G(1:1:2:2:4，-2%/-4%/-6%/-8%补) 均价止盈5% 止损离第一笔18% 拿72h,1659,72,0.84,0.84,-13.5,,1477,72,0.88,0.87,-13.5,,1565,76,1.0,0.93,-13.5,
5分钟 吸收 补仓G(1:1:2:2:4，-2%/-4%/-6%/-8%补) 均价止盈8% 止损离第一笔11% 拿24h,3135,60,0.87,1.02,-6.1,,2614,60,0.8,0.84,-6.1,,2670,61,0.92,0.99,-6.1,
5分钟 吸收 补仓G(1:1:2:2:4，-2%/-4%/-6%/-8%补) 均价止盈8% 止损离第一笔11% 拿72h,1446,65,0.89,1.01,-6.1,,1285,63,0.84,0.78,-6.1,,1336,66,0.91,0.99,-6.1,
5分钟 吸收 补仓G(1:1:2:2:4，-2%/-4%/-6%/-8%补) 均价止盈8% 止损离第一笔14% 拿24h,3120,60,0.86,0.91,-9.3,,2604,60,0.8,0.76,-9.3,,2655,62,0.86,0.91,-9.3,
5分钟 吸收 补仓G(1:1:2:2:4，-2%/-4%/-6%/-8%补) 均价止盈8% 止损离第一笔14% 拿72h,1405,66,0.87,0.94,-9.3,,1250,66,0.84,0.88,-9.3,,1288,67,0.83,0.94,-9.3,
5分钟 吸收 补仓G(1:1:2:2:4，-2%/-4%/-6%/-8%补) 均价止盈8% 止损离第一笔18% 拿24h,3119,60,0.84,0.91,-13.5,,2599,60,0.83,0.78,-13.5,,2645,62,0.91,0.89,-13.5,
5分钟 吸收 补仓G(1:1:2:2:4，-2%/-4%/-6%/-8%补) 均价止盈8% 止损离第一笔18% 拿72h,1393,67,0.82,0.9,-13.5,,1227,67,0.87,0.79,-13.5,,1260,68,0.84,1.03,-13.5,
5分钟 吸收 补仓H(1:1:1:1:1:1:1:1，-1%/-2%/-3%/-4%/-5%/-6%/-7%补) 均价止盈1% 止损离第一笔10% 拿24h,5772,86,0.92,0.87,-6.9,,4850,87,0.69,0.75,-6.9,,5624,91,1.01,0.94,-6.9,
5分钟 吸收 补仓H(1:1:1:1:1:1:1:1，-1%/-2%/-3%/-4%/-5%/-6%/-7%补) 均价止盈1% 止损离第一笔10% 拿72h,4882,94,0.93,0.95,-6.9,,4323,94,0.76,0.78,-6.9,,5072,96,1.02,1.13,-6.9,
5分钟 吸收 补仓H(1:1:1:1:1:1:1:1，-1%/-2%/-3%/-4%/-5%/-6%/-7%补) 均价止盈1% 止损离第一笔13% 拿24h,5755,86,0.9,0.86,-10.0,,4828,87,0.67,0.72,-10.0,,5598,91,1.0,0.96,-10.0,
5分钟 吸收 补仓H(1:1:1:1:1:1:1:1，-1%/-2%/-3%/-4%/-5%/-6%/-7%补) 均价止盈1% 止损离第一笔13% 拿72h,4770,94,0.88,0.9,-10.0,,4180,95,0.76,0.83,-10.0,,4911,96,1.06,0.99,-10.0,
5分钟 吸收 补仓H(1:1:1:1:1:1:1:1，-1%/-2%/-3%/-4%/-5%/-6%/-7%补) 均价止盈1% 止损离第一笔17% 拿24h,5747,86,0.92,0.84,-14.1,,4821,87,0.7,0.75,-14.1,,5581,91,0.99,0.97,-14.1,
5分钟 吸收 补仓H(1:1:1:1:1:1:1:1，-1%/-2%/-3%/-4%/-5%/-6%/-7%补) 均价止盈1% 止损离第一笔17% 拿72h,4698,94,0.83,0.82,-14.1,,4084,95,0.77,0.8,-14.1,,4832,97,1.02,0.97,-14.1,
5分钟 吸收 补仓H(1:1:1:1:1:1:1:1，-1%/-2%/-3%/-4%/-5%/-6%/-7%补) 均价止盈2% 止损离第一笔10% 拿24h,4273,74,0.95,0.92,-6.9,,3618,76,0.77,0.8,-6.9,,3993,79,1.01,1.0,-6.9,
5分钟 吸收 补仓H(1:1:1:1:1:1:1:1，-1%/-2%/-3%/-4%/-5%/-6%/-7%补) 均价止盈2% 止损离第一笔10% 拿72h,3095,85,0.93,0.98,-6.9,,2864,86,0.81,0.84,-6.9,,3198,89,1.04,0.96,-6.9,
5分钟 吸收 补仓H(1:1:1:1:1:1:1:1，-1%/-2%/-3%/-4%/-5%/-6%/-7%补) 均价止盈2% 止损离第一笔13% 拿24h,4250,74,0.9,0.87,-10.0,,3594,76,0.77,0.79,-10.0,,3955,79,0.97,1.0,-10.0,
5分钟 吸收 补仓H(1:1:1:1:1:1:1:1，-1%/-2%/-3%/-4%/-5%/-6%/-7%补) 均价止盈2% 止损离第一笔13% 拿72h,2997,86,0.88,0.96,-10.0,,2698,87,0.82,0.81,-10.0,,3040,90,1.0,1.04,-10.0,
5分钟 吸收 补仓H(1:1:1:1:1:1:1:1，-1%/-2%/-3%/-4%/-5%/-6%/-7%补) 均价止盈2% 止损离第一笔17% 拿24h,4244,74,0.93,0.92,-14.1,,3589,76,0.79,0.84,-14.1,,3935,79,0.99,0.93,-14.1,
5分钟 吸收 补仓H(1:1:1:1:1:1:1:1，-1%/-2%/-3%/-4%/-5%/-6%/-7%补) 均价止盈2% 止损离第一笔17% 拿72h,2932,86,0.87,0.89,-14.1,,2642,88,0.84,0.82,-14.1,,2912,90,0.97,0.95,-14.1,
5分钟 吸收 补仓H(1:1:1:1:1:1:1:1，-1%/-2%/-3%/-4%/-5%/-6%/-7%补) 均价止盈3% 止损离第一笔10% 拿24h,3713,68,0.94,0.91,-6.9,,3121,68,0.79,0.84,-6.9,,3372,72,1.01,0.93,-6.9,
5分钟 吸收 补仓H(1:1:1:1:1:1:1:1，-1%/-2%/-3%/-4%/-5%/-6%/-7%补) 均价止盈3% 止损离第一笔10% 拿72h,2364,78,0.93,1.0,-6.9,,2158,77,0.78,0.86,-6.9,,2392,81,0.96,0.96,-6.9,
5分钟 吸收 补仓H(1:1:1:1:1:1:1:1，-1%/-2%/-3%/-4%/-5%/-6%/-7%补) 均价止盈3% 止损离第一笔13% 拿24h,3696,68,0.9,0.91,-10.0,,3099,68,0.79,0.79,-10.0,,3347,72,0.97,0.99,-10.0,
5分钟 吸收 补仓H(1:1:1:1:1:1:1:1，-1%/-2%/-3%/-4%/-5%/-6%/-7%补) 均价止盈3% 止损离第一笔13% 拿72h,2283,79,0.88,0.95,-10.0,,2039,79,0.83,0.81,-10.0,,2268,83,0.95,1.03,-10.0,
5分钟 吸收 补仓H(1:1:1:1:1:1:1:1，-1%/-2%/-3%/-4%/-5%/-6%/-7%补) 均价止盈3% 止损离第一笔17% 拿24h,3688,68,0.91,0.89,-14.1,,3092,68,0.81,0.82,-14.1,,3329,72,0.98,1.0,-14.1,
5分钟 吸收 补仓H(1:1:1:1:1:1:1:1，-1%/-2%/-3%/-4%/-5%/-6%/-7%补) 均价止盈3% 止损离第一笔17% 拿72h,2235,79,0.85,0.87,-14.1,,1978,80,0.8,0.83,-14.1,,2178,83,0.94,1.03,-14.1,
5分钟 吸收 补仓H(1:1:1:1:1:1:1:1，-1%/-2%/-3%/-4%/-5%/-6%/-7%补) 均价止盈5% 止损离第一笔10% 拿24h,3281,63,0.93,0.87,-6.9,,2751,62,0.8,0.79,-6.9,,2868,65,1.0,0.94,-6.9,
5分钟 吸收 补仓H(1:1:1:1:1:1:1:1，-1%/-2%/-3%/-4%/-5%/-6%/-7%补) 均价止盈5% 止损离第一笔10% 拿72h,1752,69,0.95,0.96,-6.9,,1593,67,0.82,0.86,-6.9,,1697,71,1.01,0.98,-6.9,
5分钟 吸收 补仓H(1:1:1:1:1:1:1:1，-1%/-2%/-3%/-4%/-5%/-6%/-7%补) 均价止盈5% 止损离第一笔13% 拿24h,3267,63,0.89,0.98,-10.0,,2734,63,0.79,0.81,-10.0,,2844,65,0.95,1.01,-10.0,
5分钟 吸收 补仓H(1:1:1:1:1:1:1:1，-1%/-2%/-3%/-4%/-5%/-6%/-7%补) 均价止盈5% 止损离第一笔13% 拿72h,1694,70,0.93,0.87,-10.0,,1525,70,0.9,0.84,-10.0,,1618,72,0.96,1.01,-10.0,
5分钟 吸收 补仓H(1:1:1:1:1:1:1:1，-1%/-2%/-3%/-4%/-5%/-6%/-7%补) 均价止盈5% 止损离第一笔17% 拿24h,3259,63,0.9,0.92,-14.1,,2728,63,0.81,0.83,-14.1,,2830,65,0.96,0.89,-14.1,
5分钟 吸收 补仓H(1:1:1:1:1:1:1:1，-1%/-2%/-3%/-4%/-5%/-6%/-7%补) 均价止盈5% 止损离第一笔17% 拿72h,1665,71,0.89,0.92,-14.1,,1493,71,0.88,0.83,-14.1,,1549,73,0.96,0.99,-14.1,
5分钟 吸收 补仓H(1:1:1:1:1:1:1:1，-1%/-2%/-3%/-4%/-5%/-6%/-7%补) 均价止盈8% 止损离第一笔10% 拿24h,3139,61,0.92,0.93,-6.9,,2623,60,0.78,0.82,-6.9,,2674,63,0.97,0.94,-6.9,
5分钟 吸收 补仓H(1:1:1:1:1:1:1:1，-1%/-2%/-3%/-4%/-5%/-6%/-7%补) 均价止盈8% 止损离第一笔10% 拿72h,1464,62,0.88,1.03,-6.9,,1303,61,0.84,0.83,-6.9,,1356,63,0.91,0.94,-6.9,
5分钟 吸收 补仓H(1:1:1:1:1:1:1:1，-1%/-2%/-3%/-4%/-5%/-6%/-7%补) 均价止盈8% 止损离第一笔13% 拿24h,3129,61,0.9,0.9,-10.0,,2608,61,0.78,0.87,-10.0,,2660,63,0.9,0.93,-10.0,
5分钟 吸收 补仓H(1:1:1:1:1:1:1:1，-1%/-2%/-3%/-4%/-5%/-6%/-7%补) 均价止盈8% 止损离第一笔13% 拿72h,1420,64,0.9,0.99,-10.0,,1251,62,0.86,0.82,-10.0,,1304,65,0.89,0.95,-10.0,
5分钟 吸收 补仓H(1:1:1:1:1:1:1:1，-1%/-2%/-3%/-4%/-5%/-6%/-7%补) 均价止盈8% 止损离第一笔17% 拿24h,3121,61,0.9,0.97,-14.1,,2601,61,0.82,0.77,-14.1,,2644,63,0.94,0.94,-14.1,
5分钟 吸收 补仓H(1:1:1:1:1:1:1:1，-1%/-2%/-3%/-4%/-5%/-6%/-7%补) 均价止盈8% 止损离第一笔17% 拿72h,1397,65,0.89,0.89,-14.1,,1229,64,0.87,0.81,-14.1,,1266,65,0.87,0.98,-14.1,
5分钟 吸收 补仓I(1:1:1:2:2:3，-2%/-4%/-6%/-9%/-12%补) 均价止盈1% 止损离第一笔15% 拿24h,5493,83,0.96,0.92,-8.6,,4625,85,0.7,0.71,-8.6,,5295,89,1.04,0.95,-8.6,
5分钟 吸收 补仓I(1:1:1:2:2:3，-2%/-4%/-6%/-9%/-12%补) 均价止盈1% 止损离第一笔15% 拿72h,4434,94,0.88,0.91,-8.6,,3935,95,0.76,0.74,-8.6,,4527,96,1.03,1.09,-8.6,
5分钟 吸收 补仓I(1:1:1:2:2:3，-2%/-4%/-6%/-9%/-12%补) 均价止盈1% 止损离第一笔18% 拿24h,5493,83,0.92,0.9,-11.8,,4622,85,0.71,0.72,-11.8,,5287,89,1.03,0.9,-11.8,
5分钟 吸收 补仓I(1:1:1:2:2:3，-2%/-4%/-6%/-9%/-12%补) 均价止盈1% 止损离第一笔18% 拿72h,4423,94,0.8,0.77,-11.8,,3919,95,0.73,0.71,-11.8,,4489,96,1.03,1.04,-11.8,
5分钟 吸收 补仓I(1:1:1:2:2:3，-2%/-4%/-6%/-9%/-12%补) 均价止盈1% 止损离第一笔22% 拿24h,5492,83,0.88,0.86,-14.0,,4619,85,0.71,0.69,-16.1,,5286,89,0.98,0.87,-16.1,
5分钟 吸收 补仓I(1:1:1:2:2:3，-2%/-4%/-6%/-9%/-12%补) 均价止盈1% 止损离第一笔22% 拿72h,4399,94,0.72,0.9,-14.8,,3905,95,0.67,0.73,-16.1,,4480,97,0.91,0.98,-16.1,
5分钟 吸收 补仓I(1:1:1:2:2:3，-2%/-4%/-6%/-9%/-12%补) 均价止盈2% 止损离第一笔15% 拿24h,4131,70,0.93,0.93,-8.6,,3527,74,0.8,0.82,-8.6,,3841,77,1.05,0.98,-8.6,
5分钟 吸收 补仓I(1:1:1:2:2:3，-2%/-4%/-6%/-9%/-12%补) 均价止盈2% 止损离第一笔15% 拿72h,2843,86,0.85,0.88,-8.6,,2591,88,0.82,0.82,-8.6,,2908,90,0.99,0.91,-8.6,
5分钟 吸收 补仓I(1:1:1:2:2:3，-2%/-4%/-6%/-9%/-12%补) 均价止盈2% 止损离第一笔18% 拿24h,4131,70,0.91,0.88,-11.8,,3523,74,0.8,0.73,-11.8,,3834,77,1.07,0.97,-11.8,
5分钟 吸收 补仓I(1:1:1:2:2:3，-2%/-4%/-6%/-9%/-12%补) 均价止盈2% 止损离第一笔18% 拿72h,2810,86,0.82,0.82,-11.8,,2576,88,0.79,0.78,-11.8,,2860,91,1.08,0.97,-11.8,
5分钟 吸收 补仓I(1:1:1:2:2:3，-2%/-4%/-6%/-9%/-12%补) 均价止盈2% 止损离第一笔22% 拿24h,4130,70,0.91,0.88,-14.0,,3520,74,0.83,0.74,-16.1,,3832,77,1.06,0.9,-16.1,
5分钟 吸收 补仓I(1:1:1:2:2:3，-2%/-4%/-6%/-9%/-12%补) 均价止盈2% 止损离第一笔22% 拿72h,2781,86,0.78,0.87,-16.1,,2552,88,0.77,0.78,-16.1,,2827,91,1.04,0.91,-16.1,
5分钟 吸收 补仓I(1:1:1:2:2:3，-2%/-4%/-6%/-9%/-12%补) 均价止盈3% 止损离第一笔15% 拿24h,3647,65,0.92,0.87,-8.6,,3044,65,0.81,0.77,-8.6,,3288,70,1.0,0.96,-8.6,
5分钟 吸收 补仓I(1:1:1:2:2:3，-2%/-4%/-6%/-9%/-12%补) 均价止盈3% 止损离第一笔15% 拿72h,2208,79,0.9,0.86,-8.6,,1967,80,0.81,0.82,-8.6,,2190,83,0.91,0.96,-8.6,
5分钟 吸收 补仓I(1:1:1:2:2:3，-2%/-4%/-6%/-9%/-12%补) 均价止盈3% 止损离第一笔18% 拿24h,3647,65,0.9,0.9,-11.8,,3038,65,0.81,0.76,-11.8,,3280,70,1.03,0.95,-11.8,
5分钟 吸收 补仓I(1:1:1:2:2:3，-2%/-4%/-6%/-9%/-12%补) 均价止盈3% 止损离第一笔18% 拿72h,2184,79,0.84,0.83,-11.8,,1951,80,0.8,0.77,-11.8,,2148,84,0.97,1.0,-11.8,
5分钟 吸收 补仓I(1:1:1:2:2:3，-2%/-4%/-6%/-9%/-12%补) 均价止盈3% 止损离第一笔22% 拿24h,3647,65,0.91,0.89,-14.0,,3036,66,0.83,0.81,-16.1,,3277,70,1.02,0.94,-16.1,
5分钟 吸收 补仓I(1:1:1:2:2:3，-2%/-4%/-6%/-9%/-12%补) 均价止盈3% 止损离第一笔22% 拿72h,2162,79,0.8,0.82,-16.1,,1935,80,0.78,0.73,-16.1,,2126,84,0.91,0.96,-16.1,
5分钟 吸收 补仓I(1:1:1:2:2:3，-2%/-4%/-6%/-9%/-12%补) 均价止盈5% 止损离第一笔15% 拿24h,3250,59,0.89,0.86,-8.6,,2718,60,0.8,0.77,-8.6,,2825,63,0.96,0.96,-8.6,
5分钟 吸收 补仓I(1:1:1:2:2:3，-2%/-4%/-6%/-9%/-12%补) 均价止盈5% 止损离第一笔15% 拿72h,1660,70,0.91,0.91,-8.6,,1478,71,0.84,0.85,-8.6,,1576,74,1.01,0.95,-8.6,
5分钟 吸收 补仓I(1:1:1:2:2:3，-2%/-4%/-6%/-9%/-12%补) 均价止盈5% 止损离第一笔18% 拿24h,3249,59,0.88,0.93,-11.8,,2715,60,0.81,0.81,-11.8,,2820,63,0.96,1.0,-11.8,
5分钟 吸收 补仓I(1:1:1:2:2:3，-2%/-4%/-6%/-9%/-12%补) 均价止盈5% 止损离第一笔18% 拿72h,1646,70,0.8,0.91,-11.8,,1469,71,0.85,0.74,-11.8,,1547,74,0.99,0.91,-11.8,
5分钟 吸收 补仓I(1:1:1:2:2:3，-2%/-4%/-6%/-9%/-12%补) 均价止盈5% 止损离第一笔22% 拿24h,3249,59,0.88,0.92,-14.0,,2715,60,0.82,0.81,-16.1,,2817,63,0.96,0.97,-16.1,
5分钟 吸收 补仓I(1:1:1:2:2:3，-2%/-4%/-6%/-9%/-12%补) 均价止盈5% 止损离第一笔22% 拿72h,1636,70,0.77,0.88,-16.1,,1464,71,0.85,0.79,-16.1,,1531,75,1.0,1.0,-16.1,
5分钟 吸收 补仓I(1:1:1:2:2:3，-2%/-4%/-6%/-9%/-12%补) 均价止盈8% 止损离第一笔15% 拿24h,3120,59,0.91,0.92,-8.6,,2602,59,0.83,0.84,-8.6,,2651,60,0.9,0.98,-8.6,
5分钟 吸收 补仓I(1:1:1:2:2:3，-2%/-4%/-6%/-9%/-12%补) 均价止盈8% 止损离第一笔15% 拿72h,1405,65,0.92,0.97,-8.6,,1234,65,0.85,0.81,-8.6,,1278,66,0.86,0.96,-8.6,
5分钟 吸收 补仓I(1:1:1:2:2:3，-2%/-4%/-6%/-9%/-12%补) 均价止盈8% 止损离第一笔18% 拿24h,3119,59,0.89,0.95,-11.8,,2599,59,0.84,0.76,-11.8,,2643,60,0.92,0.94,-11.8,
5分钟 吸收 补仓I(1:1:1:2:2:3，-2%/-4%/-6%/-9%/-12%补) 均价止盈8% 止损离第一笔18% 拿72h,1393,65,0.87,0.88,-11.8,,1225,65,0.86,0.7,-11.8,,1260,66,0.87,0.98,-11.8,
5分钟 吸收 补仓I(1:1:1:2:2:3，-2%/-4%/-6%/-9%/-12%补) 均价止盈8% 止损离第一笔22% 拿24h,3119,59,0.88,0.88,-14.0,,2598,59,0.82,0.81,-16.1,,2641,60,0.9,0.96,-14.0,
5分钟 吸收 补仓I(1:1:1:2:2:3，-2%/-4%/-6%/-9%/-12%补) 均价止盈8% 止损离第一笔22% 拿72h,1386,66,0.83,0.89,-16.1,,1219,65,0.81,0.74,-16.1,,1249,67,0.87,1.0,-16.1,
5分钟 被套反向 补仓E(1:1:1:1:1，-2%/-4%/-6%/-8%补) 均价止盈1% 止损离第一笔11% 拿24h,3009,81,0.8,0.88,-7.5,,2448,84,0.7,0.78,-7.5,,2696,87,1.01,0.98,-7.5,
5分钟 被套反向 补仓E(1:1:1:1:1，-2%/-4%/-6%/-8%补) 均价止盈1% 止损离第一笔11% 拿72h,2587,91,0.82,0.96,-7.5,,2194,93,0.88,0.73,-7.5,,2466,95,1.17,0.94,-7.5,✔
5分钟 被套反向 补仓E(1:1:1:1:1，-2%/-4%/-6%/-8%补) 均价止盈1% 止损离第一笔14% 拿24h,3006,81,0.77,0.89,-10.6,,2445,84,0.71,0.7,-10.6,,2691,87,0.98,0.91,-10.6,
5分钟 被套反向 补仓E(1:1:1:1:1，-2%/-4%/-6%/-8%补) 均价止盈1% 止损离第一笔14% 拿72h,2561,92,0.81,0.93,-10.6,,2161,94,0.93,0.85,-10.6,,2449,96,1.1,0.94,-10.6,✔
5分钟 被套反向 补仓E(1:1:1:1:1，-2%/-4%/-6%/-8%补) 均价止盈1% 止损离第一笔18% 拿24h,3005,81,0.77,0.91,-14.7,,2445,84,0.73,0.73,-14.7,,2689,87,0.95,0.92,-14.7,
5分钟 被套反向 补仓E(1:1:1:1:1，-2%/-4%/-6%/-8%补) 均价止盈1% 止损离第一笔18% 拿72h,2542,92,0.79,0.8,-14.7,,2148,94,0.84,0.79,-14.7,,2435,96,1.05,0.93,-14.7,
5分钟 被套反向 补仓E(1:1:1:1:1，-2%/-4%/-6%/-8%补) 均价止盈2% 止损离第一笔11% 拿24h,2544,68,0.88,0.91,-7.5,,2082,70,0.78,0.83,-7.5,,2226,74,0.96,0.98,-7.5,
5分钟 被套反向 补仓E(1:1:1:1:1，-2%/-4%/-6%/-8%补) 均价止盈2% 止损离第一笔11% 拿72h,1950,82,0.89,0.95,-7.5,,1692,84,0.87,0.88,-7.5,,1817,87,1.01,1.06,-7.5,
5分钟 被套反向 补仓E(1:1:1:1:1，-2%/-4%/-6%/-8%补) 均价止盈2% 止损离第一笔14% 拿24h,2539,68,0.85,0.91,-10.6,,2078,71,0.8,0.79,-10.6,,2222,74,0.9,0.96,-10.6,
5分钟 被套反向 补仓E(1:1:1:1:1，-2%/-4%/-6%/-8%补) 均价止盈2% 止损离第一笔14% 拿72h,1906,82,0.82,0.86,-10.6,,1652,85,0.89,0.78,-10.6,,1784,87,0.96,1.05,-10.6,
5分钟 被套反向 补仓E(1:1:1:1:1，-2%/-4%/-6%/-8%补) 均价止盈2% 止损离第一笔18% 拿24h,2539,68,0.84,0.88,-14.7,,2078,71,0.81,0.77,-14.7,,2219,74,0.9,0.91,-14.7,
5分钟 被套反向 补仓E(1:1:1:1:1，-2%/-4%/-6%/-8%补) 均价止盈2% 止损离第一笔18% 拿72h,1881,82,0.79,0.84,-14.7,,1637,85,0.86,0.81,-14.7,,1764,88,0.97,0.92,-14.7,
5分钟 被套反向 补仓E(1:1:1:1:1，-2%/-4%/-6%/-8%补) 均价止盈3% 止损离第一笔11% 拿24h,2343,61,0.88,0.9,-7.5,,1928,64,0.87,0.91,-7.5,,2038,66,0.94,0.94,-7.5,
5分钟 被套反向 补仓E(1:1:1:1:1，-2%/-4%/-6%/-8%补) 均价止盈3% 止损离第一笔11% 拿72h,1611,74,0.91,1.01,-7.5,,1415,76,0.87,0.88,-7.5,,1532,79,0.96,0.92,-7.5,
5分钟 被套反向 补仓E(1:1:1:1:1，-2%/-4%/-6%/-8%补) 均价止盈3% 止损离第一笔14% 拿24h,2338,61,0.86,0.88,-10.6,,1924,65,0.9,0.82,-10.6,,2033,66,0.88,0.91,-10.6,
5分钟 被套反向 补仓E(1:1:1:1:1，-2%/-4%/-6%/-8%补) 均价止盈3% 止损离第一笔14% 拿72h,1572,74,0.86,0.93,-10.6,,1377,77,0.89,0.79,-10.6,,1484,80,0.92,0.95,-10.6,
5分钟 被套反向 补仓E(1:1:1:1:1，-2%/-4%/-6%/-8%补) 均价止盈3% 止损离第一笔18% 拿24h,2338,61,0.86,0.86,-14.7,,1924,65,0.9,0.79,-14.7,,2027,66,0.89,0.91,-14.7,
5分钟 被套反向 补仓E(1:1:1:1:1，-2%/-4%/-6%/-8%补) 均价止盈3% 止损离第一笔18% 拿72h,1558,74,0.83,0.89,-14.7,,1360,77,0.86,0.83,-14.7,,1454,80,0.95,0.91,-14.7,
5分钟 被套反向 补仓E(1:1:1:1:1，-2%/-4%/-6%/-8%补) 均价止盈5% 止损离第一笔11% 拿24h,2190,56,0.84,0.9,-7.5,,1785,58,0.85,0.81,-7.5,,1842,60,0.94,0.91,-7.5,
5分钟 被套反向 补仓E(1:1:1:1:1，-2%/-4%/-6%/-8%补) 均价止盈5% 止损离第一笔11% 拿72h,1307,64,0.84,0.92,-7.5,,1152,66,0.85,0.84,-7.5,,1194,68,0.92,0.9,-7.5,
5分钟 被套反向 补仓E(1:1:1:1:1，-2%/-4%/-6%/-8%补) 均价止盈5% 止损离第一笔14% 拿24h,2187,56,0.83,0.9,-10.6,,1780,58,0.88,0.81,-10.6,,1836,60,0.91,0.93,-10.6,
5分钟 被套反向 补仓E(1:1:1:1:1，-2%/-4%/-6%/-8%补) 均价止盈5% 止损离第一笔14% 拿72h,1287,64,0.8,0.92,-10.6,,1119,66,0.83,0.9,-10.6,,1154,69,0.86,0.97,-10.6,
5分钟 被套反向 补仓E(1:1:1:1:1，-2%/-4%/-6%/-8%补) 均价止盈5% 止损离第一笔18% 拿24h,2187,56,0.83,0.92,-14.7,,1780,58,0.89,0.83,-14.7,,1833,60,0.91,0.92,-14.7,
5分钟 被套反向 补仓E(1:1:1:1:1，-2%/-4%/-6%/-8%补) 均价止盈5% 止损离第一笔18% 拿72h,1272,65,0.76,0.85,-14.7,,1107,67,0.8,0.76,-14.7,,1137,69,0.85,1.02,-14.7,
5分钟 被套反向 补仓E(1:1:1:1:1，-2%/-4%/-6%/-8%补) 均价止盈8% 止损离第一笔11% 拿24h,2143,56,0.85,0.92,-7.5,,1740,56,0.81,0.91,-7.5,,1774,58,0.91,0.96,-7.5,
5分钟 被套反向 补仓E(1:1:1:1:1，-2%/-4%/-6%/-8%补) 均价止盈8% 止损离第一笔11% 拿72h,1155,60,0.83,0.96,-7.5,,1003,61,0.87,0.83,-7.5,,1013,62,0.87,0.97,-7.5,
5分钟 被套反向 补仓E(1:1:1:1:1，-2%/-4%/-6%/-8%补) 均价止盈8% 止损离第一笔14% 拿24h,2140,56,0.84,0.99,-10.6,,1735,56,0.83,0.84,-10.6,,1768,58,0.88,0.99,-10.6,
5分钟 被套反向 补仓E(1:1:1:1:1，-2%/-4%/-6%/-8%补) 均价止盈8% 止损离第一笔14% 拿72h,1138,60,0.81,0.94,-10.6,,979,62,0.88,0.84,-10.6,,986,62,0.79,0.91,-10.6,
5分钟 被套反向 补仓E(1:1:1:1:1，-2%/-4%/-6%/-8%补) 均价止盈8% 止损离第一笔18% 拿24h,2140,56,0.85,0.88,-14.7,,1735,56,0.84,0.85,-14.7,,1764,58,0.88,0.96,-14.7,
5分钟 被套反向 补仓E(1:1:1:1:1，-2%/-4%/-6%/-8%补) 均价止盈8% 止损离第一笔18% 拿72h,1123,60,0.77,0.87,-14.7,,972,62,0.83,0.75,-14.7,,971,63,0.8,0.94,-14.7,
5分钟 被套反向 补仓F(1:1:1:1:1:1，-1.5%/-3%/-4.5%/-6%/-7.5%补) 均价止盈1% 止损离第一笔10% 拿24h,3039,82,0.79,0.91,-7.2,,2482,85,0.73,0.76,-7.2,,2726,89,0.99,0.94,-7.2,
5分钟 被套反向 补仓F(1:1:1:1:1:1，-1.5%/-3%/-4.5%/-6%/-7.5%补) 均价止盈1% 止损离第一笔10% 拿72h,2664,92,0.83,0.93,-7.2,,2249,94,0.86,0.88,-7.2,,2531,96,1.24,1.08,-7.2,✔
5分钟 被套反向 补仓F(1:1:1:1:1:1，-1.5%/-3%/-4.5%/-6%/-7.5%补) 均价止盈1% 止损离第一笔14% 拿24h,3032,82,0.77,0.92,-10.3,,2479,85,0.74,0.72,-10.3,,2721,89,0.98,0.88,-10.3,
5分钟 被套反向 补仓F(1:1:1:1:1:1，-1.5%/-3%/-4.5%/-6%/-7.5%补) 均价止盈1% 止损离第一笔14% 拿72h,2624,92,0.78,0.87,-10.3,,2207,94,0.92,0.77,-10.3,,2508,96,1.11,0.94,-10.3,✔
5分钟 被套反向 补仓F(1:1:1:1:1:1，-1.5%/-3%/-4.5%/-6%/-7.5%补) 均价止盈1% 止损离第一笔18% 拿24h,3031,82,0.76,0.81,-14.4,,2478,85,0.76,0.73,-14.4,,2719,89,0.95,0.93,-14.4,
5分钟 被套反向 补仓F(1:1:1:1:1:1，-1.5%/-3%/-4.5%/-6%/-7.5%补) 均价止盈1% 止损离第一笔18% 拿72h,2608,92,0.77,0.78,-14.4,,2191,94,0.84,0.74,-14.4,,2494,96,1.08,0.95,-14.4,
5分钟 被套反向 补仓F(1:1:1:1:1:1，-1.5%/-3%/-4.5%/-6%/-7.5%补) 均价止盈2% 止损离第一笔10% 拿24h,2558,70,0.84,0.94,-7.2,,2091,73,0.79,0.88,-7.2,,2250,76,0.95,0.93,-7.2,
5分钟 被套反向 补仓F(1:1:1:1:1:1，-1.5%/-3%/-4.5%/-6%/-7.5%补) 均价止盈2% 止损离第一笔10% 拿72h,1981,83,0.86,0.92,-7.2,,1719,85,0.89,0.92,-7.2,,1866,87,1.0,1.06,-7.2,
5分钟 被套反向 补仓F(1:1:1:1:1:1，-1.5%/-3%/-4.5%/-6%/-7.5%补) 均价止盈2% 止损离第一笔14% 拿24h,2550,70,0.84,0.88,-10.3,,2085,73,0.8,0.78,-10.3,,2240,76,0.9,0.96,-10.3,
5分钟 被套反向 补仓F(1:1:1:1:1:1，-1.5%/-3%/-4.5%/-6%/-7.5%补) 均价止盈2% 止损离第一笔14% 拿72h,1935,83,0.83,0.86,-10.3,,1670,85,0.92,0.9,-10.3,,1827,88,0.92,0.93,-10.3,
5分钟 被套反向 补仓F(1:1:1:1:1:1，-1.5%/-3%/-4.5%/-6%/-7.5%补) 均价止盈2% 止损离第一笔18% 拿24h,2550,70,0.82,0.88,-14.4,,2085,73,0.81,0.8,-14.4,,2237,76,0.88,0.93,-14.4,
5分钟 被套反向 补仓F(1:1:1:1:1:1，-1.5%/-3%/-4.5%/-6%/-7.5%补) 均价止盈2% 止损离第一笔18% 拿72h,1908,84,0.79,0.85,-14.4,,1653,85,0.91,0.82,-14.4,,1805,88,0.92,0.93,-14.4,
5分钟 被套反向 补仓F(1:1:1:1:1:1，-1.5%/-3%/-4.5%/-6%/-7.5%补) 均价止盈3% 止损离第一笔10% 拿24h,2357,63,0.89,0.92,-7.2,,1940,66,0.9,0.87,-7.2,,2049,68,0.94,0.96,-7.2,
5分钟 被套反向 补仓F(1:1:1:1:1:1，-1.5%/-3%/-4.5%/-6%/-7.5%补) 均价止盈3% 止损离第一笔10% 拿72h,1638,76,0.96,0.96,-7.2,,1442,77,0.93,0.84,-7.2,,1553,79,0.92,1.0,-7.2,
5分钟 被套反向 补仓F(1:1:1:1:1:1，-1.5%/-3%/-4.5%/-6%/-7.5%补) 均价止盈3% 止损离第一笔14% 拿24h,2352,63,0.87,0.92,-10.3,,1935,66,0.91,0.84,-10.3,,2039,68,0.89,0.96,-10.3,
5分钟 被套反向 补仓F(1:1:1:1:1:1，-1.5%/-3%/-4.5%/-6%/-7.5%补) 均价止盈3% 止损离第一笔14% 拿72h,1602,76,0.89,0.89,-10.3,,1400,78,0.92,0.82,-10.3,,1501,80,0.89,0.88,-10.3,
5分钟 被套反向 补仓F(1:1:1:1:1:1，-1.5%/-3%/-4.5%/-6%/-7.5%补) 均价止盈3% 止损离第一笔18% 拿24h,2352,63,0.87,0.92,-14.4,,1935,66,0.9,0.81,-14.4,,2035,68,0.88,0.92,-14.4,
5分钟 被套反向 补仓F(1:1:1:1:1:1，-1.5%/-3%/-4.5%/-6%/-7.5%补) 均价止盈3% 止损离第一笔18% 拿72h,1588,76,0.83,0.92,-14.4,,1387,78,0.89,0.84,-14.4,,1473,81,0.9,1.02,-14.4,
5分钟 被套反向 补仓F(1:1:1:1:1:1，-1.5%/-3%/-4.5%/-6%/-7.5%补) 均价止盈5% 止损离第一笔10% 拿24h,2197,58,0.86,0.99,-7.2,,1785,60,0.88,0.9,-7.2,,1847,62,0.92,0.94,-7.2,
5分钟 被套反向 补仓F(1:1:1:1:1:1，-1.5%/-3%/-4.5%/-6%/-7.5%补) 均价止盈5% 止损离第一笔10% 拿72h,1319,65,0.88,0.91,-7.2,,1166,66,0.87,0.88,-7.2,,1207,69,0.93,0.97,-7.2,
5分钟 被套反向 补仓F(1:1:1:1:1:1，-1.5%/-3%/-4.5%/-6%/-7.5%补) 均价止盈5% 止损离第一笔14% 拿24h,2192,58,0.86,0.85,-10.3,,1779,60,0.9,0.83,-10.3,,1837,62,0.92,0.99,-10.3,
5分钟 被套反向 补仓F(1:1:1:1:1:1，-1.5%/-3%/-4.5%/-6%/-7.5%补) 均价止盈5% 止损离第一笔14% 拿72h,1290,65,0.85,0.94,-10.3,,1133,67,0.85,0.84,-10.3,,1165,69,0.87,0.98,-10.3,
5分钟 被套反向 补仓F(1:1:1:1:1:1，-1.5%/-3%/-4.5%/-6%/-7.5%补) 均价止盈5% 止损离第一笔18% 拿24h,2192,58,0.86,0.83,-14.4,,1779,60,0.9,0.84,-14.4,,1833,63,0.92,0.95,-14.4,
5分钟 被套反向 补仓F(1:1:1:1:1:1，-1.5%/-3%/-4.5%/-6%/-7.5%补) 均价止盈5% 止损离第一笔18% 拿72h,1278,65,0.82,0.91,-14.4,,1120,68,0.82,0.84,-14.4,,1145,70,0.88,1.08,-14.4,
5分钟 被套反向 补仓F(1:1:1:1:1:1，-1.5%/-3%/-4.5%/-6%/-7.5%补) 均价止盈8% 止损离第一笔10% 拿24h,2145,58,0.87,0.99,-7.2,,1742,58,0.83,0.85,-7.2,,1778,61,0.9,0.99,-7.2,
5分钟 被套反向 补仓F(1:1:1:1:1:1，-1.5%/-3%/-4.5%/-6%/-7.5%补) 均价止盈8% 止损离第一笔10% 拿72h,1166,60,0.83,1.0,-7.2,,1011,62,0.88,0.89,-7.2,,1023,62,0.89,0.91,-7.2,
5分钟 被套反向 补仓F(1:1:1:1:1:1，-1.5%/-3%/-4.5%/-6%/-7.5%补) 均价止盈8% 止损离第一笔14% 拿24h,2141,58,0.86,0.86,-10.3,,1736,58,0.84,0.8,-10.3,,1771,61,0.9,0.97,-10.3,
5分钟 被套反向 补仓F(1:1:1:1:1:1，-1.5%/-3%/-4.5%/-6%/-7.5%补) 均价止盈8% 止损离第一笔14% 拿72h,1145,61,0.85,0.89,-10.3,,982,63,0.87,0.89,-10.3,,993,63,0.82,0.9,-10.3,
5分钟 被套反向 补仓F(1:1:1:1:1:1，-1.5%/-3%/-4.5%/-6%/-7.5%补) 均价止盈8% 止损离第一笔18% 拿24h,2141,58,0.87,0.89,-14.4,,1736,58,0.84,0.85,-14.4,,1766,61,0.9,1.0,-14.4,
5分钟 被套反向 补仓F(1:1:1:1:1:1，-1.5%/-3%/-4.5%/-6%/-7.5%补) 均价止盈8% 止损离第一笔18% 拿72h,1128,61,0.8,0.93,-14.4,,973,62,0.82,0.75,-14.4,,975,63,0.84,0.94,-14.4,
5分钟 被套反向 补仓G(1:1:2:2:4，-2%/-4%/-6%/-8%补) 均价止盈1% 止损离第一笔11% 拿24h,3023,82,0.87,0.84,-6.1,,2456,85,0.67,0.73,-6.1,,2714,89,1.18,1.08,-6.1,
5分钟 被套反向 补仓G(1:1:2:2:4，-2%/-4%/-6%/-8%补) 均价止盈1% 止损离第一笔11% 拿72h,2647,93,0.88,0.92,-6.1,,2233,94,0.81,0.75,-6.1,,2533,97,1.17,1.05,-6.1,✔
5分钟 被套反向 补仓G(1:1:2:2:4，-2%/-4%/-6%/-8%补) 均价止盈1% 止损离第一笔14% 拿24h,3020,82,0.82,0.98,-9.3,,2453,85,0.68,0.72,-9.3,,2711,89,1.1,1.01,-9.3,
5分钟 被套反向 补仓G(1:1:2:2:4，-2%/-4%/-6%/-8%补) 均价止盈1% 止损离第一笔14% 拿72h,2628,94,0.86,0.91,-9.3,,2202,95,0.88,0.87,-9.3,,2510,97,1.11,0.95,-9.3,
5分钟 被套反向 补仓G(1:1:2:2:4，-2%/-4%/-6%/-8%补) 均价止盈1% 止损离第一笔18% 拿24h,3019,82,0.85,0.94,-12.1,,2453,85,0.72,0.79,-13.5,,2709,89,1.07,1.03,-13.5,
5分钟 被套反向 补仓G(1:1:2:2:4，-2%/-4%/-6%/-8%补) 均价止盈1% 止损离第一笔18% 拿72h,2612,94,0.87,0.9,-13.5,,2190,95,0.79,0.76,-13.5,,2499,97,1.09,0.86,-13.5,
5分钟 被套反向 补仓G(1:1:2:2:4，-2%/-4%/-6%/-8%补) 均价止盈2% 止损离第一笔11% 拿24h,2557,69,0.91,0.91,-6.1,,2089,72,0.76,0.83,-6.1,,2241,77,1.11,0.95,-6.1,✔
5分钟 被套反向 补仓G(1:1:2:2:4，-2%/-4%/-6%/-8%补) 均价止盈2% 止损离第一笔11% 拿72h,1988,84,0.87,0.95,-6.1,,1741,87,0.89,0.82,-6.1,,1871,90,1.15,0.95,-6.1,✔
5分钟 被套反向 补仓G(1:1:2:2:4，-2%/-4%/-6%/-8%补) 均价止盈2% 止损离第一笔14% 拿24h,2552,69,0.89,0.96,-9.3,,2085,72,0.78,0.84,-9.3,,2237,77,1.03,0.97,-9.3,
5分钟 被套反向 补仓G(1:1:2:2:4，-2%/-4%/-6%/-8%补) 均价止盈2% 止损离第一笔14% 拿72h,1947,85,0.83,0.97,-9.3,,1701,88,0.93,0.95,-9.3,,1841,90,1.11,1.0,-9.3,✔
5分钟 被套反向 补仓G(1:1:2:2:4，-2%/-4%/-6%/-8%补) 均价止盈2% 止损离第一笔18% 拿24h,2552,69,0.87,0.96,-13.5,,2085,72,0.79,0.72,-13.5,,2234,77,1.05,0.97,-13.5,
5分钟 被套反向 补仓G(1:1:2:2:4，-2%/-4%/-6%/-8%补) 均价止盈2% 止损离第一笔18% 拿72h,1926,85,0.77,0.88,-13.5,,1686,88,0.86,0.84,-13.5,,1824,91,1.14,0.93,-13.5,✔
5分钟 被套反向 补仓G(1:1:2:2:4，-2%/-4%/-6%/-8%补) 均价止盈3% 止损离第一笔11% 拿24h,2351,62,0.87,0.88,-6.1,,1931,66,0.87,0.83,-6.1,,2046,69,0.94,0.97,-6.1,
5分钟 被套反向 补仓G(1:1:2:2:4，-2%/-4%/-6%/-8%补) 均价止盈3% 止损离第一笔11% 拿72h,1636,77,0.94,0.9,-6.1,,1445,81,0.97,0.88,-6.1,,1573,83,0.98,1.01,-6.1,
5分钟 被套反向 补仓G(1:1:2:2:4，-2%/-4%/-6%/-8%补) 均价止盈3% 止损离第一笔14% 拿24h,2348,62,0.85,0.88,-9.3,,1927,66,0.9,0.84,-9.3,,2041,69,0.88,0.94,-9.3,
5分钟 被套反向 补仓G(1:1:2:2:4，-2%/-4%/-6%/-8%补) 均价止盈3% 止损离第一笔14% 拿72h,1597,77,0.86,0.86,-9.3,,1409,82,1.04,0.8,-9.3,,1537,84,0.95,0.94,-9.3,
5分钟 被套反向 补仓G(1:1:2:2:4，-2%/-4%/-6%/-8%补) 均价止盈3% 止损离第一笔18% 拿24h,2348,62,0.84,0.92,-13.5,,1927,66,0.92,0.77,-13.5,,2036,69,0.88,1.01,-13.5,
5分钟 被套反向 补仓G(1:1:2:2:4，-2%/-4%/-6%/-8%补) 均价止盈3% 止损离第一笔18% 拿72h,1578,77,0.81,0.9,-13.5,,1395,82,0.99,0.86,-13.5,,1508,85,0.99,0.95,-13.5,
5分钟 被套反向 补仓G(1:1:2:2:4，-2%/-4%/-6%/-8%补) 均价止盈5% 止损离第一笔11% 拿24h,2192,58,0.81,0.92,-6.1,,1787,59,0.86,0.84,-6.1,,1842,63,0.94,1.0,-6.1,
5分钟 被套反向 补仓G(1:1:2:2:4，-2%/-4%/-6%/-8%补) 均价止盈5% 止损离第一笔11% 拿72h,1324,67,0.84,0.92,-6.1,,1165,71,0.96,0.91,-6.1,,1206,71,0.88,0.97,-6.1,
5分钟 被套反向 补仓G(1:1:2:2:4，-2%/-4%/-6%/-8%补) 均价止盈5% 止损离第一笔14% 拿24h,2189,58,0.78,0.87,-9.3,,1782,60,0.89,0.88,-9.3,,1836,63,0.9,0.99,-9.3,
5分钟 被套反向 补仓G(1:1:2:2:4，-2%/-4%/-6%/-8%补) 均价止盈5% 止损离第一笔14% 拿72h,1303,68,0.8,0.94,-9.3,,1138,72,0.96,0.87,-9.3,,1165,72,0.8,1.03,-9.3,
5分钟 被套反向 补仓G(1:1:2:2:4，-2%/-4%/-6%/-8%补) 均价止盈5% 止损离第一笔18% 拿24h,2189,58,0.8,0.87,-13.5,,1782,60,0.91,0.87,-13.5,,1833,63,0.91,0.97,-13.5,
5分钟 被套反向 补仓G(1:1:2:2:4，-2%/-4%/-6%/-8%补) 均价止盈5% 止损离第一笔18% 拿72h,1290,68,0.75,0.88,-13.5,,1124,72,0.91,0.8,-13.5,,1150,73,0.82,0.96,-13.5,
5分钟 被套反向 补仓G(1:1:2:2:4，-2%/-4%/-6%/-8%补) 均价止盈8% 止损离第一笔11% 拿24h,2144,57,0.84,0.9,-6.1,,1740,58,0.83,0.84,-6.1,,1774,61,0.94,1.01,-6.1,
5分钟 被套反向 补仓G(1:1:2:2:4，-2%/-4%/-6%/-8%补) 均价止盈8% 止损离第一笔11% 拿72h,1160,62,0.77,0.91,-6.1,,1007,65,0.89,0.84,-6.1,,1018,65,0.85,0.87,-6.1,
5分钟 被套反向 补仓G(1:1:2:2:4，-2%/-4%/-6%/-8%补) 均价止盈8% 止损离第一笔14% 拿24h,2141,57,0.82,0.86,-9.3,,1735,58,0.85,0.87,-9.3,,1768,61,0.9,0.99,-9.3,
5分钟 被套反向 补仓G(1:1:2:2:4，-2%/-4%/-6%/-8%补) 均价止盈8% 止损离第一笔14% 拿72h,1142,63,0.75,0.88,-9.3,,984,66,0.89,0.82,-9.3,,989,66,0.78,1.0,-9.3,
5分钟 被套反向 补仓G(1:1:2:2:4，-2%/-4%/-6%/-8%补) 均价止盈8% 止损离第一笔18% 拿24h,2141,57,0.83,0.93,-13.5,,1735,58,0.87,0.88,-13.5,,1764,61,0.9,0.95,-13.5,
5分钟 被套反向 补仓G(1:1:2:2:4，-2%/-4%/-6%/-8%补) 均价止盈8% 止损离第一笔18% 拿72h,1127,63,0.7,0.87,-13.5,,975,66,0.84,0.89,-13.5,,977,67,0.8,1.0,-13.5,
5分钟 被套反向 补仓H(1:1:1:1:1:1:1:1，-1%/-2%/-3%/-4%/-5%/-6%/-7%补) 均价止盈1% 止损离第一笔10% 拿24h,3100,85,0.82,0.83,-6.9,,2512,86,0.67,0.83,-6.9,,2762,90,0.95,0.91,-6.9,
5分钟 被套反向 补仓H(1:1:1:1:1:1:1:1，-1%/-2%/-3%/-4%/-5%/-6%/-7%补) 均价止盈1% 止损离第一笔10% 拿72h,2760,93,0.92,0.89,-6.9,,2310,94,0.81,0.85,-6.9,,2590,96,1.1,0.98,-6.9,✔
5分钟 被套反向 补仓H(1:1:1:1:1:1:1:1，-1%/-2%/-3%/-4%/-5%/-6%/-7%补) 均价止盈1% 止损离第一笔13% 拿24h,3092,85,0.82,0.88,-10.0,,2506,87,0.68,0.85,-10.0,,2756,90,0.96,0.95,-10.0,
5分钟 被套反向 补仓H(1:1:1:1:1:1:1:1，-1%/-2%/-3%/-4%/-5%/-6%/-7%补) 均价止盈1% 止损离第一笔13% 拿72h,2719,93,0.85,0.96,-10.0,,2265,95,0.95,0.84,-10.0,,2564,96,1.1,0.98,-10.0,
5分钟 被套反向 补仓H(1:1:1:1:1:1:1:1，-1%/-2%/-3%/-4%/-5%/-6%/-7%补) 均价止盈1% 止损离第一笔17% 拿24h,3091,85,0.79,0.88,-14.1,,2505,87,0.73,0.71,-14.1,,2754,90,0.93,0.9,-14.1,
5分钟 被套反向 补仓H(1:1:1:1:1:1:1:1，-1%/-2%/-3%/-4%/-5%/-6%/-7%补) 均价止盈1% 止损离第一笔17% 拿72h,2701,93,0.8,0.91,-14.1,,2246,95,0.89,0.83,-14.1,,2546,96,1.04,1.0,-14.1,
5分钟 被套反向 补仓H(1:1:1:1:1:1:1:1，-1%/-2%/-3%/-4%/-5%/-6%/-7%补) 均价止盈2% 止损离第一笔10% 拿24h,2577,72,0.86,0.87,-6.9,,2112,74,0.79,0.82,-6.9,,2270,78,0.95,1.02,-6.9,
5分钟 被套反向 补仓H(1:1:1:1:1:1:1:1，-1%/-2%/-3%/-4%/-5%/-6%/-7%补) 均价止盈2% 止损离第一笔10% 拿72h,2039,84,0.87,1.03,-6.9,,1783,85,0.84,0.87,-6.9,,1909,88,1.0,0.95,-6.9,
5分钟 被套反向 补仓H(1:1:1:1:1:1:1:1，-1%/-2%/-3%/-4%/-5%/-6%/-7%补) 均价止盈2% 止损离第一笔13% 拿24h,2569,72,0.85,0.91,-10.0,,2102,75,0.78,0.79,-10.0,,2259,78,0.92,0.96,-10.0,
5分钟 被套反向 补仓H(1:1:1:1:1:1:1:1，-1%/-2%/-3%/-4%/-5%/-6%/-7%补) 均价止盈2% 止损离第一笔13% 拿72h,1995,84,0.82,0.84,-10.0,,1718,86,0.9,0.88,-10.0,,1861,89,0.97,0.98,-10.0,
5分钟 被套反向 补仓H(1:1:1:1:1:1:1:1，-1%/-2%/-3%/-4%/-5%/-6%/-7%补) 均价止盈2% 止损离第一笔17% 拿24h,2568,72,0.81,0.81,-14.1,,2102,75,0.81,0.73,-14.1,,2256,78,0.92,0.94,-14.1,
5分钟 被套反向 补仓H(1:1:1:1:1:1:1:1，-1%/-2%/-3%/-4%/-5%/-6%/-7%补) 均价止盈2% 止损离第一笔17% 拿72h,1968,84,0.77,0.92,-14.1,,1692,86,0.88,0.85,-14.1,,1837,89,0.98,0.9,-14.1,
5分钟 被套反向 补仓H(1:1:1:1:1:1:1:1，-1%/-2%/-3%/-4%/-5%/-6%/-7%补) 均价止盈3% 止损离第一笔10% 拿24h,2370,66,0.89,0.86,-6.9,,1953,68,0.88,0.91,-6.9,,2065,70,0.92,1.01,-6.9,
5分钟 被套反向 补仓H(1:1:1:1:1:1:1:1，-1%/-2%/-3%/-4%/-5%/-6%/-7%补) 均价止盈3% 止损离第一笔10% 拿72h,1674,77,1.01,0.96,-6.9,,1478,78,0.9,0.91,-6.9,,1589,79,0.89,1.01,-6.9,
5分钟 被套反向 补仓H(1:1:1:1:1:1:1:1，-1%/-2%/-3%/-4%/-5%/-6%/-7%补) 均价止盈3% 止损离第一笔13% 拿24h,2364,66,0.88,0.97,-10.0,,1946,68,0.88,0.86,-10.0,,2054,70,0.88,0.95,-10.0,
5分钟 被套反向 补仓H(1:1:1:1:1:1:1:1，-1%/-2%/-3%/-4%/-5%/-6%/-7%补) 均价止盈3% 止损离第一笔13% 拿72h,1634,77,0.95,0.91,-10.0,,1427,79,0.93,0.89,-10.0,,1531,80,0.84,0.92,-10.0,
5分钟 被套反向 补仓H(1:1:1:1:1:1:1:1，-1%/-2%/-3%/-4%/-5%/-6%/-7%补) 均价止盈3% 止损离第一笔17% 拿24h,2363,66,0.86,0.88,-14.1,,1946,68,0.9,0.82,-14.1,,2051,71,0.87,0.9,-14.1,
5分钟 被套反向 补仓H(1:1:1:1:1:1:1:1，-1%/-2%/-3%/-4%/-5%/-6%/-7%补) 均价止盈3% 止损离第一笔17% 拿72h,1613,78,0.88,0.78,-14.1,,1400,79,0.89,0.85,-14.1,,1494,81,0.87,0.98,-14.1,
5分钟 被套反向 补仓H(1:1:1:1:1:1:1:1，-1%/-2%/-3%/-4%/-5%/-6%/-7%补) 均价止盈5% 止损离第一笔10% 拿24h,2206,61,0.88,0.98,-6.9,,1789,61,0.86,0.87,-6.9,,1859,64,0.93,0.93,-6.9,
5分钟 被套反向 补仓H(1:1:1:1:1:1:1:1，-1%/-2%/-3%/-4%/-5%/-6%/-7%补) 均价止盈5% 止损离第一笔10% 拿72h,1342,66,0.9,0.93,-6.9,,1190,66,0.84,0.86,-6.9,,1230,69,0.94,1.0,-6.9,
5分钟 被套反向 补仓H(1:1:1:1:1:1:1:1，-1%/-2%/-3%/-4%/-5%/-6%/-7%补) 均价止盈5% 止损离第一笔13% 拿24h,2198,61,0.88,0.92,-10.0,,1782,62,0.9,0.85,-10.0,,1846,65,0.91,1.04,-10.0,
5分钟 被套反向 补仓H(1:1:1:1:1:1:1:1，-1%/-2%/-3%/-4%/-5%/-6%/-7%补) 均价止盈5% 止损离第一笔13% 拿72h,1308,67,0.87,0.9,-10.0,,1146,68,0.88,0.82,-10.0,,1181,71,0.88,0.94,-10.0,
5分钟 被套反向 补仓H(1:1:1:1:1:1:1:1，-1%/-2%/-3%/-4%/-5%/-6%/-7%补) 均价止盈5% 止损离第一笔17% 拿24h,2197,61,0.87,0.87,-14.1,,1782,62,0.91,0.83,-14.1,,1843,65,0.92,0.94,-14.1,
5分钟 被套反向 补仓H(1:1:1:1:1:1:1:1，-1%/-2%/-3%/-4%/-5%/-6%/-7%补) 均价止盈5% 止损离第一笔17% 拿72h,1295,67,0.83,0.89,-14.1,,1125,68,0.84,0.8,-14.1,,1154,71,0.89,0.96,-14.1,
5分钟 被套反向 补仓H(1:1:1:1:1:1:1:1，-1%/-2%/-3%/-4%/-5%/-6%/-7%补) 均价止盈8% 止损离第一笔10% 拿24h,2148,60,0.86,0.95,-6.9,,1745,60,0.83,0.88,-6.9,,1781,63,0.91,0.99,-6.9,
5分钟 被套反向 补仓H(1:1:1:1:1:1:1:1，-1%/-2%/-3%/-4%/-5%/-6%/-7%补) 均价止盈8% 止损离第一笔10% 拿72h,1173,61,0.82,0.95,-6.9,,1019,62,0.89,0.78,-6.9,,1031,63,0.89,0.89,-6.9,
5分钟 被套反向 补仓H(1:1:1:1:1:1:1:1，-1%/-2%/-3%/-4%/-5%/-6%/-7%补) 均价止盈8% 止损离第一笔13% 拿24h,2142,60,0.86,0.95,-10.0,,1738,60,0.86,0.82,-10.0,,1770,63,0.9,0.88,-10.0,
5分钟 被套反向 补仓H(1:1:1:1:1:1:1:1，-1%/-2%/-3%/-4%/-5%/-6%/-7%补) 均价止盈8% 止损离第一笔13% 拿72h,1151,63,0.82,0.89,-10.0,,986,63,0.92,0.84,-10.0,,996,65,0.83,1.0,-10.0,
5分钟 被套反向 补仓H(1:1:1:1:1:1:1:1，-1%/-2%/-3%/-4%/-5%/-6%/-7%补) 均价止盈8% 止损离第一笔17% 拿24h,2141,60,0.85,0.94,-14.1,,1738,60,0.87,0.87,-14.1,,1766,63,0.9,0.95,-14.1,
5分钟 被套反向 补仓H(1:1:1:1:1:1:1:1，-1%/-2%/-3%/-4%/-5%/-6%/-7%补) 均价止盈8% 止损离第一笔17% 拿72h,1133,62,0.76,0.92,-14.1,,976,63,0.84,0.84,-14.1,,973,64,0.83,0.92,-14.1,
5分钟 被套反向 补仓I(1:1:1:2:2:3，-2%/-4%/-6%/-9%/-12%补) 均价止盈1% 止损离第一笔15% 拿24h,3012,81,0.77,0.85,-8.6,,2448,84,0.71,0.76,-8.6,,2697,88,1.03,0.87,-8.6,
5分钟 被套反向 补仓I(1:1:1:2:2:3，-2%/-4%/-6%/-9%/-12%补) 均价止盈1% 止损离第一笔15% 拿72h,2592,93,0.84,0.85,-8.6,,2182,94,0.85,0.78,-8.6,,2476,96,1.14,1.04,-8.6,
5分钟 被套反向 补仓I(1:1:1:2:2:3，-2%/-4%/-6%/-9%/-12%补) 均价止盈1% 止损离第一笔18% 拿24h,3012,81,0.79,0.86,-10.2,,2448,84,0.74,0.72,-11.8,,2695,88,1.01,0.91,-11.8,
5分钟 被套反向 补仓I(1:1:1:2:2:3，-2%/-4%/-6%/-9%/-12%补) 均价止盈1% 止损离第一笔18% 拿72h,2584,93,0.85,0.84,-11.8,,2173,94,0.78,0.73,-11.8,,2470,97,1.13,1.01,-11.8,✔
5分钟 被套反向 补仓I(1:1:1:2:2:3，-2%/-4%/-6%/-9%/-12%补) 均价止盈1% 止损离第一笔22% 拿24h,3012,81,0.79,0.87,-14.0,,2448,84,0.79,0.73,-14.0,,2695,88,0.97,0.89,-16.1,
5分钟 被套反向 补仓I(1:1:1:2:2:3，-2%/-4%/-6%/-9%/-12%补) 均价止盈1% 止损离第一笔22% 拿72h,2578,93,0.8,0.79,-14.0,,2166,95,0.8,0.83,-16.1,,2463,97,1.03,0.84,-16.1,
5分钟 被套反向 补仓I(1:1:1:2:2:3，-2%/-4%/-6%/-9%/-12%补) 均价止盈2% 止损离第一笔15% 拿24h,2545,68,0.83,0.88,-8.6,,2078,71,0.77,0.79,-8.6,,2223,75,0.87,0.97,-8.6,
5分钟 被套反向 补仓I(1:1:1:2:2:3，-2%/-4%/-6%/-9%/-12%补) 均价止盈2% 止损离第一笔15% 拿72h,1924,84,0.79,0.89,-8.6,,1670,86,0.86,0.78,-8.6,,1806,90,1.06,0.88,-8.6,
5分钟 被套反向 补仓I(1:1:1:2:2:3，-2%/-4%/-6%/-9%/-12%补) 均价止盈2% 止损离第一笔18% 拿24h,2545,68,0.83,0.83,-11.8,,2078,71,0.78,0.78,-11.8,,2220,75,0.91,0.88,-11.8,
5分钟 被套反向 补仓I(1:1:1:2:2:3，-2%/-4%/-6%/-9%/-12%补) 均价止盈2% 止损离第一笔18% 拿72h,1910,84,0.75,0.83,-11.8,,1659,86,0.82,0.89,-11.8,,1797,90,1.13,0.99,-11.8,✔
5分钟 被套反向 补仓I(1:1:1:2:2:3，-2%/-4%/-6%/-9%/-12%补) 均价止盈2% 止损离第一笔22% 拿24h,2545,68,0.86,0.85,-14.0,,2078,71,0.81,0.79,-16.1,,2220,75,0.86,0.94,-16.1,
5分钟 被套反向 补仓I(1:1:1:2:2:3，-2%/-4%/-6%/-9%/-12%补) 均价止盈2% 止损离第一笔22% 拿72h,1902,84,0.72,0.98,-16.1,,1651,86,0.88,0.74,-16.1,,1788,90,1.01,0.89,-16.1,
5分钟 被套反向 补仓I(1:1:1:2:2:3，-2%/-4%/-6%/-9%/-12%补) 均价止盈3% 止损离第一笔15% 拿24h,2339,62,0.85,0.92,-8.6,,1924,65,0.89,0.76,-8.6,,2034,67,0.83,1.01,-8.6,
5分钟 被套反向 补仓I(1:1:1:2:2:3，-2%/-4%/-6%/-9%/-12%补) 均价止盈3% 止损离第一笔15% 拿72h,1575,75,0.82,0.93,-8.6,,1393,80,0.91,0.77,-8.6,,1491,82,0.85,0.91,-8.6,
5分钟 被套反向 补仓I(1:1:1:2:2:3，-2%/-4%/-6%/-9%/-12%补) 均价止盈3% 止损离第一笔18% 拿24h,2339,62,0.84,0.91,-11.8,,1924,65,0.9,0.81,-11.8,,2030,67,0.84,0.94,-11.8,
5分钟 被套反向 补仓I(1:1:1:2:2:3，-2%/-4%/-6%/-9%/-12%补) 均价止盈3% 止损离第一笔18% 拿72h,1568,76,0.78,0.83,-11.8,,1382,80,0.89,0.79,-11.8,,1477,83,0.96,0.88,-11.8,
5分钟 被套反向 补仓I(1:1:1:2:2:3，-2%/-4%/-6%/-9%/-12%补) 均价止盈3% 止损离第一笔22% 拿24h,2339,62,0.86,0.86,-14.0,,1924,65,0.95,0.77,-16.1,,2030,67,0.77,0.91,-16.1,
5分钟 被套反向 补仓I(1:1:1:2:2:3，-2%/-4%/-6%/-9%/-12%补) 均价止盈3% 止损离第一笔22% 拿72h,1563,76,0.72,0.91,-16.1,,1372,80,0.98,0.81,-16.1,,1466,83,0.85,0.93,-16.1,
5分钟 被套反向 补仓I(1:1:1:2:2:3，-2%/-4%/-6%/-9%/-12%补) 均价止盈5% 止损离第一笔15% 拿24h,2187,57,0.82,0.9,-8.6,,1781,59,0.9,0.84,-8.6,,1836,61,0.87,0.97,-8.6,
5分钟 被套反向 补仓I(1:1:1:2:2:3，-2%/-4%/-6%/-9%/-12%补) 均价止盈5% 止损离第一笔15% 拿72h,1283,66,0.76,0.89,-8.6,,1126,69,0.85,0.77,-8.6,,1151,71,0.85,0.92,-8.6,
5分钟 被套反向 补仓I(1:1:1:2:2:3，-2%/-4%/-6%/-9%/-12%补) 均价止盈5% 止损离第一笔18% 拿24h,2187,57,0.81,0.94,-11.8,,1781,59,0.91,0.83,-11.8,,1833,61,0.89,0.95,-11.8,
5分钟 被套反向 补仓I(1:1:1:2:2:3，-2%/-4%/-6%/-9%/-12%补) 均价止盈5% 止损离第一笔18% 拿72h,1276,67,0.72,0.81,-11.8,,1116,69,0.81,0.79,-11.8,,1144,72,0.87,0.96,-11.8,
5分钟 被套反向 补仓I(1:1:1:2:2:3，-2%/-4%/-6%/-9%/-12%补) 均价止盈5% 止损离第一笔22% 拿24h,2187,57,0.84,0.97,-14.0,,1781,59,0.96,0.76,-16.1,,1833,61,0.84,0.92,-16.1,
5分钟 被套反向 补仓I(1:1:1:2:2:3，-2%/-4%/-6%/-9%/-12%补) 均价止盈5% 止损离第一笔22% 拿72h,1269,67,0.66,0.82,-16.1,,1106,70,0.91,0.82,-16.1,,1139,72,0.83,0.89,-16.1,
5分钟 被套反向 补仓I(1:1:1:2:2:3，-2%/-4%/-6%/-9%/-12%补) 均价止盈8% 止损离第一笔15% 拿24h,2140,56,0.86,0.89,-8.6,,1735,57,0.83,0.95,-8.6,,1768,59,0.84,0.91,-8.6,
5分钟 被套反向 补仓I(1:1:1:2:2:3，-2%/-4%/-6%/-9%/-12%补) 均价止盈8% 止损离第一笔15% 拿72h,1135,61,0.73,0.84,-8.6,,978,64,0.83,0.82,-8.6,,981,64,0.8,0.96,-8.6,
5分钟 被套反向 补仓I(1:1:1:2:2:3，-2%/-4%/-6%/-9%/-12%补) 均价止盈8% 止损离第一笔18% 拿24h,2140,56,0.85,0.85,-11.8,,1735,57,0.85,0.81,-11.8,,1764,59,0.87,0.81,-11.8,
5分钟 被套反向 补仓I(1:1:1:2:2:3，-2%/-4%/-6%/-9%/-12%补) 均价止盈8% 止损离第一笔18% 拿72h,1125,62,0.7,0.93,-11.8,,973,64,0.78,0.78,-11.8,,975,65,0.83,0.93,-11.8,
5分钟 被套反向 补仓I(1:1:1:2:2:3，-2%/-4%/-6%/-9%/-12%补) 均价止盈8% 止损离第一笔22% 拿24h,2140,56,0.87,1.03,-14.0,,1735,57,0.89,0.79,-16.1,,1764,59,0.81,0.87,-16.1,
5分钟 被套反向 补仓I(1:1:1:2:2:3，-2%/-4%/-6%/-9%/-12%补) 均价止盈8% 止损离第一笔22% 拿72h,1122,62,0.67,0.84,-16.1,,967,64,0.84,0.82,-16.1,,968,65,0.77,0.95,-16.1,
5分钟 持仓骤降反转 补仓E(1:1:1:1:1，-2%/-4%/-6%/-8%补) 均价止盈1% 止损离第一笔11% 拿24h,1738,81,0.99,0.87,-7.5,,1370,83,0.66,0.8,-7.5,,1422,86,0.92,0.81,-7.5,
5分钟 持仓骤降反转 补仓E(1:1:1:1:1，-2%/-4%/-6%/-8%补) 均价止盈1% 止损离第一笔11% 拿72h,1594,92,0.98,0.96,-7.5,,1286,92,0.75,0.78,-7.5,,1344,94,1.12,0.94,-7.5,
5分钟 持仓骤降反转 补仓E(1:1:1:1:1，-2%/-4%/-6%/-8%补) 均价止盈1% 止损离第一笔14% 拿24h,1738,81,0.95,0.82,-10.6,,1364,83,0.64,0.73,-10.6,,1421,86,0.92,1.03,-10.6,
5分钟 持仓骤降反转 补仓E(1:1:1:1:1，-2%/-4%/-6%/-8%补) 均价止盈1% 止损离第一笔14% 拿72h,1585,92,1.01,0.87,-10.6,,1272,93,0.65,0.82,-10.6,,1337,95,1.12,0.87,-10.6,
5分钟 持仓骤降反转 补仓E(1:1:1:1:1，-2%/-4%/-6%/-8%补) 均价止盈1% 止损离第一笔18% 拿24h,1738,81,0.97,0.82,-14.7,,1363,83,0.65,0.74,-14.7,,1420,86,0.9,0.93,-14.7,
5分钟 持仓骤降反转 补仓E(1:1:1:1:1，-2%/-4%/-6%/-8%补) 均价止盈1% 止损离第一笔18% 拿72h,1580,92,0.98,0.79,-14.7,,1265,93,0.63,0.75,-14.7,,1331,95,1.0,0.89,-14.7,
5分钟 持仓骤降反转 补仓E(1:1:1:1:1，-2%/-4%/-6%/-8%补) 均价止盈2% 止损离第一笔11% 拿24h,1581,70,1.01,0.84,-7.5,,1273,72,0.8,0.89,-7.5,,1309,74,0.96,0.89,-7.5,
5分钟 持仓骤降反转 补仓E(1:1:1:1:1，-2%/-4%/-6%/-8%补) 均价止盈2% 止损离第一笔11% 拿72h,1335,83,0.97,0.92,-7.5,,1133,86,0.96,0.86,-7.5,,1171,85,0.93,1.02,-7.5,
5分钟 持仓骤降反转 补仓E(1:1:1:1:1，-2%/-4%/-6%/-8%补) 均价止盈2% 止损离第一笔14% 拿24h,1580,70,1.02,0.91,-10.6,,1268,72,0.78,0.74,-10.6,,1308,74,0.96,0.96,-10.6,
5分钟 持仓骤降反转 补仓E(1:1:1:1:1，-2%/-4%/-6%/-8%补) 均价止盈2% 止损离第一笔14% 拿72h,1322,83,0.99,0.91,-10.6,,1116,86,0.87,0.78,-10.6,,1161,86,0.96,1.06,-10.6,
5分钟 持仓骤降反转 补仓E(1:1:1:1:1，-2%/-4%/-6%/-8%补) 均价止盈2% 止损离第一笔18% 拿24h,1580,70,1.03,0.81,-14.7,,1264,72,0.8,0.82,-14.7,,1308,74,0.94,0.94,-14.7,
5分钟 持仓骤降反转 补仓E(1:1:1:1:1，-2%/-4%/-6%/-8%补) 均价止盈2% 止损离第一笔18% 拿72h,1312,84,0.99,0.83,-14.7,,1104,86,0.95,0.8,-14.7,,1148,86,0.93,0.95,-14.7,
5分钟 持仓骤降反转 补仓E(1:1:1:1:1，-2%/-4%/-6%/-8%补) 均价止盈3% 止损离第一笔11% 拿24h,1490,62,0.96,0.87,-7.5,,1214,64,0.79,0.79,-7.5,,1233,66,1.01,1.0,-7.5,
5分钟 持仓骤降反转 补仓E(1:1:1:1:1，-2%/-4%/-6%/-8%补) 均价止盈3% 止损离第一笔11% 拿72h,1169,74,1.02,0.87,-7.5,,1018,77,0.87,0.84,-7.5,,1047,78,0.99,0.97,-7.5,
5分钟 持仓骤降反转 补仓E(1:1:1:1:1，-2%/-4%/-6%/-8%补) 均价止盈3% 止损离第一笔14% 拿24h,1489,62,0.99,0.89,-10.6,,1210,64,0.76,0.91,-10.6,,1232,66,1.0,0.9,-10.6,
5分钟 持仓骤降反转 补仓E(1:1:1:1:1，-2%/-4%/-6%/-8%补) 均价止盈3% 止损离第一笔14% 拿72h,1158,75,1.05,0.9,-10.6,,995,78,0.8,0.89,-10.6,,1034,79,0.96,1.05,-10.6,
5分钟 持仓骤降反转 补仓E(1:1:1:1:1，-2%/-4%/-6%/-8%补) 均价止盈3% 止损离第一笔18% 拿24h,1489,62,1.0,0.82,-14.7,,1206,64,0.77,0.9,-14.7,,1232,67,1.0,0.83,-14.7,
5分钟 持仓骤降反转 补仓E(1:1:1:1:1，-2%/-4%/-6%/-8%补) 均价止盈3% 止损离第一笔18% 拿72h,1151,75,1.03,0.76,-14.7,,978,78,0.9,0.84,-14.7,,1022,80,0.99,0.97,-14.7,
5分钟 持仓骤降反转 补仓E(1:1:1:1:1，-2%/-4%/-6%/-8%补) 均价止盈5% 止损离第一笔11% 拿24h,1420,58,0.91,0.92,-7.5,,1142,58,0.79,0.89,-7.5,,1147,61,1.04,0.92,-7.5,
5分钟 持仓骤降反转 补仓E(1:1:1:1:1，-2%/-4%/-6%/-8%补) 均价止盈5% 止损离第一笔11% 拿72h,1007,66,1.02,0.89,-7.5,,870,67,0.88,0.88,-7.5,,890,68,0.99,0.98,-7.5,
5分钟 持仓骤降反转 补仓E(1:1:1:1:1，-2%/-4%/-6%/-8%补) 均价止盈5% 止损离第一笔14% 拿24h,1419,58,0.96,0.9,-10.6,,1138,58,0.76,0.82,-10.6,,1146,61,1.06,0.95,-10.6,
5分钟 持仓骤降反转 补仓E(1:1:1:1:1，-2%/-4%/-6%/-8%补) 均价止盈5% 止损离第一笔14% 拿72h,991,67,1.12,0.83,-10.6,,853,68,0.86,0.89,-10.6,,876,70,0.99,0.97,-10.6,
5分钟 持仓骤降反转 补仓E(1:1:1:1:1，-2%/-4%/-6%/-8%补) 均价止盈5% 止损离第一笔18% 拿24h,1419,58,0.99,0.88,-14.7,,1134,58,0.76,0.84,-14.7,,1145,61,1.03,0.86,-14.7,
5分钟 持仓骤降反转 补仓E(1:1:1:1:1，-2%/-4%/-6%/-8%补) 均价止盈5% 止损离第一笔18% 拿72h,984,68,1.09,0.92,-14.7,,836,68,0.93,0.87,-14.7,,862,70,1.0,0.96,-14.7,
5分钟 持仓骤降反转 补仓E(1:1:1:1:1，-2%/-4%/-6%/-8%补) 均价止盈8% 止损离第一笔11% 拿24h,1386,56,0.91,0.89,-7.5,,1125,57,0.79,0.84,-7.5,,1118,58,0.89,0.96,-7.5,
5分钟 持仓骤降反转 补仓E(1:1:1:1:1，-2%/-4%/-6%/-8%补) 均价止盈8% 止损离第一笔11% 拿72h,928,61,1.04,0.85,-7.5,,789,61,0.89,0.82,-7.5,,790,62,0.99,0.89,-7.5,
5分钟 持仓骤降反转 补仓E(1:1:1:1:1，-2%/-4%/-6%/-8%补) 均价止盈8% 止损离第一笔14% 拿24h,1385,56,0.95,0.97,-10.6,,1121,57,0.76,0.96,-10.6,,1117,58,0.9,0.85,-10.6,
5分钟 持仓骤降反转 补仓E(1:1:1:1:1，-2%/-4%/-6%/-8%补) 均价止盈8% 止损离第一笔14% 拿72h,912,63,1.12,0.94,-10.6,,772,63,0.88,0.89,-10.6,,773,63,1.01,1.0,-10.6,
5分钟 持仓骤降反转 补仓E(1:1:1:1:1，-2%/-4%/-6%/-8%补) 均价止盈8% 止损离第一笔18% 拿24h,1385,56,0.95,0.86,-14.7,,1117,57,0.76,0.89,-14.7,,1116,58,0.87,0.95,-14.7,
5分钟 持仓骤降反转 补仓E(1:1:1:1:1，-2%/-4%/-6%/-8%补) 均价止盈8% 止损离第一笔18% 拿72h,904,63,1.08,0.88,-14.7,,757,63,0.91,0.86,-14.7,,761,64,1.04,1.03,-14.7,
5分钟 持仓骤降反转 补仓F(1:1:1:1:1:1，-1.5%/-3%/-4.5%/-6%/-7.5%补) 均价止盈1% 止损离第一笔10% 拿24h,1745,83,1.07,0.83,-7.2,,1371,84,0.61,0.73,-7.2,,1431,87,0.88,0.88,-7.2,
5分钟 持仓骤降反转 补仓F(1:1:1:1:1:1，-1.5%/-3%/-4.5%/-6%/-7.5%补) 均价止盈1% 止损离第一笔10% 拿72h,1618,93,1.06,0.87,-7.2,,1290,92,0.67,0.87,-7.2,,1364,95,1.15,0.98,-7.2,
5分钟 持仓骤降反转 补仓F(1:1:1:1:1:1，-1.5%/-3%/-4.5%/-6%/-7.5%补) 均价止盈1% 止损离第一笔14% 拿24h,1745,83,1.04,0.79,-10.3,,1364,84,0.61,0.71,-10.3,,1430,87,0.9,0.99,-10.3,
5分钟 持仓骤降反转 补仓F(1:1:1:1:1:1，-1.5%/-3%/-4.5%/-6%/-7.5%补) 均价止盈1% 止损离第一笔14% 拿72h,1609,93,1.05,0.85,-10.3,,1269,93,0.66,0.75,-10.3,,1357,95,1.16,1.04,-10.3,
5分钟 持仓骤降反转 补仓F(1:1:1:1:1:1，-1.5%/-3%/-4.5%/-6%/-7.5%补) 均价止盈1% 止损离第一笔18% 拿24h,1745,83,1.05,0.74,-14.4,,1363,83,0.61,0.67,-14.4,,1429,87,0.86,0.84,-14.4,
5分钟 持仓骤降反转 补仓F(1:1:1:1:1:1，-1.5%/-3%/-4.5%/-6%/-7.5%补) 均价止盈1% 止损离第一笔18% 拿72h,1605,93,1.02,0.72,-14.4,,1262,93,0.65,0.79,-14.4,,1353,95,1.07,0.88,-14.4,
5分钟 持仓骤降反转 补仓F(1:1:1:1:1:1，-1.5%/-3%/-4.5%/-6%/-7.5%补) 均价止盈2% 止损离第一笔10% 拿24h,1587,72,1.06,0.85,-7.2,,1278,74,0.78,0.86,-7.2,,1318,75,0.96,1.0,-7.2,
5分钟 持仓骤降反转 补仓F(1:1:1:1:1:1，-1.5%/-3%/-4.5%/-6%/-7.5%补) 均价止盈2% 止损离第一笔10% 拿72h,1359,83,1.03,1.01,-7.2,,1144,85,0.87,0.8,-7.2,,1186,86,1.0,1.07,-7.2,
5分钟 持仓骤降反转 补仓F(1:1:1:1:1:1，-1.5%/-3%/-4.5%/-6%/-7.5%补) 均价止盈2% 止损离第一笔14% 拿24h,1586,72,1.1,0.9,-10.3,,1272,74,0.77,0.87,-10.3,,1317,75,0.96,0.89,-10.3,
5分钟 持仓骤降反转 补仓F(1:1:1:1:1:1，-1.5%/-3%/-4.5%/-6%/-7.5%补) 均价止盈2% 止损离第一笔14% 拿72h,1341,84,1.02,0.9,-10.3,,1118,86,0.83,0.93,-10.3,,1175,87,1.01,0.9,-10.3,
5分钟 持仓骤降反转 补仓F(1:1:1:1:1:1，-1.5%/-3%/-4.5%/-6%/-7.5%补) 均价止盈2% 止损离第一笔18% 拿24h,1586,72,1.09,0.86,-14.4,,1268,74,0.79,0.76,-14.4,,1317,75,0.95,0.96,-14.4,
5分钟 持仓骤降反转 补仓F(1:1:1:1:1:1，-1.5%/-3%/-4.5%/-6%/-7.5%补) 均价止盈2% 止损离第一笔18% 拿72h,1332,84,0.99,0.81,-14.4,,1105,86,0.92,0.84,-14.4,,1163,87,1.01,0.87,-14.4,
5分钟 持仓骤降反转 补仓F(1:1:1:1:1:1，-1.5%/-3%/-4.5%/-6%/-7.5%补) 均价止盈3% 止损离第一笔10% 拿24h,1490,64,0.96,0.95,-7.2,,1216,66,0.83,0.87,-7.2,,1236,68,1.0,0.88,-7.2,
5分钟 持仓骤降反转 补仓F(1:1:1:1:1:1，-1.5%/-3%/-4.5%/-6%/-7.5%补) 均价止盈3% 止损离第一笔10% 拿72h,1179,74,1.07,0.9,-7.2,,1030,78,0.89,0.97,-7.2,,1058,78,0.94,0.95,-7.2,
5分钟 持仓骤降反转 补仓F(1:1:1:1:1:1，-1.5%/-3%/-4.5%/-6%/-7.5%补) 均价止盈3% 止损离第一笔14% 拿24h,1489,64,1.01,0.83,-10.3,,1212,66,0.8,0.81,-10.3,,1235,68,0.97,0.92,-10.3,
5分钟 持仓骤降反转 补仓F(1:1:1:1:1:1，-1.5%/-3%/-4.5%/-6%/-7.5%补) 均价止盈3% 止损离第一笔14% 拿72h,1164,75,1.09,0.9,-10.3,,1003,79,0.83,0.84,-10.3,,1042,79,0.91,0.94,-10.3,
5分钟 持仓骤降反转 补仓F(1:1:1:1:1:1，-1.5%/-3%/-4.5%/-6%/-7.5%补) 均价止盈3% 止损离第一笔18% 拿24h,1489,64,1.03,0.93,-14.4,,1208,66,0.8,0.86,-14.4,,1235,68,0.97,0.97,-14.4,
5分钟 持仓骤降反转 补仓F(1:1:1:1:1:1，-1.5%/-3%/-4.5%/-6%/-7.5%补) 均价止盈3% 止损离第一笔18% 拿72h,1159,75,1.06,0.91,-14.4,,986,79,0.93,0.85,-14.4,,1028,79,0.92,0.96,-14.4,
5分钟 持仓骤降反转 补仓F(1:1:1:1:1:1，-1.5%/-3%/-4.5%/-6%/-7.5%补) 均价止盈5% 止损离第一笔10% 拿24h,1421,60,0.91,0.96,-7.2,,1144,60,0.79,0.94,-7.2,,1147,63,1.08,0.95,-7.2,
5分钟 持仓骤降反转 补仓F(1:1:1:1:1:1，-1.5%/-3%/-4.5%/-6%/-7.5%补) 均价止盈5% 止损离第一笔10% 拿72h,1022,67,1.06,0.88,-7.2,,876,67,0.87,0.85,-7.2,,899,70,1.05,0.97,-7.2,
5分钟 持仓骤降反转 补仓F(1:1:1:1:1:1，-1.5%/-3%/-4.5%/-6%/-7.5%补) 均价止盈5% 止损离第一笔14% 拿24h,1420,60,0.96,1.01,-10.3,,1140,60,0.78,0.85,-10.3,,1146,63,1.09,0.89,-10.3,
5分钟 持仓骤降反转 补仓F(1:1:1:1:1:1，-1.5%/-3%/-4.5%/-6%/-7.5%补) 均价止盈5% 止损离第一笔14% 拿72h,1003,68,1.1,0.92,-10.3,,851,68,0.87,0.85,-10.3,,887,71,1.01,0.96,-10.3,
5分钟 持仓骤降反转 补仓F(1:1:1:1:1:1，-1.5%/-3%/-4.5%/-6%/-7.5%补) 均价止盈5% 止损离第一笔18% 拿24h,1420,60,1.0,0.88,-14.4,,1136,60,0.78,0.94,-14.4,,1146,63,1.08,0.92,-14.4,
5分钟 持仓骤降反转 补仓F(1:1:1:1:1:1，-1.5%/-3%/-4.5%/-6%/-7.5%补) 均价止盈5% 止损离第一笔18% 拿72h,996,69,1.09,0.86,-14.4,,836,68,0.94,0.87,-14.4,,871,71,1.04,0.98,-14.4,
5分钟 持仓骤降反转 补仓F(1:1:1:1:1:1，-1.5%/-3%/-4.5%/-6%/-7.5%补) 均价止盈8% 止损离第一笔10% 拿24h,1387,58,0.91,0.82,-7.2,,1125,59,0.78,0.88,-7.2,,1117,60,0.93,0.96,-7.2,
5分钟 持仓骤降反转 补仓F(1:1:1:1:1:1，-1.5%/-3%/-4.5%/-6%/-7.5%补) 均价止盈8% 止损离第一笔10% 拿72h,933,61,1.07,0.94,-7.2,,792,61,0.86,0.84,-7.2,,799,62,1.0,1.02,-7.2,
5分钟 持仓骤降反转 补仓F(1:1:1:1:1:1，-1.5%/-3%/-4.5%/-6%/-7.5%补) 均价止盈8% 止损离第一笔14% 拿24h,1385,58,0.94,0.94,-10.3,,1121,59,0.78,1.03,-10.3,,1116,60,0.93,0.87,-10.3,
5分钟 持仓骤降反转 补仓F(1:1:1:1:1:1，-1.5%/-3%/-4.5%/-6%/-7.5%补) 均价止盈8% 止损离第一笔14% 拿72h,915,63,1.09,0.87,-10.3,,773,63,0.86,0.96,-10.3,,783,63,0.96,0.97,-10.3,
5分钟 持仓骤降反转 补仓F(1:1:1:1:1:1，-1.5%/-3%/-4.5%/-6%/-7.5%补) 均价止盈8% 止损离第一笔18% 拿24h,1385,58,0.96,0.81,-14.4,,1117,59,0.77,0.89,-14.4,,1116,60,0.92,0.96,-14.4,
5分钟 持仓骤降反转 补仓F(1:1:1:1:1:1，-1.5%/-3%/-4.5%/-6%/-7.5%补) 均价止盈8% 止损离第一笔18% 拿72h,906,63,1.08,0.84,-14.4,,758,63,0.88,0.87,-14.4,,767,64,1.01,1.01,-14.4,
5分钟 持仓骤降反转 补仓G(1:1:2:2:4，-2%/-4%/-6%/-8%补) 均价止盈1% 止损离第一笔11% 拿24h,1742,83,1.05,0.91,-6.1,,1378,84,0.61,0.8,-6.1,,1429,87,1.0,0.99,-6.1,
5分钟 持仓骤降反转 补仓G(1:1:2:2:4，-2%/-4%/-6%/-8%补) 均价止盈1% 止损离第一笔11% 拿72h,1617,94,0.98,1.02,-6.1,,1307,93,0.7,0.85,-6.1,,1357,96,1.29,1.04,-6.1,✔
5分钟 持仓骤降反转 补仓G(1:1:2:2:4，-2%/-4%/-6%/-8%补) 均价止盈1% 止损离第一笔14% 拿24h,1742,83,1.0,0.85,-9.3,,1372,84,0.61,0.76,-9.3,,1428,87,0.96,1.02,-9.3,
5分钟 持仓骤降反转 补仓G(1:1:2:2:4，-2%/-4%/-6%/-8%补) 均价止盈1% 止损离第一笔14% 拿72h,1613,94,1.05,0.88,-9.3,,1295,94,0.61,0.74,-9.3,,1352,96,1.12,0.97,-9.3,✔
5分钟 持仓骤降反转 补仓G(1:1:2:2:4，-2%/-4%/-6%/-8%补) 均价止盈1% 止损离第一笔18% 拿24h,1742,83,1.05,0.76,-12.1,,1372,84,0.61,0.63,-13.5,,1427,87,0.92,0.81,-13.5,
5分钟 持仓骤降反转 补仓G(1:1:2:2:4，-2%/-4%/-6%/-8%补) 均价止盈1% 止损离第一笔18% 拿72h,1609,94,1.04,0.79,-13.5,,1290,94,0.6,0.75,-13.5,,1346,96,1.0,0.99,-13.5,
5分钟 持仓骤降反转 补仓G(1:1:2:2:4，-2%/-4%/-6%/-8%补) 均价止盈2% 止损离第一笔11% 拿24h,1581,71,1.04,0.88,-6.1,,1279,74,0.78,0.86,-6.1,,1316,77,1.12,1.04,-6.1,
5分钟 持仓骤降反转 补仓G(1:1:2:2:4，-2%/-4%/-6%/-8%补) 均价止盈2% 止损离第一笔11% 拿72h,1348,85,0.99,0.88,-6.1,,1148,87,0.92,0.99,-6.1,,1192,88,1.02,1.03,-6.1,
5分钟 持仓骤降反转 补仓G(1:1:2:2:4，-2%/-4%/-6%/-8%补) 均价止盈2% 止损离第一笔14% 拿24h,1580,71,1.05,0.87,-9.3,,1274,74,0.74,0.83,-9.3,,1315,77,1.11,0.88,-9.3,
5分钟 持仓骤降反转 补仓G(1:1:2:2:4，-2%/-4%/-6%/-8%补) 均价止盈2% 止损离第一笔14% 拿72h,1335,85,0.99,0.83,-9.3,,1134,88,0.78,0.81,-9.3,,1185,89,1.04,0.86,-9.3,
5分钟 持仓骤降反转 补仓G(1:1:2:2:4，-2%/-4%/-6%/-8%补) 均价止盈2% 止损离第一笔18% 拿24h,1580,71,1.05,1.02,-13.5,,1270,74,0.78,0.83,-13.5,,1315,77,1.07,0.96,-13.5,
5分钟 持仓骤降反转 补仓G(1:1:2:2:4，-2%/-4%/-6%/-8%补) 均价止盈2% 止损离第一笔18% 拿72h,1326,86,0.99,0.94,-13.5,,1122,89,0.9,0.92,-13.5,,1172,89,0.98,0.91,-13.5,
5分钟 持仓骤降反转 补仓G(1:1:2:2:4，-2%/-4%/-6%/-8%补) 均价止盈3% 止损离第一笔11% 拿24h,1493,63,1.02,0.88,-6.1,,1215,66,0.8,0.82,-6.1,,1236,69,1.17,0.94,-6.1,✔
5分钟 持仓骤降反转 补仓G(1:1:2:2:4，-2%/-4%/-6%/-8%补) 均价止盈3% 止损离第一笔11% 拿72h,1179,76,1.01,0.83,-6.1,,1032,80,0.92,0.84,-6.1,,1063,81,1.07,0.95,-6.1,
5分钟 持仓骤降反转 补仓G(1:1:2:2:4，-2%/-4%/-6%/-8%补) 均价止盈3% 止损离第一笔14% 拿24h,1492,64,1.06,0.84,-9.3,,1211,66,0.76,0.8,-9.3,,1235,69,1.17,0.9,-9.3,
5分钟 持仓骤降反转 补仓G(1:1:2:2:4，-2%/-4%/-6%/-8%补) 均价止盈3% 止损离第一笔14% 拿72h,1168,77,1.07,0.94,-9.3,,1012,81,0.82,0.78,-9.3,,1050,82,1.01,0.93,-9.3,
5分钟 持仓骤降反转 补仓G(1:1:2:2:4，-2%/-4%/-6%/-8%补) 均价止盈3% 止损离第一笔18% 拿24h,1492,64,1.08,0.89,-13.5,,1207,66,0.77,0.91,-13.5,,1235,69,1.13,0.93,-13.5,
5分钟 持仓骤降反转 补仓G(1:1:2:2:4，-2%/-4%/-6%/-8%补) 均价止盈3% 止损离第一笔18% 拿72h,1161,77,1.05,0.98,-13.5,,998,82,0.95,0.95,-13.5,,1039,83,1.05,1.01,-13.5,
5分钟 持仓骤降反转 补仓G(1:1:2:2:4，-2%/-4%/-6%/-8%补) 均价止盈5% 止损离第一笔11% 拿24h,1422,59,0.93,0.84,-6.1,,1143,61,0.79,0.81,-6.1,,1148,63,1.16,0.99,-6.1,
5分钟 持仓骤降反转 补仓G(1:1:2:2:4，-2%/-4%/-6%/-8%补) 均价止盈5% 止损离第一笔11% 拿72h,1017,68,0.98,0.96,-6.1,,877,71,0.94,0.93,-6.1,,892,72,1.04,1.03,-6.1,
5分钟 持仓骤降反转 补仓G(1:1:2:2:4，-2%/-4%/-6%/-8%补) 均价止盈5% 止损离第一笔14% 拿24h,1421,60,1.01,1.02,-9.3,,1139,61,0.75,0.87,-9.3,,1148,64,1.18,0.89,-9.3,
5分钟 持仓骤降反转 补仓G(1:1:2:2:4，-2%/-4%/-6%/-8%补) 均价止盈5% 止损离第一笔14% 拿72h,1002,69,1.11,0.81,-9.3,,860,73,0.9,0.9,-9.3,,880,73,1.01,0.88,-9.3,
5分钟 持仓骤降反转 补仓G(1:1:2:2:4，-2%/-4%/-6%/-8%补) 均价止盈5% 止损离第一笔18% 拿24h,1421,60,1.05,0.84,-13.5,,1135,61,0.76,0.84,-13.5,,1147,64,1.13,0.87,-13.5,
5分钟 持仓骤降反转 补仓G(1:1:2:2:4，-2%/-4%/-6%/-8%补) 均价止盈5% 止损离第一笔18% 拿72h,996,70,1.07,0.9,-13.5,,843,74,1.0,0.83,-13.5,,866,74,1.03,0.92,-13.5,
5分钟 持仓骤降反转 补仓G(1:1:2:2:4，-2%/-4%/-6%/-8%补) 均价止盈8% 止损离第一笔11% 拿24h,1386,58,0.92,0.8,-6.1,,1125,59,0.82,0.9,-6.1,,1118,60,1.01,0.87,-6.1,
5分钟 持仓骤降反转 补仓G(1:1:2:2:4，-2%/-4%/-6%/-8%补) 均价止盈8% 止损离第一笔11% 拿72h,928,63,0.98,0.96,-6.1,,790,65,0.91,0.78,-6.1,,795,65,1.03,0.98,-6.1,
5分钟 持仓骤降反转 补仓G(1:1:2:2:4，-2%/-4%/-6%/-8%补) 均价止盈8% 止损离第一笔14% 拿24h,1385,58,1.01,0.91,-9.3,,1121,59,0.78,0.77,-9.3,,1117,61,1.04,0.87,-9.3,
5分钟 持仓骤降反转 补仓G(1:1:2:2:4，-2%/-4%/-6%/-8%补) 均价止盈8% 止损离第一笔14% 拿72h,912,65,1.08,0.94,-9.3,,774,67,0.88,0.84,-9.3,,779,67,1.06,0.98,-9.3,
5分钟 持仓骤降反转 补仓G(1:1:2:2:4，-2%/-4%/-6%/-8%补) 均价止盈8% 止损离第一笔18% 拿24h,1385,58,1.01,0.85,-13.5,,1117,59,0.78,0.95,-13.5,,1116,61,0.99,0.95,-13.5,
5分钟 持仓骤降反转 补仓G(1:1:2:2:4，-2%/-4%/-6%/-8%补) 均价止盈8% 止损离第一笔18% 拿72h,904,65,1.03,0.85,-13.5,,759,68,0.93,0.76,-13.5,,767,68,1.05,0.95,-13.5,
5分钟 持仓骤降反转 补仓H(1:1:1:1:1:1:1:1，-1%/-2%/-3%/-4%/-5%/-6%/-7%补) 均价止盈1% 止损离第一笔10% 拿24h,1760,85,1.08,0.88,-6.9,,1382,85,0.58,0.67,-6.9,,1439,88,0.98,0.85,-6.9,
5分钟 持仓骤降反转 补仓H(1:1:1:1:1:1:1:1，-1%/-2%/-3%/-4%/-5%/-6%/-7%补) 均价止盈1% 止损离第一笔10% 拿72h,1651,94,1.08,0.9,-6.9,,1314,92,0.6,0.81,-6.9,,1377,95,1.22,0.98,-6.9,✔
5分钟 持仓骤降反转 补仓H(1:1:1:1:1:1:1:1，-1%/-2%/-3%/-4%/-5%/-6%/-7%补) 均价止盈1% 止损离第一笔13% 拿24h,1760,85,1.06,0.79,-10.0,,1376,85,0.59,0.72,-10.0,,1439,88,0.95,0.9,-10.0,
5分钟 持仓骤降反转 补仓H(1:1:1:1:1:1:1:1，-1%/-2%/-3%/-4%/-5%/-6%/-7%补) 均价止盈1% 止损离第一笔13% 拿72h,1643,94,1.01,0.87,-10.0,,1295,93,0.59,0.74,-10.0,,1374,95,1.06,0.86,-10.0,
5分钟 持仓骤降反转 补仓H(1:1:1:1:1:1:1:1，-1%/-2%/-3%/-4%/-5%/-6%/-7%补) 均价止盈1% 止损离第一笔17% 拿24h,1760,85,1.09,0.73,-13.2,,1375,85,0.6,0.73,-14.1,,1438,88,0.95,0.9,-14.1,
5分钟 持仓骤降反转 补仓H(1:1:1:1:1:1:1:1，-1%/-2%/-3%/-4%/-5%/-6%/-7%补) 均价止盈1% 止损离第一笔17% 拿72h,1636,94,0.99,0.86,-14.1,,1287,93,0.57,0.8,-14.1,,1367,95,0.95,0.94,-14.1,
5分钟 持仓骤降反转 补仓H(1:1:1:1:1:1:1:1，-1%/-2%/-3%/-4%/-5%/-6%/-7%补) 均价止盈2% 止损离第一笔10% 拿24h,1596,74,1.02,0.83,-6.9,,1283,75,0.75,0.87,-6.9,,1327,77,0.98,0.98,-6.9,
5分钟 持仓骤降反转 补仓H(1:1:1:1:1:1:1:1，-1%/-2%/-3%/-4%/-5%/-6%/-7%补) 均价止盈2% 止损离第一笔10% 拿72h,1374,85,1.04,1.02,-6.9,,1157,85,0.85,0.88,-6.9,,1199,87,1.02,0.98,-6.9,
5分钟 持仓骤降反转 补仓H(1:1:1:1:1:1:1:1，-1%/-2%/-3%/-4%/-5%/-6%/-7%补) 均价止盈2% 止损离第一笔13% 拿24h,1595,74,1.06,0.88,-10.0,,1277,75,0.76,0.83,-10.0,,1326,77,0.98,1.02,-10.0,
5分钟 持仓骤降反转 补仓H(1:1:1:1:1:1:1:1，-1%/-2%/-3%/-4%/-5%/-6%/-7%补) 均价止盈2% 止损离第一笔13% 拿72h,1358,85,1.03,0.92,-10.0,,1132,86,0.81,0.96,-10.0,,1188,88,0.99,1.05,-10.0,
5分钟 持仓骤降反转 补仓H(1:1:1:1:1:1:1:1，-1%/-2%/-3%/-4%/-5%/-6%/-7%补) 均价止盈2% 止损离第一笔17% 拿24h,1595,74,1.03,0.77,-14.1,,1273,75,0.78,0.79,-14.1,,1326,77,0.95,0.91,-14.1,
5分钟 持仓骤降反转 补仓H(1:1:1:1:1:1:1:1，-1%/-2%/-3%/-4%/-5%/-6%/-7%补) 均价止盈2% 止损离第一笔17% 拿72h,1347,85,0.99,0.87,-14.1,,1120,87,0.85,0.94,-14.1,,1175,88,1.05,0.96,-14.1,
5分钟 持仓骤降反转 补仓H(1:1:1:1:1:1:1:1，-1%/-2%/-3%/-4%/-5%/-6%/-7%补) 均价止盈3% 止损离第一笔10% 拿24h,1496,67,0.99,0.96,-6.9,,1223,67,0.77,0.89,-6.9,,1241,70,1.03,0.94,-6.9,
5分钟 持仓骤降反转 补仓H(1:1:1:1:1:1:1:1，-1%/-2%/-3%/-4%/-5%/-6%/-7%补) 均价止盈3% 止损离第一笔10% 拿72h,1187,76,1.08,0.97,-6.9,,1041,78,0.87,0.85,-6.9,,1070,79,0.99,0.97,-6.9,
5分钟 持仓骤降反转 补仓H(1:1:1:1:1:1:1:1，-1%/-2%/-3%/-4%/-5%/-6%/-7%补) 均价止盈3% 止损离第一笔13% 拿24h,1495,67,1.05,0.88,-10.0,,1218,68,0.76,0.84,-10.0,,1240,70,1.0,0.92,-10.0,
5分钟 持仓骤降反转 补仓H(1:1:1:1:1:1:1:1，-1%/-2%/-3%/-4%/-5%/-6%/-7%补) 均价止盈3% 止损离第一笔13% 拿72h,1172,77,1.08,0.85,-10.0,,1014,79,0.8,0.93,-10.0,,1057,80,0.9,0.86,-10.0,
5分钟 持仓骤降反转 补仓H(1:1:1:1:1:1:1:1，-1%/-2%/-3%/-4%/-5%/-6%/-7%补) 均价止盈3% 止损离第一笔17% 拿24h,1495,67,1.06,0.9,-14.1,,1214,67,0.76,0.76,-14.1,,1240,70,0.99,1.01,-14.1,
5分钟 持仓骤降反转 补仓H(1:1:1:1:1:1:1:1，-1%/-2%/-3%/-4%/-5%/-6%/-7%补) 均价止盈3% 止损离第一笔17% 拿72h,1166,77,1.07,0.85,-14.1,,1000,79,0.84,0.89,-14.1,,1039,80,0.95,0.96,-14.1,
5分钟 持仓骤降反转 补仓H(1:1:1:1:1:1:1:1，-1%/-2%/-3%/-4%/-5%/-6%/-7%补) 均价止盈5% 止损离第一笔10% 拿24h,1426,63,0.92,0.95,-6.9,,1146,61,0.77,0.84,-6.9,,1150,64,1.09,1.0,-6.9,
5分钟 持仓骤降反转 补仓H(1:1:1:1:1:1:1:1，-1%/-2%/-3%/-4%/-5%/-6%/-7%补) 均价止盈5% 止损离第一笔10% 拿72h,1031,68,1.07,0.97,-6.9,,883,67,0.88,0.85,-6.9,,907,71,1.11,1.07,-6.9,
5分钟 持仓骤降反转 补仓H(1:1:1:1:1:1:1:1，-1%/-2%/-3%/-4%/-5%/-6%/-7%补) 均价止盈5% 止损离第一笔13% 拿24h,1423,63,0.98,0.93,-10.0,,1142,62,0.76,0.82,-10.0,,1149,64,1.09,1.02,-10.0,
5分钟 持仓骤降反转 补仓H(1:1:1:1:1:1:1:1，-1%/-2%/-3%/-4%/-5%/-6%/-7%补) 均价止盈5% 止损离第一笔13% 拿72h,1011,69,1.12,0.93,-10.0,,859,68,0.87,0.87,-10.0,,898,72,1.03,0.95,-10.0,
5分钟 持仓骤降反转 补仓H(1:1:1:1:1:1:1:1，-1%/-2%/-3%/-4%/-5%/-6%/-7%补) 均价止盈5% 止损离第一笔17% 拿24h,1423,63,1.02,0.93,-14.1,,1138,61,0.76,0.83,-14.1,,1149,64,1.09,0.98,-14.1,
5分钟 持仓骤降反转 补仓H(1:1:1:1:1:1:1:1，-1%/-2%/-3%/-4%/-5%/-6%/-7%补) 均价止盈5% 止损离第一笔17% 拿72h,1003,70,1.1,0.89,-14.1,,845,69,0.87,0.87,-14.1,,879,73,1.1,0.9,-14.1,✔
5分钟 持仓骤降反转 补仓H(1:1:1:1:1:1:1:1，-1%/-2%/-3%/-4%/-5%/-6%/-7%补) 均价止盈8% 止损离第一笔10% 拿24h,1388,61,0.91,0.95,-6.9,,1125,60,0.77,0.91,-6.9,,1118,61,0.96,0.93,-6.9,
5分钟 持仓骤降反转 补仓H(1:1:1:1:1:1:1:1，-1%/-2%/-3%/-4%/-5%/-6%/-7%补) 均价止盈8% 止损离第一笔10% 拿72h,936,63,1.12,0.99,-6.9,,801,61,0.9,0.84,-6.9,,800,63,0.99,0.92,-6.9,
5分钟 持仓骤降反转 补仓H(1:1:1:1:1:1:1:1，-1%/-2%/-3%/-4%/-5%/-6%/-7%补) 均价止盈8% 止损离第一笔13% 拿24h,1385,61,0.94,0.86,-10.0,,1121,60,0.78,0.85,-10.0,,1117,62,0.94,0.9,-10.0,
5分钟 持仓骤降反转 补仓H(1:1:1:1:1:1:1:1，-1%/-2%/-3%/-4%/-5%/-6%/-7%补) 均价止盈8% 止损离第一笔13% 拿72h,916,64,1.11,0.83,-10.0,,780,63,0.89,0.8,-10.0,,784,65,0.95,0.92,-10.0,
5分钟 持仓骤降反转 补仓H(1:1:1:1:1:1:1:1，-1%/-2%/-3%/-4%/-5%/-6%/-7%补) 均价止盈8% 止损离第一笔17% 拿24h,1385,61,0.96,0.96,-14.1,,1117,60,0.77,0.81,-14.1,,1117,62,0.93,0.9,-14.1,
5分钟 持仓骤降反转 补仓H(1:1:1:1:1:1:1:1，-1%/-2%/-3%/-4%/-5%/-6%/-7%补) 均价止盈8% 止损离第一笔17% 拿72h,907,65,1.12,0.81,-14.1,,764,63,0.87,0.9,-14.1,,766,66,1.03,0.94,-14.1,
5分钟 持仓骤降反转 补仓I(1:1:1:2:2:3，-2%/-4%/-6%/-9%/-12%补) 均价止盈1% 止损离第一笔15% 拿24h,1738,82,0.98,0.86,-8.6,,1368,83,0.67,0.71,-8.6,,1422,86,0.96,0.95,-8.6,
5分钟 持仓骤降反转 补仓I(1:1:1:2:2:3，-2%/-4%/-6%/-9%/-12%补) 均价止盈1% 止损离第一笔15% 拿72h,1591,93,1.08,0.82,-8.6,,1282,94,0.67,0.77,-8.6,,1343,95,0.96,1.01,-8.6,
5分钟 持仓骤降反转 补仓I(1:1:1:2:2:3，-2%/-4%/-6%/-9%/-12%补) 均价止盈1% 止损离第一笔18% 拿24h,1738,82,1.04,0.86,-10.2,,1368,83,0.65,0.85,-11.8,,1422,86,0.95,0.97,-11.8,
5分钟 持仓骤降反转 补仓I(1:1:1:2:2:3，-2%/-4%/-6%/-9%/-12%补) 均价止盈1% 止损离第一笔18% 拿72h,1588,93,1.09,0.69,-11.8,,1279,94,0.61,0.65,-11.8,,1339,95,0.95,0.98,-11.8,
5分钟 持仓骤降反转 补仓I(1:1:1:2:2:3，-2%/-4%/-6%/-9%/-12%补) 均价止盈1% 止损离第一笔22% 拿24h,1738,82,1.06,0.89,-7.4,,1368,83,0.75,0.69,-16.1,,1422,86,0.89,0.8,-16.1,
5分钟 持仓骤降反转 补仓I(1:1:1:2:2:3，-2%/-4%/-6%/-9%/-12%补) 均价止盈1% 止损离第一笔22% 拿72h,1588,93,0.99,0.77,-14.0,,1276,94,0.7,0.69,-16.1,,1339,95,0.88,0.96,-16.1,
5分钟 持仓骤降反转 补仓I(1:1:1:2:2:3，-2%/-4%/-6%/-9%/-12%补) 均价止盈2% 止损离第一笔15% 拿24h,1580,70,1.02,0.79,-8.6,,1266,72,0.76,0.81,-8.6,,1310,75,0.97,1.03,-8.6,
5分钟 持仓骤降反转 补仓I(1:1:1:2:2:3，-2%/-4%/-6%/-9%/-12%补) 均价止盈2% 止损离第一笔15% 拿72h,1328,84,0.97,0.9,-8.6,,1114,88,0.9,0.72,-8.6,,1162,88,1.03,0.91,-8.6,
5分钟 持仓骤降反转 补仓I(1:1:1:2:2:3，-2%/-4%/-6%/-9%/-12%补) 均价止盈2% 止损离第一笔18% 拿24h,1580,70,1.05,0.91,-11.8,,1265,72,0.78,0.79,-11.8,,1310,75,0.95,0.87,-11.8,
5分钟 持仓骤降反转 补仓I(1:1:1:2:2:3，-2%/-4%/-6%/-9%/-12%补) 均价止盈2% 止损离第一笔18% 拿72h,1320,85,0.99,0.79,-11.8,,1108,88,0.94,0.84,-11.8,,1156,88,0.98,0.94,-11.8,
5分钟 持仓骤降反转 补仓I(1:1:1:2:2:3，-2%/-4%/-6%/-9%/-12%补) 均价止盈2% 止损离第一笔22% 拿24h,1580,70,1.03,0.82,-14.0,,1265,72,0.84,0.89,-16.1,,1310,75,0.92,0.89,-16.1,
5分钟 持仓骤降反转 补仓I(1:1:1:2:2:3，-2%/-4%/-6%/-9%/-12%补) 均价止盈2% 止损离第一笔22% 拿72h,1318,85,0.9,0.8,-16.1,,1105,88,0.95,0.9,-16.1,,1154,88,0.94,0.91,-16.1,
5分钟 持仓骤降反转 补仓I(1:1:1:2:2:3，-2%/-4%/-6%/-9%/-12%补) 均价止盈3% 止损离第一笔15% 拿24h,1491,63,1.01,0.88,-8.6,,1207,65,0.76,0.85,-8.6,,1233,68,1.05,1.02,-8.6,
5分钟 持仓骤降反转 补仓I(1:1:1:2:2:3，-2%/-4%/-6%/-9%/-12%补) 均价止盈3% 止损离第一笔15% 拿72h,1158,76,1.04,0.85,-8.6,,995,80,0.77,0.79,-8.6,,1034,81,0.98,0.91,-8.6,
5分钟 持仓骤降反转 补仓I(1:1:1:2:2:3，-2%/-4%/-6%/-9%/-12%补) 均价止盈3% 止损离第一笔18% 拿24h,1491,63,1.05,0.83,-11.8,,1206,65,0.77,0.85,-11.8,,1233,68,1.03,0.94,-11.8,
5分钟 持仓骤降反转 补仓I(1:1:1:2:2:3，-2%/-4%/-6%/-9%/-12%补) 均价止盈3% 止损离第一笔18% 拿72h,1153,76,1.03,0.83,-11.8,,985,81,0.93,0.82,-11.8,,1027,81,1.0,0.98,-11.8,
5分钟 持仓骤降反转 补仓I(1:1:1:2:2:3，-2%/-4%/-6%/-9%/-12%补) 均价止盈3% 止损离第一笔22% 拿24h,1491,63,1.03,0.85,-14.0,,1205,65,0.89,0.79,-16.1,,1233,68,1.0,0.86,-16.1,
5分钟 持仓骤降反转 补仓I(1:1:1:2:2:3，-2%/-4%/-6%/-9%/-12%补) 均价止盈3% 止损离第一笔22% 拿72h,1150,76,0.99,0.85,-16.1,,982,81,0.97,0.73,-16.1,,1025,81,0.97,0.97,-16.1,
5分钟 持仓骤降反转 补仓I(1:1:1:2:2:3，-2%/-4%/-6%/-9%/-12%补) 均价止盈5% 止损离第一笔15% 拿24h,1419,59,0.98,0.97,-8.6,,1136,59,0.76,0.89,-8.6,,1147,62,1.09,0.92,-8.6,
5分钟 持仓骤降反转 补仓I(1:1:1:2:2:3，-2%/-4%/-6%/-9%/-12%补) 均价止盈5% 止损离第一笔15% 拿72h,994,68,1.11,0.87,-8.6,,855,72,0.94,0.82,-8.6,,870,71,0.96,0.89,-8.6,
5分钟 持仓骤降反转 补仓I(1:1:1:2:2:3，-2%/-4%/-6%/-9%/-12%补) 均价止盈5% 止损离第一笔18% 拿24h,1419,59,1.03,0.93,-11.8,,1135,59,0.76,0.88,-11.8,,1146,62,1.04,0.97,-11.8,
5分钟 持仓骤降反转 补仓I(1:1:1:2:2:3，-2%/-4%/-6%/-9%/-12%补) 均价止盈5% 止损离第一笔18% 拿72h,989,68,1.07,0.86,-11.8,,843,72,0.99,0.83,-11.8,,864,72,0.97,0.96,-11.8,
5分钟 持仓骤降反转 补仓I(1:1:1:2:2:3，-2%/-4%/-6%/-9%/-12%补) 均价止盈5% 止损离第一笔22% 拿24h,1419,59,1.01,0.97,-14.0,,1134,59,0.84,0.9,-16.1,,1146,62,1.01,0.88,-16.1,
5分钟 持仓骤降反转 补仓I(1:1:1:2:2:3，-2%/-4%/-6%/-9%/-12%补) 均价止盈5% 止损离第一笔22% 拿72h,987,69,1.07,0.76,-16.1,,839,72,1.08,0.88,-16.1,,862,72,0.91,0.77,-16.1,
5分钟 持仓骤降反转 补仓I(1:1:1:2:2:3，-2%/-4%/-6%/-9%/-12%补) 均价止盈8% 止损离第一笔15% 拿24h,1385,57,0.99,1.01,-8.6,,1118,57,0.76,0.94,-8.6,,1117,59,0.93,0.84,-8.6,
5分钟 持仓骤降反转 补仓I(1:1:1:2:2:3，-2%/-4%/-6%/-9%/-12%补) 均价止盈8% 止损离第一笔15% 拿72h,911,64,1.1,0.89,-8.6,,770,66,0.88,0.85,-8.6,,769,66,0.99,0.99,-8.6,
5分钟 持仓骤降反转 补仓I(1:1:1:2:2:3，-2%/-4%/-6%/-9%/-12%补) 均价止盈8% 止损离第一笔18% 拿24h,1385,57,0.99,0.85,-11.8,,1117,57,0.76,0.78,-11.8,,1116,59,0.88,0.99,-11.8,
5分钟 持仓骤降反转 补仓I(1:1:1:2:2:3，-2%/-4%/-6%/-9%/-12%补) 均价止盈8% 止损离第一笔18% 拿72h,904,64,1.04,0.79,-11.8,,759,67,0.9,0.81,-11.8,,764,66,1.02,1.07,-11.8,
5分钟 持仓骤降反转 补仓I(1:1:1:2:2:3，-2%/-4%/-6%/-9%/-12%补) 均价止盈8% 止损离第一笔22% 拿24h,1385,57,0.97,0.79,-14.0,,1116,58,0.85,0.93,-16.1,,1115,59,0.89,1.01,-16.1,
5分钟 持仓骤降反转 补仓I(1:1:1:2:2:3，-2%/-4%/-6%/-9%/-12%补) 均价止盈8% 止损离第一笔22% 拿72h,902,64,1.05,0.82,-16.1,,756,67,0.89,0.76,-16.1,,756,67,1.09,1.01,-16.1,
5分钟 堆叠失衡回踩 补仓E(1:1:1:1:1，-2%/-4%/-6%/-8%补) 均价止盈1% 止损离第一笔11% 拿24h,11244,86,0.88,0.89,-7.5,,10067,88,0.76,0.78,-7.5,,12366,90,0.91,0.95,-7.5,
5分钟 堆叠失衡回踩 补仓E(1:1:1:1:1，-2%/-4%/-6%/-8%补) 均价止盈1% 止损离第一笔11% 拿72h,9114,94,0.89,0.89,-7.5,,8361,94,0.8,0.8,-7.5,,10770,95,0.96,0.99,-7.5,
5分钟 堆叠失衡回踩 补仓E(1:1:1:1:1，-2%/-4%/-6%/-8%补) 均价止盈1% 止损离第一笔14% 拿24h,10996,86,0.84,0.87,-10.6,,9826,88,0.75,0.77,-10.6,,11945,90,0.9,0.95,-10.6,
5分钟 堆叠失衡回踩 补仓E(1:1:1:1:1，-2%/-4%/-6%/-8%补) 均价止盈1% 止损离第一笔14% 拿72h,8536,94,0.87,0.87,-10.6,,7680,95,0.82,0.84,-10.6,,10030,96,0.94,0.94,-10.6,
5分钟 堆叠失衡回踩 补仓E(1:1:1:1:1，-2%/-4%/-6%/-8%补) 均价止盈1% 止损离第一笔18% 拿24h,10842,85,0.8,0.84,-14.7,,9698,88,0.73,0.78,-14.7,,11709,90,0.9,0.91,-14.7,
5分钟 堆叠失衡回踩 补仓E(1:1:1:1:1，-2%/-4%/-6%/-8%补) 均价止盈1% 止损离第一笔18% 拿72h,8071,94,0.79,0.86,-14.7,,7317,95,0.83,0.87,-14.7,,9384,96,0.91,0.99,-14.7,
5分钟 堆叠失衡回踩 补仓E(1:1:1:1:1，-2%/-4%/-6%/-8%补) 均价止盈2% 止损离第一笔11% 拿24h,6801,72,0.95,0.96,-7.5,,5997,76,0.88,0.86,-7.5,,6975,78,0.9,0.96,-7.5,
5分钟 堆叠失衡回踩 补仓E(1:1:1:1:1，-2%/-4%/-6%/-8%补) 均价止盈2% 止损离第一笔11% 拿72h,4776,85,0.95,0.93,-7.5,,4318,87,0.88,0.84,-7.5,,5484,88,0.93,0.98,-7.5,
5分钟 堆叠失衡回踩 补仓E(1:1:1:1:1，-2%/-4%/-6%/-8%补) 均价止盈2% 止损离第一笔14% 拿24h,6655,72,0.94,0.89,-10.6,,5884,76,0.89,0.83,-10.6,,6772,78,0.91,0.95,-10.6,
5分钟 堆叠失衡回踩 补仓E(1:1:1:1:1，-2%/-4%/-6%/-8%补) 均价止盈2% 止损离第一笔14% 拿72h,4431,86,0.88,0.85,-10.6,,4020,88,0.93,0.85,-10.6,,4966,89,0.93,0.97,-10.6,
5分钟 堆叠失衡回踩 补仓E(1:1:1:1:1，-2%/-4%/-6%/-8%补) 均价止盈2% 止损离第一笔18% 拿24h,6557,72,0.89,0.89,-14.7,,5787,76,0.88,0.82,-14.7,,6609,78,0.91,0.94,-14.7,
5分钟 堆叠失衡回踩 补仓E(1:1:1:1:1，-2%/-4%/-6%/-8%补) 均价止盈2% 止损离第一笔18% 拿72h,4158,86,0.83,0.86,-14.7,,3807,88,0.9,0.85,-14.7,,4594,89,0.91,0.94,-14.7,
5分钟 堆叠失衡回踩 补仓E(1:1:1:1:1，-2%/-4%/-6%/-8%补) 均价止盈3% 止损离第一笔11% 拿24h,5377,65,0.96,0.91,-7.5,,4585,67,0.86,0.88,-7.5,,5346,70,0.95,0.93,-7.5,
5分钟 堆叠失衡回踩 补仓E(1:1:1:1:1，-2%/-4%/-6%/-8%补) 均价止盈3% 止损离第一笔11% 拿72h,3308,77,0.88,0.95,-7.5,,2939,79,0.82,0.87,-7.5,,3705,81,0.95,0.99,-7.5,
5分钟 堆叠失衡回踩 补仓E(1:1:1:1:1，-2%/-4%/-6%/-8%补) 均价止盈3% 止损离第一笔14% 拿24h,5262,65,0.93,0.9,-10.6,,4495,67,0.87,0.84,-10.6,,5183,70,0.97,0.95,-10.6,
5分钟 堆叠失衡回踩 补仓E(1:1:1:1:1，-2%/-4%/-6%/-8%补) 均价止盈3% 止损离第一笔14% 拿72h,3067,77,0.82,0.88,-10.6,,2719,81,0.84,0.85,-10.6,,3415,83,1.01,0.99,-10.6,
5分钟 堆叠失衡回踩 补仓E(1:1:1:1:1，-2%/-4%/-6%/-8%补) 均价止盈3% 止损离第一笔18% 拿24h,5219,65,0.87,0.88,-14.7,,4454,67,0.86,0.88,-14.7,,5101,70,0.95,0.93,-14.7,
5分钟 堆叠失衡回踩 补仓E(1:1:1:1:1，-2%/-4%/-6%/-8%补) 均价止盈3% 止损离第一笔18% 拿72h,2931,78,0.8,0.88,-14.7,,2574,81,0.83,0.88,-14.7,,3176,84,0.99,0.88,-14.7,
5分钟 堆叠失衡回踩 补仓E(1:1:1:1:1，-2%/-4%/-6%/-8%补) 均价止盈5% 止损离第一笔11% 拿24h,4345,58,0.87,0.86,-7.5,,3681,60,0.91,0.86,-7.5,,4072,61,0.93,0.96,-7.5,
5分钟 堆叠失衡回踩 补仓E(1:1:1:1:1，-2%/-4%/-6%/-8%补) 均价止盈5% 止损离第一笔11% 拿72h,2175,66,0.87,0.95,-7.5,,1960,68,0.83,0.94,-7.5,,2314,69,0.94,0.95,-7.5,
5分钟 堆叠失衡回踩 补仓E(1:1:1:1:1，-2%/-4%/-6%/-8%补) 均价止盈5% 止损离第一笔14% 拿24h,4293,59,0.86,0.84,-10.6,,3612,60,0.85,0.85,-10.6,,3998,62,0.93,0.95,-10.6,
5分钟 堆叠失衡回踩 补仓E(1:1:1:1:1，-2%/-4%/-6%/-8%补) 均价止盈5% 止损离第一笔14% 拿72h,2046,68,0.89,0.87,-10.6,,1831,70,0.85,0.89,-10.6,,2139,70,0.85,0.99,-10.6,
5分钟 堆叠失衡回踩 补仓E(1:1:1:1:1，-2%/-4%/-6%/-8%补) 均价止盈5% 止损离第一笔18% 拿24h,4262,59,0.86,0.89,-14.7,,3571,60,0.82,0.85,-14.7,,3930,61,0.9,0.93,-14.7,
5分钟 堆叠失衡回踩 补仓E(1:1:1:1:1，-2%/-4%/-6%/-8%补) 均价止盈5% 止损离第一笔18% 拿72h,1976,68,0.89,0.86,-14.7,,1746,69,0.8,0.89,-14.7,,1989,72,0.98,0.98,-14.7,
5分钟 堆叠失衡回踩 补仓E(1:1:1:1:1，-2%/-4%/-6%/-8%补) 均价止盈8% 止损离第一笔11% 拿24h,3995,56,0.89,0.87,-7.5,,3343,57,0.89,0.86,-7.5,,3589,60,1.02,0.95,-7.5,
5分钟 堆叠失衡回踩 补仓E(1:1:1:1:1，-2%/-4%/-6%/-8%补) 均价止盈8% 止损离第一笔11% 拿72h,1701,61,0.87,0.95,-7.5,,1505,62,0.85,0.89,-7.5,,1701,62,0.96,0.98,-7.5,
5分钟 堆叠失衡回踩 补仓E(1:1:1:1:1，-2%/-4%/-6%/-8%补) 均价止盈8% 止损离第一笔14% 拿24h,3966,57,0.9,0.92,-10.6,,3295,57,0.85,0.88,-10.6,,3542,61,1.07,0.96,-10.6,
5分钟 堆叠失衡回踩 补仓E(1:1:1:1:1，-2%/-4%/-6%/-8%补) 均价止盈8% 止损离第一笔14% 拿72h,1634,62,0.85,0.87,-10.6,,1427,62,0.78,0.83,-10.6,,1608,65,1.06,0.98,-10.6,
5分钟 堆叠失衡回踩 补仓E(1:1:1:1:1，-2%/-4%/-6%/-8%补) 均价止盈8% 止损离第一笔18% 拿24h,3943,57,0.91,0.86,-14.7,,3272,58,0.81,0.84,-14.7,,3499,61,1.07,0.94,-14.7,
5分钟 堆叠失衡回踩 补仓E(1:1:1:1:1，-2%/-4%/-6%/-8%补) 均价止盈8% 止损离第一笔18% 拿72h,1584,63,0.77,0.88,-14.7,,1367,63,0.87,0.87,-14.7,,1517,66,1.06,0.94,-14.7,
5分钟 堆叠失衡回踩 补仓F(1:1:1:1:1:1，-1.5%/-3%/-4.5%/-6%/-7.5%补) 均价止盈1% 止损离第一笔10% 拿24h,11838,87,0.89,0.88,-7.2,,10616,89,0.8,0.8,-7.2,,13113,91,0.95,0.97,-7.2,
5分钟 堆叠失衡回踩 补仓F(1:1:1:1:1:1，-1.5%/-3%/-4.5%/-6%/-7.5%补) 均价止盈1% 止损离第一笔10% 拿72h,9777,94,0.9,0.9,-7.2,,8891,94,0.79,0.82,-7.2,,11700,96,0.99,0.98,-7.2,
5分钟 堆叠失衡回踩 补仓F(1:1:1:1:1:1，-1.5%/-3%/-4.5%/-6%/-7.5%补) 均价止盈1% 止损离第一笔14% 拿24h,11568,87,0.84,0.87,-10.3,,10333,89,0.8,0.75,-10.3,,12653,91,0.97,0.95,-10.3,
5分钟 堆叠失衡回踩 补仓F(1:1:1:1:1:1，-1.5%/-3%/-4.5%/-6%/-7.5%补) 均价止盈1% 止损离第一笔14% 拿72h,9185,95,0.84,0.89,-10.3,,8209,95,0.82,0.82,-10.3,,10680,96,1.01,0.99,-10.3,
5分钟 堆叠失衡回踩 补仓F(1:1:1:1:1:1，-1.5%/-3%/-4.5%/-6%/-7.5%补) 均价止盈1% 止损离第一笔18% 拿24h,11400,87,0.79,0.85,-14.4,,10198,89,0.79,0.75,-14.4,,12358,91,0.95,0.92,-14.4,
5分钟 堆叠失衡回踩 补仓F(1:1:1:1:1:1，-1.5%/-3%/-4.5%/-6%/-7.5%补) 均价止盈1% 止损离第一笔18% 拿72h,8659,95,0.8,0.82,-14.4,,7753,95,0.81,0.79,-14.4,,10001,96,0.98,0.93,-14.4,
5分钟 堆叠失衡回踩 补仓F(1:1:1:1:1:1，-1.5%/-3%/-4.5%/-6%/-7.5%补) 均价止盈2% 止损离第一笔10% 拿24h,6982,74,0.97,0.94,-7.2,,6143,77,0.84,0.83,-7.2,,7313,79,0.91,0.97,-7.2,
5分钟 堆叠失衡回踩 补仓F(1:1:1:1:1:1，-1.5%/-3%/-4.5%/-6%/-7.5%补) 均价止盈2% 止损离第一笔10% 拿72h,5020,86,0.95,0.95,-7.2,,4556,87,0.87,0.89,-7.2,,5790,88,0.9,0.99,-7.2,
5分钟 堆叠失衡回踩 补仓F(1:1:1:1:1:1，-1.5%/-3%/-4.5%/-6%/-7.5%补) 均价止盈2% 止损离第一笔14% 拿24h,6845,74,0.96,0.87,-10.3,,6020,78,0.85,0.79,-10.3,,7003,79,0.89,0.97,-10.3,
5分钟 堆叠失衡回踩 补仓F(1:1:1:1:1:1，-1.5%/-3%/-4.5%/-6%/-7.5%补) 均价止盈2% 止损离第一笔14% 拿72h,4652,87,0.91,0.9,-10.3,,4218,89,0.91,0.86,-10.3,,5241,89,0.92,0.97,-10.3,
5分钟 堆叠失衡回踩 补仓F(1:1:1:1:1:1，-1.5%/-3%/-4.5%/-6%/-7.5%补) 均价止盈2% 止损离第一笔18% 拿24h,6737,74,0.9,0.88,-14.4,,5914,78,0.85,0.8,-14.4,,6772,79,0.89,0.98,-14.4,
5分钟 堆叠失衡回踩 补仓F(1:1:1:1:1:1，-1.5%/-3%/-4.5%/-6%/-7.5%补) 均价止盈2% 止损离第一笔18% 拿72h,4363,87,0.83,0.88,-14.4,,3965,89,0.87,0.88,-14.4,,4744,90,0.91,0.97,-14.4,
5分钟 堆叠失衡回踩 补仓F(1:1:1:1:1:1，-1.5%/-3%/-4.5%/-6%/-7.5%补) 均价止盈3% 止损离第一笔10% 拿24h,5416,66,0.92,0.9,-7.2,,4666,69,0.84,0.87,-7.2,,5458,72,0.97,0.93,-7.2,
5分钟 堆叠失衡回踩 补仓F(1:1:1:1:1:1，-1.5%/-3%/-4.5%/-6%/-7.5%补) 均价止盈3% 止损离第一笔10% 拿72h,3386,77,0.9,0.95,-7.2,,3078,80,0.87,0.92,-7.2,,3887,81,0.95,1.0,-7.2,
5分钟 堆叠失衡回踩 补仓F(1:1:1:1:1:1，-1.5%/-3%/-4.5%/-6%/-7.5%补) 均价止盈3% 止损离第一笔14% 拿24h,5322,66,0.91,0.87,-10.3,,4589,69,0.86,0.85,-10.3,,5285,72,1.01,0.98,-10.3,
5分钟 堆叠失衡回踩 补仓F(1:1:1:1:1:1，-1.5%/-3%/-4.5%/-6%/-7.5%补) 均价止盈3% 止损离第一笔14% 拿72h,3140,78,0.83,0.89,-10.3,,2804,80,0.82,0.87,-10.3,,3543,84,1.0,0.94,-10.3,
5分钟 堆叠失衡回踩 补仓F(1:1:1:1:1:1，-1.5%/-3%/-4.5%/-6%/-7.5%补) 均价止盈3% 止损离第一笔18% 拿24h,5258,66,0.85,0.88,-14.4,,4548,69,0.85,0.84,-14.4,,5167,72,0.94,0.92,-14.4,
5分钟 堆叠失衡回踩 补仓F(1:1:1:1:1:1，-1.5%/-3%/-4.5%/-6%/-7.5%补) 均价止盈3% 止损离第一笔18% 拿72h,2974,78,0.79,0.87,-14.4,,2633,81,0.84,0.86,-14.4,,3266,84,0.95,0.93,-14.4,
5分钟 堆叠失衡回踩 补仓F(1:1:1:1:1:1，-1.5%/-3%/-4.5%/-6%/-7.5%补) 均价止盈5% 止损离第一笔10% 拿24h,4387,61,0.92,0.84,-7.2,,3697,62,0.89,0.89,-7.2,,4106,63,0.94,0.91,-7.2,
5分钟 堆叠失衡回踩 补仓F(1:1:1:1:1:1，-1.5%/-3%/-4.5%/-6%/-7.5%补) 均价止盈5% 止损离第一笔10% 拿72h,2230,67,0.9,0.93,-7.2,,2015,67,0.82,0.93,-7.2,,2390,69,0.94,0.98,-7.2,
5分钟 堆叠失衡回踩 补仓F(1:1:1:1:1:1，-1.5%/-3%/-4.5%/-6%/-7.5%补) 均价止盈5% 止损离第一笔14% 拿24h,4328,61,0.88,0.84,-10.3,,3637,63,0.88,0.8,-10.3,,4000,63,0.92,0.89,-10.3,
5分钟 堆叠失衡回踩 补仓F(1:1:1:1:1:1，-1.5%/-3%/-4.5%/-6%/-7.5%补) 均价止盈5% 止损离第一笔14% 拿72h,2103,68,0.86,0.92,-10.3,,1870,70,0.85,0.89,-10.3,,2181,72,0.9,0.95,-10.3,
5分钟 堆叠失衡回踩 补仓F(1:1:1:1:1:1，-1.5%/-3%/-4.5%/-6%/-7.5%补) 均价止盈5% 止损离第一笔18% 拿24h,4294,61,0.9,0.86,-14.4,,3599,62,0.84,0.86,-14.4,,3939,63,0.9,0.89,-14.4,
5分钟 堆叠失衡回踩 补仓F(1:1:1:1:1:1，-1.5%/-3%/-4.5%/-6%/-7.5%补) 均价止盈5% 止损离第一笔18% 拿72h,2013,69,0.87,0.85,-14.4,,1808,71,0.86,0.9,-14.4,,2017,72,0.93,0.92,-14.4,
5分钟 堆叠失衡回踩 补仓F(1:1:1:1:1:1，-1.5%/-3%/-4.5%/-6%/-7.5%补) 均价止盈8% 止损离第一笔10% 拿24h,4010,58,0.9,0.89,-7.2,,3345,59,0.9,0.86,-7.2,,3609,61,1.02,0.95,-7.2,
5分钟 堆叠失衡回踩 补仓F(1:1:1:1:1:1，-1.5%/-3%/-4.5%/-6%/-7.5%补) 均价止盈8% 止损离第一笔10% 拿72h,1738,62,0.87,0.91,-7.2,,1518,62,0.84,0.91,-7.2,,1757,63,1.02,1.01,-7.2,
5分钟 堆叠失衡回踩 补仓F(1:1:1:1:1:1，-1.5%/-3%/-4.5%/-6%/-7.5%补) 均价止盈8% 止损离第一笔14% 拿24h,3973,58,0.89,0.81,-10.3,,3301,59,0.86,0.91,-10.3,,3543,62,1.02,0.91,-10.3,
5分钟 堆叠失衡回踩 补仓F(1:1:1:1:1:1，-1.5%/-3%/-4.5%/-6%/-7.5%补) 均价止盈8% 止损离第一笔14% 拿72h,1642,62,0.83,0.89,-10.3,,1430,64,0.81,0.85,-10.3,,1616,64,0.97,0.96,-10.3,
5分钟 堆叠失衡回踩 补仓F(1:1:1:1:1:1，-1.5%/-3%/-4.5%/-6%/-7.5%补) 均价止盈8% 止损离第一笔18% 拿24h,3946,59,0.9,0.86,-14.4,,3271,59,0.79,0.87,-14.4,,3494,62,1.04,0.91,-14.4,
5分钟 堆叠失衡回踩 补仓F(1:1:1:1:1:1，-1.5%/-3%/-4.5%/-6%/-7.5%补) 均价止盈8% 止损离第一笔18% 拿72h,1605,64,0.84,0.83,-14.4,,1381,64,0.84,0.84,-14.4,,1526,66,1.06,0.93,-14.4,
5分钟 堆叠失衡回踩 补仓G(1:1:2:2:4，-2%/-4%/-6%/-8%补) 均价止盈1% 止损离第一笔11% 拿24h,11700,88,0.91,0.91,-6.1,,10426,90,0.75,0.79,-6.1,,13004,91,0.92,0.96,-6.1,
5分钟 堆叠失衡回踩 补仓G(1:1:2:2:4，-2%/-4%/-6%/-8%补) 均价止盈1% 止损离第一笔11% 拿72h,9813,95,0.9,0.94,-6.1,,9105,96,0.79,0.79,-6.1,,11764,96,0.96,1.0,-6.1,
5分钟 堆叠失衡回踩 补仓G(1:1:2:2:4，-2%/-4%/-6%/-8%补) 均价止盈1% 止损离第一笔14% 拿24h,11476,87,0.85,0.88,-9.3,,10189,90,0.72,0.75,-9.3,,12657,92,0.92,0.96,-9.3,
5分钟 堆叠失衡回踩 补仓G(1:1:2:2:4，-2%/-4%/-6%/-8%补) 均价止盈1% 止损离第一笔14% 拿72h,9339,95,0.84,0.91,-9.3,,8536,96,0.82,0.8,-9.3,,11147,97,0.92,1.02,-9.3,
5分钟 堆叠失衡回踩 补仓G(1:1:2:2:4，-2%/-4%/-6%/-8%补) 均价止盈1% 止损离第一笔18% 拿24h,11311,87,0.78,0.85,-13.5,,10068,90,0.71,0.75,-13.5,,12418,92,0.9,0.9,-13.5,
5分钟 堆叠失衡回踩 补仓G(1:1:2:2:4，-2%/-4%/-6%/-8%补) 均价止盈1% 止损离第一笔18% 拿72h,8849,96,0.75,0.79,-13.5,,8217,97,0.81,0.77,-13.5,,10537,97,0.87,0.94,-13.5,
5分钟 堆叠失衡回踩 补仓G(1:1:2:2:4，-2%/-4%/-6%/-8%补) 均价止盈2% 止损离第一笔11% 拿24h,6999,75,1.0,0.95,-6.1,,6159,79,0.84,0.84,-6.1,,7242,80,0.94,0.97,-6.1,
5分钟 堆叠失衡回踩 补仓G(1:1:2:2:4，-2%/-4%/-6%/-8%补) 均价止盈2% 止损离第一笔11% 拿72h,5169,88,0.98,0.92,-6.1,,4686,89,0.84,0.86,-6.1,,5932,90,0.94,0.95,-6.1,
5分钟 堆叠失衡回踩 补仓G(1:1:2:2:4，-2%/-4%/-6%/-8%补) 均价止盈2% 止损离第一笔14% 拿24h,6882,75,0.98,0.93,-9.3,,6042,79,0.86,0.8,-9.3,,7026,81,0.95,1.01,-9.3,
5分钟 堆叠失衡回踩 补仓G(1:1:2:2:4，-2%/-4%/-6%/-8%补) 均价止盈2% 止损离第一笔14% 拿72h,4845,89,0.93,0.87,-9.3,,4387,91,0.9,0.87,-9.3,,5454,91,0.95,0.99,-9.3,
5分钟 堆叠失衡回踩 补仓G(1:1:2:2:4，-2%/-4%/-6%/-8%补) 均价止盈2% 止损离第一笔18% 拿24h,6777,75,0.9,0.91,-13.5,,5951,79,0.84,0.78,-13.5,,6917,81,0.93,0.96,-13.5,
5分钟 堆叠失衡回踩 补仓G(1:1:2:2:4，-2%/-4%/-6%/-8%补) 均价止盈2% 止损离第一笔18% 拿72h,4592,89,0.84,0.86,-13.5,,4160,91,0.87,0.88,-13.5,,5108,92,0.91,0.93,-13.5,
5分钟 堆叠失衡回踩 补仓G(1:1:2:2:4，-2%/-4%/-6%/-8%补) 均价止盈3% 止损离第一笔11% 拿24h,5465,68,1.01,0.95,-6.1,,4623,69,0.85,0.84,-6.1,,5472,72,0.94,1.01,-6.1,
5分钟 堆叠失衡回踩 补仓G(1:1:2:2:4，-2%/-4%/-6%/-8%补) 均价止盈3% 止损离第一笔11% 拿72h,3459,80,0.92,0.94,-6.1,,3060,82,0.86,0.89,-6.1,,3973,83,0.91,1.0,-6.1,
5分钟 堆叠失衡回踩 补仓G(1:1:2:2:4，-2%/-4%/-6%/-8%补) 均价止盈3% 止损离第一笔14% 拿24h,5350,68,0.94,0.9,-9.3,,4536,69,0.84,0.83,-9.3,,5291,73,0.98,1.02,-9.3,
5分钟 堆叠失衡回踩 补仓G(1:1:2:2:4，-2%/-4%/-6%/-8%补) 均价止盈3% 止损离第一笔14% 拿72h,3239,81,0.83,0.9,-9.3,,2841,84,0.87,0.87,-9.3,,3647,86,0.98,0.95,-9.3,
5分钟 堆叠失衡回踩 补仓G(1:1:2:2:4，-2%/-4%/-6%/-8%补) 均价止盈3% 止损离第一笔18% 拿24h,5299,67,0.89,0.87,-13.5,,4489,70,0.84,0.83,-13.5,,5217,73,0.97,0.95,-13.5,
5分钟 堆叠失衡回踩 补仓G(1:1:2:2:4，-2%/-4%/-6%/-8%补) 均价止盈3% 止损离第一笔18% 拿72h,3085,81,0.82,0.82,-13.5,,2695,84,0.87,0.85,-13.5,,3401,87,0.98,0.91,-13.5,
5分钟 堆叠失衡回踩 补仓G(1:1:2:2:4，-2%/-4%/-6%/-8%补) 均价止盈5% 止损离第一笔11% 拿24h,4374,60,0.88,0.87,-6.1,,3686,63,0.88,0.81,-6.1,,4129,64,0.97,0.94,-6.1,
5分钟 堆叠失衡回踩 补仓G(1:1:2:2:4，-2%/-4%/-6%/-8%补) 均价止盈5% 止损离第一笔11% 拿72h,2225,69,0.88,0.87,-6.1,,2018,71,0.85,0.89,-6.1,,2428,73,0.97,0.95,-6.1,
5分钟 堆叠失衡回踩 补仓G(1:1:2:2:4，-2%/-4%/-6%/-8%补) 均价止盈5% 止损离第一笔14% 拿24h,4323,61,0.88,0.89,-9.3,,3628,63,0.85,0.83,-9.3,,4050,65,0.96,0.91,-9.3,
5分钟 堆叠失衡回踩 补仓G(1:1:2:2:4，-2%/-4%/-6%/-8%补) 均价止盈5% 止损离第一笔14% 拿72h,2112,71,0.86,0.88,-9.3,,1882,73,0.84,0.91,-9.3,,2284,76,0.93,0.96,-9.3,
5分钟 堆叠失衡回踩 补仓G(1:1:2:2:4，-2%/-4%/-6%/-8%补) 均价止盈5% 止损离第一笔18% 拿24h,4280,61,0.86,0.85,-13.5,,3596,63,0.84,0.83,-13.5,,3993,65,0.92,0.87,-13.5,
5分钟 堆叠失衡回踩 补仓G(1:1:2:2:4，-2%/-4%/-6%/-8%补) 均价止盈5% 止损离第一笔18% 拿72h,2015,71,0.81,0.88,-13.5,,1803,73,0.8,0.9,-13.5,,2096,77,0.97,0.95,-13.5,
5分钟 堆叠失衡回踩 补仓G(1:1:2:2:4，-2%/-4%/-6%/-8%补) 均价止盈8% 止损离第一笔11% 拿24h,4000,58,0.87,0.84,-6.1,,3347,60,0.91,0.85,-6.1,,3598,62,1.0,0.93,-6.1,
5分钟 堆叠失衡回踩 补仓G(1:1:2:2:4，-2%/-4%/-6%/-8%补) 均价止盈8% 止损离第一笔11% 拿72h,1723,64,0.87,0.92,-6.1,,1528,65,0.85,0.85,-6.1,,1736,66,1.07,0.9,-6.1,
5分钟 堆叠失衡回踩 补仓G(1:1:2:2:4，-2%/-4%/-6%/-8%补) 均价止盈8% 止损离第一笔14% 拿24h,3970,59,0.88,0.88,-9.3,,3298,60,0.8,0.9,-9.3,,3545,63,1.02,0.91,-9.3,
5分钟 堆叠失衡回踩 补仓G(1:1:2:2:4，-2%/-4%/-6%/-8%补) 均价止盈8% 止损离第一笔14% 拿72h,1644,66,0.86,0.86,-9.3,,1441,67,0.8,0.86,-9.3,,1636,70,1.09,0.92,-9.3,
5分钟 堆叠失衡回踩 补仓G(1:1:2:2:4，-2%/-4%/-6%/-8%补) 均价止盈8% 止损离第一笔18% 拿24h,3944,60,0.86,0.84,-13.5,,3277,59,0.8,0.86,-13.5,,3497,63,1.05,0.95,-13.5,
5分钟 堆叠失衡回踩 补仓G(1:1:2:2:4，-2%/-4%/-6%/-8%补) 均价止盈8% 止损离第一笔18% 拿72h,1597,67,0.74,0.86,-13.5,,1386,67,0.85,0.9,-13.5,,1552,71,1.12,0.99,-13.5,
5分钟 堆叠失衡回踩 补仓H(1:1:1:1:1:1:1:1，-1%/-2%/-3%/-4%/-5%/-6%/-7%补) 均价止盈1% 止损离第一笔10% 拿24h,12557,89,0.88,0.91,-6.9,,11316,90,0.79,0.78,-6.9,,14130,92,0.96,0.93,-6.9,
5分钟 堆叠失衡回踩 补仓H(1:1:1:1:1:1:1:1，-1%/-2%/-3%/-4%/-5%/-6%/-7%补) 均价止盈1% 止损离第一笔10% 拿72h,10586,95,0.89,0.92,-6.9,,9779,95,0.84,0.82,-6.9,,12732,96,0.96,0.97,-6.9,
5分钟 堆叠失衡回踩 补仓H(1:1:1:1:1:1:1:1，-1%/-2%/-3%/-4%/-5%/-6%/-7%补) 均价止盈1% 止损离第一笔13% 拿24h,12266,89,0.86,0.86,-10.0,,11070,90,0.78,0.78,-10.0,,13587,92,0.95,0.94,-10.0,
5分钟 堆叠失衡回踩 补仓H(1:1:1:1:1:1:1:1，-1%/-2%/-3%/-4%/-5%/-6%/-7%补) 均价止盈1% 止损离第一笔13% 拿72h,9802,95,0.88,0.88,-10.0,,8944,96,0.85,0.87,-10.0,,11657,96,0.97,0.99,-10.0,
5分钟 堆叠失衡回踩 补仓H(1:1:1:1:1:1:1:1，-1%/-2%/-3%/-4%/-5%/-6%/-7%补) 均价止盈1% 止损离第一笔17% 拿24h,12017,89,0.82,0.88,-14.1,,10875,90,0.74,0.74,-14.1,,13255,92,0.95,0.92,-14.1,
5分钟 堆叠失衡回踩 补仓H(1:1:1:1:1:1:1:1，-1%/-2%/-3%/-4%/-5%/-6%/-7%补) 均价止盈1% 止损离第一笔17% 拿72h,9269,95,0.81,0.84,-14.1,,8492,96,0.86,0.78,-14.1,,10776,97,0.95,0.96,-14.1,
5分钟 堆叠失衡回踩 补仓H(1:1:1:1:1:1:1:1，-1%/-2%/-3%/-4%/-5%/-6%/-7%补) 均价止盈2% 止损离第一笔10% 拿24h,7225,76,0.94,0.89,-6.9,,6372,79,0.85,0.87,-6.9,,7601,80,0.89,0.96,-6.9,
5分钟 堆叠失衡回踩 补仓H(1:1:1:1:1:1:1:1，-1%/-2%/-3%/-4%/-5%/-6%/-7%补) 均价止盈2% 止损离第一笔10% 拿72h,5261,87,0.96,0.95,-6.9,,4912,88,0.87,0.89,-6.9,,6230,88,0.91,0.99,-6.9,
5分钟 堆叠失衡回踩 补仓H(1:1:1:1:1:1:1:1，-1%/-2%/-3%/-4%/-5%/-6%/-7%补) 均价止盈2% 止损离第一笔13% 拿24h,7040,76,0.94,0.91,-10.0,,6222,79,0.86,0.85,-10.0,,7212,80,0.88,0.97,-10.0,
5分钟 堆叠失衡回踩 补仓H(1:1:1:1:1:1:1:1，-1%/-2%/-3%/-4%/-5%/-6%/-7%补) 均价止盈2% 止损离第一笔13% 拿72h,4862,88,0.94,0.9,-10.0,,4445,89,0.88,0.85,-10.0,,5539,90,0.91,0.96,-10.0,
5分钟 堆叠失衡回踩 补仓H(1:1:1:1:1:1:1:1，-1%/-2%/-3%/-4%/-5%/-6%/-7%补) 均价止盈2% 止损离第一笔17% 拿24h,6921,76,0.91,0.86,-14.1,,6118,79,0.83,0.81,-14.1,,6987,80,0.88,0.96,-14.1,
5分钟 堆叠失衡回踩 补仓H(1:1:1:1:1:1:1:1，-1%/-2%/-3%/-4%/-5%/-6%/-7%补) 均价止盈2% 止损离第一笔17% 拿72h,4572,88,0.9,0.88,-14.1,,4167,90,0.91,0.86,-14.1,,5039,90,0.91,0.95,-14.1,
5分钟 堆叠失衡回踩 补仓H(1:1:1:1:1:1:1:1，-1%/-2%/-3%/-4%/-5%/-6%/-7%补) 均价止盈3% 止损离第一笔10% 拿24h,5530,68,0.92,0.87,-6.9,,4776,70,0.85,0.88,-6.9,,5621,73,0.99,0.95,-6.9,
5分钟 堆叠失衡回踩 补仓H(1:1:1:1:1:1:1:1，-1%/-2%/-3%/-4%/-5%/-6%/-7%补) 均价止盈3% 止损离第一笔10% 拿72h,3509,78,0.88,0.97,-6.9,,3226,80,0.88,0.89,-6.9,,4115,82,1.01,0.99,-6.9,
5分钟 堆叠失衡回踩 补仓H(1:1:1:1:1:1:1:1，-1%/-2%/-3%/-4%/-5%/-6%/-7%补) 均价止盈3% 止损离第一笔13% 拿24h,5413,68,0.91,0.89,-10.0,,4654,71,0.86,0.85,-10.0,,5395,73,1.0,0.96,-10.0,
5分钟 堆叠失衡回踩 补仓H(1:1:1:1:1:1:1:1，-1%/-2%/-3%/-4%/-5%/-6%/-7%补) 均价止盈3% 止损离第一笔13% 拿72h,3231,79,0.86,0.87,-10.0,,2887,81,0.85,0.87,-10.0,,3689,84,1.01,0.95,-10.0,
5分钟 堆叠失衡回踩 补仓H(1:1:1:1:1:1:1:1，-1%/-2%/-3%/-4%/-5%/-6%/-7%补) 均价止盈3% 止损离第一笔17% 拿24h,5350,68,0.86,0.89,-14.1,,4612,71,0.84,0.85,-14.1,,5253,73,0.93,0.93,-14.1,
5分钟 堆叠失衡回踩 补仓H(1:1:1:1:1:1:1:1，-1%/-2%/-3%/-4%/-5%/-6%/-7%补) 均价止盈3% 止损离第一笔17% 拿72h,3029,79,0.81,0.87,-14.1,,2764,82,0.84,0.88,-14.1,,3394,84,0.94,0.95,-14.1,
5分钟 堆叠失衡回踩 补仓H(1:1:1:1:1:1:1:1，-1%/-2%/-3%/-4%/-5%/-6%/-7%补) 均价止盈5% 止损离第一笔10% 拿24h,4420,62,0.88,0.87,-6.9,,3726,63,0.86,0.86,-6.9,,4182,64,0.94,0.92,-6.9,
5分钟 堆叠失衡回踩 补仓H(1:1:1:1:1:1:1:1，-1%/-2%/-3%/-4%/-5%/-6%/-7%补) 均价止盈5% 止损离第一笔10% 拿72h,2296,68,0.89,0.92,-6.9,,2066,68,0.86,0.93,-6.9,,2506,70,1.01,0.97,-6.9,
5分钟 堆叠失衡回踩 补仓H(1:1:1:1:1:1:1:1，-1%/-2%/-3%/-4%/-5%/-6%/-7%补) 均价止盈5% 止损离第一笔13% 拿24h,4349,62,0.84,0.86,-10.0,,3648,63,0.85,0.9,-10.0,,4049,64,0.9,0.96,-10.0,
5分钟 堆叠失衡回踩 补仓H(1:1:1:1:1:1:1:1，-1%/-2%/-3%/-4%/-5%/-6%/-7%补) 均价止盈5% 止损离第一笔13% 拿72h,2118,69,0.85,0.93,-10.0,,1904,69,0.79,0.86,-10.0,,2268,72,0.91,0.93,-10.0,
5分钟 堆叠失衡回踩 补仓H(1:1:1:1:1:1:1:1，-1%/-2%/-3%/-4%/-5%/-6%/-7%补) 均价止盈5% 止损离第一笔17% 拿24h,4304,62,0.84,0.88,-14.1,,3600,62,0.8,0.9,-14.1,,3994,64,0.89,0.9,-14.1,
5分钟 堆叠失衡回踩 补仓H(1:1:1:1:1:1:1:1，-1%/-2%/-3%/-4%/-5%/-6%/-7%补) 均价止盈5% 止损离第一笔17% 拿72h,2019,70,0.89,0.88,-14.1,,1815,71,0.82,0.86,-14.1,,2121,74,0.98,0.95,-14.1,
5分钟 堆叠失衡回踩 补仓H(1:1:1:1:1:1:1:1，-1%/-2%/-3%/-4%/-5%/-6%/-7%补) 均价止盈8% 止损离第一笔10% 拿24h,4017,60,0.9,0.82,-6.9,,3365,61,0.92,0.9,-6.9,,3630,63,1.04,0.94,-6.9,
5分钟 堆叠失衡回踩 补仓H(1:1:1:1:1:1:1:1，-1%/-2%/-3%/-4%/-5%/-6%/-7%补) 均价止盈8% 止损离第一笔10% 拿72h,1749,61,0.83,0.92,-6.9,,1556,62,0.92,0.93,-6.9,,1792,63,1.02,0.94,-6.9,
5分钟 堆叠失衡回踩 补仓H(1:1:1:1:1:1:1:1，-1%/-2%/-3%/-4%/-5%/-6%/-7%补) 均价止盈8% 止损离第一笔13% 拿24h,3979,61,0.91,0.87,-10.0,,3322,61,0.87,0.87,-10.0,,3563,62,1.01,0.93,-10.0,
5分钟 堆叠失衡回踩 补仓H(1:1:1:1:1:1:1:1，-1%/-2%/-3%/-4%/-5%/-6%/-7%补) 均价止盈8% 止损离第一笔13% 拿72h,1655,65,0.89,0.92,-10.0,,1452,64,0.85,0.88,-10.0,,1646,65,1.0,0.96,-10.0,
5分钟 堆叠失衡回踩 补仓H(1:1:1:1:1:1:1:1，-1%/-2%/-3%/-4%/-5%/-6%/-7%补) 均价止盈8% 止损离第一笔17% 拿24h,3956,61,0.89,0.87,-14.1,,3290,61,0.83,0.83,-14.1,,3514,63,0.98,0.91,-14.1,
5分钟 堆叠失衡回踩 补仓H(1:1:1:1:1:1:1:1，-1%/-2%/-3%/-4%/-5%/-6%/-7%补) 均价止盈8% 止损离第一笔17% 拿72h,1604,65,0.87,0.87,-14.1,,1402,64,0.86,0.83,-14.1,,1549,66,1.0,0.92,-14.1,
5分钟 堆叠失衡回踩 补仓I(1:1:1:2:2:3，-2%/-4%/-6%/-9%/-12%补) 均价止盈1% 止损离第一笔15% 拿24h,11071,86,0.79,0.87,-8.6,,9872,89,0.73,0.73,-8.6,,12137,91,0.9,0.96,-8.6,
5分钟 堆叠失衡回踩 补仓I(1:1:1:2:2:3，-2%/-4%/-6%/-9%/-12%补) 均价止盈1% 止损离第一笔15% 拿72h,8702,95,0.8,0.85,-8.6,,7955,96,0.79,0.79,-8.6,,10388,97,0.91,1.0,-8.6,
5分钟 堆叠失衡回踩 补仓I(1:1:1:2:2:3，-2%/-4%/-6%/-9%/-12%补) 均价止盈1% 止损离第一笔18% 拿24h,10954,86,0.76,0.84,-11.8,,9809,89,0.73,0.74,-11.8,,12006,91,0.93,0.93,-11.8,
5分钟 堆叠失衡回踩 补仓I(1:1:1:2:2:3，-2%/-4%/-6%/-9%/-12%补) 均价止盈1% 止损离第一笔18% 拿72h,8376,95,0.72,0.84,-11.8,,7699,96,0.79,0.73,-11.8,,9997,97,0.93,0.96,-11.8,
5分钟 堆叠失衡回踩 补仓I(1:1:1:2:2:3，-2%/-4%/-6%/-9%/-12%补) 均价止盈1% 止损离第一笔22% 拿24h,10877,86,0.75,0.87,-16.1,,9756,89,0.69,0.7,-16.1,,11901,91,0.9,0.98,-16.1,
5分钟 堆叠失衡回踩 补仓I(1:1:1:2:2:3，-2%/-4%/-6%/-9%/-12%补) 均价止盈1% 止损离第一笔22% 拿72h,8131,95,0.73,0.81,-16.1,,7535,96,0.7,0.72,-16.1,,9617,97,0.86,0.9,-16.1,
5分钟 堆叠失衡回踩 补仓I(1:1:1:2:2:3，-2%/-4%/-6%/-9%/-12%补) 均价止盈2% 止损离第一笔15% 拿24h,6674,73,0.91,0.9,-8.6,,5930,77,0.86,0.77,-8.6,,6857,79,0.9,0.99,-8.6,
5分钟 堆叠失衡回踩 补仓I(1:1:1:2:2:3，-2%/-4%/-6%/-9%/-12%补) 均价止盈2% 止损离第一笔15% 拿72h,4496,87,0.83,0.89,-8.6,,4188,90,0.91,0.86,-8.6,,5099,90,0.87,0.95,-8.6,
5分钟 堆叠失衡回踩 补仓I(1:1:1:2:2:3，-2%/-4%/-6%/-9%/-12%补) 均价止盈2% 止损离第一笔18% 拿24h,6603,73,0.84,0.89,-11.8,,5883,77,0.87,0.78,-11.8,,6802,79,0.91,0.96,-11.8,
5分钟 堆叠失衡回踩 补仓I(1:1:1:2:2:3，-2%/-4%/-6%/-9%/-12%补) 均价止盈2% 止损离第一笔18% 拿72h,4345,87,0.75,0.8,-11.8,,4029,90,0.9,0.81,-11.8,,4939,91,0.91,0.94,-11.8,
5分钟 堆叠失衡回踩 补仓I(1:1:1:2:2:3，-2%/-4%/-6%/-9%/-12%补) 均价止盈2% 止损离第一笔22% 拿24h,6562,73,0.85,0.9,-16.1,,5858,77,0.84,0.76,-16.1,,6703,79,0.9,0.89,-16.1,
5分钟 堆叠失衡回踩 补仓I(1:1:1:2:2:3，-2%/-4%/-6%/-9%/-12%补) 均价止盈2% 止损离第一笔22% 拿72h,4166,87,0.78,0.86,-16.1,,3924,90,0.79,0.81,-16.1,,4715,91,0.9,0.96,-16.1,
5分钟 堆叠失衡回踩 补仓I(1:1:1:2:2:3，-2%/-4%/-6%/-9%/-12%补) 均价止盈3% 止损离第一笔15% 拿24h,5274,65,0.9,0.88,-8.6,,4477,68,0.82,0.79,-8.6,,5192,71,0.94,0.95,-8.6,
5分钟 堆叠失衡回踩 补仓I(1:1:1:2:2:3，-2%/-4%/-6%/-9%/-12%补) 均价止盈3% 止损离第一笔15% 拿72h,3089,79,0.82,0.91,-8.6,,2716,82,0.8,0.86,-8.6,,3464,85,0.94,0.99,-8.6,
5分钟 堆叠失衡回踩 补仓I(1:1:1:2:2:3，-2%/-4%/-6%/-9%/-12%补) 均价止盈3% 止损离第一笔18% 拿24h,5253,65,0.83,0.91,-11.8,,4464,68,0.82,0.8,-11.8,,5150,71,0.96,0.92,-11.8,
5分钟 堆叠失衡回踩 补仓I(1:1:1:2:2:3，-2%/-4%/-6%/-9%/-12%补) 均价止盈3% 止损离第一笔18% 拿72h,3010,79,0.78,0.83,-11.8,,2648,84,0.84,0.84,-11.8,,3269,86,0.96,0.93,-11.8,
5分钟 堆叠失衡回踩 补仓I(1:1:1:2:2:3，-2%/-4%/-6%/-9%/-12%补) 均价止盈3% 止损离第一笔22% 拿24h,5209,65,0.87,0.88,-16.1,,4449,68,0.79,0.86,-16.1,,5114,71,0.96,0.93,-16.1,
5分钟 堆叠失衡回踩 补仓I(1:1:1:2:2:3，-2%/-4%/-6%/-9%/-12%补) 均价止盈3% 止损离第一笔22% 拿72h,2854,79,0.74,0.78,-16.1,,2586,83,0.76,0.77,-16.1,,3153,86,0.92,0.94,-16.1,
5分钟 堆叠失衡回踩 补仓I(1:1:1:2:2:3，-2%/-4%/-6%/-9%/-12%补) 均价止盈5% 止损离第一笔15% 拿24h,4298,60,0.89,0.87,-8.6,,3619,61,0.86,0.94,-8.6,,4014,63,0.99,0.93,-8.6,
5分钟 堆叠失衡回踩 补仓I(1:1:1:2:2:3，-2%/-4%/-6%/-9%/-12%补) 均价止盈5% 止损离第一笔15% 拿72h,2043,70,0.83,0.89,-8.6,,1840,72,0.84,0.89,-8.6,,2173,74,0.93,0.93,-8.6,
5分钟 堆叠失衡回踩 补仓I(1:1:1:2:2:3，-2%/-4%/-6%/-9%/-12%补) 均价止盈5% 止损离第一笔18% 拿24h,4282,60,0.87,0.83,-11.8,,3585,61,0.84,0.85,-11.8,,3966,63,1.0,0.91,-11.8,
5分钟 堆叠失衡回踩 补仓I(1:1:1:2:2:3，-2%/-4%/-6%/-9%/-12%补) 均价止盈5% 止损离第一笔18% 拿72h,2014,71,0.82,0.82,-11.8,,1776,72,0.77,0.8,-11.8,,2063,75,1.0,0.94,-11.8,
5分钟 堆叠失衡回踩 补仓I(1:1:1:2:2:3，-2%/-4%/-6%/-9%/-12%补) 均价止盈5% 止损离第一笔22% 拿24h,4262,60,0.89,0.88,-16.1,,3580,62,0.83,0.86,-16.1,,3937,64,1.01,0.93,-16.1,
5分钟 堆叠失衡回踩 补仓I(1:1:1:2:2:3，-2%/-4%/-6%/-9%/-12%补) 均价止盈5% 止损离第一笔22% 拿72h,1939,70,0.78,0.78,-16.1,,1742,73,0.76,0.9,-16.1,,2013,75,1.01,0.94,-16.1,
5分钟 堆叠失衡回踩 补仓I(1:1:1:2:2:3，-2%/-4%/-6%/-9%/-12%补) 均价止盈8% 止损离第一笔15% 拿24h,3958,57,0.89,0.8,-8.6,,3291,58,0.82,0.92,-8.6,,3539,61,1.06,0.9,-8.6,
5分钟 堆叠失衡回踩 补仓I(1:1:1:2:2:3，-2%/-4%/-6%/-9%/-12%补) 均价止盈8% 止损离第一笔15% 拿72h,1625,64,0.83,0.85,-8.6,,1435,65,0.89,0.83,-8.6,,1605,67,0.96,0.94,-8.6,
5分钟 堆叠失衡回踩 补仓I(1:1:1:2:2:3，-2%/-4%/-6%/-9%/-12%补) 均价止盈8% 止损离第一笔18% 拿24h,3945,58,0.89,0.8,-11.8,,3273,58,0.8,0.88,-11.8,,3510,61,1.08,0.89,-11.8,
5分钟 堆叠失衡回踩 补仓I(1:1:1:2:2:3，-2%/-4%/-6%/-9%/-12%补) 均价止盈8% 止损离第一笔18% 拿72h,1589,64,0.75,0.84,-11.8,,1384,66,0.88,0.85,-11.8,,1534,68,0.96,0.97,-11.8,
5分钟 堆叠失衡回踩 补仓I(1:1:1:2:2:3，-2%/-4%/-6%/-9%/-12%补) 均价止盈8% 止损离第一笔22% 拿24h,3939,58,0.94,0.86,-16.1,,3265,59,0.79,0.87,-16.1,,3495,61,1.08,0.86,-16.1,
5分钟 堆叠失衡回踩 补仓I(1:1:1:2:2:3，-2%/-4%/-6%/-9%/-12%补) 均价止盈8% 止损离第一笔22% 拿72h,1559,64,0.72,0.82,-16.1,,1364,66,0.79,0.79,-16.1,,1474,68,0.98,0.9,-16.1,
15分钟 衰竭 补仓E(1:1:1:1:1，-2%/-4%/-6%/-8%补) 均价止盈1% 止损离第一笔11% 拿24h,6604,85,0.9,0.9,-7.5,,6480,88,0.81,0.78,-7.5,,6347,90,1.07,0.93,-7.5,
15分钟 衰竭 补仓E(1:1:1:1:1，-2%/-4%/-6%/-8%补) 均价止盈1% 止损离第一笔11% 拿72h,5673,94,0.91,0.91,-7.5,,5806,95,0.91,0.84,-7.5,,5796,95,1.05,0.98,-7.5,
15分钟 衰竭 补仓E(1:1:1:1:1，-2%/-4%/-6%/-8%补) 均价止盈1% 止损离第一笔14% 拿24h,6540,85,0.85,0.82,-10.6,,6419,88,0.78,0.76,-10.6,,6298,90,1.04,0.93,-10.6,
15分钟 衰竭 补仓E(1:1:1:1:1，-2%/-4%/-6%/-8%补) 均价止盈1% 止损离第一笔14% 拿72h,5508,94,0.87,0.81,-10.6,,5610,95,0.84,0.81,-10.6,,5630,96,0.99,0.96,-10.6,
15分钟 衰竭 补仓E(1:1:1:1:1，-2%/-4%/-6%/-8%补) 均价止盈1% 止损离第一笔18% 拿24h,6488,85,0.84,0.85,-14.7,,6372,88,0.75,0.79,-14.7,,6267,90,1.02,0.91,-14.7,
15分钟 衰竭 补仓E(1:1:1:1:1，-2%/-4%/-6%/-8%补) 均价止盈1% 止损离第一笔18% 拿72h,5370,94,0.85,0.79,-14.7,,5443,95,0.79,0.84,-14.7,,5496,96,0.97,0.91,-14.7,
15分钟 衰竭 补仓E(1:1:1:1:1，-2%/-4%/-6%/-8%补) 均价止盈2% 止损离第一笔11% 拿24h,4926,73,0.89,0.87,-7.5,,4772,77,0.92,0.86,-7.5,,4786,79,1.0,0.97,-7.5,
15分钟 衰竭 补仓E(1:1:1:1:1，-2%/-4%/-6%/-8%补) 均价止盈2% 止损离第一笔11% 拿72h,3680,85,0.92,0.95,-7.5,,3731,88,0.94,0.89,-7.5,,3977,89,1.01,0.99,-7.5,
15分钟 衰竭 补仓E(1:1:1:1:1，-2%/-4%/-6%/-8%补) 均价止盈2% 止损离第一笔14% 拿24h,4862,73,0.86,0.87,-10.6,,4718,77,0.9,0.84,-10.6,,4721,79,0.99,0.94,-10.6,
15分钟 衰竭 补仓E(1:1:1:1:1，-2%/-4%/-6%/-8%补) 均价止盈2% 止损离第一笔14% 拿72h,3485,86,0.86,0.91,-10.6,,3535,88,0.88,0.87,-10.6,,3781,90,0.98,0.9,-10.6,
15分钟 衰竭 补仓E(1:1:1:1:1，-2%/-4%/-6%/-8%补) 均价止盈2% 止损离第一笔18% 拿24h,4812,73,0.83,0.87,-14.7,,4668,77,0.91,0.86,-14.7,,4672,80,0.99,0.91,-14.7,
15分钟 衰竭 补仓E(1:1:1:1:1，-2%/-4%/-6%/-8%补) 均价止盈2% 止损离第一笔18% 拿72h,3366,86,0.84,0.83,-14.7,,3388,89,0.9,0.88,-14.7,,3630,90,0.96,0.98,-14.7,
15分钟 衰竭 补仓E(1:1:1:1:1，-2%/-4%/-6%/-8%补) 均价止盈3% 止损离第一笔11% 拿24h,4222,67,0.88,0.86,-7.5,,3971,69,0.93,0.9,-7.5,,4013,72,1.01,0.92,-7.5,
15分钟 衰竭 补仓E(1:1:1:1:1，-2%/-4%/-6%/-8%补) 均价止盈3% 止损离第一笔11% 拿72h,2830,78,0.86,0.93,-7.5,,2775,80,0.92,0.88,-7.5,,2998,82,1.02,0.92,-7.5,
15分钟 衰竭 补仓E(1:1:1:1:1，-2%/-4%/-6%/-8%补) 均价止盈3% 止损离第一笔14% 拿24h,4156,67,0.87,0.88,-10.6,,3928,69,0.92,0.86,-10.6,,3934,72,0.98,0.92,-10.6,
15分钟 衰竭 补仓E(1:1:1:1:1，-2%/-4%/-6%/-8%补) 均价止盈3% 止损离第一笔14% 拿72h,2665,79,0.84,0.86,-10.6,,2628,81,0.9,0.94,-10.6,,2786,83,0.93,0.85,-10.6,
15分钟 衰竭 补仓E(1:1:1:1:1，-2%/-4%/-6%/-8%补) 均价止盈3% 止损离第一笔18% 拿24h,4117,67,0.85,0.85,-14.7,,3881,69,0.98,0.86,-14.7,,3882,72,0.99,0.86,-14.7,
15分钟 衰竭 补仓E(1:1:1:1:1，-2%/-4%/-6%/-8%补) 均价止盈3% 止损离第一笔18% 拿72h,2562,79,0.81,0.81,-14.7,,2501,82,0.96,0.85,-14.7,,2675,84,0.95,0.91,-14.7,
15分钟 衰竭 补仓E(1:1:1:1:1，-2%/-4%/-6%/-8%补) 均价止盈5% 止损离第一笔11% 拿24h,3588,61,0.83,0.87,-7.5,,3308,62,0.97,0.9,-7.5,,3278,64,1.01,0.95,-7.5,
15分钟 衰竭 补仓E(1:1:1:1:1，-2%/-4%/-6%/-8%补) 均价止盈5% 止损离第一笔11% 拿72h,1997,67,0.84,0.93,-7.5,,1932,69,0.9,0.94,-7.5,,2033,72,0.98,0.92,-7.5,
15分钟 衰竭 补仓E(1:1:1:1:1，-2%/-4%/-6%/-8%补) 均价止盈5% 止损离第一笔14% 拿24h,3526,61,0.81,0.9,-10.6,,3273,63,0.93,0.89,-10.6,,3228,64,0.96,0.89,-10.6,
15分钟 衰竭 补仓E(1:1:1:1:1，-2%/-4%/-6%/-8%补) 均价止盈5% 止损离第一笔14% 拿72h,1884,68,0.8,0.91,-10.6,,1826,71,0.91,0.94,-10.6,,1891,72,0.9,0.94,-10.6,
15分钟 衰竭 补仓E(1:1:1:1:1，-2%/-4%/-6%/-8%补) 均价止盈5% 止损离第一笔18% 拿24h,3508,61,0.82,0.82,-14.7,,3232,63,1.01,0.91,-14.7,,3191,64,0.99,0.94,-14.7,
15分钟 衰竭 补仓E(1:1:1:1:1，-2%/-4%/-6%/-8%补) 均价止盈5% 止损离第一笔18% 拿72h,1812,68,0.78,0.81,-14.7,,1736,71,0.92,0.95,-14.7,,1810,74,0.87,0.85,-14.7,
15分钟 衰竭 补仓E(1:1:1:1:1，-2%/-4%/-6%/-8%补) 均价止盈8% 止损离第一笔11% 拿24h,3372,59,0.85,0.83,-7.5,,3057,61,0.98,0.91,-7.5,,2939,60,0.94,0.89,-7.5,
15分钟 衰竭 补仓E(1:1:1:1:1，-2%/-4%/-6%/-8%补) 均价止盈8% 止损离第一笔11% 拿72h,1629,61,0.83,0.87,-7.5,,1518,66,1.01,0.93,-7.5,,1563,64,1.01,0.9,-7.5,
15分钟 衰竭 补仓E(1:1:1:1:1，-2%/-4%/-6%/-8%补) 均价止盈8% 止损离第一笔14% 拿24h,3330,59,0.85,0.86,-10.6,,3020,61,0.97,0.92,-10.6,,2899,61,0.91,0.87,-10.6,
15分钟 衰竭 补仓E(1:1:1:1:1，-2%/-4%/-6%/-8%补) 均价止盈8% 止损离第一笔14% 拿72h,1541,63,0.85,0.91,-10.6,,1441,67,1.02,0.9,-10.6,,1481,66,0.95,0.91,-10.6,
15分钟 衰竭 补仓E(1:1:1:1:1，-2%/-4%/-6%/-8%补) 均价止盈8% 止损离第一笔18% 拿24h,3314,59,0.85,0.85,-14.7,,2990,61,1.04,0.95,-14.7,,2870,61,0.97,0.92,-14.7,
15分钟 衰竭 补仓E(1:1:1:1:1，-2%/-4%/-6%/-8%补) 均价止盈8% 止损离第一笔18% 拿72h,1510,65,0.86,0.83,-14.7,,1391,68,1.01,0.87,-14.7,,1411,67,0.92,0.92,-14.7,
15分钟 衰竭 补仓F(1:1:1:1:1:1，-1.5%/-3%/-4.5%/-6%/-7.5%补) 均价止盈1% 止损离第一笔10% 拿24h,6797,86,0.86,0.89,-7.2,,6652,89,0.79,0.83,-7.2,,6550,91,1.08,0.94,-7.2,
15分钟 衰竭 补仓F(1:1:1:1:1:1，-1.5%/-3%/-4.5%/-6%/-7.5%补) 均价止盈1% 止损离第一笔10% 拿72h,5913,94,0.9,0.85,-7.2,,6033,95,0.87,0.84,-7.2,,6053,96,1.1,0.95,-7.2,✔
15分钟 衰竭 补仓F(1:1:1:1:1:1，-1.5%/-3%/-4.5%/-6%/-7.5%补) 均价止盈1% 止损离第一笔14% 拿24h,6725,86,0.81,0.83,-10.3,,6594,89,0.77,0.75,-10.3,,6506,91,1.05,0.94,-10.3,
15分钟 衰竭 补仓F(1:1:1:1:1:1，-1.5%/-3%/-4.5%/-6%/-7.5%补) 均价止盈1% 止损离第一笔14% 拿72h,5746,94,0.84,0.83,-10.3,,5802,96,0.83,0.81,-10.3,,5892,96,1.04,0.91,-10.3,
15分钟 衰竭 补仓F(1:1:1:1:1:1，-1.5%/-3%/-4.5%/-6%/-7.5%补) 均价止盈1% 止损离第一笔18% 拿24h,6672,86,0.8,0.81,-14.4,,6544,89,0.76,0.77,-14.4,,6472,91,0.98,0.92,-14.4,
15分钟 衰竭 补仓F(1:1:1:1:1:1，-1.5%/-3%/-4.5%/-6%/-7.5%补) 均价止盈1% 止损离第一笔18% 拿72h,5575,95,0.83,0.76,-14.4,,5618,96,0.77,0.89,-14.4,,5747,96,0.96,0.97,-14.4,
15分钟 衰竭 补仓F(1:1:1:1:1:1，-1.5%/-3%/-4.5%/-6%/-7.5%补) 均价止盈2% 止损离第一笔10% 拿24h,5018,75,0.86,0.88,-7.2,,4854,78,0.9,0.87,-7.2,,4887,81,1.01,0.97,-7.2,
15分钟 衰竭 补仓F(1:1:1:1:1:1，-1.5%/-3%/-4.5%/-6%/-7.5%补) 均价止盈2% 止损离第一笔10% 拿72h,3830,86,0.9,0.89,-7.2,,3895,88,0.93,0.85,-7.2,,4119,89,1.02,0.96,-7.2,
15分钟 衰竭 补仓F(1:1:1:1:1:1，-1.5%/-3%/-4.5%/-6%/-7.5%补) 均价止盈2% 止损离第一笔14% 拿24h,4928,75,0.82,0.87,-10.4,,4782,78,0.88,0.85,-10.3,,4813,81,1.02,0.89,-10.3,
15分钟 衰竭 补仓F(1:1:1:1:1:1，-1.5%/-3%/-4.5%/-6%/-7.5%补) 均价止盈2% 止损离第一笔14% 拿72h,3612,87,0.85,0.86,-10.4,,3648,88,0.9,0.87,-10.3,,3902,90,0.99,0.98,-10.3,
15分钟 衰竭 补仓F(1:1:1:1:1:1，-1.5%/-3%/-4.5%/-6%/-7.5%补) 均价止盈2% 止损离第一笔18% 拿24h,4872,74,0.8,0.87,-14.4,,4732,78,0.89,0.8,-14.4,,4766,81,1.0,0.92,-14.4,
15分钟 衰竭 补仓F(1:1:1:1:1:1，-1.5%/-3%/-4.5%/-6%/-7.5%补) 均价止盈2% 止损离第一笔18% 拿72h,3446,87,0.78,0.87,-14.4,,3478,89,0.89,0.9,-14.4,,3731,91,0.96,0.94,-14.4,
15分钟 衰竭 补仓F(1:1:1:1:1:1，-1.5%/-3%/-4.5%/-6%/-7.5%补) 均价止盈3% 止损离第一笔10% 拿24h,4266,69,0.9,0.89,-7.2,,4018,70,0.93,0.89,-7.2,,4066,73,0.99,0.93,-7.2,
15分钟 衰竭 补仓F(1:1:1:1:1:1，-1.5%/-3%/-4.5%/-6%/-7.5%补) 均价止盈3% 止损离第一笔10% 拿72h,2923,79,0.88,0.87,-7.2,,2860,80,0.91,0.9,-7.2,,3089,82,0.99,0.95,-7.2,
15分钟 衰竭 补仓F(1:1:1:1:1:1，-1.5%/-3%/-4.5%/-6%/-7.5%补) 均价止盈3% 止损离第一笔14% 拿24h,4188,69,0.88,0.9,-10.4,,3966,71,0.9,0.84,-10.3,,3973,73,0.99,0.93,-10.3,
15分钟 衰竭 补仓F(1:1:1:1:1:1，-1.5%/-3%/-4.5%/-6%/-7.5%补) 均价止盈3% 止损离第一笔14% 拿72h,2738,80,0.84,0.89,-10.4,,2684,81,0.9,0.92,-10.3,,2856,83,0.94,0.87,-10.3,
15分钟 衰竭 补仓F(1:1:1:1:1:1，-1.5%/-3%/-4.5%/-6%/-7.5%补) 均价止盈3% 止损离第一笔18% 拿24h,4149,69,0.86,0.87,-14.4,,3914,71,0.94,0.85,-14.4,,3925,73,0.98,0.86,-14.4,
15分钟 衰竭 补仓F(1:1:1:1:1:1，-1.5%/-3%/-4.5%/-6%/-7.5%补) 均价止盈3% 止损离第一笔18% 拿72h,2612,80,0.82,0.88,-14.4,,2558,82,0.92,0.9,-14.4,,2706,84,0.93,0.87,-14.4,
15分钟 衰竭 补仓F(1:1:1:1:1:1，-1.5%/-3%/-4.5%/-6%/-7.5%补) 均价止盈5% 止损离第一笔10% 拿24h,3604,62,0.82,0.89,-7.2,,3338,64,0.94,0.94,-7.2,,3304,66,1.0,0.91,-7.2,
15分钟 衰竭 补仓F(1:1:1:1:1:1，-1.5%/-3%/-4.5%/-6%/-7.5%补) 均价止盈5% 止损离第一笔10% 拿72h,2031,68,0.85,0.94,-7.2,,1969,69,0.91,0.93,-7.2,,2076,72,0.97,0.91,-7.2,
15分钟 衰竭 补仓F(1:1:1:1:1:1，-1.5%/-3%/-4.5%/-6%/-7.5%补) 均价止盈5% 止损离第一笔14% 拿24h,3540,62,0.8,0.88,-10.4,,3293,64,0.93,0.88,-10.3,,3242,66,0.98,0.96,-10.3,
15分钟 衰竭 补仓F(1:1:1:1:1:1，-1.5%/-3%/-4.5%/-6%/-7.5%补) 均价止盈5% 止损离第一笔14% 拿72h,1911,69,0.79,0.86,-10.4,,1849,71,0.88,0.92,-10.3,,1919,74,0.93,0.86,-10.3,
15分钟 衰竭 补仓F(1:1:1:1:1:1，-1.5%/-3%/-4.5%/-6%/-7.5%补) 均价止盈5% 止损离第一笔18% 拿24h,3513,62,0.81,0.85,-14.4,,3250,64,0.98,0.9,-14.4,,3204,66,0.99,0.9,-14.4,
15分钟 衰竭 补仓F(1:1:1:1:1:1，-1.5%/-3%/-4.5%/-6%/-7.5%补) 均价止盈5% 止损离第一笔18% 拿72h,1840,70,0.8,0.8,-14.4,,1757,72,0.93,0.84,-14.4,,1843,74,0.86,0.94,-14.4,
15分钟 衰竭 补仓F(1:1:1:1:1:1，-1.5%/-3%/-4.5%/-6%/-7.5%补) 均价止盈8% 止损离第一笔10% 拿24h,3379,60,0.85,0.87,-7.2,,3068,62,1.0,0.91,-7.2,,2953,62,0.93,0.84,-7.2,
15分钟 衰竭 补仓F(1:1:1:1:1:1，-1.5%/-3%/-4.5%/-6%/-7.5%补) 均价止盈8% 止损离第一笔10% 拿72h,1638,60,0.81,0.87,-7.2,,1541,65,0.97,1.01,-7.2,,1590,63,0.94,0.87,-7.2,
15分钟 衰竭 补仓F(1:1:1:1:1:1，-1.5%/-3%/-4.5%/-6%/-7.5%补) 均价止盈8% 止损离第一笔14% 拿24h,3334,61,0.86,0.82,-10.4,,3028,62,0.96,0.91,-10.3,,2906,63,0.93,0.93,-10.3,
15分钟 衰竭 补仓F(1:1:1:1:1:1，-1.5%/-3%/-4.5%/-6%/-7.5%补) 均价止盈8% 止损离第一笔14% 拿72h,1557,64,0.84,0.87,-10.4,,1454,67,0.98,0.88,-10.3,,1488,65,0.92,0.9,-10.3,
15分钟 衰竭 补仓F(1:1:1:1:1:1，-1.5%/-3%/-4.5%/-6%/-7.5%补) 均价止盈8% 止损离第一笔18% 拿24h,3312,61,0.84,0.84,-14.4,,2997,63,1.04,0.92,-14.4,,2873,63,0.97,0.85,-14.4,
15分钟 衰竭 补仓F(1:1:1:1:1:1，-1.5%/-3%/-4.5%/-6%/-7.5%补) 均价止盈8% 止损离第一笔18% 拿72h,1517,65,0.85,0.82,-14.4,,1395,68,0.97,0.9,-14.4,,1422,67,0.92,0.88,-14.4,
15分钟 衰竭 补仓G(1:1:2:2:4，-2%/-4%/-6%/-8%补) 均价止盈1% 止损离第一笔11% 拿24h,6714,87,0.93,0.84,-6.1,,6580,90,0.75,0.77,-6.1,,6466,92,1.14,0.96,-6.1,✔
15分钟 衰竭 补仓G(1:1:2:2:4，-2%/-4%/-6%/-8%补) 均价止盈1% 止损离第一笔11% 拿72h,5904,95,0.93,0.95,-6.1,,6081,96,0.82,0.82,-6.1,,6021,97,1.05,1.03,-6.1,
15分钟 衰竭 补仓G(1:1:2:2:4，-2%/-4%/-6%/-8%补) 均价止盈1% 止损离第一笔14% 拿24h,6656,87,0.88,0.89,-9.3,,6526,90,0.71,0.77,-9.3,,6433,92,1.06,0.88,-9.3,
15分钟 衰竭 补仓G(1:1:2:2:4，-2%/-4%/-6%/-8%补) 均价止盈1% 止损离第一笔14% 拿72h,5772,96,0.83,0.85,-9.3,,5907,96,0.73,0.84,-9.3,,5911,97,0.94,0.89,-9.3,
15分钟 衰竭 补仓G(1:1:2:2:4，-2%/-4%/-6%/-8%补) 均价止盈1% 止损离第一笔18% 拿24h,6612,87,0.88,0.75,-13.5,,6487,90,0.7,0.7,-13.5,,6399,92,1.01,0.87,-13.5,
15分钟 衰竭 补仓G(1:1:2:2:4，-2%/-4%/-6%/-8%补) 均价止盈1% 止损离第一笔18% 拿72h,5653,96,0.79,0.8,-13.5,,5755,96,0.68,0.91,-13.5,,5798,97,0.85,0.9,-13.5,
15分钟 衰竭 补仓G(1:1:2:2:4，-2%/-4%/-6%/-8%补) 均价止盈2% 止损离第一笔11% 拿24h,4994,75,0.9,0.91,-6.1,,4843,79,0.91,0.86,-6.1,,4870,82,1.04,0.95,-6.1,
15分钟 衰竭 补仓G(1:1:2:2:4，-2%/-4%/-6%/-8%补) 均价止盈2% 止损离第一笔11% 拿72h,3844,88,0.93,0.91,-6.1,,3948,90,0.94,0.92,-6.1,,4157,91,1.02,0.97,-6.1,
15分钟 衰竭 补仓G(1:1:2:2:4，-2%/-4%/-6%/-8%补) 均价止盈2% 止损离第一笔14% 拿24h,4942,75,0.83,0.83,-9.3,,4789,79,0.87,0.84,-9.3,,4819,82,1.02,0.97,-9.3,
15分钟 衰竭 补仓G(1:1:2:2:4，-2%/-4%/-6%/-8%补) 均价止盈2% 止损离第一笔14% 拿72h,3668,89,0.85,0.84,-9.3,,3759,91,0.87,0.9,-9.3,,4019,92,0.96,0.97,-9.3,
15分钟 衰竭 补仓G(1:1:2:2:4，-2%/-4%/-6%/-8%补) 均价止盈2% 止损离第一笔18% 拿24h,4894,75,0.81,0.85,-13.5,,4742,79,0.9,0.8,-13.5,,4769,82,1.02,0.97,-13.5,
15分钟 衰竭 补仓G(1:1:2:2:4，-2%/-4%/-6%/-8%补) 均价止盈2% 止损离第一笔18% 拿72h,3547,89,0.8,0.82,-13.5,,3620,91,0.86,0.92,-13.5,,3867,93,0.95,0.9,-13.5,
15分钟 衰竭 补仓G(1:1:2:2:4，-2%/-4%/-6%/-8%补) 均价止盈3% 止损离第一笔11% 拿24h,4257,69,0.84,0.85,-6.1,,4002,71,0.9,0.84,-6.1,,4058,74,1.02,0.95,-6.1,
15分钟 衰竭 补仓G(1:1:2:2:4，-2%/-4%/-6%/-8%补) 均价止盈3% 止损离第一笔11% 拿72h,2905,80,0.81,0.9,-6.1,,2887,82,0.89,0.89,-6.1,,3123,85,1.01,0.94,-6.1,
15分钟 衰竭 补仓G(1:1:2:2:4，-2%/-4%/-6%/-8%补) 均价止盈3% 止损离第一笔14% 拿24h,4192,69,0.8,0.81,-9.3,,3960,71,0.88,0.85,-9.3,,3993,74,0.97,0.94,-9.3,
15分钟 衰竭 补仓G(1:1:2:2:4，-2%/-4%/-6%/-8%补) 均价止盈3% 止损离第一笔14% 拿72h,2765,81,0.77,0.78,-9.3,,2748,84,0.88,0.88,-9.3,,2943,86,0.91,0.91,-9.3,
15分钟 衰竭 补仓G(1:1:2:2:4，-2%/-4%/-6%/-8%补) 均价止盈3% 止损离第一笔18% 拿24h,4150,69,0.79,0.83,-13.5,,3914,72,0.96,0.83,-13.5,,3949,74,0.98,0.88,-13.5,
15分钟 衰竭 补仓G(1:1:2:2:4，-2%/-4%/-6%/-8%补) 均价止盈3% 止损离第一笔18% 拿72h,2650,82,0.74,0.79,-13.5,,2638,85,0.91,0.86,-13.5,,2810,86,0.93,0.91,-13.5,
15分钟 衰竭 补仓G(1:1:2:2:4，-2%/-4%/-6%/-8%补) 均价止盈5% 止损离第一笔11% 拿24h,3597,63,0.8,0.86,-6.1,,3322,65,0.97,0.88,-6.1,,3305,67,1.0,0.9,-6.1,
15分钟 衰竭 补仓G(1:1:2:2:4，-2%/-4%/-6%/-8%补) 均价止盈5% 止损离第一笔11% 拿72h,2038,70,0.81,0.86,-6.1,,1948,71,0.88,0.92,-6.1,,2098,75,1.0,0.96,-6.1,
15分钟 衰竭 补仓G(1:1:2:2:4，-2%/-4%/-6%/-8%补) 均价止盈5% 止损离第一笔14% 拿24h,3538,63,0.79,0.9,-9.3,,3286,65,0.9,0.9,-9.3,,3256,67,0.94,0.89,-9.3,
15分钟 衰竭 补仓G(1:1:2:2:4，-2%/-4%/-6%/-8%补) 均价止盈5% 止损离第一笔14% 拿72h,1924,72,0.79,0.82,-9.3,,1847,74,0.89,0.9,-9.3,,1960,76,0.88,0.89,-9.3,
15分钟 衰竭 补仓G(1:1:2:2:4，-2%/-4%/-6%/-8%补) 均价止盈5% 止损离第一笔18% 拿24h,3522,63,0.79,0.81,-13.5,,3242,65,1.01,0.9,-13.5,,3219,67,0.98,0.89,-13.5,
15分钟 衰竭 补仓G(1:1:2:2:4，-2%/-4%/-6%/-8%补) 均价止盈5% 止损离第一笔18% 拿72h,1855,73,0.78,0.77,-13.5,,1766,75,0.85,0.98,-13.5,,1887,77,0.87,0.89,-13.5,
15分钟 衰竭 补仓G(1:1:2:2:4，-2%/-4%/-6%/-8%补) 均价止盈8% 止损离第一笔11% 拿24h,3375,61,0.79,0.86,-6.1,,3063,63,0.96,0.88,-6.1,,2944,63,0.94,0.9,-6.1,
15分钟 衰竭 补仓G(1:1:2:2:4，-2%/-4%/-6%/-8%补) 均价止盈8% 止损离第一笔11% 拿72h,1635,64,0.8,0.87,-6.1,,1531,68,1.01,0.89,-6.1,,1574,67,0.99,0.9,-6.1,
15分钟 衰竭 补仓G(1:1:2:2:4，-2%/-4%/-6%/-8%补) 均价止盈8% 止损离第一笔14% 拿24h,3332,61,0.83,0.84,-9.3,,3027,64,0.97,0.85,-9.3,,2903,64,0.88,0.9,-9.3,
15分钟 衰竭 补仓G(1:1:2:2:4，-2%/-4%/-6%/-8%补) 均价止盈8% 止损离第一笔14% 拿72h,1561,66,0.81,0.84,-9.3,,1453,70,1.06,0.85,-9.3,,1502,69,0.93,0.9,-9.3,
15分钟 衰竭 补仓G(1:1:2:2:4，-2%/-4%/-6%/-8%补) 均价止盈8% 止损离第一笔18% 拿24h,3316,61,0.82,0.84,-13.5,,2998,64,1.06,0.91,-13.5,,2873,64,0.96,0.87,-13.5,
15分钟 衰竭 补仓G(1:1:2:2:4，-2%/-4%/-6%/-8%补) 均价止盈8% 止损离第一笔18% 拿72h,1520,67,0.8,0.81,-13.5,,1405,72,1.08,0.95,-13.5,,1439,70,0.88,0.83,-13.5,
15分钟 衰竭 补仓H(1:1:1:1:1:1:1:1，-1%/-2%/-3%/-4%/-5%/-6%/-7%补) 均价止盈1% 止损离第一笔10% 拿24h,6954,88,0.89,0.85,-6.9,,6864,90,0.8,0.76,-6.9,,6755,92,1.07,0.92,-6.9,
15分钟 衰竭 补仓H(1:1:1:1:1:1:1:1，-1%/-2%/-3%/-4%/-5%/-6%/-7%补) 均价止盈1% 止损离第一笔10% 拿72h,6192,95,0.94,0.9,-6.9,,6318,95,0.86,0.77,-6.9,,6311,96,1.09,0.95,-6.9,
15分钟 衰竭 补仓H(1:1:1:1:1:1:1:1，-1%/-2%/-3%/-4%/-5%/-6%/-7%补) 均价止盈1% 止损离第一笔13% 拿24h,6874,88,0.85,0.79,-10.0,,6790,90,0.76,0.74,-10.0,,6691,93,1.06,0.91,-10.0,
15分钟 衰竭 补仓H(1:1:1:1:1:1:1:1，-1%/-2%/-3%/-4%/-5%/-6%/-7%补) 均价止盈1% 止损离第一笔13% 拿72h,5970,95,0.89,0.84,-10.0,,6045,96,0.83,0.86,-10.0,,6125,97,1.05,0.95,-10.0,
15分钟 衰竭 补仓H(1:1:1:1:1:1:1:1，-1%/-2%/-3%/-4%/-5%/-6%/-7%补) 均价止盈1% 止损离第一笔17% 拿24h,6819,88,0.84,0.83,-14.1,,6730,90,0.74,0.75,-14.1,,6650,93,1.01,0.87,-14.1,
15分钟 衰竭 补仓H(1:1:1:1:1:1:1:1，-1%/-2%/-3%/-4%/-5%/-6%/-7%补) 均价止盈1% 止损离第一笔17% 拿72h,5816,95,0.86,0.81,-14.1,,5864,96,0.77,0.87,-14.1,,5960,97,1.01,0.89,-14.1,
15分钟 衰竭 补仓H(1:1:1:1:1:1:1:1，-1%/-2%/-3%/-4%/-5%/-6%/-7%补) 均价止盈2% 止损离第一笔10% 拿24h,5110,77,0.9,0.91,-6.9,,4965,79,0.89,0.89,-6.9,,5003,82,0.99,0.95,-6.9,
15分钟 衰竭 补仓H(1:1:1:1:1:1:1:1，-1%/-2%/-3%/-4%/-5%/-6%/-7%补) 均价止盈2% 止损离第一笔10% 拿72h,3950,87,0.96,0.92,-6.9,,4045,88,0.91,0.89,-6.9,,4308,89,1.02,0.95,-6.9,
15分钟 衰竭 补仓H(1:1:1:1:1:1:1:1，-1%/-2%/-3%/-4%/-5%/-6%/-7%补) 均价止盈2% 止损离第一笔13% 拿24h,5025,77,0.86,0.83,-10.0,,4888,80,0.87,0.84,-10.0,,4896,82,1.0,0.94,-10.0,
15分钟 衰竭 补仓H(1:1:1:1:1:1:1:1，-1%/-2%/-3%/-4%/-5%/-6%/-7%补) 均价止盈2% 止损离第一笔13% 拿72h,3742,87,0.87,0.87,-10.0,,3797,89,0.89,0.92,-10.0,,4030,91,1.0,0.96,-10.0,
15分钟 衰竭 补仓H(1:1:1:1:1:1:1:1，-1%/-2%/-3%/-4%/-5%/-6%/-7%补) 均价止盈2% 止损离第一笔17% 拿24h,4967,77,0.83,0.86,-14.1,,4828,80,0.88,0.86,-14.1,,4837,82,0.98,0.95,-14.1,
15分钟 衰竭 补仓H(1:1:1:1:1:1:1:1，-1%/-2%/-3%/-4%/-5%/-6%/-7%补) 均价止盈2% 止损离第一笔17% 拿72h,3580,88,0.82,0.85,-14.1,,3614,89,0.88,0.89,-14.1,,3834,91,0.94,0.91,-14.1,
15分钟 衰竭 补仓H(1:1:1:1:1:1:1:1，-1%/-2%/-3%/-4%/-5%/-6%/-7%补) 均价止盈3% 止损离第一笔10% 拿24h,4319,70,0.89,0.91,-6.9,,4075,72,0.92,0.91,-6.9,,4183,75,1.02,1.0,-6.9,
15分钟 衰竭 补仓H(1:1:1:1:1:1:1:1，-1%/-2%/-3%/-4%/-5%/-6%/-7%补) 均价止盈3% 止损离第一笔10% 拿72h,3012,80,0.9,0.9,-6.9,,2960,81,0.95,0.86,-6.9,,3222,83,1.03,0.91,-6.9,
15分钟 衰竭 补仓H(1:1:1:1:1:1:1:1，-1%/-2%/-3%/-4%/-5%/-6%/-7%补) 均价止盈3% 止损离第一笔13% 拿24h,4242,70,0.87,0.85,-10.0,,4007,72,0.88,0.87,-10.0,,4057,75,1.01,0.95,-10.0,
15分钟 衰竭 补仓H(1:1:1:1:1:1:1:1，-1%/-2%/-3%/-4%/-5%/-6%/-7%补) 均价止盈3% 止损离第一笔13% 拿72h,2812,81,0.87,0.89,-10.0,,2752,82,0.96,0.87,-10.0,,2988,84,0.99,0.96,-10.0,
15分钟 衰竭 补仓H(1:1:1:1:1:1:1:1，-1%/-2%/-3%/-4%/-5%/-6%/-7%补) 均价止盈3% 止损离第一笔17% 拿24h,4213,70,0.84,0.81,-14.1,,3948,72,0.94,0.85,-14.1,,4006,75,1.0,0.91,-14.1,
15分钟 衰竭 补仓H(1:1:1:1:1:1:1:1，-1%/-2%/-3%/-4%/-5%/-6%/-7%补) 均价止盈3% 止损离第一笔17% 拿72h,2683,81,0.84,0.84,-14.1,,2617,83,0.94,0.91,-14.1,,2808,85,0.95,0.92,-14.1,
15分钟 衰竭 补仓H(1:1:1:1:1:1:1:1，-1%/-2%/-3%/-4%/-5%/-6%/-7%补) 均价止盈5% 止损离第一笔10% 拿24h,3614,64,0.83,0.88,-6.9,,3374,66,0.96,0.91,-6.9,,3339,67,0.96,0.89,-6.9,
15分钟 衰竭 补仓H(1:1:1:1:1:1:1:1，-1%/-2%/-3%/-4%/-5%/-6%/-7%补) 均价止盈5% 止损离第一笔10% 拿72h,2059,68,0.86,0.93,-6.9,,2032,69,0.88,0.88,-6.9,,2137,71,0.94,0.94,-6.9,
15分钟 衰竭 补仓H(1:1:1:1:1:1:1:1，-1%/-2%/-3%/-4%/-5%/-6%/-7%补) 均价止盈5% 止损离第一笔13% 拿24h,3559,64,0.81,0.92,-10.0,,3324,67,0.94,0.87,-10.0,,3256,68,0.98,1.0,-10.0,
15分钟 衰竭 补仓H(1:1:1:1:1:1:1:1，-1%/-2%/-3%/-4%/-5%/-6%/-7%补) 均价止盈5% 止损离第一笔13% 拿72h,1935,70,0.79,0.92,-10.0,,1873,70,0.86,0.95,-10.0,,1948,74,0.96,0.89,-10.0,
15分钟 衰竭 补仓H(1:1:1:1:1:1:1:1，-1%/-2%/-3%/-4%/-5%/-6%/-7%补) 均价止盈5% 止损离第一笔17% 拿24h,3527,65,0.82,0.86,-14.1,,3277,67,1.01,0.88,-14.1,,3218,68,1.0,0.93,-14.1,
15分钟 衰竭 补仓H(1:1:1:1:1:1:1:1，-1%/-2%/-3%/-4%/-5%/-6%/-7%补) 均价止盈5% 止损离第一笔17% 拿72h,1850,71,0.79,0.85,-14.1,,1778,72,0.91,0.98,-14.1,,1874,76,0.9,0.94,-14.1,
15分钟 衰竭 补仓H(1:1:1:1:1:1:1:1，-1%/-2%/-3%/-4%/-5%/-6%/-7%补) 均价止盈8% 止损离第一笔10% 拿24h,3386,63,0.88,0.86,-6.9,,3091,64,0.99,0.97,-6.9,,2989,64,0.89,0.92,-6.9,
15分钟 衰竭 补仓H(1:1:1:1:1:1:1:1，-1%/-2%/-3%/-4%/-5%/-6%/-7%补) 均价止盈8% 止损离第一笔10% 拿72h,1660,61,0.81,0.89,-6.9,,1583,66,1.02,0.9,-6.9,,1621,63,0.93,0.89,-6.9,
15分钟 衰竭 补仓H(1:1:1:1:1:1:1:1，-1%/-2%/-3%/-4%/-5%/-6%/-7%补) 均价止盈8% 止损离第一笔13% 拿24h,3340,63,0.88,0.8,-10.0,,3037,65,0.97,0.91,-10.0,,2911,64,0.92,0.9,-10.0,
15分钟 衰竭 补仓H(1:1:1:1:1:1:1:1，-1%/-2%/-3%/-4%/-5%/-6%/-7%补) 均价止盈8% 止损离第一笔13% 拿72h,1574,65,0.86,0.93,-10.0,,1467,67,0.96,0.82,-10.0,,1507,66,0.93,0.9,-10.0,
15分钟 衰竭 补仓H(1:1:1:1:1:1:1:1，-1%/-2%/-3%/-4%/-5%/-6%/-7%补) 均价止盈8% 止损离第一笔17% 拿24h,3317,63,0.85,0.84,-14.1,,3004,65,1.06,0.9,-14.1,,2883,65,0.97,0.84,-14.1,
15分钟 衰竭 补仓H(1:1:1:1:1:1:1:1，-1%/-2%/-3%/-4%/-5%/-6%/-7%补) 均价止盈8% 止损离第一笔17% 拿72h,1531,66,0.86,0.84,-14.1,,1405,69,1.0,0.9,-14.1,,1430,67,0.91,0.95,-14.1,
15分钟 衰竭 补仓I(1:1:1:2:2:3，-2%/-4%/-6%/-9%/-12%补) 均价止盈1% 止损离第一笔15% 拿24h,6558,86,0.86,0.81,-8.6,,6460,89,0.74,0.73,-8.6,,6322,91,1.07,0.95,-8.6,
15分钟 衰竭 补仓I(1:1:1:2:2:3，-2%/-4%/-6%/-9%/-12%补) 均价止盈1% 止损离第一笔15% 拿72h,5584,95,0.83,0.8,-8.6,,5736,96,0.78,0.79,-8.6,,5704,97,0.93,0.92,-8.6,
15分钟 衰竭 补仓I(1:1:1:2:2:3，-2%/-4%/-6%/-9%/-12%补) 均价止盈1% 止损离第一笔18% 拿24h,6525,86,0.88,0.83,-11.8,,6430,89,0.73,0.72,-11.8,,6301,91,0.99,0.91,-11.8,
15分钟 衰竭 补仓I(1:1:1:2:2:3，-2%/-4%/-6%/-9%/-12%补) 均价止盈1% 止损离第一笔18% 拿72h,5516,95,0.82,0.79,-11.8,,5647,96,0.71,0.79,-11.8,,5625,97,0.87,0.89,-11.8,
15分钟 衰竭 补仓I(1:1:1:2:2:3，-2%/-4%/-6%/-9%/-12%补) 均价止盈1% 止损离第一笔22% 拿24h,6510,86,0.9,0.91,-14.0,,6411,89,0.72,0.74,-16.1,,6285,91,0.95,0.93,-16.1,
15分钟 衰竭 补仓I(1:1:1:2:2:3，-2%/-4%/-6%/-9%/-12%补) 均价止盈1% 止损离第一笔22% 拿72h,5460,95,0.78,0.72,-16.1,,5533,96,0.74,0.76,-16.1,,5565,97,0.81,0.9,-16.1,
15分钟 衰竭 补仓I(1:1:1:2:2:3，-2%/-4%/-6%/-9%/-12%补) 均价止盈2% 止损离第一笔15% 拿24h,4868,74,0.85,0.84,-8.6,,4734,78,0.87,0.81,-8.6,,4732,81,0.98,0.94,-8.6,
15分钟 衰竭 补仓I(1:1:1:2:2:3，-2%/-4%/-6%/-9%/-12%补) 均价止盈2% 止损离第一笔15% 拿72h,3555,88,0.82,0.81,-8.6,,3572,90,0.87,0.86,-8.6,,3845,91,0.95,0.93,-8.6,
15分钟 衰竭 补仓I(1:1:1:2:2:3，-2%/-4%/-6%/-9%/-12%补) 均价止盈2% 止损离第一笔18% 拿24h,4837,74,0.85,0.84,-11.8,,4704,78,0.89,0.78,-11.8,,4704,81,0.95,0.9,-11.8,
15分钟 衰竭 补仓I(1:1:1:2:2:3，-2%/-4%/-6%/-9%/-12%补) 均价止盈2% 止损离第一笔18% 拿72h,3485,88,0.8,0.75,-11.8,,3494,91,0.86,0.85,-11.8,,3743,92,0.92,0.85,-11.8,
15分钟 衰竭 补仓I(1:1:1:2:2:3，-2%/-4%/-6%/-9%/-12%补) 均价止盈2% 止损离第一笔22% 拿24h,4813,74,0.86,0.84,-14.7,,4690,78,0.85,0.8,-16.1,,4674,81,0.94,0.9,-16.1,
15分钟 衰竭 补仓I(1:1:1:2:2:3，-2%/-4%/-6%/-9%/-12%补) 均价止盈2% 止损离第一笔22% 拿72h,3405,88,0.79,0.76,-16.1,,3419,90,0.8,0.84,-16.1,,3675,92,0.86,0.86,-16.1,
15分钟 衰竭 补仓I(1:1:1:2:2:3，-2%/-4%/-6%/-9%/-12%补) 均价止盈3% 止损离第一笔15% 拿24h,4161,68,0.84,0.79,-8.6,,3918,70,0.93,0.88,-8.6,,3945,73,0.99,0.89,-8.6,
15分钟 衰竭 补仓I(1:1:1:2:2:3，-2%/-4%/-6%/-9%/-12%补) 均价止盈3% 止损离第一笔15% 拿72h,2685,81,0.8,0.81,-8.6,,2645,84,0.87,0.84,-8.6,,2830,85,0.93,0.98,-8.6,
15分钟 衰竭 补仓I(1:1:1:2:2:3，-2%/-4%/-6%/-9%/-12%补) 均价止盈3% 止损离第一笔18% 拿24h,4134,68,0.84,0.84,-11.8,,3895,70,0.97,0.84,-11.8,,3914,73,0.96,0.91,-11.8,
15分钟 衰竭 补仓I(1:1:1:2:2:3，-2%/-4%/-6%/-9%/-12%补) 均价止盈3% 止损离第一笔18% 拿72h,2621,81,0.78,0.77,-11.8,,2564,84,0.92,0.97,-11.8,,2746,86,0.93,0.96,-11.8,
15分钟 衰竭 补仓I(1:1:1:2:2:3，-2%/-4%/-6%/-9%/-12%补) 均价止盈3% 止损离第一笔22% 拿24h,4109,68,0.86,0.85,-14.7,,3881,70,0.99,0.83,-16.1,,3888,73,0.96,0.94,-16.1,
15分钟 衰竭 补仓I(1:1:1:2:2:3，-2%/-4%/-6%/-9%/-12%补) 均价止盈3% 止损离第一笔22% 拿72h,2532,81,0.8,0.78,-16.1,,2525,84,0.83,0.89,-16.1,,2670,86,0.91,0.87,-16.1,
15分钟 衰竭 补仓I(1:1:1:2:2:3，-2%/-4%/-6%/-9%/-12%补) 均价止盈5% 止损离第一笔15% 拿24h,3525,62,0.77,0.82,-8.6,,3260,64,0.94,0.89,-8.6,,3231,65,0.96,0.93,-8.6,
15分钟 衰竭 补仓I(1:1:1:2:2:3，-2%/-4%/-6%/-9%/-12%补) 均价止盈5% 止损离第一笔15% 拿72h,1879,70,0.78,0.87,-8.6,,1804,72,0.84,0.9,-8.6,,1911,75,0.89,0.91,-8.6,
15分钟 衰竭 补仓I(1:1:1:2:2:3，-2%/-4%/-6%/-9%/-12%补) 均价止盈5% 止损离第一笔18% 拿24h,3512,62,0.79,0.79,-11.8,,3240,64,1.0,0.91,-11.8,,3208,65,0.94,0.9,-11.8,
15分钟 衰竭 补仓I(1:1:1:2:2:3，-2%/-4%/-6%/-9%/-12%补) 均价止盈5% 止损离第一笔18% 拿72h,1833,71,0.79,0.79,-11.8,,1745,74,0.83,0.82,-11.8,,1861,76,0.85,0.89,-11.8,
15分钟 衰竭 补仓I(1:1:1:2:2:3，-2%/-4%/-6%/-9%/-12%补) 均价止盈5% 止损离第一笔22% 拿24h,3494,62,0.83,0.87,-14.0,,3224,64,1.05,0.86,-16.1,,3187,66,0.93,0.91,-16.1,
15分钟 衰竭 补仓I(1:1:1:2:2:3，-2%/-4%/-6%/-9%/-12%补) 均价止盈5% 止损离第一笔22% 拿72h,1786,72,0.79,0.8,-16.1,,1718,74,0.81,0.89,-16.1,,1789,76,0.82,0.91,-16.1,
15分钟 衰竭 补仓I(1:1:1:2:2:3，-2%/-4%/-6%/-9%/-12%补) 均价止盈8% 止损离第一笔15% 拿24h,3326,60,0.83,0.85,-8.6,,3010,62,1.03,0.9,-8.6,,2892,62,0.94,0.89,-8.6,
15分钟 衰竭 补仓I(1:1:1:2:2:3，-2%/-4%/-6%/-9%/-12%补) 均价止盈8% 止损离第一笔15% 拿72h,1538,64,0.82,0.84,-8.6,,1428,70,1.05,0.9,-8.6,,1467,68,0.91,1.01,-8.6,
15分钟 衰竭 补仓I(1:1:1:2:2:3，-2%/-4%/-6%/-9%/-12%补) 均价止盈8% 止损离第一笔18% 拿24h,3315,60,0.82,0.82,-11.8,,2995,63,1.09,0.94,-11.8,,2871,62,0.97,0.92,-11.8,
15分钟 衰竭 补仓I(1:1:1:2:2:3，-2%/-4%/-6%/-9%/-12%补) 均价止盈8% 止损离第一笔18% 拿72h,1518,66,0.82,0.84,-11.8,,1397,71,1.01,0.88,-11.8,,1426,69,0.91,0.96,-11.8,
15分钟 衰竭 补仓I(1:1:1:2:2:3，-2%/-4%/-6%/-9%/-12%补) 均价止盈8% 止损离第一笔22% 拿24h,3303,60,0.88,0.9,-14.0,,2981,63,1.17,0.82,-16.1,✔,2859,62,0.92,0.96,-16.1,
15分钟 衰竭 补仓I(1:1:1:2:2:3，-2%/-4%/-6%/-9%/-12%补) 均价止盈8% 止损离第一笔22% 拿72h,1476,66,0.79,0.78,-16.1,,1378,72,1.02,0.86,-16.1,,1381,70,0.86,0.87,-16.1,
15分钟 Delta背离 补仓E(1:1:1:1:1，-2%/-4%/-6%/-8%补) 均价止盈1% 止损离第一笔11% 拿24h,5137,84,0.83,0.83,-7.5,,4913,87,0.81,0.8,-7.5,,4865,89,0.96,0.96,-7.5,
15分钟 Delta背离 补仓E(1:1:1:1:1，-2%/-4%/-6%/-8%补) 均价止盈1% 止损离第一笔11% 拿72h,4478,93,0.83,0.83,-7.5,,4398,94,0.88,0.84,-7.5,,4472,95,0.98,0.91,-7.5,
15分钟 Delta背离 补仓E(1:1:1:1:1，-2%/-4%/-6%/-8%补) 均价止盈1% 止损离第一笔14% 拿24h,5093,84,0.79,0.88,-10.6,,4884,87,0.77,0.77,-10.6,,4828,89,0.93,0.89,-10.6,
15分钟 Delta背离 补仓E(1:1:1:1:1，-2%/-4%/-6%/-8%补) 均价止盈1% 止损离第一笔14% 拿72h,4371,93,0.79,0.82,-10.6,,4297,95,0.81,0.84,-10.6,,4357,96,0.91,0.91,-10.6,
15分钟 Delta背离 补仓E(1:1:1:1:1，-2%/-4%/-6%/-8%补) 均价止盈1% 止损离第一笔18% 拿24h,5075,84,0.83,0.78,-13.6,,4869,87,0.76,0.77,-14.7,,4808,89,0.91,0.91,-14.7,
15分钟 Delta背离 补仓E(1:1:1:1:1，-2%/-4%/-6%/-8%补) 均价止盈1% 止损离第一笔18% 拿72h,4276,94,0.82,0.71,-14.7,,4200,95,0.82,0.94,-14.7,,4275,96,0.87,0.87,-14.7,
15分钟 Delta背离 补仓E(1:1:1:1:1，-2%/-4%/-6%/-8%补) 均价止盈2% 止损离第一笔11% 拿24h,4022,72,0.82,0.88,-7.5,,3828,75,0.9,0.88,-7.5,,3804,78,0.94,0.94,-7.5,
15分钟 Delta背离 补仓E(1:1:1:1:1，-2%/-4%/-6%/-8%补) 均价止盈2% 止损离第一笔11% 拿72h,3111,85,0.9,0.88,-7.5,,3046,87,0.95,0.9,-7.5,,3214,88,0.97,0.95,-7.5,
15分钟 Delta背离 补仓E(1:1:1:1:1，-2%/-4%/-6%/-8%补) 均价止盈2% 止损离第一笔14% 拿24h,3974,72,0.8,0.82,-10.6,,3801,75,0.88,0.8,-10.6,,3756,78,0.91,0.91,-10.6,
15分钟 Delta背离 补仓E(1:1:1:1:1，-2%/-4%/-6%/-8%补) 均价止盈2% 止损离第一笔14% 拿72h,2990,86,0.84,0.84,-10.6,,2942,88,0.94,0.95,-10.6,,3065,89,0.89,0.88,-10.6,
15分钟 Delta背离 补仓E(1:1:1:1:1，-2%/-4%/-6%/-8%补) 均价止盈2% 止损离第一笔18% 拿24h,3947,72,0.83,0.82,-14.7,,3783,75,0.93,0.87,-14.7,,3728,78,0.92,0.88,-14.7,
15分钟 Delta背离 补仓E(1:1:1:1:1，-2%/-4%/-6%/-8%补) 均价止盈2% 止损离第一笔18% 拿72h,2883,86,0.89,0.79,-14.7,,2855,88,0.99,0.91,-14.7,,2969,90,0.91,0.92,-14.7,
15分钟 Delta背离 补仓E(1:1:1:1:1，-2%/-4%/-6%/-8%补) 均价止盈3% 止损离第一笔11% 拿24h,3502,65,0.81,0.89,-7.5,,3351,68,0.9,0.88,-7.5,,3307,71,0.95,0.9,-7.5,
15分钟 Delta背离 补仓E(1:1:1:1:1，-2%/-4%/-6%/-8%补) 均价止盈3% 止损离第一笔11% 拿72h,2438,77,0.86,0.86,-7.5,,2384,80,0.92,0.9,-7.5,,2506,81,0.93,0.89,-7.5,
15分钟 Delta背离 补仓E(1:1:1:1:1，-2%/-4%/-6%/-8%补) 均价止盈3% 止损离第一笔14% 拿24h,3460,65,0.8,0.84,-10.6,,3320,68,0.9,0.87,-10.6,,3259,71,0.91,0.89,-10.6,
15分钟 Delta背离 补仓E(1:1:1:1:1，-2%/-4%/-6%/-8%补) 均价止盈3% 止损离第一笔14% 拿72h,2356,78,0.82,0.81,-10.6,,2298,81,0.92,0.95,-10.6,,2387,82,0.9,0.93,-10.6,
15分钟 Delta背离 补仓E(1:1:1:1:1，-2%/-4%/-6%/-8%补) 均价止盈3% 止损离第一笔18% 拿24h,3434,65,0.8,0.87,-14.7,,3300,68,0.97,0.86,-14.7,,3226,72,0.92,0.93,-14.7,
15分钟 Delta背离 补仓E(1:1:1:1:1，-2%/-4%/-6%/-8%补) 均价止盈3% 止损离第一笔18% 拿72h,2255,78,0.79,0.82,-14.7,,2215,81,0.95,0.91,-14.7,,2280,83,0.92,0.88,-14.7,
15分钟 Delta背离 补仓E(1:1:1:1:1，-2%/-4%/-6%/-8%补) 均价止盈5% 止损离第一笔11% 拿24h,3081,60,0.82,0.91,-7.5,,2868,63,1.01,0.95,-7.5,,2822,63,0.84,0.92,-7.5,
15分钟 Delta背离 补仓E(1:1:1:1:1，-2%/-4%/-6%/-8%补) 均价止盈5% 止损离第一笔11% 拿72h,1788,67,0.87,0.86,-7.5,,1696,70,1.01,0.98,-7.5,,1834,70,0.88,0.91,-7.5,
15分钟 Delta背离 补仓E(1:1:1:1:1，-2%/-4%/-6%/-8%补) 均价止盈5% 止损离第一笔14% 拿24h,3054,61,0.82,0.86,-10.6,,2848,63,0.99,0.92,-10.6,,2778,63,0.86,0.91,-10.6,
15分钟 Delta背离 补仓E(1:1:1:1:1，-2%/-4%/-6%/-8%补) 均价止盈5% 止损离第一笔14% 拿72h,1701,67,0.81,0.85,-10.6,,1636,71,0.97,0.93,-10.6,,1723,72,0.87,0.94,-10.6,
15分钟 Delta背离 补仓E(1:1:1:1:1，-2%/-4%/-6%/-8%补) 均价止盈5% 止损离第一笔18% 拿24h,3031,61,0.83,0.89,-14.7,,2833,63,1.07,0.89,-14.7,,2759,64,0.87,0.92,-14.7,
15分钟 Delta背离 补仓E(1:1:1:1:1，-2%/-4%/-6%/-8%补) 均价止盈5% 止损离第一笔18% 拿72h,1630,68,0.82,0.8,-14.7,,1589,71,0.97,0.96,-14.7,,1645,73,0.86,0.89,-14.7,
15分钟 Delta背离 补仓E(1:1:1:1:1，-2%/-4%/-6%/-8%补) 均价止盈8% 止损离第一笔11% 拿24h,2944,59,0.82,0.83,-7.5,,2667,61,1.01,0.91,-7.5,,2580,60,0.85,0.91,-7.5,
15分钟 Delta背离 补仓E(1:1:1:1:1，-2%/-4%/-6%/-8%补) 均价止盈8% 止损离第一笔11% 拿72h,1499,61,0.86,0.79,-7.5,,1357,62,0.97,0.9,-7.5,,1421,61,0.83,0.92,-7.5,
15分钟 Delta背离 补仓E(1:1:1:1:1，-2%/-4%/-6%/-8%补) 均价止盈8% 止损离第一笔14% 拿24h,2918,60,0.84,0.82,-10.6,,2652,61,0.96,0.9,-10.6,,2546,60,0.81,0.96,-10.6,
15分钟 Delta背离 补仓E(1:1:1:1:1，-2%/-4%/-6%/-8%补) 均价止盈8% 止损离第一笔14% 拿72h,1438,61,0.74,0.88,-10.6,,1305,65,0.96,0.89,-10.6,,1347,64,0.85,0.93,-10.6,
15分钟 Delta背离 补仓E(1:1:1:1:1，-2%/-4%/-6%/-8%补) 均价止盈8% 止损离第一笔18% 拿24h,2897,60,0.84,0.81,-14.7,,2638,61,1.07,0.96,-14.7,,2529,61,0.88,0.9,-14.7,
15分钟 Delta背离 补仓E(1:1:1:1:1，-2%/-4%/-6%/-8%补) 均价止盈8% 止损离第一笔18% 拿72h,1389,63,0.76,0.79,-14.7,,1281,66,0.93,0.96,-14.7,,1310,67,0.88,0.96,-14.7,
15分钟 Delta背离 补仓F(1:1:1:1:1:1，-1.5%/-3%/-4.5%/-6%/-7.5%补) 均价止盈1% 止损离第一笔10% 拿24h,5255,86,0.83,0.88,-7.2,,5009,88,0.8,0.76,-7.2,,4992,91,0.98,0.94,-7.2,
15分钟 Delta背离 补仓F(1:1:1:1:1:1，-1.5%/-3%/-4.5%/-6%/-7.5%补) 均价止盈1% 止损离第一笔10% 拿72h,4661,94,0.86,0.82,-7.2,,4545,94,0.85,0.8,-7.2,,4646,96,1.03,0.95,-7.2,
15分钟 Delta背离 补仓F(1:1:1:1:1:1，-1.5%/-3%/-4.5%/-6%/-7.5%补) 均价止盈1% 止损离第一笔14% 拿24h,5211,86,0.79,0.84,-10.3,,4977,88,0.74,0.78,-10.3,,4945,91,0.97,0.97,-10.3,
15分钟 Delta背离 补仓F(1:1:1:1:1:1，-1.5%/-3%/-4.5%/-6%/-7.5%补) 均价止盈1% 止损离第一笔14% 拿72h,4547,94,0.81,0.81,-10.3,,4440,95,0.81,0.86,-10.3,,4518,96,0.98,0.88,-10.3,
15分钟 Delta背离 补仓F(1:1:1:1:1:1，-1.5%/-3%/-4.5%/-6%/-7.5%补) 均价止盈1% 止损离第一笔18% 拿24h,5186,86,0.82,0.84,-13.4,,4961,88,0.74,0.78,-14.4,,4925,91,0.92,0.9,-14.4,
15分钟 Delta背离 补仓F(1:1:1:1:1:1，-1.5%/-3%/-4.5%/-6%/-7.5%补) 均价止盈1% 止损离第一笔18% 拿72h,4438,94,0.84,0.82,-14.4,,4335,95,0.79,0.86,-14.4,,4441,96,0.96,0.91,-14.4,
15分钟 Delta背离 补仓F(1:1:1:1:1:1，-1.5%/-3%/-4.5%/-6%/-7.5%补) 均价止盈2% 止损离第一笔10% 拿24h,4076,73,0.82,0.88,-7.2,,3920,77,0.93,0.94,-7.2,,3861,80,0.96,0.98,-7.2,
15分钟 Delta背离 补仓F(1:1:1:1:1:1，-1.5%/-3%/-4.5%/-6%/-7.5%补) 均价止盈2% 止损离第一笔10% 拿72h,3215,86,0.9,0.85,-7.2,,3181,87,0.98,0.92,-7.2,,3290,88,0.98,0.97,-7.2,
15分钟 Delta背离 补仓F(1:1:1:1:1:1，-1.5%/-3%/-4.5%/-6%/-7.5%补) 均价止盈2% 止损离第一笔14% 拿24h,4020,74,0.81,0.85,-10.3,,3885,77,0.92,0.86,-10.3,,3810,80,0.92,0.87,-10.3,
15分钟 Delta背离 补仓F(1:1:1:1:1:1，-1.5%/-3%/-4.5%/-6%/-7.5%补) 均价止盈2% 止损离第一笔14% 拿72h,3076,86,0.84,0.84,-10.3,,3059,88,0.96,0.96,-10.3,,3141,89,0.91,0.92,-10.3,
15分钟 Delta背离 补仓F(1:1:1:1:1:1，-1.5%/-3%/-4.5%/-6%/-7.5%补) 均价止盈2% 止损离第一笔18% 拿24h,3986,74,0.82,0.85,-14.4,,3864,78,0.97,0.85,-14.4,,3777,80,0.91,0.93,-14.4,
15分钟 Delta背离 补仓F(1:1:1:1:1:1，-1.5%/-3%/-4.5%/-6%/-7.5%补) 均价止盈2% 止损离第一笔18% 拿72h,2952,87,0.89,0.82,-14.4,,2942,89,1.01,0.92,-14.4,,3024,90,0.9,0.99,-14.4,
15分钟 Delta背离 补仓F(1:1:1:1:1:1，-1.5%/-3%/-4.5%/-6%/-7.5%补) 均价止盈3% 止损离第一笔10% 拿24h,3538,67,0.82,0.91,-7.2,,3388,70,0.93,0.85,-7.2,,3328,72,0.93,0.89,-7.2,
15分钟 Delta背离 补仓F(1:1:1:1:1:1，-1.5%/-3%/-4.5%/-6%/-7.5%补) 均价止盈3% 止损离第一笔10% 拿72h,2502,78,0.85,0.94,-7.2,,2439,81,0.98,0.93,-7.2,,2557,81,0.91,1.0,-7.2,
15分钟 Delta背离 补仓F(1:1:1:1:1:1，-1.5%/-3%/-4.5%/-6%/-7.5%补) 均价止盈3% 止损离第一笔14% 拿24h,3489,67,0.8,0.88,-10.3,,3353,70,0.92,0.93,-10.3,,3278,72,0.9,0.94,-10.3,
15分钟 Delta背离 补仓F(1:1:1:1:1:1，-1.5%/-3%/-4.5%/-6%/-7.5%补) 均价止盈3% 止损离第一笔14% 拿72h,2420,79,0.8,0.83,-10.3,,2329,82,0.96,0.92,-10.3,,2410,82,0.89,0.94,-10.3,
15分钟 Delta背离 补仓F(1:1:1:1:1:1，-1.5%/-3%/-4.5%/-6%/-7.5%补) 均价止盈3% 止损离第一笔18% 拿24h,3456,67,0.79,0.86,-14.4,,3333,70,0.96,0.87,-14.4,,3237,73,0.9,0.88,-14.4,
15分钟 Delta背离 补仓F(1:1:1:1:1:1，-1.5%/-3%/-4.5%/-6%/-7.5%补) 均价止盈3% 止损离第一笔18% 拿72h,2297,79,0.78,0.8,-14.4,,2247,82,0.98,0.9,-14.4,,2283,83,0.89,0.89,-14.4,
15分钟 Delta背离 补仓F(1:1:1:1:1:1，-1.5%/-3%/-4.5%/-6%/-7.5%补) 均价止盈5% 止损离第一笔10% 拿24h,3091,62,0.83,0.81,-7.2,,2886,65,1.01,0.88,-7.2,,2834,64,0.86,0.86,-7.2,
15分钟 Delta背离 补仓F(1:1:1:1:1:1，-1.5%/-3%/-4.5%/-6%/-7.5%补) 均价止盈5% 止损离第一笔10% 拿72h,1808,67,0.86,0.92,-7.2,,1742,71,1.01,0.91,-7.2,,1874,70,0.88,0.89,-7.2,
15分钟 Delta背离 补仓F(1:1:1:1:1:1，-1.5%/-3%/-4.5%/-6%/-7.5%补) 均价止盈5% 止损离第一笔14% 拿24h,3063,62,0.8,0.88,-10.3,,2861,65,1.0,0.88,-10.3,,2787,65,0.87,0.85,-10.3,
15分钟 Delta背离 补仓F(1:1:1:1:1:1，-1.5%/-3%/-4.5%/-6%/-7.5%补) 均价止盈5% 止损离第一笔14% 拿72h,1717,68,0.78,0.83,-10.3,,1663,72,0.98,1.03,-10.3,,1736,72,0.89,0.89,-10.3,
15分钟 Delta背离 补仓F(1:1:1:1:1:1，-1.5%/-3%/-4.5%/-6%/-7.5%补) 均价止盈5% 止损离第一笔18% 拿24h,3036,62,0.82,0.89,-14.4,,2845,65,1.07,0.97,-14.4,,2769,65,0.88,0.91,-14.4,
15分钟 Delta背离 补仓F(1:1:1:1:1:1，-1.5%/-3%/-4.5%/-6%/-7.5%补) 均价止盈5% 止损离第一笔18% 拿72h,1642,69,0.8,0.84,-14.4,,1611,72,0.93,0.91,-14.4,,1669,73,0.86,0.91,-14.4,
15分钟 Delta背离 补仓F(1:1:1:1:1:1，-1.5%/-3%/-4.5%/-6%/-7.5%补) 均价止盈8% 止损离第一笔10% 拿24h,2947,61,0.84,0.84,-7.2,,2675,63,1.02,0.93,-7.2,,2589,62,0.87,0.94,-7.2,
15分钟 Delta背离 补仓F(1:1:1:1:1:1，-1.5%/-3%/-4.5%/-6%/-7.5%补) 均价止盈8% 止损离第一笔10% 拿72h,1517,62,0.91,0.83,-7.2,,1372,63,1.02,0.98,-7.2,,1448,62,0.85,0.91,-7.2,
15分钟 Delta背离 补仓F(1:1:1:1:1:1，-1.5%/-3%/-4.5%/-6%/-7.5%补) 均价止盈8% 止损离第一笔14% 拿24h,2921,62,0.83,0.79,-10.3,,2655,63,0.97,0.92,-10.3,,2551,63,0.84,0.9,-10.3,
15分钟 Delta背离 补仓F(1:1:1:1:1:1，-1.5%/-3%/-4.5%/-6%/-7.5%补) 均价止盈8% 止损离第一笔14% 拿72h,1461,62,0.76,0.88,-10.3,,1314,64,0.96,0.86,-10.3,,1362,65,0.86,0.97,-10.3,
15分钟 Delta背离 补仓F(1:1:1:1:1:1，-1.5%/-3%/-4.5%/-6%/-7.5%补) 均价止盈8% 止损离第一笔18% 拿24h,2896,62,0.83,0.88,-14.4,,2640,63,1.07,0.89,-14.4,,2534,63,0.87,0.88,-14.4,
15分钟 Delta背离 补仓F(1:1:1:1:1:1，-1.5%/-3%/-4.5%/-6%/-7.5%补) 均价止盈8% 止损离第一笔18% 拿72h,1399,64,0.78,0.8,-14.4,,1283,65,0.95,0.92,-14.4,,1319,66,0.85,0.88,-14.4,
15分钟 Delta背离 补仓G(1:1:2:2:4，-2%/-4%/-6%/-8%补) 均价止盈1% 止损离第一笔11% 拿24h,5205,86,0.84,0.84,-6.1,,4958,88,0.76,0.81,-6.1,,4916,91,1.01,1.02,-6.1,
15分钟 Delta背离 补仓G(1:1:2:2:4，-2%/-4%/-6%/-8%补) 均价止盈1% 止损离第一笔11% 拿72h,4638,94,0.85,0.88,-6.1,,4541,95,0.8,0.82,-6.1,,4597,96,0.99,1.04,-6.1,
15分钟 Delta背离 补仓G(1:1:2:2:4，-2%/-4%/-6%/-8%补) 均价止盈1% 止损离第一笔14% 拿24h,5168,86,0.8,0.83,-9.3,,4939,88,0.71,0.74,-9.3,,4886,91,0.97,0.96,-9.3,
15分钟 Delta背离 补仓G(1:1:2:2:4，-2%/-4%/-6%/-8%补) 均价止盈1% 止损离第一笔14% 拿72h,4552,95,0.78,0.88,-9.3,,4467,96,0.72,0.87,-9.3,,4520,97,0.9,1.02,-9.3,
15分钟 Delta背离 补仓G(1:1:2:2:4，-2%/-4%/-6%/-8%补) 均价止盈1% 止损离第一笔18% 拿24h,5156,86,0.86,0.76,-12.1,,4926,88,0.68,0.72,-13.5,,4873,91,0.95,0.97,-13.5,
15分钟 Delta背离 补仓G(1:1:2:2:4，-2%/-4%/-6%/-8%补) 均价止盈1% 止损离第一笔18% 拿72h,4494,95,0.81,0.73,-13.5,,4391,96,0.71,0.79,-13.5,,4454,97,0.81,0.91,-13.5,
15分钟 Delta背离 补仓G(1:1:2:2:4，-2%/-4%/-6%/-8%补) 均价止盈2% 止损离第一笔11% 拿24h,4072,74,0.81,0.9,-6.1,,3863,77,0.89,0.83,-6.1,,3854,80,0.99,0.93,-6.1,
15分钟 Delta背离 补仓G(1:1:2:2:4，-2%/-4%/-6%/-8%补) 均价止盈2% 止损离第一笔11% 拿72h,3235,88,0.9,0.89,-6.1,,3177,89,0.95,0.91,-6.1,,3331,91,0.99,0.95,-6.1,
15分钟 Delta背离 补仓G(1:1:2:2:4，-2%/-4%/-6%/-8%补) 均价止盈2% 止损离第一笔14% 拿24h,4028,74,0.79,0.83,-9.3,,3839,77,0.85,0.8,-9.3,,3814,81,0.96,0.93,-9.3,
15分钟 Delta背离 补仓G(1:1:2:2:4，-2%/-4%/-6%/-8%补) 均价止盈2% 止损离第一笔14% 拿72h,3133,88,0.82,0.83,-9.3,,3090,91,0.94,0.93,-9.3,,3215,92,0.9,0.9,-9.3,
15分钟 Delta背离 补仓G(1:1:2:2:4，-2%/-4%/-6%/-8%补) 均价止盈2% 止损离第一笔18% 拿24h,4003,74,0.84,0.85,-13.5,,3821,77,0.91,0.82,-13.5,,3790,81,0.96,0.89,-13.5,
15分钟 Delta背离 补仓G(1:1:2:2:4，-2%/-4%/-6%/-8%补) 均价止盈2% 止损离第一笔18% 拿72h,3036,89,0.88,0.8,-13.5,,2997,91,0.97,0.89,-13.5,,3120,92,0.93,0.93,-13.5,
15分钟 Delta背离 补仓G(1:1:2:2:4，-2%/-4%/-6%/-8%补) 均价止盈3% 止损离第一笔11% 拿24h,3524,67,0.78,0.86,-6.1,,3366,70,0.85,0.83,-6.1,,3341,74,0.97,0.93,-6.1,
15分钟 Delta背离 补仓G(1:1:2:2:4，-2%/-4%/-6%/-8%补) 均价止盈3% 止损离第一笔11% 拿72h,2529,80,0.84,0.89,-6.1,,2472,82,0.86,0.89,-6.1,,2617,84,0.95,0.95,-6.1,
15分钟 Delta背离 补仓G(1:1:2:2:4，-2%/-4%/-6%/-8%补) 均价止盈3% 止损离第一笔14% 拿24h,3481,68,0.75,0.86,-9.3,,3342,70,0.85,0.89,-9.3,,3293,74,0.9,0.97,-9.3,
15分钟 Delta背离 补仓G(1:1:2:2:4，-2%/-4%/-6%/-8%补) 均价止盈3% 止损离第一笔14% 拿72h,2444,82,0.78,0.86,-9.3,,2388,83,0.84,0.89,-9.3,,2493,85,0.88,0.9,-9.3,
15分钟 Delta背离 补仓G(1:1:2:2:4，-2%/-4%/-6%/-8%补) 均价止盈3% 止损离第一笔18% 拿24h,3457,68,0.75,0.76,-13.5,,3322,70,0.93,0.86,-13.5,,3265,74,0.89,0.96,-13.5,
15分钟 Delta背离 补仓G(1:1:2:2:4，-2%/-4%/-6%/-8%补) 均价止盈3% 止损离第一笔18% 拿72h,2341,82,0.77,0.77,-13.5,,2311,84,0.85,0.87,-13.5,,2397,86,0.94,0.96,-13.5,
15分钟 Delta背离 补仓G(1:1:2:2:4，-2%/-4%/-6%/-8%补) 均价止盈5% 止损离第一笔11% 拿24h,3087,62,0.79,0.8,-6.1,,2877,65,1.0,0.91,-6.1,,2842,66,0.86,0.98,-6.1,
15分钟 Delta背离 补仓G(1:1:2:2:4，-2%/-4%/-6%/-8%补) 均价止盈5% 止损离第一笔11% 拿72h,1809,70,0.86,0.83,-6.1,,1730,73,1.0,0.94,-6.1,,1864,74,0.88,0.93,-6.1,
15分钟 Delta背离 补仓G(1:1:2:2:4，-2%/-4%/-6%/-8%补) 均价止盈5% 止损离第一笔14% 拿24h,3061,63,0.78,0.82,-9.3,,2857,65,0.98,0.88,-9.3,,2799,66,0.84,0.88,-9.3,
15分钟 Delta背离 补仓G(1:1:2:2:4，-2%/-4%/-6%/-8%补) 均价止盈5% 止损离第一笔14% 拿72h,1729,71,0.77,0.82,-9.3,,1672,74,0.96,0.94,-9.3,,1770,76,0.84,0.88,-9.3,
15分钟 Delta背离 补仓G(1:1:2:2:4，-2%/-4%/-6%/-8%补) 均价止盈5% 止损离第一笔18% 拿24h,3037,63,0.8,0.8,-13.5,,2843,65,1.08,0.87,-13.5,,2776,67,0.84,0.86,-13.5,
15分钟 Delta背离 补仓G(1:1:2:2:4，-2%/-4%/-6%/-8%补) 均价止盈5% 止损离第一笔18% 拿72h,1657,73,0.79,0.79,-13.5,,1626,75,0.99,0.94,-13.5,,1693,77,0.82,0.91,-13.5,
15分钟 Delta背离 补仓G(1:1:2:2:4，-2%/-4%/-6%/-8%补) 均价止盈8% 止损离第一笔11% 拿24h,2944,61,0.78,0.86,-6.1,,2671,63,1.0,0.86,-6.1,,2584,63,0.85,0.88,-6.1,
15分钟 Delta背离 补仓G(1:1:2:2:4，-2%/-4%/-6%/-8%补) 均价止盈8% 止损离第一笔11% 拿72h,1512,63,0.86,0.88,-6.1,,1366,65,0.98,0.92,-6.1,,1437,65,0.83,0.86,-6.1,
15分钟 Delta背离 补仓G(1:1:2:2:4，-2%/-4%/-6%/-8%补) 均价止盈8% 止损离第一笔14% 拿24h,2918,62,0.8,0.75,-9.3,,2656,63,0.94,0.9,-9.3,,2552,63,0.8,0.91,-9.3,
15分钟 Delta背离 补仓G(1:1:2:2:4，-2%/-4%/-6%/-8%补) 均价止盈8% 止损离第一笔14% 拿72h,1451,64,0.75,0.81,-9.3,,1317,68,0.95,0.88,-9.3,,1370,69,0.84,0.88,-9.3,
15分钟 Delta背离 补仓G(1:1:2:2:4，-2%/-4%/-6%/-8%补) 均价止盈8% 止损离第一笔18% 拿24h,2897,62,0.8,0.76,-13.5,,2642,64,1.1,0.92,-13.5,,2535,64,0.85,0.88,-13.5,
15分钟 Delta背离 补仓G(1:1:2:2:4，-2%/-4%/-6%/-8%补) 均价止盈8% 止损离第一笔18% 拿72h,1399,66,0.78,0.73,-13.5,,1295,69,0.91,0.91,-13.5,,1326,71,0.81,0.97,-13.5,
15分钟 Delta背离 补仓H(1:1:1:1:1:1:1:1，-1%/-2%/-3%/-4%/-5%/-6%/-7%补) 均价止盈1% 止损离第一笔10% 拿24h,5379,87,0.82,0.78,-6.9,,5149,89,0.82,0.81,-6.9,,5101,91,0.94,0.97,-6.9,
15分钟 Delta背离 补仓H(1:1:1:1:1:1:1:1，-1%/-2%/-3%/-4%/-5%/-6%/-7%补) 均价止盈1% 止损离第一笔10% 拿72h,4832,94,0.81,0.88,-6.9,,4725,95,0.87,0.85,-6.9,,4790,96,0.96,0.88,-6.9,
15分钟 Delta背离 补仓H(1:1:1:1:1:1:1:1，-1%/-2%/-3%/-4%/-5%/-6%/-7%补) 均价止盈1% 止损离第一笔13% 拿24h,5333,87,0.78,0.81,-10.0,,5115,89,0.74,0.74,-10.0,,5039,91,0.91,0.86,-10.0,
15分钟 Delta背离 补仓H(1:1:1:1:1:1:1:1，-1%/-2%/-3%/-4%/-5%/-6%/-7%补) 均价止盈1% 止损离第一笔13% 拿72h,4693,94,0.76,0.81,-10.0,,4605,95,0.79,0.81,-10.0,,4646,96,0.92,0.88,-10.0,
15分钟 Delta背离 补仓H(1:1:1:1:1:1:1:1，-1%/-2%/-3%/-4%/-5%/-6%/-7%补) 均价止盈1% 止损离第一笔17% 拿24h,5302,87,0.79,0.79,-14.1,,5095,89,0.73,0.77,-14.1,,5016,91,0.89,0.94,-14.1,
15分钟 Delta背离 补仓H(1:1:1:1:1:1:1:1，-1%/-2%/-3%/-4%/-5%/-6%/-7%补) 均价止盈1% 止损离第一笔17% 拿72h,4583,95,0.78,0.77,-14.1,,4485,96,0.79,0.9,-14.1,,4552,96,0.91,0.85,-14.1,
15分钟 Delta背离 补仓H(1:1:1:1:1:1:1:1，-1%/-2%/-3%/-4%/-5%/-6%/-7%补) 均价止盈2% 止损离第一笔10% 拿24h,4137,75,0.82,0.88,-6.9,,3973,79,0.97,0.89,-6.9,,3938,80,0.95,0.93,-6.9,
15分钟 Delta背离 补仓H(1:1:1:1:1:1:1:1，-1%/-2%/-3%/-4%/-5%/-6%/-7%补) 均价止盈2% 止损离第一笔10% 拿72h,3298,86,0.92,0.88,-6.9,,3287,88,1.02,0.91,-6.9,,3420,89,0.97,1.02,-6.9,
15分钟 Delta背离 补仓H(1:1:1:1:1:1:1:1，-1%/-2%/-3%/-4%/-5%/-6%/-7%补) 均价止盈2% 止损离第一笔13% 拿24h,4078,75,0.81,0.87,-10.0,,3929,79,0.94,0.81,-10.0,,3878,81,0.94,0.93,-10.0,
15分钟 Delta背离 补仓H(1:1:1:1:1:1:1:1，-1%/-2%/-3%/-4%/-5%/-6%/-7%补) 均价止盈2% 止损离第一笔13% 拿72h,3170,87,0.83,0.88,-10.0,,3152,89,1.01,0.85,-10.0,,3253,90,0.93,0.94,-10.0,
15分钟 Delta背离 补仓H(1:1:1:1:1:1:1:1，-1%/-2%/-3%/-4%/-5%/-6%/-7%补) 均价止盈2% 止损离第一笔17% 拿24h,4039,75,0.82,0.84,-14.1,,3911,79,0.96,0.81,-14.1,,3840,81,0.92,0.93,-14.1,
15分钟 Delta背离 补仓H(1:1:1:1:1:1:1:1，-1%/-2%/-3%/-4%/-5%/-6%/-7%补) 均价止盈2% 止损离第一笔17% 拿72h,3029,87,0.87,0.81,-14.1,,3052,90,1.02,0.86,-14.1,,3121,90,0.88,0.89,-14.1,
15分钟 Delta背离 补仓H(1:1:1:1:1:1:1:1，-1%/-2%/-3%/-4%/-5%/-6%/-7%补) 均价止盈3% 止损离第一笔10% 拿24h,3586,69,0.83,0.9,-6.9,,3424,71,0.94,0.91,-6.9,,3391,74,0.98,0.96,-6.9,
15分钟 Delta背离 补仓H(1:1:1:1:1:1:1:1，-1%/-2%/-3%/-4%/-5%/-6%/-7%补) 均价止盈3% 止损离第一笔10% 拿72h,2565,79,0.88,0.89,-6.9,,2515,81,0.99,0.9,-6.9,,2656,81,0.94,0.96,-6.9,
15分钟 Delta背离 补仓H(1:1:1:1:1:1:1:1，-1%/-2%/-3%/-4%/-5%/-6%/-7%补) 均价止盈3% 止损离第一笔13% 拿24h,3531,69,0.81,0.9,-10.0,,3384,71,0.93,0.84,-10.0,,3328,74,0.94,0.86,-10.0,
15分钟 Delta背离 补仓H(1:1:1:1:1:1:1:1，-1%/-2%/-3%/-4%/-5%/-6%/-7%补) 均价止盈3% 止损离第一笔13% 拿72h,2456,80,0.82,0.84,-10.0,,2401,82,0.99,0.9,-10.0,,2496,83,0.94,0.98,-10.0,
15分钟 Delta背离 补仓H(1:1:1:1:1:1:1:1，-1%/-2%/-3%/-4%/-5%/-6%/-7%补) 均价止盈3% 止损离第一笔17% 拿24h,3497,69,0.79,0.87,-14.1,,3362,72,0.97,0.86,-14.1,,3287,74,0.94,0.94,-14.1,
15分钟 Delta背离 补仓H(1:1:1:1:1:1:1:1，-1%/-2%/-3%/-4%/-5%/-6%/-7%补) 均价止盈3% 止损离第一笔17% 拿72h,2339,80,0.78,0.87,-14.1,,2305,83,1.0,0.94,-14.1,,2365,84,0.93,0.92,-14.1,
15分钟 Delta背离 补仓H(1:1:1:1:1:1:1:1，-1%/-2%/-3%/-4%/-5%/-6%/-7%补) 均价止盈5% 止损离第一笔10% 拿24h,3111,64,0.86,0.93,-6.9,,2908,66,1.01,0.9,-6.9,,2862,65,0.86,0.88,-6.9,
15分钟 Delta背离 补仓H(1:1:1:1:1:1:1:1，-1%/-2%/-3%/-4%/-5%/-6%/-7%补) 均价止盈5% 止损离第一笔10% 拿72h,1852,68,0.88,0.9,-6.9,,1812,70,0.97,0.88,-6.9,,1915,70,0.86,0.89,-6.9,
15分钟 Delta背离 补仓H(1:1:1:1:1:1:1:1，-1%/-2%/-3%/-4%/-5%/-6%/-7%补) 均价止盈5% 止损离第一笔13% 拿24h,3074,64,0.84,0.87,-10.0,,2873,67,1.02,0.91,-10.0,,2802,66,0.87,0.93,-10.0,
15分钟 Delta背离 补仓H(1:1:1:1:1:1:1:1，-1%/-2%/-3%/-4%/-5%/-6%/-7%补) 均价止盈5% 止损离第一笔13% 拿72h,1744,69,0.84,0.86,-10.0,,1691,72,1.0,0.89,-10.0,,1769,73,0.89,0.95,-10.0,
15分钟 Delta背离 补仓H(1:1:1:1:1:1:1:1，-1%/-2%/-3%/-4%/-5%/-6%/-7%补) 均价止盈5% 止损离第一笔17% 拿24h,3048,64,0.83,0.86,-14.1,,2853,67,1.08,0.9,-14.1,,2780,67,0.86,0.97,-14.1,
15分钟 Delta背离 补仓H(1:1:1:1:1:1:1:1，-1%/-2%/-3%/-4%/-5%/-6%/-7%补) 均价止盈5% 止损离第一笔17% 拿72h,1679,70,0.83,0.82,-14.1,,1640,73,0.97,0.91,-14.1,,1687,74,0.83,0.93,-14.1,
15分钟 Delta背离 补仓H(1:1:1:1:1:1:1:1，-1%/-2%/-3%/-4%/-5%/-6%/-7%补) 均价止盈8% 止损离第一笔10% 拿24h,2960,63,0.85,0.88,-6.9,,2683,64,1.03,0.89,-6.9,,2601,63,0.87,0.87,-6.9,
15分钟 Delta背离 补仓H(1:1:1:1:1:1:1:1，-1%/-2%/-3%/-4%/-5%/-6%/-7%补) 均价止盈8% 止损离第一笔10% 拿72h,1533,62,0.93,0.9,-6.9,,1391,63,1.02,0.92,-6.9,,1484,61,0.81,0.95,-6.9,
15分钟 Delta背离 补仓H(1:1:1:1:1:1:1:1，-1%/-2%/-3%/-4%/-5%/-6%/-7%补) 均价止盈8% 止损离第一笔13% 拿24h,2929,63,0.84,0.85,-10.0,,2660,64,0.99,0.88,-10.0,,2554,64,0.85,0.9,-10.0,
15分钟 Delta背离 补仓H(1:1:1:1:1:1:1:1，-1%/-2%/-3%/-4%/-5%/-6%/-7%补) 均价止盈8% 止损离第一笔13% 拿72h,1460,63,0.79,0.86,-10.0,,1323,66,1.02,0.88,-10.0,,1385,64,0.84,0.9,-10.0,
15分钟 Delta背离 补仓H(1:1:1:1:1:1:1:1，-1%/-2%/-3%/-4%/-5%/-6%/-7%补) 均价止盈8% 止损离第一笔17% 拿24h,2903,63,0.82,0.86,-14.1,,2643,65,1.09,0.84,-14.1,,2535,64,0.89,0.91,-14.1,
15分钟 Delta背离 补仓H(1:1:1:1:1:1:1:1，-1%/-2%/-3%/-4%/-5%/-6%/-7%补) 均价止盈8% 止损离第一笔17% 拿72h,1404,65,0.78,0.8,-14.1,,1291,67,0.98,0.92,-14.1,,1327,66,0.83,0.89,-14.1,
15分钟 Delta背离 补仓I(1:1:1:2:2:3，-2%/-4%/-6%/-9%/-12%补) 均价止盈1% 止损离第一笔15% 拿24h,5113,85,0.83,0.92,-8.6,,4902,87,0.74,0.83,-8.6,,4837,90,0.96,0.96,-8.6,
15分钟 Delta背离 补仓I(1:1:1:2:2:3，-2%/-4%/-6%/-9%/-12%补) 均价止盈1% 止损离第一笔15% 拿72h,4417,94,0.8,0.82,-8.6,,4318,95,0.76,0.81,-8.6,,4410,96,0.91,0.95,-8.6,
15分钟 Delta背离 补仓I(1:1:1:2:2:3，-2%/-4%/-6%/-9%/-12%补) 均价止盈1% 止损离第一笔18% 拿24h,5102,85,0.88,0.78,-10.2,,4891,87,0.72,0.78,-11.8,,4831,90,0.92,0.85,-11.8,
15分钟 Delta背离 补仓I(1:1:1:2:2:3，-2%/-4%/-6%/-9%/-12%补) 均价止盈1% 止损离第一笔18% 拿72h,4367,94,0.79,0.71,-11.8,,4289,96,0.74,0.76,-11.8,,4365,96,0.86,0.89,-11.8,
15分钟 Delta背离 补仓I(1:1:1:2:2:3，-2%/-4%/-6%/-9%/-12%补) 均价止盈1% 止损离第一笔22% 拿24h,5098,85,0.87,0.84,-14.0,,4888,88,0.73,0.71,-16.1,,4819,90,0.87,0.88,-16.1,
15分钟 Delta背离 补仓I(1:1:1:2:2:3，-2%/-4%/-6%/-9%/-12%补) 均价止盈1% 止损离第一笔22% 拿72h,4333,94,0.71,0.7,-16.1,,4238,96,0.74,0.75,-16.1,,4324,97,0.78,0.86,-16.1,
15分钟 Delta背离 补仓I(1:1:1:2:2:3，-2%/-4%/-6%/-9%/-12%补) 均价止盈2% 止损离第一笔15% 拿24h,3979,73,0.8,0.84,-8.6,,3811,76,0.88,0.84,-8.6,,3772,79,0.91,0.91,-8.6,
15分钟 Delta背离 补仓I(1:1:1:2:2:3，-2%/-4%/-6%/-9%/-12%补) 均价止盈2% 止损离第一笔15% 拿72h,3022,87,0.84,0.83,-8.6,,2963,89,0.9,0.85,-8.6,,3111,91,0.94,0.86,-8.6,
15分钟 Delta背离 补仓I(1:1:1:2:2:3，-2%/-4%/-6%/-9%/-12%补) 均价止盈2% 止损离第一笔18% 拿24h,3967,73,0.83,0.83,-11.8,,3801,76,0.89,0.81,-11.8,,3759,79,0.89,0.9,-11.8,
15分钟 Delta背离 补仓I(1:1:1:2:2:3，-2%/-4%/-6%/-9%/-12%补) 均价止盈2% 止损离第一笔18% 拿72h,2977,88,0.87,0.74,-11.8,,2923,90,0.92,0.92,-11.8,,3055,92,0.93,0.81,-11.8,
15分钟 Delta背离 补仓I(1:1:1:2:2:3，-2%/-4%/-6%/-9%/-12%补) 均价止盈2% 止损离第一笔22% 拿24h,3958,73,0.85,0.84,-14.0,,3799,76,0.9,0.85,-16.1,,3744,79,0.85,0.86,-16.1,
15分钟 Delta背离 补仓I(1:1:1:2:2:3，-2%/-4%/-6%/-9%/-12%补) 均价止盈2% 止损离第一笔22% 拿72h,2919,88,0.86,0.74,-16.1,,2891,90,0.9,0.79,-16.1,,2994,92,0.83,0.83,-16.1,
15分钟 Delta背离 补仓I(1:1:1:2:2:3，-2%/-4%/-6%/-9%/-12%补) 均价止盈3% 止损离第一笔15% 拿24h,3452,66,0.77,0.8,-8.6,,3325,69,0.9,0.83,-8.6,,3265,73,0.9,0.93,-8.6,
15分钟 Delta背离 补仓I(1:1:1:2:2:3，-2%/-4%/-6%/-9%/-12%补) 均价止盈3% 止损离第一笔15% 拿72h,2366,80,0.78,0.84,-8.6,,2296,82,0.86,0.88,-8.6,,2412,85,0.93,0.9,-8.6,
15分钟 Delta背离 补仓I(1:1:1:2:2:3，-2%/-4%/-6%/-9%/-12%补) 均价止盈3% 止损离第一笔18% 拿24h,3442,66,0.79,0.82,-11.8,,3317,69,0.95,0.85,-11.8,,3249,73,0.88,0.9,-11.8,
15分钟 Delta背离 补仓I(1:1:1:2:2:3，-2%/-4%/-6%/-9%/-12%补) 均价止盈3% 止损离第一笔18% 拿72h,2303,81,0.8,0.8,-11.8,,2251,83,0.87,0.87,-11.8,,2346,86,0.96,0.85,-11.8,
15分钟 Delta背离 补仓I(1:1:1:2:2:3，-2%/-4%/-6%/-9%/-12%补) 均价止盈3% 止损离第一笔22% 拿24h,3430,66,0.84,0.84,-14.0,,3313,69,0.98,0.79,-16.1,,3235,73,0.84,0.89,-16.1,
15分钟 Delta背离 补仓I(1:1:1:2:2:3，-2%/-4%/-6%/-9%/-12%补) 均价止盈3% 止损离第一笔22% 拿72h,2244,81,0.84,0.72,-16.1,,2225,83,0.83,0.79,-16.1,,2298,86,0.87,0.91,-16.1,
15分钟 Delta背离 补仓I(1:1:1:2:2:3，-2%/-4%/-6%/-9%/-12%补) 均价止盈5% 止损离第一笔15% 拿24h,3048,61,0.82,0.82,-8.6,,2844,64,1.01,0.86,-8.6,,2776,64,0.83,0.92,-8.6,
15分钟 Delta背离 补仓I(1:1:1:2:2:3，-2%/-4%/-6%/-9%/-12%补) 均价止盈5% 止损离第一笔15% 拿72h,1708,70,0.8,0.8,-8.6,,1641,73,0.94,0.94,-8.6,,1722,75,0.85,0.87,-8.6,
15分钟 Delta背离 补仓I(1:1:1:2:2:3，-2%/-4%/-6%/-9%/-12%补) 均价止盈5% 止损离第一笔18% 拿24h,3037,62,0.87,0.84,-11.8,,2837,64,1.07,0.92,-11.8,,2763,65,0.83,0.92,-11.8,
15分钟 Delta背离 补仓I(1:1:1:2:2:3，-2%/-4%/-6%/-9%/-12%补) 均价止盈5% 止损离第一笔18% 拿72h,1661,72,0.82,0.76,-11.8,,1608,74,0.96,0.94,-11.8,,1669,76,0.84,0.87,-11.8,
15分钟 Delta背离 补仓I(1:1:1:2:2:3，-2%/-4%/-6%/-9%/-12%补) 均价止盈5% 止损离第一笔22% 拿24h,3033,62,0.94,0.87,-14.0,,2832,64,1.11,0.89,-16.1,✔,2753,65,0.79,0.91,-16.1,
15分钟 Delta背离 补仓I(1:1:1:2:2:3，-2%/-4%/-6%/-9%/-12%补) 均价止盈5% 止损离第一笔22% 拿72h,1638,72,0.83,0.74,-16.1,,1593,74,0.95,0.88,-16.1,,1619,76,0.8,0.88,-16.1,
15分钟 Delta背离 补仓I(1:1:1:2:2:3，-2%/-4%/-6%/-9%/-12%补) 均价止盈8% 止损离第一笔15% 拿24h,2916,60,0.81,0.82,-8.6,,2647,62,0.99,0.83,-8.6,,2546,62,0.81,0.9,-8.6,
15分钟 Delta背离 补仓I(1:1:1:2:2:3，-2%/-4%/-6%/-9%/-12%补) 均价止盈8% 止损离第一笔15% 拿72h,1427,64,0.76,0.85,-8.6,,1302,67,0.97,0.93,-8.6,,1345,67,0.85,0.89,-8.6,
15分钟 Delta背离 补仓I(1:1:1:2:2:3，-2%/-4%/-6%/-9%/-12%补) 均价止盈8% 止损离第一笔18% 拿24h,2897,61,0.84,0.79,-11.8,,2639,62,1.12,0.98,-11.8,,2534,62,0.86,0.92,-11.8,
15分钟 Delta背离 补仓I(1:1:1:2:2:3，-2%/-4%/-6%/-9%/-12%补) 均价止盈8% 止损离第一笔18% 拿72h,1391,65,0.75,0.8,-11.8,,1288,68,0.87,0.91,-11.8,,1320,69,0.84,0.91,-11.8,
15分钟 Delta背离 补仓I(1:1:1:2:2:3，-2%/-4%/-6%/-9%/-12%补) 均价止盈8% 止损离第一笔22% 拿24h,2890,61,0.91,0.8,-14.0,,2635,62,1.18,0.94,-16.1,✔,2521,62,0.84,0.86,-16.1,
15分钟 Delta背离 补仓I(1:1:1:2:2:3，-2%/-4%/-6%/-9%/-12%补) 均价止盈8% 止损离第一笔22% 拿72h,1373,66,0.78,0.69,-16.1,,1268,68,0.89,0.89,-16.1,,1285,68,0.8,0.87,-16.1,
15分钟 资金费率极端 补仓E(1:1:1:1:1，-2%/-4%/-6%/-8%补) 均价止盈1% 止损离第一笔11% 拿24h,1207,86,0.66,0.81,-7.5,,1027,88,0.97,0.78,-7.5,,537,89,0.82,0.9,-6.9,
15分钟 资金费率极端 补仓E(1:1:1:1:1，-2%/-4%/-6%/-8%补) 均价止盈1% 止损离第一笔11% 拿72h,1147,92,0.63,0.81,-7.5,,986,94,0.94,0.81,-7.5,,529,94,0.78,0.93,-7.5,
15分钟 资金费率极端 补仓E(1:1:1:1:1，-2%/-4%/-6%/-8%补) 均价止盈1% 止损离第一笔14% 拿24h,1190,87,0.61,0.7,-10.6,,1024,88,0.95,0.83,-10.6,,534,89,0.76,0.8,-9.8,
15分钟 资金费率极端 补仓E(1:1:1:1:1，-2%/-4%/-6%/-8%补) 均价止盈1% 止损离第一笔14% 拿72h,1124,93,0.59,0.73,-10.6,,978,94,0.81,0.77,-10.6,,525,94,0.69,0.84,-10.6,
15分钟 资金费率极端 补仓E(1:1:1:1:1，-2%/-4%/-6%/-8%补) 均价止盈1% 止损离第一笔18% 拿24h,1182,87,0.64,0.7,-13.6,,1022,88,1.02,0.78,-14.7,,532,90,0.79,0.7,-13.6,
15分钟 资金费率极端 补仓E(1:1:1:1:1，-2%/-4%/-6%/-8%补) 均价止盈1% 止损离第一笔18% 拿72h,1105,93,0.57,0.64,-14.7,,967,95,0.89,0.88,-14.7,,518,95,0.81,0.7,-13.6,
15分钟 资金费率极端 补仓E(1:1:1:1:1，-2%/-4%/-6%/-8%补) 均价止盈2% 止损离第一笔11% 拿24h,1080,75,0.73,0.89,-7.5,,928,78,1.15,0.92,-7.5,,477,78,0.92,0.99,-7.5,
15分钟 资金费率极端 补仓E(1:1:1:1:1，-2%/-4%/-6%/-8%补) 均价止盈2% 止损离第一笔11% 拿72h,981,84,0.74,0.87,-7.5,,848,89,1.2,0.89,-7.5,,446,86,0.91,0.9,-7.5,
15分钟 资金费率极端 补仓E(1:1:1:1:1，-2%/-4%/-6%/-8%补) 均价止盈2% 止损离第一笔14% 拿24h,1064,75,0.71,0.83,-10.6,,925,78,1.08,0.89,-10.6,,475,78,0.8,0.8,-10.6,
15分钟 资金费率极端 补仓E(1:1:1:1:1，-2%/-4%/-6%/-8%补) 均价止盈2% 止损离第一笔14% 拿72h,951,86,0.71,0.75,-10.6,,838,89,0.99,0.9,-10.6,,441,87,0.81,0.76,-10.6,
15分钟 资金费率极端 补仓E(1:1:1:1:1，-2%/-4%/-6%/-8%补) 均价止盈2% 止损离第一笔18% 拿24h,1055,76,0.81,0.73,-13.6,,923,79,1.14,0.79,-14.7,,472,78,0.82,0.8,-14.7,
15分钟 资金费率极端 补仓E(1:1:1:1:1，-2%/-4%/-6%/-8%补) 均价止盈2% 止损离第一笔18% 拿72h,921,87,0.73,0.72,-14.7,,827,90,1.13,0.95,-14.7,,432,88,0.95,0.84,-14.7,
15分钟 资金费率极端 补仓E(1:1:1:1:1，-2%/-4%/-6%/-8%补) 均价止盈3% 止损离第一笔11% 拿24h,1023,69,0.75,0.82,-7.5,,899,73,1.21,0.91,-7.5,,456,69,0.9,0.78,-7.5,
15分钟 资金费率极端 补仓E(1:1:1:1:1，-2%/-4%/-6%/-8%补) 均价止盈3% 止损离第一笔11% 拿72h,874,77,0.77,0.85,-7.5,,787,84,1.32,0.94,-7.5,,399,79,0.88,0.93,-7.5,
15分钟 资金费率极端 补仓E(1:1:1:1:1，-2%/-4%/-6%/-8%补) 均价止盈3% 止损离第一笔14% 拿24h,1007,69,0.74,0.75,-10.6,,897,73,1.12,0.89,-10.6,,452,69,0.8,0.84,-10.6,
15分钟 资金费率极端 补仓E(1:1:1:1:1，-2%/-4%/-6%/-8%补) 均价止盈3% 止损离第一笔14% 拿72h,844,78,0.73,0.86,-10.6,,779,84,1.12,0.92,-10.6,,388,80,0.84,0.88,-10.6,
15分钟 资金费率极端 补仓E(1:1:1:1:1，-2%/-4%/-6%/-8%补) 均价止盈3% 止损离第一笔18% 拿24h,996,69,0.78,0.81,-13.6,,893,73,1.18,0.85,-14.7,,449,70,0.84,0.8,-14.7,
15分钟 资金费率极端 补仓E(1:1:1:1:1，-2%/-4%/-6%/-8%补) 均价止盈3% 止损离第一笔18% 拿72h,815,79,0.71,0.74,-14.7,,766,85,1.24,0.84,-14.7,,377,81,0.96,0.8,-14.7,
15分钟 资金费率极端 补仓E(1:1:1:1:1，-2%/-4%/-6%/-8%补) 均价止盈5% 止损离第一笔11% 拿24h,976,64,0.84,0.83,-7.5,,858,68,1.27,0.88,-7.5,,436,65,0.88,0.78,-7.5,
15分钟 资金费率极端 补仓E(1:1:1:1:1，-2%/-4%/-6%/-8%补) 均价止盈5% 止损离第一笔11% 拿72h,753,67,0.8,0.88,-7.5,,685,73,1.22,1.0,-7.5,,344,69,0.8,0.79,-7.5,
15分钟 资金费率极端 补仓E(1:1:1:1:1，-2%/-4%/-6%/-8%补) 均价止盈5% 止损离第一笔14% 拿24h,965,65,0.82,0.85,-10.6,,856,68,1.18,1.02,-10.6,,435,65,0.77,0.91,-10.6,
15分钟 资金费率极端 补仓E(1:1:1:1:1，-2%/-4%/-6%/-8%补) 均价止盈5% 止损离第一笔14% 拿72h,724,69,0.76,0.83,-10.6,,676,73,1.05,1.08,-10.6,,333,70,0.74,0.79,-10.6,
15分钟 资金费率极端 补仓E(1:1:1:1:1，-2%/-4%/-6%/-8%补) 均价止盈5% 止损离第一笔18% 拿24h,955,65,0.87,0.78,-13.6,,853,68,1.24,0.92,-14.7,,431,66,0.86,0.83,-14.7,
15分钟 资金费率极端 补仓E(1:1:1:1:1，-2%/-4%/-6%/-8%补) 均价止盈5% 止损离第一笔18% 拿72h,697,69,0.72,0.73,-14.7,,664,74,1.09,0.92,-14.7,,326,72,0.81,0.85,-14.7,
15分钟 资金费率极端 补仓E(1:1:1:1:1，-2%/-4%/-6%/-8%补) 均价止盈8% 止损离第一笔11% 拿24h,950,62,0.85,0.72,-7.5,,836,67,1.4,1.0,-7.5,,427,63,0.93,0.87,-7.5,
15分钟 资金费率极端 补仓E(1:1:1:1:1，-2%/-4%/-6%/-8%补) 均价止盈8% 止损离第一笔11% 拿72h,685,63,0.85,0.76,-7.5,,621,69,1.41,1.12,-7.5,✔,320,66,0.89,0.9,-7.5,
15分钟 资金费率极端 补仓E(1:1:1:1:1，-2%/-4%/-6%/-8%补) 均价止盈8% 止损离第一笔14% 拿24h,940,63,0.85,0.76,-10.6,,834,67,1.31,0.9,-10.6,,425,64,0.81,0.95,-10.6,
15分钟 资金费率极端 补仓E(1:1:1:1:1，-2%/-4%/-6%/-8%补) 均价止盈8% 止损离第一笔14% 拿72h,659,64,0.8,0.75,-10.6,,615,69,1.29,0.88,-10.6,,313,67,0.88,0.74,-10.6,
15分钟 资金费率极端 补仓E(1:1:1:1:1，-2%/-4%/-6%/-8%补) 均价止盈8% 止损离第一笔18% 拿24h,932,64,0.92,0.75,-13.6,,831,67,1.38,0.92,-14.7,,421,65,0.93,0.71,-14.7,
15分钟 资金费率极端 补仓E(1:1:1:1:1，-2%/-4%/-6%/-8%补) 均价止盈8% 止损离第一笔18% 拿72h,633,64,0.8,0.74,-14.7,,607,70,1.42,1.02,-14.7,,305,69,0.99,0.77,-14.7,
15分钟 资金费率极端 补仓F(1:1:1:1:1:1，-1.5%/-3%/-4.5%/-6%/-7.5%补) 均价止盈1% 止损离第一笔10% 拿24h,1224,87,0.63,0.75,-7.2,,1034,89,0.88,0.77,-7.2,,545,90,0.76,0.76,-6.7,
15分钟 资金费率极端 补仓F(1:1:1:1:1:1，-1.5%/-3%/-4.5%/-6%/-7.5%补) 均价止盈1% 止损离第一笔10% 拿72h,1168,92,0.59,0.78,-7.2,,997,95,0.95,0.77,-7.2,,540,94,0.74,1.0,-7.2,
15分钟 资金费率极端 补仓F(1:1:1:1:1:1，-1.5%/-3%/-4.5%/-6%/-7.5%补) 均价止盈1% 止损离第一笔14% 拿24h,1205,87,0.56,0.8,-10.3,,1031,89,0.82,0.78,-10.3,,538,90,0.69,0.77,-9.6,
15分钟 资金费率极端 补仓F(1:1:1:1:1:1，-1.5%/-3%/-4.5%/-6%/-7.5%补) 均价止盈1% 止损离第一笔14% 拿72h,1139,93,0.53,0.73,-10.3,,990,95,0.79,0.83,-10.3,,531,95,0.65,1.02,-10.3,
15分钟 资金费率极端 补仓F(1:1:1:1:1:1，-1.5%/-3%/-4.5%/-6%/-7.5%补) 均价止盈1% 止损离第一笔18% 拿24h,1195,88,0.61,0.72,-13.4,,1029,89,0.89,0.8,-14.4,,535,90,0.69,0.74,-13.4,
15分钟 资金费率极端 补仓F(1:1:1:1:1:1，-1.5%/-3%/-4.5%/-6%/-7.5%补) 均价止盈1% 止损离第一笔18% 拿72h,1118,93,0.52,0.66,-14.4,,979,95,0.82,0.88,-14.4,,523,96,0.73,0.69,-13.4,
15分钟 资金费率极端 补仓F(1:1:1:1:1:1，-1.5%/-3%/-4.5%/-6%/-7.5%补) 均价止盈2% 止损离第一笔10% 拿24h,1086,77,0.76,0.85,-7.2,,937,81,1.18,0.86,-7.2,,482,78,0.9,0.91,-7.2,
15分钟 资金费率极端 补仓F(1:1:1:1:1:1，-1.5%/-3%/-4.5%/-6%/-7.5%补) 均价止盈2% 止损离第一笔10% 拿72h,992,85,0.76,0.84,-7.2,,861,89,1.25,0.9,-7.2,,453,86,0.92,0.93,-7.2,
15分钟 资金费率极端 补仓F(1:1:1:1:1:1，-1.5%/-3%/-4.5%/-6%/-7.5%补) 均价止盈2% 止损离第一笔14% 拿24h,1068,77,0.71,0.73,-10.3,,932,81,1.14,0.88,-10.3,,476,78,0.8,0.74,-10.3,
15分钟 资金费率极端 补仓F(1:1:1:1:1:1，-1.5%/-3%/-4.5%/-6%/-7.5%补) 均价止盈2% 止损离第一笔14% 拿72h,962,86,0.71,0.78,-10.3,,852,90,1.05,0.9,-10.3,,441,87,0.81,0.82,-10.3,
15分钟 资金费率极端 补仓F(1:1:1:1:1:1，-1.5%/-3%/-4.5%/-6%/-7.5%补) 均价止盈2% 止损离第一笔18% 拿24h,1056,77,0.84,0.74,-13.4,,930,81,1.23,0.79,-14.4,,474,79,0.83,0.83,-14.4,
15分钟 资金费率极端 补仓F(1:1:1:1:1:1，-1.5%/-3%/-4.5%/-6%/-7.5%补) 均价止盈2% 止损离第一笔18% 拿72h,929,87,0.76,0.75,-14.4,,840,90,1.16,0.94,-14.4,,434,88,0.88,0.89,-14.4,
15分钟 资金费率极端 补仓F(1:1:1:1:1:1，-1.5%/-3%/-4.5%/-6%/-7.5%补) 均价止盈3% 止损离第一笔10% 拿24h,1031,70,0.76,0.81,-7.2,,901,75,1.21,0.93,-7.2,,462,71,0.94,0.81,-7.2,
15分钟 资金费率极端 补仓F(1:1:1:1:1:1，-1.5%/-3%/-4.5%/-6%/-7.5%补) 均价止盈3% 止损离第一笔10% 拿72h,891,78,0.8,0.84,-7.2,,793,84,1.3,0.92,-7.2,,410,80,1.05,0.91,-7.2,
15分钟 资金费率极端 补仓F(1:1:1:1:1:1，-1.5%/-3%/-4.5%/-6%/-7.5%补) 均价止盈3% 止损离第一笔14% 拿24h,1014,70,0.7,0.8,-10.3,,897,75,1.15,0.89,-10.3,,456,71,0.84,0.78,-10.3,
15分钟 资金费率极端 补仓F(1:1:1:1:1:1，-1.5%/-3%/-4.5%/-6%/-7.5%补) 均价止盈3% 止损离第一笔14% 拿72h,862,79,0.71,0.74,-10.3,,787,84,1.12,1.0,-10.3,,395,81,0.95,0.89,-10.3,
15分钟 资金费率极端 补仓F(1:1:1:1:1:1，-1.5%/-3%/-4.5%/-6%/-7.5%补) 均价止盈3% 止损离第一笔18% 拿24h,998,70,0.74,0.83,-13.4,,893,75,1.19,0.78,-14.4,,454,71,0.86,0.83,-14.4,
15分钟 资金费率极端 补仓F(1:1:1:1:1:1，-1.5%/-3%/-4.5%/-6%/-7.5%补) 均价止盈3% 止损离第一笔18% 拿72h,826,80,0.71,0.73,-14.4,,771,85,1.25,1.1,-14.4,,384,82,1.1,0.85,-14.4,
15分钟 资金费率极端 补仓F(1:1:1:1:1:1，-1.5%/-3%/-4.5%/-6%/-7.5%补) 均价止盈5% 止损离第一笔10% 拿24h,976,65,0.88,0.86,-7.2,,860,70,1.25,1.0,-7.2,,437,66,0.86,0.86,-7.2,
15分钟 资金费率极端 补仓F(1:1:1:1:1:1，-1.5%/-3%/-4.5%/-6%/-7.5%补) 均价止盈5% 止损离第一笔10% 拿72h,762,68,0.81,0.77,-7.2,,687,74,1.2,0.92,-7.2,,350,69,0.82,0.93,-7.2,
15分钟 资金费率极端 补仓F(1:1:1:1:1:1，-1.5%/-3%/-4.5%/-6%/-7.5%补) 均价止盈5% 止损离第一笔14% 拿24h,965,66,0.82,0.77,-10.3,,856,70,1.2,0.91,-10.3,,435,66,0.79,0.75,-10.3,
15分钟 资金费率极端 补仓F(1:1:1:1:1:1，-1.5%/-3%/-4.5%/-6%/-7.5%补) 均价止盈5% 止损离第一笔14% 拿72h,733,70,0.75,0.76,-10.3,,679,74,1.11,0.92,-10.3,,340,70,0.77,0.79,-10.3,
15分钟 资金费率极端 补仓F(1:1:1:1:1:1，-1.5%/-3%/-4.5%/-6%/-7.5%补) 均价止盈5% 止损离第一笔18% 拿24h,953,66,0.87,0.76,-13.4,,853,70,1.23,0.96,-14.4,,432,67,0.81,0.72,-14.4,
15分钟 资金费率极端 补仓F(1:1:1:1:1:1，-1.5%/-3%/-4.5%/-6%/-7.5%补) 均价止盈5% 止损离第一笔18% 拿72h,699,70,0.73,0.72,-14.4,,667,75,1.14,0.95,-14.4,,330,72,0.83,0.8,-14.4,
15分钟 资金费率极端 补仓F(1:1:1:1:1:1，-1.5%/-3%/-4.5%/-6%/-7.5%补) 均价止盈8% 止损离第一笔10% 拿24h,953,63,0.9,0.71,-7.2,,838,69,1.38,0.89,-7.2,,428,65,0.91,0.83,-7.2,
15分钟 资金费率极端 补仓F(1:1:1:1:1:1，-1.5%/-3%/-4.5%/-6%/-7.5%补) 均价止盈8% 止损离第一笔10% 拿72h,690,64,0.9,0.73,-7.2,,624,69,1.42,1.07,-7.2,✔,325,65,0.93,0.92,-7.2,
15分钟 资金费率极端 补仓F(1:1:1:1:1:1，-1.5%/-3%/-4.5%/-6%/-7.5%补) 均价止盈8% 止损离第一笔14% 拿24h,943,64,0.85,0.81,-10.3,,834,69,1.34,0.92,-10.3,,425,65,0.83,0.78,-10.3,
15分钟 资金费率极端 补仓F(1:1:1:1:1:1，-1.5%/-3%/-4.5%/-6%/-7.5%补) 均价止盈8% 止损离第一笔14% 拿72h,665,66,0.84,0.75,-10.3,,616,69,1.36,0.92,-10.3,✔,316,67,0.91,0.89,-10.3,
15分钟 资金费率极端 补仓F(1:1:1:1:1:1，-1.5%/-3%/-4.5%/-6%/-7.5%补) 均价止盈8% 止损离第一笔18% 拿24h,933,65,0.91,0.83,-13.4,,831,70,1.38,0.91,-14.4,,422,66,0.88,0.85,-14.4,
15分钟 资金费率极端 补仓F(1:1:1:1:1:1，-1.5%/-3%/-4.5%/-6%/-7.5%补) 均价止盈8% 止损离第一笔18% 拿72h,635,67,0.83,0.72,-14.4,,606,71,1.49,1.03,-14.4,,306,69,1.01,0.85,-14.4,
15分钟 资金费率极端 补仓G(1:1:2:2:4，-2%/-4%/-6%/-8%补) 均价止盈1% 止损离第一笔11% 拿24h,1218,88,0.7,0.72,-6.1,,1029,89,0.99,0.7,-6.1,,539,92,0.97,0.88,-5.5,
15分钟 资金费率极端 补仓G(1:1:2:2:4，-2%/-4%/-6%/-8%补) 均价止盈1% 止损离第一笔11% 拿72h,1166,94,0.68,0.75,-6.1,,997,95,0.94,0.8,-6.1,,533,97,1.06,0.87,-6.1,
15分钟 资金费率极端 补仓G(1:1:2:2:4，-2%/-4%/-6%/-8%补) 均价止盈1% 止损离第一笔14% 拿24h,1207,88,0.69,0.74,-9.3,,1026,89,0.99,0.75,-9.3,,537,93,0.88,0.93,-8.3,
15分钟 资金费率极端 补仓G(1:1:2:2:4，-2%/-4%/-6%/-8%补) 均价止盈1% 止损离第一笔14% 拿72h,1150,95,0.67,0.71,-9.3,,989,96,0.78,0.85,-9.3,,531,97,0.91,0.74,-9.3,
15分钟 资金费率极端 补仓G(1:1:2:2:4，-2%/-4%/-6%/-8%补) 均价止盈1% 止损离第一笔18% 拿24h,1202,89,0.73,0.69,-12.1,,1024,89,1.07,0.73,-13.5,,535,93,0.95,0.69,-12.1,
15分钟 资金费率极端 补仓G(1:1:2:2:4，-2%/-4%/-6%/-8%补) 均价止盈1% 止损离第一笔18% 拿72h,1137,95,0.63,0.67,-13.5,,979,96,0.89,0.84,-13.5,,526,98,0.99,0.96,-12.1,
15分钟 资金费率极端 补仓G(1:1:2:2:4，-2%/-4%/-6%/-8%补) 均价止盈2% 止损离第一笔11% 拿24h,1086,77,0.71,0.84,-6.1,,930,80,1.15,0.88,-6.1,,478,80,0.95,0.85,-6.1,
15分钟 资金费率极端 补仓G(1:1:2:2:4，-2%/-4%/-6%/-8%补) 均价止盈2% 止损离第一笔11% 拿72h,992,87,0.75,0.82,-6.1,,859,91,1.23,0.95,-6.1,,449,89,0.97,1.17,-6.1,
15分钟 资金费率极端 补仓G(1:1:2:2:4，-2%/-4%/-6%/-8%补) 均价止盈2% 止损离第一笔14% 拿24h,1072,78,0.67,0.83,-9.3,,927,80,1.06,0.91,-9.3,,476,80,0.84,1.02,-9.3,
15分钟 资金费率极端 补仓G(1:1:2:2:4，-2%/-4%/-6%/-8%补) 均价止盈2% 止损离第一笔14% 拿72h,968,89,0.71,0.76,-9.3,,850,92,0.97,0.89,-9.3,,445,90,0.83,0.64,-9.3,
15分钟 资金费率极端 补仓G(1:1:2:2:4，-2%/-4%/-6%/-8%补) 均价止盈2% 止损离第一笔18% 拿24h,1065,78,0.81,0.86,-12.1,,925,80,1.14,0.83,-13.5,✔,473,81,0.86,0.85,-12.1,
15分钟 资金费率极端 补仓G(1:1:2:2:4，-2%/-4%/-6%/-8%补) 均价止盈2% 止损离第一笔18% 拿72h,943,90,0.76,0.72,-13.5,,840,92,1.17,1.01,-13.5,,436,91,1.01,0.85,-12.1,
15分钟 资金费率极端 补仓G(1:1:2:2:4，-2%/-4%/-6%/-8%补) 均价止盈3% 止损离第一笔11% 拿24h,1027,71,0.76,0.77,-6.1,,899,74,1.11,0.83,-6.1,,460,72,0.95,0.99,-6.1,
15分钟 资金费率极端 补仓G(1:1:2:2:4，-2%/-4%/-6%/-8%补) 均价止盈3% 止损离第一笔11% 拿72h,888,80,0.78,0.79,-6.1,,790,86,1.21,0.84,-6.1,,409,82,0.94,0.8,-6.1,
15分钟 资金费率极端 补仓G(1:1:2:2:4，-2%/-4%/-6%/-8%补) 均价止盈3% 止损离第一笔14% 拿24h,1011,72,0.71,0.77,-9.3,,897,74,0.97,0.91,-9.3,,458,73,0.8,0.82,-9.3,
15分钟 资金费率极端 补仓G(1:1:2:2:4，-2%/-4%/-6%/-8%补) 均价止盈3% 止损离第一笔14% 拿72h,861,81,0.7,0.71,-9.3,,782,86,0.95,0.94,-9.3,,403,83,0.83,0.89,-9.3,
15分钟 资金费率极端 补仓G(1:1:2:2:4，-2%/-4%/-6%/-8%补) 均价止盈3% 止损离第一笔18% 拿24h,999,72,0.81,0.75,-12.1,,894,74,1.05,0.95,-13.5,,455,73,0.82,0.78,-13.5,
15分钟 资金费率极端 补仓G(1:1:2:2:4，-2%/-4%/-6%/-8%补) 均价止盈3% 止损离第一笔18% 拿72h,832,83,0.72,0.68,-13.5,,770,87,1.08,0.94,-13.5,,392,84,0.99,0.82,-13.5,
15分钟 资金费率极端 补仓G(1:1:2:2:4，-2%/-4%/-6%/-8%补) 均价止盈5% 止损离第一笔11% 拿24h,977,66,0.83,0.73,-6.1,,859,69,1.23,0.85,-6.1,,436,67,0.87,1.05,-6.1,
15分钟 资金费率极端 补仓G(1:1:2:2:4，-2%/-4%/-6%/-8%补) 均价止盈5% 止损离第一笔11% 拿72h,759,69,0.78,0.8,-6.1,,690,77,1.21,0.95,-6.1,✔,347,72,0.78,0.96,-6.1,
15分钟 资金费率极端 补仓G(1:1:2:2:4，-2%/-4%/-6%/-8%补) 均价止盈5% 止损离第一笔14% 拿24h,966,67,0.79,0.67,-9.3,,857,70,1.1,0.9,-9.3,,435,68,0.71,0.85,-9.3,
15分钟 资金费率极端 补仓G(1:1:2:2:4，-2%/-4%/-6%/-8%补) 均价止盈5% 止损离第一笔14% 拿72h,734,72,0.73,0.82,-9.3,,681,77,1.01,0.87,-9.3,,337,73,0.71,0.76,-9.3,
15分钟 资金费率极端 补仓G(1:1:2:2:4，-2%/-4%/-6%/-8%补) 均价止盈5% 止损离第一笔18% 拿24h,956,67,0.88,0.75,-12.1,,854,70,1.18,0.9,-13.5,,431,69,0.8,0.71,-13.5,
15分钟 资金费率极端 补仓G(1:1:2:2:4，-2%/-4%/-6%/-8%补) 均价止盈5% 止损离第一笔18% 拿72h,707,73,0.7,0.7,-13.5,,670,79,1.06,0.91,-13.5,,330,75,0.82,0.87,-13.5,
15分钟 资金费率极端 补仓G(1:1:2:2:4，-2%/-4%/-6%/-8%补) 均价止盈8% 止损离第一笔11% 拿24h,951,64,0.85,0.82,-6.1,,837,69,1.36,0.95,-6.1,,428,66,0.91,0.77,-6.1,
15分钟 资金费率极端 补仓G(1:1:2:2:4，-2%/-4%/-6%/-8%补) 均价止盈8% 止损离第一笔11% 拿72h,688,65,0.84,0.71,-6.1,,625,72,1.36,0.92,-6.1,✔,322,68,0.8,0.83,-6.1,
15分钟 资金费率极端 补仓G(1:1:2:2:4，-2%/-4%/-6%/-8%补) 均价止盈8% 止损离第一笔14% 拿24h,941,65,0.83,0.83,-9.3,,835,69,1.23,0.91,-9.3,,426,67,0.75,0.92,-9.3,
15分钟 资金费率极端 补仓G(1:1:2:2:4，-2%/-4%/-6%/-8%补) 均价止盈8% 止损离第一笔14% 拿72h,663,67,0.78,0.77,-9.3,,619,72,1.2,1.01,-9.3,,315,70,0.76,0.81,-9.3,
15分钟 资金费率极端 补仓G(1:1:2:2:4，-2%/-4%/-6%/-8%补) 均价止盈8% 止损离第一笔18% 拿24h,933,65,0.93,0.84,-12.1,,832,69,1.32,0.88,-13.5,,422,68,0.89,0.82,-13.5,
15分钟 资金费率极端 补仓G(1:1:2:2:4，-2%/-4%/-6%/-8%补) 均价止盈8% 止损离第一笔18% 拿72h,635,68,0.78,0.77,-13.5,,610,74,1.35,0.99,-13.5,,307,71,0.89,0.8,-13.5,
15分钟 资金费率极端 补仓H(1:1:1:1:1:1:1:1，-1%/-2%/-3%/-4%/-5%/-6%/-7%补) 均价止盈1% 止损离第一笔10% 拿24h,1242,88,0.62,0.74,-6.9,,1049,89,0.88,0.81,-6.9,,551,90,0.74,0.84,-6.5,
15分钟 资金费率极端 补仓H(1:1:1:1:1:1:1:1，-1%/-2%/-3%/-4%/-5%/-6%/-7%补) 均价止盈1% 止损离第一笔10% 拿72h,1197,93,0.59,0.86,-6.9,,1014,95,0.94,0.95,-6.9,,545,94,0.73,1.03,-6.9,
15分钟 资金费率极端 补仓H(1:1:1:1:1:1:1:1，-1%/-2%/-3%/-4%/-5%/-6%/-7%补) 均价止盈1% 止损离第一笔13% 拿24h,1223,88,0.56,0.81,-10.0,,1044,89,0.8,0.73,-10.0,,543,90,0.65,0.78,-9.4,
15分钟 资金费率极端 补仓H(1:1:1:1:1:1:1:1，-1%/-2%/-3%/-4%/-5%/-6%/-7%补) 均价止盈1% 止损离第一笔13% 拿72h,1162,93,0.52,0.67,-10.0,,1007,95,0.77,0.74,-10.0,,536,95,0.6,0.82,-10.0,
15分钟 资金费率极端 补仓H(1:1:1:1:1:1:1:1，-1%/-2%/-3%/-4%/-5%/-6%/-7%补) 均价止盈1% 止损离第一笔17% 拿24h,1213,89,0.59,0.74,-13.2,,1042,90,0.88,0.77,-14.1,,540,91,0.68,0.71,-13.2,
15分钟 资金费率极端 补仓H(1:1:1:1:1:1:1:1，-1%/-2%/-3%/-4%/-5%/-6%/-7%补) 均价止盈1% 止损离第一笔17% 拿72h,1141,94,0.5,0.67,-14.1,,994,96,0.82,0.89,-14.1,,530,96,0.7,1.25,-13.2,
15分钟 资金费率极端 补仓H(1:1:1:1:1:1:1:1，-1%/-2%/-3%/-4%/-5%/-6%/-7%补) 均价止盈2% 止损离第一笔10% 拿24h,1089,78,0.75,0.85,-6.9,,946,82,1.2,0.92,-6.9,,486,80,0.98,0.92,-6.9,
15分钟 资金费率极端 补仓H(1:1:1:1:1:1:1:1，-1%/-2%/-3%/-4%/-5%/-6%/-7%补) 均价止盈2% 止损离第一笔10% 拿72h,999,85,0.77,0.88,-6.9,,877,90,1.23,0.99,-6.9,,457,88,1.01,0.98,-6.9,
15分钟 资金费率极端 补仓H(1:1:1:1:1:1:1:1，-1%/-2%/-3%/-4%/-5%/-6%/-7%补) 均价止盈2% 止损离第一笔13% 拿24h,1072,78,0.69,0.84,-10.0,,939,82,1.09,0.78,-10.0,,480,80,0.84,0.89,-10.0,
15分钟 资金费率极端 补仓H(1:1:1:1:1:1:1:1，-1%/-2%/-3%/-4%/-5%/-6%/-7%补) 均价止盈2% 止损离第一笔13% 拿72h,968,86,0.68,0.79,-10.0,,865,90,1.03,0.94,-10.0,,447,88,0.9,0.92,-10.0,
15分钟 资金费率极端 补仓H(1:1:1:1:1:1:1:1，-1%/-2%/-3%/-4%/-5%/-6%/-7%补) 均价止盈2% 止损离第一笔17% 拿24h,1059,78,0.79,0.81,-13.2,,937,83,1.19,0.99,-14.1,,476,80,0.9,0.79,-13.2,
15分钟 资金费率极端 补仓H(1:1:1:1:1:1:1:1，-1%/-2%/-3%/-4%/-5%/-6%/-7%补) 均价止盈2% 止损离第一笔17% 拿72h,934,87,0.72,0.72,-14.1,,853,91,1.13,0.95,-14.1,,438,89,0.97,0.92,-13.2,
15分钟 资金费率极端 补仓H(1:1:1:1:1:1:1:1，-1%/-2%/-3%/-4%/-5%/-6%/-7%补) 均价止盈3% 止损离第一笔10% 拿24h,1036,72,0.79,0.82,-6.9,,906,76,1.25,0.89,-6.9,,460,73,0.93,0.85,-6.9,
15分钟 资金费率极端 补仓H(1:1:1:1:1:1:1:1，-1%/-2%/-3%/-4%/-5%/-6%/-7%补) 均价止盈3% 止损离第一笔10% 拿72h,904,79,0.82,0.97,-6.9,,803,84,1.36,0.99,-6.9,,412,81,1.07,0.87,-6.9,
15分钟 资金费率极端 补仓H(1:1:1:1:1:1:1:1，-1%/-2%/-3%/-4%/-5%/-6%/-7%补) 均价止盈3% 止损离第一笔13% 拿24h,1018,72,0.73,0.74,-10.0,,900,76,1.17,0.86,-10.0,,453,73,0.81,0.74,-10.0,
15分钟 资金费率极端 补仓H(1:1:1:1:1:1:1:1，-1%/-2%/-3%/-4%/-5%/-6%/-7%补) 均价止盈3% 止损离第一笔13% 拿72h,871,80,0.73,0.82,-10.0,,792,85,1.18,1.07,-10.0,,396,82,1.01,0.87,-10.0,
15分钟 资金费率极端 补仓H(1:1:1:1:1:1:1:1，-1%/-2%/-3%/-4%/-5%/-6%/-7%补) 均价止盈3% 止损离第一笔17% 拿24h,1001,72,0.77,0.82,-13.2,,896,76,1.23,0.93,-14.1,,452,73,0.86,0.8,-14.1,
15分钟 资金费率极端 补仓H(1:1:1:1:1:1:1:1，-1%/-2%/-3%/-4%/-5%/-6%/-7%补) 均价止盈3% 止损离第一笔17% 拿72h,837,80,0.72,0.78,-14.1,,778,86,1.34,1.03,-14.1,,389,83,1.09,0.82,-14.1,
15分钟 资金费率极端 补仓H(1:1:1:1:1:1:1:1，-1%/-2%/-3%/-4%/-5%/-6%/-7%补) 均价止盈5% 止损离第一笔10% 拿24h,980,67,0.89,0.83,-6.9,,864,71,1.24,1.0,-6.9,,437,68,0.88,0.75,-6.9,
15分钟 资金费率极端 补仓H(1:1:1:1:1:1:1:1，-1%/-2%/-3%/-4%/-5%/-6%/-7%补) 均价止盈5% 止损离第一笔10% 拿72h,769,68,0.85,0.84,-6.9,,700,75,1.26,0.88,-6.9,,350,69,0.86,0.88,-6.9,
15分钟 资金费率极端 补仓H(1:1:1:1:1:1:1:1，-1%/-2%/-3%/-4%/-5%/-6%/-7%补) 均价止盈5% 止损离第一笔13% 拿24h,968,67,0.82,0.77,-10.0,,856,71,1.19,0.91,-10.0,,435,69,0.78,0.74,-10.0,
15分钟 资金费率极端 补仓H(1:1:1:1:1:1:1:1，-1%/-2%/-3%/-4%/-5%/-6%/-7%补) 均价止盈5% 止损离第一笔13% 拿72h,736,70,0.79,0.82,-10.0,,686,76,1.2,0.99,-10.0,,341,71,0.82,0.93,-10.0,
15分钟 资金费率极端 补仓H(1:1:1:1:1:1:1:1，-1%/-2%/-3%/-4%/-5%/-6%/-7%补) 均价止盈5% 止损离第一笔17% 拿24h,955,68,0.85,0.74,-13.2,,853,71,1.24,0.88,-14.1,,433,69,0.81,0.74,-14.1,
15分钟 资金费率极端 补仓H(1:1:1:1:1:1:1:1，-1%/-2%/-3%/-4%/-5%/-6%/-7%补) 均价止盈5% 止损离第一笔17% 拿72h,708,70,0.74,0.78,-14.1,,673,77,1.23,0.91,-14.1,,333,72,0.85,0.98,-14.1,
15分钟 资金费率极端 补仓H(1:1:1:1:1:1:1:1，-1%/-2%/-3%/-4%/-5%/-6%/-7%补) 均价止盈8% 止损离第一笔10% 拿24h,956,65,0.9,0.75,-6.9,,841,70,1.37,0.86,-6.9,,428,68,0.96,0.98,-6.9,
15分钟 资金费率极端 补仓H(1:1:1:1:1:1:1:1，-1%/-2%/-3%/-4%/-5%/-6%/-7%补) 均价止盈8% 止损离第一笔10% 拿72h,701,63,0.88,0.8,-6.9,,630,69,1.36,0.96,-6.9,✔,325,66,0.97,0.86,-6.9,
15分钟 资金费率极端 补仓H(1:1:1:1:1:1:1:1，-1%/-2%/-3%/-4%/-5%/-6%/-7%补) 均价止盈8% 止损离第一笔13% 拿24h,944,66,0.85,0.8,-10.0,,835,70,1.33,0.91,-10.0,,425,68,0.85,0.78,-10.0,
15分钟 资金费率极端 补仓H(1:1:1:1:1:1:1:1，-1%/-2%/-3%/-4%/-5%/-6%/-7%补) 均价止盈8% 止损离第一笔13% 拿72h,667,66,0.86,0.8,-10.0,,620,70,1.39,0.93,-10.0,✔,316,68,0.96,0.88,-10.0,
15分钟 资金费率极端 补仓H(1:1:1:1:1:1:1:1，-1%/-2%/-3%/-4%/-5%/-6%/-7%补) 均价止盈8% 止损离第一笔17% 拿24h,933,66,0.89,0.81,-13.2,,832,70,1.38,0.99,-14.1,,423,69,0.9,0.83,-14.1,
15分钟 资金费率极端 补仓H(1:1:1:1:1:1:1:1，-1%/-2%/-3%/-4%/-5%/-6%/-7%补) 均价止盈8% 止损离第一笔17% 拿72h,640,67,0.83,0.72,-14.1,,610,71,1.49,1.05,-14.1,,308,70,1.02,0.86,-14.1,
15分钟 资金费率极端 补仓I(1:1:1:2:2:3，-2%/-4%/-6%/-9%/-12%补) 均价止盈1% 止损离第一笔15% 拿24h,1192,88,0.66,0.72,-7.4,,1023,88,0.98,0.78,-8.6,,533,90,0.72,0.86,-7.4,
15分钟 资金费率极端 补仓I(1:1:1:2:2:3，-2%/-4%/-6%/-9%/-12%补) 均价止盈1% 止损离第一笔15% 拿72h,1128,94,0.63,0.69,-8.6,,975,95,0.83,0.83,-8.6,,522,96,0.75,0.88,-7.4,
15分钟 资金费率极端 补仓I(1:1:1:2:2:3，-2%/-4%/-6%/-9%/-12%补) 均价止盈1% 止损离第一笔18% 拿24h,1186,88,0.7,0.74,-10.2,,1023,88,1.0,0.8,-11.8,,531,91,0.75,0.76,-10.2,
15分钟 资金费率极端 补仓I(1:1:1:2:2:3，-2%/-4%/-6%/-9%/-12%补) 均价止盈1% 止损离第一笔18% 拿72h,1117,95,0.57,0.58,-11.8,,972,96,0.81,0.89,-11.8,,518,96,0.82,0.79,-10.2,
15分钟 资金费率极端 补仓I(1:1:1:2:2:3，-2%/-4%/-6%/-9%/-12%补) 均价止盈1% 止损离第一笔22% 拿24h,1184,88,0.65,0.79,-14.0,,1021,88,1.0,0.71,-12.3,,529,91,0.69,0.57,-14.0,
15分钟 资金费率极端 补仓I(1:1:1:2:2:3，-2%/-4%/-6%/-9%/-12%补) 均价止盈1% 止损离第一笔22% 拿72h,1111,95,0.52,0.56,-16.1,,964,96,0.73,0.77,-16.1,,513,96,0.63,0.83,-14.0,
15分钟 资金费率极端 补仓I(1:1:1:2:2:3，-2%/-4%/-6%/-9%/-12%补) 均价止盈2% 止损离第一笔15% 拿24h,1065,77,0.78,0.84,-8.6,,925,79,1.12,0.92,-8.6,,474,79,0.75,0.89,-8.6,
15分钟 资金费率极端 补仓I(1:1:1:2:2:3，-2%/-4%/-6%/-9%/-12%补) 均价止盈2% 止损离第一笔15% 拿72h,952,88,0.76,0.75,-8.6,,834,91,0.99,0.84,-8.6,,437,89,0.79,0.83,-8.6,
15分钟 资金费率极端 补仓I(1:1:1:2:2:3，-2%/-4%/-6%/-9%/-12%补) 均价止盈2% 止损离第一笔18% 拿24h,1061,77,0.83,0.73,-10.2,,924,79,1.11,0.89,-11.8,,472,80,0.77,0.85,-11.8,
15分钟 资金费率极端 补仓I(1:1:1:2:2:3，-2%/-4%/-6%/-9%/-12%补) 均价止盈2% 止损离第一笔18% 拿72h,937,89,0.71,0.63,-11.8,,831,91,1.0,0.96,-11.8,,432,90,0.86,0.74,-11.8,
15分钟 资金费率极端 补仓I(1:1:1:2:2:3，-2%/-4%/-6%/-9%/-12%补) 均价止盈2% 止损离第一笔22% 拿24h,1059,77,0.8,0.83,-14.0,,923,79,1.1,0.71,-16.1,,470,80,0.67,0.84,-16.1,
15分钟 资金费率极端 补仓I(1:1:1:2:2:3，-2%/-4%/-6%/-9%/-12%补) 均价止盈2% 止损离第一笔22% 拿72h,925,89,0.73,0.64,-16.1,,825,91,0.88,0.92,-16.1,,426,89,0.71,0.99,-16.1,
15分钟 资金费率极端 补仓I(1:1:1:2:2:3，-2%/-4%/-6%/-9%/-12%补) 均价止盈3% 止损离第一笔15% 拿24h,1002,70,0.76,0.8,-8.6,,896,74,1.12,0.96,-8.6,,455,71,0.75,0.86,-8.6,
15分钟 资金费率极端 补仓I(1:1:1:2:2:3，-2%/-4%/-6%/-9%/-12%补) 均价止盈3% 止损离第一笔15% 拿72h,841,81,0.76,0.77,-8.6,,774,86,1.13,0.94,-8.6,,392,83,0.92,0.83,-8.6,
15分钟 资金费率极端 补仓I(1:1:1:2:2:3，-2%/-4%/-6%/-9%/-12%补) 均价止盈3% 止损离第一笔18% 拿24h,998,70,0.81,0.69,-10.2,,894,74,1.12,0.91,-11.8,,452,72,0.83,0.78,-11.8,
15分钟 资金费率极端 补仓I(1:1:1:2:2:3，-2%/-4%/-6%/-9%/-12%补) 均价止盈3% 止损离第一笔18% 拿72h,828,82,0.74,0.69,-11.8,,769,87,1.09,0.96,-11.8,,385,84,1.03,0.69,-11.8,
15分钟 资金费率极端 补仓I(1:1:1:2:2:3，-2%/-4%/-6%/-9%/-12%补) 均价止盈3% 止损离第一笔22% 拿24h,996,70,0.81,0.78,-14.0,,893,74,1.08,0.95,-16.1,,451,72,0.76,0.88,-16.1,
15分钟 资金费率极端 补仓I(1:1:1:2:2:3，-2%/-4%/-6%/-9%/-12%补) 均价止盈3% 止损离第一笔22% 拿72h,817,82,0.75,0.61,-16.1,,761,87,1.0,1.0,-16.1,,379,84,0.9,0.67,-16.1,
15分钟 资金费率极端 补仓I(1:1:1:2:2:3，-2%/-4%/-6%/-9%/-12%补) 均价止盈5% 止损离第一笔15% 拿24h,961,66,0.83,0.83,-8.6,,855,69,1.22,0.92,-8.6,,435,66,0.68,0.75,-8.6,
15分钟 资金费率极端 补仓I(1:1:1:2:2:3，-2%/-4%/-6%/-9%/-12%补) 均价止盈5% 止损离第一笔15% 拿72h,722,71,0.75,0.73,-8.6,,672,76,1.06,0.91,-8.6,,330,73,0.8,0.92,-8.6,
15分钟 资金费率极端 补仓I(1:1:1:2:2:3，-2%/-4%/-6%/-9%/-12%补) 均价止盈5% 止损离第一笔18% 拿24h,955,66,0.91,0.82,-10.2,,854,69,1.22,0.95,-11.8,✔,431,67,0.79,0.71,-11.8,
15分钟 资金费率极端 补仓I(1:1:1:2:2:3，-2%/-4%/-6%/-9%/-12%补) 均价止盈5% 止损离第一笔18% 拿72h,703,72,0.71,0.74,-11.8,,668,76,1.0,0.9,-11.8,,326,75,0.85,0.84,-11.8,
15分钟 资金费率极端 补仓I(1:1:1:2:2:3，-2%/-4%/-6%/-9%/-12%补) 均价止盈5% 止损离第一笔22% 拿24h,955,66,0.95,0.89,-14.0,,852,69,1.17,0.87,-16.1,,431,68,0.73,0.89,-16.1,
15分钟 资金费率极端 补仓I(1:1:1:2:2:3，-2%/-4%/-6%/-9%/-12%补) 均价止盈5% 止损离第一笔22% 拿72h,691,73,0.73,0.69,-16.1,,663,76,0.93,0.96,-16.1,,319,74,0.79,0.76,-16.1,
15分钟 资金费率极端 补仓I(1:1:1:2:2:3，-2%/-4%/-6%/-9%/-12%补) 均价止盈8% 止损离第一笔15% 拿24h,937,64,0.85,0.76,-8.6,,832,68,1.38,0.84,-8.6,,426,65,0.73,0.7,-8.6,
15分钟 资金费率极端 补仓I(1:1:1:2:2:3，-2%/-4%/-6%/-9%/-12%补) 均价止盈8% 止损离第一笔15% 拿72h,654,67,0.79,0.72,-8.6,,609,71,1.38,1.0,-8.6,,311,70,0.9,0.8,-8.6,
15分钟 资金费率极端 补仓I(1:1:1:2:2:3，-2%/-4%/-6%/-9%/-12%补) 均价止盈8% 止损离第一笔18% 拿24h,932,64,0.95,0.77,-10.2,,831,68,1.38,0.92,-11.8,✔,422,66,0.91,0.66,-11.8,
15分钟 资金费率极端 补仓I(1:1:1:2:2:3，-2%/-4%/-6%/-9%/-12%补) 均价止盈8% 止损离第一笔18% 拿72h,635,68,0.77,0.69,-11.8,,607,72,1.35,1.06,-11.8,,306,72,0.95,0.72,-11.8,
15分钟 资金费率极端 补仓I(1:1:1:2:2:3，-2%/-4%/-6%/-9%/-12%补) 均价止盈8% 止损离第一笔22% 拿24h,931,65,0.99,0.76,-14.0,,830,68,1.32,0.78,-16.1,✔,422,67,0.84,0.68,-16.1,
15分钟 资金费率极端 补仓I(1:1:1:2:2:3，-2%/-4%/-6%/-9%/-12%补) 均价止盈8% 止损离第一笔22% 拿72h,625,68,0.73,0.75,-16.1,,603,72,1.29,0.91,-16.1,,300,71,0.88,0.72,-16.1,
15分钟 大单跟随 补仓E(1:1:1:1:1，-2%/-4%/-6%/-8%补) 均价止盈1% 止损离第一笔11% 拿24h,4760,82,0.84,0.82,-7.5,,4637,88,0.96,0.8,-7.5,,3767,88,0.92,0.91,-7.5,
15分钟 大单跟随 补仓E(1:1:1:1:1，-2%/-4%/-6%/-8%补) 均价止盈1% 止损离第一笔11% 拿72h,4040,92,0.87,0.88,-7.5,,4154,95,0.96,0.8,-7.5,,3442,95,0.97,0.94,-7.5,
15分钟 大单跟随 补仓E(1:1:1:1:1，-2%/-4%/-6%/-8%补) 均价止盈1% 止损离第一笔14% 拿24h,4746,82,0.8,0.82,-10.6,,4604,88,0.96,0.8,-10.6,,3740,88,0.96,0.85,-10.6,
15分钟 大单跟随 补仓E(1:1:1:1:1，-2%/-4%/-6%/-8%补) 均价止盈1% 止损离第一笔14% 拿72h,3961,92,0.8,0.81,-10.6,,4044,95,0.99,0.81,-10.6,,3350,95,0.97,0.91,-10.6,
15分钟 大单跟随 补仓E(1:1:1:1:1，-2%/-4%/-6%/-8%补) 均价止盈1% 止损离第一笔18% 拿24h,4723,82,0.81,0.78,-14.7,,4591,88,0.96,0.79,-14.7,,3733,88,0.96,0.79,-14.7,
15分钟 大单跟随 补仓E(1:1:1:1:1，-2%/-4%/-6%/-8%补) 均价止盈1% 止损离第一笔18% 拿72h,3890,92,0.8,0.79,-14.7,,3962,95,1.01,0.83,-14.7,,3277,95,0.92,0.9,-14.7,
15分钟 大单跟随 补仓E(1:1:1:1:1，-2%/-4%/-6%/-8%补) 均价止盈2% 止损离第一笔11% 拿24h,3776,70,0.9,0.86,-7.5,,3636,77,1.03,0.88,-7.5,,3014,74,0.93,0.94,-7.5,
15分钟 大单跟随 补仓E(1:1:1:1:1，-2%/-4%/-6%/-8%补) 均价止盈2% 止损离第一笔11% 拿72h,2848,83,0.94,0.84,-7.5,,2915,88,0.98,0.88,-7.5,,2477,87,0.95,1.0,-7.5,
15分钟 大单跟随 补仓E(1:1:1:1:1，-2%/-4%/-6%/-8%补) 均价止盈2% 止损离第一笔14% 拿24h,3757,70,0.88,0.84,-10.6,,3607,77,1.02,0.86,-10.6,,2991,74,0.94,0.96,-10.6,
15分钟 大单跟随 补仓E(1:1:1:1:1，-2%/-4%/-6%/-8%补) 均价止盈2% 止损离第一笔14% 拿72h,2775,84,0.94,0.87,-10.6,,2794,89,1.01,0.87,-10.6,,2377,88,1.01,0.93,-10.6,
15分钟 大单跟随 补仓E(1:1:1:1:1，-2%/-4%/-6%/-8%补) 均价止盈2% 止损离第一笔18% 拿24h,3738,70,0.9,0.86,-14.7,,3596,77,1.0,0.9,-14.7,,2979,74,0.93,0.87,-14.7,
15分钟 大单跟随 补仓E(1:1:1:1:1，-2%/-4%/-6%/-8%补) 均价止盈2% 止损离第一笔18% 拿72h,2711,84,0.94,0.79,-14.7,,2722,89,1.04,1.0,-14.7,,2308,88,0.97,0.98,-14.7,
15分钟 大单跟随 补仓E(1:1:1:1:1，-2%/-4%/-6%/-8%补) 均价止盈3% 止损离第一笔11% 拿24h,3308,61,0.84,0.85,-7.5,,3085,68,0.95,0.92,-7.5,,2632,66,0.9,0.93,-7.5,
15分钟 大单跟随 补仓E(1:1:1:1:1，-2%/-4%/-6%/-8%补) 均价止盈3% 止损离第一笔11% 拿72h,2216,74,0.89,0.92,-7.5,,2258,81,0.96,0.95,-7.5,,1987,78,0.87,0.95,-7.5,
15分钟 大单跟随 补仓E(1:1:1:1:1，-2%/-4%/-6%/-8%补) 均价止盈3% 止损离第一笔14% 拿24h,3284,61,0.83,0.86,-10.6,,3054,68,0.95,0.9,-10.6,,2604,66,0.89,0.96,-10.6,
15分钟 大单跟随 补仓E(1:1:1:1:1，-2%/-4%/-6%/-8%补) 均价止盈3% 止损离第一笔14% 拿72h,2138,75,0.91,0.83,-10.6,,2156,82,0.95,0.98,-10.6,,1864,79,0.87,0.99,-10.6,
15分钟 大单跟随 补仓E(1:1:1:1:1，-2%/-4%/-6%/-8%补) 均价止盈3% 止损离第一笔18% 拿24h,3265,61,0.84,0.8,-14.7,,3040,68,0.93,0.86,-14.7,,2590,66,0.91,0.93,-14.7,
15分钟 大单跟随 补仓E(1:1:1:1:1，-2%/-4%/-6%/-8%补) 均价止盈3% 止损离第一笔18% 拿72h,2083,75,0.91,0.86,-14.7,,2101,82,1.0,0.92,-14.7,,1802,80,0.89,0.9,-14.7,
15分钟 大单跟随 补仓E(1:1:1:1:1，-2%/-4%/-6%/-8%补) 均价止盈5% 止损离第一笔11% 拿24h,2933,56,0.85,0.9,-7.5,,2673,61,0.95,0.88,-7.5,,2264,58,0.91,0.99,-7.5,
15分钟 大单跟随 补仓E(1:1:1:1:1，-2%/-4%/-6%/-8%补) 均价止盈5% 止损离第一笔11% 拿72h,1735,64,0.92,0.91,-7.5,,1657,70,0.89,0.94,-7.5,,1511,68,0.91,0.96,-7.5,
15分钟 大单跟随 补仓E(1:1:1:1:1，-2%/-4%/-6%/-8%补) 均价止盈5% 止损离第一笔14% 拿24h,2909,56,0.85,0.91,-10.6,,2651,61,0.94,0.9,-10.6,,2243,58,0.87,0.9,-10.6,
15分钟 大单跟随 补仓E(1:1:1:1:1，-2%/-4%/-6%/-8%补) 均价止盈5% 止损离第一笔14% 拿72h,1673,65,0.98,0.89,-10.6,,1590,71,0.89,0.96,-10.6,,1420,70,0.94,0.87,-10.6,
15分钟 大单跟随 补仓E(1:1:1:1:1，-2%/-4%/-6%/-8%补) 均价止盈5% 止损离第一笔18% 拿24h,2893,56,0.83,0.87,-14.7,,2636,61,0.9,0.88,-14.7,,2231,59,0.87,0.92,-14.7,
15分钟 大单跟随 补仓E(1:1:1:1:1，-2%/-4%/-6%/-8%补) 均价止盈5% 止损离第一笔18% 拿72h,1622,65,0.91,0.86,-14.7,,1556,72,0.9,0.88,-14.7,,1379,71,0.94,0.93,-14.7,
15分钟 大单跟随 补仓E(1:1:1:1:1，-2%/-4%/-6%/-8%补) 均价止盈8% 止损离第一笔11% 拿24h,2761,55,0.86,0.91,-7.5,,2485,58,0.95,0.92,-7.5,,2077,56,0.95,0.93,-7.5,
15分钟 大单跟随 补仓E(1:1:1:1:1，-2%/-4%/-6%/-8%补) 均价止盈8% 止损离第一笔11% 拿72h,1458,58,0.9,0.87,-7.5,,1322,63,0.85,0.96,-7.5,,1217,61,0.93,0.98,-7.5,
15分钟 大单跟随 补仓E(1:1:1:1:1，-2%/-4%/-6%/-8%补) 均价止盈8% 止损离第一笔14% 拿24h,2743,55,0.84,0.84,-10.6,,2469,58,0.9,0.9,-10.6,,2059,57,0.92,0.9,-10.6,
15分钟 大单跟随 补仓E(1:1:1:1:1，-2%/-4%/-6%/-8%补) 均价止盈8% 止损离第一笔14% 拿72h,1400,58,0.87,0.85,-10.6,,1275,64,0.83,0.97,-10.6,,1148,63,0.95,0.9,-10.6,
15分钟 大单跟随 补仓E(1:1:1:1:1，-2%/-4%/-6%/-8%补) 均价止盈8% 止损离第一笔18% 拿24h,2729,55,0.83,0.86,-14.7,,2457,58,0.86,0.92,-14.7,,2049,57,0.97,0.91,-14.7,
15分钟 大单跟随 补仓E(1:1:1:1:1，-2%/-4%/-6%/-8%补) 均价止盈8% 止损离第一笔18% 拿72h,1368,59,0.81,0.77,-14.7,,1252,64,0.83,0.89,-14.7,,1106,63,0.97,0.92,-14.7,
15分钟 大单跟随 补仓F(1:1:1:1:1:1，-1.5%/-3%/-4.5%/-6%/-7.5%补) 均价止盈1% 止损离第一笔10% 拿24h,4846,84,0.88,0.87,-7.2,,4737,89,1.0,0.78,-7.2,,3827,89,0.91,0.93,-7.2,
15分钟 大单跟随 补仓F(1:1:1:1:1:1，-1.5%/-3%/-4.5%/-6%/-7.5%补) 均价止盈1% 止损离第一笔10% 拿72h,4200,93,0.92,0.84,-7.2,,4312,95,0.97,0.84,-7.2,,3508,94,0.89,1.01,-7.2,
15分钟 大单跟随 补仓F(1:1:1:1:1:1，-1.5%/-3%/-4.5%/-6%/-7.5%补) 均价止盈1% 止损离第一笔14% 拿24h,4829,84,0.83,0.86,-10.3,,4705,89,0.99,0.82,-10.3,,3797,89,0.93,0.9,-10.3,
15分钟 大单跟随 补仓F(1:1:1:1:1:1，-1.5%/-3%/-4.5%/-6%/-7.5%补) 均价止盈1% 止损离第一笔14% 拿72h,4114,93,0.84,0.83,-10.3,,4193,96,1.0,0.84,-10.3,,3417,95,0.89,1.0,-10.3,
15分钟 大单跟随 补仓F(1:1:1:1:1:1，-1.5%/-3%/-4.5%/-6%/-7.5%补) 均价止盈1% 止损离第一笔18% 拿24h,4807,84,0.86,0.86,-14.4,,4692,89,1.01,0.72,-14.4,,3790,89,0.96,0.86,-14.4,
15分钟 大单跟随 补仓F(1:1:1:1:1:1，-1.5%/-3%/-4.5%/-6%/-7.5%补) 均价止盈1% 止损离第一笔18% 拿72h,4032,93,0.85,0.81,-14.4,,4103,96,1.03,0.9,-14.4,,3336,95,0.89,0.95,-14.4,
15分钟 大单跟随 补仓F(1:1:1:1:1:1，-1.5%/-3%/-4.5%/-6%/-7.5%补) 均价止盈2% 止损离第一笔10% 拿24h,3811,71,0.92,0.89,-7.2,,3663,78,1.02,0.9,-7.2,,3069,76,0.93,1.02,-7.2,
15分钟 大单跟随 补仓F(1:1:1:1:1:1，-1.5%/-3%/-4.5%/-6%/-7.5%补) 均价止盈2% 止损离第一笔10% 拿72h,2931,84,0.94,0.93,-7.2,,3023,89,1.0,0.89,-7.2,,2572,87,0.94,0.99,-7.2,
15分钟 大单跟随 补仓F(1:1:1:1:1:1，-1.5%/-3%/-4.5%/-6%/-7.5%补) 均价止盈2% 止损离第一笔14% 拿24h,3788,71,0.86,0.85,-10.3,,3632,78,0.98,0.87,-10.3,,3037,76,0.94,0.89,-10.3,
15分钟 大单跟随 补仓F(1:1:1:1:1:1，-1.5%/-3%/-4.5%/-6%/-7.5%补) 均价止盈2% 止损离第一笔14% 拿72h,2840,85,0.87,0.84,-10.3,,2885,90,1.0,0.89,-10.3,,2458,88,1.0,0.92,-10.3,
15分钟 大单跟随 补仓F(1:1:1:1:1:1，-1.5%/-3%/-4.5%/-6%/-7.5%补) 均价止盈2% 止损离第一笔18% 拿24h,3766,71,0.87,0.83,-14.4,,3616,78,0.96,0.87,-14.4,,3027,76,0.95,0.91,-14.4,
15分钟 大单跟随 补仓F(1:1:1:1:1:1，-1.5%/-3%/-4.5%/-6%/-7.5%补) 均价止盈2% 止损离第一笔18% 拿72h,2762,85,0.89,0.82,-14.4,,2796,90,1.01,0.94,-14.4,,2377,89,0.98,0.94,-14.4,
15分钟 大单跟随 补仓F(1:1:1:1:1:1，-1.5%/-3%/-4.5%/-6%/-7.5%补) 均价止盈3% 止损离第一笔10% 拿24h,3342,63,0.89,0.87,-7.2,,3118,70,0.98,0.89,-7.2,,2663,67,0.9,0.9,-7.2,
15分钟 大单跟随 补仓F(1:1:1:1:1:1，-1.5%/-3%/-4.5%/-6%/-7.5%补) 均价止盈3% 止损离第一笔10% 拿72h,2289,75,0.91,0.92,-7.2,,2330,82,1.0,0.94,-7.2,,2056,79,0.88,0.96,-7.2,
15分钟 大单跟随 补仓F(1:1:1:1:1:1，-1.5%/-3%/-4.5%/-6%/-7.5%补) 均价止盈3% 止损离第一笔14% 拿24h,3311,63,0.86,0.88,-10.3,,3081,70,0.97,0.87,-10.3,,2633,68,0.91,0.91,-10.3,
15分钟 大单跟随 补仓F(1:1:1:1:1:1，-1.5%/-3%/-4.5%/-6%/-7.5%补) 均价止盈3% 止损离第一笔14% 拿72h,2196,76,0.94,0.86,-10.3,,2202,83,1.0,0.93,-10.3,,1936,81,0.93,0.92,-10.3,
15分钟 大单跟随 补仓F(1:1:1:1:1:1，-1.5%/-3%/-4.5%/-6%/-7.5%补) 均价止盈3% 止损离第一笔18% 拿24h,3289,63,0.88,0.86,-14.4,,3065,70,0.97,0.93,-14.4,,2619,68,0.91,0.84,-14.4,
15分钟 大单跟随 补仓F(1:1:1:1:1:1，-1.5%/-3%/-4.5%/-6%/-7.5%补) 均价止盈3% 止损离第一笔18% 拿72h,2143,76,0.95,0.85,-14.4,,2142,83,1.03,0.97,-14.4,,1863,81,0.91,0.86,-14.4,
15分钟 大单跟随 补仓F(1:1:1:1:1:1，-1.5%/-3%/-4.5%/-6%/-7.5%补) 均价止盈5% 止损离第一笔10% 拿24h,2957,58,0.9,0.86,-7.2,,2686,62,0.94,0.88,-7.2,,2283,60,0.9,0.92,-7.2,
15分钟 大单跟随 补仓F(1:1:1:1:1:1，-1.5%/-3%/-4.5%/-6%/-7.5%补) 均价止盈5% 止损离第一笔10% 拿72h,1775,65,0.97,0.96,-7.2,,1692,69,0.85,0.99,-7.2,,1530,68,0.89,0.93,-7.2,
15分钟 大单跟随 补仓F(1:1:1:1:1:1，-1.5%/-3%/-4.5%/-6%/-7.5%补) 均价止盈5% 止损离第一笔14% 拿24h,2929,58,0.87,0.93,-10.3,,2656,62,0.92,0.92,-10.3,,2259,60,0.86,0.89,-10.3,
15分钟 大单跟随 补仓F(1:1:1:1:1:1，-1.5%/-3%/-4.5%/-6%/-7.5%补) 均价止盈5% 止损离第一笔14% 拿72h,1704,66,0.95,0.94,-10.3,,1606,70,0.86,0.97,-10.3,,1440,71,0.96,0.89,-10.3,
15分钟 大单跟随 补仓F(1:1:1:1:1:1，-1.5%/-3%/-4.5%/-6%/-7.5%补) 均价止盈5% 止损离第一笔18% 拿24h,2904,58,0.85,0.9,-14.4,,2641,62,0.88,0.93,-14.4,,2245,60,0.88,0.91,-14.4,
15分钟 大单跟随 补仓F(1:1:1:1:1:1，-1.5%/-3%/-4.5%/-6%/-7.5%补) 均价止盈5% 止损离第一笔18% 拿72h,1644,66,0.91,0.78,-14.4,,1552,70,0.82,0.93,-14.4,,1386,71,0.92,1.0,-14.4,
15分钟 大单跟随 补仓F(1:1:1:1:1:1，-1.5%/-3%/-4.5%/-6%/-7.5%补) 均价止盈8% 止损离第一笔10% 拿24h,2767,56,0.9,0.8,-7.2,,2489,60,0.94,0.95,-7.2,,2084,58,0.96,1.04,-7.2,
15分钟 大单跟随 补仓F(1:1:1:1:1:1，-1.5%/-3%/-4.5%/-6%/-7.5%补) 均价止盈8% 止损离第一笔10% 拿72h,1478,60,0.92,0.89,-7.2,,1348,63,0.89,1.03,-7.2,,1240,60,0.92,0.92,-7.2,
15分钟 大单跟随 补仓F(1:1:1:1:1:1，-1.5%/-3%/-4.5%/-6%/-7.5%补) 均价止盈8% 止损离第一笔14% 拿24h,2747,56,0.84,0.86,-10.3,,2468,59,0.9,0.91,-10.3,,2061,58,0.93,0.94,-10.3,
15分钟 大单跟随 补仓F(1:1:1:1:1:1，-1.5%/-3%/-4.5%/-6%/-7.5%补) 均价止盈8% 止损离第一笔14% 拿72h,1409,60,0.91,0.85,-10.3,,1283,64,0.84,0.94,-10.3,,1158,63,0.96,0.91,-10.3,
15分钟 大单跟随 补仓F(1:1:1:1:1:1，-1.5%/-3%/-4.5%/-6%/-7.5%补) 均价止盈8% 止损离第一笔18% 拿24h,2729,57,0.84,0.85,-14.4,,2456,59,0.86,0.92,-14.4,,2052,59,0.97,0.98,-14.4,
15分钟 大单跟随 补仓F(1:1:1:1:1:1，-1.5%/-3%/-4.5%/-6%/-7.5%补) 均价止盈8% 止损离第一笔18% 拿72h,1375,61,0.88,0.78,-14.4,,1258,64,0.84,0.98,-14.4,,1118,63,0.95,0.93,-14.4,
15分钟 大单跟随 补仓G(1:1:2:2:4，-2%/-4%/-6%/-8%补) 均价止盈1% 止损离第一笔11% 拿24h,4798,84,0.9,0.9,-6.1,,4682,89,0.92,0.79,-6.1,,3818,89,0.96,0.97,-6.1,
15分钟 大单跟随 补仓G(1:1:2:2:4，-2%/-4%/-6%/-8%补) 均价止盈1% 止损离第一笔11% 拿72h,4160,94,0.9,0.91,-6.1,,4278,96,0.91,0.8,-6.1,,3553,96,0.92,0.89,-6.1,
15分钟 大单跟随 补仓G(1:1:2:2:4，-2%/-4%/-6%/-8%补) 均价止盈1% 止损离第一笔14% 拿24h,4787,84,0.84,0.84,-9.3,,4651,89,0.91,0.75,-9.3,,3795,90,1.02,0.95,-9.3,
15分钟 大单跟随 补仓G(1:1:2:2:4，-2%/-4%/-6%/-8%补) 均价止盈1% 止损离第一笔14% 拿72h,4089,94,0.86,0.78,-9.3,,4184,96,0.94,0.8,-9.3,,3476,96,0.96,0.92,-9.3,
15分钟 大单跟随 补仓G(1:1:2:2:4，-2%/-4%/-6%/-8%补) 均价止盈1% 止损离第一笔18% 拿24h,4770,84,0.86,0.89,-13.5,,4638,89,0.91,0.76,-13.5,,3789,90,1.02,0.93,-13.5,
15分钟 大单跟随 补仓G(1:1:2:2:4，-2%/-4%/-6%/-8%补) 均价止盈1% 止损离第一笔18% 拿72h,4035,94,0.91,0.82,-13.5,,4114,96,0.91,0.9,-13.5,,3418,96,0.9,1.04,-13.5,
15分钟 大单跟随 补仓G(1:1:2:2:4，-2%/-4%/-6%/-8%补) 均价止盈2% 止损离第一笔11% 拿24h,3808,72,0.9,0.86,-6.1,,3664,79,1.01,0.86,-6.1,,3046,77,1.0,0.99,-6.1,
15分钟 大单跟随 补仓G(1:1:2:2:4，-2%/-4%/-6%/-8%补) 均价止盈2% 止损离第一笔11% 拿72h,2941,86,0.96,0.93,-6.1,,3016,90,0.97,0.84,-6.1,,2592,90,1.08,0.95,-6.1,
15分钟 大单跟随 补仓G(1:1:2:2:4，-2%/-4%/-6%/-8%补) 均价止盈2% 止损离第一笔14% 拿24h,3792,72,0.84,0.85,-9.3,,3635,79,0.99,0.83,-9.3,,3026,78,1.02,0.99,-9.3,
15分钟 大单跟随 补仓G(1:1:2:2:4，-2%/-4%/-6%/-8%补) 均价止盈2% 止损离第一笔14% 拿72h,2875,87,0.89,0.81,-9.3,,2904,91,0.95,0.95,-9.3,,2507,91,1.09,1.01,-9.3,
15分钟 大单跟随 补仓G(1:1:2:2:4，-2%/-4%/-6%/-8%补) 均价止盈2% 止损离第一笔18% 拿24h,3777,72,0.87,0.85,-13.5,,3625,79,0.96,0.88,-13.5,,3012,78,0.99,0.92,-13.5,
15分钟 大单跟随 补仓G(1:1:2:2:4，-2%/-4%/-6%/-8%补) 均价止盈2% 止损离第一笔18% 拿72h,2822,87,0.89,0.81,-13.5,,2828,91,0.95,0.96,-13.5,,2435,91,1.0,0.94,-13.5,
15分钟 大单跟随 补仓G(1:1:2:2:4，-2%/-4%/-6%/-8%补) 均价止盈3% 止损离第一笔11% 拿24h,3331,63,0.86,0.91,-6.1,,3107,70,0.93,0.87,-6.1,,2656,69,0.91,0.91,-6.1,
15分钟 大单跟随 补仓G(1:1:2:2:4，-2%/-4%/-6%/-8%补) 均价止盈3% 止损离第一笔11% 拿72h,2297,77,0.92,0.87,-6.1,,2336,84,0.96,0.92,-6.1,,2051,82,0.9,0.93,-6.1,
15分钟 大单跟随 补仓G(1:1:2:2:4，-2%/-4%/-6%/-8%补) 均价止盈3% 止损离第一笔14% 拿24h,3311,64,0.83,0.85,-9.3,,3080,70,0.93,0.81,-9.3,,2629,69,0.91,0.98,-9.3,
15分钟 大单跟随 补仓G(1:1:2:2:4，-2%/-4%/-6%/-8%补) 均价止盈3% 止损离第一笔14% 拿72h,2226,78,0.93,0.85,-9.3,,2232,85,0.96,0.87,-9.3,,1938,83,0.91,0.95,-9.3,
15分钟 大单跟随 补仓G(1:1:2:2:4，-2%/-4%/-6%/-8%补) 均价止盈3% 止损离第一笔18% 拿24h,3293,63,0.84,0.88,-13.5,,3066,70,0.9,0.82,-13.5,,2614,69,0.91,0.92,-13.5,
15分钟 大单跟随 补仓G(1:1:2:2:4，-2%/-4%/-6%/-8%补) 均价止盈3% 止损离第一笔18% 拿72h,2170,79,0.98,0.79,-13.5,,2174,85,0.96,0.89,-13.5,,1871,84,0.92,0.93,-13.5,
15分钟 大单跟随 补仓G(1:1:2:2:4，-2%/-4%/-6%/-8%补) 均价止盈5% 止损离第一笔11% 拿24h,2937,58,0.83,0.86,-6.1,,2677,63,0.92,1.01,-6.1,,2269,61,0.92,0.95,-6.1,
15分钟 大单跟随 补仓G(1:1:2:2:4，-2%/-4%/-6%/-8%补) 均价止盈5% 止损离第一笔11% 拿72h,1752,67,0.89,0.87,-6.1,,1677,73,0.84,0.91,-6.1,,1543,71,0.88,0.92,-6.1,
15分钟 大单跟随 补仓G(1:1:2:2:4，-2%/-4%/-6%/-8%补) 均价止盈5% 止损离第一笔14% 拿24h,2912,58,0.81,0.81,-9.3,,2654,63,0.91,0.88,-9.3,,2248,61,0.87,0.92,-9.3,
15分钟 大单跟随 补仓G(1:1:2:2:4，-2%/-4%/-6%/-8%补) 均价止盈5% 止损离第一笔14% 拿72h,1687,69,0.97,0.85,-9.3,,1615,75,0.87,0.9,-9.3,,1444,73,0.91,0.97,-9.3,
15分钟 大单跟随 补仓G(1:1:2:2:4，-2%/-4%/-6%/-8%补) 均价止盈5% 止损离第一笔18% 拿24h,2896,58,0.79,0.81,-13.5,,2639,63,0.85,0.86,-13.5,,2236,61,0.86,0.84,-13.5,
15分钟 大单跟随 补仓G(1:1:2:2:4，-2%/-4%/-6%/-8%补) 均价止盈5% 止损离第一笔18% 拿72h,1638,68,0.89,0.75,-13.5,,1577,75,0.87,0.98,-13.5,,1398,74,0.87,1.02,-13.5,
15分钟 大单跟随 补仓G(1:1:2:2:4，-2%/-4%/-6%/-8%补) 均价止盈8% 止损离第一笔11% 拿24h,2763,57,0.84,0.89,-6.1,,2487,60,0.94,1.0,-6.1,,2082,59,0.94,0.87,-6.1,
15分钟 大单跟随 补仓G(1:1:2:2:4，-2%/-4%/-6%/-8%补) 均价止盈8% 止损离第一笔11% 拿72h,1465,61,0.95,0.83,-6.1,,1329,65,0.79,0.93,-6.1,,1233,64,0.92,0.99,-6.1,
15分钟 大单跟随 补仓G(1:1:2:2:4，-2%/-4%/-6%/-8%补) 均价止盈8% 止损离第一笔14% 拿24h,2745,57,0.81,0.81,-9.3,,2471,60,0.87,0.86,-9.3,,2064,60,0.91,0.85,-9.3,
15分钟 大单跟随 补仓G(1:1:2:2:4，-2%/-4%/-6%/-8%补) 均价止盈8% 止损离第一笔14% 拿72h,1411,62,0.92,0.82,-9.3,,1278,67,0.79,0.98,-9.3,,1167,67,0.95,0.94,-9.3,
15分钟 大单跟随 补仓G(1:1:2:2:4，-2%/-4%/-6%/-8%补) 均价止盈8% 止损离第一笔18% 拿24h,2731,57,0.8,0.82,-13.5,,2459,60,0.81,0.94,-13.5,,2053,60,0.96,0.96,-13.5,
15分钟 大单跟随 补仓G(1:1:2:2:4，-2%/-4%/-6%/-8%补) 均价止盈8% 止损离第一笔18% 拿72h,1379,62,0.86,0.79,-13.5,,1256,68,0.79,0.96,-13.5,,1128,68,0.98,0.9,-13.5,
15分钟 大单跟随 补仓H(1:1:1:1:1:1:1:1，-1%/-2%/-3%/-4%/-5%/-6%/-7%补) 均价止盈1% 止损离第一笔10% 拿24h,4931,85,0.86,0.82,-6.9,,4847,90,0.99,0.78,-6.9,,3921,90,0.88,0.9,-6.9,
15分钟 大单跟随 补仓H(1:1:1:1:1:1:1:1，-1%/-2%/-3%/-4%/-5%/-6%/-7%补) 均价止盈1% 止损离第一笔10% 拿72h,4318,93,0.91,0.84,-6.9,,4432,95,0.93,0.8,-6.9,,3633,95,0.94,0.99,-6.9,
15分钟 大单跟随 补仓H(1:1:1:1:1:1:1:1，-1%/-2%/-3%/-4%/-5%/-6%/-7%补) 均价止盈1% 止损离第一笔13% 拿24h,4913,85,0.81,0.79,-10.0,,4814,90,0.99,0.78,-10.0,,3891,90,0.89,0.87,-10.0,
15分钟 大单跟随 补仓H(1:1:1:1:1:1:1:1，-1%/-2%/-3%/-4%/-5%/-6%/-7%补) 均价止盈1% 止损离第一笔13% 拿72h,4219,94,0.83,0.84,-10.0,,4293,96,0.96,0.86,-10.0,,3552,96,0.93,0.99,-10.0,
15分钟 大单跟随 补仓H(1:1:1:1:1:1:1:1，-1%/-2%/-3%/-4%/-5%/-6%/-7%补) 均价止盈1% 止损离第一笔17% 拿24h,4892,85,0.82,0.9,-14.1,,4800,90,0.99,0.82,-14.1,,3879,90,0.94,0.9,-14.1,
15分钟 大单跟随 补仓H(1:1:1:1:1:1:1:1，-1%/-2%/-3%/-4%/-5%/-6%/-7%补) 均价止盈1% 止损离第一笔17% 拿72h,4134,94,0.85,0.83,-14.1,,4194,96,0.95,0.86,-14.1,,3466,96,0.93,0.85,-14.1,
15分钟 大单跟随 补仓H(1:1:1:1:1:1:1:1，-1%/-2%/-3%/-4%/-5%/-6%/-7%补) 均价止盈2% 止损离第一笔10% 拿24h,3877,73,0.93,0.89,-6.9,,3739,80,1.06,0.9,-6.9,,3123,77,0.91,0.96,-6.9,
15分钟 大单跟随 补仓H(1:1:1:1:1:1:1:1，-1%/-2%/-3%/-4%/-5%/-6%/-7%补) 均价止盈2% 止损离第一笔10% 拿72h,3025,85,0.97,0.89,-6.9,,3124,89,1.03,0.98,-6.9,,2656,88,0.96,0.98,-6.9,
15分钟 大单跟随 补仓H(1:1:1:1:1:1:1:1，-1%/-2%/-3%/-4%/-5%/-6%/-7%补) 均价止盈2% 止损离第一笔13% 拿24h,3847,73,0.87,0.82,-10.0,,3704,80,1.02,0.86,-10.0,,3084,78,0.91,0.93,-10.0,
15分钟 大单跟随 补仓H(1:1:1:1:1:1:1:1，-1%/-2%/-3%/-4%/-5%/-6%/-7%补) 均价止盈2% 止损离第一笔13% 拿72h,2915,85,0.89,0.88,-10.0,,2991,90,1.04,0.98,-10.0,,2529,89,1.0,0.94,-10.0,
15分钟 大单跟随 补仓H(1:1:1:1:1:1:1:1，-1%/-2%/-3%/-4%/-5%/-6%/-7%补) 均价止盈2% 止损离第一笔17% 拿24h,3825,74,0.88,0.85,-14.1,,3688,80,0.99,0.85,-14.1,,3072,78,0.92,0.96,-14.1,
15分钟 大单跟随 补仓H(1:1:1:1:1:1:1:1，-1%/-2%/-3%/-4%/-5%/-6%/-7%补) 均价止盈2% 止损离第一笔17% 拿72h,2834,86,0.91,0.83,-14.1,,2891,91,1.03,0.9,-14.1,,2448,89,0.98,0.88,-14.1,
15分钟 大单跟随 补仓H(1:1:1:1:1:1:1:1，-1%/-2%/-3%/-4%/-5%/-6%/-7%补) 均价止盈3% 止损离第一笔10% 拿24h,3373,65,0.88,0.86,-6.9,,3152,71,0.99,0.89,-6.9,,2683,69,0.9,0.89,-6.9,
15分钟 大单跟随 补仓H(1:1:1:1:1:1:1:1，-1%/-2%/-3%/-4%/-5%/-6%/-7%补) 均价止盈3% 止损离第一笔10% 拿72h,2351,75,0.9,0.89,-6.9,,2390,82,1.01,0.94,-6.9,,2102,79,0.88,0.97,-6.9,
15分钟 大单跟随 补仓H(1:1:1:1:1:1:1:1，-1%/-2%/-3%/-4%/-5%/-6%/-7%补) 均价止盈3% 止损离第一笔13% 拿24h,3341,65,0.86,0.85,-10.0,,3112,72,0.97,0.86,-10.0,,2647,69,0.89,0.87,-10.0,
15分钟 大单跟随 补仓H(1:1:1:1:1:1:1:1，-1%/-2%/-3%/-4%/-5%/-6%/-7%补) 均价止盈3% 止损离第一笔13% 拿72h,2242,76,0.91,0.88,-10.0,,2272,83,0.99,0.93,-10.0,,1977,81,0.87,0.96,-10.0,
15分钟 大单跟随 补仓H(1:1:1:1:1:1:1:1，-1%/-2%/-3%/-4%/-5%/-6%/-7%补) 均价止盈3% 止损离第一笔17% 拿24h,3317,65,0.87,0.82,-14.1,,3091,71,0.95,0.91,-14.1,,2629,69,0.9,0.86,-14.1,
15分钟 大单跟随 补仓H(1:1:1:1:1:1:1:1，-1%/-2%/-3%/-4%/-5%/-6%/-7%补) 均价止盈3% 止损离第一笔17% 拿72h,2189,77,0.95,0.87,-14.1,,2191,83,1.03,0.97,-14.1,,1871,81,0.86,0.9,-14.1,
15分钟 大单跟随 补仓H(1:1:1:1:1:1:1:1，-1%/-2%/-3%/-4%/-5%/-6%/-7%补) 均价止盈5% 止损离第一笔10% 拿24h,2963,60,0.9,0.84,-6.9,,2707,64,0.99,0.92,-6.9,,2299,62,0.93,0.93,-6.9,
15分钟 大单跟随 补仓H(1:1:1:1:1:1:1:1，-1%/-2%/-3%/-4%/-5%/-6%/-7%补) 均价止盈5% 止损离第一笔10% 拿72h,1787,65,0.92,0.94,-6.9,,1729,70,0.89,1.03,-6.9,,1568,69,0.94,0.92,-6.9,
15分钟 大单跟随 补仓H(1:1:1:1:1:1:1:1，-1%/-2%/-3%/-4%/-5%/-6%/-7%补) 均价止盈5% 止损离第一笔13% 拿24h,2933,60,0.86,0.87,-10.0,,2674,64,0.96,0.9,-10.0,,2269,62,0.86,0.89,-10.0,
15分钟 大单跟随 补仓H(1:1:1:1:1:1:1:1，-1%/-2%/-3%/-4%/-5%/-6%/-7%补) 均价止盈5% 止损离第一笔13% 拿72h,1711,66,0.91,0.89,-10.0,,1638,71,0.88,0.97,-10.0,,1468,71,0.95,0.92,-10.0,
15分钟 大单跟随 补仓H(1:1:1:1:1:1:1:1，-1%/-2%/-3%/-4%/-5%/-6%/-7%补) 均价止盈5% 止损离第一笔17% 拿24h,2909,60,0.83,0.87,-14.1,,2657,64,0.91,0.9,-14.1,,2254,62,0.89,0.89,-14.1,
15分钟 大单跟随 补仓H(1:1:1:1:1:1:1:1，-1%/-2%/-3%/-4%/-5%/-6%/-7%补) 均价止盈5% 止损离第一笔17% 拿72h,1646,67,0.9,0.88,-14.1,,1581,71,0.83,1.0,-14.1,,1398,71,0.92,0.91,-14.1,
15分钟 大单跟随 补仓H(1:1:1:1:1:1:1:1，-1%/-2%/-3%/-4%/-5%/-6%/-7%补) 均价止盈8% 止损离第一笔10% 拿24h,2777,59,0.92,0.83,-6.9,,2497,61,0.96,0.91,-6.9,,2094,60,1.0,0.91,-6.9,
15分钟 大单跟随 补仓H(1:1:1:1:1:1:1:1，-1%/-2%/-3%/-4%/-5%/-6%/-7%补) 均价止盈8% 止损离第一笔10% 拿72h,1492,59,0.91,0.86,-6.9,,1368,62,0.87,1.01,-6.9,,1256,62,0.97,0.96,-6.9,
15分钟 大单跟随 补仓H(1:1:1:1:1:1:1:1，-1%/-2%/-3%/-4%/-5%/-6%/-7%补) 均价止盈8% 止损离第一笔13% 拿24h,2753,59,0.86,0.96,-10.0,,2472,61,0.92,0.93,-10.0,,2070,60,0.94,0.9,-10.0,
15分钟 大单跟随 补仓H(1:1:1:1:1:1:1:1，-1%/-2%/-3%/-4%/-5%/-6%/-7%补) 均价止盈8% 止损离第一笔13% 拿72h,1425,60,0.88,0.88,-10.0,,1296,63,0.82,0.93,-10.0,,1174,64,0.96,1.03,-10.0,
15分钟 大单跟随 补仓H(1:1:1:1:1:1:1:1，-1%/-2%/-3%/-4%/-5%/-6%/-7%补) 均价止盈8% 止损离第一笔17% 拿24h,2738,59,0.84,0.83,-14.1,,2460,61,0.87,0.87,-14.1,,2056,60,0.97,0.9,-14.1,
15分钟 大单跟随 补仓H(1:1:1:1:1:1:1:1，-1%/-2%/-3%/-4%/-5%/-6%/-7%补) 均价止盈8% 止损离第一笔17% 拿72h,1384,61,0.84,0.83,-14.1,,1268,64,0.81,0.93,-14.1,,1129,65,0.98,0.9,-14.1,
15分钟 大单跟随 补仓I(1:1:1:2:2:3，-2%/-4%/-6%/-9%/-12%补) 均价止盈1% 止损离第一笔15% 拿24h,4753,83,0.84,0.92,-8.6,,4614,88,0.95,0.69,-8.6,,3750,89,1.02,0.96,-7.7,
15分钟 大单跟随 补仓I(1:1:1:2:2:3，-2%/-4%/-6%/-9%/-12%补) 均价止盈1% 止损离第一笔15% 拿72h,4016,93,0.83,0.83,-8.6,,4074,96,0.99,0.76,-8.6,,3368,96,1.0,1.03,-8.6,
15分钟 大单跟随 补仓I(1:1:1:2:2:3，-2%/-4%/-6%/-9%/-12%补) 均价止盈1% 止损离第一笔18% 拿24h,4744,83,0.83,0.8,-11.8,,4611,88,0.95,0.82,-11.8,,3748,89,0.99,0.96,-11.8,
15分钟 大单跟随 补仓I(1:1:1:2:2:3，-2%/-4%/-6%/-9%/-12%补) 均价止盈1% 止损离第一笔18% 拿72h,3984,93,0.87,0.73,-11.8,,4029,96,0.94,0.83,-11.8,,3336,96,0.91,0.91,-11.8,
15分钟 大单跟随 补仓I(1:1:1:2:2:3，-2%/-4%/-6%/-9%/-12%补) 均价止盈1% 止损离第一笔22% 拿24h,4742,83,0.86,0.86,-14.0,,4610,89,0.92,0.76,-16.1,,3740,89,0.94,0.87,-14.0,
15分钟 大单跟随 补仓I(1:1:1:2:2:3，-2%/-4%/-6%/-9%/-12%补) 均价止盈1% 止损离第一笔22% 拿72h,3958,93,0.88,0.8,-14.0,,4014,96,0.91,0.81,-16.1,,3289,96,0.82,0.95,-16.1,
15分钟 大单跟随 补仓I(1:1:1:2:2:3，-2%/-4%/-6%/-9%/-12%补) 均价止盈2% 止损离第一笔15% 拿24h,3758,70,0.9,0.81,-8.6,,3611,78,0.99,0.81,-8.6,,3001,76,0.99,1.0,-8.6,
15分钟 大单跟随 补仓I(1:1:1:2:2:3，-2%/-4%/-6%/-9%/-12%补) 均价止盈2% 止损离第一笔15% 拿72h,2804,86,0.93,0.83,-8.6,,2829,90,0.99,0.89,-8.6,,2419,90,1.05,0.92,-8.6,
15分钟 大单跟随 补仓I(1:1:1:2:2:3，-2%/-4%/-6%/-9%/-12%补) 均价止盈2% 止损离第一笔18% 拿24h,3750,71,0.92,0.82,-11.8,,3603,78,0.96,0.85,-11.8,,2996,76,0.98,0.87,-11.8,
15分钟 大单跟随 补仓I(1:1:1:2:2:3，-2%/-4%/-6%/-9%/-12%补) 均价止盈2% 止损离第一笔18% 拿72h,2769,86,0.93,0.83,-11.8,,2785,90,1.0,0.91,-11.8,,2375,90,1.01,0.87,-11.8,
15分钟 大单跟随 补仓I(1:1:1:2:2:3，-2%/-4%/-6%/-9%/-12%补) 均价止盈2% 止损离第一笔22% 拿24h,3744,71,0.94,0.87,-14.0,,3601,78,0.93,0.81,-16.1,,2987,76,0.96,0.9,-14.0,
15分钟 大单跟随 补仓I(1:1:1:2:2:3，-2%/-4%/-6%/-9%/-12%补) 均价止盈2% 止损离第一笔22% 拿72h,2737,86,0.94,0.76,-16.1,,2754,90,0.97,0.81,-16.1,,2337,91,1.06,0.88,-16.1,
15分钟 大单跟随 补仓I(1:1:1:2:2:3，-2%/-4%/-6%/-9%/-12%补) 均价止盈3% 止损离第一笔15% 拿24h,3294,62,0.84,0.93,-8.6,,3059,69,0.9,0.9,-8.6,,2606,67,0.92,0.95,-8.6,
15分钟 大单跟随 补仓I(1:1:1:2:2:3，-2%/-4%/-6%/-9%/-12%补) 均价止盈3% 止损离第一笔15% 拿72h,2161,77,0.91,0.83,-8.6,,2164,83,0.98,0.94,-8.6,,1868,82,0.88,0.89,-8.6,
15分钟 大单跟随 补仓I(1:1:1:2:2:3，-2%/-4%/-6%/-9%/-12%补) 均价止盈3% 止损离第一笔18% 拿24h,3283,62,0.86,0.79,-11.8,,3051,69,0.88,0.85,-11.8,,2597,67,0.94,0.99,-11.8,
15分钟 大单跟随 补仓I(1:1:1:2:2:3，-2%/-4%/-6%/-9%/-12%补) 均价止盈3% 止损离第一笔18% 拿72h,2121,77,0.93,0.83,-11.8,,2131,84,0.99,0.94,-11.8,,1828,83,0.93,0.92,-11.8,
15分钟 大单跟随 补仓I(1:1:1:2:2:3，-2%/-4%/-6%/-9%/-12%补) 均价止盈3% 止损离第一笔22% 拿24h,3276,62,0.83,0.88,-14.0,,3044,68,0.83,0.86,-16.1,,2587,67,0.92,0.9,-14.0,
15分钟 大单跟随 补仓I(1:1:1:2:2:3，-2%/-4%/-6%/-9%/-12%补) 均价止盈3% 止损离第一笔22% 拿72h,2094,77,0.87,0.73,-16.1,,2111,84,0.94,0.93,-16.1,,1791,83,0.9,0.93,-16.1,
15分钟 大单跟随 补仓I(1:1:1:2:2:3，-2%/-4%/-6%/-9%/-12%补) 均价止盈5% 止损离第一笔15% 拿24h,2907,57,0.83,0.81,-8.6,,2647,62,0.88,0.89,-8.6,,2239,60,0.88,0.92,-8.6,
15分钟 大单跟随 补仓I(1:1:1:2:2:3，-2%/-4%/-6%/-9%/-12%补) 均价止盈5% 止损离第一笔15% 拿72h,1665,67,0.96,0.88,-8.6,,1588,73,0.82,0.96,-8.6,,1418,73,0.9,0.92,-8.6,
15分钟 大单跟随 补仓I(1:1:1:2:2:3，-2%/-4%/-6%/-9%/-12%补) 均价止盈5% 止损离第一笔18% 拿24h,2896,57,0.82,0.91,-11.8,,2638,62,0.84,0.81,-11.8,,2233,60,0.88,0.86,-11.8,
15分钟 大单跟随 补仓I(1:1:1:2:2:3，-2%/-4%/-6%/-9%/-12%补) 均价止盈5% 止损离第一笔18% 拿72h,1633,67,0.88,0.81,-11.8,,1569,74,0.85,0.94,-11.8,,1396,74,0.94,0.95,-11.8,
15分钟 大单跟随 补仓I(1:1:1:2:2:3，-2%/-4%/-6%/-9%/-12%补) 均价止盈5% 止损离第一笔22% 拿24h,2888,57,0.8,0.77,-14.0,,2636,61,0.77,0.87,-16.1,,2224,60,0.88,0.83,-16.1,
15分钟 大单跟随 补仓I(1:1:1:2:2:3，-2%/-4%/-6%/-9%/-12%补) 均价止盈5% 止损离第一笔22% 拿72h,1603,67,0.82,0.77,-16.1,,1555,74,0.81,0.91,-16.1,,1369,75,0.99,0.83,-16.1,
15分钟 大单跟随 补仓I(1:1:1:2:2:3，-2%/-4%/-6%/-9%/-12%补) 均价止盈8% 止损离第一笔15% 拿24h,2741,55,0.83,0.92,-8.6,,2463,59,0.85,0.87,-8.6,,2059,58,0.94,0.95,-8.6,
15分钟 大单跟随 补仓I(1:1:1:2:2:3，-2%/-4%/-6%/-9%/-12%补) 均价止盈8% 止损离第一笔15% 拿72h,1395,61,0.88,0.88,-8.6,,1270,66,0.8,0.88,-8.6,,1145,65,0.88,0.9,-8.6,
15分钟 大单跟随 补仓I(1:1:1:2:2:3，-2%/-4%/-6%/-9%/-12%补) 均价止盈8% 止损离第一笔18% 拿24h,2731,56,0.83,0.86,-11.8,,2458,59,0.79,0.88,-11.8,,2052,58,1.0,0.9,-11.8,
15分钟 大单跟随 补仓I(1:1:1:2:2:3，-2%/-4%/-6%/-9%/-12%补) 均价止盈8% 止损离第一笔18% 拿72h,1378,62,0.85,0.77,-11.8,,1255,66,0.79,0.94,-11.8,,1118,66,0.96,0.93,-11.8,
15分钟 大单跟随 补仓I(1:1:1:2:2:3，-2%/-4%/-6%/-9%/-12%补) 均价止盈8% 止损离第一笔22% 拿24h,2726,56,0.82,0.93,-14.0,,2455,59,0.72,0.91,-16.1,,2046,59,1.04,0.82,-14.0,
15分钟 大单跟随 补仓I(1:1:1:2:2:3，-2%/-4%/-6%/-9%/-12%补) 均价止盈8% 止损离第一笔22% 拿72h,1360,61,0.84,0.79,-16.1,,1240,67,0.78,0.9,-16.1,,1093,67,0.97,0.92,-16.1,
15分钟 价值区回归 补仓E(1:1:1:1:1，-2%/-4%/-6%/-8%补) 均价止盈1% 止损离第一笔11% 拿24h,4324,84,0.88,0.86,-7.5,,3851,87,0.75,0.76,-7.5,,4261,88,0.88,0.87,-7.5,
15分钟 价值区回归 补仓E(1:1:1:1:1，-2%/-4%/-6%/-8%补) 均价止盈1% 止损离第一笔11% 拿72h,3715,93,0.82,0.92,-7.5,,3495,94,0.85,0.79,-7.5,,3858,94,0.9,0.92,-7.5,
15分钟 价值区回归 补仓E(1:1:1:1:1，-2%/-4%/-6%/-8%补) 均价止盈1% 止损离第一笔14% 拿24h,4319,84,0.83,0.87,-10.6,,3844,87,0.71,0.78,-10.6,,4253,88,0.91,0.88,-10.6,
15分钟 价值区回归 补仓E(1:1:1:1:1，-2%/-4%/-6%/-8%补) 均价止盈1% 止损离第一笔14% 拿72h,3656,93,0.75,0.86,-10.6,,3431,94,0.82,0.85,-10.6,,3790,95,0.88,0.98,-10.6,
15分钟 价值区回归 补仓E(1:1:1:1:1，-2%/-4%/-6%/-8%补) 均价止盈1% 止损离第一笔18% 拿24h,4315,84,0.81,0.82,-13.6,,3840,87,0.71,0.74,-14.7,,4247,88,0.89,0.95,-14.7,
15分钟 价值区回归 补仓E(1:1:1:1:1，-2%/-4%/-6%/-8%补) 均价止盈1% 止损离第一笔18% 拿72h,3602,93,0.72,0.82,-14.7,,3373,94,0.84,0.81,-14.7,,3726,95,0.9,0.94,-14.7,
15分钟 价值区回归 补仓E(1:1:1:1:1，-2%/-4%/-6%/-8%补) 均价止盈2% 止损离第一笔11% 拿24h,3290,72,0.96,0.9,-7.5,,2903,74,0.75,0.85,-7.5,,3128,76,0.89,0.97,-7.5,
15分钟 价值区回归 补仓E(1:1:1:1:1，-2%/-4%/-6%/-8%补) 均价止盈2% 止损离第一笔11% 拿72h,2469,84,0.88,0.9,-7.5,,2323,86,0.87,0.87,-7.5,,2553,87,0.9,1.02,-7.5,
15分钟 价值区回归 补仓E(1:1:1:1:1，-2%/-4%/-6%/-8%补) 均价止盈2% 止损离第一笔14% 拿24h,3284,72,0.92,0.89,-10.6,,2894,74,0.74,0.82,-10.6,,3119,76,0.93,0.94,-10.6,
15分钟 价值区回归 补仓E(1:1:1:1:1，-2%/-4%/-6%/-8%补) 均价止盈2% 止损离第一笔14% 拿72h,2418,85,0.83,0.9,-10.6,,2263,86,0.85,0.93,-10.6,,2470,88,0.9,0.98,-10.6,
15分钟 价值区回归 补仓E(1:1:1:1:1，-2%/-4%/-6%/-8%补) 均价止盈2% 止损离第一笔18% 拿24h,3283,72,0.91,0.88,-13.6,,2892,74,0.73,0.81,-14.7,,3115,76,0.93,0.98,-14.7,
15分钟 价值区回归 补仓E(1:1:1:1:1，-2%/-4%/-6%/-8%补) 均价止盈2% 止损离第一笔18% 拿72h,2375,85,0.84,0.87,-14.7,,2220,87,0.84,0.86,-14.7,,2420,89,0.96,0.98,-14.7,
15分钟 价值区回归 补仓E(1:1:1:1:1，-2%/-4%/-6%/-8%补) 均价止盈3% 止损离第一笔11% 拿24h,2880,64,0.91,0.86,-7.5,,2540,68,0.82,0.85,-7.5,,2649,68,0.89,0.96,-7.5,
15分钟 价值区回归 补仓E(1:1:1:1:1，-2%/-4%/-6%/-8%补) 均价止盈3% 止损离第一笔11% 拿72h,1926,76,0.88,0.94,-7.5,,1817,76,0.77,0.86,-7.5,,1949,79,0.84,0.97,-7.5,
15分钟 价值区回归 补仓E(1:1:1:1:1，-2%/-4%/-6%/-8%补) 均价止盈3% 止损离第一笔14% 拿24h,2875,64,0.88,0.85,-10.6,,2535,68,0.8,0.85,-10.6,,2640,69,0.95,0.94,-10.6,
15分钟 价值区回归 补仓E(1:1:1:1:1，-2%/-4%/-6%/-8%补) 均价止盈3% 止损离第一笔14% 拿72h,1884,77,0.85,0.92,-10.6,,1773,77,0.76,0.86,-10.6,,1861,81,0.85,0.92,-10.6,
15分钟 价值区回归 补仓E(1:1:1:1:1，-2%/-4%/-6%/-8%补) 均价止盈3% 止损离第一笔18% 拿24h,2872,64,0.86,0.89,-13.6,,2534,68,0.79,0.81,-14.7,,2636,69,0.96,0.89,-14.7,
15分钟 价值区回归 补仓E(1:1:1:1:1，-2%/-4%/-6%/-8%补) 均价止盈3% 止损离第一笔18% 拿72h,1848,77,0.85,0.84,-14.7,,1741,77,0.73,0.85,-14.7,,1815,81,0.9,0.87,-14.7,
15分钟 价值区回归 补仓E(1:1:1:1:1，-2%/-4%/-6%/-8%补) 均价止盈5% 止损离第一笔11% 拿24h,2564,59,0.93,0.87,-7.5,,2263,62,0.86,0.86,-7.5,,2300,61,0.89,0.94,-7.5,
15分钟 价值区回归 补仓E(1:1:1:1:1，-2%/-4%/-6%/-8%补) 均价止盈5% 止损离第一笔11% 拿72h,1474,66,0.84,0.87,-7.5,,1379,65,0.76,0.86,-7.5,,1436,69,0.87,1.01,-7.5,
15分钟 价值区回归 补仓E(1:1:1:1:1，-2%/-4%/-6%/-8%补) 均价止盈5% 止损离第一笔14% 拿24h,2560,59,0.88,0.85,-10.6,,2259,62,0.84,0.92,-10.6,,2291,62,0.91,0.93,-10.6,
15分钟 价值区回归 补仓E(1:1:1:1:1，-2%/-4%/-6%/-8%补) 均价止盈5% 止损离第一笔14% 拿72h,1443,67,0.83,0.9,-10.6,,1337,66,0.76,0.83,-10.6,,1390,70,0.85,0.95,-10.6,
15分钟 价值区回归 补仓E(1:1:1:1:1，-2%/-4%/-6%/-8%补) 均价止盈5% 止损离第一笔18% 拿24h,2558,59,0.88,0.88,-14.7,,2258,62,0.82,0.87,-14.7,,2288,62,0.92,0.91,-14.7,
15分钟 价值区回归 补仓E(1:1:1:1:1，-2%/-4%/-6%/-8%补) 均价止盈5% 止损离第一笔18% 拿72h,1426,67,0.79,0.82,-14.7,,1321,67,0.76,0.88,-14.7,,1366,71,0.87,0.88,-14.7,
15分钟 价值区回归 补仓E(1:1:1:1:1，-2%/-4%/-6%/-8%补) 均价止盈8% 止损离第一笔11% 拿24h,2479,58,0.94,0.94,-7.5,,2165,60,0.87,0.87,-7.5,,2179,60,0.89,0.95,-7.5,
15分钟 价值区回归 补仓E(1:1:1:1:1，-2%/-4%/-6%/-8%补) 均价止盈8% 止损离第一笔11% 拿72h,1274,63,0.89,0.89,-7.5,,1157,61,0.84,0.77,-7.5,,1196,62,0.85,0.94,-7.5,
15分钟 价值区回归 补仓E(1:1:1:1:1，-2%/-4%/-6%/-8%补) 均价止盈8% 止损离第一笔14% 拿24h,2476,58,0.89,0.82,-10.6,,2161,60,0.84,0.86,-10.6,,2173,60,0.91,0.89,-10.6,
15分钟 价值区回归 补仓E(1:1:1:1:1，-2%/-4%/-6%/-8%补) 均价止盈8% 止损离第一笔14% 拿72h,1249,64,0.88,0.86,-10.6,,1135,62,0.83,0.93,-10.6,,1157,64,0.87,0.94,-10.6,
15分钟 价值区回归 补仓E(1:1:1:1:1，-2%/-4%/-6%/-8%补) 均价止盈8% 止损离第一笔18% 拿24h,2475,58,0.87,0.93,-14.7,,2160,61,0.83,0.9,-14.7,,2168,61,0.9,0.92,-14.7,
15分钟 价值区回归 补仓E(1:1:1:1:1，-2%/-4%/-6%/-8%补) 均价止盈8% 止损离第一笔18% 拿72h,1235,64,0.8,0.82,-14.7,,1126,63,0.83,0.84,-14.7,,1134,65,0.91,0.96,-14.7,
15分钟 价值区回归 补仓F(1:1:1:1:1:1，-1.5%/-3%/-4.5%/-6%/-7.5%补) 均价止盈1% 止损离第一笔10% 拿24h,4418,85,0.84,0.85,-7.2,,3958,88,0.71,0.79,-7.2,,4374,89,0.88,0.94,-7.2,
15分钟 价值区回归 补仓F(1:1:1:1:1:1，-1.5%/-3%/-4.5%/-6%/-7.5%补) 均价止盈1% 止损离第一笔10% 拿72h,3851,93,0.83,0.87,-7.2,,3627,94,0.76,0.8,-7.2,,4036,95,0.91,1.01,-7.2,
15分钟 价值区回归 补仓F(1:1:1:1:1:1，-1.5%/-3%/-4.5%/-6%/-7.5%补) 均价止盈1% 止损离第一笔14% 拿24h,4413,85,0.78,0.91,-10.3,,3948,88,0.67,0.72,-10.3,,4366,89,0.93,0.91,-10.3,
15分钟 价值区回归 补仓F(1:1:1:1:1:1，-1.5%/-3%/-4.5%/-6%/-7.5%补) 均价止盈1% 止损离第一笔14% 拿72h,3779,93,0.74,0.83,-10.3,,3547,94,0.78,0.81,-10.3,,3959,96,0.95,1.0,-10.3,
15分钟 价值区回归 补仓F(1:1:1:1:1:1，-1.5%/-3%/-4.5%/-6%/-7.5%补) 均价止盈1% 止损离第一笔18% 拿24h,4407,85,0.76,0.84,-13.4,,3942,88,0.7,0.74,-14.4,,4358,90,0.94,0.92,-14.4,
15分钟 价值区回归 补仓F(1:1:1:1:1:1，-1.5%/-3%/-4.5%/-6%/-7.5%补) 均价止盈1% 止损离第一笔18% 拿72h,3714,93,0.71,0.76,-14.4,,3477,95,0.79,0.87,-14.4,,3880,96,0.99,0.89,-14.4,
15分钟 价值区回归 补仓F(1:1:1:1:1:1，-1.5%/-3%/-4.5%/-6%/-7.5%补) 均价止盈2% 止损离第一笔10% 拿24h,3325,73,0.97,0.91,-7.2,,2965,76,0.78,0.89,-7.2,,3208,78,0.9,0.97,-7.2,
15分钟 价值区回归 补仓F(1:1:1:1:1:1，-1.5%/-3%/-4.5%/-6%/-7.5%补) 均价止盈2% 止损离第一笔10% 拿72h,2535,84,0.87,0.91,-7.2,,2411,86,0.87,0.89,-7.2,,2665,87,0.9,1.0,-7.2,
15分钟 价值区回归 补仓F(1:1:1:1:1:1，-1.5%/-3%/-4.5%/-6%/-7.5%补) 均价止盈2% 止损离第一笔14% 拿24h,3322,73,0.91,0.86,-10.3,,2956,76,0.76,0.85,-10.3,,3199,78,0.92,0.92,-10.3,
15分钟 价值区回归 补仓F(1:1:1:1:1:1，-1.5%/-3%/-4.5%/-6%/-7.5%补) 均价止盈2% 止损离第一笔14% 拿72h,2466,85,0.85,0.89,-10.3,,2354,87,0.88,0.85,-10.3,,2579,88,0.88,0.92,-10.3,
15分钟 价值区回归 补仓F(1:1:1:1:1:1，-1.5%/-3%/-4.5%/-6%/-7.5%补) 均价止盈2% 止损离第一笔18% 拿24h,3317,73,0.89,0.84,-13.4,,2954,76,0.76,0.81,-14.4,,3188,78,0.95,0.99,-14.4,
15分钟 价值区回归 补仓F(1:1:1:1:1:1，-1.5%/-3%/-4.5%/-6%/-7.5%补) 均价止盈2% 止损离第一笔18% 拿72h,2426,85,0.84,0.85,-14.4,,2299,87,0.87,0.85,-14.4,,2510,89,0.94,1.01,-14.4,
15分钟 价值区回归 补仓F(1:1:1:1:1:1，-1.5%/-3%/-4.5%/-6%/-7.5%补) 均价止盈3% 止损离第一笔10% 拿24h,2893,66,0.93,0.86,-7.2,,2561,69,0.83,0.86,-7.2,,2672,69,0.88,0.93,-7.2,
15分钟 价值区回归 补仓F(1:1:1:1:1:1，-1.5%/-3%/-4.5%/-6%/-7.5%补) 均价止盈3% 止损离第一笔10% 拿72h,1946,77,0.88,0.95,-7.2,,1874,78,0.82,0.84,-7.2,,1988,79,0.83,0.97,-7.2,
15分钟 价值区回归 补仓F(1:1:1:1:1:1，-1.5%/-3%/-4.5%/-6%/-7.5%补) 均价止盈3% 止损离第一笔14% 拿24h,2889,66,0.88,0.89,-10.3,,2555,69,0.8,0.85,-10.3,,2667,70,0.92,0.91,-10.3,
15分钟 价值区回归 补仓F(1:1:1:1:1:1，-1.5%/-3%/-4.5%/-6%/-7.5%补) 均价止盈3% 止损离第一笔14% 拿72h,1912,78,0.86,0.89,-10.3,,1829,80,0.84,0.86,-10.3,,1900,81,0.84,1.03,-10.3,
15分钟 价值区回归 补仓F(1:1:1:1:1:1，-1.5%/-3%/-4.5%/-6%/-7.5%补) 均价止盈3% 止损离第一笔18% 拿24h,2884,66,0.86,0.85,-13.5,,2554,69,0.81,0.84,-14.4,,2662,70,0.93,0.94,-14.4,
15分钟 价值区回归 补仓F(1:1:1:1:1:1，-1.5%/-3%/-4.5%/-6%/-7.5%补) 均价止盈3% 止损离第一笔18% 拿72h,1866,78,0.84,0.85,-14.4,,1799,80,0.81,0.9,-14.4,,1847,81,0.88,0.96,-14.4,
15分钟 价值区回归 补仓F(1:1:1:1:1:1，-1.5%/-3%/-4.5%/-6%/-7.5%补) 均价止盈5% 止损离第一笔10% 拿24h,2569,61,0.96,0.92,-7.2,,2273,63,0.84,0.87,-7.2,,2312,63,0.87,0.99,-7.2,
15分钟 价值区回归 补仓F(1:1:1:1:1:1，-1.5%/-3%/-4.5%/-6%/-7.5%补) 均价止盈5% 止损离第一笔10% 拿72h,1490,66,0.87,0.97,-7.2,,1402,67,0.77,0.9,-7.2,,1463,69,0.87,0.94,-7.2,
15分钟 价值区回归 补仓F(1:1:1:1:1:1，-1.5%/-3%/-4.5%/-6%/-7.5%补) 均价止盈5% 止损离第一笔14% 拿24h,2566,61,0.9,0.89,-10.3,,2267,63,0.83,0.85,-10.3,,2305,64,0.92,0.94,-10.3,
15分钟 价值区回归 补仓F(1:1:1:1:1:1，-1.5%/-3%/-4.5%/-6%/-7.5%补) 均价止盈5% 止损离第一笔14% 拿72h,1455,67,0.86,0.87,-10.3,,1350,68,0.77,0.88,-10.3,,1412,71,0.88,1.01,-10.3,
15分钟 价值区回归 补仓F(1:1:1:1:1:1，-1.5%/-3%/-4.5%/-6%/-7.5%补) 均价止盈5% 止损离第一笔18% 拿24h,2563,61,0.9,0.88,-14.4,,2266,63,0.82,0.87,-14.4,,2300,64,0.93,0.89,-14.4,
15分钟 价值区回归 补仓F(1:1:1:1:1:1，-1.5%/-3%/-4.5%/-6%/-7.5%补) 均价止盈5% 止损离第一笔18% 拿72h,1433,68,0.82,0.88,-14.4,,1334,68,0.76,0.94,-14.4,,1385,72,0.9,0.9,-14.4,
15分钟 价值区回归 补仓F(1:1:1:1:1:1，-1.5%/-3%/-4.5%/-6%/-7.5%补) 均价止盈8% 止损离第一笔10% 拿24h,2481,60,0.96,0.89,-7.2,,2169,61,0.86,0.86,-7.2,,2181,61,0.87,0.96,-7.2,
15分钟 价值区回归 补仓F(1:1:1:1:1:1，-1.5%/-3%/-4.5%/-6%/-7.5%补) 均价止盈8% 止损离第一笔10% 拿72h,1284,63,0.9,0.96,-7.2,,1165,62,0.83,0.87,-7.2,,1205,63,0.88,0.97,-7.2,
15分钟 价值区回归 补仓F(1:1:1:1:1:1，-1.5%/-3%/-4.5%/-6%/-7.5%补) 均价止盈8% 止损离第一笔14% 拿24h,2478,60,0.88,0.78,-10.3,,2163,61,0.84,0.89,-10.3,,2175,62,0.91,0.89,-10.3,
15分钟 价值区回归 补仓F(1:1:1:1:1:1，-1.5%/-3%/-4.5%/-6%/-7.5%补) 均价止盈8% 止损离第一笔14% 拿72h,1259,65,0.89,0.89,-10.3,,1135,63,0.82,0.79,-10.3,,1168,65,0.89,1.0,-10.3,
15分钟 价值区回归 补仓F(1:1:1:1:1:1，-1.5%/-3%/-4.5%/-6%/-7.5%补) 均价止盈8% 止损离第一笔18% 拿24h,2477,60,0.87,0.87,-14.4,,2163,61,0.83,0.89,-14.4,,2170,62,0.9,0.89,-14.4,
15分钟 价值区回归 补仓F(1:1:1:1:1:1，-1.5%/-3%/-4.5%/-6%/-7.5%补) 均价止盈8% 止损离第一笔18% 拿72h,1244,65,0.81,0.87,-14.4,,1125,63,0.82,0.83,-14.4,,1141,66,0.93,0.92,-14.4,
15分钟 价值区回归 补仓G(1:1:2:2:4，-2%/-4%/-6%/-8%补) 均价止盈1% 止损离第一笔11% 拿24h,4343,86,0.98,0.9,-6.1,,3874,89,0.7,0.78,-6.1,,4275,90,0.93,0.94,-6.1,
15分钟 价值区回归 补仓G(1:1:2:2:4，-2%/-4%/-6%/-8%补) 均价止盈1% 止损离第一笔11% 拿72h,3826,94,0.9,0.96,-6.1,,3613,95,0.76,0.8,-6.1,,3986,96,1.05,1.03,-6.1,
15分钟 价值区回归 补仓G(1:1:2:2:4，-2%/-4%/-6%/-8%补) 均价止盈1% 止损离第一笔14% 拿24h,4340,86,0.89,0.89,-9.3,,3869,89,0.65,0.74,-9.3,,4269,90,1.0,0.91,-9.3,
15分钟 价值区回归 补仓G(1:1:2:2:4，-2%/-4%/-6%/-8%补) 均价止盈1% 止损离第一笔14% 拿72h,3793,95,0.81,0.94,-9.3,,3548,96,0.73,0.73,-9.3,,3954,97,1.09,1.08,-9.3,
15分钟 价值区回归 补仓G(1:1:2:2:4，-2%/-4%/-6%/-8%补) 均价止盈1% 止损离第一笔18% 拿24h,4337,86,0.85,0.92,-12.1,,3866,89,0.64,0.7,-13.5,,4266,90,0.92,0.95,-13.5,
15分钟 价值区回归 补仓G(1:1:2:2:4，-2%/-4%/-6%/-8%补) 均价止盈1% 止损离第一笔18% 拿72h,3761,95,0.73,0.85,-13.5,,3504,96,0.71,0.76,-13.5,,3905,97,1.03,1.05,-13.5,
15分钟 价值区回归 补仓G(1:1:2:2:4，-2%/-4%/-6%/-8%补) 均价止盈2% 止损离第一笔11% 拿24h,3306,74,1.0,0.91,-6.1,,2922,77,0.74,0.81,-6.1,,3160,78,0.96,0.97,-6.1,
15分钟 价值区回归 补仓G(1:1:2:2:4，-2%/-4%/-6%/-8%补) 均价止盈2% 止损离第一笔11% 拿72h,2570,86,0.93,0.93,-6.1,,2416,88,0.89,0.84,-6.1,,2662,90,1.01,0.98,-6.1,
15分钟 价值区回归 补仓G(1:1:2:2:4，-2%/-4%/-6%/-8%补) 均价止盈2% 止损离第一笔14% 拿24h,3300,74,0.94,0.92,-9.3,,2914,77,0.71,0.8,-9.3,,3151,79,1.01,0.97,-9.3,
15分钟 价值区回归 补仓G(1:1:2:2:4，-2%/-4%/-6%/-8%补) 均价止盈2% 止损离第一笔14% 拿72h,2527,87,0.87,0.89,-9.3,,2363,89,0.86,0.84,-9.3,,2585,91,0.94,0.95,-9.3,
15分钟 价值区回归 补仓G(1:1:2:2:4，-2%/-4%/-6%/-8%补) 均价止盈2% 止损离第一笔18% 拿24h,3299,74,0.9,0.84,-12.1,,2912,77,0.7,0.74,-13.5,,3148,79,0.98,0.97,-13.5,
15分钟 价值区回归 补仓G(1:1:2:2:4，-2%/-4%/-6%/-8%补) 均价止盈2% 止损离第一笔18% 拿72h,2493,87,0.86,0.83,-13.5,,2322,90,0.86,0.83,-13.5,,2533,91,0.99,0.91,-13.5,
15分钟 价值区回归 补仓G(1:1:2:2:4，-2%/-4%/-6%/-8%补) 均价止盈3% 止损离第一笔11% 拿24h,2900,66,0.92,0.88,-6.1,,2565,70,0.79,0.88,-6.1,,2681,71,0.97,1.04,-6.1,
15分钟 价值区回归 补仓G(1:1:2:2:4，-2%/-4%/-6%/-8%补) 均价止盈3% 止损离第一笔11% 拿72h,1982,79,0.87,0.95,-6.1,,1883,80,0.8,0.89,-6.1,,2023,82,0.88,0.98,-6.1,
15分钟 价值区回归 补仓G(1:1:2:2:4，-2%/-4%/-6%/-8%补) 均价止盈3% 止损离第一笔14% 拿24h,2896,66,0.88,0.89,-9.3,,2560,71,0.76,0.82,-9.3,,2674,72,1.05,0.95,-9.3,
15分钟 价值区回归 补仓G(1:1:2:2:4，-2%/-4%/-6%/-8%补) 均价止盈3% 止损离第一笔14% 拿72h,1949,80,0.82,0.85,-9.3,,1845,81,0.79,0.9,-9.3,,1952,84,0.92,0.94,-9.3,
15分钟 价值区回归 补仓G(1:1:2:2:4，-2%/-4%/-6%/-8%补) 均价止盈3% 止损离第一笔18% 拿24h,2894,66,0.85,0.8,-12.1,,2559,71,0.74,0.82,-13.5,,2671,72,1.05,0.98,-13.5,
15分钟 价值区回归 补仓G(1:1:2:2:4，-2%/-4%/-6%/-8%补) 均价止盈3% 止损离第一笔18% 拿72h,1910,81,0.82,0.78,-13.5,,1811,81,0.74,0.82,-13.5,,1913,85,0.96,0.92,-13.5,
15分钟 价值区回归 补仓G(1:1:2:2:4，-2%/-4%/-6%/-8%补) 均价止盈5% 止损离第一笔11% 拿24h,2572,61,0.91,0.85,-6.1,,2268,65,0.84,0.82,-6.1,,2310,64,0.91,0.91,-6.1,
15分钟 价值区回归 补仓G(1:1:2:2:4，-2%/-4%/-6%/-8%补) 均价止盈5% 止损离第一笔11% 拿72h,1487,69,0.83,0.93,-6.1,,1405,69,0.78,0.9,-6.1,,1474,71,0.88,0.96,-6.1,
15分钟 价值区回归 补仓G(1:1:2:2:4，-2%/-4%/-6%/-8%补) 均价止盈5% 止损离第一笔14% 拿24h,2568,61,0.86,0.88,-9.3,,2264,65,0.81,0.85,-9.3,,2303,65,0.95,0.9,-9.3,
15分钟 价值区回归 补仓G(1:1:2:2:4，-2%/-4%/-6%/-8%补) 均价止盈5% 止损离第一笔14% 拿72h,1458,70,0.79,0.86,-9.3,,1372,71,0.79,0.87,-9.3,,1427,73,0.85,0.97,-9.3,
15分钟 价值区回归 补仓G(1:1:2:2:4，-2%/-4%/-6%/-8%补) 均价止盈5% 止损离第一笔18% 拿24h,2565,61,0.83,0.89,-13.5,,2263,65,0.78,0.84,-13.5,,2299,65,0.93,0.89,-13.5,
15分钟 价值区回归 补仓G(1:1:2:2:4，-2%/-4%/-6%/-8%补) 均价止盈5% 止损离第一笔18% 拿72h,1439,71,0.77,0.8,-13.5,,1354,71,0.76,0.85,-13.5,,1396,74,0.87,0.94,-13.5,
15分钟 价值区回归 补仓G(1:1:2:2:4，-2%/-4%/-6%/-8%补) 均价止盈8% 止损离第一笔11% 拿24h,2481,60,0.94,0.9,-6.1,,2166,63,0.86,0.88,-6.1,,2184,62,0.9,0.99,-6.1,
15分钟 价值区回归 补仓G(1:1:2:2:4，-2%/-4%/-6%/-8%补) 均价止盈8% 止损离第一笔11% 拿72h,1280,67,0.86,0.81,-6.1,,1158,64,0.82,0.83,-6.1,,1205,65,0.85,1.03,-6.1,
15分钟 价值区回归 补仓G(1:1:2:2:4，-2%/-4%/-6%/-8%补) 均价止盈8% 止损离第一笔14% 拿24h,2478,60,0.87,0.81,-9.3,,2162,63,0.83,0.85,-9.3,,2178,63,0.93,0.89,-9.3,
15分钟 价值区回归 补仓G(1:1:2:2:4，-2%/-4%/-6%/-8%补) 均价止盈8% 止损离第一笔14% 拿72h,1253,68,0.84,0.81,-9.3,,1136,66,0.83,0.81,-9.3,,1168,67,0.85,0.96,-9.3,
15分钟 价值区回归 补仓G(1:1:2:2:4，-2%/-4%/-6%/-8%补) 均价止盈8% 止损离第一笔18% 拿24h,2477,60,0.84,0.84,-13.5,,2161,63,0.8,0.85,-13.5,,2173,63,0.92,0.9,-13.5,
15分钟 价值区回归 补仓G(1:1:2:2:4，-2%/-4%/-6%/-8%补) 均价止盈8% 止损离第一笔18% 拿72h,1239,68,0.75,0.87,-13.5,,1127,66,0.82,0.88,-13.5,,1141,68,0.87,1.03,-13.5,
15分钟 价值区回归 补仓H(1:1:1:1:1:1:1:1，-1%/-2%/-3%/-4%/-5%/-6%/-7%补) 均价止盈1% 止损离第一笔10% 拿24h,4557,87,0.88,0.88,-6.9,,4126,90,0.75,0.77,-6.9,,4542,90,0.91,0.95,-6.9,
15分钟 价值区回归 补仓H(1:1:1:1:1:1:1:1，-1%/-2%/-3%/-4%/-5%/-6%/-7%补) 均价止盈1% 止损离第一笔10% 拿72h,4036,94,0.88,0.92,-6.9,,3877,95,0.83,0.83,-6.9,,4246,95,0.98,1.04,-6.9,
15分钟 价值区回归 补仓H(1:1:1:1:1:1:1:1，-1%/-2%/-3%/-4%/-5%/-6%/-7%补) 均价止盈1% 止损离第一笔13% 拿24h,4554,87,0.8,0.88,-10.0,,4113,90,0.71,0.71,-10.0,,4532,91,0.96,1.0,-10.0,
15分钟 价值区回归 补仓H(1:1:1:1:1:1:1:1，-1%/-2%/-3%/-4%/-5%/-6%/-7%补) 均价止盈1% 止损离第一笔13% 拿72h,3961,94,0.79,0.84,-10.0,,3774,95,0.86,0.9,-10.0,,4169,96,0.99,0.97,-10.0,
15分钟 价值区回归 补仓H(1:1:1:1:1:1:1:1，-1%/-2%/-3%/-4%/-5%/-6%/-7%补) 均价止盈1% 止损离第一笔17% 拿24h,4545,87,0.78,0.86,-13.2,,4107,90,0.72,0.72,-14.1,,4523,91,0.96,0.91,-14.1,
15分钟 价值区回归 补仓H(1:1:1:1:1:1:1:1，-1%/-2%/-3%/-4%/-5%/-6%/-7%补) 均价止盈1% 止损离第一笔17% 拿72h,3894,94,0.74,0.84,-14.1,,3700,96,0.87,0.81,-14.1,,4102,97,1.0,0.91,-14.1,
15分钟 价值区回归 补仓H(1:1:1:1:1:1:1:1，-1%/-2%/-3%/-4%/-5%/-6%/-7%补) 均价止盈2% 止损离第一笔10% 拿24h,3385,76,1.0,0.88,-6.9,,3013,78,0.78,0.87,-6.9,,3275,78,0.88,0.97,-6.9,
15分钟 价值区回归 补仓H(1:1:1:1:1:1:1:1，-1%/-2%/-3%/-4%/-5%/-6%/-7%补) 均价止盈2% 止损离第一笔10% 拿72h,2641,86,0.91,0.93,-6.9,,2515,87,0.9,0.91,-6.9,,2765,87,0.9,0.98,-6.9,
15分钟 价值区回归 补仓H(1:1:1:1:1:1:1:1，-1%/-2%/-3%/-4%/-5%/-6%/-7%补) 均价止盈2% 止损离第一笔13% 拿24h,3381,76,0.94,0.88,-10.0,,3001,78,0.76,0.85,-10.0,,3265,79,0.9,0.93,-10.0,
15分钟 价值区回归 补仓H(1:1:1:1:1:1:1:1，-1%/-2%/-3%/-4%/-5%/-6%/-7%补) 均价止盈2% 止损离第一笔13% 拿72h,2570,86,0.84,0.85,-10.0,,2447,88,0.91,0.84,-10.0,,2667,89,0.89,0.96,-10.0,
15分钟 价值区回归 补仓H(1:1:1:1:1:1:1:1，-1%/-2%/-3%/-4%/-5%/-6%/-7%补) 均价止盈2% 止损离第一笔17% 拿24h,3376,76,0.92,0.93,-13.2,,2996,78,0.75,0.87,-14.1,,3253,79,0.9,0.91,-14.1,
15分钟 价值区回归 补仓H(1:1:1:1:1:1:1:1，-1%/-2%/-3%/-4%/-5%/-6%/-7%补) 均价止盈2% 止损离第一笔17% 拿72h,2520,86,0.82,0.85,-14.1,,2394,89,0.88,0.86,-14.1,,2583,89,0.92,0.9,-14.1,
15分钟 价值区回归 补仓H(1:1:1:1:1:1:1:1，-1%/-2%/-3%/-4%/-5%/-6%/-7%补) 均价止盈3% 止损离第一笔10% 拿24h,2917,68,0.95,0.9,-6.9,,2578,71,0.81,0.87,-6.9,,2706,71,0.85,0.96,-6.9,
15分钟 价值区回归 补仓H(1:1:1:1:1:1:1:1，-1%/-2%/-3%/-4%/-5%/-6%/-7%补) 均价止盈3% 止损离第一笔10% 拿72h,1991,78,0.94,0.96,-6.9,,1901,78,0.81,0.86,-6.9,,2059,79,0.83,0.96,-6.9,
15分钟 价值区回归 补仓H(1:1:1:1:1:1:1:1，-1%/-2%/-3%/-4%/-5%/-6%/-7%补) 均价止盈3% 止损离第一笔13% 拿24h,2913,68,0.89,0.87,-10.0,,2571,71,0.78,0.83,-10.0,,2694,71,0.9,0.94,-10.0,
15分钟 价值区回归 补仓H(1:1:1:1:1:1:1:1，-1%/-2%/-3%/-4%/-5%/-6%/-7%补) 均价止盈3% 止损离第一笔13% 拿72h,1945,79,0.88,0.85,-10.0,,1839,79,0.81,0.85,-10.0,,1947,81,0.86,0.93,-10.0,
15分钟 价值区回归 补仓H(1:1:1:1:1:1:1:1，-1%/-2%/-3%/-4%/-5%/-6%/-7%补) 均价止盈3% 止损离第一笔17% 拿24h,2907,68,0.87,0.85,-14.1,,2570,71,0.78,0.85,-14.1,,2688,71,0.9,0.94,-14.1,
15分钟 价值区回归 补仓H(1:1:1:1:1:1:1:1，-1%/-2%/-3%/-4%/-5%/-6%/-7%补) 均价止盈3% 止损离第一笔17% 拿72h,1906,79,0.83,0.89,-14.1,,1809,79,0.75,0.86,-14.1,,1884,82,0.87,0.88,-14.1,
15分钟 价值区回归 补仓H(1:1:1:1:1:1:1:1，-1%/-2%/-3%/-4%/-5%/-6%/-7%补) 均价止盈5% 止损离第一笔10% 拿24h,2572,63,0.99,0.9,-6.9,,2280,65,0.84,0.91,-6.9,,2320,64,0.85,0.93,-6.9,
15分钟 价值区回归 补仓H(1:1:1:1:1:1:1:1，-1%/-2%/-3%/-4%/-5%/-6%/-7%补) 均价止盈5% 止损离第一笔10% 拿72h,1499,67,0.87,0.99,-6.9,,1420,66,0.77,0.89,-6.9,,1480,69,0.87,1.0,-6.9,
15分钟 价值区回归 补仓H(1:1:1:1:1:1:1:1，-1%/-2%/-3%/-4%/-5%/-6%/-7%补) 均价止盈5% 止损离第一笔13% 拿24h,2568,63,0.91,0.87,-10.0,,2271,65,0.83,0.86,-10.0,,2310,65,0.92,0.93,-10.0,
15分钟 价值区回归 补仓H(1:1:1:1:1:1:1:1，-1%/-2%/-3%/-4%/-5%/-6%/-7%补) 均价止盈5% 止损离第一笔13% 拿72h,1463,69,0.84,0.89,-10.0,,1367,68,0.78,0.84,-10.0,,1424,72,0.89,0.91,-10.0,
15分钟 价值区回归 补仓H(1:1:1:1:1:1:1:1，-1%/-2%/-3%/-4%/-5%/-6%/-7%补) 均价止盈5% 止损离第一笔17% 拿24h,2564,63,0.92,0.9,-14.1,,2270,65,0.81,0.88,-14.1,,2305,65,0.91,0.96,-14.1,
15分钟 价值区回归 补仓H(1:1:1:1:1:1:1:1，-1%/-2%/-3%/-4%/-5%/-6%/-7%补) 均价止盈5% 止损离第一笔17% 拿72h,1444,69,0.78,0.85,-14.1,,1352,68,0.75,0.88,-14.1,,1393,73,0.91,0.92,-14.1,
15分钟 价值区回归 补仓H(1:1:1:1:1:1:1:1，-1%/-2%/-3%/-4%/-5%/-6%/-7%补) 均价止盈8% 止损离第一笔10% 拿24h,2482,62,0.97,0.89,-6.9,,2172,64,0.85,0.91,-6.9,,2185,62,0.86,0.88,-6.9,
15分钟 价值区回归 补仓H(1:1:1:1:1:1:1:1，-1%/-2%/-3%/-4%/-5%/-6%/-7%补) 均价止盈8% 止损离第一笔10% 拿72h,1292,64,0.91,1.0,-6.9,,1173,62,0.82,0.85,-6.9,,1220,62,0.87,0.98,-6.9,
15分钟 价值区回归 补仓H(1:1:1:1:1:1:1:1，-1%/-2%/-3%/-4%/-5%/-6%/-7%补) 均价止盈8% 止损离第一笔13% 拿24h,2480,62,0.89,0.87,-10.0,,2166,64,0.84,0.87,-10.0,,2176,63,0.9,0.92,-10.0,
15分钟 价值区回归 补仓H(1:1:1:1:1:1:1:1，-1%/-2%/-3%/-4%/-5%/-6%/-7%补) 均价止盈8% 止损离第一笔13% 拿72h,1265,66,0.9,0.97,-10.0,,1141,63,0.8,0.89,-10.0,,1177,66,0.9,1.04,-10.0,
15分钟 价值区回归 补仓H(1:1:1:1:1:1:1:1，-1%/-2%/-3%/-4%/-5%/-6%/-7%补) 均价止盈8% 止损离第一笔17% 拿24h,2479,62,0.88,0.84,-14.1,,2165,64,0.82,0.84,-14.1,,2171,63,0.9,0.87,-14.1,
15分钟 价值区回归 补仓H(1:1:1:1:1:1:1:1，-1%/-2%/-3%/-4%/-5%/-6%/-7%补) 均价止盈8% 止损离第一笔17% 拿72h,1254,66,0.79,0.85,-14.1,,1127,64,0.82,0.86,-14.1,,1146,67,0.92,0.96,-14.1,
15分钟 价值区回归 补仓I(1:1:1:2:2:3，-2%/-4%/-6%/-9%/-12%补) 均价止盈1% 止损离第一笔15% 拿24h,4324,85,0.85,0.87,-8.6,,3853,88,0.68,0.74,-8.6,,4263,89,0.98,0.92,-8.6,
15分钟 价值区回归 补仓I(1:1:1:2:2:3，-2%/-4%/-6%/-9%/-12%补) 均价止盈1% 止损离第一笔15% 拿72h,3716,94,0.72,0.86,-8.6,,3476,95,0.77,0.75,-8.6,,3841,96,1.0,0.99,-8.6,
15分钟 价值区回归 补仓I(1:1:1:2:2:3，-2%/-4%/-6%/-9%/-12%补) 均价止盈1% 止损离第一笔18% 拿24h,4324,85,0.8,0.84,-10.2,,3852,88,0.67,0.72,-11.8,,4263,89,0.95,0.85,-11.8,
15分钟 价值区回归 补仓I(1:1:1:2:2:3，-2%/-4%/-6%/-9%/-12%补) 均价止盈1% 止损离第一笔18% 拿72h,3699,94,0.69,0.76,-11.8,,3453,96,0.76,0.76,-11.8,,3828,96,0.96,0.93,-11.8,
15分钟 价值区回归 补仓I(1:1:1:2:2:3，-2%/-4%/-6%/-9%/-12%补) 均价止盈1% 止损离第一笔22% 拿24h,4321,85,0.82,0.87,-14.0,,3851,88,0.64,0.76,-16.1,,4262,89,0.91,0.91,-16.1,
15分钟 价值区回归 补仓I(1:1:1:2:2:3，-2%/-4%/-6%/-9%/-12%补) 均价止盈1% 止损离第一笔22% 拿72h,3675,94,0.66,0.77,-16.1,,3439,96,0.72,0.67,-16.1,,3805,96,0.89,0.84,-16.1,
15分钟 价值区回归 补仓I(1:1:1:2:2:3，-2%/-4%/-6%/-9%/-12%补) 均价止盈2% 止损离第一笔15% 拿24h,3290,73,0.92,0.92,-8.6,,2896,76,0.72,0.79,-8.6,,3126,78,1.01,0.96,-8.6,
15分钟 价值区回归 补仓I(1:1:1:2:2:3，-2%/-4%/-6%/-9%/-12%补) 均价止盈2% 止损离第一笔15% 拿72h,2452,86,0.76,0.83,-8.6,,2296,89,0.83,0.84,-8.6,,2497,90,1.0,0.89,-8.6,
15分钟 价值区回归 补仓I(1:1:1:2:2:3，-2%/-4%/-6%/-9%/-12%补) 均价止盈2% 止损离第一笔18% 拿24h,3290,73,0.89,0.85,-10.2,,2895,76,0.7,0.78,-11.8,,3125,78,1.0,0.95,-11.8,
15分钟 价值区回归 补仓I(1:1:1:2:2:3，-2%/-4%/-6%/-9%/-12%补) 均价止盈2% 止损离第一笔18% 拿72h,2425,86,0.8,0.79,-11.8,,2271,89,0.82,0.8,-11.8,,2476,90,1.04,0.95,-11.8,
15分钟 价值区回归 补仓I(1:1:1:2:2:3，-2%/-4%/-6%/-9%/-12%补) 均价止盈2% 止损离第一笔22% 拿24h,3287,73,0.92,0.86,-14.0,,2893,76,0.7,0.75,-16.1,,3123,78,0.98,0.91,-16.1,
15分钟 价值区回归 补仓I(1:1:1:2:2:3，-2%/-4%/-6%/-9%/-12%补) 均价止盈2% 止损离第一笔22% 拿72h,2411,86,0.76,0.8,-16.1,,2252,89,0.79,0.81,-16.1,,2444,91,1.02,0.9,-16.1,
15分钟 价值区回归 补仓I(1:1:1:2:2:3，-2%/-4%/-6%/-9%/-12%补) 均价止盈3% 止损离第一笔15% 拿24h,2877,65,0.88,0.88,-8.6,,2538,69,0.78,0.83,-8.6,,2652,71,1.03,0.98,-8.6,
15分钟 价值区回归 补仓I(1:1:1:2:2:3，-2%/-4%/-6%/-9%/-12%补) 均价止盈3% 止损离第一笔15% 拿72h,1897,78,0.79,0.85,-8.6,,1800,80,0.78,0.82,-8.6,,1895,83,0.94,0.98,-8.6,
15分钟 价值区回归 补仓I(1:1:1:2:2:3，-2%/-4%/-6%/-9%/-12%补) 均价止盈3% 止损离第一笔18% 拿24h,2875,65,0.84,0.87,-10.2,,2537,69,0.75,0.84,-11.8,,2651,71,1.07,0.92,-11.8,
15分钟 价值区回归 补仓I(1:1:1:2:2:3，-2%/-4%/-6%/-9%/-12%补) 均价止盈3% 止损离第一笔18% 拿72h,1864,79,0.81,0.85,-11.8,,1781,80,0.74,0.86,-11.8,,1872,84,0.96,0.95,-11.8,
15分钟 价值区回归 补仓I(1:1:1:2:2:3，-2%/-4%/-6%/-9%/-12%补) 均价止盈3% 止损离第一笔22% 拿24h,2873,65,0.87,0.87,-14.0,,2536,69,0.76,0.79,-16.1,,2651,71,1.05,0.91,-16.1,
15分钟 价值区回归 补仓I(1:1:1:2:2:3，-2%/-4%/-6%/-9%/-12%补) 均价止盈3% 止损离第一笔22% 拿72h,1850,79,0.76,0.77,-16.1,,1760,81,0.75,0.82,-16.1,,1845,84,0.98,0.85,-16.1,
15分钟 价值区回归 补仓I(1:1:1:2:2:3，-2%/-4%/-6%/-9%/-12%补) 均价止盈5% 止损离第一笔15% 拿24h,2562,60,0.9,0.82,-8.6,,2260,63,0.81,0.84,-8.6,,2292,63,0.96,0.95,-8.6,
15分钟 价值区回归 补仓I(1:1:1:2:2:3，-2%/-4%/-6%/-9%/-12%补) 均价止盈5% 止损离第一笔15% 拿72h,1444,68,0.78,0.85,-8.6,,1355,70,0.77,0.92,-8.6,,1391,72,0.92,0.96,-8.6,
15分钟 价值区回归 补仓I(1:1:1:2:2:3，-2%/-4%/-6%/-9%/-12%补) 均价止盈5% 止损离第一笔18% 拿24h,2561,60,0.86,0.93,-11.8,,2259,64,0.79,0.79,-11.8,,2290,63,0.92,0.91,-11.8,
15分钟 价值区回归 补仓I(1:1:1:2:2:3，-2%/-4%/-6%/-9%/-12%补) 均价止盈5% 止损离第一笔18% 拿72h,1431,69,0.78,0.78,-11.8,,1343,70,0.74,0.85,-11.8,,1379,73,0.88,0.94,-11.8,
15分钟 价值区回归 补仓I(1:1:1:2:2:3，-2%/-4%/-6%/-9%/-12%补) 均价止盈5% 止损离第一笔22% 拿24h,2561,60,0.89,0.95,-16.1,,2258,64,0.78,0.85,-16.1,,2287,64,0.9,0.94,-16.1,
15分钟 价值区回归 补仓I(1:1:1:2:2:3，-2%/-4%/-6%/-9%/-12%补) 均价止盈5% 止损离第一笔22% 拿72h,1421,69,0.73,0.79,-16.1,,1334,71,0.75,0.79,-16.1,,1358,73,0.88,0.88,-16.1,
15分钟 价值区回归 补仓I(1:1:1:2:2:3，-2%/-4%/-6%/-9%/-12%补) 均价止盈8% 止损离第一笔15% 拿24h,2477,58,0.88,0.92,-8.6,,2161,62,0.82,0.9,-8.6,,2174,62,0.94,0.89,-8.6,
15分钟 价值区回归 补仓I(1:1:1:2:2:3，-2%/-4%/-6%/-9%/-12%补) 均价止盈8% 止损离第一笔15% 拿72h,1247,66,0.8,0.93,-8.6,,1131,66,0.84,0.87,-8.6,,1148,66,0.95,0.95,-8.6,
15分钟 价值区回归 补仓I(1:1:1:2:2:3，-2%/-4%/-6%/-9%/-12%补) 均价止盈8% 止损离第一笔18% 拿24h,2476,58,0.84,0.93,-11.8,,2160,62,0.79,0.82,-11.8,,2171,62,0.9,0.84,-11.8,
15分钟 价值区回归 补仓I(1:1:1:2:2:3，-2%/-4%/-6%/-9%/-12%补) 均价止盈8% 止损离第一笔18% 拿72h,1238,67,0.76,0.76,-11.8,,1127,66,0.81,0.79,-11.8,,1135,66,0.87,0.95,-11.8,
15分钟 价值区回归 补仓I(1:1:1:2:2:3，-2%/-4%/-6%/-9%/-12%补) 均价止盈8% 止损离第一笔22% 拿24h,2476,58,0.83,0.91,-16.1,,2158,62,0.81,0.87,-16.1,,2168,62,0.88,0.92,-16.1,
15分钟 价值区回归 补仓I(1:1:1:2:2:3，-2%/-4%/-6%/-9%/-12%补) 均价止盈8% 止损离第一笔22% 拿72h,1229,67,0.72,0.82,-16.1,,1118,67,0.91,0.83,-16.1,,1115,67,0.86,0.89,-16.1,
15分钟 吸收 补仓E(1:1:1:1:1，-2%/-4%/-6%/-8%补) 均价止盈1% 止损离第一笔11% 拿24h,1719,80,0.87,0.83,-7.5,,1251,83,0.68,0.77,-7.5,,1534,86,1.12,0.94,-7.5,✔
15分钟 吸收 补仓E(1:1:1:1:1，-2%/-4%/-6%/-8%补) 均价止盈1% 止损离第一笔11% 拿72h,1523,92,0.93,0.88,-7.5,,1171,93,0.76,0.8,-7.5,,1424,94,1.06,1.05,-7.5,
15分钟 吸收 补仓E(1:1:1:1:1，-2%/-4%/-6%/-8%补) 均价止盈1% 止损离第一笔14% 拿24h,1719,80,0.84,1.0,-10.6,,1250,83,0.74,0.65,-10.6,,1533,86,1.14,0.98,-10.6,✔
15分钟 吸收 补仓E(1:1:1:1:1，-2%/-4%/-6%/-8%补) 均价止盈1% 止损离第一笔14% 拿72h,1523,92,0.81,0.85,-10.6,,1161,94,0.81,0.76,-10.6,,1420,94,1.05,1.14,-10.6,
15分钟 吸收 补仓E(1:1:1:1:1，-2%/-4%/-6%/-8%补) 均价止盈1% 止损离第一笔18% 拿24h,1719,80,0.84,1.06,-14.7,,1250,83,0.77,0.75,-13.6,,1533,86,1.11,0.88,-14.7,
15分钟 吸收 补仓E(1:1:1:1:1，-2%/-4%/-6%/-8%补) 均价止盈1% 止损离第一笔18% 拿72h,1519,92,0.82,0.88,-14.7,,1158,94,0.73,0.73,-14.7,,1416,94,0.93,0.93,-14.7,
15分钟 吸收 补仓E(1:1:1:1:1，-2%/-4%/-6%/-8%补) 均价止盈2% 止损离第一笔11% 拿24h,1502,64,0.82,0.9,-7.5,,1122,72,0.83,0.81,-7.5,,1334,73,0.98,0.94,-7.5,
15分钟 吸收 补仓E(1:1:1:1:1，-2%/-4%/-6%/-8%补) 均价止盈2% 止损离第一笔11% 拿72h,1178,80,0.82,0.97,-7.5,,981,85,0.82,0.8,-7.5,,1118,87,1.08,1.07,-7.5,
15分钟 吸收 补仓E(1:1:1:1:1，-2%/-4%/-6%/-8%补) 均价止盈2% 止损离第一笔14% 拿24h,1502,64,0.8,0.85,-10.6,,1121,72,0.87,0.88,-10.6,,1333,73,0.98,0.97,-10.6,
15分钟 吸收 补仓E(1:1:1:1:1，-2%/-4%/-6%/-8%补) 均价止盈2% 止损离第一笔14% 拿72h,1172,80,0.77,0.94,-10.6,,967,86,0.86,0.74,-10.6,,1112,87,1.05,1.0,-10.6,
15分钟 吸收 补仓E(1:1:1:1:1，-2%/-4%/-6%/-8%补) 均价止盈2% 止损离第一笔18% 拿24h,1502,65,0.79,0.9,-14.7,,1121,72,0.91,0.83,-13.6,,1333,73,0.94,1.03,-14.7,
15分钟 吸收 补仓E(1:1:1:1:1，-2%/-4%/-6%/-8%补) 均价止盈2% 止损离第一笔18% 拿72h,1168,81,0.77,0.91,-14.7,,962,86,0.83,0.76,-14.7,,1108,87,1.0,1.0,-14.7,
15分钟 吸收 补仓E(1:1:1:1:1，-2%/-4%/-6%/-8%补) 均价止盈3% 止损离第一笔11% 拿24h,1442,59,0.86,0.94,-7.5,,1064,65,0.84,0.89,-7.5,,1243,65,1.0,0.96,-7.5,
15分钟 吸收 补仓E(1:1:1:1:1，-2%/-4%/-6%/-8%补) 均价止盈3% 止损离第一笔11% 拿72h,1022,72,0.87,1.01,-7.5,,858,75,0.8,0.84,-7.5,,950,79,1.03,1.0,-7.5,
15分钟 吸收 补仓E(1:1:1:1:1，-2%/-4%/-6%/-8%补) 均价止盈3% 止损离第一笔14% 拿24h,1442,59,0.84,0.9,-10.6,,1063,65,0.87,0.8,-10.6,,1242,65,1.01,0.95,-10.6,
15分钟 吸收 补仓E(1:1:1:1:1，-2%/-4%/-6%/-8%补) 均价止盈3% 止损离第一笔14% 拿72h,1015,73,0.81,0.99,-10.6,,848,77,0.84,0.84,-10.6,,943,79,1.04,0.99,-10.6,
15分钟 吸收 补仓E(1:1:1:1:1，-2%/-4%/-6%/-8%补) 均价止盈3% 止损离第一笔18% 拿24h,1442,59,0.85,0.97,-14.7,,1063,65,0.88,0.88,-13.6,,1242,65,0.96,0.96,-14.7,
15分钟 吸收 补仓E(1:1:1:1:1，-2%/-4%/-6%/-8%补) 均价止盈3% 止损离第一笔18% 拿72h,1012,73,0.82,0.9,-14.7,,841,77,0.85,0.79,-14.7,,940,79,1.01,0.94,-14.7,
15分钟 吸收 补仓E(1:1:1:1:1，-2%/-4%/-6%/-8%补) 均价止盈5% 止损离第一笔11% 拿24h,1395,56,0.88,0.89,-7.5,,1018,59,0.8,0.85,-7.5,,1173,60,1.08,0.98,-7.5,
15分钟 吸收 补仓E(1:1:1:1:1，-2%/-4%/-6%/-8%补) 均价止盈5% 止损离第一笔11% 拿72h,905,63,0.82,0.94,-7.5,,746,64,0.75,0.73,-7.5,,801,68,1.05,1.06,-7.5,
15分钟 吸收 补仓E(1:1:1:1:1，-2%/-4%/-6%/-8%补) 均价止盈5% 止损离第一笔14% 拿24h,1395,56,0.87,0.93,-10.6,,1017,59,0.84,0.83,-10.6,,1173,60,1.08,0.94,-10.6,
15分钟 吸收 补仓E(1:1:1:1:1，-2%/-4%/-6%/-8%补) 均价止盈5% 止损离第一笔14% 拿72h,896,63,0.78,0.99,-10.6,,737,66,0.78,0.78,-10.6,,793,69,1.11,0.94,-10.6,
15分钟 吸收 补仓E(1:1:1:1:1，-2%/-4%/-6%/-8%补) 均价止盈5% 止损离第一笔18% 拿24h,1395,56,0.86,0.92,-14.7,,1017,59,0.85,0.8,-13.6,,1172,60,1.03,1.03,-14.7,
15分钟 吸收 补仓E(1:1:1:1:1，-2%/-4%/-6%/-8%补) 均价止盈5% 止损离第一笔18% 拿72h,893,63,0.74,0.96,-14.7,,727,66,0.81,0.7,-14.7,,791,69,1.09,0.9,-14.7,
15分钟 吸收 补仓E(1:1:1:1:1，-2%/-4%/-6%/-8%补) 均价止盈8% 止损离第一笔11% 拿24h,1375,55,0.85,0.93,-7.5,,1009,58,0.79,0.8,-7.5,,1158,59,1.05,0.91,-7.5,
15分钟 吸收 补仓E(1:1:1:1:1，-2%/-4%/-6%/-8%补) 均价止盈8% 止损离第一笔11% 拿72h,829,58,0.8,0.99,-7.5,,691,60,0.76,0.74,-7.5,,734,62,0.96,1.13,-7.5,
15分钟 吸收 补仓E(1:1:1:1:1，-2%/-4%/-6%/-8%补) 均价止盈8% 止损离第一笔14% 拿24h,1375,55,0.83,0.95,-10.6,,1008,59,0.83,0.87,-10.6,,1158,59,1.04,0.99,-10.6,
15分钟 吸收 补仓E(1:1:1:1:1，-2%/-4%/-6%/-8%补) 均价止盈8% 止损离第一笔14% 拿72h,822,58,0.76,0.94,-10.6,,681,61,0.77,0.75,-10.6,,725,64,1.02,0.98,-10.6,
15分钟 吸收 补仓E(1:1:1:1:1，-2%/-4%/-6%/-8%补) 均价止盈8% 止损离第一笔18% 拿24h,1375,55,0.83,1.04,-14.7,,1008,59,0.83,0.8,-13.6,,1157,59,0.98,0.92,-14.7,
15分钟 吸收 补仓E(1:1:1:1:1，-2%/-4%/-6%/-8%补) 均价止盈8% 止损离第一笔18% 拿72h,820,58,0.75,0.94,-14.7,,676,61,0.76,0.74,-14.7,,723,63,0.97,1.01,-14.7,
15分钟 吸收 补仓F(1:1:1:1:1:1，-1.5%/-3%/-4.5%/-6%/-7.5%补) 均价止盈1% 止损离第一笔10% 拿24h,1746,82,0.94,0.83,-7.2,,1261,84,0.64,0.7,-7.2,,1556,87,1.14,0.88,-7.2,✔
15分钟 吸收 补仓F(1:1:1:1:1:1，-1.5%/-3%/-4.5%/-6%/-7.5%补) 均价止盈1% 止损离第一笔10% 拿72h,1565,93,1.04,0.92,-7.2,,1192,93,0.69,0.73,-7.2,,1455,95,1.22,0.95,-7.2,✔
15分钟 吸收 补仓F(1:1:1:1:1:1，-1.5%/-3%/-4.5%/-6%/-7.5%补) 均价止盈1% 止损离第一笔14% 拿24h,1746,82,0.93,0.86,-10.3,,1260,84,0.63,0.67,-10.3,,1554,87,1.08,0.96,-10.3,
15分钟 吸收 补仓F(1:1:1:1:1:1，-1.5%/-3%/-4.5%/-6%/-7.5%补) 均价止盈1% 止损离第一笔14% 拿72h,1562,93,0.93,0.96,-10.3,,1175,94,0.72,0.8,-10.3,,1453,96,1.21,0.92,-10.3,✔
15分钟 吸收 补仓F(1:1:1:1:1:1，-1.5%/-3%/-4.5%/-6%/-7.5%补) 均价止盈1% 止损离第一笔18% 拿24h,1746,82,0.92,0.85,-14.4,,1260,84,0.71,0.68,-13.4,,1554,87,1.05,0.83,-14.4,
15分钟 吸收 补仓F(1:1:1:1:1:1，-1.5%/-3%/-4.5%/-6%/-7.5%补) 均价止盈1% 止损离第一笔18% 拿72h,1559,93,0.95,0.97,-14.4,,1171,94,0.66,0.79,-14.4,,1450,96,1.03,0.94,-14.4,
15分钟 吸收 补仓F(1:1:1:1:1:1，-1.5%/-3%/-4.5%/-6%/-7.5%补) 均价止盈2% 止损离第一笔10% 拿24h,1512,68,0.84,0.88,-7.2,,1129,73,0.87,0.84,-7.2,,1340,75,1.04,0.95,-7.2,
15分钟 吸收 补仓F(1:1:1:1:1:1，-1.5%/-3%/-4.5%/-6%/-7.5%补) 均价止盈2% 止损离第一笔10% 拿72h,1212,82,0.86,0.95,-7.2,,983,85,0.83,0.8,-7.2,,1141,87,1.09,0.98,-7.2,
15分钟 吸收 补仓F(1:1:1:1:1:1，-1.5%/-3%/-4.5%/-6%/-7.5%补) 均价止盈2% 止损离第一笔14% 拿24h,1512,68,0.81,0.92,-10.3,,1128,73,0.84,0.81,-10.3,,1338,75,1.03,0.91,-10.3,
15分钟 吸收 补仓F(1:1:1:1:1:1，-1.5%/-3%/-4.5%/-6%/-7.5%补) 均价止盈2% 止损离第一笔14% 拿72h,1203,83,0.79,1.03,-10.3,,968,86,0.79,0.82,-10.3,,1132,88,1.06,1.0,-10.3,
15分钟 吸收 补仓F(1:1:1:1:1:1，-1.5%/-3%/-4.5%/-6%/-7.5%补) 均价止盈2% 止损离第一笔18% 拿24h,1512,68,0.82,0.87,-14.4,,1128,73,0.93,0.81,-13.4,,1338,75,0.98,1.06,-14.4,
15分钟 吸收 补仓F(1:1:1:1:1:1，-1.5%/-3%/-4.5%/-6%/-7.5%补) 均价止盈2% 止损离第一笔18% 拿72h,1198,83,0.79,0.94,-14.4,,961,86,0.8,0.91,-14.4,,1127,88,1.0,1.03,-14.4,
15分钟 吸收 补仓F(1:1:1:1:1:1，-1.5%/-3%/-4.5%/-6%/-7.5%补) 均价止盈3% 止损离第一笔10% 拿24h,1442,62,0.86,0.97,-7.2,,1063,65,0.86,0.82,-7.2,,1244,68,1.02,0.98,-7.2,
15分钟 吸收 补仓F(1:1:1:1:1:1，-1.5%/-3%/-4.5%/-6%/-7.5%补) 均价止盈3% 止损离第一笔10% 拿72h,1041,73,0.85,1.08,-7.2,,865,76,0.83,0.77,-7.2,,960,78,0.98,1.1,-7.2,
15分钟 吸收 补仓F(1:1:1:1:1:1，-1.5%/-3%/-4.5%/-6%/-7.5%补) 均价止盈3% 止损离第一笔14% 拿24h,1442,62,0.84,0.92,-10.3,,1062,66,0.83,0.75,-10.3,,1242,68,1.0,0.87,-10.3,
15分钟 吸收 补仓F(1:1:1:1:1:1，-1.5%/-3%/-4.5%/-6%/-7.5%补) 均价止盈3% 止损离第一笔14% 拿72h,1027,74,0.8,1.05,-10.3,,851,77,0.82,0.95,-10.3,,948,79,0.96,0.97,-10.3,
15分钟 吸收 补仓F(1:1:1:1:1:1，-1.5%/-3%/-4.5%/-6%/-7.5%补) 均价止盈3% 止损离第一笔18% 拿24h,1442,62,0.85,0.9,-14.4,,1062,66,0.88,0.78,-13.4,,1242,68,0.97,0.97,-14.4,
15分钟 吸收 补仓F(1:1:1:1:1:1，-1.5%/-3%/-4.5%/-6%/-7.5%补) 均价止盈3% 止损离第一笔18% 拿72h,1024,74,0.81,0.94,-14.4,,843,78,0.87,0.76,-14.4,,945,79,0.96,0.95,-14.4,
15分钟 吸收 补仓F(1:1:1:1:1:1，-1.5%/-3%/-4.5%/-6%/-7.5%补) 均价止盈5% 止损离第一笔10% 拿24h,1395,58,0.84,0.95,-7.2,,1018,60,0.83,0.83,-7.2,,1173,63,1.11,0.92,-7.2,
15分钟 吸收 补仓F(1:1:1:1:1:1，-1.5%/-3%/-4.5%/-6%/-7.5%补) 均价止盈5% 止损离第一笔10% 拿72h,908,64,0.81,0.89,-7.2,,750,65,0.74,0.78,-7.2,,810,69,1.03,1.02,-7.2,
15分钟 吸收 补仓F(1:1:1:1:1:1，-1.5%/-3%/-4.5%/-6%/-7.5%补) 均价止盈5% 止损离第一笔14% 拿24h,1395,58,0.82,0.86,-10.3,,1017,61,0.82,0.89,-10.3,,1172,63,1.09,0.93,-10.3,
15分钟 吸收 补仓F(1:1:1:1:1:1，-1.5%/-3%/-4.5%/-6%/-7.5%补) 均价止盈5% 止损离第一笔14% 拿72h,897,64,0.77,0.89,-10.3,,738,66,0.75,0.77,-10.3,,801,71,1.07,1.02,-10.3,
15分钟 吸收 补仓F(1:1:1:1:1:1，-1.5%/-3%/-4.5%/-6%/-7.5%补) 均价止盈5% 止损离第一笔18% 拿24h,1395,58,0.83,0.86,-14.4,,1017,61,0.86,0.74,-13.4,,1171,63,1.04,0.92,-14.4,
15分钟 吸收 补仓F(1:1:1:1:1:1，-1.5%/-3%/-4.5%/-6%/-7.5%补) 均价止盈5% 止损离第一笔18% 拿72h,895,64,0.73,0.96,-14.4,,728,68,0.82,0.74,-14.4,,798,71,1.09,1.0,-14.4,
15分钟 吸收 补仓F(1:1:1:1:1:1，-1.5%/-3%/-4.5%/-6%/-7.5%补) 均价止盈8% 止损离第一笔10% 拿24h,1375,58,0.85,1.02,-7.2,,1009,60,0.83,0.85,-7.2,,1159,61,1.09,0.89,-7.2,
15分钟 吸收 补仓F(1:1:1:1:1:1，-1.5%/-3%/-4.5%/-6%/-7.5%补) 均价止盈8% 止损离第一笔10% 拿72h,830,58,0.79,1.04,-7.2,,696,60,0.75,0.8,-7.2,,738,62,0.94,0.97,-7.2,
15分钟 吸收 补仓F(1:1:1:1:1:1，-1.5%/-3%/-4.5%/-6%/-7.5%补) 均价止盈8% 止损离第一笔14% 拿24h,1375,58,0.83,0.93,-10.3,,1008,60,0.82,0.75,-10.3,,1158,61,1.06,0.92,-10.3,
15分钟 吸收 补仓F(1:1:1:1:1:1，-1.5%/-3%/-4.5%/-6%/-7.5%补) 均价止盈8% 止损离第一笔14% 拿72h,821,59,0.77,0.87,-10.3,,684,61,0.77,0.75,-10.3,,727,64,0.98,1.03,-10.3,
15分钟 吸收 补仓F(1:1:1:1:1:1，-1.5%/-3%/-4.5%/-6%/-7.5%补) 均价止盈8% 止损离第一笔18% 拿24h,1375,58,0.83,0.89,-14.4,,1008,60,0.86,0.76,-13.4,,1157,61,1.0,0.95,-14.4,
15分钟 吸收 补仓F(1:1:1:1:1:1，-1.5%/-3%/-4.5%/-6%/-7.5%补) 均价止盈8% 止损离第一笔18% 拿72h,819,59,0.74,0.95,-14.4,,678,62,0.79,0.76,-14.4,,724,64,0.98,1.05,-14.4,
15分钟 吸收 补仓G(1:1:2:2:4，-2%/-4%/-6%/-8%补) 均价止盈1% 止损离第一笔11% 拿24h,1724,81,0.99,0.96,-6.1,,1254,84,0.63,0.59,-6.1,,1538,88,1.19,0.92,-6.1,
15分钟 吸收 补仓G(1:1:2:2:4，-2%/-4%/-6%/-8%补) 均价止盈1% 止损离第一笔11% 拿72h,1554,94,1.05,1.03,-6.1,,1188,94,0.72,0.75,-6.1,,1442,96,1.16,1.05,-6.1,✔
15分钟 吸收 补仓G(1:1:2:2:4，-2%/-4%/-6%/-8%补) 均价止盈1% 止损离第一笔14% 拿24h,1724,81,0.99,0.95,-9.3,,1253,84,0.69,0.7,-9.3,,1538,88,1.21,1.21,-9.3,
15分钟 吸收 补仓G(1:1:2:2:4，-2%/-4%/-6%/-8%补) 均价止盈1% 止损离第一笔14% 拿72h,1552,94,0.89,1.03,-9.3,,1177,95,0.77,0.67,-9.3,,1442,96,1.15,1.01,-9.3,✔
15分钟 吸收 补仓G(1:1:2:2:4，-2%/-4%/-6%/-8%补) 均价止盈1% 止损离第一笔18% 拿24h,1724,81,0.99,1.06,-13.5,,1253,84,0.76,0.64,-12.1,,1538,88,1.19,0.99,-13.5,✔
15分钟 吸收 补仓G(1:1:2:2:4，-2%/-4%/-6%/-8%补) 均价止盈1% 止损离第一笔18% 拿72h,1550,94,0.85,0.86,-13.5,,1176,95,0.76,0.84,-13.5,,1439,97,1.01,1.07,-13.5,
15分钟 吸收 补仓G(1:1:2:2:4，-2%/-4%/-6%/-8%补) 均价止盈2% 止损离第一笔11% 拿24h,1505,67,0.85,0.82,-6.1,,1125,73,0.75,0.72,-6.1,,1337,75,1.06,0.95,-6.1,
15分钟 吸收 补仓G(1:1:2:2:4，-2%/-4%/-6%/-8%补) 均价止盈2% 止损离第一笔11% 拿72h,1193,84,0.86,0.85,-6.1,,998,88,0.82,0.79,-6.1,,1133,89,1.12,1.12,-6.1,
15分钟 吸收 补仓G(1:1:2:2:4，-2%/-4%/-6%/-8%补) 均价止盈2% 止损离第一笔14% 拿24h,1505,67,0.82,0.9,-9.3,,1124,73,0.83,0.76,-9.3,,1336,75,1.03,1.01,-9.3,
15分钟 吸收 补仓G(1:1:2:2:4，-2%/-4%/-6%/-8%补) 均价止盈2% 止损离第一笔14% 拿72h,1188,84,0.76,0.98,-9.3,,984,89,0.84,0.82,-9.3,,1127,89,1.07,0.93,-9.3,
15分钟 吸收 补仓G(1:1:2:2:4，-2%/-4%/-6%/-8%补) 均价止盈2% 止损离第一笔18% 拿24h,1505,67,0.82,0.86,-13.5,,1124,73,0.89,0.76,-12.1,,1336,75,0.95,0.98,-13.5,
15分钟 吸收 补仓G(1:1:2:2:4，-2%/-4%/-6%/-8%补) 均价止盈2% 止损离第一笔18% 拿72h,1184,84,0.74,0.86,-13.5,,980,89,0.81,0.74,-13.5,,1123,90,0.97,1.06,-13.5,
15分钟 吸收 补仓G(1:1:2:2:4，-2%/-4%/-6%/-8%补) 均价止盈3% 止损离第一笔11% 拿24h,1443,60,0.85,1.02,-6.1,,1065,66,0.8,0.78,-6.1,,1246,67,1.0,1.05,-6.1,
15分钟 吸收 补仓G(1:1:2:2:4，-2%/-4%/-6%/-8%补) 均价止盈3% 止损离第一笔11% 拿72h,1031,75,0.85,1.01,-6.1,,867,78,0.75,0.77,-6.1,,967,81,1.05,1.01,-6.1,
15分钟 吸收 补仓G(1:1:2:2:4，-2%/-4%/-6%/-8%补) 均价止盈3% 止损离第一笔14% 拿24h,1443,60,0.82,0.95,-9.3,,1064,66,0.87,0.82,-9.3,,1245,68,1.01,0.95,-9.3,
15分钟 吸收 补仓G(1:1:2:2:4，-2%/-4%/-6%/-8%补) 均价止盈3% 止损离第一笔14% 拿72h,1025,76,0.78,0.91,-9.3,,857,80,0.8,0.8,-9.3,,960,82,1.02,1.0,-9.3,
15分钟 吸收 补仓G(1:1:2:2:4，-2%/-4%/-6%/-8%补) 均价止盈3% 止损离第一笔18% 拿24h,1443,60,0.83,0.94,-13.5,,1064,66,0.89,0.75,-12.1,,1245,68,0.94,0.95,-13.5,
15分钟 吸收 补仓G(1:1:2:2:4，-2%/-4%/-6%/-8%补) 均价止盈3% 止损离第一笔18% 拿72h,1021,76,0.78,0.96,-13.5,,851,80,0.84,0.76,-13.5,,957,82,0.98,0.91,-13.5,
15分钟 吸收 补仓G(1:1:2:2:4，-2%/-4%/-6%/-8%补) 均价止盈5% 止损离第一笔11% 拿24h,1395,58,0.88,0.9,-6.1,,1019,61,0.74,0.8,-6.1,,1173,62,1.08,0.94,-6.1,
15分钟 吸收 补仓G(1:1:2:2:4，-2%/-4%/-6%/-8%补) 均价止盈5% 止损离第一笔11% 拿72h,906,65,0.78,0.89,-6.1,,752,68,0.75,0.85,-6.1,,809,71,1.11,0.98,-6.1,✔
15分钟 吸收 补仓G(1:1:2:2:4，-2%/-4%/-6%/-8%补) 均价止盈5% 止损离第一笔14% 拿24h,1395,58,0.86,0.79,-9.3,,1018,61,0.8,0.79,-9.3,,1173,63,1.08,0.98,-9.3,
15分钟 吸收 补仓G(1:1:2:2:4，-2%/-4%/-6%/-8%补) 均价止盈5% 止损离第一笔14% 拿72h,897,66,0.73,0.95,-9.3,,743,69,0.78,0.78,-9.3,,802,73,1.15,0.98,-9.3,✔
15分钟 吸收 补仓G(1:1:2:2:4，-2%/-4%/-6%/-8%补) 均价止盈5% 止损离第一笔18% 拿24h,1395,58,0.87,0.87,-13.5,,1018,61,0.8,0.73,-12.1,,1172,63,0.99,0.87,-13.5,
15分钟 吸收 补仓G(1:1:2:2:4，-2%/-4%/-6%/-8%补) 均价止盈5% 止损离第一笔18% 拿72h,895,66,0.7,0.95,-13.5,,733,70,0.83,0.73,-13.5,,800,73,1.11,0.9,-13.5,✔
15分钟 吸收 补仓G(1:1:2:2:4，-2%/-4%/-6%/-8%补) 均价止盈8% 止损离第一笔11% 拿24h,1375,57,0.84,0.95,-6.1,,1009,60,0.74,0.72,-6.1,,1158,61,1.08,0.94,-6.1,
15分钟 吸收 补仓G(1:1:2:2:4，-2%/-4%/-6%/-8%补) 均价止盈8% 止损离第一笔11% 拿72h,829,60,0.78,0.91,-6.1,,692,62,0.73,0.73,-6.1,,734,65,0.95,1.01,-6.1,
15分钟 吸收 补仓G(1:1:2:2:4，-2%/-4%/-6%/-8%补) 均价止盈8% 止损离第一笔14% 拿24h,1375,57,0.81,0.88,-9.3,,1008,60,0.79,0.72,-9.3,,1158,62,1.08,0.98,-9.3,
15分钟 吸收 补仓G(1:1:2:2:4，-2%/-4%/-6%/-8%补) 均价止盈8% 止损离第一笔14% 拿72h,822,61,0.73,0.99,-9.3,,682,63,0.73,0.77,-9.3,,725,67,1.04,0.91,-9.3,
15分钟 吸收 补仓G(1:1:2:2:4，-2%/-4%/-6%/-8%补) 均价止盈8% 止损离第一笔18% 拿24h,1375,57,0.8,0.97,-13.5,,1008,60,0.8,0.87,-12.1,,1157,62,0.97,0.92,-13.5,
15分钟 吸收 补仓G(1:1:2:2:4，-2%/-4%/-6%/-8%补) 均价止盈8% 止损离第一笔18% 拿72h,820,61,0.72,0.92,-13.5,,677,64,0.72,0.75,-13.5,,723,67,0.98,0.99,-13.5,
15分钟 吸收 补仓H(1:1:1:1:1:1:1:1，-1%/-2%/-3%/-4%/-5%/-6%/-7%补) 均价止盈1% 止损离第一笔10% 拿24h,1760,84,0.91,0.83,-6.9,,1272,86,0.7,0.74,-6.9,,1572,89,1.14,0.9,-6.9,
15分钟 吸收 补仓H(1:1:1:1:1:1:1:1，-1%/-2%/-3%/-4%/-5%/-6%/-7%补) 均价止盈1% 止损离第一笔10% 拿72h,1595,94,1.03,0.89,-6.9,,1201,94,0.83,0.87,-6.9,,1486,95,1.14,1.03,-6.9,
15分钟 吸收 补仓H(1:1:1:1:1:1:1:1，-1%/-2%/-3%/-4%/-5%/-6%/-7%补) 均价止盈1% 止损离第一笔13% 拿24h,1760,84,0.88,0.91,-10.0,,1270,86,0.68,0.76,-10.0,,1570,89,1.16,0.94,-10.0,
15分钟 吸收 补仓H(1:1:1:1:1:1:1:1，-1%/-2%/-3%/-4%/-5%/-6%/-7%补) 均价止盈1% 止损离第一笔13% 拿72h,1588,94,0.91,0.94,-10.0,,1191,95,0.77,0.82,-10.0,,1484,96,1.21,0.84,-10.0,
15分钟 吸收 补仓H(1:1:1:1:1:1:1:1，-1%/-2%/-3%/-4%/-5%/-6%/-7%补) 均价止盈1% 止损离第一笔17% 拿24h,1760,84,0.86,1.0,-14.1,,1270,86,0.74,0.74,-13.2,,1570,89,1.15,0.91,-14.1,
15分钟 吸收 补仓H(1:1:1:1:1:1:1:1，-1%/-2%/-3%/-4%/-5%/-6%/-7%补) 均价止盈1% 止损离第一笔17% 拿72h,1586,94,0.89,0.9,-14.1,,1186,95,0.7,0.68,-14.1,,1480,96,1.05,1.01,-14.1,
15分钟 吸收 补仓H(1:1:1:1:1:1:1:1，-1%/-2%/-3%/-4%/-5%/-6%/-7%补) 均价止盈2% 止损离第一笔10% 拿24h,1525,71,0.87,0.95,-6.9,,1137,75,0.92,0.93,-6.9,,1356,77,1.06,0.99,-6.9,
15分钟 吸收 补仓H(1:1:1:1:1:1:1:1，-1%/-2%/-3%/-4%/-5%/-6%/-7%补) 均价止盈2% 止损离第一笔10% 拿72h,1236,84,0.92,0.98,-6.9,,1003,86,0.87,0.84,-6.9,,1161,88,1.16,1.05,-6.9,✔
15分钟 吸收 补仓H(1:1:1:1:1:1:1:1，-1%/-2%/-3%/-4%/-5%/-6%/-7%补) 均价止盈2% 止损离第一笔13% 拿24h,1525,71,0.83,0.87,-10.0,,1135,75,0.89,0.81,-10.0,,1353,77,1.06,0.98,-10.0,
15分钟 吸收 补仓H(1:1:1:1:1:1:1:1，-1%/-2%/-3%/-4%/-5%/-6%/-7%补) 均价止盈2% 止损离第一笔13% 拿72h,1225,84,0.84,0.96,-10.0,,988,87,0.82,0.83,-10.0,,1151,89,1.13,0.92,-10.0,
15分钟 吸收 补仓H(1:1:1:1:1:1:1:1，-1%/-2%/-3%/-4%/-5%/-6%/-7%补) 均价止盈2% 止损离第一笔17% 拿24h,1525,71,0.84,0.86,-14.1,,1135,75,0.98,0.85,-13.2,,1353,77,1.0,1.02,-14.1,
15分钟 吸收 补仓H(1:1:1:1:1:1:1:1，-1%/-2%/-3%/-4%/-5%/-6%/-7%补) 均价止盈2% 止损离第一笔17% 拿72h,1220,84,0.84,0.89,-14.1,,980,87,0.83,0.92,-14.1,,1147,89,1.1,0.92,-14.1,
15分钟 吸收 补仓H(1:1:1:1:1:1:1:1，-1%/-2%/-3%/-4%/-5%/-6%/-7%补) 均价止盈3% 止损离第一笔10% 拿24h,1448,65,0.87,0.95,-6.9,,1067,69,0.91,0.9,-6.9,,1255,69,1.08,1.07,-6.9,
15分钟 吸收 补仓H(1:1:1:1:1:1:1:1，-1%/-2%/-3%/-4%/-5%/-6%/-7%补) 均价止盈3% 止损离第一笔10% 拿72h,1054,75,0.92,1.03,-6.9,,878,78,0.89,0.9,-6.9,,984,80,1.06,1.04,-6.9,
15分钟 吸收 补仓H(1:1:1:1:1:1:1:1，-1%/-2%/-3%/-4%/-5%/-6%/-7%补) 均价止盈3% 止损离第一笔13% 拿24h,1448,65,0.85,1.06,-10.0,,1065,69,0.87,0.85,-10.0,,1252,69,1.06,1.0,-10.0,
15分钟 吸收 补仓H(1:1:1:1:1:1:1:1，-1%/-2%/-3%/-4%/-5%/-6%/-7%补) 均价止盈3% 止损离第一笔13% 拿72h,1037,75,0.85,0.91,-10.0,,862,79,0.85,0.84,-10.0,,972,81,1.02,1.01,-10.0,
15分钟 吸收 补仓H(1:1:1:1:1:1:1:1，-1%/-2%/-3%/-4%/-5%/-6%/-7%补) 均价止盈3% 止损离第一笔17% 拿24h,1448,65,0.87,0.97,-14.1,,1065,69,0.94,0.77,-13.2,,1252,69,1.02,0.93,-14.1,
15分钟 吸收 补仓H(1:1:1:1:1:1:1:1，-1%/-2%/-3%/-4%/-5%/-6%/-7%补) 均价止盈3% 止损离第一笔17% 拿72h,1034,75,0.87,0.95,-14.1,,855,80,0.9,0.8,-14.1,,968,81,1.04,0.96,-14.1,
15分钟 吸收 补仓H(1:1:1:1:1:1:1:1，-1%/-2%/-3%/-4%/-5%/-6%/-7%补) 均价止盈5% 止损离第一笔10% 拿24h,1396,62,0.88,0.94,-6.9,,1021,63,0.86,0.8,-6.9,,1177,64,1.14,0.93,-6.9,✔
15分钟 吸收 补仓H(1:1:1:1:1:1:1:1，-1%/-2%/-3%/-4%/-5%/-6%/-7%补) 均价止盈5% 止损离第一笔10% 拿72h,913,65,0.87,1.03,-6.9,,759,66,0.78,0.79,-6.9,,818,69,1.0,0.92,-6.9,
15分钟 吸收 补仓H(1:1:1:1:1:1:1:1，-1%/-2%/-3%/-4%/-5%/-6%/-7%补) 均价止盈5% 止损离第一笔13% 拿24h,1396,62,0.87,0.92,-10.0,,1019,63,0.83,0.89,-10.0,,1175,64,1.14,0.96,-10.0,
15分钟 吸收 补仓H(1:1:1:1:1:1:1:1，-1%/-2%/-3%/-4%/-5%/-6%/-7%补) 均价止盈5% 止损离第一笔13% 拿72h,901,65,0.81,1.05,-10.0,,743,67,0.76,0.8,-10.0,,806,70,1.03,0.92,-10.0,
15分钟 吸收 补仓H(1:1:1:1:1:1:1:1，-1%/-2%/-3%/-4%/-5%/-6%/-7%补) 均价止盈5% 止损离第一笔17% 拿24h,1396,62,0.87,0.86,-14.1,,1019,63,0.89,0.77,-13.2,,1174,65,1.09,0.93,-14.1,
15分钟 吸收 补仓H(1:1:1:1:1:1:1:1，-1%/-2%/-3%/-4%/-5%/-6%/-7%补) 均价止盈5% 止损离第一笔17% 拿72h,899,66,0.78,0.9,-14.1,,735,68,0.82,0.78,-14.1,,801,71,1.07,0.91,-14.1,
15分钟 吸收 补仓H(1:1:1:1:1:1:1:1，-1%/-2%/-3%/-4%/-5%/-6%/-7%补) 均价止盈8% 止损离第一笔10% 拿24h,1375,61,0.86,0.92,-6.9,,1010,62,0.86,0.89,-6.9,,1160,63,1.09,0.92,-6.9,
15分钟 吸收 补仓H(1:1:1:1:1:1:1:1，-1%/-2%/-3%/-4%/-5%/-6%/-7%补) 均价止盈8% 止损离第一笔10% 拿72h,831,60,0.81,1.08,-6.9,,701,61,0.74,0.77,-6.9,,741,63,0.96,0.87,-6.9,
15分钟 吸收 补仓H(1:1:1:1:1:1:1:1，-1%/-2%/-3%/-4%/-5%/-6%/-7%补) 均价止盈8% 止损离第一笔13% 拿24h,1375,61,0.85,0.88,-10.0,,1008,62,0.83,0.78,-10.0,,1158,63,1.09,0.93,-10.0,
15分钟 吸收 补仓H(1:1:1:1:1:1:1:1，-1%/-2%/-3%/-4%/-5%/-6%/-7%补) 均价止盈8% 止损离第一笔13% 拿72h,822,60,0.78,0.92,-10.0,,687,62,0.75,0.8,-10.0,,729,64,0.97,1.08,-10.0,
15分钟 吸收 补仓H(1:1:1:1:1:1:1:1，-1%/-2%/-3%/-4%/-5%/-6%/-7%补) 均价止盈8% 止损离第一笔17% 拿24h,1375,61,0.85,1.04,-14.1,,1008,62,0.88,0.82,-13.2,,1157,63,1.03,0.92,-14.1,
15分钟 吸收 补仓H(1:1:1:1:1:1:1:1，-1%/-2%/-3%/-4%/-5%/-6%/-7%补) 均价止盈8% 止损离第一笔17% 拿72h,820,61,0.76,0.88,-14.1,,681,63,0.78,0.85,-14.1,,724,65,1.03,1.03,-14.1,
15分钟 吸收 补仓I(1:1:1:2:2:3，-2%/-4%/-6%/-9%/-12%补) 均价止盈1% 止损离第一笔15% 拿24h,1720,81,1.01,0.89,-8.6,,1251,84,0.77,0.64,-8.6,,1533,87,1.1,1.01,-8.6,
15分钟 吸收 补仓I(1:1:1:2:2:3，-2%/-4%/-6%/-9%/-12%补) 均价止盈1% 止损离第一笔15% 拿72h,1529,94,0.97,0.96,-8.6,,1165,94,0.69,0.76,-8.6,,1423,96,1.09,1.02,-8.6,
15分钟 吸收 补仓I(1:1:1:2:2:3，-2%/-4%/-6%/-9%/-12%补) 均价止盈1% 止损离第一笔18% 拿24h,1720,81,1.02,0.94,-11.8,,1251,84,0.82,0.65,-10.2,,1533,87,1.02,1.01,-11.8,
15分钟 吸收 补仓I(1:1:1:2:2:3，-2%/-4%/-6%/-9%/-12%补) 均价止盈1% 止损离第一笔18% 拿72h,1529,94,0.94,0.8,-11.8,,1162,94,0.67,0.64,-11.8,,1420,96,0.91,1.19,-11.8,
15分钟 吸收 补仓I(1:1:1:2:2:3，-2%/-4%/-6%/-9%/-12%补) 均价止盈1% 止损离第一笔22% 拿24h,1720,81,1.05,0.89,-9.3,,1250,84,0.85,0.74,-7.6,,1533,87,0.95,0.92,-16.1,
15分钟 吸收 补仓I(1:1:1:2:2:3，-2%/-4%/-6%/-9%/-12%补) 均价止盈1% 止损离第一笔22% 拿72h,1528,94,1.0,0.81,-14.0,,1159,94,0.7,0.78,-16.1,,1419,96,0.84,0.97,-16.1,
15分钟 吸收 补仓I(1:1:1:2:2:3，-2%/-4%/-6%/-9%/-12%补) 均价止盈2% 止损离第一笔15% 拿24h,1504,65,0.85,0.83,-8.6,,1121,72,0.93,0.81,-8.6,,1333,74,1.01,0.96,-8.6,
15分钟 吸收 补仓I(1:1:1:2:2:3，-2%/-4%/-6%/-9%/-12%补) 均价止盈2% 止损离第一笔15% 拿72h,1178,82,0.74,0.87,-8.6,,974,88,0.85,0.84,-8.6,,1116,89,1.1,0.97,-8.6,
15分钟 吸收 补仓I(1:1:1:2:2:3，-2%/-4%/-6%/-9%/-12%补) 均价止盈2% 止损离第一笔18% 拿24h,1504,65,0.82,0.84,-11.8,,1121,72,0.98,0.81,-10.2,,1332,74,0.92,0.97,-11.8,
15分钟 吸收 补仓I(1:1:1:2:2:3，-2%/-4%/-6%/-9%/-12%补) 均价止盈2% 止损离第一笔18% 拿72h,1177,82,0.74,0.81,-11.8,,968,88,0.86,0.82,-11.8,,1113,89,0.95,1.02,-11.8,
15分钟 吸收 补仓I(1:1:1:2:2:3，-2%/-4%/-6%/-9%/-12%补) 均价止盈2% 止损离第一笔22% 拿24h,1504,65,0.82,0.96,-14.0,,1120,72,1.02,0.68,-7.6,,1332,74,0.84,0.93,-16.1,
15分钟 吸收 补仓I(1:1:1:2:2:3，-2%/-4%/-6%/-9%/-12%补) 均价止盈2% 止损离第一笔22% 拿72h,1176,83,0.71,0.77,-16.1,,963,88,0.9,0.68,-16.1,,1112,89,0.89,0.99,-16.1,
15分钟 吸收 补仓I(1:1:1:2:2:3，-2%/-4%/-6%/-9%/-12%补) 均价止盈3% 止损离第一笔15% 拿24h,1442,59,0.89,0.94,-8.6,,1062,66,0.94,0.72,-8.6,,1242,66,1.0,0.93,-8.6,
15分钟 吸收 补仓I(1:1:1:2:2:3，-2%/-4%/-6%/-9%/-12%补) 均价止盈3% 止损离第一笔15% 拿72h,1017,75,0.79,0.86,-8.6,,852,79,0.81,0.74,-8.6,,947,81,1.03,0.95,-8.6,
15分钟 吸收 补仓I(1:1:1:2:2:3，-2%/-4%/-6%/-9%/-12%补) 均价止盈3% 止损离第一笔18% 拿24h,1442,59,0.88,0.86,-11.8,,1062,66,0.97,0.75,-10.2,,1242,66,0.92,0.99,-11.8,
15分钟 吸收 补仓I(1:1:1:2:2:3，-2%/-4%/-6%/-9%/-12%补) 均价止盈3% 止损离第一笔18% 拿72h,1016,75,0.83,0.87,-11.8,,845,79,0.86,0.83,-11.8,,945,81,0.99,1.03,-11.8,
15分钟 吸收 补仓I(1:1:1:2:2:3，-2%/-4%/-6%/-9%/-12%补) 均价止盈3% 止损离第一笔22% 拿24h,1442,59,0.88,0.91,-14.0,,1061,66,1.01,0.71,-8.8,,1242,66,0.88,0.82,-16.1,
15分钟 吸收 补仓I(1:1:1:2:2:3，-2%/-4%/-6%/-9%/-12%补) 均价止盈3% 止损离第一笔22% 拿72h,1015,75,0.82,0.91,-16.1,,842,79,0.84,0.78,-16.1,,944,81,0.94,0.97,-16.1,
15分钟 吸收 补仓I(1:1:1:2:2:3，-2%/-4%/-6%/-9%/-12%补) 均价止盈5% 止损离第一笔15% 拿24h,1395,56,0.87,0.91,-8.6,,1017,60,0.88,0.81,-8.6,,1173,61,1.01,1.02,-8.6,
15分钟 吸收 补仓I(1:1:1:2:2:3，-2%/-4%/-6%/-9%/-12%补) 均价止盈5% 止损离第一笔15% 拿72h,896,65,0.73,0.92,-8.6,,737,68,0.78,0.8,-8.6,,794,71,1.15,1.08,-8.6,
15分钟 吸收 补仓I(1:1:1:2:2:3，-2%/-4%/-6%/-9%/-12%补) 均价止盈5% 止损离第一笔18% 拿24h,1395,56,0.86,0.92,-11.8,,1017,60,0.88,0.76,-10.2,,1172,61,0.95,0.94,-11.8,
15分钟 吸收 补仓I(1:1:1:2:2:3，-2%/-4%/-6%/-9%/-12%补) 均价止盈5% 止损离第一笔18% 拿72h,894,66,0.7,0.93,-11.8,,729,68,0.84,0.8,-11.8,,793,72,1.11,0.88,-11.8,
15分钟 吸收 补仓I(1:1:1:2:2:3，-2%/-4%/-6%/-9%/-12%补) 均价止盈5% 止损离第一笔22% 拿24h,1395,56,0.86,0.87,-14.0,,1016,60,0.9,0.71,-14.0,,1172,61,0.9,0.88,-16.1,
15分钟 吸收 补仓I(1:1:1:2:2:3，-2%/-4%/-6%/-9%/-12%补) 均价止盈5% 止损离第一笔22% 拿72h,893,66,0.66,0.87,-16.1,,727,69,0.82,0.75,-16.1,,792,72,1.12,0.94,-16.1,
15分钟 吸收 补仓I(1:1:1:2:2:3，-2%/-4%/-6%/-9%/-12%补) 均价止盈8% 止损离第一笔15% 拿24h,1375,55,0.82,0.92,-8.6,,1008,60,0.87,0.76,-8.6,,1158,60,0.96,0.88,-8.6,
15分钟 吸收 补仓I(1:1:1:2:2:3，-2%/-4%/-6%/-9%/-12%补) 均价止盈8% 止损离第一笔15% 拿72h,821,60,0.76,0.95,-8.6,,681,63,0.71,0.69,-8.6,,724,65,1.05,0.95,-8.6,
15分钟 吸收 补仓I(1:1:1:2:2:3，-2%/-4%/-6%/-9%/-12%补) 均价止盈8% 止损离第一笔18% 拿24h,1375,55,0.81,0.88,-11.8,,1008,60,0.87,0.87,-10.2,,1157,60,0.9,0.78,-11.8,
15分钟 吸收 补仓I(1:1:1:2:2:3，-2%/-4%/-6%/-9%/-12%补) 均价止盈8% 止损离第一笔18% 拿72h,820,60,0.73,0.84,-11.8,,676,63,0.72,0.78,-11.8,,723,66,0.98,0.93,-11.8,
15分钟 吸收 补仓I(1:1:1:2:2:3，-2%/-4%/-6%/-9%/-12%补) 均价止盈8% 止损离第一笔22% 拿24h,1375,55,0.81,0.89,-14.0,,1007,59,0.89,0.69,-14.0,,1157,60,0.88,0.84,-16.1,
15分钟 吸收 补仓I(1:1:1:2:2:3，-2%/-4%/-6%/-9%/-12%补) 均价止盈8% 止损离第一笔22% 拿72h,819,61,0.72,0.93,-16.1,,674,63,0.71,0.73,-16.1,,719,66,0.97,0.88,-16.1,
15分钟 持仓背离 补仓E(1:1:1:1:1，-2%/-4%/-6%/-8%补) 均价止盈1% 止损离第一笔11% 拿24h,3728,83,0.88,0.86,-7.5,,3655,86,0.74,0.79,-7.5,,3425,89,1.03,1.01,-7.5,
15分钟 持仓背离 补仓E(1:1:1:1:1，-2%/-4%/-6%/-8%补) 均价止盈1% 止损离第一笔11% 拿72h,3288,93,0.95,0.89,-7.5,,3320,94,0.83,0.79,-7.5,,3194,95,1.06,0.97,-7.5,
15分钟 持仓背离 补仓E(1:1:1:1:1，-2%/-4%/-6%/-8%补) 均价止盈1% 止损离第一笔14% 拿24h,3715,83,0.85,0.82,-10.6,,3636,86,0.72,0.75,-10.6,,3410,89,1.03,0.9,-10.6,
15分钟 持仓背离 补仓E(1:1:1:1:1，-2%/-4%/-6%/-8%补) 均价止盈1% 止损离第一笔14% 拿72h,3239,93,0.89,0.87,-10.6,,3245,95,0.81,0.86,-10.6,,3142,96,1.0,0.94,-10.6,
15分钟 持仓背离 补仓E(1:1:1:1:1，-2%/-4%/-6%/-8%补) 均价止盈1% 止损离第一笔18% 拿24h,3714,83,0.83,0.8,-13.6,,3629,86,0.71,0.75,-14.7,,3402,89,1.06,0.95,-14.7,
15分钟 持仓背离 补仓E(1:1:1:1:1，-2%/-4%/-6%/-8%补) 均价止盈1% 止损离第一笔18% 拿72h,3198,93,0.83,0.79,-14.7,,3193,95,0.78,0.87,-14.7,,3096,96,0.96,0.88,-14.7,
15分钟 持仓背离 补仓E(1:1:1:1:1，-2%/-4%/-6%/-8%补) 均价止盈2% 止损离第一笔11% 拿24h,3118,71,0.87,0.86,-7.5,,3019,75,0.88,0.84,-7.5,,2867,77,0.99,1.01,-7.5,
15分钟 持仓背离 补仓E(1:1:1:1:1，-2%/-4%/-6%/-8%补) 均价止盈2% 止损离第一笔11% 拿72h,2456,85,0.98,0.96,-7.5,,2454,86,0.93,0.84,-7.5,,2474,89,1.07,0.98,-7.5,
15分钟 持仓背离 补仓E(1:1:1:1:1，-2%/-4%/-6%/-8%补) 均价止盈2% 止损离第一笔14% 拿24h,3105,72,0.84,0.87,-10.6,,2999,75,0.86,0.82,-10.6,,2855,78,1.0,0.95,-10.6,
15分钟 持仓背离 补仓E(1:1:1:1:1，-2%/-4%/-6%/-8%补) 均价止盈2% 止损离第一笔14% 拿72h,2421,86,0.94,0.81,-10.6,,2384,87,0.9,0.9,-10.6,,2423,90,1.12,0.96,-10.6,✔
15分钟 持仓背离 补仓E(1:1:1:1:1，-2%/-4%/-6%/-8%补) 均价止盈2% 止损离第一笔18% 拿24h,3097,72,0.85,0.82,-13.6,,2988,75,0.86,0.83,-14.7,,2842,78,1.01,0.87,-14.7,
15分钟 持仓背离 补仓E(1:1:1:1:1，-2%/-4%/-6%/-8%补) 均价止盈2% 止损离第一笔18% 拿72h,2370,86,0.91,0.87,-14.7,,2320,87,0.88,0.88,-14.7,,2357,90,1.08,0.94,-14.7,
15分钟 持仓背离 补仓E(1:1:1:1:1，-2%/-4%/-6%/-8%补) 均价止盈3% 止损离第一笔11% 拿24h,2823,65,0.87,0.89,-7.5,,2677,67,0.91,0.88,-7.5,,2548,70,0.99,0.94,-7.5,
15分钟 持仓背离 补仓E(1:1:1:1:1，-2%/-4%/-6%/-8%补) 均价止盈3% 止损离第一笔11% 拿72h,1990,77,0.93,0.9,-7.5,,1968,79,0.93,0.83,-7.5,,1993,82,1.06,0.96,-7.5,
15分钟 持仓背离 补仓E(1:1:1:1:1，-2%/-4%/-6%/-8%补) 均价止盈3% 止损离第一笔14% 拿24h,2809,65,0.85,0.87,-10.6,,2662,67,0.89,0.89,-10.6,,2532,70,0.99,0.94,-10.6,
15分钟 持仓背离 补仓E(1:1:1:1:1，-2%/-4%/-6%/-8%补) 均价止盈3% 止损离第一笔14% 拿72h,1956,78,0.9,0.86,-10.6,,1919,81,0.95,0.88,-10.6,,1920,83,1.08,0.95,-10.6,
15分钟 持仓背离 补仓E(1:1:1:1:1，-2%/-4%/-6%/-8%补) 均价止盈3% 止损离第一笔18% 拿24h,2801,65,0.83,0.9,-14.7,,2655,67,0.91,0.87,-14.7,,2521,71,0.99,0.97,-14.7,
15分钟 持仓背离 补仓E(1:1:1:1:1，-2%/-4%/-6%/-8%补) 均价止盈3% 止损离第一笔18% 拿72h,1910,78,0.84,0.76,-14.7,,1871,81,0.92,0.91,-14.7,,1870,83,1.04,0.93,-14.7,
15分钟 持仓背离 补仓E(1:1:1:1:1，-2%/-4%/-6%/-8%补) 均价止盈5% 止损离第一笔11% 拿24h,2568,59,0.81,0.9,-7.5,,2356,60,0.94,0.91,-7.5,,2237,62,0.88,0.94,-7.5,
15分钟 持仓背离 补仓E(1:1:1:1:1，-2%/-4%/-6%/-8%补) 均价止盈5% 止损离第一笔11% 拿72h,1544,66,0.87,0.87,-7.5,,1494,70,1.01,0.91,-7.5,,1473,69,0.87,0.93,-7.5,
15分钟 持仓背离 补仓E(1:1:1:1:1，-2%/-4%/-6%/-8%补) 均价止盈5% 止损离第一笔14% 拿24h,2547,59,0.83,0.86,-10.6,,2346,60,0.92,0.95,-10.6,,2223,62,0.88,0.9,-10.6,
15分钟 持仓背离 补仓E(1:1:1:1:1，-2%/-4%/-6%/-8%补) 均价止盈5% 止损离第一笔14% 拿72h,1504,66,0.82,0.87,-10.6,,1460,71,0.97,0.87,-10.6,,1420,71,0.87,0.86,-10.6,
15分钟 持仓背离 补仓E(1:1:1:1:1，-2%/-4%/-6%/-8%补) 均价止盈5% 止损离第一笔18% 拿24h,2538,59,0.81,0.86,-14.7,,2340,61,0.94,0.88,-14.7,,2214,63,0.88,0.92,-14.7,
15分钟 持仓背离 补仓E(1:1:1:1:1，-2%/-4%/-6%/-8%补) 均价止盈5% 止损离第一笔18% 拿72h,1473,67,0.76,0.85,-14.7,,1435,71,0.95,0.86,-14.7,,1379,72,0.86,0.94,-14.7,
15分钟 持仓背离 补仓E(1:1:1:1:1，-2%/-4%/-6%/-8%补) 均价止盈8% 止损离第一笔11% 拿24h,2475,58,0.82,0.83,-7.5,,2225,58,0.98,0.84,-7.5,,2090,60,0.86,0.96,-7.5,
15分钟 持仓背离 补仓E(1:1:1:1:1，-2%/-4%/-6%/-8%补) 均价止盈8% 止损离第一笔11% 拿72h,1320,60,0.86,0.86,-7.5,,1224,63,0.97,0.92,-7.5,,1211,64,0.89,0.92,-7.5,
15分钟 持仓背离 补仓E(1:1:1:1:1，-2%/-4%/-6%/-8%补) 均价止盈8% 止损离第一笔14% 拿24h,2458,58,0.85,0.85,-10.6,,2215,59,0.95,0.93,-10.6,,2076,60,0.86,0.96,-10.6,
15分钟 持仓背离 补仓E(1:1:1:1:1，-2%/-4%/-6%/-8%补) 均价止盈8% 止损离第一笔14% 拿72h,1287,61,0.82,0.95,-10.6,,1189,64,0.91,0.89,-10.6,,1174,65,0.88,0.98,-10.6,
15分钟 持仓背离 补仓E(1:1:1:1:1，-2%/-4%/-6%/-8%补) 均价止盈8% 止损离第一笔18% 拿24h,2452,58,0.82,0.79,-14.7,,2210,59,0.98,0.85,-14.7,,2069,60,0.87,0.89,-14.7,
15分钟 持仓背离 补仓E(1:1:1:1:1，-2%/-4%/-6%/-8%补) 均价止盈8% 止损离第一笔18% 拿72h,1266,62,0.77,0.84,-14.7,,1164,64,0.91,0.86,-14.7,,1139,66,0.88,0.92,-14.7,
15分钟 持仓背离 补仓F(1:1:1:1:1:1，-1.5%/-3%/-4.5%/-6%/-7.5%补) 均价止盈1% 止损离第一笔10% 拿24h,3776,84,0.85,0.87,-7.2,,3706,87,0.73,0.75,-7.2,,3484,90,1.01,0.92,-7.2,
15分钟 持仓背离 补仓F(1:1:1:1:1:1，-1.5%/-3%/-4.5%/-6%/-7.5%补) 均价止盈1% 止损离第一笔10% 拿72h,3386,93,0.95,0.88,-7.2,,3416,94,0.82,0.84,-7.2,,3261,95,1.05,0.99,-7.2,
15分钟 持仓背离 补仓F(1:1:1:1:1:1，-1.5%/-3%/-4.5%/-6%/-7.5%补) 均价止盈1% 止损离第一笔14% 拿24h,3762,84,0.81,0.84,-10.3,,3681,87,0.7,0.76,-10.3,,3466,90,0.99,0.95,-10.3,
15分钟 持仓背离 补仓F(1:1:1:1:1:1，-1.5%/-3%/-4.5%/-6%/-7.5%补) 均价止盈1% 止损离第一笔14% 拿72h,3333,94,0.88,0.88,-10.3,,3327,95,0.81,0.89,-10.3,,3215,96,0.93,0.97,-10.3,
15分钟 持仓背离 补仓F(1:1:1:1:1:1，-1.5%/-3%/-4.5%/-6%/-7.5%补) 均价止盈1% 止损离第一笔18% 拿24h,3761,85,0.82,0.82,-13.4,,3676,87,0.67,0.74,-14.4,,3458,90,1.02,0.89,-14.4,
15分钟 持仓背离 补仓F(1:1:1:1:1:1，-1.5%/-3%/-4.5%/-6%/-7.5%补) 均价止盈1% 止损离第一笔18% 拿72h,3291,94,0.85,0.84,-14.4,,3268,95,0.74,0.78,-14.4,,3166,96,0.95,0.86,-14.4,
15分钟 持仓背离 补仓F(1:1:1:1:1:1，-1.5%/-3%/-4.5%/-6%/-7.5%补) 均价止盈2% 止损离第一笔10% 拿24h,3152,73,0.86,0.9,-7.2,,3066,77,0.89,0.87,-7.2,,2901,79,1.01,0.93,-7.2,
15分钟 持仓背离 补仓F(1:1:1:1:1:1，-1.5%/-3%/-4.5%/-6%/-7.5%补) 均价止盈2% 止损离第一笔10% 拿72h,2519,86,0.96,0.87,-7.2,,2537,87,0.93,0.86,-7.2,,2529,90,1.11,0.95,-7.2,✔
15分钟 持仓背离 补仓F(1:1:1:1:1:1，-1.5%/-3%/-4.5%/-6%/-7.5%补) 均价止盈2% 止损离第一笔14% 拿24h,3137,73,0.84,0.82,-10.3,,3040,77,0.87,0.87,-10.3,,2883,80,0.99,0.97,-10.3,
15分钟 持仓背离 补仓F(1:1:1:1:1:1，-1.5%/-3%/-4.5%/-6%/-7.5%补) 均价止盈2% 止损离第一笔14% 拿72h,2474,87,0.94,0.91,-10.3,,2454,88,0.91,0.92,-10.3,,2463,90,1.09,0.92,-10.3,
15分钟 持仓背离 补仓F(1:1:1:1:1:1，-1.5%/-3%/-4.5%/-6%/-7.5%补) 均价止盈2% 止损离第一笔18% 拿24h,3129,73,0.83,0.86,-13.4,,3031,77,0.86,0.88,-14.4,,2868,80,1.01,0.91,-14.4,
15分钟 持仓背离 补仓F(1:1:1:1:1:1，-1.5%/-3%/-4.5%/-6%/-7.5%补) 均价止盈2% 止损离第一笔18% 拿72h,2417,87,0.89,0.81,-14.4,,2386,88,0.88,0.87,-14.4,,2385,91,1.05,0.94,-14.4,
15分钟 持仓背离 补仓F(1:1:1:1:1:1，-1.5%/-3%/-4.5%/-6%/-7.5%补) 均价止盈3% 止损离第一笔10% 拿24h,2845,67,0.87,0.88,-7.2,,2701,69,0.93,0.86,-7.2,,2558,72,0.98,0.9,-7.2,
15分钟 持仓背离 补仓F(1:1:1:1:1:1，-1.5%/-3%/-4.5%/-6%/-7.5%补) 均价止盈3% 止损离第一笔10% 拿72h,2036,78,0.93,0.88,-7.2,,2016,80,0.95,0.91,-7.2,,2020,82,1.1,0.97,-7.2,
15分钟 持仓背离 补仓F(1:1:1:1:1:1，-1.5%/-3%/-4.5%/-6%/-7.5%补) 均价止盈3% 止损离第一笔14% 拿24h,2827,67,0.88,0.85,-10.3,,2681,69,0.91,0.94,-10.3,,2535,72,0.98,0.96,-10.3,
15分钟 持仓背离 补仓F(1:1:1:1:1:1，-1.5%/-3%/-4.5%/-6%/-7.5%补) 均价止盈3% 止损离第一笔14% 拿72h,1991,79,0.88,0.9,-10.3,,1955,81,0.97,0.87,-10.3,,1944,84,1.09,0.9,-10.3,
15分钟 持仓背离 补仓F(1:1:1:1:1:1，-1.5%/-3%/-4.5%/-6%/-7.5%补) 均价止盈3% 止损离第一笔18% 拿24h,2818,67,0.85,0.88,-14.4,,2675,69,0.91,0.86,-14.4,,2525,72,0.97,0.93,-14.4,
15分钟 持仓背离 补仓F(1:1:1:1:1:1，-1.5%/-3%/-4.5%/-6%/-7.5%补) 均价止盈3% 止损离第一笔18% 拿72h,1942,80,0.84,0.79,-14.4,,1901,81,0.93,0.97,-14.4,,1878,84,1.05,0.9,-14.4,
15分钟 持仓背离 补仓F(1:1:1:1:1:1，-1.5%/-3%/-4.5%/-6%/-7.5%补) 均价止盈5% 止损离第一笔10% 拿24h,2573,61,0.81,0.91,-7.2,,2366,63,0.94,0.89,-7.2,,2247,64,0.88,0.95,-7.2,
15分钟 持仓背离 补仓F(1:1:1:1:1:1，-1.5%/-3%/-4.5%/-6%/-7.5%补) 均价止盈5% 止损离第一笔10% 拿72h,1567,67,0.86,0.94,-7.2,,1513,70,1.0,0.92,-7.2,,1497,71,0.92,0.98,-7.2,
15分钟 持仓背离 补仓F(1:1:1:1:1:1，-1.5%/-3%/-4.5%/-6%/-7.5%补) 均价止盈5% 止损离第一笔14% 拿24h,2554,61,0.82,0.81,-10.3,,2351,63,0.92,0.87,-10.3,,2225,65,0.89,0.91,-10.3,
15分钟 持仓背离 补仓F(1:1:1:1:1:1，-1.5%/-3%/-4.5%/-6%/-7.5%补) 均价止盈5% 止损离第一笔14% 拿72h,1522,68,0.83,0.88,-10.3,,1466,72,0.99,0.9,-10.3,,1435,72,0.88,0.98,-10.3,
15分钟 持仓背离 补仓F(1:1:1:1:1:1，-1.5%/-3%/-4.5%/-6%/-7.5%补) 均价止盈5% 止损离第一笔18% 拿24h,2545,61,0.8,0.91,-14.4,,2345,63,0.94,0.87,-14.4,,2216,65,0.86,0.93,-14.4,
15分钟 持仓背离 补仓F(1:1:1:1:1:1，-1.5%/-3%/-4.5%/-6%/-7.5%补) 均价止盈5% 止损离第一笔18% 拿72h,1484,69,0.79,0.85,-14.4,,1443,72,0.96,0.9,-14.4,,1392,73,0.86,0.85,-14.4,
15分钟 持仓背离 补仓F(1:1:1:1:1:1，-1.5%/-3%/-4.5%/-6%/-7.5%补) 均价止盈8% 止损离第一笔10% 拿24h,2480,60,0.83,0.88,-7.2,,2228,61,0.95,0.86,-7.2,,2098,62,0.88,0.94,-7.2,
15分钟 持仓背离 补仓F(1:1:1:1:1:1，-1.5%/-3%/-4.5%/-6%/-7.5%补) 均价止盈8% 止损离第一笔10% 拿72h,1330,62,0.89,0.92,-7.2,,1238,63,0.96,0.9,-7.2,,1224,65,0.95,0.98,-7.2,
15分钟 持仓背离 补仓F(1:1:1:1:1:1，-1.5%/-3%/-4.5%/-6%/-7.5%补) 均价止盈8% 止损离第一笔14% 拿24h,2464,61,0.87,0.88,-10.3,,2216,61,0.94,0.89,-10.3,,2077,62,0.88,0.89,-10.3,
15分钟 持仓背离 补仓F(1:1:1:1:1:1，-1.5%/-3%/-4.5%/-6%/-7.5%补) 均价止盈8% 止损离第一笔14% 拿72h,1295,63,0.86,0.89,-10.3,,1192,65,0.92,0.94,-10.3,,1182,66,0.92,0.98,-10.3,
15分钟 持仓背离 补仓F(1:1:1:1:1:1，-1.5%/-3%/-4.5%/-6%/-7.5%补) 均价止盈8% 止损离第一笔18% 拿24h,2456,61,0.85,0.87,-14.4,,2212,61,0.96,0.92,-14.4,,2070,63,0.85,0.92,-14.4,
15分钟 持仓背离 补仓F(1:1:1:1:1:1，-1.5%/-3%/-4.5%/-6%/-7.5%补) 均价止盈8% 止损离第一笔18% 拿72h,1269,63,0.79,0.8,-14.4,,1166,64,0.89,0.88,-14.4,,1147,67,0.9,0.9,-14.4,
15分钟 持仓背离 补仓G(1:1:2:2:4，-2%/-4%/-6%/-8%补) 均价止盈1% 止损离第一笔11% 拿24h,3759,85,0.9,0.9,-6.1,,3668,88,0.67,0.76,-6.1,,3450,90,1.07,0.98,-6.1,
15分钟 持仓背离 补仓G(1:1:2:2:4，-2%/-4%/-6%/-8%补) 均价止盈1% 止损离第一笔11% 拿72h,3373,94,0.97,0.92,-6.1,,3405,95,0.74,0.91,-6.1,,3252,96,0.99,1.01,-6.1,
15分钟 持仓背离 补仓G(1:1:2:2:4，-2%/-4%/-6%/-8%补) 均价止盈1% 止损离第一笔14% 拿24h,3748,85,0.85,0.82,-9.3,,3653,88,0.64,0.72,-9.3,,3441,90,1.04,0.96,-9.3,
15分钟 持仓背离 补仓G(1:1:2:2:4，-2%/-4%/-6%/-8%补) 均价止盈1% 止损离第一笔14% 拿72h,3333,95,0.86,0.96,-9.3,,3344,96,0.72,0.8,-9.3,,3218,97,0.88,0.86,-9.3,
15分钟 持仓背离 补仓G(1:1:2:2:4，-2%/-4%/-6%/-8%补) 均价止盈1% 止损离第一笔18% 拿24h,3747,85,0.84,0.84,-12.1,,3646,88,0.63,0.73,-13.5,,3434,90,1.09,0.93,-13.5,
15分钟 持仓背离 补仓G(1:1:2:2:4，-2%/-4%/-6%/-8%补) 均价止盈1% 止损离第一笔18% 拿72h,3296,95,0.77,0.77,-13.5,,3305,96,0.68,0.77,-13.5,,3184,97,0.85,0.86,-13.5,
15分钟 持仓背离 补仓G(1:1:2:2:4，-2%/-4%/-6%/-8%补) 均价止盈2% 止损离第一笔11% 拿24h,3146,73,0.91,0.93,-6.1,,3038,76,0.81,0.81,-6.1,,2890,80,1.02,1.04,-6.1,
15分钟 持仓背离 补仓G(1:1:2:2:4，-2%/-4%/-6%/-8%补) 均价止盈2% 止损离第一笔11% 拿72h,2539,88,1.01,1.0,-6.1,,2528,89,0.88,0.9,-6.1,,2547,91,1.1,0.98,-6.1,✔
15分钟 持仓背离 补仓G(1:1:2:2:4，-2%/-4%/-6%/-8%补) 均价止盈2% 止损离第一笔14% 拿24h,3134,73,0.85,0.92,-9.3,,3018,77,0.79,0.81,-9.3,,2883,80,1.03,0.99,-9.3,
15分钟 持仓背离 补仓G(1:1:2:2:4，-2%/-4%/-6%/-8%补) 均价止盈2% 止损离第一笔14% 拿72h,2497,88,0.91,0.83,-9.3,,2460,90,0.87,0.88,-9.3,,2506,92,1.08,1.02,-9.3,
15分钟 持仓背离 补仓G(1:1:2:2:4，-2%/-4%/-6%/-8%补) 均价止盈2% 止损离第一笔18% 拿24h,3126,73,0.87,0.84,-12.1,,3008,77,0.8,0.79,-13.5,,2873,80,1.05,1.0,-13.5,
15分钟 持仓背离 补仓G(1:1:2:2:4，-2%/-4%/-6%/-8%补) 均价止盈2% 止损离第一笔18% 拿72h,2452,89,0.9,0.81,-13.5,,2404,90,0.86,0.93,-13.5,,2457,93,1.05,0.94,-13.5,
15分钟 持仓背离 补仓G(1:1:2:2:4，-2%/-4%/-6%/-8%补) 均价止盈3% 止损离第一笔11% 拿24h,2827,66,0.85,0.88,-6.1,,2695,69,0.84,0.84,-6.1,,2567,73,1.02,0.87,-6.1,
15分钟 持仓背离 补仓G(1:1:2:2:4，-2%/-4%/-6%/-8%补) 均价止盈3% 止损离第一笔11% 拿72h,2026,80,0.92,0.88,-6.1,,2032,82,0.89,0.87,-6.1,,2069,85,1.11,0.97,-6.1,
15分钟 持仓背离 补仓G(1:1:2:2:4，-2%/-4%/-6%/-8%补) 均价止盈3% 止损离第一笔14% 拿24h,2816,67,0.82,0.92,-9.3,,2682,69,0.81,0.88,-9.3,,2552,73,1.01,0.96,-9.3,
15分钟 持仓背离 补仓G(1:1:2:2:4，-2%/-4%/-6%/-8%补) 均价止盈3% 止损离第一笔14% 拿72h,1997,81,0.87,0.86,-9.3,,1986,83,0.89,0.88,-9.3,,2016,87,1.16,0.9,-9.3,✔
15分钟 持仓背离 补仓G(1:1:2:2:4，-2%/-4%/-6%/-8%补) 均价止盈3% 止损离第一笔18% 拿24h,2808,67,0.79,0.84,-13.5,,2674,69,0.84,0.92,-13.5,,2541,73,1.01,0.92,-13.5,
15分钟 持仓背离 补仓G(1:1:2:2:4，-2%/-4%/-6%/-8%补) 均价止盈3% 止损离第一笔18% 拿72h,1948,82,0.8,0.85,-13.5,,1937,84,0.86,0.83,-13.5,,1965,87,1.15,0.98,-13.5,✔
15分钟 持仓背离 补仓G(1:1:2:2:4，-2%/-4%/-6%/-8%补) 均价止盈5% 止损离第一笔11% 拿24h,2569,61,0.79,0.85,-6.1,,2364,62,0.92,0.85,-6.1,,2239,65,0.9,0.96,-6.1,
15分钟 持仓背离 补仓G(1:1:2:2:4，-2%/-4%/-6%/-8%补) 均价止盈5% 止损离第一笔11% 拿72h,1556,68,0.8,0.84,-6.1,,1509,72,0.95,0.84,-6.1,,1495,73,0.88,1.01,-6.1,
15分钟 持仓背离 补仓G(1:1:2:2:4，-2%/-4%/-6%/-8%补) 均价止盈5% 止损离第一笔14% 拿24h,2546,61,0.79,0.84,-9.3,,2354,63,0.89,0.8,-9.3,,2226,66,0.91,1.0,-9.3,
15分钟 持仓背离 补仓G(1:1:2:2:4，-2%/-4%/-6%/-8%补) 均价止盈5% 止损离第一笔14% 拿72h,1518,69,0.75,0.91,-9.3,,1473,74,0.9,0.88,-9.3,,1442,75,0.88,0.93,-9.3,
15分钟 持仓背离 补仓G(1:1:2:2:4，-2%/-4%/-6%/-8%补) 均价止盈5% 止损离第一笔18% 拿24h,2537,61,0.78,0.87,-13.5,,2347,63,0.92,0.96,-13.5,,2217,66,0.89,0.88,-13.5,
15分钟 持仓背离 补仓G(1:1:2:2:4，-2%/-4%/-6%/-8%补) 均价止盈5% 止损离第一笔18% 拿72h,1481,70,0.68,0.75,-13.5,,1452,75,0.89,0.93,-13.5,,1404,76,0.86,1.04,-13.5,
15分钟 持仓背离 补仓G(1:1:2:2:4，-2%/-4%/-6%/-8%补) 均价止盈8% 止损离第一笔11% 拿24h,2475,59,0.8,0.83,-6.1,,2225,61,0.94,0.9,-6.1,,2091,62,0.83,0.98,-6.1,
15分钟 持仓背离 补仓G(1:1:2:2:4，-2%/-4%/-6%/-8%补) 均价止盈8% 止损离第一笔11% 拿72h,1323,63,0.82,0.84,-6.1,,1227,67,0.95,0.89,-6.1,,1222,67,0.87,0.99,-6.1,
15分钟 持仓背离 补仓G(1:1:2:2:4，-2%/-4%/-6%/-8%补) 均价止盈8% 止损离第一笔14% 拿24h,2458,60,0.82,0.87,-9.3,,2216,61,0.92,0.85,-9.3,,2077,63,0.83,0.98,-9.3,
15分钟 持仓背离 补仓G(1:1:2:2:4，-2%/-4%/-6%/-8%补) 均价止盈8% 止损离第一笔14% 拿72h,1293,64,0.79,0.92,-9.3,,1194,68,0.9,0.9,-9.3,,1190,69,0.85,0.94,-9.3,
15分钟 持仓背离 补仓G(1:1:2:2:4，-2%/-4%/-6%/-8%补) 均价止盈8% 止损离第一笔18% 拿24h,2452,60,0.78,0.82,-13.5,,2211,61,0.96,0.86,-13.5,,2070,63,0.83,0.87,-13.5,
15分钟 持仓背离 补仓G(1:1:2:2:4，-2%/-4%/-6%/-8%补) 均价止盈8% 止损离第一笔18% 拿72h,1271,65,0.7,0.8,-13.5,,1169,68,0.89,0.89,-13.5,,1155,70,0.84,0.91,-13.5,
15分钟 持仓背离 补仓H(1:1:1:1:1:1:1:1，-1%/-2%/-3%/-4%/-5%/-6%/-7%补) 均价止盈1% 止损离第一笔10% 拿24h,3841,86,0.85,0.87,-6.9,,3763,89,0.72,0.8,-6.9,,3566,91,1.01,0.93,-6.9,
15分钟 持仓背离 补仓H(1:1:1:1:1:1:1:1，-1%/-2%/-3%/-4%/-5%/-6%/-7%补) 均价止盈1% 止损离第一笔10% 拿72h,3492,94,0.89,0.87,-6.9,,3483,95,0.77,0.81,-6.9,,3367,96,1.0,1.01,-6.9,
15分钟 持仓背离 补仓H(1:1:1:1:1:1:1:1，-1%/-2%/-3%/-4%/-5%/-6%/-7%补) 均价止盈1% 止损离第一笔13% 拿24h,3829,86,0.82,0.78,-10.0,,3739,89,0.68,0.72,-10.0,,3543,91,0.97,0.95,-10.0,
15分钟 持仓背离 补仓H(1:1:1:1:1:1:1:1，-1%/-2%/-3%/-4%/-5%/-6%/-7%补) 均价止盈1% 止损离第一笔13% 拿72h,3443,94,0.84,0.84,-10.0,,3395,95,0.78,0.83,-10.0,,3297,96,0.91,0.99,-10.0,
15分钟 持仓背离 补仓H(1:1:1:1:1:1:1:1，-1%/-2%/-3%/-4%/-5%/-6%/-7%补) 均价止盈1% 止损离第一笔17% 拿24h,3825,86,0.81,0.82,-13.2,,3728,89,0.67,0.75,-14.1,,3533,91,1.02,0.92,-14.1,
15分钟 持仓背离 补仓H(1:1:1:1:1:1:1:1，-1%/-2%/-3%/-4%/-5%/-6%/-7%补) 均价止盈1% 止损离第一笔17% 拿72h,3394,94,0.81,0.76,-14.1,,3329,95,0.71,0.78,-14.1,,3255,96,0.89,0.93,-14.1,
15分钟 持仓背离 补仓H(1:1:1:1:1:1:1:1，-1%/-2%/-3%/-4%/-5%/-6%/-7%补) 均价止盈2% 止损离第一笔10% 拿24h,3183,75,0.88,0.87,-6.9,,3114,79,0.93,0.89,-6.9,,2941,80,1.01,0.9,-6.9,
15分钟 持仓背离 补仓H(1:1:1:1:1:1:1:1，-1%/-2%/-3%/-4%/-5%/-6%/-7%补) 均价止盈2% 止损离第一笔10% 拿72h,2592,86,0.99,0.89,-6.9,,2623,88,0.96,0.86,-6.9,,2586,89,1.06,1.01,-6.9,
15分钟 持仓背离 补仓H(1:1:1:1:1:1:1:1，-1%/-2%/-3%/-4%/-5%/-6%/-7%补) 均价止盈2% 止损离第一笔13% 拿24h,3166,75,0.86,0.87,-10.0,,3089,79,0.88,0.82,-10.0,,2918,81,1.01,0.91,-10.0,
15分钟 持仓背离 补仓H(1:1:1:1:1:1:1:1，-1%/-2%/-3%/-4%/-5%/-6%/-7%补) 均价止盈2% 止损离第一笔13% 拿72h,2537,87,0.9,0.91,-10.0,,2531,89,0.95,0.86,-10.0,,2500,90,1.09,0.97,-10.0,
15分钟 持仓背离 补仓H(1:1:1:1:1:1:1:1，-1%/-2%/-3%/-4%/-5%/-6%/-7%补) 均价止盈2% 止损离第一笔17% 拿24h,3155,75,0.84,0.83,-13.2,,3074,79,0.88,0.88,-14.1,,2906,81,1.02,0.99,-14.1,
15分钟 持仓背离 补仓H(1:1:1:1:1:1:1:1，-1%/-2%/-3%/-4%/-5%/-6%/-7%补) 均价止盈2% 止损离第一笔17% 拿72h,2480,88,0.89,0.84,-14.1,,2459,89,0.92,0.94,-14.1,,2431,91,1.0,0.94,-14.1,
15分钟 持仓背离 补仓H(1:1:1:1:1:1:1:1，-1%/-2%/-3%/-4%/-5%/-6%/-7%补) 均价止盈3% 止损离第一笔10% 拿24h,2875,69,0.87,0.9,-6.9,,2736,71,0.95,0.89,-6.9,,2597,73,0.99,0.87,-6.9,
15分钟 持仓背离 补仓H(1:1:1:1:1:1:1:1，-1%/-2%/-3%/-4%/-5%/-6%/-7%补) 均价止盈3% 止损离第一笔10% 拿72h,2086,79,0.95,0.88,-6.9,,2063,80,0.94,0.88,-6.9,,2095,82,1.08,0.99,-6.9,
15分钟 持仓背离 补仓H(1:1:1:1:1:1:1:1，-1%/-2%/-3%/-4%/-5%/-6%/-7%补) 均价止盈3% 止损离第一笔13% 拿24h,2858,69,0.87,0.91,-10.0,,2717,71,0.9,0.86,-10.0,,2571,73,1.0,0.92,-10.0,
15分钟 持仓背离 补仓H(1:1:1:1:1:1:1:1，-1%/-2%/-3%/-4%/-5%/-6%/-7%补) 均价止盈3% 止损离第一笔13% 拿72h,2036,80,0.9,0.91,-10.0,,1997,82,0.97,0.91,-10.0,,2002,84,1.08,0.97,-10.0,
15分钟 持仓背离 补仓H(1:1:1:1:1:1:1:1，-1%/-2%/-3%/-4%/-5%/-6%/-7%补) 均价止盈3% 止损离第一笔17% 拿24h,2847,69,0.83,0.9,-14.1,,2705,71,0.92,0.85,-14.1,,2559,74,0.97,0.96,-14.1,
15分钟 持仓背离 补仓H(1:1:1:1:1:1:1:1，-1%/-2%/-3%/-4%/-5%/-6%/-7%补) 均价止盈3% 止损离第一笔17% 拿72h,1985,80,0.84,0.84,-14.1,,1946,82,0.96,0.83,-14.1,,1946,84,1.03,0.91,-14.1,
15分钟 持仓背离 补仓H(1:1:1:1:1:1:1:1，-1%/-2%/-3%/-4%/-5%/-6%/-7%补) 均价止盈5% 止损离第一笔10% 拿24h,2589,63,0.81,0.87,-6.9,,2375,64,0.97,0.89,-6.9,,2259,65,0.86,0.94,-6.9,
15分钟 持仓背离 补仓H(1:1:1:1:1:1:1:1，-1%/-2%/-3%/-4%/-5%/-6%/-7%补) 均价止盈5% 止损离第一笔10% 拿72h,1595,68,0.87,0.93,-6.9,,1537,70,1.01,0.86,-6.9,,1518,70,0.91,0.97,-6.9,
15分钟 持仓背离 补仓H(1:1:1:1:1:1:1:1，-1%/-2%/-3%/-4%/-5%/-6%/-7%补) 均价止盈5% 止损离第一笔13% 拿24h,2567,64,0.83,0.87,-10.0,,2361,64,0.93,0.93,-10.0,,2234,66,0.89,0.94,-10.0,
15分钟 持仓背离 补仓H(1:1:1:1:1:1:1:1，-1%/-2%/-3%/-4%/-5%/-6%/-7%补) 均价止盈5% 止损离第一笔13% 拿72h,1541,69,0.84,0.85,-10.0,,1489,71,0.98,0.86,-10.0,,1455,72,0.89,0.98,-10.0,
15分钟 持仓背离 补仓H(1:1:1:1:1:1:1:1，-1%/-2%/-3%/-4%/-5%/-6%/-7%补) 均价止盈5% 止损离第一笔17% 拿24h,2555,64,0.8,0.91,-14.1,,2351,64,0.95,0.86,-14.1,,2224,66,0.86,0.9,-14.1,
15分钟 持仓背离 补仓H(1:1:1:1:1:1:1:1，-1%/-2%/-3%/-4%/-5%/-6%/-7%补) 均价止盈5% 止损离第一笔17% 拿72h,1503,69,0.8,0.84,-14.1,,1455,72,0.96,0.88,-14.1,,1409,72,0.85,0.95,-14.1,
15分钟 持仓背离 补仓H(1:1:1:1:1:1:1:1，-1%/-2%/-3%/-4%/-5%/-6%/-7%补) 均价止盈8% 止损离第一笔10% 拿24h,2483,62,0.8,0.94,-6.9,,2233,62,0.99,0.84,-6.9,,2105,63,0.86,0.9,-6.9,
15分钟 持仓背离 补仓H(1:1:1:1:1:1:1:1，-1%/-2%/-3%/-4%/-5%/-6%/-7%补) 均价止盈8% 止损离第一笔10% 拿72h,1340,62,0.9,0.89,-6.9,,1258,64,0.96,0.9,-6.9,,1249,64,0.94,1.0,-6.9,
15分钟 持仓背离 补仓H(1:1:1:1:1:1:1:1，-1%/-2%/-3%/-4%/-5%/-6%/-7%补) 均价止盈8% 止损离第一笔13% 拿24h,2467,63,0.84,0.85,-10.0,,2222,62,0.94,0.88,-10.0,,2080,64,0.88,0.81,-10.0,
15分钟 持仓背离 补仓H(1:1:1:1:1:1:1:1，-1%/-2%/-3%/-4%/-5%/-6%/-7%补) 均价止盈8% 止损离第一笔13% 拿72h,1302,64,0.88,0.92,-10.0,,1204,65,0.9,0.91,-10.0,,1192,65,0.9,0.96,-10.0,
15分钟 持仓背离 补仓H(1:1:1:1:1:1:1:1，-1%/-2%/-3%/-4%/-5%/-6%/-7%补) 均价止盈8% 止损离第一笔17% 拿24h,2455,63,0.82,0.87,-14.1,,2213,63,0.98,0.88,-14.1,,2073,64,0.85,0.9,-14.1,
15分钟 持仓背离 补仓H(1:1:1:1:1:1:1:1，-1%/-2%/-3%/-4%/-5%/-6%/-7%补) 均价止盈8% 止损离第一笔17% 拿72h,1276,64,0.78,0.82,-14.1,,1177,65,0.88,0.83,-14.1,,1157,66,0.86,0.92,-14.1,
15分钟 持仓背离 补仓I(1:1:1:2:2:3，-2%/-4%/-6%/-9%/-12%补) 均价止盈1% 止损离第一笔15% 拿24h,3726,84,0.91,0.8,-7.4,,3647,87,0.69,0.7,-8.6,,3421,90,1.12,0.88,-8.6,✔
15分钟 持仓背离 补仓I(1:1:1:2:2:3，-2%/-4%/-6%/-9%/-12%补) 均价止盈1% 止损离第一笔15% 拿72h,3268,94,0.83,0.78,-8.6,,3273,95,0.75,0.8,-8.6,,3160,97,1.07,1.04,-8.6,
15分钟 持仓背离 补仓I(1:1:1:2:2:3，-2%/-4%/-6%/-9%/-12%补) 均价止盈1% 止损离第一笔18% 拿24h,3726,84,0.91,0.77,-10.2,,3642,87,0.7,0.73,-11.8,,3419,90,1.12,0.89,-11.8,✔
15分钟 持仓背离 补仓I(1:1:1:2:2:3，-2%/-4%/-6%/-9%/-12%补) 均价止盈1% 止损离第一笔18% 拿72h,3240,94,0.78,0.77,-11.8,,3250,96,0.72,0.71,-11.8,,3141,97,1.01,0.92,-11.8,
15分钟 持仓背离 补仓I(1:1:1:2:2:3，-2%/-4%/-6%/-9%/-12%补) 均价止盈1% 止损离第一笔22% 拿24h,3725,84,0.89,0.9,-14.0,,3639,87,0.72,0.68,-16.1,,3417,90,1.11,0.87,-16.1,
15分钟 持仓背离 补仓I(1:1:1:2:2:3，-2%/-4%/-6%/-9%/-12%补) 均价止盈1% 止损离第一笔22% 拿72h,3221,94,0.72,0.78,-16.1,,3222,96,0.76,0.74,-16.1,,3129,97,0.96,0.81,-16.1,
15分钟 持仓背离 补仓I(1:1:1:2:2:3，-2%/-4%/-6%/-9%/-12%补) 均价止盈2% 止损离第一笔15% 拿24h,3108,72,0.86,0.83,-8.6,,3009,76,0.81,0.74,-8.6,,2864,79,1.06,0.97,-8.6,
15分钟 持仓背离 补仓I(1:1:1:2:2:3，-2%/-4%/-6%/-9%/-12%补) 均价止盈2% 止损离第一笔15% 拿72h,2437,87,0.88,0.79,-8.6,,2416,89,0.87,0.86,-8.6,,2439,92,1.13,0.94,-8.6,✔
15分钟 持仓背离 补仓I(1:1:1:2:2:3，-2%/-4%/-6%/-9%/-12%补) 均价止盈2% 止损离第一笔18% 拿24h,3106,72,0.84,0.9,-10.2,,3004,76,0.84,0.84,-11.8,,2859,79,1.03,0.99,-11.8,
15分钟 持仓背离 补仓I(1:1:1:2:2:3，-2%/-4%/-6%/-9%/-12%补) 均价止盈2% 止损离第一笔18% 拿72h,2408,87,0.85,0.78,-11.8,,2392,89,0.87,0.82,-11.8,,2411,92,1.07,0.91,-11.8,
15分钟 持仓背离 补仓I(1:1:1:2:2:3，-2%/-4%/-6%/-9%/-12%补) 均价止盈2% 止损离第一笔22% 拿24h,3103,72,0.85,0.89,-14.0,,3001,76,0.83,0.74,-16.1,,2853,79,1.0,0.88,-16.1,
15分钟 持仓背离 补仓I(1:1:1:2:2:3，-2%/-4%/-6%/-9%/-12%补) 均价止盈2% 止损离第一笔22% 拿72h,2379,88,0.82,0.76,-16.1,,2369,89,0.87,0.82,-16.1,,2386,92,0.99,0.82,-16.1,
15分钟 持仓背离 补仓I(1:1:1:2:2:3，-2%/-4%/-6%/-9%/-12%补) 均价止盈3% 止损离第一笔15% 拿24h,2807,65,0.8,0.86,-8.6,,2666,68,0.82,0.81,-8.6,,2539,72,0.98,0.97,-8.6,
15分钟 持仓背离 补仓I(1:1:1:2:2:3，-2%/-4%/-6%/-9%/-12%补) 均价止盈3% 止损离第一笔15% 拿72h,1957,80,0.81,0.76,-8.6,,1931,82,0.84,0.89,-8.6,,1953,85,1.11,0.95,-8.6,✔
15分钟 持仓背离 补仓I(1:1:1:2:2:3，-2%/-4%/-6%/-9%/-12%补) 均价止盈3% 止损离第一笔18% 拿24h,2804,65,0.77,0.89,-11.8,,2663,68,0.88,0.83,-11.8,,2533,72,1.0,1.03,-11.8,
15分钟 持仓背离 补仓I(1:1:1:2:2:3，-2%/-4%/-6%/-9%/-12%补) 均价止盈3% 止损离第一笔18% 拿72h,1926,80,0.77,0.81,-11.8,,1899,82,0.86,0.87,-11.8,,1924,86,1.12,1.01,-11.8,✔
15分钟 持仓背离 补仓I(1:1:1:2:2:3，-2%/-4%/-6%/-9%/-12%补) 均价止盈3% 止损离第一笔22% 拿24h,2799,65,0.81,0.88,-14.0,,2660,68,0.86,0.81,-16.1,,2528,72,0.96,0.92,-16.1,
15分钟 持仓背离 补仓I(1:1:1:2:2:3，-2%/-4%/-6%/-9%/-12%补) 均价止盈3% 止损离第一笔22% 拿72h,1899,80,0.78,0.71,-16.1,,1877,82,0.84,0.85,-16.1,,1897,86,1.07,0.87,-16.1,
15分钟 持仓背离 补仓I(1:1:1:2:2:3，-2%/-4%/-6%/-9%/-12%补) 均价止盈5% 止损离第一笔15% 拿24h,2543,60,0.81,0.87,-8.6,,2345,61,0.89,0.91,-8.6,,2220,64,0.84,0.98,-8.6,
15分钟 持仓背离 补仓I(1:1:1:2:2:3，-2%/-4%/-6%/-9%/-12%补) 均价止盈5% 止损离第一笔15% 拿72h,1497,68,0.77,0.83,-8.6,,1460,73,0.95,0.87,-8.6,,1418,74,0.85,0.93,-8.6,
15分钟 持仓背离 补仓I(1:1:1:2:2:3，-2%/-4%/-6%/-9%/-12%补) 均价止盈5% 止损离第一笔18% 拿24h,2540,60,0.81,0.85,-11.8,,2342,61,0.93,0.87,-11.8,,2215,64,0.86,0.96,-11.8,
15分钟 持仓背离 补仓I(1:1:1:2:2:3，-2%/-4%/-6%/-9%/-12%补) 均价止盈5% 止损离第一笔18% 拿72h,1479,69,0.71,0.84,-11.8,,1445,73,0.88,0.86,-11.8,,1392,74,0.85,0.91,-11.8,
15分钟 持仓背离 补仓I(1:1:1:2:2:3，-2%/-4%/-6%/-9%/-12%补) 均价止盈5% 止损离第一笔22% 拿24h,2537,60,0.84,0.89,-14.0,,2339,61,0.9,0.83,-16.1,,2208,64,0.8,0.91,-16.1,
15分钟 持仓背离 补仓I(1:1:1:2:2:3，-2%/-4%/-6%/-9%/-12%补) 均价止盈5% 止损离第一笔22% 拿72h,1466,69,0.71,0.83,-16.1,,1428,73,0.85,0.81,-16.1,,1367,75,0.82,0.92,-16.1,
15分钟 持仓背离 补仓I(1:1:1:2:2:3，-2%/-4%/-6%/-9%/-12%补) 均价止盈8% 止损离第一笔15% 拿24h,2455,59,0.84,0.83,-8.6,,2214,59,0.93,0.9,-8.6,,2074,62,0.84,0.99,-8.6,
15分钟 持仓背离 补仓I(1:1:1:2:2:3，-2%/-4%/-6%/-9%/-12%补) 均价止盈8% 止损离第一笔15% 拿72h,1282,63,0.77,0.88,-8.6,,1182,67,0.9,0.91,-8.6,,1173,68,0.86,0.92,-8.6,
15分钟 持仓背离 补仓I(1:1:1:2:2:3，-2%/-4%/-6%/-9%/-12%补) 均价止盈8% 止损离第一笔18% 拿24h,2452,59,0.82,0.86,-11.8,,2210,60,0.99,0.82,-11.8,,2070,62,0.86,0.88,-11.8,
15分钟 持仓背离 补仓I(1:1:1:2:2:3，-2%/-4%/-6%/-9%/-12%补) 均价止盈8% 止损离第一笔18% 拿72h,1268,64,0.72,0.78,-11.8,,1166,67,0.86,0.89,-11.8,,1149,69,0.84,0.92,-11.8,
15分钟 持仓背离 补仓I(1:1:1:2:2:3，-2%/-4%/-6%/-9%/-12%补) 均价止盈8% 止损离第一笔22% 拿24h,2449,59,0.85,0.86,-14.0,,2207,60,0.96,0.88,-16.1,,2063,62,0.8,0.9,-16.1,
15分钟 持仓背离 补仓I(1:1:1:2:2:3，-2%/-4%/-6%/-9%/-12%补) 均价止盈8% 止损离第一笔22% 拿72h,1254,64,0.69,0.75,-16.1,,1156,67,0.85,0.89,-16.1,,1130,69,0.86,0.91,-16.1,
15分钟 多空比极端 补仓E(1:1:1:1:1，-2%/-4%/-6%/-8%补) 均价止盈1% 止损离第一笔11% 拿24h,1829,83,0.8,0.86,-7.5,,1450,88,1.09,0.76,-7.5,,1790,87,0.84,0.89,-7.5,
15分钟 多空比极端 补仓E(1:1:1:1:1，-2%/-4%/-6%/-8%补) 均价止盈1% 止损离第一笔11% 拿72h,1672,92,0.86,0.82,-7.5,,1382,95,1.22,0.79,-7.5,,1688,94,0.81,0.96,-7.5,
15分钟 多空比极端 补仓E(1:1:1:1:1，-2%/-4%/-6%/-8%补) 均价止盈1% 止损离第一笔14% 拿24h,1815,83,0.76,0.8,-10.6,,1447,88,1.07,0.77,-10.6,,1775,87,0.78,0.86,-10.6,
15分钟 多空比极端 补仓E(1:1:1:1:1，-2%/-4%/-6%/-8%补) 均价止盈1% 止损离第一笔14% 拿72h,1654,93,0.75,0.84,-10.6,,1370,95,1.13,0.72,-10.6,,1652,94,0.77,0.99,-10.6,
15分钟 多空比极端 补仓E(1:1:1:1:1，-2%/-4%/-6%/-8%补) 均价止盈1% 止损离第一笔18% 拿24h,1806,83,0.75,0.85,-13.6,,1444,88,1.0,0.68,-14.7,,1762,87,0.73,0.88,-14.7,
15分钟 多空比极端 补仓E(1:1:1:1:1，-2%/-4%/-6%/-8%补) 均价止盈1% 止损离第一笔18% 拿72h,1634,93,0.71,0.79,-14.7,,1353,95,1.02,0.84,-14.7,,1623,94,0.7,0.97,-14.7,
15分钟 多空比极端 补仓E(1:1:1:1:1，-2%/-4%/-6%/-8%补) 均价止盈2% 止损离第一笔11% 拿24h,1532,69,0.78,0.86,-7.5,,1238,75,1.11,0.86,-7.5,,1454,75,0.84,0.92,-7.5,
15分钟 多空比极端 补仓E(1:1:1:1:1，-2%/-4%/-6%/-8%补) 均价止盈2% 止损离第一笔11% 拿72h,1284,81,0.85,0.89,-7.5,,1105,87,1.15,0.86,-7.5,,1290,86,0.94,0.93,-7.5,
15分钟 多空比极端 补仓E(1:1:1:1:1，-2%/-4%/-6%/-8%补) 均价止盈2% 止损离第一笔14% 拿24h,1512,69,0.76,0.83,-10.6,,1231,75,1.21,0.82,-10.6,✔,1438,75,0.78,0.99,-10.6,
15分钟 多空比极端 补仓E(1:1:1:1:1，-2%/-4%/-6%/-8%补) 均价止盈2% 止损离第一笔14% 拿72h,1255,82,0.84,0.86,-10.6,,1086,88,1.29,0.83,-10.6,✔,1249,87,0.86,0.9,-10.6,
15分钟 多空比极端 补仓E(1:1:1:1:1，-2%/-4%/-6%/-8%补) 均价止盈2% 止损离第一笔18% 拿24h,1494,69,0.77,0.76,-13.6,,1227,75,1.16,0.79,-14.7,✔,1423,75,0.71,0.93,-14.7,
15分钟 多空比极端 补仓E(1:1:1:1:1，-2%/-4%/-6%/-8%补) 均价止盈2% 止损离第一笔18% 拿72h,1214,82,0.81,0.83,-14.7,,1074,88,1.27,0.82,-14.7,✔,1212,87,0.78,0.91,-14.7,
15分钟 多空比极端 补仓E(1:1:1:1:1，-2%/-4%/-6%/-8%补) 均价止盈3% 止损离第一笔11% 拿24h,1409,62,0.79,0.89,-7.5,,1168,68,1.11,0.85,-7.5,,1322,68,0.91,0.91,-7.5,
15分钟 多空比极端 补仓E(1:1:1:1:1，-2%/-4%/-6%/-8%补) 均价止盈3% 止损离第一笔11% 拿72h,1098,71,0.82,0.86,-7.5,,995,80,1.11,0.82,-7.5,,1105,79,0.93,0.91,-7.5,
15分钟 多空比极端 补仓E(1:1:1:1:1，-2%/-4%/-6%/-8%补) 均价止盈3% 止损离第一笔14% 拿24h,1393,63,0.81,0.84,-10.6,,1160,68,1.21,0.91,-10.6,✔,1304,68,0.83,0.93,-10.6,
15分钟 多空比极端 补仓E(1:1:1:1:1，-2%/-4%/-6%/-8%补) 均价止盈3% 止损离第一笔14% 拿72h,1073,73,0.82,0.86,-10.6,,975,81,1.22,0.85,-10.6,✔,1067,80,0.88,0.93,-10.6,
15分钟 多空比极端 补仓E(1:1:1:1:1，-2%/-4%/-6%/-8%补) 均价止盈3% 止损离第一笔18% 拿24h,1380,62,0.8,0.82,-13.6,,1156,68,1.2,0.92,-14.7,✔,1289,68,0.75,0.89,-14.7,
15分钟 多空比极端 补仓E(1:1:1:1:1，-2%/-4%/-6%/-8%补) 均价止盈3% 止损离第一笔18% 拿72h,1038,73,0.78,0.81,-14.7,,957,82,1.3,0.8,-14.7,✔,1037,80,0.79,0.9,-14.7,
15分钟 多空比极端 补仓E(1:1:1:1:1，-2%/-4%/-6%/-8%补) 均价止盈5% 止损离第一笔11% 拿24h,1334,57,0.74,0.91,-7.5,,1091,62,1.24,0.82,-7.5,,1216,62,0.9,0.9,-7.5,
15分钟 多空比极端 补仓E(1:1:1:1:1，-2%/-4%/-6%/-8%补) 均价止盈5% 止损离第一笔11% 拿72h,958,62,0.81,0.93,-7.5,,845,70,1.12,0.81,-7.5,,928,67,0.9,0.91,-7.5,
15分钟 多空比极端 补仓E(1:1:1:1:1，-2%/-4%/-6%/-8%补) 均价止盈5% 止损离第一笔14% 拿24h,1319,57,0.75,0.86,-10.6,,1082,62,1.32,0.84,-10.6,✔,1200,62,0.87,0.9,-10.6,
15分钟 多空比极端 补仓E(1:1:1:1:1，-2%/-4%/-6%/-8%补) 均价止盈5% 止损离第一笔14% 拿72h,930,63,0.8,0.91,-10.6,,826,71,1.18,0.83,-10.6,✔,890,68,0.83,0.91,-10.6,
15分钟 多空比极端 补仓E(1:1:1:1:1，-2%/-4%/-6%/-8%补) 均价止盈5% 止损离第一笔18% 拿24h,1310,57,0.74,0.82,-13.6,,1079,62,1.3,0.8,-14.7,✔,1187,62,0.81,0.93,-14.7,
15分钟 多空比极端 补仓E(1:1:1:1:1，-2%/-4%/-6%/-8%补) 均价止盈5% 止损离第一笔18% 拿72h,905,63,0.75,0.84,-14.7,,809,72,1.24,0.79,-14.7,✔,861,68,0.77,0.93,-14.7,
15分钟 多空比极端 补仓E(1:1:1:1:1，-2%/-4%/-6%/-8%补) 均价止盈8% 止损离第一笔11% 拿24h,1306,56,0.8,0.86,-7.5,,1054,60,1.27,0.81,-7.5,,1176,58,0.92,0.96,-7.5,
15分钟 多空比极端 补仓E(1:1:1:1:1，-2%/-4%/-6%/-8%补) 均价止盈8% 止损离第一笔11% 拿72h,885,57,0.85,0.93,-7.5,,760,64,1.12,0.86,-7.5,✔,840,60,0.96,1.0,-7.5,
15分钟 多空比极端 补仓E(1:1:1:1:1，-2%/-4%/-6%/-8%补) 均价止盈8% 止损离第一笔14% 拿24h,1294,56,0.81,0.87,-10.6,,1045,61,1.36,0.88,-10.6,✔,1159,59,0.88,0.92,-10.6,
15分钟 多空比极端 补仓E(1:1:1:1:1，-2%/-4%/-6%/-8%补) 均价止盈8% 止损离第一笔14% 拿72h,860,58,0.79,0.83,-10.6,,743,66,1.22,0.8,-10.6,✔,809,61,0.87,0.97,-10.6,
15分钟 多空比极端 补仓E(1:1:1:1:1，-2%/-4%/-6%/-8%补) 均价止盈8% 止损离第一笔18% 拿24h,1288,56,0.81,0.87,-13.6,,1042,61,1.35,0.92,-14.7,✔,1145,59,0.83,0.93,-14.7,
15分钟 多空比极端 补仓E(1:1:1:1:1，-2%/-4%/-6%/-8%补) 均价止盈8% 止损离第一笔18% 拿72h,843,58,0.75,0.71,-14.7,,732,66,1.25,0.86,-14.7,✔,784,61,0.82,0.94,-14.7,
15分钟 多空比极端 补仓F(1:1:1:1:1:1，-1.5%/-3%/-4.5%/-6%/-7.5%补) 均价止盈1% 止损离第一笔10% 拿24h,1859,85,0.8,0.77,-7.2,,1455,88,1.0,0.69,-7.2,,1812,88,0.81,0.99,-7.2,
15分钟 多空比极端 补仓F(1:1:1:1:1:1，-1.5%/-3%/-4.5%/-6%/-7.5%补) 均价止盈1% 止损离第一笔10% 拿72h,1715,93,0.86,0.9,-7.2,,1393,95,1.14,0.82,-7.2,,1723,94,0.85,0.92,-7.2,
15分钟 多空比极端 补仓F(1:1:1:1:1:1，-1.5%/-3%/-4.5%/-6%/-7.5%补) 均价止盈1% 止损离第一笔14% 拿24h,1844,85,0.81,0.85,-10.3,,1452,88,1.02,0.74,-10.3,,1792,88,0.73,0.93,-10.3,
15分钟 多空比极端 补仓F(1:1:1:1:1:1，-1.5%/-3%/-4.5%/-6%/-7.5%补) 均价止盈1% 止损离第一笔14% 拿72h,1691,94,0.78,0.88,-10.3,,1380,95,1.18,0.78,-10.3,,1688,95,0.75,0.95,-10.3,
15分钟 多空比极端 补仓F(1:1:1:1:1:1，-1.5%/-3%/-4.5%/-6%/-7.5%补) 均价止盈1% 止损离第一笔18% 拿24h,1835,85,0.78,0.89,-13.4,,1449,88,0.95,0.75,-14.4,,1777,88,0.66,0.89,-14.4,
15分钟 多空比极端 补仓F(1:1:1:1:1:1，-1.5%/-3%/-4.5%/-6%/-7.5%补) 均价止盈1% 止损离第一笔18% 拿72h,1671,94,0.72,0.81,-14.4,,1371,95,1.08,0.78,-14.4,,1651,95,0.67,0.91,-14.4,
15分钟 多空比极端 补仓F(1:1:1:1:1:1，-1.5%/-3%/-4.5%/-6%/-7.5%补) 均价止盈2% 止损离第一笔10% 拿24h,1548,72,0.8,0.89,-7.2,,1248,76,1.1,0.8,-7.2,,1470,76,0.87,0.87,-7.2,
15分钟 多空比极端 补仓F(1:1:1:1:1:1，-1.5%/-3%/-4.5%/-6%/-7.5%补) 均价止盈2% 止损离第一笔10% 拿72h,1320,82,0.89,0.86,-7.2,,1129,88,1.13,0.84,-7.2,,1305,87,0.96,0.96,-7.2,
15分钟 多空比极端 补仓F(1:1:1:1:1:1，-1.5%/-3%/-4.5%/-6%/-7.5%补) 均价止盈2% 止损离第一笔14% 拿24h,1524,72,0.79,0.86,-10.3,,1236,77,1.24,0.79,-10.3,✔,1454,76,0.8,0.95,-10.3,
15分钟 多空比极端 补仓F(1:1:1:1:1:1，-1.5%/-3%/-4.5%/-6%/-7.5%补) 均价止盈2% 止损离第一笔14% 拿72h,1283,83,0.83,0.89,-10.3,,1104,89,1.31,0.85,-10.3,✔,1266,88,0.87,0.92,-10.3,
15分钟 多空比极端 补仓F(1:1:1:1:1:1，-1.5%/-3%/-4.5%/-6%/-7.5%补) 均价止盈2% 止损离第一笔18% 拿24h,1507,72,0.79,0.81,-13.4,,1235,77,1.16,0.88,-14.4,✔,1440,76,0.72,1.0,-14.4,
15分钟 多空比极端 补仓F(1:1:1:1:1:1，-1.5%/-3%/-4.5%/-6%/-7.5%补) 均价止盈2% 止损离第一笔18% 拿72h,1243,83,0.77,0.76,-14.4,,1091,89,1.25,0.8,-14.4,✔,1232,88,0.76,0.89,-14.4,
15分钟 多空比极端 补仓F(1:1:1:1:1:1，-1.5%/-3%/-4.5%/-6%/-7.5%补) 均价止盈3% 止损离第一笔10% 拿24h,1421,64,0.78,0.92,-7.2,,1178,70,1.09,0.91,-7.2,,1337,70,0.9,0.98,-7.2,
15分钟 多空比极端 补仓F(1:1:1:1:1:1，-1.5%/-3%/-4.5%/-6%/-7.5%补) 均价止盈3% 止损离第一笔10% 拿72h,1110,72,0.82,0.91,-7.2,,1013,79,1.06,0.85,-7.2,,1128,80,0.92,0.99,-7.2,
15分钟 多空比极端 补仓F(1:1:1:1:1:1，-1.5%/-3%/-4.5%/-6%/-7.5%补) 均价止盈3% 止损离第一笔14% 拿24h,1399,64,0.78,0.85,-10.3,,1164,70,1.21,0.86,-10.3,✔,1316,70,0.84,0.96,-10.3,
15分钟 多空比极端 补仓F(1:1:1:1:1:1，-1.5%/-3%/-4.5%/-6%/-7.5%补) 均价止盈3% 止损离第一笔14% 拿72h,1076,74,0.8,0.87,-10.3,,983,80,1.16,0.85,-10.3,✔,1080,81,0.9,0.96,-10.3,
15分钟 多空比极端 补仓F(1:1:1:1:1:1，-1.5%/-3%/-4.5%/-6%/-7.5%补) 均价止盈3% 止损离第一笔18% 拿24h,1385,64,0.77,0.88,-13.4,,1161,70,1.19,0.8,-14.4,✔,1301,70,0.75,0.86,-14.4,
15分钟 多空比极端 补仓F(1:1:1:1:1:1，-1.5%/-3%/-4.5%/-6%/-7.5%补) 均价止盈3% 止损离第一笔18% 拿72h,1040,73,0.72,0.8,-14.4,,964,81,1.26,0.79,-14.4,✔,1053,81,0.79,0.93,-14.4,
15分钟 多空比极端 补仓F(1:1:1:1:1:1，-1.5%/-3%/-4.5%/-6%/-7.5%补) 均价止盈5% 止损离第一笔10% 拿24h,1341,59,0.76,0.87,-7.2,,1095,64,1.21,0.81,-7.2,,1224,63,0.91,1.0,-7.2,
15分钟 多空比极端 补仓F(1:1:1:1:1:1，-1.5%/-3%/-4.5%/-6%/-7.5%补) 均价止盈5% 止损离第一笔10% 拿72h,968,63,0.81,0.89,-7.2,,856,70,1.08,0.82,-7.2,,938,68,0.91,0.98,-7.2,
15分钟 多空比极端 补仓F(1:1:1:1:1:1，-1.5%/-3%/-4.5%/-6%/-7.5%补) 均价止盈5% 止损离第一笔14% 拿24h,1322,59,0.76,0.91,-10.3,,1083,64,1.32,0.93,-10.3,✔,1204,64,0.88,0.93,-10.3,
15分钟 多空比极端 补仓F(1:1:1:1:1:1，-1.5%/-3%/-4.5%/-6%/-7.5%补) 均价止盈5% 止损离第一笔14% 拿72h,939,64,0.8,0.86,-10.3,,834,71,1.13,0.89,-10.3,,892,69,0.89,0.89,-10.3,
15分钟 多空比极端 补仓F(1:1:1:1:1:1，-1.5%/-3%/-4.5%/-6%/-7.5%补) 均价止盈5% 止损离第一笔18% 拿24h,1313,58,0.75,0.83,-13.4,,1081,64,1.31,0.9,-14.4,✔,1192,64,0.83,0.96,-14.4,
15分钟 多空比极端 补仓F(1:1:1:1:1:1，-1.5%/-3%/-4.5%/-6%/-7.5%补) 均价止盈5% 止损离第一笔18% 拿72h,912,64,0.73,0.88,-14.4,,817,72,1.18,0.81,-14.4,✔,868,69,0.8,0.9,-14.4,
15分钟 多空比极端 补仓F(1:1:1:1:1:1，-1.5%/-3%/-4.5%/-6%/-7.5%补) 均价止盈8% 止损离第一笔10% 拿24h,1310,58,0.82,0.9,-7.2,,1056,62,1.24,0.87,-7.2,,1176,60,0.89,0.9,-7.2,
15分钟 多空比极端 补仓F(1:1:1:1:1:1，-1.5%/-3%/-4.5%/-6%/-7.5%补) 均价止盈8% 止损离第一笔10% 拿72h,896,57,0.84,0.89,-7.2,,765,64,1.06,0.83,-7.2,,849,61,0.93,0.97,-7.2,
15分钟 多空比极端 补仓F(1:1:1:1:1:1，-1.5%/-3%/-4.5%/-6%/-7.5%补) 均价止盈8% 止损离第一笔14% 拿24h,1296,58,0.83,0.85,-10.3,,1045,62,1.37,0.9,-10.3,✔,1160,60,0.88,0.96,-10.3,
15分钟 多空比极端 补仓F(1:1:1:1:1:1，-1.5%/-3%/-4.5%/-6%/-7.5%补) 均价止盈8% 止损离第一笔14% 拿72h,868,59,0.82,0.82,-10.3,,745,65,1.17,0.85,-10.3,✔,817,62,0.9,0.91,-10.3,
15分钟 多空比极端 补仓F(1:1:1:1:1:1，-1.5%/-3%/-4.5%/-6%/-7.5%补) 均价止盈8% 止损离第一笔18% 拿24h,1289,58,0.83,0.79,-13.4,,1043,62,1.36,0.81,-14.4,✔,1147,61,0.84,0.98,-14.4,
15分钟 多空比极端 补仓F(1:1:1:1:1:1，-1.5%/-3%/-4.5%/-6%/-7.5%补) 均价止盈8% 止损离第一笔18% 拿72h,850,59,0.79,0.83,-14.4,,734,66,1.2,0.84,-14.4,✔,793,63,0.85,0.92,-14.4,
15分钟 多空比极端 补仓G(1:1:2:2:4，-2%/-4%/-6%/-8%补) 均价止盈1% 止损离第一笔11% 拿24h,1850,85,0.93,0.81,-6.1,,1454,89,1.02,0.81,-6.1,,1818,90,1.11,0.98,-6.1,
15分钟 多空比极端 补仓G(1:1:2:2:4，-2%/-4%/-6%/-8%补) 均价止盈1% 止损离第一笔11% 拿72h,1715,94,0.92,0.89,-6.1,,1400,96,1.11,0.86,-6.1,,1733,96,0.98,0.95,-6.1,
15分钟 多空比极端 补仓G(1:1:2:2:4，-2%/-4%/-6%/-8%补) 均价止盈1% 止损离第一笔14% 拿24h,1838,85,0.9,0.9,-9.3,,1451,89,0.97,0.77,-9.3,,1813,90,0.97,0.89,-9.3,
15分钟 多空比极端 补仓G(1:1:2:2:4，-2%/-4%/-6%/-8%补) 均价止盈1% 止损离第一笔14% 拿72h,1697,95,0.79,0.79,-9.3,,1390,96,1.02,0.79,-9.3,,1710,96,0.91,1.01,-9.3,
15分钟 多空比极端 补仓G(1:1:2:2:4，-2%/-4%/-6%/-8%补) 均价止盈1% 止损离第一笔18% 拿24h,1833,85,0.9,0.78,-12.1,,1448,89,0.94,0.78,-13.5,,1805,90,0.88,0.94,-13.5,
15分钟 多空比极端 补仓G(1:1:2:2:4，-2%/-4%/-6%/-8%补) 均价止盈1% 止损离第一笔18% 拿72h,1685,95,0.72,0.82,-13.5,,1376,96,1.02,0.73,-13.5,,1695,96,0.8,0.87,-13.5,
15分钟 多空比极端 补仓G(1:1:2:2:4，-2%/-4%/-6%/-8%补) 均价止盈2% 止损离第一笔11% 拿24h,1544,72,0.76,0.86,-6.1,,1245,77,1.1,0.86,-6.1,,1465,78,0.91,0.92,-6.1,
15分钟 多空比极端 补仓G(1:1:2:2:4，-2%/-4%/-6%/-8%补) 均价止盈2% 止损离第一笔11% 拿72h,1313,85,0.9,0.94,-6.1,,1128,90,1.17,0.89,-6.1,,1321,89,0.99,1.0,-6.1,
15分钟 多空比极端 补仓G(1:1:2:2:4，-2%/-4%/-6%/-8%补) 均价止盈2% 止损离第一笔14% 拿24h,1525,72,0.73,0.86,-9.3,,1238,77,1.22,0.73,-9.3,✔,1451,78,0.81,0.96,-9.3,
15分钟 多空比极端 补仓G(1:1:2:2:4，-2%/-4%/-6%/-8%补) 均价止盈2% 止损离第一笔14% 拿72h,1286,86,0.84,0.85,-9.3,,1112,91,1.29,0.94,-9.3,✔,1285,90,0.87,1.08,-9.3,
15分钟 多空比极端 补仓G(1:1:2:2:4，-2%/-4%/-6%/-8%补) 均价止盈2% 止损离第一笔18% 拿24h,1509,71,0.74,0.89,-12.1,,1234,78,1.2,0.77,-13.5,✔,1438,78,0.72,0.99,-13.5,
15分钟 多空比极端 补仓G(1:1:2:2:4，-2%/-4%/-6%/-8%补) 均价止盈2% 止损离第一笔18% 拿72h,1253,86,0.75,0.79,-13.5,,1101,91,1.21,0.83,-13.5,,1255,90,0.77,0.89,-13.5,
15分钟 多空比极端 补仓G(1:1:2:2:4，-2%/-4%/-6%/-8%补) 均价止盈3% 止损离第一笔11% 拿24h,1416,64,0.79,0.88,-6.1,,1173,69,1.03,0.85,-6.1,,1332,71,0.95,1.01,-6.1,
15分钟 多空比极端 补仓G(1:1:2:2:4，-2%/-4%/-6%/-8%补) 均价止盈3% 止损离第一笔11% 拿72h,1119,75,0.82,0.85,-6.1,,1007,83,1.03,0.86,-6.1,,1124,82,1.01,0.97,-6.1,
15分钟 多空比极端 补仓G(1:1:2:2:4，-2%/-4%/-6%/-8%补) 均价止盈3% 止损离第一笔14% 拿24h,1400,64,0.8,0.83,-9.3,,1165,70,1.16,0.72,-9.3,✔,1316,71,0.87,0.97,-9.3,
15分钟 多空比极端 补仓G(1:1:2:2:4，-2%/-4%/-6%/-8%补) 均价止盈3% 止损离第一笔14% 拿72h,1093,77,0.82,0.85,-9.3,,987,84,1.12,0.81,-9.3,✔,1091,83,0.92,0.93,-9.3,
15分钟 多空比极端 补仓G(1:1:2:2:4，-2%/-4%/-6%/-8%补) 均价止盈3% 止损离第一笔18% 拿24h,1386,64,0.79,0.83,-12.1,,1161,70,1.13,0.83,-13.5,✔,1304,71,0.77,0.89,-13.5,
15分钟 多空比极端 补仓G(1:1:2:2:4，-2%/-4%/-6%/-8%补) 均价止盈3% 止损离第一笔18% 拿72h,1059,77,0.77,0.79,-13.5,,969,85,1.21,0.8,-13.5,✔,1065,84,0.79,0.98,-13.5,
15分钟 多空比极端 补仓G(1:1:2:2:4，-2%/-4%/-6%/-8%补) 均价止盈5% 止损离第一笔11% 拿24h,1335,59,0.76,0.81,-6.1,,1092,64,1.22,0.82,-6.1,,1220,65,0.92,0.96,-6.1,
15分钟 多空比极端 补仓G(1:1:2:2:4，-2%/-4%/-6%/-8%补) 均价止盈5% 止损离第一笔11% 拿72h,963,65,0.81,0.85,-6.1,,857,74,1.17,0.86,-6.1,✔,936,71,0.92,0.96,-6.1,
15分钟 多空比极端 补仓G(1:1:2:2:4，-2%/-4%/-6%/-8%补) 均价止盈5% 止损离第一笔14% 拿24h,1320,59,0.79,0.83,-9.3,,1083,65,1.35,0.67,-9.3,✔,1205,65,0.9,0.91,-9.3,
15分钟 多空比极端 补仓G(1:1:2:2:4，-2%/-4%/-6%/-8%补) 均价止盈5% 止损离第一笔14% 拿72h,937,67,0.78,0.8,-9.3,,839,76,1.28,0.87,-9.3,✔,899,73,0.87,0.87,-9.3,
15分钟 多空比极端 补仓G(1:1:2:2:4，-2%/-4%/-6%/-8%补) 均价止盈5% 止损离第一笔18% 拿24h,1311,59,0.78,0.8,-12.1,,1080,65,1.33,0.87,-13.5,✔,1192,65,0.79,0.93,-13.5,
15分钟 多空比极端 补仓G(1:1:2:2:4，-2%/-4%/-6%/-8%补) 均价止盈5% 止损离第一笔18% 拿72h,912,67,0.72,0.8,-13.5,,821,76,1.36,0.81,-13.5,✔,870,73,0.77,0.92,-13.5,
15分钟 多空比极端 补仓G(1:1:2:2:4，-2%/-4%/-6%/-8%补) 均价止盈8% 止损离第一笔11% 拿24h,1307,58,0.81,0.84,-6.1,,1055,62,1.28,0.91,-6.1,,1178,62,0.92,0.95,-6.1,
15分钟 多空比极端 补仓G(1:1:2:2:4，-2%/-4%/-6%/-8%补) 均价止盈8% 止损离第一笔11% 拿72h,888,61,0.86,0.87,-6.1,,762,68,1.16,0.88,-6.1,,843,65,0.96,0.93,-6.1,
15分钟 多空比极端 补仓G(1:1:2:2:4，-2%/-4%/-6%/-8%补) 均价止盈8% 止损离第一笔14% 拿24h,1295,58,0.82,0.86,-9.3,,1046,63,1.41,0.79,-9.3,✔,1161,62,0.88,0.92,-9.3,
15分钟 多空比极端 补仓G(1:1:2:2:4，-2%/-4%/-6%/-8%补) 均价止盈8% 止损离第一笔14% 拿72h,864,62,0.79,0.81,-9.3,,745,70,1.26,0.82,-9.3,✔,812,66,0.86,0.92,-9.3,
15分钟 多空比极端 补仓G(1:1:2:2:4，-2%/-4%/-6%/-8%补) 均价止盈8% 止损离第一笔18% 拿24h,1289,58,0.83,0.88,-12.1,,1043,63,1.39,0.77,-13.5,✔,1147,62,0.82,0.9,-13.5,
15分钟 多空比极端 补仓G(1:1:2:2:4，-2%/-4%/-6%/-8%补) 均价止盈8% 止损离第一笔18% 拿72h,846,62,0.74,0.74,-13.5,,735,71,1.3,0.79,-13.5,✔,788,67,0.81,0.89,-13.5,
15分钟 多空比极端 补仓H(1:1:1:1:1:1:1:1，-1%/-2%/-3%/-4%/-5%/-6%/-7%补) 均价止盈1% 止损离第一笔10% 拿24h,1891,87,0.75,0.81,-6.9,,1479,89,0.97,0.78,-6.9,,1874,90,0.81,0.98,-6.9,
15分钟 多空比极端 补仓H(1:1:1:1:1:1:1:1，-1%/-2%/-3%/-4%/-5%/-6%/-7%补) 均价止盈1% 止损离第一笔10% 拿72h,1772,94,0.82,1.05,-6.9,,1426,95,1.04,0.75,-6.9,,1790,95,0.86,0.93,-6.9,
15分钟 多空比极端 补仓H(1:1:1:1:1:1:1:1，-1%/-2%/-3%/-4%/-5%/-6%/-7%补) 均价止盈1% 止损离第一笔13% 拿24h,1874,87,0.8,0.82,-10.0,,1474,90,1.03,0.74,-10.0,,1849,90,0.76,0.98,-10.0,
15分钟 多空比极端 补仓H(1:1:1:1:1:1:1:1，-1%/-2%/-3%/-4%/-5%/-6%/-7%补) 均价止盈1% 止损离第一笔13% 拿72h,1737,94,0.83,0.86,-10.0,,1404,96,1.12,0.85,-10.0,,1745,95,0.76,0.95,-10.0,
15分钟 多空比极端 补仓H(1:1:1:1:1:1:1:1，-1%/-2%/-3%/-4%/-5%/-6%/-7%补) 均价止盈1% 止损离第一笔17% 拿24h,1863,87,0.79,0.82,-13.2,,1470,90,0.95,0.67,-14.1,,1833,90,0.7,1.02,-14.1,
15分钟 多空比极端 补仓H(1:1:1:1:1:1:1:1，-1%/-2%/-3%/-4%/-5%/-6%/-7%补) 均价止盈1% 止损离第一笔17% 拿72h,1716,94,0.75,0.77,-14.1,,1396,96,1.0,0.74,-14.1,,1709,95,0.68,0.94,-14.1,
15分钟 多空比极端 补仓H(1:1:1:1:1:1:1:1，-1%/-2%/-3%/-4%/-5%/-6%/-7%补) 均价止盈2% 止损离第一笔10% 拿24h,1558,74,0.78,0.88,-6.9,,1263,77,1.12,0.8,-6.9,,1489,78,0.87,0.92,-6.9,
15分钟 多空比极端 补仓H(1:1:1:1:1:1:1:1，-1%/-2%/-3%/-4%/-5%/-6%/-7%补) 均价止盈2% 止损离第一笔10% 拿72h,1343,84,0.89,1.02,-6.9,,1150,88,1.11,0.79,-6.9,,1341,88,0.98,1.0,-6.9,
15分钟 多空比极端 补仓H(1:1:1:1:1:1:1:1，-1%/-2%/-3%/-4%/-5%/-6%/-7%补) 均价止盈2% 止损离第一笔13% 拿24h,1534,74,0.77,0.85,-10.0,,1253,78,1.22,0.81,-10.0,✔,1471,78,0.81,0.92,-10.0,
15分钟 多空比极端 补仓H(1:1:1:1:1:1:1:1，-1%/-2%/-3%/-4%/-5%/-6%/-7%补) 均价止盈2% 止损离第一笔13% 拿72h,1298,85,0.86,0.84,-10.0,,1120,89,1.28,0.78,-10.0,✔,1301,88,0.88,0.96,-10.0,
15分钟 多空比极端 补仓H(1:1:1:1:1:1:1:1，-1%/-2%/-3%/-4%/-5%/-6%/-7%补) 均价止盈2% 止损离第一笔17% 拿24h,1515,74,0.77,0.8,-13.2,,1249,78,1.18,0.85,-14.1,✔,1451,78,0.73,0.93,-14.1,
15分钟 多空比极端 补仓H(1:1:1:1:1:1:1:1，-1%/-2%/-3%/-4%/-5%/-6%/-7%补) 均价止盈2% 止损离第一笔17% 拿72h,1256,85,0.81,0.86,-14.1,,1107,89,1.19,0.86,-14.1,✔,1260,88,0.76,0.89,-14.1,
15分钟 多空比极端 补仓H(1:1:1:1:1:1:1:1，-1%/-2%/-3%/-4%/-5%/-6%/-7%补) 均价止盈3% 止损离第一笔10% 拿24h,1424,66,0.8,0.87,-6.9,,1187,71,1.16,0.87,-6.9,,1353,71,0.89,0.92,-6.9,
15分钟 多空比极端 补仓H(1:1:1:1:1:1:1:1，-1%/-2%/-3%/-4%/-5%/-6%/-7%补) 均价止盈3% 止损离第一笔10% 拿72h,1135,74,0.85,0.89,-6.9,,1037,81,1.12,0.88,-6.9,,1156,80,0.96,1.01,-6.9,
15分钟 多空比极端 补仓H(1:1:1:1:1:1:1:1，-1%/-2%/-3%/-4%/-5%/-6%/-7%补) 均价止盈3% 止损离第一笔13% 拿24h,1405,66,0.8,0.92,-10.0,,1171,72,1.27,0.85,-10.0,✔,1328,71,0.85,1.02,-10.0,
15分钟 多空比极端 补仓H(1:1:1:1:1:1:1:1，-1%/-2%/-3%/-4%/-5%/-6%/-7%补) 均价止盈3% 止损离第一笔13% 拿72h,1099,76,0.84,0.87,-10.0,,998,82,1.26,0.78,-10.0,✔,1103,82,0.93,1.02,-10.0,
15分钟 多空比极端 补仓H(1:1:1:1:1:1:1:1，-1%/-2%/-3%/-4%/-5%/-6%/-7%补) 均价止盈3% 止损离第一笔17% 拿24h,1388,66,0.8,0.85,-13.2,,1167,72,1.26,0.84,-14.1,✔,1310,71,0.77,0.89,-14.1,
15分钟 多空比极端 补仓H(1:1:1:1:1:1:1:1，-1%/-2%/-3%/-4%/-5%/-6%/-7%补) 均价止盈3% 止损离第一笔17% 拿72h,1058,76,0.78,0.78,-14.1,,980,83,1.32,0.75,-14.1,✔,1073,82,0.83,0.85,-14.1,
15分钟 多空比极端 补仓H(1:1:1:1:1:1:1:1，-1%/-2%/-3%/-4%/-5%/-6%/-7%补) 均价止盈5% 止损离第一笔10% 拿24h,1347,61,0.74,0.84,-6.9,,1101,65,1.26,0.85,-6.9,,1234,64,0.9,0.95,-6.9,
15分钟 多空比极端 补仓H(1:1:1:1:1:1:1:1，-1%/-2%/-3%/-4%/-5%/-6%/-7%补) 均价止盈5% 止损离第一笔10% 拿72h,979,65,0.82,0.92,-6.9,,875,71,1.1,0.85,-6.9,,953,68,0.89,0.98,-6.9,
15分钟 多空比极端 补仓H(1:1:1:1:1:1:1:1，-1%/-2%/-3%/-4%/-5%/-6%/-7%补) 均价止盈5% 止损离第一笔13% 拿24h,1328,61,0.76,0.87,-10.0,,1089,66,1.34,0.79,-10.0,✔,1214,65,0.92,0.9,-10.0,
15分钟 多空比极端 补仓H(1:1:1:1:1:1:1:1，-1%/-2%/-3%/-4%/-5%/-6%/-7%补) 均价止盈5% 止损离第一笔13% 拿72h,946,66,0.8,0.91,-10.0,,846,72,1.16,0.81,-10.0,,908,70,0.91,0.92,-10.0,
15分钟 多空比极端 补仓H(1:1:1:1:1:1:1:1，-1%/-2%/-3%/-4%/-5%/-6%/-7%补) 均价止盈5% 止损离第一笔17% 拿24h,1317,61,0.74,0.82,-13.2,,1085,66,1.34,0.94,-14.1,✔,1200,65,0.84,0.89,-14.1,
15分钟 多空比极端 补仓H(1:1:1:1:1:1:1:1，-1%/-2%/-3%/-4%/-5%/-6%/-7%补) 均价止盈5% 止损离第一笔17% 拿72h,917,66,0.77,0.83,-14.1,,828,73,1.2,0.78,-14.1,✔,878,70,0.83,0.9,-14.1,
15分钟 多空比极端 补仓H(1:1:1:1:1:1:1:1，-1%/-2%/-3%/-4%/-5%/-6%/-7%补) 均价止盈8% 止损离第一笔10% 拿24h,1315,61,0.8,0.96,-6.9,,1060,63,1.27,0.87,-6.9,,1183,61,0.86,0.93,-6.9,
15分钟 多空比极端 补仓H(1:1:1:1:1:1:1:1，-1%/-2%/-3%/-4%/-5%/-6%/-7%补) 均价止盈8% 止损离第一笔10% 拿72h,907,59,0.83,0.84,-6.9,,775,64,1.09,0.87,-6.9,,863,60,0.87,0.99,-6.9,
15分钟 多空比极端 补仓H(1:1:1:1:1:1:1:1，-1%/-2%/-3%/-4%/-5%/-6%/-7%补) 均价止盈8% 止损离第一笔13% 拿24h,1297,61,0.83,0.87,-10.0,,1049,64,1.38,0.8,-10.0,✔,1164,62,0.89,0.92,-10.0,
15分钟 多空比极端 补仓H(1:1:1:1:1:1:1:1，-1%/-2%/-3%/-4%/-5%/-6%/-7%补) 均价止盈8% 止损离第一笔13% 拿72h,874,60,0.81,0.94,-10.0,,749,66,1.19,0.81,-10.0,✔,823,63,0.9,0.93,-10.0,
15分钟 多空比极端 补仓H(1:1:1:1:1:1:1:1，-1%/-2%/-3%/-4%/-5%/-6%/-7%补) 均价止盈8% 止损离第一笔17% 拿24h,1290,61,0.81,0.91,-13.2,,1045,64,1.38,0.76,-14.1,✔,1152,62,0.82,0.94,-14.1,
15分钟 多空比极端 补仓H(1:1:1:1:1:1:1:1，-1%/-2%/-3%/-4%/-5%/-6%/-7%补) 均价止盈8% 止损离第一笔17% 拿72h,853,61,0.79,0.88,-14.1,,736,67,1.19,0.93,-14.1,✔,798,63,0.84,0.89,-14.1,
15分钟 多空比极端 补仓I(1:1:1:2:2:3，-2%/-4%/-6%/-9%/-12%补) 均价止盈1% 止损离第一笔15% 拿24h,1821,84,0.87,0.91,-7.4,,1448,88,1.03,0.63,-8.6,,1774,88,0.81,0.86,-8.6,
15分钟 多空比极端 补仓I(1:1:1:2:2:3，-2%/-4%/-6%/-9%/-12%补) 均价止盈1% 止损离第一笔15% 拿72h,1664,94,0.73,0.75,-8.6,,1369,95,1.02,0.75,-8.6,,1663,95,0.83,0.91,-8.6,
15分钟 多空比极端 补仓I(1:1:1:2:2:3，-2%/-4%/-6%/-9%/-12%补) 均价止盈1% 止损离第一笔18% 拿24h,1816,84,0.88,0.76,-10.2,,1446,88,1.0,0.71,-11.8,,1766,88,0.74,0.95,-11.8,
15分钟 多空比极端 补仓I(1:1:1:2:2:3，-2%/-4%/-6%/-9%/-12%补) 均价止盈1% 止损离第一笔18% 拿72h,1652,94,0.74,0.69,-11.8,,1358,95,1.01,0.77,-11.8,,1644,95,0.75,0.88,-11.8,
15分钟 多空比极端 补仓I(1:1:1:2:2:3，-2%/-4%/-6%/-9%/-12%补) 均价止盈1% 止损离第一笔22% 拿24h,1815,85,0.92,0.75,-14.0,,1446,88,0.93,0.74,-16.1,,1764,88,0.84,0.86,-14.0,
15分钟 多空比极端 补仓I(1:1:1:2:2:3，-2%/-4%/-6%/-9%/-12%补) 均价止盈1% 止损离第一笔22% 拿72h,1640,94,0.7,0.73,-16.1,,1356,95,0.95,0.84,-16.1,,1633,96,0.84,0.84,-14.0,
15分钟 多空比极端 补仓I(1:1:1:2:2:3，-2%/-4%/-6%/-9%/-12%补) 均价止盈2% 止损离第一笔15% 拿24h,1508,70,0.75,0.86,-8.6,,1230,76,1.19,0.78,-8.6,✔,1438,76,0.69,0.94,-8.6,
15分钟 多空比极端 补仓I(1:1:1:2:2:3，-2%/-4%/-6%/-9%/-12%补) 均价止盈2% 止损离第一笔15% 拿72h,1253,84,0.77,0.84,-8.6,,1090,89,1.27,0.79,-8.6,✔,1258,89,0.79,0.97,-8.6,
15分钟 多空比极端 补仓I(1:1:1:2:2:3，-2%/-4%/-6%/-9%/-12%补) 均价止盈2% 止损离第一笔18% 拿24h,1496,70,0.77,0.87,-10.2,,1228,76,1.14,0.74,-11.8,✔,1426,76,0.63,1.0,-11.8,
15分钟 多空比极端 补仓I(1:1:1:2:2:3，-2%/-4%/-6%/-9%/-12%补) 均价止盈2% 止损离第一笔18% 拿72h,1229,84,0.74,0.73,-11.8,,1080,89,1.2,0.79,-11.8,,1229,89,0.73,0.88,-11.8,
15分钟 多空比极端 补仓I(1:1:1:2:2:3，-2%/-4%/-6%/-9%/-12%补) 均价止盈2% 止损离第一笔22% 拿24h,1493,70,0.81,0.91,-14.0,,1228,76,1.06,0.7,-16.1,,1415,76,0.67,0.86,-14.0,
15分钟 多空比极端 补仓I(1:1:1:2:2:3，-2%/-4%/-6%/-9%/-12%补) 均价止盈2% 止损离第一笔22% 拿72h,1216,84,0.71,0.77,-16.1,,1076,89,1.11,0.78,-16.1,,1203,90,0.77,0.98,-14.0,
15分钟 多空比极端 补仓I(1:1:1:2:2:3，-2%/-4%/-6%/-9%/-12%补) 均价止盈3% 止损离第一笔15% 拿24h,1390,63,0.8,0.81,-8.6,,1162,69,1.19,0.74,-8.6,✔,1305,69,0.77,1.06,-8.6,
15分钟 多空比极端 补仓I(1:1:1:2:2:3，-2%/-4%/-6%/-9%/-12%补) 均价止盈3% 止损离第一笔15% 拿72h,1076,75,0.73,0.83,-8.6,,972,82,1.15,0.86,-8.6,✔,1072,82,0.84,0.97,-8.6,
15分钟 多空比极端 补仓I(1:1:1:2:2:3，-2%/-4%/-6%/-9%/-12%补) 均价止盈3% 止损离第一笔18% 拿24h,1382,63,0.81,0.81,-10.2,,1159,69,1.21,0.81,-11.8,✔,1295,69,0.69,0.91,-11.8,
15分钟 多空比极端 补仓I(1:1:1:2:2:3，-2%/-4%/-6%/-9%/-12%补) 均价止盈3% 止损离第一笔18% 拿72h,1048,75,0.74,0.72,-11.8,,961,83,1.31,0.89,-11.8,✔,1051,83,0.75,0.89,-11.8,
15分钟 多空比极端 补仓I(1:1:1:2:2:3，-2%/-4%/-6%/-9%/-12%补) 均价止盈3% 止损离第一笔22% 拿24h,1379,63,0.83,0.83,-14.0,,1159,69,1.14,0.74,-16.1,✔,1286,69,0.71,0.89,-14.0,
15分钟 多空比极端 补仓I(1:1:1:2:2:3，-2%/-4%/-6%/-9%/-12%补) 均价止盈3% 止损离第一笔22% 拿72h,1037,75,0.72,0.83,-16.1,,955,83,1.28,0.77,-16.1,✔,1024,83,0.79,0.87,-14.0,
15分钟 多空比极端 补仓I(1:1:1:2:2:3，-2%/-4%/-6%/-9%/-12%补) 均价止盈5% 止损离第一笔15% 拿24h,1317,58,0.76,0.8,-8.6,,1082,63,1.36,0.85,-8.6,✔,1200,63,0.84,0.96,-8.6,
15分钟 多空比极端 补仓I(1:1:1:2:2:3，-2%/-4%/-6%/-9%/-12%补) 均价止盈5% 止损离第一笔15% 拿72h,929,66,0.76,0.84,-8.6,,827,73,1.24,0.76,-8.6,✔,885,71,0.83,0.91,-8.6,
15分钟 多空比极端 补仓I(1:1:1:2:2:3，-2%/-4%/-6%/-9%/-12%补) 均价止盈5% 止损离第一笔18% 拿24h,1312,58,0.78,0.83,-10.2,,1080,63,1.33,0.79,-11.8,✔,1188,63,0.75,0.87,-11.8,
15分钟 多空比极端 补仓I(1:1:1:2:2:3，-2%/-4%/-6%/-9%/-12%补) 均价止盈5% 止损离第一笔18% 拿72h,911,66,0.73,0.84,-11.8,,814,74,1.33,0.88,-11.8,✔,864,71,0.73,0.95,-11.8,
15分钟 多空比极端 补仓I(1:1:1:2:2:3，-2%/-4%/-6%/-9%/-12%补) 均价止盈5% 止损离第一笔22% 拿24h,1306,58,0.82,0.97,-14.0,,1079,64,1.32,0.87,-16.1,✔,1183,63,0.75,0.93,-14.0,
15分钟 多空比极端 补仓I(1:1:1:2:2:3，-2%/-4%/-6%/-9%/-12%补) 均价止盈5% 止损离第一笔22% 拿72h,899,67,0.72,0.76,-16.1,,808,74,1.39,0.79,-16.1,✔,843,72,0.78,0.86,-14.0,
15分钟 多空比极端 补仓I(1:1:1:2:2:3，-2%/-4%/-6%/-9%/-12%补) 均价止盈8% 止损离第一笔15% 拿24h,1292,57,0.79,0.87,-8.6,,1044,62,1.4,0.81,-8.6,✔,1155,60,0.81,0.9,-8.6,
15分钟 多空比极端 补仓I(1:1:1:2:2:3，-2%/-4%/-6%/-9%/-12%补) 均价止盈8% 止损离第一笔15% 拿72h,856,61,0.76,0.87,-8.6,,741,68,1.21,0.88,-8.6,✔,801,64,0.83,0.89,-8.6,
15分钟 多空比极端 补仓I(1:1:1:2:2:3，-2%/-4%/-6%/-9%/-12%补) 均价止盈8% 止损离第一笔18% 拿24h,1288,57,0.83,0.78,-10.2,,1042,62,1.37,0.84,-11.8,✔,1145,60,0.78,0.9,-11.8,
15分钟 多空比极端 补仓I(1:1:1:2:2:3，-2%/-4%/-6%/-9%/-12%补) 均价止盈8% 止损离第一笔18% 拿72h,844,61,0.74,0.75,-11.8,,733,69,1.26,0.82,-11.8,✔,786,65,0.78,1.0,-11.8,
15分钟 多空比极端 补仓I(1:1:1:2:2:3，-2%/-4%/-6%/-9%/-12%补) 均价止盈8% 止损离第一笔22% 拿24h,1282,57,0.87,0.9,-14.0,,1041,62,1.36,0.93,-16.1,✔,1140,60,0.77,0.88,-14.0,
15分钟 多空比极端 补仓I(1:1:1:2:2:3，-2%/-4%/-6%/-9%/-12%补) 均价止盈8% 止损离第一笔22% 拿72h,835,61,0.72,0.73,-16.1,,728,69,1.31,0.73,-16.1,✔,769,65,0.8,0.86,-16.1,
15分钟 持仓骤降反转 补仓E(1:1:1:1:1，-2%/-4%/-6%/-8%补) 均价止盈1% 止损离第一笔11% 拿24h,505,78,0.81,1.03,-7.5,,387,87,0.79,0.81,-7.5,,395,85,0.69,0.86,-7.5,
15分钟 持仓骤降反转 补仓E(1:1:1:1:1，-2%/-4%/-6%/-8%补) 均价止盈1% 止损离第一笔11% 拿72h,489,92,0.98,0.68,-7.5,,383,93,0.68,0.72,-7.5,,386,93,0.77,0.94,-7.5,
15分钟 持仓骤降反转 补仓E(1:1:1:1:1，-2%/-4%/-6%/-8%补) 均价止盈1% 止损离第一笔14% 拿24h,505,78,0.83,0.73,-9.8,,387,87,0.74,0.79,-10.6,,394,85,0.82,1.27,-9.8,
15分钟 持仓骤降反转 补仓E(1:1:1:1:1，-2%/-4%/-6%/-8%补) 均价止盈1% 止损离第一笔14% 拿72h,488,92,0.99,0.92,-10.6,,383,94,0.57,0.65,-10.6,,385,94,0.92,1.12,-10.6,
15分钟 持仓骤降反转 补仓E(1:1:1:1:1，-2%/-4%/-6%/-8%补) 均价止盈1% 止损离第一笔18% 拿24h,505,78,0.8,0.92,-13.6,,386,87,0.7,0.68,-13.6,,394,85,0.72,1.0,-13.6,
15分钟 持仓骤降反转 补仓E(1:1:1:1:1，-2%/-4%/-6%/-8%补) 均价止盈1% 止损离第一笔18% 拿72h,488,92,0.93,0.84,-13.6,,381,94,0.53,1.36,-14.7,,385,94,0.82,0.76,-14.7,
15分钟 持仓骤降反转 补仓E(1:1:1:1:1，-2%/-4%/-6%/-8%补) 均价止盈2% 止损离第一笔11% 拿24h,492,66,0.84,0.85,-7.5,,380,78,0.87,0.83,-7.5,,389,72,0.77,0.81,-7.5,
15分钟 持仓骤降反转 补仓E(1:1:1:1:1，-2%/-4%/-6%/-8%补) 均价止盈2% 止损离第一笔11% 拿72h,452,80,0.78,1.0,-7.5,,366,86,0.81,0.86,-7.5,,369,85,0.78,1.03,-7.5,
15分钟 持仓骤降反转 补仓E(1:1:1:1:1，-2%/-4%/-6%/-8%补) 均价止盈2% 止损离第一笔14% 拿24h,492,67,0.92,0.89,-9.8,,380,78,0.84,0.79,-10.6,,388,73,0.85,0.9,-9.8,
15分钟 持仓骤降反转 补仓E(1:1:1:1:1，-2%/-4%/-6%/-8%补) 均价止盈2% 止损离第一笔14% 拿72h,451,82,0.84,0.8,-10.6,,366,87,0.76,0.82,-10.6,,367,86,0.78,1.0,-10.6,
15分钟 持仓骤降反转 补仓E(1:1:1:1:1，-2%/-4%/-6%/-8%补) 均价止盈2% 止损离第一笔18% 拿24h,492,67,0.9,0.88,-13.6,,379,78,0.8,0.89,-14.7,,388,73,0.78,1.07,-13.6,
15分钟 持仓骤降反转 补仓E(1:1:1:1:1，-2%/-4%/-6%/-8%补) 均价止盈2% 止损离第一笔18% 拿72h,450,82,0.79,0.79,-13.6,,364,87,0.74,0.79,-14.7,,366,86,0.72,0.82,-14.7,
15分钟 持仓骤降反转 补仓E(1:1:1:1:1，-2%/-4%/-6%/-8%补) 均价止盈3% 止损离第一笔11% 拿24h,482,61,0.9,0.77,-7.5,,375,70,0.84,0.71,-7.5,,385,68,0.85,0.88,-7.5,
15分钟 持仓骤降反转 补仓E(1:1:1:1:1，-2%/-4%/-6%/-8%补) 均价止盈3% 止损离第一笔11% 拿72h,429,72,0.86,0.96,-7.5,,353,78,0.84,0.79,-7.5,,361,79,0.94,1.1,-7.5,
15分钟 持仓骤降反转 补仓E(1:1:1:1:1，-2%/-4%/-6%/-8%补) 均价止盈3% 止损离第一笔14% 拿24h,482,62,0.99,0.82,-9.8,,375,70,0.78,0.7,-10.6,,384,68,0.92,0.89,-9.8,
15分钟 持仓骤降反转 补仓E(1:1:1:1:1，-2%/-4%/-6%/-8%补) 均价止盈3% 止损离第一笔14% 拿72h,428,74,0.88,1.0,-10.6,,352,79,0.79,0.97,-10.6,,359,80,0.95,0.92,-10.6,
15分钟 持仓骤降反转 补仓E(1:1:1:1:1，-2%/-4%/-6%/-8%补) 均价止盈3% 止损离第一笔18% 拿24h,482,62,0.97,0.89,-13.6,,374,70,0.73,0.84,-14.7,,384,68,0.86,0.93,-13.6,
15分钟 持仓骤降反转 补仓E(1:1:1:1:1，-2%/-4%/-6%/-8%补) 均价止盈3% 止损离第一笔18% 拿72h,427,74,0.81,0.75,-14.7,,350,79,0.75,0.76,-14.7,,358,80,0.89,1.11,-14.7,
15分钟 持仓骤降反转 补仓E(1:1:1:1:1，-2%/-4%/-6%/-8%补) 均价止盈5% 止损离第一笔11% 拿24h,476,57,0.85,0.79,-7.5,,367,66,0.88,0.91,-7.5,,382,63,0.88,0.93,-7.5,
15分钟 持仓骤降反转 补仓E(1:1:1:1:1，-2%/-4%/-6%/-8%补) 均价止盈5% 止损离第一笔11% 拿72h,405,64,0.81,0.9,-7.5,,338,73,0.98,0.86,-7.5,,342,70,0.87,1.12,-7.5,
15分钟 持仓骤降反转 补仓E(1:1:1:1:1，-2%/-4%/-6%/-8%补) 均价止盈5% 止损离第一笔14% 拿24h,476,58,0.94,0.92,-9.8,,367,66,0.85,1.05,-10.6,,381,63,0.94,1.05,-9.8,
15分钟 持仓骤降反转 补仓E(1:1:1:1:1，-2%/-4%/-6%/-8%补) 均价止盈5% 止损离第一笔14% 拿72h,403,65,0.81,0.94,-10.6,,337,74,0.93,0.83,-10.6,,338,71,0.82,0.94,-10.6,
15分钟 持仓骤降反转 补仓E(1:1:1:1:1，-2%/-4%/-6%/-8%补) 均价止盈5% 止损离第一笔18% 拿24h,476,58,0.91,0.75,-13.6,,366,66,0.81,0.96,-14.7,,381,63,0.87,0.8,-13.6,
15分钟 持仓骤降反转 补仓E(1:1:1:1:1，-2%/-4%/-6%/-8%补) 均价止盈5% 止损离第一笔18% 拿72h,402,65,0.76,0.82,-14.7,,335,74,0.91,0.79,-14.7,,336,72,0.8,1.04,-14.7,
15分钟 持仓骤降反转 补仓E(1:1:1:1:1，-2%/-4%/-6%/-8%补) 均价止盈8% 止损离第一笔11% 拿24h,473,56,0.83,1.09,-7.5,,365,65,1.0,0.97,-7.5,,381,62,0.89,0.83,-7.5,
15分钟 持仓骤降反转 补仓E(1:1:1:1:1，-2%/-4%/-6%/-8%补) 均价止盈8% 止损离第一笔11% 拿72h,392,59,0.8,0.85,-7.5,,327,66,1.05,0.79,-7.5,,332,65,0.92,0.86,-7.5,
15分钟 持仓骤降反转 补仓E(1:1:1:1:1，-2%/-4%/-6%/-8%补) 均价止盈8% 止损离第一笔14% 拿24h,473,56,0.87,0.89,-9.8,,365,65,0.96,0.96,-10.6,,380,62,0.94,0.93,-10.6,
15分钟 持仓骤降反转 补仓E(1:1:1:1:1，-2%/-4%/-6%/-8%补) 均价止盈8% 止损离第一笔14% 拿72h,390,61,0.8,0.99,-10.6,,325,68,1.03,0.79,-10.6,,329,66,0.92,0.9,-10.6,
15分钟 持仓骤降反转 补仓E(1:1:1:1:1，-2%/-4%/-6%/-8%补) 均价止盈8% 止损离第一笔18% 拿24h,473,56,0.84,0.87,-13.6,,364,65,0.91,0.89,-14.7,,380,62,0.85,1.1,-14.7,
15分钟 持仓骤降反转 补仓E(1:1:1:1:1，-2%/-4%/-6%/-8%补) 均价止盈8% 止损离第一笔18% 拿72h,389,61,0.75,0.9,-14.7,,324,68,1.02,0.85,-14.7,,327,67,0.89,0.95,-14.7,
15分钟 持仓骤降反转 补仓F(1:1:1:1:1:1，-1.5%/-3%/-4.5%/-6%/-7.5%补) 均价止盈1% 止损离第一笔10% 拿24h,510,81,0.88,0.91,-7.2,,387,88,0.76,0.77,-7.2,,397,88,0.76,0.91,-7.2,
15分钟 持仓骤降反转 补仓F(1:1:1:1:1:1，-1.5%/-3%/-4.5%/-6%/-7.5%补) 均价止盈1% 止损离第一笔10% 拿72h,495,93,1.03,0.84,-7.2,,383,94,0.66,0.83,-7.2,,390,94,0.76,0.86,-7.2,
15分钟 持仓骤降反转 补仓F(1:1:1:1:1:1，-1.5%/-3%/-4.5%/-6%/-7.5%补) 均价止盈1% 止损离第一笔14% 拿24h,509,81,0.82,0.87,-10.3,,387,88,0.71,0.97,-10.3,,396,88,0.82,1.24,-9.6,
15分钟 持仓骤降反转 补仓F(1:1:1:1:1:1，-1.5%/-3%/-4.5%/-6%/-7.5%补) 均价止盈1% 止损离第一笔14% 拿72h,493,93,0.96,0.77,-10.3,,383,95,0.58,0.72,-10.3,,389,95,0.79,1.35,-10.3,
15分钟 持仓骤降反转 补仓F(1:1:1:1:1:1，-1.5%/-3%/-4.5%/-6%/-7.5%补) 均价止盈1% 止损离第一笔18% 拿24h,509,81,0.85,1.02,-13.4,,386,88,0.67,0.6,-13.4,,396,88,0.73,0.87,-13.4,
15分钟 持仓骤降反转 补仓F(1:1:1:1:1:1，-1.5%/-3%/-4.5%/-6%/-7.5%补) 均价止盈1% 止损离第一笔18% 拿72h,493,93,0.9,0.79,-13.4,,382,95,0.53,0.66,-14.4,,389,95,0.68,0.89,-14.4,
15分钟 持仓骤降反转 补仓F(1:1:1:1:1:1，-1.5%/-3%/-4.5%/-6%/-7.5%补) 均价止盈2% 止损离第一笔10% 拿24h,493,70,0.94,0.89,-7.2,,379,78,0.83,0.83,-7.2,,390,73,0.73,0.86,-7.2,
15分钟 持仓骤降反转 补仓F(1:1:1:1:1:1，-1.5%/-3%/-4.5%/-6%/-7.5%补) 均价止盈2% 止损离第一笔10% 拿72h,457,82,0.88,0.87,-7.2,,365,86,0.83,0.83,-7.2,,369,86,0.79,1.22,-7.2,
15分钟 持仓骤降反转 补仓F(1:1:1:1:1:1，-1.5%/-3%/-4.5%/-6%/-7.5%补) 均价止盈2% 止损离第一笔14% 拿24h,492,70,0.97,0.87,-10.3,,379,78,0.76,0.72,-10.3,,389,74,0.83,0.83,-9.6,
15分钟 持仓骤降反转 补仓F(1:1:1:1:1:1，-1.5%/-3%/-4.5%/-6%/-7.5%补) 均价止盈2% 止损离第一笔14% 拿72h,455,83,0.94,0.94,-10.3,,365,87,0.73,0.85,-10.3,,367,87,0.8,1.03,-10.3,
15分钟 持仓骤降反转 补仓F(1:1:1:1:1:1，-1.5%/-3%/-4.5%/-6%/-7.5%补) 均价止盈2% 止损离第一笔18% 拿24h,492,70,1.0,0.81,-13.4,,378,78,0.76,0.85,-14.4,,389,74,0.77,0.88,-13.4,
15分钟 持仓骤降反转 补仓F(1:1:1:1:1:1，-1.5%/-3%/-4.5%/-6%/-7.5%补) 均价止盈2% 止损离第一笔18% 拿72h,455,83,0.86,0.96,-13.4,,363,87,0.75,0.71,-14.4,,367,87,0.72,0.93,-14.4,
15分钟 持仓骤降反转 补仓F(1:1:1:1:1:1，-1.5%/-3%/-4.5%/-6%/-7.5%补) 均价止盈3% 止损离第一笔10% 拿24h,484,64,0.9,0.96,-7.2,,375,71,0.85,0.79,-7.2,,385,69,0.82,1.08,-7.2,
15分钟 持仓骤降反转 补仓F(1:1:1:1:1:1，-1.5%/-3%/-4.5%/-6%/-7.5%补) 均价止盈3% 止损离第一笔10% 拿72h,432,73,0.85,1.15,-7.2,,354,80,0.89,0.87,-7.2,,361,80,0.94,0.92,-7.2,
15分钟 持仓骤降反转 补仓F(1:1:1:1:1:1，-1.5%/-3%/-4.5%/-6%/-7.5%补) 均价止盈3% 止损离第一笔14% 拿24h,483,64,0.95,0.9,-10.3,,375,71,0.77,1.09,-10.3,,384,69,0.92,0.86,-9.6,
15分钟 持仓骤降反转 补仓F(1:1:1:1:1:1，-1.5%/-3%/-4.5%/-6%/-7.5%补) 均价止盈3% 止损离第一笔14% 拿72h,429,75,0.89,0.8,-10.3,,353,80,0.81,0.96,-10.3,,358,81,0.94,1.05,-10.3,
15分钟 持仓骤降反转 补仓F(1:1:1:1:1:1，-1.5%/-3%/-4.5%/-6%/-7.5%补) 均价止盈3% 止损离第一笔18% 拿24h,483,64,0.98,0.74,-13.4,,374,71,0.73,0.8,-14.4,,384,69,0.86,1.05,-13.4,
15分钟 持仓骤降反转 补仓F(1:1:1:1:1:1，-1.5%/-3%/-4.5%/-6%/-7.5%补) 均价止盈3% 止损离第一笔18% 拿72h,428,75,0.81,0.95,-14.4,,351,81,0.81,0.9,-14.4,,358,82,0.87,0.9,-14.4,
15分钟 持仓骤降反转 补仓F(1:1:1:1:1:1，-1.5%/-3%/-4.5%/-6%/-7.5%补) 均价止盈5% 止损离第一笔10% 拿24h,477,60,0.83,0.87,-7.2,,367,67,0.88,0.73,-7.2,,382,64,0.85,0.91,-7.2,
15分钟 持仓骤降反转 补仓F(1:1:1:1:1:1，-1.5%/-3%/-4.5%/-6%/-7.5%补) 均价止盈5% 止损离第一笔10% 拿72h,408,65,0.83,0.98,-7.2,,337,73,0.99,0.7,-7.2,,343,71,0.92,0.9,-7.2,
15分钟 持仓骤降反转 补仓F(1:1:1:1:1:1，-1.5%/-3%/-4.5%/-6%/-7.5%补) 均价止盈5% 止损离第一笔14% 拿24h,476,60,0.87,0.91,-10.3,,367,67,0.8,0.92,-10.3,,381,65,0.94,1.05,-9.6,
15分钟 持仓骤降反转 补仓F(1:1:1:1:1:1，-1.5%/-3%/-4.5%/-6%/-7.5%补) 均价止盈5% 止损离第一笔14% 拿72h,404,67,0.84,0.94,-10.3,,336,74,0.93,0.67,-10.3,,339,72,0.89,0.91,-10.3,
15分钟 持仓骤降反转 补仓F(1:1:1:1:1:1，-1.5%/-3%/-4.5%/-6%/-7.5%补) 均价止盈5% 止损离第一笔18% 拿24h,476,60,0.88,0.99,-13.4,,366,67,0.79,0.84,-14.4,,381,65,0.87,0.85,-13.4,
15分钟 持仓骤降反转 补仓F(1:1:1:1:1:1，-1.5%/-3%/-4.5%/-6%/-7.5%补) 均价止盈5% 止损离第一笔18% 拿72h,403,67,0.76,0.82,-14.4,,335,75,0.93,0.83,-14.4,,338,72,0.86,0.93,-14.4,
15分钟 持仓骤降反转 补仓F(1:1:1:1:1:1，-1.5%/-3%/-4.5%/-6%/-7.5%补) 均价止盈8% 止损离第一笔10% 拿24h,474,58,0.88,1.09,-7.2,,365,66,0.98,0.85,-7.2,,381,63,0.9,1.08,-7.2,
15分钟 持仓骤降反转 补仓F(1:1:1:1:1:1，-1.5%/-3%/-4.5%/-6%/-7.5%补) 均价止盈8% 止损离第一笔10% 拿72h,394,60,0.81,0.94,-7.2,,328,68,1.08,0.93,-7.2,,332,65,0.95,1.08,-7.2,
15分钟 持仓骤降反转 补仓F(1:1:1:1:1:1，-1.5%/-3%/-4.5%/-6%/-7.5%补) 均价止盈8% 止损离第一笔14% 拿24h,473,59,0.85,0.88,-10.3,,365,66,0.89,0.76,-10.3,,380,64,0.96,0.92,-10.3,
15分钟 持仓骤降反转 补仓F(1:1:1:1:1:1，-1.5%/-3%/-4.5%/-6%/-7.5%补) 均价止盈8% 止损离第一笔14% 拿72h,389,62,0.82,1.03,-10.3,,326,69,1.02,0.73,-10.3,,329,67,0.97,0.86,-10.3,
15分钟 持仓骤降反转 补仓F(1:1:1:1:1:1，-1.5%/-3%/-4.5%/-6%/-7.5%补) 均价止盈8% 止损离第一笔18% 拿24h,473,59,0.85,0.87,-13.4,,364,66,0.87,0.96,-14.4,,380,64,0.88,1.01,-14.4,
15分钟 持仓骤降反转 补仓F(1:1:1:1:1:1，-1.5%/-3%/-4.5%/-6%/-7.5%补) 均价止盈8% 止损离第一笔18% 拿72h,388,62,0.75,0.87,-14.4,,325,70,1.05,0.8,-14.4,,328,68,0.92,1.04,-14.4,
15分钟 持仓骤降反转 补仓G(1:1:2:2:4，-2%/-4%/-6%/-8%补) 均价止盈1% 止损离第一笔11% 拿24h,506,80,0.8,0.98,-6.1,,387,88,0.67,0.73,-6.1,,396,87,0.78,0.95,-6.1,
15分钟 持仓骤降反转 补仓G(1:1:2:2:4，-2%/-4%/-6%/-8%补) 均价止盈1% 止损离第一笔11% 拿72h,490,94,0.93,0.97,-6.1,,384,94,0.5,0.67,-6.1,,389,95,0.84,0.97,-6.1,
15分钟 持仓骤降反转 补仓G(1:1:2:2:4，-2%/-4%/-6%/-8%补) 均价止盈1% 止损离第一笔14% 拿24h,506,80,0.84,0.99,-8.3,,387,88,0.61,0.69,-9.3,,395,87,0.87,1.35,-8.3,
15分钟 持仓骤降反转 补仓G(1:1:2:2:4，-2%/-4%/-6%/-8%补) 均价止盈1% 止损离第一笔14% 拿72h,489,94,0.91,0.89,-9.3,,384,94,0.4,0.86,-9.3,,388,95,0.89,1.25,-9.3,
15分钟 持仓骤降反转 补仓G(1:1:2:2:4，-2%/-4%/-6%/-8%补) 均价止盈1% 止损离第一笔18% 拿24h,506,80,0.8,0.86,-12.1,,386,88,0.57,0.91,-12.1,,395,87,0.7,1.06,-12.1,
15分钟 持仓骤降反转 补仓G(1:1:2:2:4，-2%/-4%/-6%/-8%补) 均价止盈1% 止损离第一笔18% 拿72h,489,94,0.84,0.93,-12.1,,382,94,0.36,0.76,-13.5,,388,95,0.69,1.17,-13.5,
15分钟 持仓骤降反转 补仓G(1:1:2:2:4，-2%/-4%/-6%/-8%补) 均价止盈2% 止损离第一笔11% 拿24h,492,70,0.92,0.87,-6.1,,380,79,0.83,0.71,-6.1,,389,75,0.8,0.94,-6.1,
15分钟 持仓骤降反转 补仓G(1:1:2:2:4，-2%/-4%/-6%/-8%补) 均价止盈2% 止损离第一笔11% 拿72h,453,84,0.82,0.94,-6.1,,367,89,0.78,0.81,-6.1,,371,86,0.73,0.95,-6.1,
15分钟 持仓骤降反转 补仓G(1:1:2:2:4，-2%/-4%/-6%/-8%补) 均价止盈2% 止损离第一笔14% 拿24h,492,70,1.06,0.79,-8.3,,380,79,0.79,0.71,-9.3,,388,76,0.93,0.84,-8.3,
15分钟 持仓骤降反转 补仓G(1:1:2:2:4，-2%/-4%/-6%/-8%补) 均价止盈2% 止损离第一笔14% 拿72h,452,85,0.91,1.17,-9.3,,367,90,0.74,0.87,-9.3,,369,87,0.73,0.97,-9.3,
15分钟 持仓骤降反转 补仓G(1:1:2:2:4，-2%/-4%/-6%/-8%补) 均价止盈2% 止损离第一笔18% 拿24h,492,70,1.02,0.89,-12.1,,379,79,0.73,0.7,-13.5,,388,76,0.81,1.23,-12.1,
15分钟 持仓骤降反转 补仓G(1:1:2:2:4，-2%/-4%/-6%/-8%补) 均价止盈2% 止损离第一笔18% 拿72h,451,85,0.86,0.74,-12.1,,365,90,0.7,0.91,-13.5,,368,87,0.63,0.92,-13.5,
15分钟 持仓骤降反转 补仓G(1:1:2:2:4，-2%/-4%/-6%/-8%补) 均价止盈3% 止损离第一笔11% 拿24h,482,64,0.88,0.88,-6.1,,375,72,0.73,0.96,-6.1,,385,71,0.92,0.86,-6.1,
15分钟 持仓骤降反转 补仓G(1:1:2:2:4，-2%/-4%/-6%/-8%补) 均价止盈3% 止损离第一笔11% 拿72h,432,77,0.87,1.0,-6.1,,354,81,0.77,1.04,-6.1,,362,81,0.89,0.83,-6.1,
15分钟 持仓骤降反转 补仓G(1:1:2:2:4，-2%/-4%/-6%/-8%补) 均价止盈3% 止损离第一笔14% 拿24h,482,65,1.01,0.99,-8.3,,375,72,0.66,0.64,-9.3,,384,71,1.05,0.92,-8.3,
15分钟 持仓骤降反转 补仓G(1:1:2:2:4，-2%/-4%/-6%/-8%补) 均价止盈3% 止损离第一笔14% 拿72h,431,78,0.91,0.98,-9.3,,353,82,0.72,0.8,-9.3,,360,82,0.88,1.0,-9.3,
15分钟 持仓骤降反转 补仓G(1:1:2:2:4，-2%/-4%/-6%/-8%补) 均价止盈3% 止损离第一笔18% 拿24h,482,65,0.98,0.87,-12.1,,374,72,0.6,0.97,-13.5,,384,71,0.93,1.03,-12.1,
15分钟 持仓骤降反转 补仓G(1:1:2:2:4，-2%/-4%/-6%/-8%补) 均价止盈3% 止损离第一笔18% 拿72h,430,78,0.83,0.64,-12.1,,351,82,0.66,0.73,-13.5,,359,82,0.83,0.95,-13.5,
15分钟 持仓骤降反转 补仓G(1:1:2:2:4，-2%/-4%/-6%/-8%补) 均价止盈5% 止损离第一笔11% 拿24h,476,60,0.83,0.91,-6.1,,367,68,0.81,0.81,-6.1,,382,66,0.91,1.07,-6.1,
15分钟 持仓骤降反转 补仓G(1:1:2:2:4，-2%/-4%/-6%/-8%补) 均价止盈5% 止损离第一笔11% 拿72h,406,67,0.78,1.06,-6.1,,338,76,0.95,0.83,-6.1,,343,73,0.87,0.93,-6.1,
15分钟 持仓骤降反转 补仓G(1:1:2:2:4，-2%/-4%/-6%/-8%补) 均价止盈5% 止损离第一笔14% 拿24h,476,61,0.95,1.01,-8.3,,367,68,0.75,0.9,-9.3,,381,66,1.02,1.11,-8.3,
15分钟 持仓骤降反转 补仓G(1:1:2:2:4，-2%/-4%/-6%/-8%补) 均价止盈5% 止损离第一笔14% 拿72h,404,69,0.79,0.84,-9.3,,337,77,0.88,0.81,-9.3,,339,75,0.84,1.04,-9.3,
15分钟 持仓骤降反转 补仓G(1:1:2:2:4，-2%/-4%/-6%/-8%补) 均价止盈5% 止损离第一笔18% 拿24h,476,61,0.9,0.93,-12.1,,366,68,0.7,0.87,-13.5,,381,66,0.9,0.92,-12.1,
15分钟 持仓骤降反转 补仓G(1:1:2:2:4，-2%/-4%/-6%/-8%补) 均价止盈5% 止损离第一笔18% 拿72h,403,69,0.73,0.96,-13.5,,335,77,0.85,0.64,-13.5,,337,75,0.82,1.11,-13.5,
15分钟 持仓骤降反转 补仓G(1:1:2:2:4，-2%/-4%/-6%/-8%补) 均价止盈8% 止损离第一笔11% 拿24h,473,59,0.78,0.89,-6.1,,365,67,0.88,0.84,-6.1,,381,65,0.95,1.02,-6.1,
15分钟 持仓骤降反转 补仓G(1:1:2:2:4，-2%/-4%/-6%/-8%补) 均价止盈8% 止损离第一笔11% 拿72h,392,62,0.75,0.93,-6.1,,327,69,0.96,0.8,-6.1,,333,68,0.9,1.09,-6.1,
15分钟 持仓骤降反转 补仓G(1:1:2:2:4，-2%/-4%/-6%/-8%补) 均价止盈8% 止损离第一笔14% 拿24h,473,59,0.94,0.77,-8.3,,365,67,0.83,0.9,-9.3,,380,65,1.02,1.01,-9.3,
15分钟 持仓骤降反转 补仓G(1:1:2:2:4，-2%/-4%/-6%/-8%补) 均价止盈8% 止损离第一笔14% 拿72h,390,64,0.75,0.85,-9.3,,326,70,0.92,0.82,-9.3,,330,69,0.9,1.0,-9.3,
15分钟 持仓骤降反转 补仓G(1:1:2:2:4，-2%/-4%/-6%/-8%补) 均价止盈8% 止损离第一笔18% 拿24h,473,59,0.89,1.0,-12.1,,364,66,0.77,1.23,-13.5,,380,65,0.88,1.08,-13.5,
15分钟 持仓骤降反转 补仓G(1:1:2:2:4，-2%/-4%/-6%/-8%补) 均价止盈8% 止损离第一笔18% 拿72h,389,64,0.69,0.73,-13.5,,325,71,0.9,0.81,-13.5,,328,70,0.86,0.93,-13.5,
15分钟 持仓骤降反转 补仓H(1:1:1:1:1:1:1:1，-1%/-2%/-3%/-4%/-5%/-6%/-7%补) 均价止盈1% 止损离第一笔10% 拿24h,511,83,0.83,0.83,-6.9,,387,89,0.71,0.65,-6.9,,399,90,0.77,0.94,-6.9,
15分钟 持仓骤降反转 补仓H(1:1:1:1:1:1:1:1，-1%/-2%/-3%/-4%/-5%/-6%/-7%补) 均价止盈1% 止损离第一笔10% 拿72h,497,93,0.98,1.23,-6.9,,384,93,0.58,0.63,-6.9,,395,94,0.92,0.81,-6.9,
15分钟 持仓骤降反转 补仓H(1:1:1:1:1:1:1:1，-1%/-2%/-3%/-4%/-5%/-6%/-7%补) 均价止盈1% 止损离第一笔13% 拿24h,510,83,0.8,0.76,-10.0,,387,89,0.6,0.72,-10.0,,398,90,0.83,1.05,-10.0,
15分钟 持仓骤降反转 补仓H(1:1:1:1:1:1:1:1，-1%/-2%/-3%/-4%/-5%/-6%/-7%补) 均价止盈1% 止损离第一笔13% 拿72h,495,94,0.96,0.77,-10.0,,384,93,0.46,0.69,-10.0,,393,95,0.94,0.9,-10.0,
15分钟 持仓骤降反转 补仓H(1:1:1:1:1:1:1:1，-1%/-2%/-3%/-4%/-5%/-6%/-7%补) 均价止盈1% 止损离第一笔17% 拿24h,510,83,0.83,0.84,-13.2,,386,89,0.61,1.07,-13.2,,398,90,0.81,0.95,-13.2,
15分钟 持仓骤降反转 补仓H(1:1:1:1:1:1:1:1，-1%/-2%/-3%/-4%/-5%/-6%/-7%补) 均价止盈1% 止损离第一笔17% 拿72h,494,94,0.85,0.75,-14.1,,383,94,0.44,0.7,-14.1,,393,95,0.81,1.16,-14.1,
15分钟 持仓骤降反转 补仓H(1:1:1:1:1:1:1:1，-1%/-2%/-3%/-4%/-5%/-6%/-7%补) 均价止盈2% 止损离第一笔10% 拿24h,495,71,0.88,0.96,-6.9,,380,80,0.9,0.66,-6.9,,391,76,0.7,0.88,-6.9,
15分钟 持仓骤降反转 补仓H(1:1:1:1:1:1:1:1，-1%/-2%/-3%/-4%/-5%/-6%/-7%补) 均价止盈2% 止损离第一笔10% 拿72h,461,83,0.89,0.9,-6.9,,367,87,0.88,0.88,-6.9,,373,85,0.81,0.98,-6.9,
15分钟 持仓骤降反转 补仓H(1:1:1:1:1:1:1:1，-1%/-2%/-3%/-4%/-5%/-6%/-7%补) 均价止盈2% 止损离第一笔13% 拿24h,494,72,0.9,0.89,-10.0,,380,80,0.77,0.76,-10.0,,390,77,0.76,1.03,-10.0,
15分钟 持仓骤降反转 补仓H(1:1:1:1:1:1:1:1，-1%/-2%/-3%/-4%/-5%/-6%/-7%补) 均价止盈2% 止损离第一笔13% 拿72h,459,84,0.91,0.83,-10.0,,367,87,0.71,0.82,-10.0,,370,86,0.75,0.99,-10.0,
15分钟 持仓骤降反转 补仓H(1:1:1:1:1:1:1:1，-1%/-2%/-3%/-4%/-5%/-6%/-7%补) 均价止盈2% 止损离第一笔17% 拿24h,494,72,0.93,0.81,-13.2,,379,80,0.79,0.87,-14.1,,390,77,0.73,0.83,-13.2,
15分钟 持仓骤降反转 补仓H(1:1:1:1:1:1:1:1，-1%/-2%/-3%/-4%/-5%/-6%/-7%补) 均价止盈2% 止损离第一笔17% 拿72h,458,84,0.83,0.8,-14.1,,366,88,0.69,0.85,-14.1,,370,86,0.69,0.93,-14.1,
15分钟 持仓骤降反转 补仓H(1:1:1:1:1:1:1:1，-1%/-2%/-3%/-4%/-5%/-6%/-7%补) 均价止盈3% 止损离第一笔10% 拿24h,484,66,0.94,0.87,-6.9,,375,72,0.87,0.82,-6.9,,385,71,0.78,0.94,-6.9,
15分钟 持仓骤降反转 补仓H(1:1:1:1:1:1:1:1，-1%/-2%/-3%/-4%/-5%/-6%/-7%补) 均价止盈3% 止损离第一笔10% 拿72h,432,75,0.91,1.01,-6.9,,354,81,0.96,0.86,-6.9,,363,79,0.93,1.16,-6.9,
15分钟 持仓骤降反转 补仓H(1:1:1:1:1:1:1:1，-1%/-2%/-3%/-4%/-5%/-6%/-7%补) 均价止盈3% 止损离第一笔13% 拿24h,483,67,0.97,0.96,-10.0,,375,72,0.75,0.88,-10.0,,384,72,0.85,0.9,-10.0,
15分钟 持仓骤降反转 补仓H(1:1:1:1:1:1:1:1，-1%/-2%/-3%/-4%/-5%/-6%/-7%补) 均价止盈3% 止损离第一笔13% 拿72h,429,76,0.92,0.76,-10.0,,353,82,0.83,0.85,-10.0,,360,80,0.89,1.06,-10.0,
15分钟 持仓骤降反转 补仓H(1:1:1:1:1:1:1:1，-1%/-2%/-3%/-4%/-5%/-6%/-7%补) 均价止盈3% 止损离第一笔17% 拿24h,483,67,1.0,0.91,-13.2,,374,72,0.73,0.78,-14.1,,384,72,0.83,0.84,-13.2,
15分钟 持仓骤降反转 补仓H(1:1:1:1:1:1:1:1，-1%/-2%/-3%/-4%/-5%/-6%/-7%补) 均价止盈3% 止损离第一笔17% 拿72h,428,76,0.82,0.96,-14.1,,352,82,0.81,0.93,-14.1,,359,81,0.85,0.9,-14.1,
15分钟 持仓骤降反转 补仓H(1:1:1:1:1:1:1:1，-1%/-2%/-3%/-4%/-5%/-6%/-7%补) 均价止盈5% 止损离第一笔10% 拿24h,477,62,0.89,0.84,-6.9,,368,68,0.9,0.89,-6.9,,382,67,0.83,0.95,-6.9,
15分钟 持仓骤降反转 补仓H(1:1:1:1:1:1:1:1，-1%/-2%/-3%/-4%/-5%/-6%/-7%补) 均价止盈5% 止损离第一笔10% 拿72h,409,66,0.84,0.95,-6.9,,340,73,1.02,0.74,-6.9,,345,71,0.95,0.92,-6.9,
15分钟 持仓骤降反转 补仓H(1:1:1:1:1:1:1:1，-1%/-2%/-3%/-4%/-5%/-6%/-7%补) 均价止盈5% 止损离第一笔13% 拿24h,476,63,0.94,0.98,-10.0,,368,68,0.78,0.89,-10.0,,381,68,0.89,0.75,-10.0,
15分钟 持仓骤降反转 补仓H(1:1:1:1:1:1:1:1，-1%/-2%/-3%/-4%/-5%/-6%/-7%补) 均价止盈5% 止损离第一笔13% 拿72h,405,68,0.88,0.96,-10.0,,339,74,0.89,0.84,-10.0,,341,72,0.9,0.93,-10.0,
15分钟 持仓骤降反转 补仓H(1:1:1:1:1:1:1:1，-1%/-2%/-3%/-4%/-5%/-6%/-7%补) 均价止盈5% 止损离第一笔17% 拿24h,476,63,0.94,0.94,-13.2,,367,68,0.77,0.85,-14.1,,381,68,0.86,0.8,-13.2,
15分钟 持仓骤降反转 补仓H(1:1:1:1:1:1:1:1，-1%/-2%/-3%/-4%/-5%/-6%/-7%补) 均价止盈5% 止损离第一笔17% 拿72h,403,68,0.78,0.93,-14.1,,338,74,0.88,0.72,-14.1,,339,73,0.84,0.77,-14.1,
15分钟 持仓骤降反转 补仓H(1:1:1:1:1:1:1:1，-1%/-2%/-3%/-4%/-5%/-6%/-7%补) 均价止盈8% 止损离第一笔10% 拿24h,474,61,0.89,0.88,-6.9,,365,67,1.04,0.74,-6.9,,381,66,0.9,1.04,-6.9,
15分钟 持仓骤降反转 补仓H(1:1:1:1:1:1:1:1，-1%/-2%/-3%/-4%/-5%/-6%/-7%补) 均价止盈8% 止损离第一笔10% 拿72h,395,62,0.81,1.1,-6.9,,328,68,1.13,0.89,-6.9,✔,334,65,0.95,0.84,-6.9,
15分钟 持仓骤降反转 补仓H(1:1:1:1:1:1:1:1，-1%/-2%/-3%/-4%/-5%/-6%/-7%补) 均价止盈8% 止损离第一笔13% 拿24h,473,61,0.85,0.89,-10.0,,365,67,0.91,0.87,-10.0,,380,67,0.94,1.06,-10.0,
15分钟 持仓骤降反转 补仓H(1:1:1:1:1:1:1:1，-1%/-2%/-3%/-4%/-5%/-6%/-7%补) 均价止盈8% 止损离第一笔13% 拿72h,390,63,0.83,0.95,-10.0,,326,69,1.01,0.7,-10.0,,331,67,0.93,1.0,-10.0,
15分钟 持仓骤降反转 补仓H(1:1:1:1:1:1:1:1，-1%/-2%/-3%/-4%/-5%/-6%/-7%补) 均价止盈8% 止损离第一笔17% 拿24h,473,61,0.86,0.96,-13.2,,364,67,0.91,0.73,-14.1,,380,67,0.89,0.98,-14.1,
15分钟 持仓骤降反转 补仓H(1:1:1:1:1:1:1:1，-1%/-2%/-3%/-4%/-5%/-6%/-7%补) 均价止盈8% 止损离第一笔17% 拿72h,388,63,0.74,0.79,-14.1,,326,70,0.99,0.81,-14.1,,328,68,0.9,1.04,-14.1,
15分钟 持仓骤降反转 补仓I(1:1:1:2:2:3，-2%/-4%/-6%/-9%/-12%补) 均价止盈1% 止损离第一笔15% 拿24h,505,79,0.76,0.62,-7.4,,387,87,0.65,0.65,-8.6,,394,86,0.81,0.95,-7.4,
15分钟 持仓骤降反转 补仓I(1:1:1:2:2:3，-2%/-4%/-6%/-9%/-12%补) 均价止盈1% 止损离第一笔15% 拿72h,488,92,0.7,0.79,-8.6,,384,94,0.42,1.05,-8.6,,385,95,0.84,1.0,-8.6,
15分钟 持仓骤降反转 补仓I(1:1:1:2:2:3，-2%/-4%/-6%/-9%/-12%补) 均价止盈1% 止损离第一笔18% 拿24h,505,79,0.74,0.73,-10.2,,386,87,0.63,0.8,-10.2,,394,86,0.82,1.02,-10.2,
15分钟 持仓骤降反转 补仓I(1:1:1:2:2:3，-2%/-4%/-6%/-9%/-12%补) 均价止盈1% 止损离第一笔18% 拿72h,488,92,0.67,0.83,-10.2,,382,94,0.41,1.18,-11.8,,385,95,1.0,0.95,-10.2,
15分钟 持仓骤降反转 补仓I(1:1:1:2:2:3，-2%/-4%/-6%/-9%/-12%补) 均价止盈1% 止损离第一笔22% 拿24h,505,79,0.89,0.95,-6.2,,386,87,0.67,0.75,-14.0,,394,86,0.72,0.65,-14.0,
15分钟 持仓骤降反转 补仓I(1:1:1:2:2:3，-2%/-4%/-6%/-9%/-12%补) 均价止盈1% 止损离第一笔22% 拿72h,488,92,0.65,0.77,-14.0,,382,94,0.41,0.86,-16.1,,385,95,0.84,0.93,-14.0,
15分钟 持仓骤降反转 补仓I(1:1:1:2:2:3，-2%/-4%/-6%/-9%/-12%补) 均价止盈2% 止损离第一笔15% 拿24h,492,68,0.98,0.77,-7.4,,380,78,0.78,0.94,-8.6,,388,74,0.85,1.17,-7.4,
15分钟 持仓骤降反转 补仓I(1:1:1:2:2:3，-2%/-4%/-6%/-9%/-12%补) 均价止盈2% 止损离第一笔15% 拿72h,450,83,0.83,0.84,-8.6,,366,88,0.69,0.7,-8.6,,367,86,0.71,1.29,-8.6,
15分钟 持仓骤降反转 补仓I(1:1:1:2:2:3，-2%/-4%/-6%/-9%/-12%补) 均价止盈2% 止损离第一笔18% 拿24h,492,68,0.96,0.97,-10.2,,379,78,0.76,0.71,-11.8,,388,74,0.76,0.98,-10.2,
15分钟 持仓骤降反转 补仓I(1:1:1:2:2:3，-2%/-4%/-6%/-9%/-12%补) 均价止盈2% 止损离第一笔18% 拿72h,450,83,0.77,0.82,-10.2,,364,88,0.68,0.91,-11.8,,366,86,0.65,0.98,-11.8,
15分钟 持仓骤降反转 补仓I(1:1:1:2:2:3，-2%/-4%/-6%/-9%/-12%补) 均价止盈2% 止损离第一笔22% 拿24h,492,68,1.02,0.84,-6.2,,378,79,0.9,0.81,-14.0,,388,74,0.69,1.05,-14.0,
15分钟 持仓骤降反转 补仓I(1:1:1:2:2:3，-2%/-4%/-6%/-9%/-12%补) 均价止盈2% 止损离第一笔22% 拿72h,450,84,0.73,0.69,-14.0,,361,89,0.77,0.62,-16.1,,366,86,0.56,0.9,-14.0,
15分钟 持仓骤降反转 补仓I(1:1:1:2:2:3，-2%/-4%/-6%/-9%/-12%补) 均价止盈3% 止损离第一笔15% 拿24h,482,63,1.03,1.07,-7.4,,375,71,0.71,0.91,-8.6,,384,70,0.93,0.88,-7.4,
15分钟 持仓骤降反转 补仓I(1:1:1:2:2:3，-2%/-4%/-6%/-9%/-12%补) 均价止盈3% 止损离第一笔15% 拿72h,429,76,0.87,0.89,-8.6,,353,81,0.73,0.78,-8.6,,358,81,0.82,0.75,-8.6,
15分钟 持仓骤降反转 补仓I(1:1:1:2:2:3，-2%/-4%/-6%/-9%/-12%补) 均价止盈3% 止损离第一笔18% 拿24h,482,63,1.01,0.71,-10.2,,374,71,0.65,0.73,-11.8,,384,70,0.85,0.76,-10.2,
15分钟 持仓骤降反转 补仓I(1:1:1:2:2:3，-2%/-4%/-6%/-9%/-12%补) 均价止盈3% 止损离第一笔18% 拿72h,429,76,0.81,0.9,-10.2,,351,81,0.68,0.69,-11.8,,357,81,0.74,0.76,-11.8,
15分钟 持仓骤降反转 补仓I(1:1:1:2:2:3，-2%/-4%/-6%/-9%/-12%补) 均价止盈3% 止损离第一笔22% 拿24h,482,63,1.07,0.88,-6.2,,373,72,0.86,0.79,-14.0,,384,70,0.77,0.78,-14.0,
15分钟 持仓骤降反转 补仓I(1:1:1:2:2:3，-2%/-4%/-6%/-9%/-12%补) 均价止盈3% 止损离第一笔22% 拿72h,429,76,0.76,0.84,-14.0,,349,82,0.87,0.85,-16.1,,357,81,0.65,1.05,-16.1,
15分钟 持仓骤降反转 补仓I(1:1:1:2:2:3，-2%/-4%/-6%/-9%/-12%补) 均价止盈5% 止损离第一笔15% 拿24h,476,59,0.97,0.89,-7.4,,367,67,0.81,0.79,-8.6,,381,65,0.94,0.97,-7.4,
15分钟 持仓骤降反转 补仓I(1:1:1:2:2:3，-2%/-4%/-6%/-9%/-12%补) 均价止盈5% 止损离第一笔15% 拿72h,402,67,0.73,0.86,-8.6,,337,76,0.87,0.78,-8.6,,338,72,0.83,0.75,-8.6,
15分钟 持仓骤降反转 补仓I(1:1:1:2:2:3，-2%/-4%/-6%/-9%/-12%补) 均价止盈5% 止损离第一笔18% 拿24h,476,59,0.93,0.88,-10.2,,366,67,0.76,0.66,-11.8,,381,65,0.84,0.92,-10.2,
15分钟 持仓骤降反转 补仓I(1:1:1:2:2:3，-2%/-4%/-6%/-9%/-12%补) 均价止盈5% 止损离第一笔18% 拿72h,402,67,0.69,0.76,-11.8,,335,76,0.83,0.78,-11.8,,336,73,0.79,0.92,-11.8,
15分钟 持仓骤降反转 补仓I(1:1:1:2:2:3，-2%/-4%/-6%/-9%/-12%补) 均价止盈5% 止损离第一笔22% 拿24h,476,59,0.94,0.8,-14.0,,365,67,1.01,0.7,-14.0,,380,66,0.87,0.97,-14.0,
15分钟 持仓骤降反转 补仓I(1:1:1:2:2:3，-2%/-4%/-6%/-9%/-12%补) 均价止盈5% 止损离第一笔22% 拿72h,402,67,0.64,1.22,-14.0,,333,77,1.14,0.75,-16.1,✔,335,73,0.73,1.03,-16.1,
15分钟 持仓骤降反转 补仓I(1:1:1:2:2:3，-2%/-4%/-6%/-9%/-12%补) 均价止盈8% 止损离第一笔15% 拿24h,473,57,0.95,0.76,-7.4,,365,66,0.9,0.75,-8.6,,380,64,0.93,0.98,-8.6,
15分钟 持仓骤降反转 补仓I(1:1:1:2:2:3，-2%/-4%/-6%/-9%/-12%补) 均价止盈8% 止损离第一笔15% 拿72h,389,62,0.73,0.79,-8.6,,326,69,0.95,0.73,-8.6,,329,67,0.91,0.93,-8.6,
15分钟 持仓骤降反转 补仓I(1:1:1:2:2:3，-2%/-4%/-6%/-9%/-12%补) 均价止盈8% 止损离第一笔18% 拿24h,473,57,0.92,0.85,-10.2,,364,66,0.84,0.75,-11.8,,380,64,0.82,0.8,-11.8,
15分钟 持仓骤降反转 补仓I(1:1:1:2:2:3，-2%/-4%/-6%/-9%/-12%补) 均价止盈8% 止损离第一笔18% 拿72h,389,62,0.69,0.84,-11.8,,325,70,0.92,0.71,-11.8,,327,68,0.86,0.89,-11.8,
15分钟 持仓骤降反转 补仓I(1:1:1:2:2:3，-2%/-4%/-6%/-9%/-12%补) 均价止盈8% 止损离第一笔22% 拿24h,473,57,0.93,0.91,-14.0,,363,66,1.12,0.75,-14.0,,379,64,0.79,0.99,-16.1,
15分钟 持仓骤降反转 补仓I(1:1:1:2:2:3，-2%/-4%/-6%/-9%/-12%补) 均价止盈8% 止损离第一笔22% 拿72h,389,63,0.64,0.75,-14.0,,323,71,1.26,0.91,-16.1,✔,326,68,0.79,0.98,-16.1,
15分钟 被套反向 补仓E(1:1:1:1:1，-2%/-4%/-6%/-8%补) 均价止盈1% 止损离第一笔11% 拿24h,690,78,0.66,0.81,-7.5,,496,82,0.6,0.82,-7.5,,599,83,0.7,1.12,-7.5,
15分钟 被套反向 补仓E(1:1:1:1:1，-2%/-4%/-6%/-8%补) 均价止盈1% 止损离第一笔11% 拿72h,643,91,0.75,0.84,-7.5,,482,90,0.53,0.84,-7.5,,580,93,0.77,0.88,-7.5,
15分钟 被套反向 补仓E(1:1:1:1:1，-2%/-4%/-6%/-8%补) 均价止盈1% 止损离第一笔14% 拿24h,690,78,0.6,0.84,-10.6,,496,82,0.57,0.76,-10.6,,599,83,0.65,1.04,-9.8,
15分钟 被套反向 补仓E(1:1:1:1:1，-2%/-4%/-6%/-8%补) 均价止盈1% 止损离第一笔14% 拿72h,640,91,0.69,1.09,-10.6,,477,91,0.61,0.72,-10.6,,578,94,0.73,1.0,-10.6,
15分钟 被套反向 补仓E(1:1:1:1:1，-2%/-4%/-6%/-8%补) 均价止盈1% 止损离第一笔18% 拿24h,690,78,0.62,0.99,-13.6,,496,82,0.6,0.61,-14.7,,599,83,0.64,0.92,-13.6,
15分钟 被套反向 补仓E(1:1:1:1:1，-2%/-4%/-6%/-8%补) 均价止盈1% 止损离第一笔18% 拿72h,639,91,0.63,0.87,-14.7,,476,91,0.63,0.64,-14.7,,575,94,0.77,0.74,-13.6,
15分钟 被套反向 补仓E(1:1:1:1:1，-2%/-4%/-6%/-8%补) 均价止盈2% 止损离第一笔11% 拿24h,655,65,0.75,0.99,-7.5,,479,68,0.7,0.78,-7.5,,566,70,0.77,0.86,-7.5,
15分钟 被套反向 补仓E(1:1:1:1:1，-2%/-4%/-6%/-8%补) 均价止盈2% 止损离第一笔11% 拿72h,581,83,0.93,1.02,-7.5,,444,82,0.7,0.79,-7.5,,508,84,0.85,1.08,-7.5,
15分钟 被套反向 补仓E(1:1:1:1:1，-2%/-4%/-6%/-8%补) 均价止盈2% 止损离第一笔14% 拿24h,655,65,0.69,0.88,-10.6,,479,68,0.67,0.61,-10.6,,566,70,0.72,0.91,-9.8,
15分钟 被套反向 补仓E(1:1:1:1:1，-2%/-4%/-6%/-8%补) 均价止盈2% 止损离第一笔14% 拿72h,578,84,0.83,0.96,-10.6,,438,82,0.74,0.88,-10.6,,505,85,0.87,0.96,-10.6,
15分钟 被套反向 补仓E(1:1:1:1:1，-2%/-4%/-6%/-8%补) 均价止盈2% 止损离第一笔18% 拿24h,655,65,0.69,0.77,-13.6,,479,68,0.68,0.99,-14.7,,566,70,0.77,0.97,-13.6,
15分钟 被套反向 补仓E(1:1:1:1:1，-2%/-4%/-6%/-8%补) 均价止盈2% 止损离第一笔18% 拿72h,577,84,0.76,0.86,-14.7,,437,83,0.78,0.91,-14.7,,503,85,0.94,1.05,-13.6,
15分钟 被套反向 补仓E(1:1:1:1:1，-2%/-4%/-6%/-8%补) 均价止盈3% 止损离第一笔11% 拿24h,632,59,0.78,0.97,-7.5,,471,62,0.77,0.8,-7.5,,548,63,0.72,0.86,-7.5,
15分钟 被套反向 补仓E(1:1:1:1:1，-2%/-4%/-6%/-8%补) 均价止盈3% 止损离第一笔11% 拿72h,534,75,0.85,0.94,-7.5,,423,74,0.74,0.84,-7.5,,469,75,0.8,1.09,-7.5,
15分钟 被套反向 补仓E(1:1:1:1:1，-2%/-4%/-6%/-8%补) 均价止盈3% 止损离第一笔14% 拿24h,632,59,0.72,0.91,-10.6,,471,62,0.73,0.82,-10.6,,548,63,0.67,1.03,-9.8,
15分钟 被套反向 补仓E(1:1:1:1:1，-2%/-4%/-6%/-8%补) 均价止盈3% 止损离第一笔14% 拿72h,531,75,0.79,0.83,-10.6,,417,75,0.78,0.81,-10.6,,468,76,0.75,0.89,-10.6,
15分钟 被套反向 补仓E(1:1:1:1:1，-2%/-4%/-6%/-8%补) 均价止盈3% 止损离第一笔18% 拿24h,632,59,0.73,0.92,-13.6,,471,62,0.74,0.81,-14.7,,548,64,0.71,0.89,-13.6,
15分钟 被套反向 补仓E(1:1:1:1:1，-2%/-4%/-6%/-8%补) 均价止盈3% 止损离第一笔18% 拿72h,529,75,0.74,0.94,-14.7,,416,75,0.79,0.75,-14.7,,462,76,0.77,0.94,-14.7,
15分钟 被套反向 补仓E(1:1:1:1:1，-2%/-4%/-6%/-8%补) 均价止盈5% 止损离第一笔11% 拿24h,618,56,0.8,0.95,-7.5,,464,56,0.7,0.8,-7.5,,530,58,0.82,1.06,-6.9,
15分钟 被套反向 补仓E(1:1:1:1:1，-2%/-4%/-6%/-8%补) 均价止盈5% 止损离第一笔11% 拿72h,489,66,0.84,0.87,-7.5,,394,64,0.69,0.73,-7.5,,421,66,0.81,0.99,-7.5,
15分钟 被套反向 补仓E(1:1:1:1:1，-2%/-4%/-6%/-8%补) 均价止盈5% 止损离第一笔14% 拿24h,618,56,0.75,0.81,-10.6,,464,56,0.66,0.79,-10.6,,530,59,0.77,0.92,-9.8,
15分钟 被套反向 补仓E(1:1:1:1:1，-2%/-4%/-6%/-8%补) 均价止盈5% 止损离第一笔14% 拿72h,486,66,0.76,0.91,-10.6,,390,66,0.72,0.84,-10.6,,420,67,0.79,0.95,-10.6,
15分钟 被套反向 补仓E(1:1:1:1:1，-2%/-4%/-6%/-8%补) 均价止盈5% 止损离第一笔18% 拿24h,618,56,0.74,0.89,-13.6,,464,56,0.67,0.89,-14.7,,530,59,0.83,0.85,-13.6,
15分钟 被套反向 补仓E(1:1:1:1:1，-2%/-4%/-6%/-8%补) 均价止盈5% 止损离第一笔18% 拿72h,485,66,0.71,0.93,-14.7,,389,66,0.72,0.83,-14.7,,417,67,0.81,0.91,-14.7,
15分钟 被套反向 补仓E(1:1:1:1:1，-2%/-4%/-6%/-8%补) 均价止盈8% 止损离第一笔11% 拿24h,613,55,0.74,0.94,-7.5,,461,56,0.71,0.84,-7.5,,528,58,0.88,1.01,-6.9,
15分钟 被套反向 补仓E(1:1:1:1:1，-2%/-4%/-6%/-8%补) 均价止盈8% 止损离第一笔11% 拿72h,471,61,0.75,0.94,-7.5,,371,60,0.7,0.75,-7.5,,401,59,0.71,1.0,-7.5,
15分钟 被套反向 补仓E(1:1:1:1:1，-2%/-4%/-6%/-8%补) 均价止盈8% 止损离第一笔14% 拿24h,613,55,0.69,0.87,-10.6,,461,56,0.67,1.04,-10.6,,528,58,0.84,1.0,-9.8,
15分钟 被套反向 补仓E(1:1:1:1:1，-2%/-4%/-6%/-8%补) 均价止盈8% 止损离第一笔14% 拿72h,469,62,0.7,0.95,-10.6,,368,61,0.72,0.7,-10.6,,400,61,0.71,1.12,-10.6,
15分钟 被套反向 补仓E(1:1:1:1:1，-2%/-4%/-6%/-8%补) 均价止盈8% 止损离第一笔18% 拿24h,613,55,0.68,0.99,-13.6,,461,56,0.67,0.88,-14.7,,528,58,0.89,0.84,-13.6,
15分钟 被套反向 补仓E(1:1:1:1:1，-2%/-4%/-6%/-8%补) 均价止盈8% 止损离第一笔18% 拿72h,468,62,0.65,0.76,-14.7,,367,62,0.7,0.74,-14.7,,396,62,0.73,1.06,-14.7,
15分钟 被套反向 补仓F(1:1:1:1:1:1，-1.5%/-3%/-4.5%/-6%/-7.5%补) 均价止盈1% 止损离第一笔10% 拿24h,692,79,0.65,0.88,-7.2,,499,83,0.58,0.77,-7.2,,603,85,0.73,0.98,-7.2,
15分钟 被套反向 补仓F(1:1:1:1:1:1，-1.5%/-3%/-4.5%/-6%/-7.5%补) 均价止盈1% 止损离第一笔10% 拿72h,653,90,0.69,0.94,-7.2,,488,91,0.52,1.0,-7.2,,585,94,0.77,1.28,-7.2,
15分钟 被套反向 补仓F(1:1:1:1:1:1，-1.5%/-3%/-4.5%/-6%/-7.5%补) 均价止盈1% 止损离第一笔14% 拿24h,692,79,0.58,0.83,-10.3,,498,83,0.53,0.55,-10.3,,603,85,0.67,1.0,-9.6,
15分钟 被套反向 补仓F(1:1:1:1:1:1，-1.5%/-3%/-4.5%/-6%/-7.5%补) 均价止盈1% 止损离第一笔14% 拿72h,649,91,0.62,0.71,-10.3,,481,91,0.52,0.8,-10.3,,584,94,0.74,1.05,-10.3,
15分钟 被套反向 补仓F(1:1:1:1:1:1，-1.5%/-3%/-4.5%/-6%/-7.5%补) 均价止盈1% 止损离第一笔18% 拿24h,692,79,0.6,0.85,-13.4,,498,83,0.58,0.71,-14.4,,603,85,0.65,0.91,-13.4,
15分钟 被套反向 补仓F(1:1:1:1:1:1，-1.5%/-3%/-4.5%/-6%/-7.5%补) 均价止盈1% 止损离第一笔18% 拿72h,648,91,0.55,0.73,-14.4,,479,92,0.6,0.78,-14.4,,583,94,0.73,1.11,-13.4,
15分钟 被套反向 补仓F(1:1:1:1:1:1，-1.5%/-3%/-4.5%/-6%/-7.5%补) 均价止盈2% 止损离第一笔10% 拿24h,656,67,0.78,0.98,-7.2,,480,70,0.71,0.9,-7.2,,570,72,0.78,0.87,-7.2,
15分钟 被套反向 补仓F(1:1:1:1:1:1，-1.5%/-3%/-4.5%/-6%/-7.5%补) 均价止盈2% 止损离第一笔10% 拿72h,580,83,0.94,1.01,-7.2,,448,83,0.71,0.89,-7.2,,517,85,0.95,0.91,-7.2,
15分钟 被套反向 补仓F(1:1:1:1:1:1，-1.5%/-3%/-4.5%/-6%/-7.5%补) 均价止盈2% 止损离第一笔14% 拿24h,656,67,0.7,1.04,-10.3,,479,70,0.64,1.07,-10.3,,570,72,0.72,0.89,-9.6,
15分钟 被套反向 补仓F(1:1:1:1:1:1，-1.5%/-3%/-4.5%/-6%/-7.5%补) 均价止盈2% 止损离第一笔14% 拿72h,576,83,0.86,1.02,-10.3,,440,83,0.72,0.86,-10.3,,515,86,0.95,0.96,-10.3,
15分钟 被套反向 补仓F(1:1:1:1:1:1，-1.5%/-3%/-4.5%/-6%/-7.5%补) 均价止盈2% 止损离第一笔18% 拿24h,656,67,0.71,0.94,-13.4,,479,70,0.68,0.7,-14.4,,570,72,0.77,0.94,-13.4,
15分钟 被套反向 补仓F(1:1:1:1:1:1，-1.5%/-3%/-4.5%/-6%/-7.5%补) 均价止盈2% 止损离第一笔18% 拿72h,575,83,0.77,0.91,-14.4,,438,84,0.81,0.93,-14.4,,515,87,0.97,0.99,-13.4,
15分钟 被套反向 补仓F(1:1:1:1:1:1，-1.5%/-3%/-4.5%/-6%/-7.5%补) 均价止盈3% 止损离第一笔10% 拿24h,632,62,0.82,0.79,-7.2,,472,64,0.74,0.95,-7.2,,550,65,0.69,0.89,-7.2,
15分钟 被套反向 补仓F(1:1:1:1:1:1，-1.5%/-3%/-4.5%/-6%/-7.5%补) 均价止盈3% 止损离第一笔10% 拿72h,536,75,0.87,0.95,-7.2,,427,75,0.77,0.78,-7.2,,470,75,0.8,0.83,-7.2,
15分钟 被套反向 补仓F(1:1:1:1:1:1，-1.5%/-3%/-4.5%/-6%/-7.5%补) 均价止盈3% 止损离第一笔14% 拿24h,632,62,0.74,1.08,-10.3,,471,64,0.67,0.83,-10.3,,550,65,0.67,0.94,-9.6,
15分钟 被套反向 补仓F(1:1:1:1:1:1，-1.5%/-3%/-4.5%/-6%/-7.5%补) 均价止盈3% 止损离第一笔14% 拿72h,532,75,0.85,0.94,-10.3,,419,76,0.75,0.84,-10.3,,469,76,0.73,0.96,-10.3,
15分钟 被套反向 补仓F(1:1:1:1:1:1，-1.5%/-3%/-4.5%/-6%/-7.5%补) 均价止盈3% 止损离第一笔18% 拿24h,632,62,0.75,0.76,-13.4,,471,64,0.7,0.85,-14.4,,550,66,0.7,0.95,-13.4,
15分钟 被套反向 补仓F(1:1:1:1:1:1，-1.5%/-3%/-4.5%/-6%/-7.5%补) 均价止盈3% 止损离第一笔18% 拿72h,530,75,0.78,0.89,-14.4,,417,76,0.82,1.01,-14.4,,466,76,0.72,1.0,-14.4,
15分钟 被套反向 补仓F(1:1:1:1:1:1，-1.5%/-3%/-4.5%/-6%/-7.5%补) 均价止盈5% 止损离第一笔10% 拿24h,618,59,0.84,0.95,-7.2,,464,58,0.71,0.85,-7.2,,531,61,0.81,0.97,-6.7,
15分钟 被套反向 补仓F(1:1:1:1:1:1，-1.5%/-3%/-4.5%/-6%/-7.5%补) 均价止盈5% 止损离第一笔10% 拿72h,492,66,0.83,0.97,-7.2,,395,65,0.7,0.81,-7.2,,422,64,0.78,0.96,-7.2,
15分钟 被套反向 补仓F(1:1:1:1:1:1，-1.5%/-3%/-4.5%/-6%/-7.5%补) 均价止盈5% 止损离第一笔14% 拿24h,618,59,0.77,0.87,-10.3,,464,58,0.64,0.84,-10.3,,531,62,0.78,0.94,-9.6,
15分钟 被套反向 补仓F(1:1:1:1:1:1，-1.5%/-3%/-4.5%/-6%/-7.5%补) 均价止盈5% 止损离第一笔14% 拿72h,487,66,0.78,0.9,-10.3,,388,67,0.72,0.94,-10.3,,421,66,0.73,0.93,-10.3,
15分钟 被套反向 补仓F(1:1:1:1:1:1，-1.5%/-3%/-4.5%/-6%/-7.5%补) 均价止盈5% 止损离第一笔18% 拿24h,618,59,0.76,0.9,-13.4,,464,58,0.67,0.78,-14.4,,531,62,0.82,0.92,-13.4,
15分钟 被套反向 补仓F(1:1:1:1:1:1，-1.5%/-3%/-4.5%/-6%/-7.5%补) 均价止盈5% 止损离第一笔18% 拿72h,486,66,0.71,0.88,-14.4,,387,67,0.71,0.84,-14.4,,418,67,0.77,1.0,-14.4,
15分钟 被套反向 补仓F(1:1:1:1:1:1，-1.5%/-3%/-4.5%/-6%/-7.5%补) 均价止盈8% 止损离第一笔10% 拿24h,613,59,0.77,0.87,-7.2,,461,57,0.71,0.88,-7.2,,528,61,0.86,0.92,-6.7,
15分钟 被套反向 补仓F(1:1:1:1:1:1，-1.5%/-3%/-4.5%/-6%/-7.5%补) 均价止盈8% 止损离第一笔10% 拿72h,472,61,0.74,0.97,-7.2,,373,60,0.71,0.83,-7.2,,402,59,0.75,1.01,-7.2,
15分钟 被套反向 补仓F(1:1:1:1:1:1，-1.5%/-3%/-4.5%/-6%/-7.5%补) 均价止盈8% 止损离第一笔14% 拿24h,613,59,0.71,0.93,-10.3,,461,57,0.64,0.82,-10.3,,528,61,0.84,1.0,-9.6,
15分钟 被套反向 补仓F(1:1:1:1:1:1，-1.5%/-3%/-4.5%/-6%/-7.5%补) 均价止盈8% 止损离第一笔14% 拿72h,469,61,0.71,0.93,-10.3,,367,62,0.72,0.82,-10.3,,401,61,0.72,0.93,-10.3,
15分钟 被套反向 补仓F(1:1:1:1:1:1，-1.5%/-3%/-4.5%/-6%/-7.5%补) 均价止盈8% 止损离第一笔18% 拿24h,613,59,0.71,0.99,-13.4,,461,57,0.67,0.95,-14.4,,528,61,0.88,0.96,-13.4,
15分钟 被套反向 补仓F(1:1:1:1:1:1，-1.5%/-3%/-4.5%/-6%/-7.5%补) 均价止盈8% 止损离第一笔18% 拿72h,468,61,0.65,0.93,-14.4,,366,62,0.71,0.75,-14.4,,397,61,0.73,0.88,-14.4,
15分钟 被套反向 补仓G(1:1:2:2:4，-2%/-4%/-6%/-8%补) 均价止盈1% 止损离第一笔11% 拿24h,690,79,0.69,0.99,-6.1,,496,83,0.52,0.74,-6.1,,600,85,0.77,0.89,-5.5,
15分钟 被套反向 补仓G(1:1:2:2:4，-2%/-4%/-6%/-8%补) 均价止盈1% 止损离第一笔11% 拿72h,647,93,0.79,0.89,-6.1,,486,92,0.5,0.84,-6.1,,581,95,0.82,0.97,-6.1,
15分钟 被套反向 补仓G(1:1:2:2:4，-2%/-4%/-6%/-8%补) 均价止盈1% 止损离第一笔14% 拿24h,690,79,0.63,0.93,-9.3,,496,83,0.47,0.61,-9.3,,600,85,0.69,1.04,-8.3,
15分钟 被套反向 补仓G(1:1:2:2:4，-2%/-4%/-6%/-8%补) 均价止盈1% 止损离第一笔14% 拿72h,645,93,0.6,1.15,-9.3,,485,93,0.58,0.76,-9.3,,579,95,0.75,1.0,-9.3,
15分钟 被套反向 补仓G(1:1:2:2:4，-2%/-4%/-6%/-8%补) 均价止盈1% 止损离第一笔18% 拿24h,690,79,0.73,0.98,-7.7,,496,83,0.52,0.71,-13.5,,600,85,0.68,1.08,-12.1,
15分钟 被套反向 补仓G(1:1:2:2:4，-2%/-4%/-6%/-8%补) 均价止盈1% 止损离第一笔18% 拿72h,644,93,0.51,0.8,-13.5,,484,93,0.61,0.54,-13.5,,576,96,0.81,0.99,-12.1,
15分钟 被套反向 补仓G(1:1:2:2:4，-2%/-4%/-6%/-8%补) 均价止盈2% 止损离第一笔11% 拿24h,656,66,0.69,0.99,-6.1,,479,70,0.63,0.81,-6.1,,567,72,0.78,0.89,-6.1,
15分钟 被套反向 补仓G(1:1:2:2:4，-2%/-4%/-6%/-8%补) 均价止盈2% 止损离第一笔11% 拿72h,585,84,0.81,1.03,-6.1,,447,85,0.66,0.78,-6.1,,515,87,0.89,1.04,-6.1,
15分钟 被套反向 补仓G(1:1:2:2:4，-2%/-4%/-6%/-8%补) 均价止盈2% 止损离第一笔14% 拿24h,656,66,0.61,0.91,-9.3,,479,70,0.58,0.63,-9.3,,567,72,0.69,0.89,-8.3,
15分钟 被套反向 补仓G(1:1:2:2:4，-2%/-4%/-6%/-8%补) 均价止盈2% 止损离第一笔14% 拿72h,582,84,0.67,0.86,-9.3,,441,86,0.77,0.82,-9.3,,513,88,0.88,1.1,-9.3,
15分钟 被套反向 补仓G(1:1:2:2:4，-2%/-4%/-6%/-8%补) 均价止盈2% 止损离第一笔18% 拿24h,656,66,0.64,0.95,-12.1,,479,70,0.6,0.64,-13.5,,567,72,0.76,0.88,-12.1,
15分钟 被套反向 补仓G(1:1:2:2:4，-2%/-4%/-6%/-8%补) 均价止盈2% 止损离第一笔18% 拿72h,581,85,0.61,0.74,-13.5,,440,86,0.78,0.76,-13.5,,511,88,0.95,1.1,-12.1,
15分钟 被套反向 补仓G(1:1:2:2:4，-2%/-4%/-6%/-8%补) 均价止盈3% 止损离第一笔11% 拿24h,632,60,0.69,0.87,-6.1,,471,63,0.71,0.89,-6.1,,548,65,0.73,0.94,-6.1,
15分钟 被套反向 补仓G(1:1:2:2:4，-2%/-4%/-6%/-8%补) 均价止盈3% 止损离第一笔11% 拿72h,536,77,0.81,1.07,-6.1,,425,77,0.73,0.79,-6.1,,474,77,0.76,0.93,-6.1,
15分钟 被套反向 补仓G(1:1:2:2:4，-2%/-4%/-6%/-8%补) 均价止盈3% 止损离第一笔14% 拿24h,632,60,0.61,1.11,-9.3,,471,63,0.64,0.74,-9.3,,548,65,0.65,0.86,-8.3,
15分钟 被套反向 补仓G(1:1:2:2:4，-2%/-4%/-6%/-8%补) 均价止盈3% 止损离第一笔14% 拿72h,533,78,0.76,0.79,-9.3,,419,78,0.8,0.78,-9.3,,473,78,0.7,1.08,-9.3,
15分钟 被套反向 补仓G(1:1:2:2:4，-2%/-4%/-6%/-8%补) 均价止盈3% 止损离第一笔18% 拿24h,632,60,0.62,1.09,-12.1,,471,63,0.66,0.71,-13.5,,548,65,0.7,1.05,-12.1,
15分钟 被套反向 补仓G(1:1:2:2:4，-2%/-4%/-6%/-8%补) 均价止盈3% 止损离第一笔18% 拿72h,531,78,0.68,0.74,-13.5,,418,78,0.85,0.79,-13.5,,468,79,0.75,1.0,-13.5,
15分钟 被套反向 补仓G(1:1:2:2:4，-2%/-4%/-6%/-8%补) 均价止盈5% 止损离第一笔11% 拿24h,619,57,0.73,0.96,-6.1,,464,58,0.67,1.0,-6.1,,530,60,0.82,0.94,-5.5,
15分钟 被套反向 补仓G(1:1:2:2:4，-2%/-4%/-6%/-8%补) 均价止盈5% 止损离第一笔11% 拿72h,490,69,0.77,0.99,-6.1,,396,67,0.7,0.7,-6.1,,422,68,0.82,0.86,-6.1,
15分钟 被套反向 补仓G(1:1:2:2:4，-2%/-4%/-6%/-8%补) 均价止盈5% 止损离第一笔14% 拿24h,619,57,0.65,0.81,-9.3,,464,58,0.61,1.09,-9.3,,530,61,0.75,0.97,-8.3,
15分钟 被套反向 补仓G(1:1:2:2:4，-2%/-4%/-6%/-8%补) 均价止盈5% 止损离第一笔14% 拿72h,487,69,0.69,0.96,-9.3,,392,70,0.78,0.68,-9.3,,422,70,0.77,1.0,-9.3,
15分钟 被套反向 补仓G(1:1:2:2:4，-2%/-4%/-6%/-8%补) 均价止盈5% 止损离第一笔18% 拿24h,619,57,0.65,0.86,-12.1,,464,58,0.61,0.83,-13.5,,530,61,0.82,0.97,-12.1,
15分钟 被套反向 补仓G(1:1:2:2:4，-2%/-4%/-6%/-8%补) 均价止盈5% 止损离第一笔18% 拿72h,486,69,0.63,0.83,-13.5,,391,70,0.78,0.8,-13.5,,417,70,0.79,1.0,-13.5,
15分钟 被套反向 补仓G(1:1:2:2:4，-2%/-4%/-6%/-8%补) 均价止盈8% 止损离第一笔11% 拿24h,613,56,0.68,0.87,-6.1,,461,57,0.67,0.87,-6.1,,528,60,0.89,0.95,-5.5,
15分钟 被套反向 补仓G(1:1:2:2:4，-2%/-4%/-6%/-8%补) 均价止盈8% 止损离第一笔11% 拿72h,471,64,0.68,0.93,-6.1,,371,62,0.66,0.8,-6.1,,401,62,0.7,0.94,-6.1,
15分钟 被套反向 补仓G(1:1:2:2:4，-2%/-4%/-6%/-8%补) 均价止盈8% 止损离第一笔14% 拿24h,613,56,0.62,0.91,-9.3,,461,57,0.6,0.95,-9.3,,528,60,0.82,0.98,-8.3,
15分钟 被套反向 补仓G(1:1:2:2:4，-2%/-4%/-6%/-8%补) 均价止盈8% 止损离第一笔14% 拿72h,469,64,0.61,0.96,-9.3,,368,64,0.71,0.74,-9.3,,400,64,0.71,1.07,-9.3,
15分钟 被套反向 补仓G(1:1:2:2:4，-2%/-4%/-6%/-8%补) 均价止盈8% 止损离第一笔18% 拿24h,613,56,0.61,1.03,-12.1,,461,57,0.61,0.77,-13.5,,528,60,0.94,0.84,-12.1,
15分钟 被套反向 补仓G(1:1:2:2:4，-2%/-4%/-6%/-8%补) 均价止盈8% 止损离第一笔18% 拿72h,468,64,0.55,1.04,-13.5,,367,65,0.69,0.7,-13.5,,397,64,0.75,0.91,-13.5,
15分钟 被套反向 补仓H(1:1:1:1:1:1:1:1，-1%/-2%/-3%/-4%/-5%/-6%/-7%补) 均价止盈1% 止损离第一笔10% 拿24h,693,81,0.64,0.91,-6.9,,503,85,0.56,0.56,-6.9,,604,86,0.64,0.97,-6.9,
15分钟 被套反向 补仓H(1:1:1:1:1:1:1:1，-1%/-2%/-3%/-4%/-5%/-6%/-7%补) 均价止盈1% 止损离第一笔10% 拿72h,654,92,0.7,1.21,-6.9,,491,91,0.49,0.74,-6.9,,587,94,0.81,1.01,-6.9,
15分钟 被套反向 补仓H(1:1:1:1:1:1:1:1，-1%/-2%/-3%/-4%/-5%/-6%/-7%补) 均价止盈1% 止损离第一笔13% 拿24h,693,81,0.57,0.85,-10.0,,500,86,0.53,0.7,-10.0,,604,86,0.56,0.86,-9.4,
15分钟 被套反向 补仓H(1:1:1:1:1:1:1:1，-1%/-2%/-3%/-4%/-5%/-6%/-7%补) 均价止盈1% 止损离第一笔13% 拿72h,651,92,0.65,0.75,-10.0,,484,92,0.5,0.64,-10.0,,585,94,0.65,0.82,-10.0,
15分钟 被套反向 补仓H(1:1:1:1:1:1:1:1，-1%/-2%/-3%/-4%/-5%/-6%/-7%补) 均价止盈1% 止损离第一笔17% 拿24h,693,81,0.59,0.69,-13.2,,500,86,0.56,0.8,-14.1,,604,86,0.58,0.85,-13.2,
15分钟 被套反向 补仓H(1:1:1:1:1:1:1:1，-1%/-2%/-3%/-4%/-5%/-6%/-7%补) 均价止盈1% 止损离第一笔17% 拿72h,649,92,0.58,1.05,-14.1,,480,92,0.58,0.8,-14.1,,584,95,0.69,0.9,-13.2,
15分钟 被套反向 补仓H(1:1:1:1:1:1:1:1，-1%/-2%/-3%/-4%/-5%/-6%/-7%补) 均价止盈2% 止损离第一笔10% 拿24h,657,68,0.72,0.92,-6.9,,481,73,0.71,0.8,-6.9,,570,74,0.77,0.9,-6.9,
15分钟 被套反向 补仓H(1:1:1:1:1:1:1:1，-1%/-2%/-3%/-4%/-5%/-6%/-7%补) 均价止盈2% 止损离第一笔10% 拿72h,586,84,0.87,0.82,-6.9,,451,84,0.72,0.94,-6.9,,517,85,0.87,1.15,-6.9,
15分钟 被套反向 补仓H(1:1:1:1:1:1:1:1，-1%/-2%/-3%/-4%/-5%/-6%/-7%补) 均价止盈2% 止损离第一笔13% 拿24h,657,68,0.66,1.01,-10.0,,479,73,0.64,0.92,-10.0,,570,74,0.69,1.09,-9.4,
15分钟 被套反向 补仓H(1:1:1:1:1:1:1:1，-1%/-2%/-3%/-4%/-5%/-6%/-7%补) 均价止盈2% 止损离第一笔13% 拿72h,582,84,0.82,0.93,-10.0,,444,84,0.73,0.78,-10.0,,514,86,0.84,0.9,-10.0,
15分钟 被套反向 补仓H(1:1:1:1:1:1:1:1，-1%/-2%/-3%/-4%/-5%/-6%/-7%补) 均价止盈2% 止损离第一笔17% 拿24h,657,68,0.67,0.84,-13.2,,479,73,0.66,0.72,-14.1,,570,74,0.76,0.9,-13.2,
15分钟 被套反向 补仓H(1:1:1:1:1:1:1:1，-1%/-2%/-3%/-4%/-5%/-6%/-7%补) 均价止盈2% 止损离第一笔17% 拿72h,580,84,0.74,0.91,-14.1,,440,85,0.81,1.02,-14.1,,513,87,0.87,1.01,-13.2,
15分钟 被套反向 补仓H(1:1:1:1:1:1:1:1，-1%/-2%/-3%/-4%/-5%/-6%/-7%补) 均价止盈3% 止损离第一笔10% 拿24h,634,64,0.79,0.88,-6.9,,473,67,0.77,0.86,-6.9,,549,66,0.68,0.99,-6.9,
15分钟 被套反向 补仓H(1:1:1:1:1:1:1:1，-1%/-2%/-3%/-4%/-5%/-6%/-7%补) 均价止盈3% 止损离第一笔10% 拿72h,547,76,0.87,1.07,-6.9,,430,76,0.76,0.86,-6.9,,475,76,0.81,0.86,-6.9,
15分钟 被套反向 补仓H(1:1:1:1:1:1:1:1，-1%/-2%/-3%/-4%/-5%/-6%/-7%补) 均价止盈3% 止损离第一笔13% 拿24h,634,64,0.73,0.98,-10.0,,471,67,0.7,0.83,-10.0,,549,66,0.62,0.86,-9.4,
15分钟 被套反向 补仓H(1:1:1:1:1:1:1:1，-1%/-2%/-3%/-4%/-5%/-6%/-7%补) 均价止盈3% 止损离第一笔13% 拿72h,541,77,0.87,1.01,-10.0,,423,77,0.78,0.78,-10.0,,473,77,0.78,0.93,-10.0,
15分钟 被套反向 补仓H(1:1:1:1:1:1:1:1，-1%/-2%/-3%/-4%/-5%/-6%/-7%补) 均价止盈3% 止损离第一笔17% 拿24h,634,64,0.74,0.74,-13.2,,471,67,0.7,0.72,-14.1,,549,66,0.67,0.96,-13.2,
15分钟 被套反向 补仓H(1:1:1:1:1:1:1:1，-1%/-2%/-3%/-4%/-5%/-6%/-7%补) 均价止盈3% 止损离第一笔17% 拿72h,538,77,0.81,0.94,-14.1,,419,77,0.83,0.8,-14.1,,471,77,0.76,0.91,-14.1,
15分钟 被套反向 补仓H(1:1:1:1:1:1:1:1，-1%/-2%/-3%/-4%/-5%/-6%/-7%补) 均价止盈5% 止损离第一笔10% 拿24h,618,61,0.79,1.09,-6.9,,465,61,0.74,0.91,-6.9,,530,62,0.79,0.98,-6.9,
15分钟 被套反向 补仓H(1:1:1:1:1:1:1:1，-1%/-2%/-3%/-4%/-5%/-6%/-7%补) 均价止盈5% 止损离第一笔10% 拿72h,496,67,0.8,1.0,-6.9,,400,66,0.74,0.84,-6.9,,426,66,0.81,1.03,-6.9,
15分钟 被套反向 补仓H(1:1:1:1:1:1:1:1，-1%/-2%/-3%/-4%/-5%/-6%/-7%补) 均价止盈5% 止损离第一笔13% 拿24h,618,61,0.74,0.9,-10.0,,464,61,0.68,0.87,-10.0,,530,62,0.73,0.97,-9.4,
15分钟 被套反向 补仓H(1:1:1:1:1:1:1:1，-1%/-2%/-3%/-4%/-5%/-6%/-7%补) 均价止盈5% 止损离第一笔13% 拿72h,488,67,0.79,1.01,-10.0,,393,68,0.79,0.75,-10.0,,425,68,0.77,0.81,-10.0,
15分钟 被套反向 补仓H(1:1:1:1:1:1:1:1，-1%/-2%/-3%/-4%/-5%/-6%/-7%补) 均价止盈5% 止损离第一笔17% 拿24h,618,61,0.74,0.86,-13.2,,464,61,0.67,0.66,-14.1,,530,63,0.8,1.05,-13.2,
15分钟 被套反向 补仓H(1:1:1:1:1:1:1:1，-1%/-2%/-3%/-4%/-5%/-6%/-7%补) 均价止盈5% 止损离第一笔17% 拿72h,487,67,0.71,1.12,-14.1,,391,68,0.79,0.74,-14.1,,423,68,0.79,0.96,-14.1,
15分钟 被套反向 补仓H(1:1:1:1:1:1:1:1，-1%/-2%/-3%/-4%/-5%/-6%/-7%补) 均价止盈8% 止损离第一笔10% 拿24h,613,60,0.73,0.93,-6.9,,462,60,0.74,0.87,-6.9,,528,62,0.84,0.88,-6.9,
15分钟 被套反向 补仓H(1:1:1:1:1:1:1:1，-1%/-2%/-3%/-4%/-5%/-6%/-7%补) 均价止盈8% 止损离第一笔10% 拿72h,474,62,0.71,0.92,-6.9,,375,61,0.74,0.88,-6.9,,403,60,0.74,0.91,-6.9,
15分钟 被套反向 补仓H(1:1:1:1:1:1:1:1，-1%/-2%/-3%/-4%/-5%/-6%/-7%补) 均价止盈8% 止损离第一笔13% 拿24h,613,60,0.69,0.79,-10.0,,461,60,0.67,0.88,-10.0,,528,62,0.79,0.97,-9.4,
15分钟 被套反向 补仓H(1:1:1:1:1:1:1:1，-1%/-2%/-3%/-4%/-5%/-6%/-7%补) 均价止盈8% 止损离第一笔13% 拿72h,469,63,0.72,0.93,-10.0,,369,63,0.74,0.77,-10.0,,402,61,0.71,0.89,-10.0,
15分钟 被套反向 补仓H(1:1:1:1:1:1:1:1，-1%/-2%/-3%/-4%/-5%/-6%/-7%补) 均价止盈8% 止损离第一笔17% 拿24h,613,60,0.69,0.9,-13.2,,461,60,0.67,0.84,-14.1,,528,62,0.86,0.82,-13.2,
15分钟 被套反向 补仓H(1:1:1:1:1:1:1:1，-1%/-2%/-3%/-4%/-5%/-6%/-7%补) 均价止盈8% 止损离第一笔17% 拿72h,468,63,0.66,0.99,-14.1,,367,63,0.72,0.82,-14.1,,399,62,0.73,1.03,-14.1,
15分钟 被套反向 补仓I(1:1:1:2:2:3，-2%/-4%/-6%/-9%/-12%补) 均价止盈1% 止损离第一笔15% 拿24h,690,79,0.65,0.83,-8.6,,496,82,0.51,0.66,-8.6,,599,83,0.6,0.75,-7.4,
15分钟 被套反向 补仓I(1:1:1:2:2:3，-2%/-4%/-6%/-9%/-12%补) 均价止盈1% 止损离第一笔15% 拿72h,642,92,0.59,0.68,-8.6,,479,92,0.61,0.53,-8.6,,577,95,0.84,1.15,-8.6,
15分钟 被套反向 补仓I(1:1:1:2:2:3，-2%/-4%/-6%/-9%/-12%补) 均价止盈1% 止损离第一笔18% 拿24h,690,79,0.7,0.99,-10.2,,496,82,0.58,0.63,-11.8,,599,83,0.57,0.86,-10.2,
15分钟 被套反向 补仓I(1:1:1:2:2:3，-2%/-4%/-6%/-9%/-12%补) 均价止盈1% 止损离第一笔18% 拿72h,641,92,0.53,0.79,-11.8,,478,93,0.7,0.52,-11.8,,575,95,0.75,1.02,-10.2,
15分钟 被套反向 补仓I(1:1:1:2:2:3，-2%/-4%/-6%/-9%/-12%补) 均价止盈1% 止损离第一笔22% 拿24h,690,79,0.7,0.79,-10.0,,496,82,0.57,0.97,-16.1,,599,84,0.64,1.26,-10.8,
15分钟 被套反向 补仓I(1:1:1:2:2:3，-2%/-4%/-6%/-9%/-12%补) 均价止盈1% 止损离第一笔22% 拿72h,641,92,0.52,0.81,-14.0,,478,93,0.66,0.88,-16.1,,574,95,1.0,0.98,-14.0,
15分钟 被套反向 补仓I(1:1:1:2:2:3，-2%/-4%/-6%/-9%/-12%补) 均价止盈2% 止损离第一笔15% 拿24h,656,65,0.65,0.88,-8.6,,479,70,0.61,0.79,-8.6,,566,70,0.68,0.95,-7.4,
15分钟 被套反向 补仓I(1:1:1:2:2:3，-2%/-4%/-6%/-9%/-12%补) 均价止盈2% 止损离第一笔15% 拿72h,578,84,0.67,0.87,-8.6,,440,85,0.74,0.83,-8.6,,507,87,0.87,1.01,-8.6,
15分钟 被套反向 补仓I(1:1:1:2:2:3，-2%/-4%/-6%/-9%/-12%补) 均价止盈2% 止损离第一笔18% 拿24h,656,65,0.65,0.9,-10.2,,479,70,0.64,0.75,-11.8,,566,71,0.73,1.05,-10.2,
15分钟 被套反向 补仓I(1:1:1:2:2:3，-2%/-4%/-6%/-9%/-12%补) 均价止盈2% 止损离第一笔18% 拿72h,577,84,0.63,0.83,-11.8,,439,85,0.81,0.81,-11.8,,505,87,0.97,0.94,-10.2,
15分钟 被套反向 补仓I(1:1:1:2:2:3，-2%/-4%/-6%/-9%/-12%补) 均价止盈2% 止损离第一笔22% 拿24h,656,65,0.67,0.96,-10.0,,479,70,0.63,0.8,-16.1,,566,71,0.77,0.83,-14.0,
15分钟 被套反向 补仓I(1:1:1:2:2:3，-2%/-4%/-6%/-9%/-12%补) 均价止盈2% 止损离第一笔22% 拿72h,577,84,0.59,0.77,-14.0,,439,85,0.77,0.79,-16.1,,503,88,1.03,0.96,-14.0,
15分钟 被套反向 补仓I(1:1:1:2:2:3，-2%/-4%/-6%/-9%/-12%补) 均价止盈3% 止损离第一笔15% 拿24h,632,60,0.69,0.82,-8.6,,471,63,0.61,0.64,-8.6,,548,64,0.65,0.84,-7.4,
15分钟 被套反向 补仓I(1:1:1:2:2:3，-2%/-4%/-6%/-9%/-12%补) 均价止盈3% 止损离第一笔15% 拿72h,532,77,0.72,0.92,-8.6,,418,77,0.74,0.84,-8.6,,467,77,0.68,1.01,-8.6,
15分钟 被套反向 补仓I(1:1:1:2:2:3，-2%/-4%/-6%/-9%/-12%补) 均价止盈3% 止损离第一笔18% 拿24h,632,60,0.69,0.85,-10.2,,471,63,0.63,0.97,-11.8,,548,64,0.69,0.99,-10.2,
15分钟 被套反向 补仓I(1:1:1:2:2:3，-2%/-4%/-6%/-9%/-12%补) 均价止盈3% 止损离第一笔18% 拿72h,530,77,0.69,0.89,-11.8,,417,77,0.81,0.71,-11.8,,463,78,0.76,1.03,-11.8,
15分钟 被套反向 补仓I(1:1:1:2:2:3，-2%/-4%/-6%/-9%/-12%补) 均价止盈3% 止损离第一笔22% 拿24h,632,60,0.71,0.92,-10.0,,471,63,0.6,0.87,-16.1,,548,64,0.75,1.17,-14.0,
15分钟 被套反向 补仓I(1:1:1:2:2:3，-2%/-4%/-6%/-9%/-12%补) 均价止盈3% 止损离第一笔22% 拿72h,530,77,0.64,0.92,-14.0,,417,77,0.74,0.86,-16.1,,462,79,0.81,0.85,-14.0,
15分钟 被套反向 补仓I(1:1:1:2:2:3，-2%/-4%/-6%/-9%/-12%补) 均价止盈5% 止损离第一笔15% 拿24h,618,57,0.69,0.91,-8.6,,464,57,0.63,0.65,-8.6,,530,59,0.76,0.99,-7.4,
15分钟 被套反向 补仓I(1:1:1:2:2:3，-2%/-4%/-6%/-9%/-12%补) 均价止盈5% 止损离第一笔15% 拿72h,486,67,0.66,0.98,-8.6,,392,68,0.73,0.81,-8.6,,419,67,0.72,1.13,-8.6,
15分钟 被套反向 补仓I(1:1:1:2:2:3，-2%/-4%/-6%/-9%/-12%补) 均价止盈5% 止损离第一笔18% 拿24h,618,57,0.69,0.97,-10.2,,464,57,0.64,0.56,-11.8,,530,60,0.83,0.76,-10.2,
15分钟 被套反向 补仓I(1:1:1:2:2:3，-2%/-4%/-6%/-9%/-12%补) 均价止盈5% 止损离第一笔18% 拿72h,485,67,0.63,0.85,-11.8,,391,69,0.77,0.67,-11.8,,417,69,0.79,0.96,-11.8,
15分钟 被套反向 补仓I(1:1:1:2:2:3，-2%/-4%/-6%/-9%/-12%补) 均价止盈5% 止损离第一笔22% 拿24h,618,57,0.71,1.03,-10.0,,464,57,0.62,0.85,-16.1,,530,60,0.91,0.88,-14.0,
15分钟 被套反向 补仓I(1:1:1:2:2:3，-2%/-4%/-6%/-9%/-12%补) 均价止盈5% 止损离第一笔22% 拿72h,485,67,0.62,1.08,-14.0,,391,69,0.72,0.69,-16.1,,417,70,0.89,1.03,-14.0,
15分钟 被套反向 补仓I(1:1:1:2:2:3，-2%/-4%/-6%/-9%/-12%补) 均价止盈8% 止损离第一笔15% 拿24h,613,56,0.64,0.91,-8.6,,461,56,0.63,0.73,-8.6,,528,59,0.82,0.77,-7.4,
15分钟 被套反向 补仓I(1:1:1:2:2:3，-2%/-4%/-6%/-9%/-12%补) 均价止盈8% 止损离第一笔15% 拿72h,469,62,0.6,0.83,-8.6,,368,63,0.63,0.78,-8.6,,399,61,0.67,1.06,-8.6,
15分钟 被套反向 补仓I(1:1:1:2:2:3，-2%/-4%/-6%/-9%/-12%补) 均价止盈8% 止损离第一笔18% 拿24h,613,56,0.64,0.93,-10.2,,461,56,0.64,1.21,-11.8,,528,59,0.95,0.74,-10.2,
15分钟 被套反向 补仓I(1:1:1:2:2:3，-2%/-4%/-6%/-9%/-12%补) 均价止盈8% 止损离第一笔18% 拿72h,468,63,0.56,0.86,-11.8,,367,63,0.65,0.72,-11.8,,397,63,0.73,1.02,-11.8,
15分钟 被套反向 补仓I(1:1:1:2:2:3，-2%/-4%/-6%/-9%/-12%补) 均价止盈8% 止损离第一笔22% 拿24h,613,56,0.66,0.94,-10.0,,461,56,0.62,0.78,-16.1,,528,59,0.95,0.99,-14.0,
15分钟 被套反向 补仓I(1:1:1:2:2:3，-2%/-4%/-6%/-9%/-12%补) 均价止盈8% 止损离第一笔22% 拿72h,468,63,0.57,0.76,-16.1,,367,63,0.59,0.69,-16.1,,397,64,0.8,0.93,-14.0,
15分钟 堆叠失衡回踩 补仓E(1:1:1:1:1，-2%/-4%/-6%/-8%补) 均价止盈1% 止损离第一笔11% 拿24h,8017,83,0.77,0.85,-7.5,,6477,87,0.79,0.78,-7.5,,8914,89,0.9,0.93,-7.5,
15分钟 堆叠失衡回踩 补仓E(1:1:1:1:1，-2%/-4%/-6%/-8%补) 均价止盈1% 止损离第一笔11% 拿72h,6560,93,0.87,0.85,-7.5,,5496,94,0.85,0.87,-7.5,,7741,95,0.91,0.96,-7.5,
15分钟 堆叠失衡回踩 补仓E(1:1:1:1:1，-2%/-4%/-6%/-8%补) 均价止盈1% 止损离第一笔14% 拿24h,7893,83,0.75,0.86,-10.6,,6403,87,0.76,0.75,-10.6,,8726,89,0.92,0.92,-10.6,
15分钟 堆叠失衡回踩 补仓E(1:1:1:1:1，-2%/-4%/-6%/-8%补) 均价止盈1% 止损离第一笔14% 拿72h,6273,94,0.82,0.88,-10.6,,5210,95,0.86,0.87,-10.6,,7264,95,0.88,0.91,-10.6,
15分钟 堆叠失衡回踩 补仓E(1:1:1:1:1，-2%/-4%/-6%/-8%补) 均价止盈1% 止损离第一笔18% 拿24h,7819,83,0.76,0.86,-14.7,,6370,87,0.77,0.76,-14.7,,8619,89,0.95,0.93,-14.7,
15分钟 堆叠失衡回踩 补仓E(1:1:1:1:1，-2%/-4%/-6%/-8%补) 均价止盈1% 止损离第一笔18% 拿72h,6001,94,0.79,0.81,-14.7,,5032,95,0.87,0.88,-14.7,,6947,95,0.89,0.91,-14.7,
15分钟 堆叠失衡回踩 补仓E(1:1:1:1:1，-2%/-4%/-6%/-8%补) 均价止盈2% 止损离第一笔11% 拿24h,5388,70,0.84,0.89,-7.5,,4460,75,0.9,0.86,-7.5,,5704,77,0.93,1.01,-7.5,
15分钟 堆叠失衡回踩 补仓E(1:1:1:1:1，-2%/-4%/-6%/-8%补) 均价止盈2% 止损离第一笔11% 拿72h,3779,83,0.86,0.92,-7.5,,3379,87,0.93,0.89,-7.5,,4402,87,0.91,0.98,-7.5,
15分钟 堆叠失衡回踩 补仓E(1:1:1:1:1，-2%/-4%/-6%/-8%补) 均价止盈2% 止损离第一笔14% 拿24h,5300,70,0.8,0.86,-10.6,,4410,75,0.88,0.83,-10.6,,5565,77,0.94,0.99,-10.6,
15分钟 堆叠失衡回踩 补仓E(1:1:1:1:1，-2%/-4%/-6%/-8%补) 均价止盈2% 止损离第一笔14% 拿72h,3566,84,0.82,0.87,-10.6,,3209,88,0.88,0.85,-10.6,,4037,88,0.91,0.88,-10.6,
15分钟 堆叠失衡回踩 补仓E(1:1:1:1:1，-2%/-4%/-6%/-8%补) 均价止盈2% 止损离第一笔18% 拿24h,5250,70,0.81,0.88,-14.7,,4397,75,0.88,0.83,-14.7,,5480,77,0.95,0.94,-14.7,
15分钟 堆叠失衡回踩 补仓E(1:1:1:1:1，-2%/-4%/-6%/-8%补) 均价止盈2% 止损离第一笔18% 拿72h,3431,84,0.8,0.83,-14.7,,3099,88,0.9,0.84,-14.7,,3787,89,0.92,0.94,-14.7,
15分钟 堆叠失衡回踩 补仓E(1:1:1:1:1，-2%/-4%/-6%/-8%补) 均价止盈3% 止损离第一笔11% 拿24h,4460,62,0.84,0.91,-7.5,,3723,68,0.95,0.85,-7.5,,4449,68,0.87,0.92,-7.5,
15分钟 堆叠失衡回踩 补仓E(1:1:1:1:1，-2%/-4%/-6%/-8%补) 均价止盈3% 止损离第一笔11% 拿72h,2766,76,0.86,0.89,-7.5,,2489,80,0.96,0.91,-7.5,,3094,80,0.89,0.92,-7.5,
15分钟 堆叠失衡回踩 补仓E(1:1:1:1:1，-2%/-4%/-6%/-8%补) 均价止盈3% 止损离第一笔14% 拿24h,4413,62,0.83,0.9,-10.6,,3692,68,0.91,0.87,-10.6,,4350,68,0.87,0.94,-10.6,
15分钟 堆叠失衡回踩 补仓E(1:1:1:1:1，-2%/-4%/-6%/-8%补) 均价止盈3% 止损离第一笔14% 拿72h,2619,77,0.89,0.89,-10.6,,2382,81,0.95,0.87,-10.6,,2830,81,0.86,0.92,-10.6,
15分钟 堆叠失衡回踩 补仓E(1:1:1:1:1，-2%/-4%/-6%/-8%补) 均价止盈3% 止损离第一笔18% 拿24h,4373,62,0.82,0.88,-14.7,,3677,68,0.9,0.88,-14.7,,4285,68,0.87,0.93,-14.7,
15分钟 堆叠失衡回踩 补仓E(1:1:1:1:1，-2%/-4%/-6%/-8%补) 均价止盈3% 止损离第一笔18% 拿72h,2492,77,0.8,0.83,-14.7,,2296,81,0.91,0.89,-14.7,,2631,82,0.85,0.92,-14.7,
15分钟 堆叠失衡回踩 补仓E(1:1:1:1:1，-2%/-4%/-6%/-8%补) 均价止盈5% 止损离第一笔11% 拿24h,3769,56,0.78,0.91,-7.5,,3140,62,0.94,0.87,-7.5,,3572,60,0.88,0.95,-7.5,
15分钟 堆叠失衡回踩 补仓E(1:1:1:1:1，-2%/-4%/-6%/-8%补) 均价止盈5% 止损离第一笔11% 拿72h,1973,65,0.89,0.9,-7.5,,1765,68,0.91,0.88,-7.5,,2097,69,0.91,0.94,-7.5,
15分钟 堆叠失衡回踩 补仓E(1:1:1:1:1，-2%/-4%/-6%/-8%补) 均价止盈5% 止损离第一笔14% 拿24h,3744,56,0.78,0.87,-10.6,,3106,61,0.91,0.87,-10.6,,3511,60,0.88,0.92,-10.6,
15分钟 堆叠失衡回踩 补仓E(1:1:1:1:1，-2%/-4%/-6%/-8%补) 均价止盈5% 止损离第一笔14% 拿72h,1884,67,0.88,0.9,-10.6,,1676,70,0.91,0.89,-10.6,,1922,69,0.86,0.94,-10.6,
15分钟 堆叠失衡回踩 补仓E(1:1:1:1:1，-2%/-4%/-6%/-8%补) 均价止盈5% 止损离第一笔18% 拿24h,3722,57,0.76,0.85,-14.7,,3092,61,0.91,0.88,-14.7,,3477,60,0.87,0.91,-14.7,
15分钟 堆叠失衡回踩 补仓E(1:1:1:1:1，-2%/-4%/-6%/-8%补) 均价止盈5% 止损离第一笔18% 拿72h,1809,67,0.83,0.85,-14.7,,1622,70,0.9,0.91,-14.7,,1832,71,0.89,0.88,-14.7,
15分钟 堆叠失衡回踩 补仓E(1:1:1:1:1，-2%/-4%/-6%/-8%补) 均价止盈8% 止损离第一笔11% 拿24h,3534,54,0.79,0.84,-7.5,,2901,60,0.92,0.88,-7.5,,3221,59,0.93,0.89,-7.5,
15分钟 堆叠失衡回踩 补仓E(1:1:1:1:1，-2%/-4%/-6%/-8%补) 均价止盈8% 止损离第一笔11% 拿72h,1573,60,0.98,0.88,-7.5,,1376,60,0.81,0.88,-7.5,,1574,64,1.01,0.94,-7.5,
15分钟 堆叠失衡回踩 补仓E(1:1:1:1:1，-2%/-4%/-6%/-8%补) 均价止盈8% 止损离第一笔14% 拿24h,3507,55,0.84,0.84,-10.6,,2884,60,0.9,0.92,-10.6,,3173,58,0.87,0.93,-10.6,
15分钟 堆叠失衡回踩 补仓E(1:1:1:1:1，-2%/-4%/-6%/-8%补) 均价止盈8% 止损离第一笔14% 拿72h,1517,61,0.94,0.89,-10.6,,1329,64,0.92,0.85,-10.6,,1472,64,0.95,0.91,-10.6,
15分钟 堆叠失衡回踩 补仓E(1:1:1:1:1，-2%/-4%/-6%/-8%补) 均价止盈8% 止损离第一笔18% 拿24h,3490,55,0.8,0.86,-14.7,,2873,60,0.9,0.88,-14.7,,3145,58,0.82,0.9,-14.7,
15分钟 堆叠失衡回踩 补仓E(1:1:1:1:1，-2%/-4%/-6%/-8%补) 均价止盈8% 止损离第一笔18% 拿72h,1472,60,0.78,0.82,-14.7,,1292,64,0.85,0.87,-14.7,,1420,64,0.82,0.96,-14.7,
15分钟 堆叠失衡回踩 补仓F(1:1:1:1:1:1，-1.5%/-3%/-4.5%/-6%/-7.5%补) 均价止盈1% 止损离第一笔10% 拿24h,8339,85,0.8,0.86,-7.2,,6739,88,0.82,0.74,-7.2,,9296,90,0.89,0.94,-7.2,
15分钟 堆叠失衡回踩 补仓F(1:1:1:1:1:1，-1.5%/-3%/-4.5%/-6%/-7.5%补) 均价止盈1% 止损离第一笔10% 拿72h,6949,94,0.88,0.93,-7.2,,5836,94,0.84,0.88,-7.2,,8293,95,0.92,0.96,-7.2,
15分钟 堆叠失衡回踩 补仓F(1:1:1:1:1:1，-1.5%/-3%/-4.5%/-6%/-7.5%补) 均价止盈1% 止损离第一笔14% 拿24h,8203,85,0.77,0.83,-10.3,,6652,88,0.8,0.77,-10.3,,9086,90,0.9,0.98,-10.3,
15分钟 堆叠失衡回踩 补仓F(1:1:1:1:1:1，-1.5%/-3%/-4.5%/-6%/-7.5%补) 均价止盈1% 止损离第一笔14% 拿72h,6630,94,0.8,0.86,-10.3,,5560,95,0.88,0.88,-10.3,,7751,96,0.87,0.98,-10.3,
15分钟 堆叠失衡回踩 补仓F(1:1:1:1:1:1，-1.5%/-3%/-4.5%/-6%/-7.5%补) 均价止盈1% 止损离第一笔18% 拿24h,8107,85,0.77,0.84,-14.4,,6621,88,0.81,0.73,-14.4,,8932,90,0.95,0.92,-14.4,
15分钟 堆叠失衡回踩 补仓F(1:1:1:1:1:1，-1.5%/-3%/-4.5%/-6%/-7.5%补) 均价止盈1% 止损离第一笔18% 拿72h,6299,94,0.78,0.79,-14.4,,5377,95,0.88,0.82,-14.4,,7405,96,0.92,0.96,-14.4,
15分钟 堆叠失衡回踩 补仓F(1:1:1:1:1:1，-1.5%/-3%/-4.5%/-6%/-7.5%补) 均价止盈2% 止损离第一笔10% 拿24h,5501,71,0.82,0.94,-7.2,,4537,77,0.91,0.87,-7.2,,5846,78,0.92,1.0,-7.2,
15分钟 堆叠失衡回踩 补仓F(1:1:1:1:1:1，-1.5%/-3%/-4.5%/-6%/-7.5%补) 均价止盈2% 止损离第一笔10% 拿72h,3937,84,0.87,0.93,-7.2,,3549,88,0.96,0.9,-7.2,,4614,88,0.95,1.0,-7.2,
15分钟 堆叠失衡回踩 补仓F(1:1:1:1:1:1，-1.5%/-3%/-4.5%/-6%/-7.5%补) 均价止盈2% 止损离第一笔14% 拿24h,5431,71,0.79,0.87,-10.3,,4483,77,0.88,0.82,-10.3,,5688,78,0.91,0.96,-10.3,
15分钟 堆叠失衡回踩 补仓F(1:1:1:1:1:1，-1.5%/-3%/-4.5%/-6%/-7.5%补) 均价止盈2% 止损离第一笔14% 拿72h,3703,85,0.82,0.87,-10.3,,3327,88,0.88,0.88,-10.3,,4227,89,0.92,0.95,-10.3,
15分钟 堆叠失衡回踩 补仓F(1:1:1:1:1:1，-1.5%/-3%/-4.5%/-6%/-7.5%补) 均价止盈2% 止损离第一笔18% 拿24h,5372,71,0.79,0.87,-14.4,,4456,76,0.88,0.81,-14.4,,5608,78,0.91,0.97,-14.4,
15分钟 堆叠失衡回踩 补仓F(1:1:1:1:1:1，-1.5%/-3%/-4.5%/-6%/-7.5%补) 均价止盈2% 止损离第一笔18% 拿72h,3531,85,0.81,0.89,-14.4,,3186,89,0.9,0.87,-14.4,,4003,89,0.92,1.01,-14.4,
15分钟 堆叠失衡回踩 补仓F(1:1:1:1:1:1，-1.5%/-3%/-4.5%/-6%/-7.5%补) 均价止盈3% 止损离第一笔10% 拿24h,4528,63,0.86,0.89,-7.2,,3759,69,0.9,0.86,-7.2,,4526,70,0.95,0.92,-7.2,
15分钟 堆叠失衡回踩 补仓F(1:1:1:1:1:1，-1.5%/-3%/-4.5%/-6%/-7.5%补) 均价止盈3% 止损离第一笔10% 拿72h,2876,76,0.87,0.9,-7.2,,2545,80,0.92,0.91,-7.2,,3200,80,0.93,0.96,-7.2,
15分钟 堆叠失衡回踩 补仓F(1:1:1:1:1:1，-1.5%/-3%/-4.5%/-6%/-7.5%补) 均价止盈3% 止损离第一笔14% 拿24h,4474,63,0.83,0.85,-10.3,,3714,69,0.88,0.91,-10.3,,4407,70,0.91,1.0,-10.3,
15分钟 堆叠失衡回踩 补仓F(1:1:1:1:1:1，-1.5%/-3%/-4.5%/-6%/-7.5%补) 均价止盈3% 止损离第一笔14% 拿72h,2729,78,0.88,0.93,-10.3,,2414,81,0.87,0.89,-10.3,,2904,81,0.86,0.94,-10.3,
15分钟 堆叠失衡回踩 补仓F(1:1:1:1:1:1，-1.5%/-3%/-4.5%/-6%/-7.5%补) 均价止盈3% 止损离第一笔18% 拿24h,4433,63,0.84,0.9,-14.4,,3696,69,0.88,0.89,-14.4,,4360,70,0.93,0.89,-14.4,
15分钟 堆叠失衡回踩 补仓F(1:1:1:1:1:1，-1.5%/-3%/-4.5%/-6%/-7.5%补) 均价止盈3% 止损离第一笔18% 拿72h,2584,78,0.82,0.85,-14.4,,2317,81,0.87,0.91,-14.4,,2721,82,0.88,0.91,-14.4,
15分钟 堆叠失衡回踩 补仓F(1:1:1:1:1:1，-1.5%/-3%/-4.5%/-6%/-7.5%补) 均价止盈5% 止损离第一笔10% 拿24h,3788,57,0.76,0.84,-7.2,,3162,64,0.96,0.87,-7.2,,3607,62,0.88,0.99,-7.2,
15分钟 堆叠失衡回踩 补仓F(1:1:1:1:1:1，-1.5%/-3%/-4.5%/-6%/-7.5%补) 均价止盈5% 止损离第一笔10% 拿72h,2013,66,0.88,0.91,-7.2,,1816,70,0.97,0.9,-7.2,,2141,70,0.93,1.04,-7.2,
15分钟 堆叠失衡回踩 补仓F(1:1:1:1:1:1，-1.5%/-3%/-4.5%/-6%/-7.5%补) 均价止盈5% 止损离第一笔14% 拿24h,3762,58,0.76,0.83,-10.3,,3128,63,0.92,0.88,-10.3,,3540,62,0.85,0.95,-10.3,
15分钟 堆叠失衡回踩 补仓F(1:1:1:1:1:1，-1.5%/-3%/-4.5%/-6%/-7.5%补) 均价止盈5% 止损离第一笔14% 拿72h,1906,67,0.86,0.89,-10.3,,1718,70,0.91,0.93,-10.3,,1957,71,0.85,0.95,-10.3,
15分钟 堆叠失衡回踩 补仓F(1:1:1:1:1:1，-1.5%/-3%/-4.5%/-6%/-7.5%补) 均价止盈5% 止损离第一笔18% 拿24h,3736,58,0.74,0.88,-14.4,,3109,64,0.92,0.87,-14.4,,3501,62,0.85,0.94,-14.4,
15分钟 堆叠失衡回踩 补仓F(1:1:1:1:1:1，-1.5%/-3%/-4.5%/-6%/-7.5%补) 均价止盈5% 止损离第一笔18% 拿72h,1824,68,0.8,0.87,-14.4,,1634,70,0.87,0.96,-14.4,,1860,72,0.89,0.9,-14.4,
15分钟 堆叠失衡回踩 补仓F(1:1:1:1:1:1，-1.5%/-3%/-4.5%/-6%/-7.5%补) 均价止盈8% 止损离第一笔10% 拿24h,3545,56,0.79,0.87,-7.2,,2910,61,0.92,0.9,-7.2,,3239,60,0.94,0.93,-7.2,
15分钟 堆叠失衡回踩 补仓F(1:1:1:1:1:1，-1.5%/-3%/-4.5%/-6%/-7.5%补) 均价止盈8% 止损离第一笔10% 拿72h,1600,61,0.97,0.92,-7.2,,1403,62,0.92,0.89,-7.2,,1603,64,0.98,0.94,-7.2,
15分钟 堆叠失衡回踩 补仓F(1:1:1:1:1:1，-1.5%/-3%/-4.5%/-6%/-7.5%补) 均价止盈8% 止损离第一笔14% 拿24h,3511,57,0.82,0.87,-10.3,,2890,61,0.89,0.87,-10.3,,3188,60,0.88,0.85,-10.3,
15分钟 堆叠失衡回踩 补仓F(1:1:1:1:1:1，-1.5%/-3%/-4.5%/-6%/-7.5%补) 均价止盈8% 止损离第一笔14% 拿72h,1535,63,0.93,0.87,-10.3,,1347,63,0.9,0.94,-10.3,,1491,65,0.96,0.97,-10.3,
15分钟 堆叠失衡回踩 补仓F(1:1:1:1:1:1，-1.5%/-3%/-4.5%/-6%/-7.5%补) 均价止盈8% 止损离第一笔18% 拿24h,3492,57,0.8,0.84,-14.4,,2876,61,0.89,0.93,-14.4,,3154,59,0.84,0.92,-14.4,
15分钟 堆叠失衡回踩 补仓F(1:1:1:1:1:1，-1.5%/-3%/-4.5%/-6%/-7.5%补) 均价止盈8% 止损离第一笔18% 拿72h,1489,62,0.85,0.8,-14.4,,1301,63,0.84,0.91,-14.4,,1430,66,0.91,0.93,-14.4,
15分钟 堆叠失衡回踩 补仓G(1:1:2:2:4，-2%/-4%/-6%/-8%补) 均价止盈1% 止损离第一笔11% 拿24h,8241,85,0.79,0.85,-6.1,,6636,88,0.77,0.72,-6.1,,9249,91,0.96,0.96,-6.1,
15分钟 堆叠失衡回踩 补仓G(1:1:2:2:4，-2%/-4%/-6%/-8%补) 均价止盈1% 止损离第一笔11% 拿72h,6981,95,0.86,0.91,-6.1,,5853,95,0.82,0.84,-6.1,,8321,96,0.98,1.08,-6.1,
15分钟 堆叠失衡回踩 补仓G(1:1:2:2:4，-2%/-4%/-6%/-8%补) 均价止盈1% 止损离第一笔14% 拿24h,8129,85,0.75,0.87,-9.3,,6564,88,0.74,0.76,-9.3,,9119,91,1.0,0.98,-9.3,
15分钟 堆叠失衡回踩 补仓G(1:1:2:2:4，-2%/-4%/-6%/-8%补) 均价止盈1% 止损离第一笔14% 拿72h,6733,95,0.79,0.83,-9.3,,5641,96,0.86,0.82,-9.3,,7983,97,0.96,0.94,-9.3,
15分钟 堆叠失衡回踩 补仓G(1:1:2:2:4，-2%/-4%/-6%/-8%补) 均价止盈1% 止损离第一笔18% 拿24h,8058,85,0.76,0.87,-13.5,,6532,88,0.77,0.74,-13.5,,9041,91,1.0,0.99,-13.5,
15分钟 堆叠失衡回踩 补仓G(1:1:2:2:4，-2%/-4%/-6%/-8%补) 均价止盈1% 止损离第一笔18% 拿72h,6467,95,0.77,0.83,-13.5,,5487,96,0.9,0.8,-13.5,,7744,97,0.94,1.0,-13.5,
15分钟 堆叠失衡回踩 补仓G(1:1:2:2:4，-2%/-4%/-6%/-8%补) 均价止盈2% 止损离第一笔11% 拿24h,5454,72,0.86,0.9,-6.1,,4535,77,0.87,0.85,-6.1,,5850,79,0.93,1.0,-6.1,
15分钟 堆叠失衡回踩 补仓G(1:1:2:2:4，-2%/-4%/-6%/-8%补) 均价止盈2% 止损离第一笔11% 拿72h,3951,86,0.86,0.91,-6.1,,3570,89,0.93,0.91,-6.1,,4737,90,0.91,0.96,-6.1,
15分钟 堆叠失衡回踩 补仓G(1:1:2:2:4，-2%/-4%/-6%/-8%补) 均价止盈2% 止损离第一笔14% 拿24h,5400,72,0.8,0.91,-9.3,,4491,77,0.83,0.85,-9.3,,5715,79,0.93,0.96,-9.3,
15分钟 堆叠失衡回踩 补仓G(1:1:2:2:4，-2%/-4%/-6%/-8%补) 均价止盈2% 止损离第一笔14% 拿72h,3768,87,0.81,0.88,-9.3,,3415,90,0.86,0.93,-9.3,,4347,91,0.88,0.96,-9.3,
15分钟 堆叠失衡回踩 补仓G(1:1:2:2:4，-2%/-4%/-6%/-8%补) 均价止盈2% 止损离第一笔18% 拿24h,5356,72,0.81,0.85,-13.5,,4471,77,0.83,0.8,-13.5,,5620,79,0.94,0.95,-13.5,
15分钟 堆叠失衡回踩 补仓G(1:1:2:2:4，-2%/-4%/-6%/-8%补) 均价止盈2% 止损离第一笔18% 拿72h,3611,87,0.79,0.82,-13.5,,3303,90,0.85,0.88,-13.5,,4148,91,0.91,0.94,-13.5,
15分钟 堆叠失衡回踩 补仓G(1:1:2:2:4，-2%/-4%/-6%/-8%补) 均价止盈3% 止损离第一笔11% 拿24h,4488,64,0.82,0.9,-6.1,,3752,71,0.95,0.83,-6.1,,4539,71,0.92,1.0,-6.1,
15分钟 堆叠失衡回踩 补仓G(1:1:2:2:4，-2%/-4%/-6%/-8%补) 均价止盈3% 止损离第一笔11% 拿72h,2851,78,0.83,0.89,-6.1,,2596,83,0.99,0.89,-6.1,,3265,83,0.94,1.01,-6.1,
15分钟 堆叠失衡回踩 补仓G(1:1:2:2:4，-2%/-4%/-6%/-8%补) 均价止盈3% 止损离第一笔14% 拿24h,4434,64,0.78,0.81,-9.3,,3720,71,0.91,0.85,-9.3,,4440,71,0.95,0.94,-9.3,
15分钟 堆叠失衡回踩 补仓G(1:1:2:2:4，-2%/-4%/-6%/-8%补) 均价止盈3% 止损离第一笔14% 拿72h,2704,80,0.82,0.86,-9.3,,2497,84,0.94,0.85,-9.3,,3026,85,0.91,0.91,-9.3,
15分钟 堆叠失衡回踩 补仓G(1:1:2:2:4，-2%/-4%/-6%/-8%补) 均价止盈3% 止损离第一笔18% 拿24h,4392,64,0.78,0.88,-13.5,,3704,71,0.89,0.82,-13.5,,4381,71,0.95,0.92,-13.5,
15分钟 堆叠失衡回踩 补仓G(1:1:2:2:4，-2%/-4%/-6%/-8%补) 均价止盈3% 止损离第一笔18% 拿72h,2555,80,0.76,0.83,-13.5,,2409,84,0.91,0.85,-13.5,,2864,86,0.93,0.87,-13.5,
15分钟 堆叠失衡回踩 补仓G(1:1:2:2:4，-2%/-4%/-6%/-8%补) 均价止盈5% 止损离第一笔11% 拿24h,3786,58,0.78,0.89,-6.1,,3142,63,0.88,0.89,-6.1,,3599,62,0.86,0.96,-6.1,
15分钟 堆叠失衡回踩 补仓G(1:1:2:2:4，-2%/-4%/-6%/-8%补) 均价止盈5% 止损离第一笔11% 拿72h,2001,68,0.81,0.91,-6.1,,1796,71,0.86,0.91,-6.1,,2156,73,0.93,0.98,-6.1,
15分钟 堆叠失衡回踩 补仓G(1:1:2:2:4，-2%/-4%/-6%/-8%补) 均价止盈5% 止损离第一笔14% 拿24h,3756,58,0.74,0.86,-9.3,,3112,63,0.85,0.87,-9.3,,3535,62,0.84,0.93,-9.3,
15分钟 堆叠失衡回踩 补仓G(1:1:2:2:4，-2%/-4%/-6%/-8%补) 均价止盈5% 止损离第一笔14% 拿72h,1913,70,0.83,0.84,-9.3,,1710,73,0.89,0.96,-9.3,,1988,75,0.88,0.94,-9.3,
15分钟 堆叠失衡回踩 补仓G(1:1:2:2:4，-2%/-4%/-6%/-8%补) 均价止盈5% 止损离第一笔18% 拿24h,3731,58,0.72,0.81,-13.5,,3098,63,0.84,0.81,-13.5,,3500,62,0.83,0.94,-13.5,
15分钟 堆叠失衡回踩 补仓G(1:1:2:2:4，-2%/-4%/-6%/-8%补) 均价止盈5% 止损离第一笔18% 拿72h,1835,70,0.77,0.83,-13.5,,1656,73,0.88,0.92,-13.5,,1889,76,0.88,0.9,-13.5,
15分钟 堆叠失衡回踩 补仓G(1:1:2:2:4，-2%/-4%/-6%/-8%补) 均价止盈8% 止损离第一笔11% 拿24h,3537,56,0.77,0.86,-6.1,,2902,61,0.91,0.86,-6.1,,3228,61,0.93,0.93,-6.1,
15分钟 堆叠失衡回踩 补仓G(1:1:2:2:4，-2%/-4%/-6%/-8%补) 均价止盈8% 止损离第一笔11% 拿72h,1587,63,0.9,0.84,-6.1,,1384,63,0.77,0.91,-6.1,,1600,66,1.0,0.97,-6.1,
15分钟 堆叠失衡回踩 补仓G(1:1:2:2:4，-2%/-4%/-6%/-8%补) 均价止盈8% 止损离第一笔14% 拿24h,3510,57,0.81,0.82,-9.3,,2885,62,0.86,0.85,-9.3,,3177,61,0.85,0.94,-9.3,
15分钟 堆叠失衡回踩 补仓G(1:1:2:2:4，-2%/-4%/-6%/-8%补) 均价止盈8% 止损离第一笔14% 拿72h,1535,64,0.85,0.91,-9.3,,1338,67,0.87,0.87,-9.3,,1493,68,0.95,0.92,-9.3,
15分钟 堆叠失衡回踩 补仓G(1:1:2:2:4，-2%/-4%/-6%/-8%补) 均价止盈8% 止损离第一笔18% 拿24h,3491,57,0.75,0.81,-13.5,,2874,62,0.86,0.87,-13.5,,3153,61,0.8,0.91,-13.5,
15分钟 堆叠失衡回踩 补仓G(1:1:2:2:4，-2%/-4%/-6%/-8%补) 均价止盈8% 止损离第一笔18% 拿72h,1489,64,0.75,0.82,-13.5,,1302,67,0.84,0.85,-13.5,,1439,68,0.81,0.95,-13.5,
15分钟 堆叠失衡回踩 补仓H(1:1:1:1:1:1:1:1，-1%/-2%/-3%/-4%/-5%/-6%/-7%补) 均价止盈1% 止损离第一笔10% 拿24h,8743,87,0.82,0.85,-6.9,,7034,90,0.81,0.77,-6.9,,9888,91,0.92,0.96,-6.9,
15分钟 堆叠失衡回踩 补仓H(1:1:1:1:1:1:1:1，-1%/-2%/-3%/-4%/-5%/-6%/-7%补) 均价止盈1% 止损离第一笔10% 拿72h,7446,94,0.9,0.92,-6.9,,6219,95,0.84,0.83,-6.9,,8960,96,0.96,1.01,-6.9,
15分钟 堆叠失衡回踩 补仓H(1:1:1:1:1:1:1:1，-1%/-2%/-3%/-4%/-5%/-6%/-7%补) 均价止盈1% 止损离第一笔13% 拿24h,8621,87,0.8,0.89,-10.0,,6928,90,0.76,0.77,-10.0,,9651,91,0.92,0.92,-10.0,
15分钟 堆叠失衡回踩 补仓H(1:1:1:1:1:1:1:1，-1%/-2%/-3%/-4%/-5%/-6%/-7%补) 均价止盈1% 止损离第一笔13% 拿72h,7139,95,0.84,0.85,-10.0,,5885,96,0.87,0.87,-10.0,,8374,96,0.89,0.99,-10.0,
15分钟 堆叠失衡回踩 补仓H(1:1:1:1:1:1:1:1，-1%/-2%/-3%/-4%/-5%/-6%/-7%补) 均价止盈1% 止损离第一笔17% 拿24h,8494,87,0.78,0.84,-14.1,,6885,90,0.77,0.8,-14.1,,9482,91,0.99,0.93,-14.1,
15分钟 堆叠失衡回踩 补仓H(1:1:1:1:1:1:1:1，-1%/-2%/-3%/-4%/-5%/-6%/-7%补) 均价止盈1% 止损离第一笔17% 拿72h,6780,95,0.83,0.83,-14.1,,5643,96,0.88,0.81,-14.1,,7881,96,0.92,0.96,-14.1,
15分钟 堆叠失衡回踩 补仓H(1:1:1:1:1:1:1:1，-1%/-2%/-3%/-4%/-5%/-6%/-7%补) 均价止盈2% 止损离第一笔10% 拿24h,5654,74,0.87,0.9,-6.9,,4640,78,0.91,0.84,-6.9,,6051,79,0.95,0.98,-6.9,
15分钟 堆叠失衡回踩 补仓H(1:1:1:1:1:1:1:1，-1%/-2%/-3%/-4%/-5%/-6%/-7%补) 均价止盈2% 止损离第一笔10% 拿72h,4167,85,0.92,0.92,-6.9,,3670,88,0.95,0.9,-6.9,,4905,88,0.99,0.99,-6.9,
15分钟 堆叠失衡回踩 补仓H(1:1:1:1:1:1:1:1，-1%/-2%/-3%/-4%/-5%/-6%/-7%补) 均价止盈2% 止损离第一笔13% 拿24h,5561,74,0.82,0.91,-10.0,,4567,78,0.87,0.83,-10.0,,5875,79,0.9,0.97,-10.0,
15分钟 堆叠失衡回踩 补仓H(1:1:1:1:1:1:1:1，-1%/-2%/-3%/-4%/-5%/-6%/-7%补) 均价止盈2% 止损离第一笔13% 拿72h,3904,86,0.85,0.86,-10.0,,3409,89,0.96,0.91,-10.0,,4429,89,0.92,0.97,-10.0,
15分钟 堆叠失衡回踩 补仓H(1:1:1:1:1:1:1:1，-1%/-2%/-3%/-4%/-5%/-6%/-7%补) 均价止盈2% 止损离第一笔17% 拿24h,5505,74,0.84,0.93,-14.1,,4546,78,0.87,0.84,-14.1,,5789,79,0.92,0.94,-14.1,
15分钟 堆叠失衡回踩 补仓H(1:1:1:1:1:1:1:1，-1%/-2%/-3%/-4%/-5%/-6%/-7%补) 均价止盈2% 止损离第一笔17% 拿72h,3679,86,0.83,0.84,-14.1,,3270,89,0.92,0.84,-14.1,,4133,90,0.92,0.96,-14.1,
15分钟 堆叠失衡回踩 补仓H(1:1:1:1:1:1:1:1，-1%/-2%/-3%/-4%/-5%/-6%/-7%补) 均价止盈3% 止损离第一笔10% 拿24h,4573,66,0.83,0.94,-6.9,,3821,71,0.94,0.89,-6.9,,4650,71,0.91,0.96,-6.9,
15分钟 堆叠失衡回踩 补仓H(1:1:1:1:1:1:1:1，-1%/-2%/-3%/-4%/-5%/-6%/-7%补) 均价止盈3% 止损离第一笔10% 拿72h,2954,77,0.88,0.89,-6.9,,2663,81,0.95,0.88,-6.9,,3343,81,0.94,0.96,-6.9,
15分钟 堆叠失衡回踩 补仓H(1:1:1:1:1:1:1:1，-1%/-2%/-3%/-4%/-5%/-6%/-7%补) 均价止盈3% 止损离第一笔13% 拿24h,4499,66,0.81,0.81,-10.0,,3769,71,0.89,0.88,-10.0,,4496,71,0.86,0.97,-10.0,
15分钟 堆叠失衡回踩 补仓H(1:1:1:1:1:1:1:1，-1%/-2%/-3%/-4%/-5%/-6%/-7%补) 均价止盈3% 止损离第一笔13% 拿72h,2756,78,0.84,0.91,-10.0,,2485,81,0.87,0.9,-10.0,,3043,82,0.88,0.95,-10.0,
15分钟 堆叠失衡回踩 补仓H(1:1:1:1:1:1:1:1，-1%/-2%/-3%/-4%/-5%/-6%/-7%补) 均价止盈3% 止损离第一笔17% 拿24h,4460,66,0.83,0.8,-14.1,,3737,71,0.87,0.85,-14.1,,4445,71,0.89,0.91,-14.1,
15分钟 堆叠失衡回踩 补仓H(1:1:1:1:1:1:1:1，-1%/-2%/-3%/-4%/-5%/-6%/-7%补) 均价止盈3% 止损离第一笔17% 拿72h,2599,78,0.8,0.84,-14.1,,2358,81,0.84,0.91,-14.1,,2820,83,0.9,0.9,-14.1,
15分钟 堆叠失衡回踩 补仓H(1:1:1:1:1:1:1:1，-1%/-2%/-3%/-4%/-5%/-6%/-7%补) 均价止盈5% 止损离第一笔10% 拿24h,3809,60,0.76,0.87,-6.9,,3184,65,0.97,0.87,-6.9,,3669,64,0.91,0.9,-6.9,
15分钟 堆叠失衡回踩 补仓H(1:1:1:1:1:1:1:1，-1%/-2%/-3%/-4%/-5%/-6%/-7%补) 均价止盈5% 止损离第一笔10% 拿72h,2061,67,0.9,0.95,-6.9,,1855,70,0.95,0.94,-6.9,,2238,71,0.98,0.98,-6.9,
15分钟 堆叠失衡回踩 补仓H(1:1:1:1:1:1:1:1，-1%/-2%/-3%/-4%/-5%/-6%/-7%补) 均价止盈5% 止损离第一笔13% 拿24h,3773,60,0.74,0.91,-10.0,,3141,65,0.92,0.94,-10.0,,3596,64,0.84,0.94,-10.0,
15分钟 堆叠失衡回踩 补仓H(1:1:1:1:1:1:1:1，-1%/-2%/-3%/-4%/-5%/-6%/-7%补) 均价止盈5% 止损离第一笔13% 拿72h,1943,67,0.81,0.94,-10.0,,1738,71,0.89,0.94,-10.0,,2053,72,0.89,0.92,-10.0,
15分钟 堆叠失衡回踩 补仓H(1:1:1:1:1:1:1:1，-1%/-2%/-3%/-4%/-5%/-6%/-7%补) 均价止盈5% 止损离第一笔17% 拿24h,3735,60,0.74,0.86,-14.1,,3119,65,0.93,0.89,-14.1,,3552,64,0.86,0.93,-14.1,
15分钟 堆叠失衡回踩 补仓H(1:1:1:1:1:1:1:1，-1%/-2%/-3%/-4%/-5%/-6%/-7%补) 均价止盈5% 止损离第一笔17% 拿72h,1868,69,0.82,0.82,-14.1,,1654,71,0.88,0.97,-14.1,,1917,73,0.89,0.99,-14.1,
15分钟 堆叠失衡回踩 补仓H(1:1:1:1:1:1:1:1，-1%/-2%/-3%/-4%/-5%/-6%/-7%补) 均价止盈8% 止损离第一笔10% 拿24h,3553,58,0.82,0.94,-6.9,,2922,63,0.92,0.85,-6.9,,3249,62,0.94,0.9,-6.9,
15分钟 堆叠失衡回踩 补仓H(1:1:1:1:1:1:1:1，-1%/-2%/-3%/-4%/-5%/-6%/-7%补) 均价止盈8% 止损离第一笔10% 拿72h,1617,62,0.95,0.97,-6.9,,1414,63,0.94,0.88,-6.9,,1635,64,1.01,0.93,-6.9,
15分钟 堆叠失衡回踩 补仓H(1:1:1:1:1:1:1:1，-1%/-2%/-3%/-4%/-5%/-6%/-7%补) 均价止盈8% 止损离第一笔13% 拿24h,3520,59,0.83,0.83,-10.0,,2893,63,0.9,0.89,-10.0,,3196,62,0.86,0.87,-10.0,
15分钟 堆叠失衡回踩 补仓H(1:1:1:1:1:1:1:1，-1%/-2%/-3%/-4%/-5%/-6%/-7%补) 均价止盈8% 止损离第一笔13% 拿72h,1547,63,0.91,0.92,-10.0,,1358,62,0.8,0.91,-10.0,,1526,65,0.91,0.91,-10.0,
15分钟 堆叠失衡回踩 补仓H(1:1:1:1:1:1:1:1，-1%/-2%/-3%/-4%/-5%/-6%/-7%补) 均价止盈8% 止损离第一笔17% 拿24h,3491,58,0.76,0.84,-14.1,,2879,63,0.9,0.93,-14.1,,3151,61,0.8,0.91,-14.1,
15分钟 堆叠失衡回踩 补仓H(1:1:1:1:1:1:1:1，-1%/-2%/-3%/-4%/-5%/-6%/-7%补) 均价止盈8% 止损离第一笔17% 拿72h,1494,63,0.82,0.93,-14.1,,1313,65,0.83,0.94,-14.1,,1437,65,0.85,0.9,-14.1,
15分钟 堆叠失衡回踩 补仓I(1:1:1:2:2:3，-2%/-4%/-6%/-9%/-12%补) 均价止盈1% 止损离第一笔15% 拿24h,7951,84,0.73,0.87,-8.6,,6439,87,0.75,0.73,-8.6,,8851,90,0.97,0.94,-8.6,
15分钟 堆叠失衡回踩 补仓I(1:1:1:2:2:3，-2%/-4%/-6%/-9%/-12%补) 均价止盈1% 止损离第一笔15% 拿72h,6431,94,0.77,0.89,-8.6,,5407,96,0.88,0.78,-8.6,,7507,96,0.92,0.92,-8.6,
15分钟 堆叠失衡回踩 补仓I(1:1:1:2:2:3，-2%/-4%/-6%/-9%/-12%补) 均价止盈1% 止损离第一笔18% 拿24h,7892,84,0.76,0.85,-11.8,,6424,88,0.76,0.76,-11.8,,8800,90,0.99,0.92,-11.8,
15分钟 堆叠失衡回踩 补仓I(1:1:1:2:2:3，-2%/-4%/-6%/-9%/-12%补) 均价止盈1% 止损离第一笔18% 拿72h,6272,95,0.78,0.85,-11.8,,5307,96,0.87,0.81,-11.8,,7321,96,0.93,0.92,-11.8,
15分钟 堆叠失衡回踩 补仓I(1:1:1:2:2:3，-2%/-4%/-6%/-9%/-12%补) 均价止盈1% 止损离第一笔22% 拿24h,7863,84,0.78,0.84,-16.1,,6413,88,0.75,0.7,-16.1,,8780,90,0.95,0.9,-16.1,
15分钟 堆叠失衡回踩 补仓I(1:1:1:2:2:3，-2%/-4%/-6%/-9%/-12%补) 均价止盈1% 止损离第一笔22% 拿72h,6138,95,0.77,0.74,-16.1,,5236,96,0.88,0.82,-16.1,,7186,97,0.87,0.85,-16.1,
15分钟 堆叠失衡回踩 补仓I(1:1:1:2:2:3，-2%/-4%/-6%/-9%/-12%补) 均价止盈2% 止损离第一笔15% 拿24h,5319,71,0.78,0.89,-8.6,,4425,76,0.87,0.83,-8.6,,5599,78,0.93,0.96,-8.6,
15分钟 堆叠失衡回踩 补仓I(1:1:1:2:2:3，-2%/-4%/-6%/-9%/-12%补) 均价止盈2% 止损离第一笔15% 拿72h,3634,86,0.78,0.81,-8.6,,3251,90,0.85,0.9,-8.6,,4120,90,0.84,0.98,-8.6,
15分钟 堆叠失衡回踩 补仓I(1:1:1:2:2:3，-2%/-4%/-6%/-9%/-12%补) 均价止盈2% 止损离第一笔18% 拿24h,5280,71,0.81,0.86,-11.8,,4419,76,0.86,0.81,-11.8,,5544,78,0.94,0.96,-11.8,
15分钟 堆叠失衡回踩 补仓I(1:1:1:2:2:3，-2%/-4%/-6%/-9%/-12%补) 均价止盈2% 止损离第一笔18% 拿72h,3535,86,0.79,0.77,-11.8,,3180,90,0.85,0.85,-11.8,,3982,91,0.91,0.93,-11.8,
15分钟 堆叠失衡回踩 补仓I(1:1:1:2:2:3，-2%/-4%/-6%/-9%/-12%补) 均价止盈2% 止损离第一笔22% 拿24h,5269,71,0.85,0.86,-16.1,,4406,76,0.83,0.76,-16.1,,5522,78,0.91,0.96,-16.1,
15分钟 堆叠失衡回踩 补仓I(1:1:1:2:2:3，-2%/-4%/-6%/-9%/-12%补) 均价止盈2% 止损离第一笔22% 拿72h,3454,86,0.76,0.79,-16.1,,3131,90,0.84,0.88,-16.1,,3897,91,0.87,0.92,-16.1,
15分钟 堆叠失衡回踩 补仓I(1:1:1:2:2:3，-2%/-4%/-6%/-9%/-12%补) 均价止盈3% 止损离第一笔15% 拿24h,4408,62,0.79,0.88,-8.6,,3693,69,0.88,0.83,-8.6,,4361,69,0.93,0.92,-8.6,
15分钟 堆叠失衡回踩 补仓I(1:1:1:2:2:3，-2%/-4%/-6%/-9%/-12%补) 均价止盈3% 止损离第一笔15% 拿72h,2625,78,0.83,0.83,-8.6,,2386,83,0.89,0.86,-8.6,,2891,84,0.9,0.97,-8.6,
15分钟 堆叠失衡回踩 补仓I(1:1:1:2:2:3，-2%/-4%/-6%/-9%/-12%补) 均价止盈3% 止损离第一笔18% 拿24h,4381,62,0.81,0.82,-11.8,,3682,69,0.87,0.88,-11.8,,4319,69,0.91,0.97,-11.8,
15分钟 堆叠失衡回踩 补仓I(1:1:1:2:2:3，-2%/-4%/-6%/-9%/-12%补) 均价止盈3% 止损离第一笔18% 拿72h,2550,79,0.79,0.84,-11.8,,2332,83,0.89,0.84,-11.8,,2778,85,0.93,0.94,-11.8,
15分钟 堆叠失衡回踩 补仓I(1:1:1:2:2:3，-2%/-4%/-6%/-9%/-12%补) 均价止盈3% 止损离第一笔22% 拿24h,4364,62,0.84,0.85,-16.1,,3672,69,0.85,0.81,-16.1,,4301,69,0.9,0.9,-16.1,
15分钟 堆叠失衡回踩 补仓I(1:1:1:2:2:3，-2%/-4%/-6%/-9%/-12%补) 均价止盈3% 止损离第一笔22% 拿72h,2489,79,0.76,0.85,-16.1,,2293,83,0.85,0.84,-16.1,,2699,84,0.89,0.87,-16.1,
15分钟 堆叠失衡回踩 补仓I(1:1:1:2:2:3，-2%/-4%/-6%/-9%/-12%补) 均价止盈5% 止损离第一笔15% 拿24h,3740,57,0.73,0.82,-8.6,,3108,62,0.87,0.89,-8.6,,3518,61,0.91,0.92,-8.6,
15分钟 堆叠失衡回踩 补仓I(1:1:1:2:2:3，-2%/-4%/-6%/-9%/-12%补) 均价止盈5% 止损离第一笔15% 拿72h,1876,68,0.85,0.85,-8.6,,1701,73,0.93,0.92,-8.6,,1923,73,0.87,0.88,-8.6,
15分钟 堆叠失衡回踩 补仓I(1:1:1:2:2:3，-2%/-4%/-6%/-9%/-12%补) 均价止盈5% 止损离第一笔18% 拿24h,3726,57,0.73,0.77,-11.8,,3098,62,0.88,0.86,-11.8,,3494,61,0.84,0.93,-11.8,
15分钟 堆叠失衡回踩 补仓I(1:1:1:2:2:3，-2%/-4%/-6%/-9%/-12%补) 均价止盈5% 止损离第一笔18% 拿72h,1832,69,0.83,0.81,-11.8,,1656,73,0.9,0.85,-11.8,,1870,74,0.85,0.89,-11.8,
15分钟 堆叠失衡回踩 补仓I(1:1:1:2:2:3，-2%/-4%/-6%/-9%/-12%补) 均价止盈5% 止损离第一笔22% 拿24h,3716,57,0.79,0.92,-16.1,,3091,62,0.83,0.8,-16.1,,3479,61,0.82,0.94,-16.1,
15分钟 堆叠失衡回踩 补仓I(1:1:1:2:2:3，-2%/-4%/-6%/-9%/-12%补) 均价止盈5% 止损离第一笔22% 拿72h,1803,69,0.83,0.76,-16.1,,1645,73,0.85,0.86,-16.1,,1823,74,0.84,0.84,-16.1,
15分钟 堆叠失衡回踩 补仓I(1:1:1:2:2:3，-2%/-4%/-6%/-9%/-12%补) 均价止盈8% 止损离第一笔15% 拿24h,3503,56,0.83,0.9,-8.6,,2881,61,0.86,0.91,-8.6,,3166,59,0.89,0.86,-8.6,
15分钟 堆叠失衡回踩 补仓I(1:1:1:2:2:3，-2%/-4%/-6%/-9%/-12%补) 均价止盈8% 止损离第一笔15% 拿72h,1513,62,0.81,0.84,-8.6,,1315,67,0.91,0.93,-8.6,,1465,65,0.88,0.96,-8.6,
15分钟 堆叠失衡回踩 补仓I(1:1:1:2:2:3，-2%/-4%/-6%/-9%/-12%补) 均价止盈8% 止损离第一笔18% 拿24h,3493,56,0.78,0.82,-11.8,,2874,61,0.86,0.88,-11.8,,3152,60,0.82,0.93,-11.8,
15分钟 堆叠失衡回踩 补仓I(1:1:1:2:2:3，-2%/-4%/-6%/-9%/-12%补) 均价止盈8% 止损离第一笔18% 拿72h,1479,62,0.73,0.77,-11.8,,1297,67,0.87,0.92,-11.8,,1430,66,0.82,0.94,-11.8,
15分钟 堆叠失衡回踩 补仓I(1:1:1:2:2:3，-2%/-4%/-6%/-9%/-12%补) 均价止盈8% 止损离第一笔22% 拿24h,3490,56,0.82,0.86,-16.1,,2868,60,0.82,0.81,-16.1,,3141,60,0.81,0.87,-16.1,
15分钟 堆叠失衡回踩 补仓I(1:1:1:2:2:3，-2%/-4%/-6%/-9%/-12%补) 均价止盈8% 止损离第一笔22% 拿72h,1462,63,0.74,0.79,-16.1,,1294,67,0.84,0.92,-16.1,,1385,67,0.8,0.93,-16.1,
60分钟 价值区回归 补仓E(1:1:1:1:1，-2%/-4%/-6%/-8%补) 均价止盈1% 止损离第一笔11% 拿24h,2161,81,0.84,0.88,-7.5,,1910,87,0.82,0.88,-7.5,,2124,88,0.86,0.9,-7.5,
60分钟 价值区回归 补仓E(1:1:1:1:1，-2%/-4%/-6%/-8%补) 均价止盈1% 止损离第一笔11% 拿72h,1960,91,0.77,0.94,-7.5,,1815,94,0.93,0.77,-7.5,,1999,94,0.9,0.93,-7.5,
60分钟 价值区回归 补仓E(1:1:1:1:1，-2%/-4%/-6%/-8%补) 均价止盈1% 止损离第一笔14% 拿24h,2159,81,0.8,0.86,-10.6,,1910,87,0.8,0.85,-10.6,,2124,88,0.87,0.89,-10.6,
60分钟 价值区回归 补仓E(1:1:1:1:1，-2%/-4%/-6%/-8%补) 均价止盈1% 止损离第一笔14% 拿72h,1942,91,0.68,0.73,-10.6,,1799,94,0.87,0.78,-10.6,,1990,95,0.85,0.93,-10.6,
60分钟 价值区回归 补仓E(1:1:1:1:1，-2%/-4%/-6%/-8%补) 均价止盈1% 止损离第一笔18% 拿24h,2158,81,0.78,0.77,-14.7,,1909,87,0.8,0.68,-14.7,,2123,88,0.83,0.91,-14.7,
60分钟 价值区回归 补仓E(1:1:1:1:1，-2%/-4%/-6%/-8%补) 均价止盈1% 止损离第一笔18% 拿72h,1933,92,0.63,0.78,-14.7,,1781,95,0.9,0.84,-14.7,,1975,95,0.88,0.99,-14.7,
60分钟 价值区回归 补仓E(1:1:1:1:1，-2%/-4%/-6%/-8%补) 均价止盈2% 止损离第一笔11% 拿24h,1872,68,0.92,0.84,-7.5,,1633,74,0.79,0.82,-7.5,,1791,74,0.9,0.99,-7.5,
60分钟 价值区回归 补仓E(1:1:1:1:1，-2%/-4%/-6%/-8%补) 均价止盈2% 止损离第一笔11% 拿72h,1521,81,0.81,0.87,-7.5,,1416,86,0.87,0.83,-7.5,,1572,86,0.9,0.96,-7.5,
60分钟 价值区回归 补仓E(1:1:1:1:1，-2%/-4%/-6%/-8%补) 均价止盈2% 止损离第一笔14% 拿24h,1870,69,0.89,0.85,-10.6,,1633,74,0.76,0.85,-10.6,,1790,75,0.91,0.94,-10.6,
60分钟 价值区回归 补仓E(1:1:1:1:1，-2%/-4%/-6%/-8%补) 均价止盈2% 止损离第一笔14% 拿72h,1501,82,0.75,0.84,-10.6,,1400,86,0.86,0.83,-10.6,,1553,88,0.92,0.92,-10.6,
60分钟 价值区回归 补仓E(1:1:1:1:1，-2%/-4%/-6%/-8%补) 均价止盈2% 止损离第一笔18% 拿24h,1869,69,0.86,0.9,-14.7,,1632,74,0.75,0.82,-14.7,,1789,75,0.9,0.95,-14.7,
60分钟 价值区回归 补仓E(1:1:1:1:1，-2%/-4%/-6%/-8%补) 均价止盈2% 止损离第一笔18% 拿72h,1484,82,0.73,0.81,-14.7,,1381,87,0.87,0.86,-14.7,,1534,88,0.94,0.95,-14.7,
60分钟 价值区回归 补仓E(1:1:1:1:1，-2%/-4%/-6%/-8%补) 均价止盈3% 止损离第一笔11% 拿24h,1734,62,0.97,0.92,-7.5,,1510,65,0.82,0.88,-7.5,,1605,66,0.91,0.88,-7.5,
60分钟 价值区回归 补仓E(1:1:1:1:1，-2%/-4%/-6%/-8%补) 均价止盈3% 止损离第一笔11% 拿72h,1294,73,0.85,0.94,-7.5,,1203,77,0.8,0.94,-7.5,,1303,78,0.87,1.03,-7.5,
60分钟 价值区回归 补仓E(1:1:1:1:1，-2%/-4%/-6%/-8%补) 均价止盈3% 止损离第一笔14% 拿24h,1731,62,0.94,0.79,-10.6,,1510,65,0.78,0.89,-10.6,,1605,67,0.93,0.97,-10.6,
60分钟 价值区回归 补仓E(1:1:1:1:1，-2%/-4%/-6%/-8%补) 均价止盈3% 止损离第一笔14% 拿72h,1279,74,0.81,0.92,-10.6,,1192,78,0.79,0.84,-10.6,,1280,80,0.89,0.92,-10.6,
60分钟 价值区回归 补仓E(1:1:1:1:1，-2%/-4%/-6%/-8%补) 均价止盈3% 止损离第一笔18% 拿24h,1731,62,0.93,0.9,-14.7,,1509,65,0.78,0.82,-14.7,,1604,67,0.92,0.93,-14.7,
60分钟 价值区回归 补仓E(1:1:1:1:1，-2%/-4%/-6%/-8%补) 均价止盈3% 止损离第一笔18% 拿72h,1266,74,0.77,0.86,-14.7,,1176,78,0.78,0.96,-14.7,,1261,80,0.92,0.93,-14.7,
60分钟 价值区回归 补仓E(1:1:1:1:1，-2%/-4%/-6%/-8%补) 均价止盈5% 止损离第一笔11% 拿24h,1661,58,1.03,0.92,-7.5,,1422,59,0.83,0.86,-7.5,,1491,61,0.94,0.96,-7.5,
60分钟 价值区回归 补仓E(1:1:1:1:1，-2%/-4%/-6%/-8%补) 均价止盈5% 止损离第一笔11% 拿72h,1117,65,0.85,0.88,-7.5,,1010,67,0.77,0.84,-7.5,,1077,68,0.91,0.94,-7.5,
60分钟 价值区回归 补仓E(1:1:1:1:1，-2%/-4%/-6%/-8%补) 均价止盈5% 止损离第一笔14% 拿24h,1659,58,1.0,0.83,-10.6,,1422,59,0.82,0.83,-10.6,,1491,61,0.93,0.95,-10.6,
60分钟 价值区回归 补仓E(1:1:1:1:1，-2%/-4%/-6%/-8%补) 均价止盈5% 止损离第一笔14% 拿72h,1102,65,0.83,0.94,-10.6,,1000,68,0.79,0.85,-10.6,,1059,70,0.89,0.92,-10.6,
60分钟 价值区回归 补仓E(1:1:1:1:1，-2%/-4%/-6%/-8%补) 均价止盈5% 止损离第一笔18% 拿24h,1659,58,1.0,0.92,-13.6,,1421,60,0.82,0.82,-14.7,,1489,61,0.92,0.96,-14.7,
60分钟 价值区回归 补仓E(1:1:1:1:1，-2%/-4%/-6%/-8%补) 均价止盈5% 止损离第一笔18% 拿72h,1092,66,0.8,0.84,-14.7,,986,68,0.8,0.88,-14.7,,1043,70,0.91,1.07,-14.7,
60分钟 价值区回归 补仓E(1:1:1:1:1，-2%/-4%/-6%/-8%补) 均价止盈8% 止损离第一笔11% 拿24h,1633,57,0.99,0.83,-7.5,,1377,57,0.77,0.97,-7.5,,1444,59,0.92,0.85,-7.5,
60分钟 价值区回归 补仓E(1:1:1:1:1，-2%/-4%/-6%/-8%补) 均价止盈8% 止损离第一笔11% 拿72h,1014,59,0.82,1.02,-7.5,,875,63,0.85,0.83,-7.5,,925,62,0.88,0.93,-7.5,
60分钟 价值区回归 补仓E(1:1:1:1:1，-2%/-4%/-6%/-8%补) 均价止盈8% 止损离第一笔14% 拿24h,1632,57,0.98,0.87,-10.6,,1377,57,0.75,0.81,-10.6,,1444,59,0.92,0.95,-10.6,
60分钟 价值区回归 补仓E(1:1:1:1:1，-2%/-4%/-6%/-8%补) 均价止盈8% 止损离第一笔14% 拿72h,1001,60,0.82,0.88,-10.6,,867,63,0.82,0.88,-10.6,,918,64,0.91,0.91,-10.6,
60分钟 价值区回归 补仓E(1:1:1:1:1，-2%/-4%/-6%/-8%补) 均价止盈8% 止损离第一笔18% 拿24h,1632,57,0.97,0.87,-13.6,,1375,58,0.76,0.84,-14.7,,1443,59,0.94,0.86,-14.7,
60分钟 价值区回归 补仓E(1:1:1:1:1，-2%/-4%/-6%/-8%补) 均价止盈8% 止损离第一笔18% 拿72h,993,60,0.78,0.89,-14.7,,857,64,0.86,0.81,-14.7,,905,65,0.94,0.95,-14.7,
60分钟 价值区回归 补仓F(1:1:1:1:1:1，-1.5%/-3%/-4.5%/-6%/-7.5%补) 均价止盈1% 止损离第一笔10% 拿24h,2196,83,0.85,0.87,-7.2,,1944,88,0.79,0.76,-7.2,,2161,89,0.8,0.92,-7.2,
60分钟 价值区回归 补仓F(1:1:1:1:1:1，-1.5%/-3%/-4.5%/-6%/-7.5%补) 均价止盈1% 止损离第一笔10% 拿72h,2008,92,0.83,0.91,-7.2,,1854,94,0.89,0.73,-7.2,,2060,95,0.9,0.93,-7.2,
60分钟 价值区回归 补仓F(1:1:1:1:1:1，-1.5%/-3%/-4.5%/-6%/-7.5%补) 均价止盈1% 止损离第一笔14% 拿24h,2194,83,0.81,0.81,-10.3,,1943,88,0.79,0.71,-10.3,,2161,89,0.85,0.89,-10.3,
60分钟 价值区回归 补仓F(1:1:1:1:1:1，-1.5%/-3%/-4.5%/-6%/-7.5%补) 均价止盈1% 止损离第一笔14% 拿72h,1992,93,0.74,0.82,-10.3,,1835,95,0.9,0.85,-10.3,,2047,95,0.87,0.9,-10.3,
60分钟 价值区回归 补仓F(1:1:1:1:1:1，-1.5%/-3%/-4.5%/-6%/-7.5%补) 均价止盈1% 止损离第一笔18% 拿24h,2193,83,0.79,0.91,-14.4,,1942,88,0.8,0.73,-14.4,,2159,89,0.83,0.87,-14.4,
60分钟 价值区回归 补仓F(1:1:1:1:1:1，-1.5%/-3%/-4.5%/-6%/-7.5%补) 均价止盈1% 止损离第一笔18% 拿72h,1982,93,0.68,0.89,-14.4,,1817,95,0.93,0.76,-14.4,,2031,96,0.91,0.81,-14.4,
60分钟 价值区回归 补仓F(1:1:1:1:1:1，-1.5%/-3%/-4.5%/-6%/-7.5%补) 均价止盈2% 止损离第一笔10% 拿24h,1892,71,0.9,0.97,-7.2,,1648,76,0.82,0.82,-7.2,,1828,76,0.92,0.89,-7.2,
60分钟 价值区回归 补仓F(1:1:1:1:1:1，-1.5%/-3%/-4.5%/-6%/-7.5%补) 均价止盈2% 止损离第一笔10% 拿72h,1557,82,0.8,0.98,-7.2,,1461,86,0.93,0.94,-7.2,,1627,87,0.92,0.88,-7.2,
60分钟 价值区回归 补仓F(1:1:1:1:1:1，-1.5%/-3%/-4.5%/-6%/-7.5%补) 均价止盈2% 止损离第一笔14% 拿24h,1890,71,0.9,0.86,-10.3,,1648,76,0.8,0.78,-10.3,,1828,77,0.95,0.93,-10.3,
60分钟 价值区回归 补仓F(1:1:1:1:1:1，-1.5%/-3%/-4.5%/-6%/-7.5%补) 均价止盈2% 止损离第一笔14% 拿72h,1531,83,0.75,0.98,-10.3,,1444,87,0.91,0.92,-10.3,,1607,88,0.92,0.92,-10.3,
60分钟 价值区回归 补仓F(1:1:1:1:1:1，-1.5%/-3%/-4.5%/-6%/-7.5%补) 均价止盈2% 止损离第一笔18% 拿24h,1889,71,0.87,0.9,-14.4,,1647,76,0.8,0.85,-14.4,,1827,77,0.95,0.89,-14.4,
60分钟 价值区回归 补仓F(1:1:1:1:1:1，-1.5%/-3%/-4.5%/-6%/-7.5%补) 均价止盈2% 止损离第一笔18% 拿72h,1514,83,0.72,0.81,-14.4,,1419,87,0.92,0.96,-14.4,,1585,89,0.99,0.99,-14.4,
60分钟 价值区回归 补仓F(1:1:1:1:1:1，-1.5%/-3%/-4.5%/-6%/-7.5%补) 均价止盈3% 止损离第一笔10% 拿24h,1740,64,0.95,0.87,-7.2,,1517,67,0.83,0.82,-7.2,,1620,68,0.9,0.96,-7.2,
60分钟 价值区回归 补仓F(1:1:1:1:1:1，-1.5%/-3%/-4.5%/-6%/-7.5%补) 均价止盈3% 止损离第一笔10% 拿72h,1312,74,0.87,0.98,-7.2,,1227,77,0.79,0.98,-7.2,,1326,79,0.87,0.97,-7.2,
60分钟 价值区回归 补仓F(1:1:1:1:1:1，-1.5%/-3%/-4.5%/-6%/-7.5%补) 均价止盈3% 止损离第一笔14% 拿24h,1737,64,0.93,0.88,-10.3,,1517,67,0.81,0.91,-10.3,,1619,69,0.93,0.92,-10.3,
60分钟 价值区回归 补仓F(1:1:1:1:1:1，-1.5%/-3%/-4.5%/-6%/-7.5%补) 均价止盈3% 止损离第一笔14% 拿72h,1291,75,0.84,0.86,-10.3,,1214,78,0.81,0.91,-10.3,,1296,80,0.85,0.9,-10.3,
60分钟 价值区回归 补仓F(1:1:1:1:1:1，-1.5%/-3%/-4.5%/-6%/-7.5%补) 均价止盈3% 止损离第一笔18% 拿24h,1737,64,0.92,0.83,-14.4,,1516,67,0.8,0.86,-14.4,,1618,69,0.93,0.83,-14.4,
60分钟 价值区回归 补仓F(1:1:1:1:1:1，-1.5%/-3%/-4.5%/-6%/-7.5%补) 均价止盈3% 止损离第一笔18% 拿72h,1279,76,0.8,0.84,-14.4,,1197,79,0.79,0.9,-14.4,,1280,81,0.87,0.99,-14.4,
60分钟 价值区回归 补仓F(1:1:1:1:1:1，-1.5%/-3%/-4.5%/-6%/-7.5%补) 均价止盈5% 止损离第一笔10% 拿24h,1663,60,1.02,0.95,-7.2,,1424,61,0.84,0.9,-7.2,,1494,63,0.93,0.97,-7.2,
60分钟 价值区回归 补仓F(1:1:1:1:1:1，-1.5%/-3%/-4.5%/-6%/-7.5%补) 均价止盈5% 止损离第一笔10% 拿72h,1124,65,0.88,0.88,-7.2,,1020,67,0.79,0.84,-7.2,,1080,69,0.92,0.93,-7.2,
60分钟 价值区回归 补仓F(1:1:1:1:1:1，-1.5%/-3%/-4.5%/-6%/-7.5%补) 均价止盈5% 止损离第一笔14% 拿24h,1661,61,1.03,0.89,-10.3,,1424,61,0.83,0.87,-10.3,,1494,63,0.94,0.93,-10.3,
60分钟 价值区回归 补仓F(1:1:1:1:1:1，-1.5%/-3%/-4.5%/-6%/-7.5%补) 均价止盈5% 止损离第一笔14% 拿72h,1104,66,0.84,0.83,-10.3,,1006,68,0.8,0.92,-10.3,,1060,70,0.9,0.84,-10.3,
60分钟 价值区回归 补仓F(1:1:1:1:1:1，-1.5%/-3%/-4.5%/-6%/-7.5%补) 均价止盈5% 止损离第一笔18% 拿24h,1661,61,1.02,0.89,-13.4,,1423,61,0.84,0.76,-14.4,,1493,63,0.94,0.96,-14.4,
60分钟 价值区回归 补仓F(1:1:1:1:1:1，-1.5%/-3%/-4.5%/-6%/-7.5%补) 均价止盈5% 止损离第一笔18% 拿72h,1093,67,0.82,0.82,-14.4,,992,69,0.82,0.85,-14.4,,1044,71,0.91,0.99,-14.4,
60分钟 价值区回归 补仓F(1:1:1:1:1:1，-1.5%/-3%/-4.5%/-6%/-7.5%补) 均价止盈8% 止损离第一笔10% 拿24h,1634,59,0.98,0.91,-7.2,,1378,59,0.79,0.88,-7.2,,1445,60,0.94,0.9,-7.2,
60分钟 价值区回归 补仓F(1:1:1:1:1:1，-1.5%/-3%/-4.5%/-6%/-7.5%补) 均价止盈8% 止损离第一笔10% 拿72h,1024,61,0.87,0.91,-7.2,,880,62,0.82,0.89,-7.2,,931,62,0.92,0.99,-7.2,
60分钟 价值区回归 补仓F(1:1:1:1:1:1，-1.5%/-3%/-4.5%/-6%/-7.5%补) 均价止盈8% 止损离第一笔14% 拿24h,1632,59,1.0,0.86,-10.3,,1378,59,0.77,0.82,-10.3,,1445,61,0.95,0.86,-10.3,
60分钟 价值区回归 补仓F(1:1:1:1:1:1，-1.5%/-3%/-4.5%/-6%/-7.5%补) 均价止盈8% 止损离第一笔14% 拿72h,1007,62,0.85,0.92,-10.3,,869,63,0.81,0.85,-10.3,,922,64,0.93,1.03,-10.3,
60分钟 价值区回归 补仓F(1:1:1:1:1:1，-1.5%/-3%/-4.5%/-6%/-7.5%补) 均价止盈8% 止损离第一笔18% 拿24h,1632,59,0.99,0.87,-13.4,,1376,59,0.78,0.87,-14.4,,1444,61,0.98,0.92,-14.4,
60分钟 价值区回归 补仓F(1:1:1:1:1:1，-1.5%/-3%/-4.5%/-6%/-7.5%补) 均价止盈8% 止损离第一笔18% 拿72h,999,62,0.81,0.85,-14.4,,857,64,0.85,0.9,-14.4,,911,65,0.95,0.94,-14.4,
60分钟 价值区回归 补仓G(1:1:2:2:4，-2%/-4%/-6%/-8%补) 均价止盈1% 止损离第一笔11% 拿24h,2166,83,0.94,0.84,-6.1,,1914,88,0.81,0.72,-6.1,,2136,90,0.9,1.03,-6.1,
60分钟 价值区回归 补仓G(1:1:2:2:4，-2%/-4%/-6%/-8%补) 均价止盈1% 止损离第一笔11% 拿72h,1997,93,0.85,0.85,-6.1,,1840,96,0.98,0.82,-6.1,,2042,96,0.99,1.12,-6.1,
60分钟 价值区回归 补仓G(1:1:2:2:4，-2%/-4%/-6%/-8%补) 均价止盈1% 止损离第一笔14% 拿24h,2164,83,0.86,0.86,-9.3,,1914,88,0.78,0.7,-9.3,,2136,90,0.92,0.89,-9.3,
60分钟 价值区回归 补仓G(1:1:2:2:4，-2%/-4%/-6%/-8%补) 均价止盈1% 止损离第一笔14% 拿72h,1986,93,0.71,0.92,-9.3,,1825,96,0.91,0.86,-9.3,,2036,97,1.0,1.04,-9.3,
60分钟 价值区回归 补仓G(1:1:2:2:4，-2%/-4%/-6%/-8%补) 均价止盈1% 止损离第一笔18% 拿24h,2163,83,0.81,0.86,-13.5,,1914,89,0.82,0.8,-13.5,,2135,90,0.84,0.96,-13.5,
60分钟 价值区回归 补仓G(1:1:2:2:4，-2%/-4%/-6%/-8%补) 均价止盈1% 止损离第一笔18% 拿72h,1981,94,0.63,0.82,-13.5,,1815,96,0.96,0.69,-13.5,,2031,97,0.98,0.99,-13.5,
60分钟 价值区回归 补仓G(1:1:2:2:4，-2%/-4%/-6%/-8%补) 均价止盈2% 止损离第一笔11% 拿24h,1879,71,1.03,0.87,-6.1,,1642,75,0.76,0.75,-6.1,,1800,77,0.99,1.02,-6.1,
60分钟 价值区回归 补仓G(1:1:2:2:4，-2%/-4%/-6%/-8%补) 均价止盈2% 止损离第一笔11% 拿72h,1551,84,0.89,0.94,-6.1,,1452,88,0.88,0.84,-6.1,,1605,89,0.99,0.96,-6.1,
60分钟 价值区回归 补仓G(1:1:2:2:4，-2%/-4%/-6%/-8%补) 均价止盈2% 止损离第一笔14% 拿24h,1877,71,0.95,0.87,-9.3,,1642,76,0.72,0.76,-9.3,,1800,78,1.0,0.88,-9.3,
60分钟 价值区回归 补仓G(1:1:2:2:4，-2%/-4%/-6%/-8%补) 均价止盈2% 止损离第一笔14% 拿72h,1532,85,0.8,0.81,-9.3,,1437,89,0.84,0.8,-9.3,,1595,90,0.95,0.99,-9.3,
60分钟 价值区回归 补仓G(1:1:2:2:4，-2%/-4%/-6%/-8%补) 均价止盈2% 止损离第一笔18% 拿24h,1876,71,0.91,0.91,-13.5,,1641,76,0.73,0.75,-13.5,,1799,78,0.96,0.87,-13.5,
60分钟 价值区回归 补仓G(1:1:2:2:4，-2%/-4%/-6%/-8%补) 均价止盈2% 止损离第一笔18% 拿72h,1517,85,0.76,0.79,-13.5,,1417,89,0.87,0.82,-13.5,,1578,91,0.94,0.87,-13.5,
60分钟 价值区回归 补仓G(1:1:2:2:4，-2%/-4%/-6%/-8%补) 均价止盈3% 止损离第一笔11% 拿24h,1741,64,1.0,0.88,-6.1,,1519,67,0.77,0.77,-6.1,,1619,69,0.98,0.96,-6.1,
60分钟 价值区回归 补仓G(1:1:2:2:4，-2%/-4%/-6%/-8%补) 均价止盈3% 止损离第一笔11% 拿72h,1311,76,0.82,0.95,-6.1,,1229,79,0.8,0.93,-6.1,,1336,82,0.94,0.99,-6.1,
60分钟 价值区回归 补仓G(1:1:2:2:4，-2%/-4%/-6%/-8%补) 均价止盈3% 止损离第一笔14% 拿24h,1739,64,0.96,0.82,-9.3,,1519,67,0.74,0.81,-9.3,,1619,70,1.01,0.95,-9.3,
60分钟 价值区回归 补仓G(1:1:2:2:4，-2%/-4%/-6%/-8%补) 均价止盈3% 止损离第一笔14% 拿72h,1296,77,0.79,0.83,-9.3,,1218,81,0.8,0.84,-9.3,,1324,84,0.98,0.86,-9.3,
60分钟 价值区回归 补仓G(1:1:2:2:4，-2%/-4%/-6%/-8%补) 均价止盈3% 止损离第一笔18% 拿24h,1739,64,0.92,0.79,-13.5,,1518,67,0.73,0.85,-13.5,,1618,70,0.98,1.0,-13.5,
60分钟 价值区回归 补仓G(1:1:2:2:4，-2%/-4%/-6%/-8%补) 均价止盈3% 止损离第一笔18% 拿72h,1282,77,0.75,0.8,-13.5,,1203,81,0.79,0.92,-13.5,,1307,84,0.97,0.95,-13.5,
60分钟 价值区回归 补仓G(1:1:2:2:4，-2%/-4%/-6%/-8%补) 均价止盈5% 止损离第一笔11% 拿24h,1661,60,1.06,0.89,-6.1,,1422,61,0.84,0.92,-6.1,,1495,63,0.96,0.99,-6.1,
60分钟 价值区回归 补仓G(1:1:2:2:4，-2%/-4%/-6%/-8%补) 均价止盈5% 止损离第一笔11% 拿72h,1125,68,0.82,0.88,-6.1,,1019,70,0.78,0.9,-6.1,,1091,71,0.88,1.05,-6.1,
60分钟 价值区回归 补仓G(1:1:2:2:4，-2%/-4%/-6%/-8%补) 均价止盈5% 止损离第一笔14% 拿24h,1659,60,1.02,0.78,-9.3,,1422,61,0.81,0.76,-9.3,,1495,64,0.96,0.86,-9.3,
60分钟 价值区回归 补仓G(1:1:2:2:4，-2%/-4%/-6%/-8%补) 均价止盈5% 止损离第一笔14% 拿72h,1111,69,0.78,0.8,-9.3,,1012,72,0.82,0.82,-9.3,,1073,73,0.88,0.98,-9.3,
60分钟 价值区回归 补仓G(1:1:2:2:4，-2%/-4%/-6%/-8%补) 均价止盈5% 止损离第一笔18% 拿24h,1659,60,1.02,0.9,-12.1,,1421,61,0.82,0.82,-13.5,,1493,64,0.95,0.95,-13.5,
60分钟 价值区回归 补仓G(1:1:2:2:4，-2%/-4%/-6%/-8%补) 均价止盈5% 止损离第一笔18% 拿72h,1100,70,0.75,0.81,-13.5,,998,72,0.83,0.86,-13.5,,1057,74,0.9,0.94,-13.5,
60分钟 价值区回归 补仓G(1:1:2:2:4，-2%/-4%/-6%/-8%补) 均价止盈8% 止损离第一笔11% 拿24h,1635,59,1.03,0.9,-6.1,,1377,59,0.78,0.85,-6.1,,1446,61,0.94,1.04,-6.1,
60分钟 价值区回归 补仓G(1:1:2:2:4，-2%/-4%/-6%/-8%补) 均价止盈8% 止损离第一笔11% 拿72h,1018,63,0.77,0.93,-6.1,,881,65,0.84,0.9,-6.1,,933,64,0.85,0.98,-6.1,
60分钟 价值区回归 补仓G(1:1:2:2:4，-2%/-4%/-6%/-8%补) 均价止盈8% 止损离第一笔14% 拿24h,1634,59,1.01,0.91,-9.3,,1377,59,0.76,0.92,-9.3,,1446,62,0.94,0.97,-9.3,
60分钟 价值区回归 补仓G(1:1:2:2:4，-2%/-4%/-6%/-8%补) 均价止盈8% 止损离第一笔14% 拿72h,1005,64,0.76,0.83,-9.3,,873,66,0.82,0.9,-9.3,,926,66,0.87,1.01,-9.3,
60分钟 价值区回归 补仓G(1:1:2:2:4，-2%/-4%/-6%/-8%补) 均价止盈8% 止损离第一笔18% 拿24h,1634,59,1.0,0.71,-12.1,,1375,59,0.76,0.86,-13.5,,1444,62,0.98,0.92,-13.5,
60分钟 价值区回归 补仓G(1:1:2:2:4，-2%/-4%/-6%/-8%补) 均价止盈8% 止损离第一笔18% 拿72h,997,64,0.72,0.85,-13.5,,864,67,0.85,0.8,-13.5,,915,68,0.93,0.85,-13.5,
60分钟 价值区回归 补仓H(1:1:1:1:1:1:1:1，-1%/-2%/-3%/-4%/-5%/-6%/-7%补) 均价止盈1% 止损离第一笔10% 拿24h,2239,84,0.84,0.8,-6.9,,1985,90,0.87,0.76,-6.9,,2211,91,0.87,0.94,-6.9,
60分钟 价值区回归 补仓H(1:1:1:1:1:1:1:1，-1%/-2%/-3%/-4%/-5%/-6%/-7%补) 均价止盈1% 止损离第一笔10% 拿72h,2070,93,0.79,0.84,-6.9,,1917,95,0.99,0.82,-6.9,,2122,96,1.0,0.93,-6.9,
60分钟 价值区回归 补仓H(1:1:1:1:1:1:1:1，-1%/-2%/-3%/-4%/-5%/-6%/-7%补) 均价止盈1% 止损离第一笔13% 拿24h,2237,84,0.83,0.85,-10.0,,1984,90,0.9,0.75,-10.0,,2211,91,0.88,0.89,-10.0,
60分钟 价值区回归 补仓H(1:1:1:1:1:1:1:1，-1%/-2%/-3%/-4%/-5%/-6%/-7%补) 均价止盈1% 止损离第一笔13% 拿72h,2049,93,0.74,0.91,-10.0,,1900,96,1.03,0.81,-10.0,,2115,96,0.94,1.03,-10.0,
60分钟 价值区回归 补仓H(1:1:1:1:1:1:1:1，-1%/-2%/-3%/-4%/-5%/-6%/-7%补) 均价止盈1% 止损离第一笔17% 拿24h,2236,84,0.81,0.85,-14.1,,1984,90,0.87,0.74,-14.1,,2209,91,0.85,0.9,-14.1,
60分钟 价值区回归 补仓H(1:1:1:1:1:1:1:1，-1%/-2%/-3%/-4%/-5%/-6%/-7%补) 均价止盈1% 止损离第一笔17% 拿72h,2041,93,0.67,0.85,-14.1,,1886,96,1.04,0.88,-14.1,,2099,97,1.05,1.09,-14.1,
60分钟 价值区回归 补仓H(1:1:1:1:1:1:1:1，-1%/-2%/-3%/-4%/-5%/-6%/-7%补) 均价止盈2% 止损离第一笔10% 拿24h,1900,73,0.95,0.92,-6.9,,1661,77,0.78,0.8,-6.9,,1847,78,0.91,0.94,-6.9,
60分钟 价值区回归 补仓H(1:1:1:1:1:1:1:1，-1%/-2%/-3%/-4%/-5%/-6%/-7%补) 均价止盈2% 止损离第一笔10% 拿72h,1581,84,0.88,0.88,-6.9,,1480,86,0.86,0.85,-6.9,,1661,87,0.91,1.0,-6.9,
60分钟 价值区回归 补仓H(1:1:1:1:1:1:1:1，-1%/-2%/-3%/-4%/-5%/-6%/-7%补) 均价止盈2% 止损离第一笔13% 拿24h,1898,73,0.92,0.86,-10.0,,1661,77,0.76,0.78,-10.0,,1845,79,0.91,0.99,-10.0,
60分钟 价值区回归 补仓H(1:1:1:1:1:1:1:1，-1%/-2%/-3%/-4%/-5%/-6%/-7%补) 均价止盈2% 止损离第一笔13% 拿72h,1560,84,0.79,0.88,-10.0,,1459,88,0.88,0.81,-10.0,,1639,89,0.86,0.97,-10.0,
60分钟 价值区回归 补仓H(1:1:1:1:1:1:1:1，-1%/-2%/-3%/-4%/-5%/-6%/-7%补) 均价止盈2% 止损离第一笔17% 拿24h,1897,73,0.9,0.9,-14.1,,1661,77,0.76,0.82,-14.1,,1844,79,0.92,0.94,-14.1,
60分钟 价值区回归 补仓H(1:1:1:1:1:1:1:1，-1%/-2%/-3%/-4%/-5%/-6%/-7%补) 均价止盈2% 止损离第一笔17% 拿72h,1542,85,0.74,0.75,-14.1,,1436,88,0.89,0.96,-14.1,,1613,90,0.95,0.88,-14.1,
60分钟 价值区回归 补仓H(1:1:1:1:1:1:1:1，-1%/-2%/-3%/-4%/-5%/-6%/-7%补) 均价止盈3% 止损离第一笔10% 拿24h,1744,66,0.93,0.84,-6.9,,1520,68,0.81,0.86,-6.9,,1631,70,0.9,0.9,-6.9,
60分钟 价值区回归 补仓H(1:1:1:1:1:1:1:1，-1%/-2%/-3%/-4%/-5%/-6%/-7%补) 均价止盈3% 止损离第一笔10% 拿72h,1325,75,0.9,0.91,-6.9,,1237,78,0.82,0.86,-6.9,,1353,79,0.89,1.03,-6.9,
60分钟 价值区回归 补仓H(1:1:1:1:1:1:1:1，-1%/-2%/-3%/-4%/-5%/-6%/-7%补) 均价止盈3% 止损离第一笔13% 拿24h,1741,66,0.91,0.87,-10.0,,1520,68,0.78,0.84,-10.0,,1630,70,0.91,0.93,-10.0,
60分钟 价值区回归 补仓H(1:1:1:1:1:1:1:1，-1%/-2%/-3%/-4%/-5%/-6%/-7%补) 均价止盈3% 止损离第一笔13% 拿72h,1305,76,0.86,0.91,-10.0,,1218,79,0.82,0.91,-10.0,,1326,81,0.85,0.95,-10.0,
60分钟 价值区回归 补仓H(1:1:1:1:1:1:1:1，-1%/-2%/-3%/-4%/-5%/-6%/-7%补) 均价止盈3% 止损离第一笔17% 拿24h,1740,66,0.88,0.88,-14.1,,1520,68,0.77,0.84,-14.1,,1629,71,0.93,0.93,-14.1,
60分钟 价值区回归 补仓H(1:1:1:1:1:1:1:1，-1%/-2%/-3%/-4%/-5%/-6%/-7%补) 均价止盈3% 止损离第一笔17% 拿72h,1290,76,0.78,0.9,-14.1,,1203,79,0.81,0.89,-14.1,,1302,82,0.9,0.96,-14.1,
60分钟 价值区回归 补仓H(1:1:1:1:1:1:1:1，-1%/-2%/-3%/-4%/-5%/-6%/-7%补) 均价止盈5% 止损离第一笔10% 拿24h,1663,63,1.02,0.89,-6.9,,1424,62,0.81,0.87,-6.9,,1500,64,0.92,0.93,-6.9,
60分钟 价值区回归 补仓H(1:1:1:1:1:1:1:1，-1%/-2%/-3%/-4%/-5%/-6%/-7%补) 均价止盈5% 止损离第一笔10% 拿72h,1131,66,0.9,0.94,-6.9,,1026,67,0.8,0.86,-6.9,,1100,69,0.93,0.93,-6.9,
60分钟 价值区回归 补仓H(1:1:1:1:1:1:1:1，-1%/-2%/-3%/-4%/-5%/-6%/-7%补) 均价止盈5% 止损离第一笔13% 拿24h,1661,63,1.03,0.96,-10.0,,1424,62,0.82,0.85,-10.0,,1499,65,0.93,0.97,-10.0,
60分钟 价值区回归 补仓H(1:1:1:1:1:1:1:1，-1%/-2%/-3%/-4%/-5%/-6%/-7%补) 均价止盈5% 止损离第一笔13% 拿72h,1109,67,0.87,0.87,-10.0,,1008,69,0.8,0.88,-10.0,,1073,71,0.9,1.02,-10.0,
60分钟 价值区回归 补仓H(1:1:1:1:1:1:1:1，-1%/-2%/-3%/-4%/-5%/-6%/-7%补) 均价止盈5% 止损离第一笔17% 拿24h,1661,63,1.01,0.84,-13.2,,1422,63,0.83,0.93,-14.1,,1498,65,0.93,0.86,-14.1,
60分钟 价值区回归 补仓H(1:1:1:1:1:1:1:1，-1%/-2%/-3%/-4%/-5%/-6%/-7%补) 均价止盈5% 止损离第一笔17% 拿72h,1096,68,0.81,0.96,-14.1,,996,70,0.83,0.83,-14.1,,1057,72,0.94,0.94,-14.1,
60分钟 价值区回归 补仓H(1:1:1:1:1:1:1:1，-1%/-2%/-3%/-4%/-5%/-6%/-7%补) 均价止盈8% 止损离第一笔10% 拿24h,1634,61,1.0,0.9,-6.9,,1379,60,0.77,0.92,-6.9,,1446,62,0.92,0.94,-6.9,
60分钟 价值区回归 补仓H(1:1:1:1:1:1:1:1，-1%/-2%/-3%/-4%/-5%/-6%/-7%补) 均价止盈8% 止损离第一笔10% 拿72h,1026,62,0.87,0.97,-6.9,,888,62,0.81,0.87,-6.9,,941,62,0.92,0.96,-6.9,
60分钟 价值区回归 补仓H(1:1:1:1:1:1:1:1，-1%/-2%/-3%/-4%/-5%/-6%/-7%补) 均价止盈8% 止损离第一笔13% 拿24h,1632,62,1.0,0.92,-10.0,,1379,60,0.76,0.86,-10.0,,1444,63,0.92,0.97,-10.0,
60分钟 价值区回归 补仓H(1:1:1:1:1:1:1:1，-1%/-2%/-3%/-4%/-5%/-6%/-7%补) 均价止盈8% 止损离第一笔13% 拿72h,1011,63,0.84,0.94,-10.0,,873,64,0.8,0.84,-10.0,,924,65,0.93,1.02,-10.0,
60分钟 价值区回归 补仓H(1:1:1:1:1:1:1:1，-1%/-2%/-3%/-4%/-5%/-6%/-7%补) 均价止盈8% 止损离第一笔17% 拿24h,1632,62,0.99,0.94,-13.2,,1377,60,0.78,0.91,-14.1,,1443,63,0.95,0.95,-14.1,
60分钟 价值区回归 补仓H(1:1:1:1:1:1:1:1，-1%/-2%/-3%/-4%/-5%/-6%/-7%补) 均价止盈8% 止损离第一笔17% 拿72h,1001,63,0.8,0.88,-14.1,,863,65,0.85,0.95,-14.1,,912,66,0.96,0.97,-14.1,
60分钟 价值区回归 补仓I(1:1:1:2:2:3，-2%/-4%/-6%/-9%/-12%补) 均价止盈1% 止损离第一笔15% 拿24h,2163,82,0.87,0.81,-8.6,,1913,88,0.76,0.71,-8.6,,2127,89,0.88,0.87,-8.6,
60分钟 价值区回归 补仓I(1:1:1:2:2:3，-2%/-4%/-6%/-9%/-12%补) 均价止盈1% 止损离第一笔15% 拿72h,1962,93,0.65,0.83,-8.6,,1806,96,0.83,0.77,-8.6,,2005,96,0.9,0.95,-8.6,
60分钟 价值区回归 补仓I(1:1:1:2:2:3，-2%/-4%/-6%/-9%/-12%补) 均价止盈1% 止损离第一笔18% 拿24h,2163,82,0.87,0.9,-10.2,,1913,88,0.82,0.71,-11.8,,2127,89,0.82,0.98,-11.8,
60分钟 价值区回归 补仓I(1:1:1:2:2:3，-2%/-4%/-6%/-9%/-12%补) 均价止盈1% 止损离第一笔18% 拿72h,1960,93,0.63,0.76,-11.8,,1802,96,0.9,0.85,-11.8,,1997,96,0.92,1.01,-11.8,
60分钟 价值区回归 补仓I(1:1:1:2:2:3，-2%/-4%/-6%/-9%/-12%补) 均价止盈1% 止损离第一笔22% 拿24h,2163,82,0.87,0.86,-14.0,,1913,88,0.9,0.79,-16.1,,2127,89,0.84,0.74,-14.0,
60分钟 价值区回归 补仓I(1:1:1:2:2:3，-2%/-4%/-6%/-9%/-12%补) 均价止盈1% 止损离第一笔22% 拿72h,1957,93,0.6,0.71,-16.1,,1796,96,1.02,0.71,-16.1,,1990,96,0.92,0.94,-16.1,
60分钟 价值区回归 补仓I(1:1:1:2:2:3，-2%/-4%/-6%/-9%/-12%补) 均价止盈2% 止损离第一笔15% 拿24h,1872,69,0.9,0.89,-8.6,,1637,75,0.7,0.79,-8.6,,1792,76,0.96,0.95,-8.6,
60分钟 价值区回归 补仓I(1:1:1:2:2:3，-2%/-4%/-6%/-9%/-12%补) 均价止盈2% 止损离第一笔15% 拿72h,1511,83,0.72,0.83,-8.6,,1406,88,0.83,0.89,-8.6,,1563,89,0.9,0.82,-8.6,
60分钟 价值区回归 补仓I(1:1:1:2:2:3，-2%/-4%/-6%/-9%/-12%补) 均价止盈2% 止损离第一笔18% 拿24h,1872,69,0.88,0.83,-11.8,,1636,75,0.72,0.82,-11.8,,1792,76,0.93,0.83,-11.8,
60分钟 价值区回归 补仓I(1:1:1:2:2:3，-2%/-4%/-6%/-9%/-12%补) 均价止盈2% 止损离第一笔18% 拿72h,1499,84,0.73,0.91,-11.8,,1396,88,0.84,0.83,-11.8,,1554,90,0.91,0.86,-11.8,
60分钟 价值区回归 补仓I(1:1:1:2:2:3，-2%/-4%/-6%/-9%/-12%补) 均价止盈2% 止损离第一笔22% 拿24h,1872,69,0.9,0.85,-14.0,,1636,75,0.74,0.81,-16.1,,1792,76,0.92,0.82,-14.0,
60分钟 价值区回归 补仓I(1:1:1:2:2:3，-2%/-4%/-6%/-9%/-12%补) 均价止盈2% 止损离第一笔22% 拿72h,1495,84,0.69,0.78,-16.1,,1387,89,0.86,0.72,-16.1,,1545,90,0.91,0.96,-16.1,
60分钟 价值区回归 补仓I(1:1:1:2:2:3，-2%/-4%/-6%/-9%/-12%补) 均价止盈3% 止损离第一笔15% 拿24h,1734,62,0.87,0.86,-8.6,,1511,66,0.76,0.82,-8.6,,1605,68,1.0,0.89,-8.6,
60分钟 价值区回归 补仓I(1:1:1:2:2:3，-2%/-4%/-6%/-9%/-12%补) 均价止盈3% 止损离第一笔15% 拿72h,1282,75,0.72,0.82,-8.6,,1196,80,0.79,0.86,-8.6,,1287,82,0.89,0.93,-8.6,
60分钟 价值区回归 补仓I(1:1:1:2:2:3，-2%/-4%/-6%/-9%/-12%补) 均价止盈3% 止损离第一笔18% 拿24h,1734,62,0.87,0.88,-11.8,,1510,66,0.76,0.86,-11.8,,1605,68,0.95,0.96,-11.8,
60分钟 价值区回归 补仓I(1:1:1:2:2:3，-2%/-4%/-6%/-9%/-12%补) 均价止盈3% 止损离第一笔18% 拿72h,1272,75,0.7,0.81,-11.8,,1187,81,0.78,0.86,-11.8,,1280,82,0.89,0.89,-11.8,
60分钟 价值区回归 补仓I(1:1:1:2:2:3，-2%/-4%/-6%/-9%/-12%补) 均价止盈3% 止损离第一笔22% 拿24h,1734,62,0.86,0.94,-14.0,,1510,66,0.8,0.77,-16.1,,1605,69,0.96,0.98,-14.0,
60分钟 价值区回归 补仓I(1:1:1:2:2:3，-2%/-4%/-6%/-9%/-12%补) 均价止盈3% 止损离第一笔22% 拿72h,1267,75,0.63,0.84,-16.1,,1181,81,0.81,0.88,-16.1,,1272,83,0.91,0.85,-16.1,
60分钟 价值区回归 补仓I(1:1:1:2:2:3，-2%/-4%/-6%/-9%/-12%补) 均价止盈5% 止损离第一笔15% 拿24h,1660,58,0.96,0.88,-8.6,,1421,61,0.83,0.9,-8.6,,1491,62,1.0,0.94,-8.6,
60分钟 价值区回归 补仓I(1:1:1:2:2:3，-2%/-4%/-6%/-9%/-12%补) 均价止盈5% 止损离第一笔15% 拿72h,1103,67,0.74,0.78,-8.6,,1001,72,0.87,0.85,-8.6,,1058,73,0.99,0.91,-8.6,
60分钟 价值区回归 补仓I(1:1:1:2:2:3，-2%/-4%/-6%/-9%/-12%补) 均价止盈5% 止损离第一笔18% 拿24h,1660,58,0.98,0.82,-10.2,,1420,61,0.82,0.79,-11.8,,1490,62,0.95,0.84,-11.8,
60分钟 价值区回归 补仓I(1:1:1:2:2:3，-2%/-4%/-6%/-9%/-12%补) 均价止盈5% 止损离第一笔18% 拿72h,1096,67,0.73,0.84,-11.8,,993,72,0.84,0.77,-11.8,,1052,73,0.96,0.9,-11.8,
60分钟 价值区回归 补仓I(1:1:1:2:2:3，-2%/-4%/-6%/-9%/-12%补) 均价止盈5% 止损离第一笔22% 拿24h,1660,58,1.01,0.96,-14.0,,1420,61,0.83,0.82,-16.1,,1490,63,0.99,0.83,-14.0,
60分钟 价值区回归 补仓I(1:1:1:2:2:3，-2%/-4%/-6%/-9%/-12%补) 均价止盈5% 止损离第一笔22% 拿72h,1092,67,0.68,0.75,-16.1,,989,73,0.83,0.79,-16.1,,1047,74,0.95,0.91,-16.1,
60分钟 价值区回归 补仓I(1:1:1:2:2:3，-2%/-4%/-6%/-9%/-12%补) 均价止盈8% 止损离第一笔15% 拿24h,1633,57,0.95,0.91,-8.6,,1377,58,0.76,0.94,-8.6,,1444,61,0.96,0.95,-8.6,
60分钟 价值区回归 补仓I(1:1:1:2:2:3，-2%/-4%/-6%/-9%/-12%补) 均价止盈8% 止损离第一笔15% 拿72h,1000,62,0.73,0.82,-8.6,,866,67,0.88,0.9,-8.6,,914,67,0.96,1.0,-8.6,
60分钟 价值区回归 补仓I(1:1:1:2:2:3，-2%/-4%/-6%/-9%/-12%补) 均价止盈8% 止损离第一笔18% 拿24h,1633,58,0.97,0.94,-10.2,,1376,58,0.76,0.92,-11.8,,1444,61,0.96,0.82,-11.8,
60分钟 价值区回归 补仓I(1:1:1:2:2:3，-2%/-4%/-6%/-9%/-12%补) 均价止盈8% 止损离第一笔18% 拿72h,995,62,0.71,0.76,-11.8,,860,67,0.87,0.88,-11.8,,908,67,0.91,0.9,-11.8,
60分钟 价值区回归 补仓I(1:1:1:2:2:3，-2%/-4%/-6%/-9%/-12%补) 均价止盈8% 止损离第一笔22% 拿24h,1633,58,0.98,0.84,-14.0,,1376,58,0.76,0.79,-16.1,,1444,61,0.97,0.95,-14.0,
60分钟 价值区回归 补仓I(1:1:1:2:2:3，-2%/-4%/-6%/-9%/-12%补) 均价止盈8% 止损离第一笔22% 拿72h,993,62,0.69,0.81,-16.1,,858,67,0.86,0.73,-16.1,,899,68,0.91,0.85,-16.1,
60分钟 衰竭 补仓E(1:1:1:1:1，-2%/-4%/-6%/-8%补) 均价止盈1% 止损离第一笔11% 拿24h,3014,84,0.82,0.86,-7.5,,2842,89,0.76,0.79,-7.5,,2810,90,0.97,0.83,-7.5,
60分钟 衰竭 补仓E(1:1:1:1:1，-2%/-4%/-6%/-8%补) 均价止盈1% 止损离第一笔11% 拿72h,2797,93,0.87,0.91,-7.5,,2699,95,0.87,0.89,-7.5,,2697,95,0.93,0.98,-7.5,
60分钟 衰竭 补仓E(1:1:1:1:1，-2%/-4%/-6%/-8%补) 均价止盈1% 止损离第一笔14% 拿24h,2997,85,0.79,0.74,-10.6,,2827,89,0.72,0.78,-10.6,,2797,90,0.95,0.92,-10.6,
60分钟 衰竭 补仓E(1:1:1:1:1，-2%/-4%/-6%/-8%补) 均价止盈1% 止损离第一笔14% 拿72h,2743,93,0.76,0.82,-10.6,,2646,95,0.85,0.82,-10.6,,2655,96,0.92,0.87,-10.6,
60分钟 衰竭 补仓E(1:1:1:1:1，-2%/-4%/-6%/-8%补) 均价止盈1% 止损离第一笔18% 拿24h,2988,85,0.76,0.81,-14.7,,2812,89,0.77,0.72,-14.7,,2782,90,0.87,0.94,-14.7,
60分钟 衰竭 补仓E(1:1:1:1:1，-2%/-4%/-6%/-8%补) 均价止盈1% 止损离第一笔18% 拿72h,2711,94,0.74,0.76,-14.7,,2602,96,0.91,0.78,-14.7,,2619,96,0.83,0.9,-14.7,
60分钟 衰竭 补仓E(1:1:1:1:1，-2%/-4%/-6%/-8%补) 均价止盈2% 止损离第一笔11% 拿24h,2679,73,0.85,0.82,-7.5,,2516,78,0.82,0.9,-7.5,,2466,78,0.91,0.93,-7.5,
60分钟 衰竭 补仓E(1:1:1:1:1，-2%/-4%/-6%/-8%补) 均价止盈2% 止损离第一笔11% 拿72h,2240,85,0.89,0.92,-7.5,,2179,87,0.94,0.88,-7.5,,2212,88,0.92,0.94,-7.5,
60分钟 衰竭 补仓E(1:1:1:1:1，-2%/-4%/-6%/-8%补) 均价止盈2% 止损离第一笔14% 拿24h,2657,73,0.83,0.86,-10.6,,2491,78,0.81,0.84,-10.6,,2447,78,0.88,0.92,-10.6,
60分钟 衰竭 补仓E(1:1:1:1:1，-2%/-4%/-6%/-8%补) 均价止盈2% 止损离第一笔14% 拿72h,2181,86,0.84,0.82,-10.6,,2117,88,0.89,0.88,-10.6,,2145,89,0.88,0.92,-10.6,
60分钟 衰竭 补仓E(1:1:1:1:1，-2%/-4%/-6%/-8%补) 均价止盈2% 止损离第一笔18% 拿24h,2645,73,0.81,0.87,-14.7,,2475,78,0.78,0.87,-14.7,,2430,78,0.86,0.94,-14.7,
60分钟 衰竭 补仓E(1:1:1:1:1，-2%/-4%/-6%/-8%补) 均价止盈2% 止损离第一笔18% 拿72h,2146,86,0.84,0.78,-14.7,,2063,89,0.87,0.89,-14.7,,2096,90,0.87,0.88,-14.7,
60分钟 衰竭 补仓E(1:1:1:1:1，-2%/-4%/-6%/-8%补) 均价止盈3% 止损离第一笔11% 拿24h,2500,66,0.81,0.88,-7.5,,2333,70,0.82,0.88,-7.5,,2278,71,0.94,0.97,-7.5,
60分钟 衰竭 补仓E(1:1:1:1:1，-2%/-4%/-6%/-8%补) 均价止盈3% 止损离第一笔11% 拿72h,1879,77,0.88,0.84,-7.5,,1839,80,0.95,0.84,-7.5,,1873,80,0.9,0.91,-7.5,
60分钟 衰竭 补仓E(1:1:1:1:1，-2%/-4%/-6%/-8%补) 均价止盈3% 止损离第一笔14% 拿24h,2484,66,0.79,0.8,-10.6,,2307,71,0.8,0.88,-10.6,,2251,71,0.89,0.97,-10.6,
60分钟 衰竭 补仓E(1:1:1:1:1，-2%/-4%/-6%/-8%补) 均价止盈3% 止损离第一笔14% 拿72h,1828,77,0.83,0.91,-10.6,,1774,82,0.95,0.95,-10.6,,1791,82,0.9,0.86,-10.6,
60分钟 衰竭 补仓E(1:1:1:1:1，-2%/-4%/-6%/-8%补) 均价止盈3% 止损离第一笔18% 拿24h,2470,66,0.77,0.81,-14.7,,2289,71,0.79,0.86,-14.7,,2234,72,0.89,0.86,-14.7,
60分钟 衰竭 补仓E(1:1:1:1:1，-2%/-4%/-6%/-8%补) 均价止盈3% 止损离第一笔18% 拿72h,1778,77,0.8,0.75,-14.7,,1727,82,0.92,0.85,-14.7,,1745,83,0.9,0.89,-14.7,
60分钟 衰竭 补仓E(1:1:1:1:1，-2%/-4%/-6%/-8%补) 均价止盈5% 止损离第一笔11% 拿24h,2322,61,0.76,0.88,-7.5,,2123,64,0.88,0.89,-7.5,,2085,64,0.94,0.93,-7.5,
60分钟 衰竭 补仓E(1:1:1:1:1，-2%/-4%/-6%/-8%补) 均价止盈5% 止损离第一笔11% 拿72h,1533,66,0.79,0.9,-7.5,,1469,71,1.01,0.87,-7.5,,1481,70,0.95,0.93,-7.5,
60分钟 衰竭 补仓E(1:1:1:1:1，-2%/-4%/-6%/-8%补) 均价止盈5% 止损离第一笔14% 拿24h,2300,61,0.77,0.87,-10.6,,2100,64,0.85,0.8,-10.6,,2061,65,0.9,0.85,-10.6,
60分钟 衰竭 补仓E(1:1:1:1:1，-2%/-4%/-6%/-8%补) 均价止盈5% 止损离第一笔14% 拿72h,1474,67,0.79,0.87,-10.6,,1413,73,0.97,0.87,-10.6,,1405,71,0.92,0.83,-10.6,
60分钟 衰竭 补仓E(1:1:1:1:1，-2%/-4%/-6%/-8%补) 均价止盈5% 止损离第一笔18% 拿24h,2286,61,0.75,0.77,-14.7,,2080,64,0.86,0.82,-14.7,,2042,65,0.89,0.92,-14.7,
60分钟 衰竭 补仓E(1:1:1:1:1，-2%/-4%/-6%/-8%补) 均价止盈5% 止损离第一笔18% 拿72h,1437,68,0.78,0.82,-14.7,,1370,73,0.97,0.89,-14.7,,1356,73,0.96,0.9,-14.7,
60分钟 衰竭 补仓E(1:1:1:1:1，-2%/-4%/-6%/-8%补) 均价止盈8% 止损离第一笔11% 拿24h,2228,59,0.76,0.88,-7.5,,2011,62,0.9,0.85,-7.5,,1963,62,0.88,0.83,-7.5,
60分钟 衰竭 补仓E(1:1:1:1:1，-2%/-4%/-6%/-8%补) 均价止盈8% 止损离第一笔11% 拿72h,1296,60,0.79,0.88,-7.5,,1204,66,1.12,0.88,-7.5,✔,1227,63,0.95,0.95,-7.5,
60分钟 衰竭 补仓E(1:1:1:1:1，-2%/-4%/-6%/-8%补) 均价止盈8% 止损离第一笔14% 拿24h,2207,60,0.79,0.88,-10.6,,1993,62,0.87,0.88,-10.6,,1943,63,0.85,0.9,-10.6,
60分钟 衰竭 补仓E(1:1:1:1:1，-2%/-4%/-6%/-8%补) 均价止盈8% 止损离第一笔14% 拿72h,1244,61,0.75,0.82,-10.6,,1169,67,1.11,0.88,-10.6,,1175,65,0.93,0.86,-10.6,
60分钟 衰竭 补仓E(1:1:1:1:1，-2%/-4%/-6%/-8%补) 均价止盈8% 止损离第一笔18% 拿24h,2193,60,0.76,0.85,-14.7,,1974,62,0.89,0.85,-14.7,,1919,63,0.83,0.89,-14.7,
60分钟 衰竭 补仓E(1:1:1:1:1，-2%/-4%/-6%/-8%补) 均价止盈8% 止损离第一笔18% 拿72h,1207,63,0.76,0.88,-14.7,,1142,68,1.01,0.88,-14.7,,1126,67,0.97,0.89,-14.7,
60分钟 衰竭 补仓F(1:1:1:1:1:1，-1.5%/-3%/-4.5%/-6%/-7.5%补) 均价止盈1% 止损离第一笔10% 拿24h,3039,86,0.81,0.84,-7.2,,2862,90,0.75,0.77,-7.2,,2867,91,0.96,0.8,-7.2,
60分钟 衰竭 补仓F(1:1:1:1:1:1，-1.5%/-3%/-4.5%/-6%/-7.5%补) 均价止盈1% 止损离第一笔10% 拿72h,2841,93,0.87,0.93,-7.2,,2730,95,0.8,0.83,-7.2,,2778,96,0.94,0.96,-7.2,
60分钟 衰竭 补仓F(1:1:1:1:1:1，-1.5%/-3%/-4.5%/-6%/-7.5%补) 均价止盈1% 止损离第一笔14% 拿24h,3021,86,0.76,0.74,-10.3,,2848,90,0.72,0.81,-10.3,,2846,91,0.98,0.88,-10.3,
60分钟 衰竭 补仓F(1:1:1:1:1:1，-1.5%/-3%/-4.5%/-6%/-7.5%补) 均价止盈1% 止损离第一笔14% 拿72h,2792,94,0.76,0.83,-10.3,,2677,95,0.81,0.84,-10.3,,2726,96,0.87,0.91,-10.3,
60分钟 衰竭 补仓F(1:1:1:1:1:1，-1.5%/-3%/-4.5%/-6%/-7.5%补) 均价止盈1% 止损离第一笔18% 拿24h,3008,86,0.73,0.75,-14.4,,2833,90,0.75,0.73,-14.4,,2834,91,0.9,0.85,-14.4,
60分钟 衰竭 补仓F(1:1:1:1:1:1，-1.5%/-3%/-4.5%/-6%/-7.5%补) 均价止盈1% 止损离第一笔18% 拿72h,2752,94,0.72,0.75,-14.4,,2628,96,0.87,0.8,-14.4,,2678,96,0.83,0.96,-14.4,
60分钟 衰竭 补仓F(1:1:1:1:1:1，-1.5%/-3%/-4.5%/-6%/-7.5%补) 均价止盈2% 止损离第一笔10% 拿24h,2691,75,0.89,0.82,-7.2,,2538,78,0.83,0.83,-7.2,,2499,79,0.9,0.96,-7.2,
60分钟 衰竭 补仓F(1:1:1:1:1:1，-1.5%/-3%/-4.5%/-6%/-7.5%补) 均价止盈2% 止损离第一笔10% 拿72h,2270,85,0.91,0.85,-7.2,,2231,88,0.92,0.89,-7.2,,2259,89,0.95,0.97,-7.2,
60分钟 衰竭 补仓F(1:1:1:1:1:1，-1.5%/-3%/-4.5%/-6%/-7.5%补) 均价止盈2% 止损离第一笔14% 拿24h,2676,75,0.84,0.84,-10.3,,2514,79,0.79,0.81,-10.3,,2472,80,0.9,0.9,-10.3,
60分钟 衰竭 补仓F(1:1:1:1:1:1，-1.5%/-3%/-4.5%/-6%/-7.5%补) 均价止盈2% 止损离第一笔14% 拿72h,2217,86,0.86,0.84,-10.3,,2161,89,0.89,0.85,-10.3,,2188,90,0.92,0.92,-10.3,
60分钟 衰竭 补仓F(1:1:1:1:1:1，-1.5%/-3%/-4.5%/-6%/-7.5%补) 均价止盈2% 止损离第一笔18% 拿24h,2661,75,0.8,0.83,-14.4,,2497,79,0.79,0.83,-14.4,,2456,80,0.87,0.85,-14.4,
60分钟 衰竭 补仓F(1:1:1:1:1:1，-1.5%/-3%/-4.5%/-6%/-7.5%补) 均价止盈2% 止损离第一笔18% 拿72h,2173,86,0.85,0.83,-14.4,,2109,89,0.89,0.82,-14.4,,2129,91,0.94,0.92,-14.4,
60分钟 衰竭 补仓F(1:1:1:1:1:1，-1.5%/-3%/-4.5%/-6%/-7.5%补) 均价止盈3% 止损离第一笔10% 拿24h,2511,68,0.82,0.88,-7.2,,2352,72,0.81,0.91,-7.2,,2292,72,0.95,0.88,-7.2,
60分钟 衰竭 补仓F(1:1:1:1:1:1，-1.5%/-3%/-4.5%/-6%/-7.5%补) 均价止盈3% 止损离第一笔10% 拿72h,1913,77,0.88,0.91,-7.2,,1867,80,0.9,0.86,-7.2,,1915,81,0.92,0.97,-7.2,
60分钟 衰竭 补仓F(1:1:1:1:1:1，-1.5%/-3%/-4.5%/-6%/-7.5%补) 均价止盈3% 止损离第一笔14% 拿24h,2494,68,0.79,0.85,-10.3,,2322,72,0.78,0.85,-10.3,,2260,73,0.9,0.97,-10.3,
60分钟 衰竭 补仓F(1:1:1:1:1:1，-1.5%/-3%/-4.5%/-6%/-7.5%补) 均价止盈3% 止损离第一笔14% 拿72h,1849,78,0.83,0.84,-10.3,,1789,82,0.92,0.86,-10.3,,1828,82,0.9,0.91,-10.3,
60分钟 衰竭 补仓F(1:1:1:1:1:1，-1.5%/-3%/-4.5%/-6%/-7.5%补) 均价止盈3% 止损离第一笔18% 拿24h,2481,68,0.77,0.81,-14.4,,2304,72,0.77,0.85,-14.4,,2241,73,0.88,1.01,-14.4,
60分钟 衰竭 补仓F(1:1:1:1:1:1，-1.5%/-3%/-4.5%/-6%/-7.5%补) 均价止盈3% 止损离第一笔18% 拿72h,1802,78,0.81,0.79,-14.4,,1743,82,0.86,0.84,-14.4,,1773,84,0.91,0.91,-14.4,
60分钟 衰竭 补仓F(1:1:1:1:1:1，-1.5%/-3%/-4.5%/-6%/-7.5%补) 均价止盈5% 止损离第一笔10% 拿24h,2328,63,0.77,0.86,-7.2,,2132,65,0.87,0.8,-7.2,,2097,65,0.91,0.95,-7.2,
60分钟 衰竭 补仓F(1:1:1:1:1:1，-1.5%/-3%/-4.5%/-6%/-7.5%补) 均价止盈5% 止损离第一笔10% 拿72h,1547,66,0.78,0.9,-7.2,,1490,71,0.99,0.87,-7.2,,1502,70,0.93,0.9,-7.2,
60分钟 衰竭 补仓F(1:1:1:1:1:1，-1.5%/-3%/-4.5%/-6%/-7.5%补) 均价止盈5% 止损离第一笔14% 拿24h,2306,63,0.78,0.9,-10.3,,2105,66,0.84,0.88,-10.3,,2072,66,0.88,0.91,-10.3,
60分钟 衰竭 补仓F(1:1:1:1:1:1，-1.5%/-3%/-4.5%/-6%/-7.5%补) 均价止盈5% 止损离第一笔14% 拿72h,1482,67,0.77,0.83,-10.3,,1427,73,0.98,0.84,-10.3,,1424,73,0.92,0.86,-10.3,
60分钟 衰竭 补仓F(1:1:1:1:1:1，-1.5%/-3%/-4.5%/-6%/-7.5%补) 均价止盈5% 止损离第一笔18% 拿24h,2292,63,0.74,0.88,-14.4,,2085,66,0.84,0.92,-14.4,,2051,66,0.88,0.95,-14.4,
60分钟 衰竭 补仓F(1:1:1:1:1:1，-1.5%/-3%/-4.5%/-6%/-7.5%补) 均价止盈5% 止损离第一笔18% 拿72h,1437,68,0.76,0.84,-14.4,,1389,74,0.95,0.94,-14.4,,1372,74,0.96,0.89,-14.4,
60分钟 衰竭 补仓F(1:1:1:1:1:1，-1.5%/-3%/-4.5%/-6%/-7.5%补) 均价止盈8% 止损离第一笔10% 拿24h,2231,61,0.75,0.83,-7.2,,2016,63,0.86,0.89,-7.2,,1972,63,0.86,0.86,-7.2,
60分钟 衰竭 补仓F(1:1:1:1:1:1，-1.5%/-3%/-4.5%/-6%/-7.5%补) 均价止盈8% 止损离第一笔10% 拿72h,1311,61,0.81,0.9,-7.2,,1220,65,1.05,0.88,-7.2,,1245,64,0.95,0.86,-7.2,
60分钟 衰竭 补仓F(1:1:1:1:1:1，-1.5%/-3%/-4.5%/-6%/-7.5%补) 均价止盈8% 止损离第一笔14% 拿24h,2210,62,0.78,0.87,-10.3,,1995,63,0.84,0.8,-10.3,,1947,63,0.84,0.9,-10.3,
60分钟 衰竭 补仓F(1:1:1:1:1:1，-1.5%/-3%/-4.5%/-6%/-7.5%补) 均价止盈8% 止损离第一笔14% 拿72h,1257,62,0.76,0.84,-10.3,,1172,67,1.08,0.82,-10.3,,1184,66,0.93,0.9,-10.3,
60分钟 衰竭 补仓F(1:1:1:1:1:1，-1.5%/-3%/-4.5%/-6%/-7.5%补) 均价止盈8% 止损离第一笔18% 拿24h,2194,62,0.75,0.79,-14.4,,1975,63,0.86,0.78,-14.4,,1923,64,0.81,0.88,-14.4,
60分钟 衰竭 补仓F(1:1:1:1:1:1，-1.5%/-3%/-4.5%/-6%/-7.5%补) 均价止盈8% 止损离第一笔18% 拿72h,1215,64,0.78,0.9,-14.4,,1148,68,0.97,0.86,-14.4,,1135,68,0.96,0.88,-14.4,
60分钟 衰竭 补仓G(1:1:2:2:4，-2%/-4%/-6%/-8%补) 均价止盈1% 止损离第一笔11% 拿24h,3038,86,0.87,0.96,-6.1,,2857,90,0.69,0.72,-6.1,,2837,92,1.05,0.95,-6.1,
60分钟 衰竭 补仓G(1:1:2:2:4，-2%/-4%/-6%/-8%补) 均价止盈1% 止损离第一笔11% 拿72h,2853,95,0.99,1.01,-6.1,,2732,95,0.76,0.76,-6.1,,2740,97,1.0,0.88,-6.1,
60分钟 衰竭 补仓G(1:1:2:2:4，-2%/-4%/-6%/-8%补) 均价止盈1% 止损离第一笔14% 拿24h,3024,86,0.81,0.77,-9.3,,2842,90,0.65,0.64,-9.3,,2825,92,1.07,0.92,-9.3,
60分钟 衰竭 补仓G(1:1:2:2:4，-2%/-4%/-6%/-8%补) 均价止盈1% 止损离第一笔14% 拿72h,2809,95,0.82,0.75,-9.3,,2688,96,0.76,0.79,-9.3,,2705,97,0.97,0.97,-9.3,
60分钟 衰竭 补仓G(1:1:2:2:4，-2%/-4%/-6%/-8%补) 均价止盈1% 止损离第一笔18% 拿24h,3017,86,0.76,0.74,-13.5,,2833,90,0.68,0.77,-13.5,,2815,92,0.92,0.95,-13.5,
60分钟 衰竭 补仓G(1:1:2:2:4，-2%/-4%/-6%/-8%补) 均价止盈1% 止损离第一笔18% 拿72h,2782,95,0.79,0.69,-13.5,,2659,97,0.79,0.78,-13.5,,2679,97,0.81,0.82,-13.5,
60分钟 衰竭 补仓G(1:1:2:2:4，-2%/-4%/-6%/-8%补) 均价止盈2% 止损离第一笔11% 拿24h,2688,75,0.84,0.89,-6.1,,2532,79,0.73,0.83,-6.1,,2488,81,0.97,0.95,-6.1,
60分钟 衰竭 补仓G(1:1:2:2:4，-2%/-4%/-6%/-8%补) 均价止盈2% 止损离第一笔11% 拿72h,2270,87,0.85,0.94,-6.1,,2233,89,0.89,0.91,-6.1,,2255,91,0.98,1.0,-6.1,
60分钟 衰竭 补仓G(1:1:2:2:4，-2%/-4%/-6%/-8%补) 均价止盈2% 止损离第一笔14% 拿24h,2667,75,0.79,0.88,-9.3,,2507,80,0.7,0.77,-9.3,,2470,81,0.98,0.9,-9.3,
60分钟 衰竭 补仓G(1:1:2:2:4，-2%/-4%/-6%/-8%补) 均价止盈2% 止损离第一笔14% 拿72h,2215,87,0.74,0.8,-9.3,,2175,90,0.84,0.93,-9.3,,2204,92,0.93,0.89,-9.3,
60分钟 衰竭 补仓G(1:1:2:2:4，-2%/-4%/-6%/-8%补) 均价止盈2% 止损离第一笔18% 拿24h,2653,75,0.76,0.82,-13.5,,2491,80,0.67,0.78,-13.5,,2457,81,0.94,0.83,-13.5,
60分钟 衰竭 补仓G(1:1:2:2:4，-2%/-4%/-6%/-8%补) 均价止盈2% 止损离第一笔18% 拿72h,2179,88,0.76,0.72,-13.5,,2119,91,0.83,0.96,-13.5,,2159,92,0.85,0.91,-13.5,
60分钟 衰竭 补仓G(1:1:2:2:4，-2%/-4%/-6%/-8%补) 均价止盈3% 止损离第一笔11% 拿24h,2509,68,0.83,0.9,-6.1,,2345,72,0.77,0.87,-6.1,,2288,74,0.93,0.94,-6.1,
60分钟 衰竭 补仓G(1:1:2:2:4，-2%/-4%/-6%/-8%补) 均价止盈3% 止损离第一笔11% 拿72h,1914,79,0.84,0.84,-6.1,,1880,83,0.96,0.9,-6.1,,1916,82,0.87,0.98,-6.1,
60分钟 衰竭 补仓G(1:1:2:2:4，-2%/-4%/-6%/-8%补) 均价止盈3% 止损离第一笔14% 拿24h,2492,69,0.8,0.79,-9.3,,2319,73,0.73,0.85,-9.3,,2264,74,0.86,0.92,-9.3,
60分钟 衰竭 补仓G(1:1:2:2:4，-2%/-4%/-6%/-8%补) 均价止盈3% 止损离第一笔14% 拿72h,1867,80,0.76,0.83,-9.3,,1827,85,0.95,0.89,-9.3,,1846,84,0.84,0.89,-9.3,
60分钟 衰竭 补仓G(1:1:2:2:4，-2%/-4%/-6%/-8%补) 均价止盈3% 止损离第一笔18% 拿24h,2479,69,0.76,0.81,-13.5,,2301,73,0.71,0.83,-13.5,,2246,75,0.87,0.97,-13.5,
60分钟 衰竭 补仓G(1:1:2:2:4，-2%/-4%/-6%/-8%补) 均价止盈3% 止损离第一笔18% 拿72h,1823,81,0.75,0.79,-13.5,,1776,85,0.88,1.0,-13.5,,1799,86,0.83,0.81,-13.5,
60分钟 衰竭 补仓G(1:1:2:2:4，-2%/-4%/-6%/-8%补) 均价止盈5% 止损离第一笔11% 拿24h,2323,63,0.75,0.85,-6.1,,2125,66,0.81,0.86,-6.1,,2087,67,0.96,0.93,-6.1,
60分钟 衰竭 补仓G(1:1:2:2:4，-2%/-4%/-6%/-8%补) 均价止盈5% 止损离第一笔11% 拿72h,1547,69,0.76,0.87,-6.1,,1485,74,0.95,0.93,-6.1,,1508,72,0.95,0.86,-6.1,
60分钟 衰竭 补仓G(1:1:2:2:4，-2%/-4%/-6%/-8%补) 均价止盈5% 止损离第一笔14% 拿24h,2303,63,0.75,0.82,-9.3,,2102,67,0.77,0.81,-9.3,,2063,68,0.91,0.96,-9.3,
60分钟 衰竭 补仓G(1:1:2:2:4，-2%/-4%/-6%/-8%补) 均价止盈5% 止损离第一笔14% 拿72h,1490,71,0.77,0.87,-9.3,,1428,76,0.93,0.83,-9.3,,1435,75,0.93,0.91,-9.3,
60分钟 衰竭 补仓G(1:1:2:2:4，-2%/-4%/-6%/-8%补) 均价止盈5% 止损离第一笔18% 拿24h,2289,63,0.72,0.8,-13.5,,2081,67,0.79,0.85,-13.5,,2044,68,0.89,0.88,-13.5,
60分钟 衰竭 补仓G(1:1:2:2:4，-2%/-4%/-6%/-8%补) 均价止盈5% 止损离第一笔18% 拿72h,1452,71,0.75,0.74,-13.5,,1384,76,0.91,0.93,-13.5,,1386,77,0.95,0.87,-13.5,
60分钟 衰竭 补仓G(1:1:2:2:4，-2%/-4%/-6%/-8%补) 均价止盈8% 止损离第一笔11% 拿24h,2229,61,0.72,0.81,-6.1,,2012,64,0.86,0.92,-6.1,,1966,65,0.89,0.91,-6.1,
60分钟 衰竭 补仓G(1:1:2:2:4，-2%/-4%/-6%/-8%补) 均价止盈8% 止损离第一笔11% 拿72h,1305,63,0.77,0.87,-6.1,,1216,68,1.07,0.9,-6.1,,1238,65,0.97,0.92,-6.1,
60分钟 衰竭 补仓G(1:1:2:2:4，-2%/-4%/-6%/-8%补) 均价止盈8% 止损离第一笔14% 拿24h,2208,62,0.76,0.79,-9.3,,1994,64,0.83,0.78,-9.3,,1946,66,0.86,0.83,-9.3,
60分钟 衰竭 补仓G(1:1:2:2:4，-2%/-4%/-6%/-8%补) 均价止盈8% 止损离第一笔14% 拿72h,1249,64,0.73,0.81,-9.3,,1180,70,1.05,0.83,-9.3,,1185,68,0.92,0.89,-9.3,
60分钟 衰竭 补仓G(1:1:2:2:4，-2%/-4%/-6%/-8%补) 均价止盈8% 止损离第一笔18% 拿24h,2194,62,0.73,0.81,-13.5,,1975,64,0.87,0.82,-13.5,,1922,66,0.84,0.87,-13.5,
60分钟 衰竭 补仓G(1:1:2:2:4，-2%/-4%/-6%/-8%补) 均价止盈8% 止损离第一笔18% 拿72h,1214,66,0.74,0.84,-13.5,,1153,71,0.92,0.86,-13.5,,1137,70,0.96,0.95,-13.5,
60分钟 衰竭 补仓H(1:1:1:1:1:1:1:1，-1%/-2%/-3%/-4%/-5%/-6%/-7%补) 均价止盈1% 止损离第一笔10% 拿24h,3096,87,0.82,0.86,-6.9,,2910,91,0.77,0.78,-6.9,,2906,92,0.95,0.99,-6.9,
60分钟 衰竭 补仓H(1:1:1:1:1:1:1:1，-1%/-2%/-3%/-4%/-5%/-6%/-7%补) 均价止盈1% 止损离第一笔10% 拿72h,2925,94,0.91,0.88,-6.9,,2799,95,0.81,0.79,-6.9,,2829,96,0.93,1.02,-6.9,
60分钟 衰竭 补仓H(1:1:1:1:1:1:1:1，-1%/-2%/-3%/-4%/-5%/-6%/-7%补) 均价止盈1% 止损离第一笔13% 拿24h,3077,87,0.77,0.86,-10.0,,2894,91,0.72,0.75,-10.0,,2879,92,0.98,0.89,-10.0,
60分钟 衰竭 补仓H(1:1:1:1:1:1:1:1，-1%/-2%/-3%/-4%/-5%/-6%/-7%补) 均价止盈1% 止损离第一笔13% 拿72h,2877,95,0.84,0.8,-10.0,,2745,96,0.83,0.82,-10.0,,2777,96,0.89,0.96,-10.0,
60分钟 衰竭 补仓H(1:1:1:1:1:1:1:1，-1%/-2%/-3%/-4%/-5%/-6%/-7%补) 均价止盈1% 止损离第一笔17% 拿24h,3066,87,0.75,0.77,-14.1,,2880,92,0.74,0.74,-14.1,,2867,92,0.88,0.85,-14.1,
60分钟 衰竭 补仓H(1:1:1:1:1:1:1:1，-1%/-2%/-3%/-4%/-5%/-6%/-7%补) 均价止盈1% 止损离第一笔17% 拿72h,2837,95,0.78,0.78,-14.1,,2698,96,0.89,0.88,-14.1,,2729,97,0.86,0.95,-14.1,
60分钟 衰竭 补仓H(1:1:1:1:1:1:1:1，-1%/-2%/-3%/-4%/-5%/-6%/-7%补) 均价止盈2% 止损离第一笔10% 拿24h,2706,76,0.89,0.91,-6.9,,2555,80,0.83,0.87,-6.9,,2523,81,0.92,0.91,-6.9,
60分钟 衰竭 补仓H(1:1:1:1:1:1:1:1，-1%/-2%/-3%/-4%/-5%/-6%/-7%补) 均价止盈2% 止损离第一笔10% 拿72h,2299,86,0.92,0.91,-6.9,,2268,88,0.93,0.95,-6.9,,2311,89,0.96,0.97,-6.9,
60分钟 衰竭 补仓H(1:1:1:1:1:1:1:1，-1%/-2%/-3%/-4%/-5%/-6%/-7%补) 均价止盈2% 止损离第一笔13% 拿24h,2689,76,0.84,0.87,-10.0,,2533,80,0.8,0.83,-10.0,,2490,81,0.91,0.97,-10.0,
60分钟 衰竭 补仓H(1:1:1:1:1:1:1:1，-1%/-2%/-3%/-4%/-5%/-6%/-7%补) 均价止盈2% 止损离第一笔13% 拿72h,2247,87,0.88,0.82,-10.0,,2194,89,0.91,0.81,-10.0,,2239,90,0.9,0.98,-10.0,
60分钟 衰竭 补仓H(1:1:1:1:1:1:1:1，-1%/-2%/-3%/-4%/-5%/-6%/-7%补) 均价止盈2% 止损离第一笔17% 拿24h,2674,76,0.8,0.77,-14.1,,2517,81,0.8,0.86,-14.1,,2475,82,0.87,0.89,-14.1,
60分钟 衰竭 补仓H(1:1:1:1:1:1:1:1，-1%/-2%/-3%/-4%/-5%/-6%/-7%补) 均价止盈2% 止损离第一笔17% 拿72h,2201,87,0.86,0.78,-14.1,,2143,90,0.9,0.86,-14.1,,2167,91,0.88,0.91,-14.1,
60分钟 衰竭 补仓H(1:1:1:1:1:1:1:1，-1%/-2%/-3%/-4%/-5%/-6%/-7%补) 均价止盈3% 止损离第一笔10% 拿24h,2525,69,0.83,0.89,-6.9,,2374,73,0.81,0.89,-6.9,,2319,75,0.94,1.0,-6.9,
60分钟 衰竭 补仓H(1:1:1:1:1:1:1:1，-1%/-2%/-3%/-4%/-5%/-6%/-7%补) 均价止盈3% 止损离第一笔10% 拿72h,1938,78,0.89,0.92,-6.9,,1909,81,0.92,0.86,-6.9,,1974,81,0.94,0.96,-6.9,
60分钟 衰竭 补仓H(1:1:1:1:1:1:1:1，-1%/-2%/-3%/-4%/-5%/-6%/-7%补) 均价止盈3% 止损离第一笔13% 拿24h,2506,70,0.81,0.82,-10.0,,2344,74,0.82,0.88,-10.0,,2278,75,0.91,0.9,-10.0,
60分钟 衰竭 补仓H(1:1:1:1:1:1:1:1，-1%/-2%/-3%/-4%/-5%/-6%/-7%补) 均价止盈3% 止损离第一笔13% 拿72h,1883,79,0.84,0.88,-10.0,,1830,83,0.95,0.92,-10.0,,1877,83,0.91,0.94,-10.0,
60分钟 衰竭 补仓H(1:1:1:1:1:1:1:1，-1%/-2%/-3%/-4%/-5%/-6%/-7%补) 均价止盈3% 止损离第一笔17% 拿24h,2492,70,0.78,0.8,-14.1,,2328,74,0.78,0.9,-14.1,,2264,75,0.86,0.89,-14.1,
60分钟 衰竭 补仓H(1:1:1:1:1:1:1:1，-1%/-2%/-3%/-4%/-5%/-6%/-7%补) 均价止盈3% 止损离第一笔17% 拿72h,1821,79,0.81,0.8,-14.1,,1781,83,0.9,0.83,-14.1,,1808,84,0.91,0.9,-14.1,
60分钟 衰竭 补仓H(1:1:1:1:1:1:1:1，-1%/-2%/-3%/-4%/-5%/-6%/-7%补) 均价止盈5% 止损离第一笔10% 拿24h,2336,65,0.77,0.91,-6.9,,2139,67,0.84,0.9,-6.9,,2111,67,0.91,0.92,-6.9,
60分钟 衰竭 补仓H(1:1:1:1:1:1:1:1，-1%/-2%/-3%/-4%/-5%/-6%/-7%补) 均价止盈5% 止损离第一笔10% 拿72h,1581,67,0.79,0.84,-6.9,,1516,72,0.96,0.85,-6.9,,1542,70,0.91,0.88,-6.9,
60分钟 衰竭 补仓H(1:1:1:1:1:1:1:1，-1%/-2%/-3%/-4%/-5%/-6%/-7%补) 均价止盈5% 止损离第一笔13% 拿24h,2313,65,0.76,0.86,-10.0,,2112,67,0.84,0.88,-10.0,,2076,68,0.88,0.97,-10.0,
60分钟 衰竭 补仓H(1:1:1:1:1:1:1:1，-1%/-2%/-3%/-4%/-5%/-6%/-7%补) 均价止盈5% 止损离第一笔13% 拿72h,1509,68,0.75,0.89,-10.0,,1440,74,0.99,0.86,-10.0,,1443,72,0.9,0.95,-10.0,
60分钟 衰竭 补仓H(1:1:1:1:1:1:1:1，-1%/-2%/-3%/-4%/-5%/-6%/-7%补) 均价止盈5% 止损离第一笔17% 拿24h,2296,65,0.74,0.84,-14.1,,2091,67,0.84,0.86,-14.1,,2056,68,0.88,0.91,-14.1,
60分钟 衰竭 补仓H(1:1:1:1:1:1:1:1，-1%/-2%/-3%/-4%/-5%/-6%/-7%补) 均价止盈5% 止损离第一笔17% 拿72h,1452,69,0.76,0.78,-14.1,,1396,75,0.96,0.99,-14.1,,1373,74,0.93,0.86,-14.1,
60分钟 衰竭 补仓H(1:1:1:1:1:1:1:1，-1%/-2%/-3%/-4%/-5%/-6%/-7%补) 均价止盈8% 止损离第一笔10% 拿24h,2236,63,0.76,0.88,-6.9,,2020,65,0.83,0.89,-6.9,,1987,65,0.85,0.94,-6.9,
60分钟 衰竭 补仓H(1:1:1:1:1:1:1:1，-1%/-2%/-3%/-4%/-5%/-6%/-7%补) 均价止盈8% 止损离第一笔10% 拿72h,1332,62,0.8,0.92,-6.9,,1237,66,1.03,0.84,-6.9,,1271,63,0.96,0.92,-6.9,
60分钟 衰竭 补仓H(1:1:1:1:1:1:1:1，-1%/-2%/-3%/-4%/-5%/-6%/-7%补) 均价止盈8% 止损离第一笔13% 拿24h,2213,63,0.76,0.84,-10.0,,1998,66,0.86,0.9,-10.0,,1952,66,0.83,0.91,-10.0,
60分钟 衰竭 补仓H(1:1:1:1:1:1:1:1，-1%/-2%/-3%/-4%/-5%/-6%/-7%补) 均价止盈8% 止损离第一笔13% 拿72h,1267,63,0.77,0.86,-10.0,,1190,69,1.06,0.86,-10.0,,1200,66,0.94,0.89,-10.0,
60分钟 衰竭 补仓H(1:1:1:1:1:1:1:1，-1%/-2%/-3%/-4%/-5%/-6%/-7%补) 均价止盈8% 止损离第一笔17% 拿24h,2195,63,0.74,0.85,-14.1,,1979,65,0.87,0.84,-14.1,,1929,66,0.82,0.91,-14.1,
60分钟 衰竭 补仓H(1:1:1:1:1:1:1:1，-1%/-2%/-3%/-4%/-5%/-6%/-7%补) 均价止盈8% 止损离第一笔17% 拿72h,1221,64,0.76,0.79,-14.1,,1160,69,0.99,0.9,-14.1,,1147,68,0.95,0.92,-14.1,
60分钟 衰竭 补仓I(1:1:1:2:2:3，-2%/-4%/-6%/-9%/-12%补) 均价止盈1% 止损离第一笔15% 拿24h,3007,85,0.79,0.86,-8.6,,2831,90,0.68,0.72,-8.6,,2801,91,0.95,0.93,-8.6,
60分钟 衰竭 补仓I(1:1:1:2:2:3，-2%/-4%/-6%/-9%/-12%补) 均价止盈1% 止损离第一笔15% 拿72h,2774,94,0.75,0.84,-8.6,,2667,96,0.8,0.77,-8.6,,2666,97,0.92,0.91,-8.6,
60分钟 衰竭 补仓I(1:1:1:2:2:3，-2%/-4%/-6%/-9%/-12%补) 均价止盈1% 止损离第一笔18% 拿24h,3000,85,0.74,0.83,-11.8,,2823,90,0.71,0.75,-11.8,,2793,91,0.84,0.91,-11.8,
60分钟 衰竭 补仓I(1:1:1:2:2:3，-2%/-4%/-6%/-9%/-12%补) 均价止盈1% 止损离第一笔18% 拿72h,2749,95,0.7,0.71,-11.8,,2646,96,0.79,0.75,-11.8,,2647,97,0.79,0.78,-11.8,
60分钟 衰竭 补仓I(1:1:1:2:2:3，-2%/-4%/-6%/-9%/-12%补) 均价止盈1% 止损离第一笔22% 拿24h,2993,85,0.78,0.79,-14.0,,2820,90,0.72,0.71,-16.1,,2785,91,0.77,0.8,-16.1,
60分钟 衰竭 补仓I(1:1:1:2:2:3，-2%/-4%/-6%/-9%/-12%补) 均价止盈1% 止损离第一笔22% 拿72h,2726,95,0.7,0.68,-14.0,,2638,96,0.8,0.81,-16.1,,2628,97,0.77,0.89,-16.1,
60分钟 衰竭 补仓I(1:1:1:2:2:3，-2%/-4%/-6%/-9%/-12%补) 均价止盈2% 止损离第一笔15% 拿24h,2655,73,0.79,0.81,-8.6,,2491,78,0.77,0.86,-8.6,,2445,80,0.96,0.94,-8.6,
60分钟 衰竭 补仓I(1:1:1:2:2:3，-2%/-4%/-6%/-9%/-12%补) 均价止盈2% 止损离第一笔15% 拿72h,2187,87,0.77,0.79,-8.6,,2128,90,0.84,0.87,-8.6,,2161,91,0.92,0.88,-8.6,
60分钟 衰竭 补仓I(1:1:1:2:2:3，-2%/-4%/-6%/-9%/-12%补) 均价止盈2% 止损离第一笔18% 拿24h,2647,73,0.75,0.81,-11.8,,2482,79,0.72,0.8,-11.8,,2440,80,0.89,0.84,-11.8,
60分钟 衰竭 补仓I(1:1:1:2:2:3，-2%/-4%/-6%/-9%/-12%补) 均价止盈2% 止损离第一笔18% 拿72h,2165,87,0.78,0.76,-11.8,,2093,90,0.8,0.88,-11.8,,2134,91,0.83,0.9,-11.8,
60分钟 衰竭 补仓I(1:1:1:2:2:3，-2%/-4%/-6%/-9%/-12%补) 均价止盈2% 止损离第一笔22% 拿24h,2641,73,0.82,0.82,-14.0,,2474,79,0.82,0.8,-16.1,,2432,80,0.86,0.89,-16.1,
60分钟 衰竭 补仓I(1:1:1:2:2:3，-2%/-4%/-6%/-9%/-12%补) 均价止盈2% 止损离第一笔22% 拿72h,2138,87,0.77,0.73,-16.1,,2068,91,0.9,0.82,-16.1,,2103,92,0.81,0.89,-16.1,
60分钟 衰竭 补仓I(1:1:1:2:2:3，-2%/-4%/-6%/-9%/-12%补) 均价止盈3% 止损离第一笔15% 拿24h,2479,67,0.78,0.8,-8.6,,2304,71,0.74,0.83,-8.6,,2248,73,0.87,0.92,-8.6,
60分钟 衰竭 补仓I(1:1:1:2:2:3，-2%/-4%/-6%/-9%/-12%补) 均价止盈3% 止损离第一笔15% 拿72h,1825,78,0.74,0.8,-8.6,,1778,83,0.86,0.86,-8.6,,1809,84,0.89,0.95,-8.6,
60分钟 衰竭 补仓I(1:1:1:2:2:3，-2%/-4%/-6%/-9%/-12%补) 均价止盈3% 止损离第一笔18% 拿24h,2473,67,0.74,0.82,-11.8,,2292,71,0.73,0.91,-11.8,,2237,73,0.84,0.93,-11.8,
60分钟 衰竭 补仓I(1:1:1:2:2:3，-2%/-4%/-6%/-9%/-12%补) 均价止盈3% 止损离第一笔18% 拿72h,1800,79,0.74,0.75,-11.8,,1747,84,0.83,0.89,-11.8,,1778,85,0.83,0.88,-11.8,
60分钟 衰竭 补仓I(1:1:1:2:2:3，-2%/-4%/-6%/-9%/-12%补) 均价止盈3% 止损离第一笔22% 拿24h,2461,67,0.83,0.77,-14.0,,2286,72,0.8,0.79,-16.1,,2232,73,0.8,0.9,-16.1,
60分钟 衰竭 补仓I(1:1:1:2:2:3，-2%/-4%/-6%/-9%/-12%补) 均价止盈3% 止损离第一笔22% 拿72h,1764,79,0.76,0.74,-16.1,,1730,84,0.86,0.85,-16.1,,1748,85,0.78,0.76,-16.1,
60分钟 衰竭 补仓I(1:1:1:2:2:3，-2%/-4%/-6%/-9%/-12%补) 均价止盈5% 止损离第一笔15% 拿24h,2295,62,0.78,0.87,-8.6,,2094,65,0.81,0.81,-8.6,,2052,66,0.89,0.93,-8.6,
60分钟 衰竭 补仓I(1:1:1:2:2:3，-2%/-4%/-6%/-9%/-12%补) 均价止盈5% 止损离第一笔15% 拿72h,1470,69,0.75,0.82,-8.6,,1408,75,0.89,0.92,-8.6,,1396,74,0.93,0.91,-8.6,
60分钟 衰竭 补仓I(1:1:1:2:2:3，-2%/-4%/-6%/-9%/-12%补) 均价止盈5% 止损离第一笔18% 拿24h,2287,62,0.74,0.87,-11.8,,2079,65,0.82,0.85,-11.8,,2043,66,0.84,0.92,-11.8,
60分钟 衰竭 补仓I(1:1:1:2:2:3，-2%/-4%/-6%/-9%/-12%补) 均价止盈5% 止损离第一笔18% 拿72h,1443,70,0.75,0.78,-11.8,,1375,75,0.9,0.94,-11.8,,1370,75,0.92,0.87,-11.8,
60分钟 衰竭 补仓I(1:1:1:2:2:3，-2%/-4%/-6%/-9%/-12%补) 均价止盈5% 止损离第一笔22% 拿24h,2278,62,0.81,0.83,-14.0,,2073,65,0.87,0.88,-16.1,,2036,66,0.79,0.87,-16.1,
60分钟 衰竭 补仓I(1:1:1:2:2:3，-2%/-4%/-6%/-9%/-12%补) 均价止盈5% 止损离第一笔22% 拿72h,1414,70,0.73,0.72,-16.1,,1354,76,0.91,0.83,-16.1,,1342,75,0.86,0.82,-16.1,
60分钟 衰竭 补仓I(1:1:1:2:2:3，-2%/-4%/-6%/-9%/-12%补) 均价止盈8% 止损离第一笔15% 拿24h,2201,61,0.8,0.85,-8.6,,1987,63,0.86,0.82,-8.6,,1933,64,0.87,0.82,-8.6,
60分钟 衰竭 补仓I(1:1:1:2:2:3，-2%/-4%/-6%/-9%/-12%补) 均价止盈8% 止损离第一笔15% 拿72h,1236,63,0.75,0.84,-8.6,,1170,70,0.97,0.86,-8.6,,1164,68,0.95,0.82,-8.6,
60分钟 衰竭 补仓I(1:1:1:2:2:3，-2%/-4%/-6%/-9%/-12%补) 均价止盈8% 止损离第一笔18% 拿24h,2193,60,0.76,0.82,-11.8,,1974,63,0.89,0.9,-11.8,,1920,64,0.81,0.92,-11.8,
60分钟 衰竭 补仓I(1:1:1:2:2:3，-2%/-4%/-6%/-9%/-12%补) 均价止盈8% 止损离第一笔18% 拿72h,1214,65,0.75,0.76,-11.8,,1146,70,0.92,0.86,-11.8,,1135,69,0.92,0.83,-11.8,
60分钟 衰竭 补仓I(1:1:1:2:2:3，-2%/-4%/-6%/-9%/-12%补) 均价止盈8% 止损离第一笔22% 拿24h,2187,61,0.83,0.86,-14.0,,1968,63,0.95,0.83,-16.1,,1914,64,0.77,0.83,-16.1,
60分钟 衰竭 补仓I(1:1:1:2:2:3，-2%/-4%/-6%/-9%/-12%补) 均价止盈8% 止损离第一笔22% 拿72h,1202,65,0.7,0.73,-16.1,,1129,71,0.98,0.84,-16.1,,1114,69,0.87,0.85,-16.1,
60分钟 大单跟随 补仓E(1:1:1:1:1，-2%/-4%/-6%/-8%补) 均价止盈1% 止损离第一笔11% 拿24h,1736,80,0.81,0.86,-7.5,,1581,88,1.1,0.92,-7.5,,1372,86,0.77,0.89,-7.5,
60分钟 大单跟随 补仓E(1:1:1:1:1，-2%/-4%/-6%/-8%补) 均价止盈1% 止损离第一笔11% 拿72h,1614,91,0.79,0.77,-7.5,,1524,95,1.23,0.86,-7.5,✔,1298,92,0.75,0.94,-7.5,
60分钟 大单跟随 补仓E(1:1:1:1:1，-2%/-4%/-6%/-8%补) 均价止盈1% 止损离第一笔14% 拿24h,1734,80,0.82,0.74,-10.6,,1575,88,1.03,0.81,-10.6,,1371,86,0.8,0.93,-10.6,
60分钟 大单跟随 补仓E(1:1:1:1:1，-2%/-4%/-6%/-8%补) 均价止盈1% 止损离第一笔14% 拿72h,1600,91,0.72,0.82,-10.6,,1508,95,1.18,1.11,-10.6,,1290,93,0.77,1.05,-10.6,
60分钟 大单跟随 补仓E(1:1:1:1:1，-2%/-4%/-6%/-8%补) 均价止盈1% 止损离第一笔18% 拿24h,1734,81,0.83,0.77,-13.6,,1574,88,1.03,0.84,-14.7,,1368,86,0.82,0.76,-14.7,
60分钟 大单跟随 补仓E(1:1:1:1:1，-2%/-4%/-6%/-8%补) 均价止盈1% 止损离第一笔18% 拿72h,1594,91,0.66,0.72,-14.7,,1500,95,1.08,0.86,-14.7,,1276,93,0.84,1.13,-14.7,
60分钟 大单跟随 补仓E(1:1:1:1:1，-2%/-4%/-6%/-8%补) 均价止盈2% 止损离第一笔11% 拿24h,1589,67,0.87,0.88,-7.5,,1445,75,1.09,0.84,-7.5,,1258,73,0.83,0.9,-7.5,
60分钟 大单跟随 补仓E(1:1:1:1:1，-2%/-4%/-6%/-8%补) 均价止盈2% 止损离第一笔11% 拿72h,1382,80,0.79,0.96,-7.5,,1326,88,1.14,0.92,-7.5,✔,1134,84,0.86,1.02,-7.5,
60分钟 大单跟随 补仓E(1:1:1:1:1，-2%/-4%/-6%/-8%补) 均价止盈2% 止损离第一笔14% 拿24h,1585,67,0.86,0.88,-10.6,,1437,75,1.09,0.92,-10.6,,1258,73,0.88,0.93,-10.6,
60分钟 大单跟随 补仓E(1:1:1:1:1，-2%/-4%/-6%/-8%补) 均价止盈2% 止损离第一笔14% 拿72h,1355,80,0.77,0.86,-10.6,,1299,89,1.28,0.94,-10.6,✔,1112,86,0.88,0.91,-10.6,
60分钟 大单跟随 补仓E(1:1:1:1:1，-2%/-4%/-6%/-8%补) 均价止盈2% 止损离第一笔18% 拿24h,1583,67,0.86,0.87,-13.6,,1437,75,1.09,0.84,-14.7,,1254,73,0.89,0.84,-14.7,
60分钟 大单跟随 补仓E(1:1:1:1:1，-2%/-4%/-6%/-8%补) 均价止盈2% 止损离第一笔18% 拿72h,1344,80,0.7,0.79,-14.7,,1289,89,1.32,0.97,-14.7,✔,1092,86,0.9,0.85,-14.7,
60分钟 大单跟随 补仓E(1:1:1:1:1，-2%/-4%/-6%/-8%补) 均价止盈3% 止损离第一笔11% 拿24h,1484,61,0.97,0.92,-7.5,,1353,67,0.99,0.97,-7.5,,1190,65,0.83,0.95,-7.5,
60分钟 大单跟随 补仓E(1:1:1:1:1，-2%/-4%/-6%/-8%补) 均价止盈3% 止损离第一笔11% 拿72h,1229,74,0.97,0.87,-7.5,,1172,80,1.05,1.01,-7.5,,1025,76,0.83,0.97,-7.5,
60分钟 大单跟随 补仓E(1:1:1:1:1，-2%/-4%/-6%/-8%补) 均价止盈3% 止损离第一笔14% 拿24h,1481,61,0.95,0.9,-10.6,,1346,67,1.04,0.91,-10.6,,1189,65,0.88,0.92,-10.6,
60分钟 大单跟随 补仓E(1:1:1:1:1，-2%/-4%/-6%/-8%补) 均价止盈3% 止损离第一笔14% 拿72h,1205,74,0.89,0.9,-10.6,,1146,81,1.16,1.01,-10.6,✔,994,77,0.86,0.98,-10.6,
60分钟 大单跟随 补仓E(1:1:1:1:1，-2%/-4%/-6%/-8%补) 均价止盈3% 止损离第一笔18% 拿24h,1480,61,0.94,0.84,-13.6,,1346,67,1.05,0.92,-14.7,,1185,65,0.91,0.87,-14.7,
60分钟 大单跟随 补仓E(1:1:1:1:1，-2%/-4%/-6%/-8%补) 均价止盈3% 止损离第一笔18% 拿72h,1190,74,0.82,0.84,-14.7,,1132,81,1.24,1.02,-14.7,✔,973,77,0.88,0.94,-14.7,
60分钟 大单跟随 补仓E(1:1:1:1:1，-2%/-4%/-6%/-8%补) 均价止盈5% 止损离第一笔11% 拿24h,1379,56,0.94,0.83,-7.5,,1241,60,0.99,1.04,-7.5,,1099,58,0.89,0.98,-7.5,
60分钟 大单跟随 补仓E(1:1:1:1:1，-2%/-4%/-6%/-8%补) 均价止盈5% 止损离第一笔11% 拿72h,1040,66,1.03,0.96,-7.5,,980,69,1.02,1.08,-7.5,,891,65,0.84,0.95,-7.5,
60分钟 大单跟随 补仓E(1:1:1:1:1，-2%/-4%/-6%/-8%补) 均价止盈5% 止损离第一笔14% 拿24h,1377,56,0.9,0.99,-10.6,,1235,60,1.04,0.97,-10.6,,1098,58,0.95,1.03,-10.6,
60分钟 大单跟随 补仓E(1:1:1:1:1，-2%/-4%/-6%/-8%补) 均价止盈5% 止损离第一笔14% 拿72h,1018,65,0.95,0.88,-10.6,,951,70,1.12,1.02,-10.6,,861,66,0.82,0.96,-10.6,
60分钟 大单跟随 补仓E(1:1:1:1:1，-2%/-4%/-6%/-8%补) 均价止盈5% 止损离第一笔18% 拿24h,1375,56,0.95,0.89,-13.6,,1234,60,1.04,0.99,-14.7,,1096,58,0.98,1.04,-14.7,
60分钟 大单跟随 补仓E(1:1:1:1:1，-2%/-4%/-6%/-8%补) 均价止盈5% 止损离第一笔18% 拿72h,1010,66,0.91,0.89,-14.7,,934,70,1.1,0.99,-14.7,,838,67,0.82,0.94,-14.7,
60分钟 大单跟随 补仓E(1:1:1:1:1，-2%/-4%/-6%/-8%补) 均价止盈8% 止损离第一笔11% 拿24h,1327,54,0.94,0.87,-7.5,,1180,57,0.94,0.97,-7.5,,1042,55,0.93,0.91,-7.5,
60分钟 大单跟随 补仓E(1:1:1:1:1，-2%/-4%/-6%/-8%补) 均价止盈8% 止损离第一笔11% 拿72h,929,62,1.07,0.96,-7.5,,834,61,1.01,1.07,-7.5,,782,59,0.89,0.92,-7.5,
60分钟 大单跟随 补仓E(1:1:1:1:1，-2%/-4%/-6%/-8%补) 均价止盈8% 止损离第一笔14% 拿24h,1325,54,0.91,0.94,-10.6,,1173,57,0.95,1.0,-10.6,,1039,56,0.99,0.91,-10.6,
60分钟 大单跟随 补仓E(1:1:1:1:1，-2%/-4%/-6%/-8%补) 均价止盈8% 止损离第一笔14% 拿72h,912,62,1.04,0.88,-10.6,,814,62,1.06,1.11,-10.6,,761,60,0.91,1.01,-10.6,
60分钟 大单跟随 补仓E(1:1:1:1:1，-2%/-4%/-6%/-8%补) 均价止盈8% 止损离第一笔18% 拿24h,1322,54,0.97,0.91,-13.6,,1173,57,0.93,1.03,-14.7,,1037,56,1.03,0.84,-14.7,
60分钟 大单跟随 补仓E(1:1:1:1:1，-2%/-4%/-6%/-8%补) 均价止盈8% 止损离第一笔18% 拿72h,906,63,1.03,0.79,-14.7,,801,62,1.02,0.99,-14.7,,742,61,0.91,0.96,-14.7,
60分钟 大单跟随 补仓F(1:1:1:1:1:1，-1.5%/-3%/-4.5%/-6%/-7.5%补) 均价止盈1% 止损离第一笔10% 拿24h,1751,82,0.88,0.88,-7.2,,1584,90,1.26,0.87,-7.2,✔,1380,86,0.75,0.91,-7.2,
60分钟 大单跟随 补仓F(1:1:1:1:1:1，-1.5%/-3%/-4.5%/-6%/-7.5%补) 均价止盈1% 止损离第一笔10% 拿72h,1643,92,0.82,0.88,-7.2,,1529,95,1.48,0.9,-7.2,✔,1314,93,0.75,1.02,-7.2,
60分钟 大单跟随 补仓F(1:1:1:1:1:1，-1.5%/-3%/-4.5%/-6%/-7.5%补) 均价止盈1% 止损离第一笔14% 拿24h,1748,82,0.9,0.9,-9.6,,1579,90,1.16,0.77,-10.3,,1379,87,0.76,0.93,-10.3,
60分钟 大单跟随 补仓F(1:1:1:1:1:1，-1.5%/-3%/-4.5%/-6%/-7.5%补) 均价止盈1% 止损离第一笔14% 拿72h,1620,92,0.83,0.84,-10.3,,1519,96,1.34,0.77,-10.3,✔,1303,94,0.8,0.88,-10.3,
60分钟 大单跟随 补仓F(1:1:1:1:1:1，-1.5%/-3%/-4.5%/-6%/-7.5%补) 均价止盈1% 止损离第一笔18% 拿24h,1748,82,0.94,0.79,-13.4,,1579,90,1.12,0.86,-14.4,,1376,87,0.79,0.88,-14.4,
60分钟 大单跟随 补仓F(1:1:1:1:1:1，-1.5%/-3%/-4.5%/-6%/-7.5%补) 均价止盈1% 止损离第一笔18% 拿72h,1616,93,0.82,0.8,-14.4,,1514,96,1.26,0.83,-14.4,✔,1291,94,0.83,0.91,-14.4,
60分钟 大单跟随 补仓F(1:1:1:1:1:1，-1.5%/-3%/-4.5%/-6%/-7.5%补) 均价止盈2% 止损离第一笔10% 拿24h,1602,68,0.86,0.85,-7.2,,1458,77,1.07,0.98,-7.2,,1268,74,0.82,0.83,-7.2,
60分钟 大单跟随 补仓F(1:1:1:1:1:1，-1.5%/-3%/-4.5%/-6%/-7.5%补) 均价止盈2% 止损离第一笔10% 拿72h,1404,81,0.8,0.87,-7.2,,1344,88,1.1,0.9,-7.2,,1146,85,0.82,1.05,-7.2,
60分钟 大单跟随 补仓F(1:1:1:1:1:1，-1.5%/-3%/-4.5%/-6%/-7.5%补) 均价止盈2% 止损离第一笔14% 拿24h,1596,68,0.86,0.86,-10.3,,1452,77,1.05,0.98,-10.3,,1268,74,0.88,0.83,-10.3,
60分钟 大单跟随 补仓F(1:1:1:1:1:1，-1.5%/-3%/-4.5%/-6%/-7.5%补) 均价止盈2% 止损离第一笔14% 拿72h,1368,81,0.77,0.82,-10.3,,1319,89,1.14,0.91,-10.3,✔,1123,86,0.88,1.02,-10.3,
60分钟 大单跟随 补仓F(1:1:1:1:1:1，-1.5%/-3%/-4.5%/-6%/-7.5%补) 均价止盈2% 止损离第一笔18% 拿24h,1594,68,0.86,0.84,-13.4,,1451,77,1.04,0.86,-14.4,,1264,75,0.89,1.0,-14.4,
60分钟 大单跟随 补仓F(1:1:1:1:1:1，-1.5%/-3%/-4.5%/-6%/-7.5%补) 均价止盈2% 止损离第一笔18% 拿72h,1357,81,0.71,0.87,-14.4,,1306,89,1.19,0.89,-14.4,✔,1103,87,0.89,0.95,-14.4,
60分钟 大单跟随 补仓F(1:1:1:1:1:1，-1.5%/-3%/-4.5%/-6%/-7.5%补) 均价止盈3% 止损离第一笔10% 拿24h,1497,62,0.93,0.85,-7.2,,1359,68,1.01,1.04,-7.2,,1197,66,0.81,0.88,-7.2,
60分钟 大单跟随 补仓F(1:1:1:1:1:1，-1.5%/-3%/-4.5%/-6%/-7.5%补) 均价止盈3% 止损离第一笔10% 拿72h,1261,75,0.97,0.92,-7.2,,1189,80,1.06,0.95,-7.2,,1037,77,0.83,0.92,-7.2,
60分钟 大单跟随 补仓F(1:1:1:1:1:1，-1.5%/-3%/-4.5%/-6%/-7.5%补) 均价止盈3% 止损离第一笔14% 拿24h,1491,62,0.95,0.86,-10.3,,1352,68,1.04,0.91,-10.3,,1195,67,0.89,0.97,-10.3,
60分钟 大单跟随 补仓F(1:1:1:1:1:1，-1.5%/-3%/-4.5%/-6%/-7.5%补) 均价止盈3% 止损离第一笔14% 拿72h,1228,75,0.92,0.87,-10.3,,1159,81,1.13,1.01,-10.3,✔,1009,78,0.89,0.93,-10.3,
60分钟 大单跟随 补仓F(1:1:1:1:1:1，-1.5%/-3%/-4.5%/-6%/-7.5%补) 均价止盈3% 止损离第一笔18% 拿24h,1490,62,0.95,0.84,-13.4,,1352,68,1.05,0.97,-14.4,,1191,67,0.91,0.98,-14.4,
60分钟 大单跟随 补仓F(1:1:1:1:1:1，-1.5%/-3%/-4.5%/-6%/-7.5%补) 均价止盈3% 止损离第一笔18% 拿72h,1215,75,0.85,0.77,-14.4,,1145,82,1.25,1.05,-14.4,✔,988,79,0.91,1.09,-14.4,
60分钟 大单跟随 补仓F(1:1:1:1:1:1，-1.5%/-3%/-4.5%/-6%/-7.5%补) 均价止盈5% 止损离第一笔10% 拿24h,1385,58,0.93,0.88,-7.2,,1242,61,0.96,0.89,-7.2,,1106,59,0.89,0.99,-7.2,
60分钟 大单跟随 补仓F(1:1:1:1:1:1，-1.5%/-3%/-4.5%/-6%/-7.5%补) 均价止盈5% 止损离第一笔10% 拿72h,1056,67,1.03,0.92,-7.2,,995,69,1.06,1.03,-7.2,,899,65,0.82,1.03,-7.2,
60分钟 大单跟随 补仓F(1:1:1:1:1:1，-1.5%/-3%/-4.5%/-6%/-7.5%补) 均价止盈5% 止损离第一笔14% 拿24h,1379,58,0.92,0.94,-10.3,,1236,61,1.0,0.85,-10.3,,1104,60,0.96,0.96,-10.3,
60分钟 大单跟随 补仓F(1:1:1:1:1:1，-1.5%/-3%/-4.5%/-6%/-7.5%补) 均价止盈5% 止损离第一笔14% 拿72h,1027,67,0.96,0.86,-10.3,,964,71,1.14,0.98,-10.3,,869,67,0.82,1.0,-10.3,
60分钟 大单跟随 补仓F(1:1:1:1:1:1，-1.5%/-3%/-4.5%/-6%/-7.5%补) 均价止盈5% 止损离第一笔18% 拿24h,1377,58,0.98,0.88,-13.4,,1235,61,0.99,0.82,-14.4,,1102,60,0.99,0.99,-14.4,
60分钟 大单跟随 补仓F(1:1:1:1:1:1，-1.5%/-3%/-4.5%/-6%/-7.5%补) 均价止盈5% 止损离第一笔18% 拿72h,1016,67,0.95,0.86,-14.4,,945,71,1.16,0.98,-14.4,,847,67,0.8,0.96,-14.4,
60分钟 大单跟随 补仓F(1:1:1:1:1:1，-1.5%/-3%/-4.5%/-6%/-7.5%补) 均价止盈8% 止损离第一笔10% 拿24h,1328,56,0.94,0.9,-7.2,,1182,58,0.97,0.96,-7.2,,1041,57,0.94,0.9,-7.2,
60分钟 大单跟随 补仓F(1:1:1:1:1:1，-1.5%/-3%/-4.5%/-6%/-7.5%补) 均价止盈8% 止损离第一笔10% 拿72h,937,62,1.08,0.9,-7.2,,846,61,1.0,1.1,-7.2,,789,60,0.88,1.0,-7.2,
60分钟 大单跟随 补仓F(1:1:1:1:1:1，-1.5%/-3%/-4.5%/-6%/-7.5%补) 均价止盈8% 止损离第一笔14% 拿24h,1325,56,0.92,0.84,-10.3,,1174,58,0.97,0.93,-10.3,,1039,58,1.0,0.95,-10.3,
60分钟 大单跟随 补仓F(1:1:1:1:1:1，-1.5%/-3%/-4.5%/-6%/-7.5%补) 均价止盈8% 止损离第一笔14% 拿72h,918,63,1.05,0.88,-10.3,,821,62,1.05,0.97,-10.3,,764,62,0.92,0.9,-10.3,
60分钟 大单跟随 补仓F(1:1:1:1:1:1，-1.5%/-3%/-4.5%/-6%/-7.5%补) 均价止盈8% 止损离第一笔18% 拿24h,1322,56,0.99,0.84,-13.4,,1174,58,0.95,0.95,-14.4,,1036,58,1.05,0.9,-14.4,
60分钟 大单跟随 补仓F(1:1:1:1:1:1，-1.5%/-3%/-4.5%/-6%/-7.5%补) 均价止盈8% 止损离第一笔18% 拿72h,909,64,1.07,0.87,-14.4,,806,62,1.04,1.12,-14.4,,748,62,0.9,0.9,-14.4,
60分钟 大单跟随 补仓G(1:1:2:2:4，-2%/-4%/-6%/-8%补) 均价止盈1% 止损离第一笔11% 拿24h,1739,82,0.93,0.82,-6.1,,1585,90,1.18,0.91,-6.1,,1378,87,0.79,1.06,-6.1,
60分钟 大单跟随 补仓G(1:1:2:2:4，-2%/-4%/-6%/-8%补) 均价止盈1% 止损离第一笔11% 拿72h,1641,93,0.88,0.9,-6.1,,1538,96,1.33,0.76,-6.1,✔,1315,94,0.79,1.08,-6.1,
60分钟 大单跟随 补仓G(1:1:2:2:4，-2%/-4%/-6%/-8%补) 均价止盈1% 止损离第一笔14% 拿24h,1737,82,0.95,0.85,-8.3,,1580,90,1.06,0.84,-9.3,,1377,87,0.81,0.81,-9.3,
60分钟 大单跟随 补仓G(1:1:2:2:4，-2%/-4%/-6%/-8%补) 均价止盈1% 止损离第一笔14% 拿72h,1631,93,0.8,0.72,-9.3,,1527,97,1.33,0.81,-9.3,✔,1310,95,0.81,0.96,-9.3,
60分钟 大单跟随 补仓G(1:1:2:2:4，-2%/-4%/-6%/-8%补) 均价止盈1% 止损离第一笔18% 拿24h,1737,82,0.96,0.84,-12.1,,1579,90,1.05,0.75,-13.5,,1374,88,0.88,0.81,-12.1,
60分钟 大单跟随 补仓G(1:1:2:2:4，-2%/-4%/-6%/-8%补) 均价止盈1% 止损离第一笔18% 拿72h,1625,94,0.74,0.8,-12.1,,1521,97,1.2,0.85,-13.5,✔,1299,96,0.97,0.95,-13.5,
60分钟 大单跟随 补仓G(1:1:2:2:4，-2%/-4%/-6%/-8%补) 均价止盈2% 止损离第一笔11% 拿24h,1594,69,0.97,0.92,-6.1,,1453,78,1.11,0.81,-6.1,,1262,75,0.9,0.94,-6.1,
60分钟 大单跟随 补仓G(1:1:2:2:4，-2%/-4%/-6%/-8%补) 均价止盈2% 止损离第一笔11% 拿72h,1409,84,0.92,0.97,-6.1,,1346,90,1.25,0.87,-6.1,✔,1150,87,0.95,1.07,-6.1,
60分钟 大单跟随 补仓G(1:1:2:2:4，-2%/-4%/-6%/-8%补) 均价止盈2% 止损离第一笔14% 拿24h,1590,69,0.94,0.83,-9.3,,1446,78,1.1,0.86,-9.3,,1261,75,0.93,0.87,-9.3,
60分钟 大单跟随 补仓G(1:1:2:2:4，-2%/-4%/-6%/-8%补) 均价止盈2% 止损离第一笔14% 拿72h,1387,84,0.87,0.84,-9.3,,1322,92,1.47,1.05,-9.3,✔,1135,89,0.98,0.92,-9.3,
60分钟 大单跟随 补仓G(1:1:2:2:4，-2%/-4%/-6%/-8%补) 均价止盈2% 止损离第一笔18% 拿24h,1589,69,0.96,0.85,-12.1,,1446,78,1.1,0.81,-13.5,,1257,75,0.95,0.85,-13.5,
60分钟 大单跟随 补仓G(1:1:2:2:4，-2%/-4%/-6%/-8%补) 均价止盈2% 止损离第一笔18% 拿72h,1376,84,0.78,0.87,-13.5,,1314,92,1.49,1.16,-13.5,✔,1119,90,1.0,0.81,-13.5,
60分钟 大单跟随 补仓G(1:1:2:2:4，-2%/-4%/-6%/-8%补) 均价止盈3% 止损离第一笔11% 拿24h,1484,63,1.0,0.86,-6.1,,1356,69,1.0,0.88,-6.1,,1194,67,0.91,0.93,-6.1,
60分钟 大单跟随 补仓G(1:1:2:2:4，-2%/-4%/-6%/-8%补) 均价止盈3% 止损离第一笔11% 拿72h,1236,77,0.93,0.9,-6.1,,1184,82,1.02,1.01,-6.1,,1038,79,0.91,0.91,-6.1,
60分钟 大单跟随 补仓G(1:1:2:2:4，-2%/-4%/-6%/-8%补) 均价止盈3% 止损离第一笔14% 拿24h,1481,63,1.0,0.84,-9.3,,1350,69,1.06,0.85,-9.3,,1192,68,0.99,0.89,-9.3,
60分钟 大单跟随 补仓G(1:1:2:2:4，-2%/-4%/-6%/-8%补) 均价止盈3% 止损离第一笔14% 拿72h,1213,77,0.85,0.82,-9.3,,1157,84,1.15,0.89,-9.3,✔,1011,81,0.98,0.93,-9.3,
60分钟 大单跟随 补仓G(1:1:2:2:4，-2%/-4%/-6%/-8%补) 均价止盈3% 止损离第一笔18% 拿24h,1480,63,0.98,0.78,-12.1,,1350,69,1.08,0.72,-13.5,,1188,68,1.04,0.88,-13.5,
60分钟 大单跟随 补仓G(1:1:2:2:4，-2%/-4%/-6%/-8%补) 均价止盈3% 止损离第一笔18% 拿72h,1198,77,0.77,0.82,-13.5,,1145,84,1.28,0.89,-13.5,✔,991,82,1.05,0.86,-13.5,
60分钟 大单跟随 补仓G(1:1:2:2:4，-2%/-4%/-6%/-8%补) 均价止盈5% 止损离第一笔11% 拿24h,1381,58,0.98,0.95,-6.1,,1242,62,0.98,0.98,-6.1,,1100,60,0.89,0.94,-6.1,
60分钟 大单跟随 补仓G(1:1:2:2:4，-2%/-4%/-6%/-8%补) 均价止盈5% 止损离第一笔11% 拿72h,1050,69,1.04,0.8,-6.1,,987,73,1.05,0.99,-6.1,,903,69,0.86,0.9,-6.1,
60分钟 大单跟随 补仓G(1:1:2:2:4，-2%/-4%/-6%/-8%补) 均价止盈5% 止损离第一笔14% 拿24h,1379,58,0.92,0.87,-9.3,,1236,63,1.05,1.02,-9.3,,1099,61,0.97,0.98,-9.3,
60分钟 大单跟随 补仓G(1:1:2:2:4，-2%/-4%/-6%/-8%补) 均价止盈5% 止损离第一笔14% 拿72h,1030,69,0.95,0.72,-9.3,,961,75,1.18,1.02,-9.3,,874,70,0.84,0.91,-9.3,
60分钟 大单跟随 补仓G(1:1:2:2:4，-2%/-4%/-6%/-8%补) 均价止盈5% 止损离第一笔18% 拿24h,1377,58,0.98,0.93,-12.1,,1235,63,1.05,0.95,-13.5,,1097,61,1.01,0.88,-13.5,
60分钟 大单跟随 补仓G(1:1:2:2:4，-2%/-4%/-6%/-8%补) 均价止盈5% 止损离第一笔18% 拿72h,1022,69,0.89,0.87,-13.5,,946,76,1.19,1.06,-13.5,,852,71,0.82,0.86,-13.5,
60分钟 大单跟随 补仓G(1:1:2:2:4，-2%/-4%/-6%/-8%补) 均价止盈8% 止损离第一笔11% 拿24h,1327,56,0.99,0.83,-6.1,,1180,59,0.94,0.94,-6.1,,1043,58,0.96,0.84,-6.1,
60分钟 大单跟随 补仓G(1:1:2:2:4，-2%/-4%/-6%/-8%补) 均价止盈8% 止损离第一笔11% 拿72h,930,64,1.03,0.9,-6.1,,841,65,0.95,0.97,-6.1,,790,63,0.92,1.04,-6.1,
60分钟 大单跟随 补仓G(1:1:2:2:4，-2%/-4%/-6%/-8%补) 均价止盈8% 止损离第一笔14% 拿24h,1325,56,0.94,0.87,-9.3,,1173,59,0.95,0.89,-9.3,,1041,58,1.07,0.87,-9.3,
60分钟 大单跟随 补仓G(1:1:2:2:4，-2%/-4%/-6%/-8%补) 均价止盈8% 止损离第一笔14% 拿72h,913,65,1.01,0.96,-9.3,,820,67,1.0,1.06,-9.3,,768,65,0.93,0.94,-9.3,
60分钟 大单跟随 补仓G(1:1:2:2:4，-2%/-4%/-6%/-8%补) 均价止盈8% 止损离第一笔18% 拿24h,1322,57,1.03,0.71,-12.1,,1173,59,0.92,0.87,-13.5,,1039,58,1.13,0.96,-13.5,✔
60分钟 大单跟随 补仓G(1:1:2:2:4，-2%/-4%/-6%/-8%补) 均价止盈8% 止损离第一笔18% 拿72h,907,66,1.0,0.83,-13.5,,807,67,0.99,1.01,-13.5,,748,66,0.94,0.86,-13.5,
60分钟 大单跟随 补仓H(1:1:1:1:1:1:1:1，-1%/-2%/-3%/-4%/-5%/-6%/-7%补) 均价止盈1% 止损离第一笔10% 拿24h,1764,84,0.89,0.81,-6.9,,1590,90,1.14,0.87,-6.9,,1389,88,0.75,0.93,-6.9,
60分钟 大单跟随 补仓H(1:1:1:1:1:1:1:1，-1%/-2%/-3%/-4%/-5%/-6%/-7%补) 均价止盈1% 止损离第一笔10% 拿72h,1661,92,0.79,0.84,-6.9,,1538,96,1.27,0.85,-6.9,✔,1338,94,0.77,0.82,-6.9,
60分钟 大单跟随 补仓H(1:1:1:1:1:1:1:1，-1%/-2%/-3%/-4%/-5%/-6%/-7%补) 均价止盈1% 止损离第一笔13% 拿24h,1761,84,0.89,0.83,-9.4,,1586,91,1.16,0.82,-10.0,,1387,88,0.77,0.93,-10.0,
60分钟 大单跟随 补仓H(1:1:1:1:1:1:1:1，-1%/-2%/-3%/-4%/-5%/-6%/-7%补) 均价止盈1% 止损离第一笔13% 拿72h,1635,93,0.77,0.72,-10.0,,1528,96,1.35,0.82,-10.0,✔,1323,94,0.78,0.95,-10.0,
60分钟 大单跟随 补仓H(1:1:1:1:1:1:1:1，-1%/-2%/-3%/-4%/-5%/-6%/-7%补) 均价止盈1% 止损离第一笔17% 拿24h,1760,84,0.92,0.83,-13.2,,1585,91,1.14,0.7,-14.1,,1384,88,0.75,0.81,-14.1,
60分钟 大单跟随 补仓H(1:1:1:1:1:1:1:1，-1%/-2%/-3%/-4%/-5%/-6%/-7%补) 均价止盈1% 止损离第一笔17% 拿72h,1630,93,0.72,0.78,-14.1,,1523,96,1.26,0.9,-14.1,✔,1312,95,0.8,0.98,-14.1,
60分钟 大单跟随 补仓H(1:1:1:1:1:1:1:1，-1%/-2%/-3%/-4%/-5%/-6%/-7%补) 均价止盈2% 止损离第一笔10% 拿24h,1607,69,0.85,0.85,-6.9,,1465,79,1.08,0.9,-6.9,,1275,76,0.79,0.91,-6.9,
60分钟 大单跟随 补仓H(1:1:1:1:1:1:1:1，-1%/-2%/-3%/-4%/-5%/-6%/-7%补) 均价止盈2% 止损离第一笔10% 拿72h,1421,81,0.8,0.93,-6.9,,1360,89,1.18,0.96,-6.9,✔,1164,85,0.83,0.98,-6.9,
60分钟 大单跟随 补仓H(1:1:1:1:1:1:1:1，-1%/-2%/-3%/-4%/-5%/-6%/-7%补) 均价止盈2% 止损离第一笔13% 拿24h,1600,69,0.84,0.89,-10.0,,1458,80,1.13,0.89,-10.0,,1272,76,0.84,0.9,-10.0,
60分钟 大单跟随 补仓H(1:1:1:1:1:1:1:1，-1%/-2%/-3%/-4%/-5%/-6%/-7%补) 均价止盈2% 止损离第一笔13% 拿72h,1383,82,0.75,0.84,-10.0,,1341,90,1.31,0.94,-10.0,✔,1137,86,0.86,1.03,-10.0,
60分钟 大单跟随 补仓H(1:1:1:1:1:1:1:1，-1%/-2%/-3%/-4%/-5%/-6%/-7%补) 均价止盈2% 止损离第一笔17% 拿24h,1599,69,0.84,0.79,-14.1,,1456,80,1.12,0.94,-14.1,,1268,76,0.84,0.98,-14.1,
60分钟 大单跟随 补仓H(1:1:1:1:1:1:1:1，-1%/-2%/-3%/-4%/-5%/-6%/-7%补) 均价止盈2% 止损离第一笔17% 拿72h,1373,82,0.69,0.8,-14.1,,1322,90,1.36,0.94,-14.1,✔,1114,87,0.83,0.88,-14.1,
60分钟 大单跟随 补仓H(1:1:1:1:1:1:1:1，-1%/-2%/-3%/-4%/-5%/-6%/-7%补) 均价止盈3% 止损离第一笔10% 拿24h,1500,64,0.95,0.9,-6.9,,1367,70,0.97,0.91,-6.9,,1202,67,0.77,1.02,-6.9,
60分钟 大单跟随 补仓H(1:1:1:1:1:1:1:1，-1%/-2%/-3%/-4%/-5%/-6%/-7%补) 均价止盈3% 止损离第一笔10% 拿72h,1261,76,0.98,0.83,-6.9,,1206,81,1.07,1.1,-6.9,,1046,76,0.79,0.93,-6.9,
60分钟 大单跟随 补仓H(1:1:1:1:1:1:1:1，-1%/-2%/-3%/-4%/-5%/-6%/-7%补) 均价止盈3% 止损离第一笔13% 拿24h,1493,64,0.99,0.82,-10.0,,1360,70,1.06,0.85,-10.0,,1197,68,0.86,0.86,-10.0,
60分钟 大单跟随 补仓H(1:1:1:1:1:1:1:1，-1%/-2%/-3%/-4%/-5%/-6%/-7%补) 均价止盈3% 止损离第一笔13% 拿72h,1229,76,0.94,0.86,-10.0,,1179,82,1.2,1.04,-10.0,✔,1010,78,0.82,1.05,-10.0,
60分钟 大单跟随 补仓H(1:1:1:1:1:1:1:1，-1%/-2%/-3%/-4%/-5%/-6%/-7%补) 均价止盈3% 止损离第一笔17% 拿24h,1493,64,0.97,0.9,-14.1,,1359,70,1.06,0.89,-14.1,,1193,68,0.86,0.98,-14.1,
60分钟 大单跟随 补仓H(1:1:1:1:1:1:1:1，-1%/-2%/-3%/-4%/-5%/-6%/-7%补) 均价止盈3% 止损离第一笔17% 拿72h,1217,76,0.86,0.84,-14.1,,1160,83,1.28,1.07,-14.1,✔,985,78,0.83,0.95,-14.1,
60分钟 大单跟随 补仓H(1:1:1:1:1:1:1:1，-1%/-2%/-3%/-4%/-5%/-6%/-7%补) 均价止盈5% 止损离第一笔10% 拿24h,1390,58,0.91,0.87,-6.9,,1243,62,0.95,0.96,-6.9,,1110,60,0.86,0.94,-6.9,
60分钟 大单跟随 补仓H(1:1:1:1:1:1:1:1，-1%/-2%/-3%/-4%/-5%/-6%/-7%补) 均价止盈5% 止损离第一笔10% 拿72h,1066,67,1.01,0.95,-6.9,,1001,70,1.05,0.92,-6.9,,915,66,0.85,0.99,-6.9,
60分钟 大单跟随 补仓H(1:1:1:1:1:1:1:1，-1%/-2%/-3%/-4%/-5%/-6%/-7%补) 均价止盈5% 止损离第一笔13% 拿24h,1383,59,0.92,0.91,-10.0,,1238,63,1.04,0.94,-10.0,,1106,61,0.95,0.93,-10.0,
60分钟 大单跟随 补仓H(1:1:1:1:1:1:1:1，-1%/-2%/-3%/-4%/-5%/-6%/-7%补) 均价止盈5% 止损离第一笔13% 拿72h,1034,68,0.99,0.83,-10.0,,975,71,1.16,1.05,-10.0,,880,68,0.83,0.98,-10.0,
60分钟 大单跟随 补仓H(1:1:1:1:1:1:1:1，-1%/-2%/-3%/-4%/-5%/-6%/-7%补) 均价止盈5% 止损离第一笔17% 拿24h,1382,59,0.93,0.82,-14.1,,1236,63,1.04,0.99,-14.1,,1104,61,0.96,0.9,-14.1,
60分钟 大单跟随 补仓H(1:1:1:1:1:1:1:1，-1%/-2%/-3%/-4%/-5%/-6%/-7%补) 均价止盈5% 止损离第一笔17% 拿72h,1024,68,0.95,0.81,-14.1,,951,72,1.18,1.01,-14.1,,853,68,0.79,0.85,-14.1,
60分钟 大单跟随 补仓H(1:1:1:1:1:1:1:1，-1%/-2%/-3%/-4%/-5%/-6%/-7%补) 均价止盈8% 止损离第一笔10% 拿24h,1330,57,0.92,0.92,-6.9,,1184,59,0.92,1.07,-6.9,,1044,58,0.94,0.96,-6.9,
60分钟 大单跟随 补仓H(1:1:1:1:1:1:1:1，-1%/-2%/-3%/-4%/-5%/-6%/-7%补) 均价止盈8% 止损离第一笔10% 拿72h,942,62,1.07,0.88,-6.9,,856,61,1.0,0.94,-6.9,,801,60,0.9,0.94,-6.9,
60分钟 大单跟随 补仓H(1:1:1:1:1:1:1:1，-1%/-2%/-3%/-4%/-5%/-6%/-7%补) 均价止盈8% 止损离第一笔13% 拿24h,1326,57,0.94,0.88,-10.0,,1177,60,0.97,0.93,-10.0,,1041,59,1.01,0.86,-10.0,
60分钟 大单跟随 补仓H(1:1:1:1:1:1:1:1，-1%/-2%/-3%/-4%/-5%/-6%/-7%补) 均价止盈8% 止损离第一笔13% 拿72h,920,64,1.07,0.92,-10.0,,830,63,1.08,1.02,-10.0,,772,62,0.93,0.84,-10.0,
60分钟 大单跟随 补仓H(1:1:1:1:1:1:1:1，-1%/-2%/-3%/-4%/-5%/-6%/-7%补) 均价止盈8% 止损离第一笔17% 拿24h,1324,57,0.95,0.94,-14.1,,1175,60,0.94,0.86,-14.1,,1039,59,1.05,0.94,-14.1,
60分钟 大单跟随 补仓H(1:1:1:1:1:1:1:1，-1%/-2%/-3%/-4%/-5%/-6%/-7%补) 均价止盈8% 止损离第一笔17% 拿72h,910,65,1.1,0.84,-14.1,,810,63,1.05,1.15,-14.1,,752,63,0.91,1.12,-14.1,
60分钟 大单跟随 补仓I(1:1:1:2:2:3，-2%/-4%/-6%/-9%/-12%补) 均价止盈1% 止损离第一笔15% 拿24h,1733,81,0.91,0.85,-7.4,,1575,89,1.02,0.79,-8.6,,1369,87,0.79,0.98,-8.6,
60分钟 大单跟随 补仓I(1:1:1:2:2:3，-2%/-4%/-6%/-9%/-12%补) 均价止盈1% 止损离第一笔15% 拿72h,1610,92,0.73,0.7,-8.6,,1513,96,1.17,0.78,-8.6,✔,1296,95,0.84,1.04,-8.6,
60分钟 大单跟随 补仓I(1:1:1:2:2:3，-2%/-4%/-6%/-9%/-12%补) 均价止盈1% 止损离第一笔18% 拿24h,1733,81,0.9,0.77,-10.2,,1574,89,1.03,0.78,-11.8,,1368,87,0.85,1.07,-11.8,
60分钟 大单跟随 补仓I(1:1:1:2:2:3，-2%/-4%/-6%/-9%/-12%补) 均价止盈1% 止损离第一笔18% 拿72h,1606,92,0.65,0.75,-11.8,,1506,96,1.03,0.86,-11.8,,1290,95,1.07,1.05,-11.8,
60分钟 大单跟随 补仓I(1:1:1:2:2:3，-2%/-4%/-6%/-9%/-12%补) 均价止盈1% 止损离第一笔22% 拿24h,1733,81,0.89,0.82,-14.0,,1574,89,1.07,0.82,-16.1,,1367,87,0.83,0.76,-14.0,
60分钟 大单跟随 补仓I(1:1:1:2:2:3，-2%/-4%/-6%/-9%/-12%补) 均价止盈1% 止损离第一笔22% 拿72h,1598,93,0.62,0.76,-14.0,,1506,96,1.06,0.78,-16.1,,1289,95,0.97,0.86,-16.1,
60分钟 大单跟随 补仓I(1:1:1:2:2:3，-2%/-4%/-6%/-9%/-12%补) 均价止盈2% 止损离第一笔15% 拿24h,1586,67,0.92,0.81,-8.6,,1440,76,1.11,0.84,-8.6,,1257,74,0.93,0.96,-8.6,
60分钟 大单跟随 补仓I(1:1:1:2:2:3，-2%/-4%/-6%/-9%/-12%补) 均价止盈2% 止损离第一笔15% 拿72h,1362,82,0.8,0.77,-8.6,,1305,91,1.42,0.93,-8.6,✔,1116,88,0.9,0.85,-8.6,
60分钟 大单跟随 补仓I(1:1:1:2:2:3，-2%/-4%/-6%/-9%/-12%补) 均价止盈2% 止损离第一笔18% 拿24h,1586,67,0.95,0.85,-10.2,,1440,76,1.13,0.98,-11.8,,1255,74,0.96,0.93,-11.8,
60分钟 大单跟随 补仓I(1:1:1:2:2:3，-2%/-4%/-6%/-9%/-12%补) 均价止盈2% 止损离第一笔18% 拿72h,1354,82,0.73,0.85,-11.8,,1298,91,1.43,1.19,-11.8,✔,1106,89,0.98,0.86,-11.8,
60分钟 大单跟随 补仓I(1:1:1:2:2:3，-2%/-4%/-6%/-9%/-12%补) 均价止盈2% 止损离第一笔22% 拿24h,1586,67,0.96,0.73,-14.0,,1440,76,1.19,0.85,-9.4,,1254,74,0.95,0.81,-14.0,
60分钟 大单跟随 补仓I(1:1:1:2:2:3，-2%/-4%/-6%/-9%/-12%补) 均价止盈2% 止损离第一笔22% 拿72h,1344,82,0.68,0.81,-16.1,,1295,91,1.45,0.93,-16.1,✔,1101,89,0.94,0.84,-16.1,
60分钟 大单跟随 补仓I(1:1:1:2:2:3，-2%/-4%/-6%/-9%/-12%补) 均价止盈3% 止损离第一笔15% 拿24h,1481,61,0.94,0.85,-8.6,,1347,68,1.07,0.96,-8.6,,1188,66,0.95,0.93,-8.6,
60分钟 大单跟随 补仓I(1:1:1:2:2:3，-2%/-4%/-6%/-9%/-12%补) 均价止盈3% 止损离第一笔15% 拿72h,1204,75,0.85,0.8,-8.6,,1146,83,1.21,0.93,-8.6,✔,994,79,0.92,0.92,-8.6,
60分钟 大单跟随 补仓I(1:1:1:2:2:3，-2%/-4%/-6%/-9%/-12%补) 均价止盈3% 止损离第一笔18% 拿24h,1480,61,0.96,0.92,-10.2,,1347,68,1.09,0.82,-11.8,,1186,66,0.98,0.89,-11.8,
60分钟 大单跟随 补仓I(1:1:1:2:2:3，-2%/-4%/-6%/-9%/-12%补) 均价止盈3% 止损离第一笔18% 拿72h,1195,75,0.77,0.75,-11.8,,1139,84,1.3,1.0,-11.8,✔,982,80,0.96,0.84,-11.8,
60分钟 大单跟随 补仓I(1:1:1:2:2:3，-2%/-4%/-6%/-9%/-12%补) 均价止盈3% 止损离第一笔22% 拿24h,1480,61,0.96,1.06,-14.0,,1347,68,1.1,0.81,-9.4,,1184,66,0.98,1.07,-14.0,
60分钟 大单跟随 补仓I(1:1:1:2:2:3，-2%/-4%/-6%/-9%/-12%补) 均价止盈3% 止损离第一笔22% 拿72h,1184,75,0.72,0.72,-16.1,,1137,84,1.25,0.98,-16.1,✔,976,80,0.92,0.97,-16.1,
60分钟 大单跟随 补仓I(1:1:1:2:2:3，-2%/-4%/-6%/-9%/-12%补) 均价止盈5% 止损离第一笔15% 拿24h,1376,57,0.94,0.83,-8.6,,1235,61,1.06,0.88,-8.6,,1096,59,0.98,1.03,-8.6,
60分钟 大单跟随 补仓I(1:1:1:2:2:3，-2%/-4%/-6%/-9%/-12%补) 均价止盈5% 止损离第一笔15% 拿72h,1016,68,1.0,0.97,-8.6,,952,74,1.2,0.99,-8.6,,859,69,0.81,0.89,-8.6,
60分钟 大单跟随 补仓I(1:1:1:2:2:3，-2%/-4%/-6%/-9%/-12%补) 均价止盈5% 止损离第一笔18% 拿24h,1375,57,0.97,0.8,-10.2,,1234,61,1.07,0.95,-11.8,,1096,60,1.01,0.92,-11.8,
60分钟 大单跟随 补仓I(1:1:1:2:2:3，-2%/-4%/-6%/-9%/-12%补) 均价止盈5% 止损离第一笔18% 拿72h,1013,68,0.89,0.81,-11.8,,944,74,1.2,1.0,-11.8,,846,70,0.82,0.95,-11.8,
60分钟 大单跟随 补仓I(1:1:1:2:2:3，-2%/-4%/-6%/-9%/-12%补) 均价止盈5% 止损离第一笔22% 拿24h,1374,57,0.97,0.88,-14.0,,1234,61,1.06,0.98,-16.1,,1094,60,1.04,0.93,-16.1,
60分钟 大单跟随 补仓I(1:1:1:2:2:3，-2%/-4%/-6%/-9%/-12%补) 均价止盈5% 止损离第一笔22% 拿72h,1002,68,0.84,0.72,-16.1,,940,74,1.19,0.9,-16.1,,839,70,0.8,0.92,-16.1,
60分钟 大单跟随 补仓I(1:1:1:2:2:3，-2%/-4%/-6%/-9%/-12%补) 均价止盈8% 止损离第一笔15% 拿24h,1323,55,0.95,0.83,-8.6,,1173,57,0.94,0.86,-8.6,,1037,57,1.06,0.83,-8.6,
60分钟 大单跟随 补仓I(1:1:1:2:2:3，-2%/-4%/-6%/-9%/-12%补) 均价止盈8% 止损离第一笔15% 拿72h,907,64,1.07,0.82,-8.6,,811,65,1.03,1.04,-8.6,,756,63,0.91,0.98,-8.6,
60分钟 大单跟随 补仓I(1:1:1:2:2:3，-2%/-4%/-6%/-9%/-12%补) 均价止盈8% 止损离第一笔18% 拿24h,1322,55,1.0,0.85,-10.2,,1173,57,0.91,0.95,-11.8,,1037,57,1.08,0.87,-11.8,
60分钟 大单跟随 补仓I(1:1:1:2:2:3，-2%/-4%/-6%/-9%/-12%补) 均价止盈8% 止损离第一笔18% 拿72h,906,64,1.0,0.72,-11.8,,803,66,1.0,1.04,-11.8,,744,64,0.92,0.92,-11.8,
60分钟 大单跟随 补仓I(1:1:1:2:2:3，-2%/-4%/-6%/-9%/-12%补) 均价止盈8% 止损离第一笔22% 拿24h,1321,55,1.01,0.88,-14.0,,1172,57,0.87,0.98,-16.1,,1034,57,1.17,0.91,-16.1,✔
60分钟 大单跟随 补仓I(1:1:1:2:2:3，-2%/-4%/-6%/-9%/-12%补) 均价止盈8% 止损离第一笔22% 拿72h,896,64,0.91,0.69,-16.1,,799,65,0.96,0.99,-16.1,,737,64,0.86,0.89,-16.1,
60分钟 Delta背离 补仓E(1:1:1:1:1，-2%/-4%/-6%/-8%补) 均价止盈1% 止损离第一笔11% 拿24h,1825,82,0.7,0.77,-7.5,,1729,86,0.71,0.82,-7.5,,1737,90,0.92,0.89,-7.5,
60分钟 Delta背离 补仓E(1:1:1:1:1，-2%/-4%/-6%/-8%补) 均价止盈1% 止损离第一笔11% 拿72h,1699,92,0.77,0.85,-7.5,,1660,94,0.92,0.85,-7.5,,1691,95,0.91,0.96,-7.5,
60分钟 Delta背离 补仓E(1:1:1:1:1，-2%/-4%/-6%/-8%补) 均价止盈1% 止损离第一笔14% 拿24h,1817,82,0.66,0.74,-10.6,,1723,86,0.69,0.73,-10.6,,1729,90,0.9,0.82,-10.6,
60分钟 Delta背离 补仓E(1:1:1:1:1，-2%/-4%/-6%/-8%补) 均价止盈1% 止损离第一笔14% 拿72h,1683,92,0.7,0.73,-10.6,,1638,95,0.86,0.78,-10.6,,1667,95,0.84,0.87,-10.6,
60分钟 Delta背离 补仓E(1:1:1:1:1，-2%/-4%/-6%/-8%补) 均价止盈1% 止损离第一笔18% 拿24h,1812,83,0.61,0.83,-14.7,,1720,87,0.82,0.89,-14.7,,1724,90,0.8,0.86,-14.7,
60分钟 Delta背离 补仓E(1:1:1:1:1，-2%/-4%/-6%/-8%补) 均价止盈1% 止损离第一笔18% 拿72h,1664,92,0.63,0.69,-14.7,,1625,96,1.22,0.9,-14.7,,1652,95,0.76,0.79,-14.7,
60分钟 Delta背离 补仓E(1:1:1:1:1，-2%/-4%/-6%/-8%补) 均价止盈2% 止损离第一笔11% 拿24h,1684,70,0.72,0.78,-7.5,,1618,76,0.85,0.81,-7.5,,1589,77,0.88,1.02,-7.5,
60分钟 Delta背离 补仓E(1:1:1:1:1，-2%/-4%/-6%/-8%补) 均价止盈2% 止损离第一笔11% 拿72h,1451,84,0.77,0.86,-7.5,,1463,89,1.09,0.99,-7.5,,1446,88,0.94,0.87,-7.5,
60分钟 Delta背离 补仓E(1:1:1:1:1，-2%/-4%/-6%/-8%补) 均价止盈2% 止损离第一笔14% 拿24h,1673,70,0.7,0.75,-10.6,,1612,76,0.85,0.87,-10.6,,1576,77,0.86,0.93,-10.6,
60分钟 Delta背离 补仓E(1:1:1:1:1，-2%/-4%/-6%/-8%补) 均价止盈2% 止损离第一笔14% 拿72h,1427,85,0.75,0.78,-10.6,,1440,90,1.03,0.9,-10.6,,1412,88,0.89,0.81,-10.6,
60分钟 Delta背离 补仓E(1:1:1:1:1，-2%/-4%/-6%/-8%补) 均价止盈2% 止损离第一笔18% 拿24h,1667,70,0.67,0.82,-14.7,,1609,77,0.98,0.86,-14.7,,1569,78,0.85,0.95,-14.7,
60分钟 Delta背离 补仓E(1:1:1:1:1，-2%/-4%/-6%/-8%补) 均价止盈2% 止损离第一笔18% 拿72h,1407,86,0.72,0.7,-14.7,,1428,91,1.38,0.94,-14.7,,1388,89,0.85,0.9,-14.7,
60分钟 Delta背离 补仓E(1:1:1:1:1，-2%/-4%/-6%/-8%补) 均价止盈3% 止损离第一笔11% 拿24h,1607,63,0.69,0.93,-7.5,,1552,69,0.86,0.88,-7.5,,1491,70,0.87,0.97,-7.5,
60分钟 Delta背离 补仓E(1:1:1:1:1，-2%/-4%/-6%/-8%补) 均价止盈3% 止损离第一笔11% 拿72h,1275,76,0.78,0.85,-7.5,,1290,81,1.08,0.88,-7.5,,1286,79,0.88,0.89,-7.5,
60分钟 Delta背离 补仓E(1:1:1:1:1，-2%/-4%/-6%/-8%补) 均价止盈3% 止损离第一笔14% 拿24h,1598,63,0.69,0.81,-10.6,,1549,69,0.85,0.91,-10.6,,1476,70,0.86,0.93,-10.6,
60分钟 Delta背离 补仓E(1:1:1:1:1，-2%/-4%/-6%/-8%补) 均价止盈3% 止损离第一笔14% 拿72h,1250,78,0.75,0.82,-10.6,,1278,83,1.03,0.87,-10.6,,1246,81,0.86,0.85,-10.6,
60分钟 Delta背离 补仓E(1:1:1:1:1，-2%/-4%/-6%/-8%补) 均价止盈3% 止损离第一笔18% 拿24h,1591,63,0.65,0.85,-14.7,,1545,69,0.99,0.85,-14.7,,1468,70,0.84,0.88,-14.7,
60分钟 Delta背离 补仓E(1:1:1:1:1，-2%/-4%/-6%/-8%补) 均价止盈3% 止损离第一笔18% 拿72h,1226,78,0.73,0.71,-14.7,,1261,84,1.22,0.86,-14.7,,1217,81,0.84,0.84,-14.7,
60分钟 Delta背离 补仓E(1:1:1:1:1，-2%/-4%/-6%/-8%补) 均价止盈5% 止损离第一笔11% 拿24h,1529,58,0.68,0.87,-7.5,,1440,61,0.75,0.95,-7.5,,1386,64,0.84,0.88,-7.5,
60分钟 Delta背离 补仓E(1:1:1:1:1，-2%/-4%/-6%/-8%补) 均价止盈5% 止损离第一笔11% 拿72h,1093,66,0.77,0.87,-7.5,,1065,70,0.94,0.93,-7.5,,1056,67,0.85,0.92,-7.5,
60分钟 Delta背离 补仓E(1:1:1:1:1，-2%/-4%/-6%/-8%补) 均价止盈5% 止损离第一笔14% 拿24h,1518,59,0.71,0.82,-10.6,,1436,61,0.75,0.91,-10.6,,1370,64,0.84,0.87,-10.6,
60分钟 Delta背离 补仓E(1:1:1:1:1，-2%/-4%/-6%/-8%补) 均价止盈5% 止损离第一笔14% 拿72h,1067,67,0.74,0.8,-10.6,,1047,71,0.92,0.88,-10.6,,1014,69,0.86,0.85,-10.6,
60分钟 Delta背离 补仓E(1:1:1:1:1，-2%/-4%/-6%/-8%补) 均价止盈5% 止损离第一笔18% 拿24h,1513,59,0.67,0.85,-14.7,,1433,62,0.89,0.93,-14.7,,1364,64,0.85,0.84,-14.7,
60分钟 Delta背离 补仓E(1:1:1:1:1，-2%/-4%/-6%/-8%补) 均价止盈5% 止损离第一笔18% 拿72h,1047,68,0.71,0.81,-14.7,,1027,72,1.01,0.88,-14.7,,988,70,0.88,0.91,-14.7,
60分钟 Delta背离 补仓E(1:1:1:1:1，-2%/-4%/-6%/-8%补) 均价止盈8% 止损离第一笔11% 拿24h,1484,58,0.72,0.77,-7.5,,1374,59,0.78,0.86,-7.5,,1342,61,0.82,0.98,-7.5,
60分钟 Delta背离 补仓E(1:1:1:1:1，-2%/-4%/-6%/-8%补) 均价止盈8% 止损离第一笔11% 拿72h,978,64,0.84,0.79,-7.5,,929,66,1.08,0.95,-7.5,,914,61,0.92,0.9,-7.5,
60分钟 Delta背离 补仓E(1:1:1:1:1，-2%/-4%/-6%/-8%补) 均价止盈8% 止损离第一笔14% 拿24h,1474,58,0.74,0.81,-10.6,,1370,59,0.77,1.04,-10.6,,1326,62,0.83,0.87,-10.6,
60分钟 Delta背离 补仓E(1:1:1:1:1，-2%/-4%/-6%/-8%补) 均价止盈8% 止损离第一笔14% 拿72h,955,64,0.77,0.81,-10.6,,915,67,1.03,0.91,-10.6,,887,63,0.91,0.95,-10.6,
60分钟 Delta背离 补仓E(1:1:1:1:1，-2%/-4%/-6%/-8%补) 均价止盈8% 止损离第一笔18% 拿24h,1471,58,0.72,0.8,-14.7,,1368,60,0.94,0.85,-14.7,,1320,62,0.82,0.83,-14.7,
60分钟 Delta背离 补仓E(1:1:1:1:1，-2%/-4%/-6%/-8%补) 均价止盈8% 止损离第一笔18% 拿72h,939,66,0.77,0.8,-14.7,,902,68,1.11,0.91,-14.7,,865,63,0.9,0.94,-14.7,
60分钟 Delta背离 补仓F(1:1:1:1:1:1，-1.5%/-3%/-4.5%/-6%/-7.5%补) 均价止盈1% 止损离第一笔10% 拿24h,1835,83,0.72,0.82,-7.2,,1741,87,0.7,0.77,-7.2,,1753,91,0.98,0.82,-7.2,
60分钟 Delta背离 补仓F(1:1:1:1:1:1，-1.5%/-3%/-4.5%/-6%/-7.5%补) 均价止盈1% 止损离第一笔10% 拿72h,1715,92,0.8,0.87,-7.2,,1675,94,0.9,0.77,-7.2,,1711,95,0.95,0.95,-7.2,
60分钟 Delta背离 补仓F(1:1:1:1:1:1，-1.5%/-3%/-4.5%/-6%/-7.5%补) 均价止盈1% 止损离第一笔14% 拿24h,1827,84,0.66,0.8,-10.3,,1733,88,0.7,0.76,-10.3,,1745,91,0.95,0.86,-10.3,
60分钟 Delta背离 补仓F(1:1:1:1:1:1，-1.5%/-3%/-4.5%/-6%/-7.5%补) 均价止盈1% 止损离第一笔14% 拿72h,1698,93,0.71,0.73,-10.3,,1652,95,0.87,0.86,-10.3,,1685,96,0.88,0.85,-10.3,
60分钟 Delta背离 补仓F(1:1:1:1:1:1，-1.5%/-3%/-4.5%/-6%/-7.5%补) 均价止盈1% 止损离第一笔18% 拿24h,1820,84,0.63,0.85,-14.4,,1729,88,0.73,0.81,-14.4,,1740,91,0.84,0.81,-14.4,
60分钟 Delta背离 补仓F(1:1:1:1:1:1，-1.5%/-3%/-4.5%/-6%/-7.5%补) 均价止盈1% 止损离第一笔18% 拿72h,1677,93,0.65,0.67,-14.4,,1636,95,0.99,0.93,-14.4,,1672,96,0.79,0.99,-14.4,
60分钟 Delta背离 补仓F(1:1:1:1:1:1，-1.5%/-3%/-4.5%/-6%/-7.5%补) 均价止盈2% 止损离第一笔10% 拿24h,1698,72,0.77,0.87,-7.2,,1628,77,0.83,0.87,-7.2,,1592,79,0.95,0.94,-7.2,
60分钟 Delta背离 补仓F(1:1:1:1:1:1，-1.5%/-3%/-4.5%/-6%/-7.5%补) 均价止盈2% 止损离第一笔10% 拿72h,1481,85,0.83,0.91,-7.2,,1486,89,1.09,0.86,-7.2,,1474,88,1.01,0.89,-7.2,
60分钟 Delta背离 补仓F(1:1:1:1:1:1，-1.5%/-3%/-4.5%/-6%/-7.5%补) 均价止盈2% 止损离第一笔14% 拿24h,1686,72,0.72,0.81,-10.3,,1618,77,0.83,0.86,-10.3,,1580,79,0.92,0.97,-10.3,
60分钟 Delta背离 补仓F(1:1:1:1:1:1，-1.5%/-3%/-4.5%/-6%/-7.5%补) 均价止盈2% 止损离第一笔14% 拿72h,1451,86,0.78,0.76,-10.3,,1457,90,1.02,0.92,-10.3,,1441,89,0.99,0.91,-10.3,
60分钟 Delta背离 补仓F(1:1:1:1:1:1，-1.5%/-3%/-4.5%/-6%/-7.5%补) 均价止盈2% 止损离第一笔18% 拿24h,1678,72,0.69,0.8,-14.4,,1614,77,0.89,0.83,-14.4,,1574,79,0.89,0.89,-14.4,
60分钟 Delta背离 补仓F(1:1:1:1:1:1，-1.5%/-3%/-4.5%/-6%/-7.5%补) 均价止盈2% 止损离第一笔18% 拿72h,1431,86,0.73,0.82,-14.4,,1443,91,1.2,0.84,-14.4,,1421,90,0.93,0.88,-14.4,
60分钟 Delta背离 补仓F(1:1:1:1:1:1，-1.5%/-3%/-4.5%/-6%/-7.5%补) 均价止盈3% 止损离第一笔10% 拿24h,1612,65,0.69,0.87,-7.2,,1562,71,0.84,0.84,-7.2,,1499,71,0.92,0.95,-7.2,
60分钟 Delta背离 补仓F(1:1:1:1:1:1，-1.5%/-3%/-4.5%/-6%/-7.5%补) 均价止盈3% 止损离第一笔10% 拿72h,1299,77,0.79,0.9,-7.2,,1314,82,1.07,0.93,-7.2,,1309,80,0.92,0.94,-7.2,
60分钟 Delta背离 补仓F(1:1:1:1:1:1，-1.5%/-3%/-4.5%/-6%/-7.5%补) 均价止盈3% 止损离第一笔14% 拿24h,1601,65,0.69,0.87,-10.3,,1553,71,0.84,0.88,-10.3,,1485,71,0.84,1.01,-10.3,
60分钟 Delta背离 补仓F(1:1:1:1:1:1，-1.5%/-3%/-4.5%/-6%/-7.5%补) 均价止盈3% 止损离第一笔14% 拿72h,1263,78,0.74,0.82,-10.3,,1291,83,1.05,0.92,-10.3,,1267,81,0.88,0.85,-10.3,
60分钟 Delta背离 补仓F(1:1:1:1:1:1，-1.5%/-3%/-4.5%/-6%/-7.5%补) 均价止盈3% 止损离第一笔18% 拿24h,1593,65,0.65,0.87,-14.4,,1550,71,0.91,0.88,-14.4,,1476,71,0.81,0.89,-14.4,
60分钟 Delta背离 补仓F(1:1:1:1:1:1，-1.5%/-3%/-4.5%/-6%/-7.5%补) 均价止盈3% 止损离第一笔18% 拿72h,1239,79,0.73,0.73,-14.4,,1278,84,1.13,1.0,-14.4,,1237,82,0.84,0.89,-14.4,
60分钟 Delta背离 补仓F(1:1:1:1:1:1，-1.5%/-3%/-4.5%/-6%/-7.5%补) 均价止盈5% 止损离第一笔10% 拿24h,1531,60,0.67,0.87,-7.2,,1450,63,0.77,0.89,-7.2,,1388,64,0.86,0.92,-7.2,
60分钟 Delta背离 补仓F(1:1:1:1:1:1，-1.5%/-3%/-4.5%/-6%/-7.5%补) 均价止盈5% 止损离第一笔10% 拿72h,1106,66,0.77,0.88,-7.2,,1082,70,0.95,0.91,-7.2,,1065,67,0.86,0.91,-7.2,
60分钟 Delta背离 补仓F(1:1:1:1:1:1，-1.5%/-3%/-4.5%/-6%/-7.5%补) 均价止盈5% 止损离第一笔14% 拿24h,1520,61,0.69,0.86,-10.3,,1442,63,0.78,0.86,-10.3,,1373,65,0.84,0.92,-10.3,
60分钟 Delta背离 补仓F(1:1:1:1:1:1，-1.5%/-3%/-4.5%/-6%/-7.5%补) 均价止盈5% 止损离第一笔14% 拿72h,1077,68,0.74,0.88,-10.3,,1058,71,0.92,0.86,-10.3,,1026,69,0.86,0.87,-10.3,
60分钟 Delta背离 补仓F(1:1:1:1:1:1，-1.5%/-3%/-4.5%/-6%/-7.5%补) 均价止盈5% 止损离第一笔18% 拿24h,1512,61,0.65,0.83,-14.4,,1439,64,0.84,0.84,-14.4,,1365,65,0.84,0.96,-14.4,
60分钟 Delta背离 补仓F(1:1:1:1:1:1，-1.5%/-3%/-4.5%/-6%/-7.5%补) 均价止盈5% 止损离第一笔18% 拿72h,1051,68,0.71,0.75,-14.4,,1037,72,0.94,0.97,-14.4,,997,70,0.86,0.87,-14.4,
60分钟 Delta背离 补仓F(1:1:1:1:1:1，-1.5%/-3%/-4.5%/-6%/-7.5%补) 均价止盈8% 止损离第一笔10% 拿24h,1485,59,0.7,0.79,-7.2,,1378,60,0.75,0.99,-7.2,,1343,63,0.84,1.02,-7.2,
60分钟 Delta背离 补仓F(1:1:1:1:1:1，-1.5%/-3%/-4.5%/-6%/-7.5%补) 均价止盈8% 止损离第一笔10% 拿72h,985,64,0.85,0.77,-7.2,,935,65,1.1,0.96,-7.2,,920,62,0.92,0.92,-7.2,
60分钟 Delta背离 补仓F(1:1:1:1:1:1，-1.5%/-3%/-4.5%/-6%/-7.5%补) 均价止盈8% 止损离第一笔14% 拿24h,1476,60,0.72,0.81,-10.3,,1370,61,0.77,0.95,-10.3,,1328,63,0.82,0.89,-10.3,
60分钟 Delta背离 补仓F(1:1:1:1:1:1，-1.5%/-3%/-4.5%/-6%/-7.5%补) 均价止盈8% 止损离第一笔14% 拿72h,961,65,0.78,0.74,-10.3,,921,67,1.06,0.89,-10.3,,890,64,0.92,0.86,-10.3,
60分钟 Delta背离 补仓F(1:1:1:1:1:1，-1.5%/-3%/-4.5%/-6%/-7.5%补) 均价止盈8% 止损离第一笔18% 拿24h,1471,60,0.71,0.87,-14.4,,1368,61,0.85,0.97,-14.4,,1320,63,0.81,0.78,-14.4,
60分钟 Delta背离 补仓F(1:1:1:1:1:1，-1.5%/-3%/-4.5%/-6%/-7.5%补) 均价止盈8% 止损离第一笔18% 拿72h,941,66,0.78,0.78,-14.4,,906,68,1.04,0.95,-14.4,,867,65,0.89,0.91,-14.4,
60分钟 Delta背离 补仓G(1:1:2:2:4，-2%/-4%/-6%/-8%补) 均价止盈1% 止损离第一笔11% 拿24h,1834,85,0.78,0.86,-6.1,,1732,88,0.75,0.74,-6.1,,1745,91,0.92,0.93,-6.1,
60分钟 Delta背离 补仓G(1:1:2:2:4，-2%/-4%/-6%/-8%补) 均价止盈1% 止损离第一笔11% 拿72h,1726,94,0.78,0.81,-6.1,,1674,96,0.91,0.8,-6.1,,1705,96,0.93,1.02,-6.1,
60分钟 Delta背离 补仓G(1:1:2:2:4，-2%/-4%/-6%/-8%补) 均价止盈1% 止损离第一笔14% 拿24h,1828,85,0.72,0.78,-9.3,,1726,89,0.76,0.72,-9.3,,1740,92,0.98,0.94,-9.3,
60分钟 Delta背离 补仓G(1:1:2:2:4，-2%/-4%/-6%/-8%补) 均价止盈1% 止损离第一笔14% 拿72h,1713,94,0.69,0.84,-9.3,,1658,96,0.91,0.72,-9.3,,1687,97,0.91,0.85,-9.3,
60分钟 Delta背离 补仓G(1:1:2:2:4，-2%/-4%/-6%/-8%补) 均价止盈1% 止损离第一笔18% 拿24h,1824,85,0.65,0.82,-13.5,,1723,89,0.8,0.78,-13.5,,1737,92,0.85,0.83,-13.5,
60分钟 Delta背离 补仓G(1:1:2:2:4，-2%/-4%/-6%/-8%补) 均价止盈1% 止损离第一笔18% 拿72h,1695,94,0.59,0.75,-13.5,,1649,97,1.03,0.82,-13.5,,1677,97,0.85,0.97,-13.5,
60分钟 Delta背离 补仓G(1:1:2:2:4，-2%/-4%/-6%/-8%补) 均价止盈2% 止损离第一笔11% 拿24h,1688,72,0.71,0.89,-6.1,,1620,78,0.79,0.83,-6.1,,1592,79,0.86,0.95,-6.1,
60分钟 Delta背离 补仓G(1:1:2:2:4，-2%/-4%/-6%/-8%补) 均价止盈2% 止损离第一笔11% 拿72h,1467,86,0.75,0.87,-6.1,,1477,91,1.04,0.96,-6.1,,1468,90,0.92,0.96,-6.1,
60分钟 Delta背离 补仓G(1:1:2:2:4，-2%/-4%/-6%/-8%补) 均价止盈2% 止损离第一笔14% 拿24h,1679,72,0.64,0.73,-9.3,,1614,79,0.79,0.91,-9.3,,1580,79,0.83,0.95,-9.3,
60分钟 Delta背离 补仓G(1:1:2:2:4，-2%/-4%/-6%/-8%补) 均价止盈2% 止损离第一笔14% 拿72h,1446,87,0.66,0.73,-9.3,,1456,92,0.96,0.85,-9.3,,1435,91,0.84,0.91,-9.3,
60分钟 Delta背离 补仓G(1:1:2:2:4，-2%/-4%/-6%/-8%补) 均价止盈2% 止损离第一笔18% 拿24h,1673,72,0.61,0.82,-13.5,,1611,79,0.98,0.84,-13.5,,1575,80,0.79,0.9,-13.5,
60分钟 Delta背离 补仓G(1:1:2:2:4，-2%/-4%/-6%/-8%补) 均价止盈2% 止损离第一笔18% 拿72h,1427,88,0.65,0.73,-13.5,,1445,93,1.36,0.8,-13.5,,1416,91,0.76,0.8,-13.5,
60分钟 Delta背离 补仓G(1:1:2:2:4，-2%/-4%/-6%/-8%补) 均价止盈3% 止损离第一笔11% 拿24h,1612,65,0.71,0.85,-6.1,,1556,71,0.78,0.88,-6.1,,1496,72,0.86,0.99,-6.1,
60分钟 Delta背离 补仓G(1:1:2:2:4，-2%/-4%/-6%/-8%补) 均价止盈3% 止损离第一笔11% 拿72h,1299,79,0.76,0.91,-6.1,,1308,83,1.01,0.91,-6.1,,1309,82,0.88,0.91,-6.1,
60分钟 Delta背离 补仓G(1:1:2:2:4，-2%/-4%/-6%/-8%补) 均价止盈3% 止损离第一笔14% 拿24h,1603,66,0.69,0.78,-9.3,,1551,71,0.75,0.81,-9.3,,1481,73,0.85,0.99,-9.3,
60分钟 Delta背离 补仓G(1:1:2:2:4，-2%/-4%/-6%/-8%补) 均价止盈3% 止损离第一笔14% 拿72h,1278,80,0.7,0.8,-9.3,,1296,85,0.91,0.94,-9.3,,1272,84,0.86,0.95,-9.3,
60分钟 Delta背离 补仓G(1:1:2:2:4，-2%/-4%/-6%/-8%补) 均价止盈3% 止损离第一笔18% 拿24h,1596,66,0.64,0.78,-13.5,,1547,72,0.93,0.82,-13.5,,1473,73,0.81,0.93,-13.5,
60分钟 Delta背离 补仓G(1:1:2:2:4，-2%/-4%/-6%/-8%补) 均价止盈3% 止损离第一笔18% 拿72h,1254,81,0.66,0.74,-13.5,,1280,86,1.11,0.87,-13.5,,1245,85,0.8,0.85,-13.5,
60分钟 Delta背离 补仓G(1:1:2:2:4，-2%/-4%/-6%/-8%补) 均价止盈5% 止损离第一笔11% 拿24h,1530,61,0.67,0.79,-6.1,,1442,64,0.72,0.92,-6.1,,1391,67,0.88,0.85,-6.1,
60分钟 Delta背离 补仓G(1:1:2:2:4，-2%/-4%/-6%/-8%补) 均价止盈5% 止损离第一笔11% 拿72h,1099,69,0.74,0.76,-6.1,,1071,72,0.93,0.89,-6.1,,1072,71,0.88,0.9,-6.1,
60分钟 Delta背离 补仓G(1:1:2:2:4，-2%/-4%/-6%/-8%补) 均价止盈5% 止损离第一笔14% 拿24h,1520,61,0.71,0.84,-9.3,,1438,64,0.7,0.8,-9.3,,1375,67,0.86,0.86,-9.3,
60分钟 Delta背离 补仓G(1:1:2:2:4，-2%/-4%/-6%/-8%补) 均价止盈5% 止损离第一笔14% 拿72h,1077,70,0.72,0.79,-9.3,,1052,75,0.9,0.95,-9.3,,1033,73,0.88,0.93,-9.3,
60分钟 Delta背离 补仓G(1:1:2:2:4，-2%/-4%/-6%/-8%补) 均价止盈5% 止损离第一笔18% 拿24h,1515,61,0.66,0.75,-13.5,,1435,65,0.88,0.88,-13.5,,1369,68,0.85,0.87,-13.5,
60分钟 Delta背离 补仓G(1:1:2:2:4，-2%/-4%/-6%/-8%补) 均价止盈5% 止损离第一笔18% 拿72h,1056,71,0.69,0.74,-13.5,,1035,76,1.02,0.83,-13.5,,1008,74,0.87,0.88,-13.5,
60分钟 Delta背离 补仓G(1:1:2:2:4，-2%/-4%/-6%/-8%补) 均价止盈8% 止损离第一笔11% 拿24h,1485,59,0.71,0.83,-6.1,,1374,61,0.71,0.92,-6.1,,1342,64,0.82,0.97,-6.1,
60分钟 Delta背离 补仓G(1:1:2:2:4，-2%/-4%/-6%/-8%补) 均价止盈8% 止损离第一笔11% 拿72h,980,66,0.82,0.86,-6.1,,935,69,1.05,0.92,-6.1,,921,64,0.93,0.89,-6.1,
60分钟 Delta背离 补仓G(1:1:2:2:4，-2%/-4%/-6%/-8%补) 均价止盈8% 止损离第一笔14% 拿24h,1475,60,0.74,0.81,-9.3,,1370,62,0.7,0.8,-9.3,,1326,65,0.83,0.92,-9.3,
60分钟 Delta背离 补仓G(1:1:2:2:4，-2%/-4%/-6%/-8%补) 均价止盈8% 止损离第一笔14% 拿72h,956,67,0.73,0.77,-9.3,,921,70,0.98,0.87,-9.3,,893,67,0.92,0.91,-9.3,
60分钟 Delta背离 补仓G(1:1:2:2:4，-2%/-4%/-6%/-8%补) 均价止盈8% 止损离第一笔18% 拿24h,1472,60,0.71,0.8,-13.5,,1368,62,0.93,0.95,-13.5,,1321,65,0.83,0.84,-13.5,
60分钟 Delta背离 补仓G(1:1:2:2:4，-2%/-4%/-6%/-8%补) 均价止盈8% 止损离第一笔18% 拿72h,941,69,0.74,0.74,-13.5,,908,71,1.06,0.99,-13.5,,871,68,0.93,0.98,-13.5,
60分钟 Delta背离 补仓H(1:1:1:1:1:1:1:1，-1%/-2%/-3%/-4%/-5%/-6%/-7%补) 均价止盈1% 止损离第一笔10% 拿24h,1851,85,0.67,0.83,-6.9,,1760,89,0.7,0.79,-6.9,,1773,92,0.97,0.91,-6.9,
60分钟 Delta背离 补仓H(1:1:1:1:1:1:1:1，-1%/-2%/-3%/-4%/-5%/-6%/-7%补) 均价止盈1% 止损离第一笔10% 拿72h,1747,93,0.79,0.76,-6.9,,1703,95,0.91,0.87,-6.9,,1741,95,0.94,1.06,-6.9,
60分钟 Delta背离 补仓H(1:1:1:1:1:1:1:1，-1%/-2%/-3%/-4%/-5%/-6%/-7%补) 均价止盈1% 止损离第一笔13% 拿24h,1842,85,0.62,0.77,-10.0,,1750,89,0.7,0.79,-10.0,,1763,92,0.93,0.95,-10.0,
60分钟 Delta背离 补仓H(1:1:1:1:1:1:1:1，-1%/-2%/-3%/-4%/-5%/-6%/-7%补) 均价止盈1% 止损离第一笔13% 拿72h,1729,93,0.7,0.71,-10.0,,1674,95,0.9,0.74,-10.0,,1718,96,0.86,0.85,-10.0,
60分钟 Delta背离 补仓H(1:1:1:1:1:1:1:1，-1%/-2%/-3%/-4%/-5%/-6%/-7%补) 均价止盈1% 止损离第一笔17% 拿24h,1835,85,0.57,0.8,-14.1,,1745,89,0.73,0.74,-14.1,,1757,92,0.84,0.8,-14.1,
60分钟 Delta背离 补仓H(1:1:1:1:1:1:1:1，-1%/-2%/-3%/-4%/-5%/-6%/-7%补) 均价止盈1% 止损离第一笔17% 拿72h,1708,93,0.61,0.68,-14.1,,1654,96,1.06,0.74,-14.1,,1700,96,0.79,0.94,-14.1,
60分钟 Delta背离 补仓H(1:1:1:1:1:1:1:1，-1%/-2%/-3%/-4%/-5%/-6%/-7%补) 均价止盈2% 止损离第一笔10% 拿24h,1701,74,0.72,0.87,-6.9,,1640,79,0.82,0.84,-6.9,,1609,81,0.96,0.91,-6.9,
60分钟 Delta背离 补仓H(1:1:1:1:1:1:1:1，-1%/-2%/-3%/-4%/-5%/-6%/-7%补) 均价止盈2% 止损离第一笔10% 拿72h,1493,86,0.81,0.9,-6.9,,1515,89,1.05,0.84,-6.9,,1495,89,1.01,0.96,-6.9,
60分钟 Delta背离 补仓H(1:1:1:1:1:1:1:1，-1%/-2%/-3%/-4%/-5%/-6%/-7%补) 均价止盈2% 止损离第一笔13% 拿24h,1689,74,0.7,0.85,-10.0,,1630,79,0.82,0.77,-10.0,,1594,81,0.94,0.95,-10.0,
60分钟 Delta背离 补仓H(1:1:1:1:1:1:1:1，-1%/-2%/-3%/-4%/-5%/-6%/-7%补) 均价止盈2% 止损离第一笔13% 拿72h,1463,87,0.78,0.83,-10.0,,1482,90,1.01,0.98,-10.0,,1457,90,0.99,0.86,-10.0,
60分钟 Delta背离 补仓H(1:1:1:1:1:1:1:1，-1%/-2%/-3%/-4%/-5%/-6%/-7%补) 均价止盈2% 止损离第一笔17% 拿24h,1681,74,0.66,0.75,-14.1,,1625,79,0.86,0.86,-14.1,,1587,81,0.88,0.86,-14.1,
60分钟 Delta背离 补仓H(1:1:1:1:1:1:1:1，-1%/-2%/-3%/-4%/-5%/-6%/-7%补) 均价止盈2% 止损离第一笔17% 拿72h,1445,87,0.72,0.79,-14.1,,1460,91,1.21,0.87,-14.1,,1432,91,0.9,0.81,-14.1,
60分钟 Delta背离 补仓H(1:1:1:1:1:1:1:1，-1%/-2%/-3%/-4%/-5%/-6%/-7%补) 均价止盈3% 止损离第一笔10% 拿24h,1620,67,0.66,0.88,-6.9,,1567,72,0.85,0.87,-6.9,,1508,73,0.9,0.93,-6.9,
60分钟 Delta背离 补仓H(1:1:1:1:1:1:1:1，-1%/-2%/-3%/-4%/-5%/-6%/-7%补) 均价止盈3% 止损离第一笔10% 拿72h,1318,78,0.78,0.93,-6.9,,1322,82,1.07,0.98,-6.9,,1326,81,0.93,0.87,-6.9,
60分钟 Delta背离 补仓H(1:1:1:1:1:1:1:1，-1%/-2%/-3%/-4%/-5%/-6%/-7%补) 均价止盈3% 止损离第一笔13% 拿24h,1606,67,0.67,0.85,-10.0,,1559,72,0.84,0.83,-10.0,,1492,73,0.82,0.88,-10.0,
60分钟 Delta背离 补仓H(1:1:1:1:1:1:1:1，-1%/-2%/-3%/-4%/-5%/-6%/-7%补) 均价止盈3% 止损离第一笔13% 拿72h,1283,79,0.74,0.8,-10.0,,1299,84,1.05,0.84,-10.0,,1279,82,0.87,0.88,-10.0,
60分钟 Delta背离 补仓H(1:1:1:1:1:1:1:1，-1%/-2%/-3%/-4%/-5%/-6%/-7%补) 均价止盈3% 止损离第一笔17% 拿24h,1596,67,0.63,0.77,-14.1,,1555,73,0.88,0.95,-14.1,,1484,73,0.78,0.9,-14.1,
60分钟 Delta背离 补仓H(1:1:1:1:1:1:1:1，-1%/-2%/-3%/-4%/-5%/-6%/-7%补) 均价止盈3% 止损离第一笔17% 拿72h,1256,80,0.71,0.76,-14.1,,1283,85,1.12,0.87,-14.1,,1248,82,0.8,0.88,-14.1,
60分钟 Delta背离 补仓H(1:1:1:1:1:1:1:1，-1%/-2%/-3%/-4%/-5%/-6%/-7%补) 均价止盈5% 止损离第一笔10% 拿24h,1538,63,0.67,0.78,-6.9,,1450,64,0.77,0.89,-6.9,,1397,66,0.84,0.87,-6.9,
60分钟 Delta背离 补仓H(1:1:1:1:1:1:1:1，-1%/-2%/-3%/-4%/-5%/-6%/-7%补) 均价止盈5% 止损离第一笔10% 拿72h,1121,68,0.78,0.91,-6.9,,1097,70,1.0,0.88,-6.9,,1080,68,0.86,0.92,-6.9,
60分钟 Delta背离 补仓H(1:1:1:1:1:1:1:1，-1%/-2%/-3%/-4%/-5%/-6%/-7%补) 均价止盈5% 止损离第一笔13% 拿24h,1525,63,0.67,0.74,-10.0,,1443,65,0.77,0.98,-10.0,,1378,67,0.81,0.82,-10.0,
60分钟 Delta背离 补仓H(1:1:1:1:1:1:1:1，-1%/-2%/-3%/-4%/-5%/-6%/-7%补) 均价止盈5% 止损离第一笔13% 拿72h,1085,69,0.71,0.85,-10.0,,1066,72,0.94,0.88,-10.0,,1035,70,0.84,0.93,-10.0,
60分钟 Delta背离 补仓H(1:1:1:1:1:1:1:1，-1%/-2%/-3%/-4%/-5%/-6%/-7%补) 均价止盈5% 止损离第一笔17% 拿24h,1515,63,0.65,0.89,-14.1,,1439,65,0.82,1.03,-14.1,,1371,67,0.8,0.89,-14.1,
60分钟 Delta背离 补仓H(1:1:1:1:1:1:1:1，-1%/-2%/-3%/-4%/-5%/-6%/-7%补) 均价止盈5% 止损离第一笔17% 拿72h,1062,70,0.7,0.79,-14.1,,1043,73,0.97,0.89,-14.1,,1001,71,0.82,0.91,-14.1,
60分钟 Delta背离 补仓H(1:1:1:1:1:1:1:1，-1%/-2%/-3%/-4%/-5%/-6%/-7%补) 均价止盈8% 止损离第一笔10% 拿24h,1490,62,0.69,0.95,-6.9,,1379,62,0.75,0.92,-6.9,,1346,65,0.84,0.89,-6.9,
60分钟 Delta背离 补仓H(1:1:1:1:1:1:1:1，-1%/-2%/-3%/-4%/-5%/-6%/-7%补) 均价止盈8% 止损离第一笔10% 拿72h,994,65,0.83,0.85,-6.9,,944,65,1.11,0.94,-6.9,,933,62,0.92,0.99,-6.9,
60分钟 Delta背离 补仓H(1:1:1:1:1:1:1:1，-1%/-2%/-3%/-4%/-5%/-6%/-7%补) 均价止盈8% 止损离第一笔13% 拿24h,1478,62,0.69,0.91,-10.0,,1372,63,0.77,1.0,-10.0,,1330,65,0.79,0.9,-10.0,
60分钟 Delta背离 补仓H(1:1:1:1:1:1:1:1，-1%/-2%/-3%/-4%/-5%/-6%/-7%补) 均价止盈8% 止损离第一笔13% 拿72h,964,66,0.74,0.87,-10.0,,924,67,1.07,0.96,-10.0,,900,65,0.9,0.89,-10.0,
60分钟 Delta背离 补仓H(1:1:1:1:1:1:1:1，-1%/-2%/-3%/-4%/-5%/-6%/-7%补) 均价止盈8% 止损离第一笔17% 拿24h,1471,62,0.69,0.78,-14.1,,1369,63,0.83,0.84,-14.1,,1321,66,0.79,0.8,-14.1,
60分钟 Delta背离 补仓H(1:1:1:1:1:1:1:1，-1%/-2%/-3%/-4%/-5%/-6%/-7%补) 均价止盈8% 止损离第一笔17% 拿72h,943,68,0.75,0.75,-14.1,,909,68,1.04,0.98,-14.1,,876,66,0.86,0.86,-14.1,
60分钟 Delta背离 补仓I(1:1:1:2:2:3，-2%/-4%/-6%/-9%/-12%补) 均价止盈1% 止损离第一笔15% 拿24h,1814,83,0.62,0.76,-8.6,,1721,87,0.81,0.74,-8.6,,1732,91,0.87,0.81,-8.6,
60分钟 Delta背离 补仓I(1:1:1:2:2:3，-2%/-4%/-6%/-9%/-12%补) 均价止盈1% 止损离第一笔15% 拿72h,1681,93,0.62,0.76,-8.6,,1646,96,0.94,0.87,-8.6,,1671,96,0.84,0.77,-8.6,
60分钟 Delta背离 补仓I(1:1:1:2:2:3，-2%/-4%/-6%/-9%/-12%补) 均价止盈1% 止损离第一笔18% 拿24h,1812,83,0.56,0.76,-11.8,,1720,87,0.82,0.72,-11.8,,1730,91,0.78,0.88,-11.8,
60分钟 Delta背离 补仓I(1:1:1:2:2:3，-2%/-4%/-6%/-9%/-12%补) 均价止盈1% 止损离第一笔18% 拿72h,1675,94,0.56,0.7,-11.8,,1641,96,1.05,0.76,-11.8,,1663,96,0.8,0.88,-11.8,
60分钟 Delta背离 补仓I(1:1:1:2:2:3，-2%/-4%/-6%/-9%/-12%补) 均价止盈1% 止损离第一笔22% 拿24h,1811,83,0.56,0.75,-14.0,,1720,87,0.92,0.77,-9.6,,1728,91,0.76,1.02,-16.1,
60分钟 Delta背离 补仓I(1:1:1:2:2:3，-2%/-4%/-6%/-9%/-12%补) 均价止盈1% 止损离第一笔22% 拿72h,1661,94,0.53,0.57,-14.0,,1639,96,1.28,0.79,-16.1,,1654,97,0.8,0.88,-16.1,
60分钟 Delta背离 补仓I(1:1:1:2:2:3，-2%/-4%/-6%/-9%/-12%补) 均价止盈2% 止损离第一笔15% 拿24h,1671,71,0.63,0.83,-8.6,,1612,78,0.87,0.84,-8.6,,1574,78,0.83,0.88,-8.6,
60分钟 Delta背离 补仓I(1:1:1:2:2:3，-2%/-4%/-6%/-9%/-12%补) 均价止盈2% 止损离第一笔15% 拿72h,1422,86,0.67,0.77,-8.6,,1444,91,0.95,0.92,-8.6,,1416,90,0.86,0.89,-8.6,
60分钟 Delta背离 补仓I(1:1:1:2:2:3，-2%/-4%/-6%/-9%/-12%补) 均价止盈2% 止损离第一笔18% 拿24h,1669,71,0.6,0.79,-11.8,,1611,78,1.01,0.79,-11.8,,1572,79,0.82,1.0,-11.8,
60分钟 Delta背离 补仓I(1:1:1:2:2:3，-2%/-4%/-6%/-9%/-12%补) 均价止盈2% 止损离第一笔18% 拿72h,1414,87,0.66,0.67,-11.8,,1438,92,1.26,0.95,-11.8,,1404,91,0.82,0.81,-11.8,
60分钟 Delta背离 补仓I(1:1:1:2:2:3，-2%/-4%/-6%/-9%/-12%补) 均价止盈2% 止损离第一笔22% 拿24h,1666,71,0.64,0.98,-14.0,,1611,78,1.04,0.76,-14.0,,1569,79,0.83,0.96,-16.1,
60分钟 Delta背离 补仓I(1:1:1:2:2:3，-2%/-4%/-6%/-9%/-12%补) 均价止盈2% 止损离第一笔22% 拿72h,1398,87,0.65,0.7,-14.0,,1434,92,1.27,0.88,-16.1,,1392,91,0.8,0.83,-16.1,
60分钟 Delta背离 补仓I(1:1:1:2:2:3，-2%/-4%/-6%/-9%/-12%补) 均价止盈3% 止损离第一笔15% 拿24h,1595,64,0.69,0.83,-8.6,,1547,70,0.86,0.76,-8.6,,1474,71,0.81,0.95,-8.6,
60分钟 Delta背离 补仓I(1:1:1:2:2:3，-2%/-4%/-6%/-9%/-12%补) 均价止盈3% 止损离第一笔15% 拿72h,1251,79,0.71,0.74,-8.6,,1285,84,0.96,0.94,-8.6,,1253,82,0.81,0.94,-8.6,
60分钟 Delta背离 补仓I(1:1:1:2:2:3，-2%/-4%/-6%/-9%/-12%补) 均价止盈3% 止损离第一笔18% 拿24h,1593,64,0.63,0.75,-11.8,,1545,71,1.01,0.79,-11.8,,1469,71,0.78,0.84,-11.8,
60分钟 Delta背离 补仓I(1:1:1:2:2:3，-2%/-4%/-6%/-9%/-12%补) 均价止盈3% 止损离第一笔18% 拿72h,1239,80,0.69,0.77,-11.8,,1273,85,1.17,0.82,-11.8,,1234,83,0.77,0.84,-11.8,
60分钟 Delta背离 补仓I(1:1:1:2:2:3，-2%/-4%/-6%/-9%/-12%补) 均价止盈3% 止损离第一笔22% 拿24h,1590,64,0.68,0.75,-14.0,,1545,71,1.01,0.79,-14.0,,1467,72,0.79,0.8,-16.1,
60分钟 Delta背离 补仓I(1:1:1:2:2:3，-2%/-4%/-6%/-9%/-12%补) 均价止盈3% 止损离第一笔22% 拿72h,1222,80,0.64,0.72,-14.0,,1271,86,1.14,0.9,-16.1,,1219,83,0.76,0.76,-16.1,
60分钟 Delta背离 补仓I(1:1:1:2:2:3，-2%/-4%/-6%/-9%/-12%补) 均价止盈5% 止损离第一笔15% 拿24h,1516,60,0.72,0.93,-8.6,,1436,63,0.79,0.92,-8.6,,1367,66,0.82,0.93,-8.6,
60分钟 Delta背离 补仓I(1:1:1:2:2:3，-2%/-4%/-6%/-9%/-12%补) 均价止盈5% 止损离第一笔15% 拿72h,1061,70,0.77,0.82,-8.6,,1047,74,0.89,0.92,-8.6,,1013,70,0.82,0.84,-8.6,
60分钟 Delta背离 补仓I(1:1:1:2:2:3，-2%/-4%/-6%/-9%/-12%补) 均价止盈5% 止损离第一笔18% 拿24h,1514,60,0.68,0.82,-11.8,,1434,63,0.95,0.9,-11.8,,1364,66,0.82,0.95,-11.8,
60分钟 Delta背离 补仓I(1:1:1:2:2:3，-2%/-4%/-6%/-9%/-12%补) 均价止盈5% 止损离第一笔18% 拿72h,1051,70,0.73,0.73,-11.8,,1033,75,1.01,0.82,-11.8,,997,72,0.86,0.88,-11.8,
60分钟 Delta背离 补仓I(1:1:1:2:2:3，-2%/-4%/-6%/-9%/-12%补) 均价止盈5% 止损离第一笔22% 拿24h,1511,60,0.74,0.73,-15.6,,1434,63,0.93,0.82,-14.0,,1362,66,0.79,0.86,-16.1,
60分钟 Delta背离 补仓I(1:1:1:2:2:3，-2%/-4%/-6%/-9%/-12%补) 均价止盈5% 止损离第一笔22% 拿72h,1040,71,0.72,0.65,-16.1,,1029,75,1.02,0.95,-16.1,,986,72,0.83,0.87,-16.1,
60分钟 Delta背离 补仓I(1:1:1:2:2:3，-2%/-4%/-6%/-9%/-12%补) 均价止盈8% 止损离第一笔15% 拿24h,1473,59,0.77,0.79,-8.6,,1369,60,0.8,1.0,-8.6,,1324,64,0.8,0.83,-8.6,
60分钟 Delta背离 补仓I(1:1:1:2:2:3，-2%/-4%/-6%/-9%/-12%补) 均价止盈8% 止损离第一笔15% 拿72h,949,67,0.81,0.72,-8.6,,910,69,0.95,0.98,-8.6,,883,65,0.9,0.94,-8.6,
60分钟 Delta背离 补仓I(1:1:1:2:2:3，-2%/-4%/-6%/-9%/-12%补) 均价止盈8% 止损离第一笔18% 拿24h,1472,59,0.74,0.87,-11.8,,1368,61,1.01,0.93,-11.8,,1321,64,0.8,0.93,-11.8,
60分钟 Delta背离 补仓I(1:1:1:2:2:3，-2%/-4%/-6%/-9%/-12%补) 均价止盈8% 止损离第一笔18% 拿72h,940,68,0.77,0.71,-11.8,,901,70,1.03,0.85,-11.8,,869,67,0.94,0.93,-11.8,
60分钟 Delta背离 补仓I(1:1:1:2:2:3，-2%/-4%/-6%/-9%/-12%补) 均价止盈8% 止损离第一笔22% 拿24h,1469,59,0.81,0.77,-15.6,,1368,61,1.0,0.89,-14.0,,1319,64,0.77,0.84,-16.1,
60分钟 Delta背离 补仓I(1:1:1:2:2:3，-2%/-4%/-6%/-9%/-12%补) 均价止盈8% 止损离第一笔22% 拿72h,929,68,0.72,0.76,-16.1,,898,70,1.05,0.98,-16.1,,860,67,0.95,0.88,-16.1,
60分钟 持仓背离 补仓E(1:1:1:1:1，-2%/-4%/-6%/-8%补) 均价止盈1% 止损离第一笔11% 拿24h,1154,81,0.73,0.88,-7.5,,1112,87,0.77,0.81,-7.5,,1047,88,0.92,0.88,-7.5,
60分钟 持仓背离 补仓E(1:1:1:1:1，-2%/-4%/-6%/-8%补) 均价止盈1% 止损离第一笔11% 拿72h,1087,92,0.86,0.86,-7.5,,1086,94,0.99,0.68,-7.5,,1021,95,0.93,0.97,-7.5,
60分钟 持仓背离 补仓E(1:1:1:1:1，-2%/-4%/-6%/-8%补) 均价止盈1% 止损离第一笔14% 拿24h,1153,81,0.72,0.81,-10.6,,1109,87,0.78,0.99,-10.6,,1044,89,0.88,0.99,-10.6,
60分钟 持仓背离 补仓E(1:1:1:1:1，-2%/-4%/-6%/-8%补) 均价止盈1% 止损离第一笔14% 拿72h,1081,92,0.82,0.76,-10.6,,1076,95,1.0,0.83,-10.6,,1014,95,0.84,1.02,-10.6,
60分钟 持仓背离 补仓E(1:1:1:1:1，-2%/-4%/-6%/-8%补) 均价止盈1% 止损离第一笔18% 拿24h,1153,81,0.67,0.74,-14.7,,1109,87,0.89,0.82,-14.7,,1044,89,0.79,0.86,-14.7,
60分钟 持仓背离 补仓E(1:1:1:1:1，-2%/-4%/-6%/-8%补) 均价止盈1% 止损离第一笔18% 拿72h,1079,93,0.77,0.81,-14.7,,1070,95,1.21,0.83,-14.7,,1012,95,0.74,0.92,-14.7,
60分钟 持仓背离 补仓E(1:1:1:1:1，-2%/-4%/-6%/-8%补) 均价止盈2% 止损离第一笔11% 拿24h,1088,69,0.77,0.83,-7.5,,1062,76,0.92,0.87,-7.5,,988,77,0.99,0.94,-7.5,
60分钟 持仓背离 补仓E(1:1:1:1:1，-2%/-4%/-6%/-8%补) 均价止盈2% 止损离第一笔11% 拿72h,957,84,0.89,0.9,-7.5,,984,88,1.13,0.9,-7.5,,926,88,1.07,0.94,-7.5,
60分钟 持仓背离 补仓E(1:1:1:1:1，-2%/-4%/-6%/-8%补) 均价止盈2% 止损离第一笔14% 拿24h,1085,69,0.76,0.84,-10.6,,1059,77,0.91,0.85,-10.6,,985,77,0.93,0.99,-10.6,
60分钟 持仓背离 补仓E(1:1:1:1:1，-2%/-4%/-6%/-8%补) 均价止盈2% 止损离第一笔14% 拿72h,948,85,0.89,0.87,-10.6,,970,89,1.1,1.02,-10.6,,917,89,1.0,0.92,-10.6,
60分钟 持仓背离 补仓E(1:1:1:1:1，-2%/-4%/-6%/-8%补) 均价止盈2% 止损离第一笔18% 拿24h,1084,69,0.74,0.8,-14.7,,1058,77,1.05,0.86,-14.7,,985,77,0.89,0.87,-14.7,
60分钟 持仓背离 补仓E(1:1:1:1:1，-2%/-4%/-6%/-8%补) 均价止盈2% 止损离第一笔18% 拿72h,942,85,0.85,0.77,-14.7,,963,90,1.27,0.83,-14.7,,912,89,0.99,0.96,-14.7,
60分钟 持仓背离 补仓E(1:1:1:1:1，-2%/-4%/-6%/-8%补) 均价止盈3% 止损离第一笔11% 拿24h,1055,63,0.75,0.8,-7.5,,1040,69,0.91,0.87,-7.5,,953,71,1.04,0.99,-7.5,
60分钟 持仓背离 补仓E(1:1:1:1:1，-2%/-4%/-6%/-8%补) 均价止盈3% 止损离第一笔11% 拿72h,880,75,0.79,0.94,-7.5,,910,81,1.14,0.91,-7.5,,854,79,1.07,0.94,-7.5,
60分钟 持仓背离 补仓E(1:1:1:1:1，-2%/-4%/-6%/-8%补) 均价止盈3% 止损离第一笔14% 拿24h,1053,63,0.73,0.87,-10.6,,1037,69,0.91,0.9,-10.6,,950,71,1.03,0.86,-10.6,
60分钟 持仓背离 补仓E(1:1:1:1:1，-2%/-4%/-6%/-8%补) 均价止盈3% 止损离第一笔14% 拿72h,870,76,0.79,0.83,-10.6,,898,82,1.12,0.84,-10.6,,843,80,1.02,0.85,-10.6,
60分钟 持仓背离 补仓E(1:1:1:1:1，-2%/-4%/-6%/-8%补) 均价止盈3% 止损离第一笔18% 拿24h,1052,63,0.7,0.75,-14.7,,1036,69,1.04,0.87,-14.7,,950,71,0.97,1.0,-14.7,
60分钟 持仓背离 补仓E(1:1:1:1:1，-2%/-4%/-6%/-8%补) 均价止盈3% 止损离第一笔18% 拿72h,858,77,0.75,0.76,-14.7,,888,83,1.19,0.91,-14.7,,839,81,1.0,0.82,-14.7,
60分钟 持仓背离 补仓E(1:1:1:1:1，-2%/-4%/-6%/-8%补) 均价止盈5% 止损离第一笔11% 拿24h,1025,59,0.77,0.85,-7.5,,989,62,0.92,0.88,-7.5,,916,64,0.96,0.9,-7.5,
60分钟 持仓背离 补仓E(1:1:1:1:1，-2%/-4%/-6%/-8%补) 均价止盈5% 止损离第一笔11% 拿72h,792,65,0.77,0.76,-7.5,,785,70,1.05,0.84,-7.5,,742,68,1.03,0.96,-7.5,
60分钟 持仓背离 补仓E(1:1:1:1:1，-2%/-4%/-6%/-8%补) 均价止盈5% 止损离第一笔14% 拿24h,1023,59,0.76,0.77,-10.6,,987,62,0.92,0.87,-10.6,,911,64,0.94,0.92,-10.6,
60分钟 持仓背离 补仓E(1:1:1:1:1，-2%/-4%/-6%/-8%补) 均价止盈5% 止损离第一笔14% 拿72h,782,67,0.78,0.86,-10.6,,774,72,1.03,0.95,-10.6,,730,69,1.0,0.88,-10.6,
60分钟 持仓背离 补仓E(1:1:1:1:1，-2%/-4%/-6%/-8%补) 均价止盈5% 止损离第一笔18% 拿24h,1022,59,0.72,0.82,-14.7,,986,63,1.04,0.86,-14.7,,911,65,0.9,0.89,-14.7,
60分钟 持仓背离 补仓E(1:1:1:1:1，-2%/-4%/-6%/-8%补) 均价止盈5% 止损离第一笔18% 拿72h,771,67,0.74,0.83,-14.7,,764,73,1.1,0.92,-14.7,,725,70,1.01,0.94,-14.7,
60分钟 持仓背离 补仓E(1:1:1:1:1，-2%/-4%/-6%/-8%补) 均价止盈8% 止损离第一笔11% 拿24h,1007,58,0.8,0.74,-7.5,,961,60,0.93,0.97,-7.5,,899,62,0.91,0.94,-7.5,
60分钟 持仓背离 补仓E(1:1:1:1:1，-2%/-4%/-6%/-8%补) 均价止盈8% 止损离第一笔11% 拿72h,724,63,0.86,0.85,-7.5,,701,66,1.11,0.89,-7.5,,660,61,1.01,0.94,-7.5,
60分钟 持仓背离 补仓E(1:1:1:1:1，-2%/-4%/-6%/-8%补) 均价止盈8% 止损离第一笔14% 拿24h,1005,58,0.82,0.83,-10.6,,959,60,0.94,0.88,-10.6,,894,62,0.88,1.12,-10.6,
60分钟 持仓背离 补仓E(1:1:1:1:1，-2%/-4%/-6%/-8%补) 均价止盈8% 止损离第一笔14% 拿72h,717,64,0.82,0.79,-10.6,,693,67,1.06,0.92,-10.6,,650,63,1.01,0.92,-10.6,
60分钟 持仓背离 补仓E(1:1:1:1:1，-2%/-4%/-6%/-8%补) 均价止盈8% 止损离第一笔18% 拿24h,1004,58,0.8,0.81,-14.7,,958,61,1.07,0.92,-14.7,,893,62,0.84,0.92,-14.7,
60分钟 持仓背离 补仓E(1:1:1:1:1，-2%/-4%/-6%/-8%补) 均价止盈8% 止损离第一笔18% 拿72h,708,65,0.81,0.88,-14.7,,685,67,1.12,0.92,-14.7,,643,64,1.09,0.99,-14.7,
60分钟 持仓背离 补仓F(1:1:1:1:1:1，-1.5%/-3%/-4.5%/-6%/-7.5%补) 均价止盈1% 止损离第一笔10% 拿24h,1155,83,0.72,0.85,-7.2,,1115,88,0.74,0.81,-7.2,,1058,90,0.99,0.92,-7.2,
60分钟 持仓背离 补仓F(1:1:1:1:1:1，-1.5%/-3%/-4.5%/-6%/-7.5%补) 均价止盈1% 止损离第一笔10% 拿72h,1094,93,0.88,0.83,-7.2,,1086,94,0.97,0.81,-7.2,,1037,95,0.94,0.92,-7.2,
60分钟 持仓背离 补仓F(1:1:1:1:1:1，-1.5%/-3%/-4.5%/-6%/-7.5%补) 均价止盈1% 止损离第一笔14% 拿24h,1151,83,0.68,0.66,-10.3,,1112,88,0.74,0.86,-10.3,,1055,90,0.93,0.82,-10.3,
60分钟 持仓背离 补仓F(1:1:1:1:1:1，-1.5%/-3%/-4.5%/-6%/-7.5%补) 均价止盈1% 止损离第一笔14% 拿72h,1089,93,0.76,0.78,-10.3,,1077,95,0.99,0.85,-10.3,,1029,95,0.83,0.91,-10.3,
60分钟 持仓背离 补仓F(1:1:1:1:1:1，-1.5%/-3%/-4.5%/-6%/-7.5%补) 均价止盈1% 止损离第一笔18% 拿24h,1151,83,0.63,0.78,-14.4,,1112,88,0.81,0.73,-14.4,,1055,90,0.83,0.9,-14.4,
60分钟 持仓背离 补仓F(1:1:1:1:1:1，-1.5%/-3%/-4.5%/-6%/-7.5%补) 均价止盈1% 止损离第一笔18% 拿72h,1083,93,0.72,0.74,-14.4,,1073,95,0.98,0.92,-14.4,,1026,95,0.72,0.84,-14.4,
60分钟 持仓背离 补仓F(1:1:1:1:1:1，-1.5%/-3%/-4.5%/-6%/-7.5%补) 均价止盈2% 止损离第一笔10% 拿24h,1097,71,0.87,0.97,-7.2,,1063,77,0.87,0.83,-7.2,,992,79,1.02,0.94,-7.2,
60分钟 持仓背离 补仓F(1:1:1:1:1:1，-1.5%/-3%/-4.5%/-6%/-7.5%补) 均价止盈2% 止损离第一笔10% 拿72h,977,85,1.0,0.83,-7.2,,990,88,1.13,0.89,-7.2,,937,88,1.07,0.9,-7.2,
60分钟 持仓背离 补仓F(1:1:1:1:1:1，-1.5%/-3%/-4.5%/-6%/-7.5%补) 均价止盈2% 止损离第一笔14% 拿24h,1092,71,0.8,0.85,-10.3,,1060,77,0.87,0.89,-10.3,,989,79,0.94,1.04,-10.3,
60分钟 持仓背离 补仓F(1:1:1:1:1:1，-1.5%/-3%/-4.5%/-6%/-7.5%补) 均价止盈2% 止损离第一笔14% 拿72h,968,86,0.94,0.89,-10.3,,978,89,1.11,0.86,-10.3,,928,89,1.03,0.99,-10.3,
60分钟 持仓背离 补仓F(1:1:1:1:1:1，-1.5%/-3%/-4.5%/-6%/-7.5%补) 均价止盈2% 止损离第一笔18% 拿24h,1092,71,0.76,0.84,-14.4,,1059,78,0.96,0.75,-14.4,,989,79,0.9,0.87,-14.4,
60分钟 持仓背离 补仓F(1:1:1:1:1:1，-1.5%/-3%/-4.5%/-6%/-7.5%补) 均价止盈2% 止损离第一笔18% 拿72h,960,86,0.87,0.99,-14.4,,971,89,1.17,0.98,-14.4,,923,89,0.97,0.98,-14.4,
60分钟 持仓背离 补仓F(1:1:1:1:1:1，-1.5%/-3%/-4.5%/-6%/-7.5%补) 均价止盈3% 止损离第一笔10% 拿24h,1060,64,0.77,0.85,-7.2,,1038,71,0.87,0.86,-7.2,,954,72,1.09,0.96,-7.2,
60分钟 持仓背离 补仓F(1:1:1:1:1:1，-1.5%/-3%/-4.5%/-6%/-7.5%补) 均价止盈3% 止损离第一笔10% 拿72h,897,77,0.85,0.91,-7.2,,916,81,1.09,0.88,-7.2,,862,80,1.08,0.88,-7.2,
60分钟 持仓背离 补仓F(1:1:1:1:1:1，-1.5%/-3%/-4.5%/-6%/-7.5%补) 均价止盈3% 止损离第一笔14% 拿24h,1054,64,0.74,0.81,-10.3,,1036,72,0.9,0.98,-10.3,,950,72,1.05,0.98,-10.3,
60分钟 持仓背离 补仓F(1:1:1:1:1:1，-1.5%/-3%/-4.5%/-6%/-7.5%补) 均价止盈3% 止损离第一笔14% 拿72h,881,78,0.81,0.82,-10.3,,906,83,1.12,0.9,-10.3,,848,81,1.09,0.93,-10.3,
60分钟 持仓背离 补仓F(1:1:1:1:1:1，-1.5%/-3%/-4.5%/-6%/-7.5%补) 均价止盈3% 止损离第一笔18% 拿24h,1054,64,0.7,0.83,-14.4,,1035,72,0.98,0.94,-14.4,,950,72,0.98,0.94,-14.4,
60分钟 持仓背离 补仓F(1:1:1:1:1:1，-1.5%/-3%/-4.5%/-6%/-7.5%补) 均价止盈3% 止损离第一笔18% 拿72h,871,78,0.77,0.8,-14.4,,896,83,1.09,1.01,-14.4,,844,82,1.06,1.01,-14.4,
60分钟 持仓背离 补仓F(1:1:1:1:1:1，-1.5%/-3%/-4.5%/-6%/-7.5%补) 均价止盈5% 止损离第一笔10% 拿24h,1032,61,0.81,0.8,-7.2,,992,64,0.87,0.91,-7.2,,915,65,0.98,0.93,-7.2,
60分钟 持仓背离 补仓F(1:1:1:1:1:1，-1.5%/-3%/-4.5%/-6%/-7.5%补) 均价止盈5% 止损离第一笔10% 拿72h,804,67,0.86,0.91,-7.2,,788,71,1.06,0.89,-7.2,,737,68,0.97,0.95,-7.2,
60分钟 持仓背离 补仓F(1:1:1:1:1:1，-1.5%/-3%/-4.5%/-6%/-7.5%补) 均价止盈5% 止损离第一笔14% 拿24h,1026,61,0.78,0.85,-10.3,,990,65,0.91,1.08,-10.3,,910,66,0.94,0.96,-10.3,
60分钟 持仓背离 补仓F(1:1:1:1:1:1，-1.5%/-3%/-4.5%/-6%/-7.5%补) 均价止盈5% 止损离第一笔14% 拿72h,790,68,0.84,0.84,-10.3,,778,73,1.04,0.85,-10.3,,725,70,0.97,0.91,-10.3,
60分钟 持仓背离 补仓F(1:1:1:1:1:1，-1.5%/-3%/-4.5%/-6%/-7.5%补) 均价止盈5% 止损离第一笔18% 拿24h,1026,61,0.73,0.89,-14.4,,989,65,0.98,0.88,-14.4,,910,66,0.87,0.84,-14.4,
60分钟 持仓背离 补仓F(1:1:1:1:1:1，-1.5%/-3%/-4.5%/-6%/-7.5%补) 均价止盈5% 止损离第一笔18% 拿72h,779,69,0.8,0.77,-14.4,,767,73,1.06,0.96,-14.4,,719,71,0.97,0.96,-14.4,
60分钟 持仓背离 补仓F(1:1:1:1:1:1，-1.5%/-3%/-4.5%/-6%/-7.5%补) 均价止盈8% 止损离第一笔10% 拿24h,1011,60,0.83,0.8,-7.2,,961,62,0.85,0.96,-7.2,,899,63,0.93,0.88,-7.2,
60分钟 持仓背离 补仓F(1:1:1:1:1:1，-1.5%/-3%/-4.5%/-6%/-7.5%补) 均价止盈8% 止损离第一笔10% 拿72h,732,64,0.91,0.86,-7.2,,704,65,1.09,0.85,-7.2,,663,62,0.99,0.97,-7.2,
60分钟 持仓背离 补仓F(1:1:1:1:1:1，-1.5%/-3%/-4.5%/-6%/-7.5%补) 均价止盈8% 止损离第一笔14% 拿24h,1005,60,0.83,0.8,-10.3,,959,63,0.92,0.98,-10.3,,894,63,0.87,0.94,-10.3,
60分钟 持仓背离 补仓F(1:1:1:1:1:1，-1.5%/-3%/-4.5%/-6%/-7.5%补) 均价止盈8% 止损离第一笔14% 拿72h,720,65,0.83,0.82,-10.3,,695,67,1.05,0.88,-10.3,,652,64,0.97,0.95,-10.3,
60分钟 持仓背离 补仓F(1:1:1:1:1:1，-1.5%/-3%/-4.5%/-6%/-7.5%补) 均价止盈8% 止损离第一笔18% 拿24h,1005,60,0.81,0.77,-14.4,,958,63,1.0,1.03,-14.4,,893,63,0.82,0.84,-14.4,
60分钟 持仓背离 补仓F(1:1:1:1:1:1，-1.5%/-3%/-4.5%/-6%/-7.5%补) 均价止盈8% 止损离第一笔18% 拿72h,712,66,0.81,0.78,-14.4,,688,68,1.07,0.91,-14.4,,644,66,1.06,0.97,-14.4,
60分钟 持仓背离 补仓G(1:1:2:2:4，-2%/-4%/-6%/-8%补) 均价止盈1% 止损离第一笔11% 拿24h,1159,83,0.85,0.95,-6.1,,1113,88,0.69,0.8,-6.1,,1048,90,1.0,0.92,-6.1,
60分钟 持仓背离 补仓G(1:1:2:2:4，-2%/-4%/-6%/-8%补) 均价止盈1% 止损离第一笔11% 拿72h,1103,94,0.9,0.94,-6.1,,1095,95,0.92,0.7,-6.1,,1024,96,1.03,1.1,-6.1,
60分钟 持仓背离 补仓G(1:1:2:2:4，-2%/-4%/-6%/-8%补) 均价止盈1% 止损离第一笔14% 拿24h,1158,83,0.84,0.84,-9.3,,1110,88,0.7,0.79,-9.3,,1046,90,1.02,1.21,-9.3,
60分钟 持仓背离 补仓G(1:1:2:2:4，-2%/-4%/-6%/-8%补) 均价止盈1% 止损离第一笔14% 拿72h,1098,94,0.87,0.71,-9.3,,1088,96,0.95,0.75,-9.3,,1019,96,0.9,0.86,-9.3,
60分钟 持仓背离 补仓G(1:1:2:2:4，-2%/-4%/-6%/-8%补) 均价止盈1% 止损离第一笔18% 拿24h,1158,83,0.71,0.93,-13.5,,1110,88,0.79,0.68,-13.5,,1046,90,0.85,0.9,-13.5,
60分钟 持仓背离 补仓G(1:1:2:2:4，-2%/-4%/-6%/-8%补) 均价止盈1% 止损离第一笔18% 拿72h,1096,94,0.75,0.88,-13.5,,1085,96,1.13,0.95,-13.5,,1019,96,0.74,0.98,-13.5,
60分钟 持仓背离 补仓G(1:1:2:2:4，-2%/-4%/-6%/-8%补) 均价止盈2% 止损离第一笔11% 拿24h,1090,71,0.78,0.78,-6.1,,1064,77,0.82,0.83,-6.1,,989,79,0.94,0.93,-6.1,
60分钟 持仓背离 补仓G(1:1:2:2:4，-2%/-4%/-6%/-8%补) 均价止盈2% 止损离第一笔11% 拿72h,969,87,0.89,0.82,-6.1,,991,90,1.01,0.85,-6.1,,931,90,1.02,0.99,-6.1,
60分钟 持仓背离 补仓G(1:1:2:2:4，-2%/-4%/-6%/-8%补) 均价止盈2% 止损离第一笔14% 拿24h,1088,71,0.76,0.85,-9.3,,1062,78,0.8,0.82,-9.3,,986,79,0.86,1.08,-9.3,
60分钟 持仓背离 补仓G(1:1:2:2:4，-2%/-4%/-6%/-8%补) 均价止盈2% 止损离第一笔14% 拿72h,961,87,0.86,0.89,-9.3,,980,91,0.97,0.73,-9.3,,924,91,0.89,0.94,-9.3,
60分钟 持仓背离 补仓G(1:1:2:2:4，-2%/-4%/-6%/-8%补) 均价止盈2% 止损离第一笔18% 拿24h,1087,71,0.72,0.76,-13.5,,1061,78,0.97,0.83,-13.5,,986,79,0.82,0.98,-13.5,
60分钟 持仓背离 补仓G(1:1:2:2:4，-2%/-4%/-6%/-8%补) 均价止盈2% 止损离第一笔18% 拿72h,956,88,0.82,0.71,-13.5,,972,91,1.13,0.94,-13.5,,920,92,0.85,0.89,-13.5,
60分钟 持仓背离 补仓G(1:1:2:2:4，-2%/-4%/-6%/-8%补) 均价止盈3% 止损离第一笔11% 拿24h,1055,65,0.75,0.73,-6.1,,1042,70,0.87,0.92,-6.1,,955,73,0.98,0.93,-6.1,
60分钟 持仓背离 补仓G(1:1:2:2:4，-2%/-4%/-6%/-8%补) 均价止盈3% 止损离第一笔11% 拿72h,890,78,0.8,0.85,-6.1,,918,83,1.06,0.92,-6.1,,864,82,1.0,0.93,-6.1,
60分钟 持仓背离 补仓G(1:1:2:2:4，-2%/-4%/-6%/-8%补) 均价止盈3% 止损离第一笔14% 拿24h,1053,65,0.72,0.81,-9.3,,1039,71,0.84,0.83,-9.3,,952,73,0.94,0.95,-9.3,
60分钟 持仓背离 补仓G(1:1:2:2:4，-2%/-4%/-6%/-8%补) 均价止盈3% 止损离第一笔14% 拿72h,880,79,0.74,0.9,-9.3,,909,84,1.01,1.0,-9.3,,855,83,0.91,0.88,-9.3,
60分钟 持仓背离 补仓G(1:1:2:2:4，-2%/-4%/-6%/-8%补) 均价止盈3% 止损离第一笔18% 拿24h,1052,65,0.69,0.86,-13.5,,1038,71,1.02,0.81,-13.5,,952,74,0.88,0.96,-13.5,
60分钟 持仓背离 补仓G(1:1:2:2:4，-2%/-4%/-6%/-8%补) 均价止盈3% 止损离第一笔18% 拿72h,870,79,0.73,0.74,-13.5,,898,85,1.09,0.93,-13.5,,851,84,0.9,1.05,-13.5,
60分钟 持仓背离 补仓G(1:1:2:2:4，-2%/-4%/-6%/-8%补) 均价止盈5% 止损离第一笔11% 拿24h,1025,61,0.76,0.96,-6.1,,990,64,0.9,0.92,-6.1,,917,67,0.95,1.0,-6.1,
60分钟 持仓背离 补仓G(1:1:2:2:4，-2%/-4%/-6%/-8%补) 均价止盈5% 止损离第一笔11% 拿72h,798,68,0.78,0.86,-6.1,,793,74,1.09,0.82,-6.1,,754,71,0.99,0.99,-6.1,
60分钟 持仓背离 补仓G(1:1:2:2:4，-2%/-4%/-6%/-8%补) 均价止盈5% 止损离第一笔14% 拿24h,1023,61,0.77,0.79,-9.3,,988,65,0.89,0.96,-9.3,,912,67,0.9,0.95,-9.3,
60分钟 持仓背离 补仓G(1:1:2:2:4，-2%/-4%/-6%/-8%补) 均价止盈5% 止损离第一笔14% 拿72h,789,70,0.81,0.93,-9.3,,783,76,1.04,0.89,-9.3,,740,73,1.0,1.08,-9.3,
60分钟 持仓背离 补仓G(1:1:2:2:4，-2%/-4%/-6%/-8%补) 均价止盈5% 止损离第一笔18% 拿24h,1022,61,0.72,0.94,-13.5,,987,65,1.06,0.83,-13.5,,912,67,0.84,0.85,-13.5,
60分钟 持仓背离 补仓G(1:1:2:2:4，-2%/-4%/-6%/-8%补) 均价止盈5% 止损离第一笔18% 拿72h,778,70,0.75,0.85,-13.5,,774,76,1.11,0.79,-13.5,,738,74,0.97,1.0,-13.5,
60分钟 持仓背离 补仓G(1:1:2:2:4，-2%/-4%/-6%/-8%补) 均价止盈8% 止损离第一笔11% 拿24h,1007,60,0.79,0.91,-6.1,,961,62,0.94,0.95,-6.1,,899,64,0.89,0.98,-6.1,
60分钟 持仓背离 补仓G(1:1:2:2:4，-2%/-4%/-6%/-8%补) 均价止盈8% 止损离第一笔11% 拿72h,724,65,0.81,0.91,-6.1,,702,68,1.11,0.95,-6.1,,665,64,0.96,0.97,-6.1,
60分钟 持仓背离 补仓G(1:1:2:2:4，-2%/-4%/-6%/-8%补) 均价止盈8% 止损离第一笔14% 拿24h,1005,61,0.81,0.73,-9.3,,959,63,0.93,0.89,-9.3,,894,65,0.83,1.08,-9.3,
60分钟 持仓背离 补仓G(1:1:2:2:4，-2%/-4%/-6%/-8%补) 均价止盈8% 止损离第一笔14% 拿72h,717,66,0.76,0.82,-9.3,,693,69,1.04,0.96,-9.3,,655,66,0.96,0.9,-9.3,
60分钟 持仓背离 补仓G(1:1:2:2:4，-2%/-4%/-6%/-8%补) 均价止盈8% 止损离第一笔18% 拿24h,1004,61,0.78,0.81,-13.5,,958,63,1.12,0.93,-13.5,,893,65,0.79,0.92,-13.5,
60分钟 持仓背离 补仓G(1:1:2:2:4，-2%/-4%/-6%/-8%补) 均价止盈8% 止损离第一笔18% 拿72h,708,67,0.75,0.66,-13.5,,685,70,1.11,0.94,-13.5,,648,68,1.04,1.07,-13.5,
60分钟 持仓背离 补仓H(1:1:1:1:1:1:1:1，-1%/-2%/-3%/-4%/-5%/-6%/-7%补) 均价止盈1% 止损离第一笔10% 拿24h,1161,84,0.72,0.87,-6.9,,1124,89,0.75,0.85,-6.9,,1061,91,0.97,0.77,-6.9,
60分钟 持仓背离 补仓H(1:1:1:1:1:1:1:1，-1%/-2%/-3%/-4%/-5%/-6%/-7%补) 均价止盈1% 止损离第一笔10% 拿72h,1104,94,0.95,0.75,-6.9,,1101,95,0.99,0.86,-6.9,,1043,95,0.91,1.01,-6.9,
60分钟 持仓背离 补仓H(1:1:1:1:1:1:1:1，-1%/-2%/-3%/-4%/-5%/-6%/-7%补) 均价止盈1% 止损离第一笔13% 拿24h,1158,84,0.69,0.82,-10.0,,1121,89,0.75,0.69,-10.0,,1058,91,0.91,0.85,-10.0,
60分钟 持仓背离 补仓H(1:1:1:1:1:1:1:1，-1%/-2%/-3%/-4%/-5%/-6%/-7%补) 均价止盈1% 止损离第一笔13% 拿72h,1100,94,0.82,0.72,-10.0,,1089,95,0.98,0.71,-10.0,,1035,95,0.8,0.82,-10.0,
60分钟 持仓背离 补仓H(1:1:1:1:1:1:1:1，-1%/-2%/-3%/-4%/-5%/-6%/-7%补) 均价止盈1% 止损离第一笔17% 拿24h,1158,84,0.63,0.76,-14.1,,1120,90,0.84,0.75,-14.1,,1058,91,0.81,1.04,-14.1,
60分钟 持仓背离 补仓H(1:1:1:1:1:1:1:1，-1%/-2%/-3%/-4%/-5%/-6%/-7%补) 均价止盈1% 止损离第一笔17% 拿72h,1094,94,0.75,0.79,-14.1,,1081,96,1.08,0.84,-14.1,,1030,96,0.72,0.99,-14.1,
60分钟 持仓背离 补仓H(1:1:1:1:1:1:1:1，-1%/-2%/-3%/-4%/-5%/-6%/-7%补) 均价止盈2% 止损离第一笔10% 拿24h,1097,73,0.79,0.88,-6.9,,1066,79,0.83,0.94,-6.9,,997,81,1.1,0.95,-6.9,
60分钟 持仓背离 补仓H(1:1:1:1:1:1:1:1，-1%/-2%/-3%/-4%/-5%/-6%/-7%补) 均价止盈2% 止损离第一笔10% 拿72h,977,86,0.97,0.88,-6.9,,1000,88,1.07,0.95,-6.9,,945,89,1.15,0.87,-6.9,✔
60分钟 持仓背离 补仓H(1:1:1:1:1:1:1:1，-1%/-2%/-3%/-4%/-5%/-6%/-7%补) 均价止盈2% 止损离第一笔13% 拿24h,1092,73,0.73,0.81,-10.0,,1063,79,0.88,0.86,-10.0,,994,81,1.03,0.99,-10.0,
60分钟 持仓背离 补仓H(1:1:1:1:1:1:1:1，-1%/-2%/-3%/-4%/-5%/-6%/-7%补) 均价止盈2% 止损离第一笔13% 拿72h,967,86,0.86,0.86,-10.0,,985,89,1.11,0.82,-10.0,,937,90,1.09,0.99,-10.0,
60分钟 持仓背离 补仓H(1:1:1:1:1:1:1:1，-1%/-2%/-3%/-4%/-5%/-6%/-7%补) 均价止盈2% 止损离第一笔17% 拿24h,1092,73,0.69,0.81,-14.1,,1062,80,0.95,0.84,-14.1,,994,81,0.96,0.84,-14.1,
60分钟 持仓背离 补仓H(1:1:1:1:1:1:1:1，-1%/-2%/-3%/-4%/-5%/-6%/-7%补) 均价止盈2% 止损离第一笔17% 拿72h,960,87,0.83,0.72,-14.1,,978,90,1.18,0.82,-14.1,,930,91,1.0,0.96,-14.1,
60分钟 持仓背离 补仓H(1:1:1:1:1:1:1:1，-1%/-2%/-3%/-4%/-5%/-6%/-7%补) 均价止盈3% 止损离第一笔10% 拿24h,1062,66,0.76,0.86,-6.9,,1042,71,0.8,0.89,-6.9,,955,73,1.07,0.99,-6.9,
60分钟 持仓背离 补仓H(1:1:1:1:1:1:1:1，-1%/-2%/-3%/-4%/-5%/-6%/-7%补) 均价止盈3% 止损离第一笔10% 拿72h,904,78,0.87,0.88,-6.9,,921,81,1.01,0.83,-6.9,,873,81,1.08,0.89,-6.9,
60分钟 持仓背离 补仓H(1:1:1:1:1:1:1:1，-1%/-2%/-3%/-4%/-5%/-6%/-7%补) 均价止盈3% 止损离第一笔13% 拿24h,1056,67,0.72,0.88,-10.0,,1040,73,0.88,0.81,-10.0,,952,74,1.03,1.0,-10.0,
60分钟 持仓背离 补仓H(1:1:1:1:1:1:1:1，-1%/-2%/-3%/-4%/-5%/-6%/-7%补) 均价止盈3% 止损离第一笔13% 拿72h,887,78,0.79,0.81,-10.0,,911,83,1.11,0.86,-10.0,,862,82,1.02,0.89,-10.0,
60分钟 持仓背离 补仓H(1:1:1:1:1:1:1:1，-1%/-2%/-3%/-4%/-5%/-6%/-7%补) 均价止盈3% 止损离第一笔17% 拿24h,1056,67,0.69,0.79,-14.1,,1038,73,0.93,0.82,-14.1,,952,74,0.96,0.9,-14.1,
60分钟 持仓背离 补仓H(1:1:1:1:1:1:1:1，-1%/-2%/-3%/-4%/-5%/-6%/-7%补) 均价止盈3% 止损离第一笔17% 拿72h,877,79,0.76,0.87,-14.1,,900,84,1.07,0.89,-14.1,,855,82,0.96,0.97,-14.1,
60分钟 持仓背离 补仓H(1:1:1:1:1:1:1:1，-1%/-2%/-3%/-4%/-5%/-6%/-7%补) 均价止盈5% 止损离第一笔10% 拿24h,1032,63,0.8,0.86,-6.9,,993,64,0.78,0.91,-6.9,,918,68,1.0,0.97,-6.9,
60分钟 持仓背离 补仓H(1:1:1:1:1:1:1:1，-1%/-2%/-3%/-4%/-5%/-6%/-7%补) 均价止盈5% 止损离第一笔10% 拿72h,805,67,0.83,0.86,-6.9,,797,71,0.99,0.87,-6.9,,755,70,1.02,0.92,-6.9,
60分钟 持仓背离 补仓H(1:1:1:1:1:1:1:1，-1%/-2%/-3%/-4%/-5%/-6%/-7%补) 均价止盈5% 止损离第一笔13% 拿24h,1026,63,0.75,0.75,-10.0,,992,66,0.89,0.83,-10.0,,913,68,0.97,0.94,-10.0,
60分钟 持仓背离 补仓H(1:1:1:1:1:1:1:1，-1%/-2%/-3%/-4%/-5%/-6%/-7%补) 均价止盈5% 止损离第一笔13% 拿72h,790,68,0.77,0.84,-10.0,,783,74,1.06,0.92,-10.0,,740,72,1.02,0.91,-10.0,
60分钟 持仓背离 补仓H(1:1:1:1:1:1:1:1，-1%/-2%/-3%/-4%/-5%/-6%/-7%补) 均价止盈5% 止损离第一笔17% 拿24h,1026,64,0.71,0.81,-14.1,,990,66,0.94,0.86,-14.1,,912,68,0.91,0.89,-14.1,
60分钟 持仓背离 补仓H(1:1:1:1:1:1:1:1，-1%/-2%/-3%/-4%/-5%/-6%/-7%补) 均价止盈5% 止损离第一笔17% 拿72h,779,69,0.76,0.8,-14.1,,772,74,1.05,0.88,-14.1,,731,73,1.02,1.01,-14.1,
60分钟 持仓背离 补仓H(1:1:1:1:1:1:1:1，-1%/-2%/-3%/-4%/-5%/-6%/-7%补) 均价止盈8% 止损离第一笔10% 拿24h,1011,63,0.82,0.84,-6.9,,961,62,0.76,0.91,-6.9,,900,65,0.94,0.86,-6.9,
60分钟 持仓背离 补仓H(1:1:1:1:1:1:1:1，-1%/-2%/-3%/-4%/-5%/-6%/-7%补) 均价止盈8% 止损离第一笔10% 拿72h,737,65,0.92,0.83,-6.9,,707,64,0.99,0.96,-6.9,,671,63,1.01,0.95,-6.9,
60分钟 持仓背离 补仓H(1:1:1:1:1:1:1:1，-1%/-2%/-3%/-4%/-5%/-6%/-7%补) 均价止盈8% 止损离第一笔13% 拿24h,1005,63,0.79,0.89,-10.0,,960,64,0.91,0.87,-10.0,,895,65,0.91,0.89,-10.0,
60分钟 持仓背离 补仓H(1:1:1:1:1:1:1:1，-1%/-2%/-3%/-4%/-5%/-6%/-7%补) 均价止盈8% 止损离第一笔13% 拿72h,724,66,0.81,0.84,-10.0,,693,67,1.08,0.94,-10.0,,659,65,0.95,0.99,-10.0,
60分钟 持仓背离 补仓H(1:1:1:1:1:1:1:1，-1%/-2%/-3%/-4%/-5%/-6%/-7%补) 均价止盈8% 止损离第一笔17% 拿24h,1005,63,0.76,0.81,-14.1,,958,64,0.97,0.9,-14.1,,894,66,0.84,0.9,-14.1,
60分钟 持仓背离 补仓H(1:1:1:1:1:1:1:1，-1%/-2%/-3%/-4%/-5%/-6%/-7%补) 均价止盈8% 止损离第一笔17% 拿72h,715,66,0.78,0.79,-14.1,,687,68,1.07,0.82,-14.1,,648,67,1.0,0.92,-14.1,
60分钟 持仓背离 补仓I(1:1:1:2:2:3，-2%/-4%/-6%/-9%/-12%补) 均价止盈1% 止损离第一笔15% 拿24h,1154,82,0.71,0.64,-8.6,,1109,88,0.91,0.71,-8.6,,1045,89,0.92,0.97,-8.6,
60分钟 持仓背离 补仓I(1:1:1:2:2:3，-2%/-4%/-6%/-9%/-12%补) 均价止盈1% 止损离第一笔15% 拿72h,1089,93,0.74,0.77,-8.6,,1082,96,1.2,0.98,-8.6,,1015,96,0.82,0.96,-8.6,
60分钟 持仓背离 补仓I(1:1:1:2:2:3，-2%/-4%/-6%/-9%/-12%补) 均价止盈1% 止损离第一笔18% 拿24h,1154,82,0.63,0.86,-11.8,,1109,88,0.89,0.75,-11.8,,1045,89,0.82,0.94,-11.8,
60分钟 持仓背离 补仓I(1:1:1:2:2:3，-2%/-4%/-6%/-9%/-12%补) 均价止盈1% 止损离第一笔18% 拿72h,1088,94,0.68,0.72,-11.8,,1080,96,1.21,0.8,-11.8,,1015,96,0.68,0.82,-11.8,
60分钟 持仓背离 补仓I(1:1:1:2:2:3，-2%/-4%/-6%/-9%/-12%补) 均价止盈1% 止损离第一笔22% 拿24h,1154,82,0.65,0.81,-14.0,,1109,88,0.87,0.75,-16.1,,1045,89,0.85,0.9,-14.0,
60分钟 持仓背离 补仓I(1:1:1:2:2:3，-2%/-4%/-6%/-9%/-12%补) 均价止盈1% 止损离第一笔22% 拿72h,1086,94,0.69,0.63,-14.0,,1080,96,1.24,0.85,-16.1,,1015,96,0.64,0.83,-14.0,
60分钟 持仓背离 补仓I(1:1:1:2:2:3，-2%/-4%/-6%/-9%/-12%补) 均价止盈2% 止损离第一笔15% 拿24h,1085,70,0.73,0.88,-8.6,,1059,78,1.04,0.83,-8.6,,985,78,0.89,0.95,-8.6,
60分钟 持仓背离 补仓I(1:1:1:2:2:3，-2%/-4%/-6%/-9%/-12%补) 均价止盈2% 止损离第一笔15% 拿72h,951,86,0.81,0.88,-8.6,,973,90,1.13,0.84,-8.6,,920,90,0.94,0.94,-8.6,
60分钟 持仓背离 补仓I(1:1:1:2:2:3，-2%/-4%/-6%/-9%/-12%补) 均价止盈2% 止损离第一笔18% 拿24h,1084,70,0.7,0.75,-11.8,,1059,78,1.12,0.71,-11.8,,985,78,0.84,0.91,-11.8,
60分钟 持仓背离 补仓I(1:1:1:2:2:3，-2%/-4%/-6%/-9%/-12%补) 均价止盈2% 止损离第一笔18% 拿72h,947,87,0.78,0.73,-11.8,,970,91,1.26,0.81,-11.8,,916,91,0.92,0.89,-11.8,
60分钟 持仓背离 补仓I(1:1:1:2:2:3，-2%/-4%/-6%/-9%/-12%补) 均价止盈2% 止损离第一笔22% 拿24h,1084,70,0.68,0.85,-14.0,,1059,78,1.08,0.77,-16.1,,984,78,0.9,0.8,-14.0,
60分钟 持仓背离 补仓I(1:1:1:2:2:3，-2%/-4%/-6%/-9%/-12%补) 均价止盈2% 止损离第一笔22% 拿72h,945,87,0.71,0.77,-14.0,,967,91,1.38,0.84,-16.1,✔,912,91,0.85,0.82,-14.0,
60分钟 持仓背离 补仓I(1:1:1:2:2:3，-2%/-4%/-6%/-9%/-12%补) 均价止盈3% 止损离第一笔15% 拿24h,1053,64,0.74,0.79,-8.6,,1037,70,1.02,0.78,-8.6,,949,71,0.9,0.93,-8.6,
60分钟 持仓背离 补仓I(1:1:1:2:2:3，-2%/-4%/-6%/-9%/-12%补) 均价止盈3% 止损离第一笔15% 拿72h,872,78,0.75,0.77,-8.6,,901,84,1.09,0.76,-8.6,,847,81,0.92,0.91,-8.6,
60分钟 持仓背离 补仓I(1:1:1:2:2:3，-2%/-4%/-6%/-9%/-12%补) 均价止盈3% 止损离第一笔18% 拿24h,1052,64,0.71,0.84,-11.8,,1037,70,1.06,0.87,-11.8,,949,71,0.86,0.81,-11.8,
60分钟 持仓背离 补仓I(1:1:1:2:2:3，-2%/-4%/-6%/-9%/-12%补) 均价止盈3% 止损离第一笔18% 拿72h,864,79,0.74,0.66,-11.8,,893,84,1.12,0.9,-11.8,,843,82,0.93,0.91,-11.8,
60分钟 持仓背离 补仓I(1:1:1:2:2:3，-2%/-4%/-6%/-9%/-12%补) 均价止盈3% 止损离第一笔22% 拿24h,1052,64,0.73,0.79,-14.0,,1037,71,1.09,0.93,-16.1,,948,72,0.93,0.75,-14.0,
60分钟 持仓背离 补仓I(1:1:1:2:2:3，-2%/-4%/-6%/-9%/-12%补) 均价止盈3% 止损离第一笔22% 拿72h,861,79,0.73,0.76,-14.0,,891,84,1.17,0.89,-16.1,,839,82,0.85,0.93,-14.0,
60分钟 持仓背离 补仓I(1:1:1:2:2:3，-2%/-4%/-6%/-9%/-12%补) 均价止盈5% 止损离第一笔15% 拿24h,1023,60,0.77,0.75,-8.6,,986,64,1.06,0.77,-8.6,,911,65,0.85,0.92,-8.6,
60分钟 持仓背离 补仓I(1:1:1:2:2:3，-2%/-4%/-6%/-9%/-12%补) 均价止盈5% 止损离第一笔15% 拿72h,781,69,0.8,0.81,-8.6,,778,75,1.11,0.89,-8.6,,730,71,0.95,0.93,-8.6,
60分钟 持仓背离 补仓I(1:1:1:2:2:3，-2%/-4%/-6%/-9%/-12%补) 均价止盈5% 止损离第一笔18% 拿24h,1022,60,0.75,0.91,-11.8,,986,64,1.1,0.76,-11.8,,911,65,0.82,0.95,-11.8,
60分钟 持仓背离 补仓I(1:1:1:2:2:3，-2%/-4%/-6%/-9%/-12%补) 均价止盈5% 止损离第一笔18% 拿72h,774,69,0.76,0.81,-11.8,,770,75,1.11,0.96,-11.8,,727,72,0.94,1.02,-11.8,
60分钟 持仓背离 补仓I(1:1:1:2:2:3，-2%/-4%/-6%/-9%/-12%补) 均价止盈5% 止损离第一笔22% 拿24h,1022,60,0.79,0.78,-14.0,,986,64,1.11,0.84,-16.1,,910,65,0.87,0.9,-14.0,
60分钟 持仓背离 补仓I(1:1:1:2:2:3，-2%/-4%/-6%/-9%/-12%补) 均价止盈5% 止损离第一笔22% 拿72h,772,70,0.77,0.77,-14.0,,768,76,1.14,0.86,-16.1,,722,72,0.85,0.93,-16.1,
60分钟 持仓背离 补仓I(1:1:1:2:2:3，-2%/-4%/-6%/-9%/-12%补) 均价止盈8% 止损离第一笔15% 拿24h,1005,59,0.81,0.84,-8.6,,958,62,1.1,0.79,-8.6,,894,63,0.77,0.84,-8.6,
60分钟 持仓背离 补仓I(1:1:1:2:2:3，-2%/-4%/-6%/-9%/-12%补) 均价止盈8% 止损离第一笔15% 拿72h,714,66,0.79,0.81,-8.6,,691,69,1.08,0.85,-8.6,,650,64,0.96,0.96,-8.6,
60分钟 持仓背离 补仓I(1:1:1:2:2:3，-2%/-4%/-6%/-9%/-12%补) 均价止盈8% 止损离第一笔18% 拿24h,1004,59,0.8,0.77,-11.8,,958,62,1.14,0.86,-11.8,,893,63,0.76,1.03,-11.8,
60分钟 持仓背离 补仓I(1:1:1:2:2:3，-2%/-4%/-6%/-9%/-12%补) 均价止盈8% 止损离第一笔18% 拿72h,708,67,0.76,0.69,-11.8,,685,69,1.07,0.81,-11.8,,645,66,1.04,0.9,-11.8,
60分钟 持仓背离 补仓I(1:1:1:2:2:3，-2%/-4%/-6%/-9%/-12%补) 均价止盈8% 止损离第一笔22% 拿24h,1004,60,0.85,0.86,-14.0,,958,62,1.13,0.91,-16.1,,893,63,0.81,0.93,-14.0,
60分钟 持仓背离 补仓I(1:1:1:2:2:3，-2%/-4%/-6%/-9%/-12%补) 均价止盈8% 止损离第一笔22% 拿72h,707,67,0.74,0.77,-14.0,,684,69,1.07,0.88,-16.1,,642,66,0.98,0.91,-16.1,
60分钟 多空比极端 补仓E(1:1:1:1:1，-2%/-4%/-6%/-8%补) 均价止盈1% 止损离第一笔11% 拿24h,475,86,0.7,0.81,-6.9,,433,93,1.26,0.7,-7.5,,536,92,1.04,1.19,-7.5,
60分钟 多空比极端 补仓E(1:1:1:1:1，-2%/-4%/-6%/-8%补) 均价止盈1% 止损离第一笔11% 拿72h,454,90,0.61,0.87,-7.5,,426,97,1.3,0.76,-7.5,,520,95,0.96,0.95,-7.5,
60分钟 多空比极端 补仓E(1:1:1:1:1，-2%/-4%/-6%/-8%补) 均价止盈1% 止损离第一笔14% 拿24h,473,86,0.73,0.69,-9.8,,432,94,1.42,0.66,-10.6,,534,92,1.1,0.84,-9.8,
60分钟 多空比极端 补仓E(1:1:1:1:1，-2%/-4%/-6%/-8%补) 均价止盈1% 止损离第一笔14% 拿72h,449,91,0.56,0.8,-10.6,,424,97,1.39,0.92,-10.6,,512,96,0.96,0.84,-10.6,
60分钟 多空比极端 补仓E(1:1:1:1:1，-2%/-4%/-6%/-8%补) 均价止盈1% 止损离第一笔18% 拿24h,472,86,0.73,0.82,-13.6,,430,94,1.48,0.66,-14.7,,529,92,0.95,0.92,-13.6,
60分钟 多空比极端 补仓E(1:1:1:1:1，-2%/-4%/-6%/-8%补) 均价止盈1% 止损离第一笔18% 拿72h,444,92,0.7,0.76,-13.6,,421,98,1.56,0.79,-14.7,,506,96,0.79,0.91,-13.6,
60分钟 多空比极端 补仓E(1:1:1:1:1，-2%/-4%/-6%/-8%补) 均价止盈2% 止损离第一笔11% 拿24h,420,72,0.69,0.8,-7.5,,390,81,1.12,0.79,-7.5,,455,82,0.98,0.84,-7.5,
60分钟 多空比极端 补仓E(1:1:1:1:1，-2%/-4%/-6%/-8%补) 均价止盈2% 止损离第一笔11% 拿72h,384,79,0.61,0.8,-7.5,,370,89,1.21,0.75,-7.5,✔,427,89,0.97,1.1,-7.5,
60分钟 多空比极端 补仓E(1:1:1:1:1，-2%/-4%/-6%/-8%补) 均价止盈2% 止损离第一笔14% 拿24h,414,72,0.7,0.86,-9.8,,386,82,1.43,0.77,-10.6,,450,82,0.99,0.9,-9.8,
60分钟 多空比极端 补仓E(1:1:1:1:1，-2%/-4%/-6%/-8%补) 均价止盈2% 止损离第一笔14% 拿72h,373,80,0.59,0.97,-10.6,,362,90,1.23,0.74,-10.6,,418,90,0.94,1.12,-10.6,
60分钟 多空比极端 补仓E(1:1:1:1:1，-2%/-4%/-6%/-8%补) 均价止盈2% 止损离第一笔18% 拿24h,412,73,0.74,0.74,-13.6,,382,82,1.66,0.72,-14.7,✔,446,83,0.95,0.98,-13.6,
60分钟 多空比极端 补仓E(1:1:1:1:1，-2%/-4%/-6%/-8%补) 均价止盈2% 止损离第一笔18% 拿72h,365,81,0.66,0.7,-13.6,,358,91,1.29,0.7,-14.7,✔,411,91,0.93,0.89,-13.6,
60分钟 多空比极端 补仓E(1:1:1:1:1，-2%/-4%/-6%/-8%补) 均价止盈3% 止损离第一笔11% 拿24h,394,64,0.7,0.79,-7.5,,373,75,1.2,0.87,-7.5,,427,75,1.07,0.88,-7.5,
60分钟 多空比极端 补仓E(1:1:1:1:1，-2%/-4%/-6%/-8%补) 均价止盈3% 止损离第一笔11% 拿72h,342,71,0.64,1.02,-7.5,,337,82,1.17,0.79,-7.5,,381,84,1.12,0.96,-7.5,✔
60分钟 多空比极端 补仓E(1:1:1:1:1，-2%/-4%/-6%/-8%补) 均价止盈3% 止损离第一笔14% 拿24h,388,64,0.72,0.76,-9.8,,369,76,1.44,0.8,-10.6,,423,76,1.06,0.89,-9.8,
60分钟 多空比极端 补仓E(1:1:1:1:1，-2%/-4%/-6%/-8%补) 均价止盈3% 止损离第一笔14% 拿72h,328,73,0.65,0.92,-10.6,,332,84,1.24,0.7,-10.6,,371,85,1.09,0.84,-10.6,
60分钟 多空比极端 补仓E(1:1:1:1:1，-2%/-4%/-6%/-8%补) 均价止盈3% 止损离第一笔18% 拿24h,386,65,0.7,0.91,-13.6,,364,77,1.69,0.81,-14.7,✔,419,77,1.1,0.96,-13.6,
60分钟 多空比极端 补仓E(1:1:1:1:1，-2%/-4%/-6%/-8%补) 均价止盈3% 止损离第一笔18% 拿72h,321,74,0.66,0.89,-14.7,,326,84,1.22,0.71,-14.7,,363,87,1.09,0.83,-13.6,
60分钟 多空比极端 补仓E(1:1:1:1:1，-2%/-4%/-6%/-8%补) 均价止盈5% 止损离第一笔11% 拿24h,387,61,0.81,0.79,-7.5,,365,72,1.33,0.78,-7.5,,409,67,0.92,0.91,-7.5,
60分钟 多空比极端 补仓E(1:1:1:1:1，-2%/-4%/-6%/-8%补) 均价止盈5% 止损离第一笔11% 拿72h,325,63,0.73,0.84,-7.5,,314,76,1.35,0.72,-7.5,✔,334,72,1.02,0.81,-7.5,
60分钟 多空比极端 补仓E(1:1:1:1:1，-2%/-4%/-6%/-8%补) 均价止盈5% 止损离第一笔14% 拿24h,381,62,0.87,0.92,-9.8,,359,73,1.68,0.78,-10.6,✔,404,67,0.85,0.84,-9.8,
60分钟 多空比极端 补仓E(1:1:1:1:1，-2%/-4%/-6%/-8%补) 均价止盈5% 止损离第一笔14% 拿72h,311,64,0.71,0.84,-10.6,,308,78,1.47,0.77,-10.6,✔,324,74,0.91,0.8,-10.6,
60分钟 多空比极端 补仓E(1:1:1:1:1，-2%/-4%/-6%/-8%补) 均价止盈5% 止损离第一笔18% 拿24h,379,62,0.85,0.89,-13.6,,354,73,1.93,0.78,-14.7,✔,399,68,0.87,0.82,-13.6,
60分钟 多空比极端 补仓E(1:1:1:1:1，-2%/-4%/-6%/-8%补) 均价止盈5% 止损离第一笔18% 拿72h,302,64,0.68,0.82,-14.7,,303,78,1.45,0.8,-14.7,✔,313,76,0.92,0.79,-13.6,
60分钟 多空比极端 补仓E(1:1:1:1:1，-2%/-4%/-6%/-8%补) 均价止盈8% 止损离第一笔11% 拿24h,381,59,0.81,0.83,-7.5,,365,71,1.62,0.77,-7.5,,401,64,0.89,1.03,-7.5,
60分钟 多空比极端 补仓E(1:1:1:1:1，-2%/-4%/-6%/-8%补) 均价止盈8% 止损离第一笔11% 拿72h,305,59,0.84,0.91,-7.5,,304,69,1.51,0.66,-7.5,✔,314,66,1.09,0.85,-7.5,
60分钟 多空比极端 补仓E(1:1:1:1:1，-2%/-4%/-6%/-8%补) 均价止盈8% 止损离第一笔14% 拿24h,375,59,0.87,0.95,-9.8,,359,72,2.07,0.94,-10.6,✔,397,65,0.8,0.98,-9.8,
60分钟 多空比极端 补仓E(1:1:1:1:1，-2%/-4%/-6%/-8%补) 均价止盈8% 止损离第一笔14% 拿72h,293,60,0.78,0.77,-10.6,,299,72,1.62,0.76,-10.6,✔,308,68,0.98,0.86,-10.6,
60分钟 多空比极端 补仓E(1:1:1:1:1，-2%/-4%/-6%/-8%补) 均价止盈8% 止损离第一笔18% 拿24h,373,59,0.86,0.78,-13.6,,354,72,2.39,0.84,-14.7,✔,391,66,0.86,0.91,-13.6,
60分钟 多空比极端 补仓E(1:1:1:1:1，-2%/-4%/-6%/-8%补) 均价止盈8% 止损离第一笔18% 拿72h,284,60,0.79,0.72,-14.7,,294,72,1.59,0.72,-14.7,✔,296,70,1.02,0.99,-13.6,
60分钟 多空比极端 补仓F(1:1:1:1:1:1，-1.5%/-3%/-4.5%/-6%/-7.5%补) 均价止盈1% 止损离第一笔10% 拿24h,478,87,0.7,1.03,-6.7,,437,92,0.95,0.76,-7.2,,549,92,0.93,0.93,-7.2,
60分钟 多空比极端 补仓F(1:1:1:1:1:1，-1.5%/-3%/-4.5%/-6%/-7.5%补) 均价止盈1% 止损离第一笔10% 拿72h,466,91,0.64,0.84,-7.2,,432,96,0.96,0.84,-7.2,,531,95,0.84,0.87,-7.2,
60分钟 多空比极端 补仓F(1:1:1:1:1:1，-1.5%/-3%/-4.5%/-6%/-7.5%补) 均价止盈1% 止损离第一笔14% 拿24h,477,87,0.69,0.85,-9.6,,436,93,1.3,0.53,-10.3,,544,92,0.96,0.96,-9.6,
60分钟 多空比极端 补仓F(1:1:1:1:1:1，-1.5%/-3%/-4.5%/-6%/-7.5%补) 均价止盈1% 止损离第一笔14% 拿72h,462,92,0.61,1.19,-10.3,,430,97,1.1,0.81,-10.3,,519,95,0.82,1.2,-10.3,
60分钟 多空比极端 补仓F(1:1:1:1:1:1，-1.5%/-3%/-4.5%/-6%/-7.5%补) 均价止盈1% 止损离第一笔18% 拿24h,475,87,0.71,0.59,-13.4,,434,93,1.35,0.66,-14.4,,541,92,0.9,0.94,-13.4,
60分钟 多空比极端 补仓F(1:1:1:1:1:1，-1.5%/-3%/-4.5%/-6%/-7.5%补) 均价止盈1% 止损离第一笔18% 拿72h,455,93,0.76,0.65,-13.4,,426,98,1.32,0.84,-14.4,,515,96,0.74,0.79,-13.4,
60分钟 多空比极端 补仓F(1:1:1:1:1:1，-1.5%/-3%/-4.5%/-6%/-7.5%补) 均价止盈2% 止损离第一笔10% 拿24h,421,75,0.85,0.85,-6.7,,394,81,1.04,0.73,-7.2,,460,82,0.87,1.04,-7.2,
60分钟 多空比极端 补仓F(1:1:1:1:1:1，-1.5%/-3%/-4.5%/-6%/-7.5%补) 均价止盈2% 止损离第一笔10% 拿72h,392,82,0.75,0.79,-7.2,,376,90,1.16,0.78,-7.2,✔,434,88,0.88,1.16,-7.2,
60分钟 多空比极端 补仓F(1:1:1:1:1:1，-1.5%/-3%/-4.5%/-6%/-7.5%补) 均价止盈2% 止损离第一笔14% 拿24h,417,76,0.85,0.91,-9.6,,390,82,1.51,0.82,-10.3,,452,82,0.84,0.86,-9.6,
60分钟 多空比极端 补仓F(1:1:1:1:1:1，-1.5%/-3%/-4.5%/-6%/-7.5%补) 均价止盈2% 止损离第一笔14% 拿72h,382,83,0.71,0.88,-10.3,,368,92,1.42,0.76,-10.3,✔,421,90,0.86,0.81,-10.3,
60分钟 多空比极端 补仓F(1:1:1:1:1:1，-1.5%/-3%/-4.5%/-6%/-7.5%补) 均价止盈2% 止损离第一笔18% 拿24h,415,76,0.86,0.84,-13.4,,387,82,1.54,0.74,-14.4,✔,447,83,0.92,1.06,-13.4,
60分钟 多空比极端 补仓F(1:1:1:1:1:1，-1.5%/-3%/-4.5%/-6%/-7.5%补) 均价止盈2% 止损离第一笔18% 拿72h,374,83,0.76,0.71,-13.4,,364,92,1.36,0.73,-14.4,✔,414,91,0.97,0.86,-13.4,
60分钟 多空比极端 补仓F(1:1:1:1:1:1，-1.5%/-3%/-4.5%/-6%/-7.5%补) 均价止盈3% 止损离第一笔10% 拿24h,398,65,0.66,0.79,-7.2,,376,76,1.13,0.75,-7.2,,437,76,0.95,0.96,-7.2,
60分钟 多空比极端 补仓F(1:1:1:1:1:1，-1.5%/-3%/-4.5%/-6%/-7.5%补) 均价止盈3% 止损离第一笔10% 拿72h,347,71,0.64,0.85,-7.2,,340,82,1.12,0.88,-7.2,,393,83,0.98,0.86,-7.2,
60分钟 多空比极端 补仓F(1:1:1:1:1:1，-1.5%/-3%/-4.5%/-6%/-7.5%补) 均价止盈3% 止损离第一笔14% 拿24h,391,66,0.7,0.79,-9.6,,371,77,1.59,0.84,-10.3,,428,76,0.92,0.98,-9.6,
60分钟 多空比极端 补仓F(1:1:1:1:1:1，-1.5%/-3%/-4.5%/-6%/-7.5%补) 均价止盈3% 止损离第一笔14% 拿72h,329,73,0.64,0.82,-10.3,,334,84,1.28,0.77,-10.3,,377,84,0.9,1.13,-10.3,
60分钟 多空比极端 补仓F(1:1:1:1:1:1，-1.5%/-3%/-4.5%/-6%/-7.5%补) 均价止盈3% 止损离第一笔18% 拿24h,389,66,0.67,0.89,-13.4,,367,78,1.85,0.74,-14.4,✔,423,78,1.05,1.07,-13.4,
60分钟 多空比极端 补仓F(1:1:1:1:1:1，-1.5%/-3%/-4.5%/-6%/-7.5%补) 均价止盈3% 止损离第一笔18% 拿72h,322,74,0.65,0.8,-14.4,,329,85,1.25,0.76,-14.4,,368,86,1.02,0.88,-13.4,
60分钟 多空比极端 补仓F(1:1:1:1:1:1，-1.5%/-3%/-4.5%/-6%/-7.5%补) 均价止盈5% 止损离第一笔10% 拿24h,388,62,0.78,0.81,-7.2,,367,72,1.25,0.78,-7.2,,412,67,0.85,0.81,-7.2,
60分钟 多空比极端 补仓F(1:1:1:1:1:1，-1.5%/-3%/-4.5%/-6%/-7.5%补) 均价止盈5% 止损离第一笔10% 拿72h,329,63,0.75,0.96,-7.2,,315,76,1.22,0.81,-7.2,✔,338,72,0.94,0.95,-7.2,
60分钟 多空比极端 补仓F(1:1:1:1:1:1，-1.5%/-3%/-4.5%/-6%/-7.5%补) 均价止盈5% 止损离第一笔14% 拿24h,381,62,0.86,0.82,-9.6,,360,74,1.81,0.76,-10.3,✔,406,68,0.79,0.89,-9.6,
60分钟 多空比极端 补仓F(1:1:1:1:1:1，-1.5%/-3%/-4.5%/-6%/-7.5%补) 均价止盈5% 止损离第一笔14% 拿72h,311,65,0.73,1.01,-10.3,,308,79,1.42,0.69,-10.3,✔,324,74,0.88,0.92,-10.3,
60分钟 多空比极端 补仓F(1:1:1:1:1:1，-1.5%/-3%/-4.5%/-6%/-7.5%补) 均价止盈5% 止损离第一笔18% 拿24h,379,63,0.83,0.89,-13.4,,355,74,2.05,0.78,-14.4,✔,401,69,0.82,0.86,-13.4,
60分钟 多空比极端 补仓F(1:1:1:1:1:1，-1.5%/-3%/-4.5%/-6%/-7.5%补) 均价止盈5% 止损离第一笔18% 拿72h,303,65,0.71,0.8,-14.4,,303,79,1.36,0.8,-14.4,✔,314,76,0.9,0.95,-13.4,
60分钟 多空比极端 补仓F(1:1:1:1:1:1，-1.5%/-3%/-4.5%/-6%/-7.5%补) 均价止盈8% 止损离第一笔10% 拿24h,383,60,0.81,0.92,-7.2,,366,70,1.44,0.8,-7.2,,404,65,0.83,0.86,-7.2,
60分钟 多空比极端 补仓F(1:1:1:1:1:1，-1.5%/-3%/-4.5%/-6%/-7.5%补) 均价止盈8% 止损离第一笔10% 拿72h,310,59,0.89,0.94,-7.2,,306,69,1.42,0.84,-7.2,✔,319,66,1.04,0.9,-7.2,
60分钟 多空比极端 补仓F(1:1:1:1:1:1，-1.5%/-3%/-4.5%/-6%/-7.5%补) 均价止盈8% 止损离第一笔14% 拿24h,376,61,0.88,0.76,-9.6,,359,72,2.12,0.87,-10.3,✔,398,66,0.76,0.92,-9.6,
60分钟 多空比极端 补仓F(1:1:1:1:1:1，-1.5%/-3%/-4.5%/-6%/-7.5%补) 均价止盈8% 止损离第一笔14% 拿72h,294,60,0.82,0.79,-10.3,,300,73,1.66,0.71,-10.3,✔,309,68,0.95,0.99,-10.3,
60分钟 多空比极端 补仓F(1:1:1:1:1:1，-1.5%/-3%/-4.5%/-6%/-7.5%补) 均价止盈8% 止损离第一笔18% 拿24h,374,61,0.86,0.88,-13.4,,354,73,2.4,0.69,-14.4,✔,392,67,0.81,0.87,-13.4,
60分钟 多空比极端 补仓F(1:1:1:1:1:1，-1.5%/-3%/-4.5%/-6%/-7.5%补) 均价止盈8% 止损离第一笔18% 拿72h,286,61,0.83,0.74,-14.4,,295,73,1.6,0.75,-14.4,✔,297,71,1.01,0.89,-13.4,
60分钟 多空比极端 补仓G(1:1:2:2:4，-2%/-4%/-6%/-8%补) 均价止盈1% 止损离第一笔11% 拿24h,482,88,0.79,1.06,-5.5,,438,94,1.18,0.78,-6.1,,546,93,1.08,1.03,-6.1,
60分钟 多空比极端 补仓G(1:1:2:2:4，-2%/-4%/-6%/-8%补) 均价止盈1% 止损离第一笔11% 拿72h,463,93,0.76,0.95,-6.1,,432,97,1.19,0.77,-6.1,,535,97,1.04,1.06,-6.1,
60分钟 多空比极端 补仓G(1:1:2:2:4，-2%/-4%/-6%/-8%补) 均价止盈1% 止损离第一笔14% 拿24h,481,88,0.84,0.77,-8.3,,437,95,1.38,0.6,-9.3,,545,94,1.24,1.02,-8.3,
60分钟 多空比极端 补仓G(1:1:2:2:4，-2%/-4%/-6%/-8%补) 均价止盈1% 止损离第一笔14% 拿72h,460,94,0.73,0.77,-8.3,,430,98,1.41,0.93,-9.3,,529,97,1.11,1.05,-9.3,
60分钟 多空比极端 补仓G(1:1:2:2:4，-2%/-4%/-6%/-8%补) 均价止盈1% 止损离第一笔18% 拿24h,480,88,0.88,0.58,-12.1,,436,95,1.18,0.78,-13.5,,541,94,1.05,0.89,-12.1,
60分钟 多空比极端 补仓G(1:1:2:2:4，-2%/-4%/-6%/-8%补) 均价止盈1% 止损离第一笔18% 拿72h,455,95,0.98,0.73,-12.1,,429,98,1.42,0.64,-13.5,,524,97,0.88,0.66,-12.1,
60分钟 多空比极端 补仓G(1:1:2:2:4，-2%/-4%/-6%/-8%补) 均价止盈2% 止损离第一笔11% 拿24h,421,74,0.73,0.8,-5.5,,390,82,1.0,0.68,-6.1,,460,84,1.01,1.03,-6.1,
60分钟 多空比极端 补仓G(1:1:2:2:4，-2%/-4%/-6%/-8%补) 均价止盈2% 止损离第一笔11% 拿72h,387,82,0.61,1.1,-6.1,,372,90,1.07,0.77,-6.1,,436,92,1.07,1.04,-6.1,
60分钟 多空比极端 补仓G(1:1:2:2:4，-2%/-4%/-6%/-8%补) 均价止盈2% 止损离第一笔14% 拿24h,415,75,0.69,0.89,-8.3,,386,83,1.35,0.76,-9.3,,456,85,1.1,0.96,-8.3,
60分钟 多空比极端 补仓G(1:1:2:2:4，-2%/-4%/-6%/-8%补) 均价止盈2% 止损离第一笔14% 拿72h,377,83,0.53,0.91,-9.3,,366,91,1.18,0.83,-9.3,,428,93,1.07,0.93,-9.3,
60分钟 多空比极端 补仓G(1:1:2:2:4，-2%/-4%/-6%/-8%补) 均价止盈2% 止损离第一笔18% 拿24h,413,75,0.71,0.77,-12.1,,383,83,1.42,0.77,-13.5,✔,452,86,1.03,0.98,-12.1,
60分钟 多空比极端 补仓G(1:1:2:2:4，-2%/-4%/-6%/-8%补) 均价止盈2% 止损离第一笔18% 拿72h,369,84,0.64,0.73,-12.1,,362,92,1.31,0.69,-13.5,✔,422,94,1.03,1.04,-12.1,
60分钟 多空比极端 补仓G(1:1:2:2:4，-2%/-4%/-6%/-8%补) 均价止盈3% 止损离第一笔11% 拿24h,398,68,0.76,0.8,-6.1,,375,76,1.16,0.8,-6.1,,428,79,1.08,0.96,-6.1,
60分钟 多空比极端 补仓G(1:1:2:2:4，-2%/-4%/-6%/-8%补) 均价止盈3% 止损离第一笔11% 拿72h,346,74,0.63,0.89,-6.1,,341,83,1.09,0.89,-6.1,,385,86,1.08,0.98,-6.1,
60分钟 多空比极端 补仓G(1:1:2:2:4，-2%/-4%/-6%/-8%补) 均价止盈3% 止损离第一笔14% 拿24h,393,68,0.76,0.91,-8.3,,371,78,1.42,0.79,-9.3,,424,79,1.06,1.04,-8.3,
60分钟 多空比极端 补仓G(1:1:2:2:4，-2%/-4%/-6%/-8%补) 均价止盈3% 止损离第一笔14% 拿72h,333,76,0.59,0.61,-9.3,,336,85,1.14,0.79,-9.3,,376,88,1.04,0.86,-9.3,
60分钟 多空比极端 补仓G(1:1:2:2:4，-2%/-4%/-6%/-8%补) 均价止盈3% 止损离第一笔18% 拿24h,391,69,0.77,0.82,-12.1,,366,78,1.72,0.93,-13.5,✔,421,80,1.07,1.0,-12.1,
60分钟 多空比极端 补仓G(1:1:2:2:4，-2%/-4%/-6%/-8%补) 均价止盈3% 止损离第一笔18% 拿72h,326,77,0.6,0.79,-13.5,,330,85,1.11,0.77,-13.5,,370,89,0.99,0.95,-12.1,
60分钟 多空比极端 补仓G(1:1:2:2:4，-2%/-4%/-6%/-8%补) 均价止盈5% 止损离第一笔11% 拿24h,387,64,0.83,0.8,-6.1,,365,72,1.36,0.77,-6.1,,409,71,0.96,0.91,-6.1,
60分钟 多空比极端 补仓G(1:1:2:2:4，-2%/-4%/-6%/-8%补) 均价止盈5% 止损离第一笔11% 拿72h,327,67,0.65,0.91,-6.1,,315,78,1.34,0.86,-6.1,✔,336,75,1.06,0.92,-6.1,
60分钟 多空比极端 补仓G(1:1:2:2:4，-2%/-4%/-6%/-8%补) 均价止盈5% 止损离第一笔14% 拿24h,381,65,0.89,0.72,-8.3,,360,74,1.68,0.84,-9.3,,404,71,0.87,0.95,-8.3,
60分钟 多空比极端 补仓G(1:1:2:2:4，-2%/-4%/-6%/-8%补) 均价止盈5% 止损离第一笔14% 拿72h,313,69,0.63,0.77,-9.3,,310,80,1.38,0.8,-9.3,,325,78,0.96,0.91,-9.3,
60分钟 多空比极端 补仓G(1:1:2:2:4，-2%/-4%/-6%/-8%补) 均价止盈5% 止损离第一笔18% 拿24h,379,65,0.86,0.78,-12.1,,355,74,2.0,0.74,-13.5,✔,400,72,0.85,0.88,-12.1,
60分钟 多空比极端 补仓G(1:1:2:2:4，-2%/-4%/-6%/-8%补) 均价止盈5% 止损离第一笔18% 拿72h,304,69,0.62,0.75,-13.5,,305,80,1.34,0.68,-13.5,,315,79,0.91,0.83,-12.1,
60分钟 多空比极端 补仓G(1:1:2:2:4，-2%/-4%/-6%/-8%补) 均价止盈8% 止损离第一笔11% 拿24h,381,61,0.83,0.89,-6.1,,365,72,1.63,0.69,-6.1,,402,68,0.89,0.95,-6.1,
60分钟 多空比极端 补仓G(1:1:2:2:4，-2%/-4%/-6%/-8%补) 均价止盈8% 止损离第一笔11% 拿72h,306,63,0.8,0.82,-6.1,,305,71,1.51,0.78,-6.1,✔,315,69,1.15,0.88,-6.1,✔
60分钟 多空比极端 补仓G(1:1:2:2:4，-2%/-4%/-6%/-8%补) 均价止盈8% 止损离第一笔14% 拿24h,375,62,0.93,0.79,-8.3,,359,73,2.16,0.85,-9.3,✔,397,69,0.85,0.98,-8.3,
60分钟 多空比极端 补仓G(1:1:2:2:4，-2%/-4%/-6%/-8%补) 均价止盈8% 止损离第一笔14% 拿72h,293,65,0.76,0.73,-9.3,,300,73,1.6,0.73,-9.3,✔,308,71,1.0,0.77,-9.3,
60分钟 多空比极端 补仓G(1:1:2:2:4，-2%/-4%/-6%/-8%补) 均价止盈8% 止损离第一笔18% 拿24h,373,62,0.91,0.84,-12.1,,354,73,2.6,0.98,-13.5,✔,391,69,0.85,0.9,-12.1,
60分钟 多空比极端 补仓G(1:1:2:2:4，-2%/-4%/-6%/-8%补) 均价止盈8% 止损离第一笔18% 拿72h,285,66,0.75,0.72,-13.5,,295,74,1.55,0.66,-13.5,✔,296,73,1.01,0.84,-12.1,
60分钟 多空比极端 补仓H(1:1:1:1:1:1:1:1，-1%/-2%/-3%/-4%/-5%/-6%/-7%补) 均价止盈1% 止损离第一笔10% 拿24h,489,89,0.79,0.78,-6.9,,448,94,1.04,0.8,-6.9,,560,93,0.93,0.89,-6.9,
60分钟 多空比极端 补仓H(1:1:1:1:1:1:1:1，-1%/-2%/-3%/-4%/-5%/-6%/-7%补) 均价止盈1% 止损离第一笔10% 拿72h,475,92,0.71,0.95,-6.9,,442,97,1.11,0.7,-6.9,,547,95,0.85,1.0,-6.9,
60分钟 多空比极端 补仓H(1:1:1:1:1:1:1:1，-1%/-2%/-3%/-4%/-5%/-6%/-7%补) 均价止盈1% 止损离第一笔13% 拿24h,487,89,0.76,0.82,-9.4,,448,95,1.24,0.6,-10.0,,555,94,1.09,0.98,-9.4,
60分钟 多空比极端 补仓H(1:1:1:1:1:1:1:1，-1%/-2%/-3%/-4%/-5%/-6%/-7%补) 均价止盈1% 止损离第一笔13% 拿72h,469,92,0.6,0.69,-10.0,,440,98,1.24,0.69,-10.0,,535,96,0.88,0.95,-10.0,
60分钟 多空比极端 补仓H(1:1:1:1:1:1:1:1，-1%/-2%/-3%/-4%/-5%/-6%/-7%补) 均价止盈1% 止损离第一笔17% 拿24h,485,89,0.76,0.92,-13.2,,446,95,1.53,0.75,-14.1,,553,94,1.08,0.88,-13.2,
60分钟 多空比极端 补仓H(1:1:1:1:1:1:1:1，-1%/-2%/-3%/-4%/-5%/-6%/-7%补) 均价止盈1% 止损离第一笔17% 拿72h,462,93,0.67,0.93,-14.1,,437,98,1.53,0.81,-14.1,,530,96,0.82,0.83,-13.2,
60分钟 多空比极端 补仓H(1:1:1:1:1:1:1:1，-1%/-2%/-3%/-4%/-5%/-6%/-7%补) 均价止盈2% 止损离第一笔10% 拿24h,426,77,0.88,0.9,-6.9,,397,82,0.91,0.9,-6.9,,466,82,0.84,0.99,-6.9,
60分钟 多空比极端 补仓H(1:1:1:1:1:1:1:1，-1%/-2%/-3%/-4%/-5%/-6%/-7%补) 均价止盈2% 止损离第一笔10% 拿72h,398,83,0.79,0.94,-6.9,,380,90,1.06,0.88,-6.9,,444,88,0.82,1.0,-6.9,
60分钟 多空比极端 补仓H(1:1:1:1:1:1:1:1，-1%/-2%/-3%/-4%/-5%/-6%/-7%补) 均价止盈2% 止损离第一笔13% 拿24h,422,78,0.87,0.83,-9.4,,394,84,1.32,0.81,-10.0,,459,83,0.86,0.83,-9.4,
60分钟 多空比极端 补仓H(1:1:1:1:1:1:1:1，-1%/-2%/-3%/-4%/-5%/-6%/-7%补) 均价止盈2% 止损离第一笔13% 拿72h,388,84,0.71,0.77,-10.0,,372,92,1.3,0.78,-10.0,✔,430,90,0.83,1.01,-10.0,
60分钟 多空比极端 补仓H(1:1:1:1:1:1:1:1，-1%/-2%/-3%/-4%/-5%/-6%/-7%补) 均价止盈2% 止损离第一笔17% 拿24h,418,78,0.87,0.85,-13.2,,391,85,1.41,0.75,-14.1,,453,84,0.92,1.02,-13.2,
60分钟 多空比极端 补仓H(1:1:1:1:1:1:1:1，-1%/-2%/-3%/-4%/-5%/-6%/-7%补) 均价止盈2% 止损离第一笔17% 拿72h,379,84,0.78,0.72,-14.1,,368,93,1.32,0.76,-14.1,✔,422,91,0.93,0.87,-13.2,
60分钟 多空比极端 补仓H(1:1:1:1:1:1:1:1，-1%/-2%/-3%/-4%/-5%/-6%/-7%补) 均价止盈3% 止损离第一笔10% 拿24h,398,67,0.69,0.88,-6.9,,376,76,0.9,0.8,-6.9,,437,76,0.97,0.86,-6.9,
60分钟 多空比极端 补仓H(1:1:1:1:1:1:1:1，-1%/-2%/-3%/-4%/-5%/-6%/-7%补) 均价止盈3% 止损离第一笔10% 拿72h,352,72,0.67,1.01,-6.9,,347,82,0.96,0.89,-6.9,,402,83,1.0,0.86,-6.9,
60分钟 多空比极端 补仓H(1:1:1:1:1:1:1:1，-1%/-2%/-3%/-4%/-5%/-6%/-7%补) 均价止盈3% 止损离第一笔13% 拿24h,390,68,0.76,0.96,-10.0,,372,79,1.45,0.69,-10.0,,430,77,0.97,0.85,-9.4,
60分钟 多空比极端 补仓H(1:1:1:1:1:1:1:1，-1%/-2%/-3%/-4%/-5%/-6%/-7%补) 均价止盈3% 止损离第一笔13% 拿72h,334,74,0.67,0.84,-10.0,,342,85,1.23,0.85,-10.0,,384,85,0.97,0.86,-10.0,
60分钟 多空比极端 补仓H(1:1:1:1:1:1:1:1，-1%/-2%/-3%/-4%/-5%/-6%/-7%补) 均价止盈3% 止损离第一笔17% 拿24h,387,68,0.74,0.8,-13.2,,368,79,1.73,0.74,-14.1,✔,423,78,1.05,0.94,-13.2,
60分钟 多空比极端 补仓H(1:1:1:1:1:1:1:1，-1%/-2%/-3%/-4%/-5%/-6%/-7%补) 均价止盈3% 止损离第一笔17% 拿72h,325,75,0.7,0.81,-14.1,,336,86,1.29,0.77,-14.1,,373,87,1.05,0.96,-13.2,
60分钟 多空比极端 补仓H(1:1:1:1:1:1:1:1，-1%/-2%/-3%/-4%/-5%/-6%/-7%补) 均价止盈5% 止损离第一笔10% 拿24h,391,63,0.78,0.95,-6.9,,367,71,0.99,0.82,-6.9,,413,67,0.82,0.89,-6.9,
60分钟 多空比极端 补仓H(1:1:1:1:1:1:1:1，-1%/-2%/-3%/-4%/-5%/-6%/-7%补) 均价止盈5% 止损离第一笔10% 拿72h,332,64,0.75,0.88,-6.9,,317,75,1.05,0.67,-6.9,,348,71,0.94,0.88,-6.9,
60分钟 多空比极端 补仓H(1:1:1:1:1:1:1:1，-1%/-2%/-3%/-4%/-5%/-6%/-7%补) 均价止盈5% 止损离第一笔13% 拿24h,383,64,0.83,0.84,-10.0,,361,75,1.66,0.79,-10.0,✔,408,69,0.81,0.91,-9.4,
60分钟 多空比极端 补仓H(1:1:1:1:1:1:1:1，-1%/-2%/-3%/-4%/-5%/-6%/-7%补) 均价止盈5% 止损离第一笔13% 拿72h,314,66,0.76,0.83,-10.0,,310,79,1.42,0.84,-10.0,✔,329,74,0.89,0.89,-10.0,
60分钟 多空比极端 补仓H(1:1:1:1:1:1:1:1，-1%/-2%/-3%/-4%/-5%/-6%/-7%补) 均价止盈5% 止损离第一笔17% 拿24h,380,65,0.84,0.86,-13.2,,356,75,1.93,0.81,-14.1,✔,401,70,0.85,0.88,-13.2,
60分钟 多空比极端 补仓H(1:1:1:1:1:1:1:1，-1%/-2%/-3%/-4%/-5%/-6%/-7%补) 均价止盈5% 止损离第一笔17% 拿72h,304,66,0.72,0.81,-14.1,,305,80,1.41,0.83,-14.1,✔,316,77,0.93,0.84,-13.2,
60分钟 多空比极端 补仓H(1:1:1:1:1:1:1:1，-1%/-2%/-3%/-4%/-5%/-6%/-7%补) 均价止盈8% 止损离第一笔10% 拿24h,386,61,0.79,0.96,-6.9,,366,70,1.11,0.77,-6.9,,404,65,0.81,0.86,-6.9,
60分钟 多空比极端 补仓H(1:1:1:1:1:1:1:1，-1%/-2%/-3%/-4%/-5%/-6%/-7%补) 均价止盈8% 止损离第一笔10% 拿72h,313,59,0.87,0.95,-6.9,,307,67,1.17,0.78,-6.9,✔,328,65,1.02,0.92,-6.9,
60分钟 多空比极端 补仓H(1:1:1:1:1:1:1:1，-1%/-2%/-3%/-4%/-5%/-6%/-7%补) 均价止盈8% 止损离第一笔13% 拿24h,377,62,0.85,0.72,-10.0,,360,73,1.95,0.8,-10.0,✔,400,66,0.77,0.94,-9.4,
60分钟 多空比极端 补仓H(1:1:1:1:1:1:1:1，-1%/-2%/-3%/-4%/-5%/-6%/-7%补) 均价止盈8% 止损离第一笔13% 拿72h,296,61,0.83,0.86,-10.0,,301,73,1.61,0.71,-10.0,✔,311,68,0.96,1.04,-10.0,
60分钟 多空比极端 补仓H(1:1:1:1:1:1:1:1，-1%/-2%/-3%/-4%/-5%/-6%/-7%补) 均价止盈8% 止损离第一笔17% 拿24h,374,63,0.87,0.92,-13.2,,355,74,2.29,0.79,-14.1,✔,391,67,0.81,0.91,-13.2,
60分钟 多空比极端 补仓H(1:1:1:1:1:1:1:1，-1%/-2%/-3%/-4%/-5%/-6%/-7%补) 均价止盈8% 止损离第一笔17% 拿72h,286,62,0.85,0.84,-14.1,,296,74,1.59,0.73,-14.1,✔,297,71,1.0,0.92,-13.2,
60分钟 多空比极端 补仓I(1:1:1:2:2:3，-2%/-4%/-6%/-9%/-12%补) 均价止盈1% 止损离第一笔15% 拿24h,474,87,0.84,0.86,-7.4,,435,94,1.35,0.79,-8.6,,535,93,1.29,0.76,-7.4,
60分钟 多空比极端 补仓I(1:1:1:2:2:3，-2%/-4%/-6%/-9%/-12%补) 均价止盈1% 止损离第一笔15% 拿72h,449,93,0.7,0.93,-8.6,,428,98,1.82,0.72,-8.6,,516,97,1.01,1.21,-8.6,
60分钟 多空比极端 补仓I(1:1:1:2:2:3，-2%/-4%/-6%/-9%/-12%补) 均价止盈1% 止损离第一笔18% 拿24h,474,87,0.75,0.84,-10.2,,434,94,1.18,0.76,-11.8,,532,93,1.11,0.91,-10.2,
60分钟 多空比极端 补仓I(1:1:1:2:2:3，-2%/-4%/-6%/-9%/-12%补) 均价止盈1% 止损离第一笔18% 拿72h,447,93,0.74,0.69,-10.2,,427,98,1.48,0.65,-11.8,,513,97,0.88,0.84,-10.2,
60分钟 多空比极端 补仓I(1:1:1:2:2:3，-2%/-4%/-6%/-9%/-12%补) 均价止盈1% 止损离第一笔22% 拿24h,472,87,0.79,0.99,-14.0,,434,94,1.19,0.75,-16.1,,532,93,0.94,0.92,-14.0,
60分钟 多空比极端 补仓I(1:1:1:2:2:3，-2%/-4%/-6%/-9%/-12%补) 均价止盈1% 止损离第一笔22% 拿72h,447,93,0.69,0.57,-14.0,,426,98,1.51,0.59,-16.1,,515,97,0.88,0.69,-14.0,
60分钟 多空比极端 补仓I(1:1:1:2:2:3，-2%/-4%/-6%/-9%/-12%补) 均价止盈2% 止损离第一笔15% 拿24h,413,73,0.72,0.87,-7.4,,386,82,1.26,0.8,-8.6,,453,83,0.84,1.04,-7.4,
60分钟 多空比极端 补仓I(1:1:1:2:2:3，-2%/-4%/-6%/-9%/-12%补) 均价止盈2% 止损离第一笔15% 拿72h,369,82,0.56,0.79,-8.6,,364,91,1.12,0.86,-8.6,,423,91,0.8,0.77,-8.6,
60分钟 多空比极端 补仓I(1:1:1:2:2:3，-2%/-4%/-6%/-9%/-12%补) 均价止盈2% 止损离第一笔18% 拿24h,412,74,0.7,0.77,-10.2,,383,83,1.66,0.9,-11.8,✔,448,83,0.85,1.07,-10.2,
60分钟 多空比极端 补仓I(1:1:1:2:2:3，-2%/-4%/-6%/-9%/-12%补) 均价止盈2% 止损离第一笔18% 拿72h,365,83,0.63,0.63,-10.2,,361,92,1.18,0.75,-11.8,✔,416,93,0.86,0.85,-10.2,
60分钟 多空比极端 补仓I(1:1:1:2:2:3，-2%/-4%/-6%/-9%/-12%补) 均价止盈2% 止损离第一笔22% 拿24h,411,74,0.69,0.76,-14.0,,383,83,1.95,0.84,-14.0,✔,446,84,1.03,0.78,-14.0,
60分钟 多空比极端 补仓I(1:1:1:2:2:3，-2%/-4%/-6%/-9%/-12%补) 均价止盈2% 止损离第一笔22% 拿72h,365,84,0.6,0.61,-14.0,,358,92,1.85,0.72,-16.1,✔,412,93,0.82,0.85,-14.0,
60分钟 多空比极端 补仓I(1:1:1:2:2:3，-2%/-4%/-6%/-9%/-12%补) 均价止盈3% 止损离第一笔15% 拿24h,388,66,0.78,0.75,-7.4,,369,78,1.42,0.69,-8.6,,424,77,0.95,1.17,-7.4,
60分钟 多空比极端 补仓I(1:1:1:2:2:3，-2%/-4%/-6%/-9%/-12%补) 均价止盈3% 止损离第一笔15% 拿72h,326,75,0.65,0.79,-8.6,,335,84,1.01,0.79,-8.6,,374,87,0.98,0.87,-8.6,
60分钟 多空比极端 补仓I(1:1:1:2:2:3，-2%/-4%/-6%/-9%/-12%补) 均价止盈3% 止损离第一笔18% 拿24h,387,66,0.74,0.85,-10.2,,365,78,1.71,0.82,-11.8,✔,420,78,0.99,0.91,-10.2,
60分钟 多空比极端 补仓I(1:1:1:2:2:3，-2%/-4%/-6%/-9%/-12%补) 均价止盈3% 止损离第一笔18% 拿72h,322,76,0.63,0.77,-11.8,,329,85,1.08,0.77,-11.8,,368,88,0.95,0.75,-10.2,
60分钟 多空比极端 补仓I(1:1:1:2:2:3，-2%/-4%/-6%/-9%/-12%补) 均价止盈3% 止损离第一笔22% 拿24h,385,66,0.78,0.76,-14.0,,365,78,1.73,0.76,-16.1,✔,417,78,1.19,1.0,-14.0,
60分钟 多空比极端 补仓I(1:1:1:2:2:3，-2%/-4%/-6%/-9%/-12%补) 均价止盈3% 止损离第一笔22% 拿72h,321,77,0.67,0.89,-14.0,,325,86,1.46,0.89,-16.1,,363,88,0.96,0.89,-14.0,
60分钟 多空比极端 补仓I(1:1:1:2:2:3，-2%/-4%/-6%/-9%/-12%补) 均价止盈5% 止损离第一笔15% 拿24h,380,63,0.97,0.87,-7.4,,359,74,1.67,0.85,-8.6,✔,403,68,0.79,0.94,-7.4,
60分钟 多空比极端 补仓I(1:1:1:2:2:3，-2%/-4%/-6%/-9%/-12%补) 均价止盈5% 止损离第一笔15% 拿72h,307,67,0.7,0.91,-8.6,,309,80,1.25,0.87,-8.6,,322,75,0.88,0.87,-8.6,
60分钟 多空比极端 补仓I(1:1:1:2:2:3，-2%/-4%/-6%/-9%/-12%补) 均价止盈5% 止损离第一笔18% 拿24h,379,64,0.93,0.86,-10.2,,355,74,1.98,0.88,-11.8,✔,400,69,0.82,0.98,-10.2,
60分钟 多空比极端 补仓I(1:1:1:2:2:3，-2%/-4%/-6%/-9%/-12%补) 均价止盈5% 止损离第一笔18% 拿72h,303,68,0.69,0.87,-11.8,,304,81,1.31,0.79,-11.8,✔,314,77,0.94,0.97,-10.2,
60分钟 多空比极端 补仓I(1:1:1:2:2:3，-2%/-4%/-6%/-9%/-12%补) 均价止盈5% 止损离第一笔22% 拿24h,377,64,0.98,0.91,-14.0,,355,75,2.02,0.65,-16.1,✔,394,69,0.98,0.87,-14.0,
60分钟 多空比极端 补仓I(1:1:1:2:2:3，-2%/-4%/-6%/-9%/-12%补) 均价止盈5% 止损离第一笔22% 拿72h,302,69,0.74,0.78,-14.0,,300,81,1.56,0.75,-16.1,✔,308,78,0.92,0.7,-14.0,
60分钟 多空比极端 补仓I(1:1:1:2:2:3，-2%/-4%/-6%/-9%/-12%补) 均价止盈8% 止损离第一笔15% 拿24h,374,61,1.01,0.86,-7.4,,358,73,2.07,0.82,-8.6,✔,396,66,0.79,1.0,-7.4,
60分钟 多空比极端 补仓I(1:1:1:2:2:3，-2%/-4%/-6%/-9%/-12%补) 均价止盈8% 止损离第一笔15% 拿72h,288,63,0.8,0.7,-8.6,,299,74,1.4,0.68,-8.6,,306,69,0.91,0.86,-8.6,
60分钟 多空比极端 补仓I(1:1:1:2:2:3，-2%/-4%/-6%/-9%/-12%补) 均价止盈8% 止损离第一笔18% 拿24h,373,61,0.9,0.78,-10.2,,354,74,2.47,0.82,-11.8,✔,390,67,0.82,0.87,-10.2,
60分钟 多空比极端 补仓I(1:1:1:2:2:3，-2%/-4%/-6%/-9%/-12%补) 均价止盈8% 止损离第一笔18% 拿72h,285,64,0.74,0.76,-11.8,,294,74,1.44,0.8,-11.8,✔,295,71,0.96,1.04,-10.2,
60分钟 多空比极端 补仓I(1:1:1:2:2:3，-2%/-4%/-6%/-9%/-12%补) 均价止盈8% 止损离第一笔22% 拿24h,371,61,0.95,0.85,-14.0,,354,74,2.54,0.77,-16.1,✔,386,67,0.98,0.73,-14.0,
60分钟 多空比极端 补仓I(1:1:1:2:2:3，-2%/-4%/-6%/-9%/-12%补) 均价止盈8% 止损离第一笔22% 拿72h,284,64,0.67,0.65,-16.1,,290,74,1.68,0.64,-16.1,✔,289,72,0.95,0.94,-14.0,
60分钟 堆叠失衡回踩 补仓E(1:1:1:1:1，-2%/-4%/-6%/-8%补) 均价止盈1% 止损离第一笔11% 拿24h,2393,82,0.78,0.83,-7.5,,1016,83,0.91,0.67,-7.5,,2991,87,0.87,0.96,-7.5,
60分钟 堆叠失衡回踩 补仓E(1:1:1:1:1，-2%/-4%/-6%/-8%补) 均价止盈1% 止损离第一笔11% 拿72h,2132,91,0.77,0.9,-7.5,,935,93,1.03,0.86,-7.5,,2758,95,0.96,0.99,-7.5,
60分钟 堆叠失衡回踩 补仓E(1:1:1:1:1，-2%/-4%/-6%/-8%补) 均价止盈1% 止损离第一笔14% 拿24h,2385,82,0.76,0.81,-10.6,,1016,83,0.91,0.93,-10.6,,2974,87,0.84,0.95,-10.6,
60分钟 堆叠失衡回踩 补仓E(1:1:1:1:1，-2%/-4%/-6%/-8%补) 均价止盈1% 止损离第一笔14% 拿72h,2100,92,0.73,0.83,-10.6,,926,94,1.19,0.7,-10.6,✔,2693,95,0.92,0.95,-10.6,
60分钟 堆叠失衡回踩 补仓E(1:1:1:1:1，-2%/-4%/-6%/-8%补) 均价止盈1% 止损离第一笔18% 拿24h,2380,82,0.74,0.8,-13.6,,1015,83,0.88,0.77,-14.7,,2971,87,0.82,0.96,-14.7,
60分钟 堆叠失衡回踩 补仓E(1:1:1:1:1，-2%/-4%/-6%/-8%补) 均价止盈1% 止损离第一笔18% 拿72h,2076,92,0.69,0.76,-14.7,,923,94,1.22,0.86,-14.7,✔,2674,96,0.92,0.97,-14.7,
60分钟 堆叠失衡回踩 补仓E(1:1:1:1:1，-2%/-4%/-6%/-8%补) 均价止盈2% 止损离第一笔11% 拿24h,2060,70,0.88,0.86,-7.5,,892,71,0.99,0.94,-7.5,,2370,74,0.89,0.96,-7.5,
60分钟 堆叠失衡回踩 补仓E(1:1:1:1:1，-2%/-4%/-6%/-8%补) 均价止盈2% 止损离第一笔11% 拿72h,1665,82,0.93,0.84,-7.5,,745,86,1.23,1.09,-7.5,✔,1942,86,0.93,1.01,-7.5,
60分钟 堆叠失衡回踩 补仓E(1:1:1:1:1，-2%/-4%/-6%/-8%补) 均价止盈2% 止损离第一笔14% 拿24h,2050,70,0.85,0.84,-10.6,,892,71,0.94,0.88,-10.6,,2356,75,0.87,0.86,-10.6,
60分钟 堆叠失衡回踩 补仓E(1:1:1:1:1，-2%/-4%/-6%/-8%补) 均价止盈2% 止损离第一笔14% 拿72h,1634,83,0.91,0.89,-10.6,,735,86,1.26,0.86,-10.6,✔,1887,87,0.92,0.95,-10.6,
60分钟 堆叠失衡回踩 补仓E(1:1:1:1:1，-2%/-4%/-6%/-8%补) 均价止盈2% 止损离第一笔18% 拿24h,2044,70,0.82,0.85,-14.7,,891,71,0.92,0.87,-14.7,,2348,75,0.85,0.95,-14.7,
60分钟 堆叠失衡回踩 补仓E(1:1:1:1:1，-2%/-4%/-6%/-8%补) 均价止盈2% 止损离第一笔18% 拿72h,1605,83,0.81,0.89,-14.7,,731,86,1.3,1.08,-14.7,✔,1850,88,0.9,0.89,-14.7,
60分钟 堆叠失衡回踩 补仓E(1:1:1:1:1，-2%/-4%/-6%/-8%补) 均价止盈3% 止损离第一笔11% 拿24h,1901,64,0.97,0.92,-7.5,,834,62,0.87,0.9,-7.5,,2096,67,0.86,0.93,-7.5,
60分钟 堆叠失衡回踩 补仓E(1:1:1:1:1，-2%/-4%/-6%/-8%补) 均价止盈3% 止损离第一笔11% 拿72h,1418,76,0.99,0.83,-7.5,,648,77,1.11,0.89,-7.5,✔,1549,78,0.92,0.93,-7.5,
60分钟 堆叠失衡回踩 补仓E(1:1:1:1:1，-2%/-4%/-6%/-8%补) 均价止盈3% 止损离第一笔14% 拿24h,1892,64,0.95,0.86,-10.6,,834,62,0.81,0.92,-10.6,,2083,67,0.85,0.9,-10.6,
60分钟 堆叠失衡回踩 补仓E(1:1:1:1:1，-2%/-4%/-6%/-8%补) 均价止盈3% 止损离第一笔14% 拿72h,1383,76,0.93,0.9,-10.6,,640,77,1.11,1.05,-10.6,,1503,79,0.88,0.88,-10.6,
60分钟 堆叠失衡回踩 补仓E(1:1:1:1:1，-2%/-4%/-6%/-8%补) 均价止盈3% 止损离第一笔18% 拿24h,1889,64,0.91,0.85,-14.7,,833,62,0.77,0.87,-14.7,,2076,67,0.84,0.98,-14.7,
60分钟 堆叠失衡回踩 补仓E(1:1:1:1:1，-2%/-4%/-6%/-8%补) 均价止盈3% 止损离第一笔18% 拿72h,1360,77,0.87,0.8,-14.7,,636,77,1.16,0.97,-14.7,✔,1462,80,0.9,1.0,-14.7,
60分钟 堆叠失衡回踩 补仓E(1:1:1:1:1，-2%/-4%/-6%/-8%补) 均价止盈5% 止损离第一笔11% 拿24h,1757,59,0.92,0.86,-7.5,,796,59,0.89,1.06,-7.5,,1867,62,0.88,0.95,-7.5,
60分钟 堆叠失衡回踩 补仓E(1:1:1:1:1，-2%/-4%/-6%/-8%补) 均价止盈5% 止损离第一笔11% 拿72h,1145,64,0.91,0.88,-7.5,,561,68,1.13,1.08,-7.5,,1230,70,1.01,0.89,-7.5,
60分钟 堆叠失衡回踩 补仓E(1:1:1:1:1，-2%/-4%/-6%/-8%补) 均价止盈5% 止损离第一笔14% 拿24h,1750,59,0.88,0.8,-10.6,,796,59,0.82,0.95,-10.6,,1856,62,0.87,0.92,-10.6,
60分钟 堆叠失衡回踩 补仓E(1:1:1:1:1，-2%/-4%/-6%/-8%补) 均价止盈5% 止损离第一笔14% 拿72h,1121,65,0.88,0.86,-10.6,,558,68,1.09,0.83,-10.6,,1186,71,0.93,0.83,-10.6,
60分钟 堆叠失衡回踩 补仓E(1:1:1:1:1，-2%/-4%/-6%/-8%补) 均价止盈5% 止损离第一笔18% 拿24h,1745,59,0.86,0.87,-14.7,,794,59,0.79,0.95,-14.7,,1849,62,0.87,0.9,-14.7,
60分钟 堆叠失衡回踩 补仓E(1:1:1:1:1，-2%/-4%/-6%/-8%补) 均价止盈5% 止损离第一笔18% 拿72h,1104,65,0.81,0.83,-14.7,,550,69,1.16,1.04,-14.7,✔,1152,72,0.94,0.98,-14.7,
60分钟 堆叠失衡回踩 补仓E(1:1:1:1:1，-2%/-4%/-6%/-8%补) 均价止盈8% 止损离第一笔11% 拿24h,1705,57,0.92,0.85,-7.5,,787,57,0.85,0.91,-7.5,,1754,60,0.83,0.86,-7.5,
60分钟 堆叠失衡回踩 补仓E(1:1:1:1:1，-2%/-4%/-6%/-8%补) 均价止盈8% 止损离第一笔11% 拿72h,1009,59,0.93,0.89,-7.5,,515,63,1.1,0.91,-7.5,✔,1029,63,1.04,0.9,-7.5,
60分钟 堆叠失衡回踩 补仓E(1:1:1:1:1，-2%/-4%/-6%/-8%补) 均价止盈8% 止损离第一笔14% 拿24h,1699,57,0.89,0.86,-10.6,,787,57,0.78,0.89,-10.6,,1746,60,0.82,0.85,-10.6,
60分钟 堆叠失衡回踩 补仓E(1:1:1:1:1，-2%/-4%/-6%/-8%补) 均价止盈8% 止损离第一笔14% 拿72h,986,60,0.86,0.83,-10.6,,512,63,1.08,0.95,-10.6,,1003,65,1.02,0.94,-10.6,
60分钟 堆叠失衡回踩 补仓E(1:1:1:1:1，-2%/-4%/-6%/-8%补) 均价止盈8% 止损离第一笔18% 拿24h,1695,57,0.87,0.8,-14.7,,785,57,0.73,1.03,-14.7,,1739,60,0.83,0.84,-14.7,
60分钟 堆叠失衡回踩 补仓E(1:1:1:1:1，-2%/-4%/-6%/-8%补) 均价止盈8% 止损离第一笔18% 拿72h,969,61,0.83,0.81,-14.7,,507,64,1.17,0.87,-14.7,✔,974,66,0.99,0.92,-14.7,
60分钟 堆叠失衡回踩 补仓F(1:1:1:1:1:1，-1.5%/-3%/-4.5%/-6%/-7.5%补) 均价止盈1% 止损离第一笔10% 拿24h,2436,84,0.9,0.88,-7.2,,1026,84,0.92,0.71,-7.2,,3043,88,0.86,0.98,-7.2,
60分钟 堆叠失衡回踩 补仓F(1:1:1:1:1:1，-1.5%/-3%/-4.5%/-6%/-7.5%补) 均价止盈1% 止损离第一笔10% 拿72h,2181,92,0.91,0.86,-7.2,,942,94,1.11,0.71,-7.2,,2820,95,0.96,0.95,-7.2,
60分钟 堆叠失衡回踩 补仓F(1:1:1:1:1:1，-1.5%/-3%/-4.5%/-6%/-7.5%补) 均价止盈1% 止损离第一笔14% 拿24h,2431,84,0.82,0.81,-9.6,,1026,84,0.92,0.76,-10.3,,3019,88,0.84,0.88,-10.3,
60分钟 堆叠失衡回踩 补仓F(1:1:1:1:1:1，-1.5%/-3%/-4.5%/-6%/-7.5%补) 均价止盈1% 止损离第一笔14% 拿72h,2157,93,0.81,0.76,-10.3,,934,94,1.27,0.81,-10.3,✔,2737,95,0.93,0.96,-10.3,
60分钟 堆叠失衡回踩 补仓F(1:1:1:1:1:1，-1.5%/-3%/-4.5%/-6%/-7.5%补) 均价止盈1% 止损离第一笔18% 拿24h,2426,84,0.82,0.76,-13.4,,1025,84,0.89,0.85,-14.4,,3014,88,0.81,1.02,-14.4,
60分钟 堆叠失衡回踩 补仓F(1:1:1:1:1:1，-1.5%/-3%/-4.5%/-6%/-7.5%补) 均价止盈1% 止损离第一笔18% 拿72h,2132,93,0.74,0.79,-14.4,,930,95,1.46,0.8,-14.4,✔,2718,96,0.91,0.96,-14.4,
60分钟 堆叠失衡回踩 补仓F(1:1:1:1:1:1，-1.5%/-3%/-4.5%/-6%/-7.5%补) 均价止盈2% 止损离第一笔10% 拿24h,2076,72,0.92,0.87,-7.2,,896,73,1.03,0.92,-7.2,,2412,76,0.89,0.96,-7.2,
60分钟 堆叠失衡回踩 补仓F(1:1:1:1:1:1，-1.5%/-3%/-4.5%/-6%/-7.5%补) 均价止盈2% 止损离第一笔10% 拿72h,1705,84,1.01,0.93,-7.2,,759,87,1.37,0.95,-7.2,✔,2030,87,0.96,0.98,-7.2,
60分钟 堆叠失衡回踩 补仓F(1:1:1:1:1:1，-1.5%/-3%/-4.5%/-6%/-7.5%补) 均价止盈2% 止损离第一笔14% 拿24h,2067,72,0.88,0.88,-10.3,,895,73,0.98,0.9,-10.3,,2389,76,0.89,0.93,-10.3,
60分钟 堆叠失衡回踩 补仓F(1:1:1:1:1:1，-1.5%/-3%/-4.5%/-6%/-7.5%补) 均价止盈2% 止损离第一笔14% 拿72h,1667,84,0.95,0.81,-10.3,,749,87,1.33,1.05,-10.3,✔,1946,88,0.97,0.97,-10.3,
60分钟 堆叠失衡回踩 补仓F(1:1:1:1:1:1，-1.5%/-3%/-4.5%/-6%/-7.5%补) 均价止盈2% 止损离第一笔18% 拿24h,2061,71,0.86,0.8,-14.4,,894,72,0.96,0.69,-14.4,,2380,76,0.85,0.95,-14.4,
60分钟 堆叠失衡回踩 补仓F(1:1:1:1:1:1，-1.5%/-3%/-4.5%/-6%/-7.5%补) 均价止盈2% 止损离第一笔18% 拿72h,1641,85,0.87,0.86,-14.4,,743,87,1.47,1.13,-14.4,✔,1908,89,0.92,0.92,-14.4,
60分钟 堆叠失衡回踩 补仓F(1:1:1:1:1:1，-1.5%/-3%/-4.5%/-6%/-7.5%补) 均价止盈3% 止损离第一笔10% 拿24h,1912,65,0.96,0.9,-7.2,,836,63,0.87,0.96,-7.2,,2111,68,0.87,0.95,-7.2,
60分钟 堆叠失衡回踩 补仓F(1:1:1:1:1:1，-1.5%/-3%/-4.5%/-6%/-7.5%补) 均价止盈3% 止损离第一笔10% 拿72h,1447,76,0.98,0.92,-7.2,,660,78,1.15,0.96,-7.2,✔,1605,79,0.93,0.96,-7.2,
60分钟 堆叠失衡回踩 补仓F(1:1:1:1:1:1，-1.5%/-3%/-4.5%/-6%/-7.5%补) 均价止盈3% 止损离第一笔14% 拿24h,1901,65,0.96,0.81,-10.3,,836,63,0.82,1.0,-10.3,,2093,68,0.86,0.95,-10.3,
60分钟 堆叠失衡回踩 补仓F(1:1:1:1:1:1，-1.5%/-3%/-4.5%/-6%/-7.5%补) 均价止盈3% 止损离第一笔14% 拿72h,1402,77,0.92,0.9,-10.3,,651,78,1.06,0.89,-10.3,,1544,81,0.95,0.91,-10.3,
60分钟 堆叠失衡回踩 补仓F(1:1:1:1:1:1，-1.5%/-3%/-4.5%/-6%/-7.5%补) 均价止盈3% 止损离第一笔18% 拿24h,1897,65,0.92,0.83,-14.4,,835,63,0.77,0.84,-14.4,,2087,68,0.83,0.88,-14.4,
60分钟 堆叠失衡回踩 补仓F(1:1:1:1:1:1，-1.5%/-3%/-4.5%/-6%/-7.5%补) 均价止盈3% 止损离第一笔18% 拿72h,1377,77,0.85,0.91,-14.4,,644,78,1.16,1.08,-14.4,,1502,81,0.94,0.87,-14.4,
60分钟 堆叠失衡回踩 补仓F(1:1:1:1:1:1，-1.5%/-3%/-4.5%/-6%/-7.5%补) 均价止盈5% 止损离第一笔10% 拿24h,1762,60,0.93,0.84,-7.2,,798,60,0.89,0.85,-7.2,,1874,63,0.84,0.97,-7.2,
60分钟 堆叠失衡回踩 补仓F(1:1:1:1:1:1，-1.5%/-3%/-4.5%/-6%/-7.5%补) 均价止盈5% 止损离第一笔10% 拿72h,1170,66,0.94,0.89,-7.2,,565,67,1.08,0.93,-7.2,,1252,69,0.95,0.91,-7.2,
60分钟 堆叠失衡回踩 补仓F(1:1:1:1:1:1，-1.5%/-3%/-4.5%/-6%/-7.5%补) 均价止盈5% 止损离第一笔14% 拿24h,1753,60,0.9,0.87,-10.3,,798,60,0.83,0.96,-10.3,,1859,63,0.85,0.87,-10.3,
60分钟 堆叠失衡回踩 补仓F(1:1:1:1:1:1，-1.5%/-3%/-4.5%/-6%/-7.5%补) 均价止盈5% 止损离第一笔14% 拿72h,1135,66,0.89,0.95,-10.3,,560,68,0.99,0.85,-10.3,,1190,70,0.89,0.91,-10.3,
60分钟 堆叠失衡回踩 补仓F(1:1:1:1:1:1，-1.5%/-3%/-4.5%/-6%/-7.5%补) 均价止盈5% 止损离第一笔18% 拿24h,1746,60,0.85,0.84,-14.4,,796,60,0.79,0.96,-14.4,,1851,63,0.86,0.96,-14.4,
60分钟 堆叠失衡回踩 补仓F(1:1:1:1:1:1，-1.5%/-3%/-4.5%/-6%/-7.5%补) 均价止盈5% 止损离第一笔18% 拿72h,1118,67,0.83,0.8,-14.4,,552,68,1.03,0.85,-14.4,,1155,71,0.9,0.86,-14.4,
60分钟 堆叠失衡回踩 补仓F(1:1:1:1:1:1，-1.5%/-3%/-4.5%/-6%/-7.5%补) 均价止盈8% 止损离第一笔10% 拿24h,1708,59,0.96,0.88,-7.2,,787,58,0.88,0.99,-7.2,,1757,61,0.81,0.93,-7.2,
60分钟 堆叠失衡回踩 补仓F(1:1:1:1:1:1，-1.5%/-3%/-4.5%/-6%/-7.5%补) 均价止盈8% 止损离第一笔10% 拿72h,1012,60,0.92,0.97,-7.2,,517,63,1.14,1.05,-7.2,,1044,62,0.94,0.94,-7.2,
60分钟 堆叠失衡回踩 补仓F(1:1:1:1:1:1，-1.5%/-3%/-4.5%/-6%/-7.5%补) 均价止盈8% 止损离第一笔14% 拿24h,1701,59,0.93,0.83,-10.3,,787,58,0.81,0.86,-10.3,,1748,61,0.81,0.92,-10.3,
60分钟 堆叠失衡回踩 补仓F(1:1:1:1:1:1，-1.5%/-3%/-4.5%/-6%/-7.5%补) 均价止盈8% 止损离第一笔14% 拿72h,988,61,0.86,0.83,-10.3,,512,64,1.03,1.04,-10.3,,1002,64,0.92,0.88,-10.3,
60分钟 堆叠失衡回踩 补仓F(1:1:1:1:1:1，-1.5%/-3%/-4.5%/-6%/-7.5%补) 均价止盈8% 止损离第一笔18% 拿24h,1697,59,0.91,0.83,-14.4,,785,58,0.75,1.05,-14.4,,1742,61,0.82,0.88,-14.4,
60分钟 堆叠失衡回踩 补仓F(1:1:1:1:1:1，-1.5%/-3%/-4.5%/-6%/-7.5%补) 均价止盈8% 止损离第一笔18% 拿72h,974,61,0.8,0.81,-14.4,,506,64,1.12,1.2,-14.4,,979,65,0.97,0.92,-14.4,
60分钟 堆叠失衡回踩 补仓G(1:1:2:2:4，-2%/-4%/-6%/-8%补) 均价止盈1% 止损离第一笔11% 拿24h,2417,83,0.76,0.98,-6.1,,1021,84,1.03,0.7,-6.1,,3034,89,0.97,0.96,-6.1,
60分钟 堆叠失衡回踩 补仓G(1:1:2:2:4，-2%/-4%/-6%/-8%补) 均价止盈1% 止损离第一笔11% 拿72h,2185,93,0.74,0.91,-6.1,,949,95,1.13,1.04,-6.1,,2858,96,1.05,1.07,-6.1,
60分钟 堆叠失衡回踩 补仓G(1:1:2:2:4，-2%/-4%/-6%/-8%补) 均价止盈1% 止损离第一笔14% 拿24h,2411,83,0.75,0.84,-9.3,,1021,84,1.04,0.87,-9.3,,3022,89,0.93,0.94,-9.3,
60分钟 堆叠失衡回踩 补仓G(1:1:2:2:4，-2%/-4%/-6%/-8%补) 均价止盈1% 止损离第一笔14% 拿72h,2159,93,0.68,0.76,-9.3,,944,96,1.48,0.82,-9.3,✔,2821,97,0.97,1.01,-9.3,
60分钟 堆叠失衡回踩 补仓G(1:1:2:2:4，-2%/-4%/-6%/-8%补) 均价止盈1% 止损离第一笔18% 拿24h,2406,83,0.72,0.82,-12.1,,1021,84,1.04,0.76,-13.5,,3018,89,0.87,0.96,-13.5,
60分钟 堆叠失衡回踩 补仓G(1:1:2:2:4，-2%/-4%/-6%/-8%补) 均价止盈1% 止损离第一笔18% 拿72h,2139,94,0.62,0.75,-13.5,,942,96,1.54,0.96,-13.5,✔,2802,97,0.86,0.95,-13.5,
60分钟 堆叠失衡回踩 补仓G(1:1:2:2:4，-2%/-4%/-6%/-8%补) 均价止盈2% 止损离第一笔11% 拿24h,2073,72,0.87,0.87,-6.1,,898,73,1.03,0.84,-6.1,,2393,77,0.91,1.0,-6.1,
60分钟 堆叠失衡回踩 补仓G(1:1:2:2:4，-2%/-4%/-6%/-8%补) 均价止盈2% 止损离第一笔11% 拿72h,1706,85,0.93,0.94,-6.1,,768,89,1.39,0.92,-6.1,✔,2013,89,1.0,0.99,-6.1,
60分钟 堆叠失衡回踩 补仓G(1:1:2:2:4，-2%/-4%/-6%/-8%补) 均价止盈2% 止损离第一笔14% 拿24h,2063,72,0.85,0.93,-9.3,,898,73,0.94,0.81,-9.3,,2381,77,0.92,1.03,-9.3,
60分钟 堆叠失衡回踩 补仓G(1:1:2:2:4，-2%/-4%/-6%/-8%补) 均价止盈2% 止损离第一笔14% 拿72h,1676,86,0.88,0.79,-9.3,,758,89,1.36,0.9,-9.3,✔,1965,90,0.94,0.86,-9.3,
60分钟 堆叠失衡回踩 补仓G(1:1:2:2:4，-2%/-4%/-6%/-8%补) 均价止盈2% 止损离第一笔18% 拿24h,2057,72,0.81,0.9,-12.1,,897,73,0.98,0.79,-13.5,,2375,77,0.87,1.0,-13.5,
60分钟 堆叠失衡回踩 补仓G(1:1:2:2:4，-2%/-4%/-6%/-8%补) 均价止盈2% 止损离第一笔18% 拿72h,1651,86,0.76,0.72,-13.5,,754,89,1.47,0.87,-13.5,✔,1941,91,0.88,1.01,-13.5,
60分钟 堆叠失衡回踩 补仓G(1:1:2:2:4，-2%/-4%/-6%/-8%补) 均价止盈3% 止损离第一笔11% 拿24h,1910,66,0.98,0.9,-6.1,,836,63,0.88,0.74,-6.1,,2112,69,0.91,0.99,-6.1,
60分钟 堆叠失衡回踩 补仓G(1:1:2:2:4，-2%/-4%/-6%/-8%补) 均价止盈3% 止损离第一笔11% 拿72h,1455,79,1.01,0.93,-6.1,,652,80,1.22,1.11,-6.1,✔,1620,82,0.95,1.02,-6.1,
60分钟 堆叠失衡回踩 补仓G(1:1:2:2:4，-2%/-4%/-6%/-8%补) 均价止盈3% 止损离第一笔14% 拿24h,1901,66,0.93,0.83,-9.3,,836,63,0.79,0.93,-9.3,,2099,69,0.91,0.94,-9.3,
60分钟 堆叠失衡回踩 补仓G(1:1:2:2:4，-2%/-4%/-6%/-8%补) 均价止盈3% 止损离第一笔14% 拿72h,1427,80,0.92,0.8,-9.3,,644,81,1.17,0.93,-9.3,✔,1572,83,0.93,0.93,-9.3,
60分钟 堆叠失衡回踩 补仓G(1:1:2:2:4，-2%/-4%/-6%/-8%补) 均价止盈3% 止损离第一笔18% 拿24h,1898,66,0.88,0.79,-13.5,,835,63,0.73,0.83,-13.5,,2091,69,0.87,0.89,-13.5,
60分钟 堆叠失衡回踩 补仓G(1:1:2:2:4，-2%/-4%/-6%/-8%补) 均价止盈3% 止损离第一笔18% 拿72h,1401,80,0.81,0.83,-13.5,,640,81,1.23,0.97,-13.5,✔,1537,84,0.94,0.97,-13.5,
60分钟 堆叠失衡回踩 补仓G(1:1:2:2:4，-2%/-4%/-6%/-8%补) 均价止盈5% 止损离第一笔11% 拿24h,1761,60,0.89,0.86,-6.1,,796,60,0.9,0.91,-6.1,,1874,64,0.89,0.92,-6.1,
60分钟 堆叠失衡回踩 补仓G(1:1:2:2:4，-2%/-4%/-6%/-8%补) 均价止盈5% 止损离第一笔11% 拿72h,1156,68,0.9,0.88,-6.1,,563,71,1.13,1.04,-6.1,,1254,73,0.99,0.93,-6.1,
60分钟 堆叠失衡回踩 补仓G(1:1:2:2:4，-2%/-4%/-6%/-8%补) 均价止盈5% 止损离第一笔14% 拿24h,1752,60,0.84,0.78,-9.3,,796,60,0.8,0.91,-9.3,,1861,65,0.88,0.87,-9.3,
60分钟 堆叠失衡回踩 补仓G(1:1:2:2:4，-2%/-4%/-6%/-8%补) 均价止盈5% 止损离第一笔14% 拿72h,1128,68,0.82,0.81,-9.3,,559,72,1.11,0.92,-9.3,,1208,75,0.89,0.95,-9.3,
60分钟 堆叠失衡回踩 补仓G(1:1:2:2:4，-2%/-4%/-6%/-8%补) 均价止盈5% 止损离第一笔18% 拿24h,1748,60,0.82,0.85,-13.5,,794,60,0.75,0.85,-13.5,,1858,65,0.88,0.94,-13.5,
60分钟 堆叠失衡回踩 补仓G(1:1:2:2:4，-2%/-4%/-6%/-8%补) 均价止盈5% 止损离第一笔18% 拿72h,1112,69,0.74,0.82,-13.5,,552,72,1.16,1.08,-13.5,,1181,76,0.89,0.96,-13.5,
60分钟 堆叠失衡回踩 补仓G(1:1:2:2:4，-2%/-4%/-6%/-8%补) 均价止盈8% 止损离第一笔11% 拿24h,1706,59,0.92,0.78,-6.1,,787,58,0.92,0.99,-6.1,,1755,62,0.85,0.89,-6.1,
60分钟 堆叠失衡回踩 补仓G(1:1:2:2:4，-2%/-4%/-6%/-8%补) 均价止盈8% 止损离第一笔11% 拿72h,1015,63,0.92,0.8,-6.1,,517,66,1.13,0.92,-6.1,✔,1038,68,1.05,0.92,-6.1,
60分钟 堆叠失衡回踩 补仓G(1:1:2:2:4，-2%/-4%/-6%/-8%补) 均价止盈8% 止损离第一笔14% 拿24h,1700,59,0.88,0.85,-9.3,,787,58,0.8,0.81,-9.3,,1748,63,0.84,0.86,-9.3,
60分钟 堆叠失衡回踩 补仓G(1:1:2:2:4，-2%/-4%/-6%/-8%补) 均价止盈8% 止损离第一笔14% 拿72h,992,63,0.84,0.79,-9.3,,514,67,1.08,0.88,-9.3,,1012,70,1.01,0.95,-9.3,
60分钟 堆叠失衡回踩 补仓G(1:1:2:2:4，-2%/-4%/-6%/-8%补) 均价止盈8% 止损离第一笔18% 拿24h,1696,59,0.86,0.77,-13.5,,785,58,0.74,0.89,-13.5,,1741,63,0.86,0.83,-13.5,
60分钟 堆叠失衡回踩 补仓G(1:1:2:2:4，-2%/-4%/-6%/-8%补) 均价止盈8% 止损离第一笔18% 拿72h,974,64,0.79,0.72,-13.5,,507,67,1.16,0.95,-13.5,✔,981,71,0.97,1.05,-13.5,
60分钟 堆叠失衡回踩 补仓H(1:1:1:1:1:1:1:1，-1%/-2%/-3%/-4%/-5%/-6%/-7%补) 均价止盈1% 止损离第一笔10% 拿24h,2460,84,0.83,0.8,-6.9,,1032,86,0.9,0.99,-6.9,,3110,90,0.93,1.02,-6.9,
60分钟 堆叠失衡回踩 补仓H(1:1:1:1:1:1:1:1，-1%/-2%/-3%/-4%/-5%/-6%/-7%补) 均价止盈1% 止损离第一笔10% 拿72h,2231,93,0.83,0.85,-6.9,,960,94,1.02,0.8,-6.9,,2905,95,1.01,0.91,-6.9,
60分钟 堆叠失衡回踩 补仓H(1:1:1:1:1:1:1:1，-1%/-2%/-3%/-4%/-5%/-6%/-7%补) 均价止盈1% 止损离第一笔13% 拿24h,2455,85,0.77,0.8,-10.0,,1031,86,0.91,0.74,-10.0,,3089,90,0.89,0.89,-10.0,
60分钟 堆叠失衡回踩 补仓H(1:1:1:1:1:1:1:1，-1%/-2%/-3%/-4%/-5%/-6%/-7%补) 均价止盈1% 止损离第一笔13% 拿72h,2197,93,0.77,0.85,-10.0,,951,94,1.12,0.81,-10.0,✔,2833,96,0.97,0.91,-10.0,
60分钟 堆叠失衡回踩 补仓H(1:1:1:1:1:1:1:1，-1%/-2%/-3%/-4%/-5%/-6%/-7%补) 均价止盈1% 止损离第一笔17% 拿24h,2449,85,0.78,0.81,-13.2,,1030,86,0.87,0.82,-14.1,,3081,90,0.87,0.88,-14.1,
60分钟 堆叠失衡回踩 补仓H(1:1:1:1:1:1:1:1，-1%/-2%/-3%/-4%/-5%/-6%/-7%补) 均价止盈1% 止损离第一笔17% 拿72h,2175,93,0.71,0.79,-14.1,,947,95,1.16,0.73,-14.1,✔,2808,96,0.97,0.91,-14.1,
60分钟 堆叠失衡回踩 补仓H(1:1:1:1:1:1:1:1，-1%/-2%/-3%/-4%/-5%/-6%/-7%补) 均价止盈2% 止损离第一笔10% 拿24h,2096,73,0.92,0.96,-6.9,,904,74,1.01,0.79,-6.9,,2443,77,0.92,0.95,-6.9,
60分钟 堆叠失衡回踩 补仓H(1:1:1:1:1:1:1:1，-1%/-2%/-3%/-4%/-5%/-6%/-7%补) 均价止盈2% 止损离第一笔10% 拿72h,1738,84,0.97,0.96,-6.9,,772,87,1.25,0.96,-6.9,✔,2088,88,0.97,0.98,-6.9,
60分钟 堆叠失衡回踩 补仓H(1:1:1:1:1:1:1:1，-1%/-2%/-3%/-4%/-5%/-6%/-7%补) 均价止盈2% 止损离第一笔13% 拿24h,2087,73,0.86,0.86,-10.0,,902,74,0.99,0.77,-10.0,,2421,78,0.91,0.97,-10.0,
60分钟 堆叠失衡回踩 补仓H(1:1:1:1:1:1:1:1，-1%/-2%/-3%/-4%/-5%/-6%/-7%补) 均价止盈2% 止损离第一笔13% 拿72h,1688,85,0.89,0.86,-10.0,,760,88,1.29,0.94,-10.0,✔,1995,89,0.97,0.92,-10.0,
60分钟 堆叠失衡回踩 补仓H(1:1:1:1:1:1:1:1，-1%/-2%/-3%/-4%/-5%/-6%/-7%补) 均价止盈2% 止损离第一笔17% 拿24h,2079,73,0.86,0.79,-13.2,,901,74,0.93,0.84,-14.1,,2409,78,0.88,0.96,-14.1,
60分钟 堆叠失衡回踩 补仓H(1:1:1:1:1:1:1:1，-1%/-2%/-3%/-4%/-5%/-6%/-7%补) 均价止盈2% 止损离第一笔17% 拿72h,1660,85,0.84,0.8,-14.1,,754,88,1.32,1.09,-14.1,✔,1949,89,0.93,0.87,-14.1,
60分钟 堆叠失衡回踩 补仓H(1:1:1:1:1:1:1:1，-1%/-2%/-3%/-4%/-5%/-6%/-7%补) 均价止盈3% 止损离第一笔10% 拿24h,1932,67,1.0,0.88,-6.9,,842,66,0.87,0.9,-6.9,,2132,69,0.85,0.93,-6.9,
60分钟 堆叠失衡回踩 补仓H(1:1:1:1:1:1:1:1，-1%/-2%/-3%/-4%/-5%/-6%/-7%补) 均价止盈3% 止损离第一笔10% 拿72h,1480,78,1.02,0.94,-6.9,,670,79,1.14,0.97,-6.9,✔,1642,79,0.89,0.98,-6.9,
60分钟 堆叠失衡回踩 补仓H(1:1:1:1:1:1:1:1，-1%/-2%/-3%/-4%/-5%/-6%/-7%补) 均价止盈3% 止损离第一笔13% 拿24h,1923,67,0.96,0.9,-10.0,,841,66,0.84,0.9,-10.0,,2108,69,0.83,0.96,-10.0,
60分钟 堆叠失衡回踩 补仓H(1:1:1:1:1:1:1:1，-1%/-2%/-3%/-4%/-5%/-6%/-7%补) 均价止盈3% 止损离第一笔13% 拿72h,1427,78,0.98,0.88,-10.0,,655,80,1.16,0.94,-10.0,✔,1562,81,0.89,0.89,-10.0,
60分钟 堆叠失衡回踩 补仓H(1:1:1:1:1:1:1:1，-1%/-2%/-3%/-4%/-5%/-6%/-7%补) 均价止盈3% 止损离第一笔17% 拿24h,1916,67,0.94,0.9,-14.1,,840,66,0.79,1.08,-14.1,,2097,69,0.83,0.91,-14.1,
60分钟 堆叠失衡回踩 补仓H(1:1:1:1:1:1:1:1，-1%/-2%/-3%/-4%/-5%/-6%/-7%补) 均价止盈3% 止损离第一笔17% 拿72h,1402,78,0.88,0.78,-14.1,,650,80,1.26,1.12,-14.1,✔,1514,81,0.89,0.91,-14.1,
60分钟 堆叠失衡回踩 补仓H(1:1:1:1:1:1:1:1，-1%/-2%/-3%/-4%/-5%/-6%/-7%补) 均价止盈5% 止损离第一笔10% 拿24h,1768,62,0.95,0.83,-6.9,,799,62,0.9,0.89,-6.9,,1881,64,0.83,0.96,-6.9,
60分钟 堆叠失衡回踩 补仓H(1:1:1:1:1:1:1:1，-1%/-2%/-3%/-4%/-5%/-6%/-7%补) 均价止盈5% 止损离第一笔10% 拿72h,1184,66,0.94,0.91,-6.9,,573,69,1.05,1.02,-6.9,,1273,70,0.95,0.95,-6.9,
60分钟 堆叠失衡回踩 补仓H(1:1:1:1:1:1:1:1，-1%/-2%/-3%/-4%/-5%/-6%/-7%补) 均价止盈5% 止损离第一笔13% 拿24h,1759,62,0.91,0.84,-10.0,,798,62,0.85,0.93,-10.0,,1863,64,0.82,0.97,-10.0,
60分钟 堆叠失衡回踩 补仓H(1:1:1:1:1:1:1:1，-1%/-2%/-3%/-4%/-5%/-6%/-7%补) 均价止盈5% 止损离第一笔13% 拿72h,1147,67,0.92,0.88,-10.0,,565,70,1.07,1.06,-10.0,,1199,71,0.91,0.88,-10.0,
60分钟 堆叠失衡回踩 补仓H(1:1:1:1:1:1:1:1，-1%/-2%/-3%/-4%/-5%/-6%/-7%补) 均价止盈5% 止损离第一笔17% 拿24h,1752,62,0.87,0.81,-14.1,,797,62,0.79,0.96,-14.1,,1857,64,0.87,0.86,-14.1,
60分钟 堆叠失衡回踩 补仓H(1:1:1:1:1:1:1:1，-1%/-2%/-3%/-4%/-5%/-6%/-7%补) 均价止盈5% 止损离第一笔17% 拿72h,1125,67,0.84,0.89,-14.1,,557,71,1.11,0.9,-14.1,✔,1165,72,0.91,0.93,-14.1,
60分钟 堆叠失衡回踩 补仓H(1:1:1:1:1:1:1:1，-1%/-2%/-3%/-4%/-5%/-6%/-7%补) 均价止盈8% 止损离第一笔10% 拿24h,1710,61,0.94,0.83,-6.9,,788,60,0.85,0.98,-6.9,,1761,62,0.81,0.93,-6.9,
60分钟 堆叠失衡回踩 补仓H(1:1:1:1:1:1:1:1，-1%/-2%/-3%/-4%/-5%/-6%/-7%补) 均价止盈8% 止损离第一笔10% 拿72h,1023,61,0.9,0.92,-6.9,,523,64,1.11,1.01,-6.9,✔,1058,63,0.97,0.93,-6.9,
60分钟 堆叠失衡回踩 补仓H(1:1:1:1:1:1:1:1，-1%/-2%/-3%/-4%/-5%/-6%/-7%补) 均价止盈8% 止损离第一笔13% 拿24h,1702,61,0.93,0.86,-10.0,,787,60,0.8,0.9,-10.0,,1750,63,0.81,0.84,-10.0,
60分钟 堆叠失衡回踩 补仓H(1:1:1:1:1:1:1:1，-1%/-2%/-3%/-4%/-5%/-6%/-7%补) 均价止盈8% 止损离第一笔13% 拿72h,994,62,0.89,0.8,-10.0,,514,64,1.05,1.04,-10.0,,1009,65,0.98,0.88,-10.0,
60分钟 堆叠失衡回踩 补仓H(1:1:1:1:1:1:1:1，-1%/-2%/-3%/-4%/-5%/-6%/-7%补) 均价止盈8% 止损离第一笔17% 拿24h,1698,61,0.89,0.82,-14.1,,786,60,0.73,0.87,-14.1,,1744,63,0.84,0.94,-14.1,
60分钟 堆叠失衡回踩 补仓H(1:1:1:1:1:1:1:1，-1%/-2%/-3%/-4%/-5%/-6%/-7%补) 均价止盈8% 止损离第一笔17% 拿72h,978,62,0.79,0.82,-14.1,,510,65,1.1,1.06,-14.1,,986,66,1.0,0.87,-14.1,
60分钟 堆叠失衡回踩 补仓I(1:1:1:2:2:3，-2%/-4%/-6%/-9%/-12%补) 均价止盈1% 止损离第一笔15% 拿24h,2386,82,0.78,0.81,-7.4,,1018,83,0.94,0.7,-7.4,,2985,88,0.83,0.92,-8.6,
60分钟 堆叠失衡回踩 补仓I(1:1:1:2:2:3，-2%/-4%/-6%/-9%/-12%补) 均价止盈1% 止损离第一笔15% 拿72h,2103,93,0.71,0.82,-8.6,,935,95,1.33,0.74,-8.6,✔,2727,96,0.9,1.03,-8.6,
60分钟 堆叠失衡回踩 补仓I(1:1:1:2:2:3，-2%/-4%/-6%/-9%/-12%补) 均价止盈1% 止损离第一笔18% 拿24h,2385,82,0.73,0.76,-10.2,,1017,83,0.95,0.72,-11.8,,2981,88,0.79,0.89,-11.8,
60分钟 堆叠失衡回踩 补仓I(1:1:1:2:2:3，-2%/-4%/-6%/-9%/-12%补) 均价止盈1% 止损离第一笔18% 拿72h,2088,93,0.67,0.81,-11.8,,934,95,1.31,1.02,-11.8,,2714,97,0.87,0.95,-11.8,
60分钟 堆叠失衡回踩 补仓I(1:1:1:2:2:3，-2%/-4%/-6%/-9%/-12%补) 均价止盈1% 止损离第一笔22% 拿24h,2385,82,0.7,0.86,-14.0,,1017,83,0.88,0.91,-16.1,,2978,88,0.77,1.03,-16.1,
60分钟 堆叠失衡回踩 补仓I(1:1:1:2:2:3，-2%/-4%/-6%/-9%/-12%补) 均价止盈1% 止损离第一笔22% 拿72h,2078,93,0.61,0.8,-14.0,,933,95,1.27,0.92,-16.1,✔,2695,97,0.85,0.93,-16.1,
60分钟 堆叠失衡回踩 补仓I(1:1:1:2:2:3，-2%/-4%/-6%/-9%/-12%补) 均价止盈2% 止损离第一笔15% 拿24h,2053,71,0.88,0.86,-8.6,,894,71,0.93,0.87,-8.6,,2364,76,0.87,0.93,-8.6,
60分钟 堆叠失衡回踩 补仓I(1:1:1:2:2:3，-2%/-4%/-6%/-9%/-12%补) 均价止盈2% 止损离第一笔15% 拿72h,1634,84,0.82,0.78,-8.6,,740,89,1.47,1.08,-8.6,✔,1911,89,0.86,0.99,-8.6,
60分钟 堆叠失衡回踩 补仓I(1:1:1:2:2:3，-2%/-4%/-6%/-9%/-12%补) 均价止盈2% 止损离第一笔18% 拿24h,2051,71,0.82,0.84,-11.8,,893,71,0.93,0.87,-11.8,,2359,76,0.83,1.0,-11.8,
60分钟 堆叠失衡回踩 补仓I(1:1:1:2:2:3，-2%/-4%/-6%/-9%/-12%补) 均价止盈2% 止损离第一笔18% 拿72h,1617,84,0.73,0.73,-11.8,,739,89,1.57,0.99,-11.8,✔,1895,89,0.85,0.99,-11.8,
60分钟 堆叠失衡回踩 补仓I(1:1:1:2:2:3，-2%/-4%/-6%/-9%/-12%补) 均价止盈2% 止损离第一笔22% 拿24h,2050,71,0.79,0.85,-14.0,,893,71,0.87,0.85,-16.1,,2357,76,0.79,0.92,-16.1,
60分钟 堆叠失衡回踩 补仓I(1:1:1:2:2:3，-2%/-4%/-6%/-9%/-12%补) 均价止盈2% 止损离第一笔22% 拿72h,1599,84,0.68,0.75,-16.1,,739,89,1.52,0.91,-16.1,✔,1874,89,0.82,0.88,-16.1,
60分钟 堆叠失衡回踩 补仓I(1:1:1:2:2:3，-2%/-4%/-6%/-9%/-12%补) 均价止盈3% 止损离第一笔15% 拿24h,1892,64,0.93,0.79,-8.6,,835,62,0.77,0.87,-8.6,,2090,68,0.88,0.93,-8.6,
60分钟 堆叠失衡回踩 补仓I(1:1:1:2:2:3，-2%/-4%/-6%/-9%/-12%补) 均价止盈3% 止损离第一笔15% 拿72h,1393,78,0.83,0.76,-8.6,,640,80,1.19,0.85,-8.6,✔,1525,81,0.88,0.93,-8.6,
60分钟 堆叠失衡回踩 补仓I(1:1:1:2:2:3，-2%/-4%/-6%/-9%/-12%补) 均价止盈3% 止损离第一笔18% 拿24h,1892,64,0.87,0.8,-11.8,,834,62,0.75,0.97,-11.8,,2083,68,0.86,0.86,-11.8,
60分钟 堆叠失衡回踩 补仓I(1:1:1:2:2:3，-2%/-4%/-6%/-9%/-12%补) 均价止盈3% 止损离第一笔18% 拿72h,1374,78,0.77,0.71,-11.8,,638,80,1.37,0.82,-11.8,✔,1502,82,0.89,0.9,-11.8,
60分钟 堆叠失衡回踩 补仓I(1:1:1:2:2:3，-2%/-4%/-6%/-9%/-12%补) 均价止盈3% 止损离第一笔22% 拿24h,1891,65,0.85,0.92,-14.0,,833,62,0.7,0.86,-16.1,,2081,68,0.82,0.97,-16.1,
60分钟 堆叠失衡回踩 补仓I(1:1:1:2:2:3，-2%/-4%/-6%/-9%/-12%补) 均价止盈3% 止损离第一笔22% 拿72h,1358,78,0.72,0.71,-16.1,,637,80,1.31,0.85,-16.1,✔,1486,82,0.82,0.78,-16.1,
60分钟 堆叠失衡回踩 补仓I(1:1:1:2:2:3，-2%/-4%/-6%/-9%/-12%补) 均价止盈5% 止损离第一笔15% 拿24h,1748,60,0.85,0.84,-8.6,,796,59,0.77,0.94,-8.6,,1858,63,0.96,0.86,-8.6,
60分钟 堆叠失衡回踩 补仓I(1:1:1:2:2:3，-2%/-4%/-6%/-9%/-12%补) 均价止盈5% 止损离第一笔15% 拿72h,1121,67,0.8,0.85,-8.6,,555,71,1.04,0.99,-8.6,,1186,73,0.9,0.91,-8.6,
60分钟 堆叠失衡回踩 补仓I(1:1:1:2:2:3，-2%/-4%/-6%/-9%/-12%补) 均价止盈5% 止损离第一笔18% 拿24h,1746,60,0.82,0.83,-11.8,,795,59,0.74,0.84,-11.8,,1854,63,0.92,0.88,-11.8,
60分钟 堆叠失衡回踩 补仓I(1:1:1:2:2:3，-2%/-4%/-6%/-9%/-12%补) 均价止盈5% 止损离第一笔18% 拿72h,1110,68,0.74,0.79,-11.8,,551,72,1.22,0.97,-11.8,✔,1169,74,0.92,0.92,-11.8,
60分钟 堆叠失衡回踩 补仓I(1:1:1:2:2:3，-2%/-4%/-6%/-9%/-12%补) 均价止盈5% 止损离第一笔22% 拿24h,1744,60,0.86,0.81,-14.0,,795,59,0.66,0.99,-16.1,,1854,63,0.88,0.97,-16.1,
60分钟 堆叠失衡回踩 补仓I(1:1:1:2:2:3，-2%/-4%/-6%/-9%/-12%补) 均价止盈5% 止损离第一笔22% 拿72h,1094,68,0.72,0.72,-16.1,,550,72,1.25,1.03,-16.1,✔,1157,74,0.9,0.89,-16.1,
60分钟 堆叠失衡回踩 补仓I(1:1:1:2:2:3，-2%/-4%/-6%/-9%/-12%补) 均价止盈8% 止损离第一笔15% 拿24h,1697,58,0.86,0.89,-8.6,,787,57,0.75,0.96,-8.6,,1746,61,0.85,0.84,-8.6,
60分钟 堆叠失衡回踩 补仓I(1:1:1:2:2:3，-2%/-4%/-6%/-9%/-12%补) 均价止盈8% 止损离第一笔15% 拿72h,983,62,0.8,0.74,-8.6,,512,66,1.05,0.97,-8.6,,995,66,0.95,0.92,-8.6,
60分钟 堆叠失衡回踩 补仓I(1:1:1:2:2:3，-2%/-4%/-6%/-9%/-12%补) 均价止盈8% 止损离第一笔18% 拿24h,1695,58,0.84,0.8,-11.8,,785,57,0.69,0.84,-11.8,,1740,61,0.82,0.82,-11.8,
60分钟 堆叠失衡回踩 补仓I(1:1:1:2:2:3，-2%/-4%/-6%/-9%/-12%补) 均价止盈8% 止损离第一笔18% 拿72h,971,63,0.78,0.73,-11.8,,508,67,1.25,0.95,-11.8,✔,978,68,0.94,0.85,-11.8,
60分钟 堆叠失衡回踩 补仓I(1:1:1:2:2:3，-2%/-4%/-6%/-9%/-12%补) 均价止盈8% 止损离第一笔22% 拿24h,1693,58,0.91,0.83,-14.0,,784,57,0.62,0.81,-16.1,,1739,61,0.81,0.89,-16.1,
60分钟 堆叠失衡回踩 补仓I(1:1:1:2:2:3，-2%/-4%/-6%/-9%/-12%补) 均价止盈8% 止损离第一笔22% 拿72h,961,63,0.75,0.76,-16.1,,507,67,1.28,0.89,-16.1,✔,967,69,0.97,1.02,-16.1,
60分钟 资金费率极端 补仓E(1:1:1:1:1，-2%/-4%/-6%/-8%补) 均价止盈1% 止损离第一笔11% 拿24h,497,87,0.73,0.92,-7.5,,436,87,0.88,0.87,-7.5,,203,93,1.09,1.09,-7.5,
60分钟 资金费率极端 补仓E(1:1:1:1:1，-2%/-4%/-6%/-8%补) 均价止盈1% 止损离第一笔11% 拿72h,485,93,0.68,0.73,-7.5,,427,94,0.94,1.2,-7.5,,203,96,1.23,1.0,-7.5,
60分钟 资金费率极端 补仓E(1:1:1:1:1，-2%/-4%/-6%/-8%补) 均价止盈1% 止损离第一笔14% 拿24h,495,87,0.64,0.66,-10.6,,436,88,0.86,0.81,-10.6,,203,93,0.89,0.83,-10.6,
60分钟 资金费率极端 补仓E(1:1:1:1:1，-2%/-4%/-6%/-8%补) 均价止盈1% 止损离第一笔14% 拿72h,480,93,0.53,0.76,-10.6,,426,95,0.89,0.78,-10.6,,203,97,1.11,0.76,-10.6,
60分钟 资金费率极端 补仓E(1:1:1:1:1，-2%/-4%/-6%/-8%补) 均价止盈1% 止损离第一笔18% 拿24h,494,87,0.58,0.66,-14.7,,436,88,1.47,0.84,-6.6,✔,201,93,0.78,0.65,-13.6,
60分钟 资金费率极端 补仓E(1:1:1:1:1，-2%/-4%/-6%/-8%补) 均价止盈1% 止损离第一笔18% 拿72h,477,94,0.55,0.51,-14.7,,425,96,1.73,0.91,-11.2,,201,97,1.29,0.88,-13.6,
60分钟 资金费率极端 补仓E(1:1:1:1:1，-2%/-4%/-6%/-8%补) 均价止盈2% 止损离第一笔11% 拿24h,461,73,0.63,0.88,-7.5,,423,79,1.02,0.78,-7.5,,194,81,1.05,1.02,-7.5,
60分钟 资金费率极端 补仓E(1:1:1:1:1，-2%/-4%/-6%/-8%补) 均价止盈2% 止损离第一笔11% 拿72h,434,82,0.63,0.73,-7.5,,403,89,1.1,1.02,-7.5,,189,90,1.1,0.82,-7.5,
60分钟 资金费率极端 补仓E(1:1:1:1:1，-2%/-4%/-6%/-8%补) 均价止盈2% 止损离第一笔14% 拿24h,455,73,0.61,0.74,-10.6,,423,80,1.03,0.85,-10.6,,193,82,0.98,0.98,-10.6,
60分钟 资金费率极端 补仓E(1:1:1:1:1，-2%/-4%/-6%/-8%补) 均价止盈2% 止损离第一笔14% 拿72h,423,83,0.59,0.7,-10.6,,401,90,1.01,0.88,-10.6,,187,91,1.25,0.79,-10.6,
60分钟 资金费率极端 补仓E(1:1:1:1:1，-2%/-4%/-6%/-8%补) 均价止盈2% 止损离第一笔18% 拿24h,454,74,0.59,0.82,-14.7,,423,80,1.35,0.9,-12.2,✔,191,82,1.03,0.67,-13.6,
60分钟 资金费率极端 补仓E(1:1:1:1:1，-2%/-4%/-6%/-8%补) 均价止盈2% 止损离第一笔18% 拿72h,418,84,0.56,0.72,-14.7,,400,91,1.77,1.1,-13.6,✔,185,92,1.51,0.8,-13.6,
60分钟 资金费率极端 补仓E(1:1:1:1:1，-2%/-4%/-6%/-8%补) 均价止盈3% 止损离第一笔11% 拿24h,443,65,0.58,0.78,-7.5,,417,75,1.08,0.99,-7.5,,185,74,1.04,0.69,-7.5,
60分钟 资金费率极端 补仓E(1:1:1:1:1，-2%/-4%/-6%/-8%补) 均价止盈3% 止损离第一笔11% 拿72h,409,73,0.6,0.73,-7.5,,385,84,1.13,0.98,-7.5,,177,80,1.07,0.87,-7.5,
60分钟 资金费率极端 补仓E(1:1:1:1:1，-2%/-4%/-6%/-8%补) 均价止盈3% 止损离第一笔14% 拿24h,439,66,0.58,0.84,-10.6,,417,75,1.14,1.01,-10.6,,184,74,0.97,0.86,-10.6,
60分钟 资金费率极端 补仓E(1:1:1:1:1，-2%/-4%/-6%/-8%补) 均价止盈3% 止损离第一笔14% 拿72h,400,75,0.57,0.79,-10.6,,382,85,1.1,0.98,-10.6,,176,81,1.04,0.82,-10.6,
60分钟 资金费率极端 补仓E(1:1:1:1:1，-2%/-4%/-6%/-8%补) 均价止盈3% 止损离第一笔18% 拿24h,438,66,0.53,0.85,-14.7,,417,76,1.46,0.91,-12.2,✔,180,74,1.2,0.82,-13.6,
60分钟 资金费率极端 补仓E(1:1:1:1:1，-2%/-4%/-6%/-8%补) 均价止盈3% 止损离第一笔18% 拿72h,393,76,0.59,0.65,-14.7,,381,87,1.66,0.83,-14.7,✔,172,81,1.29,0.87,-13.6,
60分钟 资金费率极端 补仓E(1:1:1:1:1，-2%/-4%/-6%/-8%补) 均价止盈5% 止损离第一笔11% 拿24h,438,61,0.64,0.82,-7.5,,411,69,1.06,0.96,-7.5,,176,69,0.89,0.69,-7.5,
60分钟 资金费率极端 补仓E(1:1:1:1:1，-2%/-4%/-6%/-8%补) 均价止盈5% 止损离第一笔11% 拿72h,384,64,0.64,0.82,-7.5,,355,72,1.02,0.99,-7.5,,162,69,1.06,0.87,-7.5,
60分钟 资金费率极端 补仓E(1:1:1:1:1，-2%/-4%/-6%/-8%补) 均价止盈5% 止损离第一笔14% 拿24h,433,62,0.65,0.65,-10.6,,411,69,1.1,1.06,-10.6,,175,70,0.88,0.82,-9.8,
60分钟 资金费率极端 补仓E(1:1:1:1:1，-2%/-4%/-6%/-8%补) 均价止盈5% 止损离第一笔14% 拿72h,374,66,0.63,0.77,-10.6,,353,73,0.99,0.91,-10.6,,161,71,1.07,1.04,-10.6,
60分钟 资金费率极端 补仓E(1:1:1:1:1，-2%/-4%/-6%/-8%补) 均价止盈5% 止损离第一笔18% 拿24h,432,62,0.6,0.85,-14.7,,411,70,1.4,1.08,-12.2,✔,173,71,1.29,0.9,-13.6,
60分钟 资金费率极端 补仓E(1:1:1:1:1，-2%/-4%/-6%/-8%补) 均价止盈5% 止损离第一笔18% 拿72h,370,68,0.64,0.78,-14.7,,352,75,1.31,0.93,-14.7,✔,158,72,1.26,0.98,-14.7,✔
60分钟 资金费率极端 补仓E(1:1:1:1:1，-2%/-4%/-6%/-8%补) 均价止盈8% 止损离第一笔11% 拿24h,435,60,0.64,0.72,-7.5,,410,68,1.16,0.93,-7.5,,175,69,0.98,0.72,-7.5,
60分钟 资金费率极端 补仓E(1:1:1:1:1，-2%/-4%/-6%/-8%补) 均价止盈8% 止损离第一笔11% 拿72h,367,60,0.67,0.77,-7.5,,338,67,1.09,0.95,-7.5,,157,66,1.27,0.96,-7.5,
60分钟 资金费率极端 补仓E(1:1:1:1:1，-2%/-4%/-6%/-8%补) 均价止盈8% 止损离第一笔14% 拿24h,431,60,0.62,0.71,-10.6,,410,68,1.22,0.93,-10.6,✔,174,69,0.98,0.76,-9.8,
60分钟 资金费率极端 补仓E(1:1:1:1:1，-2%/-4%/-6%/-8%补) 均价止盈8% 止损离第一笔14% 拿72h,355,61,0.61,0.69,-10.6,,336,69,1.1,0.94,-10.6,,156,68,1.4,0.8,-10.6,
60分钟 资金费率极端 补仓E(1:1:1:1:1，-2%/-4%/-6%/-8%补) 均价止盈8% 止损离第一笔18% 拿24h,430,61,0.61,0.91,-14.7,,410,69,1.58,0.98,-12.2,✔,171,70,1.28,0.84,-13.6,
60分钟 资金费率极端 补仓E(1:1:1:1:1，-2%/-4%/-6%/-8%补) 均价止盈8% 止损离第一笔18% 拿72h,351,63,0.6,0.57,-14.7,,335,71,1.42,1.12,-14.7,✔,151,69,1.54,0.95,-14.7,✔
60分钟 资金费率极端 补仓F(1:1:1:1:1:1，-1.5%/-3%/-4.5%/-6%/-7.5%补) 均价止盈1% 止损离第一笔10% 拿24h,499,88,0.75,0.82,-7.2,,434,89,0.88,1.06,-7.2,,204,94,1.31,0.75,-7.2,
60分钟 资金费率极端 补仓F(1:1:1:1:1:1，-1.5%/-3%/-4.5%/-6%/-7.5%补) 均价止盈1% 止损离第一笔10% 拿72h,488,94,0.8,1.01,-7.2,,423,94,1.04,0.86,-7.2,,204,97,1.59,1.22,-7.2,✔
60分钟 资金费率极端 补仓F(1:1:1:1:1:1，-1.5%/-3%/-4.5%/-6%/-7.5%补) 均价止盈1% 止损离第一笔14% 拿24h,498,88,0.63,0.79,-10.3,,434,89,0.86,0.69,-10.3,,204,94,1.1,0.71,-10.3,
60分钟 资金费率极端 补仓F(1:1:1:1:1:1，-1.5%/-3%/-4.5%/-6%/-7.5%补) 均价止盈1% 止损离第一笔14% 拿72h,484,94,0.63,0.52,-10.3,,422,95,1.1,1.03,-10.3,,204,98,1.51,0.98,-10.3,✔
60分钟 资金费率极端 补仓F(1:1:1:1:1:1，-1.5%/-3%/-4.5%/-6%/-7.5%补) 均价止盈1% 止损离第一笔18% 拿24h,496,88,0.58,0.71,-14.4,,434,89,0.9,0.86,-14.4,,202,94,1.0,0.74,-13.4,
60分钟 资金费率极端 补仓F(1:1:1:1:1:1，-1.5%/-3%/-4.5%/-6%/-7.5%补) 均价止盈1% 止损离第一笔18% 拿72h,481,95,0.6,0.71,-14.4,,422,96,1.36,0.93,-14.4,,202,98,1.5,1.46,-14.4,
60分钟 资金费率极端 补仓F(1:1:1:1:1:1，-1.5%/-3%/-4.5%/-6%/-7.5%补) 均价止盈2% 止损离第一笔10% 拿24h,462,76,0.71,0.89,-7.2,,423,78,1.02,0.9,-7.2,,194,83,1.07,0.91,-7.2,
60分钟 资金费率极端 补仓F(1:1:1:1:1:1，-1.5%/-3%/-4.5%/-6%/-7.5%补) 均价止盈2% 止损离第一笔10% 拿72h,440,84,0.68,0.92,-7.2,,405,88,1.04,0.85,-7.2,,191,89,1.08,0.96,-7.2,
60分钟 资金费率极端 补仓F(1:1:1:1:1:1，-1.5%/-3%/-4.5%/-6%/-7.5%补) 均价止盈2% 止损离第一笔14% 拿24h,458,76,0.64,0.85,-10.3,,422,79,1.02,1.02,-10.3,,193,83,0.98,0.85,-10.3,
60分钟 资金费率极端 补仓F(1:1:1:1:1:1，-1.5%/-3%/-4.5%/-6%/-7.5%补) 均价止盈2% 止损离第一笔14% 拿72h,430,85,0.63,0.77,-10.3,,401,90,0.97,1.0,-10.3,,189,90,1.2,0.86,-10.3,
60分钟 资金费率极端 补仓F(1:1:1:1:1:1，-1.5%/-3%/-4.5%/-6%/-7.5%补) 均价止盈2% 止损离第一笔18% 拿24h,455,77,0.62,0.68,-14.4,,422,79,1.06,0.89,-14.4,,191,84,1.01,0.75,-13.4,
60分钟 资金费率极端 补仓F(1:1:1:1:1:1，-1.5%/-3%/-4.5%/-6%/-7.5%补) 均价止盈2% 止损离第一笔18% 拿72h,424,85,0.55,0.67,-14.4,,400,91,1.28,1.03,-14.4,,187,91,1.26,0.73,-14.4,
60分钟 资金费率极端 补仓F(1:1:1:1:1:1，-1.5%/-3%/-4.5%/-6%/-7.5%补) 均价止盈3% 止损离第一笔10% 拿24h,445,66,0.55,0.84,-7.2,,419,75,1.1,0.93,-7.2,,186,77,1.07,0.95,-7.2,
60分钟 资金费率极端 补仓F(1:1:1:1:1:1，-1.5%/-3%/-4.5%/-6%/-7.5%补) 均价止盈3% 止损离第一笔10% 拿72h,413,74,0.59,0.9,-7.2,,387,83,1.16,0.98,-7.2,,178,81,1.12,0.9,-7.2,
60分钟 资金费率极端 补仓F(1:1:1:1:1:1，-1.5%/-3%/-4.5%/-6%/-7.5%补) 均价止盈3% 止损离第一笔14% 拿24h,440,67,0.56,0.79,-10.3,,418,75,1.15,0.98,-10.3,,185,77,0.99,1.04,-10.3,
60分钟 资金费率极端 补仓F(1:1:1:1:1:1，-1.5%/-3%/-4.5%/-6%/-7.5%补) 均价止盈3% 止损离第一笔14% 拿72h,401,76,0.56,0.82,-10.3,,383,85,1.13,0.92,-10.3,,177,82,1.07,0.78,-10.3,
60分钟 资金费率极端 补仓F(1:1:1:1:1:1，-1.5%/-3%/-4.5%/-6%/-7.5%补) 均价止盈3% 止损离第一笔18% 拿24h,438,68,0.52,0.68,-14.4,,418,75,1.19,0.85,-14.4,,182,78,1.13,0.66,-13.4,
60分钟 资金费率极端 补仓F(1:1:1:1:1:1，-1.5%/-3%/-4.5%/-6%/-7.5%补) 均价止盈3% 止损离第一笔18% 拿72h,393,78,0.56,0.64,-14.4,,382,86,1.37,0.87,-14.4,,174,83,1.21,0.82,-14.4,
60分钟 资金费率极端 补仓F(1:1:1:1:1:1，-1.5%/-3%/-4.5%/-6%/-7.5%补) 均价止盈5% 止损离第一笔10% 拿24h,440,62,0.56,0.69,-7.2,,412,68,1.07,0.91,-7.2,,177,73,0.95,0.92,-7.2,
60分钟 资金费率极端 补仓F(1:1:1:1:1:1，-1.5%/-3%/-4.5%/-6%/-7.5%补) 均价止盈5% 止损离第一笔10% 拿72h,388,64,0.59,0.72,-7.2,,358,71,1.04,1.03,-7.2,,163,71,1.12,0.83,-7.2,
60分钟 资金费率极端 补仓F(1:1:1:1:1:1，-1.5%/-3%/-4.5%/-6%/-7.5%补) 均价止盈5% 止损离第一笔14% 拿24h,435,63,0.6,0.69,-10.3,,411,69,1.11,0.87,-10.3,✔,176,73,0.9,0.82,-10.3,
60分钟 资金费率极端 补仓F(1:1:1:1:1:1，-1.5%/-3%/-4.5%/-6%/-7.5%补) 均价止盈5% 止损离第一笔14% 拿72h,376,66,0.59,0.74,-10.3,,354,73,1.03,1.05,-10.3,,162,72,1.11,0.74,-10.3,
60分钟 资金费率极端 补仓F(1:1:1:1:1:1，-1.5%/-3%/-4.5%/-6%/-7.5%补) 均价止盈5% 止损离第一笔18% 拿24h,433,64,0.56,0.72,-14.4,,411,69,1.15,1.01,-14.4,✔,173,75,1.23,0.9,-13.4,
60分钟 资金费率极端 补仓F(1:1:1:1:1:1，-1.5%/-3%/-4.5%/-6%/-7.5%补) 均价止盈5% 止损离第一笔18% 拿72h,370,68,0.57,0.7,-14.4,,353,75,1.18,1.09,-14.4,,159,74,1.31,0.93,-14.4,✔
60分钟 资金费率极端 补仓F(1:1:1:1:1:1，-1.5%/-3%/-4.5%/-6%/-7.5%补) 均价止盈8% 止损离第一笔10% 拿24h,437,61,0.6,0.73,-7.2,,411,67,1.16,1.09,-7.2,,175,72,1.05,0.81,-7.2,
60分钟 资金费率极端 补仓F(1:1:1:1:1:1，-1.5%/-3%/-4.5%/-6%/-7.5%补) 均价止盈8% 止损离第一笔10% 拿72h,372,60,0.64,0.75,-7.2,,340,66,1.1,0.93,-7.2,,157,67,1.35,0.74,-7.2,
60分钟 资金费率极端 补仓F(1:1:1:1:1:1，-1.5%/-3%/-4.5%/-6%/-7.5%补) 均价止盈8% 止损离第一笔14% 拿24h,432,62,0.6,0.74,-10.3,,410,67,1.21,1.05,-10.3,✔,174,72,1.02,0.88,-9.6,
60分钟 资金费率极端 补仓F(1:1:1:1:1:1，-1.5%/-3%/-4.5%/-6%/-7.5%补) 均价止盈8% 止损离第一笔14% 拿72h,357,62,0.59,0.68,-10.3,,336,68,1.13,1.04,-10.3,,156,69,1.45,0.85,-10.3,
60分钟 资金费率极端 补仓F(1:1:1:1:1:1，-1.5%/-3%/-4.5%/-6%/-7.5%补) 均价止盈8% 止损离第一笔18% 拿24h,430,63,0.6,0.7,-14.4,,410,67,1.27,1.03,-14.4,✔,171,73,1.21,1.12,-13.4,
60分钟 资金费率极端 补仓F(1:1:1:1:1:1，-1.5%/-3%/-4.5%/-6%/-7.5%补) 均价止盈8% 止损离第一笔18% 拿72h,352,64,0.59,0.71,-14.4,,335,70,1.27,0.9,-14.4,✔,151,70,1.59,0.74,-14.4,✔
60分钟 资金费率极端 补仓G(1:1:2:2:4，-2%/-4%/-6%/-8%补) 均价止盈1% 止损离第一笔11% 拿24h,500,89,0.75,0.77,-6.1,,437,90,1.11,1.09,-6.1,,205,94,1.14,0.76,-5.5,
60分钟 资金费率极端 补仓G(1:1:2:2:4，-2%/-4%/-6%/-8%补) 均价止盈1% 止损离第一笔11% 拿72h,489,95,0.76,0.83,-6.1,,428,96,1.05,0.65,-6.1,,205,98,1.27,0.93,-5.5,
60分钟 资金费率极端 补仓G(1:1:2:2:4，-2%/-4%/-6%/-8%补) 均价止盈1% 止损离第一笔14% 拿24h,498,89,0.65,0.9,-9.3,,437,90,1.23,0.65,-9.3,,205,94,0.92,0.78,-8.3,
60分钟 资金费率极端 补仓G(1:1:2:2:4，-2%/-4%/-6%/-8%补) 均价止盈1% 止损离第一笔14% 拿72h,484,95,0.62,0.71,-9.3,,427,96,1.13,0.64,-9.3,,205,98,1.15,0.68,-8.3,
60分钟 资金费率极端 补仓G(1:1:2:2:4，-2%/-4%/-6%/-8%补) 均价止盈1% 止损离第一笔18% 拿24h,497,89,0.56,0.74,-13.5,,437,90,1.64,0.7,-5.2,✔,204,94,0.71,1.07,-12.1,
60分钟 资金费率极端 补仓G(1:1:2:2:4，-2%/-4%/-6%/-8%补) 均价止盈1% 止损离第一笔18% 拿72h,482,96,0.7,0.51,-13.5,,426,97,1.68,0.98,-9.7,,204,99,1.22,1.12,-12.1,
60分钟 资金费率极端 补仓G(1:1:2:2:4，-2%/-4%/-6%/-8%补) 均价止盈2% 止损离第一笔11% 拿24h,463,75,0.65,0.69,-6.1,,423,81,0.9,0.93,-6.1,,194,85,0.96,0.74,-6.1,
60分钟 资金费率极端 补仓G(1:1:2:2:4，-2%/-4%/-6%/-8%补) 均价止盈2% 止损离第一笔11% 拿72h,436,83,0.6,0.7,-6.1,,404,89,0.95,0.97,-6.1,,189,91,0.95,0.92,-6.1,
60分钟 资金费率极端 补仓G(1:1:2:2:4，-2%/-4%/-6%/-8%补) 均价止盈2% 止损离第一笔14% 拿24h,458,76,0.57,0.75,-9.3,,423,81,0.89,0.86,-9.3,,193,85,0.76,0.77,-9.3,
60分钟 资金费率极端 补仓G(1:1:2:2:4，-2%/-4%/-6%/-8%补) 均价止盈2% 止损离第一笔14% 拿72h,427,85,0.53,0.84,-9.3,,402,90,0.85,0.94,-9.3,,187,93,1.03,1.0,-9.3,
60分钟 资金费率极端 补仓G(1:1:2:2:4，-2%/-4%/-6%/-8%补) 均价止盈2% 止损离第一笔18% 拿24h,457,76,0.54,0.64,-13.5,,423,82,1.3,0.74,-10.7,✔,191,85,0.8,0.9,-12.1,
60分钟 资金费率极端 补仓G(1:1:2:2:4，-2%/-4%/-6%/-8%补) 均价止盈2% 止损离第一笔18% 拿72h,423,86,0.54,0.68,-13.5,,401,92,1.59,1.08,-12.1,✔,185,94,1.3,0.72,-12.1,
60分钟 资金费率极端 补仓G(1:1:2:2:4，-2%/-4%/-6%/-8%补) 均价止盈3% 止损离第一笔11% 拿24h,445,68,0.67,0.85,-6.1,,417,77,0.97,1.02,-6.1,,187,78,0.99,0.89,-6.1,
60分钟 资金费率极端 补仓G(1:1:2:2:4，-2%/-4%/-6%/-8%补) 均价止盈3% 止损离第一笔11% 拿72h,411,76,0.65,0.82,-6.1,,386,84,0.95,0.83,-6.1,,179,82,0.96,1.1,-6.1,
60分钟 资金费率极端 补仓G(1:1:2:2:4，-2%/-4%/-6%/-8%补) 均价止盈3% 止损离第一笔14% 拿24h,441,69,0.63,0.92,-9.3,,417,77,1.02,0.88,-9.3,,186,78,0.87,0.92,-9.3,
60分钟 资金费率极端 补仓G(1:1:2:2:4，-2%/-4%/-6%/-8%补) 均价止盈3% 止损离第一笔14% 拿72h,404,78,0.58,0.81,-9.3,,383,85,0.9,1.08,-9.3,,177,84,1.05,0.78,-9.3,
60分钟 资金费率极端 补仓G(1:1:2:2:4，-2%/-4%/-6%/-8%补) 均价止盈3% 止损离第一笔18% 拿24h,440,70,0.58,0.88,-13.5,,417,78,1.44,0.83,-10.7,✔,182,79,1.16,0.64,-12.1,
60分钟 资金费率极端 补仓G(1:1:2:2:4，-2%/-4%/-6%/-8%补) 均价止盈3% 止损离第一笔18% 拿72h,397,79,0.59,0.71,-13.5,,382,87,1.45,0.99,-13.5,✔,173,85,1.33,1.05,-12.1,
60分钟 资金费率极端 补仓G(1:1:2:2:4，-2%/-4%/-6%/-8%补) 均价止盈5% 止损离第一笔11% 拿24h,439,63,0.65,0.87,-6.1,,411,72,0.93,0.91,-6.1,,176,74,0.96,0.94,-6.1,
60分钟 资金费率极端 补仓G(1:1:2:2:4，-2%/-4%/-6%/-8%补) 均价止盈5% 止损离第一笔11% 拿72h,384,66,0.59,0.78,-6.1,,355,74,0.96,0.95,-6.1,,162,72,1.03,0.89,-6.1,
60分钟 资金费率极端 补仓G(1:1:2:2:4，-2%/-4%/-6%/-8%补) 均价止盈5% 止损离第一笔14% 拿24h,434,64,0.66,0.7,-9.3,,411,72,0.98,0.8,-9.3,,175,74,0.87,1.2,-8.3,
60分钟 资金费率极端 补仓G(1:1:2:2:4，-2%/-4%/-6%/-8%补) 均价止盈5% 止损离第一笔14% 拿72h,375,69,0.6,0.78,-9.3,,353,76,0.91,0.94,-9.3,,161,73,0.94,0.78,-9.3,
60分钟 资金费率极端 补仓G(1:1:2:2:4，-2%/-4%/-6%/-8%补) 均价止盈5% 止损离第一笔18% 拿24h,433,65,0.6,0.69,-13.5,,411,73,1.36,1.08,-10.7,✔,173,76,1.4,0.58,-12.1,
60分钟 资金费率极端 补仓G(1:1:2:2:4，-2%/-4%/-6%/-8%补) 均价止盈5% 止损离第一笔18% 拿72h,371,70,0.6,0.6,-13.5,,352,78,1.3,0.79,-13.5,✔,158,75,1.15,0.85,-13.5,
60分钟 资金费率极端 补仓G(1:1:2:2:4，-2%/-4%/-6%/-8%补) 均价止盈8% 止损离第一笔11% 拿24h,435,62,0.67,0.66,-6.1,,410,70,1.04,0.96,-6.1,,175,73,0.97,0.77,-6.1,
60分钟 资金费率极端 补仓G(1:1:2:2:4，-2%/-4%/-6%/-8%补) 均价止盈8% 止损离第一笔11% 拿72h,368,62,0.66,0.76,-6.1,,338,70,0.98,0.83,-6.1,,157,68,1.2,0.78,-6.1,
60分钟 资金费率极端 补仓G(1:1:2:2:4，-2%/-4%/-6%/-8%补) 均价止盈8% 止损离第一笔14% 拿24h,431,63,0.63,0.59,-9.3,,410,71,1.11,1.12,-9.3,,174,74,0.94,0.72,-8.3,
60分钟 资金费率极端 补仓G(1:1:2:2:4，-2%/-4%/-6%/-8%补) 均价止盈8% 止损离第一笔14% 拿72h,356,63,0.56,0.64,-9.3,,336,71,0.98,1.04,-9.3,,156,71,1.33,0.78,-9.3,
60分钟 资金费率极端 补仓G(1:1:2:2:4，-2%/-4%/-6%/-8%补) 均价止盈8% 止损离第一笔18% 拿24h,430,64,0.61,0.7,-13.5,,410,72,1.6,0.89,-10.7,✔,172,76,1.64,0.92,-12.1,✔
60分钟 资金费率极端 补仓G(1:1:2:2:4，-2%/-4%/-6%/-8%补) 均价止盈8% 止损离第一笔18% 拿72h,352,66,0.6,0.65,-13.5,,335,73,1.35,1.04,-13.5,✔,153,73,1.61,0.65,-13.5,✔
60分钟 资金费率极端 补仓H(1:1:1:1:1:1:1:1，-1%/-2%/-3%/-4%/-5%/-6%/-7%补) 均价止盈1% 止损离第一笔10% 拿24h,506,89,0.72,0.9,-6.9,,439,91,0.96,0.74,-6.9,,207,93,0.97,0.83,-6.9,
60分钟 资金费率极端 补仓H(1:1:1:1:1:1:1:1，-1%/-2%/-3%/-4%/-5%/-6%/-7%补) 均价止盈1% 止损离第一笔10% 拿72h,496,94,0.73,0.69,-6.9,,432,95,1.2,0.64,-6.9,,207,96,1.02,0.75,-6.9,
60分钟 资金费率极端 补仓H(1:1:1:1:1:1:1:1，-1%/-2%/-3%/-4%/-5%/-6%/-7%补) 均价止盈1% 止损离第一笔13% 拿24h,505,89,0.61,0.76,-10.0,,439,91,1.0,0.82,-10.0,,205,94,1.03,0.62,-10.0,
60分钟 资金费率极端 补仓H(1:1:1:1:1:1:1:1，-1%/-2%/-3%/-4%/-5%/-6%/-7%补) 均价止盈1% 止损离第一笔13% 拿72h,492,94,0.57,0.87,-10.0,,431,96,1.36,0.73,-10.0,,205,98,1.38,1.1,-10.0,
60分钟 资金费率极端 补仓H(1:1:1:1:1:1:1:1，-1%/-2%/-3%/-4%/-5%/-6%/-7%补) 均价止盈1% 止损离第一笔17% 拿24h,503,89,0.55,0.83,-14.1,,439,91,1.21,0.9,-14.1,,203,94,0.8,0.86,-14.1,
60分钟 资金费率极端 补仓H(1:1:1:1:1:1:1:1，-1%/-2%/-3%/-4%/-5%/-6%/-7%补) 均价止盈1% 止损离第一笔17% 拿72h,489,95,0.52,0.61,-14.1,,431,97,1.98,0.76,-14.1,✔,203,98,1.35,1.06,-14.1,✔
60分钟 资金费率极端 补仓H(1:1:1:1:1:1:1:1，-1%/-2%/-3%/-4%/-5%/-6%/-7%补) 均价止盈2% 止损离第一笔10% 拿24h,464,77,0.67,0.75,-6.9,,424,81,1.02,0.78,-6.9,,196,83,0.96,0.93,-6.9,
60分钟 资金费率极端 补仓H(1:1:1:1:1:1:1:1，-1%/-2%/-3%/-4%/-5%/-6%/-7%补) 均价止盈2% 止损离第一笔10% 拿72h,442,83,0.64,0.77,-6.9,,406,89,1.05,1.02,-6.9,,193,89,0.95,0.96,-6.9,
60分钟 资金费率极端 补仓H(1:1:1:1:1:1:1:1，-1%/-2%/-3%/-4%/-5%/-6%/-7%补) 均价止盈2% 止损离第一笔13% 拿24h,460,77,0.62,0.77,-10.0,,423,81,1.02,0.89,-10.0,,193,84,0.98,0.9,-10.0,
60分钟 资金费率极端 补仓H(1:1:1:1:1:1:1:1，-1%/-2%/-3%/-4%/-5%/-6%/-7%补) 均价止盈2% 止损离第一笔13% 拿72h,432,85,0.61,0.82,-10.0,,403,90,1.0,0.97,-10.0,,190,91,1.01,0.8,-10.0,
60分钟 资金费率极端 补仓H(1:1:1:1:1:1:1:1，-1%/-2%/-3%/-4%/-5%/-6%/-7%补) 均价止盈2% 止损离第一笔17% 拿24h,457,78,0.62,0.75,-14.1,,423,82,1.03,0.89,-14.1,,191,84,0.93,0.77,-14.1,
60分钟 资金费率极端 补仓H(1:1:1:1:1:1:1:1，-1%/-2%/-3%/-4%/-5%/-6%/-7%补) 均价止盈2% 止损离第一笔17% 拿72h,427,85,0.56,0.61,-14.1,,402,91,1.27,0.98,-14.1,,187,92,1.18,0.98,-14.1,
60分钟 资金费率极端 补仓H(1:1:1:1:1:1:1:1，-1%/-2%/-3%/-4%/-5%/-6%/-7%补) 均价止盈3% 止损离第一笔10% 拿24h,447,68,0.55,0.78,-6.9,,418,77,1.1,0.83,-6.9,,187,75,0.97,0.76,-6.9,
60分钟 资金费率极端 补仓H(1:1:1:1:1:1:1:1，-1%/-2%/-3%/-4%/-5%/-6%/-7%补) 均价止盈3% 止损离第一笔10% 拿72h,416,74,0.57,0.77,-6.9,,388,84,1.2,1.11,-6.9,,179,81,1.04,1.16,-6.9,
60分钟 资金费率极端 补仓H(1:1:1:1:1:1:1:1，-1%/-2%/-3%/-4%/-5%/-6%/-7%补) 均价止盈3% 止损离第一笔13% 拿24h,441,69,0.54,0.77,-10.0,,417,77,1.13,1.14,-10.0,,184,77,0.94,0.65,-10.0,
60分钟 资金费率极端 补仓H(1:1:1:1:1:1:1:1，-1%/-2%/-3%/-4%/-5%/-6%/-7%补) 均价止盈3% 止损离第一笔13% 拿72h,403,76,0.54,0.72,-10.0,,384,86,1.17,0.97,-10.0,,176,82,0.97,1.04,-10.0,
60分钟 资金费率极端 补仓H(1:1:1:1:1:1:1:1，-1%/-2%/-3%/-4%/-5%/-6%/-7%补) 均价止盈3% 止损离第一笔17% 拿24h,438,70,0.52,0.75,-14.1,,417,77,1.15,1.06,-14.1,,181,77,0.99,0.67,-14.1,
60分钟 资金费率极端 补仓H(1:1:1:1:1:1:1:1，-1%/-2%/-3%/-4%/-5%/-6%/-7%补) 均价止盈3% 止损离第一笔17% 拿72h,396,78,0.53,0.79,-14.1,,382,87,1.31,0.96,-14.1,,173,83,1.08,0.78,-14.1,
60分钟 资金费率极端 补仓H(1:1:1:1:1:1:1:1，-1%/-2%/-3%/-4%/-5%/-6%/-7%补) 均价止盈5% 止损离第一笔10% 拿24h,443,64,0.59,0.75,-6.9,,413,71,1.11,0.94,-6.9,,179,72,0.89,1.13,-6.9,
60分钟 资金费率极端 补仓H(1:1:1:1:1:1:1:1，-1%/-2%/-3%/-4%/-5%/-6%/-7%补) 均价止盈5% 止损离第一笔10% 拿72h,392,64,0.6,0.77,-6.9,,362,72,1.07,1.02,-6.9,,164,72,1.12,1.28,-6.9,
60分钟 资金费率极端 补仓H(1:1:1:1:1:1:1:1，-1%/-2%/-3%/-4%/-5%/-6%/-7%补) 均价止盈5% 止损离第一笔13% 拿24h,437,65,0.58,0.72,-10.0,,411,71,1.11,0.9,-10.0,✔,176,73,0.91,0.8,-10.0,
60分钟 资金费率极端 补仓H(1:1:1:1:1:1:1:1，-1%/-2%/-3%/-4%/-5%/-6%/-7%补) 均价止盈5% 止损离第一笔13% 拿72h,377,66,0.56,0.76,-10.0,,356,74,1.06,1.03,-10.0,,162,74,1.08,0.82,-10.0,
60分钟 资金费率极端 补仓H(1:1:1:1:1:1:1:1，-1%/-2%/-3%/-4%/-5%/-6%/-7%补) 均价止盈5% 止损离第一笔17% 拿24h,433,65,0.57,0.69,-14.1,,411,71,1.15,0.99,-14.1,✔,173,74,0.97,1.12,-14.1,
60分钟 资金费率极端 补仓H(1:1:1:1:1:1:1:1，-1%/-2%/-3%/-4%/-5%/-6%/-7%补) 均价止盈5% 止损离第一笔17% 拿72h,371,68,0.56,0.68,-14.1,,355,76,1.15,1.09,-14.1,,159,75,1.13,0.8,-14.1,
60分钟 资金费率极端 补仓H(1:1:1:1:1:1:1:1，-1%/-2%/-3%/-4%/-5%/-6%/-7%补) 均价止盈8% 止损离第一笔10% 拿24h,440,63,0.62,0.8,-6.9,,412,70,1.19,1.0,-6.9,✔,177,71,0.98,0.97,-6.9,
60分钟 资金费率极端 补仓H(1:1:1:1:1:1:1:1，-1%/-2%/-3%/-4%/-5%/-6%/-7%补) 均价止盈8% 止损离第一笔10% 拿72h,375,59,0.62,0.79,-6.9,,343,67,1.12,1.0,-6.9,,158,68,1.36,0.81,-6.9,
60分钟 资金费率极端 补仓H(1:1:1:1:1:1:1:1，-1%/-2%/-3%/-4%/-5%/-6%/-7%补) 均价止盈8% 止损离第一笔13% 拿24h,434,64,0.57,0.87,-10.0,,410,70,1.21,1.0,-10.0,✔,174,72,1.01,0.78,-10.0,
60分钟 资金费率极端 补仓H(1:1:1:1:1:1:1:1，-1%/-2%/-3%/-4%/-5%/-6%/-7%补) 均价止盈8% 止损离第一笔13% 拿72h,359,62,0.56,0.71,-10.0,,337,69,1.16,1.05,-10.0,✔,156,71,1.4,0.92,-10.0,
60分钟 资金费率极端 补仓H(1:1:1:1:1:1:1:1，-1%/-2%/-3%/-4%/-5%/-6%/-7%补) 均价止盈8% 止损离第一笔17% 拿24h,430,64,0.57,0.66,-14.1,,410,70,1.26,0.94,-14.1,✔,171,71,0.96,0.79,-13.2,
60分钟 资金费率极端 补仓H(1:1:1:1:1:1:1:1，-1%/-2%/-3%/-4%/-5%/-6%/-7%补) 均价止盈8% 止损离第一笔17% 拿72h,353,63,0.54,0.7,-14.1,,336,71,1.23,1.25,-14.1,,151,72,1.36,0.73,-14.1,
60分钟 资金费率极端 补仓I(1:1:1:2:2:3，-2%/-4%/-6%/-9%/-12%补) 均价止盈1% 止损离第一笔15% 拿24h,495,88,0.65,0.94,-8.6,,436,88,1.25,0.79,-7.4,,202,94,0.73,0.8,-8.6,
60分钟 资金费率极端 补仓I(1:1:1:2:2:3，-2%/-4%/-6%/-9%/-12%补) 均价止盈1% 止损离第一笔15% 拿72h,478,95,0.53,0.68,-8.6,,425,96,1.57,0.84,-7.4,,202,97,0.76,0.93,-8.6,
60分钟 资金费率极端 补仓I(1:1:1:2:2:3，-2%/-4%/-6%/-9%/-12%补) 均价止盈1% 止损离第一笔18% 拿24h,494,88,0.52,0.66,-11.8,,436,89,1.56,0.8,-3.5,✔,201,94,0.69,0.58,-10.2,
60分钟 资金费率极端 补仓I(1:1:1:2:2:3，-2%/-4%/-6%/-9%/-12%补) 均价止盈1% 止损离第一笔18% 拿72h,477,95,0.57,0.49,-11.8,,425,96,1.94,0.76,-7.8,,201,98,1.18,0.66,-10.2,
60分钟 资金费率极端 补仓I(1:1:1:2:2:3，-2%/-4%/-6%/-9%/-12%补) 均价止盈1% 止损离第一笔22% 拿24h,494,88,0.52,0.79,-14.0,,436,89,1.56,0.87,-3.5,✔,200,94,0.65,0.47,-14.0,
60分钟 资金费率极端 补仓I(1:1:1:2:2:3，-2%/-4%/-6%/-9%/-12%补) 均价止盈1% 止损离第一笔22% 拿72h,477,96,0.62,0.36,-14.0,,425,96,1.94,1.03,-7.8,,199,97,0.89,0.6,-14.0,
60分钟 资金费率极端 补仓I(1:1:1:2:2:3，-2%/-4%/-6%/-9%/-12%补) 均价止盈2% 止损离第一笔15% 拿24h,457,74,0.6,0.8,-8.6,,423,80,0.97,1.09,-8.6,,192,83,0.8,0.84,-8.6,
60分钟 资金费率极端 补仓I(1:1:1:2:2:3，-2%/-4%/-6%/-9%/-12%补) 均价止盈2% 止损离第一笔15% 拿72h,422,85,0.54,0.61,-8.6,,400,91,1.11,0.79,-8.6,,187,93,1.0,0.66,-8.6,
60分钟 资金费率极端 补仓I(1:1:1:2:2:3，-2%/-4%/-6%/-9%/-12%补) 均价止盈2% 止损离第一笔18% 拿24h,456,74,0.52,0.74,-11.8,,423,81,1.34,0.73,-8.9,✔,191,84,0.94,0.8,-10.2,
60分钟 资金费率极端 补仓I(1:1:1:2:2:3，-2%/-4%/-6%/-9%/-12%补) 均价止盈2% 止损离第一笔18% 拿72h,421,86,0.53,0.55,-11.8,,400,92,1.76,0.92,-10.2,✔,186,94,1.7,0.71,-10.2,✔
60分钟 资金费率极端 补仓I(1:1:1:2:2:3，-2%/-4%/-6%/-9%/-12%补) 均价止盈2% 止损离第一笔22% 拿24h,454,75,0.58,0.77,-14.0,,423,81,1.34,0.96,-8.9,✔,190,84,0.89,0.65,-14.0,
60分钟 资金费率极端 补仓I(1:1:1:2:2:3，-2%/-4%/-6%/-9%/-12%补) 均价止盈2% 止损离第一笔22% 拿72h,418,87,0.58,0.61,-14.0,,400,92,1.68,0.65,-14.0,✔,184,94,1.29,0.83,-14.0,
60分钟 资金费率极端 补仓I(1:1:1:2:2:3，-2%/-4%/-6%/-9%/-12%补) 均价止盈3% 止损离第一笔15% 拿24h,441,68,0.66,0.67,-8.6,,417,76,1.11,1.01,-8.6,,183,74,0.77,0.86,-8.6,
60分钟 资金费率极端 补仓I(1:1:1:2:2:3，-2%/-4%/-6%/-9%/-12%补) 均价止盈3% 止损离第一笔15% 拿72h,399,77,0.6,0.83,-8.6,,381,86,1.14,1.03,-8.6,,175,82,0.89,0.83,-8.6,
60分钟 资金费率极端 补仓I(1:1:1:2:2:3，-2%/-4%/-6%/-9%/-12%补) 均价止盈3% 止损离第一笔18% 拿24h,440,68,0.56,0.74,-11.8,,417,77,1.51,0.76,-8.9,✔,180,75,1.18,0.75,-10.2,
60分钟 资金费率极端 补仓I(1:1:1:2:2:3，-2%/-4%/-6%/-9%/-12%补) 均价止盈3% 止损离第一笔18% 拿72h,397,78,0.59,0.7,-11.8,,381,87,1.6,0.93,-11.8,✔,172,84,1.39,0.83,-10.2,
60分钟 资金费率极端 补仓I(1:1:1:2:2:3，-2%/-4%/-6%/-9%/-12%补) 均价止盈3% 止损离第一笔22% 拿24h,438,68,0.65,0.82,-14.0,,417,77,1.51,0.95,-8.9,✔,180,75,1.31,0.81,-7.3,
60分钟 资金费率极端 补仓I(1:1:1:2:2:3，-2%/-4%/-6%/-9%/-12%补) 均价止盈3% 止损离第一笔22% 拿72h,392,79,0.63,0.63,-14.0,,381,87,1.46,0.82,-16.1,,171,84,1.45,0.58,-14.0,✔
60分钟 资金费率极端 补仓I(1:1:1:2:2:3，-2%/-4%/-6%/-9%/-12%补) 均价止盈5% 止损离第一笔15% 拿24h,434,63,0.72,0.8,-8.6,,411,70,1.06,1.11,-8.6,,175,71,0.79,1.01,-7.4,
60分钟 资金费率极端 补仓I(1:1:1:2:2:3，-2%/-4%/-6%/-9%/-12%补) 均价止盈5% 止损离第一笔15% 拿72h,374,69,0.68,0.88,-8.6,,352,76,1.11,0.96,-8.6,,161,72,0.89,0.84,-8.6,
60分钟 资金费率极端 补仓I(1:1:1:2:2:3，-2%/-4%/-6%/-9%/-12%补) 均价止盈5% 止损离第一笔18% 拿24h,433,64,0.63,0.71,-11.8,,411,71,1.44,0.81,-8.9,✔,173,72,1.45,0.65,-10.2,
60分钟 资金费率极端 补仓I(1:1:1:2:2:3，-2%/-4%/-6%/-9%/-12%补) 均价止盈5% 止损离第一笔18% 拿72h,371,70,0.65,0.66,-11.8,,352,78,1.39,0.92,-11.8,✔,158,74,1.22,0.99,-11.8,✔
60分钟 资金费率极端 补仓I(1:1:1:2:2:3，-2%/-4%/-6%/-9%/-12%补) 均价止盈5% 止损离第一笔22% 拿24h,431,64,0.73,0.74,-14.0,,411,71,1.44,0.85,-8.9,✔,173,72,1.61,0.67,-7.3,✔
60分钟 资金费率极端 补仓I(1:1:1:2:2:3，-2%/-4%/-6%/-9%/-12%补) 均价止盈5% 止损离第一笔22% 拿72h,366,71,0.7,0.57,-14.0,,352,78,1.34,1.14,-16.1,✔,157,74,1.36,0.74,-14.0,✔
60分钟 资金费率极端 补仓I(1:1:1:2:2:3，-2%/-4%/-6%/-9%/-12%补) 均价止盈8% 止损离第一笔15% 拿24h,431,62,0.73,0.74,-8.6,,410,69,1.2,1.13,-8.6,,174,71,0.85,0.86,-7.4,
60分钟 资金费率极端 补仓I(1:1:1:2:2:3，-2%/-4%/-6%/-9%/-12%补) 均价止盈8% 止损离第一笔15% 拿72h,354,63,0.66,0.67,-8.6,,335,72,1.16,0.94,-8.6,,156,70,1.24,0.85,-8.6,
60分钟 资金费率极端 补仓I(1:1:1:2:2:3，-2%/-4%/-6%/-9%/-12%补) 均价止盈8% 止损离第一笔18% 拿24h,430,63,0.66,0.69,-11.8,,410,70,1.68,1.11,-8.9,✔,172,72,1.72,0.69,-10.2,✔
60分钟 资金费率极端 补仓I(1:1:1:2:2:3，-2%/-4%/-6%/-9%/-12%补) 均价止盈8% 止损离第一笔18% 拿72h,351,65,0.63,0.71,-11.8,,335,73,1.44,1.09,-11.8,✔,153,72,1.71,0.78,-11.8,✔
60分钟 资金费率极端 补仓I(1:1:1:2:2:3，-2%/-4%/-6%/-9%/-12%补) 均价止盈8% 止损离第一笔22% 拿24h,428,63,0.75,0.81,-14.0,,410,70,1.68,0.83,-8.9,✔,172,72,1.91,0.94,-7.3,✔
60分钟 资金费率极端 补仓I(1:1:1:2:2:3，-2%/-4%/-6%/-9%/-12%补) 均价止盈8% 止损离第一笔22% 拿72h,345,66,0.68,0.68,-14.0,,335,73,1.34,0.97,-16.1,✔,152,72,1.89,0.71,-14.0,✔
60分钟 持仓骤降反转 补仓E(1:1:1:1:1，-2%/-4%/-6%/-8%补) 均价止盈1% 止损离第一笔11% 拿24h,145,83,0.57,1.16,-7.5,,133,89,0.98,1.01,-7.5,,106,85,0.56,0.87,-6.9,
60分钟 持仓骤降反转 补仓E(1:1:1:1:1，-2%/-4%/-6%/-8%补) 均价止盈1% 止损离第一笔11% 拿72h,143,86,0.56,1.14,-7.5,,132,95,1.28,1.02,-7.5,✔,106,94,0.81,1.61,-7.5,
60分钟 持仓骤降反转 补仓E(1:1:1:1:1，-2%/-4%/-6%/-8%补) 均价止盈1% 止损离第一笔14% 拿24h,145,83,0.59,0.91,-10.6,,133,91,1.3,0.51,-10.6,✔,106,85,0.48,1.0,-9.8,
60分钟 持仓骤降反转 补仓E(1:1:1:1:1，-2%/-4%/-6%/-8%补) 均价止盈1% 止损离第一笔14% 拿72h,143,87,0.5,0.8,-10.6,,132,97,1.55,1.09,-10.6,✔,106,95,0.83,0.93,-9.8,
60分钟 持仓骤降反转 补仓E(1:1:1:1:1，-2%/-4%/-6%/-8%补) 均价止盈1% 止损离第一笔18% 拿24h,145,83,0.7,0.68,-6.6,,133,91,1.12,0.82,-14.7,,106,85,0.42,0.7,-13.6,
60分钟 持仓骤降反转 补仓E(1:1:1:1:1，-2%/-4%/-6%/-8%补) 均价止盈1% 止损离第一笔18% 拿72h,143,87,0.45,1.01,-13.6,,132,97,1.17,0.74,-14.7,,106,95,0.63,0.79,-13.6,
60分钟 持仓骤降反转 补仓E(1:1:1:1:1，-2%/-4%/-6%/-8%补) 均价止盈2% 止损离第一笔11% 拿24h,144,72,0.64,0.98,-7.5,,133,80,1.29,1.01,-7.5,✔,105,70,0.53,1.05,-6.9,
60分钟 持仓骤降反转 补仓E(1:1:1:1:1，-2%/-4%/-6%/-8%补) 均价止盈2% 止损离第一笔11% 拿72h,141,78,0.66,1.12,-7.5,,131,86,1.02,0.84,-7.5,,105,86,0.92,1.13,-7.5,
60分钟 持仓骤降反转 补仓E(1:1:1:1:1，-2%/-4%/-6%/-8%补) 均价止盈2% 止损离第一笔14% 拿24h,144,72,0.63,0.96,-10.6,,133,82,1.96,0.64,-10.6,✔,105,70,0.47,1.25,-9.8,
60分钟 持仓骤降反转 补仓E(1:1:1:1:1，-2%/-4%/-6%/-8%补) 均价止盈2% 止损离第一笔14% 拿72h,141,79,0.56,0.8,-10.6,,131,89,1.22,0.81,-10.6,,105,87,0.84,1.08,-10.6,
60分钟 持仓骤降反转 补仓E(1:1:1:1:1，-2%/-4%/-6%/-8%补) 均价止盈2% 止损离第一笔18% 拿24h,144,73,0.8,0.8,-6.6,,133,82,1.77,1.1,-14.7,✔,105,70,0.42,1.35,-13.6,
60分钟 持仓骤降反转 补仓E(1:1:1:1:1，-2%/-4%/-6%/-8%补) 均价止盈2% 止损离第一笔18% 拿72h,141,79,0.52,1.04,-13.6,,131,89,1.05,0.76,-14.7,,105,87,0.64,0.97,-14.7,
60分钟 持仓骤降反转 补仓E(1:1:1:1:1，-2%/-4%/-6%/-8%补) 均价止盈3% 止损离第一笔11% 拿24h,144,62,0.54,0.78,-7.5,,133,73,1.42,0.87,-7.5,✔,105,64,0.48,1.58,-6.9,
60分钟 持仓骤降反转 补仓E(1:1:1:1:1，-2%/-4%/-6%/-8%补) 均价止盈3% 止损离第一笔11% 拿72h,139,71,0.69,0.78,-7.5,,131,78,0.94,0.86,-7.5,,105,81,1.08,0.9,-7.5,
60分钟 持仓骤降反转 补仓E(1:1:1:1:1，-2%/-4%/-6%/-8%补) 均价止盈3% 止损离第一笔14% 拿24h,144,62,0.53,0.87,-10.6,,133,75,1.97,0.82,-10.6,✔,105,64,0.44,0.88,-9.8,
60分钟 持仓骤降反转 补仓E(1:1:1:1:1，-2%/-4%/-6%/-8%补) 均价止盈3% 止损离第一笔14% 拿72h,139,72,0.68,1.32,-10.6,,131,80,1.02,0.75,-10.6,,105,82,1.01,1.31,-10.6,
60分钟 持仓骤降反转 补仓E(1:1:1:1:1，-2%/-4%/-6%/-8%补) 均价止盈3% 止损离第一笔18% 拿24h,144,63,0.65,0.95,-7.7,,133,75,1.83,1.02,-14.7,✔,105,64,0.4,1.19,-13.6,
60分钟 持仓骤降反转 补仓E(1:1:1:1:1，-2%/-4%/-6%/-8%补) 均价止盈3% 止损离第一笔18% 拿72h,139,72,0.63,0.87,-13.6,,130,80,0.91,0.83,-14.7,,105,82,0.79,0.86,-14.7,
60分钟 持仓骤降反转 补仓E(1:1:1:1:1，-2%/-4%/-6%/-8%补) 均价止盈5% 止损离第一笔11% 拿24h,144,55,0.46,0.77,-7.5,,132,67,1.56,0.9,-7.5,✔,103,57,0.47,0.76,-7.5,
60分钟 持仓骤降反转 补仓E(1:1:1:1:1，-2%/-4%/-6%/-8%补) 均价止盈5% 止损离第一笔11% 拿72h,136,64,0.82,0.77,-7.5,,129,69,1.02,0.66,-7.5,,103,72,1.04,1.1,-7.5,
60分钟 持仓骤降反转 补仓E(1:1:1:1:1，-2%/-4%/-6%/-8%补) 均价止盈5% 止损离第一笔14% 拿24h,144,55,0.45,1.27,-10.6,,132,69,2.33,0.61,-10.6,✔,103,57,0.42,0.93,-10.6,
60分钟 持仓骤降反转 补仓E(1:1:1:1:1，-2%/-4%/-6%/-8%补) 均价止盈5% 止损离第一笔14% 拿72h,136,65,0.78,0.93,-10.6,,129,71,1.07,0.73,-10.6,,103,73,0.91,1.55,-10.6,
60分钟 持仓骤降反转 补仓E(1:1:1:1:1，-2%/-4%/-6%/-8%补) 均价止盈5% 止损离第一笔18% 拿24h,144,56,0.53,0.92,-7.7,,132,69,2.18,0.7,-14.7,✔,103,57,0.38,0.79,-14.7,
60分钟 持仓骤降反转 补仓E(1:1:1:1:1，-2%/-4%/-6%/-8%补) 均价止盈5% 止损离第一笔18% 拿72h,136,65,0.72,0.78,-14.7,,128,71,0.97,0.76,-14.7,,103,73,0.74,1.01,-14.7,
60分钟 持仓骤降反转 补仓E(1:1:1:1:1，-2%/-4%/-6%/-8%补) 均价止盈8% 止损离第一笔11% 拿24h,144,53,0.45,1.01,-7.5,,132,66,1.94,0.57,-7.5,✔,101,56,0.52,1.0,-7.5,
60分钟 持仓骤降反转 补仓E(1:1:1:1:1，-2%/-4%/-6%/-8%补) 均价止盈8% 止损离第一笔11% 拿72h,136,60,0.82,1.13,-7.5,,129,66,1.22,0.73,-7.5,,101,69,1.49,1.08,-7.5,✔
60分钟 持仓骤降反转 补仓E(1:1:1:1:1，-2%/-4%/-6%/-8%补) 均价止盈8% 止损离第一笔14% 拿24h,144,53,0.44,0.99,-10.6,,132,68,2.96,0.81,-10.6,✔,101,56,0.47,1.2,-10.6,
60分钟 持仓骤降反转 补仓E(1:1:1:1:1，-2%/-4%/-6%/-8%补) 均价止盈8% 止损离第一笔14% 拿72h,136,62,0.78,0.88,-10.6,,129,68,1.3,0.71,-10.6,,101,70,1.32,0.95,-10.6,✔
60分钟 持仓骤降反转 补仓E(1:1:1:1:1，-2%/-4%/-6%/-8%补) 均价止盈8% 止损离第一笔18% 拿24h,144,54,0.52,0.63,-7.7,,132,68,2.78,0.85,-14.7,✔,101,56,0.42,1.03,-14.7,
60分钟 持仓骤降反转 补仓E(1:1:1:1:1，-2%/-4%/-6%/-8%补) 均价止盈8% 止损离第一笔18% 拿72h,136,62,0.72,1.05,-14.7,,128,69,1.18,0.63,-14.7,,101,70,1.03,0.95,-14.7,
60分钟 持仓骤降反转 补仓F(1:1:1:1:1:1，-1.5%/-3%/-4.5%/-6%/-7.5%补) 均价止盈1% 止损离第一笔10% 拿24h,145,83,0.56,1.02,-7.2,,133,90,0.78,1.0,-7.2,,106,89,0.5,0.85,-6.7,
60分钟 持仓骤降反转 补仓F(1:1:1:1:1:1，-1.5%/-3%/-4.5%/-6%/-7.5%补) 均价止盈1% 止损离第一笔10% 拿72h,143,87,0.5,0.89,-7.2,,132,95,0.97,0.63,-7.2,,106,93,0.68,1.06,-7.2,
60分钟 持仓骤降反转 补仓F(1:1:1:1:1:1，-1.5%/-3%/-4.5%/-6%/-7.5%补) 均价止盈1% 止损离第一笔14% 拿24h,145,83,0.56,1.6,-10.3,,133,92,1.33,0.73,-10.3,✔,106,89,0.49,1.14,-9.6,
60分钟 持仓骤降反转 补仓F(1:1:1:1:1:1，-1.5%/-3%/-4.5%/-6%/-7.5%补) 均价止盈1% 止损离第一笔14% 拿72h,143,88,0.46,0.78,-10.3,,132,97,1.52,0.68,-10.3,✔,106,95,0.85,0.82,-9.6,
60分钟 持仓骤降反转 补仓F(1:1:1:1:1:1，-1.5%/-3%/-4.5%/-6%/-7.5%补) 均价止盈1% 止损离第一笔18% 拿24h,145,83,0.65,0.83,-6.8,,133,92,1.14,0.85,-14.4,,106,89,0.45,1.28,-13.4,
60分钟 持仓骤降反转 补仓F(1:1:1:1:1:1，-1.5%/-3%/-4.5%/-6%/-7.5%补) 均价止盈1% 止损离第一笔18% 拿72h,143,88,0.42,0.64,-13.4,,132,97,1.14,0.88,-14.4,,106,95,0.64,1.22,-13.4,
60分钟 持仓骤降反转 补仓F(1:1:1:1:1:1，-1.5%/-3%/-4.5%/-6%/-7.5%补) 均价止盈2% 止损离第一笔10% 拿24h,145,74,0.66,0.7,-7.2,,133,81,1.17,0.57,-7.2,✔,105,76,0.57,1.12,-6.7,
60分钟 持仓骤降反转 补仓F(1:1:1:1:1:1，-1.5%/-3%/-4.5%/-6%/-7.5%补) 均价止盈2% 止损离第一笔10% 拿72h,142,80,0.74,1.14,-7.2,,131,85,0.9,0.95,-7.2,,105,86,0.84,1.13,-7.2,
60分钟 持仓骤降反转 补仓F(1:1:1:1:1:1，-1.5%/-3%/-4.5%/-6%/-7.5%补) 均价止盈2% 止损离第一笔14% 拿24h,145,74,0.64,0.93,-10.3,,133,84,1.8,1.11,-10.3,✔,105,76,0.52,0.82,-9.6,
60分钟 持仓骤降反转 补仓F(1:1:1:1:1:1，-1.5%/-3%/-4.5%/-6%/-7.5%补) 均价止盈2% 止损离第一笔14% 拿72h,142,81,0.66,0.8,-10.3,,131,89,1.03,0.74,-10.3,,105,88,0.86,1.09,-9.6,
60分钟 持仓骤降反转 补仓F(1:1:1:1:1:1，-1.5%/-3%/-4.5%/-6%/-7.5%补) 均价止盈2% 止损离第一笔18% 拿24h,145,74,0.8,1.01,-6.8,,133,84,1.84,1.34,-14.4,✔,105,76,0.46,1.05,-13.4,
60分钟 持仓骤降反转 补仓F(1:1:1:1:1:1，-1.5%/-3%/-4.5%/-6%/-7.5%补) 均价止盈2% 止损离第一笔18% 拿72h,142,81,0.56,0.81,-13.4,,131,89,0.95,0.75,-14.4,,105,88,0.66,1.06,-13.4,
60分钟 持仓骤降反转 补仓F(1:1:1:1:1:1，-1.5%/-3%/-4.5%/-6%/-7.5%补) 均价止盈3% 止损离第一笔10% 拿24h,144,65,0.62,1.07,-7.2,,133,72,1.24,0.73,-7.2,✔,105,69,0.45,0.91,-7.2,
60分钟 持仓骤降反转 补仓F(1:1:1:1:1:1，-1.5%/-3%/-4.5%/-6%/-7.5%补) 均价止盈3% 止损离第一笔10% 拿72h,139,73,0.79,1.06,-7.2,,131,79,0.88,0.75,-7.2,,105,80,0.89,1.22,-7.2,
60分钟 持仓骤降反转 补仓F(1:1:1:1:1:1，-1.5%/-3%/-4.5%/-6%/-7.5%补) 均价止盈3% 止损离第一笔14% 拿24h,144,65,0.61,0.92,-10.3,,133,75,1.76,0.87,-10.3,✔,105,69,0.43,0.96,-9.6,
60分钟 持仓骤降反转 补仓F(1:1:1:1:1:1，-1.5%/-3%/-4.5%/-6%/-7.5%补) 均价止盈3% 止损离第一笔14% 拿72h,139,74,0.72,1.1,-10.3,,131,82,0.97,0.8,-10.3,,105,83,1.05,2.03,-10.3,
60分钟 持仓骤降反转 补仓F(1:1:1:1:1:1，-1.5%/-3%/-4.5%/-6%/-7.5%补) 均价止盈3% 止损离第一笔18% 拿24h,144,65,0.74,0.97,-6.8,,133,75,1.79,0.67,-14.4,✔,105,69,0.39,1.16,-13.4,
60分钟 持仓骤降反转 补仓F(1:1:1:1:1:1，-1.5%/-3%/-4.5%/-6%/-7.5%补) 均价止盈3% 止损离第一笔18% 拿72h,139,74,0.67,0.89,-13.4,,130,82,0.9,0.92,-14.4,,105,83,0.81,1.58,-14.4,
60分钟 持仓骤降反转 补仓F(1:1:1:1:1:1，-1.5%/-3%/-4.5%/-6%/-7.5%补) 均价止盈5% 止损离第一笔10% 拿24h,144,57,0.48,0.78,-7.2,,132,66,1.33,1.01,-7.2,✔,103,63,0.45,1.12,-7.2,
60分钟 持仓骤降反转 补仓F(1:1:1:1:1:1，-1.5%/-3%/-4.5%/-6%/-7.5%补) 均价止盈5% 止损离第一笔10% 拿72h,137,66,0.82,0.84,-7.2,,129,69,0.97,0.85,-7.2,,103,72,0.91,1.04,-7.2,
60分钟 持仓骤降反转 补仓F(1:1:1:1:1:1，-1.5%/-3%/-4.5%/-6%/-7.5%补) 均价止盈5% 止损离第一笔14% 拿24h,144,57,0.47,0.61,-10.3,,132,69,1.81,0.59,-10.3,✔,103,63,0.42,1.28,-10.3,
60分钟 持仓骤降反转 补仓F(1:1:1:1:1:1，-1.5%/-3%/-4.5%/-6%/-7.5%补) 均价止盈5% 止损离第一笔14% 拿72h,137,68,0.79,1.31,-10.3,,129,72,1.0,0.71,-10.3,,103,75,0.96,1.01,-10.3,
60分钟 持仓骤降反转 补仓F(1:1:1:1:1:1，-1.5%/-3%/-4.5%/-6%/-7.5%补) 均价止盈5% 止损离第一笔18% 拿24h,144,58,0.54,0.81,-8.0,,132,69,2.06,0.73,-14.4,✔,103,63,0.38,1.06,-14.4,
60分钟 持仓骤降反转 补仓F(1:1:1:1:1:1，-1.5%/-3%/-4.5%/-6%/-7.5%补) 均价止盈5% 止损离第一笔18% 拿72h,137,68,0.72,1.03,-14.4,,128,72,0.97,0.83,-14.4,,103,75,0.76,0.73,-14.4,
60分钟 持仓骤降反转 补仓F(1:1:1:1:1:1，-1.5%/-3%/-4.5%/-6%/-7.5%补) 均价止盈8% 止损离第一笔10% 拿24h,144,56,0.49,0.82,-7.2,,132,65,1.66,0.6,-7.2,✔,101,62,0.52,0.82,-7.2,
60分钟 持仓骤降反转 补仓F(1:1:1:1:1:1，-1.5%/-3%/-4.5%/-6%/-7.5%补) 均价止盈8% 止损离第一笔10% 拿72h,136,64,0.85,0.94,-7.2,,129,65,1.15,0.62,-7.2,,101,68,1.29,0.89,-7.2,✔
60分钟 持仓骤降反转 补仓F(1:1:1:1:1:1，-1.5%/-3%/-4.5%/-6%/-7.5%补) 均价止盈8% 止损离第一笔14% 拿24h,144,56,0.48,0.87,-10.3,,132,68,2.34,0.9,-10.3,✔,101,62,0.48,1.07,-10.3,
60分钟 持仓骤降反转 补仓F(1:1:1:1:1:1，-1.5%/-3%/-4.5%/-6%/-7.5%补) 均价止盈8% 止损离第一笔14% 拿72h,136,65,0.81,1.05,-10.3,,129,68,1.21,0.78,-10.3,,101,71,1.37,1.0,-10.3,✔
60分钟 持仓骤降反转 补仓F(1:1:1:1:1:1，-1.5%/-3%/-4.5%/-6%/-7.5%补) 均价止盈8% 止损离第一笔18% 拿24h,144,56,0.55,1.53,-8.0,,132,68,2.65,0.61,-14.4,✔,101,62,0.43,1.12,-14.4,
60分钟 持仓骤降反转 补仓F(1:1:1:1:1:1，-1.5%/-3%/-4.5%/-6%/-7.5%补) 均价止盈8% 止损离第一笔18% 拿72h,136,65,0.74,0.96,-14.4,,128,69,1.16,0.8,-14.4,,101,71,1.05,0.92,-14.4,
60分钟 持仓骤降反转 补仓G(1:1:2:2:4，-2%/-4%/-6%/-8%补) 均价止盈1% 止损离第一笔11% 拿24h,145,83,0.44,1.02,-6.1,,133,89,0.9,0.9,-6.1,,106,90,0.68,0.99,-5.5,
60分钟 持仓骤降反转 补仓G(1:1:2:2:4，-2%/-4%/-6%/-8%补) 均价止盈1% 止损离第一笔11% 拿72h,144,89,0.53,1.17,-6.1,,132,95,1.13,0.98,-6.1,✔,106,95,0.63,0.94,-6.1,
60分钟 持仓骤降反转 补仓G(1:1:2:2:4，-2%/-4%/-6%/-8%补) 均价止盈1% 止损离第一笔14% 拿24h,145,83,0.47,0.61,-9.3,,133,91,1.12,0.76,-9.3,,106,90,0.51,1.07,-8.3,
60分钟 持仓骤降反转 补仓G(1:1:2:2:4，-2%/-4%/-6%/-8%补) 均价止盈1% 止损离第一笔14% 拿72h,144,90,0.43,1.1,-9.3,,132,97,1.2,1.73,-9.3,,106,96,0.61,1.7,-8.3,
60分钟 持仓骤降反转 补仓G(1:1:2:2:4，-2%/-4%/-6%/-8%补) 均价止盈1% 止损离第一笔18% 拿24h,145,83,0.59,1.27,-5.1,,133,91,0.91,0.99,-13.5,,106,90,0.42,1.05,-12.1,
60分钟 持仓骤降反转 补仓G(1:1:2:2:4，-2%/-4%/-6%/-8%补) 均价止盈1% 止损离第一笔18% 拿72h,144,90,0.39,1.18,-12.1,,132,97,0.85,0.88,-13.5,,106,96,0.44,1.05,-12.1,
60分钟 持仓骤降反转 补仓G(1:1:2:2:4，-2%/-4%/-6%/-8%补) 均价止盈2% 止损离第一笔11% 拿24h,144,74,0.62,0.93,-6.1,,133,80,1.35,1.35,-6.1,,105,76,0.63,0.97,-5.5,
60分钟 持仓骤降反转 补仓G(1:1:2:2:4，-2%/-4%/-6%/-8%补) 均价止盈2% 止损离第一笔11% 拿72h,141,80,0.6,1.16,-6.1,,131,89,1.24,0.59,-6.1,,105,89,1.07,1.04,-6.1,
60分钟 持仓骤降反转 补仓G(1:1:2:2:4，-2%/-4%/-6%/-8%补) 均价止盈2% 止损离第一笔14% 拿24h,144,74,0.61,0.74,-9.3,,133,83,2.08,0.79,-9.3,✔,105,76,0.53,0.86,-8.3,
60分钟 持仓骤降反转 补仓G(1:1:2:2:4，-2%/-4%/-6%/-8%补) 均价止盈2% 止损离第一笔14% 拿72h,141,81,0.49,1.15,-9.3,,131,91,1.65,0.87,-9.3,,105,90,1.01,1.02,-8.3,
60分钟 持仓骤降反转 补仓G(1:1:2:2:4，-2%/-4%/-6%/-8%补) 均价止盈2% 止损离第一笔18% 拿24h,144,74,0.92,0.58,-5.1,,133,83,1.79,1.01,-13.5,✔,105,76,0.47,0.59,-12.1,
60分钟 持仓骤降反转 补仓G(1:1:2:2:4，-2%/-4%/-6%/-8%补) 均价止盈2% 止损离第一笔18% 拿72h,141,82,0.55,0.91,-12.1,,131,91,1.38,0.73,-13.5,,105,90,0.75,2.42,-12.1,
60分钟 持仓骤降反转 补仓G(1:1:2:2:4，-2%/-4%/-6%/-8%补) 均价止盈3% 止损离第一笔11% 拿24h,144,65,0.55,1.02,-6.1,,133,74,1.52,0.88,-6.1,✔,105,69,0.47,0.94,-5.5,
60分钟 持仓骤降反转 补仓G(1:1:2:2:4，-2%/-4%/-6%/-8%补) 均价止盈3% 止损离第一笔11% 拿72h,139,73,0.58,1.06,-6.1,,131,79,0.97,0.72,-6.1,,105,82,1.01,0.91,-6.1,
60分钟 持仓骤降反转 补仓G(1:1:2:2:4，-2%/-4%/-6%/-8%补) 均价止盈3% 止损离第一笔14% 拿24h,144,65,0.54,1.14,-9.3,,133,76,2.12,0.75,-9.3,✔,105,69,0.4,0.81,-8.3,
60分钟 持仓骤降反转 补仓G(1:1:2:2:4，-2%/-4%/-6%/-8%补) 均价止盈3% 止损离第一笔14% 拿72h,139,74,0.56,0.81,-9.3,,131,81,1.06,0.89,-9.3,,105,83,0.91,0.99,-9.3,
60分钟 持仓骤降反转 补仓G(1:1:2:2:4，-2%/-4%/-6%/-8%补) 均价止盈3% 止损离第一笔18% 拿24h,144,65,0.75,1.0,-6.4,,133,76,1.9,1.13,-13.5,✔,105,69,0.35,0.58,-12.1,
60分钟 持仓骤降反转 补仓G(1:1:2:2:4，-2%/-4%/-6%/-8%补) 均价止盈3% 止损离第一笔18% 拿72h,139,75,0.59,0.62,-12.1,,130,81,0.94,0.84,-13.5,,105,83,0.67,1.12,-13.5,
60分钟 持仓骤降反转 补仓G(1:1:2:2:4，-2%/-4%/-6%/-8%补) 均价止盈5% 止损离第一笔11% 拿24h,144,56,0.42,0.82,-6.1,,132,70,2.21,0.59,-6.1,✔,103,61,0.44,1.4,-6.1,
60分钟 持仓骤降反转 补仓G(1:1:2:2:4，-2%/-4%/-6%/-8%补) 均价止盈5% 止损离第一笔11% 拿72h,136,68,0.8,0.75,-6.1,,129,71,1.24,0.72,-6.1,,103,75,1.08,1.16,-6.1,
60分钟 持仓骤降反转 补仓G(1:1:2:2:4，-2%/-4%/-6%/-8%补) 均价止盈5% 止损离第一笔14% 拿24h,144,56,0.42,1.16,-9.3,,132,72,3.09,0.7,-9.3,✔,103,61,0.38,1.07,-9.3,
60分钟 持仓骤降反转 补仓G(1:1:2:2:4，-2%/-4%/-6%/-8%补) 均价止盈5% 止损离第一笔14% 拿72h,136,70,0.76,0.86,-9.3,,129,74,1.31,0.71,-9.3,,103,76,0.93,0.91,-9.3,
60分钟 持仓骤降反转 补仓G(1:1:2:2:4，-2%/-4%/-6%/-8%补) 均价止盈5% 止损离第一笔18% 拿24h,144,56,0.55,0.81,-6.4,,132,72,2.79,0.61,-13.5,✔,103,61,0.33,1.02,-13.5,
60分钟 持仓骤降反转 补仓G(1:1:2:2:4，-2%/-4%/-6%/-8%补) 均价止盈5% 止损离第一笔18% 拿72h,136,70,0.69,0.95,-13.5,,128,73,1.21,0.8,-13.5,,103,76,0.69,0.88,-13.5,
60分钟 持仓骤降反转 补仓G(1:1:2:2:4，-2%/-4%/-6%/-8%补) 均价止盈8% 止损离第一笔11% 拿24h,144,54,0.41,0.97,-6.1,,132,68,2.35,0.58,-6.1,✔,101,60,0.46,1.22,-6.1,
60分钟 持仓骤降反转 补仓G(1:1:2:2:4，-2%/-4%/-6%/-8%补) 均价止盈8% 止损离第一笔11% 拿72h,136,65,0.86,1.03,-6.1,,129,67,1.29,0.63,-6.1,,101,72,1.56,1.44,-6.1,✔
60分钟 持仓骤降反转 补仓G(1:1:2:2:4，-2%/-4%/-6%/-8%补) 均价止盈8% 止损离第一笔14% 拿24h,144,54,0.41,0.96,-9.3,,132,71,3.81,0.95,-9.3,✔,101,60,0.39,0.72,-9.3,
60分钟 持仓骤降反转 补仓G(1:1:2:2:4，-2%/-4%/-6%/-8%补) 均价止盈8% 止损离第一笔14% 拿72h,136,66,0.8,1.26,-9.3,,129,69,1.33,0.6,-9.3,,101,73,1.33,0.75,-9.3,
60分钟 持仓骤降反转 补仓G(1:1:2:2:4，-2%/-4%/-6%/-8%补) 均价止盈8% 止损离第一笔18% 拿24h,144,55,0.53,0.93,-6.4,,132,71,3.44,0.62,-13.5,✔,101,60,0.34,0.74,-13.5,
60分钟 持仓骤降反转 补仓G(1:1:2:2:4，-2%/-4%/-6%/-8%补) 均价止盈8% 止损离第一笔18% 拿72h,136,66,0.73,1.41,-13.5,,128,70,1.18,0.64,-13.5,,101,73,0.99,1.23,-13.5,
60分钟 持仓骤降反转 补仓H(1:1:1:1:1:1:1:1，-1%/-2%/-3%/-4%/-5%/-6%/-7%补) 均价止盈1% 止损离第一笔10% 拿24h,145,85,0.64,0.65,-6.9,,133,91,0.75,0.59,-6.5,,106,88,0.65,0.71,-6.5,
60分钟 持仓骤降反转 补仓H(1:1:1:1:1:1:1:1，-1%/-2%/-3%/-4%/-5%/-6%/-7%补) 均价止盈1% 止损离第一笔10% 拿72h,144,90,0.63,0.73,-6.9,,132,95,0.86,1.23,-6.5,,106,96,1.07,0.85,-6.9,
60分钟 持仓骤降反转 补仓H(1:1:1:1:1:1:1:1，-1%/-2%/-3%/-4%/-5%/-6%/-7%补) 均价止盈1% 止损离第一笔13% 拿24h,145,85,0.58,0.79,-10.0,,133,92,0.97,0.65,-10.0,,106,88,0.7,1.51,-7.2,
60分钟 持仓骤降反转 补仓H(1:1:1:1:1:1:1:1，-1%/-2%/-3%/-4%/-5%/-6%/-7%补) 均价止盈1% 止损离第一笔13% 拿72h,144,90,0.56,1.28,-10.0,,132,97,1.3,0.58,-10.0,✔,106,98,2.02,2.23,-9.4,
60分钟 持仓骤降反转 补仓H(1:1:1:1:1:1:1:1，-1%/-2%/-3%/-4%/-5%/-6%/-7%补) 均价止盈1% 止损离第一笔17% 拿24h,145,85,0.72,0.7,-6.6,,133,93,1.06,0.48,-14.1,,106,88,0.7,1.48,-7.2,
60分钟 持仓骤降反转 补仓H(1:1:1:1:1:1:1:1，-1%/-2%/-3%/-4%/-5%/-6%/-7%补) 均价止盈1% 止损离第一笔17% 拿72h,144,90,0.52,0.8,-13.2,,132,98,1.24,0.74,-14.1,✔,106,98,1.6,1.12,-13.2,✔
60分钟 持仓骤降反转 补仓H(1:1:1:1:1:1:1:1，-1%/-2%/-3%/-4%/-5%/-6%/-7%补) 均价止盈2% 止损离第一笔10% 拿24h,144,74,0.66,0.62,-6.9,,133,83,1.18,0.82,-6.9,,105,75,0.65,0.93,-6.5,
60分钟 持仓骤降反转 补仓H(1:1:1:1:1:1:1:1，-1%/-2%/-3%/-4%/-5%/-6%/-7%补) 均价止盈2% 止损离第一笔10% 拿72h,141,81,0.74,1.46,-6.9,,131,86,0.9,0.7,-6.9,,105,88,1.12,1.04,-6.9,
60分钟 持仓骤降反转 补仓H(1:1:1:1:1:1:1:1，-1%/-2%/-3%/-4%/-5%/-6%/-7%补) 均价止盈2% 止损离第一笔13% 拿24h,144,74,0.6,0.74,-10.0,,133,86,1.98,0.71,-10.0,✔,105,75,0.6,1.01,-9.4,
60分钟 持仓骤降反转 补仓H(1:1:1:1:1:1:1:1，-1%/-2%/-3%/-4%/-5%/-6%/-7%补) 均价止盈2% 止损离第一笔13% 拿72h,141,82,0.64,1.02,-10.0,,131,90,1.31,0.74,-10.0,,105,90,1.21,1.53,-9.4,
60分钟 持仓骤降反转 补仓H(1:1:1:1:1:1:1:1，-1%/-2%/-3%/-4%/-5%/-6%/-7%补) 均价止盈2% 止损离第一笔17% 拿24h,144,75,0.76,0.88,-7.1,,133,86,2.13,0.74,-14.1,✔,105,75,0.54,0.81,-13.2,
60分钟 持仓骤降反转 补仓H(1:1:1:1:1:1:1:1，-1%/-2%/-3%/-4%/-5%/-6%/-7%补) 均价止盈2% 止损离第一笔17% 拿72h,141,82,0.54,0.7,-13.2,,131,91,1.22,0.57,-14.1,,105,90,0.95,1.7,-13.2,
60分钟 持仓骤降反转 补仓H(1:1:1:1:1:1:1:1，-1%/-2%/-3%/-4%/-5%/-6%/-7%补) 均价止盈3% 止损离第一笔10% 拿24h,144,65,0.62,0.77,-6.9,,133,71,0.85,0.78,-6.9,,105,68,0.52,0.99,-6.9,
60分钟 持仓骤降反转 补仓H(1:1:1:1:1:1:1:1，-1%/-2%/-3%/-4%/-5%/-6%/-7%补) 均价止盈3% 止损离第一笔10% 拿72h,139,73,0.81,0.95,-6.9,,131,76,0.71,0.77,-6.9,,105,81,1.04,1.12,-6.9,
60分钟 持仓骤降反转 补仓H(1:1:1:1:1:1:1:1，-1%/-2%/-3%/-4%/-5%/-6%/-7%补) 均价止盈3% 止损离第一笔13% 拿24h,144,65,0.57,1.1,-10.0,,133,76,1.59,1.01,-10.0,✔,105,68,0.48,0.77,-9.4,
60分钟 持仓骤降反转 补仓H(1:1:1:1:1:1:1:1，-1%/-2%/-3%/-4%/-5%/-6%/-7%补) 均价止盈3% 止损离第一笔13% 拿72h,139,74,0.7,0.9,-10.0,,131,82,0.98,0.7,-10.0,,105,83,1.07,0.79,-10.0,
60分钟 持仓骤降反转 补仓H(1:1:1:1:1:1:1:1，-1%/-2%/-3%/-4%/-5%/-6%/-7%补) 均价止盈3% 止损离第一笔17% 拿24h,144,66,0.7,0.93,-7.1,,133,77,1.81,0.76,-14.1,✔,105,68,0.44,1.04,-13.2,
60分钟 持仓骤降反转 补仓H(1:1:1:1:1:1:1:1，-1%/-2%/-3%/-4%/-5%/-6%/-7%补) 均价止盈3% 止损离第一笔17% 拿72h,139,74,0.66,1.1,-14.1,,130,83,1.03,0.59,-14.1,,105,83,0.83,0.72,-14.1,
60分钟 持仓骤降反转 补仓H(1:1:1:1:1:1:1:1，-1%/-2%/-3%/-4%/-5%/-6%/-7%补) 均价止盈5% 止损离第一笔10% 拿24h,144,58,0.47,1.21,-6.9,,132,64,0.92,0.83,-6.9,,104,62,0.48,0.76,-6.9,
60分钟 持仓骤降反转 补仓H(1:1:1:1:1:1:1:1，-1%/-2%/-3%/-4%/-5%/-6%/-7%补) 均价止盈5% 止损离第一笔10% 拿72h,137,65,0.74,1.09,-6.9,,130,65,0.76,0.51,-6.9,,104,72,0.93,1.25,-6.9,
60分钟 持仓骤降反转 补仓H(1:1:1:1:1:1:1:1，-1%/-2%/-3%/-4%/-5%/-6%/-7%补) 均价止盈5% 止损离第一笔13% 拿24h,144,58,0.46,0.8,-10.0,,132,70,1.67,0.72,-10.0,✔,104,62,0.44,1.26,-10.0,
60分钟 持仓骤降反转 补仓H(1:1:1:1:1:1:1:1，-1%/-2%/-3%/-4%/-5%/-6%/-7%补) 均价止盈5% 止损离第一笔13% 拿72h,137,67,0.75,0.98,-10.0,,129,72,0.98,0.74,-10.0,,104,75,0.96,1.02,-10.0,
60分钟 持仓骤降反转 补仓H(1:1:1:1:1:1:1:1，-1%/-2%/-3%/-4%/-5%/-6%/-7%补) 均价止盈5% 止损离第一笔17% 拿24h,144,59,0.53,0.86,-8.2,,132,70,2.09,1.12,-14.1,✔,104,62,0.39,1.11,-14.1,
60分钟 持仓骤降反转 补仓H(1:1:1:1:1:1:1:1，-1%/-2%/-3%/-4%/-5%/-6%/-7%补) 均价止盈5% 止损离第一笔17% 拿72h,137,67,0.69,0.92,-14.1,,128,73,1.01,0.69,-14.1,,104,75,0.76,1.18,-14.1,
60分钟 持仓骤降反转 补仓H(1:1:1:1:1:1:1:1，-1%/-2%/-3%/-4%/-5%/-6%/-7%补) 均价止盈8% 止损离第一笔10% 拿24h,144,56,0.46,0.77,-6.9,,132,64,1.04,0.64,-6.9,,101,60,0.53,1.17,-6.9,
60分钟 持仓骤降反转 补仓H(1:1:1:1:1:1:1:1，-1%/-2%/-3%/-4%/-5%/-6%/-7%补) 均价止盈8% 止损离第一笔10% 拿72h,136,62,0.8,0.93,-6.9,,130,62,0.85,0.6,-6.9,,101,69,1.34,1.01,-6.9,✔
60分钟 持仓骤降反转 补仓H(1:1:1:1:1:1:1:1，-1%/-2%/-3%/-4%/-5%/-6%/-7%补) 均价止盈8% 止损离第一笔13% 拿24h,144,56,0.44,0.86,-10.0,,132,69,2.08,0.81,-10.0,✔,101,60,0.49,0.92,-10.0,
60分钟 持仓骤降反转 补仓H(1:1:1:1:1:1:1:1，-1%/-2%/-3%/-4%/-5%/-6%/-7%补) 均价止盈8% 止损离第一笔13% 拿72h,136,65,0.79,0.93,-10.0,,129,68,1.14,0.79,-10.0,,101,72,1.42,1.12,-10.0,✔
60分钟 持仓骤降反转 补仓H(1:1:1:1:1:1:1:1，-1%/-2%/-3%/-4%/-5%/-6%/-7%补) 均价止盈8% 止损离第一笔17% 拿24h,144,57,0.52,1.0,-8.2,,132,70,2.61,0.69,-14.1,✔,101,60,0.44,0.91,-14.1,
60分钟 持仓骤降反转 补仓H(1:1:1:1:1:1:1:1，-1%/-2%/-3%/-4%/-5%/-6%/-7%补) 均价止盈8% 止损离第一笔17% 拿72h,136,65,0.73,0.95,-14.1,,128,70,1.17,0.75,-14.1,,101,72,1.09,1.27,-14.1,
60分钟 持仓骤降反转 补仓I(1:1:1:2:2:3，-2%/-4%/-6%/-9%/-12%补) 均价止盈1% 止损离第一笔15% 拿24h,145,83,0.78,0.93,-3.8,,133,91,1.18,0.71,-7.4,,106,86,0.43,1.63,-7.4,
60分钟 持仓骤降反转 补仓I(1:1:1:2:2:3，-2%/-4%/-6%/-9%/-12%补) 均价止盈1% 止损离第一笔15% 拿72h,143,89,0.51,0.87,-7.4,,132,97,1.23,0.53,-7.4,,106,96,0.72,1.2,-7.4,
60分钟 持仓骤降反转 补仓I(1:1:1:2:2:3，-2%/-4%/-6%/-9%/-12%补) 均价止盈1% 止损离第一笔18% 拿24h,145,83,0.78,0.89,-3.8,,133,91,0.91,0.62,-11.8,,106,86,0.38,1.38,-10.2,
60分钟 持仓骤降反转 补仓I(1:1:1:2:2:3，-2%/-4%/-6%/-9%/-12%补) 均价止盈1% 止损离第一笔18% 拿72h,143,89,0.42,1.01,-10.2,,132,97,0.86,1.08,-11.8,,106,96,0.53,0.93,-10.2,
60分钟 持仓骤降反转 补仓I(1:1:1:2:2:3，-2%/-4%/-6%/-9%/-12%补) 均价止盈1% 止损离第一笔22% 拿24h,145,83,0.78,0.68,-3.8,,133,91,0.75,0.88,-16.1,,106,86,0.36,1.23,-11.4,
60分钟 持仓骤降反转 补仓I(1:1:1:2:2:3，-2%/-4%/-6%/-9%/-12%补) 均价止盈1% 止损离第一笔22% 拿72h,142,89,0.33,0.76,-14.0,,132,97,0.64,0.53,-16.1,,106,96,0.39,0.65,-14.0,
60分钟 持仓骤降反转 补仓I(1:1:1:2:2:3，-2%/-4%/-6%/-9%/-12%补) 均价止盈2% 止损离第一笔15% 拿24h,144,74,1.06,0.57,-3.8,,133,82,2.02,0.82,-7.4,✔,105,73,0.48,0.74,-7.4,
60分钟 持仓骤降反转 补仓I(1:1:1:2:2:3，-2%/-4%/-6%/-9%/-12%补) 均价止盈2% 止损离第一笔15% 拿72h,141,82,0.66,1.23,-8.6,,131,90,1.38,0.96,-8.6,,105,88,0.8,1.12,-7.4,
60分钟 持仓骤降反转 补仓I(1:1:1:2:2:3，-2%/-4%/-6%/-9%/-12%补) 均价止盈2% 止损离第一笔18% 拿24h,144,74,1.06,0.98,-3.8,,133,82,1.67,0.58,-11.8,✔,105,73,0.42,1.42,-10.2,
60分钟 持仓骤降反转 补仓I(1:1:1:2:2:3，-2%/-4%/-6%/-9%/-12%补) 均价止盈2% 止损离第一笔18% 拿72h,141,82,0.65,0.63,-10.2,,131,90,1.1,0.92,-11.8,,105,88,0.62,1.26,-10.2,
60分钟 持仓骤降反转 补仓I(1:1:1:2:2:3，-2%/-4%/-6%/-9%/-12%补) 均价止盈2% 止损离第一笔22% 拿24h,144,74,1.06,0.69,-3.8,,133,82,1.43,1.02,-16.1,✔,105,73,0.41,0.6,-11.4,
60分钟 持仓骤降反转 补仓I(1:1:1:2:2:3，-2%/-4%/-6%/-9%/-12%补) 均价止盈2% 止损离第一笔22% 拿72h,140,82,0.52,1.59,-14.0,,130,90,1.06,0.52,-16.1,,105,88,0.47,1.15,-14.0,
60分钟 持仓骤降反转 补仓I(1:1:1:2:2:3，-2%/-4%/-6%/-9%/-12%补) 均价止盈3% 止损离第一笔15% 拿24h,144,64,0.74,1.26,-4.5,,133,75,2.08,0.75,-7.4,✔,105,67,0.44,1.48,-7.4,
60分钟 持仓骤降反转 补仓I(1:1:1:2:2:3，-2%/-4%/-6%/-9%/-12%补) 均价止盈3% 止损离第一笔15% 拿72h,139,74,0.69,1.23,-8.6,,131,81,0.89,0.54,-8.6,,105,83,0.88,1.39,-8.6,
60分钟 持仓骤降反转 补仓I(1:1:1:2:2:3，-2%/-4%/-6%/-9%/-12%补) 均价止盈3% 止损离第一笔18% 拿24h,144,64,0.74,1.02,-4.5,,133,75,1.81,0.76,-11.8,✔,105,67,0.39,1.14,-10.2,
60分钟 持仓骤降反转 补仓I(1:1:1:2:2:3，-2%/-4%/-6%/-9%/-12%补) 均价止盈3% 止损离第一笔18% 拿72h,139,75,0.66,0.84,-10.2,,130,81,0.8,0.76,-11.8,,105,83,0.67,1.26,-11.8,
60分钟 持仓骤降反转 补仓I(1:1:1:2:2:3，-2%/-4%/-6%/-9%/-12%补) 均价止盈3% 止损离第一笔22% 拿24h,144,64,0.74,1.19,-4.5,,133,75,1.61,0.79,-16.1,✔,105,67,0.39,1.12,-11.4,
60分钟 持仓骤降反转 补仓I(1:1:1:2:2:3，-2%/-4%/-6%/-9%/-12%补) 均价止盈3% 止损离第一笔22% 拿72h,138,75,0.54,0.86,-14.0,,129,81,0.87,0.66,-16.1,,105,83,0.52,0.9,-14.0,
60分钟 持仓骤降反转 补仓I(1:1:1:2:2:3，-2%/-4%/-6%/-9%/-12%补) 均价止盈5% 止损离第一笔15% 拿24h,144,56,0.63,0.63,-4.5,,132,70,2.83,1.15,-7.4,✔,103,59,0.37,1.0,-8.6,
60分钟 持仓骤降反转 补仓I(1:1:1:2:2:3，-2%/-4%/-6%/-9%/-12%补) 均价止盈5% 止损离第一笔15% 拿72h,136,68,0.71,1.04,-8.6,,129,74,1.23,0.58,-8.6,,103,74,0.75,1.08,-8.6,
60分钟 持仓骤降反转 补仓I(1:1:1:2:2:3，-2%/-4%/-6%/-9%/-12%补) 均价止盈5% 止损离第一笔18% 拿24h,144,56,0.63,1.12,-4.5,,132,70,2.49,0.77,-11.8,✔,103,59,0.33,1.11,-11.8,
60分钟 持仓骤降反转 补仓I(1:1:1:2:2:3，-2%/-4%/-6%/-9%/-12%补) 均价止盈5% 止损离第一笔18% 拿72h,136,68,0.66,0.75,-11.8,,128,74,1.12,0.8,-11.8,,103,74,0.62,1.03,-11.8,
60分钟 持仓骤降反转 补仓I(1:1:1:2:2:3，-2%/-4%/-6%/-9%/-12%补) 均价止盈5% 止损离第一笔22% 拿24h,144,56,0.63,0.7,-4.5,,132,70,2.23,0.98,-16.1,✔,103,59,0.31,1.09,-16.1,
60分钟 持仓骤降反转 补仓I(1:1:1:2:2:3，-2%/-4%/-6%/-9%/-12%补) 均价止盈5% 止损离第一笔22% 拿72h,135,68,0.54,1.01,-14.0,,127,74,1.2,0.71,-16.1,,103,74,0.51,1.24,-16.1,
60分钟 持仓骤降反转 补仓I(1:1:1:2:2:3，-2%/-4%/-6%/-9%/-12%补) 均价止盈8% 止损离第一笔15% 拿24h,144,55,0.62,0.92,-4.5,,132,70,3.44,0.58,-7.4,✔,101,58,0.42,0.96,-8.6,
60分钟 持仓骤降反转 补仓I(1:1:1:2:2:3，-2%/-4%/-6%/-9%/-12%补) 均价止盈8% 止损离第一笔15% 拿72h,136,64,0.74,0.8,-8.6,,129,70,1.23,0.71,-8.6,,101,71,1.11,1.07,-8.6,
60分钟 持仓骤降反转 补仓I(1:1:1:2:2:3，-2%/-4%/-6%/-9%/-12%补) 均价止盈8% 止损离第一笔18% 拿24h,144,55,0.62,0.71,-4.5,,132,70,3.03,0.72,-11.8,✔,101,58,0.37,0.81,-11.8,
60分钟 持仓骤降反转 补仓I(1:1:1:2:2:3，-2%/-4%/-6%/-9%/-12%补) 均价止盈8% 止损离第一笔18% 拿72h,136,65,0.69,0.76,-11.8,,128,70,1.08,0.75,-11.8,,101,71,0.87,0.65,-11.8,
60分钟 持仓骤降反转 补仓I(1:1:1:2:2:3，-2%/-4%/-6%/-9%/-12%补) 均价止盈8% 止损离第一笔22% 拿24h,144,55,0.62,1.31,-4.5,,132,70,2.72,0.93,-16.1,✔,101,58,0.35,0.68,-16.1,
60分钟 持仓骤降反转 补仓I(1:1:1:2:2:3，-2%/-4%/-6%/-9%/-12%补) 均价止盈8% 止损离第一笔22% 拿72h,135,64,0.56,0.66,-14.0,,127,71,1.14,0.66,-16.1,,101,71,0.72,0.58,-16.1,
60分钟 被套反向 补仓E(1:1:1:1:1，-2%/-4%/-6%/-8%补) 均价止盈1% 止损离第一笔11% 拿24h,48,71,0.35,1.79,-7.5,,19,74,1.79,1.56,-1.9,,37,78,0.64,0.56,-3.1,
60分钟 被套反向 补仓E(1:1:1:1:1，-2%/-4%/-6%/-8%补) 均价止盈1% 止损离第一笔11% 拿72h,48,83,0.48,0.97,-7.5,,19,89,4.23,0.94,-1.3,,37,86,0.32,2.37,-7.5,
60分钟 被套反向 补仓E(1:1:1:1:1，-2%/-4%/-6%/-8%补) 均价止盈1% 止损离第一笔14% 拿24h,48,71,0.31,1.31,-10.6,,19,74,1.79,2.53,-1.9,,37,78,0.64,1.12,-3.1,
60分钟 被套反向 补仓E(1:1:1:1:1，-2%/-4%/-6%/-8%补) 均价止盈1% 止损离第一笔14% 拿72h,48,85,0.69,0.73,-10.6,,19,89,4.23,11.22,-1.3,,37,86,0.26,2.32,-9.8,
60分钟 被套反向 补仓E(1:1:1:1:1，-2%/-4%/-6%/-8%补) 均价止盈1% 止损离第一笔18% 拿24h,48,71,0.39,0.77,-6.8,,19,74,1.79,0.29,-1.9,,37,78,0.64,0.8,-3.1,
60分钟 被套反向 补仓E(1:1:1:1:1，-2%/-4%/-6%/-8%补) 均价止盈1% 止损离第一笔18% 拿72h,48,85,1.01,1.05,-6.2,,19,89,4.23,0.39,-1.3,,37,86,0.21,0.45,-13.6,
60分钟 被套反向 补仓E(1:1:1:1:1，-2%/-4%/-6%/-8%补) 均价止盈2% 止损离第一笔11% 拿24h,48,54,0.5,1.24,-7.5,,18,67,3.75,0.48,-1.9,,36,61,0.54,1.67,-5.3,
60分钟 被套反向 补仓E(1:1:1:1:1，-2%/-4%/-6%/-8%补) 均价止盈2% 止损离第一笔11% 拿72h,48,73,0.73,0.82,-7.5,,18,89,8.79,0.8,-1.3,,33,76,0.36,0.89,-7.5,
60分钟 被套反向 补仓E(1:1:1:1:1，-2%/-4%/-6%/-8%补) 均价止盈2% 止损离第一笔14% 拿24h,48,54,0.45,0.57,-10.6,,18,67,3.75,1.44,-1.9,,36,61,0.54,1.3,-5.3,
60分钟 被套反向 补仓E(1:1:1:1:1，-2%/-4%/-6%/-8%补) 均价止盈2% 止损离第一笔14% 拿72h,48,75,0.99,1.08,-10.6,,18,89,8.79,2.69,-1.3,,33,79,0.44,0.54,-9.8,
60分钟 被套反向 补仓E(1:1:1:1:1，-2%/-4%/-6%/-8%补) 均价止盈2% 止损离第一笔18% 拿24h,48,54,0.55,1.04,-6.8,,18,67,3.75,1.06,-1.9,,36,61,0.54,1.71,-5.3,
60分钟 被套反向 补仓E(1:1:1:1:1，-2%/-4%/-6%/-8%补) 均价止盈2% 止损离第一笔18% 拿72h,48,75,1.29,0.46,-6.2,,18,89,8.79,0.87,-1.3,,33,79,0.36,1.31,-13.6,
60分钟 被套反向 补仓E(1:1:1:1:1，-2%/-4%/-6%/-8%补) 均价止盈3% 止损离第一笔11% 拿24h,48,48,0.52,0.84,-7.5,,18,44,0.57,0.56,-7.5,,36,56,0.42,1.06,-5.9,
60分钟 被套反向 补仓E(1:1:1:1:1，-2%/-4%/-6%/-8%补) 均价止盈3% 止损离第一笔11% 拿72h,48,67,0.76,1.06,-7.5,,18,72,1.63,2.4,-7.5,,31,61,0.27,1.81,-7.5,
60分钟 被套反向 补仓E(1:1:1:1:1，-2%/-4%/-6%/-8%补) 均价止盈3% 止损离第一笔14% 拿24h,48,48,0.46,1.97,-10.6,,18,44,0.43,0.89,-10.6,,36,56,0.42,1.02,-5.9,
60分钟 被套反向 补仓E(1:1:1:1:1，-2%/-4%/-6%/-8%补) 均价止盈3% 止损离第一笔14% 拿72h,48,69,1.0,0.74,-10.6,,18,72,1.23,0.74,-10.6,,31,65,0.35,1.25,-10.6,
60分钟 被套反向 补仓E(1:1:1:1:1，-2%/-4%/-6%/-8%补) 均价止盈3% 止损离第一笔18% 拿24h,48,48,0.56,0.94,-6.8,,18,44,0.72,1.89,-5.5,,36,56,0.42,1.0,-5.9,
60分钟 被套反向 补仓E(1:1:1:1:1，-2%/-4%/-6%/-8%补) 均价止盈3% 止损离第一笔18% 拿72h,48,69,1.19,1.28,-7.0,,18,72,0.93,0.59,-14.7,,31,65,0.33,0.66,-13.6,
60分钟 被套反向 补仓E(1:1:1:1:1，-2%/-4%/-6%/-8%补) 均价止盈5% 止损离第一笔11% 拿24h,48,46,0.58,0.58,-7.5,,18,44,0.96,2.42,-7.5,,35,51,0.43,0.7,-5.9,
60分钟 被套反向 补仓E(1:1:1:1:1，-2%/-4%/-6%/-8%补) 均价止盈5% 止损离第一笔11% 拿72h,45,58,0.72,0.93,-7.5,,18,61,1.32,0.91,-7.5,,30,63,0.44,0.97,-7.5,
60分钟 被套反向 补仓E(1:1:1:1:1，-2%/-4%/-6%/-8%补) 均价止盈5% 止损离第一笔14% 拿24h,48,46,0.52,1.46,-10.6,,18,44,0.73,1.33,-10.6,,35,51,0.43,0.95,-5.9,
60分钟 被套反向 补仓E(1:1:1:1:1，-2%/-4%/-6%/-8%补) 均价止盈5% 止损离第一笔14% 拿72h,45,60,1.01,1.57,-10.6,,18,61,1.06,0.64,-10.6,,30,67,0.52,1.15,-10.6,
60分钟 被套反向 补仓E(1:1:1:1:1，-2%/-4%/-6%/-8%补) 均价止盈5% 止损离第一笔18% 拿24h,48,46,0.63,0.93,-6.8,,18,44,1.2,1.76,-5.5,,35,51,0.43,1.44,-5.9,
60分钟 被套反向 补仓E(1:1:1:1:1，-2%/-4%/-6%/-8%补) 均价止盈5% 止损离第一笔18% 拿72h,45,60,1.2,1.2,-7.0,,18,61,0.84,0.72,-14.7,,30,67,0.49,0.66,-13.6,
60分钟 被套反向 补仓E(1:1:1:1:1，-2%/-4%/-6%/-8%补) 均价止盈8% 止损离第一笔11% 拿24h,48,46,0.52,0.86,-7.5,,18,44,0.95,1.13,-7.5,,35,51,0.48,1.11,-5.9,
60分钟 被套反向 补仓E(1:1:1:1:1，-2%/-4%/-6%/-8%补) 均价止盈8% 止损离第一笔11% 拿72h,45,58,0.86,1.55,-7.5,,18,61,1.67,0.54,-7.5,,30,63,0.61,1.1,-7.5,
60分钟 被套反向 补仓E(1:1:1:1:1，-2%/-4%/-6%/-8%补) 均价止盈8% 止损离第一笔14% 拿24h,48,46,0.46,0.89,-10.6,,18,44,0.72,0.65,-10.6,,35,51,0.48,0.95,-5.9,
60分钟 被套反向 补仓E(1:1:1:1:1，-2%/-4%/-6%/-8%补) 均价止盈8% 止损离第一笔14% 拿72h,45,60,1.1,0.84,-10.6,,18,61,1.34,1.0,-10.6,,30,67,0.7,1.69,-10.6,
60分钟 被套反向 补仓E(1:1:1:1:1，-2%/-4%/-6%/-8%补) 均价止盈8% 止损离第一笔18% 拿24h,48,46,0.56,0.76,-6.8,,18,44,1.19,0.6,-5.5,,35,51,0.48,1.08,-5.9,
60分钟 被套反向 补仓E(1:1:1:1:1，-2%/-4%/-6%/-8%补) 均价止盈8% 止损离第一笔18% 拿72h,45,60,1.3,0.94,-7.0,,18,61,1.06,0.73,-14.7,,30,67,0.66,0.86,-13.6,
60分钟 被套反向 补仓F(1:1:1:1:1:1，-1.5%/-3%/-4.5%/-6%/-7.5%补) 均价止盈1% 止损离第一笔10% 拿24h,48,71,0.34,1.48,-7.2,,19,84,1.63,1.0,-2.1,,37,89,0.9,2.63,-3.3,
60分钟 被套反向 补仓F(1:1:1:1:1:1，-1.5%/-3%/-4.5%/-6%/-7.5%补) 均价止盈1% 止损离第一笔10% 拿72h,48,88,0.5,1.1,-7.2,,19,89,3.93,0.0,-1.2,,36,86,0.32,1.48,-7.2,
60分钟 被套反向 补仓F(1:1:1:1:1:1，-1.5%/-3%/-4.5%/-6%/-7.5%补) 均价止盈1% 止损离第一笔14% 拿24h,48,71,0.29,0.63,-10.3,,19,84,1.63,2.02,-2.1,,37,89,0.9,2.27,-3.3,
60分钟 被套反向 补仓F(1:1:1:1:1:1，-1.5%/-3%/-4.5%/-6%/-7.5%补) 均价止盈1% 止损离第一笔14% 拿72h,48,90,0.72,0.38,-10.3,,19,89,3.93,0.63,-1.2,,36,86,0.27,0.82,-9.6,
60分钟 被套反向 补仓F(1:1:1:1:1:1，-1.5%/-3%/-4.5%/-6%/-7.5%补) 均价止盈1% 止损离第一笔18% 拿24h,48,71,0.36,0.41,-7.0,,19,84,1.63,1.45,-2.1,,37,89,0.9,1.44,-3.3,
60分钟 被套反向 补仓F(1:1:1:1:1:1，-1.5%/-3%/-4.5%/-6%/-7.5%补) 均价止盈1% 止损离第一笔18% 拿72h,48,90,1.02,1.02,-6.4,,19,89,3.93,0.67,-1.2,,36,86,0.23,1.52,-13.4,
60分钟 被套反向 补仓F(1:1:1:1:1:1，-1.5%/-3%/-4.5%/-6%/-7.5%补) 均价止盈2% 止损离第一笔10% 拿24h,48,54,0.5,1.62,-7.2,,18,72,3.12,0.52,-2.1,,36,67,0.4,1.62,-6.2,
60分钟 被套反向 补仓F(1:1:1:1:1:1，-1.5%/-3%/-4.5%/-6%/-7.5%补) 均价止盈2% 止损离第一笔10% 拿72h,48,75,0.64,0.99,-7.2,,18,83,7.19,0.58,-1.2,,34,74,0.3,1.36,-7.2,
60分钟 被套反向 补仓F(1:1:1:1:1:1，-1.5%/-3%/-4.5%/-6%/-7.5%补) 均价止盈2% 止损离第一笔14% 拿24h,48,54,0.44,0.56,-10.3,,18,72,3.12,1.26,-2.1,,36,67,0.4,1.09,-6.2,
60分钟 被套反向 补仓F(1:1:1:1:1:1，-1.5%/-3%/-4.5%/-6%/-7.5%补) 均价止盈2% 止损离第一笔14% 拿72h,48,77,1.08,0.75,-10.3,,18,83,7.19,0.95,-1.2,,34,76,0.33,0.6,-10.3,
60分钟 被套反向 补仓F(1:1:1:1:1:1，-1.5%/-3%/-4.5%/-6%/-7.5%补) 均价止盈2% 止损离第一笔18% 拿24h,48,54,0.52,1.34,-7.0,,18,72,3.12,0.54,-2.1,,36,67,0.4,1.37,-6.2,
60分钟 被套反向 补仓F(1:1:1:1:1:1，-1.5%/-3%/-4.5%/-6%/-7.5%补) 均价止盈2% 止损离第一笔18% 拿72h,48,77,1.36,0.77,-6.4,,18,83,7.19,0.38,-1.2,,34,76,0.3,1.65,-13.4,
60分钟 被套反向 补仓F(1:1:1:1:1:1，-1.5%/-3%/-4.5%/-6%/-7.5%补) 均价止盈3% 止损离第一笔10% 拿24h,48,50,0.52,1.04,-7.2,,18,61,0.7,1.74,-7.2,,36,61,0.39,1.11,-6.2,
60分钟 被套反向 补仓F(1:1:1:1:1:1，-1.5%/-3%/-4.5%/-6%/-7.5%补) 均价止盈3% 止损离第一笔10% 拿72h,48,67,0.66,1.31,-7.2,,18,78,1.9,2.66,-7.2,,31,61,0.29,0.94,-7.2,
60分钟 被套反向 补仓F(1:1:1:1:1:1，-1.5%/-3%/-4.5%/-6%/-7.5%补) 均价止盈3% 止损离第一笔14% 拿24h,48,50,0.46,0.7,-10.3,,18,61,0.54,3.13,-10.3,,36,61,0.39,2.37,-6.2,
60分钟 被套反向 补仓F(1:1:1:1:1:1，-1.5%/-3%/-4.5%/-6%/-7.5%补) 均价止盈3% 止损离第一笔14% 拿72h,48,69,1.0,1.0,-10.3,,18,78,1.4,0.68,-10.3,,31,65,0.35,0.94,-10.3,
60分钟 被套反向 补仓F(1:1:1:1:1:1，-1.5%/-3%/-4.5%/-6%/-7.5%补) 均价止盈3% 止损离第一笔18% 拿24h,48,50,0.54,0.96,-7.0,,18,61,0.82,1.58,-5.8,,36,61,0.39,1.81,-6.2,
60分钟 被套反向 补仓F(1:1:1:1:1:1，-1.5%/-3%/-4.5%/-6%/-7.5%补) 均价止盈3% 止损离第一笔18% 拿72h,48,69,1.16,1.53,-7.2,,18,78,1.03,0.45,-14.4,,31,65,0.33,1.34,-13.4,
60分钟 被套反向 补仓F(1:1:1:1:1:1，-1.5%/-3%/-4.5%/-6%/-7.5%补) 均价止盈5% 止损离第一笔10% 拿24h,48,48,0.61,0.87,-7.2,,18,61,0.93,0.64,-7.2,,35,57,0.4,0.75,-6.2,
60分钟 被套反向 补仓F(1:1:1:1:1:1，-1.5%/-3%/-4.5%/-6%/-7.5%补) 均价止盈5% 止损离第一笔10% 拿72h,45,60,0.78,1.31,-7.2,,18,61,1.28,1.19,-7.2,,30,67,0.53,0.89,-7.2,
60分钟 被套反向 补仓F(1:1:1:1:1:1，-1.5%/-3%/-4.5%/-6%/-7.5%补) 均价止盈5% 止损离第一笔14% 拿24h,48,48,0.53,0.72,-10.3,,18,61,0.71,0.97,-10.3,,35,57,0.4,1.22,-6.2,
60分钟 被套反向 补仓F(1:1:1:1:1:1，-1.5%/-3%/-4.5%/-6%/-7.5%补) 均价止盈5% 止损离第一笔14% 拿72h,45,62,1.22,0.67,-10.3,,18,61,1.03,0.69,-10.3,,30,70,0.6,1.12,-10.3,
60分钟 被套反向 补仓F(1:1:1:1:1:1，-1.5%/-3%/-4.5%/-6%/-7.5%补) 均价止盈5% 止损离第一笔18% 拿24h,48,48,0.63,1.15,-7.0,,18,61,1.08,1.06,-5.8,,35,57,0.4,1.29,-6.2,
60分钟 被套反向 补仓F(1:1:1:1:1:1，-1.5%/-3%/-4.5%/-6%/-7.5%补) 均价止盈5% 止损离第一笔18% 拿72h,45,62,1.42,1.05,-7.2,,18,61,0.81,0.72,-14.4,,30,70,0.55,0.97,-13.4,
60分钟 被套反向 补仓F(1:1:1:1:1:1，-1.5%/-3%/-4.5%/-6%/-7.5%补) 均价止盈8% 止损离第一笔10% 拿24h,48,48,0.56,0.69,-7.2,,18,61,0.9,0.97,-7.2,,35,57,0.44,1.15,-6.2,
60分钟 被套反向 补仓F(1:1:1:1:1:1，-1.5%/-3%/-4.5%/-6%/-7.5%补) 均价止盈8% 止损离第一笔10% 拿72h,45,58,0.85,1.24,-7.2,,18,61,1.63,1.0,-7.2,,30,63,0.65,1.02,-7.2,
60分钟 被套反向 补仓F(1:1:1:1:1:1，-1.5%/-3%/-4.5%/-6%/-7.5%补) 均价止盈8% 止损离第一笔14% 拿24h,48,48,0.49,1.14,-10.3,,18,61,0.68,0.75,-10.3,,35,57,0.44,1.24,-6.2,
60分钟 被套反向 补仓F(1:1:1:1:1:1，-1.5%/-3%/-4.5%/-6%/-7.5%补) 均价止盈8% 止损离第一笔14% 拿72h,45,60,1.21,1.71,-10.3,,18,61,1.3,1.52,-10.3,,30,67,0.72,1.0,-10.3,
60分钟 被套反向 补仓F(1:1:1:1:1:1，-1.5%/-3%/-4.5%/-6%/-7.5%补) 均价止盈8% 止损离第一笔18% 拿24h,48,48,0.58,1.19,-7.0,,18,61,1.04,0.86,-5.8,,35,57,0.44,0.81,-6.2,
60分钟 被套反向 补仓F(1:1:1:1:1:1，-1.5%/-3%/-4.5%/-6%/-7.5%补) 均价止盈8% 止损离第一笔18% 拿72h,45,60,1.39,0.73,-7.2,,18,61,1.03,1.28,-14.4,,30,67,0.67,0.83,-13.4,
60分钟 被套反向 补仓G(1:1:2:2:4，-2%/-4%/-6%/-8%补) 均价止盈1% 止损离第一笔11% 拿24h,48,73,0.5,0.48,-6.1,,19,79,3.89,0.47,-0.5,,37,81,1.08,2.27,-1.7,
60分钟 被套反向 补仓G(1:1:2:2:4，-2%/-4%/-6%/-8%补) 均价止盈1% 止损离第一笔11% 拿72h,48,88,0.73,4.81,-6.1,,19,89,5.4,1.54,-0.6,,37,92,0.43,0.81,-6.1,
60分钟 被套反向 补仓G(1:1:2:2:4，-2%/-4%/-6%/-8%补) 均价止盈1% 止损离第一笔14% 拿24h,48,73,0.35,1.06,-9.3,,19,79,3.89,2.9,-0.5,,37,81,1.08,1.49,-1.7,
60分钟 被套反向 补仓G(1:1:2:2:4，-2%/-4%/-6%/-8%补) 均价止盈1% 止损离第一笔14% 拿72h,48,88,0.52,0.84,-9.3,,19,89,5.4,0.36,-0.6,,37,92,0.36,0.58,-8.3,
60分钟 被套反向 补仓G(1:1:2:2:4，-2%/-4%/-6%/-8%补) 均价止盈1% 止损离第一笔18% 拿24h,48,73,0.58,0.82,-5.0,,19,79,3.89,1.56,-0.5,,37,81,1.08,0.53,-1.7,
60分钟 被套反向 补仓G(1:1:2:2:4，-2%/-4%/-6%/-8%补) 均价止盈1% 止损离第一笔18% 拿72h,48,88,0.88,0.3,-4.8,,19,89,5.4,56.33,-0.6,,37,92,0.29,0.6,-12.1,
60分钟 被套反向 补仓G(1:1:2:2:4，-2%/-4%/-6%/-8%补) 均价止盈2% 止损离第一笔11% 拿24h,48,56,0.37,1.78,-6.1,,18,72,7.44,0.58,-0.5,,36,64,0.79,3.26,-3.9,
60分钟 被套反向 补仓G(1:1:2:2:4，-2%/-4%/-6%/-8%补) 均价止盈2% 止损离第一笔11% 拿72h,48,79,0.78,0.61,-6.1,,18,89,11.34,0.75,-0.6,,33,79,0.45,1.07,-6.1,
60分钟 被套反向 补仓G(1:1:2:2:4，-2%/-4%/-6%/-8%补) 均价止盈2% 止损离第一笔14% 拿24h,48,56,0.31,1.56,-9.3,,18,72,7.44,0.37,-0.5,,36,64,0.79,1.14,-3.9,
60分钟 被套反向 补仓G(1:1:2:2:4，-2%/-4%/-6%/-8%补) 均价止盈2% 止损离第一笔14% 拿72h,48,81,1.12,0.77,-9.3,,18,89,11.34,1.19,-0.6,,33,82,0.65,1.82,-8.3,
60分钟 被套反向 补仓G(1:1:2:2:4，-2%/-4%/-6%/-8%补) 均价止盈2% 止损离第一笔18% 拿24h,48,56,0.41,0.61,-5.4,,18,72,7.44,1.17,-0.5,,36,64,0.79,1.23,-3.9,
60分钟 被套反向 补仓G(1:1:2:2:4，-2%/-4%/-6%/-8%补) 均价止盈2% 止损离第一笔18% 拿72h,48,81,1.77,1.07,-4.8,,18,89,11.34,0.65,-0.6,,33,82,0.53,0.91,-12.1,
60分钟 被套反向 补仓G(1:1:2:2:4，-2%/-4%/-6%/-8%补) 均价止盈3% 止损离第一笔11% 拿24h,48,50,0.4,0.99,-6.1,,18,56,0.53,2.24,-6.1,,36,56,0.39,1.08,-4.5,
60分钟 被套反向 补仓G(1:1:2:2:4，-2%/-4%/-6%/-8%补) 均价止盈3% 止损离第一笔11% 拿72h,48,71,0.61,0.92,-6.1,,18,72,1.46,1.34,-6.1,,31,61,0.22,1.78,-6.1,
60分钟 被套反向 补仓G(1:1:2:2:4，-2%/-4%/-6%/-8%补) 均价止盈3% 止损离第一笔14% 拿24h,48,50,0.34,1.07,-9.3,,18,56,0.36,0.61,-9.3,,36,56,0.39,1.25,-4.5,
60分钟 被套反向 补仓G(1:1:2:2:4，-2%/-4%/-6%/-8%补) 均价止盈3% 止损离第一笔14% 拿72h,48,73,0.88,0.85,-9.3,,18,72,1.01,0.35,-9.3,,31,65,0.3,0.8,-9.3,
60分钟 被套反向 补仓G(1:1:2:2:4，-2%/-4%/-6%/-8%补) 均价止盈3% 止损离第一笔18% 拿24h,48,50,0.44,0.65,-5.4,,18,56,0.75,1.91,-4.1,,36,56,0.39,1.54,-4.5,
60分钟 被套反向 补仓G(1:1:2:2:4，-2%/-4%/-6%/-8%补) 均价止盈3% 止损离第一笔18% 拿72h,48,73,1.15,0.76,-5.6,,18,72,0.72,0.62,-13.5,,31,65,0.28,0.9,-12.1,
60分钟 被套反向 补仓G(1:1:2:2:4，-2%/-4%/-6%/-8%补) 均价止盈5% 止损离第一笔11% 拿24h,48,48,0.44,0.84,-6.1,,18,56,0.84,0.81,-6.1,,35,51,0.39,1.08,-4.5,
60分钟 被套反向 补仓G(1:1:2:2:4，-2%/-4%/-6%/-8%补) 均价止盈5% 止损离第一笔11% 拿72h,45,64,0.68,1.16,-6.1,,18,61,1.42,1.63,-6.1,,30,63,0.34,0.6,-6.1,
60分钟 被套反向 补仓G(1:1:2:2:4，-2%/-4%/-6%/-8%补) 均价止盈5% 止损离第一笔14% 拿24h,48,48,0.38,0.87,-9.3,,18,56,0.57,0.33,-9.3,,35,51,0.39,0.68,-4.5,
60分钟 被套反向 补仓G(1:1:2:2:4，-2%/-4%/-6%/-8%补) 均价止盈5% 止损离第一笔14% 拿72h,45,67,1.06,1.35,-9.3,,18,61,1.05,0.93,-9.3,,30,67,0.48,1.13,-9.3,
60分钟 被套反向 补仓G(1:1:2:2:4，-2%/-4%/-6%/-8%补) 均价止盈5% 止损离第一笔18% 拿24h,48,48,0.5,1.08,-5.4,,18,56,1.19,0.39,-4.1,,35,51,0.39,0.61,-4.5,
60分钟 被套反向 补仓G(1:1:2:2:4，-2%/-4%/-6%/-8%补) 均价止盈5% 止损离第一笔18% 拿72h,45,67,1.38,1.07,-5.6,,18,61,0.78,1.25,-13.5,,30,67,0.44,1.29,-12.1,
60分钟 被套反向 补仓G(1:1:2:2:4，-2%/-4%/-6%/-8%补) 均价止盈8% 止损离第一笔11% 拿24h,48,48,0.4,1.34,-6.1,,18,56,0.83,0.55,-6.1,,35,51,0.43,0.73,-4.5,
60分钟 被套反向 补仓G(1:1:2:2:4，-2%/-4%/-6%/-8%补) 均价止盈8% 止损离第一笔11% 拿72h,45,64,0.81,1.04,-6.1,,18,61,1.69,0.83,-6.1,,30,63,0.47,1.02,-6.1,
60分钟 被套反向 补仓G(1:1:2:2:4，-2%/-4%/-6%/-8%补) 均价止盈8% 止损离第一笔14% 拿24h,48,48,0.34,1.0,-9.3,,18,56,0.57,0.67,-9.3,,35,51,0.43,0.61,-4.5,
60分钟 被套反向 补仓G(1:1:2:2:4，-2%/-4%/-6%/-8%补) 均价止盈8% 止损离第一笔14% 拿72h,45,67,1.16,0.66,-9.3,,18,61,1.25,0.69,-9.3,,30,67,0.59,0.75,-9.3,
60分钟 被套反向 补仓G(1:1:2:2:4，-2%/-4%/-6%/-8%补) 均价止盈8% 止损离第一笔18% 拿24h,48,48,0.44,1.96,-5.4,,18,56,1.18,0.72,-4.1,,35,51,0.43,1.85,-4.5,
60分钟 被套反向 补仓G(1:1:2:2:4，-2%/-4%/-6%/-8%补) 均价止盈8% 止损离第一笔18% 拿72h,45,67,1.52,0.78,-5.6,,18,61,0.92,0.31,-13.5,,30,67,0.55,1.3,-12.1,
60分钟 被套反向 补仓H(1:1:1:1:1:1:1:1，-1%/-2%/-3%/-4%/-5%/-6%/-7%补) 均价止盈1% 止损离第一笔10% 拿24h,48,75,0.35,0.76,-6.9,,19,89,1.57,2.51,-2.4,,37,81,0.58,1.12,-3.6,
60分钟 被套反向 补仓H(1:1:1:1:1:1:1:1，-1%/-2%/-3%/-4%/-5%/-6%/-7%补) 均价止盈1% 止损离第一笔10% 拿72h,48,85,0.48,1.17,-6.9,,19,95,3.92,0.67,-1.2,,37,86,0.3,0.94,-6.9,
60分钟 被套反向 补仓H(1:1:1:1:1:1:1:1，-1%/-2%/-3%/-4%/-5%/-6%/-7%补) 均价止盈1% 止损离第一笔13% 拿24h,48,75,0.29,1.08,-10.0,,19,89,1.57,0.76,-2.4,,37,81,0.58,0.65,-3.6,
60分钟 被套反向 补仓H(1:1:1:1:1:1:1:1，-1%/-2%/-3%/-4%/-5%/-6%/-7%补) 均价止盈1% 止损离第一笔13% 拿72h,48,88,0.68,0.39,-10.0,,19,95,3.92,10.52,-1.2,,37,86,0.24,0.91,-9.4,
60分钟 被套反向 补仓H(1:1:1:1:1:1:1:1，-1%/-2%/-3%/-4%/-5%/-6%/-7%补) 均价止盈1% 止损离第一笔17% 拿24h,48,75,0.34,0.57,-7.3,,19,89,1.57,0.52,-2.4,,37,81,0.58,0.77,-3.6,
60分钟 被套反向 补仓H(1:1:1:1:1:1:1:1，-1%/-2%/-3%/-4%/-5%/-6%/-7%补) 均价止盈1% 止损离第一笔17% 拿72h,48,88,0.92,0.63,-6.7,,19,95,3.92,0.56,-1.2,,37,86,0.19,0.67,-13.2,
60分钟 被套反向 补仓H(1:1:1:1:1:1:1:1，-1%/-2%/-3%/-4%/-5%/-6%/-7%补) 均价止盈2% 止损离第一笔10% 拿24h,48,62,0.59,0.98,-6.9,,18,72,3.6,0.42,-2.4,,36,67,0.63,1.02,-5.8,
60分钟 被套反向 补仓H(1:1:1:1:1:1:1:1，-1%/-2%/-3%/-4%/-5%/-6%/-7%补) 均价止盈2% 止损离第一笔10% 拿72h,48,77,0.73,0.9,-6.9,,18,94,10.16,2.05,-1.2,,34,76,0.39,0.93,-6.9,
60分钟 被套反向 补仓H(1:1:1:1:1:1:1:1，-1%/-2%/-3%/-4%/-5%/-6%/-7%补) 均价止盈2% 止损离第一笔13% 拿24h,48,62,0.49,1.2,-10.0,,18,72,3.6,0.74,-2.4,,36,67,0.63,0.76,-5.8,
60分钟 被套反向 补仓H(1:1:1:1:1:1:1:1，-1%/-2%/-3%/-4%/-5%/-6%/-7%补) 均价止盈2% 止损离第一笔13% 拿72h,48,79,1.19,0.86,-10.0,,18,94,10.16,1.0,-1.2,,34,79,0.45,0.9,-9.4,
60分钟 被套反向 补仓H(1:1:1:1:1:1:1:1，-1%/-2%/-3%/-4%/-5%/-6%/-7%补) 均价止盈2% 止损离第一笔17% 拿24h,48,62,0.57,0.87,-7.3,,18,72,3.6,0.75,-2.4,,36,67,0.63,1.37,-5.8,
60分钟 被套反向 补仓H(1:1:1:1:1:1:1:1，-1%/-2%/-3%/-4%/-5%/-6%/-7%补) 均价止盈2% 止损离第一笔17% 拿72h,48,79,1.47,0.78,-6.7,,18,94,10.16,0.42,-1.2,,34,79,0.37,1.28,-13.2,
60分钟 被套反向 补仓H(1:1:1:1:1:1:1:1，-1%/-2%/-3%/-4%/-5%/-6%/-7%补) 均价止盈3% 止损离第一笔10% 拿24h,48,58,0.64,0.95,-6.9,,18,67,0.69,1.53,-6.9,,36,58,0.48,0.88,-6.9,
60分钟 被套反向 补仓H(1:1:1:1:1:1:1:1，-1%/-2%/-3%/-4%/-5%/-6%/-7%补) 均价止盈3% 止损离第一笔10% 拿72h,48,67,0.72,1.28,-6.9,,18,78,1.72,1.1,-6.9,,31,65,0.37,1.08,-6.9,
60分钟 被套反向 补仓H(1:1:1:1:1:1:1:1，-1%/-2%/-3%/-4%/-5%/-6%/-7%补) 均价止盈3% 止损离第一笔13% 拿24h,48,58,0.54,0.84,-10.0,,18,67,0.52,0.78,-10.0,,36,58,0.49,1.23,-6.4,
60分钟 被套反向 补仓H(1:1:1:1:1:1:1:1，-1%/-2%/-3%/-4%/-5%/-6%/-7%补) 均价止盈3% 止损离第一笔13% 拿72h,48,69,1.04,0.91,-10.0,,18,78,1.28,1.03,-10.0,,31,68,0.39,0.66,-10.0,
60分钟 被套反向 补仓H(1:1:1:1:1:1:1:1，-1%/-2%/-3%/-4%/-5%/-6%/-7%补) 均价止盈3% 止损离第一笔17% 拿24h,48,58,0.63,0.61,-7.3,,18,67,0.77,1.22,-6.0,,36,58,0.49,1.03,-6.4,
60分钟 被套反向 补仓H(1:1:1:1:1:1:1:1，-1%/-2%/-3%/-4%/-5%/-6%/-7%补) 均价止盈3% 止损离第一笔17% 拿72h,48,69,1.18,1.61,-7.5,,18,78,0.96,1.18,-14.1,,31,68,0.4,1.99,-13.2,
60分钟 被套反向 补仓H(1:1:1:1:1:1:1:1，-1%/-2%/-3%/-4%/-5%/-6%/-7%补) 均价止盈5% 止损离第一笔10% 拿24h,48,56,0.69,0.9,-6.9,,18,67,1.08,1.23,-6.9,,35,54,0.45,0.67,-6.9,
60分钟 被套反向 补仓H(1:1:1:1:1:1:1:1，-1%/-2%/-3%/-4%/-5%/-6%/-7%补) 均价止盈5% 止损离第一笔10% 拿72h,45,60,0.83,0.91,-6.9,,18,67,1.43,0.84,-6.9,,30,67,0.6,0.9,-6.9,
60分钟 被套反向 补仓H(1:1:1:1:1:1:1:1，-1%/-2%/-3%/-4%/-5%/-6%/-7%补) 均价止盈5% 止损离第一笔13% 拿24h,48,56,0.59,1.08,-10.0,,18,67,0.81,0.92,-10.0,,35,54,0.46,0.74,-6.4,
60分钟 被套反向 补仓H(1:1:1:1:1:1:1:1，-1%/-2%/-3%/-4%/-5%/-6%/-7%补) 均价止盈5% 止损离第一笔13% 拿72h,45,62,1.25,0.79,-10.0,,18,67,1.14,1.65,-10.0,,30,70,0.58,1.36,-10.0,
60分钟 被套反向 补仓H(1:1:1:1:1:1:1:1，-1%/-2%/-3%/-4%/-5%/-6%/-7%补) 均价止盈5% 止损离第一笔17% 拿24h,48,56,0.68,0.47,-7.3,,18,67,1.19,2.16,-6.0,,35,54,0.46,0.81,-6.4,
60分钟 被套反向 补仓H(1:1:1:1:1:1:1:1，-1%/-2%/-3%/-4%/-5%/-6%/-7%补) 均价止盈5% 止损离第一笔17% 拿72h,45,62,1.42,0.8,-7.5,,18,67,0.9,0.55,-14.1,,30,70,0.6,0.79,-13.2,
60分钟 被套反向 补仓H(1:1:1:1:1:1:1:1，-1%/-2%/-3%/-4%/-5%/-6%/-7%补) 均价止盈8% 止损离第一笔10% 拿24h,48,56,0.63,0.58,-6.9,,18,67,1.05,0.72,-6.9,,35,54,0.5,0.65,-6.9,
60分钟 被套反向 补仓H(1:1:1:1:1:1:1:1，-1%/-2%/-3%/-4%/-5%/-6%/-7%补) 均价止盈8% 止损离第一笔10% 拿72h,45,58,0.91,0.77,-6.9,,18,67,1.8,0.77,-6.9,,30,63,0.75,0.72,-6.9,
60分钟 被套反向 补仓H(1:1:1:1:1:1:1:1，-1%/-2%/-3%/-4%/-5%/-6%/-7%补) 均价止盈8% 止损离第一笔13% 拿24h,48,56,0.54,1.0,-10.0,,18,67,0.79,0.8,-10.0,,35,54,0.51,1.05,-6.4,
60分钟 被套反向 补仓H(1:1:1:1:1:1:1:1，-1%/-2%/-3%/-4%/-5%/-6%/-7%补) 均价止盈8% 止损离第一笔13% 拿72h,45,60,1.23,0.87,-10.0,,18,67,1.43,0.53,-10.0,,30,67,0.71,0.89,-10.0,
60分钟 被套反向 补仓H(1:1:1:1:1:1:1:1，-1%/-2%/-3%/-4%/-5%/-6%/-7%补) 均价止盈8% 止损离第一笔17% 拿24h,48,56,0.62,0.88,-7.3,,18,67,1.16,0.6,-6.0,,35,54,0.51,0.81,-6.4,
60分钟 被套反向 补仓H(1:1:1:1:1:1:1:1，-1%/-2%/-3%/-4%/-5%/-6%/-7%补) 均价止盈8% 止损离第一笔17% 拿72h,45,60,1.39,1.33,-7.5,,18,67,1.13,0.93,-14.1,,30,67,0.73,0.63,-13.2,
60分钟 被套反向 补仓I(1:1:1:2:2:3，-2%/-4%/-6%/-9%/-12%补) 均价止盈1% 止损离第一笔15% 拿24h,48,73,0.36,0.86,-8.6,,19,74,1.57,1.01,-1.1,,37,81,1.09,1.98,-1.4,
60分钟 被套反向 补仓I(1:1:1:2:2:3，-2%/-4%/-6%/-9%/-12%补) 均价止盈1% 止损离第一笔15% 拿72h,48,85,0.47,0.44,-8.6,,19,89,4.65,5.05,-0.6,,37,89,0.35,0.42,-7.4,
60分钟 被套反向 补仓I(1:1:1:2:2:3，-2%/-4%/-6%/-9%/-12%补) 均价止盈1% 止损离第一笔18% 拿24h,48,73,0.75,1.07,-3.2,,19,74,1.57,2.13,-1.1,,37,81,1.09,2.01,-1.4,
60分钟 被套反向 补仓I(1:1:1:2:2:3，-2%/-4%/-6%/-9%/-12%补) 均价止盈1% 止损离第一笔18% 拿72h,48,85,1.04,0.32,-2.9,,19,89,4.65,0.66,-0.6,,37,89,0.29,1.32,-10.2,
60分钟 被套反向 补仓I(1:1:1:2:2:3，-2%/-4%/-6%/-9%/-12%补) 均价止盈1% 止损离第一笔22% 拿24h,48,73,0.75,0.74,-3.2,,19,74,1.57,1.15,-1.1,,37,81,1.09,2.13,-1.4,
60分钟 被套反向 补仓I(1:1:1:2:2:3，-2%/-4%/-6%/-9%/-12%补) 均价止盈1% 止损离第一笔22% 拿72h,48,85,1.04,1.22,-2.9,,19,89,4.65,3.05,-0.6,,37,89,0.24,0.78,-14.0,
60分钟 被套反向 补仓I(1:1:1:2:2:3，-2%/-4%/-6%/-9%/-12%补) 均价止盈2% 止损离第一笔15% 拿24h,48,54,0.34,1.34,-8.6,,18,67,3.32,0.9,-1.1,,36,64,0.83,0.78,-2.9,
60分钟 被套反向 补仓I(1:1:1:2:2:3，-2%/-4%/-6%/-9%/-12%补) 均价止盈2% 止损离第一笔15% 拿72h,48,77,0.93,0.91,-8.6,,18,89,9.69,0.51,-0.6,,33,82,0.62,3.12,-7.4,
60分钟 被套反向 补仓I(1:1:1:2:2:3，-2%/-4%/-6%/-9%/-12%补) 均价止盈2% 止损离第一笔18% 拿24h,48,54,0.52,0.77,-4.0,,18,67,3.32,1.68,-1.1,,36,64,0.83,0.8,-2.9,
60分钟 被套反向 补仓I(1:1:1:2:2:3，-2%/-4%/-6%/-9%/-12%补) 均价止盈2% 止损离第一笔18% 拿72h,48,77,1.74,1.34,-2.9,,18,89,9.69,4.54,-0.6,,33,82,0.52,0.99,-10.2,
60分钟 被套反向 补仓I(1:1:1:2:2:3，-2%/-4%/-6%/-9%/-12%补) 均价止盈2% 止损离第一笔22% 拿24h,48,54,0.52,0.83,-4.0,,18,67,3.32,1.29,-1.1,,36,64,0.83,0.53,-2.9,
60分钟 被套反向 补仓I(1:1:1:2:2:3，-2%/-4%/-6%/-9%/-12%补) 均价止盈2% 止损离第一笔22% 拿72h,48,77,1.74,0.8,-2.9,,18,89,9.69,2.56,-0.6,,33,82,0.43,0.59,-14.0,
60分钟 被套反向 补仓I(1:1:1:2:2:3，-2%/-4%/-6%/-9%/-12%补) 均价止盈3% 止损离第一笔15% 拿24h,48,48,0.35,0.63,-8.6,,18,50,0.35,0.99,-7.4,,36,56,0.46,0.63,-3.4,
60分钟 被套反向 补仓I(1:1:1:2:2:3，-2%/-4%/-6%/-9%/-12%补) 均价止盈3% 止损离第一笔15% 拿72h,48,69,0.84,0.82,-8.6,,18,72,1.03,0.8,-7.4,,31,65,0.35,1.11,-7.4,
60分钟 被套反向 补仓I(1:1:1:2:2:3，-2%/-4%/-6%/-9%/-12%补) 均价止盈3% 止损离第一笔18% 拿24h,48,48,0.53,0.94,-4.0,,18,50,0.86,0.68,-2.3,,36,56,0.46,0.95,-3.4,
60分钟 被套反向 补仓I(1:1:1:2:2:3，-2%/-4%/-6%/-9%/-12%补) 均价止盈3% 止损离第一笔18% 拿72h,48,69,1.26,0.95,-4.1,,18,72,0.68,1.45,-11.8,,31,65,0.29,1.68,-10.2,
60分钟 被套反向 补仓I(1:1:1:2:2:3，-2%/-4%/-6%/-9%/-12%补) 均价止盈3% 止损离第一笔22% 拿24h,48,48,0.53,1.64,-4.0,,18,50,0.86,0.79,-2.3,,36,56,0.46,2.01,-3.4,
60分钟 被套反向 补仓I(1:1:1:2:2:3，-2%/-4%/-6%/-9%/-12%补) 均价止盈3% 止损离第一笔22% 拿72h,48,69,1.26,0.41,-4.1,,18,72,2.19,1.71,-2.9,,31,65,0.23,1.14,-14.0,
60分钟 被套反向 补仓I(1:1:1:2:2:3，-2%/-4%/-6%/-9%/-12%补) 均价止盈5% 止损离第一笔15% 拿24h,48,46,0.4,1.06,-8.6,,18,50,0.57,3.79,-7.4,,35,51,0.45,1.91,-3.4,
60分钟 被套反向 补仓I(1:1:1:2:2:3，-2%/-4%/-6%/-9%/-12%补) 均价止盈5% 止损离第一笔15% 拿72h,45,60,0.87,0.88,-8.6,,18,61,1.02,1.13,-7.4,,30,67,0.59,1.73,-7.4,
60分钟 被套反向 补仓I(1:1:1:2:2:3，-2%/-4%/-6%/-9%/-12%补) 均价止盈5% 止损离第一笔18% 拿24h,48,46,0.6,1.18,-4.0,,18,50,1.39,0.57,-2.3,,35,51,0.45,1.98,-3.4,
60分钟 被套反向 补仓I(1:1:1:2:2:3，-2%/-4%/-6%/-9%/-12%补) 均价止盈5% 止损离第一笔18% 拿72h,45,60,1.28,0.95,-4.1,,18,61,0.71,0.7,-11.8,,30,67,0.48,1.05,-10.2,
60分钟 被套反向 补仓I(1:1:1:2:2:3，-2%/-4%/-6%/-9%/-12%补) 均价止盈5% 止损离第一笔22% 拿24h,48,46,0.6,1.59,-4.0,,18,50,1.39,0.71,-2.3,,35,51,0.45,0.89,-3.4,
60分钟 被套反向 补仓I(1:1:1:2:2:3，-2%/-4%/-6%/-9%/-12%补) 均价止盈5% 止损离第一笔22% 拿72h,45,60,1.28,1.05,-4.1,,18,61,1.84,0.85,-2.9,,30,67,0.39,1.01,-14.0,
60分钟 被套反向 补仓I(1:1:1:2:2:3，-2%/-4%/-6%/-9%/-12%补) 均价止盈8% 止损离第一笔15% 拿24h,48,46,0.35,1.07,-8.6,,18,50,0.56,1.5,-7.4,,35,51,0.5,0.69,-3.4,
60分钟 被套反向 补仓I(1:1:1:2:2:3，-2%/-4%/-6%/-9%/-12%补) 均价止盈8% 止损离第一笔15% 拿72h,45,60,0.96,0.61,-8.6,,18,61,1.24,0.47,-7.4,,30,67,0.74,0.87,-7.4,
60分钟 被套反向 补仓I(1:1:1:2:2:3，-2%/-4%/-6%/-9%/-12%补) 均价止盈8% 止损离第一笔18% 拿24h,48,46,0.53,0.54,-4.0,,18,50,1.38,0.61,-2.3,,35,51,0.5,1.24,-3.4,
60分钟 被套反向 补仓I(1:1:1:2:2:3，-2%/-4%/-6%/-9%/-12%补) 均价止盈8% 止损离第一笔18% 拿72h,45,60,1.41,0.52,-4.1,,18,61,0.86,1.46,-11.8,,30,67,0.61,0.62,-10.2,
60分钟 被套反向 补仓I(1:1:1:2:2:3，-2%/-4%/-6%/-9%/-12%补) 均价止盈8% 止损离第一笔22% 拿24h,48,46,0.53,0.88,-4.0,,18,50,1.38,0.65,-2.3,,35,51,0.5,1.3,-3.4,
60分钟 被套反向 补仓I(1:1:1:2:2:3，-2%/-4%/-6%/-9%/-12%补) 均价止盈8% 止损离第一笔22% 拿72h,45,60,1.41,0.67,-4.1,,18,61,2.24,1.5,-2.9,,30,67,0.49,1.12,-14.0,
60分钟 吸收 补仓E(1:1:1:1:1，-2%/-4%/-6%/-8%补) 均价止盈1% 止损离第一笔11% 拿24h,130,78,0.58,1.51,-7.5,,50,82,3.15,0.61,-1.0,,133,84,1.26,0.71,-6.9,✔
60分钟 吸收 补仓E(1:1:1:1:1，-2%/-4%/-6%/-8%补) 均价止盈1% 止损离第一笔11% 拿72h,124,90,0.8,0.96,-7.5,,50,100,inf,0.6,0.1,,132,96,2.46,1.35,-6.9,✔
60分钟 吸收 补仓E(1:1:1:1:1，-2%/-4%/-6%/-8%补) 均价止盈1% 止损离第一笔14% 拿24h,130,78,0.54,0.91,-10.6,,50,82,3.15,0.52,-1.0,,133,84,1.1,1.0,-9.8,
60分钟 吸收 补仓E(1:1:1:1:1，-2%/-4%/-6%/-8%补) 均价止盈1% 止损离第一笔14% 拿72h,124,90,0.74,0.82,-10.6,,50,100,inf,1.09,0.1,,132,96,2.01,0.96,-9.8,✔
60分钟 吸收 补仓E(1:1:1:1:1，-2%/-4%/-6%/-8%补) 均价止盈1% 止损离第一笔18% 拿24h,130,78,0.75,1.06,-5.0,,50,82,3.15,0.8,-1.0,,133,84,0.94,0.97,-13.6,
60分钟 吸收 补仓E(1:1:1:1:1，-2%/-4%/-6%/-8%补) 均价止盈1% 止损离第一笔18% 拿72h,124,90,1.01,0.54,-6.9,,50,100,inf,0.73,0.1,,132,96,1.62,1.09,-13.6,
60分钟 吸收 补仓E(1:1:1:1:1，-2%/-4%/-6%/-8%补) 均价止盈2% 止损离第一笔11% 拿24h,128,66,0.64,0.89,-7.5,,50,68,1.08,0.63,-7.5,,132,67,1.09,0.91,-6.9,
60分钟 吸收 补仓E(1:1:1:1:1，-2%/-4%/-6%/-8%补) 均价止盈2% 止损离第一笔11% 拿72h,121,77,0.79,1.13,-7.5,,50,86,1.55,1.0,-7.5,,123,82,1.49,0.83,-6.9,✔
60分钟 吸收 补仓E(1:1:1:1:1，-2%/-4%/-6%/-8%补) 均价止盈2% 止损离第一笔14% 拿24h,128,66,0.57,0.88,-10.6,,50,68,1.43,0.76,-3.2,,132,67,1.0,1.21,-9.8,
60分钟 吸收 补仓E(1:1:1:1:1，-2%/-4%/-6%/-8%补) 均价止盈2% 止损离第一笔14% 拿72h,121,77,0.67,0.82,-10.6,,50,86,1.18,0.57,-10.6,,123,82,1.31,1.34,-9.8,
60分钟 吸收 补仓E(1:1:1:1:1，-2%/-4%/-6%/-8%补) 均价止盈2% 止损离第一笔18% 拿24h,128,66,0.72,1.22,-10.0,,50,68,1.43,0.66,-3.2,,132,67,0.91,1.3,-13.6,
60分钟 吸收 补仓E(1:1:1:1:1，-2%/-4%/-6%/-8%补) 均价止盈2% 止损离第一笔18% 拿72h,121,77,0.72,1.51,-14.7,,50,86,1.41,0.64,-14.7,,123,82,1.13,1.19,-13.6,
60分钟 吸收 补仓E(1:1:1:1:1，-2%/-4%/-6%/-8%补) 均价止盈3% 止损离第一笔11% 拿24h,128,59,0.63,1.09,-7.5,,49,63,0.86,1.06,-7.5,,130,59,0.93,1.25,-6.9,
60分钟 吸收 补仓E(1:1:1:1:1，-2%/-4%/-6%/-8%补) 均价止盈3% 止损离第一笔11% 拿72h,119,71,0.81,0.95,-7.5,,49,80,1.26,0.92,-7.5,,118,71,1.23,0.93,-7.5,
60分钟 吸收 补仓E(1:1:1:1:1，-2%/-4%/-6%/-8%补) 均价止盈3% 止损离第一笔14% 拿24h,128,59,0.57,0.97,-10.6,,49,63,0.91,1.05,-10.6,,130,59,0.87,0.93,-9.8,
60分钟 吸收 补仓E(1:1:1:1:1，-2%/-4%/-6%/-8%补) 均价止盈3% 止损离第一笔14% 拿72h,119,71,0.73,0.72,-10.6,,49,80,0.99,0.78,-10.6,,118,71,1.11,1.55,-9.8,
60分钟 吸收 补仓E(1:1:1:1:1，-2%/-4%/-6%/-8%补) 均价止盈3% 止损离第一笔18% 拿24h,128,59,0.7,0.94,-10.0,,49,63,1.08,0.55,-6.7,,130,59,0.8,1.29,-13.6,
60分钟 吸收 补仓E(1:1:1:1:1，-2%/-4%/-6%/-8%补) 均价止盈3% 止损离第一笔18% 拿72h,119,71,0.78,0.86,-14.7,,49,80,0.99,0.86,-14.7,,118,71,0.96,1.19,-13.6,
60分钟 吸收 补仓E(1:1:1:1:1，-2%/-4%/-6%/-8%补) 均价止盈5% 止损离第一笔11% 拿24h,128,56,0.57,1.04,-7.5,,49,63,1.06,0.73,-7.5,,130,58,1.06,0.97,-6.9,
60分钟 吸收 补仓E(1:1:1:1:1，-2%/-4%/-6%/-8%补) 均价止盈5% 止损离第一笔11% 拿72h,117,63,0.72,1.21,-7.5,,49,71,0.89,0.72,-7.5,,113,62,1.27,0.93,-6.9,
60分钟 吸收 补仓E(1:1:1:1:1，-2%/-4%/-6%/-8%补) 均价止盈5% 止损离第一笔14% 拿24h,128,56,0.52,1.05,-10.6,,49,63,1.11,0.92,-10.6,,130,58,0.99,0.81,-9.8,
60分钟 吸收 补仓E(1:1:1:1:1，-2%/-4%/-6%/-8%补) 均价止盈5% 止损离第一笔14% 拿72h,117,63,0.66,0.77,-10.6,,49,71,0.85,0.67,-10.6,,113,62,1.19,1.06,-9.8,
60分钟 吸收 补仓E(1:1:1:1:1，-2%/-4%/-6%/-8%补) 均价止盈5% 止损离第一笔18% 拿24h,128,56,0.64,1.06,-10.0,,49,63,1.33,1.48,-6.7,,130,58,0.91,1.17,-13.6,
60分钟 吸收 补仓E(1:1:1:1:1，-2%/-4%/-6%/-8%补) 均价止盈5% 止损离第一笔18% 拿72h,117,63,0.7,1.05,-14.7,,49,71,0.85,0.89,-14.7,,113,62,1.04,0.73,-13.6,
60分钟 吸收 补仓E(1:1:1:1:1，-2%/-4%/-6%/-8%补) 均价止盈8% 止损离第一笔11% 拿24h,128,55,0.55,1.24,-7.5,,49,63,1.02,0.55,-7.5,,129,56,0.96,1.03,-6.9,
60分钟 吸收 补仓E(1:1:1:1:1，-2%/-4%/-6%/-8%补) 均价止盈8% 止损离第一笔11% 拿72h,113,60,0.74,0.83,-7.5,,49,69,0.79,0.8,-7.5,,111,59,1.45,1.08,-6.9,✔
60分钟 吸收 补仓E(1:1:1:1:1，-2%/-4%/-6%/-8%补) 均价止盈8% 止损离第一笔14% 拿24h,128,55,0.5,0.8,-10.6,,49,63,1.06,0.7,-10.6,,129,56,0.9,1.09,-9.8,
60分钟 吸收 补仓E(1:1:1:1:1，-2%/-4%/-6%/-8%补) 均价止盈8% 止损离第一笔14% 拿72h,113,60,0.67,0.73,-10.6,,49,69,0.76,0.59,-10.6,,111,59,1.36,1.37,-9.8,
60分钟 吸收 补仓E(1:1:1:1:1，-2%/-4%/-6%/-8%补) 均价止盈8% 止损离第一笔18% 拿24h,128,55,0.61,0.79,-10.0,,49,63,1.27,0.43,-6.7,,129,56,0.83,1.07,-13.6,
60分钟 吸收 补仓E(1:1:1:1:1，-2%/-4%/-6%/-8%补) 均价止盈8% 止损离第一笔18% 拿72h,113,60,0.68,0.91,-14.7,,49,69,0.76,0.65,-14.7,,111,59,1.2,1.15,-13.6,
60分钟 吸收 补仓F(1:1:1:1:1:1，-1.5%/-3%/-4.5%/-6%/-7.5%补) 均价止盈1% 止损离第一笔10% 拿24h,130,79,0.62,0.78,-7.2,,50,80,2.79,0.81,-1.1,,133,86,1.14,1.13,-6.7,
60分钟 吸收 补仓F(1:1:1:1:1:1，-1.5%/-3%/-4.5%/-6%/-7.5%补) 均价止盈1% 止损离第一笔10% 拿72h,124,92,0.88,0.8,-7.2,,50,98,588.75,0.7,-0.0,,132,98,3.11,1.28,-6.7,✔
60分钟 吸收 补仓F(1:1:1:1:1:1，-1.5%/-3%/-4.5%/-6%/-7.5%补) 均价止盈1% 止损离第一笔14% 拿24h,130,79,0.53,0.66,-10.3,,50,80,2.79,0.55,-1.1,,133,86,1.0,1.3,-9.6,
60分钟 吸收 补仓F(1:1:1:1:1:1，-1.5%/-3%/-4.5%/-6%/-7.5%补) 均价止盈1% 止损离第一笔14% 拿72h,124,92,0.73,0.48,-10.3,,50,98,588.75,3.06,-0.0,,132,98,2.41,1.02,-9.6,✔
60分钟 吸收 补仓F(1:1:1:1:1:1，-1.5%/-3%/-4.5%/-6%/-7.5%补) 均价止盈1% 止损离第一笔18% 拿24h,130,79,0.71,1.17,-5.3,,50,80,2.79,0.64,-1.1,,133,86,0.85,0.96,-13.4,
60分钟 吸收 补仓F(1:1:1:1:1:1，-1.5%/-3%/-4.5%/-6%/-7.5%补) 均价止盈1% 止损离第一笔18% 拿72h,124,92,0.97,0.99,-7.1,,50,98,588.75,0.75,-0.0,,132,98,1.86,1.13,-13.4,✔
60分钟 吸收 补仓F(1:1:1:1:1:1，-1.5%/-3%/-4.5%/-6%/-7.5%补) 均价止盈2% 止损离第一笔10% 拿24h,128,67,0.7,1.05,-7.2,,50,64,0.99,0.86,-7.2,,132,70,1.07,0.95,-6.7,
60分钟 吸收 补仓F(1:1:1:1:1:1，-1.5%/-3%/-4.5%/-6%/-7.5%补) 均价止盈2% 止损离第一笔10% 拿72h,121,79,0.89,1.48,-7.2,,50,84,1.58,0.82,-7.2,,125,85,1.43,0.76,-7.2,✔
60分钟 吸收 补仓F(1:1:1:1:1:1，-1.5%/-3%/-4.5%/-6%/-7.5%补) 均价止盈2% 止损离第一笔14% 拿24h,128,67,0.58,1.02,-10.3,,50,64,1.25,0.63,-3.5,,132,70,0.99,0.99,-9.6,
60分钟 吸收 补仓F(1:1:1:1:1:1，-1.5%/-3%/-4.5%/-6%/-7.5%补) 均价止盈2% 止损离第一笔14% 拿72h,121,79,0.71,0.79,-10.3,,50,84,1.19,0.73,-10.3,,125,85,1.29,0.94,-9.6,✔
60分钟 吸收 补仓F(1:1:1:1:1:1，-1.5%/-3%/-4.5%/-6%/-7.5%补) 均价止盈2% 止损离第一笔18% 拿24h,128,67,0.72,0.85,-10.2,,50,64,1.25,0.42,-3.5,,132,70,0.9,1.14,-13.4,
60分钟 吸收 补仓F(1:1:1:1:1:1，-1.5%/-3%/-4.5%/-6%/-7.5%补) 均价止盈2% 止损离第一笔18% 拿72h,121,79,0.75,1.36,-14.4,,50,84,1.4,1.02,-14.4,,125,85,1.11,1.15,-13.4,
60分钟 吸收 补仓F(1:1:1:1:1:1，-1.5%/-3%/-4.5%/-6%/-7.5%补) 均价止盈3% 止损离第一笔10% 拿24h,128,59,0.62,0.92,-7.2,,49,61,0.79,1.28,-7.2,,130,64,0.93,0.96,-6.7,
60分钟 吸收 补仓F(1:1:1:1:1:1，-1.5%/-3%/-4.5%/-6%/-7.5%补) 均价止盈3% 止损离第一笔10% 拿72h,119,71,0.79,1.03,-7.2,,49,76,0.99,0.63,-7.2,,118,73,1.19,1.02,-7.2,
60分钟 吸收 补仓F(1:1:1:1:1:1，-1.5%/-3%/-4.5%/-6%/-7.5%补) 均价止盈3% 止损离第一笔14% 拿24h,128,59,0.53,1.03,-10.3,,49,61,0.81,0.98,-10.3,,130,64,0.87,1.47,-9.6,
60分钟 吸收 补仓F(1:1:1:1:1:1，-1.5%/-3%/-4.5%/-6%/-7.5%补) 均价止盈3% 止损离第一笔14% 拿72h,119,71,0.67,1.14,-10.3,,49,76,0.81,0.43,-10.3,,118,73,1.13,1.05,-9.6,
60分钟 吸收 补仓F(1:1:1:1:1:1，-1.5%/-3%/-4.5%/-6%/-7.5%补) 均价止盈3% 止损离第一笔18% 拿24h,128,59,0.63,0.9,-10.2,,49,61,0.95,0.7,-6.9,,130,64,0.8,1.45,-13.4,
60分钟 吸收 补仓F(1:1:1:1:1:1，-1.5%/-3%/-4.5%/-6%/-7.5%补) 均价止盈3% 止损离第一笔18% 拿72h,119,71,0.69,0.81,-14.4,,49,76,0.8,0.8,-14.4,,118,73,0.98,1.08,-13.4,
60分钟 吸收 补仓F(1:1:1:1:1:1，-1.5%/-3%/-4.5%/-6%/-7.5%补) 均价止盈5% 止损离第一笔10% 拿24h,128,58,0.63,1.18,-7.2,,49,61,0.97,0.57,-7.2,,130,62,1.03,1.3,-6.7,
60分钟 吸收 补仓F(1:1:1:1:1:1，-1.5%/-3%/-4.5%/-6%/-7.5%补) 均价止盈5% 止损离第一笔10% 拿72h,116,66,0.77,1.1,-7.2,,49,69,0.87,0.41,-7.2,,113,65,1.19,0.86,-7.2,
60分钟 吸收 补仓F(1:1:1:1:1:1，-1.5%/-3%/-4.5%/-6%/-7.5%补) 均价止盈5% 止损离第一笔14% 拿24h,128,58,0.54,0.95,-10.3,,49,61,1.0,0.6,-10.3,,130,62,0.96,1.17,-9.6,
60分钟 吸收 补仓F(1:1:1:1:1:1，-1.5%/-3%/-4.5%/-6%/-7.5%补) 均价止盈5% 止损离第一笔14% 拿72h,116,66,0.69,0.95,-10.3,,49,69,0.81,0.96,-10.3,,113,65,1.17,1.11,-9.6,
60分钟 吸收 补仓F(1:1:1:1:1:1，-1.5%/-3%/-4.5%/-6%/-7.5%补) 均价止盈5% 止损离第一笔18% 拿24h,128,58,0.64,1.1,-10.2,,49,61,1.16,1.19,-6.9,,130,62,0.89,0.89,-13.4,
60分钟 吸收 补仓F(1:1:1:1:1:1，-1.5%/-3%/-4.5%/-6%/-7.5%补) 均价止盈5% 止损离第一笔18% 拿72h,116,66,0.7,1.08,-14.4,,49,69,0.8,0.72,-14.4,,113,65,1.03,0.84,-13.4,
60分钟 吸收 补仓F(1:1:1:1:1:1，-1.5%/-3%/-4.5%/-6%/-7.5%补) 均价止盈8% 止损离第一笔10% 拿24h,128,56,0.6,0.72,-7.2,,49,61,0.95,0.72,-7.2,,129,60,0.93,0.97,-6.7,
60分钟 吸收 补仓F(1:1:1:1:1:1，-1.5%/-3%/-4.5%/-6%/-7.5%补) 均价止盈8% 止损离第一笔10% 拿72h,113,63,0.8,1.02,-7.2,,49,67,0.82,0.6,-7.2,,111,61,1.34,1.02,-7.2,
60分钟 吸收 补仓F(1:1:1:1:1:1，-1.5%/-3%/-4.5%/-6%/-7.5%补) 均价止盈8% 止损离第一笔14% 拿24h,128,56,0.52,1.2,-10.3,,49,61,0.97,0.94,-10.3,,129,60,0.87,0.86,-9.6,
60分钟 吸收 补仓F(1:1:1:1:1:1，-1.5%/-3%/-4.5%/-6%/-7.5%补) 均价止盈8% 止损离第一笔14% 拿72h,113,63,0.7,0.65,-10.3,,49,67,0.77,0.74,-10.3,,111,61,1.32,1.19,-9.6,
60分钟 吸收 补仓F(1:1:1:1:1:1，-1.5%/-3%/-4.5%/-6%/-7.5%补) 均价止盈8% 止损离第一笔18% 拿24h,128,56,0.62,0.98,-10.2,,49,61,1.13,0.96,-6.9,,129,60,0.81,0.75,-13.4,
60分钟 吸收 补仓F(1:1:1:1:1:1，-1.5%/-3%/-4.5%/-6%/-7.5%补) 均价止盈8% 止损离第一笔18% 拿72h,113,63,0.69,0.86,-14.4,,49,67,0.76,0.67,-14.4,,111,61,1.17,1.32,-13.4,
60分钟 吸收 补仓G(1:1:2:2:4，-2%/-4%/-6%/-8%补) 均价止盈1% 止损离第一笔11% 拿24h,130,78,0.44,0.86,-6.1,,50,82,4.06,0.35,-0.5,,133,84,1.14,1.63,-5.5,
60分钟 吸收 补仓G(1:1:2:2:4，-2%/-4%/-6%/-8%补) 均价止盈1% 止损离第一笔11% 拿72h,124,90,0.59,0.84,-6.1,,50,100,inf,0.41,0.1,,132,98,3.39,1.29,-5.5,✔
60分钟 吸收 补仓G(1:1:2:2:4，-2%/-4%/-6%/-8%补) 均价止盈1% 止损离第一笔14% 拿24h,130,78,0.4,1.03,-9.3,,50,82,4.06,0.6,-0.5,,133,84,0.93,1.35,-8.3,
60分钟 吸收 补仓G(1:1:2:2:4，-2%/-4%/-6%/-8%补) 均价止盈1% 止损离第一笔14% 拿72h,124,90,0.54,0.83,-9.3,,50,100,inf,0.65,0.1,,132,98,2.25,1.41,-8.3,
60分钟 吸收 补仓G(1:1:2:2:4，-2%/-4%/-6%/-8%补) 均价止盈1% 止损离第一笔18% 拿24h,130,78,0.64,0.71,-3.6,,50,82,4.06,0.89,-0.5,,133,84,0.74,1.43,-12.1,
60分钟 吸收 补仓G(1:1:2:2:4，-2%/-4%/-6%/-8%补) 均价止盈1% 止损离第一笔18% 拿72h,124,90,0.83,0.76,-5.5,,50,100,inf,0.33,0.1,,132,98,1.55,0.71,-12.1,
60分钟 吸收 补仓G(1:1:2:2:4，-2%/-4%/-6%/-8%补) 均价止盈2% 止损离第一笔11% 拿24h,128,67,0.53,1.19,-6.1,,50,68,1.17,0.62,-6.1,,132,70,1.4,0.94,-5.5,✔
60分钟 吸收 补仓G(1:1:2:2:4，-2%/-4%/-6%/-8%补) 均价止盈2% 止损离第一笔11% 拿72h,121,80,0.69,0.97,-6.1,,50,92,3.45,0.57,-6.1,,124,85,2.76,1.31,-5.5,✔
60分钟 吸收 补仓G(1:1:2:2:4，-2%/-4%/-6%/-8%补) 均价止盈2% 止损离第一笔14% 拿24h,128,67,0.45,0.93,-9.3,,50,68,1.92,0.67,-1.8,,132,70,1.2,1.29,-8.3,
60分钟 吸收 补仓G(1:1:2:2:4，-2%/-4%/-6%/-8%补) 均价止盈2% 止损离第一笔14% 拿72h,121,80,0.55,0.74,-9.3,,50,92,2.31,0.9,-9.3,,124,85,2.3,0.84,-8.3,✔
60分钟 吸收 补仓G(1:1:2:2:4，-2%/-4%/-6%/-8%补) 均价止盈2% 止损离第一笔18% 拿24h,128,67,0.63,0.8,-8.6,,50,68,1.92,1.75,-1.8,,132,70,1.02,0.94,-12.1,
60分钟 吸收 补仓G(1:1:2:2:4，-2%/-4%/-6%/-8%补) 均价止盈2% 止损离第一笔18% 拿72h,121,80,0.61,0.86,-13.5,,50,92,1.61,0.95,-13.5,,124,85,1.88,1.49,-12.1,✔
60分钟 吸收 补仓G(1:1:2:2:4，-2%/-4%/-6%/-8%补) 均价止盈3% 止损离第一笔11% 拿24h,128,59,0.51,1.14,-6.1,,49,63,0.91,0.68,-6.1,,130,62,0.95,1.0,-5.5,
60分钟 吸收 补仓G(1:1:2:2:4，-2%/-4%/-6%/-8%补) 均价止盈3% 止损离第一笔11% 拿72h,119,74,0.72,1.03,-6.1,,49,80,1.24,0.63,-6.1,,119,73,1.21,1.07,-6.1,
60分钟 吸收 补仓G(1:1:2:2:4，-2%/-4%/-6%/-8%补) 均价止盈3% 止损离第一笔14% 拿24h,128,59,0.44,0.76,-9.3,,49,63,0.98,0.66,-9.3,,130,62,0.84,0.76,-8.3,
60分钟 吸收 补仓G(1:1:2:2:4，-2%/-4%/-6%/-8%补) 均价止盈3% 止损离第一笔14% 拿72h,119,74,0.63,0.97,-9.3,,49,80,0.89,0.46,-9.3,,119,73,1.03,1.07,-8.3,
60分钟 吸收 补仓G(1:1:2:2:4，-2%/-4%/-6%/-8%补) 均价止盈3% 止损离第一笔18% 拿24h,128,59,0.6,0.88,-8.6,,49,63,1.3,1.04,-5.3,,130,62,0.74,1.43,-12.1,
60分钟 吸收 补仓G(1:1:2:2:4，-2%/-4%/-6%/-8%补) 均价止盈3% 止损离第一笔18% 拿72h,119,74,0.69,0.78,-13.5,,49,80,0.89,0.55,-13.5,,119,73,0.84,0.97,-12.1,
60分钟 吸收 补仓G(1:1:2:2:4，-2%/-4%/-6%/-8%补) 均价止盈5% 止损离第一笔11% 拿24h,128,58,0.46,1.29,-6.1,,49,63,1.07,0.48,-6.1,,130,60,1.09,0.96,-5.5,
60分钟 吸收 补仓G(1:1:2:2:4，-2%/-4%/-6%/-8%补) 均价止盈5% 止损离第一笔11% 拿72h,117,68,0.7,1.12,-6.1,,49,71,0.98,0.91,-6.1,,113,65,1.44,0.96,-5.5,
60分钟 吸收 补仓G(1:1:2:2:4，-2%/-4%/-6%/-8%补) 均价止盈5% 止损离第一笔14% 拿24h,128,58,0.4,1.59,-9.3,,49,63,1.15,0.85,-9.3,,130,60,0.98,0.94,-8.3,
60分钟 吸收 补仓G(1:1:2:2:4，-2%/-4%/-6%/-8%补) 均价止盈5% 止损离第一笔14% 拿72h,117,68,0.63,1.02,-9.3,,49,73,0.92,0.6,-9.3,,113,65,1.31,1.53,-8.3,
60分钟 吸收 补仓G(1:1:2:2:4，-2%/-4%/-6%/-8%补) 均价止盈5% 止损离第一笔18% 拿24h,128,58,0.54,1.15,-8.6,,49,63,1.53,1.02,-5.3,,130,60,0.86,1.55,-12.1,
60分钟 吸收 补仓G(1:1:2:2:4，-2%/-4%/-6%/-8%补) 均价止盈5% 止损离第一笔18% 拿72h,117,68,0.67,1.2,-13.5,,49,73,0.91,1.16,-13.5,,113,65,1.08,0.7,-12.1,
60分钟 吸收 补仓G(1:1:2:2:4，-2%/-4%/-6%/-8%补) 均价止盈8% 止损离第一笔11% 拿24h,128,56,0.43,1.45,-6.1,,49,63,1.08,0.61,-6.1,,129,58,1.0,1.14,-5.5,
60分钟 吸收 补仓G(1:1:2:2:4，-2%/-4%/-6%/-8%补) 均价止盈8% 止损离第一笔11% 拿72h,113,65,0.71,1.02,-6.1,,49,69,0.81,0.75,-6.1,,111,60,1.63,0.92,-5.5,✔
60分钟 吸收 补仓G(1:1:2:2:4，-2%/-4%/-6%/-8%补) 均价止盈8% 止损离第一笔14% 拿24h,128,56,0.37,0.89,-9.3,,49,63,1.16,0.98,-9.3,,129,58,0.89,0.99,-8.3,
60分钟 吸收 补仓G(1:1:2:2:4，-2%/-4%/-6%/-8%补) 均价止盈8% 止损离第一笔14% 拿72h,113,65,0.63,0.99,-9.3,,49,71,0.76,0.85,-9.3,,111,60,1.48,1.21,-8.3,✔
60分钟 吸收 补仓G(1:1:2:2:4，-2%/-4%/-6%/-8%补) 均价止盈8% 止损离第一笔18% 拿24h,128,56,0.51,0.94,-8.6,,49,63,1.54,0.72,-5.3,,129,58,0.79,0.7,-12.1,
60分钟 吸收 补仓G(1:1:2:2:4，-2%/-4%/-6%/-8%补) 均价止盈8% 止损离第一笔18% 拿72h,113,65,0.63,1.28,-13.5,,49,71,0.76,0.84,-13.5,,111,60,1.23,0.83,-12.1,
60分钟 吸收 补仓H(1:1:1:1:1:1:1:1，-1%/-2%/-3%/-4%/-5%/-6%/-7%补) 均价止盈1% 止损离第一笔10% 拿24h,130,81,0.55,0.72,-6.9,,50,84,3.26,0.63,-1.1,,133,89,1.25,1.36,-6.5,
60分钟 吸收 补仓H(1:1:1:1:1:1:1:1，-1%/-2%/-3%/-4%/-5%/-6%/-7%补) 均价止盈1% 止损离第一笔10% 拿72h,124,90,0.63,0.59,-6.9,,50,100,inf,0.91,0.1,,133,99,4.86,1.19,-6.5,✔
60分钟 吸收 补仓H(1:1:1:1:1:1:1:1，-1%/-2%/-3%/-4%/-5%/-6%/-7%补) 均价止盈1% 止损离第一笔13% 拿24h,130,81,0.47,0.94,-10.0,,50,84,3.26,1.38,-1.1,,133,89,1.08,1.2,-9.4,
60分钟 吸收 补仓H(1:1:1:1:1:1:1:1，-1%/-2%/-3%/-4%/-5%/-6%/-7%补) 均价止盈1% 止损离第一笔13% 拿72h,124,91,0.66,0.78,-10.0,,50,100,inf,1.18,0.1,,133,99,3.36,1.04,-9.4,✔
60分钟 吸收 补仓H(1:1:1:1:1:1:1:1，-1%/-2%/-3%/-4%/-5%/-6%/-7%补) 均价止盈1% 止损离第一笔17% 拿24h,130,81,0.62,0.87,-5.5,,50,84,3.26,0.76,-1.1,,133,89,0.91,2.01,-13.2,
60分钟 吸收 补仓H(1:1:1:1:1:1:1:1，-1%/-2%/-3%/-4%/-5%/-6%/-7%补) 均价止盈1% 止损离第一笔17% 拿72h,124,91,0.67,0.87,-14.1,,50,100,inf,1.9,0.1,,133,99,2.37,0.93,-13.2,✔
60分钟 吸收 补仓H(1:1:1:1:1:1:1:1，-1%/-2%/-3%/-4%/-5%/-6%/-7%补) 均价止盈2% 止损离第一笔10% 拿24h,128,70,0.68,1.19,-6.9,,50,72,1.98,0.7,-2.5,,132,73,1.19,1.35,-6.5,
60分钟 吸收 补仓H(1:1:1:1:1:1:1:1，-1%/-2%/-3%/-4%/-5%/-6%/-7%补) 均价止盈2% 止损离第一笔10% 拿72h,121,79,0.75,1.09,-6.9,,50,88,2.85,0.57,-6.5,,125,84,1.27,1.11,-6.9,✔
60分钟 吸收 补仓H(1:1:1:1:1:1:1:1，-1%/-2%/-3%/-4%/-5%/-6%/-7%补) 均价止盈2% 止损离第一笔13% 拿24h,128,70,0.57,1.09,-10.0,,50,72,1.98,0.64,-2.5,,132,73,1.1,1.03,-9.4,
60分钟 吸收 补仓H(1:1:1:1:1:1:1:1，-1%/-2%/-3%/-4%/-5%/-6%/-7%补) 均价止盈2% 止损离第一笔13% 拿72h,121,80,0.74,1.26,-10.0,,50,88,2.26,0.85,-9.4,,124,84,1.29,1.81,-9.4,
60分钟 吸收 补仓H(1:1:1:1:1:1:1:1，-1%/-2%/-3%/-4%/-5%/-6%/-7%补) 均价止盈2% 止损离第一笔17% 拿24h,128,70,0.68,0.77,-10.4,,50,72,1.98,0.8,-2.5,,132,73,0.99,0.87,-13.2,
60分钟 吸收 补仓H(1:1:1:1:1:1:1:1，-1%/-2%/-3%/-4%/-5%/-6%/-7%补) 均价止盈2% 止损离第一笔17% 拿72h,121,80,0.69,0.87,-14.1,,50,88,4.78,0.41,-2.2,,124,84,1.11,0.96,-13.2,
60分钟 吸收 补仓H(1:1:1:1:1:1:1:1，-1%/-2%/-3%/-4%/-5%/-6%/-7%补) 均价止盈3% 止损离第一笔10% 拿24h,128,62,0.68,1.0,-6.9,,49,69,1.31,1.27,-6.9,,130,67,1.0,1.12,-6.5,
60分钟 吸收 补仓H(1:1:1:1:1:1:1:1，-1%/-2%/-3%/-4%/-5%/-6%/-7%补) 均价止盈3% 止损离第一笔10% 拿72h,120,72,0.71,0.96,-6.9,,49,84,2.12,0.84,-6.9,,120,73,0.96,1.02,-6.9,
60分钟 吸收 补仓H(1:1:1:1:1:1:1:1，-1%/-2%/-3%/-4%/-5%/-6%/-7%补) 均价止盈3% 止损离第一笔13% 拿24h,128,62,0.58,1.23,-10.0,,49,69,1.63,1.11,-3.7,,130,67,0.94,1.05,-9.4,
60分钟 吸收 补仓H(1:1:1:1:1:1:1:1，-1%/-2%/-3%/-4%/-5%/-6%/-7%补) 均价止盈3% 止损离第一笔13% 拿72h,120,72,0.7,1.01,-10.0,,49,84,1.67,0.57,-10.0,,119,75,1.23,1.03,-9.4,✔
60分钟 吸收 补仓H(1:1:1:1:1:1:1:1，-1%/-2%/-3%/-4%/-5%/-6%/-7%补) 均价止盈3% 止损离第一笔17% 拿24h,128,62,0.68,0.54,-10.4,,49,69,1.63,0.94,-3.7,,130,67,0.86,1.34,-13.2,
60分钟 吸收 补仓H(1:1:1:1:1:1:1:1，-1%/-2%/-3%/-4%/-5%/-6%/-7%补) 均价止盈3% 止损离第一笔17% 拿72h,120,72,0.64,1.06,-14.1,,49,84,1.89,0.71,-14.1,,119,75,1.06,0.98,-13.2,
60分钟 吸收 补仓H(1:1:1:1:1:1:1:1，-1%/-2%/-3%/-4%/-5%/-6%/-7%补) 均价止盈5% 止损离第一笔10% 拿24h,128,60,0.65,0.8,-6.9,,49,67,1.01,0.72,-6.9,,130,65,1.07,1.01,-6.5,
60分钟 吸收 补仓H(1:1:1:1:1:1:1:1，-1%/-2%/-3%/-4%/-5%/-6%/-7%补) 均价止盈5% 止损离第一笔10% 拿72h,117,65,0.66,1.0,-6.9,,49,71,0.88,0.5,-6.9,,114,64,0.94,1.06,-6.9,
60分钟 吸收 补仓H(1:1:1:1:1:1:1:1，-1%/-2%/-3%/-4%/-5%/-6%/-7%补) 均价止盈5% 止损离第一笔13% 拿24h,128,60,0.55,0.89,-10.0,,49,67,1.01,1.09,-10.0,,130,65,1.0,0.78,-9.4,
60分钟 吸收 补仓H(1:1:1:1:1:1:1:1，-1%/-2%/-3%/-4%/-5%/-6%/-7%补) 均价止盈5% 止损离第一笔13% 拿72h,117,66,0.69,0.83,-10.0,,49,71,0.86,0.97,-10.0,,113,65,1.24,0.96,-9.4,
60分钟 吸收 补仓H(1:1:1:1:1:1:1:1，-1%/-2%/-3%/-4%/-5%/-6%/-7%补) 均价止盈5% 止损离第一笔17% 拿24h,128,60,0.65,0.77,-10.4,,49,67,1.15,0.83,-7.2,,130,65,0.92,0.94,-13.2,
60分钟 吸收 补仓H(1:1:1:1:1:1:1:1，-1%/-2%/-3%/-4%/-5%/-6%/-7%补) 均价止盈5% 止损离第一笔17% 拿72h,117,66,0.65,1.04,-14.1,,49,71,0.85,0.7,-14.1,,113,65,1.09,1.06,-13.2,
60分钟 吸收 补仓H(1:1:1:1:1:1:1:1，-1%/-2%/-3%/-4%/-5%/-6%/-7%补) 均价止盈8% 止损离第一笔10% 拿24h,128,59,0.61,1.27,-6.9,,49,67,1.01,0.53,-6.9,,129,64,0.98,1.3,-6.5,
60分钟 吸收 补仓H(1:1:1:1:1:1:1:1，-1%/-2%/-3%/-4%/-5%/-6%/-7%补) 均价止盈8% 止损离第一笔10% 拿72h,113,61,0.63,1.27,-6.9,,49,69,0.77,0.86,-6.9,,112,61,1.13,1.05,-6.9,
60分钟 吸收 补仓H(1:1:1:1:1:1:1:1，-1%/-2%/-3%/-4%/-5%/-6%/-7%补) 均价止盈8% 止损离第一笔13% 拿24h,128,59,0.52,0.84,-10.0,,49,67,1.01,0.91,-10.0,,129,64,0.92,0.83,-9.4,
60分钟 吸收 补仓H(1:1:1:1:1:1:1:1，-1%/-2%/-3%/-4%/-5%/-6%/-7%补) 均价止盈8% 止损离第一笔13% 拿72h,113,63,0.7,1.05,-10.0,,49,69,0.76,0.48,-10.0,,111,62,1.41,0.96,-9.4,✔
60分钟 吸收 补仓H(1:1:1:1:1:1:1:1，-1%/-2%/-3%/-4%/-5%/-6%/-7%补) 均价止盈8% 止损离第一笔17% 拿24h,128,59,0.6,0.61,-10.4,,49,67,1.16,0.79,-7.2,,129,64,0.85,1.53,-13.2,
60分钟 吸收 补仓H(1:1:1:1:1:1:1:1，-1%/-2%/-3%/-4%/-5%/-6%/-7%补) 均价止盈8% 止损离第一笔17% 拿72h,113,63,0.64,0.73,-14.1,,49,69,0.74,0.6,-14.1,,111,62,1.25,0.98,-13.2,
60分钟 吸收 补仓I(1:1:1:2:2:3，-2%/-4%/-6%/-9%/-12%补) 均价止盈1% 止损离第一笔15% 拿24h,130,78,0.57,1.13,-8.6,,50,82,3.25,0.89,-0.5,,133,84,0.95,1.36,-7.4,
60分钟 吸收 补仓I(1:1:1:2:2:3，-2%/-4%/-6%/-9%/-12%补) 均价止盈1% 止损离第一笔15% 拿72h,124,90,0.59,0.98,-8.6,,50,100,inf,1.23,0.1,,132,98,2.24,0.73,-7.4,
60分钟 吸收 补仓I(1:1:1:2:2:3，-2%/-4%/-6%/-9%/-12%补) 均价止盈1% 止损离第一笔18% 拿24h,130,78,0.87,0.82,-2.2,,50,82,3.25,0.89,-0.5,,133,84,0.79,0.94,-10.2,
60分钟 吸收 补仓I(1:1:1:2:2:3，-2%/-4%/-6%/-9%/-12%补) 均价止盈1% 止损离第一笔18% 拿72h,124,90,1.14,1.32,-3.7,,50,100,inf,0.63,0.1,,132,98,1.64,1.2,-10.2,
60分钟 吸收 补仓I(1:1:1:2:2:3，-2%/-4%/-6%/-9%/-12%补) 均价止盈1% 止损离第一笔22% 拿24h,130,78,0.87,0.92,-2.2,,50,82,3.25,1.47,-0.5,,133,84,0.8,1.38,-10.1,
60分钟 吸收 补仓I(1:1:1:2:2:3，-2%/-4%/-6%/-9%/-12%补) 均价止盈1% 止损离第一笔22% 拿72h,124,90,1.14,0.51,-3.7,,50,100,inf,2.82,0.1,,132,98,1.2,1.22,-14.0,
60分钟 吸收 补仓I(1:1:1:2:2:3，-2%/-4%/-6%/-9%/-12%补) 均价止盈2% 止损离第一笔15% 拿24h,128,67,0.61,0.9,-8.6,,50,70,2.11,0.46,-1.2,,132,67,0.91,1.33,-7.4,
60分钟 吸收 补仓I(1:1:1:2:2:3，-2%/-4%/-6%/-9%/-12%补) 均价止盈2% 止损离第一笔15% 拿72h,121,77,0.56,1.37,-8.6,,50,90,2.06,0.46,-7.4,,123,82,1.15,1.26,-7.4,
60分钟 吸收 补仓I(1:1:1:2:2:3，-2%/-4%/-6%/-9%/-12%补) 均价止盈2% 止损离第一笔18% 拿24h,128,67,0.8,0.9,-6.8,,50,70,2.11,0.75,-1.2,,132,67,0.81,0.89,-10.2,
60分钟 吸收 补仓I(1:1:1:2:2:3，-2%/-4%/-6%/-9%/-12%补) 均价止盈2% 止损离第一笔18% 拿72h,121,77,0.65,0.57,-11.8,,50,92,13.66,1.7,-1.1,,123,82,0.96,0.76,-10.2,
60分钟 吸收 补仓I(1:1:1:2:2:3，-2%/-4%/-6%/-9%/-12%补) 均价止盈2% 止损离第一笔22% 拿24h,128,67,0.8,0.59,-6.8,,50,70,2.11,0.74,-1.2,,132,67,0.81,1.2,-10.1,
60分钟 吸收 补仓I(1:1:1:2:2:3，-2%/-4%/-6%/-9%/-12%补) 均价止盈2% 止损离第一笔22% 拿72h,121,77,0.69,0.83,-16.1,,50,92,13.66,0.66,-1.1,,123,82,0.78,1.32,-14.0,
60分钟 吸收 补仓I(1:1:1:2:2:3，-2%/-4%/-6%/-9%/-12%补) 均价止盈3% 止损离第一笔15% 拿24h,128,59,0.57,0.63,-8.6,,49,65,1.04,0.82,-7.4,,130,59,0.79,1.11,-7.4,
60分钟 吸收 补仓I(1:1:1:2:2:3，-2%/-4%/-6%/-9%/-12%补) 均价止盈3% 止损离第一笔15% 拿72h,119,71,0.66,1.1,-8.6,,49,80,0.8,0.59,-8.6,,118,72,1.0,1.0,-7.4,
60分钟 吸收 补仓I(1:1:1:2:2:3，-2%/-4%/-6%/-9%/-12%补) 均价止盈3% 止损离第一笔18% 拿24h,128,59,0.73,1.38,-6.8,,49,65,1.54,0.65,-3.4,,130,59,0.72,0.76,-10.2,
60分钟 吸收 补仓I(1:1:1:2:2:3，-2%/-4%/-6%/-9%/-12%补) 均价止盈3% 止损离第一笔18% 拿72h,119,71,0.75,0.85,-11.8,,49,82,0.85,0.69,-11.8,,118,72,0.84,0.89,-10.2,
60分钟 吸收 补仓I(1:1:1:2:2:3，-2%/-4%/-6%/-9%/-12%补) 均价止盈3% 止损离第一笔22% 拿24h,128,59,0.73,0.93,-6.8,,49,65,1.54,0.57,-3.4,,130,59,0.72,1.27,-10.1,
60分钟 吸收 补仓I(1:1:1:2:2:3，-2%/-4%/-6%/-9%/-12%补) 均价止盈3% 止损离第一笔22% 拿72h,119,71,0.69,0.76,-16.1,,49,82,2.45,0.43,-2.9,,118,72,0.7,0.93,-14.0,
60分钟 吸收 补仓I(1:1:1:2:2:3，-2%/-4%/-6%/-9%/-12%补) 均价止盈5% 止损离第一笔15% 拿24h,128,58,0.52,0.82,-8.6,,49,65,1.17,0.43,-7.4,,130,58,0.91,1.19,-7.4,
60分钟 吸收 补仓I(1:1:1:2:2:3，-2%/-4%/-6%/-9%/-12%补) 均价止盈5% 止损离第一笔15% 拿72h,117,64,0.63,0.97,-8.6,,49,71,0.78,0.75,-8.6,,113,63,1.25,0.91,-7.4,✔
60分钟 吸收 补仓I(1:1:1:2:2:3，-2%/-4%/-6%/-9%/-12%补) 均价止盈5% 止损离第一笔18% 拿24h,128,58,0.66,1.04,-6.8,,49,65,1.74,1.48,-3.4,,130,58,0.82,0.88,-10.2,
60分钟 吸收 补仓I(1:1:1:2:2:3，-2%/-4%/-6%/-9%/-12%补) 均价止盈5% 止损离第一笔18% 拿72h,117,64,0.71,1.0,-11.8,,49,73,0.82,0.96,-11.8,,113,63,1.06,0.86,-10.2,
60分钟 吸收 补仓I(1:1:1:2:2:3，-2%/-4%/-6%/-9%/-12%补) 均价止盈5% 止损离第一笔22% 拿24h,128,58,0.66,0.95,-6.8,,49,65,1.74,0.61,-3.4,,130,58,0.83,0.95,-10.1,
60分钟 吸收 补仓I(1:1:1:2:2:3，-2%/-4%/-6%/-9%/-12%补) 均价止盈5% 止损离第一笔22% 拿72h,117,64,0.66,0.97,-16.1,,49,73,1.85,0.9,-4.0,,113,63,0.89,0.92,-14.0,
60分钟 吸收 补仓I(1:1:1:2:2:3，-2%/-4%/-6%/-9%/-12%补) 均价止盈8% 止损离第一笔15% 拿24h,128,56,0.5,1.1,-8.6,,49,65,1.11,1.04,-7.4,,129,56,0.83,1.63,-7.4,
60分钟 吸收 补仓I(1:1:1:2:2:3，-2%/-4%/-6%/-9%/-12%补) 均价止盈8% 止损离第一笔15% 拿72h,113,61,0.62,1.17,-8.6,,49,69,0.65,0.51,-8.6,,111,59,1.34,1.46,-7.4,
60分钟 吸收 补仓I(1:1:1:2:2:3，-2%/-4%/-6%/-9%/-12%补) 均价止盈8% 止损离第一笔18% 拿24h,128,56,0.63,0.86,-6.8,,49,65,1.65,0.81,-3.4,,129,56,0.76,0.84,-10.2,
60分钟 吸收 补仓I(1:1:1:2:2:3，-2%/-4%/-6%/-9%/-12%补) 均价止盈8% 止损离第一笔18% 拿72h,113,61,0.66,0.81,-11.8,,49,71,0.69,0.6,-11.8,,111,59,1.14,0.87,-10.2,
60分钟 吸收 补仓I(1:1:1:2:2:3，-2%/-4%/-6%/-9%/-12%补) 均价止盈8% 止损离第一笔22% 拿24h,128,56,0.63,0.85,-6.8,,49,65,1.65,1.45,-3.4,,129,56,0.76,0.71,-10.1,
60分钟 吸收 补仓I(1:1:1:2:2:3，-2%/-4%/-6%/-9%/-12%补) 均价止盈8% 止损离第一笔22% 拿72h,113,61,0.59,1.42,-16.1,,49,71,1.48,0.84,-4.0,,111,59,0.95,0.91,-14.0,
