周期,打法,方向,出场,训练_PF,检验_PF,新币_PF,训练_笔数,检验_笔数,新币_笔数,随机_训练_PF,随机_检验_PF,随机_新币_PF,过关
15m,BOS→FVG,空,3笔1:1:1(3/6) 止盈2% 补满再亏10%止损 拿18根,0.93,1.05,,5616,7263,0,0.82,0.86,,
15m,BOS→FVG,空,3笔1:1:1(3/6) 止盈2% 补满再亏10%止损 拿48根,1.09,1.17,,5317,6790,0,0.87,0.91,,
15m,BOS→FVG,空,3笔1:1:1(3/6) 止盈2% 补满再亏5%止损 拿18根,0.95,1.03,,5616,7263,0,0.82,0.87,,
15m,BOS→FVG,空,3笔1:1:1(3/6) 止盈2% 补满再亏5%止损 拿48根,1.1,1.16,,5317,6790,0,0.88,0.93,,
15m,BOS→FVG,空,3笔1:1:1(3/6) 止盈3% 补满再亏10%止损 拿18根,0.94,1.02,,5501,7134,0,0.81,0.85,,
15m,BOS→FVG,空,3笔1:1:1(3/6) 止盈3% 补满再亏10%止损 拿48根,1.09,1.11,,4997,6411,0,0.87,0.9,,
15m,BOS→FVG,空,3笔1:1:1(3/6) 止盈3% 补满再亏5%止损 拿18根,0.96,1.01,,5501,7134,0,0.81,0.86,,
15m,BOS→FVG,空,3笔1:1:1(3/6) 止盈3% 补满再亏5%止损 拿48根,1.11,1.11,,4997,6411,0,0.88,0.91,,✔
15m,BOS→FVG,空,3笔1:1:1(3/6) 止盈5% 补满再亏10%止损 拿18根,0.92,1.0,,5425,7050,0,0.78,0.84,,
15m,BOS→FVG,空,3笔1:1:1(3/6) 止盈5% 补满再亏10%止损 拿48根,1.03,1.08,,4694,6067,0,0.82,0.89,,
15m,BOS→FVG,空,3笔1:1:1(3/6) 止盈5% 补满再亏5%止损 拿18根,0.95,1.0,,5425,7050,0,0.78,0.85,,
15m,BOS→FVG,空,3笔1:1:1(3/6) 止盈5% 补满再亏5%止损 拿48根,1.05,1.08,,4694,6067,0,0.83,0.9,,
15m,BOS→FVG,空,3笔1:1:1(3/6) 止盈8% 补满再亏10%止损 拿18根,0.89,1.0,,5408,7031,0,0.78,0.83,,
15m,BOS→FVG,空,3笔1:1:1(3/6) 止盈8% 补满再亏10%止损 拿48根,0.99,1.1,,4559,5936,0,0.8,0.87,,
15m,BOS→FVG,空,3笔1:1:1(3/6) 止盈8% 补满再亏5%止损 拿18根,0.91,1.0,,5408,7031,0,0.78,0.84,,
15m,BOS→FVG,空,3笔1:1:1(3/6) 止盈8% 补满再亏5%止损 拿48根,1.0,1.1,,4559,5936,0,0.81,0.88,,
15m,BOS→FVG,空,3笔1:1:2(3/6) 止盈2% 补满再亏10%止损 拿18根,0.92,1.05,,5616,7263,0,0.81,0.85,,
15m,BOS→FVG,空,3笔1:1:2(3/6) 止盈2% 补满再亏10%止损 拿48根,1.09,1.15,,5319,6792,0,0.86,0.9,,
15m,BOS→FVG,空,3笔1:1:2(3/6) 止盈2% 补满再亏5%止损 拿18根,0.95,1.03,,5616,7263,0,0.81,0.87,,
15m,BOS→FVG,空,3笔1:1:2(3/6) 止盈2% 补满再亏5%止损 拿48根,1.11,1.15,,5319,6792,0,0.88,0.92,,✔
15m,BOS→FVG,空,3笔1:1:2(3/6) 止盈3% 补满再亏10%止损 拿18根,0.93,1.04,,5501,7134,0,0.8,0.85,,
15m,BOS→FVG,空,3笔1:1:2(3/6) 止盈3% 补满再亏10%止损 拿48根,1.1,1.11,,4997,6411,0,0.87,0.89,,
15m,BOS→FVG,空,3笔1:1:2(3/6) 止盈3% 补满再亏5%止损 拿18根,0.95,1.02,,5501,7134,0,0.8,0.86,,
15m,BOS→FVG,空,3笔1:1:2(3/6) 止盈3% 补满再亏5%止损 拿48根,1.11,1.1,,4997,6411,0,0.87,0.92,,
15m,BOS→FVG,空,3笔1:1:2(3/6) 止盈5% 补满再亏10%止损 拿18根,0.91,1.01,,5425,7050,0,0.77,0.84,,
15m,BOS→FVG,空,3笔1:1:2(3/6) 止盈5% 补满再亏10%止损 拿48根,1.03,1.08,,4694,6069,0,0.81,0.89,,
15m,BOS→FVG,空,3笔1:1:2(3/6) 止盈5% 补满再亏5%止损 拿18根,0.95,1.0,,5425,7050,0,0.78,0.86,,
15m,BOS→FVG,空,3笔1:1:2(3/6) 止盈5% 补满再亏5%止损 拿48根,1.05,1.08,,4694,6069,0,0.82,0.9,,
15m,BOS→FVG,空,3笔1:1:2(3/6) 止盈8% 补满再亏10%止损 拿18根,0.89,1.01,,5409,7031,0,0.77,0.83,,
15m,BOS→FVG,空,3笔1:1:2(3/6) 止盈8% 补满再亏10%止损 拿48根,0.99,1.1,,4560,5936,0,0.8,0.86,,
15m,BOS→FVG,空,3笔1:1:2(3/6) 止盈8% 补满再亏5%止损 拿18根,0.92,1.0,,5409,7031,0,0.78,0.85,,
15m,BOS→FVG,空,3笔1:1:2(3/6) 止盈8% 补满再亏5%止损 拿48根,1.0,1.09,,4560,5936,0,0.8,0.88,,
15m,BOS→FVG,空,5笔1:1:2:2:4(2..8) 止盈2% 补满再亏10%止损 拿18根,0.86,1.05,,5617,7263,0,0.81,0.85,,
15m,BOS→FVG,空,5笔1:1:2:2:4(2..8) 止盈2% 补满再亏10%止损 拿48根,1.07,1.1,,5328,6797,0,0.9,0.85,,
15m,BOS→FVG,空,5笔1:1:2:2:4(2..8) 止盈2% 补满再亏5%止损 拿18根,0.9,1.05,,5617,7263,0,0.81,0.88,,
15m,BOS→FVG,空,5笔1:1:2:2:4(2..8) 止盈2% 补满再亏5%止损 拿48根,1.12,1.13,,5328,6797,0,0.9,0.89,,✔
15m,BOS→FVG,空,5笔1:1:2:2:4(2..8) 止盈3% 补满再亏10%止损 拿18根,0.87,1.02,,5502,7135,0,0.79,0.85,,
15m,BOS→FVG,空,5笔1:1:2:2:4(2..8) 止盈3% 补满再亏10%止损 拿48根,1.08,1.14,,5010,6425,0,0.85,0.86,,
15m,BOS→FVG,空,5笔1:1:2:2:4(2..8) 止盈3% 补满再亏5%止损 拿18根,0.91,1.04,,5502,7135,0,0.79,0.88,,
15m,BOS→FVG,空,5笔1:1:2:2:4(2..8) 止盈3% 补满再亏5%止损 拿48根,1.12,1.16,,5010,6425,0,0.86,0.91,,✔
15m,BOS→FVG,空,5笔1:1:2:2:4(2..8) 止盈5% 补满再亏10%止损 拿18根,0.88,1.02,,5428,7052,0,0.76,0.84,,
15m,BOS→FVG,空,5笔1:1:2:2:4(2..8) 止盈5% 补满再亏10%止损 拿48根,1.0,1.06,,4703,6084,0,0.81,0.87,,
15m,BOS→FVG,空,5笔1:1:2:2:4(2..8) 止盈5% 补满再亏5%止损 拿18根,0.92,1.03,,5428,7052,0,0.75,0.88,,
15m,BOS→FVG,空,5笔1:1:2:2:4(2..8) 止盈5% 补满再亏5%止损 拿48根,1.03,1.08,,4703,6084,0,0.82,0.92,,
15m,BOS→FVG,空,5笔1:1:2:2:4(2..8) 止盈8% 补满再亏10%止损 拿18根,0.83,1.02,,5409,7032,0,0.75,0.83,,
15m,BOS→FVG,空,5笔1:1:2:2:4(2..8) 止盈8% 补满再亏10%止损 拿48根,0.95,1.1,,4563,5937,0,0.78,0.85,,
15m,BOS→FVG,空,5笔1:1:2:2:4(2..8) 止盈8% 补满再亏5%止损 拿18根,0.87,1.03,,5409,7032,0,0.75,0.88,,
15m,BOS→FVG,空,5笔1:1:2:2:4(2..8) 止盈8% 补满再亏5%止损 拿48根,0.98,1.11,,4563,5937,0,0.79,0.9,,
15m,BOS→FVG,空,5笔等(2..8) 止盈2% 补满再亏10%止损 拿18根,0.9,1.04,,5617,7263,0,0.8,0.85,,
15m,BOS→FVG,空,5笔等(2..8) 止盈2% 补满再亏10%止损 拿48根,1.09,1.15,,5326,6796,0,0.89,0.88,,
15m,BOS→FVG,空,5笔等(2..8) 止盈2% 补满再亏5%止损 拿18根,0.93,1.05,,5617,7263,0,0.8,0.86,,
15m,BOS→FVG,空,5笔等(2..8) 止盈2% 补满再亏5%止损 拿48根,1.11,1.16,,5326,6796,0,0.9,0.91,,✔
15m,BOS→FVG,空,5笔等(2..8) 止盈3% 补满再亏10%止损 拿18根,0.92,1.01,,5502,7135,0,0.79,0.85,,
15m,BOS→FVG,空,5笔等(2..8) 止盈3% 补满再亏10%止损 拿48根,1.08,1.11,,5010,6423,0,0.87,0.88,,
15m,BOS→FVG,空,5笔等(2..8) 止盈3% 补满再亏5%止损 拿18根,0.94,1.02,,5502,7135,0,0.79,0.87,,
15m,BOS→FVG,空,5笔等(2..8) 止盈3% 补满再亏5%止损 拿48根,1.1,1.12,,5010,6423,0,0.87,0.91,,✔
15m,BOS→FVG,空,5笔等(2..8) 止盈5% 补满再亏10%止损 拿18根,0.9,1.0,,5428,7052,0,0.76,0.83,,
15m,BOS→FVG,空,5笔等(2..8) 止盈5% 补满再亏10%止损 拿48根,1.0,1.07,,4703,6079,0,0.81,0.88,,
15m,BOS→FVG,空,5笔等(2..8) 止盈5% 补满再亏5%止损 拿18根,0.92,1.01,,5428,7052,0,0.76,0.86,,
15m,BOS→FVG,空,5笔等(2..8) 止盈5% 补满再亏5%止损 拿48根,1.03,1.08,,4703,6079,0,0.82,0.92,,
15m,BOS→FVG,空,5笔等(2..8) 止盈8% 补满再亏10%止损 拿18根,0.87,1.0,,5408,7032,0,0.76,0.83,,
15m,BOS→FVG,空,5笔等(2..8) 止盈8% 补满再亏10%止损 拿48根,0.97,1.1,,4559,5937,0,0.79,0.86,,
15m,BOS→FVG,空,5笔等(2..8) 止盈8% 补满再亏5%止损 拿18根,0.89,1.01,,5408,7032,0,0.76,0.85,,
15m,BOS→FVG,空,5笔等(2..8) 止盈8% 补满再亏5%止损 拿48根,0.99,1.1,,4559,5937,0,0.8,0.89,,
15m,BOS→FVG,空,6笔深(3..18) 止盈2% 补满再亏10%止损 拿18根,0.91,1.07,,5616,7263,0,0.81,0.84,,
15m,BOS→FVG,空,6笔深(3..18) 止盈2% 补满再亏10%止损 拿48根,1.06,1.17,,5316,6791,0,0.89,0.86,,
15m,BOS→FVG,空,6笔深(3..18) 止盈2% 补满再亏5%止损 拿18根,0.88,1.07,,5616,7263,0,0.82,0.84,,
15m,BOS→FVG,空,6笔深(3..18) 止盈2% 补满再亏5%止损 拿48根,1.04,1.19,,5316,6791,0,0.9,0.88,,
15m,BOS→FVG,空,6笔深(3..18) 止盈3% 补满再亏10%止损 拿18根,0.92,1.05,,5501,7134,0,0.8,0.84,,
15m,BOS→FVG,空,6笔深(3..18) 止盈3% 补满再亏10%止损 拿48根,1.09,1.12,,4996,6412,0,0.89,0.87,,
15m,BOS→FVG,空,6笔深(3..18) 止盈3% 补满再亏5%止损 拿18根,0.89,1.05,,5501,7134,0,0.81,0.84,,
15m,BOS→FVG,空,6笔深(3..18) 止盈3% 补满再亏5%止损 拿48根,1.05,1.14,,4996,6412,0,0.9,0.88,,
15m,BOS→FVG,空,6笔深(3..18) 止盈5% 补满再亏10%止损 拿18根,0.92,1.02,,5425,7050,0,0.76,0.81,,
15m,BOS→FVG,空,6笔深(3..18) 止盈5% 补满再亏10%止损 拿48根,1.03,1.07,,4693,6068,0,0.81,0.87,,
15m,BOS→FVG,空,6笔深(3..18) 止盈5% 补满再亏5%止损 拿18根,0.89,1.02,,5425,7050,0,0.77,0.81,,
15m,BOS→FVG,空,6笔深(3..18) 止盈5% 补满再亏5%止损 拿48根,1.01,1.08,,4693,6068,0,0.84,0.88,,
15m,BOS→FVG,空,6笔深(3..18) 止盈8% 补满再亏10%止损 拿18根,0.88,1.03,,5408,7031,0,0.76,0.81,,
15m,BOS→FVG,空,6笔深(3..18) 止盈8% 补满再亏10%止损 拿48根,1.02,1.13,,4558,5936,0,0.8,0.84,,
15m,BOS→FVG,空,6笔深(3..18) 止盈8% 补满再亏5%止损 拿18根,0.84,1.03,,5408,7031,0,0.77,0.8,,
15m,BOS→FVG,空,6笔深(3..18) 止盈8% 补满再亏5%止损 拿48根,0.99,1.14,,4558,5936,0,0.82,0.86,,
15m,BOS→FVG,空,原版（结构止损、盈亏比2）,0.99,0.98,,5005,6495,0,0.87,0.91,,
15m,BOS→FVG,多,3笔1:1:1(3/6) 止盈2% 补满再亏10%止损 拿18根,0.96,0.99,,5416,6228,0,0.84,0.8,,
15m,BOS→FVG,多,3笔1:1:1(3/6) 止盈2% 补满再亏10%止损 拿48根,1.03,1.03,,5114,5873,0,0.91,0.84,,
15m,BOS→FVG,多,3笔1:1:1(3/6) 止盈2% 补满再亏5%止损 拿18根,0.96,0.96,,5416,6228,0,0.84,0.8,,
15m,BOS→FVG,多,3笔1:1:1(3/6) 止盈2% 补满再亏5%止损 拿48根,1.0,1.02,,5114,5873,0,0.9,0.84,,
15m,BOS→FVG,多,3笔1:1:1(3/6) 止盈3% 补满再亏10%止损 拿18根,0.97,0.99,,5343,6133,0,0.86,0.81,,
15m,BOS→FVG,多,3笔1:1:1(3/6) 止盈3% 补满再亏10%止损 拿48根,1.06,1.04,,4864,5614,0,0.95,0.88,,
15m,BOS→FVG,多,3笔1:1:1(3/6) 止盈3% 补满再亏5%止损 拿18根,0.97,0.96,,5343,6133,0,0.86,0.8,,
15m,BOS→FVG,多,3笔1:1:1(3/6) 止盈3% 补满再亏5%止损 拿48根,1.02,1.03,,4864,5614,0,0.94,0.87,,
15m,BOS→FVG,多,3笔1:1:1(3/6) 止盈5% 补满再亏10%止损 拿18根,1.0,1.0,,5282,6066,0,0.87,0.82,,
15m,BOS→FVG,多,3笔1:1:1(3/6) 止盈5% 补满再亏10%止损 拿48根,1.06,1.05,,4605,5351,0,0.97,0.91,,
15m,BOS→FVG,多,3笔1:1:1(3/6) 止盈5% 补满再亏5%止损 拿18根,1.01,0.97,,5282,6066,0,0.87,0.81,,
15m,BOS→FVG,多,3笔1:1:1(3/6) 止盈5% 补满再亏5%止损 拿48根,1.01,1.05,,4605,5351,0,0.96,0.9,,
15m,BOS→FVG,多,3笔1:1:1(3/6) 止盈8% 补满再亏10%止损 拿18根,0.99,0.99,,5259,6029,0,0.88,0.82,,
15m,BOS→FVG,多,3笔1:1:1(3/6) 止盈8% 补满再亏10%止损 拿48根,1.05,1.04,,4485,5200,0,0.98,0.93,,
15m,BOS→FVG,多,3笔1:1:1(3/6) 止盈8% 补满再亏5%止损 拿18根,1.0,0.96,,5259,6029,0,0.89,0.81,,
15m,BOS→FVG,多,3笔1:1:1(3/6) 止盈8% 补满再亏5%止损 拿48根,1.01,1.04,,4485,5200,0,0.97,0.92,,
15m,BOS→FVG,多,3笔1:1:2(3/6) 止盈2% 补满再亏10%止损 拿18根,0.97,1.01,,5416,6228,0,0.84,0.8,,
15m,BOS→FVG,多,3笔1:1:2(3/6) 止盈2% 补满再亏10%止损 拿48根,1.05,1.03,,5115,5873,0,0.91,0.85,,
15m,BOS→FVG,多,3笔1:1:2(3/6) 止盈2% 补满再亏5%止损 拿18根,0.97,0.98,,5416,6228,0,0.84,0.81,,
15m,BOS→FVG,多,3笔1:1:2(3/6) 止盈2% 补满再亏5%止损 拿48根,1.01,1.03,,5115,5873,0,0.9,0.85,,
15m,BOS→FVG,多,3笔1:1:2(3/6) 止盈3% 补满再亏10%止损 拿18根,1.0,1.0,,5343,6133,0,0.86,0.82,,
15m,BOS→FVG,多,3笔1:1:2(3/6) 止盈3% 补满再亏10%止损 拿48根,1.1,1.03,,4864,5615,0,0.96,0.88,,
15m,BOS→FVG,多,3笔1:1:2(3/6) 止盈3% 补满再亏5%止损 拿18根,1.0,0.97,,5343,6133,0,0.87,0.81,,
15m,BOS→FVG,多,3笔1:1:2(3/6) 止盈3% 补满再亏5%止损 拿48根,1.04,1.03,,4864,5615,0,0.95,0.88,,
15m,BOS→FVG,多,3笔1:1:2(3/6) 止盈5% 补满再亏10%止损 拿18根,1.02,1.03,,5282,6066,0,0.88,0.83,,
15m,BOS→FVG,多,3笔1:1:2(3/6) 止盈5% 补满再亏10%止损 拿48根,1.08,1.06,,4606,5351,0,0.97,0.92,,
15m,BOS→FVG,多,3笔1:1:2(3/6) 止盈5% 补满再亏5%止损 拿18根,1.02,0.99,,5282,6066,0,0.88,0.82,,
15m,BOS→FVG,多,3笔1:1:2(3/6) 止盈5% 补满再亏5%止损 拿48根,1.03,1.06,,4606,5351,0,0.96,0.91,,
15m,BOS→FVG,多,3笔1:1:2(3/6) 止盈8% 补满再亏10%止损 拿18根,1.01,1.01,,5259,6029,0,0.88,0.83,,
15m,BOS→FVG,多,3笔1:1:2(3/6) 止盈8% 补满再亏10%止损 拿48根,1.08,1.05,,4485,5200,0,0.99,0.95,,
15m,BOS→FVG,多,3笔1:1:2(3/6) 止盈8% 补满再亏5%止损 拿18根,1.02,0.97,,5259,6029,0,0.89,0.83,,
15m,BOS→FVG,多,3笔1:1:2(3/6) 止盈8% 补满再亏5%止损 拿48根,1.02,1.04,,4485,5200,0,0.99,0.94,,
15m,BOS→FVG,多,5笔1:1:2:2:4(2..8) 止盈2% 补满再亏10%止损 拿18根,1.0,1.06,,5419,6228,0,0.86,0.85,,
15m,BOS→FVG,多,5笔1:1:2:2:4(2..8) 止盈2% 补满再亏10%止损 拿48根,1.11,1.0,,5127,5879,0,0.91,0.9,,
15m,BOS→FVG,多,5笔1:1:2:2:4(2..8) 止盈2% 补满再亏5%止损 拿18根,1.01,1.03,,5419,6228,0,0.89,0.83,,
15m,BOS→FVG,多,5笔1:1:2:2:4(2..8) 止盈2% 补满再亏5%止损 拿48根,1.04,1.01,,5127,5879,0,0.9,0.87,,
15m,BOS→FVG,多,5笔1:1:2:2:4(2..8) 止盈3% 补满再亏10%止损 拿18根,1.03,1.07,,5345,6138,0,0.89,0.86,,
15m,BOS→FVG,多,5笔1:1:2:2:4(2..8) 止盈3% 补满再亏10%止损 拿48根,1.2,1.01,,4873,5624,0,0.95,0.9,,
15m,BOS→FVG,多,5笔1:1:2:2:4(2..8) 止盈3% 补满再亏5%止损 拿18根,1.05,1.03,,5345,6138,0,0.92,0.85,,
15m,BOS→FVG,多,5笔1:1:2:2:4(2..8) 止盈3% 补满再亏5%止损 拿48根,1.1,1.04,,4873,5624,0,0.95,0.87,,
15m,BOS→FVG,多,5笔1:1:2:2:4(2..8) 止盈5% 补满再亏10%止损 拿18根,1.08,1.13,,5282,6066,0,0.89,0.89,,
15m,BOS→FVG,多,5笔1:1:2:2:4(2..8) 止盈5% 补满再亏10%止损 拿48根,1.16,1.07,,4613,5358,0,0.99,0.98,,
15m,BOS→FVG,多,5笔1:1:2:2:4(2..8) 止盈5% 补满再亏5%止损 拿18根,1.09,1.08,,5282,6066,0,0.92,0.87,,
15m,BOS→FVG,多,5笔1:1:2:2:4(2..8) 止盈5% 补满再亏5%止损 拿48根,1.08,1.08,,4613,5358,0,0.98,0.93,,
15m,BOS→FVG,多,5笔1:1:2:2:4(2..8) 止盈8% 补满再亏10%止损 拿18根,1.03,1.12,,5259,6029,0,0.89,0.91,,
15m,BOS→FVG,多,5笔1:1:2:2:4(2..8) 止盈8% 补满再亏10%止损 拿48根,1.12,1.07,,4487,5204,0,1.01,1.0,,
15m,BOS→FVG,多,5笔1:1:2:2:4(2..8) 止盈8% 补满再亏5%止损 拿18根,1.05,1.05,,5259,6029,0,0.93,0.89,,
15m,BOS→FVG,多,5笔1:1:2:2:4(2..8) 止盈8% 补满再亏5%止损 拿48根,1.03,1.07,,4487,5204,0,1.01,0.96,,
15m,BOS→FVG,多,5笔等(2..8) 止盈2% 补满再亏10%止损 拿18根,0.97,1.01,,5419,6228,0,0.84,0.82,,
15m,BOS→FVG,多,5笔等(2..8) 止盈2% 补满再亏10%止损 拿48根,1.04,1.01,,5126,5879,0,0.9,0.89,,
15m,BOS→FVG,多,5笔等(2..8) 止盈2% 补满再亏5%止损 拿18根,0.98,0.99,,5419,6228,0,0.85,0.81,,
15m,BOS→FVG,多,5笔等(2..8) 止盈2% 补满再亏5%止损 拿48根,1.0,1.01,,5126,5879,0,0.89,0.85,,
15m,BOS→FVG,多,5笔等(2..8) 止盈3% 补满再亏10%止损 拿18根,0.99,1.02,,5345,6138,0,0.86,0.83,,
15m,BOS→FVG,多,5笔等(2..8) 止盈3% 补满再亏10%止损 拿48根,1.09,1.03,,4873,5622,0,0.95,0.89,,
15m,BOS→FVG,多,5笔等(2..8) 止盈3% 补满再亏5%止损 拿18根,1.0,0.99,,5345,6138,0,0.88,0.82,,
15m,BOS→FVG,多,5笔等(2..8) 止盈3% 补满再亏5%止损 拿48根,1.04,1.04,,4873,5622,0,0.94,0.87,,
15m,BOS→FVG,多,5笔等(2..8) 止盈5% 补满再亏10%止损 拿18根,1.0,1.04,,5282,6066,0,0.86,0.84,,
15m,BOS→FVG,多,5笔等(2..8) 止盈5% 补满再亏10%止损 拿48根,1.07,1.06,,4612,5356,0,0.97,0.94,,
15m,BOS→FVG,多,5笔等(2..8) 止盈5% 补满再亏5%止损 拿18根,1.01,1.01,,5282,6066,0,0.88,0.83,,
15m,BOS→FVG,多,5笔等(2..8) 止盈5% 补满再亏5%止损 拿48根,1.03,1.06,,4612,5356,0,0.96,0.91,,
15m,BOS→FVG,多,5笔等(2..8) 止盈8% 补满再亏10%止损 拿18根,1.0,1.03,,5259,6029,0,0.88,0.85,,
15m,BOS→FVG,多,5笔等(2..8) 止盈8% 补满再亏10%止损 拿48根,1.05,1.05,,4487,5204,0,0.98,0.96,,
15m,BOS→FVG,多,5笔等(2..8) 止盈8% 补满再亏5%止损 拿18根,1.01,0.99,,5259,6029,0,0.9,0.84,,
15m,BOS→FVG,多,5笔等(2..8) 止盈8% 补满再亏5%止损 拿48根,1.01,1.04,,4487,5204,0,0.98,0.93,,
15m,BOS→FVG,多,6笔深(3..18) 止盈2% 补满再亏10%止损 拿18根,0.97,1.01,,5416,6228,0,0.87,0.8,,
15m,BOS→FVG,多,6笔深(3..18) 止盈2% 补满再亏10%止损 拿48根,1.1,0.9,,5114,5873,0,0.91,0.86,,
15m,BOS→FVG,多,6笔深(3..18) 止盈2% 补满再亏5%止损 拿18根,0.97,1.01,,5416,6228,0,0.83,0.81,,
15m,BOS→FVG,多,6笔深(3..18) 止盈2% 补满再亏5%止损 拿48根,1.1,0.96,,5114,5873,0,0.9,0.87,,
15m,BOS→FVG,多,6笔深(3..18) 止盈3% 补满再亏10%止损 拿18根,0.98,1.03,,5343,6133,0,0.86,0.82,,
15m,BOS→FVG,多,6笔深(3..18) 止盈3% 补满再亏10%止损 拿48根,1.12,0.93,,4864,5614,0,0.93,0.88,,
15m,BOS→FVG,多,6笔深(3..18) 止盈3% 补满再亏5%止损 拿18根,0.98,1.03,,5343,6133,0,0.84,0.83,,
15m,BOS→FVG,多,6笔深(3..18) 止盈3% 补满再亏5%止损 拿48根,1.12,0.98,,4864,5614,0,0.92,0.9,,
15m,BOS→FVG,多,6笔深(3..18) 止盈5% 补满再亏10%止损 拿18根,1.01,1.05,,5282,6066,0,0.85,0.86,,
15m,BOS→FVG,多,6笔深(3..18) 止盈5% 补满再亏10%止损 拿48根,1.14,0.95,,4605,5351,0,0.94,0.93,,
15m,BOS→FVG,多,6笔深(3..18) 止盈5% 补满再亏5%止损 拿18根,1.02,1.05,,5282,6066,0,0.84,0.86,,
15m,BOS→FVG,多,6笔深(3..18) 止盈5% 补满再亏5%止损 拿48根,1.14,1.0,,4605,5351,0,0.95,0.94,,
15m,BOS→FVG,多,6笔深(3..18) 止盈8% 补满再亏10%止损 拿18根,1.01,1.05,,5259,6029,0,0.86,0.86,,
15m,BOS→FVG,多,6笔深(3..18) 止盈8% 补满再亏10%止损 拿48根,1.15,0.96,,4484,5200,0,0.96,0.93,,
15m,BOS→FVG,多,6笔深(3..18) 止盈8% 补满再亏5%止损 拿18根,1.01,1.05,,5259,6029,0,0.86,0.87,,
15m,BOS→FVG,多,6笔深(3..18) 止盈8% 补满再亏5%止损 拿48根,1.15,1.01,,4484,5200,0,0.97,0.96,,
15m,BOS→FVG,多,原版（结构止损、盈亏比2）,0.93,0.97,,4859,5641,0,0.91,0.82,,
15m,BOS→OB,空,3笔1:1:1(3/6) 止盈2% 补满再亏10%止损 拿18根,0.94,1.07,,7025,9210,0,0.82,0.86,,
15m,BOS→OB,空,3笔1:1:1(3/6) 止盈2% 补满再亏10%止损 拿48根,1.08,1.15,,6616,8534,0,0.87,0.91,,
15m,BOS→OB,空,3笔1:1:1(3/6) 止盈2% 补满再亏5%止损 拿18根,0.95,1.07,,7025,9210,0,0.82,0.87,,
15m,BOS→OB,空,3笔1:1:1(3/6) 止盈2% 补满再亏5%止损 拿48根,1.08,1.14,,6616,8534,0,0.88,0.93,,
15m,BOS→OB,空,3笔1:1:1(3/6) 止盈3% 补满再亏10%止损 拿18根,0.94,1.07,,6914,9067,0,0.81,0.85,,
15m,BOS→OB,空,3笔1:1:1(3/6) 止盈3% 补满再亏10%止损 拿48根,1.07,1.15,,6237,8012,0,0.87,0.9,,
15m,BOS→OB,空,3笔1:1:1(3/6) 止盈3% 补满再亏5%止损 拿18根,0.96,1.07,,6914,9067,0,0.81,0.86,,
15m,BOS→OB,空,3笔1:1:1(3/6) 止盈3% 补满再亏5%止损 拿48根,1.07,1.14,,6237,8012,0,0.88,0.91,,
15m,BOS→OB,空,3笔1:1:1(3/6) 止盈5% 补满再亏10%止损 拿18根,0.92,1.05,,6816,8979,0,0.78,0.84,,
15m,BOS→OB,空,3笔1:1:1(3/6) 止盈5% 补满再亏10%止损 拿48根,1.03,1.12,,5788,7547,0,0.82,0.89,,
15m,BOS→OB,空,3笔1:1:1(3/6) 止盈5% 补满再亏5%止损 拿18根,0.94,1.06,,6816,8979,0,0.78,0.85,,
15m,BOS→OB,空,3笔1:1:1(3/6) 止盈5% 补满再亏5%止损 拿48根,1.04,1.11,,5788,7548,0,0.83,0.9,,
15m,BOS→OB,空,3笔1:1:1(3/6) 止盈8% 补满再亏10%止损 拿18根,0.89,1.04,,6793,8954,0,0.78,0.83,,
15m,BOS→OB,空,3笔1:1:1(3/6) 止盈8% 补满再亏10%止损 拿48根,1.01,1.1,,5628,7354,0,0.8,0.87,,
15m,BOS→OB,空,3笔1:1:1(3/6) 止盈8% 补满再亏5%止损 拿18根,0.91,1.05,,6793,8954,0,0.78,0.84,,
15m,BOS→OB,空,3笔1:1:1(3/6) 止盈8% 补满再亏5%止损 拿48根,1.02,1.09,,5628,7355,0,0.81,0.88,,
15m,BOS→OB,空,3笔1:1:2(3/6) 止盈2% 补满再亏10%止损 拿18根,0.93,1.06,,7025,9210,0,0.81,0.85,,
15m,BOS→OB,空,3笔1:1:2(3/6) 止盈2% 补满再亏10%止损 拿48根,1.08,1.15,,6617,8537,0,0.86,0.9,,
15m,BOS→OB,空,3笔1:1:2(3/6) 止盈2% 补满再亏5%止损 拿18根,0.95,1.07,,7025,9210,0,0.81,0.87,,
15m,BOS→OB,空,3笔1:1:2(3/6) 止盈2% 补满再亏5%止损 拿48根,1.08,1.14,,6617,8537,0,0.88,0.92,,
15m,BOS→OB,空,3笔1:1:2(3/6) 止盈3% 补满再亏10%止损 拿18根,0.95,1.06,,6914,9067,0,0.8,0.85,,
15m,BOS→OB,空,3笔1:1:2(3/6) 止盈3% 补满再亏10%止损 拿48根,1.08,1.14,,6237,8012,0,0.87,0.89,,
15m,BOS→OB,空,3笔1:1:2(3/6) 止盈3% 补满再亏5%止损 拿18根,0.97,1.07,,6914,9067,0,0.8,0.86,,
15m,BOS→OB,空,3笔1:1:2(3/6) 止盈3% 补满再亏5%止损 拿48根,1.08,1.13,,6237,8012,0,0.87,0.92,,
15m,BOS→OB,空,3笔1:1:2(3/6) 止盈5% 补满再亏10%止损 拿18根,0.91,1.05,,6816,8979,0,0.77,0.84,,
15m,BOS→OB,空,3笔1:1:2(3/6) 止盈5% 补满再亏10%止损 拿48根,1.03,1.11,,5788,7548,0,0.81,0.89,,
15m,BOS→OB,空,3笔1:1:2(3/6) 止盈5% 补满再亏5%止损 拿18根,0.94,1.06,,6816,8979,0,0.78,0.86,,
15m,BOS→OB,空,3笔1:1:2(3/6) 止盈5% 补满再亏5%止损 拿48根,1.04,1.1,,5788,7548,0,0.82,0.9,,
15m,BOS→OB,空,3笔1:1:2(3/6) 止盈8% 补满再亏10%止损 拿18根,0.88,1.04,,6793,8954,0,0.77,0.83,,
15m,BOS→OB,空,3笔1:1:2(3/6) 止盈8% 补满再亏10%止损 拿48根,1.0,1.1,,5628,7354,0,0.8,0.86,,
15m,BOS→OB,空,3笔1:1:2(3/6) 止盈8% 补满再亏5%止损 拿18根,0.91,1.06,,6793,8954,0,0.78,0.85,,
15m,BOS→OB,空,3笔1:1:2(3/6) 止盈8% 补满再亏5%止损 拿48根,1.02,1.09,,5628,7355,0,0.8,0.88,,
15m,BOS→OB,空,5笔1:1:2:2:4(2..8) 止盈2% 补满再亏10%止损 拿18根,0.88,1.12,,7026,9212,0,0.81,0.85,,
15m,BOS→OB,空,5笔1:1:2:2:4(2..8) 止盈2% 补满再亏10%止损 拿48根,1.03,1.14,,6633,8565,0,0.9,0.85,,
15m,BOS→OB,空,5笔1:1:2:2:4(2..8) 止盈2% 补满再亏5%止损 拿18根,0.93,1.11,,7026,9212,0,0.81,0.88,,
15m,BOS→OB,空,5笔1:1:2:2:4(2..8) 止盈2% 补满再亏5%止损 拿48根,1.06,1.13,,6633,8565,0,0.9,0.89,,
15m,BOS→OB,空,5笔1:1:2:2:4(2..8) 止盈3% 补满再亏10%止损 拿18根,0.87,1.12,,6915,9070,0,0.79,0.85,,
15m,BOS→OB,空,5笔1:1:2:2:4(2..8) 止盈3% 补满再亏10%止损 拿48根,1.09,1.19,,6246,8036,0,0.85,0.86,,
15m,BOS→OB,空,5笔1:1:2:2:4(2..8) 止盈3% 补满再亏5%止损 拿18根,0.92,1.1,,6915,9070,0,0.79,0.88,,
15m,BOS→OB,空,5笔1:1:2:2:4(2..8) 止盈3% 补满再亏5%止损 拿48根,1.12,1.16,,6246,8036,0,0.86,0.91,,✔
15m,BOS→OB,空,5笔1:1:2:2:4(2..8) 止盈5% 补满再亏10%止损 拿18根,0.84,1.1,,6816,8980,0,0.76,0.84,,
15m,BOS→OB,空,5笔1:1:2:2:4(2..8) 止盈5% 补满再亏10%止损 拿48根,1.0,1.11,,5792,7564,0,0.81,0.87,,
15m,BOS→OB,空,5笔1:1:2:2:4(2..8) 止盈5% 补满再亏5%止损 拿18根,0.89,1.08,,6816,8980,0,0.75,0.88,,
15m,BOS→OB,空,5笔1:1:2:2:4(2..8) 止盈5% 补满再亏5%止损 拿48根,1.04,1.08,,5792,7564,0,0.82,0.92,,
15m,BOS→OB,空,5笔1:1:2:2:4(2..8) 止盈8% 补满再亏10%止损 拿18根,0.81,1.11,,6794,8954,0,0.75,0.83,,
15m,BOS→OB,空,5笔1:1:2:2:4(2..8) 止盈8% 补满再亏10%止损 拿48根,0.98,1.14,,5632,7359,0,0.78,0.85,,
15m,BOS→OB,空,5笔1:1:2:2:4(2..8) 止盈8% 补满再亏5%止损 拿18根,0.86,1.07,,6794,8954,0,0.75,0.88,,
15m,BOS→OB,空,5笔1:1:2:2:4(2..8) 止盈8% 补满再亏5%止损 拿48根,1.02,1.11,,5632,7359,0,0.79,0.9,,
15m,BOS→OB,空,5笔等(2..8) 止盈2% 补满再亏10%止损 拿18根,0.9,1.1,,7026,9212,0,0.8,0.85,,
15m,BOS→OB,空,5笔等(2..8) 止盈2% 补满再亏10%止损 拿48根,1.06,1.14,,6632,8562,0,0.89,0.88,,
15m,BOS→OB,空,5笔等(2..8) 止盈2% 补满再亏5%止损 拿18根,0.93,1.08,,7026,9212,0,0.8,0.86,,
15m,BOS→OB,空,5笔等(2..8) 止盈2% 补满再亏5%止损 拿48根,1.08,1.13,,6632,8562,0,0.9,0.91,,
15m,BOS→OB,空,5笔等(2..8) 止盈3% 补满再亏10%止损 拿18根,0.9,1.09,,6915,9070,0,0.79,0.85,,
15m,BOS→OB,空,5笔等(2..8) 止盈3% 补满再亏10%止损 拿48根,1.06,1.18,,6245,8029,0,0.87,0.88,,
15m,BOS→OB,空,5笔等(2..8) 止盈3% 补满再亏5%止损 拿18根,0.93,1.08,,6915,9070,0,0.79,0.87,,
15m,BOS→OB,空,5笔等(2..8) 止盈3% 补满再亏5%止损 拿48根,1.08,1.16,,6245,8029,0,0.87,0.91,,
15m,BOS→OB,空,5笔等(2..8) 止盈5% 补满再亏10%止损 拿18根,0.88,1.08,,6816,8980,0,0.76,0.83,,
15m,BOS→OB,空,5笔等(2..8) 止盈5% 补满再亏10%止损 拿48根,1.02,1.14,,5789,7561,0,0.81,0.88,,
15m,BOS→OB,空,5笔等(2..8) 止盈5% 补满再亏5%止损 拿18根,0.91,1.07,,6816,8980,0,0.76,0.86,,
15m,BOS→OB,空,5笔等(2..8) 止盈5% 补满再亏5%止损 拿48根,1.04,1.11,,5789,7561,0,0.82,0.92,,
15m,BOS→OB,空,5笔等(2..8) 止盈8% 补满再亏10%止损 拿18根,0.85,1.09,,6794,8954,0,0.76,0.83,,
15m,BOS→OB,空,5笔等(2..8) 止盈8% 补满再亏10%止损 拿48根,0.99,1.13,,5631,7358,0,0.79,0.86,,
15m,BOS→OB,空,5笔等(2..8) 止盈8% 补满再亏5%止损 拿18根,0.88,1.07,,6794,8954,0,0.76,0.85,,
15m,BOS→OB,空,5笔等(2..8) 止盈8% 补满再亏5%止损 拿48根,1.02,1.11,,5631,7358,0,0.8,0.89,,
15m,BOS→OB,空,6笔深(3..18) 止盈2% 补满再亏10%止损 拿18根,0.95,1.11,,7025,9210,0,0.81,0.84,,
15m,BOS→OB,空,6笔深(3..18) 止盈2% 补满再亏10%止损 拿48根,1.13,1.17,,6615,8537,0,0.89,0.86,,✔
15m,BOS→OB,空,6笔深(3..18) 止盈2% 补满再亏5%止损 拿18根,0.93,1.11,,7025,9210,0,0.82,0.84,,
15m,BOS→OB,空,6笔深(3..18) 止盈2% 补满再亏5%止损 拿48根,1.11,1.17,,6615,8537,0,0.9,0.88,,✔
15m,BOS→OB,空,6笔深(3..18) 止盈3% 补满再亏10%止损 拿18根,0.95,1.12,,6914,9067,0,0.8,0.84,,
15m,BOS→OB,空,6笔深(3..18) 止盈3% 补满再亏10%止损 拿48根,1.07,1.18,,6237,8015,0,0.89,0.87,,
15m,BOS→OB,空,6笔深(3..18) 止盈3% 补满再亏5%止损 拿18根,0.92,1.12,,6914,9067,0,0.81,0.84,,
15m,BOS→OB,空,6笔深(3..18) 止盈3% 补满再亏5%止损 拿48根,1.07,1.18,,6237,8015,0,0.9,0.88,,
15m,BOS→OB,空,6笔深(3..18) 止盈5% 补满再亏10%止损 拿18根,0.91,1.09,,6816,8979,0,0.76,0.81,,
15m,BOS→OB,空,6笔深(3..18) 止盈5% 补满再亏10%止损 拿48根,1.05,1.12,,5788,7549,0,0.81,0.87,,
15m,BOS→OB,空,6笔深(3..18) 止盈5% 补满再亏5%止损 拿18根,0.88,1.1,,6816,8979,0,0.77,0.81,,
15m,BOS→OB,空,6笔深(3..18) 止盈5% 补满再亏5%止损 拿48根,1.03,1.12,,5788,7549,0,0.84,0.88,,
15m,BOS→OB,空,6笔深(3..18) 止盈8% 补满再亏10%止损 拿18根,0.89,1.08,,6793,8954,0,0.76,0.81,,
15m,BOS→OB,空,6笔深(3..18) 止盈8% 补满再亏10%止损 拿48根,1.03,1.13,,5628,7354,0,0.8,0.84,,
15m,BOS→OB,空,6笔深(3..18) 止盈8% 补满再亏5%止损 拿18根,0.86,1.09,,6793,8954,0,0.77,0.8,,
15m,BOS→OB,空,6笔深(3..18) 止盈8% 补满再亏5%止损 拿48根,1.02,1.13,,5628,7354,0,0.82,0.86,,
15m,BOS→OB,空,原版（结构止损、盈亏比2）,0.95,0.93,,6504,8546,0,0.87,0.91,,
15m,BOS→OB,多,3笔1:1:1(3/6) 止盈2% 补满再亏10%止损 拿18根,1.01,0.96,,6985,8189,0,0.84,0.8,,
15m,BOS→OB,多,3笔1:1:1(3/6) 止盈2% 补满再亏10%止损 拿48根,1.13,0.97,,6511,7671,0,0.91,0.84,,
15m,BOS→OB,多,3笔1:1:1(3/6) 止盈2% 补满再亏5%止损 拿18根,1.01,0.96,,6985,8189,0,0.84,0.8,,
15m,BOS→OB,多,3笔1:1:1(3/6) 止盈2% 补满再亏5%止损 拿48根,1.09,0.97,,6511,7671,0,0.9,0.84,,
15m,BOS→OB,多,3笔1:1:1(3/6) 止盈3% 补满再亏10%止损 拿18根,0.98,0.98,,6861,8074,0,0.86,0.81,,
15m,BOS→OB,多,3笔1:1:1(3/6) 止盈3% 补满再亏10%止损 拿48根,1.1,1.0,,6113,7264,0,0.95,0.88,,
15m,BOS→OB,多,3笔1:1:1(3/6) 止盈3% 补满再亏5%止损 拿18根,0.99,0.97,,6861,8074,0,0.86,0.8,,
15m,BOS→OB,多,3笔1:1:1(3/6) 止盈3% 补满再亏5%止损 拿48根,1.06,1.01,,6113,7264,0,0.94,0.87,,
15m,BOS→OB,多,3笔1:1:1(3/6) 止盈5% 补满再亏10%止损 拿18根,0.99,1.0,,6773,7977,0,0.87,0.82,,
15m,BOS→OB,多,3笔1:1:1(3/6) 止盈5% 补满再亏10%止损 拿48根,1.11,1.05,,5763,6911,0,0.97,0.91,,
15m,BOS→OB,多,3笔1:1:1(3/6) 止盈5% 补满再亏5%止损 拿18根,0.99,0.99,,6773,7977,0,0.87,0.81,,
15m,BOS→OB,多,3笔1:1:1(3/6) 止盈5% 补满再亏5%止损 拿48根,1.07,1.06,,5763,6911,0,0.96,0.9,,
15m,BOS→OB,多,3笔1:1:1(3/6) 止盈8% 补满再亏10%止损 拿18根,1.0,0.99,,6741,7942,0,0.88,0.82,,
15m,BOS→OB,多,3笔1:1:1(3/6) 止盈8% 补满再亏10%止损 拿48根,1.13,1.04,,5586,6714,0,0.98,0.93,,
15m,BOS→OB,多,3笔1:1:1(3/6) 止盈8% 补满再亏5%止损 拿18根,1.02,0.98,,6741,7942,0,0.89,0.81,,
15m,BOS→OB,多,3笔1:1:1(3/6) 止盈8% 补满再亏5%止损 拿48根,1.08,1.05,,5586,6714,0,0.97,0.92,,
15m,BOS→OB,多,3笔1:1:2(3/6) 止盈2% 补满再亏10%止损 拿18根,1.01,0.96,,6985,8189,0,0.84,0.8,,
15m,BOS→OB,多,3笔1:1:2(3/6) 止盈2% 补满再亏10%止损 拿48根,1.15,0.96,,6513,7671,0,0.91,0.85,,
15m,BOS→OB,多,3笔1:1:2(3/6) 止盈2% 补满再亏5%止损 拿18根,1.01,0.96,,6985,8189,0,0.84,0.81,,
15m,BOS→OB,多,3笔1:1:2(3/6) 止盈2% 补满再亏5%止损 拿48根,1.1,0.97,,6513,7671,0,0.9,0.85,,
15m,BOS→OB,多,3笔1:1:2(3/6) 止盈3% 补满再亏10%止损 拿18根,0.99,0.98,,6861,8074,0,0.86,0.82,,
15m,BOS→OB,多,3笔1:1:2(3/6) 止盈3% 补满再亏10%止损 拿48根,1.13,1.01,,6114,7265,0,0.96,0.88,,
15m,BOS→OB,多,3笔1:1:2(3/6) 止盈3% 补满再亏5%止损 拿18根,1.0,0.98,,6861,8074,0,0.87,0.81,,
15m,BOS→OB,多,3笔1:1:2(3/6) 止盈3% 补满再亏5%止损 拿48根,1.07,1.02,,6114,7265,0,0.95,0.88,,
15m,BOS→OB,多,3笔1:1:2(3/6) 止盈5% 补满再亏10%止损 拿18根,0.99,1.01,,6773,7977,0,0.88,0.83,,
15m,BOS→OB,多,3笔1:1:2(3/6) 止盈5% 补满再亏10%止损 拿48根,1.15,1.04,,5764,6911,0,0.97,0.92,,
15m,BOS→OB,多,3笔1:1:2(3/6) 止盈5% 补满再亏5%止损 拿18根,1.0,1.0,,6773,7977,0,0.88,0.82,,
15m,BOS→OB,多,3笔1:1:2(3/6) 止盈5% 补满再亏5%止损 拿48根,1.09,1.06,,5764,6911,0,0.96,0.91,,
15m,BOS→OB,多,3笔1:1:2(3/6) 止盈8% 补满再亏10%止损 拿18根,1.02,1.01,,6741,7942,0,0.88,0.83,,
15m,BOS→OB,多,3笔1:1:2(3/6) 止盈8% 补满再亏10%止损 拿48根,1.15,1.05,,5587,6715,0,0.99,0.95,,
15m,BOS→OB,多,3笔1:1:2(3/6) 止盈8% 补满再亏5%止损 拿18根,1.03,1.0,,6741,7942,0,0.89,0.83,,
15m,BOS→OB,多,3笔1:1:2(3/6) 止盈8% 补满再亏5%止损 拿48根,1.09,1.07,,5587,6715,0,0.99,0.94,,
15m,BOS→OB,多,5笔1:1:2:2:4(2..8) 止盈2% 补满再亏10%止损 拿18根,1.05,1.02,,6987,8190,0,0.86,0.85,,
15m,BOS→OB,多,5笔1:1:2:2:4(2..8) 止盈2% 补满再亏10%止损 拿48根,1.21,0.94,,6532,7681,0,0.91,0.9,,
15m,BOS→OB,多,5笔1:1:2:2:4(2..8) 止盈2% 补满再亏5%止损 拿18根,1.04,1.02,,6987,8190,0,0.89,0.83,,
15m,BOS→OB,多,5笔1:1:2:2:4(2..8) 止盈2% 补满再亏5%止损 拿48根,1.13,0.97,,6532,7681,0,0.9,0.87,,
15m,BOS→OB,多,5笔1:1:2:2:4(2..8) 止盈3% 补满再亏10%止损 拿18根,1.06,1.07,,6865,8077,0,0.89,0.86,,
15m,BOS→OB,多,5笔1:1:2:2:4(2..8) 止盈3% 补满再亏10%止损 拿48根,1.29,1.0,,6133,7289,0,0.95,0.9,,
15m,BOS→OB,多,5笔1:1:2:2:4(2..8) 止盈3% 补满再亏5%止损 拿18根,1.04,1.06,,6865,8077,0,0.92,0.85,,
15m,BOS→OB,多,5笔1:1:2:2:4(2..8) 止盈3% 补满再亏5%止损 拿48根,1.2,1.03,,6133,7289,0,0.95,0.87,,
15m,BOS→OB,多,5笔1:1:2:2:4(2..8) 止盈5% 补满再亏10%止损 拿18根,1.01,1.11,,6773,7979,0,0.89,0.89,,
15m,BOS→OB,多,5笔1:1:2:2:4(2..8) 止盈5% 补满再亏10%止损 拿48根,1.28,1.1,,5773,6921,0,0.99,0.98,,✔
15m,BOS→OB,多,5笔1:1:2:2:4(2..8) 止盈5% 补满再亏5%止损 拿18根,1.0,1.1,,6773,7979,0,0.92,0.87,,
15m,BOS→OB,多,5笔1:1:2:2:4(2..8) 止盈5% 补满再亏5%止损 拿48根,1.19,1.13,,5773,6921,0,0.98,0.93,,✔
15m,BOS→OB,多,5笔1:1:2:2:4(2..8) 止盈8% 补满再亏10%止损 拿18根,1.04,1.12,,6741,7942,0,0.89,0.91,,
15m,BOS→OB,多,5笔1:1:2:2:4(2..8) 止盈8% 补满再亏10%止损 拿48根,1.28,1.11,,5588,6721,0,1.01,1.0,,✔
15m,BOS→OB,多,5笔1:1:2:2:4(2..8) 止盈8% 补满再亏5%止损 拿18根,1.02,1.1,,6741,7942,0,0.93,0.89,,
15m,BOS→OB,多,5笔1:1:2:2:4(2..8) 止盈8% 补满再亏5%止损 拿48根,1.2,1.13,,5588,6721,0,1.01,0.96,,✔
15m,BOS→OB,多,5笔等(2..8) 止盈2% 补满再亏10%止损 拿18根,1.02,0.99,,6987,8190,0,0.84,0.82,,
15m,BOS→OB,多,5笔等(2..8) 止盈2% 补满再亏10%止损 拿48根,1.15,0.97,,6531,7681,0,0.9,0.89,,
15m,BOS→OB,多,5笔等(2..8) 止盈2% 补满再亏5%止损 拿18根,1.01,0.98,,6987,8190,0,0.85,0.81,,
15m,BOS→OB,多,5笔等(2..8) 止盈2% 补满再亏5%止损 拿48根,1.1,0.98,,6531,7681,0,0.89,0.85,,
15m,BOS→OB,多,5笔等(2..8) 止盈3% 补满再亏10%止损 拿18根,1.02,1.03,,6865,8077,0,0.86,0.83,,
15m,BOS→OB,多,5笔等(2..8) 止盈3% 补满再亏10%止损 拿48根,1.19,1.01,,6129,7284,0,0.95,0.89,,
15m,BOS→OB,多,5笔等(2..8) 止盈3% 补满再亏5%止损 拿18根,1.01,1.02,,6865,8077,0,0.88,0.82,,
15m,BOS→OB,多,5笔等(2..8) 止盈3% 补满再亏5%止损 拿48根,1.13,1.02,,6129,7284,0,0.94,0.87,,
15m,BOS→OB,多,5笔等(2..8) 止盈5% 补满再亏10%止损 拿18根,1.0,1.05,,6773,7979,0,0.86,0.84,,
15m,BOS→OB,多,5笔等(2..8) 止盈5% 补满再亏10%止损 拿48根,1.16,1.07,,5773,6920,0,0.97,0.94,,
15m,BOS→OB,多,5笔等(2..8) 止盈5% 补满再亏5%止损 拿18根,0.99,1.04,,6773,7979,0,0.88,0.83,,
15m,BOS→OB,多,5笔等(2..8) 止盈5% 补满再亏5%止损 拿48根,1.11,1.08,,5773,6920,0,0.96,0.91,,
15m,BOS→OB,多,5笔等(2..8) 止盈8% 补满再亏10%止损 拿18根,1.02,1.04,,6741,7942,0,0.88,0.85,,
15m,BOS→OB,多,5笔等(2..8) 止盈8% 补满再亏10%止损 拿48根,1.18,1.07,,5588,6717,0,0.98,0.96,,
15m,BOS→OB,多,5笔等(2..8) 止盈8% 补满再亏5%止损 拿18根,1.01,1.02,,6741,7942,0,0.9,0.84,,
15m,BOS→OB,多,5笔等(2..8) 止盈8% 补满再亏5%止损 拿48根,1.13,1.08,,5588,6717,0,0.98,0.93,,
15m,BOS→OB,多,6笔深(3..18) 止盈2% 补满再亏10%止损 拿18根,1.04,1.03,,6985,8189,0,0.87,0.8,,
15m,BOS→OB,多,6笔深(3..18) 止盈2% 补满再亏10%止损 拿48根,1.21,0.88,,6513,7671,0,0.91,0.86,,
15m,BOS→OB,多,6笔深(3..18) 止盈2% 补满再亏5%止损 拿18根,1.04,1.03,,6985,8189,0,0.83,0.81,,
15m,BOS→OB,多,6笔深(3..18) 止盈2% 补满再亏5%止损 拿48根,1.21,0.93,,6513,7671,0,0.9,0.87,,
15m,BOS→OB,多,6笔深(3..18) 止盈3% 补满再亏10%止损 拿18根,1.02,1.05,,6861,8074,0,0.86,0.82,,
15m,BOS→OB,多,6笔深(3..18) 止盈3% 补满再亏10%止损 拿48根,1.21,0.92,,6116,7264,0,0.93,0.88,,
15m,BOS→OB,多,6笔深(3..18) 止盈3% 补满再亏5%止损 拿18根,1.03,1.05,,6861,8074,0,0.84,0.83,,
15m,BOS→OB,多,6笔深(3..18) 止盈3% 补满再亏5%止损 拿48根,1.21,0.96,,6116,7264,0,0.92,0.9,,
15m,BOS→OB,多,6笔深(3..18) 止盈5% 补满再亏10%止损 拿18根,1.01,1.08,,6773,7977,0,0.85,0.86,,
15m,BOS→OB,多,6笔深(3..18) 止盈5% 补满再亏10%止损 拿48根,1.19,0.98,,5763,6912,0,0.94,0.93,,
15m,BOS→OB,多,6笔深(3..18) 止盈5% 补满再亏5%止损 拿18根,1.01,1.08,,6773,7977,0,0.84,0.86,,
15m,BOS→OB,多,6笔深(3..18) 止盈5% 补满再亏5%止损 拿48根,1.2,1.03,,5763,6912,0,0.95,0.94,,
15m,BOS→OB,多,6笔深(3..18) 止盈8% 补满再亏10%止损 拿18根,1.05,1.09,,6741,7942,0,0.86,0.86,,
15m,BOS→OB,多,6笔深(3..18) 止盈8% 补满再亏10%止损 拿48根,1.22,0.98,,5586,6714,0,0.96,0.93,,
15m,BOS→OB,多,6笔深(3..18) 止盈8% 补满再亏5%止损 拿18根,1.05,1.09,,6741,7942,0,0.86,0.87,,
15m,BOS→OB,多,6笔深(3..18) 止盈8% 补满再亏5%止损 拿48根,1.23,1.03,,5586,6714,0,0.97,0.96,,
15m,BOS→OB,多,原版（结构止损、盈亏比2）,0.95,0.91,,6456,7706,0,0.91,0.82,,
15m,CHoCH→FVG,空,3笔1:1:1(3/6) 止盈2% 补满再亏10%止损 拿18根,0.79,0.86,,6209,7820,0,0.82,0.86,,
15m,CHoCH→FVG,空,3笔1:1:1(3/6) 止盈2% 补满再亏10%止损 拿48根,0.87,0.86,,5747,7190,0,0.87,0.91,,
15m,CHoCH→FVG,空,3笔1:1:1(3/6) 止盈2% 补满再亏5%止损 拿18根,0.82,0.88,,6209,7820,0,0.82,0.87,,
15m,CHoCH→FVG,空,3笔1:1:1(3/6) 止盈2% 补满再亏5%止损 拿48根,0.9,0.89,,5752,7195,0,0.88,0.93,,
15m,CHoCH→FVG,空,3笔1:1:1(3/6) 止盈3% 补满再亏10%止损 拿18根,0.8,0.84,,6201,7806,0,0.81,0.85,,
15m,CHoCH→FVG,空,3笔1:1:1(3/6) 止盈3% 补满再亏10%止损 拿48根,0.87,0.87,,5601,7021,0,0.87,0.9,,
15m,CHoCH→FVG,空,3笔1:1:1(3/6) 止盈3% 补满再亏5%止损 拿18根,0.83,0.86,,6201,7806,0,0.81,0.86,,
15m,CHoCH→FVG,空,3笔1:1:1(3/6) 止盈3% 补满再亏5%止损 拿48根,0.91,0.89,,5606,7028,0,0.88,0.91,,
15m,CHoCH→FVG,空,3笔1:1:1(3/6) 止盈5% 补满再亏10%止损 拿18根,0.8,0.84,,6185,7795,0,0.78,0.84,,
15m,CHoCH→FVG,空,3笔1:1:1(3/6) 止盈5% 补满再亏10%止损 拿48根,0.84,0.88,,5478,6899,0,0.82,0.89,,
15m,CHoCH→FVG,空,3笔1:1:1(3/6) 止盈5% 补满再亏5%止损 拿18根,0.83,0.86,,6185,7795,0,0.78,0.85,,
15m,CHoCH→FVG,空,3笔1:1:1(3/6) 止盈5% 补满再亏5%止损 拿48根,0.87,0.89,,5483,6905,0,0.83,0.9,,
15m,CHoCH→FVG,空,3笔1:1:1(3/6) 止盈8% 补满再亏10%止损 拿18根,0.78,0.84,,6182,7791,0,0.78,0.83,,
15m,CHoCH→FVG,空,3笔1:1:1(3/6) 止盈8% 补满再亏10%止损 拿48根,0.83,0.87,,5443,6861,0,0.8,0.87,,
15m,CHoCH→FVG,空,3笔1:1:1(3/6) 止盈8% 补满再亏5%止损 拿18根,0.81,0.86,,6182,7791,0,0.78,0.84,,
15m,CHoCH→FVG,空,3笔1:1:1(3/6) 止盈8% 补满再亏5%止损 拿48根,0.86,0.89,,5448,6868,0,0.81,0.88,,
15m,CHoCH→FVG,空,3笔1:1:2(3/6) 止盈2% 补满再亏10%止损 拿18根,0.78,0.86,,6209,7820,0,0.81,0.85,,
15m,CHoCH→FVG,空,3笔1:1:2(3/6) 止盈2% 补满再亏10%止损 拿48根,0.86,0.87,,5752,7198,0,0.86,0.9,,
15m,CHoCH→FVG,空,3笔1:1:2(3/6) 止盈2% 补满再亏5%止损 拿18根,0.82,0.89,,6209,7820,0,0.81,0.87,,
15m,CHoCH→FVG,空,3笔1:1:2(3/6) 止盈2% 补满再亏5%止损 拿48根,0.9,0.91,,5757,7201,0,0.88,0.92,,
15m,CHoCH→FVG,空,3笔1:1:2(3/6) 止盈3% 补满再亏10%止损 拿18根,0.79,0.83,,6201,7806,0,0.8,0.85,,
15m,CHoCH→FVG,空,3笔1:1:2(3/6) 止盈3% 补满再亏10%止损 拿48根,0.87,0.87,,5605,7023,0,0.87,0.89,,
15m,CHoCH→FVG,空,3笔1:1:2(3/6) 止盈3% 补满再亏5%止损 拿18根,0.83,0.86,,6201,7806,0,0.8,0.86,,
15m,CHoCH→FVG,空,3笔1:1:2(3/6) 止盈3% 补满再亏5%止损 拿48根,0.91,0.9,,5610,7029,0,0.87,0.92,,
15m,CHoCH→FVG,空,3笔1:1:2(3/6) 止盈5% 补满再亏10%止损 拿18根,0.79,0.84,,6185,7796,0,0.77,0.84,,
15m,CHoCH→FVG,空,3笔1:1:2(3/6) 止盈5% 补满再亏10%止损 拿48根,0.84,0.87,,5479,6904,0,0.81,0.89,,
15m,CHoCH→FVG,空,3笔1:1:2(3/6) 止盈5% 补满再亏5%止损 拿18根,0.83,0.86,,6185,7796,0,0.78,0.86,,
15m,CHoCH→FVG,空,3笔1:1:2(3/6) 止盈5% 补满再亏5%止损 拿48根,0.87,0.89,,5484,6910,0,0.82,0.9,,
15m,CHoCH→FVG,空,3笔1:1:2(3/6) 止盈8% 补满再亏10%止损 拿18根,0.77,0.83,,6182,7791,0,0.77,0.83,,
15m,CHoCH→FVG,空,3笔1:1:2(3/6) 止盈8% 补满再亏10%止损 拿48根,0.82,0.87,,5443,6861,0,0.8,0.86,,
15m,CHoCH→FVG,空,3笔1:1:2(3/6) 止盈8% 补满再亏5%止损 拿18根,0.81,0.86,,6182,7791,0,0.78,0.85,,
15m,CHoCH→FVG,空,3笔1:1:2(3/6) 止盈8% 补满再亏5%止损 拿48根,0.85,0.89,,5448,6868,0,0.8,0.88,,
15m,CHoCH→FVG,空,5笔1:1:2:2:4(2..8) 止盈2% 补满再亏10%止损 拿18根,0.74,0.83,,6210,7823,0,0.81,0.85,,
15m,CHoCH→FVG,空,5笔1:1:2:2:4(2..8) 止盈2% 补满再亏10%止损 拿48根,0.82,0.82,,5786,7243,0,0.9,0.85,,
15m,CHoCH→FVG,空,5笔1:1:2:2:4(2..8) 止盈2% 补满再亏5%止损 拿18根,0.77,0.83,,6210,7823,0,0.81,0.88,,
15m,CHoCH→FVG,空,5笔1:1:2:2:4(2..8) 止盈2% 补满再亏5%止损 拿48根,0.83,0.87,,5789,7244,0,0.9,0.89,,
15m,CHoCH→FVG,空,5笔1:1:2:2:4(2..8) 止盈3% 补满再亏10%止损 拿18根,0.71,0.81,,6201,7806,0,0.79,0.85,,
15m,CHoCH→FVG,空,5笔1:1:2:2:4(2..8) 止盈3% 补满再亏10%止损 拿48根,0.82,0.83,,5641,7051,0,0.85,0.86,,
15m,CHoCH→FVG,空,5笔1:1:2:2:4(2..8) 止盈3% 补满再亏5%止损 拿18根,0.74,0.81,,6201,7806,0,0.79,0.88,,
15m,CHoCH→FVG,空,5笔1:1:2:2:4(2..8) 止盈3% 补满再亏5%止损 拿48根,0.85,0.86,,5645,7055,0,0.86,0.91,,
15m,CHoCH→FVG,空,5笔1:1:2:2:4(2..8) 止盈5% 补满再亏10%止损 拿18根,0.72,0.81,,6186,7797,0,0.76,0.84,,
15m,CHoCH→FVG,空,5笔1:1:2:2:4(2..8) 止盈5% 补满再亏10%止损 拿48根,0.79,0.86,,5495,6918,0,0.81,0.87,,
15m,CHoCH→FVG,空,5笔1:1:2:2:4(2..8) 止盈5% 补满再亏5%止损 拿18根,0.75,0.8,,6186,7797,0,0.75,0.88,,
15m,CHoCH→FVG,空,5笔1:1:2:2:4(2..8) 止盈5% 补满再亏5%止损 拿48根,0.82,0.88,,5499,6922,0,0.82,0.92,,
15m,CHoCH→FVG,空,5笔1:1:2:2:4(2..8) 止盈8% 补满再亏10%止损 拿18根,0.7,0.81,,6182,7791,0,0.75,0.83,,
15m,CHoCH→FVG,空,5笔1:1:2:2:4(2..8) 止盈8% 补满再亏10%止损 拿48根,0.76,0.86,,5445,6864,0,0.78,0.85,,
15m,CHoCH→FVG,空,5笔1:1:2:2:4(2..8) 止盈8% 补满再亏5%止损 拿18根,0.72,0.8,,6182,7791,0,0.75,0.88,,
15m,CHoCH→FVG,空,5笔1:1:2:2:4(2..8) 止盈8% 补满再亏5%止损 拿48根,0.79,0.88,,5449,6868,0,0.79,0.9,,
15m,CHoCH→FVG,空,5笔等(2..8) 止盈2% 补满再亏10%止损 拿18根,0.76,0.83,,6210,7823,0,0.8,0.85,,
15m,CHoCH→FVG,空,5笔等(2..8) 止盈2% 补满再亏10%止损 拿48根,0.84,0.85,,5775,7226,0,0.89,0.88,,
15m,CHoCH→FVG,空,5笔等(2..8) 止盈2% 补满再亏5%止损 拿18根,0.77,0.82,,6210,7823,0,0.8,0.86,,
15m,CHoCH→FVG,空,5笔等(2..8) 止盈2% 补满再亏5%止损 拿48根,0.86,0.87,,5779,7229,0,0.9,0.91,,
15m,CHoCH→FVG,空,5笔等(2..8) 止盈3% 补满再亏10%止损 拿18根,0.77,0.83,,6201,7806,0,0.79,0.85,,
15m,CHoCH→FVG,空,5笔等(2..8) 止盈3% 补满再亏10%止损 拿48根,0.85,0.85,,5630,7038,0,0.87,0.88,,
15m,CHoCH→FVG,空,5笔等(2..8) 止盈3% 补满再亏5%止损 拿18根,0.78,0.83,,6201,7806,0,0.79,0.87,,
15m,CHoCH→FVG,空,5笔等(2..8) 止盈3% 补满再亏5%止损 拿48根,0.87,0.87,,5634,7042,0,0.87,0.91,,
15m,CHoCH→FVG,空,5笔等(2..8) 止盈5% 补满再亏10%止损 拿18根,0.77,0.82,,6186,7797,0,0.76,0.83,,
15m,CHoCH→FVG,空,5笔等(2..8) 止盈5% 补满再亏10%止损 拿48根,0.82,0.87,,5489,6912,0,0.81,0.88,,
15m,CHoCH→FVG,空,5笔等(2..8) 止盈5% 补满再亏5%止损 拿18根,0.78,0.82,,6186,7797,0,0.76,0.86,,
15m,CHoCH→FVG,空,5笔等(2..8) 止盈5% 补满再亏5%止损 拿48根,0.84,0.88,,5493,6917,0,0.82,0.92,,
15m,CHoCH→FVG,空,5笔等(2..8) 止盈8% 补满再亏10%止损 拿18根,0.75,0.82,,6182,7791,0,0.76,0.83,,
15m,CHoCH→FVG,空,5笔等(2..8) 止盈8% 补满再亏10%止损 拿48根,0.8,0.86,,5443,6862,0,0.79,0.86,,
15m,CHoCH→FVG,空,5笔等(2..8) 止盈8% 补满再亏5%止损 拿18根,0.76,0.81,,6182,7791,0,0.76,0.85,,
15m,CHoCH→FVG,空,5笔等(2..8) 止盈8% 补满再亏5%止损 拿48根,0.82,0.87,,5447,6866,0,0.8,0.89,,
15m,CHoCH→FVG,空,6笔深(3..18) 止盈2% 补满再亏10%止损 拿18根,0.75,0.83,,6209,7820,0,0.81,0.84,,
15m,CHoCH→FVG,空,6笔深(3..18) 止盈2% 补满再亏10%止损 拿48根,0.88,0.85,,5750,7196,0,0.89,0.86,,
15m,CHoCH→FVG,空,6笔深(3..18) 止盈2% 补满再亏5%止损 拿18根,0.75,0.85,,6209,7820,0,0.82,0.84,,
15m,CHoCH→FVG,空,6笔深(3..18) 止盈2% 补满再亏5%止损 拿48根,0.88,0.89,,5751,7196,0,0.9,0.88,,
15m,CHoCH→FVG,空,6笔深(3..18) 止盈3% 补满再亏10%止损 拿18根,0.75,0.82,,6201,7806,0,0.8,0.84,,
15m,CHoCH→FVG,空,6笔深(3..18) 止盈3% 补满再亏10%止损 拿48根,0.87,0.88,,5603,7025,0,0.89,0.87,,
15m,CHoCH→FVG,空,6笔深(3..18) 止盈3% 补满再亏5%止损 拿18根,0.76,0.84,,6201,7806,0,0.81,0.84,,
15m,CHoCH→FVG,空,6笔深(3..18) 止盈3% 补满再亏5%止损 拿48根,0.86,0.92,,5604,7025,0,0.9,0.88,,
15m,CHoCH→FVG,空,6笔深(3..18) 止盈5% 补满再亏10%止损 拿18根,0.76,0.83,,6185,7795,0,0.76,0.81,,
15m,CHoCH→FVG,空,6笔深(3..18) 止盈5% 补满再亏10%止损 拿48根,0.82,0.9,,5479,6900,0,0.81,0.87,,
15m,CHoCH→FVG,空,6笔深(3..18) 止盈5% 补满再亏5%止损 拿18根,0.77,0.85,,6185,7795,0,0.77,0.81,,
15m,CHoCH→FVG,空,6笔深(3..18) 止盈5% 补满再亏5%止损 拿48根,0.83,0.91,,5480,6900,0,0.84,0.88,,
15m,CHoCH→FVG,空,6笔深(3..18) 止盈8% 补满再亏10%止损 拿18根,0.74,0.82,,6182,7791,0,0.76,0.81,,
15m,CHoCH→FVG,空,6笔深(3..18) 止盈8% 补满再亏10%止损 拿48根,0.81,0.89,,5442,6859,0,0.8,0.84,,
15m,CHoCH→FVG,空,6笔深(3..18) 止盈8% 补满再亏5%止损 拿18根,0.74,0.83,,6182,7791,0,0.77,0.8,,
15m,CHoCH→FVG,空,6笔深(3..18) 止盈8% 补满再亏5%止损 拿48根,0.8,0.91,,5443,6859,0,0.82,0.86,,
15m,CHoCH→FVG,空,原版（结构止损、盈亏比2）,0.92,0.95,,6001,7515,0,0.87,0.91,,
15m,CHoCH→FVG,多,3笔1:1:1(3/6) 止盈2% 补满再亏10%止损 拿18根,0.99,0.98,,6192,7686,0,0.84,0.8,,
15m,CHoCH→FVG,多,3笔1:1:1(3/6) 止盈2% 补满再亏10%止损 拿48根,0.97,0.93,,5759,7078,0,0.91,0.84,,
15m,CHoCH→FVG,多,3笔1:1:1(3/6) 止盈2% 补满再亏5%止损 拿18根,0.98,0.97,,6192,7686,0,0.84,0.8,,
15m,CHoCH→FVG,多,3笔1:1:1(3/6) 止盈2% 补满再亏5%止损 拿48根,0.93,0.94,,5761,7081,0,0.9,0.84,,
15m,CHoCH→FVG,多,3笔1:1:1(3/6) 止盈3% 补满再亏10%止损 拿18根,0.99,1.02,,6169,7665,0,0.86,0.81,,
15m,CHoCH→FVG,多,3笔1:1:1(3/6) 止盈3% 补满再亏10%止损 拿48根,0.97,0.97,,5633,6897,0,0.95,0.88,,
15m,CHoCH→FVG,多,3笔1:1:1(3/6) 止盈3% 补满再亏5%止损 拿18根,0.99,1.02,,6169,7665,0,0.86,0.8,,
15m,CHoCH→FVG,多,3笔1:1:1(3/6) 止盈3% 补满再亏5%止损 拿48根,0.94,0.98,,5636,6900,0,0.94,0.87,,
15m,CHoCH→FVG,多,3笔1:1:1(3/6) 止盈5% 补满再亏10%止损 拿18根,1.0,1.01,,6153,7655,0,0.87,0.82,,
15m,CHoCH→FVG,多,3笔1:1:1(3/6) 止盈5% 补满再亏10%止损 拿48根,1.0,0.95,,5506,6810,0,0.97,0.91,,
15m,CHoCH→FVG,多,3笔1:1:1(3/6) 止盈5% 补满再亏5%止损 拿18根,1.0,1.0,,6153,7655,0,0.87,0.81,,
15m,CHoCH→FVG,多,3笔1:1:1(3/6) 止盈5% 补满再亏5%止损 拿48根,0.96,0.96,,5510,6813,0,0.96,0.9,,
15m,CHoCH→FVG,多,3笔1:1:1(3/6) 止盈8% 补满再亏10%止损 拿18根,1.03,1.01,,6152,7650,0,0.88,0.82,,
15m,CHoCH→FVG,多,3笔1:1:1(3/6) 止盈8% 补满再亏10%止损 拿48根,1.04,0.94,,5466,6773,0,0.98,0.93,,
15m,CHoCH→FVG,多,3笔1:1:1(3/6) 止盈8% 补满再亏5%止损 拿18根,1.02,1.0,,6152,7650,0,0.89,0.81,,
15m,CHoCH→FVG,多,3笔1:1:1(3/6) 止盈8% 补满再亏5%止损 拿48根,1.0,0.95,,5470,6776,0,0.97,0.92,,
15m,CHoCH→FVG,多,3笔1:1:2(3/6) 止盈2% 补满再亏10%止损 拿18根,1.0,0.99,,6192,7686,0,0.84,0.8,,
15m,CHoCH→FVG,多,3笔1:1:2(3/6) 止盈2% 补满再亏10%止损 拿48根,0.97,0.93,,5762,7082,0,0.91,0.85,,
15m,CHoCH→FVG,多,3笔1:1:2(3/6) 止盈2% 补满再亏5%止损 拿18根,1.0,0.98,,6192,7686,0,0.84,0.81,,
15m,CHoCH→FVG,多,3笔1:1:2(3/6) 止盈2% 补满再亏5%止损 拿48根,0.94,0.95,,5764,7085,0,0.9,0.85,,
15m,CHoCH→FVG,多,3笔1:1:2(3/6) 止盈3% 补满再亏10%止损 拿18根,1.0,1.04,,6169,7665,0,0.86,0.82,,
15m,CHoCH→FVG,多,3笔1:1:2(3/6) 止盈3% 补满再亏10%止损 拿48根,0.97,0.99,,5637,6902,0,0.96,0.88,,
15m,CHoCH→FVG,多,3笔1:1:2(3/6) 止盈3% 补满再亏5%止损 拿18根,0.99,1.03,,6169,7665,0,0.87,0.81,,
15m,CHoCH→FVG,多,3笔1:1:2(3/6) 止盈3% 补满再亏5%止损 拿48根,0.93,1.0,,5640,6905,0,0.95,0.88,,
15m,CHoCH→FVG,多,3笔1:1:2(3/6) 止盈5% 补满再亏10%止损 拿18根,1.01,1.02,,6153,7655,0,0.88,0.83,,
15m,CHoCH→FVG,多,3笔1:1:2(3/6) 止盈5% 补满再亏10%止损 拿48根,1.01,0.95,,5509,6812,0,0.97,0.92,,
15m,CHoCH→FVG,多,3笔1:1:2(3/6) 止盈5% 补满再亏5%止损 拿18根,1.0,1.01,,6153,7655,0,0.88,0.82,,
15m,CHoCH→FVG,多,3笔1:1:2(3/6) 止盈5% 补满再亏5%止损 拿48根,0.96,0.96,,5512,6815,0,0.96,0.91,,
15m,CHoCH→FVG,多,3笔1:1:2(3/6) 止盈8% 补满再亏10%止损 拿18根,1.04,1.03,,6152,7650,0,0.88,0.83,,
15m,CHoCH→FVG,多,3笔1:1:2(3/6) 止盈8% 补满再亏10%止损 拿48根,1.05,0.94,,5466,6773,0,0.99,0.95,,
15m,CHoCH→FVG,多,3笔1:1:2(3/6) 止盈8% 补满再亏5%止损 拿18根,1.02,1.02,,6152,7650,0,0.89,0.83,,
15m,CHoCH→FVG,多,3笔1:1:2(3/6) 止盈8% 补满再亏5%止损 拿48根,0.99,0.95,,5470,6776,0,0.99,0.94,,
15m,CHoCH→FVG,多,5笔1:1:2:2:4(2..8) 止盈2% 补满再亏10%止损 拿18根,1.05,1.07,,6196,7690,0,0.86,0.85,,
15m,CHoCH→FVG,多,5笔1:1:2:2:4(2..8) 止盈2% 补满再亏10%止损 拿48根,0.97,0.95,,5805,7135,0,0.91,0.9,,
15m,CHoCH→FVG,多,5笔1:1:2:2:4(2..8) 止盈2% 补满再亏5%止损 拿18根,1.04,1.05,,6196,7690,0,0.89,0.83,,
15m,CHoCH→FVG,多,5笔1:1:2:2:4(2..8) 止盈2% 补满再亏5%止损 拿48根,0.92,0.97,,5807,7136,0,0.9,0.87,,
15m,CHoCH→FVG,多,5笔1:1:2:2:4(2..8) 止盈3% 补满再亏10%止损 拿18根,1.04,1.12,,6174,7666,0,0.89,0.86,,
15m,CHoCH→FVG,多,5笔1:1:2:2:4(2..8) 止盈3% 补满再亏10%止损 拿48根,1.0,1.0,,5671,6940,0,0.95,0.9,,
15m,CHoCH→FVG,多,5笔1:1:2:2:4(2..8) 止盈3% 补满再亏5%止损 拿18根,1.02,1.1,,6174,7666,0,0.92,0.85,,
15m,CHoCH→FVG,多,5笔1:1:2:2:4(2..8) 止盈3% 补满再亏5%止损 拿48根,0.93,1.03,,5674,6941,0,0.95,0.87,,
15m,CHoCH→FVG,多,5笔1:1:2:2:4(2..8) 止盈5% 补满再亏10%止损 拿18根,1.06,1.12,,6154,7657,0,0.89,0.89,,
15m,CHoCH→FVG,多,5笔1:1:2:2:4(2..8) 止盈5% 补满再亏10%止损 拿48根,1.05,0.98,,5523,6825,0,0.99,0.98,,
15m,CHoCH→FVG,多,5笔1:1:2:2:4(2..8) 止盈5% 补满再亏5%止损 拿18根,1.04,1.1,,6154,7657,0,0.92,0.87,,
15m,CHoCH→FVG,多,5笔1:1:2:2:4(2..8) 止盈5% 补满再亏5%止损 拿48根,0.98,1.0,,5526,6827,0,0.98,0.93,,
15m,CHoCH→FVG,多,5笔1:1:2:2:4(2..8) 止盈8% 补满再亏10%止损 拿18根,1.1,1.13,,6151,7650,0,0.89,0.91,,
15m,CHoCH→FVG,多,5笔1:1:2:2:4(2..8) 止盈8% 补满再亏10%止损 拿48根,1.11,0.93,,5470,6772,0,1.01,1.0,,
15m,CHoCH→FVG,多,5笔1:1:2:2:4(2..8) 止盈8% 补满再亏5%止损 拿18根,1.06,1.11,,6151,7650,0,0.93,0.89,,
15m,CHoCH→FVG,多,5笔1:1:2:2:4(2..8) 止盈8% 补满再亏5%止损 拿48根,1.04,0.94,,5474,6774,0,1.01,0.96,,
15m,CHoCH→FVG,多,5笔等(2..8) 止盈2% 补满再亏10%止损 拿18根,1.0,1.02,,6196,7690,0,0.84,0.82,,
15m,CHoCH→FVG,多,5笔等(2..8) 止盈2% 补满再亏10%止损 拿48根,0.96,0.95,,5796,7123,0,0.9,0.89,,
15m,CHoCH→FVG,多,5笔等(2..8) 止盈2% 补满再亏5%止损 拿18根,1.0,1.01,,6196,7690,0,0.85,0.81,,
15m,CHoCH→FVG,多,5笔等(2..8) 止盈2% 补满再亏5%止损 拿48根,0.91,0.96,,5798,7124,0,0.89,0.85,,
15m,CHoCH→FVG,多,5笔等(2..8) 止盈3% 补满再亏10%止损 拿18根,1.0,1.06,,6174,7666,0,0.86,0.83,,
15m,CHoCH→FVG,多,5笔等(2..8) 止盈3% 补满再亏10%止损 拿48根,0.96,0.99,,5662,6931,0,0.95,0.89,,
15m,CHoCH→FVG,多,5笔等(2..8) 止盈3% 补满再亏5%止损 拿18根,0.99,1.05,,6174,7666,0,0.88,0.82,,
15m,CHoCH→FVG,多,5笔等(2..8) 止盈3% 补满再亏5%止损 拿48根,0.91,1.0,,5665,6933,0,0.94,0.87,,
15m,CHoCH→FVG,多,5笔等(2..8) 止盈5% 补满再亏10%止损 拿18根,1.03,1.04,,6153,7656,0,0.86,0.84,,
15m,CHoCH→FVG,多,5笔等(2..8) 止盈5% 补满再亏10%止损 拿48根,1.01,0.96,,5516,6820,0,0.97,0.94,,
15m,CHoCH→FVG,多,5笔等(2..8) 止盈5% 补满再亏5%止损 拿18根,1.02,1.03,,6153,7656,0,0.88,0.83,,
15m,CHoCH→FVG,多,5笔等(2..8) 止盈5% 补满再亏5%止损 拿48根,0.97,0.97,,5519,6822,0,0.96,0.91,,
15m,CHoCH→FVG,多,5笔等(2..8) 止盈8% 补满再亏10%止损 拿18根,1.05,1.05,,6151,7650,0,0.88,0.85,,
15m,CHoCH→FVG,多,5笔等(2..8) 止盈8% 补满再亏10%止损 拿48根,1.06,0.93,,5469,6772,0,0.98,0.96,,
15m,CHoCH→FVG,多,5笔等(2..8) 止盈8% 补满再亏5%止损 拿18根,1.02,1.04,,6151,7650,0,0.9,0.84,,
15m,CHoCH→FVG,多,5笔等(2..8) 止盈8% 补满再亏5%止损 拿48根,1.02,0.94,,5473,6774,0,0.98,0.93,,
15m,CHoCH→FVG,多,6笔深(3..18) 止盈2% 补满再亏10%止损 拿18根,1.0,1.02,,6192,7686,0,0.87,0.8,,
15m,CHoCH→FVG,多,6笔深(3..18) 止盈2% 补满再亏10%止损 拿48根,1.03,0.88,,5760,7081,0,0.91,0.86,,
15m,CHoCH→FVG,多,6笔深(3..18) 止盈2% 补满再亏5%止损 拿18根,1.0,1.02,,6192,7686,0,0.83,0.81,,
15m,CHoCH→FVG,多,6笔深(3..18) 止盈2% 补满再亏5%止损 拿48根,1.01,0.9,,5760,7081,0,0.9,0.87,,
15m,CHoCH→FVG,多,6笔深(3..18) 止盈3% 补满再亏10%止损 拿18根,1.01,1.07,,6169,7665,0,0.86,0.82,,
15m,CHoCH→FVG,多,6笔深(3..18) 止盈3% 补满再亏10%止损 拿48根,1.07,0.93,,5634,6899,0,0.93,0.88,,
15m,CHoCH→FVG,多,6笔深(3..18) 止盈3% 补满再亏5%止损 拿18根,1.01,1.07,,6169,7665,0,0.84,0.83,,
15m,CHoCH→FVG,多,6笔深(3..18) 止盈3% 补满再亏5%止损 拿48根,1.05,0.95,,5634,6899,0,0.92,0.9,,
15m,CHoCH→FVG,多,6笔深(3..18) 止盈5% 补满再亏10%止损 拿18根,1.02,1.07,,6153,7655,0,0.85,0.86,,
15m,CHoCH→FVG,多,6笔深(3..18) 止盈5% 补满再亏10%止损 拿48根,1.12,0.93,,5508,6811,0,0.94,0.93,,
15m,CHoCH→FVG,多,6笔深(3..18) 止盈5% 补满再亏5%止损 拿18根,1.02,1.07,,6153,7655,0,0.84,0.86,,
15m,CHoCH→FVG,多,6笔深(3..18) 止盈5% 补满再亏5%止损 拿48根,1.09,0.96,,5508,6811,0,0.95,0.94,,
15m,CHoCH→FVG,多,6笔深(3..18) 止盈8% 补满再亏10%止损 拿18根,1.06,1.07,,6152,7650,0,0.86,0.86,,
15m,CHoCH→FVG,多,6笔深(3..18) 止盈8% 补满再亏10%止损 拿48根,1.17,0.91,,5467,6773,0,0.96,0.93,,
15m,CHoCH→FVG,多,6笔深(3..18) 止盈8% 补满再亏5%止损 拿18根,1.06,1.07,,6152,7650,0,0.86,0.87,,
15m,CHoCH→FVG,多,6笔深(3..18) 止盈8% 补满再亏5%止损 拿48根,1.15,0.93,,5467,6773,0,0.97,0.96,,
15m,CHoCH→FVG,多,原版（结构止损、盈亏比2）,0.94,0.91,,5968,7411,0,0.91,0.82,,
15m,CHoCH→OB,空,3笔1:1:1(3/6) 止盈2% 补满再亏10%止损 拿18根,0.77,0.86,,6939,8749,0,0.82,0.86,,
15m,CHoCH→OB,空,3笔1:1:1(3/6) 止盈2% 补满再亏10%止损 拿48根,0.83,0.86,,6273,7894,0,0.87,0.91,,
15m,CHoCH→OB,空,3笔1:1:1(3/6) 止盈2% 补满再亏5%止损 拿18根,0.79,0.88,,6939,8749,0,0.82,0.87,,
15m,CHoCH→OB,空,3笔1:1:1(3/6) 止盈2% 补满再亏5%止损 拿48根,0.86,0.89,,6279,7897,0,0.88,0.93,,
15m,CHoCH→OB,空,3笔1:1:1(3/6) 止盈3% 补满再亏10%止损 拿18根,0.77,0.85,,6916,8728,0,0.81,0.85,,
15m,CHoCH→OB,空,3笔1:1:1(3/6) 止盈3% 补满再亏10%止损 拿48根,0.84,0.88,,6101,7690,0,0.87,0.9,,
15m,CHoCH→OB,空,3笔1:1:1(3/6) 止盈3% 补满再亏5%止损 拿18根,0.79,0.87,,6916,8728,0,0.81,0.86,,
15m,CHoCH→OB,空,3笔1:1:1(3/6) 止盈3% 补满再亏5%止损 拿48根,0.86,0.91,,6107,7695,0,0.88,0.91,,
15m,CHoCH→OB,空,3笔1:1:1(3/6) 止盈5% 补满再亏10%止损 拿18根,0.75,0.85,,6895,8714,0,0.78,0.84,,
15m,CHoCH→OB,空,3笔1:1:1(3/6) 止盈5% 补满再亏10%止损 拿48根,0.81,0.87,,5962,7541,0,0.82,0.89,,
15m,CHoCH→OB,空,3笔1:1:1(3/6) 止盈5% 补满再亏5%止损 拿18根,0.77,0.87,,6895,8714,0,0.78,0.85,,
15m,CHoCH→OB,空,3笔1:1:1(3/6) 止盈5% 补满再亏5%止损 拿48根,0.83,0.89,,5968,7549,0,0.83,0.9,,
15m,CHoCH→OB,空,3笔1:1:1(3/6) 止盈8% 补满再亏10%止损 拿18根,0.73,0.85,,6891,8711,0,0.78,0.83,,
15m,CHoCH→OB,空,3笔1:1:1(3/6) 止盈8% 补满再亏10%止损 拿48根,0.79,0.86,,5920,7496,0,0.8,0.87,,
15m,CHoCH→OB,空,3笔1:1:1(3/6) 止盈8% 补满再亏5%止损 拿18根,0.75,0.86,,6891,8711,0,0.78,0.84,,
15m,CHoCH→OB,空,3笔1:1:1(3/6) 止盈8% 补满再亏5%止损 拿48根,0.8,0.88,,5925,7504,0,0.81,0.88,,
15m,CHoCH→OB,空,3笔1:1:2(3/6) 止盈2% 补满再亏10%止损 拿18根,0.77,0.84,,6939,8749,0,0.81,0.85,,
15m,CHoCH→OB,空,3笔1:1:2(3/6) 止盈2% 补满再亏10%止损 拿48根,0.82,0.84,,6278,7899,0,0.86,0.9,,
15m,CHoCH→OB,空,3笔1:1:2(3/6) 止盈2% 补满再亏5%止损 拿18根,0.8,0.87,,6939,8749,0,0.81,0.87,,
15m,CHoCH→OB,空,3笔1:1:2(3/6) 止盈2% 补满再亏5%止损 拿48根,0.85,0.88,,6284,7902,0,0.88,0.92,,
15m,CHoCH→OB,空,3笔1:1:2(3/6) 止盈3% 补满再亏10%止损 拿18根,0.76,0.84,,6916,8728,0,0.8,0.85,,
15m,CHoCH→OB,空,3笔1:1:2(3/6) 止盈3% 补满再亏10%止损 拿48根,0.83,0.86,,6106,7693,0,0.87,0.89,,
15m,CHoCH→OB,空,3笔1:1:2(3/6) 止盈3% 补满再亏5%止损 拿18根,0.79,0.86,,6916,8728,0,0.8,0.86,,
15m,CHoCH→OB,空,3笔1:1:2(3/6) 止盈3% 补满再亏5%止损 拿48根,0.86,0.9,,6112,7698,0,0.87,0.92,,
15m,CHoCH→OB,空,3笔1:1:2(3/6) 止盈5% 补满再亏10%止损 拿18根,0.75,0.84,,6895,8714,0,0.77,0.84,,
15m,CHoCH→OB,空,3笔1:1:2(3/6) 止盈5% 补满再亏10%止损 拿48根,0.8,0.87,,5963,7545,0,0.81,0.89,,
15m,CHoCH→OB,空,3笔1:1:2(3/6) 止盈5% 补满再亏5%止损 拿18根,0.77,0.86,,6895,8714,0,0.78,0.86,,
15m,CHoCH→OB,空,3笔1:1:2(3/6) 止盈5% 补满再亏5%止损 拿48根,0.83,0.89,,5969,7553,0,0.82,0.9,,
15m,CHoCH→OB,空,3笔1:1:2(3/6) 止盈8% 补满再亏10%止损 拿18根,0.72,0.84,,6891,8711,0,0.77,0.83,,
15m,CHoCH→OB,空,3笔1:1:2(3/6) 止盈8% 补满再亏10%止损 拿48根,0.78,0.86,,5921,7497,0,0.8,0.86,,
15m,CHoCH→OB,空,3笔1:1:2(3/6) 止盈8% 补满再亏5%止损 拿18根,0.76,0.86,,6891,8711,0,0.78,0.85,,
15m,CHoCH→OB,空,3笔1:1:2(3/6) 止盈8% 补满再亏5%止损 拿48根,0.8,0.88,,5926,7505,0,0.8,0.88,,
15m,CHoCH→OB,空,5笔1:1:2:2:4(2..8) 止盈2% 补满再亏10%止损 拿18根,0.73,0.82,,6944,8752,0,0.81,0.85,,
15m,CHoCH→OB,空,5笔1:1:2:2:4(2..8) 止盈2% 补满再亏10%止损 拿48根,0.81,0.82,,6330,7941,0,0.9,0.85,,
15m,CHoCH→OB,空,5笔1:1:2:2:4(2..8) 止盈2% 补满再亏5%止损 拿18根,0.76,0.82,,6944,8752,0,0.81,0.88,,
15m,CHoCH→OB,空,5笔1:1:2:2:4(2..8) 止盈2% 补满再亏5%止损 拿48根,0.82,0.85,,6331,7945,0,0.9,0.89,,
15m,CHoCH→OB,空,5笔1:1:2:2:4(2..8) 止盈3% 补满再亏10%止损 拿18根,0.73,0.83,,6916,8731,0,0.79,0.85,,
15m,CHoCH→OB,空,5笔1:1:2:2:4(2..8) 止盈3% 补满再亏10%止损 拿48根,0.84,0.86,,6129,7726,0,0.85,0.86,,
15m,CHoCH→OB,空,5笔1:1:2:2:4(2..8) 止盈3% 补满再亏5%止损 拿18根,0.76,0.82,,6916,8731,0,0.79,0.88,,
15m,CHoCH→OB,空,5笔1:1:2:2:4(2..8) 止盈3% 补满再亏5%止损 拿48根,0.85,0.87,,6131,7733,0,0.86,0.91,,
15m,CHoCH→OB,空,5笔1:1:2:2:4(2..8) 止盈5% 补满再亏10%止损 拿18根,0.7,0.82,,6897,8714,0,0.76,0.84,,
15m,CHoCH→OB,空,5笔1:1:2:2:4(2..8) 止盈5% 补满再亏10%止损 拿48根,0.79,0.87,,5968,7549,0,0.81,0.87,,
15m,CHoCH→OB,空,5笔1:1:2:2:4(2..8) 止盈5% 补满再亏5%止损 拿18根,0.74,0.82,,6897,8714,0,0.75,0.88,,
15m,CHoCH→OB,空,5笔1:1:2:2:4(2..8) 止盈5% 补满再亏5%止损 拿48根,0.82,0.9,,5970,7558,0,0.82,0.92,,
15m,CHoCH→OB,空,5笔1:1:2:2:4(2..8) 止盈8% 补满再亏10%止损 拿18根,0.68,0.82,,6891,8711,0,0.75,0.83,,
15m,CHoCH→OB,空,5笔1:1:2:2:4(2..8) 止盈8% 补满再亏10%止损 拿48根,0.76,0.86,,5922,7495,0,0.78,0.85,,
15m,CHoCH→OB,空,5笔1:1:2:2:4(2..8) 止盈8% 补满再亏5%止损 拿18根,0.72,0.82,,6891,8711,0,0.75,0.88,,
15m,CHoCH→OB,空,5笔1:1:2:2:4(2..8) 止盈8% 补满再亏5%止损 拿48根,0.78,0.88,,5923,7503,0,0.79,0.9,,
15m,CHoCH→OB,空,5笔等(2..8) 止盈2% 补满再亏10%止损 拿18根,0.76,0.85,,6944,8752,0,0.8,0.85,,
15m,CHoCH→OB,空,5笔等(2..8) 止盈2% 补满再亏10%止损 拿48根,0.83,0.85,,6314,7912,0,0.89,0.88,,
15m,CHoCH→OB,空,5笔等(2..8) 止盈2% 补满再亏5%止损 拿18根,0.77,0.85,,6944,8752,0,0.8,0.86,,
15m,CHoCH→OB,空,5笔等(2..8) 止盈2% 补满再亏5%止损 拿48根,0.84,0.87,,6315,7918,0,0.9,0.91,,
15m,CHoCH→OB,空,5笔等(2..8) 止盈3% 补满再亏10%止损 拿18根,0.75,0.84,,6916,8731,0,0.79,0.85,,
15m,CHoCH→OB,空,5笔等(2..8) 止盈3% 补满再亏10%止损 拿48根,0.85,0.87,,6122,7708,0,0.87,0.88,,
15m,CHoCH→OB,空,5笔等(2..8) 止盈3% 补满再亏5%止损 拿18根,0.77,0.84,,6916,8731,0,0.79,0.87,,
15m,CHoCH→OB,空,5笔等(2..8) 止盈3% 补满再亏5%止损 拿48根,0.87,0.89,,6124,7716,0,0.87,0.91,,
15m,CHoCH→OB,空,5笔等(2..8) 止盈5% 补满再亏10%止损 拿18根,0.74,0.84,,6897,8714,0,0.76,0.83,,
15m,CHoCH→OB,空,5笔等(2..8) 止盈5% 补满再亏10%止损 拿48根,0.8,0.88,,5963,7545,0,0.81,0.88,,
15m,CHoCH→OB,空,5笔等(2..8) 止盈5% 补满再亏5%止损 拿18根,0.76,0.84,,6897,8714,0,0.76,0.86,,
15m,CHoCH→OB,空,5笔等(2..8) 止盈5% 补满再亏5%止损 拿48根,0.81,0.9,,5965,7555,0,0.82,0.92,,
15m,CHoCH→OB,空,5笔等(2..8) 止盈8% 补满再亏10%止损 拿18根,0.71,0.84,,6891,8711,0,0.76,0.83,,
15m,CHoCH→OB,空,5笔等(2..8) 止盈8% 补满再亏10%止损 拿48根,0.77,0.86,,5919,7494,0,0.79,0.86,,
15m,CHoCH→OB,空,5笔等(2..8) 止盈8% 补满再亏5%止损 拿18根,0.73,0.84,,6891,8711,0,0.76,0.85,,
15m,CHoCH→OB,空,5笔等(2..8) 止盈8% 补满再亏5%止损 拿48根,0.78,0.88,,5920,7502,0,0.8,0.89,,
15m,CHoCH→OB,空,6笔深(3..18) 止盈2% 补满再亏10%止损 拿18根,0.72,0.84,,6939,8749,0,0.81,0.84,,
15m,CHoCH→OB,空,6笔深(3..18) 止盈2% 补满再亏10%止损 拿48根,0.85,0.79,,6272,7896,0,0.89,0.86,,
15m,CHoCH→OB,空,6笔深(3..18) 止盈2% 补满再亏5%止损 拿18根,0.73,0.87,,6939,8749,0,0.82,0.84,,
15m,CHoCH→OB,空,6笔深(3..18) 止盈2% 补满再亏5%止损 拿48根,0.85,0.85,,6272,7896,0,0.9,0.88,,
15m,CHoCH→OB,空,6笔深(3..18) 止盈3% 补满再亏10%止损 拿18根,0.72,0.83,,6916,8728,0,0.8,0.84,,
15m,CHoCH→OB,空,6笔深(3..18) 止盈3% 补满再亏10%止损 拿48根,0.86,0.85,,6100,7689,0,0.89,0.87,,
15m,CHoCH→OB,空,6笔深(3..18) 止盈3% 补满再亏5%止损 拿18根,0.73,0.86,,6916,8728,0,0.81,0.84,,
15m,CHoCH→OB,空,6笔深(3..18) 止盈3% 补满再亏5%止损 拿48根,0.87,0.9,,6100,7689,0,0.9,0.88,,
15m,CHoCH→OB,空,6笔深(3..18) 止盈5% 补满再亏10%止损 拿18根,0.72,0.82,,6895,8714,0,0.76,0.81,,
15m,CHoCH→OB,空,6笔深(3..18) 止盈5% 补满再亏10%止损 拿48根,0.81,0.85,,5961,7537,0,0.81,0.87,,
15m,CHoCH→OB,空,6笔深(3..18) 止盈5% 补满再亏5%止损 拿18根,0.73,0.85,,6895,8714,0,0.77,0.81,,
15m,CHoCH→OB,空,6笔深(3..18) 止盈5% 补满再亏5%止损 拿48根,0.81,0.89,,5961,7537,0,0.84,0.88,,
15m,CHoCH→OB,空,6笔深(3..18) 止盈8% 补满再亏10%止损 拿18根,0.69,0.81,,6891,8711,0,0.76,0.81,,
15m,CHoCH→OB,空,6笔深(3..18) 止盈8% 补满再亏10%止损 拿48根,0.78,0.83,,5918,7492,0,0.8,0.84,,
15m,CHoCH→OB,空,6笔深(3..18) 止盈8% 补满再亏5%止损 拿18根,0.7,0.84,,6891,8711,0,0.77,0.8,,
15m,CHoCH→OB,空,6笔深(3..18) 止盈8% 补满再亏5%止损 拿48根,0.78,0.87,,5918,7492,0,0.82,0.86,,
15m,CHoCH→OB,空,原版（结构止损、盈亏比2）,0.82,0.94,,6852,8595,0,0.87,0.91,,
15m,CHoCH→OB,多,3笔1:1:1(3/6) 止盈2% 补满再亏10%止损 拿18根,0.9,0.92,,6984,9162,0,0.84,0.8,,
15m,CHoCH→OB,多,3笔1:1:1(3/6) 止盈2% 补满再亏10%止损 拿48根,0.88,0.92,,6352,8232,0,0.91,0.84,,
15m,CHoCH→OB,多,3笔1:1:1(3/6) 止盈2% 补满再亏5%止损 拿18根,0.9,0.92,,6984,9162,0,0.84,0.8,,
15m,CHoCH→OB,多,3笔1:1:1(3/6) 止盈2% 补满再亏5%止损 拿48根,0.86,0.93,,6357,8238,0,0.9,0.84,,
15m,CHoCH→OB,多,3笔1:1:1(3/6) 止盈3% 补满再亏10%止损 拿18根,0.95,0.95,,6967,9132,0,0.86,0.81,,
15m,CHoCH→OB,多,3笔1:1:1(3/6) 止盈3% 补满再亏10%止损 拿48根,0.94,0.96,,6203,8007,0,0.95,0.88,,
15m,CHoCH→OB,多,3笔1:1:1(3/6) 止盈3% 补满再亏5%止损 拿18根,0.95,0.95,,6967,9132,0,0.86,0.8,,
15m,CHoCH→OB,多,3笔1:1:1(3/6) 止盈3% 补满再亏5%止损 拿48根,0.91,0.97,,6208,8013,0,0.94,0.87,,
15m,CHoCH→OB,多,3笔1:1:1(3/6) 止盈5% 补满再亏10%止损 拿18根,0.98,0.94,,6952,9109,0,0.87,0.82,,
15m,CHoCH→OB,多,3笔1:1:1(3/6) 止盈5% 补满再亏10%止损 拿48根,0.98,0.95,,6049,7851,0,0.97,0.91,,
15m,CHoCH→OB,多,3笔1:1:1(3/6) 止盈5% 补满再亏5%止损 拿18根,0.97,0.94,,6952,9109,0,0.87,0.81,,
15m,CHoCH→OB,多,3笔1:1:1(3/6) 止盈5% 补满再亏5%止损 拿48根,0.94,0.96,,6055,7858,0,0.96,0.9,,
15m,CHoCH→OB,多,3笔1:1:1(3/6) 止盈8% 补满再亏10%止损 拿18根,1.0,0.95,,6949,9105,0,0.88,0.82,,
15m,CHoCH→OB,多,3笔1:1:1(3/6) 止盈8% 补满再亏10%止损 拿48根,1.01,0.9,,6012,7793,0,0.98,0.93,,
15m,CHoCH→OB,多,3笔1:1:1(3/6) 止盈8% 补满再亏5%止损 拿18根,0.99,0.94,,6949,9105,0,0.89,0.81,,
15m,CHoCH→OB,多,3笔1:1:1(3/6) 止盈8% 补满再亏5%止损 拿48根,0.97,0.91,,6019,7801,0,0.97,0.92,,
15m,CHoCH→OB,多,3笔1:1:2(3/6) 止盈2% 补满再亏10%止损 拿18根,0.9,0.94,,6984,9162,0,0.84,0.8,,
15m,CHoCH→OB,多,3笔1:1:2(3/6) 止盈2% 补满再亏10%止损 拿48根,0.87,0.93,,6356,8237,0,0.91,0.85,,
15m,CHoCH→OB,多,3笔1:1:2(3/6) 止盈2% 补满再亏5%止损 拿18根,0.91,0.94,,6984,9162,0,0.84,0.81,,
15m,CHoCH→OB,多,3笔1:1:2(3/6) 止盈2% 补满再亏5%止损 拿48根,0.85,0.95,,6361,8242,0,0.9,0.85,,
15m,CHoCH→OB,多,3笔1:1:2(3/6) 止盈3% 补满再亏10%止损 拿18根,0.95,0.96,,6967,9132,0,0.86,0.82,,
15m,CHoCH→OB,多,3笔1:1:2(3/6) 止盈3% 补满再亏10%止损 拿48根,0.92,0.97,,6205,8012,0,0.96,0.88,,
15m,CHoCH→OB,多,3笔1:1:2(3/6) 止盈3% 补满再亏5%止损 拿18根,0.95,0.96,,6967,9132,0,0.87,0.81,,
15m,CHoCH→OB,多,3笔1:1:2(3/6) 止盈3% 补满再亏5%止损 拿48根,0.89,0.99,,6210,8018,0,0.95,0.88,,
15m,CHoCH→OB,多,3笔1:1:2(3/6) 止盈5% 补满再亏10%止损 拿18根,0.98,0.95,,6952,9109,0,0.88,0.83,,
15m,CHoCH→OB,多,3笔1:1:2(3/6) 止盈5% 补满再亏10%止损 拿48根,0.97,0.95,,6052,7853,0,0.97,0.92,,
15m,CHoCH→OB,多,3笔1:1:2(3/6) 止盈5% 补满再亏5%止损 拿18根,0.97,0.96,,6952,9109,0,0.88,0.82,,
15m,CHoCH→OB,多,3笔1:1:2(3/6) 止盈5% 补满再亏5%止损 拿48根,0.92,0.97,,6058,7860,0,0.96,0.91,,
15m,CHoCH→OB,多,3笔1:1:2(3/6) 止盈8% 补满再亏10%止损 拿18根,1.0,0.96,,6949,9105,0,0.88,0.83,,
15m,CHoCH→OB,多,3笔1:1:2(3/6) 止盈8% 补满再亏10%止损 拿48根,1.01,0.92,,6013,7794,0,0.99,0.95,,
15m,CHoCH→OB,多,3笔1:1:2(3/6) 止盈8% 补满再亏5%止损 拿18根,0.99,0.96,,6949,9105,0,0.89,0.83,,
15m,CHoCH→OB,多,3笔1:1:2(3/6) 止盈8% 补满再亏5%止损 拿48根,0.96,0.93,,6020,7802,0,0.99,0.94,,
15m,CHoCH→OB,多,5笔1:1:2:2:4(2..8) 止盈2% 补满再亏10%止损 拿18根,0.96,0.99,,6983,9168,0,0.86,0.85,,
15m,CHoCH→OB,多,5笔1:1:2:2:4(2..8) 止盈2% 补满再亏10%止损 拿48根,0.88,0.93,,6409,8294,0,0.91,0.9,,
15m,CHoCH→OB,多,5笔1:1:2:2:4(2..8) 止盈2% 补满再亏5%止损 拿18根,0.97,0.99,,6983,9168,0,0.89,0.83,,
15m,CHoCH→OB,多,5笔1:1:2:2:4(2..8) 止盈2% 补满再亏5%止损 拿48根,0.83,0.96,,6411,8298,0,0.9,0.87,,
15m,CHoCH→OB,多,5笔1:1:2:2:4(2..8) 止盈3% 补满再亏10%止损 拿18根,0.98,1.02,,6967,9136,0,0.89,0.86,,
15m,CHoCH→OB,多,5笔1:1:2:2:4(2..8) 止盈3% 补满再亏10%止损 拿48根,0.95,0.98,,6238,8054,0,0.95,0.9,,
15m,CHoCH→OB,多,5笔1:1:2:2:4(2..8) 止盈3% 补满再亏5%止损 拿18根,0.98,1.02,,6967,9136,0,0.92,0.85,,
15m,CHoCH→OB,多,5笔1:1:2:2:4(2..8) 止盈3% 补满再亏5%止损 拿48根,0.86,1.0,,6240,8058,0,0.95,0.87,,
15m,CHoCH→OB,多,5笔1:1:2:2:4(2..8) 止盈5% 补满再亏10%止损 拿18根,1.04,1.01,,6952,9112,0,0.89,0.89,,
15m,CHoCH→OB,多,5笔1:1:2:2:4(2..8) 止盈5% 补满再亏10%止损 拿48根,1.05,0.93,,6069,7857,0,0.99,0.98,,
15m,CHoCH→OB,多,5笔1:1:2:2:4(2..8) 止盈5% 补满再亏5%止损 拿18根,1.04,1.01,,6952,9112,0,0.92,0.87,,
15m,CHoCH→OB,多,5笔1:1:2:2:4(2..8) 止盈5% 补满再亏5%止损 拿48根,0.95,0.96,,6072,7862,0,0.98,0.93,,
15m,CHoCH→OB,多,5笔1:1:2:2:4(2..8) 止盈8% 补满再亏10%止损 拿18根,1.06,1.03,,6949,9105,0,0.89,0.91,,
15m,CHoCH→OB,多,5笔1:1:2:2:4(2..8) 止盈8% 补满再亏10%止损 拿48根,1.1,0.93,,6015,7796,0,1.01,1.0,,
15m,CHoCH→OB,多,5笔1:1:2:2:4(2..8) 止盈8% 补满再亏5%止损 拿18根,1.07,1.03,,6949,9105,0,0.93,0.89,,
15m,CHoCH→OB,多,5笔1:1:2:2:4(2..8) 止盈8% 补满再亏5%止损 拿48根,1.01,0.95,,6019,7802,0,1.01,0.96,,
15m,CHoCH→OB,多,5笔等(2..8) 止盈2% 补满再亏10%止损 拿18根,0.92,0.94,,6983,9167,0,0.84,0.82,,
15m,CHoCH→OB,多,5笔等(2..8) 止盈2% 补满再亏10%止损 拿48根,0.89,0.92,,6394,8280,0,0.9,0.89,,
15m,CHoCH→OB,多,5笔等(2..8) 止盈2% 补满再亏5%止损 拿18根,0.93,0.94,,6983,9167,0,0.85,0.81,,
15m,CHoCH→OB,多,5笔等(2..8) 止盈2% 补满再亏5%止损 拿48根,0.85,0.93,,6396,8284,0,0.89,0.85,,
15m,CHoCH→OB,多,5笔等(2..8) 止盈3% 补满再亏10%止损 拿18根,0.97,0.97,,6967,9135,0,0.86,0.83,,
15m,CHoCH→OB,多,5笔等(2..8) 止盈3% 补满再亏10%止损 拿48根,0.96,0.95,,6227,8041,0,0.95,0.89,,
15m,CHoCH→OB,多,5笔等(2..8) 止盈3% 补满再亏5%止损 拿18根,0.97,0.96,,6967,9135,0,0.88,0.82,,
15m,CHoCH→OB,多,5笔等(2..8) 止盈3% 补满再亏5%止损 拿48根,0.9,0.96,,6229,8045,0,0.94,0.87,,
15m,CHoCH→OB,多,5笔等(2..8) 止盈5% 补满再亏10%止损 拿18根,1.02,0.96,,6952,9111,0,0.86,0.84,,
15m,CHoCH→OB,多,5笔等(2..8) 止盈5% 补满再亏10%止损 拿48根,1.01,0.93,,6060,7853,0,0.97,0.94,,
15m,CHoCH→OB,多,5笔等(2..8) 止盈5% 补满再亏5%止损 拿18根,1.02,0.96,,6952,9111,0,0.88,0.83,,
15m,CHoCH→OB,多,5笔等(2..8) 止盈5% 补满再亏5%止损 拿48根,0.95,0.94,,6063,7858,0,0.96,0.91,,
15m,CHoCH→OB,多,5笔等(2..8) 止盈8% 补满再亏10%止损 拿18根,1.03,0.97,,6949,9105,0,0.88,0.85,,
15m,CHoCH→OB,多,5笔等(2..8) 止盈8% 补满再亏10%止损 拿48根,1.07,0.9,,6014,7796,0,0.98,0.96,,
15m,CHoCH→OB,多,5笔等(2..8) 止盈8% 补满再亏5%止损 拿18根,1.04,0.97,,6949,9105,0,0.9,0.84,,
15m,CHoCH→OB,多,5笔等(2..8) 止盈8% 补满再亏5%止损 拿48根,1.01,0.91,,6018,7802,0,0.98,0.93,,
15m,CHoCH→OB,多,6笔深(3..18) 止盈2% 补满再亏10%止损 拿18根,0.94,0.96,,6984,9162,0,0.87,0.8,,
15m,CHoCH→OB,多,6笔深(3..18) 止盈2% 补满再亏10%止损 拿48根,0.93,0.84,,6357,8237,0,0.91,0.86,,
15m,CHoCH→OB,多,6笔深(3..18) 止盈2% 补满再亏5%止损 拿18根,0.91,0.97,,6984,9162,0,0.83,0.81,,
15m,CHoCH→OB,多,6笔深(3..18) 止盈2% 补满再亏5%止损 拿48根,0.91,0.88,,6357,8237,0,0.9,0.87,,
15m,CHoCH→OB,多,6笔深(3..18) 止盈3% 补满再亏10%止损 拿18根,0.99,0.99,,6967,9132,0,0.86,0.82,,
15m,CHoCH→OB,多,6笔深(3..18) 止盈3% 补满再亏10%止损 拿48根,1.02,0.92,,6207,8009,0,0.93,0.88,,
15m,CHoCH→OB,多,6笔深(3..18) 止盈3% 补满再亏5%止损 拿18根,0.95,1.0,,6967,9132,0,0.84,0.83,,
15m,CHoCH→OB,多,6笔深(3..18) 止盈3% 补满再亏5%止损 拿48根,0.99,0.96,,6207,8009,0,0.92,0.9,,
15m,CHoCH→OB,多,6笔深(3..18) 止盈5% 补满再亏10%止损 拿18根,1.02,0.98,,6952,9109,0,0.85,0.86,,
15m,CHoCH→OB,多,6笔深(3..18) 止盈5% 补满再亏10%止损 拿48根,1.07,0.88,,6052,7851,0,0.94,0.93,,
15m,CHoCH→OB,多,6笔深(3..18) 止盈5% 补满再亏5%止损 拿18根,0.98,0.98,,6952,9109,0,0.84,0.86,,
15m,CHoCH→OB,多,6笔深(3..18) 止盈5% 补满再亏5%止损 拿48根,1.05,0.92,,6052,7851,0,0.95,0.94,,
15m,CHoCH→OB,多,6笔深(3..18) 止盈8% 补满再亏10%止损 拿18根,1.04,0.99,,6949,9105,0,0.86,0.86,,
15m,CHoCH→OB,多,6笔深(3..18) 止盈8% 补满再亏10%止损 拿48根,1.12,0.86,,6013,7794,0,0.96,0.93,,
15m,CHoCH→OB,多,6笔深(3..18) 止盈8% 补满再亏5%止损 拿18根,1.0,0.99,,6949,9105,0,0.86,0.87,,
15m,CHoCH→OB,多,6笔深(3..18) 止盈8% 补满再亏5%止损 拿48根,1.09,0.9,,6013,7794,0,0.97,0.96,,
15m,CHoCH→OB,多,原版（结构止损、盈亏比2）,0.92,0.87,,6871,9031,0,0.91,0.82,,
15m,扫流动性+CHoCH市价,空,3笔1:1:1(3/6) 止盈2% 补满再亏10%止损 拿18根,0.76,0.84,,8156,10209,0,0.82,0.86,,
15m,扫流动性+CHoCH市价,空,3笔1:1:1(3/6) 止盈2% 补满再亏10%止损 拿48根,0.81,0.87,,7258,9054,0,0.87,0.91,,
15m,扫流动性+CHoCH市价,空,3笔1:1:1(3/6) 止盈2% 补满再亏5%止损 拿18根,0.77,0.84,,8156,10209,0,0.82,0.87,,
15m,扫流动性+CHoCH市价,空,3笔1:1:1(3/6) 止盈2% 补满再亏5%止损 拿48根,0.83,0.87,,7266,9058,0,0.88,0.93,,
15m,扫流动性+CHoCH市价,空,3笔1:1:1(3/6) 止盈3% 补满再亏10%止损 拿18根,0.77,0.83,,8141,10198,0,0.81,0.85,,
15m,扫流动性+CHoCH市价,空,3笔1:1:1(3/6) 止盈3% 补满再亏10%止损 拿48根,0.81,0.88,,7072,8859,0,0.87,0.9,,
15m,扫流动性+CHoCH市价,空,3笔1:1:1(3/6) 止盈3% 补满再亏5%止损 拿18根,0.78,0.84,,8141,10198,0,0.81,0.86,,
15m,扫流动性+CHoCH市价,空,3笔1:1:1(3/6) 止盈3% 补满再亏5%止损 拿48根,0.82,0.88,,7080,8863,0,0.88,0.91,,
15m,扫流动性+CHoCH市价,空,3笔1:1:1(3/6) 止盈5% 补满再亏10%止损 拿18根,0.76,0.82,,8131,10190,0,0.78,0.84,,
15m,扫流动性+CHoCH市价,空,3笔1:1:1(3/6) 止盈5% 补满再亏10%止损 拿48根,0.82,0.83,,6943,8733,0,0.82,0.89,,
15m,扫流动性+CHoCH市价,空,3笔1:1:1(3/6) 止盈5% 补满再亏5%止损 拿18根,0.77,0.83,,8131,10190,0,0.78,0.85,,
15m,扫流动性+CHoCH市价,空,3笔1:1:1(3/6) 止盈5% 补满再亏5%止损 拿48根,0.83,0.84,,6952,8736,0,0.83,0.9,,
15m,扫流动性+CHoCH市价,空,3笔1:1:1(3/6) 止盈8% 补满再亏10%止损 拿18根,0.75,0.81,,8130,10190,0,0.78,0.83,,
15m,扫流动性+CHoCH市价,空,3笔1:1:1(3/6) 止盈8% 补满再亏10%止损 拿48根,0.8,0.81,,6914,8699,0,0.8,0.87,,
15m,扫流动性+CHoCH市价,空,3笔1:1:1(3/6) 止盈8% 补满再亏5%止损 拿18根,0.76,0.81,,8130,10190,0,0.78,0.84,,
15m,扫流动性+CHoCH市价,空,3笔1:1:1(3/6) 止盈8% 补满再亏5%止损 拿48根,0.8,0.82,,6923,8703,0,0.81,0.88,,
15m,扫流动性+CHoCH市价,空,3笔1:1:2(3/6) 止盈2% 补满再亏10%止损 拿18根,0.76,0.84,,8158,10209,0,0.81,0.85,,
15m,扫流动性+CHoCH市价,空,3笔1:1:2(3/6) 止盈2% 补满再亏10%止损 拿48根,0.81,0.87,,7266,9063,0,0.86,0.9,,
15m,扫流动性+CHoCH市价,空,3笔1:1:2(3/6) 止盈2% 补满再亏5%止损 拿18根,0.77,0.85,,8158,10209,0,0.81,0.87,,
15m,扫流动性+CHoCH市价,空,3笔1:1:2(3/6) 止盈2% 补满再亏5%止损 拿48根,0.83,0.87,,7274,9067,0,0.88,0.92,,
15m,扫流动性+CHoCH市价,空,3笔1:1:2(3/6) 止盈3% 补满再亏10%止损 拿18根,0.76,0.83,,8142,10198,0,0.8,0.85,,
15m,扫流动性+CHoCH市价,空,3笔1:1:2(3/6) 止盈3% 补满再亏10%止损 拿48根,0.82,0.88,,7078,8863,0,0.87,0.89,,
15m,扫流动性+CHoCH市价,空,3笔1:1:2(3/6) 止盈3% 补满再亏5%止损 拿18根,0.78,0.85,,8142,10198,0,0.8,0.86,,
15m,扫流动性+CHoCH市价,空,3笔1:1:2(3/6) 止盈3% 补满再亏5%止损 拿48根,0.83,0.88,,7086,8867,0,0.87,0.92,,
15m,扫流动性+CHoCH市价,空,3笔1:1:2(3/6) 止盈5% 补满再亏10%止损 拿18根,0.76,0.83,,8131,10191,0,0.77,0.84,,
15m,扫流动性+CHoCH市价,空,3笔1:1:2(3/6) 止盈5% 补满再亏10%止损 拿48根,0.81,0.83,,6945,8734,0,0.81,0.89,,
15m,扫流动性+CHoCH市价,空,3笔1:1:2(3/6) 止盈5% 补满再亏5%止损 拿18根,0.77,0.83,,8131,10191,0,0.78,0.86,,
15m,扫流动性+CHoCH市价,空,3笔1:1:2(3/6) 止盈5% 补满再亏5%止损 拿48根,0.82,0.83,,6953,8737,0,0.82,0.9,,
15m,扫流动性+CHoCH市价,空,3笔1:1:2(3/6) 止盈8% 补满再亏10%止损 拿18根,0.75,0.81,,8130,10190,0,0.77,0.83,,
15m,扫流动性+CHoCH市价,空,3笔1:1:2(3/6) 止盈8% 补满再亏10%止损 拿48根,0.79,0.8,,6914,8699,0,0.8,0.86,,
15m,扫流动性+CHoCH市价,空,3笔1:1:2(3/6) 止盈8% 补满再亏5%止损 拿18根,0.76,0.82,,8130,10190,0,0.78,0.85,,
15m,扫流动性+CHoCH市价,空,3笔1:1:2(3/6) 止盈8% 补满再亏5%止损 拿48根,0.8,0.82,,6923,8703,0,0.8,0.88,,
15m,扫流动性+CHoCH市价,空,5笔1:1:2:2:4(2..8) 止盈2% 补满再亏10%止损 拿18根,0.74,0.83,,8161,10215,0,0.81,0.85,,
15m,扫流动性+CHoCH市价,空,5笔1:1:2:2:4(2..8) 止盈2% 补满再亏10%止损 拿48根,0.8,0.84,,7310,9124,0,0.9,0.85,,
15m,扫流动性+CHoCH市价,空,5笔1:1:2:2:4(2..8) 止盈2% 补满再亏5%止损 拿18根,0.76,0.84,,8161,10215,0,0.81,0.88,,
15m,扫流动性+CHoCH市价,空,5笔1:1:2:2:4(2..8) 止盈2% 补满再亏5%止损 拿48根,0.82,0.85,,7313,9125,0,0.9,0.89,,
15m,扫流动性+CHoCH市价,空,5笔1:1:2:2:4(2..8) 止盈3% 补满再亏10%止损 拿18根,0.74,0.83,,8146,10202,0,0.79,0.85,,
15m,扫流动性+CHoCH市价,空,5笔1:1:2:2:4(2..8) 止盈3% 补满再亏10%止损 拿48根,0.78,0.85,,7112,8909,0,0.85,0.86,,
15m,扫流动性+CHoCH市价,空,5笔1:1:2:2:4(2..8) 止盈3% 补满再亏5%止损 拿18根,0.76,0.84,,8146,10202,0,0.79,0.88,,
15m,扫流动性+CHoCH市价,空,5笔1:1:2:2:4(2..8) 止盈3% 补满再亏5%止损 拿48根,0.82,0.86,,7115,8911,0,0.86,0.91,,
15m,扫流动性+CHoCH市价,空,5笔1:1:2:2:4(2..8) 止盈5% 补满再亏10%止损 拿18根,0.73,0.84,,8134,10192,0,0.76,0.84,,
15m,扫流动性+CHoCH市价,空,5笔1:1:2:2:4(2..8) 止盈5% 补满再亏10%止损 拿48根,0.78,0.83,,6955,8748,0,0.81,0.87,,
15m,扫流动性+CHoCH市价,空,5笔1:1:2:2:4(2..8) 止盈5% 补满再亏5%止损 拿18根,0.75,0.85,,8134,10192,0,0.75,0.88,,
15m,扫流动性+CHoCH市价,空,5笔1:1:2:2:4(2..8) 止盈5% 补满再亏5%止损 拿48根,0.8,0.84,,6957,8750,0,0.82,0.92,,
15m,扫流动性+CHoCH市价,空,5笔1:1:2:2:4(2..8) 止盈8% 补满再亏10%止损 拿18根,0.72,0.82,,8130,10190,0,0.75,0.83,,
15m,扫流动性+CHoCH市价,空,5笔1:1:2:2:4(2..8) 止盈8% 补满再亏10%止损 拿48根,0.76,0.8,,6915,8699,0,0.78,0.85,,
15m,扫流动性+CHoCH市价,空,5笔1:1:2:2:4(2..8) 止盈8% 补满再亏5%止损 拿18根,0.74,0.82,,8130,10190,0,0.75,0.88,,
15m,扫流动性+CHoCH市价,空,5笔1:1:2:2:4(2..8) 止盈8% 补满再亏5%止损 拿48根,0.79,0.81,,6917,8702,0,0.79,0.9,,
15m,扫流动性+CHoCH市价,空,5笔等(2..8) 止盈2% 补满再亏10%止损 拿18根,0.75,0.83,,8160,10215,0,0.8,0.85,,
15m,扫流动性+CHoCH市价,空,5笔等(2..8) 止盈2% 补满再亏10%止损 拿48根,0.81,0.86,,7286,9102,0,0.89,0.88,,
15m,扫流动性+CHoCH市价,空,5笔等(2..8) 止盈2% 补满再亏5%止损 拿18根,0.76,0.84,,8160,10215,0,0.8,0.86,,
15m,扫流动性+CHoCH市价,空,5笔等(2..8) 止盈2% 补满再亏5%止损 拿48根,0.82,0.86,,7289,9103,0,0.9,0.91,,
15m,扫流动性+CHoCH市价,空,5笔等(2..8) 止盈3% 补满再亏10%止损 拿18根,0.76,0.82,,8145,10201,0,0.79,0.85,,
15m,扫流动性+CHoCH市价,空,5笔等(2..8) 止盈3% 补满再亏10%止损 拿48根,0.8,0.87,,7094,8888,0,0.87,0.88,,
15m,扫流动性+CHoCH市价,空,5笔等(2..8) 止盈3% 补满再亏5%止损 拿18根,0.77,0.83,,8145,10201,0,0.79,0.87,,
15m,扫流动性+CHoCH市价,空,5笔等(2..8) 止盈3% 补满再亏5%止损 拿48根,0.82,0.87,,7097,8890,0,0.87,0.91,,
15m,扫流动性+CHoCH市价,空,5笔等(2..8) 止盈5% 补满再亏10%止损 拿18根,0.75,0.84,,8132,10192,0,0.76,0.83,,
15m,扫流动性+CHoCH市价,空,5笔等(2..8) 止盈5% 补满再亏10%止损 拿48根,0.81,0.84,,6948,8739,0,0.81,0.88,,
15m,扫流动性+CHoCH市价,空,5笔等(2..8) 止盈5% 补满再亏5%止损 拿18根,0.76,0.84,,8132,10192,0,0.76,0.86,,
15m,扫流动性+CHoCH市价,空,5笔等(2..8) 止盈5% 补满再亏5%止损 拿48根,0.82,0.84,,6950,8742,0,0.82,0.92,,
15m,扫流动性+CHoCH市价,空,5笔等(2..8) 止盈8% 补满再亏10%止损 拿18根,0.74,0.81,,8130,10190,0,0.76,0.83,,
15m,扫流动性+CHoCH市价,空,5笔等(2..8) 止盈8% 补满再亏10%止损 拿48根,0.79,0.8,,6915,8699,0,0.79,0.86,,
15m,扫流动性+CHoCH市价,空,5笔等(2..8) 止盈8% 补满再亏5%止损 拿18根,0.75,0.81,,8130,10190,0,0.76,0.85,,
15m,扫流动性+CHoCH市价,空,5笔等(2..8) 止盈8% 补满再亏5%止损 拿48根,0.8,0.81,,6917,8702,0,0.8,0.89,,
15m,扫流动性+CHoCH市价,空,6笔深(3..18) 止盈2% 补满再亏10%止损 拿18根,0.73,0.83,,8156,10209,0,0.81,0.84,,
15m,扫流动性+CHoCH市价,空,6笔深(3..18) 止盈2% 补满再亏10%止损 拿48根,0.81,0.87,,7262,9057,0,0.89,0.86,,
15m,扫流动性+CHoCH市价,空,6笔深(3..18) 止盈2% 补满再亏5%止损 拿18根,0.74,0.83,,8156,10209,0,0.82,0.84,,
15m,扫流动性+CHoCH市价,空,6笔深(3..18) 止盈2% 补满再亏5%止损 拿48根,0.81,0.88,,7262,9057,0,0.9,0.88,,
15m,扫流动性+CHoCH市价,空,6笔深(3..18) 止盈3% 补满再亏10%止损 拿18根,0.75,0.83,,8141,10198,0,0.8,0.84,,
15m,扫流动性+CHoCH市价,空,6笔深(3..18) 止盈3% 补满再亏10%止损 拿48根,0.82,0.86,,7071,8861,0,0.89,0.87,,
15m,扫流动性+CHoCH市价,空,6笔深(3..18) 止盈3% 补满再亏5%止损 拿18根,0.75,0.83,,8141,10198,0,0.81,0.84,,
15m,扫流动性+CHoCH市价,空,6笔深(3..18) 止盈3% 补满再亏5%止损 拿48根,0.81,0.87,,7071,8861,0,0.9,0.88,,
15m,扫流动性+CHoCH市价,空,6笔深(3..18) 止盈5% 补满再亏10%止损 拿18根,0.74,0.83,,8132,10191,0,0.76,0.81,,
15m,扫流动性+CHoCH市价,空,6笔深(3..18) 止盈5% 补满再亏10%止损 拿48根,0.81,0.82,,6944,8738,0,0.81,0.87,,
15m,扫流动性+CHoCH市价,空,6笔深(3..18) 止盈5% 补满再亏5%止损 拿18根,0.75,0.83,,8132,10191,0,0.77,0.81,,
15m,扫流动性+CHoCH市价,空,6笔深(3..18) 止盈5% 补满再亏5%止损 拿48根,0.81,0.83,,6944,8738,0,0.84,0.88,,
15m,扫流动性+CHoCH市价,空,6笔深(3..18) 止盈8% 补满再亏10%止损 拿18根,0.73,0.81,,8130,10190,0,0.76,0.81,,
15m,扫流动性+CHoCH市价,空,6笔深(3..18) 止盈8% 补满再亏10%止损 拿48根,0.78,0.8,,6913,8699,0,0.8,0.84,,
15m,扫流动性+CHoCH市价,空,6笔深(3..18) 止盈8% 补满再亏5%止损 拿18根,0.74,0.81,,8130,10190,0,0.77,0.8,,
15m,扫流动性+CHoCH市价,空,6笔深(3..18) 止盈8% 补满再亏5%止损 拿48根,0.78,0.81,,6913,8699,0,0.82,0.86,,
15m,扫流动性+CHoCH市价,空,原版（结构止损、盈亏比2）,0.84,0.86,,7710,9548,0,0.87,0.91,,
15m,扫流动性+CHoCH市价,多,3笔1:1:1(3/6) 止盈2% 补满再亏10%止损 拿18根,0.85,0.8,,8221,10205,0,0.84,0.8,,
15m,扫流动性+CHoCH市价,多,3笔1:1:1(3/6) 止盈2% 补满再亏10%止损 拿48根,0.83,0.8,,7322,9113,0,0.91,0.84,,
15m,扫流动性+CHoCH市价,多,3笔1:1:1(3/6) 止盈2% 补满再亏5%止损 拿18根,0.85,0.79,,8221,10205,0,0.84,0.8,,
15m,扫流动性+CHoCH市价,多,3笔1:1:1(3/6) 止盈2% 补满再亏5%止损 拿48根,0.82,0.82,,7326,9113,0,0.9,0.84,,
15m,扫流动性+CHoCH市价,多,3笔1:1:1(3/6) 止盈3% 补满再亏10%止损 拿18根,0.88,0.8,,8208,10188,0,0.86,0.81,,
15m,扫流动性+CHoCH市价,多,3笔1:1:1(3/6) 止盈3% 补满再亏10%止损 拿48根,0.84,0.8,,7150,8931,0,0.95,0.88,,
15m,扫流动性+CHoCH市价,多,3笔1:1:1(3/6) 止盈3% 补满再亏5%止损 拿18根,0.88,0.79,,8208,10188,0,0.86,0.8,,
15m,扫流动性+CHoCH市价,多,3笔1:1:1(3/6) 止盈3% 补满再亏5%止损 拿48根,0.84,0.81,,7154,8934,0,0.94,0.87,,
15m,扫流动性+CHoCH市价,多,3笔1:1:1(3/6) 止盈5% 补满再亏10%止损 拿18根,0.9,0.82,,8197,10179,0,0.87,0.82,,
15m,扫流动性+CHoCH市价,多,3笔1:1:1(3/6) 止盈5% 补满再亏10%止损 拿48根,0.87,0.79,,7010,8777,0,0.97,0.91,,
15m,扫流动性+CHoCH市价,多,3笔1:1:1(3/6) 止盈5% 补满再亏5%止损 拿18根,0.9,0.81,,8197,10179,0,0.87,0.81,,
15m,扫流动性+CHoCH市价,多,3笔1:1:1(3/6) 止盈5% 补满再亏5%止损 拿48根,0.86,0.8,,7013,8781,0,0.96,0.9,,
15m,扫流动性+CHoCH市价,多,3笔1:1:1(3/6) 止盈8% 补满再亏10%止损 拿18根,0.93,0.82,,8195,10178,0,0.88,0.82,,
15m,扫流动性+CHoCH市价,多,3笔1:1:1(3/6) 止盈8% 补满再亏10%止损 拿48根,0.87,0.8,,6975,8743,0,0.98,0.93,,
15m,扫流动性+CHoCH市价,多,3笔1:1:1(3/6) 止盈8% 补满再亏5%止损 拿18根,0.93,0.82,,8195,10178,0,0.89,0.81,,
15m,扫流动性+CHoCH市价,多,3笔1:1:1(3/6) 止盈8% 补满再亏5%止损 拿48根,0.87,0.82,,6978,8748,0,0.97,0.92,,
15m,扫流动性+CHoCH市价,多,3笔1:1:2(3/6) 止盈2% 补满再亏10%止损 拿18根,0.86,0.81,,8221,10206,0,0.84,0.8,,
15m,扫流动性+CHoCH市价,多,3笔1:1:2(3/6) 止盈2% 补满再亏10%止损 拿48根,0.82,0.83,,7328,9123,0,0.91,0.85,,
15m,扫流动性+CHoCH市价,多,3笔1:1:2(3/6) 止盈2% 补满再亏5%止损 拿18根,0.86,0.81,,8221,10206,0,0.84,0.81,,
15m,扫流动性+CHoCH市价,多,3笔1:1:2(3/6) 止盈2% 补满再亏5%止损 拿48根,0.82,0.84,,7332,9123,0,0.9,0.85,,
15m,扫流动性+CHoCH市价,多,3笔1:1:2(3/6) 止盈3% 补满再亏10%止损 拿18根,0.9,0.81,,8208,10188,0,0.86,0.82,,
15m,扫流动性+CHoCH市价,多,3笔1:1:2(3/6) 止盈3% 补满再亏10%止损 拿48根,0.83,0.81,,7153,8937,0,0.96,0.88,,
15m,扫流动性+CHoCH市价,多,3笔1:1:2(3/6) 止盈3% 补满再亏5%止损 拿18根,0.89,0.81,,8208,10188,0,0.87,0.81,,
15m,扫流动性+CHoCH市价,多,3笔1:1:2(3/6) 止盈3% 补满再亏5%止损 拿48根,0.83,0.83,,7157,8939,0,0.95,0.88,,
15m,扫流动性+CHoCH市价,多,3笔1:1:2(3/6) 止盈5% 补满再亏10%止损 拿18根,0.92,0.83,,8197,10179,0,0.88,0.83,,
15m,扫流动性+CHoCH市价,多,3笔1:1:2(3/6) 止盈5% 补满再亏10%止损 拿48根,0.86,0.79,,7012,8778,0,0.97,0.92,,
15m,扫流动性+CHoCH市价,多,3笔1:1:2(3/6) 止盈5% 补满再亏5%止损 拿18根,0.91,0.83,,8197,10179,0,0.88,0.82,,
15m,扫流动性+CHoCH市价,多,3笔1:1:2(3/6) 止盈5% 补满再亏5%止损 拿48根,0.85,0.81,,7015,8782,0,0.96,0.91,,
15m,扫流动性+CHoCH市价,多,3笔1:1:2(3/6) 止盈8% 补满再亏10%止损 拿18根,0.95,0.84,,8195,10178,0,0.88,0.83,,
15m,扫流动性+CHoCH市价,多,3笔1:1:2(3/6) 止盈8% 补满再亏10%止损 拿48根,0.87,0.81,,6975,8744,0,0.99,0.95,,
15m,扫流动性+CHoCH市价,多,3笔1:1:2(3/6) 止盈8% 补满再亏5%止损 拿18根,0.94,0.83,,8195,10178,0,0.89,0.83,,
15m,扫流动性+CHoCH市价,多,3笔1:1:2(3/6) 止盈8% 补满再亏5%止损 拿48根,0.86,0.83,,6978,8749,0,0.99,0.94,,
15m,扫流动性+CHoCH市价,多,5笔1:1:2:2:4(2..8) 止盈2% 补满再亏10%止损 拿18根,0.89,0.9,,8227,10218,0,0.86,0.85,,
15m,扫流动性+CHoCH市价,多,5笔1:1:2:2:4(2..8) 止盈2% 补满再亏10%止损 拿48根,0.81,0.86,,7374,9204,0,0.91,0.9,,
15m,扫流动性+CHoCH市价,多,5笔1:1:2:2:4(2..8) 止盈2% 补满再亏5%止损 拿18根,0.9,0.89,,8227,10218,0,0.89,0.83,,
15m,扫流动性+CHoCH市价,多,5笔1:1:2:2:4(2..8) 止盈2% 补满再亏5%止损 拿48根,0.81,0.9,,7377,9205,0,0.9,0.87,,
15m,扫流动性+CHoCH市价,多,5笔1:1:2:2:4(2..8) 止盈3% 补满再亏10%止损 拿18根,0.93,0.87,,8211,10194,0,0.89,0.86,,
15m,扫流动性+CHoCH市价,多,5笔1:1:2:2:4(2..8) 止盈3% 补满再亏10%止损 拿48根,0.83,0.86,,7185,8966,0,0.95,0.9,,
15m,扫流动性+CHoCH市价,多,5笔1:1:2:2:4(2..8) 止盈3% 补满再亏5%止损 拿18根,0.93,0.86,,8211,10194,0,0.92,0.85,,
15m,扫流动性+CHoCH市价,多,5笔1:1:2:2:4(2..8) 止盈3% 补满再亏5%止损 拿48根,0.82,0.9,,7188,8968,0,0.95,0.87,,
15m,扫流动性+CHoCH市价,多,5笔1:1:2:2:4(2..8) 止盈5% 补满再亏10%止损 拿18根,0.98,0.89,,8199,10179,0,0.89,0.89,,
15m,扫流动性+CHoCH市价,多,5笔1:1:2:2:4(2..8) 止盈5% 补满再亏10%止损 拿48根,0.85,0.82,,7021,8786,0,0.99,0.98,,
15m,扫流动性+CHoCH市价,多,5笔1:1:2:2:4(2..8) 止盈5% 补满再亏5%止损 拿18根,0.98,0.89,,8199,10179,0,0.92,0.87,,
15m,扫流动性+CHoCH市价,多,5笔1:1:2:2:4(2..8) 止盈5% 补满再亏5%止损 拿48根,0.84,0.85,,7024,8789,0,0.98,0.93,,
15m,扫流动性+CHoCH市价,多,5笔1:1:2:2:4(2..8) 止盈8% 补满再亏10%止损 拿18根,1.01,0.9,,8195,10178,0,0.89,0.91,,
15m,扫流动性+CHoCH市价,多,5笔1:1:2:2:4(2..8) 止盈8% 补满再亏10%止损 拿48根,0.86,0.83,,6978,8743,0,1.01,1.0,,
15m,扫流动性+CHoCH市价,多,5笔1:1:2:2:4(2..8) 止盈8% 补满再亏5%止损 拿18根,1.02,0.9,,8195,10178,0,0.93,0.89,,
15m,扫流动性+CHoCH市价,多,5笔1:1:2:2:4(2..8) 止盈8% 补满再亏5%止损 拿48根,0.86,0.86,,6981,8747,0,1.01,0.96,,
15m,扫流动性+CHoCH市价,多,5笔等(2..8) 止盈2% 补满再亏10%止损 拿18根,0.87,0.83,,8227,10218,0,0.84,0.82,,
15m,扫流动性+CHoCH市价,多,5笔等(2..8) 止盈2% 补满再亏10%止损 拿48根,0.83,0.82,,7354,9177,0,0.9,0.89,,
15m,扫流动性+CHoCH市价,多,5笔等(2..8) 止盈2% 补满再亏5%止损 拿18根,0.87,0.83,,8227,10218,0,0.85,0.81,,
15m,扫流动性+CHoCH市价,多,5笔等(2..8) 止盈2% 补满再亏5%止损 拿48根,0.82,0.84,,7357,9178,0,0.89,0.85,,
15m,扫流动性+CHoCH市价,多,5笔等(2..8) 止盈3% 补满再亏10%止损 拿18根,0.89,0.82,,8211,10192,0,0.86,0.83,,
15m,扫流动性+CHoCH市价,多,5笔等(2..8) 止盈3% 补满再亏10%止损 拿48根,0.85,0.83,,7176,8947,0,0.95,0.89,,
15m,扫流动性+CHoCH市价,多,5笔等(2..8) 止盈3% 补满再亏5%止损 拿18根,0.9,0.82,,8211,10192,0,0.88,0.82,,
15m,扫流动性+CHoCH市价,多,5笔等(2..8) 止盈3% 补满再亏5%止损 拿48根,0.84,0.84,,7179,8949,0,0.94,0.87,,
15m,扫流动性+CHoCH市价,多,5笔等(2..8) 止盈5% 补满再亏10%止损 拿18根,0.93,0.84,,8198,10178,0,0.86,0.84,,
15m,扫流动性+CHoCH市价,多,5笔等(2..8) 止盈5% 补满再亏10%止损 拿48根,0.86,0.8,,7014,8777,0,0.97,0.94,,
15m,扫流动性+CHoCH市价,多,5笔等(2..8) 止盈5% 补满再亏5%止损 拿18根,0.93,0.84,,8198,10178,0,0.88,0.83,,
15m,扫流动性+CHoCH市价,多,5笔等(2..8) 止盈5% 补满再亏5%止损 拿48根,0.86,0.81,,7017,8780,0,0.96,0.91,,
15m,扫流动性+CHoCH市价,多,5笔等(2..8) 止盈8% 补满再亏10%止损 拿18根,0.96,0.85,,8195,10178,0,0.88,0.85,,
15m,扫流动性+CHoCH市价,多,5笔等(2..8) 止盈8% 补满再亏10%止损 拿48根,0.87,0.82,,6977,8742,0,0.98,0.96,,
15m,扫流动性+CHoCH市价,多,5笔等(2..8) 止盈8% 补满再亏5%止损 拿18根,0.96,0.85,,8195,10178,0,0.9,0.84,,
15m,扫流动性+CHoCH市价,多,5笔等(2..8) 止盈8% 补满再亏5%止损 拿48根,0.86,0.84,,6980,8746,0,0.98,0.93,,
15m,扫流动性+CHoCH市价,多,6笔深(3..18) 止盈2% 补满再亏10%止损 拿18根,0.86,0.81,,8221,10205,0,0.87,0.8,,
15m,扫流动性+CHoCH市价,多,6笔深(3..18) 止盈2% 补满再亏10%止损 拿48根,0.86,0.76,,7322,9118,0,0.91,0.86,,
15m,扫流动性+CHoCH市价,多,6笔深(3..18) 止盈2% 补满再亏5%止损 拿18根,0.86,0.81,,8221,10205,0,0.83,0.81,,
15m,扫流动性+CHoCH市价,多,6笔深(3..18) 止盈2% 补满再亏5%止损 拿48根,0.84,0.79,,7322,9118,0,0.9,0.87,,
15m,扫流动性+CHoCH市价,多,6笔深(3..18) 止盈3% 补满再亏10%止损 拿18根,0.88,0.81,,8208,10188,0,0.86,0.82,,
15m,扫流动性+CHoCH市价,多,6笔深(3..18) 止盈3% 补满再亏10%止损 拿48根,0.88,0.77,,7150,8935,0,0.93,0.88,,
15m,扫流动性+CHoCH市价,多,6笔深(3..18) 止盈3% 补满再亏5%止损 拿18根,0.89,0.81,,8208,10188,0,0.84,0.83,,
15m,扫流动性+CHoCH市价,多,6笔深(3..18) 止盈3% 补满再亏5%止损 拿48根,0.85,0.8,,7150,8935,0,0.92,0.9,,
15m,扫流动性+CHoCH市价,多,6笔深(3..18) 止盈5% 补满再亏10%止损 拿18根,0.91,0.83,,8197,10179,0,0.85,0.86,,
15m,扫流动性+CHoCH市价,多,6笔深(3..18) 止盈5% 补满再亏10%止损 拿48根,0.9,0.74,,7009,8777,0,0.94,0.93,,
15m,扫流动性+CHoCH市价,多,6笔深(3..18) 止盈5% 补满再亏5%止损 拿18根,0.91,0.83,,8197,10179,0,0.84,0.86,,
15m,扫流动性+CHoCH市价,多,6笔深(3..18) 止盈5% 补满再亏5%止损 拿48根,0.88,0.77,,7009,8777,0,0.95,0.94,,
15m,扫流动性+CHoCH市价,多,6笔深(3..18) 止盈8% 补满再亏10%止损 拿18根,0.94,0.84,,8195,10178,0,0.86,0.86,,
15m,扫流动性+CHoCH市价,多,6笔深(3..18) 止盈8% 补满再亏10%止损 拿48根,0.92,0.75,,6974,8742,0,0.96,0.93,,
15m,扫流动性+CHoCH市价,多,6笔深(3..18) 止盈8% 补满再亏5%止损 拿18根,0.94,0.84,,8195,10178,0,0.86,0.87,,
15m,扫流动性+CHoCH市价,多,6笔深(3..18) 止盈8% 补满再亏5%止损 拿48根,0.9,0.77,,6974,8742,0,0.97,0.96,,
15m,扫流动性+CHoCH市价,多,原版（结构止损、盈亏比2）,0.88,0.78,,7713,9660,0,0.91,0.82,,
15m,扫流动性+CHoCH→FVG,空,3笔1:1:1(3/6) 止盈2% 补满再亏10%止损 拿18根,0.77,0.88,,4243,5249,0,0.82,0.86,,
15m,扫流动性+CHoCH→FVG,空,3笔1:1:1(3/6) 止盈2% 补满再亏10%止损 拿48根,0.83,0.88,,3998,4930,0,0.87,0.91,,
15m,扫流动性+CHoCH→FVG,空,3笔1:1:1(3/6) 止盈2% 补满再亏5%止损 拿18根,0.81,0.9,,4243,5249,0,0.82,0.87,,
15m,扫流动性+CHoCH→FVG,空,3笔1:1:1(3/6) 止盈2% 补满再亏5%止损 拿48根,0.87,0.92,,4000,4933,0,0.88,0.93,,
15m,扫流动性+CHoCH→FVG,空,3笔1:1:1(3/6) 止盈3% 补满再亏10%止损 拿18根,0.78,0.84,,4237,5239,0,0.81,0.85,,
15m,扫流动性+CHoCH→FVG,空,3笔1:1:1(3/6) 止盈3% 补满再亏10%止损 拿48根,0.82,0.88,,3909,4845,0,0.87,0.9,,
15m,扫流动性+CHoCH→FVG,空,3笔1:1:1(3/6) 止盈3% 补满再亏5%止损 拿18根,0.81,0.86,,4237,5239,0,0.81,0.86,,
15m,扫流动性+CHoCH→FVG,空,3笔1:1:1(3/6) 止盈3% 补满再亏5%止损 拿48根,0.86,0.9,,3911,4848,0,0.88,0.91,,
15m,扫流动性+CHoCH→FVG,空,3笔1:1:1(3/6) 止盈5% 补满再亏10%止损 拿18根,0.78,0.84,,4227,5234,0,0.78,0.84,,
15m,扫流动性+CHoCH→FVG,空,3笔1:1:1(3/6) 止盈5% 补满再亏10%止损 拿48根,0.81,0.86,,3835,4781,0,0.82,0.89,,
15m,扫流动性+CHoCH→FVG,空,3笔1:1:1(3/6) 止盈5% 补满再亏5%止损 拿18根,0.81,0.86,,4227,5234,0,0.78,0.85,,
15m,扫流动性+CHoCH→FVG,空,3笔1:1:1(3/6) 止盈5% 补满再亏5%止损 拿48根,0.83,0.87,,3837,4783,0,0.83,0.9,,
15m,扫流动性+CHoCH→FVG,空,3笔1:1:1(3/6) 止盈8% 补满再亏10%止损 拿18根,0.77,0.83,,4224,5231,0,0.78,0.83,,
15m,扫流动性+CHoCH→FVG,空,3笔1:1:1(3/6) 止盈8% 补满再亏10%止损 拿48根,0.8,0.84,,3813,4753,0,0.8,0.87,,
15m,扫流动性+CHoCH→FVG,空,3笔1:1:1(3/6) 止盈8% 补满再亏5%止损 拿18根,0.8,0.84,,4224,5231,0,0.78,0.84,,
15m,扫流动性+CHoCH→FVG,空,3笔1:1:1(3/6) 止盈8% 补满再亏5%止损 拿48根,0.82,0.86,,3815,4755,0,0.81,0.88,,
15m,扫流动性+CHoCH→FVG,空,3笔1:1:2(3/6) 止盈2% 补满再亏10%止损 拿18根,0.75,0.88,,4243,5249,0,0.81,0.85,,
15m,扫流动性+CHoCH→FVG,空,3笔1:1:2(3/6) 止盈2% 补满再亏10%止损 拿48根,0.81,0.87,,3999,4931,0,0.86,0.9,,
15m,扫流动性+CHoCH→FVG,空,3笔1:1:2(3/6) 止盈2% 补满再亏5%止损 拿18根,0.8,0.91,,4243,5249,0,0.81,0.87,,
15m,扫流动性+CHoCH→FVG,空,3笔1:1:2(3/6) 止盈2% 补满再亏5%止损 拿48根,0.85,0.92,,4001,4933,0,0.88,0.92,,
15m,扫流动性+CHoCH→FVG,空,3笔1:1:2(3/6) 止盈3% 补满再亏10%止损 拿18根,0.77,0.84,,4237,5239,0,0.8,0.85,,
15m,扫流动性+CHoCH→FVG,空,3笔1:1:2(3/6) 止盈3% 补满再亏10%止损 拿48根,0.82,0.88,,3911,4845,0,0.87,0.89,,
15m,扫流动性+CHoCH→FVG,空,3笔1:1:2(3/6) 止盈3% 补满再亏5%止损 拿18根,0.81,0.87,,4237,5239,0,0.8,0.86,,
15m,扫流动性+CHoCH→FVG,空,3笔1:1:2(3/6) 止盈3% 补满再亏5%止损 拿48根,0.86,0.91,,3913,4848,0,0.87,0.92,,
15m,扫流动性+CHoCH→FVG,空,3笔1:1:2(3/6) 止盈5% 补满再亏10%止损 拿18根,0.79,0.84,,4227,5235,0,0.77,0.84,,
15m,扫流动性+CHoCH→FVG,空,3笔1:1:2(3/6) 止盈5% 补满再亏10%止损 拿48根,0.81,0.86,,3835,4783,0,0.81,0.89,,
15m,扫流动性+CHoCH→FVG,空,3笔1:1:2(3/6) 止盈5% 补满再亏5%止损 拿18根,0.82,0.86,,4227,5235,0,0.78,0.86,,
15m,扫流动性+CHoCH→FVG,空,3笔1:1:2(3/6) 止盈5% 补满再亏5%止损 拿48根,0.83,0.88,,3837,4785,0,0.82,0.9,,
15m,扫流动性+CHoCH→FVG,空,3笔1:1:2(3/6) 止盈8% 补满再亏10%止损 拿18根,0.76,0.83,,4224,5231,0,0.77,0.83,,
15m,扫流动性+CHoCH→FVG,空,3笔1:1:2(3/6) 止盈8% 补满再亏10%止损 拿48根,0.79,0.84,,3813,4753,0,0.8,0.86,,
15m,扫流动性+CHoCH→FVG,空,3笔1:1:2(3/6) 止盈8% 补满再亏5%止损 拿18根,0.81,0.84,,4224,5231,0,0.78,0.85,,
15m,扫流动性+CHoCH→FVG,空,3笔1:1:2(3/6) 止盈8% 补满再亏5%止损 拿48根,0.82,0.86,,3815,4755,0,0.8,0.88,,
15m,扫流动性+CHoCH→FVG,空,5笔1:1:2:2:4(2..8) 止盈2% 补满再亏10%止损 拿18根,0.73,0.86,,4244,5250,0,0.81,0.85,,
15m,扫流动性+CHoCH→FVG,空,5笔1:1:2:2:4(2..8) 止盈2% 补满再亏10%止损 拿48根,0.82,0.84,,4016,4951,0,0.9,0.85,,
15m,扫流动性+CHoCH→FVG,空,5笔1:1:2:2:4(2..8) 止盈2% 补满再亏5%止损 拿18根,0.76,0.85,,4244,5250,0,0.81,0.88,,
15m,扫流动性+CHoCH→FVG,空,5笔1:1:2:2:4(2..8) 止盈2% 补满再亏5%止损 拿48根,0.84,0.9,,4017,4951,0,0.9,0.89,,
15m,扫流动性+CHoCH→FVG,空,5笔1:1:2:2:4(2..8) 止盈3% 补满再亏10%止损 拿18根,0.71,0.84,,4237,5239,0,0.79,0.85,,
15m,扫流动性+CHoCH→FVG,空,5笔1:1:2:2:4(2..8) 止盈3% 补满再亏10%止损 拿48根,0.81,0.85,,3927,4852,0,0.85,0.86,,
15m,扫流动性+CHoCH→FVG,空,5笔1:1:2:2:4(2..8) 止盈3% 补满再亏5%止损 拿18根,0.74,0.83,,4237,5239,0,0.79,0.88,,
15m,扫流动性+CHoCH→FVG,空,5笔1:1:2:2:4(2..8) 止盈3% 补满再亏5%止损 拿48根,0.85,0.89,,3929,4852,0,0.86,0.91,,
15m,扫流动性+CHoCH→FVG,空,5笔1:1:2:2:4(2..8) 止盈5% 补满再亏10%止损 拿18根,0.74,0.83,,4228,5235,0,0.76,0.84,,
15m,扫流动性+CHoCH→FVG,空,5笔1:1:2:2:4(2..8) 止盈5% 补满再亏10%止损 拿48根,0.81,0.87,,3843,4789,0,0.81,0.87,,
15m,扫流动性+CHoCH→FVG,空,5笔1:1:2:2:4(2..8) 止盈5% 补满再亏5%止损 拿18根,0.77,0.82,,4228,5235,0,0.75,0.88,,
15m,扫流动性+CHoCH→FVG,空,5笔1:1:2:2:4(2..8) 止盈5% 补满再亏5%止损 拿48根,0.85,0.88,,3845,4789,0,0.82,0.92,,
15m,扫流动性+CHoCH→FVG,空,5笔1:1:2:2:4(2..8) 止盈8% 补满再亏10%止损 拿18根,0.71,0.82,,4224,5231,0,0.75,0.83,,
15m,扫流动性+CHoCH→FVG,空,5笔1:1:2:2:4(2..8) 止盈8% 补满再亏10%止损 拿48根,0.75,0.85,,3813,4755,0,0.78,0.85,,
15m,扫流动性+CHoCH→FVG,空,5笔1:1:2:2:4(2..8) 止盈8% 补满再亏5%止损 拿18根,0.73,0.8,,4224,5231,0,0.75,0.88,,
15m,扫流动性+CHoCH→FVG,空,5笔1:1:2:2:4(2..8) 止盈8% 补满再亏5%止损 拿48根,0.78,0.86,,3815,4755,0,0.79,0.9,,
15m,扫流动性+CHoCH→FVG,空,5笔等(2..8) 止盈2% 补满再亏10%止损 拿18根,0.74,0.86,,4244,5250,0,0.8,0.85,,
15m,扫流动性+CHoCH→FVG,空,5笔等(2..8) 止盈2% 补满再亏10%止损 拿48根,0.82,0.86,,4012,4946,0,0.89,0.88,,
15m,扫流动性+CHoCH→FVG,空,5笔等(2..8) 止盈2% 补满再亏5%止损 拿18根,0.76,0.85,,4244,5250,0,0.8,0.86,,
15m,扫流动性+CHoCH→FVG,空,5笔等(2..8) 止盈2% 补满再亏5%止损 拿48根,0.84,0.89,,4014,4946,0,0.9,0.91,,
15m,扫流动性+CHoCH→FVG,空,5笔等(2..8) 止盈3% 补满再亏10%止损 拿18根,0.75,0.85,,4237,5239,0,0.79,0.85,,
15m,扫流动性+CHoCH→FVG,空,5笔等(2..8) 止盈3% 补满再亏10%止损 拿48根,0.82,0.87,,3922,4849,0,0.87,0.88,,
15m,扫流动性+CHoCH→FVG,空,5笔等(2..8) 止盈3% 补满再亏5%止损 拿18根,0.77,0.84,,4237,5239,0,0.79,0.87,,
15m,扫流动性+CHoCH→FVG,空,5笔等(2..8) 止盈3% 补满再亏5%止损 拿48根,0.84,0.89,,3924,4849,0,0.87,0.91,,
15m,扫流动性+CHoCH→FVG,空,5笔等(2..8) 止盈5% 补满再亏10%止损 拿18根,0.77,0.83,,4228,5235,0,0.76,0.83,,
15m,扫流动性+CHoCH→FVG,空,5笔等(2..8) 止盈5% 补满再亏10%止损 拿48根,0.81,0.87,,3838,4787,0,0.81,0.88,,
15m,扫流动性+CHoCH→FVG,空,5笔等(2..8) 止盈5% 补满再亏5%止损 拿18根,0.77,0.83,,4228,5235,0,0.76,0.86,,
15m,扫流动性+CHoCH→FVG,空,5笔等(2..8) 止盈5% 补满再亏5%止损 拿48根,0.83,0.87,,3840,4787,0,0.82,0.92,,
15m,扫流动性+CHoCH→FVG,空,5笔等(2..8) 止盈8% 补满再亏10%止损 拿18根,0.74,0.82,,4224,5231,0,0.76,0.83,,
15m,扫流动性+CHoCH→FVG,空,5笔等(2..8) 止盈8% 补满再亏10%止损 拿48根,0.77,0.84,,3813,4753,0,0.79,0.86,,
15m,扫流动性+CHoCH→FVG,空,5笔等(2..8) 止盈8% 补满再亏5%止损 拿18根,0.75,0.81,,4224,5231,0,0.76,0.85,,
15m,扫流动性+CHoCH→FVG,空,5笔等(2..8) 止盈8% 补满再亏5%止损 拿48根,0.79,0.85,,3815,4753,0,0.8,0.89,,
15m,扫流动性+CHoCH→FVG,空,6笔深(3..18) 止盈2% 补满再亏10%止损 拿18根,0.74,0.87,,4243,5249,0,0.81,0.84,,
15m,扫流动性+CHoCH→FVG,空,6笔深(3..18) 止盈2% 补满再亏10%止损 拿48根,0.85,0.86,,4001,4933,0,0.89,0.86,,
15m,扫流动性+CHoCH→FVG,空,6笔深(3..18) 止盈2% 补满再亏5%止损 拿18根,0.74,0.88,,4243,5249,0,0.82,0.84,,
15m,扫流动性+CHoCH→FVG,空,6笔深(3..18) 止盈2% 补满再亏5%止损 拿48根,0.84,0.91,,4001,4933,0,0.9,0.88,,
15m,扫流动性+CHoCH→FVG,空,6笔深(3..18) 止盈3% 补满再亏10%止损 拿18根,0.74,0.83,,4237,5239,0,0.8,0.84,,
15m,扫流动性+CHoCH→FVG,空,6笔深(3..18) 止盈3% 补满再亏10%止损 拿48根,0.83,0.88,,3911,4846,0,0.89,0.87,,
15m,扫流动性+CHoCH→FVG,空,6笔深(3..18) 止盈3% 补满再亏5%止损 拿18根,0.74,0.84,,4237,5239,0,0.81,0.84,,
15m,扫流动性+CHoCH→FVG,空,6笔深(3..18) 止盈3% 补满再亏5%止损 拿48根,0.82,0.93,,3911,4846,0,0.9,0.88,,
15m,扫流动性+CHoCH→FVG,空,6笔深(3..18) 止盈5% 补满再亏10%止损 拿18根,0.76,0.84,,4227,5234,0,0.76,0.81,,
15m,扫流动性+CHoCH→FVG,空,6笔深(3..18) 止盈5% 补满再亏10%止损 拿48根,0.83,0.87,,3836,4781,0,0.81,0.87,,
15m,扫流动性+CHoCH→FVG,空,6笔深(3..18) 止盈5% 补满再亏5%止损 拿18根,0.76,0.86,,4227,5234,0,0.77,0.81,,
15m,扫流动性+CHoCH→FVG,空,6笔深(3..18) 止盈5% 补满再亏5%止损 拿48根,0.82,0.91,,3836,4781,0,0.84,0.88,,
15m,扫流动性+CHoCH→FVG,空,6笔深(3..18) 止盈8% 补满再亏10%止损 拿18根,0.74,0.81,,4224,5231,0,0.76,0.81,,
15m,扫流动性+CHoCH→FVG,空,6笔深(3..18) 止盈8% 补满再亏10%止损 拿48根,0.8,0.85,,3813,4753,0,0.8,0.84,,
15m,扫流动性+CHoCH→FVG,空,6笔深(3..18) 止盈8% 补满再亏5%止损 拿18根,0.74,0.82,,4224,5231,0,0.77,0.8,,
15m,扫流动性+CHoCH→FVG,空,6笔深(3..18) 止盈8% 补满再亏5%止损 拿48根,0.8,0.89,,3813,4753,0,0.82,0.86,,
15m,扫流动性+CHoCH→FVG,空,原版（结构止损、盈亏比2）,0.88,0.93,,4116,5066,0,0.87,0.91,,
15m,扫流动性+CHoCH→FVG,多,3笔1:1:1(3/6) 止盈2% 补满再亏10%止损 拿18根,1.0,0.99,,4349,5107,0,0.84,0.8,,
15m,扫流动性+CHoCH→FVG,多,3笔1:1:1(3/6) 止盈2% 补满再亏10%止损 拿48根,0.94,0.91,,4117,4812,0,0.91,0.84,,
15m,扫流动性+CHoCH→FVG,多,3笔1:1:1(3/6) 止盈2% 补满再亏5%止损 拿18根,1.0,0.99,,4349,5107,0,0.84,0.8,,
15m,扫流动性+CHoCH→FVG,多,3笔1:1:1(3/6) 止盈2% 补满再亏5%止损 拿48根,0.94,0.93,,4117,4812,0,0.9,0.84,,
15m,扫流动性+CHoCH→FVG,多,3笔1:1:1(3/6) 止盈3% 补满再亏10%止损 拿18根,1.02,1.03,,4336,5096,0,0.86,0.81,,
15m,扫流动性+CHoCH→FVG,多,3笔1:1:1(3/6) 止盈3% 补满再亏10%止损 拿48根,0.95,0.97,,4041,4715,0,0.95,0.88,,
15m,扫流动性+CHoCH→FVG,多,3笔1:1:1(3/6) 止盈3% 补满再亏5%止损 拿18根,1.02,1.02,,4336,5096,0,0.86,0.8,,
15m,扫流动性+CHoCH→FVG,多,3笔1:1:1(3/6) 止盈3% 补满再亏5%止损 拿48根,0.95,0.98,,4042,4715,0,0.94,0.87,,
15m,扫流动性+CHoCH→FVG,多,3笔1:1:1(3/6) 止盈5% 补满再亏10%止损 拿18根,1.04,0.99,,4327,5091,0,0.87,0.82,,
15m,扫流动性+CHoCH→FVG,多,3笔1:1:1(3/6) 止盈5% 补满再亏10%止损 拿48根,0.95,0.93,,3964,4659,0,0.97,0.91,,
15m,扫流动性+CHoCH→FVG,多,3笔1:1:1(3/6) 止盈5% 补满再亏5%止损 拿18根,1.04,0.99,,4327,5091,0,0.87,0.81,,
15m,扫流动性+CHoCH→FVG,多,3笔1:1:1(3/6) 止盈5% 补满再亏5%止损 拿48根,0.94,0.94,,3965,4659,0,0.96,0.9,,
15m,扫流动性+CHoCH→FVG,多,3笔1:1:1(3/6) 止盈8% 补满再亏10%止损 拿18根,1.07,0.99,,4326,5088,0,0.88,0.82,,
15m,扫流动性+CHoCH→FVG,多,3笔1:1:1(3/6) 止盈8% 补满再亏10%止损 拿48根,0.97,0.91,,3939,4635,0,0.98,0.93,,
15m,扫流动性+CHoCH→FVG,多,3笔1:1:1(3/6) 止盈8% 补满再亏5%止损 拿18根,1.06,0.99,,4326,5088,0,0.89,0.81,,
15m,扫流动性+CHoCH→FVG,多,3笔1:1:1(3/6) 止盈8% 补满再亏5%止损 拿48根,0.96,0.93,,3940,4635,0,0.97,0.92,,
15m,扫流动性+CHoCH→FVG,多,3笔1:1:2(3/6) 止盈2% 补满再亏10%止损 拿18根,1.01,1.0,,4349,5107,0,0.84,0.8,,
15m,扫流动性+CHoCH→FVG,多,3笔1:1:2(3/6) 止盈2% 补满再亏10%止损 拿48根,0.94,0.91,,4119,4815,0,0.91,0.85,,
15m,扫流动性+CHoCH→FVG,多,3笔1:1:2(3/6) 止盈2% 补满再亏5%止损 拿18根,1.01,1.0,,4349,5107,0,0.84,0.81,,
15m,扫流动性+CHoCH→FVG,多,3笔1:1:2(3/6) 止盈2% 补满再亏5%止损 拿48根,0.94,0.94,,4119,4815,0,0.9,0.85,,
15m,扫流动性+CHoCH→FVG,多,3笔1:1:2(3/6) 止盈3% 补满再亏10%止损 拿18根,1.03,1.05,,4336,5096,0,0.86,0.82,,
15m,扫流动性+CHoCH→FVG,多,3笔1:1:2(3/6) 止盈3% 补满再亏10%止损 拿48根,0.93,1.0,,4042,4716,0,0.96,0.88,,
15m,扫流动性+CHoCH→FVG,多,3笔1:1:2(3/6) 止盈3% 补满再亏5%止损 拿18根,1.02,1.04,,4336,5096,0,0.87,0.81,,
15m,扫流动性+CHoCH→FVG,多,3笔1:1:2(3/6) 止盈3% 补满再亏5%止损 拿48根,0.94,1.01,,4043,4716,0,0.95,0.88,,
15m,扫流动性+CHoCH→FVG,多,3笔1:1:2(3/6) 止盈5% 补满再亏10%止损 拿18根,1.04,1.01,,4327,5091,0,0.88,0.83,,
15m,扫流动性+CHoCH→FVG,多,3笔1:1:2(3/6) 止盈5% 补满再亏10%止损 拿48根,0.94,0.93,,3965,4660,0,0.97,0.92,,
15m,扫流动性+CHoCH→FVG,多,3笔1:1:2(3/6) 止盈5% 补满再亏5%止损 拿18根,1.04,1.01,,4327,5091,0,0.88,0.82,,
15m,扫流动性+CHoCH→FVG,多,3笔1:1:2(3/6) 止盈5% 补满再亏5%止损 拿48根,0.93,0.96,,3966,4660,0,0.96,0.91,,
15m,扫流动性+CHoCH→FVG,多,3笔1:1:2(3/6) 止盈8% 补满再亏10%止损 拿18根,1.07,1.01,,4326,5088,0,0.88,0.83,,
15m,扫流动性+CHoCH→FVG,多,3笔1:1:2(3/6) 止盈8% 补满再亏10%止损 拿48根,0.97,0.91,,3939,4635,0,0.99,0.95,,
15m,扫流动性+CHoCH→FVG,多,3笔1:1:2(3/6) 止盈8% 补满再亏5%止损 拿18根,1.06,1.01,,4326,5088,0,0.89,0.83,,
15m,扫流动性+CHoCH→FVG,多,3笔1:1:2(3/6) 止盈8% 补满再亏5%止损 拿48根,0.95,0.94,,3940,4635,0,0.99,0.94,,
15m,扫流动性+CHoCH→FVG,多,5笔1:1:2:2:4(2..8) 止盈2% 补满再亏10%止损 拿18根,1.06,1.1,,4352,5109,0,0.86,0.85,,
15m,扫流动性+CHoCH→FVG,多,5笔1:1:2:2:4(2..8) 止盈2% 补满再亏10%止损 拿48根,0.9,0.9,,4137,4840,0,0.91,0.9,,
15m,扫流动性+CHoCH→FVG,多,5笔1:1:2:2:4(2..8) 止盈2% 补满再亏5%止损 拿18根,1.06,1.1,,4352,5109,0,0.89,0.83,,
15m,扫流动性+CHoCH→FVG,多,5笔1:1:2:2:4(2..8) 止盈2% 补满再亏5%止损 拿48根,0.9,0.92,,4137,4840,0,0.9,0.87,,
15m,扫流动性+CHoCH→FVG,多,5笔1:1:2:2:4(2..8) 止盈3% 补满再亏10%止损 拿18根,1.07,1.14,,4339,5097,0,0.89,0.86,,
15m,扫流动性+CHoCH→FVG,多,5笔1:1:2:2:4(2..8) 止盈3% 补满再亏10%止损 拿48根,0.91,0.99,,4062,4734,0,0.95,0.9,,
15m,扫流动性+CHoCH→FVG,多,5笔1:1:2:2:4(2..8) 止盈3% 补满再亏5%止损 拿18根,1.06,1.14,,4339,5097,0,0.92,0.85,,
15m,扫流动性+CHoCH→FVG,多,5笔1:1:2:2:4(2..8) 止盈3% 补满再亏5%止损 拿48根,0.92,1.01,,4063,4734,0,0.95,0.87,,
15m,扫流动性+CHoCH→FVG,多,5笔1:1:2:2:4(2..8) 止盈5% 补满再亏10%止损 拿18根,1.08,1.13,,4328,5092,0,0.89,0.89,,
15m,扫流动性+CHoCH→FVG,多,5笔1:1:2:2:4(2..8) 止盈5% 补满再亏10%止损 拿48根,0.9,0.97,,3974,4668,0,0.99,0.98,,
15m,扫流动性+CHoCH→FVG,多,5笔1:1:2:2:4(2..8) 止盈5% 补满再亏5%止损 拿18根,1.07,1.13,,4328,5092,0,0.92,0.87,,
15m,扫流动性+CHoCH→FVG,多,5笔1:1:2:2:4(2..8) 止盈5% 补满再亏5%止损 拿48根,0.91,0.99,,3975,4668,0,0.98,0.93,,
15m,扫流动性+CHoCH→FVG,多,5笔1:1:2:2:4(2..8) 止盈8% 补满再亏10%止损 拿18根,1.1,1.13,,4325,5088,0,0.89,0.91,,
15m,扫流动性+CHoCH→FVG,多,5笔1:1:2:2:4(2..8) 止盈8% 补满再亏10%止损 拿48根,0.95,0.89,,3942,4634,0,1.01,1.0,,
15m,扫流动性+CHoCH→FVG,多,5笔1:1:2:2:4(2..8) 止盈8% 补满再亏5%止损 拿18根,1.09,1.13,,4325,5088,0,0.93,0.89,,
15m,扫流动性+CHoCH→FVG,多,5笔1:1:2:2:4(2..8) 止盈8% 补满再亏5%止损 拿48根,0.96,0.91,,3943,4634,0,1.01,0.96,,
15m,扫流动性+CHoCH→FVG,多,5笔等(2..8) 止盈2% 补满再亏10%止损 拿18根,1.02,1.05,,4352,5109,0,0.84,0.82,,
15m,扫流动性+CHoCH→FVG,多,5笔等(2..8) 止盈2% 补满再亏10%止损 拿48根,0.93,0.92,,4134,4834,0,0.9,0.89,,
15m,扫流动性+CHoCH→FVG,多,5笔等(2..8) 止盈2% 补满再亏5%止损 拿18根,1.02,1.04,,4352,5109,0,0.85,0.81,,
15m,扫流动性+CHoCH→FVG,多,5笔等(2..8) 止盈2% 补满再亏5%止损 拿48根,0.92,0.93,,4134,4834,0,0.89,0.85,,
15m,扫流动性+CHoCH→FVG,多,5笔等(2..8) 止盈3% 补满再亏10%止损 拿18根,1.03,1.08,,4339,5097,0,0.86,0.83,,
15m,扫流动性+CHoCH→FVG,多,5笔等(2..8) 止盈3% 补满再亏10%止损 拿48根,0.9,0.97,,4060,4733,0,0.95,0.89,,
15m,扫流动性+CHoCH→FVG,多,5笔等(2..8) 止盈3% 补满再亏5%止损 拿18根,1.02,1.07,,4339,5097,0,0.88,0.82,,
15m,扫流动性+CHoCH→FVG,多,5笔等(2..8) 止盈3% 补满再亏5%止损 拿48根,0.91,0.98,,4061,4733,0,0.94,0.87,,
15m,扫流动性+CHoCH→FVG,多,5笔等(2..8) 止盈5% 补满再亏10%止损 拿18根,1.05,1.04,,4327,5091,0,0.86,0.84,,
15m,扫流动性+CHoCH→FVG,多,5笔等(2..8) 止盈5% 补满再亏10%止损 拿48根,0.92,0.93,,3972,4666,0,0.97,0.94,,
15m,扫流动性+CHoCH→FVG,多,5笔等(2..8) 止盈5% 补满再亏5%止损 拿18根,1.05,1.04,,4327,5091,0,0.88,0.83,,
15m,扫流动性+CHoCH→FVG,多,5笔等(2..8) 止盈5% 补满再亏5%止损 拿48根,0.93,0.93,,3973,4666,0,0.96,0.91,,
15m,扫流动性+CHoCH→FVG,多,5笔等(2..8) 止盈8% 补满再亏10%止损 拿18根,1.06,1.05,,4325,5088,0,0.88,0.85,,
15m,扫流动性+CHoCH→FVG,多,5笔等(2..8) 止盈8% 补满再亏10%止损 拿48根,0.96,0.89,,3941,4634,0,0.98,0.96,,
15m,扫流动性+CHoCH→FVG,多,5笔等(2..8) 止盈8% 补满再亏5%止损 拿18根,1.06,1.04,,4325,5088,0,0.9,0.84,,
15m,扫流动性+CHoCH→FVG,多,5笔等(2..8) 止盈8% 补满再亏5%止损 拿48根,0.96,0.9,,3942,4634,0,0.98,0.93,,
15m,扫流动性+CHoCH→FVG,多,6笔深(3..18) 止盈2% 补满再亏10%止损 拿18根,1.01,1.04,,4349,5107,0,0.87,0.8,,
15m,扫流动性+CHoCH→FVG,多,6笔深(3..18) 止盈2% 补满再亏10%止损 拿48根,0.98,0.82,,4117,4812,0,0.91,0.86,,
15m,扫流动性+CHoCH→FVG,多,6笔深(3..18) 止盈2% 补满再亏5%止损 拿18根,1.01,1.04,,4349,5107,0,0.83,0.81,,
15m,扫流动性+CHoCH→FVG,多,6笔深(3..18) 止盈2% 补满再亏5%止损 拿48根,0.95,0.86,,4117,4812,0,0.9,0.87,,
15m,扫流动性+CHoCH→FVG,多,6笔深(3..18) 止盈3% 补满再亏10%止损 拿18根,1.03,1.08,,4336,5096,0,0.86,0.82,,
15m,扫流动性+CHoCH→FVG,多,6笔深(3..18) 止盈3% 补满再亏10%止损 拿48根,0.99,0.93,,4042,4716,0,0.93,0.88,,
15m,扫流动性+CHoCH→FVG,多,6笔深(3..18) 止盈3% 补满再亏5%止损 拿18根,1.03,1.08,,4336,5096,0,0.84,0.83,,
15m,扫流动性+CHoCH→FVG,多,6笔深(3..18) 止盈3% 补满再亏5%止损 拿48根,0.97,0.96,,4042,4716,0,0.92,0.9,,
15m,扫流动性+CHoCH→FVG,多,6笔深(3..18) 止盈5% 补满再亏10%止损 拿18根,1.05,1.05,,4327,5091,0,0.85,0.86,,
15m,扫流动性+CHoCH→FVG,多,6笔深(3..18) 止盈5% 补满再亏10%止损 拿48根,0.99,0.92,,3965,4659,0,0.94,0.93,,
15m,扫流动性+CHoCH→FVG,多,6笔深(3..18) 止盈5% 补满再亏5%止损 拿18根,1.05,1.05,,4327,5091,0,0.84,0.86,,
15m,扫流动性+CHoCH→FVG,多,6笔深(3..18) 止盈5% 补满再亏5%止损 拿48根,0.97,0.95,,3965,4659,0,0.95,0.94,,
15m,扫流动性+CHoCH→FVG,多,6笔深(3..18) 止盈8% 补满再亏10%止损 拿18根,1.07,1.06,,4326,5088,0,0.86,0.86,,
15m,扫流动性+CHoCH→FVG,多,6笔深(3..18) 止盈8% 补满再亏10%止损 拿48根,1.01,0.89,,3939,4635,0,0.96,0.93,,
15m,扫流动性+CHoCH→FVG,多,6笔深(3..18) 止盈8% 补满再亏5%止损 拿18根,1.07,1.06,,4326,5088,0,0.86,0.87,,
15m,扫流动性+CHoCH→FVG,多,6笔深(3..18) 止盈8% 补满再亏5%止损 拿48根,0.99,0.91,,3939,4635,0,0.97,0.96,,
15m,扫流动性+CHoCH→FVG,多,原版（结构止损、盈亏比2）,0.96,0.88,,4192,4926,0,0.91,0.82,,
15m,BOS→FVG+大周期,空,3笔1:1:1(3/6) 止盈2% 补满再亏10%止损 拿18根,0.89,1.16,,3603,4818,0,0.82,0.86,,
15m,BOS→FVG+大周期,空,3笔1:1:1(3/6) 止盈2% 补满再亏10%止损 拿48根,1.08,1.17,,3428,4496,0,0.87,0.91,,
15m,BOS→FVG+大周期,空,3笔1:1:1(3/6) 止盈2% 补满再亏5%止损 拿18根,0.9,1.14,,3603,4818,0,0.82,0.87,,
15m,BOS→FVG+大周期,空,3笔1:1:1(3/6) 止盈2% 补满再亏5%止损 拿48根,1.07,1.18,,3428,4496,0,0.88,0.93,,
15m,BOS→FVG+大周期,空,3笔1:1:1(3/6) 止盈3% 补满再亏10%止损 拿18根,0.91,1.15,,3529,4724,0,0.81,0.85,,
15m,BOS→FVG+大周期,空,3笔1:1:1(3/6) 止盈3% 补满再亏10%止损 拿48根,1.1,1.11,,3217,4231,0,0.87,0.9,,
15m,BOS→FVG+大周期,空,3笔1:1:1(3/6) 止盈3% 补满再亏5%止损 拿18根,0.92,1.12,,3529,4724,0,0.81,0.86,,
15m,BOS→FVG+大周期,空,3笔1:1:1(3/6) 止盈3% 补满再亏5%止损 拿48根,1.09,1.11,,3217,4231,0,0.88,0.91,,
15m,BOS→FVG+大周期,空,3笔1:1:1(3/6) 止盈5% 补满再亏10%止损 拿18根,0.88,1.11,,3476,4669,0,0.78,0.84,,
15m,BOS→FVG+大周期,空,3笔1:1:1(3/6) 止盈5% 补满再亏10%止损 拿48根,1.02,1.06,,3034,4010,0,0.82,0.89,,
15m,BOS→FVG+大周期,空,3笔1:1:1(3/6) 止盈5% 补满再亏5%止损 拿18根,0.9,1.1,,3476,4669,0,0.78,0.85,,
15m,BOS→FVG+大周期,空,3笔1:1:1(3/6) 止盈5% 补满再亏5%止损 拿48根,1.03,1.08,,3034,4010,0,0.83,0.9,,
15m,BOS→FVG+大周期,空,3笔1:1:1(3/6) 止盈8% 补满再亏10%止损 拿18根,0.84,1.11,,3463,4656,0,0.78,0.83,,
15m,BOS→FVG+大周期,空,3笔1:1:1(3/6) 止盈8% 补满再亏10%止损 拿48根,0.97,1.08,,2936,3921,0,0.8,0.87,,
15m,BOS→FVG+大周期,空,3笔1:1:1(3/6) 止盈8% 补满再亏5%止损 拿18根,0.86,1.1,,3463,4656,0,0.78,0.84,,
15m,BOS→FVG+大周期,空,3笔1:1:1(3/6) 止盈8% 补满再亏5%止损 拿48根,0.97,1.1,,2936,3921,0,0.81,0.88,,
15m,BOS→FVG+大周期,空,3笔1:1:2(3/6) 止盈2% 补满再亏10%止损 拿18根,0.87,1.16,,3603,4818,0,0.81,0.85,,
15m,BOS→FVG+大周期,空,3笔1:1:2(3/6) 止盈2% 补满再亏10%止损 拿48根,1.08,1.16,,3429,4498,0,0.86,0.9,,
15m,BOS→FVG+大周期,空,3笔1:1:2(3/6) 止盈2% 补满再亏5%止损 拿18根,0.88,1.14,,3603,4818,0,0.81,0.87,,
15m,BOS→FVG+大周期,空,3笔1:1:2(3/6) 止盈2% 补满再亏5%止损 拿48根,1.06,1.18,,3429,4498,0,0.88,0.92,,
15m,BOS→FVG+大周期,空,3笔1:1:2(3/6) 止盈3% 补满再亏10%止损 拿18根,0.9,1.15,,3529,4724,0,0.8,0.85,,
15m,BOS→FVG+大周期,空,3笔1:1:2(3/6) 止盈3% 补满再亏10%止损 拿48根,1.09,1.11,,3217,4231,0,0.87,0.89,,
15m,BOS→FVG+大周期,空,3笔1:1:2(3/6) 止盈3% 补满再亏5%止损 拿18根,0.92,1.13,,3529,4724,0,0.8,0.86,,
15m,BOS→FVG+大周期,空,3笔1:1:2(3/6) 止盈3% 补满再亏5%止损 拿48根,1.09,1.11,,3217,4231,0,0.87,0.92,,
15m,BOS→FVG+大周期,空,3笔1:1:2(3/6) 止盈5% 补满再亏10%止损 拿18根,0.88,1.12,,3476,4669,0,0.77,0.84,,
15m,BOS→FVG+大周期,空,3笔1:1:2(3/6) 止盈5% 补满再亏10%止损 拿48根,1.02,1.06,,3034,4012,0,0.81,0.89,,
15m,BOS→FVG+大周期,空,3笔1:1:2(3/6) 止盈5% 补满再亏5%止损 拿18根,0.9,1.11,,3476,4669,0,0.78,0.86,,
15m,BOS→FVG+大周期,空,3笔1:1:2(3/6) 止盈5% 补满再亏5%止损 拿48根,1.03,1.08,,3034,4012,0,0.82,0.9,,
15m,BOS→FVG+大周期,空,3笔1:1:2(3/6) 止盈8% 补满再亏10%止损 拿18根,0.84,1.12,,3464,4656,0,0.77,0.83,,
15m,BOS→FVG+大周期,空,3笔1:1:2(3/6) 止盈8% 补满再亏10%止损 拿48根,0.97,1.07,,2937,3921,0,0.8,0.86,,
15m,BOS→FVG+大周期,空,3笔1:1:2(3/6) 止盈8% 补满再亏5%止损 拿18根,0.87,1.11,,3464,4656,0,0.78,0.85,,
15m,BOS→FVG+大周期,空,3笔1:1:2(3/6) 止盈8% 补满再亏5%止损 拿48根,0.97,1.1,,2937,3921,0,0.8,0.88,,
15m,BOS→FVG+大周期,空,5笔1:1:2:2:4(2..8) 止盈2% 补满再亏10%止损 拿18根,0.8,1.28,,3604,4818,0,0.81,0.85,,
15m,BOS→FVG+大周期,空,5笔1:1:2:2:4(2..8) 止盈2% 补满再亏10%止损 拿48根,1.08,1.19,,3435,4503,0,0.9,0.85,,
15m,BOS→FVG+大周期,空,5笔1:1:2:2:4(2..8) 止盈2% 补满再亏5%止损 拿18根,0.84,1.25,,3604,4818,0,0.81,0.88,,
15m,BOS→FVG+大周期,空,5笔1:1:2:2:4(2..8) 止盈2% 补满再亏5%止损 拿48根,1.1,1.17,,3435,4503,0,0.9,0.89,,
15m,BOS→FVG+大周期,空,5笔1:1:2:2:4(2..8) 止盈3% 补满再亏10%止损 拿18根,0.84,1.28,,3529,4724,0,0.79,0.85,,
15m,BOS→FVG+大周期,空,5笔1:1:2:2:4(2..8) 止盈3% 补满再亏10%止损 拿48根,1.06,1.24,,3226,4245,0,0.85,0.86,,
15m,BOS→FVG+大周期,空,5笔1:1:2:2:4(2..8) 止盈3% 补满再亏5%止损 拿18根,0.87,1.24,,3529,4724,0,0.79,0.88,,
15m,BOS→FVG+大周期,空,5笔1:1:2:2:4(2..8) 止盈3% 补满再亏5%止损 拿48根,1.08,1.21,,3226,4245,0,0.86,0.91,,
15m,BOS→FVG+大周期,空,5笔1:1:2:2:4(2..8) 止盈5% 补满再亏10%止损 拿18根,0.85,1.25,,3478,4671,0,0.76,0.84,,
15m,BOS→FVG+大周期,空,5笔1:1:2:2:4(2..8) 止盈5% 补满再亏10%止损 拿48根,1.01,1.06,,3041,4024,0,0.81,0.87,,
15m,BOS→FVG+大周期,空,5笔1:1:2:2:4(2..8) 止盈5% 补满再亏5%止损 拿18根,0.89,1.21,,3478,4671,0,0.75,0.88,,
15m,BOS→FVG+大周期,空,5笔1:1:2:2:4(2..8) 止盈5% 补满再亏5%止损 拿48根,1.01,1.06,,3041,4024,0,0.82,0.92,,
15m,BOS→FVG+大周期,空,5笔1:1:2:2:4(2..8) 止盈8% 补满再亏10%止损 拿18根,0.78,1.25,,3464,4657,0,0.75,0.83,,
15m,BOS→FVG+大周期,空,5笔1:1:2:2:4(2..8) 止盈8% 补满再亏10%止损 拿48根,0.95,1.09,,2940,3922,0,0.78,0.85,,
15m,BOS→FVG+大周期,空,5笔1:1:2:2:4(2..8) 止盈8% 补满再亏5%止损 拿18根,0.82,1.2,,3464,4657,0,0.75,0.88,,
15m,BOS→FVG+大周期,空,5笔1:1:2:2:4(2..8) 止盈8% 补满再亏5%止损 拿48根,0.96,1.07,,2940,3922,0,0.79,0.9,,
15m,BOS→FVG+大周期,空,5笔等(2..8) 止盈2% 补满再亏10%止损 拿18根,0.85,1.21,,3604,4818,0,0.8,0.85,,
15m,BOS→FVG+大周期,空,5笔等(2..8) 止盈2% 补满再亏10%止损 拿48根,1.1,1.2,,3434,4502,0,0.89,0.88,,
15m,BOS→FVG+大周期,空,5笔等(2..8) 止盈2% 补满再亏5%止损 拿18根,0.87,1.19,,3604,4818,0,0.8,0.86,,
15m,BOS→FVG+大周期,空,5笔等(2..8) 止盈2% 补满再亏5%止损 拿48根,1.11,1.18,,3434,4502,0,0.9,0.91,,✔
15m,BOS→FVG+大周期,空,5笔等(2..8) 止盈3% 补满再亏10%止损 拿18根,0.87,1.19,,3529,4724,0,0.79,0.85,,
15m,BOS→FVG+大周期,空,5笔等(2..8) 止盈3% 补满再亏10%止损 拿48根,1.06,1.14,,3226,4243,0,0.87,0.88,,
15m,BOS→FVG+大周期,空,5笔等(2..8) 止盈3% 补满再亏5%止损 拿18根,0.89,1.17,,3529,4724,0,0.79,0.87,,
15m,BOS→FVG+大周期,空,5笔等(2..8) 止盈3% 补满再亏5%止损 拿48根,1.07,1.13,,3226,4243,0,0.87,0.91,,
15m,BOS→FVG+大周期,空,5笔等(2..8) 止盈5% 补满再亏10%止损 拿18根,0.85,1.16,,3478,4671,0,0.76,0.83,,
15m,BOS→FVG+大周期,空,5笔等(2..8) 止盈5% 补满再亏10%止损 拿48根,1.0,1.07,,3041,4020,0,0.81,0.88,,
15m,BOS→FVG+大周期,空,5笔等(2..8) 止盈5% 补满再亏5%止损 拿18根,0.87,1.14,,3478,4671,0,0.76,0.86,,
15m,BOS→FVG+大周期,空,5笔等(2..8) 止盈5% 补满再亏5%止损 拿48根,1.01,1.06,,3041,4020,0,0.82,0.92,,
15m,BOS→FVG+大周期,空,5笔等(2..8) 止盈8% 补满再亏10%止损 拿18根,0.8,1.17,,3463,4657,0,0.76,0.83,,
15m,BOS→FVG+大周期,空,5笔等(2..8) 止盈8% 补满再亏10%止损 拿48根,0.95,1.1,,2936,3922,0,0.79,0.86,,
15m,BOS→FVG+大周期,空,5笔等(2..8) 止盈8% 补满再亏5%止损 拿18根,0.82,1.14,,3463,4657,0,0.76,0.85,,
15m,BOS→FVG+大周期,空,5笔等(2..8) 止盈8% 补满再亏5%止损 拿48根,0.95,1.08,,2936,3922,0,0.8,0.89,,
15m,BOS→FVG+大周期,空,6笔深(3..18) 止盈2% 补满再亏10%止损 拿18根,0.87,1.22,,3603,4818,0,0.81,0.84,,
15m,BOS→FVG+大周期,空,6笔深(3..18) 止盈2% 补满再亏10%止损 拿48根,1.07,1.22,,3428,4497,0,0.89,0.86,,
15m,BOS→FVG+大周期,空,6笔深(3..18) 止盈2% 补满再亏5%止损 拿18根,0.84,1.22,,3603,4818,0,0.82,0.84,,
15m,BOS→FVG+大周期,空,6笔深(3..18) 止盈2% 补满再亏5%止损 拿48根,1.07,1.22,,3428,4497,0,0.9,0.88,,
15m,BOS→FVG+大周期,空,6笔深(3..18) 止盈3% 补满再亏10%止损 拿18根,0.9,1.2,,3529,4724,0,0.8,0.84,,
15m,BOS→FVG+大周期,空,6笔深(3..18) 止盈3% 补满再亏10%止损 拿48根,1.1,1.14,,3217,4232,0,0.89,0.87,,✔
15m,BOS→FVG+大周期,空,6笔深(3..18) 止盈3% 补满再亏5%止损 拿18根,0.87,1.2,,3529,4724,0,0.81,0.84,,
15m,BOS→FVG+大周期,空,6笔深(3..18) 止盈3% 补满再亏5%止损 拿48根,1.07,1.13,,3217,4232,0,0.9,0.88,,
15m,BOS→FVG+大周期,空,6笔深(3..18) 止盈5% 补满再亏10%止损 拿18根,0.89,1.15,,3476,4669,0,0.76,0.81,,
15m,BOS→FVG+大周期,空,6笔深(3..18) 止盈5% 补满再亏10%止损 拿48根,1.03,1.06,,3034,4010,0,0.81,0.87,,
15m,BOS→FVG+大周期,空,6笔深(3..18) 止盈5% 补满再亏5%止损 拿18根,0.86,1.15,,3476,4669,0,0.77,0.81,,
15m,BOS→FVG+大周期,空,6笔深(3..18) 止盈5% 补满再亏5%止损 拿48根,1.03,1.05,,3034,4010,0,0.84,0.88,,
15m,BOS→FVG+大周期,空,6笔深(3..18) 止盈8% 补满再亏10%止损 拿18根,0.83,1.16,,3463,4656,0,0.76,0.81,,
15m,BOS→FVG+大周期,空,6笔深(3..18) 止盈8% 补满再亏10%止损 拿48根,1.0,1.11,,2936,3921,0,0.8,0.84,,
15m,BOS→FVG+大周期,空,6笔深(3..18) 止盈8% 补满再亏5%止损 拿18根,0.8,1.16,,3463,4656,0,0.77,0.8,,
15m,BOS→FVG+大周期,空,6笔深(3..18) 止盈8% 补满再亏5%止损 拿48根,0.98,1.1,,2936,3921,0,0.82,0.86,,
15m,BOS→FVG+大周期,空,原版（结构止损、盈亏比2）,0.93,1.01,,3227,4274,0,0.87,0.91,,
15m,BOS→FVG+大周期,多,3笔1:1:1(3/6) 止盈2% 补满再亏10%止损 拿18根,0.96,1.01,,3391,3772,0,0.84,0.8,,
15m,BOS→FVG+大周期,多,3笔1:1:1(3/6) 止盈2% 补满再亏10%止损 拿48根,1.02,1.05,,3196,3581,0,0.91,0.84,,
15m,BOS→FVG+大周期,多,3笔1:1:1(3/6) 止盈2% 补满再亏5%止损 拿18根,0.96,0.98,,3391,3772,0,0.84,0.8,,
15m,BOS→FVG+大周期,多,3笔1:1:1(3/6) 止盈2% 补满再亏5%止损 拿48根,1.01,1.04,,3196,3581,0,0.9,0.84,,
15m,BOS→FVG+大周期,多,3笔1:1:1(3/6) 止盈3% 补满再亏10%止损 拿18根,0.97,1.02,,3345,3714,0,0.86,0.81,,
15m,BOS→FVG+大周期,多,3笔1:1:1(3/6) 止盈3% 补满再亏10%止损 拿48根,1.05,1.08,,3040,3419,0,0.95,0.88,,
15m,BOS→FVG+大周期,多,3笔1:1:1(3/6) 止盈3% 补满再亏5%止损 拿18根,0.98,0.98,,3345,3714,0,0.86,0.8,,
15m,BOS→FVG+大周期,多,3笔1:1:1(3/6) 止盈3% 补满再亏5%止损 拿48根,1.02,1.06,,3040,3419,0,0.94,0.87,,
15m,BOS→FVG+大周期,多,3笔1:1:1(3/6) 止盈5% 补满再亏10%止损 拿18根,1.01,1.03,,3299,3672,0,0.87,0.82,,
15m,BOS→FVG+大周期,多,3笔1:1:1(3/6) 止盈5% 补满再亏10%止损 拿48根,1.05,1.08,,2879,3264,0,0.97,0.91,,
15m,BOS→FVG+大周期,多,3笔1:1:1(3/6) 止盈5% 补满再亏5%止损 拿18根,1.02,0.99,,3299,3672,0,0.87,0.81,,
15m,BOS→FVG+大周期,多,3笔1:1:1(3/6) 止盈5% 补满再亏5%止损 拿48根,1.03,1.08,,2879,3264,0,0.96,0.9,,
15m,BOS→FVG+大周期,多,3笔1:1:1(3/6) 止盈8% 补满再亏10%止损 拿18根,0.97,1.02,,3281,3653,0,0.88,0.82,,
15m,BOS→FVG+大周期,多,3笔1:1:1(3/6) 止盈8% 补满再亏10%止损 拿48根,1.04,1.07,,2798,3175,0,0.98,0.93,,
15m,BOS→FVG+大周期,多,3笔1:1:1(3/6) 止盈8% 补满再亏5%止损 拿18根,0.98,0.98,,3281,3653,0,0.89,0.81,,
15m,BOS→FVG+大周期,多,3笔1:1:1(3/6) 止盈8% 补满再亏5%止损 拿48根,1.01,1.06,,2798,3175,0,0.97,0.92,,
15m,BOS→FVG+大周期,多,3笔1:1:2(3/6) 止盈2% 补满再亏10%止损 拿18根,0.97,1.04,,3391,3772,0,0.84,0.8,,
15m,BOS→FVG+大周期,多,3笔1:1:2(3/6) 止盈2% 补满再亏10%止损 拿48根,1.04,1.06,,3196,3581,0,0.91,0.85,,
15m,BOS→FVG+大周期,多,3笔1:1:2(3/6) 止盈2% 补满再亏5%止损 拿18根,0.97,1.0,,3391,3772,0,0.84,0.81,,
15m,BOS→FVG+大周期,多,3笔1:1:2(3/6) 止盈2% 补满再亏5%止损 拿48根,1.03,1.05,,3196,3581,0,0.9,0.85,,
15m,BOS→FVG+大周期,多,3笔1:1:2(3/6) 止盈3% 补满再亏10%止损 拿18根,1.0,1.04,,3345,3714,0,0.86,0.82,,
15m,BOS→FVG+大周期,多,3笔1:1:2(3/6) 止盈3% 补满再亏10%止损 拿48根,1.09,1.07,,3040,3420,0,0.96,0.88,,
15m,BOS→FVG+大周期,多,3笔1:1:2(3/6) 止盈3% 补满再亏5%止损 拿18根,1.0,1.0,,3345,3714,0,0.87,0.81,,
15m,BOS→FVG+大周期,多,3笔1:1:2(3/6) 止盈3% 补满再亏5%止损 拿48根,1.06,1.06,,3040,3420,0,0.95,0.88,,
15m,BOS→FVG+大周期,多,3笔1:1:2(3/6) 止盈5% 补满再亏10%止损 拿18根,1.02,1.07,,3299,3672,0,0.88,0.83,,
15m,BOS→FVG+大周期,多,3笔1:1:2(3/6) 止盈5% 补满再亏10%止损 拿48根,1.07,1.11,,2879,3264,0,0.97,0.92,,
15m,BOS→FVG+大周期,多,3笔1:1:2(3/6) 止盈5% 补满再亏5%止损 拿18根,1.03,1.02,,3299,3672,0,0.88,0.82,,
15m,BOS→FVG+大周期,多,3笔1:1:2(3/6) 止盈5% 补满再亏5%止损 拿48根,1.05,1.11,,2879,3264,0,0.96,0.91,,
15m,BOS→FVG+大周期,多,3笔1:1:2(3/6) 止盈8% 补满再亏10%止损 拿18根,0.98,1.06,,3281,3653,0,0.88,0.83,,
15m,BOS→FVG+大周期,多,3笔1:1:2(3/6) 止盈8% 补满再亏10%止损 拿48根,1.05,1.08,,2798,3175,0,0.99,0.95,,
15m,BOS→FVG+大周期,多,3笔1:1:2(3/6) 止盈8% 补满再亏5%止损 拿18根,0.99,1.0,,3281,3653,0,0.89,0.83,,
15m,BOS→FVG+大周期,多,3笔1:1:2(3/6) 止盈8% 补满再亏5%止损 拿48根,1.02,1.07,,2798,3175,0,0.99,0.94,,
15m,BOS→FVG+大周期,多,5笔1:1:2:2:4(2..8) 止盈2% 补满再亏10%止损 拿18根,0.97,1.08,,3393,3772,0,0.86,0.85,,
15m,BOS→FVG+大周期,多,5笔1:1:2:2:4(2..8) 止盈2% 补满再亏10%止损 拿48根,1.07,1.0,,3203,3583,0,0.91,0.9,,
15m,BOS→FVG+大周期,多,5笔1:1:2:2:4(2..8) 止盈2% 补满再亏5%止损 拿18根,1.0,1.03,,3393,3772,0,0.89,0.83,,
15m,BOS→FVG+大周期,多,5笔1:1:2:2:4(2..8) 止盈2% 补满再亏5%止损 拿48根,1.07,1.0,,3203,3583,0,0.9,0.87,,
15m,BOS→FVG+大周期,多,5笔1:1:2:2:4(2..8) 止盈3% 补满再亏10%止损 拿18根,1.03,1.11,,3345,3718,0,0.89,0.86,,
15m,BOS→FVG+大周期,多,5笔1:1:2:2:4(2..8) 止盈3% 补满再亏10%止损 拿48根,1.16,1.05,,3041,3426,0,0.95,0.9,,
15m,BOS→FVG+大周期,多,5笔1:1:2:2:4(2..8) 止盈3% 补满再亏5%止损 拿18根,1.06,1.06,,3345,3718,0,0.92,0.85,,
15m,BOS→FVG+大周期,多,5笔1:1:2:2:4(2..8) 止盈3% 补满再亏5%止损 拿48根,1.15,1.05,,3041,3426,0,0.95,0.87,,
15m,BOS→FVG+大周期,多,5笔1:1:2:2:4(2..8) 止盈5% 补满再亏10%止损 拿18根,1.07,1.18,,3299,3672,0,0.89,0.89,,
15m,BOS→FVG+大周期,多,5笔1:1:2:2:4(2..8) 止盈5% 补满再亏10%止损 拿48根,1.13,1.12,,2883,3268,0,0.99,0.98,,✔
15m,BOS→FVG+大周期,多,5笔1:1:2:2:4(2..8) 止盈5% 补满再亏5%止损 拿18根,1.1,1.11,,3299,3672,0,0.92,0.87,,✔
15m,BOS→FVG+大周期,多,5笔1:1:2:2:4(2..8) 止盈5% 补满再亏5%止损 拿48根,1.13,1.11,,2883,3268,0,0.98,0.93,,✔
15m,BOS→FVG+大周期,多,5笔1:1:2:2:4(2..8) 止盈8% 补满再亏10%止损 拿18根,0.96,1.19,,3281,3653,0,0.89,0.91,,
15m,BOS→FVG+大周期,多,5笔1:1:2:2:4(2..8) 止盈8% 补满再亏10%止损 拿48根,1.03,1.1,,2799,3178,0,1.01,1.0,,
15m,BOS→FVG+大周期,多,5笔1:1:2:2:4(2..8) 止盈8% 补满再亏5%止损 拿18根,0.98,1.1,,3281,3653,0,0.93,0.89,,
15m,BOS→FVG+大周期,多,5笔1:1:2:2:4(2..8) 止盈8% 补满再亏5%止损 拿48根,1.03,1.09,,2799,3178,0,1.01,0.96,,
15m,BOS→FVG+大周期,多,5笔等(2..8) 止盈2% 补满再亏10%止损 拿18根,0.94,1.03,,3393,3772,0,0.84,0.82,,
15m,BOS→FVG+大周期,多,5笔等(2..8) 止盈2% 补满再亏10%止损 拿48根,1.01,1.02,,3203,3583,0,0.9,0.89,,
15m,BOS→FVG+大周期,多,5笔等(2..8) 止盈2% 补满再亏5%止损 拿18根,0.96,1.0,,3393,3772,0,0.85,0.81,,
15m,BOS→FVG+大周期,多,5笔等(2..8) 止盈2% 补满再亏5%止损 拿48根,1.01,1.01,,3203,3583,0,0.89,0.85,,
15m,BOS→FVG+大周期,多,5笔等(2..8) 止盈3% 补满再亏10%止损 拿18根,0.98,1.06,,3345,3718,0,0.86,0.83,,
15m,BOS→FVG+大周期,多,5笔等(2..8) 止盈3% 补满再亏10%止损 拿48根,1.05,1.07,,3041,3424,0,0.95,0.89,,
15m,BOS→FVG+大周期,多,5笔等(2..8) 止盈3% 补满再亏5%止损 拿18根,1.0,1.02,,3345,3718,0,0.88,0.82,,
15m,BOS→FVG+大周期,多,5笔等(2..8) 止盈3% 补满再亏5%止损 拿48根,1.05,1.06,,3041,3424,0,0.94,0.87,,
15m,BOS→FVG+大周期,多,5笔等(2..8) 止盈5% 补满再亏10%止损 拿18根,0.99,1.08,,3299,3672,0,0.86,0.84,,
15m,BOS→FVG+大周期,多,5笔等(2..8) 止盈5% 补满再亏10%止损 拿48根,1.03,1.11,,2882,3267,0,0.97,0.94,,
15m,BOS→FVG+大周期,多,5笔等(2..8) 止盈5% 补满再亏5%止损 拿18根,1.01,1.04,,3299,3672,0,0.88,0.83,,
15m,BOS→FVG+大周期,多,5笔等(2..8) 止盈5% 补满再亏5%止损 拿48根,1.04,1.09,,2882,3267,0,0.96,0.91,,
15m,BOS→FVG+大周期,多,5笔等(2..8) 止盈8% 补满再亏10%止损 拿18根,0.95,1.07,,3281,3653,0,0.88,0.85,,
15m,BOS→FVG+大周期,多,5笔等(2..8) 止盈8% 补满再亏10%止损 拿48根,1.0,1.08,,2799,3178,0,0.98,0.96,,
15m,BOS→FVG+大周期,多,5笔等(2..8) 止盈8% 补满再亏5%止损 拿18根,0.97,1.02,,3281,3653,0,0.9,0.84,,
15m,BOS→FVG+大周期,多,5笔等(2..8) 止盈8% 补满再亏5%止损 拿48根,1.0,1.06,,2799,3178,0,0.98,0.93,,
15m,BOS→FVG+大周期,多,6笔深(3..18) 止盈2% 补满再亏10%止损 拿18根,0.98,1.03,,3391,3772,0,0.87,0.8,,
15m,BOS→FVG+大周期,多,6笔深(3..18) 止盈2% 补满再亏10%止损 拿48根,1.05,0.94,,3196,3581,0,0.91,0.86,,
15m,BOS→FVG+大周期,多,6笔深(3..18) 止盈2% 补满再亏5%止损 拿18根,0.98,1.03,,3391,3772,0,0.83,0.81,,
15m,BOS→FVG+大周期,多,6笔深(3..18) 止盈2% 补满再亏5%止损 拿48根,1.04,0.99,,3196,3581,0,0.9,0.87,,
15m,BOS→FVG+大周期,多,6笔深(3..18) 止盈3% 补满再亏10%止损 拿18根,0.99,1.05,,3345,3714,0,0.86,0.82,,
15m,BOS→FVG+大周期,多,6笔深(3..18) 止盈3% 补满再亏10%止损 拿48根,1.07,0.98,,3040,3419,0,0.93,0.88,,
15m,BOS→FVG+大周期,多,6笔深(3..18) 止盈3% 补满再亏5%止损 拿18根,0.99,1.05,,3345,3714,0,0.84,0.83,,
15m,BOS→FVG+大周期,多,6笔深(3..18) 止盈3% 补满再亏5%止损 拿48根,1.07,1.03,,3040,3419,0,0.92,0.9,,
15m,BOS→FVG+大周期,多,6笔深(3..18) 止盈5% 补满再亏10%止损 拿18根,1.03,1.08,,3299,3672,0,0.85,0.86,,
15m,BOS→FVG+大周期,多,6笔深(3..18) 止盈5% 补满再亏10%止损 拿48根,1.09,0.98,,2879,3264,0,0.94,0.93,,
15m,BOS→FVG+大周期,多,6笔深(3..18) 止盈5% 补满再亏5%止损 拿18根,1.03,1.08,,3299,3672,0,0.84,0.86,,
15m,BOS→FVG+大周期,多,6笔深(3..18) 止盈5% 补满再亏5%止损 拿48根,1.09,1.03,,2879,3264,0,0.95,0.94,,
15m,BOS→FVG+大周期,多,6笔深(3..18) 止盈8% 补满再亏10%止损 拿18根,1.0,1.11,,3281,3653,0,0.86,0.86,,
15m,BOS→FVG+大周期,多,6笔深(3..18) 止盈8% 补满再亏10%止损 拿48根,1.1,0.99,,2797,3175,0,0.96,0.93,,
15m,BOS→FVG+大周期,多,6笔深(3..18) 止盈8% 补满再亏5%止损 拿18根,1.0,1.11,,3281,3653,0,0.86,0.87,,
15m,BOS→FVG+大周期,多,6笔深(3..18) 止盈8% 补满再亏5%止损 拿48根,1.1,1.05,,2797,3175,0,0.97,0.96,,
15m,BOS→FVG+大周期,多,原版（结构止损、盈亏比2）,0.97,0.98,,3019,3396,0,0.91,0.82,,
15m,BOS→OB+大周期,空,3笔1:1:1(3/6) 止盈2% 补满再亏10%止损 拿18根,0.92,1.12,,4447,5999,0,0.82,0.86,,
15m,BOS→OB+大周期,空,3笔1:1:1(3/6) 止盈2% 补满再亏10%止损 拿48根,1.12,1.17,,4213,5571,0,0.87,0.91,,✔
15m,BOS→OB+大周期,空,3笔1:1:1(3/6) 止盈2% 补满再亏5%止损 拿18根,0.94,1.12,,4447,5999,0,0.82,0.87,,
15m,BOS→OB+大周期,空,3笔1:1:1(3/6) 止盈2% 补满再亏5%止损 拿48根,1.1,1.15,,4213,5571,0,0.88,0.93,,
15m,BOS→OB+大周期,空,3笔1:1:1(3/6) 止盈3% 补满再亏10%止损 拿18根,0.91,1.14,,4374,5913,0,0.81,0.85,,
15m,BOS→OB+大周期,空,3笔1:1:1(3/6) 止盈3% 补满再亏10%止损 拿48根,1.09,1.19,,3968,5242,0,0.87,0.9,,
15m,BOS→OB+大周期,空,3笔1:1:1(3/6) 止盈3% 补满再亏5%止损 拿18根,0.93,1.14,,4374,5913,0,0.81,0.86,,
15m,BOS→OB+大周期,空,3笔1:1:1(3/6) 止盈3% 补满再亏5%止损 拿48根,1.08,1.18,,3968,5242,0,0.88,0.91,,
15m,BOS→OB+大周期,空,3笔1:1:1(3/6) 止盈5% 补满再亏10%止损 拿18根,0.88,1.11,,4305,5852,0,0.78,0.84,,
15m,BOS→OB+大周期,空,3笔1:1:1(3/6) 止盈5% 补满再亏10%止损 拿48根,1.03,1.14,,3692,4936,0,0.82,0.89,,
15m,BOS→OB+大周期,空,3笔1:1:1(3/6) 止盈5% 补满再亏5%止损 拿18根,0.9,1.11,,4305,5852,0,0.78,0.85,,
15m,BOS→OB+大周期,空,3笔1:1:1(3/6) 止盈5% 补满再亏5%止损 拿48根,1.04,1.13,,3692,4936,0,0.83,0.9,,
15m,BOS→OB+大周期,空,3笔1:1:1(3/6) 止盈8% 补满再亏10%止损 拿18根,0.84,1.09,,4289,5831,0,0.78,0.83,,
15m,BOS→OB+大周期,空,3笔1:1:1(3/6) 止盈8% 补满再亏10%止损 拿48根,1.0,1.12,,3591,4809,0,0.8,0.87,,
15m,BOS→OB+大周期,空,3笔1:1:1(3/6) 止盈8% 补满再亏5%止损 拿18根,0.86,1.1,,4289,5831,0,0.78,0.84,,
15m,BOS→OB+大周期,空,3笔1:1:1(3/6) 止盈8% 补满再亏5%止损 拿48根,1.01,1.11,,3591,4809,0,0.81,0.88,,
15m,BOS→OB+大周期,空,3笔1:1:2(3/6) 止盈2% 补满再亏10%止损 拿18根,0.92,1.11,,4447,5999,0,0.81,0.85,,
15m,BOS→OB+大周期,空,3笔1:1:2(3/6) 止盈2% 补满再亏10%止损 拿48根,1.13,1.16,,4213,5573,0,0.86,0.9,,✔
15m,BOS→OB+大周期,空,3笔1:1:2(3/6) 止盈2% 补满再亏5%止损 拿18根,0.94,1.12,,4447,5999,0,0.81,0.87,,
15m,BOS→OB+大周期,空,3笔1:1:2(3/6) 止盈2% 补满再亏5%止损 拿48根,1.1,1.14,,4213,5573,0,0.88,0.92,,
15m,BOS→OB+大周期,空,3笔1:1:2(3/6) 止盈3% 补满再亏10%止损 拿18根,0.93,1.13,,4374,5913,0,0.8,0.85,,
15m,BOS→OB+大周期,空,3笔1:1:2(3/6) 止盈3% 补满再亏10%止损 拿48根,1.11,1.19,,3968,5242,0,0.87,0.89,,✔
15m,BOS→OB+大周期,空,3笔1:1:2(3/6) 止盈3% 补满再亏5%止损 拿18根,0.94,1.14,,4374,5913,0,0.8,0.86,,
15m,BOS→OB+大周期,空,3笔1:1:2(3/6) 止盈3% 补满再亏5%止损 拿48根,1.09,1.18,,3968,5242,0,0.87,0.92,,
15m,BOS→OB+大周期,空,3笔1:1:2(3/6) 止盈5% 补满再亏10%止损 拿18根,0.87,1.12,,4305,5852,0,0.77,0.84,,
15m,BOS→OB+大周期,空,3笔1:1:2(3/6) 止盈5% 补满再亏10%止损 拿48根,1.04,1.13,,3692,4936,0,0.81,0.89,,
15m,BOS→OB+大周期,空,3笔1:1:2(3/6) 止盈5% 补满再亏5%止损 拿18根,0.9,1.13,,4305,5852,0,0.78,0.86,,
15m,BOS→OB+大周期,空,3笔1:1:2(3/6) 止盈5% 补满再亏5%止损 拿48根,1.05,1.12,,3692,4936,0,0.82,0.9,,
15m,BOS→OB+大周期,空,3笔1:1:2(3/6) 止盈8% 补满再亏10%止损 拿18根,0.84,1.1,,4289,5831,0,0.77,0.83,,
15m,BOS→OB+大周期,空,3笔1:1:2(3/6) 止盈8% 补满再亏10%止损 拿48根,1.0,1.12,,3591,4809,0,0.8,0.86,,
15m,BOS→OB+大周期,空,3笔1:1:2(3/6) 止盈8% 补满再亏5%止损 拿18根,0.86,1.11,,4289,5831,0,0.78,0.85,,
15m,BOS→OB+大周期,空,3笔1:1:2(3/6) 止盈8% 补满再亏5%止损 拿48根,1.01,1.1,,3591,4809,0,0.8,0.88,,
15m,BOS→OB+大周期,空,5笔1:1:2:2:4(2..8) 止盈2% 补满再亏10%止损 拿18根,0.89,1.15,,4448,6001,0,0.81,0.85,,
15m,BOS→OB+大周期,空,5笔1:1:2:2:4(2..8) 止盈2% 补满再亏10%止损 拿48根,1.09,1.12,,4226,5589,0,0.9,0.85,,
15m,BOS→OB+大周期,空,5笔1:1:2:2:4(2..8) 止盈2% 补满再亏5%止损 拿18根,0.93,1.14,,4448,6001,0,0.81,0.88,,
15m,BOS→OB+大周期,空,5笔1:1:2:2:4(2..8) 止盈2% 补满再亏5%止损 拿48根,1.11,1.13,,4226,5589,0,0.9,0.89,,✔
15m,BOS→OB+大周期,空,5笔1:1:2:2:4(2..8) 止盈3% 补满再亏10%止损 拿18根,0.89,1.21,,4375,5914,0,0.79,0.85,,
15m,BOS→OB+大周期,空,5笔1:1:2:2:4(2..8) 止盈3% 补满再亏10%止损 拿48根,1.16,1.22,,3974,5259,0,0.85,0.86,,✔
15m,BOS→OB+大周期,空,5笔1:1:2:2:4(2..8) 止盈3% 补满再亏5%止损 拿18根,0.93,1.2,,4375,5914,0,0.79,0.88,,
15m,BOS→OB+大周期,空,5笔1:1:2:2:4(2..8) 止盈3% 补满再亏5%止损 拿48根,1.18,1.23,,3974,5259,0,0.86,0.91,,✔
15m,BOS→OB+大周期,空,5笔1:1:2:2:4(2..8) 止盈5% 补满再亏10%止损 拿18根,0.82,1.18,,4305,5852,0,0.76,0.84,,
15m,BOS→OB+大周期,空,5笔1:1:2:2:4(2..8) 止盈5% 补满再亏10%止损 拿48根,1.02,1.12,,3698,4947,0,0.81,0.87,,
15m,BOS→OB+大周期,空,5笔1:1:2:2:4(2..8) 止盈5% 补满再亏5%止损 拿18根,0.87,1.16,,4305,5852,0,0.75,0.88,,
15m,BOS→OB+大周期,空,5笔1:1:2:2:4(2..8) 止盈5% 补满再亏5%止损 拿48根,1.05,1.12,,3698,4947,0,0.82,0.92,,
15m,BOS→OB+大周期,空,5笔1:1:2:2:4(2..8) 止盈8% 补满再亏10%止损 拿18根,0.8,1.16,,4290,5831,0,0.75,0.83,,
15m,BOS→OB+大周期,空,5笔1:1:2:2:4(2..8) 止盈8% 补满再亏10%止损 拿48根,0.99,1.13,,3594,4813,0,0.78,0.85,,
15m,BOS→OB+大周期,空,5笔1:1:2:2:4(2..8) 止盈8% 补满再亏5%止损 拿18根,0.84,1.14,,4290,5831,0,0.75,0.88,,
15m,BOS→OB+大周期,空,5笔1:1:2:2:4(2..8) 止盈8% 补满再亏5%止损 拿48根,1.02,1.13,,3594,4813,0,0.79,0.9,,
15m,BOS→OB+大周期,空,5笔等(2..8) 止盈2% 补满再亏10%止损 拿18根,0.9,1.16,,4448,6001,0,0.8,0.85,,
15m,BOS→OB+大周期,空,5笔等(2..8) 止盈2% 补满再亏10%止损 拿48根,1.12,1.15,,4226,5587,0,0.89,0.88,,✔
15m,BOS→OB+大周期,空,5笔等(2..8) 止盈2% 补满再亏5%止损 拿18根,0.93,1.15,,4448,6001,0,0.8,0.86,,
15m,BOS→OB+大周期,空,5笔等(2..8) 止盈2% 补满再亏5%止损 拿48根,1.13,1.16,,4226,5587,0,0.9,0.91,,✔
15m,BOS→OB+大周期,空,5笔等(2..8) 止盈3% 补满再亏10%止损 拿18根,0.9,1.18,,4375,5914,0,0.79,0.85,,
15m,BOS→OB+大周期,空,5笔等(2..8) 止盈3% 补满再亏10%止损 拿48根,1.09,1.22,,3974,5254,0,0.87,0.88,,
15m,BOS→OB+大周期,空,5笔等(2..8) 止盈3% 补满再亏5%止损 拿18根,0.92,1.17,,4375,5914,0,0.79,0.87,,
15m,BOS→OB+大周期,空,5笔等(2..8) 止盈3% 补满再亏5%止损 拿48根,1.11,1.22,,3974,5254,0,0.87,0.91,,✔
15m,BOS→OB+大周期,空,5笔等(2..8) 止盈5% 补满再亏10%止损 拿18根,0.85,1.15,,4305,5852,0,0.76,0.83,,
15m,BOS→OB+大周期,空,5笔等(2..8) 止盈5% 补满再亏10%止损 拿48根,1.02,1.15,,3697,4945,0,0.81,0.88,,
15m,BOS→OB+大周期,空,5笔等(2..8) 止盈5% 补满再亏5%止损 拿18根,0.88,1.14,,4305,5852,0,0.76,0.86,,
15m,BOS→OB+大周期,空,5笔等(2..8) 止盈5% 补满再亏5%止损 拿48根,1.04,1.15,,3697,4945,0,0.82,0.92,,
15m,BOS→OB+大周期,空,5笔等(2..8) 止盈8% 补满再亏10%止损 拿18根,0.82,1.14,,4290,5831,0,0.76,0.83,,
15m,BOS→OB+大周期,空,5笔等(2..8) 止盈8% 补满再亏10%止损 拿48根,0.99,1.13,,3593,4812,0,0.79,0.86,,
15m,BOS→OB+大周期,空,5笔等(2..8) 止盈8% 补满再亏5%止损 拿18根,0.84,1.12,,4290,5831,0,0.76,0.85,,
15m,BOS→OB+大周期,空,5笔等(2..8) 止盈8% 补满再亏5%止损 拿48根,1.01,1.13,,3593,4812,0,0.8,0.89,,
15m,BOS→OB+大周期,空,6笔深(3..18) 止盈2% 补满再亏10%止损 拿18根,0.94,1.15,,4447,5999,0,0.81,0.84,,
15m,BOS→OB+大周期,空,6笔深(3..18) 止盈2% 补满再亏10%止损 拿48根,1.19,1.15,,4213,5573,0,0.89,0.86,,✔
15m,BOS→OB+大周期,空,6笔深(3..18) 止盈2% 补满再亏5%止损 拿18根,0.93,1.15,,4447,5999,0,0.82,0.84,,
15m,BOS→OB+大周期,空,6笔深(3..18) 止盈2% 补满再亏5%止损 拿48根,1.17,1.13,,4213,5573,0,0.9,0.88,,✔
15m,BOS→OB+大周期,空,6笔深(3..18) 止盈3% 补满再亏10%止损 拿18根,0.93,1.17,,4374,5913,0,0.8,0.84,,
15m,BOS→OB+大周期,空,6笔深(3..18) 止盈3% 补满再亏10%止损 拿48根,1.13,1.18,,3968,5244,0,0.89,0.87,,✔
15m,BOS→OB+大周期,空,6笔深(3..18) 止盈3% 补满再亏5%止损 拿18根,0.92,1.17,,4374,5913,0,0.81,0.84,,
15m,BOS→OB+大周期,空,6笔深(3..18) 止盈3% 补满再亏5%止损 拿48根,1.13,1.17,,3968,5244,0,0.9,0.88,,✔
15m,BOS→OB+大周期,空,6笔深(3..18) 止盈5% 补满再亏10%止损 拿18根,0.87,1.14,,4305,5852,0,0.76,0.81,,
15m,BOS→OB+大周期,空,6笔深(3..18) 止盈5% 补满再亏10%止损 拿48根,1.07,1.1,,3692,4936,0,0.81,0.87,,
15m,BOS→OB+大周期,空,6笔深(3..18) 止盈5% 补满再亏5%止损 拿18根,0.86,1.13,,4305,5852,0,0.77,0.81,,
15m,BOS→OB+大周期,空,6笔深(3..18) 止盈5% 补满再亏5%止损 拿48根,1.06,1.1,,3692,4936,0,0.84,0.88,,
15m,BOS→OB+大周期,空,6笔深(3..18) 止盈8% 补满再亏10%止损 拿18根,0.83,1.13,,4289,5831,0,0.76,0.81,,
15m,BOS→OB+大周期,空,6笔深(3..18) 止盈8% 补满再亏10%止损 拿48根,1.03,1.1,,3591,4809,0,0.8,0.84,,
15m,BOS→OB+大周期,空,6笔深(3..18) 止盈8% 补满再亏5%止损 拿18根,0.82,1.13,,4289,5831,0,0.77,0.8,,
15m,BOS→OB+大周期,空,6笔深(3..18) 止盈8% 补满再亏5%止损 拿48根,1.02,1.09,,3591,4809,0,0.82,0.86,,
15m,BOS→OB+大周期,空,原版（结构止损、盈亏比2）,0.92,0.93,,4131,5552,0,0.87,0.91,,
15m,BOS→OB+大周期,多,3笔1:1:1(3/6) 止盈2% 补满再亏10%止损 拿18根,1.01,0.96,,4347,4914,0,0.84,0.8,,
15m,BOS→OB+大周期,多,3笔1:1:1(3/6) 止盈2% 补满再亏10%止损 拿48根,1.13,0.98,,4055,4639,0,0.91,0.84,,
15m,BOS→OB+大周期,多,3笔1:1:1(3/6) 止盈2% 补满再亏5%止损 拿18根,1.02,0.95,,4347,4914,0,0.84,0.8,,
15m,BOS→OB+大周期,多,3笔1:1:1(3/6) 止盈2% 补满再亏5%止损 拿48根,1.12,0.98,,4055,4639,0,0.9,0.84,,
15m,BOS→OB+大周期,多,3笔1:1:1(3/6) 止盈3% 补满再亏10%止损 拿18根,1.0,0.99,,4267,4851,0,0.86,0.81,,
15m,BOS→OB+大周期,多,3笔1:1:1(3/6) 止盈3% 补满再亏10%止损 拿48根,1.08,1.03,,3808,4402,0,0.95,0.88,,
15m,BOS→OB+大周期,多,3笔1:1:1(3/6) 止盈3% 补满再亏5%止损 拿18根,1.01,0.98,,4267,4851,0,0.86,0.8,,
15m,BOS→OB+大周期,多,3笔1:1:1(3/6) 止盈3% 补满再亏5%止损 拿48根,1.07,1.04,,3808,4402,0,0.94,0.87,,
15m,BOS→OB+大周期,多,3笔1:1:1(3/6) 止盈5% 补满再亏10%止损 拿18根,0.99,1.02,,4200,4790,0,0.87,0.82,,
15m,BOS→OB+大周期,多,3笔1:1:1(3/6) 止盈5% 补满再亏10%止损 拿48根,1.09,1.1,,3596,4183,0,0.97,0.91,,
15m,BOS→OB+大周期,多,3笔1:1:1(3/6) 止盈5% 补满再亏5%止损 拿18根,1.0,1.0,,4200,4790,0,0.87,0.81,,
15m,BOS→OB+大周期,多,3笔1:1:1(3/6) 止盈5% 补满再亏5%止损 拿48根,1.08,1.12,,3596,4183,0,0.96,0.9,,
15m,BOS→OB+大周期,多,3笔1:1:1(3/6) 止盈8% 补满再亏10%止损 拿18根,0.98,1.01,,4176,4771,0,0.88,0.82,,
15m,BOS→OB+大周期,多,3笔1:1:1(3/6) 止盈8% 补满再亏10%止损 拿48根,1.09,1.09,,3478,4063,0,0.98,0.93,,
15m,BOS→OB+大周期,多,3笔1:1:1(3/6) 止盈8% 补满再亏5%止损 拿18根,1.0,0.99,,4176,4771,0,0.89,0.81,,
15m,BOS→OB+大周期,多,3笔1:1:1(3/6) 止盈8% 补满再亏5%止损 拿48根,1.08,1.11,,3478,4063,0,0.97,0.92,,
15m,BOS→OB+大周期,多,3笔1:1:2(3/6) 止盈2% 补满再亏10%止损 拿18根,1.02,0.96,,4347,4914,0,0.84,0.8,,
15m,BOS→OB+大周期,多,3笔1:1:2(3/6) 止盈2% 补满再亏10%止损 拿48根,1.13,0.96,,4055,4639,0,0.91,0.85,,
15m,BOS→OB+大周期,多,3笔1:1:2(3/6) 止盈2% 补满再亏5%止损 拿18根,1.02,0.95,,4347,4914,0,0.84,0.81,,
15m,BOS→OB+大周期,多,3笔1:1:2(3/6) 止盈2% 补满再亏5%止损 拿48根,1.13,0.98,,4055,4639,0,0.9,0.85,,
15m,BOS→OB+大周期,多,3笔1:1:2(3/6) 止盈3% 补满再亏10%止损 拿18根,1.0,1.0,,4267,4851,0,0.86,0.82,,
15m,BOS→OB+大周期,多,3笔1:1:2(3/6) 止盈3% 补满再亏10%止损 拿48根,1.11,1.04,,3809,4403,0,0.96,0.88,,
15m,BOS→OB+大周期,多,3笔1:1:2(3/6) 止盈3% 补满再亏5%止损 拿18根,1.02,0.99,,4267,4851,0,0.87,0.81,,
15m,BOS→OB+大周期,多,3笔1:1:2(3/6) 止盈3% 补满再亏5%止损 拿48根,1.1,1.05,,3809,4403,0,0.95,0.88,,
15m,BOS→OB+大周期,多,3笔1:1:2(3/6) 止盈5% 补满再亏10%止损 拿18根,0.99,1.03,,4200,4790,0,0.88,0.83,,
15m,BOS→OB+大周期,多,3笔1:1:2(3/6) 止盈5% 补满再亏10%止损 拿48根,1.12,1.09,,3597,4183,0,0.97,0.92,,
15m,BOS→OB+大周期,多,3笔1:1:2(3/6) 止盈5% 补满再亏5%止损 拿18根,1.0,1.01,,4200,4790,0,0.88,0.82,,
15m,BOS→OB+大周期,多,3笔1:1:2(3/6) 止盈5% 补满再亏5%止损 拿48根,1.11,1.11,,3597,4183,0,0.96,0.91,,✔
15m,BOS→OB+大周期,多,3笔1:1:2(3/6) 止盈8% 补满再亏10%止损 拿18根,1.0,1.04,,4176,4771,0,0.88,0.83,,
15m,BOS→OB+大周期,多,3笔1:1:2(3/6) 止盈8% 补满再亏10%止损 拿48根,1.1,1.1,,3478,4064,0,0.99,0.95,,✔
15m,BOS→OB+大周期,多,3笔1:1:2(3/6) 止盈8% 补满再亏5%止损 拿18根,1.01,1.02,,4176,4771,0,0.89,0.83,,
15m,BOS→OB+大周期,多,3笔1:1:2(3/6) 止盈8% 补满再亏5%止损 拿48根,1.09,1.12,,3478,4064,0,0.99,0.94,,
15m,BOS→OB+大周期,多,5笔1:1:2:2:4(2..8) 止盈2% 补满再亏10%止损 拿18根,1.04,1.04,,4349,4914,0,0.86,0.85,,
15m,BOS→OB+大周期,多,5笔1:1:2:2:4(2..8) 止盈2% 补满再亏10%止损 拿48根,1.18,0.93,,4064,4643,0,0.91,0.9,,
15m,BOS→OB+大周期,多,5笔1:1:2:2:4(2..8) 止盈2% 补满再亏5%止损 拿18根,1.03,1.03,,4349,4914,0,0.89,0.83,,
15m,BOS→OB+大周期,多,5笔1:1:2:2:4(2..8) 止盈2% 补满再亏5%止损 拿48根,1.17,0.95,,4064,4643,0,0.9,0.87,,
15m,BOS→OB+大周期,多,5笔1:1:2:2:4(2..8) 止盈3% 补满再亏10%止损 拿18根,1.1,1.12,,4269,4853,0,0.89,0.86,,
15m,BOS→OB+大周期,多,5笔1:1:2:2:4(2..8) 止盈3% 补满再亏10%止损 拿48根,1.29,1.03,,3821,4419,0,0.95,0.9,,
15m,BOS→OB+大周期,多,5笔1:1:2:2:4(2..8) 止盈3% 补满再亏5%止损 拿18根,1.08,1.1,,4269,4853,0,0.92,0.85,,
15m,BOS→OB+大周期,多,5笔1:1:2:2:4(2..8) 止盈3% 补满再亏5%止损 拿48根,1.28,1.06,,3821,4419,0,0.95,0.87,,
15m,BOS→OB+大周期,多,5笔1:1:2:2:4(2..8) 止盈5% 补满再亏10%止损 拿18根,1.0,1.2,,4200,4792,0,0.89,0.89,,
15m,BOS→OB+大周期,多,5笔1:1:2:2:4(2..8) 止盈5% 补满再亏10%止损 拿48根,1.19,1.18,,3602,4190,0,0.99,0.98,,✔
15m,BOS→OB+大周期,多,5笔1:1:2:2:4(2..8) 止盈5% 补满再亏5%止损 拿18根,0.99,1.17,,4200,4792,0,0.92,0.87,,
15m,BOS→OB+大周期,多,5笔1:1:2:2:4(2..8) 止盈5% 补满再亏5%止损 拿48根,1.19,1.19,,3602,4190,0,0.98,0.93,,✔
15m,BOS→OB+大周期,多,5笔1:1:2:2:4(2..8) 止盈8% 补满再亏10%止损 拿18根,1.0,1.21,,4176,4771,0,0.89,0.91,,
15m,BOS→OB+大周期,多,5笔1:1:2:2:4(2..8) 止盈8% 补满再亏10%止损 拿48根,1.17,1.16,,3478,4068,0,1.01,1.0,,✔
15m,BOS→OB+大周期,多,5笔1:1:2:2:4(2..8) 止盈8% 补满再亏5%止损 拿18根,0.98,1.18,,4176,4771,0,0.93,0.89,,
15m,BOS→OB+大周期,多,5笔1:1:2:2:4(2..8) 止盈8% 补满再亏5%止损 拿48根,1.17,1.16,,3478,4068,0,1.01,0.96,,✔
15m,BOS→OB+大周期,多,5笔等(2..8) 止盈2% 补满再亏10%止损 拿18根,1.02,1.01,,4349,4914,0,0.84,0.82,,
15m,BOS→OB+大周期,多,5笔等(2..8) 止盈2% 补满再亏10%止损 拿48根,1.14,0.98,,4064,4643,0,0.9,0.89,,
15m,BOS→OB+大周期,多,5笔等(2..8) 止盈2% 补满再亏5%止损 拿18根,1.0,0.99,,4349,4914,0,0.85,0.81,,
15m,BOS→OB+大周期,多,5笔等(2..8) 止盈2% 补满再亏5%止损 拿48根,1.12,0.98,,4064,4643,0,0.89,0.85,,
15m,BOS→OB+大周期,多,5笔等(2..8) 止盈3% 补满再亏10%止损 拿18根,1.05,1.06,,4269,4853,0,0.86,0.83,,
15m,BOS→OB+大周期,多,5笔等(2..8) 止盈3% 补满再亏10%止损 拿48根,1.17,1.05,,3819,4415,0,0.95,0.89,,
15m,BOS→OB+大周期,多,5笔等(2..8) 止盈3% 补满再亏5%止损 拿18根,1.03,1.05,,4269,4853,0,0.88,0.82,,
15m,BOS→OB+大周期,多,5笔等(2..8) 止盈3% 补满再亏5%止损 拿48根,1.16,1.06,,3819,4415,0,0.94,0.87,,
15m,BOS→OB+大周期,多,5笔等(2..8) 止盈5% 补满再亏10%止损 拿18根,0.99,1.1,,4200,4792,0,0.86,0.84,,
15m,BOS→OB+大周期,多,5笔等(2..8) 止盈5% 补满再亏10%止损 拿48根,1.11,1.15,,3602,4189,0,0.97,0.94,,✔
15m,BOS→OB+大周期,多,5笔等(2..8) 止盈5% 补满再亏5%止损 拿18根,0.98,1.09,,4200,4792,0,0.88,0.83,,
15m,BOS→OB+大周期,多,5笔等(2..8) 止盈5% 补满再亏5%止损 拿48根,1.1,1.14,,3602,4189,0,0.96,0.91,,✔
15m,BOS→OB+大周期,多,5笔等(2..8) 止盈8% 补满再亏10%止损 拿18根,0.99,1.09,,4176,4771,0,0.88,0.85,,
15m,BOS→OB+大周期,多,5笔等(2..8) 止盈8% 补满再亏10%止损 拿48根,1.1,1.14,,3478,4065,0,0.98,0.96,,
15m,BOS→OB+大周期,多,5笔等(2..8) 止盈8% 补满再亏5%止损 拿18根,0.97,1.07,,4176,4771,0,0.9,0.84,,
15m,BOS→OB+大周期,多,5笔等(2..8) 止盈8% 补满再亏5%止损 拿48根,1.09,1.13,,3478,4065,0,0.98,0.93,,
15m,BOS→OB+大周期,多,6笔深(3..18) 止盈2% 补满再亏10%止损 拿18根,1.07,1.02,,4347,4914,0,0.87,0.8,,
15m,BOS→OB+大周期,多,6笔深(3..18) 止盈2% 补满再亏10%止损 拿48根,1.17,0.88,,4056,4639,0,0.91,0.86,,
15m,BOS→OB+大周期,多,6笔深(3..18) 止盈2% 补满再亏5%止损 拿18根,1.07,1.02,,4347,4914,0,0.83,0.81,,
15m,BOS→OB+大周期,多,6笔深(3..18) 止盈2% 补满再亏5%止损 拿48根,1.16,0.93,,4056,4639,0,0.9,0.87,,
15m,BOS→OB+大周期,多,6笔深(3..18) 止盈3% 补满再亏10%止损 拿18根,1.06,1.05,,4267,4851,0,0.86,0.82,,
15m,BOS→OB+大周期,多,6笔深(3..18) 止盈3% 补满再亏10%止损 拿48根,1.16,0.93,,3810,4402,0,0.93,0.88,,
15m,BOS→OB+大周期,多,6笔深(3..18) 止盈3% 补满再亏5%止损 拿18根,1.06,1.05,,4267,4851,0,0.84,0.83,,
15m,BOS→OB+大周期,多,6笔深(3..18) 止盈3% 补满再亏5%止损 拿48根,1.16,0.98,,3810,4402,0,0.92,0.9,,
15m,BOS→OB+大周期,多,6笔深(3..18) 止盈5% 补满再亏10%止损 拿18根,1.03,1.1,,4200,4790,0,0.85,0.86,,
15m,BOS→OB+大周期,多,6笔深(3..18) 止盈5% 补满再亏10%止损 拿48根,1.12,1.04,,3597,4184,0,0.94,0.93,,
15m,BOS→OB+大周期,多,6笔深(3..18) 止盈5% 补满再亏5%止损 拿18根,1.03,1.1,,4200,4790,0,0.84,0.86,,
15m,BOS→OB+大周期,多,6笔深(3..18) 止盈5% 补满再亏5%止损 拿48根,1.13,1.09,,3597,4184,0,0.95,0.94,,
15m,BOS→OB+大周期,多,6笔深(3..18) 止盈8% 补满再亏10%止损 拿18根,1.05,1.12,,4176,4771,0,0.86,0.86,,
15m,BOS→OB+大周期,多,6笔深(3..18) 止盈8% 补满再亏10%止损 拿48根,1.14,1.04,,3478,4063,0,0.96,0.93,,
15m,BOS→OB+大周期,多,6笔深(3..18) 止盈8% 补满再亏5%止损 拿18根,1.05,1.12,,4176,4771,0,0.86,0.87,,
15m,BOS→OB+大周期,多,6笔深(3..18) 止盈8% 补满再亏5%止损 拿48根,1.15,1.09,,3478,4063,0,0.97,0.96,,
15m,BOS→OB+大周期,多,原版（结构止损、盈亏比2）,0.95,0.91,,4022,4623,0,0.91,0.82,,
1h,BOS→FVG,空,3笔1:1:1(3/6) 止盈2% 补满再亏10%止损 拿18根,0.95,1.2,0.89,13497,4285,18346,0.96,0.93,0.92,
1h,BOS→FVG,空,3笔1:1:1(3/6) 止盈2% 补满再亏10%止损 拿48根,1.05,1.3,0.97,13369,4247,18224,1.0,0.98,0.93,
1h,BOS→FVG,空,3笔1:1:1(3/6) 止盈2% 补满再亏5%止损 拿18根,0.96,1.17,0.92,13497,4285,18346,0.98,0.95,0.94,
1h,BOS→FVG,空,3笔1:1:1(3/6) 止盈2% 补满再亏5%止损 拿48根,1.08,1.25,0.98,13371,4249,18227,1.01,0.98,0.97,
1h,BOS→FVG,空,3笔1:1:1(3/6) 止盈3% 补满再亏10%止损 拿18根,1.0,1.16,0.93,13385,4219,18184,0.98,0.95,0.96,
1h,BOS→FVG,空,3笔1:1:1(3/6) 止盈3% 补满再亏10%止损 拿48根,1.13,1.24,0.99,13095,4135,17889,1.01,1.0,0.98,
1h,BOS→FVG,空,3笔1:1:1(3/6) 止盈3% 补满再亏5%止损 拿18根,1.01,1.16,0.96,13385,4219,18184,1.0,0.98,0.98,
1h,BOS→FVG,空,3笔1:1:1(3/6) 止盈3% 补满再亏5%止损 拿48根,1.15,1.21,1.01,13097,4137,17893,1.04,1.0,1.01,
1h,BOS→FVG,空,3笔1:1:1(3/6) 止盈5% 补满再亏10%止损 拿18根,0.99,1.16,0.94,13114,4129,17828,0.98,0.95,0.98,
1h,BOS→FVG,空,3笔1:1:1(3/6) 止盈5% 补满再亏10%止损 拿48根,1.15,1.17,1.0,12390,3892,16993,1.01,1.01,1.0,
1h,BOS→FVG,空,3笔1:1:1(3/6) 止盈5% 补满再亏5%止损 拿18根,1.0,1.16,0.98,13114,4129,17828,1.0,0.98,1.01,
1h,BOS→FVG,空,3笔1:1:1(3/6) 止盈5% 补满再亏5%止损 拿48根,1.17,1.16,1.02,12392,3894,16999,1.04,1.01,1.04,
1h,BOS→FVG,空,3笔1:1:1(3/6) 止盈8% 补满再亏10%止损 拿18根,0.96,1.16,0.93,12877,4038,17535,0.95,0.96,1.0,
1h,BOS→FVG,空,3笔1:1:1(3/6) 止盈8% 补满再亏10%止损 拿48根,1.1,1.23,1.02,11664,3638,15909,0.99,1.01,1.0,
1h,BOS→FVG,空,3笔1:1:1(3/6) 止盈8% 补满再亏5%止损 拿18根,0.97,1.16,0.97,12877,4038,17535,0.97,0.98,1.02,
1h,BOS→FVG,空,3笔1:1:1(3/6) 止盈8% 补满再亏5%止损 拿48根,1.12,1.21,1.02,11668,3639,15918,1.02,1.01,1.04,
1h,BOS→FVG,空,3笔1:1:2(3/6) 止盈2% 补满再亏10%止损 拿18根,0.95,1.24,0.89,13497,4285,18346,0.97,0.93,0.93,
1h,BOS→FVG,空,3笔1:1:2(3/6) 止盈2% 补满再亏10%止损 拿48根,1.05,1.36,0.97,13371,4250,18225,1.0,1.0,0.94,
1h,BOS→FVG,空,3笔1:1:2(3/6) 止盈2% 补满再亏5%止损 拿18根,0.98,1.21,0.94,13497,4285,18346,1.0,0.96,0.96,
1h,BOS→FVG,空,3笔1:1:2(3/6) 止盈2% 补满再亏5%止损 拿48根,1.1,1.3,1.0,13373,4252,18228,1.02,1.0,0.99,
1h,BOS→FVG,空,3笔1:1:2(3/6) 止盈3% 补满再亏10%止损 拿18根,1.0,1.23,0.94,13385,4219,18184,0.99,0.96,0.97,
1h,BOS→FVG,空,3笔1:1:2(3/6) 止盈3% 补满再亏10%止损 拿48根,1.12,1.28,1.0,13097,4136,17893,1.02,1.02,0.99,
1h,BOS→FVG,空,3笔1:1:2(3/6) 止盈3% 补满再亏5%止损 拿18根,1.02,1.21,0.98,13385,4219,18184,1.02,0.98,1.01,
1h,BOS→FVG,空,3笔1:1:2(3/6) 止盈3% 补满再亏5%止损 拿48根,1.15,1.25,1.03,13099,4138,17897,1.05,1.01,1.04,
1h,BOS→FVG,空,3笔1:1:2(3/6) 止盈5% 补满再亏10%止损 拿18根,0.98,1.19,0.95,13114,4129,17828,0.98,0.96,0.99,
1h,BOS→FVG,空,3笔1:1:2(3/6) 止盈5% 补满再亏10%止损 拿48根,1.15,1.19,1.02,12396,3892,17002,1.01,1.01,1.01,
1h,BOS→FVG,空,3笔1:1:2(3/6) 止盈5% 补满再亏5%止损 拿18根,1.0,1.19,1.0,13114,4129,17828,1.01,0.99,1.03,
1h,BOS→FVG,空,3笔1:1:2(3/6) 止盈5% 补满再亏5%止损 拿48根,1.19,1.18,1.04,12398,3894,17008,1.05,1.02,1.06,
1h,BOS→FVG,空,3笔1:1:2(3/6) 止盈8% 补满再亏10%止损 拿18根,0.95,1.21,0.95,12877,4038,17537,0.96,0.97,1.01,
1h,BOS→FVG,空,3笔1:1:2(3/6) 止盈8% 补满再亏10%止损 拿48根,1.09,1.27,1.04,11671,3640,15920,0.99,1.02,1.01,
1h,BOS→FVG,空,3笔1:1:2(3/6) 止盈8% 补满再亏5%止损 拿18根,0.97,1.21,1.0,12877,4038,17537,0.99,0.99,1.05,
1h,BOS→FVG,空,3笔1:1:2(3/6) 止盈8% 补满再亏5%止损 拿48根,1.12,1.25,1.05,11675,3641,15929,1.02,1.02,1.06,
1h,BOS→FVG,空,5笔1:1:2:2:4(2..8) 止盈2% 补满再亏10%止损 拿18根,0.93,1.3,0.89,13500,4287,18352,0.98,0.95,0.95,
1h,BOS→FVG,空,5笔1:1:2:2:4(2..8) 止盈2% 补满再亏10%止损 拿48根,1.03,1.3,1.0,13399,4259,18255,0.99,1.04,0.97,
1h,BOS→FVG,空,5笔1:1:2:2:4(2..8) 止盈2% 补满再亏5%止损 拿18根,0.98,1.28,0.94,13500,4287,18352,1.03,0.94,1.0,
1h,BOS→FVG,空,5笔1:1:2:2:4(2..8) 止盈2% 补满再亏5%止损 拿48根,1.06,1.29,1.04,13399,4259,18258,1.03,0.98,1.01,
1h,BOS→FVG,空,5笔1:1:2:2:4(2..8) 止盈3% 补满再亏10%止损 拿18根,0.98,1.28,0.96,13396,4228,18199,1.01,1.01,1.0,
1h,BOS→FVG,空,5笔1:1:2:2:4(2..8) 止盈3% 补满再亏10%止损 拿48根,1.1,1.31,1.03,13137,4163,17938,1.01,1.09,1.02,
1h,BOS→FVG,空,5笔1:1:2:2:4(2..8) 止盈3% 补满再亏5%止损 拿18根,1.03,1.31,1.0,13396,4228,18199,1.05,1.0,1.04,
1h,BOS→FVG,空,5笔1:1:2:2:4(2..8) 止盈3% 补满再亏5%止损 拿48根,1.11,1.33,1.08,13138,4163,17943,1.05,1.04,1.07,
1h,BOS→FVG,空,5笔1:1:2:2:4(2..8) 止盈5% 补满再亏10%止损 拿18根,0.98,1.27,0.99,13124,4131,17853,1.01,1.02,1.02,
1h,BOS→FVG,空,5笔1:1:2:2:4(2..8) 止盈5% 补满再亏10%止损 拿48根,1.14,1.27,1.06,12438,3906,17091,1.05,1.05,1.04,
1h,BOS→FVG,空,5笔1:1:2:2:4(2..8) 止盈5% 补满再亏5%止损 拿18根,1.02,1.32,1.03,13124,4131,17853,1.05,1.02,1.08,
1h,BOS→FVG,空,5笔1:1:2:2:4(2..8) 止盈5% 补满再亏5%止损 拿48根,1.16,1.28,1.1,12439,3906,17095,1.07,1.02,1.09,
1h,BOS→FVG,空,5笔1:1:2:2:4(2..8) 止盈8% 补满再亏10%止损 拿18根,0.95,1.28,0.97,12880,4043,17544,0.98,1.02,1.05,
1h,BOS→FVG,空,5笔1:1:2:2:4(2..8) 止盈8% 补满再亏10%止损 拿48根,1.09,1.31,1.07,11702,3656,15965,1.01,1.07,1.04,
1h,BOS→FVG,空,5笔1:1:2:2:4(2..8) 止盈8% 补满再亏5%止损 拿18根,0.99,1.33,1.02,12880,4043,17544,1.02,1.02,1.1,
1h,BOS→FVG,空,5笔1:1:2:2:4(2..8) 止盈8% 补满再亏5%止损 拿48根,1.11,1.34,1.1,11705,3656,15976,1.04,1.03,1.09,
1h,BOS→FVG,空,5笔等(2..8) 止盈2% 补满再亏10%止损 拿18根,0.93,1.19,0.89,13500,4287,18352,0.96,0.93,0.92,
1h,BOS→FVG,空,5笔等(2..8) 止盈2% 补满再亏10%止损 拿48根,1.05,1.27,0.96,13389,4255,18246,1.0,1.0,0.94,
1h,BOS→FVG,空,5笔等(2..8) 止盈2% 补满再亏5%止损 拿18根,0.96,1.19,0.91,13500,4287,18352,0.99,0.92,0.95,
1h,BOS→FVG,空,5笔等(2..8) 止盈2% 补满再亏5%止损 拿48根,1.06,1.26,0.99,13391,4255,18250,1.01,0.96,0.98,
1h,BOS→FVG,空,5笔等(2..8) 止盈3% 补满再亏10%止损 拿18根,0.99,1.18,0.94,13396,4228,18199,0.99,0.98,0.97,
1h,BOS→FVG,空,5笔等(2..8) 止盈3% 补满再亏10%止损 拿48根,1.13,1.27,1.01,13129,4155,17933,1.02,1.03,0.99,
1h,BOS→FVG,空,5笔等(2..8) 止盈3% 补满再亏5%止损 拿18根,1.01,1.19,0.96,13396,4228,18199,1.01,0.97,0.99,
1h,BOS→FVG,空,5笔等(2..8) 止盈3% 补满再亏5%止损 拿48根,1.14,1.28,1.03,13131,4155,17938,1.03,1.0,1.02,
1h,BOS→FVG,空,5笔等(2..8) 止盈5% 补满再亏10%止损 拿18根,0.98,1.17,0.95,13124,4131,17850,0.99,0.97,0.99,
1h,BOS→FVG,空,5笔等(2..8) 止盈5% 补满再亏10%止损 拿48根,1.15,1.2,1.02,12430,3905,17059,1.03,1.01,1.02,
1h,BOS→FVG,空,5笔等(2..8) 止盈5% 补满再亏5%止损 拿18根,1.0,1.19,0.98,13124,4131,17850,1.01,0.97,1.02,
1h,BOS→FVG,空,5笔等(2..8) 止盈5% 补满再亏5%止损 拿48根,1.16,1.2,1.04,12432,3905,17069,1.04,1.0,1.04,
1h,BOS→FVG,空,5笔等(2..8) 止盈8% 补满再亏10%止损 拿18根,0.95,1.18,0.95,12879,4042,17541,0.96,0.97,1.01,
1h,BOS→FVG,空,5笔等(2..8) 止盈8% 补满再亏10%止损 拿48根,1.1,1.25,1.03,11680,3649,15941,1.0,1.03,1.01,
1h,BOS→FVG,空,5笔等(2..8) 止盈8% 补满再亏5%止损 拿18根,0.97,1.21,0.97,12879,4042,17541,0.98,0.98,1.03,
1h,BOS→FVG,空,5笔等(2..8) 止盈8% 补满再亏5%止损 拿48根,1.11,1.26,1.04,11683,3649,15952,1.02,1.0,1.04,
1h,BOS→FVG,空,6笔深(3..18) 止盈2% 补满再亏10%止损 拿18根,0.96,1.14,0.92,13497,4285,18346,1.02,0.95,0.95,
1h,BOS→FVG,空,6笔深(3..18) 止盈2% 补满再亏10%止损 拿48根,1.14,1.34,1.06,13371,4249,18225,1.11,1.13,1.01,
1h,BOS→FVG,空,6笔深(3..18) 止盈2% 补满再亏5%止损 拿18根,0.96,1.22,0.94,13497,4285,18346,1.03,0.96,0.99,
1h,BOS→FVG,空,6笔深(3..18) 止盈2% 补满再亏5%止损 拿48根,1.15,1.41,1.06,13371,4249,18226,1.11,1.11,1.04,
1h,BOS→FVG,空,6笔深(3..18) 止盈3% 补满再亏10%止损 拿18根,1.03,1.15,1.0,13385,4219,18184,1.03,0.96,1.01,
1h,BOS→FVG,空,6笔深(3..18) 止盈3% 补满再亏10%止损 拿48根,1.24,1.27,1.1,13095,4137,17892,1.1,1.12,1.08,
1h,BOS→FVG,空,6笔深(3..18) 止盈3% 补满再亏5%止损 拿18根,1.03,1.22,1.03,13385,4219,18184,1.05,0.97,1.03,
1h,BOS→FVG,空,6笔深(3..18) 止盈3% 补满再亏5%止损 拿48根,1.24,1.35,1.11,13096,4137,17893,1.12,1.1,1.09,
1h,BOS→FVG,空,6笔深(3..18) 止盈5% 补满再亏10%止损 拿18根,1.02,1.15,1.02,13114,4129,17828,1.04,1.0,1.04,
1h,BOS→FVG,空,6笔深(3..18) 止盈5% 补满再亏10%止损 拿48根,1.29,1.27,1.11,12390,3892,16998,1.13,1.11,1.11,
1h,BOS→FVG,空,6笔深(3..18) 止盈5% 补满再亏5%止损 拿18根,1.02,1.21,1.05,13114,4129,17828,1.06,1.01,1.06,
1h,BOS→FVG,空,6笔深(3..18) 止盈5% 补满再亏5%止损 拿48根,1.28,1.32,1.14,12391,3892,16999,1.14,1.1,1.11,
1h,BOS→FVG,空,6笔深(3..18) 止盈8% 补满再亏10%止损 拿18根,1.01,1.19,1.02,12877,4038,17535,1.01,1.02,1.05,
1h,BOS→FVG,空,6笔深(3..18) 止盈8% 补满再亏10%止损 拿48根,1.22,1.4,1.14,11668,3639,15909,1.09,1.12,1.12,
1h,BOS→FVG,空,6笔深(3..18) 止盈8% 补满再亏5%止损 拿18根,1.0,1.23,1.04,12877,4038,17535,1.03,1.03,1.09,
1h,BOS→FVG,空,6笔深(3..18) 止盈8% 补满再亏5%止损 拿48根,1.21,1.41,1.16,11669,3639,15912,1.09,1.11,1.12,
1h,BOS→FVG,空,原版（结构止损、盈亏比2）,0.99,1.02,0.96,12003,3795,16238,0.95,1.02,1.0,
1h,BOS→FVG,多,3笔1:1:1(3/6) 止盈2% 补满再亏10%止损 拿18根,1.08,1.2,1.0,13720,3849,14464,0.87,0.79,0.84,
1h,BOS→FVG,多,3笔1:1:1(3/6) 止盈2% 补满再亏10%止损 拿48根,1.05,0.96,0.91,13559,3820,14353,0.9,0.74,0.83,
1h,BOS→FVG,多,3笔1:1:1(3/6) 止盈2% 补满再亏5%止损 拿18根,1.07,1.2,1.01,13720,3849,14464,0.89,0.83,0.85,
1h,BOS→FVG,多,3笔1:1:1(3/6) 止盈2% 补满再亏5%止损 拿48根,1.03,1.04,0.95,13560,3820,14354,0.89,0.79,0.85,
1h,BOS→FVG,多,3笔1:1:1(3/6) 止盈3% 补满再亏10%止损 拿18根,1.09,1.21,1.02,13551,3791,14339,0.9,0.83,0.88,
1h,BOS→FVG,多,3笔1:1:1(3/6) 止盈3% 补满再亏10%止损 拿48根,1.07,0.96,0.92,13200,3707,14066,0.91,0.79,0.87,
1h,BOS→FVG,多,3笔1:1:1(3/6) 止盈3% 补满再亏5%止损 拿18根,1.09,1.2,1.03,13551,3791,14339,0.92,0.86,0.88,
1h,BOS→FVG,多,3笔1:1:1(3/6) 止盈3% 补满再亏5%止损 拿48根,1.04,1.02,0.96,13203,3707,14068,0.91,0.84,0.88,
1h,BOS→FVG,多,3笔1:1:1(3/6) 止盈5% 补满再亏10%止损 拿18根,1.11,1.22,1.03,13291,3718,14090,0.93,0.84,0.91,
1h,BOS→FVG,多,3笔1:1:1(3/6) 止盈5% 补满再亏10%止损 拿48根,1.08,0.98,0.94,12469,3482,13478,0.94,0.81,0.9,
1h,BOS→FVG,多,3笔1:1:1(3/6) 止盈5% 补满再亏5%止损 拿18根,1.09,1.22,1.03,13291,3718,14090,0.95,0.88,0.91,
1h,BOS→FVG,多,3笔1:1:1(3/6) 止盈5% 补满再亏5%止损 拿48根,1.04,1.04,0.97,12473,3482,13483,0.93,0.86,0.91,
1h,BOS→FVG,多,3笔1:1:1(3/6) 止盈8% 补满再亏10%止损 拿18根,1.13,1.2,1.03,13110,3669,13889,0.94,0.86,0.93,
1h,BOS→FVG,多,3笔1:1:1(3/6) 止盈8% 补满再亏10%止损 拿48根,1.1,1.01,0.96,11787,3281,12774,0.96,0.83,0.94,
1h,BOS→FVG,多,3笔1:1:1(3/6) 止盈8% 补满再亏5%止损 拿18根,1.12,1.21,1.03,13110,3669,13889,0.95,0.9,0.93,
1h,BOS→FVG,多,3笔1:1:1(3/6) 止盈8% 补满再亏5%止损 拿48根,1.06,1.07,0.97,11791,3282,12778,0.95,0.87,0.94,
1h,BOS→FVG,多,3笔1:1:2(3/6) 止盈2% 补满再亏10%止损 拿18根,1.11,1.22,1.0,13720,3849,14464,0.89,0.8,0.85,
1h,BOS→FVG,多,3笔1:1:2(3/6) 止盈2% 补满再亏10%止损 拿48根,1.08,0.93,0.9,13564,3820,14354,0.93,0.74,0.84,
1h,BOS→FVG,多,3笔1:1:2(3/6) 止盈2% 补满再亏5%止损 拿18根,1.11,1.22,1.02,13720,3849,14464,0.91,0.86,0.87,
1h,BOS→FVG,多,3笔1:1:2(3/6) 止盈2% 补满再亏5%止损 拿48根,1.06,1.03,0.95,13565,3820,14355,0.92,0.81,0.87,
1h,BOS→FVG,多,3笔1:1:2(3/6) 止盈3% 补满再亏10%止损 拿18根,1.13,1.25,1.02,13551,3792,14339,0.92,0.84,0.9,
1h,BOS→FVG,多,3笔1:1:2(3/6) 止盈3% 补满再亏10%止损 拿48根,1.09,0.95,0.92,13201,3709,14067,0.93,0.78,0.88,
1h,BOS→FVG,多,3笔1:1:2(3/6) 止盈3% 补满再亏5%止损 拿18根,1.13,1.26,1.04,13551,3792,14339,0.95,0.88,0.91,
1h,BOS→FVG,多,3笔1:1:2(3/6) 止盈3% 补满再亏5%止损 拿48根,1.07,1.04,0.97,13204,3709,14069,0.93,0.85,0.9,
1h,BOS→FVG,多,3笔1:1:2(3/6) 止盈5% 补满再亏10%止损 拿18根,1.15,1.27,1.04,13291,3718,14091,0.95,0.85,0.93,
1h,BOS→FVG,多,3笔1:1:2(3/6) 止盈5% 补满再亏10%止损 拿48根,1.12,0.97,0.95,12475,3484,13484,0.96,0.81,0.91,
1h,BOS→FVG,多,3笔1:1:2(3/6) 止盈5% 补满再亏5%止损 拿18根,1.15,1.28,1.05,13291,3718,14091,0.97,0.9,0.94,
1h,BOS→FVG,多,3笔1:1:2(3/6) 止盈5% 补满再亏5%止损 拿48根,1.08,1.04,0.98,12479,3484,13488,0.95,0.88,0.93,
1h,BOS→FVG,多,3笔1:1:2(3/6) 止盈8% 补满再亏10%止损 拿18根,1.2,1.23,1.03,13110,3669,13891,0.96,0.86,0.95,
1h,BOS→FVG,多,3笔1:1:2(3/6) 止盈8% 补满再亏10%止损 拿48根,1.14,0.99,0.96,11790,3282,12781,0.97,0.83,0.95,
1h,BOS→FVG,多,3笔1:1:2(3/6) 止盈8% 补满再亏5%止损 拿18根,1.18,1.25,1.04,13110,3669,13891,0.98,0.92,0.96,
1h,BOS→FVG,多,3笔1:1:2(3/6) 止盈8% 补满再亏5%止损 拿48根,1.1,1.08,0.97,11794,3283,12785,0.97,0.88,0.96,
1h,BOS→FVG,多,5笔1:1:2:2:4(2..8) 止盈2% 补满再亏10%止损 拿18根,1.18,1.29,1.0,13730,3852,14470,0.92,0.81,0.88,
1h,BOS→FVG,多,5笔1:1:2:2:4(2..8) 止盈2% 补满再亏10%止损 拿48根,1.2,0.89,0.86,13601,3832,14384,0.97,0.72,0.85,
1h,BOS→FVG,多,5笔1:1:2:2:4(2..8) 止盈2% 补满再亏5%止损 拿18根,1.21,1.34,1.06,13730,3852,14470,0.94,0.86,0.9,
1h,BOS→FVG,多,5笔1:1:2:2:4(2..8) 止盈2% 补满再亏5%止损 拿48根,1.16,0.98,0.93,13601,3832,14384,0.97,0.81,0.88,
1h,BOS→FVG,多,5笔1:1:2:2:4(2..8) 止盈3% 补满再亏10%止损 拿18根,1.23,1.33,1.04,13562,3796,14353,0.96,0.85,0.92,
1h,BOS→FVG,多,5笔1:1:2:2:4(2..8) 止盈3% 补满再亏10%止损 拿48根,1.22,0.93,0.9,13246,3725,14115,0.98,0.77,0.89,
1h,BOS→FVG,多,5笔1:1:2:2:4(2..8) 止盈3% 补满再亏5%止损 拿18根,1.25,1.37,1.1,13562,3796,14353,0.99,0.88,0.95,
1h,BOS→FVG,多,5笔1:1:2:2:4(2..8) 止盈3% 补满再亏5%止损 拿48根,1.18,1.0,0.97,13246,3725,14116,0.98,0.83,0.93,
1h,BOS→FVG,多,5笔1:1:2:2:4(2..8) 止盈5% 补满再亏10%止损 拿18根,1.28,1.36,1.06,13304,3725,14107,1.0,0.86,0.97,
1h,BOS→FVG,多,5笔1:1:2:2:4(2..8) 止盈5% 补满再亏10%止损 拿48根,1.21,0.93,0.92,12535,3499,13550,1.02,0.81,0.92,
1h,BOS→FVG,多,5笔1:1:2:2:4(2..8) 止盈5% 补满再亏5%止损 拿18根,1.29,1.41,1.1,13304,3725,14107,1.03,0.9,0.98,✔
1h,BOS→FVG,多,5笔1:1:2:2:4(2..8) 止盈5% 补满再亏5%止损 拿48根,1.17,0.99,0.98,12537,3499,13551,1.01,0.86,0.95,
1h,BOS→FVG,多,5笔1:1:2:2:4(2..8) 止盈8% 补满再亏10%止损 拿18根,1.35,1.34,1.07,13116,3669,13899,1.01,0.87,0.98,
1h,BOS→FVG,多,5笔1:1:2:2:4(2..8) 止盈8% 补满再亏10%止损 拿48根,1.28,0.97,0.96,11832,3293,12823,1.04,0.84,0.96,
1h,BOS→FVG,多,5笔1:1:2:2:4(2..8) 止盈8% 补满再亏5%止损 拿18根,1.35,1.39,1.11,13116,3669,13899,1.03,0.92,1.0,✔
1h,BOS→FVG,多,5笔1:1:2:2:4(2..8) 止盈8% 补满再亏5%止损 拿48根,1.21,1.02,1.0,11834,3293,12824,1.03,0.88,0.98,
1h,BOS→FVG,多,5笔等(2..8) 止盈2% 补满再亏10%止损 拿18根,1.11,1.23,0.99,13730,3852,14470,0.88,0.8,0.85,
1h,BOS→FVG,多,5笔等(2..8) 止盈2% 补满再亏10%止损 拿48根,1.12,0.96,0.87,13593,3831,14377,0.92,0.72,0.83,
1h,BOS→FVG,多,5笔等(2..8) 止盈2% 补满再亏5%止损 拿18根,1.11,1.25,1.02,13730,3852,14470,0.9,0.83,0.86,
1h,BOS→FVG,多,5笔等(2..8) 止盈2% 补满再亏5%止损 拿48根,1.08,1.02,0.92,13593,3831,14378,0.92,0.78,0.86,
1h,BOS→FVG,多,5笔等(2..8) 止盈3% 补满再亏10%止损 拿18根,1.14,1.24,1.03,13562,3795,14353,0.92,0.82,0.9,
1h,BOS→FVG,多,5笔等(2..8) 止盈3% 补满再亏10%止损 拿48根,1.13,0.95,0.89,13239,3721,14112,0.94,0.77,0.88,
1h,BOS→FVG,多,5笔等(2..8) 止盈3% 补满再亏5%止损 拿18根,1.14,1.26,1.06,13562,3795,14353,0.93,0.85,0.91,
1h,BOS→FVG,多,5笔等(2..8) 止盈3% 补满再亏5%止损 拿48根,1.08,0.98,0.94,13239,3721,14113,0.93,0.81,0.9,
1h,BOS→FVG,多,5笔等(2..8) 止盈5% 补满再亏10%止损 拿18根,1.16,1.25,1.03,13304,3725,14105,0.95,0.84,0.92,
1h,BOS→FVG,多,5笔等(2..8) 止盈5% 补满再亏10%止损 拿48根,1.14,0.97,0.92,12516,3498,13531,0.97,0.81,0.9,
1h,BOS→FVG,多,5笔等(2..8) 止盈5% 补满再亏5%止损 拿18根,1.15,1.28,1.05,13304,3725,14105,0.97,0.86,0.92,
1h,BOS→FVG,多,5笔等(2..8) 止盈5% 补满再亏5%止损 拿48根,1.09,1.0,0.96,12519,3498,13532,0.95,0.84,0.91,
1h,BOS→FVG,多,5笔等(2..8) 止盈8% 补满再亏10%止损 拿18根,1.2,1.23,1.03,13112,3669,13895,0.96,0.86,0.95,
1h,BOS→FVG,多,5笔等(2..8) 止盈8% 补满再亏10%止损 拿48根,1.17,1.0,0.96,11818,3290,12804,0.99,0.84,0.95,
1h,BOS→FVG,多,5笔等(2..8) 止盈8% 补满再亏5%止损 拿18根,1.19,1.26,1.06,13112,3669,13895,0.97,0.88,0.95,
1h,BOS→FVG,多,5笔等(2..8) 止盈8% 补满再亏5%止损 拿48根,1.11,1.04,0.98,11821,3291,12806,0.97,0.86,0.96,
1h,BOS→FVG,多,6笔深(3..18) 止盈2% 补满再亏10%止损 拿18根,1.15,1.25,0.95,13720,3849,14464,0.95,0.84,0.83,
1h,BOS→FVG,多,6笔深(3..18) 止盈2% 补满再亏10%止损 拿48根,1.16,0.87,0.81,13560,3820,14355,1.0,0.77,0.8,
1h,BOS→FVG,多,6笔深(3..18) 止盈2% 补满再亏5%止损 拿18根,1.16,1.27,0.97,13720,3849,14464,0.93,0.8,0.84,
1h,BOS→FVG,多,6笔深(3..18) 止盈2% 补满再亏5%止损 拿48根,1.19,0.9,0.83,13560,3820,14355,1.0,0.73,0.8,
1h,BOS→FVG,多,6笔深(3..18) 止盈3% 补满再亏10%止损 拿18根,1.18,1.28,0.99,13551,3791,14339,1.0,0.89,0.88,
1h,BOS→FVG,多,6笔深(3..18) 止盈3% 补满再亏10%止损 拿48根,1.21,0.91,0.84,13203,3707,14068,1.01,0.82,0.84,
1h,BOS→FVG,多,6笔深(3..18) 止盈3% 补满再亏5%止损 拿18根,1.19,1.29,1.01,13551,3791,14339,0.97,0.85,0.89,
1h,BOS→FVG,多,6笔深(3..18) 止盈3% 补满再亏5%止损 拿48根,1.22,0.92,0.87,13203,3707,14068,1.0,0.78,0.84,
1h,BOS→FVG,多,6笔深(3..18) 止盈5% 补满再亏10%止损 拿18根,1.24,1.28,1.04,13291,3718,14090,1.03,0.93,0.92,
1h,BOS→FVG,多,6笔深(3..18) 止盈5% 补满再亏10%止损 拿48根,1.25,0.94,0.89,12474,3482,13484,1.05,0.9,0.9,
1h,BOS→FVG,多,6笔深(3..18) 止盈5% 补满再亏5%止损 拿18根,1.24,1.3,1.05,13291,3718,14090,1.01,0.88,0.93,
1h,BOS→FVG,多,6笔深(3..18) 止盈5% 补满再亏5%止损 拿48根,1.26,0.95,0.91,12474,3482,13484,1.04,0.84,0.89,
1h,BOS→FVG,多,6笔深(3..18) 止盈8% 补满再亏10%止损 拿18根,1.31,1.27,1.05,13110,3669,13889,1.04,0.95,0.95,
1h,BOS→FVG,多,6笔深(3..18) 止盈8% 补满再亏10%止损 拿48根,1.34,0.97,0.92,11792,3282,12777,1.08,0.96,0.95,
1h,BOS→FVG,多,6笔深(3..18) 止盈8% 补满再亏5%止损 拿18根,1.31,1.28,1.07,13110,3669,13889,1.02,0.91,0.96,
1h,BOS→FVG,多,6笔深(3..18) 止盈8% 补满再亏5%止损 拿48根,1.34,0.97,0.94,11792,3282,12777,1.07,0.88,0.95,
1h,BOS→FVG,多,原版（结构止损、盈亏比2）,0.91,0.96,0.99,12267,3429,13019,0.88,0.88,0.9,
1h,BOS→OB,空,3笔1:1:1(3/6) 止盈2% 补满再亏10%止损 拿18根,0.95,1.12,0.9,20243,6490,28304,0.96,0.93,0.92,
1h,BOS→OB,空,3笔1:1:1(3/6) 止盈2% 补满再亏10%止损 拿48根,1.01,1.13,0.96,19912,6390,27988,1.0,0.98,0.93,
1h,BOS→OB,空,3笔1:1:1(3/6) 止盈2% 补满再亏5%止损 拿18根,0.96,1.1,0.94,20243,6490,28304,0.98,0.95,0.94,
1h,BOS→OB,空,3笔1:1:1(3/6) 止盈2% 补满再亏5%止损 拿48根,1.04,1.1,0.99,19914,6393,28003,1.01,0.98,0.97,
1h,BOS→OB,空,3笔1:1:1(3/6) 止盈3% 补满再亏10%止损 拿18根,1.0,1.13,0.95,19996,6381,27952,0.98,0.95,0.96,
1h,BOS→OB,空,3笔1:1:1(3/6) 止盈3% 补满再亏10%止损 拿48根,1.04,1.17,1.01,19297,6167,27224,1.01,1.0,0.98,
1h,BOS→OB,空,3笔1:1:1(3/6) 止盈3% 补满再亏5%止损 拿18根,1.01,1.11,0.98,19996,6381,27952,1.0,0.98,0.98,
1h,BOS→OB,空,3笔1:1:1(3/6) 止盈3% 补满再亏5%止损 拿48根,1.08,1.16,1.03,19302,6170,27245,1.04,1.0,1.01,
1h,BOS→OB,空,3笔1:1:1(3/6) 止盈5% 补满再亏10%止损 拿18根,1.0,1.13,0.96,19559,6180,27256,0.98,0.95,0.98,
1h,BOS→OB,空,3笔1:1:1(3/6) 止盈5% 补满再亏10%止损 拿48根,1.05,1.12,1.03,18027,5668,25360,1.01,1.01,1.0,
1h,BOS→OB,空,3笔1:1:1(3/6) 止盈5% 补满再亏5%止损 拿18根,1.01,1.11,1.0,19559,6180,27256,1.0,0.98,1.01,
1h,BOS→OB,空,3笔1:1:1(3/6) 止盈5% 补满再亏5%止损 拿48根,1.09,1.12,1.05,18038,5670,25388,1.04,1.01,1.04,
1h,BOS→OB,空,3笔1:1:1(3/6) 止盈8% 补满再亏10%止损 拿18根,1.0,1.12,0.95,19225,6072,26673,0.95,0.96,1.0,
1h,BOS→OB,空,3笔1:1:1(3/6) 止盈8% 补满再亏10%止损 拿48根,1.05,1.18,1.04,16773,5190,23299,0.99,1.01,1.0,
1h,BOS→OB,空,3笔1:1:1(3/6) 止盈8% 补满再亏5%止损 拿18根,1.0,1.1,0.98,19225,6072,26673,0.97,0.98,1.02,
1h,BOS→OB,空,3笔1:1:1(3/6) 止盈8% 补满再亏5%止损 拿48根,1.07,1.17,1.05,16795,5192,23339,1.02,1.01,1.04,
1h,BOS→OB,空,3笔1:1:2(3/6) 止盈2% 补满再亏10%止损 拿18根,0.96,1.14,0.9,20244,6491,28304,0.97,0.93,0.93,
1h,BOS→OB,空,3笔1:1:2(3/6) 止盈2% 补满再亏10%止损 拿48根,1.0,1.12,0.96,19917,6396,28000,1.0,1.0,0.94,
1h,BOS→OB,空,3笔1:1:2(3/6) 止盈2% 补满再亏5%止损 拿18根,0.96,1.12,0.95,20244,6491,28304,1.0,0.96,0.96,
1h,BOS→OB,空,3笔1:1:2(3/6) 止盈2% 补满再亏5%止损 拿48根,1.04,1.11,1.0,19919,6398,28012,1.02,1.0,0.99,
1h,BOS→OB,空,3笔1:1:2(3/6) 止盈3% 补满再亏10%止损 拿18根,0.99,1.16,0.96,19996,6381,27952,0.99,0.96,0.97,
1h,BOS→OB,空,3笔1:1:2(3/6) 止盈3% 补满再亏10%止损 拿48根,1.02,1.17,1.03,19305,6172,27236,1.02,1.02,0.99,
1h,BOS→OB,空,3笔1:1:2(3/6) 止盈3% 补满再亏5%止损 拿18根,1.01,1.13,1.0,19996,6381,27952,1.02,0.98,1.01,
1h,BOS→OB,空,3笔1:1:2(3/6) 止盈3% 补满再亏5%止损 拿48根,1.07,1.15,1.05,19308,6175,27253,1.05,1.01,1.04,
1h,BOS→OB,空,3笔1:1:2(3/6) 止盈5% 补满再亏10%止损 拿18根,1.0,1.15,0.98,19559,6180,27257,0.98,0.96,0.99,
1h,BOS→OB,空,3笔1:1:2(3/6) 止盈5% 补满再亏10%止损 拿48根,1.04,1.12,1.04,18037,5670,25380,1.01,1.01,1.01,
1h,BOS→OB,空,3笔1:1:2(3/6) 止盈5% 补满再亏5%止损 拿18根,1.02,1.13,1.02,19559,6180,27257,1.01,0.99,1.03,
1h,BOS→OB,空,3笔1:1:2(3/6) 止盈5% 补满再亏5%止损 拿48根,1.09,1.12,1.07,18047,5672,25404,1.05,1.02,1.06,
1h,BOS→OB,空,3笔1:1:2(3/6) 止盈8% 补满再亏10%止损 拿18根,1.0,1.13,0.97,19225,6074,26675,0.96,0.97,1.01,
1h,BOS→OB,空,3笔1:1:2(3/6) 止盈8% 补满再亏10%止损 拿48根,1.04,1.18,1.05,16782,5194,23310,0.99,1.02,1.01,
1h,BOS→OB,空,3笔1:1:2(3/6) 止盈8% 补满再亏5%止损 拿18根,1.01,1.11,1.01,19225,6074,26675,0.99,0.99,1.05,
1h,BOS→OB,空,3笔1:1:2(3/6) 止盈8% 补满再亏5%止损 拿48根,1.07,1.18,1.08,16803,5196,23350,1.02,1.02,1.06,
1h,BOS→OB,空,5笔1:1:2:2:4(2..8) 止盈2% 补满再亏10%止损 拿18根,0.96,1.17,0.91,20255,6499,28313,0.98,0.95,0.95,
1h,BOS→OB,空,5笔1:1:2:2:4(2..8) 止盈2% 补满再亏10%止损 拿48根,0.99,1.13,0.98,19974,6422,28082,0.99,1.04,0.97,
1h,BOS→OB,空,5笔1:1:2:2:4(2..8) 止盈2% 补满再亏5%止损 拿18根,0.97,1.25,0.97,20255,6499,28313,1.03,0.94,1.0,
1h,BOS→OB,空,5笔1:1:2:2:4(2..8) 止盈2% 补满再亏5%止损 拿48根,1.02,1.16,1.04,19975,6424,28085,1.03,0.98,1.01,
1h,BOS→OB,空,5笔1:1:2:2:4(2..8) 止盈3% 补满再亏10%止损 拿18根,1.01,1.24,0.97,20012,6388,27995,1.01,1.01,1.0,
1h,BOS→OB,空,5笔1:1:2:2:4(2..8) 止盈3% 补满再亏10%止损 拿48根,1.02,1.18,1.04,19383,6212,27409,1.01,1.09,1.02,
1h,BOS→OB,空,5笔1:1:2:2:4(2..8) 止盈3% 补满再亏5%止损 拿18根,1.02,1.27,1.03,20012,6388,27995,1.05,1.0,1.04,
1h,BOS→OB,空,5笔1:1:2:2:4(2..8) 止盈3% 补满再亏5%止损 拿48根,1.05,1.18,1.1,19384,6214,27414,1.05,1.04,1.07,
1h,BOS→OB,空,5笔1:1:2:2:4(2..8) 止盈5% 补满再亏10%止损 拿18根,1.01,1.2,1.01,19575,6186,27288,1.01,1.02,1.02,
1h,BOS→OB,空,5笔1:1:2:2:4(2..8) 止盈5% 补满再亏10%止损 拿48根,1.01,1.14,1.07,18119,5703,25571,1.05,1.05,1.04,
1h,BOS→OB,空,5笔1:1:2:2:4(2..8) 止盈5% 补满再亏5%止损 拿18根,1.02,1.26,1.05,19575,6186,27288,1.05,1.02,1.08,
1h,BOS→OB,空,5笔1:1:2:2:4(2..8) 止盈5% 补满再亏5%止损 拿48根,1.06,1.15,1.11,18124,5703,25580,1.07,1.02,1.09,
1h,BOS→OB,空,5笔1:1:2:2:4(2..8) 止盈8% 补满再亏10%止损 拿18根,1.01,1.17,1.01,19235,6077,26689,0.98,1.02,1.05,
1h,BOS→OB,空,5笔1:1:2:2:4(2..8) 止盈8% 补满再亏10%止损 拿48根,1.02,1.21,1.08,16849,5215,23404,1.01,1.07,1.04,
1h,BOS→OB,空,5笔1:1:2:2:4(2..8) 止盈8% 补满再亏5%止损 拿18根,1.01,1.21,1.05,19235,6077,26689,1.02,1.02,1.1,
1h,BOS→OB,空,5笔1:1:2:2:4(2..8) 止盈8% 补满再亏5%止损 拿48根,1.05,1.23,1.13,16855,5215,23424,1.04,1.03,1.09,
1h,BOS→OB,空,5笔等(2..8) 止盈2% 补满再亏10%止损 拿18根,0.95,1.13,0.89,20254,6498,28312,0.96,0.93,0.92,
1h,BOS→OB,空,5笔等(2..8) 止盈2% 补满再亏10%止损 拿48根,1.01,1.15,0.95,19960,6414,28059,1.0,1.0,0.94,
1h,BOS→OB,空,5笔等(2..8) 止盈2% 补满再亏5%止损 拿18根,0.95,1.17,0.92,20254,6498,28312,0.99,0.92,0.95,
1h,BOS→OB,空,5笔等(2..8) 止盈2% 补满再亏5%止损 拿48根,1.03,1.16,0.98,19961,6416,28063,1.01,0.96,0.98,
1h,BOS→OB,空,5笔等(2..8) 止盈3% 补满再亏10%止损 拿18根,1.0,1.15,0.95,20011,6388,27995,0.99,0.98,0.97,
1h,BOS→OB,空,5笔等(2..8) 止盈3% 补满再亏10%止损 拿48根,1.04,1.18,1.02,19364,6203,27368,1.02,1.03,0.99,
1h,BOS→OB,空,5笔等(2..8) 止盈3% 补满再亏5%止损 拿18根,1.0,1.17,0.98,20011,6388,27995,1.01,0.97,0.99,
1h,BOS→OB,空,5笔等(2..8) 止盈3% 补满再亏5%止损 拿48根,1.06,1.17,1.04,19365,6205,27377,1.03,1.0,1.02,
1h,BOS→OB,空,5笔等(2..8) 止盈5% 补满再亏10%止损 拿18根,1.0,1.12,0.98,19573,6186,27284,0.99,0.97,0.99,
1h,BOS→OB,空,5笔等(2..8) 止盈5% 补满再亏10%止损 拿48根,1.04,1.11,1.04,18096,5700,25506,1.03,1.01,1.02,
1h,BOS→OB,空,5笔等(2..8) 止盈5% 补满再亏5%止损 拿18根,1.0,1.14,1.0,19573,6186,27284,1.01,0.97,1.02,
1h,BOS→OB,空,5笔等(2..8) 止盈5% 补满再亏5%止损 拿48根,1.07,1.12,1.07,18103,5700,25521,1.04,1.0,1.04,
1h,BOS→OB,空,5笔等(2..8) 止盈8% 补满再亏10%止损 拿18根,0.99,1.12,0.96,19232,6075,26682,0.96,0.97,1.01,
1h,BOS→OB,空,5笔等(2..8) 止盈8% 补满再亏10%止损 拿48根,1.03,1.2,1.05,16822,5206,23366,1.0,1.03,1.01,
1h,BOS→OB,空,5笔等(2..8) 止盈8% 补满再亏5%止损 拿18根,0.98,1.14,0.99,19232,6075,26682,0.98,0.98,1.03,
1h,BOS→OB,空,5笔等(2..8) 止盈8% 补满再亏5%止损 拿48根,1.05,1.21,1.07,16832,5206,23390,1.02,1.0,1.04,
1h,BOS→OB,空,6笔深(3..18) 止盈2% 补满再亏10%止损 拿18根,1.01,1.13,0.99,20244,6490,28304,1.02,0.95,0.95,
1h,BOS→OB,空,6笔深(3..18) 止盈2% 补满再亏10%止损 拿48根,1.02,1.19,1.05,19916,6390,28000,1.11,1.13,1.01,
1h,BOS→OB,空,6笔深(3..18) 止盈2% 补满再亏5%止损 拿18根,1.0,1.13,0.99,20244,6490,28304,1.03,0.96,0.99,
1h,BOS→OB,空,6笔深(3..18) 止盈2% 补满再亏5%止损 拿48根,1.04,1.2,1.06,19916,6390,28001,1.11,1.11,1.04,
1h,BOS→OB,空,6笔深(3..18) 止盈3% 补满再亏10%止损 拿18根,1.06,1.2,1.05,19997,6381,27952,1.03,0.96,1.01,
1h,BOS→OB,空,6笔深(3..18) 止盈3% 补满再亏10%止损 拿48根,1.07,1.29,1.11,19306,6170,27242,1.1,1.12,1.08,
1h,BOS→OB,空,6笔深(3..18) 止盈3% 补满再亏5%止损 拿18根,1.06,1.2,1.05,19997,6381,27952,1.05,0.97,1.03,
1h,BOS→OB,空,6笔深(3..18) 止盈3% 补满再亏5%止损 拿48根,1.09,1.28,1.12,19306,6170,27244,1.12,1.1,1.09,
1h,BOS→OB,空,6笔深(3..18) 止盈5% 补满再亏10%止损 拿18根,1.08,1.2,1.09,19559,6180,27256,1.04,1.0,1.04,
1h,BOS→OB,空,6笔深(3..18) 止盈5% 补满再亏10%止损 拿48根,1.09,1.27,1.13,18036,5667,25375,1.13,1.11,1.11,
1h,BOS→OB,空,6笔深(3..18) 止盈5% 补满再亏5%止损 拿18根,1.07,1.2,1.09,19559,6180,27256,1.06,1.01,1.06,
1h,BOS→OB,空,6笔深(3..18) 止盈5% 补满再亏5%止损 拿48根,1.1,1.24,1.14,18036,5668,25378,1.14,1.1,1.11,
1h,BOS→OB,空,6笔深(3..18) 止盈8% 补满再亏10%止损 拿18根,1.1,1.19,1.08,19225,6072,26673,1.01,1.02,1.05,
1h,BOS→OB,空,6笔深(3..18) 止盈8% 补满再亏10%止损 拿48根,1.11,1.38,1.14,16790,5188,23313,1.09,1.12,1.12,
1h,BOS→OB,空,6笔深(3..18) 止盈8% 补满再亏5%止损 拿18根,1.09,1.19,1.09,19225,6072,26673,1.03,1.03,1.09,
1h,BOS→OB,空,6笔深(3..18) 止盈8% 补满再亏5%止损 拿48根,1.11,1.32,1.17,16790,5189,23316,1.09,1.11,1.12,
1h,BOS→OB,空,原版（结构止损、盈亏比2）,0.97,1.01,0.97,18309,5802,25165,0.95,1.02,1.0,
1h,BOS→OB,多,3笔1:1:1(3/6) 止盈2% 补满再亏10%止损 拿18根,1.08,1.25,1.02,22311,6145,22886,0.87,0.79,0.84,
1h,BOS→OB,多,3笔1:1:1(3/6) 止盈2% 补满再亏10%止损 拿48根,1.07,1.01,0.92,21912,6055,22625,0.9,0.74,0.83,
1h,BOS→OB,多,3笔1:1:1(3/6) 止盈2% 补满再亏5%止损 拿18根,1.05,1.28,1.04,22311,6145,22886,0.89,0.83,0.85,
1h,BOS→OB,多,3笔1:1:1(3/6) 止盈2% 补满再亏5%止损 拿48根,1.03,1.08,0.97,21919,6056,22634,0.89,0.79,0.85,
1h,BOS→OB,多,3笔1:1:1(3/6) 止盈3% 补满再亏10%止损 拿18根,1.12,1.24,1.05,21888,6027,22610,0.9,0.83,0.88,
1h,BOS→OB,多,3笔1:1:1(3/6) 止盈3% 补满再亏10%止损 拿48根,1.11,1.02,0.94,21026,5819,22037,0.91,0.79,0.87,
1h,BOS→OB,多,3笔1:1:1(3/6) 止盈3% 补满再亏5%止损 拿18根,1.09,1.26,1.08,21888,6027,22610,0.92,0.86,0.88,
1h,BOS→OB,多,3笔1:1:1(3/6) 止盈3% 补满再亏5%止损 拿48根,1.06,1.07,0.98,21037,5820,22046,0.91,0.84,0.88,
1h,BOS→OB,多,3笔1:1:1(3/6) 止盈5% 补满再亏10%止损 拿18根,1.14,1.29,1.06,21320,5841,22043,0.93,0.84,0.91,
1h,BOS→OB,多,3笔1:1:1(3/6) 止盈5% 补满再亏10%止损 拿48根,1.14,1.06,0.94,19493,5332,20663,0.94,0.81,0.9,
1h,BOS→OB,多,3笔1:1:1(3/6) 止盈5% 补满再亏5%止损 拿18根,1.1,1.31,1.07,21320,5841,22043,0.95,0.88,0.91,
1h,BOS→OB,多,3笔1:1:1(3/6) 止盈5% 补满再亏5%止损 拿48根,1.09,1.09,0.97,19507,5333,20678,0.93,0.86,0.91,
1h,BOS→OB,多,3笔1:1:1(3/6) 止盈8% 补满再亏10%止损 拿18根,1.16,1.26,1.07,20950,5746,21687,0.94,0.86,0.93,
1h,BOS→OB,多,3笔1:1:1(3/6) 止盈8% 补满再亏10%止损 拿48根,1.15,1.08,0.97,18094,4920,19338,0.96,0.83,0.94,
1h,BOS→OB,多,3笔1:1:1(3/6) 止盈8% 补满再亏5%止损 拿18根,1.12,1.29,1.08,20950,5746,21687,0.95,0.9,0.93,
1h,BOS→OB,多,3笔1:1:1(3/6) 止盈8% 补满再亏5%止损 拿48根,1.09,1.12,0.99,18110,4921,19355,0.95,0.87,0.94,
1h,BOS→OB,多,3笔1:1:2(3/6) 止盈2% 补满再亏10%止损 拿18根,1.12,1.27,1.05,22311,6145,22886,0.89,0.8,0.85,
1h,BOS→OB,多,3笔1:1:2(3/6) 止盈2% 补满再亏10%止损 拿48根,1.11,0.99,0.93,21922,6056,22635,0.93,0.74,0.84,
1h,BOS→OB,多,3笔1:1:2(3/6) 止盈2% 补满再亏5%止损 拿18根,1.1,1.3,1.07,22311,6145,22886,0.91,0.86,0.87,
1h,BOS→OB,多,3笔1:1:2(3/6) 止盈2% 补满再亏5%止损 拿48根,1.07,1.07,0.98,21926,6057,22640,0.92,0.81,0.87,
1h,BOS→OB,多,3笔1:1:2(3/6) 止盈3% 补满再亏10%止损 拿18根,1.16,1.26,1.06,21888,6027,22610,0.92,0.84,0.9,
1h,BOS→OB,多,3笔1:1:2(3/6) 止盈3% 补满再亏10%止损 拿48根,1.14,1.0,0.93,21033,5819,22042,0.93,0.78,0.88,
1h,BOS→OB,多,3笔1:1:2(3/6) 止盈3% 补满再亏5%止损 拿18根,1.14,1.29,1.09,21888,6027,22610,0.95,0.88,0.91,
1h,BOS→OB,多,3笔1:1:2(3/6) 止盈3% 补满再亏5%止损 拿48根,1.1,1.07,0.99,21043,5820,22051,0.93,0.85,0.9,
1h,BOS→OB,多,3笔1:1:2(3/6) 止盈5% 补满再亏10%止损 拿18根,1.2,1.33,1.08,21320,5841,22043,0.95,0.85,0.93,
1h,BOS→OB,多,3笔1:1:2(3/6) 止盈5% 补满再亏10%止损 拿48根,1.18,1.05,0.95,19509,5335,20673,0.96,0.81,0.91,
1h,BOS→OB,多,3笔1:1:2(3/6) 止盈5% 补满再亏5%止损 拿18根,1.16,1.36,1.1,21320,5841,22043,0.97,0.9,0.94,
1h,BOS→OB,多,3笔1:1:2(3/6) 止盈5% 补满再亏5%止损 拿48根,1.13,1.09,0.99,19521,5336,20685,0.95,0.88,0.93,
1h,BOS→OB,多,3笔1:1:2(3/6) 止盈8% 补满再亏10%止损 拿18根,1.23,1.3,1.08,20951,5746,21687,0.96,0.86,0.95,
1h,BOS→OB,多,3笔1:1:2(3/6) 止盈8% 补满再亏10%止损 拿48根,1.2,1.08,0.96,18114,4920,19351,0.97,0.83,0.95,
1h,BOS→OB,多,3笔1:1:2(3/6) 止盈8% 补满再亏5%止损 拿18根,1.18,1.34,1.1,20951,5746,21687,0.98,0.92,0.96,
1h,BOS→OB,多,3笔1:1:2(3/6) 止盈8% 补满再亏5%止损 拿48根,1.13,1.12,0.99,18129,4921,19368,0.97,0.88,0.96,
1h,BOS→OB,多,5笔1:1:2:2:4(2..8) 止盈2% 补满再亏10%止损 拿18根,1.22,1.29,1.04,22329,6154,22897,0.92,0.81,0.88,
1h,BOS→OB,多,5笔1:1:2:2:4(2..8) 止盈2% 补满再亏10%止损 拿48根,1.18,0.9,0.89,22005,6079,22687,0.97,0.72,0.85,
1h,BOS→OB,多,5笔1:1:2:2:4(2..8) 止盈2% 补满再亏5%止损 拿18根,1.21,1.32,1.06,22329,6154,22897,0.94,0.86,0.9,
1h,BOS→OB,多,5笔1:1:2:2:4(2..8) 止盈2% 补满再亏5%止损 拿48根,1.15,0.97,0.93,22006,6079,22691,0.97,0.81,0.88,
1h,BOS→OB,多,5笔1:1:2:2:4(2..8) 止盈3% 补满再亏10%止损 拿18根,1.29,1.32,1.09,21926,6030,22625,0.96,0.85,0.92,
1h,BOS→OB,多,5笔1:1:2:2:4(2..8) 止盈3% 补满再亏10%止损 拿48根,1.23,1.0,0.92,21151,5841,22110,0.98,0.77,0.89,
1h,BOS→OB,多,5笔1:1:2:2:4(2..8) 止盈3% 补满再亏5%止损 拿18根,1.28,1.35,1.11,21926,6030,22625,0.99,0.88,0.95,✔
1h,BOS→OB,多,5笔1:1:2:2:4(2..8) 止盈3% 补满再亏5%止损 拿48根,1.2,1.04,0.97,21154,5841,22116,0.98,0.83,0.93,
1h,BOS→OB,多,5笔1:1:2:2:4(2..8) 止盈5% 补满再亏10%止损 拿18根,1.35,1.41,1.11,21336,5846,22073,1.0,0.86,0.97,✔
1h,BOS→OB,多,5笔1:1:2:2:4(2..8) 止盈5% 补满再亏10%止损 拿48根,1.28,1.0,0.95,19605,5354,20807,1.02,0.81,0.92,
1h,BOS→OB,多,5笔1:1:2:2:4(2..8) 止盈5% 补满再亏5%止损 拿18根,1.32,1.45,1.13,21336,5846,22073,1.03,0.9,0.98,✔
1h,BOS→OB,多,5笔1:1:2:2:4(2..8) 止盈5% 补满再亏5%止损 拿48根,1.23,1.03,0.98,19610,5355,20815,1.01,0.86,0.95,
1h,BOS→OB,多,5笔1:1:2:2:4(2..8) 止盈8% 补满再亏10%止损 拿18根,1.42,1.37,1.12,20961,5749,21696,1.01,0.87,0.98,✔
1h,BOS→OB,多,5笔1:1:2:2:4(2..8) 止盈8% 补满再亏10%止损 拿48根,1.33,1.06,0.97,18199,4926,19418,1.04,0.84,0.96,
1h,BOS→OB,多,5笔1:1:2:2:4(2..8) 止盈8% 补满再亏5%止损 拿18根,1.39,1.42,1.14,20961,5749,21696,1.03,0.92,1.0,✔
1h,BOS→OB,多,5笔1:1:2:2:4(2..8) 止盈8% 补满再亏5%止损 拿48根,1.27,1.07,0.99,18205,4928,19428,1.03,0.88,0.98,
1h,BOS→OB,多,5笔等(2..8) 止盈2% 补满再亏10%止损 拿18根,1.13,1.26,1.02,22329,6154,22897,0.88,0.8,0.85,
1h,BOS→OB,多,5笔等(2..8) 止盈2% 补满再亏10%止损 拿48根,1.11,0.97,0.91,21987,6078,22672,0.92,0.72,0.83,
1h,BOS→OB,多,5笔等(2..8) 止盈2% 补满再亏5%止损 拿18根,1.1,1.27,1.02,22329,6154,22897,0.9,0.83,0.86,
1h,BOS→OB,多,5笔等(2..8) 止盈2% 补满再亏5%止损 拿48根,1.07,1.01,0.94,21989,6078,22676,0.92,0.78,0.86,
1h,BOS→OB,多,5笔等(2..8) 止盈3% 补满再亏10%止损 拿18根,1.17,1.26,1.06,21925,6030,22625,0.92,0.82,0.9,
1h,BOS→OB,多,5笔等(2..8) 止盈3% 补满再亏10%止损 拿48根,1.15,0.99,0.93,21129,5838,22090,0.94,0.77,0.88,
1h,BOS→OB,多,5笔等(2..8) 止盈3% 补满再亏5%止损 拿18根,1.15,1.27,1.07,21925,6030,22625,0.93,0.85,0.91,
1h,BOS→OB,多,5笔等(2..8) 止盈3% 补满再亏5%止损 拿48根,1.11,1.02,0.96,21134,5839,22098,0.93,0.81,0.9,
1h,BOS→OB,多,5笔等(2..8) 止盈5% 补满再亏10%止损 拿18根,1.19,1.31,1.07,21332,5845,22071,0.95,0.84,0.92,
1h,BOS→OB,多,5笔等(2..8) 止盈5% 补满再亏10%止损 拿48根,1.19,1.03,0.94,19572,5347,20772,0.97,0.81,0.9,
1h,BOS→OB,多,5笔等(2..8) 止盈5% 补满再亏5%止损 拿18根,1.17,1.32,1.07,21332,5845,22071,0.97,0.86,0.92,
1h,BOS→OB,多,5笔等(2..8) 止盈5% 补满再亏5%止损 拿48根,1.15,1.04,0.96,19577,5349,20781,0.95,0.84,0.91,
1h,BOS→OB,多,5笔等(2..8) 止盈8% 补满再亏10%止损 拿18根,1.24,1.3,1.09,20958,5749,21694,0.96,0.86,0.95,
1h,BOS→OB,多,5笔等(2..8) 止盈8% 补满再亏10%止损 拿48根,1.22,1.07,0.96,18159,4925,19383,0.99,0.84,0.95,
1h,BOS→OB,多,5笔等(2..8) 止盈8% 补满再亏5%止损 拿18根,1.21,1.32,1.09,20958,5749,21694,0.97,0.88,0.95,
1h,BOS→OB,多,5笔等(2..8) 止盈8% 补满再亏5%止损 拿48根,1.16,1.08,0.98,18164,4927,19393,0.97,0.86,0.96,
1h,BOS→OB,多,6笔深(3..18) 止盈2% 补满再亏10%止损 拿18根,1.21,1.32,1.06,22311,6145,22886,0.95,0.84,0.83,
1h,BOS→OB,多,6笔深(3..18) 止盈2% 补满再亏10%止损 拿48根,1.2,0.95,0.86,21919,6056,22633,1.0,0.77,0.8,
1h,BOS→OB,多,6笔深(3..18) 止盈2% 补满再亏5%止损 拿18根,1.2,1.32,1.05,22311,6145,22886,0.93,0.8,0.84,
1h,BOS→OB,多,6笔深(3..18) 止盈2% 补满再亏5%止损 拿48根,1.22,0.99,0.88,21919,6056,22633,1.0,0.73,0.8,
1h,BOS→OB,多,6笔深(3..18) 止盈3% 补满再亏10%止损 拿18根,1.27,1.3,1.09,21888,6027,22610,1.0,0.89,0.88,
1h,BOS→OB,多,6笔深(3..18) 止盈3% 补满再亏10%止损 拿48根,1.28,0.96,0.9,21040,5820,22043,1.01,0.82,0.84,
1h,BOS→OB,多,6笔深(3..18) 止盈3% 补满再亏5%止损 拿18根,1.25,1.3,1.08,21888,6027,22610,0.97,0.85,0.89,
1h,BOS→OB,多,6笔深(3..18) 止盈3% 补满再亏5%止损 拿48根,1.28,1.0,0.91,21040,5820,22043,1.0,0.78,0.84,
1h,BOS→OB,多,6笔深(3..18) 止盈5% 补满再亏10%止损 拿18根,1.35,1.33,1.12,21320,5841,22043,1.03,0.93,0.92,✔
1h,BOS→OB,多,6笔深(3..18) 止盈5% 补满再亏10%止损 拿48根,1.36,1.01,0.93,19499,5334,20669,1.05,0.9,0.9,
1h,BOS→OB,多,6笔深(3..18) 止盈5% 补满再亏5%止损 拿18根,1.32,1.34,1.11,21320,5841,22043,1.01,0.88,0.93,✔
1h,BOS→OB,多,6笔深(3..18) 止盈5% 补满再亏5%止损 拿48根,1.35,1.04,0.94,19499,5334,20669,1.04,0.84,0.89,
1h,BOS→OB,多,6笔深(3..18) 止盈8% 补满再亏10%止损 拿18根,1.44,1.29,1.16,20950,5746,21688,1.04,0.95,0.95,✔
1h,BOS→OB,多,6笔深(3..18) 止盈8% 补满再亏10%止损 拿48根,1.44,1.08,0.96,18100,4920,19347,1.08,0.96,0.95,
1h,BOS→OB,多,6笔深(3..18) 止盈8% 补满再亏5%止损 拿18根,1.41,1.31,1.14,20950,5746,21688,1.02,0.91,0.96,✔
1h,BOS→OB,多,6笔深(3..18) 止盈8% 补满再亏5%止损 拿48根,1.42,1.12,0.98,18100,4920,19347,1.07,0.88,0.95,
1h,BOS→OB,多,原版（结构止损、盈亏比2）,0.91,1.01,1.0,19957,5508,20579,0.88,0.88,0.9,
1h,CHoCH→FVG,空,3笔1:1:1(3/6) 止盈2% 补满再亏10%止损 拿18根,0.87,1.11,0.94,13908,4323,16738,0.96,0.93,0.92,
1h,CHoCH→FVG,空,3笔1:1:1(3/6) 止盈2% 补满再亏10%止损 拿48根,0.96,1.04,1.02,13567,4223,16458,1.0,0.98,0.93,
1h,CHoCH→FVG,空,3笔1:1:1(3/6) 止盈2% 补满再亏5%止损 拿18根,0.87,1.1,0.96,13908,4323,16738,0.98,0.95,0.94,
1h,CHoCH→FVG,空,3笔1:1:1(3/6) 止盈2% 补满再亏5%止损 拿48根,0.96,1.02,1.01,13591,4233,16505,1.01,0.98,0.97,
1h,CHoCH→FVG,空,3笔1:1:1(3/6) 止盈3% 补满再亏10%止损 拿18根,0.89,1.06,0.97,13896,4320,16730,0.98,0.95,0.96,
1h,CHoCH→FVG,空,3笔1:1:1(3/6) 止盈3% 补满再亏10%止损 拿48根,0.96,1.04,1.05,13351,4160,16212,1.01,1.0,0.98,
1h,CHoCH→FVG,空,3笔1:1:1(3/6) 止盈3% 补满再亏5%止损 拿18根,0.89,1.07,0.99,13896,4320,16730,1.0,0.98,0.98,
1h,CHoCH→FVG,空,3笔1:1:1(3/6) 止盈3% 补满再亏5%止损 拿48根,0.95,1.03,1.06,13382,4169,16278,1.04,1.0,1.01,
1h,CHoCH→FVG,空,3笔1:1:1(3/6) 止盈5% 补满再亏10%止损 拿18根,0.9,1.03,0.99,13870,4311,16692,0.98,0.95,0.98,
1h,CHoCH→FVG,空,3笔1:1:1(3/6) 止盈5% 补满再亏10%止损 拿48根,0.96,1.05,1.05,13000,4015,15758,1.01,1.01,1.0,
1h,CHoCH→FVG,空,3笔1:1:1(3/6) 止盈5% 补满再亏5%止损 拿18根,0.91,1.03,1.01,13870,4311,16692,1.0,0.98,1.01,
1h,CHoCH→FVG,空,3笔1:1:1(3/6) 止盈5% 补满再亏5%止损 拿48根,0.96,1.05,1.06,13041,4030,15848,1.04,1.01,1.04,
1h,CHoCH→FVG,空,3笔1:1:1(3/6) 止盈8% 补满再亏10%止损 拿18根,0.87,1.0,0.99,13848,4300,16647,0.95,0.96,1.0,
1h,CHoCH→FVG,空,3笔1:1:1(3/6) 止盈8% 补满再亏10%止损 拿48根,0.95,1.06,1.07,12740,3932,15351,0.99,1.01,1.0,
1h,CHoCH→FVG,空,3笔1:1:1(3/6) 止盈8% 补满再亏5%止损 拿18根,0.88,0.99,1.01,13848,4300,16647,0.97,0.98,1.02,
1h,CHoCH→FVG,空,3笔1:1:1(3/6) 止盈8% 补满再亏5%止损 拿48根,0.95,1.07,1.08,12787,3947,15455,1.02,1.01,1.04,
1h,CHoCH→FVG,空,3笔1:1:2(3/6) 止盈2% 补满再亏10%止损 拿18根,0.86,1.12,0.94,13908,4323,16738,0.97,0.93,0.93,
1h,CHoCH→FVG,空,3笔1:1:2(3/6) 止盈2% 补满再亏10%止损 拿48根,0.99,1.06,1.03,13595,4231,16480,1.0,1.0,0.94,
1h,CHoCH→FVG,空,3笔1:1:2(3/6) 止盈2% 补满再亏5%止损 拿18根,0.87,1.1,0.97,13908,4323,16738,1.0,0.96,0.96,
1h,CHoCH→FVG,空,3笔1:1:2(3/6) 止盈2% 补满再亏5%止损 拿48根,0.99,1.03,1.03,13615,4239,16520,1.02,1.0,0.99,
1h,CHoCH→FVG,空,3笔1:1:2(3/6) 止盈3% 补满再亏10%止损 拿18根,0.89,1.04,0.99,13896,4320,16730,0.99,0.96,0.97,
1h,CHoCH→FVG,空,3笔1:1:2(3/6) 止盈3% 补满再亏10%止损 拿48根,0.98,1.02,1.07,13370,4164,16245,1.02,1.02,0.99,
1h,CHoCH→FVG,空,3笔1:1:2(3/6) 止盈3% 补满再亏5%止损 拿18根,0.9,1.05,1.02,13896,4320,16730,1.02,0.98,1.01,
1h,CHoCH→FVG,空,3笔1:1:2(3/6) 止盈3% 补满再亏5%止损 拿48根,0.98,1.01,1.07,13398,4173,16308,1.05,1.01,1.04,
1h,CHoCH→FVG,空,3笔1:1:2(3/6) 止盈5% 补满再亏10%止损 拿18根,0.91,1.02,1.0,13870,4311,16692,0.98,0.96,0.99,
1h,CHoCH→FVG,空,3笔1:1:2(3/6) 止盈5% 补满再亏10%止损 拿48根,0.98,1.04,1.05,13020,4021,15778,1.01,1.01,1.01,
1h,CHoCH→FVG,空,3笔1:1:2(3/6) 止盈5% 补满再亏5%止损 拿18根,0.92,1.02,1.03,13870,4311,16692,1.01,0.99,1.03,
1h,CHoCH→FVG,空,3笔1:1:2(3/6) 止盈5% 补满再亏5%止损 拿48根,0.98,1.04,1.07,13058,4035,15866,1.05,1.02,1.06,
1h,CHoCH→FVG,空,3笔1:1:2(3/6) 止盈8% 补满再亏10%止损 拿18根,0.88,1.0,1.01,13849,4301,16648,0.96,0.97,1.01,
1h,CHoCH→FVG,空,3笔1:1:2(3/6) 止盈8% 补满再亏10%止损 拿48根,0.96,1.06,1.08,12748,3934,15370,0.99,1.02,1.01,
1h,CHoCH→FVG,空,3笔1:1:2(3/6) 止盈8% 补满再亏5%止损 拿18根,0.89,0.99,1.03,13849,4301,16648,0.99,0.99,1.05,
1h,CHoCH→FVG,空,3笔1:1:2(3/6) 止盈8% 补满再亏5%止损 拿48根,0.97,1.07,1.09,12794,3949,15470,1.02,1.02,1.06,
1h,CHoCH→FVG,空,5笔1:1:2:2:4(2..8) 止盈2% 补满再亏10%止损 拿18根,0.85,1.15,0.96,13909,4323,16741,0.98,0.95,0.95,
1h,CHoCH→FVG,空,5笔1:1:2:2:4(2..8) 止盈2% 补满再亏10%止损 拿48根,1.02,1.09,1.06,13660,4266,16565,0.99,1.04,0.97,
1h,CHoCH→FVG,空,5笔1:1:2:2:4(2..8) 止盈2% 补满再亏5%止损 拿18根,0.88,1.1,1.01,13909,4323,16741,1.03,0.94,1.0,
1h,CHoCH→FVG,空,5笔1:1:2:2:4(2..8) 止盈2% 补满再亏5%止损 拿48根,1.02,1.02,1.07,13672,4270,16575,1.03,0.98,1.01,
1h,CHoCH→FVG,空,5笔1:1:2:2:4(2..8) 止盈3% 补满再亏10%止损 拿18根,0.89,1.1,1.0,13898,4320,16731,1.01,1.01,1.0,
1h,CHoCH→FVG,空,5笔1:1:2:2:4(2..8) 止盈3% 补满再亏10%止损 拿48根,1.06,1.08,1.1,13451,4181,16351,1.01,1.09,1.02,
1h,CHoCH→FVG,空,5笔1:1:2:2:4(2..8) 止盈3% 补满再亏5%止损 拿18根,0.91,1.06,1.04,13898,4320,16731,1.05,1.0,1.04,
1h,CHoCH→FVG,空,5笔1:1:2:2:4(2..8) 止盈3% 补满再亏5%止损 拿48根,1.04,1.0,1.1,13471,4187,16373,1.05,1.04,1.07,
1h,CHoCH→FVG,空,5笔1:1:2:2:4(2..8) 止盈5% 补满再亏10%止损 拿18根,0.92,1.04,1.04,13872,4313,16692,1.01,1.02,1.02,
1h,CHoCH→FVG,空,5笔1:1:2:2:4(2..8) 止盈5% 补满再亏10%止损 拿48根,1.0,1.13,1.11,13057,4057,15860,1.05,1.05,1.04,
1h,CHoCH→FVG,空,5笔1:1:2:2:4(2..8) 止盈5% 补满再亏5%止损 拿18根,0.94,1.01,1.09,13872,4313,16692,1.05,1.02,1.08,
1h,CHoCH→FVG,空,5笔1:1:2:2:4(2..8) 止盈5% 补满再亏5%止损 拿48根,0.99,1.03,1.13,13091,4067,15904,1.07,1.02,1.09,
1h,CHoCH→FVG,空,5笔1:1:2:2:4(2..8) 止盈8% 补满再亏10%止损 拿18根,0.88,1.02,1.04,13849,4302,16648,0.98,1.02,1.05,
1h,CHoCH→FVG,空,5笔1:1:2:2:4(2..8) 止盈8% 补满再亏10%止损 拿48根,0.99,1.15,1.12,12766,3940,15405,1.01,1.07,1.04,
1h,CHoCH→FVG,空,5笔1:1:2:2:4(2..8) 止盈8% 补满再亏5%止损 拿18根,0.9,0.99,1.09,13849,4302,16648,1.02,1.02,1.1,
1h,CHoCH→FVG,空,5笔1:1:2:2:4(2..8) 止盈8% 补满再亏5%止损 拿48根,0.97,1.07,1.15,12800,3952,15464,1.04,1.03,1.09,
1h,CHoCH→FVG,空,5笔等(2..8) 止盈2% 补满再亏10%止损 拿18根,0.84,1.1,0.94,13909,4323,16740,0.96,0.93,0.92,
1h,CHoCH→FVG,空,5笔等(2..8) 止盈2% 补满再亏10%止损 拿48根,1.0,1.05,1.03,13614,4242,16504,1.0,1.0,0.94,
1h,CHoCH→FVG,空,5笔等(2..8) 止盈2% 补满再亏5%止损 拿18根,0.86,1.07,0.96,13909,4323,16740,0.99,0.92,0.95,
1h,CHoCH→FVG,空,5笔等(2..8) 止盈2% 补满再亏5%止损 拿48根,0.98,0.99,1.02,13632,4247,16524,1.01,0.96,0.98,
1h,CHoCH→FVG,空,5笔等(2..8) 止盈3% 补满再亏10%止损 拿18根,0.87,1.08,0.98,13898,4320,16731,0.99,0.98,0.97,
1h,CHoCH→FVG,空,5笔等(2..8) 止盈3% 补满再亏10%止损 拿48根,0.99,1.07,1.08,13401,4169,16282,1.02,1.03,0.99,
1h,CHoCH→FVG,空,5笔等(2..8) 止盈3% 补满再亏5%止损 拿18根,0.88,1.05,1.01,13898,4320,16731,1.01,0.97,0.99,
1h,CHoCH→FVG,空,5笔等(2..8) 止盈3% 补满再亏5%止损 拿48根,0.96,1.0,1.08,13429,4177,16318,1.03,1.0,1.02,
1h,CHoCH→FVG,空,5笔等(2..8) 止盈5% 补满再亏10%止损 拿18根,0.9,1.02,1.01,13871,4313,16692,0.99,0.97,0.99,
1h,CHoCH→FVG,空,5笔等(2..8) 止盈5% 补满再亏10%止损 拿48根,0.97,1.09,1.08,13019,4030,15781,1.03,1.01,1.02,
1h,CHoCH→FVG,空,5笔等(2..8) 止盈5% 补满再亏5%止损 拿18根,0.91,1.01,1.04,13871,4313,16692,1.01,0.97,1.02,
1h,CHoCH→FVG,空,5笔等(2..8) 止盈5% 补满再亏5%止损 拿48根,0.96,1.02,1.08,13053,4041,15833,1.04,1.0,1.04,
1h,CHoCH→FVG,空,5笔等(2..8) 止盈8% 补满再亏10%止损 拿18根,0.86,1.0,1.01,13847,4300,16647,0.96,0.97,1.01,
1h,CHoCH→FVG,空,5笔等(2..8) 止盈8% 补满再亏10%止损 拿48根,0.96,1.11,1.09,12740,3932,15355,1.0,1.03,1.01,
1h,CHoCH→FVG,空,5笔等(2..8) 止盈8% 补满再亏5%止损 拿18根,0.87,0.98,1.03,13847,4300,16647,0.98,0.98,1.03,
1h,CHoCH→FVG,空,5笔等(2..8) 止盈8% 补满再亏5%止损 拿48根,0.95,1.05,1.11,12775,3944,15418,1.02,1.0,1.04,
1h,CHoCH→FVG,空,6笔深(3..18) 止盈2% 补满再亏10%止损 拿18根,0.89,1.33,1.0,13908,4323,16738,1.02,0.95,0.95,
1h,CHoCH→FVG,空,6笔深(3..18) 止盈2% 补满再亏10%止损 拿48根,1.12,1.18,1.15,13582,4229,16497,1.11,1.13,1.01,
1h,CHoCH→FVG,空,6笔深(3..18) 止盈2% 补满再亏5%止损 拿18根,0.91,1.24,0.99,13908,4323,16738,1.03,0.96,0.99,
1h,CHoCH→FVG,空,6笔深(3..18) 止盈2% 补满再亏5%止损 拿48根,1.11,1.19,1.13,13583,4229,16498,1.11,1.11,1.04,
1h,CHoCH→FVG,空,6笔深(3..18) 止盈3% 补满再亏10%止损 拿18根,0.93,1.19,1.05,13896,4320,16730,1.03,0.96,1.01,
1h,CHoCH→FVG,空,6笔深(3..18) 止盈3% 补满再亏10%止损 拿48根,1.12,1.16,1.2,13364,4164,16250,1.1,1.12,1.08,
1h,CHoCH→FVG,空,6笔深(3..18) 止盈3% 补满再亏5%止损 拿18根,0.93,1.12,1.03,13896,4320,16730,1.05,0.97,1.03,
1h,CHoCH→FVG,空,6笔深(3..18) 止盈3% 补满再亏5%止损 拿48根,1.11,1.17,1.18,13368,4165,16252,1.12,1.1,1.09,
1h,CHoCH→FVG,空,6笔深(3..18) 止盈5% 补满再亏10%止损 拿18根,0.95,1.16,1.09,13870,4311,16692,1.04,1.0,1.04,
1h,CHoCH→FVG,空,6笔深(3..18) 止盈5% 补满再亏10%止损 拿48根,1.11,1.25,1.2,12996,4025,15788,1.13,1.11,1.11,
1h,CHoCH→FVG,空,6笔深(3..18) 止盈5% 补满再亏5%止损 拿18根,0.97,1.12,1.08,13870,4311,16692,1.06,1.01,1.06,
1h,CHoCH→FVG,空,6笔深(3..18) 止盈5% 补满再亏5%止损 拿48根,1.11,1.26,1.18,13000,4026,15793,1.14,1.1,1.11,
1h,CHoCH→FVG,空,6笔深(3..18) 止盈8% 补满再亏10%止损 拿18根,0.93,1.15,1.09,13848,4300,16647,1.01,1.02,1.05,
1h,CHoCH→FVG,空,6笔深(3..18) 止盈8% 补满再亏10%止损 拿48根,1.09,1.28,1.2,12721,3931,15350,1.09,1.12,1.12,
1h,CHoCH→FVG,空,6笔深(3..18) 止盈8% 补满再亏5%止损 拿18根,0.95,1.08,1.07,13848,4300,16647,1.03,1.03,1.09,
1h,CHoCH→FVG,空,6笔深(3..18) 止盈8% 补满再亏5%止损 拿48根,1.09,1.24,1.19,12726,3933,15356,1.09,1.11,1.12,
1h,CHoCH→FVG,空,原版（结构止损、盈亏比2）,0.92,1.07,1.04,13516,4221,16222,0.95,1.02,1.0,
1h,CHoCH→FVG,多,3笔1:1:1(3/6) 止盈2% 补满再亏10%止损 拿18根,0.76,0.92,0.84,15556,4108,17403,0.87,0.79,0.84,
1h,CHoCH→FVG,多,3笔1:1:1(3/6) 止盈2% 补满再亏10%止损 拿48根,0.75,0.77,0.78,15115,4014,17094,0.9,0.74,0.83,
1h,CHoCH→FVG,多,3笔1:1:1(3/6) 止盈2% 补满再亏5%止损 拿18根,0.8,0.93,0.86,15556,4108,17403,0.89,0.83,0.85,
1h,CHoCH→FVG,多,3笔1:1:1(3/6) 止盈2% 补满再亏5%止损 拿48根,0.79,0.81,0.81,15177,4017,17127,0.89,0.79,0.85,
1h,CHoCH→FVG,多,3笔1:1:1(3/6) 止盈3% 补满再亏10%止损 拿18根,0.8,0.93,0.86,15530,4104,17383,0.9,0.83,0.88,
1h,CHoCH→FVG,多,3笔1:1:1(3/6) 止盈3% 补满再亏10%止损 拿48根,0.79,0.82,0.82,14851,3923,16838,0.91,0.79,0.87,
1h,CHoCH→FVG,多,3笔1:1:1(3/6) 止盈3% 补满再亏5%止损 拿18根,0.83,0.94,0.88,15530,4104,17383,0.92,0.86,0.88,
1h,CHoCH→FVG,多,3笔1:1:1(3/6) 止盈3% 补满再亏5%止损 拿48根,0.82,0.87,0.85,14924,3927,16882,0.91,0.84,0.88,
1h,CHoCH→FVG,多,3笔1:1:1(3/6) 止盈5% 补满再亏10%止损 拿18根,0.82,0.9,0.89,15491,4087,17350,0.93,0.84,0.91,
1h,CHoCH→FVG,多,3笔1:1:1(3/6) 止盈5% 补满再亏10%止损 拿48根,0.83,0.83,0.86,14386,3799,16376,0.94,0.81,0.9,
1h,CHoCH→FVG,多,3笔1:1:1(3/6) 止盈5% 补满再亏5%止损 拿18根,0.85,0.91,0.89,15491,4087,17350,0.95,0.88,0.91,
1h,CHoCH→FVG,多,3笔1:1:1(3/6) 止盈5% 补满再亏5%止损 拿48根,0.85,0.88,0.89,14475,3806,16439,0.93,0.86,0.91,
1h,CHoCH→FVG,多,3笔1:1:1(3/6) 止盈8% 补满再亏10%止损 拿18根,0.84,0.86,0.89,15467,4085,17316,0.94,0.86,0.93,
1h,CHoCH→FVG,多,3笔1:1:1(3/6) 止盈8% 补满再亏10%止损 拿48根,0.88,0.84,0.88,14066,3726,16011,0.96,0.83,0.94,
1h,CHoCH→FVG,多,3笔1:1:1(3/6) 止盈8% 补满再亏5%止损 拿18根,0.87,0.88,0.9,15467,4085,17316,0.95,0.9,0.93,
1h,CHoCH→FVG,多,3笔1:1:1(3/6) 止盈8% 补满再亏5%止损 拿48根,0.9,0.89,0.91,14164,3733,16081,0.95,0.87,0.94,
1h,CHoCH→FVG,多,3笔1:1:2(3/6) 止盈2% 补满再亏10%止损 拿18根,0.75,0.98,0.85,15556,4108,17403,0.89,0.8,0.85,
1h,CHoCH→FVG,多,3笔1:1:2(3/6) 止盈2% 补满再亏10%止损 拿48根,0.75,0.79,0.77,15134,4021,17117,0.93,0.74,0.84,
1h,CHoCH→FVG,多,3笔1:1:2(3/6) 止盈2% 补满再亏5%止损 拿18根,0.8,0.98,0.87,15556,4108,17403,0.91,0.86,0.87,
1h,CHoCH→FVG,多,3笔1:1:2(3/6) 止盈2% 补满再亏5%止损 拿48根,0.8,0.86,0.81,15193,4024,17148,0.92,0.81,0.87,
1h,CHoCH→FVG,多,3笔1:1:2(3/6) 止盈3% 补满再亏10%止损 拿18根,0.79,0.95,0.87,15531,4104,17383,0.92,0.84,0.9,
1h,CHoCH→FVG,多,3笔1:1:2(3/6) 止盈3% 补满再亏10%止损 拿48根,0.79,0.82,0.82,14890,3930,16877,0.93,0.78,0.88,
1h,CHoCH→FVG,多,3笔1:1:2(3/6) 止盈3% 补满再亏5%止损 拿18根,0.84,0.96,0.89,15531,4104,17383,0.95,0.88,0.91,
1h,CHoCH→FVG,多,3笔1:1:2(3/6) 止盈3% 补满再亏5%止损 拿48根,0.83,0.88,0.85,14957,3934,16917,0.93,0.85,0.9,
1h,CHoCH→FVG,多,3笔1:1:2(3/6) 止盈5% 补满再亏10%止损 拿18根,0.82,0.93,0.89,15491,4087,17350,0.95,0.85,0.93,
1h,CHoCH→FVG,多,3笔1:1:2(3/6) 止盈5% 补满再亏10%止损 拿48根,0.84,0.84,0.86,14412,3803,16403,0.96,0.81,0.91,
1h,CHoCH→FVG,多,3笔1:1:2(3/6) 止盈5% 补满再亏5%止损 拿18根,0.85,0.94,0.91,15491,4087,17350,0.97,0.9,0.94,
1h,CHoCH→FVG,多,3笔1:1:2(3/6) 止盈5% 补满再亏5%止损 拿48根,0.86,0.9,0.9,14498,3810,16463,0.95,0.88,0.93,
1h,CHoCH→FVG,多,3笔1:1:2(3/6) 止盈8% 补满再亏10%止损 拿18根,0.84,0.88,0.9,15467,4085,17317,0.96,0.86,0.95,
1h,CHoCH→FVG,多,3笔1:1:2(3/6) 止盈8% 补满再亏10%止损 拿48根,0.89,0.84,0.87,14083,3727,16028,0.97,0.83,0.95,
1h,CHoCH→FVG,多,3笔1:1:2(3/6) 止盈8% 补满再亏5%止损 拿18根,0.87,0.9,0.91,15467,4085,17317,0.98,0.92,0.96,
1h,CHoCH→FVG,多,3笔1:1:2(3/6) 止盈8% 补满再亏5%止损 拿48根,0.91,0.9,0.91,14179,3734,16096,0.97,0.88,0.96,
1h,CHoCH→FVG,多,5笔1:1:2:2:4(2..8) 止盈2% 补满再亏10%止损 拿18根,0.7,0.99,0.85,15558,4110,17405,0.92,0.81,0.88,
1h,CHoCH→FVG,多,5笔1:1:2:2:4(2..8) 止盈2% 补满再亏10%止损 拿48根,0.72,0.78,0.75,15229,4047,17189,0.97,0.72,0.85,
1h,CHoCH→FVG,多,5笔1:1:2:2:4(2..8) 止盈2% 补满再亏5%止损 拿18根,0.76,1.02,0.89,15558,4110,17405,0.94,0.86,0.9,
1h,CHoCH→FVG,多,5笔1:1:2:2:4(2..8) 止盈2% 补满再亏5%止损 拿48根,0.76,0.87,0.8,15258,4048,17201,0.97,0.81,0.88,
1h,CHoCH→FVG,多,5笔1:1:2:2:4(2..8) 止盈3% 补满再亏10%止损 拿18根,0.78,0.95,0.87,15540,4104,17391,0.96,0.85,0.92,
1h,CHoCH→FVG,多,5笔1:1:2:2:4(2..8) 止盈3% 补满再亏10%止损 拿48根,0.8,0.78,0.8,14969,3965,16963,0.98,0.77,0.89,
1h,CHoCH→FVG,多,5笔1:1:2:2:4(2..8) 止盈3% 补满再亏5%止损 拿18根,0.83,0.99,0.89,15540,4104,17391,0.99,0.88,0.95,
1h,CHoCH→FVG,多,5笔1:1:2:2:4(2..8) 止盈3% 补满再亏5%止损 拿48根,0.83,0.87,0.84,15008,3966,16983,0.98,0.83,0.93,
1h,CHoCH→FVG,多,5笔1:1:2:2:4(2..8) 止盈5% 补满再亏10%止损 拿18根,0.8,0.93,0.9,15495,4087,17352,1.0,0.86,0.97,
1h,CHoCH→FVG,多,5笔1:1:2:2:4(2..8) 止盈5% 补满再亏10%止损 拿48根,0.87,0.79,0.85,14492,3814,16503,1.02,0.81,0.92,
1h,CHoCH→FVG,多,5笔1:1:2:2:4(2..8) 止盈5% 补满再亏5%止损 拿18根,0.86,0.96,0.91,15495,4087,17352,1.03,0.9,0.98,
1h,CHoCH→FVG,多,5笔1:1:2:2:4(2..8) 止盈5% 补满再亏5%止损 拿48根,0.88,0.88,0.89,14544,3816,16530,1.01,0.86,0.95,
1h,CHoCH→FVG,多,5笔1:1:2:2:4(2..8) 止盈8% 补满再亏10%止损 拿18根,0.82,0.86,0.91,15467,4085,17319,1.01,0.87,0.98,
1h,CHoCH→FVG,多,5笔1:1:2:2:4(2..8) 止盈8% 补满再亏10%止损 拿48根,0.92,0.77,0.86,14107,3732,16065,1.04,0.84,0.96,
1h,CHoCH→FVG,多,5笔1:1:2:2:4(2..8) 止盈8% 补满再亏5%止损 拿18根,0.87,0.92,0.92,15467,4085,17319,1.03,0.92,1.0,
1h,CHoCH→FVG,多,5笔1:1:2:2:4(2..8) 止盈8% 补满再亏5%止损 拿48根,0.92,0.86,0.9,14165,3735,16096,1.03,0.88,0.98,
1h,CHoCH→FVG,多,5笔等(2..8) 止盈2% 补满再亏10%止损 拿18根,0.73,0.92,0.85,15558,4110,17405,0.88,0.8,0.85,
1h,CHoCH→FVG,多,5笔等(2..8) 止盈2% 补满再亏10%止损 拿48根,0.73,0.76,0.78,15173,4031,17146,0.92,0.72,0.83,
1h,CHoCH→FVG,多,5笔等(2..8) 止盈2% 补满再亏5%止损 拿18根,0.77,0.94,0.86,15558,4110,17405,0.9,0.83,0.86,
1h,CHoCH→FVG,多,5笔等(2..8) 止盈2% 补满再亏5%止损 拿48根,0.75,0.82,0.81,15210,4032,17164,0.92,0.78,0.86,
1h,CHoCH→FVG,多,5笔等(2..8) 止盈3% 补满再亏10%止损 拿18根,0.78,0.92,0.87,15539,4104,17391,0.92,0.82,0.9,
1h,CHoCH→FVG,多,5笔等(2..8) 止盈3% 补满再亏10%止损 拿48根,0.79,0.78,0.82,14908,3943,16895,0.94,0.77,0.88,
1h,CHoCH→FVG,多,5笔等(2..8) 止盈3% 补满再亏5%止损 拿18根,0.81,0.94,0.88,15539,4104,17391,0.93,0.85,0.91,
1h,CHoCH→FVG,多,5笔等(2..8) 止盈3% 补满再亏5%止损 拿48根,0.8,0.84,0.84,14952,3944,16919,0.93,0.81,0.9,
1h,CHoCH→FVG,多,5笔等(2..8) 止盈5% 补满再亏10%止损 拿18根,0.8,0.88,0.89,15494,4087,17351,0.95,0.84,0.92,
1h,CHoCH→FVG,多,5笔等(2..8) 止盈5% 补满再亏10%止损 拿48根,0.84,0.78,0.85,14431,3802,16432,0.97,0.81,0.9,
1h,CHoCH→FVG,多,5笔等(2..8) 止盈5% 补满再亏5%止损 拿18根,0.83,0.9,0.89,15494,4087,17351,0.97,0.86,0.92,
1h,CHoCH→FVG,多,5笔等(2..8) 止盈5% 补满再亏5%止损 拿48根,0.84,0.84,0.88,14488,3804,16461,0.95,0.84,0.91,
1h,CHoCH→FVG,多,5笔等(2..8) 止盈8% 补满再亏10%止损 拿18根,0.82,0.84,0.89,15467,4085,17319,0.96,0.86,0.95,
1h,CHoCH→FVG,多,5笔等(2..8) 止盈8% 补满再亏10%止损 拿48根,0.89,0.78,0.86,14069,3727,16029,0.99,0.84,0.95,
1h,CHoCH→FVG,多,5笔等(2..8) 止盈8% 补满再亏5%止损 拿18根,0.85,0.87,0.9,15467,4085,17319,0.97,0.88,0.95,
1h,CHoCH→FVG,多,5笔等(2..8) 止盈8% 补满再亏5%止损 拿48根,0.89,0.84,0.89,14129,3730,16060,0.97,0.86,0.96,
1h,CHoCH→FVG,多,6笔深(3..18) 止盈2% 补满再亏10%止损 拿18根,0.76,0.88,0.79,15556,4108,17403,0.95,0.84,0.83,
1h,CHoCH→FVG,多,6笔深(3..18) 止盈2% 补满再亏10%止损 拿48根,0.67,0.65,0.72,15155,4019,17115,1.0,0.77,0.8,
1h,CHoCH→FVG,多,6笔深(3..18) 止盈2% 补满再亏5%止损 拿18根,0.77,0.93,0.85,15556,4108,17403,0.93,0.8,0.84,
1h,CHoCH→FVG,多,6笔深(3..18) 止盈2% 补满再亏5%止损 拿48根,0.75,0.68,0.75,15157,4019,17115,1.0,0.73,0.8,
1h,CHoCH→FVG,多,6笔深(3..18) 止盈3% 补满再亏10%止损 拿18根,0.81,0.88,0.84,15530,4104,17383,1.0,0.89,0.88,
1h,CHoCH→FVG,多,6笔深(3..18) 止盈3% 补满再亏10%止损 拿48根,0.75,0.72,0.78,14882,3927,16867,1.01,0.82,0.84,
1h,CHoCH→FVG,多,6笔深(3..18) 止盈3% 补满再亏5%止损 拿18根,0.82,0.93,0.89,15530,4104,17383,0.97,0.85,0.89,
1h,CHoCH→FVG,多,6笔深(3..18) 止盈3% 补满再亏5%止损 拿48根,0.81,0.73,0.81,14884,3927,16867,1.0,0.78,0.84,
1h,CHoCH→FVG,多,6笔深(3..18) 止盈5% 补满再亏10%止损 拿18根,0.83,0.84,0.89,15491,4087,17350,1.03,0.93,0.92,
1h,CHoCH→FVG,多,6笔深(3..18) 止盈5% 补满再亏10%止损 拿48根,0.82,0.74,0.84,14408,3802,16400,1.05,0.9,0.9,
1h,CHoCH→FVG,多,6笔深(3..18) 止盈5% 补满再亏5%止损 拿18根,0.84,0.89,0.92,15491,4087,17350,1.01,0.88,0.93,
1h,CHoCH→FVG,多,6笔深(3..18) 止盈5% 补满再亏5%止损 拿48根,0.89,0.76,0.86,14410,3802,16400,1.04,0.84,0.89,
1h,CHoCH→FVG,多,6笔深(3..18) 止盈8% 补满再亏10%止损 拿18根,0.86,0.8,0.89,15467,4085,17316,1.04,0.95,0.95,
1h,CHoCH→FVG,多,6笔深(3..18) 止盈8% 补满再亏10%止损 拿48根,0.87,0.72,0.86,14068,3725,16012,1.08,0.96,0.95,
1h,CHoCH→FVG,多,6笔深(3..18) 止盈8% 补满再亏5%止损 拿18根,0.87,0.86,0.92,15467,4085,17316,1.02,0.91,0.96,
1h,CHoCH→FVG,多,6笔深(3..18) 止盈8% 补满再亏5%止损 拿48根,0.95,0.75,0.88,14071,3725,16013,1.07,0.88,0.95,
1h,CHoCH→FVG,多,原版（结构止损、盈亏比2）,0.94,1.01,1.03,14967,3947,16772,0.88,0.88,0.9,
1h,CHoCH→OB,空,3笔1:1:1(3/6) 止盈2% 补满再亏10%止损 拿18根,0.85,1.05,0.94,19722,5946,23388,0.96,0.93,0.92,
1h,CHoCH→OB,空,3笔1:1:1(3/6) 止盈2% 补满再亏10%止损 拿48根,0.98,1.0,0.97,18819,5703,22692,1.0,0.98,0.93,
1h,CHoCH→OB,空,3笔1:1:1(3/6) 止盈2% 补满再亏5%止损 拿18根,0.86,1.03,0.97,19722,5946,23388,0.98,0.95,0.94,
1h,CHoCH→OB,空,3笔1:1:1(3/6) 止盈2% 补满再亏5%止损 拿48根,0.97,0.99,0.99,18901,5720,22770,1.01,0.98,0.97,
1h,CHoCH→OB,空,3笔1:1:1(3/6) 止盈3% 补满再亏10%止损 拿18根,0.89,1.06,0.98,19692,5932,23356,0.98,0.95,0.96,
1h,CHoCH→OB,空,3笔1:1:1(3/6) 止盈3% 补满再亏10%止损 拿48根,1.03,1.01,1.01,18307,5560,22197,1.01,1.0,0.98,
1h,CHoCH→OB,空,3笔1:1:1(3/6) 止盈3% 补满再亏5%止损 拿18根,0.9,1.04,1.0,19692,5932,23356,1.0,0.98,0.98,
1h,CHoCH→OB,空,3笔1:1:1(3/6) 止盈3% 补满再亏5%止损 拿48根,1.01,1.0,1.03,18406,5578,22303,1.04,1.0,1.01,
1h,CHoCH→OB,空,3笔1:1:1(3/6) 止盈5% 补满再亏10%止损 拿18根,0.9,1.02,0.99,19633,5906,23277,0.98,0.95,0.98,
1h,CHoCH→OB,空,3笔1:1:1(3/6) 止盈5% 补满再亏10%止损 拿48根,1.04,1.03,1.04,17630,5302,21356,1.01,1.01,1.0,
1h,CHoCH→OB,空,3笔1:1:1(3/6) 止盈5% 补满再亏5%止损 拿18根,0.91,1.0,1.0,19634,5906,23277,1.0,0.98,1.01,
1h,CHoCH→OB,空,3笔1:1:1(3/6) 止盈5% 补满再亏5%止损 拿48根,1.03,1.02,1.05,17754,5328,21522,1.04,1.01,1.04,
1h,CHoCH→OB,空,3笔1:1:1(3/6) 止盈8% 补满再亏10%止损 拿18根,0.88,1.0,0.99,19590,5890,23219,0.95,0.96,1.0,
1h,CHoCH→OB,空,3笔1:1:1(3/6) 止盈8% 补满再亏10%止损 拿48根,1.01,1.03,1.06,17183,5168,20691,0.99,1.01,1.0,
1h,CHoCH→OB,空,3笔1:1:1(3/6) 止盈8% 补满再亏5%止损 拿18根,0.89,0.97,1.0,19591,5890,23219,0.97,0.98,1.02,
1h,CHoCH→OB,空,3笔1:1:1(3/6) 止盈8% 补满再亏5%止损 拿48根,1.01,1.04,1.06,17316,5196,20878,1.02,1.01,1.04,
1h,CHoCH→OB,空,3笔1:1:2(3/6) 止盈2% 补满再亏10%止损 拿18根,0.86,1.06,0.95,19722,5946,23391,0.97,0.93,0.93,
1h,CHoCH→OB,空,3笔1:1:2(3/6) 止盈2% 补满再亏10%止损 拿48根,1.01,1.02,0.98,18881,5715,22744,1.0,1.0,0.94,
1h,CHoCH→OB,空,3笔1:1:2(3/6) 止盈2% 补满再亏5%止损 拿18根,0.88,1.04,0.99,19722,5946,23391,1.0,0.96,0.96,
1h,CHoCH→OB,空,3笔1:1:2(3/6) 止盈2% 补满再亏5%止损 拿48根,1.01,1.01,1.01,18951,5730,22816,1.02,1.0,0.99,
1h,CHoCH→OB,空,3笔1:1:2(3/6) 止盈3% 补满再亏10%止损 拿18根,0.91,1.06,0.99,19692,5932,23356,0.99,0.96,0.97,
1h,CHoCH→OB,空,3笔1:1:2(3/6) 止盈3% 补满再亏10%止损 拿48根,1.06,1.0,1.03,18361,5570,22268,1.02,1.02,0.99,
1h,CHoCH→OB,空,3笔1:1:2(3/6) 止盈3% 补满再亏5%止损 拿18根,0.93,1.04,1.03,19692,5932,23356,1.02,0.98,1.01,
1h,CHoCH→OB,空,3笔1:1:2(3/6) 止盈3% 补满再亏5%止损 拿48根,1.05,1.0,1.06,18454,5588,22363,1.05,1.01,1.04,
1h,CHoCH→OB,空,3笔1:1:2(3/6) 止盈5% 补满再亏10%止损 拿18根,0.92,1.03,1.02,19634,5906,23278,0.98,0.96,0.99,
1h,CHoCH→OB,空,3笔1:1:2(3/6) 止盈5% 补满再亏10%止损 拿48根,1.06,1.04,1.06,17671,5310,21417,1.01,1.01,1.01,
1h,CHoCH→OB,空,3笔1:1:2(3/6) 止盈5% 补满再亏5%止损 拿18根,0.94,1.0,1.04,19635,5906,23278,1.01,0.99,1.03,
1h,CHoCH→OB,空,3笔1:1:2(3/6) 止盈5% 补满再亏5%止损 拿48根,1.06,1.03,1.07,17793,5334,21567,1.05,1.02,1.06,
1h,CHoCH→OB,空,3笔1:1:2(3/6) 止盈8% 补满再亏10%止损 拿18根,0.9,1.01,1.01,19591,5891,23220,0.96,0.97,1.01,
1h,CHoCH→OB,空,3笔1:1:2(3/6) 止盈8% 补满再亏10%止损 拿48根,1.03,1.04,1.08,17195,5172,20725,0.99,1.02,1.01,
1h,CHoCH→OB,空,3笔1:1:2(3/6) 止盈8% 补满再亏5%止损 拿18根,0.92,0.98,1.03,19592,5891,23220,0.99,0.99,1.05,
1h,CHoCH→OB,空,3笔1:1:2(3/6) 止盈8% 补满再亏5%止损 拿48根,1.03,1.05,1.08,17327,5200,20906,1.02,1.02,1.06,
1h,CHoCH→OB,空,5笔1:1:2:2:4(2..8) 止盈2% 补满再亏10%止损 拿18根,0.87,1.05,0.98,19725,5948,23390,0.98,0.95,0.95,
1h,CHoCH→OB,空,5笔1:1:2:2:4(2..8) 止盈2% 补满再亏10%止损 拿48根,1.06,1.02,1.04,19029,5768,22911,0.99,1.04,0.97,
1h,CHoCH→OB,空,5笔1:1:2:2:4(2..8) 止盈2% 补满再亏5%止损 拿18根,0.9,1.06,1.03,19725,5948,23390,1.03,0.94,1.0,
1h,CHoCH→OB,空,5笔1:1:2:2:4(2..8) 止盈2% 补满再亏5%止损 拿48根,1.07,1.03,1.06,19059,5775,22950,1.03,0.98,1.01,
1h,CHoCH→OB,空,5笔1:1:2:2:4(2..8) 止盈3% 补满再亏10%止损 拿18根,0.9,1.11,1.01,19698,5938,23369,1.01,1.01,1.0,
1h,CHoCH→OB,空,5笔1:1:2:2:4(2..8) 止盈3% 补满再亏10%止损 拿48根,1.09,1.04,1.06,18545,5605,22466,1.01,1.09,1.02,
1h,CHoCH→OB,空,5笔1:1:2:2:4(2..8) 止盈3% 补满再亏5%止损 拿18根,0.93,1.12,1.08,19698,5938,23369,1.05,1.0,1.04,
1h,CHoCH→OB,空,5笔1:1:2:2:4(2..8) 止盈3% 补满再亏5%止损 拿48根,1.09,1.04,1.1,18590,5613,22523,1.05,1.04,1.07,
1h,CHoCH→OB,空,5笔1:1:2:2:4(2..8) 止盈5% 补满再亏10%止损 拿18根,0.92,1.09,1.06,19640,5912,23281,1.01,1.02,1.02,
1h,CHoCH→OB,空,5笔1:1:2:2:4(2..8) 止盈5% 补满再亏10%止损 拿48根,1.1,1.09,1.11,17785,5359,21541,1.05,1.05,1.04,
1h,CHoCH→OB,空,5笔1:1:2:2:4(2..8) 止盈5% 补满再亏5%止损 拿18根,0.95,1.08,1.11,19640,5912,23282,1.05,1.02,1.08,
1h,CHoCH→OB,空,5笔1:1:2:2:4(2..8) 止盈5% 补满再亏5%止损 拿48根,1.1,1.08,1.14,17851,5371,21624,1.07,1.02,1.09,
1h,CHoCH→OB,空,5笔1:1:2:2:4(2..8) 止盈8% 补满再亏10%止损 拿18根,0.93,1.09,1.06,19592,5894,23223,0.98,1.02,1.05,
1h,CHoCH→OB,空,5笔1:1:2:2:4(2..8) 止盈8% 补满再亏10%止损 拿48根,1.09,1.09,1.12,17217,5177,20760,1.01,1.07,1.04,
1h,CHoCH→OB,空,5笔1:1:2:2:4(2..8) 止盈8% 补满再亏5%止损 拿18根,0.95,1.06,1.11,19592,5894,23224,1.02,1.02,1.1,
1h,CHoCH→OB,空,5笔1:1:2:2:4(2..8) 止盈8% 补满再亏5%止损 拿48根,1.08,1.1,1.15,17303,5190,20872,1.04,1.03,1.09,
1h,CHoCH→OB,空,5笔等(2..8) 止盈2% 补满再亏10%止损 拿18根,0.85,1.04,0.94,19724,5948,23388,0.96,0.93,0.92,
1h,CHoCH→OB,空,5笔等(2..8) 止盈2% 补满再亏10%止损 拿48根,1.01,0.98,0.98,18919,5731,22800,1.0,1.0,0.94,
1h,CHoCH→OB,空,5笔等(2..8) 止盈2% 补满再亏5%止损 拿18根,0.86,1.05,0.98,19724,5948,23388,0.99,0.92,0.95,
1h,CHoCH→OB,空,5笔等(2..8) 止盈2% 补满再亏5%止损 拿48根,1.0,1.0,1.0,18964,5740,22853,1.01,0.96,0.98,
1h,CHoCH→OB,空,5笔等(2..8) 止盈3% 补满再亏10%止损 拿18根,0.88,1.08,0.99,19698,5938,23364,0.99,0.98,0.97,
1h,CHoCH→OB,空,5笔等(2..8) 止盈3% 补满再亏10%止损 拿48根,1.04,1.0,1.03,18410,5580,22317,1.02,1.03,0.99,
1h,CHoCH→OB,空,5笔等(2..8) 止盈3% 补满再亏5%止损 拿18根,0.89,1.07,1.03,19698,5938,23365,1.01,0.97,0.99,
1h,CHoCH→OB,空,5笔等(2..8) 止盈3% 补满再亏5%止损 拿48根,1.04,0.99,1.05,18465,5590,22389,1.03,1.0,1.02,
1h,CHoCH→OB,空,5笔等(2..8) 止盈5% 补满再亏10%止损 拿18根,0.89,1.05,1.01,19637,5911,23279,0.99,0.97,0.99,
1h,CHoCH→OB,空,5笔等(2..8) 止盈5% 补满再亏10%止损 拿48根,1.07,1.05,1.06,17680,5334,21402,1.03,1.01,1.02,
1h,CHoCH→OB,空,5笔等(2..8) 止盈5% 补满再亏5%止损 拿18根,0.91,1.04,1.03,19637,5911,23280,1.01,0.97,1.02,
1h,CHoCH→OB,空,5笔等(2..8) 止盈5% 补满再亏5%止损 拿48根,1.05,1.05,1.07,17752,5348,21500,1.04,1.0,1.04,
1h,CHoCH→OB,空,5笔等(2..8) 止盈8% 补满再亏10%止损 拿18根,0.88,1.03,1.01,19592,5891,23221,0.96,0.97,1.01,
1h,CHoCH→OB,空,5笔等(2..8) 止盈8% 补满再亏10%止损 拿48根,1.04,1.05,1.08,17183,5166,20696,1.0,1.03,1.01,
1h,CHoCH→OB,空,5笔等(2..8) 止盈8% 补满再亏5%止损 拿18根,0.89,1.01,1.03,19592,5891,23222,0.98,0.98,1.03,
1h,CHoCH→OB,空,5笔等(2..8) 止盈8% 补满再亏5%止损 拿48根,1.03,1.05,1.09,17270,5179,20815,1.02,1.0,1.04,
1h,CHoCH→OB,空,6笔深(3..18) 止盈2% 补满再亏10%止损 拿18根,0.92,1.2,0.98,19722,5946,23389,1.02,0.95,0.95,
1h,CHoCH→OB,空,6笔深(3..18) 止盈2% 补满再亏10%止损 拿48根,1.17,1.1,1.08,18872,5712,22755,1.11,1.13,1.01,
1h,CHoCH→OB,空,6笔深(3..18) 止盈2% 补满再亏5%止损 拿18根,0.91,1.17,1.01,19722,5946,23389,1.03,0.96,0.99,
1h,CHoCH→OB,空,6笔深(3..18) 止盈2% 补满再亏5%止损 拿48根,1.12,1.12,1.11,18877,5712,22761,1.11,1.11,1.04,
1h,CHoCH→OB,空,6笔深(3..18) 止盈3% 补满再亏10%止损 拿18根,0.94,1.24,1.02,19692,5932,23357,1.03,0.96,1.01,
1h,CHoCH→OB,空,6笔深(3..18) 止盈3% 补满再亏10%止损 拿48根,1.15,1.16,1.13,18365,5562,22265,1.1,1.12,1.08,
1h,CHoCH→OB,空,6笔深(3..18) 止盈3% 补满再亏5%止损 拿18根,0.93,1.2,1.04,19692,5932,23357,1.05,0.97,1.03,
1h,CHoCH→OB,空,6笔深(3..18) 止盈3% 补满再亏5%止损 拿48根,1.13,1.15,1.14,18373,5563,22274,1.12,1.1,1.09,
1h,CHoCH→OB,空,6笔深(3..18) 止盈5% 补满再亏10%止损 拿18根,0.96,1.17,1.07,19634,5906,23278,1.04,1.0,1.04,
1h,CHoCH→OB,空,6笔深(3..18) 止盈5% 补满再亏10%止损 拿48根,1.17,1.15,1.16,17652,5309,21390,1.13,1.11,1.11,
1h,CHoCH→OB,空,6笔深(3..18) 止盈5% 补满再亏5%止损 拿18根,0.96,1.18,1.09,19634,5906,23278,1.06,1.01,1.06,
1h,CHoCH→OB,空,6笔深(3..18) 止盈5% 补满再亏5%止损 拿48根,1.16,1.16,1.16,17665,5312,21406,1.14,1.1,1.11,
1h,CHoCH→OB,空,6笔深(3..18) 止盈8% 补满再亏10%止损 拿18根,0.95,1.16,1.07,19591,5890,23219,1.01,1.02,1.05,
1h,CHoCH→OB,空,6笔深(3..18) 止盈8% 补满再亏10%止损 拿48根,1.14,1.13,1.19,17146,5164,20663,1.09,1.12,1.12,
1h,CHoCH→OB,空,6笔深(3..18) 止盈8% 补满再亏5%止损 拿18根,0.95,1.17,1.09,19591,5890,23219,1.03,1.03,1.09,
1h,CHoCH→OB,空,6笔深(3..18) 止盈8% 补满再亏5%止损 拿48根,1.13,1.14,1.19,17161,5167,20686,1.09,1.11,1.12,
1h,CHoCH→OB,空,原版（结构止损、盈亏比2）,0.89,1.0,0.97,19331,5837,22867,0.95,1.02,1.0,
1h,CHoCH→OB,多,3笔1:1:1(3/6) 止盈2% 补满再亏10%止损 拿18根,0.71,0.89,0.86,21550,5739,24530,0.87,0.79,0.84,
1h,CHoCH→OB,多,3笔1:1:1(3/6) 止盈2% 补满再亏10%止损 拿48根,0.74,0.83,0.79,20510,5494,23775,0.9,0.74,0.83,
1h,CHoCH→OB,多,3笔1:1:1(3/6) 止盈2% 补满再亏5%止损 拿18根,0.75,0.9,0.88,21551,5741,24530,0.89,0.83,0.85,
1h,CHoCH→OB,多,3笔1:1:1(3/6) 止盈2% 补满再亏5%止损 拿48根,0.76,0.9,0.85,20646,5508,23838,0.89,0.79,0.85,
1h,CHoCH→OB,多,3笔1:1:1(3/6) 止盈3% 补满再亏10%止损 拿18根,0.75,0.9,0.88,21518,5729,24493,0.9,0.83,0.88,
1h,CHoCH→OB,多,3笔1:1:1(3/6) 止盈3% 补满再亏10%止损 拿48根,0.79,0.84,0.83,19998,5339,23274,0.91,0.79,0.87,
1h,CHoCH→OB,多,3笔1:1:1(3/6) 止盈3% 补满再亏5%止损 拿18根,0.79,0.91,0.9,21519,5731,24493,0.92,0.86,0.88,
1h,CHoCH→OB,多,3笔1:1:1(3/6) 止盈3% 补满再亏5%止损 拿48根,0.79,0.9,0.88,20147,5358,23349,0.91,0.84,0.88,
1h,CHoCH→OB,多,3笔1:1:1(3/6) 止盈5% 补满再亏10%止损 拿18根,0.76,0.88,0.88,21463,5709,24431,0.93,0.84,0.91,
1h,CHoCH→OB,多,3笔1:1:1(3/6) 止盈5% 补满再亏10%止损 拿48根,0.83,0.84,0.86,19256,5104,22386,0.94,0.81,0.9,
1h,CHoCH→OB,多,3笔1:1:1(3/6) 止盈5% 补满再亏5%止损 拿18根,0.8,0.91,0.9,21464,5711,24431,0.95,0.88,0.91,
1h,CHoCH→OB,多,3笔1:1:1(3/6) 止盈5% 补满再亏5%止损 拿48根,0.83,0.89,0.9,19428,5125,22494,0.93,0.86,0.91,
1h,CHoCH→OB,多,3笔1:1:1(3/6) 止盈8% 补满再亏10%止损 拿18根,0.77,0.86,0.9,21434,5697,24378,0.94,0.86,0.93,
1h,CHoCH→OB,多,3笔1:1:1(3/6) 止盈8% 补满再亏10%止损 拿48根,0.88,0.82,0.89,18745,4960,21723,0.96,0.83,0.94,
1h,CHoCH→OB,多,3笔1:1:1(3/6) 止盈8% 补满再亏5%止损 拿18根,0.81,0.88,0.91,21435,5699,24378,0.95,0.9,0.93,
1h,CHoCH→OB,多,3笔1:1:1(3/6) 止盈8% 补满再亏5%止损 拿48根,0.86,0.86,0.92,18929,4980,21848,0.95,0.87,0.94,
1h,CHoCH→OB,多,3笔1:1:2(3/6) 止盈2% 补满再亏10%止损 拿18根,0.7,0.93,0.87,21551,5739,24530,0.89,0.8,0.85,
1h,CHoCH→OB,多,3笔1:1:2(3/6) 止盈2% 补满再亏10%止损 拿48根,0.73,0.84,0.79,20575,5510,23850,0.93,0.74,0.84,
1h,CHoCH→OB,多,3笔1:1:2(3/6) 止盈2% 补满再亏5%止损 拿18根,0.75,0.94,0.9,21552,5741,24530,0.91,0.86,0.87,
1h,CHoCH→OB,多,3笔1:1:2(3/6) 止盈2% 补满再亏5%止损 拿48根,0.76,0.93,0.86,20697,5523,23904,0.92,0.81,0.87,
1h,CHoCH→OB,多,3笔1:1:2(3/6) 止盈3% 补满再亏10%止损 拿18根,0.74,0.91,0.88,21518,5729,24493,0.92,0.84,0.9,
1h,CHoCH→OB,多,3笔1:1:2(3/6) 止盈3% 补满再亏10%止损 拿48根,0.78,0.85,0.82,20036,5348,23337,0.93,0.78,0.88,
1h,CHoCH→OB,多,3笔1:1:2(3/6) 止盈3% 补满再亏5%止损 拿18根,0.79,0.94,0.91,21519,5731,24493,0.95,0.88,0.91,
1h,CHoCH→OB,多,3笔1:1:2(3/6) 止盈3% 补满再亏5%止损 拿48根,0.79,0.92,0.89,20181,5368,23405,0.93,0.85,0.9,
1h,CHoCH→OB,多,3笔1:1:2(3/6) 止盈5% 补满再亏10%止损 拿18根,0.76,0.91,0.89,21464,5709,24433,0.95,0.85,0.93,
1h,CHoCH→OB,多,3笔1:1:2(3/6) 止盈5% 补满再亏10%止损 拿48根,0.84,0.85,0.86,19299,5115,22429,0.96,0.81,0.91,
1h,CHoCH→OB,多,3笔1:1:2(3/6) 止盈5% 补满再亏5%止损 拿18根,0.81,0.94,0.91,21465,5711,24433,0.97,0.9,0.94,
1h,CHoCH→OB,多,3笔1:1:2(3/6) 止盈5% 补满再亏5%止损 拿48根,0.84,0.91,0.91,19470,5135,22533,0.95,0.88,0.93,
1h,CHoCH→OB,多,3笔1:1:2(3/6) 止盈8% 补满再亏10%止损 拿18根,0.77,0.87,0.9,21434,5698,24378,0.96,0.86,0.95,
1h,CHoCH→OB,多,3笔1:1:2(3/6) 止盈8% 补满再亏10%止损 拿48根,0.88,0.83,0.88,18765,4968,21753,0.97,0.83,0.95,
1h,CHoCH→OB,多,3笔1:1:2(3/6) 止盈8% 补满再亏5%止损 拿18根,0.81,0.91,0.93,21435,5700,24378,0.98,0.92,0.96,
1h,CHoCH→OB,多,3笔1:1:2(3/6) 止盈8% 补满再亏5%止损 拿48根,0.87,0.89,0.93,18948,4988,21876,0.97,0.88,0.96,
1h,CHoCH→OB,多,5笔1:1:2:2:4(2..8) 止盈2% 补满再亏10%止损 拿18根,0.68,1.0,0.86,21554,5740,24537,0.92,0.81,0.88,
1h,CHoCH→OB,多,5笔1:1:2:2:4(2..8) 止盈2% 补满再亏10%止损 拿48根,0.74,0.83,0.77,20768,5573,24025,0.97,0.72,0.85,
1h,CHoCH→OB,多,5笔1:1:2:2:4(2..8) 止盈2% 补满再亏5%止损 拿18根,0.72,0.96,0.89,21554,5742,24538,0.94,0.86,0.9,
1h,CHoCH→OB,多,5笔1:1:2:2:4(2..8) 止盈2% 补满再亏5%止损 拿48根,0.75,0.9,0.84,20828,5579,24055,0.97,0.81,0.88,
1h,CHoCH→OB,多,5笔1:1:2:2:4(2..8) 止盈3% 补满再亏10%止损 拿18根,0.73,0.95,0.88,21529,5730,24500,0.96,0.85,0.92,
1h,CHoCH→OB,多,5笔1:1:2:2:4(2..8) 止盈3% 补满再亏10%止损 拿48根,0.82,0.82,0.8,20238,5407,23527,0.98,0.77,0.89,
1h,CHoCH→OB,多,5笔1:1:2:2:4(2..8) 止盈3% 补满再亏5%止损 拿18根,0.76,0.94,0.9,21529,5732,24501,0.99,0.88,0.95,
1h,CHoCH→OB,多,5笔1:1:2:2:4(2..8) 止盈3% 补满再亏5%止损 拿48根,0.82,0.9,0.85,20311,5416,23572,0.98,0.83,0.93,
1h,CHoCH→OB,多,5笔1:1:2:2:4(2..8) 止盈5% 补满再亏10%止损 拿18根,0.74,0.93,0.88,21469,5709,24438,1.0,0.86,0.97,
1h,CHoCH→OB,多,5笔1:1:2:2:4(2..8) 止盈5% 补满再亏10%止损 拿48根,0.86,0.81,0.83,19398,5144,22586,1.02,0.81,0.92,
1h,CHoCH→OB,多,5笔1:1:2:2:4(2..8) 止盈5% 补满再亏5%止损 拿18根,0.79,0.93,0.9,21469,5711,24439,1.03,0.9,0.98,
1h,CHoCH→OB,多,5笔1:1:2:2:4(2..8) 止盈5% 补满再亏5%止损 拿48根,0.86,0.88,0.88,19494,5152,22646,1.01,0.86,0.95,
1h,CHoCH→OB,多,5笔1:1:2:2:4(2..8) 止盈8% 补满再亏10%止损 拿18根,0.76,0.86,0.9,21432,5698,24381,1.01,0.87,0.98,
1h,CHoCH→OB,多,5笔1:1:2:2:4(2..8) 止盈8% 补满再亏10%止损 拿48根,0.93,0.79,0.87,18800,4971,21790,1.04,0.84,0.96,
1h,CHoCH→OB,多,5笔1:1:2:2:4(2..8) 止盈8% 补满再亏5%止损 拿18根,0.79,0.88,0.93,21432,5700,24382,1.03,0.92,1.0,
1h,CHoCH→OB,多,5笔1:1:2:2:4(2..8) 止盈8% 补满再亏5%止损 拿48根,0.91,0.85,0.92,18913,4980,21865,1.03,0.88,0.98,
1h,CHoCH→OB,多,5笔等(2..8) 止盈2% 补满再亏10%止损 拿18根,0.69,0.92,0.85,21552,5739,24536,0.88,0.8,0.85,
1h,CHoCH→OB,多,5笔等(2..8) 止盈2% 补满再亏10%止损 拿48根,0.74,0.83,0.77,20620,5543,23890,0.92,0.72,0.83,
1h,CHoCH→OB,多,5笔等(2..8) 止盈2% 补满再亏5%止损 拿18根,0.72,0.9,0.86,21552,5741,24537,0.9,0.83,0.86,
1h,CHoCH→OB,多,5笔等(2..8) 止盈2% 补满再亏5%止损 拿48根,0.75,0.88,0.81,20693,5550,23935,0.92,0.78,0.86,
1h,CHoCH→OB,多,5笔等(2..8) 止盈3% 补满再亏10%止损 拿18根,0.73,0.89,0.87,21527,5729,24500,0.92,0.82,0.9,
1h,CHoCH→OB,多,5笔等(2..8) 止盈3% 补满再亏10%止损 拿48根,0.79,0.81,0.8,20100,5372,23371,0.94,0.77,0.88,
1h,CHoCH→OB,多,5笔等(2..8) 止盈3% 补满再亏5%止损 拿18根,0.75,0.88,0.88,21527,5731,24501,0.93,0.85,0.91,
1h,CHoCH→OB,多,5笔等(2..8) 止盈3% 补满再亏5%止损 拿48根,0.79,0.86,0.84,20187,5382,23429,0.93,0.81,0.9,
1h,CHoCH→OB,多,5笔等(2..8) 止盈5% 补满再亏10%止损 拿18根,0.75,0.89,0.87,21467,5709,24436,0.95,0.84,0.92,
1h,CHoCH→OB,多,5笔等(2..8) 止盈5% 补满再亏10%止损 拿48根,0.83,0.81,0.84,19299,5125,22455,0.97,0.81,0.9,
1h,CHoCH→OB,多,5笔等(2..8) 止盈5% 补满再亏5%止损 拿18根,0.77,0.88,0.88,21467,5711,24437,0.97,0.86,0.92,
1h,CHoCH→OB,多,5笔等(2..8) 止盈5% 补满再亏5%止损 拿48根,0.83,0.85,0.88,19406,5133,22524,0.95,0.84,0.91,
1h,CHoCH→OB,多,5笔等(2..8) 止盈8% 补满再亏10%止损 拿18根,0.76,0.84,0.88,21432,5698,24379,0.96,0.86,0.95,
1h,CHoCH→OB,多,5笔等(2..8) 止盈8% 补满再亏10%止损 拿48根,0.88,0.79,0.86,18743,4960,21728,0.99,0.84,0.95,
1h,CHoCH→OB,多,5笔等(2..8) 止盈8% 补满再亏5%止损 拿18根,0.78,0.85,0.9,21432,5700,24380,0.97,0.88,0.95,
1h,CHoCH→OB,多,5笔等(2..8) 止盈8% 补满再亏5%止损 拿48根,0.87,0.82,0.9,18858,4969,21806,0.97,0.86,0.96,
1h,CHoCH→OB,多,6笔深(3..18) 止盈2% 补满再亏10%止损 拿18根,0.74,0.88,0.79,21551,5741,24530,0.95,0.84,0.83,
1h,CHoCH→OB,多,6笔深(3..18) 止盈2% 补满再亏10%止损 拿48根,0.7,0.76,0.74,20593,5506,23829,1.0,0.77,0.8,
1h,CHoCH→OB,多,6笔深(3..18) 止盈2% 补满再亏5%止损 拿18根,0.74,0.94,0.83,21551,5741,24530,0.93,0.8,0.84,
1h,CHoCH→OB,多,6笔深(3..18) 止盈2% 补满再亏5%止损 拿48根,0.77,0.8,0.76,20601,5506,23832,1.0,0.73,0.8,
1h,CHoCH→OB,多,6笔深(3..18) 止盈3% 补满再亏10%止损 拿18根,0.78,0.86,0.82,21518,5729,24492,1.0,0.89,0.88,
1h,CHoCH→OB,多,6笔深(3..18) 止盈3% 补满再亏10%止损 拿48根,0.79,0.76,0.78,20060,5348,23324,1.01,0.82,0.84,
1h,CHoCH→OB,多,6笔深(3..18) 止盈3% 补满再亏5%止损 拿18根,0.79,0.92,0.87,21518,5729,24492,0.97,0.85,0.89,
1h,CHoCH→OB,多,6笔深(3..18) 止盈3% 补满再亏5%止损 拿48根,0.84,0.79,0.8,20070,5348,23329,1.0,0.78,0.84,
1h,CHoCH→OB,多,6笔深(3..18) 止盈5% 补满再亏10%止损 拿18根,0.78,0.83,0.85,21465,5709,24430,1.03,0.93,0.92,
1h,CHoCH→OB,多,6笔深(3..18) 止盈5% 补满再亏10%止损 拿48根,0.82,0.78,0.83,19264,5106,22402,1.05,0.9,0.9,
1h,CHoCH→OB,多,6笔深(3..18) 止盈5% 补满再亏5%止损 拿18根,0.78,0.87,0.88,21465,5709,24430,1.01,0.88,0.93,
1h,CHoCH→OB,多,6笔深(3..18) 止盈5% 补满再亏5%止损 拿48根,0.89,0.79,0.84,19275,5106,22413,1.04,0.84,0.89,
1h,CHoCH→OB,多,6笔深(3..18) 止盈8% 补满再亏10%止损 拿18根,0.82,0.79,0.87,21434,5698,24377,1.04,0.95,0.95,
1h,CHoCH→OB,多,6笔深(3..18) 止盈8% 补满再亏10%止损 拿48根,0.9,0.75,0.86,18716,4958,21705,1.08,0.96,0.95,
1h,CHoCH→OB,多,6笔深(3..18) 止盈8% 补满再亏5%止损 拿18根,0.82,0.83,0.91,21434,5698,24377,1.02,0.91,0.96,
1h,CHoCH→OB,多,6笔深(3..18) 止盈8% 补满再亏5%止损 拿48根,0.97,0.77,0.87,18730,4958,21718,1.07,0.88,0.95,
1h,CHoCH→OB,多,原版（结构止损、盈亏比2）,0.89,0.92,0.99,21019,5612,24005,0.88,0.88,0.9,
1h,扫流动性+CHoCH市价,空,3笔1:1:1(3/6) 止盈2% 补满再亏10%止损 拿18根,0.87,0.91,0.96,21619,6021,22551,0.96,0.93,0.92,
1h,扫流动性+CHoCH市价,空,3笔1:1:1(3/6) 止盈2% 补满再亏10%止损 拿48根,0.89,0.97,0.98,20439,5729,21640,1.0,0.98,0.93,
1h,扫流动性+CHoCH市价,空,3笔1:1:1(3/6) 止盈2% 补满再亏5%止损 拿18根,0.89,0.92,0.97,21619,6021,22552,0.98,0.95,0.94,
1h,扫流动性+CHoCH市价,空,3笔1:1:1(3/6) 止盈2% 补满再亏5%止损 拿48根,0.9,0.97,0.99,20539,5747,21745,1.01,0.98,0.97,
1h,扫流动性+CHoCH市价,空,3笔1:1:1(3/6) 止盈3% 补满再亏10%止损 拿18根,0.93,0.9,0.99,21572,6008,22497,0.98,0.95,0.96,
1h,扫流动性+CHoCH市价,空,3笔1:1:1(3/6) 止盈3% 补满再亏10%止损 拿48根,0.95,1.0,1.01,19891,5546,21033,1.01,1.0,0.98,
1h,扫流动性+CHoCH市价,空,3笔1:1:1(3/6) 止盈3% 补满再亏5%止损 拿18根,0.94,0.9,1.0,21572,6008,22499,1.0,0.98,0.98,
1h,扫流动性+CHoCH市价,空,3笔1:1:1(3/6) 止盈3% 补满再亏5%止损 拿48根,0.95,0.99,1.02,20003,5569,21166,1.04,1.0,1.01,
1h,扫流动性+CHoCH市价,空,3笔1:1:1(3/6) 止盈5% 补满再亏10%止损 拿18根,0.95,0.88,1.0,21522,5984,22420,0.98,0.95,0.98,
1h,扫流动性+CHoCH市价,空,3笔1:1:1(3/6) 止盈5% 补满再亏10%止损 拿48根,0.98,1.0,1.04,19208,5330,20210,1.01,1.01,1.0,
1h,扫流动性+CHoCH市价,空,3笔1:1:1(3/6) 止盈5% 补满再亏5%止损 拿18根,0.97,0.88,1.01,21522,5984,22423,1.0,0.98,1.01,
1h,扫流动性+CHoCH市价,空,3笔1:1:1(3/6) 止盈5% 补满再亏5%止损 拿48根,0.98,0.97,1.05,19350,5356,20360,1.04,1.01,1.04,
1h,扫流动性+CHoCH市价,空,3笔1:1:1(3/6) 止盈8% 补满再亏10%止损 拿18根,0.96,0.81,0.99,21499,5981,22390,0.95,0.96,1.0,
1h,扫流动性+CHoCH市价,空,3笔1:1:1(3/6) 止盈8% 补满再亏10%止损 拿48根,0.96,0.99,1.08,18776,5209,19728,0.99,1.01,1.0,
1h,扫流动性+CHoCH市价,空,3笔1:1:1(3/6) 止盈8% 补满再亏5%止损 拿18根,0.98,0.82,1.0,21499,5981,22393,0.97,0.98,1.02,
1h,扫流动性+CHoCH市价,空,3笔1:1:1(3/6) 止盈8% 补满再亏5%止损 拿48根,0.96,0.98,1.09,18917,5235,19892,1.02,1.01,1.04,
1h,扫流动性+CHoCH市价,空,3笔1:1:2(3/6) 止盈2% 补满再亏10%止损 拿18根,0.88,0.93,0.98,21619,6021,22552,0.97,0.93,0.93,
1h,扫流动性+CHoCH市价,空,3笔1:1:2(3/6) 止盈2% 补满再亏10%止损 拿48根,0.9,0.99,0.99,20518,5743,21741,1.0,1.0,0.94,
1h,扫流动性+CHoCH市价,空,3笔1:1:2(3/6) 止盈2% 补满再亏5%止损 拿18根,0.9,0.94,0.99,21619,6021,22553,1.0,0.96,0.96,
1h,扫流动性+CHoCH市价,空,3笔1:1:2(3/6) 止盈2% 补满再亏5%止损 拿48根,0.91,0.98,1.01,20612,5760,21833,1.02,1.0,0.99,
1h,扫流动性+CHoCH市价,空,3笔1:1:2(3/6) 止盈3% 补满再亏10%止损 拿18根,0.93,0.9,1.0,21573,6008,22499,0.99,0.96,0.97,
1h,扫流动性+CHoCH市价,空,3笔1:1:2(3/6) 止盈3% 补满再亏10%止损 拿48根,0.97,1.0,1.03,19974,5567,21120,1.02,1.02,0.99,
1h,扫流动性+CHoCH市价,空,3笔1:1:2(3/6) 止盈3% 补满再亏5%止损 拿18根,0.95,0.91,1.02,21573,6008,22500,1.02,0.98,1.01,
1h,扫流动性+CHoCH市价,空,3笔1:1:2(3/6) 止盈3% 补满再亏5%止损 拿48根,0.97,1.01,1.04,20084,5589,21246,1.05,1.01,1.04,
1h,扫流动性+CHoCH市价,空,3笔1:1:2(3/6) 止盈5% 补满再亏10%止损 拿18根,0.95,0.88,1.01,21529,5984,22428,0.98,0.96,0.99,
1h,扫流动性+CHoCH市价,空,3笔1:1:2(3/6) 止盈5% 补满再亏10%止损 拿48根,0.99,1.0,1.04,19244,5341,20271,1.01,1.01,1.01,
1h,扫流动性+CHoCH市价,空,3笔1:1:2(3/6) 止盈5% 补满再亏5%止损 拿18根,0.98,0.89,1.02,21529,5984,22430,1.01,0.99,1.03,
1h,扫流动性+CHoCH市价,空,3笔1:1:2(3/6) 止盈5% 补满再亏5%止损 拿48根,0.99,0.98,1.06,19384,5366,20417,1.05,1.02,1.06,
1h,扫流动性+CHoCH市价,空,3笔1:1:2(3/6) 止盈8% 补满再亏10%止损 拿18根,0.96,0.81,1.01,21500,5982,22390,0.96,0.97,1.01,
1h,扫流动性+CHoCH市价,空,3笔1:1:2(3/6) 止盈8% 补满再亏10%止损 拿48根,0.97,1.0,1.09,18779,5213,19736,0.99,1.02,1.01,
1h,扫流动性+CHoCH市价,空,3笔1:1:2(3/6) 止盈8% 补满再亏5%止损 拿18根,0.99,0.83,1.02,21500,5982,22393,0.99,0.99,1.05,
1h,扫流动性+CHoCH市价,空,3笔1:1:2(3/6) 止盈8% 补满再亏5%止损 拿48根,0.97,0.98,1.1,18920,5239,19898,1.02,1.02,1.06,
1h,扫流动性+CHoCH市价,空,5笔1:1:2:2:4(2..8) 止盈2% 补满再亏10%止损 拿18根,0.87,0.97,1.0,21624,6026,22559,0.98,0.95,0.95,
1h,扫流动性+CHoCH市价,空,5笔1:1:2:2:4(2..8) 止盈2% 补满再亏10%止损 拿48根,0.95,0.95,1.03,20729,5803,21889,0.99,1.04,0.97,
1h,扫流动性+CHoCH市价,空,5笔1:1:2:2:4(2..8) 止盈2% 补满再亏5%止损 拿18根,0.89,0.97,1.02,21624,6026,22559,1.03,0.94,1.0,
1h,扫流动性+CHoCH市价,空,5笔1:1:2:2:4(2..8) 止盈2% 补满再亏5%止损 拿48根,0.96,0.97,1.04,20770,5809,21937,1.03,0.98,1.01,
1h,扫流动性+CHoCH市价,空,5笔1:1:2:2:4(2..8) 止盈3% 补满再亏10%止损 拿18根,0.92,0.94,1.03,21583,6016,22518,1.01,1.01,1.0,
1h,扫流动性+CHoCH市价,空,5笔1:1:2:2:4(2..8) 止盈3% 补满再亏10%止损 拿48根,1.0,1.0,1.06,20159,5647,21357,1.01,1.09,1.02,
1h,扫流动性+CHoCH市价,空,5笔1:1:2:2:4(2..8) 止盈3% 补满再亏5%止损 拿18根,0.94,0.94,1.06,21583,6016,22519,1.05,1.0,1.04,
1h,扫流动性+CHoCH市价,空,5笔1:1:2:2:4(2..8) 止盈3% 补满再亏5%止损 拿48根,1.0,1.01,1.07,20211,5656,21422,1.05,1.04,1.07,
1h,扫流动性+CHoCH市价,空,5笔1:1:2:2:4(2..8) 止盈5% 补满再亏10%止损 拿18根,0.95,0.91,1.03,21539,5989,22437,1.01,1.02,1.02,
1h,扫流动性+CHoCH市价,空,5笔1:1:2:2:4(2..8) 止盈5% 补满再亏10%止损 拿48根,1.01,1.02,1.07,19327,5372,20416,1.05,1.05,1.04,
1h,扫流动性+CHoCH市价,空,5笔1:1:2:2:4(2..8) 止盈5% 补满再亏5%止损 拿18根,0.97,0.92,1.06,21539,5989,22438,1.05,1.02,1.08,
1h,扫流动性+CHoCH市价,空,5笔1:1:2:2:4(2..8) 止盈5% 补满再亏5%止损 拿48根,1.01,1.02,1.08,19389,5385,20496,1.07,1.02,1.09,
1h,扫流动性+CHoCH市价,空,5笔1:1:2:2:4(2..8) 止盈8% 补满再亏10%止损 拿18根,0.95,0.86,1.03,21502,5982,22390,0.98,1.02,1.05,
1h,扫流动性+CHoCH市价,空,5笔1:1:2:2:4(2..8) 止盈8% 补满再亏10%止损 拿48根,0.98,1.06,1.09,18774,5216,19748,1.01,1.07,1.04,
1h,扫流动性+CHoCH市价,空,5笔1:1:2:2:4(2..8) 止盈8% 补满再亏5%止损 拿18根,0.98,0.87,1.06,21502,5982,22391,1.02,1.02,1.1,
1h,扫流动性+CHoCH市价,空,5笔1:1:2:2:4(2..8) 止盈8% 补满再亏5%止损 拿48根,0.99,1.05,1.11,18839,5228,19840,1.04,1.03,1.09,
1h,扫流动性+CHoCH市价,空,5笔等(2..8) 止盈2% 补满再亏10%止损 拿18根,0.86,0.94,0.96,21624,6025,22555,0.96,0.93,0.92,
1h,扫流动性+CHoCH市价,空,5笔等(2..8) 止盈2% 补满再亏10%止损 拿48根,0.9,0.98,1.0,20573,5760,21737,1.0,1.0,0.94,
1h,扫流动性+CHoCH市价,空,5笔等(2..8) 止盈2% 补满再亏5%止损 拿18根,0.87,0.94,0.98,21624,6025,22556,0.99,0.92,0.95,
1h,扫流动性+CHoCH市价,空,5笔等(2..8) 止盈2% 补满再亏5%止损 拿48根,0.91,0.98,1.0,20618,5768,21797,1.01,0.96,0.98,
1h,扫流动性+CHoCH市价,空,5笔等(2..8) 止盈3% 补满再亏10%止损 拿18根,0.92,0.92,1.01,21578,6014,22513,0.99,0.98,0.97,
1h,扫流动性+CHoCH市价,空,5笔等(2..8) 止盈3% 补满再亏10%止损 拿48根,0.97,0.99,1.04,19986,5586,21175,1.02,1.03,0.99,
1h,扫流动性+CHoCH市价,空,5笔等(2..8) 止盈3% 补满再亏5%止损 拿18根,0.92,0.91,1.02,21578,6014,22514,1.01,0.97,0.99,
1h,扫流动性+CHoCH市价,空,5笔等(2..8) 止盈3% 补满再亏5%止损 拿48根,0.96,1.0,1.04,20041,5596,21247,1.03,1.0,1.02,
1h,扫流动性+CHoCH市价,空,5笔等(2..8) 止盈5% 补满再亏10%止损 拿18根,0.94,0.9,1.01,21530,5984,22425,0.99,0.97,0.99,
1h,扫流动性+CHoCH市价,空,5笔等(2..8) 止盈5% 补满再亏10%止损 拿48根,1.0,1.02,1.04,19230,5348,20277,1.03,1.01,1.02,
1h,扫流动性+CHoCH市价,空,5笔等(2..8) 止盈5% 补满再亏5%止损 拿18根,0.95,0.9,1.02,21530,5984,22426,1.01,0.97,1.02,
1h,扫流动性+CHoCH市价,空,5笔等(2..8) 止盈5% 补满再亏5%止损 拿48根,0.99,1.02,1.05,19295,5361,20368,1.04,1.0,1.04,
1h,扫流动性+CHoCH市价,空,5笔等(2..8) 止盈8% 补满再亏10%止损 拿18根,0.95,0.84,1.01,21499,5982,22390,0.96,0.97,1.01,
1h,扫流动性+CHoCH市价,空,5笔等(2..8) 止盈8% 补满再亏10%止损 拿48根,0.96,1.03,1.09,18762,5208,19723,1.0,1.03,1.01,
1h,扫流动性+CHoCH市价,空,5笔等(2..8) 止盈8% 补满再亏5%止损 拿18根,0.96,0.85,1.02,21499,5982,22391,0.98,0.98,1.03,
1h,扫流动性+CHoCH市价,空,5笔等(2..8) 止盈8% 补满再亏5%止损 拿48根,0.96,1.02,1.1,18827,5221,19816,1.02,1.0,1.04,
1h,扫流动性+CHoCH市价,空,6笔深(3..18) 止盈2% 补满再亏10%止损 拿18根,0.92,0.98,1.04,21619,6021,22552,1.02,0.95,0.95,
1h,扫流动性+CHoCH市价,空,6笔深(3..18) 止盈2% 补满再亏10%止损 拿48根,1.01,1.09,1.1,20510,5746,21715,1.11,1.13,1.01,
1h,扫流动性+CHoCH市价,空,6笔深(3..18) 止盈2% 补满再亏5%止损 拿18根,0.91,0.96,1.03,21619,6021,22552,1.03,0.96,0.99,
1h,扫流动性+CHoCH市价,空,6笔深(3..18) 止盈2% 补满再亏5%止损 拿48根,1.02,1.04,1.12,20513,5746,21717,1.11,1.11,1.04,
1h,扫流动性+CHoCH市价,空,6笔深(3..18) 止盈3% 补满再亏10%止损 拿18根,0.98,0.96,1.04,21572,6008,22500,1.03,0.96,1.01,
1h,扫流动性+CHoCH市价,空,6笔深(3..18) 止盈3% 补满再亏10%止损 拿48根,1.06,1.11,1.1,19936,5561,21108,1.1,1.12,1.08,
1h,扫流动性+CHoCH市价,空,6笔深(3..18) 止盈3% 补满再亏5%止损 拿18根,0.98,0.95,1.05,21572,6008,22500,1.05,0.97,1.03,
1h,扫流动性+CHoCH市价,空,6笔深(3..18) 止盈3% 补满再亏5%止损 拿48根,1.08,1.09,1.12,19940,5562,21111,1.12,1.1,1.09,
1h,扫流动性+CHoCH市价,空,6笔深(3..18) 止盈5% 补满再亏10%止损 拿18根,1.01,0.93,1.07,21522,5984,22422,1.04,1.0,1.04,
1h,扫流动性+CHoCH市价,空,6笔深(3..18) 止盈5% 补满再亏10%止损 拿48根,1.09,1.16,1.11,19203,5331,20232,1.13,1.11,1.11,
1h,扫流动性+CHoCH市价,空,6笔深(3..18) 止盈5% 补满再亏5%止损 拿18根,1.01,0.92,1.07,21522,5984,22422,1.06,1.01,1.06,
1h,扫流动性+CHoCH市价,空,6笔深(3..18) 止盈5% 补满再亏5%止损 拿48根,1.1,1.12,1.15,19210,5332,20236,1.14,1.1,1.11,
1h,扫流动性+CHoCH市价,空,6笔深(3..18) 止盈8% 补满再亏10%止损 拿18根,1.01,0.87,1.06,21499,5981,22390,1.01,1.02,1.05,
1h,扫流动性+CHoCH市价,空,6笔深(3..18) 止盈8% 补满再亏10%止损 拿48根,1.07,1.15,1.16,18742,5204,19705,1.09,1.12,1.12,
1h,扫流动性+CHoCH市价,空,6笔深(3..18) 止盈8% 补满再亏5%止损 拿18根,1.01,0.86,1.07,21499,5981,22390,1.03,1.03,1.09,
1h,扫流动性+CHoCH市价,空,6笔深(3..18) 止盈8% 补满再亏5%止损 拿48根,1.07,1.1,1.2,18747,5205,19712,1.09,1.11,1.12,
1h,扫流动性+CHoCH市价,空,原版（结构止损、盈亏比2）,0.96,0.98,1.06,20423,5663,21348,0.95,1.02,1.0,
1h,扫流动性+CHoCH市价,多,3笔1:1:1(3/6) 止盈2% 补满再亏10%止损 拿18根,0.8,0.78,0.79,20766,6178,24033,0.87,0.79,0.84,
1h,扫流动性+CHoCH市价,多,3笔1:1:1(3/6) 止盈2% 补满再亏10%止损 拿48根,0.76,0.71,0.75,19583,5822,22900,0.9,0.74,0.83,
1h,扫流动性+CHoCH市价,多,3笔1:1:1(3/6) 止盈2% 补满再亏5%止损 拿18根,0.83,0.77,0.8,20766,6178,24034,0.89,0.83,0.85,
1h,扫流动性+CHoCH市价,多,3笔1:1:1(3/6) 止盈2% 补满再亏5%止损 拿48根,0.79,0.72,0.79,19686,5837,23010,0.89,0.79,0.85,
1h,扫流动性+CHoCH市价,多,3笔1:1:1(3/6) 止盈3% 补满再亏10%止损 拿18根,0.84,0.84,0.85,20736,6165,23996,0.9,0.83,0.88,
1h,扫流动性+CHoCH市价,多,3笔1:1:1(3/6) 止盈3% 补满再亏10%止损 拿48根,0.8,0.77,0.8,19060,5638,22288,0.91,0.79,0.87,
1h,扫流动性+CHoCH市价,多,3笔1:1:1(3/6) 止盈3% 补满再亏5%止损 拿18根,0.87,0.84,0.86,20736,6165,23997,0.92,0.86,0.88,
1h,扫流动性+CHoCH市价,多,3笔1:1:1(3/6) 止盈3% 补满再亏5%止损 拿48根,0.81,0.8,0.83,19180,5658,22413,0.91,0.84,0.88,
1h,扫流动性+CHoCH市价,多,3笔1:1:1(3/6) 止盈5% 补满再亏10%止损 拿18根,0.87,0.86,0.92,20684,6154,23946,0.93,0.84,0.91,
1h,扫流动性+CHoCH市价,多,3笔1:1:1(3/6) 止盈5% 补满再亏10%止损 拿48根,0.85,0.79,0.85,18430,5402,21420,0.94,0.81,0.9,
1h,扫流动性+CHoCH市价,多,3笔1:1:1(3/6) 止盈5% 补满再亏5%止损 拿18根,0.9,0.86,0.93,20684,6154,23947,0.95,0.88,0.91,
1h,扫流动性+CHoCH市价,多,3笔1:1:1(3/6) 止盈5% 补满再亏5%止损 拿48根,0.86,0.8,0.88,18560,5422,21556,0.93,0.86,0.91,
1h,扫流动性+CHoCH市价,多,3笔1:1:1(3/6) 止盈8% 补满再亏10%止损 拿18根,0.88,0.87,0.95,20667,6154,23918,0.94,0.86,0.93,
1h,扫流动性+CHoCH市价,多,3笔1:1:1(3/6) 止盈8% 补满再亏10%止损 拿48根,0.88,0.8,0.88,18065,5284,20924,0.96,0.83,0.94,
1h,扫流动性+CHoCH市价,多,3笔1:1:1(3/6) 止盈8% 补满再亏5%止损 拿18根,0.91,0.87,0.96,20667,6154,23919,0.95,0.9,0.93,
1h,扫流动性+CHoCH市价,多,3笔1:1:1(3/6) 止盈8% 补满再亏5%止损 拿48根,0.9,0.81,0.91,18190,5304,21058,0.95,0.87,0.94,
1h,扫流动性+CHoCH市价,多,3笔1:1:2(3/6) 止盈2% 补满再亏10%止损 拿18根,0.8,0.79,0.79,20767,6178,24034,0.89,0.8,0.85,
1h,扫流动性+CHoCH市价,多,3笔1:1:2(3/6) 止盈2% 补满再亏10%止损 拿48根,0.76,0.71,0.75,19650,5844,22980,0.93,0.74,0.84,
1h,扫流动性+CHoCH市价,多,3笔1:1:2(3/6) 止盈2% 补满再亏5%止损 拿18根,0.83,0.78,0.8,20767,6178,24035,0.91,0.86,0.87,
1h,扫流动性+CHoCH市价,多,3笔1:1:2(3/6) 止盈2% 补满再亏5%止损 拿48根,0.79,0.73,0.79,19746,5860,23088,0.92,0.81,0.87,
1h,扫流动性+CHoCH市价,多,3笔1:1:2(3/6) 止盈3% 补满再亏10%止损 拿18根,0.84,0.85,0.85,20737,6165,23999,0.92,0.84,0.9,
1h,扫流动性+CHoCH市价,多,3笔1:1:2(3/6) 止盈3% 补满再亏10%止损 拿48根,0.8,0.77,0.79,19109,5652,22379,0.93,0.78,0.88,
1h,扫流动性+CHoCH市价,多,3笔1:1:2(3/6) 止盈3% 补满再亏5%止损 拿18根,0.88,0.84,0.87,20737,6165,24000,0.95,0.88,0.91,
1h,扫流动性+CHoCH市价,多,3笔1:1:2(3/6) 止盈3% 补满再亏5%止损 拿48根,0.82,0.8,0.83,19227,5670,22502,0.93,0.85,0.9,
1h,扫流动性+CHoCH市价,多,3笔1:1:2(3/6) 止盈5% 补满再亏10%止损 拿18根,0.87,0.87,0.91,20692,6156,23953,0.95,0.85,0.93,
1h,扫流动性+CHoCH市价,多,3笔1:1:2(3/6) 止盈5% 补满再亏10%止损 拿48根,0.85,0.78,0.83,18479,5414,21490,0.96,0.81,0.91,
1h,扫流动性+CHoCH市价,多,3笔1:1:2(3/6) 止盈5% 补满再亏5%止损 拿18根,0.91,0.87,0.92,20692,6156,23954,0.97,0.9,0.94,
1h,扫流动性+CHoCH市价,多,3笔1:1:2(3/6) 止盈5% 补满再亏5%止损 拿48根,0.87,0.8,0.88,18609,5435,21625,0.95,0.88,0.93,
1h,扫流动性+CHoCH市价,多,3笔1:1:2(3/6) 止盈8% 补满再亏10%止损 拿18根,0.89,0.88,0.94,20668,6154,23920,0.96,0.86,0.95,
1h,扫流动性+CHoCH市价,多,3笔1:1:2(3/6) 止盈8% 补满再亏10%止损 拿48根,0.9,0.8,0.87,18071,5287,20936,0.97,0.83,0.95,
1h,扫流动性+CHoCH市价,多,3笔1:1:2(3/6) 止盈8% 补满再亏5%止损 拿18根,0.93,0.87,0.96,20668,6154,23921,0.98,0.92,0.96,
1h,扫流动性+CHoCH市价,多,3笔1:1:2(3/6) 止盈8% 补满再亏5%止损 拿48根,0.92,0.81,0.91,18195,5307,21070,0.97,0.88,0.96,
1h,扫流动性+CHoCH市价,多,5笔1:1:2:2:4(2..8) 止盈2% 补满再亏10%止损 拿18根,0.77,0.83,0.79,20786,6178,24040,0.92,0.81,0.88,
1h,扫流动性+CHoCH市价,多,5笔1:1:2:2:4(2..8) 止盈2% 补满再亏10%止损 拿48根,0.74,0.68,0.74,19830,5899,23220,0.97,0.72,0.85,
1h,扫流动性+CHoCH市价,多,5笔1:1:2:2:4(2..8) 止盈2% 补满再亏5%止损 拿18根,0.83,0.82,0.82,20786,6179,24040,0.94,0.86,0.9,
1h,扫流动性+CHoCH市价,多,5笔1:1:2:2:4(2..8) 止盈2% 补满再亏5%止损 拿48根,0.78,0.74,0.78,19881,5905,23265,0.97,0.81,0.88,
1h,扫流动性+CHoCH市价,多,5笔1:1:2:2:4(2..8) 止盈3% 补满再亏10%止损 拿18根,0.84,0.86,0.84,20745,6171,24011,0.96,0.85,0.92,
1h,扫流动性+CHoCH市价,多,5笔1:1:2:2:4(2..8) 止盈3% 补满再亏10%止损 拿48根,0.79,0.74,0.79,19270,5718,22638,0.98,0.77,0.89,
1h,扫流动性+CHoCH市价,多,5笔1:1:2:2:4(2..8) 止盈3% 补满再亏5%止损 拿18根,0.89,0.86,0.86,20745,6172,24012,0.99,0.88,0.95,
1h,扫流动性+CHoCH市价,多,5笔1:1:2:2:4(2..8) 止盈3% 补满再亏5%止损 拿48根,0.81,0.79,0.82,19331,5725,22691,0.98,0.83,0.93,
1h,扫流动性+CHoCH市价,多,5笔1:1:2:2:4(2..8) 止盈5% 补满再亏10%止损 拿18根,0.89,0.91,0.9,20698,6156,23970,1.0,0.86,0.97,
1h,扫流动性+CHoCH市价,多,5笔1:1:2:2:4(2..8) 止盈5% 补满再亏10%止损 拿48根,0.85,0.77,0.84,18557,5446,21660,1.02,0.81,0.92,
1h,扫流动性+CHoCH市价,多,5笔1:1:2:2:4(2..8) 止盈5% 补满再亏5%止损 拿18根,0.93,0.92,0.92,20698,6157,23971,1.03,0.9,0.98,
1h,扫流动性+CHoCH市价,多,5笔1:1:2:2:4(2..8) 止盈5% 补满再亏5%止损 拿48根,0.87,0.82,0.87,18627,5455,21720,1.01,0.86,0.95,
1h,扫流动性+CHoCH市价,多,5笔1:1:2:2:4(2..8) 止盈8% 补满再亏10%止损 拿18根,0.9,0.92,0.94,20670,6153,23922,1.01,0.87,0.98,
1h,扫流动性+CHoCH市价,多,5笔1:1:2:2:4(2..8) 止盈8% 补满再亏10%止损 拿48根,0.9,0.78,0.87,18077,5289,20967,1.04,0.84,0.96,
1h,扫流动性+CHoCH市价,多,5笔1:1:2:2:4(2..8) 止盈8% 补满再亏5%止损 拿18根,0.95,0.93,0.96,20670,6154,23923,1.03,0.92,1.0,
1h,扫流动性+CHoCH市价,多,5笔1:1:2:2:4(2..8) 止盈8% 补满再亏5%止损 拿48根,0.91,0.82,0.89,18143,5297,21031,1.03,0.88,0.98,
1h,扫流动性+CHoCH市价,多,5笔等(2..8) 止盈2% 补满再亏10%止损 拿18根,0.79,0.79,0.79,20784,6178,24037,0.88,0.8,0.85,
1h,扫流动性+CHoCH市价,多,5笔等(2..8) 止盈2% 补满再亏10%止损 拿48根,0.76,0.68,0.75,19703,5859,23040,0.92,0.72,0.83,
1h,扫流动性+CHoCH市价,多,5笔等(2..8) 止盈2% 补满再亏5%止损 拿18根,0.82,0.78,0.8,20784,6179,24038,0.9,0.83,0.86,
1h,扫流动性+CHoCH市价,多,5笔等(2..8) 止盈2% 补满再亏5%止损 拿48根,0.78,0.72,0.77,19756,5865,23089,0.92,0.78,0.86,
1h,扫流动性+CHoCH市价,多,5笔等(2..8) 止盈3% 补满再亏10%止损 拿18根,0.83,0.83,0.84,20740,6168,24000,0.92,0.82,0.9,
1h,扫流动性+CHoCH市价,多,5笔等(2..8) 止盈3% 补满再亏10%止损 拿48根,0.79,0.74,0.8,19127,5676,22427,0.94,0.77,0.88,
1h,扫流动性+CHoCH市价,多,5笔等(2..8) 止盈3% 补满再亏5%止损 拿18根,0.86,0.82,0.85,20740,6169,24001,0.93,0.85,0.91,
1h,扫流动性+CHoCH市价,多,5笔等(2..8) 止盈3% 补满再亏5%止损 拿48根,0.8,0.77,0.82,19191,5682,22485,0.93,0.81,0.9,
1h,扫流动性+CHoCH市价,多,5笔等(2..8) 止盈5% 补满再亏10%止损 拿18根,0.86,0.86,0.91,20690,6153,23951,0.95,0.84,0.92,
1h,扫流动性+CHoCH市价,多,5笔等(2..8) 止盈5% 补满再亏10%止损 拿48根,0.84,0.76,0.84,18472,5416,21484,0.97,0.81,0.9,
1h,扫流动性+CHoCH市价,多,5笔等(2..8) 止盈5% 补满再亏5%止损 拿18根,0.89,0.86,0.92,20690,6154,23952,0.97,0.86,0.92,
1h,扫流动性+CHoCH市价,多,5笔等(2..8) 止盈5% 补满再亏5%止损 拿48根,0.84,0.79,0.86,18541,5424,21546,0.95,0.84,0.91,
1h,扫流动性+CHoCH市价,多,5笔等(2..8) 止盈8% 补满再亏10%止损 拿18根,0.88,0.87,0.94,20668,6153,23919,0.96,0.86,0.95,
1h,扫流动性+CHoCH市价,多,5笔等(2..8) 止盈8% 补满再亏10%止损 拿48根,0.89,0.78,0.88,18058,5286,20934,0.99,0.84,0.95,
1h,扫流动性+CHoCH市价,多,5笔等(2..8) 止盈8% 补满再亏5%止损 拿18根,0.91,0.87,0.95,20668,6154,23920,0.97,0.88,0.95,
1h,扫流动性+CHoCH市价,多,5笔等(2..8) 止盈8% 补满再亏5%止损 拿48根,0.89,0.8,0.89,18124,5294,20997,0.97,0.86,0.96,
1h,扫流动性+CHoCH市价,多,6笔深(3..18) 止盈2% 补满再亏10%止损 拿18根,0.79,0.74,0.74,20766,6177,24035,0.95,0.84,0.83,
1h,扫流动性+CHoCH市价,多,6笔深(3..18) 止盈2% 补满再亏10%止损 拿48根,0.75,0.59,0.7,19637,5833,22969,1.0,0.77,0.8,
1h,扫流动性+CHoCH市价,多,6笔深(3..18) 止盈2% 补满再亏5%止损 拿18根,0.79,0.77,0.77,20766,6177,24035,0.93,0.8,0.84,
1h,扫流动性+CHoCH市价,多,6笔深(3..18) 止盈2% 补满再亏5%止损 拿48根,0.75,0.6,0.72,19637,5833,22972,1.0,0.73,0.8,
1h,扫流动性+CHoCH市价,多,6笔深(3..18) 止盈3% 补满再亏10%止损 拿18根,0.83,0.8,0.8,20736,6164,23998,1.0,0.89,0.88,
1h,扫流动性+CHoCH市价,多,6笔深(3..18) 止盈3% 补满再亏10%止损 拿48根,0.78,0.69,0.75,19106,5646,22348,1.01,0.82,0.84,
1h,扫流动性+CHoCH市价,多,6笔深(3..18) 止盈3% 补满再亏5%止损 拿18根,0.83,0.83,0.83,20736,6164,23998,0.97,0.85,0.89,
1h,扫流动性+CHoCH市价,多,6笔深(3..18) 止盈3% 补满再亏5%止损 拿48根,0.78,0.7,0.77,19106,5646,22351,1.0,0.78,0.84,
1h,扫流动性+CHoCH市价,多,6笔深(3..18) 止盈5% 补满再亏10%止损 拿18根,0.88,0.83,0.87,20687,6153,23948,1.03,0.93,0.92,
1h,扫流动性+CHoCH市价,多,6笔深(3..18) 止盈5% 补满再亏10%止损 拿48根,0.83,0.7,0.8,18436,5403,21447,1.05,0.9,0.9,
1h,扫流动性+CHoCH市价,多,6笔深(3..18) 止盈5% 补满再亏5%止损 拿18根,0.88,0.86,0.89,20687,6153,23948,1.01,0.88,0.93,
1h,扫流动性+CHoCH市价,多,6笔深(3..18) 止盈5% 补满再亏5%止损 拿48根,0.84,0.72,0.81,18436,5403,21449,1.04,0.84,0.89,
1h,扫流动性+CHoCH市价,多,6笔深(3..18) 止盈8% 补满再亏10%止损 拿18根,0.9,0.85,0.9,20667,6153,23918,1.04,0.95,0.95,
1h,扫流动性+CHoCH市价,多,6笔深(3..18) 止盈8% 补满再亏10%止损 拿48根,0.88,0.73,0.83,18049,5282,20913,1.08,0.96,0.95,
1h,扫流动性+CHoCH市价,多,6笔深(3..18) 止盈8% 补满再亏5%止损 拿18根,0.9,0.88,0.93,20667,6153,23918,1.02,0.91,0.96,
1h,扫流动性+CHoCH市价,多,6笔深(3..18) 止盈8% 补满再亏5%止损 拿48根,0.89,0.74,0.85,18049,5282,20915,1.07,0.88,0.95,
1h,扫流动性+CHoCH市价,多,原版（结构止损、盈亏比2）,0.94,0.9,0.98,19515,5764,22601,0.88,0.88,0.9,
1h,扫流动性+CHoCH→FVG,空,3笔1:1:1(3/6) 止盈2% 补满再亏10%止损 拿18根,0.81,1.0,1.0,9598,2880,11050,0.96,0.93,0.92,
1h,扫流动性+CHoCH→FVG,空,3笔1:1:1(3/6) 止盈2% 补满再亏10%止损 拿48根,0.92,1.02,1.04,9423,2835,10923,1.0,0.98,0.93,
1h,扫流动性+CHoCH→FVG,空,3笔1:1:1(3/6) 止盈2% 补满再亏5%止损 拿18根,0.84,0.99,1.02,9598,2880,11050,0.98,0.95,0.94,
1h,扫流动性+CHoCH→FVG,空,3笔1:1:1(3/6) 止盈2% 补满再亏5%止损 拿48根,0.94,0.99,1.05,9431,2836,10936,1.01,0.98,0.97,
1h,扫流动性+CHoCH→FVG,空,3笔1:1:1(3/6) 止盈3% 补满再亏10%止损 拿18根,0.83,0.97,1.03,9589,2879,11044,0.98,0.95,0.96,
1h,扫流动性+CHoCH→FVG,空,3笔1:1:1(3/6) 止盈3% 补满再亏10%止损 拿48根,0.92,1.02,1.09,9296,2809,10797,1.01,1.0,0.98,
1h,扫流动性+CHoCH→FVG,空,3笔1:1:1(3/6) 止盈3% 补满再亏5%止损 拿18根,0.86,0.97,1.04,9589,2879,11044,1.0,0.98,0.98,
1h,扫流动性+CHoCH→FVG,空,3笔1:1:1(3/6) 止盈3% 补满再亏5%止损 拿48根,0.93,1.0,1.09,9306,2810,10816,1.04,1.0,1.01,
1h,扫流动性+CHoCH→FVG,空,3笔1:1:1(3/6) 止盈5% 补满再亏10%止损 拿18根,0.86,0.95,1.05,9573,2877,11018,0.98,0.95,0.98,
1h,扫流动性+CHoCH→FVG,空,3笔1:1:1(3/6) 止盈5% 补满再亏10%止损 拿48根,0.93,1.03,1.11,9105,2732,10542,1.01,1.01,1.0,
1h,扫流动性+CHoCH→FVG,空,3笔1:1:1(3/6) 止盈5% 补满再亏5%止损 拿18根,0.88,0.94,1.07,9573,2877,11018,1.0,0.98,1.01,
1h,扫流动性+CHoCH→FVG,空,3笔1:1:1(3/6) 止盈5% 补满再亏5%止损 拿48根,0.94,1.01,1.11,9118,2735,10576,1.04,1.01,1.04,
1h,扫流动性+CHoCH→FVG,空,3笔1:1:1(3/6) 止盈8% 补满再亏10%止损 拿18根,0.83,0.94,1.06,9560,2869,10991,0.95,0.96,1.0,
1h,扫流动性+CHoCH→FVG,空,3笔1:1:1(3/6) 止盈8% 补满再亏10%止损 拿48根,0.93,1.06,1.14,8949,2687,10324,0.99,1.01,1.0,
1h,扫流动性+CHoCH→FVG,空,3笔1:1:1(3/6) 止盈8% 补满再亏5%止损 拿18根,0.86,0.92,1.07,9560,2869,10991,0.97,0.98,1.02,
1h,扫流动性+CHoCH→FVG,空,3笔1:1:1(3/6) 止盈8% 补满再亏5%止损 拿48根,0.95,1.04,1.14,8963,2690,10365,1.02,1.01,1.04,
1h,扫流动性+CHoCH→FVG,空,3笔1:1:2(3/6) 止盈2% 补满再亏10%止损 拿18根,0.8,0.99,1.0,9598,2880,11050,0.97,0.93,0.93,
1h,扫流动性+CHoCH→FVG,空,3笔1:1:2(3/6) 止盈2% 补满再亏10%止损 拿48根,0.95,1.01,1.04,9438,2837,10930,1.0,1.0,0.94,
1h,扫流动性+CHoCH→FVG,空,3笔1:1:2(3/6) 止盈2% 补满再亏5%止损 拿18根,0.84,0.97,1.02,9598,2880,11050,1.0,0.96,0.96,
1h,扫流动性+CHoCH→FVG,空,3笔1:1:2(3/6) 止盈2% 补满再亏5%止损 拿48根,0.98,0.98,1.06,9446,2838,10940,1.02,1.0,0.99,
1h,扫流动性+CHoCH→FVG,空,3笔1:1:2(3/6) 止盈3% 补满再亏10%止损 拿18根,0.84,0.95,1.04,9589,2879,11044,0.99,0.96,0.97,
1h,扫流动性+CHoCH→FVG,空,3笔1:1:2(3/6) 止盈3% 补满再亏10%止损 拿48根,0.94,0.99,1.09,9305,2811,10811,1.02,1.02,0.99,
1h,扫流动性+CHoCH→FVG,空,3笔1:1:2(3/6) 止盈3% 补满再亏5%止损 拿18根,0.87,0.96,1.06,9589,2879,11044,1.02,0.98,1.01,
1h,扫流动性+CHoCH→FVG,空,3笔1:1:2(3/6) 止盈3% 补满再亏5%止损 拿48根,0.96,0.98,1.1,9315,2812,10831,1.05,1.01,1.04,
1h,扫流动性+CHoCH→FVG,空,3笔1:1:2(3/6) 止盈5% 补满再亏10%止损 拿18根,0.86,0.94,1.06,9573,2877,11018,0.98,0.96,0.99,
1h,扫流动性+CHoCH→FVG,空,3笔1:1:2(3/6) 止盈5% 补满再亏10%止损 拿48根,0.93,1.02,1.11,9112,2733,10549,1.01,1.01,1.01,
1h,扫流动性+CHoCH→FVG,空,3笔1:1:2(3/6) 止盈5% 补满再亏5%止损 拿18根,0.89,0.93,1.09,9573,2877,11018,1.01,0.99,1.03,
1h,扫流动性+CHoCH→FVG,空,3笔1:1:2(3/6) 止盈5% 补满再亏5%止损 拿48根,0.95,1.0,1.13,9125,2736,10582,1.05,1.02,1.06,
1h,扫流动性+CHoCH→FVG,空,3笔1:1:2(3/6) 止盈8% 补满再亏10%止损 拿18根,0.84,0.94,1.08,9561,2870,10992,0.96,0.97,1.01,
1h,扫流动性+CHoCH→FVG,空,3笔1:1:2(3/6) 止盈8% 补满再亏10%止损 拿48根,0.94,1.06,1.15,8953,2689,10335,0.99,1.02,1.01,
1h,扫流动性+CHoCH→FVG,空,3笔1:1:2(3/6) 止盈8% 补满再亏5%止损 拿18根,0.87,0.91,1.09,9561,2870,10992,0.99,0.99,1.05,
1h,扫流动性+CHoCH→FVG,空,3笔1:1:2(3/6) 止盈8% 补满再亏5%止损 拿48根,0.97,1.03,1.15,8967,2692,10374,1.02,1.02,1.06,
1h,扫流动性+CHoCH→FVG,空,5笔1:1:2:2:4(2..8) 止盈2% 补满再亏10%止损 拿18根,0.77,1.0,1.03,9598,2880,11053,0.98,0.95,0.95,
1h,扫流动性+CHoCH→FVG,空,5笔1:1:2:2:4(2..8) 止盈2% 补满再亏10%止损 拿48根,0.97,1.04,1.08,9474,2859,10973,0.99,1.04,0.97,
1h,扫流动性+CHoCH→FVG,空,5笔1:1:2:2:4(2..8) 止盈2% 补满再亏5%止损 拿18根,0.81,0.98,1.05,9598,2880,11053,1.03,0.94,1.0,
1h,扫流动性+CHoCH→FVG,空,5笔1:1:2:2:4(2..8) 止盈2% 补满再亏5%止损 拿48根,0.99,0.99,1.08,9478,2859,10976,1.03,0.98,1.01,
1h,扫流动性+CHoCH→FVG,空,5笔1:1:2:2:4(2..8) 止盈3% 补满再亏10%止损 拿18根,0.81,0.97,1.06,9591,2879,11044,1.01,1.01,1.0,
1h,扫流动性+CHoCH→FVG,空,5笔1:1:2:2:4(2..8) 止盈3% 补满再亏10%止损 拿48根,1.0,1.05,1.13,9356,2815,10858,1.01,1.09,1.02,
1h,扫流动性+CHoCH→FVG,空,5笔1:1:2:2:4(2..8) 止盈3% 补满再亏5%止损 拿18根,0.85,0.95,1.07,9591,2879,11044,1.05,1.0,1.04,
1h,扫流动性+CHoCH→FVG,空,5笔1:1:2:2:4(2..8) 止盈3% 补满再亏5%止损 拿48根,1.01,0.99,1.1,9365,2816,10868,1.05,1.04,1.07,
1h,扫流动性+CHoCH→FVG,空,5笔1:1:2:2:4(2..8) 止盈5% 补满再亏10%止损 拿18根,0.85,0.92,1.12,9573,2877,11017,1.01,1.02,1.02,
1h,扫流动性+CHoCH→FVG,空,5笔1:1:2:2:4(2..8) 止盈5% 补满再亏10%止损 拿48根,0.95,1.12,1.18,9134,2752,10587,1.05,1.05,1.04,
1h,扫流动性+CHoCH→FVG,空,5笔1:1:2:2:4(2..8) 止盈5% 补满再亏5%止损 拿18根,0.88,0.9,1.14,9573,2877,11017,1.05,1.02,1.08,
1h,扫流动性+CHoCH→FVG,空,5笔1:1:2:2:4(2..8) 止盈5% 补满再亏5%止损 拿48根,0.96,1.02,1.17,9146,2754,10602,1.07,1.02,1.09,
1h,扫流动性+CHoCH→FVG,空,5笔1:1:2:2:4(2..8) 止盈8% 补满再亏10%止损 拿18根,0.83,0.93,1.12,9562,2870,10992,0.98,1.02,1.05,
1h,扫流动性+CHoCH→FVG,空,5笔1:1:2:2:4(2..8) 止盈8% 补满再亏10%止损 拿48根,0.96,1.14,1.2,8965,2692,10350,1.01,1.07,1.04,
1h,扫流动性+CHoCH→FVG,空,5笔1:1:2:2:4(2..8) 止盈8% 补满再亏5%止损 拿18根,0.86,0.89,1.14,9562,2870,10992,1.02,1.02,1.1,
1h,扫流动性+CHoCH→FVG,空,5笔1:1:2:2:4(2..8) 止盈8% 补满再亏5%止损 拿48根,0.96,1.05,1.19,8979,2694,10373,1.04,1.03,1.09,
1h,扫流动性+CHoCH→FVG,空,5笔等(2..8) 止盈2% 补满再亏10%止损 拿18根,0.78,0.97,1.01,9598,2880,11052,0.96,0.93,0.92,
1h,扫流动性+CHoCH→FVG,空,5笔等(2..8) 止盈2% 补满再亏10%止损 拿48根,0.95,1.01,1.06,9445,2849,10950,1.0,1.0,0.94,
1h,扫流动性+CHoCH→FVG,空,5笔等(2..8) 止盈2% 补满再亏5%止损 拿18根,0.81,0.95,1.01,9598,2880,11052,0.99,0.92,0.95,
1h,扫流动性+CHoCH→FVG,空,5笔等(2..8) 止盈2% 补满再亏5%止损 拿48根,0.95,0.96,1.04,9454,2849,10957,1.01,0.96,0.98,
1h,扫流动性+CHoCH→FVG,空,5笔等(2..8) 止盈3% 补满再亏10%止损 拿18根,0.82,0.97,1.04,9591,2879,11044,0.99,0.98,0.97,
1h,扫流动性+CHoCH→FVG,空,5笔等(2..8) 止盈3% 补满再亏10%止损 拿48根,0.94,1.04,1.12,9326,2810,10833,1.02,1.03,0.99,
1h,扫流动性+CHoCH→FVG,空,5笔等(2..8) 止盈3% 补满再亏5%止损 拿18根,0.83,0.95,1.06,9591,2879,11044,1.01,0.97,0.99,
1h,扫流动性+CHoCH→FVG,空,5笔等(2..8) 止盈3% 补满再亏5%止损 拿48根,0.93,0.98,1.1,9336,2811,10845,1.03,1.0,1.02,
1h,扫流动性+CHoCH→FVG,空,5笔等(2..8) 止盈5% 补满再亏10%止损 拿18根,0.84,0.93,1.08,9573,2877,11017,0.99,0.97,0.99,
1h,扫流动性+CHoCH→FVG,空,5笔等(2..8) 止盈5% 补满再亏10%止损 拿48根,0.92,1.07,1.15,9112,2739,10554,1.03,1.01,1.02,
1h,扫流动性+CHoCH→FVG,空,5笔等(2..8) 止盈5% 补满再亏5%止损 拿18根,0.86,0.91,1.09,9573,2877,11017,1.01,0.97,1.02,
1h,扫流动性+CHoCH→FVG,空,5笔等(2..8) 止盈5% 补满再亏5%止损 拿48根,0.93,1.0,1.13,9124,2741,10572,1.04,1.0,1.04,
1h,扫流动性+CHoCH→FVG,空,5笔等(2..8) 止盈8% 补满再亏10%止损 拿18根,0.83,0.93,1.08,9560,2869,10991,0.96,0.97,1.01,
1h,扫流动性+CHoCH→FVG,空,5笔等(2..8) 止盈8% 补满再亏10%止损 拿48根,0.95,1.11,1.17,8949,2687,10328,1.0,1.03,1.01,
1h,扫流动性+CHoCH→FVG,空,5笔等(2..8) 止盈8% 补满再亏5%止损 拿18根,0.84,0.89,1.09,9560,2869,10991,0.98,0.98,1.03,
1h,扫流动性+CHoCH→FVG,空,5笔等(2..8) 止盈8% 补满再亏5%止损 拿48根,0.94,1.03,1.16,8963,2689,10353,1.02,1.0,1.04,
1h,扫流动性+CHoCH→FVG,空,6笔深(3..18) 止盈2% 补满再亏10%止损 拿18根,0.81,1.21,1.09,9598,2880,11050,1.02,0.95,0.95,
1h,扫流动性+CHoCH→FVG,空,6笔深(3..18) 止盈2% 补满再亏10%止损 拿48根,1.05,1.2,1.15,9431,2835,10936,1.11,1.13,1.01,
1h,扫流动性+CHoCH→FVG,空,6笔深(3..18) 止盈2% 补满再亏5%止损 拿18根,0.84,1.14,1.06,9598,2880,11050,1.03,0.96,0.99,
1h,扫流动性+CHoCH→FVG,空,6笔深(3..18) 止盈2% 补满再亏5%止损 拿48根,1.07,1.21,1.14,9431,2835,10936,1.11,1.11,1.04,
1h,扫流动性+CHoCH→FVG,空,6笔深(3..18) 止盈3% 补满再亏10%止损 拿18根,0.85,1.11,1.12,9589,2879,11044,1.03,0.96,1.01,
1h,扫流动性+CHoCH→FVG,空,6笔深(3..18) 止盈3% 补满再亏10%止损 拿48根,1.05,1.16,1.25,9306,2809,10811,1.1,1.12,1.08,
1h,扫流动性+CHoCH→FVG,空,6笔深(3..18) 止盈3% 补满再亏5%止损 拿18根,0.87,1.04,1.08,9589,2879,11044,1.05,0.97,1.03,
1h,扫流动性+CHoCH→FVG,空,6笔深(3..18) 止盈3% 补满再亏5%止损 拿48根,1.07,1.17,1.2,9306,2809,10811,1.12,1.1,1.09,
1h,扫流动性+CHoCH→FVG,空,6笔深(3..18) 止盈5% 补满再亏10%止损 拿18根,0.88,1.06,1.2,9573,2877,11018,1.04,1.0,1.04,
1h,扫流动性+CHoCH→FVG,空,6笔深(3..18) 止盈5% 补满再亏10%止损 拿48根,1.03,1.24,1.31,9102,2736,10559,1.13,1.11,1.11,
1h,扫流动性+CHoCH→FVG,空,6笔深(3..18) 止盈5% 补满再亏5%止损 拿18根,0.91,1.02,1.16,9573,2877,11018,1.06,1.01,1.06,
1h,扫流动性+CHoCH→FVG,空,6笔深(3..18) 止盈5% 补满再亏5%止损 拿48根,1.06,1.27,1.28,9102,2736,10559,1.14,1.1,1.11,
1h,扫流动性+CHoCH→FVG,空,6笔深(3..18) 止盈8% 补满再亏10%止损 拿18根,0.87,1.08,1.19,9560,2869,10991,1.01,1.02,1.05,
1h,扫流动性+CHoCH→FVG,空,6笔深(3..18) 止盈8% 补满再亏10%止损 拿48根,1.04,1.29,1.29,8941,2686,10332,1.09,1.12,1.12,
1h,扫流动性+CHoCH→FVG,空,6笔深(3..18) 止盈8% 补满再亏5%止损 拿18根,0.91,1.02,1.15,9560,2869,10991,1.03,1.03,1.09,
1h,扫流动性+CHoCH→FVG,空,6笔深(3..18) 止盈8% 补满再亏5%止损 拿48根,1.06,1.27,1.27,8941,2687,10332,1.09,1.11,1.12,
1h,扫流动性+CHoCH→FVG,空,原版（结构止损、盈亏比2）,0.93,1.08,1.09,9337,2826,10719,0.95,1.02,1.0,
1h,扫流动性+CHoCH→FVG,多,3笔1:1:1(3/6) 止盈2% 补满再亏10%止损 拿18根,0.85,0.87,0.83,10091,2831,11663,0.87,0.79,0.84,
1h,扫流动性+CHoCH→FVG,多,3笔1:1:1(3/6) 止盈2% 补满再亏10%止损 拿48根,0.8,0.68,0.74,9898,2786,11503,0.9,0.74,0.83,
1h,扫流动性+CHoCH→FVG,多,3笔1:1:1(3/6) 止盈2% 补满再亏5%止损 拿18根,0.88,0.88,0.84,10091,2831,11663,0.89,0.83,0.85,
1h,扫流动性+CHoCH→FVG,多,3笔1:1:1(3/6) 止盈2% 补满再亏5%止损 拿48根,0.83,0.72,0.76,9916,2788,11516,0.89,0.79,0.85,
1h,扫流动性+CHoCH→FVG,多,3笔1:1:1(3/6) 止盈3% 补满再亏10%止损 拿18根,0.91,0.86,0.85,10076,2828,11652,0.9,0.83,0.88,
1h,扫流动性+CHoCH→FVG,多,3笔1:1:1(3/6) 止盈3% 补满再亏10%止损 拿48根,0.83,0.73,0.78,9769,2729,11364,0.91,0.79,0.87,
1h,扫流动性+CHoCH→FVG,多,3笔1:1:1(3/6) 止盈3% 补满再亏5%止损 拿18根,0.92,0.87,0.86,10076,2828,11652,0.92,0.86,0.88,
1h,扫流动性+CHoCH→FVG,多,3笔1:1:1(3/6) 止盈3% 补满再亏5%止损 拿48根,0.85,0.78,0.81,9790,2732,11382,0.91,0.84,0.88,
1h,扫流动性+CHoCH→FVG,多,3笔1:1:1(3/6) 止盈5% 补满再亏10%止损 拿18根,0.95,0.82,0.87,10054,2816,11632,0.93,0.84,0.91,
1h,扫流动性+CHoCH→FVG,多,3笔1:1:1(3/6) 止盈5% 补满再亏10%止损 拿48根,0.88,0.72,0.82,9532,2647,11126,0.94,0.81,0.9,
1h,扫流动性+CHoCH→FVG,多,3笔1:1:1(3/6) 止盈5% 补满再亏5%止损 拿18根,0.96,0.84,0.88,10054,2816,11632,0.95,0.88,0.91,
1h,扫流动性+CHoCH→FVG,多,3笔1:1:1(3/6) 止盈5% 补满再亏5%止损 拿48根,0.89,0.77,0.85,9559,2652,11151,0.93,0.86,0.91,
1h,扫流动性+CHoCH→FVG,多,3笔1:1:1(3/6) 止盈8% 补满再亏10%止损 拿18根,0.97,0.8,0.87,10045,2815,11609,0.94,0.86,0.93,
1h,扫流动性+CHoCH→FVG,多,3笔1:1:1(3/6) 止盈8% 补满再亏10%止损 拿48根,0.92,0.73,0.84,9373,2609,10939,0.96,0.83,0.94,
1h,扫流动性+CHoCH→FVG,多,3笔1:1:1(3/6) 止盈8% 补满再亏5%止损 拿18根,0.98,0.81,0.88,10045,2815,11609,0.95,0.9,0.93,
1h,扫流动性+CHoCH→FVG,多,3笔1:1:1(3/6) 止盈8% 补满再亏5%止损 拿48根,0.93,0.77,0.86,9401,2614,10965,0.95,0.87,0.94,
1h,扫流动性+CHoCH→FVG,多,3笔1:1:2(3/6) 止盈2% 补满再亏10%止损 拿18根,0.86,0.92,0.82,10091,2831,11663,0.89,0.8,0.85,
1h,扫流动性+CHoCH→FVG,多,3笔1:1:2(3/6) 止盈2% 补满再亏10%止损 拿48根,0.79,0.7,0.73,9908,2789,11510,0.93,0.74,0.84,
1h,扫流动性+CHoCH→FVG,多,3笔1:1:2(3/6) 止盈2% 补满再亏5%止损 拿18根,0.9,0.92,0.84,10091,2831,11663,0.91,0.86,0.87,
1h,扫流动性+CHoCH→FVG,多,3笔1:1:2(3/6) 止盈2% 补满再亏5%止损 拿48根,0.84,0.77,0.76,9924,2791,11523,0.92,0.81,0.87,
1h,扫流动性+CHoCH→FVG,多,3笔1:1:2(3/6) 止盈3% 补满再亏10%止损 拿18根,0.92,0.87,0.86,10077,2828,11652,0.92,0.84,0.9,
1h,扫流动性+CHoCH→FVG,多,3笔1:1:2(3/6) 止盈3% 补满再亏10%止损 拿48根,0.84,0.72,0.78,9783,2732,11384,0.93,0.78,0.88,
1h,扫流动性+CHoCH→FVG,多,3笔1:1:2(3/6) 止盈3% 补满再亏5%止损 拿18根,0.94,0.89,0.87,10077,2828,11652,0.95,0.88,0.91,
1h,扫流动性+CHoCH→FVG,多,3笔1:1:2(3/6) 止盈3% 补满再亏5%止损 拿48根,0.86,0.78,0.8,9801,2735,11400,0.93,0.85,0.9,
1h,扫流动性+CHoCH→FVG,多,3笔1:1:2(3/6) 止盈5% 补满再亏10%止损 拿18根,0.96,0.84,0.88,10054,2816,11632,0.95,0.85,0.93,
1h,扫流动性+CHoCH→FVG,多,3笔1:1:2(3/6) 止盈5% 补满再亏10%止损 拿48根,0.88,0.72,0.82,9543,2648,11135,0.96,0.81,0.91,
1h,扫流动性+CHoCH→FVG,多,3笔1:1:2(3/6) 止盈5% 补满再亏5%止损 拿18根,0.98,0.86,0.89,10054,2816,11632,0.97,0.9,0.94,
1h,扫流动性+CHoCH→FVG,多,3笔1:1:2(3/6) 止盈5% 补满再亏5%止损 拿48根,0.9,0.78,0.85,9569,2653,11160,0.95,0.88,0.93,
1h,扫流动性+CHoCH→FVG,多,3笔1:1:2(3/6) 止盈8% 补满再亏10%止损 拿18根,0.99,0.81,0.87,10045,2815,11609,0.96,0.86,0.95,
1h,扫流动性+CHoCH→FVG,多,3笔1:1:2(3/6) 止盈8% 补满再亏10%止损 拿48根,0.92,0.72,0.83,9380,2610,10944,0.97,0.83,0.95,
1h,扫流动性+CHoCH→FVG,多,3笔1:1:2(3/6) 止盈8% 补满再亏5%止损 拿18根,1.0,0.83,0.89,10045,2815,11609,0.98,0.92,0.96,
1h,扫流动性+CHoCH→FVG,多,3笔1:1:2(3/6) 止盈8% 补满再亏5%止损 拿48根,0.94,0.78,0.87,9408,2615,10970,0.97,0.88,0.96,
1h,扫流动性+CHoCH→FVG,多,5笔1:1:2:2:4(2..8) 止盈2% 补满再亏10%止损 拿18根,0.82,0.95,0.83,10091,2833,11664,0.92,0.81,0.88,
1h,扫流动性+CHoCH→FVG,多,5笔1:1:2:2:4(2..8) 止盈2% 补满再亏10%止损 拿48根,0.76,0.7,0.72,9950,2798,11546,0.97,0.72,0.85,
1h,扫流动性+CHoCH→FVG,多,5笔1:1:2:2:4(2..8) 止盈2% 补满再亏5%止损 拿18根,0.89,1.0,0.86,10091,2833,11664,0.94,0.86,0.9,
1h,扫流动性+CHoCH→FVG,多,5笔1:1:2:2:4(2..8) 止盈2% 补满再亏5%止损 拿48根,0.83,0.8,0.76,9954,2799,11550,0.97,0.81,0.88,
1h,扫流动性+CHoCH→FVG,多,5笔1:1:2:2:4(2..8) 止盈3% 补满再亏10%止损 拿18根,0.9,0.87,0.85,10080,2828,11657,0.96,0.85,0.92,
1h,扫流动性+CHoCH→FVG,多,5笔1:1:2:2:4(2..8) 止盈3% 补满再亏10%止损 拿48根,0.81,0.68,0.75,9827,2750,11429,0.98,0.77,0.89,
1h,扫流动性+CHoCH→FVG,多,5笔1:1:2:2:4(2..8) 止盈3% 补满再亏5%止损 拿18根,0.96,0.93,0.86,10080,2828,11657,0.99,0.88,0.95,
1h,扫流动性+CHoCH→FVG,多,5笔1:1:2:2:4(2..8) 止盈3% 补满再亏5%止损 拿48根,0.87,0.78,0.79,9831,2751,11434,0.98,0.83,0.93,
1h,扫流动性+CHoCH→FVG,多,5笔1:1:2:2:4(2..8) 止盈5% 补满再亏10%止损 拿18根,1.0,0.84,0.88,10057,2816,11633,1.0,0.86,0.97,
1h,扫流动性+CHoCH→FVG,多,5笔1:1:2:2:4(2..8) 止盈5% 补满再亏10%止损 拿48根,0.9,0.67,0.8,9589,2654,11186,1.02,0.81,0.92,
1h,扫流动性+CHoCH→FVG,多,5笔1:1:2:2:4(2..8) 止盈5% 补满再亏5%止损 拿18根,1.05,0.89,0.88,10057,2816,11633,1.03,0.9,0.98,
1h,扫流动性+CHoCH→FVG,多,5笔1:1:2:2:4(2..8) 止盈5% 补满再亏5%止损 拿48根,0.93,0.76,0.83,9595,2656,11193,1.01,0.86,0.95,
1h,扫流动性+CHoCH→FVG,多,5笔1:1:2:2:4(2..8) 止盈8% 补满再亏10%止损 拿18根,1.02,0.78,0.88,10045,2815,11611,1.01,0.87,0.98,
1h,扫流动性+CHoCH→FVG,多,5笔1:1:2:2:4(2..8) 止盈8% 补满再亏10%止损 拿48根,0.94,0.65,0.81,9396,2611,10964,1.04,0.84,0.96,
1h,扫流动性+CHoCH→FVG,多,5笔1:1:2:2:4(2..8) 止盈8% 补满再亏5%止损 拿18根,1.06,0.85,0.88,10045,2815,11611,1.03,0.92,1.0,
1h,扫流动性+CHoCH→FVG,多,5笔1:1:2:2:4(2..8) 止盈8% 补满再亏5%止损 拿48根,0.96,0.74,0.84,9405,2614,10971,1.03,0.88,0.98,
1h,扫流动性+CHoCH→FVG,多,5笔等(2..8) 止盈2% 补满再亏10%止损 拿18根,0.82,0.88,0.83,10091,2833,11664,0.88,0.8,0.85,
1h,扫流动性+CHoCH→FVG,多,5笔等(2..8) 止盈2% 补满再亏10%止损 拿48根,0.76,0.68,0.74,9928,2792,11529,0.92,0.72,0.83,
1h,扫流动性+CHoCH→FVG,多,5笔等(2..8) 止盈2% 补满再亏5%止损 拿18根,0.87,0.91,0.84,10091,2833,11664,0.9,0.83,0.86,
1h,扫流动性+CHoCH→FVG,多,5笔等(2..8) 止盈2% 补满再亏5%止损 拿48根,0.81,0.75,0.76,9932,2793,11535,0.92,0.78,0.86,
1h,扫流动性+CHoCH→FVG,多,5笔等(2..8) 止盈3% 补满再亏10%止损 拿18根,0.88,0.85,0.86,10079,2828,11657,0.92,0.82,0.9,
1h,扫流动性+CHoCH→FVG,多,5笔等(2..8) 止盈3% 补满再亏10%止损 拿48根,0.81,0.69,0.78,9801,2739,11399,0.94,0.77,0.88,
1h,扫流动性+CHoCH→FVG,多,5笔等(2..8) 止盈3% 补满再亏5%止损 拿18根,0.92,0.88,0.87,10079,2828,11657,0.93,0.85,0.91,
1h,扫流动性+CHoCH→FVG,多,5笔等(2..8) 止盈3% 补满再亏5%止损 拿48根,0.84,0.74,0.8,9805,2740,11405,0.93,0.81,0.9,
1h,扫流动性+CHoCH→FVG,多,5笔等(2..8) 止盈5% 补满再亏10%止损 拿18根,0.95,0.81,0.87,10056,2816,11633,0.95,0.84,0.92,
1h,扫流动性+CHoCH→FVG,多,5笔等(2..8) 止盈5% 补满再亏10%止损 拿48根,0.88,0.68,0.81,9561,2649,11153,0.97,0.81,0.9,
1h,扫流动性+CHoCH→FVG,多,5笔等(2..8) 止盈5% 补满再亏5%止损 拿18根,0.98,0.84,0.87,10056,2816,11633,0.97,0.86,0.92,
1h,扫流动性+CHoCH→FVG,多,5笔等(2..8) 止盈5% 补满再亏5%止损 拿48根,0.89,0.74,0.83,9569,2651,11160,0.95,0.84,0.91,
1h,扫流动性+CHoCH→FVG,多,5笔等(2..8) 止盈8% 补满再亏10%止损 拿18根,0.97,0.78,0.87,10045,2815,11611,0.96,0.86,0.95,
1h,扫流动性+CHoCH→FVG,多,5笔等(2..8) 止盈8% 补满再亏10%止损 拿48根,0.92,0.68,0.82,9377,2609,10950,0.99,0.84,0.95,
1h,扫流动性+CHoCH→FVG,多,5笔等(2..8) 止盈8% 补满再亏5%止损 拿18根,0.99,0.81,0.87,10045,2815,11611,0.97,0.88,0.95,
1h,扫流动性+CHoCH→FVG,多,5笔等(2..8) 止盈8% 补满再亏5%止损 拿48根,0.93,0.74,0.84,9386,2612,10957,0.97,0.86,0.96,
1h,扫流动性+CHoCH→FVG,多,6笔深(3..18) 止盈2% 补满再亏10%止损 拿18根,0.85,0.82,0.77,10091,2831,11663,0.95,0.84,0.83,
1h,扫流动性+CHoCH→FVG,多,6笔深(3..18) 止盈2% 补满再亏10%止损 拿48根,0.71,0.56,0.66,9916,2787,11513,1.0,0.77,0.8,
1h,扫流动性+CHoCH→FVG,多,6笔深(3..18) 止盈2% 补满再亏5%止损 拿18根,0.88,0.88,0.81,10091,2831,11663,0.93,0.8,0.84,
1h,扫流动性+CHoCH→FVG,多,6笔深(3..18) 止盈2% 补满再亏5%止损 拿48根,0.78,0.59,0.69,9916,2787,11513,1.0,0.73,0.8,
1h,扫流动性+CHoCH→FVG,多,6笔深(3..18) 止盈3% 补满再亏10%止损 拿18根,0.93,0.81,0.82,10076,2828,11652,1.0,0.89,0.88,
1h,扫流动性+CHoCH→FVG,多,6笔深(3..18) 止盈3% 补满再亏10%止损 拿48根,0.77,0.62,0.72,9783,2730,11375,1.01,0.82,0.84,
1h,扫流动性+CHoCH→FVG,多,6笔深(3..18) 止盈3% 补满再亏5%止损 拿18根,0.96,0.87,0.86,10076,2828,11652,0.97,0.85,0.89,
1h,扫流动性+CHoCH→FVG,多,6笔深(3..18) 止盈3% 补满再亏5%止损 拿48根,0.83,0.63,0.74,9783,2730,11375,1.0,0.78,0.84,
1h,扫流动性+CHoCH→FVG,多,6笔深(3..18) 止盈5% 补满再亏10%止损 拿18根,0.99,0.77,0.86,10054,2816,11632,1.03,0.93,0.92,
1h,扫流动性+CHoCH→FVG,多,6笔深(3..18) 止盈5% 补满再亏10%止损 拿48根,0.84,0.63,0.78,9541,2648,11135,1.05,0.9,0.9,
1h,扫流动性+CHoCH→FVG,多,6笔深(3..18) 止盈5% 补满再亏5%止损 拿18根,1.02,0.83,0.89,10054,2816,11632,1.01,0.88,0.93,
1h,扫流动性+CHoCH→FVG,多,6笔深(3..18) 止盈5% 补满再亏5%止损 拿48根,0.9,0.65,0.79,9541,2648,11135,1.04,0.84,0.89,
1h,扫流动性+CHoCH→FVG,多,6笔深(3..18) 止盈8% 补满再亏10%止损 拿18根,1.01,0.77,0.87,10045,2815,11609,1.04,0.95,0.95,
1h,扫流动性+CHoCH→FVG,多,6笔深(3..18) 止盈8% 补满再亏10%止损 拿48根,0.89,0.62,0.8,9378,2608,10939,1.08,0.96,0.95,
1h,扫流动性+CHoCH→FVG,多,6笔深(3..18) 止盈8% 补满再亏5%止损 拿18根,1.05,0.82,0.89,10045,2815,11609,1.02,0.91,0.96,
1h,扫流动性+CHoCH→FVG,多,6笔深(3..18) 止盈8% 补满再亏5%止损 拿48根,0.95,0.65,0.81,9378,2608,10939,1.07,0.88,0.95,
1h,扫流动性+CHoCH→FVG,多,原版（结构止损、盈亏比2）,0.98,0.98,1.03,9725,2726,11270,0.88,0.88,0.9,
1h,BOS→FVG+大周期,空,3笔1:1:1(3/6) 止盈2% 补满再亏10%止损 拿18根,0.9,1.25,0.87,8853,2889,12390,0.96,0.93,0.92,
1h,BOS→FVG+大周期,空,3笔1:1:1(3/6) 止盈2% 补满再亏10%止损 拿48根,1.05,1.33,0.95,8772,2866,12307,1.0,0.98,0.93,
1h,BOS→FVG+大周期,空,3笔1:1:1(3/6) 止盈2% 补满再亏5%止损 拿18根,0.92,1.22,0.91,8853,2889,12390,0.98,0.95,0.94,
1h,BOS→FVG+大周期,空,3笔1:1:1(3/6) 止盈2% 补满再亏5%止损 拿48根,1.09,1.28,0.97,8773,2868,12307,1.01,0.98,0.97,
1h,BOS→FVG+大周期,空,3笔1:1:1(3/6) 止盈3% 补满再亏10%止损 拿18根,0.94,1.22,0.91,8770,2847,12279,0.98,0.95,0.96,
1h,BOS→FVG+大周期,空,3笔1:1:1(3/6) 止盈3% 补满再亏10%止损 拿48根,1.1,1.32,0.97,8573,2798,12075,1.01,1.0,0.98,
1h,BOS→FVG+大周期,空,3笔1:1:1(3/6) 止盈3% 补满再亏5%止损 拿18根,0.96,1.21,0.94,8770,2847,12279,1.0,0.98,0.98,
1h,BOS→FVG+大周期,空,3笔1:1:1(3/6) 止盈3% 补满再亏5%止损 拿48根,1.13,1.3,0.99,8574,2800,12075,1.04,1.0,1.01,
1h,BOS→FVG+大周期,空,3笔1:1:1(3/6) 止盈5% 补满再亏10%止损 拿18根,0.9,1.22,0.92,8600,2792,12047,0.98,0.95,0.98,
1h,BOS→FVG+大周期,空,3笔1:1:1(3/6) 止盈5% 补满再亏10%止损 拿48根,1.12,1.2,0.98,8126,2648,11491,1.01,1.01,1.0,
1h,BOS→FVG+大周期,空,3笔1:1:1(3/6) 止盈5% 补满再亏5%止损 拿18根,0.92,1.22,0.96,8600,2792,12047,1.0,0.98,1.01,
1h,BOS→FVG+大周期,空,3笔1:1:1(3/6) 止盈5% 补满再亏5%止损 拿48根,1.14,1.21,1.01,8127,2650,11493,1.04,1.01,1.04,
1h,BOS→FVG+大周期,空,3笔1:1:1(3/6) 止盈8% 补满再亏10%止损 拿18根,0.84,1.22,0.92,8440,2731,11867,0.95,0.96,1.0,
1h,BOS→FVG+大周期,空,3笔1:1:1(3/6) 止盈8% 补满再亏10%止损 拿48根,1.03,1.23,0.99,7659,2495,10786,0.99,1.01,1.0,
1h,BOS→FVG+大周期,空,3笔1:1:1(3/6) 止盈8% 补满再亏5%止损 拿18根,0.86,1.21,0.96,8440,2731,11867,0.97,0.98,1.02,
1h,BOS→FVG+大周期,空,3笔1:1:1(3/6) 止盈8% 补满再亏5%止损 拿48根,1.06,1.22,1.01,7661,2496,10790,1.02,1.01,1.04,
1h,BOS→FVG+大周期,空,3笔1:1:2(3/6) 止盈2% 补满再亏10%止损 拿18根,0.9,1.29,0.87,8853,2889,12390,0.97,0.93,0.93,
1h,BOS→FVG+大周期,空,3笔1:1:2(3/6) 止盈2% 补满再亏10%止损 拿48根,1.05,1.35,0.95,8772,2868,12307,1.0,1.0,0.94,
1h,BOS→FVG+大周期,空,3笔1:1:2(3/6) 止盈2% 补满再亏5%止损 拿18根,0.93,1.25,0.93,8853,2889,12390,1.0,0.96,0.96,
1h,BOS→FVG+大周期,空,3笔1:1:2(3/6) 止盈2% 补满再亏5%止损 拿48根,1.11,1.3,0.98,8773,2870,12307,1.02,1.0,0.99,
1h,BOS→FVG+大周期,空,3笔1:1:2(3/6) 止盈3% 补满再亏10%止损 拿18根,0.94,1.29,0.91,8770,2847,12279,0.99,0.96,0.97,
1h,BOS→FVG+大周期,空,3笔1:1:2(3/6) 止盈3% 补满再亏10%止损 拿48根,1.09,1.35,0.98,8575,2798,12076,1.02,1.02,0.99,
1h,BOS→FVG+大周期,空,3笔1:1:2(3/6) 止盈3% 补满再亏5%止损 拿18根,0.96,1.26,0.97,8770,2847,12279,1.02,0.98,1.01,
1h,BOS→FVG+大周期,空,3笔1:1:2(3/6) 止盈3% 补满再亏5%止损 拿48根,1.13,1.33,1.01,8576,2800,12076,1.05,1.01,1.04,
1h,BOS→FVG+大周期,空,3笔1:1:2(3/6) 止盈5% 补满再亏10%止损 拿18根,0.9,1.26,0.92,8600,2792,12047,0.98,0.96,0.99,
1h,BOS→FVG+大周期,空,3笔1:1:2(3/6) 止盈5% 补满再亏10%止损 拿48根,1.12,1.23,1.0,8130,2648,11497,1.01,1.01,1.01,
1h,BOS→FVG+大周期,空,3笔1:1:2(3/6) 止盈5% 补满再亏5%止损 拿18根,0.92,1.26,0.97,8600,2792,12047,1.01,0.99,1.03,
1h,BOS→FVG+大周期,空,3笔1:1:2(3/6) 止盈5% 补满再亏5%止损 拿48根,1.16,1.24,1.03,8131,2650,11499,1.05,1.02,1.06,
1h,BOS→FVG+大周期,空,3笔1:1:2(3/6) 止盈8% 补满再亏10%止损 拿18根,0.83,1.27,0.93,8440,2731,11868,0.96,0.97,1.01,
1h,BOS→FVG+大周期,空,3笔1:1:2(3/6) 止盈8% 补满再亏10%止损 拿48根,1.02,1.28,1.01,7666,2497,10792,0.99,1.02,1.01,
1h,BOS→FVG+大周期,空,3笔1:1:2(3/6) 止盈8% 补满再亏5%止损 拿18根,0.86,1.27,0.98,8440,2731,11868,0.99,0.99,1.05,
1h,BOS→FVG+大周期,空,3笔1:1:2(3/6) 止盈8% 补满再亏5%止损 拿48根,1.06,1.27,1.03,7668,2498,10796,1.02,1.02,1.06,
1h,BOS→FVG+大周期,空,5笔1:1:2:2:4(2..8) 止盈2% 补满再亏10%止损 拿18根,0.89,1.38,0.86,8854,2891,12394,0.98,0.95,0.95,
1h,BOS→FVG+大周期,空,5笔1:1:2:2:4(2..8) 止盈2% 补满再亏10%止损 拿48根,1.02,1.31,0.96,8790,2874,12326,0.99,1.04,0.97,
1h,BOS→FVG+大周期,空,5笔1:1:2:2:4(2..8) 止盈2% 补满再亏5%止损 拿18根,0.9,1.33,0.9,8854,2891,12394,1.03,0.94,1.0,
1h,BOS→FVG+大周期,空,5笔1:1:2:2:4(2..8) 止盈2% 补满再亏5%止损 拿48根,1.04,1.31,1.02,8790,2874,12326,1.03,0.98,1.01,
1h,BOS→FVG+大周期,空,5笔1:1:2:2:4(2..8) 止盈3% 补满再亏10%止损 拿18根,0.93,1.37,0.92,8776,2852,12287,1.01,1.01,1.0,
1h,BOS→FVG+大周期,空,5笔1:1:2:2:4(2..8) 止盈3% 补满再亏10%止损 拿48根,1.08,1.34,0.99,8604,2813,12111,1.01,1.09,1.02,
1h,BOS→FVG+大周期,空,5笔1:1:2:2:4(2..8) 止盈3% 补满再亏5%止损 拿18根,0.95,1.38,0.95,8776,2852,12287,1.05,1.0,1.04,
1h,BOS→FVG+大周期,空,5笔1:1:2:2:4(2..8) 止盈3% 补满再亏5%止损 拿48根,1.09,1.37,1.06,8605,2813,12111,1.05,1.04,1.07,
1h,BOS→FVG+大周期,空,5笔1:1:2:2:4(2..8) 止盈5% 补满再亏10%止损 拿18根,0.89,1.38,0.97,8607,2793,12063,1.01,1.02,1.02,
1h,BOS→FVG+大周期,空,5笔1:1:2:2:4(2..8) 止盈5% 补满再亏10%止损 拿48根,1.1,1.34,1.03,8159,2661,11551,1.05,1.05,1.04,
1h,BOS→FVG+大周期,空,5笔1:1:2:2:4(2..8) 止盈5% 补满再亏5%止损 拿18根,0.9,1.41,1.0,8607,2793,12063,1.05,1.02,1.08,
1h,BOS→FVG+大周期,空,5笔1:1:2:2:4(2..8) 止盈5% 补满再亏5%止损 拿48根,1.11,1.39,1.08,8160,2661,11551,1.07,1.02,1.09,
1h,BOS→FVG+大周期,空,5笔1:1:2:2:4(2..8) 止盈8% 补满再亏10%止损 拿18根,0.83,1.35,0.96,8443,2736,11870,0.98,1.02,1.05,
1h,BOS→FVG+大周期,空,5笔1:1:2:2:4(2..8) 止盈8% 补满再亏10%止损 拿48根,1.03,1.3,1.04,7685,2507,10817,1.01,1.07,1.04,
1h,BOS→FVG+大周期,空,5笔1:1:2:2:4(2..8) 止盈8% 补满再亏5%止损 拿18根,0.84,1.39,0.98,8443,2736,11870,1.02,1.02,1.1,
1h,BOS→FVG+大周期,空,5笔1:1:2:2:4(2..8) 止盈8% 补满再亏5%止损 拿48根,1.03,1.35,1.07,7687,2507,10821,1.04,1.03,1.09,
1h,BOS→FVG+大周期,空,5笔等(2..8) 止盈2% 补满再亏10%止损 拿18根,0.88,1.28,0.87,8854,2891,12394,0.96,0.93,0.92,
1h,BOS→FVG+大周期,空,5笔等(2..8) 止盈2% 补满再亏10%止损 拿48根,1.03,1.29,0.94,8784,2871,12323,1.0,1.0,0.94,
1h,BOS→FVG+大周期,空,5笔等(2..8) 止盈2% 补满再亏5%止损 拿18根,0.89,1.26,0.89,8854,2891,12394,0.99,0.92,0.95,
1h,BOS→FVG+大周期,空,5笔等(2..8) 止盈2% 补满再亏5%止损 拿48根,1.05,1.29,0.98,8786,2871,12323,1.01,0.96,0.98,
1h,BOS→FVG+大周期,空,5笔等(2..8) 止盈3% 补满再亏10%止损 拿18根,0.95,1.26,0.92,8776,2852,12287,0.99,0.98,0.97,
1h,BOS→FVG+大周期,空,5笔等(2..8) 止盈3% 补满再亏10%止损 拿48根,1.12,1.36,0.99,8600,2809,12107,1.02,1.03,0.99,
1h,BOS→FVG+大周期,空,5笔等(2..8) 止盈3% 补满再亏5%止损 拿18根,0.94,1.26,0.93,8776,2852,12287,1.01,0.97,0.99,
1h,BOS→FVG+大周期,空,5笔等(2..8) 止盈3% 补满再亏5%止损 拿48根,1.12,1.36,1.02,8602,2809,12107,1.03,1.0,1.02,
1h,BOS→FVG+大周期,空,5笔等(2..8) 止盈5% 补满再亏10%止损 拿18根,0.9,1.25,0.94,8607,2793,12060,0.99,0.97,0.99,
1h,BOS→FVG+大周期,空,5笔等(2..8) 止盈5% 补满再亏10%止损 拿48根,1.12,1.24,0.99,8152,2660,11533,1.03,1.01,1.02,
1h,BOS→FVG+大周期,空,5笔等(2..8) 止盈5% 补满再亏5%止损 拿18根,0.9,1.26,0.95,8607,2793,12060,1.01,0.97,1.02,
1h,BOS→FVG+大周期,空,5笔等(2..8) 止盈5% 补满再亏5%止损 拿48根,1.11,1.27,1.02,8154,2660,11536,1.04,1.0,1.04,
1h,BOS→FVG+大周期,空,5笔等(2..8) 止盈8% 补满再亏10%止损 拿18根,0.83,1.24,0.94,8442,2735,11868,0.96,0.97,1.01,
1h,BOS→FVG+大周期,空,5笔等(2..8) 止盈8% 补满再亏10%止损 拿48根,1.04,1.24,1.0,7667,2503,10801,1.0,1.03,1.01,
1h,BOS→FVG+大周期,空,5笔等(2..8) 止盈8% 补满再亏5%止损 拿18根,0.84,1.25,0.95,8442,2735,11868,0.98,0.98,1.03,
1h,BOS→FVG+大周期,空,5笔等(2..8) 止盈8% 补满再亏5%止损 拿48根,1.03,1.26,1.01,7669,2503,10805,1.02,1.0,1.04,
1h,BOS→FVG+大周期,空,6笔深(3..18) 止盈2% 补满再亏10%止损 拿18根,0.94,1.22,0.86,8853,2889,12390,1.02,0.95,0.95,
1h,BOS→FVG+大周期,空,6笔深(3..18) 止盈2% 补满再亏10%止损 拿48根,1.11,1.34,0.99,8773,2868,12307,1.11,1.13,1.01,
1h,BOS→FVG+大周期,空,6笔深(3..18) 止盈2% 补满再亏5%止损 拿18根,0.93,1.27,0.88,8853,2889,12390,1.03,0.96,0.99,
1h,BOS→FVG+大周期,空,6笔深(3..18) 止盈2% 补满再亏5%止损 拿48根,1.11,1.41,0.99,8773,2868,12307,1.11,1.11,1.04,
1h,BOS→FVG+大周期,空,6笔深(3..18) 止盈3% 补满再亏10%止损 拿18根,0.99,1.28,0.96,8770,2847,12279,1.03,0.96,1.01,
1h,BOS→FVG+大周期,空,6笔深(3..18) 止盈3% 补满再亏10%止损 拿48根,1.17,1.33,1.03,8574,2799,12075,1.1,1.12,1.08,
1h,BOS→FVG+大周期,空,6笔深(3..18) 止盈3% 补满再亏5%止损 拿18根,0.98,1.3,0.97,8770,2847,12279,1.05,0.97,1.03,
1h,BOS→FVG+大周期,空,6笔深(3..18) 止盈3% 补满再亏5%止损 拿48根,1.18,1.4,1.04,8574,2799,12075,1.12,1.1,1.09,
1h,BOS→FVG+大周期,空,6笔深(3..18) 止盈5% 补满再亏10%止损 拿18根,0.95,1.31,0.97,8600,2792,12047,1.04,1.0,1.04,
1h,BOS→FVG+大周期,空,6笔深(3..18) 止盈5% 补满再亏10%止损 拿48根,1.23,1.28,1.03,8127,2648,11495,1.13,1.11,1.11,
1h,BOS→FVG+大周期,空,6笔深(3..18) 止盈5% 补满再亏5%止损 拿18根,0.95,1.32,1.0,8600,2792,12047,1.06,1.01,1.06,
1h,BOS→FVG+大周期,空,6笔深(3..18) 止盈5% 补满再亏5%止损 拿48根,1.24,1.34,1.08,8127,2648,11495,1.14,1.1,1.11,
1h,BOS→FVG+大周期,空,6笔深(3..18) 止盈8% 补满再亏10%止损 拿18根,0.9,1.32,0.97,8440,2731,11867,1.01,1.02,1.05,
1h,BOS→FVG+大周期,空,6笔深(3..18) 止盈8% 补满再亏10%止损 拿48根,1.14,1.35,1.07,7663,2496,10787,1.09,1.12,1.12,
1h,BOS→FVG+大周期,空,6笔深(3..18) 止盈8% 补满再亏5%止损 拿18根,0.9,1.33,1.01,8440,2731,11867,1.03,1.03,1.09,
1h,BOS→FVG+大周期,空,6笔深(3..18) 止盈8% 补满再亏5%止损 拿48根,1.15,1.38,1.1,7663,2496,10789,1.09,1.11,1.12,
1h,BOS→FVG+大周期,空,原版（结构止损、盈亏比2）,0.92,1.04,0.95,7861,2574,10990,0.95,1.02,1.0,
1h,BOS→FVG+大周期,多,3笔1:1:1(3/6) 止盈2% 补满再亏10%止损 拿18根,1.16,1.26,0.99,8436,2400,8455,0.87,0.79,0.84,
1h,BOS→FVG+大周期,多,3笔1:1:1(3/6) 止盈2% 补满再亏10%止损 拿48根,1.12,1.05,0.92,8358,2378,8391,0.9,0.74,0.83,
1h,BOS→FVG+大周期,多,3笔1:1:1(3/6) 止盈2% 补满再亏5%止损 拿18根,1.14,1.26,1.0,8436,2400,8455,0.89,0.83,0.85,
1h,BOS→FVG+大周期,多,3笔1:1:1(3/6) 止盈2% 补满再亏5%止损 拿48根,1.1,1.1,0.96,8358,2378,8392,0.89,0.79,0.85,
1h,BOS→FVG+大周期,多,3笔1:1:1(3/6) 止盈3% 补满再亏10%止损 拿18根,1.15,1.28,1.0,8336,2362,8384,0.9,0.83,0.88,
1h,BOS→FVG+大周期,多,3笔1:1:1(3/6) 止盈3% 补满再亏10%止损 拿48根,1.13,1.06,0.94,8146,2314,8236,0.91,0.79,0.87,
1h,BOS→FVG+大周期,多,3笔1:1:1(3/6) 止盈3% 补满再亏5%止损 拿18根,1.13,1.27,1.01,8336,2362,8384,0.92,0.86,0.88,
1h,BOS→FVG+大周期,多,3笔1:1:1(3/6) 止盈3% 补满再亏5%止损 拿48根,1.08,1.09,0.96,8147,2314,8237,0.91,0.84,0.88,
1h,BOS→FVG+大周期,多,3笔1:1:1(3/6) 止盈5% 补满再亏10%止损 拿18根,1.14,1.35,1.0,8169,2317,8245,0.93,0.84,0.91,
1h,BOS→FVG+大周期,多,3笔1:1:1(3/6) 止盈5% 补满再亏10%止损 拿48根,1.1,1.08,0.95,7692,2180,7907,0.94,0.81,0.9,
1h,BOS→FVG+大周期,多,3笔1:1:1(3/6) 止盈5% 补满再亏5%止损 拿18根,1.11,1.35,1.0,8169,2317,8245,0.95,0.88,0.91,
1h,BOS→FVG+大周期,多,3笔1:1:1(3/6) 止盈5% 补满再亏5%止损 拿48根,1.06,1.11,0.96,7693,2180,7911,0.93,0.86,0.91,
1h,BOS→FVG+大周期,多,3笔1:1:1(3/6) 止盈8% 补满再亏10%止损 拿18根,1.16,1.32,1.0,8055,2286,8135,0.94,0.86,0.93,
1h,BOS→FVG+大周期,多,3笔1:1:1(3/6) 止盈8% 补满再亏10%止损 拿48根,1.12,1.11,0.95,7254,2043,7529,0.96,0.83,0.94,
1h,BOS→FVG+大周期,多,3笔1:1:1(3/6) 止盈8% 补满再亏5%止损 拿18根,1.13,1.33,1.01,8055,2286,8135,0.95,0.9,0.93,
1h,BOS→FVG+大周期,多,3笔1:1:1(3/6) 止盈8% 补满再亏5%止损 拿48根,1.09,1.16,0.96,7256,2044,7532,0.95,0.87,0.94,
1h,BOS→FVG+大周期,多,3笔1:1:2(3/6) 止盈2% 补满再亏10%止损 拿18根,1.21,1.27,0.99,8436,2400,8455,0.89,0.8,0.85,
1h,BOS→FVG+大周期,多,3笔1:1:2(3/6) 止盈2% 补满再亏10%止损 拿48根,1.14,1.01,0.91,8360,2378,8391,0.93,0.74,0.84,
1h,BOS→FVG+大周期,多,3笔1:1:2(3/6) 止盈2% 补满再亏5%止损 拿18根,1.18,1.26,1.02,8436,2400,8455,0.91,0.86,0.87,
1h,BOS→FVG+大周期,多,3笔1:1:2(3/6) 止盈2% 补满再亏5%止损 拿48根,1.12,1.07,0.96,8360,2378,8392,0.92,0.81,0.87,
1h,BOS→FVG+大周期,多,3笔1:1:2(3/6) 止盈3% 补满再亏10%止损 拿18根,1.2,1.32,1.01,8336,2363,8384,0.92,0.84,0.9,
1h,BOS→FVG+大周期,多,3笔1:1:2(3/6) 止盈3% 补满再亏10%止损 拿48根,1.15,1.05,0.94,8146,2315,8236,0.93,0.78,0.88,
1h,BOS→FVG+大周期,多,3笔1:1:2(3/6) 止盈3% 补满再亏5%止损 拿18根,1.19,1.32,1.02,8336,2363,8384,0.95,0.88,0.91,
1h,BOS→FVG+大周期,多,3笔1:1:2(3/6) 止盈3% 补满再亏5%止损 拿48根,1.12,1.1,0.98,8147,2315,8237,0.93,0.85,0.9,
1h,BOS→FVG+大周期,多,3笔1:1:2(3/6) 止盈5% 补满再亏10%止损 拿18根,1.19,1.38,1.01,8169,2317,8246,0.95,0.85,0.93,
1h,BOS→FVG+大周期,多,3笔1:1:2(3/6) 止盈5% 补满再亏10%止损 拿48根,1.14,1.07,0.96,7696,2181,7912,0.96,0.81,0.91,
1h,BOS→FVG+大周期,多,3笔1:1:2(3/6) 止盈5% 补满再亏5%止损 拿18根,1.17,1.39,1.02,8169,2317,8246,0.97,0.9,0.94,
1h,BOS→FVG+大周期,多,3笔1:1:2(3/6) 止盈5% 补满再亏5%止损 拿48根,1.1,1.12,0.98,7697,2181,7915,0.95,0.88,0.93,
1h,BOS→FVG+大周期,多,3笔1:1:2(3/6) 止盈8% 补满再亏10%止损 拿18根,1.24,1.35,1.02,8055,2286,8136,0.96,0.86,0.95,
1h,BOS→FVG+大周期,多,3笔1:1:2(3/6) 止盈8% 补满再亏10%止损 拿48根,1.17,1.09,0.96,7256,2044,7534,0.97,0.83,0.95,
1h,BOS→FVG+大周期,多,3笔1:1:2(3/6) 止盈8% 补满再亏5%止损 拿18根,1.2,1.37,1.02,8055,2286,8136,0.98,0.92,0.96,
1h,BOS→FVG+大周期,多,3笔1:1:2(3/6) 止盈8% 补满再亏5%止损 拿48根,1.13,1.16,0.97,7258,2045,7537,0.97,0.88,0.96,
1h,BOS→FVG+大周期,多,5笔1:1:2:2:4(2..8) 止盈2% 补满再亏10%止损 拿18根,1.35,1.37,1.02,8443,2403,8459,0.92,0.81,0.88,
1h,BOS→FVG+大周期,多,5笔1:1:2:2:4(2..8) 止盈2% 补满再亏10%止损 拿48根,1.25,1.02,0.89,8377,2388,8414,0.97,0.72,0.85,
1h,BOS→FVG+大周期,多,5笔1:1:2:2:4(2..8) 止盈2% 补满再亏5%止损 拿18根,1.36,1.42,1.09,8443,2403,8459,0.94,0.86,0.9,
1h,BOS→FVG+大周期,多,5笔1:1:2:2:4(2..8) 止盈2% 补满再亏5%止损 拿48根,1.25,1.1,0.96,8377,2388,8414,0.97,0.81,0.88,
1h,BOS→FVG+大周期,多,5笔1:1:2:2:4(2..8) 止盈3% 补满再亏10%止损 拿18根,1.36,1.4,1.04,8344,2365,8394,0.96,0.85,0.92,
1h,BOS→FVG+大周期,多,5笔1:1:2:2:4(2..8) 止盈3% 补满再亏10%止损 拿48根,1.26,1.01,0.94,8170,2323,8264,0.98,0.77,0.89,
1h,BOS→FVG+大周期,多,5笔1:1:2:2:4(2..8) 止盈3% 补满再亏5%止损 拿18根,1.36,1.45,1.1,8344,2365,8394,0.99,0.88,0.95,
1h,BOS→FVG+大周期,多,5笔1:1:2:2:4(2..8) 止盈3% 补满再亏5%止损 拿48根,1.23,1.07,1.0,8170,2323,8265,0.98,0.83,0.93,
1h,BOS→FVG+大周期,多,5笔1:1:2:2:4(2..8) 止盈5% 补满再亏10%止损 拿18根,1.39,1.47,1.05,8178,2322,8257,1.0,0.86,0.97,
1h,BOS→FVG+大周期,多,5笔1:1:2:2:4(2..8) 止盈5% 补满再亏10%止损 拿48根,1.25,1.04,0.96,7740,2190,7957,1.02,0.81,0.92,
1h,BOS→FVG+大周期,多,5笔1:1:2:2:4(2..8) 止盈5% 补满再亏5%止损 拿18根,1.36,1.53,1.1,8178,2322,8257,1.03,0.9,0.98,
1h,BOS→FVG+大周期,多,5笔1:1:2:2:4(2..8) 止盈5% 补满再亏5%止损 拿48根,1.2,1.08,1.01,7740,2190,7958,1.01,0.86,0.95,
1h,BOS→FVG+大周期,多,5笔1:1:2:2:4(2..8) 止盈8% 补满再亏10%止损 拿18根,1.47,1.47,1.05,8060,2285,8139,1.01,0.87,0.98,
1h,BOS→FVG+大周期,多,5笔1:1:2:2:4(2..8) 止盈8% 补满再亏10%止损 拿48根,1.33,1.09,0.98,7290,2051,7556,1.04,0.84,0.96,
1h,BOS→FVG+大周期,多,5笔1:1:2:2:4(2..8) 止盈8% 补满再亏5%止损 拿18根,1.45,1.52,1.1,8060,2285,8139,1.03,0.92,1.0,
1h,BOS→FVG+大周期,多,5笔1:1:2:2:4(2..8) 止盈8% 补满再亏5%止损 拿48根,1.28,1.12,1.02,7290,2051,7557,1.03,0.88,0.98,
1h,BOS→FVG+大周期,多,5笔等(2..8) 止盈2% 补满再亏10%止损 拿18根,1.23,1.27,0.99,8443,2403,8459,0.88,0.8,0.85,
1h,BOS→FVG+大周期,多,5笔等(2..8) 止盈2% 补满再亏10%止损 拿48根,1.18,1.07,0.89,8372,2388,8409,0.92,0.72,0.83,
1h,BOS→FVG+大周期,多,5笔等(2..8) 止盈2% 补满再亏5%止损 拿18根,1.21,1.3,1.03,8443,2403,8459,0.9,0.83,0.86,
1h,BOS→FVG+大周期,多,5笔等(2..8) 止盈2% 补满再亏5%止损 拿48根,1.16,1.11,0.94,8372,2388,8410,0.92,0.78,0.86,
1h,BOS→FVG+大周期,多,5笔等(2..8) 止盈3% 补满再亏10%止损 拿18根,1.24,1.31,1.01,8344,2364,8394,0.92,0.82,0.9,
1h,BOS→FVG+大周期,多,5笔等(2..8) 止盈3% 补满再亏10%止损 拿48根,1.18,1.06,0.92,8167,2322,8263,0.94,0.77,0.88,
1h,BOS→FVG+大周期,多,5笔等(2..8) 止盈3% 补满再亏5%止损 拿18根,1.22,1.34,1.05,8344,2364,8394,0.93,0.85,0.91,
1h,BOS→FVG+大周期,多,5笔等(2..8) 止盈3% 补满再亏5%止损 拿48根,1.14,1.09,0.97,8167,2322,8264,0.93,0.81,0.9,
1h,BOS→FVG+大周期,多,5笔等(2..8) 止盈5% 补满再亏10%止损 拿18根,1.23,1.36,1.01,8178,2322,8256,0.95,0.84,0.92,
1h,BOS→FVG+大周期,多,5笔等(2..8) 止盈5% 补满再亏10%止损 拿48根,1.17,1.07,0.94,7728,2189,7944,0.97,0.81,0.9,
1h,BOS→FVG+大周期,多,5笔等(2..8) 止盈5% 补满再亏5%止损 拿18根,1.2,1.4,1.04,8178,2322,8256,0.97,0.86,0.92,
1h,BOS→FVG+大周期,多,5笔等(2..8) 止盈5% 补满再亏5%止损 拿48根,1.12,1.09,0.98,7728,2189,7945,0.95,0.84,0.91,
1h,BOS→FVG+大周期,多,5笔等(2..8) 止盈8% 补满再亏10%止损 拿18根,1.27,1.33,1.01,8056,2285,8137,0.96,0.86,0.95,
1h,BOS→FVG+大周期,多,5笔等(2..8) 止盈8% 补满再亏10%止损 拿48根,1.21,1.12,0.96,7279,2048,7543,0.99,0.84,0.95,
1h,BOS→FVG+大周期,多,5笔等(2..8) 止盈8% 补满再亏5%止损 拿18根,1.24,1.36,1.04,8056,2285,8137,0.97,0.88,0.95,
1h,BOS→FVG+大周期,多,5笔等(2..8) 止盈8% 补满再亏5%止损 拿48根,1.16,1.14,0.98,7280,2049,7545,0.97,0.86,0.96,
1h,BOS→FVG+大周期,多,6笔深(3..18) 止盈2% 补满再亏10%止损 拿18根,1.29,1.39,0.94,8436,2400,8455,0.95,0.84,0.83,
1h,BOS→FVG+大周期,多,6笔深(3..18) 止盈2% 补满再亏10%止损 拿48根,1.23,1.08,0.83,8358,2378,8393,1.0,0.77,0.8,
1h,BOS→FVG+大周期,多,6笔深(3..18) 止盈2% 补满再亏5%止损 拿18根,1.3,1.39,0.94,8436,2400,8455,0.93,0.8,0.84,
1h,BOS→FVG+大周期,多,6笔深(3..18) 止盈2% 补满再亏5%止损 拿48根,1.26,1.08,0.83,8358,2378,8393,1.0,0.73,0.8,
1h,BOS→FVG+大周期,多,6笔深(3..18) 止盈3% 补满再亏10%止损 拿18根,1.3,1.4,0.97,8336,2362,8384,1.0,0.89,0.88,
1h,BOS→FVG+大周期,多,6笔深(3..18) 止盈3% 补满再亏10%止损 拿48根,1.28,1.07,0.89,8147,2314,8237,1.01,0.82,0.84,
1h,BOS→FVG+大周期,多,6笔深(3..18) 止盈3% 补满再亏5%止损 拿18根,1.3,1.41,0.98,8336,2362,8384,0.97,0.85,0.89,
1h,BOS→FVG+大周期,多,6笔深(3..18) 止盈3% 补满再亏5%止损 拿48根,1.29,1.05,0.9,8147,2314,8237,1.0,0.78,0.84,
1h,BOS→FVG+大周期,多,6笔深(3..18) 止盈5% 补满再亏10%止损 拿18根,1.34,1.45,1.02,8169,2317,8245,1.03,0.93,0.92,
1h,BOS→FVG+大周期,多,6笔深(3..18) 止盈5% 补满再亏10%止损 拿48根,1.27,1.12,0.93,7695,2180,7913,1.05,0.9,0.9,
1h,BOS→FVG+大周期,多,6笔深(3..18) 止盈5% 补满再亏5%止损 拿18根,1.34,1.45,1.02,8169,2317,8245,1.01,0.88,0.93,
1h,BOS→FVG+大周期,多,6笔深(3..18) 止盈5% 补满再亏5%止损 拿48根,1.28,1.1,0.93,7695,2180,7913,1.04,0.84,0.89,
1h,BOS→FVG+大周期,多,6笔深(3..18) 止盈8% 补满再亏10%止损 拿18根,1.41,1.43,1.03,8055,2286,8135,1.04,0.95,0.95,
1h,BOS→FVG+大周期,多,6笔深(3..18) 止盈8% 补满再亏10%止损 拿48根,1.37,1.13,0.94,7257,2044,7532,1.08,0.96,0.95,
1h,BOS→FVG+大周期,多,6笔深(3..18) 止盈8% 补满再亏5%止损 拿18根,1.41,1.44,1.03,8055,2286,8135,1.02,0.91,0.96,
1h,BOS→FVG+大周期,多,6笔深(3..18) 止盈8% 补满再亏5%止损 拿48根,1.36,1.11,0.94,7257,2044,7532,1.07,0.88,0.95,
1h,BOS→FVG+大周期,多,原版（结构止损、盈亏比2）,0.88,1.04,0.95,7541,2125,7640,0.88,0.88,0.9,
1h,BOS→OB+大周期,空,3笔1:1:1(3/6) 止盈2% 补满再亏10%止损 拿18根,0.97,1.14,0.87,12998,4341,19001,0.96,0.93,0.92,
1h,BOS→OB+大周期,空,3笔1:1:1(3/6) 止盈2% 补满再亏10%止损 拿48根,1.01,1.13,0.94,12796,4290,18779,1.0,0.98,0.93,
1h,BOS→OB+大周期,空,3笔1:1:1(3/6) 止盈2% 补满再亏5%止损 拿18根,0.97,1.11,0.92,12998,4341,19001,0.98,0.95,0.94,
1h,BOS→OB+大周期,空,3笔1:1:1(3/6) 止盈2% 补满再亏5%止损 拿48根,1.05,1.11,0.98,12797,4291,18786,1.01,0.98,0.97,
1h,BOS→OB+大周期,空,3笔1:1:1(3/6) 止盈3% 补满再亏10%止损 拿18根,1.0,1.16,0.91,12859,4266,18802,0.98,0.95,0.96,
1h,BOS→OB+大周期,空,3笔1:1:1(3/6) 止盈3% 补满再亏10%止损 拿48根,1.02,1.22,0.99,12418,4144,18293,1.01,1.0,0.98,
1h,BOS→OB+大周期,空,3笔1:1:1(3/6) 止盈3% 补满再亏5%止损 拿18根,1.0,1.13,0.95,12859,4266,18802,1.0,0.98,0.98,
1h,BOS→OB+大周期,空,3笔1:1:1(3/6) 止盈3% 补满再亏5%止损 拿48根,1.07,1.2,1.02,12422,4145,18304,1.04,1.0,1.01,
1h,BOS→OB+大周期,空,3笔1:1:1(3/6) 止盈5% 补满再亏10%止损 拿18根,0.98,1.16,0.92,12598,4153,18344,0.98,0.95,0.98,
1h,BOS→OB+大周期,空,3笔1:1:1(3/6) 止盈5% 补满再亏10%止损 拿48根,1.02,1.15,1.0,11621,3839,17087,1.01,1.01,1.0,
1h,BOS→OB+大周期,空,3笔1:1:1(3/6) 止盈5% 补满再亏5%止损 拿18根,0.98,1.13,0.96,12598,4153,18344,1.0,0.98,1.01,
1h,BOS→OB+大周期,空,3笔1:1:1(3/6) 止盈5% 补满再亏5%止损 拿48根,1.06,1.15,1.04,11627,3840,17101,1.04,1.01,1.04,
1h,BOS→OB+大周期,空,3笔1:1:1(3/6) 止盈8% 补满再亏10%止损 拿18根,0.96,1.14,0.91,12371,4083,17963,0.95,0.96,1.0,
1h,BOS→OB+大周期,空,3笔1:1:1(3/6) 止盈8% 补满再亏10%止损 拿48根,1.0,1.17,1.0,10825,3523,15714,0.99,1.01,1.0,
1h,BOS→OB+大周期,空,3笔1:1:1(3/6) 止盈8% 补满再亏5%止损 拿18根,0.96,1.11,0.95,12371,4083,17963,0.97,0.98,1.02,
1h,BOS→OB+大周期,空,3笔1:1:1(3/6) 止盈8% 补满再亏5%止损 拿48根,1.03,1.15,1.03,10835,3524,15736,1.02,1.01,1.04,
1h,BOS→OB+大周期,空,3笔1:1:2(3/6) 止盈2% 补满再亏10%止损 拿18根,0.97,1.15,0.87,12999,4342,19001,0.97,0.93,0.93,
1h,BOS→OB+大周期,空,3笔1:1:2(3/6) 止盈2% 补满再亏10%止损 拿48根,0.99,1.11,0.94,12797,4294,18791,1.0,1.0,0.94,
1h,BOS→OB+大周期,空,3笔1:1:2(3/6) 止盈2% 补满再亏5%止损 拿18根,0.97,1.12,0.93,12999,4342,19001,1.0,0.96,0.96,
1h,BOS→OB+大周期,空,3笔1:1:2(3/6) 止盈2% 补满再亏5%止损 拿48根,1.04,1.11,1.0,12798,4295,18796,1.02,1.0,0.99,
1h,BOS→OB+大周期,空,3笔1:1:2(3/6) 止盈3% 补满再亏10%止损 拿18根,0.99,1.19,0.92,12859,4266,18802,0.99,0.96,0.97,
1h,BOS→OB+大周期,空,3笔1:1:2(3/6) 止盈3% 补满再亏10%止损 拿48根,0.99,1.22,1.01,12423,4146,18298,1.02,1.02,0.99,
1h,BOS→OB+大周期,空,3笔1:1:2(3/6) 止盈3% 补满再亏5%止损 拿18根,1.0,1.14,0.97,12859,4266,18802,1.02,0.98,1.01,
1h,BOS→OB+大周期,空,3笔1:1:2(3/6) 止盈3% 补满再亏5%止损 拿48根,1.04,1.2,1.04,12425,4147,18306,1.05,1.01,1.04,
1h,BOS→OB+大周期,空,3笔1:1:2(3/6) 止盈5% 补满再亏10%止损 拿18根,0.98,1.18,0.93,12598,4153,18344,0.98,0.96,0.99,
1h,BOS→OB+大周期,空,3笔1:1:2(3/6) 止盈5% 补满再亏10%止损 拿48根,1.0,1.16,1.01,11629,3840,17096,1.01,1.01,1.01,
1h,BOS→OB+大周期,空,3笔1:1:2(3/6) 止盈5% 补满再亏5%止损 拿18根,0.99,1.15,0.98,12598,4153,18344,1.01,0.99,1.03,
1h,BOS→OB+大周期,空,3笔1:1:2(3/6) 止盈5% 补满再亏5%止损 拿48根,1.05,1.15,1.05,11635,3841,17109,1.05,1.02,1.06,
1h,BOS→OB+大周期,空,3笔1:1:2(3/6) 止盈8% 补满再亏10%止损 拿18根,0.96,1.15,0.92,12371,4085,17965,0.96,0.97,1.01,
1h,BOS→OB+大周期,空,3笔1:1:2(3/6) 止盈8% 补满再亏10%止损 拿48根,0.99,1.18,1.02,10832,3526,15724,0.99,1.02,1.01,
1h,BOS→OB+大周期,空,3笔1:1:2(3/6) 止盈8% 补满再亏5%止损 拿18根,0.97,1.12,0.97,12371,4085,17965,0.99,0.99,1.05,
1h,BOS→OB+大周期,空,3笔1:1:2(3/6) 止盈8% 补满再亏5%止损 拿48根,1.02,1.17,1.05,10842,3527,15746,1.02,1.02,1.06,
1h,BOS→OB+大周期,空,5笔1:1:2:2:4(2..8) 止盈2% 补满再亏10%止损 拿18根,1.0,1.2,0.86,13003,4348,19009,0.98,0.95,0.95,
1h,BOS→OB+大周期,空,5笔1:1:2:2:4(2..8) 止盈2% 补满再亏10%止损 拿48根,0.98,1.08,0.95,12826,4306,18842,0.99,1.04,0.97,
1h,BOS→OB+大周期,空,5笔1:1:2:2:4(2..8) 止盈2% 补满再亏5%止损 拿18根,0.99,1.25,0.92,13003,4348,19009,1.03,0.94,1.0,
1h,BOS→OB+大周期,空,5笔1:1:2:2:4(2..8) 止盈2% 补满再亏5%止损 拿48根,1.03,1.12,1.03,12827,4306,18843,1.03,0.98,1.01,
1h,BOS→OB+大周期,空,5笔1:1:2:2:4(2..8) 止盈3% 补满再亏10%止损 拿18根,1.04,1.3,0.91,12868,4272,18825,1.01,1.01,1.0,
1h,BOS→OB+大周期,空,5笔1:1:2:2:4(2..8) 止盈3% 补满再亏10%止损 拿48根,0.98,1.21,1.0,12465,4169,18415,1.01,1.09,1.02,
1h,BOS→OB+大周期,空,5笔1:1:2:2:4(2..8) 止盈3% 补满再亏5%止损 拿18根,1.03,1.3,0.97,12868,4272,18825,1.05,1.0,1.04,
1h,BOS→OB+大周期,空,5笔1:1:2:2:4(2..8) 止盈3% 补满再亏5%止损 拿48根,1.04,1.2,1.06,12466,4169,18417,1.05,1.04,1.07,
1h,BOS→OB+大周期,空,5笔1:1:2:2:4(2..8) 止盈5% 补满再亏10%止损 拿18根,1.01,1.26,0.96,12605,4156,18364,1.01,1.02,1.02,
1h,BOS→OB+大周期,空,5笔1:1:2:2:4(2..8) 止盈5% 补满再亏10%止损 拿48根,0.97,1.18,1.04,11679,3862,17205,1.05,1.05,1.04,
1h,BOS→OB+大周期,空,5笔1:1:2:2:4(2..8) 止盈5% 补满再亏5%止损 拿18根,0.99,1.27,1.0,12605,4156,18364,1.05,1.02,1.08,
1h,BOS→OB+大周期,空,5笔1:1:2:2:4(2..8) 止盈5% 补满再亏5%止损 拿48根,1.03,1.18,1.08,11683,3862,17210,1.07,1.02,1.09,
1h,BOS→OB+大周期,空,5笔1:1:2:2:4(2..8) 止盈8% 补满再亏10%止损 拿18根,0.99,1.2,0.95,12375,4087,17975,0.98,1.02,1.05,
1h,BOS→OB+大周期,空,5笔1:1:2:2:4(2..8) 止盈8% 补满再亏10%止损 拿48根,0.98,1.22,1.04,10878,3541,15781,1.01,1.07,1.04,
1h,BOS→OB+大周期,空,5笔1:1:2:2:4(2..8) 止盈8% 补满再亏5%止损 拿18根,0.96,1.2,1.0,12375,4087,17975,1.02,1.02,1.1,
1h,BOS→OB+大周期,空,5笔1:1:2:2:4(2..8) 止盈8% 补满再亏5%止损 拿48根,1.01,1.24,1.1,10881,3541,15789,1.04,1.03,1.09,
1h,BOS→OB+大周期,空,5笔等(2..8) 止盈2% 补满再亏10%止损 拿18根,0.99,1.17,0.87,13003,4347,19008,0.96,0.93,0.92,
1h,BOS→OB+大周期,空,5笔等(2..8) 止盈2% 补满再亏10%止损 拿48根,1.0,1.14,0.93,12822,4301,18824,1.0,1.0,0.94,
1h,BOS→OB+大周期,空,5笔等(2..8) 止盈2% 补满再亏5%止损 拿18根,0.97,1.18,0.9,13003,4347,19008,0.99,0.92,0.95,
1h,BOS→OB+大周期,空,5笔等(2..8) 止盈2% 补满再亏5%止损 拿48根,1.03,1.14,0.97,12823,4301,18825,1.01,0.96,0.98,
1h,BOS→OB+大周期,空,5笔等(2..8) 止盈3% 补满再亏10%止损 拿18根,1.02,1.19,0.9,12867,4272,18825,0.99,0.98,0.97,
1h,BOS→OB+大周期,空,5笔等(2..8) 止盈3% 补满再亏10%止损 拿48根,1.01,1.23,0.98,12457,4165,18386,1.02,1.03,0.99,
1h,BOS→OB+大周期,空,5笔等(2..8) 止盈3% 补满再亏5%止损 拿18根,1.0,1.18,0.94,12867,4272,18825,1.01,0.97,0.99,
1h,BOS→OB+大周期,空,5笔等(2..8) 止盈3% 补满再亏5%止损 拿48根,1.05,1.21,1.02,12458,4165,18389,1.03,1.0,1.02,
1h,BOS→OB+大周期,空,5笔等(2..8) 止盈5% 补满再亏10%止损 拿18根,0.99,1.15,0.93,12605,4156,18361,0.99,0.97,0.99,
1h,BOS→OB+大周期,空,5笔等(2..8) 止盈5% 补满再亏10%止损 拿48根,1.0,1.15,1.01,11668,3861,17174,1.03,1.01,1.02,
1h,BOS→OB+大周期,空,5笔等(2..8) 止盈5% 补满再亏5%止损 拿18根,0.98,1.15,0.96,12605,4156,18361,1.01,0.97,1.02,
1h,BOS→OB+大周期,空,5笔等(2..8) 止盈5% 补满再亏5%止损 拿48根,1.05,1.15,1.04,11673,3861,17180,1.04,1.0,1.04,
1h,BOS→OB+大周期,空,5笔等(2..8) 止盈8% 补满再亏10%止损 拿18根,0.96,1.14,0.91,12373,4085,17969,0.96,0.97,1.01,
1h,BOS→OB+大周期,空,5笔等(2..8) 止盈8% 补满再亏10%止损 拿48根,0.99,1.18,1.01,10858,3534,15758,1.0,1.03,1.01,
1h,BOS→OB+大周期,空,5笔等(2..8) 止盈8% 补满再亏5%止损 拿18根,0.94,1.13,0.95,12373,4085,17969,0.98,0.98,1.03,
1h,BOS→OB+大周期,空,5笔等(2..8) 止盈8% 补满再亏5%止损 拿48根,1.01,1.19,1.04,10862,3534,15769,1.02,1.0,1.04,
1h,BOS→OB+大周期,空,6笔深(3..18) 止盈2% 补满再亏10%止损 拿18根,1.04,1.15,0.94,12999,4341,19001,1.02,0.95,0.95,
1h,BOS→OB+大周期,空,6笔深(3..18) 止盈2% 补满再亏10%止损 拿48根,0.96,1.14,0.98,12798,4290,18787,1.11,1.13,1.01,
1h,BOS→OB+大周期,空,6笔深(3..18) 止盈2% 补满再亏5%止损 拿18根,1.04,1.13,0.93,12999,4341,19001,1.03,0.96,0.99,
1h,BOS→OB+大周期,空,6笔深(3..18) 止盈2% 补满再亏5%止损 拿48根,0.99,1.16,0.98,12798,4290,18787,1.11,1.11,1.04,
1h,BOS→OB+大周期,空,6笔深(3..18) 止盈3% 补满再亏10%止损 拿18根,1.08,1.24,1.0,12860,4266,18802,1.03,0.96,1.01,
1h,BOS→OB+大周期,空,6笔深(3..18) 止盈3% 补满再亏10%止损 拿48根,1.01,1.32,1.05,12424,4145,18305,1.1,1.12,1.08,
1h,BOS→OB+大周期,空,6笔深(3..18) 止盈3% 补满再亏5%止损 拿18根,1.09,1.23,0.99,12860,4266,18802,1.05,0.97,1.03,
1h,BOS→OB+大周期,空,6笔深(3..18) 止盈3% 补满再亏5%止损 拿48根,1.03,1.31,1.06,12424,4145,18305,1.12,1.1,1.09,
1h,BOS→OB+大周期,空,6笔深(3..18) 止盈5% 补满再亏10%止损 拿18根,1.07,1.28,1.03,12598,4153,18344,1.04,1.0,1.04,
1h,BOS→OB+大周期,空,6笔深(3..18) 止盈5% 补满再亏10%止损 拿48根,1.02,1.27,1.06,11624,3840,17096,1.13,1.11,1.11,
1h,BOS→OB+大周期,空,6笔深(3..18) 止盈5% 补满再亏5%止损 拿18根,1.06,1.26,1.02,12598,4153,18344,1.06,1.01,1.06,
1h,BOS→OB+大周期,空,6笔深(3..18) 止盈5% 补满再亏5%止损 拿48根,1.02,1.26,1.07,11624,3840,17097,1.14,1.1,1.11,
1h,BOS→OB+大周期,空,6笔深(3..18) 止盈8% 补满再亏10%止损 拿18根,1.07,1.24,1.0,12371,4083,17963,1.01,1.02,1.05,
1h,BOS→OB+大周期,空,6笔深(3..18) 止盈8% 补满再亏10%止损 拿48根,1.04,1.33,1.05,10834,3523,15725,1.09,1.12,1.12,
1h,BOS→OB+大周期,空,6笔深(3..18) 止盈8% 补满再亏5%止损 拿18根,1.06,1.22,1.0,12371,4083,17963,1.03,1.03,1.09,
1h,BOS→OB+大周期,空,6笔深(3..18) 止盈8% 补满再亏5%止损 拿48根,1.03,1.27,1.08,10834,3523,15726,1.09,1.11,1.12,
1h,BOS→OB+大周期,空,原版（结构止损、盈亏比2）,0.95,1.04,0.94,11784,3888,16986,0.95,1.02,1.0,
1h,BOS→OB+大周期,多,3笔1:1:1(3/6) 止盈2% 补满再亏10%止损 拿18根,1.11,1.2,1.01,13694,3745,13125,0.87,0.79,0.84,
1h,BOS→OB+大周期,多,3笔1:1:1(3/6) 止盈2% 补满再亏10%止损 拿48根,1.09,0.99,0.95,13492,3696,13000,0.9,0.74,0.83,
1h,BOS→OB+大周期,多,3笔1:1:1(3/6) 止盈2% 补满再亏5%止损 拿18根,1.07,1.23,1.02,13694,3745,13125,0.89,0.83,0.85,
1h,BOS→OB+大周期,多,3笔1:1:1(3/6) 止盈2% 补满再亏5%止损 拿48根,1.05,1.05,1.0,13494,3697,13005,0.89,0.79,0.85,
1h,BOS→OB+大周期,多,3笔1:1:1(3/6) 止盈3% 补满再亏10%止损 拿18根,1.15,1.21,1.05,13440,3675,12973,0.9,0.83,0.88,
1h,BOS→OB+大周期,多,3笔1:1:1(3/6) 止盈3% 补满再亏10%止损 拿48根,1.12,1.02,0.97,12984,3567,12670,0.91,0.79,0.87,
1h,BOS→OB+大周期,多,3笔1:1:1(3/6) 止盈3% 补满再亏5%止损 拿18根,1.11,1.25,1.07,13440,3675,12973,0.92,0.86,0.88,
1h,BOS→OB+大周期,多,3笔1:1:1(3/6) 止盈3% 补满再亏5%止损 拿48根,1.08,1.07,1.01,12989,3568,12675,0.91,0.84,0.88,
1h,BOS→OB+大周期,多,3笔1:1:1(3/6) 止盈5% 补满再亏10%止损 拿18根,1.15,1.3,1.07,13063,3558,12674,0.93,0.84,0.91,
1h,BOS→OB+大周期,多,3笔1:1:1(3/6) 止盈5% 补满再亏10%止损 拿48根,1.13,1.09,0.98,12026,3271,11956,0.94,0.81,0.9,
1h,BOS→OB+大周期,多,3笔1:1:1(3/6) 止盈5% 补满再亏5%止损 拿18根,1.1,1.34,1.08,13063,3558,12674,0.95,0.88,0.91,
1h,BOS→OB+大周期,多,3笔1:1:1(3/6) 止盈5% 补满再亏5%止损 拿48根,1.1,1.13,1.01,12032,3272,11963,0.93,0.86,0.91,
1h,BOS→OB+大周期,多,3笔1:1:1(3/6) 止盈8% 补满再亏10%止损 拿18根,1.18,1.27,1.08,12814,3499,12472,0.94,0.86,0.93,
1h,BOS→OB+大周期,多,3笔1:1:1(3/6) 止盈8% 补满再亏10%止损 拿48根,1.15,1.14,1.02,11120,3029,11221,0.96,0.83,0.94,
1h,BOS→OB+大周期,多,3笔1:1:1(3/6) 止盈8% 补满再亏5%止损 拿18根,1.12,1.31,1.09,12814,3499,12472,0.95,0.9,0.93,
1h,BOS→OB+大周期,多,3笔1:1:1(3/6) 止盈8% 补满再亏5%止损 拿48根,1.1,1.17,1.04,11128,3030,11230,0.95,0.87,0.94,
1h,BOS→OB+大周期,多,3笔1:1:2(3/6) 止盈2% 补满再亏10%止损 拿18根,1.15,1.21,1.04,13694,3745,13125,0.89,0.8,0.85,
1h,BOS→OB+大周期,多,3笔1:1:2(3/6) 止盈2% 补满再亏10%止损 拿48根,1.13,0.99,0.96,13497,3696,13003,0.93,0.74,0.84,
1h,BOS→OB+大周期,多,3笔1:1:2(3/6) 止盈2% 补满再亏5%止损 拿18根,1.11,1.25,1.06,13694,3745,13125,0.91,0.86,0.87,
1h,BOS→OB+大周期,多,3笔1:1:2(3/6) 止盈2% 补满再亏5%止损 拿48根,1.09,1.06,1.01,13498,3697,13008,0.92,0.81,0.87,
1h,BOS→OB+大周期,多,3笔1:1:2(3/6) 止盈3% 补满再亏10%止损 拿18根,1.2,1.23,1.06,13440,3675,12973,0.92,0.84,0.9,
1h,BOS→OB+大周期,多,3笔1:1:2(3/6) 止盈3% 补满再亏10%止损 拿48根,1.14,1.0,0.96,12988,3567,12673,0.93,0.78,0.88,
1h,BOS→OB+大周期,多,3笔1:1:2(3/6) 止盈3% 补满再亏5%止损 拿18根,1.15,1.28,1.09,13440,3675,12973,0.95,0.88,0.91,
1h,BOS→OB+大周期,多,3笔1:1:2(3/6) 止盈3% 补满再亏5%止损 拿48根,1.1,1.07,1.02,12992,3568,12678,0.93,0.85,0.9,
1h,BOS→OB+大周期,多,3笔1:1:2(3/6) 止盈5% 补满再亏10%止损 拿18根,1.22,1.34,1.09,13063,3558,12674,0.95,0.85,0.93,
1h,BOS→OB+大周期,多,3笔1:1:2(3/6) 止盈5% 补满再亏10%止损 拿48根,1.18,1.08,0.99,12036,3273,11958,0.96,0.81,0.91,
1h,BOS→OB+大周期,多,3笔1:1:2(3/6) 止盈5% 补满再亏5%止损 拿18根,1.16,1.39,1.11,13063,3558,12674,0.97,0.9,0.94,✔
1h,BOS→OB+大周期,多,3笔1:1:2(3/6) 止盈5% 补满再亏5%止损 拿48根,1.14,1.12,1.04,12042,3274,11965,0.95,0.88,0.93,
1h,BOS→OB+大周期,多,3笔1:1:2(3/6) 止盈8% 补满再亏10%止损 拿18根,1.25,1.31,1.1,12814,3499,12472,0.96,0.86,0.95,
1h,BOS→OB+大周期,多,3笔1:1:2(3/6) 止盈8% 补满再亏10%止损 拿48根,1.2,1.14,1.02,11133,3029,11228,0.97,0.83,0.95,
1h,BOS→OB+大周期,多,3笔1:1:2(3/6) 止盈8% 补满再亏5%止损 拿18根,1.19,1.37,1.11,12814,3499,12472,0.98,0.92,0.96,✔
1h,BOS→OB+大周期,多,3笔1:1:2(3/6) 止盈8% 补满再亏5%止损 拿48根,1.14,1.19,1.06,11140,3030,11237,0.97,0.88,0.96,
1h,BOS→OB+大周期,多,5笔1:1:2:2:4(2..8) 止盈2% 补满再亏10%止损 拿18根,1.3,1.27,1.06,13707,3749,13131,0.92,0.81,0.88,
1h,BOS→OB+大周期,多,5笔1:1:2:2:4(2..8) 止盈2% 补满再亏10%止损 拿48根,1.19,0.91,0.94,13544,3708,13033,0.97,0.72,0.85,
1h,BOS→OB+大周期,多,5笔1:1:2:2:4(2..8) 止盈2% 补满再亏5%止损 拿18根,1.25,1.31,1.08,13707,3749,13131,0.94,0.86,0.9,
1h,BOS→OB+大周期,多,5笔1:1:2:2:4(2..8) 止盈2% 补满再亏5%止损 拿48根,1.17,1.01,0.96,13544,3708,13036,0.97,0.81,0.88,
1h,BOS→OB+大周期,多,5笔1:1:2:2:4(2..8) 止盈3% 补满再亏10%止损 拿18根,1.35,1.29,1.09,13466,3676,12981,0.96,0.85,0.92,
1h,BOS→OB+大周期,多,5笔1:1:2:2:4(2..8) 止盈3% 补满再亏10%止损 拿48根,1.22,0.97,0.97,13052,3578,12712,0.98,0.77,0.89,
1h,BOS→OB+大周期,多,5笔1:1:2:2:4(2..8) 止盈3% 补满再亏5%止损 拿18根,1.29,1.32,1.11,13466,3676,12981,0.99,0.88,0.95,✔
1h,BOS→OB+大周期,多,5笔1:1:2:2:4(2..8) 止盈3% 补满再亏5%止损 拿48根,1.19,1.02,1.0,13053,3578,12716,0.98,0.83,0.93,
1h,BOS→OB+大周期,多,5笔1:1:2:2:4(2..8) 止盈5% 补满再亏10%止损 拿18根,1.42,1.42,1.12,13073,3562,12688,1.0,0.86,0.97,✔
1h,BOS→OB+大周期,多,5笔1:1:2:2:4(2..8) 止盈5% 补满再亏10%止损 拿48根,1.27,1.05,1.0,12100,3286,12037,1.02,0.81,0.92,
1h,BOS→OB+大周期,多,5笔1:1:2:2:4(2..8) 止盈5% 补满再亏5%止损 拿18根,1.35,1.46,1.14,13073,3562,12688,1.03,0.9,0.98,✔
1h,BOS→OB+大周期,多,5笔1:1:2:2:4(2..8) 止盈5% 补满再亏5%止损 拿48根,1.23,1.07,1.03,12101,3287,12040,1.01,0.86,0.95,
1h,BOS→OB+大周期,多,5笔1:1:2:2:4(2..8) 止盈8% 补满再亏10%止损 拿18根,1.51,1.37,1.13,12818,3501,12475,1.01,0.87,0.98,✔
1h,BOS→OB+大周期,多,5笔1:1:2:2:4(2..8) 止盈8% 补满再亏10%止损 拿48根,1.34,1.13,1.03,11195,3036,11269,1.04,0.84,0.96,
1h,BOS→OB+大周期,多,5笔1:1:2:2:4(2..8) 止盈8% 补满再亏5%止损 拿18根,1.43,1.43,1.15,12818,3501,12475,1.03,0.92,1.0,✔
1h,BOS→OB+大周期,多,5笔1:1:2:2:4(2..8) 止盈8% 补满再亏5%止损 拿48根,1.28,1.13,1.06,11195,3038,11273,1.03,0.88,0.98,
1h,BOS→OB+大周期,多,5笔等(2..8) 止盈2% 补满再亏10%止损 拿18根,1.18,1.22,1.02,13707,3749,13131,0.88,0.8,0.85,
1h,BOS→OB+大周期,多,5笔等(2..8) 止盈2% 补满再亏10%止损 拿48根,1.13,0.96,0.95,13533,3708,13026,0.92,0.72,0.83,
1h,BOS→OB+大周期,多,5笔等(2..8) 止盈2% 补满再亏5%止损 拿18根,1.14,1.23,1.02,13707,3749,13131,0.9,0.83,0.86,
1h,BOS→OB+大周期,多,5笔等(2..8) 止盈2% 补满再亏5%止损 拿48根,1.09,1.01,0.96,13534,3708,13029,0.92,0.78,0.86,
1h,BOS→OB+大周期,多,5笔等(2..8) 止盈3% 补满再亏10%止损 拿18根,1.22,1.22,1.06,13465,3676,12981,0.92,0.82,0.9,
1h,BOS→OB+大周期,多,5笔等(2..8) 止盈3% 补满再亏10%止损 拿48根,1.14,0.98,0.96,13043,3577,12704,0.94,0.77,0.88,
1h,BOS→OB+大周期,多,5笔等(2..8) 止盈3% 补满再亏5%止损 拿18根,1.18,1.24,1.07,13465,3676,12981,0.93,0.85,0.91,
1h,BOS→OB+大周期,多,5笔等(2..8) 止盈3% 补满再亏5%止损 拿48根,1.11,1.02,0.98,13044,3578,12708,0.93,0.81,0.9,
1h,BOS→OB+大周期,多,5笔等(2..8) 止盈5% 补满再亏10%止损 拿18根,1.23,1.32,1.08,13072,3561,12686,0.95,0.84,0.92,
1h,BOS→OB+大周期,多,5笔等(2..8) 止盈5% 补满再亏10%止损 拿48根,1.18,1.07,0.99,12082,3281,12017,0.97,0.81,0.9,
1h,BOS→OB+大周期,多,5笔等(2..8) 止盈5% 补满再亏5%止损 拿18根,1.18,1.33,1.08,13072,3561,12686,0.97,0.86,0.92,
1h,BOS→OB+大周期,多,5笔等(2..8) 止盈5% 补满再亏5%止损 拿48根,1.15,1.08,1.01,12083,3283,12021,0.95,0.84,0.91,
1h,BOS→OB+大周期,多,5笔等(2..8) 止盈8% 补满再亏10%止损 拿18根,1.27,1.3,1.09,12817,3501,12474,0.96,0.86,0.95,
1h,BOS→OB+大周期,多,5笔等(2..8) 止盈8% 补满再亏10%止损 拿48根,1.2,1.13,1.02,11164,3035,11247,0.99,0.84,0.95,
1h,BOS→OB+大周期,多,5笔等(2..8) 止盈8% 补满再亏5%止损 拿18根,1.22,1.33,1.1,12817,3501,12474,0.97,0.88,0.95,
1h,BOS→OB+大周期,多,5笔等(2..8) 止盈8% 补满再亏5%止损 拿48根,1.16,1.13,1.03,11164,3037,11251,0.97,0.86,0.96,
1h,BOS→OB+大周期,多,6笔深(3..18) 止盈2% 补满再亏10%止损 拿18根,1.3,1.24,1.05,13694,3745,13125,0.95,0.84,0.83,
1h,BOS→OB+大周期,多,6笔深(3..18) 止盈2% 补满再亏10%止损 拿48根,1.25,0.95,0.91,13495,3697,13003,1.0,0.77,0.8,
1h,BOS→OB+大周期,多,6笔深(3..18) 止盈2% 补满再亏5%止损 拿18根,1.28,1.27,1.02,13694,3745,13125,0.93,0.8,0.84,
1h,BOS→OB+大周期,多,6笔深(3..18) 止盈2% 补满再亏5%止损 拿48根,1.24,0.98,0.91,13495,3697,13003,1.0,0.73,0.8,
1h,BOS→OB+大周期,多,6笔深(3..18) 止盈3% 补满再亏10%止损 拿18根,1.37,1.27,1.11,13440,3675,12973,1.0,0.89,0.88,✔
1h,BOS→OB+大周期,多,6笔深(3..18) 止盈3% 补满再亏10%止损 拿48根,1.32,0.96,0.94,12992,3568,12670,1.01,0.82,0.84,
1h,BOS→OB+大周期,多,6笔深(3..18) 止盈3% 补满再亏5%止损 拿18根,1.33,1.28,1.07,13440,3675,12973,0.97,0.85,0.89,
1h,BOS→OB+大周期,多,6笔深(3..18) 止盈3% 补满再亏5%止损 拿48根,1.29,0.99,0.94,12992,3568,12670,1.0,0.78,0.84,
1h,BOS→OB+大周期,多,6笔深(3..18) 止盈5% 补满再亏10%止损 拿18根,1.47,1.34,1.15,13063,3558,12674,1.03,0.93,0.92,✔
1h,BOS→OB+大周期,多,6笔深(3..18) 止盈5% 补满再亏10%止损 拿48根,1.38,1.09,0.98,12030,3273,11956,1.05,0.9,0.9,
1h,BOS→OB+大周期,多,6笔深(3..18) 止盈5% 补满再亏5%止损 拿18根,1.41,1.36,1.11,13063,3558,12674,1.01,0.88,0.93,✔
1h,BOS→OB+大周期,多,6笔深(3..18) 止盈5% 补满再亏5%止损 拿48根,1.34,1.12,0.97,12030,3273,11956,1.04,0.84,0.89,
1h,BOS→OB+大周期,多,6笔深(3..18) 止盈8% 补满再亏10%止损 拿18根,1.59,1.28,1.19,12814,3499,12473,1.04,0.95,0.95,✔
1h,BOS→OB+大周期,多,6笔深(3..18) 止盈8% 补满再亏10%止损 拿48根,1.49,1.17,1.04,11127,3029,11226,1.08,0.96,0.95,
1h,BOS→OB+大周期,多,6笔深(3..18) 止盈8% 补满再亏5%止损 拿18根,1.53,1.31,1.14,12814,3499,12473,1.02,0.91,0.96,✔
1h,BOS→OB+大周期,多,6笔深(3..18) 止盈8% 补满再亏5%止损 拿48根,1.43,1.21,1.03,11127,3029,11226,1.07,0.88,0.95,
1h,BOS→OB+大周期,多,原版（结构止损、盈亏比2）,0.89,1.04,1.0,12205,3349,11776,0.88,0.88,0.9,
4h,BOS→FVG,空,3笔1:1:1(3/6) 止盈2% 补满再亏10%止损 拿18根,0.91,1.21,0.87,3133,954,4036,0.92,0.95,0.81,
4h,BOS→FVG,空,3笔1:1:1(3/6) 止盈2% 补满再亏10%止损 拿48根,0.94,1.16,0.91,3131,954,4035,0.94,0.89,0.83,
4h,BOS→FVG,空,3笔1:1:1(3/6) 止盈2% 补满再亏5%止损 拿18根,0.92,1.22,0.96,3133,954,4036,0.91,0.94,0.85,
4h,BOS→FVG,空,3笔1:1:1(3/6) 止盈2% 补满再亏5%止损 拿48根,0.97,1.2,0.96,3131,954,4035,0.94,0.9,0.87,
4h,BOS→FVG,空,3笔1:1:1(3/6) 止盈3% 补满再亏10%止损 拿18根,0.93,1.34,0.96,3123,954,4032,0.99,1.01,0.92,
4h,BOS→FVG,空,3笔1:1:1(3/6) 止盈3% 补满再亏10%止损 拿48根,0.96,1.28,0.97,3117,954,4027,0.99,1.0,0.94,
4h,BOS→FVG,空,3笔1:1:1(3/6) 止盈3% 补满再亏5%止损 拿18根,0.93,1.34,1.06,3123,954,4032,0.99,1.02,0.95,
4h,BOS→FVG,空,3笔1:1:1(3/6) 止盈3% 补满再亏5%止损 拿48根,0.98,1.26,1.03,3117,954,4027,1.0,1.0,0.97,
4h,BOS→FVG,空,3笔1:1:1(3/6) 止盈5% 补满再亏10%止损 拿18根,0.96,1.47,1.07,3097,943,4012,1.03,1.02,1.0,
4h,BOS→FVG,空,3笔1:1:1(3/6) 止盈5% 补满再亏10%止损 拿48根,0.95,1.45,1.06,3063,937,3976,1.03,1.04,1.03,
4h,BOS→FVG,空,3笔1:1:1(3/6) 止盈5% 补满再亏5%止损 拿18根,0.94,1.51,1.16,3097,943,4012,1.03,1.03,1.04,
4h,BOS→FVG,空,3笔1:1:1(3/6) 止盈5% 补满再亏5%止损 拿48根,0.96,1.41,1.12,3063,937,3978,1.06,1.02,1.06,
4h,BOS→FVG,空,3笔1:1:1(3/6) 止盈8% 补满再亏10%止损 拿18根,0.94,1.54,1.11,3055,924,3960,1.03,1.05,1.04,
4h,BOS→FVG,空,3笔1:1:1(3/6) 止盈8% 补满再亏10%止损 拿48根,0.96,1.55,1.12,2958,901,3870,1.08,1.09,1.08,
4h,BOS→FVG,空,3笔1:1:1(3/6) 止盈8% 补满再亏5%止损 拿18根,0.92,1.59,1.2,3055,924,3960,1.05,1.07,1.09,
4h,BOS→FVG,空,3笔1:1:1(3/6) 止盈8% 补满再亏5%止损 拿48根,0.93,1.45,1.16,2959,901,3875,1.1,1.06,1.1,
4h,BOS→FVG,空,3笔1:1:2(3/6) 止盈2% 补满再亏10%止损 拿18根,0.97,1.19,0.88,3133,954,4036,0.93,0.95,0.84,
4h,BOS→FVG,空,3笔1:1:2(3/6) 止盈2% 补满再亏10%止损 拿48根,0.98,1.14,0.93,3131,954,4035,0.95,0.9,0.85,
4h,BOS→FVG,空,3笔1:1:2(3/6) 止盈2% 补满再亏5%止损 拿18根,0.96,1.23,0.99,3133,954,4036,0.95,0.96,0.9,
4h,BOS→FVG,空,3笔1:1:2(3/6) 止盈2% 补满再亏5%止损 拿48根,0.99,1.2,0.99,3131,954,4035,0.98,0.91,0.91,
4h,BOS→FVG,空,3笔1:1:2(3/6) 止盈3% 补满再亏10%止损 拿18根,0.98,1.34,0.96,3123,954,4032,1.01,1.03,0.96,
4h,BOS→FVG,空,3笔1:1:2(3/6) 止盈3% 补满再亏10%止损 拿48根,1.0,1.32,0.98,3117,954,4027,1.0,0.99,0.98,
4h,BOS→FVG,空,3笔1:1:2(3/6) 止盈3% 补满再亏5%止损 拿18根,0.98,1.34,1.08,3123,954,4032,1.01,1.04,1.02,
4h,BOS→FVG,空,3笔1:1:2(3/6) 止盈3% 补满再亏5%止损 拿48根,1.03,1.33,1.06,3117,954,4027,1.02,0.99,1.03,
4h,BOS→FVG,空,3笔1:1:2(3/6) 止盈5% 补满再亏10%止损 拿18根,0.99,1.43,1.07,3097,943,4012,1.04,1.02,1.02,
4h,BOS→FVG,空,3笔1:1:2(3/6) 止盈5% 补满再亏10%止损 拿48根,0.98,1.43,1.07,3063,938,3978,1.02,1.02,1.05,
4h,BOS→FVG,空,3笔1:1:2(3/6) 止盈5% 补满再亏5%止损 拿18根,0.98,1.51,1.19,3097,943,4012,1.06,1.04,1.08,
4h,BOS→FVG,空,3笔1:1:2(3/6) 止盈5% 补满再亏5%止损 拿48根,0.99,1.42,1.14,3063,938,3980,1.08,1.01,1.1,
4h,BOS→FVG,空,3笔1:1:2(3/6) 止盈8% 补满再亏10%止损 拿18根,0.99,1.52,1.13,3055,924,3960,1.04,1.07,1.06,
4h,BOS→FVG,空,3笔1:1:2(3/6) 止盈8% 补满再亏10%止损 拿48根,0.98,1.54,1.13,2961,901,3873,1.07,1.09,1.1,
4h,BOS→FVG,空,3笔1:1:2(3/6) 止盈8% 补满再亏5%止损 拿18根,0.97,1.61,1.25,3055,924,3960,1.07,1.09,1.13,
4h,BOS→FVG,空,3笔1:1:2(3/6) 止盈8% 补满再亏5%止损 拿48根,0.97,1.46,1.19,2961,901,3878,1.11,1.08,1.14,
4h,BOS→FVG,空,5笔1:1:2:2:4(2..8) 止盈2% 补满再亏10%止损 拿18根,1.09,1.08,0.88,3133,954,4036,0.92,1.0,0.89,
4h,BOS→FVG,空,5笔1:1:2:2:4(2..8) 止盈2% 补满再亏10%止损 拿48根,1.07,1.18,0.92,3133,954,4035,0.93,0.96,0.9,
4h,BOS→FVG,空,5笔1:1:2:2:4(2..8) 止盈2% 补满再亏5%止损 拿18根,1.1,1.28,1.02,3133,954,4036,0.94,1.01,0.97,
4h,BOS→FVG,空,5笔1:1:2:2:4(2..8) 止盈2% 补满再亏5%止损 拿48根,1.1,1.3,1.02,3133,954,4035,0.97,0.95,0.98,
4h,BOS→FVG,空,5笔1:1:2:2:4(2..8) 止盈3% 补满再亏10%止损 拿18根,1.09,1.3,1.0,3126,954,4034,1.02,1.06,0.98,
4h,BOS→FVG,空,5笔1:1:2:2:4(2..8) 止盈3% 补满再亏10%止损 拿48根,1.07,1.24,1.04,3123,953,4030,1.02,0.99,0.99,
4h,BOS→FVG,空,5笔1:1:2:2:4(2..8) 止盈3% 补满再亏5%止损 拿18根,1.11,1.41,1.13,3126,954,4034,1.04,1.09,1.08,
4h,BOS→FVG,空,5笔1:1:2:2:4(2..8) 止盈3% 补满再亏5%止损 拿48根,1.11,1.24,1.1,3123,953,4030,1.04,1.0,1.11,
4h,BOS→FVG,空,5笔1:1:2:2:4(2..8) 止盈5% 补满再亏10%止损 拿18根,1.09,1.4,1.1,3103,945,4013,1.05,1.05,1.07,
4h,BOS→FVG,空,5笔1:1:2:2:4(2..8) 止盈5% 补满再亏10%止损 拿48根,1.05,1.48,1.11,3076,941,3990,1.05,1.05,1.08,
4h,BOS→FVG,空,5笔1:1:2:2:4(2..8) 止盈5% 补满再亏5%止损 拿18根,1.08,1.51,1.23,3103,945,4013,1.09,1.09,1.16,
4h,BOS→FVG,空,5笔1:1:2:2:4(2..8) 止盈5% 补满再亏5%止损 拿48根,1.11,1.36,1.17,3076,941,3991,1.08,1.06,1.18,
4h,BOS→FVG,空,5笔1:1:2:2:4(2..8) 止盈8% 补满再亏10%止损 拿18根,1.1,1.49,1.21,3058,927,3963,1.07,1.11,1.1,
4h,BOS→FVG,空,5笔1:1:2:2:4(2..8) 止盈8% 补满再亏10%止损 拿48根,1.06,1.62,1.2,2971,905,3884,1.07,1.12,1.12,
4h,BOS→FVG,空,5笔1:1:2:2:4(2..8) 止盈8% 补满再亏5%止损 拿18根,1.09,1.62,1.32,3058,927,3963,1.1,1.16,1.18,
4h,BOS→FVG,空,5笔1:1:2:2:4(2..8) 止盈8% 补满再亏5%止损 拿48根,1.06,1.48,1.24,2972,905,3885,1.12,1.12,1.19,
4h,BOS→FVG,空,5笔等(2..8) 止盈2% 补满再亏10%止损 拿18根,1.06,1.24,0.89,3133,954,4036,0.9,0.93,0.83,
4h,BOS→FVG,空,5笔等(2..8) 止盈2% 补满再亏10%止损 拿48根,1.06,1.23,0.92,3133,954,4035,0.91,0.87,0.83,
4h,BOS→FVG,空,5笔等(2..8) 止盈2% 补满再亏5%止损 拿18根,1.04,1.33,0.97,3133,954,4036,0.9,0.96,0.89,
4h,BOS→FVG,空,5笔等(2..8) 止盈2% 补满再亏5%止损 拿48根,1.08,1.27,0.97,3133,954,4035,0.92,0.91,0.91,
4h,BOS→FVG,空,5笔等(2..8) 止盈3% 补满再亏10%止损 拿18根,0.95,1.35,0.99,3126,954,4034,0.98,1.02,0.93,
4h,BOS→FVG,空,5笔等(2..8) 止盈3% 补满再亏10%止损 拿48根,0.97,1.33,1.02,3123,953,4030,0.99,0.97,0.94,
4h,BOS→FVG,空,5笔等(2..8) 止盈3% 补满再亏5%止损 拿18根,0.95,1.42,1.07,3126,954,4034,0.99,1.04,0.99,
4h,BOS→FVG,空,5笔等(2..8) 止盈3% 补满再亏5%止损 拿48根,1.02,1.27,1.05,3123,953,4030,0.99,0.97,1.02,
4h,BOS→FVG,空,5笔等(2..8) 止盈5% 补满再亏10%止损 拿18根,1.02,1.45,1.1,3103,945,4012,1.02,1.0,1.01,
4h,BOS→FVG,空,5笔等(2..8) 止盈5% 补满再亏10%止损 拿48根,1.0,1.52,1.11,3072,941,3982,1.03,1.04,1.03,
4h,BOS→FVG,空,5笔等(2..8) 止盈5% 补满再亏5%止损 拿18根,1.0,1.54,1.18,3103,945,4012,1.04,1.03,1.06,
4h,BOS→FVG,空,5笔等(2..8) 止盈5% 补满再亏5%止损 拿48根,1.04,1.42,1.13,3072,941,3983,1.05,1.02,1.09,
4h,BOS→FVG,空,5笔等(2..8) 止盈8% 补满再亏10%止损 拿18根,1.0,1.52,1.14,3057,927,3962,1.05,1.06,1.06,
4h,BOS→FVG,空,5笔等(2..8) 止盈8% 补满再亏10%止损 拿48根,1.0,1.63,1.13,2964,904,3877,1.08,1.1,1.08,
4h,BOS→FVG,空,5笔等(2..8) 止盈8% 补满再亏5%止损 拿18根,0.98,1.61,1.21,3057,927,3962,1.06,1.1,1.1,
4h,BOS→FVG,空,5笔等(2..8) 止盈8% 补满再亏5%止损 拿48根,0.98,1.49,1.15,2965,904,3878,1.1,1.07,1.12,
4h,BOS→FVG,空,6笔深(3..18) 止盈2% 补满再亏10%止损 拿18根,1.01,0.97,0.94,3133,954,4036,0.96,1.0,0.86,
4h,BOS→FVG,空,6笔深(3..18) 止盈2% 补满再亏10%止损 拿48根,1.0,0.92,0.95,3131,954,4035,0.96,1.0,0.9,
4h,BOS→FVG,空,6笔深(3..18) 止盈2% 补满再亏5%止损 拿18根,1.08,0.99,0.94,3133,954,4036,0.98,1.0,0.9,
4h,BOS→FVG,空,6笔深(3..18) 止盈2% 补满再亏5%止损 拿48根,1.14,0.98,1.02,3131,954,4035,1.01,1.0,0.93,
4h,BOS→FVG,空,6笔深(3..18) 止盈3% 补满再亏10%止损 拿18根,1.11,1.2,1.07,3123,954,4032,1.1,1.04,1.0,
4h,BOS→FVG,空,6笔深(3..18) 止盈3% 补满再亏10%止损 拿48根,1.16,1.17,1.06,3117,954,4027,1.07,1.08,1.01,
4h,BOS→FVG,空,6笔深(3..18) 止盈3% 补满再亏5%止损 拿18根,1.17,1.23,1.11,3123,954,4032,1.11,1.07,1.05,
4h,BOS→FVG,空,6笔深(3..18) 止盈3% 补满再亏5%止损 拿48根,1.29,1.24,1.14,3117,954,4027,1.12,1.08,1.06,
4h,BOS→FVG,空,6笔深(3..18) 止盈5% 补满再亏10%止损 拿18根,1.13,1.28,1.17,3097,943,4012,1.15,1.08,1.05,
4h,BOS→FVG,空,6笔深(3..18) 止盈5% 补满再亏10%止损 拿48根,1.1,1.36,1.2,3063,937,3977,1.17,1.12,1.07,
4h,BOS→FVG,空,6笔深(3..18) 止盈5% 补满再亏5%止损 拿18根,1.16,1.4,1.21,3097,943,4012,1.18,1.08,1.11,
4h,BOS→FVG,空,6笔深(3..18) 止盈5% 补满再亏5%止损 拿48根,1.17,1.38,1.25,3063,937,3977,1.2,1.11,1.13,
4h,BOS→FVG,空,6笔深(3..18) 止盈8% 补满再亏10%止损 拿18根,1.14,1.36,1.25,3055,924,3960,1.15,1.16,1.09,
4h,BOS→FVG,空,6笔深(3..18) 止盈8% 补满再亏10%止损 拿48根,1.18,1.41,1.29,2959,901,3872,1.21,1.25,1.13,
4h,BOS→FVG,空,6笔深(3..18) 止盈8% 补满再亏5%止损 拿18根,1.18,1.51,1.33,3055,924,3960,1.18,1.16,1.16,
4h,BOS→FVG,空,6笔深(3..18) 止盈8% 补满再亏5%止损 拿48根,1.19,1.48,1.33,2959,901,3872,1.23,1.26,1.19,
4h,BOS→FVG,空,原版（结构止损、盈亏比2）,0.84,1.22,1.05,2842,843,3620,1.02,1.07,1.01,
4h,BOS→FVG,多,3笔1:1:1(3/6) 止盈2% 补满再亏10%止损 拿18根,1.02,0.93,0.84,3196,817,2776,0.84,0.67,0.71,
4h,BOS→FVG,多,3笔1:1:1(3/6) 止盈2% 补满再亏10%止损 拿48根,1.01,0.84,0.85,3190,816,2775,0.81,0.69,0.71,
4h,BOS→FVG,多,3笔1:1:1(3/6) 止盈2% 补满再亏5%止损 拿18根,1.06,0.97,0.92,3196,817,2776,0.85,0.72,0.74,
4h,BOS→FVG,多,3笔1:1:1(3/6) 止盈2% 补满再亏5%止损 拿48根,1.01,0.97,0.92,3193,816,2775,0.83,0.75,0.75,
4h,BOS→FVG,多,3笔1:1:1(3/6) 止盈3% 补满再亏10%止损 拿18根,1.08,0.95,0.9,3190,816,2774,0.92,0.73,0.79,
4h,BOS→FVG,多,3笔1:1:1(3/6) 止盈3% 补满再亏10%止损 拿48根,1.08,0.82,0.92,3176,815,2770,0.89,0.74,0.79,
4h,BOS→FVG,多,3笔1:1:1(3/6) 止盈3% 补满再亏5%止损 拿18根,1.12,0.99,0.98,3190,816,2774,0.91,0.76,0.82,
4h,BOS→FVG,多,3笔1:1:1(3/6) 止盈3% 补满再亏5%止损 拿48根,1.09,0.95,0.99,3181,815,2771,0.89,0.8,0.83,
4h,BOS→FVG,多,3笔1:1:1(3/6) 止盈5% 补满再亏10%止损 拿18根,1.22,0.98,0.97,3160,809,2759,0.98,0.81,0.81,
4h,BOS→FVG,多,3笔1:1:1(3/6) 止盈5% 补满再亏10%止损 拿48根,1.1,0.83,0.96,3128,802,2740,0.94,0.8,0.82,
4h,BOS→FVG,多,3笔1:1:1(3/6) 止盈5% 补满再亏5%止损 拿18根,1.25,1.04,1.05,3160,809,2759,0.96,0.82,0.85,
4h,BOS→FVG,多,3笔1:1:1(3/6) 止盈5% 补满再亏5%止损 拿48根,1.13,0.98,1.05,3135,802,2741,0.94,0.83,0.86,
4h,BOS→FVG,多,3笔1:1:1(3/6) 止盈8% 补满再亏10%止损 拿18根,1.33,0.99,1.0,3109,796,2717,1.03,0.86,0.87,
4h,BOS→FVG,多,3笔1:1:1(3/6) 止盈8% 补满再亏10%止损 拿48根,1.21,0.9,0.96,3029,774,2654,1.0,0.83,0.87,
4h,BOS→FVG,多,3笔1:1:1(3/6) 止盈8% 补满再亏5%止损 拿18根,1.33,1.04,1.08,3109,796,2717,1.01,0.87,0.9,
4h,BOS→FVG,多,3笔1:1:1(3/6) 止盈8% 补满再亏5%止损 拿48根,1.21,1.01,1.04,3038,774,2658,0.99,0.86,0.9,
4h,BOS→FVG,多,3笔1:1:2(3/6) 止盈2% 补满再亏10%止损 拿18根,1.05,0.91,0.83,3196,817,2776,0.86,0.68,0.71,
4h,BOS→FVG,多,3笔1:1:2(3/6) 止盈2% 补满再亏10%止损 拿48根,1.09,0.78,0.84,3192,816,2776,0.83,0.69,0.71,
4h,BOS→FVG,多,3笔1:1:2(3/6) 止盈2% 补满再亏5%止损 拿18根,1.11,0.97,0.93,3196,817,2776,0.87,0.74,0.76,
4h,BOS→FVG,多,3笔1:1:2(3/6) 止盈2% 补满再亏5%止损 拿48根,1.09,0.96,0.93,3193,816,2776,0.86,0.76,0.76,
4h,BOS→FVG,多,3笔1:1:2(3/6) 止盈3% 补满再亏10%止损 拿18根,1.11,0.95,0.89,3190,816,2774,0.94,0.75,0.8,
4h,BOS→FVG,多,3笔1:1:2(3/6) 止盈3% 补满再亏10%止损 拿48根,1.1,0.8,0.91,3177,815,2771,0.9,0.75,0.8,
4h,BOS→FVG,多,3笔1:1:2(3/6) 止盈3% 补满再亏5%止损 拿18根,1.18,1.01,0.99,3190,816,2774,0.93,0.79,0.85,
4h,BOS→FVG,多,3笔1:1:2(3/6) 止盈3% 补满再亏5%止损 拿48根,1.14,0.97,0.99,3181,815,2771,0.91,0.83,0.85,
4h,BOS→FVG,多,3笔1:1:2(3/6) 止盈5% 补满再亏10%止损 拿18根,1.25,1.0,0.97,3160,809,2759,1.0,0.82,0.82,
4h,BOS→FVG,多,3笔1:1:2(3/6) 止盈5% 补满再亏10%止损 拿48根,1.13,0.85,0.95,3130,802,2742,0.96,0.8,0.84,
4h,BOS→FVG,多,3笔1:1:2(3/6) 止盈5% 补满再亏5%止损 拿18根,1.3,1.06,1.07,3160,809,2759,0.99,0.84,0.87,
4h,BOS→FVG,多,3笔1:1:2(3/6) 止盈5% 补满再亏5%止损 拿48根,1.16,0.99,1.05,3137,802,2743,0.96,0.85,0.89,
4h,BOS→FVG,多,3笔1:1:2(3/6) 止盈8% 补满再亏10%止损 拿18根,1.35,0.99,1.02,3110,797,2717,1.07,0.85,0.88,
4h,BOS→FVG,多,3笔1:1:2(3/6) 止盈8% 补满再亏10%止损 拿48根,1.21,0.87,0.94,3034,776,2656,1.02,0.83,0.87,
4h,BOS→FVG,多,3笔1:1:2(3/6) 止盈8% 补满再亏5%止损 拿18根,1.36,1.07,1.12,3110,797,2717,1.06,0.87,0.92,
4h,BOS→FVG,多,3笔1:1:2(3/6) 止盈8% 补满再亏5%止损 拿48根,1.21,1.0,1.05,3042,776,2659,1.02,0.87,0.91,
4h,BOS→FVG,多,5笔1:1:2:2:4(2..8) 止盈2% 补满再亏10%止损 拿18根,1.1,0.87,0.85,3196,817,2776,0.87,0.67,0.7,
4h,BOS→FVG,多,5笔1:1:2:2:4(2..8) 止盈2% 补满再亏10%止损 拿48根,1.09,0.72,0.81,3195,817,2776,0.83,0.65,0.69,
4h,BOS→FVG,多,5笔1:1:2:2:4(2..8) 止盈2% 补满再亏5%止损 拿18根,1.14,0.93,0.91,3196,817,2776,0.92,0.75,0.77,
4h,BOS→FVG,多,5笔1:1:2:2:4(2..8) 止盈2% 补满再亏5%止损 拿48根,1.15,0.88,0.9,3195,817,2776,0.91,0.79,0.76,
4h,BOS→FVG,多,5笔1:1:2:2:4(2..8) 止盈3% 补满再亏10%止损 拿18根,1.19,1.03,0.84,3193,816,2775,0.94,0.75,0.79,
4h,BOS→FVG,多,5笔1:1:2:2:4(2..8) 止盈3% 补满再亏10%止损 拿48根,1.11,0.8,0.84,3186,815,2773,0.9,0.72,0.78,
4h,BOS→FVG,多,5笔1:1:2:2:4(2..8) 止盈3% 补满再亏5%止损 拿18根,1.25,1.1,0.91,3193,816,2775,1.01,0.83,0.85,
4h,BOS→FVG,多,5笔1:1:2:2:4(2..8) 止盈3% 补满再亏5%止损 拿48根,1.18,0.97,0.95,3186,815,2773,0.97,0.84,0.84,
4h,BOS→FVG,多,5笔1:1:2:2:4(2..8) 止盈5% 补满再亏10%止损 拿18根,1.31,0.95,0.9,3163,808,2761,1.03,0.79,0.84,
4h,BOS→FVG,多,5笔1:1:2:2:4(2..8) 止盈5% 补满再亏10%止损 拿48根,1.15,0.79,0.88,3138,803,2746,0.95,0.77,0.85,
4h,BOS→FVG,多,5笔1:1:2:2:4(2..8) 止盈5% 补满再亏5%止损 拿18根,1.35,1.03,0.98,3163,808,2761,1.09,0.87,0.89,
4h,BOS→FVG,多,5笔1:1:2:2:4(2..8) 止盈5% 补满再亏5%止损 拿48根,1.19,0.91,0.97,3141,803,2746,1.02,0.85,0.9,
4h,BOS→FVG,多,5笔1:1:2:2:4(2..8) 止盈8% 补满再亏10%止损 拿18根,1.43,1.0,0.99,3117,797,2720,1.12,0.83,0.89,
4h,BOS→FVG,多,5笔1:1:2:2:4(2..8) 止盈8% 补满再亏10%止损 拿48根,1.18,0.83,0.92,3054,783,2661,1.03,0.8,0.88,
4h,BOS→FVG,多,5笔1:1:2:2:4(2..8) 止盈8% 补满再亏5%止损 拿18根,1.45,1.07,1.06,3117,797,2720,1.17,0.9,0.93,
4h,BOS→FVG,多,5笔1:1:2:2:4(2..8) 止盈8% 补满再亏5%止损 拿48根,1.21,0.93,1.0,3058,783,2664,1.07,0.88,0.91,
4h,BOS→FVG,多,5笔等(2..8) 止盈2% 补满再亏10%止损 拿18根,1.07,0.92,0.82,3196,817,2776,0.83,0.63,0.7,
4h,BOS→FVG,多,5笔等(2..8) 止盈2% 补满再亏10%止损 拿48根,1.04,0.84,0.81,3194,816,2775,0.8,0.64,0.69,
4h,BOS→FVG,多,5笔等(2..8) 止盈2% 补满再亏5%止损 拿18根,1.08,0.97,0.88,3196,817,2776,0.86,0.68,0.73,
4h,BOS→FVG,多,5笔等(2..8) 止盈2% 补满再亏5%止损 拿48根,1.07,0.96,0.88,3194,816,2775,0.85,0.7,0.73,
4h,BOS→FVG,多,5笔等(2..8) 止盈3% 补满再亏10%止损 拿18根,1.13,0.99,0.87,3193,816,2775,0.94,0.72,0.79,
4h,BOS→FVG,多,5笔等(2..8) 止盈3% 补满再亏10%止损 拿48根,1.07,0.86,0.87,3184,815,2772,0.89,0.72,0.79,
4h,BOS→FVG,多,5笔等(2..8) 止盈3% 补满再亏5%止损 拿18根,1.16,1.04,0.93,3193,816,2775,0.97,0.78,0.82,
4h,BOS→FVG,多,5笔等(2..8) 止盈3% 补满再亏5%止损 拿48根,1.1,0.95,0.95,3185,815,2772,0.94,0.8,0.83,
4h,BOS→FVG,多,5笔等(2..8) 止盈5% 补满再亏10%止损 拿18根,1.25,0.97,0.92,3163,808,2761,1.01,0.78,0.82,
4h,BOS→FVG,多,5笔等(2..8) 止盈5% 补满再亏10%止损 拿48根,1.11,0.82,0.9,3135,802,2742,0.95,0.77,0.83,
4h,BOS→FVG,多,5笔等(2..8) 止盈5% 补满再亏5%止损 拿18根,1.27,1.02,0.98,3163,808,2761,1.02,0.83,0.84,
4h,BOS→FVG,多,5笔等(2..8) 止盈5% 补满再亏5%止损 拿48根,1.14,0.9,0.97,3139,802,2742,0.99,0.84,0.85,
4h,BOS→FVG,多,5笔等(2..8) 止盈8% 补满再亏10%止损 拿18根,1.37,0.99,0.98,3115,796,2719,1.06,0.85,0.88,
4h,BOS→FVG,多,5笔等(2..8) 止盈8% 补满再亏10%止损 拿48根,1.2,0.85,0.92,3040,777,2655,1.01,0.81,0.87,
4h,BOS→FVG,多,5笔等(2..8) 止盈8% 补满再亏5%止损 拿18根,1.38,1.03,1.03,3115,796,2719,1.07,0.89,0.9,
4h,BOS→FVG,多,5笔等(2..8) 止盈8% 补满再亏5%止损 拿48根,1.22,0.93,1.01,3046,777,2659,1.02,0.88,0.89,
4h,BOS→FVG,多,6笔深(3..18) 止盈2% 补满再亏10%止损 拿18根,1.28,1.26,0.79,3196,817,2776,0.86,0.63,0.7,
4h,BOS→FVG,多,6笔深(3..18) 止盈2% 补满再亏10%止损 拿48根,1.08,0.98,0.74,3193,816,2775,0.75,0.6,0.69,
4h,BOS→FVG,多,6笔深(3..18) 止盈2% 补满再亏5%止损 拿18根,1.28,1.26,0.8,3196,817,2776,0.86,0.62,0.72,
4h,BOS→FVG,多,6笔深(3..18) 止盈2% 补满再亏5%止损 拿48根,1.12,0.98,0.73,3193,816,2775,0.77,0.59,0.7,
4h,BOS→FVG,多,6笔深(3..18) 止盈3% 补满再亏10%止损 拿18根,1.21,1.24,0.85,3190,816,2774,0.92,0.71,0.79,
4h,BOS→FVG,多,6笔深(3..18) 止盈3% 补满再亏10%止损 拿48根,1.07,0.83,0.79,3180,815,2771,0.81,0.72,0.78,
4h,BOS→FVG,多,6笔深(3..18) 止盈3% 补满再亏5%止损 拿18根,1.23,1.26,0.85,3190,816,2774,0.93,0.66,0.8,
4h,BOS→FVG,多,6笔深(3..18) 止盈3% 补满再亏5%止损 拿48根,1.11,0.9,0.8,3180,815,2771,0.84,0.68,0.79,
4h,BOS→FVG,多,6笔深(3..18) 止盈5% 补满再亏10%止损 拿18根,1.29,1.18,0.91,3160,809,2759,0.99,0.79,0.83,
4h,BOS→FVG,多,6笔深(3..18) 止盈5% 补满再亏10%止损 拿48根,1.02,0.83,0.81,3133,801,2741,0.85,0.71,0.85,
4h,BOS→FVG,多,6笔深(3..18) 止盈5% 补满再亏5%止损 拿18根,1.31,1.22,0.9,3160,809,2759,1.0,0.74,0.85,
4h,BOS→FVG,多,6笔深(3..18) 止盈5% 补满再亏5%止损 拿48根,1.09,0.88,0.82,3133,801,2741,0.9,0.69,0.85,
4h,BOS→FVG,多,6笔深(3..18) 止盈8% 补满再亏10%止损 拿18根,1.47,1.16,0.98,3109,796,2717,1.07,0.87,0.89,
4h,BOS→FVG,多,6笔深(3..18) 止盈8% 补满再亏10%止损 拿48根,1.15,0.88,0.87,3036,773,2658,0.96,0.76,0.88,
4h,BOS→FVG,多,6笔深(3..18) 止盈8% 补满再亏5%止损 拿18根,1.48,1.18,0.97,3109,796,2717,1.11,0.8,0.91,
4h,BOS→FVG,多,6笔深(3..18) 止盈8% 补满再亏5%止损 拿48根,1.22,0.9,0.87,3036,773,2658,1.01,0.73,0.88,
4h,BOS→FVG,多,原版（结构止损、盈亏比2）,0.98,1.08,1.05,2912,723,2529,0.92,0.88,0.9,
4h,BOS→OB,空,3笔1:1:1(3/6) 止盈2% 补满再亏10%止损 拿18根,1.05,1.15,0.85,4854,1436,6387,0.92,0.95,0.81,
4h,BOS→OB,空,3笔1:1:1(3/6) 止盈2% 补满再亏10%止损 拿48根,1.09,1.19,0.88,4848,1434,6381,0.94,0.89,0.83,
4h,BOS→OB,空,3笔1:1:1(3/6) 止盈2% 补满再亏5%止损 拿18根,1.04,1.21,0.89,4854,1436,6387,0.91,0.94,0.85,
4h,BOS→OB,空,3笔1:1:1(3/6) 止盈2% 补满再亏5%止损 拿48根,1.07,1.31,0.91,4848,1435,6382,0.94,0.9,0.87,
4h,BOS→OB,空,3笔1:1:1(3/6) 止盈3% 补满再亏10%止损 拿18根,1.07,1.09,0.94,4847,1434,6373,0.99,1.01,0.92,
4h,BOS→OB,空,3笔1:1:1(3/6) 止盈3% 补满再亏10%止损 拿48根,1.1,1.12,1.0,4821,1427,6357,0.99,1.0,0.94,
4h,BOS→OB,空,3笔1:1:1(3/6) 止盈3% 补满再亏5%止损 拿18根,1.07,1.19,0.99,4847,1434,6373,0.99,1.02,0.95,
4h,BOS→OB,空,3笔1:1:1(3/6) 止盈3% 补满再亏5%止损 拿48根,1.1,1.23,1.0,4824,1429,6361,1.0,1.0,0.97,
4h,BOS→OB,空,3笔1:1:1(3/6) 止盈5% 补满再亏10%止损 拿18根,1.05,1.17,1.07,4793,1423,6328,1.03,1.02,1.0,
4h,BOS→OB,空,3笔1:1:1(3/6) 止盈5% 补满再亏10%止损 拿48根,1.06,1.18,1.11,4719,1400,6253,1.03,1.04,1.03,
4h,BOS→OB,空,3笔1:1:1(3/6) 止盈5% 补满再亏5%止损 拿18根,1.03,1.24,1.1,4793,1423,6328,1.03,1.03,1.04,
4h,BOS→OB,空,3笔1:1:1(3/6) 止盈5% 补满再亏5%止损 拿48根,1.06,1.27,1.12,4722,1402,6261,1.06,1.02,1.06,
4h,BOS→OB,空,3笔1:1:1(3/6) 止盈8% 补满再亏10%止损 拿18根,0.99,1.22,1.09,4707,1377,6179,1.03,1.05,1.04,
4h,BOS→OB,空,3笔1:1:1(3/6) 止盈8% 补满再亏10%止损 拿48根,1.05,1.28,1.19,4475,1300,5963,1.08,1.09,1.08,
4h,BOS→OB,空,3笔1:1:1(3/6) 止盈8% 补满再亏5%止损 拿18根,0.97,1.3,1.14,4707,1377,6179,1.05,1.07,1.09,
4h,BOS→OB,空,3笔1:1:1(3/6) 止盈8% 补满再亏5%止损 拿48根,1.02,1.37,1.19,4482,1303,5975,1.1,1.06,1.1,
4h,BOS→OB,空,3笔1:1:2(3/6) 止盈2% 补满再亏10%止损 拿18根,1.08,1.09,0.87,4854,1436,6387,0.93,0.95,0.84,
4h,BOS→OB,空,3笔1:1:2(3/6) 止盈2% 补满再亏10%止损 拿48根,1.15,1.17,0.9,4848,1435,6382,0.95,0.9,0.85,
4h,BOS→OB,空,3笔1:1:2(3/6) 止盈2% 补满再亏5%止损 拿18根,1.08,1.2,0.93,4854,1436,6387,0.95,0.96,0.9,
4h,BOS→OB,空,3笔1:1:2(3/6) 止盈2% 补满再亏5%止损 拿48根,1.12,1.31,0.94,4848,1435,6382,0.98,0.91,0.91,
4h,BOS→OB,空,3笔1:1:2(3/6) 止盈3% 补满再亏10%止损 拿18根,1.12,1.06,0.96,4847,1434,6373,1.01,1.03,0.96,
4h,BOS→OB,空,3笔1:1:2(3/6) 止盈3% 补满再亏10%止损 拿48根,1.15,1.07,1.0,4825,1428,6362,1.0,0.99,0.98,
4h,BOS→OB,空,3笔1:1:2(3/6) 止盈3% 补满再亏5%止损 拿18根,1.12,1.2,1.03,4847,1434,6373,1.01,1.04,1.02,
4h,BOS→OB,空,3笔1:1:2(3/6) 止盈3% 补满再亏5%止损 拿48根,1.14,1.23,1.03,4825,1430,6363,1.02,0.99,1.03,
4h,BOS→OB,空,3笔1:1:2(3/6) 止盈5% 补满再亏10%止损 拿18根,1.1,1.17,1.07,4793,1423,6328,1.04,1.02,1.02,
4h,BOS→OB,空,3笔1:1:2(3/6) 止盈5% 补满再亏10%止损 拿48根,1.1,1.2,1.14,4723,1402,6257,1.02,1.02,1.05,
4h,BOS→OB,空,3笔1:1:2(3/6) 止盈5% 补满再亏5%止损 拿18根,1.09,1.29,1.12,4793,1423,6328,1.06,1.04,1.08,
4h,BOS→OB,空,3笔1:1:2(3/6) 止盈5% 补满再亏5%止损 拿48根,1.11,1.33,1.14,4726,1404,6264,1.08,1.01,1.1,
4h,BOS→OB,空,3笔1:1:2(3/6) 止盈8% 补满再亏10%止损 拿18根,1.04,1.24,1.12,4707,1377,6179,1.04,1.07,1.06,
4h,BOS→OB,空,3笔1:1:2(3/6) 止盈8% 补满再亏10%止损 拿48根,1.07,1.28,1.23,4482,1303,5970,1.07,1.09,1.1,
4h,BOS→OB,空,3笔1:1:2(3/6) 止盈8% 补满再亏5%止损 拿18根,1.03,1.35,1.18,4707,1377,6179,1.07,1.09,1.13,
4h,BOS→OB,空,3笔1:1:2(3/6) 止盈8% 补满再亏5%止损 拿48根,1.06,1.42,1.24,4489,1306,5980,1.11,1.08,1.14,
4h,BOS→OB,空,5笔1:1:2:2:4(2..8) 止盈2% 补满再亏10%止损 拿18根,1.12,1.03,0.84,4858,1436,6387,0.92,1.0,0.89,
4h,BOS→OB,空,5笔1:1:2:2:4(2..8) 止盈2% 补满再亏10%止损 拿48根,1.18,1.01,0.85,4856,1436,6384,0.93,0.96,0.9,
4h,BOS→OB,空,5笔1:1:2:2:4(2..8) 止盈2% 补满再亏5%止损 拿18根,1.21,1.14,0.93,4858,1436,6387,0.94,1.01,0.97,
4h,BOS→OB,空,5笔1:1:2:2:4(2..8) 止盈2% 补满再亏5%止损 拿48根,1.2,1.2,0.95,4856,1436,6384,0.97,0.95,0.98,
4h,BOS→OB,空,5笔1:1:2:2:4(2..8) 止盈3% 补满再亏10%止损 拿18根,1.15,0.94,0.95,4846,1436,6374,1.02,1.06,0.98,
4h,BOS→OB,空,5笔1:1:2:2:4(2..8) 止盈3% 补满再亏10%止损 拿48根,1.18,0.92,0.98,4835,1433,6366,1.02,0.99,0.99,
4h,BOS→OB,空,5笔1:1:2:2:4(2..8) 止盈3% 补满再亏5%止损 拿18根,1.22,1.07,1.04,4846,1436,6374,1.04,1.09,1.08,
4h,BOS→OB,空,5笔1:1:2:2:4(2..8) 止盈3% 补满再亏5%止损 拿48根,1.23,1.07,1.07,4835,1433,6366,1.04,1.0,1.11,
4h,BOS→OB,空,5笔1:1:2:2:4(2..8) 止盈5% 补满再亏10%止损 拿18根,1.17,1.11,1.06,4799,1425,6331,1.05,1.05,1.07,
4h,BOS→OB,空,5笔1:1:2:2:4(2..8) 止盈5% 补满再亏10%止损 拿48根,1.15,1.12,1.13,4741,1407,6275,1.05,1.05,1.08,
4h,BOS→OB,空,5笔1:1:2:2:4(2..8) 止盈5% 补满再亏5%止损 拿18根,1.2,1.25,1.14,4799,1425,6331,1.09,1.09,1.16,
4h,BOS→OB,空,5笔1:1:2:2:4(2..8) 止盈5% 补满再亏5%止损 拿48根,1.23,1.25,1.2,4742,1408,6278,1.08,1.06,1.18,
4h,BOS→OB,空,5笔1:1:2:2:4(2..8) 止盈8% 补满再亏10%止损 拿18根,1.12,1.21,1.15,4713,1382,6192,1.07,1.11,1.1,
4h,BOS→OB,空,5笔1:1:2:2:4(2..8) 止盈8% 补满再亏10%止损 拿48根,1.11,1.2,1.23,4502,1312,5995,1.07,1.12,1.12,
4h,BOS→OB,空,5笔1:1:2:2:4(2..8) 止盈8% 补满再亏5%止损 拿18根,1.15,1.34,1.23,4713,1382,6192,1.1,1.16,1.18,
4h,BOS→OB,空,5笔1:1:2:2:4(2..8) 止盈8% 补满再亏5%止损 拿48根,1.15,1.33,1.31,4506,1314,5999,1.12,1.12,1.19,
4h,BOS→OB,空,5笔等(2..8) 止盈2% 补满再亏10%止损 拿18根,1.06,1.07,0.83,4858,1436,6387,0.9,0.93,0.83,
4h,BOS→OB,空,5笔等(2..8) 止盈2% 补满再亏10%止损 拿48根,1.09,1.01,0.86,4855,1435,6384,0.91,0.87,0.83,
4h,BOS→OB,空,5笔等(2..8) 止盈2% 补满再亏5%止损 拿18根,1.11,1.15,0.89,4858,1436,6387,0.9,0.96,0.89,
4h,BOS→OB,空,5笔等(2..8) 止盈2% 补满再亏5%止损 拿48根,1.13,1.16,0.92,4855,1435,6384,0.92,0.91,0.91,
4h,BOS→OB,空,5笔等(2..8) 止盈3% 补满再亏10%止损 拿18根,1.09,1.0,0.92,4846,1436,6374,0.98,1.02,0.93,
4h,BOS→OB,空,5笔等(2..8) 止盈3% 补满再亏10%止损 拿48根,1.13,0.97,0.96,4834,1430,6364,0.99,0.97,0.94,
4h,BOS→OB,空,5笔等(2..8) 止盈3% 补满再亏5%止损 拿18根,1.11,1.1,0.99,4846,1436,6374,0.99,1.04,0.99,
4h,BOS→OB,空,5笔等(2..8) 止盈3% 补满再亏5%止损 拿48根,1.15,1.09,1.03,4834,1431,6365,0.99,0.97,1.02,
4h,BOS→OB,空,5笔等(2..8) 止盈5% 补满再亏10%止损 拿18根,1.07,1.14,1.06,4798,1425,6331,1.02,1.0,1.01,
4h,BOS→OB,空,5笔等(2..8) 止盈5% 补满再亏10%止损 拿48根,1.07,1.16,1.1,4730,1404,6263,1.03,1.04,1.03,
4h,BOS→OB,空,5笔等(2..8) 止盈5% 补满再亏5%止损 拿18根,1.08,1.24,1.1,4798,1425,6331,1.04,1.03,1.06,
4h,BOS→OB,空,5笔等(2..8) 止盈5% 补满再亏5%止损 拿48根,1.13,1.25,1.14,4732,1405,6267,1.05,1.02,1.09,
4h,BOS→OB,空,5笔等(2..8) 止盈8% 补满再亏10%止损 拿18根,1.03,1.21,1.12,4711,1382,6188,1.05,1.06,1.06,
4h,BOS→OB,空,5笔等(2..8) 止盈8% 补满再亏10%止损 拿48根,1.07,1.23,1.19,4491,1312,5977,1.08,1.1,1.08,
4h,BOS→OB,空,5笔等(2..8) 止盈8% 补满再亏5%止损 拿18根,1.03,1.31,1.15,4711,1382,6188,1.06,1.1,1.1,
4h,BOS→OB,空,5笔等(2..8) 止盈8% 补满再亏5%止损 拿48根,1.09,1.34,1.24,4496,1314,5983,1.1,1.07,1.12,
4h,BOS→OB,空,6笔深(3..18) 止盈2% 补满再亏10%止损 拿18根,1.05,1.13,0.8,4854,1436,6387,0.96,1.0,0.86,
4h,BOS→OB,空,6笔深(3..18) 止盈2% 补满再亏10%止损 拿48根,1.11,0.96,0.79,4849,1435,6382,0.96,1.0,0.9,
4h,BOS→OB,空,6笔深(3..18) 止盈2% 补满再亏5%止损 拿18根,1.07,1.17,0.84,4854,1436,6387,0.98,1.0,0.9,
4h,BOS→OB,空,6笔深(3..18) 止盈2% 补满再亏5%止损 拿48根,1.16,0.99,0.86,4849,1435,6382,1.01,1.0,0.93,
4h,BOS→OB,空,6笔深(3..18) 止盈3% 补满再亏10%止损 拿18根,1.07,1.1,0.94,4847,1434,6373,1.1,1.04,1.0,
4h,BOS→OB,空,6笔深(3..18) 止盈3% 补满再亏10%止损 拿48根,1.1,1.04,0.94,4824,1429,6362,1.07,1.08,1.01,
4h,BOS→OB,空,6笔深(3..18) 止盈3% 补满再亏5%止损 拿18根,1.12,1.16,0.97,4847,1434,6373,1.11,1.07,1.05,
4h,BOS→OB,空,6笔深(3..18) 止盈3% 补满再亏5%止损 拿48根,1.16,1.03,1.01,4824,1429,6362,1.12,1.08,1.06,
4h,BOS→OB,空,6笔深(3..18) 止盈5% 补满再亏10%止损 拿18根,1.12,1.15,1.09,4793,1423,6328,1.15,1.08,1.05,
4h,BOS→OB,空,6笔深(3..18) 止盈5% 补满再亏10%止损 拿48根,1.13,1.17,1.11,4719,1403,6267,1.17,1.12,1.07,
4h,BOS→OB,空,6笔深(3..18) 止盈5% 补满再亏5%止损 拿18根,1.16,1.24,1.13,4793,1423,6328,1.18,1.08,1.11,
4h,BOS→OB,空,6笔深(3..18) 止盈5% 补满再亏5%止损 拿48根,1.17,1.13,1.17,4720,1403,6267,1.2,1.11,1.13,
4h,BOS→OB,空,6笔深(3..18) 止盈8% 补满再亏10%止损 拿18根,1.07,1.27,1.15,4707,1377,6179,1.15,1.16,1.09,
4h,BOS→OB,空,6笔深(3..18) 止盈8% 补满再亏10%止损 拿48根,1.14,1.2,1.2,4473,1301,5970,1.21,1.25,1.13,
4h,BOS→OB,空,6笔深(3..18) 止盈8% 补满再亏5%止损 拿18根,1.12,1.34,1.18,4707,1377,6179,1.18,1.16,1.16,
4h,BOS→OB,空,6笔深(3..18) 止盈8% 补满再亏5%止损 拿48根,1.15,1.24,1.24,4475,1301,5970,1.23,1.26,1.19,
4h,BOS→OB,空,原版（结构止损、盈亏比2）,0.88,1.16,1.09,4381,1284,5699,1.02,1.07,1.01,
4h,BOS→OB,多,3笔1:1:1(3/6) 止盈2% 补满再亏10%止损 拿18根,0.98,0.72,0.75,5163,1327,4668,0.84,0.67,0.71,
4h,BOS→OB,多,3笔1:1:1(3/6) 止盈2% 补满再亏10%止损 拿48根,0.94,0.7,0.71,5150,1326,4661,0.81,0.69,0.71,
4h,BOS→OB,多,3笔1:1:1(3/6) 止盈2% 补满再亏5%止损 拿18根,0.98,0.79,0.84,5163,1327,4668,0.85,0.72,0.74,
4h,BOS→OB,多,3笔1:1:1(3/6) 止盈2% 补满再亏5%止损 拿48根,0.97,0.82,0.81,5153,1327,4661,0.83,0.75,0.75,
4h,BOS→OB,多,3笔1:1:1(3/6) 止盈3% 补满再亏10%止损 拿18根,1.06,0.76,0.84,5151,1326,4658,0.92,0.73,0.79,
4h,BOS→OB,多,3笔1:1:1(3/6) 止盈3% 补满再亏10%止损 拿48根,0.98,0.76,0.79,5119,1324,4641,0.89,0.74,0.79,
4h,BOS→OB,多,3笔1:1:1(3/6) 止盈3% 补满再亏5%止损 拿18根,1.05,0.84,0.92,5151,1326,4658,0.91,0.76,0.82,
4h,BOS→OB,多,3笔1:1:1(3/6) 止盈3% 补满再亏5%止损 拿48根,1.0,0.86,0.88,5125,1325,4643,0.89,0.8,0.83,
4h,BOS→OB,多,3笔1:1:1(3/6) 止盈5% 补满再亏10%止损 拿18根,1.15,0.83,0.93,5088,1312,4620,0.98,0.81,0.81,
4h,BOS→OB,多,3笔1:1:1(3/6) 止盈5% 补满再亏10%止损 拿48根,1.04,0.85,0.88,5006,1296,4573,0.94,0.8,0.82,
4h,BOS→OB,多,3笔1:1:1(3/6) 止盈5% 补满再亏5%止损 拿18根,1.15,0.92,1.01,5088,1312,4620,0.96,0.82,0.85,
4h,BOS→OB,多,3笔1:1:1(3/6) 止盈5% 补满再亏5%止损 拿48根,1.06,0.96,0.98,5016,1297,4576,0.94,0.83,0.86,
4h,BOS→OB,多,3笔1:1:1(3/6) 止盈8% 补满再亏10%止损 拿18根,1.25,0.86,0.97,4981,1287,4549,1.03,0.86,0.87,
4h,BOS→OB,多,3笔1:1:1(3/6) 止盈8% 补满再亏10%止损 拿48根,1.11,0.89,0.91,4793,1235,4403,1.0,0.83,0.87,
4h,BOS→OB,多,3笔1:1:1(3/6) 止盈8% 补满再亏5%止损 拿18根,1.24,0.96,1.05,4981,1287,4549,1.01,0.87,0.9,
4h,BOS→OB,多,3笔1:1:1(3/6) 止盈8% 补满再亏5%止损 拿48根,1.13,0.99,1.01,4807,1237,4409,0.99,0.86,0.9,
4h,BOS→OB,多,3笔1:1:2(3/6) 止盈2% 补满再亏10%止损 拿18根,1.05,0.73,0.78,5163,1327,4668,0.86,0.68,0.71,
4h,BOS→OB,多,3笔1:1:2(3/6) 止盈2% 补满再亏10%止损 拿48根,1.02,0.69,0.74,5154,1326,4661,0.83,0.69,0.71,
4h,BOS→OB,多,3笔1:1:2(3/6) 止盈2% 补满再亏5%止损 拿18根,1.07,0.82,0.88,5163,1327,4668,0.87,0.74,0.76,
4h,BOS→OB,多,3笔1:1:2(3/6) 止盈2% 补满再亏5%止损 拿48根,1.06,0.83,0.84,5155,1327,4661,0.86,0.76,0.76,
4h,BOS→OB,多,3笔1:1:2(3/6) 止盈3% 补满再亏10%止损 拿18根,1.1,0.76,0.84,5151,1326,4658,0.94,0.75,0.8,
4h,BOS→OB,多,3笔1:1:2(3/6) 止盈3% 补满再亏10%止损 拿48根,1.01,0.73,0.79,5121,1324,4643,0.9,0.75,0.8,
4h,BOS→OB,多,3笔1:1:2(3/6) 止盈3% 补满再亏5%止损 拿18根,1.09,0.86,0.95,5151,1326,4658,0.93,0.79,0.85,
4h,BOS→OB,多,3笔1:1:2(3/6) 止盈3% 补满再亏5%止损 拿48根,1.05,0.88,0.91,5125,1325,4644,0.91,0.83,0.85,
4h,BOS→OB,多,3笔1:1:2(3/6) 止盈5% 补满再亏10%止损 拿18根,1.17,0.82,0.92,5089,1312,4620,1.0,0.82,0.82,
4h,BOS→OB,多,3笔1:1:2(3/6) 止盈5% 补满再亏10%止损 拿48根,1.04,0.83,0.86,5015,1298,4575,0.96,0.8,0.84,
4h,BOS→OB,多,3笔1:1:2(3/6) 止盈5% 补满再亏5%止损 拿18根,1.18,0.94,1.02,5089,1312,4620,0.99,0.84,0.87,
4h,BOS→OB,多,3笔1:1:2(3/6) 止盈5% 补满再亏5%止损 拿48根,1.09,0.96,0.98,5023,1299,4578,0.96,0.85,0.89,
4h,BOS→OB,多,3笔1:1:2(3/6) 止盈8% 补满再亏10%止损 拿18根,1.29,0.87,0.98,4982,1288,4550,1.07,0.85,0.88,
4h,BOS→OB,多,3笔1:1:2(3/6) 止盈8% 补满再亏10%止损 拿48根,1.11,0.91,0.91,4803,1235,4405,1.02,0.83,0.87,
4h,BOS→OB,多,3笔1:1:2(3/6) 止盈8% 补满再亏5%止损 拿18根,1.29,1.01,1.08,4982,1288,4550,1.06,0.87,0.92,
4h,BOS→OB,多,3笔1:1:2(3/6) 止盈8% 补满再亏5%止损 拿48根,1.14,1.03,1.02,4815,1237,4411,1.02,0.87,0.91,
4h,BOS→OB,多,5笔1:1:2:2:4(2..8) 止盈2% 补满再亏10%止损 拿18根,1.1,0.72,0.73,5164,1327,4666,0.87,0.67,0.7,
4h,BOS→OB,多,5笔1:1:2:2:4(2..8) 止盈2% 补满再亏10%止损 拿48根,1.02,0.63,0.68,5159,1326,4661,0.83,0.65,0.69,
4h,BOS→OB,多,5笔1:1:2:2:4(2..8) 止盈2% 补满再亏5%止损 拿18根,1.12,0.76,0.79,5164,1327,4666,0.92,0.75,0.77,
4h,BOS→OB,多,5笔1:1:2:2:4(2..8) 止盈2% 补满再亏5%止损 拿48根,1.08,0.75,0.75,5160,1326,4661,0.91,0.79,0.76,
4h,BOS→OB,多,5笔1:1:2:2:4(2..8) 止盈3% 补满再亏10%止损 拿18根,1.19,0.76,0.82,5156,1326,4659,0.94,0.75,0.79,
4h,BOS→OB,多,5笔1:1:2:2:4(2..8) 止盈3% 补满再亏10%止损 拿48根,1.05,0.69,0.77,5140,1325,4647,0.9,0.72,0.78,
4h,BOS→OB,多,5笔1:1:2:2:4(2..8) 止盈3% 补满再亏5%止损 拿18根,1.19,0.83,0.9,5156,1326,4659,1.01,0.83,0.85,
4h,BOS→OB,多,5笔1:1:2:2:4(2..8) 止盈3% 补满再亏5%止损 拿48根,1.1,0.81,0.86,5141,1325,4647,0.97,0.84,0.84,
4h,BOS→OB,多,5笔1:1:2:2:4(2..8) 止盈5% 补满再亏10%止损 拿18根,1.25,0.84,0.88,5089,1313,4625,1.03,0.79,0.84,
4h,BOS→OB,多,5笔1:1:2:2:4(2..8) 止盈5% 补满再亏10%止损 拿48根,1.06,0.78,0.81,5027,1304,4586,0.95,0.77,0.85,
4h,BOS→OB,多,5笔1:1:2:2:4(2..8) 止盈5% 补满再亏5%止损 拿18根,1.22,0.9,0.98,5089,1313,4625,1.09,0.87,0.89,
4h,BOS→OB,多,5笔1:1:2:2:4(2..8) 止盈5% 补满再亏5%止损 拿48根,1.11,0.88,0.92,5030,1304,4586,1.02,0.85,0.9,
4h,BOS→OB,多,5笔1:1:2:2:4(2..8) 止盈8% 补满再亏10%止损 拿18根,1.35,0.84,0.93,4997,1288,4556,1.12,0.83,0.89,
4h,BOS→OB,多,5笔1:1:2:2:4(2..8) 止盈8% 补满再亏10%止损 拿48根,1.11,0.83,0.86,4828,1243,4431,1.03,0.8,0.88,
4h,BOS→OB,多,5笔1:1:2:2:4(2..8) 止盈8% 补满再亏5%止损 拿18根,1.33,0.93,1.02,4997,1288,4556,1.17,0.9,0.93,
4h,BOS→OB,多,5笔1:1:2:2:4(2..8) 止盈8% 补满再亏5%止损 拿48根,1.14,0.94,0.95,4832,1243,4432,1.07,0.88,0.91,
4h,BOS→OB,多,5笔等(2..8) 止盈2% 补满再亏10%止损 拿18根,1.01,0.72,0.74,5164,1327,4666,0.83,0.63,0.7,
4h,BOS→OB,多,5笔等(2..8) 止盈2% 补满再亏10%止损 拿48根,0.94,0.63,0.7,5158,1326,4660,0.8,0.64,0.69,
4h,BOS→OB,多,5笔等(2..8) 止盈2% 补满再亏5%止损 拿18根,0.99,0.77,0.8,5164,1327,4666,0.86,0.68,0.73,
4h,BOS→OB,多,5笔等(2..8) 止盈2% 补满再亏5%止损 拿48根,0.98,0.75,0.78,5159,1326,4660,0.85,0.7,0.73,
4h,BOS→OB,多,5笔等(2..8) 止盈3% 补满再亏10%止损 拿18根,1.13,0.77,0.82,5156,1326,4659,0.94,0.72,0.79,
4h,BOS→OB,多,5笔等(2..8) 止盈3% 补满再亏10%止损 拿48根,1.01,0.73,0.78,5134,1324,4645,0.89,0.72,0.79,
4h,BOS→OB,多,5笔等(2..8) 止盈3% 补满再亏5%止损 拿18根,1.1,0.82,0.89,5156,1326,4659,0.97,0.78,0.82,
4h,BOS→OB,多,5笔等(2..8) 止盈3% 补满再亏5%止损 拿48根,1.04,0.8,0.86,5137,1324,4645,0.94,0.8,0.83,
4h,BOS→OB,多,5笔等(2..8) 止盈5% 补满再亏10%止损 拿18根,1.18,0.85,0.9,5088,1313,4623,1.01,0.78,0.82,
4h,BOS→OB,多,5笔等(2..8) 止盈5% 补满再亏10%止损 拿48根,1.03,0.83,0.85,5015,1302,4579,0.95,0.77,0.83,
4h,BOS→OB,多,5笔等(2..8) 止盈5% 补满再亏5%止损 拿18根,1.15,0.9,0.97,5088,1313,4623,1.02,0.83,0.84,
4h,BOS→OB,多,5笔等(2..8) 止盈5% 补满再亏5%止损 拿48根,1.05,0.91,0.94,5019,1302,4579,0.99,0.84,0.85,
4h,BOS→OB,多,5笔等(2..8) 止盈8% 补满再亏10%止损 拿18根,1.28,0.86,0.95,4991,1287,4551,1.06,0.85,0.88,
4h,BOS→OB,多,5笔等(2..8) 止盈8% 补满再亏10%止损 拿48根,1.09,0.85,0.88,4806,1240,4413,1.01,0.81,0.87,
4h,BOS→OB,多,5笔等(2..8) 止盈8% 补满再亏5%止损 拿18根,1.26,0.92,1.01,4991,1287,4551,1.07,0.89,0.9,
4h,BOS→OB,多,5笔等(2..8) 止盈8% 补满再亏5%止损 拿48根,1.12,0.93,0.96,4812,1240,4417,1.02,0.88,0.89,
4h,BOS→OB,多,6笔深(3..18) 止盈2% 补满再亏10%止损 拿18根,1.14,0.76,0.76,5163,1327,4668,0.86,0.63,0.7,
4h,BOS→OB,多,6笔深(3..18) 止盈2% 补满再亏10%止损 拿48根,1.05,0.62,0.7,5154,1326,4661,0.75,0.6,0.69,
4h,BOS→OB,多,6笔深(3..18) 止盈2% 补满再亏5%止损 拿18根,1.1,0.82,0.75,5163,1327,4668,0.86,0.62,0.72,
4h,BOS→OB,多,6笔深(3..18) 止盈2% 补满再亏5%止损 拿48根,1.05,0.64,0.7,5154,1326,4661,0.77,0.59,0.7,
4h,BOS→OB,多,6笔深(3..18) 止盈3% 补满再亏10%止损 拿18根,1.17,0.84,0.83,5151,1326,4658,0.92,0.71,0.79,
4h,BOS→OB,多,6笔深(3..18) 止盈3% 补满再亏10%止损 拿48根,0.97,0.7,0.73,5126,1324,4642,0.81,0.72,0.78,
4h,BOS→OB,多,6笔深(3..18) 止盈3% 补满再亏5%止损 拿18根,1.16,0.88,0.84,5151,1326,4658,0.93,0.66,0.8,
4h,BOS→OB,多,6笔深(3..18) 止盈3% 补满再亏5%止损 拿48根,1.01,0.73,0.75,5126,1324,4642,0.84,0.68,0.79,
4h,BOS→OB,多,6笔深(3..18) 止盈5% 补满再亏10%止损 拿18根,1.23,0.92,0.92,5088,1312,4620,0.99,0.79,0.83,
4h,BOS→OB,多,6笔深(3..18) 止盈5% 补满再亏10%止损 拿48根,1.0,0.79,0.8,5017,1296,4577,0.85,0.71,0.85,
4h,BOS→OB,多,6笔深(3..18) 止盈5% 补满再亏5%止损 拿18根,1.21,0.95,0.92,5088,1312,4620,1.0,0.74,0.85,
4h,BOS→OB,多,6笔深(3..18) 止盈5% 补满再亏5%止损 拿48根,1.02,0.82,0.8,5017,1296,4577,0.9,0.69,0.85,
4h,BOS→OB,多,6笔深(3..18) 止盈8% 补满再亏10%止损 拿18根,1.38,0.96,0.96,4982,1287,4549,1.07,0.87,0.89,
4h,BOS→OB,多,6笔深(3..18) 止盈8% 补满再亏10%止损 拿48根,1.09,0.86,0.84,4801,1235,4406,0.96,0.76,0.88,
4h,BOS→OB,多,6笔深(3..18) 止盈8% 补满再亏5%止损 拿18根,1.36,0.99,0.95,4982,1287,4549,1.11,0.8,0.91,
4h,BOS→OB,多,6笔深(3..18) 止盈8% 补满再亏5%止损 拿48根,1.1,0.9,0.84,4802,1235,4406,1.01,0.73,0.88,
4h,BOS→OB,多,原版（结构止损、盈亏比2）,0.93,0.97,1.08,4657,1193,4222,0.92,0.88,0.9,
4h,CHoCH→FVG,空,3笔1:1:1(3/6) 止盈2% 补满再亏10%止损 拿18根,0.75,0.68,0.85,2827,804,2810,0.92,0.95,0.81,
4h,CHoCH→FVG,空,3笔1:1:1(3/6) 止盈2% 补满再亏10%止损 拿48根,0.77,0.69,0.86,2816,802,2797,0.94,0.89,0.83,
4h,CHoCH→FVG,空,3笔1:1:1(3/6) 止盈2% 补满再亏5%止损 拿18根,0.81,0.75,0.83,2827,805,2810,0.91,0.94,0.85,
4h,CHoCH→FVG,空,3笔1:1:1(3/6) 止盈2% 补满再亏5%止损 拿48根,0.83,0.79,0.83,2822,805,2803,0.94,0.9,0.87,
4h,CHoCH→FVG,空,3笔1:1:1(3/6) 止盈3% 补满再亏10%止损 拿18根,0.82,0.77,0.93,2827,804,2810,0.99,1.01,0.92,
4h,CHoCH→FVG,空,3笔1:1:1(3/6) 止盈3% 补满再亏10%止损 拿48根,0.84,0.83,0.92,2802,797,2790,0.99,1.0,0.94,
4h,CHoCH→FVG,空,3笔1:1:1(3/6) 止盈3% 补满再亏5%止损 拿18根,0.86,0.85,0.92,2827,805,2810,0.99,1.02,0.95,
4h,CHoCH→FVG,空,3笔1:1:1(3/6) 止盈3% 补满再亏5%止损 拿48根,0.89,0.94,0.91,2811,803,2797,1.0,1.0,0.97,
4h,CHoCH→FVG,空,3笔1:1:1(3/6) 止盈5% 补满再亏10%止损 拿18根,0.82,0.74,0.99,2826,804,2807,1.03,1.02,1.0,
4h,CHoCH→FVG,空,3笔1:1:1(3/6) 止盈5% 补满再亏10%止损 拿48根,0.83,0.83,0.98,2766,782,2763,1.03,1.04,1.03,
4h,CHoCH→FVG,空,3笔1:1:1(3/6) 止盈5% 补满再亏5%止损 拿18根,0.83,0.81,1.0,2826,805,2807,1.03,1.03,1.04,
4h,CHoCH→FVG,空,3笔1:1:1(3/6) 止盈5% 补满再亏5%止损 拿48根,0.87,0.93,0.97,2785,792,2773,1.06,1.02,1.06,
4h,CHoCH→FVG,空,3笔1:1:1(3/6) 止盈8% 补满再亏10%止损 拿18根,0.81,0.77,0.99,2823,804,2805,1.03,1.05,1.04,
4h,CHoCH→FVG,空,3笔1:1:1(3/6) 止盈8% 补满再亏10%止损 拿48根,0.87,0.85,1.01,2711,767,2719,1.08,1.09,1.08,
4h,CHoCH→FVG,空,3笔1:1:1(3/6) 止盈8% 补满再亏5%止损 拿18根,0.82,0.84,1.04,2823,805,2805,1.05,1.07,1.09,
4h,CHoCH→FVG,空,3笔1:1:1(3/6) 止盈8% 补满再亏5%止损 拿48根,0.89,0.94,1.03,2734,778,2732,1.1,1.06,1.1,
4h,CHoCH→FVG,空,3笔1:1:2(3/6) 止盈2% 补满再亏10%止损 拿18根,0.75,0.68,0.88,2827,805,2810,0.93,0.95,0.84,
4h,CHoCH→FVG,空,3笔1:1:2(3/6) 止盈2% 补满再亏10%止损 拿48根,0.75,0.7,0.86,2820,805,2799,0.95,0.9,0.85,
4h,CHoCH→FVG,空,3笔1:1:2(3/6) 止盈2% 补满再亏5%止损 拿18根,0.83,0.78,0.85,2827,805,2810,0.95,0.96,0.9,
4h,CHoCH→FVG,空,3笔1:1:2(3/6) 止盈2% 补满再亏5%止损 拿48根,0.84,0.83,0.84,2824,805,2805,0.98,0.91,0.91,
4h,CHoCH→FVG,空,3笔1:1:2(3/6) 止盈3% 补满再亏10%止损 拿18根,0.83,0.76,0.97,2827,804,2810,1.01,1.03,0.96,
4h,CHoCH→FVG,空,3笔1:1:2(3/6) 止盈3% 补满再亏10%止损 拿48根,0.85,0.84,0.96,2807,800,2792,1.0,0.99,0.98,
4h,CHoCH→FVG,空,3笔1:1:2(3/6) 止盈3% 补满再亏5%止损 拿18根,0.88,0.85,0.95,2827,805,2810,1.01,1.04,1.02,
4h,CHoCH→FVG,空,3笔1:1:2(3/6) 止盈3% 补满再亏5%止损 拿48根,0.92,0.95,0.94,2815,805,2798,1.02,0.99,1.03,
4h,CHoCH→FVG,空,3笔1:1:2(3/6) 止盈5% 补满再亏10%止损 拿18根,0.83,0.76,1.04,2826,804,2807,1.04,1.02,1.02,
4h,CHoCH→FVG,空,3笔1:1:2(3/6) 止盈5% 补满再亏10%止损 拿48根,0.84,0.81,1.01,2772,785,2769,1.02,1.02,1.05,
4h,CHoCH→FVG,空,3笔1:1:2(3/6) 止盈5% 补满再亏5%止损 拿18根,0.84,0.85,1.04,2826,805,2807,1.06,1.04,1.08,
4h,CHoCH→FVG,空,3笔1:1:2(3/6) 止盈5% 补满再亏5%止损 拿48根,0.87,0.93,1.0,2790,794,2779,1.08,1.01,1.1,
4h,CHoCH→FVG,空,3笔1:1:2(3/6) 止盈8% 补满再亏10%止损 拿18根,0.82,0.77,1.01,2823,804,2805,1.04,1.07,1.06,
4h,CHoCH→FVG,空,3笔1:1:2(3/6) 止盈8% 补满再亏10%止损 拿48根,0.88,0.85,1.02,2719,769,2723,1.07,1.09,1.1,
4h,CHoCH→FVG,空,3笔1:1:2(3/6) 止盈8% 补满再亏5%止损 拿18根,0.82,0.86,1.08,2823,805,2805,1.07,1.09,1.13,
4h,CHoCH→FVG,空,3笔1:1:2(3/6) 止盈8% 补满再亏5%止损 拿48根,0.9,0.95,1.05,2741,780,2736,1.11,1.08,1.14,
4h,CHoCH→FVG,空,5笔1:1:2:2:4(2..8) 止盈2% 补满再亏10%止损 拿18根,0.8,0.76,0.87,2827,805,2810,0.92,1.0,0.89,
4h,CHoCH→FVG,空,5笔1:1:2:2:4(2..8) 止盈2% 补满再亏10%止损 拿48根,0.81,0.75,0.87,2820,804,2804,0.93,0.96,0.9,
4h,CHoCH→FVG,空,5笔1:1:2:2:4(2..8) 止盈2% 补满再亏5%止损 拿18根,0.85,0.81,0.96,2827,805,2810,0.94,1.01,0.97,
4h,CHoCH→FVG,空,5笔1:1:2:2:4(2..8) 止盈2% 补满再亏5%止损 拿48根,0.86,0.89,0.92,2823,805,2807,0.97,0.95,0.98,
4h,CHoCH→FVG,空,5笔1:1:2:2:4(2..8) 止盈3% 补满再亏10%止损 拿18根,0.88,0.88,1.0,2827,805,2810,1.02,1.06,0.98,
4h,CHoCH→FVG,空,5笔1:1:2:2:4(2..8) 止盈3% 补满再亏10%止损 拿48根,0.9,0.88,0.98,2815,803,2796,1.02,0.99,0.99,
4h,CHoCH→FVG,空,5笔1:1:2:2:4(2..8) 止盈3% 补满再亏5%止损 拿18根,0.92,0.92,1.07,2827,805,2810,1.04,1.09,1.08,
4h,CHoCH→FVG,空,5笔1:1:2:2:4(2..8) 止盈3% 补满再亏5%止损 拿48根,0.95,0.99,1.0,2820,805,2800,1.04,1.0,1.11,
4h,CHoCH→FVG,空,5笔1:1:2:2:4(2..8) 止盈5% 补满再亏10%止损 拿18根,0.86,0.79,1.02,2826,804,2807,1.05,1.05,1.07,
4h,CHoCH→FVG,空,5笔1:1:2:2:4(2..8) 止盈5% 补满再亏10%止损 拿48根,0.85,0.8,0.97,2780,790,2778,1.05,1.05,1.08,
4h,CHoCH→FVG,空,5笔1:1:2:2:4(2..8) 止盈5% 补满再亏5%止损 拿18根,0.88,0.82,1.09,2826,804,2807,1.09,1.09,1.16,
4h,CHoCH→FVG,空,5笔1:1:2:2:4(2..8) 止盈5% 补满再亏5%止损 拿48根,0.9,0.88,1.03,2787,793,2786,1.08,1.06,1.18,
4h,CHoCH→FVG,空,5笔1:1:2:2:4(2..8) 止盈8% 补满再亏10%止损 拿18根,0.84,0.81,1.0,2823,804,2805,1.07,1.11,1.1,
4h,CHoCH→FVG,空,5笔1:1:2:2:4(2..8) 止盈8% 补满再亏10%止损 拿48根,0.9,0.85,1.02,2718,767,2729,1.07,1.12,1.12,
4h,CHoCH→FVG,空,5笔1:1:2:2:4(2..8) 止盈8% 补满再亏5%止损 拿18根,0.86,0.87,1.09,2823,804,2805,1.1,1.16,1.18,
4h,CHoCH→FVG,空,5笔1:1:2:2:4(2..8) 止盈8% 补满再亏5%止损 拿48根,0.94,0.95,1.07,2731,771,2741,1.12,1.12,1.19,
4h,CHoCH→FVG,空,5笔等(2..8) 止盈2% 补满再亏10%止损 拿18根,0.78,0.73,0.84,2827,805,2810,0.9,0.93,0.83,
4h,CHoCH→FVG,空,5笔等(2..8) 止盈2% 补满再亏10%止损 拿48根,0.78,0.72,0.85,2819,803,2798,0.91,0.87,0.83,
4h,CHoCH→FVG,空,5笔等(2..8) 止盈2% 补满再亏5%止损 拿18根,0.8,0.78,0.9,2827,805,2810,0.9,0.96,0.89,
4h,CHoCH→FVG,空,5笔等(2..8) 止盈2% 补满再亏5%止损 拿48根,0.82,0.82,0.88,2823,805,2803,0.92,0.91,0.91,
4h,CHoCH→FVG,空,5笔等(2..8) 止盈3% 补满再亏10%止损 拿18根,0.83,0.82,0.95,2827,804,2810,0.98,1.02,0.93,
4h,CHoCH→FVG,空,5笔等(2..8) 止盈3% 补满再亏10%止损 拿48根,0.84,0.83,0.95,2807,801,2793,0.99,0.97,0.94,
4h,CHoCH→FVG,空,5笔等(2..8) 止盈3% 补满再亏5%止损 拿18根,0.85,0.86,1.0,2827,804,2810,0.99,1.04,0.99,
4h,CHoCH→FVG,空,5笔等(2..8) 止盈3% 补满再亏5%止损 拿48根,0.89,0.93,0.97,2813,803,2799,0.99,0.97,1.02,
4h,CHoCH→FVG,空,5笔等(2..8) 止盈5% 补满再亏10%止损 拿18根,0.83,0.76,0.99,2826,804,2807,1.02,1.0,1.01,
4h,CHoCH→FVG,空,5笔等(2..8) 止盈5% 补满再亏10%止损 拿48根,0.84,0.79,0.96,2770,783,2764,1.03,1.04,1.03,
4h,CHoCH→FVG,空,5笔等(2..8) 止盈5% 补满再亏5%止损 拿18根,0.84,0.79,1.04,2826,804,2807,1.04,1.03,1.06,
4h,CHoCH→FVG,空,5笔等(2..8) 止盈5% 补满再亏5%止损 拿48根,0.88,0.86,0.99,2780,787,2774,1.05,1.02,1.09,
4h,CHoCH→FVG,空,5笔等(2..8) 止盈8% 补满再亏10%止损 拿18根,0.82,0.8,0.96,2823,804,2805,1.05,1.06,1.06,
4h,CHoCH→FVG,空,5笔等(2..8) 止盈8% 补满再亏10%止损 拿48根,0.9,0.86,1.0,2705,765,2720,1.08,1.1,1.08,
4h,CHoCH→FVG,空,5笔等(2..8) 止盈8% 补满再亏5%止损 拿18根,0.83,0.83,1.03,2823,804,2805,1.06,1.1,1.1,
4h,CHoCH→FVG,空,5笔等(2..8) 止盈8% 补满再亏5%止损 拿48根,0.91,0.92,1.03,2722,769,2733,1.1,1.07,1.12,
4h,CHoCH→FVG,空,6笔深(3..18) 止盈2% 补满再亏10%止损 拿18根,0.87,0.79,1.01,2827,805,2810,0.96,1.0,0.86,
4h,CHoCH→FVG,空,6笔深(3..18) 止盈2% 补满再亏10%止损 拿48根,0.91,0.69,0.92,2821,804,2802,0.96,1.0,0.9,
4h,CHoCH→FVG,空,6笔深(3..18) 止盈2% 补满再亏5%止损 拿18根,0.9,0.72,0.98,2827,805,2810,0.98,1.0,0.9,
4h,CHoCH→FVG,空,6笔深(3..18) 止盈2% 补满再亏5%止损 拿48根,0.94,0.7,0.98,2821,804,2802,1.01,1.0,0.93,
4h,CHoCH→FVG,空,6笔深(3..18) 止盈3% 补满再亏10%止损 拿18根,0.95,0.79,1.16,2827,805,2810,1.1,1.04,1.0,
4h,CHoCH→FVG,空,6笔深(3..18) 止盈3% 补满再亏10%止损 拿48根,0.94,0.75,1.16,2810,804,2796,1.07,1.08,1.01,
4h,CHoCH→FVG,空,6笔深(3..18) 止盈3% 补满再亏5%止损 拿18根,0.99,0.78,1.14,2827,805,2810,1.11,1.07,1.05,
4h,CHoCH→FVG,空,6笔深(3..18) 止盈3% 补满再亏5%止损 拿48根,0.98,0.75,1.13,2810,804,2797,1.12,1.08,1.06,
4h,CHoCH→FVG,空,6笔深(3..18) 止盈5% 补满再亏10%止损 拿18根,0.97,0.78,1.23,2826,804,2807,1.15,1.08,1.05,
4h,CHoCH→FVG,空,6笔深(3..18) 止盈5% 补满再亏10%止损 拿48根,0.99,0.8,1.21,2773,790,2769,1.17,1.12,1.07,
4h,CHoCH→FVG,空,6笔深(3..18) 止盈5% 补满再亏5%止损 拿18根,1.0,0.78,1.17,2826,804,2807,1.18,1.08,1.11,
4h,CHoCH→FVG,空,6笔深(3..18) 止盈5% 补满再亏5%止损 拿48根,0.96,0.83,1.14,2773,790,2770,1.2,1.11,1.13,
4h,CHoCH→FVG,空,6笔深(3..18) 止盈8% 补满再亏10%止损 拿18根,0.98,0.8,1.33,2823,804,2805,1.15,1.16,1.09,
4h,CHoCH→FVG,空,6笔深(3..18) 止盈8% 补满再亏10%止损 拿48根,1.1,0.81,1.24,2705,766,2716,1.21,1.25,1.13,
4h,CHoCH→FVG,空,6笔深(3..18) 止盈8% 补满再亏5%止损 拿18根,1.01,0.8,1.29,2823,804,2805,1.18,1.16,1.16,
4h,CHoCH→FVG,空,6笔深(3..18) 止盈8% 补满再亏5%止损 拿48根,1.04,0.86,1.22,2708,766,2720,1.23,1.26,1.19,
4h,CHoCH→FVG,空,原版（结构止损、盈亏比2）,1.03,1.04,1.11,2768,789,2748,1.02,1.07,1.01,
4h,CHoCH→FVG,多,3笔1:1:1(3/6) 止盈2% 补满再亏10%止损 拿18根,0.89,0.62,0.65,3541,1014,3680,0.84,0.67,0.71,
4h,CHoCH→FVG,多,3笔1:1:1(3/6) 止盈2% 补满再亏10%止损 拿48根,0.82,0.58,0.61,3510,1008,3653,0.81,0.69,0.71,
4h,CHoCH→FVG,多,3笔1:1:1(3/6) 止盈2% 补满再亏5%止损 拿18根,0.93,0.66,0.71,3541,1014,3680,0.85,0.72,0.74,
4h,CHoCH→FVG,多,3笔1:1:1(3/6) 止盈2% 补满再亏5%止损 拿48根,0.96,0.68,0.69,3525,1010,3670,0.83,0.75,0.75,
4h,CHoCH→FVG,多,3笔1:1:1(3/6) 止盈3% 补满再亏10%止损 拿18根,0.91,0.67,0.7,3541,1014,3680,0.92,0.73,0.79,
4h,CHoCH→FVG,多,3笔1:1:1(3/6) 止盈3% 补满再亏10%止损 拿48根,0.82,0.64,0.67,3492,1001,3629,0.89,0.74,0.79,
4h,CHoCH→FVG,多,3笔1:1:1(3/6) 止盈3% 补满再亏5%止损 拿18根,0.96,0.71,0.75,3541,1014,3680,0.91,0.76,0.82,
4h,CHoCH→FVG,多,3笔1:1:1(3/6) 止盈3% 补满再亏5%止损 拿48根,0.95,0.74,0.74,3511,1004,3658,0.89,0.8,0.83,
4h,CHoCH→FVG,多,3笔1:1:1(3/6) 止盈5% 补满再亏10%止损 拿18根,0.9,0.75,0.74,3537,1014,3680,0.98,0.81,0.81,
4h,CHoCH→FVG,多,3笔1:1:1(3/6) 止盈5% 补满再亏10%止损 拿48根,0.76,0.74,0.72,3427,991,3600,0.94,0.8,0.82,
4h,CHoCH→FVG,多,3笔1:1:1(3/6) 止盈5% 补满再亏5%止损 拿18根,0.96,0.79,0.78,3537,1014,3680,0.96,0.82,0.85,
4h,CHoCH→FVG,多,3笔1:1:1(3/6) 止盈5% 补满再亏5%止损 拿48根,0.88,0.84,0.79,3457,995,3638,0.94,0.83,0.86,
4h,CHoCH→FVG,多,3笔1:1:1(3/6) 止盈8% 补满再亏10%止损 拿18根,0.93,0.75,0.81,3529,1010,3673,1.03,0.86,0.87,
4h,CHoCH→FVG,多,3笔1:1:1(3/6) 止盈8% 补满再亏10%止损 拿48根,0.79,0.78,0.78,3339,966,3538,1.0,0.83,0.87,
4h,CHoCH→FVG,多,3笔1:1:1(3/6) 止盈8% 补满再亏5%止损 拿18根,1.0,0.78,0.85,3529,1010,3673,1.01,0.87,0.9,
4h,CHoCH→FVG,多,3笔1:1:1(3/6) 止盈8% 补满再亏5%止损 拿48根,0.9,0.88,0.84,3375,971,3586,0.99,0.86,0.9,
4h,CHoCH→FVG,多,3笔1:1:2(3/6) 止盈2% 补满再亏10%止损 拿18根,0.92,0.59,0.66,3541,1014,3680,0.86,0.68,0.71,
4h,CHoCH→FVG,多,3笔1:1:2(3/6) 止盈2% 补满再亏10%止损 拿48根,0.87,0.54,0.6,3518,1010,3663,0.83,0.69,0.71,
4h,CHoCH→FVG,多,3笔1:1:2(3/6) 止盈2% 补满再亏5%止损 拿18根,0.99,0.66,0.71,3541,1014,3680,0.87,0.74,0.76,
4h,CHoCH→FVG,多,3笔1:1:2(3/6) 止盈2% 补满再亏5%止损 拿48根,1.02,0.66,0.69,3532,1012,3674,0.86,0.76,0.76,
4h,CHoCH→FVG,多,3笔1:1:2(3/6) 止盈3% 补满再亏10%止损 拿18根,0.92,0.67,0.71,3541,1014,3680,0.94,0.75,0.8,
4h,CHoCH→FVG,多,3笔1:1:2(3/6) 止盈3% 补满再亏10%止损 拿48根,0.82,0.64,0.67,3497,1002,3637,0.9,0.75,0.8,
4h,CHoCH→FVG,多,3笔1:1:2(3/6) 止盈3% 补满再亏5%止损 拿18根,0.99,0.71,0.77,3541,1014,3680,0.93,0.79,0.85,
4h,CHoCH→FVG,多,3笔1:1:2(3/6) 止盈3% 补满再亏5%止损 拿48根,0.99,0.74,0.75,3515,1005,3661,0.91,0.83,0.85,
4h,CHoCH→FVG,多,3笔1:1:2(3/6) 止盈5% 补满再亏10%止损 拿18根,0.92,0.71,0.73,3537,1014,3680,1.0,0.82,0.82,
4h,CHoCH→FVG,多,3笔1:1:2(3/6) 止盈5% 补满再亏10%止损 拿48根,0.77,0.71,0.71,3436,995,3604,0.96,0.8,0.84,
4h,CHoCH→FVG,多,3笔1:1:2(3/6) 止盈5% 补满再亏5%止损 拿18根,0.99,0.77,0.79,3537,1014,3680,0.99,0.84,0.87,
4h,CHoCH→FVG,多,3笔1:1:2(3/6) 止盈5% 补满再亏5%止损 拿48根,0.91,0.81,0.78,3465,998,3641,0.96,0.85,0.89,
4h,CHoCH→FVG,多,3笔1:1:2(3/6) 止盈8% 补满再亏10%止损 拿18根,0.94,0.72,0.79,3529,1010,3674,1.07,0.85,0.88,
4h,CHoCH→FVG,多,3笔1:1:2(3/6) 止盈8% 补满再亏10%止损 拿48根,0.78,0.76,0.76,3348,971,3547,1.02,0.83,0.87,
4h,CHoCH→FVG,多,3笔1:1:2(3/6) 止盈8% 补满再亏5%止损 拿18根,1.03,0.77,0.85,3529,1010,3674,1.06,0.87,0.92,
4h,CHoCH→FVG,多,3笔1:1:2(3/6) 止盈8% 补满再亏5%止损 拿48根,0.91,0.86,0.83,3383,976,3594,1.02,0.87,0.91,
4h,CHoCH→FVG,多,5笔1:1:2:2:4(2..8) 止盈2% 补满再亏10%止损 拿18根,0.9,0.61,0.64,3541,1014,3680,0.87,0.67,0.7,
4h,CHoCH→FVG,多,5笔1:1:2:2:4(2..8) 止盈2% 补满再亏10%止损 拿48根,0.8,0.49,0.58,3527,1012,3673,0.83,0.65,0.69,
4h,CHoCH→FVG,多,5笔1:1:2:2:4(2..8) 止盈2% 补满再亏5%止损 拿18根,0.96,0.64,0.67,3541,1014,3680,0.92,0.75,0.77,
4h,CHoCH→FVG,多,5笔1:1:2:2:4(2..8) 止盈2% 补满再亏5%止损 拿48根,0.98,0.6,0.65,3533,1013,3675,0.91,0.79,0.76,
4h,CHoCH→FVG,多,5笔1:1:2:2:4(2..8) 止盈3% 补满再亏10%止损 拿18根,0.92,0.65,0.68,3541,1014,3680,0.94,0.75,0.79,
4h,CHoCH→FVG,多,5笔1:1:2:2:4(2..8) 止盈3% 补满再亏10%止损 拿48根,0.82,0.62,0.61,3512,1009,3656,0.9,0.72,0.78,
4h,CHoCH→FVG,多,5笔1:1:2:2:4(2..8) 止盈3% 补满再亏5%止损 拿18根,0.97,0.67,0.72,3541,1014,3680,1.01,0.83,0.85,
4h,CHoCH→FVG,多,5笔1:1:2:2:4(2..8) 止盈3% 补满再亏5%止损 拿48根,0.97,0.67,0.69,3524,1011,3667,0.97,0.84,0.84,
4h,CHoCH→FVG,多,5笔1:1:2:2:4(2..8) 止盈5% 补满再亏10%止损 拿18根,0.92,0.67,0.71,3539,1014,3679,1.03,0.79,0.84,
4h,CHoCH→FVG,多,5笔1:1:2:2:4(2..8) 止盈5% 补满再亏10%止损 拿48根,0.72,0.65,0.66,3461,994,3610,0.95,0.77,0.85,
4h,CHoCH→FVG,多,5笔1:1:2:2:4(2..8) 止盈5% 补满再亏5%止损 拿18根,0.99,0.69,0.75,3539,1014,3679,1.09,0.87,0.89,
4h,CHoCH→FVG,多,5笔1:1:2:2:4(2..8) 止盈5% 补满再亏5%止损 拿48根,0.88,0.7,0.72,3476,998,3636,1.02,0.85,0.9,
4h,CHoCH→FVG,多,5笔1:1:2:2:4(2..8) 止盈8% 补满再亏10%止损 拿18根,0.94,0.69,0.78,3530,1013,3675,1.12,0.83,0.89,
4h,CHoCH→FVG,多,5笔1:1:2:2:4(2..8) 止盈8% 补满再亏10%止损 拿48根,0.74,0.73,0.72,3362,972,3552,1.03,0.8,0.88,
4h,CHoCH→FVG,多,5笔1:1:2:2:4(2..8) 止盈8% 补满再亏5%止损 拿18根,1.01,0.71,0.81,3530,1013,3675,1.17,0.9,0.93,
4h,CHoCH→FVG,多,5笔1:1:2:2:4(2..8) 止盈8% 补满再亏5%止损 拿48根,0.86,0.76,0.76,3385,977,3588,1.07,0.88,0.91,
4h,CHoCH→FVG,多,5笔等(2..8) 止盈2% 补满再亏10%止损 拿18根,0.82,0.62,0.64,3541,1014,3680,0.83,0.63,0.7,
4h,CHoCH→FVG,多,5笔等(2..8) 止盈2% 补满再亏10%止损 拿48根,0.75,0.54,0.55,3521,1008,3659,0.8,0.64,0.69,
4h,CHoCH→FVG,多,5笔等(2..8) 止盈2% 补满再亏5%止损 拿18根,0.85,0.65,0.65,3541,1014,3680,0.86,0.68,0.73,
4h,CHoCH→FVG,多,5笔等(2..8) 止盈2% 补满再亏5%止损 拿48根,0.9,0.62,0.61,3530,1009,3669,0.85,0.7,0.73,
4h,CHoCH→FVG,多,5笔等(2..8) 止盈3% 补满再亏10%止损 拿18根,0.88,0.66,0.69,3541,1014,3680,0.94,0.72,0.79,
4h,CHoCH→FVG,多,5笔等(2..8) 止盈3% 补满再亏10%止损 拿48根,0.77,0.63,0.62,3500,1002,3635,0.89,0.72,0.79,
4h,CHoCH→FVG,多,5笔等(2..8) 止盈3% 补满再亏5%止损 拿18根,0.91,0.67,0.71,3541,1014,3680,0.97,0.78,0.82,
4h,CHoCH→FVG,多,5笔等(2..8) 止盈3% 补满再亏5%止损 拿48根,0.9,0.69,0.68,3514,1005,3654,0.94,0.8,0.83,
4h,CHoCH→FVG,多,5笔等(2..8) 止盈5% 补满再亏10%止损 拿18根,0.89,0.74,0.73,3538,1014,3679,1.01,0.78,0.82,
4h,CHoCH→FVG,多,5笔等(2..8) 止盈5% 补满再亏10%止损 拿48根,0.73,0.74,0.68,3439,988,3598,0.95,0.77,0.83,
4h,CHoCH→FVG,多,5笔等(2..8) 止盈5% 补满再亏5%止损 拿18根,0.94,0.76,0.74,3538,1014,3679,1.02,0.83,0.84,
4h,CHoCH→FVG,多,5笔等(2..8) 止盈5% 补满再亏5%止损 拿48根,0.84,0.78,0.71,3457,992,3627,0.99,0.84,0.85,
4h,CHoCH→FVG,多,5笔等(2..8) 止盈8% 补满再亏10%止损 拿18根,0.92,0.76,0.8,3530,1012,3675,1.06,0.85,0.88,
4h,CHoCH→FVG,多,5笔等(2..8) 止盈8% 补满再亏10%止损 拿48根,0.76,0.78,0.74,3350,966,3536,1.01,0.81,0.87,
4h,CHoCH→FVG,多,5笔等(2..8) 止盈8% 补满再亏5%止损 拿18根,0.97,0.77,0.81,3530,1012,3675,1.07,0.89,0.9,
4h,CHoCH→FVG,多,5笔等(2..8) 止盈8% 补满再亏5%止损 拿48根,0.86,0.81,0.77,3374,971,3571,1.02,0.88,0.89,
4h,CHoCH→FVG,多,6笔深(3..18) 止盈2% 补满再亏10%止损 拿18根,0.89,0.61,0.64,3541,1014,3680,0.86,0.63,0.7,
4h,CHoCH→FVG,多,6笔深(3..18) 止盈2% 补满再亏10%止损 拿48根,0.59,0.48,0.52,3519,1011,3667,0.75,0.6,0.69,
4h,CHoCH→FVG,多,6笔深(3..18) 止盈2% 补满再亏5%止损 拿18根,0.92,0.7,0.69,3541,1014,3680,0.86,0.62,0.72,
4h,CHoCH→FVG,多,6笔深(3..18) 止盈2% 补满再亏5%止损 拿48根,0.67,0.56,0.55,3523,1011,3668,0.77,0.59,0.7,
4h,CHoCH→FVG,多,6笔深(3..18) 止盈3% 补满再亏10%止损 拿18根,0.9,0.69,0.7,3541,1014,3680,0.92,0.71,0.79,
4h,CHoCH→FVG,多,6笔深(3..18) 止盈3% 补满再亏10%止损 拿48根,0.6,0.52,0.57,3500,1003,3648,0.81,0.72,0.78,
4h,CHoCH→FVG,多,6笔深(3..18) 止盈3% 补满再亏5%止损 拿18根,0.93,0.78,0.75,3541,1014,3680,0.93,0.66,0.8,
4h,CHoCH→FVG,多,6笔深(3..18) 止盈3% 补满再亏5%止损 拿48根,0.69,0.61,0.6,3504,1003,3650,0.84,0.68,0.79,
4h,CHoCH→FVG,多,6笔深(3..18) 止盈5% 补满再亏10%止损 拿18根,0.83,0.74,0.77,3537,1014,3680,0.99,0.79,0.83,
4h,CHoCH→FVG,多,6笔深(3..18) 止盈5% 补满再亏10%止损 拿48根,0.56,0.58,0.65,3433,987,3609,0.85,0.71,0.85,
4h,CHoCH→FVG,多,6笔深(3..18) 止盈5% 补满再亏5%止损 拿18根,0.91,0.82,0.81,3537,1014,3680,1.0,0.74,0.85,
4h,CHoCH→FVG,多,6笔深(3..18) 止盈5% 补满再亏5%止损 拿48根,0.64,0.66,0.67,3438,988,3615,0.9,0.69,0.85,
4h,CHoCH→FVG,多,6笔深(3..18) 止盈8% 补满再亏10%止损 拿18根,0.88,0.74,0.82,3529,1010,3674,1.07,0.87,0.89,
4h,CHoCH→FVG,多,6笔深(3..18) 止盈8% 补满再亏10%止损 拿48根,0.59,0.57,0.68,3335,960,3534,0.96,0.76,0.88,
4h,CHoCH→FVG,多,6笔深(3..18) 止盈8% 补满再亏5%止损 拿18根,0.96,0.8,0.85,3529,1010,3674,1.11,0.8,0.91,
4h,CHoCH→FVG,多,6笔深(3..18) 止盈8% 补满再亏5%止损 拿48根,0.68,0.65,0.71,3342,961,3540,1.01,0.73,0.88,
4h,CHoCH→FVG,多,原版（结构止损、盈亏比2）,0.85,1.11,0.95,3426,979,3597,0.92,0.88,0.9,
4h,CHoCH→OB,空,3笔1:1:1(3/6) 止盈2% 补满再亏10%止损 拿18根,0.83,0.68,0.85,4461,1147,4518,0.92,0.95,0.81,
4h,CHoCH→OB,空,3笔1:1:1(3/6) 止盈2% 补满再亏10%止损 拿48根,0.84,0.62,0.84,4445,1143,4497,0.94,0.89,0.83,
4h,CHoCH→OB,空,3笔1:1:1(3/6) 止盈2% 补满再亏5%止损 拿18根,0.86,0.74,0.85,4461,1147,4518,0.91,0.94,0.85,
4h,CHoCH→OB,空,3笔1:1:1(3/6) 止盈2% 补满再亏5%止损 拿48根,0.89,0.74,0.83,4452,1146,4508,0.94,0.9,0.87,
4h,CHoCH→OB,空,3笔1:1:1(3/6) 止盈3% 补满再亏10%止损 拿18根,0.87,0.8,0.96,4459,1147,4517,0.99,1.01,0.92,
4h,CHoCH→OB,空,3笔1:1:1(3/6) 止盈3% 补满再亏10%止损 拿48根,0.87,0.71,0.94,4414,1135,4479,0.99,1.0,0.94,
4h,CHoCH→OB,空,3笔1:1:1(3/6) 止盈3% 补满再亏5%止损 拿18根,0.89,0.85,0.95,4459,1147,4517,0.99,1.02,0.95,
4h,CHoCH→OB,空,3笔1:1:1(3/6) 止盈3% 补满再亏5%止损 拿48根,0.91,0.81,0.94,4429,1143,4496,1.0,1.0,0.97,
4h,CHoCH→OB,空,3笔1:1:1(3/6) 止盈5% 补满再亏10%止损 拿18根,0.83,0.81,1.02,4456,1146,4513,1.03,1.02,1.0,
4h,CHoCH→OB,空,3笔1:1:1(3/6) 止盈5% 补满再亏10%止损 拿48根,0.87,0.71,0.99,4315,1115,4422,1.03,1.04,1.03,
4h,CHoCH→OB,空,3笔1:1:1(3/6) 止盈5% 补满再亏5%止损 拿18根,0.85,0.87,1.03,4456,1146,4513,1.03,1.03,1.04,
4h,CHoCH→OB,空,3笔1:1:1(3/6) 止盈5% 补满再亏5%止损 拿48根,0.89,0.82,1.02,4346,1129,4450,1.06,1.02,1.06,
4h,CHoCH→OB,空,3笔1:1:1(3/6) 止盈8% 补满再亏10%止损 拿18根,0.8,0.83,1.02,4450,1143,4503,1.03,1.05,1.04,
4h,CHoCH→OB,空,3笔1:1:1(3/6) 止盈8% 补满再亏10%止损 拿48根,0.88,0.79,1.02,4176,1070,4323,1.08,1.09,1.08,
4h,CHoCH→OB,空,3笔1:1:1(3/6) 止盈8% 补满再亏5%止损 拿18根,0.81,0.88,1.05,4450,1143,4503,1.05,1.07,1.09,
4h,CHoCH→OB,空,3笔1:1:1(3/6) 止盈8% 补满再亏5%止损 拿48根,0.9,0.9,1.09,4224,1088,4369,1.1,1.06,1.1,
4h,CHoCH→OB,空,3笔1:1:2(3/6) 止盈2% 补满再亏10%止损 拿18根,0.87,0.72,0.85,4461,1147,4518,0.93,0.95,0.84,
4h,CHoCH→OB,空,3笔1:1:2(3/6) 止盈2% 补满再亏10%止损 拿48根,0.87,0.63,0.83,4446,1144,4499,0.95,0.9,0.85,
4h,CHoCH→OB,空,3笔1:1:2(3/6) 止盈2% 补满再亏5%止损 拿18根,0.92,0.8,0.86,4461,1147,4518,0.95,0.96,0.9,
4h,CHoCH→OB,空,3笔1:1:2(3/6) 止盈2% 补满再亏5%止损 拿48根,0.94,0.78,0.84,4453,1146,4510,0.98,0.91,0.91,
4h,CHoCH→OB,空,3笔1:1:2(3/6) 止盈3% 补满再亏10%止损 拿18根,0.91,0.81,1.0,4459,1147,4517,1.01,1.03,0.96,
4h,CHoCH→OB,空,3笔1:1:2(3/6) 止盈3% 补满再亏10%止损 拿48根,0.91,0.72,0.96,4427,1137,4485,1.0,0.99,0.98,
4h,CHoCH→OB,空,3笔1:1:2(3/6) 止盈3% 补满再亏5%止损 拿18根,0.94,0.87,0.99,4459,1147,4517,1.01,1.04,1.02,
4h,CHoCH→OB,空,3笔1:1:2(3/6) 止盈3% 补满再亏5%止损 拿48根,0.96,0.84,0.98,4438,1143,4500,1.02,0.99,1.03,
4h,CHoCH→OB,空,3笔1:1:2(3/6) 止盈5% 补满再亏10%止损 拿18根,0.85,0.84,1.06,4456,1146,4513,1.04,1.02,1.02,
4h,CHoCH→OB,空,3笔1:1:2(3/6) 止盈5% 补满再亏10%止损 拿48根,0.89,0.74,1.02,4337,1118,4433,1.02,1.02,1.05,
4h,CHoCH→OB,空,3笔1:1:2(3/6) 止盈5% 补满再亏5%止损 拿18根,0.88,0.9,1.07,4456,1146,4513,1.06,1.04,1.08,
4h,CHoCH→OB,空,3笔1:1:2(3/6) 止盈5% 补满再亏5%止损 拿48根,0.93,0.85,1.06,4366,1132,4460,1.08,1.01,1.1,
4h,CHoCH→OB,空,3笔1:1:2(3/6) 止盈8% 补满再亏10%止损 拿18根,0.83,0.84,1.04,4450,1143,4505,1.04,1.07,1.06,
4h,CHoCH→OB,空,3笔1:1:2(3/6) 止盈8% 补满再亏10%止损 拿48根,0.89,0.8,1.02,4193,1076,4336,1.07,1.09,1.1,
4h,CHoCH→OB,空,3笔1:1:2(3/6) 止盈8% 补满再亏5%止损 拿18根,0.85,0.92,1.07,4450,1143,4505,1.07,1.09,1.13,
4h,CHoCH→OB,空,3笔1:1:2(3/6) 止盈8% 补满再亏5%止损 拿48根,0.92,0.93,1.1,4237,1093,4378,1.11,1.08,1.14,
4h,CHoCH→OB,空,5笔1:1:2:2:4(2..8) 止盈2% 补满再亏10%止损 拿18根,0.93,0.79,0.94,4461,1147,4518,0.92,1.0,0.89,
4h,CHoCH→OB,空,5笔1:1:2:2:4(2..8) 止盈2% 补满再亏10%止损 拿48根,0.9,0.67,0.92,4451,1145,4504,0.93,0.96,0.9,
4h,CHoCH→OB,空,5笔1:1:2:2:4(2..8) 止盈2% 补满再亏5%止损 拿18根,0.97,0.81,0.93,4461,1147,4518,0.94,1.01,0.97,
4h,CHoCH→OB,空,5笔1:1:2:2:4(2..8) 止盈2% 补满再亏5%止损 拿48根,0.93,0.76,0.91,4456,1146,4509,0.97,0.95,0.98,
4h,CHoCH→OB,空,5笔1:1:2:2:4(2..8) 止盈3% 补满再亏10%止损 拿18根,0.97,0.8,1.08,4458,1147,4518,1.02,1.06,0.98,
4h,CHoCH→OB,空,5笔1:1:2:2:4(2..8) 止盈3% 补满再亏10%止损 拿48根,0.96,0.69,1.01,4433,1144,4497,1.02,0.99,0.99,
4h,CHoCH→OB,空,5笔1:1:2:2:4(2..8) 止盈3% 补满再亏5%止损 拿18根,1.02,0.86,1.1,4458,1147,4518,1.04,1.09,1.08,
4h,CHoCH→OB,空,5笔1:1:2:2:4(2..8) 止盈3% 补满再亏5%止损 拿48根,1.01,0.79,1.05,4442,1145,4506,1.04,1.0,1.11,
4h,CHoCH→OB,空,5笔1:1:2:2:4(2..8) 止盈5% 补满再亏10%止损 拿18根,0.93,0.84,1.16,4456,1147,4514,1.05,1.05,1.07,
4h,CHoCH→OB,空,5笔1:1:2:2:4(2..8) 止盈5% 补满再亏10%止损 拿48根,0.97,0.69,1.1,4365,1124,4451,1.05,1.05,1.08,
4h,CHoCH→OB,空,5笔1:1:2:2:4(2..8) 止盈5% 补满再亏5%止损 拿18根,0.96,0.92,1.2,4456,1147,4514,1.09,1.09,1.16,
4h,CHoCH→OB,空,5笔1:1:2:2:4(2..8) 止盈5% 补满再亏5%止损 拿48根,0.99,0.79,1.15,4383,1131,4469,1.08,1.06,1.18,
4h,CHoCH→OB,空,5笔1:1:2:2:4(2..8) 止盈8% 补满再亏10%止损 拿18根,0.88,0.85,1.14,4450,1143,4505,1.07,1.11,1.1,
4h,CHoCH→OB,空,5笔1:1:2:2:4(2..8) 止盈8% 补满再亏10%止损 拿48根,0.93,0.74,1.07,4203,1082,4346,1.07,1.12,1.12,
4h,CHoCH→OB,空,5笔1:1:2:2:4(2..8) 止盈8% 补满再亏5%止损 拿18根,0.91,0.92,1.17,4450,1143,4505,1.1,1.16,1.18,
4h,CHoCH→OB,空,5笔1:1:2:2:4(2..8) 止盈8% 补满再亏5%止损 拿48根,0.97,0.85,1.13,4236,1094,4375,1.12,1.12,1.19,
4h,CHoCH→OB,空,5笔等(2..8) 止盈2% 补满再亏10%止损 拿18根,0.84,0.66,0.87,4461,1147,4518,0.9,0.93,0.83,
4h,CHoCH→OB,空,5笔等(2..8) 止盈2% 补满再亏10%止损 拿48根,0.84,0.58,0.85,4444,1145,4495,0.91,0.87,0.83,
4h,CHoCH→OB,空,5笔等(2..8) 止盈2% 补满再亏5%止损 拿18根,0.86,0.69,0.87,4461,1147,4518,0.9,0.96,0.89,
4h,CHoCH→OB,空,5笔等(2..8) 止盈2% 补满再亏5%止损 拿48根,0.85,0.65,0.86,4453,1146,4506,0.92,0.91,0.91,
4h,CHoCH→OB,空,5笔等(2..8) 止盈3% 补满再亏10%止损 拿18根,0.87,0.75,1.01,4458,1147,4518,0.98,1.02,0.93,
4h,CHoCH→OB,空,5笔等(2..8) 止盈3% 补满再亏10%止损 拿48根,0.88,0.67,0.96,4419,1139,4486,0.99,0.97,0.94,
4h,CHoCH→OB,空,5笔等(2..8) 止盈3% 补满再亏5%止损 拿18根,0.9,0.81,1.02,4458,1147,4518,0.99,1.04,0.99,
4h,CHoCH→OB,空,5笔等(2..8) 止盈3% 补满再亏5%止损 拿48根,0.91,0.76,0.99,4431,1143,4500,0.99,0.97,1.02,
4h,CHoCH→OB,空,5笔等(2..8) 止盈5% 补满再亏10%止损 拿18根,0.85,0.8,1.09,4456,1146,4514,1.02,1.0,1.01,
4h,CHoCH→OB,空,5笔等(2..8) 止盈5% 补满再亏10%止损 拿48根,0.91,0.7,1.03,4327,1113,4431,1.03,1.04,1.03,
4h,CHoCH→OB,空,5笔等(2..8) 止盈5% 补满再亏5%止损 拿18根,0.88,0.87,1.1,4456,1146,4514,1.04,1.03,1.06,
4h,CHoCH→OB,空,5笔等(2..8) 止盈5% 补满再亏5%止损 拿48根,0.92,0.78,1.07,4353,1123,4456,1.05,1.02,1.09,
4h,CHoCH→OB,空,5笔等(2..8) 止盈8% 补满再亏10%止损 拿18根,0.82,0.82,1.08,4450,1143,4504,1.05,1.06,1.06,
4h,CHoCH→OB,空,5笔等(2..8) 止盈8% 补满再亏10%止损 拿48根,0.9,0.77,1.05,4177,1075,4325,1.08,1.1,1.08,
4h,CHoCH→OB,空,5笔等(2..8) 止盈8% 补满再亏5%止损 拿18根,0.83,0.87,1.08,4450,1143,4504,1.06,1.1,1.1,
4h,CHoCH→OB,空,5笔等(2..8) 止盈8% 补满再亏5%止损 拿48根,0.92,0.87,1.08,4214,1087,4362,1.1,1.07,1.12,
4h,CHoCH→OB,空,6笔深(3..18) 止盈2% 补满再亏10%止损 拿18根,0.91,0.81,0.95,4461,1147,4518,0.96,1.0,0.86,
4h,CHoCH→OB,空,6笔深(3..18) 止盈2% 补满再亏10%止损 拿48根,1.01,0.73,0.92,4452,1143,4505,0.96,1.0,0.9,
4h,CHoCH→OB,空,6笔深(3..18) 止盈2% 补满再亏5%止损 拿18根,0.92,0.74,1.0,4461,1147,4518,0.98,1.0,0.9,
4h,CHoCH→OB,空,6笔深(3..18) 止盈2% 补满再亏5%止损 拿48根,0.94,0.71,0.96,4453,1144,4506,1.01,1.0,0.93,
4h,CHoCH→OB,空,6笔深(3..18) 止盈3% 补满再亏10%止损 拿18根,0.95,0.85,1.12,4459,1147,4517,1.1,1.04,1.0,
4h,CHoCH→OB,空,6笔深(3..18) 止盈3% 补满再亏10%止损 拿48根,1.07,0.68,1.07,4430,1140,4493,1.07,1.08,1.01,
4h,CHoCH→OB,空,6笔深(3..18) 止盈3% 补满再亏5%止损 拿18根,0.97,0.83,1.14,4459,1147,4517,1.11,1.07,1.05,
4h,CHoCH→OB,空,6笔深(3..18) 止盈3% 补满再亏5%止损 拿48根,1.01,0.7,1.07,4431,1142,4494,1.12,1.08,1.06,
4h,CHoCH→OB,空,6笔深(3..18) 止盈5% 补满再亏10%止损 拿18根,1.01,0.86,1.25,4456,1146,4513,1.15,1.08,1.05,
4h,CHoCH→OB,空,6笔深(3..18) 止盈5% 补满再亏10%止损 拿48根,1.14,0.67,1.2,4332,1123,4437,1.17,1.12,1.07,
4h,CHoCH→OB,空,6笔深(3..18) 止盈5% 补满再亏5%止损 拿18根,1.02,0.89,1.21,4456,1146,4513,1.18,1.08,1.11,
4h,CHoCH→OB,空,6笔深(3..18) 止盈5% 补满再亏5%止损 拿48根,1.1,0.69,1.12,4336,1125,4440,1.2,1.11,1.13,
4h,CHoCH→OB,空,6笔深(3..18) 止盈8% 补满再亏10%止损 拿18根,0.94,0.86,1.32,4450,1143,4503,1.15,1.16,1.09,
4h,CHoCH→OB,空,6笔深(3..18) 止盈8% 补满再亏10%止损 拿48根,1.08,0.73,1.2,4158,1066,4321,1.21,1.25,1.13,
4h,CHoCH→OB,空,6笔深(3..18) 止盈8% 补满再亏5%止损 拿18根,0.95,0.9,1.28,4450,1143,4503,1.18,1.16,1.16,
4h,CHoCH→OB,空,6笔深(3..18) 止盈8% 补满再亏5%止损 拿48根,1.06,0.74,1.14,4166,1070,4327,1.23,1.26,1.19,
4h,CHoCH→OB,空,原版（结构止损、盈亏比2）,0.86,1.15,1.09,4381,1131,4432,1.02,1.07,1.01,
4h,CHoCH→OB,多,3笔1:1:1(3/6) 止盈2% 补满再亏10%止损 拿18根,0.83,0.65,0.65,5070,1450,6080,0.84,0.67,0.71,
4h,CHoCH→OB,多,3笔1:1:1(3/6) 止盈2% 补满再亏10%止损 拿48根,0.75,0.61,0.62,4998,1427,6020,0.81,0.69,0.71,
4h,CHoCH→OB,多,3笔1:1:1(3/6) 止盈2% 补满再亏5%止损 拿18根,0.85,0.65,0.72,5070,1450,6080,0.85,0.72,0.74,
4h,CHoCH→OB,多,3笔1:1:1(3/6) 止盈2% 补满再亏5%止损 拿48根,0.85,0.69,0.71,5025,1436,6052,0.83,0.75,0.75,
4h,CHoCH→OB,多,3笔1:1:1(3/6) 止盈3% 补满再亏10%止损 拿18根,0.91,0.72,0.69,5070,1450,6078,0.92,0.73,0.79,
4h,CHoCH→OB,多,3笔1:1:1(3/6) 止盈3% 补满再亏10%止损 拿48根,0.81,0.7,0.65,4956,1412,5972,0.89,0.74,0.79,
4h,CHoCH→OB,多,3笔1:1:1(3/6) 止盈3% 补满再亏5%止损 拿18根,0.94,0.73,0.75,5070,1450,6078,0.91,0.76,0.82,
4h,CHoCH→OB,多,3笔1:1:1(3/6) 止盈3% 补满再亏5%止损 拿48根,0.92,0.75,0.73,4997,1424,6024,0.89,0.8,0.83,
4h,CHoCH→OB,多,3笔1:1:1(3/6) 止盈5% 补满再亏10%止损 拿18根,0.91,0.74,0.75,5066,1447,6071,0.98,0.81,0.81,
4h,CHoCH→OB,多,3笔1:1:1(3/6) 止盈5% 补满再亏10%止损 拿48根,0.82,0.75,0.72,4823,1379,5857,0.94,0.8,0.82,
4h,CHoCH→OB,多,3笔1:1:1(3/6) 止盈5% 补满再亏5%止损 拿18根,0.95,0.76,0.79,5066,1447,6072,0.96,0.82,0.85,
4h,CHoCH→OB,多,3笔1:1:1(3/6) 止盈5% 补满再亏5%止损 拿48根,0.92,0.79,0.77,4882,1397,5949,0.94,0.83,0.86,
4h,CHoCH→OB,多,3笔1:1:1(3/6) 止盈8% 补满再亏10%止损 拿18根,0.95,0.8,0.76,5048,1441,6058,1.03,0.86,0.87,
4h,CHoCH→OB,多,3笔1:1:1(3/6) 止盈8% 补满再亏10%止损 拿48根,0.86,0.82,0.76,4675,1330,5683,1.0,0.83,0.87,
4h,CHoCH→OB,多,3笔1:1:1(3/6) 止盈8% 补满再亏5%止损 拿18根,0.99,0.79,0.8,5048,1441,6059,1.01,0.87,0.9,
4h,CHoCH→OB,多,3笔1:1:1(3/6) 止盈8% 补满再亏5%止损 拿48根,0.95,0.85,0.8,4754,1351,5804,0.99,0.86,0.9,
4h,CHoCH→OB,多,3笔1:1:2(3/6) 止盈2% 补满再亏10%止损 拿18根,0.87,0.65,0.67,5070,1450,6080,0.86,0.68,0.71,
4h,CHoCH→OB,多,3笔1:1:2(3/6) 止盈2% 补满再亏10%止损 拿48根,0.78,0.63,0.63,5009,1432,6034,0.83,0.69,0.71,
4h,CHoCH→OB,多,3笔1:1:2(3/6) 止盈2% 补满再亏5%止损 拿18根,0.91,0.65,0.75,5070,1450,6080,0.87,0.74,0.76,
4h,CHoCH→OB,多,3笔1:1:2(3/6) 止盈2% 补满再亏5%止损 拿48根,0.9,0.71,0.73,5029,1439,6057,0.86,0.76,0.76,
4h,CHoCH→OB,多,3笔1:1:2(3/6) 止盈3% 补满再亏10%止损 拿18根,0.92,0.73,0.7,5070,1450,6079,0.94,0.75,0.8,
4h,CHoCH→OB,多,3笔1:1:2(3/6) 止盈3% 补满再亏10%止损 拿48根,0.81,0.69,0.67,4972,1418,5988,0.9,0.75,0.8,
4h,CHoCH→OB,多,3笔1:1:2(3/6) 止盈3% 补满再亏5%止损 拿18根,0.96,0.74,0.77,5070,1450,6079,0.93,0.79,0.85,
4h,CHoCH→OB,多,3笔1:1:2(3/6) 止盈3% 补满再亏5%止损 拿48根,0.94,0.77,0.76,5006,1428,6034,0.91,0.83,0.85,
4h,CHoCH→OB,多,3笔1:1:2(3/6) 止盈5% 补满再亏10%止损 拿18根,0.92,0.73,0.75,5066,1447,6071,1.0,0.82,0.82,
4h,CHoCH→OB,多,3笔1:1:2(3/6) 止盈5% 补满再亏10%止损 拿48根,0.83,0.75,0.72,4842,1385,5884,0.96,0.8,0.84,
4h,CHoCH→OB,多,3笔1:1:2(3/6) 止盈5% 补满再亏5%止损 拿18根,0.98,0.76,0.8,5066,1447,6072,0.99,0.84,0.87,
4h,CHoCH→OB,多,3笔1:1:2(3/6) 止盈5% 补满再亏5%止损 拿48根,0.95,0.8,0.78,4897,1402,5962,0.96,0.85,0.89,
4h,CHoCH→OB,多,3笔1:1:2(3/6) 止盈8% 补满再亏10%止损 拿18根,0.95,0.79,0.77,5048,1442,6059,1.07,0.85,0.88,
4h,CHoCH→OB,多,3笔1:1:2(3/6) 止盈8% 补满再亏10%止损 拿48根,0.86,0.81,0.76,4690,1341,5699,1.02,0.83,0.87,
4h,CHoCH→OB,多,3笔1:1:2(3/6) 止盈8% 补满再亏5%止损 拿18根,1.0,0.8,0.82,5048,1442,6060,1.06,0.87,0.92,
4h,CHoCH→OB,多,3笔1:1:2(3/6) 止盈8% 补满再亏5%止损 拿48根,0.96,0.87,0.81,4765,1361,5819,1.02,0.87,0.91,
4h,CHoCH→OB,多,5笔1:1:2:2:4(2..8) 止盈2% 补满再亏10%止损 拿18根,0.93,0.62,0.63,5071,1450,6080,0.87,0.67,0.7,
4h,CHoCH→OB,多,5笔1:1:2:2:4(2..8) 止盈2% 补满再亏10%止损 拿48根,0.82,0.59,0.63,5035,1440,6059,0.83,0.65,0.69,
4h,CHoCH→OB,多,5笔1:1:2:2:4(2..8) 止盈2% 补满再亏5%止损 拿18根,0.97,0.64,0.7,5071,1450,6080,0.92,0.75,0.77,
4h,CHoCH→OB,多,5笔1:1:2:2:4(2..8) 止盈2% 补满再亏5%止损 拿48根,0.95,0.71,0.7,5050,1443,6066,0.91,0.79,0.76,
4h,CHoCH→OB,多,5笔1:1:2:2:4(2..8) 止盈3% 补满再亏10%止损 拿18根,0.95,0.69,0.71,5070,1450,6079,0.94,0.75,0.79,
4h,CHoCH→OB,多,5笔1:1:2:2:4(2..8) 止盈3% 补满再亏10%止损 拿48根,0.8,0.65,0.69,4990,1424,6017,0.9,0.72,0.78,
4h,CHoCH→OB,多,5笔1:1:2:2:4(2..8) 止盈3% 补满再亏5%止损 拿18根,0.99,0.71,0.77,5070,1450,6079,1.01,0.83,0.85,
4h,CHoCH→OB,多,5笔1:1:2:2:4(2..8) 止盈3% 补满再亏5%止损 拿48根,0.94,0.73,0.76,5012,1432,6036,0.97,0.84,0.84,
4h,CHoCH→OB,多,5笔1:1:2:2:4(2..8) 止盈5% 补满再亏10%止损 拿18根,0.94,0.75,0.74,5069,1447,6076,1.03,0.79,0.84,
4h,CHoCH→OB,多,5笔1:1:2:2:4(2..8) 止盈5% 补满再亏10%止损 拿48根,0.79,0.69,0.71,4876,1393,5910,0.95,0.77,0.85,
4h,CHoCH→OB,多,5笔1:1:2:2:4(2..8) 止盈5% 补满再亏5%止损 拿18根,0.99,0.76,0.79,5069,1447,6076,1.09,0.87,0.89,
4h,CHoCH→OB,多,5笔1:1:2:2:4(2..8) 止盈5% 补满再亏5%止损 拿48根,0.9,0.75,0.77,4910,1405,5965,1.02,0.85,0.9,
4h,CHoCH→OB,多,5笔1:1:2:2:4(2..8) 止盈8% 补满再亏10%止损 拿18根,0.97,0.76,0.78,5049,1441,6062,1.12,0.83,0.89,
4h,CHoCH→OB,多,5笔1:1:2:2:4(2..8) 止盈8% 补满再亏10%止损 拿48根,0.81,0.74,0.73,4714,1348,5722,1.03,0.8,0.88,
4h,CHoCH→OB,多,5笔1:1:2:2:4(2..8) 止盈8% 补满再亏5%止损 拿18根,1.02,0.77,0.81,5049,1441,6062,1.17,0.9,0.93,
4h,CHoCH→OB,多,5笔1:1:2:2:4(2..8) 止盈8% 补满再亏5%止损 拿48根,0.93,0.81,0.78,4768,1360,5802,1.07,0.88,0.91,
4h,CHoCH→OB,多,5笔等(2..8) 止盈2% 补满再亏10%止损 拿18根,0.83,0.62,0.63,5071,1450,6080,0.83,0.63,0.7,
4h,CHoCH→OB,多,5笔等(2..8) 止盈2% 补满再亏10%止损 拿48根,0.71,0.58,0.6,5010,1431,6037,0.8,0.64,0.69,
4h,CHoCH→OB,多,5笔等(2..8) 止盈2% 补满再亏5%止损 拿18根,0.84,0.62,0.67,5071,1450,6080,0.86,0.68,0.73,
4h,CHoCH→OB,多,5笔等(2..8) 止盈2% 补满再亏5%止损 拿48根,0.82,0.67,0.66,5032,1437,6055,0.85,0.7,0.73,
4h,CHoCH→OB,多,5笔等(2..8) 止盈3% 补满再亏10%止损 拿18根,0.89,0.7,0.68,5070,1450,6079,0.94,0.72,0.79,
4h,CHoCH→OB,多,5笔等(2..8) 止盈3% 补满再亏10%止损 拿48根,0.78,0.65,0.64,4959,1414,5975,0.89,0.72,0.79,
4h,CHoCH→OB,多,5笔等(2..8) 止盈3% 补满再亏5%止损 拿18根,0.93,0.69,0.71,5070,1450,6079,0.97,0.78,0.82,
4h,CHoCH→OB,多,5笔等(2..8) 止盈3% 补满再亏5%止损 拿48根,0.9,0.7,0.7,4987,1423,6017,0.94,0.8,0.83,
4h,CHoCH→OB,多,5笔等(2..8) 止盈5% 补满再亏10%止损 拿18根,0.9,0.73,0.75,5068,1447,6075,1.01,0.78,0.82,
4h,CHoCH→OB,多,5笔等(2..8) 止盈5% 补满再亏10%止损 拿48根,0.78,0.7,0.7,4832,1378,5871,0.95,0.77,0.83,
4h,CHoCH→OB,多,5笔等(2..8) 止盈5% 补满再亏5%止损 拿18根,0.94,0.72,0.77,5068,1447,6075,1.02,0.83,0.84,
4h,CHoCH→OB,多,5笔等(2..8) 止盈5% 补满再亏5%止损 拿48根,0.87,0.74,0.75,4876,1391,5931,0.99,0.84,0.85,
4h,CHoCH→OB,多,5笔等(2..8) 止盈8% 补满再亏10%止损 拿18根,0.95,0.77,0.77,5049,1440,6060,1.06,0.85,0.88,
4h,CHoCH→OB,多,5笔等(2..8) 止盈8% 补满再亏10%止损 拿48根,0.82,0.76,0.74,4679,1337,5678,1.01,0.81,0.87,
4h,CHoCH→OB,多,5笔等(2..8) 止盈8% 补满再亏5%止损 拿18根,0.99,0.77,0.79,5049,1440,6060,1.07,0.89,0.9,
4h,CHoCH→OB,多,5笔等(2..8) 止盈8% 补满再亏5%止损 拿48根,0.92,0.81,0.78,4737,1349,5762,1.02,0.88,0.89,
4h,CHoCH→OB,多,6笔深(3..18) 止盈2% 补满再亏10%止损 拿18根,0.88,0.56,0.6,5070,1450,6080,0.86,0.63,0.7,
4h,CHoCH→OB,多,6笔深(3..18) 止盈2% 补满再亏10%止损 拿48根,0.61,0.53,0.54,5010,1435,6036,0.75,0.6,0.69,
4h,CHoCH→OB,多,6笔深(3..18) 止盈2% 补满再亏5%止损 拿18根,0.97,0.64,0.66,5070,1450,6080,0.86,0.62,0.72,
4h,CHoCH→OB,多,6笔深(3..18) 止盈2% 补满再亏5%止损 拿48根,0.72,0.59,0.57,5014,1435,6039,0.77,0.59,0.7,
4h,CHoCH→OB,多,6笔深(3..18) 止盈3% 补满再亏10%止损 拿18根,0.86,0.64,0.65,5070,1450,6078,0.92,0.71,0.79,
4h,CHoCH→OB,多,6笔深(3..18) 止盈3% 补满再亏10%止损 拿48根,0.58,0.6,0.59,4979,1419,5995,0.81,0.72,0.78,
4h,CHoCH→OB,多,6笔深(3..18) 止盈3% 补满再亏5%止损 拿18根,0.96,0.73,0.73,5070,1450,6078,0.93,0.66,0.8,
4h,CHoCH→OB,多,6笔深(3..18) 止盈3% 补满再亏5%止损 拿48根,0.68,0.67,0.64,4983,1419,5999,0.84,0.68,0.79,
4h,CHoCH→OB,多,6笔深(3..18) 止盈5% 补满再亏10%止损 拿18根,0.83,0.7,0.72,5066,1447,6072,0.99,0.79,0.83,
4h,CHoCH→OB,多,6笔深(3..18) 止盈5% 补满再亏10%止损 拿48根,0.59,0.64,0.64,4824,1381,5882,0.85,0.71,0.85,
4h,CHoCH→OB,多,6笔深(3..18) 止盈5% 补满再亏5%止损 拿18根,0.95,0.75,0.78,5066,1447,6072,1.0,0.74,0.85,
4h,CHoCH→OB,多,6笔深(3..18) 止盈5% 补满再亏5%止损 拿48根,0.69,0.67,0.69,4832,1382,5888,0.9,0.69,0.85,
4h,CHoCH→OB,多,6笔深(3..18) 止盈8% 补满再亏10%止损 拿18根,0.88,0.76,0.75,5048,1441,6060,1.07,0.87,0.89,
4h,CHoCH→OB,多,6笔深(3..18) 止盈8% 补满再亏10%止损 拿48根,0.62,0.65,0.66,4666,1325,5668,0.96,0.76,0.88,
4h,CHoCH→OB,多,6笔深(3..18) 止盈8% 补满再亏5%止损 拿18根,1.0,0.81,0.8,5048,1441,6060,1.11,0.8,0.91,
4h,CHoCH→OB,多,6笔深(3..18) 止盈8% 补满再亏5%止损 拿48根,0.71,0.69,0.69,4676,1327,5677,1.01,0.73,0.88,
4h,CHoCH→OB,多,原版（结构止损、盈亏比2）,0.85,1.03,0.9,4944,1407,5982,0.92,0.88,0.9,
4h,扫流动性+CHoCH市价,空,3笔1:1:1(3/6) 止盈2% 补满再亏10%止损 拿18根,0.94,1.15,1.04,3110,892,2719,0.92,0.95,0.81,
4h,扫流动性+CHoCH市价,空,3笔1:1:1(3/6) 止盈2% 补满再亏10%止损 拿48根,1.0,1.24,0.99,3058,880,2688,0.94,0.89,0.83,
4h,扫流动性+CHoCH市价,空,3笔1:1:1(3/6) 止盈2% 补满再亏5%止损 拿18根,0.95,1.09,1.01,3110,892,2719,0.91,0.94,0.85,
4h,扫流动性+CHoCH市价,空,3笔1:1:1(3/6) 止盈2% 补满再亏5%止损 拿48根,0.99,1.16,0.94,3083,884,2701,0.94,0.9,0.87,
4h,扫流动性+CHoCH市价,空,3笔1:1:1(3/6) 止盈3% 补满再亏10%止损 拿18根,0.97,1.16,1.15,3108,892,2717,0.99,1.01,0.92,
4h,扫流动性+CHoCH市价,空,3笔1:1:1(3/6) 止盈3% 补满再亏10%止损 拿48根,1.01,1.11,1.06,3012,864,2655,0.99,1.0,0.94,
4h,扫流动性+CHoCH市价,空,3笔1:1:1(3/6) 止盈3% 补满再亏5%止损 拿18根,1.0,1.12,1.09,3108,892,2717,0.99,1.02,0.95,
4h,扫流动性+CHoCH市价,空,3笔1:1:1(3/6) 止盈3% 补满再亏5%止损 拿48根,1.04,1.06,1.01,3048,872,2672,1.0,1.0,0.97,
4h,扫流动性+CHoCH市价,空,3笔1:1:1(3/6) 止盈5% 补满再亏10%止损 拿18根,0.92,1.1,1.16,3102,890,2713,1.03,1.02,1.0,
4h,扫流动性+CHoCH市价,空,3笔1:1:1(3/6) 止盈5% 补满再亏10%止损 拿48根,0.97,1.04,1.12,2921,842,2592,1.03,1.04,1.03,
4h,扫流动性+CHoCH市价,空,3笔1:1:1(3/6) 止盈5% 补满再亏5%止损 拿18根,0.95,1.07,1.11,3102,890,2713,1.03,1.03,1.04,
4h,扫流动性+CHoCH市价,空,3笔1:1:1(3/6) 止盈5% 补满再亏5%止损 拿48根,0.98,1.03,1.1,2972,851,2617,1.06,1.02,1.06,
4h,扫流动性+CHoCH市价,空,3笔1:1:1(3/6) 止盈8% 补满再亏10%止损 拿18根,0.86,1.14,1.13,3098,890,2712,1.03,1.05,1.04,
4h,扫流动性+CHoCH市价,空,3笔1:1:1(3/6) 止盈8% 补满再亏10%止损 拿48根,0.94,1.05,1.19,2833,823,2531,1.08,1.09,1.08,
4h,扫流动性+CHoCH市价,空,3笔1:1:1(3/6) 止盈8% 补满再亏5%止损 拿18根,0.9,1.14,1.09,3098,890,2712,1.05,1.07,1.09,
4h,扫流动性+CHoCH市价,空,3笔1:1:1(3/6) 止盈8% 补满再亏5%止损 拿48根,0.94,1.06,1.17,2893,832,2561,1.1,1.06,1.1,
4h,扫流动性+CHoCH市价,空,3笔1:1:2(3/6) 止盈2% 补满再亏10%止损 拿18根,0.93,1.2,1.04,3110,892,2719,0.93,0.95,0.84,
4h,扫流动性+CHoCH市价,空,3笔1:1:2(3/6) 止盈2% 补满再亏10%止损 拿48根,0.99,1.27,1.01,3068,881,2698,0.95,0.9,0.85,
4h,扫流动性+CHoCH市价,空,3笔1:1:2(3/6) 止盈2% 补满再亏5%止损 拿18根,0.96,1.11,1.04,3110,892,2719,0.95,0.96,0.9,
4h,扫流动性+CHoCH市价,空,3笔1:1:2(3/6) 止盈2% 补满再亏5%止损 拿48根,0.98,1.17,0.98,3087,885,2704,0.98,0.91,0.91,
4h,扫流动性+CHoCH市价,空,3笔1:1:2(3/6) 止盈3% 补满再亏10%止损 拿18根,0.96,1.19,1.15,3109,892,2717,1.01,1.03,0.96,
4h,扫流动性+CHoCH市价,空,3笔1:1:2(3/6) 止盈3% 补满再亏10%止损 拿48根,0.99,1.11,1.05,3031,868,2666,1.0,0.99,0.98,
4h,扫流动性+CHoCH市价,空,3笔1:1:2(3/6) 止盈3% 补满再亏5%止损 拿18根,1.0,1.15,1.1,3109,892,2717,1.01,1.04,1.02,
4h,扫流动性+CHoCH市价,空,3笔1:1:2(3/6) 止盈3% 补满再亏5%止损 拿48根,1.01,1.08,1.01,3064,875,2682,1.02,0.99,1.03,
4h,扫流动性+CHoCH市价,空,3笔1:1:2(3/6) 止盈5% 补满再亏10%止损 拿18根,0.89,1.11,1.18,3104,890,2715,1.04,1.02,1.02,
4h,扫流动性+CHoCH市价,空,3笔1:1:2(3/6) 止盈5% 补满再亏10%止损 拿48根,0.95,1.0,1.11,2936,845,2602,1.02,1.02,1.05,
4h,扫流动性+CHoCH市价,空,3笔1:1:2(3/6) 止盈5% 补满再亏5%止损 拿18根,0.92,1.08,1.14,3104,890,2715,1.06,1.04,1.08,
4h,扫流动性+CHoCH市价,空,3笔1:1:2(3/6) 止盈5% 补满再亏5%止损 拿48根,0.96,1.0,1.11,2983,854,2627,1.08,1.01,1.1,
4h,扫流动性+CHoCH市价,空,3笔1:1:2(3/6) 止盈8% 补满再亏10%止损 拿18根,0.84,1.13,1.16,3098,890,2712,1.04,1.07,1.06,
4h,扫流动性+CHoCH市价,空,3笔1:1:2(3/6) 止盈8% 补满再亏10%止损 拿48根,0.93,1.02,1.18,2836,824,2532,1.07,1.09,1.1,
4h,扫流动性+CHoCH市价,空,3笔1:1:2(3/6) 止盈8% 补满再亏5%止损 拿18根,0.89,1.13,1.12,3098,890,2712,1.07,1.09,1.13,
4h,扫流动性+CHoCH市价,空,3笔1:1:2(3/6) 止盈8% 补满再亏5%止损 拿48根,0.93,1.04,1.17,2895,833,2561,1.11,1.08,1.14,
4h,扫流动性+CHoCH市价,空,5笔1:1:2:2:4(2..8) 止盈2% 补满再亏10%止损 拿18根,1.06,1.56,1.04,3110,892,2719,0.92,1.0,0.89,
4h,扫流动性+CHoCH市价,空,5笔1:1:2:2:4(2..8) 止盈2% 补满再亏10%止损 拿48根,1.08,1.3,1.01,3078,885,2701,0.93,0.96,0.9,
4h,扫流动性+CHoCH市价,空,5笔1:1:2:2:4(2..8) 止盈2% 补满再亏5%止损 拿18根,0.99,1.32,1.0,3110,892,2719,0.94,1.01,0.97,
4h,扫流动性+CHoCH市价,空,5笔1:1:2:2:4(2..8) 止盈2% 补满再亏5%止损 拿48根,0.99,1.23,0.96,3088,886,2708,0.97,0.95,0.98,
4h,扫流动性+CHoCH市价,空,5笔1:1:2:2:4(2..8) 止盈3% 补满再亏10%止损 拿18根,0.99,1.39,1.1,3110,892,2718,1.02,1.06,0.98,
4h,扫流动性+CHoCH市价,空,5笔1:1:2:2:4(2..8) 止盈3% 补满再亏10%止损 拿48根,0.96,1.32,1.01,3045,876,2677,1.02,0.99,0.99,
4h,扫流动性+CHoCH市价,空,5笔1:1:2:2:4(2..8) 止盈3% 补满再亏5%止损 拿18根,0.96,1.27,1.09,3110,892,2718,1.04,1.09,1.08,
4h,扫流动性+CHoCH市价,空,5笔1:1:2:2:4(2..8) 止盈3% 补满再亏5%止损 拿48根,0.93,1.31,1.0,3064,880,2687,1.04,1.0,1.11,
4h,扫流动性+CHoCH市价,空,5笔1:1:2:2:4(2..8) 止盈5% 补满再亏10%止损 拿18根,0.89,1.31,1.16,3105,891,2715,1.05,1.05,1.07,
4h,扫流动性+CHoCH市价,空,5笔1:1:2:2:4(2..8) 止盈5% 补满再亏10%止损 拿48根,0.94,0.98,1.06,2949,852,2609,1.05,1.05,1.08,
4h,扫流动性+CHoCH市价,空,5笔1:1:2:2:4(2..8) 止盈5% 补满再亏5%止损 拿18根,0.89,1.23,1.15,3105,891,2715,1.09,1.09,1.16,
4h,扫流动性+CHoCH市价,空,5笔1:1:2:2:4(2..8) 止盈5% 补满再亏5%止损 拿48根,0.91,1.02,1.06,2982,858,2626,1.08,1.06,1.18,
4h,扫流动性+CHoCH市价,空,5笔1:1:2:2:4(2..8) 止盈8% 补满再亏10%止损 拿18根,0.83,1.23,1.18,3100,890,2712,1.07,1.11,1.1,
4h,扫流动性+CHoCH市价,空,5笔1:1:2:2:4(2..8) 止盈8% 补满再亏10%止损 拿48根,0.91,1.0,1.15,2834,824,2529,1.07,1.12,1.12,
4h,扫流动性+CHoCH市价,空,5笔1:1:2:2:4(2..8) 止盈8% 补满再亏5%止损 拿18根,0.83,1.2,1.19,3100,890,2712,1.1,1.16,1.18,
4h,扫流动性+CHoCH市价,空,5笔1:1:2:2:4(2..8) 止盈8% 补满再亏5%止损 拿48根,0.89,1.05,1.17,2872,830,2550,1.12,1.12,1.19,
4h,扫流动性+CHoCH市价,空,5笔等(2..8) 止盈2% 补满再亏10%止损 拿18根,0.93,1.42,1.02,3110,892,2719,0.9,0.93,0.83,
4h,扫流动性+CHoCH市价,空,5笔等(2..8) 止盈2% 补满再亏10%止损 拿48根,0.98,1.45,0.97,3062,879,2690,0.91,0.87,0.83,
4h,扫流动性+CHoCH市价,空,5笔等(2..8) 止盈2% 补满再亏5%止损 拿18根,0.91,1.25,0.99,3110,892,2719,0.9,0.96,0.89,
4h,扫流动性+CHoCH市价,空,5笔等(2..8) 止盈2% 补满再亏5%止损 拿48根,0.95,1.3,0.92,3077,882,2699,0.92,0.91,0.91,
4h,扫流动性+CHoCH市价,空,5笔等(2..8) 止盈3% 补满再亏10%止损 拿18根,1.0,1.27,1.11,3110,892,2718,0.98,1.02,0.93,
4h,扫流动性+CHoCH市价,空,5笔等(2..8) 止盈3% 补满再亏10%止损 拿48根,1.0,1.23,1.03,3027,868,2667,0.99,0.97,0.94,
4h,扫流动性+CHoCH市价,空,5笔等(2..8) 止盈3% 补满再亏5%止损 拿18根,0.98,1.22,1.08,3110,892,2718,0.99,1.04,0.99,
4h,扫流动性+CHoCH市价,空,5笔等(2..8) 止盈3% 补满再亏5%止损 拿48根,0.98,1.19,0.99,3049,873,2681,0.99,0.97,1.02,
4h,扫流动性+CHoCH市价,空,5笔等(2..8) 止盈5% 补满再亏10%止损 拿18根,0.91,1.26,1.13,3104,891,2714,1.02,1.0,1.01,
4h,扫流动性+CHoCH市价,空,5笔等(2..8) 止盈5% 补满再亏10%止损 拿48根,0.98,1.04,1.08,2929,846,2588,1.03,1.04,1.03,
4h,扫流动性+CHoCH市价,空,5笔等(2..8) 止盈5% 补满再亏5%止损 拿18根,0.91,1.2,1.12,3104,891,2714,1.04,1.03,1.06,
4h,扫流动性+CHoCH市价,空,5笔等(2..8) 止盈5% 补满再亏5%止损 拿48根,0.95,1.06,1.07,2960,851,2608,1.05,1.02,1.09,
4h,扫流动性+CHoCH市价,空,5笔等(2..8) 止盈8% 补满再亏10%止损 拿18根,0.86,1.23,1.11,3099,890,2712,1.05,1.06,1.06,
4h,扫流动性+CHoCH市价,空,5笔等(2..8) 止盈8% 补满再亏10%止损 拿48根,0.94,1.04,1.14,2826,823,2524,1.08,1.1,1.08,
4h,扫流动性+CHoCH市价,空,5笔等(2..8) 止盈8% 补满再亏5%止损 拿18根,0.86,1.2,1.12,3099,890,2712,1.06,1.1,1.1,
4h,扫流动性+CHoCH市价,空,5笔等(2..8) 止盈8% 补满再亏5%止损 拿48根,0.92,1.06,1.15,2864,829,2547,1.1,1.07,1.12,
4h,扫流动性+CHoCH市价,空,6笔深(3..18) 止盈2% 补满再亏10%止损 拿18根,1.02,1.38,1.22,3110,892,2719,0.96,1.0,0.86,
4h,扫流动性+CHoCH市价,空,6笔深(3..18) 止盈2% 补满再亏10%止损 拿48根,1.06,1.35,1.2,3075,885,2694,0.96,1.0,0.9,
4h,扫流动性+CHoCH市价,空,6笔深(3..18) 止盈2% 补满再亏5%止损 拿18根,1.09,1.47,1.1,3110,892,2719,0.98,1.0,0.9,
4h,扫流动性+CHoCH市价,空,6笔深(3..18) 止盈2% 补满再亏5%止损 拿48根,1.08,1.44,1.08,3076,885,2695,1.01,1.0,0.93,
4h,扫流动性+CHoCH市价,空,6笔深(3..18) 止盈3% 补满再亏10%止损 拿18根,1.08,1.38,1.38,3109,892,2717,1.1,1.04,1.0,
4h,扫流动性+CHoCH市价,空,6笔深(3..18) 止盈3% 补满再亏10%止损 拿48根,1.04,1.3,1.3,3027,874,2664,1.07,1.08,1.01,
4h,扫流动性+CHoCH市价,空,6笔深(3..18) 止盈3% 补满再亏5%止损 拿18根,1.14,1.48,1.26,3109,892,2717,1.11,1.07,1.05,
4h,扫流动性+CHoCH市价,空,6笔深(3..18) 止盈3% 补满再亏5%止损 拿48根,1.07,1.38,1.17,3028,874,2665,1.12,1.08,1.06,
4h,扫流动性+CHoCH市价,空,6笔深(3..18) 止盈5% 补满再亏10%止损 拿18根,0.99,1.17,1.34,3102,890,2713,1.15,1.08,1.05,
4h,扫流动性+CHoCH市价,空,6笔深(3..18) 止盈5% 补满再亏10%止损 拿48根,1.06,1.06,1.26,2923,844,2591,1.17,1.12,1.07,
4h,扫流动性+CHoCH市价,空,6笔深(3..18) 止盈5% 补满再亏5%止损 拿18根,1.06,1.31,1.26,3102,890,2713,1.18,1.08,1.11,
4h,扫流动性+CHoCH市价,空,6笔深(3..18) 止盈5% 补满再亏5%止损 拿48根,1.07,1.17,1.18,2926,844,2593,1.2,1.11,1.13,
4h,扫流动性+CHoCH市价,空,6笔深(3..18) 止盈8% 补满再亏10%止损 拿18根,0.88,1.16,1.26,3098,890,2712,1.15,1.16,1.09,
4h,扫流动性+CHoCH市价,空,6笔深(3..18) 止盈8% 补满再亏10%止损 拿48根,0.96,1.09,1.23,2818,821,2519,1.21,1.25,1.13,
4h,扫流动性+CHoCH市价,空,6笔深(3..18) 止盈8% 补满再亏5%止损 拿18根,0.95,1.29,1.22,3098,890,2712,1.18,1.16,1.16,
4h,扫流动性+CHoCH市价,空,6笔深(3..18) 止盈8% 补满再亏5%止损 拿48根,0.99,1.15,1.24,2822,821,2520,1.23,1.26,1.19,
4h,扫流动性+CHoCH市价,空,原版（结构止损、盈亏比2）,1.18,1.36,1.29,2980,850,2602,1.02,1.07,1.01,✔
4h,扫流动性+CHoCH市价,多,3笔1:1:1(3/6) 止盈2% 补满再亏10%止损 拿18根,0.78,0.65,0.73,3349,912,3337,0.84,0.67,0.71,
4h,扫流动性+CHoCH市价,多,3笔1:1:1(3/6) 止盈2% 补满再亏10%止损 拿48根,0.72,0.63,0.65,3272,898,3277,0.81,0.69,0.71,
4h,扫流动性+CHoCH市价,多,3笔1:1:1(3/6) 止盈2% 补满再亏5%止损 拿18根,0.8,0.69,0.78,3349,912,3337,0.85,0.72,0.74,
4h,扫流动性+CHoCH市价,多,3笔1:1:1(3/6) 止盈2% 补满再亏5%止损 拿48根,0.74,0.71,0.75,3304,902,3306,0.83,0.75,0.75,
4h,扫流动性+CHoCH市价,多,3笔1:1:1(3/6) 止盈3% 补满再亏10%止损 拿18根,0.84,0.72,0.79,3347,912,3336,0.92,0.73,0.79,
4h,扫流动性+CHoCH市价,多,3笔1:1:1(3/6) 止盈3% 补满再亏10%止损 拿48根,0.78,0.68,0.7,3225,889,3251,0.89,0.74,0.79,
4h,扫流动性+CHoCH市价,多,3笔1:1:1(3/6) 止盈3% 补满再亏5%止损 拿18根,0.86,0.75,0.83,3347,912,3336,0.91,0.76,0.82,
4h,扫流动性+CHoCH市价,多,3笔1:1:1(3/6) 止盈3% 补满再亏5%止损 拿48根,0.81,0.76,0.81,3264,895,3281,0.89,0.8,0.83,
4h,扫流动性+CHoCH市价,多,3笔1:1:1(3/6) 止盈5% 补满再亏10%止损 拿18根,0.91,0.72,0.8,3342,909,3327,0.98,0.81,0.81,
4h,扫流动性+CHoCH市价,多,3笔1:1:1(3/6) 止盈5% 补满再亏10%止损 拿48根,0.83,0.71,0.77,3119,861,3172,0.94,0.8,0.82,
4h,扫流动性+CHoCH市价,多,3笔1:1:1(3/6) 止盈5% 补满再亏5%止损 拿18根,0.92,0.74,0.84,3342,909,3327,0.96,0.82,0.85,
4h,扫流动性+CHoCH市价,多,3笔1:1:1(3/6) 止盈5% 补满再亏5%止损 拿48根,0.86,0.79,0.84,3163,868,3214,0.94,0.83,0.86,
4h,扫流动性+CHoCH市价,多,3笔1:1:1(3/6) 止盈8% 补满再亏10%止损 拿18根,0.98,0.71,0.82,3337,908,3325,1.03,0.86,0.87,
4h,扫流动性+CHoCH市价,多,3笔1:1:1(3/6) 止盈8% 补满再亏10%止损 拿48根,0.89,0.67,0.83,3033,836,3100,1.0,0.83,0.87,
4h,扫流动性+CHoCH市价,多,3笔1:1:1(3/6) 止盈8% 补满再亏5%止损 拿18根,0.98,0.74,0.85,3337,908,3325,1.01,0.87,0.9,
4h,扫流动性+CHoCH市价,多,3笔1:1:1(3/6) 止盈8% 补满再亏5%止损 拿48根,0.93,0.8,0.88,3086,846,3149,0.99,0.86,0.9,
4h,扫流动性+CHoCH市价,多,3笔1:1:2(3/6) 止盈2% 补满再亏10%止损 拿18根,0.78,0.64,0.73,3349,912,3337,0.86,0.68,0.71,
4h,扫流动性+CHoCH市价,多,3笔1:1:2(3/6) 止盈2% 补满再亏10%止损 拿48根,0.72,0.63,0.65,3285,901,3289,0.83,0.69,0.71,
4h,扫流动性+CHoCH市价,多,3笔1:1:2(3/6) 止盈2% 补满再亏5%止损 拿18根,0.8,0.7,0.79,3349,912,3337,0.87,0.74,0.76,
4h,扫流动性+CHoCH市价,多,3笔1:1:2(3/6) 止盈2% 补满再亏5%止损 拿48根,0.74,0.72,0.77,3314,905,3311,0.86,0.76,0.76,
4h,扫流动性+CHoCH市价,多,3笔1:1:2(3/6) 止盈3% 补满再亏10%止损 拿18根,0.86,0.72,0.79,3348,912,3336,0.94,0.75,0.8,
4h,扫流动性+CHoCH市价,多,3笔1:1:2(3/6) 止盈3% 补满再亏10%止损 拿48根,0.79,0.67,0.68,3244,891,3263,0.9,0.75,0.8,
4h,扫流动性+CHoCH市价,多,3笔1:1:2(3/6) 止盈3% 补满再亏5%止损 拿18根,0.89,0.75,0.85,3348,912,3336,0.93,0.79,0.85,
4h,扫流动性+CHoCH市价,多,3笔1:1:2(3/6) 止盈3% 补满再亏5%止损 拿48根,0.82,0.75,0.8,3281,897,3294,0.91,0.83,0.85,
4h,扫流动性+CHoCH市价,多,3笔1:1:2(3/6) 止盈5% 补满再亏10%止损 拿18根,0.92,0.71,0.81,3342,909,3331,1.0,0.82,0.82,
4h,扫流动性+CHoCH市价,多,3笔1:1:2(3/6) 止盈5% 补满再亏10%止损 拿48根,0.84,0.7,0.77,3135,864,3191,0.96,0.8,0.84,
4h,扫流动性+CHoCH市价,多,3笔1:1:2(3/6) 止盈5% 补满再亏5%止损 拿18根,0.93,0.73,0.85,3342,909,3331,0.99,0.84,0.87,
4h,扫流动性+CHoCH市价,多,3笔1:1:2(3/6) 止盈5% 补满再亏5%止损 拿48根,0.87,0.8,0.85,3180,871,3230,0.96,0.85,0.89,
4h,扫流动性+CHoCH市价,多,3笔1:1:2(3/6) 止盈8% 补满再亏10%止损 拿18根,1.0,0.69,0.82,3337,908,3325,1.07,0.85,0.88,
4h,扫流动性+CHoCH市价,多,3笔1:1:2(3/6) 止盈8% 补满再亏10%止损 拿48根,0.9,0.66,0.82,3035,836,3101,1.02,0.83,0.87,
4h,扫流动性+CHoCH市价,多,3笔1:1:2(3/6) 止盈8% 补满再亏5%止损 拿18根,1.01,0.72,0.86,3337,908,3325,1.06,0.87,0.92,
4h,扫流动性+CHoCH市价,多,3笔1:1:2(3/6) 止盈8% 补满再亏5%止损 拿48根,0.95,0.78,0.88,3087,846,3149,1.02,0.87,0.91,
4h,扫流动性+CHoCH市价,多,5笔1:1:2:2:4(2..8) 止盈2% 补满再亏10%止损 拿18根,0.81,0.63,0.73,3350,912,3337,0.87,0.67,0.7,
4h,扫流动性+CHoCH市价,多,5笔1:1:2:2:4(2..8) 止盈2% 补满再亏10%止损 拿48根,0.77,0.65,0.66,3302,905,3306,0.83,0.65,0.69,
4h,扫流动性+CHoCH市价,多,5笔1:1:2:2:4(2..8) 止盈2% 补满再亏5%止损 拿18根,0.86,0.69,0.81,3350,912,3337,0.92,0.75,0.77,
4h,扫流动性+CHoCH市价,多,5笔1:1:2:2:4(2..8) 止盈2% 补满再亏5%止损 拿48根,0.84,0.69,0.75,3312,907,3316,0.91,0.79,0.76,
4h,扫流动性+CHoCH市价,多,5笔1:1:2:2:4(2..8) 止盈3% 补满再亏10%止损 拿18根,0.89,0.68,0.77,3347,912,3337,0.94,0.75,0.79,
4h,扫流动性+CHoCH市价,多,5笔1:1:2:2:4(2..8) 止盈3% 补满再亏10%止损 拿48根,0.79,0.66,0.67,3263,896,3276,0.9,0.72,0.78,
4h,扫流动性+CHoCH市价,多,5笔1:1:2:2:4(2..8) 止盈3% 补满再亏5%止损 拿18根,0.95,0.73,0.86,3347,912,3337,1.01,0.83,0.85,
4h,扫流动性+CHoCH市价,多,5笔1:1:2:2:4(2..8) 止盈3% 补满再亏5%止损 拿48根,0.87,0.69,0.76,3279,902,3292,0.97,0.84,0.84,
4h,扫流动性+CHoCH市价,多,5笔1:1:2:2:4(2..8) 止盈5% 补满再亏10%止损 拿18根,0.97,0.76,0.79,3344,910,3330,1.03,0.79,0.84,
4h,扫流动性+CHoCH市价,多,5笔1:1:2:2:4(2..8) 止盈5% 补满再亏10%止损 拿48根,0.84,0.7,0.72,3156,871,3206,0.95,0.77,0.85,
4h,扫流动性+CHoCH市价,多,5笔1:1:2:2:4(2..8) 止盈5% 补满再亏5%止损 拿18根,1.02,0.78,0.86,3344,910,3330,1.09,0.87,0.89,
4h,扫流动性+CHoCH市价,多,5笔1:1:2:2:4(2..8) 止盈5% 补满再亏5%止损 拿48根,0.93,0.73,0.8,3174,878,3231,1.02,0.85,0.9,
4h,扫流动性+CHoCH市价,多,5笔1:1:2:2:4(2..8) 止盈8% 补满再亏10%止损 拿18根,1.07,0.65,0.78,3338,908,3325,1.12,0.83,0.89,
4h,扫流动性+CHoCH市价,多,5笔1:1:2:2:4(2..8) 止盈8% 补满再亏10%止损 拿48根,0.9,0.65,0.78,3042,839,3103,1.03,0.8,0.88,
4h,扫流动性+CHoCH市价,多,5笔1:1:2:2:4(2..8) 止盈8% 补满再亏5%止损 拿18根,1.1,0.67,0.84,3338,908,3325,1.17,0.9,0.93,
4h,扫流动性+CHoCH市价,多,5笔1:1:2:2:4(2..8) 止盈8% 补满再亏5%止损 拿48根,1.01,0.69,0.83,3063,846,3132,1.07,0.88,0.91,
4h,扫流动性+CHoCH市价,多,5笔等(2..8) 止盈2% 补满再亏10%止损 拿18根,0.8,0.64,0.72,3349,912,3337,0.83,0.63,0.7,
4h,扫流动性+CHoCH市价,多,5笔等(2..8) 止盈2% 补满再亏10%止损 拿48根,0.73,0.69,0.65,3282,898,3289,0.8,0.64,0.69,
4h,扫流动性+CHoCH市价,多,5笔等(2..8) 止盈2% 补满再亏5%止损 拿18根,0.83,0.67,0.78,3349,912,3337,0.86,0.68,0.73,
4h,扫流动性+CHoCH市价,多,5笔等(2..8) 止盈2% 补满再亏5%止损 拿48根,0.78,0.69,0.71,3293,903,3303,0.85,0.7,0.73,
4h,扫流动性+CHoCH市价,多,5笔等(2..8) 止盈3% 补满再亏10%止损 拿18根,0.86,0.7,0.76,3346,912,3337,0.94,0.72,0.79,
4h,扫流动性+CHoCH市价,多,5笔等(2..8) 止盈3% 补满再亏10%止损 拿48根,0.79,0.67,0.68,3244,889,3256,0.89,0.72,0.79,
4h,扫流动性+CHoCH市价,多,5笔等(2..8) 止盈3% 补满再亏5%止损 拿18根,0.9,0.73,0.81,3346,912,3337,0.97,0.78,0.82,
4h,扫流动性+CHoCH市价,多,5笔等(2..8) 止盈3% 补满再亏5%止损 拿48根,0.85,0.68,0.75,3259,896,3274,0.94,0.8,0.83,
4h,扫流动性+CHoCH市价,多,5笔等(2..8) 止盈5% 补满再亏10%止损 拿18根,0.94,0.73,0.8,3342,910,3328,1.01,0.78,0.82,
4h,扫流动性+CHoCH市价,多,5笔等(2..8) 止盈5% 补满再亏10%止损 拿48根,0.83,0.69,0.75,3122,863,3176,0.95,0.77,0.83,
4h,扫流动性+CHoCH市价,多,5笔等(2..8) 止盈5% 补满再亏5%止损 拿18根,0.97,0.74,0.84,3342,910,3328,1.02,0.83,0.84,
4h,扫流动性+CHoCH市价,多,5笔等(2..8) 止盈5% 补满再亏5%止损 拿48根,0.9,0.73,0.8,3141,870,3204,0.99,0.84,0.85,
4h,扫流动性+CHoCH市价,多,5笔等(2..8) 止盈8% 补满再亏10%止损 拿18根,1.01,0.67,0.8,3338,908,3325,1.06,0.85,0.88,
4h,扫流动性+CHoCH市价,多,5笔等(2..8) 止盈8% 补满再亏10%止损 拿48根,0.87,0.64,0.8,3034,836,3095,1.01,0.81,0.87,
4h,扫流动性+CHoCH市价,多,5笔等(2..8) 止盈8% 补满再亏5%止损 拿18根,1.02,0.69,0.84,3338,908,3325,1.07,0.89,0.9,
4h,扫流动性+CHoCH市价,多,5笔等(2..8) 止盈8% 补满再亏5%止损 拿48根,0.95,0.69,0.85,3055,843,3123,1.02,0.88,0.89,
4h,扫流动性+CHoCH市价,多,6笔深(3..18) 止盈2% 补满再亏10%止损 拿18根,0.84,0.55,0.66,3349,912,3337,0.86,0.63,0.7,
4h,扫流动性+CHoCH市价,多,6笔深(3..18) 止盈2% 补满再亏10%止损 拿48根,0.64,0.52,0.54,3285,897,3287,0.75,0.6,0.69,
4h,扫流动性+CHoCH市价,多,6笔深(3..18) 止盈2% 补满再亏5%止损 拿18根,0.86,0.56,0.7,3349,912,3337,0.86,0.62,0.72,
4h,扫流动性+CHoCH市价,多,6笔深(3..18) 止盈2% 补满再亏5%止损 拿48根,0.69,0.53,0.58,3288,897,3288,0.77,0.59,0.7,
4h,扫流动性+CHoCH市价,多,6笔深(3..18) 止盈3% 补满再亏10%止损 拿18根,0.94,0.68,0.73,3348,912,3336,0.92,0.71,0.79,
4h,扫流动性+CHoCH市价,多,6笔深(3..18) 止盈3% 补满再亏10%止损 拿48根,0.69,0.6,0.57,3237,891,3255,0.81,0.72,0.78,
4h,扫流动性+CHoCH市价,多,6笔深(3..18) 止盈3% 补满再亏5%止损 拿18根,0.94,0.69,0.77,3348,912,3336,0.93,0.66,0.8,
4h,扫流动性+CHoCH市价,多,6笔深(3..18) 止盈3% 补满再亏5%止损 拿48根,0.76,0.63,0.61,3241,891,3256,0.84,0.68,0.79,
4h,扫流动性+CHoCH市价,多,6笔深(3..18) 止盈5% 补满再亏10%止损 拿18根,1.02,0.68,0.77,3343,909,3327,0.99,0.79,0.83,
4h,扫流动性+CHoCH市价,多,6笔深(3..18) 止盈5% 补满再亏10%止损 拿48根,0.67,0.63,0.67,3128,864,3171,0.85,0.71,0.85,
4h,扫流动性+CHoCH市价,多,6笔深(3..18) 止盈5% 补满再亏5%止损 拿18根,1.03,0.69,0.8,3343,909,3327,1.0,0.74,0.85,
4h,扫流动性+CHoCH市价,多,6笔深(3..18) 止盈5% 补满再亏5%止损 拿48根,0.77,0.65,0.7,3132,864,3172,0.9,0.69,0.85,
4h,扫流动性+CHoCH市价,多,6笔深(3..18) 止盈8% 补满再亏10%止损 拿18根,1.15,0.68,0.78,3337,908,3325,1.07,0.87,0.89,
4h,扫流动性+CHoCH市价,多,6笔深(3..18) 止盈8% 补满再亏10%止损 拿48根,0.71,0.71,0.7,3025,836,3087,0.96,0.76,0.88,
4h,扫流动性+CHoCH市价,多,6笔深(3..18) 止盈8% 补满再亏5%止损 拿18根,1.15,0.68,0.82,3337,908,3325,1.11,0.8,0.91,
4h,扫流动性+CHoCH市价,多,6笔深(3..18) 止盈8% 补满再亏5%止损 拿48根,0.82,0.72,0.72,3029,836,3087,1.01,0.73,0.88,
4h,扫流动性+CHoCH市价,多,原版（结构止损、盈亏比2）,0.86,0.88,0.9,3213,882,3251,0.92,0.88,0.9,
4h,扫流动性+CHoCH→FVG,空,3笔1:1:1(3/6) 止盈2% 补满再亏10%止损 拿18根,0.73,0.85,0.86,1859,534,1865,0.92,0.95,0.81,
4h,扫流动性+CHoCH→FVG,空,3笔1:1:1(3/6) 止盈2% 补满再亏10%止损 拿48根,0.76,0.88,0.89,1852,534,1860,0.94,0.89,0.83,
4h,扫流动性+CHoCH→FVG,空,3笔1:1:1(3/6) 止盈2% 补满再亏5%止损 拿18根,0.78,0.9,0.82,1859,535,1865,0.91,0.94,0.85,
4h,扫流动性+CHoCH→FVG,空,3笔1:1:1(3/6) 止盈2% 补满再亏5%止损 拿48根,0.8,0.99,0.81,1855,535,1862,0.94,0.9,0.87,
4h,扫流动性+CHoCH→FVG,空,3笔1:1:1(3/6) 止盈3% 补满再亏10%止损 拿18根,0.8,0.88,0.93,1859,534,1865,0.99,1.01,0.92,
4h,扫流动性+CHoCH→FVG,空,3笔1:1:1(3/6) 止盈3% 补满再亏10%止损 拿48根,0.81,1.03,0.98,1841,532,1859,0.99,1.0,0.94,
4h,扫流动性+CHoCH→FVG,空,3笔1:1:1(3/6) 止盈3% 补满再亏5%止损 拿18根,0.82,0.93,0.92,1859,535,1865,0.99,1.02,0.95,
4h,扫流动性+CHoCH→FVG,空,3笔1:1:1(3/6) 止盈3% 补满再亏5%止损 拿48根,0.84,1.11,0.92,1846,534,1861,1.0,1.0,0.97,
4h,扫流动性+CHoCH→FVG,空,3笔1:1:1(3/6) 止盈5% 补满再亏10%止损 拿18根,0.79,0.83,1.01,1858,534,1863,1.03,1.02,1.0,
4h,扫流动性+CHoCH→FVG,空,3笔1:1:1(3/6) 止盈5% 补满再亏10%止损 拿48根,0.8,0.94,1.06,1819,524,1840,1.03,1.04,1.03,
4h,扫流动性+CHoCH→FVG,空,3笔1:1:1(3/6) 止盈5% 补满再亏5%止损 拿18根,0.79,0.87,1.02,1858,535,1863,1.03,1.03,1.04,
4h,扫流动性+CHoCH→FVG,空,3笔1:1:1(3/6) 止盈5% 补满再亏5%止损 拿48根,0.82,1.04,1.01,1830,527,1843,1.06,1.02,1.06,
4h,扫流动性+CHoCH→FVG,空,3笔1:1:1(3/6) 止盈8% 补满再亏10%止损 拿18根,0.77,0.86,1.02,1856,534,1862,1.03,1.05,1.04,
4h,扫流动性+CHoCH→FVG,空,3笔1:1:1(3/6) 止盈8% 补满再亏10%止损 拿48根,0.84,0.94,1.12,1788,515,1816,1.08,1.09,1.08,
4h,扫流动性+CHoCH→FVG,空,3笔1:1:1(3/6) 止盈8% 补满再亏5%止损 拿18根,0.77,0.89,1.07,1856,535,1862,1.05,1.07,1.09,
4h,扫流动性+CHoCH→FVG,空,3笔1:1:1(3/6) 止盈8% 补满再亏5%止损 拿48根,0.85,1.02,1.1,1800,518,1819,1.1,1.06,1.1,
4h,扫流动性+CHoCH→FVG,空,3笔1:1:2(3/6) 止盈2% 补满再亏10%止损 拿18根,0.73,0.86,0.88,1859,535,1865,0.93,0.95,0.84,
4h,扫流动性+CHoCH→FVG,空,3笔1:1:2(3/6) 止盈2% 补满再亏10%止损 拿48根,0.74,0.91,0.87,1855,535,1861,0.95,0.9,0.85,
4h,扫流动性+CHoCH→FVG,空,3笔1:1:2(3/6) 止盈2% 补满再亏5%止损 拿18根,0.8,0.94,0.82,1859,535,1865,0.95,0.96,0.9,
4h,扫流动性+CHoCH→FVG,空,3笔1:1:2(3/6) 止盈2% 补满再亏5%止损 拿48根,0.81,1.05,0.8,1857,535,1863,0.98,0.91,0.91,
4h,扫流动性+CHoCH→FVG,空,3笔1:1:2(3/6) 止盈3% 补满再亏10%止损 拿18根,0.8,0.88,0.96,1859,534,1865,1.01,1.03,0.96,
4h,扫流动性+CHoCH→FVG,空,3笔1:1:2(3/6) 止盈3% 补满再亏10%止损 拿48根,0.83,1.04,1.0,1845,534,1859,1.0,0.99,0.98,
4h,扫流动性+CHoCH→FVG,空,3笔1:1:2(3/6) 止盈3% 补满再亏5%止损 拿18根,0.84,0.95,0.92,1859,535,1865,1.01,1.04,1.02,
4h,扫流动性+CHoCH→FVG,空,3笔1:1:2(3/6) 止盈3% 补满再亏5%止损 拿48根,0.88,1.15,0.92,1849,535,1861,1.02,0.99,1.03,
4h,扫流动性+CHoCH→FVG,空,3笔1:1:2(3/6) 止盈5% 补满再亏10%止损 拿18根,0.79,0.87,1.04,1858,534,1863,1.04,1.02,1.02,
4h,扫流动性+CHoCH→FVG,空,3笔1:1:2(3/6) 止盈5% 补满再亏10%止损 拿48根,0.8,0.92,1.08,1823,526,1844,1.02,1.02,1.05,
4h,扫流动性+CHoCH→FVG,空,3笔1:1:2(3/6) 止盈5% 补满再亏5%止损 拿18根,0.79,0.93,1.05,1858,535,1863,1.06,1.04,1.08,
4h,扫流动性+CHoCH→FVG,空,3笔1:1:2(3/6) 止盈5% 补满再亏5%止损 拿48根,0.81,1.05,1.03,1833,528,1847,1.08,1.01,1.1,
4h,扫流动性+CHoCH→FVG,空,3笔1:1:2(3/6) 止盈8% 补满再亏10%止损 拿18根,0.78,0.89,1.03,1856,534,1862,1.04,1.07,1.06,
4h,扫流动性+CHoCH→FVG,空,3笔1:1:2(3/6) 止盈8% 补满再亏10%止损 拿48根,0.84,0.94,1.12,1794,517,1818,1.07,1.09,1.1,
4h,扫流动性+CHoCH→FVG,空,3笔1:1:2(3/6) 止盈8% 补满再亏5%止损 拿18根,0.78,0.93,1.09,1856,535,1862,1.07,1.09,1.13,
4h,扫流动性+CHoCH→FVG,空,3笔1:1:2(3/6) 止盈8% 补满再亏5%止损 拿48根,0.86,1.05,1.12,1805,520,1821,1.11,1.08,1.14,
4h,扫流动性+CHoCH→FVG,空,5笔1:1:2:2:4(2..8) 止盈2% 补满再亏10%止损 拿18根,0.78,1.09,0.84,1859,535,1865,0.92,1.0,0.89,
4h,扫流动性+CHoCH→FVG,空,5笔1:1:2:2:4(2..8) 止盈2% 补满再亏10%止损 拿48根,0.82,1.12,0.88,1854,535,1863,0.93,0.96,0.9,
4h,扫流动性+CHoCH→FVG,空,5笔1:1:2:2:4(2..8) 止盈2% 补满再亏5%止损 拿18根,0.79,1.04,0.94,1859,535,1865,0.94,1.01,0.97,
4h,扫流动性+CHoCH→FVG,空,5笔1:1:2:2:4(2..8) 止盈2% 补满再亏5%止损 拿48根,0.8,1.16,0.9,1857,535,1864,0.97,0.95,0.98,
4h,扫流动性+CHoCH→FVG,空,5笔1:1:2:2:4(2..8) 止盈3% 补满再亏10%止损 拿18根,0.84,1.2,0.96,1859,535,1865,1.02,1.06,0.98,
4h,扫流动性+CHoCH→FVG,空,5笔1:1:2:2:4(2..8) 止盈3% 补满再亏10%止损 拿48根,0.91,1.25,0.98,1852,535,1859,1.02,0.99,0.99,
4h,扫流动性+CHoCH→FVG,空,5笔1:1:2:2:4(2..8) 止盈3% 补满再亏5%止损 拿18根,0.87,1.16,1.02,1859,535,1865,1.04,1.09,1.08,
4h,扫流动性+CHoCH→FVG,空,5笔1:1:2:2:4(2..8) 止盈3% 补满再亏5%止损 拿48根,0.93,1.3,0.96,1855,535,1861,1.04,1.0,1.11,
4h,扫流动性+CHoCH→FVG,空,5笔1:1:2:2:4(2..8) 止盈5% 补满再亏10%止损 拿18根,0.84,0.96,1.01,1858,534,1863,1.05,1.05,1.07,
4h,扫流动性+CHoCH→FVG,空,5笔1:1:2:2:4(2..8) 止盈5% 补满再亏10%止损 拿48根,0.85,1.02,1.05,1826,529,1851,1.05,1.05,1.08,
4h,扫流动性+CHoCH→FVG,空,5笔1:1:2:2:4(2..8) 止盈5% 补满再亏5%止损 拿18根,0.83,0.97,1.09,1858,534,1863,1.09,1.09,1.16,
4h,扫流动性+CHoCH→FVG,空,5笔1:1:2:2:4(2..8) 止盈5% 补满再亏5%止损 拿48根,0.85,1.1,1.07,1829,529,1853,1.08,1.06,1.18,
4h,扫流动性+CHoCH→FVG,空,5笔1:1:2:2:4(2..8) 止盈8% 补满再亏10%止损 拿18根,0.81,0.97,1.0,1856,534,1862,1.07,1.11,1.1,
4h,扫流动性+CHoCH→FVG,空,5笔1:1:2:2:4(2..8) 止盈8% 补满再亏10%止损 拿48根,0.89,1.03,1.13,1790,516,1821,1.07,1.12,1.12,
4h,扫流动性+CHoCH→FVG,空,5笔1:1:2:2:4(2..8) 止盈8% 补满再亏5%止损 拿18根,0.8,1.02,1.12,1856,534,1862,1.1,1.16,1.18,
4h,扫流动性+CHoCH→FVG,空,5笔1:1:2:2:4(2..8) 止盈8% 补满再亏5%止损 拿48根,0.88,1.13,1.16,1796,516,1824,1.12,1.12,1.19,
4h,扫流动性+CHoCH→FVG,空,5笔等(2..8) 止盈2% 补满再亏10%止损 拿18根,0.76,1.03,0.82,1859,535,1865,0.9,0.93,0.83,
4h,扫流动性+CHoCH→FVG,空,5笔等(2..8) 止盈2% 补满再亏10%止损 拿48根,0.79,1.07,0.88,1854,535,1860,0.91,0.87,0.83,
4h,扫流动性+CHoCH→FVG,空,5笔等(2..8) 止盈2% 补满再亏5%止损 拿18根,0.77,1.03,0.88,1859,535,1865,0.9,0.96,0.89,
4h,扫流动性+CHoCH→FVG,空,5笔等(2..8) 止盈2% 补满再亏5%止损 拿48根,0.79,1.11,0.88,1857,535,1862,0.92,0.91,0.91,
4h,扫流动性+CHoCH→FVG,空,5笔等(2..8) 止盈3% 补满再亏10%止损 拿18根,0.82,1.03,0.94,1859,534,1865,0.98,1.02,0.93,
4h,扫流动性+CHoCH→FVG,空,5笔等(2..8) 止盈3% 补满再亏10%止损 拿48根,0.86,1.13,1.0,1846,534,1859,0.99,0.97,0.94,
4h,扫流动性+CHoCH→FVG,空,5笔等(2..8) 止盈3% 补满再亏5%止损 拿18根,0.82,1.04,0.99,1859,534,1865,0.99,1.04,0.99,
4h,扫流动性+CHoCH→FVG,空,5笔等(2..8) 止盈3% 补满再亏5%止损 拿48根,0.85,1.2,0.97,1849,534,1861,0.99,0.97,1.02,
4h,扫流动性+CHoCH→FVG,空,5笔等(2..8) 止盈5% 补满再亏10%止损 拿18根,0.81,0.9,0.99,1858,534,1863,1.02,1.0,1.01,
4h,扫流动性+CHoCH→FVG,空,5笔等(2..8) 止盈5% 补满再亏10%止损 拿48根,0.83,0.95,1.03,1821,525,1843,1.03,1.04,1.03,
4h,扫流动性+CHoCH→FVG,空,5笔等(2..8) 止盈5% 补满再亏5%止损 拿18根,0.79,0.91,1.05,1858,534,1863,1.04,1.03,1.06,
4h,扫流动性+CHoCH→FVG,空,5笔等(2..8) 止盈5% 补满再亏5%止损 拿48根,0.83,1.02,1.03,1826,525,1846,1.05,1.02,1.09,
4h,扫流动性+CHoCH→FVG,空,5笔等(2..8) 止盈8% 补满再亏10%止损 拿18根,0.79,0.92,0.98,1856,534,1862,1.05,1.06,1.06,
4h,扫流动性+CHoCH→FVG,空,5笔等(2..8) 止盈8% 补满再亏10%止损 拿48根,0.87,1.0,1.1,1784,514,1816,1.08,1.1,1.08,
4h,扫流动性+CHoCH→FVG,空,5笔等(2..8) 止盈8% 补满再亏5%止损 拿18根,0.77,0.95,1.07,1856,534,1862,1.06,1.1,1.1,
4h,扫流动性+CHoCH→FVG,空,5笔等(2..8) 止盈8% 补满再亏5%止损 拿48根,0.85,1.06,1.12,1791,514,1819,1.1,1.07,1.12,
4h,扫流动性+CHoCH→FVG,空,6笔深(3..18) 止盈2% 补满再亏10%止损 拿18根,0.92,1.37,1.05,1859,535,1865,0.96,1.0,0.86,
4h,扫流动性+CHoCH→FVG,空,6笔深(3..18) 止盈2% 补满再亏10%止损 拿48根,1.01,1.32,1.04,1855,535,1862,0.96,1.0,0.9,
4h,扫流动性+CHoCH→FVG,空,6笔深(3..18) 止盈2% 补满再亏5%止损 拿18根,0.96,1.2,1.04,1859,535,1865,0.98,1.0,0.9,
4h,扫流动性+CHoCH→FVG,空,6笔深(3..18) 止盈2% 补满再亏5%止损 拿48根,1.09,1.27,1.11,1855,535,1862,1.01,1.0,0.93,
4h,扫流动性+CHoCH→FVG,空,6笔深(3..18) 止盈3% 补满再亏10%止损 拿18根,1.0,1.11,1.19,1859,535,1865,1.1,1.04,1.0,
4h,扫流动性+CHoCH→FVG,空,6笔深(3..18) 止盈3% 补满再亏10%止损 拿48根,1.04,1.21,1.29,1847,535,1860,1.07,1.08,1.01,
4h,扫流动性+CHoCH→FVG,空,6笔深(3..18) 止盈3% 补满再亏5%止损 拿18根,1.06,1.09,1.17,1859,535,1865,1.11,1.07,1.05,
4h,扫流动性+CHoCH→FVG,空,6笔深(3..18) 止盈3% 补满再亏5%止损 拿48根,1.12,1.22,1.28,1847,535,1861,1.12,1.08,1.06,
4h,扫流动性+CHoCH→FVG,空,6笔深(3..18) 止盈5% 补满再亏10%止损 拿18根,0.92,1.09,1.22,1858,534,1863,1.15,1.08,1.05,
4h,扫流动性+CHoCH→FVG,空,6笔深(3..18) 止盈5% 补满再亏10%止损 拿48根,0.96,1.13,1.4,1823,528,1843,1.17,1.12,1.07,
4h,扫流动性+CHoCH→FVG,空,6笔深(3..18) 止盈5% 补满再亏5%止损 拿18根,0.98,1.06,1.17,1858,534,1863,1.18,1.08,1.11,
4h,扫流动性+CHoCH→FVG,空,6笔深(3..18) 止盈5% 补满再亏5%止损 拿48根,1.0,1.17,1.3,1823,528,1844,1.2,1.11,1.13,
4h,扫流动性+CHoCH→FVG,空,6笔深(3..18) 止盈8% 补满再亏10%止损 拿18根,0.91,1.1,1.36,1856,534,1862,1.15,1.16,1.09,
4h,扫流动性+CHoCH→FVG,空,6笔深(3..18) 止盈8% 补满再亏10%止损 拿48根,1.04,1.1,1.44,1786,516,1814,1.21,1.25,1.13,
4h,扫流动性+CHoCH→FVG,空,6笔深(3..18) 止盈8% 补满再亏5%止损 拿18根,0.97,1.08,1.31,1856,534,1862,1.18,1.16,1.16,
4h,扫流动性+CHoCH→FVG,空,6笔深(3..18) 止盈8% 补满再亏5%止损 拿48根,1.03,1.13,1.42,1786,516,1815,1.23,1.26,1.19,
4h,扫流动性+CHoCH→FVG,空,原版（结构止损、盈亏比2）,1.0,1.03,1.18,1817,525,1825,1.02,1.07,1.01,
4h,扫流动性+CHoCH→FVG,多,3笔1:1:1(3/6) 止盈2% 补满再亏10%止损 拿18根,0.8,0.47,0.69,2296,601,2300,0.84,0.67,0.71,
4h,扫流动性+CHoCH→FVG,多,3笔1:1:1(3/6) 止盈2% 补满再亏10%止损 拿48根,0.78,0.48,0.63,2281,600,2288,0.81,0.69,0.71,
4h,扫流动性+CHoCH→FVG,多,3笔1:1:1(3/6) 止盈2% 补满再亏5%止损 拿18根,0.85,0.52,0.75,2296,601,2300,0.85,0.72,0.74,
4h,扫流动性+CHoCH→FVG,多,3笔1:1:1(3/6) 止盈2% 补满再亏5%止损 拿48根,0.9,0.57,0.72,2287,600,2295,0.83,0.75,0.75,
4h,扫流动性+CHoCH→FVG,多,3笔1:1:1(3/6) 止盈3% 补满再亏10%止损 拿18根,0.83,0.51,0.74,2296,601,2300,0.92,0.73,0.79,
4h,扫流动性+CHoCH→FVG,多,3笔1:1:1(3/6) 止盈3% 补满再亏10%止损 拿48根,0.77,0.52,0.67,2274,595,2279,0.89,0.74,0.79,
4h,扫流动性+CHoCH→FVG,多,3笔1:1:1(3/6) 止盈3% 补满再亏5%止损 拿18根,0.88,0.55,0.8,2296,601,2300,0.91,0.76,0.82,
4h,扫流动性+CHoCH→FVG,多,3笔1:1:1(3/6) 止盈3% 补满再亏5%止损 拿48根,0.89,0.61,0.76,2281,595,2287,0.89,0.8,0.83,
4h,扫流动性+CHoCH→FVG,多,3笔1:1:1(3/6) 止盈5% 补满再亏10%止损 拿18根,0.82,0.59,0.76,2296,601,2300,0.98,0.81,0.81,
4h,扫流动性+CHoCH→FVG,多,3笔1:1:1(3/6) 止盈5% 补满再亏10%止损 拿48根,0.72,0.61,0.69,2243,591,2267,0.94,0.8,0.82,
4h,扫流动性+CHoCH→FVG,多,3笔1:1:1(3/6) 止盈5% 补满再亏5%止损 拿18根,0.88,0.62,0.81,2296,601,2300,0.96,0.82,0.85,
4h,扫流动性+CHoCH→FVG,多,3笔1:1:1(3/6) 止盈5% 补满再亏5%止损 拿48根,0.83,0.71,0.78,2255,591,2278,0.94,0.83,0.86,
4h,扫流动性+CHoCH→FVG,多,3笔1:1:1(3/6) 止盈8% 补满再亏10%止损 拿18根,0.84,0.55,0.81,2292,600,2294,1.03,0.86,0.87,
4h,扫流动性+CHoCH→FVG,多,3笔1:1:1(3/6) 止盈8% 补满再亏10%止损 拿48根,0.72,0.63,0.72,2204,580,2238,1.0,0.83,0.87,
4h,扫流动性+CHoCH→FVG,多,3笔1:1:1(3/6) 止盈8% 补满再亏5%止损 拿18根,0.91,0.57,0.87,2292,600,2294,1.01,0.87,0.9,
4h,扫流动性+CHoCH→FVG,多,3笔1:1:1(3/6) 止盈8% 补满再亏5%止损 拿48根,0.83,0.75,0.8,2220,580,2255,0.99,0.86,0.9,
4h,扫流动性+CHoCH→FVG,多,3笔1:1:2(3/6) 止盈2% 补满再亏10%止损 拿18根,0.84,0.45,0.68,2296,601,2300,0.86,0.68,0.71,
4h,扫流动性+CHoCH→FVG,多,3笔1:1:2(3/6) 止盈2% 补满再亏10%止损 拿48根,0.84,0.44,0.63,2285,601,2295,0.83,0.69,0.71,
4h,扫流动性+CHoCH→FVG,多,3笔1:1:2(3/6) 止盈2% 补满再亏5%止损 拿18根,0.91,0.51,0.75,2296,601,2300,0.87,0.74,0.76,
4h,扫流动性+CHoCH→FVG,多,3笔1:1:2(3/6) 止盈2% 补满再亏5%止损 拿48根,0.96,0.55,0.72,2290,601,2298,0.86,0.76,0.76,
4h,扫流动性+CHoCH→FVG,多,3笔1:1:2(3/6) 止盈3% 补满再亏10%止损 拿18根,0.83,0.52,0.75,2296,601,2300,0.94,0.75,0.8,
4h,扫流动性+CHoCH→FVG,多,3笔1:1:2(3/6) 止盈3% 补满再亏10%止损 拿48根,0.77,0.53,0.68,2276,595,2280,0.9,0.75,0.8,
4h,扫流动性+CHoCH→FVG,多,3笔1:1:2(3/6) 止盈3% 补满再亏5%止损 拿18根,0.9,0.56,0.82,2296,601,2300,0.93,0.79,0.85,
4h,扫流动性+CHoCH→FVG,多,3笔1:1:2(3/6) 止盈3% 补满再亏5%止损 拿48根,0.91,0.62,0.78,2283,595,2288,0.91,0.83,0.85,
4h,扫流动性+CHoCH→FVG,多,3笔1:1:2(3/6) 止盈5% 补满再亏10%止损 拿18根,0.84,0.57,0.75,2296,601,2300,1.0,0.82,0.82,
4h,扫流动性+CHoCH→FVG,多,3笔1:1:2(3/6) 止盈5% 补满再亏10%止损 拿48根,0.72,0.59,0.68,2249,592,2269,0.96,0.8,0.84,
4h,扫流动性+CHoCH→FVG,多,3笔1:1:2(3/6) 止盈5% 补满再亏5%止损 拿18根,0.9,0.62,0.82,2296,601,2300,0.99,0.84,0.87,
4h,扫流动性+CHoCH→FVG,多,3笔1:1:2(3/6) 止盈5% 补满再亏5%止损 拿48根,0.84,0.71,0.77,2260,592,2280,0.96,0.85,0.89,
4h,扫流动性+CHoCH→FVG,多,3笔1:1:2(3/6) 止盈8% 补满再亏10%止损 拿18根,0.84,0.55,0.79,2292,600,2295,1.07,0.85,0.88,
4h,扫流动性+CHoCH→FVG,多,3笔1:1:2(3/6) 止盈8% 补满再亏10%止损 拿48根,0.72,0.62,0.7,2206,582,2242,1.02,0.83,0.87,
4h,扫流动性+CHoCH→FVG,多,3笔1:1:2(3/6) 止盈8% 补满再亏5%止损 拿18根,0.92,0.59,0.86,2292,600,2295,1.06,0.87,0.92,
4h,扫流动性+CHoCH→FVG,多,3笔1:1:2(3/6) 止盈8% 补满再亏5%止损 拿48根,0.84,0.73,0.79,2222,582,2259,1.02,0.87,0.91,
4h,扫流动性+CHoCH→FVG,多,5笔1:1:2:2:4(2..8) 止盈2% 补满再亏10%止损 拿18根,0.8,0.51,0.68,2296,601,2300,0.87,0.67,0.7,
4h,扫流动性+CHoCH→FVG,多,5笔1:1:2:2:4(2..8) 止盈2% 补满再亏10%止损 拿48根,0.74,0.44,0.59,2288,600,2298,0.83,0.65,0.69,
4h,扫流动性+CHoCH→FVG,多,5笔1:1:2:2:4(2..8) 止盈2% 补满再亏5%止损 拿18根,0.87,0.54,0.71,2296,601,2300,0.92,0.75,0.77,
4h,扫流动性+CHoCH→FVG,多,5笔1:1:2:2:4(2..8) 止盈2% 补满再亏5%止损 拿48根,0.91,0.52,0.68,2291,601,2298,0.91,0.79,0.76,
4h,扫流动性+CHoCH→FVG,多,5笔1:1:2:2:4(2..8) 止盈3% 补满再亏10%止损 拿18根,0.81,0.54,0.69,2296,601,2300,0.94,0.75,0.79,
4h,扫流动性+CHoCH→FVG,多,5笔1:1:2:2:4(2..8) 止盈3% 补满再亏10%止损 拿48根,0.77,0.53,0.58,2284,599,2289,0.9,0.72,0.78,
4h,扫流动性+CHoCH→FVG,多,5笔1:1:2:2:4(2..8) 止盈3% 补满再亏5%止损 拿18根,0.88,0.56,0.74,2296,601,2300,1.01,0.83,0.85,
4h,扫流动性+CHoCH→FVG,多,5笔1:1:2:2:4(2..8) 止盈3% 补满再亏5%止损 拿48根,0.88,0.57,0.7,2289,600,2293,0.97,0.84,0.84,
4h,扫流动性+CHoCH→FVG,多,5笔1:1:2:2:4(2..8) 止盈5% 补满再亏10%止损 拿18根,0.84,0.55,0.73,2296,601,2299,1.03,0.79,0.84,
4h,扫流动性+CHoCH→FVG,多,5笔1:1:2:2:4(2..8) 止盈5% 补满再亏10%止损 拿48根,0.69,0.53,0.62,2263,592,2269,0.95,0.77,0.85,
4h,扫流动性+CHoCH→FVG,多,5笔1:1:2:2:4(2..8) 止盈5% 补满再亏5%止损 拿18根,0.92,0.56,0.78,2296,601,2299,1.09,0.87,0.89,
4h,扫流动性+CHoCH→FVG,多,5笔1:1:2:2:4(2..8) 止盈5% 补满再亏5%止损 拿48根,0.81,0.58,0.72,2270,593,2278,1.02,0.85,0.9,
4h,扫流动性+CHoCH→FVG,多,5笔1:1:2:2:4(2..8) 止盈8% 补满再亏10%止损 拿18根,0.85,0.55,0.8,2292,601,2295,1.12,0.83,0.89,
4h,扫流动性+CHoCH→FVG,多,5笔1:1:2:2:4(2..8) 止盈8% 补满再亏10%止损 拿48根,0.69,0.59,0.66,2212,583,2245,1.03,0.8,0.88,
4h,扫流动性+CHoCH→FVG,多,5笔1:1:2:2:4(2..8) 止盈8% 补满再亏5%止损 拿18根,0.92,0.56,0.82,2292,601,2295,1.17,0.9,0.93,
4h,扫流动性+CHoCH→FVG,多,5笔1:1:2:2:4(2..8) 止盈8% 补满再亏5%止损 拿48根,0.79,0.63,0.71,2225,584,2258,1.07,0.88,0.91,
4h,扫流动性+CHoCH→FVG,多,5笔等(2..8) 止盈2% 补满再亏10%止损 拿18根,0.74,0.5,0.66,2296,601,2300,0.83,0.63,0.7,
4h,扫流动性+CHoCH→FVG,多,5笔等(2..8) 止盈2% 补满再亏10%止损 拿48根,0.72,0.47,0.54,2286,599,2289,0.8,0.64,0.69,
4h,扫流动性+CHoCH→FVG,多,5笔等(2..8) 止盈2% 补满再亏5%止损 拿18根,0.78,0.52,0.68,2296,601,2300,0.86,0.68,0.73,
4h,扫流动性+CHoCH→FVG,多,5笔等(2..8) 止盈2% 补满再亏5%止损 拿48根,0.85,0.53,0.63,2290,600,2295,0.85,0.7,0.73,
4h,扫流动性+CHoCH→FVG,多,5笔等(2..8) 止盈3% 补满再亏10%止损 拿18根,0.79,0.52,0.71,2296,601,2300,0.94,0.72,0.79,
4h,扫流动性+CHoCH→FVG,多,5笔等(2..8) 止盈3% 补满再亏10%止损 拿48根,0.73,0.54,0.59,2278,598,2279,0.89,0.72,0.79,
4h,扫流动性+CHoCH→FVG,多,5笔等(2..8) 止盈3% 补满再亏5%止损 拿18根,0.84,0.54,0.75,2296,601,2300,0.97,0.78,0.82,
4h,扫流动性+CHoCH→FVG,多,5笔等(2..8) 止盈3% 补满再亏5%止损 拿48根,0.82,0.58,0.68,2284,599,2286,0.94,0.8,0.83,
4h,扫流动性+CHoCH→FVG,多,5笔等(2..8) 止盈5% 补满再亏10%止损 拿18根,0.82,0.6,0.75,2296,601,2299,1.01,0.78,0.82,
4h,扫流动性+CHoCH→FVG,多,5笔等(2..8) 止盈5% 补满再亏10%止损 拿48根,0.7,0.61,0.64,2251,589,2265,0.95,0.77,0.83,
4h,扫流动性+CHoCH→FVG,多,5笔等(2..8) 止盈5% 补满再亏5%止损 拿18根,0.87,0.61,0.76,2296,601,2299,1.02,0.83,0.84,
4h,扫流动性+CHoCH→FVG,多,5笔等(2..8) 止盈5% 补满再亏5%止损 拿48根,0.79,0.66,0.7,2260,590,2274,0.99,0.84,0.85,
4h,扫流动性+CHoCH→FVG,多,5笔等(2..8) 止盈8% 补满再亏10%止损 拿18根,0.82,0.58,0.82,2292,600,2295,1.06,0.85,0.88,
4h,扫流动性+CHoCH→FVG,多,5笔等(2..8) 止盈8% 补满再亏10%止损 拿48根,0.69,0.64,0.68,2207,580,2237,1.01,0.81,0.87,
4h,扫流动性+CHoCH→FVG,多,5笔等(2..8) 止盈8% 补满再亏5%止损 拿18根,0.88,0.58,0.84,2292,600,2295,1.07,0.89,0.9,
4h,扫流动性+CHoCH→FVG,多,5笔等(2..8) 止盈8% 补满再亏5%止损 拿48根,0.79,0.67,0.73,2220,581,2251,1.02,0.88,0.89,
4h,扫流动性+CHoCH→FVG,多,6笔深(3..18) 止盈2% 补满再亏10%止损 拿18根,0.79,0.54,0.65,2296,601,2300,0.86,0.63,0.7,
4h,扫流动性+CHoCH→FVG,多,6笔深(3..18) 止盈2% 补满再亏10%止损 拿48根,0.59,0.45,0.49,2287,599,2296,0.75,0.6,0.69,
4h,扫流动性+CHoCH→FVG,多,6笔深(3..18) 止盈2% 补满再亏5%止损 拿18根,0.81,0.61,0.7,2296,601,2300,0.86,0.62,0.72,
4h,扫流动性+CHoCH→FVG,多,6笔深(3..18) 止盈2% 补满再亏5%止损 拿48根,0.66,0.52,0.55,2289,599,2297,0.77,0.59,0.7,
4h,扫流动性+CHoCH→FVG,多,6笔深(3..18) 止盈3% 补满再亏10%止损 拿18根,0.83,0.62,0.7,2296,601,2300,0.92,0.71,0.79,
4h,扫流动性+CHoCH→FVG,多,6笔深(3..18) 止盈3% 补满再亏10%止损 拿48根,0.6,0.46,0.53,2280,594,2285,0.81,0.72,0.78,
4h,扫流动性+CHoCH→FVG,多,6笔深(3..18) 止盈3% 补满再亏5%止损 拿18根,0.86,0.7,0.76,2296,601,2300,0.93,0.66,0.8,
4h,扫流动性+CHoCH→FVG,多,6笔深(3..18) 止盈3% 补满再亏5%止损 拿48根,0.68,0.53,0.59,2282,594,2286,0.84,0.68,0.79,
4h,扫流动性+CHoCH→FVG,多,6笔深(3..18) 止盈5% 补满再亏10%止损 拿18根,0.77,0.68,0.75,2296,601,2300,0.99,0.79,0.83,
4h,扫流动性+CHoCH→FVG,多,6笔深(3..18) 止盈5% 补满再亏10%止损 拿48根,0.54,0.49,0.58,2246,591,2270,0.85,0.71,0.85,
4h,扫流动性+CHoCH→FVG,多,6笔深(3..18) 止盈5% 补满再亏5%止损 拿18根,0.85,0.75,0.81,2296,601,2300,1.0,0.74,0.85,
4h,扫流动性+CHoCH→FVG,多,6笔深(3..18) 止盈5% 补满再亏5%止损 拿48根,0.63,0.55,0.63,2249,591,2272,0.9,0.69,0.85,
4h,扫流动性+CHoCH→FVG,多,6笔深(3..18) 止盈8% 补满再亏10%止损 拿18根,0.82,0.64,0.79,2292,600,2295,1.07,0.87,0.89,
4h,扫流动性+CHoCH→FVG,多,6笔深(3..18) 止盈8% 补满再亏10%止损 拿48根,0.56,0.46,0.59,2200,579,2236,0.96,0.76,0.88,
4h,扫流动性+CHoCH→FVG,多,6笔深(3..18) 止盈8% 补满再亏5%止损 拿18根,0.91,0.69,0.84,2292,600,2295,1.11,0.8,0.91,
4h,扫流动性+CHoCH→FVG,多,6笔深(3..18) 止盈8% 补满再亏5%止损 拿48根,0.64,0.52,0.62,2205,579,2238,1.01,0.73,0.88,
4h,扫流动性+CHoCH→FVG,多,原版（结构止损、盈亏比2）,0.8,0.94,0.97,2226,583,2257,0.92,0.88,0.9,
4h,BOS→FVG+大周期,空,3笔1:1:1(3/6) 止盈2% 补满再亏10%止损 拿18根,1.02,1.04,0.89,2070,624,2886,0.92,0.95,0.81,
4h,BOS→FVG+大周期,空,3笔1:1:1(3/6) 止盈2% 补满再亏10%止损 拿48根,1.07,0.91,0.94,2068,624,2885,0.94,0.89,0.83,
4h,BOS→FVG+大周期,空,3笔1:1:1(3/6) 止盈2% 补满再亏5%止损 拿18根,1.03,1.06,0.97,2070,624,2886,0.91,0.94,0.85,
4h,BOS→FVG+大周期,空,3笔1:1:1(3/6) 止盈2% 补满再亏5%止损 拿48根,1.1,0.99,1.0,2068,624,2885,0.94,0.9,0.87,
4h,BOS→FVG+大周期,空,3笔1:1:1(3/6) 止盈3% 补满再亏10%止损 拿18根,0.99,1.17,1.0,2062,624,2883,0.99,1.01,0.92,
4h,BOS→FVG+大周期,空,3笔1:1:1(3/6) 止盈3% 补满再亏10%止损 拿48根,1.03,1.04,1.02,2058,624,2878,0.99,1.0,0.94,
4h,BOS→FVG+大周期,空,3笔1:1:1(3/6) 止盈3% 补满再亏5%止损 拿18根,0.98,1.18,1.1,2062,624,2883,0.99,1.02,0.95,
4h,BOS→FVG+大周期,空,3笔1:1:1(3/6) 止盈3% 补满再亏5%止损 拿48根,1.05,1.08,1.09,2058,624,2878,1.0,1.0,0.97,
4h,BOS→FVG+大周期,空,3笔1:1:1(3/6) 止盈5% 补满再亏10%止损 拿18根,0.99,1.28,1.11,2048,619,2869,1.03,1.02,1.0,
4h,BOS→FVG+大周期,空,3笔1:1:1(3/6) 止盈5% 补满再亏10%止损 拿48根,0.97,1.25,1.08,2021,616,2838,1.03,1.04,1.03,
4h,BOS→FVG+大周期,空,3笔1:1:1(3/6) 止盈5% 补满再亏5%止损 拿18根,0.94,1.36,1.21,2048,619,2869,1.03,1.03,1.04,
4h,BOS→FVG+大周期,空,3笔1:1:1(3/6) 止盈5% 补满再亏5%止损 拿48根,0.96,1.27,1.14,2021,616,2840,1.06,1.02,1.06,
4h,BOS→FVG+大周期,空,3笔1:1:1(3/6) 止盈8% 补满再亏10%止损 拿18根,0.91,1.35,1.15,2017,608,2828,1.03,1.05,1.04,
4h,BOS→FVG+大周期,空,3笔1:1:1(3/6) 止盈8% 补满再亏10%止损 拿48根,0.91,1.35,1.15,1944,591,2761,1.08,1.09,1.08,
4h,BOS→FVG+大周期,空,3笔1:1:1(3/6) 止盈8% 补满再亏5%止损 拿18根,0.88,1.42,1.24,2017,608,2828,1.05,1.07,1.09,
4h,BOS→FVG+大周期,空,3笔1:1:1(3/6) 止盈8% 补满再亏5%止损 拿48根,0.87,1.33,1.19,1944,591,2764,1.1,1.06,1.1,
4h,BOS→FVG+大周期,空,3笔1:1:2(3/6) 止盈2% 补满再亏10%止损 拿18根,1.06,1.02,0.9,2070,624,2886,0.93,0.95,0.84,
4h,BOS→FVG+大周期,空,3笔1:1:2(3/6) 止盈2% 补满再亏10%止损 拿48根,1.04,0.9,0.96,2068,624,2885,0.95,0.9,0.85,
4h,BOS→FVG+大周期,空,3笔1:1:2(3/6) 止盈2% 补满再亏5%止损 拿18根,1.04,1.05,1.01,2070,624,2886,0.95,0.96,0.9,
4h,BOS→FVG+大周期,空,3笔1:1:2(3/6) 止盈2% 补满再亏5%止损 拿48根,1.06,1.0,1.03,2068,624,2885,0.98,0.91,0.91,
4h,BOS→FVG+大周期,空,3笔1:1:2(3/6) 止盈3% 补满再亏10%止损 拿18根,1.03,1.15,0.99,2062,624,2883,1.01,1.03,0.96,
4h,BOS→FVG+大周期,空,3笔1:1:2(3/6) 止盈3% 补满再亏10%止损 拿48根,1.05,1.04,1.03,2058,624,2878,1.0,0.99,0.98,
4h,BOS→FVG+大周期,空,3笔1:1:2(3/6) 止盈3% 补满再亏5%止损 拿18根,1.03,1.15,1.12,2062,624,2883,1.01,1.04,1.02,
4h,BOS→FVG+大周期,空,3笔1:1:2(3/6) 止盈3% 补满再亏5%止损 拿48根,1.08,1.11,1.13,2058,624,2878,1.02,0.99,1.03,
4h,BOS→FVG+大周期,空,3笔1:1:2(3/6) 止盈5% 补满再亏10%止损 拿18根,1.02,1.25,1.11,2048,619,2869,1.04,1.02,1.02,
4h,BOS→FVG+大周期,空,3笔1:1:2(3/6) 止盈5% 补满再亏10%止损 拿48根,1.0,1.22,1.11,2021,616,2840,1.02,1.02,1.05,
4h,BOS→FVG+大周期,空,3笔1:1:2(3/6) 止盈5% 补满再亏5%止损 拿18根,0.97,1.35,1.24,2048,619,2869,1.06,1.04,1.08,
4h,BOS→FVG+大周期,空,3笔1:1:2(3/6) 止盈5% 补满再亏5%止损 拿48根,0.99,1.26,1.18,2021,616,2842,1.08,1.01,1.1,
4h,BOS→FVG+大周期,空,3笔1:1:2(3/6) 止盈8% 补满再亏10%止损 拿18根,0.98,1.33,1.17,2017,608,2828,1.04,1.07,1.06,
4h,BOS→FVG+大周期,空,3笔1:1:2(3/6) 止盈8% 补满再亏10%止损 拿48根,0.95,1.36,1.16,1946,591,2764,1.07,1.09,1.1,
4h,BOS→FVG+大周期,空,3笔1:1:2(3/6) 止盈8% 补满再亏5%止损 拿18根,0.93,1.44,1.3,2017,608,2828,1.07,1.09,1.13,
4h,BOS→FVG+大周期,空,3笔1:1:2(3/6) 止盈8% 补满再亏5%止损 拿48根,0.92,1.36,1.22,1946,591,2767,1.11,1.08,1.14,
4h,BOS→FVG+大周期,空,5笔1:1:2:2:4(2..8) 止盈2% 补满再亏10%止损 拿18根,1.26,0.91,0.97,2070,624,2886,0.92,1.0,0.89,
4h,BOS→FVG+大周期,空,5笔1:1:2:2:4(2..8) 止盈2% 补满再亏10%止损 拿48根,1.23,0.92,1.06,2070,624,2885,0.93,0.96,0.9,
4h,BOS→FVG+大周期,空,5笔1:1:2:2:4(2..8) 止盈2% 补满再亏5%止损 拿18根,1.21,1.08,1.06,2070,624,2886,0.94,1.01,0.97,
4h,BOS→FVG+大周期,空,5笔1:1:2:2:4(2..8) 止盈2% 补满再亏5%止损 拿48根,1.21,1.07,1.06,2070,624,2885,0.97,0.95,0.98,
4h,BOS→FVG+大周期,空,5笔1:1:2:2:4(2..8) 止盈3% 补满再亏10%止损 拿18根,1.13,1.1,1.08,2063,624,2885,1.02,1.06,0.98,
4h,BOS→FVG+大周期,空,5笔1:1:2:2:4(2..8) 止盈3% 补满再亏10%止损 拿48根,1.13,0.94,1.14,2062,623,2881,1.02,0.99,0.99,
4h,BOS→FVG+大周期,空,5笔1:1:2:2:4(2..8) 止盈3% 补满再亏5%止损 拿18根,1.13,1.22,1.18,2063,624,2885,1.04,1.09,1.08,
4h,BOS→FVG+大周期,空,5笔1:1:2:2:4(2..8) 止盈3% 补满再亏5%止损 拿48根,1.13,1.03,1.17,2062,623,2881,1.04,1.0,1.11,
4h,BOS→FVG+大周期,空,5笔1:1:2:2:4(2..8) 止盈5% 补满再亏10%止损 拿18根,1.12,1.21,1.15,2050,619,2869,1.05,1.05,1.07,
4h,BOS→FVG+大周期,空,5笔1:1:2:2:4(2..8) 止盈5% 补满再亏10%止损 拿48根,1.08,1.22,1.17,2030,616,2850,1.05,1.05,1.08,
4h,BOS→FVG+大周期,空,5笔1:1:2:2:4(2..8) 止盈5% 补满再亏5%止损 拿18根,1.09,1.36,1.26,2050,619,2869,1.09,1.09,1.16,
4h,BOS→FVG+大周期,空,5笔1:1:2:2:4(2..8) 止盈5% 补满再亏5%止损 拿48根,1.12,1.27,1.23,2030,616,2851,1.08,1.06,1.18,
4h,BOS→FVG+大周期,空,5笔1:1:2:2:4(2..8) 止盈8% 补满再亏10%止损 拿18根,1.13,1.27,1.27,2021,609,2830,1.07,1.11,1.1,
4h,BOS→FVG+大周期,空,5笔1:1:2:2:4(2..8) 止盈8% 补满再亏10%止损 拿48根,1.09,1.36,1.24,1957,593,2771,1.07,1.12,1.12,
4h,BOS→FVG+大周期,空,5笔1:1:2:2:4(2..8) 止盈8% 补满再亏5%止损 拿18根,1.11,1.44,1.36,2021,609,2830,1.1,1.16,1.18,
4h,BOS→FVG+大周期,空,5笔1:1:2:2:4(2..8) 止盈8% 补满再亏5%止损 拿48根,1.05,1.37,1.29,1958,593,2772,1.12,1.12,1.19,
4h,BOS→FVG+大周期,空,5笔等(2..8) 止盈2% 补满再亏10%止损 拿18根,1.23,1.06,0.93,2070,624,2886,0.9,0.93,0.83,
4h,BOS→FVG+大周期,空,5笔等(2..8) 止盈2% 补满再亏10%止损 拿48根,1.27,0.95,1.0,2070,624,2885,0.91,0.87,0.83,
4h,BOS→FVG+大周期,空,5笔等(2..8) 止盈2% 补满再亏5%止损 拿18根,1.17,1.16,0.98,2070,624,2886,0.9,0.96,0.89,
4h,BOS→FVG+大周期,空,5笔等(2..8) 止盈2% 补满再亏5%止损 拿48根,1.24,1.06,1.01,2070,624,2885,0.92,0.91,0.91,
4h,BOS→FVG+大周期,空,5笔等(2..8) 止盈3% 补满再亏10%止损 拿18根,1.01,1.15,1.05,2063,624,2885,0.98,1.02,0.93,
4h,BOS→FVG+大周期,空,5笔等(2..8) 止盈3% 补满再亏10%止损 拿48根,1.05,0.99,1.1,2062,623,2881,0.99,0.97,0.94,
4h,BOS→FVG+大周期,空,5笔等(2..8) 止盈3% 补满再亏5%止损 拿18根,1.01,1.23,1.1,2063,624,2885,0.99,1.04,0.99,
4h,BOS→FVG+大周期,空,5笔等(2..8) 止盈3% 补满再亏5%止损 拿48根,1.09,1.07,1.12,2062,623,2881,0.99,0.97,1.02,
4h,BOS→FVG+大周期,空,5笔等(2..8) 止盈5% 补满再亏10%止损 拿18根,1.04,1.24,1.14,2050,619,2868,1.02,1.0,1.01,
4h,BOS→FVG+大周期,空,5笔等(2..8) 止盈5% 补满再亏10%止损 拿48根,1.03,1.24,1.14,2027,616,2843,1.03,1.04,1.03,
4h,BOS→FVG+大周期,空,5笔等(2..8) 止盈5% 补满再亏5%止损 拿18根,1.01,1.36,1.2,2050,619,2868,1.04,1.03,1.06,
4h,BOS→FVG+大周期,空,5笔等(2..8) 止盈5% 补满再亏5%止损 拿48根,1.04,1.29,1.16,2027,616,2844,1.05,1.02,1.09,
4h,BOS→FVG+大周期,空,5笔等(2..8) 止盈8% 补满再亏10%止损 拿18根,1.0,1.29,1.17,2020,609,2829,1.05,1.06,1.06,
4h,BOS→FVG+大周期,空,5笔等(2..8) 止盈8% 补满再亏10%止损 拿48根,1.0,1.36,1.15,1950,592,2765,1.08,1.1,1.08,
4h,BOS→FVG+大周期,空,5笔等(2..8) 止盈8% 补满再亏5%止损 拿18根,0.98,1.4,1.22,2020,609,2829,1.06,1.1,1.1,
4h,BOS→FVG+大周期,空,5笔等(2..8) 止盈8% 补满再亏5%止损 拿48根,0.93,1.33,1.18,1951,592,2766,1.1,1.07,1.12,
4h,BOS→FVG+大周期,空,6笔深(3..18) 止盈2% 补满再亏10%止损 拿18根,1.1,0.77,1.03,2070,624,2886,0.96,1.0,0.86,
4h,BOS→FVG+大周期,空,6笔深(3..18) 止盈2% 补满再亏10%止损 拿48根,1.03,0.68,1.01,2068,624,2885,0.96,1.0,0.9,
4h,BOS→FVG+大周期,空,6笔深(3..18) 止盈2% 补满再亏5%止损 拿18根,1.18,0.84,1.03,2070,624,2886,0.98,1.0,0.9,
4h,BOS→FVG+大周期,空,6笔深(3..18) 止盈2% 补满再亏5%止损 拿48根,1.25,0.78,1.13,2068,624,2885,1.01,1.0,0.93,
4h,BOS→FVG+大周期,空,6笔深(3..18) 止盈3% 补满再亏10%止损 拿18根,1.14,0.98,1.14,2062,624,2883,1.1,1.04,1.0,
4h,BOS→FVG+大周期,空,6笔深(3..18) 止盈3% 补满再亏10%止损 拿48根,1.24,0.87,1.15,2058,624,2878,1.07,1.08,1.01,
4h,BOS→FVG+大周期,空,6笔深(3..18) 止盈3% 补满再亏5%止损 拿18根,1.22,1.06,1.18,2062,624,2883,1.11,1.07,1.05,
4h,BOS→FVG+大周期,空,6笔深(3..18) 止盈3% 补满再亏5%止损 拿48根,1.44,0.97,1.26,2058,624,2878,1.12,1.08,1.06,
4h,BOS→FVG+大周期,空,6笔深(3..18) 止盈5% 补满再亏10%止损 拿18根,1.18,1.01,1.28,2048,619,2869,1.15,1.08,1.05,
4h,BOS→FVG+大周期,空,6笔深(3..18) 止盈5% 补满再亏10%止损 拿48根,1.21,1.01,1.27,2021,616,2839,1.17,1.12,1.07,
4h,BOS→FVG+大周期,空,6笔深(3..18) 止盈5% 补满再亏5%止损 拿18根,1.22,1.17,1.33,2048,619,2869,1.18,1.08,1.11,
4h,BOS→FVG+大周期,空,6笔深(3..18) 止盈5% 补满再亏5%止损 拿48根,1.26,1.11,1.35,2021,616,2839,1.2,1.11,1.13,
4h,BOS→FVG+大周期,空,6笔深(3..18) 止盈8% 补满再亏10%止损 拿18根,1.12,1.05,1.37,2017,608,2828,1.15,1.16,1.09,
4h,BOS→FVG+大周期,空,6笔深(3..18) 止盈8% 补满再亏10%止损 拿48根,1.25,1.08,1.35,1944,591,2762,1.21,1.25,1.13,
4h,BOS→FVG+大周期,空,6笔深(3..18) 止盈8% 补满再亏5%止损 拿18根,1.18,1.25,1.45,2017,608,2828,1.18,1.16,1.16,
4h,BOS→FVG+大周期,空,6笔深(3..18) 止盈8% 补满再亏5%止损 拿48根,1.22,1.21,1.39,1944,591,2762,1.23,1.26,1.19,
4h,BOS→FVG+大周期,空,原版（结构止损、盈亏比2）,0.74,1.18,1.11,1881,551,2589,1.02,1.07,1.01,
4h,BOS→FVG+大周期,多,3笔1:1:1(3/6) 止盈2% 补满再亏10%止损 拿18根,1.21,0.77,0.88,1645,341,1077,0.84,0.67,0.71,
4h,BOS→FVG+大周期,多,3笔1:1:1(3/6) 止盈2% 补满再亏10%止损 拿48根,1.09,0.68,0.92,1643,340,1077,0.81,0.69,0.71,
4h,BOS→FVG+大周期,多,3笔1:1:1(3/6) 止盈2% 补满再亏5%止损 拿18根,1.21,0.78,0.89,1645,341,1077,0.85,0.72,0.74,
4h,BOS→FVG+大周期,多,3笔1:1:1(3/6) 止盈2% 补满再亏5%止损 拿48根,1.12,0.72,0.89,1644,340,1077,0.83,0.75,0.75,
4h,BOS→FVG+大周期,多,3笔1:1:1(3/6) 止盈3% 补满再亏10%止损 拿18根,1.28,0.79,0.92,1643,341,1076,0.92,0.73,0.79,
4h,BOS→FVG+大周期,多,3笔1:1:1(3/6) 止盈3% 补满再亏10%止损 拿48根,1.18,0.64,0.97,1637,340,1076,0.89,0.74,0.79,
4h,BOS→FVG+大周期,多,3笔1:1:1(3/6) 止盈3% 补满再亏5%止损 拿18根,1.29,0.83,0.97,1643,341,1076,0.91,0.76,0.82,
4h,BOS→FVG+大周期,多,3笔1:1:1(3/6) 止盈3% 补满再亏5%止损 拿48根,1.22,0.71,0.96,1640,340,1076,0.89,0.8,0.83,
4h,BOS→FVG+大周期,多,3笔1:1:1(3/6) 止盈5% 补满再亏10%止损 拿18根,1.5,0.84,1.0,1631,337,1070,0.98,0.81,0.81,
4h,BOS→FVG+大周期,多,3笔1:1:1(3/6) 止盈5% 补满再亏10%止损 拿48根,1.26,0.74,0.97,1617,334,1062,0.94,0.8,0.82,
4h,BOS→FVG+大周期,多,3笔1:1:1(3/6) 止盈5% 补满再亏5%止损 拿18根,1.5,0.94,1.05,1631,337,1070,0.96,0.82,0.85,
4h,BOS→FVG+大周期,多,3笔1:1:1(3/6) 止盈5% 补满再亏5%止损 拿48根,1.31,0.88,1.0,1622,334,1062,0.94,0.83,0.86,
4h,BOS→FVG+大周期,多,3笔1:1:1(3/6) 止盈8% 补满再亏10%止损 拿18根,1.62,0.87,1.02,1610,331,1059,1.03,0.86,0.87,
4h,BOS→FVG+大周期,多,3笔1:1:1(3/6) 止盈8% 补满再亏10%止损 拿48根,1.37,0.78,0.98,1572,323,1040,1.0,0.83,0.87,
4h,BOS→FVG+大周期,多,3笔1:1:1(3/6) 止盈8% 补满再亏5%止损 拿18根,1.59,0.95,1.08,1610,331,1059,1.01,0.87,0.9,
4h,BOS→FVG+大周期,多,3笔1:1:1(3/6) 止盈8% 补满再亏5%止损 拿48根,1.4,0.89,1.0,1578,323,1042,0.99,0.86,0.9,
4h,BOS→FVG+大周期,多,3笔1:1:2(3/6) 止盈2% 补满再亏10%止损 拿18根,1.25,0.79,0.91,1645,341,1077,0.86,0.68,0.71,
4h,BOS→FVG+大周期,多,3笔1:1:2(3/6) 止盈2% 补满再亏10%止损 拿48根,1.15,0.65,0.95,1643,340,1077,0.83,0.69,0.71,
4h,BOS→FVG+大周期,多,3笔1:1:2(3/6) 止盈2% 补满再亏5%止损 拿18根,1.28,0.81,0.93,1645,341,1077,0.87,0.74,0.76,
4h,BOS→FVG+大周期,多,3笔1:1:2(3/6) 止盈2% 补满再亏5%止损 拿48根,1.19,0.76,0.93,1644,340,1077,0.86,0.76,0.76,
4h,BOS→FVG+大周期,多,3笔1:1:2(3/6) 止盈3% 补满再亏10%止损 拿18根,1.3,0.77,0.94,1643,341,1076,0.94,0.75,0.8,
4h,BOS→FVG+大周期,多,3笔1:1:2(3/6) 止盈3% 补满再亏10%止损 拿48根,1.22,0.63,0.98,1638,340,1076,0.9,0.75,0.8,
4h,BOS→FVG+大周期,多,3笔1:1:2(3/6) 止盈3% 补满再亏5%止损 拿18根,1.34,0.81,0.99,1643,341,1076,0.93,0.79,0.85,
4h,BOS→FVG+大周期,多,3笔1:1:2(3/6) 止盈3% 补满再亏5%止损 拿48根,1.26,0.71,0.96,1640,340,1076,0.91,0.83,0.85,
4h,BOS→FVG+大周期,多,3笔1:1:2(3/6) 止盈5% 补满再亏10%止损 拿18根,1.56,0.89,1.01,1631,337,1070,1.0,0.82,0.82,
4h,BOS→FVG+大周期,多,3笔1:1:2(3/6) 止盈5% 补满再亏10%止损 拿48根,1.31,0.75,0.99,1619,334,1062,0.96,0.8,0.84,
4h,BOS→FVG+大周期,多,3笔1:1:2(3/6) 止盈5% 补满再亏5%止损 拿18根,1.59,0.98,1.06,1631,337,1070,0.99,0.84,0.87,
4h,BOS→FVG+大周期,多,3笔1:1:2(3/6) 止盈5% 补满再亏5%止损 拿48根,1.38,0.85,1.01,1624,334,1062,0.96,0.85,0.89,
4h,BOS→FVG+大周期,多,3笔1:1:2(3/6) 止盈8% 补满再亏10%止损 拿18根,1.68,0.86,1.06,1611,331,1059,1.07,0.85,0.88,
4h,BOS→FVG+大周期,多,3笔1:1:2(3/6) 止盈8% 补满再亏10%止损 拿48根,1.37,0.76,0.99,1576,324,1040,1.02,0.83,0.87,
4h,BOS→FVG+大周期,多,3笔1:1:2(3/6) 止盈8% 补满再亏5%止损 拿18根,1.68,0.97,1.13,1611,331,1059,1.06,0.87,0.92,
4h,BOS→FVG+大周期,多,3笔1:1:2(3/6) 止盈8% 补满再亏5%止损 拿48根,1.41,0.88,1.02,1581,324,1042,1.02,0.87,0.91,
4h,BOS→FVG+大周期,多,5笔1:1:2:2:4(2..8) 止盈2% 补满再亏10%止损 拿18根,1.32,0.85,0.93,1645,341,1077,0.87,0.67,0.7,
4h,BOS→FVG+大周期,多,5笔1:1:2:2:4(2..8) 止盈2% 补满再亏10%止损 拿48根,1.12,0.74,0.92,1645,341,1077,0.83,0.65,0.69,
4h,BOS→FVG+大周期,多,5笔1:1:2:2:4(2..8) 止盈2% 补满再亏5%止损 拿18根,1.35,1.06,0.93,1645,341,1077,0.92,0.75,0.77,
4h,BOS→FVG+大周期,多,5笔1:1:2:2:4(2..8) 止盈2% 补满再亏5%止损 拿48根,1.28,0.88,0.92,1645,341,1077,0.91,0.79,0.76,
4h,BOS→FVG+大周期,多,5笔1:1:2:2:4(2..8) 止盈3% 补满再亏10%止损 拿18根,1.42,0.94,0.89,1644,341,1076,0.94,0.75,0.79,
4h,BOS→FVG+大周期,多,5笔1:1:2:2:4(2..8) 止盈3% 补满再亏10%止损 拿48根,1.13,0.78,0.91,1641,340,1076,0.9,0.72,0.78,
4h,BOS→FVG+大周期,多,5笔1:1:2:2:4(2..8) 止盈3% 补满再亏5%止损 拿18根,1.54,1.23,0.96,1644,341,1076,1.01,0.83,0.85,
4h,BOS→FVG+大周期,多,5笔1:1:2:2:4(2..8) 止盈3% 补满再亏5%止损 拿48根,1.36,0.96,0.95,1641,340,1076,0.97,0.84,0.84,
4h,BOS→FVG+大周期,多,5笔1:1:2:2:4(2..8) 止盈5% 补满再亏10%止损 拿18根,1.67,0.79,0.93,1633,336,1070,1.03,0.79,0.84,
4h,BOS→FVG+大周期,多,5笔1:1:2:2:4(2..8) 止盈5% 补满再亏10%止损 拿48根,1.31,0.74,0.96,1625,333,1063,0.95,0.77,0.85,
4h,BOS→FVG+大周期,多,5笔1:1:2:2:4(2..8) 止盈5% 补满再亏5%止损 拿18根,1.77,0.97,1.01,1633,336,1070,1.09,0.87,0.89,
4h,BOS→FVG+大周期,多,5笔1:1:2:2:4(2..8) 止盈5% 补满再亏5%止损 拿48根,1.44,0.77,0.98,1626,333,1063,1.02,0.85,0.9,
4h,BOS→FVG+大周期,多,5笔1:1:2:2:4(2..8) 止盈8% 补满再亏10%止损 拿18根,1.88,0.85,1.07,1613,331,1058,1.12,0.83,0.89,
4h,BOS→FVG+大周期,多,5笔1:1:2:2:4(2..8) 止盈8% 补满再亏10%止损 拿48根,1.32,0.72,1.0,1583,325,1040,1.03,0.8,0.88,
4h,BOS→FVG+大周期,多,5笔1:1:2:2:4(2..8) 止盈8% 补满再亏5%止损 拿18根,1.92,0.96,1.17,1613,331,1058,1.17,0.9,0.93,
4h,BOS→FVG+大周期,多,5笔1:1:2:2:4(2..8) 止盈8% 补满再亏5%止损 拿48根,1.47,0.76,1.05,1585,325,1041,1.07,0.88,0.91,
4h,BOS→FVG+大周期,多,5笔等(2..8) 止盈2% 补满再亏10%止损 拿18根,1.25,0.79,0.84,1645,341,1077,0.83,0.63,0.7,
4h,BOS→FVG+大周期,多,5笔等(2..8) 止盈2% 补满再亏10%止损 拿48根,1.05,0.76,0.89,1644,340,1077,0.8,0.64,0.69,
4h,BOS→FVG+大周期,多,5笔等(2..8) 止盈2% 补满再亏5%止损 拿18根,1.25,0.93,0.89,1645,341,1077,0.86,0.68,0.73,
4h,BOS→FVG+大周期,多,5笔等(2..8) 止盈2% 补满再亏5%止损 拿48根,1.15,0.85,0.9,1644,340,1077,0.85,0.7,0.73,
4h,BOS→FVG+大周期,多,5笔等(2..8) 止盈3% 补满再亏10%止损 拿18根,1.35,0.79,0.86,1644,341,1076,0.94,0.72,0.79,
4h,BOS→FVG+大周期,多,5笔等(2..8) 止盈3% 补满再亏10%止损 拿48根,1.11,0.76,0.94,1641,340,1076,0.89,0.72,0.79,
4h,BOS→FVG+大周期,多,5笔等(2..8) 止盈3% 补满再亏5%止损 拿18根,1.42,0.95,0.92,1644,341,1076,0.97,0.78,0.82,
4h,BOS→FVG+大周期,多,5笔等(2..8) 止盈3% 补满再亏5%止损 拿48根,1.26,0.78,0.92,1641,340,1076,0.94,0.8,0.83,
4h,BOS→FVG+大周期,多,5笔等(2..8) 止盈5% 补满再亏10%止损 拿18根,1.57,0.83,0.94,1633,336,1070,1.01,0.78,0.82,
4h,BOS→FVG+大周期,多,5笔等(2..8) 止盈5% 补满再亏10%止损 拿48根,1.21,0.79,0.96,1623,333,1062,0.95,0.77,0.83,
4h,BOS→FVG+大周期,多,5笔等(2..8) 止盈5% 补满再亏5%止损 拿18根,1.6,0.95,1.03,1633,336,1070,1.02,0.83,0.84,
4h,BOS→FVG+大周期,多,5笔等(2..8) 止盈5% 补满再亏5%止损 拿48根,1.33,0.8,0.98,1625,333,1062,0.99,0.84,0.85,
4h,BOS→FVG+大周期,多,5笔等(2..8) 止盈8% 补满再亏10%止损 拿18根,1.73,0.87,1.0,1611,331,1058,1.06,0.85,0.88,
4h,BOS→FVG+大周期,多,5笔等(2..8) 止盈8% 补满再亏10%止损 拿48根,1.34,0.76,0.96,1575,324,1039,1.01,0.81,0.87,
4h,BOS→FVG+大周期,多,5笔等(2..8) 止盈8% 补满再亏5%止损 拿18根,1.74,0.95,1.07,1611,331,1058,1.07,0.89,0.9,
4h,BOS→FVG+大周期,多,5笔等(2..8) 止盈8% 补满再亏5%止损 拿48根,1.46,0.78,1.02,1578,324,1041,1.02,0.88,0.89,
4h,BOS→FVG+大周期,多,6笔深(3..18) 止盈2% 补满再亏10%止损 拿18根,1.69,1.06,0.76,1645,341,1077,0.86,0.63,0.7,
4h,BOS→FVG+大周期,多,6笔深(3..18) 止盈2% 补满再亏10%止损 拿48根,1.21,0.81,0.79,1644,340,1077,0.75,0.6,0.69,
4h,BOS→FVG+大周期,多,6笔深(3..18) 止盈2% 补满再亏5%止损 拿18根,1.67,1.07,0.85,1645,341,1077,0.86,0.62,0.72,
4h,BOS→FVG+大周期,多,6笔深(3..18) 止盈2% 补满再亏5%止损 拿48根,1.25,0.93,0.83,1644,340,1077,0.77,0.59,0.7,
4h,BOS→FVG+大周期,多,6笔深(3..18) 止盈3% 补满再亏10%止损 拿18根,1.54,0.94,0.85,1643,341,1076,0.92,0.71,0.79,
4h,BOS→FVG+大周期,多,6笔深(3..18) 止盈3% 补满再亏10%止损 拿48根,1.11,0.74,0.94,1639,340,1076,0.81,0.72,0.78,
4h,BOS→FVG+大周期,多,6笔深(3..18) 止盈3% 补满再亏5%止损 拿18根,1.57,0.96,0.92,1643,341,1076,0.93,0.66,0.8,
4h,BOS→FVG+大周期,多,6笔深(3..18) 止盈3% 补满再亏5%止损 拿48根,1.16,0.81,0.96,1639,340,1076,0.84,0.68,0.79,
4h,BOS→FVG+大周期,多,6笔深(3..18) 止盈5% 补满再亏10%止损 拿18根,1.65,0.97,0.89,1631,337,1070,0.99,0.79,0.83,
4h,BOS→FVG+大周期,多,6笔深(3..18) 止盈5% 补满再亏10%止损 拿48根,1.03,0.86,0.86,1620,334,1062,0.85,0.71,0.85,
4h,BOS→FVG+大周期,多,6笔深(3..18) 止盈5% 补满再亏5%止损 拿18根,1.71,0.98,0.93,1631,337,1070,1.0,0.74,0.85,
4h,BOS→FVG+大周期,多,6笔深(3..18) 止盈5% 补满再亏5%止损 拿48根,1.18,0.94,0.88,1620,334,1062,0.9,0.69,0.85,
4h,BOS→FVG+大周期,多,6笔深(3..18) 止盈8% 补满再亏10%止损 拿18根,1.95,0.97,1.0,1610,331,1059,1.07,0.87,0.89,
4h,BOS→FVG+大周期,多,6笔深(3..18) 止盈8% 补满再亏10%止损 拿48根,1.2,0.92,0.99,1575,323,1042,0.96,0.76,0.88,
4h,BOS→FVG+大周期,多,6笔深(3..18) 止盈8% 补满再亏5%止损 拿18根,1.96,0.97,1.02,1610,331,1059,1.11,0.8,0.91,
4h,BOS→FVG+大周期,多,6笔深(3..18) 止盈8% 补满再亏5%止损 拿48根,1.3,0.91,0.98,1575,323,1042,1.01,0.73,0.88,
4h,BOS→FVG+大周期,多,原版（结构止损、盈亏比2）,0.97,1.09,1.0,1500,293,994,0.92,0.88,0.9,
4h,BOS→OB+大周期,空,3笔1:1:1(3/6) 止盈2% 补满再亏10%止损 拿18根,1.1,1.03,0.89,3180,940,4493,0.92,0.95,0.81,
4h,BOS→OB+大周期,空,3笔1:1:1(3/6) 止盈2% 补满再亏10%止损 拿48根,1.12,1.03,0.92,3175,938,4488,0.94,0.89,0.83,
4h,BOS→OB+大周期,空,3笔1:1:1(3/6) 止盈2% 补满再亏5%止损 拿18根,1.09,1.13,0.9,3180,940,4493,0.91,0.94,0.85,
4h,BOS→OB+大周期,空,3笔1:1:1(3/6) 止盈2% 补满再亏5%止损 拿48根,1.11,1.21,0.92,3175,939,4489,0.94,0.9,0.87,
4h,BOS→OB+大周期,空,3笔1:1:1(3/6) 止盈3% 补满再亏10%止损 拿18根,1.13,0.99,0.98,3176,939,4484,0.99,1.01,0.92,
4h,BOS→OB+大周期,空,3笔1:1:1(3/6) 止盈3% 补满再亏10%止损 拿48根,1.14,0.97,1.04,3158,933,4474,0.99,1.0,0.94,
4h,BOS→OB+大周期,空,3笔1:1:1(3/6) 止盈3% 补满再亏5%止损 拿18根,1.13,1.11,0.99,3176,939,4484,0.99,1.02,0.95,
4h,BOS→OB+大周期,空,3笔1:1:1(3/6) 止盈3% 补满再亏5%止损 拿48根,1.15,1.11,1.02,3159,935,4476,1.0,1.0,0.97,
4h,BOS→OB+大周期,空,3笔1:1:1(3/6) 止盈5% 补满再亏10%止损 拿18根,1.06,1.05,1.1,3140,934,4455,1.03,1.02,1.0,
4h,BOS→OB+大周期,空,3笔1:1:1(3/6) 止盈5% 补满再亏10%止损 拿48根,1.02,1.0,1.15,3088,918,4397,1.03,1.04,1.03,
4h,BOS→OB+大周期,空,3笔1:1:1(3/6) 止盈5% 补满再亏5%止损 拿18根,1.01,1.14,1.11,3140,934,4455,1.03,1.03,1.04,
4h,BOS→OB+大周期,空,3笔1:1:1(3/6) 止盈5% 补满再亏5%止损 拿48根,1.03,1.11,1.12,3089,920,4402,1.06,1.02,1.06,
4h,BOS→OB+大周期,空,3笔1:1:1(3/6) 止盈8% 补满再亏10%止损 拿18根,1.02,1.14,1.15,3079,916,4346,1.03,1.05,1.04,
4h,BOS→OB+大周期,空,3笔1:1:1(3/6) 止盈8% 补满再亏10%止损 拿48根,1.03,1.14,1.25,2920,869,4197,1.08,1.09,1.08,
4h,BOS→OB+大周期,空,3笔1:1:1(3/6) 止盈8% 补满再亏5%止损 拿18根,0.98,1.23,1.16,3079,916,4346,1.05,1.07,1.09,
4h,BOS→OB+大周期,空,3笔1:1:1(3/6) 止盈8% 补满再亏5%止损 拿48根,1.0,1.26,1.22,2924,871,4206,1.1,1.06,1.1,
4h,BOS→OB+大周期,空,3笔1:1:2(3/6) 止盈2% 补满再亏10%止损 拿18根,1.11,0.97,0.92,3180,940,4493,0.93,0.95,0.84,
4h,BOS→OB+大周期,空,3笔1:1:2(3/6) 止盈2% 补满再亏10%止损 拿48根,1.16,1.0,0.94,3175,939,4489,0.95,0.9,0.85,
4h,BOS→OB+大周期,空,3笔1:1:2(3/6) 止盈2% 补满再亏5%止损 拿18根,1.12,1.12,0.94,3180,940,4493,0.95,0.96,0.9,
4h,BOS→OB+大周期,空,3笔1:1:2(3/6) 止盈2% 补满再亏5%止损 拿48根,1.16,1.19,0.96,3175,939,4489,0.98,0.91,0.91,
4h,BOS→OB+大周期,空,3笔1:1:2(3/6) 止盈3% 补满再亏10%止损 拿18根,1.18,0.97,1.0,3176,939,4484,1.01,1.03,0.96,
4h,BOS→OB+大周期,空,3笔1:1:2(3/6) 止盈3% 补满再亏10%止损 拿48根,1.18,0.95,1.04,3159,934,4476,1.0,0.99,0.98,
4h,BOS→OB+大周期,空,3笔1:1:2(3/6) 止盈3% 补满再亏5%止损 拿18根,1.18,1.12,1.03,3176,939,4484,1.01,1.04,1.02,
4h,BOS→OB+大周期,空,3笔1:1:2(3/6) 止盈3% 补满再亏5%止损 拿48根,1.19,1.12,1.05,3159,936,4477,1.02,0.99,1.03,
4h,BOS→OB+大周期,空,3笔1:1:2(3/6) 止盈5% 补满再亏10%止损 拿18根,1.1,1.06,1.11,3140,934,4455,1.04,1.02,1.02,
4h,BOS→OB+大周期,空,3笔1:1:2(3/6) 止盈5% 补满再亏10%止损 拿48根,1.06,1.02,1.18,3090,919,4399,1.02,1.02,1.05,
4h,BOS→OB+大周期,空,3笔1:1:2(3/6) 止盈5% 补满再亏5%止损 拿18根,1.05,1.2,1.13,3140,934,4455,1.06,1.04,1.08,
4h,BOS→OB+大周期,空,3笔1:1:2(3/6) 止盈5% 补满再亏5%止损 拿48根,1.07,1.19,1.15,3091,921,4403,1.08,1.01,1.1,
4h,BOS→OB+大周期,空,3笔1:1:2(3/6) 止盈8% 补满再亏10%止损 拿18根,1.07,1.15,1.19,3079,916,4346,1.04,1.07,1.06,
4h,BOS→OB+大周期,空,3笔1:1:2(3/6) 止盈8% 补满再亏10%止损 拿48根,1.04,1.16,1.29,2924,870,4203,1.07,1.09,1.1,
4h,BOS→OB+大周期,空,3笔1:1:2(3/6) 止盈8% 补满再亏5%止损 拿18根,1.04,1.27,1.21,3079,916,4346,1.07,1.09,1.13,
4h,BOS→OB+大周期,空,3笔1:1:2(3/6) 止盈8% 补满再亏5%止损 拿48根,1.03,1.31,1.26,2928,872,4210,1.11,1.08,1.14,
4h,BOS→OB+大周期,空,5笔1:1:2:2:4(2..8) 止盈2% 补满再亏10%止损 拿18根,1.21,0.93,0.91,3182,940,4493,0.92,1.0,0.89,
4h,BOS→OB+大周期,空,5笔1:1:2:2:4(2..8) 止盈2% 补满再亏10%止损 拿48根,1.29,0.91,0.93,3180,940,4491,0.93,0.96,0.9,
4h,BOS→OB+大周期,空,5笔1:1:2:2:4(2..8) 止盈2% 补满再亏5%止损 拿18根,1.3,1.06,0.97,3182,940,4493,0.94,1.01,0.97,
4h,BOS→OB+大周期,空,5笔1:1:2:2:4(2..8) 止盈2% 补满再亏5%止损 拿48根,1.28,1.14,1.0,3180,940,4491,0.97,0.95,0.98,
4h,BOS→OB+大周期,空,5笔1:1:2:2:4(2..8) 止盈3% 补满再亏10%止损 拿18根,1.2,0.85,1.02,3175,940,4484,1.02,1.06,0.98,
4h,BOS→OB+大周期,空,5笔1:1:2:2:4(2..8) 止盈3% 补满再亏10%止损 拿48根,1.23,0.78,1.05,3166,937,4477,1.02,0.99,0.99,
4h,BOS→OB+大周期,空,5笔1:1:2:2:4(2..8) 止盈3% 补满再亏5%止损 拿18根,1.28,1.01,1.09,3175,940,4484,1.04,1.09,1.08,
4h,BOS→OB+大周期,空,5笔1:1:2:2:4(2..8) 止盈3% 补满再亏5%止损 拿48根,1.27,0.97,1.13,3166,937,4477,1.04,1.0,1.11,
4h,BOS→OB+大周期,空,5笔1:1:2:2:4(2..8) 止盈5% 补满再亏10%止损 拿18根,1.2,1.01,1.13,3145,934,4456,1.05,1.05,1.07,
4h,BOS→OB+大周期,空,5笔1:1:2:2:4(2..8) 止盈5% 补满再亏10%止损 拿48根,1.14,0.94,1.19,3104,921,4414,1.05,1.05,1.08,
4h,BOS→OB+大周期,空,5笔1:1:2:2:4(2..8) 止盈5% 补满再亏5%止损 拿18根,1.22,1.17,1.2,3145,934,4456,1.09,1.09,1.16,
4h,BOS→OB+大周期,空,5笔1:1:2:2:4(2..8) 止盈5% 补满再亏5%止损 拿48根,1.23,1.11,1.25,3104,922,4416,1.08,1.06,1.18,
4h,BOS→OB+大周期,空,5笔1:1:2:2:4(2..8) 止盈8% 补满再亏10%止损 拿18根,1.17,1.12,1.22,3083,919,4356,1.07,1.11,1.1,
4h,BOS→OB+大周期,空,5笔1:1:2:2:4(2..8) 止盈8% 补满再亏10%止损 拿48根,1.08,1.09,1.29,2939,877,4217,1.07,1.12,1.12,
4h,BOS→OB+大周期,空,5笔1:1:2:2:4(2..8) 止盈8% 补满再亏5%止损 拿18根,1.18,1.29,1.3,3083,919,4356,1.1,1.16,1.18,
4h,BOS→OB+大周期,空,5笔1:1:2:2:4(2..8) 止盈8% 补满再亏5%止损 拿48根,1.12,1.22,1.36,2941,878,4220,1.12,1.12,1.19,
4h,BOS→OB+大周期,空,5笔等(2..8) 止盈2% 补满再亏10%止损 拿18根,1.1,0.95,0.89,3182,940,4493,0.9,0.93,0.83,
4h,BOS→OB+大周期,空,5笔等(2..8) 止盈2% 补满再亏10%止损 拿48根,1.12,0.88,0.93,3179,939,4491,0.91,0.87,0.83,
4h,BOS→OB+大周期,空,5笔等(2..8) 止盈2% 补满再亏5%止损 拿18根,1.17,1.04,0.93,3182,940,4493,0.9,0.96,0.89,
4h,BOS→OB+大周期,空,5笔等(2..8) 止盈2% 补满再亏5%止损 拿48根,1.18,1.05,0.96,3179,939,4491,0.92,0.91,0.91,
4h,BOS→OB+大周期,空,5笔等(2..8) 止盈3% 补满再亏10%止损 拿18根,1.13,0.89,0.97,3175,940,4484,0.98,1.02,0.93,
4h,BOS→OB+大周期,空,5笔等(2..8) 止盈3% 补满再亏10%止损 拿48根,1.15,0.81,1.01,3166,935,4476,0.99,0.97,0.94,
4h,BOS→OB+大周期,空,5笔等(2..8) 止盈3% 补满再亏5%止损 拿18根,1.17,1.0,1.02,3175,940,4484,0.99,1.04,0.99,
4h,BOS→OB+大周期,空,5笔等(2..8) 止盈3% 补满再亏5%止损 拿48根,1.19,0.98,1.06,3166,936,4477,0.99,0.97,1.02,
4h,BOS→OB+大周期,空,5笔等(2..8) 止盈5% 补满再亏10%止损 拿18根,1.09,1.01,1.1,3144,934,4456,1.02,1.0,1.01,
4h,BOS→OB+大周期,空,5笔等(2..8) 止盈5% 补满再亏10%止损 拿48根,1.06,0.97,1.16,3097,919,4405,1.03,1.04,1.03,
4h,BOS→OB+大周期,空,5笔等(2..8) 止盈5% 补满再亏5%止损 拿18根,1.08,1.13,1.13,3144,934,4456,1.04,1.03,1.06,
4h,BOS→OB+大周期,空,5笔等(2..8) 止盈5% 补满再亏5%止损 拿48根,1.11,1.09,1.18,3098,920,4408,1.05,1.02,1.09,
4h,BOS→OB+大周期,空,5笔等(2..8) 止盈8% 补满再亏10%止损 拿18根,1.08,1.12,1.18,3082,919,4353,1.05,1.06,1.06,
4h,BOS→OB+大周期,空,5笔等(2..8) 止盈8% 补满再亏10%止损 拿48根,1.07,1.09,1.25,2935,877,4207,1.08,1.1,1.08,
4h,BOS→OB+大周期,空,5笔等(2..8) 止盈8% 补满再亏5%止损 拿18根,1.07,1.23,1.21,3082,919,4353,1.06,1.1,1.1,
4h,BOS→OB+大周期,空,5笔等(2..8) 止盈8% 补满再亏5%止损 拿48根,1.07,1.21,1.28,2937,878,4210,1.1,1.07,1.12,
4h,BOS→OB+大周期,空,6笔深(3..18) 止盈2% 补满再亏10%止损 拿18根,1.14,0.96,0.85,3180,940,4493,0.96,1.0,0.86,
4h,BOS→OB+大周期,空,6笔深(3..18) 止盈2% 补满再亏10%止损 拿48根,1.14,0.81,0.85,3176,939,4489,0.96,1.0,0.9,
4h,BOS→OB+大周期,空,6笔深(3..18) 止盈2% 补满再亏5%止损 拿18根,1.11,0.98,0.94,3180,940,4493,0.98,1.0,0.9,
4h,BOS→OB+大周期,空,6笔深(3..18) 止盈2% 补满再亏5%止损 拿48根,1.21,0.81,0.93,3176,939,4489,1.01,1.0,0.93,
4h,BOS→OB+大周期,空,6笔深(3..18) 止盈3% 补满再亏10%止损 拿18根,1.17,0.96,0.97,3176,939,4484,1.1,1.04,1.0,
4h,BOS→OB+大周期,空,6笔深(3..18) 止盈3% 补满再亏10%止损 拿48根,1.14,0.87,1.01,3159,935,4476,1.07,1.08,1.01,
4h,BOS→OB+大周期,空,6笔深(3..18) 止盈3% 补满再亏5%止损 拿18根,1.17,1.02,1.06,3176,939,4484,1.11,1.07,1.05,
4h,BOS→OB+大周期,空,6笔深(3..18) 止盈3% 补满再亏5%止损 拿48根,1.21,0.86,1.1,3159,935,4476,1.12,1.08,1.06,
4h,BOS→OB+大周期,空,6笔深(3..18) 止盈5% 补满再亏10%止损 拿18根,1.2,0.98,1.17,3140,934,4455,1.15,1.08,1.05,
4h,BOS→OB+大周期,空,6笔深(3..18) 止盈5% 补满再亏10%止损 拿48根,1.12,0.96,1.19,3089,920,4405,1.17,1.12,1.07,
4h,BOS→OB+大周期,空,6笔深(3..18) 止盈5% 补满再亏5%止损 拿18根,1.22,1.07,1.22,3140,934,4455,1.18,1.08,1.11,
4h,BOS→OB+大周期,空,6笔深(3..18) 止盈5% 补满再亏5%止损 拿48根,1.18,0.92,1.24,3089,920,4405,1.2,1.11,1.13,
4h,BOS→OB+大周期,空,6笔深(3..18) 止盈8% 补满再亏10%止损 拿18根,1.13,1.1,1.25,3079,916,4346,1.15,1.16,1.09,
4h,BOS→OB+大周期,空,6笔深(3..18) 止盈8% 补满再亏10%止损 拿48根,1.12,1.08,1.29,2920,869,4202,1.21,1.25,1.13,
4h,BOS→OB+大周期,空,6笔深(3..18) 止盈8% 补满再亏5%止损 拿18根,1.15,1.18,1.27,3079,916,4346,1.18,1.16,1.16,
4h,BOS→OB+大周期,空,6笔深(3..18) 止盈8% 补满再亏5%止损 拿48根,1.13,1.08,1.32,2921,869,4202,1.23,1.26,1.19,
4h,BOS→OB+大周期,空,原版（结构止损、盈亏比2）,0.8,1.03,1.1,2867,856,4013,1.02,1.07,1.01,
4h,BOS→OB+大周期,多,3笔1:1:1(3/6) 止盈2% 补满再亏10%止损 拿18根,1.23,0.77,0.83,2721,565,1830,0.84,0.67,0.71,
4h,BOS→OB+大周期,多,3笔1:1:1(3/6) 止盈2% 补满再亏10%止损 拿48根,1.12,0.71,0.82,2715,565,1829,0.81,0.69,0.71,
4h,BOS→OB+大周期,多,3笔1:1:1(3/6) 止盈2% 补满再亏5%止损 拿18根,1.15,0.8,0.93,2721,565,1830,0.85,0.72,0.74,
4h,BOS→OB+大周期,多,3笔1:1:1(3/6) 止盈2% 补满再亏5%止损 拿48根,1.14,0.75,0.92,2715,565,1829,0.83,0.75,0.75,
4h,BOS→OB+大周期,多,3笔1:1:1(3/6) 止盈3% 补满再亏10%止损 拿18根,1.37,0.79,0.92,2718,564,1826,0.92,0.73,0.79,
4h,BOS→OB+大周期,多,3笔1:1:1(3/6) 止盈3% 补满再亏10%止损 拿48根,1.18,0.77,0.88,2704,564,1819,0.89,0.74,0.79,
4h,BOS→OB+大周期,多,3笔1:1:1(3/6) 止盈3% 补满再亏5%止损 拿18根,1.27,0.84,0.98,2718,564,1826,0.91,0.76,0.82,
4h,BOS→OB+大周期,多,3笔1:1:1(3/6) 止盈3% 补满再亏5%止损 拿48根,1.21,0.8,0.94,2706,564,1821,0.89,0.8,0.83,
4h,BOS→OB+大周期,多,3笔1:1:1(3/6) 止盈5% 补满再亏10%止损 拿18根,1.44,0.82,1.08,2695,552,1808,0.98,0.81,0.81,
4h,BOS→OB+大周期,多,3笔1:1:1(3/6) 止盈5% 补满再亏10%止损 拿48根,1.24,0.8,1.03,2659,545,1790,0.94,0.8,0.82,
4h,BOS→OB+大周期,多,3笔1:1:1(3/6) 止盈5% 补满再亏5%止损 拿18根,1.39,0.91,1.13,2695,552,1808,0.96,0.82,0.85,
4h,BOS→OB+大周期,多,3笔1:1:1(3/6) 止盈5% 补满再亏5%止损 拿48根,1.26,0.86,1.09,2662,545,1792,0.94,0.83,0.86,
4h,BOS→OB+大周期,多,3笔1:1:1(3/6) 止盈8% 补满再亏10%止损 拿18根,1.56,0.86,1.08,2630,542,1783,1.03,0.86,0.87,
4h,BOS→OB+大周期,多,3笔1:1:1(3/6) 止盈8% 补满再亏10%止损 拿48根,1.29,0.8,0.99,2531,525,1736,1.0,0.83,0.87,
4h,BOS→OB+大周期,多,3笔1:1:1(3/6) 止盈8% 补满再亏5%止损 拿18根,1.49,0.94,1.15,2630,542,1783,1.01,0.87,0.9,
4h,BOS→OB+大周期,多,3笔1:1:1(3/6) 止盈8% 补满再亏5%止损 拿48根,1.34,0.84,1.07,2536,526,1739,0.99,0.86,0.9,
4h,BOS→OB+大周期,多,3笔1:1:2(3/6) 止盈2% 补满再亏10%止损 拿18根,1.39,0.73,0.86,2721,565,1830,0.86,0.68,0.71,
4h,BOS→OB+大周期,多,3笔1:1:2(3/6) 止盈2% 补满再亏10%止损 拿48根,1.3,0.64,0.87,2717,565,1829,0.83,0.69,0.71,
4h,BOS→OB+大周期,多,3笔1:1:2(3/6) 止盈2% 补满再亏5%止损 拿18根,1.28,0.78,0.96,2721,565,1830,0.87,0.74,0.76,
4h,BOS→OB+大周期,多,3笔1:1:2(3/6) 止盈2% 补满再亏5%止损 拿48根,1.31,0.7,0.94,2717,565,1829,0.86,0.76,0.76,
4h,BOS→OB+大周期,多,3笔1:1:2(3/6) 止盈3% 补满再亏10%止损 拿18根,1.42,0.8,0.91,2718,564,1826,0.94,0.75,0.8,
4h,BOS→OB+大周期,多,3笔1:1:2(3/6) 止盈3% 补满再亏10%止损 拿48根,1.22,0.74,0.86,2705,564,1820,0.9,0.75,0.8,
4h,BOS→OB+大周期,多,3笔1:1:2(3/6) 止盈3% 补满再亏5%止损 拿18根,1.33,0.87,1.02,2718,564,1826,0.93,0.79,0.85,
4h,BOS→OB+大周期,多,3笔1:1:2(3/6) 止盈3% 补满再亏5%止损 拿48根,1.27,0.82,0.96,2706,564,1821,0.91,0.83,0.85,
4h,BOS→OB+大周期,多,3笔1:1:2(3/6) 止盈5% 补满再亏10%止损 拿18根,1.48,0.8,1.08,2696,552,1808,1.0,0.82,0.82,
4h,BOS→OB+大周期,多,3笔1:1:2(3/6) 止盈5% 补满再亏10%止损 拿48根,1.27,0.78,1.02,2665,546,1791,0.96,0.8,0.84,
4h,BOS→OB+大周期,多,3笔1:1:2(3/6) 止盈5% 补满再亏5%止损 拿18根,1.44,0.9,1.16,2696,552,1808,0.99,0.84,0.87,
4h,BOS→OB+大周期,多,3笔1:1:2(3/6) 止盈5% 补满再亏5%止损 拿48根,1.31,0.84,1.1,2667,546,1793,0.96,0.85,0.89,
4h,BOS→OB+大周期,多,3笔1:1:2(3/6) 止盈8% 补满再亏10%止损 拿18根,1.64,0.91,1.11,2631,542,1783,1.07,0.85,0.88,
4h,BOS→OB+大周期,多,3笔1:1:2(3/6) 止盈8% 补满再亏10%止损 拿48根,1.32,0.87,1.0,2539,525,1736,1.02,0.83,0.87,
4h,BOS→OB+大周期,多,3笔1:1:2(3/6) 止盈8% 补满再亏5%止损 拿18根,1.57,1.04,1.2,2631,542,1783,1.06,0.87,0.92,
4h,BOS→OB+大周期,多,3笔1:1:2(3/6) 止盈8% 补满再亏5%止损 拿48根,1.38,0.92,1.08,2543,526,1739,1.02,0.87,0.91,
4h,BOS→OB+大周期,多,5笔1:1:2:2:4(2..8) 止盈2% 补满再亏10%止损 拿18根,1.43,0.76,0.82,2721,565,1829,0.87,0.67,0.7,
4h,BOS→OB+大周期,多,5笔1:1:2:2:4(2..8) 止盈2% 补满再亏10%止损 拿48根,1.24,0.67,0.83,2719,565,1828,0.83,0.65,0.69,
4h,BOS→OB+大周期,多,5笔1:1:2:2:4(2..8) 止盈2% 补满再亏5%止损 拿18根,1.4,0.78,0.93,2721,565,1829,0.92,0.75,0.77,
4h,BOS→OB+大周期,多,5笔1:1:2:2:4(2..8) 止盈2% 补满再亏5%止损 拿48根,1.42,0.71,0.92,2719,565,1828,0.91,0.79,0.76,
4h,BOS→OB+大周期,多,5笔1:1:2:2:4(2..8) 止盈3% 补满再亏10%止损 拿18根,1.55,0.83,0.91,2719,564,1826,0.94,0.75,0.79,
4h,BOS→OB+大周期,多,5笔1:1:2:2:4(2..8) 止盈3% 补满再亏10%止损 拿48根,1.29,0.74,0.92,2713,564,1823,0.9,0.72,0.78,
4h,BOS→OB+大周期,多,5笔1:1:2:2:4(2..8) 止盈3% 补满再亏5%止损 拿18根,1.53,0.87,1.06,2719,564,1826,1.01,0.83,0.85,
4h,BOS→OB+大周期,多,5笔1:1:2:2:4(2..8) 止盈3% 补满再亏5%止损 拿48根,1.44,0.78,1.01,2713,564,1823,0.97,0.84,0.84,
4h,BOS→OB+大周期,多,5笔1:1:2:2:4(2..8) 止盈5% 补满再亏10%止损 拿18根,1.6,0.82,1.01,2696,553,1812,1.03,0.79,0.84,
4h,BOS→OB+大周期,多,5笔1:1:2:2:4(2..8) 止盈5% 补满再亏10%止损 拿48根,1.25,0.76,0.97,2669,549,1799,0.95,0.77,0.85,
4h,BOS→OB+大周期,多,5笔1:1:2:2:4(2..8) 止盈5% 补满再亏5%止损 拿18根,1.56,0.87,1.17,2696,553,1812,1.09,0.87,0.89,
4h,BOS→OB+大周期,多,5笔1:1:2:2:4(2..8) 止盈5% 补满再亏5%止损 拿48根,1.39,0.78,1.07,2669,549,1799,1.02,0.85,0.9,
4h,BOS→OB+大周期,多,5笔1:1:2:2:4(2..8) 止盈8% 补满再亏10%止损 拿18根,1.79,0.89,1.09,2641,543,1787,1.12,0.83,0.89,
4h,BOS→OB+大周期,多,5笔1:1:2:2:4(2..8) 止盈8% 补满再亏10%止损 拿48根,1.27,0.76,1.01,2555,528,1746,1.03,0.8,0.88,
4h,BOS→OB+大周期,多,5笔1:1:2:2:4(2..8) 止盈8% 补满再亏5%止损 拿18根,1.74,0.93,1.2,2641,543,1787,1.17,0.9,0.93,
4h,BOS→OB+大周期,多,5笔1:1:2:2:4(2..8) 止盈8% 补满再亏5%止损 拿48根,1.43,0.79,1.06,2556,528,1747,1.07,0.88,0.91,
4h,BOS→OB+大周期,多,5笔等(2..8) 止盈2% 补满再亏10%止损 拿18根,1.33,0.77,0.83,2721,565,1829,0.83,0.63,0.7,
4h,BOS→OB+大周期,多,5笔等(2..8) 止盈2% 补满再亏10%止损 拿48根,1.17,0.67,0.88,2718,565,1828,0.8,0.64,0.69,
4h,BOS→OB+大周期,多,5笔等(2..8) 止盈2% 补满再亏5%止损 拿18根,1.26,0.78,0.93,2721,565,1829,0.86,0.68,0.73,
4h,BOS→OB+大周期,多,5笔等(2..8) 止盈2% 补满再亏5%止损 拿48根,1.26,0.7,0.94,2718,565,1828,0.85,0.7,0.73,
4h,BOS→OB+大周期,多,5笔等(2..8) 止盈3% 补满再亏10%止损 拿18根,1.48,0.8,0.89,2719,564,1826,0.94,0.72,0.79,
4h,BOS→OB+大周期,多,5笔等(2..8) 止盈3% 补满再亏10%止损 拿48根,1.23,0.74,0.9,2710,564,1822,0.89,0.72,0.79,
4h,BOS→OB+大周期,多,5笔等(2..8) 止盈3% 补满再亏5%止损 拿18根,1.41,0.81,1.0,2719,564,1826,0.97,0.78,0.82,
4h,BOS→OB+大周期,多,5笔等(2..8) 止盈3% 补满再亏5%止损 拿48根,1.33,0.74,0.96,2710,564,1822,0.94,0.8,0.83,
4h,BOS→OB+大周期,多,5笔等(2..8) 止盈5% 补满再亏10%止损 拿18根,1.51,0.84,1.02,2695,553,1810,1.01,0.78,0.82,
4h,BOS→OB+大周期,多,5笔等(2..8) 止盈5% 补满再亏10%止损 拿48根,1.23,0.77,1.0,2662,549,1794,0.95,0.77,0.83,
4h,BOS→OB+大周期,多,5笔等(2..8) 止盈5% 补满再亏5%止损 拿18根,1.45,0.86,1.11,2695,553,1810,1.02,0.83,0.84,
4h,BOS→OB+大周期,多,5笔等(2..8) 止盈5% 补满再亏5%止损 拿48根,1.31,0.78,1.05,2663,549,1794,0.99,0.84,0.85,
4h,BOS→OB+大周期,多,5笔等(2..8) 止盈8% 补满再亏10%止损 拿18根,1.64,0.89,1.07,2636,543,1784,1.06,0.85,0.88,
4h,BOS→OB+大周期,多,5笔等(2..8) 止盈8% 补满再亏10%止损 拿48根,1.26,0.79,0.98,2539,527,1738,1.01,0.81,0.87,
4h,BOS→OB+大周期,多,5笔等(2..8) 止盈8% 补满再亏5%止损 拿18根,1.57,0.91,1.15,2636,543,1784,1.07,0.89,0.9,
4h,BOS→OB+大周期,多,5笔等(2..8) 止盈8% 补满再亏5%止损 拿48根,1.36,0.8,1.04,2541,527,1741,1.02,0.88,0.89,
4h,BOS→OB+大周期,多,6笔深(3..18) 止盈2% 补满再亏10%止损 拿18根,1.42,0.8,0.76,2721,565,1830,0.86,0.63,0.7,
4h,BOS→OB+大周期,多,6笔深(3..18) 止盈2% 补满再亏10%止损 拿48根,1.29,0.6,0.92,2716,565,1829,0.75,0.6,0.69,
4h,BOS→OB+大周期,多,6笔深(3..18) 止盈2% 补满再亏5%止损 拿18根,1.37,0.84,0.74,2721,565,1830,0.86,0.62,0.72,
4h,BOS→OB+大周期,多,6笔深(3..18) 止盈2% 补满再亏5%止损 拿48根,1.26,0.64,0.82,2716,565,1829,0.77,0.59,0.7,
4h,BOS→OB+大周期,多,6笔深(3..18) 止盈3% 补满再亏10%止损 拿18根,1.46,0.83,0.8,2718,564,1826,0.92,0.71,0.79,
4h,BOS→OB+大周期,多,6笔深(3..18) 止盈3% 补满再亏10%止损 拿48根,1.09,0.65,0.89,2707,564,1820,0.81,0.72,0.78,
4h,BOS→OB+大周期,多,6笔深(3..18) 止盈3% 补满再亏5%止损 拿18根,1.47,0.84,0.82,2718,564,1826,0.93,0.66,0.8,
4h,BOS→OB+大周期,多,6笔深(3..18) 止盈3% 补满再亏5%止损 拿48根,1.15,0.68,0.84,2707,564,1820,0.84,0.68,0.79,
4h,BOS→OB+大周期,多,6笔深(3..18) 止盈5% 补满再亏10%止损 拿18根,1.58,0.87,1.07,2695,552,1808,0.99,0.79,0.83,
4h,BOS→OB+大周期,多,6笔深(3..18) 止盈5% 补满再亏10%止损 拿48根,1.09,0.86,1.13,2664,546,1793,0.85,0.71,0.85,
4h,BOS→OB+大周期,多,6笔深(3..18) 止盈5% 补满再亏5%止损 拿18根,1.54,0.87,1.06,2695,552,1808,1.0,0.74,0.85,
4h,BOS→OB+大周期,多,6笔深(3..18) 止盈5% 补满再亏5%止损 拿48根,1.14,0.87,1.02,2664,546,1793,0.9,0.69,0.85,
4h,BOS→OB+大周期,多,6笔深(3..18) 止盈8% 补满再亏10%止损 拿18根,1.8,0.99,1.15,2631,542,1783,1.07,0.87,0.89,
4h,BOS→OB+大周期,多,6笔深(3..18) 止盈8% 补满再亏10%止损 拿48根,1.14,0.88,1.15,2536,526,1737,0.96,0.76,0.88,
4h,BOS→OB+大周期,多,6笔深(3..18) 止盈8% 补满再亏5%止损 拿18根,1.75,0.99,1.13,2631,542,1783,1.11,0.8,0.91,
4h,BOS→OB+大周期,多,6笔深(3..18) 止盈8% 补满再亏5%止损 拿48根,1.18,0.9,1.07,2537,526,1737,1.01,0.73,0.88,
4h,BOS→OB+大周期,多,原版（结构止损、盈亏比2）,0.96,0.94,1.11,2431,501,1648,0.92,0.88,0.9,
