周期,打法,方向,出场,训练_PF,检验_PF,新币_PF,训练_笔数,检验_笔数,新币_笔数,随机_训练_PF,随机_检验_PF,随机_新币_PF,过关
5m,BOS→FVG,空,3笔1:1:1(3/6) 止盈2% 补满再亏10%止损 拿18根,0.85,0.87,,17287,20803,0,0.74,0.73,,
5m,BOS→FVG,空,3笔1:1:1(3/6) 止盈2% 补满再亏10%止损 拿48根,0.91,0.92,,15475,18451,0,0.82,0.84,,
5m,BOS→FVG,空,3笔1:1:1(3/6) 止盈2% 补满再亏5%止损 拿18根,0.87,0.87,,17287,20803,0,0.74,0.73,,
5m,BOS→FVG,空,3笔1:1:1(3/6) 止盈2% 补满再亏5%止损 拿48根,0.92,0.93,,15475,18451,0,0.82,0.84,,
5m,BOS→FVG,空,3笔1:1:1(3/6) 止盈3% 补满再亏10%止损 拿18根,0.84,0.87,,17116,20647,0,0.74,0.72,,
5m,BOS→FVG,空,3笔1:1:1(3/6) 止盈3% 补满再亏10%止损 拿48根,0.89,0.93,,14775,17819,0,0.81,0.84,,
5m,BOS→FVG,空,3笔1:1:1(3/6) 止盈3% 补满再亏5%止损 拿18根,0.85,0.87,,17116,20647,0,0.73,0.73,,
5m,BOS→FVG,空,3笔1:1:1(3/6) 止盈3% 补满再亏5%止损 拿48根,0.89,0.94,,14775,17819,0,0.81,0.84,,
5m,BOS→FVG,空,3笔1:1:1(3/6) 止盈5% 补满再亏10%止损 拿18根,0.82,0.86,,17053,20572,0,0.73,0.72,,
5m,BOS→FVG,空,3笔1:1:1(3/6) 止盈5% 补满再亏10%止损 拿48根,0.87,0.92,,14378,17445,0,0.8,0.83,,
5m,BOS→FVG,空,3笔1:1:1(3/6) 止盈5% 补满再亏5%止损 拿18根,0.84,0.86,,17053,20572,0,0.73,0.72,,
5m,BOS→FVG,空,3笔1:1:1(3/6) 止盈5% 补满再亏5%止损 拿48根,0.88,0.93,,14378,17445,0,0.8,0.83,,
5m,BOS→FVG,空,3笔1:1:1(3/6) 止盈8% 补满再亏10%止损 拿18根,0.81,0.86,,17033,20564,0,0.73,0.71,,
5m,BOS→FVG,空,3笔1:1:1(3/6) 止盈8% 补满再亏10%止损 拿48根,0.85,0.91,,14265,17351,0,0.79,0.83,,
5m,BOS→FVG,空,3笔1:1:1(3/6) 止盈8% 补满再亏5%止损 拿18根,0.82,0.86,,17033,20564,0,0.73,0.71,,
5m,BOS→FVG,空,3笔1:1:1(3/6) 止盈8% 补满再亏5%止损 拿48根,0.85,0.92,,14265,17351,0,0.79,0.83,,
5m,BOS→FVG,空,3笔1:1:2(3/6) 止盈2% 补满再亏10%止损 拿18根,0.85,0.87,,17287,20803,0,0.74,0.73,,
5m,BOS→FVG,空,3笔1:1:2(3/6) 止盈2% 补满再亏10%止损 拿48根,0.91,0.93,,15475,18451,0,0.81,0.84,,
5m,BOS→FVG,空,3笔1:1:2(3/6) 止盈2% 补满再亏5%止损 拿18根,0.87,0.87,,17287,20803,0,0.74,0.73,,
5m,BOS→FVG,空,3笔1:1:2(3/6) 止盈2% 补满再亏5%止损 拿48根,0.91,0.94,,15475,18451,0,0.81,0.84,,
5m,BOS→FVG,空,3笔1:1:2(3/6) 止盈3% 补满再亏10%止损 拿18根,0.84,0.87,,17116,20647,0,0.74,0.72,,
5m,BOS→FVG,空,3笔1:1:2(3/6) 止盈3% 补满再亏10%止损 拿48根,0.88,0.94,,14776,17820,0,0.81,0.84,,
5m,BOS→FVG,空,3笔1:1:2(3/6) 止盈3% 补满再亏5%止损 拿18根,0.85,0.88,,17116,20647,0,0.74,0.72,,
5m,BOS→FVG,空,3笔1:1:2(3/6) 止盈3% 补满再亏5%止损 拿48根,0.89,0.95,,14776,17820,0,0.81,0.84,,
5m,BOS→FVG,空,3笔1:1:2(3/6) 止盈5% 补满再亏10%止损 拿18根,0.82,0.86,,17053,20572,0,0.74,0.72,,
5m,BOS→FVG,空,3笔1:1:2(3/6) 止盈5% 补满再亏10%止损 拿48根,0.86,0.93,,14378,17446,0,0.79,0.83,,
5m,BOS→FVG,空,3笔1:1:2(3/6) 止盈5% 补满再亏5%止损 拿18根,0.84,0.87,,17053,20572,0,0.73,0.72,,
5m,BOS→FVG,空,3笔1:1:2(3/6) 止盈5% 补满再亏5%止损 拿48根,0.87,0.94,,14378,17446,0,0.8,0.83,,
5m,BOS→FVG,空,3笔1:1:2(3/6) 止盈8% 补满再亏10%止损 拿18根,0.8,0.86,,17033,20564,0,0.73,0.72,,
5m,BOS→FVG,空,3笔1:1:2(3/6) 止盈8% 补满再亏10%止损 拿48根,0.84,0.92,,14266,17351,0,0.79,0.83,,
5m,BOS→FVG,空,3笔1:1:2(3/6) 止盈8% 补满再亏5%止损 拿18根,0.82,0.87,,17033,20564,0,0.73,0.72,,
5m,BOS→FVG,空,3笔1:1:2(3/6) 止盈8% 补满再亏5%止损 拿48根,0.85,0.92,,14266,17351,0,0.79,0.83,,
5m,BOS→FVG,空,5笔1:1:2:2:4(2..8) 止盈2% 补满再亏10%止损 拿18根,0.82,0.9,,17290,20804,0,0.74,0.74,,
5m,BOS→FVG,空,5笔1:1:2:2:4(2..8) 止盈2% 补满再亏10%止损 拿48根,0.85,0.93,,15486,18464,0,0.8,0.84,,
5m,BOS→FVG,空,5笔1:1:2:2:4(2..8) 止盈2% 补满再亏5%止损 拿18根,0.84,0.9,,17290,20804,0,0.74,0.75,,
5m,BOS→FVG,空,5笔1:1:2:2:4(2..8) 止盈2% 补满再亏5%止损 拿48根,0.88,0.95,,15486,18464,0,0.79,0.84,,
5m,BOS→FVG,空,5笔1:1:2:2:4(2..8) 止盈3% 补满再亏10%止损 拿18根,0.81,0.9,,17114,20648,0,0.73,0.72,,
5m,BOS→FVG,空,5笔1:1:2:2:4(2..8) 止盈3% 补满再亏10%止损 拿48根,0.84,0.94,,14789,17830,0,0.81,0.83,,
5m,BOS→FVG,空,5笔1:1:2:2:4(2..8) 止盈3% 补满再亏5%止损 拿18根,0.84,0.9,,17114,20648,0,0.73,0.73,,
5m,BOS→FVG,空,5笔1:1:2:2:4(2..8) 止盈3% 补满再亏5%止损 拿48根,0.87,0.96,,14789,17830,0,0.8,0.83,,
5m,BOS→FVG,空,5笔1:1:2:2:4(2..8) 止盈5% 补满再亏10%止损 拿18根,0.78,0.89,,17054,20573,0,0.74,0.72,,
5m,BOS→FVG,空,5笔1:1:2:2:4(2..8) 止盈5% 补满再亏10%止损 拿48根,0.82,0.94,,14382,17452,0,0.79,0.83,,
5m,BOS→FVG,空,5笔1:1:2:2:4(2..8) 止盈5% 补满再亏5%止损 拿18根,0.81,0.89,,17054,20573,0,0.73,0.73,,
5m,BOS→FVG,空,5笔1:1:2:2:4(2..8) 止盈5% 补满再亏5%止损 拿48根,0.84,0.96,,14382,17452,0,0.79,0.83,,
5m,BOS→FVG,空,5笔1:1:2:2:4(2..8) 止盈8% 补满再亏10%止损 拿18根,0.76,0.89,,17033,20564,0,0.74,0.72,,
5m,BOS→FVG,空,5笔1:1:2:2:4(2..8) 止盈8% 补满再亏10%止损 拿48根,0.8,0.93,,14267,17357,0,0.78,0.83,,
5m,BOS→FVG,空,5笔1:1:2:2:4(2..8) 止盈8% 补满再亏5%止损 拿18根,0.78,0.9,,17033,20564,0,0.73,0.74,,
5m,BOS→FVG,空,5笔1:1:2:2:4(2..8) 止盈8% 补满再亏5%止损 拿48根,0.81,0.95,,14267,17357,0,0.77,0.84,,
5m,BOS→FVG,空,5笔等(2..8) 止盈2% 补满再亏10%止损 拿18根,0.83,0.88,,17290,20804,0,0.74,0.72,,
5m,BOS→FVG,空,5笔等(2..8) 止盈2% 补满再亏10%止损 拿48根,0.88,0.91,,15485,18462,0,0.81,0.83,,
5m,BOS→FVG,空,5笔等(2..8) 止盈2% 补满再亏5%止损 拿18根,0.85,0.88,,17290,20804,0,0.73,0.73,,
5m,BOS→FVG,空,5笔等(2..8) 止盈2% 补满再亏5%止损 拿48根,0.9,0.92,,15485,18462,0,0.81,0.83,,
5m,BOS→FVG,空,5笔等(2..8) 止盈3% 补满再亏10%止损 拿18根,0.82,0.89,,17114,20648,0,0.73,0.72,,
5m,BOS→FVG,空,5笔等(2..8) 止盈3% 补满再亏10%止损 拿48根,0.87,0.93,,14787,17829,0,0.81,0.83,,
5m,BOS→FVG,空,5笔等(2..8) 止盈3% 补满再亏5%止损 拿18根,0.83,0.89,,17114,20648,0,0.73,0.73,,
5m,BOS→FVG,空,5笔等(2..8) 止盈3% 补满再亏5%止损 拿48根,0.88,0.94,,14787,17829,0,0.81,0.83,,
5m,BOS→FVG,空,5笔等(2..8) 止盈5% 补满再亏10%止损 拿18根,0.8,0.88,,17054,20573,0,0.73,0.71,,
5m,BOS→FVG,空,5笔等(2..8) 止盈5% 补满再亏10%止损 拿48根,0.85,0.92,,14381,17451,0,0.8,0.82,,
5m,BOS→FVG,空,5笔等(2..8) 止盈5% 补满再亏5%止损 拿18根,0.81,0.88,,17054,20573,0,0.73,0.72,,
5m,BOS→FVG,空,5笔等(2..8) 止盈5% 补满再亏5%止损 拿48根,0.86,0.93,,14381,17451,0,0.8,0.82,,
5m,BOS→FVG,空,5笔等(2..8) 止盈8% 补满再亏10%止损 拿18根,0.78,0.87,,17033,20564,0,0.73,0.71,,
5m,BOS→FVG,空,5笔等(2..8) 止盈8% 补满再亏10%止损 拿48根,0.82,0.91,,14265,17356,0,0.78,0.82,,
5m,BOS→FVG,空,5笔等(2..8) 止盈8% 补满再亏5%止损 拿18根,0.8,0.88,,17033,20564,0,0.72,0.72,,
5m,BOS→FVG,空,5笔等(2..8) 止盈8% 补满再亏5%止损 拿48根,0.83,0.92,,14265,17356,0,0.78,0.83,,
5m,BOS→FVG,空,6笔深(3..18) 止盈2% 补满再亏10%止损 拿18根,0.82,0.88,,17287,20803,0,0.75,0.72,,
5m,BOS→FVG,空,6笔深(3..18) 止盈2% 补满再亏10%止损 拿48根,0.88,0.9,,15475,18451,0,0.82,0.83,,
5m,BOS→FVG,空,6笔深(3..18) 止盈2% 补满再亏5%止损 拿18根,0.82,0.88,,17287,20803,0,0.75,0.73,,
5m,BOS→FVG,空,6笔深(3..18) 止盈2% 补满再亏5%止损 拿48根,0.89,0.91,,15475,18451,0,0.82,0.84,,
5m,BOS→FVG,空,6笔深(3..18) 止盈3% 补满再亏10%止损 拿18根,0.81,0.87,,17116,20647,0,0.74,0.72,,
5m,BOS→FVG,空,6笔深(3..18) 止盈3% 补满再亏10%止损 拿48根,0.86,0.91,,14775,17819,0,0.81,0.83,,
5m,BOS→FVG,空,6笔深(3..18) 止盈3% 补满再亏5%止损 拿18根,0.81,0.87,,17116,20647,0,0.74,0.72,,
5m,BOS→FVG,空,6笔深(3..18) 止盈3% 补满再亏5%止损 拿48根,0.86,0.93,,14775,17819,0,0.82,0.84,,
5m,BOS→FVG,空,6笔深(3..18) 止盈5% 补满再亏10%止损 拿18根,0.79,0.86,,17053,20572,0,0.74,0.72,,
5m,BOS→FVG,空,6笔深(3..18) 止盈5% 补满再亏10%止损 拿48根,0.85,0.89,,14378,17445,0,0.79,0.82,,
5m,BOS→FVG,空,6笔深(3..18) 止盈5% 补满再亏5%止损 拿18根,0.79,0.86,,17053,20572,0,0.74,0.72,,
5m,BOS→FVG,空,6笔深(3..18) 止盈5% 补满再亏5%止损 拿48根,0.85,0.91,,14378,17445,0,0.8,0.83,,
5m,BOS→FVG,空,6笔深(3..18) 止盈8% 补满再亏10%止损 拿18根,0.78,0.86,,17033,20564,0,0.74,0.71,,
5m,BOS→FVG,空,6笔深(3..18) 止盈8% 补满再亏10%止损 拿48根,0.83,0.89,,14265,17351,0,0.77,0.82,,
5m,BOS→FVG,空,6笔深(3..18) 止盈8% 补满再亏5%止损 拿18根,0.78,0.86,,17033,20564,0,0.73,0.72,,
5m,BOS→FVG,空,6笔深(3..18) 止盈8% 补满再亏5%止损 拿48根,0.83,0.91,,14265,17351,0,0.79,0.83,,
5m,BOS→FVG,空,原版（结构止损、盈亏比2）,0.88,0.86,,15614,18927,0,0.79,0.8,,
5m,BOS→FVG,多,3笔1:1:1(3/6) 止盈2% 补满再亏10%止损 拿18根,0.82,0.83,,16942,19305,0,0.77,0.74,,
5m,BOS→FVG,多,3笔1:1:1(3/6) 止盈2% 补满再亏10%止损 拿48根,0.94,0.88,,15135,17309,0,0.87,0.84,,
5m,BOS→FVG,多,3笔1:1:1(3/6) 止盈2% 补满再亏5%止损 拿18根,0.82,0.83,,16942,19305,0,0.77,0.73,,
5m,BOS→FVG,多,3笔1:1:1(3/6) 止盈2% 补满再亏5%止损 拿48根,0.94,0.88,,15135,17309,0,0.87,0.83,,
5m,BOS→FVG,多,3笔1:1:1(3/6) 止盈3% 补满再亏10%止损 拿18根,0.83,0.82,,16793,19168,0,0.77,0.74,,
5m,BOS→FVG,多,3笔1:1:1(3/6) 止盈3% 补满再亏10%止损 拿48根,0.94,0.88,,14543,16724,0,0.88,0.85,,
5m,BOS→FVG,多,3笔1:1:1(3/6) 止盈3% 补满再亏5%止损 拿18根,0.83,0.83,,16793,19168,0,0.77,0.74,,
5m,BOS→FVG,多,3笔1:1:1(3/6) 止盈3% 补满再亏5%止损 拿48根,0.95,0.88,,14543,16724,0,0.88,0.84,,
5m,BOS→FVG,多,3笔1:1:1(3/6) 止盈5% 补满再亏10%止损 拿18根,0.84,0.83,,16732,19110,0,0.77,0.74,,
5m,BOS→FVG,多,3笔1:1:1(3/6) 止盈5% 补满再亏10%止损 拿48根,0.94,0.89,,14201,16361,0,0.87,0.86,,
5m,BOS→FVG,多,3笔1:1:1(3/6) 止盈5% 补满再亏5%止损 拿18根,0.83,0.83,,16732,19110,0,0.77,0.74,,
5m,BOS→FVG,多,3笔1:1:1(3/6) 止盈5% 补满再亏5%止损 拿48根,0.95,0.89,,14201,16361,0,0.88,0.84,,
5m,BOS→FVG,多,3笔1:1:1(3/6) 止盈8% 补满再亏10%止损 拿18根,0.84,0.82,,16720,19094,0,0.77,0.74,,
5m,BOS→FVG,多,3笔1:1:1(3/6) 止盈8% 补满再亏10%止损 拿48根,0.95,0.9,,14109,16244,0,0.88,0.86,,
5m,BOS→FVG,多,3笔1:1:1(3/6) 止盈8% 补满再亏5%止损 拿18根,0.84,0.82,,16720,19094,0,0.78,0.74,,
5m,BOS→FVG,多,3笔1:1:1(3/6) 止盈8% 补满再亏5%止损 拿48根,0.96,0.89,,14109,16244,0,0.89,0.85,,
5m,BOS→FVG,多,3笔1:1:2(3/6) 止盈2% 补满再亏10%止损 拿18根,0.83,0.83,,16942,19305,0,0.77,0.74,,
5m,BOS→FVG,多,3笔1:1:2(3/6) 止盈2% 补满再亏10%止损 拿48根,0.95,0.88,,15135,17310,0,0.88,0.85,,
5m,BOS→FVG,多,3笔1:1:2(3/6) 止盈2% 补满再亏5%止损 拿18根,0.83,0.83,,16942,19305,0,0.78,0.74,,
5m,BOS→FVG,多,3笔1:1:2(3/6) 止盈2% 补满再亏5%止损 拿48根,0.95,0.88,,15135,17310,0,0.88,0.84,,
5m,BOS→FVG,多,3笔1:1:2(3/6) 止盈3% 补满再亏10%止损 拿18根,0.84,0.82,,16793,19168,0,0.78,0.75,,
5m,BOS→FVG,多,3笔1:1:2(3/6) 止盈3% 补满再亏10%止损 拿48根,0.95,0.88,,14543,16725,0,0.9,0.86,,
5m,BOS→FVG,多,3笔1:1:2(3/6) 止盈3% 补满再亏5%止损 拿18根,0.83,0.83,,16793,19168,0,0.78,0.75,,
5m,BOS→FVG,多,3笔1:1:2(3/6) 止盈3% 补满再亏5%止损 拿48根,0.96,0.88,,14543,16725,0,0.9,0.85,,
5m,BOS→FVG,多,3笔1:1:2(3/6) 止盈5% 补满再亏10%止损 拿18根,0.84,0.83,,16732,19110,0,0.78,0.75,,
5m,BOS→FVG,多,3笔1:1:2(3/6) 止盈5% 补满再亏10%止损 拿48根,0.95,0.89,,14201,16361,0,0.89,0.87,,
5m,BOS→FVG,多,3笔1:1:2(3/6) 止盈5% 补满再亏5%止损 拿18根,0.84,0.83,,16732,19110,0,0.78,0.75,,
5m,BOS→FVG,多,3笔1:1:2(3/6) 止盈5% 补满再亏5%止损 拿48根,0.96,0.89,,14201,16361,0,0.9,0.86,,
5m,BOS→FVG,多,3笔1:1:2(3/6) 止盈8% 补满再亏10%止损 拿18根,0.84,0.82,,16720,19094,0,0.78,0.75,,
5m,BOS→FVG,多,3笔1:1:2(3/6) 止盈8% 补满再亏10%止损 拿48根,0.96,0.9,,14109,16244,0,0.89,0.87,,
5m,BOS→FVG,多,3笔1:1:2(3/6) 止盈8% 补满再亏5%止损 拿18根,0.84,0.82,,16720,19094,0,0.78,0.75,,
5m,BOS→FVG,多,3笔1:1:2(3/6) 止盈8% 补满再亏5%止损 拿48根,0.97,0.89,,14109,16244,0,0.9,0.85,,
5m,BOS→FVG,多,5笔1:1:2:2:4(2..8) 止盈2% 补满再亏10%止损 拿18根,0.84,0.85,,16942,19307,0,0.78,0.78,,
5m,BOS→FVG,多,5笔1:1:2:2:4(2..8) 止盈2% 补满再亏10%止损 拿48根,0.95,0.92,,15146,17324,0,0.9,0.9,,
5m,BOS→FVG,多,5笔1:1:2:2:4(2..8) 止盈2% 补满再亏5%止损 拿18根,0.85,0.82,,16942,19307,0,0.8,0.77,,
5m,BOS→FVG,多,5笔1:1:2:2:4(2..8) 止盈2% 补满再亏5%止损 拿48根,0.98,0.89,,15146,17324,0,0.93,0.88,,
5m,BOS→FVG,多,5笔1:1:2:2:4(2..8) 止盈3% 补满再亏10%止损 拿18根,0.85,0.84,,16793,19169,0,0.79,0.78,,
5m,BOS→FVG,多,5笔1:1:2:2:4(2..8) 止盈3% 补满再亏10%止损 拿48根,0.98,0.91,,14550,16738,0,0.92,0.91,,
5m,BOS→FVG,多,5笔1:1:2:2:4(2..8) 止盈3% 补满再亏5%止损 拿18根,0.86,0.82,,16793,19169,0,0.81,0.78,,
5m,BOS→FVG,多,5笔1:1:2:2:4(2..8) 止盈3% 补满再亏5%止损 拿48根,0.99,0.88,,14550,16738,0,0.96,0.89,,
5m,BOS→FVG,多,5笔1:1:2:2:4(2..8) 止盈5% 补满再亏10%止损 拿18根,0.85,0.85,,16734,19110,0,0.8,0.79,,
5m,BOS→FVG,多,5笔1:1:2:2:4(2..8) 止盈5% 补满再亏10%止损 拿48根,0.97,0.92,,14209,16367,0,0.93,0.92,,
5m,BOS→FVG,多,5笔1:1:2:2:4(2..8) 止盈5% 补满再亏5%止损 拿18根,0.86,0.82,,16734,19110,0,0.82,0.79,,
5m,BOS→FVG,多,5笔1:1:2:2:4(2..8) 止盈5% 补满再亏5%止损 拿48根,0.99,0.89,,14209,16367,0,0.96,0.89,,
5m,BOS→FVG,多,5笔1:1:2:2:4(2..8) 止盈8% 补满再亏10%止损 拿18根,0.86,0.85,,16720,19094,0,0.8,0.79,,
5m,BOS→FVG,多,5笔1:1:2:2:4(2..8) 止盈8% 补满再亏10%止损 拿48根,0.98,0.94,,14112,16246,0,0.92,0.92,,
5m,BOS→FVG,多,5笔1:1:2:2:4(2..8) 止盈8% 补满再亏5%止损 拿18根,0.87,0.82,,16720,19094,0,0.81,0.78,,
5m,BOS→FVG,多,5笔1:1:2:2:4(2..8) 止盈8% 补满再亏5%止损 拿48根,1.01,0.9,,14112,16246,0,0.95,0.89,,
5m,BOS→FVG,多,5笔等(2..8) 止盈2% 补满再亏10%止损 拿18根,0.82,0.84,,16942,19307,0,0.77,0.75,,
5m,BOS→FVG,多,5笔等(2..8) 止盈2% 补满再亏10%止损 拿48根,0.93,0.9,,15145,17324,0,0.87,0.86,,
5m,BOS→FVG,多,5笔等(2..8) 止盈2% 补满再亏5%止损 拿18根,0.83,0.83,,16942,19307,0,0.78,0.75,,
5m,BOS→FVG,多,5笔等(2..8) 止盈2% 补满再亏5%止损 拿48根,0.94,0.88,,15145,17324,0,0.89,0.85,,
5m,BOS→FVG,多,5笔等(2..8) 止盈3% 补满再亏10%止损 拿18根,0.83,0.83,,16793,19169,0,0.78,0.76,,
5m,BOS→FVG,多,5笔等(2..8) 止盈3% 补满再亏10%止损 拿48根,0.94,0.89,,14550,16735,0,0.89,0.87,,
5m,BOS→FVG,多,5笔等(2..8) 止盈3% 补满再亏5%止损 拿18根,0.84,0.82,,16793,19169,0,0.79,0.75,,
5m,BOS→FVG,多,5笔等(2..8) 止盈3% 补满再亏5%止损 拿48根,0.95,0.88,,14550,16735,0,0.91,0.86,,
5m,BOS→FVG,多,5笔等(2..8) 止盈5% 补满再亏10%止损 拿18根,0.84,0.84,,16734,19110,0,0.78,0.76,,
5m,BOS→FVG,多,5笔等(2..8) 止盈5% 补满再亏10%止损 拿48根,0.94,0.9,,14209,16366,0,0.89,0.87,,
5m,BOS→FVG,多,5笔等(2..8) 止盈5% 补满再亏5%止损 拿18根,0.84,0.82,,16734,19110,0,0.78,0.76,,
5m,BOS→FVG,多,5笔等(2..8) 止盈5% 补满再亏5%止损 拿48根,0.96,0.88,,14209,16366,0,0.91,0.86,,
5m,BOS→FVG,多,5笔等(2..8) 止盈8% 补满再亏10%止损 拿18根,0.84,0.83,,16720,19094,0,0.78,0.76,,
5m,BOS→FVG,多,5笔等(2..8) 止盈8% 补满再亏10%止损 拿48根,0.96,0.91,,14110,16246,0,0.9,0.87,,
5m,BOS→FVG,多,5笔等(2..8) 止盈8% 补满再亏5%止损 拿18根,0.85,0.81,,16720,19094,0,0.79,0.75,,
5m,BOS→FVG,多,5笔等(2..8) 止盈8% 补满再亏5%止损 拿48根,0.98,0.89,,14110,16246,0,0.91,0.86,,
5m,BOS→FVG,多,6笔深(3..18) 止盈2% 补满再亏10%止损 拿18根,0.82,0.88,,16942,19305,0,0.79,0.75,,
5m,BOS→FVG,多,6笔深(3..18) 止盈2% 补满再亏10%止损 拿48根,0.95,0.94,,15135,17310,0,0.9,0.85,,
5m,BOS→FVG,多,6笔深(3..18) 止盈2% 补满再亏5%止损 拿18根,0.83,0.87,,16942,19305,0,0.78,0.75,,
5m,BOS→FVG,多,6笔深(3..18) 止盈2% 补满再亏5%止损 拿48根,0.95,0.93,,15135,17310,0,0.87,0.85,,
5m,BOS→FVG,多,6笔深(3..18) 止盈3% 补满再亏10%止损 拿18根,0.83,0.88,,16793,19168,0,0.8,0.76,,
5m,BOS→FVG,多,6笔深(3..18) 止盈3% 补满再亏10%止损 拿48根,0.94,0.94,,14543,16726,0,0.92,0.87,,
5m,BOS→FVG,多,6笔深(3..18) 止盈3% 补满再亏5%止损 拿18根,0.84,0.87,,16793,19168,0,0.79,0.76,,
5m,BOS→FVG,多,6笔深(3..18) 止盈3% 补满再亏5%止损 拿48根,0.94,0.93,,14543,16726,0,0.89,0.87,,
5m,BOS→FVG,多,6笔深(3..18) 止盈5% 补满再亏10%止损 拿18根,0.84,0.89,,16732,19110,0,0.81,0.76,,
5m,BOS→FVG,多,6笔深(3..18) 止盈5% 补满再亏10%止损 拿48根,0.93,0.96,,14201,16362,0,0.93,0.89,,
5m,BOS→FVG,多,6笔深(3..18) 止盈5% 补满再亏5%止损 拿18根,0.84,0.88,,16732,19110,0,0.8,0.76,,
5m,BOS→FVG,多,6笔深(3..18) 止盈5% 补满再亏5%止损 拿48根,0.93,0.94,,14201,16362,0,0.89,0.89,,
5m,BOS→FVG,多,6笔深(3..18) 止盈8% 补满再亏10%止损 拿18根,0.84,0.89,,16720,19094,0,0.81,0.77,,
5m,BOS→FVG,多,6笔深(3..18) 止盈8% 补满再亏10%止损 拿48根,0.94,0.96,,14109,16244,0,0.93,0.9,,
5m,BOS→FVG,多,6笔深(3..18) 止盈8% 补满再亏5%止损 拿18根,0.85,0.88,,16720,19094,0,0.8,0.76,,
5m,BOS→FVG,多,6笔深(3..18) 止盈8% 补满再亏5%止损 拿48根,0.93,0.95,,14109,16244,0,0.89,0.9,,
5m,BOS→FVG,多,原版（结构止损、盈亏比2）,0.85,0.84,,15379,17742,0,0.81,0.76,,
5m,BOS→OB,空,3笔1:1:1(3/6) 止盈2% 补满再亏10%止损 拿18根,0.85,0.87,,19044,23230,0,0.74,0.73,,
5m,BOS→OB,空,3笔1:1:1(3/6) 止盈2% 补满再亏10%止损 拿48根,0.9,0.96,,17088,20615,0,0.82,0.84,,
5m,BOS→OB,空,3笔1:1:1(3/6) 止盈2% 补满再亏5%止损 拿18根,0.86,0.87,,19044,23230,0,0.74,0.73,,
5m,BOS→OB,空,3笔1:1:1(3/6) 止盈2% 补满再亏5%止损 拿48根,0.91,0.97,,17088,20615,0,0.82,0.84,,
5m,BOS→OB,空,3笔1:1:1(3/6) 止盈3% 补满再亏10%止损 拿18根,0.84,0.86,,18901,23060,0,0.74,0.72,,
5m,BOS→OB,空,3笔1:1:1(3/6) 止盈3% 补满再亏10%止损 拿48根,0.88,0.94,,16304,19741,0,0.81,0.84,,
5m,BOS→OB,空,3笔1:1:1(3/6) 止盈3% 补满再亏5%止损 拿18根,0.85,0.86,,18901,23060,0,0.73,0.73,,
5m,BOS→OB,空,3笔1:1:1(3/6) 止盈3% 补满再亏5%止损 拿48根,0.89,0.94,,16304,19741,0,0.81,0.84,,
5m,BOS→OB,空,3笔1:1:1(3/6) 止盈5% 补满再亏10%止损 拿18根,0.83,0.86,,18840,22994,0,0.73,0.72,,
5m,BOS→OB,空,3笔1:1:1(3/6) 止盈5% 补满再亏10%止损 拿48根,0.87,0.94,,15800,19320,0,0.8,0.83,,
5m,BOS→OB,空,3笔1:1:1(3/6) 止盈5% 补满再亏5%止损 拿18根,0.84,0.86,,18840,22994,0,0.73,0.72,,
5m,BOS→OB,空,3笔1:1:1(3/6) 止盈5% 补满再亏5%止损 拿48根,0.88,0.94,,15800,19320,0,0.8,0.83,,
5m,BOS→OB,空,3笔1:1:1(3/6) 止盈8% 补满再亏10%止损 拿18根,0.81,0.86,,18829,22982,0,0.73,0.71,,
5m,BOS→OB,空,3笔1:1:1(3/6) 止盈8% 补满再亏10%止损 拿48根,0.86,0.93,,15675,19201,0,0.79,0.83,,
5m,BOS→OB,空,3笔1:1:1(3/6) 止盈8% 补满再亏5%止损 拿18根,0.82,0.86,,18829,22982,0,0.73,0.71,,
5m,BOS→OB,空,3笔1:1:1(3/6) 止盈8% 补满再亏5%止损 拿48根,0.87,0.94,,15675,19201,0,0.79,0.83,,
5m,BOS→OB,空,3笔1:1:2(3/6) 止盈2% 补满再亏10%止损 拿18根,0.84,0.87,,19044,23230,0,0.74,0.73,,
5m,BOS→OB,空,3笔1:1:2(3/6) 止盈2% 补满再亏10%止损 拿48根,0.9,0.97,,17088,20615,0,0.81,0.84,,
5m,BOS→OB,空,3笔1:1:2(3/6) 止盈2% 补满再亏5%止损 拿18根,0.86,0.87,,19044,23230,0,0.74,0.73,,
5m,BOS→OB,空,3笔1:1:2(3/6) 止盈2% 补满再亏5%止损 拿48根,0.91,0.97,,17088,20615,0,0.81,0.84,,
5m,BOS→OB,空,3笔1:1:2(3/6) 止盈3% 补满再亏10%止损 拿18根,0.83,0.86,,18901,23060,0,0.74,0.72,,
5m,BOS→OB,空,3笔1:1:2(3/6) 止盈3% 补满再亏10%止损 拿48根,0.87,0.94,,16305,19742,0,0.81,0.84,,
5m,BOS→OB,空,3笔1:1:2(3/6) 止盈3% 补满再亏5%止损 拿18根,0.85,0.86,,18901,23060,0,0.74,0.72,,
5m,BOS→OB,空,3笔1:1:2(3/6) 止盈3% 补满再亏5%止损 拿48根,0.89,0.94,,16305,19742,0,0.81,0.84,,
5m,BOS→OB,空,3笔1:1:2(3/6) 止盈5% 补满再亏10%止损 拿18根,0.82,0.86,,18840,22994,0,0.74,0.72,,
5m,BOS→OB,空,3笔1:1:2(3/6) 止盈5% 补满再亏10%止损 拿48根,0.87,0.94,,15800,19320,0,0.79,0.83,,
5m,BOS→OB,空,3笔1:1:2(3/6) 止盈5% 补满再亏5%止损 拿18根,0.83,0.86,,18840,22994,0,0.73,0.72,,
5m,BOS→OB,空,3笔1:1:2(3/6) 止盈5% 补满再亏5%止损 拿48根,0.88,0.94,,15800,19320,0,0.8,0.83,,
5m,BOS→OB,空,3笔1:1:2(3/6) 止盈8% 补满再亏10%止损 拿18根,0.8,0.87,,18829,22982,0,0.73,0.72,,
5m,BOS→OB,空,3笔1:1:2(3/6) 止盈8% 补满再亏10%止损 拿48根,0.85,0.93,,15675,19201,0,0.79,0.83,,
5m,BOS→OB,空,3笔1:1:2(3/6) 止盈8% 补满再亏5%止损 拿18根,0.81,0.86,,18829,22982,0,0.73,0.72,,
5m,BOS→OB,空,3笔1:1:2(3/6) 止盈8% 补满再亏5%止损 拿48根,0.86,0.94,,15675,19201,0,0.79,0.83,,
5m,BOS→OB,空,5笔1:1:2:2:4(2..8) 止盈2% 补满再亏10%止损 拿18根,0.79,0.88,,19045,23230,0,0.74,0.74,,
5m,BOS→OB,空,5笔1:1:2:2:4(2..8) 止盈2% 补满再亏10%止损 拿48根,0.85,0.93,,17097,20633,0,0.8,0.84,,
5m,BOS→OB,空,5笔1:1:2:2:4(2..8) 止盈2% 补满再亏5%止损 拿18根,0.81,0.86,,19045,23230,0,0.74,0.75,,
5m,BOS→OB,空,5笔1:1:2:2:4(2..8) 止盈2% 补满再亏5%止损 拿48根,0.87,0.93,,17097,20633,0,0.79,0.84,,
5m,BOS→OB,空,5笔1:1:2:2:4(2..8) 止盈3% 补满再亏10%止损 拿18根,0.78,0.88,,18902,23059,0,0.73,0.72,,
5m,BOS→OB,空,5笔1:1:2:2:4(2..8) 止盈3% 补满再亏10%止损 拿48根,0.8,0.92,,16312,19749,0,0.81,0.83,,
5m,BOS→OB,空,5笔1:1:2:2:4(2..8) 止盈3% 补满再亏5%止损 拿18根,0.8,0.87,,18902,23059,0,0.73,0.73,,
5m,BOS→OB,空,5笔1:1:2:2:4(2..8) 止盈3% 补满再亏5%止损 拿48根,0.83,0.92,,16312,19749,0,0.8,0.83,,
5m,BOS→OB,空,5笔1:1:2:2:4(2..8) 止盈5% 补满再亏10%止损 拿18根,0.76,0.88,,18840,22994,0,0.74,0.72,,
5m,BOS→OB,空,5笔1:1:2:2:4(2..8) 止盈5% 补满再亏10%止损 拿48根,0.8,0.94,,15804,19327,0,0.79,0.83,,
5m,BOS→OB,空,5笔1:1:2:2:4(2..8) 止盈5% 补满再亏5%止损 拿18根,0.78,0.87,,18840,22994,0,0.73,0.73,,
5m,BOS→OB,空,5笔1:1:2:2:4(2..8) 止盈5% 补满再亏5%止损 拿48根,0.83,0.94,,15804,19327,0,0.79,0.83,,
5m,BOS→OB,空,5笔1:1:2:2:4(2..8) 止盈8% 补满再亏10%止损 拿18根,0.73,0.89,,18829,22982,0,0.74,0.72,,
5m,BOS→OB,空,5笔1:1:2:2:4(2..8) 止盈8% 补满再亏10%止损 拿48根,0.79,0.92,,15677,19201,0,0.78,0.83,,
5m,BOS→OB,空,5笔1:1:2:2:4(2..8) 止盈8% 补满再亏5%止损 拿18根,0.75,0.88,,18829,22982,0,0.73,0.74,,
5m,BOS→OB,空,5笔1:1:2:2:4(2..8) 止盈8% 补满再亏5%止损 拿48根,0.82,0.92,,15677,19201,0,0.77,0.84,,
5m,BOS→OB,空,5笔等(2..8) 止盈2% 补满再亏10%止损 拿18根,0.82,0.86,,19045,23230,0,0.74,0.72,,
5m,BOS→OB,空,5笔等(2..8) 止盈2% 补满再亏10%止损 拿48根,0.87,0.95,,17097,20632,0,0.81,0.83,,
5m,BOS→OB,空,5笔等(2..8) 止盈2% 补满再亏5%止损 拿18根,0.83,0.86,,19045,23230,0,0.73,0.73,,
5m,BOS→OB,空,5笔等(2..8) 止盈2% 补满再亏5%止损 拿48根,0.89,0.95,,17097,20632,0,0.81,0.83,,
5m,BOS→OB,空,5笔等(2..8) 止盈3% 补满再亏10%止损 拿18根,0.81,0.87,,18902,23059,0,0.73,0.72,,
5m,BOS→OB,空,5笔等(2..8) 止盈3% 补满再亏10%止损 拿48根,0.83,0.93,,16310,19747,0,0.81,0.83,,
5m,BOS→OB,空,5笔等(2..8) 止盈3% 补满再亏5%止损 拿18根,0.82,0.86,,18902,23059,0,0.73,0.73,,
5m,BOS→OB,空,5笔等(2..8) 止盈3% 补满再亏5%止损 拿48根,0.85,0.93,,16310,19747,0,0.81,0.83,,
5m,BOS→OB,空,5笔等(2..8) 止盈5% 补满再亏10%止损 拿18根,0.8,0.87,,18840,22994,0,0.73,0.71,,
5m,BOS→OB,空,5笔等(2..8) 止盈5% 补满再亏10%止损 拿48根,0.83,0.94,,15804,19326,0,0.8,0.82,,
5m,BOS→OB,空,5笔等(2..8) 止盈5% 补满再亏5%止损 拿18根,0.81,0.86,,18840,22994,0,0.73,0.72,,
5m,BOS→OB,空,5笔等(2..8) 止盈5% 补满再亏5%止损 拿48根,0.85,0.94,,15804,19326,0,0.8,0.82,,
5m,BOS→OB,空,5笔等(2..8) 止盈8% 补满再亏10%止损 拿18根,0.78,0.87,,18829,22982,0,0.73,0.71,,
5m,BOS→OB,空,5笔等(2..8) 止盈8% 补满再亏10%止损 拿48根,0.83,0.93,,15676,19201,0,0.78,0.82,,
5m,BOS→OB,空,5笔等(2..8) 止盈8% 补满再亏5%止损 拿18根,0.79,0.87,,18829,22982,0,0.72,0.72,,
5m,BOS→OB,空,5笔等(2..8) 止盈8% 补满再亏5%止损 拿48根,0.84,0.93,,15676,19201,0,0.78,0.83,,
5m,BOS→OB,空,6笔深(3..18) 止盈2% 补满再亏10%止损 拿18根,0.83,0.88,,19044,23230,0,0.75,0.72,,
5m,BOS→OB,空,6笔深(3..18) 止盈2% 补满再亏10%止损 拿48根,0.89,0.94,,17088,20615,0,0.82,0.83,,
5m,BOS→OB,空,6笔深(3..18) 止盈2% 补满再亏5%止损 拿18根,0.84,0.88,,19044,23230,0,0.75,0.73,,
5m,BOS→OB,空,6笔深(3..18) 止盈2% 补满再亏5%止损 拿48根,0.89,0.96,,17088,20615,0,0.82,0.84,,
5m,BOS→OB,空,6笔深(3..18) 止盈3% 补满再亏10%止损 拿18根,0.83,0.88,,18901,23060,0,0.74,0.72,,
5m,BOS→OB,空,6笔深(3..18) 止盈3% 补满再亏10%止损 拿48根,0.86,0.93,,16304,19741,0,0.81,0.83,,
5m,BOS→OB,空,6笔深(3..18) 止盈3% 补满再亏5%止损 拿18根,0.84,0.88,,18901,23060,0,0.74,0.72,,
5m,BOS→OB,空,6笔深(3..18) 止盈3% 补满再亏5%止损 拿48根,0.86,0.95,,16304,19741,0,0.82,0.84,,
5m,BOS→OB,空,6笔深(3..18) 止盈5% 补满再亏10%止损 拿18根,0.81,0.87,,18840,22994,0,0.74,0.72,,
5m,BOS→OB,空,6笔深(3..18) 止盈5% 补满再亏10%止损 拿48根,0.83,0.93,,15800,19320,0,0.79,0.82,,
5m,BOS→OB,空,6笔深(3..18) 止盈5% 补满再亏5%止损 拿18根,0.82,0.87,,18840,22994,0,0.74,0.72,,
5m,BOS→OB,空,6笔深(3..18) 止盈5% 补满再亏5%止损 拿48根,0.84,0.95,,15800,19320,0,0.8,0.83,,
5m,BOS→OB,空,6笔深(3..18) 止盈8% 补满再亏10%止损 拿18根,0.8,0.87,,18829,22982,0,0.74,0.71,,
5m,BOS→OB,空,6笔深(3..18) 止盈8% 补满再亏10%止损 拿48根,0.83,0.92,,15675,19201,0,0.77,0.82,,
5m,BOS→OB,空,6笔深(3..18) 止盈8% 补满再亏5%止损 拿18根,0.81,0.87,,18829,22982,0,0.73,0.72,,
5m,BOS→OB,空,6笔深(3..18) 止盈8% 补满再亏5%止损 拿48根,0.83,0.94,,15675,19201,0,0.79,0.83,,
5m,BOS→OB,空,原版（结构止损、盈亏比2）,0.88,0.86,,18156,22112,0,0.79,0.8,,
5m,BOS→OB,多,3笔1:1:1(3/6) 止盈2% 补满再亏10%止损 拿18根,0.85,0.88,,18538,21950,0,0.77,0.74,,
5m,BOS→OB,多,3笔1:1:1(3/6) 止盈2% 补满再亏10%止损 拿48根,0.93,0.91,,16550,19709,0,0.87,0.84,,
5m,BOS→OB,多,3笔1:1:1(3/6) 止盈2% 补满再亏5%止损 拿18根,0.86,0.87,,18538,21950,0,0.77,0.73,,
5m,BOS→OB,多,3笔1:1:1(3/6) 止盈2% 补满再亏5%止损 拿48根,0.94,0.91,,16550,19709,0,0.87,0.83,,
5m,BOS→OB,多,3笔1:1:1(3/6) 止盈3% 补满再亏10%止损 拿18根,0.87,0.88,,18401,21806,0,0.77,0.74,,
5m,BOS→OB,多,3笔1:1:1(3/6) 止盈3% 补满再亏10%止损 拿48根,0.94,0.92,,15887,18948,0,0.88,0.85,,
5m,BOS→OB,多,3笔1:1:1(3/6) 止盈3% 补满再亏5%止损 拿18根,0.88,0.88,,18401,21806,0,0.77,0.74,,
5m,BOS→OB,多,3笔1:1:1(3/6) 止盈3% 补满再亏5%止损 拿48根,0.94,0.92,,15887,18948,0,0.88,0.84,,
5m,BOS→OB,多,3笔1:1:1(3/6) 止盈5% 补满再亏10%止损 拿18根,0.87,0.88,,18332,21725,0,0.77,0.74,,
5m,BOS→OB,多,3笔1:1:1(3/6) 止盈5% 补满再亏10%止损 拿48根,0.92,0.91,,15463,18426,0,0.87,0.86,,
5m,BOS→OB,多,3笔1:1:1(3/6) 止盈5% 补满再亏5%止损 拿18根,0.88,0.87,,18332,21725,0,0.77,0.74,,
5m,BOS→OB,多,3笔1:1:1(3/6) 止盈5% 补满再亏5%止损 拿48根,0.93,0.9,,15463,18427,0,0.88,0.84,,
5m,BOS→OB,多,3笔1:1:1(3/6) 止盈8% 补满再亏10%止损 拿18根,0.88,0.88,,18318,21704,0,0.77,0.74,,
5m,BOS→OB,多,3笔1:1:1(3/6) 止盈8% 补满再亏10%止损 拿48根,0.93,0.93,,15357,18279,0,0.88,0.86,,
5m,BOS→OB,多,3笔1:1:1(3/6) 止盈8% 补满再亏5%止损 拿18根,0.89,0.87,,18318,21704,0,0.78,0.74,,
5m,BOS→OB,多,3笔1:1:1(3/6) 止盈8% 补满再亏5%止损 拿48根,0.94,0.92,,15357,18280,0,0.89,0.85,,
5m,BOS→OB,多,3笔1:1:2(3/6) 止盈2% 补满再亏10%止损 拿18根,0.86,0.88,,18538,21950,0,0.77,0.74,,
5m,BOS→OB,多,3笔1:1:2(3/6) 止盈2% 补满再亏10%止损 拿48根,0.94,0.92,,16550,19710,0,0.88,0.85,,
5m,BOS→OB,多,3笔1:1:2(3/6) 止盈2% 补满再亏5%止损 拿18根,0.87,0.88,,18538,21950,0,0.78,0.74,,
5m,BOS→OB,多,3笔1:1:2(3/6) 止盈2% 补满再亏5%止损 拿48根,0.94,0.91,,16550,19710,0,0.88,0.84,,
5m,BOS→OB,多,3笔1:1:2(3/6) 止盈3% 补满再亏10%止损 拿18根,0.88,0.88,,18401,21806,0,0.78,0.75,,
5m,BOS→OB,多,3笔1:1:2(3/6) 止盈3% 补满再亏10%止损 拿48根,0.95,0.93,,15887,18949,0,0.9,0.86,,
5m,BOS→OB,多,3笔1:1:2(3/6) 止盈3% 补满再亏5%止损 拿18根,0.88,0.88,,18401,21806,0,0.78,0.75,,
5m,BOS→OB,多,3笔1:1:2(3/6) 止盈3% 补满再亏5%止损 拿48根,0.95,0.92,,15887,18949,0,0.9,0.85,,
5m,BOS→OB,多,3笔1:1:2(3/6) 止盈5% 补满再亏10%止损 拿18根,0.88,0.88,,18332,21725,0,0.78,0.75,,
5m,BOS→OB,多,3笔1:1:2(3/6) 止盈5% 补满再亏10%止损 拿48根,0.94,0.91,,15463,18427,0,0.89,0.87,,
5m,BOS→OB,多,3笔1:1:2(3/6) 止盈5% 补满再亏5%止损 拿18根,0.89,0.87,,18332,21725,0,0.78,0.75,,
5m,BOS→OB,多,3笔1:1:2(3/6) 止盈5% 补满再亏5%止损 拿48根,0.94,0.9,,15463,18427,0,0.9,0.86,,
5m,BOS→OB,多,3笔1:1:2(3/6) 止盈8% 补满再亏10%止损 拿18根,0.89,0.89,,18318,21704,0,0.78,0.75,,
5m,BOS→OB,多,3笔1:1:2(3/6) 止盈8% 补满再亏10%止损 拿48根,0.93,0.93,,15357,18279,0,0.89,0.87,,
5m,BOS→OB,多,3笔1:1:2(3/6) 止盈8% 补满再亏5%止损 拿18根,0.89,0.88,,18318,21704,0,0.78,0.75,,
5m,BOS→OB,多,3笔1:1:2(3/6) 止盈8% 补满再亏5%止损 拿48根,0.94,0.92,,15357,18280,0,0.9,0.85,,
5m,BOS→OB,多,5笔1:1:2:2:4(2..8) 止盈2% 补满再亏10%止损 拿18根,0.88,0.91,,18540,21950,0,0.78,0.78,,
5m,BOS→OB,多,5笔1:1:2:2:4(2..8) 止盈2% 补满再亏10%止损 拿48根,0.94,0.93,,16561,19733,0,0.9,0.9,,
5m,BOS→OB,多,5笔1:1:2:2:4(2..8) 止盈2% 补满再亏5%止损 拿18根,0.89,0.89,,18540,21950,0,0.8,0.77,,
5m,BOS→OB,多,5笔1:1:2:2:4(2..8) 止盈2% 补满再亏5%止损 拿48根,0.96,0.93,,16561,19733,0,0.93,0.88,,
5m,BOS→OB,多,5笔1:1:2:2:4(2..8) 止盈3% 补满再亏10%止损 拿18根,0.9,0.92,,18401,21808,0,0.79,0.78,,
5m,BOS→OB,多,5笔1:1:2:2:4(2..8) 止盈3% 补满再亏10%止损 拿48根,0.96,0.95,,15896,18971,0,0.92,0.91,,
5m,BOS→OB,多,5笔1:1:2:2:4(2..8) 止盈3% 补满再亏5%止损 拿18根,0.91,0.9,,18401,21808,0,0.81,0.78,,
5m,BOS→OB,多,5笔1:1:2:2:4(2..8) 止盈3% 补满再亏5%止损 拿48根,0.97,0.94,,15896,18971,0,0.96,0.89,,
5m,BOS→OB,多,5笔1:1:2:2:4(2..8) 止盈5% 补满再亏10%止损 拿18根,0.91,0.92,,18333,21725,0,0.8,0.79,,
5m,BOS→OB,多,5笔1:1:2:2:4(2..8) 止盈5% 补满再亏10%止损 拿48根,0.96,0.94,,15467,18435,0,0.93,0.92,,
5m,BOS→OB,多,5笔1:1:2:2:4(2..8) 止盈5% 补满再亏5%止损 拿18根,0.92,0.9,,18333,21725,0,0.82,0.79,,
5m,BOS→OB,多,5笔1:1:2:2:4(2..8) 止盈5% 补满再亏5%止损 拿48根,0.97,0.93,,15467,18435,0,0.96,0.89,,
5m,BOS→OB,多,5笔1:1:2:2:4(2..8) 止盈8% 补满再亏10%止损 拿18根,0.92,0.93,,18318,21704,0,0.8,0.79,,
5m,BOS→OB,多,5笔1:1:2:2:4(2..8) 止盈8% 补满再亏10%止损 拿48根,0.95,0.95,,15358,18278,0,0.92,0.92,,
5m,BOS→OB,多,5笔1:1:2:2:4(2..8) 止盈8% 补满再亏5%止损 拿18根,0.93,0.9,,18318,21704,0,0.81,0.78,,
5m,BOS→OB,多,5笔1:1:2:2:4(2..8) 止盈8% 补满再亏5%止损 拿48根,0.96,0.94,,15358,18278,0,0.95,0.89,,
5m,BOS→OB,多,5笔等(2..8) 止盈2% 补满再亏10%止损 拿18根,0.86,0.89,,18540,21950,0,0.77,0.75,,
5m,BOS→OB,多,5笔等(2..8) 止盈2% 补满再亏10%止损 拿48根,0.92,0.92,,16558,19732,0,0.87,0.86,,
5m,BOS→OB,多,5笔等(2..8) 止盈2% 补满再亏5%止损 拿18根,0.86,0.88,,18540,21950,0,0.78,0.75,,
5m,BOS→OB,多,5笔等(2..8) 止盈2% 补满再亏5%止损 拿48根,0.93,0.92,,16558,19732,0,0.89,0.85,,
5m,BOS→OB,多,5笔等(2..8) 止盈3% 补满再亏10%止损 拿18根,0.88,0.9,,18401,21808,0,0.78,0.76,,
5m,BOS→OB,多,5笔等(2..8) 止盈3% 补满再亏10%止损 拿48根,0.93,0.93,,15896,18968,0,0.89,0.87,,
5m,BOS→OB,多,5笔等(2..8) 止盈3% 补满再亏5%止损 拿18根,0.89,0.88,,18401,21808,0,0.79,0.75,,
5m,BOS→OB,多,5笔等(2..8) 止盈3% 补满再亏5%止损 拿48根,0.94,0.92,,15896,18968,0,0.91,0.86,,
5m,BOS→OB,多,5笔等(2..8) 止盈5% 补满再亏10%止损 拿18根,0.88,0.89,,18333,21725,0,0.78,0.76,,
5m,BOS→OB,多,5笔等(2..8) 止盈5% 补满再亏10%止损 拿48根,0.93,0.92,,15466,18434,0,0.89,0.87,,
5m,BOS→OB,多,5笔等(2..8) 止盈5% 补满再亏5%止损 拿18根,0.89,0.88,,18333,21725,0,0.78,0.76,,
5m,BOS→OB,多,5笔等(2..8) 止盈5% 补满再亏5%止损 拿48根,0.94,0.91,,15466,18434,0,0.91,0.86,,
5m,BOS→OB,多,5笔等(2..8) 止盈8% 补满再亏10%止损 拿18根,0.89,0.9,,18318,21704,0,0.78,0.76,,
5m,BOS→OB,多,5笔等(2..8) 止盈8% 补满再亏10%止损 拿48根,0.94,0.93,,15358,18278,0,0.9,0.87,,
5m,BOS→OB,多,5笔等(2..8) 止盈8% 补满再亏5%止损 拿18根,0.9,0.87,,18318,21704,0,0.79,0.75,,
5m,BOS→OB,多,5笔等(2..8) 止盈8% 补满再亏5%止损 拿48根,0.94,0.92,,15358,18278,0,0.91,0.86,,
5m,BOS→OB,多,6笔深(3..18) 止盈2% 补满再亏10%止损 拿18根,0.89,0.92,,18538,21950,0,0.79,0.75,,
5m,BOS→OB,多,6笔深(3..18) 止盈2% 补满再亏10%止损 拿48根,0.96,0.95,,16550,19710,0,0.9,0.85,,
5m,BOS→OB,多,6笔深(3..18) 止盈2% 补满再亏5%止损 拿18根,0.87,0.91,,18538,21950,0,0.78,0.75,,
5m,BOS→OB,多,6笔深(3..18) 止盈2% 补满再亏5%止损 拿48根,0.96,0.95,,16550,19710,0,0.87,0.85,,
5m,BOS→OB,多,6笔深(3..18) 止盈3% 补满再亏10%止损 拿18根,0.91,0.93,,18401,21806,0,0.8,0.76,,
5m,BOS→OB,多,6笔深(3..18) 止盈3% 补满再亏10%止损 拿48根,0.96,0.97,,15887,18949,0,0.92,0.87,,
5m,BOS→OB,多,6笔深(3..18) 止盈3% 补满再亏5%止损 拿18根,0.89,0.93,,18401,21806,0,0.79,0.76,,
5m,BOS→OB,多,6笔深(3..18) 止盈3% 补满再亏5%止损 拿48根,0.96,0.97,,15887,18949,0,0.89,0.87,,
5m,BOS→OB,多,6笔深(3..18) 止盈5% 补满再亏10%止损 拿18根,0.89,0.94,,18332,21725,0,0.81,0.76,,
5m,BOS→OB,多,6笔深(3..18) 止盈5% 补满再亏10%止损 拿48根,0.94,0.97,,15463,18427,0,0.93,0.89,,
5m,BOS→OB,多,6笔深(3..18) 止盈5% 补满再亏5%止损 拿18根,0.9,0.94,,18332,21725,0,0.8,0.76,,
5m,BOS→OB,多,6笔深(3..18) 止盈5% 补满再亏5%止损 拿48根,0.95,0.96,,15463,18427,0,0.89,0.89,,
5m,BOS→OB,多,6笔深(3..18) 止盈8% 补满再亏10%止损 拿18根,0.91,0.94,,18318,21704,0,0.81,0.77,,
5m,BOS→OB,多,6笔深(3..18) 止盈8% 补满再亏10%止损 拿48根,0.94,0.99,,15357,18279,0,0.93,0.9,,
5m,BOS→OB,多,6笔深(3..18) 止盈8% 补满再亏5%止损 拿18根,0.91,0.94,,18318,21704,0,0.8,0.76,,
5m,BOS→OB,多,6笔深(3..18) 止盈8% 补满再亏5%止损 拿48根,0.95,0.98,,15357,18279,0,0.89,0.9,,
5m,BOS→OB,多,原版（结构止损、盈亏比2）,0.83,0.82,,17649,20956,0,0.81,0.76,,
5m,CHoCH→FVG,空,3笔1:1:1(3/6) 止盈2% 补满再亏10%止损 拿18根,0.8,0.82,,19968,24516,0,0.74,0.73,,
5m,CHoCH→FVG,空,3笔1:1:1(3/6) 止盈2% 补满再亏10%止损 拿48根,0.89,0.88,,17693,21799,0,0.82,0.84,,
5m,CHoCH→FVG,空,3笔1:1:1(3/6) 止盈2% 补满再亏5%止损 拿18根,0.8,0.82,,19968,24516,0,0.74,0.73,,
5m,CHoCH→FVG,空,3笔1:1:1(3/6) 止盈2% 补满再亏5%止损 拿48根,0.88,0.89,,17698,21800,0,0.82,0.84,,
5m,CHoCH→FVG,空,3笔1:1:1(3/6) 止盈3% 补满再亏10%止损 拿18根,0.8,0.8,,19949,24491,0,0.74,0.72,,
5m,CHoCH→FVG,空,3笔1:1:1(3/6) 止盈3% 补满再亏10%止损 拿48根,0.88,0.88,,17481,21565,0,0.81,0.84,,
5m,CHoCH→FVG,空,3笔1:1:1(3/6) 止盈3% 补满再亏5%止损 拿18根,0.8,0.8,,19949,24491,0,0.73,0.73,,
5m,CHoCH→FVG,空,3笔1:1:1(3/6) 止盈3% 补满再亏5%止损 拿48根,0.87,0.89,,17486,21566,0,0.81,0.84,,
5m,CHoCH→FVG,空,3笔1:1:1(3/6) 止盈5% 补满再亏10%止损 拿18根,0.79,0.79,,19941,24481,0,0.73,0.72,,
5m,CHoCH→FVG,空,3笔1:1:1(3/6) 止盈5% 补满再亏10%止损 拿48根,0.88,0.88,,17393,21448,0,0.8,0.83,,
5m,CHoCH→FVG,空,3笔1:1:1(3/6) 止盈5% 补满再亏5%止损 拿18根,0.79,0.79,,19941,24481,0,0.73,0.72,,
5m,CHoCH→FVG,空,3笔1:1:1(3/6) 止盈5% 补满再亏5%止损 拿48根,0.87,0.88,,17398,21450,0,0.8,0.83,,
5m,CHoCH→FVG,空,3笔1:1:1(3/6) 止盈8% 补满再亏10%止损 拿18根,0.78,0.79,,19941,24481,0,0.73,0.71,,
5m,CHoCH→FVG,空,3笔1:1:1(3/6) 止盈8% 补满再亏10%止损 拿48根,0.85,0.87,,17373,21424,0,0.79,0.83,,
5m,CHoCH→FVG,空,3笔1:1:1(3/6) 止盈8% 补满再亏5%止损 拿18根,0.78,0.79,,19941,24481,0,0.73,0.71,,
5m,CHoCH→FVG,空,3笔1:1:1(3/6) 止盈8% 补满再亏5%止损 拿48根,0.84,0.88,,17378,21425,0,0.79,0.83,,
5m,CHoCH→FVG,空,3笔1:1:2(3/6) 止盈2% 补满再亏10%止损 拿18根,0.8,0.82,,19968,24516,0,0.74,0.73,,
5m,CHoCH→FVG,空,3笔1:1:2(3/6) 止盈2% 补满再亏10%止损 拿48根,0.89,0.88,,17697,21801,0,0.81,0.84,,
5m,CHoCH→FVG,空,3笔1:1:2(3/6) 止盈2% 补满再亏5%止损 拿18根,0.8,0.82,,19968,24516,0,0.74,0.73,,
5m,CHoCH→FVG,空,3笔1:1:2(3/6) 止盈2% 补满再亏5%止损 拿48根,0.88,0.89,,17702,21802,0,0.81,0.84,,
5m,CHoCH→FVG,空,3笔1:1:2(3/6) 止盈3% 补满再亏10%止损 拿18根,0.8,0.81,,19949,24491,0,0.74,0.72,,
5m,CHoCH→FVG,空,3笔1:1:2(3/6) 止盈3% 补满再亏10%止损 拿48根,0.89,0.87,,17483,21568,0,0.81,0.84,,
5m,CHoCH→FVG,空,3笔1:1:2(3/6) 止盈3% 补满再亏5%止损 拿18根,0.8,0.81,,19949,24491,0,0.74,0.72,,
5m,CHoCH→FVG,空,3笔1:1:2(3/6) 止盈3% 补满再亏5%止损 拿48根,0.87,0.88,,17488,21569,0,0.81,0.84,,
5m,CHoCH→FVG,空,3笔1:1:2(3/6) 止盈5% 补满再亏10%止损 拿18根,0.79,0.8,,19941,24481,0,0.74,0.72,,
5m,CHoCH→FVG,空,3笔1:1:2(3/6) 止盈5% 补满再亏10%止损 拿48根,0.88,0.87,,17394,21448,0,0.79,0.83,,
5m,CHoCH→FVG,空,3笔1:1:2(3/6) 止盈5% 补满再亏5%止损 拿18根,0.79,0.8,,19941,24481,0,0.73,0.72,,
5m,CHoCH→FVG,空,3笔1:1:2(3/6) 止盈5% 补满再亏5%止损 拿48根,0.87,0.88,,17399,21450,0,0.8,0.83,,
5m,CHoCH→FVG,空,3笔1:1:2(3/6) 止盈8% 补满再亏10%止损 拿18根,0.78,0.8,,19941,24481,0,0.73,0.72,,
5m,CHoCH→FVG,空,3笔1:1:2(3/6) 止盈8% 补满再亏10%止损 拿48根,0.86,0.87,,17373,21424,0,0.79,0.83,,
5m,CHoCH→FVG,空,3笔1:1:2(3/6) 止盈8% 补满再亏5%止损 拿18根,0.78,0.8,,19941,24481,0,0.73,0.72,,
5m,CHoCH→FVG,空,3笔1:1:2(3/6) 止盈8% 补满再亏5%止损 拿48根,0.84,0.89,,17378,21425,0,0.79,0.83,,
5m,CHoCH→FVG,空,5笔1:1:2:2:4(2..8) 止盈2% 补满再亏10%止损 拿18根,0.78,0.82,,19969,24518,0,0.74,0.74,,
5m,CHoCH→FVG,空,5笔1:1:2:2:4(2..8) 止盈2% 补满再亏10%止损 拿48根,0.89,0.87,,17757,21849,0,0.8,0.84,,
5m,CHoCH→FVG,空,5笔1:1:2:2:4(2..8) 止盈2% 补满再亏5%止损 拿18根,0.78,0.82,,19969,24518,0,0.74,0.75,,
5m,CHoCH→FVG,空,5笔1:1:2:2:4(2..8) 止盈2% 补满再亏5%止损 拿48根,0.89,0.87,,17758,21849,0,0.79,0.84,,
5m,CHoCH→FVG,空,5笔1:1:2:2:4(2..8) 止盈3% 补满再亏10%止损 拿18根,0.78,0.8,,19950,24491,0,0.73,0.72,,
5m,CHoCH→FVG,空,5笔1:1:2:2:4(2..8) 止盈3% 补满再亏10%止损 拿48根,0.9,0.85,,17504,21594,0,0.81,0.83,,
5m,CHoCH→FVG,空,5笔1:1:2:2:4(2..8) 止盈3% 补满再亏5%止损 拿18根,0.78,0.81,,19950,24491,0,0.73,0.73,,
5m,CHoCH→FVG,空,5笔1:1:2:2:4(2..8) 止盈3% 补满再亏5%止损 拿48根,0.89,0.87,,17506,21594,0,0.8,0.83,,
5m,CHoCH→FVG,空,5笔1:1:2:2:4(2..8) 止盈5% 补满再亏10%止损 拿18根,0.78,0.8,,19941,24481,0,0.74,0.72,,
5m,CHoCH→FVG,空,5笔1:1:2:2:4(2..8) 止盈5% 补满再亏10%止损 拿48根,0.89,0.86,,17395,21457,0,0.79,0.83,,
5m,CHoCH→FVG,空,5笔1:1:2:2:4(2..8) 止盈5% 补满再亏5%止损 拿18根,0.78,0.81,,19941,24481,0,0.73,0.73,,
5m,CHoCH→FVG,空,5笔1:1:2:2:4(2..8) 止盈5% 补满再亏5%止损 拿48根,0.88,0.87,,17397,21458,0,0.79,0.83,,
5m,CHoCH→FVG,空,5笔1:1:2:2:4(2..8) 止盈8% 补满再亏10%止损 拿18根,0.77,0.8,,19941,24481,0,0.74,0.72,,
5m,CHoCH→FVG,空,5笔1:1:2:2:4(2..8) 止盈8% 补满再亏10%止损 拿48根,0.86,0.86,,17374,21424,0,0.78,0.83,,
5m,CHoCH→FVG,空,5笔1:1:2:2:4(2..8) 止盈8% 补满再亏5%止损 拿18根,0.77,0.81,,19941,24481,0,0.73,0.74,,
5m,CHoCH→FVG,空,5笔1:1:2:2:4(2..8) 止盈8% 补满再亏5%止损 拿48根,0.85,0.87,,17376,21425,0,0.77,0.84,,
5m,CHoCH→FVG,空,5笔等(2..8) 止盈2% 补满再亏10%止损 拿18根,0.78,0.81,,19969,24518,0,0.74,0.72,,
5m,CHoCH→FVG,空,5笔等(2..8) 止盈2% 补满再亏10%止损 拿48根,0.88,0.87,,17744,21840,0,0.81,0.83,,
5m,CHoCH→FVG,空,5笔等(2..8) 止盈2% 补满再亏5%止损 拿18根,0.78,0.82,,19969,24518,0,0.73,0.73,,
5m,CHoCH→FVG,空,5笔等(2..8) 止盈2% 补满再亏5%止损 拿48根,0.88,0.88,,17746,21840,0,0.81,0.83,,
5m,CHoCH→FVG,空,5笔等(2..8) 止盈3% 补满再亏10%止损 拿18根,0.78,0.8,,19950,24491,0,0.73,0.72,,
5m,CHoCH→FVG,空,5笔等(2..8) 止盈3% 补满再亏10%止损 拿48根,0.88,0.86,,17501,21583,0,0.81,0.83,,
5m,CHoCH→FVG,空,5笔等(2..8) 止盈3% 补满再亏5%止损 拿18根,0.78,0.8,,19950,24491,0,0.73,0.73,,
5m,CHoCH→FVG,空,5笔等(2..8) 止盈3% 补满再亏5%止损 拿48根,0.88,0.87,,17503,21583,0,0.81,0.83,,
5m,CHoCH→FVG,空,5笔等(2..8) 止盈5% 补满再亏10%止损 拿18根,0.77,0.78,,19941,24481,0,0.73,0.71,,
5m,CHoCH→FVG,空,5笔等(2..8) 止盈5% 补满再亏10%止损 拿48根,0.88,0.86,,17394,21454,0,0.8,0.82,,
5m,CHoCH→FVG,空,5笔等(2..8) 止盈5% 补满再亏5%止损 拿18根,0.77,0.79,,19941,24481,0,0.73,0.72,,
5m,CHoCH→FVG,空,5笔等(2..8) 止盈5% 补满再亏5%止损 拿48根,0.87,0.87,,17396,21455,0,0.8,0.82,,
5m,CHoCH→FVG,空,5笔等(2..8) 止盈8% 补满再亏10%止损 拿18根,0.76,0.79,,19941,24481,0,0.73,0.71,,
5m,CHoCH→FVG,空,5笔等(2..8) 止盈8% 补满再亏10%止损 拿48根,0.85,0.86,,17373,21424,0,0.78,0.82,,
5m,CHoCH→FVG,空,5笔等(2..8) 止盈8% 补满再亏5%止损 拿18根,0.76,0.79,,19941,24481,0,0.72,0.72,,
5m,CHoCH→FVG,空,5笔等(2..8) 止盈8% 补满再亏5%止损 拿48根,0.84,0.87,,17375,21425,0,0.78,0.83,,
5m,CHoCH→FVG,空,6笔深(3..18) 止盈2% 补满再亏10%止损 拿18根,0.79,0.81,,19968,24516,0,0.75,0.72,,
5m,CHoCH→FVG,空,6笔深(3..18) 止盈2% 补满再亏10%止损 拿48根,0.87,0.87,,17696,21798,0,0.82,0.83,,
5m,CHoCH→FVG,空,6笔深(3..18) 止盈2% 补满再亏5%止损 拿18根,0.79,0.81,,19968,24516,0,0.75,0.73,,
5m,CHoCH→FVG,空,6笔深(3..18) 止盈2% 补满再亏5%止损 拿48根,0.88,0.86,,17696,21799,0,0.82,0.84,,
5m,CHoCH→FVG,空,6笔深(3..18) 止盈3% 补满再亏10%止损 拿18根,0.79,0.8,,19949,24491,0,0.74,0.72,,
5m,CHoCH→FVG,空,6笔深(3..18) 止盈3% 补满再亏10%止损 拿48根,0.88,0.86,,17483,21564,0,0.81,0.83,,
5m,CHoCH→FVG,空,6笔深(3..18) 止盈3% 补满再亏5%止损 拿18根,0.79,0.79,,19949,24491,0,0.74,0.72,,
5m,CHoCH→FVG,空,6笔深(3..18) 止盈3% 补满再亏5%止损 拿48根,0.89,0.85,,17483,21565,0,0.82,0.84,,
5m,CHoCH→FVG,空,6笔深(3..18) 止盈5% 补满再亏10%止损 拿18根,0.78,0.79,,19941,24481,0,0.74,0.72,,
5m,CHoCH→FVG,空,6笔深(3..18) 止盈5% 补满再亏10%止损 拿48根,0.88,0.86,,17394,21448,0,0.79,0.82,,
5m,CHoCH→FVG,空,6笔深(3..18) 止盈5% 补满再亏5%止损 拿18根,0.78,0.78,,19941,24481,0,0.74,0.72,,
5m,CHoCH→FVG,空,6笔深(3..18) 止盈5% 补满再亏5%止损 拿48根,0.89,0.85,,17394,21449,0,0.8,0.83,,
5m,CHoCH→FVG,空,6笔深(3..18) 止盈8% 补满再亏10%止损 拿18根,0.77,0.78,,19941,24481,0,0.74,0.71,,
5m,CHoCH→FVG,空,6笔深(3..18) 止盈8% 补满再亏10%止损 拿48根,0.85,0.85,,17373,21423,0,0.77,0.82,,
5m,CHoCH→FVG,空,6笔深(3..18) 止盈8% 补满再亏5%止损 拿18根,0.77,0.78,,19941,24481,0,0.73,0.72,,
5m,CHoCH→FVG,空,6笔深(3..18) 止盈8% 补满再亏5%止损 拿48根,0.86,0.84,,17373,21424,0,0.79,0.83,,
5m,CHoCH→FVG,空,原版（结构止损、盈亏比2）,0.85,0.88,,19194,23546,0,0.79,0.8,,
5m,CHoCH→FVG,多,3笔1:1:1(3/6) 止盈2% 补满再亏10%止损 拿18根,0.83,0.82,,20007,24412,0,0.77,0.74,,
5m,CHoCH→FVG,多,3笔1:1:1(3/6) 止盈2% 补满再亏10%止损 拿48根,0.91,0.93,,17736,21691,0,0.87,0.84,,
5m,CHoCH→FVG,多,3笔1:1:1(3/6) 止盈2% 补满再亏5%止损 拿18根,0.83,0.81,,20007,24412,0,0.77,0.73,,
5m,CHoCH→FVG,多,3笔1:1:1(3/6) 止盈2% 补满再亏5%止损 拿48根,0.91,0.91,,17738,21691,0,0.87,0.83,,
5m,CHoCH→FVG,多,3笔1:1:1(3/6) 止盈3% 补满再亏10%止损 拿18根,0.82,0.82,,19985,24393,0,0.77,0.74,,
5m,CHoCH→FVG,多,3笔1:1:1(3/6) 止盈3% 补满再亏10%止损 拿48根,0.9,0.94,,17541,21455,0,0.88,0.85,,
5m,CHoCH→FVG,多,3笔1:1:1(3/6) 止盈3% 补满再亏5%止损 拿18根,0.83,0.81,,19985,24393,0,0.77,0.74,,
5m,CHoCH→FVG,多,3笔1:1:1(3/6) 止盈3% 补满再亏5%止损 拿48根,0.91,0.92,,17543,21456,0,0.88,0.84,,
5m,CHoCH→FVG,多,3笔1:1:1(3/6) 止盈5% 补满再亏10%止损 拿18根,0.82,0.82,,19974,24386,0,0.77,0.74,,
5m,CHoCH→FVG,多,3笔1:1:1(3/6) 止盈5% 补满再亏10%止损 拿48根,0.9,0.94,,17427,21333,0,0.87,0.86,,
5m,CHoCH→FVG,多,3笔1:1:1(3/6) 止盈5% 补满再亏5%止损 拿18根,0.82,0.81,,19974,24386,0,0.77,0.74,,
5m,CHoCH→FVG,多,3笔1:1:1(3/6) 止盈5% 补满再亏5%止损 拿48根,0.91,0.92,,17429,21334,0,0.88,0.84,,
5m,CHoCH→FVG,多,3笔1:1:1(3/6) 止盈8% 补满再亏10%止损 拿18根,0.82,0.81,,19972,24383,0,0.77,0.74,,
5m,CHoCH→FVG,多,3笔1:1:1(3/6) 止盈8% 补满再亏10%止损 拿48根,0.9,0.95,,17401,21306,0,0.88,0.86,,
5m,CHoCH→FVG,多,3笔1:1:1(3/6) 止盈8% 补满再亏5%止损 拿18根,0.82,0.8,,19972,24383,0,0.78,0.74,,
5m,CHoCH→FVG,多,3笔1:1:1(3/6) 止盈8% 补满再亏5%止损 拿48根,0.91,0.93,,17403,21307,0,0.89,0.85,,
5m,CHoCH→FVG,多,3笔1:1:2(3/6) 止盈2% 补满再亏10%止损 拿18根,0.83,0.83,,20007,24412,0,0.77,0.74,,
5m,CHoCH→FVG,多,3笔1:1:2(3/6) 止盈2% 补满再亏10%止损 拿48根,0.92,0.94,,17739,21696,0,0.88,0.85,,
5m,CHoCH→FVG,多,3笔1:1:2(3/6) 止盈2% 补满再亏5%止损 拿18根,0.83,0.81,,20007,24412,0,0.78,0.74,,
5m,CHoCH→FVG,多,3笔1:1:2(3/6) 止盈2% 补满再亏5%止损 拿48根,0.92,0.92,,17740,21696,0,0.88,0.84,,
5m,CHoCH→FVG,多,3笔1:1:2(3/6) 止盈3% 补满再亏10%止损 拿18根,0.83,0.82,,19986,24393,0,0.78,0.75,,
5m,CHoCH→FVG,多,3笔1:1:2(3/6) 止盈3% 补满再亏10%止损 拿48根,0.92,0.95,,17543,21460,0,0.9,0.86,,
5m,CHoCH→FVG,多,3笔1:1:2(3/6) 止盈3% 补满再亏5%止损 拿18根,0.83,0.81,,19986,24393,0,0.78,0.75,,
5m,CHoCH→FVG,多,3笔1:1:2(3/6) 止盈3% 补满再亏5%止损 拿48根,0.92,0.93,,17545,21460,0,0.9,0.85,,
5m,CHoCH→FVG,多,3笔1:1:2(3/6) 止盈5% 补满再亏10%止损 拿18根,0.82,0.82,,19974,24386,0,0.78,0.75,,
5m,CHoCH→FVG,多,3笔1:1:2(3/6) 止盈5% 补满再亏10%止损 拿48根,0.91,0.95,,17427,21334,0,0.89,0.87,,
5m,CHoCH→FVG,多,3笔1:1:2(3/6) 止盈5% 补满再亏5%止损 拿18根,0.83,0.81,,19974,24386,0,0.78,0.75,,
5m,CHoCH→FVG,多,3笔1:1:2(3/6) 止盈5% 补满再亏5%止损 拿48根,0.92,0.93,,17429,21335,0,0.9,0.86,,
5m,CHoCH→FVG,多,3笔1:1:2(3/6) 止盈8% 补满再亏10%止损 拿18根,0.83,0.82,,19972,24383,0,0.78,0.75,,
5m,CHoCH→FVG,多,3笔1:1:2(3/6) 止盈8% 补满再亏10%止损 拿48根,0.91,0.96,,17401,21306,0,0.89,0.87,,
5m,CHoCH→FVG,多,3笔1:1:2(3/6) 止盈8% 补满再亏5%止损 拿18根,0.83,0.81,,19972,24383,0,0.78,0.75,,
5m,CHoCH→FVG,多,3笔1:1:2(3/6) 止盈8% 补满再亏5%止损 拿48根,0.92,0.94,,17403,21307,0,0.9,0.85,,
5m,CHoCH→FVG,多,5笔1:1:2:2:4(2..8) 止盈2% 补满再亏10%止损 拿18根,0.84,0.84,,20010,24413,0,0.78,0.78,,
5m,CHoCH→FVG,多,5笔1:1:2:2:4(2..8) 止盈2% 补满再亏10%止损 拿48根,0.93,0.98,,17799,21749,0,0.9,0.9,,
5m,CHoCH→FVG,多,5笔1:1:2:2:4(2..8) 止盈2% 补满再亏5%止损 拿18根,0.84,0.84,,20010,24413,0,0.8,0.77,,
5m,CHoCH→FVG,多,5笔1:1:2:2:4(2..8) 止盈2% 补满再亏5%止损 拿48根,0.94,0.97,,17800,21749,0,0.93,0.88,,
5m,CHoCH→FVG,多,5笔1:1:2:2:4(2..8) 止盈3% 补满再亏10%止损 拿18根,0.83,0.85,,19989,24396,0,0.79,0.78,,
5m,CHoCH→FVG,多,5笔1:1:2:2:4(2..8) 止盈3% 补满再亏10%止损 拿48根,0.94,0.99,,17564,21492,0,0.92,0.91,,
5m,CHoCH→FVG,多,5笔1:1:2:2:4(2..8) 止盈3% 补满再亏5%止损 拿18根,0.83,0.85,,19989,24396,0,0.81,0.78,,
5m,CHoCH→FVG,多,5笔1:1:2:2:4(2..8) 止盈3% 补满再亏5%止损 拿48根,0.95,0.98,,17565,21492,0,0.96,0.89,,
5m,CHoCH→FVG,多,5笔1:1:2:2:4(2..8) 止盈5% 补满再亏10%止损 拿18根,0.83,0.84,,19975,24385,0,0.8,0.79,,
5m,CHoCH→FVG,多,5笔1:1:2:2:4(2..8) 止盈5% 补满再亏10%止损 拿48根,0.93,1.01,,17432,21342,0,0.93,0.92,,
5m,CHoCH→FVG,多,5笔1:1:2:2:4(2..8) 止盈5% 补满再亏5%止损 拿18根,0.83,0.84,,19975,24385,0,0.82,0.79,,
5m,CHoCH→FVG,多,5笔1:1:2:2:4(2..8) 止盈5% 补满再亏5%止损 拿48根,0.94,1.0,,17434,21342,0,0.96,0.89,,
5m,CHoCH→FVG,多,5笔1:1:2:2:4(2..8) 止盈8% 补满再亏10%止损 拿18根,0.83,0.84,,19972,24383,0,0.8,0.79,,
5m,CHoCH→FVG,多,5笔1:1:2:2:4(2..8) 止盈8% 补满再亏10%止损 拿48根,0.92,1.02,,17402,21309,0,0.92,0.92,,
5m,CHoCH→FVG,多,5笔1:1:2:2:4(2..8) 止盈8% 补满再亏5%止损 拿18根,0.83,0.85,,19972,24383,0,0.81,0.78,,
5m,CHoCH→FVG,多,5笔1:1:2:2:4(2..8) 止盈8% 补满再亏5%止损 拿48根,0.94,1.02,,17404,21309,0,0.95,0.89,,
5m,CHoCH→FVG,多,5笔等(2..8) 止盈2% 补满再亏10%止损 拿18根,0.82,0.82,,20009,24413,0,0.77,0.75,,
5m,CHoCH→FVG,多,5笔等(2..8) 止盈2% 补满再亏10%止损 拿48根,0.91,0.94,,17786,21735,0,0.87,0.86,,
5m,CHoCH→FVG,多,5笔等(2..8) 止盈2% 补满再亏5%止损 拿18根,0.82,0.82,,20009,24413,0,0.78,0.75,,
5m,CHoCH→FVG,多,5笔等(2..8) 止盈2% 补满再亏5%止损 拿48根,0.91,0.93,,17787,21735,0,0.89,0.85,,
5m,CHoCH→FVG,多,5笔等(2..8) 止盈3% 补满再亏10%止损 拿18根,0.82,0.82,,19988,24396,0,0.78,0.76,,
5m,CHoCH→FVG,多,5笔等(2..8) 止盈3% 补满再亏10%止损 拿48根,0.9,0.95,,17555,21479,0,0.89,0.87,,
5m,CHoCH→FVG,多,5笔等(2..8) 止盈3% 补满再亏5%止损 拿18根,0.81,0.82,,19988,24396,0,0.79,0.75,,
5m,CHoCH→FVG,多,5笔等(2..8) 止盈3% 补满再亏5%止损 拿48根,0.91,0.94,,17557,21479,0,0.91,0.86,,
5m,CHoCH→FVG,多,5笔等(2..8) 止盈5% 补满再亏10%止损 拿18根,0.81,0.82,,19974,24385,0,0.78,0.76,,
5m,CHoCH→FVG,多,5笔等(2..8) 止盈5% 补满再亏10%止损 拿48根,0.9,0.95,,17428,21339,0,0.89,0.87,,
5m,CHoCH→FVG,多,5笔等(2..8) 止盈5% 补满再亏5%止损 拿18根,0.81,0.82,,19974,24385,0,0.78,0.76,,
5m,CHoCH→FVG,多,5笔等(2..8) 止盈5% 补满再亏5%止损 拿48根,0.9,0.95,,17430,21339,0,0.91,0.86,,
5m,CHoCH→FVG,多,5笔等(2..8) 止盈8% 补满再亏10%止损 拿18根,0.82,0.81,,19972,24383,0,0.78,0.76,,
5m,CHoCH→FVG,多,5笔等(2..8) 止盈8% 补满再亏10%止损 拿48根,0.9,0.96,,17402,21306,0,0.9,0.87,,
5m,CHoCH→FVG,多,5笔等(2..8) 止盈8% 补满再亏5%止损 拿18根,0.82,0.81,,19972,24383,0,0.79,0.75,,
5m,CHoCH→FVG,多,5笔等(2..8) 止盈8% 补满再亏5%止损 拿48根,0.91,0.96,,17404,21306,0,0.91,0.86,,
5m,CHoCH→FVG,多,6笔深(3..18) 止盈2% 补满再亏10%止损 拿18根,0.83,0.83,,20007,24412,0,0.79,0.75,,
5m,CHoCH→FVG,多,6笔深(3..18) 止盈2% 补满再亏10%止损 拿48根,0.93,0.93,,17738,21695,0,0.9,0.85,,
5m,CHoCH→FVG,多,6笔深(3..18) 止盈2% 补满再亏5%止损 拿18根,0.83,0.83,,20007,24412,0,0.78,0.75,,
5m,CHoCH→FVG,多,6笔深(3..18) 止盈2% 补满再亏5%止损 拿48根,0.91,0.93,,17739,21695,0,0.87,0.85,,
5m,CHoCH→FVG,多,6笔深(3..18) 止盈3% 补满再亏10%止损 拿18根,0.83,0.83,,19985,24393,0,0.8,0.76,,
5m,CHoCH→FVG,多,6笔深(3..18) 止盈3% 补满再亏10%止损 拿48根,0.93,0.95,,17541,21459,0,0.92,0.87,,
5m,CHoCH→FVG,多,6笔深(3..18) 止盈3% 补满再亏5%止损 拿18根,0.83,0.83,,19985,24393,0,0.79,0.76,,
5m,CHoCH→FVG,多,6笔深(3..18) 止盈3% 补满再亏5%止损 拿48根,0.9,0.95,,17542,21459,0,0.89,0.87,,
5m,CHoCH→FVG,多,6笔深(3..18) 止盈5% 补满再亏10%止损 拿18根,0.83,0.83,,19974,24386,0,0.81,0.76,,
5m,CHoCH→FVG,多,6笔深(3..18) 止盈5% 补满再亏10%止损 拿48根,0.93,0.95,,17427,21334,0,0.93,0.89,,
5m,CHoCH→FVG,多,6笔深(3..18) 止盈5% 补满再亏5%止损 拿18根,0.83,0.83,,19974,24386,0,0.8,0.76,,
5m,CHoCH→FVG,多,6笔深(3..18) 止盈5% 补满再亏5%止损 拿48根,0.9,0.96,,17428,21334,0,0.89,0.89,,
5m,CHoCH→FVG,多,6笔深(3..18) 止盈8% 补满再亏10%止损 拿18根,0.83,0.82,,19972,24383,0,0.81,0.77,,
5m,CHoCH→FVG,多,6笔深(3..18) 止盈8% 补满再亏10%止损 拿48根,0.92,0.96,,17400,21306,0,0.93,0.9,,
5m,CHoCH→FVG,多,6笔深(3..18) 止盈8% 补满再亏5%止损 拿18根,0.83,0.83,,19972,24383,0,0.8,0.76,,
5m,CHoCH→FVG,多,6笔深(3..18) 止盈8% 补满再亏5%止损 拿48根,0.9,0.97,,17401,21306,0,0.89,0.9,,
5m,CHoCH→FVG,多,原版（结构止损、盈亏比2）,0.88,0.83,,19123,23397,0,0.81,0.76,,
5m,CHoCH→OB,空,3笔1:1:1(3/6) 止盈2% 补满再亏10%止损 拿18根,0.82,0.85,,18824,23534,0,0.74,0.73,,
5m,CHoCH→OB,空,3笔1:1:1(3/6) 止盈2% 补满再亏10%止损 拿48根,0.89,0.91,,16541,20728,0,0.82,0.84,,
5m,CHoCH→OB,空,3笔1:1:1(3/6) 止盈2% 补满再亏5%止损 拿18根,0.81,0.85,,18824,23534,0,0.74,0.73,,
5m,CHoCH→OB,空,3笔1:1:1(3/6) 止盈2% 补满再亏5%止损 拿48根,0.88,0.91,,16546,20732,0,0.82,0.84,,
5m,CHoCH→OB,空,3笔1:1:1(3/6) 止盈3% 补满再亏10%止损 拿18根,0.8,0.84,,18798,23509,0,0.74,0.72,,
5m,CHoCH→OB,空,3笔1:1:1(3/6) 止盈3% 补满再亏10%止损 拿48根,0.87,0.9,,16283,20470,0,0.81,0.84,,
5m,CHoCH→OB,空,3笔1:1:1(3/6) 止盈3% 补满再亏5%止损 拿18根,0.79,0.84,,18798,23509,0,0.73,0.73,,
5m,CHoCH→OB,空,3笔1:1:1(3/6) 止盈3% 补满再亏5%止损 拿48根,0.86,0.9,,16290,20474,0,0.81,0.84,,
5m,CHoCH→OB,空,3笔1:1:1(3/6) 止盈5% 补满再亏10%止损 拿18根,0.8,0.83,,18794,23500,0,0.73,0.72,,
5m,CHoCH→OB,空,3笔1:1:1(3/6) 止盈5% 补满再亏10%止损 拿48根,0.86,0.9,,16187,20342,0,0.8,0.83,,
5m,CHoCH→OB,空,3笔1:1:1(3/6) 止盈5% 补满再亏5%止损 拿18根,0.79,0.83,,18794,23500,0,0.73,0.72,,
5m,CHoCH→OB,空,3笔1:1:1(3/6) 止盈5% 补满再亏5%止损 拿48根,0.85,0.9,,16193,20346,0,0.8,0.83,,
5m,CHoCH→OB,空,3笔1:1:1(3/6) 止盈8% 补满再亏10%止损 拿18根,0.78,0.83,,18792,23499,0,0.73,0.71,,
5m,CHoCH→OB,空,3笔1:1:1(3/6) 止盈8% 补满再亏10%止损 拿48根,0.84,0.89,,16165,20313,0,0.79,0.83,,
5m,CHoCH→OB,空,3笔1:1:1(3/6) 止盈8% 补满再亏5%止损 拿18根,0.78,0.83,,18792,23499,0,0.73,0.71,,
5m,CHoCH→OB,空,3笔1:1:1(3/6) 止盈8% 补满再亏5%止损 拿48根,0.83,0.89,,16171,20317,0,0.79,0.83,,
5m,CHoCH→OB,空,3笔1:1:2(3/6) 止盈2% 补满再亏10%止损 拿18根,0.82,0.85,,18824,23534,0,0.74,0.73,,
5m,CHoCH→OB,空,3笔1:1:2(3/6) 止盈2% 补满再亏10%止损 拿48根,0.9,0.91,,16546,20729,0,0.81,0.84,,
5m,CHoCH→OB,空,3笔1:1:2(3/6) 止盈2% 补满再亏5%止损 拿18根,0.81,0.85,,18824,23534,0,0.74,0.73,,
5m,CHoCH→OB,空,3笔1:1:2(3/6) 止盈2% 补满再亏5%止损 拿48根,0.88,0.91,,16551,20733,0,0.81,0.84,,
5m,CHoCH→OB,空,3笔1:1:2(3/6) 止盈3% 补满再亏10%止损 拿18根,0.8,0.84,,18798,23509,0,0.74,0.72,,
5m,CHoCH→OB,空,3笔1:1:2(3/6) 止盈3% 补满再亏10%止损 拿48根,0.88,0.91,,16284,20474,0,0.81,0.84,,
5m,CHoCH→OB,空,3笔1:1:2(3/6) 止盈3% 补满再亏5%止损 拿18根,0.79,0.84,,18798,23509,0,0.74,0.72,,
5m,CHoCH→OB,空,3笔1:1:2(3/6) 止盈3% 补满再亏5%止损 拿48根,0.85,0.9,,16291,20478,0,0.81,0.84,,
5m,CHoCH→OB,空,3笔1:1:2(3/6) 止盈5% 补满再亏10%止损 拿18根,0.8,0.83,,18794,23500,0,0.74,0.72,,
5m,CHoCH→OB,空,3笔1:1:2(3/6) 止盈5% 补满再亏10%止损 拿48根,0.87,0.9,,16189,20344,0,0.79,0.83,,
5m,CHoCH→OB,空,3笔1:1:2(3/6) 止盈5% 补满再亏5%止损 拿18根,0.79,0.83,,18794,23500,0,0.73,0.72,,
5m,CHoCH→OB,空,3笔1:1:2(3/6) 止盈5% 补满再亏5%止损 拿48根,0.85,0.9,,16195,20348,0,0.8,0.83,,
5m,CHoCH→OB,空,3笔1:1:2(3/6) 止盈8% 补满再亏10%止损 拿18根,0.79,0.83,,18792,23499,0,0.73,0.72,,
5m,CHoCH→OB,空,3笔1:1:2(3/6) 止盈8% 补满再亏10%止损 拿48根,0.84,0.89,,16165,20313,0,0.79,0.83,,
5m,CHoCH→OB,空,3笔1:1:2(3/6) 止盈8% 补满再亏5%止损 拿18根,0.78,0.83,,18792,23499,0,0.73,0.72,,
5m,CHoCH→OB,空,3笔1:1:2(3/6) 止盈8% 补满再亏5%止损 拿48根,0.83,0.89,,16171,20317,0,0.79,0.83,,
5m,CHoCH→OB,空,5笔1:1:2:2:4(2..8) 止盈2% 补满再亏10%止损 拿18根,0.81,0.86,,18826,23536,0,0.74,0.74,,
5m,CHoCH→OB,空,5笔1:1:2:2:4(2..8) 止盈2% 补满再亏10%止损 拿48根,0.9,0.89,,16588,20797,0,0.8,0.84,,
5m,CHoCH→OB,空,5笔1:1:2:2:4(2..8) 止盈2% 补满再亏5%止损 拿18根,0.8,0.87,,18826,23536,0,0.74,0.75,,
5m,CHoCH→OB,空,5笔1:1:2:2:4(2..8) 止盈2% 补满再亏5%止损 拿48根,0.89,0.9,,16589,20800,0,0.79,0.84,,
5m,CHoCH→OB,空,5笔1:1:2:2:4(2..8) 止盈3% 补满再亏10%止损 拿18根,0.79,0.84,,18801,23508,0,0.73,0.72,,
5m,CHoCH→OB,空,5笔1:1:2:2:4(2..8) 止盈3% 补满再亏10%止损 拿48根,0.87,0.89,,16306,20506,0,0.81,0.83,,
5m,CHoCH→OB,空,5笔1:1:2:2:4(2..8) 止盈3% 补满再亏5%止损 拿18根,0.79,0.86,,18801,23508,0,0.73,0.73,,
5m,CHoCH→OB,空,5笔1:1:2:2:4(2..8) 止盈3% 补满再亏5%止损 拿48根,0.87,0.9,,16307,20509,0,0.8,0.83,,
5m,CHoCH→OB,空,5笔1:1:2:2:4(2..8) 止盈5% 补满再亏10%止损 拿18根,0.78,0.84,,18794,23501,0,0.74,0.72,,
5m,CHoCH→OB,空,5笔1:1:2:2:4(2..8) 止盈5% 补满再亏10%止损 拿48根,0.86,0.88,,16194,20348,0,0.79,0.83,,
5m,CHoCH→OB,空,5笔1:1:2:2:4(2..8) 止盈5% 补满再亏5%止损 拿18根,0.78,0.87,,18794,23501,0,0.73,0.73,,
5m,CHoCH→OB,空,5笔1:1:2:2:4(2..8) 止盈5% 补满再亏5%止损 拿48根,0.86,0.9,,16195,20351,0,0.79,0.83,,
5m,CHoCH→OB,空,5笔1:1:2:2:4(2..8) 止盈8% 补满再亏10%止损 拿18根,0.77,0.84,,18792,23499,0,0.74,0.72,,
5m,CHoCH→OB,空,5笔1:1:2:2:4(2..8) 止盈8% 补满再亏10%止损 拿48根,0.84,0.87,,16166,20313,0,0.78,0.83,,
5m,CHoCH→OB,空,5笔1:1:2:2:4(2..8) 止盈8% 补满再亏5%止损 拿18根,0.77,0.87,,18792,23499,0,0.73,0.74,,
5m,CHoCH→OB,空,5笔1:1:2:2:4(2..8) 止盈8% 补满再亏5%止损 拿48根,0.84,0.89,,16167,20315,0,0.77,0.84,,
5m,CHoCH→OB,空,5笔等(2..8) 止盈2% 补满再亏10%止损 拿18根,0.8,0.85,,18826,23536,0,0.74,0.72,,
5m,CHoCH→OB,空,5笔等(2..8) 止盈2% 补满再亏10%止损 拿48根,0.88,0.9,,16570,20789,0,0.81,0.83,,
5m,CHoCH→OB,空,5笔等(2..8) 止盈2% 补满再亏5%止损 拿18根,0.8,0.86,,18826,23536,0,0.73,0.73,,
5m,CHoCH→OB,空,5笔等(2..8) 止盈2% 补满再亏5%止损 拿48根,0.88,0.91,,16571,20792,0,0.81,0.83,,
5m,CHoCH→OB,空,5笔等(2..8) 止盈3% 补满再亏10%止损 拿18根,0.79,0.84,,18801,23508,0,0.73,0.72,,
5m,CHoCH→OB,空,5笔等(2..8) 止盈3% 补满再亏10%止损 拿48根,0.86,0.89,,16300,20493,0,0.81,0.83,,
5m,CHoCH→OB,空,5笔等(2..8) 止盈3% 补满再亏5%止损 拿18根,0.79,0.85,,18801,23508,0,0.73,0.73,,
5m,CHoCH→OB,空,5笔等(2..8) 止盈3% 补满再亏5%止损 拿48根,0.86,0.9,,16301,20496,0,0.81,0.83,,
5m,CHoCH→OB,空,5笔等(2..8) 止盈5% 补满再亏10%止损 拿18根,0.78,0.83,,18794,23501,0,0.73,0.71,,
5m,CHoCH→OB,空,5笔等(2..8) 止盈5% 补满再亏10%止损 拿48根,0.86,0.88,,16193,20345,0,0.8,0.82,,
5m,CHoCH→OB,空,5笔等(2..8) 止盈5% 补满再亏5%止损 拿18根,0.78,0.84,,18794,23501,0,0.73,0.72,,
5m,CHoCH→OB,空,5笔等(2..8) 止盈5% 补满再亏5%止损 拿48根,0.85,0.9,,16194,20347,0,0.8,0.82,,
5m,CHoCH→OB,空,5笔等(2..8) 止盈8% 补满再亏10%止损 拿18根,0.76,0.83,,18792,23499,0,0.73,0.71,,
5m,CHoCH→OB,空,5笔等(2..8) 止盈8% 补满再亏10%止损 拿48根,0.84,0.88,,16166,20313,0,0.78,0.82,,
5m,CHoCH→OB,空,5笔等(2..8) 止盈8% 补满再亏5%止损 拿18根,0.77,0.85,,18792,23499,0,0.72,0.72,,
5m,CHoCH→OB,空,5笔等(2..8) 止盈8% 补满再亏5%止损 拿48根,0.83,0.89,,16167,20315,0,0.78,0.83,,
5m,CHoCH→OB,空,6笔深(3..18) 止盈2% 补满再亏10%止损 拿18根,0.82,0.84,,18824,23534,0,0.75,0.72,,
5m,CHoCH→OB,空,6笔深(3..18) 止盈2% 补满再亏10%止损 拿48根,0.9,0.91,,16543,20727,0,0.82,0.83,,
5m,CHoCH→OB,空,6笔深(3..18) 止盈2% 补满再亏5%止损 拿18根,0.82,0.83,,18824,23534,0,0.75,0.73,,
5m,CHoCH→OB,空,6笔深(3..18) 止盈2% 补满再亏5%止损 拿48根,0.91,0.9,,16543,20728,0,0.82,0.84,,
5m,CHoCH→OB,空,6笔深(3..18) 止盈3% 补满再亏10%止损 拿18根,0.81,0.84,,18798,23509,0,0.74,0.72,,
5m,CHoCH→OB,空,6笔深(3..18) 止盈3% 补满再亏10%止损 拿48根,0.87,0.91,,16283,20469,0,0.81,0.83,,
5m,CHoCH→OB,空,6笔深(3..18) 止盈3% 补满再亏5%止损 拿18根,0.81,0.82,,18798,23509,0,0.74,0.72,,
5m,CHoCH→OB,空,6笔深(3..18) 止盈3% 补满再亏5%止损 拿48根,0.88,0.89,,16283,20470,0,0.82,0.84,,
5m,CHoCH→OB,空,6笔深(3..18) 止盈5% 补满再亏10%止损 拿18根,0.79,0.84,,18794,23500,0,0.74,0.72,,
5m,CHoCH→OB,空,6笔深(3..18) 止盈5% 补满再亏10%止损 拿48根,0.87,0.89,,16187,20342,0,0.79,0.82,,
5m,CHoCH→OB,空,6笔深(3..18) 止盈5% 补满再亏5%止损 拿18根,0.8,0.82,,18794,23500,0,0.74,0.72,,
5m,CHoCH→OB,空,6笔深(3..18) 止盈5% 补满再亏5%止损 拿48根,0.89,0.89,,16187,20342,0,0.8,0.83,,
5m,CHoCH→OB,空,6笔深(3..18) 止盈8% 补满再亏10%止损 拿18根,0.77,0.84,,18792,23499,0,0.74,0.71,,
5m,CHoCH→OB,空,6笔深(3..18) 止盈8% 补满再亏10%止损 拿48根,0.83,0.88,,16164,20312,0,0.77,0.82,,
5m,CHoCH→OB,空,6笔深(3..18) 止盈8% 补满再亏5%止损 拿18根,0.78,0.82,,18792,23499,0,0.73,0.72,,
5m,CHoCH→OB,空,6笔深(3..18) 止盈8% 补满再亏5%止损 拿48根,0.85,0.87,,16164,20313,0,0.79,0.83,,
5m,CHoCH→OB,空,原版（结构止损、盈亏比2）,0.83,0.86,,18632,23215,0,0.79,0.8,,
5m,CHoCH→OB,多,3笔1:1:1(3/6) 止盈2% 补满再亏10%止损 拿18根,0.81,0.85,,18422,23369,0,0.77,0.74,,
5m,CHoCH→OB,多,3笔1:1:1(3/6) 止盈2% 补满再亏10%止损 拿48根,0.88,0.95,,16186,20665,0,0.87,0.84,,
5m,CHoCH→OB,多,3笔1:1:1(3/6) 止盈2% 补满再亏5%止损 拿18根,0.81,0.83,,18422,23369,0,0.77,0.73,,
5m,CHoCH→OB,多,3笔1:1:1(3/6) 止盈2% 补满再亏5%止损 拿48根,0.88,0.93,,16189,20669,0,0.87,0.83,,
5m,CHoCH→OB,多,3笔1:1:1(3/6) 止盈3% 补满再亏10%止损 拿18根,0.81,0.86,,18408,23348,0,0.77,0.74,,
5m,CHoCH→OB,多,3笔1:1:1(3/6) 止盈3% 补满再亏10%止损 拿48根,0.88,0.96,,15988,20419,0,0.88,0.85,,
5m,CHoCH→OB,多,3笔1:1:1(3/6) 止盈3% 补满再亏5%止损 拿18根,0.81,0.84,,18408,23348,0,0.77,0.74,,
5m,CHoCH→OB,多,3笔1:1:1(3/6) 止盈3% 补满再亏5%止损 拿48根,0.88,0.93,,15992,20425,0,0.88,0.84,,
5m,CHoCH→OB,多,3笔1:1:1(3/6) 止盈5% 补满再亏10%止损 拿18根,0.82,0.86,,18400,23333,0,0.77,0.74,,
5m,CHoCH→OB,多,3笔1:1:1(3/6) 止盈5% 补满再亏10%止损 拿48根,0.88,0.94,,15893,20292,0,0.87,0.86,,
5m,CHoCH→OB,多,3笔1:1:1(3/6) 止盈5% 补满再亏5%止损 拿18根,0.82,0.84,,18400,23333,0,0.77,0.74,,
5m,CHoCH→OB,多,3笔1:1:1(3/6) 止盈5% 补满再亏5%止损 拿48根,0.87,0.91,,15897,20302,0,0.88,0.84,,
5m,CHoCH→OB,多,3笔1:1:1(3/6) 止盈8% 补满再亏10%止损 拿18根,0.81,0.85,,18400,23331,0,0.77,0.74,,
5m,CHoCH→OB,多,3笔1:1:1(3/6) 止盈8% 补满再亏10%止损 拿48根,0.87,0.94,,15878,20273,0,0.88,0.86,,
5m,CHoCH→OB,多,3笔1:1:1(3/6) 止盈8% 补满再亏5%止损 拿18根,0.81,0.83,,18400,23331,0,0.78,0.74,,
5m,CHoCH→OB,多,3笔1:1:1(3/6) 止盈8% 补满再亏5%止损 拿48根,0.87,0.91,,15882,20283,0,0.89,0.85,,
5m,CHoCH→OB,多,3笔1:1:2(3/6) 止盈2% 补满再亏10%止损 拿18根,0.82,0.86,,18422,23369,0,0.77,0.74,,
5m,CHoCH→OB,多,3笔1:1:2(3/6) 止盈2% 补满再亏10%止损 拿48根,0.89,0.97,,16188,20667,0,0.88,0.85,,
5m,CHoCH→OB,多,3笔1:1:2(3/6) 止盈2% 补满再亏5%止损 拿18根,0.82,0.84,,18422,23369,0,0.78,0.74,,
5m,CHoCH→OB,多,3笔1:1:2(3/6) 止盈2% 补满再亏5%止损 拿48根,0.89,0.93,,16191,20671,0,0.88,0.84,,
5m,CHoCH→OB,多,3笔1:1:2(3/6) 止盈3% 补满再亏10%止损 拿18根,0.82,0.88,,18408,23348,0,0.78,0.75,,
5m,CHoCH→OB,多,3笔1:1:2(3/6) 止盈3% 补满再亏10%止损 拿48根,0.9,0.97,,15991,20422,0,0.9,0.86,,
5m,CHoCH→OB,多,3笔1:1:2(3/6) 止盈3% 补满再亏5%止损 拿18根,0.82,0.85,,18408,23348,0,0.78,0.75,,
5m,CHoCH→OB,多,3笔1:1:2(3/6) 止盈3% 补满再亏5%止损 拿48根,0.9,0.93,,15994,20426,0,0.9,0.85,,
5m,CHoCH→OB,多,3笔1:1:2(3/6) 止盈5% 补满再亏10%止损 拿18根,0.83,0.87,,18400,23333,0,0.78,0.75,,
5m,CHoCH→OB,多,3笔1:1:2(3/6) 止盈5% 补满再亏10%止损 拿48根,0.89,0.95,,15894,20296,0,0.89,0.87,,
5m,CHoCH→OB,多,3笔1:1:2(3/6) 止盈5% 补满再亏5%止损 拿18根,0.83,0.84,,18400,23333,0,0.78,0.75,,
5m,CHoCH→OB,多,3笔1:1:2(3/6) 止盈5% 补满再亏5%止损 拿48根,0.88,0.92,,15898,20303,0,0.9,0.86,,
5m,CHoCH→OB,多,3笔1:1:2(3/6) 止盈8% 补满再亏10%止损 拿18根,0.82,0.87,,18400,23331,0,0.78,0.75,,
5m,CHoCH→OB,多,3笔1:1:2(3/6) 止盈8% 补满再亏10%止损 拿48根,0.88,0.95,,15878,20275,0,0.89,0.87,,
5m,CHoCH→OB,多,3笔1:1:2(3/6) 止盈8% 补满再亏5%止损 拿18根,0.82,0.84,,18400,23331,0,0.78,0.75,,
5m,CHoCH→OB,多,3笔1:1:2(3/6) 止盈8% 补满再亏5%止损 拿48根,0.88,0.92,,15882,20285,0,0.9,0.85,,
5m,CHoCH→OB,多,5笔1:1:2:2:4(2..8) 止盈2% 补满再亏10%止损 拿18根,0.87,0.9,,18423,23369,0,0.78,0.78,,
5m,CHoCH→OB,多,5笔1:1:2:2:4(2..8) 止盈2% 补满再亏10%止损 拿48根,0.91,1.01,,16237,20717,0,0.9,0.9,,
5m,CHoCH→OB,多,5笔1:1:2:2:4(2..8) 止盈2% 补满再亏5%止损 拿18根,0.87,0.87,,18423,23369,0,0.8,0.77,,
5m,CHoCH→OB,多,5笔1:1:2:2:4(2..8) 止盈2% 补满再亏5%止损 拿48根,0.92,0.99,,16239,20718,0,0.93,0.88,,
5m,CHoCH→OB,多,5笔1:1:2:2:4(2..8) 止盈3% 补满再亏10%止损 拿18根,0.87,0.93,,18410,23352,0,0.79,0.78,,
5m,CHoCH→OB,多,5笔1:1:2:2:4(2..8) 止盈3% 补满再亏10%止损 拿48根,0.93,1.04,,16012,20452,0,0.92,0.91,,
5m,CHoCH→OB,多,5笔1:1:2:2:4(2..8) 止盈3% 补满再亏5%止损 拿18根,0.87,0.9,,18410,23352,0,0.81,0.78,,
5m,CHoCH→OB,多,5笔1:1:2:2:4(2..8) 止盈3% 补满再亏5%止损 拿48根,0.94,1.01,,16014,20453,0,0.96,0.89,,
5m,CHoCH→OB,多,5笔1:1:2:2:4(2..8) 止盈5% 补满再亏10%止损 拿18根,0.88,0.92,,18400,23333,0,0.8,0.79,,
5m,CHoCH→OB,多,5笔1:1:2:2:4(2..8) 止盈5% 补满再亏10%止损 拿48根,0.92,1.05,,15900,20306,0,0.93,0.92,,
5m,CHoCH→OB,多,5笔1:1:2:2:4(2..8) 止盈5% 补满再亏5%止损 拿18根,0.88,0.9,,18400,23333,0,0.82,0.79,,
5m,CHoCH→OB,多,5笔1:1:2:2:4(2..8) 止盈5% 补满再亏5%止损 拿48根,0.92,1.02,,15902,20309,0,0.96,0.89,,
5m,CHoCH→OB,多,5笔1:1:2:2:4(2..8) 止盈8% 补满再亏10%止损 拿18根,0.87,0.93,,18400,23331,0,0.8,0.79,,
5m,CHoCH→OB,多,5笔1:1:2:2:4(2..8) 止盈8% 补满再亏10%止损 拿48根,0.91,1.03,,15878,20277,0,0.92,0.92,,
5m,CHoCH→OB,多,5笔1:1:2:2:4(2..8) 止盈8% 补满再亏5%止损 拿18根,0.87,0.91,,18400,23331,0,0.81,0.78,,
5m,CHoCH→OB,多,5笔1:1:2:2:4(2..8) 止盈8% 补满再亏5%止损 拿48根,0.91,1.01,,15880,20281,0,0.95,0.89,,
5m,CHoCH→OB,多,5笔等(2..8) 止盈2% 补满再亏10%止损 拿18根,0.83,0.86,,18422,23369,0,0.77,0.75,,
5m,CHoCH→OB,多,5笔等(2..8) 止盈2% 补满再亏10%止损 拿48根,0.89,0.96,,16221,20701,0,0.87,0.86,,
5m,CHoCH→OB,多,5笔等(2..8) 止盈2% 补满再亏5%止损 拿18根,0.83,0.84,,18422,23369,0,0.78,0.75,,
5m,CHoCH→OB,多,5笔等(2..8) 止盈2% 补满再亏5%止损 拿48根,0.89,0.95,,16223,20704,0,0.89,0.85,,
5m,CHoCH→OB,多,5笔等(2..8) 止盈3% 补满再亏10%止损 拿18根,0.83,0.87,,18409,23352,0,0.78,0.76,,
5m,CHoCH→OB,多,5笔等(2..8) 止盈3% 补满再亏10%止损 拿48根,0.9,0.98,,16002,20442,0,0.89,0.87,,
5m,CHoCH→OB,多,5笔等(2..8) 止盈3% 补满再亏5%止损 拿18根,0.83,0.86,,18409,23352,0,0.79,0.75,,
5m,CHoCH→OB,多,5笔等(2..8) 止盈3% 补满再亏5%止损 拿48根,0.9,0.97,,16004,20444,0,0.91,0.86,,
5m,CHoCH→OB,多,5笔等(2..8) 止盈5% 补满再亏10%止损 拿18根,0.83,0.87,,18400,23333,0,0.78,0.76,,
5m,CHoCH→OB,多,5笔等(2..8) 止盈5% 补满再亏10%止损 拿48根,0.89,0.98,,15895,20300,0,0.89,0.87,,
5m,CHoCH→OB,多,5笔等(2..8) 止盈5% 补满再亏5%止损 拿18根,0.83,0.86,,18400,23333,0,0.78,0.76,,
5m,CHoCH→OB,多,5笔等(2..8) 止盈5% 补满再亏5%止损 拿48根,0.89,0.96,,15897,20304,0,0.91,0.86,,
5m,CHoCH→OB,多,5笔等(2..8) 止盈8% 补满再亏10%止损 拿18根,0.83,0.87,,18400,23331,0,0.78,0.76,,
5m,CHoCH→OB,多,5笔等(2..8) 止盈8% 补满再亏10%止损 拿48根,0.88,0.97,,15878,20276,0,0.9,0.87,,
5m,CHoCH→OB,多,5笔等(2..8) 止盈8% 补满再亏5%止损 拿18根,0.83,0.85,,18400,23331,0,0.79,0.75,,
5m,CHoCH→OB,多,5笔等(2..8) 止盈8% 补满再亏5%止损 拿48根,0.88,0.95,,15880,20280,0,0.91,0.86,,
5m,CHoCH→OB,多,6笔深(3..18) 止盈2% 补满再亏10%止损 拿18根,0.83,0.85,,18422,23369,0,0.79,0.75,,
5m,CHoCH→OB,多,6笔深(3..18) 止盈2% 补满再亏10%止损 拿48根,0.9,0.94,,16189,20674,0,0.9,0.85,,
5m,CHoCH→OB,多,6笔深(3..18) 止盈2% 补满再亏5%止损 拿18根,0.83,0.86,,18422,23369,0,0.78,0.75,,
5m,CHoCH→OB,多,6笔深(3..18) 止盈2% 补满再亏5%止损 拿48根,0.87,0.97,,16189,20674,0,0.87,0.85,,
5m,CHoCH→OB,多,6笔深(3..18) 止盈3% 补满再亏10%止损 拿18根,0.82,0.87,,18408,23348,0,0.8,0.76,,
5m,CHoCH→OB,多,6笔深(3..18) 止盈3% 补满再亏10%止损 拿48根,0.91,0.95,,15991,20428,0,0.92,0.87,,
5m,CHoCH→OB,多,6笔深(3..18) 止盈3% 补满再亏5%止损 拿18根,0.82,0.88,,18408,23348,0,0.79,0.76,,
5m,CHoCH→OB,多,6笔深(3..18) 止盈3% 补满再亏5%止损 拿48根,0.88,0.97,,15991,20428,0,0.89,0.87,,
5m,CHoCH→OB,多,6笔深(3..18) 止盈5% 补满再亏10%止损 拿18根,0.83,0.87,,18400,23333,0,0.81,0.76,,
5m,CHoCH→OB,多,6笔深(3..18) 止盈5% 补满再亏10%止损 拿48根,0.9,0.94,,15894,20301,0,0.93,0.89,,
5m,CHoCH→OB,多,6笔深(3..18) 止盈5% 补满再亏5%止损 拿18根,0.83,0.89,,18400,23333,0,0.8,0.76,,
5m,CHoCH→OB,多,6笔深(3..18) 止盈5% 补满再亏5%止损 拿48根,0.87,0.96,,15894,20301,0,0.89,0.89,,
5m,CHoCH→OB,多,6笔深(3..18) 止盈8% 补满再亏10%止损 拿18根,0.82,0.88,,18400,23331,0,0.81,0.77,,
5m,CHoCH→OB,多,6笔深(3..18) 止盈8% 补满再亏10%止损 拿48根,0.89,0.95,,15878,20276,0,0.93,0.9,,
5m,CHoCH→OB,多,6笔深(3..18) 止盈8% 补满再亏5%止损 拿18根,0.82,0.89,,18400,23331,0,0.8,0.76,,
5m,CHoCH→OB,多,6笔深(3..18) 止盈8% 补满再亏5%止损 拿48根,0.86,0.97,,15878,20276,0,0.89,0.9,,
5m,CHoCH→OB,多,原版（结构止损、盈亏比2）,0.79,0.81,,18200,23071,0,0.81,0.76,,
5m,扫流动性+CHoCH市价,空,3笔1:1:1(3/6) 止盈2% 补满再亏10%止损 拿18根,0.74,0.7,,24476,30239,0,0.74,0.73,,
5m,扫流动性+CHoCH市价,空,3笔1:1:1(3/6) 止盈2% 补满再亏10%止损 拿48根,0.87,0.81,,21089,26087,0,0.82,0.84,,
5m,扫流动性+CHoCH市价,空,3笔1:1:1(3/6) 止盈2% 补满再亏5%止损 拿18根,0.73,0.7,,24476,30239,0,0.74,0.73,,
5m,扫流动性+CHoCH市价,空,3笔1:1:1(3/6) 止盈2% 补满再亏5%止损 拿48根,0.86,0.81,,21091,26093,0,0.82,0.84,,
5m,扫流动性+CHoCH市价,空,3笔1:1:1(3/6) 止盈3% 补满再亏10%止损 拿18根,0.73,0.71,,24458,30237,0,0.74,0.72,,
5m,扫流动性+CHoCH市价,空,3笔1:1:1(3/6) 止盈3% 补满再亏10%止损 拿48根,0.86,0.8,,20872,25885,0,0.81,0.84,,
5m,扫流动性+CHoCH市价,空,3笔1:1:1(3/6) 止盈3% 补满再亏5%止损 拿18根,0.73,0.7,,24458,30237,0,0.73,0.73,,
5m,扫流动性+CHoCH市价,空,3笔1:1:1(3/6) 止盈3% 补满再亏5%止损 拿48根,0.85,0.81,,20873,25891,0,0.81,0.84,,
5m,扫流动性+CHoCH市价,空,3笔1:1:1(3/6) 止盈5% 补满再亏10%止损 拿18根,0.72,0.7,,24457,30234,0,0.73,0.72,,
5m,扫流动性+CHoCH市价,空,3笔1:1:1(3/6) 止盈5% 补满再亏10%止损 拿48根,0.84,0.78,,20757,25775,0,0.8,0.83,,
5m,扫流动性+CHoCH市价,空,3笔1:1:1(3/6) 止盈5% 补满再亏5%止损 拿18根,0.72,0.7,,24457,30234,0,0.73,0.72,,
5m,扫流动性+CHoCH市价,空,3笔1:1:1(3/6) 止盈5% 补满再亏5%止损 拿48根,0.84,0.79,,20758,25781,0,0.8,0.83,,
5m,扫流动性+CHoCH市价,空,3笔1:1:1(3/6) 止盈8% 补满再亏10%止损 拿18根,0.71,0.7,,24457,30233,0,0.73,0.71,,
5m,扫流动性+CHoCH市价,空,3笔1:1:1(3/6) 止盈8% 补满再亏10%止损 拿48根,0.82,0.77,,20733,25758,0,0.79,0.83,,
5m,扫流动性+CHoCH市价,空,3笔1:1:1(3/6) 止盈8% 补满再亏5%止损 拿18根,0.71,0.7,,24457,30233,0,0.73,0.71,,
5m,扫流动性+CHoCH市价,空,3笔1:1:1(3/6) 止盈8% 补满再亏5%止损 拿48根,0.81,0.78,,20734,25765,0,0.79,0.83,,
5m,扫流动性+CHoCH市价,空,3笔1:1:2(3/6) 止盈2% 补满再亏10%止损 拿18根,0.74,0.71,,24476,30239,0,0.74,0.73,,
5m,扫流动性+CHoCH市价,空,3笔1:1:2(3/6) 止盈2% 补满再亏10%止损 拿48根,0.87,0.81,,21092,26091,0,0.81,0.84,,
5m,扫流动性+CHoCH市价,空,3笔1:1:2(3/6) 止盈2% 补满再亏5%止损 拿18根,0.73,0.7,,24476,30239,0,0.74,0.73,,
5m,扫流动性+CHoCH市价,空,3笔1:1:2(3/6) 止盈2% 补满再亏5%止损 拿48根,0.86,0.81,,21094,26096,0,0.81,0.84,,
5m,扫流动性+CHoCH市价,空,3笔1:1:2(3/6) 止盈3% 补满再亏10%止损 拿18根,0.73,0.71,,24458,30237,0,0.74,0.72,,
5m,扫流动性+CHoCH市价,空,3笔1:1:2(3/6) 止盈3% 补满再亏10%止损 拿48根,0.87,0.8,,20875,25887,0,0.81,0.84,,
5m,扫流动性+CHoCH市价,空,3笔1:1:2(3/6) 止盈3% 补满再亏5%止损 拿18根,0.73,0.71,,24458,30237,0,0.74,0.72,,
5m,扫流动性+CHoCH市价,空,3笔1:1:2(3/6) 止盈3% 补满再亏5%止损 拿48根,0.85,0.81,,20876,25893,0,0.81,0.84,,
5m,扫流动性+CHoCH市价,空,3笔1:1:2(3/6) 止盈5% 补满再亏10%止损 拿18根,0.72,0.71,,24457,30235,0,0.74,0.72,,
5m,扫流动性+CHoCH市价,空,3笔1:1:2(3/6) 止盈5% 补满再亏10%止损 拿48根,0.84,0.78,,20758,25776,0,0.79,0.83,,
5m,扫流动性+CHoCH市价,空,3笔1:1:2(3/6) 止盈5% 补满再亏5%止损 拿18根,0.72,0.7,,24457,30235,0,0.73,0.72,,
5m,扫流动性+CHoCH市价,空,3笔1:1:2(3/6) 止盈5% 补满再亏5%止损 拿48根,0.83,0.79,,20759,25782,0,0.8,0.83,,
5m,扫流动性+CHoCH市价,空,3笔1:1:2(3/6) 止盈8% 补满再亏10%止损 拿18根,0.71,0.7,,24457,30233,0,0.73,0.72,,
5m,扫流动性+CHoCH市价,空,3笔1:1:2(3/6) 止盈8% 补满再亏10%止损 拿48根,0.82,0.77,,20734,25758,0,0.79,0.83,,
5m,扫流动性+CHoCH市价,空,3笔1:1:2(3/6) 止盈8% 补满再亏5%止损 拿18根,0.71,0.7,,24457,30233,0,0.73,0.72,,
5m,扫流动性+CHoCH市价,空,3笔1:1:2(3/6) 止盈8% 补满再亏5%止损 拿48根,0.81,0.78,,20735,25765,0,0.79,0.83,,
5m,扫流动性+CHoCH市价,空,5笔1:1:2:2:4(2..8) 止盈2% 补满再亏10%止损 拿18根,0.73,0.71,,24479,30244,0,0.74,0.74,,
5m,扫流动性+CHoCH市价,空,5笔1:1:2:2:4(2..8) 止盈2% 补满再亏10%止损 拿48根,0.88,0.81,,21137,26151,0,0.8,0.84,,
5m,扫流动性+CHoCH市价,空,5笔1:1:2:2:4(2..8) 止盈2% 补满再亏5%止损 拿18根,0.73,0.71,,24479,30244,0,0.74,0.75,,
5m,扫流动性+CHoCH市价,空,5笔1:1:2:2:4(2..8) 止盈2% 补满再亏5%止损 拿48根,0.87,0.81,,21137,26153,0,0.79,0.84,,
5m,扫流动性+CHoCH市价,空,5笔1:1:2:2:4(2..8) 止盈3% 补满再亏10%止损 拿18根,0.72,0.72,,24467,30238,0,0.73,0.72,,
5m,扫流动性+CHoCH市价,空,5笔1:1:2:2:4(2..8) 止盈3% 补满再亏10%止损 拿48根,0.87,0.8,,20890,25913,0,0.81,0.83,,
5m,扫流动性+CHoCH市价,空,5笔1:1:2:2:4(2..8) 止盈3% 补满再亏5%止损 拿18根,0.73,0.72,,24467,30238,0,0.73,0.73,,
5m,扫流动性+CHoCH市价,空,5笔1:1:2:2:4(2..8) 止盈3% 补满再亏5%止损 拿48根,0.87,0.81,,20890,25915,0,0.8,0.83,,
5m,扫流动性+CHoCH市价,空,5笔1:1:2:2:4(2..8) 止盈5% 补满再亏10%止损 拿18根,0.72,0.7,,24457,30235,0,0.74,0.72,,
5m,扫流动性+CHoCH市价,空,5笔1:1:2:2:4(2..8) 止盈5% 补满再亏10%止损 拿48根,0.85,0.77,,20760,25779,0,0.79,0.83,,
5m,扫流动性+CHoCH市价,空,5笔1:1:2:2:4(2..8) 止盈5% 补满再亏5%止损 拿18根,0.72,0.71,,24457,30235,0,0.73,0.73,,
5m,扫流动性+CHoCH市价,空,5笔1:1:2:2:4(2..8) 止盈5% 补满再亏5%止损 拿48根,0.84,0.78,,20760,25780,0,0.79,0.83,,
5m,扫流动性+CHoCH市价,空,5笔1:1:2:2:4(2..8) 止盈8% 补满再亏10%止损 拿18根,0.71,0.7,,24457,30233,0,0.74,0.72,,
5m,扫流动性+CHoCH市价,空,5笔1:1:2:2:4(2..8) 止盈8% 补满再亏10%止损 拿48根,0.82,0.77,,20734,25757,0,0.78,0.83,,
5m,扫流动性+CHoCH市价,空,5笔1:1:2:2:4(2..8) 止盈8% 补满再亏5%止损 拿18根,0.71,0.7,,24457,30233,0,0.73,0.74,,
5m,扫流动性+CHoCH市价,空,5笔1:1:2:2:4(2..8) 止盈8% 补满再亏5%止损 拿48根,0.81,0.77,,20734,25759,0,0.77,0.84,,
5m,扫流动性+CHoCH市价,空,5笔等(2..8) 止盈2% 补满再亏10%止损 拿18根,0.73,0.7,,24478,30244,0,0.74,0.72,,
5m,扫流动性+CHoCH市价,空,5笔等(2..8) 止盈2% 补满再亏10%止损 拿48根,0.87,0.81,,21123,26129,0,0.81,0.83,,
5m,扫流动性+CHoCH市价,空,5笔等(2..8) 止盈2% 补满再亏5%止损 拿18根,0.73,0.7,,24478,30244,0,0.73,0.73,,
5m,扫流动性+CHoCH市价,空,5笔等(2..8) 止盈2% 补满再亏5%止损 拿48根,0.86,0.81,,21123,26131,0,0.81,0.83,,
5m,扫流动性+CHoCH市价,空,5笔等(2..8) 止盈3% 补满再亏10%止损 拿18根,0.72,0.7,,24464,30237,0,0.73,0.72,,
5m,扫流动性+CHoCH市价,空,5笔等(2..8) 止盈3% 补满再亏10%止损 拿48根,0.85,0.8,,20877,25900,0,0.81,0.83,,
5m,扫流动性+CHoCH市价,空,5笔等(2..8) 止盈3% 补满再亏5%止损 拿18根,0.72,0.7,,24464,30237,0,0.73,0.73,,
5m,扫流动性+CHoCH市价,空,5笔等(2..8) 止盈3% 补满再亏5%止损 拿48根,0.85,0.8,,20877,25902,0,0.81,0.83,,
5m,扫流动性+CHoCH市价,空,5笔等(2..8) 止盈5% 补满再亏10%止损 拿18根,0.71,0.7,,24457,30234,0,0.73,0.71,,
5m,扫流动性+CHoCH市价,空,5笔等(2..8) 止盈5% 补满再亏10%止损 拿48根,0.83,0.78,,20758,25775,0,0.8,0.82,,
5m,扫流动性+CHoCH市价,空,5笔等(2..8) 止盈5% 补满再亏5%止损 拿18根,0.71,0.7,,24457,30234,0,0.73,0.72,,
5m,扫流动性+CHoCH市价,空,5笔等(2..8) 止盈5% 补满再亏5%止损 拿48根,0.83,0.78,,20758,25776,0,0.8,0.82,,
5m,扫流动性+CHoCH市价,空,5笔等(2..8) 止盈8% 补满再亏10%止损 拿18根,0.7,0.69,,24457,30233,0,0.73,0.71,,
5m,扫流动性+CHoCH市价,空,5笔等(2..8) 止盈8% 补满再亏10%止损 拿48根,0.81,0.77,,20733,25757,0,0.78,0.82,,
5m,扫流动性+CHoCH市价,空,5笔等(2..8) 止盈8% 补满再亏5%止损 拿18根,0.71,0.69,,24457,30233,0,0.72,0.72,,
5m,扫流动性+CHoCH市价,空,5笔等(2..8) 止盈8% 补满再亏5%止损 拿48根,0.81,0.77,,20733,25759,0,0.78,0.83,,
5m,扫流动性+CHoCH市价,空,6笔深(3..18) 止盈2% 补满再亏10%止损 拿18根,0.74,0.71,,24476,30239,0,0.75,0.72,,
5m,扫流动性+CHoCH市价,空,6笔深(3..18) 止盈2% 补满再亏10%止损 拿48根,0.87,0.8,,21090,26090,0,0.82,0.83,,
5m,扫流动性+CHoCH市价,空,6笔深(3..18) 止盈2% 补满再亏5%止损 拿18根,0.74,0.71,,24476,30239,0,0.75,0.73,,
5m,扫流动性+CHoCH市价,空,6笔深(3..18) 止盈2% 补满再亏5%止损 拿48根,0.88,0.81,,21090,26090,0,0.82,0.84,,
5m,扫流动性+CHoCH市价,空,6笔深(3..18) 止盈3% 补满再亏10%止损 拿18根,0.72,0.71,,24458,30237,0,0.74,0.72,,
5m,扫流动性+CHoCH市价,空,6笔深(3..18) 止盈3% 补满再亏10%止损 拿48根,0.85,0.8,,20873,25885,0,0.81,0.83,,
5m,扫流动性+CHoCH市价,空,6笔深(3..18) 止盈3% 补满再亏5%止损 拿18根,0.73,0.71,,24458,30237,0,0.74,0.72,,
5m,扫流动性+CHoCH市价,空,6笔深(3..18) 止盈3% 补满再亏5%止损 拿48根,0.86,0.81,,20873,25885,0,0.82,0.84,,
5m,扫流动性+CHoCH市价,空,6笔深(3..18) 止盈5% 补满再亏10%止损 拿18根,0.72,0.7,,24457,30234,0,0.74,0.72,,
5m,扫流动性+CHoCH市价,空,6笔深(3..18) 止盈5% 补满再亏10%止损 拿48根,0.84,0.77,,20757,25773,0,0.79,0.82,,
5m,扫流动性+CHoCH市价,空,6笔深(3..18) 止盈5% 补满再亏5%止损 拿18根,0.72,0.7,,24457,30234,0,0.74,0.72,,
5m,扫流动性+CHoCH市价,空,6笔深(3..18) 止盈5% 补满再亏5%止损 拿48根,0.85,0.78,,20757,25773,0,0.8,0.83,,
5m,扫流动性+CHoCH市价,空,6笔深(3..18) 止盈8% 补满再亏10%止损 拿18根,0.71,0.7,,24457,30233,0,0.74,0.71,,
5m,扫流动性+CHoCH市价,空,6笔深(3..18) 止盈8% 补满再亏10%止损 拿48根,0.82,0.76,,20733,25756,0,0.77,0.82,,
5m,扫流动性+CHoCH市价,空,6笔深(3..18) 止盈8% 补满再亏5%止损 拿18根,0.71,0.7,,24457,30233,0,0.73,0.72,,
5m,扫流动性+CHoCH市价,空,6笔深(3..18) 止盈8% 补满再亏5%止损 拿48根,0.83,0.77,,20733,25756,0,0.79,0.83,,
5m,扫流动性+CHoCH市价,空,原版（结构止损、盈亏比2）,0.81,0.79,,23053,28456,0,0.79,0.8,,
5m,扫流动性+CHoCH市价,多,3笔1:1:1(3/6) 止盈2% 补满再亏10%止损 拿18根,0.74,0.67,,24421,30639,0,0.77,0.74,,
5m,扫流动性+CHoCH市价,多,3笔1:1:1(3/6) 止盈2% 补满再亏10%止损 拿48根,0.84,0.8,,21048,26388,0,0.87,0.84,,
5m,扫流动性+CHoCH市价,多,3笔1:1:1(3/6) 止盈2% 补满再亏5%止损 拿18根,0.74,0.67,,24421,30639,0,0.77,0.73,,
5m,扫流动性+CHoCH市价,多,3笔1:1:1(3/6) 止盈2% 补满再亏5%止损 拿48根,0.84,0.78,,21048,26390,0,0.87,0.83,,
5m,扫流动性+CHoCH市价,多,3笔1:1:1(3/6) 止盈3% 补满再亏10%止损 拿18根,0.74,0.67,,24414,30629,0,0.77,0.74,,
5m,扫流动性+CHoCH市价,多,3笔1:1:1(3/6) 止盈3% 补满再亏10%止损 拿48根,0.84,0.8,,20836,26137,0,0.88,0.85,,
5m,扫流动性+CHoCH市价,多,3笔1:1:1(3/6) 止盈3% 补满再亏5%止损 拿18根,0.74,0.67,,24414,30629,0,0.77,0.74,,
5m,扫流动性+CHoCH市价,多,3笔1:1:1(3/6) 止盈3% 补满再亏5%止损 拿48根,0.84,0.79,,20836,26140,0,0.88,0.84,,
5m,扫流动性+CHoCH市价,多,3笔1:1:1(3/6) 止盈5% 补满再亏10%止损 拿18根,0.75,0.68,,24409,30626,0,0.77,0.74,,
5m,扫流动性+CHoCH市价,多,3笔1:1:1(3/6) 止盈5% 补满再亏10%止损 拿48根,0.85,0.81,,20719,26021,0,0.87,0.86,,
5m,扫流动性+CHoCH市价,多,3笔1:1:1(3/6) 止盈5% 补满再亏5%止损 拿18根,0.75,0.68,,24409,30626,0,0.77,0.74,,
5m,扫流动性+CHoCH市价,多,3笔1:1:1(3/6) 止盈5% 补满再亏5%止损 拿48根,0.84,0.8,,20719,26023,0,0.88,0.84,,
5m,扫流动性+CHoCH市价,多,3笔1:1:1(3/6) 止盈8% 补满再亏10%止损 拿18根,0.76,0.68,,24409,30626,0,0.77,0.74,,
5m,扫流动性+CHoCH市价,多,3笔1:1:1(3/6) 止盈8% 补满再亏10%止损 拿48根,0.86,0.8,,20699,25998,0,0.88,0.86,,
5m,扫流动性+CHoCH市价,多,3笔1:1:1(3/6) 止盈8% 补满再亏5%止损 拿18根,0.76,0.68,,24409,30626,0,0.78,0.74,,
5m,扫流动性+CHoCH市价,多,3笔1:1:1(3/6) 止盈8% 补满再亏5%止损 拿48根,0.86,0.79,,20699,26000,0,0.89,0.85,,
5m,扫流动性+CHoCH市价,多,3笔1:1:2(3/6) 止盈2% 补满再亏10%止损 拿18根,0.74,0.67,,24421,30639,0,0.77,0.74,,
5m,扫流动性+CHoCH市价,多,3笔1:1:2(3/6) 止盈2% 补满再亏10%止损 拿48根,0.85,0.81,,21054,26397,0,0.88,0.85,,
5m,扫流动性+CHoCH市价,多,3笔1:1:2(3/6) 止盈2% 补满再亏5%止损 拿18根,0.74,0.67,,24421,30639,0,0.78,0.74,,
5m,扫流动性+CHoCH市价,多,3笔1:1:2(3/6) 止盈2% 补满再亏5%止损 拿48根,0.84,0.79,,21054,26398,0,0.88,0.84,,
5m,扫流动性+CHoCH市价,多,3笔1:1:2(3/6) 止盈3% 补满再亏10%止损 拿18根,0.74,0.67,,24414,30629,0,0.78,0.75,,
5m,扫流动性+CHoCH市价,多,3笔1:1:2(3/6) 止盈3% 补满再亏10%止损 拿48根,0.85,0.81,,20837,26142,0,0.9,0.86,,
5m,扫流动性+CHoCH市价,多,3笔1:1:2(3/6) 止盈3% 补满再亏5%止损 拿18根,0.74,0.66,,24414,30629,0,0.78,0.75,,
5m,扫流动性+CHoCH市价,多,3笔1:1:2(3/6) 止盈3% 补满再亏5%止损 拿48根,0.84,0.79,,20837,26145,0,0.9,0.85,,
5m,扫流动性+CHoCH市价,多,3笔1:1:2(3/6) 止盈5% 补满再亏10%止损 拿18根,0.75,0.68,,24409,30626,0,0.78,0.75,,
5m,扫流动性+CHoCH市价,多,3笔1:1:2(3/6) 止盈5% 补满再亏10%止损 拿48根,0.85,0.82,,20723,26021,0,0.89,0.87,,
5m,扫流动性+CHoCH市价,多,3笔1:1:2(3/6) 止盈5% 补满再亏5%止损 拿18根,0.75,0.68,,24409,30626,0,0.78,0.75,,
5m,扫流动性+CHoCH市价,多,3笔1:1:2(3/6) 止盈5% 补满再亏5%止损 拿48根,0.85,0.81,,20723,26023,0,0.9,0.86,,
5m,扫流动性+CHoCH市价,多,3笔1:1:2(3/6) 止盈8% 补满再亏10%止损 拿18根,0.76,0.68,,24409,30626,0,0.78,0.75,,
5m,扫流动性+CHoCH市价,多,3笔1:1:2(3/6) 止盈8% 补满再亏10%止损 拿48根,0.87,0.82,,20699,25999,0,0.89,0.87,,
5m,扫流动性+CHoCH市价,多,3笔1:1:2(3/6) 止盈8% 补满再亏5%止损 拿18根,0.76,0.68,,24409,30626,0,0.78,0.75,,
5m,扫流动性+CHoCH市价,多,3笔1:1:2(3/6) 止盈8% 补满再亏5%止损 拿48根,0.86,0.8,,20699,26001,0,0.9,0.85,,
5m,扫流动性+CHoCH市价,多,5笔1:1:2:2:4(2..8) 止盈2% 补满再亏10%止损 拿18根,0.74,0.68,,24427,30645,0,0.78,0.78,,
5m,扫流动性+CHoCH市价,多,5笔1:1:2:2:4(2..8) 止盈2% 补满再亏10%止损 拿48根,0.89,0.84,,21089,26433,0,0.9,0.9,,
5m,扫流动性+CHoCH市价,多,5笔1:1:2:2:4(2..8) 止盈2% 补满再亏5%止损 拿18根,0.74,0.67,,24427,30645,0,0.8,0.77,,
5m,扫流动性+CHoCH市价,多,5笔1:1:2:2:4(2..8) 止盈2% 补满再亏5%止损 拿48根,0.89,0.83,,21089,26433,0,0.93,0.88,,
5m,扫流动性+CHoCH市价,多,5笔1:1:2:2:4(2..8) 止盈3% 补满再亏10%止损 拿18根,0.75,0.67,,24413,30629,0,0.79,0.78,,
5m,扫流动性+CHoCH市价,多,5笔1:1:2:2:4(2..8) 止盈3% 补满再亏10%止损 拿48根,0.89,0.85,,20868,26166,0,0.92,0.91,,
5m,扫流动性+CHoCH市价,多,5笔1:1:2:2:4(2..8) 止盈3% 补满再亏5%止损 拿18根,0.75,0.67,,24413,30629,0,0.81,0.78,,
5m,扫流动性+CHoCH市价,多,5笔1:1:2:2:4(2..8) 止盈3% 补满再亏5%止损 拿48根,0.88,0.83,,20868,26166,0,0.96,0.89,,
5m,扫流动性+CHoCH市价,多,5笔1:1:2:2:4(2..8) 止盈5% 补满再亏10%止损 拿18根,0.76,0.69,,24409,30626,0,0.8,0.79,,
5m,扫流动性+CHoCH市价,多,5笔1:1:2:2:4(2..8) 止盈5% 补满再亏10%止损 拿48根,0.9,0.86,,20726,26027,0,0.93,0.92,,
5m,扫流动性+CHoCH市价,多,5笔1:1:2:2:4(2..8) 止盈5% 补满再亏5%止损 拿18根,0.76,0.68,,24409,30626,0,0.82,0.79,,
5m,扫流动性+CHoCH市价,多,5笔1:1:2:2:4(2..8) 止盈5% 补满再亏5%止损 拿48根,0.89,0.85,,20726,26028,0,0.96,0.89,,
5m,扫流动性+CHoCH市价,多,5笔1:1:2:2:4(2..8) 止盈8% 补满再亏10%止损 拿18根,0.77,0.69,,24409,30626,0,0.8,0.79,,
5m,扫流动性+CHoCH市价,多,5笔1:1:2:2:4(2..8) 止盈8% 补满再亏10%止损 拿48根,0.91,0.86,,20699,25999,0,0.92,0.92,,
5m,扫流动性+CHoCH市价,多,5笔1:1:2:2:4(2..8) 止盈8% 补满再亏5%止损 拿18根,0.77,0.68,,24409,30626,0,0.81,0.78,,
5m,扫流动性+CHoCH市价,多,5笔1:1:2:2:4(2..8) 止盈8% 补满再亏5%止损 拿48根,0.91,0.84,,20699,26000,0,0.95,0.89,,
5m,扫流动性+CHoCH市价,多,5笔等(2..8) 止盈2% 补满再亏10%止损 拿18根,0.74,0.67,,24427,30645,0,0.77,0.75,,
5m,扫流动性+CHoCH市价,多,5笔等(2..8) 止盈2% 补满再亏10%止损 拿48根,0.86,0.8,,21081,26419,0,0.87,0.86,,
5m,扫流动性+CHoCH市价,多,5笔等(2..8) 止盈2% 补满再亏5%止损 拿18根,0.74,0.66,,24427,30645,0,0.78,0.75,,
5m,扫流动性+CHoCH市价,多,5笔等(2..8) 止盈2% 补满再亏5%止损 拿48根,0.86,0.79,,21081,26419,0,0.89,0.85,,
5m,扫流动性+CHoCH市价,多,5笔等(2..8) 止盈3% 补满再亏10%止损 拿18根,0.75,0.67,,24413,30629,0,0.78,0.76,,
5m,扫流动性+CHoCH市价,多,5笔等(2..8) 止盈3% 补满再亏10%止损 拿48根,0.85,0.81,,20858,26145,0,0.89,0.87,,
5m,扫流动性+CHoCH市价,多,5笔等(2..8) 止盈3% 补满再亏5%止损 拿18根,0.75,0.66,,24413,30629,0,0.79,0.75,,
5m,扫流动性+CHoCH市价,多,5笔等(2..8) 止盈3% 补满再亏5%止损 拿48根,0.85,0.8,,20858,26146,0,0.91,0.86,,
5m,扫流动性+CHoCH市价,多,5笔等(2..8) 止盈5% 补满再亏10%止损 拿18根,0.75,0.68,,24409,30626,0,0.78,0.76,,
5m,扫流动性+CHoCH市价,多,5笔等(2..8) 止盈5% 补满再亏10%止损 拿48根,0.87,0.82,,20722,26025,0,0.89,0.87,,
5m,扫流动性+CHoCH市价,多,5笔等(2..8) 止盈5% 补满再亏5%止损 拿18根,0.75,0.67,,24409,30626,0,0.78,0.76,,
5m,扫流动性+CHoCH市价,多,5笔等(2..8) 止盈5% 补满再亏5%止损 拿48根,0.86,0.82,,20722,26026,0,0.91,0.86,,
5m,扫流动性+CHoCH市价,多,5笔等(2..8) 止盈8% 补满再亏10%止损 拿18根,0.76,0.68,,24409,30626,0,0.78,0.76,,
5m,扫流动性+CHoCH市价,多,5笔等(2..8) 止盈8% 补满再亏10%止损 拿48根,0.88,0.82,,20699,25998,0,0.9,0.87,,
5m,扫流动性+CHoCH市价,多,5笔等(2..8) 止盈8% 补满再亏5%止损 拿18根,0.76,0.68,,24409,30626,0,0.79,0.75,,
5m,扫流动性+CHoCH市价,多,5笔等(2..8) 止盈8% 补满再亏5%止损 拿48根,0.87,0.81,,20699,25999,0,0.91,0.86,,
5m,扫流动性+CHoCH市价,多,6笔深(3..18) 止盈2% 补满再亏10%止损 拿18根,0.74,0.68,,24421,30639,0,0.79,0.75,,
5m,扫流动性+CHoCH市价,多,6笔深(3..18) 止盈2% 补满再亏10%止损 拿48根,0.85,0.8,,21049,26392,0,0.9,0.85,,
5m,扫流动性+CHoCH市价,多,6笔深(3..18) 止盈2% 补满再亏5%止损 拿18根,0.74,0.68,,24421,30639,0,0.78,0.75,,
5m,扫流动性+CHoCH市价,多,6笔深(3..18) 止盈2% 补满再亏5%止损 拿48根,0.85,0.81,,21049,26392,0,0.87,0.85,,
5m,扫流动性+CHoCH市价,多,6笔深(3..18) 止盈3% 补满再亏10%止损 拿18根,0.74,0.68,,24414,30629,0,0.8,0.76,,
5m,扫流动性+CHoCH市价,多,6笔深(3..18) 止盈3% 补满再亏10%止损 拿48根,0.85,0.81,,20837,26141,0,0.92,0.87,,
5m,扫流动性+CHoCH市价,多,6笔深(3..18) 止盈3% 补满再亏5%止损 拿18根,0.74,0.68,,24414,30629,0,0.79,0.76,,
5m,扫流动性+CHoCH市价,多,6笔深(3..18) 止盈3% 补满再亏5%止损 拿48根,0.85,0.82,,20837,26141,0,0.89,0.87,,
5m,扫流动性+CHoCH市价,多,6笔深(3..18) 止盈5% 补满再亏10%止损 拿18根,0.75,0.69,,24409,30626,0,0.81,0.76,,
5m,扫流动性+CHoCH市价,多,6笔深(3..18) 止盈5% 补满再亏10%止损 拿48根,0.86,0.83,,20719,26022,0,0.93,0.89,,
5m,扫流动性+CHoCH市价,多,6笔深(3..18) 止盈5% 补满再亏5%止损 拿18根,0.75,0.69,,24409,30626,0,0.8,0.76,,
5m,扫流动性+CHoCH市价,多,6笔深(3..18) 止盈5% 补满再亏5%止损 拿48根,0.86,0.84,,20719,26022,0,0.89,0.89,,
5m,扫流动性+CHoCH市价,多,6笔深(3..18) 止盈8% 补满再亏10%止损 拿18根,0.76,0.69,,24409,30626,0,0.81,0.77,,
5m,扫流动性+CHoCH市价,多,6笔深(3..18) 止盈8% 补满再亏10%止损 拿48根,0.87,0.82,,20699,25998,0,0.93,0.9,,
5m,扫流动性+CHoCH市价,多,6笔深(3..18) 止盈8% 补满再亏5%止损 拿18根,0.76,0.69,,24409,30626,0,0.8,0.76,,
5m,扫流动性+CHoCH市价,多,6笔深(3..18) 止盈8% 补满再亏5%止损 拿48根,0.87,0.83,,20699,25998,0,0.89,0.9,,
5m,扫流动性+CHoCH市价,多,原版（结构止损、盈亏比2）,0.82,0.77,,22858,28771,0,0.81,0.76,,
5m,扫流动性+CHoCH→FVG,空,3笔1:1:1(3/6) 止盈2% 补满再亏10%止损 拿18根,0.82,0.83,,13386,15824,0,0.74,0.73,,
5m,扫流动性+CHoCH→FVG,空,3笔1:1:1(3/6) 止盈2% 补满再亏10%止损 拿48根,0.9,0.86,,12188,14504,0,0.82,0.84,,
5m,扫流动性+CHoCH→FVG,空,3笔1:1:1(3/6) 止盈2% 补满再亏5%止损 拿18根,0.81,0.83,,13386,15824,0,0.74,0.73,,
5m,扫流动性+CHoCH→FVG,空,3笔1:1:1(3/6) 止盈2% 补满再亏5%止损 拿48根,0.88,0.87,,12188,14505,0,0.82,0.84,,
5m,扫流动性+CHoCH→FVG,空,3笔1:1:1(3/6) 止盈3% 补满再亏10%止损 拿18根,0.81,0.82,,13369,15814,0,0.74,0.72,,
5m,扫流动性+CHoCH→FVG,空,3笔1:1:1(3/6) 止盈3% 补满再亏10%止损 拿48根,0.88,0.85,,12063,14381,0,0.81,0.84,,
5m,扫流动性+CHoCH→FVG,空,3笔1:1:1(3/6) 止盈3% 补满再亏5%止损 拿18根,0.8,0.82,,13369,15814,0,0.73,0.73,,
5m,扫流动性+CHoCH→FVG,空,3笔1:1:1(3/6) 止盈3% 补满再亏5%止损 拿48根,0.87,0.86,,12063,14382,0,0.81,0.84,,
5m,扫流动性+CHoCH→FVG,空,3笔1:1:1(3/6) 止盈5% 补满再亏10%止损 拿18根,0.8,0.81,,13364,15807,0,0.73,0.72,,
5m,扫流动性+CHoCH→FVG,空,3笔1:1:1(3/6) 止盈5% 补满再亏10%止损 拿48根,0.86,0.86,,12012,14326,0,0.8,0.83,,
5m,扫流动性+CHoCH→FVG,空,3笔1:1:1(3/6) 止盈5% 补满再亏5%止损 拿18根,0.8,0.8,,13364,15807,0,0.73,0.72,,
5m,扫流动性+CHoCH→FVG,空,3笔1:1:1(3/6) 止盈5% 补满再亏5%止损 拿48根,0.85,0.86,,12012,14327,0,0.8,0.83,,
5m,扫流动性+CHoCH→FVG,空,3笔1:1:1(3/6) 止盈8% 补满再亏10%止损 拿18根,0.79,0.81,,13364,15807,0,0.73,0.71,,
5m,扫流动性+CHoCH→FVG,空,3笔1:1:1(3/6) 止盈8% 补满再亏10%止损 拿48根,0.84,0.86,,12004,14313,0,0.79,0.83,,
5m,扫流动性+CHoCH→FVG,空,3笔1:1:1(3/6) 止盈8% 补满再亏5%止损 拿18根,0.79,0.8,,13364,15807,0,0.73,0.71,,
5m,扫流动性+CHoCH→FVG,空,3笔1:1:1(3/6) 止盈8% 补满再亏5%止损 拿48根,0.83,0.86,,12004,14314,0,0.79,0.83,,
5m,扫流动性+CHoCH→FVG,空,3笔1:1:2(3/6) 止盈2% 补满再亏10%止损 拿18根,0.82,0.84,,13386,15824,0,0.74,0.73,,
5m,扫流动性+CHoCH→FVG,空,3笔1:1:2(3/6) 止盈2% 补满再亏10%止损 拿48根,0.9,0.85,,12189,14505,0,0.81,0.84,,
5m,扫流动性+CHoCH→FVG,空,3笔1:1:2(3/6) 止盈2% 补满再亏5%止损 拿18根,0.82,0.83,,13386,15824,0,0.74,0.73,,
5m,扫流动性+CHoCH→FVG,空,3笔1:1:2(3/6) 止盈2% 补满再亏5%止损 拿48根,0.89,0.86,,12189,14506,0,0.81,0.84,,
5m,扫流动性+CHoCH→FVG,空,3笔1:1:2(3/6) 止盈3% 补满再亏10%止损 拿18根,0.81,0.83,,13369,15814,0,0.74,0.72,,
5m,扫流动性+CHoCH→FVG,空,3笔1:1:2(3/6) 止盈3% 补满再亏10%止损 拿48根,0.89,0.84,,12064,14383,0,0.81,0.84,,
5m,扫流动性+CHoCH→FVG,空,3笔1:1:2(3/6) 止盈3% 补满再亏5%止损 拿18根,0.81,0.82,,13369,15814,0,0.74,0.72,,
5m,扫流动性+CHoCH→FVG,空,3笔1:1:2(3/6) 止盈3% 补满再亏5%止损 拿48根,0.87,0.86,,12064,14384,0,0.81,0.84,,
5m,扫流动性+CHoCH→FVG,空,3笔1:1:2(3/6) 止盈5% 补满再亏10%止损 拿18根,0.8,0.82,,13364,15807,0,0.74,0.72,,
5m,扫流动性+CHoCH→FVG,空,3笔1:1:2(3/6) 止盈5% 补满再亏10%止损 拿48根,0.87,0.85,,12012,14326,0,0.79,0.83,,
5m,扫流动性+CHoCH→FVG,空,3笔1:1:2(3/6) 止盈5% 补满再亏5%止损 拿18根,0.8,0.81,,13364,15807,0,0.73,0.72,,
5m,扫流动性+CHoCH→FVG,空,3笔1:1:2(3/6) 止盈5% 补满再亏5%止损 拿48根,0.85,0.86,,12012,14327,0,0.8,0.83,,
5m,扫流动性+CHoCH→FVG,空,3笔1:1:2(3/6) 止盈8% 补满再亏10%止损 拿18根,0.8,0.81,,13364,15807,0,0.73,0.72,,
5m,扫流动性+CHoCH→FVG,空,3笔1:1:2(3/6) 止盈8% 补满再亏10%止损 拿48根,0.85,0.85,,12004,14313,0,0.79,0.83,,
5m,扫流动性+CHoCH→FVG,空,3笔1:1:2(3/6) 止盈8% 补满再亏5%止损 拿18根,0.79,0.8,,13364,15807,0,0.73,0.72,,
5m,扫流动性+CHoCH→FVG,空,3笔1:1:2(3/6) 止盈8% 补满再亏5%止损 拿48根,0.83,0.86,,12004,14314,0,0.79,0.83,,
5m,扫流动性+CHoCH→FVG,空,5笔1:1:2:2:4(2..8) 止盈2% 补满再亏10%止损 拿18根,0.81,0.85,,13387,15824,0,0.74,0.74,,
5m,扫流动性+CHoCH→FVG,空,5笔1:1:2:2:4(2..8) 止盈2% 补满再亏10%止损 拿48根,0.89,0.82,,12212,14524,0,0.8,0.84,,
5m,扫流动性+CHoCH→FVG,空,5笔1:1:2:2:4(2..8) 止盈2% 补满再亏5%止损 拿18根,0.8,0.85,,13387,15824,0,0.74,0.75,,
5m,扫流动性+CHoCH→FVG,空,5笔1:1:2:2:4(2..8) 止盈2% 补满再亏5%止损 拿48根,0.9,0.82,,12212,14524,0,0.79,0.84,,
5m,扫流动性+CHoCH→FVG,空,5笔1:1:2:2:4(2..8) 止盈3% 补满再亏10%止损 拿18根,0.8,0.84,,13370,15814,0,0.73,0.72,,
5m,扫流动性+CHoCH→FVG,空,5笔1:1:2:2:4(2..8) 止盈3% 补满再亏10%止损 拿48根,0.9,0.81,,12073,14394,0,0.81,0.83,,
5m,扫流动性+CHoCH→FVG,空,5笔1:1:2:2:4(2..8) 止盈3% 补满再亏5%止损 拿18根,0.8,0.84,,13370,15814,0,0.73,0.73,,
5m,扫流动性+CHoCH→FVG,空,5笔1:1:2:2:4(2..8) 止盈3% 补满再亏5%止损 拿48根,0.91,0.81,,12073,14394,0,0.8,0.83,,
5m,扫流动性+CHoCH→FVG,空,5笔1:1:2:2:4(2..8) 止盈5% 补满再亏10%止损 拿18根,0.8,0.84,,13364,15807,0,0.74,0.72,,
5m,扫流动性+CHoCH→FVG,空,5笔1:1:2:2:4(2..8) 止盈5% 补满再亏10%止损 拿48根,0.87,0.82,,12013,14328,0,0.79,0.83,,
5m,扫流动性+CHoCH→FVG,空,5笔1:1:2:2:4(2..8) 止盈5% 补满再亏5%止损 拿18根,0.8,0.84,,13364,15807,0,0.73,0.73,,
5m,扫流动性+CHoCH→FVG,空,5笔1:1:2:2:4(2..8) 止盈5% 补满再亏5%止损 拿48根,0.88,0.82,,12013,14328,0,0.79,0.83,,
5m,扫流动性+CHoCH→FVG,空,5笔1:1:2:2:4(2..8) 止盈8% 补满再亏10%止损 拿18根,0.8,0.83,,13364,15807,0,0.74,0.72,,
5m,扫流动性+CHoCH→FVG,空,5笔1:1:2:2:4(2..8) 止盈8% 补满再亏10%止损 拿48根,0.85,0.82,,12004,14313,0,0.78,0.83,,
5m,扫流动性+CHoCH→FVG,空,5笔1:1:2:2:4(2..8) 止盈8% 补满再亏5%止损 拿18根,0.8,0.83,,13364,15807,0,0.73,0.74,,
5m,扫流动性+CHoCH→FVG,空,5笔1:1:2:2:4(2..8) 止盈8% 补满再亏5%止损 拿48根,0.86,0.82,,12004,14313,0,0.77,0.84,,
5m,扫流动性+CHoCH→FVG,空,5笔等(2..8) 止盈2% 补满再亏10%止损 拿18根,0.8,0.83,,13387,15824,0,0.74,0.72,,
5m,扫流动性+CHoCH→FVG,空,5笔等(2..8) 止盈2% 补满再亏10%止损 拿48根,0.88,0.84,,12208,14520,0,0.81,0.83,,
5m,扫流动性+CHoCH→FVG,空,5笔等(2..8) 止盈2% 补满再亏5%止损 拿18根,0.8,0.83,,13387,15824,0,0.73,0.73,,
5m,扫流动性+CHoCH→FVG,空,5笔等(2..8) 止盈2% 补满再亏5%止损 拿48根,0.89,0.84,,12208,14520,0,0.81,0.83,,
5m,扫流动性+CHoCH→FVG,空,5笔等(2..8) 止盈3% 补满再亏10%止损 拿18根,0.79,0.83,,13370,15814,0,0.73,0.72,,
5m,扫流动性+CHoCH→FVG,空,5笔等(2..8) 止盈3% 补满再亏10%止损 拿48根,0.89,0.82,,12072,14389,0,0.81,0.83,,
5m,扫流动性+CHoCH→FVG,空,5笔等(2..8) 止盈3% 补满再亏5%止损 拿18根,0.79,0.83,,13370,15814,0,0.73,0.73,,
5m,扫流动性+CHoCH→FVG,空,5笔等(2..8) 止盈3% 补满再亏5%止损 拿48根,0.89,0.83,,12072,14389,0,0.81,0.83,,
5m,扫流动性+CHoCH→FVG,空,5笔等(2..8) 止盈5% 补满再亏10%止损 拿18根,0.78,0.81,,13364,15807,0,0.73,0.71,,
5m,扫流动性+CHoCH→FVG,空,5笔等(2..8) 止盈5% 补满再亏10%止损 拿48根,0.86,0.83,,12012,14327,0,0.8,0.82,,
5m,扫流动性+CHoCH→FVG,空,5笔等(2..8) 止盈5% 补满再亏5%止损 拿18根,0.78,0.81,,13364,15807,0,0.73,0.72,,
5m,扫流动性+CHoCH→FVG,空,5笔等(2..8) 止盈5% 补满再亏5%止损 拿48根,0.86,0.83,,12012,14327,0,0.8,0.82,,
5m,扫流动性+CHoCH→FVG,空,5笔等(2..8) 止盈8% 补满再亏10%止损 拿18根,0.78,0.81,,13364,15807,0,0.73,0.71,,
5m,扫流动性+CHoCH→FVG,空,5笔等(2..8) 止盈8% 补满再亏10%止损 拿48根,0.84,0.84,,12004,14313,0,0.78,0.82,,
5m,扫流动性+CHoCH→FVG,空,5笔等(2..8) 止盈8% 补满再亏5%止损 拿18根,0.78,0.81,,13364,15807,0,0.72,0.72,,
5m,扫流动性+CHoCH→FVG,空,5笔等(2..8) 止盈8% 补满再亏5%止损 拿48根,0.84,0.84,,12004,14313,0,0.78,0.83,,
5m,扫流动性+CHoCH→FVG,空,6笔深(3..18) 止盈2% 补满再亏10%止损 拿18根,0.8,0.84,,13386,15824,0,0.75,0.72,,
5m,扫流动性+CHoCH→FVG,空,6笔深(3..18) 止盈2% 补满再亏10%止损 拿48根,0.86,0.83,,12188,14504,0,0.82,0.83,,
5m,扫流动性+CHoCH→FVG,空,6笔深(3..18) 止盈2% 补满再亏5%止损 拿18根,0.82,0.84,,13386,15824,0,0.75,0.73,,
5m,扫流动性+CHoCH→FVG,空,6笔深(3..18) 止盈2% 补满再亏5%止损 拿48根,0.89,0.84,,12188,14504,0,0.82,0.84,,
5m,扫流动性+CHoCH→FVG,空,6笔深(3..18) 止盈3% 补满再亏10%止损 拿18根,0.8,0.83,,13369,15814,0,0.74,0.72,,
5m,扫流动性+CHoCH→FVG,空,6笔深(3..18) 止盈3% 补满再亏10%止损 拿48根,0.86,0.8,,12063,14381,0,0.81,0.83,,
5m,扫流动性+CHoCH→FVG,空,6笔深(3..18) 止盈3% 补满再亏5%止损 拿18根,0.81,0.82,,13369,15814,0,0.74,0.72,,
5m,扫流动性+CHoCH→FVG,空,6笔深(3..18) 止盈3% 补满再亏5%止损 拿48根,0.88,0.82,,12063,14381,0,0.82,0.84,,
5m,扫流动性+CHoCH→FVG,空,6笔深(3..18) 止盈5% 补满再亏10%止损 拿18根,0.79,0.81,,13364,15807,0,0.74,0.72,,
5m,扫流动性+CHoCH→FVG,空,6笔深(3..18) 止盈5% 补满再亏10%止损 拿48根,0.86,0.82,,12012,14326,0,0.79,0.82,,
5m,扫流动性+CHoCH→FVG,空,6笔深(3..18) 止盈5% 补满再亏5%止损 拿18根,0.8,0.81,,13364,15807,0,0.74,0.72,,
5m,扫流动性+CHoCH→FVG,空,6笔深(3..18) 止盈5% 补满再亏5%止损 拿48根,0.87,0.84,,12012,14326,0,0.8,0.83,,
5m,扫流动性+CHoCH→FVG,空,6笔深(3..18) 止盈8% 补满再亏10%止损 拿18根,0.78,0.81,,13364,15807,0,0.74,0.71,,
5m,扫流动性+CHoCH→FVG,空,6笔深(3..18) 止盈8% 补满再亏10%止损 拿48根,0.83,0.82,,12004,14313,0,0.77,0.82,,
5m,扫流动性+CHoCH→FVG,空,6笔深(3..18) 止盈8% 补满再亏5%止损 拿18根,0.79,0.8,,13364,15807,0,0.73,0.72,,
5m,扫流动性+CHoCH→FVG,空,6笔深(3..18) 止盈8% 补满再亏5%止损 拿48根,0.85,0.84,,12004,14313,0,0.79,0.83,,
5m,扫流动性+CHoCH→FVG,空,原版（结构止损、盈亏比2）,0.84,0.88,,12916,15267,0,0.79,0.8,,
5m,扫流动性+CHoCH→FVG,多,3笔1:1:1(3/6) 止盈2% 补满再亏10%止损 拿18根,0.86,0.81,,13432,15956,0,0.77,0.74,,
5m,扫流动性+CHoCH→FVG,多,3笔1:1:1(3/6) 止盈2% 补满再亏10%止损 拿48根,0.9,0.92,,12277,14603,0,0.87,0.84,,
5m,扫流动性+CHoCH→FVG,多,3笔1:1:1(3/6) 止盈2% 补满再亏5%止损 拿18根,0.86,0.8,,13432,15956,0,0.77,0.73,,
5m,扫流动性+CHoCH→FVG,多,3笔1:1:1(3/6) 止盈2% 补满再亏5%止损 拿48根,0.9,0.91,,12278,14603,0,0.87,0.83,,
5m,扫流动性+CHoCH→FVG,多,3笔1:1:1(3/6) 止盈3% 补满再亏10%止损 拿18根,0.87,0.8,,13416,15944,0,0.77,0.74,,
5m,扫流动性+CHoCH→FVG,多,3笔1:1:1(3/6) 止盈3% 补满再亏10%止损 拿48根,0.89,0.93,,12150,14475,0,0.88,0.85,,
5m,扫流动性+CHoCH→FVG,多,3笔1:1:1(3/6) 止盈3% 补满再亏5%止损 拿18根,0.86,0.79,,13416,15944,0,0.77,0.74,,
5m,扫流动性+CHoCH→FVG,多,3笔1:1:1(3/6) 止盈3% 补满再亏5%止损 拿48根,0.89,0.92,,12151,14475,0,0.88,0.84,,
5m,扫流动性+CHoCH→FVG,多,3笔1:1:1(3/6) 止盈5% 补满再亏10%止损 拿18根,0.87,0.8,,13408,15938,0,0.77,0.74,,
5m,扫流动性+CHoCH→FVG,多,3笔1:1:1(3/6) 止盈5% 补满再亏10%止损 拿48根,0.88,0.93,,12082,14411,0,0.87,0.86,,
5m,扫流动性+CHoCH→FVG,多,3笔1:1:1(3/6) 止盈5% 补满再亏5%止损 拿18根,0.86,0.79,,13408,15938,0,0.77,0.74,,
5m,扫流动性+CHoCH→FVG,多,3笔1:1:1(3/6) 止盈5% 补满再亏5%止损 拿48根,0.89,0.91,,12083,14411,0,0.88,0.84,,
5m,扫流动性+CHoCH→FVG,多,3笔1:1:1(3/6) 止盈8% 补满再亏10%止损 拿18根,0.87,0.8,,13408,15935,0,0.77,0.74,,
5m,扫流动性+CHoCH→FVG,多,3笔1:1:1(3/6) 止盈8% 补满再亏10%止损 拿48根,0.89,0.94,,12070,14397,0,0.88,0.86,,
5m,扫流动性+CHoCH→FVG,多,3笔1:1:1(3/6) 止盈8% 补满再亏5%止损 拿18根,0.87,0.79,,13408,15935,0,0.78,0.74,,
5m,扫流动性+CHoCH→FVG,多,3笔1:1:1(3/6) 止盈8% 补满再亏5%止损 拿48根,0.89,0.92,,12071,14397,0,0.89,0.85,,
5m,扫流动性+CHoCH→FVG,多,3笔1:1:2(3/6) 止盈2% 补满再亏10%止损 拿18根,0.87,0.81,,13432,15956,0,0.77,0.74,,
5m,扫流动性+CHoCH→FVG,多,3笔1:1:2(3/6) 止盈2% 补满再亏10%止损 拿48根,0.9,0.93,,12278,14604,0,0.88,0.85,,
5m,扫流动性+CHoCH→FVG,多,3笔1:1:2(3/6) 止盈2% 补满再亏5%止损 拿18根,0.87,0.81,,13432,15956,0,0.78,0.74,,
5m,扫流动性+CHoCH→FVG,多,3笔1:1:2(3/6) 止盈2% 补满再亏5%止损 拿48根,0.9,0.92,,12278,14604,0,0.88,0.84,,
5m,扫流动性+CHoCH→FVG,多,3笔1:1:2(3/6) 止盈3% 补满再亏10%止损 拿18根,0.87,0.8,,13416,15944,0,0.78,0.75,,
5m,扫流动性+CHoCH→FVG,多,3笔1:1:2(3/6) 止盈3% 补满再亏10%止损 拿48根,0.89,0.94,,12150,14476,0,0.9,0.86,,
5m,扫流动性+CHoCH→FVG,多,3笔1:1:2(3/6) 止盈3% 补满再亏5%止损 拿18根,0.87,0.8,,13416,15944,0,0.78,0.75,,
5m,扫流动性+CHoCH→FVG,多,3笔1:1:2(3/6) 止盈3% 补满再亏5%止损 拿48根,0.89,0.92,,12151,14476,0,0.9,0.85,,
5m,扫流动性+CHoCH→FVG,多,3笔1:1:2(3/6) 止盈5% 补满再亏10%止损 拿18根,0.87,0.8,,13408,15938,0,0.78,0.75,,
5m,扫流动性+CHoCH→FVG,多,3笔1:1:2(3/6) 止盈5% 补满再亏10%止损 拿48根,0.88,0.94,,12082,14413,0,0.89,0.87,,
5m,扫流动性+CHoCH→FVG,多,3笔1:1:2(3/6) 止盈5% 补满再亏5%止损 拿18根,0.87,0.8,,13408,15938,0,0.78,0.75,,
5m,扫流动性+CHoCH→FVG,多,3笔1:1:2(3/6) 止盈5% 补满再亏5%止损 拿48根,0.89,0.92,,12083,14413,0,0.9,0.86,,
5m,扫流动性+CHoCH→FVG,多,3笔1:1:2(3/6) 止盈8% 补满再亏10%止损 拿18根,0.88,0.8,,13408,15935,0,0.78,0.75,,
5m,扫流动性+CHoCH→FVG,多,3笔1:1:2(3/6) 止盈8% 补满再亏10%止损 拿48根,0.88,0.95,,12070,14397,0,0.89,0.87,,
5m,扫流动性+CHoCH→FVG,多,3笔1:1:2(3/6) 止盈8% 补满再亏5%止损 拿18根,0.88,0.79,,13408,15935,0,0.78,0.75,,
5m,扫流动性+CHoCH→FVG,多,3笔1:1:2(3/6) 止盈8% 补满再亏5%止损 拿48根,0.89,0.92,,12071,14397,0,0.9,0.85,,
5m,扫流动性+CHoCH→FVG,多,5笔1:1:2:2:4(2..8) 止盈2% 补满再亏10%止损 拿18根,0.88,0.81,,13435,15957,0,0.78,0.78,,
5m,扫流动性+CHoCH→FVG,多,5笔1:1:2:2:4(2..8) 止盈2% 补满再亏10%止损 拿48根,0.88,0.95,,12308,14631,0,0.9,0.9,,
5m,扫流动性+CHoCH→FVG,多,5笔1:1:2:2:4(2..8) 止盈2% 补满再亏5%止损 拿18根,0.87,0.81,,13435,15957,0,0.8,0.77,,
5m,扫流动性+CHoCH→FVG,多,5笔1:1:2:2:4(2..8) 止盈2% 补满再亏5%止损 拿48根,0.91,0.94,,12308,14631,0,0.93,0.88,,
5m,扫流动性+CHoCH→FVG,多,5笔1:1:2:2:4(2..8) 止盈3% 补满再亏10%止损 拿18根,0.88,0.81,,13419,15946,0,0.79,0.78,,
5m,扫流动性+CHoCH→FVG,多,5笔1:1:2:2:4(2..8) 止盈3% 补满再亏10%止损 拿48根,0.87,0.96,,12164,14492,0,0.92,0.91,,
5m,扫流动性+CHoCH→FVG,多,5笔1:1:2:2:4(2..8) 止盈3% 补满再亏5%止损 拿18根,0.87,0.81,,13419,15946,0,0.81,0.78,,
5m,扫流动性+CHoCH→FVG,多,5笔1:1:2:2:4(2..8) 止盈3% 补满再亏5%止损 拿48根,0.89,0.95,,12164,14492,0,0.96,0.89,,
5m,扫流动性+CHoCH→FVG,多,5笔1:1:2:2:4(2..8) 止盈5% 补满再亏10%止损 拿18根,0.88,0.8,,13408,15937,0,0.8,0.79,,
5m,扫流动性+CHoCH→FVG,多,5笔1:1:2:2:4(2..8) 止盈5% 补满再亏10%止损 拿48根,0.86,0.98,,12085,14416,0,0.93,0.92,,
5m,扫流动性+CHoCH→FVG,多,5笔1:1:2:2:4(2..8) 止盈5% 补满再亏5%止损 拿18根,0.88,0.8,,13408,15937,0,0.82,0.79,,
5m,扫流动性+CHoCH→FVG,多,5笔1:1:2:2:4(2..8) 止盈5% 补满再亏5%止损 拿48根,0.88,0.97,,12086,14416,0,0.96,0.89,,
5m,扫流动性+CHoCH→FVG,多,5笔1:1:2:2:4(2..8) 止盈8% 补满再亏10%止损 拿18根,0.89,0.8,,13408,15935,0,0.8,0.79,,
5m,扫流动性+CHoCH→FVG,多,5笔1:1:2:2:4(2..8) 止盈8% 补满再亏10%止损 拿48根,0.87,0.98,,12070,14399,0,0.92,0.92,,
5m,扫流动性+CHoCH→FVG,多,5笔1:1:2:2:4(2..8) 止盈8% 补满再亏5%止损 拿18根,0.89,0.8,,13408,15935,0,0.81,0.78,,
5m,扫流动性+CHoCH→FVG,多,5笔1:1:2:2:4(2..8) 止盈8% 补满再亏5%止损 拿48根,0.88,0.97,,12071,14399,0,0.95,0.89,,
5m,扫流动性+CHoCH→FVG,多,5笔等(2..8) 止盈2% 补满再亏10%止损 拿18根,0.86,0.8,,13434,15957,0,0.77,0.75,,
5m,扫流动性+CHoCH→FVG,多,5笔等(2..8) 止盈2% 补满再亏10%止损 拿48根,0.88,0.92,,12305,14627,0,0.87,0.86,,
5m,扫流动性+CHoCH→FVG,多,5笔等(2..8) 止盈2% 补满再亏5%止损 拿18根,0.86,0.8,,13434,15957,0,0.78,0.75,,
5m,扫流动性+CHoCH→FVG,多,5笔等(2..8) 止盈2% 补满再亏5%止损 拿48根,0.89,0.91,,12305,14627,0,0.89,0.85,,
5m,扫流动性+CHoCH→FVG,多,5笔等(2..8) 止盈3% 补满再亏10%止损 拿18根,0.86,0.8,,13419,15946,0,0.78,0.76,,
5m,扫流动性+CHoCH→FVG,多,5笔等(2..8) 止盈3% 补满再亏10%止损 拿48根,0.87,0.94,,12160,14489,0,0.89,0.87,,
5m,扫流动性+CHoCH→FVG,多,5笔等(2..8) 止盈3% 补满再亏5%止损 拿18根,0.86,0.8,,13419,15946,0,0.79,0.75,,
5m,扫流动性+CHoCH→FVG,多,5笔等(2..8) 止盈3% 补满再亏5%止损 拿48根,0.88,0.93,,12161,14489,0,0.91,0.86,,
5m,扫流动性+CHoCH→FVG,多,5笔等(2..8) 止盈5% 补满再亏10%止损 拿18根,0.87,0.79,,13408,15937,0,0.78,0.76,,
5m,扫流动性+CHoCH→FVG,多,5笔等(2..8) 止盈5% 补满再亏10%止损 拿48根,0.87,0.93,,12085,14414,0,0.89,0.87,,
5m,扫流动性+CHoCH→FVG,多,5笔等(2..8) 止盈5% 补满再亏5%止损 拿18根,0.86,0.79,,13408,15937,0,0.78,0.76,,
5m,扫流动性+CHoCH→FVG,多,5笔等(2..8) 止盈5% 补满再亏5%止损 拿48根,0.88,0.93,,12086,14414,0,0.91,0.86,,
5m,扫流动性+CHoCH→FVG,多,5笔等(2..8) 止盈8% 补满再亏10%止损 拿18根,0.87,0.79,,13408,15935,0,0.78,0.76,,
5m,扫流动性+CHoCH→FVG,多,5笔等(2..8) 止盈8% 补满再亏10%止损 拿48根,0.88,0.94,,12070,14397,0,0.9,0.87,,
5m,扫流动性+CHoCH→FVG,多,5笔等(2..8) 止盈8% 补满再亏5%止损 拿18根,0.87,0.79,,13408,15935,0,0.79,0.75,,
5m,扫流动性+CHoCH→FVG,多,5笔等(2..8) 止盈8% 补满再亏5%止损 拿48根,0.88,0.93,,12071,14397,0,0.91,0.86,,
5m,扫流动性+CHoCH→FVG,多,6笔深(3..18) 止盈2% 补满再亏10%止损 拿18根,0.87,0.8,,13432,15956,0,0.79,0.75,,
5m,扫流动性+CHoCH→FVG,多,6笔深(3..18) 止盈2% 补满再亏10%止损 拿48根,0.91,0.91,,12278,14604,0,0.9,0.85,,
5m,扫流动性+CHoCH→FVG,多,6笔深(3..18) 止盈2% 补满再亏5%止损 拿18根,0.87,0.81,,13432,15956,0,0.78,0.75,,
5m,扫流动性+CHoCH→FVG,多,6笔深(3..18) 止盈2% 补满再亏5%止损 拿48根,0.9,0.92,,12278,14604,0,0.87,0.85,,
5m,扫流动性+CHoCH→FVG,多,6笔深(3..18) 止盈3% 补满再亏10%止损 拿18根,0.87,0.79,,13416,15944,0,0.8,0.76,,
5m,扫流动性+CHoCH→FVG,多,6笔深(3..18) 止盈3% 补满再亏10%止损 拿48根,0.91,0.93,,12151,14475,0,0.92,0.87,,
5m,扫流动性+CHoCH→FVG,多,6笔深(3..18) 止盈3% 补满再亏5%止损 拿18根,0.87,0.8,,13416,15944,0,0.79,0.76,,
5m,扫流动性+CHoCH→FVG,多,6笔深(3..18) 止盈3% 补满再亏5%止损 拿48根,0.89,0.94,,12151,14475,0,0.89,0.87,,
5m,扫流动性+CHoCH→FVG,多,6笔深(3..18) 止盈5% 补满再亏10%止损 拿18根,0.88,0.79,,13408,15938,0,0.81,0.76,,
5m,扫流动性+CHoCH→FVG,多,6笔深(3..18) 止盈5% 补满再亏10%止损 拿48根,0.91,0.93,,12083,14411,0,0.93,0.89,,
5m,扫流动性+CHoCH→FVG,多,6笔深(3..18) 止盈5% 补满再亏5%止损 拿18根,0.88,0.8,,13408,15938,0,0.8,0.76,,
5m,扫流动性+CHoCH→FVG,多,6笔深(3..18) 止盈5% 补满再亏5%止损 拿48根,0.89,0.94,,12083,14411,0,0.89,0.89,,
5m,扫流动性+CHoCH→FVG,多,6笔深(3..18) 止盈8% 补满再亏10%止损 拿18根,0.88,0.79,,13408,15935,0,0.81,0.77,,
5m,扫流动性+CHoCH→FVG,多,6笔深(3..18) 止盈8% 补满再亏10%止损 拿48根,0.91,0.93,,12070,14397,0,0.93,0.9,,
5m,扫流动性+CHoCH→FVG,多,6笔深(3..18) 止盈8% 补满再亏5%止损 拿18根,0.88,0.8,,13408,15935,0,0.8,0.76,,
5m,扫流动性+CHoCH→FVG,多,6笔深(3..18) 止盈8% 补满再亏5%止损 拿48根,0.88,0.94,,12070,14397,0,0.89,0.9,,
5m,扫流动性+CHoCH→FVG,多,原版（结构止损、盈亏比2）,0.9,0.84,,12889,15373,0,0.81,0.76,,
5m,BOS→FVG+大周期,空,3笔1:1:1(3/6) 止盈2% 补满再亏10%止损 拿18根,0.86,0.82,,9772,11635,0,0.74,0.73,,
5m,BOS→FVG+大周期,空,3笔1:1:1(3/6) 止盈2% 补满再亏10%止损 拿48根,0.9,0.92,,8769,10378,0,0.82,0.84,,
5m,BOS→FVG+大周期,空,3笔1:1:1(3/6) 止盈2% 补满再亏5%止损 拿18根,0.87,0.82,,9772,11635,0,0.74,0.73,,
5m,BOS→FVG+大周期,空,3笔1:1:1(3/6) 止盈2% 补满再亏5%止损 拿48根,0.9,0.93,,8769,10378,0,0.82,0.84,,
5m,BOS→FVG+大周期,空,3笔1:1:1(3/6) 止盈3% 补满再亏10%止损 拿18根,0.86,0.82,,9669,11554,0,0.74,0.72,,
5m,BOS→FVG+大周期,空,3笔1:1:1(3/6) 止盈3% 补满再亏10%止损 拿48根,0.9,0.92,,8365,10022,0,0.81,0.84,,
5m,BOS→FVG+大周期,空,3笔1:1:1(3/6) 止盈3% 补满再亏5%止损 拿18根,0.86,0.83,,9669,11554,0,0.73,0.73,,
5m,BOS→FVG+大周期,空,3笔1:1:1(3/6) 止盈3% 补满再亏5%止损 拿48根,0.9,0.92,,8365,10022,0,0.81,0.84,,
5m,BOS→FVG+大周期,空,3笔1:1:1(3/6) 止盈5% 补满再亏10%止损 拿18根,0.83,0.8,,9628,11509,0,0.73,0.72,,
5m,BOS→FVG+大周期,空,3笔1:1:1(3/6) 止盈5% 补满再亏10%止损 拿48根,0.88,0.9,,8131,9812,0,0.8,0.83,,
5m,BOS→FVG+大周期,空,3笔1:1:1(3/6) 止盈5% 补满再亏5%止损 拿18根,0.84,0.81,,9628,11509,0,0.73,0.72,,
5m,BOS→FVG+大周期,空,3笔1:1:1(3/6) 止盈5% 补满再亏5%止损 拿48根,0.88,0.9,,8131,9812,0,0.8,0.83,,
5m,BOS→FVG+大周期,空,3笔1:1:1(3/6) 止盈8% 补满再亏10%止损 拿18根,0.81,0.8,,9618,11504,0,0.73,0.71,,
5m,BOS→FVG+大周期,空,3笔1:1:1(3/6) 止盈8% 补满再亏10%止损 拿48根,0.86,0.89,,8061,9757,0,0.79,0.83,,
5m,BOS→FVG+大周期,空,3笔1:1:1(3/6) 止盈8% 补满再亏5%止损 拿18根,0.82,0.8,,9618,11504,0,0.73,0.71,,
5m,BOS→FVG+大周期,空,3笔1:1:1(3/6) 止盈8% 补满再亏5%止损 拿48根,0.86,0.89,,8061,9757,0,0.79,0.83,,
5m,BOS→FVG+大周期,空,3笔1:1:2(3/6) 止盈2% 补满再亏10%止损 拿18根,0.87,0.82,,9772,11635,0,0.74,0.73,,
5m,BOS→FVG+大周期,空,3笔1:1:2(3/6) 止盈2% 补满再亏10%止损 拿48根,0.89,0.93,,8769,10378,0,0.81,0.84,,
5m,BOS→FVG+大周期,空,3笔1:1:2(3/6) 止盈2% 补满再亏5%止损 拿18根,0.88,0.83,,9772,11635,0,0.74,0.73,,
5m,BOS→FVG+大周期,空,3笔1:1:2(3/6) 止盈2% 补满再亏5%止损 拿48根,0.9,0.93,,8769,10378,0,0.81,0.84,,
5m,BOS→FVG+大周期,空,3笔1:1:2(3/6) 止盈3% 补满再亏10%止损 拿18根,0.86,0.82,,9669,11554,0,0.74,0.72,,
5m,BOS→FVG+大周期,空,3笔1:1:2(3/6) 止盈3% 补满再亏10%止损 拿48根,0.89,0.93,,8365,10023,0,0.81,0.84,,
5m,BOS→FVG+大周期,空,3笔1:1:2(3/6) 止盈3% 补满再亏5%止损 拿18根,0.86,0.83,,9669,11554,0,0.74,0.72,,
5m,BOS→FVG+大周期,空,3笔1:1:2(3/6) 止盈3% 补满再亏5%止损 拿48根,0.89,0.93,,8365,10023,0,0.81,0.84,,
5m,BOS→FVG+大周期,空,3笔1:1:2(3/6) 止盈5% 补满再亏10%止损 拿18根,0.83,0.81,,9628,11509,0,0.74,0.72,,
5m,BOS→FVG+大周期,空,3笔1:1:2(3/6) 止盈5% 补满再亏10%止损 拿48根,0.87,0.91,,8131,9812,0,0.79,0.83,,
5m,BOS→FVG+大周期,空,3笔1:1:2(3/6) 止盈5% 补满再亏5%止损 拿18根,0.84,0.81,,9628,11509,0,0.73,0.72,,
5m,BOS→FVG+大周期,空,3笔1:1:2(3/6) 止盈5% 补满再亏5%止损 拿48根,0.88,0.91,,8131,9812,0,0.8,0.83,,
5m,BOS→FVG+大周期,空,3笔1:1:2(3/6) 止盈8% 补满再亏10%止损 拿18根,0.81,0.8,,9618,11504,0,0.73,0.72,,
5m,BOS→FVG+大周期,空,3笔1:1:2(3/6) 止盈8% 补满再亏10%止损 拿48根,0.85,0.89,,8061,9757,0,0.79,0.83,,
5m,BOS→FVG+大周期,空,3笔1:1:2(3/6) 止盈8% 补满再亏5%止损 拿18根,0.82,0.8,,9618,11504,0,0.73,0.72,,
5m,BOS→FVG+大周期,空,3笔1:1:2(3/6) 止盈8% 补满再亏5%止损 拿48根,0.85,0.89,,8061,9757,0,0.79,0.83,,
5m,BOS→FVG+大周期,空,5笔1:1:2:2:4(2..8) 止盈2% 补满再亏10%止损 拿18根,0.85,0.84,,9774,11636,0,0.74,0.74,,
5m,BOS→FVG+大周期,空,5笔1:1:2:2:4(2..8) 止盈2% 补满再亏10%止损 拿48根,0.84,0.95,,8775,10386,0,0.8,0.84,,
5m,BOS→FVG+大周期,空,5笔1:1:2:2:4(2..8) 止盈2% 补满再亏5%止损 拿18根,0.86,0.84,,9774,11636,0,0.74,0.75,,
5m,BOS→FVG+大周期,空,5笔1:1:2:2:4(2..8) 止盈2% 补满再亏5%止损 拿48根,0.86,0.95,,8775,10386,0,0.79,0.84,,
5m,BOS→FVG+大周期,空,5笔1:1:2:2:4(2..8) 止盈3% 补满再亏10%止损 拿18根,0.85,0.84,,9667,11555,0,0.73,0.72,,
5m,BOS→FVG+大周期,空,5笔1:1:2:2:4(2..8) 止盈3% 补满再亏10%止损 拿48根,0.84,0.94,,8370,10025,0,0.81,0.83,,
5m,BOS→FVG+大周期,空,5笔1:1:2:2:4(2..8) 止盈3% 补满再亏5%止损 拿18根,0.86,0.84,,9667,11555,0,0.73,0.73,,
5m,BOS→FVG+大周期,空,5笔1:1:2:2:4(2..8) 止盈3% 补满再亏5%止损 拿48根,0.86,0.94,,8370,10025,0,0.8,0.83,,
5m,BOS→FVG+大周期,空,5笔1:1:2:2:4(2..8) 止盈5% 补满再亏10%止损 拿18根,0.8,0.82,,9629,11509,0,0.74,0.72,,
5m,BOS→FVG+大周期,空,5笔1:1:2:2:4(2..8) 止盈5% 补满再亏10%止损 拿48根,0.83,0.93,,8132,9815,0,0.79,0.83,,
5m,BOS→FVG+大周期,空,5笔1:1:2:2:4(2..8) 止盈5% 补满再亏5%止损 拿18根,0.81,0.83,,9629,11509,0,0.73,0.73,,
5m,BOS→FVG+大周期,空,5笔1:1:2:2:4(2..8) 止盈5% 补满再亏5%止损 拿48根,0.84,0.93,,8132,9815,0,0.79,0.83,,
5m,BOS→FVG+大周期,空,5笔1:1:2:2:4(2..8) 止盈8% 补满再亏10%止损 拿18根,0.78,0.82,,9618,11504,0,0.74,0.72,,
5m,BOS→FVG+大周期,空,5笔1:1:2:2:4(2..8) 止盈8% 补满再亏10%止损 拿48根,0.81,0.92,,8062,9761,0,0.78,0.83,,
5m,BOS→FVG+大周期,空,5笔1:1:2:2:4(2..8) 止盈8% 补满再亏5%止损 拿18根,0.79,0.82,,9618,11504,0,0.73,0.74,,
5m,BOS→FVG+大周期,空,5笔1:1:2:2:4(2..8) 止盈8% 补满再亏5%止损 拿48根,0.8,0.9,,8062,9761,0,0.77,0.84,,
5m,BOS→FVG+大周期,空,5笔等(2..8) 止盈2% 补满再亏10%止损 拿18根,0.85,0.82,,9774,11636,0,0.74,0.72,,
5m,BOS→FVG+大周期,空,5笔等(2..8) 止盈2% 补满再亏10%止损 拿48根,0.87,0.92,,8774,10385,0,0.81,0.83,,
5m,BOS→FVG+大周期,空,5笔等(2..8) 止盈2% 补满再亏5%止损 拿18根,0.86,0.83,,9774,11636,0,0.73,0.73,,
5m,BOS→FVG+大周期,空,5笔等(2..8) 止盈2% 补满再亏5%止损 拿48根,0.88,0.92,,8774,10385,0,0.81,0.83,,
5m,BOS→FVG+大周期,空,5笔等(2..8) 止盈3% 补满再亏10%止损 拿18根,0.84,0.83,,9667,11555,0,0.73,0.72,,
5m,BOS→FVG+大周期,空,5笔等(2..8) 止盈3% 补满再亏10%止损 拿48根,0.87,0.92,,8368,10024,0,0.81,0.83,,
5m,BOS→FVG+大周期,空,5笔等(2..8) 止盈3% 补满再亏5%止损 拿18根,0.85,0.84,,9667,11555,0,0.73,0.73,,
5m,BOS→FVG+大周期,空,5笔等(2..8) 止盈3% 补满再亏5%止损 拿48根,0.88,0.92,,8368,10024,0,0.81,0.83,,
5m,BOS→FVG+大周期,空,5笔等(2..8) 止盈5% 补满再亏10%止损 拿18根,0.81,0.82,,9629,11509,0,0.73,0.71,,
5m,BOS→FVG+大周期,空,5笔等(2..8) 止盈5% 补满再亏10%止损 拿48根,0.85,0.91,,8131,9815,0,0.8,0.82,,
5m,BOS→FVG+大周期,空,5笔等(2..8) 止盈5% 补满再亏5%止损 拿18根,0.82,0.82,,9629,11509,0,0.73,0.72,,
5m,BOS→FVG+大周期,空,5笔等(2..8) 止盈5% 补满再亏5%止损 拿48根,0.86,0.91,,8131,9815,0,0.8,0.82,,
5m,BOS→FVG+大周期,空,5笔等(2..8) 止盈8% 补满再亏10%止损 拿18根,0.8,0.81,,9618,11504,0,0.73,0.71,,
5m,BOS→FVG+大周期,空,5笔等(2..8) 止盈8% 补满再亏10%止损 拿48根,0.83,0.9,,8061,9761,0,0.78,0.82,,
5m,BOS→FVG+大周期,空,5笔等(2..8) 止盈8% 补满再亏5%止损 拿18根,0.8,0.81,,9618,11504,0,0.72,0.72,,
5m,BOS→FVG+大周期,空,5笔等(2..8) 止盈8% 补满再亏5%止损 拿48根,0.83,0.89,,8061,9761,0,0.78,0.83,,
5m,BOS→FVG+大周期,空,6笔深(3..18) 止盈2% 补满再亏10%止损 拿18根,0.86,0.83,,9772,11635,0,0.75,0.72,,
5m,BOS→FVG+大周期,空,6笔深(3..18) 止盈2% 补满再亏10%止损 拿48根,0.91,0.92,,8769,10378,0,0.82,0.83,,
5m,BOS→FVG+大周期,空,6笔深(3..18) 止盈2% 补满再亏5%止损 拿18根,0.85,0.83,,9772,11635,0,0.75,0.73,,
5m,BOS→FVG+大周期,空,6笔深(3..18) 止盈2% 补满再亏5%止损 拿48根,0.89,0.92,,8769,10378,0,0.82,0.84,,
5m,BOS→FVG+大周期,空,6笔深(3..18) 止盈3% 补满再亏10%止损 拿18根,0.85,0.82,,9669,11554,0,0.74,0.72,,
5m,BOS→FVG+大周期,空,6笔深(3..18) 止盈3% 补满再亏10%止损 拿48根,0.9,0.92,,8365,10022,0,0.81,0.83,,
5m,BOS→FVG+大周期,空,6笔深(3..18) 止盈3% 补满再亏5%止损 拿18根,0.84,0.82,,9669,11554,0,0.74,0.72,,
5m,BOS→FVG+大周期,空,6笔深(3..18) 止盈3% 补满再亏5%止损 拿48根,0.89,0.93,,8365,10022,0,0.82,0.84,,
5m,BOS→FVG+大周期,空,6笔深(3..18) 止盈5% 补满再亏10%止损 拿18根,0.82,0.81,,9628,11509,0,0.74,0.72,,
5m,BOS→FVG+大周期,空,6笔深(3..18) 止盈5% 补满再亏10%止损 拿48根,0.89,0.9,,8131,9812,0,0.79,0.82,,
5m,BOS→FVG+大周期,空,6笔深(3..18) 止盈5% 补满再亏5%止损 拿18根,0.81,0.81,,9628,11509,0,0.74,0.72,,
5m,BOS→FVG+大周期,空,6笔深(3..18) 止盈5% 补满再亏5%止损 拿48根,0.87,0.9,,8131,9812,0,0.8,0.83,,
5m,BOS→FVG+大周期,空,6笔深(3..18) 止盈8% 补满再亏10%止损 拿18根,0.81,0.8,,9618,11504,0,0.74,0.71,,
5m,BOS→FVG+大周期,空,6笔深(3..18) 止盈8% 补满再亏10%止损 拿48根,0.88,0.91,,8061,9757,0,0.77,0.82,,
5m,BOS→FVG+大周期,空,6笔深(3..18) 止盈8% 补满再亏5%止损 拿18根,0.8,0.8,,9618,11504,0,0.73,0.72,,
5m,BOS→FVG+大周期,空,6笔深(3..18) 止盈8% 补满再亏5%止损 拿48根,0.85,0.91,,8061,9757,0,0.79,0.83,,
5m,BOS→FVG+大周期,空,原版（结构止损、盈亏比2）,0.88,0.84,,8822,10607,0,0.79,0.8,,
5m,BOS→FVG+大周期,多,3笔1:1:1(3/6) 止盈2% 补满再亏10%止损 拿18根,0.83,0.85,,9061,10010,0,0.77,0.74,,
5m,BOS→FVG+大周期,多,3笔1:1:1(3/6) 止盈2% 补满再亏10%止损 拿48根,0.92,0.89,,8183,9042,0,0.87,0.84,,
5m,BOS→FVG+大周期,多,3笔1:1:1(3/6) 止盈2% 补满再亏5%止损 拿18根,0.83,0.85,,9061,10010,0,0.77,0.73,,
5m,BOS→FVG+大周期,多,3笔1:1:1(3/6) 止盈2% 补满再亏5%止损 拿48根,0.92,0.89,,8183,9042,0,0.87,0.83,,
5m,BOS→FVG+大周期,多,3笔1:1:1(3/6) 止盈3% 补满再亏10%止损 拿18根,0.84,0.85,,8983,9921,0,0.77,0.74,,
5m,BOS→FVG+大周期,多,3笔1:1:1(3/6) 止盈3% 补满再亏10%止损 拿48根,0.94,0.88,,7848,8719,0,0.88,0.85,,
5m,BOS→FVG+大周期,多,3笔1:1:1(3/6) 止盈3% 补满再亏5%止损 拿18根,0.84,0.85,,8983,9921,0,0.77,0.74,,
5m,BOS→FVG+大周期,多,3笔1:1:1(3/6) 止盈3% 补满再亏5%止损 拿48根,0.93,0.88,,7848,8719,0,0.88,0.84,,
5m,BOS→FVG+大周期,多,3笔1:1:1(3/6) 止盈5% 补满再亏10%止损 拿18根,0.84,0.86,,8942,9879,0,0.77,0.74,,
5m,BOS→FVG+大周期,多,3笔1:1:1(3/6) 止盈5% 补满再亏10%止损 拿48根,0.93,0.89,,7641,8498,0,0.87,0.86,,
5m,BOS→FVG+大周期,多,3笔1:1:1(3/6) 止盈5% 补满再亏5%止损 拿18根,0.83,0.86,,8942,9879,0,0.77,0.74,,
5m,BOS→FVG+大周期,多,3笔1:1:1(3/6) 止盈5% 补满再亏5%止损 拿48根,0.93,0.89,,7641,8498,0,0.88,0.84,,
5m,BOS→FVG+大周期,多,3笔1:1:1(3/6) 止盈8% 补满再亏10%止损 拿18根,0.83,0.85,,8934,9871,0,0.77,0.74,,
5m,BOS→FVG+大周期,多,3笔1:1:1(3/6) 止盈8% 补满再亏10%止损 拿48根,0.93,0.9,,7581,8418,0,0.88,0.86,,
5m,BOS→FVG+大周期,多,3笔1:1:1(3/6) 止盈8% 补满再亏5%止损 拿18根,0.83,0.85,,8934,9871,0,0.78,0.74,,
5m,BOS→FVG+大周期,多,3笔1:1:1(3/6) 止盈8% 补满再亏5%止损 拿48根,0.93,0.88,,7581,8418,0,0.89,0.85,,
5m,BOS→FVG+大周期,多,3笔1:1:2(3/6) 止盈2% 补满再亏10%止损 拿18根,0.84,0.86,,9061,10010,0,0.77,0.74,,
5m,BOS→FVG+大周期,多,3笔1:1:2(3/6) 止盈2% 补满再亏10%止损 拿48根,0.94,0.89,,8183,9043,0,0.88,0.85,,
5m,BOS→FVG+大周期,多,3笔1:1:2(3/6) 止盈2% 补满再亏5%止损 拿18根,0.84,0.86,,9061,10010,0,0.78,0.74,,
5m,BOS→FVG+大周期,多,3笔1:1:2(3/6) 止盈2% 补满再亏5%止损 拿48根,0.93,0.89,,8183,9043,0,0.88,0.84,,
5m,BOS→FVG+大周期,多,3笔1:1:2(3/6) 止盈3% 补满再亏10%止损 拿18根,0.84,0.85,,8983,9921,0,0.78,0.75,,
5m,BOS→FVG+大周期,多,3笔1:1:2(3/6) 止盈3% 补满再亏10%止损 拿48根,0.94,0.88,,7848,8719,0,0.9,0.86,,
5m,BOS→FVG+大周期,多,3笔1:1:2(3/6) 止盈3% 补满再亏5%止损 拿18根,0.84,0.86,,8983,9921,0,0.78,0.75,,
5m,BOS→FVG+大周期,多,3笔1:1:2(3/6) 止盈3% 补满再亏5%止损 拿48根,0.94,0.88,,7848,8719,0,0.9,0.85,,
5m,BOS→FVG+大周期,多,3笔1:1:2(3/6) 止盈5% 补满再亏10%止损 拿18根,0.84,0.85,,8942,9879,0,0.78,0.75,,
5m,BOS→FVG+大周期,多,3笔1:1:2(3/6) 止盈5% 补满再亏10%止损 拿48根,0.93,0.89,,7641,8498,0,0.89,0.87,,
5m,BOS→FVG+大周期,多,3笔1:1:2(3/6) 止盈5% 补满再亏5%止损 拿18根,0.83,0.86,,8942,9879,0,0.78,0.75,,
5m,BOS→FVG+大周期,多,3笔1:1:2(3/6) 止盈5% 补满再亏5%止损 拿48根,0.94,0.89,,7641,8498,0,0.9,0.86,,
5m,BOS→FVG+大周期,多,3笔1:1:2(3/6) 止盈8% 补满再亏10%止损 拿18根,0.84,0.85,,8934,9871,0,0.78,0.75,,
5m,BOS→FVG+大周期,多,3笔1:1:2(3/6) 止盈8% 补满再亏10%止损 拿48根,0.94,0.9,,7581,8418,0,0.89,0.87,,
5m,BOS→FVG+大周期,多,3笔1:1:2(3/6) 止盈8% 补满再亏5%止损 拿18根,0.83,0.86,,8934,9871,0,0.78,0.75,,
5m,BOS→FVG+大周期,多,3笔1:1:2(3/6) 止盈8% 补满再亏5%止损 拿48根,0.94,0.89,,7581,8418,0,0.9,0.85,,
5m,BOS→FVG+大周期,多,5笔1:1:2:2:4(2..8) 止盈2% 补满再亏10%止损 拿18根,0.86,0.88,,9061,10011,0,0.78,0.78,,
5m,BOS→FVG+大周期,多,5笔1:1:2:2:4(2..8) 止盈2% 补满再亏10%止损 拿48根,0.96,0.92,,8190,9051,0,0.9,0.9,,
5m,BOS→FVG+大周期,多,5笔1:1:2:2:4(2..8) 止盈2% 补满再亏5%止损 拿18根,0.86,0.84,,9061,10011,0,0.8,0.77,,
5m,BOS→FVG+大周期,多,5笔1:1:2:2:4(2..8) 止盈2% 补满再亏5%止损 拿48根,0.96,0.88,,8190,9051,0,0.93,0.88,,
5m,BOS→FVG+大周期,多,5笔1:1:2:2:4(2..8) 止盈3% 补满再亏10%止损 拿18根,0.86,0.88,,8983,9922,0,0.79,0.78,,
5m,BOS→FVG+大周期,多,5笔1:1:2:2:4(2..8) 止盈3% 补满再亏10%止损 拿48根,0.96,0.92,,7854,8731,0,0.92,0.91,,
5m,BOS→FVG+大周期,多,5笔1:1:2:2:4(2..8) 止盈3% 补满再亏5%止损 拿18根,0.86,0.84,,8983,9922,0,0.81,0.78,,
5m,BOS→FVG+大周期,多,5笔1:1:2:2:4(2..8) 止盈3% 补满再亏5%止损 拿48根,0.96,0.88,,7854,8731,0,0.96,0.89,,
5m,BOS→FVG+大周期,多,5笔1:1:2:2:4(2..8) 止盈5% 补满再亏10%止损 拿18根,0.86,0.89,,8943,9879,0,0.8,0.79,,
5m,BOS→FVG+大周期,多,5笔1:1:2:2:4(2..8) 止盈5% 补满再亏10%止损 拿48根,0.95,0.91,,7646,8502,0,0.93,0.92,,
5m,BOS→FVG+大周期,多,5笔1:1:2:2:4(2..8) 止盈5% 补满再亏5%止损 拿18根,0.86,0.85,,8943,9879,0,0.82,0.79,,
5m,BOS→FVG+大周期,多,5笔1:1:2:2:4(2..8) 止盈5% 补满再亏5%止损 拿48根,0.95,0.87,,7646,8502,0,0.96,0.89,,
5m,BOS→FVG+大周期,多,5笔1:1:2:2:4(2..8) 止盈8% 补满再亏10%止损 拿18根,0.85,0.91,,8934,9871,0,0.8,0.79,,
5m,BOS→FVG+大周期,多,5笔1:1:2:2:4(2..8) 止盈8% 补满再亏10%止损 拿48根,0.97,0.93,,7582,8420,0,0.92,0.92,,
5m,BOS→FVG+大周期,多,5笔1:1:2:2:4(2..8) 止盈8% 补满再亏5%止损 拿18根,0.85,0.85,,8934,9871,0,0.81,0.78,,
5m,BOS→FVG+大周期,多,5笔1:1:2:2:4(2..8) 止盈8% 补满再亏5%止损 拿48根,0.97,0.89,,7582,8420,0,0.95,0.89,,
5m,BOS→FVG+大周期,多,5笔等(2..8) 止盈2% 补满再亏10%止损 拿18根,0.84,0.87,,9061,10011,0,0.77,0.75,,
5m,BOS→FVG+大周期,多,5笔等(2..8) 止盈2% 补满再亏10%止损 拿48根,0.93,0.89,,8189,9051,0,0.87,0.86,,
5m,BOS→FVG+大周期,多,5笔等(2..8) 止盈2% 补满再亏5%止损 拿18根,0.84,0.84,,9061,10011,0,0.78,0.75,,
5m,BOS→FVG+大周期,多,5笔等(2..8) 止盈2% 补满再亏5%止损 拿48根,0.93,0.87,,8189,9051,0,0.89,0.85,,
5m,BOS→FVG+大周期,多,5笔等(2..8) 止盈3% 补满再亏10%止损 拿18根,0.85,0.86,,8983,9922,0,0.78,0.76,,
5m,BOS→FVG+大周期,多,5笔等(2..8) 止盈3% 补满再亏10%止损 拿48根,0.92,0.9,,7854,8728,0,0.89,0.87,,
5m,BOS→FVG+大周期,多,5笔等(2..8) 止盈3% 补满再亏5%止损 拿18根,0.85,0.84,,8983,9922,0,0.79,0.75,,
5m,BOS→FVG+大周期,多,5笔等(2..8) 止盈3% 补满再亏5%止损 拿48根,0.92,0.87,,7854,8728,0,0.91,0.86,,
5m,BOS→FVG+大周期,多,5笔等(2..8) 止盈5% 补满再亏10%止损 拿18根,0.84,0.87,,8943,9879,0,0.78,0.76,,
5m,BOS→FVG+大周期,多,5笔等(2..8) 止盈5% 补满再亏10%止损 拿48根,0.93,0.9,,7646,8502,0,0.89,0.87,,
5m,BOS→FVG+大周期,多,5笔等(2..8) 止盈5% 补满再亏5%止损 拿18根,0.84,0.84,,8943,9879,0,0.78,0.76,,
5m,BOS→FVG+大周期,多,5笔等(2..8) 止盈5% 补满再亏5%止损 拿48根,0.93,0.87,,7646,8502,0,0.91,0.86,,
5m,BOS→FVG+大周期,多,5笔等(2..8) 止盈8% 补满再亏10%止损 拿18根,0.84,0.86,,8934,9871,0,0.78,0.76,,
5m,BOS→FVG+大周期,多,5笔等(2..8) 止盈8% 补满再亏10%止损 拿48根,0.94,0.9,,7581,8420,0,0.9,0.87,,
5m,BOS→FVG+大周期,多,5笔等(2..8) 止盈8% 补满再亏5%止损 拿18根,0.84,0.83,,8934,9871,0,0.79,0.75,,
5m,BOS→FVG+大周期,多,5笔等(2..8) 止盈8% 补满再亏5%止损 拿48根,0.94,0.87,,7581,8420,0,0.91,0.86,,
5m,BOS→FVG+大周期,多,6笔深(3..18) 止盈2% 补满再亏10%止损 拿18根,0.84,0.94,,9061,10010,0,0.79,0.75,,
5m,BOS→FVG+大周期,多,6笔深(3..18) 止盈2% 补满再亏10%止损 拿48根,0.95,0.98,,8183,9043,0,0.9,0.85,,
5m,BOS→FVG+大周期,多,6笔深(3..18) 止盈2% 补满再亏5%止损 拿18根,0.84,0.92,,9061,10010,0,0.78,0.75,,
5m,BOS→FVG+大周期,多,6笔深(3..18) 止盈2% 补满再亏5%止损 拿48根,0.95,0.96,,8183,9043,0,0.87,0.85,,
5m,BOS→FVG+大周期,多,6笔深(3..18) 止盈3% 补满再亏10%止损 拿18根,0.84,0.94,,8983,9921,0,0.8,0.76,,
5m,BOS→FVG+大周期,多,6笔深(3..18) 止盈3% 补满再亏10%止损 拿48根,0.96,0.97,,7848,8720,0,0.92,0.87,,
5m,BOS→FVG+大周期,多,6笔深(3..18) 止盈3% 补满再亏5%止损 拿18根,0.84,0.92,,8983,9921,0,0.79,0.76,,
5m,BOS→FVG+大周期,多,6笔深(3..18) 止盈3% 补满再亏5%止损 拿48根,0.96,0.94,,7848,8720,0,0.89,0.87,,
5m,BOS→FVG+大周期,多,6笔深(3..18) 止盈5% 补满再亏10%止损 拿18根,0.84,0.97,,8942,9879,0,0.81,0.76,,
5m,BOS→FVG+大周期,多,6笔深(3..18) 止盈5% 补满再亏10%止损 拿48根,0.94,1.0,,7641,8498,0,0.93,0.89,,
5m,BOS→FVG+大周期,多,6笔深(3..18) 止盈5% 补满再亏5%止损 拿18根,0.84,0.95,,8942,9879,0,0.8,0.76,,
5m,BOS→FVG+大周期,多,6笔深(3..18) 止盈5% 补满再亏5%止损 拿48根,0.94,0.98,,7641,8498,0,0.89,0.89,,
5m,BOS→FVG+大周期,多,6笔深(3..18) 止盈8% 补满再亏10%止损 拿18根,0.84,0.97,,8934,9871,0,0.81,0.77,,
5m,BOS→FVG+大周期,多,6笔深(3..18) 止盈8% 补满再亏10%止损 拿48根,0.93,0.99,,7581,8418,0,0.93,0.9,,
5m,BOS→FVG+大周期,多,6笔深(3..18) 止盈8% 补满再亏5%止损 拿18根,0.84,0.95,,8934,9871,0,0.8,0.76,,
5m,BOS→FVG+大周期,多,6笔深(3..18) 止盈8% 补满再亏5%止损 拿48根,0.93,0.98,,7581,8418,0,0.89,0.9,,
5m,BOS→FVG+大周期,多,原版（结构止损、盈亏比2）,0.83,0.87,,8253,9151,0,0.81,0.76,,
5m,BOS→OB+大周期,空,3笔1:1:1(3/6) 止盈2% 补满再亏10%止损 拿18根,0.81,0.85,,10576,13076,0,0.74,0.73,,
5m,BOS→OB+大周期,空,3笔1:1:1(3/6) 止盈2% 补满再亏10%止损 拿48根,0.86,0.97,,9507,11615,0,0.82,0.84,,
5m,BOS→OB+大周期,空,3笔1:1:1(3/6) 止盈2% 补满再亏5%止损 拿18根,0.81,0.85,,10576,13076,0,0.74,0.73,,
5m,BOS→OB+大周期,空,3笔1:1:1(3/6) 止盈2% 补满再亏5%止损 拿48根,0.87,0.97,,9507,11615,0,0.82,0.84,,
5m,BOS→OB+大周期,空,3笔1:1:1(3/6) 止盈3% 补满再亏10%止损 拿18根,0.8,0.84,,10498,12993,0,0.74,0.72,,
5m,BOS→OB+大周期,空,3笔1:1:1(3/6) 止盈3% 补满再亏10%止损 拿48根,0.85,0.96,,9059,11151,0,0.81,0.84,,
5m,BOS→OB+大周期,空,3笔1:1:1(3/6) 止盈3% 补满再亏5%止损 拿18根,0.81,0.84,,10498,12993,0,0.73,0.73,,
5m,BOS→OB+大周期,空,3笔1:1:1(3/6) 止盈3% 补满再亏5%止损 拿48根,0.86,0.96,,9059,11151,0,0.81,0.84,,
5m,BOS→OB+大周期,空,3笔1:1:1(3/6) 止盈5% 补满再亏10%止损 拿18根,0.79,0.84,,10455,12957,0,0.73,0.72,,
5m,BOS→OB+大周期,空,3笔1:1:1(3/6) 止盈5% 补满再亏10%止损 拿48根,0.84,0.96,,8774,10913,0,0.8,0.83,,
5m,BOS→OB+大周期,空,3笔1:1:1(3/6) 止盈5% 补满再亏5%止损 拿18根,0.79,0.84,,10455,12957,0,0.73,0.72,,
5m,BOS→OB+大周期,空,3笔1:1:1(3/6) 止盈5% 补满再亏5%止损 拿48根,0.85,0.96,,8774,10913,0,0.8,0.83,,
5m,BOS→OB+大周期,空,3笔1:1:1(3/6) 止盈8% 补满再亏10%止损 拿18根,0.77,0.83,,10449,12952,0,0.73,0.71,,
5m,BOS→OB+大周期,空,3笔1:1:1(3/6) 止盈8% 补满再亏10%止损 拿48根,0.83,0.96,,8694,10839,0,0.79,0.83,,
5m,BOS→OB+大周期,空,3笔1:1:1(3/6) 止盈8% 补满再亏5%止损 拿18根,0.77,0.83,,10449,12952,0,0.73,0.71,,
5m,BOS→OB+大周期,空,3笔1:1:1(3/6) 止盈8% 补满再亏5%止损 拿48根,0.83,0.96,,8694,10839,0,0.79,0.83,,
5m,BOS→OB+大周期,空,3笔1:1:2(3/6) 止盈2% 补满再亏10%止损 拿18根,0.8,0.85,,10576,13076,0,0.74,0.73,,
5m,BOS→OB+大周期,空,3笔1:1:2(3/6) 止盈2% 补满再亏10%止损 拿48根,0.84,0.96,,9507,11615,0,0.81,0.84,,
5m,BOS→OB+大周期,空,3笔1:1:2(3/6) 止盈2% 补满再亏5%止损 拿18根,0.8,0.85,,10576,13076,0,0.74,0.73,,
5m,BOS→OB+大周期,空,3笔1:1:2(3/6) 止盈2% 补满再亏5%止损 拿48根,0.85,0.96,,9507,11615,0,0.81,0.84,,
5m,BOS→OB+大周期,空,3笔1:1:2(3/6) 止盈3% 补满再亏10%止损 拿18根,0.8,0.84,,10498,12993,0,0.74,0.72,,
5m,BOS→OB+大周期,空,3笔1:1:2(3/6) 止盈3% 补满再亏10%止损 拿48根,0.84,0.96,,9060,11151,0,0.81,0.84,,
5m,BOS→OB+大周期,空,3笔1:1:2(3/6) 止盈3% 补满再亏5%止损 拿18根,0.8,0.84,,10498,12993,0,0.74,0.72,,
5m,BOS→OB+大周期,空,3笔1:1:2(3/6) 止盈3% 补满再亏5%止损 拿48根,0.85,0.96,,9060,11151,0,0.81,0.84,,
5m,BOS→OB+大周期,空,3笔1:1:2(3/6) 止盈5% 补满再亏10%止损 拿18根,0.78,0.84,,10455,12957,0,0.74,0.72,,
5m,BOS→OB+大周期,空,3笔1:1:2(3/6) 止盈5% 补满再亏10%止损 拿48根,0.84,0.96,,8774,10913,0,0.79,0.83,,
5m,BOS→OB+大周期,空,3笔1:1:2(3/6) 止盈5% 补满再亏5%止损 拿18根,0.78,0.84,,10455,12957,0,0.73,0.72,,
5m,BOS→OB+大周期,空,3笔1:1:2(3/6) 止盈5% 补满再亏5%止损 拿48根,0.84,0.96,,8774,10913,0,0.8,0.83,,
5m,BOS→OB+大周期,空,3笔1:1:2(3/6) 止盈8% 补满再亏10%止损 拿18根,0.75,0.83,,10449,12952,0,0.73,0.72,,
5m,BOS→OB+大周期,空,3笔1:1:2(3/6) 止盈8% 补满再亏10%止损 拿48根,0.82,0.96,,8694,10839,0,0.79,0.83,,
5m,BOS→OB+大周期,空,3笔1:1:2(3/6) 止盈8% 补满再亏5%止损 拿18根,0.76,0.83,,10449,12952,0,0.73,0.72,,
5m,BOS→OB+大周期,空,3笔1:1:2(3/6) 止盈8% 补满再亏5%止损 拿48根,0.82,0.96,,8694,10839,0,0.79,0.83,,
5m,BOS→OB+大周期,空,5笔1:1:2:2:4(2..8) 止盈2% 补满再亏10%止损 拿18根,0.74,0.86,,10577,13076,0,0.74,0.74,,
5m,BOS→OB+大周期,空,5笔1:1:2:2:4(2..8) 止盈2% 补满再亏10%止损 拿48根,0.77,0.94,,9515,11624,0,0.8,0.84,,
5m,BOS→OB+大周期,空,5笔1:1:2:2:4(2..8) 止盈2% 补满再亏5%止损 拿18根,0.75,0.83,,10577,13076,0,0.74,0.75,,
5m,BOS→OB+大周期,空,5笔1:1:2:2:4(2..8) 止盈2% 补满再亏5%止损 拿48根,0.8,0.93,,9515,11624,0,0.79,0.84,,
5m,BOS→OB+大周期,空,5笔1:1:2:2:4(2..8) 止盈3% 补满再亏10%止损 拿18根,0.74,0.85,,10499,12992,0,0.73,0.72,,
5m,BOS→OB+大周期,空,5笔1:1:2:2:4(2..8) 止盈3% 补满再亏10%止损 拿48根,0.75,0.96,,9065,11153,0,0.81,0.83,,
5m,BOS→OB+大周期,空,5笔1:1:2:2:4(2..8) 止盈3% 补满再亏5%止损 拿18根,0.75,0.84,,10499,12992,0,0.73,0.73,,
5m,BOS→OB+大周期,空,5笔1:1:2:2:4(2..8) 止盈3% 补满再亏5%止损 拿48根,0.78,0.94,,9065,11153,0,0.8,0.83,,
5m,BOS→OB+大周期,空,5笔1:1:2:2:4(2..8) 止盈5% 补满再亏10%止损 拿18根,0.72,0.85,,10455,12957,0,0.74,0.72,,
5m,BOS→OB+大周期,空,5笔1:1:2:2:4(2..8) 止盈5% 补满再亏10%止损 拿48根,0.76,0.99,,8775,10915,0,0.79,0.83,,
5m,BOS→OB+大周期,空,5笔1:1:2:2:4(2..8) 止盈5% 补满再亏5%止损 拿18根,0.73,0.83,,10455,12957,0,0.73,0.73,,
5m,BOS→OB+大周期,空,5笔1:1:2:2:4(2..8) 止盈5% 补满再亏5%止损 拿48根,0.79,0.96,,8775,10915,0,0.79,0.83,,
5m,BOS→OB+大周期,空,5笔1:1:2:2:4(2..8) 止盈8% 补满再亏10%止损 拿18根,0.69,0.85,,10449,12952,0,0.74,0.72,,
5m,BOS→OB+大周期,空,5笔1:1:2:2:4(2..8) 止盈8% 补满再亏10%止损 拿48根,0.75,0.99,,8694,10839,0,0.78,0.83,,
5m,BOS→OB+大周期,空,5笔1:1:2:2:4(2..8) 止盈8% 补满再亏5%止损 拿18根,0.7,0.83,,10449,12952,0,0.73,0.74,,
5m,BOS→OB+大周期,空,5笔1:1:2:2:4(2..8) 止盈8% 补满再亏5%止损 拿48根,0.77,0.96,,8694,10839,0,0.77,0.84,,
5m,BOS→OB+大周期,空,5笔等(2..8) 止盈2% 补满再亏10%止损 拿18根,0.78,0.84,,10577,13076,0,0.74,0.72,,
5m,BOS→OB+大周期,空,5笔等(2..8) 止盈2% 补满再亏10%止损 拿48根,0.81,0.96,,9515,11623,0,0.81,0.83,,
5m,BOS→OB+大周期,空,5笔等(2..8) 止盈2% 补满再亏5%止损 拿18根,0.78,0.84,,10577,13076,0,0.73,0.73,,
5m,BOS→OB+大周期,空,5笔等(2..8) 止盈2% 补满再亏5%止损 拿48根,0.83,0.95,,9515,11623,0,0.81,0.83,,
5m,BOS→OB+大周期,空,5笔等(2..8) 止盈3% 补满再亏10%止损 拿18根,0.77,0.85,,10499,12992,0,0.73,0.72,,
5m,BOS→OB+大周期,空,5笔等(2..8) 止盈3% 补满再亏10%止损 拿48根,0.8,0.96,,9063,11152,0,0.81,0.83,,
5m,BOS→OB+大周期,空,5笔等(2..8) 止盈3% 补满再亏5%止损 拿18根,0.78,0.84,,10499,12992,0,0.73,0.73,,
5m,BOS→OB+大周期,空,5笔等(2..8) 止盈3% 补满再亏5%止损 拿48根,0.82,0.95,,9063,11152,0,0.81,0.83,,
5m,BOS→OB+大周期,空,5笔等(2..8) 止盈5% 补满再亏10%止损 拿18根,0.75,0.84,,10455,12957,0,0.73,0.71,,
5m,BOS→OB+大周期,空,5笔等(2..8) 止盈5% 补满再亏10%止损 拿48根,0.8,0.97,,8775,10915,0,0.8,0.82,,
5m,BOS→OB+大周期,空,5笔等(2..8) 止盈5% 补满再亏5%止损 拿18根,0.76,0.84,,10455,12957,0,0.73,0.72,,
5m,BOS→OB+大周期,空,5笔等(2..8) 止盈5% 补满再亏5%止损 拿48根,0.82,0.96,,8775,10915,0,0.8,0.82,,
5m,BOS→OB+大周期,空,5笔等(2..8) 止盈8% 补满再亏10%止损 拿18根,0.73,0.84,,10449,12952,0,0.73,0.71,,
5m,BOS→OB+大周期,空,5笔等(2..8) 止盈8% 补满再亏10%止损 拿48根,0.79,0.97,,8694,10839,0,0.78,0.82,,
5m,BOS→OB+大周期,空,5笔等(2..8) 止盈8% 补满再亏5%止损 拿18根,0.73,0.83,,10449,12952,0,0.72,0.72,,
5m,BOS→OB+大周期,空,5笔等(2..8) 止盈8% 补满再亏5%止损 拿48根,0.8,0.96,,8694,10839,0,0.78,0.83,,
5m,BOS→OB+大周期,空,6笔深(3..18) 止盈2% 补满再亏10%止损 拿18根,0.81,0.86,,10576,13076,0,0.75,0.72,,
5m,BOS→OB+大周期,空,6笔深(3..18) 止盈2% 补满再亏10%止损 拿48根,0.87,0.96,,9507,11615,0,0.82,0.83,,
5m,BOS→OB+大周期,空,6笔深(3..18) 止盈2% 补满再亏5%止损 拿18根,0.81,0.86,,10576,13076,0,0.75,0.73,,
5m,BOS→OB+大周期,空,6笔深(3..18) 止盈2% 补满再亏5%止损 拿48根,0.86,0.97,,9507,11615,0,0.82,0.84,,
5m,BOS→OB+大周期,空,6笔深(3..18) 止盈3% 补满再亏10%止损 拿18根,0.81,0.86,,10498,12993,0,0.74,0.72,,
5m,BOS→OB+大周期,空,6笔深(3..18) 止盈3% 补满再亏10%止损 拿48根,0.85,0.97,,9059,11151,0,0.81,0.83,,
5m,BOS→OB+大周期,空,6笔深(3..18) 止盈3% 补满再亏5%止损 拿18根,0.81,0.86,,10498,12993,0,0.74,0.72,,
5m,BOS→OB+大周期,空,6笔深(3..18) 止盈3% 补满再亏5%止损 拿48根,0.84,0.98,,9059,11151,0,0.82,0.84,,
5m,BOS→OB+大周期,空,6笔深(3..18) 止盈5% 补满再亏10%止损 拿18根,0.78,0.84,,10455,12957,0,0.74,0.72,,
5m,BOS→OB+大周期,空,6笔深(3..18) 止盈5% 补满再亏10%止损 拿48根,0.83,0.97,,8774,10913,0,0.79,0.82,,
5m,BOS→OB+大周期,空,6笔深(3..18) 止盈5% 补满再亏5%止损 拿18根,0.78,0.84,,10455,12957,0,0.74,0.72,,
5m,BOS→OB+大周期,空,6笔深(3..18) 止盈5% 补满再亏5%止损 拿48根,0.83,0.98,,8774,10913,0,0.8,0.83,,
5m,BOS→OB+大周期,空,6笔深(3..18) 止盈8% 补满再亏10%止损 拿18根,0.78,0.84,,10449,12952,0,0.74,0.71,,
5m,BOS→OB+大周期,空,6笔深(3..18) 止盈8% 补满再亏10%止损 拿48根,0.84,0.98,,8694,10839,0,0.77,0.82,,
5m,BOS→OB+大周期,空,6笔深(3..18) 止盈8% 补满再亏5%止损 拿18根,0.78,0.84,,10449,12952,0,0.73,0.72,,
5m,BOS→OB+大周期,空,6笔深(3..18) 止盈8% 补满再亏5%止损 拿48根,0.83,0.98,,8694,10839,0,0.79,0.83,,
5m,BOS→OB+大周期,空,原版（结构止损、盈亏比2）,0.85,0.86,,10127,12466,0,0.79,0.8,,
5m,BOS→OB+大周期,多,3笔1:1:1(3/6) 止盈2% 补满再亏10%止损 拿18根,0.85,0.89,,10019,11454,0,0.77,0.74,,
5m,BOS→OB+大周期,多,3笔1:1:1(3/6) 止盈2% 补满再亏10%止损 拿48根,0.94,0.92,,9020,10353,0,0.87,0.84,,
5m,BOS→OB+大周期,多,3笔1:1:1(3/6) 止盈2% 补满再亏5%止损 拿18根,0.85,0.89,,10019,11454,0,0.77,0.73,,
5m,BOS→OB+大周期,多,3笔1:1:1(3/6) 止盈2% 补满再亏5%止损 拿48根,0.94,0.92,,9020,10353,0,0.87,0.83,,
5m,BOS→OB+大周期,多,3笔1:1:1(3/6) 止盈3% 补满再亏10%止损 拿18根,0.87,0.9,,9939,11356,0,0.77,0.74,,
5m,BOS→OB+大周期,多,3笔1:1:1(3/6) 止盈3% 补满再亏10%止损 拿48根,0.95,0.94,,8640,9897,0,0.88,0.85,,
5m,BOS→OB+大周期,多,3笔1:1:1(3/6) 止盈3% 补满再亏5%止损 拿18根,0.87,0.89,,9939,11356,0,0.77,0.74,,
5m,BOS→OB+大周期,多,3笔1:1:1(3/6) 止盈3% 补满再亏5%止损 拿48根,0.94,0.94,,8640,9897,0,0.88,0.84,,
5m,BOS→OB+大周期,多,3笔1:1:1(3/6) 止盈5% 补满再亏10%止损 拿18根,0.86,0.9,,9889,11307,0,0.77,0.74,,
5m,BOS→OB+大周期,多,3笔1:1:1(3/6) 止盈5% 补满再亏10%止损 拿48根,0.92,0.91,,8388,9577,0,0.87,0.86,,
5m,BOS→OB+大周期,多,3笔1:1:1(3/6) 止盈5% 补满再亏5%止损 拿18根,0.86,0.89,,9889,11307,0,0.77,0.74,,
5m,BOS→OB+大周期,多,3笔1:1:1(3/6) 止盈5% 补满再亏5%止损 拿48根,0.92,0.9,,8388,9578,0,0.88,0.84,,
5m,BOS→OB+大周期,多,3笔1:1:1(3/6) 止盈8% 补满再亏10%止损 拿18根,0.86,0.91,,9881,11294,0,0.77,0.74,,
5m,BOS→OB+大周期,多,3笔1:1:1(3/6) 止盈8% 补满再亏10%止损 拿48根,0.92,0.94,,8327,9487,0,0.88,0.86,,
5m,BOS→OB+大周期,多,3笔1:1:1(3/6) 止盈8% 补满再亏5%止损 拿18根,0.86,0.89,,9881,11294,0,0.78,0.74,,
5m,BOS→OB+大周期,多,3笔1:1:1(3/6) 止盈8% 补满再亏5%止损 拿48根,0.92,0.93,,8327,9488,0,0.89,0.85,,
5m,BOS→OB+大周期,多,3笔1:1:2(3/6) 止盈2% 补满再亏10%止损 拿18根,0.86,0.89,,10019,11454,0,0.77,0.74,,
5m,BOS→OB+大周期,多,3笔1:1:2(3/6) 止盈2% 补满再亏10%止损 拿48根,0.95,0.93,,9020,10354,0,0.88,0.85,,
5m,BOS→OB+大周期,多,3笔1:1:2(3/6) 止盈2% 补满再亏5%止损 拿18根,0.86,0.89,,10019,11454,0,0.78,0.74,,
5m,BOS→OB+大周期,多,3笔1:1:2(3/6) 止盈2% 补满再亏5%止损 拿48根,0.94,0.92,,9020,10354,0,0.88,0.84,,
5m,BOS→OB+大周期,多,3笔1:1:2(3/6) 止盈3% 补满再亏10%止损 拿18根,0.88,0.9,,9939,11356,0,0.78,0.75,,
5m,BOS→OB+大周期,多,3笔1:1:2(3/6) 止盈3% 补满再亏10%止损 拿48根,0.96,0.95,,8640,9897,0,0.9,0.86,,
5m,BOS→OB+大周期,多,3笔1:1:2(3/6) 止盈3% 补满再亏5%止损 拿18根,0.88,0.89,,9939,11356,0,0.78,0.75,,
5m,BOS→OB+大周期,多,3笔1:1:2(3/6) 止盈3% 补满再亏5%止损 拿48根,0.96,0.94,,8640,9897,0,0.9,0.85,,
5m,BOS→OB+大周期,多,3笔1:1:2(3/6) 止盈5% 补满再亏10%止损 拿18根,0.87,0.9,,9889,11307,0,0.78,0.75,,
5m,BOS→OB+大周期,多,3笔1:1:2(3/6) 止盈5% 补满再亏10%止损 拿48根,0.94,0.91,,8388,9578,0,0.89,0.87,,
5m,BOS→OB+大周期,多,3笔1:1:2(3/6) 止盈5% 补满再亏5%止损 拿18根,0.87,0.89,,9889,11307,0,0.78,0.75,,
5m,BOS→OB+大周期,多,3笔1:1:2(3/6) 止盈5% 补满再亏5%止损 拿48根,0.93,0.9,,8388,9578,0,0.9,0.86,,
5m,BOS→OB+大周期,多,3笔1:1:2(3/6) 止盈8% 补满再亏10%止损 拿18根,0.87,0.92,,9881,11294,0,0.78,0.75,,
5m,BOS→OB+大周期,多,3笔1:1:2(3/6) 止盈8% 补满再亏10%止损 拿48根,0.93,0.94,,8327,9487,0,0.89,0.87,,
5m,BOS→OB+大周期,多,3笔1:1:2(3/6) 止盈8% 补满再亏5%止损 拿18根,0.86,0.89,,9881,11294,0,0.78,0.75,,
5m,BOS→OB+大周期,多,3笔1:1:2(3/6) 止盈8% 补满再亏5%止损 拿48根,0.92,0.93,,8327,9488,0,0.9,0.85,,
5m,BOS→OB+大周期,多,5笔1:1:2:2:4(2..8) 止盈2% 补满再亏10%止损 拿18根,0.87,0.92,,10021,11454,0,0.78,0.78,,
5m,BOS→OB+大周期,多,5笔1:1:2:2:4(2..8) 止盈2% 补满再亏10%止损 拿48根,0.95,0.93,,9028,10366,0,0.9,0.9,,
5m,BOS→OB+大周期,多,5笔1:1:2:2:4(2..8) 止盈2% 补满再亏5%止损 拿18根,0.88,0.88,,10021,11454,0,0.8,0.77,,
5m,BOS→OB+大周期,多,5笔1:1:2:2:4(2..8) 止盈2% 补满再亏5%止损 拿48根,0.95,0.92,,9028,10366,0,0.93,0.88,,
5m,BOS→OB+大周期,多,5笔1:1:2:2:4(2..8) 止盈3% 补满再亏10%止损 拿18根,0.9,0.94,,9939,11358,0,0.79,0.78,,
5m,BOS→OB+大周期,多,5笔1:1:2:2:4(2..8) 止盈3% 补满再亏10%止损 拿48根,0.97,0.96,,8649,9911,0,0.92,0.91,,
5m,BOS→OB+大周期,多,5笔1:1:2:2:4(2..8) 止盈3% 补满再亏5%止损 拿18根,0.9,0.9,,9939,11358,0,0.81,0.78,,
5m,BOS→OB+大周期,多,5笔1:1:2:2:4(2..8) 止盈3% 补满再亏5%止损 拿48根,0.97,0.94,,8649,9911,0,0.96,0.89,,
5m,BOS→OB+大周期,多,5笔1:1:2:2:4(2..8) 止盈5% 补满再亏10%止损 拿18根,0.9,0.94,,9890,11307,0,0.8,0.79,,
5m,BOS→OB+大周期,多,5笔1:1:2:2:4(2..8) 止盈5% 补满再亏10%止损 拿48根,0.98,0.95,,8391,9582,0,0.93,0.92,,
5m,BOS→OB+大周期,多,5笔1:1:2:2:4(2..8) 止盈5% 补满再亏5%止损 拿18根,0.9,0.9,,9890,11307,0,0.82,0.79,,
5m,BOS→OB+大周期,多,5笔1:1:2:2:4(2..8) 止盈5% 补满再亏5%止损 拿48根,0.97,0.92,,8391,9582,0,0.96,0.89,,
5m,BOS→OB+大周期,多,5笔1:1:2:2:4(2..8) 止盈8% 补满再亏10%止损 拿18根,0.89,0.97,,9881,11294,0,0.8,0.79,,
5m,BOS→OB+大周期,多,5笔1:1:2:2:4(2..8) 止盈8% 补满再亏10%止损 拿48根,0.95,0.97,,8328,9486,0,0.92,0.92,,
5m,BOS→OB+大周期,多,5笔1:1:2:2:4(2..8) 止盈8% 补满再亏5%止损 拿18根,0.89,0.9,,9881,11294,0,0.81,0.78,,
5m,BOS→OB+大周期,多,5笔1:1:2:2:4(2..8) 止盈8% 补满再亏5%止损 拿48根,0.94,0.92,,8328,9486,0,0.95,0.89,,
5m,BOS→OB+大周期,多,5笔等(2..8) 止盈2% 补满再亏10%止损 拿18根,0.86,0.91,,10021,11454,0,0.77,0.75,,
5m,BOS→OB+大周期,多,5笔等(2..8) 止盈2% 补满再亏10%止损 拿48根,0.92,0.93,,9026,10364,0,0.87,0.86,,
5m,BOS→OB+大周期,多,5笔等(2..8) 止盈2% 补满再亏5%止损 拿18根,0.86,0.88,,10021,11454,0,0.78,0.75,,
5m,BOS→OB+大周期,多,5笔等(2..8) 止盈2% 补满再亏5%止损 拿48根,0.92,0.92,,9026,10364,0,0.89,0.85,,
5m,BOS→OB+大周期,多,5笔等(2..8) 止盈3% 补满再亏10%止损 拿18根,0.88,0.91,,9939,11358,0,0.78,0.76,,
5m,BOS→OB+大周期,多,5笔等(2..8) 止盈3% 补满再亏10%止损 拿48根,0.94,0.95,,8649,9910,0,0.89,0.87,,
5m,BOS→OB+大周期,多,5笔等(2..8) 止盈3% 补满再亏5%止损 拿18根,0.88,0.89,,9939,11358,0,0.79,0.75,,
5m,BOS→OB+大周期,多,5笔等(2..8) 止盈3% 补满再亏5%止损 拿48根,0.93,0.93,,8649,9910,0,0.91,0.86,,
5m,BOS→OB+大周期,多,5笔等(2..8) 止盈5% 补满再亏10%止损 拿18根,0.87,0.92,,9890,11307,0,0.78,0.76,,
5m,BOS→OB+大周期,多,5笔等(2..8) 止盈5% 补满再亏10%止损 拿48根,0.93,0.94,,8390,9582,0,0.89,0.87,,
5m,BOS→OB+大周期,多,5笔等(2..8) 止盈5% 补满再亏5%止损 拿18根,0.87,0.89,,9890,11307,0,0.78,0.76,,
5m,BOS→OB+大周期,多,5笔等(2..8) 止盈5% 补满再亏5%止损 拿48根,0.93,0.91,,8390,9582,0,0.91,0.86,,
5m,BOS→OB+大周期,多,5笔等(2..8) 止盈8% 补满再亏10%止损 拿18根,0.88,0.92,,9881,11294,0,0.78,0.76,,
5m,BOS→OB+大周期,多,5笔等(2..8) 止盈8% 补满再亏10%止损 拿48根,0.93,0.95,,8328,9486,0,0.9,0.87,,
5m,BOS→OB+大周期,多,5笔等(2..8) 止盈8% 补满再亏5%止损 拿18根,0.88,0.88,,9881,11294,0,0.79,0.75,,
5m,BOS→OB+大周期,多,5笔等(2..8) 止盈8% 补满再亏5%止损 拿48根,0.93,0.92,,8328,9486,0,0.91,0.86,,
5m,BOS→OB+大周期,多,6笔深(3..18) 止盈2% 补满再亏10%止损 拿18根,0.87,0.95,,10019,11454,0,0.79,0.75,,
5m,BOS→OB+大周期,多,6笔深(3..18) 止盈2% 补满再亏10%止损 拿48根,0.98,0.97,,9020,10354,0,0.9,0.85,,
5m,BOS→OB+大周期,多,6笔深(3..18) 止盈2% 补满再亏5%止损 拿18根,0.87,0.95,,10019,11454,0,0.78,0.75,,
5m,BOS→OB+大周期,多,6笔深(3..18) 止盈2% 补满再亏5%止损 拿48根,0.98,0.97,,9020,10354,0,0.87,0.85,,
5m,BOS→OB+大周期,多,6笔深(3..18) 止盈3% 补满再亏10%止损 拿18根,0.89,0.98,,9939,11356,0,0.8,0.76,,
5m,BOS→OB+大周期,多,6笔深(3..18) 止盈3% 补满再亏10%止损 拿48根,0.99,1.01,,8640,9898,0,0.92,0.87,,
5m,BOS→OB+大周期,多,6笔深(3..18) 止盈3% 补满再亏5%止损 拿18根,0.89,0.97,,9939,11356,0,0.79,0.76,,
5m,BOS→OB+大周期,多,6笔深(3..18) 止盈3% 补满再亏5%止损 拿48根,0.99,1.01,,8640,9898,0,0.89,0.87,,
5m,BOS→OB+大周期,多,6笔深(3..18) 止盈5% 补满再亏10%止损 拿18根,0.88,1.0,,9889,11307,0,0.81,0.76,,
5m,BOS→OB+大周期,多,6笔深(3..18) 止盈5% 补满再亏10%止损 拿48根,0.96,1.0,,8388,9578,0,0.93,0.89,,
5m,BOS→OB+大周期,多,6笔深(3..18) 止盈5% 补满再亏5%止损 拿18根,0.88,0.99,,9889,11307,0,0.8,0.76,,
5m,BOS→OB+大周期,多,6笔深(3..18) 止盈5% 补满再亏5%止损 拿48根,0.96,1.0,,8388,9578,0,0.89,0.89,,
5m,BOS→OB+大周期,多,6笔深(3..18) 止盈8% 补满再亏10%止损 拿18根,0.89,0.99,,9881,11294,0,0.81,0.77,,
5m,BOS→OB+大周期,多,6笔深(3..18) 止盈8% 补满再亏10%止损 拿48根,0.96,1.03,,8327,9487,0,0.93,0.9,,
5m,BOS→OB+大周期,多,6笔深(3..18) 止盈8% 补满再亏5%止损 拿18根,0.89,0.99,,9881,11294,0,0.8,0.76,,
5m,BOS→OB+大周期,多,6笔深(3..18) 止盈8% 补满再亏5%止损 拿48根,0.96,1.03,,8327,9487,0,0.89,0.9,,
5m,BOS→OB+大周期,多,原版（结构止损、盈亏比2）,0.82,0.88,,9536,10855,0,0.81,0.76,,
